seed_1_all,seed_2_all,seed_3_all,seed_4_all,seed_5_all,seed_6_all,seed_7_all,seed_8_all,seed_9_all,seed_10_all,seed_11_all,seed_12_all,seed_13_all,seed_14_all,seed_15_all,seed_16_all,seed_17_all,seed_18_all,seed_19_all,seed_20_all,seed_21_all,seed_22_all,seed_23_all,seed_24_all,seed_25_all,seed_26_all,seed_27_all,seed_28_all,seed_29_all,seed_30_all,seed_31_all,seed_32_all,seed_33_all,seed_34_all,seed_35_all,seed_36_all,seed_37_all,seed_38_all,seed_39_all,seed_40_all,seed_41_all,seed_42_all,seed_43_all,seed_44_all,seed_45_all,seed_46_all,seed_47_all,seed_48_all,seed_49_all,seed_50_all,seed_51_all,seed_52_all,seed_53_all,seed_54_all,seed_55_all,seed_56_all,seed_57_all,seed_58_all,seed_59_all,seed_60_all,seed_61_all,seed_62_all,seed_63_all,seed_64_all,seed_65_all,seed_66_all,seed_67_all,seed_68_all,seed_69_all,seed_70_all,seed_71_all,seed_72_all,seed_73_all,seed_74_all,seed_75_all,seed_76_all,seed_77_all,seed_78_all,seed_79_all,seed_80_all,seed_81_all,seed_82_all,seed_83_all,seed_84_all,seed_85_all,seed_86_all,seed_87_all,seed_88_all,seed_89_all,seed_90_all,seed_91_all,seed_92_all,seed_93_all,seed_94_all,seed_95_all,seed_96_all,seed_97_all,seed_98_all,seed_99_all,seed_100_all
GBP5,GBP5,IFNG,IFNG,GBP5,GBP5,GBP5,GBP5,GBP5,IFNG,GBP5,IFNG,GBP5,GBP5,IFNG,STAT1,GBP5,GBP5,GBP5,GBP5,GBP5,GBP5,GBP5,IFNG,STAT1,GBP5,GBP5,IFNG,IFNG,GBP5,CXCL10,GBP5,GBP5,GBP5,GBP5,IFNG,GBP5,IFI44L,GBP5,GBP5,IFNG,GBP5,IFNG,IFNG,GBP5,GBP5,GBP5,GBP5,BATF2,GBP5,GBP5,GBP5,GBP5,IFI27,GBP5,BATF2,GBP5,GBP5,GBP5,BATF2,GBP5,CXCL10,GBP5,GBP5,IFNG,GBP5,IFNG,GBP5,GBP5,IFI44L,GBP5,GBP5,IFNG,GBP5,GBP5,GBP5,IFNG,GBP5,GBP5,BATF2,GBP5,GBP5,GBP5,IFNG,IFNG,IFNG,IFNG,IFNG,IFNG,GBP5,BATF2,IFNG,BATF2,GBP5,GBP5,GBP5,GBP5,GBP5,IFNG,HLA-DRA
IFITM3,DUSP3,CXCL10,TNF,FCGR1A,DUSP3,FCGR1A,DUSP3,FCGR1A,CXCL10,FCGR1A,CXCL10,HLA-DRA,CXCL10,TNF,GBP5,DUSP3,FCGR1A,DUSP3,FCGR1A,BATF2,BATF2,IFI44L,TNF,CXCL10,GBP1,DUSP3,TNF,CXCL10,GBP1,IFI44L,GBP1,DUSP3,IFNG,DUSP3,STAT1,DUSP3,CXCL10,BATF2,FCGR1A,STAT1,FCGR1A,GBP5,CXCL10,DUSP3,GBP6,DUSP3,FCGR1A,GBP5,IFI27,IFI44L,BATF2,IFNG,GBP5,DUSP3,GBP5,DUSP3,DUSP3,CXCL10,FCGR1A,IFI44L,CXCL9,FCGR1A,GBP1,CXCL10,DUSP3,CXCL10,IFNG,BATF2,GBP5,FCGR1A,FCGR1A,CXCL10,GBP1,GBP1,FCGR1A,CXCL10,DUSP3,CXCL10,GBP5,CXCL10,DUSP3,DUSP3,CXCL10,CXCL10,IL2,CXCL10,CXCL10,STAT1,DUSP3,GBP5,CXCL10,GBP5,FCGR1A,DUSP3,FCGR1A,CXCL10,GBP1,CXCL10,HLA-DRB1
IFI44L,KLF2,CXCL9,IL6,CXCL10,KLF2,IFI44L,KLF2,BATF2,CXCL9,CXCL10,CXCL9,BATF2,IFNG,CXCL10,CXCL10,KLF2,CXCL10,KLF2,BATF2,GBP1,GBP1,FCGR1A,IL1B,CXCL9,GBP2,IFI27,IL6,GBP5,ISG15,IFI27,GBP2,KLF2,CXCL10,KLF2,STAT2,KLF2,GBP1,GBP6,DUSP3,STAT2,DUSP3,CXCL10,GBP5,KLF2,GBP1,KLF2,DUSP3,GBP1,RAB20,ISG15,FCGR1A,FCGR1A,BATF2,KLF2,GBP2,KLF2,KLF2,IFNG,GBP5,FCGR1A,CXCL11,GBP1,GBP2,CXCL9,KLF2,GBP5,CXCL10,DUSP3,FCGR1A,IFITM3,IFI44L,GBP1,IFITM3,FCGR1A,BATF2,IL6,KLF2,CXCL9,GBP1,IFNG,KLF2,KLF2,GBP5,CXCL9,CD3D,CXCL9,CXCL9,CXCL10,KLF2,FCGR1A,GBP5,CXCL10,IFI44L,KLF2,CXCL10,IFIT3,FCGR1A,CXCL9,HLA-DPA1
IFI44,GBP2,STAT1,IL1B,BATF2,FCGR1A,IFIT3,CXCL10,DUSP3,CXCL11,IFNG,GBP5,FCGR1A,GBP1,CXCL9,IFI44L,CXCL10,GBP1,GBP2,STAT1,FCGR1A,CXCL10,SERPING1,IL6,GBP5,GBP4,IFI44L,IL1B,GBP1,CXCL10,GBP5,GBP4,IFI44L,FCGR1A,IFNG,IRF1,STAT1,ISG15,GBP1,BATF2,IRF1,KLF2,CXCL9,FCGR1A,IFI44L,IFNG,IFNG,KLF2,STAT1,BATF2,CXCL10,STAT1,LRG1,CXCL10,IFI44L,FCGR1B,GBP1,CXCL10,GBP1,CXCL10,STAT1,GBP5,IFI27,CXCL10,CXCL11,IFI44L,STAT1,FCGR1A,FCGR1B,IFITM3,IFI44L,IFI44,STAT1,CXCL10,CXCL10,GBP6,TNF,BATF2,DUSP3,GBP4,FCGR1A,BATF2,GBP2,BATF2,GBP5,CD3E,CXCL11,GBP5,ISG15,GBP1,DUSP3,BATF2,CXCL9,CXCL10,BATF2,BATF2,FCGR1A,CXCL10,CXCL11,HLA-DPB1
IFI27,FCGR1B,GBP5,IL12B,ISG15,CXCL10,STAT1,GBP2,KLF2,GBP5,GBP6,FCGR1A,CXCL10,STAT1,GBP5,MX1,CXCL9,IFI44L,FCGR1A,CXCL10,FCGR1B,FCGR1A,IFIT3,CXCL8,GBP1,CXCL10,BATF2,CXCL10,CXCL9,OAS1,FCGR1A,CXCL10,CXCL10,LILRA2,CXCL10,IRF7,IRF1,IFIT1,IFITM3,KLF2,IRF8,CXCL10,GBP1,STAT1,ISG15,CXCL10,CXCL10,CXCL10,IRF7,FCGR1A,CXCL9,CXCL10,CXCL10,IFI44L,FCGR1A,FCGR1A,GBP2,FCGR1A,SIGLEC1,CXCL9,CXCL10,GBP1,CXCL10,CXCL9,GBP5,IFI44,IRF1,STAT1,GBP2,LAMP3,CXCL10,IFIT3,TNF,STAT1,IFI44L,GBP1,IL1B,GBP2,KLF2,STAT1,GBP2,CXCL10,FCGR1B,FCGR1A,GBP1,CD4,TNF,BATF2,GBP5,FCGR1A,KLF2,FCGR1A,FCGR1A,IFI44,FCGR1A,GBP1,GBP1,BATF2,GBP5,HLA-E
IFIT1,SERPING1,GBP1,CXCL10,IFNG,STAT1,DUSP3,GBP1,CXCL10,GBP1,DUSP3,IL1B,CXCL9,FCGR1A,DUSP3,OAS1,STAT1,CXCL9,SERPING1,IFI44L,FCGR3B,STAT1,CXCL10,IL12B,BATF2,CXCL9,CXCL10,CXCL9,IFI44L,MX1,GBP1,CXCL9,IFIT1,IFI44L,CXCL9,ISG15,IFI44L,IFI27,CXCL10,RAB33A,MX1,CXCL9,STAT1,CXCL9,FCGR1A,CXCL9,CXCL9,IFI27,IRF1,STAT1,FCGR1A,LAMP3,ISG15,FCGR1A,FCGR1B,SERPING1,BATF2,GBP6,CXCL9,CXCL11,GBP1,OAS1,DUSP3,CXCL11,GBP1,GBP1,BATF2,GBP1,ANKRD22,BATF2,DUSP3,ISG15,IL6,IRF1,CCL8,CXCL10,CXCL9,FCGR1A,IFNG,STAT2,CXCL9,IFNG,SERPING1,CXCL9,GBP2,CD8A,IL6,DUSP3,CXCL9,STAT1,ARG1,CXCL9,SERPING1,IFIT3,IFI44L,GBP2,DUSP3,SERPING1,GBP1,CCR5
IFIT3,TUBGCP6,ISG15,CXCL9,GBP1,IFIT3,KLF2,IFI44L,CXCL9,GBP2,KLF2,TNF,IFNG,CXCL9,KLF2,ISG15,IFNG,ISG15,IFITM3,GBP1,IFI44L,IFITM3,GBP1,IL18,FCGR1A,CXCL11,OAS1,CXCL11,FCGR1A,STAT1,CXCL9,CXCL11,ISG15,IFI44,CXCL11,MX1,IFI44,OAS3,STAT1,SERPING1,OAS1,STAT1,IFI44L,CCL2,IFI27,BATF2,IFITM3,IFI44L,IFITM3,CXCL10,IFIT3,IFITM3,IFI44L,GBP4,SERPING1,CXCL10,STAT1,GBP2,CXCL11,IFIT3,SIGLEC1,OAS2,KLF2,IFIT3,GBP4,RAB20,CXCL9,CXCL9,CXCL10,CXCL10,KLF2,OAS1,CXCL9,IFI44L,CXCL9,GBP4,CCL2,IFNG,STAT1,IRF1,GBP1,ISG15,TUBGCP6,ISG15,STAT1,CD19,GBP5,KLF2,IL1B,STAT2,PRDM1,STAT1,STAT1,IFIT2,SERPING1,IFI44,KLF2,IFITM3,GBP2,CCR7
OAS1,TRMT2A,CXCL11,CCL2,GBP6,IRF7,BATF2,BATF2,CXCL11,IRF1,ANKRD22,IL6,STAT1,CXCL11,IL6,CXCL9,BATF2,IFIT1,IFI27,CXCL9,CXCL10,ISG15,GBP6,IL15,RAB33A,IFI44,GBP1,CCL2,BATF2,IFIT3,IFIT3,IFIT1,IFIT3,IFIT3,CCL2,OAS1,ISG15,IFIT3,IFI44L,IFITM1,OASL,IRF1,IFIT3,IL6,GBP1,FCGR1A,GBP1,ISG15,IFITM1,GBP1,OAS1,GBP6,MX1,DUSP3,GBP1,CXCL9,FCGR1A,IFI44L,STAT1,IFIT1,IRF7,OAS3,STAT1,IFIT2,STAT1,FCGR1B,OAS1,GBP6,SERPING1,CXCL9,BATF2,RSAD2,ISG15,ISG15,IFIT1,CXCL9,CCL3,CXCL10,ISG15,IRF7,IFITM1,FCGR1A,TRMT2A,STAT1,ISG15,LAG3,BATF2,FCGR1A,TNF,STAT3,GBP6,IFIT3,ISG15,MX1,STAT1,ISG15,BATF2,IFIT2,GBP4,CXCL10
OAS2,SDR39U1,SOCS3,CCL3,USP18,OAS1,ANKRD22,HLA-DRA,IFIT3,IRF7,BATF2,CXCL11,IRF1,CCL2,IL1B,IL6,RAB20,IFIT3,TRMT2A,OAS1,STAT1,IRF7,ID3,IL23A,IRF7,IFI44L,MX1,CXCL8,IL6,CXCL9,SIGLEC1,IFIT2,OAS1,OAS1,IL6,OAS2,IFI27,MX1,IFI44,CXCL10,ISG15,GBP6,ISG15,IL1B,IFIT1,FCGR1B,FCGR1A,IFIT3,IFITM2,IFIT3,STAT1,CXCL9,LCN2,KLF2,GBP4,CCL2,FCGR1B,IFI27,IRF1,ISG15,IFITM3,IFIT1,IRF7,IFIT1,STAT2,SERPING1,ISG15,IFNGR1,LRG1,IFNG,LTF,STAT1,OAS1,CXCL9,IFI44,IFNG,CCL4,ISG15,IL6,CXCL10,DUSP3,FCGR1B,SDR39U1,OAS1,IFI44L,PDCD1,FCGR1A,STAT1,IL6,CXCL10,TMCC1,ISG15,IFI44L,ISG15,CXCL10,IFITM3,RAB33A,IFIT3,IFIT3,CXCL9
OAS3,IFIT1,OAS1,CCL4,STAT1,IL6,HLA-DRA,CXCL9,IFIT2,STAT1,STAT1,CCL2,IL1B,IRF1,CCL2,TNF,SERPING1,OAS1,BATF2,IFITM3,SERPING1,CXCL9,STAT1,IL27,ISG15,IFIT1,ISG15,IL10,TNF,IFIT1,OAS1,IFIT3,CXCL9,SERPING1,IL1B,OAS3,GBP1,STAT1,IFIT1,IFI44L,GBP5,ISG15,OAS1,GBP1,LTF,STAT1,ISG15,IRF7,IFI44L,OAS1,IRF1,IRF7,IDO1,ISG15,GBP2,IFNG,LRRN3,ISG15,ISG15,IFI44L,OAS1,IFIT3,IFIT3,IFIT5,STAT3,STAT1,SOCS3,IL1B,GBP1,ISG15,SIGLEC1,IRF7,IRF1,OAS1,OAS1,STAT1,CCL5,OAS1,OAS1,CXCL9,KLF2,LILRA2,GBP1,IFITM3,IFI44,CTLA4,GBP1,STAT2,IRF1,CXCL9,C1QB,GBP1,OAS1,OAS1,CXCL9,IFI27,FCGR1B,LAMP3,IFIT2,CXCL11
OASL,IFIT2,IFIT3,CCL5,STAT2,IL1B,CXCL10,FCGR1B,IFIT1,ISG15,IFI44L,CCL8,IL6,IFI44L,FCGR1A,CCL2,ISG15,OASL,ANKRD22,ISG15,IFITM3,GBP2,ISG15,IL7R,IFITM3,IFIT2,KLF2,STAT1,S100A8,IFIT2,CCL8,IFITM1,MX1,STAT1,TNF,IFI44,GBP2,IRF7,IFIT3,OAS1,GBP1,IL6,OASL,SOCS3,S100A8,IFITM3,OAS1,STAT1,IFI44,IFI44L,GBP1,ISG15,STAT1,STAT1,IFI27,IL1B,IFIT3,IFITM3,MX1,IFI44,GBP6,IFIT2,GBP4,IFI44,STAT4,BATF2,IL1B,TNF,IFI27,IFIT1,GBP1,IFITM3,IL1B,OAS3,STAT1,IFITM3,IFIT1,IFI44L,IFIT1,CXCL11,SERPING1,OAS1,BATF2,GBP1,IFIT1,PTPRC,ISG15,IRF7,STAT3,CXCL11,ZNF296,GBP2,MX1,OAS3,IFI27,IFIT1,IFI44L,HLA-DRA,IFIT1,IFNG
ISG15,IFIT3,MX1,IL10,IRF7,TNF,CXCL9,SERPING1,OAS1,OAS1,ISG15,IRF1,TNF,SIGLEC1,FCGR1B,IFNG,FCGR1A,EPSTI1,BCL2,DUSP3,CXCL9,IFIT1,IFI27,CXCL9,IFIT1,IFIT3,GBP4,STAT3,S100A9,STAT2,IFITM3,IFITM2,IFI44,GBP1,STAT1,IFI44L,CXCL10,LCN2,OAS1,IFI27,CXCL10,TNF,SOCS3,TNF,S100A9,IFIT3,RAB33A,CXCL9,IFI27,EPSTI1,IFIT1,OAS1,TNF,STAT2,IFITM3,IL6,IFITM3,STAT1,OAS1,GBP1,IFIT3,IFIT5,CXCL9,IFI44L,JAK2,NOD2,TNF,IL6,IFI44L,IFIT3,STAT1,CXCL10,IL10,IFIT1,SOCS3,OAS1,IFIT2,CXCL9,CXCL11,IFIT1,ISG15,GBP1,ADM,GBP2,IFIT3,ZAP70,IFIT3,IRF1,IFIT3,IFI27,FCGR1B,CXCL11,IFIT3,STAT1,GBP6,IFIT3,IFI44,S100A8,ISG15,IL1B
MX1,IFIT5,IRF1,IL1RN,IRF9,CXCL9,CCL2,STAT1,OAS2,OAS3,GBP1,STAT1,SERPING1,BATF2,CLEC4E,SOCS3,IFI44L,BATF2,CTSZ,LRRN3,ISG15,OAS1,IFI44,CXCL10,OAS1,IFITM1,IFIT3,STAT4,S100A12,IRF1,IFIT1,IFITM3,OAS3,LRRK2,IRF1,IFI6,CXCL9,CXCL9,OASL,STAT1,CXCL9,IL1B,IRF1,OAS1,CXCL10,IFI44L,STAT1,IL1B,ISG15,SERPING1,IFI44,HLA-DRA,IL1B,IFI44,CXCL10,ISG15,IFI44L,CXCL9,OAS3,GBP2,CXCL9,ISG15,FCGR1B,ISG15,IRF1,LRRK2,IL6,SERPING1,ISG15,OAS1,IFI27,CXCL9,CCL2,IFIT3,LAMP3,OAS3,IFIT3,FCGR1B,CCL2,IFIT2,OASL,CXCL9,CD274,CXCL11,OAS1,LCK,IFIT2,SOCS3,IFI44L,IFI44,SERPING1,FCGR1B,IRF7,GBP1,GBP1,STAT1,OAS1,S100A9,OAS1,IL6
MX2,IFI6,IRF7,IL18,IFI44L,MMP9,IL1B,IFIT3,OAS3,IFIT1,OAS1,ISG15,LTF,LRRK2,TLR2,IRF1,IFI44,DUSP3,GBP1,KLF2,OAS1,IFIT3,IFIT1,CXCL11,SOCS3,IFITM2,IFIT1,IFIT1,IL1B,IRF7,IFI44,STAT1,OAS2,CXCL9,SOCS3,IFI27,TNF,FCGR1A,ISG15,IRF7,CXCL11,CXCL11,BATF2,OAS2,CXCL9,IRF1,IRF7,TNF,OAS1,IL6,OASL,GBP1,IL6,IFIT1,CCL2,IFI44L,IFI44,OAS1,IFIT3,IRF7,IFI27,MX1,IFI44L,OAS1,IRF7,TLR2,CXCL11,CXCL11,CXCL9,RSAD2,CXCL9,CXCL8,IFIT1,MX1,LCN2,OAS2,IFITM1,SERPING1,S100A8,IFIT3,IFI44L,STAT1,IFI44L,IRF1,OAS3,ITGAL,IFIT1,IL1B,OAS3,IFI44L,STAT1,OAS1,IL6,TAP1,GBP4,IRF7,OASL,IL1B,OAS2,IL12B
RSAD2,IFI27,STAT2,IL23A,IFI44,GBP1,TNF,ISG15,ISG15,IFIT2,CXCL9,OAS1,AIM2,MX1,TLR4,IFIT3,OAS1,KLF2,GBP6,IFIT1,OAS2,MX1,CXCL9,CCL2,IL6,IFITM3,IFI44,IFIT3,CCL2,IRF9,ISG15,IRF1,GBP1,CCL8,SOCS1,IFIT1,IL6,SIGLEC1,MX1,SIGLEC1,CCL2,CCL2,CXCL11,OAS3,STAT1,IL1B,IL1B,IL6,OAS2,IL1B,RSAD2,IFI44,CCL2,IFIT3,LTF,OAS3,OAS3,IL1B,IFIT2,STAT1,RSAD2,MX2,SERPING1,OAS2,ISG15,TLR4,CCL2,TAP1,STAT1,SP110,ISG15,IL6,IL12B,TAP1,S100A8,IFI44L,ISG15,C1QB,S100A9,IFIT5,IFI27,IRF7,IFIT1,IFIT1,MX1,ITGAM,OAS1,IL6,CXCL11,IFIT1,ANKRD22,OASL,CCL2,CXCL9,IDO1,OASL,CXCL9,TNF,OAS3,IL10
SIGLEC1,IFI44,IRF9,TLR2,IFIT3,SOCS3,IFNG,CXCL11,STAT1,IFIT3,FCGR1B,IFIT1,CXCL11,ISG15,STAT1,IL1B,OAS3,STAT1,ID3,OASL,OAS3,IRF1,CXCL11,CCL3,IL1B,ISG15,CXCL9,IFIT2,SOCS3,OAS2,SERPING1,IRF7,TNF,CCL2,OAS1,IFIT2,IL1B,RGS1,RSAD2,LILRB1,CCL5,CCL8,SIGLEC1,IRF1,IL6,TNF,TNF,S100A8,OAS3,TNFSF10,MX1,MX1,CXCL8,OAS1,CXCL8,IRF1,OAS1,TNF,TNF,STAT2,SOCS3,RSAD2,TAP1,OAS3,IFI44,IL1B,MMP9,SOCS3,TAP1,FCGR1B,FCGR2A,IL1B,MX1,HLA-DRA,S100A9,ISG15,RSAD2,RAB20,IRF7,IFITM3,MX1,IFITM3,IFIT3,IFIT3,HLA-DRA,CCR7,OAS3,IL10,CCL2,IFIT2,APOL1,IFI44L,LCN2,IFIT1,IRF7,CXCL9,ISG15,STAT1,IFI44,SOCS1
LAMP3,IFI44L,IFIT1,TLR4,IFIT1,CCL2,MMP9,IFI27,IRF1,IFI44,GBP2,IFIT3,CCL19,OAS1,STAT3,S100A8,MX1,IRF7,LILRA6,IRF7,MX1,SIGLEC1,OAS1,CCL4,TNF,OAS1,GBP2,MX1,STAT1,GBP4,BATF2,MX1,IL6,ISG15,IFI44L,IFIT3,NFKBIA,HLA-DRA,IRF7,CXCL9,IL1B,OAS1,GBP6,IRF8,IL1B,CXCL11,CXCL11,S100A9,OASL,CXCL9,IFITM3,IFI44L,CXCL9,OASL,IL6,STAT1,OASL,IDO1,IL1B,STAT3,IL1B,IFI27,OASL,MX1,IFI44L,CXCL8,HIF1A,IRF1,HLA-DRA,MX1,TAP1,TNF,IRF7,HLA-DRB1,CCL2,SERPING1,OAS1,RSAD2,IRF1,IFITM1,STAT1,IFI44L,IFIT2,MX1,HLA-DRB1,MS4A1,OAS2,TNF,NLRP3,IFIT3,ETV7,IFIT2,CXCL11,SIGLEC1,OAS1,CXCL11,GBP2,CXCL9,IFI44L,STAT2
BATF2,IFITM1,IFIT2,TLR1,IFIT2,S100A9,OAS1,OAS1,IRF7,IFI44L,TAP1,S100A8,HLA-DRB1,HLA-DRA,MMP1,S100A9,IRF7,MX1,SCARF1,CCL2,IFIT1,IDO1,OAS3,CCL5,CCL2,OAS2,MX2,MX2,IRF1,IFI27,KLF2,MX2,IL1B,IRF1,IFI27,RSAD2,RELA,LRRK2,IRF9,CXCL11,IL6,OASL,RAB20,SERPING1,MMP9,SERPING1,IL12B,MMP9,MX1,CXCL11,SIGLEC1,SERPING1,SOCS3,MX1,TNF,DUSP3,ISG15,ACOD1,NFKB1,IL6,NLRP3,IFI44,MX1,MX2,IFIT1,CXCL10,S100A8,IRF9,IFIT3,OAS3,TAP2,S100A8,CCL3,LCN2,FCGR1B,IRF7,OASL,CXCL11,SOCS3,IFITM2,IRF1,IFIT1,OAS1,OASL,FCGR1A,HLA-DRA,IRF7,OAS1,SERPINE1,ISG15,GBP1,IFI27,IDO1,IRF7,IFIT1,MX1,GBP4,CXCL13,IFI6,IRF7
CXCL10,IFITM2,IFI44L,CLEC7A,IFI27,ICAM1,ISG15,RSAD2,MX1,TAP1,CCL2,S100A9,HLA-DPB1,TAP1,MMP9,PTGS2,SOCS3,IFI27,TIGIT,TNF,IFIT3,GBP4,OAS2,CCL7,S100A8,OAS3,RSAD2,OAS1,IRF8,RSAD2,DUSP3,OAS1,IFNG,BATF2,IFIT3,GBP1,OAS1,OAS1,SIGLEC1,ISG15,TNF,IFIT1,LAG3,CCR7,HIF1A,PSMB8,CCL2,OAS1,MX2,CCL2,TAP1,IFI27,TLR2,GBP1,IFNG,KLF2,MX1,SERPING1,TNFAIP3,CRP,TNF,IFI44L,SOCS3,RSAD2,IFIT2,CXCL9,S100A9,IFITM3,OAS1,STAT1,OAS1,MMP9,S100A8,S100A8,IFIT3,IRF8,MX1,GBP4,TNF,IFI44L,TLR2,IFIT3,ISG15,GBP4,TAP1,HLA-DPB1,STAT1,OASL,VEGFA,OAS1,GBP2,AIM2,TNF,IFI27,IFIT3,SOCS3,DUSP1,OAS1,IFI27,OAS1
CXCL9,IFITM3,OAS3,NOD2,MX1,GBP4,SAA1,IRF7,USP18,NLRC5,IL1B,S100A12,SIGLEC1,TNF,MMP12,HIF1A,IL6,HERC5,CXCL10,IL1B,TNFAIP6,FCGR1B,MX1,CCL8,S100A9,MX1,STAT1,OAS2,TLR2,CXCL11,STAT1,OAS2,CCL2,TNF,IFITM1,GBP5,IFIT3,GBP5,USP18,MX1,IL12B,IFIT3,PDCD1,TAP1,SERPINE1,ISG15,CXCL13,IFI44,CXCL10,CCL8,HLA-DRA,C1QC,TLR4,IFITM3,STAT1,ATF3,CXCL10,CCL19,IL6,SAA1,IL6,SIGLEC1,SIGLEC1,HERC5,IFIT3,CXCL11,SERPINE1,ISG15,MX1,STAT2,OAS3,VEGFA,NFKB1,S100A9,IFITM3,IL1B,STAT1,IFI27,HLA-DRA,IFI44,IL1B,RSAD2,CXCL10,IFI44L,PSMB9,CRP,IRF1,CMPK2,HIF1A,OAS2,GBP4,IRF1,IFNG,RSAD2,ISG15,IFI44L,SOCS3,NLRP3,IRF1,OAS3
CXCL11,ISG15,IL6,IFIH1,MX2,IFIT1,CRP,IFIT1,IL1B,PSMB9,TNF,LTF,OAS1,IL1B,ISG15,MMP9,IL6R,RSAD2,CXCL9,IL6,ARG1,IFITM1,TAP1,CXCL13,MMP9,STAT1,TAP2,OAS3,TLR4,IFI44L,GBP2,OAS3,STAT1,IL6,GBP1,CXCL10,IFITM3,GBP4,LILRB1,PSMB8,IL23A,GBP1,TLR2,LCN2,IFIT2,OAS1,IFI44L,IFIT1,CXCL9,CCL4,HLA-DRB1,FCGR1B,NLRP3,CXCL9,ISG15,TUBGCP6,CXCL9,IFIT1,IL8,SAA2,S100A8,LAMP3,IL6,USP18,OAS1,IRF7,VEGFA,LTF,CXCL11,IL1B,IFIT3,HIF1A,OAS3,FCGR1A,IL1B,IL6,IRF1,MX1,MMP9,IFI35,TNF,IL1B,CXCL9,IFIT2,PSMB8,SAA1,SERPINE1,GBP1,MMP9,OAS3,45904,SOCS3,S100A8,BST2,HLA-DRA,OAS1,IL1B,ISG15,IRF7,ISG15
FCGR1A,MX1,IL1B,DDX58,OAS1,IFI44,IRF7,IFIT2,IL6,HLA-B,IL6,DEFA1,OASL,IL6,MX1,MMP1,IL1B,IFI44,CXCL11,S100A9,IL1B,IFI44L,SIGLEC1,STAT1,VEGFA,IRF1,ANKRD22,IFI44,NOD2,IFI44,GBP4,OASL,STAT2,IL1B,BATF2,CXCL9,MX1,IFIT2,SOCS1,TAP1,S100A8,GBP2,TLR8,CXCL11,IFIT3,OAS2,IFI6,MX1,CXCL11,CXCL13,CD274,IDO1,SERPINE1,CCL2,OASL,TRMT2A,CXCL11,IFIT3,CCL2,TNF,S100A9,TAP1,IL1B,STAT1,OAS2,OAS1,ICAM1,SLAMF8,FCGR1A,IL6,CIITA,S100A9,STAT2,PTGS2,TNF,TNF,SAA1,OAS3,MMP1,ISG15,IL6,CCL2,STAT1,RSAD2,CCL2,SAA2,VEGFA,GBP2,PDK1,OASL,TRAFD1,SERPING1,S100A9,IFITM3,HLA-DRB1,OAS3,CCL8,MX1,STAT1,MX1
FCGR1B,MX2,TNF,TLR9,OAS2,FCGR1B,OASL,OAS3,TNF,HLA-DRA,IL10,CAMP,IFIT3,MMP9,IFIT1,MMP12,TNF,OAS3,IFNG,S100A8,TNF,IFI27,IRF7,STAT3,SERPINE1,IRF7,C1QB,IFI44L,IL12B,BST2,GBP6,ISG15,IRF7,TLR2,FCGR1A,CXCL11,MX2,RSAD2,GBP2,HLA-DRA,S100A9,HLA-DRA,NLRP3,MX1,OAS1,OAS3,SIGLEC1,MX2,CCL2,LCN2,IRF7,CXCL11,F3,IL6,RSAD2,SDR39U1,CCL2,MX1,CCL5,IL1B,LCN2,TAP2,TNF,STAT2,OAS3,OAS2,NOD2,CCL4,OAS3,TNF,HLA-DRA,MMP1,IFIT3,IL1B,IDO1,IL10,CRP,IFIT3,VEGFA,OAS1,CXCL11,CXCL13,FCGR1A,IRF7,TNF,ORM1,MMP9,GBP4,F3,RSAD2,TAP1,RSAD2,S100A12,HERC5,ICAM1,XAF1,CXCL11,IFIT1,STAT2,MX2
FCGR1C,OAS1,PTGS2,MYD88,OAS3,OAS3,RSAD2,OAS2,PTGS2,CD274,IDO1,MMP9,ISG15,VEGFA,IFIT3,VEGFA,CXCL13,MX2,STAT1,S100A12,IL6,IFI6,IRF8,STAT4,HIF1A,SOCS3,C1QC,GBP1,IL27,USP18,IFIT2,IFI44,IRF1,NOD2,FCGR1B,CCL2,STAT2,IRF9,CXCL11,HLA-DPB1,S100A12,TAP1,IL1B,IFIT2,OAS2,MX1,BATF,RSAD2,CXCL13,S100A8,SOCS1,SOCS3,NOS2,TNF,MX1,CXCL11,CCL4,IRF7,CXCL1,CCL2,SERPINE1,HLA-DRA,CCL2,IRF7,OASL,MX1,TLR2,CCL8,IFIT2,SERPING1,HLA-DRB1,CXCL13,TAP1,TNF,SERPINA3,IL12B,HP,IFIT1,RAB33A,OAS2,CCL4,TREM1,IRF7,SOCS3,IL6,LCN2,HIF1A,CXCL11,S100A8,SIGLEC1,TAPBP,SIGLEC1,HIF1A,CCL2,CCL2,FCGR1B,IL6,IFI44L,MX1,IFIT1
GBP1,OAS2,NFKB1,IRF1,OASL,IRF1,GBP1,IRF9,SAA1,PDCD1LG2,PFKFB3,MMP1,MX1,SERPING1,OAS1,ICAM1,CCL8,GBP4,TNF,LCN2,NLRP3,RSAD2,LAMP3,STAT5A,ACOD1,FCGR1A,FCGR1A,GBP2,JAK2,SP110,RSAD2,IFI44L,JAK1,AIM2,HLA-DRA,CCL3,JAK2,TRAFD1,TRIM22,SOCS3,PTGS2,CD274,IL6,IFIT3,OAS3,MX2,SOCS3,OAS3,CXCL16,S100A9,SOCS3,IL1B,VEGFA,IL1B,MX2,CCL8,CCL3,OAS3,S100A8,CCL5,MMP9,STAT1,CCL4,IRF1,MX1,ISG15,TLR4,OAS1,IFIT1,MMP9,IRF7,CCR5,CXCL11,IL6,CXCL11,CXCL11,SERPINA1,OAS2,SERPINE1,OAS3,CCL2,S100A8,SOCS3,OAS2,IL1B,S100A8,S100A8,CXCL13,S100A9,TAP1,LTF,IFI44,VEGFA,PSMB9,CCL4,RAB20,CCL2,IFI44,MX2,IFI44
GBP2,OAS3,NFKBIA,IRF3,RSAD2,MX1,CXCL11,GBP4,SAA2,LAG3,HK2,VEGFA,GBP1,SAA1,OAS2,EDN1,CCL2,SOCS3,IL12B,CRP,IL1RN,CXCL11,LRRN3,IRF1,HK2,FCGR1B,FCGR1B,GBP5,OAS1,EPSTI1,IFI6,IFI27,JAK2,ACOD1,HLA-DRB1,CCL4,IRF7,CCL2,CXCR3,TNF,NLRP3,CIITA,CCL2,ISG15,OASL,RSAD2,IL6,GBP2,SIGLEC1,P2RY14,JAK2,IL6,HIF1A,HIF1A,TLR2,CCL7,SERPING1,GBP1,S100A9,CXCL13,VEGFA,IL6,CXCL11,BATF2,MX2,RSAD2,CLEC7A,OAS3,RSAD2,CXCL11,IRF1,ICAM1,IL18,CCL2,CXCL13,CCL2,LTF,STAT1,F3,MX1,IL18,S100A9,TNF,MX2,IDO1,S100A9,S100A9,CCL2,NOS2,TAP2,GZMA,IRF9,MMP9,PSMB8,IL1B,HERC5,CCL3,OASL,HLA-DRA,IFI44L
GBP4,OASL,RELA,IRF7,SIGLEC1,TRIM22,IFIT1,GBP3,CRP,CTLA4,LDHA,ICAM1,GBP2,SAA2,OAS3,FN1,IL1RN,CXCL11,IL1B,MPO,CCL2,IFIT2,BATF,IRF5,LDHA,FCGR1C,LILRA2,GBP4,OASL,SOCS3,MX1,IFI35,SOCS3,IDO1,NLRP3,CCL5,CXCL8,CXCL11,IFIT2,IL1B,SOCS3,CD74,CCL7,CCL3,RSAD2,IFI16,NLRP3,GBP4,USP18,PTGS2,CXCL11,TNF,MMP9,VEGFA,TLR4,CXCL13,HLA-DRA,STAT2,PTGS2,CXCL8,SERPINA1,IL1B,IL10,FCGR1A,RSAD2,IFIT1,CD14,DDX58,HERC5,CCR7,SOCS3,F3,IL23A,CCL5,GBP2,CCL8,MMP9,IRF1,VWF,RSAD2,CASP1,CXCL8,IL6,IFI27,ARG1,S100A12,S100A12,CCL5,TLR2,IRF1,IFIT3,USP18,ARG1,IDO1,TNF,SAMD9L,CCL4,GBP2,HLA-DRB1,IFI27
GBP6,IRF7,S100A8,STAT1,ANKRD22,IFI44L,OAS2,CXCL13,SERPINA1,PDCD1,SLC2A1,VCAM1,GBP4,CRP,SOCS3,COL1A1,IL18,CCL2,IL6,ELANE,CCL3,OAS3,C1QB,IRF7,PDK4,S100A8,TGFBI,IRF1,ISG15,CXCL13,MX2,IFI6,SOCS1,VEGFA,MMP9,CCL7,CCL2,TNFSF10,IRF1,S100A8,CEBPB,B2M,IFIT1,CCL4,LY6E,IFIT1,PTGS2,IFITM3,RSAD2,MMP9,CCL2,CCL2,MMP1,MMP9,TLR9,TNFSF10,HLA-DRB1,CXCL11,MMP9,OAS1,ACOD1,IL1RN,IFNG,FCGR1B,DDX58,IFIT2,LCN2,XAF1,PSMB9,CCL19,IL1B,SERPINE1,SOCS3,SOCS3,CXCL3,CCL4,MMP8,IRF7,FGA,SOCS3,NLRP3,CCR2,IL1B,ISG20,MMP1,HP,CRP,CCR1,TLR4,IRF7,IFI44L,JAK2,CXCR3,CXCL11,IL6,PARP9,CXCL8,PARP9,HLA-DPA1,IFI6
SP110,IRF9,S100A9,STAT3,SERPING1,CXCL11,MX1,HLA-DRB1,SERPINA3,TIGIT,HIF1A,TLR2,IRF7,S100A8,IRF1,PDK1,MMP9,TNF,IRF1,DEFA4,CCL4,OAS2,C1QC,IRF8,FGA,S100A9,ETV7,IRF8,MX1,IL1B,OAS3,TRIM22,CXCL11,MMP9,MMP1,CCL8,CCL5,SOCS3,IFI27,S100A9,CEBPD,S100A9,IFIT2,SIGLEC1,GBP2,IFI44,TLR2,IFITM1,FCGR1A,MMP1,CXCL13,CCL4,ICAM1,SERPINE1,CD14,TNFRSF10C,CD74,CCL8,VEGFA,OASL,IDO1,IL10,IL12B,SERPING1,TLR2,IFIT3,SLC2A1,ANKRD22,IL1B,CXCR3,IL6,IL12B,PTGS2,CXCL11,RSAD2,CCL5,PTGS2,JAK1,IFIT3,SOCS1,AIM2,CXCL11,CCL2,USP18,MMP9,HPX,SAA1,CCR2,NOD2,IRF8,IFI44,STAT2,CCR7,IL1B,MMP9,CIITA,TNF,IRF7,HLA-DPB1,RSAD2
SP100,STAT1,S100A12,STAT4,KLF2,CXCL1,SOCS3,IL1B,NLRP3,CXCL13,ACOD1,TLR4,IRF8,S100A9,IRF7,LDHA,VEGFA,IL1B,FCGR1B,SERPING1,CXCL11,MX2,CXCL8,SOCS1,VWF,S100A12,MMP9,CASP1,IFIT1,IL6,OASL,TRIM25,CCR2,MMP1,MMP8,CXCL13,MMP9,IL1B,IFI6,NLRP3,CRP,S100A8,IFI27,PTPRC,CMPK2,CMPK2,TLR4,IRF1,FCGR1B,VEGFA,CXCL8,CCL8,VCAM1,F3,CD40,TNFAIP3,IRF7,ISG20,SERPINE1,EPSTI1,ARG1,TNF,MMP1,SIGLEC1,TLR4,IFITM1,LDHA,IDO1,SOCS3,TLR2,TNF,IFNG,IL17A,IDO1,IFITM1,CCL3,NLRP3,TYK2,IFIT2,TLR2,NOD2,IL6,CCL8,TRIM22,VEGFA,SERPINA1,SAA2,CXCR4,IL12B,TNF,CXCL10,NOD2,OASL,TNF,VEGFA,HLA-DRA,STAT1,SOCS1,CD74,IRF9
IRF7,STAT2,CCR2,STAT5A,TLR2,S100A8,FCGR1B,TNF,SOCS3,CCR1,ARG1,NOD2,CXCR3,P2RY14,IL10,HK2,HIF1A,IL6,IFI16,VEGFA,GBP2,LAMP3,IL1B,SOCS3,SLC2A1,IL1B,LAG3,NLRC4,IFIT3,TNF,TRIM22,BATF2,CXCR3,HIF1A,TIMP1,CXCL1,VEGFA,IL6,OAS2,MMP9,SERPINA1,LCN2,IFI44,IDO1,DDX60,LILRB1,SERPING1,IRF8,SERPING1,ANGPT2,CCL4,CXCL2,S100A8,S100A9,ICAM1,NFKBIA,IRF1,IFITM1,MMP1,DUSP3,CXCR4,IFNG,MMP9,IFITM3,TLR8,IFITM3,ARG1,MMP9,TNF,TLR4,CXCL11,CCL2,OAS2,ARG1,ETV7,NLRP3,IL12B,STAT2,MX1,TLR4,HIF1A,SOCS3,NLRP3,IL6,S100A8,TNF,CXCL8,SAA1,IL10,IL1B,CXCL9,TLR8,GBP1,NLRP3,NLRP3,HLA-DRB1,IRF7,GBP4,TAP1,JAK1
STAT1,CXCL10,CCL2,STAT2,TLR4,NOD2,CXCR3,IL12B,JAK1,CCR7,SERPING1,PYCARD,CCR5,IFITM3,CD274,SLC2A1,S100A9,IL12B,IFIT3,MMP9,ETV7,SERPING1,TNF,JAK1,CD14,IL6,IL7R,NLRP3,RSAD2,CCL2,LY6E,FCGR1A,CCR5,PFKFB3,VEGFA,CXCL2,MMP1,TNF,OAS3,MMP1,JAK1,MMP9,MX1,BATF2,HERC5,LILRA2,IDO1,TLR2,NCF2,ICAM1,CCL5,CXCL3,S100A9,S100A8,VCAM1,PTGS2,TAP1,IFITM2,PDGFB,SERPING1,CCL2,CCL2,VEGFA,IFITM1,NOD2,SOCS3,FGA,MMP1,CCL2,NOD2,CXCL13,CCL4,IFIT2,HLA-A,TRIM22,CASP1,IL10,IFIT5,OAS3,TLR8,VEGFA,STAT3,S100A8,IL1B,S100A9,IL1B,CCL2,SAA2,OAS1,IL6,IL1B,TLR2,GBP2,PTGS2,S100A8,TAP1,IRF1,STAT2,B2M,JAK2
STAT2,CXCL9,CXCL13,JAK1,TLR5,TLR2,CXCL13,IL6,JAK2,CD38,CXCL11,CASP1,CCR2,TLR2,PDCD1LG2,CPT1A,S100A8,IFNG,IFI44,ICAM1,USP18,HLA-DRA,IL6,JAK2,TLR2,TNF,RGL4,PYCARD,IFI27,CCL5,EPSTI1,FCGR1B,TLR4,LDHA,ICAM1,CXCL3,CXCL11,CCL3,DDX58,PTGS2,JAK2,SERPINE1,MX2,GZMB,PARP9,HLA-DRA,RSAD2,TLR4,GBP2,VCAM1,IL1B,CXCL5,P2RX7,LCN2,PECAM1,MMP9,SOCS3,IFI44,PDGFRB,RAB33A,CCL3,CCL3,SELE,IFITM2,TRAF3,CCR7,VWF,MMP3,CCL8,IRF7,CCL2,CXCR3,GBP5,HLA-B,BATF2,PYCARD,IL18,IFI35,OAS2,NOD2,MMP9,IL10,S100A9,TNF,LCN2,IL6,CCL4,CRP,MX1,CXCL8,IRF1,TNF,IFIT1,IL6,S100A9,ISG20,STAT3,JAK1,CIITA,TYK2
IRF9,GBP1,TLR4,JAK2,CLEC7A,LYZ,CCR2,CCL2,TYK2,CD27,ETV7,ACOD1,NOD2,TLR4,IDO1,PPARA,LCN2,CCL5,IFI44L,PECAM1,SOCS3,CD74,CCL2,TYK2,TLR4,LTA,OSM,TNFAIP3,IRF7,CXCL8,IRF7,TNFSF10,TLR2,SLC2A1,VCAM1,CXCL5,ICAM1,CCL4,DDX60,VEGFA,TYK2,HIF1A,RSAD2,PRF1,STAT2,HLA-DRB1,LY6E,TLR1,TAP1,PECAM1,IL6,NFKBIA,PRF1,S100A12,VEGFA,MMP1,IDO1,RSAD2,FN1,ANKRD22,CCL4,CCL4,PDGFB,PLSCR1,TRAF6,RELB,FCGR1A,CCR7,S100A12,IRF1,CCL3,PPARG,GBP2,HLA-C,IRF7,PTGS2,CSF2,HERC5,IFI27,CLEC4E,SERPINE1,MMP9,S100A12,CCL2,F3,IL1RN,IL1B,LCN2,RSAD2,IL10,IRF8,IL6,IFIT2,IRAK3,S100A12,NLRP3,PTPRC,FCGR1B,LAMP3,STAT4
IRF1,GBP4,TLR2,SOCS1,MARCO,VCAM1,IL6,CCL8,STAT3,ICOS,APOL1,HK2,NLRC5,CCL4,SERPINE1,GPI,CXCL11,CCL8,ISG15,HIF1A,P2RY14,C1QB,CCR2,MYD88,NLRP3,IL10,TIMP2,SOCS1,STAT2,IFNG,IRF1,SLFN11,NOD2,SERPINE1,IL17A,CCL19,VCAM1,S100A8,DHX58,SELP,NFIL3,VEGFA,IRF8,LAG3,IFI35,HLA-DPB1,MX1,NOD2,HLA-DRA,NOS2,TNF,TRAF1,GZMB,SOCS3,ANGPT2,VEGFA,NLRP3,SIGLEC1,THBS1,KLF2,TLR2,CCL5,PDGFRB,IL6,IL1B,CD40,IL10,ITGAX,S100A8,IRF8,CXCL8,HMOX1,MX2,B2M,IRF1,TLR2,CSF3,CMPK2,RSAD2,HLA-DRA,F3,MMP1,PTGS2,CCL5,SERPINE1,PTGS2,IL12B,S100A8,USP18,IL12B,CXCL11,IL1B,RSAD2,SOCS3,PTGS2,IL1B,CD14,FCGR1C,SIGLEC1,STAT5A
IFNG,RSAD2,CD14,SOCS2,FCGR1B,PTGS2,IL12B,CCL3,STAT2,TNFRSF9,SCARF1,LDHA,CASP1,CCL8,VEGFA,S100A12,STAT3,CXCL8,OAS1,PFKFB3,DUSP3,C1QA,TLR2,TRAF6,CASP1,CCL2,SERPING1,SOCS3,CXCL11,IL12B,TLR2,SLFN14,MYD88,F3,SLC2A1,CCL20,SERPINE1,S100A9,ISG20,VCAM1,NFKB1,HMOX1,IRF9,PDCD1LG2,TNF,CTLA4,IFI35,CLEC4E,HLA-DRB1,SIGLEC1,TGFB1,TLR2,BATF2,TNFRSF1B,MMP9,NOS2,IL1B,IRF9,COL1A1,KLF4,TLR4,CXCL8,ICAM1,IL1B,IL6,HLA-DRA,CXCL8,CD274,S100A9,IFI44,CXCL16,OASL,RSAD2,NLRC4,ISG15,TLR4,IL27,LILRB1,GBP1,HLA-DRB1,VWF,VEGFA,MMP9,CCL8,THBS1,NLRP3,IL10,S100A9,IRF8,IL18,CCL2,LCN2,OAS2,SOCS1,CXCL11,TNF,TLR2,SIGLEC1,IL1B,STAT5B
SOCS3,USP18,LCN2,SOCS3,FCGR2A,SERPINE1,NLRP3,CCL4,MAPK14,FCGR1A,SEPTIN4,PDK1,P2RX7,CCR2,ANGPT2,SERPINE1,IRF1,CCL4,OAS3,ACOD1,KLF2,LYZ,TLR4,NFKB1,IL1RN,CCL3,ALOX5,TLR2,CCL5,IL10,TLR4,SIGLEC1,TRAF6,FGA,HK2,CXCL16,F3,S100A12,EIF2AK2,ICAM1,NFKBIA,ADM,SOCS1,NLRP3,NLRP3,PDCD1,OASL,FCGR2A,LILRB2,FCGR1B,IL10,TLR4,OAS1,IL10,MMP1,ADM,IL1RN,IFI35,COL1A2,SOCS3,PTGS2,CX3CL1,VCAM1,IL1RN,TNF,HLA-DPB1,OAS3,HLA-DRA,LTF,S100A8,ARG1,GBP1,EIF2AK2,NLRP3,MX1,SOCS3,IL7R,LILRB2,GBP2,TAP1,ICAM1,SERPINE1,MMP1,CXCL13,CXCL11,TLR2,SOCS3,S100A12,CCL5,PTGS2,CCL3,S100A8,OAS3,IL10,CXCL13,TLR2,TLR4,LILRB1,IL6,STAT6
SOCS1,XAF1,VEGFA,NFKB1,FCGR3A,F3,CASP1,CXCR3,MAPK8,TLR2,TRAFD1,HIF1A,TLR2,FCGR1B,ICAM1,F3,HLA-DRA,CCR1,SIGLEC1,LDHA,CXCL13,IL1B,NOD2,RELA,IFNG,CCL4,PTGS2,TLR4,CCL3,IL23A,NOD2,SAMHD1,NFKB1,PF4,PFKFB3,CXCL6,PLAUR,MMP9,RTP4,ARG1,IKBKB,PFKFB3,TREM1,CASP1,PTGS2,LAG3,EPSTI1,CD14,PSMB8,HLA-DRA,IL12B,TLR8,OAS3,SOCS1,TIMP3,CSF2,TNF,USP18,HK2,PTGS2,HIF1A,IL12B,ANGPT2,IL18,IL12B,CIITA,MX1,HLA-DPB1,LCN2,S100A9,NOS2,IFIT1,DDX60,CASP1,HERC5,STAT3,IL2RA,TLR2,HERC5,FCGR1A,VCAM1,ADM,MMP12,IL18,CXCL13,TLR4,IDO1,ORM1,MMP1,SOCS3,CCL4,S100A9,IRF1,CCL7,CCL7,TLR4,NOD2,LILRB2,TNF,IRF3
TLR8,TRIM22,VEGFC,RELA,FCGR3B,VWF,P2RX7,CCR2,PIK3R1,TLR4,SERPINE1,MTOR,TLR4,FCGR1C,VCAM1,VWF,HLA-DRB1,CCR5,SOCS3,PDK1,MARCO,IL6,MARCO,TBK1,HLA-DRA,CCL5,IL6,TLR8,CCL4,CXCL2,LYN,SP110,REL,ITGA2B,LDHA,CCL22,IDO1,MMP1,EPSTI1,NOS2,RELA,HK2,FCGR1A,S100A8,ALOX5,TIGIT,SP110,CD163,PSMB9,HLA-DRB1,IL18,NOD2,OASL,IRF7,ACOD1,CSF3,IL6,OAS2,PFKP,HIF1A,ADM,IL18,KDR,TNF,IL18,CD86,MX2,HLA-B,MARCO,S100A12,SERPINE1,IFIT2,IFI44L,TREM1,C1QB,IDO1,IL1RN,TLR4,CXCL13,SIGLEC1,PECAM1,HIF1A,VEGFA,IL18BP,CXCL8,CD14,ACOD1,SERPINA1,ADAM17,SOCS1,TNF,S100A12,IFIT5,CCL8,CCR2,CCL2,HLA-DRA,CXCL11,IL10,IRF5
USP18,AIM2,FLT1,NFKBIA,PTPRC,HIF1A,TLR2,TLR2,AKT1,IL6,MMP9,SLC2A1,TLR8,SOCS3,SELE,FGA,HLA-DPA1,CXCR3,PTX3,SLC2A1,CD274,TNF,CLEC7A,ISG15,CIITA,VEGFA,IL1B,TLR9,HLA-DRA,FCGR1A,ICAM1,SP100,IKBKB,CD274,PDK1,CCL11,ARG1,MMP3,BST2,ACOD1,REL,LDHA,FCGR1B,S100A9,CXCL8,IDO1,LILRB1,HLA-DRA,TAP2,CD274,IL23A,NLRP3,IRF1,FCGR1B,IDO1,IDO1,IFNG,IFIH1,LDHA,IDO1,MMP1,IL23A,IDO1,IFNG,IL10,CD80,IRF7,ACOD1,CD274,PTX3,MMP9,OAS2,IFI27,ICAM1,AIM2,IDO2,IFNAR1,CD14,CCR2,CD14,IDO1,PDK1,EDN1,IL12B,CCL4,CXCL10,HMOX1,HP,ICAM1,CCL2,IL6,CXCL2,IFNAR1,CCR2,SERPINE1,CCL8,HLA-DRB1,CCL2,IL12B,IRF8
SAA1,DDX58,KDR,GBP1,CXCL9,PDK1,TLR4,TLR8,VEGFA,IL1B,S100A8,SPP1,PRF1,OSM,PECAM1,MPO,FCGR3A,TLR2,PON3,SERPINE1,LAG3,CCL2,S100A8,OAS1,PTGS2,VEGFB,TNF,CD14,HLA-DRB1,FCGR1B,MMP9,ALOX5AP,TNFAIP3,PDCD1,ACOD1,IL6,S100A8,VEGFA,IL1B,HK2,STAT3,PDK1,FCGR3A,MMP9,S100A12,IL18,CD274,HLA-DRB1,IL1B,CD38,VEGFA,MMP9,IRF8,IRF9,HIF1A,HK2,CXCR3,IL6,PDK4,SLC2A1,VWF,IL27,HK2,IFNGR1,IL27,TNF,DDX58,HK2,MMP9,ARG1,MMP1,MX1,IFI44,VCAM1,NLRP3,HLA-DRA,IFNGR1,S100A8,CCR5,PTPRC,CD274,IFIT2,ANGPT2,TLR2,DUSP3,CXCL9,LDHA,MPO,VCAM1,CCL4,IFNG,CCL2,IFNGR1,CXCR3,F3,CCR2,CD86,CCL3,IL15,NFKB1
SAA2,IFIH1,MMP9,GBP2,CXCL11,HK2,TLR8,NOD2,MMP9,TNF,S100A9,MARCO,GZMB,FPR1,HIF1A,NPPA,TLR2,TLR4,CEACAM6,F3,CTLA4,CCL7,S100A9,OAS2,CXCL11,MMP1,NLRP3,CD40,HLA-DPA1,FCGR1C,MMP1,IL1B,PTGS2,CTLA4,CPT1A,IL1B,S100A9,ANGPT2,IL6,PFKFB3,MMP9,ACOD1,HLA-DRA,TIMP1,FCGR1B,IL1RN,PDCD1LG2,HLA-DPB1,IL6,CD27,MMP9,MMP1,IRF7,GBP2,PFKFB3,PFKP,CCR2,IL1RN,SLC2A1,SLC7A5,THBD,CASP1,PDK1,CCL2,IL23A,IL6,RSAD2,PDK1,MMP1,IDO1,VEGFA,MX2,IFITM3,SELE,TLR2,HLA-DRB1,VEGFA,S100A9,CXCR3,JAK1,PDCD1,IRF1,ICAM1,TLR4,KLF2,CXCL11,HK2,LTF,ANGPT2,CCL5,STAT3,CCL3,IFITM3,TLR2,VCAM1,CCR5,CD40,CCL4,IL18,RELA
CRP,PLSCR1,MMP1,GBP4,CXCL8,SLC2A1,IRAK1,CYBB,MMP1,CCL2,LCN2,CD36,GNLY,PTAFR,ACOD1,NPPB,TLR4,NOD2,ACOD1,VWF,IFI6,CCR2,S100A12,OAS3,FCGR1B,MMP9,SAA1,CD86,HLA-DPB1,CLEC4E,VEGFA,IL6,MAPK14,LAG3,PPARG,IL1A,S100A12,COL1A1,TNF,LDHA,MMP1,SLC2A3,HLA-DRB1,VEGFA,LILRB1,NLRP3,LTF,STAT2,IL6R,IL7R,MMP1,VEGFA,CXCL11,OAS2,HK2,PDK4,CCR5,IL10,HIF1A,HK2,F3,NLRP3,LDHA,CCL3,IL2RA,IL10,IFIT3,PFKFB3,VEGFA,ACOD1,ANGPT2,IRF1,IFITM1,VEGFA,TLR8,HLA-DPA1,MMP1,S100A12,CXCR4,TYK2,LAG3,OAS2,VCAM1,TLR8,RAB20,CCL2,PFKFB3,MMP9,FLT1,CCR1,IRF7,CCL4,IFITM1,TLR4,TAP1,CXCL8,CD274,CCR1,CXCL8,IKBKB
LCN2,TNF,MMP3,GBP5,HLA-DRA,LDHA,TRAF6,AIM2,MMP12,CCL3,NLRP3,CLEC7A,NKG7,GZMB,PFKFB3,LCN2,TLR8,NFKB1,LTF,SELP,SIGLEC1,IL1RN,LCN2,OASL,IRF1,MMP13,SAA2,CD80,HLA-DQA1,TLR2,HIF1A,IL10,MAPK8,HAVCR2,HIF1A,IL1RN,TLR2,TLR2,NLRP3,CPT1A,MMP3,NLRP3,HLA-DRB5,IGFBP3,CD14,CASP1,LRG1,SOCS3,TNF,CCR7,TIMP1,ANGPT2,CXCL13,OAS3,PKM,SLC2A1,CXCR6,SOCS3,PPARG,MMP1,FGA,PTGS2,SLC2A3,CCL4,IL2RB,IL12B,IFI27,HIF1A,ANGPT2,HK3,F3,STAT2,IRF8,MMP9,CLEC4E,HLA-DPB1,MMP3,PTGS2,CCL5,TBK1,TIGIT,OAS3,SELE,NOD2,GBP6,CCL3,CPT1A,MMP1,LDHA,CCR2,OAS1,IL12B,MX2,TLR8,TAP2,PTGS2,TAGAP,CCR2,CCL2,MAPK14
HP,IL6,MMP14,ISG15,HLA-DRB1,IDO1,NFKBIA,CASP1,ANGPT2,CCL4,MMP12,FCGR1B,CD274,GZMA,LDHA,FTL,CLEC4E,RELA,DEFA1,CXCR3,CXCL5,IFI44,MMP9,MX1,GBP2,TIMP1,CCL2,HLA-DRA,HLA-DQB1,TLR4,CXCL11,IL12B,MAPK9,GZMB,S100A8,TNF,TLR4,TLR4,S100A8,IDO1,ICAM1,CASP1,CCL3,ANGPT2,TLR2,S100A8,MMP9,LILRA2,TNFAIP3,CD3D,ICAM1,SELE,CCR2,CXCL11,LDHA,LDHA,CCR7,JAK2,PPARA,MMP9,NPPA,TLR2,PFKFB3,CCL5,IL7R,IL23A,GBP1,LDHA,ADM,LDHA,NPPA,TYK2,HERC5,MMP1,CD274,HLA-B,TGFB1,MMP9,CCL4,TRAF6,CXCR3,MX1,FN1,AIM2,LRRN3,CCL4,NOS2,MMP8,SLC2A1,CXCL1,OAS3,IDO1,FCGR1B,NOD2,OAS2,LTA4H,PDE4D,CCR5,CCL3,MAPK1
PTX3,IL1B,SELE,OAS1,HLA-DPA1,ARG1,CCL3,SERPINE1,HIF1A,CXCL8,VEGFA,GBP1,SOCS3,NKG7,SLC2A1,TLR2,NOD2,JAK1,MMP1,CCR2,CXCL6,CXCR3,MMP12,MX2,GBP4,F3,CCL8,HLA-DRB1,FCGR1B,TLR8,CCL2,IL18,PIK3CD,PRF1,S100A9,IL10,NOD2,NOD2,S100A9,SLC2A1,VCAM1,PTGS2,CCL4,SERPINE1,TLR4,S100A9,MMP1,LAMP3,TNFAIP6,CD8A,VCAM1,ICAM1,CCR5,STAT3,SLC2A1,HMOX1,CD14,STAT3,ZAP70,VEGFA,CD14,TLR4,ARG1,CCL8,IL15RA,IL17A,SOCS1,SLC2A3,PLAUR,HIF1A,NPPB,SOCS3,TAP2,SERPINE1,CX3CR1,JAK1,SERPINE1,MMP1,CCL8,IRAK1,CCR5,MX2,HIF1A,NLRP3,MT2A,CCL5,ARG1,VEGFA,PPARG,CXCL2,MX1,ARG1,DUSP3,CLEC4E,OASL,ALOX5,45904,CXCR3,CCL4,MAPK8
S100A8,IL1RN,ICAM1,OAS2,SOCS1,HMOX1,CCL4,PLAU,TGFBI,IL1RN,ANGPT2,GBP2,CXCL13,LILRB1,CPT1A,TLR4,IDO1,JAK2,MMP9,TLR2,CXCL1,PRF1,VEGFA,IFI27,OAS2,SERPINE1,CCL7,HLA-DPA1,B2M,NLRP3,CCL5,TNF,AKT1,LILRB2,S100A12,IL12B,CLEC7A,DDX58,CXCL8,PDK1,VEGFA,IL1RN,CCR2,F3,CD163,LCN2,TIMP1,CASP1,NFKB1,CD4,SELE,VCAM1,CD14,IFIT2,CPT1A,S100A8,CD80,NFKBIA,CD3D,ANGPT2,CD163,TLR1,GLS,CCL1,CXCL1,SAA1,TREM1,SLC1A5,ARG1,VEGFA,HK2,SOCS1,SOCS1,FGA,CCR7,JAK2,FN1,IL6,CCL19,MYD88,CCR7,USP18,NOS2,PYCARD,CXCR3,CCL8,CD274,HIF1A,MTOR,CXCL3,MX2,HMOX1,KLF2,CD274,MX1,HMOX1,SOCS1,GNLY,CCL5,TRAF6
S100A9,IL12B,VCAM1,OAS3,SOCS3,IL12B,ICAM1,MMP9,CCL5,SAA1,F3,OAS2,XCL1,LILRB2,IL12B,TLR8,F3,IRF1,VEGFA,TLR4,CXCL2,GZMB,ADM,IFI35,OAS3,THBD,CCL3,HLA-DPB1,SERPINA1,CYBB,CXCL8,IFNG,FOXO3,CD27,LCN2,IL23A,DPP4,IFIH1,PTGS2,G6PD,HIF1A,TLR2,CCR5,PLAUR,MPO,PTGS2,VEGFA,CXCL11,NFKBIA,GZMB,SELPLG,EDN1,CD80,CCL3,PPARA,S100A9,CD86,RELA,CD3E,SERPINE1,SOCS1,SOCS3,HIF1A,IL27,CXCL8,SAA2,MMP1,CPT1A,ACOD1,FLT1,PFKFB3,TLR2,TRIM25,FGB,CCR2,STAT2,COL1A1,IL1B,IL1B,LCP2,SLC2A1,BST2,COL1A1,CASP1,BCL2A1,CCL19,PDCD1,HMOX1,PRKAA1,CXCL5,ISG15,VEGFA,TLR2,HLA-DRA,HERC5,VEGFA,NFKBIA,PRF1,CCR1,MYD88
S100A12,IL18,PECAM1,OASL,LILRB1,IL18,VCAM1,MMP1,SELL,SAA2,VWF,MX1,CD38,CLEC12A,NOS2,NOD2,VWF,IRF8,HIF1A,NOD2,CXCL8,S100A8,SERPINA1,IFIT1,IFIT2,FGA,CCL4,B2M,SERPINA3,CYBA,IL1B,CCL2,STAT3,CCR7,OSM,IL17A,CD14,DDX60,MPO,ALDH1A1,PECAM1,FCGR1B,CD274,VWF,MS4A4A,MMP9,ANGPT2,CCL2,CXCL8,PRF1,PF4,COL1A1,CD86,CCL4,PPARG,LCN2,CD40,IFNG,CD247,VWF,JAK2,NFKBIA,PPARG,IL12B,CCL2,S100A8,FLT1,SREBF2,HK2,KDR,LDHA,TLR4,TRIM21,FGG,STAT3,STAT4,COL1A2,TNF,IL1RN,CCR7,LDHA,SIGLEC1,HK2,CASP5,ELANE,CXCL13,CTLA4,F13A1,SIRT1,CXCL6,IDO1,MX1,TLR4,HLA-DRB1,LAMP3,MMP9,ISG20,GZMB,TLR2,IKBKE
ORM1,IL10,HIF1A,MX1,LILRB2,STAT2,PECAM1,VEGFA,SELE,CRP,THBD,IFI44L,CD3E,LTF,ARG1,NLRC5,MERTK,IRF3,SLC2A1,IFNG,LTA,S100A9,VWF,IFIT2,IFIT3,FGB,CXCL11,CTLA4,SAA1,NOS2,IL6,CCL3,IRF5,LTB,IL34,IL18,CD36,PTPRC,LCN2,CX3CL1,SELE,SOCS3,PRF1,ITGAX,CD274,MMP1,SELE,CCL8,CCL3,GNLY,ANGPT2,COL3A1,HLA-DRA,PRF1,IL1B,FTH1,ICAM1,MMP1,CD8A,F3,ATG5,RELA,S100A8,CXCL8,CCL4,S100A9,PECAM1,F3,PDK4,MMP1,SLC2A1,CD14,USP18,THBD,STAT2,IFI44,ITGAM,IL10,CD274,IL1B,HK2,LAMP3,PDK1,HLA-DRA,MPO,CCR5,LAG3,ITGAM,FGA,CXCL12,SOCS3,MX2,TLR8,HLA-DPA1,STAT3,MMP1,RSAD2,NKG7,TLR4,TBK1
ORM2,IL17A,HK2,MX2,LILRA2,OAS2,MMP1,ICAM1,HK2,S100A8,PROS1,XAF1,CD4,CAMP,CCL5,CASP1,AXL,S100A8,HK2,JAK1,S100A8,S100A12,F3,IFIT3,MX1,FGG,CXCL13,PDCD1,SAA2,ARG1,TNF,CCL4,IRF8,CXCL11,CX3CR1,IL27,HLA-DRA,CD274,CAMP,TNFRSF1A,TLR2,IRF7,GZMB,CD40,PDCD1LG2,MMP8,ICAM1,CCL20,CCL4,KLRD1,HIF1A,FN1,HLA-DRB1,GNLY,IL1RN,F13A1,MMP9,MMP9,CD4,F2R,CASP8,MMP1,S100A9,SOCS3,CCL8,S100A12,SELE,SERPINE1,IDO1,MMP3,HIF1A,NLRP3,ADAR,VWF,ZC3H12A,OASL,PKM,CCL2,PDCD1LG2,IL6,ACOD1,CXCL12,PFKFB3,HLA-DRB1,LTF,CCR2,TIGIT,ITGB2,FGB,CXCL13,JAK2,IFIT1,NOD2,HLA-DQA1,STAT2,S100A8,IFI35,IRF1,TLR8,TNF
CXCL1,IL23A,PFKP,IFIT1,MXD1,EPSTI1,MMP12,VCAM1,PFKFB3,S100A9,FGA,IRF7,CD8A,BPI,CXCL11,GZMB,SOCS1,S100A9,PFKFB3,JAK2,S100A9,MMP9,SERPINE1,IFI44L,RSAD2,VWF,CXCL8,LAG3,PTGS2,VEGFA,PTGS2,CCL7,STING1,CCL4,CCR2,IL32,HLA-DRB1,FCGR1B,LTF,S100B,TLR4,IFI44,GZMA,CD80,IL10,VEGFA,VCAM1,CCR2,CCL5,NKG7,MTOR,SERPINE1,SIGLEC1,GZMB,IL1R1,F3,MMP1,VEGFA,GZMB,NPPB,BCL2,MMP3,LTF,SOCS1,CCL13,CRP,ITGAM,THBD,SLC11A1,SERPINE1,EGLN1,CASP1,OASL,F3,PTGS2,MX1,HK2,CCL5,TLR2,CXCL8,PDK1,CXCR4,LDHA,HLA-DPB1,DEFA1,STAT1,CD14,TLR2,THBD,CCL7,JAK1,IFI6,NLRP3,MMP9,IRF9,S100A9,IFIT1,IRF8,MYD88,IL18
CXCL2,PTGS2,LDHA,IFIT2,IFI6,CCL3,TIMP1,S100A8,PKM,S100A12,FGB,IRF8,TBX21,MS4A6A,CXCL13,PRF1,IFI27,S100A12,F3,SOCS3,S100A12,VEGFA,FGA,RSAD2,CCL5,HIF1A,VEGFA,ICOS,THBD,MMP9,NFKBIA,CCL8,CGAS,CCL7,TYROBP,IFNL1,B2M,HLA-E,MMP9,GFAP,SLC2A1,IFI44L,GNLY,CD86,IFNG,SERPINE1,S100A8,CCR5,CCL7,LAG3,PDK1,PTGS2,GBP1,NKG7,IL10,SERPINE1,MMP14,ADM,PRF1,NPPA,PDCD1,MMP9,LCN2,JAK1,CXCL13,PTGS2,SYK,VWF,PFKFB3,VWF,TLR2,IL18,IRF9,HIF1A,MMP9,MX2,SLC2A1,CXCL8,TLR4,TNF,CPT1A,CCR7,SLC2A1,CD74,DEFA3,STAT3,CD163,TLR4,VWF,CXCL16,TLR2,IFI35,MYD88,MMP1,IFI44,S100A12,IFIT2,IFI35,NLRP3,IL18R1
CXCL3,NLRP3,SLC2A1,IFIT3,IFITM1,CCL4,VEGFA,S100A9,LDHA,NLRP3,FGG,CCL5,EOMES,MARCO,CCL3,CD3D,GBP6,PTGS2,F2,IL10,PTGS2,MMP1,FGB,GBP1,CXCR3,PFKFB3,ANGPTL4,CD274,SERPINE1,MMP1,VCAM1,CCL20,TBK1,CXCL2,TLR2,LTA,PSMB8,CTSL,MMP1,IL12RB1,HK2,MX1,NKG7,HLA-DRA,IL18,F3,S100A9,CCR7,CCL8,TIGIT,HK2,ITGAV,GBP2,KLRD1,TGFB1,NPPA,VEGFA,ICAM1,GNLY,CXCR3,CTLA4,MMP12,SAA1,TYK2,LTB,NLRP3,CARD9,FGA,CD68,FGA,TLR4,PTGS2,CXCL13,HK2,MMP1,IFIT1,LDHA,CXCL13,CD14,NFKB1,PPARG,CXCR3,G6PD,CTLA4,CAMP,JAK1,HLA-DRA,TLR5,NPPA,MMP1,TLR4,IFITM3,IRAK2,MMP14,IFIT2,NOS2,IFI27,IFITM1,CASP1,IL18RAP
CCL2,S100A8,PDPK1,IFITM1,IFITM2,CXCL8,ANGPT2,S100A12,IDO1,NFKB1,MMP1,CCL3,IL10,SIGLEC7,CCL4,CD4,GBP4,CRP,F5,IL12B,NFKB1,ANGPT2,FGG,GBP2,CCR5,HK2,MMP1,IDO1,F3,MMP3,PECAM1,CXCL2,OASL,CXCL3,TLR4,IL6R,TAP1,CLEC4E,MMP3,CXCL13,PFKFB3,RSAD2,IL10,HLA-DPB1,IL12B,THBD,S100A12,CXCR4,CXCL5,PDCD1,LDHA,ITGB3,GBP4,NCAM1,SOCS1,NPPB,HIF1A,VCAM1,TIGIT,CXCR4,LAG3,TIMP2,SAA2,CD274,CD40,CASP1,PDK1,FGG,CD163,FGB,NOD2,NOS2,BST2,PFKFB3,VEGFA,IFIT3,CPT1A,CCR2,CD36,RELA,HMGCR,CXCR2,CPT1A,PDCD1,NLRP3,JAK2,HLA-DPA1,NLRP3,NPPB,MMP3,TLR8,TAP1,TICAM1,COL1A1,IFITM3,SERPING1,IFI6,IFITM2,PYCARD,IL23A
CCL7,S100A9,MTOR,IFITM3,IFITM3,TLR4,EDN1,CRP,ARG1,NFKBIA,MMP3,CCL4,IL12B,NCR1,CCL11,CD8A,CXCR3,HIF1A,FGB,IL23A,RELA,ICAM1,CRP,GBP4,CCR7,LDHA,MMP3,ARG1,VWF,SERPINE1,SELE,CXCL3,RSAD2,CXCL1,TLR8,IL7R,TAP2,NLRP3,MMP2,CCL2,LDHA,SP110,TNF,HLA-DMB,STAT3,VWF,CALR,CXCR5,CCR2,CTLA4,PKM,HIF1A,IFIT1,CD3D,SOCS3,IL10,TNC,SELE,LAG3,CCR2,HAVCR2,VEGFA,PLSCR1,PDCD1LG2,CD80,CCL2,ACOD1,PROC,SIGLEC1,FGG,DDX58,NFKB1,IFNB1,LDHA,SERPINE1,IFIT2,SLC16A3,STAT3,TREM1,NFKBIA,TSPO,IFI27,ACADM,CD4,AIM2,SOCS1,CIITA,PSMB9,GP1BA,MMP9,NOD2,TAP2,TRAF6,COL3A1,IFIH1,LILRB1,MX1,MX2,AIM2,IL17A
CCL8,S100A12,RPTOR,RSAD2,IL1B,TLR8,NOS2,PTGS2,HMOX1,RELA,COL1A1,CCR2,IDO1,GNLY,S100A8,CD14,CCR2,PDK1,FGG,HLA-DRA,IL23A,VCAM1,SAA1,GBP5,CX3CR1,SLC2A1,MMP12,CXCR3,FGA,MMP12,SELL,CXCL5,DDX58,CXCL5,ITGAM,IL2RG,CIITA,CASP1,PTX3,CCL3,PKM,BATF2,IL12B,CYBB,SOCS3,HK2,CRP,IFNG,CCR5,LILRB2,ARG1,PDGFB,IFIT2,CD4,JAK2,IL27,ITGA5,HIF1A,PDCD1,CCR5,TIGIT,SERPINE1,MT2A,LAG3,CD86,CCL3,PPARG,PLAT,NLRP3,F2,IFIH1,RELA,IFNA1,SLC2A1,ICAM1,RSAD2,IDO1,SOCS3,FCGR1A,PTGS2,S100B,OASL,IDH1,CD8A,CASP1,SOCS3,CD40,PSMB10,GP1BB,VEGFA,NLRP3,IRF7,RELA,TIMP1,DDX58,LST1,MX2,RSAD2,ITGAX,IL27
IL1B,CXCL8,AKT1,IFI44,IL6,MMP1,SERPINE1,HIF1A,GCLC,STAT3,IL12B,STAT3,S100A8,ITGAM,S100A9,CCR2,CCR5,LDHA,SERPINE1,HLA-DRB1,IL12B,SELE,SAA2,MMP1,LCN2,PDK1,MMP14,CCR5,FGB,THBS1,ITGAM,CXCL8,IFIT2,IL18,CD14,IL15,CD74,NLRC4,S100A12,CCL4,PDK1,GZMB,IL23A,NOS2,IRF1,PFKFB3,C4A,IL12B,CXCR6,TREM1,NOS2,PDGFRB,IFIT3,CD8A,STAT3,IL12B,S100A8,MMP3,CTLA4,CD274,DUSP3,ICAM1,HP,CTLA4,CD274,CCL4,CXCR3,PLAUR,CASP1,THBD,MYD88,MAPK14,IL1A,PDK1,VCAM1,TRIM22,ARG1,NFKB1,FCGR1B,SAA1,S100A8,SP110,FASN,CD8B,HIF1A,IL12B,TLR2,CD3D,SELE,ANGPT2,CASP1,IRF8,CCL3,PLAUR,LRRK2,ICAM1,OAS2,OAS2,ICAM1,IL15
TNF,CCL2,PPARG,IFI44L,TNF,SELE,F3,PFKFB3,G6PD,SOCS3,IFITM3,SOCS3,S100A9,CD274,S100A12,CCR5,CXCR4,PKM,PLAU,TAP1,IL17A,HIF1A,PDK4,MMP3,MMP1,ACLY,ADAMTS4,CCR2,FGG,ITGB1,ITGB2,LTA,IFIT5,IL12B,CD163,IL21,ATG5,IL18,CSF3,CCR2,ACOD1,PRF1,STAT3,TLR2,IRF7,SLC2A1,C4B,IL1RN,CXCR4,CLEC5A,SLC2A1,EGR1,IFITM1,CD8B,IRF1,CXCL5,S100A9,MMP12,SELL,PDCD1LG2,KLF2,VCAM1,F3,TIGIT,PDCD1,CXCL13,CCR2,ANXA5,PYCARD,IL10,TRAF6,MAPK8,CCL4,IL10,PLAUR,LY6E,CXCL11,RELA,FCGR2A,SAA2,S100A9,SP100,ACOD1,FCGR1B,HK2,IL23A,TLR4,CD3E,S100A12,FLT1,IL18,IL18,CCL4,SERPINE1,ADM,CD274,OAS3,OAS3,SELPLG,IL2RB
NFKB1,CCL3,ACSL1,CXCL11,IL10,SELPLG,FGA,LDHA,SLC2A1,PTGS2,IFITM1,LTA4H,S100A12,CD36,PTX3,CXCR3,SELL,HK2,VTN,TAP2,IFNG,PDK1,HK3,MMP8,TIMP1,APP,PLAU,CXCL13,CRP,ICAM1,CD80,LIF,GBP2,IL23A,CD36,TLR2,ATG7,IL1RN,CCL2,F3,IDO1,GNLY,STAT2,TLR4,CCL19,PDK1,SERPINA1,IL10,IL10,IL12B,SLC16A3,KDR,IFITM3,CD274,IRF7,VCAM1,S100A12,PFKFB3,S1PR1,PDCD1,RAB33A,COL1A1,SERPINE1,HAVCR2,CTLA4,CCL20,HLA-DRA,VEGFA,TLR2,IL10RA,STAT3,STAT3,CCL5,IL12B,IL6,GBP2,CXCL13,IFNGR1,FCGR3A,CRP,LCN2,IL1R1,SLC25A1,FCGR1C,PFKFB3,VEGFA,DDX58,CD4,LCN2,COL1A1,TNFAIP3,IL18BP,CCL5,VEGFA,CD274,PDCD1LG2,HERC5,PARP14,SELL,MMP1
RELA,CCL4,ACACA,BATF2,IL12B,SERPING1,FGB,HK2,SLC7A5,OSM,IFITM2,PTGS2,HIF1A,SLC2A1,NLRC4,LTB,NLRP3,SLC2A1,CX3CR1,CIITA,STAT2,SIRT1,PKM,MMP9,ANGPT2,BDNF,PLAUR,CX3CR1,VEGFA,F3,CD86,CSF3,GBP3,IL10,F3,TLR4,BECN1,IFNG,CCL3,SERPINE1,ARG1,CXCR3,STAT4,TLR8,CCL2,ACOD1,ARG1,IL18,SOCS3,IL23A,SLC7A5,PFKP,ISG20,TLR2,IRF5,ICAM1,LCN2,HK2,CCR7,LAG3,IFITM1,COL3A1,VWF,IDO1,ICOS,PPBP,IL12B,ANGPT2,TLR4,SOCS3,JAK1,ATG5,CXCL8,IL18,IL10,CD274,IL15,IFNGR2,SIGLEC1,S100A8,MPO,NFKB1,GFAP,LCK,LDHA,MMP9,IFIH1,CD8A,LTF,COL3A1,PTGS2,SERPINA1,CCL7,CXCL13,CD1C,ITGAM,DDX58,IL6,SELE,MMP3
NFKBIA,CCL5,GFAP,IFI27,NLRP3,THBD,FGG,SLC2A1,GLS,HP,IFI44,PLAUR,VEGFA,HK2,NLRP3,LTA,CYBB,CPT1A,CCL2,MMP1,JAK1,SLC2A1,SLC2A1,MMP12,FLT1,PTGS2,SERPINE1,CXCL16,MMP9,VWF,CD68,S100A8,GBP4,SOCS3,SERPINE1,TLR8,MAP1LC3B,STAT2,CCL4,VWF,ARG2,PDCD1LG2,IRF5,NOD2,CXCL11,HIF1A,NOS2,IL23A,PTGS2,IFNG,IDO1,HK2,RSAD2,TLR4,CCL5,SELE,LTF,LDHA,CXCR3,CTLA4,ISG15,FN1,THBD,IDO2,CD276,LIF,IFNB1,FLT1,NOD2,JAK1,JAK2,ATG7,IL15,IFNG,CCL7,CD40,IL15RA,BATF,TRIM22,S100A9,MMP1,RELA,S100B,ZAP70,SLC2A1,MMP1,CLEC4E,CD8B,DEFA4,ICAM1,S100A8,PLAUR,CCL8,OLR1,ETV7,ITGAX,DDX60,IL10,CD274,MMP9
IL6,CXCL2,B2M,IFI35,PTGS2,PLAT,VWF,PDK1,ACLY,LCN2,IFI27,SERPINE1,MMP9,LDHA,AIM2,CCL4,CASP1,PPARA,CCL3,MMP12,JAK2,LDHA,ACOD1,TIMP2,SERPINB2,NRG1,THBS1,CCL19,MMP1,FGA,CD163,S100A9,GBP6,JAK2,VWF,TLR9,SQSTM1,P2RX7,CCL8,FGA,PCK2,HAVCR2,TRIM22,NLRC4,CXCL13,ADM,HK2,IL27,NLRP3,IL17A,PFKFB3,PFKFB3,DDX58,NOD2,CXCL9,ANGPT2,OLFM4,SLC2A1,IL7R,TIGIT,OAS2,EDN1,NPPA,BTLA,CD27,SOCS1,IFNA1,ANGPTL4,CLEC4E,JAK2,NFKB1,BECN1,IL21,STAT3,CCL3,CD40LG,IL23A,IRF8,BATF2,S100A12,MMP8,IKBKB,CXCL12,BCL2,CPT1A,MMP3,NLRP3,CD274,CAMP,VCAM1,S100A9,CRP,CXCL2,S100A8,CTSL,TYROBP,IFITM1,PTGS2,VCAM1,MMP12
IL10,CXCL11,SAA1,IFI6,CCL2,GP9,THBD,FGA,CPT1A,MMP9,OAS2,F3,TIMP1,PFKP,CASP1,CCL5,GSDMD,PPARG,CCL4,TIMP1,IL10,ACLY,HMOX1,VEGFA,PLAT,ATG5,THBS2,CCL21,MMP12,FGB,HK2,S100A12,GBP7,TYK2,THBS1,NOD2,PFKFB3,ITGAM,SERPINA1,NPPA,PPARG,CTLA4,TRIM25,HAMP,CCR7,ANGPTL4,PFKFB3,JAK1,CASP1,IL18,ACOD1,LDHA,TLR8,IL2RA,CCR7,ANGPTL4,ACOD1,ENO1,EOMES,CD40,OAS3,ANGPTL4,NPPB,SIGIRR,CD28,IL18,TLR8,EDN1,FCER1G,SOCS1,RELA,SQSTM1,CCR7,STAT2,CCL4,CD14,IL23R,HLA-DRA,XAF1,CCL2,FN1,TLR2,BDNF,BCL2L11,CD274,MMP12,NOD2,IDO1,MPO,SELE,LCN2,PTGS2,CXCL3,S100A9,CTSC,LGALS3,IFITM2,ALOX5,PECAM1,TIMP3
IL1RN,CCR2,SAA2,IFIT5,CCL3,PF4,PLAUR,FGB,PPARG,MMP1,OAS3,THBD,COL1A1,HIF1A,CASP4,CXCL11,SERPINA1,MTOR,CCL5,VEGFC,IL18,MTOR,PTGS2,ANGPT2,FGB,MAP1LC3B,F3,IL2RB,CXCR4,FGG,PFKFB3,PTGS2,CXCL8,IRF7,ITGA2B,CLEC4E,HK2,ITGAX,SAA1,NPPB,G6PD,IDO1,DDX58,SLC11A1,IL2RA,NPPA,G6PD,JAK2,S100A8,IL10,CPT1A,PKM,CLEC7A,CD86,CXCR2,COL1A1,HK2,PKM,TBX21,CD80,IFIT1,JAG1,F13A1,LTF,CD38,IL1RN,TLR9,ICAM1,CD14,NFKBIA,GSDMD,MAP1LC3B,CXCR3,IRF7,CXCL2,CCR2,IL21,HLA-DRB1,BST2,CCL3,ANGPT2,TLR4,NRG1,FAS,BATF2,ICAM1,P2RX7,ARG1,CEACAM8,PECAM1,HLA-DRA,TNFAIP3,CXCL5,S100A12,PFKFB3,LAMP2,IFITM3,MMP9,MMP9,TIMP2
CD14,CCR5,SAA4,TRIM22,CCL4,PPBP,F2R,FGG,NR1H3,SERPINA1,MX1,VWF,PECAM1,EPAS1,CASP5,IL12B,PTGS2,SIRT1,TBX21,KDR,IL12RB1,AKT1,NOS2,PDGFB,FGG,SQSTM1,FGA,IL2RA,HIF1A,THBD,LDHA,NLRP3,CCL3,IRF8,ITGB3,CLEC7A,CPT1A,CD14,SAA2,PECAM1,MT1X,CD38,IFIH1,MT2A,MMP1,NPPB,PCK2,TYK2,S100A9,SOCS3,FASN,ACOD1,CLEC4E,TREM1,ITGAX,COL3A1,PFKFB3,ACLY,RELA,CD86,IFI44,ADAMTS4,TFPI,LCN2,CD69,LTA,CLEC4E,VCAM1,JAK1,REL,CASP1,RAB7A,IL7R,IRF8,CXCL5,CCR5,IL21R,HLA-DPA1,PLSCR1,CCL4,SELE,NOD2,OSM,ITGAM,IFI27,VCAM1,CXCL13,PPARG,OLFM4,ITGAM,HLA-DRB1,NFKBIA,CXCL8,TREM1,HK2,SLC2A1,BST2,MMP1,MMP1,SPP1
CD163,TLR2,FGB,TRIM21,CCL5,IL1RN,ITGA2B,VWF,SREBF1,RETN,MX2,AGER,VCAM1,VEGFC,TLR8,IL27,ACOD1,VEGFA,NLRP3,COL1A1,IL27,NFE2L2,ARG1,COL1A1,TLR8,PDCD1,FGB,IL7R,LDHA,SERPIND1,GAPDH,HMGB1,CCL4,IFIT1,PF4,CD14,SLC2A3,LILRB2,CRP,EDN1,SLC16A1,CD83,ZBP1,FTH1,MMP2,CXCL2,PPARG,STAT3,S100A12,SOCS1,SREBF1,SLC2A1,NLRC4,SP110,ITGAM,ITGA5,LDHA,CPT1A,NFKBIA,ICAM1,IFI6,SPP1,FGA,PRTN3,HLA-DRA,MMP1,CLEC12A,SELE,IRF1,BATF,IL18,GBP4,IL2,SOCS1,CXCL8,CXCR3,CCR5,HLA-DPB1,CXCL2,CCR2,OAS1,TLR8,F3,ITGAX,IFI6,SELE,CCR7,PPARA,GBP1,ITGB2,HLA-DPA1,CLEC7A,CXCL1,LCN2,LDHA,HK2,TRIM21,TIMP1,MMP8,VEGFA
TLR2,TLR4,FGA,TRIM25,S100A8,STAT3,GP6,TFPI,DGAT2,ADM,GBE1,NPPA,ICAM1,ANGPT2,TLR9,IL18,HK2,MMP9,CASP1,COL3A1,ICAM1,PPARG,IL18,COL3A1,NOD2,CTLA4,FGG,KIT,HK2,SERPINA1,PDK1,TLR2,CCL5,IFIT2,GPIBA,LY96,SLC16A1,LILRA2,IL1RN,ANGPT2,NAMPT,TRAF1,OAS2,FTL,VEGFA,CCL2,ACOD1,MMP1,TLR2,NFKBIA,PPARG,SLC2A3,CYBB,SP140,CD86,ITGB1,PDK1,PLIN2,IL12B,VCAM1,IFI35,CCR7,FGB,ELANE,HLA-DRB1,MMP9,FCGR2A,SELP,STAT2,FOS,CXCR3,GBP3,IL2RA,CIITA,GZMB,CXCR4,CCR2,CD40,CXCL3,CXCR3,RSAD2,SOCS1,SERPINE1,ITGB2,OASL,SELP,CXCL4,HK2,GBP2,CD36,HLA-DPB1,NLRP3,CXCL12,LTF,CPT1A,LDHA,TRIM22,SAA1,MMP12,VEGFB
TLR4,TLR9,FGL2,IRF5,S100A9,BST2,NPPB,F5,PLIN2,CLEC7A,CD274,NPPB,VWF,EDN1,CLEC7A,IL23A,PFKFB3,MMP1,NLRC4,ANGPT2,VCAM1,PRKAA1,IL15,TNC,IL18,TIGIT,HK3,KLRK1,PDK1,PROS1,SLC2A1,TLR4,IL12B,IFIT5,SELP,IFIH1,GPR183,TNFAIP3,SERPINA3,SELE,S100B,CARD9,OAS3,B2M,FLT1,CCL8,PTGS1,MMP3,TLR4,REL,PPARA,PDP1,NCF2,XAF1,CD80,TGFB1,SLC2A1,SLC25A1,IL12RB1,ICAM3,BATF2,CXCR4,CXCL13,MPO,HLA-DPA1,MMP12,MRC1,PDGFB,IL1RN,JUN,CCR5,IFI27,CSF2,CD14,PRF1,CXCR6,TLR2,CD80,CXCL5,ICAM1,IFIT3,IL1RN,THBD,ICAM1,IFI35,ADM,SERPINA1,LDHA,GBP4,HK2,B2M,CASP1,IL1B,ALOX5,PTPRC,PDK1,SP110,SAA2,MMP14,VEGFC
MYD88,NOD2,CRP,IRF8,S100A12,USP18,NPPA,THBD,MTOR,CLEC4E,HLA-DRA,CPT1A,F3,VCAM1,LILRA2,IFITM1,GLS,MMP12,GSDMD,TEK,VEGFA,CX3CR1,SOCS3,FN1,IL12B,LAG3,PFKFB3,NKG7,SLC2A1,HIF1A,ACACA,TLR8,IL18,OAS2,CD40LG,DDX58,CCR5,TAP1,NOD2,IFIT3,CX3CL1,CYBB,IFIT5,PSMB8,ANGPT2,CCL4,ALOX5,MMP12,CD14,CHUK,LPL,PDK1,PTPN22,TRIM22,CD274,TGFBI,PPARA,IDO2,OAS2,SELE,LRRN3,PDGFB,IFI44,CEACAM8,HLA-DPB1,VEGFA,FCN1,S100A8,IL10,JUNB,CCR2,IFI16,CSF3,CD274,NKG7,MMP9,TLR4,CD86,CXCL6,VCAM1,IFIT2,IL18R1,PLAUR,VCAM1,IRF7,EDN1,F3,PFKFB3,CCR2,PFKP,PSMB8,KLRD1,OSM,ALOX5AP,TYROBP,PDK3,CXCR3,CRP,TIMP1,ANGPT2
JAK1,NCF2,F3,ELF1,LCN2,GBP2,MYH7,CCR5,S100A8,CD14,HLA-DRB1,ACLY,SERPINE1,ICAM1,LILRB1,IFIT1,LDHA,MMP14,NPPB,PDGFB,ANGPT2,CCR5,SOCS1,THBS1,JAK2,HAVCR2,PKM,GNLY,ACOD1,HK2,CPT1A,MYD88,IL27,OAS3,PTX3,MAVS,CXCR3,TAP2,JAK1,IFIT2,NRG1,P2RX7,GBP2,PSMB9,CXCR4,CXCL3,PLA2G2A,TIMP2,MMP9,IKBKB,F3,G6PD,ZC3H12A,HMOX1,PDCD1,PDGFRB,SREBF1,ARG1,IL10,LTF,TRIM22,TGFB1,IFI16,OLFM4,HLA-DQA1,FLT1,CXCL1,S100A9,CXCL8,EGR1,SELL,IFI6,NFKBIA,CD86,LAG3,MMP1,TLR9,ITGAM,S100A12,SERPINA1,IFIT1,IL15,FGB,MMP1,IRF9,PECAM1,TFPI,PIM1,CXCR2,PFKFB3,VEGFA,NKG7,PTGS2,ACOD1,SIGLEC1,HIF1A,CCR2,S100A12,VEGFA,ANGPTL4
JAK2,LTF,SERPINE1,CXCL8,HP,IFIT2,ACTA1,CCR7,S100A9,SPP1,HLA-DPA1,PPARA,SERPINA1,SERPINE1,HLA-DRA,IFIT2,PDK1,ITGAX,NPPA,ICAM5,TGFBI,CXCR5,STAT2,SERPINE1,STAT3,KLRK1,LDHA,GZMB,ARG1,LDHA,PPARA,PTX3,IL1RN,MX1,ADM,TMEM173,CD274,B2M,JAK2,IFIT1,IL1RN,CLEC4E,GBP3,TAPBP,COL1A1,CCL3,LPL,VEGFA,MMP1,STAT3,SERPINE1,FASN,PTGS2,SOD2,CTLA4,PECAM1,F3,NLRP3,IL10RA,LY86,BST2,PECAM1,OAS1,CYBA,HLA-DQB1,ANGPT2,CCL3,S100A12,ICAM1,AIM2,ICAM1,IFITM1,RELA,CD40,TIGIT,MMP14,NOD2,ITGAX,LCN2,LCN2,IFITM3,TNF,SERPINC1,MMP3,IRF1,COL1A1,THBD,CXCL5,CXCR4,LDHA,HIF1A,MMP9,TNFAIP6,NAMPT,FCGR1B,ADM,CCR5,TNFSF10,HIF1A,ITGB1
STAT3,FCGR1A,THBD,CXCL13,MMP1,IFITM1,LGALS3,CX3CR1,S100A12,VNN2,HLA-DPB1,PPARG,FCGR3A,F3,HLA-DRB1,IFI27,ABCA1,PECAM1,BCL2A1,ITGAX,TGFB1,IL2RA,OASL,FGA,STAT2,GNLY,LDHB,PRF1,NOS2,PFKFB3,PPARG,CRP,IL1R1,MX2,NPPA,TLR1,PDCD1LG2,HSPA1A,STAT3,RSAD2,LIF,CLEC7A,GBP4,LGALS3,COL1A2,ICAM1,APOBEC3A,VEGFB,MMP3,STAT2,THBS1,ACACA,CHI3L1,ADM,HAVCR2,CD14,SERPINE1,PTGS2,IL23A,CD14,TAP1,SPARC,OAS2,S100A8,FCGR1A,TEK,CCL4,LCN2,MMP12,NLRP3,VCAM1,IFITM2,TNFAIP3,TLR2,PDCD1,TIMP1,DDX58,NOS2,HP,HMGB1,GZMB,CXCL1,NPPB,MMP9,SOCS1,COL3A1,VWF,CXCL8,CCR5,HIF1A,MMP1,MMP1,BCL2,HK3,FCGR2A,ANGPT2,CCR1,FAS,COL1A1,ITGAV
STAT4,VEGFA,PROC,CCL19,MMP3,CXCL3,S100A8,RGS1,CXCL8,ITGAM,HLA-DQA1,SREBF1,FCGR2A,THBD,CD40,IFI44,ABCG1,CDH5,BAX,ITGAM,MMP1,IL7R,GBP2,FGB,STAT4,GZMB,PDK1,KLRD1,IDO1,ACOD1,SLC2A3,SERPINA1,IL1R2,DDX58,NPPB,TLR6,CD40,HSPA8,STAT2,OAS2,EDN1,SIGLEC1,GBP7,LGALS9,FN1,VCAM1,APOBEC3B,VEGFC,TIMP3,IRF1,SELP,CPT1A,ADM,ANGPT2,LAG3,TLR2,VWF,DUOX2,IL23R,CD163,TAP2,EGR1,OAS3,S100A9,FCGR2A,SERPINE1,CCL5,HP,THBS1,CASP1,CD40,OAS3,MAPK14,TLR4,CTLA4,SERPINE1,CLEC4E,HIF1A,CRP,CALR,PRF1,CXCL2,NPPA,MMP12,SOCS3,FN1,PROS1,IL18,P2RX7,SLC2A3,MMP8,MMP12,BAX,PDK4,CXCR3,PDGFB,CXCR4,FASLG,COL3A1,PECAM1
STAT6,HIF1A,PROS1,VEGFA,MMP9,CCL5,S100A9,RGS16,IL18,ICAM1,HLA-DQB1,NAMPT,FCGR1B,VWF,CD40LG,OAS3,PPARG,CD86,MMP3,SELE,MMP3,CD38,IFIH1,FGG,TYK2,PRF1,PDK4,FCGR1A,IL10,SLC2A1,ALDOC,ORM1,IL18R1,TRIM21,IL33,HLA-DRA,CD40LG,HSPB1,SOCS3,OAS3,BDNF,IL15,ACOD1,CLEC7A,PECAM1,SELE,IFIT3,ANGPT1,TIMP2,IRF7,VWF,PLIN2,ANGPT2,LDHA,FOXP1,TLR4,PLAU,NOX4,IL27,TLR2,XAF1,ITGAV,ISG15,S100A12,FCGR3A,ADAMTS1,CCL19,PTX3,SERPINE1,IL18,CD28,CXCL11,MAPK8,TLR8,FOXP3,F3,LRRK2,VEGFA,SAA1,MMP9,GNLY,CXCL3,EDNRA,VEGFA,JAK2,ITGB1,FGA,IL18BP,HCK,PKM,MMP9,TIMP1,CASP1,PFKP,CCR5,PDGFRB,CCR7,NOD2,CTGF,ICAM1
SOCS2,MMP1,SERPINA1,MMP1,MMP14,CCR2,S100A12,FOXP3,IL1RN,VCAM1,CIITA,HMGCR,LILRB1,PLAUR,FAS,OASL,LPL,CD74,CXCL13,VCAM1,MMP8,CD27,IFIT2,F3,ISG20,NKG7,ACOD1,FCGR2A,IL1RN,PPARG,ENO1,ORM2,IL18RAP,USP18,GBP4,HLA-DRB1,CD80,LTF,PTPN6,OASL,CXCL13,IL18R1,NOS2,CLEC4E,SELE,ITGAM,IFIT1,ANGPT2,COL1A1,IRF8,ITGA2B,PPARG,PECAM1,HK2,GZMB,LYZ,THBD,NOS2,IL27RA,TLR4,MX1,HIF1A,IFIT1,DEFA1,MMP1,EDN1,CCL20,LGALS3,F3,PYCARD,PDCD1,CCL5,S100A9,DDX58,IL2RA,VWF,SLC11A1,ADM,SAA2,MMP1,CXCR6,CXCL6,ACTA2,ANGPT2,TYK2,LAMB1,FGB,IL1RN,HMOX1,ACOD1,ADM,SERPINE1,CASP3,SLC2A3,ITGAX,COL1A1,MMP9,TLR2,FN1,VCAM1
IL12B,MMP3,SERPINA3,MMP2,VEGFA,CXCR3,LTF,CTLA4,LTF,IL7R,BATF,LDHB,LILRB2,CXCL13,BCL2,RSAD2,SIRT1,HLA-DRA,IDO1,FLT1,MMP9,CTLA4,IFIT5,F2,PSMB8,MS4A1,GLS,FCGR3A,LCN2,CPT1A,PKM,HP,CASP1,SIGLEC1,GBP6,HLA-DPA1,CD86,MPO,IL10,IFI6,CCL19,TYROBP,HIF1A,CLEC4D,ICAM1,ITGAX,IFI27,ADM,COL1A2,MYD88,PLAUR,CYP27B1,SELE,PFKFB3,PRF1,LTF,PTX3,CH25H,IFI44L,NLRP3,MX2,PDK1,IFIT2,DEFA3,MMP3,CXCL12,CXCL5,LGALS9,VWF,CYBB,CTLA4,CCL7,S100A12,MB21D1,IFNG,ICAM1,NFKB1,THBS1,SERPINA1,MMP8,IL12B,VCAM1,MYH7,SELE,JUNB,ITGA5,PLAT,IL12B,NFE2L2,MTOR,MMP14,SELE,GSDMD,CPT1A,HLA-B,COL3A1,MMP1,TLR4,SERPINE1,SELE
IL12RB1,MMP9,NPPA,MMP3,ADM,CCR5,DEFA1,PDCD1,MMP14,IL2RA,IRF7,PKM,LILRA2,CXCL5,BAX,BST2,NR1H3,HLA-DMB,IDO2,CXCL11,MMP12,PDCD1,ISG20,F10,PSMB9,CD79A,SLC2A1,FCGR3B,CX3CR1,S100A8,IDH1,LAMP3,CASP4,FCGR1B,CXCL2,HLA-DPB1,CD83,ELANE,IFNG,IFI44,CXCL12,CD14,PFKFB3,C1QB,VCAM1,LYZ,IFI44,PDGFB,COL3A1,TLR2,PROS1,ALDH1A1,SELP,SLC2A1,NKG7,DEFA1,NPPA,ALOX5,RSAD2,AIM2,EPSTI1,LDHA,IFIT5,CAMP,MMP7,CFH,OAS2,IL1RN,FGA,CYBA,TBX21,IDO1,DUSP1,TMEM173,GNLY,VCAM1,RELA,VWF,SERPINA3,TIMP1,SOCS3,ICAM1,CCL4,SELP,STAT2,SPP1,NPPB,IL27,CD19,SREBF1,ICAM1,ICAM1,ATG5,FASN,HLA-A,FN1,MMP3,TNFRSF1A,F2,SELPLG
IL23A,MMP12,NPPB,MMP9,PLAUR,CCR7,MPO,LAG3,CXCL13,IL10,IRF1,TREM1,LILRA1,CXCL2,F3,DDX58,ACACA,CIITA,SOD2,CCL7,COL1A1,LAG3,CMPK2,VWF,TAP1,CD79B,SLC2A3,LYZ,CX3CL1,S100A9,S100A8,MMP1,NLRP3,FCGR3A,CXCL3,HLA-DQA1,CD84,CTSG,IL12B,IFI35,IL18,CD163,HK2,C1QC,ADM,MPO,BST2,PDGFRB,COL4A1,TLR4,TFPI,NOS2,SPP1,PDK1,GNLY,CEACAM1,NPPB,ALDH1A1,DDX60,NLRC4,GBP2,HK2,BATF2,MMP9,MMP9,CCL18,GBP2,IL10,FGB,NOS2,RORC,IRF8,FOS,JAK1,CD27,SELP,NFKBIA,SERPINE1,LGALS9,VEGFA,SOCS1,PECAM1,CXCL8,NOS2,CXCR6,HK2,GDF15,IL21,MS4A1,PPARG,VCAM1,VCAM1,BECN1,SREBF1,HLA-E,MMP12,TIMP1,NLRP1,F3,EDN1
IL27,MMP14,ADM,MMP12,PECAM1,CXCL13,ELANE,TIGIT,B2M,IL10RA,IRF8,TREM2,PTX3,CXCL3,VWF,IFIH1,FASN,BATF3,NOS2,CCR5,COL3A1,HAVCR2,HERC6,TFPI,PSME1,CD3D,S100A8,LTF,STAT3,S100A12,S100A9,MMP3,AIM2,CD163,CXCL5,HLA-DQB1,SELL,PRF1,IL18,GBP1,PTGER4,ALOX5,LDHA,C2,PDGFB,ELANE,TRIM22,COL1A1,COL5A1,TLR8,PTGS2,HMOX1,LTB,MMP1,KLRD1,ITGAX,CRP,S100A8,IFI6,CASP1,GBP4,PFKFB3,LILRB1,MMP1,MMP12,COL1A1,GBP4,TNFSF10,FN1,SOD2,IL17RA,IRF5,JUN,JAK2,HK2,SELPLG,SOCS3,F3,ICAM1,FN1,STAT2,PTGS2,IL10,HIF1A,CCR2,PFKFB3,APP,IL7R,CD79A,PPARA,SELE,PDGFB,F3,HIF1A,HLA-F,TGFB1,VEGFA,NLRP12,TFPI,COL1A1
IL7R,TIMP2,EDN1,MMP14,ICAM1,CCL8,CAMP,CD274,FGA,IL12B,TLR2,CD14,ANKRD22,PTGS2,FGA,IRF7,SAA1,ELF4,ARG1,SOCS1,PDGFB,TIGIT,USP18,SELE,IDO1,CD4,S100A9,S100A8,SOCS1,LTF,LCN2,MMP8,PYCARD,CYBB,CXCL8,CD74,SELE,GZMB,IL23A,GBP4,FGA,PLAUR,SLC2A1,C3,PDGFRB,GZMB,DDX58,COL1A2,COL6A1,PTPRC,SERPINA5,FGA,LTB4R2,MMP12,KLRK1,CD274,C1QA,S100A9,JAK1,CASP4,KDM6B,PKM,BCL2A1,MMP8,MMP14,COL3A1,STAT2,TNFRSF1B,ANGPTL4,HMOX1,FOXP3,JAK1,JUNB,SOCS2,PFKFB3,PLAT,SOCS1,F13A1,VCAM1,COL1A1,JAK1,CTGF,IL18,HK2,CX3CR1,LDHA,GFAP,LCK,CD79B,IDH1,CXCL13,PDGFRB,SERPINE1,SLC25A37,IFNG,SMAD3,ANGPT2,JAK2,VWF,COL4A1
LIF,ICAM1,ANP32A,SERPINA1,VCAM1,IL10,LCN2,CD163,FGB,IL12RB2,TLR4,CD40,KCNJ2,ALOX5,FGB,STAT2,SAA2,BLNK,S100A8,STAT2,ADM,CD274,BST2,ICAM1,CYBB,CD8A,LCN2,S100A9,IFNAR1,LCN2,CXCL1,MMP9,GZMB,NCF2,GZMB,CIITA,SELPLG,GNLY,IL27,GBP2,FGB,MMP1,ARG1,C4B,KDR,PRF1,DHX58,COL3A1,FN1,CD14,ICAM3,FGB,NR4A1,PECAM1,CSF1,PDCD1LG2,C1QB,LCN2,TYK2,CASP5,FKBP5,SLC2A1,CTSC,MMP12,VEGFA,FN1,IRF9,CD40,PDGFB,PRDX1,BATF3,CCL8,IKBKB,NOS2,LDHA,PLAU,HIF1A,TNNI3,SELE,COL3A1,TYK2,TIMP1,IL12B,PFKFB3,HLA-B,PDK1,LCN2,ZAP70,CD3D,IDH2,CXCL17,COL1A1,FGA,PPARA,GZMB,AGT,SERPINE1,STAT3,THBD,FN1
OSM,VCAM1,CD3D,SERPINB1,VWF,IL10RA,PRF1,SIGLEC1,FGG,IL18,TLR6,CD86,SLAMF7,PLA2G7,FGG,STAT3,CRP,CLEC4E,S100A9,LAG3,PTX3,CD80,RAB20,VCAM1,SPP1,CD14,ORM1,S100A12,IFNAR2,HP,IL1RN,MMP12,GNLY,NCF1,PRF1,B2M,CYBB,KLRD1,TGFB1,TRIM14,FGG,MMP12,IDO1,CFH,EDN1,GNLY,IRF1,ITGAM,VCAM1,FCN1,CLEC2B,FGG,NR4A3,ICAM1,CSF2,PDCD1,C1QC,MPO,ICAM1,ARG1,STAT2,ACOD1,PTPRN,MMP14,VEGFC,TGFB1,ISG15,CD80,COL1A1,PRDX2,PRF1,CXCL1,IKBKE,PRF1,SLC2A1,FGA,C1QA,NPPA,SELL,POSTN,PTPN6,ANGPT2,RELA,LDHA,HLA-C,ACOD1,AIM2,ITGAL,CD3E,GAPDH,EGR1,COL3A1,FGB,PPARG,PRF1,ACE,F3,SOCS3,PLAUR,TGFB1
IFNGR1,SELE,CD3E,SERPING1,ACOD1,PDCD1,GZMB,CLEC4E,VWF,IL18R1,TLR9,CD80,IFIT1,FOS,F5,SOCS1,HP,LILRB2,S100A12,CD274,NAMPT,CD86,EPHX2,PLAUR,ITGB1,ITGAM,ORM2,MMP1,JAK1,HPX,SERPINA3,VEGFA,PRF1,NOS2,GNLY,TAP1,NOS2,KLRK1,REL,TRIM22,F3,COL1A1,CPT1A,CRP,CAV1,CD274,IRF9,ITGB2,ICAM1,ITGAX,ALOX5,VWF,PDK1,VCAM1,CSF3,LAG3,CFH,MMP8,VCAM1,NOS2,IL10,IDO1,SAMD9L,MMP13,VEGFD,ITGAM,IFI6,CD86,ITGA5,CD274,GZMB,CXCL2,MAPK1,GZMB,CPT1A,FGB,C1QB,NPPB,SELPLG,ITGAM,CASP4,COL1A1,TBX21,PDK4,B2M,IDO1,LAMP3,ICAM1,CD27,GLS,NRP1,PECAM1,FGG,CD36,GNLY,F3,VWF,IFNGR1,IDO1,PDGFB
IFNGR2,SELP,CD4,TIMP2,IDO1,LAG3,GNLY,CLEC7A,SERPINE1,IL21R,NOD2,CD83,IFIT2,JUNB,F10,NFKBIA,HPX,SIGLEC1,DEFA3,PDCD1LG2,HIF1A,ICOS,PTPRC,SAA1,FN1,LILRB4,HP,MMP9,PSMB8,ALB,OSM,ANGPT2,KLRD1,CASP1,KLRD1,TAP2,PTGS2,NKG7,NFKBIA,TRIM25,F7,FN1,PPARG,SAA1,HK2,CD80,OAS2,PECAM1,SELE,ITGAM,GP1BA,F2,HK2,SELE,S100A8,HAVCR2,CFB,DEFA4,SELE,IL10,CD274,ARG1,PLCG2,VEGFA,NOS2,ITGB2,IFI16,CD14,ITGB3,PDCD1LG2,KLRD1,TLR8,MAP3K7,GZMA,ACADM,FGG,C2,ACTA1,ITGAM,ITGB2,NLRC4,PLAUR,JAK3,SLC2A1,TAP2,ARG1,CYBB,ITGAX,CD40,S100A8,ANGPT2,HIF1A,PLAT,GZMB,NKG7,SERPINE1,THBD,IFNGR2,ACOD1,PDGFRB
PTPN22,VWF,CD8A,S100A8,SLC7A5,CTLA4,CXCR5,CD14,PLAU,IL23A,NLRC5,CD163,OAS2,NFKB1,F13A1,RELA,FCN1,LAMP5,LILRB1,OSM,HK2,TBX21,HLA-DRA,SAA2,VCAM1,CCR7,HPX,MMP19,PSMB9,CCR2,BDNF,ADM,CD3E,RIPK2,NKG7,PSMB8,ALOX5,IDO1,VEGFA,STAT2,VWF,THBS1,VEGFA,SAA2,PFKFB3,CD86,OAS3,VCAM1,SELL,CSF2RB,S100A8,F3,PFKFB3,FAS,S100A9,CTLA4,TREM1,ELANE,SELP,IL10RA,CXCL11,CPT1A,BCL6,ANGPT2,SPP1,ICAM1,IFI35,TLR2,SPP1,LGALS3,NKG7,TLR9,AKT1,GNLY,ACADVL,HIF1A,C3,MMP12,ITGB2,PECAM1,RAB33A,CXCL5,STAT3,SLC2A3,PSME1,SLC2A1,NCF1,CD68,CD69,S100A9,TGFB1,ANGPT2,PLG,GNLY,CTLA4,THBD,COL1A1,IL6R,ARG1,CXCL12
TYK2,PECAM1,CD8B,S100A9,HK3,HAVCR2,PDCD1,LILRB1,F2,IL27,CASP1,CD274,OAS3,RELA,GP6,MAPK14,TLR1,ANKRD22,LILRB2,LIF,PFKFB3,GATA3,HLA-DRB1,SAA4,ICAM1,HLA-DRA,SERPINA1,VEGFA,TAP1,CCR5,NR4A2,HIF1A,CD4,NLRP3,BCL2,PSMB9,ALOX5AP,ACOD1,ANGPT2,JAK1,SERPINE1,ICAM1,ANGPT2,LBP,LDHA,IL2RA,MX2,ICAM1,PECAM1,CSF1R,S100A9,SERPINA1,SLC2A1,FASLG,S100A12,CCR5,CD163,CTSG,EDN1,IL10RB,CCL7,PGD,ZBTB20,ANGPTL4,COL1A1,VCAM1,IFIT1,TLR4,PTK2,LGALS9,NCR3,CASP3,NLRP3,NKG7,PPARA,SLC2A1,C4B,CXCL2,PLAU,ANGPT2,USP18,CXCL4,STAT2,IDO1,PSME2,CPT1A,GPX1,CD14,ICOS,S100A12,COL1A1,PLAU,VWF,PRF1,PDCD1,VWF,COL3A1,IL7R,HK2,CXCR4
TRAF3,CD36,CD38,S100A12,PFKFB3,TIGIT,LAG3,LILRA2,F3,IL27RA,GZMB,LILRB2,SOCS1,STAT3,SELP,JAK1,TLR6,CTSC,CD163,LIFR,PDK1,RORC,HLA-DPA1,CRP,SELE,HLA-DRB1,ADM,ANGPT2,TAP2,CXCR3,S100A12,FN1,CD8A,CLEC4E,CASP3,HLA-A,PRDX1,HK3,FLT1,JAK2,PLAT,VCAM1,MMP9,LTF,PDK1,IL7R,GBP2,SERPINE1,VWF,MERTK,S100A12,SERPINA10,LDHA,CASP3,ALDH1A1,CXCR3,MRC1,BPI,ADM,IL18,CCL8,SREBF1,CD274,ICAM1,COL3A1,PECAM1,IFIT2,NLRP3,SIRT1,ICAM1,CD3D,BCL2,PYCARD,KLRD1,PDK1,SLC2A3,CFH,CXCL3,PLAUR,HIF1A,CXCL3,F3,SOCS1,ACOD1,UBE2L6,ACACA,SLC2A1,LYZ,LAG3,OLFM4,COL5A1,ANGPTL4,F13A1,NCR1,LAG3,PLAUR,MMP14,IL2RB,PFKFB3,PDPN
TRAF6,CD40,HLA-DRA,ADM,LDHA,GZMB,TIGIT,FCGR1A,PROC,IFNGR1,GNLY,AIM2,SOCS2,STAT2,PLG,TYK2,SIGLEC1,KIAA2013,CD14,RORA,LDHA,FOXP3,HLA-DPB1,HP,SELL,HLA-B,NPPB,SELE,GBP2,CCR7,SAA1,ICAM1,CD14,CLEC7A,BAX,HLA-B,PRDX5,PFKFB3,ADM,SOCS1,THBD,VWF,MMP1,HP,ACOD1,CD3D,GBP4,LGALS3,VEGFA,AXL,NR4A1,THBD,PKM,CASP1,ARG1,CXCR6,CLEC7A,OLFM4,ANGPT2,IL18R1,CX3CL1,PPARA,PDCD1LG2,VCAM1,COL5A1,PDPN,IFIT5,BECN1,HIF1A,VCAM1,CD4,BAX,CASP1,ZAP70,HIF1A,HK2,CFB,LTF,MMP8,HK2,CXCL5,SERPING1,PTPN6,GLS,PARP9,FASN,PPARA,MARCO,PDCD1,LTF,LOX,HK2,SERPINA1,KLRD1,TIGIT,GP6,EDN1,IL15RA,LDHA,SAA1
TBX21,FLT1,HLA-DRB1,FGA,GLS,PRF1,FOXP3,FCGR2A,PROS1,IFNAR1,PRF1,NLRC4,JAK1,IRF7,SERPINA1,TAP1,ITGAX,CXCL13,CD36,NR4A1,SLC2A1,JAK1,B2M,HPX,S100A12,HLA-A,NPPA,VCAM1,GBP4,CX3CR1,SAA2,VCAM1,CD68,CD14,CD4,HLA-C,SOD2,PDK1,EDN1,BTK,ADM,F3,MMP3,ALB,IDO1,CD3E,CXCL8,SPP1,FLT1,TYRO3,NR4A2,PLAT,CPT1A,CD79A,NOS2,CCR2,CLEC4E,CXCL1,TEK,IL18RAP,SAA1,PPARGC1A,IL7R,SELE,FAP,CDH5,IFI44,ATG5,EGR1,SELE,CD8A,BATF2,RELB,LCK,TGFB1,PFKFB3,F3,SAA1,PTX3,HK3,CCL5,SELP,DUSP1,SDHA,DDX60,ACLY,PPARG,CLEC4E,CTLA4,LCN2,PDGFB,PFKFB3,SERPINA3,LILRB1,ITGAM,PF4,ITGAM,TGFB1,PKM,SAA2
GATA3,PDGFB,HLA-DPB1,FGB,GPD2,BCL2A1,IL10,ITGAX,THBD,IRF8,CCL4,NLRP3,TYK2,IRF8,SERPINA3,HLA-DRA,ITGAM,CCL19,HLA-DRA,PTGS2,SLC2A3,JAK2,CD3D,ORM1,IL10,B2M,F5,ICAM1,GBP6,XCL1,HP,SELE,FCGR1A,ITGAM,CD8A,CD3D,GCLC,CPT1A,HIF1A,CD274,CD36,FGA,TIMP1,SERPINA1,SLC2A1,CD8A,IL10,POSTN,ANGPT2,CYBB,CX3CR1,PLAUR,ACADM,MS4A1,HMOX1,CCR1,MARCO,CXCL2,NOS2,TBX21,SAA2,LPL,CCR7,SELP,POSTN,PDGFB,IFI44L,SQSTM1,LPL,CCR2,CD14,DUSP3,NFKB2,CD3D,TGFBI,LDHA,FGA,SAA2,CLEC4E,PFKFB3,CCL7,VWF,DUSP2,PPARG,DDX58,SIRT1,PDK1,PECAM1,CFH,CTSB,HK2,PKM,SERPIND1,FCGR1B,TLR2,PPBP,ITGAX,TGFBR1,PDK1,CRP
RORA,COL1A1,HLA-DPA1,FGG,PKM,BCL2L11,TGFB1,ITGAM,NPPA,JAK2,CCL5,CASP4,STAT3,CD14,CRP,HLA-DRB1,ITGB2,CCL21,HLA-DRB1,ALOX5,ACOD1,TYK2,CD4,ORM2,IL10RB,JAK1,F13A1,PECAM1,XAF1,CD4,HAMP,SELPLG,FCGR2A,ICAM1,CD3D,CD3E,HIF1A,SLC2A3,PPARG,PDCD1LG2,PLAUR,SERPINA1,ICAM1,A2M,PPARGC1A,CD27,IL1RN,HK2,ANGPTL4,NCF2,TNFAIP3,GP1BA,PPARA,CD19,PTGS2,IL2RB,LY96,CXCL3,CSF1,FOXP3,CFB,FABP4,CXCR3,VWF,ITGAX,KDR,BST2,CASP1,RETN,CCR5,LILRA1,KLF2,NFKBIZ,CD3E,COL1A1,PKM,FGB,SOD2,CLEC7A,LDHA,GZMA,THBD,DUSP5,SIRT1,TRIM22,AMPD2,ATF3,CD36,C3,CTSC,LDHA,PDK1,NPPA,FCGR2A,TLR4,ITGB3,ICAM1,TGFBR2,SLC2A1,HP
RORC,COL3A1,HLA-B,VWF,ARG1,CASP8,IDO1,CD36,NPPB,TYK2,CXCR4,CASP5,STAT2,CD163,SAA1,HLA-B,ITGB1,OSM,HLA-DPA1,FPR1,CPT1A,SOCS1,CD8A,LCN2,TGFB1,JAK2,PDCD1,ITGAM,IFI44,CD8A,F3,PECAM1,FCGR3A,SELP,CD27,CD3G,EPAS1,NOS2,ICAM1,LILRA1,ITGA2B,HAMP,VCAM1,APOE,CPT1A,CD40LG,CD14,PFKFB3,PDGFB,NCF4,NFKBIA,GP9,PPARG,BLK,PLAUR,IL7R,TLR2,CXCL5,CSF1R,GATA3,CFH,LPIN1,CXCR6,COL1A1,ITGB2,HIF1A,TLR3,CASP4,FABP4,CX3CR1,TREM1,LYZ,TNIP1,CD8A,COL3A1,ACOD1,FGG,ACOD1,CLEC5A,PKM,CD40LG,GP6,TLR2,LPL,TRIM5,NDUFV2,BCL2A1,PTPN6,C1QA,CTSD,PDK1,PDK3,NPPB,OASL,TLR8,ITGA2B,VCAM1,SMAD2,SLC7A5,LCN2
NR4A1,PLAUR,HLA-C,SERPINC1,GAPDH,CASP9,ARG1,CD68,EDN1,SOCS1,CCR2,TXNIP,NFKBIA,ITGAX,SAA2,HLA-E,ICAM1,LTB,HLA-DPB1,CXCR1,NR4A1,SOCS3,CD14,LBP,SMAD3,STAT3,CTLA4,ITGAX,IFI35,CD8B,SERPINE1,COL1A1,FCGR1B,PECAM1,IL2RA,CD4,PPARG,ARG1,VCAM1,FCGR1B,BATF2,SAA1,SELE,RETN,GLUL,CCR5,CLEC4E,LDHA,PDGFA,NOX1,MAPK14,ITGA2B,FABP4,CX3CL1,SERPINE1,CD3E,TLR4,CXCL8,CXCL12,RORC,CRP,FASN,CCR2,COL3A1,ICAM1,PFKFB3,TLR9,GSDMD,ABCA1,CCR1,CLEC4E,LTF,LTB,CD8B,FN1,ARG1,SERPINC1,HK2,MSR1,GAPDH,TBX21,ITGA2B,TLR4,ARG1,OAS2,PPARA,CASP1,PTPRC,C1QB,GZMB,SIRT1,SLC2A1,VEGFC,IFI16,CD14,NPPB,PECAM1,SMAD3,CPT1A,LTF
CYBB,SERPINE1,BCL2,SERPIND1,HIF1A,CASP1,IL23A,MARCO,MMP2,CISH,CXCL13,P2RX7,NFKB1,CCR7,ALPL,CD74,VCAM1,PTX3,TLR2,CXCR2,NR4A3,STAT3,CD68,CLU,SMAD7,STAT2,HAVCR2,SELPLG,IFI6,ZAP70,THBD,COL3A1,FCGR1C,VCAM1,IL7R,CD8A,FOXO3,G6PD,ITGAM,FCGR1C,CD274,SAA2,S100A8,MRC1,ARG1,CXCR3,CAMP,PDK1,ITGAM,OLR1,ARHGAP25,ANXA5,FABP5,CCL5,F3,CD4,TLR8,CCL2,CXCR4,IL2,FPR1,CH25H,CCR5,FN1,VCAM1,LDHA,NLRP3,BCL2,PPARG,CCR8,S100A8,PSMB8,MMP9,CD4,SERPINB2,ARG2,THBS1,PFKFB3,CD163,PDK1,FOXP3,F2R,TLR8,HAMP,RSAD2,PPARG,IL18,HLA-DRA,C1QC,GNLY,ACOD1,ACOD1,ANGPT2,DHX58,CD68,EDN1,SELE,SMAD4,PPARG,ORM1
VEGFA,PLAU,CASP1,F2,PPARA,NLRP3,IL17A,NOS2,TLR2,STAT2,CCR7,ITGAM,TNFAIP3,CD40,CSF1,CIITA,PECAM1,BDNF,TLR4,HP,PPARA,STAT2,CD86,CP,HMOX1,SOCS1,TIGIT,SERPINE1,OAS2,LCK,SPP1,POSTN,MRC1,GZMA,IRAK3,CD8B,MTOR,PPP1R15A,TIMP1,FCGR2A,CTLA4,C1QB,S100A9,CD163,NOS2,CCR2,DEFB4A,ACOD1,ITGB2,LIPA,BDNF,TFPI,FASN,CXCL1,FGA,CD8A,TLR9,CCL3,LGALS3,IL2RA,ITGAX,ACLY,HLA-DRA,PECAM1,HK2,HK2,TLR8,BAX,PPARA,CXCR6,S100A12,PSMB9,MMP1,CD19,LGALS3,NOS2,VWF,LDHA,MS4A7,ACOD1,RORA,FN1,NOD2,HP,SP110,HIF1A,IL1RN,HLA-DPA1,BAX,PRF1,CPT1A,CPT1A,ADM,DDX58,MARCO,STAT3,ACOD1,VEGFA,SREBF1,ORM2
FLT1,F3,GZMB,F3,SLC2A1,AIM2,RORC,IDO1,TLR4,STAT4,CD40,ITGB2,RELB,CD80,CSF2,TAPBP,SELE,GFAP,BATF,ORM1,PPARG,NOS2,CD40,APOH,NRF2,TLR2,LILRB2,F3,OAS3,CD28,EDN1,SPP1,CLEC4E,GZMH,TYK2,CD27,AKT1,DDIT3,TIMP2,FCGR3A,LAG3,C3,S100A12,VSIG4,PPARG,SLAMF7,ELANE,IDO1,ITGA4,FABP5,P2RX7,NPPA,SREBF1,CXCL2,FGB,PRF1,IL10,CCL4,TNFSF13B,IL7R,CLEC7A,SCD,HLA-DRB1,FLT1,PKM,PDK1,CLEAR4D,PINK1,SOCS1,CCL20,LYZ,CIITA,VEGFA,MS4A1,LGALS9,PPARG,SERPIND1,PDK1,MS4A6A,SLC2A1,BATF,HLA-DRA,DDX58,S100A8,CIITA,LDHB,IL23A,HLA-DRB1,BCL2,NKG7,PPARA,PPARG,ITGAM,IFIH1,CLEC4E,IL6,SLC2A1,ANGPT2,MTOR,PTX3
KDR,THBD,PRF1,THBD,ATF3,NLRC5,CCR5,ARG1,TLR8,STAT5A,CD83,ITGAX,REL,CD86,CSF3,B2M,SELP,SAA1,BCL6,ORM2,FOS,CYBB,CD80,SERPINA1,PPARG,TLR4,LY6E,F2R,MX2,ICOS,NPPA,ITGAM,CLEC7A,GNLY,SIGLEC1,CD28,PIK3CD,XBP1,PDGFB,CXCL8,PDCD1,C4B,LCN2,MARCO,FASN,TLR2,MPO,NAMPT,ITGB1,CPT1A,CCR2,NPPB,AKT1,MAPT,FGG,GZMB,IL12B,CCL7,PDK1,HLA-DRA,NOD2,PCK1,HLA-DPB1,KDR,PFKFB3,SLC2A1,CARD9,CCR2,CCR2,SELPLG,RETN,HLA-DRA,ICAM1,PTPRC,THBS1,PPARA,PROC,SLC2A1,LILRB1,CPT1A,BCL2A1,HLA-DRB1,CLEC4E,S100A9,IRF8,GFAP,NRG1,HLA-DRB5,FAS,KLRD1,PPARG,PPARA,PECAM1,PTPN6,CD36,IL10,HK2,FLT1,HMOX1,ITIH4
ANGPT2,SERPINA1,KLRD1,PLAT,INSIG1,CIITA,CCR7,BATF3,TLR9,PTPN2,CD86,COL1A1,NOS2,HLA-DRB1,SLAMF1,CRP,CD14,SAA2,AIM2,SOD2,JUN,DUOX2,CD274,PFKFB3,CPT1A,TLR8,BST2,THBD,DDX58,CD40LG,NPPB,HK2,MARCO,KLRD1,CD74,ICOS,MAPK14,ATF4,SERPINE1,IL6,IDO2,CFH,TLR4,ITGAM,ACACA,TLR4,FCGR3A,SLC2A1,ACTA2,PDK4,CSF1,ADM,PTEN,GFAP,THBD,GNLY,IL23A,CXCL13,PDK3,HLA-DRB1,DPP4,GOT1,HLA-DMB,F3,PDK1,ACLY,MAPK8,CX3CR1,CXCL13,CD14,MMP12,HLA-DRB1,VCAM1,CCR7,ITGAX,SREBF1,PROS1,SLC7A5,LILRB2,PPARG,BCL2L1,HLA-DPA1,LRRK2,S100A12,LY6E,SLC1A2,STAT2,HLA-DQA1,FASLG,SLAMF7,SLC2A1,HIF1B,SELE,JAK1,CD80,IL12B,PDK1,KDR,SOCS3,FGB
ANGPTL4,SPP1,NKG7,TFPI,PPP3CA,HLA-DRA,CXCL5,EGR1,NOD2,PTPN22,CD80,COL3A1,ARG1,HLA-DPA1,LRRK2,SAA1,CD36,F3,MX1,HMOX1,EGR1,GPX1,PDCD1,HK2,PDHA1,NOD2,FAM26F,PROS1,CCR1,CD27,VWF,PKM,MSR1,NKG7,LAMP3,CTLA4,MAPK1,HIF1A,PLAUR,IL10,GBP2,HSPA1A,IL18R1,ITGAL,SREBF1,TLR8,FCGR2A,SLC2A3,TGFBI,HK2,HMOX1,PTX3,MTOR,SERPINA1,VWF,NKG7,IL18,F3,SLC1A5,HLA-DPA1,CD80,ALDOC,CD40,SERPINE1,LDHA,CPT1A,RELA,CD163,CCR5,CD163,PTX3,CD74,MMP3,SELL,F3,SCD,TFPI,PPARGC1A,SIRPA,SREBF1,BAX,HLA-DPB1,SPOCK2,LCN2,LGALS9,AQP4,MX1,HLA-DQB1,CASP3,CD83,IDH1,ACLY,ICAM1,JAK2,CD86,IFNG,PDK4,PDGFB,SOCS1,FGA
PDGFB,CXCL13,CXCR6,A2M,CACNB2,HLA-DRB1,CCL17,EGR2,CLEC4E,DUSP1,CD4,MMP12,LCN2,HLA-DPB1,PTGS2,SAA2,CD40,SERPINE1,MX2,NFE2L2,S100B,CAT,CTLA4,SLC2A3,SDHB,NOS2,INHBA,VWF,CCR2,BCL2,FGA,LDHA,SIRPA,HLA-DRA,HLA-DOA,PDCD1,MAPK3,EGLN1,VWF,CCL5,IRGM,XAF1,IL18RAP,ITGB2,MTOR,TLR9,FCGR1B,SLC16A3,HIF1A,PKM,TLR2,S100A8,ATG5,NAMPT,SELP,KLRD1,GBP3,F2R,SLC7A5,IFNGR1,CD86,S100B,CD83,PLAUR,HIF1A,PPARG,NFKB1,MS4A6A,CXCR3,ITGAM,ITGAM,CCR2,MMP12,CXCR3,FGA,MMP3,CASP3,PPARG,IL10,MTOR,MCL1,HLA-DQA1,CD5,FTL,SIGLEC1,CXCL12,MX2,HLA-DMB,BECN1,FGA,G6PD,LDHA,VCAM1,TYK2,CD40,CXCL5,LDHA,PDGFRB,GCLC,LGALS3
PDGFRB,SPARC,CCR5,CLU,BDNF,TAP1,IL21,EGR3,CLEC4D,DUSP5,CD8A,TIMP2,LILRB3,CCR5,PLA2G2A,APOA1,CD80,PLAUR,CD3D,PRDX1,BDNF,SOD2,TIGIT,SLC2A1,IDH1,SOD2,IDO1,PLAU,CCR7,BAX,FGB,PDK1,SIGLEC1,HLA-DRB1,TAP1,LAG3,JUN,ADM,MMP14,CCR5,IFI44,GZMA,IL18,ICAM1,ATF4,NOD2,HLA-DRA,ENO1,HK3,LDHA,TLR4,S100A9,BECN1,ABCA1,SELE,KLRB1,GBP4,FGA,ACOD1,IFNGR2,CYBB,GFAP,TLR2,THBD,LIPA,PPARA,STAT3,MARCO,CCR7,ITGAX,ITGAX,CXCR4,KDR,CXCR6,FGB,MMP12,CASP1,PPARA,IL12B,RPTOR,PTPRC,HLA-DQB1,RAB20,FTH1,SERPING1,CX3CR1,GBP2,CIITA,ATG5,FGB,ATF4,LDHB,MMP1,STAT2,CD83,CXCL2,CPT1A,TGFBI,GCLM,LGALS3BP
MMP9,ANGPT2,CCR7,HIF1A,NR4A1,PSMB8,PTGS2,TNFAIP6,LYZ,DUSP3,CD8B,SERPINH1,MARCO,CXCR3,HMOX1,APOE,CD86,SELP,CD4,GPX1,TXNIP,PRDX1,HAVCR2,LDHA,MDH2,CYBB,IRF7,MPO,CXCL5,CASP3,FGG,PFKP,ITGAM,HLA-DPA1,CIITA,TBX21,FOS,EDN1,PECAM1,CD163,IFI44L,IFI27,CXCL1,SELL,AKT1,LYPD3,HLA-DRB1,PKM,PFKFB3,ACOD1,TLR8,S100A12,MAP1LC3B,ABCG1,ITGA2B,HLA-DRA,GBP6,FGB,NT5E,GP130,HLA-DRA,BDNF,TLR4,FGA,LPL,MTOR,PTEN,FCN1,CCL5,HLA-DRA,ITGB2,TREM1,FLT1,CCR2,FGG,COL1A1,CASP4,CPT1A,IL18,PRKAA1,ITGAM,TAP1,INSL3,SERPINA1,CD38,C3,GBP4,TAP1,MAP1LC3B,FGG,CH25H,G6PD,MMP3,STAT3,CD69,CCL3,SLC1A5,MMP14,NQO1,SERPINA1
MMP1,IDO1,CFH,HK2,NR4A2,PSMB9,ALOX5,TNFAIP3,CYBB,KLF2,CD14,TGFBI,CLEC4E,IFI6,NFE2L2,HP,CD274,SELE,CD8A,CFH,GADD45B,TXN,GZMB,LDHB,GLUD1,CRP,SOCS3,ELANE,CXCL2,CASP1,F13A1,SLC2A1,ITGB2,HLA-DPB1,SAMD9L,EOMES,JUNB,ICAM1,COL1A1,CD14,IFI27,SP140,CXCL2,SELPLG,NFE2L2,C1QB,HLA-DPA1,HIF1A,PKM,NAMPT,TLR1,CXCL13,SQSTM1,SLC11A1,ITGB3,HLA-DRB1,GBP7,FGG,NAMPT,IL6R,HLA-DRB1,NRG1,TLR8,FGB,ACAT1,ACOD1,PIK3CG,ITGAM,CCL7,HLA-DRB1,ITGB7,CLEC4E,VEGFC,CCR5,SERPINC1,COL3A1,BECN1,CYBB,IL18BP,LIPA,ITGAX,TAP2,FBOX6,CRP,CD14,TNFRSF1A,HERC5,TAP2,SQSTM1,SERPINA1,HMOX1,FASN,MMP12,SOCS2,FOXP3,CCL4,ACSL1,COL1A1,SOD2,SERPINA3
MMP3,ARG1,C3,LDHA,NR4A3,IFNG,PLA2G4A,IRAK3,NOX4,BCL2L11,CD68,FN1,CLEC7A,IFI27,BCL6,MBL2,TAP1,ICAM1,CD247,C3,SERPINE1,TXNIP,PRF1,PKM,KYNU,LBP,STAT2,CEACAM1,CCL20,BECN1,PLAU,ACLY,ITGAL,TAP1,DDX58,GATA3,TNFAIP3,VCAM1,COL3A1,TLR2,IFIT1,TRAFD1,CXCL13,VCAM1,BDNF,C1QC,HLA-DPB1,CPT1A,LDHA,SLC2A3,NOD2,SIGLEC1,RAB7A,TLR9,GP1BA,HLA-DPA1,IFIT1,SERPINE1,NRF1,MAPK14,CD38,APOE,NOD2,FGG,FABP4,NAMPT,AKT1,LILRB2,CCL19,CIITA,SELP,CARD9,SELE,FOXP3,VWF,FN1,ATG5,CFB,NLRP3,LPL,CD86,CIITA,LMNB1,SAA1,CLEC4E,BDNF,USP18,PSMB8,CXCL12,SERPINC1,FASN,CXCL13,TIMP1,SOCS4,IL2RA,CCL5,G6PD,COL3A1,CAT,TNFAIP6
TIMP1,ACOD1,C4B,PDK1,PTX3,IFNGR1,PDK1,SOCS3,IFI16,JAK3,ICAM1,MMP14,CXCR6,IFIT1,KLRK1,FGG,TAP2,VCAM1,GZMB,C1QA,F3,CCR7,GNLY,PDK1,ARG1,SAA1,IRF1,CEACAM6,IL12A,ATG5,THBS1,FASN,ITGAX,TAP2,IFIH1,FOXP3,TNFSF10,SELE,SLC2A1,TLR4,IFIT2,JAK2,CXCR3,PECAM1,GFAP,C1QA,CD74,PPARGC1A,ENO1,SLC2A1,DDX58,RSAD2,GABARAPL1,ADAR,GP9,HLA-DPB1,IFI35,VWF,UCP2,MAPK8,MZB1,APP,CASP1,PROS1,SREBF1,IDO1,MTOR,SIGLEC1,CCL21,DUSP1,ITGA2B,NOD2,SELP,PRKACA,NPPA,S100A8,AIM2,C3,CASP1,NR1H3,CD80,CD74,IFITM1,SAA2,CLEC7A,S100B,RSAD2,CTSS,CCL11,SERPINF2,ACACA,CCR2,COL1A1,CTLA4,IL10,CXCR3,GFAP,COL4A1,GPX1,TNFAIP3
ITGAM,HK2,C1QA,PKM,LTF,JAK2,HK2,SOCS1,CXCL2,TBX21,VCAM1,ADAMTS4,CXCR2,IFIT2,NCR1,PLAUR,B2M,F2R,PRF1,C1QB,VWF,CCL3,NKG7,HIF1A,NOS2,SAA2,TLR2,CRP,CLEC4E,SQSTM1,COL1A1,SCD,ITGAV,B2M,MB21D1,RORC,CASP1,F3,HK2,NOD2,IFIT3,SOCS1,CXCR4,CD36,APP,CFB,LAMP3,ACACA,SLC2A3,MTOR,TMEM173,IFIT1,RPS3,DDX58,PDGFB,HLA-B,IRF9,THBD,CPT1A,MAPK3,CD19,CX3CR1,NLRP3,PROC,PPARG,ARG1,FOXO3,CLEC5A,TIGIT,DUSP2,FBLN1,SIGLEC1,PECAM1,BTK,NPPB,S100A9,PYCARD,CFD,PYCARD,FABP4,HLA-DRA,CD40,IFITM3,APOE,TLR2,MMP2,IFITM3,CTSB,GFAP,TFPI,SCD,CCR5,FN1,PDCD1,IL12B,CCR7,S100B,FN1,SAA1,NFKBIA
ITGB2,PFKFB3,C1QB,ACOD1,FGA,TYK2,PFKFB3,TYROBP,CCL20,VEGFA,SELE,ADAM8,CCL3,IFIT3,PRF1,PLAT,PSMB9,THBD,PDCD1,C1QC,THBD,CCL4,KLRD1,EPAS1,CCR1,PLAUR,TLR4,PTX3,CD14,JAK2,COL1A2,NAMPT,TLN1,PSMA1,OAS2,STAT3,CASP3,F2R,PFKFB3,CD74,CXCR3,GPR183,XCL1,PPARG,CX3CL1,C3,CD38,FASN,SLC2A1,HIF1A,MAVS,IFIT2,RPS6,IFIH1,PDGFA,HLA-A,RSAD2,PLAT,CPT1B,MAPK1,MS4A1,CCR5,AIM2,SERPINC1,UCP2,NOS2,IKBKB,JAK2,HAVCR2,MAPK14,FBLN5,SIGLEC5,ADM,SYK,IL1RN,S100A12,GSDMD,CFH,CYBB,GFAP,HLA-DRB1,CD36,OAS2,ORM1,TLR8,TREM2,IFITM1,BCL2A1,S100B,PROC,PKM,CCR7,HK2,LAG3,IFNB1,IRF1,CHI3L1,ITGAV,SAA2,NFKBIZ
ITGAX,PDK1,C1QC,SLC2A1,FGB,STAT5A,LDHA,SYK,DEFB4A,ANGPT2,SELL,SELE,CCL4,IFIT5,GZMB,SERPINB2,CASP3,VWF,CTLA4,LILRA2,NPPB,CCL8,KLRC2,PPARG,CCL3,PTX3,TLR8,SAA1,CD86,TYK2,CASP8,G6PD,ICAM1,PSMB8,IFI44,STAT5A,CASP8,SERPINE1,PDK1,TNFSF10,CCR7,CCR2,IL7R,CPT1A,LCN2,C5AR1,CD86,GAPDH,ACOD1,EGLN1,PGLYRP2,IFIT3,EIF2AK3,USP18,ADM,HLA-E,TRIM22,NPPA,ACACA,AKT1,PRDX1,CCL11,CD14,CRP,INSR,GLS,MAPK14,TYK2,LAG3,MAPK8,COL1A1,CD36,EDN1,FCGR3A,BDNF,S100A11,XAF1,CFI,NCF2,S100B,TAP1,CD14,OAS3,ALB,TLR4,CSF1,IFITM2,BCL2L11,IL18,PROS1,S100B,APP,PFKFB3,ICOS,CEBPB,IRF3,LTF,ITGB3,LCN2,SOD2
SELL,LDHA,SERPING1,CPT1A,FGG,AKT1,SLC2A1,HLA-DPA1,DEFB1,FLT1,PECAM1,SELP,CCL5,MX2,GNLY,ADM,BCL2,IL18,LAG3,SIGLEC14,NPPA,IL18,CXCR3,CPT1A,CCL4,NPPA,NOD2,SAA2,CD40,STAT3,TNFRSF10C,GAPDH,ICAM2,PSMB9,ISG15,STAT6,BCL2,THBD,LDHA,TNFSF13B,CCR2,CXCL8,CCR7,LDHA,OLR1,CR1,CD80,CISH,IDO1,PINK1,CLEC7A,OAS2,ATF4,TXNIP,NPPA,B2M,SIGLEC1,GDF15,FASN,PIK3CA,PKM,IL34,ITGAM,SAA1,SLC2A1,ME1,DUOX2,STAT2,PDCD1LG2,IKBKB,THBS1,CD163,ANGPT2,IFIT2,CX3CL1,GFAP,ITGB2,SERPINA1,NCF4,IL17A,TAP2,CD163,OASL,VWF,TLR1,CSF1R,OASL,CASP1,TNFAIP3,F3,BDNF,APOE,LDHA,CXCR5,CEBPD,IRF9,LCN2,LAMA4,CRP,FOS
SELPLG,LDHB,CLU,PPARG,SERPINE1,MTOR,TXNIP,HLA-DPB1,BECN1,KDR,ITGAM,PECAM1,CCL2,OAS2,ITGAM,ANGPT2,BAX,IL10,MRC1,CYBB,IRF7,IL27,CXCR4,ACADM,CCL7,MMP8,CYBB,HP,CD80,SOCS1,PHOSPHO1,IDH1,VCAM1,CD40,MX1,MMP1,BAX,VWF,IDO1,BCL2,CXCR4,CXCL5,APOE,HK2,SLC11A1,ITGB2,CD40,PPARA,ARG1,PRKN,CLEC4E,OAS3,DDIT3,NQO1,NPPB,TAP1,USP18,LGALS3,SREBF1,PTEN,PFKFB3,TREM2,LYZ,SAA2,G6PD,TIGAR,CYBB,ISG20,CTLA4,PTGS2,LOX,TLR1,PDGFB,OAS2,S100B,C1QA,CD14,SERPINA3,NOS2,IL23A,CTSB,CD1C,MX1,F3,NOD2,HLA-DRB1,TRIM22,CASP4,TRAF6,THBD,P2RY12,SAA1,PKM,CXCL5,BCL2A1,STAT2,S100A8,TNFSF11,S100A8,JUN
CCR2,CPT1A,APOA1,SIRT1,THBD,RHEB,HIF1A,HLA-A,ATG5,MMP12,ITGB2,EDN1,CXCL1,OAS3,ITGAX,PECAM1,PRF1,IL4,CD209,NOX1,IRF1,IL12B,CCR5,MTOR,CXCL5,CXCL8,BCL2,APCS,CD274,PTPN6,GSTA3,IDH2,SELE,CD80,MX2,MMP3,BCL2L11,NPPA,ACOD1,BCL2L11,SLAMF8,CXCL2,LPL,PDK4,S100B,ICAM2,CCR7,GLS,NOS2,SQSTM1,CD14,OASL,XBP1,GCLC,TNNT2,CIITA,LY6E,TLR1,MTOR,TRAF6,PDK4,LILRB2,MAP1LC3B,NPPA,ENO1,TXNIP,HLA-DRB1,MX1,GZMB,TNFAIP3,LOXL2,FCGR1B,ITGAM,SIGLEC1,CCL11,C1QB,CD36,IL18,ARG1,CCL20,CTSD,ITGAX,MX2,F5,MYD88,CLU,CXCL5,CASP8,CALM1,F2R,CX3CR1,SAA2,SLC2A1,CXCL2,BCL2L11,TYK2,S100A9,CSF1,S100A9,JUNB
CCR5,PPARA,APOA2,SIRT3,TFPI,RPS6KB1,SLC11A1,HLA-B,SQSTM1,MMP14,LILRB2,ANGPT2,CXCL2,OASL,ITGB2,SELE,GZMB,IL2,CLEC4F,MARCO,IRF8,TNFRSF1B,CCR7,SIRT1,CXCL6,CXCL13,CASP1,LBP,LAG3,PTPN2,TMCC1,GLS,SELPLG,CD86,RSAD2,MMP7,BID,NPPB,ENO1,CASP1,SIGLEC1,CCL20,CD36,ACOD1,IL1RN,SELL,CCR5,NFE2L2,PPARA,ATG5,MYD88,TRIM22,HSPA5,GCLM,MYH7,STAT2,OAS2,CD274,PRKAA1,MYD88,LDHA,TNFSF13B,SQSTM1,HK2,FASN,FASN,CD40,IFIT1,PRF1,TNIP3,VCAN,FCGR2A,HIF1A,RSAD2,TNFRSF1A,C1QC,CD80,IL18R1,ACOD1,CXCL1,LAMP2,CLEC7A,IRF1,FGA,IRAK4,APOE,CCL17,CASP10,CAMK2A,VWF,GFAP,AGER,PDK1,CXCL1,CASP3,JAK1,S100A12,CSF1R,S100A12,IER3
CXCR3,PPARG,APOE,SLC25A20,F2R,EIF2AK2,IDH1,HLA-C,BCL2,TIMP2,CLEC7A,ANGPTL4,CXCL8,EIF2AK2,FCGR3A,SELP,GNLY,IL17A,CLEC7A,MRC1,IFI35,TNFSF9,IL2RA,SIRT3,IL18RAP,CXCR3,CASP4,C3,PDCD1LG2,TRAF6,USF2,CPT1A,PECAM1,ICOS,BST2,MMP9,RIPK1,CRP,PKM,CASP4,TRIM22,TREM1,SLC11A1,ARG1,KLRK1,LRRK2,CXCR3,S100A12,PPARG,MAP1LC3B,TICAM1,TRIM56,DNAJA1,PRDX1,ACTC1,IRF7,DDX58,LAG3,PMAIP1,IRAK1,CPT1A,PTX3,BECN1,PFKFB3,ACACA,SCD,CD86,IFIT2,GZMA,STAT3,TGFBI,FCGR3A,EPAS1,DDX60,TLR4,C3,CD86,IL18RAP,IRG1,CXCL2,RAB7A,CLEC4E,TAP1,FGB,TRAF6,MAPT,CSF2,CASP3,TLR5,PLG,SLC1A2,C3,FASN,CCR5,CASP1,JAK2,PTX3,SPP1,SERPINA1,STAT3
CXCR4,SLC2A1,APOC1,MTOR,SELP,ATF3,ACOD1,STAT3,BAX,SERPINE1,CLEC4E,ALDH1A1,OLR1,DDX58,FCGR2A,ICAM3,NKG7,IL22,ITGAM,CD163,IFI27,KDR,FOXP3,IDO1,IL12RB1,CCR5,GSDMD,CFH,SIGLEC1,IRAK1,SEPSECS,PPARG,VEGFA,CXCR3,CEACAM1,MMP12,RIPK3,SAA1,GAPDH,HLA-DRB1,TNFAIP6,ITGAM,SP110,G6PD,P2RY12,CYBB,CXCR4,LCN2,CPT1A,BECN1,TRAF6,ISG20,HSPA1A,HAMP,CRP,IFI44,IFIH1,CTLA4,G6PD,IRAK3,SLC2A3,HMGB1,ATG5,LDHA,CPT1A,ACACA,CD80,IFIT3,TAPBP,STAT4,PTGS2,MMP12,HK2,HERC5,TLR9,CFB,CD40,CXCL1,PDCD1,CSF3,NCF2,MRC1,TAP2,FGG,BTK,LRP1,CSF3,NLRC4,TLR9,KNG1,NLGN1,C4A,SREBF1,CCR7,NLRC4,MAPK14,HP,HIF1A,APOE,SOCS2
CXCR5,SLC2A3,APOC3,PRKAA1,SERPINA1,ATF4,CPT1A,SMAD3,BAD,COL1A1,ITGA4,F2R,ITGAX,IFIH1,GBP1,VCAM1,KLRB1,IL27,ITGAX,CLEC4E,IFI44,FLT1,TBX21,GSTM1,IL23A,CCR2,P2RY14,C5AR1,ITGAX,MAPK14,LONRF1,NRF1,ANGPT2,CCR5,RAB27A,TIMP1,NLRP3,SAA2,CPT1A,HLA-DPA1,IL15,CSF1R,CLEC4E,HIF1A,TSPO,NFE2L2,SELL,CRP,CPT1B,CASP1,NLRC4,USP18,HSPD1,SLC40A1,SAA1,IFIT1,AIM2,HAVCR2,GLS,NFKB1,SLC11A1,STAT3,ATG7,PDK4,SERPINA1,CS,CD28,RSAD2,PSMB8,STAT5A,PLA2G4A,MMP8,PFKFB3,USP18,GFAP,CFH,CD274,CXCL5,LAG3,F3,CYBA,CD68,HLA-DQB1,SERPINE1,MAPK14,CXCL14,CD36,AIM2,CLEC7A,NPPA,LRRK2,C1QA,ACACA,CD40,AIM2,MAPK8,C1QA,HK2,ABCA1,CCL20
ICAM1,HMOX1,APOM,PRKAA2,CRP,XBP1,PPARG,TGFB1,CASP3,COL3A1,ITGB7,PROCR,ITGAM,RSAD2,GBP2,CLEC4E,KLRD1,TGFB1,CD79A,CLEC7A,IFIH1,MMP3,RORC,GSTP1,IL27,BATF2,XAF1,CFB,ICAM1,MAPK8,RPAP3,MT-ND1,MMP9,CCR2,SOD2,COL1A1,NLRC4,LILRB1,ACLY,HLA-DMB,GZMB,CSF3R,CLEC7A,SLC2A1,MAPT,NFKB1,SELPLG,HP,SREBF1,CASP3,NLRP3,SOCS1,CALR,TFRC,SAA2,IFIT3,EPSTI1,PDCD1LG2,S100B,RELA,SLC7A5,SOCS1,ULK1,ACOD1,SERPINA3,OGDH,CTLA4,OASL,PSMB10,STAT5B,ALOX5,MMP7,LDHA,RTP4,NR4A1,CFI,PDCD1LG2,IL7R,TIGIT,FGA,CYBB,FCGR2A,HLA-DRA,F2R,MAPK8,F3,CLEC7A,GZMB,CLEC4E,NPPB,TREM2,C1QB,CPT1A,CD86,PYCARD,NFKB1,C1QB,PFKFB3,CFD,CXCL8
VCAM1,TDO2,LCAT,SREBF1,SAA1,DDIT3,FASN,ITGA4,CASP8,FN1,SIRPA,SERPIND1,ITGB2,TRIM22,GBP4,CLEC7A,BTLA,SOCS1,MS4A1,CLEC10A,IFIT2,MMP12,GATA3,GCLM,MAPK1,GBP3,TRIM22,SERPING1,VCAM1,NFKBIA,CTSC,UCP2,MMP1,ITGAL,CAT,COL3A1,NLRC5,CCR2,HMOX1,CIITA,PRF1,ANXA1,DUSP1,PFKFB3,P2RX7,NFKBIA,S100B,HAMP,FASN,BAX,AIM2,SOCS5,CANX,C1QA,LCN2,OAS1,ZBP1,TIGIT,GFAP,NFKBIA,SPP1,MERTK,BAX,ACAT1,SERPINE1,SDHA,PDCD1,ARG1,HLA-B,STAT6,PTGES,CXCR5,PDK1,LY6E,NR4A2,C2,FCGR1A,CD3D,HAVCR2,FGB,NOX4,AXL,HLA-DRB1,THBD,NFATC2,F5,CD1C,GNLY,CARD9,LGALS3,CD68,B2M,FABP4,CD80,IL18,RELB,C1QC,PFKL,C1QA,SLC2A1
PECAM1,HK3,SOD2,ABCA1,SAA2,MAPK14,SREBF1,ITGB1,RIPK2,TGFB1,PTPRC,LCN2,ITGA4,TRIM14,RSAD2,LY96,LILRB2,JAK3,HMOX1,TREM1,IFIT5,F3,MYC,GCLC,MAPK14,GBP6,LGALS3,CLU,SELE,RELA,CLEC4D,SLC7A5,MMP14,ITGB2,GPX1,COL4A1,PYDC1,CCR5,G6PD,PSMB9,MS4A1,LYN,DUSP2,ALDH1A1,VIM,RELB,GFAP,AGER,HK2,BCL2,CASP1,JAK1,CCL19,C1QB,HP,MX1,CXCL13,CD5,MBP,CHUK,THBS1,CD163,BCL2,CPT1A,F3,IDH1,HAVCR2,NOS2,HLA-DRB1,TBX21,APOE,CCR7,SLC2A1,EIF2AK2,CEBPB,C4A,FCGR1B,CD3E,CEACAM1,FGG,DUOX2,STAB1,HLA-DPA1,PLAUR,NFKBIA,VWF,CD1A,NKG7,HLA-DRA,LGALS9,CLU,P2RX7,APOE,PDCD1LG2,IL18R1,TRAF6,C3,PFKM,C1QB,SLC2A3
COL1A1,SDHA,GPX1,ABCG1,ITGAM,RELA,ATF3,PECAM1,ULK1,TNFSF10,CD44,ORM1,ITGB1,ANXA1,IFI27,SIGLEC1,HLA-E,TNFSF15,NQO1,TREM2,OASL,SERPINE1,BCL6,HMOX1,MAPK8,IL7R,CLEC4E,APOB,SELL,IKBKB,CLEC4E,SLC1A5,SERPINE1,S100A8,PRDX1,VCAN,PYCARD,CXCR3,FASN,AIM2,CD79A,SYK,FOS,TXNIP,LGALS3,BCL3,NES,B2M,TALDO1,BID,PYCARD,TYK2,CCL20,C1QC,HAMP,CMPK2,CCL19,LRRK2,ALOX15,IKBKB,ADM2,HSPA1A,CASP3,SLC2A3,VWF,LCN2,LAG3,PPARA,USP18,FOXP3,ABCA1,CXCL16,ARG1,CCL4,ATF3,C4B,LILRB1,CD4,SERPING1,VWF,SOD2,TREML4,HLA-DPB1,PLAT,NFKB1,SERPINE1,CD58,PRF1,HLA-DRB1,SECTM1,APP,OLR1,LPL,B2M,IL18BP,IKBKB,CFH,LDHA,C1QC,HK2
COL1A2,NFE2L2,CAT,LPL,ITGB2,NFKBIA,ATF4,CD99,CD3D,LTB,CCR5,ORM2,LCP2,S100A12,IFI44L,CD36,HLA-F,TNFSF10,GSTM1,CD14,RSAD2,PLAU,MTHFD2,NQO1,RELA,IL2RA,CD163,APOA1,SELP,FOS,OSMR,MTHFD2,COL1A1,S100A9,IL10,ICAM1,IL18,ITGA4,GLS,IFI16,CD79B,PTPRC,JUN,GCH1,PTX3,IRAK3,CX3CL1,LBP,ALDOC,NLRP3,ATG5,IGHM,CCL5,C1R,APOA1,DDX60,NRP1,SPOCK2,IL1RN,IKBKG,SERPING1,SLC2A5,FAS,SLC2A1,FGA,OLR1,TIGIT,PPARG,BST2,GATA3,NPC1,CXCL12,IDO1,CCL20,JUNB,C5,LILRB2,CD8A,TLR8,SERPINE1,GPX1,LY86,CIITA,PLG,RELA,SERPINA5,CD83,KLRD1,HLA-DPA1,TLR1,GRIN1,GFAP,ANGPTL4,TAP2,CXCL1,BCL2,CR1,PKM,FGA,PFKFB3
SERPINE1,UCP2,NFE2L2,APOE,VASP,TRAF6,DDIT3,MMP12,CD3E,ICAM2,CXCL2,HP,SYK,RETN,IFI44,ITGAX,HLA-G,TNFRSF1A,RORC,CD80,DDX58,THBD,NR4A1,PRDX1,NFKB1,IL18RAP,SIGLEC1,APOA4,CD36,JUN,BHLHE40,PHGDH,COL3A1,S100A12,IL1RN,VCAM1,IL18R1,ITGB1,PFKM,IRF1,FCGR1A,HLA-DRB1,JUNB,BHMT,FUT4,SOCS3,CX3CR1,SAA1,PDK1,GSDMD,BECN1,IGKC,CXCR3,C1S,APOC3,RSAD2,ANGPT2,CD38,IL18,BATF3,CFI,S100A12,CD3D,HIF1A,FGB,GFAP,SLAMF7,CPT1B,OAS2,RORC,PPARA,SPP1,ACOD1,CXCL12,FOSL2,C6,IFI6,CD8B,TLR9,PLAUR,CAT,SIGLEC5,CD38,PROC,IKBKB,PLG,CCR2,KLRB1,HLA-DPB1,TLR2,NRG1,IL34,CD36,PSME1,CXCL2,BAX,SERPING1,ACADM,FGB,PFKP
PLAUR,DDIT4,MAP1LC3B,APOC1,PLG,MYD88,XBP1,TIMP1,CD28,SELE,CXCL3,HAMP,ZAP70,TNFAIP6,EIF2AK2,ITGAM,CXCL8,TNFRSF1B,GATA3,CD86,DHX58,EDN1,NR4A2,PRDX2,IKBKB,IL12RB1,MARCO,APOE,CD163,C1QA,CXCL13,SHMT2,FN1,ORM1,CCL19,SELE,IL18BP,COL3A1,SLC2A3,IRF5,FCGR2A,LTF,PTGS2,FASN,TREM2,JUNB,CCL5,SAA2,PDK2,HMGB1,ATG7,IGJ,CXCR4,C3,SLC11A1,CXCL2,PROK2,C1QA,CX3CR1,BLK,C1QA,IL33,CD3E,PFKM,FGG,S100B,LYN,ACACA,OASL,IL17A,PPARG,SELE,NAMPT,CXCL13,KLF6,C7,IFI27,CCR7,HLA-DRB1,THBD,TXN,C1QB,LAG3,PROS1,CHUK,FGA,TREM1,KLRG1,HLA-B,TLR4,CXCL12,F3,PPARA,PSME2,CXCL3,CASP1,SAA1,CPT1A,FGG,LDHA
VWF,ATF4,SQSTM1,GFAP,BATF,IRAK1,EIF2AK3,FN1,CD69,ITGA4,CXCL8,SAA1,LYN,CEBPB,DDX58,LILRB2,CSF1,PDCD1,TLR1,LAMP3,ISG20,NPPA,NR4A3,SOD1,TRAF6,IL23A,ACAT1,LPL,FCER1G,C1QB,PDCD1LG2,B2M,ARG1,ORM2,CXCR3,ITGB2,IL12A,LAMC2,MTOR,IRF8,FCGR2B,S100A12,FGR,SREBF1,CLEC4E,FOSL2,CCL7,PLA2G2A,PDHB,SPP1,LRRK2,CD74,CCR7,C4A,ATP6V0D2,IL1RN,EGLN1,C1QB,CX3CL1,FGR,C1QB,ITGAM,CD4,PFKL,PROC,CX3CL1,TYROBP,FASN,IFI35,IL17F,NR1H3,SELP,NFE2L2,CSF1,KLF10,C8A,IFI44L,CXCR4,HLA-DPB1,ADM,TXNIP,C1QC,PDCD1,TFPI,STAT3,FGB,TREM2,BCL2,HLA-A,TLR5,CCR5,FGA,PPARG,HLA-B,CXCL5,CASP3,SAA2,ACAT1,SERPINB2,PDK1
ADAMTS13,XBP1,ATG5,APP,RORA,FOXP3,GADD45A,COL1A1,ZAP70,ITGB1,CXCL1,SAA2,BLK,IL10RA,IFIH1,FCGR1A,CSF1R,CTLA4,TLR6,ITGB2,CXCL12,NPPB,FOS,SOD2,MYD88,IL27,ARG1,PPARG,FGR,C1QC,CIITA,C4A,IDO1,CRP,CCR7,PECAM1,IL12B,TIMP1,CCR2,LY6E,FCGR3A,TLR4,OSM,CH25H,CLEC7A,BATF,CCL8,TREM1,SDHA,TREM2,SQSTM1,HLA-DPB1,LILRB2,C4B,CTSB,TNIP3,SOD2,C1QC,CCR2,HCK,C1QC,OLR1,CD8A,PKM,SERPINC1,TREM2,IL17A,SCD,EPSTI1,IL22,SREBF1,VCAM1,SOD2,CSF2,DUSP1,C9,IFIH1,CCR5,HLA-DQA1,NPPA,FTH1,LILRB1,KLRK1,SERPINC1,IL10RA,FGG,FCGR1B,VEGFB,EIF2AK2,TLR6,IL6R,FGB,HMOX1,HLA-C,CXCL6,CASP5,HPX,IDH1,NPPA,PDK2
THBS1,ERN1,ATG7,NRG1,RORC,TCF7,CD274,COL3A1,IKZF3,PECAM1,CCL3,APOE,CSF1,IL1RN,TLR1,FCGR3A,CSF2,LAG3,TLR9,FCGR3A,CXCL16,CRP,JUN,CAT,BCL2A1,IFNG,CD36,PPARA,LYN,C1R,HLA-DRA,C3,PFKFB3,HP,CXCR5,CD68,IL12RB1,STAT3,CX3CR1,P2RY14,CD3D,NOD2,FN1,APOA1,F3,BCL2A1,CCL19,CD36,SUCLG1,APOE,PRKCD,HLA-DRB1,PIR,APP,CTSD,RELB,NFE2L2,C2,CCL19,LYN,TYROBP,FGA,LCK,SLC7A5,PLAT,APP,IL22,HMGCR,CD36,GPX1,SQSTM1,PECAM1,GPX1,CSF3,DUSP2,NFE2L2,IFITM2,IL2RA,HLA-DQB1,NPPB,SLC11A1,SLC11A1,MARCO,NFKBIA,IL27RA,TFPI,FCGR2A,MMP12,EIF4E,NOD2,OSM,FGG,SOCS3,C1QB,PPBP,IL18,IL10,SDHA,NPPB,HIF1A
F13A1,MTHFD2,BECN1,B2M,BCL6,LEF1,CTLA4,LGALS3,FOXP3,VWF,CCL7,APOA1,CSF2,MMP1,TLR6,FCGR2A,CSF3,ABCA1,NFKB1,FCGR2A,CCR1,MAP1LC3B,EGR1,S100A8,BAX,HLA-DPA1,CD14,SREBF1,CSF1R,CFB,HLA-DRB1,HLA-DRA,HK2,SERPINA1,IL21,CD163,STAT4,SOCS1,BDNF,PLSCR1,CD3E,ATG5,COL1A1,APOC1,FGA,SERPINA1,CCL20,ALDH1A1,CS,CLU,RAB7A,HLA-DQA1,FCGR3A,B2M,CTSL,PIK3CD,SLC11A1,C3,B2M,SYK,FCER1G,FGB,ZAP70,ACSS2,PLAUR,APOE,CSF2,DHCR24,CD9,CAT,ATG5,VEGFB,PRKAA1,CEBPB,PPP1R15A,HMOX1,ZBP1,CD2,CIITA,ITGA2B,HAMP,RAB33A,MERTK,NFKB2,IL23A,F13A1,FCGR3A,MMP3,IL23A,DDX58,LIF,VWF,IL10,C1QC,PF4,AIM2,IL1RN,PDK1,MYH7,HIF1AN
LGALS3,SIRT1,UBC,CRP,GATA3,RUNX3,CD38,LGALS9,PDCD1,PDGFB,CCL8,ACTA2,CSF3,MMP8,MYD88,CD68,MMP1,SLC22A5,RELA,FGR,CCR2,BECN1,ATF3,S100A9,CASP3,HLA-DPB1,CD274,SREBF2,CSF2RB,CFH,HLA-DPA1,HLA-DRB1,LDHA,LTF,IL12A,MARCO,IFNG,OAS2,APOE,DDX58,CD3G,MAP1LC3B,COL3A1,PLIN2,FGB,SAA1,CCL3,NR4A1,ACLY,GFAP,RAB33A,CD86,FCGR2A,LYZ,LAMP1,AKT1,SPP1,C4A,TNFSF10,PLCG1,ITGAM,FGG,CD27,ACLY,THBD,IL1R1,TGFB1,NQO1,CTSC,VIM,NQO1,FGA,PPARG,CEBPD,GADD45B,SOD2,DDX60,CD28,CD74,ITGB3,TFRC,SLC2A1,ELANE,RELB,IL17RA,THBD,MARCO,COL1A1,IL17A,IFIH1,MMP2,SERPINC1,IL1RN,C3,SELP,TAP2,TNFAIP3,SLC2A1,ACTC1,MTOR
LGALS9,SIRT3,BAX,SERPINA3,EOMES,GATA3,CD40LG,AKT1,LAG3,PDGFRA,IL18,HSPA1A,THBS1,ADAM8,TRAF6,CD163,MMP2,PFKFB3,TICAM1,LCK,CCR5,ATG5,AREG,S100A12,CASP8,HLA-DQA1,IL10,ACACA,IL2RA,C3,HLA-DPB1,HLA-B,HIF1A,SPP1,CCL4,MRC1,IL23A,IFI35,GFAP,IFIH1,CD4,SQSTM1,COL4A1,LPL,FGG,SAA2,CCL4,NR4A2,HMGCR,S100B,DRAM1,CD40,LILRA2,MPO,LAMP3,MTOR,CTSZ,C4B,HMOX1,PLCG2,FCGR1B,VWF,CD28,MTOR,SELE,IL1R2,TNFAIP3,HMOX1,S100A4,GAPDH,SOD2,FGB,CPT1A,NFIL3,CH25H,CAT,OAS2,LCK,TAP1,SELP,VAV1,LDHA,MPO,FOXP3,IL15,GP5,MRC1,COL3A1,STAT4,MBL2,SERPINE1,THBD,CXCL4,C4BPA,VWF,PSMB8,TNFAIP6,PPARA,TNNI3,RHEB
CXCL16,NRF1,BCL2L1,LBP,TBX21,MEF2C,CD86,MTOR,CTLA4,NOS2,IL18R1,HSPA1B,HMOX1,NOS2,NFKB1,MARCO,MMP3,G6PD,TRAF6,ZAP70,CD163,SQSTM1,IL1RN,LGALS3,ATG5,HLA-DQB1,IL1RN,FASN,IL7R,C4B,HLA-DQA1,HLA-A,SLC2A3,LGALS3,NLRC4,SLC2A1,IL23R,IFIT5,S100B,ZBP1,CD8A,EPSTI1,TGFB1,NR1H3,VWF,APOBEC3A,CCL18,CXCL13,TXNIP,MBP,GABARAPL1,CD14,SIRPA,ELANE,GFI1,FOXO1,CTSC,CFB,NLRP3,PRKCD,FCGR3A,F3,ICOS,S100B,SELPLG,C3,IL18,SOD2,CYBB,PKM,BCL2L11,FGG,ACACA,RELB,APOBEC3A,GPX1,ISG20,ZAP70,PSMB9,PROS1,LYN,HK2,LTF,PRF1,IL18,GP6,CD68,COL4A1,IFIT1,CLEC7A,F3,PLG,CXCL13,CFH,PECAM1,PSMB9,BCL2A1,PPARG,CTLA4,ACOD1
HIF1A,PDK4,CASP3,HP,NFKB1,BACH2,CD80,PIK3CD,GZMB,PDGFRB,IL15,HSPB1,NQO1,ARG1,RELA,MSR1,MMP12,IDO1,MAPK14,GZMB,CSF1,ULK1,CCL3,VIM,ATG7,HLA-DMA,CCR2,LDLR,IL18,SERPING1,HLA-DQB1,APP,GLS,LGALS9,NOS2,HK2,RORC,IFITM1,LILRB2,LGALS9,CD8B,IFIH1,KDR,ABCG1,THBD,CD14,TNFAIP3,CCL19,S100B,MOG,ULK1,FCER1G,CD163,NLRP3,BCL2,PPARG,LILRB1,CFD,CASP1,STAT4,CTSC,F13A1,TNFRSF4,GFAP,PECAM1,C1QA,IFNL1,PRDX1,NCF2,ENO1,CASP3,VWF,GFAP,NFKBIA,OAS2,ADM,USP18,TRAC,PSMB8,TFPI,SYK,PFKFB3,MMP8,GZMB,IL12B,NPPA,ITGAX,ACTA2,IFI44,FCN1,THBD,PLAT,CXCL16,SERPING1,TIE1,HLA-B,IDO1,SLC16A3,PDCD1,GLS
SLC2A1,AKT1,CASP8,HAMP,RELA,IKZF1,CD14,RPS6KB1,PRF1,HIF1A,IL2RB,DDIT3,GCLC,IDO1,NFKBIA,CD1E,TIMP1,DDX58,MAPK1,PRF1,CSF1R,ATG7,CCL4,GFAP,BECN1,HLA-DMB,CCR5,HMGCR,IL18R1,GP9,CD40,CLU,PPARG,CD36,SAA1,PKM,IL17A,IFITM2,TLR4,LGALS3,CCR5,DDX58,PDGFB,ABCA1,TFPI,CD36,TNFAIP6,TNFAIP6,GFAP,ICAM5,MAP1LC3B,LILRB1,CD68,NFKB1,BAX,NR1H3,FCGR2A,CRP,CASP5,IRF1,MPO,THBD,GZMB,BDNF,ADM,C1QB,CXCL13,PRDX6,XDH,ALDOA,SOCS1,PLAT,S100B,NFKB1,OAS3,GDF15,BST2,GRB2,MMP12,MPL,BLNK,ACOD1,HP,GNLY,IL12RB1,NPPB,ITGAM,TAGLN,OAS2,SQSTM1,FGA,PROC,CX3CL1,SERPINA1,TEK,B2M,UBD,ENO1,LAG3,ARG1
HK3,SLC1A3,FAS,ALDH1A1,JAK2,ZBTB7A,CD68,PRKAA1,GNLY,PDK1,IL21R,ATF3,GCLM,LGALS9,IKZF1,CD1B,COL1A1,IFIH1,JAK2,NKG7,TLR2,BCL2,CCL20,CD68,RHOA,CTSC,CXCR3,CPT1A,IL21R,PF4,CD274,CFB,NR4A1,CD69,SAA2,LDHA,IL17F,IFITM3,TLR2,SPP1,CD38,OAS2,THBD,IL10,NPPB,MSR1,NFKBIA,APOE,APP,ANGPTL4,TFEB,LILRA2,MRC1,NFKBIA,CASP1,ABCA1,FCGR2B,SAA1,IL17A,MX1,ELANE,PLAT,PRF1,CX3CL1,NPPA,SERPINA3,CXCL3,TXN,CAT,LTF,ISG20,TFPI,MBP,NFKB2,OASL,NPPB,GBP2,PIK3CD,MMP14,GP1BB,PLCG2,ARG1,HPX,NKG7,IL2RB,MMP7,SPP1,SERPINE1,OASL,MAP1LC3B,FGB,PROS1,CCR2,F3,KDR,CD8A,ADAMTS9,ALDOC,HAVCR2,NOS2
PFKFB3,BDNF,FADD,SPP1,TYK2,PBX1,ITGAM,MYC,NKG7,HK1,IL7R,FOS,TXNIP,CXCL1,FOXP3,LGALS3,COL1A2,EIF2AK2,STAT3,GNLY,TLR4,BAX,CXCL2,ITGAX,CTNNB1,GZMA,CXCR6,SLC2A1,TNFAIP3,PPBP,IDO1,C1QA,NR4A2,CD2,CRP,PFKFB3,IL22,BST2,FOS,LAMP3,CD40LG,OAS3,SERPINE1,TGFB1,NPPA,MARCO,RELB,APOL1,BDNF,SERPINE1,PINK1,CCR2,MSR1,FOS,CASP3,LPL,FCGR3A,SAA2,IL17RA,MX2,CEACAM8,PROS1,GNLY,NRG1,NPPB,CLU,CXCL2,TXNIP,GPX3,AZU1,IRF8,F10,NRGN,IKBKB,IFI27,NPPA,GBP5,AKT1,ACTA2,ANXA5,CARD9,IDO1,NCF2,KLRD1,CCR5,COL18A1,CHI3L1,FGA,MX2,BECN1,FGG,ITGA2B,CCR5,VWF,MMP1,CD4,ADM,ALDOA,TIGIT,PPARG
LDHA,GFAP,CCL3,DDIT3,SOCS2,MYC,ITGAX,BCL2,KLRD1,HK2,IL1RN,JUN,NFE2L2,CXCL12,IL2RA,LGALS9,COL3A1,OAS2,IL10,KLRD1,TLR1,CASP3,CXCL5,PDCD1,WNT5A,GZMH,CCR7,HK2,NFKBIA,ITGA2B,CTLA4,C1QB,NR4A3,CD3D,SERPINA1,ACLY,IL10,LY6E,JUNB,CXCL2,ENTPD1,MAVS,VWF,FOXP3,CRP,CLEC4E,IKBKB,TREM2,IL15,F3,PARK2,CCR5,CLEC10A,JUN,NLRP3,FABP4,B2M,SAA4,GZMA,RSAD2,S100A12,GP1BA,NKG7,TNFSF10,EDN1,STAT3,XCL1,GCLC,GDF15,MPO,IRF9,F13A1,CXCL12,MAPK14,IFIT2,BATF,PPARG,MTOR,COL1A1,ANKRD22,REL,ACAT1,CYBB,IL7,CXCR5,TNNI3,PTGS2,FGB,CXCL8,GABARAPL1,NPPA,ITGB3,CCR1,THBS1,TIMP1,GZMB,NR4A1,BDNF,BATF2,PPARA
ENO1,CX3CR1,CCL4,XBP1,CBLB,DNMT1,LILRB1,BAX,MS4A1,PFKFB3,SOD2,NFKBIA,KEAP1,CXCL16,IL17A,SRGN,COL4A1,IFIT2,IL10RA,KLRB1,TLR9,CASP8,CXCL6,CD274,FZD2,GZMK,CD3D,PFKFB3,NFKB1,ITGB3,ADORA2A,C1QC,S100A8,CD3E,LTF,CPT1A,IL10RA,PSMB9,NR4A1,MMP8,CD69,IFI6,F3,CTLA4,PLAUR,MRC1,MAPK14,ANXA1,IL18,F2R,SOD2,CXCR3,ITGAM,REL,NLRC4,APOE,ADA,HP,CRP,DDX60,RETN,SELP,IL2RA,LGALS3,BCL2,NRG1,IL23A,GCLM,NPPB,ELANE,USP18,ANXA5,CCL19,MAPK8,DDX60,BCL2,NR1H3,GZMB,COL3A1,SERPING1,NFKBIA,SQSTM1,DUOX2,IL27,ITGAX,TNNT2,ALOX15B,FGG,CCR7,ATG5,NPPB,GP1BA,CCR4,TFPI,COL1A1,PRF1,NR4A2,SLC6A4,EOMES,SIRT1
PKM,CX3CL1,CCL5,FCGR1A,LCK,TET2,ZBTB16,CASP8,CD79A,SLC2A1,NOS2,NFKB1,GPX1,CCL19,IL23A,CTSB,COL5A1,IFIT5,IL18,CTSW,NOD2,CASP1,ICAM1,LAG3,COL1A1,LGALS3,PTPRC,PKM,REL,SPP1,CCR7,SERPING1,S100A9,CD3G,HP,ACOX1,SOCS1,PSMB8,LYN,RETN,HLA-DRA,IFI35,PLAT,BCL6,PLAU,SIGLEC1,JAK1,F3,CX3CL1,THBD,GPX1,BECN1,ITGB2,CD40,AIM2,APOB,CAT,ORM1,APOE,TRIM22,OLFM4,SELE,IL2RB,CXCL12,BAX,TNFRSF1A,IL15,CFH,NPPA,PRTN3,TRIM22,GP1BA,CCR2,MAPK1,DDX58,BAX,SOD2,PRF1,COL4A1,BATF,NFKBIZ,HMOX1,CASP1,CD40LG,CD83,GBP5,LGALS3,F2,LTBP3,CASP1,EDN1,GP9,ICOS,FGA,COL3A1,GNLY,NR4A3,NR3C1,TBX21,SIRT3
G6PD,OCLN,CCL7,FCGR1B,ZAP70,RORC,HLA-E,XBP1,CD79B,SLC2A3,HMOX1,RELA,PRDX1,CCL20,RORC,CTSS,COL6A1,PARP9,IL18R1,PTPRC,CLEC4E,FAS,VCAM1,HAVCR2,COL1A2,LGALS9,ITGAX,LDHA,RELA,ITGA5,CCR5,TLR9,SAA1,CD4,TGFB1,PPARA,SOCS3,TAPBP,P2RY12,IL1RN,HLA-DRB1,FGR,NPPB,TNFRSF4,CD36,SIGLEC14,JAK2,F12,CX3CR1,VWF,NQO1,ATG5,ITGA4,IRF1,PYCARD,APOA1,GZMB,RET,CLU,CEBPB,RGS1,TFPI,IFITM3,BCL2,BCL2L11,TNFRSF1B,IL16,C1QA,NRG1,DEFA3,OTUD1,ICAM3,CXCR4,MAPK3,TRIM5,CASP3,HMOX1,GNLY,HK2,EGR1,IKBKB,UCP2,BCL2A1,PTPN6,CD40,DUSP3,VIM,F3,MMP12,CASP4,COL3A1,KNG1,CD40LG,FGB,THBS1,NKG7,FOS,ADM,PRF1,GAPDH
PFKP,CLDN5,CCL8,FCGR2A,CD4,EOMES,HLA-F,PRDM1,MZB1,ACOD1,NFE2L2,SQSTM1,SOD2,CCL21,CX3CL1,CTSL,COL6A2,PARP14,IFNB1,CD3D,CLEC7A,FADD,PECAM1,TIGIT,COL3A1,TYMP,ITGAM,ENO1,CASP1,HMOX1,CXCR3,ITGAX,SAA2,CD8A,ARG1,PPARG,C1QA,GBP2,AQP4,IL18,HLA-DMB,LCP2,NPPA,TNFSF13B,ITGA2B,CD163,TYK2,F2R,CCR7,GP6,CYBB,SQSTM1,SELL,IRF5,RIPK3,SOD2,PRF1,PTX3,AMPH,PPARG,BCL3,NPPA,RTKN2,BAX,CASP1,CCR5,IL1RN,C1QB,F5,DEFA4,ZC3H12A,ITGAX,IL1RN,PPARA,TRIM38,CASP8,NQO1,NKG7,PFKFB3,ARID3A,IKBKE,PPARA,ATG5,XAF1,CD86,KLF2,SERPING1,VWF,MMP3,CASP5,VWF,CFB,CD274,FGG,SERPINA1,KLRD1,JUN,SERPINI1,GZMB,PKM
CPT1A,AQP4,PDCD1,FCGR2B,CD8A,TBX21,HSP90AA1,BCL6,IGJ,IDO1,TXN,MAP1LC3B,MT2A,CCL23,SLC11A1,LYZ,PDGFB,USP18,IFNA1,CD3E,FCGR2A,HLA-DRB1,ITGAM,CTLA4,COL4A1,IDO1,ITGB2,GAPDH,AIM2,NQO1,CXCR6,F3,OLR1,CD8B,IDO1,AKT1,C1QB,GBP3,F3,IL18RAP,HLA-DPA1,PTPN6,ADM,CD19,ITGB3,CXCL16,STAT2,F2RL1,CCL19,ITGA2B,DUOX2,BCL2A1,SELPLG,SIGLEC1,MLKL,CAT,GNLY,CAMP,NRXN1,BCL2A1,NFKB1,NPPB,CXCR4,CASP3,CASP3,F3,IL32,C1QC,F13A1,ITIH4,TNFAIP3,ITGAM,APP,PPARG,BST2,CASP10,S100A8,KLRB1,PDK1,LGALS3,MAPK14,PPARG,BECN1,BCL2A1,CD80,BATF2,C4BPA,ITIH3,ATG7,CASP8,THBS1,CFD,PDCD1LG2,ITGA2B,HP,KLRB1,JUNB,GPNMB,GNLY,IDH1
ACSL1,S100B,CTLA4,FCGR3A,CD8B,ZAP70,HSPB1,IL7R,CD36,ARG1,TXNIP,BECN1,MT1E,CCR1,LAMP3,DEFA1,PDGFRB,HLA-DPB1,MMP7,CD28,FCGR3A,HLA-DPA1,ITGB2,BATF,ADAMTS4,ENTPD1,ITGAL,GLUL,NLRP3,SOD2,CCR2,SERPINE1,LCN2,FOXP3,PCK2,MTOR,C1QC,CFB,F2R,COL1A1,HLA-DPB1,IL2RA,EDN1,MS4A1,F2R,SIRPA,STAT3,FGA,CCL21,ITGB3,PRDX1,REL,PLAUR,LILRB2,HMGB1,GPX1,GZMA,DEFB4A,GCH1,BCL2L1,RELB,MYH7,PKM,CASP1,CASP8,F5,IL9,C3,SERPIND1,CFH,EPSTI1,LILRB2,B2M,PPARGC1A,SIGLEC1,FAS,ALOX5,KLRD1,LDHA,PI3,MAPK8,NR3C1,ITGAX,LGALS3,CD74,GBP1,C1QB,ITIH4,SLC11A1,BAX,PLAU,F2,LAG3,ITGB3,LCN2,SPP1,FOSB,GFAP,KLRD1,ACOX1
ACAT1,NRG1,LAG3,LILRB2,CCR5,SYK,DNAJB1,IL2RA,ITGAM,CPT1A,PRDX1,ATG5,MT1F,CCR4,CD86,PIK3CG,SDC1,PTPRC,MMP12,ICOS,LILRA2,HLA-DPB1,ITGAX,BATF2,VCAN,CX3CR1,HLA-DRA,GLS,PYGL,PRDX1,CCR1,PLAT,HP,RORC,G6PD,HIF1A,CFH,CFH,TFPI2,COL3A1,NKG7,IL7R,NOS3,CD27,PROS1,SIRPB1,STAT4,FGB,TNFRSF1A,PF4,TXNIP,RELA,MMP12,LILRA2,CLEC7A,NQO1,GZMK,RNASE2,NOS3,BAX,STAT3,TNNT2,ENO1,CASP8,CASP9,F2R,IL36G,C4BPA,SERPINA1,C3,GBP3,LILRB1,GJA1,SOD2,CD40,FASLG,PLA2G2A,KLRF1,SLC2A1,LST1,MAP3K7,RUNX3,LGALS3,LGALS9,LAMP3,IFI44L,C1QC,TFPI,TAP1,BCL2,TFPI,F13A1,TIGIT,GP1BA,CYBB,CTSZ,EGR1,CX3CR1,KLRK1,FABP4
SLC27A1,IL34,HAVCR2,CD14,CXCR6,LCK,NFKB1,CD27,ITGAL,ACO2,NFKB1,ATG7,ACOD1,CCR6,CD80,AKT1,THBD,SELL,COL1A1,CTLA4,LILRB2,CIITA,SELPLG,CD38,PRKCD,CD74,HLA-DRB1,HIF1A,PFKFB3,TXN,CD3D,FGA,CRP,TBX21,ALDH1A1,SREBF1,CFI,CFD,THBD,COL5A1,GNLY,CXCR4,PPARA,SLAMF1,CST3,SIRPG,SOCS1,FGG,NR4A1,SELP,NFE2L2,NFKB1,TIMP1,CD14,CLEC4E,TXN,GZMH,HLA-DRA,STAT3,BCL3,JUNB,ACTC1,MDH2,FAS,BECN1,F2RL1,IL24,C4BPB,SERPINA5,C1QA,BST2,ITGAL,SERPINA3,GPX1,CD80,SPP1,PTGES,KLRC1,MYC,ALOX5AP,CREB1,TBX21,TREM1,CLEC7A,XBP1,SIGLEC1,CHIT1,MTHFD2,TAP2,NOS2,SERPINA1,NPPA,CD86,PPBP,CYBA,CTSC,LY86,ITGAM,NKG7,FABP5
PPARA,CCL11,TIGIT,LYZ,NOD2,PIK3CD,RELB,CD28,ICAM1,PPARG,RELA,ULK1,PFKFB3,CXCR4,CD14,MTOR,PROS1,ITGAL,COL3A1,CD40LG,HLA-DRA,C2,PARK7,ICOS,ZC3H12A,CD38,HLA-DPA1,EGLN1,PKM,TXNIP,CD3E,FGB,SERPINA1,GATA3,GLUL,NR1H3,SERPING1,SERPING1,SELP,TIMP1,KLRD1,CCR5,SREBF1,CD38,SOD2,IL10,SOCS2,SERPINF2,NR4A2,CLEC1B,HSPD1,CALR,SDC4,CXCL3,SIGLEC1,TXNIP,KLRC1,HLA-DRB1,SOCS1,FOS,FOS,S100A1,ACLY,FASLG,SQSTM1,VWF,IL26,SERPINA1,SERPINA8,C1QB,MX1,MYD88,CLU,PRDX1,CD86,LAG3,NOS2,KLRC2,NPPB,LTB,JUN,STAT4,SPP1,SIGLEC1,ATF4,PDE4D,CLEC4D,TYMS,NLRC4,XAF1,ITGA2B,NPPB,CD80,PF4,NOX4,CTSD,LY96,APOE,IL2RA,CD36
PPARG,CCR3,ICOS,CEACAM6,NLRC5,BTK,MAPK14,CD40,VCAM1,LPL,IKBKB,NOS2,HK2,IL12B,MARCO,SLC11A1,SERPINC1,ITGAM,FN1,CCR7,HLA-DRB1,C3,PINK1,IGKC,ZC3H12C,CD86,HLA-DPB1,EPAS1,ENO2,TAP1,CD27,FGG,SERPINC1,IL2RA,VNN1,PPARGC1A,C3,C1QB,FGA,TNFAIP3,KLRK1,CXCL13,SPP1,MZB1,ALOX15,IL12B,SOCS5,THBD,NR4A3,PON1,CYCS,CALM1,PDGFB,ATG5,LY96,GCLC,KLRC2,HLA-DPA1,OLR1,JUN,EGR1,CALM1,CPT1A,TRAF6,ATG5,PROS1,IL34,SERPINC1,PROC,CFB,MX2,TRAF6,LGALS3,CAT,HLA-DRA,CTLA4,CTLA4,KLRC4,NPPA,IFNG,FOS,IRF8,CXCR3,CD163,ATF6,FCGR1A,CLEC12A,DHFR,CASP4,BATF2,GP1BA,ACTA2,CTLA4,SELPLG,NOS2,CTSL,SIGLEC1,CLU,ICOS,LPL
LPL,ALDH1L1,CD28,CLEC4E,IFIH1,LYN,JAK2,CD80,PECAM1,ABCA1,MAPK14,DUOX2,LDHA,IL23A,SIGLEC1,CEBPB,KNG1,LILRA2,VWF,CXCR5,CIITA,CFH,RAB32,IGHM,ALOX5,CD163,HLA-B,PDK1,GAPDH,TAP2,CD28,THBS1,F3,IL7R,CHI3L1,G6PD,C5,C1QC,FGB,NR4A1,KLRG1,TBX21,PPBP,XBP1,BMP10,IL23A,PIK3CG,TFPI,TREM2,APOA1,MS4A1,ALOX5,TGFB1,BECN1,SPP1,GCLM,KLRD1,HLA-DQA1,LGALS9,JUNB,IRAK3,COL1A2,PPARA,NLRP3,ATG7,SERPINC1,IL33,SERPINA3,PROS1,CRP,SP110,IRAK1,F3,GADD45A,HLA-DRB1,ICOS,PDCD1,TARDBP,S100A7,IL18R1,ATF3,ETS1,CCR5,MPO,HSPA5,OAS1,SIGLEC1,ATP6V0D2,IFNGR1,SERPING1,GP1BB,MYH11,IL12B,SELP,HIF1A,LGALS9,LILRB1,TREM2,CCR7,CPT1A
SREBF1,APP,MS4A1,CD36,DHX58,BLNK,STAT3,CD86,CCR2,ABCG1,MAPK8,NOX4,PKM,IL27,SIGLEC15,CEBPD,FGA,CLEC7A,THBS1,IL2RA,CD74,C1QC,SLC11A1,MS4A1,PLA2G4A,MARCO,HLA-C,PDK3,TREM1,HLA-DRA,CD40LG,ITGA2B,FGA,IL15,CHIL3,ENO1,CR1,IRF1,FGG,NR4A3,KLRC1,RUNX3,LILRB2,JCHAIN,IL6R,CSF1,AKT1,VWF,TYROBP,APOB,CD19,SLC11A1,SMAD3,MAP1LC3B,ITGB2,GSTP1,NCR1,CIITA,F3,EGR1,TRAF1,COL5A1,AKT1,CHUK,ULK1,PLAUR,IL21,NPPA,KLKB1,SAA1,APOBEC3A,MAP3K7,F2,ATF3,HLA-DMB,KLRD1,LAG3,FOS,S100A7A,IDO1,DUSP1,ZEB2,CCR2,LYZ,DDIT3,OAS2,PECAM1,NOX4,IFNGR2,HERC5,IL1R1,SMAD3,IL23A,PECAM1,HK3,S1PR1,LILRB2,C1QA,ATG5,S100A12
FASN,TNFSF10,CD19,SIGLEC1,DDX58,PFKFB3,SOCS1,HBB,CCR5,APOE,MAPK1,SOD2,SLC2A1,IL18,CD36,SPI1,FGB,CLEC5A,ICAM1,TBX21,SAA1,C4A,NOX4,CD79A,NOX1,MRC1,HLA-A,PDHA1,TREM2,HLA-DRB1,CD69,ITGB3,FGB,IL2,CLEC4E,FASN,CR2,RELB,SERPINA5,PTX3,KLRC2,NKG7,EPSTI1,IFI27,HBB,CSF1R,MTOR,PROC,AIF1,LPL,CD79A,MAFB,SMAD7,SQSTM1,LILRB2,CYBB,NKG7,CD74,F5,EGR2,TBX21,ADAMTS13,MTOR,NFE2L2,MAP1LC3B,SELP,IL27,NPPB,F2,SAA2,PLSCR1,SELPLG,FGA,DUSP1,CIITA,NKG7,HAVCR2,JUN,S100A7L2,CXCR1,DUSP6,GZMB,NFKBIA,CXCL6,HMOX1,OAS3,ICAM1,SOD2,KLRK1,USP18,IL1R2,COL4A1,IL27,ICAM1,SLC2A1,S1PR3,LILRA2,C1QB,ATG7,S100A4
NR1H3,LTBP1,CD79A,IDO1,AIM2,ENO1,IL27RA,HBA1,CX3CR1,APOC1,MAP3K7,GPX1,PDK1,IL17RA,PPARA,GATA3,FGG,MARCO,VCAM1,FOXP3,SAA2,C4B,CYBB,CD79B,DUOX2,CLEC4E,B2M,ATF4,SIRPA,HLA-DMB,CD38,GP1BA,FGG,IL17A,ADM2,PCK2,CD59,NFKBIA,SERPINF2,SERPINA1,CXCR6,KLRD1,BST2,IFI44L,HBA1,CSF3R,HIF1A,PROS1,MPO,COL1A1,CD38,C1QA,COL1A1,TBK1,CD163,NOS3,HLA-A,B2M,F8,REL,GZMB,ANGPT2,FOXO3,HMOX1,NLRP3,SELE,IL2RA,ADM,F2R,AHSG,LGALS3,VCAN,SERPINE1,FOS,CCR5,GNLY,BATF,JUNB,DEFA1,PTX3,ZFP36,PRF1,CEBPB,CXCL1,SOD2,IFIT1,VCAM1,CAT,GZMB,EPSTI1,PID1,SELP,IL18,VCAM1,PDK1,PIK3CG,CD36,C1QC,MAP1LC3B,S100A11
RAB33A,P2RY12,CD79B,BATF,ZBP1,PGK1,CX3CR1,TFRC,CD163,FABP4,JAK2,IFI27,CPT1A,IL17RE,PPARG,TBX21,FGL2,CD163,SELE,BCL2,CRP,CFI,NCF1,TOLLIP,GADD45B,CLEC7A,JAK1,DDIT3,SIRPB1,HLA-DMA,IL2RA,SELP,VWF,MMP12,ITGA2,SERPINE1,COL1A1,NFKBIZ,PROS1,S100A12,XCL1,KLRK1,PLSCR1,IFIT1,HBA2,IL6,EGLN1,SERPINA1,LCN2,COL3A1,TNFSF13B,C4A,COL3A1,ATG7,MARCO,EDN1,HLA-B,TAP1,F9,ITGAX,PRF1,CD36,SIRT1,SOD2,RIPK3,THBD,IL7,MYH6,PLAT,HP,LGALS9,SOD2,PLAU,JUN,CXCR4,PRF1,MYC,ATF3,DEFA3,MERTK,HSPA1A,GZMA,PRF1,SOD2,NOS2,IFIT2,ANGPT2,TXN,PRF1,SAMD9L,STAT2,CD74,IFI27,ANGPT2,PFKM,AKT1,CD68,F3,SQSTM1,GFAP
SLC11A1,TYMP,BLK,DUSP3,ATG5,NOS2,CCR1,SLC4A1,C1QA,FABP5,STAT3,IFI35,FBP1,IL18R1,NAMPT,ARID5A,ADM,CD14,SELL,BAX,IL1A,LILRB2,NCF2,TLR2,FOS,SIGLEC1,JAK2,XBP1,SLC11A1,HLA-B,IFI35,PROS1,PROS1,MMP14,ITGA5,F3,COL1A2,CCL8,PLAT,PLAU,XCL2,NR4A1,XAF1,DDX58,AHSP,HGF,SERPINE1,SERPINA5,LTF,COL4A1,BLNK,C4B,FN1,PPARG,MS4A4A,KNG1,HLA-C,TAP2,F10,ITGAM,CDC42,S100A8,HSPA1A,GPX1,MLKL,VKORC1,IL1A,ACTC1,PLAU,HPX,ANXA1,CAT,THBD,STAT6,CCR1,GZMB,FOXO1,EGR1,RNASE2,GZMB,HSP90AA1,GZMK,GZMB,HMOX1,ARG2,IFIT3,ANGPTL4,TXNIP,GNLY,LY6E,IFI16,HLA-DPA1,IFI35,ADM,ALDOC,MTOR,FCER1G,FGA,IRGM,MBP
ARG1,NPPA,BANK1,KLF2,ATG7,CYBB,CCR4,CCL19,C1QB,ACACB,STAT2,IFI44,TGM2,IL18RAP,G6PD,BATF2,EDN1,FCGR3A,PPARA,HLA-DPA1,IL1R1,CD14,PYCARD,TLR4,JUN,ITGAX,TYK2,HSPA5,LTF,HLA-A,IFI16,VWF,CD36,TIMP1,ITGB1,THBD,COL3A1,CXCL16,PDPN,PLAUR,TAP1,NR4A3,PARP9,OASL,RNASEL,OSTM1,F3,SERPINC1,HP,FN1,PAX5,CFB,VWF,SREBF1,FCGR2A,SERPINC1,HLA-E,HLA-E,SERPINC1,ITGAL,RHOA,S100A9,HSPA1B,CAT,RAB33A,GP1BA,CSF3,TNNT2,THBD,TF,ANXA2,GPX1,VWF,GATA3,CXCL6,GZMA,HLA-A,EGR2,RNASE3,PRF1,HSPH1,LAG3,GNLY,C1QA,PTGS2,IFI44,COL1A1,PPARGC1A,CTSB,IFI35,IFI27,HLA-DPB1,IFI6,NPPA,ENO1,RPTOR,FCGR2A,FGB,XBP1,SLC1A2
IDO1,NPPB,FCRL5,CXCR4,BECN1,RHOG,CCR8,CXCL2,C1QC,FASN,SOCS1,IFITM1,DUSP1,IL15,GOT1,CXCL6,ACKR1,FCGR3B,PPARD,HLA-DPB1,TNFRSF1A,ITGAM,AIM2,NOD2,JUNB,ITGAL,SOCS1,EIF2AK3,MPO,RAB33A,IFIT5,TFPI,ITGA2B,COL1A1,GP9,VWF,FN1,MARCO,NPPA,MPO,TAP2,CYBA,USP18,IFIH1,IFI16,TRAF1,THBD,PLAT,APOE,VCAN,FCRL5,LTA,F13A1,FASN,FCGR2B,VWF,TAP2,ATG5,PROC,ITGB2,PPP1R15A,LCN2,DNAJB1,PRDX1,CDKN1A,GP1BB,CCL7,FHL2,AIM2,ALB,CALR,PRDX1,TFPI,RORA,CXCL1,GZMK,HLA-B,DUSP1,SLPI,GNLY,DNAJB1,PDCD1,EIF2AK2,C1QB,ALOX5,ISG15,COL1A2,NRF1,CTSL,IFITM1,IFI35,HLA-DQA1,IFIH1,NPPB,SOD2,RPS6KB1,ITGAL,FGG,HSPA5,CX3CL1
NOS2,MYH7,CD68,CCR2,SQSTM1,RAC2,CSF1R,CXCL3,C3,MTOR,SOCS3,IFITM3,DUSP2,IL15RA,GPT2,CXCL13,ACKR2,FCGR2A,PPARGC1A,ITGA4,TNFRSF1B,ITGAX,CASP1,FCGR1A,ATF3,CSF1R,SOCS2,ERN1,GZMB,LILRB1,IFITM1,BMP10,ITGB3,COL4A1,CXCL13,F2R,VWF,MSR1,NPPB,ELANE,B2M,SIGLEC9,PSMB9,RSAD2,NOS3,TRAF2,PROS1,PLAU,APOB,DCN,IGHM,ICAM3,THBS1,ACACA,FCGR3A,F2R,PSMB8,GABARAPL2,PROS1,CSF1,EIF2AK2,CD14,DDIT3,SQSTM1,DNAJB1,ITGA2B,CCL8,VEGFC,IL18,APOA1,SYK,TXN,PROS1,RORC,IL12B,CD3D,HLA-C,DUSP2,SPINK5,KLRC1,BAG3,CTLA4,RSAD2,C1QC,ALOX5AP,MX1,COL3A1,NFE2L2,CTSK,IFITM3,IFIT1,HLA-DQB1,ZBP1,COL5A1,GPX1,EIF4EBP1,ITGB2,SERPINA1,DDX58,CCL2
ALDH1A1,TNNI3,CD163,CCR5,GSDMD,CYCS,CSF3R,CXCL5,C4B,SREBF1,P2RX7,RSAD2,DUSP6,IFNAR1,SLC7A5,CCL19,TNFRSF1A,FCGR2B,SLC7A11,PDGFRB,NFKBIA,CSF1R,CASP4,FCGR1B,HSPA1A,CSF2RB,IFNGR1,TRIB3,PRF1,CXCL1,IFITM2,NPPA,P2RY12,COL5A1,PLAUR,F11R,THBS1,CD36,LAMP3,PRTN3,PSMB8,SIRPA,PSMB8,LILRB1,BCL2,STAT3,VWF,GP6,CRH,LAMA4,AICDA,ITGAM,LGALS3,ACLY,FCGR3B,F11R,PSMB9,SQSTM1,SERPINA1,CSF2RA,DDX58,ITGAX,ATF4,ATG5,HSPA1A,ITGB3,CCL21,BATF2,NLRC4,APOB,LYN,PRDX2,NPPA,BCL2,IL23A,CD4,HLA-DRB1,BTG1,FABP4,NKG7,HLA-E,FOXP3,IFI6,C2,PLA2G4A,MX2,MMP1,CDKN1A,MERTK,IFI6,IFIT2,STAT4,NLRC5,COL4A1,CAT,EEF2,FPR1,SERPINA3,IFIH1,CCL5
ACOX1,ACTC1,MRC1,CCR7,CASP1,S100A12,IL2RB,CXCL6,NOS2,S100B,AIM2,SIGLEC1,MAPK8,IFNAR2,FASN,CCL21,TNFRSF1B,LILRB1,SLC11A1,MMP3,RELB,CSF2RA,TREM1,CCR1,DNAJB1,CSF3R,IFNGR2,NOS2,GNLY,CXCL5,IFITM5,NPPB,GP6,SPARC,ITIH4,PLG,THBS2,CD68,IL1RAP,LTF,PSMB9,COL4A1,TAP1,LILRA2,TGFB1,SOCS1,TFPI,PLAUR,F3,TIMP1,CD3D,ITGAL,LGALS9,HPX,C1QC,THBD,NLRC5,MAP1LC3B,SERPINA3,CSF2RB,IFIH1,CCR2,EIF2AK3,MAP1LC3B,S100A8,NPPA,CCL23,BCL6,GFAP,APOC1,RAC2,GPX4,NPPB,BAX,IL18,CD8A,HLA-DRA,BTG2,FABP5,CD274,KLRD1,IL21R,IFI27,C3,LTA4H,IFITM1,MMP3,CDKN2A,ITGAX,IFI16,IFITM1,STAT5A,AIM2,MMP12,FTH1,EIF2AK2,SELL,SERPINE1,DDIT3,CCL7
ACOD1,F2,LYZ,CXCR5,CASP4,CCL7,IL7R,CXCL8,DUOX1,GFAP,IL1R1,USP18,MAPK14,TLR8,MIF,CCR7,TNFSF10,KLRG1,SLC2A3,PLAUR,SELE,CSF3R,CLEC4E,CCR2,DDX58,IL1R1,IRF9,ARG2,CTSB,OSM,PLSCR1,DUSP3,PTGS1,FN1,ORM1,PLAT,ITGAM,CD80,ADAMTS13,AZU1,HLA-E,PECAM1,TAP2,HLA-E,ITGAX,SOCS2,NPPA,ITGA2B,FGA,SERPINH1,CD4,PECAM1,IL10,FTH1,C1QB,PROCR,CXCL16,RAB20,VWF,TNFRSF1B,HLA-A,NOD2,XBP1,BECN1,S100A9,NPPB,CCL28,ZNFX1,APOE,APOE,CD68,GADD45A,TNNI3,CASP3,IL1A,CD8B,HLA-DPA1,CXCR6,PPARG,PDCD1LG2,NKG7,TNFRSF9,IFI35,C4A,FPR1,IFITM3,MMP14,MYC,CD14,EIF2AK2,IFITM3,STAT5B,PTPN22,CTSL,FTL,DDX58,CEACAM1,F2R,ATF4,CCL8
OLR1,F2R,ITGAM,HLA-DRA,CASP8,CCL19,IL15RA,PTX3,DUOX2,CCL11,IL1R2,ELANE,PLAUR,TLR9,CALR,RGS1,MCL1,GZMB,SLC2A4,THBD,S100A4,MPO,CLEC12A,CCR5,IFIH1,IL1R2,UBE2L6,PRDX1,CTSS,IL1RN,SP110,KLF2,ALOX5,ACTA2,ORM2,TGFB1,ITGB2,CD86,CLEC4M,GZMB,HLA-B,SELE,IFI6,HLA-G,CD86,IRF8,NPPB,ITGB3,FGB,HSP90AA1,CD8A,CSF1R,IL12B,FTL,C3,PLAU,CXCL17,INSL3,GP1BA,TNFSF11,HLA-B,P2RX7,PPP1R15A,CFH,S100B,HMOX1,MMP12,SIGLEC15,SLC2A1,CLU,CSF1R,GADD45B,MYH7,CASP8,CCL5,CD86,HLA-DPB1,CCR6,RBP4,CTSC,ITGA2B,ICOS,IFI44,C4B,ITGAM,RSAD2,TIMP1,FOS,FCGR1A,MX1,LGALS3,IFIH1,STAT3,CTSB,HMOX1,IFIH1,CEACAM6,THBD,EIF2AK3,CXCL1
PLIN2,FGA,ITGAX,HLA-DRB1,RIPK1,CCL20,GZMA,SPP1,SOD2,CX3CL1,IL17RA,CTSG,PTGS2,TLR5,HSPA1A,IL7R,CD3E,PRF1,LDHA,TFPI,CHI3L1,ELANE,LILRB1,SIGLEC1,IFI27,IL2RB,OAS2,PRDX2,LAMP3,IL18,SP100,KLF4,ALOX5AP,PDGFRB,PPBP,NPPB,ITGA5,MRC1,CXCL16,PRF1,HLA-C,HP,ELF4,KLRD1,CD80,IRF7,EDN1,CD40,FGG,HSPA1A,CTLA4,CSF2RB,IL23A,VWF,CFH,PLAUR,CCL5,SP110,GP9,MMP3,HLA-C,AIM2,ABCB1,CFB,CHIT1,HAMP,MMP14,MPO,SLC2A3,SERPINA1,ADAMDEC1,XBP1,CRP,CFLAR,ACOD1,CD80,CD3D,IL23R,ALDH1A1,CTSB,ITGB3,PDCD1LG2,IRF8,CCL19,ICAM1,GBP2,SERPINE2,JUN,FCGR2A,MX2,LGALS9,DDX58,JAK1,LAMP2,SLC11A1,TLR8,CD83,VWF,OASL,CXCL2
HMOX1,FGB,KLRK1,HLA-DPA1,RIPK3,CXCL5,GZMK,IDO2,GPX1,CX3CR1,IL23A,PRTN3,ALOX5,TLR1,HSPD1,CD40,CD3D,GNLY,PFKM,PLAT,SPP1,AZU1,LILRA2,KLRK1,IFI44,IL6R,OAS3,TXNIP,GBP3,IL18BP,SP140,DUSP1,ALOX15,TGFB1,AZU1,NPPA,ITGB1,CLEC7A,HLA-DRA,GNLY,NQO1,HPX,TRIM5,NKG7,NOD2,IRF5,ADM,CLEC7A,SERPINE1,DNAJB1,LAG3,IRF1,IFNAR1,THBD,C4B,MMP12,CXCL2,SERPINA1,ITGA2B,MMP12,CD3D,IRGM,ABCC1,C3,LYZ,FTL,VEGFB,ELANE,LDHA,SERPINA3,MRC1,ATF4,SAA1,TRADD,NOS2,CCR1,CD3E,RORC,CD80,CTSD,GP1BA,CD274,OSMR,CCL20,VCAM1,IFI35,CCL7,JUNB,SIGLEC1,TRIM22,CD274,DHX58,JAK2,LY96,PLAUR,TLR7,CD69,PLAT,RSAD2,CXCL3
GPD2,FGG,FCGR3A,HLA-DPB1,NOS2,CXCL6,GZMH,PYCARD,IFIT5,TNFRSF1A,IL23R,MPO,ALOX15,MAVS,DDIT3,CD80,CD3G,NKG7,HK3,NPPA,MMP13,PRTN3,LILRB2,GNLY,IFI44L,TNFRSF1A,IFI6,SOD2,SP110,PTGS2,BST2,SOCS3,PLA2G4A,SMAD3,ELANE,ADM,PECAM1,CLEC4D,HLA-DRB1,NKG7,HMOX1,SERPINC1,DDX60,GNLY,RIPK2,IRF9,LGALS3,OLR1,SERPINA1,UBB,PDCD1,IRF9,IFNGR1,F2R,SERPINA1,CXCL8,CXCL3,SERPINA3,ITGB3,PLAUR,CD3E,BATF2,SLC7A11,C4B,LTF,FTH1,ITGB1,PRTN3,PCK2,SERPINA10,CCR1,EIF2AK2,ATG5,RIPK1,CYBB,XCL1,CD3G,IL17A,CD86,FCGR1B,GP1BB,BCL2L1,SAA1,CCL7,SELE,IRF7,CCL8,EGR1,LY96,TRIM38,CD83,NLRC5,SOCS1,CD14,PLAT,TLR1,GNLY,PLG,DDX60,CXCL5
SDHB,SERPINC1,GNLY,CD40,DUOX2,CXCL7,LYST,NLRP3,IFI35,IL1RAP,IL27RA,MMP8,PLA2G7,NLRC4,ATF4,CD86,CD2,TAP1,HKDC1,NPPB,TIMP3,CEACAM8,LILRB4,GZMB,IL17A,TNFRSF1B,EPSTI1,CAT,STAT4,IDO1,DDX58,SOCS1,TNFRSF1A,PLAUR,MPO,MMP2,PLAU,OLR1,HLA-DPB1,KLRD1,SOD2,CLU,SOCS2,CTSW,CARD9,IKZF1,LGALS9,ITGAX,SERPIND1,RPS27A,TIGIT,TRIM25,JAK1,PLAU,KLRC2,IL18,SAA1,SERPINB9,P2RY12,ELANE,CD3G,MAFB,SLC7A5,C1QA,LCN2,SOD2,ANGPT2,LILRA2,ACSS2,SERPINC1,CXCL1,EIF2AK1,ATG7,MLKL,NCF1,XCL2,CD4,IL17F,CD68,TRIM14,GP9,FOS,SAA2,CX3CR1,PECAM1,STAT2,CXCR3,EGR2,TLR1,GBP2,CD40,TAPBP,SOCS2,DCSTAMP,F2R,TLR6,GZMB,KNG1,IFIT5,CXCL6
CSF1,PLAT,GZMA,CD80,NCF1,FPR1,BCL2,CASP5,IFI27,PTGS1,CX3CL1,CEACAM8,TGFB1,NLRP3,XBP1,TNFRSF1A,CD28,TAP2,CXCL8,ACTA2,TIMP2,CD3D,LILRB5,PRF1,IL17F,TNFAIP3,SP110,GPX1,IFIT2,CD274,DHX58,JAK2,TNFRSF1B,PLAU,RETN,ICAM3,MMP2,SLC11A1,FCGR1A,KLRB1,GPX1,C1QA,CRP,CXCR3,IL7R,IKZF3,ITGAM,ITGAL,THBD,RPL13A,GZMB,TRIM5,JAK2,ITGA2B,KLRC1,IL18BP,SAA2,GADD45B,TBXA2R,CTSG,CD4,GBP2,NRP1,C1QB,DEFA4,ATG5,PDGFB,LILRB1,ACACA,SERPINF1,CXCL2,EIF2AK3,MAP1LC3B,OLR1,NCF2,IFIH1,CD8A,STAT4,EMR2,TRIM21,THBD,JUN,RETN,CCR5,VWF,DDX58,CXCR4,EGR3,TLR6,GBP4,CD80,OAS2,IRF5,CYBB,F2RL1,MYD88,PRF1,F5,IFITM1,OLR1
CX3CL1,F13A1,HBA1,CD86,CYBA,FPR2,BAX,PLA2G7,RSAD2,MBP,CX3CR1,FCGR3B,TGFBI,CASP1,EIF2S1,TNFRSF1B,CD27,B2M,CXCL12,MYH11,FASN,CD3E,LILRA1,IFI44,RORC,NFKB1,SP100,GSR,IRF3,PDCD1LG2,IFIH1,STAT2,IL6R,SERPINF2,PGLYRP1,SELP,TIM3,HMOX1,FCGR1B,CD8A,TXNIP,C1QC,SERPINA1,CCR5,CCR2,POU2F2,ITGAX,SELL,TFPI,RPLP0,PRF1,TRIM38,TYK2,ITGB3,TRIM22,IL23A,HP,SOCS1,NPPA,PRTN3,CD8A,LY96,CD36,C1QC,REG3A,BECN1,EDN1,LILRA1,GLS,ORM1,CCL13,DDIT3,SQSTM1,LPL,DUOXA1,IFI6,CD8B,STAT5A,ADGRE1,UBD,TFPI,ATF3,PLA2G7,CCR2,FN1,CXCL16,CCR5,SRGN,CEBPB,CD14,CD86,CXCL8,IRF8,MPO,ANXA5,NOD2,NKG7,F13A1,IFITM2,ICAM2
CX3CR1,ITGA2B,HBB,CD274,SOD2,ALOX5,CASP8,PROS1,OASL,NRG1,C1QB,LRG1,PTPRC,PYCARD,EIF4EBP1,KLRD1,TRAC,ERAP2,CCR2,COL1A2,SREBF1,CD3G,SIGLEC7,IFI6,PIK3CA,NFKBIA,DDX58,CYBB,IRF5,CD86,GBP3,STAT3,IL6ST,VWF,LILRA2,PF4,HAVCR2,FTH1,CD274,CD8B,GCLC,C2,SERPINA3,CXCR6,CCR5,TBX21,CD36,SELP,PROCR,RPS3A,IL2RA,PSMB8,SOCS1,NPPA,TRIM21,IL23R,APOE,IFI30,NPPB,LCN2,CD8B,PTPN22,MARCO,CFD,OLFM4,SQSTM1,CSF1R,SLC11A1,G6PD,ORM2,MMP8,HLA-DPA1,NR1H3,APOD,MPO,IFI27,ORM1,STAT5B,ADGRE5,HLA-B,FGA,EGR1,TGFB1,CXCR3,COL1A1,TRIM22,CD59,SLAMF7,RELA,CD68,CD14,CXCL1,CEBPB,NCF1,LGALS3,CARD9,KLRD1,ITGA2B,IFITM3,VIM
S100B,ITGB3,SLC4A1,IL15,PRDX1,ALOX5AP,CASP9,GAS6,SIGLEC1,LTA,C1QC,OLFM4,CD14,TNFSF10,RPS3,KLRC2,TRBC1,HLA-A,CCR5,HGF,GLUL,CD4,TSC22D3,IFITM1,AKT1,REL,IFIH1,NOX4,CXCL1,CD80,ATG5,IRF5,OSMR,F13A1,CXCR1,CD36,LAG3,TFRC,CTLA4,CD3D,MAP1LC3B,CFB,AHSG,GZMA,SLPI,GATA3,FCER1G,SDC1,PROC,RPS6,MARCO,PSMB9,C1QA,NPPB,IFIT1,IL17A,APOC1,LY96,MYH7,LCN6,GNLY,PLAUR,CLEC4E,XBP1,CXCL14,MAP1LC3B,KDR,RAB27A,SLC7A5,COL1A1,MMP14,HLA-DPB1,SPP1,APOE,LTF,TRIM38,STAT3,IL12RB1,FCGR3B,HLA-C,FGB,EGR2,IL32,CXCR6,COL3A1,TRIM14,CD55,FCGR3A,JAK1,LYZ,CD36,CXCL16,NFE2L2,NCF2,ICAM3,SQSTM1,KLRB1,GP1BA,IFI35,VWF
BDNF,GP1BA,PPBP,IL15RA,GPX1,LTB4R,PTEN,ADM,BATF3,BDNF,C3,LILRB1,CRP,TNFRSF1A,RPL13A,NKG7,TRBC2,HLA-B,CXCR3,SAA1,GCLM,CD8A,ZNF683,IFITM2,AKT2,RELA,TRIM5,NFE2L2,CXCL3,IFI6,ATG7,IRF8,LIFR,THBD,CXCR2,CD40,TIGIT,SLC40A1,CD38,CD3E,BECN1,FGB,ORM1,GZMK,OSM,RORC,CYBB,ICOS,GP1BA,EIF2AK2,CD68,TAP1,C1QB,TNNT2,IFIT2,IL17RA,APOC3,TLR2,ACTC1,S100A8,KLRD1,CXCL2,MERTK,ATF4,ITGAM,ATG16L1,ICAM1,MAFB,SLC16A1,COL1A2,OLR1,IFI35,CD274,ALDH1A1,DEFA1,GBP7,STAT2,IL12RB2,CLEC12A,HLA-A,FGG,SAA1,CXCL2,PTPRC,MMP8,IFI6,SDC1,PLAU,JAK2,MRC1,CCR2,CCL8,SOD2,NCF4,CD44,BECN1,CXCL13,GP9,CXCL13,GJA1
FOS,ITGAV,PF4,IL7R,ALOX5,IL2RA,PTPRC,EDN1,CXCL6,OCLN,CFH,CCR1,SAA1,BCL2A1,YWHAG,GNLY,FOS,HLA-C,CXCL16,SAA2,IDO1,CD8B,S1PR1,IFITM3,MTOR,MAPK14,TRIM25,KEAP1,PLAUR,IFI35,MTOR,CTLA4,CD40,PROS1,TLR5,P2RY12,PDCD1,CYBB,CD27,CCR7,SQSTM1,IL10RA,ORM2,GZMH,MX1,FOXP3,NCF1,LAG3,ITGA2B,EIF4E,CD163,TAP2,C1QC,TNNI3,IFIT3,IL22,S100A4,TLR4,TNNT2,S100A9,KLRB1,IL17A,CXCL8,ATF6,ITGAV,IRGM,VCAM1,SOCS1,VCAM1,COL3A1,LRG1,LGALS3,CTLA4,PTEN,DEFB4A,IL18,IRF7,IL12A,FCER1G,PSMB8,SERPINA1,SAA2,CXCL3,STAT2,MMP14,IFI27,SDC4,PLAUR,SOCS3,CD274,CCR7,CCL11,NOS2,PRDX1,MRC1,ATG5,XCL1,PPBP,CCL8,APOE
JUNB,THBS1,ITGA2B,IL27RA,ALOX5AP,IL7R,SYK,A2M,MMP3,CLDN5,CFD,CX3CR1,SAA2,BAX,CFL1,HAMP,JUN,HLA-E,F2R,APOE,HMOX1,MS4A1,S1PR5,DUSP2,CD36,MAPK8,RNASEL,GCLC,PLAU,TRIM22,ULK1,FOXP3,CD40LG,AGER,C1QB,ANGPT2,CTLA4,NCF1,CD14,SELL,ATG5,TGFBR2,HP,ITK,MX2,KLRD1,NCF2,PDCD1,ITGB3,DDX58,MSR1,GBP2,C3,JUNB,OAS1,IL1R1,S100A7,CLEC7A,TNNI3,S100A12,NKG7,IL1A,IL1RN,DDIT3,VIM,XBP1,SELP,IFI44,ITGAL,COL5A1,SERPINB2,SRGN,LAG3,AKT1,SAA1,IL17A,IRF9,IL12B,LY96,PSMB9,PLG,CRP,CXCL5,IRF8,SERPINA1,OASL,ANXA1,LILRB1,PTPN6,PDCD1LG2,CCR1,CCL19,GPX1,PRDX2,CD163,ATG7,XCL2,HMOX1,TAP2,APOBEC3A
DUSP1,THBS2,GP9,IFNGR1,PTGES,IL15,LCK,SERPINA1,MMP7,ICAM5,SERPINC1,CCL20,FGA,BID,ACTB,TF,JUNB,CCR7,F2RL1,CX3CL1,GCLC,CD19,P2RX7,CXCR4,CD163,JUN,OASL,GCLM,SERPINF1,TRIM14,SQSTM1,IL2RA,CD80,SOD2,C1QC,BDNF,GFAP,NCF2,CD40,LEF1,ATG7,IRAK3,HPX,ZAP70,RNASE2,KLRC1,NOX4,CTLA4,SELP,MAVS,MRC1,GBP4,C4B,EGR1,OAS2,IL1R2,S100A11,CD14,MMP2,S100B,CXCL13,CTSB,IL18,HSPA5,ACTA2,DDIT3,ITGA4,IFI44L,ITGAM,FN1,SERPINB1,LGALS9,PDCD1,MTOR,SAA2,CXCL13,GBP1,IFNA1,LBP,CIITA,F2,PTX3,MIF,OAS3,SERPINA3,IFIT5,ANXA2,LILRA2,SHC1,CD180,CXCR3,CCL20,GPX3,PRDX5,MSR1,MAP1LC3B,CCR9,NFE2L2,BST2,ADM
EGR1,PDGFA,GP1BA,GSDMD,PTGER2,CD27,ZAP70,SERPINA3,COL1A1,NRXN1,CRP,LGALS3,FGB,BCL2L11,ACTG1,SLC40A1,ATF3,CD27,PROS1,CSF3,IL1RAP,CD79A,GCH1,CXCL2,MRC1,FOS,CMPK2,NR1H3,ITGB2,PLSCR1,BCL2,LYN,CD86,GPX1,C2,NTRK2,MBP,NCF4,CD80,CD27,CASP1,KLF4,ITIH4,LCK,GZMB,KLRF1,ALOX15,HAVCR2,PLAUR,OASL,ARG2,BST2,LAMP3,ZAP70,OAS3,C1QA,MMP8,CD163,COL3A1,ALDH1A1,CCR7,CTSL,IL18RAP,EIF2AK3,FN1,CASP8,ITGA2B,HERC5,CCR1,TGFBI,SERPINA1,CD40,CD8A,PRKAA2,HP,CXCL1,SIGLEC1,IFI16,SCARB2,RFX5,LGALS3,ALOX5,ALOX5,IFI44,SERPINB9,IFITM2,FOS,LILRA1,DUSP1,CD302,CXCR4,IL17A,TXNIP,GSTP1,ITGB2,SLC11A1,CXCR5,SOD2,ELANE,IL33
TREM2,PDGFRA,GAPDH,CASP1,LTA4H,CD28,GRB2,SERPINA10,COL1A2,PRNP,HP,SLC11A1,FGG,GADD45B,VIM,FTH1,EGR1,CD28,THBD,GFAP,CX3CL1,CD79B,ECHDC2,IL1RN,CLEC7A,APOBEC3A,SAMHD1,ABCA1,IL15,CXCL16,BECN1,FGR,CTLA4,CAT,C3,IL1R1,S100B,SOD2,CD86,FOXP3,CASP3,PTGER2,APOH,PTPN6,PRF1,NKG7,ALOX15B,TIGIT,PLAT,ISG15,APOE,DDX58,CTSB,LCK,DDX58,C1QB,MMP12,ITGAX,ADAMTS13,SLAMF8,SELL,BCL2A1,CXCR2,HSP90B1,SERPINE2,CASP3,GP1BA,GBP4,CD4,ITGB1,ORM1,CD80,CD4,SIRT1,ORM1,CXCL3,LY6E,IFIH1,LILRA2,XAF1,LGALS9,ALOX5AP,PTGES,SIGLEC7,S100A12,CXCL2,JUN,ITGB7,MAPK1,HLA-DRA,CXCR6,IL23A,SELP,ALDH1A1,ITGAL,VAMP8,SIGLEC9,CAT,MPO,TNFSF10
C1QA,VCL,ACTB,NLRP3,PLA2G4A,CD69,GAPDH,C3,PLAUR,C3,ORM1,SOCS1,PLG,COL1A1,COL1A1,ALOX5,EGR2,TBX21,PROCR,BDNF,CCL11,BLK,TYMP,BCL2,MARCO,APOBEC3B,PARP9,ABCG1,IL15RA,SIGLEC1,LAMP2,LCP2,PDCD1,NFE2L2,CFB,TNFRSF1A,NRP1,GPX1,CD163,CTLA4,CASP8,LY86,CLU,SOCS1,PADI4,HLA-E,PTX3,SOCS1,PLG,RSAD2,ITGAM,IFIH1,CTSD,RUNX3,IFIH1,C1QC,COL1A1,FCGR2A,THBD,WARS,PLAC8,CXCL3,OSM,DNAJB1,ANGPT2,BAX,PLAU,OAS2,CD3D,ITGAV,ORM2,CD86,CD3D,FASN,ORM2,CCR7,EPSTI1,DDX58,SIGLEC5,BCL2A1,SIGLEC1,MMP8,ANXA1,CLEC12A,S100A4,CXCL1,EGR1,ITGB1,MAPK14,HLA-DRB1,CXCL8,ITGAM,LILRB1,HMOX1,RAP1B,RAB7A,GBP6,GPX1,CEACAM8,TNFRSF1A
C1QB,MMP2,TBP,PYCARD,CYP27B1,CD38,ACTB,C4A,SERPINA5,C4A,ORM2,CXCL2,LBP,COL3A1,COL1A2,PTGS1,EGR3,STAT4,NOD2,CCL19,SOD2,NCAM1,HLA-F,OLFM4,CD68,XAF1,PARP14,LXRAP1,CXCL13,LY6E,TFEB,LAT,LAG3,NQO1,SERPING1,CX3CL1,PLXNB2,TXNIP,MS4A6A,IKZF3,FAS,PLCG2,FGA,SOCS2,ICAM3,HLA-F,CHI3L1,IFIT2,HRG,MX1,ICOSLG,MAVS,GAA,KLRK1,CGAS,C3,COL3A1,FPR1,TFPI,GBP6,RGS2,ITGB2,PTGS2,CXCL2,ANGPTL4,BCL2,PLG,FCGR1B,CSF3R,ITGB3,CRP,CD19,CD3E,ACACA,CRP,CADM1,CCL11,MAVS,SIGLEC10,CASP1,CD163,MMP19,LTB,CALHM6,LGALS3,CXCL5,KLF2,TGFB1,CREB1,HLA-DPA1,CXCL2,ITGAX,SIGLEC1,SOD2,RAC2,ITGB2,GBP7,TXNIP,DEFA1,PTGS2
C1QC,LPA,IFIT5,BAX,C1QA,HLA-DPA1,RPL13A,CFH,SERPING1,C1QA,SAA1,CXCL3,APOE,MMP12,COL3A1,CYBB,NFKB1,SOCS2,RIPK2,CXCL13,NOS2,KLRD1,SOCS5,MMP14,CLEC4E,PARP9,GBP3,NPC1,CXCR5,SECTM1,RAB7A,TRAF1,TIGIT,HMOX1,HSPA1A,CX3CR1,FOSL2,FOXO3,DUSP3,TNFRSF4,BCL2L11,ARID5A,FGB,CISH,ITGAL,HLA-G,OSM,ISG20,CRP,MX2,HLA-E,GZMB,ALOX5,KLRC1,STING1,C4A,THBS1,LYZ,TLR2,FCGR1C,NFE2L2,ITGAL,ALOX5,CXCL3,KLF2,TNFSF10,TFPI,GBP2,PTGS2,ICAM2,SAA1,IL2RA,CSF1,SREBF1,SERPINA1,SIGLEC1,CXCL8,TRAF3,FPR1,CASP4,MARCO,MPO,IL23A,GBP6,LGALS9B,CCL7,KLF4,SMAD3,NR1H3,HLA-DQA1,CXCL1,LTBP2,CLEC7A,GPX1,RHOA,ITGA4,SP100,SQSTM1,DEFA3,PLA2G2A
F3,SOCS1,IFI6,BCL2,C1QB,HLA-DPB1,PPIA,CFI,F13A1,F3,SAA2,IL15,APOA1,MMP14,COL4A1,NOS2,NFKBIA,RORC,ATG5,NRP1,F2R,NKG7,JAK2,CD14,LYZ,PARP12,GBP6,NPC2,FOS,TLR9,MAP1LC3B,TRAF6,HAVCR2,SLC11A1,HSPA6,S100B,KLF4,BCL2A1,KLF2,IL2RA,TNFSF10,FCGR3A,FGG,BCL2A1,ITGAM,B2M,C1QA,BST2,SAA1,IFIT1,APOA1,PRF1,ALOX5AP,KLRC2,B2M,CFH,ICAM3,PPBP,TLR4,FCGR2A,SOD2,HLA-A,LTA4H,CXCL5,DUSP3,FAS,PROS1,PECAM1,PTGES3,PECAM1,SAA2,IL7R,CCR5,CPT1A,FTL,CLEC4E,BDNF,TRAF6,FPR2,CASP5,MSR1,ELANE,HMOX1,ETV7,RNASE2,CCL20,RELB,SMAD7,SREBF1,HLA-DMB,CCL5,VEGFC,MRC1,TXNIP,ROCK1,CCR1,SP140,MAP1LC3B,MMP25,F3
F2R,SOCS3,IFI27,FASLG,C1QC,HLA-DMA,TBP,CEACAM1,PDGFRA,FGA,PLA2G2A,IL18BP,APOC3,PDGFB,COL4A2,ARG1,RELA,IL23R,ATG7,AQP4,SERPINA1,GNLY,STAT3,LY86,CXCL2,USP18,PSMB8,CYBA,JUN,CD36,NOS2,NFKBIA,BATF,TREM1,DNAJB1,GFAP,SP1,CASP8,ANKRD22,STAT4,TNFRSF1A,FCGR3B,FGL1,BCL2L11,XCL1,TAP1,C1QB,DDX58,SAA2,IFIT2,ALB,GNLY,PTGER4,NCR1,HLA-DRA,CRP,VCAM1,CCR2,TLR9,FCGR3A,GCLM,HLA-B,FGR,CXCL6,RORC,FASLG,SERPINA1,CXCL13,SLAMF8,CDH5,HP,CD3D,CCR1,PDK3,FTH1,MARCO,CX3CL1,TBK1,C1QA,PYCARD,ITGB2,AZU1,FOS,SERPING1,RNASE3,PKM,NFKBIA,BAMBI,HK2,HLA-E,CCL17,FLT1,CD14,DDIT4,ACTB,CCR3,PPARG,ATG5,FCGR1B,SERPINE1
FGA,JAK1,IFI35,FAS,C2,B2M,RPLP0,CEACAM6,PDGFB,FGB,ALOX5,PDK2,HP,TGFB1,TIMP1,PPARG,STAT2,FOXP3,SQSTM1,NOS2,SERPIND1,HP,IRF1,CLEC4E,PRF1,GBP7,PSMB9,ITGB2,JUNB,DDX58,ARG1,NFKB1,BCL6,LAIR1,ATG5,APP,ELK1,CASP4,RGS1,TBX21,EGR1,GBP3,SAA1,MCL1,XCL2,TAPBP,C1QC,IFIH1,NPPA,IFIT5,CRP,XCL1,TNFAIP3,CD22,HLA-DRB1,PTX3,ITGB2,CCR5,MYD88,RAB7A,HMOX1,HLA-C,ITGAL,CCL20,FOXP3,NQO1,KNG1,CCL2,STAT3,PLAU,CP,CD3E,CXCR6,G6PD,HMOX1,FCGR1B,IL1R1,IKBKE,C1QB,NLRP3,FCGR3A,LCN2,JUNB,LGALS8,PPARG,ENO1,NFKBIZ,RELA,ACADM,HLA-F,CCL22,KDR,LILRA2,ATF3,ACTG1,CCR4,PTGS2,BCL2,CYBA,SERPINA5
FGB,JAK2,USP18,TNFRSF1A,C3,TAP2,HIST1H4C,LRG1,HLA-DMB,FGG,ALOX5AP,ACACA,HPX,TGFBR1,TIMP2,HMOX1,IRF9,IL2RA,LAMP1,ARG1,A2M,SERPINA1,IRF5,BPI,GNLY,SP110,HERC5,ITGAL,EGR1,IFIH1,CYBB,RELB,IKZF1,FCER1G,BECN1,MAPT,EGR1,PRKCD,TNFRSF1B,GZMA,ANGPT2,GBP4,SAA2,CASP3,LILRA2,PSMB9,C2,SIGLEC1,NPPB,GBP4,SAA1,KLRK1,NFKBIA,CR2,HLA-DPA1,SAA1,ITGAX,CCR1,TRAF6,TPI1,ALOX5,HLA-DQB1,CST3,CCL22,TBX21,PRDX1,F2R,CXCL8,IL6,PLG,ADM,CD8A,IL2RB,TALDO1,RETN,LILRB1,TNFAIP3,MAPK1,C1QC,DDX58,FCGR2A,BPI,NR4A1,LILRB1,CEBPB,LDHC,SOCS1,NFKB1,CPT1A,HLA-G,PPBP,TEK,ITGAX,XBP1,TUBA1B,CXCR2,PLAUR,BAX,NCF1,PROS1
FGL1,STAT3,OASL,TNFRSF1B,C4A,STAT5B,HIST1H2BJ,HP,HLA-DMA,TFPI,PTGS2,FASN,ORM1,SMAD3,PDGFB,NFE2L2,OAS2,TLR8,CYBB,FASN,ITGA5,ORM1,IRF9,ALOX5AP,GZMB,SP140,IFIT2,PTPRC,KLF2,RNASEL,NFE2L2,REL,GATA3,C1QB,MAP1LC3B,ADCYAP1,ZNF683,MAPK14,C1QB,GZMH,NOS2,GBP7,HMOX1,CFLAR,TNFAIP6,PSMB10,C3,CXCL16,CD3D,GBP2,LBP,NKG7,RELB,TIMD4,HLA-DPB1,SAA2,ITGAL,GZMB,CXCL2,ALDOA,ALOX5AP,HLA-DMB,CTSA,IL17A,GATA3,PRDX5,MYH6,IL18,IFNG,TFPI,EDNRB,CD8B,TBX21,IDH1,LEP,PTPRC,AREG,MAPK3,C3,IFIH1,S100A12,CAMP,NR4A2,ZNFX1,FOXO3,CS,STAT3,NFKBIA,PKM,HLA-B,PF4,SLC16A1,ITGB2,HSPA1A,TUBB,CXCL4,PLAU,CASP1,NCF2,PLAUR
GP6,STAT6,BST2,MAP1LC3B,C4B,MAP3K7,DEFB4A,HPX,HLA-DQB1,THBD,ACKR1,SLC2A3,RBP4,ADIPOQ,TGFB1,GPX1,MX2,NLRP3,CYBA,SREBF1,ITGAX,APCS,CEBPB,IL10,NKG7,LYPD2,ZBP1,CXCL1,KLF4,EIF2AK2,HMOX1,BCL2A1,TBX21,C1QC,SQSTM1,RETN,BATF3,MAP3K8,C1QC,GZMK,NOS3,TAP2,NQO1,FAS,TNFAIP8,UBA7,CFB,CX3CR1,CD3E,OAS2,FTH1,PTPRC,MAPK14,CLEC5A,CD74,ORM1,SIGLEC9,PRF1,CXCL3,ENO1,PLAUR,HLA-DPA1,CTSB,IL23A,RUNX3,GPX1,NPPA,IL12B,CCR10,PROS1,ADORA2B,KLRD1,RORC,ENO1,ADIPOQ,ITGAM,TNNI3,MAPK14,C4B,ZBP1,COL1A1,DEFA1,ZNF438,HERC5,FOXP3,SDHA,IL7R,IKBKB,TXN,HLA-C,IL7R,SLC7A5,HLA-DRA,HSPA1B,VIM,CXCL1,ALOX5,CASP3,LILRB2,THBS1
NPPA,IRF1,DDX58,BECN1,CFB,MAP2K4,IFNL1,ORM1,TAP1,PROS1,CD36,ENO1,FCN1,PPARA,GZMA,PRDX1,IFIT3,PYCARD,NOS3,PPARA,ITGB2,LILRB1,AHR,IL1R1,KLRD1,MX2,CIITA,CXCL2,BCL2A1,ANGPT2,SOD2,CASP1,RORC,C3,IFI6,CRH,ID2,LTA4H,SIGLEC5,CXCR3,ICAM2,HLA-DRB5,GCLM,FASLG,CASP1,UBE2L6,CFD,CXCL3,CD4,OAS3,TF,CXCR6,MAPK8,CLEC7A,CD47,IL1F9,SIGLEC10,GNLY,CCL3,PKM,FOSB,HLA-DPB1,CTSL,CSF3,SPI1,GCLM,NPPB,IL23A,CXCR6,ADM,IL6R,GNLY,GZMB,PKM,PTH,ITGAX,GBP4,MAP2K3,CFB,NLRC5,COL3A1,CCL3,NELL2,SP140,GZMB,ITGAX,IL21,MAPK1,PRDX1,C1QA,IL15RA,HK3,HLA-DRB1,DNAJB1,FN1,CXCL3,ALOX5AP,CASP8,FPR1,THBD
NPPB,IRF8,DDX60,ATG5,CFH,MAP2K6,IFNA1,ORM2,TAP2,PROC,ABCA1,GAPDH,FCN3,PPARG,LTA,SOD2,IFI35,CASP1,ADM,PPARG,PLAT,LILRA1,SKIL,IL1R2,SIGLEC1,OASL,TAP1,CXCL5,BCL2L1,ADM,GSTM1,CASP4,FOXP3,CFH,IFI30,NFE2L2,IRF8,ALOX5,ITGAL,CXCR6,COL4A1,LILRB1,GCLC,TNFSF10,CASP4,OASL,CFH,CXCL2,CD8A,IFI35,CP,KLRD1,STAT3,CD80,SIRPA,TNFRSF1A,SIGLEC14,NKG7,CCL4,PGM1,DUSP1,HLA-DRB1,TYROBP,IL7R,BCL6,GCLC,HIF1A,ICOSLG,TGFBI,EDN1,IL1RN,NKG7,PRF1,UCP2,ANXA1,MPO,GBP6,MAP2K6,APOE,FGR,MMP3,CCL4,RAP1B,PSMB9,PRF1,CLEC7A,PRF1,MAPK14,CXCL5,C1QB,IL2RA,PDK2,HLA-DPA1,DDIT3,SERPINB2,SOD2,VNN1,FADD,PLAT,VWF
IL6R,BCL2,TRIM25,ATG7,CFD,IKBKB,IFNB1,LPL,NLRC4,SERPINC1,APOE,ALDOC,ITIH4,ACOD1,IL18,CAT,IL10,AIM2,EDN1,MTOR,PLAUR,SFTPD,SMAD7,PLAU,SIGLEC15,DDX58,ERAP1,IL17RA,CD69,EDN1,GPX4,CASP5,CXCR5,CFB,IFIT2,NR3C1,TAPBP,PTGS2,LILRA1,IL7R,LAMA4,LILRB2,TXN,TRAF6,CASP5,IFI6,CD93,IL32,CD8B,IFI44,SERPINA3,KLRC2,STAT2,CTLA4,LGALS9,TNFRSF1B,PECAM1,KLRD1,CCL20,G6PD,ZNF683,TAPBP,SPI1,CCR7,IKZF1,CXCL5,HK2,CLEC4E,BCL2,NPPA,IL1R1,PRF1,NKG7,PLAUR,ANXA2,LTF,PARP9,NLRC5,CD59,CFH,CXCL2,CCL5,HMGB1,TAP1,GNLY,LYZ,GZMB,MAPK8,CXCL2,C1QC,IL12B,PFKFB4,HLA-DPB1,ERN1,CCL5,CAT,ANKRD22,C1R,F13A1,PLG
LGALS3BP,BAX,TRIM22,SQSTM1,C5AR1,NFATC1,OSM,APOE,AIM2,PLAUR,LPL,MDH2,PROS1,CPT1A,IL18R1,MMP3,IL10RA,ATG5,SERPINB2,ULK1,PROS1,MRC1,SMAD3,SPP1,CXCL12,IFIH1,ERAP2,IL17A,CD44,ICAM2,PRDX1,CLEC7A,BLNK,APOE,IFIT1,PTGS2,ERAP1,PLA2G7,OLR1,CCR4,ACACA,SIGLEC14,TXNRD1,RIPK2,LAMP3,IFI27,CD200R1,IL7R,CD19,CCR2,HP,HLA-E,IRF9,PDCD1LG2,CD55,TICAM1,VCL,SLAMF7,CXCL5,PFKP,IL7R,PSMB8,CSF1R,CCR2,SOCS3,CXCL1,PFKP,DEFB1,IRF8,NPPB,IL1R2,GZMB,KLRD1,SERPINA1,EZH2,SAA1,PARP12,NOD2,CD55,CFI,CXCL6,CCL19,PTPN1,TAP2,KLRG1,MRC1,GNLY,STAT3,CCL3,CFH,IL23A,GLS,CD74,EIF2AK3,CXCL8,PRDX2,MT2A,C1S,CLEC7A,FGA
SERPINA1,CASP1,IL10,NOS2,CD14,NFATC2,SAA2,APOC1,IFIH1,PLAT,CEBPB,SDHA,THBD,SIRT1,IL27,TIMP1,IL10RB,ATG7,PLAUR,PRKAA1,TFPI,TLR2,COL1A1,SLPI,ICOS,ZBP1,CD40,IL23A,RGS1,VCAM1,TXN,CLEC4E,BTK,APOA1,IFI35,ALOX5,HLA-B,PLAUR,SLC11A1,CCR6,FASN,CXCL12,SRXN1,MAPK14,FOS,HERC6,PLAUR,CEBPB,MS4A1,CCR5,OLR1,HLA-B,PTPRC,SOCS2,ITGAL,MYD88,PODXL,BACH2,ALOX5AP,PFKL,CCR5,B2M,CSF2RB,CXCR4,SOCS1,IKZF3,PKM,MRC1,CEBPB,RUNX1,TNFSF10,GZMA,HLA-DRA,SERPINA3,BCL2A1,SAA2,ADAR,PYCARD,SLC11A1,C3,IFNGR1,CCL11,PRDX1,CD68,KLRD1,CD163,KLRD1,STAT5A,CXCL13,CFI,IL27,STAT3,LGALS3,NLRC5,IL1RN,GPX1,FER1L4,CFD,CLEC4E,FGB
CLEC4E,CASP3,IL15,CYBA,CD40,FOXO3,APOL1,APOC2,ZBP1,SERPINB2,PPARG,MYH7,NRP1,SREBF1,CXCL8,PLA2G7,IL12B,BECN1,ICAM3,CPT1A,STAT3,TLR4,COL3A1,PTGS2,PDCD1,TRIM22,CD80,RORC,RGS2,NPPA,TXNRD1,SIGLEC7,SYK,LPL,CCR1,PLA2G4A,HLA-A,PDGFB,CHI3L1,RORC,CPT1A,CCR1,PRDX1,STAT3,JUN,DDX58,PLAU,CEBPD,CD27,CXCR3,CD40,TRBC1,IKZF1,BCL2L11,SPARC,TRAF6,TIMP1,BATF2,LOX,PFKM,CXCR3,CD74,FLT3,OSM,ZBTB16,PDCD1,GAPDH,CHIT1,RAB31,SPI1,TNFRSF1A,TAP1,HLA-DRB1,LTF,CASP1,ORM1,TRIM22,CASP1,IFITM1,SERPINA3,IFNAR1,CXCR5,PRDX2,CSF1R,NKG7,SOD2,NKG7,MT2A,ICAM3,C3,GCH1,S100B,LGALS9,PSMB10,ANKRD22,NFE2L2,HAMP,C2,CD86,FGG
NLRP3,NFKB1,IL18,SOD2,CD80,RPTOR,APOE,RBP4,TAB2,LGALS3,SREBF1,TAGLN,NRP2,MTOR,MMP3,KLKB1,IL21,MAP1LC3B,VCAM2,SDHA,JAK3,NOD2,FN1,COL1A2,CD274,TRIM25,CD86,TBX21,ARL6IP5,NPPB,CAT,SIGLEC14,LYN,PPARA,CCR5,S100A8,HLA-C,PECAM1,CXCR4,ID3,PPARA,CCR7,PRDX2,JAK2,BCL3,IFIT2,SERPINA3,STAT4,CD28,LCK,ICOS,TRBC2,EGR1,BCL2,COL1A1,MAPK14,RETN,ETV7,FLT1,GPI,GADD45A,CIITA,MMP12,LIF,ZC3H12A,CTLA4,IDH1,CHI3L1,TUBGCP6,CEBPB,FAS,TAP2,HLA-A,HP,CASP4,ORM2,TRIM25,CASP4,IFITM3,SERPINF1,TLR4,CCR5,HSPD1,CSF2RB,LILRA1,NOS2,LILRB2,SLC2A3,ITGAM,C4BPA,NOS2,CLU,SPON2,TAPBP,RAB33A,EGR1,APP,C3,CD40,F2R
ZBP1,RELA,IL23A,GPX1,CD86,EIF4EBP1,RETN,RETN,TRAF6,NPPA,NR1H3,COL4A1,ANGPTL4,PRKAA1,MMP7,KNG1,IL21R,SLC11A1,PECAM1,IDH1,SOCS1,CLEC4E,TIMP1,SERPINB2,CTLA4,TRIM21,ICOSLG,GATA3,SOCS5,GDF15,IL12B,MRC1,CD19,PPARG,CCL3,S100A9,CX3CL1,ICOSLG,CCL19,ID2,ACSS2,CXCR1,GPX1,PIM1,NFKB1,CCL19,IL18,IRF5,CD38,ZAP70,CD86,ZNF683,JUNB,BAX,COL3A1,MAPK8,CHI3L1,CD1C,KDR,TXN,SLC2A1,CD40,ADAMDEC1,SPP1,BHLHE40,LAG3,NOS2,SPP1,BATF,CEBPD,HSPA5,LAMP1,HLA-B,HAMP,RELA,ALDH1A1,CXCL16,CASP5,OASL,SERPIND1,CLEC7A,SERPINA1,RAB33A,IRF5,LILRB2,NFE2L2,LAIR1,SLC2A1,SELL,C4BPB,CYBB,CX3CR1,RGS1,IRF9,GBP2,FOS,NRP1,C4B,CD36,F2RL1
IFI16,IKBKB,TGFB1,CAT,CD163,GADD45B,AQP9,LEPR,NFKBIA,NPPB,NR1I3,COL15A1,MMP1,RPTOR,ITGAL,F2,IL23A,CYBB,PYCARD,HK2,TYK2,CXCL13,TGFB1,TFPI2,LAG3,STAT5A,TNFSF13B,FOXP3,SOCS6,PDPK1,IL18R1,MARCO,BCL2,PIK3CD,CCL5,JAK2,CX3CR1,GZMA,ITGA4,HIF1A,SLC1A5,CXCR2,GPX4,IL12B,NFKB2,CCL21,IL18BP,ALOX5,CD68,CD2,CCR7,ITGAX,FOSL2,BID,COL4A1,JUN,LGALS3,IRF1,PLAUR,TXNRD1,PPARG,CD80,PLAUR,LGALS9,RORA,AIM2,GLUL,CSF3R,ZNF683,KLF2,XBP1,LAMP2,HLA-C,TFRC,NFKBIA,CA1,TLR6,CYLD,MX2,ITIH4,IL1R1,ANXA1,TLR9,DUSP3,SLAMF1,HMOX1,SIGLEC7,ABCA1,FUT7,C7,NOX4,TNFRSF1A,ANXA1,GADD45B,IFI35,JUN,EDNRB,ITGAX,CD14,ITGA2B
CD274,HLA-DRA,CXCL8,C1QB,CD180,ELANE,CEACAM8,ADIPOQ,SOCS1,MYH7,MERTK,BCL2,MMP8,HMOX1,CXCR3,TFPI,IL23R,NOS2,IRF8,SLC2A3,OSM,CXCL8,ITGAL,CTSD,TIGIT,STAT5B,TNFRSF1A,RORA,SOCS7,SLC2A3,IL23A,CD14,BAX,AKT1,CXCL1,TYK2,CCR2,GZMH,SIRPA,EPAS1,GLS,BATF3,BCL2,IL23A,RELA,CXCL13,IL23A,PTGS2,CD163,IL2RA,CXCR3,CLEC4E,NCF4,CASP8,MMP12,FOS,LGALS9,ZNF683,MMP3,GPX1,ITGAL,CD86,CCR1,PLA2G7,SATB1,IFI16,MDH2,CSF2RB,HLA-DMB,KLF4,CALM1,SIGLEC9,BCL2,SLC11A1,IKBKE,CA2,C1R,RNF31,TRIM14,ARG1,TNFRSF1A,SLC1A3,SIGLEC1,KLF2,LYN,TXNIP,TLR8,APOE,PLAUR,CD55,DUOX2,NPTX2,ANXA2,GADD45A,IFITM1,JUNB,NPPA,CLEC7A,NOD2,ITGB3
HLA-DRA,HLA-DRB1,MPO,LTA4H,CD83,DEFA1,CXCL2,IFNG,SOCS2,ACTC1,AXL,BAX,COL3A1,NFE2L2,CCR2,GP6,IFNAR1,LCP2,IFNGR1,IDO1,OSMR,CHIT1,FCGR2A,CTSL,CD80,SOCS2,TNFRSF1B,IL12B,HMOX1,FASN,IL27,CD38,CASP8,MTOR,CXCL6,SOCS1,CCR7,CTSB,TREM1,PPARG,GLUL,IRF8,BCL2A1,IL21,RELB,CCR7,IL27,MMP14,CD86,IL15,SELL,MARCO,RAC2,DDIT3,TIMP2,EGR1,CXCL1,MAFB,SERPINF1,GPX4,ICAM1,CD83,CXCL2,NCF2,PRDM1,GBP4,SDHA,BPI,TNFSF13B,CXCL13,CALM2,NOD1,BAX,NOS3,TBK1,CA4,SERPINA3,SHARPIN,SPON2,NOS2,TRAF6,CAMK2A,ISG20,CXCR4,SYK,GSTM1,TLR9,APOC1,PLAU,CD59,ITGAM,SERPINA5,SPP1,TGFBI,BST2,ATF3,NPPB,DDX58,NLRP1,PDPN
HLA-DRB1,HLA-B,LTF,KRT6A,CD209,CEACAM8,CXCL3,RORC,IL12B,MYL7,TYRO3,MDM2,FN1,GPX1,CCR5,MYL7,IFNAR2,SYK,IFNGR2,CCL3,CXCL3,CTSL,FCGR2B,LGALS9,CD86,IL15,TNFAIP3,IL12RB1,NQO1,GCLM,IL10,CD274,FAS,HSPA1A,CXCL7,SOCS3,CXCR4,LGALS3,CLEC4D,MTOR,CHI3L1,IRF5,BAX,IL18,IRAK3,CXCR5,IL32,CHI3L1,CD80,TNFRSF1B,ITGAL,CD36,ARHGAP24,XBP1,SERPINF1,EGR2,CCL20,IRF8,LDHB,PRDX1,VCAM1,ICOS,S100A12,PGD,BACH2,CALHM6,SOD2,OLR1,SLC43A1,XCL1,VIM,CLEC7A,CYBB,HMOX1,JAK1,CHI3L1,NCF2,OSBPL5,GZMB,GCH1,MYD88,BDNF,MEFV,SELL,PLCG2,GSTA1,RAB27A,SERPINA3,LTA4H,JUN,ITGAX,SERPIND1,LTF,LGALS3,OAS3,GADD45B,CD163,TLR8,CXCL12,SELENBP1
CD40,HLA-A,IDO1,KRT86,XAF1,FADD,CXCL6,IL17A,IL23A,TNNT2,SOCS2,CDKN1A,FOXP3,CAT,CXCR4,ACTA2,IFNGR1,ZAP70,TGFB1,CXCL8,CCR7,MMP2,FCGR3A,RHAG,CD83,IL15RA,NFKBIA,IL12RB2,SOD2,CXCL17,IL10RA,PDCD1LG2,FASLG,HSPB1,CXCL16,PIK3R1,CXCR5,LGALS9,CLEC7A,SLC7A5,SAA1,RELA,BID,CCL20,MYD88,GPR183,IL34,PTX3,CTLA4,TNFRSF10C,DUSP1,TREM1,FYB1,SPP1,CXCL12,KLF6,CCL21,BHLHE40,GBP2,SOD2,MMP12,IL2RA,CHI3L1,IL1R1,BATF,TREX1,GLS2,SAA1,IL7R,XCL2,GCLC,MRC1,NOS2,CYP1B1,TYK2,CYBB,NCF4,PLCG1,GZMA,CTLA4,PYCARD,F13A1,FCER1G,PRKCD,PIK3CD,GSTP1,XCL1,CHI3L1,ALOX5,FOS,LILRB1,F12,MPO,LGALS9,IFIT5,XBP1,LGALS3,TLR9,ATG12,GP1BA
CD86,TAP1,TLR5,BATF3,OSM,TNFAIP3,IL18,IL17F,IL27,EDN1,PPARGC1A,GADD45A,IL21,SOD2,CD163,COL3A1,IFNGR2,PRDM1,TGFB2,CXCL5,CXCR6,PDGFB,FCGR3B,SLC4A1,CD40,IL18,NFKBIZ,IL18,PRDX1,CXCL12,IL15,ICOS,IL2RA,DNAJB1,ABCA1,PIK3CA,CXCL13,CXCL6,CXCL5,FASN,SAA2,NFKB1,CASP1,CXCL13,TRAF6,CXCL12,FOS,AMBP,PDCD1,TRAF3,FOS,SPP1,LCP2,LGALS3,CXCR4,KLF4,CCL22,SOCS2,IFI27,CAT,CD200,CTLA4,ITGA5,CXCR2,C3,TYK2,NAMPT,CXCR6,FXN,GNLY,GPX1,NOS1,PTX3,AHR,IFNAR1,NOX4,BCL2L11,PLCG2,PRF1,FOXP3,CASP8,PLAT,CYSLTR1,APOA1,AKT1,NQO1,XCL2,CXCL16,CYCS,NFKB1,CLEC4E,F11,NCF1,CXCL16,RSAD2,DNAJB1,LGALS9,ZBP1,ATG16L1,GP9
ICAM2,CIITA,TLR9,NCOA7,P2RX7,TRAF3,IL18R1,TNFRSF1A,IL7R,NOS3,FGF21,MMP7,IL18,CTLA4,MRC1,SMAD3,SOD2,XBP1,TBK1,TNFSF10,IL21,COL1A1,FCER1G,KLF1,CD40LG,IL18BP,RELA,IL18R1,AKT1,GNLY,IL7R,CD80,IL7R,UBC,ABCG1,MAPK1,LTB,CXCL5,HAMP,NQO1,ALOX5,IFITM1,CASP4,ICOS,IL1R1,S1PR1,JUN,DUOX2,LAG3,TRAF6,JUNB,CD163,ZAP70,RSAD2,ANGPTL4,SOCS3,CXCL5,STAT4,BATF2,HIF1A-AS2,LY86,PDCD1,COL1A1,SRGN,C1QA,JAK1,S100A12,TLR1,NOS2,GZMB,PRDX1,S100A12,LILRB2,SPHK1,PYHIN1,TAP1,ORAI1,PRKCB,NKG7,IL2RA,BCL3,FGA,RAC2,ATP10A,MTOR,CYP27B1,CCR4,CXCL17,BIRC3,NFKBIA,CLEC7A,HLA-E,CYBB,CCR1,CMPK2,DUSP3,CHI3L2,KLRC1,TRIM21,GP6
PVR,CD274,BATF2,TUBB,TNFSF13B,TAB1,IL1RN,TNFRSF1B,IL2RA,COL1A2,CDKN1A,CXCR6,ALDH1A1,LAG3,CLEC4D,TGFB1,NOS2,MRC1,IRF3,OAS2,IL21R,ALOX5,TLR8,HBB,TBX21,HBEGF,JUNB,NLRP1,MAPK14,PDCD1,IL2RB,CD86,IL15,UBA52,SLC7A11,MAPK14,CCR1,SDC4,BCL2A1,SOD2,ALOX15,IFITM2,CASP5,EBI3,IL1R2,S1PR2,JUNB,OASL,HAVCR2,RIPK2,EGR1,MS4A6A,CD247,BST2,ICOS,SOCS1,IL1A,IL18R1,CXCL17,DUSP1,BST1,LAG3,ACTA2,TLR2,C1QB,STAT2,TREM1,PARK7,SLC1A3,PRF1,TXN,CXCL17,HMOX1,SGK1,ALDH1A1,TAP2,STIM1,GBP1,GNLY,IL10,SPP1,FGB,SLC11A1,SLC11A1,RPTOR,SERPINA3,IFIT5,CCL19,PIK3CA,RELB,SLC11A1,CXCR3,GZMB,CCRL2,PSMB8,KLF2,SERPINA1,KLRC2,TRIM22,KNG1
ITGB3,CLEC7A,SLC11A1,BCL6,IL18,PYDC1,TREM1,IL18R1,CCR7,COL5A1,BCL2A1,PGD,PPARA,PDCD1,OCLN,THBS1,GPX1,CD209,MAVS,IFIH1,BCL2,PTGER4,IRAK3,HBA1,GATA3,AREG,FOSL2,CARD9,MAPK8,C5AR1,IL4R,CD40,IL15RA,RPL13A,SLC11A1,NFATC2,CCR4,ARG2,GZMB,GPX1,PTX3,IFITM3,CASP8,IL2RA,IL18R1,IL15,FOSB,USP18,TIGIT,MAPK14,PPARGC1A,CCL3,CD3E,IFI35,CD27,LY86,IL1R1,IL18RAP,CHI3L1,KLF6,SIRPA,TIGIT,FN1,TLR4,C1QC,BATF,LCN2,FCGR3A,S100A11,NKG7,TXNIP,MMP3,ATG16L1,DUSP2,RPL13A,HLA-E,IFITM3,OASL,CD3D,CYBB,PTGS2,FGG,LILRB2,NCF1,DEPTOR,SERPINC1,DUSP1,CCL22,EIF4A1,CHUK,FPR1,VEGFB,PRF1,CD163,PSMB9,CEBPB,SAA4,KLRD1,TRAFD1,SERPING1
PLA2G7,CD14,FCGR1A,PER1,CXCL13,SERPINB2,TREM2,IL18,CXCR3,SOD2,CASP8,CYBA,CD163,TIGIT,TJP1,SERPINA1,TXNRD1,ARG1,DDX58,DDX58,MAFB,SPP1,IL12B,HBA2,B2M,EREG,MAPK14,RIPK2,MAPK9,COL1A1,SOCS3,TNFRSF1A,IL10,RPS18,TNNT2,NFKB1,CCL19,SIRPA,PRF1,HMOX1,CXCL2,STAT2,FADD,,IL18RAP,IL15RA,ATF3,XAF1,ICOS,MAPK8,KLF4,CCL20,CCR1,TRIM14,CXCL13,TREML4,IL1R2,CXCR6,CASP4,KLF10,SIGLEC9,GZMB,SERPINA3,GBP4,APOE,,PTGS2,EIF2AK2,MMP3,KLRD1,HSPA1A,HK2,PARK2,ZFP36,COL4A1,TLR8,IFIT5,IFIT2,CD8A,NCF1,ACTA2,NPPB,ALDH1A1,CYBA,FOXO1,PROC,RHOB,TRAF1,EIF2S1,IKBKB,FPR2,NR4A1,GNLY,SLPI,TAPBP,PPARG,APOBEC3A,MSLN,HIF3A,CD36
DDX58,CD86,CLEC4E,USP18,HBEGF,PTGER2,P2RY14,CXCL1,CXCR5,HSPB1,FAS,TPI1,GBP6,ICOS,45909,SERPINC1,GCLC,APOBEC3A,IFIH1,RAB20,,HSPA1A,IL23A,AHSP,HLA-B,EGFR,MAPK8,MAPK14,DUSP1,MCL1,SOCS1,TNFRSF1B,IL10RA,GAPDH,FBN1,RELA,CXCL1,SPP1,TMCC1,SLC40A1,CXCL8,,CASP3,,IL17RA,XAF1,DUSP1,SAMHD1,BATF,JUN,BATF,IL10,CXCL2,TRIM25,BCL6,CLEC4E,IL27,CCR7,MMP7,SOCS1,TNFSF13B,PRF1,SERPINA1,IFI35,PTGS2,,CX3CL1,ITGB2,ITGAX,KLRG1,DNAJB1,PFKFB3,OLR1,IFI16,MMP12,CXCL2,PFKFB3,CXCL16,CD4,NCF2,SLC2A3,NR4A1,IL2RA,ICOSLG,FOXM1,PROS1,CXCL2,TRAF6,EIF3C,MAPK14,RHOA,NOS2,IFITM2,CHI3L1,HLA-DPA1,ACTB,PRKCD,EPCAM,PPARA,CD40
,,,,,,,,,,,,,,,,,HP,ZBP1,,,,,CFH,,,,,DUSP2,,,CCR1,,,,BCL2,,,,,,,,,,GADD45A,,,,,,,,,,,,CD27,,PTGES,,,ORM1,,,,C3,,,,,LDHA,,,,,,IL15,,,,,,,,,,,,,,RELA,,,,,,,C3,CLEC2B
,,,,,,,,,,,,,,,,,,ULK1,,,,,C3,,,,,DUSP5,,,CCR2,,,,CASP1,,,,,,,,,,DUSP3,,,,,,,,,,,,TNFAIP3,,MAPK9,,,ORM2,,,,C4B,,,,,PKM,,,,,,,,,,,,,,,,,,,,,,,,,,,C4A,TFPI
,,,,,,,,,,,,,,,,,,ATG14,,,,,C4A,,,,,CISH,,,CCR5,,,,CASP3,,,,,,,,,,ANKRD22,,,,,,,,,,,,TNFAIP6,,AKT2,,,LGALS3,,,,GFAP,,,,,SLC2A1,,,,,,,,,,,,,,,,,,,,,,,,,,,C4B,PROCR
,,,,,,,,,,,,,,,,,,CARD9,,,,,C1QB,,,,,PIK3CD,,,CCR7,,,,APOE,,,,,,,,,,45904,,,,,,,,,,,,S100A12,,AKT3,,,FPR1,,,,IL1R1,,,,,PPARA,,,,,,,,,,,,,,,,,,,,,,,,,,,,NPPB
,,,,,,,,,,,,,,,,,,CARD10,,,,,C1QC,,,,,PIK3R1,,,,,,,STAT4,,,,,,,,,,NPC2,,,,,,,,,,,,GRN,,PIK3CG,,,FPR2,,,,RGS1,,,,,ACLY,,,,,,,,,,,,,,,,,,,,,,,,,,,,NPPA
,,,,,,,,,,,,,,,,,,CCR7,,,,,C1QA,,,,,PTPN6,,,,,,,,,,,,,,,,,FCER1G,,,,,,,,,,,,,,PTPN22,,,FCER1G,,,,CXCR4,,,,,CPT1A,,,,,,,,,,,,,,,,,,,,,,,,,,,,
,,,,,,,,,,,,,,,,,,ITGB2,,,,,SERPING1,,,,,PTPN11,,,,,,,,,,,,,,,,,CST3,,,,,,,,,,,,,,ELAVL1,,,LILRA2,,,,TNFRSF1A,,,,,FASN,,,,,,,,,,,,,,,,,,,,,,,,,,,,
,,,,,,,,,,,,,,,,,,LRRK2,,,,,CD3D,,,,,FAS,,,,,,,,,,,,,,,,,LY86,,,,,,,,,,,,,,PRDX6,,,IRAK2,,,,OSM,,,,,ACACA,,,,,,,,,,,,,,,,,,,,,,,,,,,,
,,,,,,,,,,,,,,,,,,PARK2,,,,,CD3E,,,,,FASLG,,,,,,,,,,,,,,,,,CD74,,,,,,,,,,,,,,GPX3,,,RORA,,,,IRAK2,,,,,SREBF1,,,,,,,,,,,,,,,,,,,,,,,,,,,,
,,,,,,,,,,,,,,,,,,,,,,,CD4,,,,,CD27,,,,,,,,,,,,,,,,,RGCC,,,,,,,,,,,,,,ALOX5,,,NR1H3,,,,CARD9,,,,,ATF3,,,,,,,,,,,,,,,,,,,,,,,,,,,,
,,,,,,,,,,,,,,,,,,,,,,,CD8A,,,,,CD28,,,,,,,,,,,,,,,,,GBP2,,,,,,,,,,,,,,ALOX15B,,,RELB,,,,CLEC4D,,,,,DHCR24,,,,,,,,,,,,,,,,,,,,,,,,,,,,
,,,,,,,,,,,,,,,,,,,,,,,CD8B,,,,,ICOS,,,,,,,,,,,,,,,,,,,,,,,,,,,,,,,DLX4,,,NFKBIA,,,,NLRP1,,,,,C1QA,,,,,,,,,,,,,,,,,,,,,,,,,,,,
,,,,,,,,,,,,,,,,,,,,,,,CD28,,,,,TRAF6,,,,,,,,,,,,,,,,,,,,,,,,,,,,,,,PPARGC1A,,,NFKB1,,,,MRC1,,,,,C1QB,,,,,,,,,,,,,,,,,,,,,,,,,,,,
,,,,,,,,,,,,,,,,,,,,,,,CD69,,,,,TRAF3,,,,,,,,,,,,,,,,,,,,,,,,,,,,,,,ICAM4,,,IRF1,,,,FCN1,,,,,C1QC,,,,,,,,,,,,,,,,,,,,,,,,,,,,
,,,,,,,,,,,,,,,,,,,,,,,CD83,,,,,TRAF2,,,,,,,,,,,,,,,,,,,,,,,,,,,,,,,CLIC1,,,JAK1,,,,PLAUR,,,,,GAPDH,,,,,,,,,,,,,,,,,,,,,,,,,,,,
,,,,,,,,,,,,,,,,,,,,,,,CD86,,,,,CASP8,,,,,,,,,,,,,,,,,,,,,,,,,,,,,,,CLIC3,,,JAK2,,,,,,,,,ACTB,,,,,,,,,,,,,,,,,,,,,,,,,,,,
,,,,,,,,,,,,,,,,,,,,,,,TLR9,,,,,CASP10,,,,,,,,,,,,,,,,,,,,,,,,,,,,,,,GLRX,,,SOCS1,,,,,,,,,RPLP0,,,,,,,,,,,,,,,,,,,,,,,,,,,,
,,,,,,,,,,,,,,,,,,,,,,,LYZ,,,,,BCL10,,,,,,,,,,,,,,,,,,,,,,,,,,,,,,,NQO1,,,SOCS2,,,,,,,,,RPS27A,,,,,,,,,,,,,,,,,,,,,,,,,,,,
,,,,,,,,,,,,,,,,,,,,,,,ITGAM,,,,,BIRC3,,,,,,,,,,,,,,,,,,,,,,,,,,,,,,,CYB5A,,,PIK3CD,,,,,,,,,UBB,,,,,,,,,,,,,,,,,,,,,,,,,,,,
,,,,,,,,,,,,,,,,,,,,,,,FCGR3A,,,,,BIRC2,,,,,,,,,,,,,,,,,,,,,,,,,,,,,,,POR,,,PTEN,,,,,,,,,,,,,,,,,,,,,,,,,,,,,,,,,,,,,
,,,,,,,,,,,,,,,,,,,,,,,CSF1R,,,,,CHUK,,,,,,,,,,,,,,,,,,,,,,,,,,,,,,,UROD,,,STAT3,,,,,,,,,,,,,,,,,,,,,,,,,,,,,,,,,,,,,
,,,,,,,,,,,,,,,,,,,,,,,NCAM1,,,,,IKBKB,,,,,,,,,,,,,,,,,,,,,,,,,,,,,,,CKB,,,STAT4,,,,,,,,,,,,,,,,,,,,,,,,,,,,,,,,,,,,,
,,,,,,,,,,,,,,,,,,,,,,,NKG7,,,,,IKBKG,,,,,,,,,,,,,,,,,,,,,,,,,,,,,,,CKM,,,CCR6,,,,,,,,,,,,,,,,,,,,,,,,,,,,,,,,,,,,,
,,,,,,,,,,,,,,,,,,,,,,,IL2RB,,,,,CARD9,,,,,,,,,,,,,,,,,,,,,,,,,,,,,,,FBP1,,,IL17A,,,,,,,,,,,,,,,,,,,,,,,,,,,,,,,,,,,,,
,,,,,,,,,,,,,,,,,,,,,,,SELL,,,,,TLR1,,,,,,,,,,,,,,,,,,,,,,,,,,,,,,,PCK2,,,IL23A,,,,,,,,,,,,,,,,,,,,,,,,,,,,,,,,,,,,,
,,,,,,,,,,,,,,,,,,,,,,,SELP,,,,,TLR6,,,,,,,,,,,,,,,,,,,,,,,,,,,,,,,PITX2,,,,,,,,,,,,,,,,,,,,,,,,,,,,,,,,,,,,,,,,
,,,,,,,,,,,,,,,,,,,,,,,ATG5,,,,,IL23A,,,,,,,,,,,,,,,,,,,,,,,,,,,,,,,PLA2G7,,,,,,,,,,,,,,,,,,,,,,,,,,,,,,,,,,,,,,,,
,,,,,,,,,,,,,,,,,,,,,,,ATG7,,,,,RORC,,,,,,,,,,,,,,,,,,,,,,,,,,,,,,,CXCL2,,,,,,,,,,,,,,,,,,,,,,,,,,,,,,,,,,,,,,,,
,,,,,,,,,,,,,,,,,,,,,,,BECN1,,,,,TBX21,,,,,,,,,,,,,,,,,,,,,,,,,,,,,,,CXCL3,,,,,,,,,,,,,,,,,,,,,,,,,,,,,,,,,,,,,,,,
,,,,,,,,,,,,,,,,,,,,,,,SQSTM1,,,,,GATA3,,,,,,,,,,,,,,,,,,,,,,,,,,,,,,,CXCL1,,,,,,,,,,,,,,,,,,,,,,,,,,,,,,,,,,,,,,,,
,,,,,,,,,,,,,,,,,,,,,,,ULK1,,,,,FOXP3,,,,,,,,,,,,,,,,,,,,,,,,,,,,,,,IL8,,,,,,,,,,,,,,,,,,,,,,,,,,,,,,,,,,,,,,,,
,,,,,,,,,,,,,,,,,,,,,,,ZNF683,,,,,ZBTB16,,,,,,,,,,,,,,,,,,,,,,,,,,,,,,,MMP13,,,,,,,,,,,,,,,,,,,,,,,,,,,,,,,,,,,,,,,,
,,,,,,,,,,,,,,,,,,,,,,,CXCR6,,,,,EOMES,,,,,,,,,,,,,,,,,,,,,,,,,,,,,,,TAOK3,,,,,,,,,,,,,,,,,,,,,,,,,,,,,,,,,,,,,,,,
,,,,,,,,,,,,,,,,,,,,,,,CCR7,,,,,CERK,,,,,,,,,,,,,,,,,,,,,,,,,,,,,,,,,,,,,,,,,,,,,,,,,,,,,,,,,,,,,,,,,,,,,,,
,,,,,,,,,,,,,,,,,,,,,,,CXCL12,,,,,NOD1,,,,,,,,,,,,,,,,,,,,,,,,,,,,,,,,,,,,,,,,,,,,,,,,,,,,,,,,,,,,,,,,,,,,,,,
,,,,,,,,,,,,,,,,,,,,,,,,,,,,CYBA,,,,,,,,,,,,,,,,,,,,,,,,,,,,,,,,,,,,,,,,,,,,,,,,,,,,,,,,,,,,,,,,,,,,,,,
,,,,,,,,,,,,,,,,,,,,,,,,,,,,FCGR2A,,,,,,,,,,,,,,,,,,,,,,,,,,,,,,,,,,,,,,,,,,,,,,,,,,,,,,,,,,,,,,,,,,,,,,,
,,,,,,,,,,,,,,,,,,,,,,,,,,,,CXCR6,,,,,,,,,,,,,,,,,,,,,,,,,,,,,,,,,,,,,,,,,,,,,,,,,,,,,,,,,,,,,,,,,,,,,,,
,,,,,,,,,,,,,,,,,,,,,,,,,,,,CXCL17,,,,,,,,,,,,,,,,,,,,,,,,,,,,,,,,,,,,,,,,,,,,,,,,,,,,,,,,,,,,,,,,,,,,,,,
,,,,,,,,,,,,,,,,,,,,,,,,,,,,STAT5A,,,,,,,,,,,,,,,,,,,,,,,,,,,,,,,,,,,,,,,,,,,,,,,,,,,,,,,,,,,,,,,,,,,,,,,