seed_1_all,seed_2_all,seed_3_all,seed_4_all,seed_5_all,seed_6_all,seed_7_all,seed_8_all,seed_9_all,seed_10_all,seed_11_all,seed_12_all,seed_13_all,seed_14_all,seed_15_all,seed_16_all,seed_17_all,seed_18_all,seed_19_all,seed_20_all,seed_21_all,seed_22_all,seed_23_all,seed_24_all,seed_25_all,seed_26_all,seed_27_all,seed_28_all,seed_29_all,seed_30_all,seed_31_all,seed_32_all,seed_33_all,seed_34_all,seed_35_all,seed_36_all,seed_37_all,seed_38_all,seed_39_all,seed_40_all,seed_41_all,seed_42_all,seed_43_all,seed_44_all,seed_45_all,seed_46_all,seed_47_all,seed_48_all,seed_49_all,seed_50_all,seed_51_all,seed_52_all,seed_53_all,seed_54_all,seed_55_all,seed_56_all,seed_57_all,seed_58_all,seed_59_all,seed_60_all,seed_61_all,seed_62_all,seed_63_all,seed_64_all,seed_65_all,seed_66_all,seed_67_all,seed_68_all,seed_69_all,seed_70_all,seed_71_all,seed_72_all,seed_73_all,seed_74_all,seed_75_all,seed_76_all,seed_77_all,seed_78_all,seed_79_all,seed_80_all,seed_81_all,seed_82_all,seed_83_all,seed_84_all,seed_85_all,seed_86_all,seed_87_all,seed_88_all,seed_89_all,seed_90_all,seed_91_all,seed_92_all,seed_93_all,seed_94_all,seed_95_all,seed_96_all,seed_97_all,seed_98_all,seed_99_all,seed_100_all
IL15,IL15,IL1B,IL15,S100A8,IL1B,IL1B,IL6,IL15,IL1B,S100A8,IL1B,IL15,IL1B,IL1B,CD177,NLRP3,CD177,CD177,IL15,IFIT1,IL1B,IL15,IL15,S100A12,IL6,IFI27,IL1B,IL1B,IL1B,IL15,IL15,IL1B,IL1B,IL15,IL1B,IL1B,IL15,IFNG,IL15,IL15,IL15,IL6,IL1B,IL15,IL15,IL6,IL15,IL1B,IL1B,IL1B,IFIT1,IL1B,IL15,IL15,STAT3,IL15,IL1B,IL1B,IL15,IL15,S100A12,IL15,IL15,CD177,IL15,IL1B,IL1B,IL15,CD177,IL15,STAT1,TNF,IL15,S100A12,IL1B,HLA-DQB1,IL15,IL1B,IL1B,IL15,IL15,IL15,IL15,IL1B,IL1B,ADM,IL1B,IL15,IL1B,IL1B,IL1B,IL15,IL15,IL15,IL15,IL1B,IL1B,CD177,IL15
IL15RA,IL15RA,IL6,IL15RA,S100A9,IL1A,IL1A,TNF,IL15RA,IL1R1,S100A9,IL1A,IL15RA,IL6,IL1A,IL1B,IL1B,SELL,S100A8,IL15RA,IFIT2,IL6,IL15RA,IL15RA,S100A8,IL1B,IFI44L,IL6,TNF,TNF,IL15RA,IL15RA,IL1R1,IL1R1,IL15RA,TNF,IL6,IL15RA,IFNGR1,IL15RA,IL15RA,IL15RA,IL17A,IL1A,IL15RA,IL15RA,IL1B,IL15RA,IL6,IL1R1,IL6,IFIT2,IL15,IL15RA,IL15RA,NFKB1,IL15RA,IL1A,IL1A,IL15RA,IL15RA,IL15,IL15RA,IL15RA,S100A8,IL15RA,TNF,IL1R1,IL15RA,OLFM4,IL15RA,STAT2,TNFRSF1A,IL15RA,S100A8,IL1R1,HLA-DRA,IL15RA,IL1A,IL1A,IL15RA,IL15RA,IL15RA,IL15RA,IL1A,TNF,ALPL,IL1R1,IL15RA,TNF,IL1A,IL6,IL15RA,IL15RA,IL15RA,IL15RA,IL6,IL6,S100A12,IL15RA
TNFA,CXCL9,TNF,IFNG,S100A12,IL1R1,IL1RN,IL1B,CD177,IL1R2,S100A12,IL1R1,JAK1,IL10,IL1R1,CXCL8,IL1A,CXCL10,S100A9,IL6,IFIT3,TNF,TNF,IFNG,S100A9,IL1A,IFI44,TNF,IL6,IL6,STAT3,STAT3,IL1R2,IL1RAP,CXCL2,IL6,TNF,IL6,IFNGR2,S100A8,IL1B,TNFRSF13C,IL17F,IL1R1,CXCL9,HLA-DRB1,TNF,IL1B,TNF,IL1R2,TNF,IFIT3,IL15RA,S100A8,IL1B,IL6,CD177,IL1R1,IL1R1,TNF,TNF,IL15RA,S100A8,IFNG,S100A9,FCGR1A,IL15,IL1R2,IL2RB,MPO,IFNG,IRF9,TNFRSF1B,IL17A,S100A9,IL1R2,ZBTB48,ITPKC,IL1R1,IL1R1,IL17A,CD177,IL15RB,CD177,IL1R1,IL6,FCGR1A,IL1R2,CXCL2,IL6,IL1R1,TNF,CXCL10,S100A12,IL1B,IL6,TNF,TNF,IL1B,IL1B
IL6,CXCL10,IFNG,IL10,MPO,IL1R2,IL6,S100A8,CXCL10,IL1RAP,S100A6,IL1R2,JAK3,IL17A,IL1R2,S100A8,IL1R1,IL17A,S100A12,IL1B,IFI44,IFNG,IL1B,TNF,FCGR1A,IL1R1,IFIT1,IFNG,IFNG,CXCL8,IRAK4,STAT5A,IL1RAP,IL1RN,IL17A,IFNG,IL10,IL10,STAT1,S100A9,IL18,HLA-DQB1,IL1B,IL1R2,IL1B,HLA-DQB1,IFNG,TNF,CXCL8,IL15,IL10,IFI44,IL1R1,S100A9,IL6,TNF,S100A8,IL1R2,IL1R2,IFNG,IFNG,CD177,S100A9,STAT1,S100A12,TLR2,IL15RA,IL1RN,JAK1,ELANE,TNF,IRF1,TNFRSF4,IL17F,FCGR1A,IL6,TNFRSF13C,CASP3,IL1R2,IL1R2,IL17C,TNFRSF1B,IFIT1,S100A8,IL1R2,IFNG,HP,IL6,MMP9,CXCL2,IL1R2,IL1A,IL17A,S100A8,IL1R1,IL1B,IL10,IL1A,CXCL8,IL1A
IL1B,CXCL11,IL10,TNF,ELANE,IL1RN,IL6R,S100A9,IL6,IL1RN,S100A4,IL1RN,STAT3,IL18,IL6,S100A9,IL1R2,IL6,CXCL8,IL1A,IFI44L,IL2,IL6,S100A12,IL15,IL1R2,IFIT3,IL10,IL10,IL10,TLR2,STAT5B,IL1RN,IL1R2,IL17C,IL2RA,IL18,TNF,JAK1,S100A12,IL6,HLA-DRA,IL1A,IL1RN,IL1R1,HLA-DRA,IL10,IL6,IL1R1,IL15RA,IFNG,IFI44L,IL1R2,S100A12,TNF,IL1B,S100A9,IL1RN,IL1RN,IL10,IL6,FCGR2A,S100A12,STAT2,IL15,TLR8,IL6,IL6,JAK3,CTSG,IL1B,IRF7,TNFRSF9,IL17C,ADM,IL6R,CASD1,CXCL2,IL1RN,IL1RN,IL17F,IL1B,IFIT2,S100A9,IL1RN,IL10,S100A12,IL6R,S100A12,S100A8,IL1RN,IL18,IL6,S100A9,IL1R2,IL1A,IFNG,IL1R1,IL1R1,TNF
IL8,S100A8,IL2,IL1B,IL6,IL1RAP,IL6ST,CXCL8,IL17A,TNFAIP3,S100A11,IL6,STAT5A,IL21,IL6R,S100A12,IL1RAP,MMP9,IL1B,TNF,IFI27,IL4,IFNG,S100A8,IL15RA,IL1RN,RSAD2,IL17A,IL8,IFNG,S100A12,JAK1,IL6,IL6,IL17F,IL17A,IFNG,IFNG,JAK2,CXCL2,IL10,ZBTB48,IL1R1,IL6,IL1R2,HLA-DQA1,IL1A,S100A8,IL1RN,S100A8,IL18,IFI27,IL1RAP,CXCL8,IL1A,CXCL2,S100A12,IL6,IL6,IL8,IL10,ITGAX,IFI44L,IRF1,IL15RA,CXCL8,IL10,IL6R,STAT3,AZU1,IL6,IL6,TNFRSF11A,IL17D,ALPL,IL6ST,ADM,IL1B,IL6,IL2,CXCL8,IL1R1,IFIT3,S100A12,IL6,IL2,SLC22A4,IL6ST,IL1B,S100A9,IL2,IL10,TNF,CD177,IL1RAP,TNF,IL2,IL1R2,IL1RAP,IFNG
CXCL2,S100A9,IL4,CXCL8,TNF,IL6,TNF,MMP8,IL17F,S100A8,S100P,IL6R,STAT5B,IL1RN,IL6ST,FCGR1A,IL1RN,MMP8,MMP9,STAT3,IFI6,IL10,IL10,S100A9,CD177,IL10,ISG15,IL18,IL17A,IL17A,FCGR1A,JAK3,IL6R,IL6R,IL8,CXCL8,STAT1,IL1B,IRF1,IL8,TNF,CASD1,IL1R2,IL6R,IL1RN,CASP5,IL2,S100A9,STAT3,S100A9,IL1A,IFITM1,IL1RN,IL1B,IL17A,IL8,CXCL2,IL6R,IL6R,IL1B,IL1B,SPI1,RSAD2,IRF3,CXCL2,IL1B,IL17A,IL6ST,STAT5A,DEFA1,IL10,TNF,TRAF1,IL17B,SLC22A4,TNF,ALPL,IL6,IL6R,IL2RA,IL1B,IL1R2,IFI44,CXCL2,IL6R,IL4,IL15,TNF,ITGAM,S100A12,IL2RA,IL2,IFNG,SPI1,IL1RN,IL18,IL4,IL6R,FCGR2A,IL6
CASP5,IL6,IL17A,IL6,IL1B,IL6R,TNFRSF1A,ELANE,CXCR3,S100A9,TNF,IL6ST,IL2RB,TNF,TNF,FCGR2A,PYCARD,NGAL,ALPL,NFKB1,IFITM1,IL17A,IL8,IL6,VIM,IL17A,MX1,IL2,IL2,CCL2,ADM,S100A12,IL6ST,IL6ST,TRIM58,CCL2,STAT3,CXCL2,SOCS1,TNF,IFNG,IL1B,TNF,IL6ST,IL1RAP,CR1,IL4,S100A12,CXCL10,S100A12,IL1RN,IFITM3,NLRP3,FPR1,CXCL10,IRAK4,IL6,IL6ST,IL6ST,IL6,IL8,LILRB2,ISG15,IRF7,IL1B,S100A12,IL18,TNF,STAT5B,DEFA3,IL2,CXCL8,TRAF2,IL6,HP,TNFRSF1A,FCGR1A,IL8,IL6ST,IL2RB,IL6,IL6,IFI44L,IL8,IL6ST,IL17A,IL15RA,TNFRSF1A,TLR2,CCR1,IL2RB,IL4,IL1B,TSPO,CXCL10,IL10,IL17A,TNFRSF1A,TLR8,IL10
CR1,CXCL8,IL18,IL12A,IFNG,IL6ST,TNFRSF1B,IFIT1,IFNG,S100A12,IL1B,TNF,S100A8,TNFRSF1A,TNFRSF1A,FCGR3A,CASP1,IL15,ANXA3,NFKB2,IFITM3,IL18,CCL5,IL1B,CLIC1,IL17F,OAS1,IL4,IL4,CXCL10,ALPL,S100A8,TNF,TNF,IGSF3,IL10,JAK1,CXCL8,IFNA1,IL1B,SOCS1,TNF,TNFRSF1A,TNF,CD177,CXCL2,IL17A,CD177,FCGR1A,FCGR1A,IL2,ISG15,TREM1,CXCR2,IFN-G,MYD88,TNF,TNF,TNF,IL17A,CD177,MMP9,USP18,IRF9,IL1R1,S100A8,IL1R1,TNFRSF1A,STAT6,DEFA4,HLA-DQB1,IRAK1,TRAF3,IL1B,CXCL8,TNFRSF1B,HP,TNF,TNF,IL4,TNF,IL6R,IFI27,SPI1,TNF,IL8,IL1B,TNFRSF1B,TLR8,SELL,IL4,IL17A,STAT1,CXCL2,TNF,IFNG,IL18,TNFRSF1B,IL15,IL8
HLA-DQB1,CCL2,IL21,IL12B,IL10,TNF,IL10,IFIT3,STAT1,FCGR1A,IL6,TNFRSF1A,S100A9,TNFRSF1B,TNFRSF1B,TLR8,CASP4,IL15RA,FPR1,IFNG,ISG15,IL21,CCL4,IL17A,ALPL,IL17RA,OAS2,IL5,IL5,IL1RN,HP,S100A9,TNFRSF1A,TNFRSF1A,CASP5,TGFB1,JAK2,S100A8,IFNB1,MIP1A,NLRP3,IL6,TNFRSF1B,TNFRSF1A,IL18,IL8,IL12A,CD14,FCGR2A,FCGR2A,IL6R,ISG20,MMP9,IL6,IL10,TLR2,IL1B,TNFRSF1A,TNFRSF1A,CXCL10,CCR1,MAPK14,IFIT1,JAK1,IL1R2,S100A9,IL1R2,TNFRSF1B,NCR1,LCN2,HLA-DRA,IRAK4,TRAF5,IL23A,IL1B,IL18,S100A12,CD40,TNFRSF1A,IL4R,IFNG,IL6ST,IFIH1,ISG15,TNFRSF1A,CCL2,IL6,IL10,SPI1,XAF1,IL4R,IFNG,HLA-B,IL8,IL6,CASP1,IL1R1,IL18,IL15RA,IL2
HLA-DRA,IFNγ,IL1A,IL1A,ICAM1,TNFRSF1A,IL10RA,ISG15,IRF3,FCGR3A,TNFRSF1A,TNFRSF1B,S100A12,IFNG,IL10,HCK,CASP5,TNF,NCF4,CXCL9,ISG20,IL23A,CCL3,CXCL10,ADM,TNF,OAS3,IL12A,CCL2,NFKB1,SLC22A4,FCGR1A,TNFRSF1B,TNFRSF1B,CR1,CD40LG,IRF1,S100A9,IFNAR1,IL6,CASP1,IFNG,IL10,TNFRSF1B,IL6,S100A8,IL12B,CXCL10,TLR2,FCGR3A,IL1R1,MX1,S100A8,TNF,S100A12,TLR7,VEGFA,TNFRSF1B,TNFRSF1B,NT5E,SELL,TLR5,IFIT3,JAK2,IL1RAP,CXCL2,TNFRSF1A,IL10,NCR2,MMP8,ZBTB48,MyD88,TRAF6,IL23R,MMP9,IL18R1,SLC22A4,CD40L,TNFRSF1B,IL5,S100A12,TNF,IFITM1,IFIT1,TNFRSF1B,CXCL10,CXCL8,IL10RA,TREM1,CD177,IL5,IL12A,HLA-DRA,TRIM58,MIP1A,CASP5,IL6R,IL18R1,TNF,CXCL2
ZBTB48,TNF,IL12A,IL1RN,VCAM1,TNFRSF1B,IL10RB,OAS1,IRF7,CCR2,TNFRSF1B,IL18,S100A4,IFNA1,IL10RA,LILRB2,GSDMD,IFNG,CFL1,CXCL13,MX1,IL33,CCL2,FCGR1A,SLC22A4,TNFRSF1A,STAT1,IL12B,CXCL10,TLR4,IFI16,FCGR2A,TNFAIP3,IL17A,S100A8,STAT3,IRF3,CD14,IFNAR2,IL10,GSDMD,CXCL10,IL2,IL10,TNF,S100A9,IL23A,CXCL9,TLR4,FCGR3B,IL1R2,MX2,S100A9,CCL2,S100A8,IRF3,VWF,IL10,IL10,CCR1,CD14,MYD88,OAS2,TYK2,IL1RN,CD163,TNFRSF1B,IL10RA,NCR3,MMP9,TNFRSF13C,TLR4,NFKB1,IL22,ANXA3,IL10,CXCL2,NFAT1,IL10,IL6,MMP9,TNFRSF1A,IFITM3,IFIT2,IL18,IL1RN,IL17A,IL10RB,PRF1,CD14,IL6,IL12B,HLA-DQB1,IGSF3,IFNG,PYCARD,IL6ST,IL18RAP,IFNG,CD14
TNFRSF13C,IL1B,IL23A,IL18,VWF,IL15,IL18,MX1,TBX21,ADM,IL1R1,IL18R1,S100B,IFNB1,IL10RB,ITGAX,NEK7,IL1B,ALOX5AP,IL17A,MX2,IL1A,CXCL10,VIM,HP,TNFRSF1B,IRF7,IL13,CXCL8,CD40LG,STING,FCGR3A,TNFAIP6,IL17RA,S100A9,NFKB1,IRF7,CD74,STAT2,IL1A,ITPKC,IL8,IL4,IL10RA,IFNG,NLRP3,IFNA1,IL10,S100A12,CD177,IL10RA,OAS1,S100A12,CCR2,S100A9,STING1,HLA-DRA,IL10RA,IL10RA,SELL,CXCL2,C3AR1,OAS3,TBX21,CASP5,S100P,CD14,IL10RB,KLRK1,CAMP,CASD1,TLR2,NFKB2,IFNG,NCF4,IL10RA,TRIM58,NFAT2,IL10RA,IL6R,TLR2,IFNG,ISG15,IFIT3,IL18R1,IL18,IL18,IL18,CCR1,CD36,IL6R,IL23A,FTH1,RUNX1,IL2,NLRP3,TNFRSF1A,IL10,IL6,CD274
CASD1,CD40,CXCL8,IL2,ANGPT2,IL15RA,IL18BP,VCAM1,S100A12,CD163,IL1R2,IL18RAP,CD14,CXCL8,IL18,SPI1,TXNIP,CD14,FCGR1A,CXCL10,OAS1,IL1R1,CXCL8,CLIC1,ITGB2,IFNG,IRF9,IL15,CD40LG,ICAM1,PYCARD,FCGR3B,IL10,IL17F,S100A12,TLR4,ISG15,CD40,IRF3,IL17A,FCGR2A,IL10,IL5,IL10RB,CXCL8,IL1B,IFNA2,IFNG,S100A9,TLR2,IL18R1,OAS2,TLR4,FCGR2A,STAT3,PYCARD,HLA-DQB1,IL10RB,IL10RB,XAF1,S100A9,RETN,MX1,CD8A,CR1,CASP5,CD16,IL18,KLRD1,LTF,S100A8,IFNAR1,RELA,IFNA1,CD177,IL10RB,IGSF3,NFATC1,IL10RB,IL6ST,TLR8,IFNGR1,ISG20,MX1,IL10,IL12B,TNF,IL18R1,CASP5,IL1A,IL6ST,IL21,FTL,IL6,VEGFA,AIM2,TNFRSF1B,IL10RA,IL17A,CD69
IRAK4,CD40LG,CXCL10,IL2RA,SELE,IL2,IL17A,ICAM1,TSPO,CD14,IL6R,IL10,FCGR3A,CXCL10,IL18R1,CD8A,P2RX7,CD16,FCGR2A,MMP9,OAS2,IL1RN,CXCL9,ITGB2,DEFA1,IFNGR1,IFITM1,IL21,ICAM1,VCAM1,CASP1,CD177,IL10RA,IL15,CD64,MYD88,IFIT1,FCGR2A,IRF7,IL18,CD40,VEGFA,IL12A,IL12A,CXCL2,IL6,IFNB1,IL18,MMP9,TLR8,TNFRSF1A,OAS3,TLR2,IL1R1,NFkB1,NLRP3,ITPKC,IFNG,IFNG,S100A8,MMP9,IFIT1,OASL,CD8B,MMP8,CR1,CD11B,IL18R1,KLRC1,S100A8,S100A9,IFNAR2,RELB,IFNA2,CFL1,IFNG,RUNX1,NFATC2,IFNG,IL10,FCGR1A,IFNGR2,MX1,OAS1,IL10RA,IL23A,IFNG,IL18RAP,TNF,IL1R1,IL7,IL15,CXCL9,IL10,IL8,IFI16,IFNGR1,IL10RB,IL10,ICAM1
IFI16,BLK,CCL2,IL17A,C3,IL2RA,IL17RA,SELE,SPI1,CD36,IL6ST,IL10RA,FCGR3B,CCL2,IL18RAP,ELANE,IL6,FCGR3A,FCGR3A,ARG1,OAS3,IL6R,CD163,ADM,PRDX2,IFNGR2,IFITM3,IL23A,VCAM1,SELE,IFNAR1,CEACAM8,IL10RB,IL15RA,CD163,IRAK4,MX1,CD177,IRF9,IFNG,CD40L,MIP1A,IL12B,IL12B,S100A8,TNF,TGFB1,IL1RN,ITGAM,CXCL8,IFNGR1,OASL,NFKB1,IL1RN,NFkB2,CASP1,CASP3,IFNGR1,IFNGR1,S100A9,XAF1,IFIT3,IFI44,GZMB,TNFA,TNF,CD11C,IL18RAP,KLRC2,S100A9,CD177,JAK1,REL,IFNB1,FPR1,IFNGR1,VPS9D1,CXCL1,IFNGR1,IL10RA,ITGAM,IFNA1,MX2,IFITM1,IL10RB,TLR4,IL1A,IL17A,IFNG,IL1R2,IL7R,IL7,CXCL11,TNF,IL10,NLRP1,IFNGR2,IFNG,SPI1,IL4R
STING,FCGR2A,CCL3,IL17RA,C5,IL2RB,IL23A,C1QA,HLA-DQB1,TLR2,IL1RN,IL10RB,CD68,CCL3,IL2,MPO,TNF,CD163,TLR2,ELANE,OASL,IL6ST,CD14,ALPL,IL1B,IL2,IFI6,IFNA1,VEGFA,MMP9,CD14,ALPL,IL18,IFNG,RTN1,IL1R1,OAS1,HLA-DRA,MX1,IFNA1,IL17A,IL2,IL15,IL12RB1,S100A9,CD40,TGFB2,IL1R1,SPI1,CCR2,IL2RA,RSAD2,NFKB2,IL1RAP,IL1R1,IFI16,FCGR2A,IFNGR2,IFNGR2,S100A12,FCGR2A,ISG15,NFKB1,PRF1,IL6,IL6,CD18,IFNG,CD247,S100A12,MMP9,TYK2,NFKBIA,IFNAR1,ALOX5AP,IFNGR2,CACNA1E,PTGS2,IFNGR2,IL10RB,SPI1,IFNAR1,OAS1,IFITM3,IL2,TLR2,IL2,IL17RA,IL10,TNFRSF1A,IL9,IL27,S100A8,IFNG,TNFRSF1A,NLRC4,NFKB1,IFNGR1,CD14,FCGR1A
STAT3,HLA-DQB1,CCL4,IL4,C3AR1,IL4,IL23R,C1QB,HLA-DRA,TLR4,IL1RAP,IFNG,CD163,CCL4,IL2RA,MMP9,IL10,ITGAL,TLR8,IL1R2,RSAD2,TNFRSF1A,CD86,HP,CXCL8,IL2RA,IFI35,IFNA2,MMP9,TIMP1,TLR7,HP,IL18R1,IFNGR1,MMP9,IL6R,CXCL10,HLA-DRB1,MX2,IFNB1,IL17F,CCL2,IL18,IL12RB2,S100A12,CD40LG,STAT3,IL1R2,TREM1,ADM,IL4R,STAT1,RELA,IL1R2,IL1RN,ITPKC,CD40,IL2,IL2,MMP9,HLA-DRB1,IFI44L,NFKB2,CXCL9,IL8,NLRP3,CD86,IFNGR1,FCER1G,PGLYRP1,MMP8,TRAF6,NFKBIB,IFNAR2,CXCL2,IL2,SH3GLB1,SPP1,IL2,IL12A,TREM1,IFNAR2,OAS2,STAT1,IL2RA,CD40LG,IL4,IFNG,IL8,TNFRSF1B,IL10,TGFB1,S100A9,IL1B,TNFRSF1B,HLA-DRA,NFKB2,IFNGR2,MMP9,FCGR2A
PYCARD,HLA-DRA,CCL5,IL13,C5AR1,IL4R,IL12A,C3,HLA-DQA1,TLR7,TNFAIP3,IFNGR1,CXCL8,CCL5,IL2RB,PADI4,CXCL8,PECAM1,SPI1,MPO,STAT1,TNFRSF1B,HLA-DRA,SLC22A4,MX2,IL2RB,HERC5,IFNB1,TIMP1,CRP,IRF3,ARG1,IL18RAP,IFNGR2,MMP8,TNFRSF1A,CCL2,HLA-DQB1,ISG15,IFNAR2,IL21,CCL5,IFNG,IL18,STAT3,MMP9,STAT1,TNFAIP3,CD44,MPO,IL12RB1,STAT2,STAT1,IL8,TNFRSF1A,PELI1,BLK,IL2RA,IL2RA,MMP8,HLA-DRA,MX1,RELA,CXCL10,CXCL13,TLR4,CD80,IFNGR2,PRF1,SERPINB1,ANXA3,CFH,IKBKB,IRF3,IL6,IL2RA,RAB32,TRIM58,IL2RA,IL12B,PRF1,IRF3,OAS3,IRF7,IL2RB,NFKB1,IL5,IFNGR1,HLA-DQB1,IL6R,IL10RA,IL13,S100A12,IL1R1,CD14,HLA-DRB1,RELA,IFI27,TLR2,FCGR3A
CASP1,HLA-DQB2,CXCL9,IL5,CFH,IL10,IL12B,C5,HLA-DPA1,TLR8,IL18,IFNGR2,CXCL10,NLRP3,IL4,LTF,IL18,MALAT1,ITGAM,CD14,STAT2,IFNGR1,HLA-DRB1,IL10,TGFB1,IL4,USP18,IL1R1,CRP,SAA1,CD36,MPO,IL18BP,IL10,ELANE,JAK2,CCL5,HLA-DQB2,ISG20,CCL3,IL22,MMP9,CXCL8,IL18BP,SOCS3,TRIM58,JAK1,TNFRSF1A,UBB,ELANE,IFIT1,IRF7,STAT3,IL17A,IL6R,FCGR2A,STING,IL2RB,IL2RB,ELANE,CD163,IL1B,TNF,CXCL11,CD64,TLR5,CD163,IL2,GZMB,PRTN3,ALPL,C3,TNFAIP3,IRF7,TRIM58,IL2RB,GYG1,IGSF3,IL2RB,IL13,ADM,IRF7,OASL,TLR8,IFNG,RELA,IL10,IFNGR2,HLA-DRA,STAT3,IL10RB,CCL2,CD38,IL1RN,MMP8,HLA-DQA1,RELB,IFI44,CEACAM1,TLR2
IFNAR1,HLA-DOB,CXCL11,IL6ST,FGA,IL10RA,IL12RB1,CXCL2,CD74,NLRP3,IL18R1,IL2,CCL2,CASP1,IL4R,MAPK14,IL15,S100A8,ADM,TLR2,IRF7,IFNGR2,TLR4,IL2RB,HSPBAP1,IL4R,IL6,IL6R,SAA1,IL18,HLA-DOB,ELANE,IFNG,IL10RA,TNF,SOCS3,VEGFA,HLA-DOB,IFIT1,CCL4,TGFB1,STAT1,S100A8,IL18R1,IL10,IGSF3,JAK2,NFKB1,FCER1G,DEFA1,IFIT2,IRF9,IRF1,IL10,CXCL8,CD14,STAT3,IL4,IL4,ARG1,CD86,TNF,IL6,IL1B,ENTPD1,ADM,CD206,IL2RA,GZMA,IL6,NCF4,C5,TNIP3,STAT3,IGSF3,IL4,PGS1,RUNX1,IL4,IL15,ALPL,TBK1,RSAD2,ITGAX,IFNGR1,MYD88,IL12A,IL2,TNFRSF13C,PYCARD,IL11,CCL3,NLRP3,IL17A,CEACAM1,HLA-DQB1,REL,IFI44L,S100A8,TLR4
CD14,ZBTB48,CXCL1,IFNGR1,FGB,IL10RB,IL12RB2,IL8,CASP5,PYCARD,CXCL2,IL2RA,CCL3,PYCARD,IL5,PHLPP1,IL15RA,S100A9,HK3,TLR7,IRF9,IL2RA,TLR2,IL2RG,VPS37C,IL5,IL1B,IL6ST,S100A8,IL1A,PELI1,CTSG,IFNGR1,IL10RB,IL1B,IRF7,PECAM1,CCR1,IFIT2,CCL5,STAT3,STAT3,S100A9,IL2,NFKB1,RUNX1,STAT5A,RELA,IL7R,DEFA3,IFIT3,IFIH1,IRF7,TGFB2,CCL2,IL6R,IRAK4,IL4R,IL4R,LCN2,CASP5,IL6,IL1B,IL1A,PDCD1,ALPL,CD68,IL2RB,GZMH,IL1B,CFL1,CFB,BIRC3,STAT1,SELE,IL4R,IL1B,FGR,IL4R,IL17A,HP,STAT1,DDX58,HCK,IFNGR2,IRAK4,IL12B,IL2RA,CD163,CASP1,IL12A,CCL4,IL18,IL17F,PFKB2,HLA-DQB2,TLR2,IFIT1,S100A9,TLR7
TLR2,TNFRSF13C,CCL7,IFNGR2,FGG,CXCL8,IL21,TRIM58,CR1,CASP1,CXCL8,IL2RB,CCL4,IL1A,IL5RA,CXCL2,IL2,CSF3R,PADI4,TLR8,DDX58,IL2RB,ICAM1,JAK1,TRBV11-2,IL7,TNF,TNFRSF1A,S100A9,TNFRSF1A,FCGR2A,IL1B,IFNGR2,IL4,IL6,IFNAR1,ICAM1,SELL,IFIT3,CXCL10,RORC,NFkB1,S100A12,IL2RA,NFKB2,ZBTB48,STAT5B,RELB,PRF1,DEFA4,IFI44,DDX58,IFNG,MMP3,CCL5,TNFRSF1A,TLR2,IL5,IL5,DEFA4,CR1,IL10,STAT3,IL6,CTLA4,HP,HLA-DRA,IL4,GZMK,IL1A,FPR1,CD163,LTB,STAT2,ICAM1,IL5,IL1A,CFH,IL5,IL17F,SLC22A4,STAT3,IRF3,LILRB2,IL17A,TRAF6,IL13,IL2RB,SMOX,NLRP3,IL12B,CCL5,CASP1,TNFAIP3,STAT3,HLA-DOB,TLR4,IFIT2,ITGAX,TLR8
TLR7,CASD1,S100A8,IFNAR1,CXCL8,IL12A,IL21R,IGSF3,ZBTB48,AIM2,TNFAIP6,IL4,CCL5,IL1R1,IL13,IL8,IL2RA,LYZ,LCN2,IRAK4,IFIH1,IL4R,VCAM1,JAK2,ISG15,IL8,IL10,TNFRSF1B,S100A12,IL6R,TLR8,IL1A,IFNA1,IL4R,IL10,ISG15,VCAM1,XAF1,OAS1,CXCL9,FOXP3,IRF1,S100A4,IL2RB,RELA,TNFRSF13C,STAT4,CD40,TLR8,CTSG,IFI44L,DDX60,IFNGR1,MMP13,CCR7,RELA,TLR7,IL13,IL13,CTSG,TLR2,CXCL10,JAK2,TNF,LAG3,SLC22A4,HLA-DRB1,IL4R,FASLG,TNF,ALOX5AP,S100A9,CD40,STAT4,VCAM1,IL13,IL1R1,IL4,IL5RA,IL18,CASP5,JAK1,IRF7,IL1B,IL17RA,JAK2,MPO,IL4,IFI27,IFI16,IL12RB1,CXCL8,IRF1,NFKB1,SOCS3,HLA-DPA1,TLR9,IFIT3,HCK,NLRP3
IRF3,CASP5,S100A9,IFNAR2,CCL2,IL12B,IL2,IFNG,TNFRSF13C,IFI16,TNFAIP8,IL4R,CCL7,IL1RAP,IL17A,TRIM58,IL2RB,CD74,BPI,IRF3,DHX58,IL10RA,SELE,STAT1,IFITM1,IL12A,IL1RN,IL10RA,TNFRSF1A,JAK2,NLRP3,IL1R1,IFNAR1,IL5,IL2RA,MX1,THBD,ITGA4,OAS2,CD3E,CD4,IRF7,S100A6,IL4,CD163,CASD1,JAK3,CD40LG,CASP5,AZU1,IFI27,HERC5,IFNGR2,CXCL2,CXCR3,NFKB2,IFNAR1,IL17A,IL17A,CD74,TLR7,CCL2,CD14,IL10,HAVCR2,ITPKC,HLA-DRB3,IL7,TNF,IL10,TLR4,S100A8,IL1B,STAT5A,TNFAIP3,IL17A,IL1R2,IL10,CXCL8,IL21,CR1,JAK2,IRF9,FCGR2A,IL4,STAT3,ELANE,IL4R,RTN1,STING1,IL12RB2,CXCL10,IRF7,NFKB2,NFkB1,HLA-DPB1,MYD88,ISG15,LILRB2,PYCARD
CD36,CR1,S100A12,STAT1,CXCL1,IL17A,IL2RA,IL1A,CASD1,STING1,CXCL1,IL5,CCL8,TLR2,IL17RA,IGSF3,IL17A,HLA-DRA,C1QB,IFI16,HERC5,IL10RB,PECAM1,STAT3,IFITM3,IL12B,CXCL8,IL17RA,TNFRSF1B,STAT3,IL6,IL1R2,IFNAR2,IL5RA,IFNG,OAS1,NOS3,TNFRSF13C,OAS3,CD4,CD8A,JAK1,S100B,IL4R,CASP5,CFH,TYK2,IFITM3,CR1,PRTN3,ISG15,USP18,TNF,CD38,CCR1,IL1R1,IRF3,IL17F,IL17F,CD14,TLR8,CD14,CCR1,IL18,TIGIT,IL18,HLA-DRB4,IL7R,IFNG,CXCL2,NLRP3,IL10,IL1A,STAT5B,LTB,IL17F,IL1RN,IL17A,IL12A,IL23A,HLA-DQB1,TLR4,STAT1,HLA-DQB1,IL4R,STAT1,AZU1,IL5,IL6,IRAK4,IL13,CXCL9,ISG15,RELA,NFkB2,CXCL2,IRAK4,MX1,IL1RN,CASP1
NLRP3,CXCL2,C3,STAT3,CXCL2,IL17F,IL2RB,S100A12,CD36,STAT1,CXCL3,IL5RA,CXCL1,TLR4,IL21,RUNX1,IL17F,HLA-DPB1,CCR1,STING1,HERC6,IL17RA,MMP9,STAT5A,ISG20,IL15,CXCL10,IL18R1,IL1R1,IRF1,IL17,IL1RN,IRF1,S100A8,CD14,IFIT1,EDN1,ORAI1,PDCD1,CD8A,CD25,JAK2,S100A1,IL5,CR1,TLR4,STAT2,IFITM2,CXCL2,MMP9,MX1,TRIM22,TNFRSF1A,CD14,CD14,IL1RAP,NLRP3,IL17RA,IL17RA,CD163,NLRP3,CD16,SELL,TLR3,CD274,FCGR2A,HLA-DRB5,IL15,IL1B,CXCL8,STAT1,IL1B,IL1R1,STAT6,CCL2,IL17RA,IL1RAP,IFNG,IL12B,IL27,HLA-DRA,TLR7,STAT2,HLA-DRA,IL5,IRF3,S100A8,IL5RA,ARG1,TLR2,IL15,CCR1,CCR5,RELB,RELA,CXCL8,VEGFA,MX2,IL1R2,S100A12
TLR8,TRIM58,C5,JAK1,CXCL5,IL17RA,IL4,CXCR2,VCAN,STAT3,IFNG,IL12A,CXCL2,TLR9,IL21R,HSPBAP1,IL23A,IFI30,CD55,IFNAR1,USP18,IL18R1,MMP2,STAT5B,IFI27,IL18,CCL2,IL2RA,IL1RN,MYD88,CXCL10,IL1RAP,IRF3,S100A9,CD16,STAT1,ANGPT2,ICAM1,CTLA4,CD14,IL2RA,TLR4,S100A11,IL5RA,IL2,MYD88,STAT6,MMP9,TRIM58,MMP8,OAS1,PARP9,TNFRSF1B,FCGR1A,CD16,STAT1,PYCARD,IL18,IL18,FCGR1A,PYCARD,HLA-DR,XAF1,TLR7,TNFRSF9,FCGR3A,HLA-DPA1,IL15RA,IL1A,IL17A,JAK1,IL1RN,IL1R2,CXCL8,CCL20,IL21,IL4,MIP1A,IL12RB1,IL33,ZBTB48,TLR9,STAT3,ZBTB48,IL13,IRF7,S100A9,CXCR1,CCR2,TLR7,IL15RA,CCR2,CD14,REL,IL18,CXCL9,ICAM1,OAS1,CXCL2,S100A8
MYD88,IGSF3,C1QA,JAK2,IL1A,IL18,IL4R,FCN1,SELL,IRF3,STAT1,IL12B,CXCL5,MYD88,IL23A,VPS37C,IL12A,CD11B,CLEC4D,NLRP3,TRIM21,IL18RAP,TIMP1,TLR4,MX1,IL18R1,CCL3,IL4R,IL6R,IRAK4,IFNG,IRAK2,IRF5,S100A12,FCGR3A,IRF3,C3,VCAM1,LAG3,CD16,IL2RB,TLR7,C3,IL7,MIP1A,TREM1,NFKB1,MMP8,IGSF3,LTF,RSAD2,PARP14,IL6,SLC11A1,FCGR3A,JAK2,CASP1,IL18R1,IL18R1,FCGR2A,CASP1,S100A8,MCP1,TLR9,TNFRSF18,CD177,HLA-DPB1,IL17A,IL1R1,IL17F,JAK2,CXCL10,IL1RAP,CXCL1,CXCL1,IL23A,IL4R,IP10,IL12RB2,TNF,TNFRSF13C,MYD88,IFNAR1,TNFRSF13C,IL15,IFNAR1,DEFA1,CXCR2,TLR1,TLR8,IL17A,CCR5,CD69,UBD,CASP1,CXCL10,VCAM1,OAS2,FCGR1A,S100A9
NFKB1,RUNX1,C1QB,TYK2,IL18,IL18R1,IL5,AQP9,CCR1,IRF4,IRF1,IL12RB1,CXCL6,TICAM1,IL23R,TGFB1,IL12B,CD18,IL18R1,PYCARD,TRIM22,IL21R,TIMP3,RAGE,CD64,IL21,CCL4,IFNGR1,IL6ST,CD14,TNF,IRAK3,IRF7,MPO,FCGR3B,TLR7,C5,IFITM2,HAVCR2,CD56,IL2RG,CD40,C5,IL7R,VEGFA,CD64,RELA,TLR4,CD14,LCN2,IFI6,GBP1,IL6R,SAA1,TLR4,JAK1,IL8,IL18RAP,IL18RAP,FCGR3A,CD36,S100A9,CCL2,MX1,TCF7,MMP9,HLA-DQA1,IL17RA,IL1R2,IL18,CASP8,CCL2,IL1RN,CXCL2,CXCL3,IL23R,IL6,MCP1,IL13,TNFRSF1A,CASD1,STING1,IFNAR2,CASD1,CCL2,IFNGR1,DEFA3,IL12A,TLR5,IRF3,IL17F,CXCR1,ICAM1,EBI3,NLRC4,CXCL11,SELE,OAS3,PYCARD,MMP9
ITPKC,IL18,C1QC,IRF1,IL4,IL18RAP,IL13,CSF3R,XAF1,IRF7,IRF7,IL12RB2,CXCL9,NFKB1,IL27,MX2,IL4,ITGB2,IL18RAP,CASP1,TRIM25,IL23R,C3,CD36,HLA-DPA1,IL22,CCL5,IFNGR2,NFKB1,FCGR2A,IL10,IRAK4,IRF8,DEFA1,CCR1,CD14,C5AR1,IFITM3,TIGIT,CD19,VEGFA,CD40LG,C1QA,IL13,TNFAIP3,FCGR1A,NFKB2,NLRP3,IFNG,CAMP,IFI35,GBP2,IL10,FCN1,MYD88,TYK2,IL10,IL21,IL21,CR1,STING1,IFI44,CXCL10,MX2,MMP9,DEFA1,HLA-DQB1,IL21,IL1RN,IL12A,VEGFA,CD14,IL6,CXCL5,CXCL5,IFNA1,IL6R,CCL2,IL15,TNFRSF1B,LBP,MAVS,C1QA,TNF,CCL3,CD14,DEFA4,IL12B,MS4A6A,IRF1,IL17RA,CXCR2,VCAM1,SQSTM1,NLRP3,CCL2,SELP,STAT1,CASP1,ELANE
CASP3,IL10,C3AR1,IRF3,IL17A,IFNG,IL15,HP,CD14,IRAK4,IFNGR1,IL13,CXCL11,NFKB2,IL27RA,TRBV11-2,IL5,CD62L,IL32,CD36,BST2,IL1RL1,C5,IL12A,HLA-DQA1,IL23A,CXCL9,IFNAR1,RELA,ITGAM,IL8,MYD88,IRF9,DEFA3,SELL,FCGR1A,CFH,IRF1,TOX,CD25,ICAM1,ICAM1,C1QB,IL15,CACNA1E,IFNG,RELB,CASP1,CXCL9,ARG1,IFIH1,GBP4,IL10RA,AQP9,STAT1,SOCS3,IL4,IL21R,IL21R,C5AR1,IRF3,IFI27,CXCL8,ISG15,ELANE,DEFA3,FCGR1A,IL21R,IL6,IL12B,MIP1A,FCGR1A,IL6R,CXCL9,CXCL6,IFNA2,IL6ST,CCL3,IL15RA,TNFAIP3,LRG1,CXCL2,C1QB,IL6,CCL4,CD16,CTSG,IL12RB1,CD36,IRF8,IL18,CXCR4,SELE,VEGFA,TLR2,CCL3,PECAM1,STAT2,IFI16,MPO
ORAI1,IL17A,C5AR1,IRF7,IL2,IFNGR1,IL15RA,HK3,CD16,MYD88,IFNGR2,IL15,CCL20,RELA,IFNG,HLA-DQB1,IL13,SELP,LILRA6,IL10,PARP12,CXCL10,C3AR1,IL12B,CD74,IL27,IL18,IFNAR2,TLR4,CD86,IL1B,NLRP3,STAT1,ELANE,XAF1,ITGAM,CD3D,IRF3,TBX21,CD69,VCAM1,VCAM1,C1QC,IL15RA,DDIAS,IL10,REL,IL17A,CCL2,BPI,IRF3,GBP5,IL18,CSF3R,JAK1,IFNG,IL2,IL23A,IL23A,CD86,STAT3,IFIT2,HGF,ISG20,LCN2,ELANE,FCGR2A,IL23A,IL6R,IL23A,CCL3,FCGR2A,IL6ST,CXCL10,ADAM8,IFNB1,IL10,CCL5,IL17A,TNFAIP6,AGT,CXCL8,C1QC,IL10,CCL5,CD11B,PRTN3,IL12RB2,MS4A4A,IRF9,IL18R1,CCL7,SELP,VEGFB,TLR4,CCL4,VWF,CCL2,STING,PADI4
NFAT1,STAT1,CFH,IRF9,CD14,IFNA1,IL7,FCGR1A,CD64,NFKB1,JAK1,IL15RA,IL1B,RELB,IFNGR1,HLA-DRA,IFNG,PSGL1,LTB4R,IL12A,PARP14,CCL2,C5AR1,IL21,SELL,S100A8,IL2RA,CXCL8,TLR2,HLA-DRA,SOCS1,PYCARD,STAT2,CTSG,TLR2,CD163,CD4,IRF7,EOMES,HLA-DR,SELE,SELE,CFB,IL17A,KLHL2,IL1RN,IKBKB,CCL2,CCL3,CEACAM8,ISG20,IL1B,IL18R1,HK3,JAK2,IFNGR1,IFNG,IL23R,IL23R,CD80,IFI16,STAT1,IL18,IFIT1,CEACAM8,MPO,FCGR2B,IL23R,IL6ST,IFNG,CCL5,CD64,IL15,CXCL11,SQSTM1,IFNAR1,IL10RA,CXCL9,IL17F,TNFAIP8,RBP4,CXCL10,C1R,IL18,CXCL8,CD68,LTF,IL15,FPR1,STAT1,IL18RAP,CCL11,MMP9,VEGFC,TLR6,CCL5,THBD,CCL3,STAT3,ARG1
TGFB2,STAT4,CFB,OAS1,CD163,IFNB1,IL7R,SLC11A1,TREM1,NFKB2,JAK2,IL17A,IL6,REL,IFNGR2,ZBTB48,IFNA1,CD162,LY96,IL12B,XAF1,CCL3,CFB,IL7,VCAN,S100A9,IL6R,CXCL10,MYD88,CD4,TLR3,CASP1,STAT3,AZU1,TLR4,MRC1,CD8A,STAT1,TCF7,CD38,CD44,SELP,CFH,IL17F,PYROXD2,VEGFA,NFKBIA,CCL20,CCL4,CEACAM1,MX2,IL1A,IL18RAP,HP,TGFB1,IFNAR1,C3,C3,C3,TLR4,IRAK4,STAT3,RETN,IFIT2,CAMP,LCN2,FCGR3A,IL12A,TNFRSF1A,IFNA1,CXCL10,MMP9,IL15RA,CXCR1,EBI3,IFNAR2,IL10RB,CXCL10,IL17RA,TNFSF4,CXCL10,CCL2,C1S,CXCL10,CXCL10,CD163,LCN2,IL15RA,CD14,STAT2,IL21,CCL20,HMGB1,FLT1,CD3E,CCL19,CD3D,CCL4,IFNAR1,CD11B
TGFBR2,STAT5,C4A,OAS3,CD68,IFNAR1,IL9,FPR1,TLR3,RELA,STAT2,IL17F,TNF,NFKBIA,TGFB1,TNFRSF13C,IFNB1,CD35,PGLYRP1,IL23A,VWF,CCL4,CFH,CCR1,CD36,S100A12,IL1R1,CXCL9,IRAK4,CD8A,TLR6,HLA-DRA,STAT4,PRTN3,TLR7,MSR1,CD28,STAT3,BATF,CD45,CXCL10,FAS,C4A,IL17RA,SMOX,G-CSF,NFKBIB,CXCL1,IL10,CEACAM6,OAS2,IL1RN,CD163,S100A7,TGFBR2,ISG15,C5,C3AR1,C3AR1,TLR2,IFNAR1,JAK1,TNFRSF1B,IFIT3,MPO,CTSG,FCGR3B,IL12B,TNFRSF1B,IFNB1,CD40,ISG15,IL2,CXCR2,UBD,IRF1,IL15,CD44,IL18,TNFSF10,CCL3,CCL3,C2,CCL2,CXCL9,CD206,MMP8,IL21,SELL,IFNAR1,IL21R,CXCL1,CD8A,KDR,CD4,CCL20,CD3E,CCL5,IRAK4,CD16
SMAD3,JAK1,C4B,MX1,FCGR3A,IFNAR2,IFNG,SAA1,TLR4,RELB,STAT3,IL17RA,IFNG,STAT1,TGFBR1,CASD1,CCL2,CR1,PRDX2,IL18,ICAM1,CCL5,MASP2,SELL,GNLY,CD14,IL1R2,CCL2,TRAF6,CD19,IFNB1,HLA-DRB1,STAT5A,LCN2,TLR8,ARG1,CTLA4,CD80,PRDM1,CD127,CXCL9,FASLG,C4B,IL17RC,ZNF185,CSF3,NLRP3,CXCL2,IL15,SLPI,OAS3,IL6,FCN1,ANXA1,SMAD3,MX1,CD14,C5,C5,MYD88,CXCL8,TYK2,FCGR2A,OAS1,LTF,AZU1,CD64,IL12RB1,IL10,IL2,CD40LG,IFIT1,IL2RA,CCL2,CASP5,IRF3,IL15RA,S100A9,IL18R1,TNFSF13B,CCL4,CCL4,C3,TRIM58,CCR1,FCGR1A,MMP9,IL21R,XAF1,IFNGR1,IL22,CXCL2,CD4,NRP1,CD8A,CD8A,CD4,CXCL8,IRF3,CD66B
VEGFA,JAK2,CD3D,ISG15,CD86,IL23A,IFNGR1,IFITM1,NFKB1,CXCL10,IRF3,IL17RC,IL10,STAT3,TGFBR2,CASP5,CCL3,CD87,RAB27A,IFNA1,VCAM1,CXCL9,FCN3,XAF1,GZMB,CD74,TNFRSF1A,CCL3,IRF3,CD3E,IFNA6,HLA-DRB5,STAT5B,MMP8,TLR9,NOS2,PDCD1,CD86,NR4A1,FOXP3,IL1R1,GZMB,C5AR1,IL21,CLIC3,CD95,CASP1,CXCL3,IL17A,TCN1,OASL,IL10,FCN3,NLRP3,VEGFA,OAS1,MMP9,C5AR1,C5AR1,IRAK4,TRIM58,IFNG,FCGR3A,OAS2,DEFA1,PRTN3,CD32,IFNA1,IL10RA,IL4,FCGR2A,IFIT3,IL4,CCL5,CR1,IRF7,IL17A,GZMB,IL18RAP,STAT1,CCL19,CCL5,C3AR1,IGSF3,CCR2,FCGR2A,CAMP,IL23A,NLRP3,IFNG,IL23A,CXCL12,CCL2,ANGPT1,IFNA1,CD8B,CD8A,CXCL9,TLR7,CEACAM8
KDR,TLR4,CD3E,IFIT1,SELP,IL23R,IFNGR2,BST2,NFKB2,CCL2,IRF5,IL21,IL18,STAT5A,IFNA1,CR1,CCL4,PLAUR,SH2D1A,IFNB1,SELE,CXCL11,SERPING1,CD14,TNF,CD163,TNFRSF1B,CCL4,IRF7,FOXP3,IL22RA2,HLA-DQA1,JAK1,MMP9,NLRP3,HLA-DRA,CD69,CD83,NR4A2,CD62L,IL1RN,PRF1,SELE,IL21R,S100P,FAS,IL1R1,CXCL5,TNFRSF1A,HP,IFIT5,IL12A,ITGAM,IL18,PTGS2,IFIT1,FPR1,C5AR2,C5AR2,STAT3,IGSF3,IFNA1,CD40,OAS3,DEFA3,BPI,CD89,IFNAR1,IL10RB,IL5,FCGR3A,OAS1,IL4R,CCL7,CD69,IRF9,IL17F,TNFSF15,IL21,STAT2,CDCP1,CD163,C4A,MMP8,CCR5,FCGR3A,BPI,IL23R,CD38,ISG15,IL23R,C3,CCL5,ANGPT2,IFNB1,CD4,CD28,CXCL10,NLRP3,CD33
ANGPT1,TLR3,CD4,C3,PECAM1,IL22,IFNA1,IFIT2,TNF,CCL3,IRF8,IL21R,IL4,STAT5B,IFNA2,IL6,CCL5,OLFM4,TLR1,CCL2,SELP,CCL7,CD59,CX3CR1,CCL4,CD86,CD3D,CCL5,STAT1,GATA3,XIAP,HLA-DQB1,JAK2,CAMP,CASP1,HLA-DRB1,FOXP3,CD274,NR4A3,CD44,IL1RAP,CD8A,VCAM1,IL22,IFI27,FASLG,PYCARD,CXCL6,CD163,ORM1,STAT1,IL12B,CD14,IL4,MMP9,DDX58,ALPL,CFH,CFH,STAT1,RUNX1,IFNB1,CD40LG,RSAD2,DEFA4,LTF,S100A8,IFNAR2,IL4,IL13,FCGR3B,MX1,IL10,CCL8,HLA-DRA,STAT1,IL17RA,TGFBI,IL21R,STAT3,IL18R1,S100A8,C4B,MMP9,TLR2,C3,OLFM4,IL27,STAT1,MX1,IL27,C4A,IL2,TEK,IFNAR1,CD3E,CTLA4,CXCL11,CD36,CD15
BLK,TLR7,CD8A,C3AR1,THBD,IL33,IFNA2,OAS2,IL1B,CCL4,IRF9,IL22,IL17A,JAK1,IFNB1,TNF,CCL7,CD11C,TREML1,CCL5,PECAM1,CCL8,TNNT2,TRBV11-2,CCR1,CD40,CD3E,CCR5,STAT3,TBX21,CYBB,HLA-DPA1,JAK3,PGLYRP1,IL18,CD80,GZMB,PDCD1LG2,CD244,CD2,IL1R2,CD4,ICAM1,IL22RA1,RTN1,ASC,IL1RN,VCAM1,MPO,ORM2,STAT2,IL15,CD36,IL5,TIMP1,TRIM25,NCF4,CFB,CFB,JAK2,CD16,TNFRSF1A,HLA-DRA,IFI44,HP,CAMP,S100A9,IFNB1,IL4R,IL15,ITPKC,STAT3,IL10RA,TLR2,HLA-DRB1,STAT2,IL17RC,IL1RAP,IL22,STAT4,CCL28,S100A9,C5,CD8A,TLR4,C5,ARG1,EBI3,STAT3,OAS1,IL33,C4B,IL4,TIE1,IFNAR2,CD3D,PDCD1,CCR1,CCL5,ITGAM
CD40,TLR9,CD69,C5,EDN1,NFKB1,IFNB1,OAS3,IL1A,CCL5,IFNAR1,IL22RA1,IL22,JAK2,IFNAR1,CCL2,CCL8,ITGAX,TRIM25,CD38,CDH5,CCR1,TNNI3,TIM3,XAF1,CD40LG,CD3G,VEGFA,JAK1,RORC,MYD88,HLA-DPB1,TYK2,BPI,IL1RN,CD86,PRF1,CD3D,CD160,CD5,IFNAR1,CD3E,ANGPT1,IL23A,MMP9,PYCARD,CASP3,ICAM1,VEGFA,OLFM4,JAK1,IL18,CD40,IL13,CD38,MAVS,CFL1,CFD,CFD,SOCS3,CD11B,TNFRSF1B,HLA-DRB1,IFI44L,ARG1,OLFM4,S100A12,IFNL1,IL13,IL21,CASP3,NFKB1,IL10RB,IRAK4,HLA-DPA1,JAK1,IL18,LEF1,IL22RA1,STAT5A,CCL20,S100A12,C5AR1,CD4,TLR9,C1Q,CD177,IL27RA,SOCS1,IFIT1,TNF,C5,IL10,EMCN,JAK1,CD3G,C3,CCR2,CCR7,ITGAX
CD40LG,RAGE,CD28,C5AR1,VEGFA,NFKB2,IFNAR1,OASL,IL1R1,IL6,IFNAR2,IL23A,IL12A,CD3E,IFNAR2,CCL3,CCL20,CXCR4,CXCL2,CD44,THBD,CCR2,BNP,CD56,CD14,CCL2,CD4,ICAM1,JAK2,IL2RA,NFKB1,HLA-DOB,SOCS1,ITGAM,CD40,CD28,CD19,CD3E,BTLA,CD7,IFNAR2,CD3D,ANGPT2,IL23R,MMP8,CASP1,IL1R2,SELE,VCAM1,CHI3L1,JAK2,IL21,CD40LG,CCL3,CD69,TBK1,ALOX5AP,C1QA,C1QA,NFKB1,CD64,IL1R1,HLA-DQA1,IFI27,PGLYRP1,CRISP3,MMP9,IFNL2,CCL2,IL22,BLK,RELA,IL12A,MYD88,HLA-DPB1,JAK2,IL18R1,IFITM1,IL23A,STAT5B,CSF1,S100P,C6,FOXP3,MYD88,CFH,CEACAM8,CCL2,SOCS3,NFKB1,TNFRSF1A,C1QA,IL12A,RUNX1T1,JAK2,GZMB,C5,CCR5,CXCR3,NCF1
FCGR1A,CD36,CTLA4,C5AR2,CR1,RELA,IFNAR2,RSAD2,IL1RN,IL6R,IRF2,IL23R,IL12B,CD4,IRF1,CCL4,CXCL1,CXCL12,TRIM58,VEGFA,PROCR,CCR5,NPPB,IL15R,ORM1,CCL3,CD8A,VCAM1,SOCS3,CTLA4,IL1A,HLA-A,SOCS3,ITGB2,CD40LG,CTLA4,CD38,CD3G,VEGFA,CD11B,TLR4,CD19,TEK,IL27,ELANE,CASP4,CASP4,TRAF1,SELE,MMP25,TYK2,IL27,CEACAM1,CCL4,CD8A,IL10,ANXA3,C1QB,C1QB,RELA,CCR2,IL6R,HLA-DQB1,IFIH1,BPI,TCN1,MPO,IFNL3,CCL3,IL27,NFKB1,IKBKG,IL12B,STING1,HLA-DMA,TYK2,IL18RAP,CCL20,IL23R,STAT6,ENRAGE,NLRP3,CFH,IL17A,IRAK4,CFB,HLA-DRA,CCL3,JAK1,NFKB2,TNFRSF1B,C1QB,IL12B,NFIA,STAT1,PRF1,CFH,CXCR1,CCR1,NCF2
FCGR2A,MPO,PDCD1,CFH,CASP5,RELB,TGFB1,STAT1,NLRP3,IL10,IRF4,IL27,IL23A,CD8A,IRF3,CCL5,CXCL2,CD10,IGSF3,IL1R1,F3,CXCL1,MYH7,TNFAIP3,NGAL,CCL4,CD8B,PECAM1,CD14,PDCD1,IL1RN,HLA-B,ISG15,ITGAX,CD80,PDCD1,CD27,CD4,KDR,CD11C,TLR2,CD20,PECAM1,IL27RA,MPO,TLR3,CASP5,BIRC3,MMP3,PGLYRP1,IRF1,TNF,VEGFA,CCL5,CD4,IL10RA,SPI1,C1QC,C1QC,IRF7,CX3CR1,IL6ST,ITPKC,DDX58,CRISP3,MMP8,ELANE,CD3D,CCL4,TGFB1,NFKBIL1,CHUK,IL17A,IFI16,HLA-DMB,ISG15,TNF,CFB,IL27,JAK1,PDCD1LG1,CASP1,CFB,IFNG,NFKB1,CD46,HLA-DRB1,CCL4,JAK2,RELA,IFNG,C1QC,IL13,NFIB,STAT2,GNLY,C3AR1,CXCR2,CASP5,NCF4
FCGR3A,ELANE,CD274,CFB,NLRP3,REL,TGFB2,CD163,AIM2,IL15,STAT4,EBI3,IL27,CD19,IRF7,CXCL10,CXCL5,MME,RUNX1,IL1RAP,PLAT,CXCL2,MYL2,NFKB1,MMP9,CCL5,CD19,SELE,CD163,LAG3,IL4,HLA-C,ISG20,FCGR3A,CD86,CD274,ITGAM,CD8A,FLT1,CD163,MYD88,CD14,CDH5,IFNG,LCN2,TLR7,CD8A,SQSTM1,STING1,RETN,IRF7,TNFAIP3,VEGFC,ICAM1,FOXP3,TGFB1,RUNX1,C2,C2,IRF3,CD33,CCR2,CASP3,EIF2AK2,OLFM4,PGLYRP1,LCN2,CD3E,CCL5,C1QA,LTA,IKBKB,IL17F,NFKB1,HLA-DQA1,ISG20,TNFRSF1A,DUSP4,IL27RA,JAK2,LIFR,CASP5,CFD,PRF1,NFKB2,CD55,HLA-DQA1,CCL5,ISG15,RELB,IFNGR1,C2,IL21,NOS3,IRF1,PDCD1,C5AR1,CD3D,CR1,CYBB
CCR2,CTSG,LAG3,CFD,GSDMD,NFKBIA,TGFB3,RTN1,GSDMD,IL15RA,STAT5A,CXCL8,IL2,MS4A1,IRF9,IFNG,CXCL6,CD15,BCL2A1,IL1RL1,SERPINE1,CXCL8,ACTC1,RELA,MMP2,CCL19,CD22,SELP,CD68,HAVCR2,IL18,HLA-E,MX1,FCGR3B,ICOS,LAG3,CD14,CD8B,PECAM1,CD206,NFKB1,CD16,VWF,IFNGR1,ARG1,TLR8,CD8B,EBI3,IRF3,S100P,IRF9,TNFAIP6,VEGFR1,VCAM1,IL2RA,TGFBR1,TRIM58,C4A,C4A,CXCL1,CD115,CCR5,BLK,ADAR,CHI3L1,RNASE2,ARG1,CD3G,CXCL8,C1QB,TGFB2,TBK1,IL18,NFKB2,HLA-DRB5,IFIT1,TNFRSF1B,IRAK2,CCL2,JAK3,HGF,IL18,CFI,GZMB,RELA,CD59,HLA-DQB1,CCL7,OAS1,IKBKG,IFNGR2,CFH,IL22,EDN1,IRF3,LAG3,C1QA,CD3E,LBP,CD177
S100A9,LTF,IL2RA,CR1,HMGB1,NFKBIB,TGFBR1,CACNA1E,PYCARD,IL18,STAT5B,CXCL10,IL7,GATA3,STAT1,IL10,CXCL9,FUT4,CCL3L1,JAK2,ANGPT1,CXCL12,TTN,IRF3,HNE,CCL20,CD27,VWF,CD3E,TIGIT,BCL2L1,HLA-F,MX2,SELP,CTLA4,TIGIT,FCGR3A,IL2RA,ICAM1,CD86,NFKB2,CD11B,MMP9,IFNGR2,PADI4,RIG1,CD4,UBD,TLR7,CRISP3,SOCS1,TNFRSF1A,VEGFR2,SELE,CTLA4,CD4,IGSF3,C4B,C4B,CXCL2,CD40,CXCR1,IFNAR1,BST2,RETN,RNASE3,NOS2,CD4,CXCL9,C1QC,TGFBR2,IRF3,IL22,RELA,FCGR2A,IFIT2,IFNG,C4BPA,CCL3,TYK2,IL10,IL18R1,CR1,CD69,C3,MASP2,HLA-DPA1,CCL8,MX1,CHUK,TGFB1,CFB,IL23A,ICAM1,IRF7,HAVCR2,C1QB,CD3G,LRG1,CXCR1
S100A12,CAMP,IL10RA,CD55,CRP,NFKBIZ,TGFBR2,DDIAS,IL18,IL1A,C5,CXCL9,IL21,TBX21,STAT2,IL17A,CXCL10,CD66B,CCL4,STAT1,ANGPT2,CXCL13,DMD,IRF7,FUCA2,CCL28,CD38,EDN1,CD4,CCR2,BCL2,HLA-G,OAS1,SELE,CD28,HAVCR2,MPO,CD28,VCAM1,CD80,RELA,CD11C,MMP2,IFNA1,ALOX5,DDX58,CD3E,STAT3,PYCARD,CD24,SOCS3,TNFRSF1B,MMP2,CD86,PD1,CD8A,ZBTB48,F2,F2,CCL2,CD54,CXCR2,IFNAR2,TRIM21,S100P,CHI3L1,CYBB,CD8A,CXCL10,C2,SMAD3,TNFAIP3,CXCL8,RELB,FCGR3B,IFIT3,IFNGR1,CDH5,CCL4,TLR1,MCP1,NFKB1,CR2,CD25,C5,MBL2,HLA-DPB1,CCL11,IFIT1,IKBKB,TGFB2,C3AR1,TLR4,VCAM1,IRF4,KLRD1,CCL2,CD4,AGT,CXCR2
ADM,DEFA1,TGFB1,CD46,SAA1,IKBKB,CCL2,KLHL2,IL18BP,TNF,C3,CCL2,SELL,RORC,JAK1,IL18,CXCL11,CEACAM8,CCL4L2,STAT5A,TEK,CCL11,DES,MYD88,GCLC,CXCL1,MS4A1,NOS2,CD8A,CCR5,CARD9,C1QA,OAS2,SELL,CD3E,CD4,S100A8,CTLA4,SELE,INOS,RELB,HLA-A,MMP1,IFNA2,ITGAM,MDA5,CD3D,STAT1,CASP1,ITGAM,CXCL10,CCL2,MMP3,HLA-DRA,PDL1,CD3E,TNFRSF13C,F3,F3,CCL3,CXCR1,CXCR3,TYK2,TRIM22,S100A11,ARG1,NCF1,CD8B,CXCL11,C3,ANGPT1,SOCS1,CXCL1,REL,FCGR2C,MX1,IFNGR2,IL2,CCL5,TLR2,VEGFA,NFKB2,CR3,CTLA4,C1QA,ITGAM,CD74,CCL17,LGALS9,MYD88,TGFB3,C5AR1,TLR2,SELE,IRF9,KLRG1,CCL3,CD8A,RBP4,CSF3R
NAIP,DEFA3,CD19,C1QA,SAA2,CHUK,CCL3,PYROXD2,CXCL9,TNFRSF1A,C5AR1,CCL3,CCR1,BCL6,JAK2,IL1R1,CXCL12,TLR4,FCGR1B,JUN,KDR,CCL17,FN1,CD8A,NFYA,CXCL2,IGHM,NOS3,CD19,CXCR3,MAPK1,C1QB,OAS3,ICAM1,CD4,CD8A,S100A9,ICOS,SELP,ARG1,REL,HLA-B,MMP3,IFNB1,FCGR3B,IFIH1,CD3G,JAK2,IFNAR1,ITGB2,CCL2,CCL3,MMP7,HLA-DRB1,GZMB,CD25,CASD1,F5,F5,CCL4,CXCR2,TLR2,IRF1,HERC5,S100A6,S100A11,NCF2,TBX21,CCR1,C4A,MICB,SOCS3,CXCL2,NLRP3,FCER1G,MX2,IFNA1,IL7,CCL7,TLR3,IL1A,RELA,CD59,PDCD1,C1QB,ITGAX,CIITA,CCL19,IRAK4,TICAM1,TGFBR1,CD55,TLR9,SELP,ISG15,NKG7,CCL5,CD8B,MRP8,FPR1
NLRC4,LCN2,CD79A,C1QB,HP,MAP3K7,CCL4,SMOX,CXCL11,TNFRSF1B,C3AR1,CCL4,XAF1,PRDM1,TYK2,IL1RN,CX3CL1,TLR6,FCGR1C,JUNB,FLT1,CCL19,COL1A1,CD4,STPG1,CXCL8,IGHG1,ANGPT1,CD20,CCR7,MAPK3,C1QC,IFIT1,VCAM1,CD8A,CD3E,S100A12,CD69,CDH5,TLR4,ASC,HLA-C,MMP8,IFNAR1,CSF3R,NOD2,CD19,CD74,CD36,SELL,CXCL9,CCL4,MMP8,CD80,PRF1,FOXP3,TGFB2,F7,F7,CCL5,CD62L,TLR4,IRF7,USP18,S100A4,S100A6,NCF4,GATA3,CCR2,C4B,MICA,PRDM1,CXCL3,PYCARD,CD63,OAS1,IFNA2,GCSF,CXCL1,TLR4,IL12B,RELB,NLRP3,CD274,C1QC,ICAM1,B2M,CCL20,MYD88,CD163,TGFBR2,CD46,MYD88,MMP9,ISG20,FCGR3A,CXCL8,CD69,MRP14,FPR2
GCA,MMP8,CD79B,C1QC,ALB,TAB1,CCL5,ZNF185,CCL2,IFNG,C5AR2,CCL5,VCAM1,VEGFA,ISG15,NLRP3,TLR1,NFKB1,RETN,FOS,NOS3,CCL20,COL3A1,FOXP3,NIPAL3,CXCL9,IGHG2,ANGPT2,FOXP3,S100A8,ERK1,C2,IFIT2,PECAM1,GZMB,CD3G,LCN2,IKZF1,VWF,TLR2,PYCARD,HLA-E,MMP14,IFNAR2,CXCR1,NOD1,CD40,CD163,IRAK4,SELP,CCL5,CCL5,MMP12,CD163,IFNG,IL17A,SMAD3,F10,F10,CCL20,SIGLEC1,TLR7,IRF9,SOCS1,FCGR3B,S100A4,CD3E,RORC,CCR5,C5,BAG6,IL18,CXCL5,CASP1,BCL2A1,OAS2,IFNAR1,IL18,CXCL2,TLR5,IL2,IKBKG,CASP1,LAG3,CFB,VCAM1,FCGR2A,CXCL1,NFKB1,HLA-DOB,IFI27,CD59,NFKB1,MMP2,IFIT1,NCR1,CXCL10,GZMB,HNE,CAMP
IFNG,MMP9,MS4A1,F3,TNNI3,TAB2,CCL7,LINC02035,CCL3,IFNGR1,CFH,CCL7,ICAM1,VEGFB,ISG20,CARD8,TLR2,NFKB2,C3AR1,FOSL1,EDN1,CCL22,COL4A1,CD25,FGR,CXCL10,IGHG3,THBD,CTLA4,S100A9,ERK2,C3,IFIT3,CD44,PRF1,TCR,MMP9,ZBTB48,NOS3,MYD88,AIM2,MICA,TIMP2,IFNL1,CXCR2,NFKB1,CD86,CD68,IFI16,SELE,CCL3,CCL7,TIMP1,CCR7,IL12A,IL17RA,CASP5,F11,F11,CXCR1,CD10,TLR8,STAT1,SOCS3,FCGR2A,PYCARD,CD3D,CD69,CXCR4,C6,MSH5,IL6R,CXCL6,IL18,CCL3L1,OAS3,IFNAR2,IL1A,CXCL9,TLR6,IL4,CHUK,CASP3,TBX21,CFH,SELE,FCGR3A,CXCL2,RELA,PELI1,IFI44,CFD,RELA,TIMP1,IFIT2,NCR2,CCR2,PRF1,CD163,LCN2
IL10,TIMP1,CD38,F2R,TNNT2,TRAF6,CCL8,CLIC3,CCL4,IFNAR1,CFB,CCL11,SELE,VEGFC,MX1,CARD9,TLR3,RELA,MAPK14,FOSL2,VEGFA,CCR4,ELN,CTLA4,CFH,CXCL11,IGHG4,PROCR,PDCD1,S100A12,CXCL8,C4A,IFITM1,CDH5,FASLG,GZMB,CD163,RUNX1,EDN1,NFKB1,NLRC4,MICB,TLR4,IFNL2,TLR2,RELA,MS4A1,HLA-DRA,HLA-DRB1,PECAM1,CCL4,CCL8,TIMP3,IFNG,IL12B,IL23R,CR1,F12,F12,CXCR2,CD101,TLR9,STAT2,PSMB8,CD40,AIM2,CD3G,CD44,CD3D,C7,VWA7,TNFRSF1A,CXCL10,IL1A,CCL4,OASL,IFNB1,IL1RN,CXCL10,TLR9,IL5,IKBKB,CASP4,GATA3,CFI,SELP,FCGR3B,CXCL8,IL1R1,FCGR2A,IFI44L,CFI,JUN,TIMP2,IFIT3,NCR3,CCR5,FASLG,RTN1,DEFA1
IL4,SERPINB1,CD14,FGA,NPPA,IRAK4,CCL11,S100P,CCL5,IFNAR2,CFD,CCL20,SELP,FLT1,MX2,NFE2L2,TLR4,RELB,TLR5,ATF3,VEGFB,CCR6,LAMA2,PDCD1,DPM1,CCR1,IGHA1,SERPINE1,LAG3,HMGB1,ADA,C4B,IFITM3,VWF,TNFSF10,PRF1,CRP,NFKB1,ANGPT1,MAPK14,NLRP1,KIR2DL1,TLR2,IFNL3,TLR4,IRF3,CD22,HLA-DRB1,HLA-DQB1,ICAM1,CXCL11,CXCL1,CXCL10,STAT3,IL23A,RORC,CD36,SERPINE1,SERPINE1,CXCR4,CD114,NFKB1,LYZ,PSMB9,CD40LG,CARD8,CD4,CCR7,CD3E,C8A,FCGR2B,TNFRSF1B,CCL2,TNF,CCL4L2,ICAM1,TGFB1,FCGR2A,CXCL11,TLR10,IL13,CD14,CASP5,RORC,CD55,SELL,CD40,CXCL9,IL1R2,MMP9,IFIT1,C6,FOS,THBS1,OAS1,KLRB1,JAK1,CTLA4,KLHL2,DEFA3
IL5,CD177,CD163,FGB,NPPB,NPPA,CCL13,IFI27,CCL20,ISG15,C1QA,IFNA1,VWF,KDR,OAS1,NFKB1,TLR5,IL4,MYD88,RELA,VEGFC,CCR7,VWF,CD274,SCYL3,CCR2,IGHA2,CD3E,HAVCR2,RAGE,SCF,C5,CD3D,THBD,HLA-DRA,FASLG,SAA1,NFKB2,ANGPT2,MAPK1,IL23A,KIR2DL3,TLR9,IFNLR1,TLR6,IRF7,CD79A,FCGR2A,HLA-B,VCAM1,CCR2,CXCL2,CXCL8,STAT5A,IL27,TBX21,IFI16,SERPINC1,SERPINC1,IL2RA,CD66B,NFKB2,MPO,TAP1,BLK,GSDMD,CD8A,CD27,CD3G,C8B,CCR5,IL2RG,CCL3,TNFRSF1A,PADI4,VCAM1,TGFB2,BLK,CCR1,MYD88,TGFB1,CD16,IL1B,BCL6,CD59,PECAM1,TLR2,CXCL10,IL1RAP,MMP2,IFIT2,C7,MAPK1,PECAM1,OAS2,STAT1,JAK2,PDCD1,PYROXD2,DEFA4
IL2,NCF1,CD68,FGG,MYL2,NPPB,CCL17,CASP5,CXCL1,MX1,C1QB,IFNA2,PECAM1,FLT4,OAS2,NFKB2,TLR6,IL5,CASP5,RELB,HIF1A,CXCR1,THBS1,LAG3,C1orf112,CCR5,NCAM1,CD4,CCR7,TLR2,KLF1,C5AR1,CD3E,F3,HLA-DRB1,CCR7,FGA,RELA,TEK,STAT1,IL23R,KIR3DL1,AGER,CCL2,MYD88,STAT1,CD79B,FCGR3A,NFKB1,CD14,CCR5,CXCL8,CCL2,STAT5B,CSF3,GATA3,ORAI1,PLAT,PLAT,IL7R,TREM1,RELA,ELANE,TAP2,ITPKC,IL1R1,CD8B,CD28,CD4,C8G,CCR2,IL7R,CCL4,TNFRSF1B,MMP8,SELE,TGFBR1,CD38,CCR2,TICAM1,CD14,FCGR3A,IL18,CD14,C5AR1,VWF,TLR4,CXCL11,IL1RN,TIMP1,IFIT3,C8A,MAPK3,VWF,OAS3,STAT3,STAT1,LAG3,SMOX,BPI
MCP1,NCF2,MRC1,PLG,FABP1,TNNI3,CCL20,CR1,CXCL2,MX2,C1QC,IFNA4,CDH5,ICAM1,NFKB1,RELA,TLR9,IL13,CR1,REL,EPAS1,CXCR2,ANGPT2,TIGIT,IL2,CXCR1,KLRD1,CD8A,CCR5,TLR7,KLF9,C3AR1,CD3G,SERPINE1,HLA-DQA1,CD62L,FGB,RELB,TIE1,STAT3,IL12B,NCR1,CD14,CCL3,IRAK4,STAT3,CD38,ITGAM,NFKB2,CD16,CX3CL1,CXCL9,CCL3,JAK1,CSF2,IL4,S100A4,PLAU,PLAU,CD3E,CD49D,RELB,CTSG,HLA-A,CASP3,IL1RAP,CD25,CTLA4,CD8A,C9,CCR3,CD40,CCL5,NPPB,TNFRSF9,SELP,TGFBR2,FKBP4,CCR3,IRAK4,CD163,FCGR3B,PYCARD,TLR2,ICAM1,THBD,TLR6,CXCL12,TLR4,ITGAM,IFITM1,CRP,MAPK8,F3,MX1,JAK1,STAT3,CD19,ZNF185,LTF
CCL2,NCF4,VEGFA,PLAT,FABP2,TNNT2,CXCL1,RUNX1,CXCL8,OAS1,CR1,IFNA5,ANGPT1,VCAM1,NFKB2,RELB,TLR10,IL10,CCL5,CD40,ENG,CXCR4,VEGFA,HAVCR2,IL6,CXCR2,KLRF1,CD69,CXCR3,TLR9,KLF11,CFH,CD4,PLAU,HLA-DQB1,CD45RA,FGG,CASP3,JAK3,JAK2,IL12RB1,NCR2,LBP,CCL4,TRAF6,JAK1,CXCL1,ITGAX,RELA,CD11B,CD3D,CXCL10,CCL4,JAK3,GM-CSF,IL13,S100A6,VWF,VWF,CD4,ITGAM,IRF3,AZU1,HLA-B,ORAI1,IL18R1,CD69,PDCD1,CD8B,CFH,TIMP2,CD86,CCL20,NPPA,TNFRSF4,VWF,TLR2,KDM1A,CCR4,TRAF6,CD40,TLR2,AIM2,TLR4,VCAM1,F8,TLR1,CXCL13,CD40,ITGAX,IFITM2,SAA1,MAPK14,SERPINE1,MX2,JAK2,SOCS1,CD22,LINC02035,PRTN3
CCL3,CYBB,ICAM1,PLAU,ORM1,MYH6,CXCL2,MPO,CD8A,OAS2,CD55,IFNA6,ANGPT2,SELE,RELA,IRF1,MYD88,TGFB1,CCR7,CD40LG,ACVRL1,CXCR5,FLT1,CD69,VEGF,CXCR3,KLRC1,CTLA4,ITGAM,NLRP3,NFE2L2,CFB,CD8A,PLAUR,CIITA,CD45RO,SERPINA1,CASP5,TYK2,TYK2,IL12RB2,NCR3,HLA-DRA,CCL5,TAB2,JAK2,CCL5,CD86,RELB,CD11C,CD3E,CXCL11,CCL5,SOCS3,CXCL1,IL5,FCGR1A,THBD,THBD,CD8A,ITGB2,IRF7,DEFA1,HLA-C,TLR2,IL18RAP,CD27,LAG3,CD28,CFI,TIMP4,HLA-DRA,CCR2,TNNT2,TRAF1,PECAM1,TLR3,CAMKK1,CCR5,IFNG,CD40LG,TLR5,IFI16,TLR7,SELE,SERPINE1,TLR3,CCR1,CD40LG,VCAM1,IFITM3,SAA2,PIK3CA,PLAT,RSAD2,JAK3,SOCS3,CD79A,CLIC3,AZU1
CCL5,RAC2,VCAM1,SERPINE1,AGT,MYH7,CXCL8,MMP9,CD8B,OAS3,CD59,IFNA7,TEK,SELP,RELB,IRF3,IRAK2,TGFB2,CXCR3,TNFRSF1A,BMPR2,CD3D,KDR,CD107A,MIP1A,HLA-DRA,NKG7,PDCD1,ITGAX,CASP1,EZH2,CFD,CD8B,C3,TAP1,CD27,CASP1,CASP8,STAT3,OAS1,TBX21,NKG2D,HLA-DRB1,CCL7,MAP3K7,TYK2,CCL2,CD80,IL18,CD66B,CD4,CCR1,CXCR4,PD1,CXCL2,CCL2,HK3,ICAM1,ICAM1,GZMB,PECAM1,IRF9,DEFA3,HLA-DRA,TLR4,TNFRSF1A,CD28,TIGIT,CTLA4,CFB,MBL2,HLA-DRB1,CCR5,TNNI3,BIRC3,CDH5,TLR4,RECQL,CCR7,IFNA1,ICAM1,IRAK1,GSDMD,TLR9,SELP,PLAT,TLR5,CCR2,BLK,ICAM1,IRF1,HP,AKT1,PLAUR,CCL2,TYK2,NLRP3,CD79B,S100P,CTSG
CXCL8,MAPK1,SELE,VWF,APOA1,MYBPC3,CXCL9,FCGR2A,CD4,IFIT1,C4A,IFNA8,TLR4,PECAM1,REL,IRF7,IRAK3,SMAD3,TREM1,TNFRSF1B,CAV1,CD3E,TEK,GZMB,IFNG,HLA-DRB1,GNLY,LAG3,HLA-DRA,IL1B,SUZ12,CFI,CD28,C3AR1,TAP2,CD127,CASP3,CASP9,STAT4,OAS3,GATA3,NKG2A,HLA-DQB1,CCL8,MAPK14,SOCS1,CXCL10,TLR2,IL4,CD63,CD8A,CCR2,CCR1,TRIM21,CXCL5,CCL5,SAA1,VCAM1,VCAM1,PRF1,PRTN3,TRAF3,CAMP,HLA-DRB1,TLR7,TNFRSF1B,CTLA4,ICOS,PDCD1,CFD,MIF,CIITA,ICAM1,MYL2,TNIP3,VEGFA,TLR9,VPS50,CXCR1,IFNA2,VCAM1,IRAK4,S100A8,MYD88,VWF,PLAUR,TLR9,CCR3,ITPKC,SELE,IRF3,ORM1,MTOR,CXCL10,CCL3,SOCS1,CASP1,PAX5,IFI27,G0S2
CXCL9,MAPK3,SELP,THBD,CD3D,CRP,CXCL10,CD40,FOXP3,IFIT2,C4B,IFNA10,TLR2,CDH5,NFKBIA,STAT1,IRAK4,FOXP3,TSPO,IL6R,PTGIS,CD4,NOS3,PRF1,IL1A,HLA-DRB3,PRF1,CD19,HLA-DRB1,PYCARD,FOS,CR1,CTLA4,C5,B2M,FOXP3,NLRP3,BCL2,STAT5A,MX1,IL4,KLRK1,HLA-DQA1,CCL11,JUN,SOCS3,CXCL8,TLR7,TGFB2,CD13,CD28,CCR5,CCR2,TRIM58,CCL3,CXCL10,FCN1,SELE,SELE,IFITM1,S100A8,TRAF6,LTF,HLA-DQA1,TLR8,IL6R,PDCD1,PRF1,CD274,C3AR1,PDCD1,TAP1,VCAM1,MYH7,NCF2,ANGPT1,MYD88,HSPB6,CXCR2,IFNB1,TIMP1,TRAF6,S100A9,IRAK4,PECAM1,MMP9,CXCL2,CCR4,FCGR2A,SELP,IRF7,ORM2,HIF1A,CCL2,CCL4,SOCS3,PYCARD,BLK,CACNA1E,VNN1
CXCL10,MAPK14,VWF,F5,CD3E,ACTC1,CXCL11,CASP3,CTLA4,IFIT3,C1R,IFNA13,NLRP3,VWF,NFKBIB,STAT3,TRAF6,CD25,CXCL10,IL6ST,PDE5A,CD8A,EDN1,FASLG,IL1R1,HLA-DRB4,GZMB,CD22,CD86,AIM2,CEBPG,CR2,ICOS,C5AR1,CD74,IL2,HMGB1,BCL2L1,STAT5B,ISG15,IL5,KLRD1,HLA-DPB1,CCL17,FOS,CCL2,CCL3,TLR8,TGFBR2,CD15,CTLA4,CXCR1,CCR5,IGSF3,CCL4,CXCR3,AQP9,SELP,SELP,IFITM2,S100A12,IKBKB,MMP8,HLA-DQB1,NLRP3,IL6ST,LAG3,GZMB,CD69,C5AR1,HLA-E,B2M,SELE,CD14,MPO,ANGPT2,IRAK4,ARHGAP33,CXCR4,IFNL1,MMP2,MAPK1,S100A12,NFKB1,CDH5,MMP2,CCL2,CCR5,CASP1,VWF,IRF9,FGA,VEGFA,CCL3,CCL5,TLR2,IL1A,CD14,DDIAS,HP
MIP1A,PIK3CA,PECAM1,F10,CD4,TTN,CXCL12,ACE2,PDCD1,C1QA,C1S,IFNA14,CASP1,THBD,IKBKB,JAK2,NFKB1,IL2RA,IFI27,SOCS3,IL1B,CD8B,ACE2,CCL2,IL10,HLA-DRB5,GZMA,CD79A,CD80,GSDMD,CD8A,CXCL8,PDCD1,C5AR2,SERPINB1,IL7,TLR4,MCL1,STAT6,IFIT1,IL13,KLRC1,CASP5,CCL19,ATF3,CCL5,CCL4,IRF7,CCR2,SPI1,PDCD1,CXCR2,ISG15,RUNX1,CCL17,CCR5,CSF3R,PECAM1,PECAM1,IFITM3,ARG1,IKBKG,MMP9,B2M,PYCARD,MYD88,TIGIT,GZMA,TBX21,CD55,HLA-G,IFNG,SELP,CD36,ELANE,TEK,IRF3,NDUFAB1,CXCR5,IFNL2,MMP3,MAPK3,S100P,RELA,VEGFA,TIMP1,CCL3,CCR6,AIM2,THBD,ISG15,FGB,FGF2,CCL4,CCR1,TLR4,IL33,CD163,CD8A,TIMP2
IL17A,PIK3CB,THBD,ICAM1,CD8A,PLN,CXCL13,IFNAR2,LAG3,C1QB,C8A,IFNA16,PYCARD,F2,CHUK,TYK2,NFKB2,CCR5,CD163,PELI1,IL1A,CD28,AGT,CCL3,IL2RA,HLA-DQA1,GZMH,CD79B,CD28,IFNA1,CD4,CXCL1,CD274,CFB,SERPINB2,IL15,MYD88,FAS,SOCS2,RSAD2,IL4R,FCGR1A,CR1,CCL20,EGR1,CXCL10,CXCL2,IRF3,CCR5,CEBPA,ICOS,C1QA,OAS1,KLF4,CCL22,CCR2,HP,CDH5,CDH5,ISG15,LCN2,CD80,ARG1,CD274,STING1,IRAK1,HAVCR2,GZMK,GATA3,CD46,HLA-B,IFNGR1,ADAM8,FCGR2A,DEFA4,TIE1,IRF7,PDK4,IFNA1,IFNL3,MMP7,MAPK8,S100A4,JUN,ANGPT1,ADAM17,CCL4,CCR7,PYCARD,F3,ISG20,FGG,PDGFB,CCL5,CCR2,TLR9,CD19,CD68,TRIM58,MMP8
IL12A,AKT1,EDN1,VCAM1,IL2RA,RYR2,CCR1,NFKB1,TIGIT,C1QC,C8B,IFNA17,AIM2,F3,C1QA,CD44,RELA,CCL2,RTN1,FCGR2A,IL1R1,CTLA4,REN,CCL4,NCR1,HLA-DQB1,CD14,CD38,CD40,IFNB1,FOXP3,CXCL2,PDCD1LG2,CFD,PI3,IL21,NFKB1,MMP9,SOCS3,MMP9,CCR4,FCGR2A,TNFRSF13C,CCR1,EGR2,CXCL9,CCL20,MYD88,CXCR1,CEBPB,LAG3,C1QB,OAS2,MKK7,CD163,ICAM1,CXCR2,NOS3,NOS3,MX1,MMP8,CD86,CEACAM8,PDCD1,IRAK4,IRAK4,CD19,NKG7,RORC,CD59,HLA-C,IFNGR2,MMP8,HLA-DRB1,DEFA3,THBD,NLRP3,SLC22A16,IFNA2,IFNAR1,MMP8,MAPK14,S100A6,FOS,ANGPT2,ACE2,CCL5,CXCR4,GSDMD,SERPINE1,MX1,SERPINA1,TGFB1,CXCR1,CCR5,MYD88,MS4A1,CSF1R,IGSF3,MX1
IL12B,NFKB1,NPPA,SELE,IL17F,CASQ2,CCR2,NFKB2,HAVCR2,C3,C8G,IFNA21,TLR9,F5,C1QB,CD54,RELB,VEGFA,NCF2,HLA-DRA,IL1RN,PDCD1,APOE,CCL5,CXCL10,HLA-DPA1,CD68,CD14,ICOS,ISG15,GZMB,CXCL10,TBX21,CFH,SLPI,CD19,RELA,MMP3,PIAS1,MMP3,CCR6,FCGR2B,CASD1,CCR2,DUSP1,CD16,PECAM1,IRAK4,CXCR2,CEBPE,CD3G,C1QC,OAS3,SMAD6,CD206,VCAM1,GAPDH,EDN1,EDN1,OAS1,ELANE,CD28,OLFM4,CTLA4,IFI16,TRAF6,CD20,PECAM1,CD19,HLA-A,CRP,CSF1,MMP9,HLA-DQB1,CTSG,PROCR,PYCARD,ZMYND10,IFNB1,IFNAR2,MMP13,JUN,S100A11,C3,MPO,TMPRSS2,CXCR2,CXCR5,CD64,PLAT,MX2,SERPINA3,SMAD3,CXCR2,CXCR3,IRAK4,CD22,CSF3R,RUNX1,MX2
IFNA1,RELA,NPPB,SELP,RORC,C1QA,CCR3,IL4,CD274,C4A,C6,IFNB1,NOD2,F10,C1QC,CD63,IRF3,KDR,NCF1,HLA-DRB1,IL6,CD69,LPA,CXCL8,CCL2,HLA-DPB1,CD163,CD163,GZMB,MX1,PRF1,CCL2,GATA3,CFI,A2M,CD20,MAPK14,MMP13,PIAS2,MMP2,CXCR3,FCGR3A,ZBTB48,CCR3,ZFP36,FCGR3A,VCAM1,MAPK14,CXCR3,PU1,CD8B,C3,MX1,SMAD7,ARG1,SELE,ACTB,VEGFA,VEGFA,OAS2,MPO,CTLA4,LCN2,LAG3,STAT3,NFKB1,CD22,ICAM1,CD22,HLA-B,ACE,CSF2,IFNG,HLA-DOB,LCN2,NOS3,CASP1,ABCB5,IFNL1,IFNGR1,ADAMTS1,FOS,TLR2,C5,ELANE,FURIN,CCR1,TLR1,CD80,PLAUR,OAS1,TTR,SERPINE1,CCR1,CXCL9,IRF3,CD27,ICAM1,XLOC_006277,OAS1
IFNB1,CARD9,TNNT2,PECAM1,TBX21,C1QB,CCR4,IL10,PDCD1LG2,C4B,C7,IFNAR1,MYD88,C3,C2,CD64,IRF7,ENG,ARG1,HLA-DOB,IL6R,CD38,HMGB1,CXCL9,CD8A,HLA-A,ITGAM,CD68,PRF1,OAS1,CD62L,CCL3,RORC,CR1,CSF3R,CD79A,ACE2,TIMP2,PIAS3,TIMP1,CD161,FCGR3B,BLK,CCR4,SOCS1,CD56,ICAM1,MAPK1,CD3D,GFI1,CD40,C3AR1,MX2,VEGFA,NOS2,SELP,SLC25A37,KDR,KDR,RSAD2,CAMP,PD1,CD177,TIGIT,IFNAR1,NFKB2,CD38,VCAM1,CD79A,HLA-C,PLA2G7,CSF3R,IFNGR1,PELI1,CAMP,EDN1,CASP4,SLC25A13,IRF1,IFNGR2,ADAMTS4,RORC,TLR3,CFH,LTF,NRP1,CCR2,TLR2,CD86,BNP,OAS2,ALB,F3,CCR2,CXCL11,IRF7,CD14,VCAM1,ITPKC,OAS2
IFNL1,SYK,TNNI3,ITGAM,GATA3,C1QC,CCR5,CCR5,GZMB,C5,C9,IFNAR2,C3,C4A,C3,CD62L,IRF9,TEK,HP,CD80,IL6ST,CD27,S100A8,CXCR1,CD4,HLA-B,ITGAX,CD80,FASLG,RSAD2,SELE,CCL4,IL2,CD46,CSF1R,IGM,TMPRSS2,VEGFA,IL6,TIMP2,IL33,C1QA,ITPKC,CCR5,CISH,NCAM1,VWF,MAPK3,CD3G,RUNX1,CD80,C5,IFIT1,BCL2L1,IDO1,PECAM1,STXBP2,TLR2,TLR2,BST2,LTF,PDL1,PGLYRP1,HAVCR2,IRF3,RELA,CD138,SELE,CD79B,HLA-DRA,IL1RN,ITGAM,IFNGR2,BLK,TCN1,EDNRA,STING1,ST7,IRF3,CXCL1,CXCL1,RORA,TLR4,CFB,LCN2,DPP4,CCR5,TLR3,HLA-DRB1,NPPB,OAS3,TF,FGA,CCR5,IL12A,DDX58,CD68,SELE,CASP3,OAS3
GCSF,BTK,MYH7,ITGB2,IL5,C3,CCR6,CD14,PRF1,CR1,TLR4,IRF1,C5,C4B,C4A,CD66B,STAT1,ANGPT1,DEFA1,CD86,TNF,LAG3,S100A9,CXCR2,CCR7,HLA-C,CSF1R,CD86,FAS,IFIT1,SELP,CCL5,IL2RA,CD55,CSF2RA,IGG1,BSG,FGF2,IL1B,VEGFA,IL1RL1,C1QB,TRIM58,CCR6,PIM1,CD14,CDH5,JUN,CD3E,LEF1,CD86,C5AR1,IFIT2,BCL2,HLA-DRA,VWF,IL17A,TLR4,TLR4,LY96,DEFA1,VISTA,HP,CD244,CD14,RELB,IGHM,SELP,PAX5,HLA-DRB1,IL4,ITGAX,IFNA1,ITPKC,HP,EDNRB,STAT1,CDC27,IRF5,CXCL2,CXCL2,TBX21,TLR5,SERPING1,DEFA1,BSG,CXCL1,TLR4,CD4,CRP,STAT1,APCS,FGB,CD14,IL12B,IFIH1,CD163,SELP,BLK,OASL
CSF3,PLCG2,MYH6,CD44,IL13,C4A,CCR7,TLR4,FASLG,CR2,MYD88,IRF2,CFH,C5,C4B,CD11B,STAT2,ANGPT2,DEFA3,ICAM1,TNFRSF1A,ICOS,S100A12,CCR2,CD10,HLA-E,MARCO,HLA-DRA,BCL2,IFITM1,ICAM1,CCL20,IL2RB,CD59,IL3RA,IGG2,IL2,TGFB1,TNF,VEGFR2,TNFRSF1A,C1QC,IGSF3,CCR7,BCL2A1,CD11B,SELE,FOS,WIPI1,IRF8,CD274,CFB,IFIT3,BAX,HLA-DRB1,THBD,IL12A,TLR9,TLR9,TLR8,DEFA3,TIGIT,ORM1,CD160,CD36,REL,IGHG1,CDH5,CD38,HLA-DRB5,KDR,SELL,IFNB1,CD40,LTF,C1QA,STAT3,SLC4A1,IRF7,CXCL8,CXCL5,GATA3,TLR7,F2,DEFA3,CTSL,CXCL9,TLR5,CD8A,SAA1,STAT2,LBP,FGG,TLR2,IL12RB1,C3,MRC1,PECAM1,HLA-DOB,ISG15
EGF,ITGAM,NLRP3,TLR2,CTLA4,C4B,CXCR1,TLR2,CD69,CD19,NFKB1,IRF3,CFB,CFH,C5,CD16,STAT3,VWF,ELANE,VCAM1,TNFRSF1B,CD3G,ANXA1,CCR5,CD62L,HLA-F,MSR1,HLA-DRB1,BAX,DDX58,VCAM1,CCR1,IL7,SERPING1,IL5RA,IGG3,IL2RA,TGFB2,IL10,ICAM1,TNFRSF1B,C3,FGR,CCR8,MCL1,ITGAM,SELP,NFAT5,WDFY3,STAT3,PDCD1LG2,CFD,IFITM1,CASP3,CD86,F3,IL12B,MYD88,MYD88,NLRP3,CEACAM8,LAG3,SERPINA1,KLRG1,PELI1,NFKBIA,IGHG2,KDR,IGHG1,HLA-DQA1,AGTR1,ICAM1,IFNAR1,ISG15,MMP25,C1QB,STAT5A,CALCR,IRF9,CXCL9,CXCL6,FOXP3,TLR8,F3,S100A8,CTSB,CXCL10,TLR6,CD3E,APCS,JAK1,AGT,THBD,TLR4,IL12RB2,C5,NCAM1,VWF,PELI1,ISG20
SOCS1,ITGAX,CASP1,TLR4,PDCD1,C5,CXCR2,TLR9,CD25,CD20,RELA,IRF4,C1QA,CFB,C5AR1,CD32,STAT4,THBD,MPO,ITGAM,IL10,CD19,HAMP,CD163,CD274,HLA-G,CD86,NFKB1,CASP3,MAVS,MMP9,CCR2,IL7R,CRP,CXCR1,IGG4,IL4,TGFBR2,IL18,VCAM1,CD14,C4A,FCGR2A,CCR9,BIRC3,CD86,TNNI3,VNN1,ATP6V0E2,STAT5A,TIGIT,CFH,IFI44,CTGF,CD80,SERPINE1,IL7,NLRP3,NLRP3,CASP1,ORM1,TIM3,ALPL,NKG2A,HLA-DOB,NFKBIB,IGHG3,FLT1,IGHG2,HLA-DQB1,CD14,VCAM1,IFNAR2,ISG20,CHI3L1,C1QC,STAT5B,DVL2,STAT1,CXCL10,CXCL9,IL17A,TLR9,F5,S100A9,HLA-DRA,CXCL11,TLR9,FOXP3,HP,JAK2,A2M,PROC,TLR7,IL17A,CR1,GZMB,THBD,FCGR3A,IFIT1
IL1R1,CD14,PYCARD,MYD88,LAG3,C3AR1,CXCR4,IRF3,CD127,MS4A1,TLR2,IRF5,C1QB,CFD,C3AR1,CD49D,STAT5A,EPCAM,CTSG,ITGAX,IL10RA,MS4A1,FTH1,CD206,PDCD1,TAP1,ELANE,RELA,CASP8,IRF3,TIMP1,CCR5,CD40,SAA1,CXCR2,IGHV,IL7R,C3,IL2,SELE,CD11B,C4B,FCGR3A,CCR10,XIAP,CD80,NPPA,GPR84,RALB,STAT5B,HAVCR2,CFI,IFI44L,TLR4,CD40,PLAU,MIP1A,PYCARD,PYCARD,IL18,HP,CD40,CA4,NKG2D,CD8A,MAP3K7,IGHG4,TEK,IGHG3,HLA-DPA1,SLC11A1,PECAM1,IRF1,IFIT1,PLBD1,C2,NFKB1,PRSS22,STAT2,CXCL11,CXCL11,IL17F,MYD88,F8,S100A12,HLA-DRB1,CCL22,TLR10,GATA3,ORM1,TYK2,ITIH4,PROS1,TLR8,IL17F,CD55,PRF1,C1QA,CD40,IFIT2
IL1RN,CD16,IL18R1,NLRP3,CD19,C5AR1,NLRP3,IRF7,CD45RA,BACH2,IRAK4,IRF6,C1QC,CFI,CFH,CD101,STAT5B,CDH5,AZU1,CD4,IL10RB,CD22,FTL,CD68,IFITM2,TAP2,MPO,STAT1,CASP9,IRF7,CRP,CCR7,CD19,SAA2,CXCR4,IGHD,IL12B,C4A,IL4,SELP,CD11C,C5,FCGR3B,CXCL8,GADD45B,HLA-B,NPPB,HP,ATP6V1C1,NFE2,TBX21,F2,IFI6,TLR2,CD40LG,MMP9,CCL3,CASP1,CASP1,IL1RN,FPR1,CD40LG,CRISP3,NCR1,CD8B,TAB1,CD2,TIE1,IGHG4,HLA-DPB1,MTHFR,CD44,IRF3,IFIT2,ITGAM,C3,NFKB2,UPF1,STAT3,CXCL12,CXCL12,IL22,TICAM1,VWF,MMP9,HLA-DQA1,IFI27,MYD88,TBX21,FGA,IFNA1,AHSG,PLAT,MYD88,IL17RA,CD59,F3,C1QB,GCSF,IFIT3
IL2R,CD64,IL1R1,PYCARD,MS4A1,CFH,NLRP1,MAVS,CD45RO,AICDA,TRAF6,IRF7,C4A,S100A8,CFB,CD10,STAT6,ICAM1,PRTN3,CD8A,TGFB1,CD40,TF,CD11B,IFI44L,TAPBP,DEFA1,STAT3,NFKBIA,STING1,SAA1,CXCR1,MS4A1,NLRP3,CCR2,IGHJ,IL15,C4B,IL17A,FGG,CD3E,CFB,CXCL2,CXCL9,CDKN1A,TAP1,TNNT2,LTF,GBA,KLF2,C3,F3,SERPINA3,NOD1,ICAM1,MMP2,CCL4,CD3D,CD3D,TNFAIP3,FPR2,ICAM1,DEFA4,FCGR3A,CD4,TAB2,CD5,ANGPT1,IGHA1,HLA-E,HP,CXCR4,IRF4,IFIT3,ITGAX,C3AR1,RELA,SKAP2,STAT4,CCL2,CCL2,IL23A,IRAK1,SELP,CD3E,HLA-DQB1,ISG15,TICAM1,RORC,FGB,IFNA2,VEGFA,PLAUR,IRAK1,IL23A,C1QA,TFPI,C1QC,MCP1,IFITM1
IL4R,CD32,TLR2,CASP1,CD79A,CFB,NLRC4,DDX58,CCR7,PRDM1,NFKBIA,IRF8,C4B,S100A9,CFD,CD95,CD14,VCAM1,CAMP,CD3E,TGFB2,CD79A,TFRC,CD11C,IFIT1,B2M,DEFA3,JAK1,MAP3K7,CGAS,FERRITIN,CXCR2,CD22,CASP1,CCR5,BCL6,IL17A,C5,IL17F,FGA,CD3D,CFH,CXCL10,CXCL10,RUNX1,TAP2,MYH6,MMP3,C9orf72,KLF4,C5,F5,PTN,NFKB1,VCAM1,TIMP1,CXCL1,CD3E,CD3E,TREM1,FCAR,VCAM1,MMP25,CD56,CD3E,MAPK14,CD7,ANGPT2,IGHM,HLA-F,MMP1,CCR2,IRF7,IFITM1,VNN2,C4A,RELB,MCUB,STAT5A,CCL3,CCL5,IL23R,IRAK4,SELE,CD4,CD80,IFIT1,TIRAP,IL17A,FGG,IFNB1,VEGFB,CD40,IRAK4,IL23R,C1QB,SERPINE1,C3,IL8RA,IFITM3
IL6R,CD11B,TLR4,CASP5,CD79B,CFD,AIM2,IFIH1,CD62L,XBP1,TLR9,IRF9,FCGR1A,S100A12,CFI,FAS,FCGR1A,SELE,OLFM4,CD19,IFNG,CD79B,SLC40A1,HLA-DRA,IFIT3,CD1A,DEFA4,JAK2,MAPK1,VEGFA,LDH,CXCR4,CD79A,IL1A,CCR7,PRDM1,IL21,CFH,IL12A,FGB,CD3G,CFI,CCL2,CXCL11,CEBPbeta,B2M,MYH7,MMP13,LRRK2,GATA1,C3AR1,F10,SCUBE2,RELA,SELE,ADAM17,CXCL8,CD3G,CD3G,SIGLEC5,CLEC5A,SELE,MS4A3,CD57,CD3D,MAPK8,GZMB,EDN1,MPO,HLA-G,MMP3,CCR5,IRF9,IFITM3,VNN3,C4B,CD14,HOXA11,STAT5B,CCL4,CCL7,IL12A,TRAF6,VCAM1,CD8A,CD86,IFIT3,TRAF6,IL17F,ALB,IFNL1,VEGFC,CD40LG,TRAF6,IL22,C1QC,MMP2,C3AR1,IL8RB,IFI27
IL10R,CD11C,TLR9,GSDMD,CD27,CFI,PYCARD,IL18,CD27,CD27,NFKB2,STAT1,FCGR2A,HMGB1,CD55,FASLG,FCGR1B,SELPLG,MMP8,CD20,IFNGR1,CD80,CP,HLA-DRB1,STAT1,CD1C,LTF,IRF1,MAPK3,VEGFR2,ALT,TLR1,CD79B,IL18,CX3CR1,XBP1,IL22,CR1,IL12B,F2,TCR,MASP1,CCL3,CXCL12,SPI1,CD3E,CRP,TIMP1,GNAI3,GATA2,C5AR1,F11,MAPK14,IRF3,SELP,CD40,CD55,CD4,CD4,SIGLEC9,CLEC7A,SELP,RNASE2,GNLY,CD3G,JUN,PRF1,NOS3,ELANE,B2M,MMP11,CX3CR1,STAT1,OAS1,GCA,C5,CD36,POLR2J,JAK1,CCL5,CCL8,IL12B,NFKB1,ICAM1,CD8B,CD28,MX1,IRAK4,IL23A,HMGB1,C1QA,FLT1,CD80,IRF3,IL22RA1,ICAM1,MMP9,C5,CXCR1,IFI44
IFNGR1,CD62L,MYD88,NFKB1,CD38,CR1,CASP1,IL33,CD28,CD38,TLR1,STAT2,FCGR2B,CALR,CD46,BCL2,FCGR2A,F3,CEACAM8,BCL2,IL2,CD86,HP,CD86,IRF7,CD1D,LCN2,IRF7,MAPK8,ANGPT1,AST,TLR2,CD27,PYCARD,ITGAM,CD138,IL23A,F2,IL21,F5,HLA-DRA,MASP2,CCL4,CXCL13,GATA2,CD4,SAA1,TIMP2,PIK3CB,TAL1,CFH,F12,SLC11A1,IRF7,VWF,CD40LG,CD59,CD8A,CD8A,CD33,CARD9,SELL,RNASE3,FASLG,CD45RO,FOS,GNLY,VEGFA,PRTN3,TAP1,MMP12,PTPRC,STAT2,OAS2,S100P,C5AR1,IFI16,DHX33,JAK2,CCL7,CCL11,IL12RB1,NFKB2,PECAM1,CD28,CTLA4,OAS1,IRF3,IL12B,RAGE,C1QB,KDR,CD86,IRF7,TREM1,VCAM1,IL21,C5AR1,CXCR2,IFI44L
TNFR1,CD66B,IRAK4,RELA,IGHG1,CR2,CASP4,IL17A,ICOS,CD40,TLR3,ISG15,FCER1G,CRP,CD59,BCL2L1,FCGR2B,TFPI,CEACAM6,BCL2L1,IL4,PDCD1LG2,LCN2,CD80,OAS1,NLRP3,MMP8,MAPK14,MAPK14,ANGPT2,GGT,TLR3,CD38,AIM2,ITGAX,TNFRSF13B,IFNA2,F3,IL23A,F8,HLA-DRB1,MBL2,CCL5,CXCR1,IRF1,CD8A,SAA2,CTLA4,SH3GLB1,FLI1,CFB,SERPINE1,ELANE,IFIT1,THBD,CD80,CFH,CD8B,CD8B,HLA-DRA,SYK,PECAM1,TCN1,CASP3,CD69,STAT1,CCL2,VEGFB,AZU1,TAP2,MMP13,CD3E,STAT3,OAS3,OSCAR,C5AR2,CCL2,MEOX1,JAK3,CCL20,CCL13,IL12RB2,RELA,CDH5,CTLA4,ICOS,OAS2,IRF7,IL4,TLR4,C1QC,ICAM1,CD28,STAT1,S100A8,SELE,IL12A,CFB,NFKB1,IFI6
TNFR2,SELL,TRAF6,S100A8,IGHG2,CD46,CASP5,IL22,CD40,CD40LG,TLR5,ISG20,FCGR1B,PTPRC,CR1,CASP3,FCGR3A,SERPINE1,TCN1,MCL1,IL5,TIGIT,EPO,CD40,OAS2,PYCARD,MMP9,TLR2,AKT1,TEK,TREM1,TLR4,IGHM,HMGB1,ITGB2,TNFRSF17,IFNB1,F5,IL27,VWF,MBL2,SERPING1,CD40,CXCR2,IRF7,TCR,FGA,PDCD1,PLEKHF1,ETS1,C1QA,SERPINF2,CAMP,IFIT2,F3,CD86,CFI,CTLA4,CTLA4,HLA-DRB1,BTK,ITGAM,CD63,CASP8,CD25,STAT3,CCL3,VEGFC,DEFA1,TAPBP,MMP25,CD4,JAK1,OASL,CLEC4D,CFB,CCL3,THSD7A,TYK2,VEGFA,CCL17,CSF2,RELB,ITGB2,PDCD1,PD1,RSAD2,NFKB1,IL5,CD40,C2,VCAM1,CTLA4,STAT3,S100A9,SELP,IL12B,CFD,NFKB2,IFI35
TYK2,SELP,NFKB1,S100A9,IGHM,CD55,NFKB1,IL15,CD40LG,HLA-DRA,TLR6,MX1,HLA-DRA,PTPN22,CR2,CASP8,FCGR3B,PLAT,CHI3L1,BIRC2,IL13,BTLA,EPOR,CD40LG,OAS3,CASP1,S100A8,TLR4,PI3K,PECAM1,HMGB1,TLR5,IGHG1,TLR2,ICAM1,CD38,IFNAR1,SERPINE1,IL15,SERPINE1,CRP,CD55,CD38,CXCR4,IRF8,TCRB,FGB,CD274,KLHL3,ETS2,C1QB,PLAT,MPO,ISG15,SERPINE1,CTLA4,FGB,PDCD1,PDCD1,HLA-DQA1,PIK3CD,ITGB2,CD69,CASP9,GZMB,JAK1,CCL4,THBD,DEFA3,STAT1,FGB,CD8A,JAK2,MX1,CD300A,CFD,CCL4,LIG3,ISG15,VEGFB,CCL22,CSF2RA,CD177,ITGAL,LAG3,PDL1,SIGLEC1,NFKB2,IL13,CD40LG,C3,SELE,PDCD1,JAK1,S100A12,VWF,IL23A,CFH,RELA,RSAD2
JAK1,SELE,STAT1,S100A12,IGHA1,CD59,NFKB2,CXCL10,CD80,HLA-DRB1,IRAK2,MX2,HLA-DRB1,CTLA4,CD3D,CASP9,CD36,PLAU,S100P,BIRC3,IL17A,HAVCR2,GYPA,ICAM1,RSAD2,CASP4,S100A9,MYD88,MTOR,CDH5,RAGE,TLR6,IGHG2,TLR4,VCAM1,CD40,STAT2,PLAU,IL8,PLAT,FERRITIN,CD46,CD163,PECAM1,STAT1,IL2,FGG,LAG3,TSPO,JUN,C1QC,PLAU,NTS,MX1,PLAT,PDCD1,FGA,CD28,CD28,HLA-DQB1,PIK3CG,CD44,CD83,CASP5,PRF1,JAK2,CCL5,PROCR,LCN2,STAT2,PRRC2A,CD19,TYK2,MX2,CD274,CFH,CCL5,RPAP3,ISG20,VEGFC,CCL24,CSF2RB,CD14,SELL,TIGIT,CD3E,LY6E,RELA,IL2,CD80,C3AR1,SELP,CD274,JAK2,ALOX5,PECAM1,IL15,S100A8,RELB,EIF2AK2
JAK2,ICAM1,STAT3,MPO,IFIT1,CASP1,RELA,CCL2,CD86,HLA-DQA1,IRAK3,OAS1,HLA-DQA1,PDCD1,CD3E,APAF1,CD163,FGB,SMOX,XIAP,IL17F,CD2,GYPB,VCAM1,USP18,CASP5,C1QA,TRAF6,HIF1A,VWF,TLR4,TLR9,IGHG3,TLR7,SELE,AICDA,STAT4,PLG,IL1A,PLAU,SAA1,CD59,CD68,VCAM1,STAT2,IL12A,HP,HAVCR2,RUNX1,FOS,C4A,PLAUR,HIST2H2BE,OAS1,FGB,CD274,FGG,CD40,CD40,CIITA,NFKB1,CD62L,IL2RA,CR1,IFNG,TYK2,CXCL8,VWF,MMP8,STAT3,ABHD16A,MS4A1,SOCS1,JAK1,PECAM1,CFI,CCL7,ACSM3,IFIT1,ICAM1,CCL26,CSF3,CD36,CD44,TBX21,CD4,BST2,RELB,IL2RA,CD86,C4A,PECAM1,HAVCR2,TYK2,LTB4R,CDH5,IFNA1,S100A9,REL,BST2
STAT1,VCAM1,JAK1,ELANE,IFIT2,CASP3,RELB,CCL5,ITGAM,HLA-DQB1,NFKBIB,OAS2,HLA-DQB1,CD274,CD3G,CYCS,MRC1,FGA,CACNA1E,CXCR3,IL18,CD5,BAND3,SELE,HERC5,CASP8,C1QB,C3,VEGFR2,THBD,CD163,TLR10,IGHG4,TLR8,SELP,NCF1,STAT5A,VWF,CXCL10,C3,CD19,CR1,NFKB1,ICAM1,JAK2,IL12B,ORM1,CD38,IL2,JUNB,C2,THBD,HIST2H2AC,IFITM1,CRP,HLA-DRA,THBD,CD19,CD19,CD40,RELA,CD69,SOCS1,C3,TNF,SOCS1,CXCL9,C1QA,MMP9,STAT4,ITPR3,CD22,SOCS3,JAK2,THBS1,CD55,CCL8,REXO5,IFIT2,VCAM1,IL1R1,CSF3R,CD40,ENG,GATA3,CD8A,PLSCR1,REL,IFNGR1,CD28,C4B,VWF,LAG3,SOCS1,PTGS2,ENG,IFNB1,S100A12,MMP2,TRIM5
STAT2,PECAM1,JAK2,LCN2,IFIT3,CASP8,REL,CXCL9,ITGAX,HLA-DOB,RELB,OAS3,HLA-DPA1,PDCD1LG2,CD4,XIAP,CD68,FGG,DDIAS,CCR5,IL21,CD7,ANK1,SELP,SIGLEC1,CASP10,C1QC,C4A,FGF2,SERPINE1,CD206,STING1,TLR2,TLR9,SELL,NCF2,IRF5,CCL2,CXCL9,C5,CD20,CR2,RELA,ICAM2,TYK2,IL18,ORM2,CD69,IL2RA,FOSL1,C4B,PROCR,MYD88,CD64,SAA1,HLA-DRB1,PROC,MS4A1,MS4A1,CD40LG,JUN,CD25,SOCS3,C5,FASLG,SOCS3,CXCL10,C1QB,S100A8,STAT5A,COL11A2,CD79A,ISG15,JAK3,SELL,CD46,CXCL1,CIAOPIN1,IFIT3,PECAM1,IL1R2,VEGFA,CD64,THBD,RORC,CD25,TRIM22,NFKBIA,IFNGR2,CTLA4,C5,THBD,TIGIT,SOCS3,HMGB1,FCGR1A,VEGFB,S100B,MMP3,TRIM22
MAPK1,CCR2,IRF3,MMP9,ISG15,CASP9,NFKBIA,CD80,CD68,CD80,FCGR2A,OASL,HLA-DPB1,HLA-A,CD8A,BIRC3,CD80,PROC,KLHL2,CCR7,IL23A,VEGFA,SPTA1,MMP9,GBP1,FAS,C2,C5,PDGFB,F3,ARG1,IFI16,TLR3,MYD88,CD44,CYBB,IRF8,CCL3,CXCL11,CFH,MS4A1,ITGAM,IRF1,ICAM3,IFNAR1,IL17A,C3,CD25,CD25,NFKB1,C6,PROS1,IRAK1,CD54,HP,B2M,SERPINC1,CD22,CD22,ICOS,FOS,CD127,CXCR4,CFB,CD27,HLA-DRA,CCR2,C1QC,S100A9,STAT5B,TPH2,IGHM,ISG20,TYK2,SELP,CD59,CXCL8,DPM1,OAS1,SELE,IL1RAP,VEGFR1,FCGR1A,PROCR,CD19,FOXP3,HERC5,NFKBIB,CXCL8,PDCD1,C5AR1,EDN1,TNFRSF9,NLRP3,TGM2,FCGR1B,FLT1,MMP8,MMP8,APOBEC3G
MAPK3,CCR5,IRF7,CD177,ISG20,NLRP3,NFKBIB,CD86,CD163,CD86,ITGAX,IFIT1,HLA-A,HLA-B,CD8B,TNFAIP3,CD86,PROS1,PYROXD2,MIF,CXCL8,ICAM1,SPTB,MMP2,GBP2,FASLG,C3,CFH,TGM2,PLAT,NOS2,AIM2,TLR4,IRAK4,CD62L,MPO,SOCS1,CCL4,CCL2,CFB,CD79A,ITGAX,STAT1,SELE,IFNAR2,IL17F,C5,CD127,CD8A,NFKB2,C7,PROC,IRAK4,CD11B,ORM1,TAP1,F2,CD79A,CD79A,PDCD1,MAPK1,CD38,CCR7,CFH,CD28,HLA-DRB1,CCR5,C2,S100A12,STAT6,IL18,TCF7,CASP3,SOCS1,CD40,F2,CXCL9,SCYL3,OAS2,SELP,IL6R,VEGFR2,FCGR2A,MMP1,CD22,GATA3,IFI16,NFKBIE,CXCL10,HAVCR2,C5AR2,NOS3,ICOS,ASC,MYD88,FCGR2A,KDR,MMP9,MMP13,HERC5
MAPK8,CXCR1,RELA,PF4,MX1,NLRC4,NFKBIE,HLA-DRA,CD206,CD28,HCK,IFIT2,HLA-B,HLA-C,CD28,TRAF6,ITGAM,THBS1,ZNF185,HMGB1,CXCL10,VCAM1,HBB,TIMP1,LY6E,TNFSF10,C4A,CFB,F3,PLAUR,IDO1,DDX58,TLR9,NFKB1,CD62P,ELANE,SOCS3,CCL5,CCL3,C1Q,CD79B,ITGB2,STAT3,SELP,IFNGR1,IL22,C1QA,FOXP3,CD4,RELA,C8A,VWF,TRAF6,CD11C,LBP,PSMB8,F5,CD79B,CD79B,CTLA4,MAPK3,CD45,CD27,CFI,ICOS,HLA-DQA1,CXCR3,C3,CD177,JAK1,BTNL2,LEF1,CASP5,SOCS3,CD40LG,F2R,CXCL10,C1orf112,OAS3,VWF,IL6ST,MMP9,FCGR3A,MMP3,CD79A,TBX21,ILF2,IKBKB,CCL2,LAG3,C6,ANGPT1,IDO1,CASP1,IRAK1,FCGR2B,CDH5,TIMP2,TIMP1,USP18
MAPK14,CXCR2,HLA-DRA,PPBP,MX2,AIM2,IKBKB,HLA-DRB1,MARCO,CTLA4,SPI1,IFIT3,HLA-C,HLA-DRB1,CTLA4,MYD88,ITGAX,CD40,LINC02035,S100A8,CCL2,SELE,HBA1,TIMP2,BST2,TNFRSF10A,C4B,C3AR1,THBD,MMP2,IL12A,IFIH1,MYD88,NFKB2,CD62E,CTSG,IFIT2,CXCL1,CCL4,CD55,CD138,PECAM1,RUNX1,SELL,IFNGR2,IL23A,C1QB,TGFB1,FOXP3,RELB,C8B,ADAMTS13,TAK1,ITGAM,PRTN3,NLRC4,F8,CD14,CD14,LAG3,MAPK14,CD3E,CD28,CD46,CD86,HLA-DQB1,VCAM1,C3AR1,OLFM4,JAK2,TNFRSF1A,GATA3,CR1,IL2,TLR2,F3,CXCL11,FUCA2,OASL,THBD,TNFRSF1A,MMP2,ITGAX,MMP13,CD79B,RORC,CASP1,CHUK,CCL5,TIGIT,C7,ANGPT2,ARG1,IL18,IRAK4,FCGR3B,ENG,TLR2,TIMP2,STAT1
P38,CXCR3,HLA-DRB1,GP1BA,IRF7,PYCARD,JAK1,CD3E,FCGR1A,PDCD1,CD14,IFITM1,CD74,HLA-DQB1,ICOS,TICAM1,CD33,CD40LG,CLIC3,S100A9,CCL3,SELP,HBA2,CRP,EPSTI1,TNFRSF10B,C5,C5AR1,PLAT,MMP3,IL12B,TNF,TICAM1,RELA,CD11A,LTF,IFIT3,CXCL10,CCL5,CD59,SDC1,THY1,NLRP3,VWF,IL18R1,FOXP3,C1QC,TGFB2,CTLA4,REL,C8G,TFPI,IKBKG,ITGAX,ELANE,AIM2,VCL,CD68,CD68,TIGIT,AKT1,CD4,ICOS,CD55,CD80,CD14,ICAM1,C4A,ICAM1,JAK3,CTLA4,TBX21,CEACAM1,IL2RA,TLR4,F5,CCR1,GCLC,MX1,EDN1,TNFRSF1B,TIMP1,ITGAM,TIMP1,BLNK,BCL6,CASP3,JAK1,ICAM1,CD274,C8A,TEK,NOS2,GSDMD,TRAF6,CD14,ANGPT1,TLR4,VEGFA,STAT2
RELA,CCL3,HLA-A,ITGA2B,STAT1,GSDMD,JAK2,CD4,FCGR2A,HAVCR2,ITGAM,IFITM2,CIITA,HLA-DPB1,PDCD1,IRAK4,SIGLEC1,FCGR2A,VNN1,PGLYRP1,CCL4,PECAM1,HBG1,SAA1,SAMD9,BCL2,C3AR1,CD46,SERPINE1,TIMP2,IL23A,TNFRSF1A,IRAK4,RELB,CD11B,CAMP,IFITM1,CX3CL1,CXCL8,CD46,IRF4,ENG,CASP1,THBD,IL18RAP,CTLA4,C2,SMAD3,PD1,BCL6,C9,SERPINC1,CHUK,NCR1,MPO,IL18,CDH5,CD163,CD163,HAVCR2,MTOR,CD8A,PDCD1,CD59,HLA-DRA,CD36,SELE,C4B,VCAM1,TYK2,CD209,RORC,CYP26B1,IL2RB,TLR6,F7,CCR2,NFYA,MX2,CD3D,IL10RA,ELANE,LILRB1,TIMP2,AICDA,CD19,CASP4,JAK2,VCAM1,PDCD1LG2,C8B,CDH5,PTGS2,AIM2,NFKBIA,CD68,ANGPT2,TLR9,VEGFR1,IRF1
RELB,CCL4,HLA-B,ITGB3,STAT2,HMGB1,JAK3,CD8A,FCGR3A,LAG3,FCGR3A,IFITM3,NFKB1,FCGR1A,CD274,TAB1,CD3D,CASP3,PLAU,DEFA1,CCL5,VWF,HBG2,FERRITIN,SAMD9L,BCL2L1,C5AR1,CD55,VWF,ADAMTS13,IFNL1,TNFRSF1B,NFKB1,REL,CD11C,DEFA1,MX2,IL1R1,CXCL1,CR1,PRDM1,PTPRC,IL1RN,EDN1,IL6R,PD1,C4A,IL4,PDCD1,MYC,CFD,CD3D,IKBKB,IL2RA,CTSG,IL1A,PECAM1,CCR2,CCR2,CD27,HIF1A,CD19,CTLA4,MASP1,HLA-DRB1,CD68,SELP,C5,SELE,NFKB1,RETN,FOXP3,S100A8,IL2RG,ITPKC,F10,CCR3,STPG1,NFKB1,CD3E,IL10RB,MPO,LILRB2,ADAM17,PRDM1,CD20,CASP5,JAK3,SELE,IDO1,C8G,ENG,ALOX5,CARD9,MAPK1,CD163,FAS,MYD88,VEGFR2,IRF3
NFKB2,CCL5,HLA-C,CD14,CTSG,S100A8,TYK2,CD19,CSF1R,TIGIT,CD163,DDX58,NFKB2,FCGR2A,PDCD1LG2,TAB2,CD3E,ACE2,PLAUR,DEFA3,CCR5,THBD,HBD,FTL,CMPK2,MCL1,CFB,NLRP3,SELP,GP1BA,IFNL2,TNFAIP3,NFKB2,STAT3,CD18,S100A8,OAS2,IL1R2,CXCL2,TGFB1,CD38,CTLA4,HMGB1,EDNRA,IL6ST,PDCD1,C4B,IL5,LAG3,MYB,CFI,CD3E,CASP1,CSF2,AZU1,CXCL1,ICAM1,CX3CR1,CX3CR1,CD70,VEGFA,CD20,LAG3,MASP2,CD19,CD86,VWF,C5AR1,SELP,NFKB2,NOD1,IL17A,S100A9,IL4,TNF,F11,CCR5,NIPAL3,NFKB2,CD3G,IFNGR1,LTF,SIRPA,ADAMTS13,CD14,CD27,CASP8,TYK2,SELP,ARG1,C9,PROCR,LTA4H,MAPK1,MAPK3,CD86,FASLG,NFKB1,ICAM1,IRF7
IKBKB,CXCL1,B2M,CD163,AZU1,S100A9,STAT1,CD20,CSF2RA,CD8A,FCGR1A,IFIH1,RELA,FCGR2B,LAG3,MAP3K7,CD3G,IFNAR2,IL6,LTF,IL1R2,EDN1,AHSP,FTH1,DDX58,BAX,CFD,CASP1,SELE,ITGA2B,IFNL3,TNFAIP6,RELA,JAK2,VWF,S100A9,CCL3,IL6R,CCL7,TGFB2,CD27,PDCD1,PTGS2,EDNRB,TNFRSF1A,PDL1,C6,IL13,TIM3,HIF1A,ICAM1,CD3G,CASP4,GM-CSF,DEFA1,CSF3,VCAM1,CCL2,CCL2,TNFRSF9,IL17A,MS4A1,TIGIT,FCN1,CD20,ITGAM,THBD,C5AR2,VWF,RELA,NLRP1,IL22,S100A12,IL4R,TNFAIP8,F12,CCR7,ENPP4,RELA,CD4,IFNGR2,DEFA1,SIGLEC5,PF4,CD163,CD38,GSDMD,STAT1,PECAM1,NOS2,CFB,CD3E,PTGES,MAPK3,MAPK8,CD80,CASP3,NFKB2,VCAM1,IRF9
IKBKG,CXCL5,HMGB1,CD68,DEFA1,S100A12,STAT2,MS4A1,CSF3R,CD8B,ITGB2,MAVS,RELB,FCGR3A,TIGIT,IKBKG,CD4,TYK2,TNF,LCN2,IL18R1,ANGPT2,ALAS2,ALT,DHX58,BAK1,PECAM1,PYCARD,SELL,SELP,ISG15,TNFRSF13B,RELB,SOCS3,THBD,S100A12,CCL4,IL10RA,CCL8,SMAD3,IGHM,LAG3,NOS2,NOS2,TNFRSF1B,CD274,C7,IL2,TIGIT,VHL,VCAM1,CD4,CASP5,CXCL10,DEFA3,MPO,SELE,CCL3,CCL3,TNFSF9,IL17F,CD22,TBX21,FCN2,MS4A1,ITGAX,EDN1,C6,PECAM1,RELB,PELI1,IL23A,S100P,IL5,IL1R1,F13A1,CXCR1,SEMA3F,RELB,CD8A,IL17RA,DEFA3,SIGLEC9,PPBP,CD68,IGHG1,GSDME,STAT2,VWF,CXCL8,CFD,CD4,PLA2G4A,MAPK8,MAPK14,CSF1R,CASP8,RELA,SELE,JAK1
MTOR,IL8RB,MMP9,CD40,LTF,CALR,STAT3,CD38,MPO,CD4,LYN,TBK1,REL,FCGR3B,TBX21,CHUK,CD8A,STAT3,IL10,BPI,IL18RAP,TEK,GATA1,AST,TRIM5,BID,CDH5,AIM2,PECAM1,P2RY12,MX1,TNFRSF13C,REL,MAPK1,PROCR,CRP,CCL7,IL10RB,CX3CL1,BNP,IGHG1,HAVCR2,THBD,NOS3,CD14,ICOS,C8A,IL12A,CD19,EPOR,SELE,CD8A,GSDMD,CCL19,LCN2,ELANE,SELP,CCL4,CCL4,FAS,IL23A,CD79A,GATA3,MBL2,CD38,FCGR1B,NOS3,C7,CDH5,REL,ABO,IL12B,ALOX5,IL5RA,IL1RN,SERPINC1,CXCR2,CFTR,REL,CD8B,IL17RC,BPI,IL1A,VEGFA,CD80,IGHM,NLRP3,STAT3,THBS1,CXCL10,CFH,CD8A,CYBB,MAPK14,JUN,S100A8,BCL2,RELB,SELP,JAK2
AKT1,CSF3,MMP2,CD3D,LCN2,HSP90AA1,STAT4,CD27,ELANE,CD3E,SYK,STING1,IRF1,FCAR,GATA3,IKBKB,CD8B,OAS1,IL17A,CAMP,IL33,CDH5,KLF1,LDH,TRIM22,BIRC3,VWF,GSDMD,CDH5,PTGS2,OAS1,TRAF1,NFKBIA,MAPK3,F3,SAA1,CCL8,TNFRSF1A,NFKB1,NPPB,IGHG2,TIGIT,SERPINE1,VEGFA,TLR8,CD28,C8B,IL12B,CD20,CSF3R,SELP,CD8B,ASC,CCL20,LTF,DEFA1,MYD88,CCL5,CCL5,FASLG,IL12B,CD79B,RORC,ITGAM,CD138,C5AR1,ACE,C8A,VEGFA,IRF1,VEGFC,IL12RB1,ALOX5AP,IL7,IL1RAP,SERPIND1,CXCR4,ANKIB1,NFKBIA,CD14,IL15RB,CAMP,IL2,FGF2,CD86,AICDA,NLRC4,STAT4,MMP2,CCL2,CFI,CD8B,NCF1,JUN,FOS,S100A9,BAX,NFKBIA,CD62L,TYK2
PI3K,CSF3R,TIMP2,CD3E,CAMP,ITGA2B,STAT5A,TNFRSF8,CTSG,CD3D,CD33,VEGFA,IRF3,CD14,RORC,NFKBIA,CD28,OAS3,IFNG,CTSG,IL1RL1,FLT1,TAL1,TROPONIN,APOBEC3A,VEGFA,ICAM1,S100A8,NOS3,ALOX5,IFIT1,TRAF2,NFKBIB,MAPK8,F5,PCT,CCL20,TNFRSF1B,NFKB2,NPPA,IGHG3,ICOS,PLAT,VEGFB,NLRP3,CD25,C8G,IL23A,MS4A1,CSF1R,VWF,CD19,AIM2,CCL28,CAMP,LTF,NFKB1,CXCL8,CXCL8,BCL2,IL18,FOXP3,FOXP3,ITGAX,IGHG1,C3AR1,ACE2,C8B,EDN1,IRF2,IL2RA,IL23R,CD163,IL7R,IL1R2,SERPINE1,HLA-A,CYP51A1,NFKBIB,CD19,IL15RG,LCN2,IL4,ANGPT1,HLA-DRA,PRDM1,AIM2,STAT5A,TIMP1,CCL3,CD3D,CD69,NCF2,FOS,ATF3,S100A12,HSPA1A,NFKBIB,ITGB2,SOCS1
TRAF6,G-CSF,CD40,CD4,BPI,ITGB3,STAT5B,CD138,AZU1,CD3G,FCGR2B,VEGFB,IRF7,CD163,BCL6,REL,CTLA4,ISG15,IL2,AZU1,TSLP,KDR,NFE2,BNP,APOBEC3G,VEGFB,VCAM1,S100A9,EDN1,LTC4S,DDX58,TRAF3,CD14,MAPK14,F8,IL1RN,CXCL1,BLK,RELA,TNNI3,IGHG4,CD28,F3,VEGFC,AIM2,IL2RA,C9,CSF2,CD38,CSF2RA,PECAM1,MS4A1,NLRC4,CDCP1,NLRP3,S100A8,RELA,CXCL9,CXCL9,BCL2L1,IL1R1,GATA3,IL17A,CD14,IGHG4,TLR1,F3,C9,NOS3,IRF3,IL2RB,TGFB1,CD177,IL9,IL10,SERPINF2,HLA-B,KRIT1,NFKBIE,CD28,IL2RB,RETN,IL6,ANGPT2,HLA-DRB1,XBP1,PYCARD,STAT5B,HMGB1,CCL4,CD3E,CD38,MPO,ATF3,EGR1,HMGB1,HMGB1,BCL2,ITGAM,SOCS3
IRAK1,GM-CSF,IFNAR1,CD8A,OLFM4,GP1BA,STAT6,SDC1,DEFA1,CD247,FCGR3B,VEGFC,CEBPD,CD209,CXCR5,CD14,PDCD1,MX1,IL4,PRTN3,C3,ANGPT1,STAT5A,NPPB,MUC1,VEGFC,SELE,S100A12,ACE2,CYSLTR1,IFIH1,TRAF6,FCGR1A,JUN,PLAT,IL18,CXCL8,CD19,RELB,TNNT2,IGHA1,CD80,TFPI,FLT1,CASP1,KLRK1,FCGR2A,CSF3,CD138,CSF2RB,THBD,CD22,NOD1,EN-RAGE,CASP1,S100A9,JUN,CXCL10,CXCL10,MCL1,IL1RN,TBX21,IL17F,CD16,IGHA1,TLR6,SERPINE1,CFB,THBD,IRF4,IL2RG,TGFBR1,FCGR2A,IL10,IL17A,PLAT,HLA-C,RAD52,IKBKB,CD40,IL2RG,ARG1,IL8,TEK,MARCO,IRF4,VWF,STAT6,RAGE,CCL5,CD3G,HLA-DRA,EPX,NFATC1,EGR2,LCN2,S100A8,BCL2L1,CD11C,IRAK4
IRAK2,CSF2RA,IFNGR1,GZMB,CD177,GP1BB,SOCS1,ITGAX,DEFA3,GZMB,CASP5,KDR,CEBPB,CLEC4A,CD19,TLR2,CD274,IFIT1,IL15,MMP8,C4A,TIE1,STAT5B,D-DIMER,MUC5AC,FLT1,SELP,MMP9,AGT,PTGER2,MAVS,IFNG,FCGR2A,JUNB,PLAU,NLRP3,CXCL9,MS4A1,REL,CKM,IGHA2,CD86,CD3E,KDR,GSDMD,NCR1,TNFRSF11A,VEGFA,SDC1,IL3RA,EDN1,CD27,NOD2,LIF-R,IL18,PADI4,FOS,NFKB1,NFKB1,XIAP,TNFRSF1A,RORC,IL22,CD68,CD22,TLR7,PLAU,CFD,C3,IRF5,IRAK1,SMAD3,FCGR3A,IL10RA,IL2RA,PLAU,HLA-DRB1,MYH16,CHUK,CD68,TLR1,NOS2,IL10,KDR,MSR1,TNFRSF13B,PECAM1,SOCS1,TGM2,CCL20,CD4,HLA-DRB1,PRG2,NFATC2,CD40,HP,S100A9,MCL1,CD11D,MYD88
TOLLIP,IL3,IL1R2,GZMA,CEACAM8,GP9,SOCS2,CD11C,LTF,GNLY,CASP1,FLT1,ATF3,CLEC7A,MS4A1,TLR4,PDCD1LG2,CXCL9,VEGFA,MMP25,C4B,NOS3,JAK2,FGB,CEACAM1,KDR,THBD,MMP2,AGTR1,PTGER4,TBK1,IFNGR1,FCGR3A,FOS,SERPINE1,CASP1,CXCL11,CD22,IKBKA,MYH7,CD16,CD274,CD4,C1QA,IL1A,GZMB,ITPKC,FLT1,CD27,CXCR1,VEGFA,CD38,RIPK1,IL18R1,PYCARD,ITGAM,EGR1,RELA,RELA,BIRC3,TNFRSF1B,BCL6,IL10,CD163,BLNK,TLR9,C3,CFH,C4A,IRF7,IRAK4,MAPK1,ITPKC,IL10RB,IL4,PLAUR,HLA-DRB5,BAD,TLR1,CD80,TLR3,CYBB,IL12A,FLT1,F2,TNFRSF13C,CDH5,SOCS2,F3,CX3CL1,CD8A,CTLA4,CPA3,CALR,CD40LG,SAA1,TGFB1,CASP1,LFA1,TRIF
MYD88,IL3RA,IL1RN,PRF1,FPR1,VWF,SOCS3,CD68,LCN2,PRF1,NLRP3,FLT4,FBXW7,PRF1,CD22,TLR7,LAG3,CCL5,IL1A,TIMP1,C5,EDNRA,MPL,FGA,CEACAM5,NRP1,PROCR,CRP,REN,TBXA2R,TNFAIP3,IFNGR2,ITGAM,FOSB,SERPINC1,PYCARD,CCR2,CD79A,IKBKB,ACTC1,CD32,PDCD1LG2,CD8A,C1QB,IL18BP,PRF1,ORAI1,KDR,IGHG1,CXCR2,ANGPT2,CD40,RIPK2,HGF,AIM2,ITGB2,ATF3,STAT1,STAT1,PARP1,IFNGR1,PRDM1,TGFB1,CD206,TRAF3IP2,CLEC7A,C4A,CFI,C4B,IRF8,TBK1,MAPK3,ORAI1,IL12A,IFNG,PLG,HLA-DQA1,LAP3,TLR2,CD86,TLR4,NCF1,IL12B,NOS3,F3,S100A8,TEK,SOCS3,SERPINE1,CXCR1,CD8B,PDCD1,TPSAB1,ITGAM,CD80,CRP,PDGFA,CASP3,MAC1,TRAF6
TICAM1,IL5,IL6R,CD69,FPR2,F2,SOCS4,CD206,MMP8,FASLG,GSDMD,ANGPT1,JUN,GZMB,CD79A,TLR9,TIGIT,CD4,IL1R1,SERPINA1,C1QA,EDNRB,THPO,FGG,CXCR4,NRP2,ENG,SAA1,APOE,PTGIS,NFKBIA,IFNA1,ITGAX,HLA-DRB1,TFPI,AIM2,CCR5,CD79B,IKBKG,PLN,CD64,IDO1,CD19,C1QC,CXCL10,CD107A,HLA-DRB1,ANGPT1,IGHG2,CXCR4,CRP,CD69,FADD,IL17RA,HMGB1,FPR1,DUSP1,STAT3,STAT3,HMGB1,IFNGR2,XBP1,IL4,TLR2,NFKB1,CLEC5A,C4B,CD14,C5,IRF9,IKKi,MAPK8,NPPA,IL12B,STAT3,PROC,HLA-DQA2,HS3ST1,TLR3,CD163,TLR5,NCF2,IL17A,EDN1,F5,S100A9,FLT1,SOCS5,PLAU,CXCR2,CD28,CD274,CMA1,ITGAX,CD86,CD19,FGF2,CASP8,VLA4,NFKB1
TICAM2,IL5RA,IL6ST,CD28,PGLYRP1,F3,SOCS5,MRC1,MMP9,KLRB1,IL1A,ANGPT2,FOS,GNLY,CD79B,HMGB1,CD27,CD8A,CCL2,SLPI,C1QB,PROCR,CSF3,PLT,CXCR1,ICAM1,F2,HMGB1,LPL,NOS2,REL,IFNB1,CD68,HLA-DQB1,PROS1,GSDMD,CCR7,IGHG1,NFKBIA,PDGFA,FCGR1A,ARG1,MS4A1,C1R,CCL2,LAMP1,HLA-DQB1,ANGPT2,IGHG3,CCR1,SAA1,CD70,MLKL,IL6R,CALR,CD177,ZFP36,IRF1,IRF1,RAGE,IL6R,CD27,IL5,TLR4,NFKB2,NLRC4,C5,FCGR3A,C5AR1,FCGR1A,IRF3,MAPK14,NPPB,IL13,NFKB1,PROS1,HLA-DQB2,AOC1,TLR4,C1QA,TLR6,NCF4,IL17F,AGT,F10,S100A12,KDR,CD3D,PLAUR,CCR2,CD69,ICOS,MS4A2,ITGB2,CD28,MS4A1,EGF,CRP,PECAM1,RELA
IRF7,EPO,TNFRSF1A,CTLA4,DEFA3,F5,TLR1,ARG1,TIMP1,KLRD1,PYCARD,TEK,MMP9,FASLG,CD38,RAGE,CD69,CD3E,IL12A,CSF1,C1QC,F3,CSF3R,MPV,CXCR2,VCAM1,F3,PTGS2,LDLR,NOS3,RELA,IFNAR1,CD163,HLA-B,PROC,IL33,CXCR3,IGHG2,NFKBIB,PDGFB,FCGR3A,NOS2,CD27,C1S,CCL3,CD69,HLA-B,TEK,IGHG4,CCR3,SAA2,ICOS,ZBP1,IL6ST,HSP90AA1,CEACAM8,SOCS1,IRF7,IRF7,TLR9,IL6ST,CD138,IL13,MYD88,RELA,NLRP1,CFH,CD68,CFB,FCGR2A,IRF7,JUN,TNNT2,IL13RA1,NFKB2,CD3D,HLA-DPA1,WNT16,TLR5,C1QB,TLR7,PADI4,IL21,ACE,SERPINE1,HMGB1,NOS3,CD3E,FN1,CCR5,CTLA4,CD28,FCER1A,CD40,CTLA4,CD22,IL2RA,SAA1,JAM1,JUN
IRF9,EPOR,TNFRSF1B,PDCD1,DEFA4,F10,TLR2,NOS2,SERPINA1,KLRF1,CASP8,TIE1,MMP2,FAS,CD27,PRF1,CD44,CD3G,FOXP3,CSF2,CFH,PLAT,IL3,PDW,CD163,SELE,F5,SOCS1,HMGCR,ARG1,RELB,IFNAR2,MRC1,CD14,CD55,IL25,CXCR4,IGHG3,TNFAIP3,EGF,FCGR3B,HMOX1,PDCD1,C2,CCL4,CD38,WIPI1,PECAM1,IGHA1,CCR5,S100A8,CTLA4,DDX58,TNFA,HSPA8,MMP8,SOCS3,CRP,CRP,MAVS,IL10RA,TNFRSF13B,IFNG,TICAM1,RELB,NOD2,CFB,CD163,CFH,FCGR2B,NOS2,FOS,MYH7,IL21,REL,CD3E,HLA-DPB1,HECW1,TLR6,C1QC,TLR9,HIST1H3A,IL23A,AGTR1,PLAT,RAGE,SELE,CD3G,COL1A1,CX3CR1,ICOS,LAG3,ITGAM,CD40LG,ICOS,CD79A,GATA3,SAA2,JAM2,FOS
MAVS,THPO,IL2RB,CD19,ANGPT1,SERPINE1,TLR3,IDO1,SERPINB1,KLRG1,RIPK1,PECAM1,TIMP2,TNFSF10,IGHM,GZMB,PTPRC,TCF7,IL2RA,CSF3,CFB,PLAU,IL3RA,PCT,CD206,SELP,F7,SOCS3,ABCA1,IDO1,NFKB2,IRF1,C1QA,CD163,CD46,TSLP,CX3CL1,IGHG4,TRAF6,FGF2,CD56,PTGS2,CTLA4,C3,CCL5,CD44,WDFY3,CDH5,IGHA2,CCR7,S100A9,PDCD1,IFIH1,TNFR1,TLR2,NCF1,JAK2,SAA1,SAA1,STING1,IL10RB,TNFRSF13C,GZMB,NFKB1,CXCR1,RIPK2,CFD,MRC1,CFI,FCGR3A,COX2,ATF3,VEGFA,IL21R,RELA,CD3G,HLA-DOB,MAD1L1,TLR9,C3,TLR10,ELANE,TNF,FABP7,PLAUR,TLR9,VCAM1,CD4,COL3A1,CSF1,PDCD1,TIGIT,ITGAX,CD80,HLA-DRA,CD79B,TBX21,HP,JAM3,MAP3K7
TMPRSS2,MPL,IL4R,CD79A,TEK,PLAUR,TLR4,TGFB1,CYBB,NKG7,RIPK3,CDH5,CCR2,IRF1,IGHG1,FASLG,CD19,LEF1,CD40,CSF3R,CFD,SERPINE1,GM-CSF,ENPP1,ARG1,PECAM1,F10,TIGIT,PPARG,HMOX1,JUN,IRF3,C1QB,CD68,C3,IL4,VEGFB,IGHA1,C3,IGF1,NCAM1,ALOX5,LAG3,C3AR1,CCL20,CD62L,GBA,VWF,IGHM,CX3CR1,S100A12,LAG3,MAVS,TNFR2,TLR7,NCF2,STAT1,SAA2,SAA2,CGAS,CSF3R,IGHM,PRF1,RELA,CXCR2,CARD9,C1QA,ITGAM,F2,FCGR3B,PTGS2,EGR1,NOS3,IL27,RELB,CD4,CD40,LASP1,TLR10,C3AR1,NLRP3,PRTN3,IFNG,SCGB2A2,GP1BA,NLRP3,ICAM1,CD8A,VCAN,CSF2,LAG3,TBX21,ITGB2,CD86,HLA-DRB1,CD27,RORC,ORM1,CLDN5,TAB1
ACE2,FLT3,IL5,CD79B,TIE1,THBD,TLR5,VEGFA,NCF1,NCR1,AIM2,VWF,CCR5,IRF3,IGHA1,CD69,MS4A1,GATA3,CD40LG,IL3,CFI,C3,CSF2RA,CD19,NOS2,CDH5,F11,FCGR1A,ADIPOQ,MPO,ATF3,IRF7,C1QC,CCL2,C4A,IL5,FLT1,IGHM,C5,EDN1,CD57,LTA4H,HAVCR2,C4A,ICAM1,SELL,LRRK2,THBD,CD79A,TNFA,HP,TIGIT,TBK1,NFYA,TLR9,CYBB,STAT5A,FGA,FGA,IFIH1,CSF2RA,IGHG1,FASLG,IKBKG,CCR1,BCL10,C1QB,ITGAX,F5,FCAR,PTGES,NFATC1,EDN1,TGFB1,SYK,CD8A,CD80,SNX11,MYD88,C4A,NLRC4,CTSG,TGFB1,XLOC_006277,ITGA2B,CASP1,THBD,CD8B,POSTN,CSF3,TIGIT,GATA3,CR1,CTLA4,HLA-DQA1,CD38,CD40,ORM2,OCLN,TAB2
ADAM17,FLT3LG,IL10RB,CD38,CDH5,PROC,TLR6,FGF2,NCF2,FCGR2A,CASP3,ICAM1,CXCR1,IRF7,CD14,CD25,CD22,TBX21,TBX21,IL5,F2,C5,KITLG,CD20,IDO1,VWF,F12,FCGR2A,LEP,EPX,BATF,IRF9,C3,CCL3,C4B,IL13,KDR,SFRP4,C1QA,NOS3,B3GAT1,TBXAS1,TIGIT,C4B,VCAM1,ICAM1,C9orf72,SERPINE1,CD79B,TNFRSF1A,FGA,HAVCR2,IRF3,ZNF384,IRF3,RAC2,IRF7,FGB,FGB,DDX58,GM-CSF,IGHA1,CD8A,MAPK1,CCR2,MALT1,C1QC,CD33,F10,FCRL3,BCL2,NFATC2,EMCN,TGFB2,ZBP1,CD8B,CD86,TMEM176A,TICAM1,C4B,AIM2,AZU1,TGFB2,CD38,ITGB3,IL1A,PROCR,CD28,CTGF,CSF1R,TBX21,RORC,CR2,PDCD1,HLA-DQB1,CD40,CD80,FCGR1A,ZO1,TNFAIP3
ERAP2,KIT,IL12B,IGHM,PROCR,PROS1,TLR9,PDGFB,NCF4,FCGR2B,CASP4,VCAM1,CXCR2,IRF9,FCGR3A,CTLA4,CD79A,RORC,GATA3,IL13,F5,C3AR1,KIT,MS4A1,IL4,THBD,SERPINE1,FCGR3A,RETN,PRG2,IRF1,ISG15,C3AR1,CCL4,C5,GATA3,CDH5,TRIM58,C1QB,ACE2,KLRB1,PTGES,PRF1,C5,SELE,VCAM1,ATP6V1C1,PLAU,BLNK,TNFRSF1B,FGB,BTLA,IRF9,EGR1,IRF7,SYK,IRF9,FGG,FGG,TRIM25,G-CSF,FAS,CD8B,MAPK3,CCR5,SYK,CR1,SIGLEC1,SERPINE1,FCRL5,BCL2L1,REL,PECAM1,TGFBR1,NLRP3,CD28,FCGR1B,M6PR,TIRAP,C5,CASP1,OLFM4,CXCL8,FKBP4,FAS,IL33,F3,CTLA4,PDGFB,CSF2RA,GATA3,CD19,C1QA,HAVCR2,CD1A,BLK,CD86,FCGR2A,VE-CAD,TRIM58
APOE,KITLG,IL12RB1,IGHG1,NOS3,CD3D,TLR10,MMP2,PADI4,ITGAM,CASP9,SELE,CXCR4,MAVS,CD68,PDCD1,CD79B,IL17F,RORC,IL4,F7,C5AR1,FLT3,CD22,IL13,PROC,PLAT,FCGR3B,IL18,CPA3,IRF7,ISG20,C4A,CCL5,C5AR1,RORC,VWF,IGSF3,C1QC,AGT,KLRC1,HPGDS,GZMA,C5AR1,SELP,PECAM1,RALB,F3,BTK,IL6,FGG,CD244,JAK1,EGR2,MAVS,LYN,OAS1,MMP2,MMP2,RIG1,CCL2,FASLG,CD4,MAPK8,CCL2,LYN,CR2,FCGR1A,PLAT,FCGRT,BAX,RELB,CDH5,TGFBR2,AIM2,CTLA4,FCGR2A,CYP26B1,TRAF6,C5AR1,CASP4,CEACAM8,CXCL10,KDM1A,FASLG,IL37,PLAT,PDCD1,VEGFA,CSF3R,RORC,CD22,C1QB,LAG3,CD1C,IRF1,FCGR1A,FCGR2B,ENOS,IGSF3
PCSK3,CD34,IL12RB2,MS4A1,KDR,CD3E,MYD88,TIMP1,HIST1H3A,ITGAX,CASP10,SELP,ITGAM,STING1,CD163,LAG3,CD38,IL22,STAT1,GATA3,F10,CFH,FLT3LG,CD79A,IL17A,F3,PLAU,IL7,IL18BP,TPSAB1,IRF9,IFIT1,C4B,CXCL1,C3AR1,TBX21,SELE,CASD1,C4A,REN,KLRD1,CYP11A1,GZMB,C5AR2,ITGB2,SELE,PIK3CB,TFPI,SYK,IL6R,NKG7,CD160,JAK2,SP1,DDX58,BTK,OAS3,MMP9,MMP9,NLRC4,CCL3,GZMB,CD3E,MAPK14,CCL3,BTK,CD55,FCGR2A,PLAU,ICAM1,BID,NFKB2,VWF,SMAD2,PYCARD,PDCD1,FCGR2B,ICA1,NLRP3,CFH,PYCARD,MMP8,CCL2,RBM6,CASP1,GSDMD,SERPINE1,CD274,FGF2,VEGFA,BCL6,CD79A,C1QC,TIGIT,CLEC7A,IRF4,FCGR2A,FCGR3A,iNOS,HLA-DOB
CD147,CD38,IL13,VEGFA,FLT1,CD3G,TICAM1,COL1A1,HIST1H4A,SELL,NLRC4,SELL,ITGAX,CGAS,CD86,HAVCR2,CD40,IL21,STAT3,TBX21,F11,CFB,CEBPA,CD79B,IL22,F8,CRP,IL9,IL33,MS4A2,STAT1,IFIT2,C5,CXCL2,CFH,IL12A,SELP,ITPKC,C4B,AGTR1,NKG2D,CYP11B1,GZMK,C6,CD44,SELP,GNAI3,PROC,LYN,IL6ST,GNLY,CD200,TYK2,CEBPA,IFIH1,PLCy2,MX1,HLA-A,HLA-A,AIM2,CCL4,PRF1,CD3D,JUN,CCL4,PLCG2,CD46,CD80,TLR1,VCAM1,CYCS,CARD9,RUNX1,SMAD3,CASP1,CD274,FCGR3A,DBNDD1,NLRC4,CFB,IL18,CRISP3,CCL3,CAMKK1,CASP3,AIM2,VEGFA,PDCD1LG2,IGF1,VEGFR2,CD19,CD79B,C3AR1,HLA-DRA,CLEC4E,IRF5,FCGR3A,FCGR3B,COX2,PELI1
OAS1,CD45,IL15,KDR,MRC1,CD4,IRAK4,COL3A1,ITGB2,SELP,MLKL,EDN1,MS4A1,DDX58,CD80,TIGIT,CR2,IL23A,JAK1,RORC,F12,CFD,PU1,IGHM,FOXP3,SERPINE1,SAA1,IL11,IL1RL1,FCER1A,STAT2,IFIT3,C5AR1,CXCL8,CFB,IL12B,SELL,DPM1,CFB,ALOX5,KLRK1,CYP11B2,FASLG,C7,MMP2,VWF,ATP6V0E2,PROS1,CD22,IL10,PRF1,CD274,STAT2,CEBPB,ISG15,CARD9,ISG15,HLA-B,HLA-B,PYCARD,CCL5,NCR1,CD3G,FOS,CCL5,PRKCD,IFNG,CD86,TLR2,PECAM1,FASLG,CLEC7A,RUNX1T1,SMAD4,GSDMD,PDCD1LG2,FCGR3B,ALS2,AIM2,CFD,IL33,TCN1,CCL4,ITPKC,CASP8,PYCARD,NFKB1,ICOS,EGF,ANGPT1,MS4A1,CD27,C5AR1,HLA-DRB1,CD209,IRF8,MAPK1,PTGS2,PGE2,ITPKC
OAS2,PTPRC,IL17F,FLT1,C5AR2,CD8A,TRAF6,FN1,PECAM1,SELE,F3,EDNRA,CD19,IFIH1,CD40,CD274,NCAM1,IL12B,JAK2,FOXP3,F13A1,CD55,RUNX1,IGHG1,CTLA4,PLAT,SAA2,IL22,TSLP,IL4,STAT4,ITGAM,CFB,CXCL10,CFD,IL23A,PROCR,SCYL3,CFD,PTGS2,CD94,CYP17A1,CCR5,C8A,TIMP1,F8,TLR4,C3,CD40,IL10RA,GZMB,PDCD1LG2,STAT4,NFAT1,MX1,CLEC7A,IFIT1,HLA-C,HLA-C,GSDMD,CXCL1,KLRK1,TCF7,ATF2,CXCL1,NCF1,IFNGR1,CD40,TLR3,SELE,FAS,CLEC4E,NFIA,ICAM1,IL18,ICOS,FCER1A,CASP10,PYCARD,CFI,IL36A,DEFA4,CCL5,CALR,CASP10,NLRC4,NFKB2,ICOSLG,HGF,ANGPT2,CD22,IGHG1,CFD,HLA-DQA1,SIGLEC1,RUNX1,MAPK14,ALOX5,LTC4,ADM
OAS3,CD19,IL17RA,ANGPT2,CFB,CD8B,CD3D,THBS1,ICAM1,ICAM1,THBD,EDNRB,CD27,DHX58,HLA-DRA,PDCD1LG2,KLRK1,IL12A,SOCS3,IL2RA,F13B,CD46,MYB,IGHG2,LAG3,CD3D,ORM1,IL27,IL25,IL5,STAT5A,ITGAX,CFD,CCR1,CFP,IL27,PLAU,FGR,CFH,LTA4H,KLRD1,CYP21A2,CCR7,C8B,TIMP2,THBD,TLR2,C5,CD40LG,IL10RB,GZMA,CD80,STAT5A,NFATC1,OAS1,CLEC4E,IFIH1,HLA-DRA,HLA-DRA,CD19,CXCL10,KLRD1,LEF1,CREB1,CXCL10,NCF2,IFNGR2,HLA-DRA,TLR4,SELL,TNFRSF1B,NLRP3,NFIB,VCAM1,HMGB1,CD69,FCER1G,CFLAR,CASP1,NLRP3,IL36B,MS4A3,CCL20,GGT1,NLRP3,NOD2,RELA,CD40,MET,TEK,CD79A,IGHM,CFI,HLA-DQB1,FCGR1A,RUNX3,AKT1,LTB4R,LTB4,ALPL
IFITM3,CD20,IL18RAP,EDN1,CFD,RORC,CD3E,SERPINE1,VCAM1,VCAM1,VWF,NOS2,CD38,TRIM25,HLA-DRB1,IDO1,KLRD1,IL18,IRF1,CTLA4,SERPINC1,CD59,GFI1,IGHG3,TIM3,CD3E,ORM2,IL32,IL13,IL13,STAT5B,ITGB2,CFH,CCR2,CD59,IFNL1,SERPINE1,CRP,CFI,CRP,CD69,HSD3B2,CXCR4,C8G,ADAM17,SERPINE1,TLR9,CFH,CD80,TGFB1,KLRD1,CD86,STAT5B,NFATC2,IFIT1,NFATC1,DDX58,HLA-DRB1,HLA-DRB1,CD20,CXCL9,CD56,BCL6,SP1,CCL20,NCF4,JAK1,HLA-DRB1,TLR5,SELP,TRADD,CASP1,KLF2,SELE,RAGE,GZMB,FCRL1,TFPI,CASP4,NLRP1,IL36G,RNASE2,VEGFA,ALT1,PYCARD,RIPK1,IRF1,CD80,ERBB2,PDGFB,CD79B,IGHA1,MBL2,CIITA,FCGR2A,GATA3,PIK3CA,HMGB1,PAF,SLC22A4
DPP4,MS4A1,IL21R,NOS3,CFI,TBX21,CD3G,F3,SELE,PECAM1,SELP,NOS3,SDC1,ISG15,ICAM1,IL2,KLRB1,IL33,IRF4,PDCD1,SERPIND1,C1QA,GATA2,IGHG4,PD1,CD3G,FGA,IL33,IL21,IL33,STAT6,ICAM1,CFI,CCR5,MASP1,IFNL2,PTGS2,SAA1,CD59,SAA1,CD154,HSD11B1,CCR2,C9,PLAUR,PLAT,TLR1,CFB,CD86,TGFBR1,NCAM1,CD28,STAT6,GATA3,RSAD2,NFATC2,TBK1,S100A8,S100A8,CD22,CXCL11,CD57,CXCR5,EGR1,FPR1,CYBB,JAK2,TLR1,TLR6,ITGAM,TRAF2,IL1A,KLF4,SELP,C3,PRF1,FCRL2,NDUFAF7,C1QA,NLRC4,IL37,RNASE3,VEGFB,TSP1,GSDMD,RIPK3,IRF3,CD86,EGFR,PDGFRB,CD38,MPO,MASP1,CD3E,FCGR3A,TBX21,TRAF6,F2,C5A,CST3
DPP9,CD22,IL23R,PTGS2,CD55,GATA3,CD4,VWF,SELP,VWF,SELE,HMOX1,PRDM1,ISG20,VCAM1,IL2RA,C1QA,ST2,NFKB1,LAG3,PROC,C1QB,CD34,IGHA1,TIGIT,CD4,FGB,CXCL1,IL22,TSLP,JAK1,VCAM1,F2,CXCR1,MASP2,IFNL3,HMOX1,SAA2,CD55,HP,CD28,HSD11B2,ITGAM,CFH,PLAU,ADAMTS13,TLR3,C1QA,CD28,TGFBR2,KLRF1,TNFRSF4,SOCS1,TBX21,BST2,PPP3CA,MAVS,S100A9,S100A9,CD38,CCR5,CD94,IL21,STAT3,FPR2,CYBA,JAK3,TLR2,TLR9,ITGAX,TRAF6,PYCARD,C3,SELL,C5,FASLG,FCRL3,RBM5,C1QB,AIM2,IL38,CLC,VEGFC,TSP2,EDN1,MLKL,IRF7,CD19,MAPK1,FGF2,SDC1,ELANE,MASP2,CD4,C3,RORC,IRF1,F3,C5AR1,CTSL
ICAM1,CD79A,IL27,CXCL1,CD46,IL7R,CD8A,SELP,VWF,THBS1,ICAM1,MPO,XBP1,MX1,SELE,IL2RB,C1QB,IL1RL1,RELA,TIGIT,PROS1,C1QC,CD38,IGHA2,BTLA,CD8A,FGG,CXCL2,IL23A,IL25,JAK2,PECAM1,F3,CXCR2,MBL2,TLR3,SOD2,IL1A,C5AR1,ORM1,CTLA4,STAR,ITGAX,CFI,SERPINE1,CD46,TLR5,C1QB,ICOS,IFNG,GZMH,TNFRSF9,SOCS3,RORC,TRIM5,CALM1,TNFAIP3,HMGB1,HMGB1,BLIMP1,CCR7,NKG2A,TNFRSF4,STAT4,SOCS3,SOD2,STAT1,TLR3,MYD88,ITGB2,RIPK1,AIM2,C4A,ITGAM,CFH,CD19,IGHG1,MTMR7,C1QC,PYCARD,HMGB1,EPX,FLT1,CLU,NOS2,FADD,IRF8,MS4A1,MAPK3,FGFR1,IGHM,PRTN3,FCN1,CD8A,C3AR1,ISG15,IRF3,F5,C3AR1,SLC2A1
ICAM5,CD79B,IL33,CXCL2,CD59,CTLA4,CD8B,THBD,THBD,THBS2,VCAM1,EPO,IGHG1,MX2,SELP,IL2RG,C1QC,TSLP,HLA-DRA,HAVCR2,TFPI,C1R,CD45,TCR,CD25,CD8B,HP,CXCL11,IL12B,GATA1,JAK3,SELL,F5,CXCR3,FCN1,TLR8,ANGPT1,IL2,C3AR1,A2M,PD1,NR3C1,ITGB2,CFB,F3,CD55,TLR6,C1QC,ICOSL,IFNGR1,GZMK,CD14,USP18,FOXP3,APOBEC3G,CAMK2A,NFKBIA,FCGR1A,FCGR1A,XBP1,CXCR3,NKG2C,TNFRSF9,STAT5A,JAK2,NOS2,STAT3,TLR4,TIRAP,ITGAL,RIPK3,GSDMD,C4B,ITGAX,CFI,CD22,IGHG2,SLC7A2,C2,CASP1,RAGE,PRG2,KDR,BCL2L1,NOS3,CASP8,STAT1,CD22,AKT1,TGFB1,IGHG1,CTSG,FCN2,CD19,C5,ISG20,IRF7,SERPINE1,FPR1,HIF2A
VCAM1,PAX5,IFNGR2,CXCL9,F2,PDCD1,CD28,PROCR,F3,MMP2,F2R,EPOR,IGHA1,OAS1,PECAM1,IL4,C3,CD19,HLA-DRB1,IDO1,THBS1,C1S,CD71,BCR,CD127,CD27,HPR,CCL7,IL12A,SPI1,TYK2,SELP,F7,CSF1,FCN2,TLR9,TEK,IL4,F3,SERPINA1,PDCD1,NR3C2,SELL,CFD,THBD,C3,TLR10,CD55,CD83,IFNGR2,CD14,FCGR3A,BST2,CD4,SAMHD1,MAPK1,TRAF6,FCGR2A,FCGR2A,IRF4,CXCR4,NKG2D,CD19,STAT5B,STAT1,PTGS2,STAT5A,TLR5,TICAM1,CD44,MLKL,HMGB1,C5,ITGB2,CFB,CD79A,IGHG3,ARF5,C3,CASP4,S100A8,PRG3,ENG,BCL2,PTGS2,BCL2,STAT2,CD79A,PIK3CA,TGFBR1,IGHG2,LCN2,APCS,MS4A1,C5AR1,IFIT1,JUN,PLAU,FPR2,LGALS15
SELE,EBF1,IFNA1,CXCL10,F3,CD28,CTLA4,PLAT,SERPINE1,MMP9,SERPINE1,THBD,TCL1A,OAS2,CDH5,IL4R,C4A,MS4A1,HLA-DPA1,ARG2,THBS2,C2,CD235A,CD3E,GATA3,CD28,APCS,CCL8,IL15,CEBPA,SOCS3,SELE,F10,CSF1R,FCN3,MAVS,C1QA,IL5,F2,ALB,PDL1,POMC,SELP,CD55,PROC,C5,CD14,CD46,CD11C,IL17A,CD68,FCGR3B,RSAD2,CD8A,IFITM3,MAPK3,TAB1,FCGR3A,FCGR3A,AICDA,CD38,KIR2DL1,CD20,STAT6,STAT5A,ALOX5,STAT5B,TLR6,IRAK4,CCL2,ZBP1,S100A12,C1QA,CCL3,CFD,CD79B,IGHG4,SARM1,C4A,CASP5,S100A9,IL5RA,ICAM1,CASP3,ALOX5,MCL1,STAT3,CD79B,MTOR,TGFBR2,IGHG3,MMP8,SAA1,CD38,CFB,IFIT2,FOS,PLAUR,ALOX5,CD163
SELP,IKZF1,IFNA2,CCL2,F5,ICOS,ICOS,PLAU,PLAT,TIMP1,PECAM1,C1QA,CD3E,OAS3,VWF,IL5,C4B,CD20,HLA-DPB1,NOS2,CD55,C4A,CD36,CD3D,TBX21,CTLA4,CASP1,CCL11,IL7,RUNX1,PIAS1,MMP8,SERPINE1,CSF2,CRP,STING1,C3AR1,IL7,F5,APCS,CD274,MC2R,MPO,CD46,PROS1,C5AR1,CD68,CR1,ITGAX,IL17RA,CD163,ITGAM,EGR1,CD3E,ACE2,MAPK14,MAP3K7,C1orf112,C1orf112,IGHG1,CD69,KIR2DL3,CD22,GATA3,MAPK1,LTA4H,TLR2,TLR9,TRAF6,CCL3,GSDMD,MMP2,C1QB,CCL4,SERPING1,CD86,IGHA1,POLDIP2,C4B,CASP3,S100A11,CCR3,VCAM1,CASP8,LTA4H,BCL2L1,JUN,PAX5,PTEN,SMAD2,IGHG4,MMP9,ORM1,IGHG1,CFH,IFIT3,CEBPB,IL2,ALOX5AP,RTN1
MUC5B,CD3D,IFNB1,CCL3,F7,CD19,PDCD1,F8,PLAU,TIMP2,F2,C1QB,CD4,IFIT1,VEGFA,IL13,C5,CD38,HLA-DQA1,PTGS2,CD46,C4B,CD41,CD3G,RORC,PDCD1,CASP3,CCL17,CSF1,BCL2,PTPN22,MMP9,SERPINC1,CSF2RA,SAA1,DDX58,C4A,IL12A,F7,LBP,ICOS,MRAP,ELANE,CD59,ANXA1,C3AR1,CD163,S100A4,CD11B,IL17RC,FCGR3A,ITGAX,EGR2,CD3G,TMPRSS2,JUN,MAPK14,CASP10,CASP10,IGHG2,CD25,KIR3DL1,CD79A,RORC,MAPK3,CCL2,TLR4,TLR10,IFNA1,CCL4,GSDME,TIMP1,C1QC,CCL11,CD59,CD80,IGHA2,PLXND1,C5,CASP7,S100A13,SIGLEC8,SELE,CASP10,HMGB1,XIAP,FOS,EBF1,TP53,SMAD3,IGHA1,CD14,HP,IGHM,SERPING1,IFITM1,CCL4,IL2RA,PLA2G4A,ZNF185
FOXP4,CD3E,IFNAR2,CCL4,F10,MS4A1,CD274,F5,C3,VEGFA,F5,C1QC,CD8A,IFIT2,KDR,IL15,CFH,IGHM,HLA-DMA,ALOX5,CD59,C5AR2,CD42B,CD247,BCL6,CD274,CASP7,CCL22,CSF2,BCL2L1,SH2B3,MMP2,SERPIND1,CSF3,SAA2,IFIH1,C5AR2,IL12B,F8,PTX3,ICOSL,CRHR1,CTSG,SERPING1,ANXA2,CFB,FCGR1A,S100A11,CD123,IL22,TLR4,CD33,FOS,CD19,FURIN,FOS,MAPK8,CD38,CD38,IGHG3,CD127,EOMES,CD79B,FOXP3,MAPK14,CCL3,TLR7,NOD1,IFNA2,CCL5,IL17A,ELANE,CFH,CCL17,CD55,CD40,CD3D,AK2,C3AR1,CASP8,S100B,EMR1,SELP,CFLAR,JAK1,BIRC3,ATF3,CD14,MDM2,IL10,IGHA2,CD163,HPX,TCF7,ITGAM,IFITM3,CXCL9,IL4,PTGS1,LINC02035
FOXP3,CD3G,IFNL1,CCL5,SERPINC1,CD22,GATA3,SERPINC1,C4A,VEGFR1,F7,C1R,CD69,IFIT3,ANGPT1,IL21,CFB,IGHG1,HLA-DMB,LTA4H,C5AR1,C6,CD61,ZAP70,MAF,ICOS,CASP8,CXCR1,CSF3,MCL1,CD40,TIMP2,THBD,CSF3R,HP,DHX58,CFB,IL13,F9,HMGB1,CD80,CRHR2,AZU1,F2,FPR1,CFD,ITGAM,S100A13,IL3RA,IL22RA1,TLR2,CEACAM8,JUN,CD20,ADAM17,ATF3,AKT1,CDC27,CDC27,IGHG4,CD45RA,CSF1R,PAX5,BCL6,JUN,CCL4,TLR8,NOD2,IFNB1,CCL7,IL17F,MPO,CFB,CCL19,C5AR1,BLNK,CD3E,RBM6,C5AR1,CASP9,S100P,CD68,VWF,BIRC3,JAK2,CFLAR,ITGAM,FCGR3A,CDKN2A,IL10RA,ICAM1,ARG1,LBP,LEF1,ITGAX,OAS1,CXCL11,IL4R,PTGS2,CLIC3
CD4,CD4,CCL19,CX3CL1,SERPINE1,CD79A,TBX21,ANTXR1,C4B,VEGFR2,F10,C1S,GATA3,RSAD2,NLRP3,IL23A,CFD,CD27,HLA-DRB5,MAPK1,C3AR1,C7,ITGA2B,LCK,AHR,TBX21,CASP9,CXCR2,EPO,BAX,CD40LG,ADM,PROCR,VEGFA,ORM1,TRIM25,CFI,IL17A,F10,CALCA,CD86,AVP,DEFA1,F2R,FPR2,CFI,ITGAX,S100P,CD141,IL23A,MYD88,MPO,ATF3,MS4A1,MMP2,EGR1,PIK3CA,TNFRSF12A,TNFRSF12A,IGHA1,CD45RO,CSF2RA,IRF4,PRDM1,FOS,CCL5,TLR9,NLRP3,IFNAR1,CCL8,IL23,LCN2,CFD,CCL20,C3AR1,MPO,CD3G,CXCR4,C5AR2,CASP10,CALR,CD80,THBD,XIAP,JAK3,TRADD,ITGAX,CD68,CDKN1A,IL10RB,VCAM1,NOS2,BPI,GATA3,ITGB2,OAS2,CCR1,IL5,HPGDS,S100P
CD8A,CD8A,CCL20,FAS,CXCL10,CD79B,RORC,ANTXR2,C5,FLT1,F11,C2,TBX21,BST2,PYCARD,IL12B,CFI,CD138,CD14,MAPK3,MASP1,C8A,ITGB3,FYN,RUNX3,GATA3,BCL2,CXCR4,KITLG,CASP3,CD80,CASD1,PROS1,VEGFR2,ORM2,IRF5,CD46,IL17F,F11,CALCB,CD83,AVPR1A,CAMP,F3,ALOX15,MASP1,F2,ANXA1,THBD,IL23R,NLRP3,ELANE,NFATC1,CD79A,MMP3,REL,MTOR,CCL26,CCL26,IGHM,CD62E,CSF3R,XBP1,MAF,MYD88,CCL20,MYD88,NLRC4,IFNAR2,CCL11,IL23R,ARG1,F2,CCL21,ITGB2,ELANE,CD4,G0S2,CFB,BCL2,HSP70,CD86,PECAM1,MCL1,STAT1,TRAF2,ITGB2,CD163,BCL2,IL4,SELE,S100A8,CAMP,TBX21,ICAM1,MX1,CXCR4,IL7,PTGES,DDIAS
CD3E,CD8B,CCL21,FASLG,CCL3,CD40,BCL6,CFH,C5AR1,KDR,F12,C3,RORC,IFITM3,CASP1,IL12A,CD46,SDC1,CD16,MAPK8,MASP2,C8B,GP1BA,SYK,EOMES,RORC,BCL2L1,CCR1,FLT3LG,CASP8,CD86,ZBTB48,VWF,FGF2,LBP,IRF9,CD55,IL18,F12,HSP70,CD1D,AVPR1B,LTF,F5,PTGS2,MASP2,SERPINE1,ANXA2,XCR1,IL12A,ITGAM,PRTN3,NFATC2,CD79B,MMP13,RELB,HIF1A,CDKL3,CDKL3,CD27,CD62P,FLT3,BLIMP1,BATF,TIRAP,CXCL1,IRAK1,AIM2,IFNGR1,CCL17,RORC,NOS2,F3,CXCL12,CYBB,CTSG,CD8A,CD200,CFD,BCL2L1,HSP90,HLA-DRA,CDH5,NFKBIA,STAT3,MAP3K7,SELL,MRC1,BCL2L1,IL4R,SELP,S100A9,DEFA1,RORC,VCAM1,NFKB1,ITGAM,IL7R,PTGER1,KLHL2
CD19,CD25,CXCL2,BCL2,CCL4,FCGR1A,CD19,CFB,CD55,ANGPT1,SELL,C3AR1,IL2RA,CCR1,CASP4,IFNA1,CD55,TNFRSF13B,CD68,MAPK14,CD3D,C9,GP1BB,BTK,TCF7,FOXP3,BAX,CCR2,BMP2,CASP9,CD28,SLC22A4,ADAMTS13,FGFR1,PTX3,ICAM1,CD59,IL21,SERPINE1,HSP90,MR1,AVPR2,LCN2,F7,HMOX1,MBL2,F5,FPR1,CLEC9A,IL12B,TLR9,CTSG,HIF1A,IGHG1,TIMP2,IKBKG,NOS2,CDK11A,CDK11A,BAFF,SELE,KIT,CD38,IL2,TRAF6,CXCL10,IRAK4,PYCARD,IFNGR2,CCL20,FOXP3,IDO1,F5,CXCL13,NCF1,AZU1,CD8B,TFPI2,CFH,MCL1,HSPA5,HLA-DRB1,MMP1,IKBKG,STAT5A,MAPK14,SELP,CSF1R,BAX,IL13,PECAM1,S100A12,DEFA3,FOXP3,SELE,NFKB2,ITGAX,IL12A,PTGER2,PYROXD2
CD20,IL2RA,CXCL12,BAX,CCL5,FCGR2A,MS4A1,CFD,CD46,ANGPT2,PROCR,C4A,VEGFA,CCR2,CASP5,IFNA2,CD59,TNFRSF13C,CD80,AKT1,CD3E,CFI,GP9,PLCG1,LEF1,BCL6,BAD,CCR4,BMP4,APAF1,CTLA4,BLK,ICAM1,PDGFB,HMGB1,VCAM1,CD3E,IL22,SERPINC1,HSPA1A,MAIT,OXT,MMP25,F10,NOS2,FCN1,F7,FPR2,CD1C,IL12RB1,FCGR3B,AZU1,VHL,IGHM,COL1A1,CHUK,ARG1,MMP25,MMP25,APRIL,SELP,MPO,CD138,IL4,IRAK1,CCR1,TRAF6,CASP1,IRF1,CXCL1,TGFB1,CYBB,F10,CXCL16,RAC2,DEFA1,CD19,GAS1,CFI,BAX,DAMP1,CD40,MMP2,TNFAIP3,SOCS1,MAPK8,RUNX1,PECAM1,CASP3,IL13RA1,CDH5,CAMP,DEFA4,IL2RA,SELP,RELA,CD44,IL12B,PTGER3,SMOX
MS4A1,CD127,CXCL13,CASP3,IL1R1,FCGR2B,CD22,CFI,CD59,TEK,PROS1,C4B,VEGFB,CCR5,GSDMD,IFNB1,F2,CD56,CD86,PIK3CA,CD3G,NKG7,SELP,PLCG2,ID2,STAT1,BID,CCR7,TGFB1,XIAP,PDCD1,CD40,VCAM1,PDGFRB,RAGE,SELE,CD8B,IL23A,PLAT,DNAJB1,TCR-VA7.2,OXTR,ADAM17,F11,NCF1,FCN2,F10,ALOX5,CD303,IL12RB2,MRC1,DEFA1,EPAS1,CD27,COL3A1,IKBKB,IL18,IL32,IL32,TACI,VCAM1,ELANE,IGHG1,IL5,TAB1,CCR2,NFKB1,MYD88,IRF3,CXCL3,IL12A,NCF1,SERPINA1,CX3CL1,PRKCD,DEFA3,CD22,E2F7,F2,BAK1,PRG2,CD40LG,MMP3,CYLD,SOCS3,JUN,TRIM58,CDH5,CASP7,IL17A,VWF,LTF,DEFB1,CTNNB1,PECAM1,RELB,CD47,IL13,PTGER4,CACNA1E
CD38,IL7R,CCR1,HMGB1,IL1R2,FCGR3A,CD79A,CD46,CFH,TIE1,CCL2,C5,VEGFC,CCR7,AIM2,IFNL1,F3,NCAM1,CD83,PIK3CB,CD4,PRF1,PDGFA,NFATC1,BLIMP1,STAT3,NFKB1,ITGAM,TGFB2,BIRC3,CD274,PELI1,SELE,ANGPT1,TLR1,SELP,ICOS,IL27,PLAU,BAX,IL26,GH1,ICOS,F12,NCF2,FCN3,F11,LTA4H,CLEC4C,IL18,ITGAX,DEFA3,ARNT,CD40,FN1,TNFAIP3,IL1R1,CD9,CD9,BCMA,ICAM1,CTSG,IGHG2,IL13,TAB2,CCR5,RELA,IRAK4,IRF7,CXCL5,IL12B,NCF2,SERPINE1,CCR1,PIK3CD,LCN2,CD79A,IGF2,F3,BID,PRG3,ICOS,MMP8,TNIP1,MAPK1,FOS,IGSF3,VWF,CASP8,IL17RA,VEGFA,GP1BA,DEFB4A,WNT5A,VWF,REL,TLR3,IL15,LTA4H,RUNX1
IGHG1,CD28,CCR2,HSPA1A,IL6R,FCGR3B,CD79B,CD55,CFI,TGFB1,CCL3,C5AR1,HGF,CXCR4,NLRC4,ISG15,F5,CD57,CD4,MTOR,CD8A,GZMB,PDGFB,NFATC2,CD27,STAT4,NFKB2,ITGAX,SMAD3,TNFRSF10A,HAVCR2,ITPKC,SELP,ANGPT2,TLR5,PECAM1,CD274,IL32,PROC,BCL2,IL19,GHR,CD28,SERPINC1,CYBB,C4A,F12,LTB4R,CD56,IL18R1,CASP1,DEFA4,P2RX7,CD40LG,LAMA1,CYLD,IL1RAP,CD6,CD6,CD21,ADAM17,AZU1,IGHG3,IL17A,NFKBIA,CXCR1,IRF3,TRAF6,IRF9,CXCL6,IL12RB1,SOD2,PLAU,CCR2,PIK3CG,MMP8,CD79B,VEGFA,F5,RIPK1,EPX,ICOSL,MMP9,IL1RN,MAPK3,NFKBIA,CD53,VCAM1,CASP9,IL22,ANGPT1,GP1BB,LCN2,FZD1,THBS1,NFKBIA,PTGS2,IL17A,CYP2C9,CR1
IGHM,CTLA4,CCR3,JUN,TNFRSF1A,IGHG1,CD40,CD59,CFB,TGFBR1,CCL5,C5AR2,FGF2,CX3CR1,CCL2,ISG20,F10,B3GAT1,CD8A,GSK3B,CD8B,GZMA,PDGFRA,AP1,CD28,STAT6,RELA,CD44,SMAD7,TNFRSF10B,LAG3,CASP5,PECAM1,TEK,TLR6,VWF,CD40LG,IL33,PROS1,CASP3,IL20,IGF1,CD86,SERPIND1,CYBA,C4B,F13A1,PTGS2,NCAM1,IL18RAP,CLEC7A,LCN2,PANX1,ICOS,ITGB1,BIRC3,IL6R,IL20RA,IL20RA,CD23,MMP2,LTF,IGHG4,IL17F,IKBKB,CXCR2,IRF7,IRF3,ISG15,CXCL9,IL12RB2,CAT,PLAUR,CCR3,AKT1,MMP9,ICAM1,TNIP1,F7,RIPK3,EDN1,PDCD1,MMP13,IL1RAP,MAPK14,IKBKG,ORM1,ICAM1,XIAP,IL22RA1,ANGPT2,GP9,LTF,LRP5,ANXA1,IKBKB,NOS2,IL17F,CYP3A4,CASP5
CD27,PD1,CCR4,JUNB,TNFRSF1B,IGHG2,IGHM,C4A,CFD,TGFBR2,CXCR2,C6,PDGFA,ITGAL,CCL3,IFIT1,PROC,NKG2D,CD8B,NFATC1,CD28,GZMH,PDGFRB,JUN,ICOS,CD19,RELB,TNFSF10,CTGF,FAS,TIGIT,CD38,CDH5,NOS3,MYD88,THBD,CD25,TLR2,MPO,CASP8,IL24,IGF1R,CD80,SERPINE1,SOD2,C1Q,F13B,PTGES,CD16,IL33,CD33,LTF,NLRP1,CTLA4,ITGB2,TRAF6,IL6ST,CD74,CD74,FLT3,MMP3,LCN2,IGHA1,IL21,CHUK,VWF,NLRP3,IRF7,ISG20,CXCL10,IFNGR1,GPX1,THBD,CCR4,MAPK1,S100A8,VCAM1,EDIL3,F10,MLKL,CPA3,CD274,TIMP1,IL6R,FCGR1A,REL,ORM2,SELE,BIRC2,IL23A,TEK,ITGA2B,SLPI,AXIN1,ANXA2,FAS,ARG1,IL21,ABCB1,CD31
BTLA,PDCD1,CCR5,FOS,IL10RA,IGHG3,IGHG1,C4B,CRP,SMAD2,CCR2,C7,PDGFB,ITGAM,CCL4,IFIT2,PROS1,KLRK1,CD3E,NFATC2,CTLA4,GNLY,CSF1,FOS,CD40L,CD22,REL,TNFSF13,FN1,FASLG,IL2,CD14,VEGFA,EDN1,IRAK1,PROC,TBX21,TLR4,ELANE,FASLG,CSF2,IGFBP3,CD274,SERPINF2,CAT,C1R,TNFRSF12A,HPGDS,FCGR3A,IL1RL1,CD19,MMP8,NLRP6,LAG3,ITGA4,TAB2,TNFRSF1A,C8B,C8B,FLT3LG,TIMP1,CAMP,IGHA2,IL22,CD244,SELP,CASP1,MAVS,MX1,CXCL11,IFNGR2,HMOX1,CD3E,CCR5,MAPK3,S100A9,SELE,IGFBP7,F11,CRP,TPSAB1,CTLA4,TIMP2,IL6ST,FCGR2A,RELB,C3,SELP,BIRC3,IL12B,TIE1,ITGB3,ELANE,GSK3B,LGALS3,FASLG,IDO1,IL22,ABCC1,CD45
CTLA4,PDL1,CCR6,EGR1,IL10RB,IGHG4,IGHG2,C2,SAA1,SMAD3,CXCR1,C8A,EGF,ITGAX,CCL5,IFIT3,TFPI,GZMB,CD3D,CREB1,PDCD1,KLRD1,CSF1R,MAPK1,OX40,CD38,NFKBIA,TNFRSF9,COL1A1,BID,IL2RA,CD36,KDR,EDNRA,IRAK4,SERPINC1,GATA3,TLR7,PRTN3,FAS,CSF3,INS,IL2RA,PLAT,GPX1,C1S,CCL26,CRP,NKG2D,TSLP,MS4A1,MMP9,NLRP12,TIM3,CD44,MAP3K7,TNFRSF1B,NLRP2,NLRP2,CSF1,TIMP2,DEFA1,IGHM,IL23A,KLRG1,SELE,IL1RN,DDX58,MX2,CXCL12,TNFR1,NRF2,CD3D,CCR6,MAPK14,S100A12,SELL,CDCA2,F12,SAA1,TPSB2,LAG3,ITPKC,SOCS1,FCGR2B,NFKB2,C5,SELL,NFKBIA,IL12RB1,NOS3,F2,PRTN3,APC,LGALS9,BCL2,IL4R,IL23A,SLCO1B1,CD3E
PDCD1,CD274,CCR7,ATF3,IFNAR1,CD14,IGHG3,C6,SAA2,SMAD7,CCL4,C8B,TGFB1,ITGB2,CCL7,OAS1,PLAT,PRF1,CD3G,EGR1,CD274,FCGR3A,M-CSF,MAPK3,GITR,CD79A,NFKBIB,TNFRSF17,COL3A1,PARP1,IL2RB,CD163,ANGPT1,ACE,TRAF6,F3,RORC,TLR9,S100A8,TRAIL,GMCSF,INSR,TGFB1,PLAU,PRDX1,SERPING1,MMP25,SAA1,KLRK1,CRLF2,CD79A,S100A8,PYCARD,TIGIT,SPP1,RIPK1,CD86,CD44,CD44,CSF1R,HMGB1,DEFA3,IGKC,TGFB1,BTLA,ICAM1,SOCS1,IFIH1,OAS1,CCR1,TNFR2,KEAP1,CD4,CCR7,JUN,CCL2,SELP,GAS6,F13A1,SAA2,MS4A2,TIGIT,ORAI1,SOCS3,FCGR3A,EGR1,C1QA,NOS3,IKBKB,IL23R,EDN1,F3,CTSG,MYC,CHI3L1,BCL2L1,IL10RA,IL27,KCNJ11,CD4
HAVCR2,ICOS,CXCR1,HIF1A,IFNAR2,CD68,IGHG4,C7,HP,BMP2,CCL7,C8G,TGFB2,ITGA4,CXCL8,OAS2,PLG,CD107A,TCF7,EGR2,PDCD1LG2,NCR1,TGFB1,MAPK8,4-1BB,CD79B,NFKBIE,TNFRSF12A,MMP2,TP53,IL2RG,CD86,ANGPT2,ACE2,NFKB1,F5,GZMA,MYD88,S100A9,TNFRSF1A,GCSF,LEP,EBI3,PLAUR,NRF2,CD59,IL32,SAA2,GZMB,IL4,CD79B,S100A9,CARD8,BTLA,POSTN,TRADD,CD80,TIMP2,TIMP2,CSF2,RAGE,BPI,IGLC1,CSF2,CD160,VCAM1,SOCS3,CCL2,OAS2,CCR2,IL6R,GSR,CD8A,CXCR3,FOS,CCL3,ITGAM,TGFBR1,THBD,SAA4,FCER1G,HAVCR2,STIM1,CISH,FCGR3B,EGR2,C1QB,EDN1,CHUK,IL18,EDNRA,F5,AZU1,CCND1,PTX3,BAX,IFNAR1,TGFB1,KCNMA1,CD8A
LAG3,ICOSL,CXCR2,CEBPB,IRF1,CD163,CD14,C8A,ORM1,BMP4,CCL8,C9,BCL2,ITGB7,CXCL9,OAS3,SERPINE1,LAMP1,CCR7,MYC,ICOS,NCR2,TGFB2,MAPK14,CD137,IGHG1,IKBKB,GATA3,MMP3,MDM2,IL7,CD80,TEK,AGT,NFKB2,F8,FASLG,NFKBIA,S100A12,TNFRSF1B,MCP1,LEPR,BCL2,PLG,KEAP1,HMGB1,MAPK8IP2,HP,GZMA,IL4R,CD22,S100A12,CARD9,CD28,TGFBI,FADD,CD28,CDH1,CDH1,CSF2RA,TLR4,OLFM4,CD86,IFNA1,VSIR,PECAM1,CEBPB,CCL3,OAS3,CCR3,IL6ST,TXN,CD8B,CXCR4,EGR1,CCL4,ITGAX,TGFB2,PROCR,LBP,KIT,CD3E,NFATC1,PIAS1,FCER1A,MYC,C1QC,VEGFA,MAP3K7,IL18R1,EDNRB,F10,MMP2,CDK4,SAA1,CASP3,IFNAR2,TGFBR1,CACNA1C,CD19
TIGIT,CD69,CXCR4,IL1R1,IRF3,CD86,FCGR3A,C8B,ORM2,BMPR1A,CCL20,CFB,BCL2L1,MMP2,CXCL10,MX1,VWF,CD69,SELL,CCND1,CD40,NCR3,TGFB3,AKT1,CD69,IGHG2,CHUK,TBX21,TIMP2,CDKN1A,IL7R,NFKB1,EDN1,AGTR1,RELA,PLG,FAS,IKBKB,LCN2,RIPK1,CCL2,ADIPOQ,BCL6,VWF,GSR,RAGE,CD9,ORM1,GZMK,IL5,PAX5,ARG1,CLEC7A,CD25,ANGPT1,BID,CTLA4,C6,C6,CSF3,MYD88,CD63,CD80,IFNB1,TOX,CD44,CEBPD,CCL4,IFIT1,CCR4,SOCS1,PRDX1,CD19,CXCR5,EGR2,CCL5,ITGB2,BMPER,PROS1,HP,SIGLEC8,CD3G,NFATC2,PTPN22,FCER1G,HIF1A,CD14,KDR,TAB1,IL18RAP,F2,PROC,MMP3,TP53,CRP,CASP8,CD55,JAK1,SCN5A,CD20
CD28,CD44,CXCR5,IL1R2,HLA-DRA,CD80,CD68,C9,AGT,BMPR2,CCR1,CFD,BAX,MMP9,CXCL11,RSAD2,SELE,CD154,CD69,CDK4,CD19,KLRB1,TGFBR1,AKT2,CD38,IGHG3,JAK1,RORC,ADAMTS1,GADD45A,IL21,NFKB2,EDNRA,TGFB1,RELB,SERPINE1,MS4A1,CD16,CYBB,RIPK3,MIP1A,ADIPOR1,PRDM1,GP1BA,G6PD,AGER,CD6,ORM2,EOMES,IL5RA,CD38,CD177,CLEC4E,IL2RB,ANGPT2,BCL2,PDCD1,CDH10,CDH10,CSF3R,TIRAP,CD66b,CD274,IFNL1,TOX2,ANXA1,JUN,CCL5,IFIT2,CCR5,SOCS3,HSP90AA1,CD22,CXCR6,CEBPB,CCL7,C1QA,CDKN3,PROC,HPX,CCR3,CD4,CD69,CSF3R,PTPRC,VEGFA,CD19,FLT1,TAB2,IL33,F3,PROS1,MMP8,BCL2,LBP,ZBTB48,CD46,JAK2,KCNH2,CD56
ICOS,CD62E,CXCR6,IL6R,HLA-DRB1,HLA-DRA,CD163,MBL2,FGA,EGR1,CCR5,CFH,BID,TIMP2,CX3CL1,DDX58,SELP,HLA-A,GZMB,CDK6,CD22,KLRC1,TGFBR2,MTOR,HLA-DRB1,IGHG4,JAK2,BCL6,SERPINA1,NFKBIA,IL21R,RELA,EDNRB,TGFBR1,REL,PLAUR,CD79A,CD33,NCF1,MLKL,CCL3,ADIPOR2,XBP1,GP1BB,IDH1,TLR2,IL20RA,LBP,TBX21,IL13,SDC1,OLFM4,CLEC5A,IL2RG,TEK,BCL2L1,HAVCR2,C2orf83,C2orf83,VEGFA,TRAF6,CD11b,PDCD1LG2,IFNL2,TOX3,ANXA2,FOS,CCL7,IFIT3,CCR7,CXCR3,HSPA1A,CD79A,CX3CR1,CEBPD,CCR1,C1QB,CDKN2C,VWF,CP,IL3RA,CD8A,CD25,CSF2RA,ITGAM,FLT1,CD3D,ANGPT1,TRADD,IL1RL1,F5,SERPINC1,TIMP1,BAX,CD163,TNFRSF13C,CR1,JAK3,KCNQ1,FOXP3
CD80,CD49D,C2,IL10RA,ITGAM,HLA-DRB1,CD80,MASP1,FGB,EGR2,CXCR4,CFI,FASLG,ADAM17,CCR1,IFIH1,ICAM1,HLA-B,PRF1,TP53,CD79A,KLRC2,SMAD2,PI3K,HLA-DRB5,IGHA1,JAK3,BATF,ELANE,RELA,CSF2,RELB,MMP2,TGFBR2,NFKBIA,CD55,PAX5,CD36,NCF2,GSDMD,MIP1B,RETN,IRF4,GP5,ME1,TLR9,CD74,CD163,CD94,IL13RA1,CD27,CAMP,SYK,GZMB,KDR,MCL1,LAG3,C12orf4,C12orf4,VEGFR2,TAB1,CD18,IDO1,IFNL3,PRDM1,FPR1,MYC,CCL8,FAS,CXCR1,CCL2,HSPA5,CD79B,FAS,ATF3,CCR2,C1QC,CCNB2,ADAMTS13,FGA,IL5RA,CD8B,CTLA4,CSF1R,ITGAX,KDR,CD3E,ANGPT2,TRAF2,TSLP,F7,SERPIND1,TIMP2,CASP3,CD206,CASD1,SYK,TYK2,RYR2,IL17A
CD86,ITGA4,C5AR2,IL2RB,ITGAX,ITGAM,CD86,MASP2,FGG,FOS,HMGB1,CD55,FAS,ADAMTS13,CCR2,MAVS,VCAM1,HLA-C,KLRB1,MDM2,CD79B,KLRF1,SMAD3,PTEN,HLA-DQB1,IGHA2,TYK2,IRF4,MPO,RELB,CSF2RA,REL,MMP9,SMAD3,NFKBIB,CD46,IRF4,CD38,NCF4,NLRP3,CCL4,RBP4,TBX21,GP6,FASN,CLEC7A,NLRP2,HMOX1,KLRD1,IL13RA2,TNFRSF13B,PGLYRP1,LYN,PRF1,FLT1,XIAP,CD274,TNFRSF17,TNFRSF17,ANGPT1,TAB2,CD15,ARG2,CCL2,EOMES,FPR2,HIF1A,CCL11,CASP1,CXCR2,CCL4,CALR,TGFB1,FASLG,NFAT5,CCR5,C1R,CCNF,SELP,FGB,CSF2RB,CD28,PDCD1,CCR2,ARG1,ANGPT1,CD4,TEK,TRAF6,CRLF2,F10,TFPI,ADAM17,CASP9,ARG1,TRIM58,LYN,STAT3,ATP2A2,IL23A
HLA-A,CD11A,C6,IL18R1,CSF1R,ITGAX,ITGAM,FCN2,ALB,JUN,MPO,CD46,CASP3,SERPINA1,CCR5,STING1,PECAM1,HLA-E,CTLA4,CDKN1A,CD27,KLRG1,SMAD4,BCL2,HLA-DMB,IGHM,STAT2,IRF8,LTF,NFKB2,CSF3,MAPK1,TIMP2,BMP2,STAT1,C3,IGHG1,CD44,CAMP,IL1R1,RANTES,NAMPT,GATA3,GP9,ACACA,CLEC4E,FAS,SOD2,NKG2A,PTGS2,F3,ICAM1,BTK,FASL,PDGFB,PARP1,PDCD1LG2,TNFRSF9,TNFRSF9,ANGPT2,RIPK1,SIGLEC8,NOS2,CCL3,TBX21,TREM1,VEGFA,CCL17,CASP3,CXCR4,CXCL8,CANX,TGFB2,BCL2,MYD88,CCR7,C1S,CCND2,SELE,FGG,GATA1,LCK,LAG3,CCR5,IDO1,ANGPT2,CD8A,C1QA,RIPK1,IL2,F11,PLAT,TNNI3,XIAP,IDO1,IGSF3,ZAP70,STAT4,PLN,CCL2
HLA-B,ITGAL,C7,TNFRSF1A,CD3G,TLR2,ITGAX,FCN3,APCS,JUNB,MMP9,CD59,CASP8,SERPINE1,CCR7,CGAS,S100A8,HLA-DRB1,PDCD1,CDKN2A,CD38,KLRK1,BMP2,BCL2L1,CIITA,IGHD,STAT3,AKT1,DEFA1,MAP3K7,CSF3R,MAPK3,NLRP3,BMPR1A,STAT3,C4A,CD11C,CD45,LTF,IL6R,CCL5,AHSG,RORC,ITGA2,SCD,DECTIN1,CD44,CAT,KLRC1,ALOX5,F5,VCAM1,PLCG2,FAS,PDGFRA,HMGB1,CD3E,IL17RB,IL17RB,TEK,RIPK3,CPA3,HMOX1,CCL4,GATA3,SIGLEC5,FGF2,CCL19,CASP8,TLR1,CXCL9,ERP57,SMAD3,BCL2L1,IRAK4,CXCL8,C2,CCNB1,SELL,ORM1,GATA2,ZAP70,HAVCR2,CXCR1,HMOX1,TEK,CD8B,C1QB,RIPK3,IL2RA,F12,PLAU,TNNT2,MCL1,NOS2,PELI1,TIGIT,STAT5A,CASQ2,CCL3
HLA-C,LFA1,C8A,TNFRSF1B,CD8B,TLR4,HLA-DRA,SERPING1,PTX3,ATF3,ELANE,SERPING1,CASP9,SERPING1,CXCR1,IRF9,S100A9,CD86,LAG3,FAS,IGHG1,GZMK,BMP4,BAX,TAP1,FCGR1A,STAT4,MTOR,CAMP,MAPK1,VEGFA,MAPK8,PYCARD,WNT5A,STAT5A,C5,FCGR3B,CD55,TLR4,IL6ST,IL8,FGF21,AHR,ITGA2B,LDLR,CARD9,TNFRSF1B,GPX1,CD161,ALOX5AP,SERPINE1,SELE,NCF1,TRAIL,EGF,TLR4,CD4,CDK14,CDK14,PECAM1,MLKL,TPSAB1,PTGS2,CCL5,RORC,SIGLEC9,PDGFA,CCL20,CASP9,TLR2,CXCL11,XBP1,CTLA4,BAX,TRAF6,CXCL9,C3,GTF2F2,ITGA2B,ORM2,FOG1,ITK,TIGIT,CXCR2,SOD2,NOS3,GZMB,C1QC,MLKL,IL2RB,F13A1,SERPINE1,TNNC1,BCL2L1,NCF1,ITPKC,LAG3,STAT5B,TNNI3,CCL4
HLA-E,CD18,C8B,CASP4,CD22,TLR9,HLA-DRB1,IL2,LBP,CEBPB,LCN2,C4BPA,SOD1,PLAT,CXCR2,STAT2,S100A12,CD80,HAVCR2,FASLG,IGHG2,GZMM,BMPR1A,BAK1,TAP2,FCGR2A,STAT5A,MAPK1,LCN2,MAPK3,VEGFR2,MAPK14,CASP1,CTNNB1,STAT5B,CR1,CEACAM8,CD56,TLR2,IFNGR1,CXCL8,FGF23,MAF,ITGB3,HMGCR,SYK,BCLAF1,NQO1,KLRB1,LTA4H,PLAT,SELP,NCF2,TNFSF10,EGFR,TLR9,CD8A,CDK17,CDK17,VCAM1,GSDMD,HDC,IL23A,CCL7,FOXP3,CD33,PDGFB,CCL21,CASP10,TLR3,CD3E,ATF6,PDCD1,APAF1,IRF3,CXCL10,C4A,IL32,ITGB3,S100A8,PU1,PLCG1,CD19,CXCR3,NFKBIA,EDN1,PRF1,C2,ZBP1,IL2RG,F13B,NCR1,MYH7,FAS,NCF2,CD36,HAVCR2,STAT6,TNNT2,CCL5
HLA-G,ITGB2,C8G,NEK7,IGHG3,CCL2,PECAM1,IL12A,CD14,CEBPD,ALOX5,C4BPB,SOD2,PLAU,CXCR4,EIF2AK2,S100B,CD28,TIGIT,TRAIL,IGHG3,FASLG,BMPR2,CASP3,B2M,FCGR2B,STAT5B,MAPK3,HMGB1,MAPK8,ANGPT1,JUN,CASP3,NOTCH1,JAK1,CR2,ELANE,CD64,TLR7,IFNGR2,IP10,FGFR1,SPI1,SELP,SQLE,BTK,TIMP2,PRDX1,CD69,LTB4R,PLAU,PECAM1,NCF4,CD16,FGF2,TLR3,TCF7,CDH3,CDH3,ICAM1,PELI1,IL13,IL12A,CCL8,IL2,LILRB2,PDGFC,CCL22,BCL2,TLR4,CD4,ERN1,LAG3,CASP3,IRF7,CXCL11,C4B,PR3,GP1BA,S100A9,ETS1,NFATC1,CD20,CXCR4,IKBKB,EDNRA,FASLG,C3,STING1,IL7,SERPINE1,NCR2,MYBPC3,FASLG,CYBB,IL6R,F2R,HLA-DRA,MYH7,CXCL9
HLA-DPB1,CD54,C9,AIM2,IGHG4,CCL3,CDH5,IL12B,TLR2,NFATC1,MMP8,CD3D,CAT,PLG,CX3CR1,ADAR,S100A4,CTLA4,CD27,BCL6,IGHG4,FCGR3B,WNT3A,CASP8,NLRC4,FCGR3A,STAT6,MAPK8,RAGE,MAPK14,ANGPT2,FOS,CASP8,DLL4,JAK2,CFH,CTSG,CD68,TLR9,TNFR1,MIG,FGFR4,CEBPA,THBS1,CYP7A1,LYN,TNFRSF17,CYBB,CD25,LTB4R2,PLG,CDH5,CYBB,FCGR3A,FGFR1,TLR8,LEF1,CASP8,CASP8,SELE,HLA-DOB,IL4,IL12B,CCR1,IL4,PILRA,TGFA,CXCL1,BCL2L1,TLR5,CD8A,EIF2AK3,TIGIT,CASP8,TBK1,CXCR1,C5,PRTN3,GP1BB,S100A12,CEBPA,NFATC2,CD22,CCL3,TGFB1,PDGFB,CRP,C3AR1,CGAS,IL7R,PLAT,NCR3,NPPA,TNFRSF1A,MPO,IL6ST,PROCR,HLA-DRB1,MYBPC3,CXCL10
HLA-DQA1,CD102,CFD,NLRC4,IGHA2,CCL4,VWF,IL23A,MYD88,NFATC2,CTSG,CD3E,GPX1,GP1BA,CCR6,SAMHD1,S100A6,PD1,CD28,IRF4,TCF7,CD14,WNT5A,CASP9,NLRP3,FCGR3B,TLR1,F2,TLR9,JUN,TEK,JUNB,CASP10,CD4,JAK3,CFI,DEFA1,CD163,MYD88,TNFR2,CXCL11,KL,CEBPB,PDGFA,ABCA1,FYN,TNFRSF9,NCF1,IL2RB,CYBB,PROC,ANGPT1,CYBA,CD56,HGF,TICAM1,GATA3,CDON,CDON,SELP,CD274,IL5,IL27,CCR2,IL10,CLEC12A,TGFB1,CXCL2,BAX,TLR6,CD8B,DDIT3,TBX21,CASP9,NFKBIA,CXCR2,C6,MIP2,PECAM1,S100B,CEBPE,IL2,BLK,CCL4,TGFBR1,PDGFRB,SAA1,C4A,IRF3,IL15,PLAU,KLRK1,NPPB,TNFRSF1B,ELANE,IL1R1,THBS1,HLA-DQA1,ACTC1,CXCL11
HLA-DRB1,CD106,CFI,STAT2,TNFRSF13B,CCL5,ICAM1,IFNB1,TIRAP,RUNX1,PRTN3,CD3G,NOS2,GP1BB,TLR1,APOBEC3G,MMP1,PDCD1,ICOS,IRF7,LEF1,CD163,CTNNB1,APAF1,AIM2,NCR1,TLR2,F3,TLR7,FOS,PECAM1,FOSL1,GSDMD,CD8A,TYK2,CFB,CD68,CD206,IRAK1,TLR7,CXCL12,VDR,JUNB,CD3D,APOE,PI3K,MAPK9,NCF2,CD122,NCF1,PROS1,ANGPT2,SOD2,NCAM1,MET,TRAM1,TBX21,CDK13,CDK13,ITGAM,PDCD1,IL17A,EBI3,CCR5,IL17A,CD300A,EGF,CXCL8,BAK1,TLR9,CD28,GADD45A,CD14,C3,IKBKB,CXCR4,C7,OX40,VCAM1,S100A4,RUNX1,IL2RA,BTK,CCL5,TGFBR2,FGF2,SAA2,C4B,IRF7,IL15RA,PLAUR,KLRD1,CKM,TRADD,CTSG,IL1R2,CTSS,HLA-DQB1,TPM1,CX3CL1
MICA,CD162,CD3G,OAS2,TNFRSF13C,CXCL1,VCAM1,IFNA1,TRAF6,GATA3,LTF,CD4,NCF1,GP9,TLR2,BST2,MMP2,PDL1,CD38,IRF8,GATA3,CD68,GSK3B,CYCS,CASP1,NCR2,TLR3,F5,TLR3,ATF3,CDH5,CEBPA,GSDME,CD3E,SOCS1,CFD,CD86,MRC1,IRAK4,TLR9,SDF1,CYP27B1,FOS,CD3E,LPL,AKT1,IL17RB,NCF4,CD132,NCF2,F2,TEK,CAT,NKG2D,IGF1,IRAK1,RORC,CD84,CD84,ITGAX,CTLA4,IL17F,CD163,CXCR3,IL17F,HAVCR2,CSF1,CXCL9,BID,TLR10,ICOS,BBC3,CD33,C5,CHUK,CX3CL1,C8A,OX40L,ICAM1,S100A6,GFI1,IL2RB,SYK,CCL7,SMAD3,FGFR1,FGA,C5,DDX58,IL21,THBD,KLRC1,LDHA,RIPK1,AZU1,IL1RN,ADAM17,B2M,MYL2,VEGFA
MICB,SELPLG,CD8B,MX2,CASP1,CXCL2,SELE,IFNL1,IRAK1,TBX21,PTGS2,CD8A,NCF2,ITGA2B,TLR3,HERC5,MMP3,CD274,CD19,TLR4,TBX21,TLR4,APC,XIAP,CASP4,NCR3,TLR4,VWF,DDX58,EGR1,CLDN5,CEBPB,BCL2,CD3D,SOCS3,C1QA,HLA-DRA,FCGR1A,CD14,IRF3,CCR1,CYP24A1,CD55,CD3G,ANGPTL4,MTOR,MXD1,MPO,IL2RG,NCF4,FAS,TIE1,GPX1,KLRK1,IGF1R,TOLLIP,FOXP3,CDC42,CDC42,ITGB2,LAG3,IL22,CD206,CXCR4,IL21,LAG3,CSF2,CXCL10,MCL1,MYD88,CTLA4,BCL2,CD68,C1QA,TAB1,CX3CR1,C8B,ORAI1,ICAM2,MMP1,IRF8,IL2RG,LYN,CXCL1,SMAD7,TGFB1,FGB,C5AR1,IFIH1,IL21R,PROC,KLRC2,LDHB,MLKL,PRTN3,IL2RA,CD79A,TAP1,MYL3,VEGFC
TAP1,CD43,CD80,IFIT2,CASP3,CXCL9,SELP,TNF-R1,IRAK4,RORC,NOS2,CD8B,MPO,ITGB3,TLR4,USP18,MMP8,TIM3,CD20,TLR9,RORC,TLR2,AXIN1,SURVIVIN,IL18,KLRB1,TLR5,PLAT,IFIH1,MYC,OCLN,CEBPD,BCL2L1,CD3G,IRF1,C1QB,SAA2,FCGR3A,CRP,IRF7,CCR2,PTH,CD59,CD4,PDK1,MAPK1,CD84,EPX,JAK1,RAC1,FASLG,VEGFA,NRF2,CD107A,ERBB2,SIGIRR,IL2RA,SEL1L,SEL1L,CD44,TIM3,IL23A,CD209,CX3CR1,IL22,PDCD1,CSF3,CXCL11,BIRC3,TICAM1,PD1,BCL2L1,TLR2,C1QB,TAB2,NCR1,C8G,HLA-E,CDH5,MMP2,MITF,IL7,CD79A,CXCL9,MMP2,TGFBR1,FGG,CFB,MAVS,ICOS,PROS1,NCAM1,ALT,HMGB1,CAMP,IL2RB,EGFR,TAP2,LMNA,ANGPT2
TAP2,SPN,CD86,IFIT3,CASP8,CXCL10,SELL,TNFRSF1A,TAB1,FOXP3,SOD2,CD28,EPX,SELPLG,TLR5,SIGLEC1,MMP9,HAVCR2,CD22,MYD88,BCL6,FCGR1A,DVL1,MCL1,IL18BP,KLRC1,TLR6,TMPRSS2,MAVS,HIF1A,TJP1,CEBPE,MCL1,CD19,IRF3,C1QC,HP,FCGR3B,SAA1,CGAS,CCR5,PTH1R,C3AR1,CD8A,HIF1A,MAPK3,TNFRSF1A,PRG2,JAK2,RAC2,CASP3,VEGFB,KEAP1,LAMP1,SRC,MYC,CD19,CDH19,CDH19,SPP1,TIGIT,IL12A,MARCO,VPS9D1,TGFB1,CTLA4,CSF1R,CXCL12,RIPK1,NPPA,PDL1,MCL1,TLR4,C1QC,RIPK1,NCR2,C9,FAM167A,KDR,MMP3,STAT1,IL7R,CD79B,CXCL11,MMP3,SMAD3,APOE,CFD,TBK1,ICOSL,NLRP3,GZMB,AST,HSP90AA1,LCN2,IL4R,PDGFRA,MKI67,DES,FGF2
B2M,CD45RA,ICOS,TLR3,CASP9,CXCL11,THBD,TNFRSF1B,TAB2,BCL2,RUNX1,CTLA4,PTGS2,TMPRSS2,TLR6,CD163,MMP12,LAG3,CD79A,TICAM1,PRDM1,CSF1R,FZD1,CD95,GSDMD,KLRD1,TLR9,FTH1,ISG15,EPAS1,ITGAM,GATA2,BAX,CD20,IRF7,MBL2,ORM1,CSF1R,SAA2,STING1,CCR7,CASR,MASP1,CD8B,VEGFB,JUN,IFI35,ELANE,JAK3,NOX2,BCL2,VEGFC,HMOX1,CD69,FAK,HIF1A,CD20,FCGR2B,FCGR2B,THBS1,FOXP3,IL12B,MSR1,CACNA1E,CSF2,CD274,CSF2RA,CXCL13,RIPK3,NPPB,CD80,XIAP,TLR6,CD46,RIPK3,NCR3,C3AR1,TGFBR2,FLT1,MMP7,STAT3,IL10,WIPI1,IL2,MMP12,BMP2,CP,CFH,IKBKE,BTLA,NLRC4,PRF1,GGT1,HSP70,MMP2,IL10RA,NR3C1,PCNA,VCL,PDGFB
CIITA,CD45RO,PDCD1LG2,TLR9,GSDME,CCR1,PROCR,FAS,MAP3K7,BCL2L1,CEBPB,ICOS,ALOX5,FURIN,TLR9,CD206,MMP13,TIGIT,CD79B,TRAF6,MPO,ITGAM,LRP5,TNFRSF1A,HMGB1,KLRF1,TLR10,FTL,ISG20,LDHA,ITGAX,GATA3,BAK1,CD27,IRF9,MASP1,F3,CSF2RA,NLRP3,DDX58,CXCR1,TRPV5,MASP2,CD28,FLT1,FOS,BCL3,CTSG,STAT1,PADI2,BAX,FLT1,NQO1,CD62L,MAPK1,VEGFA,CD138,SELENOO,SELENOO,VWF,TGFB1,IL18,MERTK,SH3GLB1,CSF3,PDCD1LG2,CSF3R,CX3CL1,MLKL,TNNT2,CD86,BIRC3,TLR9,CD55,MLKL,KLRK1,C5AR1,SMAD3,TEK,MMP8,STAT5A,IL10RA,WDFY3,IL2RA,TIMP2,BMPR2,ITPKC,CFI,TMEM173,CD200,AIM2,TLR2,ALP,DNAJB1,MMP9,ITGAM,PPARG,TOP2A,TTN,TGFB1
NLRP1,CCR7,CD22,IRAK4,HSPA1A,CCR2,EDN1,FASLG,MAPK14,MCL1,CEBPD,PDCD1,LTB4R,BSG,MYD88,CD68,TIMP2,CD39,PAX5,TAB1,ELANE,ITGAX,LRP6,TNFRSF1B,RAGE,GZMB,MYD88,HP,MX1,SLC2A1,ITGB2,PLA2G2A,S100A8,CD40,IFNAR1,MASP2,F8,CSF3R,CASP1,IFIH1,CXCR2,TRPV6,SERPING1,CD40,KDR,NFATC1,MAPK6,AZU1,STAT2,PADI4,HMGB1,KDR,FTH1,SELL,MAPK3,FLT1,IGHG1,CD5L,CD5L,F8,IDO1,IL21,TIMD4,RAB32,VEGFA,IDO1,ADM,CCR1,NFKB1,TNNI3,HLA-DRB1,CFLAR,MYD88,CD59,DDX58,KLRC1,CFB,KCNN2,VEGFA,MMP9,STAT5B,IL10RB,GBA,IL2RB,CRP,WNT5A,MYD88,CD55,PTGS2,CD200R1,PYCARD,TLR4,HSPA1A,ATG5,TIMP1,ITGAX,CD38,MCM2,FLNC,MCP1
NLRP2,CD62L,SDC1,TRAF6,HSPA1B,CCR5,NOS3,TRAIL,MAPK8,BAX,NFATC1,CD274,HMGB1,NRP1,JUN,CD80,CRP,ENTPD1,IRF8,TAB2,PRTN3,MRC1,NOTCH1,TRADD,TLR2,GZMA,TICAM1,LBP,OAS1,PDK1,SELL,PTGS2,S100A9,CD40LG,IFNAR2,FCN1,PROC,MPO,IL1RN,MAVS,CXCR4,SLC34A1,CFI,CD69,ANGPT1,NFATC2,PTPN3,CAMP,STAT4,SERPINB1,HSPA1A,NOS3,FTL,CD44,AKT1,KDR,IGHM,CDHR2,CDHR2,SERPINE1,ARG2,IL2,VSIG4,ADM,FGF2,HMOX1,BNP,CCR2,NFKB2,MYH7,HLA-DQA1,TNFRSF10A,IRAK4,TLR1,IFIH1,KLRD1,CFD,C7,VEGFB,MMP12,JAK1,TGFB1,LRRK2,IL2RG,SAA1,CTNNB1,IRAK4,CD46,NOS2,TNFRSF4,CASP1,TLR9,HSPA1B,ATG7,TIMP2,ITGB2,CDC27,MCM3,BAG3,MIP1A
AIM2,CD27,NCR1,CCR1,HSPD1,CXCR1,VEGFA,TNFSF10,JUN,BAK1,NFATC2,PDCD1LG2,HSP90AA1,DPP4,FOS,CD86,SAA1,CD73,BCL6,MAP3K7,CTSG,CD209,NOTCH2,TRAF2,TLR4,GZMH,IRAK4,BPI,RSAD2,PFKFB3,CCR2,ALOX5,S100A12,ICOS,IFNGR1,FCN2,SERPINC1,ELANE,HMGB1,NFKBIA,CXCR5,SLC34A3,C6,CD80,ANGPT2,IKBKG,PTPN21,LCN2,STAT5A,SERPINA1,HSP90AA1,EDN1,TFRC,CD45,PI3K,ANGPT1,CD27,ICAM3,ICAM3,PLAU,NOS2,IL7,STAB1,GYG1,HMGB1,VEGFA,NPPA,CCR3,RELA,MYBPC3,CD19,TNFRSF10B,TREM1,TLR3,MAVS,KIR2DL1,CFH,LGALS3,VEGFC,MMP13,JAK2,TGFBR1,SH3GLB1,IL7,ORM1,NOTCH1,TRAF6,CD59,MPO,TNFSF4,CASP4,MYD88,HSP90AA1,BECN1,ADAMTS1,CD44,TNFRSF12A,IRF1,CRYAB,MIP1B
CARD8,CD28,NCR2,CCR2,MYL3,CXCR2,KDR,HMGB1,FOS,CASP3,JUN,TBX21,HSPA1A,SOCS1,ATF3,CD40,SAA2,NT5E,AICDA,IKBKG,LTF,CSF3R,DLL1,TRAF6,TLR7,GZMK,TRAF6,TGM2,IFIT1,G6PD,CCR5,HMGB1,CRP,CTLA4,IFNGR2,FCN3,PLG,CTSG,TREM1,RELA,CXCR6,FGF19,C7,CD86,TEK,IKBKB,PTPN18,LTF,STAT5B,SERPINA3,CASP8,EDNRA,SLC40A1,PTPRC,MTOR,ANGPT2,TNFRSF13B,CDH17,CDH17,PLAUR,COX2,IL9,LYVE1,PGS1,RAGE,FGF2,NPPB,CCR4,RELB,TTN,CD20,FAS,NLRP3,TLR4,ISG15,KIR2DL3,CFI,IL1R2,ANGPT1,TIMP2,JAK3,TGFBR2,RALB,IL7R,HP,DLL4,DPM1,F2,EPO,TNFRSF9,CASP5,IRAK4,HSPB1,MAP1LC3B,ADAMTS4,SELL,CCL26,IRF3,GJA1,RANTES
ASC,TCR,NCR3,CXCR1,CKM,CXCR4,FLT1,RAGE,ATF2,CASP8,FOS,GATA3,SERPINE1,SOCS2,EGR1,CD40LG,HP,ADORA2A,IGHM,CHUK,LCN2,MARCO,DLL4,RIPK1,TLR9,PRF1,NLRP3,ALOX5,IFITM3,TKT,CCR7,NFIL3,SAA1,PDCD1,IL12A,HMGB1,A2M,AZU1,FAS,JUN,VLA4,NR1H4,C8A,CD274,NRP1,CHUK,FCGR2B,BPI,STAT6,SERPING1,BCL2L1,EDNRB,HAMP,CD11A,NFATC1,TEK,BCL6,CDC14A,CDC14A,MMP2,PTGS2,IL27,FOLR2,HIST2H2AC,ALOX5,TGFB1,TNNI3,CCR5,REL,PLN,CD22,FASLG,PYCARD,TLR5,MX1,KIR3DL1,MMP1,CEACAM1,ANGPT2,TIMP3,TYK2,SMAD3,DRAM1,IL12A,FGB,JAG1,SCYL3,F3,LTF,TNFSF9,CCL2,TRAF6,SOD1,GABARAPL2,SERPINA1,MMP9,CDKL3,IRF7,GJA5,IP10
GSDMD,TCRB,KLRK1,IFNA1,OAS1,MMP1,ANGPT1,AGER,CREB1,CASP9,EGR1,RORC,PLAUR,SOCS3,EGR2,ICOS,ORM1,IDO1,IGHG1,IKBKB,MMP8,MSR1,JAG1,RIPK3,MYD88,GNLY,NLRC4,LTA4H,BST2,NAMPT,CXCR3,EGR1,SAA2,LAG3,IL12B,HSP90AA1,ALB,LCN2,FASLG,FOS,ITGA4,CYP7A1,VEGFA,CD276,PDGFB,REL,CD5L,DEFA1,SOCS1,C3,NFKB1,THBS1,BMP6,ITGAL,RELA,NOS3,PAX5,CXCL2,CXCL2,TIMP1,LTA4H,EBI3,CD1C,ZBTB48,PTGS2,EGF,TNNT2,CCR6,NFKBIA,GJA1,CD79A,CASP8,AIM2,TLR6,OAS1,ITGA2B,MMP2,TNFRSF11A,EDN1,TMPRSS2,SOCS1,SMAD7,GNAI3,IL12B,FGA,MAPK1,C1orf112,F5,ELANE,TNFRSF18,CCL3,NFKB1,SOD2,MTOR,SERPINA3,MPO,CCDC124,IRF9,DSG2,MIG
IL18,HLA-A,KLRD1,IFNA2,OAS2,MMP2,ANGPT2,TLR3,EGR1,APAF1,EGR2,BCL6,F3,CISH,CEBPB,ICOSL,ORM2,ARG1,IGHA1,NFKBIA,MMP9,CD36,JAG2,MLKL,IRAK4,NFKB1,AIM2,NCF1,APOBEC3G,SIRT1,CXCR4,EGR2,FTH1,FOXP3,IL23A,HSPA1A,CASP8,CAMP,BCL2,EGR1,ITGB1,CYP8B1,FLT1,CTLA4,PDGFRB,RELB,PTPN23,DEFA3,SOCS3,C3AR1,RELA,THBS2,SMAD4,CD18,JUN,EDN1,IRF4,CDH7,CDH7,ADAMTS13,ALOX5,TGFB1,CLEC9A,TNFRSF13C,ICAM1,CSF1,MYH6,CXCR1,NFKBIB,VEGFA,CD79B,CASP3,GSDMD,TLR9,IFIT1,ITGB3,MMP3,CCBP2,EDNRA,FURIN,SOCS3,IDO1,TSPO,IL12RB1,FGG,MAPK3,FGR,F7,CTSG,TNFSF18,CCL4,RELA,CAT,PIK3CA,PLAUR,ELANE,CD79B,GATA3,DSP,TRAIL
IL18BP,HLA-B,KLRC1,IFNB1,OAS3,MMP3,TEK,TLR7,EGR2,XIAP,CD8A,TCF7,THBD,PIAS1,CEBPD,CD28,APCS,NOS2,PYGL,NFKBIB,ARG1,TLR9,HES1,NLRP3,TRAF6,NFKB2,PYCARD,MPO,TRIM5,AMPK,CCL2,BCL2,FTL,IL2,IL27,HSPD1,BCL2,MMP8,BCL2L1,MYC,LFA1,SLC10A1,KDR,ICOS,TGFB1,NFKB2,IL4R,DEFA4,CISH,C5,NFKBIA,CRP,ID1,ITGB2,FOS,ACE,XBP1,CDC14B,CDC14B,GP1BA,HPGDS,TGFB2,XCR1,CASD1,VCAM1,CSF2,MYH7,CXCR2,JUN,VEGFB,BTK,CASP7,MPO,TLR10,RSAD2,GP1BA,MMP7,CCL15,EDNRB,CTSL,PIAS1,ARG2,QSOX1,IL12RB2,SERPINA1,AKT1,CFH,F10,DEFB1,CD70,CCL5,IRF3,GPX1,AKT1,F3,CTLA4,CDK11A,TBX21,PKP2,FASLG
IL33,HLA-C,KLRC2,C1R,OASL,MMP8,C1QA,TLR8,NFATC1,PELI1,CD4,LEF1,PTX3,PIAS3,SPI1,CTLA4,FGA,COX2,BCL2,KEAP1,S100A8,CRP,HEY1,ASC,NFKB1,RELA,IL1A,HSPA1A,SAMHD1,MTOR,CCL3,BCL2L1,HMGB1,IL2RA,EBI3,ANXA1,BAX,MMP12,BAX,TP53,ITGAL,ABCB11,NRP1,PDCD1,TGFBR1,BCL10,IL12RB2,S100A7,IL12A,C5AR1,REL,SAA1,ID3,LFA1,CEBPB,AGT,PRDM1,IL12RB2,IL12RB2,PF4,PTGES,TGFB3,BATF3,S100A8,SELE,CSF3,ACTC1,CXCR4,JUNB,VEGFC,SYK,PARP1,PTGS2,NOD1,CMPK2,GP1BB,MMP8,CXCL12,NOS2,BSG,PIAS3,HMOX1,ATP6V1C1,IL21,APCS,PIK3CA,FUCA2,F11,CAMP,CD27,CCL7,STAT1,PRDX1,PTEN,F5,ICOS,IL32,RORC,JUP,GZMB
IL1A,HLA-DR,KLRF1,C1S,IRF9,MMP9,C1QB,MYD88,NFATC2,TNFRSF13C,CD3E,TOX,CHI3L1,TNFAIP3,SPIB,PD1,FGB,PTGS2,MCL1,NFE2L2,S100A9,SAA1,MYC,IL18,RELA,RELB,IL17A,HSPA1B,TETHERIN,AKT1,CCL4,MCL1,CALR,GATA3,IL35,FPR1,RIPK1,ADAM17,BAK1,CDKN1A,ITGB2,ABCB4,PDGFB,LAG3,SMAD3,MALT1,CD59,RETN,IL12B,CFB,RELB,SAA2,RUNX1,VLA4,CEBPA,AGTR1,EBI3,C1QTNF3,C1QTNF3,PPBP,IL2,IFNL1,ID2,S100A9,SELP,IL10,DES,CXCR5,JUND,FLT1,LYN,RIPK1,ALOX15,NOD2,IFI44L,GP9,MMP9,IL2RG,NOS3,NRP1,SHIP1,PTGS2,ATP6V0E2,IL21R,CD40,MTOR,GCLC,F12,LCN2,FAS,CCL8,STAT3,TXN,FOXO1,F8,IL12A,CD9,ITGAM,CDH2,PRF1
HMGB1,HLA-DQ,FCGR3A,C2,ITGB2,MMP12,C1QC,TICAM1,RELA,ZBTB48,CD3D,EOMES,MIF,TNFAIP6,FAS,PDL1,FGG,HMGB1,CASP3,HMOX1,S100A12,SAA2,CCND1,IL1R1,JUN,REL,IL17F,HSP90AA1,ZAP,PIK3CA,CCL5,BAX,HIF1A,TBX21,TGFB1,FPR2,PYCARD,ALOX5,CASP3,CDKN2A,MAC1,ABCC2,CSF1,CD19,SERPINA1,RIPK1,CD82,PI3,IL23A,CFH,NFKB2,SAA4,RUNX3,ITGA4,EGR1,REN,IL23A,C5orf22,C5orf22,CXCL4,IL4,IFNL2,FLT3,S100A12,MUC1,IL4,CD34,CXCR6,FOS,KDR,BLNK,RIPK3,LTA4H,DDX58,SIGLEC1,SELPLG,MMP12,UBE2L3,CD3D,DPP4,SHP1,ALOX5,C9orf72,IL23A,ICOS,PTEN,NFYA,F13A1,S100A8,FASLG,CCL11,STAT5A,GCLC,FOXO3,PLAT,IL12B,CD6,ITGAX,NPPA,GNLY
S100A8,HLA-DP,ITGAM,C4A,SELL,MMP13,C2,IRAK1,RELB,CASD1,CD19,PRDM1,CXCL12,TNFAIP8,FASLG,PDL2,HMGB1,S100A12,CASP8,SOD2,CD14,HP,CDKN1A,IL1RN,FOS,NFKBIA,IL23A,HSPD1,RIG1,PTEN,CCL20,BAD,LDHA,RORC,TGFB2,ALOX5,GSDMD,PTGS2,CASP8,RB1,ITGAM,SLC47A1,CSF2,CD22,SERPING1,RIPK3,MMP2,SLPI,IL23R,CFI,JUN,HP,GATA1,ITGB1,SP1,CRP,IL27,CD59,CD59,CCR7,IL5,IFNL3,ITGAX,ALPL,ANXA1,IL13,KDR,CX3CR1,FOSB,NOS2,PLCG2,MLKL,HPGDS,IFIH1,TNFSF10,PF4,MMP13,CD36,CD3E,NFKB1,SHP2,LTA4H,PIK3CB,IL23R,CD274,TP53,STPG1,SERPINE1,S100A9,TRAIL,CCL17,JAK1,GSR,GSK3A,PLAU,IL17A,CCDC88C,ITGB2,NPPB,NKG2D
S100B,B2M,ITGAX,C4B,SELPLG,MMP25,C3,IRAK4,REL,TNIP1,MS4A1,GZMB,CXCL13,TNIP1,TNFRSF10A,B7H3,AGER,MRP8,FAS,CAT,CD68,SERPINA1,CDKN2A,IL1RAP,MAPK1,NFKBIB,IL12B,BTLA,STING1,TSC1,CXCL1,FAS,PKM,BCL6,TGFBR1,LTA4H,HSP90AA1,HPGDS,ITGAM,E2F1,VLA5,SLC22A1,CSF3,CD38,C3,MLKL,PTPN4,MUC1,IL12RB1,CD46,FOS,HPR,GATA3,PECAM1,GATA3,SAA1,IL35,CD82,CD82,CCR5,IL13,CXCL1,ITGAM,FCGR1A,FN1,TGFBR1,FLT1,CD19,FOSL1,NOS3,CARD9,ACOD1,PTGES,MAVS,APOBEC3A,PPBP,TIMP2,BCL10,CD3G,NFKB2,LYN,LTB4R,BCL2,IL27,PDCD1LG2,MDM2,NIPAL3,PLAT,PGLYRP1,TRAILR1,CCL19,JAK2,NQO1,CTNNB1,SERPINE1,IL17F,NUDCD3,CD44,CORIN,CD107A
RAGE,TAP1,VEGFB,CFI,ADAM17,TIMP2,C4A,TRAF6,CHUK,A20,CD22,GZMA,CXCL16,TNIP2,TNFRSF10B,B7H4,TGM2,MRP14,FASLG,GPX1,CD163,SERPINA3,TP53,IRAK1,MAPK3,IRF1,IL12A,CD47,NLRP3,TSC2,CXCL2,FASLG,IDO1,CXCR5,TGFBR2,LTB4R,HSPA1A,PTGES,ITGAX,CCND1,ITGA5,SLC22A2,CSF1R,CD79A,C5,GSDMD,MAPKAPK5,MUC5AC,IL12RB2,CD55,ATF3,ORM1,TBX21,CD31,TBX21,HP,TGFB1,FCN1,FCN1,CX3CR1,GATA3,CXCL2,CSF1R,HP,VWF,TGFBR2,TEK,MS4A1,FOSL2,EDN1,DECTIN1,ITGB2,HMGB1,RORC,BST2,THBS1,TIMP3,CD9,CD4,RELA,SYK,CYSLTR1,BCL2L1,EBI3,HAVCR2,CDKN1A,ENPP4,PLAU,ANXA1,BCL2,CCL20,JAK3,HMOX1,NOTCH1,THBD,IL21,IL20RA,CD47,NPR1,CD25
TLR1,TAP2,VEGFC,CD59,MMP9,TIMP3,C4B,TAB1,IKBKB,SOCS1,CD79A,GZMH,CCL11,CYLD,BCL2,VISTA,ADM,CRP,TRAIL,PRDX1,MARCO,FGA,MDM2,IRAK4,MAPK8,IRF3,MMP1,SIRPA,AIM2,ULK1,CXCL9,CFLAR,IDO2,IL21,SMAD3,PTGS2,TLR2,HMGB1,ITGB2,CDK4,VLA6,SLCO1B1,TREM1,CD79B,C3AR1,GSDME,OAS1,CEACAM1,IL17F,CD59,CEBPB,ORM2,RORC,THBD,RORC,ORM1,IL10RA,C3orf18,C3orf18,CX3CL1,TBX21,CXCL8,CSF2RA,SLC22A4,F3,SMAD2,PECAM1,CD22,ATF2,EDNRA,DECTIN2,SELP,CGAS,FOXP3,IFITM1,NFKB1,TIMP4,FCGRT,CD8A,RELB,BTK,PLA2G4A,MCL1,WSX1,CEACAM1,CDKN2A,SEMA3F,SERPINC1,ANXA3,BCL2L1,CCL21,SOCS1,FTH1P3,DLL4,PROC,IL22,CD74,HSPA1A,NPR2,CD127
TLR3,NLRP3,KDR,CR2,MMP2,TIMP4,C5,TAB2,IKBKG,SOCS3,CD79B,GZMK,CCL17,BCL2,BCL2L1,BTNL2,EDN1,SAA1,TNFRSF1A,CYBB,MSR1,FGB,BCL2,TAB1,MAPK14,IRF4,MMP2,IL1RN,PYCARD,ATG5,CXCL11,VWF,ARG1,IL21R,SMAD5,PTGES,TLR7,AGER,CD44,CDK6,ITGA6,SLCO1B3,TREM2,IGHM,C5AR1,PARP1,CD209,CEACAM8,IL17RA,MASP1,MMP2,AGT,FOXP3,EPCAM,BCL6,C3,IL10RB,C20orf194,C20orf194,S100P,RORC,CXCL9,CX3CR1,MMP9,SERPINE1,SMAD3,CDH5,CD79A,ATF3,ANGPT1,MR,SELE,STING1,TBX21,IFITM3,NFKB2,CRP,FCER1A,CD8B,REL,ITK,HPGDS,BAX,TGFB1,KLRB1,RB1,CFTR,PROC,FPR2,MCL1,CCL22,SOCS3,CP,JAG1,PROS1,IL23A,NCDN,HSPA1B,NPR3,CTLA4
TLR4,PYCARD,FLT1,F2,PTGS2,VEGFA,C5AR1,MAP3K7,NFKBIA,DUSP1,MAPK1,PRF1,CCL19,BCL2L1,MCL1,CEACAM1,NOS2,SAA2,TNFRSF1B,NCF1,TLR2,FGG,BCL2L1,TAB2,AKT1,IRF5,MMP3,IL18BP,IL1A,ATG7,S100A8,THBD,ARG2,TNFSF13B,FOXP3,PTGER2,TLR9,S100A12,SELL,GAPDH,PECAM1,ABCG2,SIGLEC1,IGHG1,CD55,HMOX1,NLRC4,CD66B,IL17RC,MASP2,MMP9,SERPINA1,CD3E,VWF,PRDM1,C5,CSF2,CDIP1,CDIP1,LTF,BCL6,CCL3,VEGFA,MPO,PLAUR,SMAD7,ENG,CD79B,CD14,ANGPT2,DC-SIGN,THBS1,MAVS,GATA3,GBP1,RELA,SAA1,IL6R,CD14,NFKBIA,ZAP70,PTGDR,BAK1,TGFBR1,KLRC1,E2F1,ANKIB1,PROS1,ALOX5,BAX,CXCL1,NLRP3,TF,HES1,VTN,IFNA1,CCDC28A,HSPB1,ADM,PD1
TLR5,CASP1,FLT4,F7,ALOX5,VEGFB,C5AR2,NFKBIA,NFKBIB,DUSP5,MAPK3,FASLG,CCL21,MCL1,BAX,PVRL2,NOS3,HP,NFATC1,NCF2,TLR4,SAA4,MCL1,IKBKA,PIK3CA,IRF7,MMP7,TGFB1,IL37,BECN1,S100A9,PROC,NOS2,TNFRSF13C,IDO1,PTGER4,TICAM1,S100B,CD62E,ACTB,CD31,MDR1,SIGLEC5,IGHG2,CD46,NOS2,IL5RA,CD15,IL22,MBL2,ALOX5,SERPINA3,CD4,ANGPT1,XBP1,CFB,CSF3,CD209,CD209,MIF,STAT1,CCL4,VEGFB,ELANE,CD163,,CD44,PAX5,ITGAM,TEK,TLR1,VWF,DDX58,IRF1,GBP5,RELB,SAA2,PPARG,FCGR3A,NFKBIB,LAT,TBXA2R,BID,TGFBR2,NCR1,CCND1,CYP51A1,GP1BA,LTB4R,BAK1,CXCL2,CASP1,TFRC,HEY1,FGA,IFNB1,RTEL1-TNFRSF6B,HSP90AA1,ADM2,TIM3
TLR6,GSDMD,CDH5,F11,LTA4H,VEGFC,CFB,IKBKB,BCL2,MAPK1,MAPK14,FAS,CCL22,BAX,BAK1,CD155,ARG1,HPX,NFATC2,RAC1,TLR9,ORM1,BAX,IKBKB,MTOR,IRF8,MMP12,TGFBR1,IL36G,MAP1LC3B,S100A4,PROS1,NOS3,CD38,ARG1,IL37,TRAF6,ANXA1,CD62P,B2M,ESAM,MRP1,CEACAM1,NCAM1,CFH,ARG1,NLRP1,CD11B,IL26,FCN1,PTGS2,FGA,CD8A,ANGPT2,IRF4,CFH,GM-CSF,IL5RA,IL5RA,CD74,STAT4,CCL5,VEGFC,LCN2,CD68,,CD47,EBF1,ITGAX,CRP,TLR2,F3,IFIH1,IRF4,INDO,REL,HPR,TNFRSF13B,FCGR3B,CHUK,SLP76,FPR1,FASLG,SMAD3,PRF1,CDK4,KRIT1,GP1BB,CYBB,CASP3,CXCL8,IFNA1,SLC40A1,TGFB1,FGB,CD69,CDH1,SOD2,CALCRL,LAG3
TLR9,HMGB1,F3,F12,PLAT,KDR,CFD,RELA,BCL2L1,MAPK3,MAPK8,CD14,CCL24,BAK1,APAF1,CD112,ARG2,LBP,SYK,RAC2,FCGR1A,ORM2,BAK1,IKBKG,STAT3,IRF9,MMP13,SMAD3,IL36RN,SQSTM1,S100B,F2,HSPA1A,SDC1,NOS2,SIGIRR,NFKB2,FPR1,THBD,HPRT1,JAM1,MRP2,CEACAM8,KLRB1,CFI,IDO1,CD200,CD18,CCL20,FCN2,LTA4H,FGB,CD28,TEK,BATF,C1QA,EPO,SEL1L3,SEL1L3,CD44,STAT5A,CCL7,FGF2,CAMP,CD86,,CD58,CD38,ITGB2,SAA1,TLR3,PLAT,DHX58,IRF8,SOCS1,MAPK1,ORM1,MAPK1,CD19,IKBKB,VAV1,FPR2,FAS,SMAD7,GZMB,MKI67,RAD52,GP9,NCF1,CASP8,CXCL9,IFNB1,HAMP,TGFBR1,FGG,CD274,CDH10,GPX1,RAMP1,CD86
CD163,HSP70,SERPINE1,F13A1,PLAU,FLT1,CFH,RELB,MCL1,MAPK8,AKT1,FCGR3A,CCL25,BID,MMP1,CD113,IDO1,CD64,BTK,SYK,FCGR2A,HPR,CASP3,NFKBIA,STAT5A,JAK1,MMP14,CSF1,GSDMD,KEAP1,ANXA1,F3,HSPA1B,PRDM1,COX2,IL36RN,MAPK1,FPR2,PROCR,PPIA,JAM2,BCRP,TNFAIP3,KLRC1,MASP2,IL4,IL11,SELL,RORC,FCN3,HMOX1,FGG,CTLA4,TIE2,ID2,CD55,THPO,CDV3,CDV3,HMOX1,STAT6,CCL17,PDGFA,LTF,HLA-A,,CD62L,SDC1,HMGB1,SAA2,TLR5,SERPINE1,TRIM25,CKM,SOCS3,MAPK3,ORM2,CD31,MS4A1,SOCS1,PLCg1,C3,TNFSF10,RUNX1,GNLY,PCNA,MYH16,ITGA2B,NCF2,CASP9,CXCL10,IL1R1,EPO,SMAD2,ALB,TIGIT,TNFRSF17,CAT,RAMP2,CD80
CD206,HSP90,PLAT,F13B,MSR1,PECAM1,CFI,JUN,BAX,MAPK14,PIK3CA,CD68,IL1A,TGM2,MMP2,DNAM1,IDO2,FCGR1A,PI3K,BTK,FCGR3A,APCS,CASP7,REL,JAK1,JAK2,TIMP2,CSF2,NEK7,NFE2L2,HMOX1,F5,HSP90AA1,XBP1,PTGS2,TNFAIP3,MAPK8,SELP,F2R,YWHAZ,JAM3,LRP1,SOCS1,KLRD1,FCN1,IL5,IL12RB1,SELP,AHR,COLEC11,NOS2,ALB,PDCD1,PDGFB,TCF7,CD59,ANGPT1,NLRP1,NLRP1,SOD2,JAK1,CCL22,PDGFB,ARG1,HLA-B,,CD62E,IGHG1,NLRP3,ORM1,TLR6,PLAUR,HLA-DRA,ACTC1,PTGS2,MAPK14,FGA,IL17,NCAM1,SOCS2,PLCg2,C3AR1,TNFRSF10A,RUNX3,AGER,TOP2A,BAD,ITGB3,NCF4,PARP1,CXCL11,IL1RN,EPOR,SMAD3,HP,NOD1,TNFRSF9,NQO1,RAMP3,CD40
MRC1,ANXA1,PLAUR,SERPINC1,MARCO,CDH5,F2,JUNB,BAK1,MAP2K1,PIK3CB,CD163,IL1RN,ANXA1,MMP3,CD96,VEGFA,CD32,AKT1,PLCG2,FCGR3B,ITIH4,CASP8,RELB,JAK2,JAK3,TIMP3,CSF3,TXNIP,,MPO,SERPINE1,CXCL8,IRF4,ALOX5,NFKBIA,JUN,SELE,SERPINE2,UBC,F11R,LDLR,SOCS3,KLRF1,FCN3,IL13,BCL7C,SELPLG,BATF,CR1,ARG1,TTR,CD274,PDGFRB,LEF1,CR1,ANGPT2,CD200,CD200,CAT,JAK2,CX3CL1,ANGPT1,CD177,HLA-C,,CD62P,IGHG2,PYCARD,ORM2,TLR7,FGB,HLA-DRB1,MYBPC3,ALOX5,JUN,FGB,IL23,ITGAM,SOCS3,PKC,C5,TNFRSF10B,ID2,TREM1,AURKA,LAP3,MMP1,RAC1,RIPK1,CXCL12,IL6R,CSF3,SMAD7,APCS,NOD2,PTCD2,MAPK1,EDN1,CD40LG
ARG1,ANXA2,MYL2,SERPINA1,CD80,SELE,F3,FOS,CASP3,MAP2K4,PIK3CD,MRC1,IL5,ANXA2,MMP9,CD226,VEGFB,FCGR2B,MTOR,PRKCD,SIGLEC1,LBP,CASP9,NFKB2,SOCS1,TYK2,HSPA1A,CD40,P2RX7,,ELANE,PLAUR,CXCL9,,LTA4H,IKBKB,FOS,PECAM1,PLVAP,RPL13A,CLAUDIN1,PCSK9,PTPN22,KLRG1,MBL2,TGFB1,MMP11,CD44,IRF4,CR2,IDO1,RBP4,HAVCR2,FGF2,RUNX1,MASP2,TEK,CDC45,CDC45,GPX1,JAK3,XCL1,ANGPT2,CEACAM1,B2M,,ITGAM,IGHG3,CD40,HP,TLR8,FGA,HLA-DQA1,ACTN2,LTA4H,FOS,FGG,FOXP3,ITGAX,SOCS4,MAPK1,C5AR1,SPI1,ID3,TNFAIP3,PLK1,HS3ST1,MMP2,RAC2,RIPK3,CXCL13,TNFRSF1A,CSF3R,BMP2,ORM1,MAVS,CCDC85A,MAPK3,EDNRA,HLA-DRA
NOS2,S100A12,MYL3,PROC,HSPE1,SELP,F5,ATF2,CASP7,MAP3K7,PTPRC,CD80,IL9,ANXA5,MMP12,NKG2D,VEGFC,CD89,MAPK1,CARD9,SIGLEC5,AGT,APAF1,IRF1,SOCS3,SOCS1,HSPA1B,CD28,PANX1,,CTSG,PLAT,CXCL10,,LTC4S,MAP3K7,EGR1,ITGAM,ENG,RPLP0,CLAUDIN5,APOB,PADI4,KLRK1,COLEC11,IL10RB,BCL2L13,CD62L,MAF,ITGAX,CXCR3,APCS,LAG3,FGFR1,ETS1,FCN1,TIE1,CDC6,CDC6,NQO1,TYK2,VEGFA,TIE2,CEACAM8,TAP1,,ITGAX,IGHG4,CD80,FGA,TLR9,FGG,HLA-DQB1,PLN,HPGDS,CEBPB,SERPINA1,CRP,CD68,SOCS5,MAPK3,CFB,PU1,BHLHE40,NCF1,BUB1,AOC1,MMP3,SOD2,MLKL,CX3CL1,TNFRSF1B,CSF2,BMPR1A,ORM2,CLEC7A,IL17RB,MAPK14,EDNRB,HLA-DRB1
IDO1,S100B,ACTC1,PROS1,TLR4,ICAM1,F7,EGR1,CASP8,TAB1,LILRB2,CD86,IL11,LGALS3,TIMP2,NKG2A,FLT1,FCAR,MAPK3,CLEC7A,CRP,AHSG,CYCS,IRF2,PIAS1,SOCS3,HSPB1,PRF1,HMOX1,,LTF,PLAU,CXCL11,,CYSLTR1,MAP2K1,FURIN,ITGAX,CD40,GUSB,VE-CADHERIN,APOE,MEFV,NKG7,CD93,IL6R,MAPK1,,IL21,CLEC7A,TNFRSF1B,LBP,TIGIT,EGF,MYC,FCN3,NRP1,CDC23,CDC23,KEAP1,SOCS1,VEGFB,PECAM1,PGLYRP1,TAP2,,ITGB2,IGHA1,CD86,FGB,MYD88,CRP,B2M,CASQ2,TBXAS1,HLA-A,SERPINA3,MBL,CD163,CISH,MAPK8,CFD,CEBPA,PRDM1,NCF2,MAD2L1,WNT16,MMP7,CAT,GSDMD,CCR1,FCGR1A,CSF2RA,ID1,B2M,TLR1,CDK14,AKT1,ECE1,CD1A
,MYD88,NFKB2,SELL,TLR2,VCAM1,F10,SP1,CASP9,TAB2,LILRB4,CD40,IL13,LGALS9,TIMP3,NKG2C,KDR,CD23,JUN,MALT1,SAA1,ALB,XIAP,IRF4,SUMO1,CRP,HSP90AA1,GZMB,NQO1,,LCN2,EDN1,CCL2,,CYSLTR2,MAPK1,CTSL,ITGB2,CD40LG,,CDH5,APOA1,NOD2,GNLY,CR2,IL6ST,TIMP3,,IL21R,CLEC4E,IL10RB,CD163,ICOS,EGFR,CDKN1A,MBL2,NRP2,IL11,IL11,NFE2L2,SOCS3,PDGFA,CDH5,DEFA1,FCGR1A,,SELL,IGHA2,IL2,FGG,TRIF,SAA1,ITGAM,VWF,PTGES,HLA-B,PELI1,SLC11A1,MRC1,HSP90AA1,MAPK14,CFH,CEBPB,IRF4,ANXA1,CENPA,HECW1,MMP8,GPX1,HMOX1,CCR2,FCGR2A,CSF1,ACTA2,CALR,TLR3,CDK17,PIK3CA,ACE,CD1C
,IRAK4,RELB,ITGAX,TLR3,ANGPT1,SERPINE1,,XIAP,RIPK1,SIGLEC5,HLA-DRA,IL16,CD1A,ADAM17,KIR2DL1,HIF1A,FCER2,FOS,,SAA2,TTR,BIRC5,IRF5,ISG15,SAA1,HSP90AB1,IDO1,SOD1,,DEFA1,NOS2,CCL3,,PLA2G2A,MAPK3,NRP1,CD47,CD80,,OCCLUDIN,APOC3,CARD9,PRF1,ITGAX,TNFRSF1A,IL2RB,,TGM2,CLEC5A,IL18RAP,HMOX1,TNFSF13B,IGF1,CDKN2A,COLEC11,KDR,CDC5L,CDC5L,,CD3E,PDGFB,VWF,DEFA3,SPI1,,SELPLG,IGHM,IL7,SERPINA1,MAVS,ORM1,ITGAX,PECAM1,PLA2G7,HLA-C,CD163,MICA,CD28,HSP90AB1,JUN,CFI,CEBPD,IRF8,ALOX15,KIF11,MAD1L1,MMP9,PRDX1,SOD2,CCR3,FCGR3A,CSF1R,COL1A1,HSP90AA1,TLR5,CDH3,PIK3CD,ACE2,CD83
,TRAF6,REL,TLR1,TLR10,ANGPT2,PLAT,,BIRC3,RIPK2,SIGLEC9,HLA-DRB1,IL19,CD1C,ADAMTS1,KIR2DL3,EPAS1,CD21,EGR1,,HP,TF,,IRF8,HERC5,SAA2,HSPA5,ARG1,SOD2,,CAMP,NOS3,CCL4,,PLA2G4A,MAPK8,DPP4,SIRPA,CD86,,ZO1,LIPC,CLEC7A,CD14,CLEC7A,TNFRSF1B,MMP9,,ITGB2,NLRP3,TIMP1,SOD2,CD19,IGF1R,BCL2,PTX3,FLT1,IL12RB1,IL12RB1,,CD4,FGF2,SELP,BPI,CEBPA,,FN1,IGHD,IL12A,SERPINA3,STING,HP,ITGB2,CDH5,LDLR,HLA-DRA,CD177,HMOX1,CTLA4,HSPA1A,FOS,CR1,GATA1,BATF,SELL,EGFR,LASP1,MMP10,HSPA1A,CAT,CCR4,CR1,IL3,FN1,HSP90AB1,TLR6,CDON,ELANE,AGT,CD141
,MAPK8,NFKBIA,TLR5,TLR1,TEK,PLAU,,TNFAIP3,TRADD,TREM1,HLA-DQA1,IL20,CD1D,F2,KIR3DL1,PELI1,CR2,MYC,,HPR,CP,,IRF9,UBE2L6,HP,HSPA8,NOS2,CAT,,MBL2,PTGIS,CCL5,,PLA2G7,MAPK14,,CD200,CD28,,TJP1,LPL,CLEC4E,CD33,CLEC4E,IL1R1,TNFSF13B,,ITGAL,NLRC4,ADAM17,NOS2,CD20,,BCL2L1,,FLT4,CDC7,CDC7,,CD8A,ANGPT1,SELE,,RUNX1,,COL1A1,IGHE,IL12B,CD3E,NFAT,LBP,SELL,KDR,APOE,HLA-DRB1,SIGLEC9,NOS,PDCD1,HSPA1B,NFKB1,CD46,GATA2,MAF,ITGB2,ERBB2,SNX11,MMP12,HSPA1B,GPX1,CCR5,MBL2,IL5,SNAI1,HSPA1A,STAT2,CDK13,MPO,AGTR1,CLEC9A
,JUN,NFKBIB,TLR6,TLR6,STAT1,SERPINC1,,CYLD,TRAF2,TREM2,HLA-DQB1,IL24,CD1E,F3,KIR3DL2,ITPKC,CD11A,HIF1A,,ORM1,NFKB1,,STAT2,TRIM25,,HSPD1,HSPB6,GPX1,,C3,IL6,CCL7,,PAFAH1B1,JUN,,CD200R1,ICOS,,MMP2,CETP,MRC1,CD68,MRC1,IL1RAP,MAPK3,,ICAM1,AIM2,PROCR,PTGS2,CD22,,MCL1,,PDGFB,CDC34,CDC34,,TCR,ANGPT2,VCAM1,,AIF1,,COL3A1,CRP,IL18,CD3D,NFATC1,AGT,SELPLG,FLT1,ABCA1,HLA-DQA1,SIGLEC5,TLR6,CD274,HSPA4,RELA,CD55,GATA3,AHR,CR1,MET,TMEM176A,MMP13,HSP90AA1,PRDX1,CCR6,MASP2,,TWIST1,HSPA1B,STAT4,SMARCD1,DEFA1,AGTR2,XCR1
,FOS,STAT2,TLR10,TLR5,STAT3,PROC,,RIPK1,TRAF6,CDKN1A,HLA-DPA1,IL25,MR1,F5,,SLC11A1,CD49D,NOS2,,ORM2,RELA,,STAT4,RIG-I,,HSPE1,ITGAL,GSR,,C5,IL6R,CCL8,,,FOS,,PDCD1,ICOSL,,MMP9,LCAT,CD209,CD163,CD209,TLR5,CCL22,,PECAM1,CASP1,NOS3,ALOX5,CD79A,,CASP3,,PDGFRB,CDHR5,CDHR5,,BCR,HIF1A,ICAM1,,CD52,,COL4A1,SAA1,IL21,CD3G,NFATC2,ACE,CSF1,VEGFA,ABCG1,HLA-DQB1,S100A8,TLR4,PDCD1LG2,HSPA5,,CD59,TBX21,,TYK2,ALK,M6PR,TIMP2,,NFE2L2,CCR7,HMGB1,,,HSPB1,STAT5A,CD84,DEFA3,REN,
,CREB1,,,,,,,RIPK3,NLRC4,,,,,,,,ITGA4,COX2,,,,,STAT6,MDA5,,,,PRDX1,,C5AR1,,,,,ATF3,,HAVCR2,HLA-DRA,,TIMP1,PLTP,,,SIGLEC1,TLR6,,,SELP,CASP4,,,CD79B,,CASP8,,,,,,,EPAS1,THBD,,BST2,,LAMA4,,,,CALCINEURIN,EDN1,,VEGFB,MSR1,,,NLRP3,,,,SERPING1,,,,RET,,,,KEAP1,,,,,DNAJB1,,,,CYP11B2,
,ATF2,,,,,,,MLKL,CARD9,,,,,,,,CD62E,HMGB1,,,,,SOCS1,MAVS,,,,NRF2,,CFB,,,,,EGR1,,TIGIT,HLA-DRB1,,TIMP2,SCARB1,,,CD33,IRAK1,,,SELPG,PYCARD,,,IGHM,,CASP9,,,,,,,VWF,PROCR,,ISG15,,LAMB1,,,,CD16,VEGFA,,MMP2,CD36,,,NFkB,,,,F2,,,,NTRK1,,,,JUN,,,,,,,,,NR3C2,
,EGR1,,,,,,,HMGB1,MEFV,,,,,,,,CD31,RAGE,,,,,SOCS3,STING,,,,KEAP1,,CFH,,,,,,,CD276,B2M,,ADAMTS13,ABCA1,,,CD22,IRAK4,,,THBS1,IL18BP,,,IGHG1,,PARP1,,,,,,,THBD,F3,,MX1,,LAMC1,,,,CD32,FLT1,,MMP9,PPARG,,,TRBV11.2,,,,F3,,,,FGFR3,,,,FOS,,,,,,,,,SGK1,
,EGR2,,,,,,,CALR,MVK,,,,,,,,CD144,TLR4,,,,,,IRF3,,,,,,CFI,,,,,,,LAG3,GZMB,,VWF,ABCG1,,,SIGLEC5,TRAF6,,,VWF,GSDMD,,,IGHG4,,TP53,,,,,,,SERPINE1,SERPINE1,,OAS1,,MMP2,,,,CD64,KDR,,,NR1H3,,,IDO,,,,F5,,,,PDGFRA,,,,ATF3,,,,,,,,,NEDD4L,
,NFAT,,,,,,,HSP90AA1,,,,,,,,,CD146,TLR9,,,,,,TBK1,,,,,,MASP2,,,,,,,MICA,PRF1,,P-SELECTIN,NPC1L1,,,HAVCR2,TAB1,,,F8,HMGB1,,,,,MDM2,,,,,,,PLAT,PLAT,,RSAD2,,,,,,CD163,ANGPT1,,,CYP7A1,,,ACE2,,,,F7,,,,KIT,,,,EGR1,,,,,,,,,WNK1,
,NFATC1,,,,,,,HSPA4,,,,,,,,,MCAM,NLRP3,,,,,,TRIF,,,,,,FCN1,,,,,,,MICB,,,SELP,HMGCR,,,LGALS3,TAB2,,,F5,HSP90B1,,,,,RB1,,,,,,,PLAU,PLAU,,IFIT1,,,,,,CD206,TEK,,,HMGCR,,,,,,,F8,,,,FLT3,,,,MYC,,,,,,,,,WNK4,
,RUNX3,,,,,,,,,,,,,,,,CD105,IL1RN,,,,,,TRAM,,,,,,FCN2,,,,,,,KLRK1,,,E-SELECTIN,SQLE,,,LGALS9,MAP3K7,,,SERPINE1,HSPA5,,,,,E2F1,,,,,,,F3,,,,,,,,,ARG1,PDGFB,,,PCSK9,,,,,,,F9,,,,CSF1R,,,,TP53,,,,,,,,,KLHL3,
,TBX21,,,,,,,,,,,,,,,,CD141,,,,,,,LGP2,,,,,,FCN3,,,,,,,,,,L-SELECTIN,,,,ANPEP,,,,PLAT,CALR,,,,,CCND1,,,,,,,PROC,,,,,,,,,iNOS,FGF2,,,CETP,,,,,,,F10,,,,,,,,CDKN1A,,,,,,,,,CUL3,
,GATA3,,,,,,,,,,,,,,,,SEMA3F,,,,,,,IFIH1,,,,,,,,,,,,,,,,SELL,,,,ENPEP,,,,PLAU,,,,,,CDK4,,,,,,,PROS1,,,,,,,,,IDO1,IGF1,,,LIPA,,,,,,,PLAT,,,,,,,,,,,,,,,,,,
,RORC,,,,,,,,,,,,,,,,XLOC_006277,,,,,,,DDX60,,,,,,,,,,,,,,,,CD62L,,,,ACE2,,,,PLAUR,,,,,,CDK6,,,,,,,TFPI,,,,,,,,,IDO2,IGFBP3,,,SCARB1,,,,,,,SERPINE1,,,,,,,,,,,,,,,,,,
,FOXP3,,,,,,,,,,,,,,,,LINC00173,,,,,,,ZBP1,,,,,,,,,,,,,,,,,,,,AGTR1,,,,,,,,,,AURKA,,,,,,,,,,,,,,,,,EGF,,,PLTP,,,,,,,TFPI,,,,,,,,,,,,,,,,,,
,BCL6,,,,,,,,,,,,,,,,MEG3,,,,,,,cGAS,,,,,,,,,,,,,,,,,,,,MAS1,,,,,,,,,,PLK1,,,,,,,,,,,,,,,,,TGFA,,,ANGPT2,,,,,,,PROC,,,,,,,,,,,,,,,,,,
,,,,,,,,,,,,,,,,,XIST,,,,,,,,,,,,,,,,,,,,,,,,,,,REN,,,,,,,,,,BUB1,,,,,,,,,,,,,,,,,,,,VEGFA,,,,,,,PROS1,,,,,,,,,,,,,,,,,,
,,,,,,,,,,,,,,,,,HOTAIR,,,,,,,,,,,,,,,,,,,,,,,,,,,AGT,,,,,,,,,,MAD2L1,,,,,,,,,,,,,,,,,,,,FLT1,,,,,,,THBD,,,,,,,,,,,,,,,,,,
,,,,,,,,,,,,,,,,,PVT1,,,,,,,,,,,,,,,,,,,,,,,,,,,CMA1,,,,,,,,,,CDCA8,,,,,,,,,,,,,,,,,,,,KDR,,,,,,,VWF,,,,,,,,,,,,,,,,,,
,,,,,,,,,,,,,,,,,THRIL,,,,,,,,,,,,,,,,,,,,,,,,,,,CPA3,,,,,,,,,,KIF11,,,,,,,,,,,,,,,,,,,,TEK,,,,,,,,,,,,,,,,,,,,,,,,,
,,,,,,,,,,,,,,,,,,,,,,,,,,,,,,,,,,,,,,,,,,,,TPSAB1,,,,,,,,,,TOP2A,,,,,,,,,,,,,,,,,,,,PDGFB,,,,,,,,,,,,,,,,,,,,,,,,,
,,,,,,,,,,,,,,,,,,,,,,,,,,,,,,,,,,,,,,,,,,,,HDC,,,,,,,,,,TYMS,,,,,,,,,,,,,,,,,,,,TGFB1,,,,,,,,,,,,,,,,,,,,,,,,,
,,,,,,,,,,,,,,,,,,,,,,,,,,,,,,,,,,,,,,,,,,,,,,,,,,,,,,RRM2,,,,,,,,,,,,,,,,,,,,TGFB2,,,,,,,,,,,,,,,,,,,,,,,,,
,,,,,,,,,,,,,,,,,,,,,,,,,,,,,,,,,,,,,,,,,,,,,,,,,,,,,,PCNA,,,,,,,,,,,,,,,,,,,,TGF,,,,,,,,,,,,,,,,,,,,,,,,,