seed_1_all,seed_2_all,seed_3_all,seed_4_all,seed_5_all,seed_6_all,seed_7_all,seed_8_all,seed_9_all,seed_10_all,seed_11_all,seed_12_all,seed_13_all,seed_14_all,seed_15_all,seed_16_all,seed_17_all,seed_18_all,seed_19_all,seed_20_all,seed_21_all,seed_22_all,seed_23_all,seed_24_all,seed_25_all,seed_26_all,seed_27_all,seed_28_all,seed_29_all,seed_30_all,seed_31_all,seed_32_all,seed_33_all,seed_34_all,seed_35_all,seed_36_all,seed_37_all,seed_38_all,seed_39_all,seed_40_all,seed_41_all,seed_42_all,seed_43_all,seed_44_all,seed_45_all,seed_46_all,seed_47_all,seed_48_all,seed_49_all,seed_50_all,seed_51_all,seed_52_all,seed_53_all,seed_54_all,seed_55_all,seed_56_all,seed_57_all,seed_58_all,seed_59_all,seed_60_all,seed_61_all,seed_62_all,seed_63_all,seed_64_all,seed_65_all,seed_66_all,seed_67_all,seed_68_all,seed_69_all,seed_70_all,seed_71_all,seed_72_all,seed_73_all,seed_74_all,seed_75_all,seed_76_all,seed_77_all,seed_78_all,seed_79_all,seed_80_all,seed_81_all,seed_82_all,seed_83_all,seed_84_all,seed_85_all,seed_86_all,seed_87_all,seed_88_all,seed_89_all,seed_90_all,seed_91_all,seed_92_all,seed_93_all,seed_94_all,seed_95_all,seed_96_all,seed_97_all,seed_98_all,seed_99_all,seed_100_all
DPM1,DPM1,DPM1,DPM1,DPM1,DPM1,DPM1,DPM1,DPM1,DPM1,DPM1,DPM1,DPM1,DPM1,DPM1,DPM1,DPM1,DPM1,DPM1,DPM1,DPM1,DPM1,DPM1,DPM1,DPM1,DPM1,DPM1,DPM1,DPM1,DPM1,DPM1,DPM1,DPM1,DPM1,DPM1,DPM1,DPM1,DPM1,DPM1,DPM1,DPM1,DPM1,DPM1,DPM1,DPM1,DPM1,DPM1,DPM1,DPM1,DPM1,DPM1,DPM1,DPM1,DPM1,DPM1,DPM1,DPM1,DPM1,DPM1,DPM1,DPM1,DPM1,DPM1,DPM1,DPM1,DPM1,DPM1,DPM1,DPM1,DPM1,DPM1,DPM1,DPM1,RYR3,DPM1,DPM1,DPM1,DPM1,DPM1,DPM1,DPM1,DPM1,DPM1,DPM1,DPM1,DPM1,DPM1,DPM1,DPM1,DPM1,DPM1,DPM1,DPM1,DPM1,DPM1,DPM1,DPM1,DPM1,DPM1,DPM1
SCYL3,SCYL3,SCYL3,SCYL3,SCYL3,SCYL3,SCYL3,SCYL3,SCYL3,SCYL3,SCYL3,SCYL3,SCYL3,SCYL3,SCYL3,SCYL3,SCYL3,SCYL3,SCYL3,SCYL3,SCYL3,SCYL3,SCYL3,SCYL3,SCYL3,SCYL3,SCYL3,SCYL3,SCYL3,SCYL3,SCYL3,SCYL3,SCYL3,SCYL3,SCYL3,SCYL3,SCYL3,SCYL3,SCYL3,SCYL3,SCYL3,SCYL3,SCYL3,SCYL3,SCYL3,SCYL3,SCYL3,SCYL3,SCYL3,SCYL3,SCYL3,SCYL3,SCYL3,SCYL3,SCYL3,SCYL3,SCYL3,SCYL3,SCYL3,SCYL3,SCYL3,SCYL3,SCYL3,SCYL3,SCYL3,SCYL3,SCYL3,SCYL3,SCYL3,SCYL3,SCYL3,SCYL3,SCYL3,MIR6835,SCYL3,SCYL3,SCYL3,SCYL3,SCYL3,SCYL3,SCYL3,SCYL3,SCYL3,SCYL3,SCYL3,SCYL3,SCYL3,SCYL3,SCYL3,SCYL3,SCYL3,SCYL3,SCYL3,SCYL3,SCYL3,SCYL3,SCYL3,SCYL3,SCYL3,SCYL3
C1orf112,C1orf112,C1orf112,C1orf112,C1orf112,C1orf112,C1orf112,C1orf112,C1orf112,C1orf112,C1orf112,C1orf112,C1orf112,C1orf112,C1orf112,C1orf112,C1orf112,C1orf112,C1orf112,C1orf112,C1orf112,C1orf112,C1orf112,C1orf112,C1orf112,C1orf112,C1orf112,C1orf112,C1orf112,C1orf112,C1orf112,C1orf112,C1orf112,C1orf112,C1orf112,C1orf112,C1orf112,C1orf112,C1orf112,C1orf112,C1orf112,C1orf112,C1orf112,C1orf112,C1orf112,C1orf112,C1orf112,C1orf112,C1orf112,C1orf112,C1orf112,C1orf112,C1orf112,C1orf112,C1orf112,C1orf112,C1orf112,C1orf112,C1orf112,C1orf112,C1orf112,C1orf112,C1orf112,C1orf112,C1orf112,C1orf112,C1orf112,C1orf112,C1orf112,C1orf112,C1orf112,C1orf112,C1orf112,SLC17A9,C1orf112,C1orf112,C1orf112,C1orf112,C1orf112,C1orf112,C1orf112,C1orf112,C1orf112,C1orf112,C1orf112,C1orf112,C1orf112,C1orf112,C1orf112,C1orf112,C1orf112,C1orf112,C1orf112,C1orf112,C1orf112,C1orf112,C1orf112,C1orf112,C1orf112,C1orf112
FGR,FGR,FGR,FGR,FGR,FGR,FGR,FGR,FGR,FGR,FGR,FGR,FGR,FGR,FGR,FGR,FGR,FGR,FGR,FGR,FGR,FGR,FGR,FGR,FGR,FGR,FGR,FGR,FGR,FGR,FGR,FGR,FGR,FGR,FGR,FGR,FGR,FGR,FGR,FGR,FGR,FGR,FGR,FGR,FGR,FGR,FGR,FGR,FGR,FGR,FGR,FGR,FGR,FGR,FGR,FGR,FGR,FGR,FGR,FGR,FGR,FGR,FGR,FGR,FGR,FGR,FGR,FGR,FGR,FGR,FGR,FGR,FGR,RSU1P3,FGR,FGR,FGR,FGR,FGR,FGR,FGR,FGR,FGR,FGR,FGR,FGR,FGR,FGR,FGR,FGR,FGR,FGR,FGR,FGR,FGR,FGR,FGR,FGR,FGR,FGR
CFH,CFH,CFH,CFH,CFH,CFH,CFH,CFH,CFH,CFH,CFH,CFH,CFH,CFH,CFH,CFH,CFH,CFH,CFH,CFH,CFH,CFH,CFH,CFH,CFH,CFH,CFH,CFH,CFH,CFH,CFH,CFH,CFH,CFH,CFH,CFH,CFH,CFH,CFH,CFH,CFH,CFH,CFH,CFH,CFH,CFH,CFH,CFH,CFH,CFH,CFH,CFH,CFH,CFH,CFH,CFH,CFH,CFH,CFH,CFH,CFH,CFH,CFH,CFH,CFH,CFH,CFH,CFH,CFH,CFH,CFH,CFH,CFH,CTD-2308N23.4,CFH,CFH,CFH,CFH,CFH,CFH,CFH,CFH,CFH,CFH,CFH,CFH,CFH,CFH,CFH,CFH,CFH,CFH,CFH,CFH,CFH,CFH,CFH,CFH,CFH,CFH
FUCA2,FUCA2,FUCA2,FUCA2,FUCA2,FUCA2,FUCA2,FUCA2,FUCA2,FUCA2,FUCA2,FUCA2,FUCA2,FUCA2,FUCA2,FUCA2,FUCA2,FUCA2,FUCA2,FUCA2,FUCA2,FUCA2,FUCA2,FUCA2,FUCA2,FUCA2,FUCA2,FUCA2,FUCA2,FUCA2,FUCA2,FUCA2,FUCA2,FUCA2,FUCA2,FUCA2,FUCA2,FUCA2,FUCA2,FUCA2,FUCA2,FUCA2,FUCA2,FUCA2,FUCA2,FUCA2,FUCA2,FUCA2,FUCA2,FUCA2,FUCA2,FUCA2,FUCA2,FUCA2,FUCA2,FUCA2,FUCA2,FUCA2,FUCA2,FUCA2,FUCA2,FUCA2,FUCA2,FUCA2,FUCA2,FUCA2,FUCA2,FUCA2,FUCA2,FUCA2,FUCA2,FUCA2,FUCA2,RP11-386G21.2,FUCA2,FUCA2,FUCA2,FUCA2,FUCA2,FUCA2,FUCA2,FUCA2,FUCA2,FUCA2,FUCA2,FUCA2,FUCA2,FUCA2,FUCA2,FUCA2,FUCA2,FUCA2,FUCA2,FUCA2,FUCA2,FUCA2,FUCA2,FUCA2,FUCA2,FUCA2
GCLC,GCLC,GCLC,GCLC,GCLC,GCLC,GCLC,GCLC,GCLC,GCLC,GCLC,GCLC,GCLC,GCLC,GCLC,GCLC,GCLC,GCLC,GCLC,GCLC,GCLC,GCLC,GCLC,GCLC,GCLC,GCLC,GCLC,GCLC,GCLC,GCLC,GCLC,GCLC,GCLC,GCLC,GCLC,GCLC,GCLC,GCLC,GCLC,GCLC,GCLC,GCLC,GCLC,GCLC,GCLC,GCLC,GCLC,GCLC,GCLC,GCLC,GCLC,GCLC,GCLC,GCLC,GCLC,GCLC,GCLC,GCLC,GCLC,GCLC,GCLC,GCLC,GCLC,GCLC,GCLC,GCLC,GCLC,GCLC,GCLC,GCLC,GCLC,GCLC,GCLC,RP11-163O19.1,GCLC,GCLC,GCLC,GCLC,GCLC,GCLC,GCLC,GCLC,GCLC,GCLC,GCLC,GCLC,GCLC,GCLC,GCLC,GCLC,GCLC,GCLC,GCLC,GCLC,GCLC,GCLC,GCLC,GCLC,GCLC,GCLC
NIPAL3,NIPAL3,NIPAL3,NFYA,NFYA,NFYA,NFYA,NFYA,NFYA,NFYA,NFYA,NIPAL3,HSPA6,NIPAL3,NIPAL3,NIPAL3,NIPAL3,NIPAL3,NIPAL3,NIPAL3,NIPAL3,HSPA6,HSPA6,NIPAL3,NIPAL3,NIPAL3,HSPA6,NIPAL3,NIPAL3,NIPAL3,HSPA6,NIPAL3,NIPAL3,NFYA,NIPAL3,NIPAL3,HSPA6,NIPAL3,NIPAL3,NIPAL3,NIPAL3,NIPAL3,NIPAL3,NIPAL3,NIPAL3,NIPAL3,NIPAL3,NIPAL3,NIPAL3,NIPAL3,HSPA6,HSPA6,HSPA6,HSPA6,NFYA,NFYA,NFYA,NFYA,NFYA,NIPAL3,NIPAL3,NFYA,NIPAL3,NIPAL3,NFYA,NFYA,NIPAL3,NFYA,NFYA,NFYA,NIPAL3,NIPAL3,NFYA,LOXL1,NFYA,NFYA,NFYA,NFYA,NFYA,NFYA,NFYA,NIPAL3,NFYA,NIPAL3,NFYA,NFYA,NFYA,NFYA,NFYA,NFYA,NFYA,NFYA,NIPAL3,NFYA,NFYA,NFYA,NFYA,NFYA,NFYA,NFYA
LAS1L,LAS1L,LAS1L,STPG1,STPG1,STPG1,STPG1,STPG1,STPG1,STPG1,STPG1,LAS1L,PAX8,LAS1L,LAS1L,LAS1L,ATP6V1H,LAS1L,LAS1L,LAS1L,LAS1L,TNFRSF14,TNFRSF14,LAS1L,LAS1L,LAS1L,TNFRSF14,LAS1L,LAS1L,LAS1L,TNFRSF14,LAS1L,LAS1L,STPG1,LAS1L,LAS1L,TNFRSF14,ATP6V1H,LAS1L,LAS1L,LAS1L,ATP6V1H,LAS1L,KCNIP4,KCNIP4,LAS1L,LAS1L,LAS1L,LAS1L,LAS1L,TNFRSF14,TNFRSF14,TNFRSF14,TNFRSF14,STPG1,STPG1,STPG1,STPG1,STPG1,LAS1L,ATP6V1H,STPG1,LAS1L,ATP6V1H,STPG1,STPG1,RTN4,STPG1,STPG1,STPG1,LAS1L,LAS1L,STPG1,RP4-705F19.1,STPG1,STPG1,STPG1,STPG1,STPG1,STPG1,STPG1,LAS1L,STPG1,LAS1L,STPG1,STPG1,STPG1,STPG1,STPG1,STPG1,STPG1,STPG1,LAS1L,STPG1,STPG1,STPG1,STPG1,STPG1,STPG1,STPG1
ENPP4,CD99,CD99,NIPAL3,NIPAL3,NIPAL3,NIPAL3,NIPAL3,NIPAL3,NIPAL3,NIPAL3,CD99,GUCD1,CD99,CD99,CD99,CDRT4,ENPP4,ENPP4,CD99,CD99,IGHG1,IGHG1,ENPP4,CD99,CD99,IGHG1,CD99,CD99,CD99,CSRP1,CD99,ENPP4,NIPAL3,CD99,CD99,IGHG1,CDRT4,CD99,CD99,CD99,CDK5R1,ENPP4,LAS1L,LAS1L,ENPP4,ENPP4,CD99,CD99,ENPP4,CDCA7,IGHG1,CSRP1,IGHG1,NIPAL3,NIPAL3,NIPAL3,NIPAL3,NIPAL3,CD99,CDRT4,NIPAL3,ENPP4,CDRT4,NIPAL3,NIPAL3,PRSS53,NIPAL3,NIPAL3,NIPAL3,CD99,CD99,NIPAL3,LINC01889,NIPAL3,NIPAL3,NIPAL3,NIPAL3,NIPAL3,NIPAL3,NIPAL3,CD99,NIPAL3,CD99,NIPAL3,NIPAL3,NIPAL3,NIPAL3,NIPAL3,NIPAL3,NIPAL3,NIPAL3,CD99,NIPAL3,NIPAL3,NIPAL3,NIPAL3,NIPAL3,NIPAL3,NIPAL3
SEMA3F,CFHR4,CFHR4,ENPP4,ENPP4,ENPP4,ENPP4,ENPP4,ENPP4,ENPP4,ENPP4,CFHR4,UBA7,CFHR4,CFHR4,CFHR4,SLC39A11,CD99,CD99,CFHR4,CFHR4,IGHG2,FCGR3A,CD99,CFHR4,CFHR4,IGHG2,CFHR4,CFHR4,CFHR4,HSP90B1,CFHR4,SEMA3F,ENPP4,CFHR4,CFHR4,IGHG2,SLC39A11,CFHR4,CFHR4,CFHR4,SLC6A14,SEMA3F,CD99,CD99,CD99,CD99,CFHR4,CFHR4,CD99,TFPI,IGHG2,HSP90B1,IGHG2,ENPP4,ENPP4,ENPP4,ENPP4,ENPP4,CFHR4,ARHGEF16,ENPP4,CD99,ARHGEF16,ENPP4,ENPP4,CST4,ENPP4,ENPP4,ENPP4,CFHR4,CFHR4,ENPP4,LINC00489,ENPP4,ENPP4,ENPP4,ENPP4,ENPP4,ENPP4,ENPP4,CFHR4,ENPP4,CFHR4,ENPP4,ENPP4,ENPP4,ENPP4,ENPP4,ENPP4,ENPP4,ENPP4,CFHR4,ENPP4,ENPP4,ENPP4,ENPP4,ENPP4,ENPP4,ENPP4
CFTR,SKAP2,SKAP2,SEMA3F,SEMA3F,SEMA3F,SEMA3F,SEMA3F,SEMA3F,SEMA3F,SEMA3F,SKAP2,THRA,SKAP2,SKAP2,SKAP2,APITD1,SKI,SKI,SKAP2,SKAP2,IGHG3,CCL2,SKI,SKAP2,SKAP2,IGHG3,SKAP2,SKAP2,SKAP2,DNAJB1,SKAP2,CFTR,SEMA3F,SKAP2,SKAP2,IGHG3,APITD1,SKAP2,SKAP2,SKAP2,MYCBP2,CFTR,CFHR4,CFHR4,SKI,SKI,SKAP2,SKAP2,SKI,HABP2,IGHG3,DNAJB1,IGHG3,SEMA3F,SEMA3F,SEMA3F,SEMA3F,SEMA3F,SKI,MYH10,SEMA3F,CFTR,TSPAN6,SEMA3F,SEMA3F,NPHP1,SEMA3F,SEMA3F,SEMA3F,SKAP2,SKAP2,SEMA3F,ENSG10010135223.1,SEMA3F,SEMA3F,SEMA3F,SEMA3F,SEMA3F,SEMA3F,SEMA3F,SKAP2,SEMA3F,SKAP2,SEMA3F,SEMA3F,SEMA3F,SEMA3F,SEMA3F,SEMA3F,SEMA3F,SEMA3F,SKAP2,SEMA3F,SEMA3F,SEMA3F,SEMA3F,SEMA3F,SEMA3F,SEMA3F
NDUFAF7,SKI,SKI,CFTR,CFTR,CFTR,CFTR,CFTR,CFTR,CFTR,CFTR,MMP25,PTPN13,SKI,SKI,MMP23B,PYROXD2,SLC5A1,SLC5A1,MMP23B,SKI,IGHG4,CD86,SLC35E2,SKI,SKI,IGHG4,RAB3GAP1,SKI,SKI,HSPH1,MMP23B,NDUFB9,CFTR,RAB3GAP1,SKI,IGHA1,CLSTN1,SKI,SKI,SKI,GNB1,NDUFAF7,SKAP2,SKAP2,SLC5A1,SLC5A1,RAB3GAP1,SKI,SLC5A1,GNB1,IGHG4,HSPH1,IGHG4,CFTR,CFTR,CFTR,CFTR,CFTR,GRM1,KIF13A,CFTR,SKAP2,TNFRSF10B,CFTR,CFTR,TAS1R2,CFTR,CFTR,CFTR,SKI,SKI,CFTR,OR52X1P,CFTR,CFTR,CFTR,CFTR,CFTR,CFTR,CFTR,SKI,CFTR,SKI,CFTR,CFTR,CFTR,CFTR,CFTR,CFTR,CFTR,CFTR,MMP25,CFTR,CFTR,CFTR,CFTR,CFTR,CFTR,CFTR
CDK5RAP1,GRAP2,GRAP2,ANKIB1,ANKIB1,ANKIB1,ANKIB1,ANKIB1,ANKIB1,ANKIB1,ANKIB1,CD24,SLC39A11,GRAP2,GRAP2,CD24,PRSS55,PLA2G4C,PLA2G4C,CD24,RAB3GAP1,IGHA1,ITGAM,TNFRSF14,RAB3GAP1,GRAP2,IGHA1,CHST8,GRHPR,GRAP2,HSPA1A,CD24,SLC39A11,ANKIB1,CHMP4C,GRAP2,IGHA2,LAP3,GRAP2,GRHPR,GRAP2,PSMC3,CDK5R1,RAB3GAP1,RAB3GAP1,PLA2G4C,PLA2G4C,CHST8,RAB3GAP1,PLA2G4C,KLF5,IGHA1,HSPA1A,IGHA1,ANKIB1,ANKIB1,ANKIB1,ANKIB1,ANKIB1,DEFB125,COL14A1,ANKIB1,SKI,CLIC4,ANKIB1,ANKIB1,TMEM51,ANKIB1,ANKIB1,ANKIB1,GRAP2,GRHPR,ANKIB1,RP11-325K2.1,ANKIB1,ANKIB1,ANKIB1,ANKIB1,ANKIB1,ANKIB1,ANKIB1,GRAP2,ANKIB1,GRAP2,ANKIB1,ANKIB1,ANKIB1,ANKIB1,ANKIB1,ANKIB1,ANKIB1,ANKIB1,CPXM1,ANKIB1,ANKIB1,ANKIB1,ANKIB1,ANKIB1,ANKIB1,ANKIB1
DHRS2,TSPAN6,TSPAN6,CYP51A1,CYP51A1,CYP51A1,CYP51A1,CYP51A1,CYP51A1,CYP51A1,CYP51A1,RPS24,CALU,TSPAN6,TSPAN6,SKI,TCEA3,MYO1B,MYO1B,SKI,CHST8,IGHA2,CD48,CPAMD8,CHST8,TSPAN6,IGHA2,RPS11,ARNT,TSPAN6,HSPA1B,SKI,PRSS16,CYP51A1,EIF4EBP1,TSPAN6,IGHD,MORN1,TSPAN13,ARNT,TSPAN6,GABBR1,SLC6A14,CHST8,CHST8,MYO1B,MYO1B,HSPA13,CHST8,CD24,RAB1A,IGHA2,HSPA1B,IGHA2,CYP51A1,CYP51A1,CYP51A1,CYP51A1,CYP51A1,TAS2R16,SLC39A14,CYP51A1,TNFRSF14,SKI,CYP51A1,CYP51A1,TAS2R16,CYP51A1,CYP51A1,CYP51A1,TSPAN6,ARNTL,CYP51A1,SPATA12,CYP51A1,CYP51A1,CYP51A1,CYP51A1,CYP51A1,CYP51A1,CYP51A1,TSPAN6,CYP51A1,TNFRSF14,CYP51A1,CYP51A1,CYP51A1,CYP51A1,CYP51A1,CYP51A1,CYP51A1,CYP51A1,TAS2R16,CYP51A1,CYP51A1,CYP51A1,CYP51A1,CYP51A1,CYP51A1,CYP51A1
ARHGEF16,TNFRSF14,TNFRSF14,KRIT1,KRIT1,KRIT1,KRIT1,KRIT1,KRIT1,KRIT1,KRIT1,TMEM176A,SHH,TNFRSF14,TNFRSF14,GRAP2,RAB4B,1-Mar,1-Mar,GRAP2,HES4,IGHD,TYROBP,RAB3GAP1,HSPG2,TNFRSF14,IGHD,HSPA13,SLC35E2,TNFRSF14,HSPH2,GRAP2,EIF3H,KRIT1,GNB1,TNFRSF14,IGHE,RAB3GAP1,TNFRSF14,HSP90B1,TNFRSF14,SKI,HSPG2,RPS24,RPS24,RAB11FIP1,RAB11FIP1,GLRX5,HSPG2,CLIC4,SMAD3,IGHD,HSPH2,IGHD,KRIT1,KRIT1,KRIT1,KRIT1,KRIT1,SLC35E2,CEP164,KRIT1,CD24,HES4,KRIT1,KRIT1,SLC2A13,KRIT1,KRIT1,KRIT1,TNFRSF14,SLC35E2,KRIT1,RP11-296I10.5,KRIT1,KRIT1,KRIT1,KRIT1,KRIT1,KRIT1,KRIT1,TNFRSF14,KRIT1,IGHG1,KRIT1,KRIT1,KRIT1,KRIT1,KRIT1,KRIT1,KRIT1,KRIT1,SLC35E2,KRIT1,KRIT1,KRIT1,KRIT1,KRIT1,KRIT1,KRIT1
MYH10,C1orf167,CD247,RAD52,RAD52,RAD52,RAD52,RAD52,RAD52,RAD52,RAD52,HSPA6,MYO1B,CSTB,CSTB,TNFRSF14,SNX11,HSPA6,HSPA6,TNFRSF14,TNFRSF14,IGHE,PTPRC,RAB3GAP1,PRAM1,CSTB,IGHE,TXNIP,NDUFAF7,C5AR1,HSPA7,TNFRSF14,CDK7,RAD52,ARFGEF2,CSTB,IGHM,TSPAN6,C5AR1,GNB1,CSTB,TNFRSF14,ARHGEF16,SKI,RBMX,RENBP,RENBP,SLC35E2,BTBD17P1,CAMK1,FOS,IGHE,HSPA8,IGHE,RAD52,RAD52,RAD52,RAD52,RAD52,MYO18B,MYO18B,RAD52,RPS11,AGRN,RAD52,RAD52,NACAD,RAD52,RAD52,RAD52,C5AR1,AGRN,RAD52,SLC39A12-AS1,RAD52,RAD52,RAD52,RAD52,RAD52,RAD52,RAD52,C1orf141,RAD52,IGHG3,RAD52,RAD52,RAD52,RAD52,RAD52,RAD52,RAD52,RAD52,ICAM1,RAD52,RAD52,RAD52,RAD52,RAD52,RAD52,RAD52
ITIH4,C5AR1,RAB3GAP1,MYH16,MYH16,MYH16,MYH16,MYH16,MYH16,MYH16,MYH16,TNFAIP6,RAB3GAP1,GNB1,GNB1,C5orf13,CLIC4,TNFRSF14,TNFRSF14,C5AR1,CPAMD8,IGHM,CR1,EFNB1, ক্লাসিক,GNB1,IGHM,PAXIP1,TMEM176A,PLXNA4,HSPA8,C5AR1,CDC42EP5,MYH16,KIF13A,GNB1,IGHGP,NPHP1,PLXNA4,UBC,GNB1,EFNA1,UBE2Q2,SLC25A13,SKI,GNB1,GNB1,PIGL,SLC39A11,RABEP1,TNFAIP3,IGHM,HSPA4,IGHM,MYH16,MYH16,MYH16,MYH16,MYH16,ALDH1A3,RAB3GAP1,MYH16,RAB3GAP1,SLC39A6,MYH16,MYH16,CLCA2,MYH16,MYH16,MYH16,PLTP,MYCBP2,MYH16,RP11-621K7.1,MYH16,MYH16,MYH16,MYH16,MYH16,MYH16,MYH16,SEMA4D,MYH16,IGHA1,MYH16,MYH16,MYH16,MYH16,MYH16,MYH16,MYH16,MYH16,EFEMP1,MYH16,MYH16,MYH16,MYH16,MYH16,MYH16,MYH16
SLC39A8,PLTP,ARHGEF18,BAD,BAD,BAD,BAD,BAD,BAD,BAD,BAD,CXCL8,ENPP4,ATP1B2,ATP1B2,ADAMTS15,TMEM176A,TNFRSF1B,TNFRSF1B,PLTP,TAS1R2,C4B,MS4A4A,EFNB1,BTBD17P1,ATP1B2,IGHV3-13,PGM1,UMPS,CD40LG,HSP90AB1,CD86,RAB11FIP1,BAD,CYTH4,ATP1B2,SEC61G,ARHGEF16,CD40LG,ATP5F1,ATP1B2,KCNAB1,MYH10,CLIC4,SLC25A13,PRKAR2B,PRKCZ,AGXT,PIGB,ARHGEF18,NFKBIA,C4B,HSPA2,CD40,BAD,BAD,BAD,BAD,BAD,HES6,RAB3GAP1,BAD,ARHGAP35,CDK5R1,BAD,BAD,ICA1,BAD,BAD,BAD,LY96,CDK5R1,BAD,RAB34,BAD,BAD,BAD,BAD,BAD,BAD,BAD,CD40LG,BAD,IGHG2,BAD,BAD,BAD,BAD,BAD,BAD,BAD,BAD,RAB4B,BAD,BAD,BAD,BAD,BAD,BAD,BAD
ATP6V1H,SIGLEC10,GPSM3,LAP3,LAP3,LAP3,LAP3,LAP3,LAP3,LAP3,LAP3,IGFBP7,GNB1,CD24,CD24,CD40LG,KIAA0020,CD40,CD40,S100A12,DUSP9,CD55,FGL2,CDKL2,SLC39A11,CD24,IGHV3-23, জাহান,MYH10,CD86,HSP90AA1,ICAM1,ARHGEF16,LAP3,SEC16A,CD24,MPP7,SPNS1,CD86,UBE2L3,CD24,ATP1B2,GNB1,MYL9,CLIC4,TMEM176A,STAU1,CALU,ATP6V1H,HSP90B1,RELB,CD55,HSPA7,CD40LG,LAP3,LAP3,LAP3,LAP3,LAP3,TNFRSF10B,GNB4,LAP3,HSP90B1,SKAP2,LAP3,LAP3,ALDH1A1,LAP3,LAP3,LAP3,CD14,SLC39A6,LAP3,IGHV3-16,LAP3,LAP3,LAP3,LAP3,LAP3,LAP3,LAP3,CD86,LAP3,IGHD,LAP3,LAP3,LAP3,LAP3,LAP3,LAP3,LAP3,LAP3,RXFP1,LAP3,LAP3,LAP3,LAP3,LAP3,LAP3,LAP3
SLC25A13,CD24,CD81,HS3ST1,HS3ST1,HS3ST1,HS3ST1,HS3ST1,HS3ST1,HS3ST1,HS3ST1,DUSP1,PRDX6,ARHGEF18,ARHGEF18,TNFRSF1B,ARL1,CD27,CD27,S100A9,CLCA2,CD46,S100A12,CDKL2,EIF4E3,ARHGEF18,IGHV4-34,SLC25A3,RAB3GAP1,SELL,AHSA1,SAMD4A,MYO18B,HS3ST1,ATG4C,ARHGEF18,PGM1,SLC25A13,SELL,HNRNPA1,ARHGEF18,CACNA1H,ITGB1,RPL17,MYL9,CDK5R1,CD24,SLC25A13,TNFRSF14,TNFRSF10B,CDC42,CD46,HSPA5,CD27,HS3ST1,HS3ST1,HS3ST1,HS3ST1,HS3ST1,CXCR4,RAB3GAP1,HS3ST1,ARHGEF18,ACAP1,HS3ST1,HS3ST1,ATP10B,HS3ST1,HS3ST1,HS3ST1,SELL,ERCC8,HS3ST1,RP11-434H14.1,HS3ST1,HS3ST1,HS3ST1,HS3ST1,HS3ST1,HS3ST1,HS3ST1,SELL,HS3ST1,IGHM,HS3ST1,HS3ST1,HS3ST1,HS3ST1,HS3ST1,HS3ST1,HS3ST1,HS3ST1,AGTR2,HS3ST1,HS3ST1,HS3ST1,HS3ST1,HS3ST1,HS3ST1,HS3ST1
RAB3GAP1,LILRB2,CDH19,AOC1,AOC1,AOC1,AOC1,AOC1,AOC1,AOC1,AOC1,IER3,TNFRSF10B,IL1R2,ICAM2,CD70,TSEN2,CD86,CD86,S100A8,SAMD11,CD48,S100A9,IGSF22,MYO18B,ICAM2,IGHV1-69,RFT1,ENPP5,CD38,FKBP4,SASH1,KIAA0947,AOC1,VAMP3,ICAM2,MYCBP2,PIGL,CD38,PSMB2,IL1R2,MTOR,CD47,TNFRSF10B,DHX58,SLC25A13,LAPTM5,PNPLA6,IDS,ATP1B2,ICAM1,CD48,HSPA9,CD70,AOC1,AOC1,AOC1,AOC1,AOC1,ATAD3C,SLC25A39,AOC1,TNFAIP8,RAB3IL1,AOC1,AOC1,MTMR15,AOC1,AOC1,AOC1,ITGAM,NRGN,AOC1,RP11-646E18.4,AOC1,AOC1,AOC1,AOC1,AOC1,AOC1,AOC1,TNFSF14,AOC1,IGHE,AOC1,AOC1,AOC1,AOC1,AOC1,AOC1,AOC1,AOC1,MYLK,AOC1,AOC1,AOC1,AOC1,AOC1,AOC1,AOC1
CAV1,CD84,FZD4,WNT16,WNT16,WNT16,WNT16,WNT16,WNT16,WNT16,WNT16,JUN,CDH12,ERMAP,CLIC1,CD27,SFTPA1,CD70,CD70,VCAM1,RECQL4,CD59,S100A8,IGSF22,PRDX5,CLIC1,IGHV3-74,ARFGEF2,CLSTN1,IL1R2,STIP1,CD40,SLC25A13,WNT16,SNAP23,ARHGAP24,CD99,AGBL5,SLAMF7,EEF1A1,SELL,STAU2,SH3GL2,CD24,NR1H4,NDUFAF7,EIF4EBP1,ARHGEF16,KLHL7,NEDD9,VIM,CD59,HSPB1,CD86,WNT16,WNT16,WNT16,WNT16,WNT16,SLC22A18,RAB3GAP1,WNT16,ELMO1,TMEM176A,WNT16,WNT16,CLSTN2,WNT16,WNT16,WNT16,ITGB2,PRSS23,WNT16,RP11-812E19.12,WNT16,WNT16,WNT16,WNT16,WNT16,WNT16,WNT16,CD70,WNT16,TRA@,WNT16,WNT16,WNT16,WNT16,WNT16,WNT16,WNT16,WNT16,CDCA7,WNT16,WNT16,WNT16,WNT16,WNT16,WNT16,WNT16
SDCBP,LILRA3,GNB1,HECW1,HECW1,HECW1,HECW1,HECW1,HECW1,HECW1,HECW1,NFIL3,SLC25A13,FCGR2B,CAMK2B,TNFRSF9,TLE1,SLAMF1,SLAMF1,CD36,NPHP4,C8B,MNDA,MYH10,SLC25A13,CAMK2B,IGLV3-1,TNFRSF10B,HMGCS2,FASLG,BAG3,CD38,PNPLA1,HECW1,STXBP4,PTPRC,GPSM3,MYH10,CD244,VCP,PFN1,MRAP,SH3TC2,RPS10,HMGCS1,TMEM140,ARPC1B,TMEM176B,GNB1,MTCH2,IL1R1,C8B,HSPB8,CD28,HECW1,HECW1,HECW1,HECW1,HECW1,PLA2G16,SLC25A39,HECW1,CREBBP,GPR183,HECW1,HECW1,MYO18B,HECW1,HECW1,HECW1,S100A8,WRAP53,HECW1,IL13,HECW1,HECW1,HECW1,HECW1,HECW1,HECW1,HECW1,CD276,HECW1,TRD@,HECW1,HECW1,HECW1,HECW1,HECW1,HECW1,HECW1,HECW1,PRSS23,HECW1,HECW1,HECW1,HECW1,HECW1,HECW1,HECW1
PTGER4,PTPRC,PIK3R5,MAD1L1,MAD1L1,MAD1L1,MAD1L1,MAD1L1,MAD1L1,MAD1L1,MAD1L1,PLK2,MYCBP2,SH3BP5,SLC4A10,CD86,ABCD1,TNFSF14,TNFSF14,SELL,ARMC1,C8G,IFITM3,MYH10,PNPLA1,LAPTM5,IGKV1-39,SLC35A3,CPAMD8,TNFSF14,HSPB8,SLAMF7,PER3,MAD1L1,CDC42,CD47,PRKCQ,HRH1,CRTAM,PSMB6,FOS,RXRA,CWC27,CNOT6L,CDC42EP5,GPR15,TXNIP,CEP164,ARHGEF18,CYTH4,TLR2,C8G,HSPB3,ICOS,MAD1L1,MAD1L1,MAD1L1,MAD1L1,MAD1L1,TMEM176B,RAB3GAP1,MAD1L1,RAB31,SLC16A11,MAD1L1,MAD1L1,PKHD1L1,MAD1L1,MAD1L1,MAD1L1,S100A9,RAB3GAP1,MAD1L1,RP11-640N20.9,MAD1L1,MAD1L1,MAD1L1,MAD1L1,MAD1L1,MAD1L1,MAD1L1,TNFSF18,MAD1L1,TRG@,MAD1L1,MAD1L1,MAD1L1,MAD1L1,MAD1L1,MAD1L1,MAD1L1,MAD1L1,ARHGEF18,MAD1L1,MAD1L1,MAD1L1,MAD1L1,MAD1L1,MAD1L1,MAD1L1
CDC42EP5,CR1,CD53,LASP1,LASP1,LASP1,LASP1,LASP1,LASP1,LASP1,LASP1,TNFAIP3,ARNTL,CD40,SLC25A5,SLAMF1,DHX37,TNFSF18,TNFSF18,ITGAM,SLC4A10,C8A,IFI16,PPP1R3B,ARHGEF16,PFN1,IGHJ4,PVR,RAB11FIP1,TNFSF18,HSPB1,CD36,TSPAN6,LASP1,ARHGEF1,CD81,CD247,KIAA1217,CD28,PSMC6,JUN,PIK3R1,ARHGAP24,ARPC1B,ARHGAP24,ARHGEF16,SEC61G,MYO18B,RAB3GAP2,SH3GL2,ITGAM,C9,HSPB2,CTLA4,LASP1,LASP1,LASP1,LASP1,LASP1,HSPA6,SLC25A39,LASP1,CD40LG,ATG10,LASP1,LASP1,ARHGEF18,LASP1,LASP1,LASP1,VCAM1,TSPAN6,LASP1,SPTBN2,LASP1,LASP1,LASP1,LASP1,LASP1,LASP1,LASP1,SLAMF7,LASP1,TRB@,LASP1,LASP1,LASP1,LASP1,LASP1,LASP1,LASP1,LASP1,TNFAIP6,LASP1,LASP1,LASP1,LASP1,LASP1,LASP1,LASP1
RABEP1,SELL,SLC4A10,SNX11,SNX11,SNX11,SNX11,SNX11,SNX11,SNX11,SNX11,AREG,TFPT,HSPA1B,RAB11FIP1,CD48,PUSL1,TNFSF4,TNFSF4,ITGB2,INTS11,C6,IFI44L,PPP1R3B,GABBR1,FCN1,IGHJ6,NFKBIA,ARFGEF2,TNFSF4,HSPB6,ITGAM,TNFRSF14,SNX11,DNM2,CDH6,RPS11,SLC35E2,CD48,SNRNP70,EGR1,HSP90B1,SLC25A13,ARHGEF1,ARHGEF18,MYL9,HNRNPA1,RAB11FIP1,RAB11FIP1,MAPK10,SELL,CFB,HSPB9,PDCD1,SNX11,SNX11,SNX11,SNX11,SNX11,TNFAIP8,RAB3GAP1,SNX11,RPS4Y1,RNF130,SNX11,SNX11,SLC25A15,SNX11,SNX11,SNX11,CEACAM8,SLC25A13,SNX11,FIGNL2,SNX11,SNX11,SNX11,SNX11,SNX11,SNX11,SNX11,TNFRSF9,SNX11,IGH@,SNX11,SNX11,SNX11,SNX11,SNX11,SNX11,SNX11,SNX11,FAM19A5,SNX11,SNX11,SNX11,SNX11,SNX11,SNX11,SNX11
SLC35E2,CLEC1B,RASGRP1,TMEM176A,TMEM176A,TMEM176A,TMEM176A,TMEM176A,TMEM176A,TMEM176A,TMEM176A,IL1B,SLC30A9,KCNH2,STOM2,CD38,ARHGEF10,TNFSF9,TNFSF9,CEACAM8,DHX58,C7,IFI44,CHI3L1,PUSL1,THEM4,IGLC2,RAB1A,RAB2A,SLAMF1,CRYAB,SELL,MYOF,TMEM176A,AP1M2,ADAM17,RPS19,TMEM176A,CD5,HNRNPU,NR4A2,ELOVL5,RAB1A,MYO1C,TNFAIP8,CEP164,FKBP4,SH3BP5,ADCYAP1R1,RAB31,ITGB2,CFI,HSPB6,LAG3,TMEM176A,TMEM176A,TMEM176A,TMEM176A,TMEM176A,PMP2,SLC25A39,TMEM176A,EIF1AY,ZNF664,TMEM176A,TMEM176A,COL4A1,TMEM176A,TMEM176A,TMEM176A,FCGR3B,ENTPD5,TMEM176A,REV1,TMEM176A,TMEM176A,TMEM176A,TMEM176A,TMEM176A,TMEM176A,TMEM176A,CD28,TMEM176A,IGK@,TMEM176A,TMEM176A,TMEM176A,TMEM176A,TMEM176A,TMEM176A,TMEM176A,TMEM176A,MTMR10,TMEM176A,TMEM176A,TMEM176A,TMEM176A,TMEM176A,TMEM176A,TMEM176A
ARF6,CLEC4E,SH2D1A,M6PR,M6PR,M6PR,M6PR,M6PR,M6PR,M6PR,M6PR,KLF6,SLC39A14,SLC16A7,LAPTM5,CD160,VPS51,ICOSLG,ICOSLG,CEACAM6,TTLL10,C9,IFIT1,CHI3L1,CLSTN2,CD47,IGLC3,TMEM176B,SLC25A13,SLAMF6,DNAJB6,ITGB2,GPR157,M6PR,HIP1R,APBB1IP,RPS24,MTMR9,CD6,PSMC4,IER2,SGK1,RAB3GAP1,EIF4EBP1,SLC35E2,EIF4EBP3,VCP,PUS10,RNPEP,STK17A,CXCL8,MBL2,HSPB7,HAVCR2,M6PR,M6PR,M6PR,M6PR,M6PR,WNT5A,RAB3GAP1,M6PR,DDX3Y,CEP164,M6PR,M6PR,TNFRSF10B,M6PR,M6PR,M6PR,MNDA,GNB1,M6PR,SPNS2,M6PR,M6PR,M6PR,M6PR,M6PR,M6PR,M6PR,CD244,M6PR,IGL@,M6PR,M6PR,M6PR,M6PR,M6PR,M6PR,M6PR,M6PR,PLEKHA1,M6PR,M6PR,M6PR,M6PR,M6PR,M6PR,M6PR
CEP170B,LY9,PTPRC,CYP26B1,CYP26B1,CYP26B1,CYP26B1,CYP26B1,CYP26B1,CYP26B1,CYP26B1,PTGS2,ZNF592,CDK5R1,PFN1,SLAMF6,HNRNPA1,CD28,TNFRSF25,MNDA,AKR1C1,MASP2,IFIT2,ARHGEF15,CCDC109B,TLN1,IGKC,SEC61A1,PNPLA1,SLAMF7,DNAJB8,CEACAM8,MAST4,CYP26B1,CLTC,VAV1,RPS26,CACNA1E,CD2,HNRNPC,DUSP1,MAPK10,PDCD6IP,S100A9,P4HA2,SLC35E2,YWHAE,GNB4,EFEMP1,CDCA7,CCL2,SERPING1,HSPB11,BTLA,CYP26B1,CYP26B1,CYP26B1,CYP26B1,CYP26B1,PRSS2,SLC25A39,CYP26B1,USP9Y,MYO16,CYP26B1,CYP26B1,SLC9A1,CYP26B1,CYP26B1,CYP26B1,CEACAM6,ATP1B2,CYP26B1,KLHL2,CYP26B1,CYP26B1,CYP26B1,CYP26B1,CYP26B1,CYP26B1,CYP26B1,CD48,CYP26B1,HIST1H1C,CYP26B1,CYP26B1,CYP26B1,CYP26B1,CYP26B1,CYP26B1,CYP26B1,CYP26B1,RASGRP3,CYP26B1,CYP26B1,CYP26B1,CYP26B1,CYP26B1,CYP26B1,CYP26B1
RAB11FIP1,CD300E,CORO1A,ICA1,ICA1,ICA1,ICA1,ICA1,ICA1,ICA1,ICA1,CXCL2,ATP10B,SH3GL2,ACTB,CD28,SRSF7,CD244,CD28,CLEC4E,SLC25A13,CFB,OASL,ARHGEF15,DHX58,LCP2,TRBJ2-7,VCP,CEP164,SLAMF8,DNAJB9,CEACAM6,CPAMD8,ICA1,PICALM,RASGRP1,RPS27,RAB3IL1,CD3G,RPA1,ZFP36,IRS2,SLC39A14,SAMD4A,PRDX5,NDUFB6,TOMM22,ATP1B2,MYO18B,CDC42EP5,IL6,MASP2,HSPB10,CD244,ICA1,ICA1,ICA1,ICA1,ICA1,TNFSF10,RAB3GAP1,ICA1,UTY,SLC25A39,ICA1,ICA1,PLEKHA7,ICA1,ICA1,ICA1,MMP8,CDCA7L,ICA1,SNORD22,ICA1,ICA1,ICA1,ICA1,ICA1,ICA1,ICA1,CD84,ICA1,HIST1H2AC,ICA1,ICA1,ICA1,ICA1,ICA1,ICA1,ICA1,ICA1,PIK3R1,ICA1,ICA1,ICA1,ICA1,ICA1,ICA1,ICA1
RIT1,LAIR1,ITM2B,DBNDD1,DBNDD1,DBNDD1,DBNDD1,DBNDD1,DBNDD1,DBNDD1,DBNDD1,CXCL1,SLC35F3,RIPK2,VIM,CD229,GTF2IP1,BTLA,CD244,LY96,CDCA7L,CFI,OAS3,SNTB1,ARMC10,S100A9,TRAV12-2,COG4,MYO18B,SLAMF9,DNAJC15,CEACAM3,TNIP1,DBNDD1,RAB1A,PTPN6,RPS27A,VAV3,CD3D,PSMC2,AREG,HRAS,ATP13A4,RAB11FIP5,CDC42EP4,INTS1,SF3B4,CDCA7L,RAB11FIP2,ARHGAP24,MMP9,MASP1,HSPB1AP,CD160,DBNDD1,DBNDD1,DBNDD1,DBNDD1,DBNDD1,MT1E,SLC25A39,DBNDD1,TMSB10,TMEM175,DBNDD1,DBNDD1,MYO16,DBNDD1,DBNDD1,DBNDD1,MMP9,SH3GL2,DBNDD1,LINC01046,DBNDD1,DBNDD1,DBNDD1,DBNDD1,DBNDD1,DBNDD1,DBNDD1,CD229,DBNDD1,HIST1H4C,DBNDD1,DBNDD1,DBNDD1,DBNDD1,DBNDD1,DBNDD1,DBNDD1,DBNDD1,ARHGAP24,DBNDD1,DBNDD1,DBNDD1,DBNDD1,DBNDD1,DBNDD1,DBNDD1
PIK3R5,SIGLEC5,TYROBP,ALS2,ALS2,ALS2,ALS2,ALS2,ALS2,ALS2,ALS2,IL6,P2RX5,ADAM19,2-Sep,CD244,RNF17,VTCN1,BTLA,LBP,TMEM176A,C2,OAS2,SNTB1,TSPAN18,S100A8,TRDV3,SLC35C1,RAB3GAP2,CD244,HSP40,FCGR3B,MTMR15,ALS2,RAB5A,CD38,RPS28,CHST11,CD3E,PSMD13,IL6,ITPR1,CEP164,RAB1A,ARHGAP35,CLIC4,PRDX5,ARHGAP24,RABEP1,SORL1,VEGFA,FCN3,HSPD1,TNFSF4,ALS2,ALS2,ALS2,ALS2,ALS2,MT1M,RAB3GAP1,ALS2,CD38,INPP5F,ALS2,ALS2,FAM151A,ALS2,ALS2,ALS2,S100A12,MYO18B,ALS2,RP11-248M19.2,ALS2,ALS2,ALS2,ALS2,ALS2,ALS2,ALS2,SLAMF1,ALS2,HIST2H2BF,ALS2,ALS2,ALS2,ALS2,ALS2,ALS2,ALS2,ALS2,CYTH4,ALS2,ALS2,ALS2,ALS2,ALS2,ALS2,ALS2
DNAJC1,CD200,LAIR1,CASP10,CASP10,CASP10,CASP10,CASP10,CASP10,CASP10,CASP10,IL1A,SLC39A8,STXBP2,COR1A,CD84,MYO18B,CD48,ICOS,HP,ANKRD65,ITIH4,MX1,CCDC168,RAB3IL1,CORO1A,TRA@,RAB5C,RAB10,CD48,HSPA9,FCGR2A,USP39,CASP10,RAB7A,SLAMF1,RPS29,ARNTL,LCK,PSMD11,IL1B,SLC2A4,MYO18B,FTH1,SLC39A14,TMEM176B,HSPA8,SLC9A1,RABEPK,PTP4A1,CXCL10,FCN2,HSP90AB1,TNFSF9,CASP10,CASP10,CASP10,CASP10,CASP10,MT1G,SLC25A39,CASP10,FCGR1A,ARNTL2,CASP10,CASP10,FAM178B,CASP10,CASP10,CASP10,AREG,SLC25A20,CASP10,C10orf55,CASP10,CASP10,CASP10,CASP10,CASP10,CASP10,CASP10,CD160,CASP10,HIST1H2AG,CASP10,CASP10,CASP10,CASP10,CASP10,CASP10,CASP10,CASP10,PLEK,CASP10,CASP10,CASP10,CASP10,CASP10,CASP10,CASP10
ARHGAP24,CD300LF,HCK,CFLAR,CFLAR,CFLAR,CFLAR,CFLAR,CFLAR,CFLAR,CFLAR,CSF3,SLC35E2,SH2D1B,EZR,CD96,SEC14L1,CD58,TNFRSF18,ORM1,USP34,APOH,ISG15,CCDC168,EFEMP1,ITGAM,TRB@,RAB7A,RAB11FIP4,CD58,HSPD1,FCGR3A,ARID1B,CFLAR,RAB10,CD53,RPL3,GPR158,ZAP70,PSMD7,CCL2,PDGFRA,RABEP1,S100A8,EIF4EBP1,VAMP3,HSPA4,RABEP1,RABGAP1,SLC39A14,CXCL9,FCN1,HSP90AA1,TNFSF10,CFLAR,CFLAR,CFLAR,CFLAR,CFLAR,MT1F,RAB3GAP1,CFLAR,CD63,TAFAZZIN,CFLAR,CFLAR,KIAA1217,CFLAR,CFLAR,CFLAR,TNFAIP6,CHMP4C,CFLAR,RP11-46F15.2,CFLAR,CFLAR,CFLAR,CFLAR,CFLAR,CFLAR,CFLAR,CD27,CFLAR,HIST1H2AL,CFLAR,CFLAR,CFLAR,CFLAR,CFLAR,CFLAR,CFLAR,CFLAR,ITGA6,CFLAR,CFLAR,CFLAR,CFLAR,CFLAR,CFLAR,CFLAR
SLC9A6,PILRA,CD3G,TFPI,TFPI,TFPI,TFPI,TFPI,TFPI,TFPI,TFPI,PTGES,TNFRSF1B,PTPRC,LCP1,CD226,RAB3GAP1,CD84,CD48,ORM2,PLEKHM1,ORM1,HERC5,SLC16A11,C6orf223,SELL,TRG@,STT3A,RAB30,CD84,HSPE1,C3AR1,FAM151A,TFPI,RAB11A,CD48,RPL4,WDR60,ITK,PSMD2,CXCL8,PRKCA,SLC35C2,VIM,SLC35F3,RAB3GAP1,HNRNPM,RAB3GAP2,RABGEF1,ARHGEF1,CXCL11,CLGN,HSP40,TNFSF11,TFPI,TFPI,TFPI,TFPI,TFPI,MT1H,SLC25A39,TFPI,LCP2,RAB3GAP1,TFPI,TFPI,SLC39A10,TFPI,TFPI,TFPI,ICAM1,LYN,TFPI,EGLN3,TFPI,TFPI,TFPI,TFPI,TFPI,TFPI,TFPI,CD2,TFPI,HIST1H2AE,TFPI,TFPI,TFPI,TFPI,TFPI,TFPI,TFPI,TFPI,SLC9A3R1,TFPI,TFPI,TFPI,TFPI,TFPI,TFPI,TFPI
PIP5K1C,CD300A,LY9,NDUFAF7,NDUFAF7,NDUFAF7,NDUFAF7,NDUFAF7,NDUFAF7,NDUFAF7,NDUFAF7,TNFSF10,SLC35C1,VAV1,TMSB4X,CD58,AGAP2,SLAMF6,CD160,SAA1,FAM150B,ORM2,UBE2L6,SLC16A11,TMEM176A,CYBB,TRD@,MAGT1,RAB3D,CXCR4,TRAP1,C5L2,CCDC170,NDUFAF7,RAB18,CORO1A,RPL5,MYO18B,LAT,PSMA7,CXCL10,PRKCB,SLC30A9,ACTB,P2RX4,RAB1A,HSP90AB1,LYN,RABGGTA,EIF4EBP1,IFNG,SSR4,HSP70,TNFSF12,NDUFAF7,NDUFAF7,NDUFAF7,NDUFAF7,NDUFAF7,MT1X,RAB3GAP1,NDUFAF7,FYB,RAB3GAP2,NDUFAF7,NDUFAF7,C1orf54,NDUFAF7,NDUFAF7,NDUFAF7,NAMPT,VPS51,NDUFAF7,HS6ST1,NDUFAF7,NDUFAF7,NDUFAF7,NDUFAF7,NDUFAF7,NDUFAF7,NDUFAF7,CD3G,NDUFAF7,HIST1H2BC,NDUFAF7,NDUFAF7,NDUFAF7,NDUFAF7,NDUFAF7,NDUFAF7,NDUFAF7,NDUFAF7,FLT1,NDUFAF7,NDUFAF7,NDUFAF7,NDUFAF7,NDUFAF7,NDUFAF7,NDUFAF7
DNM1L,CLEC4C,PTPN6,RBM5,RBM5,RBM5,RBM5,RBM5,RBM5,RBM5,RBM5,VEGFA,SLC39A10,RASGRP1,ANXA1,CD59,NARS,SLAMF7,CD226,SFTPA1,GNB1,C3,RSAD2,RASGRP1,TMEM176B,ITGB2,OR4F5,TMEM39A,RAB32,CXCR3,GrpE,FPR2,SEC14L3,RBM5,RAB21,LY9,RPL6,SLC38A1,SYK,PSMB4,CXCL11,PRKCG,SLC44A4,TYROBP,ARHGEF19,RAB3GAP2,HSP90AA1,EIF4EBP3,RABGGTB,ARL4A,IL10,CALR,HSPBP1,TNFSF13,RBM5,RBM5,RBM5,RBM5,RBM5,MT1A,SLC25A39,RBM5,LAIR1,LYPD6B,RBM5,RBM5,EIF2B2,RBM5,RBM5,RBM5,OLR1,DNAJC1,RBM5,ERVK-28,RBM5,RBM5,RBM5,RBM5,RBM5,RBM5,RBM5,CD3D,RBM5,HIST1H2BD,RBM5,RBM5,RBM5,RBM5,RBM5,RBM5,RBM5,RBM5,INPP5D,RBM5,RBM5,RBM5,RBM5,RBM5,RBM5,RBM5
ARHGEF1,CLEC10A,CD3D,MTMR7,MTMR7,MTMR7,MTMR7,MTMR7,MTMR7,MTMR7,MTMR7,CXCL3,SLC35B1,CD86,S100A4,CD44,SLC25A3,SLAMF8,CD2,SFTPA2,GPR157,F13A1,DDX58,RASGRP1,SLC22A23,AIF1,OR4F29,VAMP3,RAB38,CXCR6,HSP70,FPR1,PIK3R4,MTMR7,RAB22A,PTPN22,RPL7,EIF4E3,PLCG1,PSMC3,TNFAIP6,PRKCD,ATP1B1,S100P,ATP1B1,LYN,AHSA1,APITD1,RABGGTB,ARF6,TGFB1,CANX,HSPCAL1,TNFSF13B,MTMR7,MTMR7,MTMR7,MTMR7,MTMR7,MT1L,RAB3GAP1,MTMR7,PTPRC,TMEM176B,MTMR7,MTMR7,AKAP12,MTMR7,MTMR7,MTMR7,PTX3,CEP164,MTMR7,TMEM154,MTMR7,MTMR7,MTMR7,MTMR7,MTMR7,MTMR7,MTMR7,CD3E,MTMR7,HIST1H2AK,MTMR7,MTMR7,MTMR7,MTMR7,MTMR7,MTMR7,MTMR7,MTMR7,ADAMTS1,MTMR7,MTMR7,MTMR7,MTMR7,MTMR7,MTMR7,MTMR7
MYO1C,CD300L,LCK,SLC7A2,SLC7A2,SLC7A2,SLC7A2,SLC7A2,SLC7A2,SLC7A2,SLC7A2,CCL20,SLC39A1,PIK3R1,S100A11,CD1C,LYN,SLAMF9,CD3G,SFTPA1P,TMEM176B,FGA,IRF7,ARHGEF19,INTS1,FCGR1B,OR4F16,SEC24C,RAB40A,CCR7,HSPBP1,CXCR4,SLC9A1,SLC7A2,RAB27A,CD226,RPL7A,CEP170B,VAV1,PSMD1,TNFAIP3,PRKCE,ARPC1A,LGALS3,SLC35D3,ATP1B2,STIP1,ATP6V1H,RABIN8,PIK3R1,SERPINE1,PDIA3,HSPCAL2,TNFSF14,SLC7A2,SLC7A2,SLC7A2,SLC7A2,SLC7A2,MT1P,SLC25A39,SLC7A2,CD3D,SLC30A7,SLC7A2,SLC7A2,SLC38A7,SLC7A2,SLC7A2,SLC7A2,MMP1,RABEP1,SLC7A2,RNA5SP323,SLC7A2,SLC7A2,SLC7A2,SLC7A2,SLC7A2,SLC7A2,SLC7A2,CD4,SLC7A2,HIST1H2AB,SLC7A2,SLC7A2,SLC7A2,SLC7A2,SLC7A2,SLC7A2,SLC7A2,SLC7A2,CD40,SLC7A2,SLC7A2,SLC7A2,SLC7A2,SLC7A2,SLC7A2,SLC7A2
EHD1,CD300S,CD3E,ARF5,ARF5,ARF5,ARF5,ARF5,ARF5,ARF5,ARF5,IL1RN,RAB4B,ITGB2,S100A10,CD1B,EXOC3,CD160,CD3D,SFTPA2P,SLC39A11,FGB,IRF9,ARHGEF19,ATP10A,FCGR2A,SAMD11,SLC39A8,RAB40B,CCR2,HSPBAP1,CXCR2,TMEM176A,ARF5,RAB29,CD84,RPL8,TANC1,CARD11,PSMA6,NFKBIA,PRKCH,SLC35F1,CTSC,SLC25A39,PFN1,PTGES3,SLC39A14,RABKINESIN,ARHGEF16,PLAU,PDIA4,HSPCAL3,TNFSF15,ARF5,ARF5,ARF5,ARF5,ARF5,MT1J,RAB3GAP1,ARF5,LCK,ZNF704,ARF5,ARF5,RAB3GAP1,ARF5,ARF5,ARF5,CXCL8,RAB3IL1,ARF5,C1orf52,ARF5,ARF5,ARF5,ARF5,ARF5,ARF5,ARF5,CD8A,ARF5,HIST1H2BG,ARF5,ARF5,ARF5,ARF5,ARF5,ARF5,ARF5,ARF5,HGFAC,ARF5,ARF5,ARF5,ARF5,ARF5,ARF5,ARF5
PLD1,SIGLEC16,ZAP70,SARM1,SARM1,SARM1,SARM1,SARM1,SARM1,SARM1,SARM1,CXCL10,SLC35A4,CYBB,AHNAK,CD1A,CEP170B,CD229,CD3E,SFTPD,PIGC,FGG,STAT1,CEP120,MTMR9,MS4A4A,NOC2L,RAB10,RAB40C,CCR1,HSPCAL1,CXCR1,NFKBIA,SARM1,RAB31,CD2,RPL9,LRRC47,BCL10,PSMB5,ICAM1,PRKCI,SLC35E2,AIF1,SLC35C2,SEC24C,DNAJB1,SLC35F5,RABLA,RAB2A,MMP2,PDIA6,HSPCA,TNFSF18,SARM1,SARM1,SARM1,SARM1,SARM1,MT2A,SLC25A39,SARM1,CD28,ARHGEF10,SARM1,SARM1,ARHGEF10,SARM1,SARM1,SARM1,CXCL1,RAB34,SARM1,RP11-349L8.1,SARM1,SARM1,SARM1,SARM1,SARM1,SARM1,SARM1,CD8B,SARM1,HIST1H2AI,SARM1,SARM1,SARM1,SARM1,SARM1,SARM1,SARM1,SARM1,TNFRSF1B,SARM1,SARM1,SARM1,SARM1,SARM1,SARM1,SARM1
RAB3IP,CD300B,ITK,POLDIP2,POLDIP2,POLDIP2,POLDIP2,POLDIP2,POLDIP2,POLDIP2,POLDIP2,CCL2,SLC35A3,SELL,CD47,CD1D,ARFIP2,CRACC,CD4,SLURP1,SEC14L1,SERPING1,STAT2,CEP120,CDH13,MS4A6A,KLHL17,RAB11A,RAB5A,XCL1,HSPCAL2,CCR7,CEP170B,POLDIP2,RAB39B,ITGAM,RPL10,ATP8B2,MALT1,PSMA3,VCAM1,PRKCQ,RAB2A,PF4,SLC39A8,SLC39A8,HSPH1,RAB2A,RABIF,VAV3,MMP3,PDIA5,HSPCB,TNFRSF1B,POLDIP2,POLDIP2,POLDIP2,POLDIP2,POLDIP2,MT1IP,RAB3GAP1,POLDIP2,ITK,KIAA1755,POLDIP2,POLDIP2,KIAA1804,POLDIP2,POLDIP2,POLDIP2,CXCL2,SLC35F1,POLDIP2,HACD3,POLDIP2,POLDIP2,POLDIP2,POLDIP2,POLDIP2,POLDIP2,POLDIP2,CD7,POLDIP2,HIST1H2AJ,POLDIP2,POLDIP2,POLDIP2,POLDIP2,POLDIP2,POLDIP2,POLDIP2,POLDIP2,CD86,POLDIP2,POLDIP2,POLDIP2,POLDIP2,POLDIP2,POLDIP2,POLDIP2
INPP5D,CLEC9A,LAT,PLXND1,PLXND1,PLXND1,PLXND1,PLXND1,PLXND1,PLXND1,PLXND1,CXCL5,SLC35A2,FCGR1B,FYB,FCGR3A,NUP50,NTB-A,CD8A,LTF,ABHD17A,F10,HLA-DPA1,CEP85L,ZNF664,MS4A7,PLEKHM1,RAB11FIP1,RAB5C,CCL11,HSP90,CCR5,RABEPK1,PLXND1,RAB3D,ITGB2,RPL10A,SLC25A39,PRKCQ,PSMA5,SELE,PRKCZ,SLC25A4,IFITM1,SLC35B2,SLC35C2,HSPH2,SLC35C1,RABL2A,ARHGEF12,TIMP1,PDIA2,HSPCC,TNFRSF25,PLXND1,PLXND1,PLXND1,PLXND1,PLXND1,MT1Q,SLC25A39,PLXND1,CD247,SLC39A14,PLXND1,PLXND1,SLC27A4,PLXND1,PLXND1,PLXND1,CXCL3,RAB2A,PLXND1,VN1R91P,PLXND1,PLXND1,PLXND1,PLXND1,PLXND1,PLXND1,PLXND1,CD5,PLXND1,HIST1H3C,PLXND1,PLXND1,PLXND1,PLXND1,PLXND1,PLXND1,PLXND1,PLXND1,ETS1,PLXND1,PLXND1,PLXND1,PLXND1,PLXND1,PLXND1,PLXND1
ARAP1,LILRA1,SYK,AK2,AK2,AK2,AK2,AK2,AK2,AK2,AK2,CXCL6,SLC36A1,LYN,AIF1,FCGR3B,SLC35F5,CD2,CD8B,MPO,RGS20,F5,HLA-DPB1,CEP85L,CEP128,LILRB2,H19,RAB11FIP5,RAB6A,CCL24,FKBP5,CCR2,CHST11,AK2,RAB34,LCK,RPL11,TMEM171,PRKCB,PSMB7,CSF3,PRKD1,RAB34,CD63,SLC39A11,ATP6V1B,FKBP10,SLC35A1,RABL2B,RAB3C,TIMP2,ERP44,HSPCD,TNFRSF4,AK2,AK2,AK2,AK2,AK2,MT1Y,RAB3GAP1,AK2,TRAC,NPHP1,AK2,AK2,CEP170B,AK2,AK2,AK2,IL1B,RAB3D,AK2,AC008984.2,AK2,AK2,AK2,AK2,AK2,AK2,AK2,CD6,AK2,HIST1H3D,AK2,AK2,AK2,AK2,AK2,AK2,AK2,AK2,CD276,AK2,AK2,AK2,AK2,AK2,AK2,AK2
RAB5C,LILRB4,PLCG1,CD38,CD38,CD38,CD38,CD38,CD38,CD38,CD38,PTGES2,SLC37A1,PTPN6,LILRA2,FCGR2A,KIAA0907,CD3E,CD45,CTSG,SLC25A39,PROS1,HLA-DRA,KIAA1755,MYRIP,LILRA5,AGRN,RAB12,RAB6C,CCL2,PPIA,CCR1,HIVEP3,CD38,RAB38,ITGAL,RPL12,SLC39A12,IKBKB,PSMC1,PTGS2,PRKD2,RAB3C,IL1R2,SLC39A7,STAU1,FKBP5,RAB34,RABL3,ARHGEF10,ELANE,HYOU1,HSPCE,TNFRSF9,CD38,CD38,CD38,CD38,CD38,MT1Z,SLC25A39,CD38,TRBC1,KIAA0317,CD38,CD38,TBC1D1,CD38,CD38,CD38,IL6,RAB3C,CD38,TNKS2-AS1,CD38,CD38,CD38,CD38,CD38,CD38,CD38,CD38,CD38,HIST1H3F,CD38,CD38,CD38,CD38,CD38,CD38,CD38,CD38,JAG1,CD38,CD38,CD38,CD38,CD38,CD38,CD38
RAB34,LILRA2,VAV1,FKBP4,FKBP4,FKBP4,FKBP4,FKBP4,FKBP4,FKBP4,FKBP4,MMP9,SLC38A10,ITGAM,LILRB2,FCGR2B,SEC24C,CD3D,CD69,ELANE,P2RY1,PROC,HLA-DRB1,KIAA1755,ARHGAP24,CEACAM8,TTLL10,RAB13,RAB7A,CCL19,PPIB,CX3CR1,SEMA6A,FKBP4,RAB40A,CD3G,RPL13,WDR7,NFKB1,PSMA2,CXCL2,PRKD3,SLC22A12,ITM2B,SLC35A1,SLC35A3,PPIA,SLC35B2,RABL5,RAB11FIP1,MPO,HSP90B1,HSPCF,TNFRSF17,FKBP4,FKBP4,FKBP4,FKBP4,FKBP4,MT1K,RAB3GAP1,FKBP4,TRBC2,ATP6V1G2,FKBP4,FKBP4,SLC22A12,FKBP4,FKBP4,FKBP4,IL1R1,RAB38,FKBP4,RN7SKP152,FKBP4,FKBP4,FKBP4,FKBP4,FKBP4,FKBP4,FKBP4,CD44,FKBP4,HIST1H3B,FKBP4,FKBP4,FKBP4,FKBP4,FKBP4,FKBP4,FKBP4,FKBP4,APOLD1,FKBP4,FKBP4,FKBP4,FKBP4,FKBP4,FKBP4,FKBP4
ARHGEF18,SIGLEC7,PRKCQ,KDM1A,KDM1A,KDM1A,KDM1A,KDM1A,KDM1A,KDM1A,KDM1A,ADM,SLC38A8,TLR2,PTPRC,FCGR2C,SLC35F1,CD3G,CD25,AZU1,ARHGEF16,F11,HLA-DQB1,DNAH10,ZNF804B,CEACAM6,TNFRSF18,RAB14,RAB7L1,CCL17,PPID,XCR1,ARL15,KDM1A,RAB40B,CD3D,RPL14,ZNF592,NFKB2,PSMD12,CXCL3,AKT1,SLC25A39,CD14,SLC35A4,RAB2A,PPIB,SLC35D1,RABL6,RAB14,S100A8,DNAJB11,HSPCG,TNFRSF13B,KDM1A,KDM1A,KDM1A,KDM1A,KDM1A,MT1D,SLC25A39,KDM1A,IGHM,RABEPK,KDM1A,KDM1A,ARHGEF19,KDM1A,KDM1A,KDM1A,IL1R2,RAB31,KDM1A,AC008154.4,KDM1A,KDM1A,KDM1A,KDM1A,KDM1A,KDM1A,KDM1A,CD58,KDM1A,HIST1H4B,KDM1A,KDM1A,KDM1A,KDM1A,KDM1A,KDM1A,KDM1A,KDM1A,SELE,KDM1A,KDM1A,KDM1A,KDM1A,KDM1A,KDM1A,KDM1A
RAB10,LILRB1,RAC2,RBM6,RBM6,RBM6,RBM6,RBM6,RBM6,RBM6,RBM6,CD40,SLC38A7,CEACAM8,PTPN6,ITGAM,RAB11FIP1,CD247,CD127,PRTN3,TSPAN13,F12,HLA-DQA1,DNAH10,WDR86,CEACAM3,TNFRSF4,RAB18,RAB8A,CCL22,FKBP1A,CMKLR1,FBN1,RBM6,RAB40C,CD3E,RPL15,POMT1,RELA,PSMD8,CCL20,AKT2,RAB27A,SELL,SLC35A6,ATP6AP1,PPID,SLC35A3,RABLL1,RAB1B,S100A9,HSPH1,HSPCH1,TNFRSF8,RBM6,RBM6,RBM6,RBM6,RBM6,MT1C,RAB3GAP1,RBM6,IGHD,GOLGA6L4,RBM6,RBM6,SLC39A11,RBM6,RBM6,RBM6,IL1RN,RAB11FIP1,RBM6,LINC01518,RBM6,RBM6,RBM6,RBM6,RBM6,RBM6,RBM6,CD96,RBM6,HIST1H4D,RBM6,RBM6,RBM6,RBM6,RBM6,RBM6,RBM6,RBM6,VWF,RBM6,RBM6,RBM6,RBM6,RBM6,RBM6,RBM6
RAB11FIP4,LILRA6,PAK2,CAMKK1,CAMKK1,CAMKK1,CAMKK1,CAMKK1,CAMKK1,CAMKK1,CAMKK1,NFKBIA,SLC38A2,CLEC4E,PTPN11,ITGB2,STAU2,CD4,HLA-DRA,RNASE3,TNFRSF10B,KNG1,APOL1,ZNF664,SLC30A8,MNDA,DCST2,RAB1B,RAB8B,CXCL13,FKBP1B,GPR84,PDGFD,CAMKK1,RAB43,CD247,RPL17,KIAA1671,RELB,PSMD9,IL1A,AKT3,RAB38,S100A12,SLC35A5,RAB1B,PPIG,SLC35B1,RABLL1,RAB5A,S100A12,HSPA5,HSPCH2,TNFRSF10B,CAMKK1,CAMKK1,CAMKK1,CAMKK1,CAMKK1,MT1B,SLC25A39,CAMKK1,IGHG1,SLC39A11,CAMKK1,CAMKK1,SLC44A4,CAMKK1,CAMKK1,CAMKK1,IL1A,RAB13,CAMKK1,RP5-1096D14.3,CAMKK1,CAMKK1,CAMKK1,CAMKK1,CAMKK1,CAMKK1,CAMKK1,CD226,CAMKK1,HIST1H1B,CAMKK1,CAMKK1,CAMKK1,CAMKK1,CAMKK1,CAMKK1,CAMKK1,CAMKK1,CD48,CAMKK1,CAMKK1,CAMKK1,CAMKK1,CAMKK1,CAMKK1,CAMKK1
RAB3IL1,SIGLEC9,MAPK8,RECQL,RECQL,RECQL,RECQL,RECQL,RECQL,RECQL,RECQL,ICAM1,SLC38A1,FCGR1A,HCPH,ITGAX,SLC29A1,CD8A,HLA-DRB1,RNASE2,SLC35E2,PLG,APOL2,ZNF664,KIAA1755,CLEC4E,C1orf170,RAB2A,RAB9A,CXCL12,FKBP1AP1,GPR15,POMC,RECQL,RAB44,ZAP70,RPL18,CEP70,IKBKG,PSMD4,OSM,PAK1,RAB3D,MNDA,SLC37A1,ATP6V1A,PPIH,RAB10,RABLL1,RAB3D,VCAM1,HSPA9,HSPCH3,TNFRSF10A,RECQL,RECQL,RECQL,RECQL,RECQL,MT2,RAB3GAP1,RECQL,IGHG2,APITD1,RECQL,RECQL,SLC39A14,RECQL,RECQL,RECQL,IL36G,RAB12,RECQL,Y_RNA,RECQL,RECQL,RECQL,RECQL,RECQL,RECQL,RECQL,CD221,RECQL,HIST1H1D,RECQL,RECQL,RECQL,RECQL,RECQL,RECQL,RECQL,RECQL,SELL,RECQL,RECQL,RECQL,RECQL,RECQL,RECQL,RECQL
RAB8A,LILRB3,MAPK9,VPS50,VPS50,VPS50,VPS50,VPS50,VPS50,VPS50,VPS50,IL8,SLC39A7,ITGAX,SH2D1A,ITGAL,TMEM11,CD8B,HLA-DPB1,RNASE1,PTP4A1,SERPINA1,APOL3,MYO18B,C16orf91,CLEC5A,HES4,RAB2B,RAB9B,CXCL9,FKBP1AP2,ACKR1,TLE1,VPS50,RAB13,LAT,RPL19,ZNF644,IKBGA,PSMD3,LIF,PAK2,RAB39B,CLEC4E,SLC38A2,RAB3D,PPIAL4,RAB11FIP2,RABLL1,RAB3GAP1,SELE,HSP90AA1,HSPCH4,TNFRSF10D,VPS50,VPS50,VPS50,VPS50,VPS50,DNAJB1,SLC25A39,VPS50,IGHG3,SLC35F3,VPS50,VPS50,SLC39A8,VPS50,VPS50,VPS50,IL36RN,RAB1B,VPS50,CCNDBP1,VPS50,VPS50,VPS50,VPS50,VPS50,VPS50,VPS50,CD112,VPS50,HIST1H1E,VPS50,VPS50,VPS50,VPS50,VPS50,VPS50,VPS50,VPS50,ITGAM,VPS50,VPS50,VPS50,VPS50,VPS50,VPS50,VPS50
RAB1A,CLEC14A,MAPK10,HSPB6,HSPB6,HSPB6,HSPB6,HSPB6,HSPB6,HSPB6,HSPB6,SAA1,SLC39A6,MNDA,SH3BP2,ITGAD,RAB3IP,CD19,HLA-DPA1,RNASE6,SLC38A10,SERPINA3,MPEG1,MYO18B,C5orf30,CLEC4C,ISG15,RAB2L,RAB12,CXCL10,FKBP1AP3,ACKR3,TMEM175,HSPB6,RAB20,RAC2,RPL21,ZNF516,MAP3K14,PSMD6,IFNB1,PAK3,RAB40A,LILRB2,SLC38A10,ATP6AP2,FKBP1A,RAB11FIP4,RABLL1,RAB3IP,PTPRC,HSP90AB1,HSPCH70,TNFRSF12A,HSPB6,HSPB6,HSPB6,HSPB6,HSPB6,HSPB1,RAB3GAP1,HSPB6,IGHG4,RAB2A,HSPB6,HSPB6,SLC39A9,HSPB6,HSPB6,HSPB6,IL36A,RAB1A,HSPB6,HMGN2P27,HSPB6,HSPB6,HSPB6,HSPB6,HSPB6,HSPB6,HSPB6,CD155,HSPB6,HIST1H2AM,HSPB6,HSPB6,HSPB6,HSPB6,HSPB6,HSPB6,HSPB6,HSPB6,ITGB2,HSPB6,HSPB6,HSPB6,HSPB6,HSPB6,HSPB6,HSPB6
RAB21,CLEC5A,MAPK14,ARHGAP33,ARHGAP33,ARHGAP33,ARHGAP33,ARHGAP33,ARHGAP33,ARHGAP33,ARHGAP33,CXCL11,SLC39A4,CEACAM6,VAV1,ITGA1,GTF2H1,CD79A,HLA-DQB1,DEFA4,ATAD3C,SERPINC1,CD163,SLC22A12,SLC38A10,CLEC7A,AGRN,RAB31,RAB13,CXCL11,FKBP1AP4,ACKR4,SLC25A38,ARHGAP33,RAB2B,PLCG1,RPL22,INPP5F,MAP3K1,PSMD10,IL1RN,PAK4,RAB40B,CD163,SLC38A9,ATP6V1E1,FKBP1B,RAB12,RABLL1,RAB7A,CD14,AHSA1,HSPCM1,TNFRSF19,ARHGAP33,ARHGAP33,ARHGAP33,ARHGAP33,ARHGAP33,HSPA1B,SLC25A39,ARHGAP33,IGHA1,SLC39A12,ARHGAP33,ARHGAP33,SLC41A2,ARHGAP33,ARHGAP33,ARHGAP33,IL36B,RAB40B,ARHGAP33,RP11-521D12.1,ARHGAP33,ARHGAP33,ARHGAP33,ARHGAP33,ARHGAP33,ARHGAP33,ARHGAP33,CD11a,ARHGAP33,HIST2H2BE,ARHGAP33,ARHGAP33,ARHGAP33,ARHGAP33,ARHGAP33,ARHGAP33,ARHGAP33,ARHGAP33,ICAM3,ARHGAP33,ARHGAP33,ARHGAP33,ARHGAP33,ARHGAP33,ARHGAP33,ARHGAP33
RAB14,CLEC4D,MAPK1,NDUFAB1,NDUFAB1,NDUFAB1,NDUFAB1,NDUFAB1,NDUFAB1,NDUFAB1,NDUFAB1,MMP1,SLC39A3,S100A12,WAS,ITGA2,COX16,CD79B,HLA-DQA1,DEFA3,NELL2,SERPINF2,VSIG4,SLC22A12,MAPK8IP1,LY96,TTLL10,RAB33A,RAB14,CX3CL1,FKBP1AP5,CXCL13,AKAP13,NDUFAB1,RAB3C,VIM,RPL23,RAB2A,MAP4K1,PSMC5,S100A8,PAK5,RAB43,FPR2,SLC38A8,ATP6V1C1,FKBP14,RAB13,RABLL1,RAB8A,LY96,STIP1,HSPCM2,TNFRSF14,NDUFAB1,NDUFAB1,NDUFAB1,NDUFAB1,NDUFAB1,HSPA1A,RAB3GAP1,NDUFAB1,IGHA2,ATP6AP1L,NDUFAB1,NDUFAB1,SLC43A1,NDUFAB1,NDUFAB1,NDUFAB1,CSF3,RAB40C,NDUFAB1,SEC16A,NDUFAB1,NDUFAB1,NDUFAB1,NDUFAB1,NDUFAB1,NDUFAB1,NDUFAB1,CD11b,NDUFAB1,HIST2H2AA,NDUFAB1,NDUFAB1,NDUFAB1,NDUFAB1,NDUFAB1,NDUFAB1,NDUFAB1,NDUFAB1,CEACAM1,NDUFAB1,NDUFAB1,NDUFAB1,NDUFAB1,NDUFAB1,NDUFAB1,NDUFAB1
RAB2B,CLEC11A,MAPK3,PDK4,PDK4,PDK4,PDK4,PDK4,PDK4,PDK4,PDK4,CXCL16,SLC39A2,MSR1,DOCK8,ITGA3,SEC24D,CD81,HLA-C,DEFA1B,FBXL17,SERPINF1,C5AR1,C1orf54,FAM155A,MSR1,TNFRSF18,RAB35,RAB17,ICAM1,FKBP1AP6,CXCL12,ZNF667,PDK4,RAB3GAP2,ACTB,RPL23A,SLC30A8,MAP4K2,USP14,S100A9,PAK6,RAB4B,MMP9,SLC38A7,ATP6V1D,FKBP15,RAB14,RABLL1,RABEP2,LY86,FKBP4,HSPCM3,TNFRSF6B,PDK4,PDK4,PDK4,PDK4,PDK4,HSPH1,SLC25A39,PDK4,IGKC,SLC39A8,PDK4,PDK4,SLC44A1,PDK4,PDK4,PDK4,CSF2,RAB4A,PDK4,NOTCH2NLC,PDK4,PDK4,PDK4,PDK4,PDK4,PDK4,PDK4,CD11c,PDK4,HIST2H2AC,PDK4,PDK4,PDK4,PDK4,PDK4,PDK4,PDK4,PDK4,CEACAM16,PDK4,PDK4,PDK4,PDK4,PDK4,PDK4,PDK4
RAB3D,CLEC2B,MAPK11,SLC22A16,SLC22A16,SLC22A16,SLC22A16,SLC22A16,SLC22A16,SLC22A16,SLC22A16,CCL8,SLC40A1,ITGA4,ITGAM,ITGA4,RAB34,CD21,HLA-B,DEFA1,EFNA1,SERPINB7,C1QA,C1orf54,C1orf159,C5AR1,TNFRSF4,RAB39A,RAB18,ICAM2,FKBP1AP7,CXCL11,SPATA13,SLC22A16,RAB6A,ACTG1,RPL24,ARHGEF19,MAP4K3,PSMF1,S100A12,MAPK1,RAB5A,ITGAM,SLC38A4,ATP6V1E2,FKBP1AP1,RAB18,RABLL1,RABGEF1,LBP,PPIB,HSPCM4,TNFRSF18,SLC22A16,SLC22A16,SLC22A16,SLC22A16,SLC22A16,HSP90B1,RAB3GAP1,SLC22A16,IGLC2,SLC39A9,SLC22A16,SLC22A16,SLC44A2,SLC22A16,SLC22A16,SLC22A16,CCL3,RAB4B,SLC22A16,C11orf91,SLC22A16,SLC22A16,SLC22A16,SLC22A16,SLC22A16,SLC22A16,SLC22A16,CD18,SLC22A16,HIST2H2AB,SLC22A16,SLC22A16,SLC22A16,SLC22A16,SLC22A16,SLC22A16,SLC22A16,SLC22A16,CEACAM19,SLC22A16,SLC22A16,SLC22A16,SLC22A16,SLC22A16,SLC22A16,SLC22A16
RAB38,CLEC4M,MAPK12,ZMYND10,ZMYND10,ZMYND10,ZMYND10,ZMYND10,ZMYND10,ZMYND10,ZMYND10,CXCL9,SLC41A1,S100A9,ITGB2,ITGA5,TMEM38B,CD23,HLA-A,PI3,KIAA1671,SERPINB6,C1QB,TMEM176B,SLC12A5,FPR2,DCST2,RAB3GAP2,RAB19,ICAM3,FKBP1AP8,CXCL10,CEP19,ZMYND10,RAB6B,LCP2,RPL26,ATP13A4,MAP3K4,PSMG2,MMP9,MAPK3,RAB5C,LY96,SLC38A3,ATP6V1F,FKBP1AP2,RAB1A,RABLL1,RABGEF1,TLR4,PPID,HSPCM5,TNFRSF21,ZMYND10,ZMYND10,ZMYND10,ZMYND10,ZMYND10,HSP90AA1,SLC25A39,ZMYND10,IGLC3,SLC39A10,ZMYND10,ZMYND10,SLC44A3,ZMYND10,ZMYND10,ZMYND10,CCL4,RAB43,ZMYND10,RP11-638I2.2,ZMYND10,ZMYND10,ZMYND10,ZMYND10,ZMYND10,ZMYND10,ZMYND10,CD49d,ZMYND10,HIST2H2AL,ZMYND10,ZMYND10,ZMYND10,ZMYND10,ZMYND10,ZMYND10,ZMYND10,ZMYND10,MCAM,ZMYND10,ZMYND10,ZMYND10,ZMYND10,ZMYND10,ZMYND10,ZMYND10
RAB3GAP2,CLEC4F,MAPK13,ABCB5,ABCB5,ABCB5,ABCB5,ABCB5,ABCB5,ABCB5,ABCB5,CXCL12,SLC43A1,S100A8,FCGR1A,ITGA6,TSN,CD1C,CXCR4,APOBEC3A,ARHGEF19,SERPINA10,C1QC,TMEM176B,ARHGEF10,FPR1,C1orf170,RAB3IP,RAB20,VCAM1,FKBP1AP9,CXCL9,ARHGEF19,ABCB5,RAB8A,WAS,RPL27,SLC25A4,MAP3K5,PSMG1,MMP1,MAPK4,RAB6A,MSR1,SLC38A1,ATP6V0A1,FKBP6,RAB1B,RABLL1,RABGEF1,MYD88,FKBP1A,HSPCM6,TNFRSF22,ABCB5,ABCB5,ABCB5,ABCB5,ABCB5,HSPA8,RAB3GAP1,ABCB5,IGLC7,SLC39A13,ABCB5,ABCB5,SLC45A3,ABCB5,ABCB5,ABCB5,CCL5,RAB27B,ABCB5,DAAM2,ABCB5,ABCB5,ABCB5,ABCB5,ABCB5,ABCB5,ABCB5,CD49e,ABCB5,HIST2H2A,ABCB5,ABCB5,ABCB5,ABCB5,ABCB5,ABCB5,ABCB5,ABCB5,PECAM1,ABCB5,ABCB5,ABCB5,ABCB5,ABCB5,ABCB5,ABCB5
RAB40A,CLEC9B,NFKB1,SLC25A13,SLC25A13,SLC25A13,SLC25A13,SLC25A13,SLC25A13,SLC25A13,SLC25A13,CXCL3L1,SLC44A1,MMP9,FCGR2A,ITGA7,SEC23B,CD1A,CXCR3,APOBEC3B,AQP7,SERPINA7,C4BPA,SLC9A6,C14orf166,S100P,HES4,RAB3IP1,RAB21,MADCAM1,FKBP1AA,CXCL8,SLC35E2,SLC25A13,RAB8B,NCKAP1L,RPL27A,WDR89,MAP3K6,PSMG3,MMP3,MAPK6,RAB6C,S100A6,SLC40A1,ATP6V0A2,FKBP8,RAB21,RABLL1,RABGEF1,IRAK1,PPIA,HSPCM7,TNFRSF23,SLC25A13,SLC25A13,SLC25A13,SLC25A13,SLC25A13,HSPA4,SLC25A39,SLC25A13,IGLC6,SLC39A7,SLC25A13,SLC25A13,SLC46A1,SLC25A13,SLC25A13,SLC25A13,CCL15,RAB27A,SLC25A13,ENSG10010140082.1,SLC25A13,SLC25A13,SLC25A13,SLC25A13,SLC25A13,SLC25A13,SLC25A13,CD49f,SLC25A13,HIST2H2BB,SLC25A13,SLC25A13,SLC25A13,SLC25A13,SLC25A13,SLC25A13,SLC25A13,SLC25A13,SELP,SLC25A13,SLC25A13,SLC25A13,SLC25A13,SLC25A13,SLC25A13,SLC25A13
RAB4A,CLEC16A,RELA,ST7,ST7,ST7,ST7,ST7,ST7,ST7,ST7,CCL11,SLC44A4,CD14,FCGR3A,ITGA8,RAB3IL1,CD1E,CXCR6,APOBEC3C,RAB2A,SERPINA5,C4BPB,SLC9A6,NELL2,LTB4R2,ISG15,RAB3IP5,RAB22A,SELE,FKBP1AB,CXCL6,HMG20B,ST7,RAB12,ITK,RPL28,ZNF652,MAP3K7,PSMG7,MMP13,MAPK7,RAB7A,MMP8,SLC41A2,ATP6V0A4,FKBP9,RAB22A,RABLL1,RABGEF1,IRAK4,TXNDC5,HSPCM8,TNFRSF26,ST7,ST7,ST7,ST7,ST7,HSPA14,RAB3GAP1,ST7,HLA-DRA,SLC39A5,ST7,ST7,SLC46A2,ST7,ST7,ST7,CCL23,RAB26,ST7,LINC00304,ST7,ST7,ST7,ST7,ST7,ST7,ST7,CD41,ST7,HIST2H2BC,ST7,ST7,ST7,ST7,ST7,ST7,ST7,ST7,CD34,ST7,ST7,ST7,ST7,ST7,ST7,ST7
RAB5A,CD300CD,RELB,CDC27,CDC27,CDC27,CDC27,CDC27,CDC27,CDC27,CDC27,CCL7,SLC45A2,LCN2,C1QA,ITGA9,RABEPK1,CD1D,CXCR5,APOBEC3D,SLC30A8,SERPINA4,SERPING1,WDR86,NRXN3,CMKLR1,TNFRSF23,RAB3L1,RAB23,SELP,FKBP1AC,CXCL5,INPP5F,CDC27,RAB17,SYK,RPL29,PLEKHA7,MAP3K8,PSOH1,TIMP1,MAPK8,RAB7L1,FCGR1B,SLC43A3,ATP6V0B,DNAJA1,RAB23,RABLL1,RABGEF1,TRAF6,TXNDC11,HSPCM9,TNFRSF9,CDC27,CDC27,CDC27,CDC27,CDC27,HSPA5,SLC25A39,CDC27,HLA-DRB1,SLC39A4,CDC27,CDC27,SLC47A1,CDC27,CDC27,CDC27,CCL24,RAB25,CDC27,FAM193A,CDC27,CDC27,CDC27,CDC27,CDC27,CDC27,CDC27,CD61,CDC27,HIST2H2BD,CDC27,CDC27,CDC27,CDC27,CDC27,CDC27,CDC27,CDC27,ENG,CDC27,CDC27,CDC27,CDC27,CDC27,CDC27,CDC27
RAB5RAP,CD300LB,NFKB2,SLC4A1,SLC4A1,SLC4A1,SLC4A1,SLC4A1,SLC4A1,SLC4A1,SLC4A1,CCL13,SLC46A1,MMP8,C1QB,ITGA10,RAB2A,CD38,CXCR1,APOBEC3F,KCNAB2,SERPINB2,CFI,WDR86,SLC25A38,CXCR1,OAZ1,RAB3L2,RAB24,SELL,FKBP1AD,CXCL3,RAB2A,SLC4A1,RAB32,PIK3R1,RPL30,MYO3A,MAP3K9,UBQLN1,TIMP2,MAPK9,RAB8A,FCGR1A,SLC44A1,ATP6V0C,DNAJA2,RAB25,RABLL1,RABGEF1,IKBKB,TXNDC12,HSPCM10,TRAF1,SLC4A1,SLC4A1,SLC4A1,SLC4A1,SLC4A1,HSPA2,RAB3GAP1,SLC4A1,HLA-DRB5,SLC39A3,SLC4A1,SLC4A1,SLC48A1,SLC4A1,SLC4A1,SLC4A1,CXCL9,RAB23,SLC4A1,SCN8A,SLC4A1,SLC4A1,SLC4A1,SLC4A1,SLC4A1,SLC4A1,SLC4A1,CD42b,SLC4A1,HIST2H3D,SLC4A1,SLC4A1,SLC4A1,SLC4A1,SLC4A1,SLC4A1,SLC4A1,SLC4A1,ESAM,SLC4A1,SLC4A1,SLC4A1,SLC4A1,SLC4A1,SLC4A1,SLC4A1
RAB7A,CD300C,IKBKG,CALCR,CALCR,CALCR,CALCR,CALCR,CALCR,CALCR,CALCR,CCL23,SLC47A1,MMP25,C1QC,ITGA11,RAB3D,CD150,CXCR2,APOBEC3G,KIAA1614,SERPINB9,C3AR1,C2orf74,FAM124B,CXCR2,RNF223,RAB40A,RAB25,PECAM1,FKBP1AE,CXCL2,SLC30A1,CALCR,RAB30,CD6,RPL31,RAB27A,MAP3K10,BAG6,TIMP3,MAPK11,RAB8B,FCGR2A,SLC44A4,ATP6V0D1,DNAJA3,RAB27A,RABLL1,RABGEF1,CHUK,TXNDC17,HSPCM11,TRAF2,CALCR,CALCR,CALCR,CALCR,CALCR,HSPA7,SLC25A39,CALCR,HLA-DQA1,SLC39A2,CALCR,CALCR,SLC50A1,CALCR,CALCR,CALCR,CXCL10,RAB22A,CALCR,SMIM34B,CALCR,CALCR,CALCR,CALCR,CALCR,CALCR,CALCR,CD42a,CALCR,HIST2H3C,CALCR,CALCR,CALCR,CALCR,CALCR,CALCR,CALCR,CALCR,ICAM2,CALCR,CALCR,CALCR,CALCR,CALCR,CALCR,CALCR
RAB7L1,SIGLEC11,IKBKB,DVL2,DVL2,DVL2,DVL2,DVL2,DVL2,DVL2,DVL2,CCL26,SLC48A1,ARG1,C3,ITGADL1,RAB27A,CD162,CCR1,APOBEC3H,GPR151,SERPINH1,C5AR2,C2orf74,TMEM39A,S100A12,REM1,RAB40B,RAB27A,ESAM,FKBP1AF,CXCL1,ABCA13,DVL2,RAB36B,CD5,RPL32,ZNF704,MAP3K11,PSMC3IP,TIMP1,MAPK12,RAB10,ITGAX,SLC45A2,ATP6V0E1,DNAJA4,RAB27B,RABLL1,RABGEF1,IKBKG,VIM,HSPCM12,TRAF3,DVL2,DVL2,DVL2,DVL2,DVL2,HSPA9,RAB3GAP1,DVL2,HLA-DQB1,SLC39A1,DVL2,DVL2,SLC51A1,DVL2,DVL2,DVL2,CXCL11,RAB22,DVL2,GADD45A,DVL2,DVL2,DVL2,DVL2,DVL2,DVL2,DVL2,CD36,DVL2,HIST2H4,DVL2,DVL2,DVL2,DVL2,DVL2,DVL2,DVL2,DVL2,MADCAM1,DVL2,DVL2,DVL2,DVL2,DVL2,DVL2,DVL2
RAB9A,SIGLEC14,CHUK,PRSS22,PRSS22,PRSS22,PRSS22,PRSS22,PRSS22,PRSS22,PRSS22,CXCL13,SLC4A1,CEACAM3,C4A,ITGAE,RAB27B,CD43,CCR2,APOBEC4,SLC39A1,SERPINI1,ITGAX,DCAF13,NDUFAF7,S100A4,LRRC47,RAB43,RAB27B,JAM2,FKBP1AG,CCL28,ZNF592,PRSS22,RAB37,CD7,RPL34,ARHGEF18,MAP3K12,OTUD7A,TIMP2,MAPK13,RAB11A,C5AR1,SLC46A1,ATP6V0E2,DNAJB2,RAB2B,RABLL1,RABGEF1,NFKB1,ACTB,HSPCM13,TRAF4,PRSS22,PRSS22,PRSS22,PRSS22,PRSS22,HSPA4L,SLC25A39,PRSS22,HLA-DPA1,SLC39A15,PRSS22,PRSS22,SLC52A1,PRSS22,PRSS22,PRSS22,CXCR2,RAB20,PRSS22,FAM13B,PRSS22,PRSS22,PRSS22,PRSS22,PRSS22,PRSS22,PRSS22,CD14,PRSS22,HIST3H2B,PRSS22,PRSS22,PRSS22,PRSS22,PRSS22,PRSS22,PRSS22,PRSS22,MCAM,PRSS22,PRSS22,PRSS22,PRSS22,PRSS22,PRSS22,PRSS22
RABEP2,SIGLEC6,MAP3K14,UPF1,UPF1,UPF1,UPF1,UPF1,UPF1,UPF1,UPF1,CXCL14,SLC4A10,MMP1,C4B,ITGALB,RAB1A,CD44,CCR5,AID,TMEM158,SERPINI2,ITGB2,DCAF13,C2orf74,S100A6,PRDM16,RAB4A,RAB28,JAM3,FKBP1AH,CCL27,DHX35,UPF1,RAB25,CD28,RPL35,ZNF687,MAP3K13,TRIM13,TIMP3,MAPK14,RAB11B,FCGR3B,SLC46A2,ATP6AP1L,DNAJB3,RAB30,RABLL1,RABGEF1,RELA,ACTG1,HSPCM14,TRAF5,UPF1,UPF1,UPF1,UPF1,UPF1,HSPA12A,RAB3GAP1,UPF1,HLA-DPB1,SLC39A1,UPF1,UPF1,SLC5A1,UPF1,UPF1,UPF1,CXCR1,RAB19,UPF1,MIR4507,UPF1,UPF1,UPF1,UPF1,UPF1,UPF1,UPF1,CD16,UPF1,HIST4H4,UPF1,UPF1,UPF1,UPF1,UPF1,UPF1,UPF1,UPF1,VWF,UPF1,UPF1,UPF1,UPF1,UPF1,UPF1,UPF1
RABIF,SIGLEC8,MAP3K7,SKAP2,SKAP2,SKAP2,SKAP2,SKAP2,SKAP2,SKAP2,SKAP2,CXCL17,SLC4A11,MMP12,C5,ITGAMB,RAB1B,CD45,CCR7,NKG7,SLC35C2,SERPIND1,SELL,ARHGEF10,SLC2A13,S100A11,PLEKHM1,RAB4B,RAB29,CDH5,FKBP1AI,CCL26,ZNF622,SKAP2,RAB41,ICOSLG,RPL36,ZNF593,MAP2K1,HERC1,ELANE,MAPKAPK2,RAB12,C3AR1,SLC47A1,SLC35A1,DNAJB4,RAB31,RABLL1,RABGEF1,MAPK14,ACTA2,HSPCM15,TRAF6,SKAP2,SKAP2,SKAP2,SKAP2,SKAP2,HSPA12B,SLC25A39,SKAP2,CD86,SLC39A6,SKAP2,SKAP2,SLC5A10,SKAP2,SKAP2,SKAP2,CX3CL1,RAB18,SKAP2,RP11-370A5.1,SKAP2,SKAP2,SKAP2,SKAP2,SKAP2,SKAP2,SKAP2,CD32,SKAP2,H2AFV,SKAP2,SKAP2,SKAP2,SKAP2,SKAP2,SKAP2,SKAP2,SKAP2,CD31,SKAP2,SKAP2,SKAP2,SKAP2,SKAP2,SKAP2,SKAP2
RABKINESIN,SIGLECXL,MAP3K1,MCUB,MCUB,MCUB,MCUB,MCUB,MCUB,MCUB,MCUB,CXCL1,SLC4A2,MMP19,C6,ITGAV,RAB1C,CD45R,CCR9,GNLY,SLC38A1,PIK3R1,SELPLG,ARHGEF10,KIAA1217,ACTB,C1orf112,RAB5A,RAB31,CLDN5,FKBP1AJ,CCL25,ATP6V1B,MCUB,RAB42,CD40LG,RPL36A,WDR35,MAP2K2,UBE2N,MPO,MAPKAPK3,RAB13,C1QA,SLC48A1,SLC35D1,DNAJB5,RAB32,RABLL1,RABGEF1,MAPK8,ACTC1,HSPCM16,MAP3K14,MCUB,MCUB,MCUB,MCUB,MCUB,HSPA13,RAB3GAP1,MCUB,CD40,SLC39A12,MCUB,MCUB,SLC5A11,MCUB,MCUB,MCUB,XCL1,RAB17,MCUB,GOLGA6L6,MCUB,MCUB,MCUB,MCUB,MCUB,MCUB,MCUB,CD64,MCUB,H2AFX,MCUB,MCUB,MCUB,MCUB,MCUB,MCUB,MCUB,MCUB,FLT4,MCUB,MCUB,MCUB,MCUB,MCUB,MCUB,MCUB
RABL2A,SIGLEC12,MAP2K1,HOXA11,HOXA11,HOXA11,HOXA11,HOXA11,HOXA11,HOXA11,HOXA11,CXCL5,SLC4A3,MMP14,C7,ITGB1,RAB38,CD45RA,CX3CR1,GZMA,SLC39A10,CDK4,ICAM1,EIF4EBP3,PRRT1,ACTG1,FGR,RAB5B,RAB33A,CLDN11,FKBP1AK,CCL24,CDH13,HOXA11,RAB15,TNFSF14,RPL37,ZNF664,MAP2K3,UBA1,CTSG,MAPKAPK5,RAB14,C1QB,SLC49A3,SLC35A4,DNAJB6,RAB33A,RABLL1,RABGEF1,MAPK1,ACTG2,HSPCM17,MAP3K1,HOXA11,HOXA11,HOXA11,HOXA11,HOXA11,HSPA1L,SLC25A39,HOXA11,CD80,SLC39A10,HOXA11,HOXA11,SLC5A12,HOXA11,HOXA11,HOXA11,XCL2,RAB15,HOXA11,AC104532.3,HOXA11,HOXA11,HOXA11,HOXA11,HOXA11,HOXA11,HOXA11,CD89,HOXA11,H2AFY,HOXA11,HOXA11,HOXA11,HOXA11,HOXA11,HOXA11,HOXA11,HOXA11,LYVE1,HOXA11,HOXA11,HOXA11,HOXA11,HOXA11,HOXA11,HOXA11
RABLD2,SIGLEC1,MAP2K4,POLR2J,POLR2J,POLR2J,POLR2J,POLR2J,POLR2J,POLR2J,POLR2J,CXCL6,SLC4A7,MMP16,C8A,ITGB3,RAB39B,CD45RB,XCR1,GZMB,SLC25A38,CCND1,ICAM2,EIF4EBP3,KIAA0586,VIM,CFH,RAB6A,RAB34,OCLN,FKBP1AL,CCL23,MYO16,POLR2J,RAB4B,CD70,RPL37A,ZNF629,MAP2K4,UBE2I,PRTN3,MAP3K1,RAB17,C1QC,SLC50A1,SLC35D3,DNAJB8,RAB33B,RABLL1,RABGEF1,MAPK3,ACTN1,HSPCM18,MAP3K2,POLR2J,POLR2J,POLR2J,POLR2J,POLR2J,HSPA3,RAB3GAP1,POLR2J,TNFSF13B,SLC39A11,POLR2J,POLR2J,SLC5A2,POLR2J,POLR2J,POLR2J,CXCL16,RAB14,POLR2J,RP11-347H15.3,POLR2J,POLR2J,POLR2J,POLR2J,POLR2J,POLR2J,POLR2J,CD16b,POLR2J,H2AFZ,POLR2J,POLR2J,POLR2J,POLR2J,POLR2J,POLR2J,POLR2J,POLR2J,PROX1,POLR2J,POLR2J,POLR2J,POLR2J,POLR2J,POLR2J,POLR2J
RABM1,SIGLEC15,MAP2K7,DHX33,DHX33,DHX33,DHX33,DHX33,DHX33,DHX33,DHX33,CXCL15,SLC4A8,MMP17,C8B,ITGB4,RAB40A,CD45RC,CCR6,GZMH,SLC39A14,CCND2,VCAM1,SH3RF3,SLC25A21,HLA-DRA,FUCA2,RAB6B,RAB36,TJP1,FKBP1AM,CCL22,SLC25A12,DHX33,RAB24,CD27,RPL38,ZNF696,MAP2K5,UBE2L6,CSTG,MAP3K2,RAB18,C4BPA,SLC51A,SLC35F5,DNAJB9,RAB35,RABLL1,RABGEF1,MAP2K1,ACTN2,HSPCM19,MAP3K3,DHX33,DHX33,DHX33,DHX33,DHX33,HSPA33,SLC25A39,DHX33,TNFSF10,SLC39A4,DHX33,DHX33,SLC5A3,DHX33,DHX33,DHX33,CCL11,RAB10,DHX33,SRIP1,DHX33,DHX33,DHX33,DHX33,DHX33,DHX33,DHX33,CD300E,DHX33,H3F3A,DHX33,DHX33,DHX33,DHX33,DHX33,DHX33,DHX33,DHX33,ROBO4,DHX33,DHX33,DHX33,DHX33,DHX33,DHX33,DHX33
RABP4IP,LILRA5,MAPKAPK2,MEOX1,MEOX1,MEOX1,MEOX1,MEOX1,MEOX1,MEOX1,MEOX1,CXCL16,SLC4A9,MMP24,C8G,ITGB5,RAB40B,CD45RO,CXCL12,GZMK,SLC39A9,CCND3,PECAM1,SH3RF3,KCNK9,HLA-DRB1,GCLC,RAB6C,RAB37,TJP2,FKBP1AN,CCL21,ZNF423,MEOX1,RAB4A,CD40,RPL39,ZNF610,MAP2K6,UBE2D3,AZU1,MAP3K3,RAB19,C4BPB,SLC52A1,SLC35F6,DNAJC1,RAB36,RABLL1,RABGEF1,MAP2K4,ACTN3,HSPCM20,MAP4K1,MEOX1,MEOX1,MEOX1,MEOX1,MEOX1,HSPA42,RAB3GAP1,MEOX1,ICOSLG,SLC39A14,MEOX1,MEOX1,SLC5A4,MEOX1,MEOX1,MEOX1,CCL17,RAB3GAP2,MEOX1,RP4-749H3.3,MEOX1,MEOX1,MEOX1,MEOX1,MEOX1,MEOX1,MEOX1,CD300LF,MEOX1,H3F3B,MEOX1,MEOX1,MEOX1,MEOX1,MEOX1,MEOX1,MEOX1,MEOX1,CDH5,MEOX1,MEOX1,MEOX1,MEOX1,MEOX1,MEOX1,MEOX1
RABRING7,LILRA4,MAPKAPK3,THSD7A,THSD7A,THSD7A,THSD7A,THSD7A,THSD7A,THSD7A,THSD7A,CXCL9,SLC51A,MMP2,C9,ITGB6,RAB40C,CD11A,CXCL9,GZMM,SLC38A7,CCNE1,ESAM,PLEKHA7,C9orf152,HLA-DPA1,HSPA6,RAB7L1,RAB39,TJP3,FKBP1AO,CCL20,ATP10A,THSD7A,RAB9A,TNFRSF5,RPL40,ZNF655,MAP2K7,UBE2D1,DEFA4,MAP3K4,RAB20,C1R,SLC5A1,SLC35G1,DNAJC10,RAB37,RABLL1,RABGEF1,MAP3K1,ACTN4,HSPCM21,MAP4K2,THSD7A,THSD7A,THSD7A,THSD7A,THSD7A,HSPA44,SLC25A39,THSD7A,CD274,SLC39A5,THSD7A,THSD7A,SLC5A5,THSD7A,THSD7A,THSD7A,CCL22,RAB3IP,THSD7A,RN7SL542P,THSD7A,THSD7A,THSD7A,THSD7A,THSD7A,THSD7A,THSD7A,CD300A,THSD7A,H4C3,THSD7A,THSD7A,THSD7A,THSD7A,THSD7A,THSD7A,THSD7A,THSD7A,CLDN5,THSD7A,THSD7A,THSD7A,THSD7A,THSD7A,THSD7A,THSD7A
RABGEF1,LILRB5,MAPKAPK5,LIG3,LIG3,LIG3,LIG3,LIG3,LIG3,LIG3,LIG3,CXCL11,SLC51B,MMP10,CFB,ITGB7,RAB41,CD11B,CXCL10,PRF1,SLC39A6,CCNE2,CD99,PLEKHA7,SLC27A4,HLA-DPB1,TNFRSF14,RAB7L2,RAB41,CGN1,FKBP1AP,CCL19,RAB3GAP1,LIG3,RAB9B,TNFRSF1B,RPL41,ZNF625,MAP2K8,UBE2D2,DEFA1,MAP3K5,RAB21,C1S,SLC5A11,SLC35G3,DNAJC11,RAB38B,RABLL1,RABGEF1,MAP3K7,ACTL6A,HSPCM22,MAP4K3,LIG3,LIG3,LIG3,LIG3,LIG3,HSPBAP1,RAB3GAP1,LIG3,PDCD1LG2,SLC39A7,LIG3,LIG3,SLC5A6,LIG3,LIG3,LIG3,CCL13,RAB3IP1,LIG3,RP11-196I18.3,LIG3,LIG3,LIG3,LIG3,LIG3,LIG3,LIG3,CD300C,LIG3,H4C5,LIG3,LIG3,LIG3,LIG3,LIG3,LIG3,LIG3,LIG3,EGFL7,LIG3,LIG3,LIG3,LIG3,LIG3,LIG3,LIG3
RABGEF1L1,LILRB3P,MAPKAP1,RPAP3,RPAP3,RPAP3,RPAP3,RPAP3,RPAP3,RPAP3,RPAP3,CXCL13,SLC52A2,MMP15,CFI,ITGB8,RAB42,CD11C,CXCL13,C1QA,SLC39A7,CDK6,CD99P2,CDC42EPB,SLC25A20,HLA-DMA,IGHG1,RAB8A,RAB42,ACTN4,FKBP1AQ,CCL18,ASXL1,RPAP3,RAB14,TNFRSF1A,RPLP0,ZNF671,MAP2K9,UBE2E1,DEFA1B,MAP3K6,RAB22A,C2,SLC5A10,SLC35G4,DNAJC12,RAB39B,RABLL1,RABGEF1,MAP4K1,ACTL6B,HSPCM23,MAP4K4,RPAP3,RPAP3,RPAP3,RPAP3,RPAP3,HSPB8,SLC25A39,RPAP3,VTCN1,SLC39A3,RPAP3,RPAP3,SLC5A7,RPAP3,RPAP3,RPAP3,CCL8,RAB3IP2,RPAP3,HNRNPCP8,RPAP3,RPAP3,RPAP3,RPAP3,RPAP3,RPAP3,RPAP3,CD300LB,RPAP3,H4C7,RPAP3,RPAP3,RPAP3,RPAP3,RPAP3,RPAP3,RPAP3,RPAP3,ESM1,RPAP3,RPAP3,RPAP3,RPAP3,RPAP3,RPAP3,RPAP3
RABGGTA,LILRP1,RPS6KA1,ACSM3,ACSM3,ACSM3,ACSM3,ACSM3,ACSM3,ACSM3,ACSM3,CXCL14,SLC52A3,MMP20,MASP2,SELL,RAB43,CD18,CXCL11,C1QB,SLC38A8,CDK2,ENG,CDC42EPB,SLC25A15,HLA-DMB,IGHG2,RAB8B,RAB43,ACTN1,FKBP1AR,CCL17,CACNA1E,ACSM3,RAB19,FASLG,RPLP1,ZNF626,MAP2K10,UBE2G1,HAMP,MAP3K7,RAB23,C3,SLC5A12,SLC35G5,DNAJC13,RAB3C,RABLL1,RABGEF1,MAP4K4,ACTR1A,HSPCM24,MAP4K5,ACSM3,ACSM3,ACSM3,ACSM3,ACSM3,HSPB2,RAB3GAP1,ACSM3,BTLA,SLC39A13,ACSM3,ACSM3,SLC5A8,ACSM3,ACSM3,ACSM3,CCL7,RAB9B,ACSM3,HMGN2P28,ACSM3,ACSM3,ACSM3,ACSM3,ACSM3,ACSM3,ACSM3,CD300F,ACSM3,H4C9,ACSM3,ACSM3,ACSM3,ACSM3,ACSM3,ACSM3,ACSM3,ACSM3,JAM2,ACSM3,ACSM3,ACSM3,ACSM3,ACSM3,ACSM3,ACSM3
RABGAP1,LILRP2,RPS6KA5,REXO5,REXO5,REXO5,REXO5,REXO5,REXO5,REXO5,REXO5,CXCL17,SLC5A1,MMP28,FCN1,SELP,RAB44,CD49D,CXCL1,C1QC,SLC39A4,CDK7,SELE,MYO16,SLC25A14,CD74,IGHG3,RAB9A,RAB44,ACTN2,FKBP1AS,CCL16,PTPN13,REXO5,,FAS,RPLP2,ZNF691,MAP2K11,UBE2G2,LTF,MAP3K8,RAB24,C4A,SLC5A13,SLC35G6,DNAJC14,RAB40A,RABLL1,RABGEF1,MAPKKK3,ACTR1B,HSPCM25,MAPK1,REXO5,REXO5,REXO5,REXO5,REXO5,HSPB3,SLC25A39,REXO5,HHLA2,SLC39A9,REXO5,REXO5,SLC5A9,REXO5,REXO5,REXO5,CCL2,RAB9A,REXO5,RP11-276H1.2,REXO5,REXO5,REXO5,REXO5,REXO5,REXO5,REXO5,CD300S,REXO5,H4C11,REXO5,REXO5,REXO5,REXO5,REXO5,REXO5,REXO5,REXO5,JAM3,REXO5,REXO5,REXO5,REXO5,REXO5,REXO5,REXO5
RABGAP1L,LILRP3,RPS6KA3,CIAPIN1,CIAPIN1,CIAPIN1,CIAPIN1,CIAPIN1,CIAPIN1,CIAPIN1,CIAPIN1,CXCL1,SLC5A11,MMP3,MBL2,SELE,RAB5A,CD49E,CXCL2,C1R,SLC39A2,CDK9,SELP,MYO16,SLC25A12,CD63,IGHG4,RAB9B,RAB1A,VCL,FKBP1AT,CCL15,SLC12A2,CIAPIN1,,TNFRSF10B,MRPL3,ZNF606,MAP2K12,UBE2H,ORM1,MAP3K9,RAB28,C4B,SLC5A14,SLC35F3,DNAJC15,RAB40AL,RABLL1,RABGEF1,MAPKKK6,ACTR2,HSPCM26,MAPK3,CIAPIN1,CIAPIN1,CIAPIN1,CIAPIN1,CIAPIN1,HSPB6,RAB3GAP1,CIAPIN1,TNFSF14,SLC39A2,CIAPIN1,CIAPIN1,SLC6A1,CIAPIN1,CIAPIN1,CIAPIN1,CXCL13,RAB7L1,CIAPIN1,UCKL1,CIAPIN1,CIAPIN1,CIAPIN1,CIAPIN1,CIAPIN1,CIAPIN1,CIAPIN1,CD300YG,CIAPIN1,H4C13,CIAPIN1,CIAPIN1,CIAPIN1,CIAPIN1,CIAPIN1,CIAPIN1,CIAPIN1,CIAPIN1,SELE,CIAPIN1,CIAPIN1,CIAPIN1,CIAPIN1,CIAPIN1,CIAPIN1,CIAPIN1
RABGDIB,LILRP4,RPS6KA2,SPPL2B,SPPL2B,SPPL2B,SPPL2B,SPPL2B,SPPL2B,SPPL2B,SPPL2B,CXCL5,SLC5A12,MMP13,SFTPA1,ICAM1,RAB5B,CD49F,CXCL3,C1S,SLC39A3,CCNA2,VWF,CEP170B,SLC25A11,LGALS3,IGHA1,RABAC1,RAB1B,TLN1,FKBP1AU,CCL14,ZNF536,SPPL2B,,TNFRSF10A,MRPL4,ZNF639,MAP2K13,UBE2K,ORM2,MAP3K10,RAB29,C5,SLC5A2,SLC36A1,DNAJC16,RAB40B,RABLL1,RABGEF1,MAPKKK10,ACTR3,HSPCM27,MAPK4,SPPL2B,SPPL2B,SPPL2B,SPPL2B,SPPL2B,HSPB7,SLC25A39,SPPL2B,CD27,SLC39A8,SPPL2B,SPPL2B,SLC6A10,SPPL2B,SPPL2B,SPPL2B,CXCL12,RAB7L2,SPPL2B,TSG101,SPPL2B,SPPL2B,SPPL2B,SPPL2B,SPPL2B,SPPL2B,SPPL2B,CD300L,SPPL2B,H4C15,SPPL2B,SPPL2B,SPPL2B,SPPL2B,SPPL2B,SPPL2B,SPPL2B,SPPL2B,SELL,SPPL2B,SPPL2B,SPPL2B,SPPL2B,SPPL2B,SPPL2B,SPPL2B
RABGDI,LILRP5,RPS6KB1,FAM214B,FAM214B,FAM214B,FAM214B,FAM214B,FAM214B,FAM214B,FAM214B,CXCL6,SLC5A2,MMP7,SFTPA2,ICAM2,RAB5C,CD29,CXCL5,C2,SLC38A2,CCNB1,CD36,CEP170B,SLC25A1,LGALS1,IGHA2,RABGAP1,RAB1C,ITGA1,FKBP1AV,CCL13,DCLK1,FAM214B,,TNFRSF10D,MRPL13,ZNF682,MAP2K14,UBE2L5,HP,MAP3K11,RAB30,C6,SLC5A3,SLC37A1,DNAJC17,RAB40C,RABLL1,RABGEF1,MAPKKK14,ACTR3B,HSPCM28,MAPK6,FAM214B,FAM214B,FAM214B,FAM214B,FAM214B,HSPD1,RAB3GAP1,FAM214B,CD2AP,SLC39A1,FAM214B,FAM214B,SLC6A11,FAM214B,FAM214B,FAM214B,CXCR4,RAB7A,FAM214B,CTD-2545G14.4,FAM214B,FAM214B,FAM214B,FAM214B,FAM214B,FAM214B,FAM214B,CD300N,FAM214B,H4C2,FAM214B,FAM214B,FAM214B,FAM214B,FAM214B,FAM214B,FAM214B,FAM214B,VWF,FAM214B,FAM214B,FAM214B,FAM214B,FAM214B,FAM214B,FAM214B
RABJ,LILRP6,RPS6KB2,COPZ2,COPZ2,COPZ2,COPZ2,COPZ2,COPZ2,COPZ2,COPZ2,CXCL15,SLC5A3,MMP11,SFTPB,ICAM3,RAB6A,CD41,CXCL6,CFB,SLC38A4,CCNB2,CD47,EIF4EBP2,SLC25A19,CTSD,IGHD,RABGAP1L,RABL2A,ITGA2,FKBP1AW,CCL11,CEP85L,COPZ2,,TNFRSF25,MRPL15,ZNF638,MAP2K15,UBE2L3,SAA1,MAP3K12,RAB31,C7,SLC5A4,SLC37A2,DNAJC18,RAB41,RABLL1,RABGEF1,MAPKKK1,ACTR6,HSPCM29,MAPK7,COPZ2,COPZ2,COPZ2,COPZ2,COPZ2,HSPH2,SLC25A39,COPZ2,CD200,SLC39A1,COPZ2,COPZ2,SLC6A12,COPZ2,COPZ2,COPZ2,CXCR5,RAB7B,COPZ2,ACTL7A,COPZ2,COPZ2,COPZ2,COPZ2,COPZ2,COPZ2,COPZ2,CD300B,COPZ2,H4C4,COPZ2,COPZ2,COPZ2,COPZ2,COPZ2,COPZ2,COPZ2,COPZ2,CD34,COPZ2,COPZ2,COPZ2,COPZ2,COPZ2,COPZ2,COPZ2
RABJL,LILRP7,RPS6KC1,PRKAR2B,PRKAR2B,PRKAR2B,PRKAR2B,PRKAR2B,PRKAR2B,PRKAR2B,PRKAR2B,CXCL16,SLC5A4,ELANE,SFTPC,ICAM4,RAB6B,CD61,CXCL8,C3,SLC38A5,CCNB3,CD14,EIF4EBP2,SLC25A18,CTSB,IGHE,RABGEF1,RABL2B,ITGA3,FKBP1AX,CCL8,ATP8B2,PRKAR2B,,TNFRSF9,MRPL16,ZNF697,MAP2K16,UBE2M,SAA2,MAP3K13,RAB32,C8A,SLC5A5,SLC38A1,DNAJC19,RAB42,RABLL1,RABGEF1,MAPKKK2,ARPC1A,HSPCM30,MAPK8,PRKAR2B,PRKAR2B,PRKAR2B,PRKAR2B,PRKAR2B,HSPH3,RAB3GAP1,PRKAR2B,CD226,SLC39A15,PRKAR2B,PRKAR2B,SLC6A13,PRKAR2B,PRKAR2B,PRKAR2B,CXCR6,RAB5C,PRKAR2B,TNFRSF25,PRKAR2B,PRKAR2B,PRKAR2B,PRKAR2B,PRKAR2B,PRKAR2B,PRKAR2B,CD300H,PRKAR2B,H4C6,PRKAR2B,PRKAR2B,PRKAR2B,PRKAR2B,PRKAR2B,PRKAR2B,PRKAR2B,PRKAR2B,ENG,PRKAR2B,PRKAR2B,PRKAR2B,PRKAR2B,PRKAR2B,PRKAR2B,PRKAR2B
RABM34,LILRP8,RPS6KL1,CREBBP,CREBBP,CREBBP,CREBBP,CREBBP,CREBBP,CREBBP,CREBBP,CXCL9,SLC5A5,OLFM4,SFTPD,ICAM5,RAB6C,ITGAX,CCL19,C4A,SLC38A9,CDC20,LY96,MYO1D,SLC25A17,AHNAK,IGHM,RABGEF1L1,RABL3,ITGA4,FKBP1AY,CCL7,ZNF521,CREBBP,,CD300A,MRPL17,ZNF609,MAP2K17,UBE2Q1,CRP,MAP3K14,RAB37,C8B,SLC5A6,SLC38A2,DNAJC2,RAB43,RABLL1,RABGEF1,MAPKKK5,ARPC1B,HSPCM31,MAPK9,CREBBP,CREBBP,CREBBP,CREBBP,CREBBP,HSPH4,SLC25A39,CREBBP,SLAMF1,SLC39A6,CREBBP,CREBBP,SLC6A14,CREBBP,CREBBP,CREBBP,CXCR3,RAB5A,CREBBP,RNU7-35P,CREBBP,CREBBP,CREBBP,CREBBP,CREBBP,CREBBP,CREBBP,CD300D,CREBBP,H4C8,CREBBP,CREBBP,CREBBP,CREBBP,CREBBP,CREBBP,CREBBP,CREBBP,ESAM,CREBBP,CREBBP,CREBBP,CREBBP,CREBBP,CREBBP,CREBBP
RABPN1,LILRP9,RPS6KA6,TSPOAP1,TSPOAP1,TSPOAP1,TSPOAP1,TSPOAP1,TSPOAP1,TSPOAP1,TSPOAP1,CXCL11,SLC5A6,RETN,AGRP,VCAM1,RAB7A,ITGAM,CCL21,C4B,SLC41A2,CDC25A,TLR4,MYO1D,SLC25A16,S100B,IGHV3-13,RABGEF1L2,RABL5,ITGA5,FKBP1AZ,CCL5,CDH18,TSPOAP1,,CD300E,MRPL18,ZNF647,MAP2K18,UBE2R2,APCS,MAP4K1,RAB41,C8G,SLC5A7,SLC38A3,DNAJC20,RAB4A,RABLL1,RABGEF1,MAPKKK7,ARPC2,HSPCM32,MAPK10,TSPOAP1,TSPOAP1,TSPOAP1,TSPOAP1,TSPOAP1,HSPH5,RAB3GAP1,TSPOAP1,SLAMF6,SLC39A12,TSPOAP1,TSPOAP1,SLC6A15,TSPOAP1,TSPOAP1,TSPOAP1,CCR1,RAB5B,TSPOAP1,RP11-153M7.3,TSPOAP1,TSPOAP1,TSPOAP1,TSPOAP1,TSPOAP1,TSPOAP1,TSPOAP1,CD24,TSPOAP1,H4C10,TSPOAP1,TSPOAP1,TSPOAP1,TSPOAP1,TSPOAP1,TSPOAP1,TSPOAP1,TSPOAP1,ICAM2,TSPOAP1,TSPOAP1,TSPOAP1,TSPOAP1,TSPOAP1,TSPOAP1,TSPOAP1
RABQTL,CD300E,MAP4K2,MPO,MPO,MPO,MPO,MPO,MPO,MPO,MPO,CXCL13,SLC5A7,MPO,CARTPT,MCAM,RAB7B,ITGAL,CCL2,C5,SLC41A1,CDC25B,LY86,PRKCB,SLC25A10,S100G,IGHV3-23,RABGEF2,RABL6,ITGA6,FKBP1BA,CCL4L2,SLC29A1,MPO,,CD300LF,MRPL19,ZNF643,MAP2K19,UBE3A,TF,MAP4K2,RAB42,C9,SLC5A8,SLC38A4,DNAJC21,RAB4B,RABLL1,RABGEF1,MAPKKK9,ARPC3,HSPCM33,MAPK11,MPO,MPO,MPO,MPO,MPO,HSPH6,SLC25A39,MPO,SLAMF7,SLC39A10,MPO,MPO,SLC6A16,MPO,MPO,MPO,CCR2,RAB6KIFL,MPO,ABHD1,MPO,MPO,MPO,MPO,MPO,MPO,MPO,CD59,MPO,H4C12,MPO,MPO,MPO,MPO,MPO,MPO,MPO,MPO,MADCAM1,MPO,MPO,MPO,MPO,MPO,MPO,MPO
RABRINGAP,CD300F,MAP4K3,PON1,PON1,PON1,PON1,PON1,PON1,PON1,PON1,CXCL14,SLC5A8,LTF,GHRH,PECAM1,RAB7L1,ITGB2,CCL3,C6,SLC40A1,CDC25C,CD11b,PRKCB,SLC25A2,S100A13,IGHV4-34,RABGGTA,RABL6B,ITGA7,FKBP1BB,CCL4,ZNF585B,PON1,,CD300C,MRPL20,ZNF677,MAP2K20,UBE3B,ALB,MAP4K3,RAB1L1,CFB,SLC5A9,SLC39A1,DNAJC22,RAB5A,RABLL1,RABGEF1,MAPKKK11,ARPC4,HSPCM34,MAPK12,PON1,PON1,PON1,PON1,PON1,HSPH7,RAB3GAP1,PON1,SLAMF8,SLC39A11,PON1,PON1,SLC6A17,PON1,PON1,PON1,CCR5,RAB6B,PON1,LRRC24,PON1,PON1,PON1,PON1,PON1,PON1,PON1,CD55,PON1,H4C14,PON1,PON1,PON1,PON1,PON1,PON1,PON1,PON1,MCAM,PON1,PON1,PON1,PON1,PON1,PON1,PON1
RREB1,CD300H,MAP4K1,GCFC2,GCFC2,GCFC2,GCFC2,GCFC2,GCFC2,GCFC2,GCFC2,CXCL17,SLC5A9,DEFA4,GH1,ESAM,RAB7L2,ITGB1,CCL4,C7,SLC40A1,CHEK1,CEACAM8,RAB3GAP2,SLC25A29,ANXA1,IGHV1-69,RABGGTB,RABL6C,ITGA8,FKBP1BC,CCL3L3,SLC25A2,GCFC2,,CD300LB,MRPL22,ZNF622,MAP2K21,UBE3C,GC,MAP4K4,RAB9A,CFD,SLC6A11,SLC39A10,DNAJC24,RAB5B,RABLL1,RABGEF1,MAPKKK12,ARPC5L,HSPCM35,MAPK13,GCFC2,GCFC2,GCFC2,GCFC2,GCFC2,HSPH8,SLC25A39,GCFC2,SLAMF9,SLC39A4,GCFC2,GCFC2,SLC6A18,GCFC2,GCFC2,GCFC2,CCR7,RAB6C,GCFC2,RP1-90J20.2,GCFC2,GCFC2,GCFC2,GCFC2,GCFC2,GCFC2,GCFC2,CD46,GCFC2,H4C1,GCFC2,GCFC2,GCFC2,GCFC2,GCFC2,GCFC2,GCFC2,GCFC2,PECAM1,GCFC2,GCFC2,GCFC2,GCFC2,GCFC2,GCFC2,GCFC2
ACTG2,CD300KB,MAP3K11,WDR54,WDR54,WDR54,WDR54,WDR54,WDR54,WDR54,WDR54,CXCL1,SLC6A1,DEFA1,GIP,JAM2,RAB8A,ITGB7,CCL5,C8A,SLC4A2,CHEK2,CEACAM3,RAB3GAP2,SLC25A28,ANXA2,IGHV3-74,RABIF,RABL7,ITGA9,FKBP1BD,CCL3L1,ZNF704,WDR54,,CD244,MRPL23,ZNF684,MAP2K22,UBE4A,HPX,MAP4K5,RAB9B,CFP,SLC6A12,SLC39A11,DNAJC25,RAB5C,RABLL1,RABGEF1,MAPKKK13,ARPC5,HSPCM36,MAPK14,WDR54,WDR54,WDR54,WDR54,WDR54,HSPH9,RAB3GAP1,WDR54,SLAMF10,SLC39A14,WDR54,WDR54,SLC6A19,WDR54,WDR54,WDR54,CCR9,RAB6A,WDR54,PPP6R2,WDR54,WDR54,WDR54,WDR54,WDR54,WDR54,WDR54,CD151,WDR54,HLA-DRA,WDR54,WDR54,WDR54,WDR54,WDR54,WDR54,WDR54,WDR54,SELP,WDR54,WDR54,WDR54,WDR54,WDR54,WDR54,WDR54
ARPC1B,CD300KF,MAP3K12,CROT,CROT,CROT,CROT,CROT,CROT,CROT,CROT,CXCL5,SLC6A11,AZU1,GNRH1,JAM3,RAB8B,ITGA4,CCL11,C8B,SLC4A3,WEE1,FCGR3B,RAB11FIP5,SLC25A27,ANXA5,IGLV3-1,RABL2A,RABL7A,ITGA10,FKBP1BE,CCL3,ATP13A2,CROT,,CD160,MRPL24,ZNF649,MAP2K23,UBE4B,CP,MAP4K6,RABL2A,CFI,SLC6A13,SLC39A12,DNAJC27,RAB6A,RABLL1,RABGEF1,MAPKKK15,DSTN,HSPCM37,MAPK8IP1,CROT,CROT,CROT,CROT,CROT,HSPH10,SLC25A39,CROT,SLAMF12,SLC39A5,CROT,CROT,SLC6A2,CROT,CROT,CROT,CCR10,RAB36,CROT,RIF1,CROT,CROT,CROT,CROT,CROT,CROT,CROT,CD9,CROT,HLA-DRB1,CROT,CROT,CROT,CROT,CROT,CROT,CROT,CROT,CD31,CROT,CROT,CROT,CROT,CROT,CROT,CROT
PFN1,CD300KG,MAP3K13,ABCB4,ABCB4,ABCB4,ABCB4,ABCB4,ABCB4,ABCB4,ABCB4,CXCL6,SLC6A12,DEFA1B,LEP,JAM4,RAB9A,ITGA5,CCL13,C8G,SLC4A4,MYC,FCAR,RAB11FIP5,SLC25A26,ANXA6,IGKV1-39,RABL2B,RABL8A,ITGA11,FKBP1BF,CCL2,CDH20,ABCB4,,SLAMF6,MRPL27,ZNF616,MAP2K24,UBQLN2,A2M,MAP4K7,RABL2B,MASP1,SLC6A14,SLC39A13,DNAJC28,RAB6B,RABLL1,RABGEF1,MAPKKK16,FLNA,HSPCM38,MAPK8IP2,ABCB4,ABCB4,ABCB4,ABCB4,ABCB4,HSPH11,RAB3GAP1,ABCB4,SLAMF13,SLC39A7,ABCB4,ABCB4,SLC6A20,ABCB4,ABCB4,ABCB4,CCR6,RAB30,ABCB4,THBD,ABCB4,ABCB4,ABCB4,ABCB4,ABCB4,ABCB4,ABCB4,CD31,ABCB4,HLA-DQA1,ABCB4,ABCB4,ABCB4,ABCB4,ABCB4,ABCB4,ABCB4,ABCB4,FLT4,ABCB4,ABCB4,ABCB4,ABCB4,ABCB4,ABCB4,ABCB4
ACTR3,CD300KH,MAP3K2,KMT2E,KMT2E,KMT2E,KMT2E,KMT2E,KMT2E,KMT2E,KMT2E,CXCL15,SLC6A13,DEFA3,LEPR,CLDN1,RAB9B,ITGA6,CCL15,C9,SLC4A7,MYCN,SIGLEC5,SLC17A5,SLC25A25,S100 calcium-binding protein A9,IGHJ4,RABL3,RABL9,ITGA12,FKBP1BG,CXADR,SLC2A13,KMT2E,,SLAMF7,MRPL28,ZNF660,MAP2K25,UBQLN4,APOA1,MAP4,RABL3,MASP2,SLC6A15,SLC39A14,DNAJC3,RAB6C,RABLL1,RABGEF1,MAPKKK17,FLNB,HSPCM39,MAPK8IP3,KMT2E,KMT2E,KMT2E,KMT2E,KMT2E,HSPH12,SLC25A39,KMT2E,SLAMF14,SLC39A3,KMT2E,KMT2E,SLC6A3,KMT2E,KMT2E,KMT2E,CCR4,RABFIP1,KMT2E,CTD-2054N24.2,KMT2E,KMT2E,KMT2E,KMT2E,KMT2E,KMT2E,KMT2E,CD34,KMT2E,HLA-DQB1,KMT2E,KMT2E,KMT2E,KMT2E,KMT2E,KMT2E,KMT2E,KMT2E,LYVE1,KMT2E,KMT2E,KMT2E,KMT2E,KMT2E,KMT2E,KMT2E
ACTR2,CD300KI,MAP3K3,RHBDD2,RHBDD2,RHBDD2,RHBDD2,RHBDD2,RHBDD2,RHBDD2,RHBDD2,CXCL16,SLC6A14,PRTN3,MC3R,CLDN2,RAB10,GP1BA,CCL16,CFD,SLC4A9,MYB,SIGLEC10,SLC17A5,SLC25A24,S100 calcium-binding protein A8,IGHJ6,RABL6,RABGAP1,ITGA13,FKBP1BH,JAM3,ZNF655,RHBDD2,,SLAMF8,MRPL34,ZNF608,MAP2K26,HUWE1,APOA2,MAPK8IP1,RABL5,FCN3,SLC6A16A,SLC39A2,DNAJC30,RAB7A,RABLL1,RABGEF1,MAPKKK18,FLNC,HSPCM4,MAPKAPK2,RHBDD2,RHBDD2,RHBDD2,RHBDD2,RHBDD2,HSPH13,RAB3GAP1,RHBDD2,SLAMF15,SLC39A13,RHBDD2,RHBDD2,SLC6A4,RHBDD2,RHBDD2,RHBDD2,CCR3,RABFIP2,RHBDD2,MBNL1,RHBDD2,RHBDD2,RHBDD2,RHBDD2,RHBDD2,RHBDD2,RHBDD2,CD105,RHBDD2,HLA-DPA1,RHBDD2,RHBDD2,RHBDD2,RHBDD2,RHBDD2,RHBDD2,RHBDD2,RHBDD2,PROX1,RHBDD2,RHBDD2,RHBDD2,RHBDD2,RHBDD2,RHBDD2,RHBDD2
VCL,CD300LA,MAP3K4,SOX8,SOX8,SOX8,SOX8,SOX8,SOX8,SOX8,SOX8,CXCL9,SLC6A15,CTSG,MC4R,CLDN3,RAB11A,GP1BB,CCL17,MASP1,SLC4A11,E2F1,CLEC4E,WDR6,SLC25A22,profilin 1,IGLC2,RABL6B,RABGAP1L,ITGAE,FKBP1BI,JAM2,ATP1B1,SOX8,,SLAMF9,MRPL36,ZNF658,MAP2K27,RNF8,APOB,MAPK8IP2,RABL6,MBL2,SLC6A17,SLC39A3,DNAJC31,RAB7B,RABLL1,RABGEF1,MAPKKK19,GELS,HSPCM40,MAPKAPK3,SOX8,SOX8,SOX8,SOX8,SOX8,HSPH14,SLC25A39,SOX8,SLAMF16,SLC39A9,SOX8,SOX8,SLC6A5,SOX8,SOX8,SOX8,CCR8,RABEPK,SOX8,GIT1,SOX8,SOX8,SOX8,SOX8,SOX8,SOX8,SOX8,CD146,SOX8,HLA-DPB1,SOX8,SOX8,SOX8,SOX8,SOX8,SOX8,SOX8,SOX8,ROBO4,SOX8,SOX8,SOX8,SOX8,SOX8,SOX8,SOX8
DIAPH1,CD300LD,MAP3K5,IBTK,IBTK,IBTK,IBTK,IBTK,IBTK,IBTK,IBTK,CXCL11,SLC6A16A,CAMP,NPY,CLDN4,RAB11B,GP9,CCL18,MASP2,SLC4A1,E2F2,CLEC5A,WDR6,SLC25A3,integrin subunit beta 2,IGLC3,RABL6C,RABGAP2,ITGAL,FKBP1BJ,JAM1,CDH24,IBTK,,CD82,MRPL38,ZNF620,MAP2K28,RNF4,APOC1,MAPK8IP3,RABL6B,SERPING1,SLC6A19,SLC39A4,DNAJC4,RAB8A,RABLL1,RABGEF1,MAPKKK20,MYH9,HSPCM41,MAPKAPK5,IBTK,IBTK,IBTK,IBTK,IBTK,HSPH15,RAB3GAP1,IBTK,SLAMF17,SLC39A2,IBTK,IBTK,SLC6A6,IBTK,IBTK,IBTK,CX3CR1,RABGGTA,IBTK,PDLIM5,IBTK,IBTK,IBTK,IBTK,IBTK,IBTK,IBTK,CD147,IBTK,HLA-DMA,IBTK,IBTK,IBTK,IBTK,IBTK,IBTK,IBTK,IBTK,CDH5,IBTK,IBTK,IBTK,IBTK,IBTK,IBTK,IBTK
MYL9,PILRB,MAP3K6,ZNF195,ZNF195,ZNF195,ZNF195,ZNF195,ZNF195,ZNF195,ZNF195,CXCL13,SLC6A17,RNASE3,POMC,CLDN5,RAB12,PF4,CCL20,FCN3,SLC4A5,E2F3,CLEC4D,WDR6,SLC25A37,integrin subunit alpha M,IGKC,RABLD2,RABGEF1,ITGAM,FKBP1BK,ESAM,SLC2A1,ZNF195,,CD96,MRPL39,ZNF679,MAP2K29,RNF185,APOC2,MAPK8IP,RABL36,C4orf3,SLC6A1,SLC39A5,DNAJC5,RAB8B,RABLL1,RABGEF1,MAPKKK21,MYH10,HSPCM42,MAP4,ZNF195,ZNF195,ZNF195,ZNF195,ZNF195,HSPH16,SLC25A39,ZNF195,SLAMF18,SLC39A8,ZNF195,ZNF195,SLC6A7,ZNF195,ZNF195,ZNF195,CX3R1,RABGGTB,ZNF195,RP11-328K2.1,ZNF195,ZNF195,ZNF195,ZNF195,ZNF195,ZNF195,ZNF195,CD166,ZNF195,HLA-DMB,ZNF195,ZNF195,ZNF195,ZNF195,ZNF195,ZNF195,ZNF195,ZNF195,CLDN5,ZNF195,ZNF195,ZNF195,ZNF195,ZNF195,ZNF195,ZNF195
MYLK,PILRA,MAP2K2,MYCBP2,MYCBP2,MYCBP2,MYCBP2,MYCBP2,MYCBP2,MYCBP2,MYCBP2,CXCL14,SLC6A19,RNASE2,SST,CLDN6,RAB13,PPBP,CCL22,FCN2,SLC4A8,RB1,CLEC7A,WDR6,SLC25A36,integrin subunit beta 1,TRBJ2-7,RABLD2B,RABGEF1L1,ITGAX,FKBP1BL,CDH5,ZNF687,MYCBP2,,CD229,MRPL40,ZNF619,MAP2K30,RNF40,APOC3,MAPK9IP,RABGAP1L,HP,SLC6A2,SLC39A6,DNAJC5B,RAB9A,RABLL1,RABGEF1,MAPKKK22,MYH11,HSPCM43,MLK1,MYCBP2,MYCBP2,MYCBP2,MYCBP2,MYCBP2,HSPH17,RAB3GAP1,MYCBP2,SLAMF19,SLC39A1,MYCBP2,MYCBP2,SLC6A8,MYCBP2,MYCBP2,MYCBP2,CXCR6,RABGAP1L,MYCBP2,VSTM5,MYCBP2,MYCBP2,MYCBP2,MYCBP2,MYCBP2,MYCBP2,MYCBP2,CD106,MYCBP2,HLA-DOA,MYCBP2,MYCBP2,MYCBP2,MYCBP2,MYCBP2,MYCBP2,MYCBP2,MYCBP2,EGFL7,MYCBP2,MYCBP2,MYCBP2,MYCBP2,MYCBP2,MYCBP2,MYCBP2
MYLK2,CLEC1A,MAP2K3,FBXL3,FBXL3,FBXL3,FBXL3,FBXL3,FBXL3,FBXL3,FBXL3,CXCL17,SLC6A2,RNASE1,TRH,CLDN7,RAB14,CXCL5,CCL23,FCN1,SLC4A10,RBL1,CLEC10A,ARHGEF18,SLC25A35,integrin alpha-L,TRAV12-2,RABM,RABGEF1L2,ITGAD,FKBP1BM,CDH1,ATP5G2,FBXL3,,CD150,MRPL41,ZNF645,MAP2K31,RNF41,APOE,MAPKAP1,RABGAP1,ORM1,SLC6A20,SLC39A7,DNAJC6,RAB9B,RABLL1,RABGEF1,MAPKKK23,MYH14,HSPCM44,MLK2,FBXL3,FBXL3,FBXL3,FBXL3,FBXL3,HSPH18,SLC25A39,FBXL3,CD48,SLC39A1,FBXL3,FBXL3,SLC6A9,FBXL3,FBXL3,FBXL3,CXCR3,RABGAP1,FBXL3,ARL15,FBXL3,FBXL3,FBXL3,FBXL3,FBXL3,FBXL3,FBXL3,CD102,FBXL3,HLA-DOB,FBXL3,FBXL3,FBXL3,FBXL3,FBXL3,FBXL3,FBXL3,FBXL3,ESM1,FBXL3,FBXL3,FBXL3,FBXL3,FBXL3,FBXL3,FBXL3
MYO1B,CLEC2D,MAP2K5,ITGAL,ITGAL,ITGAL,ITGAL,ITGAL,ITGAL,ITGAL,ITGAL,CXCL1,SLC6A20,RNASE6,UCN,CLDN8,RAB15,CXCL6,CCL24,MBL2,SLC45A2,RBL2,CLEC14A,ARHGEF18,SLC25A33,integrin alpha-D,TRDV3,RABP1,RABGEF2,ITGB1,FKBP1BN,CLDN23,CDH7,ITGAL,,CD158A,MRPL44,ZNF613,MAP2K32,RNF11,LPA,MAPKAP2,RABGAP2,ORM2,SLC6A3,SLC39A9,DNAJC7,RABGAP1,RABLL1,RABGEF1,MAPKKK24,MYH1,HSPCM45,MLK3,ITGAL,ITGAL,ITGAL,ITGAL,ITGAL,HSPH19,RAB3GAP1,ITGAL,CD58,SLC39A15,ITGAL,ITGAL,SLC7A1,ITGAL,ITGAL,ITGAL,CCR1,RABGAP2,ITGAL,RP11-793L10.2,ITGAL,ITGAL,ITGAL,ITGAL,ITGAL,ITGAL,ITGAL,CD50,ITGAL,HLA-DRB5,ITGAL,ITGAL,ITGAL,ITGAL,ITGAL,ITGAL,ITGAL,ITGAL,JAM2,ITGAL,ITGAL,ITGAL,ITGAL,ITGAL,ITGAL,ITGAL
MYO1E,CLEC2L,MAP2K6,PDK2,PDK2,PDK2,PDK2,PDK2,PDK2,PDK2,PDK2,CXCL5,SLC6A3,RNASE7,ADM,CLDN9,RAB17,CXCL7,CCL25,COLEC11,SLC43A1,CDKN1A,MSR1,CEP78,SLC25A32,integrin beta-M,TRA@,RABP4IP,RABGGTA,ITGB2,FKBP1BO,CLDN19,SLC2A4,PDK2,,CD158B,MRPL45,ZNF661,MAP2K33,RNF168,PLG,MAPKAP3,RABGEF1,APOH,SLC6A4,SLC39A8,DNAJC8,RABGAP1L,RABLL1,RABGEF1,MAPKKK25,MYH2,HSPCM46,TPL2,PDK2,PDK2,PDK2,PDK2,PDK2,HSPH20,SLC25A39,PDK2,CD81,SLC39A6,PDK2,PDK2,SLC7A10,PDK2,PDK2,PDK2,CCR2,RABGEF1,PDK2,AC010096.1,PDK2,PDK2,PDK2,PDK2,PDK2,PDK2,PDK2,CD54,PDK2,HLA-DQA2,PDK2,PDK2,PDK2,PDK2,PDK2,PDK2,PDK2,PDK2,JAM3,PDK2,PDK2,PDK2,PDK2,PDK2,PDK2,PDK2
MYO1F,CLEC3A,MAP2K8,ITGA3,ITGA3,ITGA3,ITGA3,ITGA3,ITGA3,ITGA3,ITGA3,CXCL6,SLC6A4,RNASE8,AMBP,CLDN10,RAB18,CXCL1,CCL26,COLEC10,SLC43A2,CDKN1B,MARCO,CEP78,SLC25A31,integrin alpha-X,TRB@,RABPK13,RABGGTB,ITGB3,FKBP1BP,CLDN16,ZNF703,ITGA3,,CD158D,MRPL47,ZNF600,MAP2K34,RNF2,FGA,MAPKAP4,RABGEF1L1,SAA1,SLC6A5,SLC40A1,DNAJC9,RABGAP2,RABLL1,RABGEF1,MAPKKK26,MYH4,HSPCM47,COT1,ITGA3,ITGA3,ITGA3,ITGA3,ITGA3,HSPH21,RAB3GAP1,ITGA3,CD82,SLC39A12,ITGA3,ITGA3,SLC7A11,ITGA3,ITGA3,ITGA3,CCR5,RABGEF1L1,ITGA3,TOX4,ITGA3,ITGA3,ITGA3,ITGA3,ITGA3,ITGA3,ITGA3,CD164,ITGA3,HLA-DQB2,ITGA3,ITGA3,ITGA3,ITGA3,ITGA3,ITGA3,ITGA3,ITGA3,ABCA1,ITGA3,ITGA3,ITGA3,ITGA3,ITGA3,ITGA3,ITGA3
MYO5A,CLEC3B,MAP2K4,ITGA2B,ITGA2B,ITGA2B,ITGA2B,ITGA2B,ITGA2B,ITGA2B,ITGA2B,CXCL15,SLC6A5,RNASEL,APOC1,CLDN11,RAB19,CXCL2,CCL28,COLEC12,SLC43A3,CDKN1C,CD68,CEP78,SLC25A30,MHC class II DR alpha chain,TRG@,RABQTL1,RABJ,ITGB4,FKBP1BQ,CLDN10,ATP8A2,ITGA2B,,CD158F1,MRPL48,ZNF657,MAP2K35,RNF1,FGB,MAPKAPK1,RABGEF1L,SAA2,SLC6A6,SLC40A1,DNAJC9-AS1,RABGEF1,RABLL1,RABGEF1,MAPKKK27,MYH6,HSPCM48,ZC3H12A,ITGA2B,ITGA2B,ITGA2B,ITGA2B,ITGA2B,HSPH22,SLC25A39,ITGA2B,CD84,SLC39A10,ITGA2B,ITGA2B,SLC7A13,ITGA2B,ITGA2B,ITGA2B,CCR7,RABGEF1L,ITGA2B,EFCAB6,ITGA2B,ITGA2B,ITGA2B,ITGA2B,ITGA2B,ITGA2B,ITGA2B,CD168,ITGA2B,HLA-DPA2,ITGA2B,ITGA2B,ITGA2B,ITGA2B,ITGA2B,ITGA2B,ITGA2B,ITGA2B,ABCG1,ITGA2B,ITGA2B,ITGA2B,ITGA2B,ITGA2B,ITGA2B,ITGA2B
MYO5B,CLEC4G,MAP2K6,ASB4,ASB4,ASB4,ASB4,ASB4,ASB4,ASB4,ASB4,CXCL16,SLC6A6,RNASE4,APOC2,CLDN12,RAB20,CXCL3,XCL1,CLU,SLC44A1,CDKN2A,CD64,CEP78,SLC25A4,MHC class II DR beta 1 chain,TRD@,RABRINGAP,RABKCAL,ITGB5,FKBP1BR,CLDN5,CDH9,ASB4,,CD158G,MRPL49,ZNF614,MAP2K36,RNF19A,FGG,MAPKAPK1L,RABGEF2,TF,SLC6A7,SLC41A1,HSPB1,RABGEF1L1,RABLL1,RABGEF1,MAPKKK28,MYH7,HSPCM49,NFKB1,ASB4,ASB4,ASB4,ASB4,ASB4,HSPH23,RAB3GAP1,ASB4,CD96,SLC39A11,ASB4,ASB4,SLC7A14,ASB4,ASB4,ASB4,CCR9,RABGEF2,ASB4,AL121657.4,ASB4,ASB4,ASB4,ASB4,ASB4,ASB4,ASB4,CD222,ASB4,MR1,ASB4,ASB4,ASB4,ASB4,ASB4,ASB4,ASB4,ASB4,ABCG4,ASB4,ASB4,ASB4,ASB4,ASB4,ASB4,ASB4
MYO6,CLEC7A,MAPK15,GDE1,GDE1,GDE1,GDE1,GDE1,GDE1,GDE1,GDE1,CXCL9,SLC6A7,RNASEH2B,APOC3,CLDN13,RAB21,CXCL8,XCL2,VTN,SLC44A2,CDKN2B,CD33,ARHGEF12,SLC25A48,MHC class II DP alpha 1 chain,OR4F5,RABVIL,RABKN,ITGB6,FKBP1BS,CLDN1,SLC35C2,GDE1,,CD158K,MRPL50,ZNF635,MAP2K37,RNF19B,F13A1,MAPKAPK2,RABGEF3,FGA,SLC6A8,SLC43A1,HSPB2,RABGEF1L1-AS1,RABLL1,RABGEF1,MAPKKK29,MYO1A,HSPCM5,NFKB2,GDE1,GDE1,GDE1,GDE1,GDE1,HSPH24,SLC25A39,GDE1,CD100,SLC39A4,GDE1,GDE1,SLC7A2,GDE1,GDE1,GDE1,CCR10,RABGEF2L1,GDE1,RP1-28C20.1,GDE1,GDE1,GDE1,GDE1,GDE1,GDE1,GDE1,CD274,GDE1,B2M,GDE1,GDE1,GDE1,GDE1,GDE1,GDE1,GDE1,GDE1,ACAT1,GDE1,GDE1,GDE1,GDE1,GDE1,GDE1,GDE1
MYO9B,CLEC8A,MAPK4,REX1BD,REX1BD,REX1BD,REX1BD,REX1BD,REX1BD,REX1BD,REX1BD,CXCL11,SLC6A8,RNASEH2A,APOC4,CLDN14,RAB22A,CXCL9,CXCL16,APOH,SLC44A4,CDKN2C,CD11c,ARHGEF12,SLC25A47,MHC class II DP beta 1 chain,OR4F29,RABX5,RABQTL,ITGB7,FKBP1BT,OCLN,ZNF76,REX1BD,,CD158Z,MRPL51,ZNF681,MAP2K38,RNF13,F13B,MAPKAPK3,RABGGTA,FGB,SLC6A9,SLC43A2,HSPB3,RABGEF1L1-AS2,RABLL1,RABGEF1,MAPKKK30,MYO1B,HSPCM50,NFKBIA,REX1BD,REX1BD,REX1BD,REX1BD,REX1BD,HSPH25,RAB3GAP1,REX1BD,CD150,SLC39A14,REX1BD,REX1BD,SLC7A3,REX1BD,REX1BD,REX1BD,CCR6,RABGEF2L,REX1BD,HRAS,REX1BD,REX1BD,REX1BD,REX1BD,REX1BD,REX1BD,REX1BD,CD273,REX1BD,CD74,REX1BD,REX1BD,REX1BD,REX1BD,REX1BD,REX1BD,REX1BD,REX1BD,APOC1,REX1BD,REX1BD,REX1BD,REX1BD,REX1BD,REX1BD,REX1BD
MYH1,CLEC12A,MAPK6,CRLF1,CRLF1,CRLF1,CRLF1,CRLF1,CRLF1,CRLF1,CRLF1,CXCL13,SLC6A9,RNASEH2C,APOE,CLDN15,RAB22B,CXCL10,CX3CL1,APOA1,SLC44A5,CDKN2D,CD18,ARHGEF12,SLC25A46,MHC class II DM alpha chain,OR4F16,RAC1,RGS19,ITGB8,FKBP1BU,TJP1,ATP9A,CRLF1,,KIR2DL4,MRPL52,ZNF603,MAP2K39,RNF14,F12,MAPKAPK5,RABGGTB,FGG,SLC7A1,SLC43A3,HSPB6,RABGEF1L2,RABLL1,RABGEF1,MAPKKK31,MYO1C,HSPCM51,NFKBIB,CRLF1,CRLF1,CRLF1,CRLF1,CRLF1,HSPH26,SLC25A39,CRLF1,CD160,SLC39A5,CRLF1,CRLF1,SLC7A4,CRLF1,CRLF1,CRLF1,CCR4,RABGEF3,CRLF1,SCGB1D4,CRLF1,CRLF1,CRLF1,CRLF1,CRLF1,CRLF1,CRLF1,CD279,CRLF1,TAP1,CRLF1,CRLF1,CRLF1,CRLF1,CRLF1,CRLF1,CRLF1,CRLF1,APOE,CRLF1,CRLF1,CRLF1,CRLF1,CRLF1,CRLF1,CRLF1
MYH11,CLEC12B,MAPK7,OSBPL7,OSBPL7,OSBPL7,OSBPL7,OSBPL7,OSBPL7,OSBPL7,OSBPL7,CXCL14,SLC7A1,RNASEH1,GC,CLDN16,RAB23,CXCL11,CCL8,APOA2,SLC46A1,CDKN3,CD11a,ARHGEF12,SLC25A45,MHC class II DM beta chain,SAMD11,RAC2,RGS2,ITGAV,FKBP1BV,TJP2,CDK11B,OSBPL7,,KIR3DL1,MRPL53,ZNF631,MAP2K40,RNF141,F11,MAPKBP1,RABIN8,FBN1,SLC7A10,SLC44A1,HSPB7,RABGEF1L3,RABLL1,RABGEF1,MAPKKK32,MYO1D,HSPCM52,NFKBIC,OSBPL7,OSBPL7,OSBPL7,OSBPL7,OSBPL7,HSPH27,RAB3GAP1,OSBPL7,CD244,SLC39A7,OSBPL7,OSBPL7,SLC7A5,OSBPL7,OSBPL7,OSBPL7,CCR3,RABGEF3L1,OSBPL7,RP11-981G7.6,OSBPL7,OSBPL7,OSBPL7,OSBPL7,OSBPL7,OSBPL7,OSBPL7,CD272,OSBPL7,TAP2,OSBPL7,OSBPL7,OSBPL7,OSBPL7,OSBPL7,OSBPL7,OSBPL7,OSBPL7,AQP9,OSBPL7,OSBPL7,OSBPL7,OSBPL7,OSBPL7,OSBPL7,OSBPL7
MYH14,CLEC17A,MAPKAP1,TMEM98,TMEM98,TMEM98,TMEM98,TMEM98,TMEM98,TMEM98,TMEM98,CXCL17,SLC7A10,RNASEK,HP,CLDN17,RAB24,CXCL12,CCL7,APOA4,SLC46A2,TGFB1,CD16,MYO1F,SLC25A44,,NOC2L,RAC3,RGS3,ITGBL1,FKBP1BW,CLDNK,SLC38A1,TMEM98,,KIR3DL2,MRPL54,ZNF685,MAP2K41,RNF144B,F10,MAP2K1,RABRINGAP1,SERPINA1,SLC7A11,SLC44A2,HSPB8,RABGEF2,RABLL1,RABGEF1,MAPKKK33,MYO1E,HSPCM53,NFKBID,TMEM98,TMEM98,TMEM98,TMEM98,TMEM98,HSPH28,SLC25A39,TMEM98,CD300A,SLC39A3,TMEM98,TMEM98,SLC7A6,TMEM98,TMEM98,TMEM98,CCR8,RABGEF3L,TMEM98,FAM133DP,TMEM98,TMEM98,TMEM98,TMEM98,TMEM98,TMEM98,TMEM98,CD270,TMEM98,TAPBP,TMEM98,TMEM98,TMEM98,TMEM98,TMEM98,TMEM98,TMEM98,TMEM98,CAV1,TMEM98,TMEM98,TMEM98,TMEM98,TMEM98,TMEM98,TMEM98
MYH9,CLEC18A,MAPKAPK2,YBX2,YBX2,YBX2,YBX2,YBX2,YBX2,YBX2,YBX2,CXCL1,SLC7A11,RNASET2,ORM1,CLDN18,RAB25,CXCL13,CCL27,APOB,SLC45A3,TGFB2,CD62L,MYO1F,SLC25A43,,KLHL17,RACGAP1,RGS4,ITGBD,FKBP1BX,CADM1,ZNF790,YBX2,,KIR2DL1,MRPL55,ZNF611,MAP2K42,RNF145,F9,MAP2K2,RABEP2,APCS,SLC7A13,SLC44A3,HSPB9,RABGEF3,RABLL1,RABGEF1,MAPKKK34,MYO1F,HSPCM54,NFKBIZ,YBX2,YBX2,YBX2,YBX2,YBX2,HSPH29,RAB3GAP1,YBX2,CD300E,SLC39A13,YBX2,YBX2,SLC7A7,YBX2,YBX2,YBX2,CX3CR1,RABIN8,YBX2,LINC02059,YBX2,YBX2,YBX2,YBX2,YBX2,YBX2,YBX2,CD278,YBX2,PSMB8,YBX2,YBX2,YBX2,YBX2,YBX2,YBX2,YBX2,YBX2,CAV2,YBX2,YBX2,YBX2,YBX2,YBX2,YBX2,YBX2
MYO18B,CLEC19A,MAPKAPK3,KRT33A,KRT33A,KRT33A,KRT33A,KRT33A,KRT33A,KRT33A,KRT33A,CXCL5,SLC7A13,RNASEH,ORM2,CLDN19,RAB26,CXCL14,CCL14,APOC1,SLC46A3,TGFB3,CD62P,MYO1F,SLC25A42,,PLEKHM1,RACK1,RGS5,FERMT1,FKBP1BY,CADM2,ATXN1,KRT33A,,KIR2DL3,S100A8,ZNF653,MAP2K43,RNF146,F8,MAP2K3,RABEPK,APOC1,SLC7A14,SLC44A4,HSPB11,RABGEF3-AS1,RABLL1,RABGEF1,MAPKKK35,MYO1G,HSPCM55,REL,KRT33A,KRT33A,KRT33A,KRT33A,KRT33A,HSPH30,SLC25A39,KRT33A,CD300LF,SLC39A9,KRT33A,KRT33A,SLC7A8,KRT33A,KRT33A,KRT33A,XCL1,RABJGG,KRT33A,RP11-61D3.1,KRT33A,KRT33A,KRT33A,KRT33A,KRT33A,KRT33A,KRT33A,CD289,KRT33A,PSMB9,KRT33A,KRT33A,KRT33A,KRT33A,KRT33A,KRT33A,KRT33A,KRT33A,CD36,KRT33A,KRT33A,KRT33A,KRT33A,KRT33A,KRT33A,KRT33A
MYO19,CLEC4M,MAPKAPK5,MAP3K14,MAP3K14,MAP3K14,MAP3K14,MAP3K14,MAP3K14,MAP3K14,MAP3K14,CXCL6,SLC7A2,RNASEHI,SAA1,CLDN20,RAB28,CXCL16,CXCR4,APOC2,SLC46A3,TGFBR1,CD106,MYO1F,SLC25A40,,H19,RAD1,RGS6,FERMT2,FKBP1BZ,CADM4,CDK16,MAP3K14,,KIR3DL3,S100A9,ZNF602,MAP2K44,RNF149,F7,MAP2K4,RABGAP2AS1,APOC2,SLC7A2,SLC45A2,HSPAP,RABGGTA,RABLL1,RABGEF1,MAPKKK36,MYO1H,HSPCM56,RELA,MAP3K14,MAP3K14,MAP3K14,MAP3K14,MAP3K14,HSPH31,RAB3GAP1,MAP3K14,CD302,SLC39A2,MAP3K14,MAP3K14,SLC7A9,MAP3K14,MAP3K14,MAP3K14,XCL2,RABL3,MAP3K14,TMEM38A,MAP3K14,MAP3K14,MAP3K14,MAP3K14,MAP3K14,MAP3K14,MAP3K14,CD35,MAP3K14,PSMB10,MAP3K14,MAP3K14,MAP3K14,MAP3K14,MAP3K14,MAP3K14,MAP3K14,MAP3K14,CD91,MAP3K14,MAP3K14,MAP3K14,MAP3K14,MAP3K14,MAP3K14,MAP3K14
MYO1H,CLEC6A,MAPKAP1,ABCC8,ABCC8,ABCC8,ABCC8,ABCC8,ABCC8,ABCC8,ABCC8,CXCL15,SLC7A3,RNASEMRL,SAA2,CLDN22,RAB29,CXCL17,CXCR3,APOC3,SLC47A1,TGFBR2,CD102,CEP164,SLC25A49,,AGRN,RAD17,RGS7,FERMT3,FKBP1CA,CEACAM1,SLC38A2,ABCC8,,KIR2DS4,S100A12,ZNF628,MAP2K45,RNF150,F5,MAP2K5,RABPN1,APOC3,SLC7A3,SLC45A3,HSPBP1,RABGGTB,RABLL1,RABGEF1,MAPKKK37,MYO3A,HSPCM57,RELB,ABCC8,ABCC8,ABCC8,ABCC8,ABCC8,HSPH32,SLC25A39,ABCC8,CD303,SLC39A8,ABCC8,ABCC8,SLC8A1,ABCC8,ABCC8,ABCC8,CXCL16,RABL2B,ABCC8,C4orf47,ABCC8,ABCC8,ABCC8,ABCC8,ABCC8,ABCC8,ABCC8,CD19,ABCC8,PSMB11,ABCC8,ABCC8,ABCC8,ABCC8,ABCC8,ABCC8,ABCC8,ABCC8,CEL,ABCC8,ABCC8,ABCC8,ABCC8,ABCC8,ABCC8,ABCC8
MYO7A,CLEC6B,RPS6KA1,CACNG3,CACNG3,CACNG3,CACNG3,CACNG3,CACNG3,CACNG3,CACNG3,CXCL16,SLC7A4,RNASEP4,TF,CLDN23,RAB30,CX3CL1,CXCR6,APOC4,SLC47A2,TGFBR3,CD31,CEP164,SLC25A5,,TTLL10,RAD18,RGS7BP,ILK,FKBP1CB,CEACAM5,ZNF804B,CACNG3,,KIR2DS3,HLA-DRA,ZNF665,MAP2K46,RNF152,F2,MAP2K6,RABQTL,APOE,SLC7A4,SLC46A1,HSPBAP1,RABIN4,RABLL1,RABGEF1,MAPKKK38,MYO5A,HSPCM58,IKBKG,CACNG3,CACNG3,CACNG3,CACNG3,CACNG3,HSPH33,RAB3GAP1,CACNG3,CD304,SLC39A1,CACNG3,CACNG3,SLC8A2,CACNG3,CACNG3,CACNG3,CCL11,RABL2A,CACNG3,MIR376C,CACNG3,CACNG3,CACNG3,CACNG3,CACNG3,CACNG3,CACNG3,CD20,CACNG3,PSME1,CACNG3,CACNG3,CACNG3,CACNG3,CACNG3,CACNG3,CACNG3,CACNG3,CETP,CACNG3,CACNG3,CACNG3,CACNG3,CACNG3,CACNG3,CACNG3
MYO9A,CLEC8B,RPS6KA5,TMEM132A,TMEM132A,TMEM132A,TMEM132A,TMEM132A,TMEM132A,TMEM132A,TMEM132A,CXCL9,SLC7A5,RNASE6P,ALB,CLDN24,RAB31,CCL1,CXCR5,APOE,SLC47A2,SMAD1,CD105,CEP164,SLC25A6,,TNFRSF18,RAD21,RGS8,PTK2,FKBP1CC,PVR,B9D1,TMEM132A,,KIR2DS1,HLA-DRB1,ZNF605,MAP2K47,RNF157,F1,MAP2K7,RABIF,LBP,SLC7A5,SLC46A2,HSPCAL1,RABL2A,RABLL1,RABGEF1,MAPKKK39,MYO5B,HSPCM59,IKBKB,TMEM132A,TMEM132A,TMEM132A,TMEM132A,TMEM132A,HSPH34,SLC25A39,TMEM132A,CD312,SLC39A1,TMEM132A,TMEM132A,SLC8A3,TMEM132A,TMEM132A,TMEM132A,CCL17,RABL1B,TMEM132A,SRP14-AS1,TMEM132A,TMEM132A,TMEM132A,TMEM132A,TMEM132A,TMEM132A,TMEM132A,CD21,TMEM132A,PSME2,TMEM132A,TMEM132A,TMEM132A,TMEM132A,TMEM132A,TMEM132A,TMEM132A,TMEM132A,CH25H,TMEM132A,TMEM132A,TMEM132A,TMEM132A,TMEM132A,TMEM132A,TMEM132A
MYO10,CLEC16B,RPS6KA3,AP2B1,AP2B1,AP2B1,AP2B1,AP2B1,AP2B1,AP2B1,AP2B1,CXCL11,SLC7A6,RNASE9,FETUA,CLDN25,RAB32,CCL2,CXCR1,LPL,SLC47A3,SMAD2,CD109,CEP164,SLC25A60,,TNFRSF4,RAD23A,RGS9,PTK2B,FKBP1CD,IGSF8,CDK19,AP2B1,,KIR3DS1,HLA-DPB1,ZNF630,MAP2K48,RNF166,PROC,MAP2K8,RABGDIB,GC,SLC7A6,SLC46A3,HSPCAL10,RABL2B,RABLL1,RABGEF1,MAPKKK40,MYO5C,HSPCM6,IKBGA,AP2B1,AP2B1,AP2B1,AP2B1,AP2B1,HSPH35,RAB3GAP1,AP2B1,CD319,SLC39A15,AP2B1,AP2B1,SLC9A3,AP2B1,AP2B1,AP2B1,CCL22,RABL1A,AP2B1,LYPD9P,AP2B1,AP2B1,AP2B1,AP2B1,AP2B1,AP2B1,AP2B1,CD22,AP2B1,PSME3,AP2B1,AP2B1,AP2B1,AP2B1,AP2B1,AP2B1,AP2B1,AP2B1,CHUK,AP2B1,AP2B1,AP2B1,AP2B1,AP2B1,AP2B1,AP2B1
MYO15A,CLEC20A,RPS6KA2,TAC1,TAC1,TAC1,TAC1,TAC1,TAC1,TAC1,TAC1,CXCL13,SLC7A7,RNASEH2BP1,IGHA1,CLDN10A,RAB33A,CCL3,CXCR2,CETP,SLC48A1,SMAD3,CD62E,CEP164,SLC25A53,,DCST2,RAD23B,RGS9BP,FAK2,FKBP1CE,IGSF3,SLC38A7,TAC1,,KLRD1,HLA-DPA1,ZNF668,MAP2K49,RNF167,PROS1,MAP2K,RABGDIC,VTN,SLC7A7,SLC47A1,HSPCAL11,RABL3,RABLL1,RABGEF1,MAPKKK41,MYO6,HSPCM60,CHUK,TAC1,TAC1,TAC1,TAC1,TAC1,HSPH36,SLC25A39,TAC1,CD352,SLC39A6,TAC1,TAC1,SLC9A4,TAC1,TAC1,TAC1,CCL13,RABL4,TAC1,RP11-646D13.1,TAC1,TAC1,TAC1,TAC1,TAC1,TAC1,TAC1,CD79A,TAC1,NLRC5,TAC1,TAC1,TAC1,TAC1,TAC1,TAC1,TAC1,TAC1,CYP27A1,TAC1,TAC1,TAC1,TAC1,TAC1,TAC1,TAC1
MYO16,CLEC20B,RPS6KB1,ZNF263,ZNF263,ZNF263,ZNF263,ZNF263,ZNF263,ZNF263,ZNF263,CXCL14,SLC7A8,RNASEH2BP2,IGHA2,CLDN10B,RAB33B,CCL4,CCR1,PLTP,SLC49A1,SMAD4,CD61,CEP164,SLC25A51,,C1orf170,RAD50,RGS9NB,SRC,FKBP1CF,IGSF1,ZNF816A,ZNF263,,KLRC1,HLA-DQB1,ZNF607,MAP2K50,RNF170,PROZ,MAP3K1,RABGDI,A2M,SLC7A8,SLC47A2,HSPCAL12,RABL5,RABLL1,RABGEF1,MAPKKK42,MYO7A,HSPCM61,RIPK1,ZNF263,ZNF263,ZNF263,ZNF263,ZNF263,HSPH37,RAB3GAP1,ZNF263,CD360,SLC39A12,ZNF263,ZNF263,SLC9A5,ZNF263,ZNF263,ZNF263,CCL8,RABL6,ZNF263,TUNAR,ZNF263,ZNF263,ZNF263,ZNF263,ZNF263,ZNF263,ZNF263,CD79B,ZNF263,CIITA,ZNF263,ZNF263,ZNF263,ZNF263,ZNF263,ZNF263,ZNF263,ZNF263,DHCR24,ZNF263,ZNF263,ZNF263,ZNF263,ZNF263,ZNF263,ZNF263
MYOAD1,CLEC20C,RPS6KB2,CX3CL1,CX3CL1,CX3CL1,CX3CL1,CX3CL1,CX3CL1,CX3CL1,CX3CL1,CXCL17,SLC7A9,RNASE3P1,IGHG1,CLDN10C,RAB36,CCL5,CCR2,LIPG,SLC49A2,SMAD5,CD49b,MYO1H,SLC25A50,,HES4,RAD51,RGS10,YES1,FKBP1CG,IGSF10,B4GALT1,CX3CL1,,KLRC2,HLA-DQA1,ZNF633,MAP2K51,RNF175,SERPINC1,MAP3K2,RABGAP2L,CFHR1,SLC7A9,SLC48A1,HSPCAL13,RABL6,RABLL1,RABGEF1,MAPKKK43,MYO7B,HSPCM62,RIPK2,CX3CL1,CX3CL1,CX3CL1,CX3CL1,CX3CL1,HSPH38,SLC25A39,CX3CL1,CD362,SLC39A10,CX3CL1,CX3CL1,SLC9A6,CX3CL1,CX3CL1,CX3CL1,CCL7,RABL6B,CX3CL1,PLPP1,CX3CL1,CX3CL1,CX3CL1,CX3CL1,CX3CL1,CX3CL1,CX3CL1,CD81,CX3CL1,RFX5,CX3CL1,CX3CL1,CX3CL1,CX3CL1,CX3CL1,CX3CL1,CX3CL1,CX3CL1,DLK1,CX3CL1,CX3CL1,CX3CL1,CX3CL1,CX3CL1,CX3CL1,CX3CL1
MYOAD2,CLEC20D,RPS6KC1,SPATA20,SPATA20,SPATA20,SPATA20,SPATA20,SPATA20,SPATA20,SPATA20,CXCL1,SLC8A1,RNASE2B,IGHG2,OCLN,RAB37,CCL7,CCR5,ABCA1,SLC50A1,SMAD6,CD49e,MYO1H,SLC25A7,,ISG15,RAD51AP1,RGS11,FYN,FKBP1CH,IGSF9B,CDK20,SPATA20,,KLRC3,CD74,ZNF670,MAP2K52,RNF180,SERPINA1,MAP3K3,RABGEF1L2,CFHR2,SLC9A1,SLC49A1,HSPCAL14,RABL6B,RABLL1,RABGEF1,MAPKKK44,MYO9A,HSPCM63,RIPK3,SPATA20,SPATA20,SPATA20,SPATA20,SPATA20,HSPH39,RAB3GAP1,SPATA20,CD363,SLC39A11,SPATA20,SPATA20,SLC9A7,SPATA20,SPATA20,SPATA20,CCL2,RABL36,SPATA20,RP11-74D7.3,SPATA20,SPATA20,SPATA20,SPATA20,SPATA20,SPATA20,SPATA20,CD82,SPATA20,RFXAP,SPATA20,SPATA20,SPATA20,SPATA20,SPATA20,SPATA20,SPATA20,SPATA20,ELOVL5,SPATA20,SPATA20,SPATA20,SPATA20,SPATA20,SPATA20,SPATA20
MYOBP,CLEC20P1,RPS6KL1,CACNA1G,CACNA1G,CACNA1G,CACNA1G,CACNA1G,CACNA1G,CACNA1G,CACNA1G,CXCL5,SLC8A2,RNASE4IP1,IGHG3,MPZL1,RAB39A,CCL8,CCR7,SCARB1,SLC50A1,SMAD7,CD54,MYO1H,SLC25A9,,TNFRSF23,RAD51AP2,RGS12,LCK,FKBP1CI,IGSF9,SLC38A9,CACNA1G,,KLRC4,CXCL8,ZNF599,MAP2K53,RNF181,SERPINA3,MAP3K4,RABGEF1L3,CFHR3,SLC9A3,SLC4A1,HSPCAL15,RABL6B-AS1,RABLL1,RABGEF1,MAPKKK45,MYO9B,HSPCM64,RIPK4,CACNA1G,CACNA1G,CACNA1G,CACNA1G,CACNA1G,HSPH40,SLC25A39,CACNA1G,CD370,SLC39A4,CACNA1G,CACNA1G,SLC9A8,CACNA1G,CACNA1G,CACNA1G,CXCL13,RABLD1,CACNA1G,PTENP1-AS,CACNA1G,CACNA1G,CACNA1G,CACNA1G,CACNA1G,CACNA1G,CACNA1G,CD53,CACNA1G,RFXANK,CACNA1G,CACNA1G,CACNA1G,CACNA1G,CACNA1G,CACNA1G,CACNA1G,CACNA1G,FASN,CACNA1G,CACNA1G,CACNA1G,CACNA1G,CACNA1G,CACNA1G,CACNA1G
MYOCD,CLEC20P2,RPS6KA6,TNFRSF12A,TNFRSF12A,TNFRSF12A,TNFRSF12A,TNFRSF12A,TNFRSF12A,TNFRSF12A,TNFRSF12A,CXCL6,SLC8A3,RNASE10,IGHG4,MPZL2,RABGAP1,CCL11,CCR9,LCAT,SLC51A1,SMAD9,CD50,MYO1H,SLC25A8,,OAZ1,RAD51B,RGS12L,HCK,FKBP1CJ,IGSF22,ZNF835,TNFRSF12A,,KLRC5,CXCL9,ZNF627,MAP2K54,RNF182,SERPINA5,MAP3K5,RABGEF1L4,CFHR5,SLC9A4,SLC4A10,HSPCAL16,RABL6B-AS2,RABLL1,RABGEF1,MAPKKK46,MYOD1,HSPCM65,IRAK1,TNFRSF12A,TNFRSF12A,TNFRSF12A,TNFRSF12A,TNFRSF12A,HSPH41,RAB3GAP1,TNFRSF12A,CD371,SLC39A14,TNFRSF12A,TNFRSF12A,SLC9B1,TNFRSF12A,TNFRSF12A,TNFRSF12A,CXCL12,RABLD2,TNFRSF12A,NPIPB4,TNFRSF12A,TNFRSF12A,TNFRSF12A,TNFRSF12A,TNFRSF12A,TNFRSF12A,TNFRSF12A,CD37,TNFRSF12A,NFKBIA,TNFRSF12A,TNFRSF12A,TNFRSF12A,TNFRSF12A,TNFRSF12A,TNFRSF12A,TNFRSF12A,TNFRSF12A,FDFT1,TNFRSF12A,TNFRSF12A,TNFRSF12A,TNFRSF12A,TNFRSF12A,TNFRSF12A,TNFRSF12A
MYOD1,CD300B,MAP4K2,DLX6,DLX6,DLX6,DLX6,DLX6,DLX6,DLX6,DLX6,CXCL15,SLC9A1,RNASE4L1,IGHM,PVR,RABGAP1L,CCL13,CX3CR1,APOM,SLC52A1,ID1,CD51,MYO1H,SLC25A52,,RNF223,RAD51C,RGS13,LYN,FKBP1CK,IGSF21,CACNA1H,DLX6,,KLRC6,CXCL10,ZNF663,MAP2K55,RNF183,SERPINA7,MAP3K6,INPP5F,CFI,SLC9A5,SLC4A11,HSPCAL2,RABL6B-AS3,RABLL1,RABGEF1,MAPKKK47,MYOF,HSPCM66,IRAK2,DLX6,DLX6,DLX6,DLX6,DLX6,HSPH43,SLC25A39,DLX6,CD44,SLC39A5,DLX6,DLX6,SLC9B2,DLX6,DLX6,DLX6,CXCR4,RABM,DLX6,RAB28P1,DLX6,DLX6,DLX6,DLX6,DLX6,DLX6,DLX6,CD1c,DLX6,NFKBIB,DLX6,DLX6,DLX6,DLX6,DLX6,DLX6,DLX6,DLX6,FFAR2,DLX6,DLX6,DLX6,DLX6,DLX6,DLX6,DLX6
MYOF,CD300C,MAP4K3,MAP3K9,MAP3K9,MAP3K9,MAP3K9,MAP3K9,MAP3K9,MAP3K9,MAP3K9,CXCL16,SLC9A3,RNASE9P1,IGKC,NECTIN1,RABGAP2,CCL15,XCR1,GC,SLC52A2,ID2,CD58,MYO1H,SLC25A54,,REM1,RAD51D,RGS14,BLK,FKBP1CL,IGSF23,CDK4,MAP3K9,,KLRC7,CXCL11,ZNF604,MAP2K56,RNF186,SERPINA10,MAP3K7,PIK3R4,IGFBP7,SLC9A6,SLC4A2,HSPCAL3,RABL6B-AS4,RABLL1,RABGEF1,MAPKKK48,MYOG,HSPCM67,IRAK4,MAP3K9,MAP3K9,MAP3K9,MAP3K9,MAP3K9,HSPH45,RAB3GAP1,MAP3K9,CD47,SLC39A7,MAP3K9,MAP3K9,SLC9C1,MAP3K9,MAP3K9,MAP3K9,CXCR5,RABP1,MAP3K9,RP11-1149M3.2,MAP3K9,MAP3K9,MAP3K9,MAP3K9,MAP3K9,MAP3K9,MAP3K9,CD1a,MAP3K9,NFKBID,MAP3K9,MAP3K9,MAP3K9,MAP3K9,MAP3K9,MAP3K9,MAP3K9,MAP3K9,FLT1,MAP3K9,MAP3K9,MAP3K9,MAP3K9,MAP3K9,MAP3K9,MAP3K9
MYOG,CD300CD,MAP4K1,RALA,RALA,RALA,RALA,RALA,RALA,RALA,RALA,CXCL9,SLC9A4,RNASEKRAP,IGLC,NECTIN2,RABGEF1,CCL16,CCR6,ALB,SLC52A3,ID3,CD112,CEP95,SLC25A55,,LRRC47,RAD52,RGS16,FGR,FKBP1CM,IGSF11,SLC39A10,RALA,,KLRF1,CXCL16,ZNF632,MAP2K57,RNF187,SERPINA12,MAP3K8,PIK3AP1,IGFBP4,SLC9A9,SLC4A3,HSPCAL4,RABL6B-AS5,RABLL1,RABGEF1,MAPKKK49,MYOM1,HSPCM68,TLR1,RALA,RALA,RALA,RALA,RALA,HSPH46,SLC25A39,RALA,CD55,SLC39A3,RALA,RALA,SLC10A1,RALA,RALA,RALA,CX3CR1,RABP1IP1,RALA,ZNF773,RALA,RALA,RALA,RALA,RALA,RALA,RALA,CD1b,RALA,NFKBIE,RALA,RALA,RALA,RALA,RALA,RALA,RALA,RALA,GATA2,RALA,RALA,RALA,RALA,RALA,RALA,RALA
MYOM1,CD300E,CDC42,BAIAP2L1,BAIAP2L1,BAIAP2L1,BAIAP2L1,BAIAP2L1,BAIAP2L1,BAIAP2L1,BAIAP2L1,CXCL11,SLC9A5,RNASET2B,JCHAIN,NECTIN3,RABGEF1L1,CCL17,CXCL12,TF,SLC5A1,ID4,CD15,CEP95,SLC25A56,,PRDM16,RAD54B,RGS17,HCK1,FKBP1CN,IGSF11B,ZRANB1,BAIAP2L1,,KLRG1,CCL2,ZNF673,MAP2K58,RNF20,SERPIND1,MAP3K9,PIK3C2A,IGFBP1,SLC10A1,SLC4A4,HSPCAL5,RABL6B-AS6,RABLL1,RABGEF1,MAPKKK50,MYOM2,HSPCM69,TLR2,BAIAP2L1,BAIAP2L1,BAIAP2L1,BAIAP2L1,BAIAP2L1,HSPH47,RAB3GAP1,BAIAP2L1,CD97,SLC39A13,BAIAP2L1,BAIAP2L1,SLC10A2,BAIAP2L1,BAIAP2L1,BAIAP2L1,CX3R1,RABPN1,BAIAP2L1,AC108463.1,BAIAP2L1,BAIAP2L1,BAIAP2L1,BAIAP2L1,BAIAP2L1,BAIAP2L1,BAIAP2L1,CD1d,BAIAP2L1,NFKBIL1,BAIAP2L1,BAIAP2L1,BAIAP2L1,BAIAP2L1,BAIAP2L1,BAIAP2L1,BAIAP2L1,BAIAP2L1,GJA1,BAIAP2L1,BAIAP2L1,BAIAP2L1,BAIAP2L1,BAIAP2L1,BAIAP2L1,BAIAP2L1
MYOM2,CD300F,RAC1,KDM7A,KDM7A,KDM7A,KDM7A,KDM7A,KDM7A,KDM7A,KDM7A,CXCL13,SLC9A6,RNASEHL1,IGHGP,NECTIN4,RABGEF1L2,CCL18,CXCL9,HPX,SLC5A10,JUN,CD117,CEP95,SLC25A57,,PLEKHM1,RAD54L,RGS18,CSK,FKBP1CO,BTNL9,CACNA1I,KDM7A,,KLRK1,CCL3,ZNF598,MAP2K59,RNF207,SERPINE1,MAP3K10,PIK3C2B,IGFBP2,SLC10A2,SLC4A5,HSPCAL6,RABL6OS,RABLL1,RABGEF1,MAPKKK51,MYOM3,HSPCM7,TLR3,KDM7A,KDM7A,KDM7A,KDM7A,KDM7A,HSPH48,SLC25A39,KDM7A,CD99,SLC39A9,KDM7A,KDM7A,SLC10A3,KDM7A,KDM7A,KDM7A,CXCR6,RABQTL,KDM7A,MIR4274,KDM7A,KDM7A,KDM7A,KDM7A,KDM7A,KDM7A,KDM7A,CD1e,KDM7A,IKBKG,KDM7A,KDM7A,KDM7A,KDM7A,KDM7A,KDM7A,KDM7A,KDM7A,GLUL,KDM7A,KDM7A,KDM7A,KDM7A,KDM7A,KDM7A,KDM7A
MYOM3,CD300G,PAK1,ETV1,ETV1,ETV1,ETV1,ETV1,ETV1,ETV1,ETV1,CXCL14,SLC9A7,RNASELP1,IGHM_ALT1,SIGLEC5,RABGEF1L3,CCL19,CXCL10,CP,SLC5A11,FOS,CD11c,CEP95,SLC25A58,,C1orf112,RAD54L2,RGS20,ABL1,FKBP1CP,BTNL8,CDK5,ETV1,,NCR1,CCL4,ZNF624,MAP2K60,RNF213,SERPINE2,MAP3K11,PIK3C2G,IGFBP3,SLC10A3,SLC4A7,HSPCAL7,RABQTL,RABLL1,RABGEF1,MAPKKK52,MYOZ1,HSPCM70,TLR4,ETV1,ETV1,ETV1,ETV1,ETV1,HSPH49,RAB3GAP1,ETV1,CD2,SLC39A2,ETV1,ETV1,SLC10A4,ETV1,ETV1,ETV1,CXCR3,RABRINGAP1,ETV1,RN7SKP97,ETV1,ETV1,ETV1,ETV1,ETV1,ETV1,ETV1,CD200,ETV1,IKBKB,ETV1,ETV1,ETV1,ETV1,ETV1,ETV1,ETV1,ETV1,GPX3,ETV1,ETV1,ETV1,ETV1,ETV1,ETV1,ETV1
MYOMD,CD300GA,PAK3,AGK,AGK,AGK,AGK,AGK,AGK,AGK,AGK,CXCL17,SLC9A8,RNASEPL1,IGHV1-69,SIGLEC7,RABGEF1L4,CCL20,CXCL13,ANGPTL3,SLC5A12,MAPK1,CDw32,CEP95,SLC25A59,,FGR,RAD9A,RGS21,ABL2,FKBP1CQ,BTNL3,SLC39A12,AGK,,NCR2,CCL5,ZNF662,MAP2K61,RNF216,SERPINE3,MAP3K12,PIK3C3,IGFBP5,SLC10A4,SLC4A8,HSPCAL8,RABRINGAP1,RABLL1,RABGEF1,MAPKKK53,MYOZ2,HSPCM71,TLR5,AGK,AGK,AGK,AGK,AGK,HSPH50,SLC25A39,AGK,CD5,SLC39A8,AGK,AGK,SLC10A6,AGK,AGK,AGK,CCR1,RABGAP1R,AGK,MLXIP,AGK,AGK,AGK,AGK,AGK,AGK,AGK,CD209,AGK,IKBalpha,AGK,AGK,AGK,AGK,AGK,AGK,AGK,AGK,HMGCR,AGK,AGK,AGK,AGK,AGK,AGK,AGK
MYOZ1,CD300GB,PAK4,ALDH3B1,ALDH3B1,ALDH3B1,ALDH3B1,ALDH3B1,ALDH3B1,ALDH3B1,ALDH3B1,CXCL1,SLC9A9,RNASEPL4,IGHV3-23,SIGLEC9,RABGEF1L5,CCL21,CXCL11,ANGPTL4,SLC5A2,MAPK3,CD35,CEP95,SLC25A61,,CFH,RAD9B,RGS22,PDGFRB,FKBP1CR,BTNL2,ZRANB2,ALDH3B1,,NCR3,CCL7,ZNF601,MAP2K62,RNF217,SERPINF1,MAP3K13,PIK3CA,IGFBP6,SLC10A6,SLC4A9,HSPCAL9,RABRINGAP1-AS1,RABLL1,RABGEF1,MAPKKK54,MYOZ3,HSPCM72,TLR6,ALDH3B1,ALDH3B1,ALDH3B1,ALDH3B1,ALDH3B1,HSPH51,RAB3GAP1,ALDH3B1,CD6,SLC39A1,ALDH3B1,ALDH3B1,SLC10A7,ALDH3B1,ALDH3B1,ALDH3B1,CCR2,RABIN4,ALDH3B1,PRXL2B,ALDH3B1,ALDH3B1,ALDH3B1,ALDH3B1,ALDH3B1,ALDH3B1,ALDH3B1,CD207,ALDH3B1,TNFAIP3,ALDH3B1,ALDH3B1,ALDH3B1,ALDH3B1,ALDH3B1,ALDH3B1,ALDH3B1,ALDH3B1,HMOX1,ALDH3B1,ALDH3B1,ALDH3B1,ALDH3B1,ALDH3B1,ALDH3B1,ALDH3B1
MYOZ2,CD300H,MAP3K11,TTC22,TTC22,TTC22,TTC22,TTC22,TTC22,TTC22,TTC22,CXCL5,SLC9B1,RNASEPL3,IGHV4-34,SIGLEC10,RABGEF1L8,CCL22,CXCL1,SAA2,SLC5A3,MAPK14,CD40,MYO1E,SLC25A62,,FUCA2,RADIL,RASGEF1A,PDGFRA,FKBP1CS,BTNL5,CACNA1G,TTC22,,LAIR1,CCL8,ZNF623,MAP2K63,RNF220,SERPINF2,MAP3K14,PIK3CB,FN1,SLC10A7,SLC50A1,HSPG1,RABRINGAP1-AS2,RABLL1,RABGEF1,MAPKKK55,MYLPF,HSPCM73,TLR7,TTC22,TTC22,TTC22,TTC22,TTC22,HSPH52,SLC25A39,TTC22,CD7,SLC39A1,TTC22,TTC22,SLC11A1,TTC22,TTC22,TTC22,CCR5,RABIN10,TTC22,DIAPH3-AS2,TTC22,TTC22,TTC22,TTC22,TTC22,TTC22,TTC22,CD206,TTC22,TNIP1,TTC22,TTC22,TTC22,TTC22,TTC22,TTC22,TTC22,TTC22,HP,TTC22,TTC22,TTC22,TTC22,TTC22,TTC22,TTC22
MYOZ3,CD300LA,MAP3K12,PHTF2,PHTF2,PHTF2,PHTF2,PHTF2,PHTF2,PHTF2,PHTF2,CXCL6,SLC9B2,RNASEPL2,IGHV4-39,SIGLEC11,RABGEF2,CCL23,CXCL2,CRP,SLC5A4,MAPK8,CD40L,MYO1E,SLC25A63,,GCLC,RADL1,RASGEF1B,VEGFR2,FKBP1CT,BTNL4,CDK6,PHTF2,,LAIR2,CCL13,ZNF667,MAP2K64,RNF223,SERPINH1,MAP4K1,PIK3CD,COL1A1,SLC12A1,SLC50A1,HSPG2,RABRP,RABLL1,RABGEF1,MAPKKK56,MYL1,HSPCM74,TLR8,PHTF2,PHTF2,PHTF2,PHTF2,PHTF2,HSPH53,RAB3GAP1,PHTF2,CD8A,SLC39A15,PHTF2,PHTF2,SLC11A2,PHTF2,PHTF2,PHTF2,CCR7,RABIN12,PHTF2,EEF1B2P4,PHTF2,PHTF2,PHTF2,PHTF2,PHTF2,PHTF2,PHTF2,CD205,PHTF2,TNIP2,PHTF2,PHTF2,PHTF2,PHTF2,PHTF2,PHTF2,PHTF2,PHTF2,HPGD,PHTF2,PHTF2,PHTF2,PHTF2,PHTF2,PHTF2,PHTF2
MYPN,CD300LB,MAP3K13,CCL26,CCL26,CCL26,CCL26,CCL26,CCL26,CCL26,CCL26,CXCL15,SLC9C1,RNASEH2CP1,IGHV5-51,SIGLEC12,RABGGTA,CCL24,CXCL3,LTF,SLC5A5,MAPK9,CD43,MYO1E,SLC25A64,,HSPA6,RADL1RAD54B,RASGEF1C,VEGFR1,FKBP1CU,BTNL1,SLC39A13,CCL26,,LILRA1,CCL16,ZNF597,MAP2K65,RNF31,SERPINI1,MAP4K2,PIK3CG,COL1A2,SLC12A2,SLC51A,HSPG3,RABSF1,RABLL1,RABGEF1,MAPKKK57,MYL3,HSPCM75,TLR9,CCL26,CCL26,CCL26,CCL26,CCL26,HSPH54,SLC25A39,CCL26,CD8B,SLC39A6,CCL26,CCL26,SLC12A1,CCL26,CCL26,CCL26,CCR9,RABIN13,CCL26,RP11-10F11.2,CCL26,CCL26,CCL26,CCL26,CCL26,CCL26,CCL26,CD204,CCL26,OTULIN,CCL26,CCL26,CCL26,CCL26,CCL26,CCL26,CCL26,CCL26,ITGA2,CCL26,CCL26,CCL26,CCL26,CCL26,CCL26,CCL26
MYT1,CD300LC,MAP3K2,FARP2,FARP2,FARP2,FARP2,FARP2,FARP2,FARP2,FARP2,CXCL16,SLC9C2,RNASEH2AP1,IGHV6B,SIGLEC14,RABGGTB,CCL25,CXCL5,ORM1,SLC5A6,MAPK10,CD44,MYO1E,SLC25A65,,TNFRSF14,RAG1,RASGEF1,FLT1,FKBP1CV,BTN3A3,ZYG11A,FARP2,,LILRA2,CCL18,ZNF618,MAP2K66,RNF32,SERPINI2,MAP4K3,PIK3R1,COL3A1,SLC12A3,SLC51B,HSPG4,RABSF2,RABLL1,RABGEF1,MAPKKK58,MYL4,HSPCM76,TLR10,FARP2,FARP2,FARP2,FARP2,FARP2,HSPH55,RAB3GAP1,FARP2,CD19,SLC39A12,FARP2,FARP2,SLC12A2,FARP2,FARP2,FARP2,CCR10,RABIN14,FARP2,MIR489,FARP2,FARP2,FARP2,FARP2,FARP2,FARP2,FARP2,CD203C,FARP2,CYLD,FARP2,FARP2,FARP2,FARP2,FARP2,FARP2,FARP2,FARP2,ITGA4,FARP2,FARP2,FARP2,FARP2,FARP2,FARP2,FARP2
MYT1L,CD300LD,MAP3K3,USH1C,USH1C,USH1C,USH1C,USH1C,USH1C,USH1C,USH1C,CXCL9,SLC9C3,RNASEH2BP3,IGLV3-1,SIGLEC15,RABIN4,CCL26,CXCL6,ORM2,SLC5A7,MAPK11,CD45,MYO1E,SLC25A66,,IGHG1,RAG2,RASGRF1,FLT4,FKBP1CW,BTN3A2,CACNA1C,USH1C,,LILRA3,CCL19,ZNF656,MAP2K67,RNF34,SERPINPE1,MAP4K4,PIK3R2,COL4A1,SLC12A4,SLC52A1,HSPG5,RABSF3,RABLL1,RABGEF1,MAPKKK59,MYL6,HSPCM77,MYD88,USH1C,USH1C,USH1C,USH1C,USH1C,HSPH56,SLC25A39,USH1C,CD79A,SLC39A10,USH1C,USH1C,SLC12A3,USH1C,USH1C,USH1C,CCR6,RABIN7,USH1C,TRIM11,USH1C,USH1C,USH1C,USH1C,USH1C,USH1C,USH1C,CD203A,USH1C,A20,USH1C,USH1C,USH1C,USH1C,USH1C,USH1C,USH1C,USH1C,ITGA5,USH1C,USH1C,USH1C,USH1C,USH1C,USH1C,USH1C
MYT2,CD300LE,MAP3K4,GGCT,GGCT,GGCT,GGCT,GGCT,GGCT,GGCT,GGCT,CXCL11,SLC10A1,RNASE4P1,IGLV3-19,SIGLEC16,RABJGG,CCL27,CXCL8,APCS,SLC5A8,MAPK12,CD45R0,MYO1E,SLC25A67,,IGHG2,RAI1,RASGRF2,KIT,FKBP1CX,BTN3A1,CDK8,GGCT,,LILRA4,CCL20,ZNF596,MAP2K68,RNF38,SERPINB1,MAP4K5,PIK3R3,COL4A2,SLC12A5,SLC52A2,HSPG6,RABSF3-AS1,RABLL1,RABGEF1,MAPKKK60,MYL6B,HSPCM78,TIRAP,GGCT,GGCT,GGCT,GGCT,GGCT,HSPH57,RAB3GAP1,GGCT,CD79B,SLC39A11,GGCT,GGCT,SLC12A4,GGCT,GGCT,GGCT,CCR4,RABCGAP1,GGCT,ARMC5,GGCT,GGCT,GGCT,GGCT,GGCT,GGCT,GGCT,CD202B1,GGCT,IRAK1,GGCT,GGCT,GGCT,GGCT,GGCT,GGCT,GGCT,GGCT,ITGAV,GGCT,GGCT,GGCT,GGCT,GGCT,GGCT,GGCT
MYT3,CD300LF,MAP3K5,DBF4,DBF4,DBF4,DBF4,DBF4,DBF4,DBF4,DBF4,CXCL13,SLC10A2,RNASE13,IGLV3-21,SIGLEC17P,RABL2A,CCL28,CCL19,SERPINA1,SLC5A9,MAPK13,CD45RA,CEP89,SLC25A68,,IGHG3,RAI14,RASGRP1,CSF1R,FKBP1CY,BTN2A3,SLC39A14,DBF4,,LILRA5,CCL23,ZNF617,MAP2K69,RNF88,SERPINB2,MAP4K6,PIKFYVE,COL5A1,SLC12A6,SLC52A3,HSPG7,RABSF3-AS2,RABLL1,RABGEF1,MAPKKK61,MYL6P,HSPCM79,TRAF6,DBF4,DBF4,DBF4,DBF4,DBF4,HSPH58,SLC25A39,DBF4,CD1C,SLC39A4,DBF4,DBF4,SLC12A5,DBF4,DBF4,DBF4,CCR3,RABCL,DBF4,LINC02620,DBF4,DBF4,DBF4,DBF4,DBF4,DBF4,DBF4,CD202,DBF4,IRAK2,DBF4,DBF4,DBF4,DBF4,DBF4,DBF4,DBF4,DBF4,ITGB1,DBF4,DBF4,DBF4,DBF4,DBF4,DBF4,DBF4
MYTD1,CD300LG,MAP3K6,TBXA2R,TBXA2R,TBXA2R,TBXA2R,TBXA2R,TBXA2R,TBXA2R,TBXA2R,CXCL14,SLC10A3,RNASE6P1,IGLV3-25,SIGLEC18P,RABL2B,XCL1,CCL21,SERPINA3,SLC6A1,MAP2K1,CD45RB,CEP89,SLC25A69,,IGHG4,RAI16,RASGRP2,MERTK,FKBP1CZ,BTN2A2,ZYG11B,TBXA2R,,LILRA6,CCL24,ZNF659,MAP2K70,RNF43,SERPINB3,MAP4K7,PI4K2A,COL5A2,SLC12A7,SLC53A1,HSPG9,RABTF1,RABLL1,RABGEF1,MAPKKK62,MYL7,HSPCM8,TOLLIP,TBXA2R,TBXA2R,TBXA2R,TBXA2R,TBXA2R,HSPH59,RAB3GAP1,TBXA2R,CD1A,SLC39A14,TBXA2R,TBXA2R,SLC12A6,TBXA2R,TBXA2R,TBXA2R,CCR8,RABCONNECTIN3,TBXA2R,MMP2,TBXA2R,TBXA2R,TBXA2R,TBXA2R,TBXA2R,TBXA2R,TBXA2R,CD141,TBXA2R,IRAK4,TBXA2R,TBXA2R,TBXA2R,TBXA2R,TBXA2R,TBXA2R,TBXA2R,TBXA2R,ITGB3,TBXA2R,TBXA2R,TBXA2R,TBXA2R,TBXA2R,TBXA2R,TBXA2R
MYTL1,CD300LH,MAP2K2,IFRD1,IFRD1,IFRD1,IFRD1,IFRD1,IFRD1,IFRD1,IFRD1,CXCL17,SLC10A4,RNASE2P1,IGLV3-9,SIGLEC19,RABL3,XCL2,CCL2,SERPINA5,SLC6A10,MAP2K2,CD49a,CEP89,SLC25A70,,IGHA1,RAI17,REM1,AXL,FKBP1DA,BTN2A1,CACNA1D,IFRD1,,LILRB1,CX3CL1,ZNF595,MAP2K71,RNF44,SERPINB4,MAP4,PI4K2B,COL6A1,SLC12A8,SLC5A1,HSPGP,RABTRAP1,RABLL1,RABGEF1,MAPKKK63,MYL9,HSPCM80,LY96,IFRD1,IFRD1,IFRD1,IFRD1,IFRD1,HSPH60,SLC25A39,IFRD1,CD1E,SLC39A5,IFRD1,IFRD1,SLC12A7,IFRD1,IFRD1,IFRD1,CX3CR1,RABCONNECTIN,IFRD1,RN7SL58P,IFRD1,IFRD1,IFRD1,IFRD1,IFRD1,IFRD1,IFRD1,CD142,IFRD1,MYD88,IFRD1,IFRD1,IFRD1,IFRD1,IFRD1,IFRD1,IFRD1,IFRD1,LCAT,IFRD1,IFRD1,IFRD1,IFRD1,IFRD1,IFRD1,IFRD1
MYTL2,CD300LI,MAP2K3,LGALS14,LGALS14,LGALS14,LGALS14,LGALS14,LGALS14,LGALS14,LGALS14,CXCL1,SLC10A6,RNASE4CP1,TRA@,SIGLEC6,RABL5,CXCR4,CCL3,SERPINA6,SLC6A11,MAP2K3,CD49c,CEP89,SLC25A71,,IGHA2,RAI2,REM2,TYRO3,FKBP1DB,BTN1A1,CDK9,LGALS14,,LILRB2,CXCR4,ZNF615,MAP2K72,RNF113A,SERPINB5,MAPK8IP1,PI4KA,COL6A2,SLC12A9,SLC5A10,HSPH3,RABTRAP1-AS1,RABLL1,RABGEF1,MAPKKK64,MYL10,HSPCM81,CD14,LGALS14,LGALS14,LGALS14,LGALS14,LGALS14,HSPH61,RAB3GAP1,LGALS14,CD1D,SLC39A7,LGALS14,LGALS14,SLC12A8,LGALS14,LGALS14,LGALS14,XCL1,RABCONNECTIN2,LGALS14,CYBA,LGALS14,LGALS14,LGALS14,LGALS14,LGALS14,LGALS14,LGALS14,CD143,LGALS14,TIRAP,LGALS14,LGALS14,LGALS14,LGALS14,LGALS14,LGALS14,LGALS14,LGALS14,LDLR,LGALS14,LGALS14,LGALS14,LGALS14,LGALS14,LGALS14,LGALS14
ACTA1,CD300LJ,MAP2K5,COX10,COX10,COX10,COX10,COX10,COX10,COX10,COX10,CXCL5,SLC10A7,RNASEH2B-AS1,TRB@,SIGLEC8,RABL6,CXCR5,CCL4,SERPINA7,SLC6A12,MAP2K4,CD49d,CEP89,SLC25A72,,IGHD,RAI21,RENBP,ROS1,FKBP1DC,CD300E,SLC39A4,COX10,,LILRB3,CCR1,ZNF654,MAP2K73,RNF114,SERPINB6,MAPK8IP2,PI4KB,COL6A3,SLC13A1,SLC5A11,HSPH4,RABUL,RABLL1,RABGEF1,MAPKKK65,MYL12A,HSPCM82,LBP,COX10,COX10,COX10,COX10,COX10,HSPH62,SLC25A39,COX10,CD163,SLC39A3,COX10,COX10,SLC12A9,COX10,COX10,COX10,XCL2,RABGAPL,COX10,IGKV2D-24,COX10,COX10,COX10,COX10,COX10,COX10,COX10,CD144,COX10,TICAM1,COX10,COX10,COX10,COX10,COX10,COX10,COX10,COX10,LOX1,COX10,COX10,COX10,COX10,COX10,COX10,COX10
ACTA2,CD300LK,MAP2K6,GTF2IRD1,GTF2IRD1,GTF2IRD1,GTF2IRD1,GTF2IRD1,GTF2IRD1,GTF2IRD1,GTF2IRD1,CXCL6,SLC11A1,RNASE12,TRD@,SIGLEC3,RABL6B,CXCR6,CCL5,SERPINA10,SLC6A13,MAP2K5,CD49f,CEP89,SLC25A73,,IGHE,RAIDD,RIC1,ALK,FKBP1DD,CD300C,ZYX,GTF2IRD1,,LILRB4,CCR2,ZNF594,MAP2K74,RNF115,SERPINB7,MAPK8IP3,PIP4K2A,COL7A1,SLC13A2,SLC5A2,HSPH4P1,RAC1,RABLL1,RABGEF1,MAPKKK66,MYL12B,HSPCM83,FCER1G,GTF2IRD1,GTF2IRD1,GTF2IRD1,GTF2IRD1,GTF2IRD1,HSPH63,RAB3GAP1,GTF2IRD1,CD16,SLC39A13,GTF2IRD1,GTF2IRD1,SLC13A1,GTF2IRD1,GTF2IRD1,GTF2IRD1,CXCL16,RABGAPL2,GTF2IRD1,ADIPOR1P2,GTF2IRD1,GTF2IRD1,GTF2IRD1,GTF2IRD1,GTF2IRD1,GTF2IRD1,GTF2IRD1,CD148,GTF2IRD1,TICAM2,GTF2IRD1,GTF2IRD1,GTF2IRD1,GTF2IRD1,GTF2IRD1,GTF2IRD1,GTF2IRD1,GTF2IRD1,LPL,GTF2IRD1,GTF2IRD1,GTF2IRD1,GTF2IRD1,GTF2IRD1,GTF2IRD1,GTF2IRD1
ACTB,CD300LN,MAP2K8,PAF1,PAF1,PAF1,PAF1,PAF1,PAF1,PAF1,PAF1,CXCL15,SLC11A2,RNASET2P1,TRG@,SIGLEC3P2,RABL6C,CXCR3,CCL11,SERPINA12,SLC6A14,MAP2K6,CD5,CEP89,SLC25A74,,IGHM,RALBP1,RIC3,RET,FKBP1DE,CD300LB,CACNA1A,PAF1,,LILRB5,CCR5,ZNF612,MAP2K75,RNF121,SERPINB8,MAPK8IP,PIP4K2B,COL8A1,SLC13A3,SLC5A3,HSPH4P2,RAC2,RABLL1,RABGEF1,MAPKKK67,MYL2,HSPCM84,FCGR1A,PAF1,PAF1,PAF1,PAF1,PAF1,HSPH64,SLC25A39,PAF1,CD34,SLC39A9,PAF1,PAF1,SLC13A2,PAF1,PAF1,PAF1,CCL11,RABGAPL3,PAF1,LINC00707,PAF1,PAF1,PAF1,PAF1,PAF1,PAF1,PAF1,CD150,PAF1,TRIF,PAF1,PAF1,PAF1,PAF1,PAF1,PAF1,PAF1,PAF1,LTB4R1,PAF1,PAF1,PAF1,PAF1,PAF1,PAF1,PAF1
ACTC1,CD300LP,AKT1,VPS41,VPS41,VPS41,VPS41,VPS41,VPS41,VPS41,VPS41,CXCL16,SLC11A3,RNASE3P2,CD3D,SIGLEC4,RABL7,CXCR1,CCL13,SERPINC1,SLC6A15,MAP2K7,CD52,CEP89,SLC25A75,,IGHV3-13,RALBP1IP,RIN1,NTRK1,FKBP1DF,CD300LF,CDKL1,VPS41,,LILAC,CCR7,ZNF648,MAP2K76,RNF122,SERPINB9,MAPK9IP,PIP4K2C,COL9A1,SLC13A4,SLC5A4,HSPH4P3,RAC3,RABLL1,RABGEF1,MAPKKK68,MYL5,HSPCM85,FCGR1B,VPS41,VPS41,VPS41,VPS41,VPS41,HSPH65,RAB3GAP1,VPS41,CD14,SLC39A2,VPS41,VPS41,SLC13A3,VPS41,VPS41,VPS41,CCL17,RABGAPL5,VPS41,RP11-510D21.1,VPS41,VPS41,VPS41,VPS41,VPS41,VPS41,VPS41,CD158a,VPS41,CD14,VPS41,VPS41,VPS41,VPS41,VPS41,VPS41,VPS41,VPS41,LTBR,VPS41,VPS41,VPS41,VPS41,VPS41,VPS41,VPS41
ACTG1,CD300S,AKT2,ARHGAP44,ARHGAP44,ARHGAP44,ARHGAP44,ARHGAP44,ARHGAP44,ARHGAP44,ARHGAP44,CXCL9,SLC12A1,RNASEH2B-DT,CD3E,CEACAM1,RABL7A,CXCR2,CCL15,SERPIND1,SLC6A16,MAP3K1,CD53,CEP89,SLC25A76,,IGHV3-23,RALGDS,RIN2,NTRK2,FKBP1DG,CD300L,SLC39A6,ARHGAP44,,CD1C,CCR8,ZNF591,MAP2K77,RNF123,SERPINB10,MAPKAP1,PIP4K5,COL9A2,SLC13A5,SLC5A5,HSPH4P4,RACGAP1,RABLL1,RABGEF1,MAPKKK69,MYLK,HSPCM86,FCGR1C,ARHGAP44,ARHGAP44,ARHGAP44,ARHGAP44,ARHGAP44,HSPH66,SLC25A39,ARHGAP44,CD11B,SLC39A8,ARHGAP44,ARHGAP44,SLC13A4,ARHGAP44,ARHGAP44,ARHGAP44,CCL22,RABGAPL5P1,ARHGAP44,AC007106.1,ARHGAP44,ARHGAP44,ARHGAP44,ARHGAP44,ARHGAP44,ARHGAP44,ARHGAP44,CD158b1,ARHGAP44,LY96,ARHGAP44,ARHGAP44,ARHGAP44,ARHGAP44,ARHGAP44,ARHGAP44,ARHGAP44,ARHGAP44,MARCO,ARHGAP44,ARHGAP44,ARHGAP44,ARHGAP44,ARHGAP44,ARHGAP44,ARHGAP44
ACTL6A,CD300SL,AKT3,ELAC2,ELAC2,ELAC2,ELAC2,ELAC2,ELAC2,ELAC2,ELAC2,CXCL11,SLC12A2,RNASEH2C-DT,CD3G,CEACAM2,RABL7B,CCR1,CCL16,SERPINE1,SLC6A17,MAP3K2,CD55,CEP89,SLC25A77,,IGHV4-34,RALGPS,RIN3,NTRK3,FKBP1DH,CD300A,ZWILCH,ELAC2,,CD1A,CCR9,ZNF610B,MAP2K78,RNF125,SERPINB11,MAPKAP2,PIP5K1A,COL11A1,SLC14A1,SLC5A6,HSPH4P5,RACGAP1-AS1,RABLL1,RABGEF1,MAPKKK70,MYLK2,HSPCM87,FCGR2A,ELAC2,ELAC2,ELAC2,ELAC2,ELAC2,HSPH67,RAB3GAP1,ELAC2,CD11C,SLC39A1,ELAC2,ELAC2,SLC13A5,ELAC2,ELAC2,ELAC2,CCL13,RABGAPL5P2,ELAC2,CTD-2561B21.11,ELAC2,ELAC2,ELAC2,ELAC2,ELAC2,ELAC2,ELAC2,CD158d,ELAC2,TLR2,ELAC2,ELAC2,ELAC2,ELAC2,ELAC2,ELAC2,ELAC2,ELAC2,MERTK,ELAC2,ELAC2,ELAC2,ELAC2,ELAC2,ELAC2,ELAC2
ACTL7A,CD300TN,PIK3CA,SCIN,SCIN,SCIN,SCIN,SCIN,SCIN,SCIN,SCIN,CXCL13,SLC12A3,RNASE6P2,CD4,CEACAM3,RABL8A,CCR2,CCL17,SERPINF1,SLC6A19,MAP3K3,CD56,CEP89,SLC25A78,,IGHV1-69,RALGPS1,RIT1,EGFR,FKBP1DI,CD300B,CACNA1B,SCIN,,CD1B,XCL1,ZNF646,MAP2K79,RNF126,SERPINB12,MAPKAP3,PIP5K1B,COL11A2,SLC14A2,SLC5A7,HSPH4P6,RACH1,RABLL1,RABGEF1,MAPKKK71,MYLL,HSPCM88,FCGR2B,SCIN,SCIN,SCIN,SCIN,SCIN,HSPH68,SLC25A39,SCIN,CD18,SLC39A1,SCIN,SCIN,SLC14A1,SCIN,SCIN,SCIN,CCL8,RABGAPL5P3,SCIN,RHOG,SCIN,SCIN,SCIN,SCIN,SCIN,SCIN,SCIN,CD158f,SCIN,TLR3,SCIN,SCIN,SCIN,SCIN,SCIN,SCIN,SCIN,SCIN,MSR1,SCIN,SCIN,SCIN,SCIN,SCIN,SCIN,SCIN
ACTN1,CD300TP,PIK3CB,MYH13,MYH13,MYH13,MYH13,MYH13,MYH13,MYH13,MYH13,CXCL14,SLC12A4,RNASE2P2,CD8A,CEACAM4,RABL8B,CCR3,CCL18,SERPINF2,SLC6A2,MAP3K4,CD57,CEP89,SLC25A79,,IGHV3-74,RALGPS2,RIT2,ERBB2,FKBP1DJ,CD300D,CDKL2,MYH13,,CD1D,XCL2,ZNF590,MAP2K80,RNF130,SERPINB13,MAPKAP4,PIP5K1C,COL12A1,SLC17A1,SLC5A8,HSPH4P7,RAD23A,RABLL1,RABGEF1,MAPKKK72,MYLP1,HSPCM89,FCGR2C,MYH13,MYH13,MYH13,MYH13,MYH13,HSPH69,RAB3GAP1,MYH13,CD45,SLC39A15,MYH13,MYH13,SLC14A2,MYH13,MYH13,MYH13,CCL7,RABGAPL5P4,MYH13,CTC-789J18.1,MYH13,MYH13,MYH13,MYH13,MYH13,MYH13,MYH13,CD158h,MYH13,TLR4,MYH13,MYH13,MYH13,MYH13,MYH13,MYH13,MYH13,MYH13,MVD,MYH13,MYH13,MYH13,MYH13,MYH13,MYH13,MYH13
ACTN2,CD300TR,PIK3CD,ADIPOR2,ADIPOR2,ADIPOR2,ADIPOR2,ADIPOR2,ADIPOR2,ADIPOR2,ADIPOR2,CXCL17,SLC12A5,RNASE4P2,CD8B,CEACAM5,RABL9,CCR4,CCL20,SERPING1,SLC6A20,MAP3K5,CD59,CEP89,SLC25A80,,IGLV3-1,RALT,RREB1,ERBB3,FKBP1DK,CD300F,SLC39A7,ADIPOR2,,CD1E,CSF3,ZNF609B,MAP2K81,RNF135,SERPINB14,MAPKAPK1,PIK3IP1,COL13A1,SLC17A2,SLC5A9,HSPH4P8,RAD23B,RABLL1,RABGEF1,MAPKKK73,MYLP2,HSPCM9,FCGR3A,ADIPOR2,ADIPOR2,ADIPOR2,ADIPOR2,ADIPOR2,HSPH70,SLC25A39,ADIPOR2,CD11A,SLC39A6,ADIPOR2,ADIPOR2,SLC15A1,ADIPOR2,ADIPOR2,ADIPOR2,CCL2,RABGAPL5P5,ADIPOR2,HOMER2P2,ADIPOR2,ADIPOR2,ADIPOR2,ADIPOR2,ADIPOR2,ADIPOR2,ADIPOR2,CD158k,ADIPOR2,TLR5,ADIPOR2,ADIPOR2,ADIPOR2,ADIPOR2,ADIPOR2,ADIPOR2,ADIPOR2,ADIPOR2,NPC1,ADIPOR2,ADIPOR2,ADIPOR2,ADIPOR2,ADIPOR2,ADIPOR2,ADIPOR2
ACTN3,CD300TS,PIK3CG,CDKL3,CDKL3,CDKL3,CDKL3,CDKL3,CDKL3,CDKL3,CDKL3,CXCL1,SLC12A6,RNASEK-AS1,CD28,CEACAM6,RABLD1,CCR5,CCL22,SERPINH1,SLC6A3,MAP3K6,CD6,CEP89,SLC25A81,,IGKV1-39,RAM1,RREB2,ERBB4,FKBP1DL,CD300G,ZWINT,CDKL3,,FCGR1A,IL1B,ZNF642,MAP2K82,RNF138,SERPINB15,MAPKAPK1L,PIK4EL2,COL14A1,SLC17A3,SLC6A1,HSPH4P9,RAD51AP1,RABLL1,RABGEF1,MAPKKK74,MYH15,HSPCM90,FCGR3B,CDKL3,CDKL3,CDKL3,CDKL3,CDKL3,HSPH71,RAB3GAP1,CDKL3,CD49D,SLC39A12,CDKL3,CDKL3,SLC15A2,CDKL3,CDKL3,CDKL3,CXCL13,RABGAPL5P6,CDKL3,THOC1,CDKL3,CDKL3,CDKL3,CDKL3,CDKL3,CDKL3,CDKL3,CD158z,CDKL3,TLR6,CDKL3,CDKL3,CDKL3,CDKL3,CDKL3,CDKL3,CDKL3,CDKL3,NPC2,CDKL3,CDKL3,CDKL3,CDKL3,CDKL3,CDKL3,CDKL3
ACTN4,CD300TT,PIK3R1,UPP2,UPP2,UPP2,UPP2,UPP2,UPP2,UPP2,UPP2,CXCL5,SLC12A7,RNASE2P3,TCF7,CEACAM7,RABLD2,CCR6,CCL23,SERPINI1,SLC6A4,MAP3K7,CD60,CEP89,SLC25A82,,IGHJ4,RAMAC,RRAS,MET,FKBP1DM,CD300S,CACNA1F,UPP2,,FCGR1B,IL1R1,ZNF589,MAP2K83,RNF139,SERPINB16,MAPKAPK2,PIKFYVE-AS1,COL15A1,SLC17A4,SLC6A10,HSPHY1,RAD51AP1-AS1,RABLL1,RABGEF1,MAPKKK75,MYH16,HSPCM91,C1QA,UPP2,UPP2,UPP2,UPP2,UPP2,HSPH72,SLC25A39,UPP2,CD49E,SLC39A10,UPP2,UPP2,SLC16A1,UPP2,UPP2,UPP2,CXCL12,RABGAPL5P7,UPP2,RP11-455F5.6,UPP2,UPP2,UPP2,UPP2,UPP2,UPP2,UPP2,CD158e1,UPP2,TLR7,UPP2,UPP2,UPP2,UPP2,UPP2,UPP2,UPP2,UPP2,OLR1,UPP2,UPP2,UPP2,UPP2,UPP2,UPP2,UPP2
ACTR1A,CD300U,PIK3R2,PRSS21,PRSS21,PRSS21,PRSS21,PRSS21,PRSS21,PRSS21,PRSS21,CXCL6,SLC12A8,RNASE1P1,IL2RA,CEACAM8,RABLD2P1,CCR7,CCL24,SERPINI2,SLC6A5,MAP3K8,CD63,CEP89,SLC25A83,,IGHJ6,RAMP1,RRAS2,HGFR,FKBP1DN,CD300H,CDKL3,PRSS21,,FCGR1C,IL1R2,ZNF608B,MAP2K84,RNF10,SERPINB17,MAPKAPK3,PIK3R5,COL16A1,SLC17A5,SLC6A11,HSPHY2,RAD54L2,RABLL1,RABGEF1,MAPKKK76,MYH7B,HSPCM92,C1QB,PRSS21,PRSS21,PRSS21,PRSS21,PRSS21,HSPH73,RAB3GAP1,PRSS21,CD41,SLC39A11,PRSS21,PRSS21,SLC16A10,PRSS21,PRSS21,PRSS21,CXCR4,RABGAPL5P8,PRSS21,KB-1589B1.4,PRSS21,PRSS21,PRSS21,PRSS21,PRSS21,PRSS21,PRSS21,CD159a,PRSS21,TLR8,PRSS21,PRSS21,PRSS21,PRSS21,PRSS21,PRSS21,PRSS21,PRSS21,P2RY1,PRSS21,PRSS21,PRSS21,PRSS21,PRSS21,PRSS21,PRSS21
ACTR1B,CD300V,PIK3R3,MARK4,MARK4,MARK4,MARK4,MARK4,MARK4,MARK4,MARK4,CXCL15,SLC12A9,RNASE4P3,IL2RB,CEACAM16,RABLD2P2,CCR8,CCL25,SERPINPE1,SLC6A6,MAP3K9,CD65,CEP89,SLC25A84,,IGLC2,RAMP2,RRBP1,INSR,FKBP1DO,CD300Y,SLC39A8,MARK4,,FCGR2A,IL1RL1,ZNF641,MAP2K85,RNF111,SERPINB18,MAPKAPK5,PIK66,COL17A1,SLC17A6,SLC6A12,HSPHY3,RAD9A,RABLL1,RABGEF1,MAPKKK77,MYH8,HSPCM93,C1QC,MARK4,MARK4,MARK4,MARK4,MARK4,HSPH74,SLC25A39,MARK4,CD61,SLC39A4,MARK4,MARK4,SLC16A11,MARK4,MARK4,MARK4,CXCR5,RABGAPL5P9,MARK4,RN7SL292P,MARK4,MARK4,MARK4,MARK4,MARK4,MARK4,MARK4,CD159c,MARK4,TLR9,MARK4,MARK4,MARK4,MARK4,MARK4,MARK4,MARK4,MARK4,PLA2G7,MARK4,MARK4,MARK4,MARK4,MARK4,MARK4,MARK4
ACTR3B,CD300W,PIK3AP1,PROM1,PROM1,PROM1,PROM1,PROM1,PROM1,PROM1,PROM1,CXCL16,SLC13A1,RNASEH2A-DT,IL2RG,CEACAM18,RABM1,CCR9,CCL26,SERPINB1,SLC6A8,MAP3K10,CD66a,CEP89,SLC25A85,,IGLC3,RAMP3,RRBP1L1,IGF1R,FKBP1DP,CD300X,ZSCAN21,PROM1,,FCGR2B,IL1RAP,ZNF588,MAP2K86,TRIM25,SERPINB19,MAPKBP1,PIK73,COL18A1,SLC17A7,SLC6A13,HSPHY4,RAD9B,RABLL1,RABGEF1,MAPKKK78,MYO1E,HSPCM94,C1R,PROM1,PROM1,PROM1,PROM1,PROM1,HSPH75,RAB3GAP1,PROM1,CD42B,SLC39A14,PROM1,PROM1,SLC16A12,PROM1,PROM1,PROM1,CXCL6,RABGEF1P1,PROM1,ECRG4,PROM1,PROM1,PROM1,PROM1,PROM1,PROM1,PROM1,CD162,PROM1,TLR10,PROM1,PROM1,PROM1,PROM1,PROM1,PROM1,PROM1,PROM1,PPARG,PROM1,PROM1,PROM1,PROM1,PROM1,PROM1,PROM1
ACTR3C,CD300YA,PDPK1,CCDC124,CCDC124,CCDC124,CCDC124,CCDC124,CCDC124,CCDC124,CCDC124,CXCL9,SLC13A2,RNASEH2B-IT1,ITK,CEACAM19,RABM2,CCR10,CCL28,SERPINB2,SLC6A9,MAP3K11,CD66b,CEP89,SLC25A86,,IGKC,RAN,RRBP1L2,IGF1R1,FKBP1DQ,CD300N,CACNA2D1,CCDC124,,FCGR2C,IL18,ZNF607B,MAP2K87,TRIM6,SERPINB20,MAP2K1,PIK85,COL19A1,SLC17A8,SLC6A14,HSPHY5,RADIL,RABLL1,RABGEF1,MAPKKK79,MYO18B,HSPCM95,C1S,CCDC124,CCDC124,CCDC124,CCDC124,CCDC124,HSPH76,SLC25A39,CCDC124,CD42A,SLC39A5,CCDC124,CCDC124,SLC16A13,CCDC124,CCDC124,CCDC124,CXCL5,RABGEF1P2,CCDC124,MIRLET7D,CCDC124,CCDC124,CCDC124,CCDC124,CCDC124,CCDC124,CCDC124,CD163,CCDC124,IL1R1,CCDC124,CCDC124,CCDC124,CCDC124,CCDC124,CCDC124,CCDC124,CCDC124,PTAFR,CCDC124,CCDC124,CCDC124,CCDC124,CCDC124,CCDC124,CCDC124
ACTR3,CD300YB,MTOR,CEACAM21,CEACAM21,CEACAM21,CEACAM21,CEACAM21,CEACAM21,CEACAM21,CEACAM21,CXCL11,SLC13A3,RNASEH2B-IT2,LCK,CEACAM20,RABRINGAP,CCR11,XCL1,SERPINB3,SLC7A1,MAP3K12,CD66c,CEP89,SLC25A87,,TRBJ2-7,RANGAP1,RRBP1L3,INSRR,FKBP1DR,CD300M,CDKL4,CEACAM21,,FCGR3A,IL6,ZNF637,MAP2K88,TRIM21,SERPINB21,MAP2K2,PIK90,COL20A1,SLC18A1,SLC6A15,HSPHY6,RADIL-AS1,RABLL1,RABGEF1,MAPKKK80,MYO9A,HSPCM96,C2,CEACAM21,CEACAM21,CEACAM21,CEACAM21,CEACAM21,HSPH77,RAB3GAP1,CEACAM21,CD9,SLC39A7,CEACAM21,CEACAM21,SLC16A14,CEACAM21,CEACAM21,CEACAM21,CXCL14,RABGEF1P3,CEACAM21,PEX2,CEACAM21,CEACAM21,CEACAM21,CEACAM21,CEACAM21,CEACAM21,CEACAM21,CD169,CEACAM21,IL1R2,CEACAM21,CEACAM21,CEACAM21,CEACAM21,CEACAM21,CEACAM21,CEACAM21,CEACAM21,PTGER2,CEACAM21,CEACAM21,CEACAM21,CEACAM21,CEACAM21,CEACAM21,CEACAM21
ACTR6,CD300YE,RHEB,PAFAH1B1,PAFAH1B1,PAFAH1B1,PAFAH1B1,PAFAH1B1,PAFAH1B1,PAFAH1B1,PAFAH1B1,CXCL13,SLC13A4,RNASEH2B-IT3,ZAP70,CEACAM21,RABEP2,XCR1,XCL2,SERPINB4,SLC7A10,MAP3K13,CD66d,CEP89,SLC25A88,,TRAV12-2,RANGAP1P1,RRBP1L4,EPHA1,FKBP1DS,CD300B2,SLC39A9,PAFAH1B1,,FCGR3B,IL6R,ZNF587,MAP2K89,TRIM9,SERPINB22,MAP2K3,PIKAP,COL21A1,SLC18A2,SLC6A16,HSPHY7,RADIL-AS2,RABLL1,RABGEF1,MAPKKK81,MYO9B,HSPCM97,C3,PAFAH1B1,PAFAH1B1,PAFAH1B1,PAFAH1B1,PAFAH1B1,HSPH78,SLC25A39,PAFAH1B1,CD36,SLC39A3,PAFAH1B1,PAFAH1B1,SLC16A2,PAFAH1B1,PAFAH1B1,PAFAH1B1,CXCL6,RABGEF1P4,PAFAH1B1,MIR3929,PAFAH1B1,PAFAH1B1,PAFAH1B1,PAFAH1B1,PAFAH1B1,PAFAH1B1,PAFAH1B1,CD172a,PAFAH1B1,IL1RL1,PAFAH1B1,PAFAH1B1,PAFAH1B1,PAFAH1B1,PAFAH1B1,PAFAH1B1,PAFAH1B1,PAFAH1B1,PTGER4,PAFAH1B1,PAFAH1B1,PAFAH1B1,PAFAH1B1,PAFAH1B1,PAFAH1B1,PAFAH1B1
ACTR8,CD300YLP,TSC1,NOS2,NOS2,NOS2,NOS2,NOS2,NOS2,NOS2,NOS2,CXCL14,SLC13A5,RNASE6P3,PTPRC,CEACAM22,RABEPK1L,GPR1,CXCL16,SERPINB5,SLC7A11,MAP3K14,CD66e,CEP89,SLC25A89,,TRDV3,RANGAP1P2,RREB1,EPHA2,FKBP1DT,CD300E2,ZSCAN22,NOS2,,C5AR1,IL33,ZNF606B,MAP2K90,TRIM5,SERPINB23,MAP2K4,PIKAL,COL22A1,SLC18A3,SLC6A17,HSPHY8,RADIL-AS3,RABLL1,RABGEF1,MAPKKK82,MYOD1,HSPCN1,C4A,NOS2,NOS2,NOS2,NOS2,NOS2,HSPH79,RAB3GAP1,NOS2,CD31,SLC39A13,NOS2,NOS2,SLC16A3,NOS2,NOS2,NOS2,CXCL5,RABGEF1P5,NOS2,AC000120.7,NOS2,NOS2,NOS2,NOS2,NOS2,NOS2,NOS2,CD172b,NOS2,IL1RL2,NOS2,NOS2,NOS2,NOS2,NOS2,NOS2,NOS2,NOS2,PTGIS,NOS2,NOS2,NOS2,NOS2,NOS2,NOS2,NOS2
ACTR8B,CD300YP2,TSC2,DNAH9,DNAH9,DNAH9,DNAH9,DNAH9,DNAH9,DNAH9,DNAH9,CXCL17,SLC14A1,RNASE2P4,PTPN6,CDH1,RABPN1,GPR2,CX3CL1,SERPINB6,SLC7A13,MAP3K15,CD69,CEP89,SLC25A90,,TRA@,RANBP1,RREB2,EPHA3,FKBP1DU,CD300E1,CACNA2D2,DNAH9,,C3AR1,OSM,ZNF636,MAP2K91,TRIM14,SERPINB24,MAP2K5,PIK3C2A-AS1,COL23A1,SLC19A1,SLC6A18,HSPHY9,RADIL-AS4,RABLL1,RABGEF1,MAPKKK83,MYOF,HSPCN2,C4B,DNAH9,DNAH9,DNAH9,DNAH9,DNAH9,HSPH80,SLC25A39,DNAH9,CD105,SLC39A9,DNAH9,DNAH9,SLC16A4,DNAH9,DNAH9,DNAH9,CXCL14,RABGEF1P6,DNAH9,PRPSAP2,DNAH9,DNAH9,DNAH9,DNAH9,DNAH9,DNAH9,DNAH9,CD172g,DNAH9,IL1RAP,DNAH9,DNAH9,DNAH9,DNAH9,DNAH9,DNAH9,DNAH9,DNAH9,PTGIR,DNAH9,DNAH9,DNAH9,DNAH9,DNAH9,DNAH9,DNAH9
ACTR8L,CD300AY,MLST8,KIAA0100,KIAA0100,KIAA0100,KIAA0100,KIAA0100,KIAA0100,KIAA0100,KIAA0100,CXCL1,SLC14A2,RNASE4P4,PTPN22,CDH2,RABP1,GPR3,CCL8,SERPINB7,SLC7A14,MAP3K19,CD7,CEP89,SLC25A91,,TRB@,RANBP10,RRAS,EPHA4,FKBP1DV,CD300D2,CDKL5,KIAA0100,,FPR1,LIF,ZNF586,MAP2K92,TRIM15,SERPINB25,MAP2K6,PIK3C3-AS1,COL24A1,SLC19A2,SLC6A19,HSPPA,RADIL-AS5,RABLL1,RABGEF1,MAPKKK84,MYOG,HSPCN3,C5,KIAA0100,KIAA0100,KIAA0100,KIAA0100,KIAA0100,HSPH81,RAB3GAP1,KIAA0100,CD144,SLC39A2,KIAA0100,KIAA0100,SLC16A5,KIAA0100,KIAA0100,KIAA0100,CXCL15,RABGEF1P7,KIAA0100,CXCL8,KIAA0100,KIAA0100,KIAA0100,KIAA0100,KIAA0100,KIAA0100,KIAA0100,CD177,KIAA0100,IL1RAPL1,KIAA0100,KIAA0100,KIAA0100,KIAA0100,KIAA0100,KIAA0100,KIAA0100,KIAA0100,PTPRC,KIAA0100,KIAA0100,KIAA0100,KIAA0100,KIAA0100,KIAA0100,KIAA0100
ACTR8P,CD300AZ,RPTOR,SLC13A2,SLC13A2,SLC13A2,SLC13A2,SLC13A2,SLC13A2,SLC13A2,SLC13A2,CXCL5,SLC15A1,RNASE13P1,SH2D1A,CDH3,RABP1IP1,GPR4,CCL7,SERPINB8,SLC7A2,MAP4K1,CD70,CEP89,SLC25A92,,TRG@,RANBP17,RRAS2,EPHA5,FKBP1DW,CD300C2,SLC40A1,SLC13A2,,FPR2,IFNA1,ZNF605B,MAP2K93,TRIM16,SERPINB26,MAP2K7,PIK3CD-AS1,COL25A1,SLC19A3,SLC6A2,HSPPAL1,RADIL-AS6,RABLL1,RABGEF1,MAPKKK85,MYOM1,HSPCN4,C6,SLC13A2,SLC13A2,SLC13A2,SLC13A2,SLC13A2,HSPH82,SLC25A39,SLC13A2,CD146,SLC39A8,SLC13A2,SLC13A2,SLC16A6,SLC13A2,SLC13A2,SLC13A2,CXCL17,RABGEF1P8,SLC13A2,RP5-1031D4.3,SLC13A2,SLC13A2,SLC13A2,SLC13A2,SLC13A2,SLC13A2,SLC13A2,CD180,SLC13A2,IL1RAPL2,SLC13A2,SLC13A2,SLC13A2,SLC13A2,SLC13A2,SLC13A2,SLC13A2,SLC13A2,RAGE,SLC13A2,SLC13A2,SLC13A2,SLC13A2,SLC13A2,SLC13A2,SLC13A2
ACTR9,CD300B,DEPTOR,GAS7,GAS7,GAS7,GAS7,GAS7,GAS7,GAS7,GAS7,CXCL6,SLC15A2,RNASE2P5,SH3KBP1,CDH4,RABP4,CMKLR1,CCL27,SERPINB9,SLC7A3,MAP4K2,CD71,CEP89,SLC25A93,,TRD@,RANBP2,RRBP1,EPHA6,FKBP1DX,CD300C1,ZSCAN23,GAS7,,FPR3,IFNA2,ZNF634,MAP2K94,TRIM17,SERPINB27,MAP2K8,PIK3CG-AS1,COL26A1,SLC19A3-AS1,SLC6A20,HSPPAL2,RADIL-AS7,RABLL1,RABGEF1,MAPKKK86,MYOM2,HSPCN5,C7,GAS7,GAS7,GAS7,GAS7,GAS7,HSPH83,RAB3GAP1,GAS7,CD147,SLC39A1,GAS7,GAS7,SLC16A7,GAS7,GAS7,GAS7,CXCL15,RABGEF1P9,GAS7,RP11-304M2.6,GAS7,GAS7,GAS7,GAS7,GAS7,GAS7,GAS7,CD223,GAS7,IL18R1,GAS7,GAS7,GAS7,GAS7,GAS7,GAS7,GAS7,GAS7,SCARB1,GAS7,GAS7,GAS7,GAS7,GAS7,GAS7,GAS7
ACTR9B,CD300E,FKBP12,TRAPPC6A,TRAPPC6A,TRAPPC6A,TRAPPC6A,TRAPPC6A,TRAPPC6A,TRAPPC6A,TRAPPC6A,CXCL15,SLC15A3,RNASE4P5,LAT,CDH5,RABGAP2P4,ACKR1,CCL14,SERPINB10,SLC7A4,MAP4K3,CD72,CEP89,SLC25A94,,OR4F5,RANBP3,RRBP1L1,EPHA7,FKBP1DY,PILRA,CACNA2D3,TRAPPC6A,,CMKLR1,IFNA4,ZNF585,MAP2K95,TRIM2,SERPINB28,MAP2K,PIK3R1-AS1,COL27A1,SLC20A1,SLC6A3,HSPPAL3,RADIL-AS8,RABLL1,RABGEF1,MAPKKK87,MYOM3,HSPCN6,C8A,TRAPPC6A,TRAPPC6A,TRAPPC6A,TRAPPC6A,TRAPPC6A,HSPH84,SLC25A39,TRAPPC6A,CD151,SLC39A1,TRAPPC6A,TRAPPC6A,SLC16A8,TRAPPC6A,TRAPPC6A,TRAPPC6A,CXCL17,RABGEF1P10,TRAPPC6A,RP11-615I16.1,TRAPPC6A,TRAPPC6A,TRAPPC6A,TRAPPC6A,TRAPPC6A,TRAPPC6A,TRAPPC6A,CD224,TRAPPC6A,IL18RAP,TRAPPC6A,TRAPPC6A,TRAPPC6A,TRAPPC6A,TRAPPC6A,TRAPPC6A,TRAPPC6A,TRAPPC6A,SCARB2,TRAPPC6A,TRAPPC6A,TRAPPC6A,TRAPPC6A,TRAPPC6A,TRAPPC6A,TRAPPC6A
ARPC1A,CD300L,FRAP1,MATK,MATK,MATK,MATK,MATK,MATK,MATK,MATK,CXCL16,SLC15A4,RNASEH2B-IT4,PLCG1,CDH6,RABGEF1L6,ACKR2,IL1R1,SERPINB11,SLC7A5,MAP4K4,CD73,CEP89,SLC25A95,,OR4F29,RANBP3L,RRBP1L2,EPHA8,FKBP1DZ,PILRB,CDKN1A,MATK,,CXCR1,IFNA5,ZNF604B,MAP2K96,TRIM32,SERPINB29,MAP3K1,PIK3R2-AS1,COL28A1,SLC20A2,SLC6A4,HSPPAL4,RADIL-AS9,RABLL1,RABGEF1,MAPKKK88,MYOZ1,HSPCN7,C8B,MATK,MATK,MATK,MATK,MATK,HSPH85,RAB3GAP1,MATK,CD164,SLC39A15,MATK,MATK,SLC16A9,MATK,MATK,MATK,CXCL16,RABGEF1P11,MATK,RP11-483F11.7,MATK,MATK,MATK,MATK,MATK,MATK,MATK,CD227,MATK,IL33R,MATK,MATK,MATK,MATK,MATK,MATK,MATK,MATK,SCD,MATK,MATK,MATK,MATK,MATK,MATK,MATK
ARPC2,CD300S,RICTOR,CEACAM7,CEACAM7,CEACAM7,CEACAM7,CEACAM7,CEACAM7,CEACAM7,CEACAM7,CXCL9,SLC15A5,RNASEH2B-IT5,VAV1,CDH7,RABGEF1L9,ACKR3,IL1R2,SERPINB12,SLC7A6,MAP4K5,CD74,CEP89,SLC25A96,,OR4F16,RANBP6,RRBP1L3,EPHA9,FKBP1EA,PILRD,SLC41A1,CEACAM7,,CXCR2,IFNA6,ZNF633B,MAP2K97,TRIM35,SERPINB30,MAP3K2,PIK3R3-AS1,TGM2,SLC22A1,SLC6A5,HSPPAL5,RAG1,RABLL1,RABGEF1,MAPKKK89,MYOZ2,HSPCN8,C8G,CEACAM7,CEACAM7,CEACAM7,CEACAM7,CEACAM7,HSPH86,SLC25A39,CEACAM7,CD93,SLC39A6,CEACAM7,CEACAM7,SLC17A1,CEACAM7,CEACAM7,CEACAM7,CXCL1,RABGEF1P12,CEACAM7,PPP5C,CEACAM7,CEACAM7,CEACAM7,CEACAM7,CEACAM7,CEACAM7,CEACAM7,CD247,CEACAM7,IL36R,CEACAM7,CEACAM7,CEACAM7,CEACAM7,CEACAM7,CEACAM7,CEACAM7,CEACAM7,SFTPA1,CEACAM7,CEACAM7,CEACAM7,CEACAM7,CEACAM7,CEACAM7,CEACAM7
ARPC3,CD300LF,SIN1,CD79B,CD79B,CD79B,CD79B,CD79B,CD79B,CD79B,CD79B,CXCL11,SLC16A1,RNASEH2B-IT6,WAS,CDH8,RABGEF1L,ACKR4,IL1RL1,SERPINB13,SLC7A7,MAPKBP1,CD75,CEP89,SLC25A97,,SAMD11,RANBP9,RRBP1L4,EPHA10,FKBP1EB,PILR,ZSCAN29,CD79B,,CXCR3,IFNA7,ZNF584,MAP2K98,TRIM37,SERPINB31,MAP3K3,PIK3R5-AS1,SPARC,SLC22A10,SLC6A6,HSPPAL6,RAG2,RABLL1,RABGEF1,MAPKKK90,MYOZ3,HSPCN9,C9,CD79B,CD79B,CD79B,CD79B,CD79B,HSPH87,RAB3GAP1,CD79B,CD102,SLC39A12,CD79B,CD79B,SLC17A2,CD79B,CD79B,CD79B,CXCL2,RABGEF1P13,CD79B,RNY1,CD79B,CD79B,CD79B,CD79B,CD79B,CD79B,CD79B,CD252,CD79B,IL36RN,CD79B,CD79B,CD79B,CD79B,CD79B,CD79B,CD79B,CD79B,SFTPA2,CD79B,CD79B,CD79B,CD79B,CD79B,CD79B,CD79B
ARPC4,CD300C,PRAS40,SCN4A,SCN4A,SCN4A,SCN4A,SCN4A,SCN4A,SCN4A,SCN4A,CXCL13,SLC16A10,RNASE6P4,CORO1A,CDH9,RABGEF1P1,CXADR,IL1RL2,SERPINB14,SLC7A9,MAPKAPK2,CD75s,CEP89,SLC25A98,,NOC2L,RANGAP1,,EPHB1,FKBP1EC,LAIR2,CACNA3,SCN4A,,CXCR4,IFNA8,ZNF603B,MAP2K99,TRIM38,SERPINB32,MAP3K4,PIK3IP1-AS1,SPP1,SLC22A11,SLC6A8,HSPPAL7,RAG2AP,RABLL1,RABGEF1,MAPKKK91,MYLPF,HSPCP1,MASP1,SCN4A,SCN4A,SCN4A,SCN4A,SCN4A,HSPH88,SLC25A39,SCN4A,CD112,SLC39A10,SCN4A,SCN4A,SLC17A3,SCN4A,SCN4A,SCN4A,CXCL3,RABGEF1P14,SCN4A,PYURF,SCN4A,SCN4A,SCN4A,SCN4A,SCN4A,SCN4A,SCN4A,CD261,SCN4A,IL37,SCN4A,SCN4A,SCN4A,SCN4A,SCN4A,SCN4A,SCN4A,SCN4A,SFTPA2,SCN4A,SCN4A,SCN4A,SCN4A,SCN4A,SCN4A,SCN4A
ARPC5L,CD300LD,4EBP1,ST7L,ST7L,ST7L,ST7L,ST7L,ST7L,ST7L,ST7L,CXCL14,SLC16A11,RNASE2P6,ACTB,CDH10,RABGEF1P2,ICAM1,IL1RAP,SERPINB9,SLC8A1,MAPKAPK3,CD77,CEP89,SLC25A99,,KLHL17,RAP1A,,EPHB2,FKBP1ED,LAIR1,CDKN1B,ST7L,,CXCR5,IFNAR1,ZNF632B,MAP2K100,TRIM39,SERPINB33,MAP3K5,PI4K2A-AS1,THBS1,SLC22A12,SLC6A9,HSPPAL8,RAG2AP-AS1,RABLL1,RABGEF1,MAPKKK92,MYL1,HSPCP2,MASP2,ST7L,ST7L,ST7L,ST7L,ST7L,HSPH89,RAB3GAP1,ST7L,CD166,SLC39A11,ST7L,ST7L,SLC17A4,ST7L,ST7L,ST7L,CXCL10,RABGEF1P15,ST7L,LINC01015,ST7L,ST7L,ST7L,ST7L,ST7L,ST7L,ST7L,CD262,ST7L,IL1F6,ST7L,ST7L,ST7L,ST7L,ST7L,ST7L,ST7L,ST7L,SLC22A2,ST7L,ST7L,ST7L,ST7L,ST7L,ST7L,ST7L
ARPC5,CD300LB,EIF4E,PAX6,PAX6,PAX6,PAX6,PAX6,PAX6,PAX6,PAX6,CXCL17,SLC16A12,RNASE4P6,ACTG1,CDH11,RABGEF1P3,ICAM2,IL1RAPL1,SERPINB9,SLC8A2,MAPKAPK5,CD79A,CEP89,SLC25A18A1,,PLEKHM1,RAP1B,,EPHB3,FKBP1EE,LILRA6,SLC43A1,PAX6,,CXCR6,IFNAR2,ZNF583,MAP2K101,TRIM4,SERPINB34,MAP3K6,PI4K2B-AS1,THBS2,SLC22A13,SLC7A1,HSPPAL9,RAI1,RABLL1,RABGEF1,MAPKKK93,MYL3,HSPCP3,CFB,PAX6,PAX6,PAX6,PAX6,PAX6,HSPH90,SLC25A39,PAX6,CD229,SLC39A4,PAX6,PAX6,SLC17A5,PAX6,PAX6,PAX6,CXCL9,RABGEF1P16,PAX6,RNU6-875P,PAX6,PAX6,PAX6,PAX6,PAX6,PAX6,PAX6,CD263,PAX6,IL1F9,PAX6,PAX6,PAX6,PAX6,PAX6,PAX6,PAX6,PAX6,SLC27A4,PAX6,PAX6,PAX6,PAX6,PAX6,PAX6,PAX6
CFL1,CD300CD,MNK1,RPUSD1,RPUSD1,RPUSD1,RPUSD1,RPUSD1,RPUSD1,RPUSD1,RPUSD1,CXCL1,SLC16A13,RNASEH2B-IT7,ACTG2,CDH12,RABGEF1P5,ICAM3,IL1RAPL2,SERPINB9,SLC8A3,MAPKAP,CD79B,CEP89,SLC35E3,,H19,RAP2A,,EPHB4,FKBP1EF,LILRA5,ZSCAN4,RPUSD1,,CXCR7,IFNB1,ZNF602B,MAP2K102,TRIM41,SERPINB35,MAP3K7,PI4KA-AS1,THBS4,SLC22A14,SLC7A10,HSPPB1,RAI14,RABLL1,RABGEF1,MAPKKK94,MYL4,HSPCP4,CFD,RPUSD1,RPUSD1,RPUSD1,RPUSD1,RPUSD1,HSPH91,RAB3GAP1,RPUSD1,CD221,SLC39A14,RPUSD1,RPUSD1,SLC17A6,RPUSD1,RPUSD1,RPUSD1,CXCL11,RABGEF1P17,RPUSD1,RP11-408H20.3,RPUSD1,RPUSD1,RPUSD1,RPUSD1,RPUSD1,RPUSD1,RPUSD1,CD267,RPUSD1,IL1F10,RPUSD1,RPUSD1,RPUSD1,RPUSD1,RPUSD1,RPUSD1,RPUSD1,RPUSD1,SLC2A1,RPUSD1,RPUSD1,RPUSD1,RPUSD1,RPUSD1,RPUSD1,RPUSD1
CFL2,CD300LA,MNK2,RHBDF1,RHBDF1,RHBDF1,RHBDF1,RHBDF1,RHBDF1,RHBDF1,RHBDF1,CXCL5,SLC16A14,RNASEH2B-IT8,ACTN1,CDH13,RABGEF1P6,ICAM4,IL18R1,SERPINB9,SLC9A1,MAPKAP3,CD8,CEP89,SLC35E2B,,AGRN,RAP2B,,EPHB6,FKBP1EG,LILRA4,CACNA3D,RHBDF1,,CX3CR1,IFNG,ZNF631B,MAP2K103,TRIM47,SERPINB36,MAP3K8,PI4KB-AS1,VCAN,SLC22A15,SLC7A11,HSPPB2,RAI2,RABLL1,RABGEF1,MAPKKK95,MYL6,HSPCP5,CFP,RHBDF1,RHBDF1,RHBDF1,RHBDF1,RHBDF1,HSPH92,SLC25A39,RHBDF1,CD223,SLC39A5,RHBDF1,RHBDF1,SLC17A7,RHBDF1,RHBDF1,RHBDF1,CXCL12,RABGEF1P18,RHBDF1,AMZ2P1,RHBDF1,RHBDF1,RHBDF1,RHBDF1,RHBDF1,RHBDF1,RHBDF1,CD268,RHBDF1,IL1RN,RHBDF1,RHBDF1,RHBDF1,RHBDF1,RHBDF1,RHBDF1,RHBDF1,RHBDF1,SLC2A2,RHBDF1,RHBDF1,RHBDF1,RHBDF1,RHBDF1,RHBDF1,RHBDF1
DSTN,CD300H,RSK1,LUC7L,LUC7L,LUC7L,LUC7L,LUC7L,LUC7L,LUC7L,LUC7L,CXCL6,SLC16A2,RNASEH2B-IT9,ACTN4,CDH14,RABGEF1P7,ICAM5,IL18RAP,SERPINB9,SLC9A3,MAPK8IP1,CD80,CEP89,SLC35E2,,TTLL10,RAP2C,,,FKBP1EH,LILRA3,CDKN1C,LUC7L,,CCR1,IFNGR1,ZNF582,MAP2K104,TRIM55,SERPINB37,MAP3K9,PIP4K2A-AS1,ELN,SLC22A16,SLC7A13,HSPPB3,RAI2-AS1,RABLL1,RABGEF1,MAPKKK96,MYL6B,HSPCP6,CFI,LUC7L,LUC7L,LUC7L,LUC7L,LUC7L,HSPH93,RAB3GAP1,LUC7L,CD224,SLC39A7,LUC7L,LUC7L,SLC17A8,LUC7L,LUC7L,LUC7L,CXCL13,RABGEF1P19,LUC7L,PACERR,LUC7L,LUC7L,LUC7L,LUC7L,LUC7L,LUC7L,LUC7L,CD269,LUC7L,IL1A,LUC7L,LUC7L,LUC7L,LUC7L,LUC7L,LUC7L,LUC7L,LUC7L,SLC38A1,LUC7L,LUC7L,LUC7L,LUC7L,LUC7L,LUC7L,LUC7L
FLNA,CD300F,RSK2,CACNA2D2,CACNA2D2,CACNA2D2,CACNA2D2,CACNA2D2,CACNA2D2,CACNA2D2,CACNA2D2,CXCL15,SLC16A3,RNASEH2B-IT10,ACTR2,CDH15,RABGEF1P8,VCAM1,IL15RA,SERPINB9,SLC9A4,MAPK8IP2,CD81,CEP89,SLC35E1,,TNFRSF18,RAP2IP,,,FKBP1EI,LILRA2,SLC44A1,CACNA2D2,,CCR2,IFNGR2,ZNF601B,MAP2K105,TRIM56,SERPINB38,MAP3K10,PIP4K2B-AS1,FBLN1,SLC22A17,SLC7A14,HSPPB4,RAI2-AS2,RABLL1,RABGEF1,MAPKKK97,MYL6P,HSPCP7, properdin,CACNA2D2,CACNA2D2,CACNA2D2,CACNA2D2,CACNA2D2,HSPH94,SLC25A39,CACNA2D2,CD222,SLC39A3,CACNA2D2,CACNA2D2,SLC17A9,CACNA2D2,CACNA2D2,CACNA2D2,CXCR1,RABGEF1P20,CACNA2D2,Y_RNA,CACNA2D2,CACNA2D2,CACNA2D2,CACNA2D2,CACNA2D2,CACNA2D2,CACNA2D2,CD271,CACNA2D2,IL1B,CACNA2D2,CACNA2D2,CACNA2D2,CACNA2D2,CACNA2D2,CACNA2D2,CACNA2D2,CACNA2D2,SRD5A1,CACNA2D2,CACNA2D2,CACNA2D2,CACNA2D2,CACNA2D2,CACNA2D2,CACNA2D2
FLNB,CD300KB,RSK3,BAIAP3,BAIAP3,BAIAP3,BAIAP3,BAIAP3,BAIAP3,BAIAP3,BAIAP3,CXCL16,SLC16A4,RNASEH2B-IT11,ACTR3,CDH16,RABGEF1P9,MCAM,IL15,SERPINB9,SLC9A5,MAPK8IP3,CD82,CEP89,SLC35D3,,TNFRSF4,RAPGEF1,,,FKBP1EJ,LILRA1,ZSCAN9,BAIAP3,,CCR3,TNF,ZNF630B,MAP2K106,TRIM59,SERPINB39,MAP3K11,PIP4K2C-AS1,FBLN2,SLC22A18,SLC7A2,HSPPB5,RAI2-AS3,RABLL1,RABGEF1,MAPKKK98,MYL7,HSPCP8,CR1,BAIAP3,BAIAP3,BAIAP3,BAIAP3,BAIAP3,HSPH95,RAB3GAP1,BAIAP3,CD227,SLC39A13,BAIAP3,BAIAP3,SLC18A1,BAIAP3,BAIAP3,BAIAP3,CXCR2,RABGEF1P21,BAIAP3,RP11-323K10.2,BAIAP3,BAIAP3,BAIAP3,BAIAP3,BAIAP3,BAIAP3,BAIAP3,CD277,BAIAP3,IL2,BAIAP3,BAIAP3,BAIAP3,BAIAP3,BAIAP3,BAIAP3,BAIAP3,BAIAP3,SREBF1,BAIAP3,BAIAP3,BAIAP3,BAIAP3,BAIAP3,BAIAP3,BAIAP3
FLNC,CD300KF,RSK4,TSR3,TSR3,TSR3,TSR3,TSR3,TSR3,TSR3,TSR3,CXCL9,SLC16A5,RNASEH2B-IT12,ACTR1A,CDH17,RABGEFP1,PECAM1,IL2RA,SERPINB9,SLC9A6,MAP3IP1,CD83,CEP89,SLC35D2,,DCST2,RAPGEF2,,,FKBP1EK,LILRB5,CACNA3G,TSR3,,CCR4,TNFAIP3,ZNF581,MAP2K107,TRIM62,SERPINB40,MAP3K12,PIP4K5-AS1,FBLN5,SLC22A2,SLC7A3,HSPPB6,RAI2-AS4,RABLL1,RABGEF1,MAPKKK99,MYL9,HSPCP9,CR2,TSR3,TSR3,TSR3,TSR3,TSR3,HSPH96,SLC25A39,TSR3,CD228,SLC39A9,TSR3,TSR3,SLC18A2,TSR3,TSR3,TSR3,CXCR3,RABGEF1P22,TSR3,RP11-384B12.2,TSR3,TSR3,TSR3,TSR3,TSR3,TSR3,TSR3,CD281,TSR3,IL3,TSR3,TSR3,TSR3,TSR3,TSR3,TSR3,TSR3,TSR3,SREBF2,TSR3,TSR3,TSR3,TSR3,TSR3,TSR3,TSR3
,CD300KG,S6K1,PIGQ,PIGQ,PIGQ,PIGQ,PIGQ,PIGQ,PIGQ,PIGQ,CXCL11,SLC16A6,RNASEH2B-IT13,ARPC1A,CDH18,RABGEFP2,ESAM,IL2RB,SERPINB9,SLC9A7,MAP3IP2,CD84,CEP89,SLC35D1,,C1orf170,RAPGEF5,,,FKBP1EL,LILRB4,CDKN2A,PIGQ,,CCR5,TNFSF10,ZNF600B,MAP2K108,TRIM63,SERPINB41,MAP3K13,PIP5K1A-AS1,EFEMP1,SLC22A23,SLC7A4,HSPPB7,RAI2-AS5,RABLL1,RABGEF1,MAPKKK100,MYL10,HSPCP10,CR3,PIGQ,PIGQ,PIGQ,PIGQ,PIGQ,HSPH97,RAB3GAP1,PIGQ,CD239,SLC39A2,PIGQ,PIGQ,SLC18A3,PIGQ,PIGQ,PIGQ,CXCR4,RABGEF1P23,PIGQ,Y_RNA,PIGQ,PIGQ,PIGQ,PIGQ,PIGQ,PIGQ,PIGQ,CD282,PIGQ,IL4,PIGQ,PIGQ,PIGQ,PIGQ,PIGQ,PIGQ,PIGQ,PIGQ,SULT2B1,PIGQ,PIGQ,PIGQ,PIGQ,PIGQ,PIGQ,PIGQ
,CD300KH,S6K2,CRAMP1,CRAMP1,CRAMP1,CRAMP1,CRAMP1,CRAMP1,CRAMP1,CRAMP1,CXCL13,SLC16A7,RNASEH2B-IT14,ARPC1B,CDH19,RABGEFP3,JAM2,IL2RG,SERPINB9,SLC9A8,MAP3IP3,CD85a,CEP89,SLC35C2,,HES4,RAPGEF6,,,FKBP1EM,LILRB3,SLC44A2,CRAMP1,,CCR6,LTB,ZNF629B,MAP2K109,TRIM65,SERPINB42,MAP3K14,PIP5K1B-AS1,EMILIN1,SLC22A24,SLC7A5,HSPPB8,RAI2-AS6,RABLL1,RABGEF1,MAPKKK101,MYL12A,HSPCP11,CR4,CRAMP1,CRAMP1,CRAMP1,CRAMP1,CRAMP1,HSPH98,SLC25A39,CRAMP1,CD240,SLC39A8,CRAMP1,CRAMP1,SLC19A1,CRAMP1,CRAMP1,CRAMP1,CXCR5,RABGEF1P24,CRAMP1,RP11-395C3.1,CRAMP1,CRAMP1,CRAMP1,CRAMP1,CRAMP1,CRAMP1,CRAMP1,CD283,CRAMP1,IL5,CRAMP1,CRAMP1,CRAMP1,CRAMP1,CRAMP1,CRAMP1,CRAMP1,CRAMP1,TF,CRAMP1,CRAMP1,CRAMP1,CRAMP1,CRAMP1,CRAMP1,CRAMP1
,CD300KI,SGK1,TEAD3,TEAD3,TEAD3,TEAD3,TEAD3,TEAD3,TEAD3,TEAD3,CXCL14,SLC16A9,RNASEH2B-IT15,ARPC2,CDH20,RABIN1,JAM3,IL4R,SERPINB9,SLC9A9,MAP3IP5,CD85d,CEP89,SLC35C1,,ISG15,RAPGEFL1,,,FKBP1EN,LILRB2,ZSWIM1,TEAD3,,CCR7,LTBR,ZNF580,MAP2K110,TRIM66,SERPINB43,MAP4K1,PIP5K1C-AS1,EMILIN2,SLC22A25,SLC7A6,HSPPB9,RAI2-AS7,RABLL1,RABGEF1,MAPKKK102,MYL12B,HSPCP12,C5R1,TEAD3,TEAD3,TEAD3,TEAD3,TEAD3,HSPH99,RAB3GAP1,TEAD3,CD248,SLC39A1,TEAD3,TEAD3,SLC19A2,TEAD3,TEAD3,TEAD3,CXCR6,RABGEF1P25,TEAD3,CTD-2619J13.17,TEAD3,TEAD3,TEAD3,TEAD3,TEAD3,TEAD3,TEAD3,CD284,TEAD3,IL6,TEAD3,TEAD3,TEAD3,TEAD3,TEAD3,TEAD3,TEAD3,TEAD3,THBD,TEAD3,TEAD3,TEAD3,TEAD3,TEAD3,TEAD3,TEAD3
,SIGLEC1,SGK2,SELE,SELE,SELE,SELE,SELE,SELE,SELE,SELE,CXCL17,SLC17A1,RNASEH2B-IT16,ARPC3,CDH22,RABIN2,CD31,IL5R,SERPINB9,SLC9A1,TAB1,CD85e,CEP89,SLC35B4,,TNFRSF23,RAPSN,,,FKBP1EO,LILRB1,CACNA3H,SELE,,CCR8,TGFB1,ZNF599B,MAP2K111,TRIM68,SERPINB44,MAP4K2,,MMP1,SLC22A3,SLC7A7,HSPPBL1,RAI2-AS8,RABLL1,RABGEF1,MAPKKK103,MYL2,HSPCP13,C5AR1,SELE,SELE,SELE,SELE,SELE,HSPH100,SLC25A39,SELE,CD317,SLC39A1,SELE,SELE,SLC19A3,SELE,SELE,SELE,CX3CL1,RABGEF1P26,SELE,MBD2,SELE,SELE,SELE,SELE,SELE,SELE,SELE,CD286,SELE,IL7,SELE,SELE,SELE,SELE,SELE,SELE,SELE,SELE,TLR2,SELE,SELE,SELE,SELE,SELE,SELE,SELE
,SIGLEC2,SGK3,DNAJC11,DNAJC11,DNAJC11,DNAJC11,DNAJC11,DNAJC11,DNAJC11,DNAJC11,CXCL1,SLC17A2,RNASEH2B-IT17,CFL1,CDH24,RABIN3,CD102,IL6R,SERPINB9,SLC9B1,TAB2,CD85f,CEP89,SLC35B3,,OAZ1,RARA,,,FKBP1EP,KIR2DL5B,CDKN2B,DNAJC11,,CCR9,TGFB2,ZNF628B,MAP2K112,TRIM7,SERPINB45,MAP4K3,,MMP2,SLC22A31,SLC7A8,HSPPBL2,RAI2-AS9,RABLL1,RABGEF1,MAPKKK104,MYL5,HSPCP14,C5AR2,DNAJC11,DNAJC11,DNAJC11,DNAJC11,DNAJC11,HSPH101,RAB3GAP1,DNAJC11,CD318,SLC39A15,DNAJC11,DNAJC11,SLC20A1,DNAJC11,DNAJC11,DNAJC11,XCL1,RABGEF1P27,DNAJC11,CTD-2013N17.6,DNAJC11,DNAJC11,DNAJC11,DNAJC11,DNAJC11,DNAJC11,DNAJC11,CD312,DNAJC11,IL8,DNAJC11,DNAJC11,DNAJC11,DNAJC11,DNAJC11,DNAJC11,DNAJC11,DNAJC11,TM7SF2,DNAJC11,DNAJC11,DNAJC11,DNAJC11,DNAJC11,DNAJC11,DNAJC11
,SIGLEC3,NDR1,FMO3,FMO3,FMO3,FMO3,FMO3,FMO3,FMO3,FMO3,CXCL5,SLC17A3,RNASEH2B-IT18,CFL2,CDH26,,CD50,IL6ST,SERPINB9,SLC9B2,TAB3,CD85g,CEP89,SLC35B2,,RNF223,RARB,,,FKBP1EQ,KIR2DL5A,SLC44A3,FMO3,,CCR10,TGFB3,ZNF579,MAP2K113,TRIML1,SERPINB46,MAP4K4,,MMP3,SLC22A4,SLC7A9,HSPPBL3,RAI3,RABLL1,RABGEF1,MAPKKK105,MYLK,HSPCP15,C3AR1,FMO3,FMO3,FMO3,FMO3,FMO3,HSPH102,SLC25A39,FMO3,CD320,SLC39A6,FMO3,FMO3,SLC20A2,FMO3,FMO3,FMO3,XCL2,RABGEF1P28,FMO3,RP4-734G22.3,FMO3,FMO3,FMO3,FMO3,FMO3,FMO3,FMO3,CD317,FMO3,IL9,FMO3,FMO3,FMO3,FMO3,FMO3,FMO3,FMO3,FMO3,TMEM97,FMO3,FMO3,FMO3,FMO3,FMO3,FMO3,FMO3
,SIGLEC4,NDR2,MYLIP,MYLIP,MYLIP,MYLIP,MYLIP,MYLIP,MYLIP,MYLIP,CXCL6,SLC17A4,RNASEH2B-IT19,DIAPH1,CDH27,,CD54,IL7R,SERPINB9,SLC9C1,SOS1,CD85h,CEP89,SLC35B1,,REM1,RARG,,,FKBP1ER,KIR2DL4,ZSWIM2,MYLIP,,CCR11,TGFBR1,ZNF598B,MAP2K114,TRIML2,SERPINB47,MAP4K5,,MMP7,SLC22A5,SLC8A1,HSPPBL4,RALBP1,RABLL1,RABGEF1,MAPKKK106,MYLK2,HSPCP16,C4BP,MYLIP,MYLIP,MYLIP,MYLIP,MYLIP,HSPH103,RAB3GAP1,MYLIP,CD321,SLC39A12,MYLIP,MYLIP,SLC21A1,MYLIP,MYLIP,MYLIP,CCL1,RABGEF1P29,MYLIP,CTD-2517M22.16,MYLIP,MYLIP,MYLIP,MYLIP,MYLIP,MYLIP,MYLIP,CD319,MYLIP,IL10,MYLIP,MYLIP,MYLIP,MYLIP,MYLIP,MYLIP,MYLIP,MYLIP,TNFRSF1A,MYLIP,MYLIP,MYLIP,MYLIP,MYLIP,MYLIP,MYLIP
,SIGLEC5,MST1,E2F2,E2F2,E2F2,E2F2,E2F2,E2F2,E2F2,E2F2,CXCL15,SLC17A5,RNASEH2B-IT20,DIAPH2,FZD1,,CD106,IL9R,SERPINB9,SLC9C1,SOS2,CD85j,CEP89,SLC35A5,,LRRC47,RASA1,,,FKBP1ES,KIR2DL3,CACNA3I,E2F2,,XCR1,TGFBR2,ZNF627B,MAP2K115,UBE4B,SERPINB48,MAP4K6,,MMP10,SLC22A7,SLC8A2,HSPPBL5,RALBP1-AS1,RABLL1,RABGEF1,MAPKKK107,MYLL,HSPCP17,SERPING1,E2F2,E2F2,E2F2,E2F2,E2F2,HSPH104,SLC25A39,E2F2,CD33,SLC39A10,E2F2,E2F2,SLC22A1,E2F2,E2F2,E2F2,CCL2,RABGEF1P30,E2F2,RP11-932A10.3,E2F2,E2F2,E2F2,E2F2,E2F2,E2F2,E2F2,CD320,E2F2,IL11,E2F2,E2F2,E2F2,E2F2,E2F2,E2F2,E2F2,E2F2,VCAM1,E2F2,E2F2,E2F2,E2F2,E2F2,E2F2,E2F2
,SIGLEC6,MST2,PSMB1,PSMB1,PSMB1,PSMB1,PSMB1,PSMB1,PSMB1,PSMB1,CXCL16,SLC17A6,RNASEH2B-IT21,DNM2,FZD2,,CD166,IL10RA,SERPINB9,SLC9C1,GRB2,CD85k,CEP89,SLC35A4,,PRDM16,RASA2,,,FKBP1ET,KIR2DL1,CDKN2C,PSMB1,,CXADR,TGFBR3,ZNF578,MAP2K116,HERC2,SERPINB49,MAP4K7,,MMP11,SLC22A8,SLC8A3,HSPPBL6,RALGDS,RABLL1,RABGEF1,MAPKKK108,MYLP1,HSPCP18,CLU,PSMB1,PSMB1,PSMB1,PSMB1,PSMB1,HSPH105,RAB3GAP1,PSMB1,CD349,SLC39A11,PSMB1,PSMB1,SLC22A10,PSMB1,PSMB1,PSMB1,CCL3,RABGEF1P31,PSMB1,PRADC1P1,PSMB1,PSMB1,PSMB1,PSMB1,PSMB1,PSMB1,PSMB1,CD321,PSMB1,IL12A,PSMB1,PSMB1,PSMB1,PSMB1,PSMB1,PSMB1,PSMB1,PSMB1,VLDLR,PSMB1,PSMB1,PSMB1,PSMB1,PSMB1,PSMB1,PSMB1
,SIGLEC7,STK3,JARID2,JARID2,JARID2,JARID2,JARID2,JARID2,JARID2,JARID2,CXCL9,SLC17A7,RNASEH2B-IT22,DNM3,FZD3,,ALCAM,IL10RB,SERPINB9,SLC9C1,GRB7,CD85t2,CEP89,SLC35A3,,PLEKHM1,RASA3,,,FKBP1EU,KIR2DS5,SLC44A4,JARID2,,JAM2,IL10,ZNF597B,MAP2K117,HECTD1,SERPINB50,MAP4,,MMP12,SLC22A9,SLC9A1,HSPPBL7,RALGAPB,RABLL1,RABGEF1,MAPKKK109,MYLP2,HSPCP19,VTN,JARID2,JARID2,JARID2,JARID2,JARID2,HSPH106,SLC25A39,JARID2,CD350,SLC39A4,JARID2,JARID2,SLC22A11,JARID2,JARID2,JARID2,CCL4,RABGEF1P32,JARID2,LCE2D,JARID2,JARID2,JARID2,JARID2,JARID2,JARID2,JARID2,CD33,JARID2,IL12B,JARID2,JARID2,JARID2,JARID2,JARID2,JARID2,JARID2,JARID2,ABCA7,JARID2,JARID2,JARID2,JARID2,JARID2,JARID2,JARID2
,SIGLEC8,STK4,CAMK1G,CAMK1G,CAMK1G,CAMK1G,CAMK1G,CAMK1G,CAMK1G,CAMK1G,CXCL11,SLC17A8,RNASEH2B-IT23,DSTN,FZD4,,MADCAM1,IL11RA,SERPINB9,SLC9C1,GRB10,CD87,CEP89,SLC35A2,,C1orf112,RASA4,,,FKBP1EV,KIR2DS4,ZSWIM3,CAMK1G,,JAM3,IL10RA,ZNF626B,MAP2K118,NEDD4,SERPINB51,MAPK8IP1,,MMP13,SLC24A2,SLC9A3,HSPPBL8,RALGPS1,RABLL1,RABGEF1,MAPKKK110,TMOD1,HSPCP20,CD55,CAMK1G,CAMK1G,CAMK1G,CAMK1G,CAMK1G,HSPH107,RAB3GAP1,CAMK1G,CD351,SLC39A14,CAMK1G,CAMK1G,SLC22A12,CAMK1G,CAMK1G,CAMK1G,CCL5,RABGEF1P33,CAMK1G,H2AC19,CAMK1G,CAMK1G,CAMK1G,CAMK1G,CAMK1G,CAMK1G,CAMK1G,CD339,CAMK1G,IL13,CAMK1G,CAMK1G,CAMK1G,CAMK1G,CAMK1G,CAMK1G,CAMK1G,CAMK1G,ACE,CAMK1G,CAMK1G,CAMK1G,CAMK1G,CAMK1G,CAMK1G,CAMK1G
,SIGLEC9,LATS1,CDK11A,CDK11A,CDK11A,CDK11A,CDK11A,CDK11A,CDK11A,CDK11A,CXCL13,SLC18A1,RNASEH2B-IT24,FLNA,FZD5,,CLDN5,IL12RB1,SERPINB9,SLC9C1,GRB14,CD88,CEP89,SLC35A1,,FGR,RASA4B,,,FKBP1EW,KIR2DS3,CACNAES,CDK11A,,CD31,IL10RB,ZNF577,MAP2K119,ITCH,SERPINB52,MAPK8IP2,,MMP14,SLC24A3,SLC9A6,HSPPBL9,RALGPS2,RABLL1,RABGEF1,MAPKKK111,TMOD2,HSPCP21,CD59,CDK11A,CDK11A,CDK11A,CDK11A,CDK11A,HSPH108,SLC25A39,CDK11A,CD364,SLC39A5,CDK11A,CDK11A,SLC22A13,CDK11A,CDK11A,CDK11A,CCL7,RABGEF1P34,CDK11A,RP5-908D6.1,CDK11A,CDK11A,CDK11A,CDK11A,CDK11A,CDK11A,CDK11A,CD340,CDK11A,IL15,CDK11A,CDK11A,CDK11A,CDK11A,CDK11A,CDK11A,CDK11A,CDK11A,ACKR1,CDK11A,CDK11A,CDK11A,CDK11A,CDK11A,CDK11A,CDK11A
,SIGLEC10,LATS2,NADK,NADK,NADK,NADK,NADK,NADK,NADK,NADK,CXCL14,SLC18A2,RNASEH2B-IT25,FLNB,FZD6,,CLDN1,IL12RB2,SERPINB9,SLC9C1,EGFR,CD89,CEP89,SLC34A3,,CFH,RASA5,,,FKBP1EX,KIR2DS2,CDKN2D,NADK,,PECAM1,IL4,ZNF596B,MAP2K120,WWP1,SERPINB53,MAPK8IP3,,MMP15,SLC24A4,SLC9A9,HSPPC1,RALYL,RABLL1,RABGEF1,MAPKKK112,TMOD3,HSPCP22,CD46,NADK,NADK,NADK,NADK,NADK,HSPH109,RAB3GAP1,NADK,CD366,SLC39A7,NADK,NADK,SLC22A14,NADK,NADK,NADK,CCL8,RABGEF1P35,NADK,RNU7-102P,NADK,NADK,NADK,NADK,NADK,NADK,NADK,CD350,NADK,IL16,NADK,NADK,NADK,NADK,NADK,NADK,NADK,NADK,ADAM15,NADK,NADK,NADK,NADK,NADK,NADK,NADK
,SIGLEC11,MOB1A,TFAP2B,TFAP2B,TFAP2B,TFAP2B,TFAP2B,TFAP2B,TFAP2B,TFAP2B,CXCL17,SLC18A3,RNASEH2B-IT26,FLNC,FZD7,,CLDN11,IL13RA1,SERPINB9,SLC9C1,ERBB2,CD9,CEP89,SLC34A2,,FUCA2,RASAL1,,,FKBP1EY,KIR2DS1,SLC44A5,TFAP2B,,ESAM,IL4R,ZNF625B,MAP2K121,SMURF2,SERPINB54,MAPK8IP,,MMP16,SLC24A5,,HSPPC2,RALYL-AS1,RABLL1,RABGEF1,MAPKKK113,TMSB4X,HSPCP23,CD155,TFAP2B,TFAP2B,TFAP2B,TFAP2B,TFAP2B,HSPH110,SLC25A39,TFAP2B,CD368,SLC39A3,TFAP2B,TFAP2B,SLC22A15,TFAP2B,TFAP2B,TFAP2B,CCL11,RABGEF1P36,TFAP2B,BAZ2A,TFAP2B,TFAP2B,TFAP2B,TFAP2B,TFAP2B,TFAP2B,TFAP2B,CD351,TFAP2B,IL17A,TFAP2B,TFAP2B,TFAP2B,TFAP2B,TFAP2B,TFAP2B,TFAP2B,TFAP2B,ADAM17,TFAP2B,TFAP2B,TFAP2B,TFAP2B,TFAP2B,TFAP2B,TFAP2B
,SIGLEC12,MOB1B,TFAP2D,TFAP2D,TFAP2D,TFAP2D,TFAP2D,TFAP2D,TFAP2D,TFAP2D,CXCL1,SLC19A1,RNASEH2B-IT27,FMNL2,FZD8,,CLDN12,IL13RA2,SERPINB9,SLC9C1,ERBB3,CD90,CEP89,SLC34A1,,GCLC,RASAL2,,,FKBP1EZ,KIR3DL3,ZSWIM4,TFAP2D,,CD9,IL13,ZNF576,MAP2K122,AIP4,SERPINB55,MAPK9IP,,MMP17,SLC24A6,,HSPPC3,RAN,RABLL1,RABGEF1,MAPKKK114,TMSB10,HSPCP24,ITGAM,TFAP2D,TFAP2D,TFAP2D,TFAP2D,TFAP2D,HSPH111,RAB3GAP1,TFAP2D,CD369,SLC39A13,TFAP2D,TFAP2D,SLC22A16,TFAP2D,TFAP2D,TFAP2D,CCL13,RABGEF1P37,TFAP2D,LINC02458,TFAP2D,TFAP2D,TFAP2D,TFAP2D,TFAP2D,TFAP2D,TFAP2D,CD352,TFAP2D,IL17B,TFAP2D,TFAP2D,TFAP2D,TFAP2D,TFAP2D,TFAP2D,TFAP2D,TFAP2D,ADAMTS13,TFAP2D,TFAP2D,TFAP2D,TFAP2D,TFAP2D,TFAP2D,TFAP2D
,SIGLEC14,MOB2,DLEC1,DLEC1,DLEC1,DLEC1,DLEC1,DLEC1,DLEC1,DLEC1,CXCL5,SLC19A2,RNASEH2B-IT28,FMNL3,FZD9,,CLDN14,IL17RA,SERPINB9,SLC9C1,ERBB4,CD91,CEP89,SLC33A1,,HSPA6,RASAL3,,,FKBP1FA,KIR3DL2,CACNA2B,DLEC1,,CD8,IL13RA1,ZNF595B,MAP2K123,NEDL1,SERPINB56,MAPKAP1,,MMP19,SLC25A1,,HSPPC4,RANBP1,RABLL1,RABGEF1,MAPKKK115,TMSB15A,HSPCP25,ITGB2,DLEC1,DLEC1,DLEC1,DLEC1,DLEC1,HSPH112,SLC25A39,DLEC1,CD37,SLC39A9,DLEC1,DLEC1,SLC22A17,DLEC1,DLEC1,DLEC1,CCL14,RABGEF1P38,DLEC1,ENSG10010139651.1,DLEC1,DLEC1,DLEC1,DLEC1,DLEC1,DLEC1,DLEC1,CD353,DLEC1,IL17C,DLEC1,DLEC1,DLEC1,DLEC1,DLEC1,DLEC1,DLEC1,DLEC1,ADGRE5,DLEC1,DLEC1,DLEC1,DLEC1,DLEC1,DLEC1,DLEC1
,SIGLEC15,SAV1,CYTH3,CYTH3,CYTH3,CYTH3,CYTH3,CYTH3,CYTH3,CYTH3,CXCL6,SLC19A3,RNASEH2B-IT29,MYH9,FZD10,,CLDN15,IL17RB,SERPINB9,SLC9C1,PDGFRA,CD92,CEP89,SLC33A2,,TNFRSF14,RASD1,,,FKBP1FB,KIR3DL1,CDKN3,CYTH3,,CD8A,IL13RA2,ZNF624B,MAP2K124,HACE1,SERPINB57,MAPKAP2,,MMP20,SLC25A10,,HSPPC5,RANBP10,RABLL1,RABGEF1,MAPKKK116,TMSB4Y,HSPCP26,ICAM1,CYTH3,CYTH3,CYTH3,CYTH3,CYTH3,HSPH113,RAB3GAP1,CYTH3,CD38,SLC39A2,CYTH3,CYTH3,SLC22A18,CYTH3,CYTH3,CYTH3,CCL15,RABGEF1P39,CYTH3,RP11-257P3.3,CYTH3,CYTH3,CYTH3,CYTH3,CYTH3,CYTH3,CYTH3,CD354,CYTH3,IL17D,CYTH3,CYTH3,CYTH3,CYTH3,CYTH3,CYTH3,CYTH3,CYTH3,AIF1,CYTH3,CYTH3,CYTH3,CYTH3,CYTH3,CYTH3,CYTH3
,SIGLEC16,RASSF1,ADAM22,ADAM22,ADAM22,ADAM22,ADAM22,ADAM22,ADAM22,ADAM22,CXCL15,SLC1A1,RNASEH2B-IT30,MYH10,LRP5,,CLDN16,IL17RC,SERPINB9,SLC9C1,PDGFRB,CD95,CEP89,SLC32A1,,IGHG1,RASD2,,,FKBP1FC,KIR3DS1,SLC45A1,ADAM22,,CD8B,IL5,ZNF575,MAP2K125,UBE3C,SERPINB58,MAPKAP3,,MMP21,SLC25A11,,HSPPC6,RANBP10-AS1,RABLL1,RABGEF1,MAPKKK117,TNNC1,HSPCP27,ICAM2,ADAM22,ADAM22,ADAM22,ADAM22,ADAM22,HSPH114,SLC25A39,ADAM22,CD39,SLC39A8,ADAM22,ADAM22,SLC22A2,ADAM22,ADAM22,ADAM22,CCL16,RABGEF1P40,ADAM22,AP000563.2,ADAM22,ADAM22,ADAM22,ADAM22,ADAM22,ADAM22,ADAM22,CD355,ADAM22,IL17E,ADAM22,ADAM22,ADAM22,ADAM22,ADAM22,ADAM22,ADAM22,ADAM22,ANPEP,ADAM22,ADAM22,ADAM22,ADAM22,ADAM22,ADAM22,ADAM22
,SIGLEC17P1,RASSF2,SYPL1,SYPL1,SYPL1,SYPL1,SYPL1,SYPL1,SYPL1,SYPL1,CXCL16,SLC1A2,RNASEH2B-IT31,MYH14,LRP6,,CLDN17,IL17RD,SERPINB9,SLC9C1,FGFR1,CD96,CEP89,SLC39A14,,IGHG2,RASEF,,,FKBP1FD,CD22,ZSWIM5,SYPL1,,CD4,IL5RA,ZNF594B,MAP2K126,ARF1,SERPINB59,MAPKAP4,,MMP23B,SLC25A12,,HSPPC7,RANBP16,RABLL1,RABGEF1,MAPKKK118,TNNC2,HSPCP28,ICAM3,SYPL1,SYPL1,SYPL1,SYPL1,SYPL1,HSPH115,RAB3GAP1,SYPL1,CD46,SLC39A1,SYPL1,SYPL1,SLC22A24,SYPL1,SYPL1,SYPL1,CCL17,RABGEF1P41,SYPL1,FAM27E3,SYPL1,SYPL1,SYPL1,SYPL1,SYPL1,SYPL1,SYPL1,CD357,SYPL1,IL17F,SYPL1,SYPL1,SYPL1,SYPL1,SYPL1,SYPL1,SYPL1,SYPL1,ANGPT1,SYPL1,SYPL1,SYPL1,SYPL1,SYPL1,SYPL1,SYPL1
,SIGLEC17P2,NORE1,CYB561,CYB561,CYB561,CYB561,CYB561,CYB561,CYB561,CYB561,CXCL9,SLC1A3,RNASEH2B-IT32,MYO1B,LRP4,,CLDN18,IL17RE,SERPINB9,SLC9C1,FGFR2,CD97,CEP89,SLC39A13,,IGHG3,RASGEF1A,,,FKBP1FE,CD226,CACNA2C,CYB561,,CD40LG,IL9,ZNF623B,MAP2K127,ARF6,SERPINB60,MAPKAPK1,,MMP24,,,HSPPC8,RANBP17,RABLL1,RABGEF1,MAPKKK119,TNNI1,HSPCP29,VCAM1,CYB561,CYB561,CYB561,CYB561,CYB561,HSPH116,SLC25A39,CYB561,CD50,SLC39A1,CYB561,CYB561,SLC22A25,CYB561,CYB561,CYB561,CCL18,RABGEF1P42,CYB561,SSR4P1,CYB561,CYB561,CYB561,CYB561,CYB561,CYB561,CYB561,CD358,CYB561,IL19,CYB561,CYB561,CYB561,CYB561,CYB561,CYB561,CYB561,CYB561,ANGPT2,CYB561,CYB561,CYB561,CYB561,CYB561,CYB561,CYB561
,SIGLEC17P3,RAP2,SPAG9,SPAG9,SPAG9,SPAG9,SPAG9,SPAG9,SPAG9,SPAG9,CXCL11,SLC1A4,RNASEH2B-IT33,MYO1C,LRP1,,CLDN19,IL20RA,SERPINB9,SLC9C1,FGFR3,CD98,CEP89,SLC39A12,,IGHG4,RASGEF1B,,,FKBP1FF,CD229,CDKNIP1,SPAG9,,SELL,IL9R,ZNF574,MAP2K128,ARL1,SERPINB61,MAPKAPK1L,,MMP25,,,HSPPC9,RANBP3,RABLL1,RABGEF1,MAPKKK120,TNNI2,HSPCP30,PECAM1,SPAG9,SPAG9,SPAG9,SPAG9,SPAG9,HSPH117,RAB3GAP1,SPAG9,CD54,SLC39A15,SPAG9,SPAG9,SLC22A3,SPAG9,SPAG9,SPAG9,CCL19,RABGEF1P43,SPAG9,TRMT44,SPAG9,SPAG9,SPAG9,SPAG9,SPAG9,SPAG9,SPAG9,CD359,SPAG9,IL20,SPAG9,SPAG9,SPAG9,SPAG9,SPAG9,SPAG9,SPAG9,SPAG9,ANGPTL4,SPAG9,SPAG9,SPAG9,SPAG9,SPAG9,SPAG9,SPAG9
,SIGLEC17P4,RAPL,CELSR3,CELSR3,CELSR3,CELSR3,CELSR3,CELSR3,CELSR3,CELSR3,CXCL13,SLC1A5,RNASEH2B-IT34,MYO1E,LRP1B,,CLDN2,IL20RB,SERPINB9,SLC9C1,FGFR4,,CEP89,SLC39A10,,IGHA1,RASGEF1C,,,FKBP1FG,CD244,SLC45A2,CELSR3,,SELE,IL2,ZNF593B,MAP2K129,ARL6IP5,SERPINB62,MAPKAPK2,,MMP28,,,HSPPCL1,RANBP3L,RABLL1,RABGEF1,MAPKKK121,TNNI3,HSPCP31,SELE,CELSR3,CELSR3,CELSR3,CELSR3,CELSR3,HSPH118,SLC25A39,CELSR3,CD62E,SLC39A6,CELSR3,CELSR3,SLC22A4,CELSR3,CELSR3,CELSR3,CCL20,RABGEF1P44,CELSR3,TRAJ26,CELSR3,CELSR3,CELSR3,CELSR3,CELSR3,CELSR3,CELSR3,CD360,CELSR3,IL21,CELSR3,CELSR3,CELSR3,CELSR3,CELSR3,CELSR3,CELSR3,CELSR3,AREG,CELSR3,CELSR3,CELSR3,CELSR3,CELSR3,CELSR3,CELSR3
,SIGLEC17P5,RALA,AASS,AASS,AASS,AASS,AASS,AASS,AASS,AASS,CXCL14,SLC1A6,RNASEH2B-IT35,MYO5A,LRP2,,CLDN20,IL22R1,SERPINB9,SLC9C1,FLT1,,CEP89,SLC39A9,,IGHA2,RASGRF1,,,FKBP1FH,CD84,ZSWIM6,AASS,,SELP,IL2RA,ZNF622B,MAP2K130,SAR1A,SERPINB63,MAPKAPK3,,ADAMTS1,,,HSPPCL2,RANBP6,RABLL1,RABGEF1,MAPKKK122,TNNT1,HSPCP32,SELP,AASS,AASS,AASS,AASS,AASS,HSPH119,RAB3GAP1,AASS,CD62P,SLC39A12,AASS,AASS,SLC22A5,AASS,AASS,AASS,CCL21,RABGEF1P45,AASS,LINC02508,AASS,AASS,AASS,AASS,AASS,AASS,AASS,CD361,AASS,IL22,AASS,AASS,AASS,AASS,AASS,AASS,AASS,AASS,AXL,AASS,AASS,AASS,AASS,AASS,AASS,AASS
,SIGLEC17P6,RALB,PLEKHG6,PLEKHG6,PLEKHG6,PLEKHG6,PLEKHG6,PLEKHG6,PLEKHG6,PLEKHG6,CXCL17,SLC1A7,RNASEH2B-IT36,MYO5B,LRP3,,CLDN22,IL22R2,SERPINB9,SLC9C1,FLT4,,CEP89,SLC39A8,,IGHD,RASGRF2,,,FKBP1FI,NTB4,CACNA2G,PLEKHG6,,MADCAM1,IL2RB,ZNF573,MAP2K131,SAR1B,SERPINB64,MAPKAPK5,,ADAMTS2,,,HSPPCL3,RANBP9,RABLL1,RABGEF1,MAPKKK123,TNNT2,HSPCP33,SELL,PLEKHG6,PLEKHG6,PLEKHG6,PLEKHG6,PLEKHG6,HSPH120,SLC25A39,PLEKHG6,CD62L,SLC39A10,PLEKHG6,PLEKHG6,SLC22A6,PLEKHG6,PLEKHG6,PLEKHG6,CCL22,RABGEF1P46,PLEKHG6,IGHVIII-67-2,PLEKHG6,PLEKHG6,PLEKHG6,PLEKHG6,PLEKHG6,PLEKHG6,PLEKHG6,CD362,PLEKHG6,IL23A,PLEKHG6,PLEKHG6,PLEKHG6,PLEKHG6,PLEKHG6,PLEKHG6,PLEKHG6,PLEKHG6,BMPR2,PLEKHG6,PLEKHG6,PLEKHG6,PLEKHG6,PLEKHG6,PLEKHG6,PLEKHG6
,SIGLEC17P7,ERBB1,SS18L2,SS18L2,SS18L2,SS18L2,SS18L2,SS18L2,SS18L2,SS18L2,CXCL1,SLC20A1,RNASEH2B-IT37,MYO6,LRP8,,CLDN23,IL23R,SERPINB9,SLC9C1,KIT,,CEP89,SLC39A7,,IGHE,RASGRP1,,,FKBP1FJ,SLAMF6,CDKNIP2,SS18L2,,ICAM1,IL2RG,ZNF592B,MAP2K132,ARL11,SERPINB65,MAPKBP1,,ADAMTS3,,,HSPPCL4,RANBP9-AS1,RABLL1,RABGEF1,MAPKKK124,TNNT3,HSPCP34,MADCAM1,SS18L2,SS18L2,SS18L2,SS18L2,SS18L2,HSPH121,RAB3GAP1,SS18L2,CD64,SLC39A11,SS18L2,SS18L2,SLC22A7,SS18L2,SS18L2,SS18L2,CCL23,RABGEF1P47,SS18L2,BX322559.3,SS18L2,SS18L2,SS18L2,SS18L2,SS18L2,SS18L2,SS18L2,CD363,SS18L2,IL24,SS18L2,SS18L2,SS18L2,SS18L2,SS18L2,SS18L2,SS18L2,SS18L2,CCL11,SS18L2,SS18L2,SS18L2,SS18L2,SS18L2,SS18L2,SS18L2
,SIGLEC17P8,ERBB2,MPND,MPND,MPND,MPND,MPND,MPND,MPND,MPND,CXCL5,SLC20A2,RNASEH2B-IT38,MYO7A,LRP10,,CLDN25,IL27RA,SERPINB9,SLC9C1,RET,,CEP89,SLC39A6,,IGHM,RASGRP2,,,FKBP1FK,SLAMF1,SLC45A3,MPND,,ICAM3,IL15,ZNF621,MAP2K133,ARL15,SERPINB66,MAP2K1,,ADAMTS4,,,HSPPCL5,RANGAP1,RABLL1,RABGEF1,MAPKKK125,TPM1,HSPCP35,JAM2,MPND,MPND,MPND,MPND,MPND,HSPH122,SLC25A39,MPND,CD68,SLC39A4,MPND,MPND,SLC22A8,MPND,MPND,MPND,CCL24,RABGEF1P48,MPND,TMEM208,MPND,MPND,MPND,MPND,MPND,MPND,MPND,CD365,MPND,IL25,MPND,MPND,MPND,MPND,MPND,MPND,MPND,MPND,CCL2,MPND,MPND,MPND,MPND,MPND,MPND,MPND
,SIGLEC17P9,ERBB3,,,,,,,,,CXCL6,SLC21A1,RNASEH2B-IT39,MYO9B,LRP11,,CLDN3,IL31RA,SERPINB9,SLC9C1,MET,,CEP89,SLC39A5,,IGHV3-13,RASIP1,,,FKBP1FL,SLAMF8,ZSWIM7,,,ICAM4,IL15RA,ZNF572,MAP2K134,ARL2,SERPINB67,MAP2K2,,ADAMTS5,,,HSPPCL6,RANGAP1-AS1,RABLL1,RABGEF1,MAPKKK126,TPM2,HSPCP36,JAM3,,,,,,HSPH123,RAB3GAP1,,CD69,SLC39A14,,MGST1,SLC22A9,,MGST1,,CCL25,RABGEF1P49,,,,,,,,,,CD366,,IL26,,,,,,,,,CCL24,,,,,,,
,SIGLEC18P1,ERBB4,,,,,,,,,CXCL15,SLC22A1,RNASEH2B-IT40,MYO10,LRP12,,CLDN4,IL33R,SERPINB9,SLC9C1,HGF,,CEP89,SLC39A4,,IGHV3-23,RASL10A,,,FKBP1FM,SLAMF9,CACNA2H,,,ICAM5,IL21,ZNF591B,MAP2K135,ARL4A,SERPINB68,MAP2K3,,ADAMTS6,,,HSPPCL7,RANGAP1-AS2,RABLL1,RABGEF1,MAPKKK127,TPM3,HSPCP37,CD99,,,,,,HSPH124,SLC25A39,,CD70,SLC39A5,,CRY1,SLC23A1,,CRY1,,CCL26,RABGEF1P50,,,,,,,,,,CD367,,IL27,,,,,,,,,CCL5,,,,,,,
,SIGLEC18P2,SOS1,,,,,,,,,CXCL16,SLC22A10,RNASEH2B-IT41,MYO18B,SORL1,,CLDN6,IL34R,SERPINB9,SLC9C1,IGF1R,,CEP89,SLC39A3,,IGHV4-34,RASL10B,,,FKBP1FN,SLAMF3,CDKN2,,,VCAM1,IL21R,ZNF620,MAP2K136,ARL4D,SERPINB69,MAP2K4,,ADAMTS7,,,HSPPCL8,RANGAP1-AS3,RABLL1,RABGEF1,MAPKKK128,TPM4,HSPCP38,ESAM,,,,,,HSPH125,RAB3GAP1,,CD72,SLC39A7,,PGLYRP1,SLC23A2,,PGLYRP1,,CCL27,RABGEF1P51,,,,,,,,,,CD368,,IL31,,,,,,,,,CCR1,,,,,,,
,SIGLEC18P3,SOS2,,,,,,,,,CXCL9,SLC22A11,RNASEH2B-IT42,PFN1,SORCS1,,CLDN7,IL36R,SERPINB9,SLC9C1,IGF1,,CEP89,SLC39A2,,IGHV1-69,RASL11A,,,FKBP1FO,SLAMF2,SLC46A1,,,ALCAM,IL12A,ZNF571,MAP2K137,ARL5A,SERPINB70,MAP2K5,,ADAMTS8,,,HSPPCL9,RANGAP1P1,RABLL1,RABGEF1,MAPKKK129,VCL,HSPCP39,CD31,,,,,,HSPH126,SLC25A39,,CD74,SLC39A3,,NFIX,SLC24A1,,NFIX,,CCL28,RABGEF1P52,,,,,,,,,,CD370,,IL32,,,,,,,,,CCR2,,,,,,,
,SIGLEC18P4,GRB2,,,,,,,,,CXCL11,SLC22A12,RNASEH2B-IT43,PFN2,SORCS2,,CLDN8,IL36RN,SERPINB9,SLC9C1,IGF2,,CEP89,SLC39A1,,IGHV3-74,RASL11B,,,FKBP1FP,CRACC,ZSWIM8,,,MCAM,IL12B,ZNF590B,MAP2K138,ARL5B,SERPINB71,MAP2K6,,ADAMTS9,,,HSPPD1,RANGAP1P2,RABLL1,RABGEF1,MAPKKK130,,HSPCP40,VWF,,,,,,HSPH127,RAB3GAP1,,CD83,SLC39A13,,ST3GAL1,SLC24A2,,ST3GAL1,,CCR1,RABGEF1P53,,,,,,,,,,CD371,,IL34,,,,,,,,,CCR5,,,,,,,
,SIGLEC18P5,SHC1,,,,,,,,,CXCL13,SLC22A13,RNASEH2B-IT44,RHOA,SORCS3,,CLDN9,OSM,SERPINB9,SLC9C1,INSR,,CEP89,SLC40A1,,IGLV3-1,RASL12,,,FKBP1FQ,BLAST1,CACNB1,,,CD99L2,IL12RB1,ZNF619,MAP2K139,ARL8A,SERPINB72,MAP2K7,,ADAMTS10,,,HSPPD2,RANGAP1P3,RABLL1,RABGEF1,MAPKKK131,,HSPCP41,,,,,,,HSPH128,SLC25A39,,CD95,SLC39A9,,MMP25,SLC24A3,,MMP25,,CCR2,RABGEF1P54,,,,,,,,,,CD40,,IL35,,,,,,,,,CD14,,,,,,,
,SIGLEC18P6,SHC2,,,,,,,,,CXCL14,SLC22A14,RNASEH2B-IT45,RHOC,SORL1P1,,CLDN10,LIFR,SERPINB9,SLC9C1,INSRR,,CEP89,SLC41A3,,IGKV1-39,RASL2,,,FKBP1FR,CD2,CDKN2AIP,,,CD100,IL12RB2,ZNF570,MAP2K140,ARL8B,SERPINB73,MAP2K8,,ADAMTS12,,,HSPPD3,RANGAP1P4,RABLL1,RABGEF1,MAPKKK132,,HSPCP42,,,,,,,HSPH129,RAB3GAP1,,CD103,SLC39A2,,IL32,SLC24A4,,IL32,,CCR3,RABGEF1P55,,,,,,,,,,CD40L,,IL36A,,,,,,,,,CD163,,,,,,,
,SIGLEC18P7,SHC3,,,,,,,,,CXCL17,SLC22A15,RNASEH2B-IT46,RND1,SORLA,,CLDN10B,CNTFR,SERPINB9,SLC9C1,VEGFA,,CEP89,SLC41A2,,IGHJ4,RASL20,,,FKBP1FS,CD48,SLC46A2,,,CD102,IL23A,ZNF589B,MAP2K141,ARL9,SERPINB74,MAP2K,,ADAMTS13,,,HSPPD4,RANGAP1P5,RABLL1,RABGEF1,MAPKKK133,,HSPCP43,,,,,,,HSPH130,SLC25A39,,CD106,SLC39A8,,PKD1,SLC24A5,,PKD1,,CCR4,RABGEF1P56,,,,,,,,,,CD43,,IL36B,,,,,,,,,CD300E,,,,,,,
,SIGLEC18P8,SHC4,,,,,,,,,CXCL1,SLC22A16,RNASEH2B-IT47,RND3,SNCG,,CLDN13,GM-CSFR,SERPINB9,SLC9C1,VEGFB,,CEP89,SLC41A1,,IGHJ6,RASL21,,,FKBP1FT,CD58,ZSWIM9,,,CD103,IL23R,ZNF618,MAP2K142,ARL10C,SERPINB75,MAP3K1,,ADAMTS14,,,HSPPD5,RANGAP1P6,RABLL1,RABGEF1,MAPKKK134,,HSPCP44,,,,,,,HSPH131,RAB3GAP1,,CD117,SLC39A1,,MAPK8IP2,SLC25A1,,MAPK8IP2,,CCR5,RABGEF1P57,,,,,,,,,,CD45,,IL36G,,,,,,,,,CD36,,,,,,,
,SIGLEC18P9,PTPN11,,,,,,,,,CXCL5,SLC22A17,RNASEH2B-IT48,ROCK1,CELSR1,,CLDN14,G-CSFR,SERPINB9,SLC9C1,VEGFC,,CEP89,SLC43A4,,IGLC2,RASL22A,,,FKBP1FU,CD59,CACNB2,,,CD106,IL17A,ZNF569,MAP2K143,ARL13B,SERPINB76,MAP3K2,,ADAMTS15,,,HSPPD6,RANGAP1P7,RABLL1,RABGEF1,MAPKKK135,,HSPCP45,,,,,,,HSPH132,SLC25A39,,CD134,SLC39A1,,MED24,SLC25A10,,MED24,,CCR6,RABGEF1P58,,,,,,,,,,CD45R,,IL38,,,,,,,,,CD44,,,,,,,
,SIGLEC18P10,PTPRQ,,,,,,,,,CXCL6,SLC22A18,RNASEH2B-IT49,ROCK2,CELSR2,,CLDN34,EPO,SERPINB9,SLC9C1,VEGFD,,CEP89,SLC43A3,,IGLC3,RASL22B,,,FKBP1FV,CD81,CDKN2BIP,,,CD112,IL17B,ZNF588B,MAP2K144,ARL14,SERPINB77,MAP3K3,,ADAMTS16,,,HSPPD7,RANGAP1P8,RABLL1,RABGEF1,MAPKKK136,,HSPCP46,,,,,,,HSPH133,RAB3GAP1,,CD137,SLC39A15,,RHOBTB2,SLC25A11,,RHOBTB2,,CCR7,RABGEF1P59,,,,,,,,,,CD47,,IL39,,,,,,,,,CD47,,,,,,,
,SIGLEC18P11,PTPN2,,,,,,,,,CXCL15,SLC22A2,RNASEH2B-IT50,VCL,CELSR3,,CLDNKA,EPOR,SERPINB9,SLC9C1,,,CEP89,SLC43A2,,IGKC,RASL23A,,,FKBP1FW,CD96,SLC46A3,,,CD115,IL17C,ZNF617,MAP2K145,ARL16,SERPINB78,MAP3K4,,ADAMTS17,,,HSPPD8,RANGAP1P9,RABLL1,RABGEF1,MAPKKK137,,HSPCP47,,,,,,,HSPH134,SLC25A39,,CD154,SLC39A6,,HEATR5B,SLC25A12,,HEATR5B,,CCR8,RABGEF1P60,,,,,,,,,,CD51,,IL40,,,,,,,,,CD5L,,,,,,,
,SIGLEC18P12,PTPN22,,,,,,,,,CXCL16,SLC22A23,RNASEH2B-IT51,VIM,CD349,,CLDND1,TGFBR1,SERPINB9,SLC9C1,,,CEP89,SLC43A1,,TRBJ2-7,RASL23B,,,FKBP1FX,CD99L2,ZXDA,,,CD116,IL17D,ZNF568,MAP2K146,ARL17A,SERPINB79,MAP3K5,,ADAMTS18,,,HSPPD9,RANGAP2,RABLL1,RABGEF1,MAPKKK138,,HSPCP48,,,,,,,HSPH135,RAB3GAP1,,CD155,SLC39A12,,SEC62,SLC25A13,,SEC62,,CCR9,RABGEF1P61,,,,,,,,,,CD60,,CSF1,,,,,,,,,CD93,,,,,,,
,SIGLEC18P13,PTPN1,,,,,,,,,CXCL9,SLC22A24,RNASEH2B-IT52,,,,,TGFBR2,SERPINB9,SLC9C1,,,CEP89,SLC44A5,,TRAV12-2,RASL24,,,FKBP1FY,CD100,CACNB3,,,CD117,IL17E,ZNF587B,MAP2K147,ARL17B,SERPINB80,MAP3K6,,ADAMTS19,,,HSPPE1,RANGRF,RABLL1,RABGEF1,MAPKKK139,,HSPCP49,,,,,,,HSPH136,SLC25A39,,CD158A,SLC39A10,,CSDE1,SLC25A14,,CSDE1,,CCR10,RABGEF1P62,,,,,,,,,,CD62E,,CSF2,,,,,,,,,CEACAM8,,,,,,,
,SIGLEC18P14,PTPN13,,,,,,,,,CXCL11,SLC22A25,RNASEH2B-IT53,,,,,TGFBR3,SERPINB9,SLC9C1,,,CEP89,SLC44A4,,TRDV3,RASL32,,,FKBP1FZ,CD150,CDKN2DIP,,,CD118,IL17F,ZNF616,MAP2K148,ARL20,SERPINB81,MAP3K7,,ADAMTS20,,,HSPPE2,RAP1A,RABLL1,RABGEF1,MAPKKK140,,HSPCP50,,,,,,,HSPH137,RAB3GAP1,,CD158B,SLC39A11,,UBE3C,,,UBE3C,,CX3CR1,RABGEF1P63,,,,,,,,,,CD62L,,CSF3,,,,,,,,,CLEC14A,,,,,,,
,SIGLEC18P15,PTPN14,,,,,,,,,CXCL13,SLC22A3,RNASEH2B-IT54,,,,,ACVR1,SERPINB9,SLC9C1,,,CEP89,SLC44A3,,TRA@,RASP1,,,FKBP1GA,CD160,SLC47A1,,,CD119,IL17RA,ZNF567,MAP2K149,ARL24,SERPINB82,MAP3K8,,LAMA1,,,HSPPE3,RAP1B,RABLL1,RABGEF1,MAPKKK141,,HSPCP51,,,,,,,HSPH138,SLC25A39,,CD158D,SLC39A4,,REV3L,,,REV3L,,XCL1,RABGEF1P64,,,,,,,,,,CD62P,,OSM,,,,,,,,,CLEC4E,,,,,,,
,SIGLEC18P16,PTPN9,,,,,,,,,CXCL14,SLC22A31,RNASEH2B-IT55,,,,,ACVR1B,SERPINB9,SLC9C1,,,CEP89,SLC44A2,,TRB@,RASP2,,,FKBP1GB,CD166,ZXDB,,,CD120A,IL17RB,ZNF586B,MAP2K150,ARL6IP1,SERPINB83,MAP3K9,,LAMA2,,,HSPPE4,RAP1GAP,RABLL1,RABGEF1,MAPKKK142,,HSPCP52,,,,,,,HSPH139,RAB3GAP1,,CD158F,SLC39A14,,PAX7,,,PAX7,,XCL2,RABGEF1P65,,,,,,,,,,CD63,,LIF,,,,,,,,,CX3CR1,,,,,,,
,SIGLEC18P17,PTPN7,,,,,,,,,CXCL17,SLC22A4,RNASEH2B-IT56,,,,,ACVR1C,SERPINB9,SLC9C1,,,CEP89,SLC44A1,,TRG@,RAVER1,,,FKBP1GC,CD221,CACNB4,,,CD120B,IL17RC,ZNF615,MAP2K151,ARL6IP,SERPINB84,MAP3K10,,LAMA3,,,HSPPE5,RAP1GAP2,RABLL1,RABGEF1,MAPKKK143,,HSPCP53,,,,,,,HSPH140,SLC25A39,,CD158H,SLC39A5,,MASP2,,,MASP2,,CXCL1,RABGEF1P66,,,,,,,,,,CD66a,,IFNA1,,,,,,,,,CXCL1,,,,,,,
,SIGLEC18P18,PTPN4,,,,,,,,,CXCL1,SLC22A5,RNASEH2B-IT57,,,,,ACVR2A,SERPINB9,SLC9C1,,,CEP89,SLC45A3,,TRD@,RAX,,,FKBP1GD,CD222,CDKN2IP,,,CD121A,IL17RD,ZNF566,MAP2K152,GIT1,SERPINB85,MAP3K11,,LAMA4,,,HSPPE6,RAP2A,RABLL1,RABGEF1,MAPKKK144,,HSPCP54,,,,,,,HSPH141,RAB3GAP1,,CD158K,SLC39A7,,IYD,,,IYD,,CXCL2,RABGEF1P67,,,,,,,,,,CD66b,,IFNA2,,,,,,,,,CXCL10,,,,,,,
,SIGLEC18P19,PTPN3,,,,,,,,,CXCL5,SLC22A6,RNASEH2B-IT58,,,,,ACVR2B,SERPINB9,SLC9C1,,,CEP89,SLC45A2,,OR4F5,RAX2,,,FKBP1GE,CD223,SLC47A2,,,CD121B,,ZNF585B,MAP2K153,GIT2,SERPINB86,MAP3K12,,LAMA5,,,HSPPE7,RAP2B,RABLL1,RABGEF1,MAPKKK145,,HSPCP55,,,,,,,HSPH142,SLC25A39,,CD158Z,SLC39A3,,FAM76A,,,FAM76A,,CXCL3,RABGEF1P68,,,,,,,,,,CD66c,,IFNA4,,,,,,,,,CXCL12,,,,,,,
,SIGLEC18P20,PTPN12,,,,,,,,,CXCL6,SLC22A7,RNASEH2B-IT59,,,,,BMPR1A,SERPINB9,SLC9C1,,,CEP89,SLC45A1,,OR4F29,RBMXL1,,,FKBP1GF,CD224,ZXDC,,,CD122,,ZNF614,MAP2K154,PIK3R1,SERPINB87,MAP3K13,,LAMB1,,,HSPPE8,RAP2C,RABLL1,RABGEF1,MAPKKK146,,HSPCP56,,,,,,,HSPH143,RAB3GAP1,,CD159A,SLC39A13,,TRAF3IP3,,,TRAF3IP3,,CXCL5,RABGEF1P69,,,,,,,,,,CD66d,,IFNA5,,,,,,,,,CXCL16,,,,,,,
,SIGLEC18P21,PTPRF,,,,,,,,,CXCL15,SLC22A8,RNASEH2B-IT60,,,,,BMPR1B,SERPINB9,SLC9C1,,,CEP89,SLC46A3,,OR4F16,,,,FKBP1GG,CD228,CACND1,,,CD123,,ZNF565,MAP2K155,PIK3R2,SERPINB88,MAP3K14,,LAMB2,,,HSPPE9,RAPGEF1,RABLL1,RABGEF1,MAPKKK147,,HSPCP57,,,,,,,HSPH144,SLC25A39,,CD159C,SLC39A9,,POMT2,,,POMT2,,CXCL6,RABGEF1P70,,,,,,,,,,CD66e,,IFNA6,,,,,,,,,CXCL5,,,,,,,
,SIGLEC18P22,PTPRM,,,,,,,,,CXCL16,SLC22A9,RNASEH2B-IT61,,,,,BMPR2,SERPINB9,SLC9C1,,,CEP89,SLC46A2,,SAMD11,,,,FKBP1GH,CD240,CDKN1AIP,,,CD124,,ZNF584B,MAP2K156,PIK3R3,SERPINB89,MAP4K1,,LAMB3,,,HSPPF1,RAPGEF1-AS1,RABLL1,RABGEF1,MAPKKK148,,HSPCP58,,,,,,,HSPH145,RAB3GAP1,,CD161,SLC39A2,,VTA1,,,VTA1,,CXCL8,RABGEF1P71,,,,,,,,,,CD68,,IFNA7,,,,,,,,,CXCL8,,,,,,,
,SIGLEC18P23,PTPRT,,,,,,,,,CXCL9,SLC23A1,RNASEH2B-IT62,,,,,INSR,SERPINB9,SLC9C1,,,CEP89,SLC46A1,,NOC2L,,,,FKBP1GI,CD244R1,SLC47A3,,,CD126,,ZNF613,MAP2K157,PIK3AP1,SERPINB90,MAP4K2,,LAMB4,,,HSPPF2,RAPGEF2,RABLL1,RABGEF1,MAPKKK149,,HSPCP59,,,,,,,HSPH146,SLC25A39,,CD162,SLC39A8,,MLXIPL,,,MLXIPL,,CXCL9,RABGEF1P72,,,,,,,,,,CD69,,IFNA8,,,,,,,,,CXCR4,,,,,,,
,SIGLEC18P24,PTPRD,,,,,,,,,CXCL11,SLC23A2,RNASEH2B-IT63,,,,,IGF1R,SERPINB9,SLC9C1,,,CEP89,SLC47A2,,KLHL17,,,,FKBP1GJ,CD244R2,ZYG11B,,,CD127,,ZNF564,MAP2K158,PIK3C2A,SERPINB91,MAP4K3,,LAMC1,,,HSPPF3,RAPGEF5,RABLL1,RABGEF1,MAPKKK150,,HSPCP60,,,,,,,HSPH147,RAB3GAP1,,CD168,SLC39A1,,BAZ1B,,,BAZ1B,,CXCL10,RABGEF1P73,,,,,,,,,,CD71,,IFNA10,,,,,,,,,CYBB,,,,,,,
,SIGLEC18P25,PTPRK,,,,,,,,,CXCL13,SLC23A3,RNASEH2B-IT64,,,,,IGF1R,SERPINB9,SLC9C1,,,CEP89,SLC47A1,,PLEKHM1,,,,FKBP1GK,CD317,CACNG1,,,CD130,,ZNF583B,MAP2K159,PIK3C2B,SERPINB92,MAP4K4,,LAMC2,,,HSPPF4,RAPGEF6,RABLL1,RABGEF1,MAPKKK151,,HSPCP61,,,,,,,HSPH148,SLC25A39,,CD172A,SLC39A1,,RANBP9,,,RANBP9,,CXCL11,RABGEF1P74,,,,,,,,,,CD72,,IFNA13,,,,,,,,,EGF,,,,,,,
,SIGLEC18P26,PTPRZ1,,,,,,,,,CXCL14,SLC24A1,RNASEH2B-IT65,,,,,INSRR,SERPINB9,SLC9C1,,,CEP89,SLC48A1,,H19,,,,FKBP1GL,CD350,CDKN1BIP,,,CD131,,ZNF612,MAP2K160,PIK3C2G,SERPINB93,MAP4K5,,LAMC3,,,HSPPF5,RAPGEFL1,RABLL1,RABGEF1,MAPKKK152,,HSPCP62,,,,,,,HSPH149,RAB3GAP1,,CD177,SLC39A15,,ETV7,,,ETV7,,CXCL12,RABGEF1P75,,,,,,,,,,CD74,,IFNA14,,,,,,,,,EGFR,,,,,,,
,SIGLEC18P27,PTPRG,,,,,,,,,CXCL17,SLC24A2,RNASEH2B-IT66,,,,,PDGFRA,SERPINB9,SLC9C1,,,CEP89,SLC49A3,,AGRN,,,,FKBP1GM,CD352,SLC47A4,,,CD132,,ZNF563,MAP2K161,PIK3CD,SERPINB94,MAP4K6,,NID1,,,HSPPF6,RAPGEFL1-AS1,RABLL1,RABGEF1,MAPKKK153,,HSPCP63,,,,,,,HSPH150,SLC25A39,,CD180,SLC39A6,,SPRTN,,,SPRTN,,CXCL13,RABGEF1P76,,,,,,,,,,CD75,,IFNA16,,,,,,,,,EGFR,,,,,,,
,SIGLEC18P28,PTPRS,,,,,,,,,CXCL1,SLC24A3,RNASEH2B-IT67,,,,,PDGFRB,SERPINB9,SLC9C1,,,CEP89,SLC49A2,,TTLL10,,,,FKBP1GN,CD353,ZYG11A,,,CD134,,ZNF582B,MAP2K162,PIK3CG,SERPINB95,MAP4K7,,NID2,,,HSPPF7,RAPGEFL1-AS2,RABLL1,RABGEF1,MAPKKK154,,HSPCP64,,,,,,,HSPH151,RAB3GAP1,,CD182,SLC39A12,,EEF1AKNMT,,,EEF1AKNMT,,CXCL14,RABGEF1P77,,,,,,,,,,CD75t,,IFNA17,,,,,,,,,ELANE,,,,,,,
,SIGLEC18P29,PTPRJ,,,,,,,,,CXCL5,SLC24A4,RNASEH2B-IT68,,,,,FLT1,SERPINB9,SLC9C1,,,CEP89,SLC49A1,,TNFRSF18,,,,FKBP1GO,CD360,CACNG2,,,CD135,,ZNF611,MAP2K163,PIK3R5,SERPINB96,MAP4,,ITGA1,,,HSPPF8,RAPSN,RABLL1,RABGEF1,MAPKKK155,,HSPCP65,,,,,,,HSPH152,SLC25A39,,CD184,SLC39A10,,DYRK4,,,DYRK4,,CXCL15,RABGEF1P78,,,,,,,,,,CD79,,IFNA21,,,,,,,,,ENG,,,,,,,
,SIGLEC18P30,PTPRE,,,,,,,,,CXCL6,SLC24A5,RNASEH2B-IT69,,,,,FLT4,SERPINB9,SLC9C1,,,CEP89,SLC50A1,,TNFRSF4,,,,FKBP1GP,CD362,CDKN1C,,,CD136,,ZNF562,MAP2K164,PIK3R6,SERPINB97,MAPK8IP1,,ITGA2,,,HSPPF9,RARA,RABLL1,RABGEF1,MAPKKK156,,HSPCP66,,,,,,,HSPH153,RAB3GAP1,,CD209,SLC39A11,,ZNF207,,,ZNF207,,CXCL16,RABGEF1P79,,,,,,,,,,CD80,,IFNB1,,,,,,,,,EPHA2,,,,,,,
,SIGLEC18P31,PTPRR,,,,,,,,,CXCL15,SLC24A6,RNASEH2B-IT70,,,,,FLT3,SERPINB9,SLC9C1,,,CEP89,SLC51A,,DCST2,,,,FKBP1GQ,CD363,SLC47A5,,,CD137,,ZNF581B,MAP2K165,PIK3C1,SERPINB98,MAPK8IP2,,ITGA3,,,HSPPG1,RARB,RABLL1,RABGEF1,MAPKKK157,,HSPCP67,,,,,,,HSPH154,SLC25A39,,CD249,SLC39A4,,UQCRC1,,,UQCRC1,,CXCL17,RABGEF1P80,,,,,,,,,,CD83,,IFND,,,,,,,,,EPHA4,,,,,,,
,SIGLEC18P32,PTPRA,,,,,,,,,CXCL16,SLC25A1,RNASEH2B-IT71,,,,,KIT,SERPINB9,SLC9C1,,,CEP89,SLC51B,,C1orf170,,,,FKBP1GR,CD370,ZWILCH,,,CD137L,,ZNF610C,MAP2K166,PIK3CA,SERPINB99,MAPK8IP3,,ITGA4,,,HSPPG2,RARG,RABLL1,RABGEF1,MAPKKK158,,HSPCP68,,,,,,,HSPH155,RAB3GAP1,,CD252,SLC39A14,,STARD3NL,,,STARD3NL,,CXCR1,RABGEF1P81,,,,,,,,,,CD90,,IFNE,,,,,,,,,EPHB4,,,,,,,
,SIGLEC18P33,PTPRB,,,,,,,,,CXCL9,SLC25A10,RNASEH2B-IT72,,,,,CSF1R,SERPINB9,SLC9C1,,,CEP89,SLC52A3,,HES4,,,,FKBP1GS,CD382,CACNG3,,,CD138,,ZNF561,MAP2K167,PIK3CB,SERPINB100,MAPK8IP,,ITGA5,,,HSPPG3,RARS,RABLL1,RABGEF1,MAPKKK159,,HSPCP69,,,,,,,HSPH156,SLC25A39,,CD300E,SLC39A5,,CD9,,,CD9,,CXCR2,RABGEF1P82,,,,,,,,,,CD93,,IFNG,,,,,,,,,EREG,,,,,,,
,SIGLEC18P34,PTPRC,,,,,,,,,CXCL11,SLC25A11,RNASEH2B-IT73,,,,,NTRK1,SERPINB9,SLC9C1,,,CEP89,SLC52A2,,ISG15,,,,FKBP1GT,CD9,CDKN2A,,,CD139,,ZNF580B,MAP2K168,PIK3R4,,MAPK9IP,,ITGA6,,,HSPPG4,RARS2,RABLL1,RABGEF1,MAPKKK160,,HSPCP70,,,,,,,HSPH157,RAB3GAP1,,CD300LB,SLC39A7,,HHATL,,,HHATL,,CXCR3,RABGEF1P83,,,,,,,,,,CD95,,IFNW1,,,,,,,,,ESM1,,,,,,,
,SIGLEC18P35,PTPRD,,,,,,,,,CXCL13,SLC25A12,RNASEH2B-IT74,,,,,NTRK2,SERPINB9,SLC9C1,,,CEP89,SLC52A1,,TNFRSF23,,,,FKBP1GU,CD97,SLC48A1,,,CD140A,,ZNF609C,MAP2K169,PIKFYVE,,MAPKAP1,,ITGA7,,,HSPPG5,RASA1,RABLL1,RABGEF1,MAPKKK161,,HSPCP71,,,,,,,HSPH158,SLC25A39,,CD300C,SLC39A3,,NCAPD2,,,NCAPD2,,CXCR4,RABGEF1P84,,,,,,,,,,CD97,,IFNK,,,,,,,,,F3,,,,,,,
,SIGLEC18P36,PTPRE,,,,,,,,,CXCL14,SLC25A14,RNASEH2B-IT75,,,,,NTRK3,SERPINB9,SLC9C1,,,CEP89,SLC5A11,,OAZ1,,,,FKBP1GV,CD102,ZWINT,,,CD140B,,ZNF560,MAP2K170,MTOR,,MAPKAP2,,ITGA8,,,HSPPG6,RASA2,RABLL1,RABGEF1,MAPKKK162,,HSPCP72,,,,,,,HSPH159,RAB3GAP1,,CD300SD,SLC39A13,,IFFO1,,,IFFO1,,CXCR5,RABGEF1P85,,,,,,,,,,CD98,,IFIT1,,,,,,,,,FCGR2A,,,,,,,
,SIGLEC18P37,PTPRF,,,,,,,,,CXCL17,SLC25A15,RNASEH2B-IT76,,,,,NGFR,SERPINB9,SLC9C1,,,CEP89,SLC5A10,,RNF223,,,,FKBP1GW,CD200,CACNG4,,,CD141,,ZNF579B,MAP2K171,RPTOR,,MAPKAP3,,ITGA9,,,HSPPG7,RASA3,RABLL1,RABGEF1,MAPKKK163,,HSPCP73,,,,,,,HSPH160,SLC25A39,,CD300A,SLC39A9,,GIPR,,,GIPR,,CXCR6,RABGEF1P86,,,,,,,,,,CD100,,IFIT2,,,,,,,,,FCGR2B,,,,,,,
,SIGLEC18P38,PTPRG,,,,,,,,,CXCL1,SLC25A16,RNASEH2B-IT77,,,,,RET,SERPINB9,SLC9C1,,,CEP89,SLC5A1,,REM1,,,,FKBP1GX,CD200R1,CDKN2B,,,CD142,,ZNF608C,MAP2K172,MLST8,,MAPKAP4,,ITGA10,,,HSPPG8,RASA4,RABLL1,RABGEF1,MAPKKK164,,HSPCP74,,,,,,,HSPH161,RAB3GAP1,,CD300F,SLC39A2,,PHF7,,,PHF7,,CX3CL1,RABGEF1P87,,,,,,,,,,CD101,,IFIT3,,,,,,,,,FCGR3A,,,,,,,
,SIGLEC18P39,PTPRH,,,,,,,,,CXCL5,SLC25A17,RNASEH2B-IT78,,,,,ROS1,SERPINB9,SLC9C1,,,CEP89,SLC5A9,,LRRC47,,,,FKBP1GY,CD200R1L,SLC49A1,,,CD143,,ZNF559,MAP2K173,AKT1S1,,MAPKAPK1,,ITGA11,,,HSPPG9,RASA4B,RABLL1,RABGEF1,MAPKKK165,,HSPCP75,,,,,,,HSPH162,SLC25A39,,CD300LG,SLC39A8,,SEMA3G,,,SEMA3G,,,RABGEF1P88,,,,,,,,,,CD103,,IFITM1,,,,,,,,,FGFR1,,,,,,,
,SIGLEC18P40,PTPRJ,,,,,,,,,CXCL6,SLC25A18,RNASEH2B-IT79,,,,,ALK,SERPINB9,SLC9C1,,,CEP89,SLC5A8,,PRDM16,,,,FKBP1GZ,CD200R2,ZSCAN22,,,CD146,,ZNF578B,MAP2K174,AKT1,,MAPKAPK1L,,ITGAD,,,,RASA4B-AS1,RABLL1,RABGEF1,MAPKKK166,,HSPCP76,,,,,,,HSPH163,RAB3GAP1,,CD300H,SLC39A1,,NISCH,,,NISCH,,,RABGEF1P89,,,,,,,,,,CD104,,IFITM2,,,,,,,,,FGFR2,,,,,,,
,SIGLEC18P41,PTPRK,,,,,,,,,CXCL15,SLC25A19,RNASEH2B-IT80,,,,,NPR1,SERPINB9,SLC9C1,,,CEP89,SLC5A7,,PLEKHM1,,,,FKBP1HA,CD207,CACNG5,,,CD147,,ZNF607C,MAP2K175,AKT2,,MAPKAPK2,,ITGAE,,,,RASA4B-AS2,RABLL1,RABGEF1,MAPKKK167,,HSPCP77,,,,,,,HSPH164,SLC25A39,,CD300KB,SLC39A1,,STAB1,,,STAB1,,,RABGEF1P90,,,,,,,,,,CD107a,,IFITM3,,,,,,,,,FGFR3,,,,,,,
,SIGLEC18P42,PTPRL,,,,,,,,,CXCL16,SLC25A2,RNASEH2B-IT81,,,,,NPR2,SERPINB9,SLC9C1,,,CEP89,SLC5A6,,,,,,FKBP1HB,CD209,CDKN2C,,,CD148,,ZNF558,MAP2K176,AKT3,,MAPKAPK3,,ITGAL,,,,RASAL1,RABLL1,RABGEF1,MAPKKK168,,HSPCP78,,,,,,,HSPH165,RAB3GAP1,,CD300LF,SLC39A15,,FUZ,,,FUZ,,,RABGEF1P91,,,,,,,,,,CD107b,,IFITM4,,,,,,,,,FLT1,,,,,,,
,SIGLEC18P43,PTPRM,,,,,,,,,CXCL9,SLC25A20,RNASEH2B-IT82,,,,,NPR3,SERPINB9,SLC9C1,,,CEP89,SLC5A5,,,,,,FKBP1HC,CD210,SLC4A10,,,CD154,,ZNF577B,MAP2K177,PDPK1,,MAPKAPK5,,ITGAM,,,,RASAL2,RABLL1,RABGEF1,MAPKKK169,,HSPCP79,,,,,,,HSPH166,SLC25A39,,CD300N,SLC39A6,,SLC6A13,,,SLC6A13,,,RABGEF1P92,,,,,,,,,,CD108,,IFITM5,,,,,,,,,FLT4,,,,,,,
,SIGLEC18P44,PTPN3,,,,,,,,,CXCL11,SLC25A21,RNASEH2B-IT83,,,,,GHR,SERPINB9,SLC9C1,,,CEP89,SLC5A4,,,,,,FKBP1HD,CD213A1,ZSCAN21,,,CD155,,ZNF606C,MAP2K178,PDK1,,MAPKBP1,,ITGAV,,,,RASAL2-AS1,RABLL1,RABGEF1,MAPKKK170,,HSPCP80,,,,,,,HSPH167,RAB3GAP1,,CD300S,SLC39A12,,PRSS3,,,PRSS3,,,RABGEF1P93,,,,,,,,,,CD109,,IFI44,,,,,,,,,FN1,,,,,,,
,SIGLEC18P45,PTPN4,,,,,,,,,CXCL13,SLC25A22,RNASEH2B-IT84,,,,,PRLR,SERPINB9,SLC9C1,,,CEP89,SLC5A3,,,,,,FKBP1HE,CD213A2,CACNG6,,,CD156A,,ZNF557,MAP2K179,SGK1,,MAP2K1,,ITGAX,,,,RASAL2-AS2,RABLL1,RABGEF1,MAPKKK171,,HSPCP81,,,,,,,HSPH168,SLC25A39,,,SLC39A10,,ZNF200,,,ZNF200,,,RABGEF1P94,,,,,,,,,,CD114,,IFI44L,,,,,,,,,FOS,,,,,,,
,SIGLEC18P46,PTPN6,,,,,,,,,CXCL14,SLC25A23,RNASEH2B-IT85,,,,,LEPR,SERPINB9,SLC9C1,,,CEP89,SLC5A2,,,,,,FKBP1HF,CD284,CDKN2D,,,CD156B,,ZNF576B,MAP2K180,SGK2,,MAP2K2,,ITGB1,,,,RASD1,RABLL1,RABGEF1,MAPKKK172,,HSPCP82,,,,,,,HSPH169,RAB3GAP1,,,SLC39A11,,CD4,,,CD4,,,RABGEF1P95,,,,,,,,,,CD115,,IFIH1,,,,,,,,,FOSB,,,,,,,
,SIGLEC18P47,PTPN7,,,,,,,,,CXCL17,SLC25A24,RNASEH2B-IT86,,,,,SCFR,SERPINB9,SLC9C1,,,CEP89,SLC6A18,,,,,,FKBP1HG,CD289,SLC4A11,,,CD156C,,ZNF605C,MAP2K181,SGK3,,MAP2K3,,ITGB2,,,,RASD2,RABLL1,RABGEF1,MAPKKK173,,HSPCP83,,,,,,,HSPH170,SLC25A39,,,SLC39A4,,LRRC23,,,LRRC23,,,RABGEF1P96,,,,,,,,,,CD116,,IFIH6,,,,,,,,,GJA1,,,,,,,
,SIGLEC18P48,PTPN9,,,,,,,,,CXCL1,SLC25A25,RNASEH2B-IT87,,,,,TEK,SERPINB9,SLC9C1,,,CEP89,SLC6A17,,,,,,FKBP1HH,CD312,ZSCAN23,,,CD162,,ZNF556,MAP2K182,NDR1,,MAP2K4,,ITGB3,,,,RASEF,RABLL1,RABGEF1,MAPKKK174,,HSPCP84,,,,,,,HSPH171,RAB3GAP1,,,SLC39A14,,HFE,,,HFE,,,RABGEF1P97,,,,,,,,,,CD117,,DDX58,,,,,,,,,HGF,,,,,,,
,SIGLEC18P49,PTPN11,,,,,,,,,CXCL5,SLC25A26,RNASEH2B-IT88,,,,,TIE1,SERPINB9,SLC9C1,,,CEP89,SLC6A16,,,,,,FKBP1HI,CD319,CACNG7,,,CD163,,ZNF575B,MAP2K183,NDR2,,MAP2K5,,ITGB4,,,,RASEF-AS1,RABLL1,RABGEF1,MAPKKK175,,HSPCP85,,,,,,,HSPH172,SLC25A39,,,SLC39A5,,SCMH1,,,SCMH1,,,RABGEF1P98,,,,,,,,,,CD118,,MAVS,,,,,,,,,HIF1A,,,,,,,
,SIGLEC18P50,PTPN12,,,,,,,,,CXCL6,SLC25A27,RNASEH2B-IT89,,,,,VEGFR3,SERPINB9,SLC9C1,,,CEP89,SLC6A15,,,,,,FKBP1HJ,CD320,CDKN2AIP,,,CD164,,ZNF604C,MAP2K184,PRKCA,,MAP2K6,,ITGB5,,,,RASGEF1A,RABLL1,RABGEF1,MAPKKK176,,HSPCP86,,,,,,,HSPH173,RAB3GAP1,,,SLC39A7,,FYN,,,FYN,,,RABGEF1P99,,,,,,,,,,CD119,,DHX58,,,,,,,,,HPSE,,,,,,,
,SIGLEC18P51,PTPN13,,,,,,,,,CXCL15,SLC25A28,RNASEH2B-IT90,,,,,LTK,SERPINB9,SLC9C1,,,CEP89,SLC6A14,,,,,,FKBP1HK,CD321,SLC4A1AP,,,CD166,,ZNF555,MAP2K185,PRKCB,,MAP2K7,,ITGB6,,,,RASGEF1B,RABLL1,RABGEF1,MAPKKK177,,HSPCP87,,,,,,,HSPH174,SLC25A39,,,SLC39A3,,HIVEP2,,,HIVEP2,,,RABGEF1P100,,,,,,,,,,CD120a,,DDX60,,,,,,,,,ICAM1,,,,,,,
,SIGLEC18P52,PTPN14,,,,,,,,,CXCL16,SLC25A29,RNASEH2B-IT91,,,,,ROR1,SERPINB9,SLC9C1,,,CEP89,SLC6A13,,,,,,FKBP1HL,CD328,ZSCAN29,,,CD168,,ZNF574B,MAP2K186,PRKCD,,MAP2K8,,ITGB7,,,,RASGEF1C,RABLL1,RABGEF1,MAPKKK178,,HSPCP88,,,,,,,HSPH175,RAB3GAP1,,,SLC39A13,,FMO1,,,FMO1,,,RABGEF1P101,,,,,,,,,,CD120b,,LGP2,,,,,,,,,ICAM2,,,,,,,
,SIGLEC18P53,PTPRQ,,,,,,,,,CXCL9,SLC25A3,RNASEH2B-IT92,,,,,ROR2,SERPINB9,SLC9C1,,,CEP89,SLC6A12,,,,,,FKBP1HM,CD33,CACNG8,,,CD169,,ZNF603C,MAP2K187,PRKCE,,MAP2K,,ITGB8,,,,RASGEF1C-AS1,RABLL1,RABGEF1,MAPKKK179,,HSPCP89,,,,,,,HSPH176,SLC25A39,,,SLC39A9,,ELOA,,,ELOA,,,RABGEF1P102,,,,,,,,,,CD121a,,RSAD2,,,,,,,,,ICAM4,,,,,,,
,SIGLEC18P54,PTPRR,,,,,,,,,CXCL11,SLC25A30,RNASEH2B-IT93,,,,,MUSK,SERPINB9,SLC9C1,,,CEP89,SLC6A11,,,,,,FKBP1HN,CD339,CDKN2BIP,,,CD171,,ZNF554,MAP2K188,PRKCG,,,,ITGBL1,,,,RASGRF1,RABLL1,RABGEF1,MAPKKK180,,HSPCP90,,,,,,,HSPH177,RAB3GAP1,,,SLC39A2,,LYPLA2,,,LYPLA2,,,RABGEF1P103,,,,,,,,,,CD121b,,OAS1,,,,,,,,,ID1,,,,,,,
,SIGLEC18P55,PTPRS,,,,,,,,,CXCL13,SLC25A31,RNASEH2B-IT94,,,,,FGFR1,SERPINB9,SLC9C1,,,CEP89,SLC6A10,,,,,,FKBP1HO,CD349,SLC4A1E,,,CD172A,,ZNF573B,MAP2K189,PRKCH,,,,,,,,RASGRF2,RABLL1,RABGEF1,MAPKKK181,,HSPCP91,,,,,,,HSPH178,SLC25A39,,,SLC39A8,,CLCN6,,,CLCN6,,,RABGEF1P104,,,,,,,,,,CD122,,OAS2,,,,,,,,,IFNG,,,,,,,
,SIGLEC18P56,PTPRT,,,,,,,,,CXCL14,SLC25A32,RNASEH2B-IT95,,,,,FGFR2,SERPINB9,SLC9C1,,,CEP89,SLC6A1,,,,,,FKBP1HP,CD35,ZSCAN4,,,CD172B,,ZNF602C,MAP2K190,PRKCI,,,,,,,,RASIP1,RABLL1,RABGEF1,MAPKKK182,,HSPCP92,,,,,,,HSPH179,RAB3GAP1,,,SLC39A1,,MRC2,,,MRC2,,,RABGEF1P105,,,,,,,,,,CD123,,OAS3,,,,,,,,,IGF1,,,,,,,
,SIGLEC18P57,PTPRZ1,,,,,,,,,CXCL17,SLC25A33,RNASEH2B-IT96,,,,,FGFR3,SERPINB9,SLC9C1,,,CEP89,SLC6A9,,,,,,FKBP1HQ,CD354,CACHD1,,,CD172G,,ZNF553,MAP2K191,PRKCQ,,,,,,,,RASL10A,RABLL1,RABGEF1,MAPKKK183,,HSPCP93,,,,,,,HSPH180,SLC25A39,,,SLC39A1,,NME1-NME2,,,NME1-NME2,,,RABGEF1P106,,,,,,,,,,CD124,,MX1,,,,,,,,,IL10,,,,,,,
,SIGLEC18P58,,,,,,,,,,CXCL1,SLC25A34,RNASEH2B-IT97,,,,,FGFR4,SERPINB9,SLC9C1,,,CEP89,SLC6A8,,,,,,FKBP1HR,CD355,CDKN2DIP,,,CD174,,ZNF572B,MAP2K192,PRKCZ,,,,,,,,RASL10B,RABLL1,RABGEF1,MAPKKK184,,HSPCP94,,,,,,,HSPH181,RAB3GAP1,,,SLC39A15,,SLC6A7,,,SLC6A7,,,RABGEF1P107,,,,,,,,,,CD126,,MX2,,,,,,,,,IL15,,,,,,,
,SIGLEC18P59,,,,,,,,,,CXCL5,SLC25A35,RNASEH2B-IT98,,,,,EPHA1,SERPINB9,SLC9C1,,,CEP89,SLC6A7,,,,,,FKBP1HS,CD358,SLC4A2,,,CD175,,ZNF601C,MAP2K193,PRKD1,,,,,,,,RASL11A,RABLL1,RABGEF1,MAPKKK185,,HSPCP95,,,,,,,HSPH182,SLC25A39,,,SLC39A6,,TSPAN9,,,TSPAN9,,,RABGEF1P108,,,,,,,,,,CD127,,ISG15,,,,,,,,,IL17A,,,,,,,
,SIGLEC18P60,,,,,,,,,,CXCL6,SLC25A36,RNASEH2B-IT99,,,,,EPHA2,SERPINB9,SLC9C1,,,CEP89,SLC6A6,,,,,,FKBP1HT,CD366,ZSWIM9,,,CD175S,,ZNF552,MAP2K194,PRKD2,,,,,,,,RASL11B,RABLL1,RABGEF1,MAPKKK186,,HSPCP96,,,,,,,HSPH183,RAB3GAP1,,,SLC39A12,,BTBD7,,,BTBD7,,,RABGEF1P109,,,,,,,,,,CD130,,ISG20,,,,,,,,,IL17F,,,,,,,
,SIGLEC18P61,,,,,,,,,,CXCL15,SLC25A37,RNASEH2B-IT100,,,,,EPHA3,SERPINB9,SLC9C1,,,CEP89,SLC6A5,,,,,,FKBP1HU,CD37,CACHD1OS,,,CD176,,ZNF571B,MAP2K195,PRKD3,,,,,,,,RASL12,RABLL1,RABGEF1,MAPKKK187,,HSPCP97,,,,,,,HSPH184,SLC25A39,,,SLC39A10,,APBA3,,,APBA3,,,RABGEF1P110,,,,,,,,,,CD131,,ISG20L2,,,,,,,,,IL18,,,,,,,
,SIGLEC18P62,,,,,,,,,,CXCL16,SLC25A38,RNASEH2B-IT101,,,,,EPHA4,SERPINB9,SLC9C1,,,CEP89,SLC6A4,,,,,,FKBP1HV,CD371,CDKN2IP,,,CD177,,ZNF600C,MAP2K196,PRKX,,,,,,,,RASL2,RABLL1,RABGEF1,MAPKKK188,,HSPCP98,,,,,,,HSPH185,RAB3GAP1,,,SLC39A11,,MKS1,,,MKS1,,,RABGEF1P111,,,,,,,,,,CD132,,ISG20L2P,,,,,,,,,IL1A,,,,,,,
,SIGLEC18P63,,,,,,,,,,CXCL9,SLC25A39,RNASEH2B-IT102,,,,,EPHA5,SERPINB9,SLC9C1,,,CEP89,SLC6A3,,,,,,FKBP1HW,CD372,SLC4A3,,,CD179A,,ZNF551,MAP2K197,PRKY,,,,,,,,RASL2-AS1,RABLL1,RABGEF1,MAPKKK189,,HSPCP99,,,,,,,HSPH186,SLC25A39,,,SLC39A4,,ABHD5,,,ABHD5,,,RABGEF1P112,,,,,,,,,,CD134,,XAF1,,,,,,,,,IL1B,,,,,,,
,SIGLEC18P64,,,,,,,,,,CXCL11,SLC25A4,RNASEH2B-IT103,,,,,EPHA6,SERPINB9,SLC9C1,,,CEP89,SLC6A20,,,,,,FKBP1HX,CD373,ZSWIM8,,,CD179B,,ZNF570B,MAP2K198,PRKAA1,,,,,,,,RASL2-AS2,RABLL1,RABGEF1,MAPKKK190,,HSPCP100,,,,,,,HSPH187,RAB3GAP1,,,SLC39A14,,AKAP8L,,,AKAP8L,,,RABGEF1P113,,,,,,,,,,CD135,,PARP9,,,,,,,,,IL1R1,,,,,,,
,SIGLEC18P65,,,,,,,,,,CXCL13,SLC25A40,RNASEH2B-IT104,,,,,EPHA7,SERPINB9,SLC9C1,,,CEP89,SLC6A2,,,,,,FKBP1HY,CD374,CACHD2,,,CD180,,ZNF599C,MAP2K199,PRKAA2,,,,,,,,RASL2-AS3,RABLL1,RABGEF1,MAPKKK191,,,,,,,,,HSPH188,SLC25A39,,,SLC39A5,,MBTD1,,,MBTD1,,,RABGEF1P114,,,,,,,,,,CD136,,PARP12,,,,,,,,,IL1RN,,,,,,,
,SIGLEC18P66,,,,,,,,,,CXCL14,SLC25A41,RNASEH2B-IT105,,,,,EPHA8,SERPINB9,SLC9C1,,,CEP89,SLC6A19,,,,,,FKBP1HZ,CD375,CDKN3,,,CD182,,ZNF550,MAP2K200,PRKAB1,,,,,,,,RASL2-AS4,RABLL1,RABGEF1,MAPKKK192,,,,,,,,,HSPH189,RAB3GAP1,,,SLC39A7,,UTP18,,,UTP18,,,RABGEF1P115,,,,,,,,,,CD137,,PARP14,,,,,,,,,IL2,,,,,,,
,SIGLEC18P67,,,,,,,,,,CXCL17,SLC25A42,RNASEH2B-IT106,,,,,EPHA10,SERPINB9,SLC9C1,,,CEP89,SLC6A21,,,,,,FKBP1IA,CD377,SLC4A4,,,CD200,,ZNF569B,,PRKAB2,,,,,,,,RASL2-AS5,RABLL1,RABGEF1,MAPKKK193,,,,,,,,,HSPH190,SLC25A39,,,SLC39A3,,RNF216,,,RNF216,,,RABGEF1P116,,,,,,,,,,CD137L,,BST2,,,,,,,,,IL2RA,,,,,,,
,SIGLEC18P68,,,,,,,,,,CXCL1,SLC25A43,RNASEH2B-IT107,,,,,EPHB1,SERPINB9,SLC9C1,,,CEP89,SLC6A22,,,,,,FKBP1IB,CD39,ZSWIM7,,,CD200R1,,ZNF598C,,PRKAG1,,,,,,,,RASL2-AS6,RABLL1,RABGEF1,MAPKKK194,,,,,,,,,HSPH191,RAB3GAP1,,,SLC39A13,,TTC19,,,TTC19,,,RABGEF1P117,,,,,,,,,,CD138,,HERC5,,,,,,,,,IL4,,,,,,,
,SIGLEC18P69,,,,,,,,,,CXCL5,SLC25A44,RNASEH2B-IT108,,,,,EPHB2,SERPINB9,SLC9C1,,,CEP89,SLC6A1,,,,,,FKBP1IC,CD44,CACHD3,,,CD200R2,,ZNF549,,PRKAG2,,,,,,,,RASL2-AS7,RABLL1,RABGEF1,MAPKKK195,,,,,,,,,HSPH192,SLC25A39,,,SLC39A9,,PTBP1,,,PTBP1,,,RABGEF1P118,,,,,,,,,,CD139,,HERC6,,,,,,,,,IL6,,,,,,,
,SIGLEC18P70,,,,,,,,,,CXCL6,SLC25A45,RNASEH2B-IT109,,,,,EPHB3,SERPINB9,SLC9C1,,,CEP89,,,,,,,FKBP1ID,CD47,CDKNIP1,,,CD205,,ZNF568B,,PRKAG3,,,,,,,,RASL2-AS8,RABLL1,RABGEF1,MAPKKK196,,,,,,,,,HSPH193,RAB3GAP1,,,SLC39A2,,DPF1,,,DPF1,,,RABGEF1P119,,,,,,,,,,CD140a,,UBE2L6,,,,,,,,,IL6R,,,,,,,
,SIGLEC18P71,,,,,,,,,,CXCL15,SLC25A46,RNASEH2B-IT110,,,,,EPHB4,SERPINB9,SLC9C1,,,CEP89,,,,,,,FKBP1IE,CD55,SLC4A5,,,CD207,,ZNF597C,,PRKACB,,,,,,,,RASL2-AS9,RABLL1,RABGEF1,MAPKKK197,,,,,,,,,HSPH194,SLC25A39,,,SLC39A8,,SYT7,,,SYT7,,,RABGEF1P120,,,,,,,,,,CD140b,,UBE2L6P,,,,,,,,,IL8,,,,,,,
,SIGLEC18P72,,,,,,,,,,CXCL16,SLC25A47,RNASEH2B-IT111,,,,,EPHB6,SERPINB9,SLC9C1,,,CEP89,,,,,,,FKBP1IF,CD6,ZSWIM6,,,CD209,,ZNF548,,PRKACG,,,,,,,,RASP1,RABLL1,RABGEF1,MAPKKK198,,,,,,,,,HSPH195,RAB3GAP1,,,SLC39A1,,LARS2,,,LARS2,,,RABGEF1P121,,,,,,,,,,CD143,,UBE2L3,,,,,,,,,INSR,,,,,,,
,SIGLEC18P73,,,,,,,,,,CXCL9,SLC25A48,RNASEH2B-IT112,,,,,MERTK,SERPINB9,SLC9C1,,,CEP89,,,,,,,FKBP1IG,CD62P,CACNA1I,,,CD21,,ZNF567B,,PRKACA,,,,,,,,RASP2,RABLL1,RABGEF1,MAPKKK199,,,,,,,,,HSPH196,SLC25A39,,,SLC39A1,,PIK3C2A,,,PIK3C2A,,,RABGEF1P122,,,,,,,,,,CD152,,UBE2L8,,,,,,,,,ITGA1,,,,,,,
,SIGLEC18P74,,,,,,,,,,CXCL11,,RNASEH2B-IT113,,,,,TYRO3,SERPINB9,SLC9C1,,,CEP89,,,,,,,FKBP1IH,CD63,CDKNIP2,,,CD22,,ZNF596C,,PRKCD,,,,,,,,RAVER1,RABLL1,RABGEF1,MAPKKK200,,,,,,,,,HSPH197,RAB3GAP1,,,SLC39A15,,PLAUR,,,PLAUR,,,RABGEF1P123,,,,,,,,,,CD153,,UBA7,,,,,,,,,ITGA2,,,,,,,
,SIGLEC18P75,,,,,,,,,,CXCL13,,RNASEH2B-IT114,,,,,AXL,SERPINB9,SLC9C1,,,CEP89,,,,,,,FKBP1II,CD68,SLC4A7,,,CD23,,ZNF547,,PRKCH,,,,,,,,RAVER2,RABLL1,RABGEF1,,,,,,,,,,HSPH198,SLC25A39,,,SLC39A6,,ANLN,,,ANLN,,,RABGEF1P124,,,,,,,,,,CD154,,TRIM5,,,,,,,,,ITGA2B,,,,,,,
,SIGLEC18P76,,,,,,,,,,CXCL14,,RNASEH2B-IT115,,,,,DDR1,SERPINB9,SLC9C1,,,CEP89,,,,,,,FKBP1IJ,CD70,ZSWIM5,,,CD248,,ZNF566B,,PRKCI,,,,,,,,RAX,RABLL1,RABGEF1,,,,,,,,,,HSPH199,RAB3GAP1,,,SLC39A12,,WIZ,,,WIZ,,,RABGEF1P125,,,,,,,,,,CD164,,TRIM6,,,,,,,,,ITGA4,,,,,,,
,SIGLEC18P77,,,,,,,,,,CXCL17,,RNASEH2B-IT116,,,,,DDR2,SERPINB9,SLC9C1,,,CEP89,,,,,,,FKBP1IK,CD72,CACHD1,,,CD25,,ZNF595C,,PRKCQ,,,,,,,,RAX2,RABLL1,RABGEF1,,,,,,,,,,HSPH200,SLC25A39,,,SLC39A10,,RABGAP1,,,RABGAP1,,,RABGEF1P126,,,,,,,,,,CD171,,TRIM14,,,,,,,,,ITGA5,,,,,,,
,SIGLEC18P78,,,,,,,,,,CXCL1,,RNASEH2B-IT117,,,,,RYK,SERPINB9,SLC9C1,,,CEP89,,,,,,,FKBP1IL,CD74,CDK11B,,,CD26,,ZNF546,,PRKCZ,,,,,,,,RAX2-AS1,RABLL1,RABGEF1,,,,,,,,,,,RAB3GAP1,,,SLC39A11,,DCN,,,DCN,,,RABGEF1P127,,,,,,,,,,CD174,,TRIM16,,,,,,,,,ITGAV,,,,,,,
,SIGLEC18P79,,,,,,,,,,CXCL5,,RNASEH2B-IT118,,,,,PTK7,SERPINB9,SLC9C1,,,CEP89,,,,,,,FKBP1IM,CD79B,SLC4A8,,,CD261,,ZNF565B,,PRKD1,,,,,,,,RAX2-AS2,RABLL1,RABGEF1,,,,,,,,,,,SLC25A39,,,SLC39A4,,QPCTL,,,QPCTL,,,RABGEF1P128,,,,,,,,,,CD175,,TRIM19,,,,,,,,,ITGB1,,,,,,,
,SIGLEC18P80,,,,,,,,,,CXCL6,,RNASEH2B-IT119,,,,,MST1R,SERPINB9,SLC9C1,,,CEP89,,,,,,,FKBP1IN,CD79A,ZSWIM4,,,CD262,,ZNF594C,,PRKD2,,,,,,,,RBMXL1,RABLL1,RABGEF1,,,,,,,,,,,RAB3GAP1,,,SLC39A14,,PPP5C,,,PPP5C,,,RABGEF1P129,,,,,,,,,,CD175s,,TRIM21,,,,,,,,,ITGB3,,,,,,,
,SIGLEC18P81,,,,,,,,,,CXCL15,,RNASEH2B-IT120,,,,,MET,SERPINB9,SLC9C1,,,CEP89,,,,,,,FKBP1IO,CD82,CALCA,,,CD263,,ZNF545,,PRKD3,,,,,,,,RBMXL2,RABLL1,RABGEF1,,,,,,,,,,,SLC25A39,,,SLC39A5,,CEP68,,,CEP68,,,RABGEF1P130,,,,,,,,,,CD176,,TRIM22,,,,,,,,,ITGB5,,,,,,,
,SIGLEC18P82,,,,,,,,,,CXCL16,,RNASEH2B-IT121,,,,,HGFR,SERPINB9,SLC9C1,,,CEP89,,,,,,,FKBP1IP,CD83,CDK16,,,CD267,,ZNF564B,,PRKX,,,,,,,,RBMXL3,RABLL1,RABGEF1,,,,,,,,,,,RAB3GAP1,,,SLC39A7,,MAP4K3,,,MAP4K3,,,RABGEF1P131,,,,,,,,,,CD179a,,TRIM25,,,,,,,,,JAG1,,,,,,,
,SIGLEC18P83,,,,,,,,,,CXCL9,,RNASEH2B-IT122,,,,,ERBB1,SERPINB9,SLC9C1,,,CEP89,,,,,,,FKBP1IQ,CD93,SLC4A9,,,CD268,,ZNF593C,,PRKY,,,,,,,,RBMXL4,RABLL1,RABGEF1,,,,,,,,,,,SLC25A39,,,SLC39A3,,ZBTB32,,,ZBTB32,,,RABGEF1P132,,,,,,,,,,CD179b,,TRIM26,,,,,,,,,JAG2,,,,,,,
,SIGLEC18P84,,,,,,,,,,CXCL11,,RNASEH2B-IT123,,,,,ERBB2,SERPINB9,SLC9C1,,,CEP89,,,,,,,FKBP1IR,CD151,ZSWIM3,,,CD269,,ZNF544,,,,,,,,,,RBMXL4-AS1,RABLL1,RABGEF1,,,,,,,,,,,RAB3GAP1,,,SLC39A13,,TYROBP,,,TYROBP,,,RABGEF1P133,,,,,,,,,,CD181,,TRIM38,,,,,,,,,KDR,,,,,,,
,SIGLEC18P85,,,,,,,,,,CXCL13,,RNASEH2B-IT124,,,,,ERBB3,SERPINB9,SLC9C1,,,CEP89,,,,,,,FKBP1IS,CD248,CALCB,,,CD270,,ZNF563B,,,,,,,,,,RBMXL4-AS2,RABLL1,RABGEF1,,,,,,,,,,,SLC25A39,,,SLC39A9,,TMEM159,,,TMEM159,,,RABGEF1P134,,,,,,,,,,CD182,,TRIM44,,,,,,,,,KIT,,,,,,,
,SIGLEC18P86,,,,,,,,,,CXCL14,,RNASEH2B-IT125,,,,,ERBB4,SERPINB9,SLC9C1,,,CEP89,,,,,,,FKBP1IT,CD276,CDK19,,,CD271,,ZNF592C,,,,,,,,,,RBMXN,RABLL1,RABGEF1,,,,,,,,,,,RAB3GAP1,,,SLC39A2,,BRCA1,,,BRCA1,,,RABGEF1P135,,,,,,,,,,CD183,,TRIM56,,,,,,,,,LEP,,,,,,,
,SIGLEC18P87,,,,,,,,,,CXCL17,,RNASEH2B-IT126,,,,,INSR,SERPINB9,SLC9C1,,,CEP89,,,,,,,FKBP1IU,CD302,SLC50A1,,,CD272,,ZNF543,,,,,,,,,,RBPJ,RABLL1,RABGEF1,,,,,,,,,,,SLC25A39,,,SLC39A8,,ERCC1,,,ERCC1,,,RABGEF1P136,,,,,,,,,,CD184,,TRIM59,,,,,,,,,LGALS3,,,,,,,
,SIGLEC18P88,,,,,,,,,,CXCL1,,RNASEH2B-IT127,,,,,IGF1R,SERPINB9,SLC9C1,,,CEP89,,,,,,,FKBP1IV,CD31,ZSWIM2,,,CD273,,ZNF562B,,,,,,,,,,RBPJL,RABLL1,RABGEF1,,,,,,,,,,,RAB3GAP1,,,SLC39A1,,CD22,,,CD22,,,RABGEF1P137,,,,,,,,,,CD192,,TRIM69,,,,,,,,,LGALS9,,,,,,,
,SIGLEC18P89,,,,,,,,,,CXCL5,,RNASEH2B-IT128,,,,,IGF1R,SERPINB9,SLC9C1,,,CEP89,,,,,,,FKBP1IW,CD315,CALCR,,,CD274,,ZNF591C,,,,,,,,,,RBPMS,RABLL1,RABGEF1,,,,,,,,,,,SLC25A39,,,SLC39A1,,SEMA3B,,,SEMA3B,,,RABGEF1P138,,,,,,,,,,CD194,,TRIML2,,,,,,,,,LIF,,,,,,,
,SIGLEC18P90,,,,,,,,,,CXCL6,,RNASEH2B-IT129,,,,,INSRR,SERPINB9,SLC9C1,,,CEP89,,,,,,,FKBP1IX,CD316,CDK20,,,CD275,,ZNF542,,,,,,,,,,RBPMS2,RABLL1,RABGEF1,,,,,,,,,,,RAB3GAP1,,,SLC39A15,,LTF,,,LTF,,,RABGEF1P139,,,,,,,,,,CD195,,TRIML1,,,,,,,,,LPAR1,,,,,,,
,SIGLEC18P91,,,,,,,,,,CXCL15,,RNASEH2B-IT130,,,,,PDGFRA,SERPINB9,SLC9C1,,,CEP89,,,,,,,FKBP1IY,CD32,SLC50A1-AS1,,,CD276,,ZNF561B,,,,,,,,,,RBPMS2-AS1,RABLL1,RABGEF1,,,,,,,,,,,SLC25A39,,,SLC39A6,,EXTL3,,,EXTL3,,,RABGEF1P140,,,,,,,,,,CD196,,TRIML2P,,,,,,,,,LTB4R2,,,,,,,
,SIGLEC18P92,,,,,,,,,,CXCL16,,RNASEH2B-IT131,,,,,PDGFRB,SERPINB9,SLC9C1,,,CEP89,,,,,,,FKBP1IZ,CD326,ZSWIM1,,,CD277,,ZNF590C,,,,,,,,,,RBPMS2-AS2,RABLL1,RABGEF1,,,,,,,,,,,RAB3GAP1,,,SLC39A12,,NR1H4,,,NR1H4,,,RABGEF1P141,,,,,,,,,,CD197,,TRIML1P,,,,,,,,,LTB5R,,,,,,,
,SIGLEC18P93,,,,,,,,,,CXCL9,,RNASEH2B-IT132,,,,,FLT1,SERPINB9,SLC9C1,,,CEP89,,,,,,,FKBP1JA,CD332,CALCRL,,,CD278,,ZNF541,,,,,,,,,,RBPMS2-AS3,RABLL1,RABGEF1,,,,,,,,,,,SLC25A39,,,SLC39A10,,ELOVL5,,,ELOVL5,,,RABGEF1P142,,,,,,,,,,CD208,,TRIML2P2,,,,,,,,,LTBR,,,,,,,
,SIGLEC18P94,,,,,,,,,,CXCL11,,RNASEH2B-IT133,,,,,FLT4,SERPINB9,SLC9C1,,,CEP89,,,,,,,FKBP1JB,CD34,CDK4,,,CD279,,ZNF560B,,,,,,,,,,RBPMS2-AS4,RABLL1,RABGEF1,,,,,,,,,,,RAB3GAP1,,,SLC39A11,,ALOX5,,,ALOX5,,,RABGEF1P143,,,,,,,,,,CD210,,TRIML1P2,,,,,,,,,LYVE1,,,,,,,
,SIGLEC18P95,,,,,,,,,,CXCL13,,RNASEH2B-IT134,,,,,FLT3,SERPINB9,SLC9C1,,,CEP89,,,,,,,FKBP1JC,CD351,SLC51A,,,CD280,,ZNF589C,,,,,,,,,,RBPMS2-AS5,RABLL1,RABGEF1,,,,,,,,,,,SLC25A39,,,SLC39A4,,CALCOCO1,,,CALCOCO1,,,RABGEF1P144,,,,,,,,,,CD212,,TRIML2P3,,,,,,,,,MAdCAM1,,,,,,,
,SIGLEC18P96,,,,,,,,,,CXCL14,,RNASEH2B-IT135,,,,,KIT,SERPINB9,SLC9C1,,,CEP89,,,,,,,FKBP1JD,CD364,ZYG11B,,,CD281,,ZNF540,,,,,,,,,,RBPMS2-AS6,RABLL1,RABGEF1,,,,,,,,,,,RAB3GAP1,,,SLC39A14,,UBR7,,,UBR7,,,RABGEF1P145,,,,,,,,,,CD213a1,,TRIML1P3,,,,,,,,,MAPK1,,,,,,,
,SIGLEC18P97,,,,,,,,,,CXCL17,,RNASEH2B-IT136,,,,,CSF1R,SERPINB9,SLC9C1,,,CEP89,,,,,,,FKBP1JE,CD367,CALHM1,,,CD282,,ZNF559B,,,,,,,,,,RBPMS2-AS7,RABLL1,RABGEF1,,,,,,,,,,,SLC25A39,,,SLC39A5,,MAP4K5,,,MAP4K5,,,RABGEF1P146,,,,,,,,,,CD213a2,,TRIML2P4,,,,,,,,,MAPK14,,,,,,,
,SIGLEC18P98,,,,,,,,,,CXCL1,,RNASEH2B-IT137,,,,,NTRK1,SERPINB9,SLC9C1,,,CEP89,,,,,,,FKBP1JF,CD368,CDK5,,,CD283,,ZNF588C,,,,,,,,,,RBPMS2-AS8,RABLL1,RABGEF1,,,,,,,,,,,RAB3GAP1,,,SLC39A7,,EHD3,,,EHD3,,,RABGEF1P147,,,,,,,,,,CD215,,TRIML1P4,,,,,,,,,MAPK3,,,,,,,
,SIGLEC18P99,,,,,,,,,,CXCL5,,RNASEH2B-IT138,,,,,NTRK2,SERPINB9,SLC9C1,,,CEP89,,,,,,,FKBP1JG,CD369,SLC51B,,,CD284,,ZNF539,,,,,,,,,,RBPMS2-AS9,RABLL1,RABGEF1,,,,,,,,,,,SLC25A39,,,SLC39A3,,PSMC4,,,PSMC4,,,RABGEF1P148,,,,,,,,,,CD216,,TRIML2P5,,,,,,,,,MAPK8,,,,,,,
,SIGLEC18P100,,,,,,,,,,CXCL6,,RNASEH2B-IT139,,,,,NTRK3,SERPINB9,SLC9C1,,,CEP89,,,,,,,FKBP1JH,CD379,ZYG11A,,,CD286,,ZNF558B,,,,,,,,,,RCAN1,RABLL1,RABGEF1,,,,,,,,,,,RAB3GAP1,,,SLC39A13,,MAN2B2,,,MAN2B2,,,RABGEF1P149,,,,,,,,,,CD217,,TRIML1P5,,,,,,,,,MDK,,,,,,,
,SIGLEC18P101,,,,,,,,,,CXCL15,,RNASEH2B-IT140,,,,,NGFR,SERPINB9,SLC9C1,,,CEP89,,,,,,,FKBP1JI,CD380,CALHM2,,,CD287,,ZNF587C,,,,,,,,,,RCAN2,RABLL1,RABGEF1,,,,,,,,,,,SLC25A39,,,SLC39A9,,SLC7A14,,,SLC7A14,,,RABGEF1P150,,,,,,,,,,CD218a,,CXCL1,,,,,,,,,MERTK,,,,,,,
,SIGLEC18P102,,,,,,,,,,CXCL16,,RNASEH2B-IT141,,,,,RET,SERPINB9,SLC9C1,,,CEP89,,,,,,,FKBP1JJ,CD381,CDK6,,,CD288,,ZNF538,,,,,,,,,,RCAN3,RABLL1,RABGEF1,,,,,,,,,,,RAB3GAP1,,,SLC39A2,,CLDN11,,,CLDN11,,,RABGEF1P151,,,,,,,,,,CD218b,,CXCL2,,,,,,,,,MMP1,,,,,,,
,SIGLEC18P103,,,,,,,,,,CXCL9,,RNASEH2B-IT142,,,,,ROS1,SERPINB9,SLC9C1,,,CEP89,,,,,,,FKBP1JK,CD4,SLC51B-AS1,,,CD289,,ZNF557B,,,,,,,,,,RCC1,RABLL1,RABGEF1,,,,,,,,,,,SLC25A39,,,SLC39A8,,SLC25A39,,,SLC25A39,,,RABGEF1P152,,,,,,,,,,CD219,,CXCL3,,,,,,,,,MMP10,,,,,,,
,SIGLEC18P104,,,,,,,,,,CXCL11,,RNASEH2B-IT143,,,,,ALK,SERPINB9,SLC9C1,,,CEP89,,,,,,,FKBP1JL,CD43,ZWILCH,,,CD294,,ZNF586C,,,,,,,,,,RCCD1,RABLL1,RABGEF1,,,,,,,,,,,RAB3GAP1,,,SLC39A1,,MVP,,,MVP,,,RABGEF1P153,,,,,,,,,,CD220,,CXCL5,,,,,,,,,MMP12,,,,,,,
,SIGLEC18P105,,,,,,,,,,CXCL13,,RNASEH2B-IT144,,,,,NPR1,SERPINB9,SLC9C1,,,CEP89,,,,,,,FKBP1JM,CD45,CALHM3,,,CD295,,ZNF537,,,,,,,,,,RCCD1-AS1,RABLL1,RABGEF1,,,,,,,,,,,SLC25A39,,,SLC39A1,,NUB1,,,NUB1,,,RABGEF1P154,,,,,,,,,,CD221,,CXCL6,,,,,,,,,MMP13,,,,,,,
,SIGLEC18P106,,,,,,,,,,CXCL14,,RNASEH2B-IT145,,,,,NPR2,SERPINB9,SLC9C1,,,CEP89,,,,,,,FKBP1JN,CD46,CDK7,,,CD296,,ZNF556B,,,,,,,,,,RCCD1-AS2,RABLL1,RABGEF1,,,,,,,,,,,RAB3GAP1,,,SLC39A15,,PGM3,,,PGM3,,,RABGEF1P155,,,,,,,,,,CD225,,CXCL8,,,,,,,,,MMP2,,,,,,,
,SIGLEC18P107,,,,,,,,,,CXCL17,,RNASEH2B-IT146,,,,,NPR3,SERPINB9,SLC9C1,,,CEP89,,,,,,,FKBP1JO,CD5,SLC51P1,,,CD297,,ZNF585C,,,,,,,,,,RCCD1-AS3,RABLL1,RABGEF1,,,,,,,,,,,SLC25A39,,,SLC39A6,,RWDD2A,,,RWDD2A,,,RABGEF1P156,,,,,,,,,,CD228,,CXCL9,,,,,,,,,MMP3,,,,,,,
,SIGLEC18P108,,,,,,,,,,CXCL1,,RNASEH2B-IT147,,,,,GHR,SERPINB9,SLC9C1,,,CEP89,,,,,,,FKBP1JP,CD50,ZWINT,,,CD298,,ZNF536,,,,,,,,,,RCCD1-AS4,RABLL1,RABGEF1,,,,,,,,,,,RAB3GAP1,,,SLC39A12,,CLK1,,,CLK1,,,RABGEF1P157,,,,,,,,,,CD230,,CXCL10,,,,,,,,,MMP9,,,,,,,
,SIGLEC18P109,,,,,,,,,,CXCL5,,RNASEH2B-IT148,,,,,PRLR,SERPINB9,SLC9C1,,,CEP89,,,,,,,FKBP1JQ,CD52,CALHM4,,,CD299,,ZNF555B,,,,,,,,,,RCCD1-AS5,RABLL1,RABGEF1,,,,,,,,,,,SLC25A39,,,SLC39A10,,POLR3B,,,POLR3B,,,RABGEF1P158,,,,,,,,,,CD232,,CXCL11,,,,,,,,,MPO,,,,,,,
,SIGLEC18P110,,,,,,,,,,CXCL6,,RNASEH2B-IT149,,,,,LEPR,SERPINB9,SLC9C1,,,CEP89,,,,,,,FKBP1JR,CD62E,CDK8,,,CD302,,ZNF584C,,,,,,,,,,RCCD1-AS6,RABLL1,RABGEF1,,,,,,,,,,,RAB3GAP1,,,SLC39A11,,ANGEL1,,,ANGEL1,,,RABGEF1P159,,,,,,,,,,CD234,,CXCL12,,,,,,,,,MSN,,,,,,,
,SIGLEC18P111,,,,,,,,,,CXCL15,,RNASEH2B-IT150,,,,,SCFR,SERPINB9,SLC9C1,,,CEP89,,,,,,,FKBP1JS,CD62L,SLC5A1,,,CD303,,ZNF535,,,,,,,,,,RCCD1-AS7,RABLL1,RABGEF1,,,,,,,,,,,SLC25A39,,,SLC39A4,,RNF14,,,RNF14,,,RABGEF1P160,,,,,,,,,,CD235a,,CXCL13,,,,,,,,,MUC1,,,,,,,
,SIGLEC18P112,,,,,,,,,,CXCL16,,RNASEH2B-IT151,,,,,TEK,SERPINB9,SLC9C1,,,CEP89,,,,,,,FKBP1JT,CD64,ZSCAN21,,,CD304,,ZNF554B,,,,,,,,,,RCCD1-AS8,RABLL1,RABGEF1,,,,,,,,,,,RAB3GAP1,,,SLC39A14,,DDX11,,,DDX11,,,RABGEF1P161,,,,,,,,,,CD235b,,CXCL14,,,,,,,,,MYC,,,,,,,
,SIGLEC18P113,,,,,,,,,,CXCL9,,RNASEH2B-IT152,,,,,TIE1,SERPINB9,SLC9C1,,,CEP89,,,,,,,FKBP1JU,CD69,CALHM5,,,CD305,,ZNF583C,,,,,,,,,,RCHY1,RABLL1,RABGEF1,,,,,,,,,,,SLC25A39,,,SLC39A5,,HEBP1,,,HEBP1,,,RABGEF1P162,,,,,,,,,,CD236R,,CXCL16,,,,,,,,,NCAM1,,,,,,,
,SIGLEC18P114,,,,,,,,,,CXCL11,,RNASEH2B-IT153,,,,,VEGFR3,SERPINB9,SLC9C1,,,CEP89,,,,,,,FKBP1JV,CD7,CDK9,,,CD306,,ZNF534,,,,,,,,,,RCL1,RABLL1,RABGEF1,,,,,,,,,,,RAB3GAP1,,,SLC39A7,,GPRC5A,,,GPRC5A,,,RABGEF1P163,,,,,,,,,,CD238,,CXCL17,,,,,,,,,NFKB1,,,,,,,
,SIGLEC18P115,,,,,,,,,,CXCL13,,RNASEH2B-IT154,,,,,LTK,SERPINB9,SLC9C1,,,CEP89,,,,,,,FKBP1JW,CD75,SLC5A10,,,CD307,,ZNF553B,,,,,,,,,,RCL1-AS1,RABLL1,RABGEF1,,,,,,,,,,,SLC25A39,,,SLC39A3,,CD6,,,CD6,,,RABGEF1P164,,,,,,,,,,CD239,,CX3CL1,,,,,,,,,NFKB2,,,,,,,
,SIGLEC18P116,,,,,,,,,,CXCL14,,RNASEH2B-IT155,,,,,ROR1,SERPINB9,SLC9C1,,,CEP89,,,,,,,FKBP1JX,CD79,ZSCAN22,,,CD309,,ZNF582C,,,,,,,,,,RCL1-AS2,RABLL1,RABGEF1,,,,,,,,,,,RAB3GAP1,,,SLC39A13,,TACC3,,,TACC3,,,RABGEF1P165,,,,,,,,,,CD240a,,CCL1,,,,,,,,,NGF,,,,,,,
,SIGLEC18P117,,,,,,,,,,CXCL17,,RNASEH2B-IT156,,,,,ROR2,SERPINB9,SLC9C1,,,CEP89,,,,,,,FKBP1JY,CD8A,CALR,,,CD312,,ZNF533,,,,,,,,,,RCL1-AS3,RABLL1,RABGEF1,,,,,,,,,,,SLC25A39,,,SLC39A9,,UFL1,,,UFL1,,,RABGEF1P166,,,,,,,,,,CD240b,,CCL2,,,,,,,,,NKG2D,,,,,,,
,SIGLEC18P118,,,,,,,,,,CXCL1,,RNASEH2B-IT157,,,,,MUSK,SERPINB9,SLC9C1,,,CEP89,,,,,,,FKBP1JZ,CD8B,CDKL1,,,CD313,,ZNF552B,,,,,,,,,,RCL1-AS4,RABLL1,RABGEF1,,,,,,,,,,,RAB3GAP1,,,SLC39A2,,POLA2,,,POLA2,,,RABGEF1P167,,,,,,,,,,CD242,,CCL3,,,,,,,,,NOTCH1,,,,,,,
,SIGLEC18P119,,,,,,,,,,CXCL5,,RNASEH2B-IT158,,,,,FGFR1,SERPINB9,SLC9C1,,,CEP89,,,,,,,FKBP1KA,CD90,SLC5A11,,,CD315,,ZNF581C,,,,,,,,,,RCL1-AS5,RABLL1,RABGEF1,,,,,,,,,,,SLC25A39,,,SLC39A8,,ZC3H3,,,ZC3H3,,,RABGEF1P168,,,,,,,,,,CD243,,CCL4,,,,,,,,,NOTCH2,,,,,,,
,SIGLEC18P120,,,,,,,,,,CXCL6,,RNASEH2B-IT159,,,,,FGFR2,SERPINB9,SLC9C1,,,CEP89,,,,,,,FKBP1KB,CD95,ZSCAN23,,,CD316,,ZNF532,,,,,,,,,,RCL1-AS6,RABLL1,RABGEF1,,,,,,,,,,,RAB3GAP1,,,SLC39A1,,CAPN1,,,CAPN1,,,RABGEF1P169,,,,,,,,,,CD246,,CCL5,,,,,,,,,NRP1,,,,,,,
,SIGLEC18P121,,,,,,,,,,CXCL15,,RNASEH2B-IT160,,,,,FGFR3,SERPINB9,SLC9C1,,,CEP89,,,,,,,FKBP1KC,CD101,CALU,,,CD317,,ZNF551B,,,,,,,,,,RCL1-AS7,RABLL1,RABGEF1,,,,,,,,,,,SLC25A39,,,SLC39A1,,ACP3,,,ACP3,,,RABGEF1P170,,,,,,,,,,CD248,,CCL7,,,,,,,,,NRP2,,,,,,,
,SIGLEC18P122,,,,,,,,,,CXCL16,,RNASEH2B-IT161,,,,,FGFR4,SERPINB9,SLC9C1,,,CEP89,,,,,,,FKBP1KD,CD109,CDKL2,,,CD318,,ZNF580C,,,,,,,,,,RCL1-AS8,RABLL1,RABGEF1,,,,,,,,,,,RAB3GAP1,,,SLC39A15,,MDH1,,,MDH1,,,RABGEF1P171,,,,,,,,,,CD249,,CCL8,,,,,,,,,OSM,,,,,,,
,SIGLEC18P123,,,,,,,,,,CXCL9,,RNASEH2B-IT162,,,,,EPHA1,SERPINB9,SLC9C1,,,CEP89,,,,,,,FKBP1KE,CD112,SLC5A12,,,CD319,,ZNF531,,,,,,,,,,RCL1-AS9,RABLL1,RABGEF1,,,,,,,,,,,SLC25A39,,,SLC39A6,,SLC30A9,,,SLC30A9,,,RABGEF1P172,,,,,,,,,,CD25,,CCL11,,,,,,,,,P3RX7,,,,,,,
,SIGLEC18P124,,,,,,,,,,CXCL11,,RNASEH2B-IT163,,,,,EPHA2,SERPINB9,SLC9C1,,,CEP89,,,,,,,FKBP1KF,CD114,ZSCAN29,,,CD320,,ZNF550B,,,,,,,,,,RCN1,RABLL1,RABGEF1,,,,,,,,,,,RAB3GAP1,,,SLC39A12,,MTMR11,,,MTMR11,,,RABGEF1P173,,,,,,,,,,CD253,,CCL13,,,,,,,,,PAK1,,,,,,,
,SIGLEC18P125,,,,,,,,,,CXCL13,,RNASEH2B-IT164,,,,,EPHA3,SERPINB9,SLC9C1,,,CEP89,,,,,,,FKBP1KG,CD116,CALYCALY,,,CD321,,ZNF579C,,,,,,,,,,RCN2,RABLL1,RABGEF1,,,,,,,,,,,SLC25A39,,,SLC39A10,,COX15,,,COX15,,,RABGEF1P174,,,,,,,,,,CD254,,CCL15,,,,,,,,,PDGFB,,,,,,,
,SIGLEC18P126,,,,,,,,,,CXCL14,,RNASEH2B-IT165,,,,,EPHA4,SERPINB9,SLC9C1,,,CEP89,,,,,,,FKBP1KH,CD117,CDKL3,,,CD322,,ZNF530,,,,,,,,,,RCN3,RABLL1,RABGEF1,,,,,,,,,,,RAB3GAP1,,,SLC39A11,,CCDC88C,,,CCDC88C,,,RABGEF1P175,,,,,,,,,,CD256,,CCL16,,,,,,,,,PDGFRB,,,,,,,
,SIGLEC18P127,,,,,,,,,,CXCL17,,RNASEH2B-IT166,,,,,EPHA5,SERPINB9,SLC9C1,,,CEP89,,,,,,,FKBP1KI,CD13,SLC5A1A,,,CD324,,ZNF549B,,,,,,,,,,R3HDM,RABLL1,RABGEF1,,,,,,,,,,,SLC25A39,,,SLC39A4,,YAF2,,,YAF2,,,RABGEF1P176,,,,,,,,,,CD257,,CCL17,,,,,,,,,PECAM1,,,,,,,
,SIGLEC18P128,,,,,,,,,,CXCL1,,RNASEH2B-IT167,,,,,EPHA6,SERPINB9,SLC9C1,,,CEP89,,,,,,,FKBP1KJ,CD137,ZSCAN4,,,CD325,,ZNF578C,,,,,,,,,,R3HDM2,RABLL1,RABGEF1,,,,,,,,,,,RAB3GAP1,,,SLC39A14,,ZMYND11,,,ZMYND11,,,RABGEF1P177,,,,,,,,,,CD258,,CCL18,,,,,,,,,PF4,,,,,,,
,SIGLEC18P129,,,,,,,,,,CXCL5,,RNASEH2B-IT168,,,,,EPHA7,SERPINB9,SLC9C1,,,CEP89,,,,,,,FKBP1KK,CD14,CAMK1,,,CD326,,ZNF529,,,,,,,,,,R3HDM4,RABLL1,RABGEF1,,,,,,,,,,,SLC25A39,,,SLC39A5,,DPEP1,,,DPEP1,,,RABGEF1P178,,,,,,,,,,CD26,,CCL19,,,,,,,,,PGF,,,,,,,
,SIGLEC18P130,,,,,,,,,,CXCL6,,RNASEH2B-IT169,,,,,EPHA8,SERPINB9,SLC9C1,,,CEP89,,,,,,,FKBP1KL,CD146,CDKL4,,,CD328,,ZNF548B,,,,,,,,,,R3HDM4-AS1,RABLL1,RABGEF1,,,,,,,,,,,RAB3GAP1,,,SLC39A7,,BID,,,BID,,,RABGEF1P179,,,,,,,,,,CD264,,CCL20,,,,,,,,,PLA2G10,,,,,,,
,SIGLEC18P131,,,,,,,,,,CXCL15,,RNASEH2B-IT170,,,,,EPHA10,SERPINB9,SLC9C1,,,CEP89,,,,,,,FKBP1KM,CD147,SLC5A2,,,CD329,,ZNF577C,,,,,,,,,,R3HDM4-AS2,RABLL1,RABGEF1,,,,,,,,,,,SLC25A39,,,SLC39A3,,MATR3,,,MATR3,,,RABGEF1P180,,,,,,,,,,CD265,,CCL21,,,,,,,,,PLA2G2A,,,,,,,
,SIGLEC18P132,,,,,,,,,,CXCL16,,RNASEH2B-IT171,,,,,EPHB1,SERPINB9,SLC9C1,,,CEP89,,,,,,,FKBP1KN,CD148,ZSWIM9,,,CD33,,ZNF528,,,,,,,,,,R3HDM4-AS3,RABLL1,RABGEF1,,,,,,,,,,,RAB3GAP1,,,SLC39A13,,NPC1L1,,,NPC1L1,,,RABGEF1P181,,,,,,,,,,CD266,,CCL22,,,,,,,,,PLA2G5,,,,,,,
,SIGLEC18P133,,,,,,,,,,CXCL9,,RNASEH2B-IT172,,,,,EPHB2,SERPINB9,SLC9C1,,,CEP89,,,,,,,FKBP1KO,CD15,CAMK1D,,,CD338,,ZNF547B,,,,,,,,,,R3HDM4-AS4,RABLL1,RABGEF1,,,,,,,,,,,SLC25A39,,,SLC39A9,,XYLT2,,,XYLT2,,,RABGEF1P182,,,,,,,,,,CD280,,CCL23,,,,,,,,,PLA2G7,,,,,,,
,SIGLEC18P134,,,,,,,,,,CXCL11,,RNASEH2B-IT173,,,,,EPHB3,SERPINB9,SLC9C1,,,CEP89,,,,,,,FKBP1KP,CD155,CDKNAIP,,,CD339,,ZNF576C,,,,,,,,,,R3HDM4-AS5,RABLL1,RABGEF1,,,,,,,,,,,RAB3GAP1,,,SLC39A2,,RGPD5,,,RGPD5,,,RABGEF1P183,,,,,,,,,,CD288,,CCL24,,,,,,,,,PLAT,,,,,,,
,SIGLEC18P135,,,,,,,,,,CXCL13,,RNASEH2B-IT174,,,,,EPHB4,SERPINB9,SLC9C1,,,CEP89,,,,,,,FKBP1KQ,CD163,SLC5A3,,,CD34,,ZNF527,,,,,,,,,,R3HDM4-AS6,RABLL1,RABGEF1,,,,,,,,,,,SLC25A39,,,SLC39A8,,STMN4,,,STMN4,,,RABGEF1P184,,,,,,,,,,CD29,,CCL25,,,,,,,,,PPBP,,,,,,,
,SIGLEC18P136,,,,,,,,,,CXCL14,,RNASEH2B-IT175,,,,,EPHB6,SERPINB9,SLC9C1,,,CEP89,,,,,,,FKBP1KR,CD164,ZSWIM8,,,CD340,,ZNF546B,,,,,,,,,,R3HDM4-AS7,RABLL1,RABGEF1,,,,,,,,,,,RAB3GAP1,,,SLC39A1,,NUDCD3,,,NUDCD3,,,RABGEF1P185,,,,,,,,,,CD294,,CCL26,,,,,,,,,PROK1,,,,,,,
,SIGLEC18P137,,,,,,,,,,CXCL17,,RNASEH2B-IT176,,,,,MERTK,SERPINB9,SLC9C1,,,CEP89,,,,,,,FKBP1KS,CD168,CAMK1G,,,CD349,,ZNF575C,,,,,,,,,,R3HDM4-AS8,RABLL1,RABGEF1,,,,,,,,,,,SLC25A39,,,SLC39A1,,ISL1,,,ISL1,,,RABGEF1P186,,,,,,,,,,CD295,,CCL27,,,,,,,,,PROK2,,,,,,,
,SIGLEC18P138,,,,,,,,,,CXCL1,,RNASEH2B-IT177,,,,,TYRO3,SERPINB9,SLC9C1,,,CEP89,,,,,,,FKBP1KT,CD172A,CDKN1A,,,CD35,,ZNF526,,,,,,,,,,R3HDM4-AS9,RABLL1,RABGEF1,,,,,,,,,,,RAB3GAP1,,,SLC39A15,,CHDH,,,CHDH,,,RABGEF1P187,,,,,,,,,,CD299,,CCL28,,,,,,,,,PSEN1,,,,,,,
,SIGLEC18P139,,,,,,,,,,CXCL5,,RNASEH2B-IT178,,,,,AXL,SERPINB9,SLC9C1,,,CEP89,,,,,,,FKBP1KU,CD177,SLC5A4,,,CD350,,ZNF545B,,,,,,,,,,RD3,RABLL1,RABGEF1,,,,,,,,,,,SLC25A39,,,SLC39A6,,IL20RA,,,IL20RA,,,RABGEF1P188,,,,,,,,,,CD301,,XCL1,,,,,,,,,PTAFR,,,,,,,
,SIGLEC18P140,,,,,,,,,,CXCL6,,RNASEH2B-IT179,,,,,DDR1,SERPINB9,SLC9C1,,,CEP89,,,,,,,FKBP1KV,CD180,ZSWIM7,,,CD351,,ZNF574C,,,,,,,,,,RD3L,RABLL1,RABGEF1,,,,,,,,,,,RAB3GAP1,,,SLC39A12,,CLCA1,,,CLCA1,,,RABGEF1P189,,,,,,,,,,CD302,,XCL2,,,,,,,,,PTGS1,,,,,,,
,SIGLEC18P141,,,,,,,,,,CXCL15,,RNASEH2B-IT180,,,,,DDR2,SERPINB9,SLC9C1,,,CEP89,,,,,,,FKBP1KW,CD184,CAMK2A,,,CD352,,ZNF525,,,,,,,,,,RDBP,RABLL1,RABGEF1,,,,,,,,,,,SLC25A39,,,SLC39A10,,CLCA4,,,CLCA4,,,RABGEF1P190,,,,,,,,,,CD303,,CCR1,,,,,,,,,PTGS2,,,,,,,
,SIGLEC18P142,,,,,,,,,,CXCL16,,RNASEH2B-IT181,,,,,RYK,SERPINB9,SLC9C1,,,CEP89,,,,,,,FKBP1KX,CD20,CDKN1B,,,CD353,,ZNF544B,,,,,,,,,,RDH10,RABLL1,RABGEF1,,,,,,,,,,,RAB3GAP1,,,SLC39A11,,GLT8D1,,,GLT8D1,,,RABGEF1P191,,,,,,,,,,CD304,,CCR2,,,,,,,,,PTPRC,,,,,,,
,SIGLEC18P143,,,,,,,,,,CXCL9,,RNASEH2B-IT182,,,,,PTK7,SERPINB9,SLC9C1,,,CEP89,,,,,,,FKBP1KY,CD206,SLC5A5,,,CD354,,ZNF573C,,,,,,,,,,RDH11,RABLL1,RABGEF1,,,,,,,,,,,SLC25A39,,,SLC39A4,,ATP2C1,,,ATP2C1,,,RABGEF1P192,,,,,,,,,,CD305,,CCR3,,,,,,,,,PVR,,,,,,,
,SIGLEC18P144,,,,,,,,,,CXCL11,,RNASEH2B-IT183,,,,,MST1R,SERPINB9,SLC9C1,,,CEP89,,,,,,,FKBP1KZ,CD209R,ZSWIM6,,,CD355,,ZNF524,,,,,,,,,,RDH12,RABLL1,RABGEF1,,,,,,,,,,,RAB3GAP1,,,SLC39A14,,IGF1,,,IGF1,,,RABGEF1P193,,,,,,,,,,CD306,,CCR4,,,,,,,,,REN,,,,,,,
,SIGLEC18P145,,,,,,,,,,CXCL13,,RNASEH2B-IT184,,,,,MET,SERPINB9,SLC9C1,,,CEP89,,,,,,,FKBP1LA,CD247,CAMK2B,,,CD357,,ZNF543B,,,,,,,,,,RDH13,RABLL1,RABGEF1,,,,,,,,,,,SLC25A39,,,SLC39A5,,RALBP1,,,RALBP1,,,RABGEF1P194,,,,,,,,,,CD307,,CCR5,,,,,,,,,S100A8,,,,,,,
,SIGLEC18P146,,,,,,,,,,CXCL14,,RNASEH2B-IT185,,,,,HGFR,SERPINB9,SLC9C1,,,CEP89,,,,,,,FKBP1LB,CD26,CDKN1C,,,CD358,,ZNF572C,,,,,,,,,,RDH14,RABLL1,RABGEF1,,,,,,,,,,,RAB3GAP1,,,SLC39A7,,RUFY3,,,RUFY3,,,RABGEF1P195,,,,,,,,,,CD309,,CCR6,,,,,,,,,S100A9,,,,,,,
,SIGLEC18P147,,,,,,,,,,CXCL17,,RNASEH2B-IT186,,,,,ERBB1,SERPINB9,SLC9C1,,,CEP89,,,,,,,FKBP1LC,CD27,SLC5A6,,,CD359,,ZNF523,,,,,,,,,,RDH16,RABLL1,RABGEF1,,,,,,,,,,,SLC25A39,,,SLC39A3,,CNTN1,,,CNTN1,,,RABGEF1P196,,,,,,,,,,CD313,,CCR7,,,,,,,,,S1PR1,,,,,,,
,SIGLEC18P148,,,,,,,,,,CXCL1,,RNASEH2B-IT187,,,,,ERBB2,SERPINB9,SLC9C1,,,CEP89,,,,,,,FKBP1LD,CD270,ZSWIM5,,,CD36,,ZNF542B,,,,,,,,,,RDH17,RABLL1,RABGEF1,,,,,,,,,,,RAB3GAP1,,,SLC39A13,,SLC11A1,,,SLC11A1,,,RABGEF1P197,,,,,,,,,,CD314,,CCR8,,,,,,,,,S1PR2,,,,,,,
,SIGLEC18P149,,,,,,,,,,CXCL5,,RNASEH2B-IT188,,,,,ERBB3,SERPINB9,SLC9C1,,,CEP89,,,,,,,FKBP1LE,CD274,CAMK2D,,,CD360,,ZNF571C,,,,,,,,,,RDH18,RABLL1,RABGEF1,,,,,,,,,,,SLC25A39,,,SLC39A9,,WWTR1,,,WWTR1,,,RABGEF1P198,,,,,,,,,,CD315,,CCR9,,,,,,,,,S1PR3,,,,,,,
,SIGLEC18P150,,,,,,,,,,CXCL6,,RNASEH2B-IT189,,,,,ERBB4,SERPINB9,SLC9C1,,,CEP89,,,,,,,FKBP1LF,CD279,CDKN2A,,,CD361,,ZNF522,,,,,,,,,,RDH19,RABLL1,RABGEF1,,,,,,,,,,,RAB3GAP1,,,SLC39A2,,AGPS,,,AGPS,,,RABGEF1P199,,,,,,,,,,CD316,,CCR10,,,,,,,,,S1PR4,,,,,,,
,SIGLEC18P151,,,,,,,,,,CXCL15,,RNASEH2B-IT190,,,,,,SERPINB9,SLC9C1,,,CEP89,,,,,,,FKBP1LG,CD28,SLC5A7,,,CD362,,ZNF541B,,,,,,,,,,RDH2,RABLL1,RABGEF1,,,,,,,,,,,SLC25A39,,,SLC39A8,,ZNF806,,,ZNF806,,,RABGEF1P200,,,,,,,,,,CD318,,CCR11,,,,,,,,,S1PR5,,,,,,,
,SIGLEC18P152,,,,,,,,,,CXCL16,,RNASEH2B-IT191,,,,,,SERPINB9,SLC9C1,,,CEP89,,,,,,,FKBP1LH,CD282,ZSWIM4,,,CD363,,ZNF570C,,,,,,,,,,RDH5,RABLL1,RABGEF1,,,,,,,,,,,RAB3GAP1,,,SLC39A1,,ATP1A2,,,ATP1A2,,,,,,,,,,,,,CD324,,CXCR1,,,,,,,,,SCARB1,,,,,,,
,SIGLEC18P153,,,,,,,,,,CXCL9,,RNASEH2B-IT192,,,,,,SERPINB9,SLC9C1,,,CEP89,,,,,,,FKBP1LI,CD283,CAMK1,,,CD364,,ZNF521,,,,,,,,,,RDH9,RABLL1,RABGEF1,,,,,,,,,,,SLC25A39,,,SLC39A1,,TTC27,,,TTC27,,,,,,,,,,,,,CD325,,CXCR2,,,,,,,,,SCARB2,,,,,,,
,SIGLEC18P154,,,,,,,,,,CXCL11,,RNASEH2B-IT193,,,,,,SERPINB9,SLC9C1,,,CEP89,,,,,,,FKBP1LJ,CD286,CDKN2B,,,CD365,,ZNF540B,,,,,,,,,,RDM1,RABLL1,RABGEF1,,,,,,,,,,,RAB3GAP1,,,SLC39A15,,ZNF582,,,ZNF582,,,,,,,,,,,,,CD326,,CXCR3,,,,,,,,,SELE,,,,,,,
,SIGLEC18P155,,,,,,,,,,CXCL13,,RNASEH2B-IT194,,,,,,SERPINB9,SLC9C1,,,CEP89,,,,,,,FKBP1LK,CD288,SLC5A8,,,CD366,,ZNF569C,,,,,,,,,,RDX,RABLL1,RABGEF1,,,,,,,,,,,SLC25A39,,,SLC39A6,,VSIG2,,,VSIG2,,,,,,,,,,,,,CD327,,CXCR4,,,,,,,,,SELL,,,,,,,
,SIGLEC18P156,,,,,,,,,,CXCL14,,RNASEH2B-IT195,,,,,,SERPINB9,SLC9C1,,,CEP89,,,,,,,FKBP1LL,CD3,ZSWIM3,,,CD367,,ZNF520,,,,,,,,,,RECK,RABLL1,RABGEF1,,,,,,,,,,,RAB3GAP1,,,SLC39A12,,PHLDB1,,,PHLDB1,,,,,,,,,,,,,CD328,,CXCR5,,,,,,,,,SERPINE1,,,,,,,
,SIGLEC18P157,,,,,,,,,,CXCL17,,RNASEH2B-IT196,,,,,,SERPINB9,SLC9C1,,,CEP89,,,,,,,FKBP1LM,CD30,CAMK1D,,,CD368,,ZNF539B,,,,,,,,,,RECQL4,RABLL1,RABGEF1,,,,,,,,,,,SLC25A39,,,SLC39A10,,MARCO,,,MARCO,,,,,,,,,,,,,CD329,,CXCR6,,,,,,,,,SERPINE2,,,,,,,
,SIGLEC18P158,,,,,,,,,,CXCL1,,RNASEH2B-IT197,,,,,,SERPINB9,SLC9C1,,,CEP89,,,,,,,FKBP1LN,CD303,CDKN2C,,,CD369,,ZNF568C,,,,,,,,,,RECQL5,RABLL1,RABGEF1,,,,,,,,,,,RAB3GAP1,,,SLC39A11,,CYP24A1,,,CYP24A1,,,,,,,,,,,,,CD330,,CX3CR1,,,,,,,,,SIRT1,,,,,,,
,SIGLEC18P159,,,,,,,,,,CXCL5,,RNASEH2B-IT198,,,,,,SERPINB9,SLC9C1,,,CEP89,,,,,,,FKBP1LO,CD304,SLC5A9,,,CD37,,ZNF519,,,,,,,,,,RECQL5-AS1,RABLL1,RABGEF1,,,,,,,,,,,SLC25A39,,,SLC39A4,,PRDM11,,,PRDM11,,,,,,,,,,,,,CD331,,XCR1,,,,,,,,,SLC2A1,,,,,,,
,SIGLEC18P160,,,,,,,,,,CXCL6,,RNASEH2B-IT199,,,,,,SERPINB9,SLC9C1,,,CEP89,,,,,,,FKBP1LP,CD318,ZSWIM2,,,CD370,,ZNF538B,,,,,,,,,,RECQL5-AS2,RABLL1,RABGEF1,,,,,,,,,,,RAB3GAP1,,,SLC39A14,,SYT13,,,SYT13,,,,,,,,,,,,,CD332,,ACKR1,,,,,,,,,SLC2A4,,,,,,,
,SIGLEC18P161,,,,,,,,,,CXCL15,,RNASEH2B-IT200,,,,,,SERPINB9,SLC9C1,,,CEP89,,,,,,,FKBP1LQ,CD338,CAMK1G,,,CD371,,ZNF567C,,,,,,,,,,RECQL5-AS3,RABLL1,RABGEF1,,,,,,,,,,,SLC25A39,,,SLC39A5,,SNAI2,,,SNAI2,,,,,,,,,,,,,CD333,,ACKR2,,,,,,,,,SPP1,,,,,,,
,SIGLEC18P162,,,,,,,,,,CXCL16,,,,,,,,SERPINB9,SLC9C1,,,CEP89,,,,,,,FKBP1LR,CD340,CDKN2D,,,CD44,,ZNF518,,,,,,,,,,RECQL5-AS4,RABLL1,RABGEF1,,,,,,,,,,,RAB3GAP1,,,SLC39A7,,CD74,,,CD74,,,,,,,,,,,,,CD334,,ACKR3,,,,,,,,,SST,,,,,,,
,SIGLEC18P163,,,,,,,,,,CXCL9,,,,,,,,SERPINB9,SLC9C1,,,CEP89,,,,,,,FKBP1LS,CD344,SLC5A1,,,CD50,,ZNF537B,,,,,,,,,,RECQL5-AS5,RABLL1,RABGEF1,,,,,,,,,,,SLC25A39,,,SLC39A3,,HGF,,,HGF,,,,,,,,,,,,,CD335,,ACKR4,,,,,,,,,STAT1,,,,,,,
,SIGLEC18P164,,,,,,,,,,CXCL11,,,,,,,,SERPINB9,SLC9C1,,,CEP89,,,,,,,FKBP1LT,CD357,ZSWIM1,,,CD51,,ZNF566C,,,,,,,,,,RECQL5-AS6,RABLL1,RABGEF1,,,,,,,,,,,RAB3GAP1,,,SLC39A13,,ZRANB1,,,ZRANB1,,,,,,,,,,,,,CD336,,CXADR,,,,,,,,,STAT3,,,,,,,
,SIGLEC18P165,,,,,,,,,,CXCL13,,,,,,,,SERPINB9,SLC9C1,,,CEP89,,,,,,,FKBP1LU,CD361,CAMK2A,,,CD52,,ZNF517,,,,,,,,,,RECQL5-AS7,RABLL1,RABGEF1,,,,,,,,,,,SLC25A39,,,SLC39A9,,NCDN,,,NCDN,,,,,,,,,,,,,CD337,,JAM2,,,,,,,,,STAT5A,,,,,,,
,SIGLEC18P166,,,,,,,,,,CXCL14,,,,,,,,SERPINB9,SLC9C1,,,CEP89,,,,,,,FKBP1LV,CD375P1,CDKN2AIP,,,CD54,,ZNF536B,,,,,,,,,,RECQL5-AS8,RABLL1,RABGEF1,,,,,,,,,,,RAB3GAP1,,,SLC39A2,,ADGRA2,,,ADGRA2,,,,,,,,,,,,,CD338,,JAM3,,,,,,,,,STAT5B,,,,,,,
,SIGLEC18P167,,,,,,,,,,CXCL17,,,,,,,,SERPINB9,SLC9C1,,,CEP89,,,,,,,FKBP1LW,CD376,SLC6A1,,,CD55,,ZNF565C,,,,,,,,,,RECQL5-AS9,RABLL1,RABGEF1,,,,,,,,,,,SLC25A39,,,SLC39A8,,CCT8L1P,,,CCT8L1P,,,,,,,,,,,,,CD341,,,,,,,,,,,STC1,,,,,,,
,SIGLEC18P168,,,,,,,,,,CXCL1,,,,,,,,SERPINB9,SLC9C1,,,CEP89,,,,,,,FKBP1LX,CD378,ZXDA,,,CD56,,ZNF516,,,,,,,,,,REEP1,RABLL1,RABGEF1,,,,,,,,,,,RAB3GAP1,,,SLC39A1,,ZFP64,,,ZFP64,,,,,,,,,,,,,CD342,,,,,,,,,,,STC2,,,,,,,
,SIGLEC18P169,,,,,,,,,,CXCL5,,,,,,,,SERPINB9,SLC9C1,,,CEP89,,,,,,,FKBP1LY,CD384,CAMK2B,,,CD58,,ZNF535B,,,,,,,,,,REEP2,RABLL1,RABGEF1,,,,,,,,,,,SLC25A39,,,SLC39A1,,MNAT1,,,MNAT1,,,,,,,,,,,,,CD344,,,,,,,,,,,TGFB1,,,,,,,
,SIGLEC18P170,,,,,,,,,,CXCL6,,,,,,,,SERPINB9,SLC9C1,,,CEP89,,,,,,,FKBP1LZ,CD40L,CDKN2BIP,,,CD59,,ZNF564C,,,,,,,,,,REEP3,RABLL1,RABGEF1,,,,,,,,,,,RAB3GAP1,,,SLC39A15,,SAMD4A,,,SAMD4A,,,,,,,,,,,,,CD349,,,,,,,,,,,TGFBR1,,,,,,,
,SIGLEC18P171,,,,,,,,,,CXCL15,,,,,,,,SERPINB9,SLC9C1,,,CEP89,,,,,,,FKBP1MA,CD40LG,SLC6A10,,,CD60,,ZNF515,,,,,,,,,,REEP4,RABLL1,RABGEF1,,,,,,,,,,,SLC25A39,,,SLC39A6,,RUNX3,,,RUNX3,,,,,,,,,,,,,CD356,,,,,,,,,,,TGFBR2,,,,,,,
,SIGLEC18P172,,,,,,,,,,CXCL16,,,,,,,,SERPINB9,SLC9C1,,,CEP89,,,,,,,FKBP1MB,CD49F,ZXDB,,,CD61,,ZNF534B,,,,,,,,,,REEP5,RABLL1,RABGEF1,,,,,,,,,,,RAB3GAP1,,,SLC39A12,,MRE11,,,MRE11,,,,,,,,,,,,,CD364,,,,,,,,,,,TGFA,,,,,,,
,SIGLEC18P173,,,,,,,,,,CXCL9,,,,,,,,SERPINB9,SLC9C1,,,CEP89,,,,,,,FKBP1MC,CD51,CAMK2D,,,CD62E,,ZNF563C,,,,,,,,,,REEP6,RABLL1,RABGEF1,,,,,,,,,,,SLC25A39,,,SLC39A10,,PLEKHB1,,,PLEKHB1,,,,,,,,,,,,,CD369,,,,,,,,,,,THBS1,,,,,,,
,SIGLEC18P174,,,,,,,,,,CXCL11,,,,,,,,SERPINB9,SLC9C1,,,CEP89,,,,,,,FKBP1MD,CD61,CDKN2DIP,,,CD62L,,ZNF514,,,,,,,,,,RELA,RABLL1,RABGEF1,,,,,,,,,,,RAB3GAP1,,,SLC39A11,,SERPINB1,,,SERPINB1,,,,,,,,,,,,,CD372,,,,,,,,,,,THBS2,,,,,,,
,SIGLEC18P175,,,,,,,,,,CXCL13,,,,,,,,SERPINB9,SLC9C1,,,CEP89,,,,,,,FKBP1ME,CD66A,SLC6A11,,,CD62P,,ZNF533B,,,,,,,,,,RELB,RABLL1,RABGEF1,,,,,,,,,,,SLC25A39,,,SLC39A4,,CYP3A43,,,CYP3A43,,,,,,,,,,,,,CD373,,,,,,,,,,,TIMP1,,,,,,,
,SIGLEC18P176,,,,,,,,,,CXCL14,,,,,,,,SERPINB9,SLC9C1,,,CEP89,,,,,,,FKBP1MF,CD71,ZXDC,,,CD63,,ZNF562C,,,,,,,,,,RELI,RABLL1,RABGEF1,,,,,,,,,,,RAB3GAP1,,,SLC39A14,,SLC7A9,,,SLC7A9,,,,,,,,,,,,,CD374,,,,,,,,,,,TIMP2,,,,,,,
,SIGLEC18P177,,,,,,,,,,CXCL17,,,,,,,,SERPINB9,SLC9C1,,,CEP89,,,,,,,FKBP1MG,CD73,CAMK4,,,CD64,,ZNF513,,,,,,,,,,RELN,RABLL1,RABGEF1,,,,,,,,,,,SLC25A39,,,SLC39A5,,SPAST,,,SPAST,,,,,,,,,,,,,CD375,,,,,,,,,,,TIMP3,,,,,,,
,SIGLEC18P178,,,,,,,,,,CXCL1,,,,,,,,SERPINB9,SLC9C1,,,CEP89,,,,,,,FKBP1MH,CD8B2,CDKN2IP,,,CD65,,ZNF532B,,,,,,,,,,RELT,RABLL1,RABGEF1,,,,,,,,,,,RAB3GAP1,,,SLC39A7,,NRXN3,,,NRXN3,,,,,,,,,,,,,CD376,,,,,,,,,,,TIMP4,,,,,,,
,SIGLEC18P179,,,,,,,,,,CXCL5,,,,,,,,SERPINB9,SLC9C1,,,CEP89,,,,,,,FKBP1MI,CD8B1,SLC6A12,,,CD66A,,ZNF561C,,,,,,,,,,REM1,RABLL1,RABGEF1,,,,,,,,,,,SLC25A39,,,SLC39A3,,OSBPL5,,,OSBPL5,,,,,,,,,,,,,CD377,,,,,,,,,,,TLR2,,,,,,,
,SIGLEC18P180,,,,,,,,,,CXCL6,,,,,,,,SERPINB9,SLC9C1,,,CEP89,,,,,,,FKBP1MJ,CD8,ZYG11B,,,CD66B,,ZNF512,,,,,,,,,,REM2,RABLL1,RABGEF1,,,,,,,,,,,RAB3GAP1,,,SLC39A13,,AQR,,,AQR,,,,,,,,,,,,,CD378,,,,,,,,,,,TLR4,,,,,,,
,SIGLEC18P181,,,,,,,,,,CXCL15,,,,,,,,SERPINB9,SLC9C1,,,CEP89,,,,,,,FKBP1MK,CD98,CAMKK1,,,CD66C,,ZNF531B,,,,,,,,,,REMS1,RABLL1,RABGEF1,,,,,,,,,,,SLC25A39,,,SLC39A9,,CPS1,,,CPS1,,,,,,,,,,,,,CD379,,,,,,,,,,,TLR9,,,,,,,
,SIGLEC18P182,,,,,,,,,,CXCL16,,,,,,,,SERPINB9,SLC9C1,,,CEP89,,,,,,,FKBP1ML,CD103,CDKN3,,,CD66D,,ZNF560C,,,,,,,,,,REMS2,RABLL1,RABGEF1,,,,,,,,,,,RAB3GAP1,,,SLC39A2,,C8B,,,C8B,,,,,,,,,,,,,CD380,,,,,,,,,,,TNF,,,,,,,
,SIGLEC18P183,,,,,,,,,,CXCL9,,,,,,,,SERPINB9,SLC9C1,,,CEP89,,,,,,,FKBP1MM,CD105,SLC6A13,,,CD66E,,ZNF511,,,,,,,,,,REMS2-AS1,RABLL1,RABGEF1,,,,,,,,,,,SLC25A39,,,SLC39A8,,RTF2,,,RTF2,,,,,,,,,,,,,CD381,,,,,,,,,,,TNFAIP2,,,,,,,
,SIGLEC18P184,,,,,,,,,,CXCL11,,,,,,,,SERPINB9,SLC9C1,,,CEP89,,,,,,,FKBP1MN,CD106,ZYG11A,,,CD66F,,ZNF530B,,,,,,,,,,REMS2-AS2,RABLL1,RABGEF1,,,,,,,,,,,RAB3GAP1,,,SLC39A1,,GABRA1,,,GABRA1,,,,,,,,,,,,,CD382,,,,,,,,,,,TNFAIP3,,,,,,,
,SIGLEC18P185,,,,,,,,,,CXCL13,,,,,,,,SERPINB9,SLC9C1,,,CEP89,,,,,,,FKBP1MO,CD108,CAMKK2,,,CD68,,ZNF559C,,,,,,,,,,REMS2-AS3,RABLL1,RABGEF1,,,,,,,,,,,SLC25A39,,,SLC39A1,,NLRP2,,,NLRP2,,,,,,,,,,,,,CD85j,,,,,,,,,,,TNFAIP6,,,,,,,
,SIGLEC18P186,,,,,,,,,,CXCL14,,,,,,,,SERPINB9,SLC9C1,,,CEP89,,,,,,,FKBP1MP,CD11A,CDKNIP1,,,CD69,,ZNF510,,,,,,,,,,REMS2-AS4,RABLL1,RABGEF1,,,,,,,,,,,RAB3GAP1,,,SLC39A15,,SLC45A4,,,SLC45A4,,,,,,,,,,,,,,,,,,,,,,,,TNFRSF10B,,,,,,,
,SIGLEC18P187,,,,,,,,,,CXCL17,,,,,,,,SERPINB9,SLC9C1,,,CEP89,,,,,,,FKBP1MQ,CD11B,SLC6A14,,,CD71,,ZNF529B,,,,,,,,,,REMS2-AS5,RABLL1,RABGEF1,,,,,,,,,,,SLC25A39,,,SLC39A6,,RNF10,,,RNF10,,,,,,,,,,,,,,,,,,,,,,,,TNFRSF11B,,,,,,,
,SIGLEC18P188,,,,,,,,,,CXCL1,,,,,,,,SERPINB9,SLC9C1,,,CEP89,,,,,,,FKBP1MR,CD11C,ZWILCH,,,CD72,,ZNF558C,,,,,,,,,,REMS2-AS6,RABLL1,RABGEF1,,,,,,,,,,,RAB3GAP1,,,SLC39A12,,ZNF839,,,ZNF839,,,,,,,,,,,,,,,,,,,,,,,,TNFRSF12A,,,,,,,
,SIGLEC18P189,,,,,,,,,,CXCL5,,,,,,,,SERPINB9,SLC9C1,,,CEP89,,,,,,,FKBP1MS,CD11D,CAMLM,,,CD73,,ZNF509,,,,,,,,,,REMS2-AS7,RABLL1,RABGEF1,,,,,,,,,,,SLC25A39,,,SLC39A10,,ZDHHC6,,,ZDHHC6,,,,,,,,,,,,,,,,,,,,,,,,TNFRSF1B,,,,,,,
,SIGLEC18P190,,,,,,,,,,CXCL6,,,,,,,,SERPINB9,SLC9C1,,,CEP89,,,,,,,FKBP1MT,CD120A,CDKNIP2,,,CD74,,ZNF528B,,,,,,,,,,REMS2-AS8,RABLL1,RABGEF1,,,,,,,,,,,RAB3GAP1,,,SLC39A11,,GRAMD1B,,,GRAMD1B,,,,,,,,,,,,,,,,,,,,,,,,TNFRSF21,,,,,,,
,SIGLEC18P191,,,,,,,,,,CXCL15,,,,,,,,SERPINB9,SLC9C1,,,CEP89,,,,,,,FKBP1MU,CD120B,SLC6A15,,,CD75,,ZNF557C,,,,,,,,,,REMS2-AS9,RABLL1,RABGEF1,,,,,,,,,,,SLC25A39,,,SLC39A4,,RNH1,,,RNH1,,,,,,,,,,,,,,,,,,,,,,,,TNFRSF25,,,,,,,
,SIGLEC18P192,,,,,,,,,,CXCL16,,,,,,,,SERPINB9,SLC9C1,,,CEP89,,,,,,,FKBP1MV,CD121A,ZWINT,,,CD79A,,ZNF508,,,,,,,,,,REN,RABLL1,RABGEF1,,,,,,,,,,,RAB3GAP1,,,SLC39A14,,NDUFS1,,,NDUFS1,,,,,,,,,,,,,,,,,,,,,,,,TNFRSF4,,,,,,,
,SIGLEC18P193,,,,,,,,,,CXCL9,,,,,,,,SERPINB9,SLC9C1,,,CEP89,,,,,,,FKBP1MW,CD121B,CAML,,,CD79B,,ZNF527B,,,,,,,,,,RENBP,RABLL1,RABGEF1,,,,,,,,,,,SLC25A39,,,SLC39A5,,RB1CC1,,,RB1CC1,,,,,,,,,,,,,,,,,,,,,,,,TNFRSF9,,,,,,,
,SIGLEC18P194,,,,,,,,,,CXCL11,,,,,,,,SERPINB9,SLC9C1,,,CEP89,,,,,,,FKBP1MX,CD122,CDKNK1,,,CD80,,ZNF556C,,,,,,,,,,REPS1,RABLL1,RABGEF1,,,,,,,,,,,RAB3GAP1,,,SLC39A7,,ERP44,,,ERP44,,,,,,,,,,,,,,,,,,,,,,,,TNFSF10,,,,,,,
,SIGLEC18P195,,,,,,,,,,CXCL13,,,,,,,,SERPINB9,SLC9C1,,,CEP89,,,,,,,FKBP1MY,CD123,SLC6A16,,,CD83,,ZNF507,,,,,,,,,,REPS2,RABLL1,RABGEF1,,,,,,,,,,,SLC25A39,,,SLC39A3,,ALAS1,,,ALAS1,,,,,,,,,,,,,,,,,,,,,,,,TNFSF11,,,,,,,
,SIGLEC18P196,,,,,,,,,,CXCL14,,,,,,,,SERPINB9,SLC9C1,,,CEP89,,,,,,,FKBP1MZ,CD126,ZSCAN22,,,CD85A,,ZNF526B,,,,,,,,,,REPS2-AS1,RABLL1,RABGEF1,,,,,,,,,,,RAB3GAP1,,,SLC39A13,,BIRC3,,,BIRC3,,,,,,,,,,,,,,,,,,,,,,,,TNFSF12,,,,,,,
,SIGLEC18P197,,,,,,,,,,CXCL17,,,,,,,,SERPINB9,SLC9C1,,,CEP89,,,,,,,FKBP1NA,CD127,CAMTA1,,,CD85B,,ZNF555C,,,,,,,,,,REPS2-AS2,RABLL1,RABGEF1,,,,,,,,,,,SLC25A39,,,SLC39A9,,AKAP11,,,AKAP11,,,,,,,,,,,,,,,,,,,,,,,,TNFSF13B,,,,,,,
,SIGLEC18P198,,,,,,,,,,CXCL1,,,,,,,,SERPINB9,SLC9C1,,,CEP89,,,,,,,FKBP1NB,CD130,CDKNK2,,,CD85C,,ZNF506,,,,,,,,,,REPS2-AS3,RABLL1,RABGEF1,,,,,,,,,,,RAB3GAP1,,,SLC39A2,,GLRX2,,,GLRX2,,,,,,,,,,,,,,,,,,,,,,,,TNFSF14,,,,,,,
,SIGLEC18P199,,,,,,,,,,CXCL5,,,,,,,,SERPINB9,SLC9C1,,,CEP89,,,,,,,FKBP1NC,CD131,SLC6A17,,,CD85D,,ZNF525B,,,,,,,,,,REPS2-AS4,RABLL1,RABGEF1,,,,,,,,,,,SLC25A39,,,SLC39A8,,SNAPC1,,,SNAPC1,,,,,,,,,,,,,,,,,,,,,,,,TNFSF15,,,,,,,
,SIGLEC18P200,,,,,,,,,,CXCL6,,,,,,,,SERPINB9,SLC9C1,,,CEP89,,,,,,,FKBP1ND,CD132,ZSCAN21,,,CD85E,,ZNF554C,,,,,,,,,,REPS2-AS5,RABLL1,RABGEF1,,,,,,,,,,,RAB3GAP1,,,SLC39A1,,DERA,,,DERA,,,,,,,,,,,,,,,,,,,,,,,,TNFSF4,,,,,,,
,,,,,,,,,,,CXCL15,,,,,,,,SERPINB9,SLC9C1,,,CEP89,,,,,,,FKBP1NE,CD134,CAMTA2,,,CD85F,,ZNF505,,,,,,,,,,REPS2-AS6,RABLL1,RABGEF1,,,,,,,,,,,SLC25A39,,,SLC39A1,,STRAP,,,STRAP,,,,,,,,,,,,,,,,,,,,,,,,TNFSF9,,,,,,,
,,,,,,,,,,,CXCL16,,,,,,,,SERPINB9,SLC9C1,,,CEP89,,,,,,,FKBP1NF,CD135,CDKNK3,,,CD85G,,ZNF524B,,,,,,,,,,REPS2-AS7,RABLL1,RABGEF1,,,,,,,,,,,RAB3GAP1,,,SLC39A15,,ABCC2,,,ABCC2,,,,,,,,,,,,,,,,,,,,,,,,TNPO1,,,,,,,
,,,,,,,,,,,CXCL9,,,,,,,,SERPINB9,SLC9C1,,,CEP89,,,,,,,FKBP1NG,CD136,SLC6A18,,,CD85H,,ZNF553C,,,,,,,,,,REPS2-AS8,RABLL1,RABGEF1,,,,,,,,,,,SLC25A39,,,SLC39A6,,DEF6,,,DEF6,,,,,,,,,,,,,,,,,,,,,,,,TRADD,,,,,,,
,,,,,,,,,,,CXCL11,,,,,,,,SERPINB9,SLC9C1,,,CEP89,,,,,,,FKBP1NH,CD139,ZSCAN23,,,CD85I,,ZNF504,,,,,,,,,,REPS2-AS9,RABLL1,RABGEF1,,,,,,,,,,,RAB3GAP1,,,SLC39A12,,PLEKHO1,,,PLEKHO1,,,,,,,,,,,,,,,,,,,,,,,,TRAF1,,,,,,,
,,,,,,,,,,,CXCL13,,,,,,,,SERPINB9,SLC9C1,,,CEP89,,,,,,,FKBP1NI,CD141,CANX,,,CD85J,,ZNF523B,,,,,,,,,,REST,RABLL1,RABGEF1,,,,,,,,,,,SLC25A39,,,SLC39A10,,GCLM,,,GCLM,,,,,,,,,,,,,,,,,,,,,,,,TRAF2,,,,,,,
,,,,,,,,,,,CXCL14,,,,,,,,SERPINB9,SLC9C1,,,CEP89,,,,,,,FKBP1NJ,CD143,CDP1,,,CD85K,,ZNF552C,,,,,,,,,,RF00003,RABLL1,RABGEF1,,,,,,,,,,,RAB3GAP1,,,SLC39A11,,UBR2,,,UBR2,,,,,,,,,,,,,,,,,,,,,,,,TRAF3,,,,,,,
,,,,,,,,,,,CXCL17,,,,,,,,SERPINB9,SLC9C1,,,CEP89,,,,,,,FKBP1NK,CD144,SLC6A19,,,CD85L,,ZNF503,,,,,,,,,,RF00004,RABLL1,RABGEF1,,,,,,,,,,,SLC25A39,,,SLC39A4,,EHD2,,,EHD2,,,,,,,,,,,,,,,,,,,,,,,,TRAF4,,,,,,,
,,,,,,,,,,,CXCL1,,,,,,,,SERPINB9,SLC9C1,,,CEP89,,,,,,,FKBP1NL,CD154,ZSCAN29,,,CD85N,,ZNF522B,,,,,,,,,,RF00019,RABLL1,RABGEF1,,,,,,,,,,,RAB3GAP1,,,SLC39A14,,DEPDC1,,,DEPDC1,,,,,,,,,,,,,,,,,,,,,,,,TRAF5,,,,,,,
,,,,,,,,,,,CXCL5,,,,,,,,SERPINB9,SLC9C1,,,CEP89,,,,,,,FKBP1NM,CD156A,CAP1,,,CD85O,,ZNF551C,,,,,,,,,,RF00020,RABLL1,RABGEF1,,,,,,,,,,,SLC25A39,,,SLC39A5,,CCDC28A,,,CCDC28A,,,,,,,,,,,,,,,,,,,,,,,,TRAF6,,,,,,,
,,,,,,,,,,,CXCL6,,,,,,,,SERPINB9,SLC9C1,,,CEP89,,,,,,,FKBP1NN,CD156B,CDX1,,,CD85P,,ZNF502,,,,,,,,,,RF00029,RABLL1,RABGEF1,,,,,,,,,,,RAB3GAP1,,,SLC39A7,,RRAGD,,,RRAGD,,,,,,,,,,,,,,,,,,,,,,,,TREM1,,,,,,,
,,,,,,,,,,,CXCL15,,,,,,,,SERPINB9,SLC9C1,,,CEP89,,,,,,,FKBP1NO,CD157,SLC6A2,,,CD85Q,,ZNF521B,,,,,,,,,,RF00037,RABLL1,RABGEF1,,,,,,,,,,,SLC25A39,,,SLC39A3,,HSF2,,,HSF2,,,,,,,,,,,,,,,,,,,,,,,,TSLP,,,,,,,
,,,,,,,,,,,CXCL16,,,,,,,,SERPINB9,SLC9C1,,,CEP89,,,,,,,FKBP1NP,CD16,ZSCAN4,,,CD85R,,ZNF550C,,,,,,,,,,RF00058,RABLL1,RABGEF1,,,,,,,,,,,RAB3GAP1,,,SLC39A13,,PHF20,,,PHF20,,,,,,,,,,,,,,,,,,,,,,,,VCAM1,,,,,,,
,,,,,,,,,,,CXCL9,,,,,,,,SERPINB9,SLC9C1,,,CEP89,,,,,,,FKBP1NQ,CD162,CAP2,,,CD86,,ZNF501,,,,,,,,,,RF00061,RABLL1,RABGEF1,,,,,,,,,,,SLC25A39,,,SLC39A9,,HSD17B6,,,HSD17B6,,,,,,,,,,,,,,,,,,,,,,,,VEGFA,,,,,,,
,,,,,,,,,,,CXCL11,,,,,,,,SERPINB9,SLC9C1,,,CEP89,,,,,,,FKBP1NR,CD169,CDX2,,,CD87,,ZNF520B,,,,,,,,,,RF00063,RABLL1,RABGEF1,,,,,,,,,,,RAB3GAP1,,,SLC39A2,,NR1H3,,,NR1H3,,,,,,,,,,,,,,,,,,,,,,,,VEGFB,,,,,,,
,,,,,,,,,,,CXCL13,,,,,,,,SERPINB9,SLC9C1,,,CEP89,,,,,,,FKBP1NS,CD171,SLC6A20,,,CD88,,ZNF549C,,,,,,,,,,RF00064,RABLL1,RABGEF1,,,,,,,,,,,SLC25A39,,,SLC39A8,,TYMP,,,TYMP,,,,,,,,,,,,,,,,,,,,,,,,VEGFC,,,,,,,
,,,,,,,,,,,CXCL14,,,,,,,,SERPINB9,SLC9C1,,,CEP89,,,,,,,FKBP1NT,CD174,ZSWIM9,,,CD89,,ZNF500,,,,,,,,,,RF00069,RABLL1,RABGEF1,,,,,,,,,,,RAB3GAP1,,,SLC39A1,,NCAPH2,,,NCAPH2,,,,,,,,,,,,,,,,,,,,,,,,VEGFR1,,,,,,,
,,,,,,,,,,,CXCL17,,,,,,,,SERPINB9,SLC9C1,,,CEP89,,,,,,,FKBP1NU,CD175,CAPG,,,CD90,,ZNF519B,,,,,,,,,,RF00073,RABLL1,RABGEF1,,,,,,,,,,,SLC25A39,,,SLC39A1,,TOMM34,,,TOMM34,,,,,,,,,,,,,,,,,,,,,,,,VEGFR2,,,,,,,
,,,,,,,,,,,CXCL1,,,,,,,,SERPINB9,SLC9C1,,,CEP89,,,,,,,FKBP1NV,CD176,CDX4,,,CD91,,ZNF548C,,,,,,,,,,RF00080,RABLL1,RABGEF1,,,,,,,,,,,RAB3GAP1,,,SLC39A15,,SEC63,,,SEC63,,,,,,,,,,,,,,,,,,,,,,,,VEGFR3,,,,,,,
,,,,,,,,,,,CXCL5,,,,,,,,SERPINB9,SLC9C1,,,CEP89,,,,,,,FKBP1NW,CD18,SLC6A3,,,CD93,,ZNF499,,,,,,,,,,RF00089,RABLL1,RABGEF1,,,,,,,,,,,SLC25A39,,,SLC39A6,,KPNA6,,,KPNA6,,,,,,,,,,,,,,,,,,,,,,,,VIM,,,,,,,
,,,,,,,,,,,CXCL6,,,,,,,,SERPINB9,SLC9C1,,,CEP89,,,,,,,FKBP1NX,CD182,ZSWIM8,,,CD95,,ZNF518B,,,,,,,,,,RF00096,RABLL1,RABGEF1,,,,,,,,,,,RAB3GAP1,,,SLC39A12,,VIM,,,VIM,,,,,,,,,,,,,,,,,,,,,,,,VWF,,,,,,,
,,,,,,,,,,,CXCL15,,,,,,,,SERPINB9,SLC9C1,,,CEP89,,,,,,,FKBP1NY,CD183,CAPN1,,,CD97,,ZNF547C,,,,,,,,,,RF00101,RABLL1,RABGEF1,,,,,,,,,,,SLC25A39,,,SLC39A10,,RTEL1-TNFRSF6B,,,RTEL1-TNFRSF6B,,,,,,,,,,,,,,,,,,,,,,,,XBP1,,,,,,,
,,,,,,,,,,,CXCL16,,,,,,,,SERPINB9,SLC9C1,,,CEP89,,,,,,,FKBP1NZ,CD19,CEACAM1,,,CD98,,ZNF498,,,,,,,,,,RF00103,RABLL1,RABGEF1,,,,,,,,,,,RAB3GAP1,,,SLC39A11,,FAS,,,FAS,,,,,,,,,,,,,,,,,,,,,,,,ZAP70,,,,,,,
,,,,,,,,,,,CXCL9,,,,,,,,SERPINB9,SLC9C1,,,CEP89,,,,,,,FKBP1OA,CD192,SLC6A4,,,,,ZNF517B,,,,,,,,,,RF00104,RABLL1,RABGEF1,,,,,,,,,,,SLC25A39,,,SLC39A4,,RNASET2,,,RNASET2,,,,,,,,,,,,,,,,,,,,,,,,,,,,,,,
,,,,,,,,,,,CXCL11,,,,,,,,SERPINB9,SLC9C1,,,CEP89,,,,,,,FKBP1OB,CD193,ZSWIM7,,,,,ZNF546C,,,,,,,,,,RF00105,RABLL1,RABGEF1,,,,,,,,,,,RAB3GAP1,,,SLC39A14,,CD44,,,CD44,,,,,,,,,,,,,,,,,,,,,,,,,,,,,,,
,,,,,,,,,,,CXCL13,,,,,,,,SERPINB9,SLC9C1,,,CEP89,,,,,,,FKBP1OC,CD194,CAPN10,,,,,ZNF497,,,,,,,,,,RF00106,RABLL1,RABGEF1,,,,,,,,,,,SLC25A39,,,SLC39A5,,KCNG1,,,KCNG1,,,,,,,,,,,,,,,,,,,,,,,,,,,,,,,
,,,,,,,,,,,CXCL14,,,,,,,,SERPINB9,SLC9C1,,,CEP89,,,,,,,FKBP1OD,CD195,CEACAM16,,,,,ZNF516B,,,,,,,,,,RF00107,RABLL1,RABGEF1,,,,,,,,,,,RAB3GAP1,,,SLC39A7,,AGPAT4,,,AGPAT4,,,,,,,,,,,,,,,,,,,,,,,,,,,,,,,
,,,,,,,,,,,CXCL17,,,,,,,,SERPINB9,SLC9C1,,,CEP89,,,,,,,FKBP1OE,CD196,SLC6A5,,,,,ZNF545C,,,,,,,,,,RF00110,RABLL1,RABGEF1,,,,,,,,,,,SLC25A39,,,SLC39A3,,SLAMF7,,,SLAMF7,,,,,,,,,,,,,,,,,,,,,,,,,,,,,,,
,,,,,,,,,,,CXCL1,,,,,,,,SERPINB9,SLC9C1,,,CEP89,,,,,,,FKBP1OF,CD197,ZSWIM6,,,,,ZNF496,,,,,,,,,,RF00111,RABLL1,RABGEF1,,,,,,,,,,,RAB3GAP1,,,SLC39A13,,BTN3A1,,,BTN3A1,,,,,,,,,,,,,,,,,,,,,,,,,,,,,,,
,,,,,,,,,,,CXCL5,,,,,,,,SERPINB9,SLC9C1,,,CEP89,,,,,,,FKBP1OG,CD205,CAPN11,,,,,ZNF515B,,,,,,,,,,RF00113,RABLL1,RABGEF1,,,,,,,,,,,SLC25A39,,,SLC39A9,,MIPEP,,,MIPEP,,,,,,,,,,,,,,,,,,,,,,,,,,,,,,,
,,,,,,,,,,,CXCL6,,,,,,,,SERPINB9,SLC9C1,,,CEP89,,,,,,,FKBP1OH,CD21,CEACAM18,,,,,ZNF544C,,,,,,,,,,RF00114,RABLL1,RABGEF1,,,,,,,,,,,RAB3GAP1,,,SLC39A2,,PRKCH,,,PRKCH,,,,,,,,,,,,,,,,,,,,,,,,,,,,,,,
,,,,,,,,,,,CXCL15,,,,,,,,SERPINB9,SLC9C1,,,CEP89,,,,,,,FKBP1OI,CD212,SLC6A6,,,,,ZNF495,,,,,,,,,,RF00115,RABLL1,RABGEF1,,,,,,,,,,,SLC25A39,,,SLC39A8,,INSRR,,,INSRR,,,,,,,,,,,,,,,,,,,,,,,,,,,,,,,
,,,,,,,,,,,CXCL16,,,,,,,,SERPINB9,SLC9C1,,,CEP89,,,,,,,FKBP1OJ,CD215,ZSWIM5,,,,,ZNF514B,,,,,,,,,,RF00116,RABLL1,RABGEF1,,,,,,,,,,,RAB3GAP1,,,SLC39A1,,IFNGR1,,,IFNGR1,,,,,,,,,,,,,,,,,,,,,,,,,,,,,,,
,,,,,,,,,,,CXCL9,,,,,,,,SERPINB9,SLC9C1,,,CEP89,,,,,,,FKBP1OK,CD217,CAPN12,,,,,ZNF543C,,,,,,,,,,RF00118,RABLL1,RABGEF1,,,,,,,,,,,SLC25A39,,,SLC39A1,,B4GALT7,,,B4GALT7,,,,,,,,,,,,,,,,,,,,,,,,,,,,,,,
,,,,,,,,,,,CXCL11,,,,,,,,SERPINB9,SLC9C1,,,CEP89,,,,,,,FKBP1OL,CD218A,CEACAM19,,,,,ZNF494,,,,,,,,,,RF00119,RABLL1,RABGEF1,,,,,,,,,,,RAB3GAP1,,,SLC39A15,,SH2D2A,,,SH2D2A,,,,,,,,,,,,,,,,,,,,,,,,,,,,,,,
,,,,,,,,,,,CXCL13,,,,,,,,SERPINB9,SLC9C1,,,CEP89,,,,,,,FKBP1OM,CD218B,SLC6A7,,,,,ZNF513B,,,,,,,,,,RF00120,RABLL1,RABGEF1,,,,,,,,,,,SLC25A39,,,SLC39A6,,VRK2,,,VRK2,,,,,,,,,,,,,,,,,,,,,,,,,,,,,,,
,,,,,,,,,,,CXCL14,,,,,,,,SERPINB9,SLC9C1,,,CEP89,,,,,,,FKBP1ON,CD227,ZSWIM4,,,,,ZNF542C,,,,,,,,,,RF00122,RABLL1,RABGEF1,,,,,,,,,,,RAB3GAP1,,,SLC39A12,,TNFRSF1B,,,TNFRSF1B,,,,,,,,,,,,,,,,,,,,,,,,,,,,,,,
,,,,,,,,,,,CXCL17,,,,,,,,SERPINB9,SLC9C1,,,CEP89,,,,,,,FKBP1OO,CD23,CAPN13,,,,,ZNF493,,,,,,,,,,RF00123,RABLL1,RABGEF1,,,,,,,,,,,SLC25A39,,,SLC39A10,,VEZT,,,VEZT,,,,,,,,,,,,,,,,,,,,,,,,,,,,,,,
,,,,,,,,,,,CXCL1,,,,,,,,SERPINB9,SLC9C1,,,CEP89,,,,,,,FKBP1OP,CD248,CEACAM20,,,,,ZNF512B,,,,,,,,,,RF00125,RABLL1,RABGEF1,,,,,,,,,,,RAB3GAP1,,,SLC39A11,,POU2F2,,,POU2F2,,,,,,,,,,,,,,,,,,,,,,,,,,,,,,,
,,,,,,,,,,,CXCL5,,,,,,,,SERPINB9,SLC9C1,,,CEP89,,,,,,,FKBP1OQ,CD25,SLC6A8,,,,,ZNF541C,,,,,,,,,,RF00126,RABLL1,RABGEF1,,,,,,,,,,,SLC25A39,,,SLC39A4,,BRD9,,,BRD9,,,,,,,,,,,,,,,,,,,,,,,,,,,,,,,
,,,,,,,,,,,CXCL6,,,,,,,,SERPINB9,SLC9C1,,,CEP89,,,,,,,FKBP1OR,CD252,ZSWIM3,,,,,ZNF492,,,,,,,,,,RF00127,RABLL1,RABGEF1,,,,,,,,,,,RAB3GAP1,,,SLC39A14,,SNX1,,,SNX1,,,,,,,,,,,,,,,,,,,,,,,,,,,,,,,
,,,,,,,,,,,CXCL15,,,,,,,,SERPINB9,SLC9C1,,,CEP89,,,,,,,FKBP1OS,CD253,CAPN14,,,,,ZNF511B,,,,,,,,,,RF00128,RABLL1,RABGEF1,,,,,,,,,,,SLC25A39,,,SLC39A5,,TBPL1,,,TBPL1,,,,,,,,,,,,,,,,,,,,,,,,,,,,,,,
,,,,,,,,,,,CXCL16,,,,,,,,SERPINB9,SLC9C1,,,CEP89,,,,,,,FKBP1OT,CD254,CEACAM21,,,,,ZNF540C,,,,,,,,,,RF00129,RABLL1,RABGEF1,,,,,,,,,,,RAB3GAP1,,,SLC39A7,,ARNTL2,,,ARNTL2,,,,,,,,,,,,,,,,,,,,,,,,,,,,,,,
,,,,,,,,,,,CXCL9,,,,,,,,SERPINB9,SLC9C1,,,CEP89,,,,,,,FKBP1OU,CD258,SLC6A9,,,,,ZNF491,,,,,,,,,,RF00130,RABLL1,RABGEF1,,,,,,,,,,,SLC25A39,,,SLC39A3,,BCLAF1,,,BCLAF1,,,,,,,,,,,,,,,,,,,,,,,,,,,,,,,
,,,,,,,,,,,CXCL11,,,,,,,,SERPINB9,SLC9C1,,,CEP89,,,,,,,FKBP1OV,CD261,ZSWIM2,,,,,ZNF510B,,,,,,,,,,RF00131,RABLL1,RABGEF1,,,,,,,,,,,RAB3GAP1,,,SLC39A13,,SLC39A9,,,SLC39A9,,,,,,,,,,,,,,,,,,,,,,,,,,,,,,,
,,,,,,,,,,,CXCL13,,,,,,,,SERPINB9,SLC9C1,,,CEP89,,,,,,,FKBP1OW,CD262,CAPN15,,,,,ZNF539C,,,,,,,,,,RF00132,RABLL1,RABGEF1,,,,,,,,,,,SLC25A39,,,SLC39A9,,ANK1,,,ANK1,,,,,,,,,,,,,,,,,,,,,,,,,,,,,,,
,,,,,,,,,,,CXCL14,,,,,,,,SERPINB9,SLC9C1,,,CEP89,,,,,,,FKBP1OX,CD263,CEACAM22P,,,,,ZNF490,,,,,,,,,,RF00133,RABLL1,RABGEF1,,,,,,,,,,,RAB3GAP1,,,SLC39A2,,IBSP,,,IBSP,,,,,,,,,,,,,,,,,,,,,,,,,,,,,,,
,,,,,,,,,,,CXCL17,,,,,,,,SERPINB9,SLC9C1,,,CEP89,,,,,,,FKBP1OY,CD264,SLC6A1,,,,,ZNF509B,,,,,,,,,,RF00134,RABLL1,RABGEF1,,,,,,,,,,,SLC25A39,,,SLC39A8,,TFB1M,,,TFB1M,,,,,,,,,,,,,,,,,,,,,,,,,,,,,,,
,,,,,,,,,,,CXCL1,,,,,,,,SERPINB9,SLC9C1,,,CEP89,,,,,,,FKBP1OZ,CD265,ZSWIM1,,,,,ZNF538C,,,,,,,,,,RF00135,RABLL1,RABGEF1,,,,,,,,,,,RAB3GAP1,,,SLC39A1,,RABEP1,,,RABEP1,,,,,,,,,,,,,,,,,,,,,,,,,,,,,,,
,,,,,,,,,,,CXCL5,,,,,,,,SERPINB9,SLC9C1,,,CEP89,,,,,,,FKBP1PA,CD266,CAPN2,,,,,ZNF489,,,,,,,,,,RF00136,RABLL1,RABGEF1,,,,,,,,,,,SLC25A39,,,SLC39A1,,NUP160,,,NUP160,,,,,,,,,,,,,,,,,,,,,,,,,,,,,,,
,,,,,,,,,,,CXCL6,,,,,,,,SERPINB9,SLC9C1,,,CEP89,,,,,,,FKBP1PB,CD267,CEACAM3,,,,,ZNF508B,,,,,,,,,,RF00137,RABLL1,RABGEF1,,,,,,,,,,,RAB3GAP1,,,SLC39A15,,BAK1,,,BAK1,,,,,,,,,,,,,,,,,,,,,,,,,,,,,,,
,,,,,,,,,,,CXCL15,,,,,,,,SERPINB9,SLC9C1,,,CEP89,,,,,,,FKBP1PC,CD268,SLC7A1,,,,,ZNF537C,,,,,,,,,,RF00138,RABLL1,RABGEF1,,,,,,,,,,,SLC25A39,,,SLC39A6,,MUSK,,,MUSK,,,,,,,,,,,,,,,,,,,,,,,,,,,,,,,
,,,,,,,,,,,CXCL16,,,,,,,,SERPINB9,SLC9C1,,,CEP89,,,,,,,FKBP1PD,CD269,ZXDA,,,,,ZNF488,,,,,,,,,,RF00139,RABLL1,RABGEF1,,,,,,,,,,,RAB3GAP1,,,SLC39A12,,IKZF2,,,IKZF2,,,,,,,,,,,,,,,,,,,,,,,,,,,,,,,
,,,,,,,,,,,CXCL9,,,,,,,,SERPINB9,SLC9C1,,,CEP89,,,,,,,FKBP1PE,CD271,CAPN3,,,,,ZNF507B,,,,,,,,,,RF00140,RABLL1,RABGEF1,,,,,,,,,,,SLC25A39,,,SLC39A10,,GRN,,,GRN,,,,,,,,,,,,,,,,,,,,,,,,,,,,,,,
,,,,,,,,,,,CXCL11,,,,,,,,SERPINB9,SLC9C1,,,CEP89,,,,,,,FKBP1PF,CD272,CEACAM4,,,,,ZNF536C,,,,,,,,,,RF00141,RABLL1,RABGEF1,,,,,,,,,,,RAB3GAP1,,,SLC39A11,,FAM13B,,,FAM13B,,,,,,,,,,,,,,,,,,,,,,,,,,,,,,,
,,,,,,,,,,,CXCL13,,,,,,,,SERPINB9,SLC9C1,,,CEP89,,,,,,,FKBP1PG,CD273,SLC7A10,,,,,ZNF487,,,,,,,,,,RF00142,RABLL1,RABGEF1,,,,,,,,,,,SLC25A39,,,SLC39A4,,ARHGAP31,,,ARHGAP31,,,,,,,,,,,,,,,,,,,,,,,,,,,,,,,
,,,,,,,,,,,CXCL14,,,,,,,,SERPINB9,SLC9C1,,,CEP89,,,,,,,FKBP1PH,CD275,ZXDB,,,,,ZNF506B,,,,,,,,,,RF00143,RABLL1,RABGEF1,,,,,,,,,,,RAB3GAP1,,,SLC39A14,,CENPQ,,,CENPQ,,,,,,,,,,,,,,,,,,,,,,,,,,,,,,,
,,,,,,,,,,,CXCL17,,,,,,,,SERPINB9,SLC9C1,,,CEP89,,,,,,,FKBP1PI,CD277,CAPN5,,,,,ZNF535C,,,,,,,,,,RF00144,RABLL1,RABGEF1,,,,,,,,,,,SLC25A39,,,SLC39A5,,SARS1,,,SARS1,,,,,,,,,,,,,,,,,,,,,,,,,,,,,,,
,,,,,,,,,,,CXCL1,,,,,,,,SERPINB9,SLC9C1,,,CEP89,,,,,,,FKBP1PJ,CD278,CEACAM5,,,,,ZNF486,,,,,,,,,,RF00145,RABLL1,RABGEF1,,,,,,,,,,,RAB3GAP1,,,SLC39A7,,RANBP3,,,RANBP3,,,,,,,,,,,,,,,,,,,,,,,,,,,,,,,
,,,,,,,,,,,CXCL5,,,,,,,,SERPINB9,SLC9C1,,,CEP89,,,,,,,FKBP1PK,CD281,SLC7A11,,,,,ZNF505B,,,,,,,,,,RF00146,RABLL1,RABGEF1,,,,,,,,,,,SLC25A39,,,SLC39A3,,ARID4A,,,ARID4A,,,,,,,,,,,,,,,,,,,,,,,,,,,,,,,
,,,,,,,,,,,CXCL6,,,,,,,,SERPINB9,SLC9C1,,,CEP89,,,,,,,FKBP1PL,CD29,ZXDC,,,,,ZNF534C,,,,,,,,,,RF00147,RABLL1,RABGEF1,,,,,,,,,,,RAB3GAP1,,,SLC39A13,,EIPR1,,,EIPR1,,,,,,,,,,,,,,,,,,,,,,,,,,,,,,,
,,,,,,,,,,,CXCL15,,,,,,,,SERPINB9,SLC9C1,,,CEP89,,,,,,,FKBP1PM,CD294,CAPN6,,,,,ZNF485,,,,,,,,,,RF00148,RABLL1,RABGEF1,,,,,,,,,,,SLC25A39,,,SLC39A9,,PNPLA6,,,PNPLA6,,,,,,,,,,,,,,,,,,,,,,,,,,,,,,,
,,,,,,,,,,,CXCL16,,,,,,,,SERPINB9,SLC9C1,,,CEP89,,,,,,,FKBP1PN,CD305,CEACAM6,,,,,ZNF504B,,,,,,,,,,RF00149,RABLL1,RABGEF1,,,,,,,,,,,RAB3GAP1,,,SLC39A2,,IFT88,,,IFT88,,,,,,,,,,,,,,,,,,,,,,,,,,,,,,,
,,,,,,,,,,,CXCL9,,,,,,,,SERPINB9,SLC9C1,,,CEP89,,,,,,,FKBP1PO,CD306,SLC7A13,,,,,ZNF533C,,,,,,,,,,RF00150,RABLL1,RABGEF1,,,,,,,,,,,SLC25A39,,,SLC39A8,,ALG1,,,ALG1,,,,,,,,,,,,,,,,,,,,,,,,,,,,,,,
,,,,,,,,,,,CXCL11,,,,,,,,SERPINB9,SLC9C1,,,CEP89,,,,,,,FKBP1PP,CD307A,ZYG11B,,,,,ZNF484,,,,,,,,,,RF00151,RABLL1,RABGEF1,,,,,,,,,,,RAB3GAP1,,,SLC39A1,,ZCCHC8,,,ZCCHC8,,,,,,,,,,,,,,,,,,,,,,,,,,,,,,,
,,,,,,,,,,,CXCL13,,,,,,,,SERPINB9,SLC9C1,,,CEP89,,,,,,,FKBP1PQ,CD307B,CAPN7,,,,,ZNF503B,,,,,,,,,,RF00152,RABLL1,RABGEF1,,,,,,,,,,,SLC25A39,,,SLC39A1,,ABCF2,,,ABCF2,,,,,,,,,,,,,,,,,,,,,,,,,,,,,,,
,,,,,,,,,,,CXCL14,,,,,,,,SERPINB9,SLC9C1,,,CEP89,,,,,,,FKBP1PR,CD309,CEACAM7,,,,,ZNF532C,,,,,,,,,,RF00153,RABLL1,RABGEF1,,,,,,,,,,,RAB3GAP1,,,SLC39A15,,CHPF2,,,CHPF2,,,,,,,,,,,,,,,,,,,,,,,,,,,,,,,
,,,,,,,,,,,CXCL17,,,,,,,,SERPINB9,SLC9C1,,,CEP89,,,,,,,FKBP1PS,CD310,SLC7A14,,,,,ZNF483,,,,,,,,,,RF00154,RABLL1,RABGEF1,,,,,,,,,,,SLC25A39,,,SLC39A6,,LRRC7,,,LRRC7,,,,,,,,,,,,,,,,,,,,,,,,,,,,,,,
,,,,,,,,,,,CXCL1,,,,,,,,SERPINB9,SLC9C1,,,CEP89,,,,,,,FKBP1PT,CD313,ZYG11A,,,,,ZNF502B,,,,,,,,,,RF00155,RABLL1,RABGEF1,,,,,,,,,,,RAB3GAP1,,,SLC39A12,,FUT8,,,FUT8,,,,,,,,,,,,,,,,,,,,,,,,,,,,,,,
,,,,,,,,,,,CXCL5,,,,,,,,SERPINB9,SLC9C1,,,CEP89,,,,,,,FKBP1PU,CD324,CAPN8,,,,,ZNF531C,,,,,,,,,,RF00156,RABLL1,RABGEF1,,,,,,,,,,,SLC25A39,,,SLC39A10,,UBA6,,,UBA6,,,,,,,,,,,,,,,,,,,,,,,,,,,,,,,
,,,,,,,,,,,CXCL6,,,,,,,,SERPINB9,SLC9C1,,,CEP89,,,,,,,FKBP1PV,CD325,CEACAM8,,,,,ZNF482,,,,,,,,,,RF00157,RABLL1,RABGEF1,,,,,,,,,,,RAB3GAP1,,,SLC39A11,,GAB2,,,GAB2,,,,,,,,,,,,,,,,,,,,,,,,,,,,,,,
,,,,,,,,,,,CXCL15,,,,,,,,SERPINB9,SLC9C1,,,CEP89,,,,,,,FKBP1PW,CD333,SLC7A2,,,,,ZNF501B,,,,,,,,,,RF00158,RABLL1,RABGEF1,,,,,,,,,,,SLC25A39,,,SLC39A4,,ATP6V0A1,,,ATP6V0A1,,,,,,,,,,,,,,,,,,,,,,,,,,,,,,,
,,,,,,,,,,,CXCL16,,,,,,,,SERPINB9,SLC9C1,,,CEP89,,,,,,,FKBP1PX,CD334,ZWILCH,,,,,ZNF530C,,,,,,,,,,RF00159,RABLL1,RABGEF1,,,,,,,,,,,RAB3GAP1,,,SLC39A14,,PIAS1,,,PIAS1,,,,,,,,,,,,,,,,,,,,,,,,,,,,,,,
,,,,,,,,,,,CXCL9,,,,,,,,SERPINB9,SLC9C1,,,CEP89,,,,,,,FKBP1PY,CD335,CAPN9,,,,,ZNF481,,,,,,,,,,RF00160,RABLL1,RABGEF1,,,,,,,,,,,SLC25A39,,,SLC39A5,,SLC4A7,,,SLC4A7,,,,,,,,,,,,,,,,,,,,,,,,,,,,,,,
,,,,,,,,,,,CXCL11,,,,,,,,SERPINB9,SLC9C1,,,CEP89,,,,,,,FKBP1PZ,CD336,CEACAM8P,,,,,ZNF500B,,,,,,,,,,RF00161,RABLL1,RABGEF1,,,,,,,,,,,RAB3GAP1,,,SLC39A7,,APBA2,,,APBA2,,,,,,,,,,,,,,,,,,,,,,,,,,,,,,,
,,,,,,,,,,,CXCL13,,,,,,,,SERPINB9,SLC9C1,,,CEP89,,,,,,,FKBP1QA,CD341,SLC7A3,,,,,ZNF529C,,,,,,,,,,RF00162,RABLL1,RABGEF1,,,,,,,,,,,SLC25A39,,,SLC39A3,,MAP2K3,,,MAP2K3,,,,,,,,,,,,,,,,,,,,,,,,,,,,,,,
,,,,,,,,,,,CXCL14,,,,,,,,SERPINB9,SLC9C1,,,CEP89,,,,,,,FKBP1QB,CD342,ZWINT,,,,,ZNF480,,,,,,,,,,RF00163,RABLL1,RABGEF1,,,,,,,,,,,RAB3GAP1,,,SLC39A13,,EFCAB1,,,EFCAB1,,,,,,,,,,,,,,,,,,,,,,,,,,,,,,,
,,,,,,,,,,,CXCL17,,,,,,,,SERPINB9,SLC9C1,,,CEP89,,,,,,,FKBP1QC,CD346,CAPNS1,,,,,ZNF499B,,,,,,,,,,RF00164,RABLL1,RABGEF1,,,,,,,,,,,SLC25A39,,,SLC39A9,,TMSB10,,,TMSB10,,,,,,,,,,,,,,,,,,,,,,,,,,,,,,,
,,,,,,,,,,,CXCL1,,,,,,,,SERPINB9,SLC9C1,,,CEP89,,,,,,,FKBP1QD,CD348,CEACAM9,,,,,ZNF528C,,,,,,,,,,RF00165,RABLL1,RABGEF1,,,,,,,,,,,RAB3GAP1,,,SLC39A2,,ASTE1,,,ASTE1,,,,,,,,,,,,,,,,,,,,,,,,,,,,,,,
,,,,,,,,,,,CXCL5,,,,,,,,SERPINB9,SLC9C1,,,CEP89,,,,,,,FKBP1QE,CD359,SLC7A4,,,,,ZNF479,,,,,,,,,,RF00166,RABLL1,RABGEF1,,,,,,,,,,,SLC25A39,,,SLC39A8,,RNF19A,,,RNF19A,,,,,,,,,,,,,,,,,,,,,,,,,,,,,,,
,,,,,,,,,,,CXCL6,,,,,,,,SERPINB9,SLC9C1,,,CEP89,,,,,,,FKBP1QF,CD365,ZSCAN22,,,,,ZNF498B,,,,,,,,,,RF00167,RABLL1,RABGEF1,,,,,,,,,,,RAB3GAP1,,,SLC39A1,,PEX3,,,PEX3,,,,,,,,,,,,,,,,,,,,,,,,,,,,,,,
,,,,,,,,,,,CXCL15,,,,,,,,SERPINB9,SLC9C1,,,CEP89,,,,,,,FKBP1QG,CD379P1,CAPNS2,,,,,ZNF527C,,,,,,,,,,RF00168,RABLL1,RABGEF1,,,,,,,,,,,SLC25A39,,,SLC39A1,,GABARAPL2,,,GABARAPL2,,,,,,,,,,,,,,,,,,,,,,,,,,,,,,,
,,,,,,,,,,,CXCL16,,,,,,,,SERPINB9,SLC9C1,,,CEP89,,,,,,,FKBP1QH,CD385,CEBPB,,,,,ZNF478,,,,,,,,,,RF00169,RABLL1,RABGEF1,,,,,,,,,,,RAB3GAP1,,,SLC39A15,,MYOC,,,MYOC,,,,,,,,,,,,,,,,,,,,,,,,,,,,,,,
,,,,,,,,,,,CXCL9,,,,,,,,SERPINB9,SLC9C1,,,CEP89,,,,,,,FKBP1QI,CD386,SLC7A5,,,,,ZNF497B,,,,,,,,,,RF00170,RABLL1,RABGEF1,,,,,,,,,,,SLC25A39,,,SLC39A6,,SH3YL1,,,SH3YL1,,,,,,,,,,,,,,,,,,,,,,,,,,,,,,,
,,,,,,,,,,,CXCL11,,,,,,,,SERPINB9,SLC9C1,,,CEP89,,,,,,,FKBP1QJ,CD387,ZSCAN21,,,,,ZNF526C,,,,,,,,,,RF00171,RABLL1,RABGEF1,,,,,,,,,,,RAB3GAP1,,,SLC39A12,,FAM136A,,,FAM136A,,,,,,,,,,,,,,,,,,,,,,,,,,,,,,,
,,,,,,,,,,,CXCL13,,,,,,,,SERPINB9,SLC9C1,,,CEP89,,,,,,,FKBP1QK,CD39L1,CAPRIN1,,,,,ZNF477,,,,,,,,,,RF00172,RABLL1,RABGEF1,,,,,,,,,,,SLC25A39,,,SLC39A10,,VCL,,,VCL,,,,,,,,,,,,,,,,,,,,,,,,,,,,,,,
,,,,,,,,,,,CXCL14,,,,,,,,SERPINB9,SLC9C1,,,CEP89,,,,,,,FKBP1QL,CD41,CEBPD,,,,,ZNF496B,,,,,,,,,,RF00173,RABLL1,RABGEF1,,,,,,,,,,,RAB3GAP1,,,SLC39A11,,DEPDC1B,,,DEPDC1B,,,,,,,,,,,,,,,,,,,,,,,,,,,,,,,
,,,,,,,,,,,CXCL17,,,,,,,,SERPINB9,SLC9C1,,,CEP89,,,,,,,FKBP1QM,CD42A,SLC7A6,,,,,ZNF525C,,,,,,,,,,RF00174,RABLL1,RABGEF1,,,,,,,,,,,SLC25A39,,,SLC39A4,,DAPK2,,,DAPK2,,,,,,,,,,,,,,,,,,,,,,,,,,,,,,,
,,,,,,,,,,,CXCL1,,,,,,,,SERPINB9,SLC9C1,,,CEP89,,,,,,,FKBP1QN,CD42B,ZSCAN23,,,,,ZNF476,,,,,,,,,,RF00175,RABLL1,RABGEF1,,,,,,,,,,,RAB3GAP1,,,SLC39A14,,NSMAF,,,NSMAF,,,,,,,,,,,,,,,,,,,,,,,,,,,,,,,
,,,,,,,,,,,CXCL5,,,,,,,,SERPINB9,SLC9C1,,,CEP89,,,,,,,FKBP1QO,CD49A,CAPSLAP,,,,,ZNF495B,,,,,,,,,,RF00176,RABLL1,RABGEF1,,,,,,,,,,,SLC25A39,,,SLC39A5,,ADSS2,,,ADSS2,,,,,,,,,,,,,,,,,,,,,,,,,,,,,,,
,,,,,,,,,,,CXCL6,,,,,,,,SERPINB9,SLC9C1,,,CEP89,,,,,,,FKBP1QP,CD49B,CEBPG,,,,,ZNF524C,,,,,,,,,,RF00177,RABLL1,RABGEF1,,,,,,,,,,,RAB3GAP1,,,SLC39A7,,STAP1,,,STAP1,,,,,,,,,,,,,,,,,,,,,,,,,,,,,,,
,,,,,,,,,,,CXCL15,,,,,,,,SERPINB9,SLC9C1,,,CEP89,,,,,,,FKBP1QQ,CD49C,SLC7A7,,,,,ZNF475,,,,,,,,,,RF00178,RABLL1,RABGEF1,,,,,,,,,,,SLC25A39,,,SLC39A3,,TIMP2,,,TIMP2,,,,,,,,,,,,,,,,,,,,,,,,,,,,,,,
,,,,,,,,,,,CXCL16,,,,,,,,SERPINB9,SLC9C1,,,CEP89,,,,,,,FKBP1QR,CD49D,ZSCAN29,,,,,ZNF494B,,,,,,,,,,RF00179,RABLL1,RABGEF1,,,,,,,,,,,RAB3GAP1,,,SLC39A13,,RFC1,,,RFC1,,,,,,,,,,,,,,,,,,,,,,,,,,,,,,,
,,,,,,,,,,,CXCL9,,,,,,,,SERPINB9,SLC9C1,,,CEP89,,,,,,,FKBP1QS,CD49E,CAPZA1,,,,,ZNF523C,,,,,,,,,,RF00180,RABLL1,RABGEF1,,,,,,,,,,,SLC25A39,,,SLC39A9,,TBC1D23,,,TBC1D23,,,,,,,,,,,,,,,,,,,,,,,,,,,,,,,
,,,,,,,,,,,CXCL11,,,,,,,,SERPINB9,SLC9C1,,,CEP89,,,,,,,FKBP1QT,CD53,CEBPZ,,,,,ZNF474,,,,,,,,,,RF00181,RABLL1,RABGEF1,,,,,,,,,,,RAB3GAP1,,,SLC39A2,,CUL3,,,CUL3,,,,,,,,,,,,,,,,,,,,,,,,,,,,,,,
,,,,,,,,,,,CXCL13,,,,,,,,SERPINB9,SLC9C1,,,CEP89,,,,,,,FKBP1QU,CD60,SLC7A8,,,,,ZNF493B,,,,,,,,,,RF00182,RABLL1,RABGEF1,,,,,,,,,,,SLC25A39,,,SLC39A8,,MYOM2,,,MYOM2,,,,,,,,,,,,,,,,,,,,,,,,,,,,,,,
,,,,,,,,,,,CXCL14,,,,,,,,SERPINB9,SLC9C1,,,CEP89,,,,,,,FKBP1QV,CD62P,ZSCAN4,,,,,ZNF522C,,,,,,,,,,RF00183,RABLL1,RABGEF1,,,,,,,,,,,RAB3GAP1,,,SLC39A1,,CYP46A1,,,CYP46A1,,,,,,,,,,,,,,,,,,,,,,,,,,,,,,,
,,,,,,,,,,,CXCL17,,,,,,,,SERPINB9,SLC9C1,,,CEP89,,,,,,,FKBP1QW,CD62L,CAPZA2,,,,,ZNF473,,,,,,,,,,RF00184,RABLL1,RABGEF1,,,,,,,,,,,SLC25A39,,,SLC39A1,,ZZZ3,,,ZZZ3,,,,,,,,,,,,,,,,,,,,,,,,,,,,,,,
,,,,,,,,,,,CXCL1,,,,,,,,SERPINB9,SLC9C1,,,CEP89,,,,,,,FKBP1QX,CD62E,CECR1,,,,,ZNF492B,,,,,,,,,,RF00185,RABLL1,RABGEF1,,,,,,,,,,,RAB3GAP1,,,SLC39A15,,SLC18A1,,,SLC18A1,,,,,,,,,,,,,,,,,,,,,,,,,,,,,,,
,,,,,,,,,,,CXCL5,,,,,,,,SERPINB9,SLC9C1,,,CEP89,,,,,,,FKBP1QY,CD62,SLC7A9,,,,,ZNF521C,,,,,,,,,,RF00186,RABLL1,RABGEF1,,,,,,,,,,,SLC25A39,,,SLC39A6,,USP2,,,USP2,,,,,,,,,,,,,,,,,,,,,,,,,,,,,,,
,,,,,,,,,,,CXCL6,,,,,,,,SERPINB9,SLC9C1,,,CEP89,,,,,,,FKBP1QZ,CD65,ZSWIM9,,,,,ZNF472,,,,,,,,,,RF00187,RABLL1,RABGEF1,,,,,,,,,,,RAB3GAP1,,,SLC39A12,,CASR,,,CASR,,,,,,,,,,,,,,,,,,,,,,,,,,,,,,,
,,,,,,,,,,,CXCL15,,,,,,,,SERPINB9,SLC9C1,,,CEP89,,,,,,,FKBP1RA,CD75S,CAPZB,,,,,ZNF491B,,,,,,,,,,RF00188,RABLL1,RABGEF1,,,,,,,,,,,SLC25A39,,,SLC39A10,,TUBG2,,,TUBG2,,,,,,,,,,,,,,,,,,,,,,,,,,,,,,,
,,,,,,,,,,,CXCL16,,,,,,,,SERPINB9,SLC9C1,,,CEP89,,,,,,,FKBP1RB,CD80,CECR2,,,,,ZNF520C,,,,,,,,,,RF00189,RABLL1,RABGEF1,,,,,,,,,,,RAB3GAP1,,,SLC39A11,,FLT4,,,FLT4,,,,,,,,,,,,,,,,,,,,,,,,,,,,,,,
,,,,,,,,,,,CXCL9,,,,,,,,SERPINB9,SLC9C1,,,CEP89,,,,,,,FKBP1RC,CD85A,SLC8A1,,,,,ZNF471,,,,,,,,,,RF00190,RABLL1,RABGEF1,,,,,,,,,,,SLC25A39,,,SLC39A4,,NSUN2,,,NSUN2,,,,,,,,,,,,,,,,,,,,,,,,,,,,,,,
,,,,,,,,,,,CXCL11,,,,,,,,SERPINB9,SLC9C1,,,CEP89,,,,,,,FKBP1RD,CD85B,ZSWIM8,,,,,ZNF490B,,,,,,,,,,RF00191,RABLL1,RABGEF1,,,,,,,,,,,RAB3GAP1,,,SLC39A14,,FBXO42,,,FBXO42,,,,,,,,,,,,,,,,,,,,,,,,,,,,,,,
,,,,,,,,,,,CXCL13,,,,,,,,SERPINB9,SLC9C1,,,CEP89,,,,,,,FKBP1RE,CD85C,CARF,,,,,ZNF519C,,,,,,,,,,RF00192,RABLL1,RABGEF1,,,,,,,,,,,SLC25A39,,,SLC39A5,,MFAP3,,,MFAP3,,,,,,,,,,,,,,,,,,,,,,,,,,,,,,,
,,,,,,,,,,,CXCL14,,,,,,,,SERPINB9,SLC9C1,,,CEP89,,,,,,,FKBP1RF,CD85D,CECR5,,,,,ZNF470,,,,,,,,,,RF00193,RABLL1,RABGEF1,,,,,,,,,,,RAB3GAP1,,,SLC39A7,,MRI1,,,MRI1,,,,,,,,,,,,,,,,,,,,,,,,,,,,,,,
,,,,,,,,,,,CXCL17,,,,,,,,SERPINB9,SLC9C1,,,CEP89,,,,,,,FKBP1RG,CD85E,SLC8A2,,,,,ZNF489B,,,,,,,,,,RF00194,RABLL1,RABGEF1,,,,,,,,,,,SLC25A39,,,SLC39A3,,METTL1,,,METTL1,,,,,,,,,,,,,,,,,,,,,,,,,,,,,,,
,,,,,,,,,,,CXCL1,,,,,,,,SERPINB9,SLC9C1,,,CEP89,,,,,,,FKBP1RH,CD85F,ZSWIM7,,,,,ZNF518C,,,,,,,,,,RF00195,RABLL1,RABGEF1,,,,,,,,,,,RAB3GAP1,,,SLC39A13,,HOXC8,,,HOXC8,,,,,,,,,,,,,,,,,,,,,,,,,,,,,,,
,,,,,,,,,,,CXCL5,,,,,,,,SERPINB9,SLC9C1,,,CEP89,,,,,,,FKBP1RI,CD85G,CARHSP1,,,,,ZNF469,,,,,,,,,,RF00196,RABLL1,RABGEF1,,,,,,,,,,,SLC25A39,,,SLC39A9,,AGA,,,AGA,,,,,,,,,,,,,,,,,,,,,,,,,,,,,,,
,,,,,,,,,,,CXCL6,,,,,,,,SERPINB9,SLC9C1,,,CEP89,,,,,,,FKBP1RJ,CD85H,CELA1,,,,,ZNF488B,,,,,,,,,,RF00197,RABLL1,RABGEF1,,,,,,,,,,,RAB3GAP1,,,SLC39A2,,PI4K2B,,,PI4K2B,,,,,,,,,,,,,,,,,,,,,,,,,,,,,,,
,,,,,,,,,,,CXCL15,,,,,,,,SERPINB9,SLC9C1,,,CEP89,,,,,,,FKBP1RK,CD85I,SLC8A3,,,,,ZNF517C,,,,,,,,,,RF00198,RABLL1,RABGEF1,,,,,,,,,,,SLC25A39,,,SLC39A8,,BOD1L1,,,BOD1L1,,,,,,,,,,,,,,,,,,,,,,,,,,,,,,,
,,,,,,,,,,,CXCL16,,,,,,,,SERPINB9,SLC9C1,,,CEP89,,,,,,,FKBP1RL,CD85J,ZSWIM6,,,,,ZNF468,,,,,,,,,,RF00199,RABLL1,RABGEF1,,,,,,,,,,,RAB3GAP1,,,SLC39A1,,MAT2B,,,MAT2B,,,,,,,,,,,,,,,,,,,,,,,,,,,,,,,
,,,,,,,,,,,CXCL9,,,,,,,,SERPINB9,SLC9C1,,,CEP89,,,,,,,FKBP1RM,CD85K,CARHSP1OS,,,,,ZNF487B,,,,,,,,,,RF00200,RABLL1,RABGEF1,,,,,,,,,,,SLC25A39,,,SLC39A1,,TLL1,,,TLL1,,,,,,,,,,,,,,,,,,,,,,,,,,,,,,,
,,,,,,,,,,,CXCL11,,,,,,,,SERPINB9,SLC9C1,,,CEP89,,,,,,,FKBP1RN,CD85N,CELA2B,,,,,ZNF516C,,,,,,,,,,RF00201,RABLL1,RABGEF1,,,,,,,,,,,RAB3GAP1,,,SLC39A15,,EDC4,,,EDC4,,,,,,,,,,,,,,,,,,,,,,,,,,,,,,,
,,,,,,,,,,,CXCL13,,,,,,,,SERPINB9,SLC9C1,,,CEP89,,,,,,,FKBP1RO,CD85O,SLC9A3,,,,,ZNF467,,,,,,,,,,RF00202,RABLL1,RABGEF1,,,,,,,,,,,SLC25A39,,,SLC39A6,,TRIO,,,TRIO,,,,,,,,,,,,,,,,,,,,,,,,,,,,,,,
,,,,,,,,,,,CXCL14,,,,,,,,SERPINB9,SLC9C1,,,CEP89,,,,,,,FKBP1RP,CD85P,ZSWIM5,,,,,ZNF486B,,,,,,,,,,RF00203,RABLL1,RABGEF1,,,,,,,,,,,RAB3GAP1,,,SLC39A12,,VCAN,,,VCAN,,,,,,,,,,,,,,,,,,,,,,,,,,,,,,,
,,,,,,,,,,,CXCL17,,,,,,,,SERPINB9,SLC9C1,,,CEP89,,,,,,,FKBP1RQ,CD85S,CARS,,,,,ZNF515C,,,,,,,,,,RF00204,RABLL1,RABGEF1,,,,,,,,,,,SLC25A39,,,SLC39A10,,CLEC16A,,,CLEC16A,,,,,,,,,,,,,,,,,,,,,,,,,,,,,,,
,,,,,,,,,,,CXCL1,,,,,,,,SERPINB9,SLC9C1,,,CEP89,,,,,,,FKBP1RR,CD85T,CELA3B,,,,,ZNF466,,,,,,,,,,RF00205,RABLL1,RABGEF1,,,,,,,,,,,RAB3GAP1,,,SLC39A11,,MSR1,,,MSR1,,,,,,,,,,,,,,,,,,,,,,,,,,,,,,,
,,,,,,,,,,,CXCL5,,,,,,,,SERPINB9,SLC9C1,,,CEP89,,,,,,,FKBP1RS,CD85U,SLC9A4,,,,,ZNF485B,,,,,,,,,,RF00206,RABLL1,RABGEF1,,,,,,,,,,,SLC25A39,,,SLC39A4,,CDH1,,,CDH1,,,,,,,,,,,,,,,,,,,,,,,,,,,,,,,
,,,,,,,,,,,CXCL6,,,,,,,,SERPINB9,SLC9C1,,,CEP89,,,,,,,FKBP1RT,CD86,ZSWIM4,,,,,ZNF514C,,,,,,,,,,RF00207,RABLL1,RABGEF1,,,,,,,,,,,RAB3GAP1,,,SLC39A14,,MTREX,,,MTREX,,,,,,,,,,,,,,,,,,,,,,,,,,,,,,,
,,,,,,,,,,,CXCL15,,,,,,,,SERPINB9,SLC9C1,,,CEP89,,,,,,,FKBP1RU,CD87,CARTPT,,,,,ZNF465,,,,,,,,,,RF00208,RABLL1,RABGEF1,,,,,,,,,,,SLC25A39,,,SLC39A5,,DNAH5,,,DNAH5,,,,,,,,,,,,,,,,,,,,,,,,,,,,,,,
,,,,,,,,,,,CXCL16,,,,,,,,SERPINB9,SLC9C1,,,CEP89,,,,,,,FKBP1RV,CD88,CELA3,,,,,ZNF484B,,,,,,,,,,RF00209,RABLL1,RABGEF1,,,,,,,,,,,RAB3GAP1,,,SLC39A7,,ZFYVE16,,,ZFYVE16,,,,,,,,,,,,,,,,,,,,,,,,,,,,,,,
,,,,,,,,,,,CXCL9,,,,,,,,SERPINB9,SLC9C1,,,CEP89,,,,,,,FKBP1RW,CD89,SLC9A5,,,,,ZNF513C,,,,,,,,,,RF00210,RABLL1,RABGEF1,,,,,,,,,,,SLC25A39,,,SLC39A3,,RIPOR1,,,RIPOR1,,,,,,,,,,,,,,,,,,,,,,,,,,,,,,,
,,,,,,,,,,,CXCL11,,,,,,,,SERPINB9,SLC9C1,,,CEP89,,,,,,,FKBP1RX,CD91,ZSWIM3,,,,,ZNF464,,,,,,,,,,RF00211,RABLL1,RABGEF1,,,,,,,,,,,RAB3GAP1,,,SLC39A13,,C6,,,C6,,,,,,,,,,,,,,,,,,,,,,,,,,,,,,,
,,,,,,,,,,,CXCL13,,,,,,,,SERPINB9,SLC9C1,,,CEP89,,,,,,,FKBP1RY,CD93,CASK,,,,,ZNF483B,,,,,,,,,,RF00212,RABLL1,RABGEF1,,,,,,,,,,,SLC25A39,,,SLC39A9,,RAI14,,,RAI14,,,,,,,,,,,,,,,,,,,,,,,,,,,,,,,
,,,,,,,,,,,CXCL14,,,,,,,,SERPINB9,SLC9C1,,,CEP89,,,,,,,FKBP1RZ,CD99R2,CELB,,,,,ZNF512C,,,,,,,,,,RF00213,RABLL1,RABGEF1,,,,,,,,,,,RAB3GAP1,,,SLC39A2,,SOX30,,,SOX30,,,,,,,,,,,,,,,,,,,,,,,,,,,,,,,
,,,,,,,,,,,CXCL17,,,,,,,,SERPINB9,SLC9C1,,,CEP89,,,,,,,FKBP1SA,CD104,SLC9A6,,,,,ZNF463,,,,,,,,,,RF00214,RABLL1,RABGEF1,,,,,,,,,,,SLC25A39,,,SLC39A8,,PNKP,,,PNKP,,,,,,,,,,,,,,,,,,,,,,,,,,,,,,,
,,,,,,,,,,,CXCL1,,,,,,,,SERPINB9,SLC9C1,,,CEP89,,,,,,,FKBP1SB,CD115,ZSWIM2,,,,,ZNF482B,,,,,,,,,,RF00215,RABLL1,RABGEF1,,,,,,,,,,,RAB3GAP1,,,SLC39A1,,BEST2,,,BEST2,,,,,,,,,,,,,,,,,,,,,,,,,,,,,,,
,,,,,,,,,,,CXCL5,,,,,,,,SERPINB9,SLC9C1,,,CEP89,,,,,,,FKBP1SC,CD124,CASKIN1,,,,,ZNF511C,,,,,,,,,,RF00216,RABLL1,RABGEF1,,,,,,,,,,,SLC25A39,,,SLC39A1,,PHLPP2,,,PHLPP2,,,,,,,,,,,,,,,,,,,,,,,,,,,,,,,
,,,,,,,,,,,CXCL6,,,,,,,,SERPINB9,SLC9C1,,,CEP89,,,,,,,FKBP1SD,CD125,CEL,,,,,ZNF462,,,,,,,,,,RF00217,RABLL1,RABGEF1,,,,,,,,,,,RAB3GAP1,,,SLC39A15,,SPDL1,,,SPDL1,,,,,,,,,,,,,,,,,,,,,,,,,,,,,,,
,,,,,,,,,,,CXCL15,,,,,,,,SERPINB9,SLC9C1,,,CEP89,,,,,,,FKBP1SE,CD128,SLC9A7,,,,,ZNF481B,,,,,,,,,,RF00218,RABLL1,RABGEF1,,,,,,,,,,,SLC25A39,,,SLC39A6,,STAU2,,,STAU2,,,,,,,,,,,,,,,,,,,,,,,,,,,,,,,
,,,,,,,,,,,CXCL16,,,,,,,,SERPINB9,SLC9C1,,,CEP89,,,,,,,FKBP1SF,CD129,ZSWIM1,,,,,ZNF510C,,,,,,,,,,RF00219,RABLL1,RABGEF1,,,,,,,,,,,RAB3GAP1,,,SLC39A12,,SLC66A1,,,SLC66A1,,,,,,,,,,,,,,,,,,,,,,,,,,,,,,,
,,,,,,,,,,,CXCL9,,,,,,,,SERPINB9,SLC9C1,,,CEP89,,,,,,,FKBP1SG,CD133,CASKIN2,,,,,ZNF461,,,,,,,,,,RF00220,RABLL1,RABGEF1,,,,,,,,,,,SLC25A39,,,SLC39A10,,CTNS,,,CTNS,,,,,,,,,,,,,,,,,,,,,,,,,,,,,,,
,,,,,,,,,,,CXCL11,,,,,,,,SERPINB9,SLC9C1,,,CEP89,,,,,,,FKBP1SH,CD138,CEACAM1,,,,,ZNF480B,,,,,,,,,,RF00221,RABLL1,RABGEF1,,,,,,,,,,,RAB3GAP1,,,SLC39A11,,RTN4R,,,RTN4R,,,,,,,,,,,,,,,,,,,,,,,,,,,,,,,
,,,,,,,,,,,CXCL13,,,,,,,,SERPINB9,SLC9C1,,,CEP89,,,,,,,FKBP1SI,CD139,SLC9A8,,,,,ZNF509C,,,,,,,,,,RF00222,RABLL1,RABGEF1,,,,,,,,,,,SLC25A39,,,SLC39A4,,PHF23,,,PHF23,,,,,,,,,,,,,,,,,,,,,,,,,,,,,,,
,,,,,,,,,,,CXCL14,,,,,,,,SERPINB9,SLC9C1,,,CEP89,,,,,,,FKBP1SJ,CD140A,ZXDA,,,,,ZNF460,,,,,,,,,,RF00223,RABLL1,RABGEF1,,,,,,,,,,,RAB3GAP1,,,SLC39A14,,CDH10,,,CDH10,,,,,,,,,,,,,,,,,,,,,,,,,,,,,,,
,,,,,,,,,,,CXCL17,,,,,,,,SERPINB9,SLC9C1,,,CEP89,,,,,,,FKBP1SK,CD140B,CASP1,,,,,ZNF479B,,,,,,,,,,RF00224,RABLL1,RABGEF1,,,,,,,,,,,SLC25A39,,,SLC39A5,,INPP4A,,,INPP4A,,,,,,,,,,,,,,,,,,,,,,,,,,,,,,,
,,,,,,,,,,,CXCL1,,,,,,,,SERPINB9,SLC9C1,,,CEP89,,,,,,,FKBP1SL,CD142,CEACAM16,,,,,ZNF508C,,,,,,,,,,RF00225,RABLL1,RABGEF1,,,,,,,,,,,RAB3GAP1,,,SLC39A7,,RAB27B,,,RAB27B,,,,,,,,,,,,,,,,,,,,,,,,,,,,,,,
,,,,,,,,,,,CXCL5,,,,,,,,SERPINB9,SLC9C1,,,CEP89,,,,,,,FKBP1SM,CD145,SLC9B1,,,,,ZNF459,,,,,,,,,,RF00226,RABLL1,RABGEF1,,,,,,,,,,,SLC25A39,,,SLC39A3,,PSMA4,,,PSMA4,,,,,,,,,,,,,,,,,,,,,,,,,,,,,,,
,,,,,,,,,,,CXCL6,,,,,,,,SERPINB9,SLC9C1,,,CEP89,,,,,,,FKBP1SN,CD149,ZXDB,,,,,ZNF478B,,,,,,,,,,RF00227,RABLL1,RABGEF1,,,,,,,,,,,RAB3GAP1,,,SLC39A13,,MYO16,,,MYO16,,,,,,,,,,,,,,,,,,,,,,,,,,,,,,,
,,,,,,,,,,,CXCL15,,,,,,,,SERPINB9,SLC9C1,,,CEP89,,,,,,,FKBP1SO,CD152,CASP10,,,,,ZNF507C,,,,,,,,,,RF00228,RABLL1,RABGEF1,,,,,,,,,,,SLC25A39,,,SLC39A9,,LSG1,,,LSG1,,,,,,,,,,,,,,,,,,,,,,,,,,,,,,,
,,,,,,,,,,,CXCL16,,,,,,,,SERPINB9,SLC9C1,,,CEP89,,,,,,,FKBP1SP,CD153,CEACAM18,,,,,ZNF458,,,,,,,,,,RF00229,RABLL1,RABGEF1,,,,,,,,,,,RAB3GAP1,,,SLC39A2,,PARP3,,,PARP3,,,,,,,,,,,,,,,,,,,,,,,,,,,,,,,
,,,,,,,,,,,CXCL9,,,,,,,,SERPINB9,SLC9C1,,,CEP89,,,,,,,FKBP1SQ,CD158A,SLC9C1,,,,,ZNF477B,,,,,,,,,,RF00230,RABLL1,RABGEF1,,,,,,,,,,,SLC25A39,,,SLC39A8,,TNC,,,TNC,,,,,,,,,,,,,,,,,,,,,,,,,,,,,,,
,,,,,,,,,,,CXCL11,,,,,,,,SERPINB9,SLC9C1,,,CEP89,,,,,,,FKBP1SR,CD158B1,ZXDC,,,,,ZNF506C,,,,,,,,,,RF00231,RABLL1,RABGEF1,,,,,,,,,,,RAB3GAP1,,,SLC39A1,,THAP3,,,THAP3,,,,,,,,,,,,,,,,,,,,,,,,,,,,,,,
,,,,,,,,,,,CXCL13,,,,,,,,SERPINB9,SLC9C1,,,CEP89,,,,,,,FKBP1SS,CD158B2,CASP12,,,,,ZNF457,,,,,,,,,,RF00232,RABLL1,RABGEF1,,,,,,,,,,,SLC25A39,,,SLC39A1,,RIPOR3,,,RIPOR3,,,,,,,,,,,,,,,,,,,,,,,,,,,,,,,
,,,,,,,,,,,CXCL14,,,,,,,,SERPINB9,SLC9C1,,,CEP89,,,,,,,FKBP1ST,CD158C,CEACAM19,,,,,ZNF476B,,,,,,,,,,RF00233,RABLL1,RABGEF1,,,,,,,,,,,RAB3GAP1,,,SLC39A15,,TDP1,,,TDP1,,,,,,,,,,,,,,,,,,,,,,,,,,,,,,,
,,,,,,,,,,,CXCL17,,,,,,,,SERPINB9,SLC9C1,,,CEP89,,,,,,,FKBP1SU,CD158D,SLCO1A2,,,,,ZNF505C,,,,,,,,,,RF00234,RABLL1,RABGEF1,,,,,,,,,,,SLC25A39,,,SLC39A6,,AIFM2,,,AIFM2,,,,,,,,,,,,,,,,,,,,,,,,,,,,,,,
,,,,,,,,,,,CXCL1,,,,,,,,SERPINB9,SLC9C1,,,CEP89,,,,,,,FKBP1SV,CD158E1,ZYG11B,,,,,ZNF456,,,,,,,,,,RF00235,RABLL1,RABGEF1,,,,,,,,,,,RAB3GAP1,,,SLC39A12,,C2orf83,,,C2orf83,,,,,,,,,,,,,,,,,,,,,,,,,,,,,,,
,,,,,,,,,,,CXCL5,,,,,,,,SERPINB9,SLC9C1,,,CEP89,,,,,,,FKBP1SW,CD158E2,CASP14,,,,,ZNF475B,,,,,,,,,,RF00236,RABLL1,RABGEF1,,,,,,,,,,,SLC25A39,,,SLC39A10,,SPATA7,,,SPATA7,,,,,,,,,,,,,,,,,,,,,,,,,,,,,,,
,,,,,,,,,,,CXCL6,,,,,,,,SERPINB9,SLC9C1,,,CEP89,,,,,,,FKBP1SX,CD158F1,CEACAM20,,,,,ZNF504C,,,,,,,,,,RF00237,RABLL1,RABGEF1,,,,,,,,,,,RAB3GAP1,,,SLC39A11,,MED17,,,MED17,,,,,,,,,,,,,,,,,,,,,,,,,,,,,,,
,,,,,,,,,,,CXCL15,,,,,,,,SERPINB9,SLC9C1,,,CEP89,,,,,,,FKBP1SY,CD158F2,SLCO1B1,,,,,ZNF455,,,,,,,,,,RF00238,RABLL1,RABGEF1,,,,,,,,,,,SLC25A39,,,SLC39A4,,RETSAT,,,RETSAT,,,,,,,,,,,,,,,,,,,,,,,,,,,,,,,
,,,,,,,,,,,CXCL16,,,,,,,,SERPINB9,SLC9C1,,,CEP89,,,,,,,FKBP1SZ,CD158G,ZYG11A,,,,,ZNF474B,,,,,,,,,,RF00239,RABLL1,RABGEF1,,,,,,,,,,,RAB3GAP1,,,SLC39A14,,CAPG,,,CAPG,,,,,,,,,,,,,,,,,,,,,,,,,,,,,,,
,,,,,,,,,,,CXCL9,,,,,,,,SERPINB9,SLC9C1,,,CEP89,,,,,,,FKBP1TA,CD158H,CASP2,,,,,ZNF503C,,,,,,,,,,RF00240,RABLL1,RABGEF1,,,,,,,,,,,SLC25A39,,,SLC39A5,,AP2S1,,,AP2S1,,,,,,,,,,,,,,,,,,,,,,,,,,,,,,,
,,,,,,,,,,,CXCL11,,,,,,,,SERPINB9,SLC9C1,,,CEP89,,,,,,,FKBP1TB,CD158I,CEACAM21,,,,,ZNF454,,,,,,,,,,RF00241,RABLL1,RABGEF1,,,,,,,,,,,RAB3GAP1,,,SLC39A7,,USH2A,,,USH2A,,,,,,,,,,,,,,,,,,,,,,,,,,,,,,,
,,,,,,,,,,,CXCL13,,,,,,,,SERPINB9,SLC9C1,,,CEP89,,,,,,,FKBP1TC,CD158J,SLCO1B3,,,,,ZNF473B,,,,,,,,,,RF00242,RABLL1,RABGEF1,,,,,,,,,,,SLC25A39,,,SLC39A3,,ZPBP,,,ZPBP,,,,,,,,,,,,,,,,,,,,,,,,,,,,,,,
,,,,,,,,,,,CXCL14,,,,,,,,SERPINB9,SLC9C1,,,CEP89,,,,,,,FKBP1TD,CD158K,ZWILCH,,,,,ZNF502C,,,,,,,,,,RF00243,RABLL1,RABGEF1,,,,,,,,,,,RAB3GAP1,,,SLC39A13,,TG,,,TG,,,,,,,,,,,,,,,,,,,,,,,,,,,,,,,
,,,,,,,,,,,CXCL17,,,,,,,,SERPINB9,SLC9C1,,,CEP89,,,,,,,FKBP1TE,CD159A,CASP3,,,,,ZNF453,,,,,,,,,,RF00244,RABLL1,RABGEF1,,,,,,,,,,,SLC25A39,,,SLC39A9,,ADAM28,,,ADAM28,,,,,,,,,,,,,,,,,,,,,,,,,,,,,,,
,,,,,,,,,,,CXCL1,,,,,,,,SERPINB9,SLC9C1,,,CEP89,,,,,,,FKBP1TF,CD159C,CEACAM22P,,,,,ZNF472B,,,,,,,,,,RF00245,RABLL1,RABGEF1,,,,,,,,,,,RAB3GAP1,,,SLC39A2,,BARX2,,,BARX2,,,,,,,,,,,,,,,,,,,,,,,,,,,,,,,
,,,,,,,,,,,CXCL5,,,,,,,,SERPINB9,SLC9C1,,,CEP89,,,,,,,FKBP1TG,CD161,SLCO1C1,,,,,ZNF501C,,,,,,,,,,RF00246,RABLL1,RABGEF1,,,,,,,,,,,SLC25A39,,,SLC39A8,,DCUN1D1,,,DCUN1D1,,,,,,,,,,,,,,,,,,,,,,,,,,,,,,,
,,,,,,,,,,,CXCL6,,,,,,,,SERPINB9,SLC9C1,,,CEP89,,,,,,,FKBP1TH,CD165,ZWINT,,,,,ZNF452,,,,,,,,,,RF00247,RABLL1,RABGEF1,,,,,,,,,,,RAB3GAP1,,,SLC39A1,,JADE2,,,JADE2,,,,,,,,,,,,,,,,,,,,,,,,,,,,,,,
,,,,,,,,,,,CXCL15,,,,,,,,SERPINB9,SLC9C1,,,CEP89,,,,,,,FKBP1TI,CD167A,CASP4,,,,,ZNF471B,,,,,,,,,,RF00248,RABLL1,RABGEF1,,,,,,,,,,,SLC25A39,,,SLC39A1,,ZIC2,,,ZIC2,,,,,,,,,,,,,,,,,,,,,,,,,,,,,,,
,,,,,,,,,,,CXCL16,,,,,,,,SERPINB9,SLC9C1,,,CEP89,,,,,,,FKBP1TJ,CD167B,CEACAM3,,,,,ZNF500C,,,,,,,,,,RF00249,RABLL1,RABGEF1,,,,,,,,,,,RAB3GAP1,,,SLC39A15,,LCP2,,,LCP2,,,,,,,,,,,,,,,,,,,,,,,,,,,,,,,
,,,,,,,,,,,CXCL9,,,,,,,,SERPINB9,SLC9C1,,,CEP89,,,,,,,FKBP1TK,CD170,SLCO2A1,,,,,ZNF451,,,,,,,,,,RF00250,RABLL1,RABGEF1,,,,,,,,,,,SLC25A39,,,SLC39A6,,TRIT1,,,TRIT1,,,,,,,,,,,,,,,,,,,,,,,,,,,,,,,
,,,,,,,,,,,CXCL11,,,,,,,,SERPINB9,SLC9C1,,,CEP89,,,,,,,FKBP1TL,CD178,ZSCAN22,,,,,ZNF470B,,,,,,,,,,RF00251,RABLL1,RABGEF1,,,,,,,,,,,RAB3GAP1,,,SLC39A12,,ADRB1,,,ADRB1,,,,,,,,,,,,,,,,,,,,,,,,,,,,,,,
,,,,,,,,,,,CXCL13,,,,,,,,SERPINB9,SLC9C1,,,CEP89,,,,,,,FKBP1TM,CD179A,CASP5,,,,,ZNF499C,,,,,,,,,,RF00252,RABLL1,RABGEF1,,,,,,,,,,,SLC25A39,,,SLC39A10,,GUCA2B,,,GUCA2B,,,,,,,,,,,,,,,,,,,,,,,,,,,,,,,
,,,,,,,,,,,CXCL14,,,,,,,,SERPINB9,SLC9C1,,,CEP89,,,,,,,FKBP1TN,CD179B,CEACAM4,,,,,ZNF450,,,,,,,,,,RF00253,RABLL1,RABGEF1,,,,,,,,,,,RAB3GAP1,,,SLC39A11,,CUL7,,,CUL7,,,,,,,,,,,,,,,,,,,,,,,,,,,,,,,
,,,,,,,,,,,CXCL17,,,,,,,,SERPINB9,SLC9C1,,,CEP89,,,,,,,FKBP1TO,CD181,SLCO2A2,,,,,ZNF469B,,,,,,,,,,RF00254,RABLL1,RABGEF1,,,,,,,,,,,SLC25A39,,,SLC39A4,,CTNNA1,,,CTNNA1,,,,,,,,,,,,,,,,,,,,,,,,,,,,,,,
,,,,,,,,,,,CXCL1,,,,,,,,SERPINB9,SLC9C1,,,CEP89,,,,,,,FKBP1TP,CD185,ZSCAN21,,,,,ZNF498C,,,,,,,,,,RF00255,RABLL1,RABGEF1,,,,,,,,,,,RAB3GAP1,,,SLC39A14,,CNTLN,,,CNTLN,,,,,,,,,,,,,,,,,,,,,,,,,,,,,,,
,,,,,,,,,,,CXCL5,,,,,,,,SERPINB9,SLC9C1,,,CEP89,,,,,,,FKBP1TQ,CD186,CASP6,,,,,ZNF449,,,,,,,,,,RF00256,RABLL1,RABGEF1,,,,,,,,,,,SLC25A39,,,SLC39A5,,EPHA3,,,EPHA3,,,,,,,,,,,,,,,,,,,,,,,,,,,,,,,
,,,,,,,,,,,CXCL6,,,,,,,,SERPINB9,SLC9C1,,,CEP89,,,,,,,FKBP1TR,CD191,CEACAM5,,,,,ZNF468B,,,,,,,,,,RF00257,RABLL1,RABGEF1,,,,,,,,,,,RAB3GAP1,,,SLC39A7,,HSPA5,,,HSPA5,,,,,,,,,,,,,,,,,,,,,,,,,,,,,,,
,,,,,,,,,,,CXCL15,,,,,,,,SERPINB9,SLC9C1,,,CEP89,,,,,,,FKBP1TS,CD198,SLCO2B1,,,,,ZNF497C,,,,,,,,,,RF00258,RABLL1,RABGEF1,,,,,,,,,,,SLC25A39,,,SLC39A3,,DSG2,,,DSG2,,,,,,,,,,,,,,,,,,,,,,,,,,,,,,,
,,,,,,,,,,,CXCL16,,,,,,,,SERPINB9,SLC9C1,,,CEP89,,,,,,,FKBP1TT,CD201,ZSCAN23,,,,,ZNF448,,,,,,,,,,RF00259,RABLL1,RABGEF1,,,,,,,,,,,RAB3GAP1,,,SLC39A13,,PREX2,,,PREX2,,,,,,,,,,,,,,,,,,,,,,,,,,,,,,,
,,,,,,,,,,,CXCL9,,,,,,,,SERPINB9,SLC9C1,,,CEP89,,,,,,,FKBP1TU,CD202,CASP7,,,,,ZNF467B,,,,,,,,,,RF00260,RABLL1,RABGEF1,,,,,,,,,,,SLC25A39,,,SLC39A9,,WDR37,,,WDR37,,,,,,,,,,,,,,,,,,,,,,,,,,,,,,,
,,,,,,,,,,,CXCL11,,,,,,,,SERPINB9,SLC9C1,,,CEP89,,,,,,,FKBP1TV,CD203C,CEACAM6,,,,,ZNF496C,,,,,,,,,,RF00261,RABLL1,RABGEF1,,,,,,,,,,,RAB3GAP1,,,SLC39A2,,YTHDC2,,,YTHDC2,,,,,,,,,,,,,,,,,,,,,,,,,,,,,,,
,,,,,,,,,,,CXCL13,,,,,,,,SERPINB9,SLC9C1,,,CEP89,,,,,,,FKBP1TW,CD204,SLCO2B1-AS1,,,,,ZNF447,,,,,,,,,,RF00262,RABLL1,RABGEF1,,,,,,,,,,,SLC25A39,,,SLC39A8,,ATP6V1H,,,ATP6V1H,,,,,,,,,,,,,,,,,,,,,,,,,,,,,,,
,,,,,,,,,,,CXCL14,,,,,,,,SERPINB9,SLC9C1,,,CEP89,,,,,,,FKBP1TX,CD216,ZSCAN29,,,,,ZNF466B,,,,,,,,,,RF00263,RABLL1,RABGEF1,,,,,,,,,,,RAB3GAP1,,,SLC39A1,,POLR2B,,,POLR2B,,,,,,,,,,,,,,,,,,,,,,,,,,,,,,,
,,,,,,,,,,,CXCL17,,,,,,,,SERPINB9,SLC9C1,,,CEP89,,,,,,,FKBP1TY,CD219,CASP8,,,,,ZNF495C,,,,,,,,,,RF00264,RABLL1,RABGEF1,,,,,,,,,,,SLC25A39,,,SLC39A1,,FAM214A,,,FAM214A,,,,,,,,,,,,,,,,,,,,,,,,,,,,,,,
,,,,,,,,,,,CXCL1,,,,,,,,SERPINB9,SLC9C1,,,CEP89,,,,,,,FKBP1TZ,CD220,CEACAM7,,,,,ZNF446,,,,,,,,,,RF00265,RABLL1,RABGEF1,,,,,,,,,,,RAB3GAP1,,,SLC39A15,,ARAP2,,,ARAP2,,,,,,,,,,,,,,,,,,,,,,,,,,,,,,,
,,,,,,,,,,,CXCL5,,,,,,,,SERPINB9,SLC9C1,,,CEP89,,,,,,,FKBP1UA,CD225,SLCO2B1-AS2,,,,,ZNF465B,,,,,,,,,,RF00266,RABLL1,RABGEF1,,,,,,,,,,,SLC25A39,,,SLC39A6,,TPR,,,TPR,,,,,,,,,,,,,,,,,,,,,,,,,,,,,,,
,,,,,,,,,,,CXCL6,,,,,,,,SERPINB9,SLC9C1,,,CEP89,,,,,,,FKBP1UB,CD230,ZSCAN4,,,,,ZNF494C,,,,,,,,,,RF00267,RABLL1,RABGEF1,,,,,,,,,,,RAB3GAP1,,,SLC39A12,,CP,,,CP,,,,,,,,,,,,,,,,,,,,,,,,,,,,,,,
,,,,,,,,,,,CXCL15,,,,,,,,SERPINB9,SLC9C1,,,CEP89,,,,,,,FKBP1UC,CD232,CASP9,,,,,ZNF445,,,,,,,,,,RF00268,RABLL1,RABGEF1,,,,,,,,,,,SLC25A39,,,SLC39A10,,KATNIP,,,KATNIP,,,,,,,,,,,,,,,,,,,,,,,,,,,,,,,
,,,,,,,,,,,CXCL16,,,,,,,,SERPINB9,SLC9C1,,,CEP89,,,,,,,FKBP1UD,CD234,CEACAM8,,,,,ZNF464B,,,,,,,,,,RF00269,RABLL1,RABGEF1,,,,,,,,,,,RAB3GAP1,,,SLC39A11,,DTNBP1,,,DTNBP1,,,,,,,,,,,,,,,,,,,,,,,,,,,,,,,
,,,,,,,,,,,CXCL9,,,,,,,,SERPINB9,SLC9C1,,,CEP89,,,,,,,FKBP1UE,CD235A,SLCO2B1-AS3,,,,,ZNF493C,,,,,,,,,,RF00270,RABLL1,RABGEF1,,,,,,,,,,,SLC25A39,,,SLC39A4,,ANO2,,,ANO2,,,,,,,,,,,,,,,,,,,,,,,,,,,,,,,
,,,,,,,,,,,CXCL11,,,,,,,,SERPINB9,SLC9C1,,,CEP89,,,,,,,FKBP1UF,CD235B,ZSWIM9,,,,,ZNF444,,,,,,,,,,RF00271,RABLL1,RABGEF1,,,,,,,,,,,RAB3GAP1,,,SLC39A14,,C12orf4,,,C12orf4,,,,,,,,,,,,,,,,,,,,,,,,,,,,,,,
,,,,,,,,,,,CXCL13,,,,,,,,SERPINB9,SLC9C1,,,CEP89,,,,,,,FKBP1UG,CD236R,CASS4,,,,,ZNF463B,,,,,,,,,,RF00272,RABLL1,RABGEF1,,,,,,,,,,,SLC25A39,,,SLC39A5,,FAM184B,,,FAM184B,,,,,,,,,,,,,,,,,,,,,,,,,,,,,,,
,,,,,,,,,,,CXCL14,,,,,,,,SERPINB9,SLC9C1,,,CEP89,,,,,,,FKBP1UH,CD238,CEACAM8P,,,,,ZNF492C,,,,,,,,,,RF00273,RABLL1,RABGEF1,,,,,,,,,,,RAB3GAP1,,,SLC39A7,,MAP4,,,MAP4,,,,,,,,,,,,,,,,,,,,,,,,,,,,,,,
,,,,,,,,,,,CXCL17,,,,,,,,SERPINB9,SLC9C1,,,CEP89,,,,,,,FKBP1UI,CD239,SLCO2B1-AS4,,,,,ZNF443,,,,,,,,,,RF00274,RABLL1,RABGEF1,,,,,,,,,,,SLC25A39,,,SLC39A3,,GOPC,,,GOPC,,,,,,,,,,,,,,,,,,,,,,,,,,,,,,,
,,,,,,,,,,,CXCL1,,,,,,,,SERPINB9,SLC9C1,,,CEP89,,,,,,,FKBP1UJ,CD240,ZSWIM8,,,,,ZNF462B,,,,,,,,,,RF00275,RABLL1,RABGEF1,,,,,,,,,,,RAB3GAP1,,,SLC39A13,,ROS1,,,ROS1,,,,,,,,,,,,,,,,,,,,,,,,,,,,,,,
,,,,,,,,,,,CXCL5,,,,,,,,SERPINB9,SLC9C1,,,CEP89,,,,,,,FKBP1UK,CD243,CAST,,,,,ZNF491C,,,,,,,,,,RF00276,RABLL1,RABGEF1,,,,,,,,,,,SLC25A39,,,SLC39A9,,USP28,,,USP28,,,,,,,,,,,,,,,,,,,,,,,,,,,,,,,
,,,,,,,,,,,CXCL6,,,,,,,,SERPINB9,SLC9C1,,,CEP89,,,,,,,FKBP1UL,CD246,CEACAM9,,,,,ZNF442,,,,,,,,,,RF00277,RABLL1,RABGEF1,,,,,,,,,,,RAB3GAP1,,,SLC39A2,,HDAC9,,,HDAC9,,,,,,,,,,,,,,,,,,,,,,,,,,,,,,,
,,,,,,,,,,,CXCL15,,,,,,,,SERPINB9,SLC9C1,,,CEP89,,,,,,,FKBP1UM,CD249,SLCO3A1,,,,,ZNF461B,,,,,,,,,,RF00278,RABLL1,RABGEF1,,,,,,,,,,,SLC25A39,,,SLC39A8,,TSPAN17,,,TSPAN17,,,,,,,,,,,,,,,,,,,,,,,,,,,,,,,
,,,,,,,,,,,CXCL16,,,,,,,,SERPINB9,SLC9C1,,,CEP89,,,,,,,FKBP1UN,CD256,ZSWIM7,,,,,ZNF490C,,,,,,,,,,RF00279,RABLL1,RABGEF1,,,,,,,,,,,RAB3GAP1,,,SLC39A1,,NOP16,,,NOP16,,,,,,,,,,,,,,,,,,,,,,,,,,,,,,,
,,,,,,,,,,,CXCL9,,,,,,,,SERPINB9,SLC9C1,,,CEP89,,,,,,,FKBP1UO,CD257,CASTBP1,,,,,ZNF441,,,,,,,,,,RF00280,RABLL1,RABGEF1,,,,,,,,,,,SLC25A39,,,SLC39A1,,CC2D2A,,,CC2D2A,,,,,,,,,,,,,,,,,,,,,,,,,,,,,,,
,,,,,,,,,,,CXCL11,,,,,,,,SERPINB9,SLC9C1,,,CEP89,,,,,,,FKBP1UP,CD259,CEBPB,,,,,ZNF460B,,,,,,,,,,RF00281,RABLL1,RABGEF1,,,,,,,,,,,RAB3GAP1,,,SLC39A15,,RRM2B,,,RRM2B,,,,,,,,,,,,,,,,,,,,,,,,,,,,,,,
,,,,,,,,,,,CXCL13,,,,,,,,SERPINB9,SLC9C1,,,CEP89,,,,,,,FKBP1UQ,CD260,SLCO4A1,,,,,ZNF489C,,,,,,,,,,RF00282,RABLL1,RABGEF1,,,,,,,,,,,SLC25A39,,,SLC39A6,,ZNF800,,,ZNF800,,,,,,,,,,,,,,,,,,,,,,,,,,,,,,,
,,,,,,,,,,,CXCL14,,,,,,,,SERPINB9,SLC9C1,,,CEP89,,,,,,,FKBP1UR,CD275,ZSWIM6,,,,,ZNF440,,,,,,,,,,RF00283,RABLL1,RABGEF1,,,,,,,,,,,RAB3GAP1,,,SLC39A12,,TNFRSF17,,,TNFRSF17,,,,,,,,,,,,,,,,,,,,,,,,,,,,,,,
,,,,,,,,,,,CXCL17,,,,,,,,SERPINB9,SLC9C1,,,CEP89,,,,,,,FKBP1US,CD280,CASTL,,,,,ZNF459B,,,,,,,,,,RF00284,RABLL1,RABGEF1,,,,,,,,,,,SLC25A39,,,SLC39A10,,SNX29,,,SNX29,,,,,,,,,,,,,,,,,,,,,,,,,,,,,,,
,,,,,,,,,,,CXCL1,,,,,,,,SERPINB9,SLC9C1,,,CEP89,,,,,,,FKBP1UT,CD287,CEBPD,,,,,ZNF488C,,,,,,,,,,RF00285,RABLL1,RABGEF1,,,,,,,,,,,RAB3GAP1,,,SLC39A11,,LMO3,,,LMO3,,,,,,,,,,,,,,,,,,,,,,,,,,,,,,,
,,,,,,,,,,,CXCL5,,,,,,,,SERPINB9,SLC9C1,,,CEP89,,,,,,,FKBP1UU,CD295,SLCO4A2,,,,,ZNF439,,,,,,,,,,RF00286,RABLL1,RABGEF1,,,,,,,,,,,SLC25A39,,,SLC39A4,,GUCA1A,,,GUCA1A,,,,,,,,,,,,,,,,,,,,,,,,,,,,,,,
,,,,,,,,,,,CXCL6,,,,,,,,SERPINB9,SLC9C1,,,CEP89,,,,,,,FKBP1UV,CD298,ZSWIM5,,,,,ZNF458B,,,,,,,,,,RF00287,RABLL1,RABGEF1,,,,,,,,,,,RAB3GAP1,,,SLC39A14,,RSF1,,,RSF1,,,,,,,,,,,,,,,,,,,,,,,,,,,,,,,
,,,,,,,,,,,CXCL15,,,,,,,,SERPINB9,SLC9C1,,,CEP89,,,,,,,FKBP1UW,CD299,CAT,,,,,ZNF487C,,,,,,,,,,RF00288,RABLL1,RABGEF1,,,,,,,,,,,SLC25A39,,,SLC39A5,,VPS13D,,,VPS13D,,,,,,,,,,,,,,,,,,,,,,,,,,,,,,,
,,,,,,,,,,,CXCL16,,,,,,,,SERPINB9,SLC9C1,,,CEP89,,,,,,,FKBP1UX,CD301,CEBPG,,,,,ZNF438,,,,,,,,,,RF00289,RABLL1,RABGEF1,,,,,,,,,,,RAB3GAP1,,,SLC39A7,,CELF2,,,CELF2,,,,,,,,,,,,,,,,,,,,,,,,,,,,,,,
,,,,,,,,,,,CXCL9,,,,,,,,SERPINB9,SLC9C1,,,CEP89,,,,,,,FKBP1UY,CD303,SLCO4A3,,,,,ZNF457B,,,,,,,,,,RF00290,RABLL1,RABGEF1,,,,,,,,,,,SLC25A39,,,SLC39A3,,FAM120A,,,FAM120A,,,,,,,,,,,,,,,,,,,,,,,,,,,,,,,
,,,,,,,,,,,CXCL11,,,,,,,,SERPINB9,SLC9C1,,,CEP89,,,,,,,FKBP1UZ,CD308,ZSWIM4,,,,,ZNF486C,,,,,,,,,,RF00291,RABLL1,RABGEF1,,,,,,,,,,,RAB3GAP1,,,SLC39A13,,R3HDM1,,,R3HDM1,,,,,,,,,,,,,,,,,,,,,,,,,,,,,,,
,,,,,,,,,,,CXCL13,,,,,,,,SERPINB9,SLC9C1,,,CEP89,,,,,,,FKBP1VA,CD311,CATA,,,,,ZNF437,,,,,,,,,,RF00292,RABLL1,RABGEF1,,,,,,,,,,,SLC25A39,,,SLC39A9,,COL9A2,,,COL9A2,,,,,,,,,,,,,,,,,,,,,,,,,,,,,,,
,,,,,,,,,,,CXCL14,,,,,,,,SERPINB9,SLC9C1,,,CEP89,,,,,,,FKBP1VB,CD322,CEBPZ,,,,,ZNF456B,,,,,,,,,,RF00293,RABLL1,RABGEF1,,,,,,,,,,,RAB3GAP1,,,SLC39A2,,KITLG,,,KITLG,,,,,,,,,,,,,,,,,,,,,,,,,,,,,,,
,,,,,,,,,,,CXCL17,,,,,,,,SERPINB9,SLC9C1,,,CEP89,,,,,,,FKBP1VC,CD327,SLCO4A4,,,,,ZNF485C,,,,,,,,,,RF00294,RABLL1,RABGEF1,,,,,,,,,,,SLC25A39,,,SLC39A8,,ERCC8,,,ERCC8,,,,,,,,,,,,,,,,,,,,,,,,,,,,,,,
,,,,,,,,,,,CXCL1,,,,,,,,SERPINB9,SLC9C1,,,CEP89,,,,,,,FKBP1VD,CD329,ZSWIM3,,,,,ZNF436,,,,,,,,,,RF00295,RABLL1,RABGEF1,,,,,,,,,,,RAB3GAP1,,,SLC39A1,,ADAMTS6,,,ADAMTS6,,,,,,,,,,,,,,,,,,,,,,,,,,,,,,,
,,,,,,,,,,,CXCL5,,,,,,,,SERPINB9,SLC9C1,,,CEP89,,,,,,,FKBP1VE,CD331,CATB,,,,,ZNF455B,,,,,,,,,,RF00296,RABLL1,RABGEF1,,,,,,,,,,,SLC25A39,,,SLC39A1,,H6PD,,,H6PD,,,,,,,,,,,,,,,,,,,,,,,,,,,,,,,
,,,,,,,,,,,CXCL6,,,,,,,,SERPINB9,SLC9C1,,,CEP89,,,,,,,FKBP1VF,CD337,CECR1,,,,,ZNF484C,,,,,,,,,,RF00297,RABLL1,RABGEF1,,,,,,,,,,,RAB3GAP1,,,SLC39A15,,VAMP3,,,VAMP3,,,,,,,,,,,,,,,,,,,,,,,,,,,,,,,
,,,,,,,,,,,CXCL15,,,,,,,,SERPINB9,SLC9C1,,,CEP89,,,,,,,FKBP1VG,CD343,SLCO4A5,,,,,ZNF435,,,,,,,,,,RF00298,RABLL1,RABGEF1,,,,,,,,,,,SLC25A39,,,SLC39A6,,PER3,,,PER3,,,,,,,,,,,,,,,,,,,,,,,,,,,,,,,
,,,,,,,,,,,CXCL16,,,,,,,,SERPINB9,SLC9C1,,,CEP89,,,,,,,FKBP1VH,CD345,ZSWIM2,,,,,ZNF454B,,,,,,,,,,RF00299,RABLL1,RABGEF1,,,,,,,,,,,RAB3GAP1,,,SLC39A12,,UTS2,,,UTS2,,,,,,,,,,,,,,,,,,,,,,,,,,,,,,,
,,,,,,,,,,,CXCL9,,,,,,,,SERPINB9,SLC9C1,,,CEP89,,,,,,,FKBP1VI,CD347,CATSPER1,,,,,ZNF483C,,,,,,,,,,RF00300,RABLL1,RABGEF1,,,,,,,,,,,SLC25A39,,,SLC39A10,,TNFRSF9,,,TNFRSF9,,,,,,,,,,,,,,,,,,,,,,,,,,,,,,,
,,,,,,,,,,,CXCL11,,,,,,,,SERPINB9,SLC9C1,,,CEP89,,,,,,,FKBP1VJ,CD356,CECR2,,,,,ZNF434,,,,,,,,,,RF00301,RABLL1,RABGEF1,,,,,,,,,,,RAB3GAP1,,,SLC39A11,,EPN3,,,EPN3,,,,,,,,,,,,,,,,,,,,,,,,,,,,,,,
,,,,,,,,,,,CXCL13,,,,,,,,SERPINB9,SLC9C1,,,CEP89,,,,,,,FKBP1VK,CD36,SLCO4A6,,,,,ZNF453B,,,,,,,,,,RF00302,RABLL1,RABGEF1,,,,,,,,,,,SLC25A39,,,SLC39A4,,LTBP1,,,LTBP1,,,,,,,,,,,,,,,,,,,,,,,,,,,,,,,
,,,,,,,,,,,CXCL14,,,,,,,,SERPINB9,SLC9C1,,,CEP89,,,,,,,FKBP1VL,CD361L1,ZSWIM1,,,,,ZNF482C,,,,,,,,,,RF00303,RABLL1,RABGEF1,,,,,,,,,,,RAB3GAP1,,,SLC39A14,,RCN1,,,RCN1,,,,,,,,,,,,,,,,,,,,,,,,,,,,,,,
,,,,,,,,,,,CXCL17,,,,,,,,SERPINB9,SLC9C1,,,CEP89,,,,,,,FKBP1VM,CD379P2,CATSPER2,,,,,ZNF433,,,,,,,,,,RF00304,RABLL1,RABGEF1,,,,,,,,,,,SLC25A39,,,SLC39A5,,ELN,,,ELN,,,,,,,,,,,,,,,,,,,,,,,,,,,,,,,
,,,,,,,,,,,CXCL1,,,,,,,,SERPINB9,SLC9C1,,,CEP89,,,,,,,FKBP1VN,CD38,CECR5,,,,,ZNF452B,,,,,,,,,,RF00305,RABLL1,RABGEF1,,,,,,,,,,,RAB3GAP1,,,SLC39A7,,RFC2,,,RFC2,,,,,,,,,,,,,,,,,,,,,,,,,,,,,,,
,,,,,,,,,,,CXCL5,,,,,,,,SERPINB9,SLC9C1,,,CEP89,,,,,,,FKBP1VO,CD383,SLCO4A7,,,,,ZNF481C,,,,,,,,,,RF00306,RABLL1,RABGEF1,,,,,,,,,,,SLC25A39,,,SLC39A3,,ARID1B,,,ARID1B,,,,,,,,,,,,,,,,,,,,,,,,,,,,,,,
,,,,,,,,,,,CXCL6,,,,,,,,SERPINB9,SLC9C1,,,CEP89,,,,,,,FKBP1VP,CD388,ZXDA,,,,,ZNF432,,,,,,,,,,RF00307,RABLL1,RABGEF1,,,,,,,,,,,RAB3GAP1,,,SLC39A13,,CLPTM1L,,,CLPTM1L,,,,,,,,,,,,,,,,,,,,,,,,,,,,,,,
,,,,,,,,,,,CXCL15,,,,,,,,SERPINB9,SLC9C1,,,CEP89,,,,,,,FKBP1VQ,CD389,CATSPER3,,,,,ZNF451B,,,,,,,,,,RF00308,RABLL1,RABGEF1,,,,,,,,,,,SLC25A39,,,SLC39A9,,NEDD4L,,,NEDD4L,,,,,,,,,,,,,,,,,,,,,,,,,,,,,,,
,,,,,,,,,,,CXCL16,,,,,,,,SERPINB9,SLC9C1,,,CEP89,,,,,,,FKBP1VR,CD390,CELA1,,,,,ZNF480C,,,,,,,,,,RF00309,RABLL1,RABGEF1,,,,,,,,,,,RAB3GAP1,,,SLC39A2,,HEXB,,,HEXB,,,,,,,,,,,,,,,,,,,,,,,,,,,,,,,
,,,,,,,,,,,CXCL9,,,,,,,,SERPINB9,SLC9C1,,,CEP89,,,,,,,FKBP1VS,CD40L,SLCO5A1,,,,,ZNF431,,,,,,,,,,RF00310,RABLL1,RABGEF1,,,,,,,,,,,SLC25A39,,,SLC39A8,,PTCD2,,,PTCD2,,,,,,,,,,,,,,,,,,,,,,,,,,,,,,,
,,,,,,,,,,,CXCL11,,,,,,,,SERPINB9,SLC9C1,,,CEP89,,,,,,,FKBP1VT,CD40LG,ZXDB,,,,,ZNF450B,,,,,,,,,,RF00311,RABLL1,RABGEF1,,,,,,,,,,,RAB3GAP1,,,SLC39A1,,JKAMP,,,JKAMP,,,,,,,,,,,,,,,,,,,,,,,,,,,,,,,
,,,,,,,,,,,CXCL13,,,,,,,,SERPINB9,SLC9C1,,,CEP89,,,,,,,FKBP1VU,CD49F,CATSPER4,,,,,ZNF479C,,,,,,,,,,RF00312,RABLL1,RABGEF1,,,,,,,,,,,SLC25A39,,,SLC39A1,,DKK3,,,DKK3,,,,,,,,,,,,,,,,,,,,,,,,,,,,,,,
,,,,,,,,,,,CXCL14,,,,,,,,SERPINB9,SLC9C1,,,CEP89,,,,,,,FKBP1VV,CD51,CELA2B,,,,,ZNF430,,,,,,,,,,RF00313,RABLL1,RABGEF1,,,,,,,,,,,RAB3GAP1,,,SLC39A15,,ARHGEF5,,,ARHGEF5,,,,,,,,,,,,,,,,,,,,,,,,,,,,,,,
,,,,,,,,,,,CXCL17,,,,,,,,SERPINB9,SLC9C1,,,CEP89,,,,,,,FKBP1VW,CD61,SLCO5A1-AS1,,,,,ZNF449B,,,,,,,,,,RF00314,RABLL1,RABGEF1,,,,,,,,,,,SLC25A39,,,SLC39A6,,NFE2L3,,,NFE2L3,,,,,,,,,,,,,,,,,,,,,,,,,,,,,,,
,,,,,,,,,,,CXCL1,,,,,,,,SERPINB9,SLC9C1,,,CEP89,,,,,,,FKBP1VX,CD66A,ZXDC,,,,,ZNF478C,,,,,,,,,,RF00315,RABLL1,RABGEF1,,,,,,,,,,,RAB3GAP1,,,SLC39A12,,MCUR1,,,MCUR1,,,,,,,,,,,,,,,,,,,,,,,,,,,,,,,
,,,,,,,,,,,CXCL5,,,,,,,,SERPINB9,SLC9C1,,,CEP89,,,,,,,FKBP1VY,CD71,CATSPERB,,,,,ZNF429,,,,,,,,,,RF00316,RABLL1,RABGEF1,,,,,,,,,,,SLC25A39,,,SLC39A10,,LIMA1,,,LIMA1,,,,,,,,,,,,,,,,,,,,,,,,,,,,,,,
,,,,,,,,,,,CXCL6,,,,,,,,SERPINB9,SLC9C1,,,CEP89,,,,,,,FKBP1VZ,CD73,CELA3B,,,,,ZNF448B,,,,,,,,,,RF00317,RABLL1,RABGEF1,,,,,,,,,,,RAB3GAP1,,,SLC39A11,,LETMD1,,,LETMD1,,,,,,,,,,,,,,,,,,,,,,,,,,,,,,,
,,,,,,,,,,,CXCL15,,,,,,,,SERPINB9,SLC9C1,,,CEP89,,,,,,,FKBP1WA,CD8B2,SLCO5A2,,,,,ZNF477C,,,,,,,,,,RF00318,RABLL1,RABGEF1,,,,,,,,,,,,,,SLC39A4,,SLC4A8,,,SLC4A8,,,,,,,,,,,,,,,,,,,,,,,,,,,,,,,
,,,,,,,,,,,CXCL16,,,,,,,,SERPINB9,SLC9C1,,,CEP89,,,,,,,FKBP1WB,CD8B1,ZYG11B,,,,,ZNF428,,,,,,,,,,RF00319,RABLL1,RABGEF1,,,,,,,,,,,,,,SLC39A14,,LAMC3,,,LAMC3,,,,,,,,,,,,,,,,,,,,,,,,,,,,,,,
,,,,,,,,,,,CXCL9,,,,,,,,SERPINB9,SLC9C1,,,CEP89,,,,,,,FKBP1WC,CD8,CATSPERC,,,,,ZNF447B,,,,,,,,,,RF00320,RABLL1,RABGEF1,,,,,,,,,,,,,,SLC39A5,,PTGER3,,,PTGER3,,,,,,,,,,,,,,,,,,,,,,,,,,,,,,,
,,,,,,,,,,,CXCL11,,,,,,,,SERPINB9,SLC9C1,,,CEP89,,,,,,,FKBP1WD,CD98,CELA3,,,,,ZNF476C,,,,,,,,,,RF00321,RABLL1,RABGEF1,,,,,,,,,,,,,,SLC39A7,,TNIP3,,,TNIP3,,,,,,,,,,,,,,,,,,,,,,,,,,,,,,,
,,,,,,,,,,,CXCL13,,,,,,,,SERPINB9,SLC9C1,,,CEP89,,,,,,,FKBP1WE,CD103,SLCO5A3,,,,,,,,,,,,,,,RF00322,RABLL1,RABGEF1,,,,,,,,,,,,,,SLC39A3,,MAPK9,,,MAPK9,,,,,,,,,,,,,,,,,,,,,,,,,,,,,,,
,,,,,,,,,,,CXCL14,,,,,,,,SERPINB9,SLC9C1,,,CEP89,,,,,,,FKBP1WF,CD105,ZYG11A,,,,,,,,,,,,,,,RF00323,RABLL1,RABGEF1,,,,,,,,,,,,,,SLC39A13,,COL23A1,,,COL23A1,,,,,,,,,,,,,,,,,,,,,,,,,,,,,,,
,,,,,,,,,,,CXCL17,,,,,,,,SERPINB9,SLC9C1,,,CEP89,,,,,,,FKBP1WG,CD106,CATSPERD,,,,,,,,,,,,,,,RF00324,RABLL1,RABGEF1,,,,,,,,,,,,,,SLC39A9,,BCAR1,,,BCAR1,,,,,,,,,,,,,,,,,,,,,,,,,,,,,,,
,,,,,,,,,,,CXCL1,,,,,,,,SERPINB9,SLC9C1,,,CEP89,,,,,,,FKBP1WH,CD108,CELB,,,,,,,,,,,,,,,RF00325,RABLL1,RABGEF1,,,,,,,,,,,,,,SLC39A2,,FAM160A2,,,FAM160A2,,,,,,,,,,,,,,,,,,,,,,,,,,,,,,,
,,,,,,,,,,,CXCL5,,,,,,,,SERPINB9,SLC9C1,,,CEP89,,,,,,,FKBP1WI,CD11A,SLCO6A1,,,,,,,,,,,,,,,RF00326,RABLL1,RABGEF1,,,,,,,,,,,,,,SLC39A8,,HERPUD1,,,HERPUD1,,,,,,,,,,,,,,,,,,,,,,,,,,,,,,,
,,,,,,,,,,,CXCL6,,,,,,,,SERPINB9,SLC9C1,,,CEP89,,,,,,,FKBP1WJ,CD11B,ZWILCH,,,,,,,,,,,,,,,RF00327,RABLL1,RABGEF1,,,,,,,,,,,,,,SLC39A1,,HOMER3,,,HOMER3,,,,,,,,,,,,,,,,,,,,,,,,,,,,,,,
,,,,,,,,,,,CXCL15,,,,,,,,SERPINB9,SLC9C1,,,CEP89,,,,,,,FKBP1WK,CD11C,CATSPERE,,,,,,,,,,,,,,,RF00328,RABLL1,RABGEF1,,,,,,,,,,,,,,SLC39A1,,RAD51,,,RAD51,,,,,,,,,,,,,,,,,,,,,,,,,,,,,,,
,,,,,,,,,,,CXCL16,,,,,,,,SERPINB9,SLC9C1,,,CEP89,,,,,,,FKBP1WL,CD11D,CEL,,,,,,,,,,,,,,,RF00329,RABLL1,RABGEF1,,,,,,,,,,,,,,SLC39A15,,POLQ,,,POLQ,,,,,,,,,,,,,,,,,,,,,,,,,,,,,,,
,,,,,,,,,,,CXCL9,,,,,,,,SERPINB9,SLC9C1,,,CEP89,,,,,,,FKBP1WM,CD120A,SLCO6A2,,,,,,,,,,,,,,,RF00330,RABLL1,RABGEF1,,,,,,,,,,,,,,SLC39A6,,PIK3CB,,,PIK3CB,,,,,,,,,,,,,,,,,,,,,,,,,,,,,,,
,,,,,,,,,,,CXCL11,,,,,,,,SERPINB9,SLC9C1,,,CEP89,,,,,,,FKBP1WN,CD120B,ZWINT,,,,,,,,,,,,,,,RF00331,RABLL1,RABGEF1,,,,,,,,,,,,,,SLC39A12,,CYBA,,,CYBA,,,,,,,,,,,,,,,,,,,,,,,,,,,,,,,
,,,,,,,,,,,CXCL13,,,,,,,,SERPINB9,SLC9C1,,,CEP89,,,,,,,FKBP1WO,CD121A,CATSPERF,,,,,,,,,,,,,,,RF00332,RABLL1,RABGEF1,,,,,,,,,,,,,,SLC39A10,,THOC3,,,THOC3,,,,,,,,,,,,,,,,,,,,,,,,,,,,,,,
,,,,,,,,,,,CXCL14,,,,,,,,SERPINB9,SLC9C1,,,CEP89,,,,,,,FKBP1WP,CD121B,CEACAM1,,,,,,,,,,,,,,,RF00333,RABLL1,RABGEF1,,,,,,,,,,,,,,SLC39,,HEBP2,,,HEBP2,,,,,,,,,,,,,,,,,,,,,,,,,,,,,,,
,,,,,,,,,,,CXCL17,,,,,,,,SERPINB9,SLC9C1,,,CEP89,,,,,,,FKBP1WQ,CD122,SLCO6A3,,,,,,,,,,,,,,,RF00334,RABLL1,RABGEF1,,,,,,,,,,,,,,,,MPHOSPH9,,,MPHOSPH9,,,,,,,,,,,,,,,,,,,,,,,,,,,,,,,
,,,,,,,,,,,CXCL1,,,,,,,,SERPINB9,SLC9C1,,,CEP89,,,,,,,FKBP1WR,CD123,ZSCAN22,,,,,,,,,,,,,,,RF00335,RABLL1,RABGEF1,,,,,,,,,,,,,,,,PLEKHA5,,,PLEKHA5,,,,,,,,,,,,,,,,,,,,,,,,,,,,,,,
,,,,,,,,,,,CXCL5,,,,,,,,SERPINB9,SLC9C1,,,CEP89,,,,,,,FKBP1WS,CD126,CAV1,,,,,,,,,,,,,,,RF00336,RABLL1,RABGEF1,,,,,,,,,,,,,,,,PRSS8,,,PRSS8,,,,,,,,,,,,,,,,,,,,,,,,,,,,,,,
,,,,,,,,,,,CXCL6,,,,,,,,SERPINB9,SLC9C1,,,CEP89,,,,,,,FKBP1WT,CD127,CEACAM16,,,,,,,,,,,,,,,RF00337,RABLL1,RABGEF1,,,,,,,,,,,,,,,,SIKE1,,,SIKE1,,,,,,,,,,,,,,,,,,,,,,,,,,,,,,,
,,,,,,,,,,,CXCL15,,,,,,,,SERPINB9,SLC9C1,,,CEP89,,,,,,,FKBP1WU,CD130,SLCO6A4,,,,,,,,,,,,,,,RF00338,RABLL1,RABGEF1,,,,,,,,,,,,,,,,RRP12,,,RRP12,,,,,,,,,,,,,,,,,,,,,,,,,,,,,,,
,,,,,,,,,,,CXCL16,,,,,,,,SERPINB9,SLC9C1,,,CEP89,,,,,,,FKBP1WV,CD131,ZSCAN21,,,,,,,,,,,,,,,RF00339,RABLL1,RABGEF1,,,,,,,,,,,,,,,,FNIP2,,,FNIP2,,,,,,,,,,,,,,,,,,,,,,,,,,,,,,,
,,,,,,,,,,,CXCL9,,,,,,,,SERPINB9,SLC9C1,,,CEP89,,,,,,,FKBP1WW,CD132,CAV2,,,,,,,,,,,,,,,RF00340,RABLL1,RABGEF1,,,,,,,,,,,,,,,,MSMO1,,,MSMO1,,,,,,,,,,,,,,,,,,,,,,,,,,,,,,,
,,,,,,,,,,,CXCL11,,,,,,,,SERPINB9,SLC9C1,,,CEP89,,,,,,,FKBP1WX,CD134,CEACAM18,,,,,,,,,,,,,,,RF00341,RABLL1,RABGEF1,,,,,,,,,,,,,,,,TTC17,,,TTC17,,,,,,,,,,,,,,,,,,,,,,,,,,,,,,,
,,,,,,,,,,,CXCL13,,,,,,,,SERPINB9,SLC9C1,,,CEP89,,,,,,,FKBP1WY,CD135,SLCO6C1,,,,,,,,,,,,,,,RF00342,RABLL1,RABGEF1,,,,,,,,,,,,,,,,ALX4,,,ALX4,,,,,,,,,,,,,,,,,,,,,,,,,,,,,,,
,,,,,,,,,,,CXCL14,,,,,,,,SERPINB9,SLC9C1,,,CEP89,,,,,,,FKBP1WZ,CD136,ZSCAN23,,,,,,,,,,,,,,,RF00343,RABLL1,RABGEF1,,,,,,,,,,,,,,,,FSTL4,,,FSTL4,,,,,,,,,,,,,,,,,,,,,,,,,,,,,,,
,,,,,,,,,,,CXCL17,,,,,,,,SERPINB9,SLC9C1,,,CEP89,,,,,,,FKBP1XA,CD139,CAV3,,,,,,,,,,,,,,,RF00344,RABLL1,RABGEF1,,,,,,,,,,,,,,,,FOXN3,,,FOXN3,,,,,,,,,,,,,,,,,,,,,,,,,,,,,,,
,,,,,,,,,,,CXCL1,,,,,,,,SERPINB9,SLC9C1,,,CEP89,,,,,,,FKBP1XB,CD141,CEACAM19,,,,,,,,,,,,,,,RF00345,RABLL1,RABGEF1,,,,,,,,,,,,,,,,METTL24,,,METTL24,,,,,,,,,,,,,,,,,,,,,,,,,,,,,,,
,,,,,,,,,,,CXCL5,,,,,,,,SERPINB9,SLC9C1,,,CEP89,,,,,,,FKBP1XC,CD143,SLCO6C2,,,,,,,,,,,,,,,RF00346,RABLL1,RABGEF1,,,,,,,,,,,,,,,,AKR7A2,,,AKR7A2,,,,,,,,,,,,,,,,,,,,,,,,,,,,,,,
,,,,,,,,,,,CXCL6,,,,,,,,SERPINB9,SLC9C1,,,CEP89,,,,,,,FKBP1XD,CD144,ZSCAN29,,,,,,,,,,,,,,,RF00347,RABLL1,RABGEF1,,,,,,,,,,,,,,,,MRTO4,,,MRTO4,,,,,,,,,,,,,,,,,,,,,,,,,,,,,,,
,,,,,,,,,,,CXCL15,,,,,,,,SERPINB9,SLC9C1,,,CEP89,,,,,,,FKBP1XE,CD154,CAV3-AS1,,,,,,,,,,,,,,,RF00348,RABLL1,RABGEF1,,,,,,,,,,,,,,,,NNAT,,,NNAT,,,,,,,,,,,,,,,,,,,,,,,,,,,,,,,
,,,,,,,,,,,CXCL16,,,,,,,,SERPINB9,SLC9C1,,,CEP89,,,,,,,FKBP1XF,CD156A,CEACAM20,,,,,,,,,,,,,,,,RABLL1,RABGEF1,,,,,,,,,,,,,,,,USE1,,,USE1,,,,,,,,,,,,,,,,,,,,,,,,,,,,,,,
,,,,,,,,,,,CXCL9,,,,,,,,SERPINB9,SLC9C1,,,CEP89,,,,,,,FKBP1XG,CD156B,SLCO6C3,,,,,,,,,,,,,,,,RABLL1,RABGEF1,,,,,,,,,,,,,,,,MCF2L2,,,MCF2L2,,,,,,,,,,,,,,,,,,,,,,,,,,,,,,,
,,,,,,,,,,,CXCL11,,,,,,,,SERPINB9,SLC9C1,,,CEP89,,,,,,,FKBP1XH,CD157,ZSCAN4,,,,,,,,,,,,,,,,RABLL1,RABGEF1,,,,,,,,,,,,,,,,NRIP2,,,NRIP2,,,,,,,,,,,,,,,,,,,,,,,,,,,,,,,
,,,,,,,,,,,CXCL13,,,,,,,,SERPINB9,SLC9C1,,,CEP89,,,,,,,FKBP1XI,CD16,CAVIN1,,,,,,,,,,,,,,,,RABLL1,RABGEF1,,,,,,,,,,,,,,,,LAMA3,,,LAMA3,,,,,,,,,,,,,,,,,,,,,,,,,,,,,,,
,,,,,,,,,,,CXCL14,,,,,,,,SERPINB9,SLC9C1,,,CEP89,,,,,,,FKBP1XJ,CD162,CEACAM21,,,,,,,,,,,,,,,,RABLL1,RABGEF1,,,,,,,,,,,,,,,,AP5M1,,,AP5M1,,,,,,,,,,,,,,,,,,,,,,,,,,,,,,,
,,,,,,,,,,,CXCL17,,,,,,,,SERPINB9,SLC9C1,,,CEP89,,,,,,,FKBP1XK,CD169,SLCO6C4,,,,,,,,,,,,,,,,RABLL1,RABGEF1,,,,,,,,,,,,,,,,ANAPC4,,,ANAPC4,,,,,,,,,,,,,,,,,,,,,,,,,,,,,,,
,,,,,,,,,,,CXCL1,,,,,,,,SERPINB9,SLC9C1,,,CEP89,,,,,,,FKBP1XL,CD171,ZSWIM9,,,,,,,,,,,,,,,,RABLL1,RABGEF1,,,,,,,,,,,,,,,,KCNQ1,,,KCNQ1,,,,,,,,,,,,,,,,,,,,,,,,,,,,,,,
,,,,,,,,,,,CXCL5,,,,,,,,SERPINB9,SLC9C1,,,CEP89,,,,,,,FKBP1XM,CD174,CAVIN2,,,,,,,,,,,,,,,,RABLL1,RABGEF1,,,,,,,,,,,,,,,,TRAPPC3,,,TRAPPC3,,,,,,,,,,,,,,,,,,,,,,,,,,,,,,,
,,,,,,,,,,,CXCL6,,,,,,,,SERPINB9,SLC9C1,,,CEP89,,,,,,,FKBP1XN,CD175,CEACAM22P,,,,,,,,,,,,,,,,RABLL1,RABGEF1,,,,,,,,,,,,,,,,THRAP3,,,THRAP3,,,,,,,,,,,,,,,,,,,,,,,,,,,,,,,
,,,,,,,,,,,CXCL15,,,,,,,,SERPINB9,SLC9C1,,,CEP89,,,,,,,FKBP1XO,CD176,SLCO6D1,,,,,,,,,,,,,,,,RABLL1,RABGEF1,,,,,,,,,,,,,,,,PHPT1,,,PHPT1,,,,,,,,,,,,,,,,,,,,,,,,,,,,,,,
,,,,,,,,,,,CXCL16,,,,,,,,SERPINB9,SLC9C1,,,CEP89,,,,,,,FKBP1XP,CD18,ZSWIM8,,,,,,,,,,,,,,,,RABLL1,RABGEF1,,,,,,,,,,,,,,,,ENTPD2,,,ENTPD2,,,,,,,,,,,,,,,,,,,,,,,,,,,,,,,
,,,,,,,,,,,CXCL9,,,,,,,,SERPINB9,SLC9C1,,,CEP89,,,,,,,FKBP1XQ,CD182,CAVIN3,,,,,,,,,,,,,,,,RABLL1,RABGEF1,,,,,,,,,,,,,,,,LY75,,,LY75,,,,,,,,,,,,,,,,,,,,,,,,,,,,,,,
,,,,,,,,,,,CXCL11,,,,,,,,SERPINB9,SLC9C1,,,CEP89,,,,,,,FKBP1XR,CD183,CEACAM3,,,,,,,,,,,,,,,,RABLL1,RABGEF1,,,,,,,,,,,,,,,,ARID4B,,,ARID4B,,,,,,,,,,,,,,,,,,,,,,,,,,,,,,,
,,,,,,,,,,,CXCL13,,,,,,,,SERPINB9,SLC9C1,,,CEP89,,,,,,,FKBP1XS,CD19,SLCO6D2,,,,,,,,,,,,,,,,RABLL1,RABGEF1,,,,,,,,,,,,,,,,OPN3,,,OPN3,,,,,,,,,,,,,,,,,,,,,,,,,,,,,,,
,,,,,,,,,,,CXCL14,,,,,,,,SERPINB9,SLC9C1,,,CEP89,,,,,,,FKBP1XT,CD192,ZSWIM7,,,,,,,,,,,,,,,,RABLL1,RABGEF1,,,,,,,,,,,,,,,,SDCCAG8,,,SDCCAG8,,,,,,,,,,,,,,,,,,,,,,,,,,,,,,,
,,,,,,,,,,,CXCL17,,,,,,,,SERPINB9,SLC9C1,,,CEP89,,,,,,,FKBP1XU,CD193,CAV1,,,,,,,,,,,,,,,,RABLL1,RABGEF1,,,,,,,,,,,,,,,,PTPRN,,,PTPRN,,,,,,,,,,,,,,,,,,,,,,,,,,,,,,,
,,,,,,,,,,,CXCL1,,,,,,,,SERPINB9,SLC9C1,,,CEP89,,,,,,,FKBP1XV,CD194,CEACAM4,,,,,,,,,,,,,,,,RABLL1,RABGEF1,,,,,,,,,,,,,,,,HHAT,,,HHAT,,,,,,,,,,,,,,,,,,,,,,,,,,,,,,,
,,,,,,,,,,,CXCL5,,,,,,,,SERPINB9,SLC9C1,,,CEP89,,,,,,,FKBP1XW,CD195,SLCO6D2P,,,,,,,,,,,,,,,,RABLL1,RABGEF1,,,,,,,,,,,,,,,,KIF1B,,,KIF1B,,,,,,,,,,,,,,,,,,,,,,,,,,,,,,,
,,,,,,,,,,,CXCL6,,,,,,,,SERPINB9,SLC9C1,,,CEP89,,,,,,,FKBP1XX,CD196,ZSWIM6,,,,,,,,,,,,,,,,RABLL1,RABGEF1,,,,,,,,,,,,,,,,FOXC1,,,FOXC1,,,,,,,,,,,,,,,,,,,,,,,,,,,,,,,
,,,,,,,,,,,CXCL15,,,,,,,,SERPINB9,SLC9C1,,,CEP89,,,,,,,FKBP1XY,CD197,CAV2,,,,,,,,,,,,,,,,RABLL1,RABGEF1,,,,,,,,,,,,,,,,TBC1D22A,,,TBC1D22A,,,,,,,,,,,,,,,,,,,,,,,,,,,,,,,
,,,,,,,,,,,CXCL16,,,,,,,,SERPINB9,SLC9C1,,,CEP89,,,,,,,FKBP1XZ,CD205,CEACAM5,,,,,,,,,,,,,,,,RABLL1,RABGEF1,,,,,,,,,,,,,,,,SYNE2,,,SYNE2,,,,,,,,,,,,,,,,,,,,,,,,,,,,,,,
,,,,,,,,,,,CXCL9,,,,,,,,SERPINB9,SLC9C1,,,CEP89,,,,,,,FKBP1YA,CD21,SLCO6D3,,,,,,,,,,,,,,,,RABLL1,RABGEF1,,,,,,,,,,,,,,,,PLEKHH1,,,PLEKHH1,,,,,,,,,,,,,,,,,,,,,,,,,,,,,,,
,,,,,,,,,,,CXCL11,,,,,,,,SERPINB9,SLC9C1,,,CEP89,,,,,,,FKBP1YB,CD212,ZSWIM5,,,,,,,,,,,,,,,,RABLL1,RABGEF1,,,,,,,,,,,,,,,,ATP9A,,,ATP9A,,,,,,,,,,,,,,,,,,,,,,,,,,,,,,,
,,,,,,,,,,,CXCL13,,,,,,,,SERPINB9,SLC9C1,,,CEP89,,,,,,,FKBP1YC,CD215,CAV3,,,,,,,,,,,,,,,,RABLL1,RABGEF1,,,,,,,,,,,,,,,,SPO11,,,SPO11,,,,,,,,,,,,,,,,,,,,,,,,,,,,,,,
,,,,,,,,,,,CXCL14,,,,,,,,SERPINB9,SLC9C1,,,CEP89,,,,,,,FKBP1YD,CD217,CEACAM6,,,,,,,,,,,,,,,,RABLL1,RABGE,,,,,,,,,,,,,,,,CBLN4,,,CBLN4,,,,,,,,,,,,,,,,,,,,,,,,,,,,,,,
,,,,,,,,,,,CXCL17,,,,,,,,SERPINB9,SLC9C1,,,CEP89,,,,,,,FKBP1YE,CD218A,SLCO6D4,,,,,,,,,,,,,,,,RABLL1,,,,,,,,,,,,,,,,,CHRDL2,,,CHRDL2,,,,,,,,,,,,,,,,,,,,,,,,,,,,,,,
,,,,,,,,,,,CXCL1,,,,,,,,SERPINB9,SLC9C1,,,CEP89,,,,,,,FKBP1YF,CD218B,ZSWIM4,,,,,,,,,,,,,,,,RABLL1,,,,,,,,,,,,,,,,,FAM168A,,,FAM168A,,,,,,,,,,,,,,,,,,,,,,,,,,,,,,,
,,,,,,,,,,,CXCL5,,,,,,,,SERPINB9,SLC9C1,,,CEP89,,,,,,,FKBP1YG,CD227,CAV3-AS1,,,,,,,,,,,,,,,,RABLL1,,,,,,,,,,,,,,,,,RELT,,,RELT,,,,,,,,,,,,,,,,,,,,,,,,,,,,,,,
,,,,,,,,,,,CXCL6,,,,,,,,SERPINB9,SLC9C1,,,CEP89,,,,,,,FKBP1YH,CD23,CEACAM7,,,,,,,,,,,,,,,,RABLL1,,,,,,,,,,,,,,,,,GALC,,,GALC,,,,,,,,,,,,,,,,,,,,,,,,,,,,,,,
,,,,,,,,,,,CXCL15,,,,,,,,SERPINB9,SLC9C1,,,CEP89,,,,,,,FKBP1YI,CD248,SLCO6D4P,,,,,,,,,,,,,,,,RABLL1,,,,,,,,,,,,,,,,,NOP58,,,NOP58,,,,,,,,,,,,,,,,,,,,,,,,,,,,,,,
,,,,,,,,,,,CXCL16,,,,,,,,SERPINB9,SLC9C1,,,CEP89,,,,,,,FKBP1YJ,CD25,ZSWIM3,,,,,,,,,,,,,,,,RABLL1,,,,,,,,,,,,,,,,,SZRD1,,,SZRD1,,,,,,,,,,,,,,,,,,,,,,,,,,,,,,,
,,,,,,,,,,,CXCL9,,,,,,,,SERPINB9,SLC9C1,,,CEP89,,,,,,,FKBP1YK,CD252,CAVIN1,,,,,,,,,,,,,,,,RABLL1,,,,,,,,,,,,,,,,,KCNH2,,,KCNH2,,,,,,,,,,,,,,,,,,,,,,,,,,,,,,,
,,,,,,,,,,,CXCL11,,,,,,,,SERPINB9,SLC9C1,,,CEP89,,,,,,,FKBP1YL,CD253,CEACAM8,,,,,,,,,,,,,,,,,,,,,,,,,,,,,,,,,CUL1,,,CUL1,,,,,,,,,,,,,,,,,,,,,,,,,,,,,,,
,,,,,,,,,,,CXCL13,,,,,,,,SERPINB9,SLC9C1,,,CEP89,,,,,,,FKBP1YM,CD254,SLCO6D5,,,,,,,,,,,,,,,,,,,,,,,,,,,,,,,,,FAM114A2,,,FAM114A2,,,,,,,,,,,,,,,,,,,,,,,,,,,,,,,
,,,,,,,,,,,CXCL14,,,,,,,,SERPINB9,SLC9C1,,,CEP89,,,,,,,FKBP1YN,CD258,ZSWIM2,,,,,,,,,,,,,,,,,,,,,,,,,,,,,,,,,CYFIP2,,,CYFIP2,,,,,,,,,,,,,,,,,,,,,,,,,,,,,,,
,,,,,,,,,,,CXCL17,,,,,,,,SERPINB9,SLC9C1,,,CEP89,,,,,,,FKBP1YO,CD261,CAVIN2,,,,,,,,,,,,,,,,,,,,,,,,,,,,,,,,,TAB2,,,TAB2,,,,,,,,,,,,,,,,,,,,,,,,,,,,,,,
,,,,,,,,,,,CXCL1,,,,,,,,SERPINB9,SLC9C1,,,CEP89,,,,,,,FKBP1YP,CD262,CEACAM8P,,,,,,,,,,,,,,,,,,,,,,,,,,,,,,,,,GINM1,,,GINM1,,,,,,,,,,,,,,,,,,,,,,,,,,,,,,,
,,,,,,,,,,,CXCL5,,,,,,,,SERPINB9,SLC9C1,,,CEP89,,,,,,,FKBP1YQ,CD263,SLCO6D6,,,,,,,,,,,,,,,,,,,,,,,,,,,,,,,,,EIF2AK2,,,EIF2AK2,,,,,,,,,,,,,,,,,,,,,,,,,,,,,,,
,,,,,,,,,,,CXCL6,,,,,,,,SERPINB9,SLC9C1,,,CEP89,,,,,,,FKBP1YR,CD264,ZSWIM1,,,,,,,,,,,,,,,,,,,,,,,,,,,,,,,,,USP36,,,USP36,,,,,,,,,,,,,,,,,,,,,,,,,,,,,,,
,,,,,,,,,,,CXCL15,,,,,,,,SERPINB9,SLC9C1,,,CEP89,,,,,,,FKBP1YS,CD265,CAVIN3,,,,,,,,,,,,,,,,,,,,,,,,,,,,,,,,,KMT2C,,,KMT2C,,,,,,,,,,,,,,,,,,,,,,,,,,,,,,,
,,,,,,,,,,,CXCL16,,,,,,,,SERPINB9,SLC9C1,,,CEP89,,,,,,,FKBP1YT,CD266,CEACAM9,,,,,,,,,,,,,,,,,,,,,,,,,,,,,,,,,MCOLN3,,,MCOLN3,,,,,,,,,,,,,,,,,,,,,,,,,,,,,,,
,,,,,,,,,,,CXCL9,,,,,,,,SERPINB9,SLC9C1,,,CEP89,,,,,,,FKBP1YU,CD267,SLCO6D7,,,,,,,,,,,,,,,,,,,,,,,,,,,,,,,,,CCDC85A,,,CCDC85A,,,,,,,,,,,,,,,,,,,,,,,,,,,,,,,
,,,,,,,,,,,CXCL11,,,,,,,,SERPINB9,SLC9C1,,,CEP89,,,,,,,FKBP1YV,CD268,ZXDA,,,,,,,,,,,,,,,,,,,,,,,,,,,,,,,,,PUM2,,,PUM2,,,,,,,,,,,,,,,,,,,,,,,,,,,,,,,
,,,,,,,,,,,CXCL13,,,,,,,,SERPINB9,SLC9C1,,,CEP89,,,,,,,FKBP1YW,CD269,CAV1,,,,,,,,,,,,,,,,,,,,,,,,,,,,,,,,,ITIH4,,,ITIH4,,,,,,,,,,,,,,,,,,,,,,,,,,,,,,,
,,,,,,,,,,,CXCL14,,,,,,,,SERPINB9,SLC9C1,,,CEP89,,,,,,,FKBP1YX,CD271,CEBPB,,,,,,,,,,,,,,,,,,,,,,,,,,,,,,,,,ITIH1,,,ITIH1,,,,,,,,,,,,,,,,,,,,,,,,,,,,,,,
,,,,,,,,,,,CXCL17,,,,,,,,SERPINB9,SLC9C1,,,CEP89,,,,,,,FKBP1YY,CD272,SLCO6D8,,,,,,,,,,,,,,,,,,,,,,,,,,,,,,,,,HPF1,,,HPF1,,,,,,,,,,,,,,,,,,,,,,,,,,,,,,,
,,,,,,,,,,,CXCL1,,,,,,,,SERPINB9,SLC9C1,,,CEP89,,,,,,,FKBP1YZ,CD273,ZXDB,,,,,,,,,,,,,,,,,,,,,,,,,,,,,,,,,ZFR,,,ZFR,,,,,,,,,,,,,,,,,,,,,,,,,,,,,,,
,,,,,,,,,,,CXCL5,,,,,,,,SERPINB9,SLC9C1,,,CEP89,,,,,,,FKBP1ZA,CD275,CAV2,,,,,,,,,,,,,,,,,,,,,,,,,,,,,,,,,NPFFR2,,,NPFFR2,,,,,,,,,,,,,,,,,,,,,,,,,,,,,,,
,,,,,,,,,,,CXCL6,,,,,,,,SERPINB9,SLC9C1,,,CEP89,,,,,,,FKBP1ZB,CD277,CEBPD,,,,,,,,,,,,,,,,,,,,,,,,,,,,,,,,,PHF21B,,,PHF21B,,,,,,,,,,,,,,,,,,,,,,,,,,,,,,,
,,,,,,,,,,,CXCL15,,,,,,,,SERPINB9,SLC9C1,,,CEP89,,,,,,,FKBP1ZC,CD278,SLCO6D9,,,,,,,,,,,,,,,,,,,,,,,,,,,,,,,,,TRAF1,,,TRAF1,,,,,,,,,,,,,,,,,,,,,,,,,,,,,,,
,,,,,,,,,,,CXCL16,,,,,,,,SERPINB9,SLC9C1,,,CEP89,,,,,,,FKBP1ZD,CD281,ZXDC,,,,,,,,,,,,,,,,,,,,,,,,,,,,,,,,,RC3H2,,,RC3H2,,,,,,,,,,,,,,,,,,,,,,,,,,,,,,,
,,,,,,,,,,,CXCL9,,,,,,,,SERPINB9,SLC9C1,,,CEP89,,,,,,,FKBP1ZE,CD29,CAV3,,,,,,,,,,,,,,,,,,,,,,,,,,,,,,,,,IL17RB,,,IL17RB,,,,,,,,,,,,,,,,,,,,,,,,,,,,,,,
,,,,,,,,,,,CXCL11,,,,,,,,SERPINB9,SLC9C1,,,CEP89,,,,,,,FKBP1ZF,CD294,CEBPG,,,,,,,,,,,,,,,,,,,,,,,,,,,,,,,,,TRAF3IP2,,,TRAF3IP2,,,,,,,,,,,,,,,,,,,,,,,,,,,,,,,
,,,,,,,,,,,CXCL13,,,,,,,,SERPINB9,SLC9C1,,,CEP89,,,,,,,FKBP1ZG,CD305,SLCO6O1,,,,,,,,,,,,,,,,,,,,,,,,,,,,,,,,,DCBLD2,,,DCBLD2,,,,,,,,,,,,,,,,,,,,,,,,,,,,,,,
,,,,,,,,,,,CXCL14,,,,,,,,SERPINB9,SLC9C1,,,CEP89,,,,,,,FKBP1ZH,CD306,ZYG11B,,,,,,,,,,,,,,,,,,,,,,,,,,,,,,,,,SERPINB3,,,SERPINB3,,,,,,,,,,,,,,,,,,,,,,,,,,,,,,,
,,,,,,,,,,,CXCL17,,,,,,,,SERPINB9,SLC9C1,,,CEP89,,,,,,,FKBP1ZI,CD307A,CAV3-AS1,,,,,,,,,,,,,,,,,,,,,,,,,,,,,,,,,SOAT1,,,SOAT1,,,,,,,,,,,,,,,,,,,,,,,,,,,,,,,
,,,,,,,,,,,CXCL1,,,,,,,,SERPINB9,SLC9C1,,,CEP89,,,,,,,FKBP1ZJ,CD307B,CEBPZ,,,,,,,,,,,,,,,,,,,,,,,,,,,,,,,,,PKP2,,,PKP2,,,,,,,,,,,,,,,,,,,,,,,,,,,,,,,
,,,,,,,,,,,CXCL5,,,,,,,,SERPINB9,SLC9C1,,,CEP89,,,,,,,FKBP1ZK,CD309,SLCO6O2,,,,,,,,,,,,,,,,,,,,,,,,,,,,,,,,,MSH4,,,MSH4,,,,,,,,,,,,,,,,,,,,,,,,,,,,,,,
,,,,,,,,,,,CXCL6,,,,,,,,SERPINB9,SLC9C1,,,CEP89,,,,,,,FKBP1ZL,CD310,ZYG11A,,,,,,,,,,,,,,,,,,,,,,,,,,,,,,,,,F7,,,F7,,,,,,,,,,,,,,,,,,,,,,,,,,,,,,,
,,,,,,,,,,,CXCL15,,,,,,,,SERPINB9,SLC9C1,,,CEP89,,,,,,,FKBP1ZM,CD313,CAVIN1,,,,,,,,,,,,,,,,,,,,,,,,,,,,,,,,,GDI2,,,GDI2,,,,,,,,,,,,,,,,,,,,,,,,,,,,,,,
,,,,,,,,,,,CXCL16,,,,,,,,SERPINB9,SLC9C1,,,CEP89,,,,,,,FKBP1ZN,CD324,CECR1,,,,,,,,,,,,,,,,,,,,,,,,,,,,,,,,,PRDM1,,,PRDM1,,,,,,,,,,,,,,,,,,,,,,,,,,,,,,,
,,,,,,,,,,,CXCL9,,,,,,,,SERPINB9,SLC9C1,,,CEP89,,,,,,,FKBP1ZO,CD325,SLCOA1,,,,,,,,,,,,,,,,,,,,,,,,,,,,,,,,,ATG5,,,ATG5,,,,,,,,,,,,,,,,,,,,,,,,,,,,,,,
,,,,,,,,,,,CXCL11,,,,,,,,SERPINB9,SLC9C1,,,CEP89,,,,,,,FKBP1ZP,CD333,ZWILCH,,,,,,,,,,,,,,,,,,,,,,,,,,,,,,,,,TMCC3,,,TMCC3,,,,,,,,,,,,,,,,,,,,,,,,,,,,,,,
,,,,,,,,,,,CXCL13,,,,,,,,SERPINB9,SLC9C1,,,CEP89,,,,,,,FKBP1ZQ,CD334,CAVIN2,,,,,,,,,,,,,,,,,,,,,,,,,,,,,,,,,PITHD1,,,PITHD1,,,,,,,,,,,,,,,,,,,,,,,,,,,,,,,
,,,,,,,,,,,CXCL14,,,,,,,,SERPINB9,SLC9C1,,,CEP89,,,,,,,FKBP1ZR,CD335,CECR2,,,,,,,,,,,,,,,,,,,,,,,,,,,,,,,,,MTA3,,,MTA3,,,,,,,,,,,,,,,,,,,,,,,,,,,,,,,
,,,,,,,,,,,CXCL17,,,,,,,,SERPINB9,SLC9C1,,,CEP89,,,,,,,FKBP1ZS,CD336,SLCOA2,,,,,,,,,,,,,,,,,,,,,,,,,,,,,,,,,USP13,,,USP13,,,,,,,,,,,,,,,,,,,,,,,,,,,,,,,
,,,,,,,,,,,CXCL1,,,,,,,,SERPINB9,SLC9C1,,,CEP89,,,,,,,FKBP1ZT,CD341,ZWINT,,,,,,,,,,,,,,,,,,,,,,,,,,,,,,,,,ATP11B,,,ATP11B,,,,,,,,,,,,,,,,,,,,,,,,,,,,,,,
,,,,,,,,,,,CXCL5,,,,,,,,SERPINB9,SLC9C1,,,CEP89,,,,,,,FKBP1ZU,CD342,CAVIN3,,,,,,,,,,,,,,,,,,,,,,,,,,,,,,,,,LAMC2,,,LAMC2,,,,,,,,,,,,,,,,,,,,,,,,,,,,,,,
,,,,,,,,,,,CXCL6,,,,,,,,SERPINB9,SLC9C1,,,CEP89,,,,,,,FKBP1ZV,CD346,CECR5,,,,,,,,,,,,,,,,,,,,,,,,,,,,,,,,,CDK14,,,CDK14,,,,,,,,,,,,,,,,,,,,,,,,,,,,,,,
,,,,,,,,,,,CXCL15,,,,,,,,SERPINB9,SLC9C1,,,CEP89,,,,,,,FKBP1ZW,CD348,SLCOB1,,,,,,,,,,,,,,,,,,,,,,,,,,,,,,,,,SEC61A1,,,SEC61A1,,,,,,,,,,,,,,,,,,,,,,,,,,,,,,,
,,,,,,,,,,,CXCL16,,,,,,,,SERPINB9,SLC9C1,,,CEP89,,,,,,,FKBP1ZX,CD359,ZSCAN22,,,,,,,,,,,,,,,,,,,,,,,,,,,,,,,,,PPP1R12A,,,PPP1R12A,,,,,,,,,,,,,,,,,,,,,,,,,,,,,,,
,,,,,,,,,,,CXCL9,,,,,,,,SERPINB9,SLC9C1,,,CEP89,,,,,,,FKBP1ZY,CD365,CAV1,,,,,,,,,,,,,,,,,,,,,,,,,,,,,,,,,RASGRF1,,,RASGRF1,,,,,,,,,,,,,,,,,,,,,,,,,,,,,,,
,,,,,,,,,,,CXCL11,,,,,,,,SERPINB9,SLC9C1,,,CEP89,,,,,,,FKBP1ZZ,CD379P1,CELA1,,,,,,,,,,,,,,,,,,,,,,,,,,,,,,,,,CAMK2B,,,CAMK2B,,,,,,,,,,,,,,,,,,,,,,,,,,,,,,,
,,,,,,,,,,,CXCL13,,,,,,,,SERPINB9,SLC9C1,,,CEP89,,,,,,,FKBP2A,CD385,SLCOB1P,,,,,,,,,,,,,,,,,,,,,,,,,,,,,,,,,CROCC,,,CROCC,,,,,,,,,,,,,,,,,,,,,,,,,,,,,,,
,,,,,,,,,,,CXCL14,,,,,,,,SERPINB9,SLC9C1,,,CEP89,,,,,,,FKBP2B,CD386,ZSCAN21,,,,,,,,,,,,,,,,,,,,,,,,,,,,,,,,,POLR3E,,,POLR3E,,,,,,,,,,,,,,,,,,,,,,,,,,,,,,,
,,,,,,,,,,,CXCL17,,,,,,,,SERPINB9,SLC9C1,,,CEP89,,,,,,,FKBP2C,CD387,CAV2,,,,,,,,,,,,,,,,,,,,,,,,,,,,,,,,,ATP2B4,,,ATP2B4,,,,,,,,,,,,,,,,,,,,,,,,,,,,,,,
,,,,,,,,,,,CXCL1,,,,,,,,SERPINB9,SLC9C1,,,CEP89,,,,,,,FKBP2D,CD39L1,CELA2B,,,,,,,,,,,,,,,,,,,,,,,,,,,,,,,,,ZC3H11A,,,ZC3H11A,,,,,,,,,,,,,,,,,,,,,,,,,,,,,,,
,,,,,,,,,,,CXCL5,,,,,,,,SERPINB9,SLC9C1,,,CEP89,,,,,,,FKBP2E,CD41,SLCOB2,,,,,,,,,,,,,,,,,,,,,,,,,,,,,,,,,RIOK2,,,RIOK2,,,,,,,,,,,,,,,,,,,,,,,,,,,,,,,
,,,,,,,,,,,CXCL6,,,,,,,,SERPINB9,SLC9C1,,,CEP89,,,,,,,FKBP2F,CD42A,ZSCAN23,,,,,,,,,,,,,,,,,,,,,,,,,,,,,,,,,YIPF1,,,YIPF1,,,,,,,,,,,,,,,,,,,,,,,,,,,,,,,
,,,,,,,,,,,CXCL15,,,,,,,,SERPINB9,SLC9C1,,,CEP89,,,,,,,FKBP2G,CD42B,CAV3,,,,,,,,,,,,,,,,,,,,,,,,,,,,,,,,,NDC1,,,NDC1,,,,,,,,,,,,,,,,,,,,,,,,,,,,,,,
,,,,,,,,,,,CXCL16,,,,,,,,SERPINB9,SLC9C1,,,CEP89,,,,,,,FKBP2H,CD49A,CELA3B,,,,,,,,,,,,,,,,,,,,,,,,,,,,,,,,,DGKG,,,DGKG,,,,,,,,,,,,,,,,,,,,,,,,,,,,,,,
,,,,,,,,,,,CXCL9,,,,,,,,SERPINB9,SLC9C1,,,CEP89,,,,,,,FKBP2I,CD49B,SLCO3A1,,,,,,,,,,,,,,,,,,,,,,,,,,,,,,,,,FLYWCH1,,,FLYWCH1,,,,,,,,,,,,,,,,,,,,,,,,,,,,,,,
,,,,,,,,,,,CXCL11,,,,,,,,SERPINB9,SLC9C1,,,CEP89,,,,,,,FKBP2J,CD49C,ZSCAN29,,,,,,,,,,,,,,,,,,,,,,,,,,,,,,,,,UNKL,,,UNKL,,,,,,,,,,,,,,,,,,,,,,,,,,,,,,,
,,,,,,,,,,,CXCL13,,,,,,,,SERPINB9,SLC9C1,,,CEP89,,,,,,,FKBP2K,CD49D,CAV3-AS1,,,,,,,,,,,,,,,,,,,,,,,,,,,,,,,,,TBXAS1,,,TBXAS1,,,,,,,,,,,,,,,,,,,,,,,,,,,,,,,
,,,,,,,,,,,CXCL14,,,,,,,,SERPINB9,SLC9C1,,,CEP89,,,,,,,FKBP2L,CD49E,CELA3,,,,,,,,,,,,,,,,,,,,,,,,,,,,,,,,,PARP12,,,PARP12,,,,,,,,,,,,,,,,,,,,,,,,,,,,,,,
,,,,,,,,,,,CXCL17,,,,,,,,SERPINB9,SLC9C1,,,CEP89,,,,,,,FKBP2M,CD53,SLCO4A1,,,,,,,,,,,,,,,,,,,,,,,,,,,,,,,,,ALDH18A1,,,ALDH18A1,,,,,,,,,,,,,,,,,,,,,,,,,,,,,,,
,,,,,,,,,,,CXCL1,,,,,,,,SERPINB9,SLC9C1,,,CEP89,,,,,,,FKBP2N,CD60,ZSCAN4,,,,,,,,,,,,,,,,,,,,,,,,,,,,,,,,,TARBP1,,,TARBP1,,,,,,,,,,,,,,,,,,,,,,,,,,,,,,,
,,,,,,,,,,,CXCL5,,,,,,,,SERPINB9,SLC9C1,,,CEP89,,,,,,,FKBP2O,CD62P,CAVIN1,,,,,,,,,,,,,,,,,,,,,,,,,,,,,,,,,GATB,,,GATB,,,,,,,,,,,,,,,,,,,,,,,,,,,,,,,
,,,,,,,,,,,CXCL6,,,,,,,,SERPINB9,SLC9C1,,,CEP89,,,,,,,FKBP2P,CD62L,CELB,,,,,,,,,,,,,,,,,,,,,,,,,,,,,,,,,MXD1,,,MXD1,,,,,,,,,,,,,,,,,,,,,,,,,,,,,,,
,,,,,,,,,,,CXCL15,,,,,,,,SERPINB9,SLC9C1,,,CEP89,,,,,,,FKBP2Q,CD62E,SLCO4A2,,,,,,,,,,,,,,,,,,,,,,,,,,,,,,,,,CDK17,,,CDK17,,,,,,,,,,,,,,,,,,,,,,,,,,,,,,,
,,,,,,,,,,,CXCL16,,,,,,,,SERPINB9,SLC9C1,,,CEP89,,,,,,,FKBP2R,CD62,ZSWIM9,,,,,,,,,,,,,,,,,,,,,,,,,,,,,,,,,DNAJC25,,,DNAJC25,,,,,,,,,,,,,,,,,,,,,,,,,,,,,,,
,,,,,,,,,,,CXCL9,,,,,,,,SERPINB9,SLC9C1,,,CEP89,,,,,,,FKBP2S,CD65,CAVIN2,,,,,,,,,,,,,,,,,,,,,,,,,,,,,,,,,SLC2A3,,,SLC2A3,,,,,,,,,,,,,,,,,,,,,,,,,,,,,,,
,,,,,,,,,,,CXCL11,,,,,,,,SERPINB9,SLC9C1,,,CEP89,,,,,,,FKBP2T,CD75S,CEL,,,,,,,,,,,,,,,,,,,,,,,,,,,,,,,,,PSD,,,PSD,,,,,,,,,,,,,,,,,,,,,,,,,,,,,,,
,,,,,,,,,,,CXCL13,,,,,,,,SERPINB9,SLC9C1,,,CEP89,,,,,,,FKBP2U,CD80,SLCO4A3,,,,,,,,,,,,,,,,,,,,,,,,,,,,,,,,,CTDP1,,,CTDP1,,,,,,,,,,,,,,,,,,,,,,,,,,,,,,,
,,,,,,,,,,,CXCL14,,,,,,,,SERPINB9,SLC9C1,,,CEP89,,,,,,,FKBP2V,CD85A,ZSWIM8,,,,,,,,,,,,,,,,,,,,,,,,,,,,,,,,,YBX3,,,YBX3,,,,,,,,,,,,,,,,,,,,,,,,,,,,,,,
,,,,,,,,,,,CXCL17,,,,,,,,SERPINB9,SLC9C1,,,CEP89,,,,,,,FKBP2W,CD85B,CAVIN3,,,,,,,,,,,,,,,,,,,,,,,,,,,,,,,,,STYK1,,,STYK1,,,,,,,,,,,,,,,,,,,,,,,,,,,,,,,
,,,,,,,,,,,CXCL1,,,,,,,,SERPINB9,SLC9C1,,,CEP89,,,,,,,FKBP2X,CD85C,CEACAM1,,,,,,,,,,,,,,,,,,,,,,,,,,,,,,,,,WNK1,,,WNK1,,,,,,,,,,,,,,,,,,,,,,,,,,,,,,,
,,,,,,,,,,,CXCL5,,,,,,,,SERPINB9,SLC9C1,,,CEP89,,,,,,,FKBP2Y,CD85D,SLCO4A4,,,,,,,,,,,,,,,,,,,,,,,,,,,,,,,,,CCAR1,,,CCAR1,,,,,,,,,,,,,,,,,,,,,,,,,,,,,,,
,,,,,,,,,,,CXCL6,,,,,,,,SERPINB9,SLC9C1,,,CEP89,,,,,,,FKBP2Z,CD85E,ZSWIM7,,,,,,,,,,,,,,,,,,,,,,,,,,,,,,,,,OGFR,,,OGFR,,,,,,,,,,,,,,,,,,,,,,,,,,,,,,,
,,,,,,,,,,,CXCL15,,,,,,,,SERPINB9,SLC9C1,,,CEP89,,,,,,,FKBP3A,CD85F,CAV1,,,,,,,,,,,,,,,,,,,,,,,,,,,,,,,,,GNA15,,,GNA15,,,,,,,,,,,,,,,,,,,,,,,,,,,,,,,
,,,,,,,,,,,CXCL16,,,,,,,,SERPINB9,SLC9C1,,,CEP89,,,,,,,FKBP3B,CD85G,CEACAM16,,,,,,,,,,,,,,,,,,,,,,,,,,,,,,,,,CREB3L3,,,CREB3L3,,,,,,,,,,,,,,,,,,,,,,,,,,,,,,,
,,,,,,,,,,,CXCL9,,,,,,,,SERPINB9,SLC9C1,,,CEP89,,,,,,,FKBP3C,CD85H,SLCO4A5,,,,,,,,,,,,,,,,,,,,,,,,,,,,,,,,,PIGV,,,PIGV,,,,,,,,,,,,,,,,,,,,,,,,,,,,,,,
,,,,,,,,,,,CXCL11,,,,,,,,SERPINB9,SLC9C1,,,CEP89,,,,,,,FKBP3D,CD85I,ZSWIM6,,,,,,,,,,,,,,,,,,,,,,,,,,,,,,,,,PTPRU,,,PTPRU,,,,,,,,,,,,,,,,,,,,,,,,,,,,,,,
,,,,,,,,,,,CXCL13,,,,,,,,SERPINB9,SLC9C1,,,CEP89,,,,,,,FKBP3E,CD85J,CAV2,,,,,,,,,,,,,,,,,,,,,,,,,,,,,,,,,SNRNP40,,,SNRNP40,,,,,,,,,,,,,,,,,,,,,,,,,,,,,,,
,,,,,,,,,,,CXCL14,,,,,,,,SERPINB9,SLC9C1,,,CEP89,,,,,,,FKBP3F,CD85K,CEACAM18,,,,,,,,,,,,,,,,,,,,,,,,,,,,,,,,,RIMBP2,,,RIMBP2,,,,,,,,,,,,,,,,,,,,,,,,,,,,,,,
,,,,,,,,,,,CXCL17,,,,,,,,SERPINB9,SLC9C1,,,CEP89,,,,,,,FKBP3G,CD85N,SLCO4A6,,,,,,,,,,,,,,,,,,,,,,,,,,,,,,,,,COL11A1,,,COL11A1,,,,,,,,,,,,,,,,,,,,,,,,,,,,,,,
,,,,,,,,,,,CXCL1,,,,,,,,SERPINB9,SLC9C1,,,CEP89,,,,,,,FKBP3H,CD85O,ZSWIM5,,,,,,,,,,,,,,,,,,,,,,,,,,,,,,,,,QSER1,,,QSER1,,,,,,,,,,,,,,,,,,,,,,,,,,,,,,,
,,,,,,,,,,,CXCL5,,,,,,,,SERPINB9,SLC9C1,,,CEP89,,,,,,,FKBP3I,CD85P,CAV3,,,,,,,,,,,,,,,,,,,,,,,,,,,,,,,,,MPC1,,,MPC1,,,,,,,,,,,,,,,,,,,,,,,,,,,,,,,
,,,,,,,,,,,CXCL6,,,,,,,,SERPINB9,SLC9C1,,,CEP89,,,,,,,FKBP3J,CD85S,CEACAM19,,,,,,,,,,,,,,,,,,,,,,,,,,,,,,,,,ACAA1,,,ACAA1,,,,,,,,,,,,,,,,,,,,,,,,,,,,,,,
,,,,,,,,,,,CXCL15,,,,,,,,SERPINB9,SLC9C1,,,CEP89,,,,,,,FKBP3K,CD85T,SLCO4A7,,,,,,,,,,,,,,,,,,,,,,,,,,,,,,,,,BCAT1,,,BCAT1,,,,,,,,,,,,,,,,,,,,,,,,,,,,,,,
,,,,,,,,,,,CXCL16,,,,,,,,SERPINB9,SLC9C1,,,CEP89,,,,,,,FKBP3L,CD85U,ZSWIM4,,,,,,,,,,,,,,,,,,,,,,,,,,,,,,,,,HDAC7,,,HDAC7,,,,,,,,,,,,,,,,,,,,,,,,,,,,,,,
,,,,,,,,,,,CXCL9,,,,,,,,SERPINB9,SLC9C1,,,CEP89,,,,,,,FKBP3M,CD86,CAV3-AS1,,,,,,,,,,,,,,,,,,,,,,,,,,,,,,,,,LZTS1,,,LZTS1,,,,,,,,,,,,,,,,,,,,,,,,,,,,,,,
,,,,,,,,,,,CXCL11,,,,,,,,SERPINB9,SLC9C1,,,CEP89,,,,,,,FKBP3N,CD87,CEACAM20,,,,,,,,,,,,,,,,,,,,,,,,,,,,,,,,,PRDM6,,,PRDM6,,,,,,,,,,,,,,,,,,,,,,,,,,,,,,,
,,,,,,,,,,,CXCL13,,,,,,,,SERPINB9,SLC9C1,,,CEP89,,,,,,,FKBP3O,CD88,SLCO5A1,,,,,,,,,,,,,,,,,,,,,,,,,,,,,,,,,WNT8A,,,WNT8A,,,,,,,,,,,,,,,,,,,,,,,,,,,,,,,
,,,,,,,,,,,CXCL14,,,,,,,,SERPINB9,SLC9C1,,,CEP89,,,,,,,FKBP3P,CD89,ZSWIM3,,,,,,,,,,,,,,,,,,,,,,,,,,,,,,,,,SPAG4,,,SPAG4,,,,,,,,,,,,,,,,,,,,,,,,,,,,,,,
,,,,,,,,,,,CXCL17,,,,,,,,SERPINB9,SLC9C1,,,CEP89,,,,,,,FKBP3Q,CD91,CAVIN1,,,,,,,,,,,,,,,,,,,,,,,,,,,,,,,,,NCKAP1,,,NCKAP1,,,,,,,,,,,,,,,,,,,,,,,,,,,,,,,
,,,,,,,,,,,CXCL1,,,,,,,,SERPINB9,SLC9C1,,,CEP89,,,,,,,FKBP3R,CD93,CEACAM21,,,,,,,,,,,,,,,,,,,,,,,,,,,,,,,,,GUCY1B1,,,GUCY1B1,,,,,,,,,,,,,,,,,,,,,,,,,,,,,,,
,,,,,,,,,,,CXCL5,,,,,,,,SERPINB9,SLC9C1,,,CEP89,,,,,,,FKBP3S,CD99R2,SLCO5A1-AS1,,,,,,,,,,,,,,,,,,,,,,,,,,,,,,,,,SFSWAP,,,SFSWAP,,,,,,,,,,,,,,,,,,,,,,,,,,,,,,,
,,,,,,,,,,,CXCL6,,,,,,,,SERPINB9,SLC9C1,,,CEP89,,,,,,,FKBP3T,CD104,ZSWIM2,,,,,,,,,,,,,,,,,,,,,,,,,,,,,,,,,TNK2,,,TNK2,,,,,,,,,,,,,,,,,,,,,,,,,,,,,,,
,,,,,,,,,,,CXCL15,,,,,,,,SERPINB9,SLC9C1,,,CEP89,,,,,,,FKBP3U,CD115,CAVIN2,,,,,,,,,,,,,,,,,,,,,,,,,,,,,,,,,MON2,,,MON2,,,,,,,,,,,,,,,,,,,,,,,,,,,,,,,
,,,,,,,,,,,CXCL16,,,,,,,,SERPINB9,SLC9C1,,,CEP89,,,,,,,FKBP3V,CD124,CEACAM22P,,,,,,,,,,,,,,,,,,,,,,,,,,,,,,,,,CDH3,,,CDH3,,,,,,,,,,,,,,,,,,,,,,,,,,,,,,,
,,,,,,,,,,,CXCL9,,,,,,,,SERPINB9,SLC9C1,,,CEP89,,,,,,,FKBP3W,CD125,SLCO5A2,,,,,,,,,,,,,,,,,,,,,,,,,,,,,,,,,GPBP1,,,GPBP1,,,,,,,,,,,,,,,,,,,,,,,,,,,,,,,
,,,,,,,,,,,CXCL11,,,,,,,,SERPINB9,SLC9C1,,,CEP89,,,,,,,FKBP3X,CD128,ZSWIM1,,,,,,,,,,,,,,,,,,,,,,,,,,,,,,,,,DGAT2,,,DGAT2,,,,,,,,,,,,,,,,,,,,,,,,,,,,,,,
,,,,,,,,,,,CXCL13,,,,,,,,SERPINB9,SLC9C1,,,CEP89,,,,,,,FKBP3Y,CD129,CAVIN3,,,,,,,,,,,,,,,,,,,,,,,,,,,,,,,,,ZNF112,,,ZNF112,,,,,,,,,,,,,,,,,,,,,,,,,,,,,,,
,,,,,,,,,,,CXCL14,,,,,,,,SERPINB9,SLC9C1,,,CEP89,,,,,,,FKBP3Z,CD133,CEACAM3,,,,,,,,,,,,,,,,,,,,,,,,,,,,,,,,,CS,,,CS,,,,,,,,,,,,,,,,,,,,,,,,,,,,,,,
,,,,,,,,,,,CXCL17,,,,,,,,SERPINB9,SLC9C1,,,CEP89,,,,,,,FKBP4A,CD138,SLCO5A3,,,,,,,,,,,,,,,,,,,,,,,,,,,,,,,,,LTK,,,LTK,,,,,,,,,,,,,,,,,,,,,,,,,,,,,,,
,,,,,,,,,,,CXCL1,,,,,,,,SERPINB9,SLC9C1,,,CEP89,,,,,,,FKBP4B,CD139,ZXDA,,,,,,,,,,,,,,,,,,,,,,,,,,,,,,,,,ELMO2,,,ELMO2,,,,,,,,,,,,,,,,,,,,,,,,,,,,,,,
,,,,,,,,,,,CXCL5,,,,,,,,SERPINB9,SLC9C1,,,CEP89,,,,,,,FKBP4C,CD140A,CAV1,,,,,,,,,,,,,,,,,,,,,,,,,,,,,,,,,WAPL,,,WAPL,,,,,,,,,,,,,,,,,,,,,,,,,,,,,,,
,,,,,,,,,,,CXCL6,,,,,,,,SERPINB9,SLC9C1,,,CEP89,,,,,,,FKBP4D,CD140B,CEACAM4,,,,,,,,,,,,,,,,,,,,,,,,,,,,,,,,,VMP1,,,VMP1,,,,,,,,,,,,,,,,,,,,,,,,,,,,,,,
,,,,,,,,,,,CXCL15,,,,,,,,SERPINB9,SLC9C1,,,CEP89,,,,,,,FKBP4E,CD142,SLCO6A1,,,,,,,,,,,,,,,,,,,,,,,,,,,,,,,,,APPBP2,,,APPBP2,,,,,,,,,,,,,,,,,,,,,,,,,,,,,,,
,,,,,,,,,,,CXCL16,,,,,,,,SERPINB9,SLC9C1,,,CEP89,,,,,,,FKBP4F,CD145,ZXDB,,,,,,,,,,,,,,,,,,,,,,,,,,,,,,,,,POLD1,,,POLD1,,,,,,,,,,,,,,,,,,,,,,,,,,,,,,,
,,,,,,,,,,,CXCL9,,,,,,,,SERPINB9,SLC9C1,,,CEP89,,,,,,,FKBP4G,CD149,CAV2,,,,,,,,,,,,,,,,,,,,,,,,,,,,,,,,,SEZ6,,,SEZ6,,,,,,,,,,,,,,,,,,,,,,,,,,,,,,,
,,,,,,,,,,,CXCL11,,,,,,,,SERPINB9,SLC9C1,,,CEP89,,,,,,,FKBP4H,CD152,CEACAM5,,,,,,,,,,,,,,,,,,,,,,,,,,,,,,,,,EIF4B,,,EIF4B,,,,,,,,,,,,,,,,,,,,,,,,,,,,,,,
,,,,,,,,,,,CXCL13,,,,,,,,SERPINB9,SLC9C1,,,CEP89,,,,,,,FKBP4I,CD153,SLCO6A2,,,,,,,,,,,,,,,,,,,,,,,,,,,,,,,,,SLC6A16,,,SLC6A16,,,,,,,,,,,,,,,,,,,,,,,,,,,,,,,
,,,,,,,,,,,CXCL14,,,,,,,,SERPINB9,SLC9C1,,,CEP89,,,,,,,FKBP4J,CD158A,ZXDC,,,,,,,,,,,,,,,,,,,,,,,,,,,,,,,,,BICRA,,,BICRA,,,,,,,,,,,,,,,,,,,,,,,,,,,,,,,
,,,,,,,,,,,CXCL17,,,,,,,,SERPINB9,SLC9C1,,,CEP89,,,,,,,FKBP4K,CD158B1,CAV3,,,,,,,,,,,,,,,,,,,,,,,,,,,,,,,,,SPHK2,,,SPHK2,,,,,,,,,,,,,,,,,,,,,,,,,,,,,,,
,,,,,,,,,,,CXCL1,,,,,,,,SERPINB9,,,,CEP89,,,,,,,FKBP4L,CD158B2,CEACAM6,,,,,,,,,,,,,,,,,,,,,,,,,,,,,,,,,CA11,,,CA11,,,,,,,,,,,,,,,,,,,,,,,,,,,,,,,
,,,,,,,,,,,CXCL5,,,,,,,,SERPINB9,,,,CEP89,,,,,,,FKBP4M,CD158C,SLCO6A3,,,,,,,,,,,,,,,,,,,,,,,,,,,,,,,,,ISOC2,,,ISOC2,,,,,,,,,,,,,,,,,,,,,,,,,,,,,,,
,,,,,,,,,,,CXCL6,,,,,,,,SERPINB9,,,,CEP89,,,,,,,FKBP4N,CD158D,ZYG11B,,,,,,,,,,,,,,,,,,,,,,,,,,,,,,,,,U2AF2,,,U2AF2,,,,,,,,,,,,,,,,,,,,,,,,,,,,,,,
,,,,,,,,,,,CXCL15,,,,,,,,SERPINB9,,,,CEP89,,,,,,,FKBP4O,CD158E1,CAV3-AS1,,,,,,,,,,,,,,,,,,,,,,,,,,,,,,,,,EPN1,,,EPN1,,,,,,,,,,,,,,,,,,,,,,,,,,,,,,,
,,,,,,,,,,,CXCL16,,,,,,,,SERPINB9,,,,CEP89,,,,,,,FKBP4P,CD158E2,CEACAM7,,,,,,,,,,,,,,,,,,,,,,,,,,,,,,,,,MED29,,,MED29,,,,,,,,,,,,,,,,,,,,,,,,,,,,,,,
,,,,,,,,,,,CXCL9,,,,,,,,SERPINB9,,,,CEP89,,,,,,,FKBP4Q,CD158F1,SLCO6A4,,,,,,,,,,,,,,,,,,,,,,,,,,,,,,,,,AHRR,,,AHRR,,,,,,,,,,,,,,,,,,,,,,,,,,,,,,,
,,,,,,,,,,,CXCL11,,,,,,,,SERPINB9,,,,CEP89,,,,,,,FKBP4R,CD158F2,ZYG11A,,,,,,,,,,,,,,,,,,,,,,,,,,,,,,,,,GSC2,,,GSC2,,,,,,,,,,,,,,,,,,,,,,,,,,,,,,,
,,,,,,,,,,,CXCL13,,,,,,,,SERPINB9,,,,CEP89,,,,,,,FKBP4S,CD158G,CAVIN1,,,,,,,,,,,,,,,,,,,,,,,,,,,,,,,,,GPC1,,,GPC1,,,,,,,,,,,,,,,,,,,,,,,,,,,,,,,
,,,,,,,,,,,CXCL14,,,,,,,,SERPINB9,,,,CEP89,,,,,,,FKBP4T,CD158H,CEACAM8,,,,,,,,,,,,,,,,,,,,,,,,,,,,,,,,,ADCK1,,,ADCK1,,,,,,,,,,,,,,,,,,,,,,,,,,,,,,,
,,,,,,,,,,,CXCL17,,,,,,,,SERPINB9,,,,CEP89,,,,,,,FKBP4U,CD158I,SLCO6C1,,,,,,,,,,,,,,,,,,,,,,,,,,,,,,,,,HAGH,,,HAGH,,,,,,,,,,,,,,,,,,,,,,,,,,,,,,,
,,,,,,,,,,,CXCL1,,,,,,,,SERPINB9,,,,CEP89,,,,,,,FKBP4V,CD158J,ZWILCH,,,,,,,,,,,,,,,,,,,,,,,,,,,,,,,,,RNF4,,,RNF4,,,,,,,,,,,,,,,,,,,,,,,,,,,,,,,
,,,,,,,,,,,CXCL5,,,,,,,,SERPINB9,,,,CEP89,,,,,,,FKBP4W,CD158K,CAVIN2,,,,,,,,,,,,,,,,,,,,,,,,,,,,,,,,,CASP8,,,CASP8,,,,,,,,,,,,,,,,,,,,,,,,,,,,,,,
,,,,,,,,,,,CXCL6,,,,,,,,SERPINB9,,,,CEP89,,,,,,,FKBP4X,CD159A,CEACAM8P,,,,,,,,,,,,,,,,,,,,,,,,,,,,,,,,,LIMCH1,,,LIMCH1,,,,,,,,,,,,,,,,,,,,,,,,,,,,,,,
,,,,,,,,,,,CXCL15,,,,,,,,SERPINB9,,,,CEP89,,,,,,,FKBP4Y,CD159C,SLCO6C2,,,,,,,,,,,,,,,,,,,,,,,,,,,,,,,,,INTS13,,,INTS13,,,,,,,,,,,,,,,,,,,,,,,,,,,,,,,
,,,,,,,,,,,CXCL16,,,,,,,,SERPINB9,,,,CEP89,,,,,,,FKBP,CD161,ZWINT,,,,,,,,,,,,,,,,,,,,,,,,,,,,,,,,,TM7SF3,,,TM7SF3,,,,,,,,,,,,,,,,,,,,,,,,,,,,,,,
,,,,,,,,,,,CXCL9,,,,,,,,SERPINB9,,,,CEP89,,,,,,,,CD165,CAVIN3,,,,,,,,,,,,,,,,,,,,,,,,,,,,,,,,,DLX3,,,DLX3,,,,,,,,,,,,,,,,,,,,,,,,,,,,,,,
,,,,,,,,,,,CXCL11,,,,,,,,SERPINB9,,,,CEP89,,,,,,,,CD167A,CEACAM9,,,,,,,,,,,,,,,,,,,,,,,,,,,,,,,,,SPA17,,,SPA17,,,,,,,,,,,,,,,,,,,,,,,,,,,,,,,
,,,,,,,,,,,CXCL13,,,,,,,,SERPINB9,,,,CEP89,,,,,,,,CD167B,SLCO6C3,,,,,,,,,,,,,,,,,,,,,,,,,,,,,,,,,TSPAN32,,,TSPAN32,,,,,,,,,,,,,,,,,,,,,,,,,,,,,,,
,,,,,,,,,,,CXCL14,,,,,,,,SERPINB9,,,,CEP89,,,,,,,,CD170,ZSCAN22,,,,,,,,,,,,,,,,,,,,,,,,,,,,,,,,,CCN5,,,CCN5,,,,,,,,,,,,,,,,,,,,,,,,,,,,,,,
,,,,,,,,,,,CXCL17,,,,,,,,SERPINB9,,,,CEP89,,,,,,,,CD178,CAV1,,,,,,,,,,,,,,,,,,,,,,,,,,,,,,,,,DMRT3,,,DMRT3,,,,,,,,,,,,,,,,,,,,,,,,,,,,,,,
,,,,,,,,,,,CXCL1,,,,,,,,SERPINB9,,,,CEP89,,,,,,,,CD179A,CEBPB,,,,,,,,,,,,,,,,,,,,,,,,,,,,,,,,,ST3GAL6,,,ST3GAL6,,,,,,,,,,,,,,,,,,,,,,,,,,,,,,,
,,,,,,,,,,,CXCL5,,,,,,,,SERPINB9,,,,CEP89,,,,,,,,CD179B,SLCO,,,,,,,,,,,,,,,,,,,,,,,,,,,,,,,,,ATP2C2,,,ATP2C2,,,,,,,,,,,,,,,,,,,,,,,,,,,,,,,
,,,,,,,,,,,CXCL6,,,,,,,,SERPINB9,,,,CEP89,,,,,,,,CD181,,,,,,,,,,,,,,,,,,,,,,,,,,,,,,,,,,NGFR,,,NGFR,,,,,,,,,,,,,,,,,,,,,,,,,,,,,,,
,,,,,,,,,,,CXCL15,,,,,,,,SERPINB9,,,,CEP89,,,,,,,,CD185,,,,,,,,,,,,,,,,,,,,,,,,,,,,,,,,,,CDON,,,CDON,,,,,,,,,,,,,,,,,,,,,,,,,,,,,,,
,,,,,,,,,,,CXCL16,,,,,,,,SERPINB9,,,,CEP89,,,,,,,,CD186,,,,,,,,,,,,,,,,,,,,,,,,,,,,,,,,,,TAF2,,,TAF2,,,,,,,,,,,,,,,,,,,,,,,,,,,,,,,
,,,,,,,,,,,CXCL9,,,,,,,,SERPINB9,,,,CEP89,,,,,,,,CD191,,,,,,,,,,,,,,,,,,,,,,,,,,,,,,,,,,HIPK2,,,HIPK2,,,,,,,,,,,,,,,,,,,,,,,,,,,,,,,
,,,,,,,,,,,CXCL11,,,,,,,,SERPINB9,,,,CEP89,,,,,,,,CD198,,,,,,,,,,,,,,,,,,,,,,,,,,,,,,,,,,TNPO3,,,TNPO3,,,,,,,,,,,,,,,,,,,,,,,,,,,,,,,
,,,,,,,,,,,CXCL13,,,,,,,,SERPINB9,,,,CEP89,,,,,,,,CD201,,,,,,,,,,,,,,,,,,,,,,,,,,,,,,,,,,BORCS8-MEF2B,,,BORCS8-MEF2B,,,,,,,,,,,,,,,,,,,,,,,,,,,,,,,
,,,,,,,,,,,CXCL14,,,,,,,,SERPINB9,,,,CEP89,,,,,,,,CD202,,,,,,,,,,,,,,,,,,,,,,,,,,,,,,,,,,RFXANK,,,RFXANK,,,,,,,,,,,,,,,,,,,,,,,,,,,,,,,
,,,,,,,,,,,CXCL17,,,,,,,,SERPINB9,,,,CEP89,,,,,,,,CD203C,,,,,,,,,,,,,,,,,,,,,,,,,,,,,,,,,,TMEM161A,,,TMEM161A,,,,,,,,,,,,,,,,,,,,,,,,,,,,,,,
,,,,,,,,,,,CXCL1,,,,,,,,SERPINB9,,,,CEP89,,,,,,,,CD204,,,,,,,,,,,,,,,,,,,,,,,,,,,,,,,,,,LPAR2,,,LPAR2,,,,,,,,,,,,,,,,,,,,,,,,,,,,,,,
,,,,,,,,,,,CXCL5,,,,,,,,SERPINB9,,,,CEP89,,,,,,,,CD216,,,,,,,,,,,,,,,,,,,,,,,,,,,,,,,,,,CTSA,,,CTSA,,,,,,,,,,,,,,,,,,,,,,,,,,,,,,,
,,,,,,,,,,,CXCL6,,,,,,,,SERPINB9,,,,CEP89,,,,,,,,,,,,,,,,,,,,,,,,,,,,,,,,,,,,,,,,,,SUGP2,,,SUGP2,,,,,,,,,,,,,,,,,,,,,,,,,,,,,,,
,,,,,,,,,,,CXCL15,,,,,,,,SERPINB9,,,,CEP89,,,,,,,,,,,,,,,,,,,,,,,,,,,,,,,,,,,,,,,,,,SLC12A2,,,SLC12A2,,,,,,,,,,,,,,,,,,,,,,,,,,,,,,,
,,,,,,,,,,,CXCL16,,,,,,,,SERPINB9,,,,CEP89,,,,,,,,,,,,,,,,,,,,,,,,,,,,,,,,,,,,,,,,,,SNX24,,,SNX24,,,,,,,,,,,,,,,,,,,,,,,,,,,,,,,
,,,,,,,,,,,CXCL9,,,,,,,,SERPINB9,,,,CEP89,,,,,,,,,,,,,,,,,,,,,,,,,,,,,,,,,,,,,,,,,,EYA2,,,EYA2,,,,,,,,,,,,,,,,,,,,,,,,,,,,,,,
,,,,,,,,,,,CXCL11,,,,,,,,SERPINB9,,,,CEP89,,,,,,,,,,,,,,,,,,,,,,,,,,,,,,,,,,,,,,,,,,CNN2,,,CNN2,,,,,,,,,,,,,,,,,,,,,,,,,,,,,,,
,,,,,,,,,,,CXCL13,,,,,,,,SERPINB9,,,,CEP89,,,,,,,,,,,,,,,,,,,,,,,,,,,,,,,,,,,,,,,,,,ABCA7,,,ABCA7,,,,,,,,,,,,,,,,,,,,,,,,,,,,,,,
,,,,,,,,,,,CXCL14,,,,,,,,SERPINB9,,,,CEP89,,,,,,,,,,,,,,,,,,,,,,,,,,,,,,,,,,,,,,,,,,SNCAIP,,,SNCAIP,,,,,,,,,,,,,,,,,,,,,,,,,,,,,,,
,,,,,,,,,,,CXCL17,,,,,,,,SERPINB9,,,,CEP89,,,,,,,,,,,,,,,,,,,,,,,,,,,,,,,,,,,,,,,,,,DDX20,,,DDX20,,,,,,,,,,,,,,,,,,,,,,,,,,,,,,,
,,,,,,,,,,,CXCL1,,,,,,,,SERPINB9,,,,CEP89,,,,,,,,,,,,,,,,,,,,,,,,,,,,,,,,,,,,,,,,,,BTBD1,,,BTBD1,,,,,,,,,,,,,,,,,,,,,,,,,,,,,,,
,,,,,,,,,,,CXCL5,,,,,,,,SERPINB9,,,,CEP89,,,,,,,,,,,,,,,,,,,,,,,,,,,,,,,,,,,,,,,,,,FAR2,,,FAR2,,,,,,,,,,,,,,,,,,,,,,,,,,,,,,,
,,,,,,,,,,,CXCL6,,,,,,,,SER,,,,CEP89,,,,,,,,,,,,,,,,,,,,,,,,,,,,,,,,,,,,,,,,,,BCAS1,,,BCAS1,,,,,,,,,,,,,,,,,,,,,,,,,,,,,,,
,,,,,,,,,,,CXCL15,,,,,,,,,,,,CEP89,,,,,,,,,,,,,,,,,,,,,,,,,,,,,,,,,,,,,,,,,,POU1F1,,,POU1F1,,,,,,,,,,,,,,,,,,,,,,,,,,,,,,,
,,,,,,,,,,,CXCL16,,,,,,,,,,,,CEP89,,,,,,,,,,,,,,,,,,,,,,,,,,,,,,,,,,,,,,,,,,CHI3L2,,,CHI3L2,,,,,,,,,,,,,,,,,,,,,,,,,,,,,,,
,,,,,,,,,,,CXCL9,,,,,,,,,,,,CEP89,,,,,,,,,,,,,,,,,,,,,,,,,,,,,,,,,,,,,,,,,,SBNO2,,,SBNO2,,,,,,,,,,,,,,,,,,,,,,,,,,,,,,,
,,,,,,,,,,,CXCL11,,,,,,,,,,,,CEP89,,,,,,,,,,,,,,,,,,,,,,,,,,,,,,,,,,,,,,,,,,PMS1,,,PMS1,,,,,,,,,,,,,,,,,,,,,,,,,,,,,,,
,,,,,,,,,,,CXCL13,,,,,,,,,,,,CEP89,,,,,,,,,,,,,,,,,,,,,,,,,,,,,,,,,,,,,,,,,,HMG20B,,,HMG20B,,,,,,,,,,,,,,,,,,,,,,,,,,,,,,,
,,,,,,,,,,,CXCL14,,,,,,,,,,,,CEP89,,,,,,,,,,,,,,,,,,,,,,,,,,,,,,,,,,,,,,,,,,CALCRL,,,CALCRL,,,,,,,,,,,,,,,,,,,,,,,,,,,,,,,
,,,,,,,,,,,CXCL17,,,,,,,,,,,,CEP89,,,,,,,,,,,,,,,,,,,,,,,,,,,,,,,,,,,,,,,,,,TAF11,,,TAF11,,,,,,,,,,,,,,,,,,,,,,,,,,,,,,,
,,,,,,,,,,,CXCL1,,,,,,,,,,,,CEP89,,,,,,,,,,,,,,,,,,,,,,,,,,,,,,,,,,,,,,,,,,ANKS1A,,,ANKS1A,,,,,,,,,,,,,,,,,,,,,,,,,,,,,,,
,,,,,,,,,,,CXCL5,,,,,,,,,,,,CEP89,,,,,,,,,,,,,,,,,,,,,,,,,,,,,,,,,,,,,,,,,,AP3D1,,,AP3D1,,,,,,,,,,,,,,,,,,,,,,,,,,,,,,,
,,,,,,,,,,,CXCL6,,,,,,,,,,,,CEP89,,,,,,,,,,,,,,,,,,,,,,,,,,,,,,,,,,,,,,,,,,ZNF76,,,ZNF76,,,,,,,,,,,,,,,,,,,,,,,,,,,,,,,
,,,,,,,,,,,CXCL15,,,,,,,,,,,,CEP89,,,,,,,,,,,,,,,,,,,,,,,,,,,,,,,,,,,,,,,,,,SLC9A3R2,,,SLC9A3R2,,,,,,,,,,,,,,,,,,,,,,,,,,,,,,,
,,,,,,,,,,,CXCL16,,,,,,,,,,,,CEP89,,,,,,,,,,,,,,,,,,,,,,,,,,,,,,,,,,,,,,,,,,NTHL1,,,NTHL1,,,,,,,,,,,,,,,,,,,,,,,,,,,,,,,
,,,,,,,,,,,CXCL9,,,,,,,,,,,,CEP89,,,,,,,,,,,,,,,,,,,,,,,,,,,,,,,,,,,,,,,,,,UHRF1BP1,,,UHRF1BP1,,,,,,,,,,,,,,,,,,,,,,,,,,,,,,,
,,,,,,,,,,,CXCL11,,,,,,,,,,,,CEP89,,,,,,,,,,,,,,,,,,,,,,,,,,,,,,,,,,,,,,,,,,GNAI3,,,GNAI3,,,,,,,,,,,,,,,,,,,,,,,,,,,,,,,
,,,,,,,,,,,CXCL13,,,,,,,,,,,,CEP89,,,,,,,,,,,,,,,,,,,,,,,,,,,,,,,,,,,,,,,,,,IPO5,,,IPO5,,,,,,,,,,,,,,,,,,,,,,,,,,,,,,,
,,,,,,,,,,,CXCL14,,,,,,,,,,,,CEP89,,,,,,,,,,,,,,,,,,,,,,,,,,,,,,,,,,,,,,,,,,OAT,,,OAT,,,,,,,,,,,,,,,,,,,,,,,,,,,,,,,
,,,,,,,,,,,CXCL17,,,,,,,,,,,,CEP89,,,,,,,,,,,,,,,,,,,,,,,,,,,,,,,,,,,,,,,,,,WDR3,,,WDR3,,,,,,,,,,,,,,,,,,,,,,,,,,,,,,,
,,,,,,,,,,,CXCL1,,,,,,,,,,,,CEP89,,,,,,,,,,,,,,,,,,,,,,,,,,,,,,,,,,,,,,,,,,PKN2,,,PKN2,,,,,,,,,,,,,,,,,,,,,,,,,,,,,,,
,,,,,,,,,,,CXCL5,,,,,,,,,,,,CEP89,,,,,,,,,,,,,,,,,,,,,,,,,,,,,,,,,,,,,,,,,,WDR18,,,WDR18,,,,,,,,,,,,,,,,,,,,,,,,,,,,,,,
,,,,,,,,,,,CXCL6,,,,,,,,,,,,CEP89,,,,,,,,,,,,,,,,,,,,,,,,,,,,,,,,,,,,,,,,,,TRAM2,,,TRAM2,,,,,,,,,,,,,,,,,,,,,,,,,,,,,,,
,,,,,,,,,,,CXCL15,,,,,,,,,,,,CEP89,,,,,,,,,,,,,,,,,,,,,,,,,,,,,,,,,,,,,,,,,,NTN1,,,NTN1,,,,,,,,,,,,,,,,,,,,,,,,,,,,,,,
,,,,,,,,,,,CXCL16,,,,,,,,,,,,CEP89,,,,,,,,,,,,,,,,,,,,,,,,,,,,,,,,,,,,,,,,,,GLP2R,,,GLP2R,,,,,,,,,,,,,,,,,,,,,,,,,,,,,,,
,,,,,,,,,,,CXCL9,,,,,,,,,,,,CEP89,,,,,,,,,,,,,,,,,,,,,,,,,,,,,,,,,,,,,,,,,,MCM10,,,MCM10,,,,,,,,,,,,,,,,,,,,,,,,,,,,,,,
,,,,,,,,,,,CXCL11,,,,,,,,,,,,CEP89,,,,,,,,,,,,,,,,,,,,,,,,,,,,,,,,,,,,,,,,,,DGKA,,,DGKA,,,,,,,,,,,,,,,,,,,,,,,,,,,,,,,
,,,,,,,,,,,CXCL13,,,,,,,,,,,,CEP89,,,,,,,,,,,,,,,,,,,,,,,,,,,,,,,,,,,,,,,,,,ERBB3,,,ERBB3,,,,,,,,,,,,,,,,,,,,,,,,,,,,,,,
,,,,,,,,,,,CXCL14,,,,,,,,,,,,CEP89,,,,,,,,,,,,,,,,,,,,,,,,,,,,,,,,,,,,,,,,,,ROPN1,,,ROPN1,,,,,,,,,,,,,,,,,,,,,,,,,,,,,,,
,,,,,,,,,,,CXCL17,,,,,,,,,,,,CEP89,,,,,,,,,,,,,,,,,,,,,,,,,,,,,,,,,,,,,,,,,,ANKRD44,,,ANKRD44,,,,,,,,,,,,,,,,,,,,,,,,,,,,,,,
,,,,,,,,,,,CXCL1,,,,,,,,,,,,CEP89,,,,,,,,,,,,,,,,,,,,,,,,,,,,,,,,,,,,,,,,,,KARS1,,,KARS1,,,,,,,,,,,,,,,,,,,,,,,,,,,,,,,
,,,,,,,,,,,CXCL5,,,,,,,,,,,,CEP89,,,,,,,,,,,,,,,,,,,,,,,,,,,,,,,,,,,,,,,,,,ADAT1,,,ADAT1,,,,,,,,,,,,,,,,,,,,,,,,,,,,,,,
,,,,,,,,,,,CXCL6,,,,,,,,,,,,CEP89,,,,,,,,,,,,,,,,,,,,,,,,,,,,,,,,,,,,,,,,,,PDIA5,,,PDIA5,,,,,,,,,,,,,,,,,,,,,,,,,,,,,,,
,,,,,,,,,,,CXCL15,,,,,,,,,,,,CEP89,,,,,,,,,,,,,,,,,,,,,,,,,,,,,,,,,,,,,,,,,,TBC1D22B,,,TBC1D22B,,,,,,,,,,,,,,,,,,,,,,,,,,,,,,,
,,,,,,,,,,,CXCL16,,,,,,,,,,,,CEP89,,,,,,,,,,,,,,,,,,,,,,,,,,,,,,,,,,,,,,,,,,NDUFB4,,,NDUFB4,,,,,,,,,,,,,,,,,,,,,,,,,,,,,,,
,,,,,,,,,,,CXCL9,,,,,,,,,,,,CEP89,,,,,,,,,,,,,,,,,,,,,,,,,,,,,,,,,,,,,,,,,,SPEN,,,SPEN,,,,,,,,,,,,,,,,,,,,,,,,,,,,,,,
,,,,,,,,,,,CXCL11,,,,,,,,,,,,CEP89,,,,,,,,,,,,,,,,,,,,,,,,,,,,,,,,,,,,,,,,,,MYLK,,,MYLK,,,,,,,,,,,,,,,,,,,,,,,,,,,,,,,
,,,,,,,,,,,CXCL13,,,,,,,,,,,,CEP89,,,,,,,,,,,,,,,,,,,,,,,,,,,,,,,,,,,,,,,,,,ZC3H15,,,ZC3H15,,,,,,,,,,,,,,,,,,,,,,,,,,,,,,,
,,,,,,,,,,,CXCL14,,,,,,,,,,,,CEP89,,,,,,,,,,,,,,,,,,,,,,,,,,,,,,,,,,,,,,,,,,MAP2K4,,,MAP2K4,,,,,,,,,,,,,,,,,,,,,,,,,,,,,,,
,,,,,,,,,,,CXCL17,,,,,,,,,,,,CEP89,,,,,,,,,,,,,,,,,,,,,,,,,,,,,,,,,,,,,,,,,,PACC1,,,PACC1,,,,,,,,,,,,,,,,,,,,,,,,,,,,,,,
,,,,,,,,,,,CXCL1,,,,,,,,,,,,CEP89,,,,,,,,,,,,,,,,,,,,,,,,,,,,,,,,,,,,,,,,,,SNAP91,,,SNAP91,,,,,,,,,,,,,,,,,,,,,,,,,,,,,,,
,,,,,,,,,,,CXCL5,,,,,,,,,,,,CEP89,,,,,,,,,,,,,,,,,,,,,,,,,,,,,,,,,,,,,,,,,,SLK,,,SLK,,,,,,,,,,,,,,,,,,,,,,,,,,,,,,,
,,,,,,,,,,,CXCL6,,,,,,,,,,,,CEP89,,,,,,,,,,,,,,,,,,,,,,,,,,,,,,,,,,,,,,,,,,CYB5R4,,,CYB5R4,,,,,,,,,,,,,,,,,,,,,,,,,,,,,,,
,,,,,,,,,,,CXCL15,,,,,,,,,,,,CEP89,,,,,,,,,,,,,,,,,,,,,,,,,,,,,,,,,,,,,,,,,,COL17A1,,,COL17A1,,,,,,,,,,,,,,,,,,,,,,,,,,,,,,,
,,,,,,,,,,,CXCL16,,,,,,,,,,,,CEP89,,,,,,,,,,,,,,,,,,,,,,,,,,,,,,,,,,,,,,,,,,GSTO2,,,GSTO2,,,,,,,,,,,,,,,,,,,,,,,,,,,,,,,
,,,,,,,,,,,CXCL9,,,,,,,,,,,,CEP89,,,,,,,,,,,,,,,,,,,,,,,,,,,,,,,,,,,,,,,,,,SEC61A2,,,SEC61A2,,,,,,,,,,,,,,,,,,,,,,,,,,,,,,,
,,,,,,,,,,,CXCL11,,,,,,,,,,,,CEP89,,,,,,,,,,,,,,,,,,,,,,,,,,,,,,,,,,,,,,,,,,PRKCQ,,,PRKCQ,,,,,,,,,,,,,,,,,,,,,,,,,,,,,,,
,,,,,,,,,,,CXCL13,,,,,,,,,,,,CEP89,,,,,,,,,,,,,,,,,,,,,,,,,,,,,,,,,,,,,,,,,,TLE2,,,TLE2,,,,,,,,,,,,,,,,,,,,,,,,,,,,,,,
,,,,,,,,,,,CXCL14,,,,,,,,,,,,CEP89,,,,,,,,,,,,,,,,,,,,,,,,,,,,,,,,,,,,,,,,,,ASB1,,,ASB1,,,,,,,,,,,,,,,,,,,,,,,,,,,,,,,
,,,,,,,,,,,CXCL17,,,,,,,,,,,,CEP89,,,,,,,,,,,,,,,,,,,,,,,,,,,,,,,,,,,,,,,,,,FAM107B,,,FAM107B,,,,,,,,,,,,,,,,,,,,,,,,,,,,,,,
,,,,,,,,,,,CXCL1,,,,,,,,,,,,CEP89,,,,,,,,,,,,,,,,,,,,,,,,,,,,,,,,,,,,,,,,,,ME1,,,ME1,,,,,,,,,,,,,,,,,,,,,,,,,,,,,,,
,,,,,,,,,,,CXCL5,,,,,,,,,,,,CEP89,,,,,,,,,,,,,,,,,,,,,,,,,,,,,,,,,,,,,,,,,,TBC1D1,,,TBC1D1,,,,,,,,,,,,,,,,,,,,,,,,,,,,,,,
,,,,,,,,,,,CXCL6,,,,,,,,,,,,CEP89,,,,,,,,,,,,,,,,,,,,,,,,,,,,,,,,,,,,,,,,,,CDK13,,,CDK13,,,,,,,,,,,,,,,,,,,,,,,,,,,,,,,
,,,,,,,,,,,CXCL,,,,,,,,,,,,CEP89,,,,,,,,,,,,,,,,,,,,,,,,,,,,,,,,,,,,,,,,,,MTHFD2,,,MTHFD2,,,,,,,,,,,,,,,,,,,,,,,,,,,,,,,
,,,,,,,,,,,,,,,,,,,,,,,CEP89,,,,,,,,,,,,,,,,,,,,,,,,,,,,,,,,,,,,,,,,,,FOXJ2,,,FOXJ2,,,,,,,,,,,,,,,,,,,,,,,,,,,,,,,
,,,,,,,,,,,,,,,,,,,,,,,CEP89,,,,,,,,,,,,,,,,,,,,,,,,,,,,,,,,,,,,,,,,,,YBX1,,,YBX1,,,,,,,,,,,,,,,,,,,,,,,,,,,,,,,
,,,,,,,,,,,,,,,,,,,,,,,CEP89,,,,,,,,,,,,,,,,,,,,,,,,,,,,,,,,,,,,,,,,,,PDE4A,,,PDE4A,,,,,,,,,,,,,,,,,,,,,,,,,,,,,,,
,,,,,,,,,,,,,,,,,,,,,,,CEP89,,,,,,,,,,,,,,,,,,,,,,,,,,,,,,,,,,,,,,,,,,PPP2R5A,,,PPP2R5A,,,,,,,,,,,,,,,,,,,,,,,,,,,,,,,
,,,,,,,,,,,,,,,,,,,,,,,CEP89,,,,,,,,,,,,,,,,,,,,,,,,,,,,,,,,,,,,,,,,,,CTNNA2,,,CTNNA2,,,,,,,,,,,,,,,,,,,,,,,,,,,,,,,
,,,,,,,,,,,,,,,,,,,,,,,CEP89,,,,,,,,,,,,,,,,,,,,,,,,,,,,,,,,,,,,,,,,,,ELAVL1,,,ELAVL1,,,,,,,,,,,,,,,,,,,,,,,,,,,,,,,
,,,,,,,,,,,,,,,,,,,,,,,CEP89,,,,,,,,,,,,,,,,,,,,,,,,,,,,,,,,,,,,,,,,,,TIE1,,,TIE1,,,,,,,,,,,,,,,,,,,,,,,,,,,,,,,
,,,,,,,,,,,,,,,,,,,,,,,CEP89,,,,,,,,,,,,,,,,,,,,,,,,,,,,,,,,,,,,,,,,,,DIP2B,,,DIP2B,,,,,,,,,,,,,,,,,,,,,,,,,,,,,,,
,,,,,,,,,,,,,,,,,,,,,,,CEP89,,,,,,,,,,,,,,,,,,,,,,,,,,,,,,,,,,,,,,,,,,SMARCD1,,,SMARCD1,,,,,,,,,,,,,,,,,,,,,,,,,,,,,,,
,,,,,,,,,,,,,,,,,,,,,,,CEP89,,,,,,,,,,,,,,,,,,,,,,,,,,,,,,,,,,,,,,,,,,KDM4A,,,KDM4A,,,,,,,,,,,,,,,,,,,,,,,,,,,,,,,
,,,,,,,,,,,,,,,,,,,,,,,CEP89,,,,,,,,,,,,,,,,,,,,,,,,,,,,,,,,,,,,,,,,,,NFYC,,,NFYC,,,,,,,,,,,,,,,,,,,,,,,,,,,,,,,
,,,,,,,,,,,,,,,,,,,,,,,CEP89,,,,,,,,,,,,,,,,,,,,,,,,,,,,,,,,,,,,,,,,,,ZMYND12,,,ZMYND12,,,,,,,,,,,,,,,,,,,,,,,,,,,,,,,
,,,,,,,,,,,,,,,,,,,,,,,CEP89,,,,,,,,,,,,,,,,,,,,,,,,,,,,,,,,,,,,,,,,,,SLC9A3,,,SLC9A3,,,,,,,,,,,,,,,,,,,,,,,,,,,,,,,
,,,,,,,,,,,,,,,,,,,,,,,CEP89,,,,,,,,,,,,,,,,,,,,,,,,,,,,,,,,,,,,,,,,,,NGEF,,,NGEF,,,,,,,,,,,,,,,,,,,,,,,,,,,,,,,
,,,,,,,,,,,,,,,,,,,,,,,CEP89,,,,,,,,,,,,,,,,,,,,,,,,,,,,,,,,,,,,,,,,,,ASPM,,,ASPM,,,,,,,,,,,,,,,,,,,,,,,,,,,,,,,
,,,,,,,,,,,,,,,,,,,,,,,CEP89,,,,,,,,,,,,,,,,,,,,,,,,,,,,,,,,,,,,,,,,,,CD84,,,CD84,,,,,,,,,,,,,,,,,,,,,,,,,,,,,,,
,,,,,,,,,,,,,,,,,,,,,,,CEP89,,,,,,,,,,,,,,,,,,,,,,,,,,,,,,,,,,,,,,,,,,ELOVL1,,,ELOVL1,,,,,,,,,,,,,,,,,,,,,,,,,,,,,,,
,,,,,,,,,,,,,,,,,,,,,,,CEP89,,,,,,,,,,,,,,,,,,,,,,,,,,,,,,,,,,,,,,,,,,SPI1,,,SPI1,,,,,,,,,,,,,,,,,,,,,,,,,,,,,,,
,,,,,,,,,,,,,,,,,,,,,,,CEP89,,,,,,,,,,,,,,,,,,,,,,,,,,,,,,,,,,,,,,,,,,POLR1H,,,POLR1H,,,,,,,,,,,,,,,,,,,,,,,,,,,,,,,
,,,,,,,,,,,,,,,,,,,,,,,CEP89,,,,,,,,,,,,,,,,,,,,,,,,,,,,,,,,,,,,,,,,,,MPPED2,,,MPPED2,,,,,,,,,,,,,,,,,,,,,,,,,,,,,,,
,,,,,,,,,,,,,,,,,,,,,,,CEP89,,,,,,,,,,,,,,,,,,,,,,,,,,,,,,,,,,,,,,,,,,CLDN18,,,CLDN18,,,,,,,,,,,,,,,,,,,,,,,,,,,,,,,
,,,,,,,,,,,,,,,,,,,,,,,CEP89,,,,,,,,,,,,,,,,,,,,,,,,,,,,,,,,,,,,,,,,,,ZBTB11,,,ZBTB11,,,,,,,,,,,,,,,,,,,,,,,,,,,,,,,
,,,,,,,,,,,,,,,,,,,,,,,CEP89,,,,,,,,,,,,,,,,,,,,,,,,,,,,,,,,,,,,,,,,,,ATXN3,,,ATXN3,,,,,,,,,,,,,,,,,,,,,,,,,,,,,,,
,,,,,,,,,,,,,,,,,,,,,,,CEP89,,,,,,,,,,,,,,,,,,,,,,,,,,,,,,,,,,,,,,,,,,GOLGA5,,,GOLGA5,,,,,,,,,,,,,,,,,,,,,,,,,,,,,,,
,,,,,,,,,,,,,,,,,,,,,,,CEP89,,,,,,,,,,,,,,,,,,,,,,,,,,,,,,,,,,,,,,,,,,FGFR2,,,FGFR2,,,,,,,,,,,,,,,,,,,,,,,,,,,,,,,
,,,,,,,,,,,,,,,,,,,,,,,CEP89,,,,,,,,,,,,,,,,,,,,,,,,,,,,,,,,,,,,,,,,,,LRRC40,,,LRRC40,,,,,,,,,,,,,,,,,,,,,,,,,,,,,,,
,,,,,,,,,,,,,,,,,,,,,,,CEP89,,,,,,,,,,,,,,,,,,,,,,,,,,,,,,,,,,,,,,,,,,ISOC1,,,ISOC1,,,,,,,,,,,,,,,,,,,,,,,,,,,,,,,
,,,,,,,,,,,,,,,,,,,,,,,CEP89,,,,,,,,,,,,,,,,,,,,,,,,,,,,,,,,,,,,,,,,,,EML1,,,EML1,,,,,,,,,,,,,,,,,,,,,,,,,,,,,,,
,,,,,,,,,,,,,,,,,,,,,,,CEP89,,,,,,,,,,,,,,,,,,,,,,,,,,,,,,,,,,,,,,,,,,TRMT11,,,TRMT11,,,,,,,,,,,,,,,,,,,,,,,,,,,,,,,
,,,,,,,,,,,,,,,,,,,,,,,CEP89,,,,,,,,,,,,,,,,,,,,,,,,,,,,,,,,,,,,,,,,,,THUMPD1,,,THUMPD1,,,,,,,,,,,,,,,,,,,,,,,,,,,,,,,
,,,,,,,,,,,,,,,,,,,,,,,CEP89,,,,,,,,,,,,,,,,,,,,,,,,,,,,,,,,,,,,,,,,,,,,,MSANTD3,,,,,,,,,,,,,,,,,,,,,,,,,,,,,,,
,,,,,,,,,,,,,,,,,,,,,,,CEP89,,,,,,,,,,,,,,,,,,,,,,,,,,,,,,,,,,,,,,,,,,,,,KIF26A,,,,,,,,,,,,,,,,,,,,,,,,,,,,,,,
,,,,,,,,,,,,,,,,,,,,,,,CEP89,,,,,,,,,,,,,,,,,,,,,,,,,,,,,,,,,,,,,,,,,,,,,ATG2B,,,,,,,,,,,,,,,,,,,,,,,,,,,,,,,
,,,,,,,,,,,,,,,,,,,,,,,CEP89,,,,,,,,,,,,,,,,,,,,,,,,,,,,,,,,,,,,,,,,,,,,,ARFGEF,,,,,,,,,,,,,,,,,,,,,,,,,,,,,,,
,,,,,,,,,,,,,,,,,,,,,,,CEP89,,,,,,,,,,,,,,,,,,,,,,,,,,,,,,,,,,,,,,,,,,,,,,,,,,,,,,,,,,,,,,,,,,,,,,,,,,,,
,,,,,,,,,,,,,,,,,,,,,,,CEP89,,,,,,,,,,,,,,,,,,,,,,,,,,,,,,,,,,,,,,,,,,,,,,,,,,,,,,,,,,,,,,,,,,,,,,,,,,,,
,,,,,,,,,,,,,,,,,,,,,,,CEP89,,,,,,,,,,,,,,,,,,,,,,,,,,,,,,,,,,,,,,,,,,,,,,,,,,,,,,,,,,,,,,,,,,,,,,,,,,,,
,,,,,,,,,,,,,,,,,,,,,,,CEP89,,,,,,,,,,,,,,,,,,,,,,,,,,,,,,,,,,,,,,,,,,,,,,,,,,,,,,,,,,,,,,,,,,,,,,,,,,,,
,,,,,,,,,,,,,,,,,,,,,,,CEP89,,,,,,,,,,,,,,,,,,,,,,,,,,,,,,,,,,,,,,,,,,,,,,,,,,,,,,,,,,,,,,,,,,,,,,,,,,,,
,,,,,,,,,,,,,,,,,,,,,,,CEP89,,,,,,,,,,,,,,,,,,,,,,,,,,,,,,,,,,,,,,,,,,,,,,,,,,,,,,,,,,,,,,,,,,,,,,,,,,,,
,,,,,,,,,,,,,,,,,,,,,,,CEP89,,,,,,,,,,,,,,,,,,,,,,,,,,,,,,,,,,,,,,,,,,,,,,,,,,,,,,,,,,,,,,,,,,,,,,,,,,,,
,,,,,,,,,,,,,,,,,,,,,,,CEP89,,,,,,,,,,,,,,,,,,,,,,,,,,,,,,,,,,,,,,,,,,,,,,,,,,,,,,,,,,,,,,,,,,,,,,,,,,,,
,,,,,,,,,,,,,,,,,,,,,,,CEP89,,,,,,,,,,,,,,,,,,,,,,,,,,,,,,,,,,,,,,,,,,,,,,,,,,,,,,,,,,,,,,,,,,,,,,,,,,,,
,,,,,,,,,,,,,,,,,,,,,,,CEP89,,,,,,,,,,,,,,,,,,,,,,,,,,,,,,,,,,,,,,,,,,,,,,,,,,,,,,,,,,,,,,,,,,,,,,,,,,,,
,,,,,,,,,,,,,,,,,,,,,,,CEP89,,,,,,,,,,,,,,,,,,,,,,,,,,,,,,,,,,,,,,,,,,,,,,,,,,,,,,,,,,,,,,,,,,,,,,,,,,,,
,,,,,,,,,,,,,,,,,,,,,,,CEP89,,,,,,,,,,,,,,,,,,,,,,,,,,,,,,,,,,,,,,,,,,,,,,,,,,,,,,,,,,,,,,,,,,,,,,,,,,,,
,,,,,,,,,,,,,,,,,,,,,,,CEP89,,,,,,,,,,,,,,,,,,,,,,,,,,,,,,,,,,,,,,,,,,,,,,,,,,,,,,,,,,,,,,,,,,,,,,,,,,,,
,,,,,,,,,,,,,,,,,,,,,,,CEP89,,,,,,,,,,,,,,,,,,,,,,,,,,,,,,,,,,,,,,,,,,,,,,,,,,,,,,,,,,,,,,,,,,,,,,,,,,,,
,,,,,,,,,,,,,,,,,,,,,,,CEP89,,,,,,,,,,,,,,,,,,,,,,,,,,,,,,,,,,,,,,,,,,,,,,,,,,,,,,,,,,,,,,,,,,,,,,,,,,,,
,,,,,,,,,,,,,,,,,,,,,,,CEP89,,,,,,,,,,,,,,,,,,,,,,,,,,,,,,,,,,,,,,,,,,,,,,,,,,,,,,,,,,,,,,,,,,,,,,,,,,,,
,,,,,,,,,,,,,,,,,,,,,,,CEP89,,,,,,,,,,,,,,,,,,,,,,,,,,,,,,,,,,,,,,,,,,,,,,,,,,,,,,,,,,,,,,,,,,,,,,,,,,,,
,,,,,,,,,,,,,,,,,,,,,,,CEP89,,,,,,,,,,,,,,,,,,,,,,,,,,,,,,,,,,,,,,,,,,,,,,,,,,,,,,,,,,,,,,,,,,,,,,,,,,,,
,,,,,,,,,,,,,,,,,,,,,,,CEP89,,,,,,,,,,,,,,,,,,,,,,,,,,,,,,,,,,,,,,,,,,,,,,,,,,,,,,,,,,,,,,,,,,,,,,,,,,,,
,,,,,,,,,,,,,,,,,,,,,,,CEP89,,,,,,,,,,,,,,,,,,,,,,,,,,,,,,,,,,,,,,,,,,,,,,,,,,,,,,,,,,,,,,,,,,,,,,,,,,,,
,,,,,,,,,,,,,,,,,,,,,,,CEP89,,,,,,,,,,,,,,,,,,,,,,,,,,,,,,,,,,,,,,,,,,,,,,,,,,,,,,,,,,,,,,,,,,,,,,,,,,,,
,,,,,,,,,,,,,,,,,,,,,,,CEP89,,,,,,,,,,,,,,,,,,,,,,,,,,,,,,,,,,,,,,,,,,,,,,,,,,,,,,,,,,,,,,,,,,,,,,,,,,,,
,,,,,,,,,,,,,,,,,,,,,,,CEP89,,,,,,,,,,,,,,,,,,,,,,,,,,,,,,,,,,,,,,,,,,,,,,,,,,,,,,,,,,,,,,,,,,,,,,,,,,,,
,,,,,,,,,,,,,,,,,,,,,,,CEP89,,,,,,,,,,,,,,,,,,,,,,,,,,,,,,,,,,,,,,,,,,,,,,,,,,,,,,,,,,,,,,,,,,,,,,,,,,,,
,,,,,,,,,,,,,,,,,,,,,,,CEP89,,,,,,,,,,,,,,,,,,,,,,,,,,,,,,,,,,,,,,,,,,,,,,,,,,,,,,,,,,,,,,,,,,,,,,,,,,,,
,,,,,,,,,,,,,,,,,,,,,,,CEP89,,,,,,,,,,,,,,,,,,,,,,,,,,,,,,,,,,,,,,,,,,,,,,,,,,,,,,,,,,,,,,,,,,,,,,,,,,,,
,,,,,,,,,,,,,,,,,,,,,,,CEP89,,,,,,,,,,,,,,,,,,,,,,,,,,,,,,,,,,,,,,,,,,,,,,,,,,,,,,,,,,,,,,,,,,,,,,,,,,,,
,,,,,,,,,,,,,,,,,,,,,,,CEP89,,,,,,,,,,,,,,,,,,,,,,,,,,,,,,,,,,,,,,,,,,,,,,,,,,,,,,,,,,,,,,,,,,,,,,,,,,,,
,,,,,,,,,,,,,,,,,,,,,,,CEP89,,,,,,,,,,,,,,,,,,,,,,,,,,,,,,,,,,,,,,,,,,,,,,,,,,,,,,,,,,,,,,,,,,,,,,,,,,,,
,,,,,,,,,,,,,,,,,,,,,,,CEP89,,,,,,,,,,,,,,,,,,,,,,,,,,,,,,,,,,,,,,,,,,,,,,,,,,,,,,,,,,,,,,,,,,,,,,,,,,,,
,,,,,,,,,,,,,,,,,,,,,,,CEP89,,,,,,,,,,,,,,,,,,,,,,,,,,,,,,,,,,,,,,,,,,,,,,,,,,,,,,,,,,,,,,,,,,,,,,,,,,,,
,,,,,,,,,,,,,,,,,,,,,,,CEP89,,,,,,,,,,,,,,,,,,,,,,,,,,,,,,,,,,,,,,,,,,,,,,,,,,,,,,,,,,,,,,,,,,,,,,,,,,,,
,,,,,,,,,,,,,,,,,,,,,,,CEP89,,,,,,,,,,,,,,,,,,,,,,,,,,,,,,,,,,,,,,,,,,,,,,,,,,,,,,,,,,,,,,,,,,,,,,,,,,,,
,,,,,,,,,,,,,,,,,,,,,,,CEP89,,,,,,,,,,,,,,,,,,,,,,,,,,,,,,,,,,,,,,,,,,,,,,,,,,,,,,,,,,,,,,,,,,,,,,,,,,,,
,,,,,,,,,,,,,,,,,,,,,,,CEP89,,,,,,,,,,,,,,,,,,,,,,,,,,,,,,,,,,,,,,,,,,,,,,,,,,,,,,,,,,,,,,,,,,,,,,,,,,,,
,,,,,,,,,,,,,,,,,,,,,,,CEP89,,,,,,,,,,,,,,,,,,,,,,,,,,,,,,,,,,,,,,,,,,,,,,,,,,,,,,,,,,,,,,,,,,,,,,,,,,,,
,,,,,,,,,,,,,,,,,,,,,,,CEP89,,,,,,,,,,,,,,,,,,,,,,,,,,,,,,,,,,,,,,,,,,,,,,,,,,,,,,,,,,,,,,,,,,,,,,,,,,,,
,,,,,,,,,,,,,,,,,,,,,,,CEP89,,,,,,,,,,,,,,,,,,,,,,,,,,,,,,,,,,,,,,,,,,,,,,,,,,,,,,,,,,,,,,,,,,,,,,,,,,,,
,,,,,,,,,,,,,,,,,,,,,,,CEP89,,,,,,,,,,,,,,,,,,,,,,,,,,,,,,,,,,,,,,,,,,,,,,,,,,,,,,,,,,,,,,,,,,,,,,,,,,,,
,,,,,,,,,,,,,,,,,,,,,,,CEP89,,,,,,,,,,,,,,,,,,,,,,,,,,,,,,,,,,,,,,,,,,,,,,,,,,,,,,,,,,,,,,,,,,,,,,,,,,,,
,,,,,,,,,,,,,,,,,,,,,,,CEP89,,,,,,,,,,,,,,,,,,,,,,,,,,,,,,,,,,,,,,,,,,,,,,,,,,,,,,,,,,,,,,,,,,,,,,,,,,,,
,,,,,,,,,,,,,,,,,,,,,,,CEP89,,,,,,,,,,,,,,,,,,,,,,,,,,,,,,,,,,,,,,,,,,,,,,,,,,,,,,,,,,,,,,,,,,,,,,,,,,,,
,,,,,,,,,,,,,,,,,,,,,,,CEP89,,,,,,,,,,,,,,,,,,,,,,,,,,,,,,,,,,,,,,,,,,,,,,,,,,,,,,,,,,,,,,,,,,,,,,,,,,,,
,,,,,,,,,,,,,,,,,,,,,,,CEP89,,,,,,,,,,,,,,,,,,,,,,,,,,,,,,,,,,,,,,,,,,,,,,,,,,,,,,,,,,,,,,,,,,,,,,,,,,,,
,,,,,,,,,,,,,,,,,,,,,,,CEP89,,,,,,,,,,,,,,,,,,,,,,,,,,,,,,,,,,,,,,,,,,,,,,,,,,,,,,,,,,,,,,,,,,,,,,,,,,,,
,,,,,,,,,,,,,,,,,,,,,,,CEP89,,,,,,,,,,,,,,,,,,,,,,,,,,,,,,,,,,,,,,,,,,,,,,,,,,,,,,,,,,,,,,,,,,,,,,,,,,,,
,,,,,,,,,,,,,,,,,,,,,,,CEP8,,,,,,,,,,,,,,,,,,,,,,,,,,,,,,,,,,,,,,,,,,,,,,,,,,,,,,,,,,,,,,,,,,,,,,,,,,,,