seed_1_all,seed_2_all,seed_3_all,seed_4_all,seed_5_all,seed_6_all,seed_7_all,seed_8_all,seed_9_all,seed_10_all,seed_11_all,seed_12_all,seed_13_all,seed_14_all,seed_15_all,seed_16_all,seed_17_all,seed_18_all,seed_19_all,seed_20_all,seed_21_all,seed_22_all,seed_23_all,seed_24_all,seed_25_all,seed_26_all,seed_27_all,seed_28_all,seed_29_all,seed_30_all,seed_31_all,seed_32_all,seed_33_all,seed_34_all,seed_35_all,seed_36_all,seed_37_all,seed_38_all,seed_39_all,seed_40_all,seed_41_all,seed_42_all,seed_43_all,seed_44_all,seed_45_all,seed_46_all,seed_47_all,seed_48_all,seed_49_all,seed_50_all,seed_51_all,seed_52_all,seed_53_all,seed_54_all,seed_55_all,seed_56_all,seed_57_all,seed_58_all,seed_59_all,seed_60_all,seed_61_all,seed_62_all,seed_63_all,seed_64_all,seed_65_all,seed_66_all,seed_67_all,seed_68_all,seed_69_all,seed_70_all,seed_71_all,seed_72_all,seed_73_all,seed_74_all,seed_75_all,seed_76_all,seed_77_all,seed_78_all,seed_79_all,seed_80_all,seed_81_all,seed_82_all,seed_83_all,seed_84_all,seed_85_all,seed_86_all,seed_87_all,seed_88_all,seed_89_all,seed_90_all,seed_91_all,seed_92_all,seed_93_all,seed_94_all,seed_95_all,seed_96_all,seed_97_all,seed_98_all,seed_99_all,seed_100_all
CD38,TNF,TNF,CD38,TNF,NFKB1,CFH,CD38,IFNG,CD160,CD38,TNF,CFH,TNF,NDUFAB1,IL1B,TNF,IFNG,NFKB1,TNF,TNF,NFKB2,IL1B,TNF,IFNG,TNF,NFKB1,TNF,NFKB1,NDUFA2,TNF,TRPC4AP,TNF,TNF,ATP1A1,IFNG,TNF,IFNG,TNF,TNF,TNF,CFH,IFNG,IGHV3-30,TNF,TNF,IFNG,NFKB1,NFKB1,CD38,CD38,NFKB1,IFNG,PINK1-AS,WASF3,TNF,IL6,STAT1,IFNG,NFKB1,COMT,IFNG,TNF,CFH,IFNG,IL1B,IL1B,TLR4,NFKB1,IL1B,IFNG,NFKB1,NFKB1,TNF,EIF2AK2,ESRRA,TNF,TNF,TNF,TNF,NFKB1,TNF,WASF3,IL1B,DRD4,TNF,ESRRA,IFNG,TNF,CD38,NFKB1,TNF,IFNG,IFNG,TNF,NFKB1,TNF,CD38,NFKB2,NFKB1
CD69,IL1B,IL1B,TNFRSF12A,IL1B,TNF,GCLC,IFNG,IL1B,CD38,IFNG,IL1B,CFLAR,IL1B,NDUFA2,IL1A,IL1B,TNF,TNF,TNFRSF1A,IFNG,NFKB1,IL6,IL6,TNF,IL1B,NFKB2,IL1B,NFKB2,NDUFA3,IL1B,CD38,IFNG,IL1B,CD19,TNF,IL1B,TNF,IL6,IL1B,IL1B,CFLAR,TNF,CD40L,IL1B,IL1B,NFKB2,TNF,NFKB2,UQCRC1,FGR,TNF,TNF,PINK1,PRKACA,IL1B,TNF,IFNG,TNF,TNF,MTHFR,IL1B,IL1B,CD38,IL1B,IL6,TNF,NFKB1,TNF,IL2,IL1B,NFKB2,NFKB2,IL1B,NFKB2,APP,IL1B,IL1B,IL1B,IL1B,TNF,IL6,PANK2,IL6,HTR2A,IL1B,APP,TNF,IL1B,CFH,TNF,IL1B,IL1B,IL1B,IL1B,NFKB2,IL1B,CD4,NFKB1,TNF
NFKB1,IL6,IL6,CCL26,IL6,IL6,CYCSP38,TNF,IL6,CD69,IL10,IL6,CASP10,IL6,NDUFA4,IL2,IL6,IL1B,IL1B,TNFRSF1B,IL1B,IFNG,TNF,IL1B,IL1B,IL6,TNF,IL6,TNF,NDUFA4,IL6,TNFRSF12A,IL1B,IL6,SLC6A2,IL1B,IL6,IL1B,IL1B,IL6,IL6,CD38,IL6,IFN-gamma,IL6,IL6,NRF1,IL6,TNF,CD4,CFH,IL6,IL1B,SPINK1,PDE4B,IL6,IL1B,IL10,IL1B,IL1B,IDH3B,IL6,IL6,FGR,IL6,IL10,IL6,TNF,IL1B,IL4,IL6,RELA,TNF,IL6,NFKB1,CD74,IL6,IL6,IL6,IL6,IL1B,IL1B,TPH2,TNF,DRD2,IL6,CD74,IL1B,IL6,CASP10,IL1B,IL6,TNF,TNF,IL6,RELA,IL6,CD8A,ATP5MF-PTCD1,IL6
STAT1,IL10,IL10,CD79B,IL10,IL1B,PRKAR2B,IL1B,TNF,CCR7,IL17A,IL10,CD38,IL10,NDUFA5,IL4,IL10,IL6,IL6,IL1B,IL6,IL1B,IFNG,IL10,IL6,IL10,IL1B,IL10,IL1B,NDUFA5,IL10,CCL26,IL6,IL10,SLC6A4,IL6,IL10,IL6,IFNG,IL10,IL10,FGR,IL1B,TRPM3,IL10,IL10,TFAM,IL1B,IL1B,NDUFS1,TFPI,IL1B,IL6,SPINK14,CAMK2D,IL10,IFNG,TNF,IL6,IL6,IDH1,IL10,IL10,TFPI,IL10,IL17A,NFKB1,IL6,IL6,IL6,IL10,RELB,IL1B,IL10,IFNG,IFNG,IL10,IL10,IL10,IL10,IL6,IFNG,COMT,IFNG,HTR1A,IL10,ATP5A1,IL6,IL10,CFLAR,IL6,IL10,IL6,IL6,IL10,RELB,IL10,CD8B,GSTCD,IL1B
STAT3,IL17A,IFNG,IL32,IL17A,TLR4,PRKACA,IL6,GZMB,IL2RA,IL1B,IL17A,FGR,IFNG,NDUFA6,IL6,IFNG,CXCL10,IFNG,IL6,IL10,IL6,IL10,IL17A,IL10,IL17A,IL6,IL17A,IL6,NDUFA6,IL17A,RTEL1-TNFRSF6B,IL10,IL17A,NFKB2,TLR4,IFNG,IL10,IL10,IL17A,IL2,CASP10,IL10,ESRRA,IL17A,IL17A,NFKB1,IFNG,IL6,CCL2,CASP10,IFNG,IL10,SPINK13,PRKAR2A,IL17A,IL10,IL6,IL10,IFNG,IDH3A,TNF,IL17A,CALCR,TNF,IL18,TLR4,IL1B,IFNG,IL10,TNF,TNF,IL6,IL17A,IL17A,IL2,IFNG,IL17A,IL17A,IL17A,IFNG,IL10,MTHFR,IL10,ATP5MF-PTCD1,IFNG,NDUFS1,IL10,IL17A,TLR4,IL10,IFNG,IL10,IL1A,IL17A,REL,IL17A,CD19,GSTCD-AS1,IFNG
IRF3,IL18,IL17A,CD9,IL18,IFNG,ACOX3,IL10,NFKB1,CD27,IL2,IL18,TFPI,IFNA1,NDUFA7,IL10,IFNA1,CCL2,TLR4,IL10,IL2,IL10,IL17A,IL18,TLR4,IL2,IL10,IL18,IL10,NDUFA7,IL2,IFNGR1,IL17A,IL17F,NFKB1,NFKB1,CXCL10,IL17A,IL2,IL17F,IL4,TFPI,IL17A,APP,IFNG,IL2,STAT1,TLR4,TLR4,CD69,CFLAR,IL10,TGFB1,SYNJ2BP-COX16,PRKAR1A,IL18,TLR4,IL1B,IL17A,TLR4,PDHB,TGFB1,IL18,CASP10,TGFB1,TNF,IL10,IL10,TLR4,IL12A,TGFB1,IL1B,IL10,IL2,IL1B,IL1B,TGFB1,IFNG,IL2,IL18,STAT1,IL2,VDR,IL17A,IL17RB,IL2,COX7A2,IL2,IFNG,TLR3,IFNG,TGFB1,IL2,IL12B,IL4,NFKBIA,IFNG,CD3E,GCATP1,TLR4
IRF7,IFNG,IL4,CD4,IL2,IL10,PRKAR1A,IL2,IL2,IL7R,IL4,IFNG,IL1B,IFNB1,NDUFA8,IL12A,IFNB1,NFKB1,STAT1,IL17A,IL4,TNF,IL2,IFNG,TLR3,IL4,IL17A,IFNG,IFNG,NDUFA8,IL4,TNFRSF1B,IL4,IL23A,IFNG,STAT1,CCL2,IL2,IL4,IL18,IL17A,CD274,IL2,CD74,IFNA1,IL4,IRF3,STAT1,TLR7,SOD2,BAD,TLR4,CCL2,STAG3L5P-PVRIG2P-PILRB,PRKACB,IL2,TLR3,NFKB1,IL18,CD14,IDH2,IL17A,IL2,CFLAR,CCL2,TNFRSF1A,IFNG,IFNG,TLR3,IL12B,IL17A,IL6,IL17A,IL4,IL6,TNF,NFKB1,TGFB1,IL4,IL2,JAK2,IL4,PTGS2,IL2,IL10RA,IL4,SDHA,IL4,TGFB1,NFKB1,TLR4,NFKB1,IL4,IL10,IL2,TNF,CXCL10,CD3D,SYNJ2BP-COX16,STAT1
TLR4,TGFB1,IL13,CD22,IL4,TLR2,PRKAR2A,IL4,PPARGC1A,CD28,IL6,IFNA1,IL6,IL2,NDUFA9,IL12B,NFKB1,TLR4,IL10,IL23A,IL17A,CD4,IL4,CD38,TLR7,CXCL8,IFNG,IFNA1,IFNA1,NDUFA9,CXCL8,TNFRSF17,IL2,IFNG,IL17A,IRF7,CCL5,IL4,IL17A,IL1RN,IFNG,PDCD1,IL4,CCL4,IFNB1,CXCL8,IL6,IRF3,TLR9,IL17A,TNF,STAT1,CCL5,IFNGR1,IL1B,IL4,TLR7,TLR4,IL4,HLA-DRB1,TRPM3,IL2,IL4,NDUFAB1,CCL5,IFNG,IL17A,STAT1,STAT1,IL17A,IL4,IL10,IL18,CXCL10,IL10,IL6,NFKB2,IL2,IFNG,IL4,TLR4,IL17A,NOS2,IL4,IL17A,CXCL8,UQCRC1,IL8,CCL2,STAT1,TLR7,TLR4,IL17A,IL4,IFNG,TNFRSF1A,CCL2,CD3G,CYCSP38,IRF3
TLR9,CCL2,IL2,CD6,IL5,STAT1,ACOXL,IL12A,SOD2,CD244,TNF,IFNB1,TNF,IL4,NDUFA10,IL17A,NFKB2,TLR3,CD4,IFNG,NFKB1,NDUFS1,TLR4,TLR4,TLR9,IFNG,TGFB1,IFNB1,IFNB1,NDUFA10,CCL2,TNFRSF9,CXCL8,IFNA1,STAT1,HLA-DRB1,TLR4,CXCL10,IL12A,IL2,IFNA1,CTLA4,CXCL10,CXCR4,TLR3,IFNG,IL10,IL10,IFNG,STAT1,IFNG,IRF3,CXCL10,IFNGR2,IL6,IFNG,TLR9,TLR3,IL5,HLA-DQB1,ITPR3,IL4,IFNG,PDK4,CXCL10,IFNA1,IL2,STAT3,IRF3,IL18,IL2,IL17A,IFNG,CCL2,TLR4,IL4,RELA,IL4,IFNA1,CXCL8,NLRP3,CCL2,NOS3,IFNA1,IL17F,CCL2,MT-CO1,CXCL10,CCL5,IRF3,CD4,CD38,TGFB1,TGFB1,TGFB1,TNFRSF1B,CCL5,CD69,PRKAR2B,CXCL10
IL1B,CCL3,CXCL10,IL20RA,IL12A,IL2,ACOX1,IL17A,PRKAA1,CD164,TGFB1,NFKB1,IFNG,IL17A,NDUFB1,IL18,TLR4,TLR7,CD8A,IFNA1,NFKB2,NRF1,TLR2,NFKB1,NFKB1,IFNA1,CD4,TLR3,TLR4,NDUFAB1,CCL5,IL17RB,CCL2,IFNB1,IL1B,CD38,NFKB1,CCL2,IL12B,IL4,IFNB1,LAG3,CCL2,CSF2,TLR4,IFNA1,TLR4,CXCL10,IL10,IL1B,IL1B,IRF7,NFKB1,UQCRH,IL10,IFNA1,NFKB1,IRF7,IL13,HLA-DPA1,CYP2D6,CXCL10,IFNA1,AK2,CD4,IFNB1,CXCL10,IRF3,IRF7,IFNG,CD8A,IL2,IFNA1,CCL5,TLR3,IL10,TLR4,IL5,IFNB1,IFNG,IL18,CCL5,TLR4,IFNA2,IL17C,CCL5,MT-ND1,CCL2,CXCL10,IRF7,CD8A,CD8A,CCL2,CSF2,CCL2,IL1B,NFKB1,TNF,PRKACA,CCL2
IL6,CCL4,CCL2,CD74,IL12B,CD4,ACOX2,NFKB1,IL10,CD164L2,NFKB1,NFKB2,IL10,TGFB1,NDUFB2,IL21,TLR9,IRF7,FOXP3,IFNB1,TLR3,TFAM,TLR3,STAT1,STAT1,IFNB1,CD8A,TLR4,TLR9,NDUFAF7,CXCR4,TNFRSF1A,CCL5,TLR3,IRF3,CXCL10,STAT1,CCL5,IL18,IL5,TGFB1,TIGIT,CCL5,CCL20,TLR9,IFNB1,STAT3,CCL2,IL17A,IRF3,IL6,IL2,NFKB2,MT-ND5,IL17A,IFNB1,RELA,IRF3,TGFB1,STAT1,AHCY,CCL2,IFNB1,GCLC,CD8A,TLR3,CCL2,TLR7,CXCL10,TNF,CD4,IFNG,TLR4,IFNG,TNF,IL12A,TLR2,CCL2,NFKB1,IFNA1,NFKB2,CXCL10,TLR9,IFNB1,IL17B,TGFB1,MT-ATP6,CCL5,CD4,IFNAR1,HLA-DRB1,ATP5A1,CXCL10,IL1RN,CCL5,IL1R1,NFKB2,IL1B,MAVS,HLA-DRB1
IL10,CCL5,CCL5,CD44,IL13,CD8A,CYCS,NFKB2,SOD1,CD163,NFKB2,RELA,IL4,CCL2,NDUFB3,IL23A,CD4,STAT1,TBX21,IRF3,TLR4,PPARGC1A,TLR9,IRF3,STAT3,TLR4,CD8B,TLR9,CD4,NDUFB1,CD4,C1QTNF3,CXCR4,TLR4,COX4I1,CCL2,STAT3,CD4,IL23A,IL12A,CCL2,BTLA,TGFB1,CCL5,NFKB1,TGFB1,IRF7,CD14,IL23A,COX4I1,IL10,IL4,RELA,MT-ND4,IL18,TLR4,IRF3,MX1,CXCL10,IRF7,FOLR1,CCL5,TLR4,SARM1,CD8B,TLR4,TLR3,TLR3,CCL2,TGFB1,CD3E,IFNA1,TLR9,TGFB1,NDUFS1,IL17A,TLR3,CCL5,NFKB2,IFNB1,RELA,CD38,PPARGC1A,MX1,IL10,NFKB1,PDK4,TGFB1,CD8A,IFNAR2,NLRP3,ATP5B,CCL5,IFNGR1,CXCL10,IL2,TLR4,IL6,RELB,CD14
IL17A,CXCL8,CXCR4,IFNGR1,IL15,HLA-DRB1,CYCSP34,RELA,PRF1,CD163L1,RELA,TLR3,IL2,CCL5,NDUFB4,TNF,CD8A,MX1,GATA3,IRF7,TLR9,COX4I1,NFKB1,IRF7,IRF3,TLR3,CD3E,NFKB1,CD8A,NDUFB2,CD8A,TNFSF13B,CD4,TLR9,IL6,IL10,IRF3,CD8A,CXCL10,IL12B,CCL5,CD28,IL18,CCL3,NFKB2,CCL2,TNF,HLA-DRB1,TGF,IL6,IL17A,IL17A,TLR4,IFNA8,TNF,TLR3,IRF7,ISG15,CCL2,IRF3,VDR,CXCR4,TLR9,BAD,CD3E,TLR9,IL1A,CD38,IL10,NFKB1,CD3D,IFNB1,CD14,CD4,PPARGC1A,CD40LG,TLR9,CXCL10,RELA,IRF3,REL,CD274,POLG,MX2,IL17RD,NFKB2,PFKM,NFKB1,CD19,IL1B,CCL2,COX4I1,CXCL8,TNFRSF1A,CXCL8,IL4,TLR9,IL10,NRF1,PTGS2
IFNG,CXCL9,CD40,TNFRSF1B,IL21,IRF7,ACOXL-AS1,STAT1,GCLC,TNFRSF12A,IRF3,TLR4,IL17A,CXCL8,NDUFB5,TNFAIP3,CD19,OAS1,IL2,TLR3,IRF3,TLR4,NFKB2,HLA-DRA,IRF7,TLR9,CD3D,NFKB2,CD8B,NDUFB3,CD3D,CCL22,CD8A,NFKB1,IL10,TGFB1,IRF7,CD14,CCL2,IL13,CXCL10,ICOS,NFKB1,ADRM1,RELA,CCL5,TLR9,NLRP3,HLA-DRB1,IL10,IL18,CXCL10,TLR7,IFNA7,TNFRSF1A,TLR9,STAT1,OAS1,CCL5,TBK1,MTR,CD4,NFKB1,HSPB6,CD3D,NFKB1,IL8,CD14,TGFB1,RELA,CD19,TLR4,CD86,CD8A,SDHB,TGFB1,IRF3,CXCL8,TLR4,IRF7,TNFRSF1A,CD40,TFAM,OAS1,IL17RE,TLR4,HK1,STAT1,CD68,IL6,CCL5,NDUFS1,CD4,TNFRSF1B,CD40,IL6,CD4,IL17A,TFAM,IL10
TNF,CXCL10,TLR4,TNFRSF17,IL23A,CXCL10,CYCSP19,STAT3,CD4,CCL26,IRF7,TLR9,IL18,CXCL10,NDUFB6,TNFRSF1A,TGFB1,ISG15,IL4,TLR4,IRF7,CD8A,RELA,HLA-DRB1,MX1,NFKB1,CD3G,RELA,CD19,NDUFB4,CD3E,TNFRSF10A,CD8B,NFKB2,TLR4,IL2,IL2,TLR4,CCL5,IL15,TLR4,CD40,STAT1,PSMD2,STAT1,CXCL10,COMT,IL17A,HLA-DQB1,TLR4,IL1RN,CCL2,TLR9,MT-CYB,IFNG,NFKB1,STAT3,IFIT1,CXCR3,MAVS,MTRR,CD8A,NFKB2,CYP51A1,CD3G,NFKB2,IL4,HLA-DRB1,HLA-DRB1,STAT1,CD14,TLR3,CD4,CD8B,COX4I1,RESISTIN,IRF7,CCL3,TLR3,TLR3,TNFRSF1B,CD86,SOD2,OAS2,IL17RC,TLR3,PKM,STAT3,HLA-DRB1,IL10,CXCL10,PDK4,CD8A,IL6R,TLR4,IL10,CD8A,IL2,PRKAR1A,TGFB1
TGFB1,NFKB1,TLR3,TNFRSF9,IFNG,CCL2,CYCSP6,IRF3,NDUFS1,CD79B,TLR3,STAT1,NFKB1,CD4,NDUFB7,TNFRSF1B,CCL2,IFIT1,IL17A,TLR9,CD8A,HSP90AA1,RELB,CD4,OAS1,NFKB2,CD19,STAT1,CD3E,NDUFB5,CD19,CCL24,CD3E,RELA,STAT3,CD69,IL4,NFKB1,CCR5,IL21,TLR3,CD80,STAT3,NDUFA3,STAT3,CRP,SOD2,TGFB1,CD4,UQCRC2,IL2,CCL5,STAT1,MT-ATP6,IFNA1,NFKB2,JAK1,IFITM3,CD40LG,MX1,WASF3,CD19,RELA,CYP26B1,CTLA4,RELA,IL13,HLA-DQB1,HLA-DQB1,STAT3,TBX21,TLR9,CD8A,CD19,COX5A,CD8A,STAT1,CCL4,TLR9,TLR4,IL1A,CD4,GPX1,OAS3,IL17D,TLR9,LDHA,IRF3,HLA-DQB1,TNF,STAT1,PPARGC1A,CD3E,IL10RA,TLR3,IL12A,CD19,IL4,PRKAR2A,IL4
CCL2,NFKB2,TLR9,IL17RB,IFNA1,CD14,CYCSP55,IRF7,ADRB1,IL32,TLR4,IRF3,NFKB2,CD8A,NDUFB8,IFNG,CCL5,IFIH1,TGFB1,NFKB1,CD4,SIRT1,CD4,CD8A,OAS2,RELA,MS4A1,STAT3,CD3D,NDUFB6,NCAM1,TNFSF8,CD3D,RELB,COX5A,IFNA1,IL17A,STAT1,CXCL8,IL22,TLR9,CD86,COX4I1,NDUFB5,JAK1,NFE2L2,PRDX1,IL2,CD8A,SOD1,IL4,CD8A,STAT3,COX6A1,IFNB1,RELA,JAK2,PKR,CD8A,OAS1,PEMT,CD3E,CD4,FKBP4,PDCD1,CD14,TGM2,CXCL10,CD4,IRF3,GATA3,CD4,CD19,CD3E,HMOX1,CD4,STAT3,CXCL9,CD4,TLR9,IL1R1,CD8A,CAT,ISG15,IL17RA,CD4,ENO1,IRF7,TLR4,CCL2,JAK1,SIRT1,CD19,IL1R1,TLR2,IL12B,GATA3,IFNG,MFN2,IL17A
CCL5,RELA,NFKB1,CD84,IFNA2,TLR7,CYCSP17,COX4I1,SDHA,CD9,TLR9,IRF7,TLR4,CD14,NDUFB9,IFNA1,CXCL10,DDX58,CCL2,NFKB2,CD3E,SOD2,CD8A,CD3E,OAS3,RELB,NCR1,IRF3,CD3G,NDUFB7,CD14,CCL2,CD19,IRF3,NDUFB1,TLR3,CD4,IRF3,CXCL9,IL23A,NLRP3,NDUFAB1,COX5B,NDUFB11,JAK2,NFKB1,CAT,IL4,CD19,CD8A,TGFB1,CD4,IRF3,MT-CO2,CD4,CD8A,TYK2,MAVS,CD4,IFIT1,SUOX,CD14,CD8A,KDM1A,NCAM1,CD86,CD69,CCL2,CD8A,IRF7,RORC,CD8A,CD3E,CD3D,SOD2,CD3E,CD14,CXCL11,CD8A,NFKB1,IL1RN,CD19,CD38,ISG20,IL17REL,CD8A,GPI,TLR3,TLR9,CCL5,IRF3,NDUFAB1,FOXP3,CD40LG,TLR9,IL15,TBX21,TGFB1,IRF3,FOXP3
CXCL10,TLR2,NFKB2,TNFRSF1A,IFNB1,IL17A,CYCSP32,COX5B,NFKB2,CD4,STAT1,CCL2,TLR9,CD19,NDUFB10,IFNB1,IL17A,EIF2AK2,CXCL10,RELA,CD14,STAT1,CD8B,CD14,ISG15,REL,KLRD1,IRF7,CTLA4,NDUFB8,CD68,TNFAIP1,MS4A1,IRF7,IRF7,IRF3,CD8A,IRF7,CCL3,IFNG,COX4I1,NDUFAF7,NDUFA4,NDUFA4,IRF3,NFKB2,PRDX5,IL8,CD56,COX7A1,NFKB1,CD3E,IRF7,IFNA1,CD8A,CD4,MAPK1,STING1,NFKB1,ISG15,BHMT,TLR4,CD8B,DVL2,FCGR3A,CD40,HLA-DRB1,IL8,CD3E,TLR2,IL12A,CD3E,CD28,CD3G,NFE2L2,FOXP3,CD68,CD4,CD8B,NFKB2,IL6R,CD3E,CCL26,IFIT1,IL10RB-DT,CD8B,GAPDH,TLR4,NFKB1,CXCL10,ATP5A1,SOD2,CTLA4,CD40,NFKB1,IL17A,RORC,NFKB1,WASF3,CD8A
NDUFS1,TLR3,RELA,CD5L,TGFB1,FOXP3,CYCSP12,COX6A1,TRPM3,CD22,STAT3,CCL3,IRF3,CD38,NDUFS1,IFNGR1,IL2,CD69,HLA-DRB1,RELB,FCGR3A,NFE2L2,CD19,CCL2,IFIT1,CD4,KLRC1,CD4,PDCD1,NDUFS1,HLA-DRA,IL10RA,CTLA4,CD4,TNF,STAT3,COX4I1,COX4I1,CCL4,IFNA1,COX5A,PDK4,NDUFB1,NDUFS3,IRF7,RELA,NGF,CCL5,FOXP3,NDUFV1,STAT1,CD14,IFNA1,MT-ND3,CD19,CD3E,MAPK3,CGAS,STAT1,RSAD2,MAT1A,TLR3,CD19,SLC4A1,COX4I1,HLA-DRA,STAT1,IL2,CD19,TLR4,IL12B,GATA3,HLA-DRB1,CD14,CAT,NCAM1,CD163,CD8A,CTLA4,RELA,IL6ST,CTLA4,CD79B,IFIT2,IL10RB,CD3E,PGK1,TLR7,STAT1,CD14,ATP5B,GPX1,PD1,CXCL9,NFKB2,IL18,IL2,NFKB2,POGLUT2,CD4
NDUFS3,TLR4,IRF3,NFKB2,TGFB2,ATP5A1,CYCSP42,NDUFAB1,SIRT1,CD6,JAK1,CCL4,IRF7,TLR4,NDUFS2,IFNAR1,IL4,CD38,HLA-A,STAT1,HLA-A,SIRT3,CD3E,CCL5,IFIT2,CD8A,PRF1,CD8A,LAG3,NDUFS2,HLA-DRB1,CD69,PDCD1,CD8A,TLR9,ATP5A1,COX5A,COX5A,TLR4,IFNB1,NDUFS1,POLG,SDHA,ATP5F1A,CXCL10,RELB,SOD1,ATP5A1,ATP5A1,STAT3,STAT3,COX4I1,IFNB1,MT-CO1,CD3E,CD19,MAPK14,IL2,STAT3,IL10,CBS,TLR9,CD3E,SLC7A2,COX5A,HLA-DRB1,IRF7,NDUFB8,FOXP3,TLR9,IL23A,TBX21,HLA-DQB1,FCGR3A,SNAP25,PRF1,HLA-DRA,CD19,PDCD1,REL,IL10,TLR3,IL32,IFIT3,NFKBIL1,CD3G,TNF,TLR9,STAT3,NDUFAB1,COX4I1,GCLC,TLR4,CXCL10,RELA,IL21,IL4,RELA,PINK1,GZMB
NDUFAB1,TLR9,IRF7,IL4R,CD3D,COX4I1,CYCSP24,NDUFA4,HIF1A,IL20RA,JAK2,CCL5,STAT1,TLR9,NDUFS3,NFKB1,IL5,HLA-DRB1,HLA-B,STAT3,HLA-B,STAT3,CD3D,CXCL10,IFIT3,CD8B,GZMA,CD3E,HLA-A,NDUFS3,NFKB1,IFNG,LAG3,CD8B,OAS1,COX4I1,COX5B,NDUFS1,TLR3,IFNL1,NDUFS3,TFAM,SDHB,ATP5B,CCL2,REL,PRDX3,NDUFB8,ATP5B,CXCL10,JAK1,NDUFS1,ISG15,IFNB1,CD14,GZMB,JUN,IL4,IRF3,TGFB1,SLC19A1,NFKB1,CD3D,SLC22A16,COX5B,HLA-C,ISG15,NDUFS1,GATA3,CD4,IFNA1,RORC,HLA-A,NCAM1,NGF,GZMB,HLA-DRB1,CD3E,LAG3,RELB,IL10RA,TLR4,CD9,RSAD2,VDAC2,CD19,IL6,CD4,IRF7,PDK4,NDUFA4,NFE2L2,TLR7,CCL2,RELB,IL23A,IL12A,RELB,REL,PRF1
NDUFAF7,STAT1,STAT1,CXCL2,CD3E,NDUFS1,CYCSP5,NDUFAF7,IL17A,CD74,CXCL10,CXCL8,STAT3,NFKB1,NDUFS4,NFKB2,IL13,HLA-A,HLA-C,JAK1,HLA-C,BDNF,CD3G,TGFB1,PKR,CD3E,GZMB,CD19,HLA-B,NDUFS4,STAT1,IL17A,TBX21,CD19,OAS3,NDUFS1,COX6A1,NDUFS2,TLR9,IFNAR1,NDUFV1,NRF1,SOD2,COX5B,CCL5,CD3E,GPX4,COX7A2,COX4I1,CYCS,JAK2,NDUFV1,MX1,MT-ND2,CD69,PRF1,FOS,IL17A,IRF7,IL4,SHMT1,RELA,CD3G,SLC25A13,NDUFS1,CCL2,MX1,COX5B,TBX21,CD8A,IFNB1,STAT1,HLA-B,HLA-A,SOD1,CD69,B2M,CD3D,HAVCR2,STAT1,IL10RB,TLR9,CD4,IRF3,VDAC1,MS4A1,IL1B,CD8A,IRF3,SDHB,NDUFS1,HMOX1,TLR9,CCL5,REL,IFNG,IL12B,REL,POGLUT1,IFNA1
COX4I1,STAT3,STAT3,IL12RB2,CD3G,SDHB,CYCSP4,CS,IL4,CD44,CCL2,CXCL10,JAK1,RELA,NDUFS5,RELA,IL15,B2M,IRF7,JAK2,HLA-DRA,HSPA1A,IL2RA,IL1RN,RIG1,CD3D,FCGR3A,CXCL10,HLA-C,NDUFS5,STAT3,IL17F,GATA3,NCAM1,OAS2,SDHA,NDUFB8,UQCRC1,TLR2,IFNGR1,SDHA,PPARGC1A,GPX1,UQCRB,CD4,CD4,BDNF,SDHB,COX5A,CD19,TLR2,SDHA,OAS1,IFNA2,HLA-A,FASLG,CREB1,TGFB1,TLR3,IL13,TCN2,IRF3,CXCL10,RBM5,NDUFS2,CCL5,OAS1,ATP5A1,RORC,CD19,IRF7,STAT3,HLA-C,HLA-B,BDNF,NKG2A,CXCL10,CD3G,CD274,STAT3,IFNGR1,NLRP3,CD22,IRF7,COMT,NCAM1,IFNG,CD19,PTGS2,UQCRC1,SDHA,PRDX1,NFKB1,CD8A,IRF3,IFNA1,IL18,CCL2,MFN1,IFNB1
COX5A,JAK1,JAK1,CD59,CD4,UQCRC1,CYCSP11,IDH2,STAT1,IFNGR1,CCL5,CXCL11,JAK2,IRF3,NDUFS6,RELB,IL18,CTLA4,IRF3,NCAM1,HLA-DRB1,GPX1,CCL2,CD69,MDA5,CD3G,IRF3,CCL2,HLA-DRA,NDUFS6,JAK1,CCL20,RORC,CD3E,SOD2,VDAC1,NDUFS1,SDHB,MYD88,CXCL8,SDHB,PPARGC1B,CAT,SDHB,CD8A,CD8A,GPX1,UQCRC2,NDUFB8,COX5A,TLR4,SDHB,PKR,MT-ND4L,HLA-B,FAS,HIF1A,CD4,TLR4,IL17A,DHFR,IRF7,CCL2,RBM6,SDHA,CXCL10,IFIT1,SDHB,IL17A,CD3E,IRF3,JAK1,B2M,HLA-C,GPX1,HLA-DRA,CCL2,CD14,PDCD1LG2,JAK1,IFNGR2,NDUFA2,CD6,STAT1,SLC6A2,CTLA4,IL10,CD25,NOS2,COX4I1,SDHB,TXN,RELA,CD8B,IRF7,IFNA2,IL23A,CCL3,RELA,TLR3
COX6C,JAK2,JAK2,CD82,CD8A,ATP5B,CYCSP51,PDK4,NFE2L2,TNFRSF1B,CXCR4,ICAM1,CXCL10,IRF7,NDUFS7,NFKBIA,IL21,PDCD1,MX1,KLRD1,COX4I1,NOS2,CCL3,CD86,CXCL10,HLA-A,IRF7,CCL5,HLA-DRB1,NDUFS7,JAK2,IL18R1,IL2RA,CD3D,PRDX1,SOD2,SDHA,CS,IRAK4,CXCL10,TFAM,SIRT1,PRDX3,IDH3A,CD8B,CD8B,HSP90AA1,MT-CO1,NDUFS1,IRF7,TLR9,UQCRC1,RIG1,MT-ND1,HLA-C,KLRD1,VEGFA,CD8A,TLR7,CD4,NFKB1,STAT1,CCL5,POLR2J,SDHB,CCR5,IL1RN,UQCRB,IL23A,CD3D,STAT1,JAK2,TAP1,HLA-DRA,EDN1,HLA-DRB1,CCL5,TBX21,COX4I1,JAK2,IFNA1,NDUFA3,IL20RA,STAT3,SLC6A4,PDCD1,IL4,FOXP3,HMGB1,CS,CS,BDNF,IRF3,CD4,STAT1,IFNB1,TGFB1,CCL4,POGLUT3,TLR7
COX7A2,IRF3,JAK3,CD209,CD8B,COX5B,CYCSP8,PKM,SDHB,TNFRSF17,HLA-A,VCAM1,CCL2,STAT1,NDUFS8,STAT1,IL23A,LAG3,OAS1,KLRG1,COX5A,MAPK1,CCL4,TNFRSF1A,CCL2,HLA-B,STAT1,CCR5,HLA-DQA1,NDUFS8,TLR3,IL18RAP,NFKB1,CD3G,CAT,GPX1,SDHB,MDH2,TRAF6,CCL2,NRF1,SIRT3,UQCRC1,CS,CD3E,CD19,ICAM1,MT-ND1,NDUFS3,NDUFS3,IRF3,SOD2,MDA5,MT-ATP8,HLA-DRB1,KLRC1,NOS2,FOXP3,TLR9,CD8A,NFKB2,STAT3,CCR5,LIG3,SOD1,PRF1,TNFAIP3,MT-CO1,IL12B,GZMB,STAT3,IRF3,TAP2,HLA-DRB1,OAS1,IGHV3-23,CXCR4,GATA3,COX5A,CD4,IFNB1,NDUFA4,CD74,JAK1,DBH,CD274,TGFB1,CTLA4,S100A8,IDH2,IDH2,COMT,IRF7,CD3E,STAT3,IFNAR1,TNFRSF1A,CCL5,TBK1,MYD88
UQCRC1,IRF7,COX4I1,IL5RA,CD19,NDUFA4,CYCSP10,SOD1,CAT,TNFRSF9,HLA-B,CD4,CCL5,STAT3,COX4I1,STAT3,IL27,TIGIT,ISG15,PRF1,NDUFA2,MAPK14,CCL5,COX4I1,CCL5,HLA-C,STAT2,HLA-DRA,HLA-DQB1,COX4I1,TLR4,TNFSF4,NFKB2,CD14,RSAD2,CAT,CS,PPARGC1A,NFKB1,CCL3,PPARGC1A,SIRT5,UQCRC2,MDH2,CD3G,MS4A1,VEGFA,MT-ATP6,SDHB,TNF,IRF7,PINK1,NLRP3,COX8A,HLA-DQB1,KLRC2,COX2,GATA3,IL2,CD3E,NFKBIA,NCAM1,HLA-DRA,RAD52,SOD2,GZMB,CD38,MT-ND1,PDCD1,PRF1,NFKB1,IRF7,CXCL10,HLA-DQA1,OAS3,IGHV3-30,CCR5,RORC,COX5B,CD8A,IFNAR1,NDUFA5,CD44,JAK2,DDC,HLA-A,CCL2,PDCD1,S100A9,MDH2,PPARGC1A,P2RX7,STAT1,CD3D,JAK1,IFNAR2,TNFRSF1B,CXCL1,IRF7,IRAK4
UQCRB,COX4I1,COX5A,CD200,NCAM1,SDHA,CYCSP33,SOD2,GFAP,IL17RB,HLA-C,CD8A,CXCR4,JAK1,COX5A,STAT5A,IL12A,HAVCR2,IFITM1,GZMB,NDUFA4,AKT1,CXCL10,COX5A,CXCR3,HLA-DRA,ISG15,HLA-DRB1,B2M,COX5A,TLR9,TNFAIP3,RELA,FCGR3A,SOD1,NRF2,IDH2,NRF1,NFKB2,CCL4,SIRT1,UCP2,PRKAA1,SOD2,CD19,CD27,BECN1,PPARGC1A,UQCRC2,TLR9,CCL2,KEAP1,IL18,MT-CO3,TLR3,KLRC3,PTGS2,TBX21,IL7,CD19,TNF,KLRD1,HLA-DRB1,RECQL,GPX1,NCAM1,PTGS2,MT-ATP6,CTLA4,FASLG,RELA,CXCL10,CCL2,HLA-DQB1,OAS2,IGHV3-11,IL17A,BCL6,COX6A1,CD8B,IFNAR2,NDUFA6,IL17RB,CD4,SLC6A3,HLA-B,CCL5,LAG3,ATP5A1,ACO2,TFAM,TRPV1,STAT3,CD3G,COX4I1,IFNGR1,JAK1,CXCL2,OPA1,NFKBIA
SDHA,COX5A,COX5B,IL11,PRF1,CYCS,CYCSP35,CAT,COX4I1,CD84,HLA-DRB1,CD19,NDUFA2,NDUFA2,COX5B,STAT6,IL12B,IL10,RSAD2,FCGR3A,NDUFA9,NOS3,CXCL9,NDUFS1,CD14,HLA-DRB1,ISG20,B2M,CXCL10,COX5B,IRF3,TNFSF18,IRF1,FCGR3B,MX1,HMOX1,ACO2,TFAM,RELA,CCL5,SIRT3,UCP3,PRKAA2,TXN,NCAM1,CD28,VCAM1,NRF1,CYCS,CCL5,CCL5,HMOX1,CASP1,UQCRC1,TLR4,COX4I1,IL2,RORC,IL15,CD20,TNFRSF1A,KLRG1,PTPRC,CAMKK1,GPX4,KLRD1,IL18,CYCS,LAG3,CXCL8,TLR3,CCL2,CCL5,HLA-DPA1,ADRA1A,IGLC7,IL23A,PRDM1,COX6B1,CD19,TLR2,NDUFA7,CD84,CD8A,TH,HLA-C,CXCL10,TIGIT,ATP5B,NDUFA4,POLG,HTR2A,JAK2,FOXP3,COX5A,TLR1,JAK2,CXCL8,GAPDHP38,RELA
SDHB,COX5B,COX6A1,IL12RB1,GZMA,BDNF,CYCSP53,GPX1,PPARG,TNFRSF1A,HLA-DQB1,CD14,NDUFA3,NDUFA3,COX6A1,JAK1,STAT1,TGFB1,MT-ATP6,FCGR3B,NDUFB1,MTOR,CCR5,NDUFV1,CD86,PTGS2,MX1,NLRP3,CCL2,COX6A1,IRF7,TNFSF11,IRF3,IL2RA,PRDX3,PRDX1,MDH2,POLG,STAT1,CCR5,PDK4,PINK1,PPARGC1A,PRDX3,PRF1,CTLA4,HSPA4,TFAM,SOD2,HSPA5,CXCL10,NQO1,ATP5A1,MT-ND6,TLR9,COX5A,IL4,IL12A,IFNA1,FOXP3,TNFRSF1B,PRF1,ICAM1,CDC27,CAT,KLRG1,CCR5,SOD2,TIGIT,CXCL10,TLR4,CCL5,CCR5,HLA-DPB1,MX1,CD19,PTGS2,EOMES,COX7A1,NCAM1,TLR3,NDUFA8,CD5L,CD8B,NDUFAF7,HLA-DRB1,CD40LG,CD3E,COX4I1,NDUFAF7,PDK4,MAPK14,ATP5A1,CD25,COX6A1,TLR2,STAT1,CXCL10,GAPDHP62,JUN
PDK4,COX7A2,COX6B1,IL2RB,GZMB,NGF,CYCSP52,GPX4,KLRD1,SREBF1,CD4,CD86,NDUFA4,NDUFA4,COX6B1,JAK2,STAT3,IL4,MT-CO1,SOD1,NDUFS1,TRPM3,STAT1,NDUFV2,HLA-DRA,NOS2,MX2,CASP1,CCL5,COX6B1,PTGS2,TNFRSF10B,IRF7,CD38,GPX4,GSR,UQCRC1,SIRT1,STAT3,TLR3,CS,MFN1,SIRT1,PRDX5,GZMB,PDCD1,BCL2,PINK1,CAT,HSP90AA1,CCR5,GPX1,ATP5B,IFNA21,NFKB1,COX5B,IL8,IL12B,IFNB1,CTLA4,IL1B,GZMB,VCAM1,MAD1L1,HMOX1,NKG7,CXCR3,SOD1,HAVCR2,CCL2,TLR9,CCR5,CSF1,TLR4,NOS3,CD20,NOS2,TOX,COX8A,CD3E,TLR9,NDUFA9,NFKB2,CD3E,NDUFAB1,HLA-DQB1,NFKB1,CD3D,COX7A2,COMT,BDNF,MTOR,COX4I1,CD127,COX7A1,TLR3,STAT3,TLR2,CD38,FOS
SIRT1,NDUFA2,COX7A1,NFKBIA,KLRG1,COMT,CYCSP20,GCLC,COX5B,CD5L,CD8A,GATA3,NDUFA5,NDUFA5,COX6C,TLR2,JAK1,IL13,MT-CO2,SOD2,SDHB,P2RX7,STAT3,SDHA,HLA-DRB1,IRF3,OAS1,IL1RN,CXCR4,COX6C,CRP,TNFRSF8,STAT1,CD69,MX2,NQO1,UQCRC2,SIRT3,STAT5A,TLR4,IDH2,MFN2,SIRT3,GPX4,IL2RA,LAG3,ATG7,PARK2,GPX1,GSTP1,CD4,CAT,COX1,IFNL1,NFKB2,COX6A1,IL12A,IL23A,CXCL8,PDCD1,IL6,GZMA,SELE,POLDIP2,NFE2L2,CD3D,CD40LG,CAT,CD274,CCL5,KLRG1,HLA-A,CSF2,TLR3,ADRB2,CD38,IDO1,TLR4,NDUFA2,CD3G,MYD88,NDUFA10,IL4R,CD3D,COX10,COX4I1,RELA,CD14,NDUFS1,MAOA,DRD2,PRKAA1,NDUFS1,CTLA4,NDUFS1,TLR4,IRF3,TLR3,CDC27,MAPK1
SIRT3,NDUFA4,NDUFB8,CD40,KLRD1,SLC6A4,CYCSP23,GCLM,TLR4,TBX21,CD19,TBX21,NDUFA6,NDUFA6,COX7A1,TLR3,JAK2,FOXP3,MT-CO3,CAT,SDHC,VEGFA,STAT4,SDHB,FOXP3,IRF7,OAS2,TNFRSF1A,CCR5,COX7A1,C3,TNFSF10,STAT3,CD86,ISG15,GCLC,FH,SOD2,JAK1,TLR9,OGDH,GCLC,PDK4,VDAC1,CTLA4,TIGIT,MTOR,SOD2,GSR,FKBP5,CD8A,GCLC,COX2,IFNK,RELA,COX7A1,IL12B,IFNA1,CCL3,LAG3,IL10,FASLG,SELP,PLXND1,HSP90AA1,CD4,IL12A,GPX1,PDCD1LG2,CCR5,KLRD1,HLA-B,CSF3,TLR2,HSPA5,CD27,ARG1,TLR9,NDUFA3,CD14,IRAK4,NDUFA11,CXCL2,CD3G,UQCRC1,COX5A,STAT1,CD68,NDUFS3,SLC6A4,COMT,TP53,SDHB,PDCD1,NDUFS2,TLR5,IRF7,TLR4,TNFRSF12A,MAPK3
SOD1,NDUFA5,NDUFA9,TNFSF13B,KLRK1,HTR2A,CYCSP22,GSR,SIRT3,NFKB2,GATA3,HLA-A,NDUFA7,NDUFA7,COX7A2,TLR4,IRF3,IDO1,MT-ND1,GPX1,SOD1,TNFRSF12A,STAT6,PDK4,CD4,STAT1,OAS3,TNFRSF1B,IL17A,COX7A2,C4A,TNFAIP6,TLR2,CD80,GPX1,KEAP1,OGDH,GPX1,JAK2,NFKB1,ACO2,GPX1,LDHA,TOMM20,PDCD1,TBX21,CYCSP53,CAT,PRDX1,MAPK1,CD14,GSR,COX3,UQCRHL,RELB,NDUFA4,IL17A,IFNB1,CCL4,HAVCR2,IL17A,NKG7,IRF7,ARF5,HSPA1A,CD8A,IL12B,GSR,IDO1,COX4I1,KLRC1,HLA-C,COX4I1,TLR9,HSP90AA1,PD1,MMP9,TLR3,NDUFA4,HLA-A,CASP1,NDUFA12,CD59,CD28,COX15,COX5B,JAK2,CD163,SDHA,HTR2A,SLC6A4,BCL2,UQCRC1,LAG3,NDUFS3,TLR6,IFIT1,TLR9,CCL26,AKT1
SOD2,NDUFA6,NDUFS1,CCL22,KLRC1,DRD2,CYCSP26,HMOX1,CD8A,IL4R,TBX21,HLA-B,NDUFA8,NDUFA8,COX7C,TLR9,IRF7,ARG1,MT-ND2,GPX4,SOD2,IL32,JAK1,CS,CD8A,STAT3,TLR3,JAK1,IL23A,COX7C,CFH,IL17C,TLR3,HLA-A,COMT,BDNF,SUCLG1,CAT,IRF3,NFKB2,SOD1,GPX3,PKM,TIMM23,LAG3,GATA3,PECAM1,GPX1,NRF2,HTR2A,CD19,PRDX1,COX4I1,UQCRC2,STAT1,NDUFB1,IL18,CCL2,CD19,TIGIT,IL18,GNLY,IRF3,ARHGAP33,HSPA5,CD8B,IL23A,NRF2,ARG1,COX5A,NCR1,HLA-DRB1,COX5A,NFKB1,HSF1,CTLA4,MMP2,TLR2,NDUFA5,HLA-B,PYCARD,NDUFA13,CD82,CTLA4,NDUFS1,COX6A1,TBX21,CD80,SDHB,DRD2,HTR2A,CASP3,MT-CO1,TIM3,NDUFS4,TLR9,ISG15,NDUFA2,CDKL3,PI3K
CAT,NDUFA7,NDUFS2,CCL17,KLRC2,GRIN2B,CYCSP28,NQO1,PRKAA2,CXCL2,RORC,HLA-C,NDUFA9,NDUFA9,ATP5F1A,CD4,MAVS,NOS2,MT-ND3,GSR,TFAM,IL20RA,JAK2,IDH2,CD19,JAK1,TLR4,JAK2,IL12A,UQCRC1,IFNA1,IL1B,TLR4,HLA-B,MAPK1,NGF,VDAC1,PRDX3,IRF7,RELA,SOD2,GPX4,HK2,SLC25A5,HAVCR2,RORC,GCATP1,GCLC,KEAP1,MAPK3,HLA-A,TXN,COX5A,COX5B,STAT3,SDHB,IL21,CCL5,CD3E,GZMB,IL2,KIR2DL1,STAT1,SKAP2,HSPA8,CTLA4,IL22,KEAP1,NOS2,COX6C,FCGR3A,B2M,COX5B,NFKB2,HSPA1A,TIM3,NDUFA2,MYD88,NDUFA6,HLA-C,CXCL8,NDUFAB1,CD209,CD19,ADRB1,COX6B1,GATA3,CD86,UQCRC1,ADRB2,GRIN1,CFLAR,MT-ND1,TIGIT,NDUFS7,CD3D,MX1,NDUFA3,CCDC124,MTOR
GPX1,NDUFB1,NDUFS3,IL21R,TLR1,CACNA1C,CYCSP25,PRDX1,TLR3,IL12RB2,IL12A,HLA-DRA,NDUFA10,NDUFB1,ATP5F1B,CD8A,MYD88,HMGB1,MT-ND4,GCLC,GPX1,IFNGR1,JAK3,OGDH,CD56,JAK2,TLR9,TYK2,IL12B,UQCRC2,IFNA2,TNFSF9,TLR9,HLA-C,MAPK3,SERT,SOD1,SOD1,MX1,RELB,CAT,SOD1,GAPDH,PDK1,HLA-A,NCR1,IFNGR1,NQO1,HIF1A,HSPB1,HLA-B,BDNF,COX5B,COX7B,STAT5A,SOD1,IL23A,CXCL10,CD14,PRF1,IL4,PPARGC1A,JAK1,LASP1,HSPD1,PDCD1,IL21,HMOX1,HMOX1,COX7A2,GZMB,TAP1,COX6A1,RELA,ACADVL,LAG3,NDUFA4,TICAM1,NDUFA7,HLA-DRB1,CXCL10,NDUFAF7,IL5RA,CD27,NDUFB4,COX6C,CD4,HLA-DRA,UQCRC2,BDNF,GABRA1,SARM1,MT-ATP6,GZMB,NDUFS8,CD3E,OAS1,NDUFA4,CD79B,AMPK
GPX4,NDUFB2,NDUFS4,CD276,TLR2,SCN1A,CYCSP29,PRDX2,NOS3,CD59,IL12B,HLA-DRB1,NDUFA11,NDUFB2,ATP5F1C,CD8B,TICAM1,S100A8,MT-ND5,GCLM,GPX4,TNFRSF1B,TYK2,MDH2,GZMB,JAK3,MYD88,COX4I1,STAT1,UQCRFS1,IFNB1,TNFSF14,MYD88,HLA-DRA,MAPK14,COMT,SOD2,GPX4,OAS1,CD4,GPX1,SOD2,ENO1,PDK4,HLA-B,NCR2,PRKAA1,HMOX1,VEGFA,MAPK8,HLA-C,NGF,NDUFS1,IFNL4,STAT5B,SOD2,TGFB1,CXCR3,FCGR3A,FASLG,IL8,TFAM,JAK2,SNX11,BDNF,LAG3,IL15,NQO1,GPX1,NDUFS1,PRF1,TAP2,COX6B1,RELB,CACNA1S,FABP7,NDUFA5,TRAF6,NDUFA8,HLA-DQB1,CCL2,SOD1,CD200,CD14,NFKB2,COX7A1,CD8A,HLA-DRB1,PPARGC1A,NGF,SOD1,NOS3,PPARGC1A,PRF1,NDUFV1,CD3G,CCR5,NDUFA5,CDK11A,SIRT1
GSR,NDUFB3,NDUFS7,IL7,TLR3,KCNQ2,CYCSP27,PRDX3,NDUFB8,CD82,IL23A,HLA-DQA1,NDUFA12,NDUFB3,ATP5F1D,CD19,IRAK4,S100A9,MT-CYB,NQO1,CAT,TNFRSF17,COX4I1,ACO2,PRF1,CCL2,IRAK4,COX5A,STAT3,CYC1,IFNG,IL17B,HLA-A,HLA-DRB1,DBH,TPH2,CAT,GSR,ISG15,CD8A,GPX4,CAT,NFE2L2,PFKM,HLA-C,NCR3,IFNGR2,KEAP1,NOS2,SLC6A4,HLA-DRB1,COMT,NDUFS2,COX6C,IRF3,SOD3,CSF2,IL1RN,NCAM1,FAS,IFNG,NRF1,STAT3,TMEM176A,NGF,TBX21,IL7,GCLC,SOD1,NDUFA9,GNLY,NLRP3,COX7A1,REL,TRPM3,SCGB2A2,NDUFA9,IRF7,NDUFB1,B2M,CCL5,SOD2,TGFB2,HLA-A,ACOX3,COX7A2,PRF1,B2M,NRF1,NTRK2,SOD2,VEGFA,NRF1,FASLG,NDUFV2,CD4,IL1R1,NDUFA6,IL32,PGC1A
GCLC,NDUFB5,NDUFS8,TNFRSF10A,TLR4,HIF1A,CYCSP30,TXN,GPX4,CD209,IL18,HLA-DQB1,NDUFA13,NDUFB4,ATP5F1E,CD68,NDUFB8,CRP,PPARGC1A,NFE2L2,GSTP1,TNFRSF9,COX5A,FH,TBX21,CCL3,COX4I1,COX5B,IRF3,UQCRH,IFNAR1,TNFRSF19,HLA-B,HLA-DQA1,AKT1,HTR2A,GPX1,GCLC,IFIT1,CD8B,GSR,PRDX1,HMOX1,PKM,HLA-DRA,KLRC1,CYCS,NFE2L2,NOS3,NR3C1,HLA-DQB1,SLC6A4,NDUFS3,UQCRFS1,IRF7,CAT,CCL2,IL18,CD68,BCL2,IFNGR1,SIRT1,IL1R1,M6PR,SLC6A4,GATA3,CCL5,PRDX1,SOD2,NDUFB8,NKG7,CASP1,NDUFA2,COX4I1,HADHA,SLC34A2,NDUFB1,IRF3,NDUFB2,PTGS2,STAT2,CAT,IL11,HLA-B,NDUFB2,COX7C,GZMB,MT-CO1,TFAM,GCLC,CAT,VDR,TFAM,CD69,UQCRC1,CD8A,IL6R,NDUFA7,CD9,NRF1
GCLM,NDUFB6,SDHA,NFKBIB,TLR5,VEGFA,CYCSP2,TXNRD1,CXCL10,IL5RA,IFNA1,COX4I1,NDUFAB1,NDUFB5,SDHA,CD86,NDUFS1,SAA1,NRF1,KEAP1,NQO1,RELT,COX5B,SUCLA2,GATA3,CCL4,COX5A,COX6A1,IRF7,UQCRB,IFNAR2,CCL25,HLA-C,HLA-DQB1,ADRB2,DRD2,GPX4,NQO1,IFIH1,CD3E,GCLC,PRDX2,GCLC,LDHA,HLA-DRB1,KLRC2,CYCSP34,GSR,EDN1,PRDX1,NDUFAF7,HTR2A,NDUFS4,IFNL2,IRF9,GPX1,CCL5,NLRP3,MS4A1,BCL2L1,IFNGR2,SIRT3,IL6R,ICA1,HTR2A,RORC,CCL3,PRDX2,CAT,SDHA,KLRK1,IL18,NDUFA3,COX4I2,CPT1A,GABRG1,NDUFB2,IRF1,NDUFB3,CCL2,STAT3,GPX1,JAK2,HLA-C,SIRT1,NDUFA2,NCR1,MT-CO2,POLG,SOD2,GPX1,CALCR,POLG,CD137,UQCRC2,CD8B,CD80,NDUFA8,CD4,NRF2
NQO1,NDUFS1,SDHB,CD37,TLR6,NOS3,CYCSP39,BDNF,ADRB2,CD200,IFNB1,COX5A,NDUFAF7,NDUFB6,SDHB,HLA-A,NDUFS2,HP,TFAM,HMOX1,HMOX1,IL17RB,COX6A1,SOD1,RORC,CCL5,COX5B,COX7A2,RELA,UQCRQ,IFNGR1,C1QTNF6,HLA-DRB1,HLA-DPA1,TH,MAOA,GSR,HMOX1,DDX58,CD3G,GCLM,PRDX3,NQO1,ENO1,HLA-DQA1,KLRD1,CYCSP19,PRDX1,COMT,GSTM1,NDUFAB1,DRD2,NDUFS5,UQCRQ,CXCL8,GPX3,CXCL10,AIM2,PTPRC,BAX,TLR2,UCP2,TNFRSF1A,DBNDD1,ADRB2,POLG,CXCL8,TXN,NFE2L2,SDHB,KLRB1,TGFB1,NDUFA4,COX5A,CPT2,ROS1,NDUFS1,IRF5,NDUFB4,CCL5,STAT4,GPX4,IL2RB,HLA-DRA,SCD,NDUFA3,CD56,MT-CO3,PINK1,GPX1,GCLC,ACE2,SOD2,CD27,CYCS,CD28,CD86,NDUFA9,CD22,TFAM
HMOX1,NDUFS2,SDHC,IL4I1,TLR9,EPO,CYCSP40,NGF,IFNB1,IL11,IFNL1,COX5B,NDUFB1,NDUFB7,SDHC,HLA-B,NDUFS3,ORM1,SIRT1,PRDX1,KEAP1,TNFRSF1A,COX6B1,SOD2,IL17A,CXCL10,NDUFS1,NDUFA4,RELB,SDHA,ISG15,IL6ST,HLA-DQA1,HLA-DPB1,MTOR,GABA,HMOX1,TXN,CD3E,CD19,NQO1,PRDX5,GSR,GAPDH,HLA-DQB1,PRF1,CYCSP6,TXN,TPH1,LDHA,PDK4,ADRB2,NDUFS6,IFNW1,CXCL10,GPX4,CD4,CASP1,FOXP3,CASP3,TLR3,UCP3,TNFRSF1B,ALS2,LDHA,POLG2,CXCL9,TXNRD1,KEAP1,UQCRB,CD69,CD14,NDUFA5,COX5B,HTR2A,AGR2,NDUFS2,STAT1,NDUFB5,CXCL10,STAT5A,GSR,NFKBIA,HLA-DRB1,ATP5F1D,NDUFA4,CD16,MT-ND1,PARK2,GPX4,PRDX1,ATG5,GPX1,CD28,SDHA,CTLA4,HLA-DRB1,NDUFA10,CD6,COX4I1
PRDX1,NDUFS3,SDHD,IL27RA,MYD88,ANGPT1,CYCSP7,COMT,RELA,SIRT1,ISG15,COX6A1,NDUFB2,NDUFB8,SDHD,HLA-C,NDUFS4,SERPINA3,AMPK,PRDX3,NFE2L2,IL4R,COX7A1,SOD3,IL17F,COX4I1,NDUFS2,NDUFA5,NFKBIA,SDHB,ISG20,IL6,HLA-DQB1,CCL2,CFH,NMDAR1,NQO1,TXNRD1,CD3D,MS4A1,HMOX1,TXN,TXN,PGK1,B2M,GZMB,CYCSP55,GSTM1,TPH2,TXN,AK2,CHRNA7,NDUFS7,IFNE,CXCL11,GSR,CD8A,IL1A,GATA3,CASP8,TLR4,POLG,COX4I1,MTMR7,PKM,TFAM,CXCL11,GPX4,NQO1,UQCRC1,NCAM1,COX4I1,NDUFA6,COX6A1,SLC6A4,GNAT3,NDUFS3,STAT3,NDUFB6,CSF1,STAT5B,GCLC,CD40,HLA-DQA1,NDUFB7,NDUFA5,CD19,MT-ND2,MFN1,GSR,NQO1,BECN1,CAT,ICOS,SDHB,PDCD1,HLA-DQB1,NDUFA11,CCDC88C,ATP5A1
PRDX3,NDUFS4,UQCRC1,CD79A,TICAM1,FLT1,CYCSP1,HTR2A,COX5A,IL12RB1,MX1,NDUFS1,NDUFB3,NDUFB9,UQCRC1,HLA-DRA,NDUFS7,C3,ATP5A1,PRDX5,PRDX1,IL12RB2,NDUFA2,CAT,IL2,COX5A,NDUFS3,NDUFA9,NFKBIB,SDHC,MX1,IL10,B2M,CCL3,KCNQ1,CRH,PRDX1,KEAP1,CD3G,CTLA4,PRDX1,TXN2,TXNRD1,HK2,COX4I1,GZMA,CYCSP17,CRH,SLC6A4,AKT1,MCUB,GRIN2A,NDUFS8,COX4I1,CCL2,GCLC,CD19,HLA-A,TBX21,CASP9,TLR7,SOD1,COX5A,VPS50,PDK1,NRF1,IFNA1,BDNF,GCLC,UQCRC2,NDUFA2,COX5A,NDUFA7,COX6A2,HTR1A,SFTPA2,NDUFS4,STAT4,NDUFB7,CSF2,STAT6,HMOX1,CCL22,HLA-DQB1,NDUFAF5,NDUFA6,CD3E,MT-ND3,MFN2,CAT,HMOX1,SQSTM1,PRDX3,NCR1,SDHC,PRF1,COX4I1,NDUFA12,NUDCD3,NDUFB8
PRDX5,NDUFS7,UQCRC2,CD33,IRF3,EDN1,CYCSP41,DRD2,PPARA,IL2RB,OAS1,NDUFS2,NDUFB4,SDHA,UQCRC2,HLA-DRB1,NDUFS8,C4A,SDHA,TXN,PRDX3,IL5RA,NDUFA3,GPX1,IL4,COX5B,SDHA,NDUFB1,COX4I1,SDHD,MX2,CCL21,COX4I1,CCL4,ATG5,ACTH,PRDX2,NFE2L2,CD4,PDCD1,PRDX3,TXNRD1,BDNF,ALDOA,COX5A,FCGR3A,CYCSP32,POMC,MAOA,DRD2,CYP51A1,GAD1,NDUFV1,COX6B1,CCL3,HMOX1,CD56,HLA-B,RORC,TP53,TLR9,SOD2,NDUFS1,ST7,PDK4,PPARGC1A,IFNB1,NGF,GCLM,CYC1,NDUFA4,COX5B,NDUFA8,COX6B1,NFKBIL1,MUC5B,NDUFS7,STAT6,NDUFB8,SOD1,JAK1,NQO1,CCL17,TLR3,NFKB1,NDUFA7,FOXP3,MT-ND4,OPA1,HMOX1,MAPK1,IL17A,UCP2,NCR3,SDHD,GZMB,COX5A,NDUFA13,IL20RA,UQCRC2
TXN,NDUFS8,UQCRFS1,CCL24,IRF7,ICAM1,SOCS2,SLC6A4,NCR1,NFKBIA,OAS2,NDUFS3,NDUFB5,SDHB,UQCRB,HLA-DQA1,COX4I1,CFH,SDHB,TXNRD1,TXN,IL11,NDUFA4,GPX4,IL5,COX6A1,SDHB,NDUFB3,COX5A,TNF,OAS1,IL18BP,COX5A,CCL5,TRPM3,NR3C1,PRDX3,COMT,CD8A,CD274,TXNRD1,GSR,COMT,TPI1,COX5B,FCGR3B,CYCSP12,NR3C1,MAOB,GPX4,NDUFA2,PKM,NDUFV2,COX5A,CCL4,NQO1,FOXP3,HLA-C,ATP5F1A,ATM,STAT1,GPX1,NDUFS2,UPF1,CS,SIRT1,TLR7,GDNF,GSR,CYCS,NDUFA5,COX6A1,SDHA,COX6C,NADSYN1,SFTA3,NDUFS8,JAK1,SDHA,SOD2,JAK3,PDK4,IL21R,TLR4,NDUFC1,NDUFA8,IL2RA,MT-ND5,DNM1L,NQO1,MAPK14,IL18,SLC25A5,NKG2D,ACO2,GZMA,COX7A2,NDUFAB1,CD74,SDHB
TXNRD1,UQCRC1,UQCRB,TNFSF8,IRF9,VCAM1,SOCS6,NR3C1,IFNA1,CD40,OAS3,NDUFB8,NDUFB6,SDHC,UQCRQ,HLA-DQB1,COX5A,MASP2,COX4I1,POLG,TXNRD1,IL12RB1,NDUFA5,GSR,IL13,COX7A1,UQCRC1,NDUFB5,COX5B,IL1B,OAS2,TNFRSF11A,COX5B,CXCL10,BAX,POMC,TXN,DBH,CD8B,PDCD1LG2,NFE2L2,NQO1,TPH2,GPI,COX6A1,NCAM1,CYCSP42,FKBP5,BDNF,PRDX2,NDUFA4,LDHA,UQCRC1,COX6A2,CCL5,PRDX1,GATA3,HLA-DRB1,ATP5F1B,ATR,STAT3,CAT,NDUFB1,MCUB,IDH2,SIRT3,TLR8,CNTF,TXN,SOD1,NDUFS1,COX7A1,SDHB,COX7A1,SYNJ2BP-COX16,SMIM22,SDHA,JAK2,SDHB,CAT,TYK2,AK2,CD276,TLR9,NDUFS8,NDUFA9,CTLA4,MT-ND6,SOD1,PRDX1,AKT1,IL2,VDAC1,NKG2A,IDH2,GZMH,NDUFS1,NDUFAF7,NCDN,CYCS
BDNF,UQCRC2,UQCRQ,CXCL12,NFKB1,SELE,SOCS5,NR3C2,HSPA1B,TNFSF13B,RSAD2,SDHB,NDUFB7,SDHD,UQCRH,CCL2,COX5B,FCGR3A,COX5A,TFAM,GSR,IL2RB,NDUFA6,GCLC,IL21,NDUFA2,UQCRC2,NDUFS1,COX6A1,IL1A,OAS3,IL17RD,COX6A1,CXCL9,C3,HPA,TXNRD1,TH,CTLA4,HLA-DRA,KEAP1,HMOX1,HTR2A,PGAM1,NDUFS1,COX4I1,CYCSP24,HSPA1A,NGF,HTR1A,NDUFA5,PDK1,UQCRC2,COX7C,CXCR4,PRDX2,TBX21,HLA-DQB1,COX4I1,CHEK1,STAT5A,NQO1,NDUFB2,HOXA11,IL2RA,SOD2,TLR9,GFAP,PRDX1,SOD2,NDUFS2,NDUFA2,SDHC,COX7A2,GCATP1,CXCL17,SDHB,JAK3,SDHC,GPX1,IRF3,CS,IL7,MYD88,ATP5F1B,NDUFA10,PDCD1,MT-ATP6,SOD2,PRDX3,MTOR,IL4,ANT1,NKG2C,CS,GNLY,NDUFS3,NDUFB1,CCDC28A,SOD1
NGF,UQCRB,PDK1,CCL7,NFKB2,PKM,SOCS4,FKBP4,HSPA1A,CCL22,IFIT1,SDHC,NDUFB8,COX4I1,PDK1,CCL3,COX6A1,ITGAM,GPX1,NRF1,GCLC,NFKBIA,NDUFA7,TXN,IL22,NDUFA4,PPARGC1A,NDUFS2,COX6B1,IL6,EIF2AK2,TNFAIP8,COX7A2,CXCL8,CASP9,VEGF,GCLC,SLC6A2,PDCD1,HLA-DRB1,GSTP1,KEAP1,ADRB2,IGHV3-23,SDHA,COX5A,CYCSP5,HSPA5,CREB1,TXNRD1,NDUFA6,PDK4,UQCRFS1,COX4I2,CCR5,PRDX3,RORC,B2M,COX5A,CHEK2,STAT5B,HMOX1,SDHA,DHX33,CD274,COX4I1,MyD88,S100B,PARK7,GPX1,NDUFS3,NDUFB1,SDHD,NDUFB1,STAG3L5P-PVRIG2P-PILRB,BPIFA1,SDHC,TYK2,SDHD,GPX4,IRF5,IDH1,NFKBIB,NFKB1,COX6A1,NDUFA11,LAG3,MT-ATP8,CAT,HSPB6,PRKAA1,IL8,NRF2,KIR2DL1,MDH2,FASLG,NDUFV1,NDUFB2,RTEL1-TNFRSF6B,SOD2
GDNF,CYC1,PDK2,CCL2,RELA,LDHA,SOCS3,FKBP5,AIF1,CCL17,IFIT2,UQCRC1,NDUFB9,COX5A,PDK2,CCL4,COX6B1,ITGAX,SOD1,PPARGC1A,GCLM,TNFSF13B,NDUFA8,HMOX1,IL23A,NDUFA5,NRF1,NDUFS3,COX7A1,IL10,BST2,C1QTNF2,NDUFA4,CCR5,CACNA1C,HIF1A,GCLM,ADRB2,LAG3,HLA-DQA1,GSTM1,NFE2L2,SLC6A4,IGKV3-11,SDHB,COX5B,CYCSP4,HSP90AA1,MAPK1,HSPA1A,NDUFA7,SIRT1,SDHA,COX6B2,CCR7,TXN,BCL2,TAP1,COX7A2,BRCA1,JAK1,GSR,SDHB,MEOX1,CD80,COX5A,IRAK4,MBP,PINK1,GPX3,SDHA,NDUFS1,UQCRC1,NDUFB2,HSPD1,WFDC2,SDHD,SOCS1,UQCRC1,GSR,IRF7,IDH2,CD37,NFKB2,COX7A2,NDUFA12,SOD1,MT-CYB,GPX1,HSP90AA1,ATF4,IL12A,KEAP1,KIR2DL3,COMT,KLRD1,SDHA,NDUFB3,CD44,CAT
TPH1,CYCS,PDK4,CCL8,RELB,G6PD,SOCS1,HSP90AA1,NCR3,IL21R,IFIT3,UQCRC2,NDUFB10,COX5B,PDK4,CCL5,COX7A2,CD14,SOD2,PPARGC1B,PDK1,IL21R,NDUFA9,NQO1,TGFB1,NDUFA6,TFAM,NDUFS4,COX7A2,IL17A,IFI27,TNFRSF21,NDUFA9,CCR7,MS4A1,EPO,KEAP1,ADRA2A,CD19,HLA-DQB1,NCF1,GFAP,HSP90AA1,IGLC7,UQCRB,COX6A1,CYCSP11,HSPB1,MAPK3,GPX1,NDUFA8,SIRT3,SDHB,COX7A2L,COX4I1,TXNRD1,BCL2L1,TAP2,NDUFS1,XRCC1,JAK2,GCLC,SDHC,THSD7A,CD86,NDUFS1,TRAF6,OLIG2,PRKN,GPX4,SDHB,NDUFS2,UQCRC2,NDUFB3,HSPD1P1,CSN1S1,UQCRC1,SOCS3,UQCRC2,GCLC,IRF9,SDHA,IL27RA,RELA,NDUFS7,NDUFA13,SOD2,POLG,GPX4,FKBP4,HSPA5,IL12B,HMOX1,KIR3DL1,DBH,KLRG1,SDHB,NDUFB4,IFNGR1,GPX1
TPH2,SDHA,PDHB,CCL1,REL,PDK1,SOCS5P5,HSPA1A,NDUFS3,CD276,DDX58,PPARGC1A,NDUFS1,CYCS,PDP1,CXCL8,CYC1,CD16,CAT,SIRT1,PDK2,IL7,NDUFB1,PRDX1,CSF2,NDUFA7,SOD1,NDUFS7,COX7C,IL18,IFI44,IL18,NDUFB3,NDUFA2,CASP3,NOS3,NFE2L2,HTR1A,MS4A1,HLA-DPA1,NCF2,AIF1,HSPA1A,CD19,UQCRC1,COX6B1,CYCSP51,DNAJB1,AKT1,NFKB2,NDUFA9,CPT1A,SDHC,COX7A2,COX5A,BDNF,BAX,PSMB8,NDUFS3,PARP1,JAK3,GCLM,SDHD,RPAP3,HLA-DRA,SDHA,JAK1,AQP4,ATG5,CAT,UQCRC1,NDUFS3,UQCRB,NDUFB4,HSPD1P7,OPN1SW,UQCRC2,PIAS1,UQCRFS1,GCLM,CD4,SDHB,TGFB1,NFKBIA,STAT1,NDUFB1,CAT,TFAM,PRDX1,FKBP5,VEGFA,IL13,NQO1,CD56,TH,KLRC1,UQCRC1,NDUFB5,TNFRSF1B,GSR
SLC6A4,SDHB,ACO2,TNFAIP1,NFKBIA,HK2,SOCS2P2,HSPA5,GPX1,IL7,IFIH1,NRF1,NDUFS2,UQCRC1,PDP2,CXCL10,UQCRC1,CD163,PRDX1,SIRT3,PDK4,TNFRSF10A,NDUFB2,PRDX3,PDCD1,NDUFA8,SOD2,NDUFV1,NDUFA2,IL21,IFI44L,CCL28,NDUFB8,NDUFA3,BCL2,ENOS,GSS,HTR2A,CD79A,HLA-DPB1,HSPA5,CD68,HSPB1,CD20,CYC1,COX7A1,CYCSP8,BAG3,PIK3CA,COMT,NDUFA10,ACADM,SDHD,ATP5F1E,COX5B,NGF,CASP3,PSMB9,NDUFV1,SOD1,IRF3,NFE2L2,UQCRC1,ACSM3,HLA-DRB1,UQCRC1,JAK2,SLC1A2,ATG7,PRDX1,UQCRC2,SDHA,UQCRQ,NDUFB5,HSPD1P8,LALBA,UQCRFS1,NFKB1,UQCRH,GSS,CD8A,COX4I1,CD79A,CXCL10,COX7A2L,NDUFB2,GPX1,NRF1,PRDX3,HSPA8,CLOCK,IL15,GCLC,CD16,DDC,CD19,UQCRB,NDUFB6,CDH1,GCLC
HTR1A,SDHC,IDH2,NFKB1,NFKBIB,PFKM,SOCS5P2,HSPB1,TLR9,TNFRSF10A,MAVS,TFAM,NDUFS3,UQCRC2,TNF,CCR5,UQCRC2,CD206,HMOX1,PINK1,LDHA,NFKBIB,NDUFB3,GSTP1,CTLA4,NDUFA9,CAT,NDUFV2,NDUFA3,IL23A,IFIT1,TNFRSF14,SDHB,NDUFA4,TRPV1,ADORA2A,GSTP1,ACHE,CD79B,PTPRC,HSP90AA1,ITGAM,HSF1,CD22,CYCS,NDUFA2,CYCSP10,ATF4,MTOR,SIRT1,NDUFA11,HADHA,PGC1A,COX7A1,COX6A1,GDNF,CASP9,MT-CO1,SDHB,SOD2,IRF7,PRKAA1,UQCRC2,REXO5,B2M,LDHA,STAT3,HIF1A,BECN1,PRDX2,COX4I1,SDHB,CS,NDUFB6,HSPD1P10,CASP14,COX4I1,NFKB2,PPARGC1A,NFE2L2,CD8B,COX5A,CD33,CXCL9,ATP5PB,NDUFB3,GPX4,PPARGC1A,GSR,HSPB1,PER2,IL21,GCLM,CD19,SLC6A2,MS4A1,PPARGC1A,NDUFB7,CDH10,GCLM
HTR2A,SDHD,IDH3A,IL2,CHUK,GPI,SOCS5P3,TRPM3,PDK4,NFKBIB,IRF9,POLG,NDUFS4,SOD1,TNFRSF1A,IRF3,UQCRFS1,CCR2,NQO1,MFN1,LDHB,RELB,NDUFB4,GSTM1,LAG3,NDUFB1,GPX1,SDHA,NDUFA4,IFNG,IFIT2,IFNGR2,UQCRC1,NDUFA5,ATG7,P2RX7,GSTM1,NOS3,NCAM1,CD14,HSPB1,ITGAX,TP53,CD79A,VDAC1,NDUFA3,CYCSP33,XBP1,AMPK,HIF1A,NDUFA12,HSPA1A,NRF1,COX8C,COX7A2,GFAP,FAS,MT-CO2,UQCRB,CAT,IRF9,PRKAA2,CS,DPM1,IFNAR1,LDHB,STAT5A,VEGFA,MAP1LC3B,PRDX3,COX5A,SDHC,IDH2,NDUFB7,HSPD1P16,KLK5,COX5A,RELA,TFAM,KEAP1,CD3E,COX6A1,JAK3,CCL2,NDUFB3,NDUFB4,GSR,SIRT1,GCLC,DNAJB1,TRPM3,IL23A,GSR,CD20,SLC6A3,CD22,NRF1,NDUFB8,TNFRSF17,KEAP1
DRD2,CS,CS,IL10RA,IKBKB,GAPDH,SOCS5P1,TRPV1,UQCRC1,CD37,NDUFS1,PINK1,NDUFS5,SOD2,TNFRSF1B,IRF7,SDHA,CX3CR1,GSR,MFN2,CS,IL4I1,NDUFB5,ADRB2,TIM3,NDUFB2,GPX3,SDHB,NDUFA5,IFNA1,IFIT3,TNFRSF13C,UQCRC2,NDUFA6,ATP5MC3,TRPM3,BDNF,EDN1,KLRK1,FCGR3A,ATF4,CX3CR1,BCL2,CD79B,SLC25A4,NDUFA4,CYCSP35,EIF2AK3,SIRT1,GSR,NDUFA13,HSP90AA1,NRF2,UQCRB,NDUFA2,AIF1,FASLG,MT-CO3,UQCRC1,GPX1,NLRP3,LDHA,ACO2,SCYL3,IFNAR2,PKM,SOCS1,EPO,SQSTM1,TXN,COX5B,SDHD,IDH3A,NDUFB8,HSPD1P14,ATP5A1,COX5B,RELB,NRF1,HMOX1,CD3D,IRF3,NDUFAF7,CCL3,NDUFA8,NDUFB5,GSTP1,SIRT3,GCLM,BAG3,BCL2,IFNA1,TXN,MS4A1,SLC6A4,CD79A,TFAM,COX4I1,TNFRSF9,NFE2L2
COMT,FH,LDHA,CD5,JAK1,ENO1,SOCS2P1,CACNA1C,GCLM,IL4I1,NDUFS2,SIRT3,NDUFS6,CAT,IL1B,IRF9,SDHB,SELL,GCLC,OPA1,IDH2,IL27RA,SDHA,COMT,TIGIT,NDUFB3,GPX4,SDHC,NDUFB1,IFNB1,RSAD2,IL6R,PPARGC1A,NDUFA7,ATP11B,TRPV1,NGF,VEGFA,KLRD1,CD163,ATF6,P2RY12,BAX,PAX5,SOD1,NDUFA5,CYCSP52,DDIT3,PGC1A,TGFB1,NDUFB1,ATF3,TFAM,HSPA1L,NDUFS1,CX3CL1,TRAIL,MT-ND1,CS,GSR,CASP1,LDHB,IDH2,C1orf112,IRF3,PFKM,SOCS3,PDK4,TFEB,TXNRD1,SOD1,UQCRC1,OGDH,NDUFB9,HSPD1P9,ATP5B,COX6A1,REL,PPARA,NQO1,CD3G,IRF7,NDUFAB1,CCL4,NDUFAF4,NDUFB6,NQO1,SOD2,COMT,HSPH1,CASP1,IFNB1,TXNRD1,CD79A,ADRA1A,CD79B,POLG,COX5A,PTCD2,HMOX1
GRIN1,MDH2,LDHB,CD81,JAK2,PGAM1,SOCS2-AS1,SCN9A,HSPA5,IL27RA,NDUFS3,SOD1,NDUFS7,GPX1,IL1A,COX4I1,SDHC,ICAM1,GCLM,DNM1L,GAPDH,TNFSF8,SDHB,NR3C1,NKG2D,NDUFB4,GSR,SDHD,NDUFB2,IFNAR1,DDX58,TNFSF13,PPARGC1B,NDUFA8,ATP11A,CACNA1C,COMT,PECAM1,HLA-A,CD68,XBP1,TMEM119,CASP3,EBF1,SOD2,NDUFB1,CYCSP20,ATF6,PPARA,NFKB1,NDUFB2,ATF4,POLG,HSPB11,NDUFS2,CX3CR1,DR4,MT-ND2,IDH2,NRF2,CASP3,PKM,OGDH,FUCA2,IRF7,HK1,NOS2,LDHA,MTOR,GSR,SOD2,UQCRC2,SUCLA2,NDUFB10,HSPD1P21,NDUFS1,COX6B1,NFKBIA,PPARG,PRDX1,CD19,STAT1,SLC25A13,CCL5,ATP5F1E,NDUFB7,HMOX1,GPX1,DBH,MAPK1,DNMT1,TLR2,PRDX1,CD79B,ADRA2A,CCL2,CS,COX5B,CCDC85A,NQO1
GRIN2A,PDK1,PKM,CD69,JAK3,NRF2,SOCS3-DT,ATP1A1,PKM,CD79A,NDUFS4,SOD2,NDUFS8,GPX2,IL1R1,COX5A,SDHD,VCAM1,ADRB2,FIS1,PKM,TNFAIP1,SDHC,FKBP5,NKG2A,NDUFB5,GCLC,UQCRC1,NDUFB3,IFNAR2,IFIH1,C1QTNF7,NRF1,NDUFA9,ATP1B3,SCN9A,SLC6A4,VCAM1,HLA-B,COX4I1,DDIT3,TREM2,MX1,BLIMP1,GPX1,NDUFB2,CYCSP23,NOS3,PPARG,PPARGC1A,NDUFB3,XBP1,SOD1,HSPA5,NDUFS3,CCL2,DR5,MT-ND3,MDH2,KEAP1,CASP8,HK1,FH,NFYA,STAT1,HK2,ARG1,PKM,AKT1,GCLC,CAT,UQCRB,SUCLG1,NDUFS1,HSPD1P6,NDUFS2,COX7A2,NFKBIB,SOD1,PRDX2,MS4A1,STAT3,COX10,COX4I1,NDUFB4P12,NDUFB8,NRF2,CAT,TH,MAPK3,IL18,TLR3,SOD1,PAX5,ADRB1,CCL3,IDH2,COX6A1,IL17RB,PRDX1
GRIA1,PDK2,HK1,IL23A,TYK2,SOD1,SOCS7,ATP2B1,EDN1,CD33,NDUFS7,CAT,COX4I1,GPX3,IL6,COX5B,FH,PECAM1,ADRA1A,COX4I1,HK1,IL2,SDHD,HSP90AA1,KIR2DL1,NDUFS1,GCLM,UQCRC2,SDHA,IFNGR1,MAVS,TNFAIP8L2,NFE2L2,NDUFA10,ATP12A,KCNJ11,HTR1A,ICAM1,HLA-C,COX5A,EIF2AK3,NR3C1,OAS1,XBP1,GPX4,NDUFB3,CYCSP22,VEGFA,NR3C1,IFNG,NDUFB4,DDIT3,SOD2,HSPA4L,SDHB,CCR2,P53,MT-ND4,ACAD9,HO1,PTPRC,HK2,MDH2,STPG1,STAT2,GPI,IDO1,G6PD,PIK3CA,GCLM,GPX1,PPARGC1A,FH,NDUFS2,HSPD1P18,NDUFS3,PDK1,ATP5F1A,SOD2,PRDX3,CD14,JAK1,UQCRC1,COX5A,COX6B1,NDUFB9,PRDX1,GSR,DDC,AKT1,IFNA1,TLR7,GPX4,CD38,ADRB2,CCL4,MDH2,COX6B1,CDK14,TXN
GABRA1,PDK4,HK2,IL26,STAT1,CAT,IL17RB,MX1,KEAP1,CCL24,NDUFS8,GPX1,COX5A,GPX4,IL6R,COX6A1,IDH1,SELE,CHRM3,COX5A,HK2,IL10RA,UQCRC1,HSPA1A,KIR3DL1,NDUFS2,NQO1,UQCRFS1,SDHB,IFNGR2,TBK1,IL17RE,TFAM,NDUFB1,ATP1A2,CLCN1,HTR2A,VWF,HLA-DRB1,COX5B,ERN1,NR3C2,ISG15,IRF4,CAT,SDHA,CYCSP26,ICAM1,CRH,HDAC1,NDUFB5,EIF2AK3,GPX1,HSPA4,SDHC,P2RX7,MDM2,MT-ND5,ACADVL,NQO1,CD4,PDK1,PDK1,NIPAL3,JAK1,GAPDH,HMGB1,HK2,AMPK,GSS,GPX3,PPARGC1B,MDH2,NDUFS3,HSPD1P5,NDUFS4,PDK2,ATP5F1B,CAT,PRDX6,FCGR3A,JAK2,SLC25A39,COX5B,COX7C,NDUFB10,PRDX3,GCLC,MAOA,MTOR,IFNB1,TLR9,GSTP1,CD138,CHRM1,CCL5,FH,COX7A1,CDK17,TXNRD1
CASP1,PDHB,PFKM,IFNG,STAT2,GPX1,IL12RB2,OAS1,HSP90AA1,TNFSF8,NDUFV1,GPX4,COX5B,GSR,CXCR1,COX7A2,IDH2,SELP,NPY,NDUFS1,PFKL,IL23A,UQCRC2,HSPA5,CD16,NDUFS3,HMOX1,PPARGC1A,SDHC,TLR1,COX4I1,IL17RC,SIRT1,NDUFB2,ATP13A1,CHRNA7,DRD2,THBD,HLA-DQB1,COX6A1,HSPA1A,FKBP4,IFIT1,BCL6,GSR,SDHB,CYCSP28,VCAM1,POMC,CRHR1,NDUFB6,HSPH1,GPX4,HSPA2,SDHD,TSPO,CDKN1A,MT-ND6,PDK1,GCLC,CD8A,PDK4,PDK2,ENPP4,JAK2,ENO1,S100A8,PFKM,SIRT1,GSTP1,GPX4,NRF1,SOD1,NDUFS4,HSPD1P15,NDUFS7,PDK4,ATP5F1C,GPX1,NDUFB8,NCAM1,CASP10,COX15,NDUFS1,UQCR11,NDUFC1,TXN,GCLM,MAOB,PIK3CA,TLR3,CD4,GSTA1,IGHV3-23,CHRM2,CXCL8,ACO2,SOD1,CDH3,NOX2
CASP3,SOD1,GAPDH,IL17A,STAT3,GCLC,IL12RB1,ISG15,P2RX7,GATA3,NDUFV2,GSR,COX6A1,GCLC,CXCR2,NDUFS1,CS,MMP9,VIP,NDUFV1,ENO1,IL26,UQCRB,CRH,CD107A,NDUFS4,PRDX1,NRF1,SDHD,TLR2,COX5A,TNFRSF11B,SIRT3,NDUFB3,ATP10B,GRIN1,ADRB2,ACE,HLA-DPA1,COX6B1,GFAP,FKBP5,DDX58,AICDA,GCLC,SDHC,CYCSP25,SELE,ACTH,CAT,NDUFB7,VEGFA,CAT,HSPA1A,UQCRC1,S100B,PTEN,MT-CYB,PDK4,GCLM,CD8B,PCK1,PDK4,SEMA3F,TLR3,PGAM1,S100A9,ENO1,PPARGC1A,GSTM1,GSR,TFAM,SOD2,NDUFS5,HSPD1P11,NDUFS8,PPARGC1A,ATP5F1D,GPX3,NDUFS1,B3GAT1,CFLAR,ATP2C1,NDUFS2,NDUFA5,NDUFC2,TXNRD1,NQO1,SLC6A2,PTEN,TLR9,CD8B,ALDH2,IGHV3-30,CHRM3,CXCL9,SUCLA2,SOD2,CDON,NOX4
CASP8,SOD2,ENO1,IL17F,STAT4,GSR,IL10RA,DDX58,OAS1,CXCL12,SDHA,GSS,COX6B1,GCLM,IL10,NDUFS2,ACO2,MMP2,COMT,SDHA,OGDH,IL17A,UQCRQ,POMC,CD27,NDUFS5,PRDX3,TFAM,UQCRC1,TLR3,COX5B,CXCL10,SOD1,NDUFB4,ATP13A4,PDK1,ADRA2A,SELE,B2M,COX7A1,AIF1,HSP90AA1,IFIH1,CD27,PRDX1,SDHD,CYCSP29,EDN1,AVP,NGF,NDUFB8,NOS3,PRDX1,HSPA1B,UQCRC2,MBP,AKT1,MT-ATP6,PPARGC1A,GSS,CD19,CS,PPARA,CFTR,TLR4,PDK1,CRP,ACSL1,NRF1,NFE2L2,PRDX1,POLG,SOD3,NDUFS6,HSPD1P2,NDUFV1,TFAM,ATP5F1E,GPX4,NDUFS3,HLA-A,FAS,ATP1A2,NDUFS3,NDUFA10,NDUFS1,G6PD,HMOX1,SLC6A4,JUN,MYD88,CD3D,CYP1A1,IGKV3-11,HTR1A,CXCL10,OGDH,SOD3,CDK13,NOS2
CASP9,SOD3,PGAM1,CD83,STAT5A,PRDX1,IL17A,IFIH1,COMT,TFAM,SDHB,GCLC,COX7A1,GSS,IL10RA,NDUFS3,OGDH,TIMP1,DBH,SDHB,ADRB1,IL17F,PDK1,MAPK1,CD28,SDHB,TXN,POLG,UQCRC2,TLR4,COX6A1,C1QTNF4,SOD2,NDUFB5,ATP1B2,LDHA,ACHE,MTOR,COX4I1,COX8A,CX3CL1,HSP90AB1,VEGFA,CD38,PRDX3,UQCRC1,CYCSP27,PTGS2,OXT,TPH2,NDUFB9,EDN1,PRDX2,HSPA6,UQCRB,CRH,MTOR,MT-ATP8,SIRT1,TXNRD1,CD3D,IDH1,PPARG,ANKIB1,TLR9,PDK4,SAA1,CPT1A,TFAM,KEAP1,PRDX2,POLG2,CAT,NDUFS7,HSPD1P3,NDUFV2,NRF1,COX4I1,GSR,NDUFS4,HLA-B,FADD,NDUFS1,SDHA,ATP5IF1,NDUFS2,TSPO,PRDX1,HTR1A,FOS,CD3E,CD3E,EPHX1,IGLC7,HTR2A,CXCL11,DLD,CAT,SMARCD1,NOS3
CASP10,CAT,PRKAA1,CCR6,STAT5B,TXN,IL17F,MAVS,XBP1,CCL7,SDHC,GCLM,PDK4,NQO1,IL10RB,NDUFS4,SUCLA2,VEGFA,TH,UQCRC1,ADRB2,IL12B,PDK2,MAPK3,CD40,SDHA,TXNRD1,OPA1,UQCRFS1,TLR5,COX7A2,IL17D,CAT,NDUFB6,ATP1A3,HK2,GAD1,AKT1,COX5A,NDUFA2,CX3CR1,HSPA1A,NOS3,TNFRSF13B,TXN,UQCRC2,IFNG-AS1,HMGB1,INSR,SIRT3,NDUFB10,ICAM1,PRDX3,HSPA7,PDK1,CRHR1,AMPK,SIRT1,SIRT3,PRDX1,CD3E,IDH2,PPARGC1A,KRIT1,MYD88,NFE2L2,HP,HADHA,POLG,HMOX1,PRDX3,OPA1,GPX1,NDUFS8,HSPD1P13,SDHA,SOD1,COX5A,GCLC,NDUFA9,HLA-C,BCL2,ATP6V0A1,SDHB,COX4I2,NDUFS3,GFAP,PRDX2,HTR2A,MYC,CD19,CD19,MGST1,CD14,DRD2,NDUFA2,PDHB,GPX1,CD84,PTGES
BCL2,GPX1,MTOR,IL12B,STAT6,HMOX1,IL12B,TBK1,GSR,CCL2,SDHD,PRDX1,AK2,HMOX1,IL17A,NDUFS7,SUCLG1,FGF2,SLC6A2,CYCS,ADRA1A,IL4,PDK4,MAPK14,CD40LG,SDHC,CRH,MFN1,UQCRB,TLR6,NDUFA4,TNFRSF10D,GPX1,NDUFB7,ATP13A3,PFKM,GAD2,MAPK1,COX5B,NDUFA4,P2RX7,HSPA1B,EDN1,TNFRSF13C,BDNF,UQCRB,CYCSP30,S100A8,IGF1,CRH,NDUFS1,VCAM1,PRDX5,HSPA14,PDK2,POMC,SIRT1,SIRT3,PRKAA1,PRDX3,CD3G,OGDH,SOD1,MYH16,NFKB1,KEAP1,ORM1,ACOX1,MT-CO1,NQO1,PRDX5,MFN1,GPX3,NDUFA2,HSPD1P12,SDHB,SOD2,COX5B,GCLM,SDHA,HLA-DRA,BAX,ATP6V1H,UQCRC1,COX4I1,NDUFS4,AIF1,PRDX3,ADRB1,TP53,CTLA4,CD28,SRXN1,CD68,SOD1,NDUFA4,PKM,GPX2,TNFRSF1A,ALOX5
BAX,GPX3,SIRT1,IL4,CCL2,NQO1,IL18R1,AKT1,TGFB1,CCL8,UQCRC1,PRDX2,SLC25A13,PRDX1,IL17F,SDHA,MDH2,PDGFB,MAOA,PRKAA1,ADRA2A,IL5,SOD1,JUN,CD80,SDHD,CRHR1,MFN2,UQCRQ,TLR9,NDUFA9,TNFRSF10C,GPX3,NDUFB8,ATP1B1,G6PD,SLC6A3,MAPK3,COX6C,NDUFB1,P2RY12,HSPB1,ICAM1,CXCR5,NGF,UQCRQ,CYCSP38,S100A9,IGF1R,PDK1,NDUFS2,SELE,GSR,ATP5IF1,PDK4,NR3C1,PGC1A,PGC1A,PRKAA2,HSP70,HLA-A,SDHA,SOD2,LAP3,RELA,SOD1,APCS,PPARA,MT-CO2,PKM,NFE2L2,MFN2,GPX4,NDUFA3,HSPD1P4,UQCRC1,SOD3,COX6A1,GSS,SDHB,ATP5A1,BAD,ATP9A,UQCRC2,NDUFA2,NDUFS5,S100B,TXN,ADRB2,BECN1,PDCD1,CD69,SQSTM1,CD163,SOD2,NDUFA5,LDHA,GPX3,CDC42,LTC4S
BAD,GPX4,SIRT3,IL5,CCL3,ACE2,IL18RAP,MTOR,SLC6A4,CCL1,UQCRC2,PRDX3,GCLC,PRDX2,IFNG,SDHB,VDAC1,EGF,HSP70,PRKAA2,COMT,IL1A,SOD2,FOS,ICOS,PPARGC1A,POMC,DNM1L,CS,TLR10,NDUFS1,C1QTNF1,GPX4,NDUFB9,ATP10D,PKM2,CHRM3,MAPK14,NDUFS1,NDUFB2,ITGAM,HSPB6,VCAM1,CCR7,GDNF,PPARGC1A,CYCSP2,MMP9,LEP,GDNF,NDUFS3,VWF,GCLC,HSPA12A,IDH1,FKBP5,NRF1,PPARGC1B,SOD1,HSP90AA1,HLA-B,SDHB,SOD3,HS3ST1,COX6A1,CAT,C3,PPARG,MT-CO3,ENO1,KEAP1,DNM1L,GSR,NDUFA4,GAPDHP38,UQCRC2,CAT,COX6B1,NQO1,SDHC,ATP5B,CASP3,ATP11B,LDHA,CHRM3,NDUFS6,CD68,TXNRD1,ADRA1A,ATG5,CD274,CD80,BDNF,HLA-DR,CAT,NDUFA6,HK1,GPX4,LMCD1,CYP2E1
FAS,PRDX1,SOD1,CD86,CCL4,TMPRSS2,IL17C,MAPK1,CCL2,TNFAIP1,UQCRFS1,TXN,GPX1,PRDX3,IFNGR1,SDHC,VDAC2,IGF1,HSP90AA1,AKT1,DBH,IL1R2,SOD3,ATF3,PD1,PPARGC1B,NR3C1,FIS1,IDH1,NFKB1,NDUFS3,IL17RA,GSR,NDUFB10,ATP13A2,GLUT1,CACNA1C,TP53,NDUFS2,NDUFS1,TSPO,BAG1,SELE,IL4R,IGF1,PPARGC1B,CYCSP39,SERPINE1,LEPR,BDNF,NDUFS4,THBD,GCLM,HSPB1,IDH2,HSP90AA1,NRF2,NRF1,SOD2,HSPA5,HLA-C,FH,CAT,AOC1,COX6B1,GPX1,C4A,PGC1A,MT-ND1,LDHA,HMOX1,FIS1,GCLC,NDUFA5,CYCSP38,UQCRFS1,GPX1,COX7A2,HMOX1,SDHD,ATP5C1,CASP8,ATP2B4,LDHB,COX16,NDUFS7,CX3CR1,NFE2L2,ADRA2A,ATG7,B2M,CD86,NGF,HLA-DQ,GPX1,NDUFA7,HK2,GSR,CDH19,EPHX1
FASLG,PRDX2,SOD2,IL1A,CCL5,FURIN,IL17B,MAPK3,COX6A1,NFKB1,CYC1,TXNRD1,GPX2,PRDX5,IFNGR2,SDHD,TOMM20,BDNF,HSPA5,PDK1,TH,IL1R1,CAT,XBP1,PDL1,NRF1,FKBP5,PINK1,IDH2,NFKB2,NDUFS4,IL6-AS1,GCLC,COX4I1,ATP13A5,AMPK,SCN1A,BCL2,NDUFS3,NDUFS2,SLC1A2,STUB1,CASP10,IL6R,HTR1A,NRF1,CYCSP40,F3,ADIPOQ,MTOR,NDUFS5,SERPINE1,NQO1,HSPA12B,IDH3A,HSPA1A,TFAM,NRF2,CAT,HSF1,HLA-DRB1,MDH1,GPX1,WNT16,COX7A1,GPX4,CFH,SIRT1,MT-ND4,LDHB,NQO1,PINK1,GCLM,NDUFA6,CHKB-CPT1B,COX4I1,GPX3,NDUFS1,PRDX1,COX4I1,ATP5D,CASP9,ATP2C2,PDK1,ATP5MC2,NDUFS8,P2RY12,KEAP1,CHRM2,MAP1LC3B,CXCR3,CTLA4,GDNF,HLA-A,GPX4,NDUFA8,GPI,GSS,PDCD2,GSTM1
TP53,PRDX3,SOD3,CCL20,CCL11,BSG,IL10,PIK3CA,VEGFA,IL2,COX4I1,NFE2L2,GPX3,PRDX6,TLR2,UQCRB,TOMM70,NGF,XBP1,PDK4,NPY,IL1RL2,GPX1,EIF2AK3,IDO1,NFE2L2,HSD11B1,VDAC1,IDH3A,RELA,NDUFS7,TNFSF15,GCLM,COX5A,ATP10A,SIRT1,GRIN1,CASP3,NDUFB8,NDUFS3,SLC1A3,COMT,NDUFAF7,IL10,HTR2A,TFAM,CYCSP7,THBD,RETN,NDUFAF7,NDUFS6,F3,HO1,HSPA13,MDH1,HSPA5,SOD1,TFAM,GPX1,ATF4,HLA-DQB1,MDH2,GPX3,HECW1,NDUFA4,GSR,CFB,SIRT3,MT-ATP6,PDK1,GCLC,SOD2,NQO1,NDUFA7,POGLUT2,COX5A,GPX4,NDUFS3,PRDX2,COX5A,ATP5E,CALCR,NDUFB4,PDK4,COX5B,SDHA,ITGAM,BDNF,CHRM3,SQSTM1,CXCR4,PDCD1,CNTF,HLA-B,GSR,NDUFA9,GAPDH,GCLC,CD5L,GSTP1
ATF4,PRDX5,CAT,STAT1,CCL17,CTSL,IL18BP,PTEN,CD274,IL10RA,COX5A,KEAP1,GPX4,TXN,TLR3,UQCRC1,BDNF,GDNF,ATF4,PFKM,VIP,IL1RL1,GPX2,NOS2,ARG1,TFAM,HSD11B2,SLC25A4,IDH3B,RELB,NDUFS8,TNFAIP8L3,NQO1,COX5B,NFKBIL1,PGC1A,GRIA1,HSP90AA1,NDUFA9,SDHA,TRPM3,TPH1,SLC7A2,TGFB1,DRD2,POLG,CYCSP1,PLAT,CCL2,NDUFAB1,NDUFS7,CLOCK,KEAP1,HSPB2,MDH2,HSPB1,SOD2,POLG,GPX4,ATF6,CCL2,ACO2,GPX4,ZMYND10,NDUFA9,GCLC,CD46,AMPK,VDAC1,PDK2,GCLM,GPX1,HMOX1,NDUFA8,POGLUT1,COX6C,GSR,NDUFS4,PRDX3,COX5B,ATP5F1,SEMA3F,ATP11A,HK1,NDUFB5,SDHB,MBP,NGF,BDNF,ULK1,STAT3,HLA-DRB1,S100B,HLA-C,GSTM1,NDUFB1,ENO1,GCLM,CDHR2,GSTT1
XBP1,PRDX6,GPX1,IL1R2,CCL19,ADAM17,IL17RD,TP53,ADRA1A,CD5,COX5B,HMOX1,GSR,NFE2L2,TLR4,UQCRC2,NGF,CNTF,ATF6,LDHA,CHRM2,IL18R1,GPX3,NOS3,NOS2,POLG,ADRB1,UCP2,OGDH,REL,SDHA,C1QTNF12,HMOX1,COX6A1,C4A,FOXO3,GABRA1,HSPA1A,SDHA,SDHB,TRPV1,TPH2,CD38,CD86,COMT,POLG2,ATP6V1FNB,ACE2,CCL3,TNFRSF12A,NDUFS8,ARNTL,NFE2L2,HSPB7,CS,HSPD1,CAT,SOD1,GSR,XBP1,CCL3,CRH,GSR,ABCB5,NDUFB3,GCLM,CD55,MTOR,ANT1,PDK4,PRKAA1,GPX4,PRDX1,NDUFA9,POGLUT3,COX7A2,GCLC,NDUFS7,PRDX5,COX6C,NDUFB8,CAMKK1,ATP1B3,HK2,TLR4,SDHC,MOG,GDNF,NGF,ATG3,JAK2,HLA-DQB1,GFAP,B2M,GSTP1,NDUFB2,SOD1,NFE2L2,HACD3,UGT1A1
DDIT3,TXN,GPX2,IL1R1,CCL21,DPP4,IL18,ATG5,C3,CD81,COX6A1,NQO1,GSS,BDNF,TLR9,UQCRFS1,NTRK1,LIF,EIF2AK3,LDHB,CHRM3,IL18RAP,GPX4,EDN1,HMGB1,POLG2,ADRB2,SOD1,SUCLA2,CD3D,SDHB,C1QTNF8,PRDX1,COX6B1,IL17C,MTOR,CRH,CD19,SDHB,SDHC,TRPA1,TH,HSPB6,CD80,SLC6A4,SOD1,CYCSP41,AGTR1,CCL4,CCL26,COX4I1,PER1,HMOX1,HSPA9,ACO2,ADRB1,GPX1,SOD2,GCLC,ERN1,CCL4,CRHR1,GCLC,CALCA,NDUFB4,HMOX1,CD59,AKT1,CYPD,PC,PRKAA2,CAT,PRDX2,NDUFA10,CD38,MT-CO1,GCLM,NDUFS8,PRDX6,COX7A2,NDUFS1,FKBP4,ATP2B1,PKM,NDUFAF1,SDHD,IL1R1,DRD2,GDNF,ATG12,IRF7,HLA-A,MBP,TAP1,NQO1,NDUFB3,SOD2,KEAP1,WSCD2,ABCB1
HSPA1A,TXN2,GPX3,IL1RL2,CXCL1,ANPEP,IL17RE,ATG7,IRF3,IL23A,COX6B1,PDK1,SOD1,NGF,MYD88,VDAC1,NTRK2,OSM,ERN1,CS,CRH,TNFSF4,GSR,VEGFA,S100A8,PINK1,ADRA1A,SOD2,SUCLG1,CD3E,SDHC,TNFAIP2,PRDX2,COX6C,IL17B,UCP2,CRHR1,CD3E,UQCRC1,SDHD,P2RX4,DDC,NDUFAB1,HLA-DR,HSP90AA1,SOD2,ITGAD,REN,CCL5,COX10,COX5A,PER2,HSPA1A,HSPA8,OGDH,ADRB2,GSR,CAT,GCLM,EIF2AK3,CCL5,CRHR2,GCLM,PRSS22,NDUFS3,NQO1,CR1,PI3K,MCU,PCK1,PPARA,PRDX3,PRDX3,UQCRC1,TNFRSF12A,MT-CO2,HMOX1,NDUFV1,TXN,ATP5F1A,NDUFS3,SARM1,SDHA,ENO1,COX17,UQCRC1,TNFRSF1A,HTR1A,CNTF,ATG4B,ATP5F1,HLA-B,MOG,TAP2,HMOX1,NDUFS1,CAT,HMOX1,IL4R,ABCC1
HSP90AA1,TXNRD1,GPX4,IL1RL1,CXCL8,HSPA5,IL17RC,BECN1,ATF4,IL26,COX7A1,PDK2,SOD2,GFAP,NFKB1,VDAC2,GFAP,IL11,DDIT3,IDH1,CRHR1,TNFAIP3,GCLC,ICAM1,S100A9,SOD1,ADRA2A,CAT,FH,CD3G,SDHD,PPIL6,PRDX3,COX7A1,IL17D,CPT1A,POMC,CD38,UQCRC2,UQCRC1,SCN9A,SLC6A2,SLC22A16,HLA-DQ,HSPA1A,SOD3,LAMTOR3,CYP11B2,CXCL8,CD79B,COX5B,CRY1,HSPA1B,NDUFV1,SUCLA2,ADRA1A,HMOX1,GPX1,NQO1,DDIT3,CXCL10,POMC,GSS,TGFB1,NDUFS4,PRDX1,SERPING1,MAPK1,UCP2,PCK2,PPARG,NFE2L2,PRDX5,UQCRC2,CCL26,MT-CO3,NQO1,SDHA,TXN2,UQCRC1,NDUFA9,COMT,ATP2A3,GAPDH,NDUFA9,UQCRC2,CCR2,HTR2A,ACADVL,ATG16L1,COX5A,HLA-C,COMT,ESRRA,NFE2L2,NDUFS2,GPX1,NQO1,CDH17,SLC16A1
HSPB1,TXNRD2,GSR,IL18R1,CXCL9,CANX,IL12A,MAP1LC3B,CD68,IFNG,COX7A2,PDK4,SOD3,MBP,NFKB2,PDK1,AIF1,BMP2,GADD45A,IDH2,NR3C1,IFNA6,GCLM,VCAM1,CRP,SOD2,COMT,GPX1,MDH2,CD4,UQCRC1,TNFAIP8L1,PRDX5,COX7A2,IL17F,ACSL1,NR3C1,CD69,PPARGC1A,UQCRC2,CACNA1C,SLC6A3,SLC25A13,CD40,HSPA5,CAT,LAMTOR2,ADIPOQ,CXCL10,IL32,COX6A1,CRY2,HSP90AA1,HSPB6,SUCLG1,ADRA2A,NQO1,GPX4,HMOX1,GRP78,CXCL8,NR3C1,NQO1,TGFB2,NDUFV1,PRDX2,MBL2,MAPK3,LDHA,HK1,PPARGC1A,KEAP1,PRDX6,UQCRB,IL32,MT-ND1,PRDX1,SDHB,TXNRD1,UQCRC2,NDUFV1,DBH,SLC25A40,SOD1,UQCRC2,UQCRFS1,ADRB2,SLC6A4,ACADM,TRPM3,COX5B,HLA-DRA,MAOA,APP,KEAP1,NDUFS3,GPX4,PRDX1,CDC14A,SLC2A1
HSPB6,HMOX1,GCLC,IL18RAP,CXCL10,CRP,IL17D,SQSTM1,LDHA,IL17A,PDK1,LDHA,CAT,S100B,RELA,PDK2,CX3CR1,BMP4,TP53,MDH1,POMC,IFNA8,NFE2L2,SELP,ESR1,SOD3,HTR1A,GPX3,PDK1,CD8A,UQCRC2,TNFRSF4,TXN,COX7C,IL17RE,HADHA,FKBP5,GZMB,NRF1,UQCRFS1,KCNQ1,SLC6A4,SLC4A1,CTLA4,HSPB1,GPX1,LAMTOR5,LEP,CX3CL1,CD9,COX6B1,NR1D1,HSP90AB1,HSPB8,FH,CHRM2,GCLC,GSR,NFE2L2,CALR,CCR2,FKBP5,HMOX1,TGFB3,NDUFV2,PRDX3,MASP2,JNK1,PKM2,HK2,SIRT1,HMOX1,NFE2L2,UQCRQ,CD4,MT-ND2,PRDX2,SDHC,TXNRD2,UQCRFS1,SDHA,TH,SLC25A3,SOD2,NDUFB10,UQCRB,CHRM3,COMT,ACADS,P2RX7,COX6C,B2M,DRD2,CD74,PRDX1,NDUFS4,GSR,PRDX2,CARMIL1,SLC2A4
CACNA1C,NQO1,GCLM,CD207,CXCL11,SAA1,IL17RA,ULK1,UQCRC2,IL17F,PDK2,LDHB,PRDX1,ENO2,CD4,PDK4,CX3CL1,TGFB2,CDKN1A,MDH2,MC2R,TNFSF18,KEAP1,BCL2,ESR2,CAT,HTR2A,GPX4,PDK2,CD8B,UQCRFS1,TNFRSF18,TXNRD1,SDHA,IL17RC,MCAD,HSP90AA1,PRF1,TFAM,UQCRH,ATP1A1,MAPK1,TNFRSF12A,PD1,NFE2L2,GPX2,LAMTOR1,RETN,ICAM1,CD22,COX6C,RORA,HSPB1,ATP5PD,DLST,CHRM3,GCLM,GCLC,KEAP1,CANX,CCR5,HSP90AA1,PRDX1,TGFBR1,UQCRC1,TXN,FCN1,P38,HK2,PFKM,SIRT3,NQO1,KEAP1,UQCRH,NUDCD3,MT-ND4,PRDX3,SDHD,NFE2L2,CYC1,SDHB,VEGFA,ATP12A,CAT,NDUFS6,UQCRQ,COMT,MAOA,HADHA,SLC7A2,COX7A2,TAP1,HTR2A,TRPM3,PRDX2,SDHA,GCLC,PRDX3,CXCL2,HK2
SCN9A,GCLC,GSS,CD58,CXCL12,HP,IL17REL,CFH,NCAM1,CD83,PDK4,PKM,PRDX2,CRH,CD8A,PKM,P2RX7,TGFB3,BCL2,ACO2,AVP,TNFSF11,HMOX1,BAX,NR3C1,GPX1,HSP90AA1,GSR,PDK4,CD14,CYC1,IL17REL,ADRB1,SDHB,IL17RB,CD3E,HSPA1A,IL2RA,POLG,UQCRQ,ATP2B1,MAPK3,CCL26,LAG3,KEAP1,GPX3,IGFN1,IL6R,VCAM1,CD6,COX7A1,NPAS2,DNAJB1,HSPBP1,SOD1,HTR1A,SLC7A11,GCLM,PRDX1,SEC61A1,CXCR3,HSPA1A,PRDX2,TGFBR2,UQCRC2,TXNRD1,FCN2,CASP3,GLUT1,PFKL,PDK1,GCLC,TXN,CYC1,IL20RA,MT-ND5,PRDX5,UQCRC1,KEAP1,CYCS,SDHC,VEGFB,VDAC3,GPX1,NDUFB9,UQCRH,DBH,MAOB,HADHB,SLC25A13,NDUFA7,TAP2,ADRB2,P2RX7,PRDX3,SDHB,GCLM,PRDX5,CDH7,PKM
KCNJ11,GCLM,NQO1,CD2,CXCR4,ORM1,NFKBIL1,C3,ADRA2A,CCR6,PDHB,HK1,PRDX3,CRHR1,CD8B,LDHA,P2RY12,WNT3A,BAX,ADRB1,GH1,TNFRSF10B,NQO1,CASP3,POMC,GPX2,HSPA1A,GSS,PDP1,CD19,CYCS,NCCRP1,ADRB2,SDHC,IL17RA,CD4,HSPB1,IFNAR1,SIRT1,IDH1,SLC6A4,MAPK8,COX10,TIM3,HMOX1,GPX4,LAMTOR4,SOCS3,SELE,COX15,COX7A2,ATG5,ATF4,HSPB2-C11orf52,SOD2,HTR2A,ATG5,NQO1,PRDX3,PDIA3,CXCR4,HSPA1B,PRDX3,NDUFAF7,UQCRFS1,GSTP1,FCN3,CASP9,PFKFB3,ALDOA,PDK4,GCLM,TXN2,CYCS,RTEL1-TNFRSF6B,MT-ATP6,PRDX6,UQCRC2,CRH,TFAM,SDHD,VEGFC,ATP8B1,GPX4,ADRA2A,UQCR10,TH,GAD1,CPT1A,SLC4A1,NDUFA9,CCL2,CHRNA7,ADRA2A,TXN,SDHC,NQO1,PRDX6,CDC14B,LDHA
ATP1A3,GSR,HMOX1,CD48,CCR2,FGA,IL10RB-DT,C4A,PDK1,IL12B,CS,HK2,PRDX5,NR3C1,CD3D,LDHB,TSPO,WNT5A,CASP3,ADRB2,IGF1,TNFRSF8,PRDX1,PPARA,CRH,GPX3,HSPA5,GCLC,PDP2,CD38,PDHB,HLA-DRB1,ADRA2A,SDHD,IL17REL,CD8A,HSF1,JAK2,SIRT3,IDH2,NCR1,MAPK14,NOS2,TIGIT,NQO1,GSR,LAMTOR5-AS1,JAK2,MMP2,IL20RA,COX7C,ATG7,ATF6,HSPD1,SOD3,DRD2,ATG7,HMOX1,TXN,P4HB,NDUFB8,HSPB1,TXN,CIAPINI,CYC1,COMT,CD14,BCL2,PDK1,HSPA1A,LDHA,GSR,TXNRD1,SDHA,CD44,MT-ATP8,TXN,UQCRFS1,CRHR1,NRF1,UQCRC1,FLT1,SLC25A24,GSR,NDUFC2,UQCR11,NPY,GAD2,CPT2,CACNA1C,NDUFA10,CCL5,GABRA1,ADRB2,TXNRD1,SDHD,HMOX1,TXN,PCDHB4,PDK1
SLC4A1,GSS,NFE2L2,CD160,CCR5,SERPINA1,IL10RB,HMGB1,MX1,IL4,IDH2,PFKM,PRDX6,HSD11B1,CD3E,IDH1,CD68,NOTCH1,CASP9,ADRA1A,IGF1R,TNFSF10,PRDX2,PPARG,ACTH,GPX4,HSPA8,GCLM,PDHB,CD40,PDK1,HLA-DRB9,CHRM2,UQCRC1,IL17RD,CD19,HSPA5,STAT3,UCP2,IDH3A,KLRK1,AKT1,SLC13A2,BTLA,TP53,GSS,LAMTOR3P1,STAT3,MMP9,ATP2C1,GCLC,BECN1,XBP1,NDUFV2,GPX1,COMT,BECN1,PRDX1,TXNRD1,DNAJB9,NDUFS1,SLC6A4,TXNRD1,SPPL2B,CYCS,DBH,CD36,BAX,IDH2,HSPA1B,LDHB,GSS,TXNRD2,SDHB,IFNGR1,SOD1,TXNRD1,VDAC1,CRHR2,PPARGC1A,UQCRC2,KDR,NDUFB2,HMOX1,ATP5F1A,SOD1,VIP,GRIN1,SLC2A1,KCNH2,NDUFAB1,CXCL10,GLUL,CHRM3,MPO,UQCRB,NFE2L2,TXN2,PCDHA6,PDK4
SLC7A2,BDNF,KEAP1,CD46,COX4I1,APCS,IL12A-AS1,S100A8,S100B,IL5,IDH3A,ENO1,NQO1,ADRB1,CD3G,IDH2,CD163,JAG1,FAS,ADRA2A,PRL,TNFAIP6,PRDX3,SIRT1,CORT,GSR,HSPB1,NQO1,DLAT,CD69,PDK4,HLA-DRB5,CHRM3,UQCRC2,IL1A,CD56,ATF4,TLR9,UCP3,IDH3B,KLRD1,AKT2,CD79B,CD244,BCL2,PRDX1,GAPDHP53,MAPK1,TIMP1,ATP1A2,SARM1,MAP1LC3B,PERK,HSPB3,GPX2,MTOR,LC3B,PRDX2,COMT,DNAJC3,NDUFS3,HTR1A,NFE2L2,FAM214B,SOD3,TH,MSR1,FAS,CS,HSPA2,PKM,GSTP1,BDNF,SDHC,TNFRSF1B,SOD2,TXNRD2,VDAC2,POMC,PPARGC1B,UQCRB,NOS3,ATP5F1D,NQO1,ACOXL,SOD2,CALCA,GRIN2A,SLC2A4,SCN5A,NDUFB3,CXCR3,SLC1A2,HTR1A,EPX,UQCRC1,KEAP1,TXNRD1,PCDHGA2,ACADVL
SLC22A16,NGF,PRDX1,TNFSF4,COX5A,F2,GCATP1,S100A9,REL,CD86,OGDH,GAPDH,KEAP1,ADRB2,CD28,IDH3A,TREM2,DLL4,FASLG,CHRM2,MAPK1,IL17C,PRDX5,CLOCK,AVP,GCLC,CLOCK,HMOX1,DLD,CD80,CS,HLA-DRA,DRD2,UQCRB,IL1RN,FOXP3,XBP1,HLA-A,SOD1,CS,KLRC1,PIK3CA,DNAJC11,KLRG1,BAX,PRDX2,LAMTOR5P1,MAPK3,S100B,CD74,SOD1,SQSTM1,IRE1,NDUFS7,GPX3,AKT1,SQSTM1,TXN,DBH,HYOU1,NDUFA9,HTR2A,KEAP1,COPZ2,GPX2,SLC6A2,MARCO,FASLG,ACO2,HSPA4,HK1,GSTM1,NGF,SDHD,SPDL1,CAT,KEAP1,SLC25A4,NR3C1,SIRT1,CYC1,EDN1,NDUFB7,TXNRD1,ATP5MC3,SOD3,TAC1,SYP,HK1,TRPV1,NDUFB6,CFH,SLC6A4,DRD2,LPO,UQCRC2,PRDX1,TXNRD2,IL12RB2,HADHA
SLC25A13,NTRK2,PRDX2,IRF6,COX5B,AHSG,STATH,CFTR,CTLA4,IL1A,SUCLA2,CS,HMOX1,ADRA1A,CTLA4,SOD1,TYROBP,SHH,TRAIL,CHRM3,MAPK3,IL37,TXN,PER1,OXT,GCLM,ARNTL,PRDX1,SOD1,CD86,ACO2,C1QTNF9B,TH,UQCRQ,IL1R1,GZMB,DDIT3,HLA-B,SOD2,ACO2,PRF1,MTOR,MMP25,CD57,CASP3,PRDX3,LAMTOR3P2,MAPK8,GFAP,CD44,SOD2,ULK1,GRP78,HSPB9,GPX4,PIK3CA,PINK1,TXNRD1,TH,SLC2A1,NDUFV1,DRD2,RSAD2,PRKAR2B,GPX3,SLC6A4,CD163,TP53,OGDH,HSPA5,HK2,SOD1,NTRK1,SOD1,TNFRSF17,GPX1,NFE2L2,TOMM20,NR3C2,SIRT3,COX4I1,ANGPT1,SLC25A1,PRDX1,ATP5PF,CAT,SCN9A,SNAP25,PFKM,P2RX4,NDUFB9,FGR,TPH2,NOS3,TP53,UQCRFS1,PRDX3,TXNIP,SMARCD3,CPT1A
TRPM3,CREB1,PRDX3,TNFAIP3,COX6A1,TTR,PPARD,CASP10,CX3CR1,CCL20,SUCLG1,ACO2,TXN,ADRA2A,PDCD1,SOD2,SNAP25,PTCH1,TNFRSF1A,HTR1A,MAPK14,TNFSF9,TXN2,PER2,BDNF,GSS,PER1,PRDX2,SOD2,HLA-A,IDH2,CCL27,DBH,UQCRH,IL1R2,PRF1,EIF2AK3,HLA-C,CAT,FH,GZMB,IDO1,IL32,CD69,FAS,PRDX5,NDUFAF7,JUN,MBP,TNFRSF1B,SOD3,MTOR,CHOP,NDUFS1,CAT,PTEN,PRKN,KEAP1,DDC,HK1,NDUFV2,COMT,OAS1,CREBBP,GSR,HTR1A,CD209,MDM2,SDHA,HSPA8,PFKM,SOD3,NTRK2,SOD2,TNFRSF9,GPX4,PARK7,PINK1,FKBP5,PRKAA1,COX5A,ANGPT2,SLC25A17,PRDX2,NDUFAF6,GPX1,TRPV1,LDHA,PKM,KDM1A,NDUFS3,FCGR2A,TH,EDN1,BCL2,UQCRH,TXN,HSPA1A,C1QTNF3,CPT2
P2RX7,HTR1A,PRDX5,IRF2BPL,COX6B1,IGF1,PPARG,CFLAR,STAT2,STAT1,FH,IDH1,TXNRD1,NOS3,CD274,SOD3,DLG4,GLI1,VEGFA,HTR2A,AKT1,TNFSF14,TXNRD1,BDNF,NGF,GSTP1,PER2,PRDX3,SOD3,HLA-B,IDH3A,TNFRSF25,COMT,UQCR10,IL1RAP,CTLA4,ERN1,HLA-DRB1,GPX1,MDH2,FASLG,IDO2,CD9,CD25,MAPK1,PRDX6,NDUFAB1,FOS,ENO2,ATP6V0A1,GPX1,TFEB,GADD34,HSPE1-MOB4,NFE2L2,TSC1,MFN1,NFE2L2,ADRB1,HK2,ATP5F1A,TPH1,OAS2,TSPOAP1,GSS,HTR2A,CLEC7A,CDKN1A,FH,HSP90AA1,GAPDH,PRDX1,GDNF,SOD3,IL17RB,NFE2L2,SRXN1,PARK7,HSP90AA1,PRKAA2,COX5B,ICAM1,ATP6V1D,PRDX3,ATP5MJ,GPX2,ACHE,LDHB,LDHA,DNMT1,NDUFS4,FCGR3A,HSP90AA1,VEGFA,BAX,UQCRQ,TXNRD1,HSPA1B,CD59,ACOX1
C3,HTR2A,CRH,CD274,COX6C,GH1,WASF3,TLR3,DDIT3,IL1R2,MDH2,IDH2,TXNRD2,EDN1,CD14,CAT,GRIN1,MAPK1,HIF1A,DRD2,PIK3CA,IL22,TXNRD2,NGF,GDNF,GSTM1,CRY1,PRDX5,CAT,HLA-C,OGDH,IL10RB-DT,HTR1A,CS,IL1RAPL1,PD1,ATF6,HLA-DQB1,GPX4,VDAC1,FCGR3A,KMO,SLC6A13,FOXP3,MAPK3,TXN,TNFRSF12A,RELA,NCAM1,ATP6V1H,GPX2,LAMP1,BDNF,NDUFS4,KEAP1,TSC2,MFN2,PARK7,ADRB2,PFKM,ATP5F1B,TPH2,OAS3,MPO,GCLC,ADRA1A,CLEC4E,RB1,MDH2,HSP90AB1,ENO1,PRDX2,CNTF,CAT,CD84,KEAP1,BDNF,PPARGC1A,HSP90AB1,PRKAB1,COX6C,VCAM1,NDUFAF5,HSP90AA1,UQCRB,GPX3,CHAT,PKM,LDHB,HDAC1,NDUFS7,NFKB2,HSPA1A,VWF,CASP3,COX4I1,GSS,HSPA5,CD82,PPARA
C4A,HTR3A,CRHR1,IFNA6,COX7A1,INS,TXNRD2,TLR4,BDNF,IL1R1,ACO2,OGDH,BDNF,VEGFA,CD163,GPX1,GRIN2A,MAPK3,EPO,DRD4,PTEN,IL17B,GSS,CACNA1C,VEGFA,GSTA1,CRY2,TXN,GPX1,HLA-DRA,SUCLA2,C1QTNF5,HTR2A,IDH1,IL1RAPL2,PDL1,HSPA9,PTPRC,GSR,VDAC2,NFYA,KYNU,CD4,IL2,MAPK14,TXN2,CCL26,CHUK,GAP43,TNFRSF17,GPX3,IL18,NGF,HSPH1,GSTA1,MAPK1,OPA1,PINK1,ADRA1A,ALDOA,ATP5F1C,TH,MX1,PON1,GCLM,ADRA2A,MRC1,TGFB1,ATP5A1,HSPB1,GFAP,PRDX5,GFAP,GPX1,THUMPD1,HMOX1,NGF,PPARGC1B,HSPA1A,PRKAG1,COX7A2,WASF3,GCLC,HSPA1A,COX6A2,GPX4,SLC6A2,HK1,PDK1,HDAC2,NDUFV1,STAT1,HSPB1,ICAM1,CASP8,COX5A,NCF1,HSP90AA1,PILRA,PPARG
CFH,HTR4,CRHR2,IFNA8,COX7A2,LEP,PPARA,CXCL10,IRF7,IL1RL2,TFAM,BDNF,NGF,HIF1A,CD68,GPX3,GRIA1,MAPK8,NOS2,COMT,MTOR,TNFRSF19,GSTP1,SLC6A4,HIF1A,NQO1,NR1D1,TXN2,GPX2,HLA-DRB1,SUCLG1,IL6STP1,TPH1,IDH2,IL1RL1,TIM3,DNAJB1,CD86,GCLC,VDAC3,CASP10,QPRT,SLC6A7,IL7R,AKT1,TXNRD1,COX10,IKBKB,SYP,TNFRSF9,GPX4,IL15,GDNF,NDUFS2,GSTM1,MAPK3,DRP1,PRKN,ADRA2A,GAPDH,ATP5F1D,DBH,MX2,GCFC2,NQO1,ADRB1,CD86,SMAD3,ATP5B,HSPB2,AIF1,PRDX6,MBP,GPX2,TNFRSF1A,NQO1,NTF3,PPARA,HSPA1B,MTOR,VDAC1,CFH,HSPB6,HSPA1B,NDUFS2,GSR,ADRA1A,HK2,PDK4,EZH2,NDUFV2,JAK1,HSF1,VCAM1,CASP9,COX5B,NCF2,HSPB1,CDIP1,PPARGC1A
CFI,HTR7,POMC,TNFSF18,COX7C,ADIPOQ,TXNRD3,CCL2,PDCD1,IL1RL1,NRF1,NGF,GDNF,ACE,CD80,GPX4,HTR1A,MAPK14,NOS3,DBH,JAK1,IL6ST,GSTM1,HTR1A,EPO,HMOX1,IL1R1,TXNRD1,GPX3,HLA-DQA1,FH,IL6R-AS1,NPY,IDH3A,IL1RL2,LAG3,BAG3,LDHA,GCLM,SOD1,NDUFAF7,HAAO,CD22,CD8A,MTOR,CRH,UQCRC1,NFKBIA,DRD2,ATP9A,GSR,IL21,CNTF,NDUFS8,GSTP1,JUN,FIS1,ATP5A1,HTR1A,PGK1,ATP5F1E,TRPM3,ISG15,WDR54,PRDX1,ADRB2,CD80,WNT1,COX4I1,HSPH1,CD68,TXN,MOG,GPX3,TGFBR3,PARK7,GDNF,NRF1,HSPA4,AKT1,VDAC2,FGR,GCLM,HSPB1,ATP5POP1,GCLC,ACTB,PFKM,PCK1,KMT2D,SDHC,JAK2,ATF4,SELE,FAS,COX6A1,NOS2,HSPB6,PDCD7,ADIPOQ
TFPI,DRD2,NR3C1,TNFSF11,NDUFA2,PPARG,TXNRD1,CCL5,HLA-DRB1,IL18R1,PPARGC1A,GDNF,COMT,AGT,CD86,GSR,HTR2A,AKT1,EDN1,TH,JAK2,RELCH,BDNF,HTR2A,SLC2A1,PRDX1,IL6R,NFE2L2,GPX4,HLA-DQB1,MDH2,HLA-DRB6,VIP,IDH3B,IL1F10,TIGIT,HSPD1,PKM,GSS,SOD2,SLC7A2,ACMSD,SLC7A14,CD8B,VEGFA,CRHR1,CD4,MYD88,HTR1A,IL17RB,GCLM,IL23A,IGF1,HSPBAP1,PRDX1,FOS,VDAC1,ATP5B,HTR2A,ENO1,COX4I1,TRPV1,ISG20,CROT,PRDX2,CHRM3,CD28,CTNNB1,NDUFS1,DNAJB1,CX3CR1,TXNRD1,DRD2,GPX4,FRMPD1,PINK1,CNTF,TFAM,HSPA5,AKT2,VDAC3,TFPI,HSPA5,HSF1,ATP5MC1,GCLM,B2M,IDH1,G6PC,TET2,SDHD,IRF7,DDIT3,SELP,FASLG,COX6B1,MPO,HSPH1,CD209,LEP
F3,DRD3,NR3C2,TNFRSF10B,NDUFA4,SREBF1,C4B,VEGFA,TRPV1,IL18RAP,SOD1,GFAP,SLC6A4,MAPK1,HLA-A,GSS,DRD2,PIK3CA,ICAM1,TPH1,STAT1,IL2RA,NGF,TNFRSF12A,LDHA,PRDX2,IL10RA,KEAP1,GSR,SOD1,PCK2,TNF,ADCYAP1,OGDH,IL1R1P1,CCR7,MAPK1,HK2,NQO1,GPX1,CD38,SLC7A5,SLC25A39,CD4,FLT1,CRHR2,COX15,IRAK4,HTR2A,ATP11B,GSS,TGFB1,VEGFA,NDUFS3,PRDX2,STAT1,ANT1,ATP5C1,SLC6A4,PKM,COX5A,TRPA1,IFIT1,ABCB4,PRDX3,BDNF,CTLA4,NOTCH1,UQCRC1,DNAJB4,P2RY12,TXNRD2,HTR1A,GSR,HACD3,PRKN,SYN2,TFB1M,HSPA8,PDK1,SLC25A4,NFKB1,GSTO2,ATF4,NDUFV3,GSS,TFRC,IDH2,FBP1,DNMT3A,UQCRC1,ATP5C1,XBP1,PECAM1,HSPA1A,COX7A1,XDH,DNAJB1,IL5RA,RETN
SERPINE1,DRD4,FKBP5,TNFRSF8,NDUFA9,FASN,C4A,HIF1A,MBP,CD207,SOD2,S100B,HTR1A,MAPK3,HLA-B,GCLC,COMT,MTOR,VCAM1,TPH2,STAT3,IL15RA,GDNF,CCL26,PDK1,PRDX3,TNFRSF1A,NOS2,GCLC,SOD2,PKM,IL6RP1,HSP90AA1,SUCLA2,IL1R1P2,CXCR3,MAPK3,PFKL,HMOX1,GPX4,HSPB6,SLC7A2,CD6,CD3E,KDR,POMC,ATP2C1,TRAF6,GRIN1,ATP2B4,CAT,IFNA1,HIF1A,HSPE1,PRDX3,STAT3,CYC1,ATP5D,TPH1,LDHA,COX5B,P2RX7,IFIT2,KMT2E,PRDX6,NGF,ICOS,JAG1,CYC1,BAG3,TMEM119,SRXN1,HTR2A,GSTP1,IL4R,MFN1,GRIN1,TFB2M,HSPB1,PDK2,CS,RELA,HSP90AA1,XBP1,COX6B2,NFE2L2,FTH1,CS,PPARA,HDAC3,UQCRC2,ATP5D,EIF2AK3,CDH5,HSPA1B,COX7A2,BDNF,BAX,CDV3,APOE
VWF,ADRA1A,HSP90AA1,CD80,NDUFB1,ACACA,THCAT155,EPO,CD3E,CD58,SOD3,MBP,HTR2A,MAPK14,HLA-C,GCLM,TPH2,PTEN,SELE,CRH,SOCS1,IL36G,CNTF,CD79B,HK2,PRDX5,TNFRSF1B,NOS3,GCLM,SOD3,LDHA,TNFRSF14-AS1,HSPA1A,SUCLG1,IL1RN-AS1,CCL5,MAPK8,PDK1,PRDX1,CAT,NDUFAB1,VEGFA,SLC30A9,CD3G,NOS3,MC2R,ATP1A2,TAB1,GRIN2B,ATP2C2,PRDX1,IFNB1,EPO,HSPG2,PRDX5,JAK1,COX4I1,NDUFS1,TPH2,PDK1,COX6A1,CACNA1C,IFIT3,RHBDD2,TXN,NTRK2,PD1,MYC,CYTB,STUB1,TREM2,NOX4,GRIN1,GSTM1,CARMIL1,MFN2,GRIN2A,POLG,HSPH1,PDK4,ACO2,P2RX7,HSPB11,DDIT3,COX7A1,KEAP1,FTL,ACO2,NR3C1,SIRT6,UQCRB,ATP5E,BCL2,THBS1,HSP90AA1,PPARGC1A,NGF,BAD,CD200,APOA1
DNMT1,ADRA2A,HSPA1A,CCR2,NDUFB8,SCD,UQCRH,VDR,FCGR3A,CD2,CAT,AIF1,DRD2,AKT1,HLA-DRA,NFE2L2,SOD1,TP53,SELP,CRHR1,SOCS3,IL1RN,NTRK1,IL32,G6PD,PRDX6,IFNGR1,MPO,NFE2L2,CAT,HK2,TNFSF12,HSPA5,FH,IL1A-AS1,CXCL8,MAPK14,PDK4,PRDX2,PRDX1,SLC22A16,FLT1,COX15,TCR-alpha,EDN1,NR3C1,NDUFS1,MAP3K7,GABRA1,NDUFB4,PRDX2,CCR5,TH,NDUFA4,PRDX6,JAK2,ATP5A1,NDUFS2,MAOA,PDK4,COX7A2,SCN9A,IFITM1,SOX8,TXNRD1,OAS1,PDL1,JUN,COMT,ADRB1,CSF1R,NCF1,GRIN2A,GSTA1,CXCL2,OPA1,GRIN2B,POLG2,HSF1,PDHB,IDH2,TRPM3,GSTP1,HSPA5,ACOX1,NQO1,ALB,OGDH,FKBP5,NOS3,NRF1,ATP5F1,BAX,F5,HSPB1,PPARGC1B,GDNF,BCL2,CCDC80,LDLR
DNMT3A,ADRB1,HSPA1B,TNFSF10,NDUFS1,MTOR,UQCRHP3,SLC25A13,CFH,CD48,GPX1,CX3CR1,DRD3,MTOR,HLA-DRB1,KEAP1,SOD2,CDKN1A,MMP9,CRHR2,PRKAA1,IL36A,NTRK2,CD9,IDH1,TXN,IFNGR2,NCF1,KEAP1,GPX1,PFKM,TNFRSF13B,HSPA8,SOD1,IL1R2-AS1,MMP9,AKT1,IDH2,PRDX3,PRDX3,SLC25A13,KDR,IL20RA,TCR-beta,ADRB2,NR3C2,RTEL1-TNFRSF6B,RIPK1,GABRB2,CD84,PRDX3,CD19,DBH,ATP5F1A,TXN,MX1,NDUFS1,NDUFS3,MAOB,CS,UQCRC1,KCNJ11,IFITM3,IBTK,HSP90AB1,OAS2,TIM3,FOS,MAOA,ADRB2,ITGAM,NCF2,GRIN2B,NQO1,IL12RB2,DRP1,GRIA1,SOD1,SLC6A4,HK1,IDH3A,PRDX1,TXNDC16,BDNF,COX18,HMOX1,APOA1,SDHA,HSP90AA1,VEGFA,NFE2L2,ATP5G1,CASP3,SERPINC1,ATF4,NRF1,CNTF,BCL2L1,CDC45,HMGCR
HDAC1,ADRB2,ATF4,CXCR4,NDUFS2,AKT1,UQCRHP1,SLC7A2,IGF1,CD46,GPX2,TSPO,DRD4,PIK3CA,HLA-DQA1,PRDX1,SOD3,CDKN2A,MMP2,POMC,PRKAA2,IL36RN,NTRK3,CD22,IDH2,TXN2,JAK1,NCF2,HMOX1,GPX2,ALDOA,C1QTNF9,HSPB1,SOD2,IL1RAP-AS1,TIMP1,PIK3CA,OGDH,PRDX5,PRDX5,SLC4A1,NOS3,ATP2C1,GZMB,NPY,FKBP5,CD44,CASP1,SLC1A2,TNFRSF1A,PRDX5,CD69,COMT,HSPB5,TXN2,MX2,SDHA,NDUFV1,BDNF,ACO2,UQCRC2,ATP1A1,DDX58,ZNF195,HSPA1B,OAS3,LAG3,CREB1,MAOB,ADRA1A,S100B,NOS2,COMT,PRDX1,SMARCD3,FIS1,GRIA2,SOD2,HTR1A,HK2,OGDH,PRDX2,TXNL1,NGF,NDUFAF2,PRDX1,APOB,SDHB,HSPA1A,PECAM1,MDH2,ATP5G2,CASP9,PROC,DDIT3,TFAM,GFAP,CASP1,CDC6,SREBF1
HDAC2,COMT,ATF6,CD244,NDUFS3,AMPK,UQCRHL,SLC22A16,VIM,TNFSF4,GPX3,NR3C1,GRIN1,TP53,HLA-DQB1,PRDX2,CAT,BCL2,TIMP1,NR3C1,TRPM3,IL36B,SLC6A4,CD6,SIRT1,TXNRD1,JAK2,BDNF,NQO1,GPX3,TPI1,C1QTNF9-AS1,HSF1,SOD3,IL1RL1-AS1,ICAM1,MTOR,FH,TXN,NFE2L2,MAP3K14,EDN1,SLC11A1,PRF1,VIP,HSP90AA1,TNFRSF1B,CASP3,SLC1A3,ATP11A,PRDX6,CTLA4,MAO,NDUFB11,TXNRD1,OAS1,UQCRC1,NDUFV2,NGF,IDH2,UQCRB,ATP1A3,IFIH1,MYCBP2,HSPA4,OASL,TIGIT,HSP70,SLC6A4,ADRA2A,SLC1A2,NOS3,TPH1,PRDX2,C1QTNF3,PDK1,GABBR1,SOD3,HTR2A,PFKM,SUCLA2,PRDX3,HSP90AB1,GDNF,NDUFS4,PRDX2,HP,FH,HSPB1,VCAM1,ACO2,ATP5G3,APAF1,PROS1,EIF2AK3,POLG,AIF1,CASP3,CDC23,FASN
KDM1A,DBH,XBP1,TNFAIP6,NDUFS4,SIRT1,UQCRHP2,SLC4A1,TBX21,IRF6,GPX4,FKBP5,GRIN2A,HSP90AA1,CRP,PRDX3,GPX1,BCL2L1,IL1R1,NR3C2,P2RX7,IL1F10,HTR1A,IL20RA,SIRT3,TXNRD2,STAT3,NGF,TXNRD1,GPX4,GAPDH,TNFRSF6B,ATF4,CAT,IL1R1-AS1,VCAM1,JAK1,ACADVL,TXNRD1,KEAP1,CACNA1G,EDNRA,ATP1A2,FASL,TGFB1,HSP90AB1,ATP6V0A1,CASP8,CACNA1C,ATP1B3,TXN,LAG3,NPY,NDUFS5,TXNRD2,OAS2,MT-CO1,UQCRC1,GDNF,OGDH,CYCS,SLC25A4,MAVS,FBXL3,HSPA9,MX1,BTLA,HSP90,HTR1A,COMT,SLC1A3,MPO,TPH2,PRDX3,CD82,PDK2,GABBR2,CAT,DRD2,PKM,FH,PRDX5,GSTT2,HTR1A,UQCRQ,PRDX3,ORM1,MDH2,CRH,ICAM1,PDK1,ATP5J,CYCS,F2,ERN1,POLG2,CX3CR1,CASP7,IL11,ACACA
EZH2,TH,DDIT3,IL17C,NDUFS7,FOXO1,UQCRHP4,LDHA,BAX,CREB1,GSR,HSP90AA1,GRIN2B,HSPA5,CFH,PRDX6,GPX3,MCL1,IL6R,FKBP5,CACNA1A,IL33,HTR2A,CD74,NAMPT,GFAP,STAT4,NTF3,TXNRD2,GSR,ENO1,IL10RB,XBP1,GPX1,IL1RAPL1-AS1,SELE,JAK2,CPT1A,HSPA1A,NQO1,TNFRSF12A,EDNRB,PRDM11,TNF-alpha,IL18,HSPA1A,ATP6V1H,PYCARD,KCNJ11,ATP2B1,TXN2,PTGS2,VIP,NDUFS6,BDNF,OAS3,MT-ND1,UQCRC2,CREB1,SUCLA2,VDAC1,MAPK1,TBK1,ITGAL,HSPB1,MX2,CD27,HSF1,HTR2A,DBH,SLC6A4,ADRB1,DDC,PRDX5,PILRA,PDK3,DRD1,GPX1,DRD3,LDHA,MDH2,PRDX6,TXN2,HTR2A,COX6C,PRDX5,CRP,ATP5A1,CRHR1,VWF,PDHA1,ATP5L,TP53,F3,XBP1,SOD1,CX3CL1,CASP8,CDC5L,SCD
IRS1,GAD1,HSPA5,CXCL6,NDUFS8,MAPK1,SELENOO,LDHB,HTR2A,TNFAIP3,GCLC,HSPA1A,GRIA1,HSPB1,C3,TXN,GPX4,BAX,TNFR1,HSP90AA1,SCN9A,IL11RA,HTR3A,CD44,PARP1,AIF1,STAT5A,GDNF,TXN,GSS,SOD1,TNFSF12-TNFSF13,TP53,GPX2,CD22,PECAM1,TYK2,CPT2,HSPA1B,HMOX1,MAP3K9,ANGPT1,CD74,CD107a,IL12A,HSPA1B,TNFRSF17,AIM2,SCN1A,CD5L,TXNRD1,NOS2,CGRP,ATP5F1B,NGF,ISG15,MT-ATP6,UQCRFS1,SNAP25,SDHB,VDAC2,MAPK3,IRF9,PDK2,HSF1,ISG15,CD70,ATF4,DRD2,CRH,HTR1A,ADRB2,TH,PRDX6,CD209,PDK4,DRD2,GPX4,DRD4,LDHB,PPARGC1A,HLA-DRA,GSTZ1,DRD2,NDUFB6,PRDX6,SAA1,ATP5B,POMC,THBD,PDHB,COX1,MDM2,F7,PPP1R15A,SOD2,TREM2,CASP9,JAK2,DGAT1
AKT1,GAD2,SLC6A4,IRF1,UQCRC1,MAPK3,SELENOK,IDH1,FCER2,IRF2BPL,GCLM,HSPA1B,GRIA2,CD69,C4A,TXN2,GSR,BAK1,TNFR2,HSPA1A,SLC6A4,IFNA21,HTR7,IFNGR1,ATG5,ITGAM,STAT5B,TH,TXN2,GCLC,SOD2,C1QTNF7-AS1,CDKN1A,GPX3,CD200,CDH5,SRC,HADHA,HSP90AA1,GCLC,CCL26,TEK,SLC7A9,NKG2D,PTGS2,HSPA5,TNFRSF9,GSDMD,TRPV1,ATP2A3,TXNRD2,ARG1,SP,NDUFA1,GDNF,ISG20,POLG,COX4I1,SYN1,SDHD,VDAC3,MAPK8,STAT2,ITGA3,ATF4,ISG20,OX40,XBP1,OPRM1,CRHR1,HTR2A,ADRB3,CRH,TXN,IL5RA,PDHA1,DRD3,GPX3,COMT,SLC2A1,PPARGC1B,HLA-DRB1,GSS,COMT,ATP5F1C,TXN,SERPINA1,SLC2A1,MC2R,EDN1,NGF,COX2,CDKN1A,F8,GADD45A,SOD3,P2RX7,CASP10,IL12RB1,ATGL
PRKAA1,SLC6A4,HTR1A,IL1B,UQCRC2,JUN,SELENOS,IDH3A,LDHB,CD274,GSS,HSPA5,GABRA1,CD70,C5,TXNRD1,GCLC,CASP3,CCR2,HSPA1B,HTR1A,IL18BP,TPH1,TNFRSF1B,ATG7,CX3CR1,C3,DBH,PRDX1,GCLM,CAT,TNFRSF10A-AS1,ATM,GPX4,CD209,FN1,FYN,FASN,HSPB1,GCLM,COX10,TRPM3,SLC45A4,NKG2A,MTHFR,HSPA8,ATP9A,BCL2,P2X7,ATP12A,KEAP1,IDO1,TRPV1,NDUFA12,NTRK1,IFIT1,TFBM,COX5A,GFAP,FH,UCP2,MAPK14,DRD2,ITGA2B,XBP1,IFIT1,OX40L,IRE1,BDNF,CRHR2,TPH1,ADRA1A,CRHR1,TXN2,CD200,PDHB,DRD4,GSR,BDNF,SLC2A4,NRF1,HLA-DQA1,GSR,SLC6A4,NDUFB8,TXN2,A2M,SLC2A4,STAR,EDNRA,DRD4,COX3,GADD45A,F9,JUN,GPX1,ITGAM,TP53,CDC7,HSL
LDHA,HSP90AA1,HTR2A,IL37,UQCRFS1,FOS,SELENOI,SIRT1,CR2,IFNA6,PRDX1,HSPB1,GABRB1,CD40,CCL2,BDNF,GCLM,CASP7,CCR5,HSPB1,HTR2A,IL21,TPH2,TNFRSF17,BECN1,CX3CL1,C4A,DDC,PRDX2,GSTP1,GPX1,IFNG-AS1,ATR,GSR,CD207,COL1A1,LCK,ACACA,HSPA5,GSR,SLC13A2,TRPA1,NDUFS1,KIR2DL1,MTR,HSPB1,ATP11B,BAX,ASIC1,IL4R,SEMA3F,NLRP3,TRPM3,NDUFA5,NTRK2,DDX58,PPARA,VDAC1,MBP,MDH2,UCP3,AKT1,HTR1A,ASB4,DDIT3,IFIT2,4-1BB,PERK,NTRK2,NR3C1,TPH2,ADRA2A,POMC,TXNRD1,TGFB2,PC,HTR1A,GCLC,NGF,GCK,TFAM,HLA-DQB1,HSPB1,ADRB1,COX11,TXNRD1,C3,PDK1,MAPK1,ANGPT1,TH,COX5A,FAS,F10,NOS3,GPX2,PTGS2,MAPK1,SCD,LIPE
PKM,HSP90AB1,DRD2,TNFSF9,UQCRH,MYC,SELENON,SIRT3,KIR2DL1,IFNA8,PRDX2,CRH,GABRG2,HLA-DRA,CCL3,NGF,GSS,CASP8,CXCR3,HSPA5,DRD2,TNFRSF11A,DRD1,TNFRSF9,LC3B,P2RX7,C4B,COMT,PRDX3,GSTA1,GPX3,C1QTNF1-AS1,CLOCK,GCLC,CD226,LAMA1,ZAP70,PPARA,HSPA8,GSS,CD79B,TRPV1,CD44,KIR3DL1,CBS,ADRB1,ATP2B4,APAF1,PIEZO1,CXCL2,DVL2,CASP1,TRPA1,NDUFB1,SYN2,IFIH1,PPARG,ANT1,S100B,ATP5A1,PINK1,PIK3CA,HTR2A,GDE1,GADD45A,IFIT3,4-1BBL,ATF6,CREB1,NR3C2,DRD2,DRD2,NR3C1,TXNRD2,IL11,PCK1,HTR2A,GCLM,NTRK1,PCK1,PINK1,ATG5,SOD3,ADRB2,ATP5MG,TXNRD2,CFH,PDK2,MAPK3,CAMKK1,DDC,COX5B,FASLG,TFPI,NOS2,GPX3,NOS1,MAPK3,CDC34,INSR
HK2,HSPA1A,DRD3,CD70,UQCRQ,JAK2,SELENOW,PPARGC1A,NGF,TNFSF18,PRDX3,CRHR1,ACHE,HLA-DRB1,CCL4,NTF3,NQO1,CASP9,CD14,HSP90AB1,GRIN1,IFNAR1,DRD2,IL17RB,P62,P2RY12,C5,SLC6A2,PRDX5,GSTM1,GPX4,CCL5,ARNTL,GCLM,CD200R1,ITGB1,SYK,PPARG,DNAJB1,TXN,SCN4A,P2RX7,IFNGR1,NCR1,CLOCK,ADRB2,ATP2C2,CYTC,NLRP3,ATP8B1,CAMKK1,IL1A,P2X7,ATP5MC1,SNAP25,MAVS,PPARGC1A,UCP2,HSP90AA1,ATP5B,PARK2,MTOR,SLC6A4,REX1BD,NTRK2,IRF3,GITR,GRP78,FOS,FKBP4,TH,HTR1A,FKBP5,NFE2L2,JAK2,PCK2,SLC6A4,GSS,NTRK2,PCK2,PRKN,ATG7,HSPA8,ADRA1A,NDUFV1,PRKAA1,VWF,PDK4,MAPK8,POLR2J,MAOA,COX6A1,C3,PLAT,VEGFA,GPX4,SLC1A2,MAPK8,CDHR5,IRS1
PFKM,HSPA1B,COMT,TNFSF14,SDHA,STAT3,SELENOF,NRF1,DRD2,TNFSF11,PRDX5,POMC,CHRNA4,CD86,CCL5,NTF4,HMOX1,APAF1,CD16,DNAJB1,GRIN2B,IL19,DRD3,CD84,PINK1,TREM2,CFH,SLC6A3,PRDX6,NFE2L2,GSR,C1QTNF3-AMACR,PER1,GSS,CD200R1L,MUC1,PTPN22,GCK,ATF4,TXNRD1,CACNA2D2,ASIC3,TNFRSF1B,NCR2,ARNTL,ADRB3,NDUFB4,PARP1,CASP1,IL12RB2,ICA1,MIF,ASIC3,ATP5F1C,STX1A,IRF3,ESRRA,UCP3,HSPA1A,ATP5C1,PARK7,GSK3B,COMT,CRLF1,SNAP25,IRF7,GITRL,CHOP,JUN,FKBP5,COMT,HTR2A,AVP,KEAP1,IL12RB1,G6PC,COMT,GSTM1,GRIN1,FBP1,PARK7,BECN1,HSPA9,ADRA2A,ATP5PD,PRKAA2,F8,HSPA1A,MAPK14,DHX33,MAOB,COX6B1,C4A,SERPINE1,VEGFB,CAT,SLC1A3,MAPK9,PPIL2,IRS2
ISG15,HSPA5,TPH1,CD93,SDHB,STAT5A,SELENOV,BAD,CACNA1C,TNFRSF10B,PRDX6,MC2R,CHRNB2,CD80,CXCL10,GFAP,NFE2L2,CYCS,CD19,BAG1,GABRA1,IL22RA1,DRD4,CD5L,PARKIN,TYROBP,CFI,SLC6A4,GSTP1,KEAP1,GSS,CCL23,PER2,PRDX1,CD200R1L-AS1,APOE,PTEN,INSR,ATF6,TXNRD2,NFIX,SCN9A,BCLAF1,NCR3,PER2,ADRA1A,CD84,TP53,IL1R1,CD59,CALCR,HMGB1,NAV1.7,NDUFA11,CHRNA4,IRF7,NR3C1,AMPK,HSPA5,ATP5D,MFN1,CREB1,TPH2,OSBPL7,GAD1,IRF9,CD40,LC3B,EGR1,POMC,SLC6A3,COMT,AVPR1A,HMOX1,PPIL2,FBP1,TPH1,GSTP1,GRIN2A,FBP2,MFN1,MAP1LC3B,TXNDC15,C3,ACOX2,PRKAB1,FGA,HSPA1B,AKT1,LIG3,HTR1A,COX7A1,CFH,ATP5A1,FLT1,PRDX1,GAD1,MAPK14,CCDC134,GLUT4
MX1,HSPA8,TPH2,CCR7,SDHC,JAK1,SELENOM,AK2,PFKM,TNFRSF8,TXN,ADRB1,ATG3,CTLA4,CXCL11,S100B,KEAP1,AIFM1,CD3D,STUB1,GAD1,IL17RD,DRD5,NFKB2,MFN1,C1QA,CFB,HTR1A,GSTM1,HMOX1,GCLC,NFKBIL1,CRY1,PRDX2,STAT2,APP,TSC1,IRS1,XBP1,PRDX2,MMP25,CACNA1A,SLC39A9,CD16,HIF1A,ADRA1B,MSANTD3,CDKN1A,IL18,CD82,BDNF,S100A8,NAV1.8,ATP5PF,CHRNA7,EIF2AK2,CRH,mTOR,HSPB1,ATP5F1,MFN2,FOS,BDNF,TMEM98,GAD2,STAT1,TNFRSF1A,BECN1,ARC,AVP,DBH,TH,MAPK1,NOS1,CSF2RB,PFKM,TPH2,GSTA1,GRIN2B,BDNF,MFN2,SQSTM1,TXNDC9,C4A,STAT3,PRKAB2,PLG,HSPB1,PIK3CA,RPAP3,TPH2,COX7A2,CFB,ATP5B,KDR,PRDX2,GAD2,JUN,IL2RB,GCK
OAS1,HSPB1,TH,IRF3,SDHD,SOCS1,SELENOT,KDM1A,MS4A1,CD80,TXN2,ADRB2,ATG5,PDCD1,SOD1,MBP,PRDX1,PARP1,CD3E,CACNA1C,GAD2,NFKBIZ,TH,IL4R,MFN2,C1QB,CD79A,HTR2A,GSTA1,NQO1,GCLM,ATP5MF-PTCD1,CRY2,PRDX3,STAT4,MAPT,TSC2,CLOCK,EIF2AK3,PRDX6,IL32,KCNJ10,BAK1,CD56,LDHA,ADRA1D,TNFRSF1A,MDM2,PYCARD,NDUFB2,NGF,CRH,NAV1.9,NDUFA2,CHRNB2,ATG5,ACTH,SIRT7,ATF4,COX4I1,OPA1,ATG5,NGF,YBX2,SLC6A1,STAT2,TNFRSF1B,ATG5,VEGFA,NCR1,ADRB1,DBH,MAPK3,NOS2,IL2RB,PFKL,TH,NQO1,GRIA1,NGF,OPA1,HK1,HSPE1,C5,NDUFS5,PRKAG1,ACADM,HSF1,MTOR,REG3A,GRIN2A,NDUFA1,CFD,COX6A1,EDN1,PRDX3,SLC6A4,FOS,CDKL1,PCK1
OAS3,HSPB6,GRIN1,STAT5A,SOD1,TP53,SELENOH,CAMKK1,HK2,CCR2,TXNRD1,COMT,ATG7,IL2RA,SOD2,MOG,PRDX2,ATM,CD3G,CACNA1S,EIF2AK2,TNFAIP8,DBH,CXCL2,DRP1,C1QC,CD79B,DRD2,GFAP,PRDX1,NQO1,GSTCD,NR1D1,PRDX5,STAT5A,SNCA,LDHA,ARNTL,ERN1,MPO,MAPK8IP2,IL1B,ATP6V0A1,CD94,PKM,ADRA2A,ATP11A,ATM,AIM2,CD209,NTF3,CRHR1,CACNA1C,NDUFB7,ADRB1,ATG7,CORT,PGK1,ATF6,COX5A,DNM1L,ATG7,GRIN1,KRT33A,DRD2,EIF2AK2,FAS,ATG7,HIF1A,NCR2,ADRB2,PNMT,MAPK8,NOS3,NFKBIA,PKM,DBH,HMOX1,GRIA2,NTRK1,DNM1L,HK2,GPX7,CFH,ATP5ME,PRKAG2,ACADVL,FOS,TP53,STK11,GRIN2B,NDUFA2,F2,COX7A2L,EDNRA,PRDX5,HTR1A,ATF3,CDKN3,G6PC
IFIT1,DNAJA1,GRIN2A,IL22,SOD2,CDKN1A,SELENOWP1,POLR2J,CASP3,TNFSF10,TXNRD2,DBH,ATG12,IL2RB,SOD3,AQP4,PRDX3,ATR,CD8B,SCN1A,OAS1,IL9,COMT,IL12RB2,OPA1,C3,CD22,ADRB1,S100B,PRDX2,PRDX1,GSTCD-AS1,RORA,PRDX6,STAT5B,PSEN1,LDHB,PER1,DDIT3,EPX,UQCRC1,IL6,SLC4A7,KLRD1,HK2,ADRA2B,SIRT2,CHEK2,HMGB1,IL5RA,NTF4,NR3C1,KCNQ2,ATP5MC3,ADRB2,BECN1,AVP,GAPDH,XBP1,COX6A1,FIS1,BECN1,GRIN2A,MAP3K14,HTR1A,HSPA1A,FASLG,SQSTM1,EPO,NCR3,NOS3,SLC6A2,MAPK14,BDNF,CD40,LDHA,DDC,HMOX2,ADRB1,NTRK2,FIS1,PFKM,PRDX1,ICAM1,UQCRFS1,PRKAG3,CPT1A,JUN,BCL2,SSBP1,GAD1,NDUFA3,F3,NDUFS7,EDNRB,PRDX6,HTR2A,ATF4,CCDC198,FBP1
IFITM1,DNAJB1,GRIN2B,IL17B,SOD3,BCL2,SELENOKP2,DHX33,CD14,CXCR4,NQO1,TH,BECN1,CXCR4,CAT,OLIG2,PRDX5,CHEK1,CD28,SCN5A,OAS2,TNFRSF21,SLC6A3,CD59,PGC1A,C3AR1,IGHG1,ADRB2,MBP,PRDX3,PRDX2,GCATP1,VEGFA,TXN,STAT6,CLU,PKM,PER2,COMT,LPO,CD9,TNF,TIMP2,KLRC1,IDH1,CHRM1,TGFBR3,BRCA1,TLR2,CD200,GDNF,NR3C2,KCNQ3,NDUFA13,ADRB3,MAP1LC3B,OXT,ENO1,EIF2AK3,COX7A2,TFAM,MAP1LC3B,GRIN2B,ABCC8,ADRA2A,HSPA1B,TRAIL,ULK1,ANGPT1,KIR2DL1,EDN1,SLC6A3,JUN,NGF,TNFSF13B,LDHB,VEGFA,NFE2L2,ADRB2,GDNF,SOD2,GAPDH,PRDX6,VCAM1,ADRB2,PDK1,CPT2,ATF3,BAX,CEP89,GAD2,NDUFA4,F5,NDUFV1,ICAM1,GSR,DRD2,XBP1,NFKBIA,PFKFB3
DDX58,ATG5,GRIA1,TNFRSF19,CAT,BAX,SELENOKP3,CALCR,BCL2,TNFAIP6,NQO2,HTR1A,MAP1LC3A,CCR5,GPX1,HSPA1A,PRDX6,CHEK2,CTLA4,KCNJ11,OAS3,NFKBIE,SLC6A2,CD82,TFAM,C5AR1,IGHM,CHRM2,MOG,PRDX5,PRDX3,PIK3CD,KDR,TXNRD1,STAT3-AS1,A2M,HK1,CRY1,DBH,DUOX1,SLC6A13,IFNG,SLC18A1,CD14,IDH2,CHRM2,ATP1B3,RAD51,TLR3,IL11,SEMA3A,HSD11B1,HCN2,NDUFA10,ADRA1A,SQSTM1,BDNF,PKM,ERN1,UQCRC1,NRF1,SQSTM1,GAD1,CACNG3,ADRB1,HSP90AA1,TRAILR1,PINK1,ANGPT2,KIR2DL3,VEGFA,SLC6A4,FOS,NTF3,CCL22,SLC2A1,VEGFB,KEAP1,ADRB3,GFAP,GPX1,PKM,TXNDC12,PECAM1,COX7B2,PDK2,HADHA,ATF4,CASP3,INPP5D,GABRB2,NDUFA5,F8,NDUFA1,VCAM1,GSS,COMT,DDIT3,CD40,ENO1
MAVS,ATG7,GRIA2,IRF5,GPX1,CASP3,SELENOOLP,LIG3,CD19,IL17C,NFE2L2,HTR2A,MAP1LC3B,CCR7,GPX2,HSPA1B,TXN,BRCA1,PD1,KCNQ1,RNASEL,IFNA5,HSP90AA1,CD209,NRF1,CD68,CACNA1C,ACHE,MAG,PRDX6,PRDX5,PIK3CD-AS1,NOS3,NFE2L2,STAT5A-AS1,TTR,HK2,CRY2,TH,DUOX2,CD4,IL10,FLT4,CD163,PDK1,CHRM3,ATP2B1,XRCC1,MYD88,IL12RB1,SEMA4A,HSD11B2,SLC6A4,ATP5PB,ADRA2A,ULK1,NGF,LDHA,DDIT3,UQCRC2,NFE2L2,ULK1,GAD2,TMEM132A,GRIN1,HSPB1,TRAILR2,PARKIN,TIE2,KIR3DL1,KDR,CHRM1,ATF2,NTF4,CCL17,SLC2A4,VEGFC,BACH1,ADRA1A,AIF1,GPX4,LDHA,HSPH1,CLOCK,NDUFA3,PDK4,HADHB,XBP1,CASP8,REG1B,ACHE,NDUFA6,VWF,NDUFA2,SELE,GCLC,TPH1,EIF2AK3,NELFCD,GAPDH
CCL26,BECN1,GABRA1,CD68,GPX2,CASP9,SELENOTP1,RAD52,MOG,CXCL6,KEAP1,MAPK1,SQSTM1,SELL,GPX3,HSPA4,TXNRD1,BRCA2,PDL1,ATP1A1,ISG15,IFNA16,HSP90AB1,IL5RA,NRF2,MRC1,SCN1A,GAD1,OLIG1,COMT,TXN,PIK3CDP1,EDN1,KEAP1,STAT1-AS1,B2M,PFKM,NR1D1,DDC,NOS1,SLC6A7,IL4,SLC66A1,CD68,CPT1A,CHRM4,SDHA,OGG1,IRAK4,ATP5F1D,SYN2,POMC,HTR1A,ATP5F1D,DRD1,TFEB,GDNF,PDK1,BCL2,UQCRFS1,PPARGC1A,PINK1,GABBR1,AP2B1,GRIN2A,ATF4,BCL2,LAMP1,PECAM1,KLRC1,FLT1,CHRM2,CREB1,GDNF,IL21R,HK1,FLT1,TXN,ADRA2A,SLC6A4,CAT,LDHB,NQO2,PER1,COX6B1P3,LDHA,ETFA,DDIT3,CASP9,REG1A,CHRNA7,NDUFA7,SERPINE1,NDUFA9,SELP,GCLM,TPH2,ERN1,CDC25B,ALDOA
CD79B,MAP1LC3B,GABRB2,CCL25,GPX3,PARP1,SELENOP,SARM1,C4B,IRF1,HMOX1,MAPK3,ULK1,ITGAM,GPX4,HSPA5,PRKAA1,RAD51,CD40,ATP2B1,MX1,IL18,HSPA1A,CD200,SOD1,ARG1,SCN5A,GRIN1,OLIG2,DBH,TXN2,PIK3CD-AS2,ICAM1,HMOX1,STAT4-AS1,ALB,GAPDH,RORA,SLC6A4,NOS2,MAP4K3,IL13,HSPA5,TLR4,SLC2A1,CHRM5,ATP2A3,APEX1,TRAF6,NDUFB7,GRIN1,FKBP5,HTR2A,NDUFB10,DRD2,LAMP1,CNTF,PDK4,BAX,NDUFB8,PPARGC1B,VCP,HSPA1A,TAC1,VEGFA,ATF6,BCL2L1,CTSD,CDH5,KLRC2,PECAM1,CHRM3,AKT1,NTRK1,IKBKB,HK2,KDR,TXN2,CHRM1,SLC6A3,NFE2L2,ACTB,PRDX5,PER2,UQCRH,LDHB,ETFB,EIF2AK3,FAS,AFF2,GPX4,NDUFA8,PLAT,NDUFB1,PECAM1,TXN,ACSL1,ATF6,CDS2,TPI1
IL32,TP53,GABRG2,CD180,GPX4,ATM,SELENOKP1,ARHGAP33,C4A,IL1B,HMOX2,MAPK8,MTOR,PRF1,GSR,HSPA8,MTOR,XRCC1,CD40LG,SLC6A4,IFIT1,IL34,HSPA1B,IL11,SOD2,CHI3L1,KCNJ11,GRIN2A,AIF1,TH,TXNRD1,SLC4A1,VCAM1,NQO1,STAT5B-AS1,FGA,ENO1,BHLHE40,SLC6A2,NOS3,CD22,IL17A,ATP6V1H,TLR7,NLRP3,ACHE,ATP12A,POLB,JAK1,IL2RB,GRIN2A,SGK1,DRD2,NDUFB3,DRD3,LDHA,IGF1,CS,CASP3,NDUFS1,SOD1,HSPA5,HSPA1B,ZNF263,NOS3,XBP1,MCL1,ACE2,ICAM1,KLRD1,CDH5,ACHE,PIK3CA,NTRK2,IL7,GPI,NOS3,TXNRD1,CHRM2,SLC6A2,HMOX1,VIM,SLC6A13,CRY1,ATP5MK,PKM,SLC25A20,ERN1,FASLG,SEMA4A,GSR,NDUFA9,PLAU,SDHB,VWF,TXN2,CPT1A,PDK4,CDK5RAP1,PGK1
CD9,BCL2,SLC6A2,CD101,GSR,BRCA1,SELENOTP2,ENPP4,CASP8,IL37,NOS2,MAPK14,SIRT1,GZMA,GCLC,HSPB1,SIRT1,ERCC1,CD86,SLC6A3,IFIT2,TNFRSF14,HSPA2,IL12RB1,CAT,HSP90AA1,ATP1A1,GRIN2B,CX3CR1,DDC,NFE2L2,SLC4A7,PECAM1,GSTA1,STAT2-AS1,FGB,PDK1,NPAS2,SLC6A3,ARG1,MAP4K5,TGFB1,TNFRSF17,TLR9,PYCARD,BCHE,SIRT6,LIG3,JAK2,ATP6V1D,GRIN2B,HIF1A,ADORA1,NDUFA3,DRD4,LDHB,IGFBP3,IDH1,CASP9,NDUFS3,SOD2,C3,HSP90AA1,CX3CL1,EDN1,ERN1,CASP3,TMPRSS2,VCAM1,KLRG1,SELE,CHAT,PIK3CB,NTRK3,TNFRSF10A,ALDOA,EDN1,TXNRD2,CHRM3,TPH1,GSR,LMNA,SLC6A7,CRY2,NDUFA11,HK1,IDH2,ATF6,PARP1,XRCC6,GCLM,NDUFAF7,FGB,SDHC,THBD,TXNRD1,CPT2,LDHA,CDH20,PGAM1
CD4,BAX,ADRB1,IL6ST,GCLC,RAD51,HSPB6,SEMA3F,ENO1,TNFSF9,NOS3,AKT1,SIRT3,GZMB,GCLM,HSP90AA1,SIRT3,MLH1,CD80,SLC1A1,IFIT3,IFNAR2,HSPA4,IL2RB,GPX1,HSP90AB1,ATP2B1,GRIA1,CX3CL1,PNMT,KEAP1,SLC4A8,VWF,GSTM1,TLR1,FGG,PDK4,C3,HTR1A,ARG2,SLC7A14,CCL2,TNFRSF9,NLRP3,IL1A,SLC6A4,VDAC3,ERCC1,STAT1,CD40,GRIA1,HK2,ADORA2A,NDUFA6,HTR1A,PKM,GH1,IDH2,NOS3,NDUFV1,CAT,C4A,HSPB1,SPATA20,VWF,EIF2A,CASP8,FURIN,SELE,OAS1,SELP,NR3C1,PTEN,SYN2,NFKBIB,ENO1,EDNRA,PRDX1,MAPK1,TPH2,TXN,PPARA,GABARAPL2,TBK1,COX8A,HK2,CS,VEGFA,SIRT1,XRCC5,TXN,NDUFS2,FGA,SDHD,F3,NFE2L2,HADHA,LDHB,TNFSF13B,PKM2
CD22,BAD,ADRB2,IL2RA,GCLM,PTGS2,HSPA5,ANKIB1,ACTB,CD70,NOX4,PIK3CA,HSPA1A,FAS,PRDX1,HSP90AB1,PPARA,MSH2,ITGAM,SLC1A2,BCL2,IFNGR2,HSPA5,NFKBIA,GSR,HSPA1A,LDHA,CACNA1A,TREM2,ADRB1,HMOX1,TGFBR3,NDUFAF7,GSTP1,TLR2,CRP,PDHB,C4A,HTR2A,ADRB1,SLC25A39,CCL5,SLC4A8,IL1B,MYD88,HTR1A,CXCL2,DDB2,STAT3,NDUFAF5,GRIA2,PFKM,GABA,NDUFB6,HTR2A,PDK1,PRL,OGDH,EDN1,PPARGC1A,GPX1,C4B,BAX,CACNA1G,PECAM1,EIF2AK3,CASP9,NRP1,SELP,OAS2,ICAM1,POMC,MTOR,SNAP25,CD37,PGAM1,EDNRB,PRDX3,MAPK3,DDC,KEAP1,PPARG,SLC18A1,MAVS,BDNF,PFKM,FH,FLT1,SIRT3,ATP2B4,TXNRD1,NDUFS3,PROC,UQCRC1,PLAT,KEAP1,HADHB,PKM,CDADC1,LDH
CD6,CASP3,ADRA1A,IL15RA,GSS,ALOX5,HSPB11,CYP51A1,ITGAM,TNFSF14,NCF1,MTOR,HSPA1B,BCL2,PRDX2,ATG5,PPARG,GADD45A,ITGAX,AQP4,BAX,TNFRSF13C,HSPA8,CD40,TXN,HSPA1B,PKM,SCN1A,TYROBP,ADRB2,NOS2,SLC4A4,CD38,BDNF,TLR3,SAA1,TKT,CFH,DRD2,ADRB2,CD6,CXCL8,ATP9A,IL18,EIF2AK2,HTR2A,ATP8B1,XPA,IRF3,TNFSF13B,GABRA1,GAPDH,GLUT1,ATP5ME,HTR3A,PDK4,TSH,SDHA,VEGFA,TFAM,GPX3,C5,BCL2,TNFRSF12A,ICAM1,DDIT3,APAF1,DPP4,MMP2,OAS3,VCAM1,CRH,RPS6KB1,STX1A,IL4I1,TPI1,ANGPT1,PRDX5,MAPK8,DRD1,NOS2,PPARGC1A,SLC6A16,TYK2,NDUFAF3,PFKL,MDH2,KDR,VEGFA,MPV17,PRDX2,NDUFS4,PROS1,UQCRC2,SERPINE1,HMOX1,ACADM,HK1,CCL22,IDH1
IL20RA,CASP8,ADRA2A,CD36,NQO1,LTA4H,HSPB1,KRIT1,CD163,CD93,NCF2,TP53,HSPB1,BCL2L1,PRDX3,ATG7,PPARGC1A,DDIT3,CD68,TRPM3,CASP3,IL6R,HSPA9,TNFSF13B,PRDX1,HSPA4,HK2,SCN9A,SYN2,ADRB3,NOS3,TRPM3,HSPB6,NGF,TLR5,ORM1,TALDO1,CFB,ADRA1A,ADRB3,SLC30A9,CXCL10,IL17RB,CASP1,OAS1,HTR3A,C1QTNF3,CSB,IRF7,CCL22,GABRB1,ENO1,GLUT4,NDUFB8,HTR7,CS,T3,SDHB,FLT1,NRF1,GPX4,CFH,BCL2L1,DLX6,VCAM1,PPP1R15A,CYCS,IFITM3,MMP9,OASL,VWF,CRHR1,TP53,VAMP2,LILRB1,GAPDH,ANGPT2,BDNF,MAPK9,DRD2,NOX4,SIRT1,DRD4,IFIH1,NDUFV2,PFKP,OGDH,ANGPT1,FLT1,DPEP1,PRDX3,NDUFS5,THBD,CYC1,PROC,NQO1,ACADVL,HK2,CCL17,IDH2
CD74,CASP9,CHRM2,CD63,HMOX1,PTGES,HSPA8,LAP3,TUBB,IRF3,COMT,BCL2,HSPB6,MCL1,PRDX5,ATG12,HIF1A,ATF4,CD163,TRPV1,CASP8,TNFSF13,HSPB1,CCL22,KEAP1,HSPA5,PFKM,KCNQ2,SNAP25,ADRA1A,MPO,SLC4A11,NDUFAB1,NTRK2,TLR6,HP,PCK1,C1QA,ADRA2A,ADRA1A,COX15,CXCL9,PRDM1,ASC,MX1,SLC6A3,CD82,TERT,IFNA1,CCL17,HTR1A,PCK1,MCT1,NDUFA7,NR3C1,IDH2,T4,FH,KDR,POLG,GSTA1,CFB,CASP3,MAP3K9,ATG5,CALR,DIABLO,MX1,TIMP1,MX1,TP53,AVP,MDM2,GRIN1,LILRA1,PGK1,TEK,NGF,MAPK14,DRD3,NOX5,SIRT3,SLC6A15,DDX58,COX14,ENO1,SUCLA2,ANGPT2,KDR,PLA2G2A,PRDX5,NDUFS6,TFPI,CYCS,PRKAA1,ADRA1A,ETFDH,PFKM,ACD,OGDH
NLRP2,CASP10,CHRM3,CD164,PRDX1,PLA2G4A,HSPA9,HS3ST1,CFI,STAT5A,DRD1,BAX,NOS2,BAX,PRDX6,ATG16L1,VEGFA,ATF6,ARG1,TRPA1,CASP9,IL23R,HSPB2,CCL17,HMOX1,HSPA8,GAPDH,P2RX7,STX1A,ADRA1B,BDNF,TGFB2,CDC27,NTRK1,TLR7,APCS,PCK2,C1QB,ADRB1,ADRA1B,IL20RA,CX3CL1,ATP11B,CD11b,ISG15,DRD1,ACOX3,CDKN2A,IFNB1,IL21R,HTR2A,FBP1,MCT4,NDUFAB1,NR3C2,IDH3A,FSH,MDH2,ANGPT1,SIRT1,GSTM1,C1QA,CASP8,RALA,ATG7,CANX,XIAP,OAS1,TIMP2,MX2,BCL2,MAPK1,CDKN1A,GRIN2A,IL27RA,CPT1A,PECAM1,GDNF,AKT1,DRD4,NOS1,DVL2,HTR2A,TRIM25,COX5A,ENO2,SDHB,TEK,NOS3,NFATC3,NOS2,NDUFS7,SERPINC1,MT-CO1,PRKAA2,ADRA1B,SLC25A20,PFKL,CCDC113,SDHA
CD44,PRKAA1,ACHE,IL6,PRDX2,TBXAS1,HSPE1,AOC1,TLR2,IL22,DRD2,CASP3,NOS3,BAK1,TXN,BECN1,LDHA,XBP1,NOS2,MAPK1,FAS,IL20,HSPB6,IL21R,NQO1,HSPB1,ENO1,TRPV1,VAMP2,ADRA2A,NGF,ITPR3,TNFRSF12A,GDNF,TLR8,CFH,GCK,C5,ADRB2,ADRA2A,SLC11A1,SLC22A16,ATP2B4,CD11c,CD14,DRD2,SIRT4,RB1,ISG15,CD276,DRD1,NAMPT,LDHA,NDUFB2,CRHR1,OGDH,LH,ACO2,ANGPT2,SIRT3,GSTP1,C1QB,FAS,BAIAP2L1,BECN1,PDIA4,BIRC3,ISG15,COL1A1,ISG15,BAX,MAPK3,BCL2,GRIN2B,ILVBL,CPT2,CDH5,NTF3,AKT2,HTR1A,NOS3,WNT16,SLC6A2,OASL,CYC1,ENO3,ACO2,NOS3,EDN1,RPS6KB1,NOS3,NDUFS8,INS,MT-CO2,MTOR,ADRA2A,PPARA,ENO1,MLYCD,FH
IL17RB,PRKAA2,CHAT,IL10,PRDX3,PTGIS,HSPA2,WNT16,TLR10,IL17B,DRD3,CASP8,VEGFA,BAD,TXN2,MAP1LC3A,PKM,HSPA5,IDO1,MAPK3,BECN1,IL24,HSPB8,CD276,GCLC,HSPD1,NLRP3,ASIC3,NSF,ADRA2B,NTRK2,MMP9,CCL26,GFAP,TLR10,C3,ALDOA,CD55,BDNF,ADRA2B,CD74,ABCB5,DNAJC25,CD123,CD163,DRD3,NDUFB2,E2F1,MX1,ATP8B4,DRD2,NMNAT1,LDHB,NDUFA9,CRHR2,SDHA,DHEA,GLUT1,TEK,AMPK,NQO1,C1QC,FASLG,KDM7A,MAP1LC3B,VEGFA,PARP1,RSAD2,COL3A1,ISG20,CASP3,MAPK8,BAX,GRIA1,TGFB1,ACADM,VWF,SLC6A4,AKT3,HTR2A,MPO,AIM2,GRIN2D,IFITM1,ATP5F1EP2,GAPDH,IDH3A,EDN1,EDNRA,RPS6KA1,NOX2,NDUFB1,IGF1,MT-CO3,AKT1,ADRA2B,PPARG,GAPDH,CDIPT,MDH2
CD84,SIRT1,TRPM3,IL36G,PRDX5,CYP2E1,HSPA12B,HECW1,TLR1,TNFRSF19,DRD4,CLOCK,VEGFB,CASP3,TXNRD1,MAP1LC3B,HK1,HSP90AA1,IL12A,MAPK8,ATG5,REL,HSF1,IL7,GCLM,HSPE1,CASP1,HSP90AA1,NRXN1,HTR1A,SNAP25,TGFB1,COX10,MBP,TLR2-AS1,C4A,TPI1,CD59,NGF,DRD1,SLC7A9,SLC25A13,SLC2A3,CD303,CD68,DRD4,TGFB2,CCND1,OAS1,IL7,COMT,PARP1,PDK1,NDUFB5,POMC,FH,TESTO,GLUT4,PECAM1,MTOR,HMOX1,CD55,TP53,ETV1,SQSTM1,VEGFB,ATM,IFIT1,FN1,EIF2AK2,CASP9,MAPK14,CASP3,GRIA2,CD33,ACADL,THBD,SLC6A3,MTOR,ADRA1A,PRDX3,HSPA5,SLC6A4,IFITM3,NDUFB1,PGAM1,ME2,ICAM1,ACE,EIF4E,CYBB,NDUFB2,GH1,MT-ND1,PIK3CA,ADRB1,SREBF1,PGAM1,IL21R,CS
CD5L,SIRT3,TRPV1,IL1RN,PRDX6,EPHX1,HSPBP1,MAD1L1,TLR6,IRF5,DRD5,ARNTL,FLT1,CASP8,TXNRD2,SQSTM1,HK2,HSPA1A,IL12B,MAPK14,ATG7,TNFAIP8L2,HSF2,TNFRSF10A,SLC7A11,HSF1,IL18,HSP90AB1,BDNF,HTR1B,DRD2,TGFBR1,CDKL3,MOG,TLR7-AS1,C5,VEGFA,CR1,GDNF,DRD2,SLC45A4,SLC4A1,PRDM6,CD304,EPAS1,COMT,SIRT1,CDK4,EIF2AK2,TNFRSF10A,HSPB6,CD38,PDK2,NDUFAF1,MC2R,MDH2,E2,HK1,CDH5,ULK1,PRDX1,ICAM1,ATF4,AGK,CD19,KDR,ATR,DDX58,LAMA1,MAVS,HSPA1A,AKT1,CASP8,DRD1,LILRB5,ACADVL,PROCR,DRD2,PTEN,ADRA2A,PRDX5,HSP90AA1,SLC6A12,TNFRSF1A,UQCR10,IDH1,PC,VCAM1,ACE2,EIF4EBP1,MAPK3,NDUFB3,POMC,MT-ND2,MAPK1,ADRB2,FASN,ACSL1,CD276,ACO2
IL4R,SIRT5,TRPA1,IL36A,TXN,UCP1,HSPD1,LASP1,TLR5,CD68,SLC6A3,PER1,KDR,CASP9,NQO1,WASF3,PFKM,HSPB1,IL23A,MAP2K1,MAP1LC3B,IL17RE,NDUFAF7,NFKBIB,MT1,ATF4,IL1A,HSPA1A,NGF,HTR2A,HTR1A,CLEC4A,NOS2,MAG,TLR3-AS1,CFB,KDR,IL1R1,NTRK1,DRD3,CD44,ABCB4,SLC6A16,IRF7,ENO1,TPH1,ATP5F1D,MYC,CD14,CD37,UPF1,NNMT,PDK4,ATP5MC2,FKBP4,ACO2,PROG,HK2,SELE,BECN1,PRDX2,VCAM1,DDIT3,ALDH3B1,CD14,FLT1,CHK1,MAVS,ITGA4,STING1,HSPB1,AKT2,CASP9,DRD2,JAK3,HADHA,SELE,HTR1A,TP53,COMT,GSS,HSPB1,HTRA2,TNFRSF1B,NDUFA12,IDH2,PCK1,SELE,AGT,EIF2AK4,MAPK8,NDUFB4,CRH,MT-ND4,MAPK3,COMT,SCD,CPT1A,IL7,SUCLG1
CXCL2,PPARA,P2RX7,IL36RN,TXN2,UCP2,HSPB8,SNX11,TLR12P,CCL25,SLC6A4,PER2,EDN1,CASP10,HMOX1,TGM2,PFKL,DNAJB1,IL27,MAP3K1,SQSTM1,IL17RC,CD38,CD37,MT2,ATF6,S100A8,HSPA5,GDNF,HTR3A,HTR2A,SLC4A9,CD79B,SLC6A4,COX10,CFD,NOS3,IL6R,NTRK2,DRD4,TNFRSF1B,ABCC8,CASP8,IRF3,GAPDH,TPH2,NDUFB7,PTEN,CD16,IL4I1,HSPA1A,QPRT,CS,NDUFB4,FKBP5,HK1,MEL,GPI,SELP,ATG5,PRDX3,SELE,EIF2AK3,TTC22,HLA-A,NOS3,CHK2,STING,ITGB1,CGAS,HSP90AA1,PIK3CA,HSP90AA1,DRD3,CCL24,HADHB,SELP,HTR2A,MDM2,CACNA1C,GCLC,HSPB6,GRIN3B,IL1R1,NDUFA6,IDH3A,G6PC,SELP,AGTR1,PPP2CA,MAP2K1,NDUFB5,NR3C1,MT-ATP6,MAPK8,DBH,ACACA,CPT2,TNFRSF10A,VDAC1
IL12RB2,PPARG,CACNA1C,IL36B,TXNRD1,PPARA,PDK1,TMEM176A,ATP2C1,DLG4,HTR1A,CRY1,EDNRA,APAF1,NFE2L2,SERPINA1,GAPDH,CALR,CSF2,PTEN,CCL2,IL15,NDUFAB1,IL4I1,FTH1,XBP1,S100A9,HSPA8,CNTF,HTR4,ADRA2A,SLC4A3,CDK11A,HTR1A,COX11,MBL2,EDN1,IL10RA,CREB1,DRD5,BCLAF1,COX10,ATP2C2,MX1,CS,DDC,ATP6V1D,AKT1,CD25,IL27RA,HSPA1B,NADSYN1,IDH1,NDUFA8,HSP90AA1,HK2,SERO,PFKM,ICAM1,ATG7,TXN,SELP,ERN1,PHTF2,HLA-B,EDN1,TP53,NLRP3,ACTA2,CACNA1C,ATF4,PIK3CB,HSP90AB1,DRD4,TGFBR1,ECH1,ICAM1,COMT,CDKN1A,GRIN1,GCLM,ACE,GRIA2,IL6R,NDUFA4L2,IDH3B,SLC2A1,VWF,VWF,PPP2R1A,MAP2K4,UQCRC1,HSD11B1,SOD1,MAPK14,TH,HMGCR,ACADM,NFKBIB,ANT1
CD59,PPARGC1A,SCN9A,IL1F10,TXNRD2,CPT1A,HSPA13,M6PR,ATP1A2,CD180,HTR2A,CRY2,EDNRB,DIABLO,KEAP1,APOE,ENO1,CANX,CSF1,BCL2,CCL5,IL3,MAP3K14,IL27RA,FTL,ERN1,CRP,HSPB1,IGF1,HTR7,ADRB1,SDHB,IL32,HTR2A,COX14,SERPING1,EDNRA,TNFRSF1A,CAMK2A,HTR1A,SLC39A9,SLC13A2,SLC12A2,OAS1,MDH2,SCN1A,NFKBIA,PIK3CA,CD28,CD79A,HSPA5,SIRT2,IDH2,NDUFB9,HSP90AB1,GPI,DOPA,ALDOA,VCAM1,LC3B,TXN2,ITGAM,XBP1,CCL26,HLA-C,EDNRA,MDM2,IL18,MYH11,CACNA1S,XBP1,PTEN,HSPA1A,DRD5,TNFSF8,ACAA2,VCAM1,GAD1,BCL2,GRIN2A,TXN2,AGT,HTR5BP,IL10RA,NDUFA13,CS,SLC2A4,THBD,ICAM1,PRKCD,MAP3K5,UQCRC2,STAR,SOD2,HIF1A,DDC,LDLR,HADHA,CD37,UCP2
CD82,HIF1A,ATP1A1,TLR4,PDK1,ACADVL,HSPA4L,CYP26B1,ATP6V0A1,CD101,HTR3A,CPT1A,ACE,CFLAR,NOX4,COMT,ENO2,PDIA3,CCL3,BAX,CXCR4,IL22RA2,CACNG3,CD79A,TF,EIF2AK3,CD14,HSPD1,IGF2,PDK1,ADRB2,TGFB3,MAPK8IP2,TPH1,COX15,MASP2,VCAM1,IFNGR1,TP53,HTR1B,SLC4A7,MGST1,SLC9A3R2,ISG15,ACADVL,SCN2A,CD40,MTOR,CTLA4,CD33,HSPA8,SIRT6,OGDH,NDUFAF2,HSPA1A,PFKM,NOREPI,TPI1,LDHA,SQSTM1,KEAP1,ITGAX,ATF6,FARP2,HLA-DQA1,VCAM1,CDKN1A,GSDMD,CNN1,KCNQ1,DDIT3,MTOR,HSPA1B,HTR1A,PDLIM1,HMGCL,F2,GAD2,BAX,GRIN2B,TXNRD1,AGTR1,SLC6A6,IFNGR1,COX8C,ACO1,INSR,F3,VCAM1,PRKCQ,PIK3CA,UQCRB,CYP11A1,CAT,EPAS1,HTR1A,APOE,BDNF,IL4I1,UCP3
CD209,VEGFA,IFNA1,IL33,PDK2,HADHA,HSPA12A,ICA1,ATP6V1H,IL6ST,ADRA1A,CPT2,AGT,BID,NCF1,MTHFR,PGAM1,P4HB,CCL4,BAD,CXCL8,IL31RA,CACNA1G,CD33,TFRC,DDIT3,CD69,HSF1,VEGFA,PDK2,CHRM3,TGFBI,CD9,TPH2,COX16,C1Q,ICAM1,TGFB1,BCL2,HTR2A,MAP2K3,SLC6A13,NDUFB4,IFIT1,SLC16A1,SCN3A,NDUFAF5,RPTOR,PD1,ATP1A3,HSPB1,TPH1,SUCLA2,NDUFAF3,HSPA1B,ALDOA,EPI,PGM1,LDHB,PINK1,GCLC,CD44,ADRB1,USH1C,HLA-DQB1,ICAM1,CDKN2A,AIM2,TAGLN,KCNH2,HSPA5,RPS6KB1,HSPB1,HTR1B,CXCL12,HMGCS2,F3,SLC1A2,CASP3,GRIA1,TXNRD2,CLOCK,SLC6A11,IFNAR1,NDUFA4,ACO2,IRS1,PLAT,SELE,RAC1,PIK3CD,SDHA,CYP21A2,GPX1,VHL,HTR1B,APOB,NGF,CCDC130,PINK1
IL5RA,EPO,IFNB1,IL11RA,PDK4,ACADM,HSPBAP1,DBNDD1,ATP9A,IL15RA,ADRA2A,HADHA,AGTR1,PDK1,NCF2,CBS,ALDOA,ERO1A,CCL5,BID,CXCL10,RELL2,MAP3K9,CCL24,DMT1,CALR,IL2RA,ATF3,FGF2,PDK4,CHRNA7,C4BPA,CD22,DDC,COX17,IGF1,SELE,TGFBR1,BAX,HTR3A,TIMP2,SLC6A7,GSTO2,STAT1,CCL26,SCN9A,TNFSF13B,EIF4EBP1,PDL1,ATP4A,HSP90AA1,TPH2,FH,ATP5MF,HSPA4,TPI1,GABA,PKLR,PKM,PRKN,GCLM,CDH1,ADRB2,GGCT,IFNA1,SELE,RB1,PYCARD,EDNRB,SCN5A,C1QA,EIF2AK3,HSPA5,HTR2A,CSF3,BDH1,PLAT,GFAP,CASP8,GRIA2,ADRB1,PER1,NGF,IFNAR2,COX20,OGDH,AKT1,SERPINE1,SELP,CDC42,PIK3R1,SDHB,ACTH,GPX4,EGLN1,HTR2A,LPL,NTF3,LILRB1,PARKIN
NLRP1,MTOR,MX1,CCL21,LDHA,ECHS1,HSPB3,ALS2,ATP11B,CD36,ADRB1,ACADM,CALCR,PDK2,NOS2,SUOX,MAPK1,HYOU1,CXCL8,CASP3,IL12A,TNFRSF11B,CCL26,TNFSF8,FPN1,ADRB1,CTLA4,ATF4,ADRB1,PDP1,GAD1,C4BPB,CD6,COMT,COX18,GH1,SELP,CCR2,BAK1,HTR4,SLC18A1,SLC7A14,SLC9A3,STAT3,IL32,CACNA1A,CCL22,RPS6KB1,TIGIT,ATP13A1,HSP90AB1,DDC,MDH2,NDUFAF4,HSPA5,GAPDH,GLUT,G6PD,HK1,MFN1,GSS,PECAM1,ADRA1A,DBF4,IFNB1,SELP,E2F1,CLOCK,NOS3,SCN9A,C1QB,EIF2AK4,HSF1,SLC6A3,CCL7,OXCT1,SERPINE1,AIF1,CASP9,HSP90AA1,ADRB2,PER2,HTR1B,CPT1A,ACOXL-AS1,SUCLA2,MTOR,BCL2,PECAM1,RHOA,RPS6KB1,SDHC,AVP,GSR,SLC2A1,HTR3A,ADIPOQ,GDNF,LILRA1,MFN1
CD200,ULK1,OAS1,IFNA21,LDHB,HADHB,HSPB2,TFPI,ATP2B4,CD63,ADRB2,ACADVL,MAPK1,PDK4,NOS3,NOS2,MAPK3,PERK,CXCL9,CASP8,IL12B,IL25,COX10,CXCL12,HEPC,ADRB2,PDCD1,ATF6,ADRB2,PDP2,GABRA1,LRRC4B,COX15,DRD2,COX19,INS,VWF,CXCR4,CASP3,HTR7,SLC66A1,SLC25A39,CD84,JAK1,IL20RA,CACNA1C,CCL17,AMPK,LAG3,ATP6V0A4,ATF3,TH,ACO2,ATP5MG,HSPA8,ENO1,ACH,PGAM1,HK2,MFN2,GSR,IL1R1,ADRA2A,TBXA2R,IKBKB,VWF,MYC,BMAL1,PTGS2,TRPM3,C3,ATF4,INS,SLC6A4,CCL2,ACAT1,CRH,CX3CR1,INS,HSP90AB1,ADRB3,CRY1,HTR2B,CPT2,COX17P1,SUCLG1,AMPK,BAX,CDH5,ROCK1,PRKAA2,SDHD,OXT,GCLC,HK1,HTR4,LEP,S100B,CCDC61,MFN2
IL11,RPS6KB1,OAS2,CD72,PKM,SLC25A20,HSPA4,RBM5,ATP2C2,IL6,CHRM1,MYD88,MAPK3,IDH1,BDNF,NOS3,MAPK8,IRE1,CXCL11,CASP9,IL13,NFKBID,NOS2,CCL7,EPX,ADRB3,LAG3,XBP1,ADRB3,AK1,GABRB2,CRP,IL20RA,SLC6A3,COX20,LEP,THBD,SCN5A,CASP8,COMT,MAP4,SLC30A9,TNFRSF1A,JAK2,IL17RB,KCNJ11,ANTKMT,STK11,TIM3,CCL24,ATF4,DBH,ACLY,NDUFAF5,HSPB1,SLC2A1,HIST,BPGM,G6PD,OPA1,G6PD,IL6R,CHRM2,IFRD1,IL1R1,THBD,JUN,PER1,PTGES,TRPV1,C4A,ATF6,INSR,IFNA1,CCL8,SLC16A1,CRHR1,CX3CL1,INSR,HSPA1A,ADRA1A,MMP2,GABARAPL1,ACLY,COX20P1,SUCLG2,PPARGC1A,BAK1,THBD,PAK1,XBP1,PDK1,LEP,GCLM,HK2,SLC6A2,LEPR,GFAP,IL27RA,OPA1
IL12RB1,NDUFAF7,OAS3,IRF4,HK1,CLOCK,HSPA6,MTMR7,ATP11A,IL10,CHRM2,PTGS2,MAPK8,IDH2,NGF,PTGS2,MAPK14,GRP78,S100A8,APAF1,IL15,IL7R,CD79B,CCL8,MPO,ADRA1A,CCL2,DDIT3,ADRA1A,AK2,GRIN1,WASF3,ATP2C1,SLC6A2,COX4I2,ADIPOQ,F3,CACNA1C,CASP9,DBH,TNFRSF17,COX15,ATP11A,SOCS1,IL4R,KCNQ1,ATP8B4,TSC1,CD38,TNFSF8,ATF6,SLC6A2,FASN,NDUFAF6,HSPB2,SLC2A3,ENDO,ENO2,PFKM,DRP1,BDNF,TNFRSF1A,CHRM3,LGALS14,IL6R,F3,FOS,PER2,ALOX5,TRPA1,C5,XBP1,IRS1,IFNA2,CCL1,SLC16A3,CRHR2,P2RX7,IRS1,HSPA1B,ADRA2A,MMP9,SLC6A3,PFKM,NDUFA3P3,FH,SIRT1,BID,F2,MEK1,HSP90AA1,PDK2,ADIPOQ,NRF2,PKM,SLC6A3,PLIN1,AIF1,ILVBL,DRP1
IL2RB,SLC7A2,EIF2AK2,TLR2,HK2,ARNTL,HSPB7,ARF5,ATP1B3,IL36G,CHRM3,ALOX5,MAPK14,IDH3A,NTRK1,MPO,AKT1,CHOP,S100A9,MAVS,IL18,IL12A,SCN4A,CCL1,LPO,ADRA2A,CCL3,EIF2AK3,ADRA1B,AK3,GRIN2A,TRPC4,ATP1A2,ADRA2A,COX5B,RETN,SERPINE1,KCNH2,FAS,PNMT,TNFRSF9,SLC11A1,DNAJA2,SOCS3,CXCL2,ATP1A1,TNFRSF10A,TSC2,CD69,CXCL12,XBP1,SLC6A3,CPT1A,NDUFAF7,HSPB8,IL1R1,CANNA,LDHB,ENO1,FIS1,NGF,IFNGR1,NOS1,COX10,IL6ST,SERPINE1,CREB1,CRY1,LTA4H,P2RX7,CFH,HSPA5,IRS2,IFNB1,TNFAIP1,AKT1,POMC,P2RY12,IRS2,HSPA4,HTR1A,TIMP2,HTR7,NDUFA4,COX5BP2,MDH1,SIRT3,CASP3,F8,MEK2,HSPA1A,PDK3,RETN,KEAP1,LDHA,SLC6A4,HSP90AA1,CX3CL1,PDCD5,FIS1
CD40,CD38,DDX58,IL18BP,PFKL,PER1,HSPA14,POLDIP2,ATP2B1,IL1RN,ACHE,LTA4H,AKT1,CS,NTRK2,C3,PIK3CA,JNK,CRP,STING1,IL21,IL13,CACNA2D2,TNFAIP1,ALOX5,CHRM1,CCL4,ERN1,ADRA2A,AK4,GRIN2B,TGFBRAP1,CD74,ADRB1,COX6A1,CCK,PLAT,ATP1A1,FASLG,ACE,NFE2L3,SLC7A9,BCL3,NF-kB,IL12RB2,ATP1A2,NFKBIB,RHEB,HLA-A,CCL7,EIF2AK3,HTR1A,CPT2,NDUFAF8,MAPK1,IL1R2,AEA,PCK1,GAPDH,VDAC1,GDNF,IL10RA,NOS3,GTF2IRD1,TNFRSF1A,PLAT,NRF2,CRY2,CYP2E1,ASIC1,CFB,HSP90AA1,GCK,IFNL1,IL2,AKT2,MC2R,NLRP3,SLC2A4,HSPA5,HTR2A,LAG3,DRD2,NDUFV1,NDUFAF4P2,MDH2,UCP2,CASP8,SCN9A,ERK1,ATG5,PPARA,CCK,HMOX1,PDK1,DRD1,HSP90AB1,CX3CR1,CCDC9,LC3B
CCL22,NDUFAB1,IFIH1,STAT4,PFKM,CRY1,HSPE1P11,PLXND1,ATP2A3,IL36A,CHAT,SERPINA1,AKT2,ACO2,GFAP,C4A,PTEN,P38,SAA1,CGAS,IL23A,IFNB1,CRY1,IL2,PTGS2,CHRM2,CCL5,INS,ADRA2B,AK5,GRIA1,SERPINA10,NDUFS1,ADRB2,COX6A2,GLP1,MMP2,SLC9A1,INS,AGT,SLC4A8,SLC45A4,ATP1B3,RELA,IL5RA,ATP1A3,TGFB1,ULK1,HLA-B,CCL8,ERN1,TRPV1,ACADVL,NDUFC1,MAPK3,IL6R,2AG,PC,SLC2A1,ANT1,CNTF,IL17RA,CLOCK,PAF1,TNFRSF1B,PLAUR,KEAP1,NR1D1,CYP1A2,ASIC3,CFD,HSPB1,PCK1,IFNL2,NEIL3,MTOR,NR3C1,NLRC4,ADIPOQ,HSPA8,HTR3A,PDCD1,ALDH3B1,NDUFV2,NDUFS3,GFAP,UCP3,CASP9,CACNA1A,ERK2,ATG7,PPARG,GLP1,NQO1,GAPDH,DRD2,HSPA1A,P2RX7,CD79A,BECN1
CCL17,SLC22A16,MAVS,IL21,PFKP,NR1D1,HSPA1B,RBM6,ATP12A,IL36RN,DBH,C3,PIK3CA,OGDH,AIF1,C4B,TP53,NRF2,SERPINA1,OAS1,TGFB1,IL16,IL32,IL10RA,PTGES,CHRM3,CXCL8,IGF1,CHRM1,PRKAA1,SLC1A2,TGFB1I1,CD44,CHRM1,COX6B1,PYY,MMP9,TRPV1,INSR,AGTR1,MAPK9,NDUFS1,SLC44A1,RELB,IL11,ATP2B1,ATP1A3,BECN1,HLA-C,CCL1,FKBP4,TRPM8,HADHA,NDUFC2,MAPK8,IL6ST,CB1,ME1,SLC2A4,CYC1,SLC6A4,IL2RA,ARNTL,VPS41,COX7A2,PRKAA1,HO1,RORA,GSTM1,MAPK1,NDUFAF7,DNAJB1,PPARA,IFNL3,IL10RA,AMPK,NR3C2,AIM2,ADIPOR1,HSPB1,HTR4,TIGIT,MDH1,UQCRB,ATP5PDP3,S100B,PINK1,APAF1,CACNA1C,P38,BECN1,SIRT3,PYY,TXNRD1,ACTB,DRD3,HSPA5,P2RY12,CD33,ATG5
IL21R,SLC25A13,TP53,CXCL9,ENO1,RORA,HSPA1A,RECQL,ATP8B1,IL36B,TH,C4A,PIK3CB,SUCLA2,S100B,CFH,BCL2,KEAP1,C3,OAS2,VEGFA,IL17D,MAPK8IP2,CD5,LTC4S,CHRNA4,CXCL10,IGFBP3,CHRM2,PRKAA2,SLC6A4,SLC4A10,IFNGR1,CHRM2,COX6B2,GHRL,ANGPT1,P2RX7,IGF1,REN,IL17RB,ABCC2,SLC12A3,IKBKG,IL12RB1,ATP2B2,ZNRF4,ATG5,TCR,TNFAIP1,KDM1A,ASIC1,HADHB,ATP5PO,MAPK14,IL10RA,CB2,ACLY,CPT1A,APAF1,SLC6A3,IL4R,PER1,ARHGAP44,COX7C,PRKAA2,NQO1,CRY1,GSTP1,MAPK3,CD38,TP53,PPARG,IFNAR1,CD81,SIRT1,FKBP5,CASP1,ADIPOR2,HSF1,DRD1,SLC7A2,ALDH18A1,KEAP1,ATP5PBP3,AIF1,PARKIN,CYCS,KCNQ1,JNK1,MAP1LC3B,SOD1,GHRL,PRDX1,B2M,DRD4,HSPB1,NLRP3,CDC37,ATG7
COX10,CDC27,BCL2,CD27,ENO2,BMAL1,HSPA1L,VPS50,JAK2,IL1F10,TPH1,CFH,PTEN,FH,S100A8,CFI,BAX,HMOX1,C4A,OAS3,CD19,RELA,CD9,CD81,CYP2E1,CHRNB2,CCR2,GH1,CHRM3,PRKAB1,COMT,NCAM1,TNFRSF1B,CHRM3,COX6C,NPY,TEK,CHRNA7,IGF1R,NPY,ATG5,SLC39A9,ATP2B1,MAP3K7,IL2RB,SLC12A1,ATP4A,ATG7,BCR,NDUFC1,POLR2J,ASIC3,DECR1,NDUFC2-KCTD14,AKT1,IL10RB,TRPV1,FASN,CPT2,BCL2L11,SLC1A2,TGFBR1,PER2,ELAC2,COX8A,MTOR,GCLC,MELATONIN,NAT2,MAPK8,HSPB6,CDKN1A,PPARGC1A,IFNAR2,IL23A,SIRT3,HSP90AA1,IL18,LEP,ATF4,DRD2,SLC22A16,PFKP,SRXN1,ATP5PBP4,CX3CR1,MFN2,XIAP,KCNH2,BCL2,SQSTM1,SOD3,VEGFA,PRDX3,YWHAZ,TP53,ATF4,PYCARD,GCDH,SQSTM1
SLC25A39,SLC4A1,BAX,IRF8,GAPDH,PER2,HSPD1P1,HSPB6,ATP5F1D,TLR4,TPH2,APOE,TP53,MDH2,S100A9,SIRT1,CASP3,NQO1,CFH,MX1,MS4A1,TNFRSF10D,SLC6A13,IL23A,CYP3A4,NOS1,CCR5,GHR,DRD1,PRKAG1,TH,TGFBR2,ATP6V0A1,ACHE,COX7A1,AGRP,CDH5,GRIN1,ADIPOQ,NPY1R,SLC2A3,ABCF2,SLC6A15,TRAF6,CCL22,SLC12A2,ATP13A1,MAP1LC3B,IGG,IL2,DHX33,SCN9A,ECH1,GAPDH,AKT2,IFNAR1,P2X7,SCD,CRH,MCL1,GABA,TBX21,PER3,SCIN,NDUFA2,AKT1,GCLM,VDR,ABCB1,MAPK14,NDUFAB1,BCL2,ADIPOQ,IFNGR1,IL26,PGC1A,HSP90AB1,IL1RN,LEPR,ATF6,DRD3,SLC25A13,PKM,GCLC,ATP5MC1P6,CX3CL1,OPA1,MCL1,ATP1A1,BAX,PINK1,CAT,FLT1,HSPA1A,UBC,MDM2,ATF6,IL1A,LILRB5,LAMP2
COX15,CCL26,CASP3,TNFRSF11A,PGAM1,CRY2,HSPD1P7,DVL2,ATP6V1D,IL33,GRIN1,APOA1,MDM2,PGD,SLC1A2,SIRT3,CASP8,GCLC,CFB,MX2,CD22,TNFRSF10C,SLC6A7,IL26,ABCB1,NOS3,ATG5,POMC,DRD2,SIRT1,TPH2,SLC4A1AP,CDH1,CHAT,COX7A2,POMC,PECAM1,GRIA1,LEP,NPY2R,SLC6A16,SLC4A7,CD5L,MYD88,CCL17,ICAM1,ATP6V0A4,SQSTM1,IGM,SOD3,LIG3,CACNA1C,ECI1,TXNRD1,AKT3,IFNAR2,ASIC3,CPT1A,CRHR1,NOXA,GRIA1,GATA3,CRY1,MYH13,NDUFA5,PIK3CA,GSR,CYP27B1,ABCC1,AKT1,CACNA1G,BAX,LEP,IFNGR2,IL17F,PPARA,HSPA1A,HSPA1A,PRKAA1,XBP1,DRD4,SLC4A1,ALDH3A2,GCLM,ATP5PBP2,P2RX7,DRP1,BCL2L1,ATP1A3,FASLG,PRKN,GPX3,KDR,HSPA1B,GUSB,CDKN1A,XBP1,IL18,JAK3,CTSD
ATP2C1,COX10,CASP8,IFNAR1,IDH1,TIMELESS,HSPD1P8,CDC27,ATP8B4,IL11RA,GRIN2A,LDLR,CDKN1A,TKT,SLC1A3,SIRT5,CASP9,GCLM,CD55,ISG15,CD27,IL20RB,MAP4K3,IL17F,ABCC1,EDN1,ATG7,CRH,DRD3,SIRT3,HSP90AA1,SLC4A2,CDH10,CRH,COX7A2L,MC4R,IFNA1,HSF1,LEPR,VIP,CASP8,SLC18A1,ATP2A3,CD1A,IL21R,VCAM1,CCL24,BNIP3,C3,IL10RA,RBM5,KCNQ1,APOE,GAPDHS,MTOR,IFNGR1,NAV1.7,CPT2,POMC,PUMA,GRIN1,RORC,CRY2,ADIPOR2,NDUFA6,MAPK1,GPX1,CYP24A1,SLC22A1,AKT2,CCL26,CASP3,LEPR,IRF1,CILK1,PPARG,HSPA1B,HSPA5,PRKAA2,EIF2AK3,DRD5,KDM1A,ENO1,FTH1,COX6A1P3,P2RY12,VDAC1,PARP1,SLC9A1,FAS,SCN1A,GPX4,NOS3,HSP90AA1,TFRC,BCL2,DDIT3,IFNA1,CDK6,CTSB
ATP1A2,CDKL3,CASP9,IL19,IDH2,MMP9,HSPA5P1,PRSS22,ATP1A3,CCL21,GRIN2B,HMGCR,BCL2,ENO1,SLC6A4,IFNA10,FAS,GSR,CD59,ISG20,CD40,IL17RA,CD22,CD83,SLC22A1,EDNRA,SQSTM1,CRHR1,DRD4,SIRT5,HSP90AB1,SERPINA12,ATP6V1H,CRHR1,COX7B,SLC6A4,IFNB1,HSPB1,PPARA,VIPR1,SLC12A2,SLC66A1,SLC24A1,CD207,IL7,SELE,TGFBR1,FUNDC1,C4A,CD5,RBM6,PIEZO1,APOA1,LDHA,RPTOR,IFNGR2,NAV1.8,HADHA,NR3C1,MAPK1,GRIN2A,BCL6,NR1D1,CDKL3,NDUFA7,MAPK3,GPX4,CUBN,CYP3A4,MTOR,COX10,CASP9,TG,IRF3,CD83,NRF1,HSPA4,HSP90AA1,SIRT1,ERN1,COMT,POLR2J,IDH3B,FTL,UQCRFS1P3,TSPO,ANT1,AIFM1,CLCN1,BIRC3,SCN9A,GSR,EDN1,DNAJB1,CD4,BCL2L1,EIF2AK3,IFNA2,CCL24,VAMP7
ATP6V0A1,SLC13A2,FAS,IL22RA1,IDH3A,MMP2,HSPD1P10,UPF1,JAK3,IFNA21,GRIA1,FASN,BAX,PKM,TPH1,IFNA11P,FASLG,GPX1,MASP2,IFIT1,CD80,IL6-AS1,MAP4K5,CCR6,UGT1A1,EDNRB,BECN1,NR3C1,DRD5,UCP1,HSPA1A,BCRP6,TNFRSF17,CRHR2,COX7B2,SLC6A3,MX1,ATF4,PPARG,VIPR2,SLC9A3R2,HSPA5,SLC12A1,CD83,IL4I1,SELP,TNFSF8,OPTN,CFB,CD81,RECQL,PIEZO2,APOB,LDHB,RICTOR,TNFRSF1A,CACNA1C,HADHB,NR3C2,MAPK3,DRD2,PRDM1,CRP,UPP2,NDUFA8,MAPK8,SOD1,GC,UGT1A1,RPS6KB1,CD79B,PARP1,TSHR,IRF5,CCR6,TFAM,HSPA5,HSPB1,SIRT3,DDIT3,TPH1,RECQL,GPI,PRDX5,NDUFB4P4,CSF1R,CYCS,IFIT1,TRPV1,XIAP,CACNA1C,GCLM,EDNRA,DPM1,CD8A,BAX,ERN1,IFNB1,PTCD1,STX17
ATP6V1H,CD79B,FASLG,CD53,CS,TIMP1,HSPE1P8,SKAP2,ATP4A,CD72,GRIA2,ACACA,BAD,LDHA,TPH2,IFNA12P,TNFRSF1A,GPX4,MBL2,IFIT3,CD86,TNFSF15,CD6,IL12B,GSTM1,ACE,NFE2L2,HSD11B1,HTR1A,UCP2,HSPA5,BCRP2,TNFRSF9,POMC,COX7C,SLC6A2,MX2,DDIT3,SLC2A1,CRH,NDUFB4,SLC4A8,SLC25A40,CD209,IL27RA,PECAM1,CXCL12,CALCOCO2,MASP2,NDUFS8,RAD52,RYR1,LDLR,GAPDHP44,PRKAA1,TNFRSF1B,KCNQ2,ACAA2,FKBP5,MAPK8,HTR1A,MAF,VDR,PRSS21,NDUFA10,MAPK14,SOD2,PTH,SULT1A1,PRKAA1,SCN4A,TRPM3,DIO1,IRF7,IL12B,POLG,HSPA8,ATF4,NOS2,TP53,TPH2,LIG3,ENO3,PRDX6,NDUFAB1P1,TREM2,BCL2,IFIT2,CD14,RIPK1,KCNA1,GSS,ANGPT1,SCYL3,CD8B,BAK1,PARP1,IFNL1,TNFSF8,SNAP29
ATP9A,DNAJC11,MAPK1,IL17RD,ACO1,COL1A1,HSPD1P16,MCUB,ATP13A1,IRF4,GABRA1,SLC2A1,CASP3,LDHB,DRD1,IFNA13,TNFRSF1B,SOD1,NLRP3,DDX58,CTLA4,RELL1,COX15,IL4,GSTP1,AGT,KEAP1,LEP,HTR2A,UCP3,HSPA8,ACRP1,MAPK9,MC2R,COX8A,ABCB1,OAS1,XBP1,SLC2A4,CRHR1,MAP2K4,SLC2A3,SLC25A3,CCR1,CCL24,CDH5,CCL7,GABARAPL2,CD55,IL23A,KRIT1,CACNA1S,PPARA,SOAT1,PRKAA2,CD38,HCN2,ECH1,C3,MAPK14,HTR2A,BATF,MTHFR,MARK4,NDUFA11,JUN,CAT,FGF23,ACE,PRKAA2,CACNA2D2,TRPV1,DIO2,IRF9,IL4,LONP1,HSPB1,DDIT3,NOS3,CDKN1A,TH,MDH1,ALDH3A1,TXN,NDUFS5P1,TYROBP,BAX,IFIT3,CD25,RIPK3,KCNJ11,KEAP1,TEK,FGR,CD3E,CASP3,ATM,IRF1,CDC37L1,VPS34
ATP11B,CDK11A,MAPK3,NFKBIZ,ACO2,FN1,HSPA8P15,HOXA11,ATP6V0A4,TLR2,GABRB1,SLC2A4,CASP7,HK1,DRD2,IFNA14,TRAF2,SOD2,IL1A,IFIH1,PDCD1,IFNL1,IL20RA,IL5,NAT2,AGTR1,BACH1,LEPR,HTR3A,C1QA,HSPB1,SERPINA11,ATP9A,NR3C1,COX8C,ABCC1,OAS2,ERN1,HK1,CRHR2,GSTO2,SLC6A16,ATP12A,CCR2,CXCL12,VWF,CCL2,WIPI2,CD59,ATP5F1B,ANKIB1,ATP2A1,PPARG,SNAPC2,PRKAB1,CCL26,GRIN1,ECHS1,C4A,AKT1,MAOA,JUN,TGFB1,PROM1,NDUFA12,FOS,PRDX1,KLOTHO,ACE2,PIK3CA,DNAJC11,TRPA1,DIO3,STAT1,IL5,CLPP,HSPB6,XBP1,VEGFA,CDKN2A,SLC6A4,MDH2,PDHX,GRIN1,ATP5PBP6,CD68,CASP3,ISG15,CD28,MLKL,ATP1A1,NQO1,PECAM1,CFH,CD3D,CASP7,ATR,IRF3,CXCL12,MTORC1
ATP2B4,IL32,CD3E,TNFAIP8,OGDH,LAMA1,HSPE1P26,MEOX1,ATP5F1B,IL18BP,GAD1,JUN,CASP8,HK2,DRD3,IFNA16,TRAF6,CAT,IL18,C3,CD274,TNFAIP8L3,ATP2C1,IL1A,COMT,REN,SLC6A4,ADIPOQ,COMT,C1QB,HSPD1,SERPINA13P,IL17RB,NR3C2,COX10-AS1,ABCG2,OAS3,EIF2AK3,HK2,POMC,NFYC,SLC12A2,SLC46A1,CCR5,CCL7,VEGFA,CCL8,EPO,FAS,IL26,ARF5,TTN,SREBP1,PKM,PRKAG1,CD79B,GRIA1,ACADM,C4B,PI3K,MAOB,JUNB,VEGFA,CCDC124,NDUFA13,MYC,PRDX3,SLC34A1,AGT,PTEN,IL32,P2RX7,NOS3,STAT2,CD86,HSP60,HSPB8,ATF6,KDR,MDM2,BDNF,FH,ALDH2,GRIN2A,NDUFA5P9,CD163,CASP9,ISG20,CD40,NLRP3,ATP2A2,PRDX2,CDH5,FUCA2,CD3G,CASP8,TP53,IRF7,CDH23,ULK1
ATP2C2,CD9,CD4,CXCL14,SUCLA2,ITGA4,HSPA8P16,THSD7A,ATP6V0E1,STAT4,SLC1A1,FOS,CASP9,GPI,DRD4,IFNA17,HSPA1A,PRDX1,AIM2,C4A,LAG3,IFNL2,ATP1A2,CCL20,MAOA,PPARA,TPH1,PPARA,DBH,C1QC,ATF3,SLC4A5,ATP11B,FKBP5,COX11P1,CYP3A4,ISG15,FOS,PKM,MC2R,SLC9A3,ABCA7,DNAJC10,CX3CR1,CCL8,VEGFB,CCL1,HIF1A,FASLG,COX6A1,POLDIP2,MYH7,SREBP2,LDHD,PPARA,IL32,CHRNA7,ACADVL,C5,PTEN,DBH,BCL2,HIF1A,CEACAM21,NDUFB1,TP53,TXN,SLC9A3,AGTR1,GSK3B,CD9,CACNA1C,VEGFA,STAT3,HHLA2,HSP70,HSF1,ERN1,FLT1,GADD45A,NGF,OGDH,GAPDH,GRIA1,NDUFB4P8,MRC1,ATG5,MX1,CD80,PYCARD,SLC9A1,PRDX3,SELE,NFYA,CD19,CASP9,CDKN1A,IRF9,CCDC6,BNIP3
NDUFB4,SLC6A13,CD8A,IL9,SUCLG1,ITGB1,HSPE1P24,RPAP3,ATP6V1A,IL21,SLC1A2,EGR1,INS,PFKM,DRD5,IFNA2,HSPA8,PRDX3,PYCARD,C4B,TIGIT,TNFAIP2,CD74,IL1R2,MAOB,PPARG,TPH2,PPARG,TH,C2,ATF4,SERPINA1,CDK14,HSP90AA1,COX6B1-AS1,CYP2D6,ISG20,JUN,LDHA,NR3C1,CD84,SLC9A3R2,IL4R,S100A8,CCL1,C1QA,TNFAIP1,VHL,BCL2,IL17F,PLXND1,ACTN2,NR3C1,TXN,PPARG,CD9,HTR1A,ETFA,CFH,GSK3B,TH,BCL2L1,MAPK1,PAFAH1B1,NDUFB2,MDM2,TXNRD1,TRPV5,REN,FOXO1,CD22,CACNA1S,FLT1,JAK1,IL1A,HSP90,DNAJB1,EIF2AK3,ANGPT1,BCL2,NTRK1,TUBA1A,ENO2,GABRA1,UQCRFS1P2,ARG1,ATG7,MX2,CD86,AIM2,ARNTL,PRDX5,SELP,STPG1,MS4A1,HSP90AA1,BCL2,STAT1,CDK5RAP3,FUNDC1
ATP11A,CD4,CD19,TNFRSF21,FH,CDH1,HSPA7,ACSM3,ATP6V1B1,CXCL9,SLC1A3,MMP9,INSR,ALDOA,TH,IFNA20P,HSP90AA1,TXN,CASP1,C5,TBX21,TNFAIP8L1,NDUFS1,IL1R1,SLC6A4,PPARD,DDC,SIRT1,DDC,C3,ATF6,CRPPA,ATP2B4,HSPA1A,COX7B2-AS1,CYP2C9,IFIT1,MYC,PDK1,NR3C2,ATG2B,NDUFB4,ACER3,S100A9,IL2,C1QB,NDUFC1,EGLN1,BAX,CD83,CDC27,CASQ1,CRH,TXN2,PPARGC1A,CD22,HTR2A,ETFB,CFB,CREB1,TPH1,BAX,MAPK3,NOS2,NDUFB5,CDKN1A,MT1A,CLDN16,MAS1,FOXO3,CD6,SCN9A,KDR,JAK2,CCL20,UCP2,BAG3,VEGFA,ANGPT2,BAX,NTRK2,TUBB,LDHB,TH,COX5BP8,NOS2,LC3B,OAS1,CTLA4,GSDMD,PER1,PRDX6,ICAM1,NIPAL3,CD14,HSP90AB1,BAX,STAT2,CCDC47,BCL2
ATP1B3,SLC6A7,NCAM1,NFKBIE,MDH1,CLDN1,HSPE1P13,REXO5,ATP5PB,POLG,BDNF,VEGFA,IGF1,GAPDH,DBH,IFNA21,HSP90AB1,TXNRD1,GSDMD,CFB,GATA3,IFNLR1,CD44,IL1RL2,HTR1A,SIRT1,DBH,SIRT3,SLC6A2,C4A,XBP1,BCRP4,CDK17,HSPA1B,NDUFB2,CYP1A2,IFIT2,DDC,PDK4,FKBP4,TNFRSF1A,GSTO2,SLC1A3,MMP9,IL10RA,C1QC,IL10RA,SLC2A1,CYTC,COX7A2,HOXA11,TNNT1,ACTH,ANGPT1,PPARGC1B,CD6,DRD2,BDNF,CFD,NFATC1,TPH2,BAK1,MAPK8,DNAH9,NDUFB6,TRPM3,MT2A,SLC12A1,APOE,ABCA1,COX15,KCNJ11,EDN1,TYK2,STAT1,UCP3,STUB1,KDR,TEK,CASP3,CRH,KRT18,ALDH5A1,DBH,ATP5F1CP1,IDO1,BECN1,OAS2,IL2,PARP1,CRY1,TXN2,VCAM1,MMP2,FCGR3A,HSPA1A,CASP3,MX1,SMARCD2,BAX
ATP2B1,CD22,CD14,IFNA5,MDH2,NR3C1,HSPA9P1,GEMIN7,ATP6V0B,IRF8,NGF,HIF1A,IGF1R,PGAM1,COMT,IFNA22P,HSPD1,MT1A,HMGB1,CFH,RORC,IFNA10,KCNG1,IL1RL1,HTR2A,SIRT3,PRKAA1,PRKAA1,SLC6A3,C4B,DDIT3,BCRP3,CDH3,HSPB1,NDUFB3,UGT1A1,IFIT3,SLC6A3,CRH,FKBP5,BCL3,SLC9A3,SLC35C2,VEGFA,IL23A,C3,CD81,LDHA,APAF1,IL12B,MEOX1,NEB,CORT,LDHC,SIRT1,IL20RA,ADRB2,NGF,C1QA,RELA,DDC,CASP3,AKT1,KIAA0100,NDUFB7,TRPV1,FTH1,AQP2,LDLR,ABCA10,IL20RA,KCNQ1,EDNRA,MX1,PLCD4,CRH,TP53,FLT1,VWF,CASP9,NR3C1,LMNB1,PFKFB4,TPH1,UQCRHP3,IDO2,SQSTM1,OAS3,IL4,ATM,CRY2,TXNRD1,THBS1,MMP9,FCGR3B,HSPA5,CASP9,MX2,CCL7,CASP3
ACADVL,SLC7A14,FCGR3A,IFNA16,GFAP,CRH,HSPD1P14,ARHGEF12,ATP10B,TNFRSF11A,NTRK1,EPO,ADIPOQ,ENO3,ADRA1A,IFNA4,HSPE1,MT2A,RAGE,CFI,C1QA,TNFRSF4,ARNTL2,IL18R1,DRD2,PRKAA1,PRKAA2,PRKAA2,SLC6A4,C5,EIF2AK3,BCRP7,ATP2C2,HSPA5,NDUFB4,NAT2,DDX58,SLC6A4,CRHR1,HSP90AA1,KCNAB2,ABCC9,SLC4A4,HIF1A,IL26,C4A,NDUFS8,PKM2,PARP1,IL4,THSD7A,VDR,AVP,SNAP29,SIRT3,CD74,OPRM1,GDNF,C1QB,JUN,ACHE,CASP7,MTOR,SLC13A2,NDUFB8,TRPA1,FTL,AVPR2,PCSK9,ABCA12,CD74,ATP1A1,EDNRB,MX2,IL1R2,ACTH,BCL2,NOS3,PECAM1,ATG5,MAPK1,ATG9A,ALDH8A1,TPH2,ATP5MFP1,KMO,KEAP1,OASL,IL5,ATR,NR1D1,TXNRD2,MMP2,TIMP1,NCAM1,HSPB1,FAS,OAS1,CCL2,CASP9
ATP2A3,SLC25A39,HLA-DRA,CD226,AIF1,POMC,HSPD1P9,SNX1,ATP7B,IFNAR1,NTRK2,IL1RN,LEP,TFAM,ADRA2A,IFNA5,CD63,FTH1,TLR2,CD55,C1QB,TNFRSF18,ATP6V0A1,IL18RAP,DRD4,PRKAA2,MTOR,MTOR,MAPK1,CFH,ERN1,CRPP1,CDON,HSP90AB1,NDUFB5,GSTM1,IFIH1,DRD2,POMC,HSP90AB1,TGFBR3,SLC44A1,CXCL2,EPO,IL17F,C4B,ATP5F1B,PDK1,ATM,IL5,SLC7A2,CYP27B1,OXT,SNAP23,SIRT5,CD44,OPRD1,CNTF,ITGB1,FOS,CHAT,CASP9,SIRT1,GAS7,NDUFB9,P2RX7,TFRC,NOS3,HMGCR,ABCA13,CD44,ATP1A2,ACE,OAS1,IL1R1,NR3C1,BCL2L1,EDN1,VCAM1,ATG7,MAPK3,ATG12,ALDH6A1,SLC6A3,ATP5PBP1,HAAO,HSP70,EIF2AK2,IL13,CHK1,KDR,GSTM1,MMP9,TIMP2,IL2RA,ATF4,FASLG,OAS2,CCL8,CYTC
SLC25A40,CD6,HLA-DRB1,IL18,CX3CR1,AVP,HSPA8P17,LYPLA1,ATPAF1,IL19,CREB1,IL2,LEPR,NRF1,ADRB1,IFNA6,CD81,FTL,TLR3,IL1R1,C3,IL17REL,MAP2K3,CD207,OPRM1,MTOR,SIRT1,AKT1,MAPK3,CFI,VCP,C4B,NDUFB4,DNAJB1,NDUFB6,GSTP1,MAVS,DRD4,NR3C1,AVP,MAPK6,SLC12A3,SLC13A1,THPO,IL12B,C5,COX6A1,CS,ATR,ATP6V0E1,SLC22A16,CYP24A1,PRL,GAPDH-AS1,VEGFA,IL17RB,GABRA1,NT3,ITGB2,MYC,NR3C1,APAF1,CASP10,TRAPPC6A,NDUFB10,CACNA1C,SLC11A2,EDN1,SREBF1,ABCA2,IL17RB,ATP2A1,AGT,OAS2,IL1RL2,NR3C2,BAX,ICAM1,ICAM1,ATG12,MAPK8,ULK1,CASP10,SLC6A2,NDUFA4P1,ADRB1,HSP90,ADAR,IL15,CHK2,VWF,GSTP1,TIMP1,ACTA2,CTLA4,ATF6,ATG5,OAS3,CCL1,APAF1
SLC25A3,SLC30A9,B2M,CCL28,CX3CL1,ACTH,HSPA8P8,ABHD14A,ATP5F1E,IL22RA1,MAPK1,IL4,PPARA,PPARGC1A,ADRB2,IFNA7,CD9,TF,TLR7,IL6R,C4A,IFNA2,FLT4,CD58,CNR1,AKT1,SIRT3,PIK3CA,MAPK8,CFB,SQSTM1,C4BPAP1,CDK13,BAG1,NDUFB7,GSTT1,TBK1,CHRM2,NR3C2,AVPR1A,SLC44A1,SLC6A15,HSPB11,G-CSF,IL4,CFH,CD83,IDH2,P53,CD86,SLC25A13,FGF23,GH,SNAP25,VEGFB,CD84,SLC6A4,NT4,ITGA4,HIF1A,NR3C2,BIRC5,NDUFAF7,MATK,NDUFS5,SCN9A,HAMP,AGTR1,SREBF2,ABCA3,DNAJC25,ATP2A2,AGTR1,OAS3,IL1RL1,FKBP5,BAK1,VCAM1,SELE,BECN1,MAPK9,ULK2,MAPK9,CACNA1A,NDUFAF8,ADRB2,HSPA5,IFIH1,IL18,P21,PECAM1,NGF,CCR2,MYH11,PDCD1,XBP1,ATG7,ISG15,TNFAIP1,XIAP
ATP12A,COX15,CLOCK,CD96,CD68,FKBP5,HSPD1P21,IL17RA,ATP8A1,CD53,MAPK3,IL5,PPARG,SIRT1,ADRB3,IFNA8,TSG101,TFRC,TLR9,TNFRSF1A,C5,RELN,ATP6V1H,CD2,CNR2,AKT2,ACTN3,SLC2A1,MAPK9,IL1R1,MAP1LC3B,BCRP1,CD84,STUB1,NDUFB8,COMT,TRIM25,CHRM3,FKBP5,AVPR1B,SLC12A3,ABCB11,ATP8B1,GM-CSF,IL5,CFI,CCR6,OGDH,P21,ATP6V1A,SLC4A1,EPO,TSH,PKM-AS1,VEGFC,CD5L,SLC6A3,NTRK1,ITGAL,VEGFA,FKBP4,CLOCK,SLC7A2,CEACAM7,NDUFS6,KCNJ11,EPO,REN,PPARA,ABCA4,NDUFB4,SLC12A1,REN,OASL,IL18R1,POMC,CASP3,SELE,SELP,MAP1LC3A,MAPK14,BCL2L1,CASP8,CACNA1C,NDUFA5P10,ADRB3,GRP78,DDX58,IL21,P27,CDH5,NTRK1,CCR5,ROCK1,CD274,EIF2AK3,ATG12,ISG20,CDR2L,PARP1
ATP8B1,IL20RA,ARNTL,CD8A,TREM2,HSP90AA1,HSPD1P6,SLC5A6,STAT5A,RORC,MAPK8,IL12A,PPARGC1A,SIRT3,GRIN1,IFNAR2,PDCD6IP,SLC11A2,MYD88,CCL2,CFH,IL1RAP,MAP4,CD48,FAAH,INSR,MYH1,SLC2A4,MAPK14,IL1R2,BECN1,NCAM1-AS1,TNFRSF1A,HSF1,NDUFB9,MAOB,CGAS,CHAT,VEGFA,OXT,MAP4K4,SLC24A1,IL12RB2,SCF,CCL20,CFB,COX7A2,SDHA,MDM2,IL1A,CFTR,EPOR,T3,GAPDH-IT1,FLT1,IL4R,SLC6A2,NTRK2,CD44,EPO,FKBP5,ARNTL,CD38,CD79B,NDUFS7,ATP1A1,EPOR,ACE,PPARG,ABCA5,CD84,SLC12A2,VWF,ISG15,IL18RAP,AVP,CASP7,SELP,C3,MAP1LC3B,MAP2K1,BAK1,SIRT2,SCN1A,ATP5MC1P8,ADRA1A,ATF4,MAVS,IL23A,CCND1,CLDN5,NTRK2,CXCR3,ROCK2,NDUFAF7,DDIT3,BECN1,SIRT1,CRACD,ATM
SLC25A24,ATP2C1,PER1,CXCL13,TYROBP,HSPA1A,HSPE1P28,MDH2,ATP13A4,IL17RD,MAPK9,IL12B,ACSL1,UCP2,GRIN2A,IFNE,RAB27A,HAMP,TRIF,CCL5,CFI,IFNL3,PER3,CD160,TRPV1,IRS1,MYH2,HK2,JUN,IL6R,MTOR,CRPPA-AS1,ATP11A,HSPD1,NDUFB10,ACHE,STING1,FLT1,KDR,OXTR,SLC6A15,SLC12A1,SLC27A5,FLT3L,IL1R2,TLR3,ATP6V0E1,FH,CDKN1A,CCL20,SLC13A2,HFE,T4,ANGPT2,KDR,CXCL2,MAO-A,NTRK3,ABCB1,SLC2A4,HSPA1A,PER1,CAMKK1,SCN4A,NDUFS8,C3,VEGFA,AGT,LPL,ABCA6,DNAJA2,AQP4,THBD,ISG20,CNPPD1,CRHBP,CASP8,VWF,C4A,SQSTM1,MAP2K2,BID,MAPK6,KCNJ10,ATP5MGP4,ADRA1B,DDIT3,TMEM173,IL27,CDK4,SERPINE1,MAOA,IL1R1,RHOA,NDUFAB1,HK1,MAP1LC3B,SIRT3,IL2,ATR
NDUFB2,SLC11A1,PER2,CD109,P2RY12,DNAJB1,HSPE1P25,ACOX1,ATP6V1F,NFKBIZ,MAPK14,IL13,CPT1A,UCP3,GRIN2B,IFNG-AS1,RAB27B,EPO,NFKBIA,CXCL8,CD46,IL27,MAPK9,CD46,TRPA1,IRS2,MYH7,PFKM,FOS,IL10RA,PRKAA1,C4B-AS1,SIRT2,MAPK1,NDUFB11,BChE,C1QA,KDR,NOS3,IFIH1,NFATC3,SLC25A40,GSTP1,TPO,IL1R1,TLR9,CD86,MDH2,GADD45A,NDUFS7,SLC16A1,HAMP,INS,ANGPTL2,FLT4,IL12RB2,COMT,CREB1,ABCC1,ACSL1,HSPA1B,PER2,HSPB6,ST7L,NDUFV3,C4A,HIF1A,NPR1,APOA1,ABCA7,CD5L,PKM,PROCR,IFIT1,CD207,ADRB1,CASP9,SERPINE1,C4B,ULK1,MAP2K4,APAF1,SIRT6,MAP3K7,COX6B1P7,ADRA1D,XBP1,ATG5,IDO1,CDK6,HK2,MAOB,IL6R,RAC1,TNFRSF12A,HK2,SQSTM1,PPARGC1A,NEIL3,CHK1
ATP5F1D,ATP1A2,CRY1,IL34,TSPO,BAG3,HSPE1P9,SLC16A1,ATP1B2,TNFAIP8,MAP2K1,IL15,CPT2,VDAC1,GAD1,IFNGR2,ARF6,EPOR,RELA,CXCL10,CD55,IFNA1,KCNQ1,TNFSF4,TRPM8,IGF1,RYR1,PKM,CREB1,TNFRSF1A,SIRT1,SLC4A1APP1,ATP1B3,MAPK3,NDUFB2-AS1,PON1,C1QB,EDNRA,EDN1,DDX58,CD5L,SLC25A3,SLCO1A2,IL3,IL1RL2,MYD88,HHLA2,ACO2,XPA,IL1R2,SLC16A3,FTH1,IGF1R,ANGPTL1,NOS1,CD59,TPH2,CAMK2A,ABCG2,CPT1A,HSPA4,CRY1,NDUFAB1,PAX6,SDHC,C4B,VHL,BNP,APOB,ABCA8,DNAJC10,LDHA,F2,IFIT2,AMPD1,ADRB2,APAF1,PLAT,C5,ULK2,MAP2K7,TNFRSF1A,BAX,TRAF6,NDUFB4P7,ADRA2A,ERN1,ATG7,TDO2,RB1,PFKM,SLC6A4,TNFRSF1A,CDC42,CCL26,PKM,ULK1,PPARA,CCDC34,CHK2
NDUFB7,CD74,CRY2,TNFRSF14,MBP,REST,HSPE1P6,PPARA,ATP8B3,CXCL14,MAP2K2,IL21,HADHA,KEAP1,GAD2,IFNK,VAMP3,HIF1A,JUN,CCR5,CD59,NFKBIL1,ATP9A,IRF6,SCN9A,IGF1R,ATF4,LDHA,ATF3,TNFRSF1B,SIRT3,TGFB2-AS1,MAPK6,MAPK8,NDUFA1,MPO,C1QC,EDNRB,VCAM1,MAVS,MAP3K13,SLC46A1,CD59,IL5,IL1RL1,MAVS,ATP6V1A,ACLY,ERCC1,IL1R1,SLC16A7,NFE2L2,LEPR,GAPDHP36,NOS2,CD82,TH,MAPK1,ACE,CPT2,HSPB1,CRY2,SLC22A16,RPUSD1,SDHD,C5,EGLN1,ANP,CETP,ABCA9,IL4R,LDHB,F3,IFIT3,CD48,ADRB3,CYCS,CRH,CFH,TFEB,AKT1,TNFRSF1B,SIRT4,REL,ATP5MC2P1,ADRA2B,EIF2AK3,BECN1,KMO,E2F1,GAPDH,HTR1A,CD14,MAPK1,COX10,PFKM,MTOR,PPARG,CCDC86,P53
SLC25A1,SLC7A9,BDNF,CD1D,MOG,HDAC1,HSPA8P18,PPARG,ATP5IF1,IL9,MAP3K1,IL22,HADHB,NOX4,GABRA1,IFNL1,VAMP8,VHL,FOS,DNMT1,UCP2,IL31,RELT,TNFAIP3,CACNA1B,LEP,DDIT3,CS,ATF4,MAPK1,FOXO1,C4BPAP2,CDC42,MAPK9,NDUFA2,EPX,C3,SELP,ICAM1,IRF3,SLC24A1,SLC1A3,CD82,IL12A,IL18R1,IRF3,CCL20,FASN,LIG4,IL1RL2,SLC2A1,PRKAA1,ADIPOQ,GAPDH-DT,NOS3,CD209,DBH,MAPK3,ACE2,ACADM,HSPE1,NR1D1,SLC25A13,RHBDF1,UQCRH,CFH,SLC2A1,ADM,LCAT,ABCB1,CXCL2,PDK1,F5,DDX58,CD46,ADRA1A,DIABLO,CRHR1,CFI,LAMP1,AKT2,CASP7,SIRT1,SOCS1,NDUFA12P1,ADRA2C,PPP1R15A,MAP1LC3A,KYNU,MDM2,PKM,HTR2C,CD16,MAPK3,IL32,PFKL,LAMP1,NR3C1,IL10RA,P21
SLC25A17,SLC45A4,NGF,CD1A,MAG,HDAC2,HSPA8P3,NAMPT,ATP6V1E1,TNFRSF21,AKT1,CSF1,GCK,NCF1,GABRB1,IFNL2,STX1A,EGLN1,MAPK1,DNMT3A,UCP3,IFNA7,KCNH2,IRF2BPL,KCNQ2,LEPR,XBP1,IDH2,EIF2AK3,MAPK3,FOXO3,C4A-AS1,ATP2B1,MAPK14,NDUFA3,LPO,C4A,F3,SELE,IRF7,SLC12A1,SLC35C2,SLC25A24,IL12B,IL18RAP,IRF7,NDUFS7,SCD,POLB,IL1RL1,SLC2A3,HSPA5,FGF21,GAPDH-AS2,EDN1,IL5RA,DDC,AKT1,ACHE,HADHA,DNAJA1,NR1D2,CDC27,LUC7L,UQCRB,CFI,LDHA,COMT,PLTP,ABCB10,CACNA1S,PDK4,PTPRC,IFIH1,ABCD3,ADRA2A,BECN1,POMC,F2,CLOCK,AKT3,ENO1,BCL2L13,SOCS3,COX5BP7,CHRM1,MAPK1,MAP1LC3B,HAAO,P73,LDHA,DRD2,CD56,MAPK8,COX15,LDHA,CTSD,HIF1A,CD5,GADD45A
ATP6V1D,CD44,VEGFA,CD1C,OLIG1,SIRT3,HSPE1P1,DPM1,ATP1A4,NFKBIE,AKT2,CSF2,HK1,NCF2,CHRNA4,IFNL3,SNAP23,EPAS1,MAPK3,DNMT3B,VDAC1,TNFRSF25,IL17RB,CD274,KCNQ3,ADIPOQ,EIF2AK3,OGDH,EIF2AK4,MAPK8,TP53,TECRP1,CDH19,AKT1,NDUFA4,TPO,C4B,SERPINE1,SELP,ISG15,SLC25A40,SLC4A4,DNAJA1,IL23A,IL17C,ISG15,PLCD4,SREBF1,TERT,IL18R1,SLC2A4,PDCD1,SIRT1,ANGPTL4,EDN2,CD200,AADC,GSK3B,ACSL1,HADHB,DNAJB1,RORA,SLC4A1,CACNA2D2,UQCRQ,CFB,PDK1,MAO,SCARB1,ABCB11,HSPB11,PDHB,ITGAM,MAVS,TNFSF4,CHRM1,ATG5,MC2R,F3,ARNTL,PIK3CA,ALDOA,MAPK1,CGAS,UQCRFS1P1,CHRM2,MAPK3,SQSTM1,QPRT,BRCA1,G6PD,DRD4,CD25,MAPK14,IL20RA,LDHB,CTSB,VEGFA,CD81,MDM2
NDUFAF5,SLC39A9,TGFB1,CD1B,OLIG2,SIRT6,HSPE1P27,SCYL3,ATP8A2,IFNA5,PIK3CA,CSF3,HK2,TXN2,CHRNA7,IFNL3P1,CD38,ARNT,MAPK8,TET1,PPIF,IL10RB-DT,ATG5,TNFSF18,GABRA2,ADIPOR1,ERN1,MDH2,EIF2S1,MAPK14,BCL2,BCRP5,CD5L,AKT2,NDUFA4L2,SPO,C5,PLAT,VWF,ISG20,SLC25A3,SLC13A1,MMP2,IL17A,CXCL6,MX1,COX7A2L,PPARA,TERC,IL18RAP,MYH16,CD274,SIRT3,LDHAP4,EDN3,IL11,VMAT2,SYN1,ACSL3,ACAT1,CRH,RORB,ITGAL,BAIAP3,UQCR10,C1QA,PKM,DBH,ABCA1,ABCB4,IL12RB2,IDH1,FCGR3A,TBK1,IRF6,CHRM2,ATG7,NR3C1,F5,PER1,PIK3CB,PFKL,MAPK3,STING1,NDUFB4P5,CHRM3,MAPK8,ULK1,GCH1,BRCA2,GLS,OPRM1,HLA-DRB1,JUN,IFNGR1,PDK1,CACNA1C,TMPRSS2,CD69,CDKN1A
SLC25A15,ATP6V0A1,,CD1E,S100B,EZH2,HSPA8P6,C1orf112,ATP13A3,IFNA16,PIK3CB,TNFRSF1A,PFKM,TXNRD1,CHRNB2,IFNL4,CCL26,LDHA,MAPK14,MTHFR,CYCS,IFNA22P,ATP11B,TNFSF11,GABRB2,ADIPOR2,CS,BCL2,DDIT3,AKT1,BAX,SLC4A1APP2,CDHR2,AKT3,NDUFA5,CAT,CFH,PLAU,C3,OAS1,SLC46A1,HSPB11,SLC15A1,IL17F,IL37,MX2,ATP6V1B1,CPT1A,DKC1,COX7A2L,VPS50,SLC2A1,AMPK,GAPDHP68,EDNRA,IL12RB1,NET,SYP,ACSL4,HMGCS2,CRHR1,IFIT1,ITGA3,TSR3,UQCR11,C1QB,ENO1,TH,NPC1L1,ABCB5,CD59,IDH2,MS4A1,HSP90AA1,FILIP1,CHRM3,MAP1LC3B,NR3C2,F7,PER2,PTEN,CD3D,CASP14,IRF1,COX6A1P2,CHRM4,JUN,MTOR,SPR,RAD51,GOT2,CACNA1C,B2M,FOS,TNFRSF1B,PDK2,CACNA1D,FURIN,IL23A,RB1
RAD52,SLC4A7,,IFNAR2,S100A8,KDM1A,HSPE1P12,FGR,ATP5MC2,IFNK,PTEN,TNFRSF1B,PKM,TXNRD2,ACHE,IFNL4P1,CD79B,PDK1,AKT1,MTR,PINK1,IFNA20P,ATP2B4,TNFRSF10B,GLRA1,CASP1,IDH1,BAX,HSPA5,AKT2,CASP3,BCRP8,ATP2A3,PIK3CA,NDUFA6,PRDX2,CFI,PROC,C4A,OAS2,MAP2K7,SLC27A5,SLC4A11,IL21,IL22,OAS1,ATP5PB,ACOX1,RTEL1,CD207,MAP3K14,SLC2A4,MTOR,LDHAL6A,EDNRB,IL2RB,DAT,DLG4,ACSL5,BDH1,POMC,IFIT2,ITGA2B,PIGQ,PRDX5,C1QC,GAPDH,DDC,FASN,ABCB6,CD82,CS,NCAM1,HSP90AB1,TNFAIP3,CHRM4,SQSTM1,FKBP5,F10,PER3,MTOR,CD3G,AKT2,IRF5,ATP5MC1P4,CHRM5,FOS,IL12A,DHFR,RAD52,TET2,SCN9A,TAP1,NFKB1,TNFRSF17,PDK4,SCN1A,DPP4,CDKN1B,E2F1
DNAJC11,GABARAPL2,,IFNGR2,S100A9,DNMT1,HSPB1P1,FUCA2,ATP6V1G1,CD226,MTOR,CD40,LDHA,GSTM1,NPPA,IFNLR1,IL32,HK2,PI3K,MTRR,MFN1,IL1R1-AS1,SLC6A16,TNFRSF8,GLRB,CASP3,IDH2,BID,HSP90AA1,PIK3CA,CASP9,WASF3-AS1,ATP12A,PIK3CB,NDUFA7,TXN,CFB,COX5B,C4B,OAS3,NFKB2,GSTP1,SLC23A2,IL22,IL17B,OAS2,CD48,HADHA,LMNA,ATP6V1B1,TNFRSF12A,IL32,MAPK1,LDHBP1,ICAM1,CD40,SERT,GRIN1,ACSL6,OXCT1,MC2R,IFIT3,TNFRSF12A,CRAMP1,TXN2,CD19,PGK1,SLC6A4,ACC1,ABCB7,DNAJA1,ACO2,CD44,HSP90B1,CSF3R,CHRM5,BNIP3,PER1,SERPINE1,CRY1,RPTOR,CD8B,CASP2,STAT2,ATP5MC1P5,COMT,MYC,IL12B,MTHFR,XRCC1,EZH2,KCNJ6,NLRP3,RELA,TNFRSF9,CS,SCN9A,CFTR,CDK2AP1,CCND1
PARP3,SLC18A1,,TNFRSF13C,HSPA1A,DNMT3A,HSPE1P16,NFYA,STAT4,IL18,RPS6KB1,SDHA,LDHB,GDNF,NPPB,IFNNP1,CD22,PFKM,MTOR,AHCY,MFN2,IL9RP3,ATP2C2,CD80,GRIN1,CASP7,MDH1,CASP3,HSP90AB1,PIK3CB,FAS,C4A,IL4R,MTOR,NDUFA8,TXNRD1,CFD,COX6C,C5,OASL,IL4R,SLCO1A2,SLC8B1,IL27,ILF3,OAS3,SDHB,EHHADH,PRKN,ATP5PB,MAP3K9,IL20RA,MAPK3,SNAP47,VCAM1,CCL22,AChE,GRIN2A,ADAM10,FASN,STAR,ISG15,CCL26,TEAD3,TXNRD2,MS4A1,PFKFB3,HTR2A,SCD1,ABCB8,NDUFB2,OGDH,CD69,HSPA1A,IRF2BPL,TH,BNIP3L,CLOCK,PLAT,CRY2,RICTOR,BTLA,MAPK8,NDUFAF7,ATP5F1AP2,DBH,TP53,IL13,IL12A,POLD1,KDM1A,GRIN1,CASP1,STAT1,IL17RB,ACO2,KCNJ11,TFPI,IL26,CDK4
HSPA5,CDH1,,CD3G,HSPA1B,TET1,HSPE1P22,STPG1,ATP1B1,CCL28,EIF4EBP1,FH,SCN1A,CNTF,NPR1,IFNW1,CD6,PKM,PTEN,ATG5,OPA1,IL6STP1,NGFR,CCRL2,GRIN2A,CASP8,MDH2,CASP8,HSPA1A,MTOR,TNFRSF1A,TECRP2,SIRT6,RPS6KB1,NDUFA9,GLRX,CD55,COX7A2,CFH,MX1,MAP2,SLC25A24,NOS1,IL35,CCL25,RSAD2,CD46,ACAA2,PINK1,CD58,COX10,IL17RB,MAPK8,SNAP25-AS1,PECAM1,CCL17,NMDA,GRIA1,ADAM17,ACC1,CYP11A1,MX1,COX10,SELE,KEAP1,CD27,G6PD,DRD2,DGAT1,ABCB9,DNAJB11,SUCLA2,CTLA4,HSPA1B,ABCD4,DBH,PINK1,ARNTL,PLAU,NR1D1,TSC1,SLC6A2,MAPK10,CD38,UQCRBP2,TH,CDKN1A,IL15,IL12B,POLE,HDAC1,GRIN2A,IL18,STAT3,NDUFB4,IDH1,KCNQ1,CFH,IFNG,CDK6
RAD51,SLC66A1,,CXCR5,HSPA2,SLC7A5,HSPE1P21,NIPAL3,ATP8B2,CD96,TP53,MDH2,SCN2A,MOG,NPR2,IFNWP15,IL20RA,ENO1,FOXO1,ATG7,DNM1L,IL21-AS1,MAP2K4,CCR2,GRIA1,CASP9,OGDH,CASP9,HSPB1,STAT1,WASF3,SERPINA15P,CDH17,EIF4E,NDUFA10,CYBB,CD46,NDUFA2,CFB,MX2,SLC35C2,ABCB1,SLC9A1,CXCL10,IL6ST,IFIT1,ATP6V0B,DECR1,BNIP3,CD2,VPS41,IL4R,MAPK14,GAPDHP66,SELE,IL21R,AMPA,GABBR1,ADAM9,SCD1,CYP11B1,OAS1,CDKL3,DNAJC11,PARK7,CD38,TKT,GABA,ATGL,ABCC1,CD209,FH,PDCD1,HSPA2,TGFB3,COMT,PRKN,DPM1,PROC,NR1D2,TSC2,SLC6A3,MAPK14,HSPB6,COX6CP15,DDC,RB1,IL18,CXCL8,LIG1,HDAC2,GRIN2B,IL1A,JAK1,TNFRSF1A,IDH2,ATP1A1,C3,CDCA3,TERT
PARP12,CDH10,,IL6R,HSPA4,SLC1A5,HSPA8P9,MYH16,ATP6V1C2,CD8A,MDM2,SUCLG1,SCN9A,MAG,AVP,IFNWP18,CD74,GAPDH,FOXO3,BECN1,FIS1,IL6R-AS1,GSTO2,TNFSF10,GRIK2,BCL2,FH,FAS,DNAJB1,STAT3,TRPM3,TGFB3-AS1,CDC14A,EIF4EBP1,NDUFA11,NCF1,CD59,NDUFA4,C1QA,RSAD2,SLC4A4,MGST2,NDUFB2,CXCL9,IL15RA,IFIT2,TNFSF4,ECH1,FUNDC1,CD48,MYH13,CARMIL1,PI3K,LDHAL6B,SELP,CD276,KAINATE,GAD1,ADAMTS1,SREBP1,CYP21A2,OAS2,CCDC124,FMO3,PINK1,IGHM,TALDO1,GLUR1,HSL,ABCC10,IL5RA,MDH2,LAG3,HSPA4,TNFSF18,MAO-A,MFN2,SCYL3,PROS1,RORA,TP53,SLC6A4,AKT3,NDUFAB1,ATP5MFP2,PNMT,E2F1,IL21,CXCL9,APEX1,SIRT1,GRIA1,HMGB1,JAK2,IL4R,IDH3A,ATP2B1,C4A,C2CD5,DDB2
DNAJC25,ATP6V1H,,CCR5,HSPA5,SLC2A1,HSPA8P11,ZMYND10,ATP10D,CXCL13,CDKN1A,DLD,CACNA1A,NCAM1,AVPR1A,IFNWP19,CD44,PGK1,SIRT3,MAP1LC3B,HSPA5,IFNA14,CD84,CD244,SLC1A2,BCL2L1,SLC16A1,FASLG,BAX,JAK1,P2RX7,TGFBR3L,CXCL2,PRKAA1,NDUFA12,NCF2,C3AR1,NDUFB1,C1QB,IFIT1,CXCL2,SLC15A1,DNAJB11,CXCL11,IL36G,IFIT3,IRF6,MECR,OPTN,CD160,CDKL3,IL12RB2,AKT1,SNAP91,MX1,IL7,MGluR5,SLC1A2,ADAMTS13,PPARA,HSD11B1,OAS3,CEACAM21,MYLIP,EIF2AK3,IGHG1,ACLY,NMDAR1,FABP4,ABCC11,CD200,GPI,TIGIT,HSPA5,TNFSF11,MAO-B,OPA1,C1orf112,CCL2,RORB,MDM2,TRPV1,BCL2L14,TNFRSF12A,COX4I1P2,STAT1,CCND1,IL23A,CCL3,OGG1,SIRT3,GRIA2,S100A8,TYK2,CXCL2,OGDH,SLC9A1,C4B,AICDA,XPC
DNAJA2,SLC4A8,,CD300LG,HSPA8,SLC16A1,HSPD1P18,ABCB5,ATP6V1B2,CD109,BCL2,DLAT,CACNA1C,NEFH,AVPR1B,IFNWP2,IL17RB,PGAM1,SIRT6,SQSTM1,HSP90B1,IL9RP1,ATG2B,TNFAIP6,SLC1A3,BAX,SLC2A1,BECN1,BCL2,JAK2,MTHFR,SLC4A8-AS1,CDH7,PRKAA2,NDUFA13,RAC2,C5AR1,NDUFB2,PTGS2,IFIT2,CACNA1S,SLC4A11,FLT3LG,CCL2,IL1RN,TP53,ATP10B,HSD17B4,SQSTM1,CD46,CCDC124,PILRA,GSK3B,ANGPTL3,MX2,CD37,CB1R,SLC6A4,ADAMTS2,PPARG,HSD11B2,RSAD2,SLC13A2,E2F2,ERN1,IGHA1,FASN,SYN1,ADIPOQ,ABCC12,IL11,ENO1,ICOS,HSPA6,TGFBI,SLC6A2,DNM1L,FGR,CCL3,RORC,CDKN1A,TRPA1,HDAC9,CCL26,ATP5PDP2,STAT2,CDK4,IL27,CCL4,MUTYH,MAVS,MAPK1,S100A9,SOCS1,IL12RB2,FH,CLCN3,SLC7A2,IL17A,ERCC1
RAD18,ATP9A,,CXCL16,HSP90AA1,SLC3A2,HSPA8P4,ATP2B4,ATP6V0D2,IL34,BAX,PDHB,KCNJ11,NEFL,REN,IFNWP4,CD84,ACLY,PGC1B,ULK1,ATF4,IFNA11P,CACNB1,IL17C,GAD1,BAK1,SLC2A4,MAP1LC3B,BCL2L1,HSP90AA1,VDR,BCRP9,CDC14B,PRKAB1,NDUFA4P1,NOX4,C1R,NDUFS3,ALOX5,IFIT3,SLC13A1,SLC23A2,CD209,CCL7,IL36A,CDKN1A,TNFAIP3,SLC25A20,MAP1LC3B,ATP6V0B,NOS2,IL5RA,FOXO1,ANGPTL7,OAS1,IL4I1,MOR,COMT,ADAMTS4,LXR,HSD3B2,DDX58,CEACAM7,PSMB1,PPP1R15A,CSF1,SCD,SNAP25,LEP,ABCC13,HSP90AB1,HK1,STAT1,HSPA8,SIL1,SLC6A3,PRKAA1,CFH,CCL4,NOS3,BAX,ASIC1,HDAC7,COX10,ATP5MC1P1,IRF3,HIF1A,IL33,CCL7,XPA,STING1,MAPK3,PTGS2,SOCS3,NDUFB2,MDH1,TRPV1,SLC22A16,IL17F,BRCA1
XRCC1,IL17RB,,TNFSF13,HSP90AB1,SLC38A2,HSPD1P5,MFN1,ATPSCKMT,TNFRSF14,CASP3,PCK1,KCNQ1,NEFM,AGT,IFNWP5,CD5L,FASN,UCP2,MTOR,ATF6,IL9RP2,ATP11A,CXCL6,GAD2,BID,SLC25A4,SQSTM1,CASP3,HSP90AB1,CYP2D6,TGFB2-OT1,HSPB11,PRKAG1,NDUFA12-AS1,DUOX1,C1S,UQCRC2,LTA4H,PDK1,HSPB11,SLC8B1,SLC26A4,CCL8,IL36RN,CDKN2A,NDUFB3,ACADVL,ATG5,TNFSF4,CD79B,IL11,FOXO3,LDHAL6CP,OAS2,IL27RA,DOR,MAOA,ADAMTS5,ABCA1,MAPK1,MS4A1,CD79B,JARID2,GADD45B,CSF2,HMGCR,STX1A,LEPR,ABCC2,IL12RB1,HK2,STAT3,HSPA9,TNFRSF10B,VIP,PRKAA2,FUCA2,CCL5,NOS2,BCL2,ASIC3,HDAC4,CD79B,ATP5MC2P3,IRF7,VEGFA,CXCL1,CCL11,XPC,PTGS2,MAPK8,IDO1,PIK3CA,IL5RA,MDH2,TRPM3,ABCB5,CILK1,BRCA2
DNAJC10,ATP11B,,IL23R,HSP90B1,SLC6A6,GAPDHP38,MFN2,ATP6V1G3,CD1D,CASP9,PCK2,ATP1A1,APP,ACE,IFNWP9,IL4R,SCD,UCP3,RPTOR,XBP1,IFNA13,KCNAB2,IRF1,TH,BECN1,HDAC1,ATG5,CASP9,HSPA1A,GSTP1,BCRP3,ATP8B1,STK11,NDUFA10-AS1,XDH,C2,UQCRB,PLA2G4A,PDK2,IL12RB2,SLC9A1,SLC26A3,HMGB1,IL36B,BCL2,NDUFA8,ACADM,ATG7,IRF6,CDK11A,IL12RB1,TP53,ANGPTL6,OAS3,CD79A,KOR,DBH,ADAMTSL1,ABCG1,MAPK3,CD79A,DNAJC11,CAMK1G,GADD45G,CSF3,SQLE,VAMP2,GHRL,ABCC3,ATP5F1D,CLOCK,STAT5A,HSPB1,PDLIM2,PACAP,SIRT1,NFYA,CXCL8,NOS1,HSP90AA1,PER3,DNMT3B,IL32,UQCRHP1,IRF9,EPO,CXCL8,TLR2,ERCC1,ALOX5,AKT1,KMO,AKT1,IL11,PRKAA1,TRPA1,SLC25A13,CD83,RAD51
XRCC5,CDK14,,IL20,HSPB1,SLC25A1,HSPD1P15,OPA1,ATP5F1A,CD1A,APAF1,GPI,ATP1A2,PSEN1,AGTR1,IL10RA,CXCL2,SREBF1,ANT1,CLOCK,DDIT3,IFNA17,ATP1B3,IL37,DBH,ATG5,HDAC2,ATG7,APAF1,HSPA1B,PON1,CATSPERG,IL12RB2,TP53,NDUFA6-AS1,AOX1,C6,SDHC,NLRP3,PDK4,NFE2L1,NDUFB2,IL5RA,RAGE,IL1F10,BCL2L1,IRF2BPL,ACADS,BECN1,ATP10B,IL32,PPIL2,BCL2,SOAT2,OASL,CD33,GABAAR,TH,ADAMTSL2,LDLR,MAPK8,CD79B,CAMK1G,CDK11A,FOS,IL1R1,SREBF1,NSF,MC4R,ABCC4,NDUFB7,ARNTL,JAK1,HSPD1,TNFRSF8,NPY,SIRT3,STPG1,CXCL10,VEGFA,HSP90AB1,CRY2,HDAC10,CD9,NDUFS5P5,MX1,SLC11A2,CXCL9,TLR3,DDB2,LTA4H,AKT2,HAAO,MTOR,IL12RB1,PRKAA2,P2RX4,CDC27,CCR6,XRCC1
KEAP1,ATP2B4,,IL24,HSPD1,SLC25A5,HSPE1P10,ST7,ATP5MC3,CD1C,HSP90AA1,ALDOA,ATP1A3,CRHR2,EDN1,IL10RB,IL12RB2,PPARA,VDAC1,ARNTL,EIF2A,IL6RP1,MAPK6,TNFSF9,DDC,ATG7,SIRT6,ULK1,INS,HSPA5,ADORA2A,CATSPERB,CD59,MDM2,NDUFA6-DT,NOS2,CD14,SDHD,IL1RN,PDHB,SLC27A5,SLC26A4,SLC17A6,TLR2,IL33,BAX,ABCD4,ACADL,ULK1,TNFAIP3,MAPK8IP2,IL2RB,BAX,TBK1,ISG15,CCL24,5HT1A,DDC,ADAMTSL3,HMGCR,MAPK9,IGHM,CDK11A,NADK,JUN,IL6R,SREBF2,MUNC18,POMC,ABCC5,CACNA1I,PER1,JAK2,HSPE1,COIL,TRPM3,PPARA,NIPAL3,CCR2,VEGFB,HSPA1A,REN,CACNA1G,CD22,NDUFB4P3,MX2,TF,CCL3,MYD88,CSB,CYSLTR1,PIK3CA,KYNU,PTEN,ATP5F1D,SIRT1,CLOCK,SLC4A1,PCDHB2,PARP2
HSPB11,CDK17,,TNFAIP8L2,HSPE1,ABCB1,HSPE1P23,CIAPIN1,ATP5PF,CD1B,HSP90AB1,TPI1,SLC1A1,POMC,EDNRA,IL10RB-DT,CD59,PPARG,CYC1,PER1,EIF2AK3,IFNA12P,ATP2B1,CD70,TPH1,ATG12,DNMT1,VEGFA,INSR,HSPA8,CACNA1S,CATSPER3,CD82,CDKN1A,NDUFAF1,ARG1,CD19,ACO2,TNFRSF1A,LDHA,SLCO1A2,SLC26A3,CD200,TLR5,IL11RA,BAK1,TGFB3,ETFA,TFEB,NDUFB3,CD9,IL21R,CASP3,MX1,ISG20,CXCL12,5HT2A,TPH1,ADAMTSL4,APOE,MAPK14,IGHG1,CYB561,TFAP2B,MAPK1,IL10RA,NR1H3,RAB3A,NPY,ABCC6,IL2RB,PER2,JAK3,ATF3,CD80,TRPA1,PPARG,ENPP4,CCR5,FLT1,HSPA1B,MTOR,SCN4A,CD6,COX11P1,OAS1,,CCL4,IRAK4,MSH2,HMGB1,PIK3R1,ACE2,BCL2,NDUFB7,SIRT3,ARNTL,ABCB4,CDH9,SIRT3
RAD54L,DNAJC25,,CXCR1,DNAJB1,,HSPD1P11,SPPL2B,ATP6V1C1,CD1E,HSPA1A,PGM1,SLC1A2,NR3C2,EDNRB,IL11,CD82,PPARGC1A,NDUFS1,PER2,CLOCK,IFNA4,MAP4K4,TNFSF14,TPH2,MAP1LC3B,TET1,KDR,IRS1,HSPB1,RYR1,CATSPER2,ACOX3,BBC3,NDUFAF2,ODC1,CD22,IDH3A,TNFRSF1B,LDHB,MAPRE3,ABCC6,SLC7A8,MAVS,CCL21,CASP3,TNFSF18,ETFB,LAMP1,NDUFA8,SLC6A13,IL7,CASP9,PKN3,IFIT1,CCL7,D2R,TPH2,ADAMTSL5,APOB,AKT1,PAX5,MGST1,TFAP2D,MAPK3,TGFB1,NR1H2,SYT1,AGRP,ABCC8,CD40,PER3,ATG5,ATF4,PILRB,TRPV1,PPARGC1B,SEMA3F,CXCR4,KDR,HSPB1,EIF2AK3,CACNA2D2,COX15,NDUFAF4P4,OAS2,,C3,TRAF6,MLH1,S100A8,PRKAA2,AGT,BCL2L1,IL2RB,DDX58,PER1,ABCC8,PCDHB3,SIRT6
DNAJA1,SLC2A3,,CD200R1,ATF4,,HSPA8P19,FAM214B,ATP5MJ,IFNAR2,HSPA5,UGDH,SLC1A3,HSD11B2,CALCRL,IL11RA,CD209,NRF1,UQCRC1,CRY1,ARNTL,TNFRSF14-AS1,SLC6A15,CD93,SLC18A2,SQSTM1,IGF1,PECAM1,IRS2,CASP3,TRPV1,CATSPERD,MAPKAPK5,PMAIP1,NDUFAF3,SMS,CD3D,SUCLA2,CD40,PKM,CD59,SLC17A6,SLC22A17,RIG-I,IL18BP,CASP7,MSANTD2,ETFDH,LAMP2,IRF2BPL,SLC6A7,IL4I1,PARP1,PKN1,IFIT2,CCL8,B2AR,HTR1A,ADORA1,LPL,PIK3CA,EBF1,MMP25,DLEC1,MAPK8,TGFBR1,PPARA,NRXN1,INS,ABCC9,DNAJC5,CRY1,ATG7,ATF6,CCRL2,P2X7,ACSL1,CFTR,MMP2,EDN1,ATF4,ATF4,TRPM5,IL20RA,ATP5F1BP1,OAS3,,C4A,RELA,PMS2,S100A9,MDM2,REN,BAX,NDUFAF5,IFIH1,PER2,TNFRSF12A,PCDHB5,FOXO1
ATRN,CDH3,,IL17RE,ATF6,,HSPA8P13,COPZ2,ATP2B2,IFNGR2,HSPB1,PYGB,SLC6A1,FKBP5,RAMP1,IL12A-AS1,IL5RA,TFAM,ATP5B,CRY2,PER1,TNFSF12,CD5L,CCR7,ACHE,BNIP3,IGF1R,ICAM1,AKT1,CASP8,NR3C1,CATSPER1,SIRT4,BCL2,NDUFAF4,SAT1,CD3E,POLG2,CD80,HK1,CD82,SLC7A8,IL11,MDA5,IL21,DNMT1,TNFSF11,SLC25A4,CTSD,CD274,RABGAP1,LILRB1,ATM,CFH,IFIT3,CCL1,M1R,HTR2A,ADORA2A,ADIPOQ,MTOR,IRF4,IL32,CYTH3,MAPK9,IDO1,PPARG,NLGN1,INSR,ABCD1,NDUFAF5,CRY2,BECN1,XBP1,CCR2,ASIC3,ACSL3,ANKIB1,MMP9,EDNRA,DDIT3,ATF6,KCNN2,ATP2C1,COX6CP2,OASL,,C5,RELB,MSH6,MMP2,CDKN1A,MAPK1,BAK1,TNFSF13B,MAVS,CRY1,CCL26,PCDHB6,FOXO3
DNAJB11,SLC6A16,,IL17RC,XBP1,,HSPB2-C11orf52,PRKAR2B,ATP5POP1,HK2,HSPD1,PYGL,SLC7A2,FKBP4,CALCR,IL12RB1,CD200,POLG,MDH2,NR1D1,PER2,TNFRSF13B,MAP3K13,STATH,CHRNA4,BNIP3L,VEGFA,VCAM1,AKT2,CASP9,MC2R,CATSPERE,NOS1,BCL2L1,,SMOX,CD28,OPA1,CD86,HK2,SLC25A24,SLC22A17,HSP90AB1,STING,CXCL9,DNMT3A,TGFBI,SLC25A5,CTSB,TNFSF18,MAP4K3,LILRA1,ATR,PKP4,DDX58,CD5,M3R,DRD2,ADORA2B,LEP,,IRF8,MAPK8IP2,ADAM22,MAPK14,IDO2,PPARD,SHANK3,IRS1,ABCD2,DNAJC3,NR1D1,MAP1LC3B,DDIT3,TNFSF10,SCN9A,CPT1A,CYP51A1,TIMP2,ACE,EIF2AK3,XBP1,CFH,ATP1A2,NDUFB1P1,ISG15,,C1QA,REL,MGMT,MMP9,BAX,AKT1,CASP3,CCL22,IRF3,CRY2,COX10,PCDHB7,HSP70
HSP90AB1,ATP2C2,,CXCL3,DDIT3,,HSPD1P2,CREBBP,ATP5MC1,TNFRSF13C,ATF4,GYS1,SLC22A16,SGK1,CALCA,IL12RB2,IL11,COX4I1,CS,RORA,PER3,TNFRSF6B,ATP2A3,STAT5A,CHRNB2,OAS1,FGF2,SELE,PIK3CA,BCL2,CRHR1,CATSPER4,CDIP1,MCL1,,AMD1,CTLA4,MFN1,CD28,GPI,MAP3K4,ATP5F1D,JAK2,cGAS,IL19,DNMT3B,TNFRSF10B,SLC25A6,GBA,TNFSF11,CD22,IL27RA,BRCA1,GCLC,IFIH1,CD81,H1R,ADRB1,ADORA3,RETN,,AICDA,CD9,SYPL1,MAP2K1,TDO2,PGC1A,PSD95,IRS2,ABCD3,CCL22,NR1D2,SQSTM1,EIF2AK3,CXCR4,NGF,CPT1B,KRIT1,TGFB1,AGT,ERN1,DDC,C8B,CD74,ATP5MGP2,ISG20,,CFB,NFKB2,ALKBH2,TIMP1,CASP8,MTOR,CASP8,CCL17,IRF7,NR1D1,CDKL3,PCDHB15,HSP90
HIF1A,CDON,,CXCL5,ERN1,,HSPD1P3,TSPOAP1,ATP13A2,CD3G,XBP1,DRD2,SLC4A1,PER1,VIP,IL13,IL12RB1,COX5A,IDH2,GAD1,CRY1,IL10RB,KCNQ2,IL22,,OAS2,TGFA,EDN1,PIK3CB,BCL2L1,GCG,CATSPER2P1,NDUFB2,BAX,,SRM,PDCD1,MFN2,ICOS,PFKM,ATG16L1,NDUFB7,IL12RB1,PARP1,IL22RA1,TET1,TNFRSF8,VDAC1,SNCA,TNFRSF10B,MAP4K5,ILVBL,XRCC1,PKN2,MAVS,CD69,H3R,ADRB2,ADRA1B,VISFATIN,,CD28,SLC6A13,CYB561,MAP2K2,ACSL1,TFAM,CAMK2A,GLUT4,ABCD4,CCL17,RORA,ULK1,ERN1,PTGFR,BDNF,CPT2,RAD52,TGFB2,AGTR1,ATF6,CYP11B2,C6,CD44,NDUFA5P1,IFIT1,,CFH,,,ICAM1,CASP9,AMPK,CASP9,IL21R,STAT1,RORA,CCDC124,IL12B,HSPA5
,,,,,,,,,,,,,,,,,NDUFS1,ACO2,,,,,,,,,,,,,,,,,,,,,,,,,XRCC1,,,,VDAC2,MAPT,,,,,,,,A1R,CHRM2,,NAMPT,,,,,,,NRF1,CREB,GCK,,,,,,,GDNF,,,,,,,,,,,,CPT1A,,,VCAM1,CASP10,,APAF1,,,,,,HSF1
,,,,,,,,,,,,,,,,,SDHA,FH,,,,,,,,,,,,,,,,,,,,,,,,,ATM,,,,TOMM20,APP,,,,,,,,A2AR,CHRNA7,,,,,,,,,POLG,BDNF,PCK1,,,,,,,S100B,,,,,,,,,,,,CPT2,,,SELE,FAS,,XIAP,,,,,,DNAJB1
,,,,,,,,,,,,,,,,,UQCRC1,SUCLG1,,,,,,,,,,,,,,,,,,,,,,,,,ATR,,,,TIMM23,PSEN1,,,,,,,,,NOS1,,,,,,,,,,ARC,G6PC,,,,,,,GFAP,,,,,,,,,,,,HMGB1,,,SELP,FASLG,,TP53,,,,,,BAG3
,,,,,,,,,,,,,,,,,ATP5A1,,,,,,,,,,,,,,,,,,,,,,,,,,P53,,,,HSPD1,APOE,,,,,,,,,NOS3,,,,,,,,,,FOS,FBP1,,,,,,,TLR4,,,,,,,,,,,,S100A8,,,FGF2,BAD,,MDM2,,,,,,HSPB1
,,,,,,,,,,,,,,,,,ANT1,,,,,,,,,,,,,,,,,,,,,,,,,,P21,,,,HSPE1,CLU,,,,,,,,,VEGFA,,,,,,,,,,,PC,,,,,,,NLRP3,,,,,,,,,,,,S100A9,,,PDGFB,,,CDKN1A,,,,,,CRYAB
,,,,,,,,,,,,,,,,,UCP2,,,,,,,,,,,,,,,,,,,,,,,,,,P16,,,,CLPP,TREM2,,,,,,,,,HIF1A,,,,,,,,,,,,,,,,,,IL18,,,,,,,,,,,,NLRP3,,,TGFB1,,,RB1,,,,,,UBB
,,,,,,,,,,,,,,,,,,,,,,,,,,,,,,,,,,,,,,,,,,,RB1,,,,LONP1,,,,,,,,,,EPO,,,,,,,,,,,,,,,,,,CASP1,,,,,,,,,,,,PYCARD,,,SMAD3,,,E2F1,,,,,,UBC
,,,,,,,,,,,,,,,,,,,,,,,,,,,,,,,,,,,,,,,,,,,E2F1,,,,AFG3L2,,,,,,,,,,EPOR,,,,,,,,,,,,,,,,,,,,,,,,,,,,,,,,,CREB1,,,CCND1,,,,,,PSMA1
,,,,,,,,,,,,,,,,,,,,,,,,,,,,,,,,,,,,,,,,,,,CDK4,,,,SPG7,,,,,,,,,,VWF,,,,,,,,,,,,,,,,,,,,,,,,,,,,,,,,,FOS,,,CDK4,,,,,,PSMB5
,,,,,,,,,,,,,,,,,,,,,,,,,,,,,,,,,,,,,,,,,,,CDK6,,,,OPA1,,,,,,,,,,ICAM1,,,,,,,,,,,,,,,,,,,,,,,,,,,,,,,,,JUN,,,MYC,,,,,,PSMD1
,,,,,,,,,,,,,,,,,,,,,,,,,,,,,,,,,,,,,,,,,,,CCND1,,,,MFN1,,,,,,,,,,VCAM1,,,,,,,,,,,,,,,,,,,,,,,,,,,,,,,,,,,,,,,,,,USP7
,,,,,,,,,,,,,,,,,,,,,,,,,,,,,,,,,,,,,,,,,,,,,,,MFN2,,,,,,,,,,SELE,,,,,,,,,,,,,,,,,,,,,,,,,,,,,,,,,,,,,,,,,,UCHL1
,,,,,,,,,,,,,,,,,,,,,,,,,,,,,,,,,,,,,,,,,,,,,,,DNM1L,,,,,,,,,,SELP,,,,,,,,,,,,,,,,,,,,,,,,,,,,,,,,,,,,,,,,,,PARK2
,,,,,,,,,,,,,,,,,,,,,,,,,,,,,,,,,,,,,,,,,,,,,,,FIS1,,,,,,,,,,PECAM1,,,,,,,,,,,,,,,,,,,,,,,,,,,,,,,,,,,,,,,,,,
,,,,,,,,,,,,,,,,,,,,,,,,,,,,,,,,,,,,,,,,,,,,,,,MTFR1,,,,,,,,,,,,,,,,,,,,,,,,,,,,,,,,,,,,,,,,,,,,,,,,,,,,
,,,,,,,,,,,,,,,,,,,,,,,,,,,,,,,,,,,,,,,,,,,,,,,INF2,,,,,,,,,,,,,,,,,,,,,,,,,,,,,,,,,,,,,,,,,,,,,,,,,,,,
,,,,,,,,,,,,,,,,,,,,,,,,,,,,,,,,,,,,,,,,,,,,,,,GDAP1,,,,,,,,,,,,,,,,,,,,,,,,,,,,,,,,,,,,,,,,,,,,,,,,,,,,
,,,,,,,,,,,,,,,,,,,,,,,,,,,,,,,,,,,,,,,,,,,,,,,SLC25A12,,,,,,,,,,,,,,,,,,,,,,,,,,,,,,,,,,,,,,,,,,,,,,,,,,,,
,,,,,,,,,,,,,,,,,,,,,,,,,,,,,,,,,,,,,,,,,,,,,,,SLC25A13,,,,,,,,,,,,,,,,,,,,,,,,,,,,,,,,,,,,,,,,,,,,,,,,,,,,
,,,,,,,,,,,,,,,,,,,,,,,,,,,,,,,,,,,,,,,,,,,,,,,GOT2,,,,,,,,,,,,,,,,,,,,,,,,,,,,,,,,,,,,,,,,,,,,,,,,,,,,
,,,,,,,,,,,,,,,,,,,,,,,,,,,,,,,,,,,,,,,,,,,,,,,GPT2,,,,,,,,,,,,,,,,,,,,,,,,,,,,,,,,,,,,,,,,,,,,,,,,,,,,