seed_1_all,seed_2_all,seed_3_all,seed_4_all,seed_5_all,seed_6_all,seed_7_all,seed_8_all,seed_9_all,seed_10_all,seed_11_all,seed_12_all,seed_13_all,seed_14_all,seed_15_all,seed_16_all,seed_17_all,seed_18_all,seed_19_all,seed_20_all,seed_21_all,seed_22_all,seed_23_all,seed_24_all,seed_25_all,seed_26_all,seed_27_all,seed_28_all,seed_29_all,seed_30_all,seed_31_all,seed_32_all,seed_33_all,seed_34_all,seed_35_all,seed_36_all,seed_37_all,seed_38_all,seed_39_all,seed_40_all,seed_41_all,seed_42_all,seed_43_all,seed_44_all,seed_45_all,seed_46_all,seed_47_all,seed_48_all,seed_49_all,seed_50_all,seed_51_all,seed_52_all,seed_53_all,seed_54_all,seed_55_all,seed_56_all,seed_57_all,seed_58_all,seed_59_all,seed_60_all,seed_61_all,seed_62_all,seed_63_all,seed_64_all,seed_65_all,seed_66_all,seed_67_all,seed_68_all,seed_69_all,seed_70_all,seed_71_all,seed_72_all,seed_73_all,seed_74_all,seed_75_all,seed_76_all,seed_77_all,seed_78_all,seed_79_all,seed_80_all,seed_81_all,seed_82_all,seed_83_all,seed_84_all,seed_85_all,seed_86_all,seed_87_all,seed_88_all,seed_89_all,seed_90_all,seed_91_all,seed_92_all,seed_93_all,seed_94_all,seed_95_all,seed_96_all,seed_97_all,seed_98_all,seed_99_all,seed_100_all
IL6,TPPP,IL10,IL1B,IL1B,GZMA,IL10,NFKBIA,SIRT1,IL6,IL6,IL6,IL10,IL2RB,IL1B,NFKBIA,CCL4,TNF,NFKB1,MAP7,TRPM3,DPM1,IL6,GZMA,IL1B,IL10,IL10,IL1B,ATP5F1A,ESRRA,IL10,IL8,NFKBIA,APP,CTLA4,IL1B,NFKBIA,DPM1,IL6,NFKBIA,IL6,IL6,IL8,TPPP,IFNG,NDUFV1,IL10,IL10,IL6,NFKB1,IFNG,DPM1,IL6,IL10,IL8,NFKBIA,ESRRA,IL10,IL10,TNFRSF1A,DPM1,TRPM3,IL1B,IL8,IL10,TRPM3,IL10,IL6,IL1B,IDO2,DPM1,IL10,IFNG,IL1B,APP,GZMA,GRIK2,IL10,IL10,IL2RB,TRPM3,ESRRA,TRPM3,IL8,IL1B,IL8,IL10,IL10,TRPM3,IFNG,IL6,NDUFA1,IL1B,IFNG,IL8,ATP5F1A,IL10,ESRRA,DPM1,IL1B
IL1B,CLEC4M,IL6,IL6,IL6,STAT5A,TNF,IFNG,SIRT3,TNF,TGFB1,TNF,TNF,CCR4,IL6,TNFAIP3,CXCR4,CD4,NFKB2,TRAC,ESRRA,SCYL3,TNF,STAT5A,IL6,IFNG,IL6,IL6,ATP5F1B,APP,TNF,NFKB1,TNFAIP3,CD74,NFKBIA,IL6,TNFAIP3,SCYL3,IL1B,TNFAIP3,TNF,TNF,NFKBIA,IDO2,IL10,NDUFV2,IL6,IL6,IL8,IL6,IL10,SCYL3,IL10,IFNG,NFKBIA,TNFAIP3,APP,IL6,IL6,IFNG,TPPP,ADRB2,IL6,NFKBIA,IL6,APP,IFNG,IL1B,IL6,TPPP,SCYL3,IL6,IL10,IL6,CD74,STAT5A,NPAS2,IL6,IFNG,CCR4,GZMA,APP,TRPM1,NFKBIA,TNF,NFKBIA,IL6,IL6,NRXN1,IL10,TNF,NDUFB2,IL6,IGHV3-23,NFKBIA,ATP5F1B,IL6,APP,SCYL3,IFNG
TNF,CCDC157,IL1B,IL10,IL10,CD74,IFNG,IL1A,IL1B,IFNG,TNF,IFNG,IFNG,HLA-DQA1,IL10,IL1B,CSF2,CD40,RELA,VARS2,APP,CFH,IFNG,IL10,TNF,TNF,IL1B,TNF,ATP5F1C,CD74,IL6,TNF,GZMA,ESRRA,TNFAIP3,IL10,IL6,C1orf112,TNF,IL6,IFNG,IFNG,TNFAIP3,AKAP1,IL6,NDUFS1,IL1B,IL1B,IL10,TNF,TNF,C1orf112,TNF,TNF,TNFAIP3,IL10,CD74,IL1B,TNF,IL17A,MAPK4,CHRM3,IL10,TNFAIP3,IL1B,CD74,TNF,TNF,IL10,MAP7,C1orf112,TNF,TNF,IL10,ESRRA,CCL4,TPPP,IL1B,TNF,HLA-DQA1,NFKBIA,CD74,TRPM2,TNFAIP3,NFKB1,TNFAIP3,IL1B,TNF,NHLH1,IL6,NFKB1,ATP5PO,IL10,CD40L,TNFAIP3,ATP5F1C,TNF,CD74,C1orf112,TNF
IFNG,RIN3,IL17A,IL17A,TNF,APP,IL6,CCL20,TLR4,TGFB1,IFNG,IL10,IL6,MAPK4,IL17A,TNF,CCL3,IFNG,TNF,IDO2,CD74,FGR,IL1B,IFNG,IFNG,IL6,IL17A,IFNG,ATP5F1D,TRPM3,IL1B,IL6,STAT5A,IFNG,CD19,TNF,TNF,FGR,IFNG,IL10,IL1B,IL1B,TPPP,GRIK3,IL1B,NDUFS2,TNF,TNF,IL17A,IL1B,IL6,FGR,IFNG,IL6,CXCR4,IL6,MAPK4,TNF,IFNG,IL1A,IL2RB,CHRM4,IL17A,TRPM3,TNF,ESRRA,IL6,IFNG,TNF,CCDC7,FGR,IFNG,IL6,TNF,IL2RB,CXCR4,GPC5,IFNG,IL6,CD44,TNFAIP3,IL6,TRPM4,ESRRA,IFNG,TPPP,TNF,IFNG,NHLH2,TNF,IFNG,SDHA,TNF,IL12A,CD40L,ATP5F1D,IFNG,TRPM3,FGR,IL6
IL10,IGFBP1,IFNG,IL18,IFNG,ESRRA,IL1B,TNFAIP3,TLR9,NFKB1,IL1B,IL1B,IL1B,ARRB1,TNF,IL6,CCL5,CCL4,IL6,CYP2D6,HLADQB1,C1orf112,NFKB1,TNF,IL10,IL1B,TNF,NFKB1,ATP5F1E,IFNG,IFNG,IL1B,CLEC4M,IL10,FUT1,IFNG,IL1B,CFH,IL10,TNF,NFKB1,NFKB1,CD40L,HLA-DQB1,TNF,NDUFS3,IFNG,IFNG,IL4,IFNG,IL1B,CFH,IL1B,IL1B,CCL4,TNF,ARRB1,IFNG,IL1B,IL1R1,CCR4,HLA-C,TNF,ADRB2,IFNG,NFKBIA,IL1B,IL10,IFNG,TRA,CFH,IL1B,TGFB1,IFNG,CCR4,CSF2,KIR3DL1,TGFB1,IL1B,CXCR2,CXCL8,TNF,TRPM5,CD74,IL6,CD79A,IFNG,CXCL10,ASIC3,IL17A,IL1B,SDHD,IFNG,IL10,IFNG,ATP5F1E,TGFB1,WFDC2,CFH,TGFB1
TGFB1,IGFBP3,TNF,TNF,IFNA1,TLR4,CXCL8,IL1B,STAT1,MAPK1,IL10,NFKB1,TGFB1,GOLGA4,IFNG,IL10,IL1RN,CD74,IL8,GCLC,HLADQA1,CD55,TGFB1,IL6,IL4,TGFB1,IFNG,PPARGC1A,ATP5MC1,IL6,TGFB1,IFNG,CD74,IL6,IDO1,IFNA1,IL10,FUCA2,TGFB1,IFNG,TGFB1,TGFB1,IFNG,HLA-C,NFKB1,SDHA,IFNB1,IL17A,TNF,TGFB1,NFKB1,FUCA2,CXCL10,TGFB1,CSF2,IFNG,GOLGA4,IFNAR1,TLR4,IL1B,HLA-DQA1,HLA-DQB1,IFNG,CHRM3,CXCL10,TNFAIP3,IL17A,TGFB1,IFNA1,HLA-C,FUCA2,TGFB1,NFKB1,TGFB1,HLA-DQA1,CCL20,KIR2DL1,NFKB1,TLR4,CD53,NKTR,IFNG,TRPM6,APP,STAT1,FLT3,IL17A,CXCL8,P2RX7,CXCL8,IL10,UQCRC1,CXCL10,TNF,IL10,ATP5MC1,IL1B,AGR2,FUCA2,IL10
CXCL10,IZUMO1,TNFRSF1A,IFNG,IFNB1,CLOCK,CXCL10,IL10,IRF3,IL10,NFKB1,HLA-DRB1,CXCL10,ABCE1,TNFRSF1A,IFNG,CD40L,CXCR4,IL10,CCDC7,NK1,IL10,IL10,IL1B,STAT1,NFKB1,TGFB1,STAT3,ATP5MC2,TNF,IL17A,HLA-DRB1,APP,TNF,IDO2,IFNB1,IFNG,GCLC,CXCL10,CCL4,SOD2,SOD2,TNF,GRIK2,TLR4,SDHB,CXCL10,CXCL10,IFNG,MAPK1,STAT1,GCLC,CCL2,NFKB1,CCL5,IL1B,ABCE1,IFNAR2,TLR3,IL6,MTHFR,MTHFR,IFNA1,CHRM4,CCL2,IL8,TGFB1,NFKB1,NFKB1,HLA-DQB1,GCLC,NFKB1,IL1B,CXCL10,MAPK4,CCL5,TNF,STAT1,NFKB1,TLR4,KLRC2,IL1B,TRPM7,CD40L,STAT3,EBF1,TLR4,IL1A,ADAR,CXCL10,TGFB1,COX5A,CCL2,ESRRA,TNF,ATP5MC2,IL17A,ROS1,GCLC,IL17A
CXCL8,FUT1,TLR4,IFNB1,TLR3,HLA-DRB1,IL17A,TNF,IRF7,IL1B,MAPK1,BDNF,CCL2,PRG4,IL1R1,CXCL10,TNF,APP,IL17A,TPPP,NKCC,IL6,TNFRSF1A,CD74,TLR3,SOD2,IL2,HIF1A,ATP5MC3,MIR99B,CXCL10,TGFB1,ESRRA,TLR4,IGFBP1,IL17A,CXCL10,NFYA,CCL2,CXCR4,MAPK1,MAPK1,IL6,CD40L,TLR3,UQCRC1,IL17A,CCL2,TGFB1,MAPK3,STAT3,NFYA,TLR4,STAT1,CCL3,TLR4,IL2RB,TLR3,NFKB1,IL10,TRPM3,APP,IFNB1,CD74,TLR4,IFNG,IL8,CXCL8,STAT1,TPSAB1,NFYA,MAPK1,IL17A,CCL2,ARRB1,CCL3,IFNG,STAT3,STAT1,IL10,CD19,IL10,TRPM8,IFNG,TLR4,TNFRSF13C,TLR3,IL1B,EIF2AK2,FASLG,CXCL8,APP,TLR4,APP,ESRRA,ATP5MC3,CXCL10,SLC34A2,NFYA,NFKB1
CCL2,ZBTB46,TLR3,CXCL10,TLR4,HLA-DQB1,IL4,CCL4,IL6,HLA-DRB1,HLA-DRB1,TGFB1,TNFSF10,OGG1,IL6R,TLR4,IFNG,CSF2,IFNG,CPLX2,MTHFR,TNF,TLR4,HLA-DQA1,TLR4,CAT,IL4,BDNF,ATP5PD,MIR330,CCL2,IL10,COX5B,NFKB1,IGFBP3,CCL2,CCL2,STPG1,IFNA1,CSF2,IL10,STAT1,IL1B,IL17A,TGFB1,UQCRC2,STAT1,TLR4,CXCL10,JAK1,IL17A,STPG1,NFKB1,STAT3,CCL20,CXCL10,CCR4,TLR4,STAT1,TNF,CYP2D6,CD74,CXCL10,ESRRA,TLR3,IFNGR1,CCL2,CXCL10,STAT3,ADRA2A,STPG1,MAPK3,HLA-DRB1,IL17A,GOLGA4,CD53,IL6,TLR4,IRF3,FKBP5,IL10,TLR4,TRPC1,CCL4,IL10,CXCR5,NFKB1,CD53,OAS1,CSF1,CCL2,CD74,NFKB1,CD74,APP,ATP5PB,CCL2,GABRG1,STPG1,STAT3
IL17A,PTPN22,CD4,CCL2,CD4,CD4,IL13,CD74,IL10,STAT1,STAT1,IL17A,NFKB1,IGHV3-23,CXCL10,CD19,IL1A,ESRRA,STAT1,TRPM3,TLR4,IFNG,IL8,NFKB1,IL1R1,GPX1,IL13,SOD2,ATP5PF,MIR126,NFKB1,MAPK1,DBI,STAT1,IZUMO1,CXCL10,TLR4,NIPAL3,IFNB1,GZMA,HLA-DRB1,IL10,CXCR3,CXCL8,CXCL10,COX4I1,STAT3,TLR3,CCL2,JAK2,CD40L,NIPAL3,IL17A,IL17A,MS4A1,CCL2,HLA-DQA1,NFKB1,STAT3,CXCL10,APP,ESRRA,CCL2,APP,CD14,IL10,IL2,CCL2,TLR4,ADRB2,NIPAL3,JAK1,FOXP3,CD4,ABCE1,CXCR2,IL1B,CD14,IRF7,IFI16,PRF1,NFKB1,TRPC3,CXCR4,IL17A,CLOCK,STAT1,CXCR2,RNASEL,CTLA4,IL17A,ESRRA,TRAC,CSF2,CD74,ATP5PD,TLR4,FABP7,NIPAL3,TLR4
NLRP3,CTLA4,CD8A,CCL5,CD8A,NFKB1,TGFB1,RETN,TNF,ACE2,STAT3,SOD2,IL2,IGLC7,CCL2,CD4,TNFRSF1A,PRF1,STAT3,AMPK,IL10,CD24,IL17A,TLR4,ACADVL,HMOX1,CTLA4,GPX1,ATP5PO,NFKB1,STAT1,CASP1,PSMA3,STAT3,LINC00333,IL1A,CD74,ENPP4,TLR3,STAT5A,STAT1,HLA-DRB1,CCL4,CXCL10,IL17A,COX5A,NFKB1,NFKB1,CD40L,STAT1,CD19,ENPP4,IL2,TLR4,PLEKHA2,STAT1,PRG4,STAT1,IL17A,CXCL8,CD74,IL1A,TLR3,IDO1,NFKB1,IL6,IL4,CCL5,TLR9,CHRM4,ENPP4,STAT1,CD4,CD8A,PHKA2,MPO,IL10,HLA-DRB1,IL17A,ILF2,IFNG,CD40,TRPC4,CSF2,TGFB1,ESRRA,STAT3,TNFAIP3,NLRP3,PDCD1,MAPK1,IL10,MAP7,TRPM3,TRPM3,ATP5PF,TLR3,LALBA,ATIC,MAPK1
TLR4,LINC00333,NFKB1,TLR3,HLA-DRB1,TNF,CCL2,CSF3,IFNG,CRP,TLR4,CAT,IL4,IGKV3-11,CCL4,CD8A,IL10RB,LAMP1,TGFB1,NFYA,TNF,NFKB1,CCL2,TLR3,COMT,PPARGC1A,CD28,IL10,COX4I1,STAT1,STAT3,NLRP3,PSMA4,IL1B,PTPN22,IL2,STAT1,SEMA3F,TLR4,CD74,MMP9,COX2,CXCR4,TNF,CCL2,ATP5F1A,TLR3,STAT1,CD40,STAT3,CD20,SEMA3F,IL7,TLR3,ADA,STAT3,OGG1,STAT3,CXCL10,CD4,ESRRA,IL1B,TLR4,KYNU,STAT1,IL2,CXCL10,TLR3,CD14,CHRM3,SEMA3F,STAT3,CD8A,NFKB1,PRG4,ELANE,IL18,HLA-A,CXCL10,IGHV3-23,RNASEL,TRPM3,TRPC6,CCL5,HLA-DRB1,APP,CD4,NFKBIA,CASP1,HLA-A,MAPK8,TNF,CCDC7,CCL4,TLR4,ATP5PO,TLR9,CSN1S1,KLHL17,MAPK3
TLR3,MAP7,STAT1,TLR4,HLA-A,IL6,NFKB1,CXCR4,IL6R,IL17A,TLR3,GPX1,IL12A,CD4,CCL5,GZMA,TLR4,IGLC7,IDO1,PRRT4,IFNG,STAT1,CRP,IRF3,CPT1A,ATP5F1A,CD40,MAPK1,COX5A,STAT3,RELA,STAT1,MAP7,IL2,RIN3,IL4,STAT3,CFTR,IRF3,CD40,NOS2,NOS2,CSF2,FASLG,CD19,ATP5F1B,TLR4,STAT3,TNFRSF1A,IL10,CD27,CFTR,IL15,IRF3,ITGB1,CD8A,MAP7,IL17A,CCL2,CD74,CCL4,TNF,TLR9,PRF1,STAT3,IL4,NFKB1,TLR4,CD40,AT1R,CFTR,TLR3,CXCL10,STAT1,OGG1,APP,NFKBIA,CCR5,CCL2,IGLC7,KLRD1,CD19,TRPV1,CCL3,MAPK1,CD74,CD8A,NFKB1,IL18,HLA-B,SOD2,IFNG,TPPP,CXCR4,IL1RN,NDUFA2,NFKB1,OPN1SW,PMF1,MAPK8
CD14,NFKBIA,STAT3,TLR9,HLA-B,IL1B,STAT1,TLR4,SOD1,CXCL8,MT-ND1,IDO1,IL17A,CD8A,TLR3,GZMB,TLR5,IGHV3-23,IDO2,C14orf37,IGHG1,STAT3,CD40LG,IRF7,CPT2,NDUFS1,CD80,MAPK3,COX5B,PRF1,JAK1,CXCL10,CCDC7,IL7,TDO2,IL12A,CD19,ANKIB1,IRF7,HLA-DQB1,CASP1,MAPK8,CCL20,IL6,MS4A1,IL1B,CCL5,CD40,TNFRSF1B,IL17A,MS4A1,ANKIB1,IL18,IRF7,STAT3,CD4,CCDC7,IL2,CCL5,CD8A,CXCR4,IFNG,STAT1,GZMB,HLA-DRB1,IL1B,STAT1,IRF3,CXCL10,ET1BR,ANKIB1,TLR4,CCL2,STAT3,IFNG,CD74,TNFAIP3,CXCL10,PTGS2,IGKV3-11,CYP2D6,CD27,TRPV4,CCL20,MAPK8,GPC5,CTLA4,IL17A,IL1B,HLA-C,GPX1,IL6,CD19,CCL20,APOBEC3A,NDUFA3,STAT1,SCGB2A2,SLC25A3,JAK1
NFKB1,TNFAIP3,NLRP3,NFKB1,CTLA4,IFNG,STAT3,APP,SOD2,IL4,COX4I1,NLRP3,IL18,CD8B,TLR4,CASP1,IL6,IGKV3-11,AMPK,ANKDD1B,TGF,TP53,SOD2,CCR5,CRHR1,COX4I1,CD86,NLRP3,COX6A1,GZMB,JAK2,CCL2,CCDC157,CXCL10,TPPP,IL13,CD4,CYP51A1,STAT1,IL1B,NLRP3,STAT3,CCL5,IL10,CD27,IL6,CCL2,CTLA4,IL1B,CXCL8,CD38,CYP51A1,CD19,NLRP3,FLT3,GZMB,IFNG,IL7,IL2RA,CD8B,CSF2,KLRK1,STAT3,HLA-DQA1,CD4,TNF,MAPK1,IRF7,CCL2,CCL2,CYP51A1,CD14,STAT1,IL1R1,CD40L,ESRRA,CCL4,ATP5F1A,NLRP3,PDCD4,MTHFR,CD38,ORAI1,SLC34A2,MAPK14,IDO2,HLA-DRB1,IL4,MAPK1,HLA-DRB1,CAT,IL1B,BNIP3L,CCL5,PLSCR1,NDUFA4,STAT3,CASP14,RHBDD1,JAK2
STAT1,CSF2,IL18,NFKB2,NFKB1,CXCL10,TLR4,CSF2,GPX1,IL13,ATP5F1A,FOXP3,IL23A,KLRK1,TLR9,STAT1,IL8,IGHV3-30,PPARGC1A,TRA,ADAMTS19,HLA-DRB1,MAPK1,CXCL10,HTR2A,SDHA,TLR2,NR3C1,COX6B1,KLRC1,IL12A,IL17A,IL6,CCL2,ZBTB46,IL18,CD8A,KRIT1,NFKB1,CD19,GNAS,IL17A,CCL3,CSF1,CD38,TNF,IL1R1,TGFB1,IL2,CCL2,TNFSF13B,KRIT1,CD3E,IL18,EBF1,PRF1,KLRK1,CD4,IL7R,CD19,CCL20,PRF1,TGFB1,SOD2,CD8A,TNFRSF1A,JAK1,MX1,CCL5,CFH,KRIT1,CXCL10,TLR4,IL6R,CD8A,IL10,CX3CR1,ATP5F1B,NDUFS1,EEF2,COX5B,IGHG1,STIM1,GABRG1,JAK1,BCL7A,IL2RA,IL13,MAPK3,HLA-DQB1,NFE2L2,NFE2L2,KLF6,CCL3,NAMPT,NDUFA5,CD14,KLK5,MAEA,STAT1
STAT3,CCL20,IL12A,STAT1,STAT1,CXCL8,TLR9,ESRRA,GPX3,FOXP3,UQCRC1,CD4,IFNA1,KLRD1,CD4,STAT3,CCL20,SF1,PPARA,IL1B,VARS2,HLA-A,MAPK8,COX5B,SLC6A4,IDO1,TLR3,CRH,COX6C,KLRC2,IL12B,TERT,TNF,CCL5,AICDA,TGFB1,SOD1,RAD52,SDHA,CD4,CRP,IL4,TGFB1,FGR,IGHM,IFNG,TGFB1,IL2RA,IL12,TLR4,IGHV3-23,RAD52,CD4,CXCL10,IGHV3-23,KLRK1,KLRD1,CD8A,CD69,IGLC7,CCL5,GZMB,IL12A,GPX1,CTLA4,TNFRSF1B,TLR4,OAS1,IL17A,C1QB,RAD52,CCL2,MMP9,TNFRSF1A,CD4,IFNG,CXCR4,COX4I1,COX4I1,ATP5F1A,DBI,IGHM,STIM2,ROS1,JAK2,IL1RN,CD19,CD4,MAPK8,TGFB1,PPARGC1A,SOD1,GZMA,TGFB1,CASP1,NDUFA6,CD4,MUC5B,RNF220,FOXP3
IRF3,CCL5,IL12B,STAT3,STAT3,CCL2,CD4,CCL5,TXN,IDO1,NDUFB8,CD8A,IFNB1,GZMB,CD8A,STAT5A,NFKB1,SFTA3,HIF1A,IL6,CPLX2,HLA-B,CASP1,DBI,GSK3B,KMO,TLR4,TP53,COX7A2,NCR1,IL4,PPARGC1A,IFNG,CD19,APP,NFKB1,SOD2,MYH16,SDHB,CD8A,PPARGC1A,CASP1,IL10,CFH,IGHD,NFKB1,NLRP3,IL7R,IL13,TLR2,IGLC7,MYH16,CD8A,CCL2,IGHV3-30,NFAT5,GZMB,CD19,ATP5F1A,IGHV3-23,CCL3,EIF2AK1,IL12B,ATP5A1,PDCD1,CD40,HLA-DRB1,ISG15,IL17F,C1QA,MYH16,IL17A,BDNF,TLR4,GZMA,TLR4,SELPLG,COX5A,PDK1,ATP5F1B,PSMA3,CD3D,CACNA1A,AGR2,SOCS3,GLRX1,CD14,CD8A,MAPK14,IL1B,SIRT1,SOD2,GZMB,IL6,ADRM1,NDUFA7,CD8A,SFTA3,NECAP2,CD4
IRF7,CCL3,HLA-A,IRF3,PTGS2,CCL5,CD8A,CCL3,CRH,GNAS,SOD2,GNAS,CD40,PRF1,CD19,CCL2,RELA,TNFRSF17,SIRT1,TNF,CYP2D6,ACE2,CASP3,ESRRA,SIRT1,CTLA4,TLR9,HMGB1,COX7C,CD56,IL13,SOD2,IL10,CD27,ARNTL,TLR4,GPX1,BAD,UQCRC1,COX5B,COX2,NLRP3,ESRRA,TNFAIP3,CD4,TLR4,CD14,CD28,IL15,TLR7,IGKV3-11,BAD,CTLA4,CCL5,ESRRA,CD69,PRF1,TGFB1,COX5B,IGKV3-11,CD40L,EIF2AK2,IL15,COX4I1,ATP5F1A,CD40LG,PTGS2,IFNB1,IL2,IL10,BAD,HLA-DRB1,VEGFA,TLR9,GZMB,TNF,ITGAL,NDUFB6,PDK4,ATP5F1C,PSMA4,CD4,CACNA1B,GNAT3,MYC,NAMPT,NLRP3,CD8B,AKT1,IL2,FOXO3,GPX1,PRF1,IL17A,PSMD2,NDUFA8,HLA-DRB1,SMIM22,CNOT11,CD8A
IFNA1,CCL4,HLA-B,IRF7,NLRP3,TGFB1,HLA-DRB1,CD4,CRHR1,COMT,GPX1,ADRB2,CD80,IFNG,STAT1,CCL5,JUND,CS,SOD1,IFNG,GPBAR1,NLRP3,HLA-DRB1,PDHB,SIRT3,JAK1,NFKB1,IDO1,COX8A,FASLG,IFNA1,GPX1,IL1B,BANK1,ATP5F1A,TLR3,CAT,LAP3,COX4I1,DBI,ATP5F1A,CD4,APP,RELA,KLRK1,PTGS2,HLA-DRB1,ICOS,IL18,NLRP3,CD4,LAP3,ATP5F1A,CD40,APP,CD19,CD19,CXCL10,SDHA,SOD2,IFNG,STAT1,IL18,BCL2,ATP5F1B,TLR4,NOS2,STAT1,IL4,IL6,LAP3,IDO1,SOD2,MYD88,PRF1,IL6,CCR7,UQCRC1,LDHA,ATP5F1D,STAT5A,CD8A,CACNA1C,SFTPA2,TP53,CASP1,IFNA1,CD3D,PIK3CA,IL4,HIF1A,CAT,KLRK1,CD19,IL6,NDUFA9,HLA-A,CXCL17,UTP4,HLA-DRB1
IFNB1,CXCR4,HLA-C,MYD88,IL17A,CTLA4,HLA-A,GZMB,POMC,MTHFR,CAT,COMT,CD86,TNF,STAT3,CXCL9,FOS,TNFRSF13C,SOD2,IFNA,CD8A,CASP1,HLA-A,LDHA,CCL2,STAT1,NFKB2,TLR4,CYC1,IL2,IFNA2,CAT,TLR4,BLK,ATP5F1B,CD40,PRDX1,HS3ST1,NDUFV1,SDHD,IDO1,CD8A,CD74,JUND,KLRD1,CXCL10,IL6R,SOD1,IL23,CASP1,CD8A,HS3ST1,ATP5F1B,HLA-DRB1,CD74,CD27,CD27,CCL2,UQCRC1,SOD1,PHKA2,STAT2,CRP,CASP3,ATP5F1C,TLR2,SOD2,IFIH1,IL5,TNF,HS3ST1,KYNU,GPX1,IRF3,KLRK1,IL1B,CD81,NR3C1,CPT1A,ATP5F1E,CXCL10,IL2RA,CACNA1D,MUC5B,BCL2,APOBEC3A,IFNAR1,CD3E,PTEN,IL7,BCL2,BCL2,KLRD1,IL4,STAT3,NDUFA10,HLA-B,BPIFA1,VPS52,IL2RA
IL2RA,CD74,HLA-DRB1,CD40,IL23A,COX5B,HLA-B,ITGB1,NR3C1,NR3C1,GSR,CYP2D6,STAT1,IL6,NFKB1,NLRP3,KLF2,TNFRSF13B,GPX1,NFKB1,CD4,IL1B,IFNB1,LDHB,CCL5,STAT3,RELA,IRF3,CYCS,IL10,IFNB1,NOS2,CD14,CD22,ATP5F1C,CD80,NFE2L2,AOC1,NDUFS1,NDUFB2,ADRB2,IL2,TRPM3,FOS,NCR1,IL10,IRF3,SOD2,IFNA,IL18,FOXP3,AOC1,ATP5F1C,IL4,ADRM1,BANK1,IDH3A,CCL5,PDK1,GPX1,ARRB1,MX1,MMP9,MAPK1,ATP5F1D,TLR3,GPX1,DDX58,IL13,IFNG,AOC1,KMO,CAT,IRF7,CD16,NFKB1,PTPRC,CRHR1,SOD2,ATP5MC1,KLRK1,CCR7,CACNA1E,SFTA3,CASP3,PLSCR1,IFNAR2,CD3G,MTOR,IL12,CASP3,PPARGC1A,SOD1,IL13,IL17A,NDUFA11,NLRP3,SFTPA2,CDCA4,CCL2
IL7R,ESRRA,HLA-DQA1,CD80,CCL2,DBI,IL2RA,CD8A,DRD2,BDNF,NRF2,HTR2A,STAT3,IL10,NFKB2,CD14,CD69,IFNGR1,CAT,STAT1,PDK4,IL18,CXCL10,PDK1,CD14,TLR3,CXCL8,IRF7,NDUFA2,IL17A,IRF3,GSTM1,NFKB1,KLRK1,ATP5F1D,CD86,GSR,WNT16,PDK1,ATP5PO,NDUFS1,TERT,STAT1,KLF2,FCGR3A,SOD1,IRF7,CAT,IFNB,IL1A,CTLA4,WNT16,COX4I1,IL13,PSMD2,CD40,CS,NLRP3,PDK4,CAT,GOLGA4,OAS1,ICAM1,STAT1,ATP5F1E,CD4,CAT,PRKAA1,TGFB1,IL17A,WNT16,HAAO,NOS2,DDX58,CD107A,TGFB1,LCK,POMC,GPX1,ATP5MC2,IFNA1,SOD1,CACNA1S,SMIM22,CASP8,HLA-C,IRF3,CD19,IRF3,IL13,TP53,TFAM,SOD2,FABP7,CD79A,NDUFA12,CASP1,GNAT3,EXOSC7,CXCL10
HLA-DRB1,APP,HLA-DQB1,CD86,CCL5,COX4I1,IL7R,MS4A1,ADRA2A,CYP2D6,KEAP1,TPH2,JAK1,CXCL17,NLRP3,TGFB1,FOXP3,RSF1,PRDX1,STAT3,CASP10,TLR4,NLRP3,PDK4,CD19,TLR4,CXCL10,STAT1,NDUFA3,CD3D,IRF7,GSTT1,MAPK1,TRPM3,ATP5F1E,NLRP3,HMOX1,HECW1,PDK4,SDHA,POMC,FOXP3,STAT3,CD28,FCGR3B,SOD2,TNFRSF1A,GPX1,TRA,HLA-DRB1,CD28,HECW1,COX5A,CD19,TPPP,MX1,ACO2,HMGB1,PPARGC1A,FASLG,ABCE1,IFIH1,VCAM1,CD19,ATP5MC1,CD8A,HMOX1,PPARGC1A,HLA-DRB1,NFKB1,HECW1,ACMSD,PTGS2,IFIH1,CD56,CD38,ZAP70,ADRB2,CAT,ATP5MC3,TNF,SOD2,KLRC1,CXCL17,CASP9,HLA-DQB1,IRF7,CD56,IRF7,IL15,BDNF,PDHA1,GPX1,CD8A,FLT3,NDUFA13,IL1R1,GDF15,RBM42,CXCL8
HLA-A,DEFA1,IFNA1,PTGS2,CXCL10,COX4I2,CTLA4,CD3G,ADRB2,EIF2AK1,HMOX1,SLC6A4,JAK2,ESRRA,RELA,IL17A,CD25,TNFSF14,NRF2,TLR3,CFLAR,TLR7,IL4,ISCU,CD28,MYD88,CCL2,MYD88,NDUFA4,CD4,MX1,COMT,MAPK3,KIR2DL4,ATP5ME,MYD88,ADRB2,MAD1L1,SIRT1,COX4I1,MT-ND1,CRP,JAK1,LCK,GZMB,CAT,CASP1,GPX4,TRB,HLA-A,PDCD1,MAD1L1,CYCS,CD4,IGHV1-3,OAS1,SOD2,MYD88,NRF1,CSF1,PRG4,DDX58,CD14,CD4,ATP5MC2,GZMB,NFE2L2,SIRT1,HLA-A,MAPK1,MAD1L1,QPRT,MAPK1,MAVS,NCR1,CD19,CD28,HTR2A,NFE2L2,COX4I1,KLRC1,CAT,KLRC2,BPIFA1,BAX,PTPN22,MYD88,KLRK1,TLR3,IL18,NOS2,PDHB,CAT,NFKB1,BCL7A,NDUFB1,IL6R,NPY,FBXO28,CD40LG
HLA-B,DEFA4,IFNB1,TGFB1,IL1R1,COX5A,PDCD1,CD3D,HTR2A,ADRB2,BDNF,POMC,TNFRSF1A,APP,IKBKB,IL18,NKG2C,IFNGR2,KEAP1,TLR4,SARM1,TLR9,CD4,PPARGC1A,CD4,NLRP3,CCL5,NFKB2,NDUFA5,CD8A,OAS1,TPH2,MAPK8,NCR1,ATP5MF,STAT1,CHRM3,LASP1,SOD1,UQCRC1,COMT,TLR4,JAK2,SMAD3,PRF1,GPX1,CD4,PRDX1,CD3D,CD4,IL2RA,LASP1,NDUFS1,CD8A,IGHD1-26,IFITM1,GPX1,CD14,TFAM,TRPM3,OGG1,IRF3,CD40,CD8A,ATP5MC3,GZMA,KEAP1,MTOR,HLA-B,MAPK8,LASP1,NAMPT,MAPK3,IFIT1,KLRD1,CD27,SDHA,COMT,HMOX1,COX5A,KLRC3,GPX1,KLRD1,WFDC2,PRKAA1,CTLA4,IRAK4,KLRD1,TLR4,CCL2,COX2,NDUFS1,GSR,FOXP3,GLRX1,NDUFB2,TNFRSF1A,IL6,MIS18BP1,PTGS2
CD4,IGHV3-23,IFNAR1,IL1R1,IL6R,COX6A1,ICOS,STAT3,SLC6A4,POMC,NGF,CRH,TNFRSF1B,CD74,TGFB1,IL23A,CD79A,F2,GCH1,CD14,BAD,MYD88,CD8A,PPARA,CD40,CXCL10,NDUFS1,AKT1,NDUFA6,CD19,ISG15,BDNF,TGFB1,CD4,ATP5MG,STAT3,CHRM4,SNX11,SOD2,CYCS,ACE,TLR3,IRF3,EZR,FASLG,GPX3,CD8A,KEAP1,CD3E,CD8A,CCR7,SNX11,PDK1,FOXP3,IGHJ6,ISG15,CAT,CD40,SOD1,PRF1,IDO2,IRF7,CD80,CD38,NDUFA2,PRF1,MT1A,ATP5F1A,CD8A,CASP1,SNX11,SIRT1,JAK1,OAS1,CD3,IGHV3-23,SDHD,SOD1,NR3C1,COX5B,NCR1,KEAP1,NCR1,TRPM3,PRKAA2,LINC00333,TRAF6,GZMA,MAVS,CCL3,HMOX1,NDUFS2,SIRT1,GPC5,PERFORIN,NDUFB3,IL18,IL10,CIAO2B,SOD1
CD8A,IGLC7,IFNAR2,IL1RN,TNFRSF1A,COX6A2,CD28,PLEKHA2,TPH2,MAOA,NTRK1,CRHR1,ICOS,SDHB,IL1RN,IL12A,FLT3,IFNG-AS1,HMOX1,HLA-DRB1,BOLL,IRF3,FOXP3,SIRT1,CD80,CCL2,NDUFS2,MTOR,NDUFA7,CD14,IFIT1,CRHR1,CCL2,CD8A,ATP5PB,CD4,TRPM3,TMEM176A,CAT,TRPM3,IL17A,MMP9,IRF7,CSK,PDK1,GPX4,CD19,NOX4,CD3G,FOXP3,CD69,TMEM176A,PDK4,CTLA4,IGHV3-30-3,IRF7,TLR3,HLA-DRB1,SOD2,MTHFR,GRIK2,NDUFS1,CD86,CDC27,NDUFB1,KLRK1,MT2A,NDUFS1,ATP5F1A,CASP3,TMEM176A,PARP1,JAK2,PPARGC1A,CD19,IGF1,ATP5PO,SOD2,FKBP5,COX6A1,NCR2,NOX4,NCR2,IL6,PPARGC1A,RIN3,IL4,GZMB,SIRT1,CCL4,GSTM1,NDUFS3,IDO1,HLA-DQB1,CD107A,NDUFB4,JAK1,TNF,TMEM50A,SOD2
CTLA4,IGKV3-11,ATP5F1A,IL6R,TGFB1,COX6B1,CD80,CD8B,IDO1,SLC6A4,NTRK2,MC2R,ICOSLG,UQCRC2,IL4,IL12B,BCL7A,CCL4L2,GCLC,HLA-A,SETX,IRF7,STAT1,SIRT3,CD86,CCL5,NDUFS3,PIK3CA,NDUFA8,RIPK3,IFIT2,CYP2D6,CCL5,CTLA4,ATP5PD,CD8A,TRPA1,M6PR,GPX1,CHRM3,MAOA,CXCL8,TLR3,ACTB,PPARGC1A,PRDX1,ATP5F1A,UCP2,CD4,GATA3,ICOS,M6PR,SOD1,PDCD1,IGHV3-49,IRF3,TLR4,HLA-A,GPX1,BCL2,NPAS2,ATP5F1A,NLRP3,TNFRSF12A,NDUFB2,KLRD1,GSR,SDHA,ATP5F1B,SOD2,M6PR,SOD2,STAT3,NRF1,CD20,CAMP,NDUFB2,CAT,CRH,COX6B1,NCR3,MTOR,NCR3,TNF,SIRT1,IGFBP1,IL13,GZMK,SIRT3,CCL5,GSTP1,NDUFV1,IDO2,HLA-C,B2M,NDUFB5,JAK2,IFNG,DDX27,CAT
ATP5F1A,IDO1,ATP5F1B,TNFRSF1A,MAPK1,COX6B2,CD86,CD19,IDO2,HTR2A,COMT,NR3C1,CD274,DPM1,IL13,CD28,APOBEC3A,TRAPPC6A,GCLM,HLA-B,AKAP1,CXCL10,STAT3,SOD2,CD8A,IL17A,NDUFS4,PDK1,NDUFB1,MAPK1,RSAD2,IDO1,CXCL10,CD28,ATP5PF,CD19,TRPV1,CYP26B1,GSR,CHRM4,TLR4,CXCL10,TLR4,ITGB7,SOD2,NFE2L2,NDUFS1,UCP3,CD8A,TBX21,KLRD1,CYP26B1,SOD2,CD274,CD28,DDX58,IL6,HLA-B,GPX4,BAX,SLC25A15,ATP5F1B,CTLA4,CCL26,NDUFS1,CD19,GCLC,SDHB,ATP5F1C,GPX1,CYP26B1,GPX1,SOCS3,TFAM,IL10,SERPINA3,NDUFAF7,GPX1,CRHR1,COX6C,FCGR3A,SIRT1,NCAM1,IL1B,FOXO3,IGFBP3,JAK1,PRF1,CD38,CXCL9,CYBB,NDUFV2,DYSF,CD4,GZMB,NDUFB6,JAK3,IL1B,WBP1L,GPX1
ATP5F1B,IDO2,ATP5F1C,TNFRSF1B,MAPK3,COX6C,CD40,PRF1,MTOR,CCL2,MAOA,FKBP5,PDCD1,WFDC2,HLA-A,CD80,PLSCR1,TRAPPC3,NFE2L2,IL10,TCP11,CCL2,GATA3,CAT,CTLA4,CD4,NDUFS7,PDK4,NDUFB2,MAPK3,DDX58,MTHFR,CXCR4,ATP5F1A,ATP5PO,HLA-DRB1,CLOCK,ICA1,TXN,ESRRA,IL4,CCL2,TLR7,GATA3,CAT,KEAP1,COX4I1,PPARGC1A,CD8B,RORC,KLRK1,ICA1,CAT,ATP5F1A,LCK,IFIH1,IL10,HLA-C,CAT,CASP3,TCOF1,SDHA,IL1R1,CDKL3,NDUFS2,CD20,GCLM,COX4I1,ATP5F1D,CAT,ICA1,CAT,MT-ND1,SOD2,TNF,COX5B,NDUFAB1,GPX4,OAS1,COX7A2,FCGR3B,PDK1,FCGR3A,CD19,AMPK,IZUMO1,JAK2,NCR1,NAMPT,CXCL11,PRDX1,UQCRFS1,LASP1,STAT1,IL1B,NDUFB7,RELA,IL17A,ATG4A,NRF2
ATP5F1C,ADRB2,ATP5F1D,CD4,MAPK8,COX7A1,IRF3,NCR1,TLR3,VEGFA,SLC6A4,NPY,CTLA4,TDP2,HLA-B,CD86,CASP1,APPBP2,CASP1,IL17,POLR2J,CCL5,TBET,GPX1,CXCL10,CD8A,NDUFS8,PRKAA1,NDUFB3,MAPK8,IFIH1,ACE,CD4,ATP5F1B,BACH2,HLA-A,ARNTL,DBNDD1,PRDX1,APP,BDNF,FOS,NLRP3,ZFPM1,GPX1,TRPM3,UQCRC1,NRF1,CD19,BCL2,NCR1,DBNDD1,GPX1,ATP5F1B,SMAD3,TLR3,TGFB1,CTLA4,HMOX1,CRH,THUMPD2,SDHB,IL6R,CD79B,COX4I1,CD27,GSS,SOD2,ATP5F1E,ATP5A1,DBNDD1,GSR,MT-CO1,GPX1,IL6,DBI,NDUFB4,TXNRD1,MX1,COX7C,NCAM1,PDK4,FCGR3B,CD27,PGC1A,FUT1,JAK3,FCGR3A,PARP1,TLR3,TLR4,CYP51A1,PCBP1,STAT3,CCL2,NDUFB8,IKBKB,IL4,PHTF2,HMOX1
ATP5F1D,COMT,ATP5F1E,CD8A,MAPK14,COX7A2,IRF7,ADA,TGFB1,CD4,HTR2A,BDKRB2,HLA-DRA,HPGD,HLA-C,HLA-DRA,NAMPT,DAPP1,NLRP3,CXCL10,DHX33,CXCL8,BDNF,UCP2,GZMB,HLA-DRB1,SDHA,PRKAA2,NDUFB4,MAPK14,TLR3,APOE,CD8A,COX4I1,BCL6,HLA-B,PER1,ALS2,HMOX1,ADRB2,HMOX1,JUN,CASP1,MYC,TRPM3,TRPM7,CYCS,TFAM,CD20,TP53,FCGR3A,ALS2,GPX4,ATP5F1C,EZR,TLR9,TNF,ICOS,NQO1,POMC,VARS2,NR3C1,IL10RA,CDK11A,COX5A,FASLG,GSTP1,CAT,ATP5MC1,ATP5B,ALS2,KEAP1,MT-ATP6,CAT,IL1B,PSMA3,NDUFB7,PRDX1,ISG15,NDUFA2,GZMB,UQCRC2,GZMB,CD38,COX5A,ZBTB46,TYK2,FCGR3B,PARP2,TLR4,TLR2,TRPM3,GBP5,IRF3,CXCL10,NDUFB9,IRF3,IL13,EPB41L2,NOX4
ATP5F1E,CLOCK,ATP5PB,CD19,JAK1,COX7C,MYD88,CD3E,CCL2,CD8A,DRD2,TRPV1,HLA-DRB1,PACS1,HLA-DRB1,CD27,GLRX1,CSF2RB,TLR4,CCL2,UPF1,ICAM1,NTRK2,CPT1A,ICAM1,SIRT1,SDHB,CCL2,NDUFB5,NOS2,TLR9,IL4,CD19,COX5A,BHLHE40,PTGS2,PER2,CASP10,NFE2L2,MAPK1,CCL2,IL6R,IL18,LEF1,,APP,ATP5F1B,PINK1,CD24,PTEN,NCAM1,CASP10,PRDX1,COX4I1,CSK,ATP5F1A,NR3C1,CD28,GSR,ESRRA,CPLX2,CRHR1,IL17RA,IL32,COX6A1,FAS,TXN,GPX1,ATP5MC2,COX4I1,CASP10,NLRP3,PPARGC1A,UCP2,IL17A,PSMA4,NDUFAF5,KEAP1,IFITM1,NDUFA3,GZMK,CX3CR1,GZMA,PRDM1,NDUFS1,IGHV3-30,SOCS1,TLR4,BRCA1,TLR7,MYD88,CFTR,FABP7,MAPK1,HLA-DRB1,NDUFB10,IRF7,TLR4,TRAF3IP1,MT1A
ATP5MC1,PER1,ATP5PD,HLA-DRB1,JAK2,COX8A,IRAK4,FCGR3A,CCL5,CD19,OPRM1,SCN9A,CD19,ROS1,HLA-DQA1,CD38,IL17A,CASP14,TLR7,ICAM1,FABP7,VCAM1,ACE2,CPT2,IDO1,SIRT3,SDHC,CCL5,NDUFB6,SOD1,EIF2AK2,IL13,CTLA4,NDUFB3,BHLHE41,ICAM1,CRY1,CFLAR,NOS2,STAT1,HPA,IFNB1,IL17A,XBP1,,CD74,NDUFS2,OPA1,CD27,AKT1,GZMB,CFLAR,TXN,COX5A,ACTB,ATP5F1B,CRHR1,CD80,TXN,APP,PRRT4,FKBP5,IFNGR1,CD9,UQCRC1,CASP3,TXNRD1,NFE2L2,ATP5MC3,NDUFS1,CFLAR,CASP1,NRF1,CYCS,TGFB1,EEF2,NDUFB3,IL1RN,DDX58,NDUFA4,KIR2DL1,P2RX7,GZMK,CD24,NDUFS2,TNF,SOCS3,TLR7,BRCA2,TLR9,IRAK4,BAD,SCGB2A2,JAK1,MX1,NDUFC1,MYD88,TLR2,VPS37A,MT2A
ATP5MC2,PER2,ATP5PF,NLRP3,NFKBIA,NDUFAB1,TRAF6,KLRK1,CXCL10,PTGS2,HSPA1A,TRPA1,CD3E,AGR2,HLA-DQB1,IGHM,CD107A,ERF,MYD88,VCAM1,SCGB2A2,MAPK1,MT-ATP6,HSPA1A,IL12A,TFAM,SDHD,CXCL10,NDUFB7,SOD2,DHX58,CCR5,HLA-DRB1,SDHA,BLNK,VCAM1,CRY2,TFPI,BDNF,JAK1,MT-ATP6,RELA,CD14,CCR7,,ESRRA,NDUFV1,MFN2,CD38,MTOR,PRF1,TFPI,TXNRD1,UQCRC1,ITGB7,PPARGC1A,COMT,ATP5F1A,PRDX1,NR3C1,PRSS56,CLOCK,IFNAR1,CD22,UQCRC2,CASP8,PRDX1,HMOX1,UQCRC1,NDUFS3,TFPI,IL18,TFAM,COX4I1,FOXP3,FKBP5,NDUFA8,IL10RA,EIF2AK2,NDUFA5,KIR2DL3,TREM2,GZMM,CD21,NDUFS3,IFNG,CCL2,TLR8,TP53,MYD88,TRAF6,GCLC,CASP14,JAK2,OAS1,NDUFC2,IRAK4,TLR3,POLI,GSR
ATP5MC3,CRY1,ATP5PO,CASP1,RELA,NDUFA2,JAK1,NDUFAF7,CAT,NOS2,HSP90AA1,IL8,CD4,SFTPA2,CD14,IGHD,ITGAL,IL2,IRAK4,CD40,CD38,MAPK3,MT-ND1,HSPA1B,IL12B,NRF1,UQCRC1,IL17A,NDUFB8,PDK1,BST2,STAT3,HLA-A,UQCRC1,CACNA1C,SELP,IDO1,NDUFAF7,NGF,JAK2,NR3C1,MAPK14,CD19,ESRRA,,WASF3,COX5A,LONP1,CD56,AMPK,CD56,NDUFAF7,HMOX1,NDUFS1,GATA3,PDK1,SLC6A4,ATP5F1B,NR3C1,TGFB1,C14ORF37,PER2,IL4,CD6,SDHA,MAPK1,HSPA1A,GSR,UQCRC2,SDHA,NDUFAF7,TRPM2,ATP5F1A,ATP5F1A,CTLA4,CNN2,HLA-B,IL6R,IL1A,NDUFA6,KIR2DL4,TMEM119,PRF1,FCRL5,UQCRC1,IL6,CCL5,TLR9,ATM,IRF3,IRF3,FYN,CRABP2,CASP1,IFIT1,NDUFS1,TRAF6,TLR9,ELMOD3,TXNRD1
COX4I1,CRY2,ATP5ME,IL1A,ATP5F1A,SOD1,JAK2,NDUFAB1,GSR,SOD1,HSPB1,IL6R,CD8A,CD19,CD86,IGHG1,SELPLG,C7,TRAF6,CD40LG,FKBP4,MAPK8,PPARGC1A,HSPB1,IL13,HSP90AA1,UQCRC2,IL12B,NDUFB9,PDK2,HERC5,FOXP3,HLA-B,PDK1,CACNA1D,TNFRSF1A,IDO2,RBM5,HTR1A,ATXN2L,TRPM3,CXCR3,CD3E,APP,,KMO,UQCRC2,CLPP,CD74,SIRT1,FCGR3B,RBM5,NQO1,SDHA,ZFPM1,PDK4,HTR2A,ATP5F1C,FKBP5,SIRT1,ANKDD1B,CD4,IL5,IL20RA,SDHB,MAPK3,HSPA5,NR3C1,UQCRFS1,UQCRC1,RBM5,TRPA1,NDUFS1,SLC25A4,PD1,SERPINA1,HLA-C,TGFBR1,CCL4,NDUFA7,IL6,GFAP,FASLG,MS4A1,ATP5A1,IL10,CXCL10,MYD88,IL6,IRF7,IRF7,CSK,SERPINB5,NLRP3,ISG15,NDUFS2,ATP5F1A,KLRD1,ZSWIM8,GCLC
COX5A,NR3C1,UQCRC1,IL12A,ATP5F1B,SOD2,TYK2,COX10,PRDX1,CAT,HSPA5,TNFRSF1A,CD24,CD27,PTGS2,IGHA1,CX3CR1,TRAPPC13,IRF3,PTGS2,KDM1A,MAPK14,NRF2,HSPA5,IL15,HSPA1A,UQCRFS1,IL23A,NDUFC1,PDK4,ATP5F1A,CD4,IRF3,PKM,CACNA1S,IFNAR1,CS,MTMR7,HTR2A,FUS,MTHFR,VEGFA,CD4,CD74,,ALOX5,PPARGC1A,HSPD1,CD95,PGC1A,LAMP1,MTMR7,CRH,PPARGC1A,MYC,PFKFB3,DPM1,ATP5F1D,CRHR1,SLC34A2,GPBAR1,CD8A,IL13,CD44,PDK1,MAPK8,HSP90AA1,CRH,UQCRH,MT-CO1,MTMR7,TRPV1,UQCRC1,NDUFA9,PDCD1,DCTN1,HLA-E,TNFRSF1A,CXCL9,NDUFA8,TNFSF10,S100B,KIR2DL1,CD5,ATP5B,IL17,IL18,IRAK4,IL10,NFKB1,STAT1,LCK,TFF1,GZMA,TBK1,NDUFS3,ATP5F1B,GZMB,PARP10,GCLM
COX5B,POMC,UQCRC2,IL12B,ATP5F1C,GPX1,SOCS1,MAPK8IP2,FKBP4,GPX1,DDIT3,TNFRSF1B,CCR5,CD38,ALOX5,PRDM1,CXCL12,PAPPA2,IRF7,NLRP3,RBMS,JAK1,GPX1,HSP90AA1,IL17A,PRDX1,COX4I1,TFAM,NDUFC2,PPARGC1A,ATP5F1B,CD8A,IRF7,HIF1A,CACNA2D1,IFNAR2,ACO2,SLC7A2,DRD1,KLF2,VDR,HIF1A,CD8A,CYP2D6,,NCF2,NRF1,HSPA9,CTLA4,NRF2,CD14,SLC7A2,CRHR1,NRF1,LEF1,HIF1A,SCYL3,ATP5F1E,CRH,GABRG1,LHB,NFKB1,CYCS,IFNGR1,PDK2,NFKB1,DNAJB1,POMC,UQCRB,MT-ND1,SLC7A2,CRH,COX4I1,SDHA,TLR4,NUDT21,TNFRSF1A,IRF3,TLR9,NDUFA9,NFKB1,MBP,KIR2DL3,IGHV3-23,SOD1,IL2,ATP5F1A,TRAF6,TNF,STAT1,STAT3,ZAP70,ESRRA,GZMB,IRF3,NDUFS4,ATP5F1C,PRF1,PSMG1,NOS2
CYCS,IL1B,UQCRFS1,IL23A,ATP5F1D,GPX4,SOCS3,UQCRC1,FKBP5,CCR5,XBP1,CD19,IL2RA,TGFB1,ALOX12,PAX5,CSF3,IAPP,MAVS,IL1R1,CALCR,JAK2,GSTM1,NR3C1,IL18,GSR,COX5A,NRF1,NDUFS1,NRF1,COX4I1,GNAS,MX1,SIRT1,CACNB1,IFNGR1,IDH1,ARF5,DRD2,BDNF,GSTM1,PPARG,FOXP3,PRRT4,,ADRB2,TFAM,PDK1,FOXP3,SOD1,CCL2,ARF5,NR3C1,TFAM,XBP1,COX4I1,C1orf112,UQCRC1,POMC,ROS1,ADAMTS19,IL6,COX4I1,TNFRSF1B,PDK4,NFKB2,BAX,FKBP5,UQCRQ,MT-ATP6,ARF5,POMC,SIRT1,UQCRC1,TLR7,PLD3,TNFRSF1B,IRF7,NFKB2,NDUFB1,IL17A,CLOCK,KIR3DL1,IGHV3-30,SOD2,TLR4,ATP5F1B,IRF3,IFNG,STAT3,IL6R,CD28,APP,PRF1,IRF7,NDUFS5,ATP5F1D,FCGR3A,SMTN,NOS3
UQCRC1,IL6,UQCRH,IL4,ATP5F1E,CAT,PTPN22,COX15,MAVS,CXCR3,ATF4,CD20,IL7R,STAT1,ALOX15,XBP1,RETN,EAPP,STING,TGFB1,MCUB,PRKCD,GSTT1,FKBP5,IL2,GSTP1,COX5B,SIRT1,NDUFS2,IL1B,COX5A,COMT,OAS1,SIRT3,CACNB2,IFNGR2,NR3C1,SARM1,COMT,NGF,GPX1,IL12B,GATA3,PRSS56,,CHRM3,PDK1,PDK4,KLRD1,SOD2,CCL3,SARM1,FKBP5,PPARA,CD20,COX5B,FGR,UQCRC2,COMT,AGR2,SCYL3,IL10,COX5A,CDH1,SOD1,RELA,BCL2,IL4,UQCR10,PPARGC1A,SARM1,TPH2,SIRT3,COX5A,MYD88,ALDH3B1,TNFRSF9,MAPK1,RELA,NDUFB2,IL1B,PER1,KIR3DL2,IGLC7,CAT,TLR7,ATP5F1C,IRF7,IFNA1,JAK1,TNFRSF1A,CD81,CD74,CD107A,MAPK1,NDUFS6,ATP5F1E,NCAM1,THUMPD1,PPARGC1A
UQCRC2,TNF,UQCRB,IL13,ATP5MC1,GSR,ITGAM,NDUFS1,NLRP3,IL7R,ATF6,CD40,IL15,STAT3,MPO,BCL6,PDGFBB,APPL2,GSDMD,IL8,LIG3,NFATC1,CAT,CRHR1,IL23A,TXN,COX6A1,RIPK1,NDUFS3,IL1A,NDUFB8,FOS,EIF2AK2,PPARGC1A,CACNB3,IRF3,FKBP5,POLDIP2,SLC6A4,NTRK1,GSTT1,IL18,TBX21,C14orf112,,CHRM4,ATP5F1C,PRKAA1,KLRK1,GPX1,CCL4,POLDIP2,HSD11B1,CPT1A,CCR7,SOD1,CFH,UQCRFS1,TPH2,GNAT3,C1ORF112,IL32,NDUFB6,CDH10,SOD2,STAT1,CASP3,IL13,UQCR11,NRF1,POLDIP2,IDO2,AMPK,ATP5F1C,NFKB1,HVCN1,TNFRSF17,MAPK8,RELB,NDUFB3,IL1A,PER2,SDHA,IGKV3-11,GPX1,TLR9,ATP5F1D,STAT1,IFNB1,JAK2,IL1R1,CCR7,CTLA4,KLRK1,MAPK3,NDUFS7,COX4I1,KIR2DL1,MMGT1,PPARA
NDUFS1,IFNG,UQCRQ,IL15,ATP5MC2,GSTM1,ITGB2,MAPK9,IL18,JAK1,EIF2AK3,CD40LG,IL15RA,NFKB1,ELANE,IRF4,IL4,CASP1,KMO,IL12,NKG2C,NDUFS1,SOD1,POMC,IL5,TXNIP,COX6B1,RIPK3,NDUFS4,IL1R1,SDHB,POMC,PPARGC1A,CPT1A,CACNB4,IRF7,CRH,PLXND1,GRIN1,GRIN1,IL18,CASP3,RORC,ANKDD1B,,CD4,NDUFA9,PRKAA2,PRF1,CAT,CCL5,PLXND1,BDNF,CPT2,hsa-miR-28-5p,SOD2,NFYA,SDHB,HTR2A,SFTPA2,FGR,TLR3,SDHA,TNFRSF17,CAT,STAT3,CASP8,IL17A,NDUFA2,NRF2,PLXND1,TDO2,mTOR,CS,IRF3,NCF1,TNFRSF12A,MAPK14,STAT3,NDUFB4,IL2,CRY1,SDHB,TLR7,GPX4,MYD88,ATP5F1E,STAT3,MYD88,MAPK1,IFNGR1,PTPRC,IL2RA,MIR21,MAPK8,NDUFS8,COX5A,KIR3DL1,OXLD1,SIRT1
NDUFS2,IL10,UQCR10,IFNAR1,ATP5MC3,GSTP1,ICAM1,NDUFB4,CD14,JAK2,PERK,CD80,IFNAR1,TLR4,PTPRC,COX5B,IL13,TRAPPC14,KYNU,IL23,NFYA,NDUFS2,IDO1,CRH,JAK1,ATF4,COX7A1,TRAF6,NDUFS5,TGFB1,UQCRC2,CRH,NRF1,SOD1,CACNG1,MX1,BDNF,AK2,CRH,PSMA3,MBL2,BAX,HLA-DRB1,GPBAR1,,CD8A,SDHA,PPARA,GZMB,GCLC,CCL20,AK2,NGF,PRKAA1,hsa-miR-29a-3p,GPX1,STPG1,SDHA,SLC6A4,MUC5B,CFH,TLR4,SDHB,TNFRSF9,GPX1,JAK1,TP53,IL12A,NDUFA3,PDK1,AK2,SLC6A4,FOXO1,IDH2,IRF7,PPIA,TNFRSF10A,JAK1,MYD88,NDUFB5,IL4,CRY2,SDHC,TLR4,NRF2,STAT1,UQCRC1,STAT5A,STAT1,MAPK3,CD4,TESPA1,BCL2,MIR146A,JAK1,SDHB,COX5B,CD19,RBPMS,SIRT3
NDUFS3,TLR4,UQCR11,IFNAR2,COX4I1,HMOX1,VCAM1,MAPK6,NOS1,STAT3,IRF3,CD86,IFNAR2,MYD88,JAK1,DBI,TRPM3,TRAPPC8,QPRT,CRP,CFH,NDUFS3,KYNL,PSMA3,JAK2,XBP1,ATP5F1A,CD4,NDUFS6,CCL2,PPARGC1A,ACTH,TFAM,SOD2,CASP1,MX2,MAPK1,CD38,CRHR1,PSMA4,PRKN,BCL2,HLA-A,LHB,,CD19,SDHB,PPARG,GZMA,IDO1,CSF2,CD38,HTR1A,SIRT1,hsa-miR-127-3p,GPX4,NIPAL3,SDHC,DRD2,IL2,FUCA2,CD19,UQCRC1,IL17RB,GPX4,JAK2,MYC,IL12B,NDUFA4,DLD,CD38,HTR1A,TP53,ACO2,STAT1,STXBP5,TNFSF13B,JAK2,CD14,NDUFB6,IL13,PPARGC1A,SDHD,IRF7,KEAP1,STAT3,UQCRC2,JAK1,STAT3,MAPK8,CD8A,CYP2D6,BAX,MIR155,JAK2,SDHA,NDUFA2,CD27,CD3EAP,NDUFA9
SDHA,CD19,COX4I1,JAK1,COX5A,CHRNA3,SELP,NFKB2,NOS2,PRKAA1,IRF7,IL2,IRF3,IRAK4,JAK2,NDUFB3,CD56,APPL1,TDO2,MIF,FUCA2,NDUFS4,BDH1,PSMA4,NFKB1,BDNF,ATP5F1B,CD8A,NDUFS7,CCL3,PDK1,MTOR,SOD1,GPX1,CAT,OAS1,MAPK3,FKBP4,NR3C1,CLEC4M,CRHR1,GPX1,B2M,ADAMTS19,,STAT1,IDH2,CPT1A,NCR1,KYNU,CXCR4,FKBP4,DRD2,SIRT3,hsa-miR-142-5p,CAT,FUCA2,SDHD,HLA-DRB1,IL4,GCLC,KLRC1,UQCRC2,CDK14,NOS1,CD38,HIF1A,RELA,NDUFA5,DLAT,FKBP4,HTR2A,BCL2,MDH2,STAT3,IGHM,TNFSF8,SOCS1,CD40,NDUFB7,IL15,NRF1,COX4I1,STAT1,NOS1,IRF3,COX4I1,JAK2,NFKB1,MAPK14,FOXP3,VARS2,CASP3,SFTPA2,STAT1,SDHC,NDUFB1,IGHD,RABL6,NDUFB9
SDHB,CD3E,COX5A,JAK2,COX5B,CHRNA4,ATP5F1A,MAPKAPK5,NOS3,PPARGC1A,IFNA1,IL2RA,IRF7,IRF3,CRP,NDUFS1,IL12p40,TRAPPC10,TP53,CXCR3,GCLC,NDUFS5,OXCT1,PSMB8,NLRP3,CRHR1,ATP5F1C,RELA,NDUFS8,CCL4,PDK4,AKT1,SOD2,CAT,CCL2,OAS2,JUN,KDM1A,FKBP5,CCDC157,HTR2A,GSTM1,PTPN22,VARS2,,STAT3,CS,ACADM,CD16,KMO,CD68,KDM1A,COMT,UCP2,hsa-miR-143-3p,KEAP1,GCLC,PPARGC1A,HLA-A,IL12A,NFYA,KLRC2,NRF1,CDK17,NOS2,ATP9A,VEGFA,STAT3,NDUFA6,PDHA1,KDM1A,COMT,BAX,SIRT1,JAK1,IGHD,TNFSF4,SOCS3,CD80,NDUFB8,TLR4,TFAM,COX5A,STAT3,NOS2,IRF7,COX5A,SOCS1,RELA,CD3D,GATA3,CPLX2,CASP8,MUC5B,RELA,SDHD,NDUFB2,IGHM,UBE2K,ATP5F1A
PPARGC1A,CD4,COX5B,TYK2,COX6A1,CHRNA7,ATP5F1B,NDUFB2,CASP1,TFAM,IFNB1,IL4,MX1,IRF7,HMGB1,NDUFS2,ESRRA,ACSF2,BCL2,CCR5,STPG1,NDUFS6,PDK4,PSMB9,PRF1,FKBP5,ATP5F1D,NFKBIA,NDUFV1,CCL5,HK2,PTEN,GPX1,KEAP1,CCR5,OAS3,FOS,RBM6,HSP90AA1,MAP7,ACE2,CD40LG,CTLA4,CPLX2,,IRF3,SOD2,HADHA,CD107A,ACMSD,HLA-DRA,RBM6,AKT1,PDK1,hsa-miR-21-5p,HMOX1,CD4,NRF1,HLA-B,IL12B,STPG1,NCR1,TFAM,CDH3,NOS3,KCNB1,EPO,STAT5A,NDUFA7,PDHB,RBM6,DBH,CASP3,SIRT3,JAK2,IGHE,TNFSF18,IDO1,CD86,NDUFB9,TLR3,DDIT4,COX6A1,JAK1,NOS3,NF-KB,CYCS,SOCS3,CD4,CD3E,TBX21,CD4,CASP9,SFTA3,NFKB1,COX4I1,UQCRC1,CD38,SRD5A1,ATP5F1B
PPARA,CD8A,COX6A1,SOCS1,COX6B1,CHRNB2,ATP5F1C,JAK2,KMO,SIRT1,MX1,IL13,OAS1,IL1B,S100A8,SDHB,APP,TRAPPC2L,BAX,CD4,NIPAL3,NDUFS7,AMPK,PSMC1,SELE,CYP11B1,ATP5MC1,CAT,NDUFV2,CXCL10,PFKM,TP53,CAT,NQO1,CCR7,OASL,NFKB1,CAMKK1,HSPA1A,TPPP,COL1A1,PTGS2,IDO1,NFYA,,IRF7,GPX1,ACADVL,MS4A1,QPRT,ESRRA,CAMKK1,MTOR,PDK4,hsa-miR-103-3p,NQO1,CD8A,TFAM,CTLA4,IL13,NIPAL3,NCR2,PDK1,CDON,PRDX1,INSR,EPOR,CD4,NDUFA8,BDNF,CAMKK1,TH,PRKAA1,MTOR,TYK2,IGKC,TNFSF11,KYNU,CTLA4,GCLC,TLR9,NPY,COX6B1,JAK2,BDNF,FOXP3,NDUFV1,MPO,CD8A,CD3G,RORC,CD8A,BECN1,SMIM22,IL2RA,COX5A,UQCRC2,SIRT1,TRMT1,COX4I1
PPARG,HLA-DRB1,COX6B1,PPARGC1A,COX6C,CHRNB4,ATP5F1D,NDUFB7,NADSYN1,SIRT3,OAS1,CD28,TLR3,IL2,S100A9,UQCRC1,CD74,TRAPPC9,MAPK1,CD8A,ENPP4,NDUFS8,SLC2A1,PSMD1,SELP,POMC,ATP5MC2,UCP2,NDUFV3,TLR4,PKM,VEGFA,ADRB2,EIF2AK2,CD14,ISG15,CASP3,RECQL,PRKAA1,IDO1,XRCC1,ACE2,IDO2,DPM1,,CD14,CAT,SLC2A1,CD79A,HAAO,APP,RECQL,TP53,SLC2A1,hsa-miR-146a-5p,GCLC,CD8B,PDK1,PTPN22,IL18,TRPA1,NCR3,PDK4,CDK13,PRDX2,SLC34A2,PDGFA,CD8A,NDUFA9,NGF,RECQL,BDNF,PPARA,HIF1A,SOCS1,IGHV1-18,TNFAIP1,KMO,HLA-A,SOD1,LTA,CASP14,COX7A1,MYD88,NGF,NDUFS1,NDUFV2,ELANE,CD19,CD4,CD19,STAT1,HSPA1A,CXCL17,CD19,COX5B,CYCS,COX4I1,DHRS1,COX5A
PDK1,HLA-DQA1,COX6C,NRF1,COX7A2,DRD2,ATP5F1E,MAPK1,NADK,MT-ND1,ISG15,CTLA4,TLR4,IL4,S100A12,UQCRC2,CD38,SRR,MAPK3,FOXP3,SEMA3F,NDUFV1,ACADVL,BAG1,STAT3,TSHR,PPARGC1A,PPARA,SDHA,TLR9,LDHA,HIF1A,CHRM3,EIF2S1,CD22,ISG20,BAX,VPS50,MTOR,IDO2,GSTP1,IL13,KYNU,SCYL3,,PRDX3,HMOX1,SLC2A4,CD79B,TPH1,CD74,VPS50,BCL2,SLC2A4,hsa-miR-223-3p,GSR,CTLA4,PDK4,TRPM3,IFI27,TRPC1,TRPM7,HIF1A,CD84,TXN,SLC6A11,IGF1,PTPRC,NDUFA10,GDNF,VPS50,NGF,CRP,PDK1,SOCS3,IGHV3-11,IL2,QPRT,HLA-B,SOD2,IFNA2,WFDC2,COX7A2,TRAF6,GDNF,NDUFS2,NDUFS1,FOXP3,HLA-DRA,CD8A,CD14,STAT3,HSPA1B,BPIFA1,CD20,COX6A1,IDH1,NDUFAB1,NARF,UQCRC1
PDK4,KLRK1,COX7A1,TFAM,COX7C,DRD4,ATP5PB,NDUFAF5,CD38,MT-CYB,APOE,PDCD1,DDX58,IL5,ATP5F1A,COX4I1,CD39,TRAPPC11,MAPK8,CD19,CFTR,NDUFV2,CPT1A,BAG3,TGFB1,DIO2,PPARA,TLR3,SDHB,MYD88,CS,EGFR,CHRM4,ATF4,CD27,RSAD2,BCL2,HSPB6,PPARGC1A,DPM1,COMT,ICAM1,KMO,C1orf112,,PRDX6,SOD1,PFKM,IGHG1,TPH2,ATP5F1A,HSPB6,BAX,HK1,hsa-miR-150-5p,TXNRD1,CD28,PDHB,TRPA1,IFI44,MAPK1,TRPV1,SIRT1,TNFRSF1A,TXNRD1,HLA-DRB1,IGFBP3,CTLA4,NDUFA11,GRIN1,HSPB6,GDNF,IL8,PRKAA1,CXCL10,IGHV3-48,IL7,TPH2,HLA-DRB1,GPX1,IFNA4,AGR2,COX8A,TRAF3,NTRK1,NDUFS3,SDHA,CAMP,HLA-DRB1,CD19,NLRP3,IRF3,HSPA5,WFDC2,CD27,COX6B1,IDH2,SDHA,CLTCL1,SDHA
PDHB,KLRD1,COX7C,CS,COX8A,HTR1A,ATP5PD,MAPK3,PARP1,MT-CO1,APP,CD274,IFIH1,IL12A,ATP5F1B,COX7A2,TIM3,TRAPPC1,JAK1,CD56,ANKIB1,NDUFV3,CPT2,STUB1,TLR9,THRA,PPARG,TGFB1,SDHC,IRF3,ACO2,KRAS,CLOCK,OAS1,CD274,IFIT1,IFNA1,ARHGAP33,PPARA,SCYL3,MT-CYB,CCL5,HAAO,FUCA2,,GSR,NFE2L2,LDHA,IGHM,SLC6A4,NDUFB3,ARHGAP33,CASP3,PKM,hsa-miR-181b-5p,CLOCK,IL7R,MTOR,P2RX7,IFI44L,CD19,TRPA1,SIRT3,CDC42,GSR,HLA-DQB1,FGF2,PDCD1,NDUFA12,GRIN2A,ARHGAP33,CREB1,CCL5,PRKAA2,CCL2,KLRK1,IL11,TDO2,HLA-DQB1,GPX3,IFNA5,CXCL17,NDUFB2,TRAF2,NTRK2,NDUFV1,SDHB,MS4A1,IL17A,CD20,PYCARD,IRF7,HSP90AA1,CSN1S1,CD38,COX6C,DLAT,UQCRC1,GON7,SDHB
IDH1,PRF1,COX8A,SDHA,CYCS,HTR2A,ATP5PF,NFKBIB,PARP2,MT-ATP6,BACE1,CCL2,MAVS,IL12B,ATP5F1C,CYCS,HLA-DR,TRAPPC12,JAK2,KLRK1,CYP51A1,CYCS,ACAT1,APP,VCAM1,IGF1,NFE2L2,VEGFA,SDHD,IRF7,IDH2,MYC,ARNTL,RNASEL,CD38,IFIT2,IFNB1,NDUFAB1,HIF1A,C1orf112,TSPO,NFKBIA,ACMSD,GCLC,,HMOX1,PRDX3,PDHB,IGHA1,HTR1A,COX4I1,NDUFAB1,MAPK1,MT-ATP6,hsa-miR-374b-5p,ARNTL,IL15,HIF1A,ASIC3,IFIT1,CD8A,SCN9A,UCP2,CDH19,GSTP1,HLA-A,EGF,HLA-DRA,NDUFA13,GRIN2B,NDUFAB1,HDAC1,IFNB1,CPT1A,CCL5,KLRD1,IL32,ACSS1,CCL5,GPX4,IFNA6,TFF1,NDUFS1,NFKB1,GRIN1,SDHA,IDH1,CD79A,IL2,CD27,CASP1,TGFB1,HSPB1,CASP14,PD1,COX7A2,CS,PDK1,RAB18,POLG
IDH2,GZMB,CYCS,SDHB,UQCR10,IL17A,ATP5PO,JAK3,FOXO1,RYR1,PSEN1,CCL5,CGAS,IL13,ATP5F1D,IDH1,CTLA4,TRAPPC3L,PTPN2,GZMB,KRIT1,COX4I1,HMGCS2,MAPK1,ATP5F1A,INSR,TFAM,IGF1,UQCR10,JAK1,SUCLA2,MAPK14,PER1,MX1,CD3D,IFIT3,MX1,PDK4,CPT1A,FGR,HSPA1A,TRPM3,GPC5,STPG1,,NQO1,TXN,CS,IGLC1,HTR2A,UQCRC1,PDK4,MAPK8,MT-CO1,hsa-miR-486-5p,PER1,IL15RA,VEGFA,SCN9A,IFIT2,TRAF6,SCN10A,CPT1A,CD5L,HMOX1,HLA-B,EGFR,HLA-DRB1,NDUFAB1,GRIA1,PDK4,HDAC2,MX1,ACADVL,CXCR3,KLRC1,IL4,ACSS2,CXCL8,PRDX1,IFNA7,IL17A,NDUFS2,RELA,GRIN2A,SDHB,IDH2,CD79B,IL4,CD38,IL18,MMP9,GATA2,KLK5,CTLA4,COX7C,SDHA,PDK2,POLD4,TFAM
LDHA,SOD1,PDHB,SDHC,UQCR11,IL23A,ATP5ME,NFKB1,FOXO3,TRPM3,MAPT,CXCL10,TBK1,IL17A,ATP5F1E,IDH2,NKG2A,CD7,PTEN,PRF1,RAD52,COX5A,BDH2,MAPK8,ATP5F1B,LEPR,SOD1,KEAP1,UQCR11,JAK2,FH,JAK1,PER2,DDX58,CD4,DDX58,OAS1,SLC22A16,IFIH1,CFH,IL6R,COMT,RIN3,NIPAL3,,TXNRD1,GCLC,ACO2,NDUFA1,COMT,CYCS,SLC22A16,JUN,MT-CYB,BAFFR,PER2,IL2,EPO,SCN10A,IFIT3,TNF,CACNA1C,CPT2,CDHR2,NFE2L2,HLA-C,MMP9,IL2RA,NDUFB1,GRIA2,SLC22A16,SIRT2,OAS1,ACADM,CCR5,KLRC2,IL5,MTOR,NDUFS2,PRDX2,IFNA8,IL4,NDUFS3,IRAK1,GRIN2B,UQCRC1,CS,IGHV1-18,IL13,CD69,CCR5,IDO1,GATA3,IL2RA,FOXP3,COX8A,SDHB,PDK4,COG7,ELOVL1
LDHB,SOD2,DLAT,SDHD,UQCRB,IFNA1,NDUFA2,STAT1,ASIC3,TRPA1,PARK2,IL18,ISG15,IL18,ATP5MC1,MDH1,IL2,XIAPP3,FOXO3,FASLG,MYH16,COX5B,CYP2D6,MAPK14,COX4I1,ADIPOQ,SOD2,HMOX1,UQCRB,TYK2,MDH2,JAK2,PER3,IFIH1,CD40,IFIH1,TLR3,ZMYND10,DDX58,FUCA2,POLG,BDNF,IGFBP1,TGFB3,,GCLC,GSR,IDH2,NDUFB1,MAOA,PPARGC1A,ZMYND10,FOS,MT-ND1,TNFRSF13C,CRY1,IL17A,EPOR,DDX58,IFITM1,IL6,COX4I1,ACADM,IL4R,PPARGC1A,FABP7,TIMP1,IL7R,NDUFB2,GABA,ZMYND10,SIRT3,IFIT1,HADHA,CD40,NCR1,IL1A,PPARGC1A,NDUFS3,PRDX3,IFNA10,IL13,NDUFV1,IRAK4,GRIA1,UQCRC2,ACO2,IGKV3-11,CCL2,CD80,CXCR3,PRKCE,SPI1,IL7R,TGFB1,UQCRC1,SDHC,HK2,MIOS,ACOT7
PKM,GPX1,DLD,FH,UQCRC1,IFNB1,NDUFA3,SDHB,TRPM3,P2RX7,LRRK2,CASP1,IFIT1,IFNA1,ATP5MC2,MDH2,IL21,TRAPPC5,SOCS3,FAS,HS3ST1,ATP5F1A,CYP3A4,AKT1,COX5A,IFNA1,CAT,NQO1,UQCRC1,AKT1,SOD1,TLR4,CRY1,CLEC4M,CD68,DHX58,IRF3,ABCB5,MX1,GCLC,EBV,ACHE,IGFBP3,PTPN22,,GCLM,NQO1,OGDH,NDUFS1,DRD2,NFE2L1,ABCB5,NOS1,SOD1,TRPM3,CRY2,NFKB1,IDH1,IFIH1,IFITM2,IL10,COX5A,ACADVL,CDH17,DNM1L,MMP9,PPARA,TNFRSF1A,SOD1,GABRA1,ABCB5,PRDX1,DDX58,NQO1,BAFF,NCR2,IL17A,FOXO3,SDHA,PRDX5,IFNA13,CCL2,NDUFV2,MAPK1,GRIA2,COX4I1,OGDH,TNFRSF13C,CCL5,CD86,CD40,MAPK1,RUNX1,TLR4,CCL5,UQCRC2,SDHD,PFKM,PNPT1,ACAT1
HK1,CAT,SDHA,MDH2,UQCRC2,TNFRSF1A,NDUFA4,COX4I1,TRPV1,BCL2,PINK1,HMGB1,IFIT2,IFNB1,ATP5MC3,PDHB,CD41,TRAPPC6B,CREB1,TLR7,AOC1,ATP5F1B,MTHFR,PIK3CA,COX6A1,IFNB1,GPX1,GSR,UQCRC2,AKT2,SOD2,TLR2,CRY2,CCDC157,CD72,TLR9,IRF7,SLC25A13,OAS1,NFYA,ACTB,MTHFR,IZUMO1,CTLA4,,GSS,TXNRD1,SDHA,COX1,OPRM1,SOD1,SLC25A13,NOS3,SOD2,CXCR5,NPAS2,KLRC1,IDH2,TLR9,IFITM3,STAT3,DRD2,HADH,CDC14A,MFN1,MMP2,PPARG,TNFRSF1B,SOD2,HTR1A,SLC25A13,PRDX2,IFIH1,HMOX1,APRIL,NCR3,IL17F,SIRT1,SDHB,PRDX6,IFNA14,CCL5,ATP5PO,MAPK3,HTR1A,COX5A,DLST,PIGR,CXCL8,FOXP3,CD40LG,MAPK3,CEBPA,TLR7,CXCL9,UQCRFS1,PPARGC1A,LDHA,FBXO38,ACADM
HK2,TPSAB1,SDHB,IDH3A,UQCRFS1,MIF,NDUFA5,COX5B,COMT,BAX,ACE,TLR4,IFIT3,CCL2,ATP5ME,CS,CD45,PAPPA,MYC,TLR9,WNT16,ATP5F1C,COMT,MTOR,CYCS,IFNAR1,GPX4,TXN,UQCRFS1,AKT3,CAT,CD14,NOX4,MAP7,CD74,MAVS,APP,ST7,IFIT1,STPG1,TNFA,ADRB2,FUT1,RIN3,,TRPC1,PRDX1,SDHB,COX2,CRH,SOD2,ST7,VEGFA,CAT,MECP2,GRIK2,KLRC2,MDH1,IRF3,IFNAR1,NFKB1,HTR2A,CS,CXCL2,MFN2,BDNF,PGC1A,TLR2,CAT,HTR2A,ST7,PRDX3,IRF3,NFE2L2,BCL6,FCGR3A,IL23A,NAMPT,UQCRC1,MPO,IFNA16,CXCL10,ATP5F1A,MAPK8,HTR2A,ATP5F1A,SUCLG1,CXCR5,CXCL10,ICOS,ICOS,MAPK8,COMT,MYD88,IL7R,UQCRH,NRF1,SOD1,ZC3H15,FASN
GCK,TPSB2,SDHC,OGDH,UQCRH,IRF3,NDUFA6,JAK1,TRPA1,CASP3,ACE2,TLR7,OASL,CCL3,ATP5MF,ACO2,CD235a,TRAPPC4,VEGFA,NDUFV1,HECW1,ATP5F1D,NOS2,RHOA,NDUFB1,IRF3,GSR,TXNRD1,UQCRH,MTOR,GPX1,MD2,NOS2,NPAS2,CD79A,STING1,ESRRA,CDC27,ISG15,NIPAL3,HNMT,TPH2,ZBTB46,IGFBP1,,TRPC3,GPX4,UQCRC1,ATP5A1,CRHR1,CAT,CDC27,HIF1A,GPX1,NTRK1,TPPP,KLRC3,MDH2,IRF7,IFNAR2,TLR4,ADRA1A,IDH1,CDH7,OPA1,NGF,SIRT1,TLR9,GPX1,DRD2,CDC27,PRDX5,IRF7,KEAP1,PRDM1,FCGR3B,IL26,CD38,UQCRC2,ELANE,IFNA17,TLR2,ATP5F1B,MAPK14,DRD1,ATP5F1B,SUCLG2,EBF1,CD40,ICOSLG,CD28,PIK3CA,DBH,SOD2,IL15,UQCRQ,TFAM,SOD2,MPND,SLC25A4
SLC2A1,BDNF,SDHD,DLST,UQCRQ,IRF7,NDUFB1,PDK4,DDC,CASP8,AGTR1,TLR9,OAS2,CCL4,ATP5MG,ACLY,CCR5,ESRRAP1,BDNF,NDUFV2,MAD1L1,ATP5F1E,NOS3,CDC42,NDUFS1,IRF7,PRDX1,GPX4,UQCRQ,PTEN,GPX4,MYD88,NOS3,SLC25A16,CD79B,CGAS,GPC5,SLC4A1,DNMT1,ENPP4,APOE,MAOA,LINC00333,IGFBP3,,CACNA1C,SOD3,COX4I1,ATP5B,POMC,GPX1,SLC4A1,VCAM1,GPX4,AGO2,GPC5,KLRC4,SOD1,OAS1,IFNB1,TLR7,ADRA2A,IDH2,CDC14B,POLG,TGFB1,SIRT3,MAVS,GPX4,OPRM1,SLC4A1,PRDX6,ISG15,GSR,CD27,GZMB,IL12B,PARP1,COX5A,ANXA6,IFNA21,TLR9,ATP5MC1,JUN,DRD2,SOD1,LDHA,FLT3,CTLA4,IGHM,CTLA4,AKT1,TPH1,GPX1,IL12A,CYC1,PPARA,GPX1,ADPRHL2,UCP2
SLC2A4,NGF,NDUFV1,SUCLG1,NDUFA2,MX1,NDUFB2,ATP2C1,KYNU,FASLG,AGTR2,MYD88,OAS3,CCL5,ATP5PB,SOD1,IL10,TRAPPC12-AS1,NGF,NDUFS1,LASP1,SOD1,PTGS2,COMT,NDUFV1,ISG15,PRDX3,PRDX1,NFKBIA,FCGR3A,PRDX1,TRAF6,HMOX1,TCF7L2,CD8A,EIF2AK2,DDIT4,CALCR,DNMT3A,SEMA3F,DRD2,CRHR1,DPM1,IZUMO1,,SCN9A,GSTP1,ATP5F1A,UQCRC1,MC2R,GSR,CALCR,ICAM1,GSR,BATF2,IDO1,NCR1,SOD2,OAS2,IFNGR1,MYD88,HLA-A,FH,IL12RB2,TFAM,VEGFA,AMPK,IRF9,PRDX1,COMT,CALCR,NQO1,CXCL9,TXN,CD38,GZMK,IL20RA,CRP,ATP5F1A,VIM,IFNB1,MYD88,ATP5MC2,FOS,COMT,SOD2,LDHB,FKBP5,PDCD1,IGHD,PDCD1,MTOR,TPH2,HMOX1,IL4,CYCS,PPARG,CAT,NEDD8,UCP3
CPT1A,PRPF8,NDUFV2,ACO2,NDUFA3,OAS1,NDUFB3,ATP1A2,HAAO,CD95,VEGFA,IRF3,EIF2AK2,CXCL8,ATP5PD,SOD2,MMP9,PAPPA-AS2,NMDA,NDUFS2,SNX11,SOD2,ALOX5,SLC6A4,PPARGC1A,MX1,PRDX5,SOD1,TNFAIP3,FCGR3B,NFE2L2,IRAK4,GSR,ADRB2,CHRM1,ADAR,CD40,DVL2,HDAC1,CFTR,TPH2,MC2R,SCYL3,FUT1,,SCN10A,GCLM,CRH,IDO1,NR3C1,NQO1,DVL2,PTGS2,TXN,BHLHA15,IDO2,NCR2,CAT,OAS3,IFNGR2,IRAK4,HLA-B,MDH1,CD59,NRF1,IDO1,MTOR,MX2,PRDX2,MAOA,DVL2,HMOX1,CXCL11,TXNRD1,IGHV3-23,PRF1,IL17RB,MMP9,ATP5F1B,STK17B,IL12A,IRAK4,ATP5MC3,PIK3CA,MAOA,CAT,PKM,IGHM,ATP5F1A,IGHG1,CD274,HIF1A,TRPM3,NFE2L2,IL5,IL10,PRKAA1,PRDX1,QRICH1,AMPK
CPT2,HPGD,NDUFV3,PDHB,NDUFA4,OAS2,NDUFB4,ATP2B4,ACMSD,TNFRSF1A,KDR,IRF7,MX2,CXCL9,ATP5PF,GPX1,GZMB,MTAPP2,GRIN1,NDUFS3,TMEM176A,CAT,LTA4H,DRD2,SDHA,OAS1,TXN,GCLC,IL6,CD69,HMOX1,NFKBIA,NFE2L2,CHRM3,CHRM3,BST2,CD80,PRSS22,SIRT1,ANKIB1,HTR1A,POMC,C1orf112,ZBTB46,,KCNJ10,KEAP1,CRHR1,IDO2,FKBP5,HMOX1,PRSS22,SCN9A,NFE2L2,EZH2,HLA-DQA1,NCR3,GPX1,MX1,TLR1,IRF7,HLA-DQA1,MDH2,CD82,NR3C1,FOXP3,AKT1,OAS2,PRDX3,TPH1,PRSS22,ATF4,CD19,PRDX1,IGLC7,IL1A,IL2RB,ICAM1,NRF1,ACTB,IL12B,TRAF6,ATP5ME,AKT1,MAOB,GPX1,HK1,IGHG1,ATP5F1B,IGHG2,FAS,VEGFA,TRPM7,PPARGC1A,GATA3,IL17A,SOD1,PRDX2,KLF3,MTOR
SOD1,FCER1A,SOD1,DLD,NDUFA5,OAS3,SDHA,ATP2C2,QPRT,RIPK1,FLT1,IFNA1,RSAD2,CXCL10,ATP5PO,GPX4,GZMA,SLC4A1APP1,GRIN2A,NDUFS4,M6PR,GPX1,EPHX2,HTR2A,SDHB,RSAD2,TXNRD1,GCLM,IL1B,IL2RA,NQO1,RELA,HTR1A,CHRM4,CHRNA7,APOBEC3G,IL2RA,UPF1,EZH2,CYP51A1,COMTD1,ESR1,FGR,CD4,,KCNJ11,PRDX2,CRHR2,PDH,BDNF,NFE2L2,UPF1,TRPV1,HMOX1,WHSC1,ESRRA,GZMA,GPX4,ISG15,TLR2,IRF3,HLA-DRB1,OGDH,CDIP1,CRHR1,CD28,PI3K,OAS3,PRDX5,TPH2,UPF1,EIF2AK1,CD3E,GCLC,IGKV3-11,IL12A,IL21R,VCAM1,TFAM,GAPDH,UQCRC1,IRF3,ATP5MG,MTOR,TPH1,GPX4,HK2,IGHG2,ATP5F1C,IGHG3,FASLG,NOS2,RYR1,MT-ATP6,TBET,IL18,SOD2,HMOX1,SPHK2,AKT1
SOD2,GZMA,SOD2,NDUFV1,NDUFA6,APOBEC3G,SDHB,GSTO2,NAPRT,NLRP3,HIF1A,IFNB1,BST2,CTLA4,COX4I1,CAT,PRF1,CSF2RBP1,COMT,NDUFS7,CYP26B1,GSR,ACHE,GABBR1,SDHC,IFIT1,HMOX1,NDUFA9,TNF,IL2RB,GSR,JUN,HTR2A,HTR2A,CHRNE,SAMHD1,TGFB1,SKAP2,NOS3,KRIT1,SERPINA1,NR3C1,CFH,CD8A,,DNMT1,GPX3,POMC,SDH,NGF,KEAP1,SKAP2,CACNA1A,NQO1,BLM,APP,GZMH,GSR,MAPK1,TLR3,MAVS,POMC,SUCLA2,CD209,POMC,CTLA4,PTEN,OASL,PRDX6,SLC6A4,SKAP2,EIF2AK2,KLRK1,GCLM,ATP5F1A,IL12B,IL27RA,SELP,PPARG,NFE2L2,UQCRC2,IRF7,ATP5PB,PTEN,TPH2,PRDX1,PFKM,IGHG3,ATP5F1D,IGHG4,FOXO1,NRF1,RYR2,MT-CYB,RORC,IL2RB,CAT,GSR,ZNHIT1,PI3K
CAT,MS4A3,CAT,NDUFV2,NDUFA7,ISG15,SDHC,ATP1B3,NAMPT,TLR4,EPAS1,ISG15,IFI44,PDCD1,COX5A,TXN,IFNA,ESRRAP2,TPH2,NDUFS8,ICA1,PRDX1,BCHE,GRIN2A,SDHD,IFITM3,NQO1,SDHA,IFNG,CTLA4,GCLC,FOS,DRD1,DRD2,CIART,NDUFS1,HIF1A,MCUB,EDN1,RAD52,TH,ADCYAP1,DEFA1,LINC00333,,DNMT3A,NR3C1,MC2R,AMPK,GDNF,TXN,MCUB,OPRM1,GCLC,IRF4,CD74,GZMM,TXN,MAPK3,TLR4,STING1,FKBP4,SUCLG1,IL5RA,FKBP5,PD1,IDO1,IFIT1,KEAP1,SLC6A3,MCUB,EIF2AK3,GZMA,CRH,ATP5F1B,IL17A,IL10RA,ELANE,SIRT1,HMOX1,NDUFB3,STAT1,ATP5PD,TP53,SLC6A4,PRDX3,PGAM1,IGHG4,ATP5F1E,IGHA1,SIRT3,SIRT1,CHRM3,MT-CO1,FOXP3,IL6,GPX1,GSS,ATG3,PTEN
GPX1,UGCG,GPX1,NDUFS1,NDUFA8,PSMA3,SDHD,ATP2B1,NMNAT1,TLR7,VHL,MX1,IFI44L,CD274,COX5B,TXNRD1,IFNB,SLC4A1APP2,SLC6A4,NDUFA1,DBNDD1,PRDX2,MAOA,GRIN2B,TFAM,DDX58,GCLC,UQCRC1,IL10,PDCD1,GCLM,PTGS2,DRD2,GDF15,CLOCK,NDUFS3,VEGFA,HOXA11,VEGFA,MYH16,CCR5,ADCYAP1R1,ATP5J,GPC5,,DNMT3B,CRH,NR3C1,PGC1A,APP,SLC34A2,HOXA11,TAC1,PRDX1,BLIMP1,FABP7,FCGR3A,TXNRD1,MAPK8,TLR7,CXCL10,HSP90AA1,PINK1,CDV3,BDNF,PDL1,KYNU,IFIT2,GSR,ADRB1,HOXA11,EIF2AK4,GZMB,CRHR1,ATP5F1C,IFNA1,IL4R,TMPRSS2,SIRT3,HSP90AA1,NDUFB6,STAT3,ATP5PF,MYC,SLC6A3,GSR,ENO1,IGHA1,NDUFB1,IGHA2,PPARA,SIRT3,CHRM1,ATP5F1A,IL21,IL1B,GPX4,GCLC,DIS3,IRS1
GPX4,ANXA3,GPX4,NDUFS2,NDUFA9,PSMA4,UQCRC1,TRPM5,NMNAT2,MYD88,EGLN1,OAS1,IFI6,ICOS,COX6A1,PRDX1,STAT1,MTAPP1,ADRA2A,NDUFA2,ALS2,PRDX3,MAOB,CHRNA7,UCP2,MAVS,GCLM,COX4I1,IL2,CD28,GSS,NOS3,COMT,GFRAL,COX4I1,SDHA,DPM1,POLR2J,ACE,BAD,IFNGR1,FKBP5,COX5B,SLC34A2,,HDAC1,CRHR1,NR3C2,SOD1,APOE,GABRG1,POLR2J,P2RX7,PRDX3,PAX5,LALBA,FCGR3B,NQO1,MAPK14,TLR8,CXCL9,HSPA5,OPA1,CD200,CRH,IL17A,TPH1,IFIT3,TXN,ADRA1A,POLR2J,DPM1,PRF1,POMC,ATP5F1D,IFNB1,IL5RA,CDC27,HK2,HSPA1A,COX4I1,NFKB2,UQCRC1,BCL2,CRH,NRF2,GAPDH,IGHA2,NDUFC1,IGHE,PPARG,PGC1A,CHRNA7,NDUFA9,IL22,IL4,GSR,GCLM,VKORC1,IGF1
GSR,IQGAP1,GCLC,NDUFS3,NDUFA10,PSMB1,UQCRC2,ATP2A3,NMNAT3,IRF3,CRP,PKR,IFITM1,CD28,COX6B1,PRDX2,STAT3,TRAPPC2P2,ADRB2,NDUFA9,TFPI,NRF2,HTR1A,MX1,UCP3,CGAS,GSS,CYCS,IL4,ICOS,GSTP1,EDN1,SLC6A4,RET,COX5A,SDHB,SCYL3,DHX33,TRPV1,LAP3,IL2,CNR1,UQCRH,GABRG1,,HDAC2,FKBP5,FKBP4,SOD2,SNCA,ROS1,DHX33,CLOCK,BDNF,BCL6,GNAT3,LAMP1,HMOX1,AKT1,TLR9,CXCL8,OAS2,MFN2,CDC45,CRHR2,IL23A,TPH2,BST2,TXNRD1,CRHR1,DHX33,SCYL3,FASLG,MC2R,ATP5F1E,TLR2,IL12RB1,TNFRSF12A,PFKM,HSPA5,COX4I2,RELA,UQCRC2,BAX,CRHR1,KEAP1,ACLY,IGHD,NDUFS1,IGHV,UCP2,FAS,PPARA,SDHA,IL23A,IL12A,NQO1,NQO1,TNPO1,IGF1R
TXN,HNMT,GCLM,NDUFA9,NDUFA11,PSMB2,UQCRFS1,KEAP1,BECN1,IRF7,IL6R,JAK1,IFITM3,CD80,COX6C,HMOX1,JAK1,IGHV3-30-2,NOS1,NDUFB6,NDUFAF7,KEAP1,HTR2A,OAS1,UQCRC1,EIF2AK2,NOX4,SIRT3,IL13,LAG3,TXN,ACE2,TPH1,NPY,COX5B,UQCRC1,C1orf112,MEOX1,SCN9A,HS3ST1,CD8A,OPRM1,NDUFB3,ROS1,,SIRT1,POMC,FKBP5,GPX1,PRNP,AGR2,MEOX1,PER1,NGF,BACH2,DPM1,KIR2DL1,NFE2L2,MTOR,CD3D,CCR2,OAS3,FIS1,CDC6,TRPM3,CCL2,SLC6A4,RSAD2,HMOX1,CRHR2,MEOX1,C1orf112,FAS,NR3C1,NDUFA1,TLR9,IL12RB2,CCL26,PKM,NPY,PDHB,RELB,UQCRFS1,CASP3,POMC,PGC1A,ACACA,IGHE,NDUFV1,IGLC,CPT1A,FASLG,PPARD,UQCRC2,BCL2,IL12B,HMOX1,ADRB1,TBC1D15,INSR
TXNRD1,AQP9,GSR,UQCRC1,NDUFA12,PSMB5,UQCRH,TRPM3,ATG5,IFNA1,IL17A,JAK2,ISG20,CD86,COX7A2,NQO1,JAK2,XIAPP2,NOS2,UQCRC1,RBM5,MT-ND1,DRD2,OAS2,UQCRC2,TP53,NOS1,MAPK8,IL17A,TIGIT,TXNRD1,AGTR1,TPH2,ESR1,COX6A1,COX4I1,FGR,THSD7A,SCN10A,AOC1,TNR,SLC6A4,SOD1,AGR2,,KDM1A,SLC6A4,AVP,CAT,MSRB3,GNAT3,THSD7A,CRY1,NTRK2,XBP1,SCYL3,CD22,KEAP1,PIK3CA,CD3E,CCR7,COMT,POLG,CDC23,CACNA1C,CCL5,HTR2A,IFNA1,NQO1,NR3C1,THSD7A,FGR,TNFRSF1A,FKBP5,NDUFA2,NFKB2,COX10,CDKL3,CPT2,DRD2,SDHA,KLRK1,CYCS,CASP8,ACTH,SIRT1,FASN,IGLL5,SDHA,IGKC,ACOX1,CASP3,PPARG,COX4I1,BAX,IL13,NFE2L2,ADRB2,SCAF11,GLUT1
PRDX1,DEGS1,TXN,UQCRC2,NDUFA13,PSMC1,UQCRQ,GSTP1,ATG7,IFNB1,CCL2,STAT1,ATP5F1A,MTOR,COX7C,GSR,TYK2,WTAPP1,ACE,UQCRC2,MTMR7,MT-ND2,DRD4,OAS3,ACAD9,BCL2,NOS2,MAPK14,GZMA,HAVCR2,GPX3,AGTR2,CRH,ESR2,COX6B1,ATP5F1A,CFH,LIG3,TAC1,WNT16,CDC,DRD2,SOD2,GNAT3,,EHMT2,BDNF,AVPR1A,GSR,MTHFR,SFTPA2,LIG3,HSP90AA1,COMT,CD19,C1orf112,CD38,NOS1,JAK1,CD3G,CD86,CYP1A2,TWNK,IL11,SCN9A,CXCL10,DRD2,IFNA2,GCLC,CRH,LIG3,CFH,TNFRSF1B,FKBP4,NDUFA3,RELA,COX15,CCDC124,ACADM,ADRA2A,SDHB,GZMB,SOD2,CASP9,NR3C1,SIRT3,CPT1A,ATP5J2,SDHB,KLRK1,ACADM,CASP8,DPM1,PDHA1,CASP3,IL15,KEAP1,ADRA1A,FAM98A,GLUT4
PRDX3,ABCD2,TXNRD1,UQCRFS1,NDUFAB1,PSMC2,CYCS,TRPM7,SQSTM1,OAS1,CXCL8,STAT3,COX4I1,HIF1A,COX8A,GCLC,SOCS1,PAPPA-AS1,MTHFR,UQCRFS1,SLC7A2,MT-ND3,OPRM1,IFIT1,ACO2,MTHFR,NOS3,BCL2,GZMB,BTLA,SRXN1,HMGB1,CRHR1,CYP19A1,COX6C,ATP5F1B,FUCA2,RPAP3,P2RX3,HECW1,PTSD,HTR2A,CAT,SFTPA2,,EZH2,HTR2A,AVPR1B,GCLC,MTR,MUC5B,RPAP3,HSPA1A,DRD2,CD27,FGR,IGHM,NOS2,JAK2,CD14,CD80,CYP2D6,KEAP1,CDC5L,SCN10A,CXCL9,COMT,IFNAR1,GCLM,POMC,RPAP3,FUCA2,IL2,HSP90AA1,NDUFA4,RELB,COX6A1,CD79B,HADH,COMT,IDH1,PRF1,IDH1,FASLG,FKBP5,MT-ND1,CPT2,COX5B,SDHC,KLRD1,SLC2A1,CASP9,SCYL3,LDHA,CASP8,IL17B,TXNRD1,ADRA2A,PRDM10,PRKAA1
KEAP1,ZDHHC19,PRDX1,COX4I1,NDUFB1,PSMD1,COX4I1,ATP5F1D,PINK1,MX1,CCR5,SOCS1,SDHA,PPARGC1A,CYCS,GCLM,SOCS3,TRAPPC2B,GNAS,UQCRH,ARF5,MT-ND4,ABCB1,IFIT2,ADAR,CBS,CRH,BAX,GZMK,CD244,MSRA,S100A8,CRHR2,SLC34A2,COX7A2,ATP5F1C,GCLC,ACSM3,NDUFAF7,MAD1L1,STAT3,TSPO,GPX1,MUC5B,,PDK1,COMT,BDNF,NRF2,MTRR,SFTA3,ACSM3,BECN1,HTR2A,CD38,CFH,IGHD,NOS3,SOCS3,CD16,HLA-DRB1,GSS,SOD1,IL12RB1,TRPV1,CCR5,MAOA,IFNAR2,BDNF,ACTH,ACSM3,GCLC,IL4,HSPA5,NDUFB1,MAPK1,COX7A2,CDK11A,SLC2A1,TPH2,IDH2,FASLG,IDH2,FAS,CD4,MT-ND4,ACADM,DBI,SDHD,NCR1,SLC2A4,CYCS,C1orf112,PFKFB3,MYD88,IL21,PRDX1,CHRM1,EXOC5,PRKAA2
HMOX1,NDUFS1,PRDX2,COX5A,NDUFB2,PSMD2,COX5A,GSTT2,PRKN,DDX58,CXCR4,SOCS3,UQCRC1,NRF1,NDUFAB1,NFE2L2,IRF3,XIAPP1,MTOR,COX4I1,POLDIP2,MT-ND4L,CACNA1C,IFIT3,ADRB2,MTR,CRHR1,CASP3,CD4,CD226,TXNIP,S100A9,NR3C1,GABRG1,COX7C,NRF1,NFYA,REXO5,SLC7A2,LASP1,PDCD1,IDO1,GSR,SFTA3,,PDK4,NR3C2,NTRK2,NOX1,CBS,SMIM22,REXO5,ATG5,GABBR1,PRDM1,FUCA2,IGHG1,CYBA,CLOCK,CD20,HLA-DPB1,GSTM1,SOD2,CDC7,ASIC3,CXCR3,MAOB,IFNGR1,NGF,FKBP5,REXO5,NFYA,IL5,HSPB1,NDUFB2,MAPK3,COX7A2L,IL32,SLC2A4,SLC6A4,ACAT1,CD28,IL2,TGFB1,CD8A,MT-CO1,SOD1,ATP5A1,UQCRC1,FCGR3A,HK2,PARP1,FGR,HIF1A,IRAK4,IL23A,PRDX3,CHRM2,DNTTIP2,HIF1A
NQO1,NDUFS3,PRDX3,COX5B,NDUFB3,MAPK1,COX5B,GSTZ1,BNIP3,IFIH1,NLRP3,PTPN22,PDK1,SOD1,NDUFB2,KEAP1,IRF7,APP-DT,AKT1,COX5A,PLXND1,MT-ND5,SCN9A,ISG15,APOE,SHMT1,CRHR2,CASP9,CD8A,TNFSF10,NR3C1,TLR9,NR3C2,ROS1,COX8A,TFAM,STPG1,CIAPIN1,HSPB6,SNX11,CD19,CAT,NRF2,SMIM22,,PPARA,TPH2,NGF,NOX4,FOLR1,CXCL17,CIAPIN1,TLR2,GRIA1,IL10,NFYA,IGHG2,NCF1,ARNTL,CD28,ATP5F1A,SOD2,CAT,CDC34,IDO1,IL7R,CRP,IFNGR2,NTRK1,CD3E,CIAPIN1,STPG1,IL13,TRPM3,NDUFB3,MAPK8,UQCRC1,MAPK8IP2,SOD1,DBH,ACADM,CTLA4,IL4,SMAD2,CD19,MT-CO2,SOD2,ATP5B,UQCRC2,GZMB,PFKM,HMOX1,CFH,VEGFA,TRAF6,IFNG,GCLC,CHRM3,MFSD10,VEGFA
GCLC,ATP5F1C,PRDX5,ATP5F1A,NDUFB4,MAPK3,COX6A1,HIF1A,BNIP3L,ISG15,CASP1,PTPN2,PPARGC1A,SOD2,NDUFB3,HSP90AA1,IRF9,CCL2,PIK3CA,COX5B,AK2,MT-ND6,SCN10A,RSAD2,BDH1,IDO2,POMC,COMT,CD3D,IFNAR1,FKBP5,IFNA1,POMC,AGR2,CR2,SOD2,NIPAL3,SPPL2B,NDUFAB1,TMEM176A,HIF1A,HMOX1,KEAP1,CXCL17,,PPARG,ADRB2,NGFR,DUOX1,SLC19A1,BPIFA1,SPPL2B,NOD2,GRIN1,IL6,STPG1,IGHG3,NCF2,PER1,CD40,ATP5F1B,GPX1,BDNF,CDHR5,ADRB2,CD56,APOE,STAT2,NTRK2,CD4,SPPL2B,NIPAL3,IL12A,TRPA1,NDUFB4,MAPK14,ATP5F1D,CD9,GPX4,MAPK4,CPT1A,PDCD1,IL6,SMAD3,CD56,MT-ATP6,CAT,ATP5C1,COX4I1,PRF1,PKM,NQO1,FUCA2,IKBKB,RIPK1,IFNA1,GCLM,DRD1,ERGIC3,EPAS1
GCLM,ATP5F1A,PRDX6,SOD1,NDUFB5,MAPK8,COX6B1,GSR,NRXN1,APOE,IL18,LCK,PRKAA1,GPX1,NDUFB4,HSPA1A,MAVS,CCL20,PRKAA1,COX6A1,RBM6,MT-CYB,TRPV1,DHX58,CBS,TDO2,MC2R,APOE,CD3E,IFNAR2,CRH,IFNB1,FKBP5,GNAT3,CREB1,UCP2,ENPP4,FAM214B,SLC22A16,M6PR,FOXP3,NQO1,HMOX1,BPIFA1,,PPARGC1A,HTR1A,HTR1A,MTHFR,SHMT1,WFDC2,FAM214B,DNMT1,SLC6A4,TNF,NIPAL3,IGHG4,NCF4,PER2,CD40LG,COX4I1,CAT,NGF,IL2RB,HTR2A,BCL2,BDNF,SOCS1,NGFR,CD8A,FAM214B,ENPP4,IL12B,SCN9A,NDUFC1,SOD1,ATP5F1B,CD4,GSR,ARRB1,CPT2,CD274,IL7,SMAD4,FOXP3,MT-CYB,GPX1,ATP5D,COX5A,ATP5A1,LDHA,GSR,GCLC,RELA,CYBB,IFNA2,GSS,DRD2,PDSS2,PDK1
GSS,COX5B,NQO1,SOD2,NDUFB6,MAPK14,COX6C,ATP1A3,IL17A,APP,IDO1,ZAP70,PRKAA2,CAT,NDUFB5,KLRC1,MYD88,IL2RA,PRKAA2,COX6B1,CAMKK1,MT-CO1,TRPA1,VEGFA,CYP1A1,KYNU,NR3C1,MMP9,CD3G,IFNGR1,CRHR1,IRF3,DPM1,SFTPA2,CREB3,SLC25A4,SEMA3F,COPZ2,SLC25A13,CYP26B1,CD4,GSTP1,NQO1,WFDC2,,CPT1A,DRD2,HTR2A,COMT,DHFR,CSN1S1,COPZ2,NDUFAF7,SLC6A3,IFNG,ENPP4,IGHA1,CRH,CRY1,CD45,NDUFB8,PER1,NTRK1,CDKL1,TPH2,BAX,NGF,SOCS3,GRIN1,CD19,COPZ2,SEMA3F,IL23A,SCN10A,NDUFC2,SOD2,ATP5PB,CD22,TXN,GOLGA4,SOD1,HLA-DRA,IL10,CREB1,CTLA4,IDO1,GPX4,ATP5E,COX6A1,ATP5B,PDK1,TXN,NFYA,IRAK4,CYBA,IFNB1,MSRA,HTR1A,ASCC1,PDK4
GSTP1,COX6A1,HMOX1,GPX1,NDUFB7,AKT1,COX7A1,SOD2,CD4,PSEN1,KYNU,ITK,NDUFS1,COX4I1,NDUFB6,KLRD1,TRAF6,CD14,PRKAB1,COX6C,RECQL,MT-CO2,OPRK1,NOS3,CYP1B1,QPRT,NR3C2,COL1A1,CD19,IFNGR2,CRHR2,IRF7,SCYL3,MUC5B,CRP,PPARGC1A,CFTR,PRKAR2B,SLC4A1,ICA1,CD3E,GSTT1,PPARGC1A,CSN1S1,,ACOX1,CRHR2,DRD2,MAOA,CYP1A2,FABP7,PRKAR2B,CD38,TPH1,IL1B,SEMA3F,IGHA2,CRHR1,CRY2,CD56,UQCRC2,PER3,NTRK2,CDKN3,SLC6A4,PARP1,GDNF,ADAR,GRIN2A,CD56,PRKAR2B,CFTR,IFNGR1,CACNA1C,NDUFS1,CAT,SDHB,CD6,TXNRD1,ABCE1,SOD2,HLA-DRB1,IL12A,CREB3,PD1,KYNA,PRDX1,ATP5F1,COX7A1,ATP5C1,PDK4,TXNRD1,STPG1,TRAF6,SOD1,TNF,TXN,HTR2A,TM9SF3,PPIF
GSTA1,UQCRC1,NFE2L2,GPX4,NDUFB8,PIK3CA,COX7C,CAT,CD8A,MAPT,HAAO,LAT,NDUFS2,COX5A,NDUFB7,KLRK1,IRAK4,CD163,PRKAG1,COX7A2,VPS50,MT-CO3,OPRD1,EDN1,CYP2D6,CYP1A1,FKBP4,PPARD,CD14,TNFRSF1A,POMC,IFNAR1,C1orf112,SFTA3,CRTC1,PPARGC1B,ANKIB1,CREBBP,TNFRSF12A,DBNDD1,TGFBR1,TXNRD1,SIRT1,FABP7,,IDH1,HSD11B1,COMT,MAOB,CYP2D6,OPN1SW,CREBBP,NDUFAB1,TPH2,IL2,CFTR,IGHE,CRHR2,HDAC1,CD68,SOD2,CRY1,CREB1,CD40,COMT,MTOR,CNTF,EIF2AK2,GRIN2B,IL2,CREBBP,ANKIB1,IL10RA,RYR1,NDUFS2,GPX1,CDC42,CCDC88C,KEAP1,PRG4,GPX1,HLA-A,IL12B,ATF4,PDL1,KMO,PRDX2,ATP5G1,NRF1,ATP5F1,CS,TXNRD2,NIPAL3,TNFRSF1A,SOD2,TNFAIP3,TXNIP,OCLN,PDZD11,HSPA1A
GSTM1,UQCRC2,KEAP1,CAT,NDUFB9,JAK1,COX8A,SOD1,CD19,TREM2,KMO,SLP76,NDUFS3,COX5B,NDUFB8,NCR1,IKBKB,CCL22,PDK1,COX8A,HSPB6,MT-ATP6,ADRA2A,ICAM1,CYP3A4,CYP2D6,FKBP5,ACADVL,TGFB1,TNFRSF1B,MC2R,IFNAR2,FGR,SMIM22,CRTC2,PDK1,CYP51A1,TSPOAP1,CCL26,ALS2,TGFBR2,SOD1,SIRT3,OPN1SW,,HIF1A,FKBP4,TPH2,TPH1,CYP3A4,SCGB2A2,TSPOAP1,CDC27,CACNA1C,IL4,ANKIB1,CD79A,POMC,HDAC2,CD80,CAT,CRY2,DLG4,CDC25B,MTHFR,PIK3CA,NT3,PRKAA2,GRIN2C,IL4,TSPOAP1,CYP51A1,TGFBR1,RYR2,NDUFS3,GPX4,CDC5L,NUDCD3,NQO1,OGG1,GPX4,HLA-B,IL15,XBP1,CD28,KYNU,PRDX3,ATP5G2,TFAM,ATP5G1,ACO2,KEAP1,ENPP4,TNFRSF1B,GPX1,TNFRSF1A,BDNF,CLDN5,CBY1,HSP90AA1
BDNF,ALDH5A1,BDNF,GSR,NDUFB10,JAK2,SOD1,PDK1,HLA-DRB1,CD33,QPRT,VAV1,NDUFV1,CYCS,NDUFB9,FCGR3A,NFKBIA,IL23A,PDK4,ATP5F1A,ARHGAP33,MT-ATP8,ADRB2,VCAM1,CYP7A1,CYP3A4,HSP90AA1,CPT1A,STAT1,IL10RA,SERPINA6,ISG15,CFH,CXCL17,CRTC3,PDK2,KRIT1,MPO,COX10,CASP10,IL13,PRDX1,AMPK,SCGB2A2,,LDHA,DRD1,SLC6A4,TPH2,ABCB1,LALBA,MPO,TNFRSF12A,SCN9A,IL5,CYP51A1,CD79B,MC2R,DNMT1,CD86,GPX1,EIF2AK3,GRIA1,CDS2,CYP2D6,AKT1,NTF4,PPARGC1B,GRIN2D,IL12A,MPO,KRIT1,NFKBIA,ITPR1,SDHA,TXN,CDC20,IL20RA,BDNF,NFYA,CAT,HLA-C,IL17A,DDIT3,IL2,QUIN,PRDX6,ATP5G3,PPARA,ATP5G2,IDH2,FH,SEMA3F,FASLG,HMOX1,TNFRSF1B,NGF,ICAM1,VPS29,HSPB1
NGF,DLD,NGF,GSS,NDUFC1,CLOCK,SOD2,MTOR,HLA-A,ABCA7,ACMSD,PLCG1,NDUFV2,NDUFB8,NDUFB10,PRF1,MAPK1,IL1B,CPT1A,ATP5F1B,NDUFAB1,PPARGC1A,CRHR1,SELE,DDX58,NAT1,BDNF,ACADM,STAT3,IL10RB,BDNF,MX1,FUCA2,BPIFA1,CRY1,PDK4,RAD52,PON1,SLC13A2,CFLAR,NOS3,PRDX6,mTOR,LALBA,,PKM,HSPA5,OPRM1,ADRB2,ABCC2,CASP14,PON1,CCL26,TRPV1,IL13,KRIT1,MS4A1,NR3C1,DNMT3A,CD94,PRDX1,EIF2AK4,GRIA2,CDK5RAP1,AMPD1,PTEN,SOD1,SIRT3,GRIA1,IL1B,PON1,RAD52,RELA,ITPR2,SDHB,TXNRD1,CDC23,CD74,NGF,STAT1,PRDX1,TAP1,IL18,HSPA5,IL2RA,ACOX1,TXN,ATP5H,PPARG,ATP5G3,SDHA,IDH1,CFTR,CTLA4,NRF2,CXCL8,NTRK1,VCAM1,ATP5MC1,HSPD1
NTRK1,TMPRSS2,NTRK1,GCLC,NDUFC2,ARNTL,CAT,GPX1,HLA-B,CHRNA7,TP53,NFAT,COX5A,NDUFS3,NDUFS1,FASLG,MAPK3,IL6,ACADM,ATP5F1C,SLC22A16,TFAM,FKBP5,ANGPT1,EDN1,NAT2,NGF,IDH1,STAT5A,IL17RA,NGF,OAS1,GCLC,WFDC2,CRY2,PDHB,MYH16,GCFC2,IL32,TFPI,DDIT4,IDH1,AKT1,CASP14,,ENO1,HSP90AA1,ADRA2A,ADRA2A,SLC22A1,KLK5,GCFC2,COX10,NR3C1,TGFB1,RAD52,CD40,NR3C2,DNMT3B,CD95,NRF2,NDUFAF7,GRIN1,CDH20,CBS,ROS1,GPX4,PPARA,GRIA2,CD14,GCFC2,MYH16,IKBKB,ITPR3,SDHC,PRDX1,CDC27,NCDN,NTRK1,STAT3,PRDX3,TAP2,IL1A,HSP90AA1,IL4,CPT1A,TXNRD1,ATP5I,FOXO1,ATP5J,SDHB,IDH2,ANKIB1,PD1,KEAP1,CXCL10,NTRK2,MMP9,RNF121,TRAP1
NTRK2,FURIN,NTRK2,GCLM,NDUFS1,PER1,GPX1,CD38,STAT3,PPARA,MDM2,AP1,COX5B,SDHA,NDUFS2,KIR2DL1,MAPK8,IL21,ACADVL,ATP5F1D,ZMYND10,IDH2,NR3C1,ANGPT2,IDH1,GPX3,GDNF,NGF,JAK1,IL17RB,ADRB1,PKR,NFYA,CSN1S1,CSNK1D,DLAT,BAD,WDR54,MAPK8IP2,NDUFAF7,SIRT1,BIP,PTEN,KLK5,,GAPDH,HSPB1,ADRB2,PPARG,SLC22A2,IL1A,WDR54,CDKL3,CRH,FOXP3,MYH16,CD14,FKBP4,KDM1A,CD107a,KEAP1,CD38,GRIN2A,TNFSF13B,MTRR,ACE2,PRDX2,PPARG,GRIA4,TLR2,WDR54,BAD,MAP2K1,ADRA2A,SDHD,PRDX2,CDC37,CCDC28A,NTRK2,DPM1,PRDX5,B2M,IL1B,HSPD1,IL5,CPT2,GSR,ATP5J,FOXO3,ATP5O,UQCRC1,ACOX1,CYP51A1,PDL1,IDO1,CXCL16,GRIN1,VEGFA,GPR108,BAX
HTR1A,ITGB1,NGFR,TXNRD1,NDUFS2,PER2,GPX4,TNFRSF12A,CD40,PPARG,CDKN1A,AKT1,COX6A1,UQCRC1,NDUFS3,KIR3DL1,MAPK14,ROS1,ACOX1,ATP5F1E,ABCB5,ACO2,MC2R,KDR,IDH2,PTGS2,NTRK1,NTRK1,JAK2,IL17RC,ADRB2,ADAR,STPG1,FABP7,CSNK1E,DLD,LAP3,CROT,SLC6A13,RBM5,HSPA5,DNAJC3,TP53,CD63,,PFKM,HSPA1A,MAPK1,PPARA,SLC47A1,IL2,CROT,CD79B,CRHR1,CD4,BAD,CD68,FKBP5,KDM5B,CD122,HSP90AA1,NDUFAB1,GRIN2B,CDADC1,MTR,ACE,PRDX3,FOXO1,GRIK1,TLR4,CROT,LAP3,MAPK8,ADRB2,UQCRC1,PRDX3,CDC45,RTEL1-TNFRSF6B,GRIN1,SCYL3,GSR,IFNA1,TNF,HSPA1A,IL12A,ACADM,NQO1,ATP5L,PDK1,COX4I1,COX4I1,CPT1A,KRIT1,IL18,KYNU,CCL2,GRIN2A,AQP4,FAM20B,BCL2
HTR2A,ITGB2,GRIN1,TXN,NDUFS3,PER3,PRDX1,ALDH3B1,CD80,UCP1,BCL2,MTOR,ATP5MC1,RN7SL1,NDUFS4,MAPK1,PIK3CA,WFDC2,PCK1,ATP5MC1,SLC25A13,SIRT1,POMC,FLT1,IFIH1,SLC6A4,NTRK2,NTRK2,JAK3,IL6R,ADRA1A,DDX58,NIPAL3,OPN1SW,CXCL10,PCK1,HS3ST1,ABCB4,SLC6A7,MTMR7,ATF4,HSPA5,BCL2,AMPK,,GPI,HSPD1,MAPK3,TPPP,FABP1,IL4,ABCB4,CDK11A,HSD11B1,CD8A,LAP3,TLR2,TH,VEGFA,CD123,HSPA1A,CACNA1G,GABBR1,CCL22,BHMT,PPARG,PRDX4,FOXO3,GRIK2,MYD88,ABCB4,HS3ST1,MAPK14,HTR2A,UQCRC2,PRDX5,CDC6,CD44,GRIN2A,C1orf112,GCLC,IFNB1,IFNA1,HSPA1B,IL12B,HADHA,HMOX1,ATP5O,PDK4,COX5A,ATP5F1A,CPT2,RAD52,IL15,KMO,CCL3,GRIN2B,MIR21,TRAM1,CASP3
DRD1,STAT1,GRIN2A,TXN2,NDUFS4,CRY1,PRDX2,CCL26,CD86,UCP2,BAX,PIK3CA,ATP5MC2,RN7SL2,NDUFS5,MAPK3,AKT1,AGR2,PCK2,ATP5MC2,ST7,SIRT3,CYP21A2,NOX4,IFNAR1,SLC6A2,ADRA2A,GRIN1,TYK2,IL6ST,ADRA2A,IFIH1,ENPP4,SCGB2A2,CXCR4,PCK2,AOC1,KMT2E,SLC7A14,SLC7A2,HLA-A,XBP1,BAX,IL8,,TPI1,ATF4,MAPK8,MAP7,CPT1A,IL5,KMT2E,IL32,HSD11B2,CD3D,HS3ST1,TLR9,DBH,EDN1,HLA-A,HSPA5,TNFRSF12A,GABBR2,CCL17,SHMT1,PPARA,TXNIP,INSR,GRIK3,NFKBIA,KMT2E,AOC1,RAF1,DRD2,UQCRFS1,PRDX6,CDC7,IFNGR1,GRIN2B,FGR,GCLM,IFNAR1,IFNA2,NFE2L2,IL13,TALDO1,NFE2L2,COX4I1,LDHA,COX5B,CPS1,ACADM,MYH16,IL23A,HAAO,CCL4,GRIA1,MIR146A,WDFY1,CASP8
DRD2,STAT3,GRIN2B,PRDX1,NDUFS5,CRY2,PRDX3,IL32,MAPK1,MC4R,CASP3,PTEN,ATP5MC3,ACTB,NDUFS6,MAPK8,mTOR,SCGB2A2,G6PC,ATP5MC3,CDC27,FOXO1,CYP11B1,NOS2,IFNAR2,COMT,ADRB1,GRIN2A,IRF3,IL7R,CHRM2,TMEM173,SEMA3F,LALBA,CYBA,LDHA,WNT16,RHBDD2,SLC25A39,ARF5,HLA-B,ATF6,CASP3,IP10,,PGA,DDIT3,MAPK14,CCDC7,CPT2,IL7,RHBDD2,CD9,CYP11A1,CD3E,AOC1,CLEC7A,COMT,NOS3,HLA-B,DNAJB1,COX10,HTR1A,CDIPT,SHMT2,NOS1,FOXO3,IRS1,GRIK4,TRAF6,RHBDD2,WNT16,PIK3CA,CHRNA7,UQCRH,GSR,CDC14A,TNFRSF1B,GRIA1,CFH,TXN,IFNAR2,IFNB1,KEAP1,IL15,TKT,KEAP1,COX4I2,LDHB,COX6A1,OTC,HADH,BAD,IL2,QPRT,CCL5,GRIA2,MIR155,SIRT5,CASP9
COMT,IRF3,GRIA1,PRDX2,NDUFS6,TIMELESS,PRDX5,CD9,MAPK3,FTO,CASP8,BCL2,ATP5F1B,GAPDH,NDUFS7,MAPK14,PTEN,IL17A,FBP1,ATP5ME,SLC4A1,FOXO3,HSD11B1,NCF1,IL4R,MAPK1,ADRB2,GRIA1,IRF7,IL12A,SLC6A2,CGAS,CFTR,CASP14,CYCS,LDHB,HECW1,SOX8,SLC30A9,SARM1,HLA-C,ATF4,CASP8,TNFB,,,XBP1,AKT1,LINC00333,ACADM,IL8,SOX8,CD22,CYP21A2,CD3G,WNT16,MRC1,TPH1,ICAM1,HLA-C,BAX,CD79B,HTR2A,IL21R,AHCY,NOS2,FOXO1,PIK3CA,GRIK5,IRAK1,SOX8,HECW1,AKT1,GABBR1,COX4I1,GSTP1,CDC14B,CDH1,GRIA2,FUCA2,TXNRD1,JAK1,IFNG,SOD1,IL18,G6PD,NOS1,COX6A1,HK1,COX6B1,ASS1,ACADS,LAP3,CXCL10,ACMSD,CCL19,GABBR1,MIR223,MGAT1,TP53
TPH1,IRF7,GRIA2,PRDX3,NDUFS7,BDNF,TXN,CD22,MAPK8,LEPR,CASP9,BAX,ATP5F1C,RNY1,NDUFS8,AKT1,TSC1,MUC5B,PFKM,ATP5MF,DVL2,AMPK,HSD11B2,NCF2,IRF3,MAPK8,DRD2,GRIA2,IFNAR1,IL12B,SLC6A4,TREX1,ANKIB1,KLK5,DBP,PKM,MAD1L1,IBTK,COX15,POLDIP2,JAK1,PERK,CASP9,IL1B,,,TP53,PIK3CA,RIN3,ACADL,IL12A,IBTK,CD6,ESR1,CD14,HECW1,CD163,TPH2,VCAM1,HLA-DPA1,BCL2,SCN4A,DRD1,CD276,MAT1A,NOS3,PARK2,AKT1,GABBR1,IRAK4,IBTK,MAD1L1,MTOR,GRIA1,COX5A,GSTM1,CDC34,CDH10,GABBR1,STPG1,HMOX1,JAK2,CCR7,SOD2,IL23A,GAPDH,NOS2,COX6A2,HK2,COX6C,ASL,ACADVL,HS3ST1,CXCL9,NAMPT,CCL21,GABRA1,MIR142,IMPAD1,MDM2
TPH2,MX1,GRIA4,PRDX5,NDUFS8,NGF,TXNRD1,CD6,MAPK14,VDR,MYC,CASP3,ATP5F1D,RNY3,SDHA,PIK3CA,TSC2,CSN1S1,LDHA,ATP5MG,PRSS22,mTOR,TPH1,NCF4,IRF7,AKT1,HTR1A,GABBR1,IFNAR2,IL15,COMT,PRKAA1,CYP51A1,CYP2D6,DEFA1,HK1,LASP1,ZNF195,IL20RA,PLXND1,JAK2,IRE1,PARP1,ITGA4,,,BCL2,MTOR,IGFBP1,ACADVL,IL12B,ZNF195,COX15,AR,CD16,MAD1L1,MARCO,HTR1A,SELP,HLA-DPB1,CASP3,CACNA2D2,DRD2,IL7,MAT2A,SOD1,PINK1,GSK3B,NR3C1,IRF3,ZNF195,LASP1,HIF1A,GRIN1,COX5B,NDUFA2,CDC37L1,TNFRSF17,HTR1A,NIPAL3,NFE2L2,TYK2,CCL2,CAT,IFNA1,PKM,NOS3,COX6B1,PKM,COX7A2,ARG1,SLC25A4,AOC1,CXCL11,SIRT1,CCL27,SLC6A4,MIR150,SEC62,CDKN1A
SLC6A4,OAS1,GABBR1,HMOX1,NDUFV1,GDNF,TXNRD2,IL20RA,JAK1,CYP27B1,JUN,CASP8,ATP5F1E,RNY4,SDHB,MTOR,RHEB,OPN1SW,LDHB,ATP5PB,SKAP2,HIF1A,TPH2,CYBA,KMO,MTOR,HTR2A,DRD2,IFNGR1,IL18,DBH,PRKAA2,KRIT1,PRRT4,DEFA1B,HK2,SNX11,MYCBP2,ATP2C1,AK2,STAT5A,CHOP,MAPK1,ITGB1,,,BAX,PTEN,IGFBP3,HMGCS2,IL13,MYCBP2,IL20RA,TSHR,CD56,LASP1,MSR1,HTR2A,SELE,HLA-DQA1,CASP9,CD9,COMT,TNFRSF10A,MAT2B,SOD2,LRRK2,HK1,CRH,IRF7,MYCBP2,SNX11,EPAS1,GRIN2A,COX6A1,NDUFA3,CDK6,TNFRSF9,HTR2A,RN7SL1,KEAP1,SOCS1,CCL3,GPX1,IFNA2,LDHA,XDH,COX6B2,PFKM,COX7B,NOS1,SLC25A5,WNT16,CCR5,SIRT3,CCR1,SLC6A3,MIR126,ALDH5A1,GADD45A
SLC6A3,RNASEL,GABBR2,NQO1,NDUFV2,NTRK1,GSR,CD44,JAK2,MTOR,FOS,CASP9,CYCS,RNY5,SDHC,JAK1,AMPK,IL10,PDHA1,ATP5PD,HOXA11,VEGFA,SLC6A4,RAC1,KYNU,HIF1A,PDK1,HTR1A,IFNGR2,IL23A,TH,PPARA,RAD52,PRSS56,DEFA3,SOD1,TMEM176A,FBXL3,SLC11A1,CD38,NFKBIA,GRP78,MAPK3,CD69,,,CASP3,TP53,ZBTB46,HMGCL,IL15,FBXL3,ATP2C1,DIO1,KLRD1,SNX11,CD36,DRD1,BCL2,HLA-DQB1,PARP1,CD22,TPH1,CD37,IDO2,CAT,DJ1,HK2,CRHR1,STAT1,FBXL3,TMEM176A,EGLN1,GRIN2B,COX6B1,NDUFA4,CDK13,PTCD2,DRD2,IL6,HSP90AA1,SOCS3,CCL4,GSR,IFNB1,PDK1,MPO,COX6C,PFKL,COX7C,NOS3,UCP1,HECW1,CXCR3,PGC1A,CCR2,DRD2,MIR99B,ATP13A1,ATM
SLC6A2,IFIT1,HTR1A,KEAP1,NDUFV3,NTRK2,GCLC,TNFRSF1B,NDUFB6,TSC1,RELA,FASLG,CS,RPPH1,SDHD,JAK2,PGC1A,IL18,IDH1,ATP5PF,MEOX1,EPO,HTR3A,RAC2,MFN2,VEGFA,PDK2,HTR2A,TLR2,CD79A,DRD2,PPARD,MYH16,ANKDD1B,DEFA4,SOD3,M6PR,ITGAL,ATP1A2,FKBP4,RELA,GRP94,MAPK8,STAT1,,,PARP1,MYC,PTPN22,BDH1,IL18,ITGAL,ATP1A2,DIO2,GZMB,TMEM176A,SCARB1,DRD2,CASP1,HLA-DRA,SIRT1,DDX11,TPH2,IL4I1,TDO2,GPX1,ATP5A1,PKM,CRHR2,STAT3,ITGAL,M6PR,EPO,TP53,COX6C,NDUFA5,CDK14,MAPK9,COMT,IL1B,HSPA1A,IL6R,CCL5,GCLC,CXCL8,PDK4,NCF1,COX7A1,SOD1,COX8A,DDAH1,UCP2,MAD1L1,ITGAM,NRF1,CCR3,HTR1A,MIR330,OXA1L,ATR
GABBR1,IFITM3,HTR2A,NFE2L2,SDHA,NTRK3,GCLM,TNFRSF17,NDUFS1,TSC2,RELB,FAS,ACO2,RMRP,UQCRB,ESRRA,HIF1A,SLC34A2,IDH2,MT-ND1,THSD7A,BDNF,GABBR1,CD19,MTHFR,SMAD2,PDK4,TPH1,TLR3,CD79B,HTR2A,PPARG,BAD,GPBAR1,DEFA5,CAT,CYP26B1,PDK2,SLC7A9,KDM1A,BCL2,PDI,MAPK14,STAT3,,,CASP9,FOS,ESRRA,PDK4,IL21,PDK2,CD74,HSP90AA1,PRF1,M6PR,CCR2,HSP90AA1,CD14,HLA-DRB1,FOXO3,CD6,SLC6A4,IL27RA,KMO,NFE2L2,ATP5B,LDHA,POMC,JAK1,PDK2,CYP26B1,HMOX1,BCL2,COX7A1,NDUFB1,CDK17,CCDC85A,TPH1,TNF,HSPA5,IL10RA,CXCL8,NOS2,CXCL10,PDH,NCF2,COX7A2,SOD2,CYCS,AGXT2,UCP3,SNX11,ICAM1,TFAM,CCR4,HTR2A,GAPDH,SLC35B2,BRCA1
GABRA1,ACE,DRD1,NR3C1,SDHB,NGFR,GSS,TNFRSF9,NDUFS2,RPTOR,NFKBIA,TRAIL,IDH2,MALAT1,UQCRC1,APP,CLOCK,GABRG1,SDHA,MT-ND2,RPAP3,NGF,GABRA1,CD27,MX1,SMAD4,LDHA,TPH2,TLR4,CD27,GAD1,PGC1A,LAP3,LHB,DEFA6,GPX1,ICA1,ITGA3,SLC45A4,RBM6,BAX,EDEM1,JUN,IFNG,,,HSP90AB1,JUN,APP,PDH,IL23A,ITGA3,CD44,HSPA1A,IFNAR1,CYP26B1,CX3CR1,HSP90AB1,CD19,IGHG1,PPARGC1A,COX15,SLC6A3,ILVBL,KYNU,HMOX1,UQCRC1,PDK1,MC2R,JAK2,ITGA3,ICA1,NFE2L2,BAX,COX7B,NDUFB2,CDK18,IL17RB,TPH2,IFNG,HSPB1,IL10RB,CXCL9,NOS3,CCL2,AMPK,NCF4,COX7B,CAT,NDUFA1,MTR,VDAC1,TMEM176A,VCAM1,ATP5A,CCR5,COMT,ACTB,RBFA,PARP1
GRIA1,AGTR1,DRD2,CRH,SDHC,GRIN1,GSTP1,IL17RB,NDUFS3,PTEN,IKBKB,DR4,OGDH,NEAT1,UQCRC2,CD74,ARNTL,FABP7,SDHB,MT-ND3,ACSM3,GFAP,CHRNA7,IGHA1,NAT1,NOTCH1,LDHB,SLC6A4,TLR9,CD38,GABBR1,SIRT1,HS3ST1,ADAMTS19,DEFB1,GPX3,DBNDD1,ITGA2B,IFNGR1,CAMKK1,ACHE,UCP2,FOS,NR3C1,,,HSPA8,RELA,NR3C1,PC,IFNA1,ITGA2B,IFNGR1,HSPA5,IFNAR2,ICA1,CD1A,HSPA1A,CD3E,IGHG2,PPARA,IL20RA,DBH,CD79A,HAAO,TRP53,UQCRC2,PDK4,FKBP4,SOCS1,ITGA2B,DBNDD1,KEAP1,CASP3,COX8A,NDUFB3,CDKL1,CDK14,SLC6A4,IL17A,HSF1,TNFRSF1A,CXCL10,HIF1A,CCL5,MTOR,CYBA,COX7C,GPX1,NDUFA2,MTRR,VDAC2,M6PR,SELP,ATP5B,CCR7,TPH1,B2M,TMEM161B,XRCC1
GRIN1,KNG1,COMT,CRHR1,SDHD,GRIN2A,GSTA1,CNN2,NDUFS4,AKT1,MAP3K7,DR5,SDHB,TUG1,UQCRFS1,NFKB1,CRY1,LALBA,UQCRC1,MT-ND4,REXO5,APP,CHRM2,IGHG1,NAT2,WNT1,PKM,ADRA2A,MYD88,MS4A1,SLC6A3,SIRT3,AOC1,VARS2,DEFB103A,GPX4,ALS2,ASB4,TNFRSF1B,RECQL,CXCL8,UCP3,NFKB1,PER1,,,ATF6,CREB1,CRHR1,PCK1,IFNA2,ASB4,TNFRSF1B,HSPA8,TLR4,DBNDD1,CD1C,HSPA1B,CD4,IGHG3,AMPK,ATP2C1,TH,CD33,QPRT,TGFBR1,COX4I1,CS,FKBP5,SOCS3,ASB4,ALS2,NQO1,CASP8,CYCS,NDUFB4,CDKL3,CDK17,SLC6A3,IL4,TRPM7,TNFRSF1B,CD81,VEGFA,TLR2,BDNF,RAC1,COX8A,GPX4,NDUFA3,BHMT,DRP1,CYP26B1,CRP,COX4I1,CXCR4,TPH2,GUSB,PSENEN,OGG1
CRH,BDKRB1,IL1A,CRHR2,SOD1,GRIN2B,GSTM1,CD84,NDUFS7,TP53,MAPK14,CYCS,SDHC,GAS5,UQCRH,RELA,CRY2,KLK5,COX4I1,MT-ND5,CIAPIN1,MAPT,SLC6A3,IGKC,NOS1,CTNNB1,HK1,ADRB2,TRAF6,IGHM,HTR1A,NAMPT,WNT16,CPLX2,DEFB103B,GSR,CASP10,GDE1,SLC39A9,VPS50,CXCL10,PPARGC1A,RELA,CLOCK,,,EIF2AK3,HDAC1,POMC,PCK2,IFNB1,GDE1,ATP6V0A1,DDX58,TLR7,ALS2,CLEC9A,HSPA5,CD8A,IGHG4,mTOR,ATP1A2,CHAT,CDC37,ACMSD,TGFBR2,COX5A,ACO2,HSP90AA1,FOXP3,GDE1,CASP10,GSR,CASP9,MTOR,UQCRC1,CDK11A,CDH3,SLC6A2,IL13,TRPV1,CD69,PTPRC,KDR,TLR3,COMT,RAC2,UQCRB,GSR,NDUFA4,CBS,MFN1,ICA1,NLRC4,UQCRC1,NFKBIA,CRH,PPIA,ASF1B,FEN1
CRHR1,BDKRB2,IL2,POMC,SOD2,SLC34A2,NQO1,TNFRSF1A,NDUFS8,MDM2,MAPK8,APAF1,SDHD,H19,UQCRQ,CREB1,PER1,SFTPA2,ATP5F1A,MT-ND6,SLFN12,SNCA,ADORA1,IGLC1,NOS2,GSK3B,HK2,CHRNA7,NFKB1,IGHD,DRD4,CLOCK,HECW1,IRF3,DEFB104A,GCLC,CFLAR,REX1BD,ATP6V0A1,HSPB6,IL7,TFAM,IKBKB,ARNTL,,,ERN1,SIRT1,BDNF,G6PC,TGFB1,REX1BD,CDH1,OAS1,TLR9,CASP10,XCR1,HSPA8,CREB1,IGHM,AKT1,CD44,ACHE,CDK6,NAMPT,SMAD2,CYCS,IDH1,HSP90AB1,GATA3,REX1BD,CFLAR,TXN,PARP1,PIK3CA,UQCRC2,CDKN1B,CDON,CRHR2,CD3D,TRPV4,IL7R,LCK,FLT1,TLR7,NR3C1,GSTP1,UQCRC1,TXN,NDUFA5,CTH,MFN2,DBNDD1,CASP8,NDUFS1,NFKB1,CRHR1,TBP,BRAT1,LIG1
CRHR2,F2,IL4,MC2R,CAT,GABRG1,HMOX1,CD5L,SDHA,CDKN2A,ESR1,XIAP,UQCRB,MEG3,PDHB,FOS,PER2,CXCL17,UCP1,MT-CYB,SMOC2,TRPA1,ADORA2A,PRDM1,NOS3,BMP2,PFKM,P2RX7,NFKB2,IGHG1,SCN9A,ARNTL,MAD1L1,IRF7,DEFB104B,GCLM,TFPI,CRLF1,SLC4A7,ARHGAP33,IL15,NRF1,TRAF6,CRY1,,,CASP8,PARP1,NFKB1,FBP1,TNFRSF1A,CRLF1,CDH10,RNASEL,MYD88,CFLAR,SIGLEC6,HSPB1,GNAS,IGHA1,PIK3CA,IFNGR1,CHRNA7,CCL24,NMNAT1,SMAD3,NDUFA9,OGDH,CLOCK,TBX21,CRLF1,TFPI,PRDX1,CYCS,AKT1,UQCRFS1,CDKN3,CDK13,POMC,CD3E,TRPA1,CD70,TESPA1,ANGPT1,TLR9,CRHR1,GSTA1,UQCRC2,TXNRD1,NDUFA6,GSS,OPA1,ALS2,BCL2,SDHA,NFKB2,CRHR2,TFRC,NAP1L1,ERCC1
POMC,F10,IL5,FKBP5,GPX1,ROS1,NFE2L2,IL4R,SDHB,BRCA1,ESR2,SMAC,UQCRC2,CX3CL1,CS,JUN,DPM1,BPIFA1,UCP2,MT-CO1,P2RX5,TRPV1,P2RX7,CRH,OAS1,BMPR1A,PFKL,HSPA1A,RELA,IGHG2,SCN10A,PER1,LASP1,MAVS,DEFB105A,GSS,NDUFAF7,OSBPL7,SLC18A1,NDUFAB1,CCL4,NRF2,MYD88,CRY2,,,TRPM3,ATM,NFKB2,PFKL,TNFRSF1B,OSBPL7,ATP6V1H,MAVS,NFKB1,TFPI,IL1A,HSPD1,GSTM1,IGHA2,JAK1,TNFRSF1B,CHRNB2,TNFSF8,NMNAT2,SMAD4,NDUFB8,FH,ARNTL,RORC,OSBPL7,NDUFAF7,IDH1,APAF1,PTEN,UQCRH,CDK2AP1,SMARCD1,MC2R,CD3G,SCN9A,CD80,CSK,ANGPT2,MYD88,POMC,BDNF,UQCRFS1,PRDX1,NDUFA7,GSR,FIS1,CASP10,BAX,AIFM1,RELA,NR3C1,YWHAZ,MKKS,ERCC2
MC2R,PLAT,IL13,FKBP4,GPX4,AGR2,KEAP1,CXCL2,SDHC,BRCA2,AR,HIF1A,SOD1,CX3CR1,ACO2,HIF1A,SCYL3,FCGR3A,UCP3,MT-CO2,EXOSC5,TRPV4,GRIN1,CRHR1,OGDH,NOD1,GAPDH,HSPA5,RELB,IGHG3,TRPV1,PER2,SNX11,TRAF3,DEFB105B,GSTP1,RBM5,TMEM98,SLC66A1,PDK4,CCL5,SIRT1,IRAK1,ADRB2,,,TRPV1,CASP3,RELA,PFKM,TNFSF10,TMEM98,TNFRSF17,TMEM173,RELA,NDUFAF7,IL1B,HSPE1,IDO1,IGHD,JAK2,ATP6V0A1,CACNA1C,CDC37L1,NMNAT3,NOTCH1,NDUFS1,MDH1,PER1,BCL2,TMEM98,RBM5,G6PD,AKT1,TSC1,UQCRQ,CDK5RAP1,CD84,NR3C2,CD4,SCN10A,CD86,FYN,TEK,TRIF,FKBP5,NGF,UQCRH,PRDX3,NDUFA8,GPX4,PINK1,CFLAR,CYCS,BCL2L1,RELB,NR3C2,CYP51A1,UBE2H,XPA
NR3C1,PLAU,CCL2,HSP90AA1,GSR,GNAT3,NOX4,IL12RB2,SDHD,MLH1,NR3C1,VEGFA,SOD2,P2RX7,IDH2,MYC,C1orf112,HLA-DRA,MT-ND1,MT-CO3,TYMP,P2RX7,GRIN2A,CRHR2,OPA1,RIPK1,ENO1,HSP90AA1,REL,IGHG4,TRPA1,CRY1,TMEM176A,TRAF6,DEFB4A,GSTM1,MTMR7,YBX2,HSPA5,SLC22A16,ICAM1,SIRT3,IRAK4,COMT,,,SCN9A,CASP9,STAT1,GCK,TLR2,YBX2,TNFRSF9,EIF2AK2,MAPK1,RBM5,IL12A,BAX,IL13,IGHE,STAT1,CDH1,SCN1A,CXCL12,NADSYN1,NOTCH2,NDUFS2,NDUFA9,PER2,BAX,YBX2,MTMR7,LDHA,NOS3,TSC2,COX4I1,CDK5RAP3,MAPK6,FKBP4,CD8A,CACNA1C,GPX4,ZAP70,PECAM1,TRAF6,TPH2,NTRK1,UQCRQ,HMOX1,NDUFA9,TXNRD1,PRKN,TFPI,CASP3,BAK1,REL,POMC,MAD1L1,PRRC2C,MSH2
NR3C2,SERPINE1,CCL3,HSP90AB1,TXN,SFTPA2,CYBA,CD59,COX4I1,MSH2,PPARA,EPAS1,GPX1,GFAP,OGDH,CLOCK,FGR,GNAT3,MT-CO1,MT-ATP6,ARHGAP24,ASIC3,GRIN2B,POMC,PDHB,CLOCK,PGAM1,HSPB1,IKBKB,PRDM1,KCNJ10,CRY2,M6PR,IRAK4,DUOX1,NQO1,SLC7A2,KRT33A,ATP6V1H,ZMYND10,VCAM1,PGC1A,TICAM1,MAOA,,,CACNA1C,BCL2,STAT3,HK1,TLR3,KRT33A,ATP9A,MAPK1,MAPK3,MTMR7,IL12B,BCL2,IL18,IGKC,TGFB1,ADRB1,SCN2A,CDH23,NUDT9,DLL1,SDHA,NDUFB9,PER3,PARP1,KRT33A,SLC7A2,PDHA1,EDN1,RHEB,COX5A,FYN,CDC42,NOS1,CD8B,CACNA1D,GSR,CD28,ICAM1,IRF3,SLC6A4,NTRK2,NDUFA1,NQO1,NDUFA10,GCLC,MX1,NDUFAF7,CASP9,PARP1,IKBKB,MC2R,CYP26B1,GIT2,MLH1
FKBP5,HMGB1,CCL4,PTGES3,TXNRD1,MUC5B,NCF1,CD82,COX5A,ERCC1,PPARG,CREB1,CAT,S100B,SUCLA2,ARNTL,CFH,SMIM22,MT-ATP6,MT-ATP8,PTPRH,NOS1,GRIA1,MC2R,PINK1,ARNTL,TPI1,HSPA8,IKBKE,XBP1,CACNA1C,POLG,CYP26B1,MYD88,DUOX2,HMOX1,ARF5,MAP3K14,TNFRSF17,ABCB5,SELP,AMPK,TICAM2,TPH2,,,SLC6A2,BAX,HLA-DRB1,HK2,TLR4,MAP3K14,IL17RB,MAPK3,MAPK8,SLC7A2,IL17A,CASP3,IL1R1,IGLC1,IL17A,TNFRSF17,KCNQ2,CDK5RAP3,CD38,DLL4,SDHB,NDUFS2,CRY1,CASP8,MAP3K14,ARF5,PKM,VEGFA,RPTOR,COX6A1,FUS,LMCD1,NOS2,CD19,CACNA1H,GCLC,CD3D,VCAM1,IRF7,MAOA,NGFR,NDUFAB1,NFE2L2,NDUFA11,GCLM,OAS1,RBM5,PARP1,PTEN,CHUK,FKBP4,CASP10,MLST8,MYC
FKBP4,TLR2,CCL5,BAG1,PRDX1,SFTA3,BDNF,CD209,COX6A1,XPA,PPARGC1A,NRF2,HMOX1,TREM2,SUCLG1,PER1,FUCA2,CCL5,TFAM,SDHA,KIAA1551,NOS2,GRIA2,NR3C1,POLR3A,PER1,ALDOA,GADD45A,CHUK,PAX5,CACNA1H,MT-ND1,ICA1,JAK1,EBF1,TXN,SARM1,ABCC8,TNFRSF9,SLC25A13,CD40,MTCO1,IRF5,SLC6A4,,,ATP1A1,FASLG,HLA-DQB1,SLC2A1,TLR7,ABCC8,ATP11B,MAPK8,MAPK14,ARF5,IL17F,CASP8,IL1RN,IGLC2,IL17F,TNFRSF9,KCNQ3,CCL7,BST1,HIF1A,PDK1,SDHC,CRY2,CASP9,ABCC8,SARM1,HK1,KDR,EIF4E,COX6B1,CD4,CDH19,NOS3,CTLA4,KCNJ10,GCLM,CD3E,SELP,RIG-I,DRD2,GRIN1,NDUFB10,KEAP1,NDUFA12,SOD1,DDX58,MTMR7,HMGB1,AKT1,MAP3K7,FKBP5,NDUFAF7,LRCH3,FOS
STAT5B,TLR9,CXCL10,STIP1,PRDX2,SMIM22,NGF,IL5RA,COX7A2,NBN,FOXO1,KEAP1,NFE2L2,NLRP3,SUCLG2,PER2,GCLC,CCL3,PGC1A,SDHB,SIRT3,NOS3,GAD1,NR3C2,POLR3C,PER2,GPI,CRHR1,SOD1,TGFBR1,HCN2,MT-ND4,DBNDD1,JAK2,ESRRA,TXNRD1,POLDIP2,CACNG3,SLC4A8,ST7,CD40LG,MTCO2,IFNAR1,MTHFR,,,SCN10A,FAS,HLA-A,SLC2A4,TLR8,CACNG3,CDK14,MAPK14,JAK1,SARM1,IL18,CASP9,IL23A,IGLC3,IL23A,IL17RB,KCNA1,CCL2,SIRT1,EPAS1,PDK4,SDHD,TIMELESS,TP53,CACNG3,POLDIP2,PFKM,ICAM1,EIF4EBP1,COX6C,CD5,PDCD2,EDN1,TIGIT,KCNJ11,GSS,CD3G,SELE,MDA5,ADRA2A,GRIN2A,NDUFC2,NOS1,NDUFA13,SOD3,IFIH1,SLC7A2,RIPK1,MTOR,IRAK4,AVPR1A,RBM5,ASXL2,JUN
NOS1,MYD88,CRP,HSPA8,PRDX3,CXCL17,NTRK1,CD200,COX8A,ATM,FOXO3,SOD1,KEAP1,CASP1,FH,PER3,NFYA,CD38,PPRC1,SDHC,TRIM2,ADRA2A,GAD2,FKBP4,POLR3F,CRY1,ACLY,POMC,SOD2,TGFBR2,HCN4,MT-CYB,ALS2,TYK2,FASLG,PRDX1,PLXND1,TMEM132A,MAPK9,CDC27,CD80,MTCO3,IFNAR2,BDNF,,,TRPA1,CFLAR,HLA-B,INS,TLR9,TMEM132A,ATP2B4,AKT1,JAK2,POLDIP2,IL23A,TP53,IL4,CXCL1,IL23R,ATP11B,KCNJ11,CCL8,SIRT3,VEGFR2,PCK1,UQCRFS1,NPAS2,MDM2,TMEM132A,PLXND1,GAPDH,VCAM1,RPS6KB1,COX7A2,CD6,CD5L,EDNRA,LAG3,KCNQ1,GSTP1,CD4,SELL,NLRP3,ADRB1,GRIN2B,NDUFS1,NOS2,NDUFAB1,PRDX2,RNASEL,ARF5,RIPK3,AMPK,HLA-A,CACNA1C,SLC7A2,CBWD2,CREB1
NOS2,TRAF6,PTGS2,PPID,PRDX5,BPIFA1,NTRK2,IL11,NRF1,HMOX1,SIRT1,GSR,PRDX1,IL1A,MDH2,CRY1,STPG1,UQCRC1,NRF1,SDHD,PGBD1,ADRB2,CNR1,FKBP5,PON1,PPARA,CS,MC2R,CAT,CD3E,ASIC3,MT-CO1,CASP10,SOCS1,FBXL3,PRDX2,AK2,AP2B1,ATP9A,SLC4A1,CD86,MTND1,IFNGR1,NGF,,,SLC1A2,CYCS,HLA-C,INSR,CCL1,AP2B1,CDK17,PIK3CA,STAT1,PLXND1,CXCL1,MDM2,IL5,CXCL2,CCR6,ATP2B4,KCNH2,CCL1,PARP1,PDGFRA,PCK2,UQCRC1,NR1D1,CDKN1A,AP2B1,AK2,PGK1,SELE,PPARGC1A,COX7C,CD9,CDHR2,EDNRB,BTLA,KCNQ2,HMOX1,CD8A,CXCL8,PYCARD,ADRB2,GRIA1,NDUFS2,NOS3,NDUFB1,PRDX3,TLR3,SARM1,MLKL,HIF1A,HLA-B,SCN9A,POLDIP2,KLHL11,CREBBP
NOS3,RELA,ALOX5,AVPR1A,PRDX6,WFDC2,NGFR,IL12RB1,UCP1,NFE2L2,SIRT3,GPX4,PRDX2,ADRB1,ENO1,CRY2,NIPAL3,SDHA,ESRRA,SOD1,TCEANC2,COMT,CNR2,SGK1,PRKAB1,PPARG,ACO2,FKBP5,GPX1,CD3G,CLOCK,TFAM,CFLAR,SOCS3,FCER2,NFE2L2,CD38,TAC1,IL17RB,CALCR,TLR2,MTND4,IFNGR2,NTRK1,,,SLC6A3,APAF1,SERPINA1,IRS1,CCL7,TAC1,CDH3,MTOR,STAT3,AK2,CXCL2,CDKN1A,KLRK1,CXCL3,CCR5,MXD1,TRPV1,TNFAIP1,PARP2,PDGFRB,G6PD,UQCRC2,SCN9A,CDKN2A,TAC1,CD38,ENO1,VWF,NRF1,COX8A,CD22,HACD3,ACE,LDHA,KCNQ3,NQO1,CD8B,CXCL10,CASP1,CHRM1,GRIA2,NDUFS3,CYBA,NDUFB2,PRDX4,TLR4,POLDIP2,ATG5,VEGFA,HLA-C,SCN10A,RBM6,STK3,NFATC1
EDN1,NFKB1,ALOX12,AVPR1B,NQO1,CFH,GRIN1,CD40,UCP2,GCLC,MTOR,GCLC,PRDX3,ADRB2,PKM,NR1D1,BCL2,TBX21,ESRRG,SOD2,SMARCC1,MTHFR,FOS,CX3CL1,PRKN,ABCB1,IDH1,ESR1,GPX4,CD8B,ARNTL,NRF1,TFPI,ACLY,FCGR3A,KEAP1,FKBP4,ZNF263,ATP11B,DVL2,TLR3,MTND5,IL6R,NTRK2,,,IDO1,IRF3,ACE,PIK3CA,CCL8,ZNF263,,TP53,STAT5A,CD38,CXCL3,GADD45A,MMP9,CXCL5,CXCR3,NDUFB4,GPX1,CDR2L,TRPA1,IGF1,GAPDH,COX5A,SCN10A,GSK3B,ZNF263,FKBP4,ACLY,THBD,TFAM,SDHA,CD33,WSCD2,AGT,LDHB,KCNK3,NFE2L2,CD14,CXCL9,IL1A,CHRM2,GABBR1,SDHA,NCF1,NDUFB3,TXN,TLR7,PLXND1,BECN1,FGF2,HLA-DPA1,TRPV1,CAMKK1,GOSR1,NR3C1
EDNRA,IKBKB,ALOX15,OXT,HMOX1,FGR,GRIN2A,TNFSF13B,UCP3,GCLM,AKT1,GCLM,PRDX5,ADRA1A,LDHA,NR1D2,BCL2L1,NFKB2,POLG,CAT,HNRNPC,CBS,JUN,CX3CR1,PTGIR,ABCC1,IDH2,THRA,GSR,CCR2,PER1,NRF2,NDUFAF7,ACACA,FCGR3B,MAPK1,KDM1A,CX3CL1,ATP2B4,PRSS22,TLR7,MT-ATP6,IL6ST,NTRK3,,,MTOR,IRF7,APOE,GSK3B,CCL11,CX3CL1,,MYC,SOD1,FKBP4,CXCL9,GADD45B,MPO,CXCL9,ICAM1,GSTO2,GPX4,IL2,ASIC1,IGF1R,PKM,COX6A1,SCN11A,AKT1,CX3CL1,KDM1A,ACACA,F2R,DPM1,SDHB,CD37,NDUFAF7,AGTR1,PFKM,KCNK9,CYBA,CD19,CCR5,HMGB1,CHRM3,GABBR2,SDHB,NCF2,NDUFB4,TXNIP,TLR9,AK2,MAP1LC3B,PDGFA,HLA-DPB1,TRPA1,HSPB6,BTAF1,BDNF
EDNRB,JAK1,NOS1,OXTR,NFE2L2,DPM1,GRIN2B,CCL22,SOD3,GSR,PIK3CA,GSTP1,TXN,ADRA2A,LDHB,RORA,BAX,HSP90AA1,POLG2,GPX1,CD40LG,MTR,NFKBIA,P2RX7,PTGIS,SLCO1B1,IDH3A,THRB,GCLC,CCR7,PER2,KEAP1,RBM5,FASN,GCLC,MAPK3,RBM6,SPATA20,SLC2A3,UPF1,TLR9,MT-ATP8,IL1R1,MAPK1,,,SIRT1,MX1,HPGD,GYS1,CCL13,SPATA20,,JAK1,SOD2,KDM1A,CXCL10,OAS1,NFATC2,CXCL11,VCAM1,CD84,GSR,IL10RA,P2RX7,IGFBP3,LDHA,ATP5F1B,TRPV1,PIK3CA,SPATA20,RBM6,FASN,CLOCK,SCYL3,SDHC,CD38,NDUFAB1,VEGFA,PFKL,KCNN4,NCF1,CD40,CCR7,S100A8,CHRM4,GABRA1,SDHC,NCF4,NDUFB5,KEAP1,MYD88,CD38,SQSTM1,IGF1,HLA-DQA1,ASIC3,SLC22A16,MUT,NTRK2
VEGFA,JAK2,NOS2,HTR1A,KEAP1,SCYL3,GRIA1,CCL17,GPX4,CBS,PTEN,TXN,TXNRD1,CHRM2,PDK1,CSNK1E,BAK1,LAG3,TWNK,GPX3,PTPN11,MTRR,IKBKB,NLRP3,PTGS2,UGT1A1,OGDH,TSHR,GCLM,CSF1R,PER3,FOXO1,MTMR7,SLC2A1,GCLM,MAPK8,CAMKK1,CACNA1G,SLC6A16,SKAP2,MYD88,MT-CYB,IL1RAP,MAPK3,,,PER1,OAS1,PACS1,GYS2,CCL17,CACNA1G,,JAK2,CAT,RBM6,CXCL11,OAS2,NFE2L2,CXCL12,CD4,TNFRSF1A,GCLC,CD5,NLRP3,GH1,LDHB,ATP5F1C,TRPV2,MTOR,CACNA1G,CAMKK1,SCD,ARNTL,C1orf112,SDHD,CD40,COX10,KDR,PFKP,KCNMA1,NCF2,CD80,CXCR3,S100A9,ACE,HTR1A,SDHD,RAC1,NDUFB6,HSPA1A,TRAF6,FKBP4,PINK1,MMP9,HLA-DQB1,P2RX7,SLC25A13,RUSC1,DRD2
KDR,CXCL10,NOS3,HSPA1A,GCLC,C1orf112,GRIA2,IL21R,TXNRD1,MTR,TSC1,TXNRD1,GSR,CHRM3,PDK4,BHLHE40,CYCS,HMOX1,TFAM,GPX4,ATP5F1E,SHMT1,IRF3,CASP1,RNASEL,SULT1A1,DLST,VDR,GSS,CD68,CRY1,FOXO3,SLC7A2,SLC2A4,GPC5,MAPK14,RECQL,TNFRSF12A,ATP2C2,MCUB,IRAK1,SDH,TNFRSF1A,AKT1,,,CLOCK,OAS2,TDP2,PYGM,CCL19,TNFRSF12A,,SOCS1,GPX1,CAMKK1,CXCL13,OAS3,NLRP3,CXCL13,CD28,ATP11A,GCLM,CD81,CASP1,GHR,HK1,ATP5F1D,TRPV3,AMPK,TNFRSF12A,RECQL,CPT1A,PER1,FGR,DPM1,CD44,MDH1,DNMT1,PKM,ADRB2,NCF4,CD86,CD3D,CRP,AGTR1,HTR2A,HSPA1A,RAC2,NDUFB7,HSPA5,IRAK4,KDM1A,PARK2,ICAM1,HLA-DRA,AQP4,CDC27,GSPT2,HTR1A
FLT1,CCL2,CRHR1,HSPA1B,GCLM,FUCA2,GABRA1,CD276,TXNRD2,MTRR,TSC2,MT1,GSS,CHRNB4,PPARGC1A,BHLHE41,CASP3,HIF1A,DGUOK,GCLM,APOE,SHMT2,CREB1,IL18,TBX21,PON1,SUCLA2,ATP1A1,GSTP1,CD163,CRY2,SOD1,ARF5,LDHA,GPX1,AKT1,VPS50,DLX6,SLC12A2,HOXA11,IRAK4,COX4,TNFRSF1B,GSK3B,,,CREB1,OAS3,FABP7,PYGL,CCL21,DLX6,,SOCS3,HMOX1,RECQL,CCL2,MX1,NOD1,CXCL16,CTLA4,TRPC7,GSS,CD69,IL18,LEPR,HK2,ATP5F1E,TRPV4,SIRT1,DLX6,VPS50,ACADM,PER2,CFH,SCYL3,CD46,COX15,DNMT3A,PDK1,CHRM3,RAC1,TNFRSF1A,CD3E,TNFRSF1A,AGTR2,DRD1,HSPA1B,HSP90AA1,NDUFB8,HSP90AA1,IRF5,RBM6,TNFSF13B,VCAM1,HLA-DRB1,KCNJ1,SLC4A1,CYTH3,HTR2A
ANGPT1,ICAM1,CRHR2,HSPA5,BDNF,GCLC,GABRB2,IL7,GSTA1,AHCY,RHEB,MT2,GCLC,DRD1,NRF1,PSMA3,CASP8,CCL17,TK2,GSR,CTLA4,MAT1A,ATF3,IL1A,TBXAS1,IL4,SUCLG1,SLC2A1,GSTM1,KLRC3,RORA,GPX4,SARM1,PFKFB3,GPX4,PIK3CA,HSPB6,MAP3K9,SLC9A3R2,POLR2J,TRAF6,ATP5A,CD40,CASP3,,,AHR,IFIT1,SCGB2A2,MLXIPL,CCL22,MAP3K9,,IDO1,NOS2,VPS50,CCL3,MX2,NOD2,CCL2,PD1,DRD4,GSTP1,IL23A,IL1A,LEP,PFKM,ATP5MC1,TRPA1,NAMPT,MAP3K9,HSPB6,HADH,PER3,FUCA2,C1orf112,CD48,ATP2C1,DNMT3B,PDK2,CHRM4,RAC2,TNFRSF1B,CD3G,TNFRSF1B,NOS1,DRD2,HSPA5,HSP90AB1,NDUFB9,HSPB1,IL17A,CAMKK1,CD40,SELP,CD81,KCNJ10,RPAP3,TMEM245,COMT
ANGPT2,VCAM1,NR3C1,HSPA8,NTRK2,NFYA,GABRG2,TNFRSF10A,GSTM1,MAT1A,AMPK,HSP70,GCLM,DRD2,TFAM,PSMA4,CASP9,TGFB1,RRM2B,GSS,IL6,MAT2A,HSP90AA1,IL1R1,TPH2,IL13,FH,SLC2A4,GSTA1,KLRD1,RORB,TXN,POLDIP2,CRH,GSK3B,PIK3CB,ARHGAP33,RALA,NDUFB4,DHX33,IRF3,NDUFS1,CD80,BCL2,,,SIRT3,IFIT2,TFF1,SREBF1,CCL24,RALA,,ADRB2,NRF2,HSPB6,CCL4,ISG15,NPAS2,CCL3,PDL1,ATP1B3,GSTM1,CDKN1B,SERPINA1,ADIPOQ,PFKP,POLG,TRPM8,NAD,RALA,ARHGAP33,ACOX1,CRY1,GCLC,FGR,CD58,ATP1A2,TET1,PDK4,CHRNA7,SDHB,TLR2,CD4,FAS,NOS2,COMT,HSPA8,HSPA1A,NDUFB10,CRYAB,IL12A,RECQL,CD80,ITGB2,CD3D,MX1,CREBBP,ENO3,MAOA
TEK,VWF,POMC,HSPA9,NR3C1,STPG1,HTR1A,CD37,GSTP1,BHMT,PRKAA1,HSP90,NQO1,CRH,SOD1,PSMB1,PARP1,NRF1,TYMP,GSTP1,NFKB1,BHMT,HSPA1A,TREM2,ACADM,TLR9,MDH1,SLC16A1,NQO1,KIR2DL1,RORC,PRDX1,PLXND1,CRHR1,GSR,PIK3CD,NDUFAB1,BAIAP2L1,SLC9A3,MEOX1,IRF7,UQCRC2,CD86,BAX,,,CYP1A1,IFIT3,AGR2,FASN,CCL25,BAIAP2L1,,ACE,KEAP1,ARHGAP33,CCL5,RSAD2,NRIP1,CCL4,CD14,ATP2B1,TXN,CDK2AP1,ACE,ADIPOR1,ENO1,TFAM,ATP1A1,PRKAA1,BAIAP2L1,NDUFAB1,FABP1,CRY2,NFYA,CFH,CD59,NDUFS1,TET2,PDHB,COMT,SDHC,TLR4,CD8A,FASLG,NOS3,DBH,HSPA9,HSPA5,NDUFB11,BAX,IL12B,VPS50,CD86,CCR5,CD3E,OAS1,MYCBP2,ACTR6,TPH1
VWF,SELE,FKBP4,HSP90AA1,CRHR1,NIPAL3,HTR2A,IL4I1,KEAP1,PEMT,PRKAA2,HSPA5,GSTA1,CRHR1,SOD2,PSMB2,RIPK1,GATA3,SUCLA2,NOS1,STAT3,AHCY,HSPB1,TYROBP,AKT1,NFKB2,MDH2,SLC25A4,HMOX1,KIR2DL3,IDO1,GSR,AK2,POMC,GSS,PTEN,PDK4,KDM7A,TNFRSF1A,THSD7A,IFNA1,ATP5F1,ICAM1,NOS1,,,GNAS,ISG15,TRPA1,ACACA,CCL27,KDM7A,,NOS2,ATP5A1,NDUFAB1,CCL7,IFIT1,PARP1,CCL5,CD16,TRPM5,TXNRD1,IL26,EBF3,ADIPOR2,PGK1,SOD1,MX1,PRKAA2,KDM7A,PDK4,APOE,RORA,STPG1,FUCA2,CD69,ATP6V0A1,HDAC1,CS,DBH,SDHD,TLR9,CD8B,TRAIL,HTR1A,SLC6A4,HSP90AA1,HSPA8,NDUFC1,BAK1,IL23A,HSPB6,ICOS,CCR7,CD3G,IFIH1,TNFRSF12A,PELI2,TPH2
ICAM1,SELP,FKBP5,HSP90AB1,CRHR2,ENPP4,DRD1,IL27RA,CRHR2,DNMT1,STK11,ATF4,GSTM1,CRHR2,CAT,PSMB5,RIPK3,TFAM,SUCLG1,NOS2,IRF3,ESR1,IL6R,BCL2,ARNTL,JAK2,IFNA1,SLC25A20,NFE2L2,KIR2DL4,IDO2,HMOX1,CD38,MC2R,GZMA,MTOR,SLC22A16,ETV1,ATP11A,LIG3,IFNB1,PINK1,VCAM1,NOS2,,,ADCY2,RSAD2,TRPM3,SCD,CXCL1,ETV1,,VEGFA,ATP5B,SLC22A16,CCL8,IFIT2,PECAM1,CCL7,TRAF3,CD5L,PRDX1,IFNG,DBI,SLC2A1,PGAM1,SOD3,OAS1,PGC1A,ETV1,SLC22A16,LDLR,RORB,NIPAL3,GCLC,CD74,ATP6V1H,HDAC2,ACO1,DRD2,UQCRC1,MYD88,CTLA4,TRAILR,HTR2A,SLC6A3,HSP90AB1,HSPD1,NDUFC2,BID,CCL2,ARHGAP33,CTLA4,CXCR3,CD4,DDX58,CCL26,SMCR8,SLC6A4
VCAM1,MPO,HSF1,HSPB1,HTR1A,SEMA3F,DRD2,PLD3,NR3C2,DNMT3A,CAMKK2,ATF6,GSTP1,NR3C1,GPX1,PSMC1,MLKL,NFKB1,ABCB7,NOS3,NLRP3,ESR2,IL1R1,BAX,ASIC1,SOCS1,IFNB1,CACNA1C,KEAP1,KIR2DS4,TDO2,NFE2L2,FKBP4,HSD11B1,GZMB,NFKB2,ZMYND10,AGK,SIRT2,RPAP3,ISG15,PARK2,SELP,NOS3,,,PRKAR1A,IFIH1,RYR1,ELOVL6,CXCL2,AGK,,HIF1A,ATP5C1,ZMYND10,CCL17,IFIT3,PPARA,CCL8,TRAF2,ATP2A3,PRDX2,CDCA3,DRD2,SLC2A4,TPI1,GPX3,OAS2,PPP1R1B,AGK,ZMYND10,HMGCR,RORC,WFDC2,NFYA,CD79A,ATP9A,SIRT6,ACO2,DRD4,UQCRFS1,RELA,PDCD1,RIPK1,GABBR1,SLC6A2,HSPB1,HSPE1,NDUFS1,PARP1,CXCL10,NDUFAB1,BTK,CXCR4,CD8A,MAVS,COX10,GLG1,SLC6A3
SELE,NLRP3,HSPA1A,HSPD1,HTR2A,CFTR,COMT,CD33,HSP90AA1,DNMT3B,TAB1,XBP1,MGST1,NR3C2,GPX4,PSMD1,FASLG,PPARGC1A,ALAS2,NOX1,CXCL10,AR,IL18,CASP3,ASIC2,SOCS3,IFNAR1,TRPV1,NOS1,KIR3DL1,KMO,SESN1,KDM1A,HSD11B2,GZMH,RELA,ABCB5,ALDH3B1,ATP1B3,ACSM3,OAS1,ACO2,ITGB2,SOD1,,,CREBBP,DDX58,RYR2,DGAT1,CXCL3,ALDH3B1,,SERPINA1,ATP5D,ABCB5,CCL19,DDX58,PPARD,CCL17,IRAK1,IL4R,PRDX3,IL17A,TSPO,LDHA,ACLY,GPX4,OAS3,CREB1,ALDH3B1,ABCB5,PPARG,CX3CR1,AGR2,STPG1,CD79B,ATP11B,EZH2,IDH1,HTR2A,UQCRH,STAT1,CD28,RIPK3,GABRA1,TAC1,HSPD1,DNAJB1,NDUFS2,AIFM1,CXCL8,PDK4,SYK,CX3CR1,CD8B,EIF2AK2,CDKL3,GORASP2,GABBR1
PECAM1,CASP1,HSPA1B,HSPE1,DRD2,ANKIB1,SLC6A4,CCL24,HSP90AB1,TET1,ULK1,PERK,NR3C1,POMC,TXN,PSMD2,FAS,CD69,FECH,NOX4,CD19,NR3C1,IL12A,CASP8,ASIC3,CD19,IFNAR2,TRPA1,NOS2,KIR3DL2,KYNU,SESN2,RBM6,NR3C1,GZMK,CHUK,SLC25A13,TTC22,MAPK6,REXO5,MX1,CS,ITGAM,SOD2,,,JUN,TLR9,CACNA1S,DGAT2,CXCL5,TTC22,,ICAM1,ATP5E,SLC25A13,CCL20,IFIH1,PPARG,CCL19,RIPK1,DDX1,PRDX5,IL17F,NLRP12,PKM,ACACA,GSS,IFIT1,BDNF,TTC22,SLC25A13,ADIPOQ,P2RY12,SLC34A2,NIPAL3,CD82,ATP2B4,KMT2A,IDH2,HTR1A,COX4I1,STAT3,CD80,MLKL,OPRM1,TACR1,SOD1,ATF4,NDUFS3,CYCS,CXCR3,SLC22A16,LYN,IL18,CD28,ISG15,SLC13A2,BRD2,GABRA1
CDH5,IL1A,HSPA5,DNAJA1,COMT,CYP51A1,SLC6A3,TNFSF8,HSP90B1,TET2,ATG5,IRE1,CRHR1,MC2R,TXNRD1,PSME1,TRAIL,SOD2,HMBS,CYBA,CCL2,CYP1A1,IL12B,CASP9,AVP,HLA-A,IFNGR1,TRPM8,NOS3,KIR3DL3,HAAO,ATM,CAMKK1,FKBP5,GZMM,IKBKB,ST7,PHTF2,SLC44A1,CIAPIN1,PKR,IDH2,ITGAX,CAT,,,FOS,MAVS,HTR2A,PNPLA2,CXCL6,PHTF2,,PTGS2,ATP5F1,ST7,CCL21,TLR9,PRKAA1,CCL21,NEMO,CACNA1S,PRDX6,CD83,IFIH1,HK1,FASN,GCLC,IFIT2,GFAP,PHTF2,ST7,LEP,TMEM119,GABRG1,ENPP4,CD83,ATP2C2,KDM1A,IDH3A,HTR3A,COX5A,STAT4,CD86,PARP1,OPRD1,OPRM1,SOD2,ATF6,NDUFS4,APAF1,CCR5,ZMYND10,ZAP70,IL18BP,CD40,RSAD2,CD79B,NOL10,OPRM1
ACE,IL18,HSPB1,DNAJB1,TPH1,KRIT1,SLC6A2,CD69,HSPA1A,HDAC1,ATG7,CHOP,POMC,FKBP5,TXNRD2,BDNF,TNFRSF10A,IL12B,UROD,CYBB,MMP9,CYP1B1,IL23A,BECN1,AVPR1A,HLA-B,IRF3,TRPV4,PTGS1,NCAM1,ACMSD,ATR,RECQL,CYP51A1,HLF,TRAF6,CDC27,CCL26,SLC12A3,SPPL2B,RIG-I,OGDH,CX3CR1,GPX1,,,MYC,TRPV1,CHRNA7,PNPLA3,CXCL8,CCL26,,NOS3,ATP5G1,CDC27,CCL22,IRF3,PRKAA2,CCL22,IKKA,IL12RB2,NQO1,CDH9,DDX58,HK2,CPT1A,GCLM,IFIT3,MBP,CCL26,CDC27,LEPR,ITGAM,ROS1,SEMA3F,CD84,NDUFB4,KDM5B,IDH3B,HTR7,COX6A1,SOD1,FOXP3,AIF,IL1A,OPRD1,GPX1,XBP1,NDUFS5,CASP9,CD19,ABCB5,PTPRC,IL1RA,CD80,ESR1,DNAJC11,KAT8,CHRNA4
OAS1,BCL2,HSPD1,DNAJC3,TPH2,RAD52,TPH1,HVCN1,HSPA1B,HDAC2,BECN1,BCL2L1,CRH,FKBP4,GSR,NGF,TNFRSF10B,IL4,ALAD,NCF1,HIF1A,CYP2D6,IL2,MAP1LC3A,AVPR1B,HLA-C,IRF7,AQP4,PTGS2,NCR2,QPRT,TP53BP1,VPS50,CYP26B1,HMOX1,TRAF2,SLC4A1,FARP2,ATP2B1,FAM214B,MDA5,DLST,CCR2,PPARGC1A,,,PER2,TRPA1,GABRA1,LIPE,CXCL9,FARP2,,EDN1,ATP5G2,SLC4A1,IL4,IRF7,PRKAG1,TGFB2,IKKB,GSTP1,HMOX1,IL12B,OAS1,PDK1,CPT2,TXNRD1,IFIH1,MOG,FARP2,SLC4A1,INSR,TREM2,GNAT3,CFTR,CD86,PFKP,TP53,CAT,SLC6A4,COX7A1,CAT,GATA3,CYCS,IL1B,OPRK1,GPX4,EIF2AK3,NDUFS6,CASP8,CD20,SLC25A13,CD45RA,TNFRSF1A,CD86,ESR2,CDK11A,PRPF4,GRIN1
OAS2,BAX,HSPA8,ATF4,SLC6A4,MYH16,TPH2,NCF1,HSPA5,KAT2A,LC3,MCL1,CRHR2,NFE2L2,GSTP1,NGFR,CD80,IL5,ECSIT,NCF2,ATP5F1,CYP3A4,IL7,SQSTM1,BDNF,HLA-DQA1,STAT1,CFTR,ALOX5,NCR3,TPH1,BRCA1,HSPB6,NDUFAF7,IFNG,JAK1,CALCR,USH1C,SLC6A15,COPZ2,MAVS,SDHA,CCR5,NDUFS1,,,CRY1,ASIC1,GABRB1,LPL,CXCL10,USH1C,,ACE2,ATP5G3,CALCR,IL13,IRF9,PTGS2,TGFB3,JNK,CD59,BACH1,CDH6,IFITM3,PDK4,ACADM,TXN,DDX58,MAG,USH1C,CALCR,IRS1,CSF1R,SFTPA2,ANKIB1,CD160,ATP11A,BAX,GSR,SLC6A2,LONP1,GPX1,TBX21,APAF1,IL4,POMC,CAT,EIF2A,NDUFS7,CASP7,CD38,ST7,CD45RO,TNFRSF1B,C1QA,INSR,MMP25,COLGALT1,GRIN2A
OAS3,CASP3,HSPA9,ATF6,ADRA2A,BAD,TH,STXBP5,HSPA8,SIRT6,SQSTM1,BAK1,MC2R,KEAP1,GSTM1,NTRK1,CD86,IL1A,ACSL1,NCF4,COX5A,GSTM1,IL15,ATG5,BHLHE40,HLA-DQB1,STAT2,SCN9A,ALOX12,TRPA1,TPH2,PARP1,ARHGAP33,SLC7A2,IGHA1,JAK2,DVL2,GGCT,ATP2A3,PRKAR2B,STING,SDHB,CXCR1,NDUFS2,,,CRY2,ASIC3,TLR2,APOB,CX,GGCT,,MMP9,ATP5H,DVL2,TGFB2,JAK1,RELA,TGFBR1,P38,CD82,CRH,IL4,CDC27,PGC1A,ACADL,PRDX1,TLR3,PLP1,GGCT,DVL2,PIK3R1,HEXB,MUC5B,CYP51A1,CD200,ATP1B3,BCL2,GSS,SLC6A3,CLPP,GPX2,RORC,MTOR,IL12,PENK,TXN,DDIT3,NDUFS8,BCL2L1,CD27,CDC27,CCR7,CD14,C1QB,IGF1R,IL32,INTS1,GRIA1
RNASEL,CASP8,HSP90AA1,EIF2AK3,ADRB1,LAP3,DBH,NUDT21,HSPB1,ACLY,PINK1,BID,FKBP5,HMOX1,NQO1,NTRK2,ICAM1,NFE2L2,CD36,PRDX1,NDUFS1,GSTT1,TRAF6,ATG7,BHLHE41,ATP5F1B,JAK1,SCN10A,ALOX15,SCN9A,HSP90AA1,XRCC1,NDUFAB1,CD38,IGHD,SOCS1,PRSS22,DBF4,SLC24A1,CREBBP,cGAS,MDH2,CXCR2,NDUFS3,,,CD28,P2RX7,TLR4,LDLR,,DBF4,,TERT,ATP5I,PRSS22,TGFB3,JAK2,SIRT1,TGFBR2,ERK1,DDX18,CRHR1,IL5,TNFRSF12A,PPARGC1B,HADHA,PRDX3,TPH1,S100B,DBF4,PRSS22,SLC2A4,AIF1,SFTA3,KRIT1,CD207,ATP2B1,CASP3,GSTP1,TPH1,MPV17,GPX3,KLRB1,PIK3CA,IL13,CRH,PRDX1,BBC3,NDUFV1,MCL1,ICOS,SLC4A1,CD62L,CD16,C1QC,LEPR,MAPK8IP2,MSANTD4,GRIA2
MX1,FAS,HSP90AB1,OPRM1,ADRB2,HS3ST1,ACHE,CD14,HSPD1,ACACA,PARK2,BAD,FKBP4,NQO1,MT1A,CHRM1,VCAM1,SDHB,SLC25A1,PRDX2,SDHB,GSTP1,MYD88,DICER1,C1QA,ATP5F1C,JAK2,RYR1,CYP1A1,KCNK3,HSPA1A,ERCC1,PDK4,NDUFAB1,IGHE,SOCS3,UPF1,TBXA2R,SLC12A1,TSPOAP1,CTLA4,FH,CXCL10,NDUFV1,,,CTLA4,P2RY1,TLR7,PCSK9,,TBXA2R,,KLRC1,ATP5J,UPF1,IL1RN,TYK2,SPP1,TGFBR3,ERK2,DDX24,CRHR2,CDX1,CCL26,COX4I1,HADHB,PRDX6,TPH2,UCHL1,TBXA2R,UPF1,PTEN,C1QA,SMIM22,RAD52,CD209,SDHA,CASP8,GSTM1,TPH2,PRKAA1,GPX4,KLRC1,AKT1,IL15,CRHR1,PRDX2,BCL2,NDUFV2,XIAP,CTLA4,CALCR,CD44,CD56,C1R,PPARGC1A,CSDE1,SARS2,GRIK1
MX2,FASLG,DNAJA1,OPRD1,POMC,AOC1,BCHE,HLA-DRB1,HSPE1,FASN,BNIP3,BCL2L11,HSP90AA1,GSR,MT2A,CHRM2,ITGB2,CAT,SLC25A4,PRDX3,ATP5F1A,UGT1A1,IRAK4,DROSHA,C1QB,ATP5F1D,TYK2,RYR2,CYP1B1,CACNA1C,HSPA5,MLH1,SLC22A16,SLC22A16,IGHG1,PTPN22,SKAP2,IFRD1,SLC25A40,MPO,PD1,GLS,CXCL9,UQCRC1,,,PDCD1,SCN9A,TLR9,CETP,,IFRD1,,NCR1,ATP5J2,SKAP2,IL10RA,PARP1,TGFB1,SOD3,NFAT,NDUFB2,POMC,CD86,CDKL3,COX5A,SLC25A4,KEAP1,SLC6A4,GFAP,IFRD1,SKAP2,ESR1,TYROBP,CXCL17,MYH16,CD274,ATP2A3,CASP9,GSTO1,BDNF,PRKAA2,PRDX1,KLRD1,GSK3B,IL18,CRHR2,PRDX3,BAX,NDUFV3,BIRC5,PD1,DVL2,CD69,CD3,C1S,PPARGC1B,REV3L,CDKN2A,GRIK2
ISG15,CXCL8,DNAJB1,OPRK1,CRH,WNT16,CNR1,PPIA,HSPH1,CPT1A,FUNDC1,PUMA,AVPR1B,GCLC,CRH,CHRNA7,ITGAM,CCR2,SLC25A6,PRDX4,COX4I1,SLC6A4,IRAK1,AGO2,C1QC,ATP5F1E,MX1,ITPR1,CYP2E1,CHRM3,HSPB1,MSH2,ZMYND10,SLC25A13,IGHM,CTLA4,MCUB,LGALS14,SLC25A3,PON1,PDL1,GLUD1,CRP,UQCRC2,,,CD274,SCN10A,MYD88,ABCA1,,LGALS14,,C3,ATP5L,MCUB,IL10RB,TRPM3,TNFRSF1A,ATPAF1,AP1,CD209,MC2R,IL1A,CD79B,NDUFV1,SLC25A5,NQO1,HTR3A,NEFL,LGALS14,MCUB,AR,DPM1,BPIFA1,BAD,CD276,ATP12A,FAS,MGST1,NGF,PRKAB1,PRDX2,KLRK1,PTEN,IL23,MC2R,PRDX4,CASP3,SDHA,CFLAR,FOXP3,PRSS22,CD25,CD4,C2,PCK1,CD9,SFXN2,CHRM1
ISG20,MMP9,BAG1,OPRL1,DDX58,HECW1,CRH,SERPINA1,DBH,CPT2,MFN1,NOXA,AVPR1A,GCLM,CRHR1,DRD1,CD44,CCR7,VDAC1,PRDX5,NDUFA9,HTR1A,IRF7,DGCR8,C3,ATP5MC1,OAS1,STIM1,MAPK1,CHRM4,HSF1,CHEK1,ABCB5,CDC27,IGLL1,IL2RA,HOXA11,COX10,ATP12A,GCFC2,FOXO3,SLC25A1,PTGS2,COX4I1,,,IL2,CACNA1C,TRAF6,APOA1,,COX10,,C4A,ATP5O,HOXA11,SOCS1,TRPA1,TNFRSF1B,ATPAF2,IRF5,IL5RA,NR3C1,CCL20,CDK11A,NDUFV2,UCP1,NR3C2,HTR3B,GRIN2D,COX10,HOXA11,SHBG,SCYL3,CSN1S1,LAP3,TGFB1,ATP8B1,FASLG,NQO1,NTRK1,PRKAB2,PRDX3,PRF1,HIF1A,CXCL10,NR3C1,PRDX5,CASP8,SDHB,TGFBR1,GATA3,UPF1,FOXP3,CD8A,C3,CLOCK,SLC6A13,MTMR2,CHRM2
IFIT1,TGFB1,BAG3,PDYN,IFIH1,MAD1L1,CRHR1,HLA-DRA,DRD1,ACADM,MFN2,SIRT1,UCN,TXNRD1,CRHR2,DRD2,CXCR3,CD68,BCL2L1,PRDX6,UQCRH,HTR2A,TBK1,XPO5,C4A,ATP5MC2,OAS2,ORAI1,MAPK3,TFAM,ATF4,CHEK2,SLC25A13,SLC4A1,IGLL5,AIRE,POLR2J,GTF2IRD1,SLC46A1,WDR54,SIRT3,SLC25A4,NOS2,COX5A,,,IL4,GRIN1,IRAK1,LCAT,,GTF2IRD1,,CFB,UQCRC1,POLR2J,SOCS3,TRPV1,TP53,ATP5F1A,IRF8,IL11,NR3C2,IL1R2,IL32,SDHB,UCP2,CRHR1,HTR3C,GRIN1,GTF2IRD1,POLR2J,CYP19A1,C1orf112,FABP7,HS3ST1,TGFB2,ACOX3,HSPA1A,TXN,NTRK2,PRKAG1,PRDX5,GZMB,VEGFA,CCL2,NR3C2,PRDX6,CASP9,SDHC,TGFBR2,TBET,SKAP2,RORC,LAMP1,C4A,ARNTL,CD4,SLC35F6,CRHR1
IFIT2,VEGFA,PPARGC1A,PENK,OAS1,LASP1,CRHR2,DCTN1,DRD3,HADH,OPA1,SIRT3,UCN2,PRDX1,POMC,HTR1A,CCR7,COX4I1,BAD,TXN,EIF2AK2,HTR2C,ISG15,LIN28A,C4B,ATP5MC3,OAS3,DNMT1,MAPK8,GPX1,XBP1,H2AX,ST7,TNFRSF12A,IL10,FAS,DHX33,PAF1,IL4R,CROT,NAMPT,SLC25A11,ACE2,ATP5F1A,,,IL12A,GRIN2A,IRAK4,HMGCR,,PAF1,,CFH,UQCRC2,DHX33,STAT3,TRPV4,VDR,ATP5F1B,IRF9,IL12RB1,FKBP4,IL1R1,CD9,UQCRC1,UCP3,CRHR2,HTR3D,NOS1,PAF1,DHX33,CYP17A1,FGR,OPN1SW,AOC1,TGFB3,NDUFB2,HSPA1B,TXNRD1,CD22,PRKAG2,PRDX6,GZMA,EPAS1,CCL3,HSD11B1,KEAP1,GADD45A,SDHD,SMAD2,RORC,MCUB,TBX21,FASLG,C4B,PER1,SLC6A7,PSMD11,CRH
IFIT3,HIF1A,TFAM,PNOC,OAS2,SNX11,POMC,CDC27,DRD4,EHHADH,DNM1L,PGC1A,UCN3,MAPK1,MC2R,HTR2A,CD62L,PRKAA1,BID,TXNRD1,PD1,DRD2,MX1,LIN28B,CALCRL,ATP5PB,ISG15,DNMT3A,MAPK14,CAT,DDIT3,KU70,CDC27,CCL26,IL13,FASLG,MEOX1,VPS41,SIRT6,ABCB4,NRF2,VDAC1,BDNF,ATP5F1B,,,IL18,GRIN2B,IRF3,CYP7A1,,VPS41,,PTPRC,UQCRFS1,MEOX1,IDO1,SCN9A,IFNB1,ATP5F1C,ISG15,ATP5F1D,FKBP5,IL1RL2,CD22,ATP5F1A,PPARGC1A,MC2R,HTR3E,NOS2,VPS41,MEOX1,HSD3B1,CFH,SCGB2A2,WNT16,TGFBR1,PGC,HSPA5,IL1A,CD27,PRKAG3,GSR,FASLG,EPO,CCL4,HSD11B2,NFE2L2,GADD45B,UQCR10,SMAD3,NLRP3,HOXA11,GATA3,CD95,C5,PER2,PTBP1,TRMU,POMC
IFITM1,NOS3,POLG,POMC,OAS3,TMEM176A,MC2R,CDKL3,DRD5,ACOX1,FIS1,TFAM,BDNF,MAPK3,NR3C1,ADRB1,CD27,CRP,CYCS,HMOX1,PDCD1,DRD4,OAS1,TARBP2,CAT,ATP5PD,IFIT1,DNMT3B,AKT1,IL1RN,EIF2AK3,KU80,SLC4A1,COX10,IL17A,PDCD1,THSD7A,ARHGAP44,SLC1A3,KMT2E,KEAP1,RHEB,NGF,TFAM,,,IL23A,GRIA1,IRF7,CYP27A1,,ARHGAP44,,CD28,UQCRH,THSD7A,ARG1,SCN10A,IFNA1,ATP5F1D,MX1,NDUFB7,SRD5A1,IL1RL1,CD6,ATP5F1B,PPARGC1B,AVPR1A,OCLN,NOS3,ARHGAP44,THSD7A,HSD17B1,FUCA2,LALBA,HECW1,TGFBR3,ACOT7,HSP90AA1,IL18,CD38,RPTOR,GSTP1,IFNG,IDO1,CCL5,FKBP5,HMOX1,CRH,UQCR11,SMAD4,NLRC4,POLR2J,BCL6,TRAIL,C6,PER3,BRCA1,ZNF292,ACTH
IFITM3,EDN1,POLG2,SCN9A,OASL,M6PR,NR3C1,CD79B,ADRA1A,SLC25A4,MFF,NRF1,NGF,MAPK8,NR3C2,ADRB2,CD28,CXCL9,CASP9,NFE2L2,LAG3,COMT,JAK1,ADAR,CHRNA7,ATP5PF,DDX58,HDAC1,PIK3CA,NFKBIA,ATF6,DNA-PK,CALCR,CDKL3,IL18,CD274,LIG3,ELAC2,SLC35C2,RHBDD2,SOD1,MTOR,GDNF,PGC1A,,,IL2RA,GRIA2,NLRP3,ABCG5,,ELAC2,,CD80,UQCRB,LIG3,NOS2,SCN11A,IFNA2,ATP5F1E,OAS1,GSTT2,HSD11B1,IL18R1,IL20RA,POLG,NRF1,AVPR1B,CLDN1,PTGS1,ELAC2,LIG3,CYP1A1,NFYA,CASP14,MAD1L1,TGFBI,ATP5F1D,HSPB1,CCL2,CD40,RICTOR,GSTM1,IL2,KYNU,CCL11,TH,GCLC,CRHR1,UQCRB,SMAD7,PYCARD,DHX33,IL21,DR5,C7,CRY1,ERCC1,LDB1,MC2R
DDX58,PTGS2,TWNK,SCN10A,MX1,CYP26B1,NR3C2,CDK11A,ADRA1B,UCP3,SLC25A4,PPARA,COMT,MAPK14,FKBP4,COMT,CD19,NDUFA9,CASP3,KEAP1,TIGIT,MAOA,JAK2,DNMT1,CHRNB2,ATP5PO,IFIH1,HDAC2,PIK3CB,NFKBIB,CD4,LIG4,DVL2,SLC13A2,IL1A,PDCD1LG2,RPAP3,SCIN,SLC4A4,SOX8,CAT,AKT1,NTRK1,IDO1,,,CCR5,GABBR1,CASP1,ABCG8,,SCIN,,CD86,UQCRQ,RPAP3,IL37,KCNQ1,CD274,ATP5MC1,IFNAR1,CACNA1I,HSD11B2,IL18RAP,NDUFAF7,TFAM,TFAM,UCN,DNMT1,PTGS2,SCIN,RPAP3,SULT1A1,STPG1,KLK5,LASP1,CXCL2,NDUFB7,TRPV1,CCL3,CD79A,AKT1,GSTM2,IL4,KMO,CCL17,TPH1,GCLM,CRHR2,UQCRC1,VDR,CASP1,MEOX1,IL22,CIITA,C8A,CRY2,CD22,CDK2,STAR
IFIH1,PTGIR,SIRT1,VEGFA,MX2,ICA1,FKBP4,IFNGR1,ADRA1D,PDK1,CPT1A,PPARG,GRIN2A,AKT1,FKBP5,GAD1,CD20,CD27,CDKN1A,G6PD,BTLA,MAOB,TYK2,DNMT3A,CLOCK,COX5A,MAVS,HDAC3,PIK3CD,RELA,CD8A,XLF,PRSS22,CD79B,IL1B,HLA-DQA1,ACSM3,MYH13,CXCL2,IBTK,GPX4,PI3K,NTRK2,LAT1,,,CD40,GABBR2,IL1R1,NR1H3,,MYH13,,ITGAL,UQCR10,ACSM3,CTLA4,KCNH2,PDCD1,ATP5MC2,IFNAR2,IL2RB,AVP,CD207,NDUFAB1,CISD1,POLG,BDNF,DNMT3A,ALOX5,MYH13,ACSM3,COMT,NIPAL3,IDO1,SNX11,CXCL12,ACO2,TRPV4,CCL4,CD79B,PIK3CA,GSTO1,IL5,QPRT,CCL21,TPH2,GSR,POMC,UQCRC2,CYP27B1,IL18,THSD7A,IL5,TAP1,C8B,RORA,NR1H4,EIF3A,CYP11A1
TLR9,PTGER4,SIRT3,VEGFB,ISG15,DBNDD1,FKBP5,ATP6V0A1,ADRA2B,PDK4,CPT2,CPT1A,HTR2A,PIK3CA,SERPINA6,GAD2,CD3,ITGAX,HSP90AA1,IDO1,NFE2L2,TPH1,SOCS1,DNMT3B,CNTF,COX5B,STING1,KAT2A,PIK3R1,HMGB1,CD19,NHEJ1,UPF1,CDK11A,IL4,HLA-DQB1,REXO5,ADIPOR2,SLC13A1,ZNF195,TXNRD1,TSC1,CHRNA7,HPGD,,,CD80,CLOCK,IL1R2,NR1H4,,ADIPOR2,,ITGB2,UQCR11,REXO5,HK1,CACNA1C,CD28,ATP5MC3,IFNGR1,GSTZ1,AVPR1A,CD58,COX10,APOE,POLG2,NGF,DNMT3B,ALOX12,ADIPOR2,REXO5,NR3C1,ENPP4,KYNU,TMEM176A,CSK,ATP6V1D,TRPM3,CCL5,IGHM,PTEN,GSTZ1,IL10,HAAO,CXCL8,DDC,NQO1,MC2R,UQCRFS1,CYP24A1,IL1A,LIG3,TSLP,PSMB8,C9,RORB,SLC7A14,ACSL3,CYP17A1
DHX58,CYBA,OPA1,VEGFC,IFIT1,ALS2,HSPA1A,CDH1,ADRA2C,PDHA1,ACADVL,CPT2,GRIN1,JAK1,HSD11B1,DEFA1,CD4,UQCRC2,HSP90AB1,ACOX1,NRF2,TPH2,SOCS3,TET1,CR1,COX6A1,NLRP3,KAT2B,PIK3R2,HSP90AA1,KLRK1,GADD45A,SKAP2,IL32,IL6,HLA-DPA1,CIAPIN1,CDKL3,HSPB11,MYCBP2,GSR,TSC2,CHRM1,PACS1,,,TNFSF13B,ARNTL,IL6R,PPARA,,CDKL3,,PECAM1,COX4I1,CIAPIN1,HK2,PPARA,CD80,ATP5MD,IFNGR2,TRPC4AP,AVPR1B,CD2,COX15,APP,TWNK,NTRK1,TET1,ALOX15,CDKL3,CIAPIN1,POMC,SEMA3F,KMO,M6PR,OPTN,NDUFAF5,SCN9A,CXCL8,IGHD,TSC1,GCLC,IL12A,ACMSD,CXCL9,ESR1,MAPK1,NR3C1,UQCRH,KDR,HMGB1,RPAP3,GMCSF,PSMB9,CFB,RORC,SLC25A39,POLR3A,CYP19A1
MAVS,RAC1,MFN1,FLT1,IFIT2,CASP10,HSPA1B,CDH10,CHRNA1,CS,ACADM,ACADM,GRIN2B,JAK2,HSD11B2,FABP7,CD8,SOD1,HSPA1A,ALOX5,KEAP1,CRHR1,PSMB8,TET2,CREBBP,COX6B1,IL18,EZH2,MTOR,HSPA1A,CTLA4,GADD45B,MCUB,MAPK8IP2,IRAK4,HLA-DPB1,SPPL2B,UPP2,ATP8B1,FBXL3,GCL,PTEN,CHRM3,TDP2,,,IRF1,PER1,IL10RA,PPARD,,UPP2,,PTPN22,COX5A,SPPL2B,HK3,PPARD,CD86,ATP5ME,IL6R,CD40,OXT,CD48,ATP2C1,MAPT,MTCO1,NTRK2,TET2,HMOX1,UPP2,SPPL2B,ACTH,CFTR,HAAO,CYP26B1,PSMC5,ADRB1,SCN10A,CXCL9,PAX5,TSC2,GCLM,IL12B,NAMPT,CXCL11,ESR2,MAPK3,NR3C2,UQCRQ,VEGFA,S100A8,ACSM3,MCSF,PDL1,CFH,SLC6A4,CD6,TRMT11,CYP21A2
OCLN,RAC2,MFN2,KDR,IFIT3,CFLAR,HSPA5,ATP6V1H,CHRNA2,ACO2,HADHA,ACADVL,GRIA1,STAT5A,HTR1A,SCGB2A2,NKp46,RORC,HSPA5,ALOX12,HMOX1,CRHR2,TAP1,HDAC1,CRH,COX6C,IL1R1,CLOCK,PTEN,HSPA5,PDCD1,P21,HOXA11,CD9,IRF3,C2,FAM214B,PRSS21,IL12RB2,ITGAL,HMGB1,RPS6KB1,ADRB2,HMGCR,,,IRF5,PER2,IL10RB,PPARG,,PRSS21,,SYK,COX5B,FAM214B,GPI,PPARG,IFNAR1,ATP5MF,IL10R,NDUFAF5,OXTR,CDK18,ATP1A2,GSK3B,MTCO2,NGFR,TET3,HMOX2,PRSS21,FAM214B,MC2R,ANKIB1,QPRT,ICA1,MAP2K2,DRD4,CACNA1C,CXCL10,EBF1,RHEB,GSS,IL13,SIRT3,CXCL12,PGR,MAPK8,HSD11B1,SOD1,HGF,S100A9,REXO5,IDO1,CD47,CFI,HTR3A,MDH1,TMEM167A,HSD3B2
CLDN1,NCF1,DNM1L,FLT4,RSAD2,TFPI,HSPA8,ATP9A,CHRNA3,IDH1,ACLY,UCP2,GRIA2,DDX58,HTR2A,CASP14,CD16,NCAM1,HSPD1,ALOX15,NQO1,FKBP5,ERAP1,HDAC2,CRHBP,COX7A2,MYD88,ARNTL,TSC1,ATF4,CD274,RB1,POLR2J,SLC6A13,IRF4,C3,COPZ2,MARK4,SLC27A5,PDK2,S100A8,EIF4E,ADRA2A,PPARA,,,MX1,PER3,IFNGR1,PPARGC1A,,MARK4,,BECN1,COX6A1,COPZ2,PFKM,ACOX1,IFNAR2,ATP5MG,TNFR1,TNFSF13B,NPY,CD160,ATP6V0A1,PSEN1,MTCO3,GRIN1,HDAC1,MT1A,MARK4,COPZ2,HSD11B1,CYP51A1,ACMSD,DBNDD1,SIGMAR1,TDRD3,CLOCK,CXCL11,BCL6,SIRT3,NQO1,IL17A,UCP1,CXCL13,TSHR,MAPK9,HSD11B2,SOD2,MET,RAGE,CIAPIN1,ARG1,SIRPA,CFD,HTR4,SLC30A9,ZNF131,HSD11B1
TJP1,NCF2,FIS1,TEK,DHX58,NDUFAF7,HSP90AA1,ATP11B,CHRNA4,OGDH,ACACA,UCP3,GABBR1,IFIH1,HTR3A,CRABP2,KLRK1,KLRF1,HSPE1,CYP1A1,GSTM1,POMC,B2M,SIRT1,CRHR2,COX7C,TLR2,PER1,TSC2,ATF6,IL2RA,E2F1,DHX33,SLC6A7,IRF7,C4A,PRKAR2B,PROM1,SLCO1A2,ITGA3,S100A9,EIF4EBP1,HTR1A,PPARG,,,OAS1,CRY1,IFNGR2,UCP1,,PROM1,,MAP1LC3A,COX6B1,PRKAR2B,PFKL,CPT1A,IRF1,ATP5MPL,TNFR2,CDC27,NPY1R,CD46,ATP6V1H,CLOCK,MTND1,GRIN2A,HDAC2,MT2A,PROM1,PRKAR2B,HSD11B2,KRIT1,TDO2,ALS2,VCP,TDRD1,ARNTL,BDNF,XBP1,NAMPT,HMOX1,IL21,UCP2,VEGFA,TRH,MAPK10,FKBP5,CAT,ANGPT1,ATP1A1,SPPL2B,NOS2,CD200,MASP1,OCLN,COX15,MED21,HSD11B2
F11R,NOX4,PINK1,ANGPT1,EIF2AK2,RBM5,HSP90AB1,CDK14,CHRNA5,SDHA,FASN,MFN1,GABRA1,OAS1,HTR7,SERPINB5,NCR1,CD8A,TRAP1,CYP1B1,SOD1,BDNF,APP,EZH2,CRY1,COX8A,TLR4,PER2,RHEB,XBP1,IL7R,MYB,MEOX1,SLC7A14,IRF8,C4B,CREBBP,CCDC124,SLC25A24,ITGA2B,RAGE,MYD88,HTR2A,ACADVL,,,ISG15,CRY2,JAK1,UCP2,,CCDC124,,MAP1LC3B,COX6C,CREBBP,PFKP,CPT2,IRF5,ATP5PB,FASLG,CDKL3,DDX58,CDC20,ATP9A,ARNTL,MTND4,GRIN2B,HDAC3,HSP90AA1,CCDC124,CREBBP,CRH,RAD52,IDO2,CASP10,ATXN2L,CRHR2,PER1,NGF,PRDM1,PARP1,HMOX2,IL23A,NRF1,VEGFB,TRHR,MAPK11,TH,GPX1,TEK,ATP1B1,FAM214B,MMP9,CD200R,MASP2,CLDN1,IL20RA,TLK1,AR
MUC1,IL2,PRKN,ANGPT2,IRF3,MTMR7,HSPB1,CDK17,CHRNA6,SDHB,SCD,MFN2,DRD2,OAS2,ADRA2A,TFF1,FCGR3A,PPARGC1B,PARK2,CYP2C9,SOD2,NGFR,MAPT,GRIK2,CRY2,CYCS,NOD1,PER3,RICTOR,ERN1,TLR2,BCL2,THSD7A,SLC25A39,JAK1,CFB,TSPOAP1,CEACAM21,SLC15A1,ASB4,P2X7R,IRF3,DRD2,CPT1A,,,IFIH1,MTNR1A,JAK2,UCP3,,CEACAM21,,ATG5,COX7A1,TSPOAP1,ALDOA,ACADM,IRF9,ATP5PD,FAS,CDK11A,IFIH1,TNFSF4,ATP11B,CRY1,MTND5,CLOCK,SIRT1,HSPA1A,CEACAM21,TSPOAP1,CRHR1,MYH16,AADAT,CFLAR,TESPA1,HTRA2,PER2,NTRK1,TNFSF13B,PRKDC,NFE2L2,TGFB1,TFAM,TGFB1,TSHB,MAPK12,DBH,GPX3,FGF2,SERCA2,COPZ2,FAS,CD47,SERPING1,TJP1,ATP2C1,PTPN9,ESR1
MUC2,IL4,UCP1,EDN1,IRF7,SLC7A2,HSPD1,CDH3,CHRNA7,FH,ELOVL6,OPA1,HTR1A,OAS3,ADRB1,DPM1,KIR2DL1,MS4A1,PINK1,CYP3A4,GPX1,APOE,APOE,NPAS2,CSNK1D,NDUFA2,NOD2,CRY1,RPTOR,DDIT3,TLR4,BAX,LIG3,CD6,JAK2,MBL2,MPO,PAFAH1B1,SLC4A11,GDE1,GFAP,IRF7,COMT,CPT2,,,DDX58,MTNR1B,JAK3,ADRB1,,PAFAH1B1,,ATG7,COX7B,MPO,ALDOB,ACADL,ISG20,ATP5PF,TRAIL,CDH10,MYD88,CD274,ATP2B4,CRY2,MT-ATP6,ARNTL,IL1A,HSPB1,PAFAH1B1,MPO,AVP,BAD,CCBL1,TFPI,KIR3DX1,AFTPH,CRY1,NTRK2,TNFSF13,ATM,KEAP1,CSF1,PPARA,ICAM1,THRB,MAPK13,COMT,GPX4,FGFR1,RYR1,PRKAR2B,FASL,ITGAM,SERPINA5,MUC2,IGF1,POLR2J,ESR2
MUC5AC,IL12A,UCP2,CLOCK,IRF9,ARF5,DNAJB1,CDON,CHRNA9,MDH1,SREBF1,DRP1,CHRNA4,EIF2AK2,ADRB2,SCYL3,KIR2DL2,CD3G,FUNDC1,CYP2E1,CAT,IL1A,KLF2,SLC34A2,CSNK1E,NDUFA3,LBP,CRY2,HIF1A,CASP1,TLR10,BAK1,RPAP3,SLC30A9,JCHAIN,IL23A,PON1,NOS2,MAPKAPK5,REX1BD,IBA1,MAVS,MAOA,ACADM,,,MYD88,NOS1,TYK2,ADRB2,,NOS2,,SQSTM1,COX7C,PON1,ALDOC,ACADVL,CYCS,ATP5PO,DR5,ATP6V1H,IRAK4,IFNA6,PRDM11,PER1,MT-ATP8,PER1,IL1RN,HSPD1,NOS2,PON1,AVPR1B,LAP3,CCBL2,NDUFAF7,CCL1,ADRA1A,CRY2,HTR1A,TNFRSF13B,PDK2,CALM1,CSF2,PPARD,VCAM1,THRA,MAPK14,ADRB1,GSR,EGF,RYR2,CREBBP,CD95,CD11C,TRPM3,LCT,SLC11A1,TCTN3,PGR
REG3A,IL12B,UCP3,ARNTL,MAVS,SARM1,BAG1,CDK13,CHRNA10,GOT1,HMGCR,FIS1,CHRNB2,MX1,DRD1,C1orf112,KIR3DL1,PRKAA2,DNM1L,BDNF,PRDX1,IL4,VEGFA,GABRG1,CX3CR1,NDUFA4,CD14,RORA,VEGFA,CASP3,MYD88,MCL1,ACSM3,COX15,KEAP1,BDNF,GCFC2,DNAH9,SLC23A2,CRLF1,GDNF,RIG-I,TPH1,ACADS,,,TICAM1,NOS2,SOCS1,ADRB3,,DNAH9,,ATM,COX8A,GCFC2,TPI1,SLC2A1,SDHB,COX4I1,RIPK3,ATP9A,TRAF6,IFNA8,PRDM1,PER2,MTRNR1,PER2,IL6R,EIF2AK1,DNAH9,GCFC2,FKBP5,HS3ST1,CD14,RBM5,CCL2,DBH,IGHG1,HTR2A,TNFRSF17,PDHB,CALM2,CSF3,PPARG,CD4,DIO1,AKT1,ADRB2,GCLC,EGFR,CACNA1C,TSPOAP1,DR4,CD86,TRPA1,SI,ATP1A2,NUP133,SHBG
AIRE,IL17A,CPT1A,PER1,STING1,POLDIP2,STIP1,ATP11A,CHRNB1,GOT2,FDPS,PINK1,SLC6A4,ISG15,DRD2,FGR,KIR3DL2,NLRP3,MFN1,NGF,FOXO3,IL13,ICAM1,ROS1,DBP,NDUFA5,OCLN,RORB,EGFR,BCL2,TICAM1,BID,REXO5,IL20RA,KIR2DL1,NGF,WDR54,KIAA0100,SLC8B1,OSBPL7,NGF,TLR7,TPH2,ACAD9,,,TRAF3,NOS3,SOCS3,ADRA2A,,KIAA0100,,BRCA1,NDUFV1,WDR54,GAPDH,SLC2A4,SDHC,COX4I2,MLKL,CDK14,IRF3,TNFSF18,PRDM6,MAPK14,MTRNR2,PER3,IL7,EIF2AK2,KIAA0100,WDR54,BDNF,AOC1,CD68,MTMR7,CCL7,HTR5BP,IGHA1,CHRNA7,MS4A1,DLAT,CALM3,PDGFA,ESRRA,CD8A,DIO2,AKT2,ADRB3,GCLM,IGF1,ITPR1,MPO,DR5,TLR7,TRPC1,ALPI,CYP24A1,TBC1D8B,ACE
PTPN22,CD28,CPT2,PER2,AKT1,PLXND1,CLOCK,TRPC7,CHRNB2,SLC1A3,GGPS1,PARK2,SLC6A3,RSAD2,DRD4,CFH,IDO1,CTLA4,MFN2,NTRK1,SIRT1,IL17A,VCAM1,AGR2,DNAJB1,NDUFA6,CLDN1,RORC,ERBB2,BAX,TIRAP,BAD,CIAPIN1,ATP2C1,KIR2DL3,NTRK1,CROT,SLC13A2,SIRT4,TMEM98,NT3,TLR8,SLC6A4,PDK1,,,IL13,EDN1,PIAS1,LEP,,SLC13A2,,CHEK1,NDUFV2,CROT,PGK2,HK1,SDHD,COX5A,CYLD,CDK17,IRF7,TNFSF11,GSTO2,IL18,CD4,LBP,IL7R,EIF2AK3,SLC13A2,CROT,NTRK2,WNT16,CD86,SLC7A2,CCL8,TPH1,IGHM,CHRNB2,SYK,DLD,CALR,PDGFB,ESRRG,CD19,DIO3,AKT3,DRD1,GSS,IGF1R,GRP78,PON1,TNFR2,TLR9,TRPV1,MTHFR,MRE11,ITFG1,AGT
IL23R,CD80,ACADM,PER3,PIK3CA,AK2,ARNTL,CDC42,CHRNB3,SLC1A2,FDFT1,MMP9,SLC1A1,5S_rRNA,COMT,FUCA2,KYNU,NDUFB8,OPA1,NTRK2,PPARGC1A,IL23A,SELE,GNAT3,DNMT1,NDUFA7,MUC1,NR1D1,IGF1R,TP53,TRAF6,CASP3,SPPL2B,SLC11A1,KIR2DL4,NTRK2,ABCB4,GAS7,SLC9A1,YBX2,NT4,TLR9,SLC6A3,PDK2,,,IL12B,EDNRA,PIAS3,LEPR,,GAS7,,RAD51,NDUFV3,ABCB4,PGAM1,HK2,COX4I1,COX5B,A20,CDH3,ISG15,TNFRSF10B,TXNDC16,IL1R1,CD8A,CD14,IL12A,EIF2AK4,GAS7,ABCB4,NGF,HECW1,HLA-DRA,ARF5,CCL17,ADRM1,CD19,GABRA1,BLNK,PCK1,CAMK1,EGF,CPT1A,CD56,TLR2,PIK3CA,DRD2,GSTP1,INS,HSP70,GCFC2,IL1R1,INFAR1,TRPM2,CBS,CYP3A43,C14orf119,AGTR1
IL23A,CD86,CRH,CRY1,PIK3CB,CD38,PER1,CDH19,CHRNB4,GLUL,SQLE,TIMP1,SLC1A2,5S_rRNA,SLC6A4,NFYA,TPH1,CD3D,FIS1,GRIN1,AMPK,CD19,ACE,SFTPA2,DNMT3A,NDUFA8,MUC2,NR1D2,INSR,FOXO1,IRAK4,CASP8,FAM214B,ATP1A2,KIR2DS4,HTR1A,KMT2E,TRAPPC6A,NDUFB2,KRT33A,TRKB,JAK1,CRHR1,PDK3,,,IL7R,VEGFA,NDUFV1,MC4R,,TRAPPC6A,,XRCC1,NDUFS1,KMT2E,PGAM2,PFKM,COX6A1,COX6A1,SOCS1,ATP2C2,MX1,TNFRSF8,TXNL1,NLRP3,CD19,NOD1,IL12B,ATF4,TRAPPC6A,KMT2E,GDNF,MAD1L1,HLA-DRB1,SARM1,CCL20,HTR1B,CD3D,GABRB1,PRRT4,PCK2,CAMK2A,FGF2,CPT2,CD14,NOD1,PIK3CB,HTR1A,HMOX1,INSR,HSP90,WDR54,IL1RN,INFAR2,TRPM7,MTR,SLC7A9,P2RY6,NOS1
IL12B,PDCD1,MC2R,CRY2,PIK3CD,FKBP4,PER2,SDHA,CHRND,GLS,TCA,COL1A1,DLG4,5S_rRNA,SLC6A2,STPG1,ALAS1,CX3CR1,MFF,GRIN2A,MTR,CD20,AGTR1,MUC5B,DNMT3B,NDUFA9,MUC4,IGF1R,IRS1,FOXO3,C1QA,CASP9,COPZ2,CYP24A1,KIR3DL1,HTR2A,RHBDD2,MATK,SLC26A4,MAP3K14,TRKC,JAK2,CRHR2,PDK4,,,CXCR4,KDR,NDUFV2,POMC,,MATK,,NOS1,NDUFS2,RHBDD2,ENO1,PFKL,COX6B1,COX6A2,SOCS3,CDON,OAS1,CD80,CATSPERG,PYCARD,CD56,IL1A,IL15,ATF6,MATK,RHBDD2,FGF2,LASP1,HLA-DPB1,POLDIP2,CCL22,HTR2B,CD4,MAPK1,PRSS56,FBP1,CAMK2B,IGF1,ACADM,FOXP3,NOD2,PIK3CD,HTR2A,NQO1,LEPR,HSPA5,CROT,IL1RAP,INFGR1,TRPC3,MTRR,SLC45A4,MCUR1,EDN1
CTLA4,CD274,NR3C2,NR1D1,MTOR,KDM1A,PER3,CDHR2,CHRNE,GLS2,CS,COL3A1,NRXN1,5S_rRNA,SLC6A3,NIPAL3,EEF1G,IL12A,CD4,GRIN2B,MTRR,CD4,NOS1,SFTA3,DRD1,NDUFA10,REG3A,EGF,IRS2,SIRT1,C1QB,APAF1,PRKAR2B,CYP3A43,KIR3DL2,DRD2,SOX8,CEACAM7,SLC26A3,ABCC8,P75NTR,STING,POMC,PDHA1,,,ACO2,ACE,NDUFS2,AGRP,,CEACAM7,,AGTR1,NDUFS3,SOX8,ENO2,PKM,COX6C,COX6B1,PTPN22,DDX20,OAS2,TNFSF10,GSTT2,IL1A,FOXP3,NFKB2,IL18,XBP1,CEACAM7,SOX8,IGF1,SNX11,HLA-DQB1,PLXND1,CCL24,CRHBP,CD8A,MAPK3,ANKDD1B,PFKL,CAMK2G,INS,HADH,GATA3,REL,PIK3CG,SLC6A4,TXN,LEP,HSPA9,ABCB4,IL6R,INFGR2,TRPC6,COMT,NDUFS1,PLEKHA7,EDNRA
PDCD1,BTLA,HSD11B1,NR1D2,PTEN,RBM6,CRY1,ATP12A,CHRNG,GLUD1,ACO2,FN1,NLGN1,5S_rRNA,TPH1,ENPP4,G6PD,IL13,CD8A,GRIA1,COMT,CD8A,EDN1,SMIM22,DRD2,NDUFA11,DEFB1,EGFR,FGF1,NOX3,C3,CYCS,CREBBP,SLC7A9,KIR3DL3,DRD4,IBTK,CD79B,IL5RA,CACNG3,PGC1A,CGAS,NR3C1,PDHB,,,IDH3A,AGTR1,NDUFS3,NPY,,CD79B,,EDNRA,NDUFS4,IBTK,ENO3,LDHA,COX7A1,COX6B2,SHP1,CDK13,OAS3,CD244,TXN2,CD86,GATA3,CD19,IFNB1,GRP78,CD79B,IBTK,IGF1R,TMEM176A,IFNAR1,AK2,CCL26,CRH,COL1A1,MAPK8,GPBAR1,PFKM,CAMK2D,LEP,ACOX1,TBX21,RELA,MTOR,TPH1,TXNRD1,ADIPOQ,HSPD1,KMT2E,IL6ST,IL10RA,TRPV4,VDR,RB1CC1,AKIRIN2,EDNRB
CD274,HAVCR2,HSD11B2,RORA,TSC1,CAMKK1,CRY2,CDH17,ADRB1,PC,IDH1,TGFBR1,VEGFA,5S_rRNA,TPH2,SEMA3F,GAPDH,CXCL10,CD19,GRIA2,MMADHC,FOXP3,EDNRA,CXCL17,EED,NDUFA12,LYZ,FGF1,FGF2,NOX4,C4A,DIABLO,TSPOAP1,SLC45A4,KLRB1,COMT,ZNF195,SCN4A,SLC17A6,TMEM132A,TFAM,ME1,FKBP4,DLAT,,,OGDH,MTHFR,NDUFS7,CART,,SCN4A,,VEGFB,NDUFS5,ZNF195,PKM,LDHB,ATP5F1B,COX6C,SHP2,CDC42,OASL,CDKN2C,GSTZ1,ICAM1,TBX21,CD3E,IFNAR1,GRP94,SCN4A,ZNF195,FLT1,M6PR,IFNAR2,FKBP4,CDH1,HTR7,COL5A1,MAPK9,LHB,PFKP,CAMK4,ADIPOQ,HMGCS2,RORC,MAPK1,PTEN,TPH2,PRDX1,ADIPOR1,PDI,RHBDD2,IFNGR1,IL10RB,SOD1,ACE,NR1H3,DZIP3,PTGIS
BTLA,LAG3,CYP11A1,TLR2,TSC2,RECQL,NR1D1,CDC14A,ADRB3,PCK1,IDH2,TGFBR2,NOS3,5S_rRNA,TH,CFTR,GUSB,CXCL11,MS4A1,GABBR1,CBS,CTLA4,EDNRB,BPIFA1,EP300,NDUFA13,SLC5A8,FGF2,FGFR1,NOS1,C4B,XIAP,MPO,NDUFS1,KLRC1,TPH1,MYCBP2,ST7L,SLC7A8,AP2B1,NRF1,ME2,FKBP5,DLD,,,DLD,MTR,NDUFS8,HCRT,,ST7L,,KDR,NDUFS6,MYCBP2,ACO1,PCK1,ATP5F1C,COX7A1,CD200,CDH19,EIF2AK2,CDK2,HMOX2,MYD88,RORC,NLRP3,IFNAR2,DDIT3,ST7L,MYCBP2,KDR,CYP26B1,IFNGR1,KDM1A,CDH3,DRD2,ADRB2,MAPK10,ADAMTS19,GAPDH,CAMKK1,PPARG,PDK1,BCL2,MAPK3,TSC1,IDO1,PRDX2,CRHR1,ERO1,SOX8,IFNGR2,CD69,SOD2,APOE,RTEL1-TNFRSF6B,STX12,PTGIR
CD80,CD27,CYP11B1,TLR4,SIRT1,VPS50,NR1D2,CDH7,HTR1A,PCK2,OGDH,SMAD2,EDN1,5S_rRNA,DBH,ANKIB1,HPRT1,CXCL8,CD14,GABRA1,TCN2,PD1,F2R,WFDC2,EZH2,NDUFAB1,SLC16A1,FGFR1,FGFR2,NOS3,CFH,BIRC5,PON1,CD44,KLRC2,TPH2,FBXL3,PAX6,SLC22A17,TAC1,POLG2,ME3,PER1,ACE,,,SUCLA2,MTRR,NDUFB2,HCRTR1,,PAX6,,FLT1,NDUFS7,FBXL3,IDH1,PCK2,ATP5F1D,COX7A2,CD200R,CDHR2,MAVS,TNFAIP6,DHX33,IRAK4,CTLA4,CASP1,IFNGR1,FIS1,PAX6,FBXL3,ANGPT1,ICA1,IFNGR2,RBM6,CDH6,HTR3B,ADRA2A,MAPK11,VARS2,PKM,CAMKK2,PPARA,PDK2,BAX,MAPK8,TSC2,IDO2,PRDX3,CRHR2,CRT,IBTK,IL10RA,CD44,SOD3,ADRB2,CD44,CTBS,TBXA2R
HSPA1A,CD70,CYP11B2,TLR5,SIRT3,HSPB6,RORA,CDC14B,HTR1B,FBP1,DLST,SMAD3,VEGFB,5S_rRNA,ACHE,CYP51A1,OAZ1,ITGAM,CD16,GABRB2,FUT2,PDL1,F2RL1,CSN1S1,FBP1,NDUFB1,HSP90AB1,TGFBR1,TGFBR1,DUOX1,CFB,AIF,GCFC2,IFNGR1,KLRC3,SLC6A4,ITGAL,RPUSD1,IL11,ZNF263,POLRMT,IDH3A,PER2,ACE2,,,SDHC,DNMT1,NDUFB3,HCRTR2,,RPUSD1,,OCLN,NDUFS8,ITGAL,IDH2,DNMT1,ATP5F1E,COX7B,FOXP3,ATP12A,SAMHD1,CDH26,DDX11,TRAF6,PDCD1,IL18,IFNGR2,MFN1,RPUSD1,ITGAL,TEK,DBNDD1,IL10RA,CAMKK1,CDH7,BCAT1,TAAR1,MAPK12,CPLX2,LDHA,ITPR1,PPARGC1A,PDK3,CASP3,MAPK14,RHEB,TDO2,PRDX4,POMC,CNX,ZNF195,IL10RB,CD62L,CAT,HTR2A,IFNGR1,CCDC59,KNG1
HSPA1B,ICOS,CYP17A1,NOD1,PPARA,ARHGAP33,PPARG,ATP8B1,HTR2B,G6PC,SUCLG1,SMAD4,VEGFC,5S_rRNA,BCHE,KRIT1,POLR1B,IFNB1,FCGR3A,DRD1,OXTR,MBL2,PLA2G4A,FABP7,FBXL3,NDUFB2,HSPA5,TGFBR2,TGFBR2,DUOX2,C5AR1,PARP1,WDR54,TNFRSF1B,KLRC4,GABRA1,PDK2,RHBDF1,HSP90AB1,CX3CL1,SDHB,G6PD,PER3,AGT,,,FH,DNMT3A,NDUFB6,SLC6A3,,RHBDF1,,CLDN5,NDUFAB1,PDK2,IDH3B,DNMT3A,ATP5MC1,COX7C,TGFBR1,CDH17,APOBEC3G,IL17C,MXD1,IKBKB,CD274,IL6R,JAK1,MFN2,RHBDF1,PDK2,PDGFA,ALS2,IL10RB,RECQL,CDH9,ATXN3,OAS2,MAPK13,COX6A1,LDHB,ITPR2,NR3C1,PDHA1,CASP8,LYZ,ESRRA,KMO,PRDX5,MC2R,EDEM1,MYCBP2,IL4R,CCR2,GPX1,CYP1A1,TNFRSF1B,BLOC1S6,BDKRB1
HSPA5,ICOSLG,CYP21A2,NOD2,PPARG,PDK4,PPARA,CDIP1,HTR3A,HK2,SDHA,ACTA2,FLT1,5_8S_rRNA,CHRNA7,RAD52,POLR2A,CD8B,KLRB1,DRD2,CYP1A2,C1QA,PTGS1,OPN1SW,FKBP4,NDUFB3,HSPA8,MTHFR,SMAD2,IL1R2,CR1,RIPK1,CROT,SLC39A9,KLRD1,GABRA2,ITGA3,LUC7L,JAK2,SPATA20,UQCRC1,TKT,CLOCK,AGTR1,,,MDH2,DNMT3B,NDUFA2,SLC6A2,,LUC7L,,TJP1,NDUFA1,ITGA3,OGDH,DNMT3B,EIF2AK1,COX8A,TGFBR2,CDC14A,TRIM5,CDKN1A,DDX20,IRF3,KLRK1,IL1R1,JAK2,OPA1,LUC7L,ITGA3,PDGFRA,CASP10,IL12RB1,VPS50,CDH10,ACAT1,OAS3,MAPK14,COX6A2,SLC2A1,ITPR3,CRHR1,PDHB,CASP9,DEFB1,APP,KYNU,PRDX6,NR3C1,ATF4,FBXL3,IL13RA1,CX3CL1,GPX3,CYP2D6,ARNTL2,CBWD5,BDKRB2
HSP90AA1,CD40,STAR,NLRP3,PPARGC1A,SLC22A16,PPARD,CDV3,HTR3B,PFKM,SDHB,CTGF,KDR,5_8S_rRNA,GRIN1,MYH16,PPIA,CCL11,KLRD1,HTR1A,NAT2,C1QB,TXA2R,CD4,FKBP5,NDUFB4,HSPB1,CYP1A2,SMAD3,PIK3CA,C3AR1,RIPK3,ABCB4,ATP6V0A1,KLRG1,GRIN1,ITGA2B,CACNA2D2,IL12RB1,CACNA1G,COX4I1,TALDO1,ARNTL,AGTR2,,,GOT2,TET1,NDUFA3,NET1,,CACNA2D2,,CDH5,NDUFA2,ITGA2B,DLST,TET1,EIF2AK2,CYP1A1,SMAD3,DDX43,HLA-A,CXCL6,DHX29,IRF7,KIR2DL1,JAK1,JAK3,DRP1,CACNA2D2,ITGA2B,EGF,CFLAR,IL12RB2,HSPB6,CDH17,ATXN7L3,IFIT1,AKT1,COX6B1,SLC2A4,RYR1,POMC,CS,TP53,DEFB4A,CD74,AVP,TRPM3,FKBP5,ATF6,ITGAL,IL13RA2,S100A8,GPX4,NAT1,BCLAF1,COMMD6,FGF2
HSPB1,IL7R,MC1R,NLRP6,FOXO1,ZMYND10,SIRT1,CDC45,HTR4,PFKP,SDHC,PAI1,TEK,5_8S_rRNA,GRIN2A,BAD,RPL19,RELA,HLA-DQA1,HTR2A,CYP2C19,C1QC,TBXAS1,CD8A,FOXO1,NDUFB5,HSPD1,CYP2D6,SMAD4,PIK3CB,ICAM1,MLKL,KMT2E,SLC4A7,KLRK1,GRIN2A,ASB4,BAIAP3,ATP5F1D,TNFRSF12A,ATP5A1,PGD,CRY1,CRP,,,PCK2,TET2,NDUFA6,DBH,,BAIAP3,,ABCB1,NDUFA3,ASB4,DLD,TET2,EIF2AK3,CYP1A2,SMAD4,CRYBG3,HLA-B,IL1B,DHX8,IFNAR1,KIR3DL1,JAK2,TYK2,PINK1,BAIAP3,ASB4,EGFR,TFPI,IL7R,ARHGAP33,CDH19,LPCAT2,IFIT2,AKT2,COX6B2,HK1,RYR2,CRH,ACO2,MDM2,CAMP,TRPM3,OXT,TRPM7,NR3C2,XBP1,PDK2,TGFBR1,S100A9,GSR,NAT2,SLC39A9,NSMF,PDGFA
ATG5,IL15,AVP,MYD88,FOXO3,ABCB5,SIRT3,CDC6,HTR5A,PKM,FH,VDR,ANGPT1,5_8S_rRNA,GRIN2B,LAP3,SDHA,CD19,HLA-DQB1,ADRA1A,CYP3A4,C3,PGI2,CD3E,GAD1,NDUFB6,ATF4,GSTM1,APP,PIK3R1,VCAM1,FASLG,RHBDD2,CYP46A1,MAPK1,GRIN2B,GDE1,TSR3,NDUFB7,DLX6,UCP2,NADPH,CRY2,APOE,,,CPT1A,EIF2AK1,NDUFA8,COMT,,TSR3,,ABCG2,NDUFA4,GDE1,SUCLG1,HDAC1,EIF2AK4,CYP1B1,IL12A,CDH7,HLA-C,IL37,DDX1,IFNAR2,IFNA1,TYK2,SOCS1,PRKN,TSR3,GDE1,ERBB2,NDUFAF7,IL15RA,NDUFAB1,CDH20,TXNDC16,IFIT3,AKT3,COX6C,HK2,RYR3,ACTH,IDH2,CDKN1A,MUC1,ADRA1A,TGFB1,TRPC1,HSD11B1,CHOP,ITGA3,TGFBR2,MRC1,GSTM1,GSTM1,CENPQ,TMEM106C,PDGFB
ATG7,CCR7,AVPR1A,TIRAP,HIF1A,SLC25A13,MTOR,CDC23,HTR6,LDHA,MDH1,CYP27B1,ANGPT2,5_8S_rRNA,GRIA1,HS3ST1,TBP,THBD,HLA-DRB1,ADRB1,ABCB1,C4A,PTGIS,CD28,GAD2,NDUFB7,ATF6,NOS3,CD74,RICTOR,SELP,FAS,SOX8,SLC18A1,MAPK14,CHRM1,REX1BD,PIGQ,SLC7A4,MAP3K9,PINK1,LDHA,TIMELESS,APOB,,,CPT2,EIF2AK2,NDUFA9,MAO,,PIGQ,,IL2,NDUFA5,REX1BD,SUCLG2,HDAC2,EIF2S1,CYP2C19,IL12B,CDC14B,HLA-DRB1,TNFSF9,DDX43,IFNB1,IFNB1,MYD88,SOCS3,LRRK2,PIGQ,REX1BD,MET,RBM5,IL21R,PDK4,CDH23,TXNL1,MAVS,MTOR,COX7A1,GYS1,ATP2A1,BDNF,OGDH,RB1,MUC2,ADRA1B,IL23A,TRPC3,HSD11B2,PERK,ITGA2B,SMAD2,ARG1,GSTP1,NOS3,ATP6V0A1,OTUD3,EGF
BECN1,S1PR1,DNMT1,TRAF6,VEGFA,ST7,AKT1,CDC5L,HTR7,LDHB,MDH2,CYP24A1,PECAM1,5_8S_rRNA,GRIA2,AOC1,TUBB,COX5A,TPP1,CHRM1,ABCC2,C4B,CFTR,CTLA4,GDNF,NDUFB8,XBP1,HLA-DRB1,ESRRA,RPTOR,ITGAM,TNFRSF10A,IBTK,CDH1,MAPK3,CHRNA7,CRLF1,CRAMP1,MAPK1,RALA,OPA1,LDHB,MTNR1A,LDLR,,,ACADM,EIF2AK3,NDUFA10,ACE,,CRAMP1,,IL7,NDUFA6,CRLF1,SUCLA2,SIRT1,EIF4E,CYP2D6,IL12RB1,ATP8B1,HLA-DQA1,CD70,DDX18,IFNA1,IFNAR1,IRAK4,PTPN22,DJ1,CRAMP1,CRLF1,CTGF,MTMR7,CD28,SLC22A16,CDHR2,CATSPERG,TBK1,PIK3CA,COX7A2,GYS2,ATP2A2,NGF,SUCLG1,BRCA1,OCLN,ADRB1,IL12A,TRPC6,CYP11A1,IRE1,ASB4,SMAD3,NOS2,NOS1,PTGS2,SLC4A7,ZNF800,EGFR
MAP1LC3A,CX3CR1,DNMT3A,DNMT1,IGF1,CDC27,PIK3CA,CDC7,CLOCK,PDK2,SLC2A1,MTHFR,VWF,5_8S_rRNA,GABBR1,WNT16,ABCF1,TIGIT,GPC5,CHRM3,HLA-DRB1,C5,DNMT1,LAG3,GFAP,NDUFB9,DDIT3,CD38,IDO1,TSC1,ITGB2,TNFRSF10B,ZNF195,SLC66A1,MAPK8,POMC,OSBPL7,TEAD3,SLC35E4,BAIAP2L1,MFN1,PDK1,MTNR1B,PCSK9,,,HADHA,EIF2AK4,COX4I1,AGT,,TEAD3,,IL12A,NDUFA7,OSBPL7,SDHA,SIRT3,EIF4G1,CYP2E1,IL12RB2,CDIP1,HLA-DQB1,TNFSF14,MAVS,TLR7,IFNGR1,TRAF6,PTPN2,TFAM,TEAD3,OSBPL7,SPP1,SLC7A2,ICOS,ZMYND10,CDHR5,GCAT,TLR2,PIK3CB,COX7C,PYGM,ATP2A3,GDNF,SDHA,AKT1,CLDN1,ADRB2,IL12B,TRPV1,CYP11B1,TRAF2,GDE1,SMAD4,IL12B,NOS2,IL13,TIMP2,ZNF598,TGFA
SQSTM1,CD69,DNMT3B,DNMT3A,IL32,SLC4A1,IRS1,CATSPERG,PER1,PDK3,SLC2A4,MTR,THBD,5_8S_rRNA,GABRA1,HECW1,HSP90AA1,SP1,TPPP,CHRNA7,HLA-A,CFB,DNMT3A,TIGIT,GPX1,NDUFB10,EIF2AK2,TNFRSF12A,KMO,TSC2,CDH5,TRADD,MYCBP2,CDH10,MS4A1,CRH,TMEM98,SELE,SLC25A1,KDM7A,MFN2,PDK2,VIP,CETP,,,HK2,IDO1,COX5A,AGTR1,,SELE,,IL15,NDUFA8,TMEM98,SDHB,KDM1A,EIF4A1,CYP3A4,ITGAM,CDV3,HLA-DPA1,CD93,DDX24,TLR9,IL10RA,DHX58,CD4,PPARGC1B,SELE,TMEM98,TGFB2,ARF5,BTLA,ABCB5,CDON,HMOX1,NOD1,PIK3CD,COX8A,PYGL,ATP2B1,HTR1A,SDHB,PIK3CA,TJP1,CHRM1,CD274,TRPV4,CYP21A2,JNK,REX1BD,SOCS1,IL18R1,NOS3,IL4,CYP46A1,MTO1,ERBB2
TRPV1,CD44,TET1,DNMT3B,IL20RA,CALCR,IRS2,CDC34,PER2,SIRT4,HK1,CBS,SELE,5_8S_rRNA,BDNF,MAD1L1,HSP90AB1,PDCD1,GRIK2,SLC6A4,HLA-B,CFD,DNMT3B,CD40,GPX3,NDUFC1,EIF2AK3,CCL26,KYNU,PRKAA1,PECAM1,TRAF2,FBXL3,ADRB1,MYD88,CRHR1,YBX2,DNAJC11,SLC16A8,ETV1,DRP1,PDK3,VIPR1,LPL,,,PFKM,IDO2,COX6A1,BDKRB2,,DNAJC11,,IFNA1,NDUFA9,YBX2,SDHC,EIF2AK1,EIF4B,CYP3A5,ITGAX,CD200,HLA-DPB1,IL22,CACNA1G,CXCL1,IL6R,TRIM25,CD19,NRF1,DNAJC11,YBX2,TGFB3,SARM1,LAG3,SLC25A13,CDIP1,MCAT,NOD2,PIK3CG,CYCS,CX3CL1,ATP2B2,HTR2A,UQCRFS1,PTEN,CDH1,CHRM2,PTPN22,SCN9A,IDO1,BIP,CRLF1,SOCS3,NCR1,NOX4,CD38,SLC18A1,PTCD3,NGF
TRPA1,SELL,TET2,TET1,IL17RB,DVL2,INSR,CDHR5,PER3,FOXO1,HK2,COMT,SELP,7SK,NGF,LASP1,HSPA1A,SELL,NPAS2,SLC6A3,TAP1,CFP,TET1,IL2,GPX4,NDUFC2,EIF2S1,CD79B,TDO2,PRKAA2,MMP9,CASP10,ITGAL,ATP6V1H,MZB1,CRHR2,KRT33A,FMO3,SLC5A1,AGK,FIS1,PDK4,VIPR2,ABCA1,,,ALDOA,TDO2,COX7A2,NOS1,,FMO3,,IFNB1,NDUFA10,KRT33A,SDHD,EIF2AK2,EIF4EBP1,ATP2B2-IT2,CR1,CDC45,AIRE,IL17B,SCN4A,CCL3,IL1R1,USP18,CD28,GABPA,FMO3,KRT33A,SMAD2,POLDIP2,TIGIT,ST7,CDIPT,TXN2,OCLN,BAX,NDUFA2,MOG,ATP2B4,ADRA2A,COX4I1,JAK1,ALPI,CHRM3,AIRE,SCN10A,KMO,BAX,OSBPL7,PIAS1,KLRK1,CYBA,CDC27,METTL1,BTBD19,NGFR
SCN9A,IL21,TET3,TET2,IL4R,PRSS22,IGF1R,IL2RB,CRY1,FOXO3,PFKM,CYP1A2,ICAM1,7SK,NTRK1,SNX11,HSPA1B,NCR1,,SLC6A2,TAP2,CFI,TET2,IL2RA,GRIA1,NDUFS2,CLOCK,IL32,TPH1,PRKAB1,VWF,CASP2,PDK2,TNFRSF17,NCAM1,NR3C1,MAP3K14,MYLIP,SLC5A4,ALDH3B1,MFF,DLD,NPAS2,ABCG1,,,GAPDH,KMO,COX8A,NOS2,,MYLIP,,CD3D,NDUFA11,MAP3K14,FH,EIF2AK3,GCLC,ATP5MC1P8,CR2,CDC6,PDCD1,TNFRSF19,CACNA2D2,CCL4,IL17RA,HERC5,CTLA4,TFB1M,MYLIP,MAP3K14,SMAD3,PLXND1,HAVCR2,CDC27,CDR2L,HMOX2,CLDN1,BCL2,NDUFA3,MAG,ATXN2L,ADRB1,MT-CO1,JAK2,CLOCK,CHRM4,FAS,CACNA1C,KYN,BCL2L1,TMEM98,PTPN2,KLRD1,NCF1,TNFRSF12A,CDH1,GET1,GDNF
SCN10A,IL22,HDAC1,TET3,IL12RB2,UPF1,MAPK1,CDKL1,CRY2,PGC1B,ALDOA,GSTT1,VCAM1,7SK,NTRK2,TMEM176A,HSPA5,IFNA1,,COMT,CD28,CR1,HDAC1,IL7,GRIA2,NDUFS3,ARNTL,TRAF3IP3,TPH2,PRKAB2,RYR1,CASP6,ITGA3,TNFRSF9,NCF1,MC2R,ABCC8,E2F2,SLC25A17,TTC22,BNIP3,DLAT,NFIL3,LCAT,,,PKM,KYNU,CYCS,NOS3,,E2F2,,CD14,NDUFA12,ABCC8,MDH1,EIF2AK4,GCLM,ATP6V1E1P1,CR3,CDC23,CD274,CDC42EP1,KCNQ1,IL12A,TNFRSF1A,HERC6,PDCD1,TFB2M,E2F2,ABCC8,SMAD4,AK2,CD160,SLC4A1,CDV3,GSR,MUC2,CASP3,NDUFA4,BDNF,FUS,ADRB2,MT-CO2,JAK3,ARNTL,CHRM5,FASLG,CACNA1D,ACMSD,MCL1,YBX2,PTPN22,IFNA1,NCF2,CCL26,SLC66A1,PHC3,RET
OPRM1,IL23A,HDAC2,HDAC1,IL5RA,SKAP2,MAPK3,CDKN3,RORA,PPP1R1A,GAPDH,GSTM1,CDH5,7SK,NOS1,M6PR,HSPA8,CLEC4C,,MAOA,ICOS,VPREB1,HDAC2,IL7R,GRIN1,NDUFS4,PER1,CD9,SLC6A4,BECN1,RYR2,CASP7,ITGA2B,SLC4A8,NCF2,AVP,CACNG3,PSMB1,IL2RB,PHTF2,NIX,PDHA1,RHO,PLTP,,,LDHA,HAAO,ATP5F1A,EDN1,,PSMB1,,GZMA,NDUFA13,CACNG3,MDH2,RNASEL,GSTA1,ATP5MGP4,CR4,CDC5L,IL2RA,CDHR3,TRPC7,IL12B,TNFRSF1B,DHX36,CD274,EIF4E,PSMB1,CACNG3,SMAD7,CD38,TNFRSF14,CALCR,CDS2,PRX,AMPD1,CASP8,NDUFA5,NGF,OPTN,DRD1,MT-ATP6,TYK2,PER1,ARHC,C1QA,CACNA1S,HAAO,PUMA,KRT33A,SHP1,IFNB1,NCF4,CDKL3,CDH10,SMIM7,FLT1
OPRD1,TGFBR1,HDAC3,HDAC2,IL11,MCUB,MAPK8,ATP6V1D,TPH1,CREB1,PGK1,NAT2,MAPK1,7SK,NOS2,CYP26B1,HSPD1,MTOR,,MAOB,ICOSLG,IGHM,SIRT1,IL15,GRIN2A,NDUFS5,PER2,NDUFAF7,HTR1A,ATG5,CALM1,CFLAR,ASB4,MAPK9,NCF4,AVPR1A,TMEM132A,JARID2,ATP6V1D,CCL26,LC3,OGDHL,OPN4,VDR,,,DNMT1,ACMSD,ATP5F1B,EDNRA,,JARID2,,PRF1,NDUFB1,TMEM132A,PDHA2,GCH1,GSTP1,COX6B1P7,C3,CDC7,IL7R,CD68,KCNAB2,IL12RB1,CX3CR1,IFITM1,PDHB,EIF4G,JARID2,TMEM132A,BMP2,KDM1A,CD96,DVL2,CD2,ZNRF4,CKM,CASP9,NDUFA6,GDNF,PSMC5,DRD2,MT-ATP8,MAPK1,PER2,GDF15,C1QB,KCNJ10,KYNU,NOXA,MAP3K14,SHP2,TGFBR1,PDK1,CCDC124,PARP3,ZBTB44,KDR
OPRK1,TGFBR2,SIRT2,MTOR,IL12RB1,HOXA11,MAPK14,TRPC4AP,TDO2,CREBBP,ENO1,PON1,MAPK3,7SK,NOS3,ICA1,DNAJA1,CD3E,,DBH,CD80,IGHG1,KDM6A,IL15RA,GRIN2B,NDUFS6,PER3,NDUFAB1,HTR2A,ATG7,CAMK2A,BIRC2,GDE1,ATP9A,NCR1,AVPR1B,AP2B1,CAMK1G,SLC10A1,FARP2,BECN1,IL37,DBP,CYP27B1,,,DNMT3A,QPRT,ATP5F1C,EDNRB,,CAMK1G,,FASLG,NDUFB2,AP2B1,PDHB,MTHFR,GSTK1,ATP6V0E1P1,C5,CATSPERG,PTPN22,ILF3,TRPM5,IL12RB2,CCR5,IFITM3,DLD,EIF4A,CAMK1G,AP2B1,BMPR1A,RBM6,CD226,PRSS22,CD5L,BCAT2,MB,BECN1,NDUFA7,NTRK1,MAP2K2,COMT,MT-ND1,MAPK3,PER3,SERPINA3,C1QC,KCNJ11,TPH1,BIM,ABCC8,CD28,TGFBR2,PDK2,CD79B,AIFM2,SDHAF2,FLT4
CALCA,SMAD2,KAT2A,AKT1,IL2RB,POLR2J,JUN,CDC25B,PPARGC1A,EP300,PKM,ABCB1,MAPK8,7SK,EDN1,DBNDD1,DNAJB1,HSPA1B,,TPH1,CD86,IGHG2,EZH2,IL12A,GSR,NDUFS7,CRY1,PDK2,COMT,MAP1LC3A,CAMK2D,BIRC3,REX1BD,IL17RB,NCR2,ACACA,TAC1,CDK11A,SLC8A3,USH1C,ATG5,IL1RN,TEF,CYP24A1,,,TET1,NAMPT,AKT1,COX1,,CDK11A,,FAS,NDUFB3,TAC1,DLAT,CBS,PRDX2,ATP13A4-AS1,C9,CDC34,BANK1,CDKN2D,ASIC4,TGFB2,CXCR3,ATP5MC2,DLAT,EIF4B,CDK11A,TAC1,ACVR1,CAMKK1,BCL2,UPF1,IFNA6,NRF1,PPARA,ATG5,NDUFA8,NTRK2,SIGMAR1,MAO,MT-ND2,MAPK8,CRY1,ITIH2,C3,KCNQ1,TPH2,BID,CACNG3,CD27,SMAD2,PDK4,CDK11A,HSPA5,GIT1,ICAM1
TAC1,SMAD3,KAT2B,PIK3CA,IL21R,DHX33,FOS,CDS2,PPARGC1B,NCOR1,LDHA,IL23,MAPK14,A1BG,EDNRA,ALS2,HSPH1,HSPA1A,,TPH2,PDCD1LG2,IGHG3,KMT2A,IL12B,GSS,NDUFS8,CRY2,COX10,DBH,MAP1LC3B,ATP2A1,BCL2L1,CRLF1,ATP11B,NCR3,ACACB,ZNF263,NADK,SLCO4A1,GGCT,ATG7,IL6ST,HLF,DHCR7,,,KDM1A,NNMT,AKT2,COX2,,NADK,,B2M,NDUFB4,ZNF263,DLD,COMT,PRDX3,ATP5MC2P1,CFB,CDHR5,BLK,CDO1,KCNQ2,TGFB3,CCR7,ATP5MC3,CS,EIF4H,NADK,ZNF263,INHBA,RECQL,BCL2L1,SKAP2,IFNA8,SOD3,PRKAA1,ATG7,NDUFA9,NTRK3,VCP,TPH1,MT-ND3,MAPK14,CRY2,CRTAC1,C4A,KCNQ2,DDC,FOS,TMEM132A,CD70,SMAD3,PDHB,NDUFAF7,ATP6V1H,RNF187,VCAM1
TACR1,SMAD4,EP300,PIK3CB,IL7,MEOX1,TP53,CDK5RAP1,PDK1,NCOR2,PDHX,IL23R,AKT1,A1BG-AS1,VEGFA,CASP10,SOD1,NCR3,,TH,CD27,IGHG4,KDM5B,IL23A,GSTM1,NDUFV1,NR1D1,CSDE1,TH,SQSTM1,ATP2A2,BCL2L11,OSBPL7,CDK14,NDUFAB1,FASN,CX3CL1,TFAP2B,SLC17A9,DBF4,P62,TNFRSF1A,ROBO1,DHCR24,,,EZH2,NMNAT1,PIK3CA,PTGS1,,TFAP2B,,ATR,NDUFB5,CX3CL1,PDHX,ACE,PRDX5,COX5BP7,CFD,CRYBB3,LYN,CDKN1C,KCNN2,IL21,NR3C1,ATP5PB,ACO2,EIF3A,TFAP2B,CX3CL1,GDF15,VPS50,BAX,MCUB,IFNGR1,TGFBR3,PRKAA2,SQSTM1,NDUFA10,NGFR,MAPT,TPH2,MT-ND4,MEF2C,NPAS2,IGF1,C4B,KCNQ3,MAOA,JUN,AP2B1,OX40,SMAD4,DLAT,NDUFAB1,TNFRSF17,PTAR1,SELP
CLOCK,PDHB,CREBBP,PIK3CD,IL4I1,THSD7A,BCL2,CDH20,PDK2,PPARGC1B,PDK1,IL12,PIK3CA,A1CF,KDR,CFLAR,SOD2,IGHA2,,SLC1A2,CD70,IGHA1,SUZ12,IL17A,GSTP1,NDUFV2,RORA,MDH1,DDC,ULK1,ITPR1,PMAIP1,TMEM98,ATP2B4,NDUFAF2,CPT1A,SPATA20,TFAP2D,NDUFAF5,TBXA2R,AMPK,TNFRSF1B,EPAS1,IFI27,,,HD,CD38,PIK3CB,PTGS2,,TFAP2D,,BRCA2,NDUFB6,SPATA20,PDP1,ADRB2,TXNRD1,MTATP6P21,CFI,CRYBB2P1,FYN,CDH15,CACNA1S,IL21R,FKBP5,ATP5PD,IDH2,EIF3B,TFAP2D,SPATA20,MMP1,HSPB6,BAK1,HOXA11,ILVBL,TGFB2,CCL11,CRH,NDUFAB1,GRIN1,APP,IDO1,MT-ND5,RUNX1,NR1D1,C1QA,MBL2,NFKB2,MAOB,EGR1,TAC1,OX40L,SMAD7,DLD,ACSM3,CELF2,PHAX,SELE
ARNTL,IRS2,KMT2A,PIK3R1,IL27RA,LIG3,BAX,CDADC1,PDK4,ESRRA,PDK4,IL12RB1,PIK3CB,A2M,ACE,TFPI,CAT,IGHE,,SLC1A3,TNFRSF4,IGHA2,EHMT2,IL17F,HADHA,NDUFV3,CSNK1D,SLC2A3,ACHE,ULK2,ITPR2,BBC3,YBX2,CDK17,NDUFB1,CPT1B,CACNA1G,DLEC1,SLC52A3,IFRD1,MTOR,NRF1,,IFI44,,,,BST1,PIK3CD,ALOX5,,DLEC1,,XRCC3,NDUFB7,CACNA1G,PDP2,NOS1AP,TXNRD2,COX6A1P2,C1QA,CRYBB1,NOS3,CDC16,CX3CL1,IL17RA,CRHR1,ATP5PF,IDH3A,EIF3C,DLEC1,CACNA1G,MMP2,ARHGAP33,CASP3,POLR2J,IL1R1,TGFB3,CXCL11,CRHR1,NDUFB1,GRIN2A,PSEN1,KMO,HSPA1A,,NR1D2,C1QB,FCN1,RELA,ALDH2,NR4A1,ZNF263,GITR,CTGF,PCK1,COX10,ERCC8,,CD34
PER1,CHRNA3,KMT2B,PIK3R2,ILVBL,RPAP3,CASP3,CDIPT,LDHA,GABPA,G6PD,ACE,PIK3CD,A2M-AS1,AGT,NDUFAF7,GPX1,IGHG4,,CNP,TNFSF4,IGHE,PRDM9,TGFB1,HADHB,SDHB,CSNK1E,PKM,BCHE,HDAC1,STIM1,MCL1,KRT33A,SLC2A3,NDUFB10,CPT2,TNFRSF12A,CYTH3,SLC32A1,LGALS14,TSC1,,,IFI44L,,,,NT5E,PTEN,ALOX12,,CYTH3,,XRCC5,NDUFB8,TNFRSF12A,NDUFA2,GRIK2,TXNIP,MTATP6P30,C1QB,DDX17,EDN1,CCL25,TNFRSF1B,IL17RC,POMC,ATP5PO,IDH3B,EIF2A,CYTH3,TNFRSF12A,MMP3,NDUFAB1,CASP8,DHX33,IL1R2,TGFBI,HCRT,CRHR2,NDUFB2,GRIN2B,PSEN2,CLOCK,HSP90AA1,,RORA,C1QC,CFH,RELB,COMT,CREB1,CX3CL1,GITRL,COL1A1,PCK2,MGST1,TNFRSF9,,MMP2
PER2,PYGL,KMT2C,PTEN,IL2,ACSM3,CASP8,ATP8B4,LDHB,NRF1,TXN,AGTR1,MTOR,A2ML1,AGTR1,RBM5,GSR,IGHG2,,MBP,IDO1,IGHD,SETDB1,TGFBR1,HDAC1,SDHC,NPAS2,PCM1,CHRNA7,HDAC2,ACE,HDAC1,MAP3K14,CDH3,NDUFB2,ACOX1,DLX6,ADAM22,TNFSF13B,COX10,TSC2,,,OAS1,,,,ENTPD1,MAPK1,ALOX15,,ADAM22,,OAS2,NDUFB9,DLX6,NDUFA3,NPAS2,KEAP1,MTATP6P18,C1QC,CDKL1,ACE,ILKAP,TNFRSF17,CD80,ACTH,POLG2,OGDH,EIF2B,ADAM22,DLX6,TIMP1,PDK4,CASP9,MEOX1,IL1RL1,TGFBRAP1,HCRTR1,POMC,NDUFB4,GRIA1,APOE,ARNTL,DNAJA1,,RORB,C1R,CFB,REL,HTR1A,ATF3,SPATA20,CD137,COL3A1,HK1,NFE2L3,PTCD2,,MMP9
PER3,IRF8,KMT2D,ATM,IL10RA,REXO5,CASP9,TRPA1,LDHC,PPRC1,TXNRD1,NOS3,PTEN,A2ML1-AS1,ADM,MTMR7,NRF2,IGHA1,,MTOR,ARG1,CYBB,KDM1A,TGFBR2,HDAC2,SDHD,DNMT1,GSTO2,CHRNB2,HDAC3,MTHFR,HDAC2,ABCC8,SLC6A16,NDUFB3,ACADM,MAP3K9,SYPL1,SLC25A15,GTF2IRD1,RHEB,,,MX1,,,,ITPR1,MAPK3,TBXA2R,,SYPL1,,OAS3,NDUFB10,MAP3K9,NDUFA4,PER1,BAX,ACNATP,MBL2,CDKN3,VEGFA,CDK8,TNFRSF9,CD86,CRH,TFB1M,SUCLA2,EIF1,SYPL1,MAP3K9,TIMP2,SLC22A16,TP53,THSD7A,IL1RL2,TGFB1I1,HCRTR2,MC2R,NDUFB5,GRIA2,SNCA,PER1,BAG1,,RORC,C1S,CFD,NFKBIA,HTR2A,GAPDH,CACNA1G,CD137L,MMP2,HK2,BCAT1,SLC4A8,,TIMP1
CRY1,IL2RA,TGFB1,ATR,IL26,CIAPIN1,FASLG,TRPS1,LDHD,SIRT5,GSS,AGT,TP53,A2ML1-AS2,CALCRL,SLC7A2,KEAP1,IGHG1,,AKT1,IL12,NCF1,MECP2,SMAD2,HDAC3,UQCR10,DNMT3A,GSTP1,DRD1,DNMT1,NOS3,HDAC3,CACNG3,ATP2C2,NDUFB4,ACADL,RALA,CYB561,MAPK3,PAF1,S6K,,,EIF2AK2,,,,ITPR2,MAPK8,TBXAS1,,CYB561,,CGAS,NDUFB11,RALA,NDUFA5,PER2,BAK1,ATP5MC1P4,MASP1,ATP6V1D,SELE,CDK7,IL17RB,FOXO1,PMCH,TFB2M,SUCLG1,RPL7,CYB561,RALA,FN1,ZMYND10,MDM2,LIG3,IL18R1,TGFBR2,ADRB1,NR3C1,NDUFB7,GABBR1,PINK1,PER2,NFE2L2,,BHLHE40,C2,MASP1,MAPK9,DRD2,,TNFRSF12A,HVEM,TIMP1,PFKL,DDX11,MAPK9,,TIMP2
CRY2,HK1,TGFB2,CHEK1,IL17F,SPPL2B,FAS,ILVBL,PFKM,CLPP,GCL,ICAM1,MYC,A2MP1,RAMP1,ARF5,NFE2L2,IGHG3,,PIK3CA,IL18,NCF2,ARID1A,SMAD3,HIF1A,UQCR11,DNMT3B,SCN4A,DRD2,DNMT3A,APOE,SIRT2,TMEM132A,CDON,NDUFB5,ACADVL,BAIAP2L1,SPAG9,CCL22,VPS41,4EBP1,,,ISG15,,,,ITPR3,MAPK14,PTGIR,,SPAG9,,VEGFC,NDUFC1,BAIAP2L1,NDUFA6,PER3,BCL2L1,ATP5MC1P5,MASP2,CDC25B,PECAM1,CD180,TNFRSF1A,FOXO3,HCRT,GRIA1,SUCLG2,RPL10,SPAG9,BAIAP2L1,COL1A1,ABCB5,CDKN1A,RPAP3,IL18RAP,MYD88,HRH1,NR3C2,NDUFB8,GABBR2,LRRK2,PER3,HMOX1,,BHLHE41,C3,MASP2,MAPK10,DRD1,,DLX6,LIGHT,FN1,PFKM,MXD1,RAD51,,CDH1
RORA,PER3,TGFB3,CHEK2,IL12B,FAM214B,TNFRSF1A,CD79A,PFKL,LONP1,GCLC,VCAM1,JUN,A3GALT2,RAMP2,SARM1,HMOX1,IGHD,,PTEN,TGFB1,NCF4,SMARCA4,SMAD4,HLF,UQCRB,TET1,FKBP4,DRD3,DNMT3B,ESR1,KAT2A,AP2B1,SLC12A2,NDUFB6,SLC2A1,KDM7A,CELSR3,CCL17,ARHGAP44,SESN1,,,RNF213,,,,RYR1,CREB1,PTGFR,,CELSR3,,NRP1,NDUFC2,KDM7A,NDUFA7,CLOCK,MCL1,ATP5F1AP2,,CDS2,VWF,CD101,CXCL2,,MTNR1A,GRIA2,SDHA,RPL13,CELSR3,KDM7A,COL3A1,SLC25A13,GADD45A,ACSM3,CD160,TGFB2-AS1,ESR1,NFKB1,NDUFB9,GABRA1,HTT,CRY1,NQO1,,CSNK1D,C4A,TLR2,MAPK11,CHRNA7,,MAP3K9,BTLA,,PFKP,SLC6A13,POLQ,,CDH5
RORB,TIMELESS,VEGFA,TP53,IL4,COPZ2,TNFRSF1B,CDC37,PFKP,OMA1,NFE2L2,SELP,FOS,A4GALT,RAMP3,POLDIP2,NQO1,IGHM,,TSC1,IL17A,RAC1,PBRM1,FOXO3,HMOX1,UQCRC1,TET2,ACTA2,DRD4,PTGS2,TERT,EP300,TAC1,SLC9A3R2,NDUFB7,SLC2A4,ETV1,AASS,SLC38A7,ELAC2,REDD1,,,,,,,RYR2,ATF2,CYBB,,AASS,,SCN10A,SDH,ETV1,NDUFA8,ARNTL,CASP3,ATP6V0E1P4,,CDK5RAP1,THBD,IL6ST,IL12RB2,,MTNR1B,GABBR1,SDHB,RPL19,AASS,ETV1,LAMA1,ST7,ATM,REXO5,CDX1,TGFB3-AS1,ESR2,NFKB2,NDUFB10,GABRB2,TARDBP,CRY2,GCLC,,CSNK1E,C4B,TLR5,MAPK12,CHRNB2,,RALA,CD160,,PKM,SLC6A7,METTL24,,CLDN1
RORC,DRD2,VEGFB,MDM2,IL5,PRKAR2B,MMP9,ATP4A,PKM,PARL,CYP1A1,ITGB2,NFKBIA,A4GNT,ICAM1,PLXND1,TXNRD1,KLRK1,,TSC2,GATA3,RAC2,CHD4,FOXO1,HSF1,UQCRC2,HDAC1,,DRD5,NR3C1,TERC,CREBBP,ZNF263,NDUFB4,NDUFB8,INS,AGK,PLEKHG6,SLC7A6OS,SCIN,MCU,,,,,,,ATP2A1,ATF4,NCF1,,PLEKHG6,,SCN11A,CYCS,AGK,NDUFA9,CRY1,CASP8,COX6CP15,,CDH20,TFPI,CDC73,CD200,,TRPV1,GABBR2,SDHC,RPL21,PLEKHG6,AGK,ITGA5,CDC27,BRCA1,CIAPIN1,CDCA3,TGFBR3L,CYP19A1,RELA,NDUFC1,HTR1A,C9orf72,NR1D1,GCLM,,GSK3B,C5,TLR9,MAPK13,GRIN1,,BAIAP2L1,TIGIT,,LDHA,FKBP6,KIF1B,,OCLN
ACE,PYCARD,EGF,BRCA1,IL1A,CREBBP,MMP2,ATP13A1,HK1,PINK1,CYP2E1,ITGAL,IKBKB,AA06,VCAM1,AK2,GPX4,GPX1,,RHEB,TBX21,EBF1,SMCHD1,SOCS1,HSF2,UQCRFS1,HDAC2,,GRIA1,HIF1A,AQP4,DNMT1,CX3CL1,GSTO2,NDUFB9,INSR,ALDH3B1,SS18L2,SLC7A6,MYH13,VDAC,,,,,,,ATP2A2,ATF6,NCF2,,SS18L2,,CACNA1A,PGC1A,ALDH3B1,NDUFA10,CRY2,CASP9,MTATP6P11,,CDADC1,ADAMTS13,IL2RA,IL11,,TRPM8,GABRA1,SDHD,RPS3,SS18L2,ALDH3B1,ITGB1,SLC4A1,PARP1,SPPL2B,IL4I1,TGFB2-OT1,MTHFR,RELB,NDUFC2,HTR2A,ESRRA,BMAL1,GSR,,FBXL3,C6,NOD1,AKT1,GRIN2A,,KDM7A,VISTA,,LDHB,IGF1,ATP9A,,TJP1
MTHFR,NR1D1,FGF1,BRCA2,IL1R2,TSPOAP1,TIMP2,CDK6,HK2,PARK2,CYP3A4,ITGAM,CHUK,AAAS,SELE,FKBP4,PPP1R15A,TNFRSF12A,,RPTOR,RORC,PAX5,BCL2,SOCS3,HSP90AA1,UQCRH,HDAC3,,GRIA2,VEGFA,CRP,DNMT3A,SPATA20,CDK13,NDUFC1,IRS1,TTC22,MPND,SLC7A5,ADIPOR2,IP3R,,,,,,,STIM1,EIF2AK1,NCF4,,MPND,,CACNA1B,RIN3,TTC22,NDUFB1,GNAS,CFLAR,,,CRYM,ADORA1,IL15RA,TREM2,,SCN9A,DRD1,FH,RPS6,MPND,TTC22,CDH1,CALCR,XRCC5,FAM214B,CDADC1,DPM1,MTR,REL,NDUFS1,DRD1,ESRRB,,TXN,,CUL1,C7,NOD2,AKT2,GRIA1,,ETV1,LAG3,,ADRB1,CACNA1G,EIF2AK2,,CTNNB1
,,,,,,,,,HSPD1,ABCB1,LFA1,,,,,EIF2AK1,,,RICTOR,FOXP3,PRDM1,BAX,,,,,,,CRP,,DNMT3B,,,,IRS2,,,,,RYR,,,,,,,,,RAC1,,,,TRPA1,IGFBP1,,,,BIRC5,,,,,,,,CACNA1C,,,RPS9,,,CLDN1,,XRCC6,,,,MTRR,,,,,,TXNRD1,,,C8A,,AKT3,GRIA2,,,TIM3,,,,,,VWF
,,,,,,,,,HSPA9,ABCC1,VLA4,,,,,EIF2AK2,,,IRS1,IL1B,,PARP1,,,,,,,MAPK10,,TET1,,,,,,,,,SERCA,,,,,,,,,RAC2,,,,IL1A,IGFBP3,,,,,,,,,,,,,,,,,,OCLN,,RAD51,,,,CBS,,,,,,PRDX1,,,C8B,,PIK3CA,GABBR1,,,GALECTIN9,,,,,,THBD
,,,,,,,,,TRAP1,MT-CO1,MME,,,,,EIF2AK3,,,IRS2,IL2,,ATM,,,,,,,MAPK11,,TET2,,,,,,,,,PMCA,,,,,,,,,NOX1,,,,IL1R1,IZUMO1,,,,,,,,,,,,,,,,,,ICAM1,,MRE11,,,,,,,,,,GLS,,,C8G,,PIK3CB,GABRA1,,,SIRPA,,,,,,PLAT
,,,,,,,,,DRP1,MT-CO2,NEP,,,,,EIF2AK4,,,IGF1,IL15,,TP53,,,,,,,MAPK12,,IDH1,,,,,,,,,NCX,,,,,,,,,NOX4,,,,IL1RN,FUT1,,,,,,,,,,,,,,,,,,VCAM1,,NBN,,,,,,,,,,GLS2,,,C9,,PIK3CD,SLC6A4,,,CD47,,,,,,PLAU
,,,,,,,,,MFN1,MT-CYB,IDO2,,,,,ATF4,,,IGF1R,CD56,,AKT1,,,,,,,MAPK13,,IDH2,,,,,,,,,NHE,,,,,,,,,DUOX1,,,,IL23A,ZBTB46,,,,,,,,,,,,,,,,,,SELE,,PRKDC,,,,,,,,,,SLC1A3,,,CFH,,PIK3CG,SLC6A3,,,CD200,,,,,,SERPINE1
,,,,,,,,,MFN2,MT-ATP6,KYNU,,,,,DDIT3,,,INSR,KLRB1,,MTOR,,,,,,,,,KDM1A,,,,,,,,,NKA,,,,,,,,,DUOX2,,,,CD40LG,PTPN22,,,,,,,,,,,,,,,,,,,,,,,,,,,,,,SLC1A2,,,CFI,,MTOR,SLC6A2,,,CD200R,,,,,,PROC
,,,,,,,,,OPA1,MT-ATP8,KMO,,,,,XBP1,,,PPARG,,,PI3K,,,,,,,,,EZH2,,,,,,,,,AQP4,,,,,,,,,XDH,,,,IFNAR1,CTLA4,,,,,,,,,,,,,,,,,,,,,,,,,,,,,,GAD1,,,SERPING1,,PTEN,TAC1,,,LILRB1,,,,,,PROS1
,,,,,,,,,FIS1,MT-ND4,HAAO,,,,,ATF6,,,PPARA,,,,,,,,,,,,SUZ12,,,,,,,,,VGLUT,,,,,,,,,,,,,IFNAR2,,,,,,,,,,,,,,,,,,,,,,,,,,,,,,,GAD2,,,MBL2,,TP53,TACR1,,,LILRB2,,,,,,F2
,,,,,,,,,MFF,MT-ND5,QPRT,,,,,IRE1,,,PPARGC1A,,,,,,,,,,,,SETD2,,,,,,,,,GAD,,,,,,,,,,,,,IFNGR1,,,,,,,,,,,,,,,,,,,,,,,,,,,,,,,GABBR1,,,MASP1,,,CALCA,,,B2M,,,,,,F3
,,,,,,,,,BCL2L1,,KAT,,,,,PERK,,,SIRT1,,,,,,,,,,,,KMT2A,,,,,,,,,GABAT,,,,,,,,,,,,,IFNGR2,,,,,,,,,,,,,,,,,,,,,,,,,,,,,,,GABBR2,,,MASP2,,,CALCR,,,TAP1,,,,,,F5
,,,,,,,,,MCL1,,CCBL1,,,,,GRP78,,,SIRT3,,,,,,,,,,,,KMT2C,,,,,,,,,MAO,,,,,,,,,,,,,CD79A,,,,,,,,,,,,,,,,,,,,,,,,,,,,,,,CHRNA7,,,FCN1,,,TRPV1,,,TAP2,,,,,,F7
,,,,,,,,,BNIP3,,AADAT,,,,,GRP94,,,FOXO1,,,,,,,,,,,,,,,,,,,,,GAT1,,,,,,,,,,,,,,,,,,,,,,,,,,,,,,,,,,,,,,,,,,,,CHRNB2,,,FCN2,,,,,,PSMB8,,,,,,F8
,,,,,,,,,FUNDC1,,GOT2,,,,,CALR,,,FOXO3,,,,,,,,,,,,,,,,,,,,,EAAT2,,,,,,,,,,,,,,,,,,,,,,,,,,,,,,,,,,,,,,,,,,,,GABRB3,,,FCN3,,,,,,PSMB9,,,,,,F10
,,,,,,,,,ATG5,,ASMT,,,,,,,,HIF1A,,,,,,,,,,,,,,,,,,,,,,,,,,,,,,,,,,,,,,,,,,,,,,,,,,,,,,,,,,,,,,,,,GABRA2,,,APOE,,,,,,ERAP1,,,,,,ITGA2B
,,,,,,,,,ATG7,,TPH1,,,,,,,,VEGFA,,,,,,,,,,,,,,,,,,,,,,,,,,,,,,,,,,,,,,,,,,,,,,,,,,,,,,,,,,,,,,,,,,,,MAPT,,,,,,ERAP2,,,,,,ITGB3
,,,,,,,,,SQSTM1,,IL37,,,,,,,,EPO,,,,,,,,,,,,,,,,,,,,,,,,,,,,,,,,,,,,,,,,,,,,,,,,,,,,,,,,,,,,,,,,,,,,PSEN1,,,,,,,,,,,,
,,,,,,,,,MAP1LC3A,,IL36,,,,,,,,EPOR,,,,,,,,,,,,,,,,,,,,,,,,,,,,,,,,,,,,,,,,,,,,,,,,,,,,,,,,,,,,,,,,,,,,PSEN2,,,,,,,,,,,,
,,,,,,,,,,,IL38,,,,,,,,PDK1,,,,,,,,,,,,,,,,,,,,,,,,,,,,,,,,,,,,,,,,,,,,,,,,,,,,,,,,,,,,,,,,,,,,SNCA,,,,,,,,,,,,
,,,,,,,,,,,ESR1,,,,,,,,PDK4,,,,,,,,,,,,,,,,,,,,,,,,,,,,,,,,,,,,,,,,,,,,,,,,,,,,,,,,,,,,,,,,,,,,PARK7,,,,,,,,,,,,
,,,,,,,,,,,ESR2,,,,,,,,PDHA1,,,,,,,,,,,,,,,,,,,,,,,,,,,,,,,,,,,,,,,,,,,,,,,,,,,,,,,,,,,,,,,,,,,,PINK1,,,,,,,,,,,,
,,,,,,,,,,,TSPO,,,,,,,,PDHB,,,,,,,,,,,,,,,,,,,,,,,,,,,,,,,,,,,,,,,,,,,,,,,,,,,,,,,,,,,,,,,,,,,,LRRK2,,,,,,,,,,,,
,,,,,,,,,,,AHR,,,,,,,,DLAT,,,,,,,,,,,,,,,,,,,,,,,,,,,,,,,,,,,,,,,,,,,,,,,,,,,,,,,,,,,,,,,,,,,,,,,,,,,,,,,,
,,,,,,,,,,,ARNT,,,,,,,,DLD,,,,,,,,,,,,,,,,,,,,,,,,,,,,,,,,,,,,,,,,,,,,,,,,,,,,,,,,,,,,,,,,,,,,,,,,,,,,,,,,
,,,,,,,,,,,,,,,,,,,ACLY,,,,,,,,,,,,,,,,,,,,,,,,,,,,,,,,,,,,,,,,,,,,,,,,,,,,,,,,,,,,,,,,,,,,,,,,,,,,,,,,
,,,,,,,,,,,,,,,,,,,ACACA,,,,,,,,,,,,,,,,,,,,,,,,,,,,,,,,,,,,,,,,,,,,,,,,,,,,,,,,,,,,,,,,,,,,,,,,,,,,,,,,
,,,,,,,,,,,,,,,,,,,FASN,,,,,,,,,,,,,,,,,,,,,,,,,,,,,,,,,,,,,,,,,,,,,,,,,,,,,,,,,,,,,,,,,,,,,,,,,,,,,,,,
,,,,,,,,,,,,,,,,,,,HADHA,,,,,,,,,,,,,,,,,,,,,,,,,,,,,,,,,,,,,,,,,,,,,,,,,,,,,,,,,,,,,,,,,,,,,,,,,,,,,,,,
,,,,,,,,,,,,,,,,,,,HADHB,,,,,,,,,,,,,,,,,,,,,,,,,,,,,,,,,,,,,,,,,,,,,,,,,,,,,,,,,,,,,,,,,,,,,,,,,,,,,,,,
,,,,,,,,,,,,,,,,,,,ACADM,,,,,,,,,,,,,,,,,,,,,,,,,,,,,,,,,,,,,,,,,,,,,,,,,,,,,,,,,,,,,,,,,,,,,,,,,,,,,,,,
,,,,,,,,,,,,,,,,,,,ACADL,,,,,,,,,,,,,,,,,,,,,,,,,,,,,,,,,,,,,,,,,,,,,,,,,,,,,,,,,,,,,,,,,,,,,,,,,,,,,,,,
,,,,,,,,,,,,,,,,,,,ACADVL,,,,,,,,,,,,,,,,,,,,,,,,,,,,,,,,,,,,,,,,,,,,,,,,,,,,,,,,,,,,,,,,,,,,,,,,,,,,,,,,
,,,,,,,,,,,,,,,,,,,CPT1A,,,,,,,,,,,,,,,,,,,,,,,,,,,,,,,,,,,,,,,,,,,,,,,,,,,,,,,,,,,,,,,,,,,,,,,,,,,,,,,,
,,,,,,,,,,,,,,,,,,,CPT1B,,,,,,,,,,,,,,,,,,,,,,,,,,,,,,,,,,,,,,,,,,,,,,,,,,,,,,,,,,,,,,,,,,,,,,,,,,,,,,,,