seed_1_all,seed_2_all,seed_3_all,seed_4_all,seed_5_all,seed_6_all,seed_7_all,seed_8_all,seed_9_all,seed_10_all,seed_11_all,seed_12_all,seed_13_all,seed_14_all,seed_15_all,seed_16_all,seed_17_all,seed_18_all,seed_19_all,seed_20_all,seed_21_all,seed_22_all,seed_23_all,seed_24_all,seed_25_all,seed_26_all,seed_27_all,seed_28_all,seed_29_all,seed_30_all,seed_31_all,seed_32_all,seed_33_all,seed_34_all,seed_35_all,seed_36_all,seed_37_all,seed_38_all,seed_39_all,seed_40_all,seed_41_all,seed_42_all,seed_43_all,seed_44_all,seed_45_all,seed_46_all,seed_47_all,seed_48_all,seed_49_all,seed_50_all,seed_51_all,seed_52_all,seed_53_all,seed_54_all,seed_55_all,seed_56_all,seed_57_all,seed_58_all,seed_59_all,seed_60_all,seed_61_all,seed_62_all,seed_63_all,seed_64_all,seed_65_all,seed_66_all,seed_67_all,seed_68_all,seed_69_all,seed_70_all,seed_71_all,seed_72_all,seed_73_all,seed_74_all,seed_75_all,seed_76_all,seed_77_all,seed_78_all,seed_79_all,seed_80_all,seed_81_all,seed_82_all,seed_83_all,seed_84_all,seed_85_all,seed_86_all,seed_87_all,seed_88_all,seed_89_all,seed_90_all,seed_91_all,seed_92_all,seed_93_all,seed_94_all,seed_95_all,seed_96_all,seed_97_all,seed_98_all,seed_99_all,seed_100_all
DPM1,DPM1,DPM1,DPM1,DPM1,DPM1,DPM1,DPM1,DPM1,DPM1,DPM1,DPM1,DPM1,DPM1,DPM1,DPM1,DPM1,DPM1,DPM1,DPM1,DPM1,DPM1,DPM1,DPM1,DPM1,DPM1,DPM1,DPM1,DPM1,DPM1,DPM1,DPM1,DPM1,DPM1,DPM1,DPM1,DPM1,DPM1,DPM1,DPM1,DPM1,DPM1,DPM1,DPM1,DPM1,DPM1,DPM1,DPM1,DPM1,DPM1,DPM1,DPM1,DPM1,DPM1,DPM1,DPM1,DPM1,DPM1,DPM1,DPM1,DPM1,DPM1,DPM1,DPM1,DPM1,DPM1,DPM1,DPM1,DPM1,DPM1,DPM1,DPM1,DPM1,DPM1,DPM1,DPM1,DPM1,DPM1,DPM1,DPM1,DPM1,DPM1,DPM1,DPM1,DPM1,DPM1,DPM1,DPM1,DPM1,DPM1,DPM1,DPM1,DPM1,DPM1,DPM1,DPM1,DPM1,DPM1,DPM1,DPM1
SCYL3,SCYL3,SCYL3,SCYL3,SCYL3,SCYL3,SCYL3,SCYL3,SCYL3,SCYL3,SCYL3,SCYL3,SCYL3,SCYL3,SCYL3,SCYL3,SCYL3,SCYL3,SCYL3,SCYL3,SCYL3,SCYL3,SCYL3,SCYL3,SCYL3,SCYL3,SCYL3,SCYL3,SCYL3,SCYL3,SCYL3,SCYL3,SCYL3,SCYL3,SCYL3,SCYL3,SCYL3,SCYL3,SCYL3,SCYL3,SCYL3,SCYL3,SCYL3,SCYL3,SCYL3,SCYL3,SCYL3,SCYL3,SCYL3,SCYL3,SCYL3,SCYL3,SCYL3,SCYL3,SCYL3,SCYL3,SCYL3,SCYL3,SCYL3,SCYL3,SCYL3,SCYL3,SCYL3,SCYL3,SCYL3,SCYL3,SCYL3,SCYL3,SCYL3,SCYL3,SCYL3,SCYL3,SCYL3,SCYL3,SCYL3,SCYL3,SCYL3,SCYL3,SCYL3,SCYL3,SCYL3,SCYL3,SCYL3,SCYL3,SCYL3,SCYL3,SCYL3,SCYL3,SCYL3,SCYL3,SCYL3,SCYL3,SCYL3,SCYL3,SCYL3,SCYL3,SCYL3,SCYL3,SCYL3,SCYL3
C1orf112,C1orf112,C1orf112,C1orf112,C1orf112,C1orf112,C1orf112,C1orf112,C1orf112,C1orf112,C1orf112,C1orf112,C1orf112,C1orf112,C1orf112,C1orf112,C1orf112,C1orf112,C1orf112,C1orf112,C1orf112,C1orf112,C1orf112,C1orf112,C1orf112,C1orf112,C1orf112,C1orf112,C1orf112,C1orf112,C1orf112,C1orf112,C1orf112,C1orf112,C1orf112,C1orf112,C1orf112,C1orf112,C1orf112,C1orf112,C1orf112,C1orf112,C1orf112,C1orf112,C1orf112,C1orf112,C1orf112,C1orf112,C1orf112,C1orf112,C1orf112,C1orf112,C1orf112,C1orf112,C1orf112,C1orf112,C1orf112,C1orf112,C1orf112,C1orf112,C1orf112,C1orf112,C1orf112,C1orf112,C1orf112,C1orf112,C1orf112,C1orf112,C1orf112,C1orf112,C1orf112,C1orf112,C1orf112,C1orf112,C1orf112,C1orf112,C1orf112,C1orf112,C1orf112,C1orf112,C1orf112,C1orf112,C1orf112,C1orf112,C1orf112,C1orf112,C1orf112,C1orf112,C1orf112,C1orf112,C1orf112,C1orf112,C1orf112,C1orf112,C1orf112,C1orf112,C1orf112,C1orf112,C1orf112,C1orf112
FGR,FGR,FGR,FGR,FGR,FGR,FGR,FGR,FGR,FGR,FGR,FGR,FGR,FGR,FGR,FGR,FGR,FGR,FGR,FGR,FGR,FGR,FGR,FGR,FGR,FGR,FGR,FGR,FGR,FGR,FGR,FGR,FGR,FGR,FGR,FGR,FGR,FGR,FGR,FGR,FGR,FGR,FGR,FGR,FGR,FGR,FGR,FGR,FGR,FGR,FGR,FGR,FGR,FGR,FGR,FGR,FGR,FGR,FGR,FGR,FGR,FGR,FGR,FGR,FGR,FGR,FGR,FGR,FGR,FGR,FGR,FGR,FGR,FGR,FGR,FGR,FGR,FGR,FGR,FGR,FGR,FGR,FGR,FGR,FGR,FGR,FGR,FGR,FGR,FGR,FGR,FGR,FGR,FGR,FGR,FGR,FGR,FGR,FGR,FGR
CFH,CFH,CFH,CFH,CFH,CFH,CFH,CFH,CFH,CFH,CFH,CFH,CFH,CFH,CFH,CFH,CFH,CFH,CFH,CFH,CFH,CFH,CFH,CFH,CFH,CFH,CFH,CFH,CFH,CFH,CFH,CFH,CFH,CFH,CFH,CFH,CFH,CFH,CFH,CFH,CFH,CFH,CFH,CFH,CFH,CFH,CFH,CFH,CFH,CFH,CFH,CFH,CFH,CFH,CFH,CFH,CFH,CFH,CFH,CFH,CFH,CFH,CFH,CFH,CFH,CFH,CFH,CFH,CFH,CFH,CFH,CFH,CFH,CFH,CFH,CFH,CFH,CFH,CFH,CFH,CFH,CFH,CFH,CFH,CFH,CFH,CFH,CFH,CFH,CFH,CFH,CFH,CFH,CFH,CFH,CFH,CFH,CFH,CFH,CFH
FUCA2,FUCA2,FUCA2,FUCA2,FUCA2,FUCA2,FUCA2,FUCA2,FUCA2,FUCA2,FUCA2,FUCA2,FUCA2,FUCA2,FUCA2,FUCA2,FUCA2,FUCA2,FUCA2,FUCA2,FUCA2,FUCA2,FUCA2,FUCA2,FUCA2,FUCA2,FUCA2,FUCA2,FUCA2,FUCA2,FUCA2,FUCA2,FUCA2,FUCA2,FUCA2,FUCA2,FUCA2,FUCA2,FUCA2,FUCA2,FUCA2,FUCA2,FUCA2,FUCA2,FUCA2,FUCA2,FUCA2,FUCA2,FUCA2,FUCA2,FUCA2,FUCA2,FUCA2,FUCA2,FUCA2,FUCA2,FUCA2,FUCA2,FUCA2,FUCA2,FUCA2,FUCA2,FUCA2,FUCA2,FUCA2,FUCA2,FUCA2,FUCA2,FUCA2,FUCA2,FUCA2,FUCA2,FUCA2,FUCA2,FUCA2,FUCA2,FUCA2,FUCA2,FUCA2,FUCA2,FUCA2,FUCA2,FUCA2,FUCA2,FUCA2,FUCA2,FUCA2,FUCA2,FUCA2,FUCA2,FUCA2,FUCA2,FUCA2,FUCA2,FUCA2,FUCA2,FUCA2,FUCA2,FUCA2,FUCA2
GCLC,GCLC,GCLC,GCLC,GCLC,GCLC,GCLC,GCLC,GCLC,GCLC,GCLC,GCLC,GCLC,GCLC,GCLC,GCLC,GCLC,GCLC,GCLC,GCLC,GCLC,GCLC,GCLC,GCLC,GCLC,GCLC,GCLC,GCLC,GCLC,GCLC,GCLC,GCLC,GCLC,GCLC,GCLC,GCLC,GCLC,GCLC,GCLC,GCLC,GCLC,GCLC,GCLC,GCLC,GCLC,GCLC,GCLC,GCLC,GCLC,GCLC,GCLC,GCLC,GCLC,GCLC,GCLC,GCLC,GCLC,GCLC,GCLC,GCLC,GCLC,GCLC,GCLC,GCLC,GCLC,GCLC,GCLC,GCLC,GCLC,GCLC,GCLC,GCLC,GCLC,GCLC,GCLC,GCLC,GCLC,GCLC,GCLC,GCLC,GCLC,GCLC,GCLC,GCLC,GCLC,GCLC,GCLC,GCLC,GCLC,GCLC,GCLC,GCLC,GCLC,GCLC,GCLC,GCLC,GCLC,GCLC,GCLC,GCLC
NIPAL3,NIPAL3,NIPAL3,NFYA,NFYA,NFYA,NIPAL3,NIPAL3,NIPAL3,NFYA,NFYA,NFYA,NFYA,NFYA,NFYA,NFYA,NFYA,NIPAL3,NIPAL3,NFYA,NFYA,NIPAL3,NFYA,NFYA,NFYA,NFYA,NIPAL3,NFYA,NFYA,NIPAL3,NIPAL3,NIPAL3,NIPAL3,NIPAL3,NFYA,NFYA,NIPAL3,NFYA,NIPAL3,NIPAL3,NIPAL3,NFYA,NIPAL3,NFYA,NIPAL3,NIPAL3,NFYA,NFYA,NIPAL3,NIPAL3,NIPAL3,NFYA,NFYA,NFYA,NFYA,NFYA,NFYA,NIPAL3,NFYA,NFYA,NFYA,NFYA,NFYA,NFYA,NFYA,NFYA,NFYA,NFYA,NFYA,NIPAL3,NFYA,NFYA,NFYA,NFYA,NFYA,NFYA,NIPAL3,NFYA,NFYA,NFYA,NIPAL3,NFYA,NIPAL3,NIPAL3,NFYA,NIPAL3,NFYA,NFYA,NFYA,NFYA,NFYA,NFYA,NFYA,NIPAL3,NIPAL3,NIPAL3,NFYA,NIPAL3,NFYA,NIPAL3
ATP6V1H,ATP6V1H,LAS1L,STPG1,STPG1,STPG1,LAS1L,LAS1L,LAS1L,STPG1,STPG1,STPG1,STPG1,STPG1,STPG1,STPG1,STPG1,LAS1L,LAS1L,STPG1,STPG1,LAS1L,STPG1,STPG1,STPG1,STPG1,LAS1L,STPG1,STPG1,ATP6V1H,RTN4,LAS1L,ATP6V1H,LAS1L,STPG1,STPG1,ATP6V1H,STPG1,LAS1L,LAS1L,LAS1L,STPG1,LAS1L,STPG1,LAS1L,LAS1L,STPG1,STPG1,LAS1L,LAS1L,LAS1L,STPG1,STPG1,STPG1,STPG1,STPG1,STPG1,ATP6V1H,STPG1,STPG1,STPG1,STPG1,STPG1,STPG1,STPG1,STPG1,STPG1,STPG1,STPG1,LAS1L,STPG1,STPG1,STPG1,STPG1,STPG1,STPG1,LAS1L,STPG1,STPG1,STPG1,LAS1L,STPG1,LAS1L,LAS1L,STPG1,LAS1L,STPG1,STPG1,STPG1,STPG1,STPG1,STPG1,STPG1,LAS1L,ATP6V1H,LAS1L,STPG1,ATP6V1H,STPG1,LAS1L
CDK5R1,CDK5R1,ENPP4,NIPAL3,NIPAL3,NIPAL3,ENPP4,CD99,CD99,NIPAL3,NIPAL3,NIPAL3,NIPAL3,NIPAL3,NIPAL3,NIPAL3,NIPAL3,ENPP4,ENPP4,NIPAL3,NIPAL3,ENPP4,NIPAL3,NIPAL3,NIPAL3,NIPAL3,CD99,NIPAL3,NIPAL3,CDK5R1,CSRP1,CD99,CDK5R1,CD99,NIPAL3,NIPAL3,CDK5R1,NIPAL3,ENPP4,ENPP4,CD99,NIPAL3,CD99,NIPAL3,CD99,CD99,NIPAL3,NIPAL3,CD99,ENPP4,CD99,NIPAL3,NIPAL3,NIPAL3,NIPAL3,NIPAL3,NIPAL3,CDK5R1,NIPAL3,NIPAL3,NIPAL3,NIPAL3,NIPAL3,NIPAL3,NIPAL3,NIPAL3,NIPAL3,NIPAL3,NIPAL3,ENPP4,NIPAL3,NIPAL3,NIPAL3,NIPAL3,NIPAL3,NIPAL3,CD99,NIPAL3,NIPAL3,NIPAL3,ENPP4,NIPAL3,CD99,CD99,NIPAL3,CD99,NIPAL3,NIPAL3,NIPAL3,NIPAL3,NIPAL3,NIPAL3,NIPAL3,CD99,CDK5R1,CD99,NIPAL3,CDK5R1,NIPAL3,CD99
SLC39A11,SLC6A11,CD99,ENPP4,ENPP4,ENPP4,CD99,CFHR4,CFHR4,ENPP4,ENPP4,ENPP4,ENPP4,ENPP4,ENPP4,ENPP4,ENPP4,SEMA3F,SEMA3F,ENPP4,ENPP4,CD99,ENPP4,ENPP4,ENPP4,ENPP4,CFHR4,ENPP4,ENPP4,SLC39A11,ATAD3C,CFHR4,SLC6A14,CFHR4,ENPP4,ENPP4,SLC39A11,ENPP4,CD99,CD99,CFHR4,ENPP4,CFHR4,ENPP4,CFHR4,CFHR4,ENPP4,ENPP4,CFHR4,CD99,CFHR4,ENPP4,ENPP4,ENPP4,ENPP4,ENPP4,ENPP4,SLC39A11,ENPP4,ENPP4,ENPP4,ENPP4,ENPP4,ENPP4,ENPP4,ENPP4,ENPP4,ENPP4,ENPP4,SEMA3F,ENPP4,ENPP4,ENPP4,ENPP4,ENPP4,ENPP4,CFHR4,ENPP4,ENPP4,ENPP4,CD99,ENPP4,CFHR4,CFHR4,ENPP4,CFHR4,ENPP4,ENPP4,ENPP4,ENPP4,ENPP4,ENPP4,ENPP4,CFHR4,SLC39A11,CFHR4,ENPP4,SLC39A11,ENPP4,CFHR4
CEP164,HSPA13,SKI,SEMA3F,SEMA3F,SEMA3F,SKI,SKAP2,SKAP2,SEMA3F,SEMA3F,SEMA3F,SEMA3F,SEMA3F,SEMA3F,SEMA3F,SEMA3F,SKI,CFTR,SEMA3F,SEMA3F,SKI,SEMA3F,SEMA3F,SEMA3F,SEMA3F,SKAP2,SEMA3F,SEMA3F,CEP164,SLC66A1,SKAP2,MYCBP2,SKAP2,SEMA3F,SEMA3F,CEP164,SEMA3F,SKI,SKI,SKAP2,SEMA3F,SKAP2,SEMA3F,SKAP2,SKAP2,SEMA3F,SEMA3F,SKAP2,SKI,SKI,SEMA3F,SEMA3F,SEMA3F,SEMA3F,SEMA3F,SEMA3F,CEP164,SEMA3F,SEMA3F,SEMA3F,SEMA3F,SEMA3F,SEMA3F,SEMA3F,SEMA3F,SEMA3F,SEMA3F,SEMA3F,CFTR,SEMA3F,SEMA3F,SEMA3F,SEMA3F,SEMA3F,SEMA3F,SKAP2,SEMA3F,SEMA3F,SEMA3F,SKI,SEMA3F,SKAP2,SKAP2,SEMA3F,SKAP2,SEMA3F,SEMA3F,SEMA3F,SEMA3F,SEMA3F,SEMA3F,SEMA3F,SKAP2,CEP164,SKAP2,SEMA3F,CEP164,SEMA3F,SKAP2
TSPAN6,TXNDC5,SLC5A1,CFTR,CFTR,CFTR,GNB1,SKI,SKI,CFTR,CFTR,CFTR,CFTR,CFTR,CFTR,CFTR,CFTR,KCNIP4,SKI,CFTR,CFTR,SLC5A1,CFTR,CFTR,CFTR,CFTR,SKI,CFTR,CFTR,TSPAN6,NDUFB9,SKI,GNB1,CD55,CFTR,CFTR,TSPAN6,CFTR,TMEM176A,SLC35E2,SKI,CFTR,SKI,CFTR,SKI,SKI,CFTR,CFTR,SKI,SLC5A1,HES4,CFTR,CFTR,CFTR,CFTR,CFTR,CFTR,TSPAN6,CFTR,CFTR,CFTR,CFTR,CFTR,CFTR,CFTR,CFTR,CFTR,CFTR,CFTR,TASK3,CFTR,CFTR,CFTR,CFTR,CFTR,CFTR,SKI,CFTR,CFTR,CFTR,AGRN,CFTR,SKI,SKI,CFTR,SKI,CFTR,CFTR,CFTR,CFTR,CFTR,CFTR,CFTR,SKI,TSPAN6,SKI,CFTR,TSPAN6,CFTR,SKI
ARHGEF16,C1orf167,PLA2G16,ANKIB1,ANKIB1,ANKIB1,TMEM176A,RAB3GAP1,RAP1GAP,ANKIB1,ANKIB1,ANKIB1,ANKIB1,ANKIB1,ANKIB1,ANKIB1,ANKIB1,MYH10,MAPK4,ANKIB1,ANKIB1,PLA2G16,ANKIB1,ANKIB1,ANKIB1,ANKIB1,SEMA4D,ANKIB1,ANKIB1,CD99,GNB1,RAB3GAP1,UBOX5,CIB2,ANKIB1,ANKIB1,ARHGEF16,ANKIB1,HES4,PLXNA4,RAB3GAP1,ANKIB1,RAB3GAP1,ANKIB1,RAB3GAP1,SEMA4C,ANKIB1,ANKIB1,SEMA4D,PLA2G16,AGRN,ANKIB1,ANKIB1,ANKIB1,ANKIB1,ANKIB1,ANKIB1,CD99,ANKIB1,ANKIB1,ANKIB1,ANKIB1,ANKIB1,ANKIB1,ANKIB1,ANKIB1,ANKIB1,ANKIB1,ANKIB1,HSP90B1,ANKIB1,ANKIB1,ANKIB1,ANKIB1,ANKIB1,ANKIB1,RAP1GAP,ANKIB1,ANKIB1,ANKIB1,RAB3GAP1,ANKIB1,SEMA4D,RAB3GAP1,ANKIB1,RAB3GAP1,ANKIB1,ANKIB1,ANKIB1,ANKIB1,ANKIB1,ANKIB1,ANKIB1,SEMA4C,TNFRSF14,SEMA4D,ANKIB1,TNFRSF14,ANKIB1,RAB3GAP1
TMEM219,MYO18B,CD24,CYP51A1,CYP51A1,CYP51A1,MORN1,CHST8,PIGS,CYP51A1,CYP51A1,CYP51A1,CYP51A1,CYP51A1,CYP51A1,CYP51A1,CYP51A1,RABEP1,SLC2A13,CYP51A1,CYP51A1,CD24,CYP51A1,CYP51A1,CYP51A1,CYP51A1,CELSR2,CYP51A1,CYP51A1,FOXD4L1,UBOX5,CHST8,RAB3GAP1,CRHR1,CYP51A1,CYP51A1,TMEM219,CYP51A1,AGRN,MICAL1,CHST8,CYP51A1,CHST8,CYP51A1,CHST8,CELSR2,CYP51A1,CYP51A1,CELSR2,CD24,TNFRSF14,CYP51A1,CYP51A1,CYP51A1,CYP51A1,CYP51A1,CYP51A1,FOXD1,CYP51A1,CYP51A1,CYP51A1,CYP51A1,CYP51A1,CYP51A1,CYP51A1,CYP51A1,CYP51A1,CYP51A1,CYP51A1,PRSS53,CYP51A1,CYP51A1,CYP51A1,CYP51A1,CYP51A1,CYP51A1,CD24,CYP51A1,CYP51A1,CYP51A1,CHST8,CYP51A1,CELSR2,CHST8,CYP51A1,CHST8,CYP51A1,CYP51A1,CYP51A1,CYP51A1,CYP51A1,CYP51A1,CYP51A1,AGRN,NDUFAF7,CELSR2,CYP51A1,GNB1,CYP51A1,CHST8
KCNIP4,RAB1A,RAB3GAP1,KRIT1,KRIT1,KRIT1,ATAD3C,HSPA13,TNFRSF14,KRIT1,KRIT1,KRIT1,KRIT1,KRIT1,KRIT1,KRIT1,KRIT1,TSPAN6,FOXO3,KRIT1,KRIT1,RAB3GAP1,KRIT1,KRIT1,KRIT1,KRIT1,MYH10,KRIT1,KRIT1,GNB1,RPLP1,HES4,CHMP2A,ST8SIA4,KRIT1,KRIT1,KCNIP4,KRIT1,TNFRSF14,PAXIP1,HSPG2,KRIT1,HES4,KRIT1,HSPG2,MYH10,KRIT1,KRIT1,MYH10,RAB3GAP1,CPTP,KRIT1,KRIT1,KRIT1,KRIT1,KRIT1,KRIT1,GNB1,KRIT1,KRIT1,KRIT1,KRIT1,KRIT1,KRIT1,KRIT1,KRIT1,KRIT1,KRIT1,KRIT1, calculations,KRIT1,KRIT1,KRIT1,KRIT1,KRIT1,KRIT1,CSTB,KRIT1,KRIT1,KRIT1,HES4,KRIT1,MYH10,HES4,KRIT1,HSPA6,KRIT1,KRIT1,KRIT1,KRIT1,KRIT1,KRIT1,KRIT1,TNFRSF14,SIGLEC10,MYH10,KRIT1,PRKCZ,KRIT1,HSPG2
SKI,TSPAN6,CHCHD7,RAD52,RAD52,RAD52,TNFRSF10B,INTS11,CD24,RAD52,RAD52,RAD52,RAD52,RAD52,RAD52,RAD52,RAD52,CD99,RENBP,RAD52,RAD52,CHST8,RAD52,RAD52,RAD52,RAD52,RAB3GAP1,RAD52,RAD52,CALML6,ARHGEF16,AGRN,RAB11FIP1,SLC5A1,RAD52,RAD52,SKI,RAD52,TNFRSF4,FAM158A,RRAS,RAD52,AGRN,RAD52,BTBD17P1,RAB3GAP1,RAD52,RAD52,RAB3GAP1,CHST8,TAS1R2,RAD52,RAD52,RAD52,RAD52,RAD52,RAD52,CALM2,RAD52,RAD52,RAD52,RAD52,RAD52,RAD52,RAD52,RAD52,RAD52,RAD52,RAD52,IER3,RAD52,RAD52,RAD52,RAD52,RAD52,RAD52,GNB1,RAD52,RAD52,RAD52,TNFRSF14,RAD52,RAB3GAP1,AGRN,RAD52,PFN2,RAD52,RAD52,RAD52,RAD52,RAD52,RAD52,RAD52,CPAMD8,HARS,RAB3GAP1,RAD52,CST3,RAD52,NPHP1
AGRN,TNMD,HSPA13,MYH16,MYH16,MYH16,SQSTM1,TLR4,RAB3GAP1,MYH16,MYH16,MYH16,MYH16,MYH16,MYH16,MYH16,MYH16,PLK4,HSPA9,MYH16,MYH16,GNB1,MYH16,MYH16,MYH16,MYH16,ARFGEF2,MYH16,MYH16,PRKCZ,MYCBP2,TNFRSF14,ARFIP2,ITGA6,MYH16,MYH16,AGRN,MYH16,GABRD,CLSTN1,STAU2,MYH16,TNFRSF14,MYH16,SLC45A3,ARFGEF2,MYH16,MYH16,ARFGEF2,RAB1A,ICAM1,MYH16,MYH16,MYH16,MYH16,MYH16,MYH16,LAS1L,MYH16,MYH16,MYH16,MYH16,MYH16,MYH16,MYH16,MYH16,MYH16,MYH16,MYH16,HRH1,MYH16,MYH16,MYH16,MYH16,MYH16,MYH16,MTCH2,MYH16,MYH16,MYH16,ELOVL5,MYH16,ARMC10,TNFRSF14,MYH16,ARHGEF16,MYH16,MYH16,MYH16,MYH16,MYH16,MYH16,MYH16,GNB1,CDK5RAP1,ARNT,MYH16,HSPA8,MYH16,ARHGEF16
SLC17A5,DPM2,TXNDC5,BAD,BAD,BAD,SLC35E2,CYP51A1,CHST14,BAD,BAD,BAD,BAD,BAD,BAD,BAD,BAD,MYCBP,ARNTL,BAD,BAD,GPR15,BAD,BAD,BAD,BAD,KIAA0005,BAD,BAD,RAB11FIP1,HSBP1,GUSB,KXD1,VCAN,BAD,BAD,RAB3GAP1,BAD,PRKCZ,SDCBP,CLSTN1,BAD,GBA1,BAD,CDK5R1,KIAA0005,BAD,BAD,KIF1B,SFTPA1,UBE2L3,BAD,BAD,BAD,BAD,BAD,BAD,MYO18B,BAD,BAD,BAD,BAD,BAD,BAD,BAD,BAD,BAD,BAD,BAD,KCNAB1,BAD,BAD,BAD,BAD,BAD,BAD,CD55,BAD,BAD,BAD,KRIT1,BAD,TSPAN6,GBA1,BAD,MYBL1,BAD,BAD,BAD,BAD,BAD,BAD,BAD,ARHGEF16,ERCC8,HSPG2,BAD,NKG7,BAD,KIF1B
HES5,PUSL1,COT1,LAP3,LAP3,LAP3,MYO18B,MORN1,ARMC1,LAP3,LAP3,LAP3,LAP3,LAP3,LAP3,LAP3,LAP3,RAD52,TSPAN6,LAP3,LAP3,MYC,LAP3,LAP3,LAP3,LAP3,CYP51A1,LAP3,LAP3,ARHGEF16,ARFGEF2,UBOX5,TMEM132A,CD44,LAP3,LAP3,CHST8,LAP3,GNB1,GNB1,PREX1,LAP3,KIF1C,LAP3,EFEMP1,CYP51A1,LAP3,LAP3,ATP5F1E,DOCK6,RENBP,LAP3,LAP3,LAP3,LAP3,LAP3,LAP3,PLEKHM1,LAP3,LAP3,LAP3,LAP3,LAP3,LAP3,LAP3,LAP3,LAP3,LAP3,LAP3,KLF11,LAP3,LAP3,LAP3,LAP3,LAP3,LAP3,DERL3,LAP3,LAP3,LAP3,MYH10,LAP3,TNFRSF14,KCNAB1,LAP3,RECQL4,LAP3,LAP3,LAP3,LAP3,LAP3,LAP3,LAP3,MYCBP,VARS,CD44,LAP3,HSP90AB1,LAP3,RECQL4
TNFRSF10B,CLIC4,SEC14L1,HS3ST1,HS3ST1,HS3ST1,RAB3GAP1,RAB2A,SLC35E2,HS3ST1,HS3ST1,HS3ST1,HS3ST1,HS3ST1,HS3ST1,HS3ST1,HS3ST1,SLMAP,TNFRSF10B,HS3ST1,HS3ST1,TMEM176A,HS3ST1,HS3ST1,HS3ST1,HS3ST1,SLC4A10,HS3ST1,HS3ST1,SPNS1,RAB1A,CCNL1,CEP170B,PRKCB,HS3ST1,HS3ST1,NPHP4,HS3ST1,AIRE,MTOR,PRSS55,HS3ST1,MYO18B,HS3ST1,MYO18B,KRIT1,HS3ST1,HS3ST1,TRIM65,HSPA1B,PRKCZ,HS3ST1,HS3ST1,HS3ST1,HS3ST1,HS3ST1,HS3ST1,RAB3GAP1,HS3ST1,HS3ST1,HS3ST1,HS3ST1,HS3ST1,HS3ST1,HS3ST1,HS3ST1,HS3ST1,HS3ST1,HS3ST1,ITM2A,HS3ST1,HS3ST1,HS3ST1,HS3ST1,HS3ST1,HS3ST1,HSPA5,HS3ST1,HS3ST1,HS3ST1,1-Mar,HS3ST1,GNB1,GUSB,HS3ST1,UBE2L3,HS3ST1,HS3ST1,HS3ST1,HS3ST1,HS3ST1,HS3ST1,HS3ST1,CD55,HNRNPK,AGRN,HS3ST1,PSMB6,HS3ST1,AGRN
CDK5RAP2,SKI,STAU2,AOC1,AOC1,AOC1,RAB3GAP2,ARF6,GNB1,AOC1,AOC1,AOC1,AOC1,AOC1,AOC1,AOC1,AOC1,APBB1IP,CDK5R1,AOC1,AOC1,TNFRSF14,AOC1,AOC1,AOC1,AOC1,ATP6V1H,AOC1,AOC1,TNFRSF10B,SFTPA1,SLC39A8,SLC39A14,TNFRSF1B,AOC1,AOC1,ARMC10,AOC1,UBE2L3,ATP6AP1,SLC4A10,AOC1,RAB1A,AOC1,RAB3GAP2,IQGAP2,AOC1,AOC1,USP25,HSPA1A,SPTB,AOC1,AOC1,AOC1,AOC1,AOC1,AOC1,RIMS1,AOC1,AOC1,AOC1,AOC1,AOC1,AOC1,AOC1,AOC1,AOC1,AOC1,AOC1,ATP1B2,AOC1,AOC1,AOC1,AOC1,AOC1,AOC1,TNFRSF14,AOC1,AOC1,AOC1,PGM1,AOC1,PRKCB,UGCG,AOC1,SLC35E2,AOC1,AOC1,AOC1,AOC1,AOC1,AOC1,AOC1,HSPA8,SRM,TNFRSF1B,AOC1,ARHGDIA,AOC1,MYH10
MYH9,AGR2,VPS51,WNT16,WNT16,WNT16,LYPD6B,MYL9,UAP1,WNT16,WNT16,WNT16,WNT16,WNT16,WNT16,WNT16,WNT16,TMEM59,SKAP2,WNT16,WNT16,GPR151,WNT16,WNT16,WNT16,WNT16,CDCA7,WNT16,WNT16,SLC25A3,SLC25A4,PIGL,ARL15,CD81,WNT16,WNT16,GNB1,WNT16,FOXRED1,MYO1C,TNFRSF10B,WNT16,HNRNPK,WNT16,RAB3IP,SLC25A13,WNT16,WNT16,GABBR1,HSPA1L,SLC4A1AP,WNT16,WNT16,WNT16,WNT16,WNT16,WNT16,ULK4,WNT16,WNT16,WNT16,WNT16,WNT16,WNT16,WNT16,WNT16,WNT16,WNT16,WNT16,CD99,WNT16,WNT16,WNT16,WNT16,WNT16,WNT16,ICOSLG,WNT16,WNT16,WNT16,STXBP5L,WNT16,CD55,ARHGEF16,WNT16,MYO18B,WNT16,WNT16,WNT16,WNT16,WNT16,WNT16,WNT16,RPS5,GTF2H4,EGFR,WNT16,UQCRB,WNT16,ITGA6
RAB3GAP1,MYH10,GNB1,HECW1,HECW1,HECW1,ARHGEF16,KIAA0947,SEC22B,HECW1,HECW1,HECW1,HECW1,HECW1,HECW1,HECW1,HECW1,VWA5A,ACAP1,HECW1,HECW1,CSF1R,HECW1,HECW1,HECW1,HECW1,RABEP1,HECW1,HECW1,VAMP3,EXT1,ATP6V1H,NOTCH2NL,HSPA8,HECW1,HECW1,GPR151,HECW1,SLC25A13,EIF4EBP1,CDH9,HECW1,RAB11FIP1,HECW1,PDZD2,PNPLA1,HECW1,HECW1,RPS11,HSPB6,NDUFAF7,HECW1,HECW1,HECW1,HECW1,HECW1,HECW1,VAMP2,HECW1,HECW1,HECW1,HECW1,HECW1,HECW1,HECW1,HECW1,HECW1,HECW1,HECW1,CXCR4,HECW1,HECW1,HECW1,HECW1,HECW1,HECW1,TNFRSF1B,HECW1,HECW1,HECW1,SLC35A3,HECW1,ARHGEF18,MYH10,HECW1,RNF13,HECW1,HECW1,HECW1,HECW1,HECW1,HECW1,HECW1,RPS2,SLC35A3,ITGA6,HECW1,NDUFB8,HECW1,FBN1
GNB1,SFXN5, RabGAP1L,MAD1L1,MAD1L1,MAD1L1,VPS51,GNAS,RAB3GAP2,MAD1L1,MAD1L1,MAD1L1,MAD1L1,MAD1L1,MAD1L1,MAD1L1,MAD1L1,CEP164,RAB3GAP1,MAD1L1,MAD1L1,SORT1,MAD1L1,MAD1L1,MAD1L1,MAD1L1,TXNDC5,MAD1L1,MAD1L1,RAB3GAP1,COL18A1,TNFRSF4,EFEMP1,GNB1,MAD1L1,MAD1L1,RIMS1,MAD1L1,PNPLA1,RAB1A,NECTIN4,MAD1L1,REM1,MAD1L1,CLSTN1,MYO1B,MAD1L1,MAD1L1,HARS,DNAJB1,CD24,MAD1L1,MAD1L1,MAD1L1,MAD1L1,MAD1L1,MAD1L1,YKT6,MAD1L1,MAD1L1,MAD1L1,MAD1L1,MAD1L1,MAD1L1,MAD1L1,MAD1L1,MAD1L1,MAD1L1,MAD1L1,GNG11,MAD1L1,MAD1L1,MAD1L1,MAD1L1,MAD1L1,MAD1L1,CXCR4,MAD1L1,MAD1L1,MAD1L1,MYO1C,MAD1L1,TNFRSF1B,CD40LG,MAD1L1,CLSTN1,MAD1L1,MAD1L1,MAD1L1,MAD1L1,MAD1L1,MAD1L1,MAD1L1,RPS4Y1,EIF4G1,IGF1R,MAD1L1,COX5B,MAD1L1,COL4A1
RIMS1,SLC25A39,ARFGEF2,LASP1,LASP1,LASP1,ARFGEF2,LAT2,RAB3IP,LASP1,LASP1,LASP1,LASP1,LASP1,LASP1,LASP1,LASP1,MYH11,TXNIP,LASP1,LASP1,HSP90B1,LASP1,LASP1,LASP1,LASP1,UBA5,LASP1,LASP1,RAB3GAP2,TNFRSF10B,KLHL7,PRSS55,ARHGEF6,LASP1,LASP1,SLC25A13,LASP1,ACAT1,APPL1,CDH12,LASP1,SLC44A1,LASP1,CAPN13,RAB2A,LASP1,LASP1,CDK5R1,HSPH1,RPL22,LASP1,LASP1,LASP1,LASP1,LASP1,LASP1,APBB1,LASP1,LASP1,LASP1,LASP1,LASP1,LASP1,LASP1,LASP1,LASP1,LASP1,LASP1,SLC4A10,LASP1,LASP1,LASP1,LASP1,LASP1,LASP1,RIPK2,LASP1,LASP1,LASP1,RAB3GAP2,LASP1,SLC4A10,ITGA6,LASP1,CCDC106,LASP1,LASP1,LASP1,LASP1,LASP1,LASP1,LASP1,RPS4X,LARP4,FBN1,LASP1,COX7A2,LASP1,EFEMP1
ULK1,CEP164,RAB1A,SNX11,SNX11,SNX11,RAB1A,SLC25A13,ATP1B2,SNX11,SNX11,SNX11,SNX11,SNX11,SNX11,SNX11,SNX11,ARHGEF16,SLC25A4,SNX11,SNX11,GABBR1,SNX11,SNX11,SNX11,SNX11,COL4A1,SNX11,SNX11,LYN,SLC39A14,MYCBP,SKAP2,SELL,SNX11,SNX11,PNPLA6,SNX11,TMEM140,SLC25A5,MYO18B,SNX11,ARHGEF16,SNX11,ABCC6,SLC25A3,SNX11,SNX11,SLC25A13,HSP90AB1,RPS4Y1,SNX11,SNX11,SNX11,SNX11,SNX11,SNX11,BAIAP2,SNX11,SNX11,SNX11,SNX11,SNX11,SNX11,SNX11,SNX11,SNX11,SNX11,SNX11,TNFRSF1B,SNX11,SNX11,SNX11,SNX11,SNX11,SNX11,IER3,SNX11,SNX11,SNX11,ECPAS,SNX11,CD47,SLC25A13,SNX11,HMG20B,SNX11,SNX11,SNX11,SNX11,SNX11,SNX11,SNX11,RPS10,DHX37,FLT1,SNX11,SDHA,SNX11,COL4A2
MYO1C,IDH3G,NUP50,TMEM176A,TMEM176A,TMEM176A,NBEA,TMEM176A,ARHGEF16,TMEM176A,TMEM176A,TMEM176A,TMEM176A,TMEM176A,TMEM176A,TMEM176A,TMEM176A,SPNS1,P2RX5,TMEM176A,TMEM176A,NCOA1,TMEM176A,TMEM176A,TMEM176A,TMEM176A,AK2,TMEM176A,TMEM176A,PLA2G4A,SLC35E2,CDK5R1,PLEKHA7,ITGB2,TMEM176A,TMEM176A,NARS,TMEM176A,MBOAT7,GABARAPL2,SLC9A6,TMEM176A,PRDX5,TMEM176A,RIMS1,CHCHD6,TMEM176A,TMEM176A,PRDX5,HSP90B1,HSPA1B,TMEM176A,TMEM176A,TMEM176A,TMEM176A,TMEM176A,TMEM176A,CCDC170,TMEM176A,TMEM176A,TMEM176A,TMEM176A,TMEM176A,TMEM176A,TMEM176A,TMEM176A,TMEM176A,TMEM176A,TMEM176A,CD44,TMEM176A,TMEM176A,TMEM176A,TMEM176A,TMEM176A,TMEM176A,DUSP1,TMEM176A,TMEM176A,TMEM176A,EXOC3,TMEM176A,CLIC4,MYO1C,TMEM176A,CEP164,TMEM176A,TMEM176A,TMEM176A,TMEM176A,TMEM176A,TMEM176A,TMEM176A,RPS9,PUS1,PDGFRA,TMEM176A,UQCRC2,TMEM176A,LAMC1
RAB3GAP2,CDK5RAP2,TMEM17,M6PR,M6PR,M6PR,GABBR1,SIGLEC10,RABEP1,M6PR,M6PR,M6PR,M6PR,M6PR,M6PR,M6PR,M6PR,SLC39A11,PRKCB,M6PR,M6PR,CCDC88A,M6PR,M6PR,M6PR,M6PR,ITGA6,M6PR,M6PR,PLCB1,CLTB,SLC25A13,MYO16,TLN1,M6PR,M6PR,CLSTN1,M6PR,LIPA,SFTPA1,NELL2,M6PR,SLC35E2,M6PR,COL11A1,LYPD6B,M6PR,M6PR,SLC25A3,AHSA1,TXK,M6PR,M6PR,M6PR,M6PR,M6PR,M6PR,DENND5A,M6PR,M6PR,M6PR,M6PR,M6PR,M6PR,M6PR,M6PR,M6PR,M6PR,M6PR,CDH13,M6PR,M6PR,M6PR,M6PR,M6PR,M6PR,IL1R2,M6PR,M6PR,M6PR,CLSTN2,M6PR,PRKCA,COL9A1,M6PR,CDK5RAP1,M6PR,M6PR,M6PR,M6PR,M6PR,M6PR,M6PR,RPS7,CLNS1A,KDR,M6PR,CYC1,M6PR,CD151
RIMS2,HDDC3,AK2,CYP26B1,CYP26B1,CYP26B1,RXFP1,GNB1,RAB5C,CYP26B1,CYP26B1,CYP26B1,CYP26B1,CYP26B1,CYP26B1,CYP26B1,CYP26B1,USP17L2,SLC25A3,CYP26B1,CYP26B1,SLC39A14,CYP26B1,CYP26B1,CYP26B1,CYP26B1,SLC25A5,CYP26B1,CYP26B1,PLCB4,EIF4EBP1,PRDX5,FAM151B,VAV1,CYP26B1,CYP26B1,CCDC91,CYP26B1,ITIH4,NEDD4,EFNA5,CYP26B1,GNB1,CYP26B1,RASGEF1B,ARHGEF16,CYP26B1,CYP26B1,LYN,FKBP4,HSPA1A,CYP26B1,CYP26B1,CYP26B1,CYP26B1,CYP26B1,CYP26B1,EFTUD1,CYP26B1,CYP26B1,CYP26B1,CYP26B1,CYP26B1,CYP26B1,CYP26B1,CYP26B1,CYP26B1,CYP26B1,CYP26B1,ITGA5,CYP26B1,CYP26B1,CYP26B1,CYP26B1,CYP26B1,CYP26B1,NFKBIA,CYP26B1,CYP26B1,CYP26B1,CCDC85A,CYP26B1,CR1,RAB2A,CYP26B1,DNAJC1,CYP26B1,CYP26B1,CYP26B1,CYP26B1,CYP26B1,CYP26B1,CYP26B1,RPS8,SDHAF1,FLT4,CYP26B1,COX4I1,CYP26B1,ITGB1
ARHGEF18,KIAA1109,GTF2H1,ICA1,ICA1,ICA1,CALCB,ARHGEF18,RAB5A,ICA1,ICA1,ICA1,ICA1,ICA1,ICA1,ICA1,ICA1,CDCA7,TOMM22,ICA1,ICA1,ARNTL,ICA1,ICA1,ICA1,ICA1,CCDC88A,ICA1,ICA1,PLCD1,ARHGEF1,ARHGEF16,DNAH10OS,ACTN1,ICA1,ICA1,CEP78,ICA1,SLC39A14,SH3GL2,EPHA7,ICA1,ATP13A2,ICA1,APBB1IP,GNB1,ICA1,ICA1,AKR1C3,STIP1,CACNA1E,ICA1,ICA1,ICA1,ICA1,ICA1,ICA1,EPPK1,ICA1,ICA1,ICA1,ICA1,ICA1,ICA1,ICA1,ICA1,ICA1,ICA1,ICA1,MAPK10,ICA1,ICA1,ICA1,ICA1,ICA1,ICA1,TNFAIP3,ICA1,ICA1,ICA1,AKAP9,ICA1,ITGB2,SLC35A3,ICA1,GNB1,ICA1,ICA1,ICA1,ICA1,ICA1,ICA1,ICA1,RPS19,TMEM176A,NRP1,ICA1,ATP5F1B,ICA1,COL6A1
GNAI1,TARBP2,TMEM134,DBNDD1,DBNDD1,DBNDD1,SAMD11,TNFRSF1B,RAB11FIP1,DBNDD1,DBNDD1,DBNDD1,DBNDD1,DBNDD1,DBNDD1,DBNDD1,DBNDD1,DBF4B,TMEM120A,DBNDD1,DBNDD1,TLE1,DBNDD1,DBNDD1,DBNDD1,DBNDD1,SLC39A14,DBNDD1,DBNDD1,PLCD3,MYO18B,MYOF,SPRED2,EZR,DBNDD1,DBNDD1,CDK5RAP2,DBNDD1,SLC39A8,MAPK10,EPHA4,DBNDD1,MYO1C,DBNDD1,PDGFD,SEC24C,DBNDD1,DBNDD1,ITGA6,BAG3,NOTCH4,DBNDD1,DBNDD1,DBNDD1,DBNDD1,DBNDD1,DBNDD1,ERBB4,DBNDD1,DBNDD1,DBNDD1,DBNDD1,DBNDD1,DBNDD1,DBNDD1,DBNDD1,DBNDD1,DBNDD1,DBNDD1,PTGER4,DBNDD1,DBNDD1,DBNDD1,DBNDD1,DBNDD1,DBNDD1,TNIP1,DBNDD1,DBNDD1,DBNDD1,CEP164,DBNDD1,ITGA4,MTMR15,DBNDD1,UBA5,DBNDD1,DBNDD1,DBNDD1,DBNDD1,DBNDD1,DBNDD1,DBNDD1,RPS14,SRSF7,NRP2,DBNDD1,ATP5O,DBNDD1,COL6A2
GNAO1,DNAJC1,SLC25A5,ALS2,ALS2,ALS2,NOC2L,SLC30A1,RAB11FIP4,ALS2,ALS2,ALS2,ALS2,ALS2,ALS2,ALS2,ALS2,POLR2L,ATP5MPL,ALS2,ALS2,FBN1,ALS2,ALS2,ALS2,ALS2,ARHGEF16,ALS2,ALS2,PLD1,EIF4E3,ZNF497,ATAD3C,ICAM1,ALS2,ALS2,RABEPK,ALS2,ATP8B4,RAB5A,EPHA3,ALS2,RAB34,ALS2,FBN1,SLC39A14,ALS2,ALS2,SLC39A14,HSPB8,HNRNPD,ALS2,ALS2,ALS2,ALS2,ALS2,ALS2,FAM120A,ALS2,ALS2,ALS2,ALS2,ALS2,ALS2,ALS2,ALS2,ALS2,ALS2,ALS2,VAV3,ALS2,ALS2,ALS2,ALS2,ALS2,ALS2,BIRC3,ALS2,ALS2,ALS2,GLT8D1,ALS2,RAP1A,SLC2A3,ALS2,ATP13A4,ALS2,ALS2,ALS2,ALS2,ALS2,ALS2,ALS2,RPS20,NFYB,VEGFR3,ALS2,ATP5A1,ALS2,COL6A3
GNAI3,GNB1,LYN,CASP10,CASP10,CASP10,SLC39A13,RAB1A,RAB11FIP5,CASP10,CASP10,CASP10,CASP10,CASP10,CASP10,CASP10,CASP10,CDC20,SLC25A39,CASP10,CASP10,PDGFD,CASP10,CASP10,CASP10,CASP10,EIF2B5,CASP10,CASP10,PLD2,FBXO2,KIAA0947,SSPN,ITGAM,CASP10,CASP10,WRAP53,CASP10,APOC1,STXBP1,EPHA8,CASP10,SLC35C1,CASP10,PCDHGA12,CAV1,CASP10,CASP10,SLC25A17,HSPA6,ATP1B2,CASP10,CASP10,CASP10,CASP10,CASP10,CASP10,FAT1,CASP10,CASP10,CASP10,CASP10,CASP10,CASP10,CASP10,CASP10,CASP10,CASP10,CASP10,TGFBR2,CASP10,CASP10,CASP10,CASP10,CASP10,CASP10,BCL2A1,CASP10,CASP10,CASP10,SLC39A11,CASP10,CD44,DAPP1,CASP10,MYO1C,CASP10,CASP10,CASP10,CASP10,CASP10,CASP10,CASP10,RPS17,SEC24C,TGFBR1,CASP10,ATP5C1,CASP10,COL18A1
GNAQ,UBOX5,DHX37,CFLAR,CFLAR,CFLAR,HLTF,PFN1,RAB11FIP2,CFLAR,CFLAR,CFLAR,CFLAR,CFLAR,CFLAR,CFLAR,CFLAR,CEP55,NDUFB3,CFLAR,CFLAR,PRKCB,CFLAR,CFLAR,CFLAR,CFLAR,SEC61A1,CFLAR,CFLAR,PLEKHA1,HSPA8,GTF2H3,ZNF695,LCP1,CFLAR,CFLAR,RAB3GAP2,CFLAR,APOC4,VAMP3,EPHA5,CFLAR,RAB3D,CFLAR,PCDHGA11,NUP160,CFLAR,CFLAR,TNFRSF10B,HSPA7,MTND4P15,CFLAR,CFLAR,CFLAR,CFLAR,CFLAR,CFLAR,FAT4,CFLAR,CFLAR,CFLAR,CFLAR,CFLAR,CFLAR,CFLAR,CFLAR,CFLAR,CFLAR,CFLAR,IL1R1,CFLAR,CFLAR,CFLAR,CFLAR,CFLAR,CFLAR,RELB,CFLAR,CFLAR,CFLAR,ICAM1,CFLAR,VAV1,RAB11FIP1,CFLAR,KIF1B,CFLAR,CFLAR,CFLAR,CFLAR,CFLAR,CFLAR,CFLAR,RPS26,MED17,TGFBR2,CFLAR,ATP5D,CFLAR,FLNA
GNA14,RAB3GAP1,RAB2A,TFPI,TFPI,TFPI,PRDM16,SEC24C,RAB11FIP2,TFPI,TFPI,TFPI,TFPI,TFPI,TFPI,TFPI,TFPI,NDC80,CYCS,TFPI,TFPI,LTBP1,TFPI,TFPI,TFPI,TFPI,SLC35C1,TFPI,TFPI,PLEKHA7,HSP90AB1,MED17,TAS1R3,PECAM1,TFPI,TFPI,LYN,TFPI,APOE,ARF6,EPHA10,TFPI,RAB2A,TFPI,PCDHGA10,GNA15,TFPI,TFPI,GFPT1,HSPA9,MTND4P14,TFPI,TFPI,TFPI,TFPI,TFPI,TFPI,FBLN2,TFPI,TFPI,TFPI,TFPI,TFPI,TFPI,TFPI,TFPI,TFPI,TFPI,TFPI,LTB4R,TFPI,TFPI,TFPI,TFPI,TFPI,TFPI,NFKB1,TFPI,TFPI,TFPI,CAMK2B,TFPI,KDR,CLIC4,TFPI,SLC25A17,TFPI,TFPI,TFPI,TFPI,TFPI,TFPI,TFPI,RPS24,GOLGA6L2,ACVR1,TFPI,ATP6V0A1,TFPI,VWF
GNA15,PIGL,SLC35E2,NDUFAF7,NDUFAF7,NDUFAF7,CREB3L1,RAB10,RAB18,NDUFAF7,NDUFAF7,NDUFAF7,NDUFAF7,NDUFAF7,NDUFAF7,NDUFAF7,NDUFAF7,ANLN,COX7A2L,NDUFAF7,NDUFAF7,TGFBR2,NDUFAF7,NDUFAF7,NDUFAF7,NDUFAF7,NDUFAF7,NDUFAF7,NDUFAF7,PLK1,HSPA9,GNB4,AIRE,PTPRC,NDUFAF7,NDUFAF7,PRKCB,NDUFAF7,LRP1,HSPA8,EFNB2,NDUFAF7,RAB3C,NDUFAF7,PCDHGA9,CLTB,NDUFAF7,NDUFAF7,CDCA7L,HSPA14,MTND1P44,NDUFAF7,NDUFAF7,NDUFAF7,NDUFAF7,NDUFAF7,NDUFAF7,FERMT3,NDUFAF7,NDUFAF7,NDUFAF7,NDUFAF7,NDUFAF7,NDUFAF7,NDUFAF7,NDUFAF7,NDUFAF7,NDUFAF7,NDUFAF7,GNA13,NDUFAF7,NDUFAF7,NDUFAF7,NDUFAF7,NDUFAF7,NDUFAF7,REL,NDUFAF7,NDUFAF7,NDUFAF7,SLC35C2,NDUFAF7,FLT1,FLOT1,NDUFAF7,RAB2A,NDUFAF7,NDUFAF7,NDUFAF7,NDUFAF7,NDUFAF7,NDUFAF7,NDUFAF7,RPS27,SLC25A5,ACVR2A,NDUFAF7,ATP6V0C,NDUFAF7,LAMA4
GNAZ,SLC25A12,RAB33A,RBM5,RBM5,RBM5,TAS1R3,RAB11A,RAB1A,RBM5,RBM5,RBM5,RBM5,RBM5,RBM5,RBM5,RBM5,KIF20B,ATP5F1A,RBM5,RBM5,SMAD3,RBM5,RBM5,RBM5,RBM5,TMEM176A,RBM5,RBM5,PLK2,HSPH1,VARS,PGBD5,PTPN6,RBM5,RBM5,GNAI3,RBM5,CELSR2,HSP90AA1,EFNB3,RBM5,RAB38,RBM5,PCDHGA7,CAPN5,RBM5,RBM5,HSPA8,HSPBAP1,MTATP8P1,RBM5,RBM5,RBM5,RBM5,RBM5,RBM5,GABBR1,RBM5,RBM5,RBM5,RBM5,RBM5,RBM5,RBM5,RBM5,RBM5,RBM5,RBM5,F2RL1,RBM5,RBM5,RBM5,RBM5,RBM5,RBM5,CD40,RBM5,RBM5,RBM5,ATP1B2,RBM5,FLT4,ATP1B3,RBM5,LYN,RBM5,RBM5,RBM5,RBM5,RBM5,RBM5,RBM5,RPS29,RPS27A,ACVR2B,RBM5,ATP6V0D,RBM5,ITGA1
GNAS,LAPTM5,TOMM22,MTMR7,MTMR7,MTMR7,GNB3,VAMP3,RAB1B,MTMR7,MTMR7,MTMR7,MTMR7,MTMR7,MTMR7,MTMR7,MTMR7,HJURP,ATP5MC2,MTMR7,MTMR7,SMAD4,MTMR7,MTMR7,MTMR7,MTMR7,SEC24C,MTMR7,MTMR7,PLK3,DNAJB1,SEC24C,AKAP13,RHOH,MTMR7,MTMR7,GNG12,MTMR7,SORT1,HSP90AB1,EFNA1,MTMR7,RAB5A,MTMR7,PCDHGA6,SCAMP1,MTMR7,MTMR7,VAMP2,HSPH2,MTATP6P1,MTMR7,MTMR7,MTMR7,MTMR7,MTMR7,MTMR7,GJA1,MTMR7,MTMR7,MTMR7,MTMR7,MTMR7,MTMR7,MTMR7,MTMR7,MTMR7,MTMR7,MTMR7,S1PR2,MTMR7,MTMR7,MTMR7,MTMR7,MTMR7,MTMR7,LTB,MTMR7,MTMR7,MTMR7,CDK5R1,MTMR7,ITGAM,SLC39A14,MTMR7,TMEM176A,MTMR7,MTMR7,MTMR7,MTMR7,MTMR7,MTMR7,MTMR7,RPL3,GNB4,BMPR1A,MTMR7,ATP6V1A,MTMR7,ITGA8
GNAL,ARF4,SLC39A14,SLC7A2,SLC7A2,SLC7A2,GNAS,STXBP4,RAB21,SLC7A2,SLC7A2,SLC7A2,SLC7A2,SLC7A2,SLC7A2,SLC7A2,SLC7A2,CDCA3,UQCRB,SLC7A2,SLC7A2,SMAD2,SLC7A2,SLC7A2,SLC7A2,SLC7A2,NOTCH2NL,SLC7A2,SLC7A2,PLK4,DNAJB4,RAB3IL1,MYO18B,VLA4,SLC7A2,SLC7A2,GNGT2,SLC7A2,PPP1R1B,AHSA1,EFNA4,SLC7A2,RAB5C,SLC7A2,PCDHGA5,RAB11FIP1,SLC7A2,SLC7A2,SLC2A3,HSP40,MTCO3P12,SLC7A2,SLC7A2,SLC7A2,SLC7A2,SLC7A2,SLC7A2,GNA13,SLC7A2,SLC7A2,SLC7A2,SLC7A2,SLC7A2,SLC7A2,SLC7A2,SLC7A2,SLC7A2,SLC7A2,SLC7A2,ROCK2,SLC7A2,SLC7A2,SLC7A2,SLC7A2,SLC7A2,SLC7A2,TNFSF11,SLC7A2,SLC7A2,SLC7A2,ARHGEF18,SLC7A2,ITGAX,RAB3IL1,SLC7A2,SEC24C,SLC7A2,SLC7A2,SLC7A2,SLC7A2,SLC7A2,SLC7A2,SLC7A2,RPL10A,EIF3E,BMPR1B,SLC7A2,ATP6V1B,SLC7A2,LAMA1
GNAT1,PIGM,EIF2B3,ARF5,ARF5,ARF5,ADCY10,SNAP23,RAB22A,ARF5,ARF5,ARF5,ARF5,ARF5,ARF5,ARF5,ARF5,DTL,COX6A1,ARF5,ARF5,ID1,ARF5,ARF5,ARF5,ARF5,PRSS55,ARF5,ARF5,PLXNA1,DNAJC15,TMEM176A,SLC25A46,ACTB,ARF5,ARF5,GRK5,ARF5,MYLK,FKBP4,EFNB1,ARF5,RAB7A,ARF5,PCDHGA4,GGA1,ARF5,ARF5,MRPS18B,HSP70,MTCO3P11,ARF5,ARF5,ARF5,ARF5,ARF5,ARF5,GNG12,ARF5,ARF5,ARF5,ARF5,ARF5,ARF5,ARF5,ARF5,ARF5,ARF5,ARF5,CAMK2B,ARF5,ARF5,ARF5,ARF5,ARF5,ARF5,TNFSF13B,ARF5,ARF5,ARF5,SLC25A13,ARF5,ITGB1,STXBP1,ARF5,SLC39A14,ARF5,ARF5,ARF5,ARF5,ARF5,ARF5,ARF5,RPL8,SEC16A,BMPR2,ARF5,ATP6V1C1,ARF5,LAMB1
GNAT2,SLC39A14,RAB31,SARM1,SARM1,SARM1,CALCR,STX1A,RAB23,SARM1,SARM1,SARM1,SARM1,SARM1,SARM1,SARM1,SARM1,EXO1,ATP5MC1,SARM1,SARM1,ID3,SARM1,SARM1,SARM1,SARM1,RAB11FIP1,SARM1,SARM1,PLXNA2,DNAJA1,NOTCH2,IFT172,ACTG1,SARM1,SARM1,PLCB1,SARM1,KCNK9,STIP1,EPHA6,SARM1,RAB7C,SARM1,PCDHGA3,PIP5K1C,SARM1,SARM1,HMGCS,HSP90,MTCO2P13,SARM1,SARM1,SARM1,SARM1,SARM1,SARM1,GPR158,SARM1,SARM1,SARM1,SARM1,SARM1,SARM1,SARM1,SARM1,SARM1,SARM1,SARM1,ITGA4,SARM1,SARM1,SARM1,SARM1,SARM1,SARM1,TNFSF13,SARM1,SARM1,SARM1,INTS1,SARM1,ICAM1,SLC35C2,SARM1,SLC30A1,SARM1,SARM1,SARM1,SARM1,SARM1,SARM1,SARM1,RPL13,SLC35C1,ENG,SARM1,ATP6V1D,SARM1,LAMB2
GNAD1,SLC25A3,SEC24C,POLDIP2,POLDIP2,POLDIP2,PRKCB,RAB3D,RAB27A,POLDIP2,POLDIP2,POLDIP2,POLDIP2,POLDIP2,POLDIP2,POLDIP2,POLDIP2,FEN1,ATP5F1B,POLDIP2,POLDIP2,JUN,POLDIP2,POLDIP2,POLDIP2,POLDIP2,RUFY1,POLDIP2,POLDIP2,PLXNA3,FKBP4,ACAP1,INPP5F,ANXA5,POLDIP2,POLDIP2,PLCB4,POLDIP2,IL1R1,PTGES3,PLXNA4,POLDIP2,RAB8A,POLDIP2,PCDHGA2,DNM1,POLDIP2,POLDIP2,ARHGDIA,HSP100,MTCO1P26,POLDIP2,POLDIP2,POLDIP2,POLDIP2,POLDIP2,POLDIP2,GRIN2B,POLDIP2,POLDIP2,POLDIP2,POLDIP2,POLDIP2,POLDIP2,POLDIP2,POLDIP2,POLDIP2,POLDIP2,POLDIP2,RAPGEF1,POLDIP2,POLDIP2,POLDIP2,POLDIP2,POLDIP2,POLDIP2,TNFSF14,POLDIP2,POLDIP2,POLDIP2,NFKBID,POLDIP2,ICAM3,APBB1IP,POLDIP2,RAB11FIP1,POLDIP2,POLDIP2,POLDIP2,POLDIP2,POLDIP2,POLDIP2,POLDIP2,RPL7,RPL35,INHBA,POLDIP2,ATP6V1E1,POLDIP2,COL1A1
GNAM,PIGQ,RAB34,PLXND1,PLXND1,PLXND1,PRKAG2,RAB34,RAB27B,PLXND1,PLXND1,PLXND1,PLXND1,PLXND1,PLXND1,PLXND1,PLXND1,RFC1,COX4I1,PLXND1,PLXND1,FOS,PLXND1,PLXND1,PLXND1,PLXND1,ATP5F1A,PLXND1,PLXND1,PLXNA4,PPIA,RAB11FIP1,FRMD4A,CORO1A,PLXND1,PLXND1,PLCB2,PLXND1,IL18R1,EEF2,PLXNA2,PLXND1,RAB8B,PLXND1,PCDHGA1,GABBR1,PLXND1,PLXND1,EIF4EBP1,HSP270,MTCYB,PLXND1,PLXND1,PLXND1,PLXND1,PLXND1,PLXND1,ITGA10,PLXND1,PLXND1,PLXND1,PLXND1,PLXND1,PLXND1,PLXND1,PLXND1,PLXND1,PLXND1,PLXND1,TLR2,PLXND1,PLXND1,PLXND1,PLXND1,PLXND1,PLXND1,TNFSF4,PLXND1,PLXND1,PLXND1,SLC30A7,PLXND1,VCAM1,ITGB1,PLXND1,ATP6V1H,PLXND1,PLXND1,PLXND1,PLXND1,PLXND1,PLXND1,PLXND1,RPL6,RPS24,INHBB,PLXND1,ATP6AP1,PLXND1,COL1A2
GNAB,SLC25A17,SLC35C1,AK2,AK2,AK2,PRKAG1,RAB35,RAB2A,AK2,AK2,AK2,AK2,AK2,AK2,AK2,AK2,TIMELESS,UQCRC2,AK2,AK2,EGR1,AK2,AK2,AK2,AK2,CEP164,AK2,AK2,PLXNB1,SRP9,ICAM1,ARHGEF15,FLNA,AK2,AK2,PLCB3,AK2,IL6R,EEF1A1,PLXNA1,AK2,RAB10,AK2,PCDHGA8,RAB1B,AK2,AK2,EIF4A1,HSPBP1,MTND6,AK2,AK2,AK2,AK2,AK2,AK2,ITGA7,AK2,AK2,AK2,AK2,AK2,AK2,AK2,AK2,AK2,AK2,AK2,PTK2B,AK2,AK2,AK2,AK2,AK2,AK2,LIGHT,AK2,AK2,AK2,RABEPK,AK2,CD36,VAMP3,AK2,SH3GL2,AK2,AK2,AK2,AK2,AK2,AK2,AK2,RPL4,RPL11,TGFB1,AK2,ATP6AP2,AK2,COL5A1
GNG1,SLC25A21,RAB38,CD38,CD38,CD38,PRKAA1,RAB3C,RAB31,CD38,CD38,CD38,CD38,CD38,CD38,CD38,CD38,TICRR,ATP5E,CD38,CD38,NR4A2,CD38,CD38,CD38,CD38,FGD4,CD38,CD38,PLXNB2,ST13,DNAJC15,SOHLH2,LCP2,CD38,CD38,PLCD1,CD38,IL6ST,EEF1G,PLXNC1,CD38,RAB11A,CD38,PCDHGB7,PDZD8,CD38,CD38,EIF4G1,HSPCAL1,MTND5,CD38,CD38,CD38,CD38,CD38,CD38,ITGB1,CD38,CD38,CD38,CD38,CD38,CD38,CD38,CD38,CD38,CD38,CD38,MAPK13,CD38,CD38,CD38,CD38,CD38,CD38,CD27,CD38,CD38,CD38,GNB1,CD38,CDH5,ARF6,CD38,SEC22B,CD38,CD38,CD38,CD38,CD38,CD38,CD38,RPL12,RPS13,TGFB2,CD38,SLC25A3,CD38,COL5A2
GNGT1,TMEM176A,RAB3IL1,FKBP4,FKBP4,FKBP4,PRKAA2,RAB5A,RAB32,FKBP4,FKBP4,FKBP4,FKBP4,FKBP4,FKBP4,FKBP4,FKBP4,GINS2,COX5B,FKBP4,FKBP4,NR4A1,FKBP4,FKBP4,FKBP4,FKBP4,GNB1,FKBP4,FKBP4,PLXNB3,CDC37,SLC25A3,INTS11,PFN1,FKBP4,FKBP4,PLCD3,FKBP4,OSM,EIF2B2,PLXND1,FKBP4,RAB11B,FKBP4,PCDHGB6,RAB5A,FKBP4,FKBP4,EIF3D,HSPCAL2,MTND4L,FKBP4,FKBP4,FKBP4,FKBP4,FKBP4,FKBP4,KCNAB1,FKBP4,FKBP4,FKBP4,FKBP4,FKBP4,FKBP4,FKBP4,FKBP4,FKBP4,FKBP4,FKBP4,IL17RA,FKBP4,FKBP4,FKBP4,FKBP4,FKBP4,FKBP4,CD70,FKBP4,FKBP4,FKBP4,SEC24C,FKBP4,CDH13,STX1A,FKBP4,RABEP1,FKBP4,FKBP4,FKBP4,FKBP4,FKBP4,FKBP4,FKBP4,RPL11,RPS29,TGFB3,FKBP4,SLC25A5,FKBP4,ITGA11
GNG2,SLC25A22,RAB40B,KDM1A,KDM1A,KDM1A,SLC25A4,RAB5C,RAB3A,KDM1A,KDM1A,KDM1A,KDM1A,KDM1A,KDM1A,KDM1A,KDM1A,MCM6,ATP5D,KDM1A,KDM1A,NR4A3,KDM1A,KDM1A,KDM1A,KDM1A,ARHGAP24,KDM1A,KDM1A,PLXDC1,AHSA1,RPS11,CCDC168,VCL,KDM1A,KDM1A,PLCD4,KDM1A,LIFR,EIF2B3,PLXNB2,KDM1A,RAB12,KDM1A,PCDHGB5,AP1G1,KDM1A,KDM1A,EIF3H,HSPCAP,MTND4,KDM1A,KDM1A,KDM1A,KDM1A,KDM1A,KDM1A,KCNH2,KDM1A,KDM1A,KDM1A,KDM1A,KDM1A,KDM1A,KDM1A,KDM1A,KDM1A,KDM1A,KDM1A,FZD4,KDM1A,KDM1A,KDM1A,KDM1A,KDM1A,KDM1A,CD40LG,KDM1A,KDM1A,KDM1A,SLC35B1,KDM1A,SELE,GDI1,KDM1A,SLC35F1,KDM1A,KDM1A,KDM1A,KDM1A,KDM1A,KDM1A,KDM1A,RPL23,RPS8,LTBP1,KDM1A,SLC25A6,KDM1A,ITGA2
GNG3,SLC25A5,RAB43,RBM6,RBM6,RBM6,NDUFB9,RAB7A,RAB3C,RBM6,RBM6,RBM6,RBM6,RBM6,RBM6,RBM6,RBM6,MCM4,UQCR11,RBM6,RBM6,NFKB1,RBM6,RBM6,RBM6,RBM6,CEP120,RBM6,RBM6,PLXDC2,BAG3,ARF4,CEP192,WAS,RBM6,RBM6,PLCG1,RBM6,GHRL,EIF2B1,PLXNB1,RBM6,RAB13,RBM6,PCDHGB4,RAB7A,RBM6,RBM6,EIF3L,HSPCAR,MTND3,RBM6,RBM6,RBM6,RBM6,RBM6,RBM6,KCNK1,RBM6,RBM6,RBM6,RBM6,RBM6,RBM6,RBM6,RBM6,RBM6,RBM6,RBM6,LPAR1,RBM6,RBM6,RBM6,RBM6,RBM6,RBM6,TNFSF7,RBM6,RBM6,RBM6,ITGA6,RBM6,SELL,RAB1A,RBM6,RAB3IL1,RBM6,RBM6,RBM6,RBM6,RBM6,RBM6,RBM6,RPL18A,RPS16,LTBP2,RBM6,SLC25A13,RBM6,ITGA3
GNG4,SLC25A6,RAB5A,CAMKK1,CAMKK1,CAMKK1,NDUFS1,RAB7C,RAB3D,CAMKK1,CAMKK1,CAMKK1,CAMKK1,CAMKK1,CAMKK1,CAMKK1,CAMKK1,MCM7,COX6B1,CAMKK1,CAMKK1,RELA,CAMKK1,CAMKK1,CAMKK1,CAMKK1,LRRC8A,CAMKK1,CAMKK1,PMAIP1,HSPB1,ZBTB4,WDR90,ACTR2,CAMKK1,CAMKK1,PLCG2,CAMKK1,ADCYAP1R1,EIF3B,PLXDC2,CAMKK1,RAB14,CAMKK1,PCDHGB3,GGA3,CAMKK1,CAMKK1,EIF3A,HSPCAS,MTND2,CAMKK1,CAMKK1,CAMKK1,CAMKK1,CAMKK1,CAMKK1,KCNMA1,CAMKK1,CAMKK1,CAMKK1,CAMKK1,CAMKK1,CAMKK1,CAMKK1,CAMKK1,CAMKK1,CAMKK1,CAMKK1,MAP3K5,CAMKK1,CAMKK1,CAMKK1,CAMKK1,CAMKK1,CAMKK1,CD84,CAMKK1,CAMKK1,CAMKK1,SLC35A1,CAMKK1,SELP,RAB3D,CAMKK1,RAB27A,CAMKK1,CAMKK1,CAMKK1,CAMKK1,CAMKK1,CAMKK1,CAMKK1,RPL22,RPL31,LTBP3,CAMKK1,SLC25A16,CAMKK1,ITGA9
GNG5,SLC25A4,RAB5C,RECQL,RECQL,RECQL,NDUFA13,RAB8A,RAB38,RECQL,RECQL,RECQL,RECQL,RECQL,RECQL,RECQL,RECQL,MCM5,UQCRH,RECQL,RECQL,RELB,RECQL,RECQL,RECQL,RECQL,PIK3R1,RECQL,RECQL,PMEL,HSPB8,RAB3IP,ARL14EP,ARPC2,RECQL,RECQL,PRKCA,RECQL,VIPR1,EIF3H,PLXDC1,RECQL,RAB18,RECQL,PCDHGB2,RAB9A,RECQL,RECQL,EIF3C,HSPCC,MTND1,RECQL,RECQL,RECQL,RECQL,RECQL,RECQL,KCNQ2,RECQL,RECQL,RECQL,RECQL,RECQL,RECQL,RECQL,RECQL,RECQL,RECQL,RECQL,AXL,RECQL,RECQL,RECQL,RECQL,RECQL,RECQL,SLAMF1,RECQL,RECQL,RECQL,MYO1B,RECQL,ESAM,STXBP2,RECQL,RAB3GAP2,RECQL,RECQL,RECQL,RECQL,RECQL,RECQL,RECQL,RPL17,RPS23,ADAM10,RECQL,SLC25A17,RECQL,ITGAE
GNG7,SLC25A13,RAB6A,VPS50,VPS50,VPS50,UQCRFS1,RAB8B,RAB39B,VPS50,VPS50,VPS50,VPS50,VPS50,VPS50,VPS50,VPS50,MCM2,ATP5C1,VPS50,VPS50,NFKB2,VPS50,VPS50,VPS50,VPS50,SLC35B1,VPS50,VPS50,PML,HSPB2,CCDC69,SLC39A1,CTTN,VPS50,VPS50,PRKCD,VPS50,VIPR2,EIF3L,SEMA6A,VPS50,RAB20,VPS50,PCDHGB1,RABEP1,VPS50,VPS50,EIF3E,HSPCD,MTCYB,VPS50,VPS50,VPS50,VPS50,VPS50,VPS50,KCNQ3,VPS50,VPS50,VPS50,VPS50,VPS50,VPS50,VPS50,VPS50,VPS50,VPS50,VPS50,ITGB2,VPS50,VPS50,VPS50,VPS50,VPS50,VPS50,SLAMF6,VPS50,VPS50,VPS50,RAB11FIP1,VPS50,PECAM1,RAB5A,VPS50,RAB10,VPS50,VPS50,VPS50,VPS50,VPS50,VPS50,VPS50,RPL31,RPS10,ADAM17,VPS50,SLC25A24,VPS50,ITGAL
GNG8,SLC25A19,RAB6C,HSPB6,HSPB6,HSPB6,UQCRB,RABGAP1,RAB39B,HSPB6,HSPB6,HSPB6,HSPB6,HSPB6,HSPB6,HSPB6,HSPB6,ORC6,UQCRQ,HSPB6,HSPB6,MAPK1,HSPB6,HSPB6,HSPB6,HSPB6,VAMP3,HSPB6,HSPB6,PMP2,HSPB3,PRPSAP2,RAB3IL1,DIAPH1,HSPB6,HSPB6,PRKCE,HSPB6,HRH1,EIF3E,SEMA6B,HSPB6,RAB21,HSPB6,PCDHGC5,RABIF,HSPB6,HSPB6,EIF3K,HSPCE,MTCO1,HSPB6,HSPB6,HSPB6,HSPB6,HSPB6,HSPB6,LRRK1,HSPB6,HSPB6,HSPB6,HSPB6,HSPB6,HSPB6,HSPB6,HSPB6,HSPB6,HSPB6,HSPB6,MAPK14,HSPB6,HSPB6,HSPB6,HSPB6,HSPB6,HSPB6,SLAMF7,HSPB6,HSPB6,HSPB6,ATP1A2,HSPB6,MCAM,RAB7A,HSPB6,RAB11FIP2,HSPB6,HSPB6,HSPB6,HSPB6,HSPB6,HSPB6,HSPB6,RPL28,RPS19,MMP2,HSPB6,SLC25A25,HSPB6,ITGAM
GNG10,SLC25A20,RAB7A,ARHGAP33,ARHGAP33,ARHGAP33,UQCRC1,RABIF,RAB3C,ARHGAP33,ARHGAP33,ARHGAP33,ARHGAP33,ARHGAP33,ARHGAP33,ARHGAP33,ARHGAP33,ORC1,COX7A2,ARHGAP33,ARHGAP33,MAPK3,ARHGAP33,ARHGAP33,ARHGAP33,ARHGAP33,ARCN1,ARHGAP33,ARHGAP33,PMP22,HSPB6,VTA1,INTS7,DOCK2,ARHGAP33,ARHGAP33,PRKCG,ARHGAP33,HRH2,EIF4A1,SEMA6C,ARHGAP33,RAB22A,ARHGAP33,PCDHGC4,AP1S1,ARHGAP33,ARHGAP33,EIF4B,HSPCF,MTCO2,ARHGAP33,ARHGAP33,ARHGAP33,ARHGAP33,ARHGAP33,ARHGAP33,MYO1C,ARHGAP33,ARHGAP33,ARHGAP33,ARHGAP33,ARHGAP33,ARHGAP33,ARHGAP33,ARHGAP33,ARHGAP33,ARHGAP33,ARHGAP33,ITGB1,ARHGAP33,ARHGAP33,ARHGAP33,ARHGAP33,ARHGAP33,ARHGAP33,SLAMF8,ARHGAP33,ARHGAP33,ARHGAP33,SLC25A3,ARHGAP33,MADCAM1,RABEP1,ARHGAP33,RAB3D,ARHGAP33,ARHGAP33,ARHGAP33,ARHGAP33,ARHGAP33,ARHGAP33,ARHGAP33,RPL35,RPL34,MMP9,ARHGAP33,SLC25A29,ARHGAP33,ITGAV
GNG11,SLC25A16,RAB7L1,NDUFAB1,NDUFAB1,NDUFAB1,UQCRC2,RABEP1,RAB40A,NDUFAB1,NDUFAB1,NDUFAB1,NDUFAB1,NDUFAB1,NDUFAB1,NDUFAB1,NDUFAB1,CDC6,UQCRFS1,NDUFAB1,NDUFAB1,MAPK14,NDUFAB1,NDUFAB1,NDUFAB1,NDUFAB1,RAB1A,NDUFAB1,NDUFAB1,PMS1,HSPBAP1,RAB2A,INTS6,FERMT3,NDUFAB1,NDUFAB1,PRKCH,NDUFAB1,HRH3,EIF4B,SEMA6D,NDUFAB1,RAB23,NDUFAB1,PCDHGC3,RAB4A,NDUFAB1,NDUFAB1,EIF5A,HSPCG,MTCO3,NDUFAB1,NDUFAB1,NDUFAB1,NDUFAB1,NDUFAB1,NDUFAB1,MYO5A,NDUFAB1,NDUFAB1,NDUFAB1,NDUFAB1,NDUFAB1,NDUFAB1,NDUFAB1,NDUFAB1,NDUFAB1,NDUFAB1,NDUFAB1,FLT1,NDUFAB1,NDUFAB1,NDUFAB1,NDUFAB1,NDUFAB1,NDUFAB1,SLAMF9,NDUFAB1,NDUFAB1,NDUFAB1,SLC25A12,NDUFAB1,JAM2,RAB4A,NDUFAB1,RAB38,NDUFAB1,NDUFAB1,NDUFAB1,NDUFAB1,NDUFAB1,NDUFAB1,NDUFAB1,RPL34,RPL27,TIMP1,NDUFAB1,SLC25A31,NDUFAB1,ITGAX
GNG12,SLC25A15,RAB8A,PDK4,PDK4,PDK4,COX7A2,RGS9,RAB40B,PDK4,PDK4,PDK4,PDK4,PDK4,PDK4,PDK4,PDK4,PRIM1,COX8A,PDK4,PDK4,MAPK8,PDK4,PDK4,PDK4,PDK4,RPS6KA2,PDK4,PDK4,PMS2,HSPBP1,RABEPK1,CLPP,FLI1,PDK4,PDK4,PRKCI,PDK4,HTR1A,EIF4G1,SEMA3A,PDK4,RAB25,PDK4,PCDHGC2,RAB22A,PDK4,PDK4,EIF2S1,HSPCH1,ATP8,PDK4,PDK4,PDK4,PDK4,PDK4,PDK4,MYO9B,PDK4,PDK4,PDK4,PDK4,PDK4,PDK4,PDK4,PDK4,PDK4,PDK4,PDK4,FLT4,PDK4,PDK4,PDK4,PDK4,PDK4,PDK4,SLAMF10,PDK4,PDK4,PDK4,SLC35A2,PDK4,JAM3,RAB11A,PDK4,RAB3C,PDK4,PDK4,PDK4,PDK4,PDK4,PDK4,PDK4,RPL39,RPS12,TIMP2,PDK4,SLC25A32,PDK4,ITGB2
GNG13,SLC25A14,RAB8B,SLC22A16,SLC22A16,SLC22A16,COX6C,RGS10,RAB40C,SLC22A16,SLC22A16,SLC22A16,SLC22A16,SLC22A16,SLC22A16,SLC22A16,SLC22A16,PRIM2,ATP6V1B2,SLC22A16,SLC22A16,MAPK9,SLC22A16,SLC22A16,SLC22A16,SLC22A16,RAB3IL1,SLC22A16,SLC22A16,PNN,HSP40,CHMP4C,DNAH17,ITGAX,SLC22A16,SLC22A16,PRKCQ,SLC22A16,HTR1B,EIF5A,SEMA3B,SLC22A16,RAB27A,SLC22A16,PCDHGC1,RAB31,SLC22A16,SLC22A16,EIF2B2,HSPCH2,ATP6,SLC22A16,SLC22A16,SLC22A16,SLC22A16,SLC22A16,SLC22A16,NEDD9,SLC22A16,SLC22A16,SLC22A16,SLC22A16,SLC22A16,SLC22A16,SLC22A16,SLC22A16,SLC22A16,SLC22A16,SLC22A16,P2RY1,SLC22A16,SLC22A16,SLC22A16,SLC22A16,SLC22A16,SLC22A16,SLAMF12,SLC22A16,SLC22A16,SLC22A16,SLC25A17,SLC22A16,CD34,RAB33A,SLC22A16,RAB39B,SLC22A16,SLC22A16,SLC22A16,SLC22A16,SLC22A16,SLC22A16,SLC22A16,RPL37,RPL36A,COL1A1,SLC22A16,SLC25A33,SLC22A16,ITGB3
GNGT2,SLC25A28,RAB9A,ZMYND10,ZMYND10,ZMYND10,COX6B1,RGS1,RAB43,ZMYND10,ZMYND10,ZMYND10,ZMYND10,ZMYND10,ZMYND10,ZMYND10,ZMYND10,UNG,ATP6V1G2,ZMYND10,ZMYND10,MAPK10,ZMYND10,ZMYND10,ZMYND10,ZMYND10,RAB5C,ZMYND10,ZMYND10,PNPLA1,HSP70,RAB1B,ARMC10,MSN,ZMYND10,ZMYND10,PRKCSH,ZMYND10,HTR1D,EIF5B,SEMA3C,ZMYND10,RAB27B,ZMYND10,PCDHGA3,RAB34,ZMYND10,ZMYND10,EIF2B3,HSPCH3,COX3,ZMYND10,ZMYND10,ZMYND10,ZMYND10,ZMYND10,ZMYND10,NFATC3,ZMYND10,ZMYND10,ZMYND10,ZMYND10,ZMYND10,ZMYND10,ZMYND10,ZMYND10,ZMYND10,ZMYND10,ZMYND10,P2RY2,ZMYND10,ZMYND10,ZMYND10,ZMYND10,ZMYND10,ZMYND10,SLAMF14,ZMYND10,ZMYND10,ZMYND10,SLC25A6,ZMYND10,CD31,RAB34,ZMYND10,RAB6A,ZMYND10,ZMYND10,ZMYND10,ZMYND10,ZMYND10,ZMYND10,ZMYND10,RPL36,RPLP0,COL1A2,ZMYND10,SLC25A36,ZMYND10,ITGB4
GNAS1,SLC25A27,RAB9B,ABCB5,ABCB5,ABCB5,COX4I1,RGS4,RAB4A,ABCB5,ABCB5,ABCB5,ABCB5,ABCB5,ABCB5,ABCB5,ABCB5,PCNA,ATP6AP1,ABCB5,ABCB5,JNK1,ABCB5,ABCB5,ABCB5,ABCB5,RAB34,ABCB5,ABCB5,PNPLA2,HSP90,RAB34,ZC3H11B,MYO1G,ABCB5,ABCB5,PRKCZ,ABCB5,HTR2A,RPS3,SEMA3D,ABCB5,RAB28,ABCB5,PCDHGA4,RAB39B,ABCB5,ABCB5,EIF2B1,HSPCH4,COX2,ABCB5,ABCB5,ABCB5,ABCB5,ABCB5,ABCB5,NLRP1,ABCB5,ABCB5,ABCB5,ABCB5,ABCB5,ABCB5,ABCB5,ABCB5,ABCB5,ABCB5,ABCB5,P2RY6,ABCB5,ABCB5,ABCB5,ABCB5,ABCB5,ABCB5,SLAMF15,ABCB5,ABCB5,ABCB5,SLC25A5,ABCB5,CD146,RAB39B,ABCB5,RAB1A,ABCB5,ABCB5,ABCB5,ABCB5,ABCB5,ABCB5,ABCB5,RPL41,RPLP1,COL3A1,ABCB5,SLC25A37,ABCB5,ITGB5
GNB2,SLC25A25,RAB10,SLC25A13,SLC25A13,SLC25A13,COX5A,RGS13,RAB4B,SLC25A13,SLC25A13,SLC25A13,SLC25A13,SLC25A13,SLC25A13,SLC25A13,SLC25A13,LIG1,ATP6V1H,SLC25A13,SLC25A13,JNK2,SLC25A13,SLC25A13,SLC25A13,SLC25A13,RAB2A,SLC25A13,SLC25A13,PNPLA3,HSP100,RAB5A,SLC35F3,NCKAP1L,SLC25A13,SLC25A13,GNAQ,SLC25A13,HTR2B,RPS5,SEMA3E,SLC25A13,RAB29,SLC25A13,PCDHGA5,RAB40B,SLC25A13,SLC25A13,EIF2D,HSPCH5,COX1,SLC25A13,SLC25A13,SLC25A13,SLC25A13,SLC25A13,SLC25A13,NTNG1,SLC25A13,SLC25A13,SLC25A13,SLC25A13,SLC25A13,SLC25A13,SLC25A13,SLC25A13,SLC25A13,SLC25A13,SLC25A13,P2RY12,SLC25A13,SLC25A13,SLC25A13,SLC25A13,SLC25A13,SLC25A13,CD28,SLC25A13,SLC25A13,SLC25A13,SLC25A4,SLC25A13,CXADR,RAB3C,SLC25A13,RAB32,SLC25A13,SLC25A13,SLC25A13,SLC25A13,SLC25A13,SLC25A13,SLC25A13,RPL40,RPLP2,COL4A1,SLC25A13,SLC25A38,SLC25A13,ITGB6
GNB3,SLC25A24,RAB11A,ST7,ST7,ST7,COX5B,RGS2,RAB5A,ST7,ST7,ST7,ST7,ST7,ST7,ST7,ST7,POLE,ATP6V0A1,ST7,ST7,JNK3,ST7,ST7,ST7,ST7,RAB3D,ST7,ST7,PNPLA5,CCT2,RAB7A,PIGX,PAK1,ST7,ST7,GNA14,ST7,HTR2C,RPS6,SEMA3F,ST7,RAB30,ST7,PCDHGA6,RAB43,ST7,ST7,EIF5B,HSPCH6,ND6,ST7,ST7,ST7,ST7,ST7,ST7,PARD3,ST7,ST7,ST7,ST7,ST7,ST7,ST7,ST7,ST7,ST7,ST7,P2RY14,ST7,ST7,ST7,ST7,ST7,ST7,CD80,ST7,ST7,ST7,SLC25A39,ST7,CLDN5,RAB3GAP2,ST7,RAB13,ST7,ST7,ST7,ST7,ST7,ST7,ST7,RPLP2,RPS15A,COL4A2,ST7,SLC25A39,ST7,ITGB7
GNB4,SLC25A23,RAB11B,CDC27,CDC27,CDC27,ATP5F1B,RGS12,RAB5C,CDC27,CDC27,CDC27,CDC27,CDC27,CDC27,CDC27,CDC27,POLD3,ATP6V1C2,CDC27,CDC27,ERK1,CDC27,CDC27,CDC27,CDC27,RAB13,CDC27,CDC27,PNPLA6,CCT3,RAB7L1,SEC24C,PALLD,CDC27,CDC27,GNA15,CDC27,HTR3A,RPS8,SEMA3G,CDC27,RAB31,CDC27,PCDHGA7,RAB44,CDC27,CDC27,EIF1,HSPCH7,ND5,CDC27,CDC27,CDC27,CDC27,CDC27,CDC27,PLCB1,CDC27,CDC27,CDC27,CDC27,CDC27,CDC27,CDC27,CDC27,CDC27,CDC27,CDC27,ADORA2A,CDC27,CDC27,CDC27,CDC27,CDC27,CDC27,CD86,CDC27,CDC27,CDC27,SLC25A38,CDC27,TJP1,RAB3IP,CDC27,RAB39A,CDC27,CDC27,CDC27,CDC27,CDC27,CDC27,CDC27,RPLP1,RPS2,COL5A1,CDC27,SLC25A4,CDC27,LAMB3
GNB5,SLC25A32,RAB12,SLC4A1,SLC4A1,SLC4A1,ATP5F1A,RGS14,RAB6A,SLC4A1,SLC4A1,SLC4A1,SLC4A1,SLC4A1,SLC4A1,SLC4A1,SLC4A1,POLD1,ATP6V0C,SLC4A1,SLC4A1,ERK2,SLC4A1,SLC4A1,SLC4A1,SLC4A1,RAB7A,SLC4A1,SLC4A1,PNPLA7,CCT4,RAB9A,SLC35F1,PXN,SLC4A1,SLC4A1,GNA11,SLC4A1,HTR4,RPS10,SEMA4A,SLC4A1,RAB32,SLC4A1,PCDHGA9,RAB27A,SLC4A1,SLC4A1,EIF1AX,HSPCH8,ND4L,SLC4A1,SLC4A1,SLC4A1,SLC4A1,SLC4A1,SLC4A1,PLCB4,SLC4A1,SLC4A1,SLC4A1,SLC4A1,SLC4A1,SLC4A1,SLC4A1,SLC4A1,SLC4A1,SLC4A1,SLC4A1,ADORA2B,SLC4A1,SLC4A1,SLC4A1,SLC4A1,SLC4A1,SLC4A1,CTLA4,SLC4A1,SLC4A1,SLC4A1,SLC25A37,SLC4A1,TJP2,RAB3IP2,SLC4A1,RAB25,SLC4A1,SLC4A1,SLC4A1,SLC4A1,SLC4A1,SLC4A1,SLC4A1,EEF1A1,RPS3,COL5A2,SLC4A1,SLC25A40,SLC4A1,LAMC2
LOC100132288,SLC25A31,RAB13,CALCR,CALCR,CALCR,ATP5C1,RGS19,RAB6C,CALCR,CALCR,CALCR,CALCR,CALCR,CALCR,CALCR,CALCR,PCNA-AS1,ATP6V0E1,CALCR,CALCR,p38,CALCR,CALCR,CALCR,CALCR,RAB21,CALCR,CALCR,PNPO,CCT5,RABGAP1L,CENPW,RAC2,CALCR,CALCR,GNAO1,CALCR,HTR5A,RPS11,SEMA4B,CALCR,RAB36,CALCR,PCDHGA10,RAB27B,CALCR,CALCR,EIF1B,HSPCH9,ND4,CALCR,CALCR,CALCR,CALCR,CALCR,CALCR,PLCD1,CALCR,CALCR,CALCR,CALCR,CALCR,CALCR,CALCR,CALCR,CALCR,CALCR,CALCR,ADORA3,CALCR,CALCR,CALCR,CALCR,CALCR,CALCR,ICOS,CALCR,CALCR,CALCR,SLC25A36,CALCR,OCLN,RAB27A,CALCR,RAB37,CALCR,CALCR,CALCR,CALCR,CALCR,CALCR,CALCR,EEF1G,RPS3A,COL6A1,CALCR,SLC25A43,CALCR,LAMA2
LOC100132560,SLC25A30,RAB14,DVL2,DVL2,DVL2,ATP5D,RGS20,RAB7A,DVL2,DVL2,DVL2,DVL2,DVL2,DVL2,DVL2,DVL2,TOPBP1,ATP6V1E1,DVL2,DVL2,SAPK,DVL2,DVL2,DVL2,DVL2,RAB4B,DVL2,DVL2,PNPT1,CCT6A,RABGEF1,ATP6AP1L,RHOA,DVL2,DVL2,GNA12,DVL2,HTR6,RPS12,SEMA4C,DVL2,RAB37,DVL2,PCDHGA11,RAB29,DVL2,DVL2,EIF4H,HSPCHA,ND3,DVL2,DVL2,DVL2,DVL2,DVL2,DVL2,PLCD3,DVL2,DVL2,DVL2,DVL2,DVL2,DVL2,DVL2,DVL2,DVL2,DVL2,DVL2,EDNRA,DVL2,DVL2,DVL2,DVL2,DVL2,DVL2,PDCD1,DVL2,DVL2,DVL2,SLC25A33,DVL2,CD9,RAB27B,DVL2,RAB31,DVL2,DVL2,DVL2,DVL2,DVL2,DVL2,DVL2,EEF2,RPS4X,COL6A2,DVL2,SLC25A44,DVL2,LAMA3
LOC100133376,SLC25A29,RAB17,PRSS22,PRSS22,PRSS22,ATP5E,RGSB1,RAB7L1,PRSS22,PRSS22,PRSS22,PRSS22,PRSS22,PRSS22,PRSS22,PRSS22,RAD17,ATP6V0D1,PRSS22,PRSS22,c-Jun,PRSS22,PRSS22,PRSS22,PRSS22,RAB10,PRSS22,PRSS22,PNRC1,CCT6B,RABGGTA,RAB2A,SHANK1,PRSS22,PRSS22,GNA13,PRSS22,HTR7,RPS13,SEMA4D,PRSS22,RAB39B,PRSS22,PCDHGA12,RAB30,PRSS22,PRSS22,EIF5AD,HSPCHB,ND2,PRSS22,PRSS22,PRSS22,PRSS22,PRSS22,PRSS22,PLCE1,PRSS22,PRSS22,PRSS22,PRSS22,PRSS22,PRSS22,PRSS22,PRSS22,PRSS22,PRSS22,PRSS22,EDNRB,PRSS22,PRSS22,PRSS22,PRSS22,PRSS22,PRSS22,BTLA,PRSS22,PRSS22,PRSS22,SLC25A32,PRSS22,CD81,RAB2B,PRSS22,RAB12,PRSS22,PRSS22,PRSS22,PRSS22,PRSS22,PRSS22,PRSS22,EIF3G,RPS4Y1,COL7A1,PRSS22,SLC25A45,PRSS22,LAMC3
LOC100133931,SLC25A33,RAB18,UPF1,UPF1,UPF1,ATP6V1B2,RGS3,RAB7L1,UPF1,UPF1,UPF1,UPF1,UPF1,UPF1,UPF1,UPF1,HUS1,ATP6AP2,UPF1,UPF1,c-Fos,UPF1,UPF1,UPF1,UPF1,RAB40B,UPF1,UPF1,PNRC2,CCT7,RABIF,SLC25A39,SHC1,UPF1,UPF1,GNB2,UPF1,TACR1,RPS15A,SEMA4F,UPF1,RAB40A,UPF1,PCDHGB1,RAB38,UPF1,UPF1,EIF3J,HSPCHC,ND1,UPF1,UPF1,UPF1,UPF1,UPF1,UPF1,PLCG1,UPF1,UPF1,UPF1,UPF1,UPF1,UPF1,UPF1,UPF1,UPF1,UPF1,UPF1,HRH2,UPF1,UPF1,UPF1,UPF1,UPF1,UPF1,CD160,UPF1,UPF1,UPF1,SLC25A30,UPF1,CD9P1,RAB38,UPF1,RAB40B,UPF1,UPF1,UPF1,UPF1,UPF1,UPF1,UPF1,EIF3I,RPS5,COL8A1,UPF1,SLC25A46,UPF1,COL13A1
LOC100134015,SLC25A36,RAB19,SKAP2,SKAP2,SKAP2,ATP6V1A,RGS5,RAB8A,SKAP2,SKAP2,SKAP2,SKAP2,SKAP2,SKAP2,SKAP2,SKAP2,RAD9A,ATP6V0A4,SKAP2,SKAP2,c-Myc,SKAP2,SKAP2,SKAP2,SKAP2,RAB18,SKAP2,SKAP2,PNT1,CCT8,RABKINESIN13,RAB3C,SSH1,SKAP2,SKAP2,GNB3,SKAP2,TACR2,RPS16,SEMA4G,SKAP2,RAB40B,SKAP2,PCDHGB2,RAB6A,SKAP2,SKAP2,EIF2S3,HSPCHD,SLC25A13,SKAP2,SKAP2,SKAP2,SKAP2,SKAP2,SKAP2,PLCG2,SKAP2,SKAP2,SKAP2,SKAP2,SKAP2,SKAP2,SKAP2,SKAP2,SKAP2,SKAP2,SKAP2,HRH3,SKAP2,SKAP2,SKAP2,SKAP2,SKAP2,SKAP2,CD244,SKAP2,SKAP2,SKAP2,SLC25A29,SKAP2,CD151,RAB40A,SKAP2,RAB4A,SKAP2,SKAP2,SKAP2,SKAP2,SKAP2,SKAP2,SKAP2,EIF3B,RPS6,COL9A1,SKAP2,SLC25A48,SKAP2,COL14A1
LOC100134045,SLC25A35,RAB20,MCUB,MCUB,MCUB,ATP6AP1,RGS7,RAB8B,MCUB,MCUB,MCUB,MCUB,MCUB,MCUB,MCUB,MCUB,RAD1,ATP6V0B,MCUB,MCUB,STAT1,MCUB,MCUB,MCUB,MCUB,RAB38,MCUB,MCUB,POLD1,TCP1,RABLD1,RAB3GAP2,TLN2,MCUB,MCUB,GNB4,MCUB,TACR3,RPS17,SEMA5A,MCUB,RAB40C,MCUB,PCDHGB3,RAB6B,MCUB,MCUB,EIF4E,HSPCHE,SLC25A4,MCUB,MCUB,MCUB,MCUB,MCUB,MCUB,PLD1,MCUB,MCUB,MCUB,MCUB,MCUB,MCUB,MCUB,MCUB,MCUB,MCUB,MCUB,HRH4,MCUB,MCUB,MCUB,MCUB,MCUB,MCUB,CD48,MCUB,MCUB,MCUB,SLC25A27,MCUB,ITGA3,RAB40B,MCUB,RAB4B,MCUB,MCUB,MCUB,MCUB,MCUB,MCUB,MCUB,EIF3L,RPS7,COL11A1,MCUB,SLC25A5,MCUB,COL15A1
LOC100134106,SLC25A34,RAB21,HOXA11,HOXA11,HOXA11,ATP6AP2,RGS9BP,RAB9A,HOXA11,HOXA11,HOXA11,HOXA11,HOXA11,HOXA11,HOXA11,HOXA11,RAD1-RAD9A,ATP6V0D2,HOXA11,HOXA11,STAT2,HOXA11,HOXA11,HOXA11,HOXA11,RAB30,HOXA11,HOXA11,POLD2,Prefoldin,RABM31,RAB3A,VASP,HOXA11,HOXA11,GNB5,HOXA11,CHRM1,RPS18,SEMA5B,HOXA11,RAB41,HOXA11,PCDHGB4,RAB8A,HOXA11,HOXA11,EIF6,HSPCHF,SLC25A5,HOXA11,HOXA11,HOXA11,HOXA11,HOXA11,HOXA11,PLD3,HOXA11,HOXA11,HOXA11,HOXA11,HOXA11,HOXA11,HOXA11,HOXA11,HOXA11,HOXA11,HOXA11,HTR1A,HOXA11,HOXA11,HOXA11,HOXA11,HOXA11,HOXA11,CD58,HOXA11,HOXA11,HOXA11,SLC25A24,HOXA11,ITGA6,RAB41,HOXA11,RAB40C,HOXA11,HOXA11,HOXA11,HOXA11,HOXA11,HOXA11,HOXA11,EIF3H,RPS9,COL12A1,HOXA11,SLC25A51,HOXA11,COL16A1
LOC100134173,SLC25A38,RAB22A,POLR2J,POLR2J,POLR2J,ATP1A1,RGS9BP2,RAB9B,POLR2J,POLR2J,POLR2J,POLR2J,POLR2J,POLR2J,POLR2J,POLR2J,RFC4,ATP6V1A,POLR2J,POLR2J,STAT3,POLR2J,POLR2J,POLR2J,POLR2J,RAB27A,POLR2J,POLR2J,POLD3,TriC,RABP4IP,RAB3D,WASF1,POLR2J,POLR2J,GNAL,POLR2J,CHRM2,RPS19,SEMA7A,POLR2J,RAB42,POLR2J,PCDHGB5,RAB8B,POLR2J,POLR2J,EIF2AK1,HSPCHG,SLC25A6,POLR2J,POLR2J,POLR2J,POLR2J,POLR2J,POLR2J,PLEKHA7,POLR2J,POLR2J,POLR2J,POLR2J,POLR2J,POLR2J,POLR2J,POLR2J,POLR2J,POLR2J,POLR2J,HTR1B,POLR2J,POLR2J,POLR2J,POLR2J,POLR2J,POLR2J,CD2,POLR2J,POLR2J,POLR2J,SLC25A22,POLR2J,ITGB4,RAB42,POLR2J,RAB22A,POLR2J,POLR2J,POLR2J,POLR2J,POLR2J,POLR2J,POLR2J,EIF3C,RPL10,COL13A1,POLR2J,SLC25A6,POLR2J,COL17A1
LOC100134293,SLC25A37,RAB22B,DHX33,DHX33,DHX33,ATP1B1,RGSAL,RABL2A,DHX33,DHX33,DHX33,DHX33,DHX33,DHX33,DHX33,DHX33,RFC2,ATP6AP1L,DHX33,DHX33,STAT4,DHX33,DHX33,DHX33,DHX33,RAB39B,DHX33,DHX33,POLD4,DAP,RABRING7,RAB38,ABI1,DHX33,DHX33,GNAM,DHX33,CHRM3,RPS20,NRP1,DHX33,RAB43,DHX33,PCDHGB6,RAB10,DHX33,DHX33,EIF2AK2,HSPCHH,SLC25A10,DHX33,DHX33,DHX33,DHX33,DHX33,DHX33,PXN,DHX33,DHX33,DHX33,DHX33,DHX33,DHX33,DHX33,DHX33,DHX33,DHX33,DHX33,HTR1D,DHX33,DHX33,DHX33,DHX33,DHX33,DHX33,LFA3,DHX33,DHX33,DHX33,SLC25A21,DHX33,ITGA5,RAB43,DHX33,RAB23,DHX33,DHX33,DHX33,DHX33,DHX33,DHX33,DHX33,EIF3E,RPL10A,COL14A1,DHX33,SLC25A9,DHX33,COL20A1
LOC100134306,SLC25A40,RAB23,MEOX1,MEOX1,MEOX1,ATP1B2,RGS8,RABL2B,MEOX1,MEOX1,MEOX1,MEOX1,MEOX1,MEOX1,MEOX1,MEOX1,RFC3,ATP6V1D,MEOX1,MEOX1,STAT5A,MEOX1,MEOX1,MEOX1,MEOX1,RAB20,MEOX1,MEOX1,POLE,MAPK,RABV,RAB32,ACTR3,MEOX1,MEOX1,G protein alpha subunit,MEOX1,CHRM4,RPS21,NRP2,MEOX1,RAB44,MEOX1,PCDHGB7,RAB12,MEOX1,MEOX1,EIF2AK3,HSPCHI,SLC25A11,MEOX1,MEOX1,MEOX1,MEOX1,MEOX1,MEOX1,RAB27A,MEOX1,MEOX1,MEOX1,MEOX1,MEOX1,MEOX1,MEOX1,MEOX1,MEOX1,MEOX1,MEOX1,HTR1E,MEOX1,MEOX1,MEOX1,MEOX1,MEOX1,MEOX1,CD5,MEOX1,MEOX1,MEOX1,SLC25A20,MEOX1,ITGB3,RAB44,MEOX1,RAB41,MEOX1,MEOX1,MEOX1,MEOX1,MEOX1,MEOX1,MEOX1,EIF3A,RPL12,COL15A1,MEOX1,NDUFA1,MEOX1,COL21A1
LOC100134372,SLC25A43,RAB24,THSD7A,THSD7A,THSD7A,FXYD2,RGS11,RABLA,THSD7A,THSD7A,THSD7A,THSD7A,THSD7A,THSD7A,THSD7A,THSD7A,RFC5,ATP6V1F,THSD7A,THSD7A,STAT5B,THSD7A,THSD7A,THSD7A,THSD7A,RAB22A,THSD7A,THSD7A,POLE2,EGFR,RABX5,RAB39B,ARPC1B,THSD7A,THSD7A,G protein beta subunit,THSD7A,CHRM5,RPS23,FLRT2,THSD7A,RAB4A,THSD7A,PCDHGC1,RAB13,THSD7A,THSD7A,EIF2AK4,HSPCHJ,SLC25A12,THSD7A,THSD7A,THSD7A,THSD7A,THSD7A,THSD7A,RAB3A,THSD7A,THSD7A,THSD7A,THSD7A,THSD7A,THSD7A,THSD7A,THSD7A,THSD7A,THSD7A,THSD7A,HTR1F,THSD7A,THSD7A,THSD7A,THSD7A,THSD7A,THSD7A,CD6,THSD7A,THSD7A,THSD7A,SLC25A19,THSD7A,ITGAV,RAB23,THSD7A,RAB5A,THSD7A,THSD7A,THSD7A,THSD7A,THSD7A,THSD7A,THSD7A,EIF4B,RPL13,COL16A1,THSD7A,NDUFA10,THSD7A,COL22A1
LOC100134440,SLC25A41,RAB25,LIG3,LIG3,LIG3,SLC16A1,RGS17,RABGAP1,LIG3,LIG3,LIG3,LIG3,LIG3,LIG3,LIG3,LIG3,CHAF1B,ATP6V0A2,LIG3,LIG3,STAT6,LIG3,LIG3,LIG3,LIG3,RAB44,LIG3,LIG3,POLE3,SRC,RABXL1,RAB40B,ARPC3,LIG3,LIG3,G protein gamma subunit,LIG3,ADRA1A,RPS24,FLRT3,LIG3,RAB4B,LIG3,PCDHGC2,RAB17,LIG3,LIG3,EIF5,HSPCHK,SLC25A14,LIG3,LIG3,LIG3,LIG3,LIG3,LIG3,RIMS2,LIG3,LIG3,LIG3,LIG3,LIG3,LIG3,LIG3,LIG3,LIG3,LIG3,LIG3,HTR2A,LIG3,LIG3,LIG3,LIG3,LIG3,LIG3,CD38,LIG3,LIG3,LIG3,SLC25A18,LIG3,ITGB5,RAB24,LIG3,RAB5C,LIG3,LIG3,LIG3,LIG3,LIG3,LIG3,LIG3,EIF4G1,RPL14,COL17A1,LIG3,NDUFA11,LIG3,COL23A1
LOC100134442,SLC25A42,RAB26,RPAP3,RPAP3,RPAP3,SLC16A7,RGS21,RABGAP1L,RPAP3,RPAP3,RPAP3,RPAP3,RPAP3,RPAP3,RPAP3,RPAP3,CHAF1A,ATP6V0A1-AS1,RPAP3,RPAP3,IRF1,RPAP3,RPAP3,RPAP3,RPAP3,RAB40C,RPAP3,RPAP3,POM121,YES1,RABXL2,RAB40C,BAIAP2,RPAP3,RPAP3,GRK1,RPAP3,ADRA1B,RPS25,FLRT1,RPAP3,RAB9A,RPAP3,PCDHGC3,RAB18,RPAP3,RPAP3,EIF4G2,HSPCHL,SLC25A15,RPAP3,RPAP3,RPAP3,RPAP3,RPAP3,RPAP3,ROBO1,RPAP3,RPAP3,RPAP3,RPAP3,RPAP3,RPAP3,RPAP3,RPAP3,RPAP3,RPAP3,RPAP3,HTR2B,RPAP3,RPAP3,RPAP3,RPAP3,RPAP3,RPAP3,CD1,RPAP3,RPAP3,RPAP3,SLC25A15,RPAP3,ITGB8,RAB25,RPAP3,RAB5B,RPAP3,RPAP3,RPAP3,RPAP3,RPAP3,RPAP3,RPAP3,EIF4A1,RPL15,COL18A1,RPAP3,NDUFA12,RPAP3,COL24A1
LOC100134446,SLC25A44,RAB27A,ACSM3,ACSM3,ACSM3,SLC16A3,RGS22,RABGAP2,ACSM3,ACSM3,ACSM3,ACSM3,ACSM3,ACSM3,ACSM3,ACSM3,SETDB1,ATP6V0A2-AS1,ACSM3,ACSM3,IRF2,ACSM3,ACSM3,ACSM3,ACSM3,RAB29,ACSM3,ACSM3,POMC,HCK,RAB38,RAB43,BCAR1,ACSM3,ACSM3,GRK4,ACSM3,ADRA1D,RPS26,NTNG1,ACSM3,RAB9B,ACSM3,PCDHGC4,RAB19,ACSM3,ACSM3,EIF4G3,HSPCHM,SLC25A16,ACSM3,ACSM3,ACSM3,ACSM3,ACSM3,ACSM3,ROBO2,ACSM3,ACSM3,ACSM3,ACSM3,ACSM3,ACSM3,ACSM3,ACSM3,ACSM3,ACSM3,ACSM3,HTR2C,ACSM3,ACSM3,ACSM3,ACSM3,ACSM3,ACSM3,CD3D,ACSM3,ACSM3,ACSM3,SLC25A14,ACSM3,ITGAL,RAB26,ACSM3,RAB7A,ACSM3,ACSM3,ACSM3,ACSM3,ACSM3,ACSM3,ACSM3,EIF2S1,RPL17,COL19A1,ACSM3,NDUFA13,ACSM3,COL25A1
LOC100134455,SLC25A46,RAB27B,REXO5,REXO5,REXO5,SLC16A2,RGS4IP,RABGEF1,REXO5,REXO5,REXO5,REXO5,REXO5,REXO5,REXO5,REXO5,RBBP7,ATP6V0C2,REXO5,REXO5,IRF3,REXO5,REXO5,REXO5,REXO5,RAB32,REXO5,REXO5,POMGNT1,LCK,RAB40A,RAB44,CRK,REXO5,REXO5,GRK6,REXO5,ADRA2A,RPS27,NTNG2,REXO5,RABGAP1,REXO5,PCDHGC5,RAB20,REXO5,REXO5,EIF4E2,HSPCHN,SLC25A17,REXO5,REXO5,REXO5,REXO5,REXO5,REXO5,ROCK1,REXO5,REXO5,REXO5,REXO5,REXO5,REXO5,REXO5,REXO5,REXO5,REXO5,REXO5,HTR4,REXO5,REXO5,REXO5,REXO5,REXO5,REXO5,CD3E,REXO5,REXO5,REXO5,SLC25A1,REXO5,ITGB7,RAB10,REXO5,RAB7B,REXO5,REXO5,REXO5,REXO5,REXO5,REXO5,REXO5,EIF2B2,RPL18,COL20A1,REXO5,NDUFA2,REXO5,COL26A1
LOC100134460,SLC25A45,RAB28,CIAPIN1,CIAPIN1,CIAPIN1,SLC16A12,RGS6,RABGEF1,CIAPIN1,CIAPIN1,CIAPIN1,CIAPIN1,CIAPIN1,CIAPIN1,CIAPIN1,CIAPIN1,RBBP4,ATP6V0E2,CIAPIN1,CIAPIN1,IRF4,CIAPIN1,CIAPIN1,CIAPIN1,CIAPIN1,RAB43,CIAPIN1,CIAPIN1,POMGNT2,FYN,RAB40B,RAB1A,DOCK180,CIAPIN1,CIAPIN1,GRK7,CIAPIN1,ADRA2B,RPS27A,NTN4,CIAPIN1,RABGAP1L,CIAPIN1,PCDHGA1,RAB21,CIAPIN1,CIAPIN1,EIF4EBP2,HSPCHO,SLC25A18,CIAPIN1,CIAPIN1,CIAPIN1,CIAPIN1,CIAPIN1,CIAPIN1,ROCK2,CIAPIN1,CIAPIN1,CIAPIN1,CIAPIN1,CIAPIN1,CIAPIN1,CIAPIN1,CIAPIN1,CIAPIN1,CIAPIN1,CIAPIN1,HTR5A,CIAPIN1,CIAPIN1,CIAPIN1,CIAPIN1,CIAPIN1,CIAPIN1,CD3G,CIAPIN1,CIAPIN1,CIAPIN1,SLC25A10,CIAPIN1,ICAM2,RAB11B,CIAPIN1,RAB7L1,CIAPIN1,CIAPIN1,CIAPIN1,CIAPIN1,CIAPIN1,CIAPIN1,CIAPIN1,EIF2B3,RPL18A,COL21A1,CIAPIN1,NDUFA3,CIAPIN1,COL27A1
LOC100134461,SLC25A48,RAB29,SPPL2B,SPPL2B,SPPL2B,SLC16A11,RGS16,RABGEF1,SPPL2B,SPPL2B,SPPL2B,SPPL2B,SPPL2B,SPPL2B,SPPL2B,SPPL2B,E2F1,ATP6V0G1,SPPL2B,SPPL2B,IRF5,SPPL2B,SPPL2B,SPPL2B,SPPL2B,RAB31,SPPL2B,SPPL2B,POMK,LYN,RAB40C,RAB1B,EPS8,SPPL2B,SPPL2B,ADCY1,SPPL2B,ADRA2C,RPS28,NTN3,SPPL2B,RABGAP2,SPPL2B,PCDHGA2,RAB23,SPPL2B,SPPL2B,EIF4EBP3,HSPCHP,SLC25A19,SPPL2B,SPPL2B,SPPL2B,SPPL2B,SPPL2B,SPPL2B,SBF1,SPPL2B,SPPL2B,SPPL2B,SPPL2B,SPPL2B,SPPL2B,SPPL2B,SPPL2B,SPPL2B,SPPL2B,SPPL2B,HTR6,SPPL2B,SPPL2B,SPPL2B,SPPL2B,SPPL2B,SPPL2B,CD247,SPPL2B,SPPL2B,SPPL2B,SLC25A11,SPPL2B,ALCAM,RAB12,SPPL2B,RAB7L3,SPPL2B,SPPL2B,SPPL2B,SPPL2B,SPPL2B,SPPL2B,SPPL2B,EIF2B1,RPL19,COL22A1,SPPL2B,NDUFA4,SPPL2B,COL28A1
LOC100134467,SLC25A47,RAB30,FAM214B,FAM214B,FAM214B,SLC16A5,RGS18,RABGEF1,FAM214B,FAM214B,FAM214B,FAM214B,FAM214B,FAM214B,FAM214B,FAM214B,E2F2,ATP6V0PP1,FAM214B,FAM214B,IRF6,FAM214B,FAM214B,FAM214B,FAM214B,RAB37,FAM214B,FAM214B,POMT1,BLK,RAB43,RAB1C,FGD1,FAM214B,FAM214B,ADCY2,FAM214B,ADRB1,RPS29,NTN1,FAM214B,RABGEF1,FAM214B,ARHGEF10,RAB24,FAM214B,FAM214B,EIF1AY,HSPCHQ,SLC25A20,FAM214B,FAM214B,FAM214B,FAM214B,FAM214B,FAM214B,SBF2,FAM214B,FAM214B,FAM214B,FAM214B,FAM214B,FAM214B,FAM214B,FAM214B,FAM214B,FAM214B,FAM214B,HTR7,FAM214B,FAM214B,FAM214B,FAM214B,FAM214B,FAM214B,LCK,FAM214B,FAM214B,FAM214B,SLC25A40,FAM214B,CD109,RAB13,FAM214B,RAB9A,FAM214B,FAM214B,FAM214B,FAM214B,FAM214B,FAM214B,FAM214B,EIF5A1,RPL21,COL23A1,FAM214B,NDUFA5,FAM214B,COL9A1
LOC100134475,SLC25A49,RAB32,COPZ2,COPZ2,COPZ2,SLC16A6,ARHGEF1,RABGEF1,COPZ2,COPZ2,COPZ2,COPZ2,COPZ2,COPZ2,COPZ2,COPZ2,E2F3,ATP6V1A-AS1,COPZ2,COPZ2,IRF7,COPZ2,COPZ2,COPZ2,COPZ2,RAB23,COPZ2,COPZ2,POMT2,HIF1A,RAB44,RAB10,FN1,COPZ2,COPZ2,ADCY3,COPZ2,ADRB2,RPS4X,NTN5,COPZ2,RABGEF1L1,COPZ2,KCNIP4,RAB26,COPZ2,COPZ2,EIF3M,HSPCHR,SLC25A21,COPZ2,COPZ2,COPZ2,COPZ2,COPZ2,COPZ2,SCN10A,COPZ2,COPZ2,COPZ2,COPZ2,COPZ2,COPZ2,COPZ2,COPZ2,COPZ2,COPZ2,COPZ2,TACR1,COPZ2,COPZ2,COPZ2,COPZ2,COPZ2,COPZ2,LCK,COPZ2,COPZ2,COPZ2,SLC2A13,COPZ2,CEACAM1,RAB14,COPZ2,RAB9B,COPZ2,COPZ2,COPZ2,COPZ2,COPZ2,COPZ2,COPZ2,NCL,RPL22,COL24A1,COPZ2,NDUFA6,COPZ2,COL9A2
LOC100134476,SLC25A60,RAB39,PRKAR2B,PRKAR2B,PRKAR2B,SLC16A9,ARHGEF10L,RABGEF1,PRKAR2B,PRKAR2B,PRKAR2B,PRKAR2B,PRKAR2B,PRKAR2B,PRKAR2B,PRKAR2B,E2F7,ATP6V1C1,PRKAR2B,PRKAR2B,IRF8,PRKAR2B,PRKAR2B,PRKAR2B,PRKAR2B,RAB25,PRKAR2B,PRKAR2B,POP1,VEGF,RAB27A,RAB10B,FRK,PRKAR2B,PRKAR2B,ADCY4,PRKAR2B,ADRB3,RPS4Y1,DCC,PRKAR2B,RABGEF1L2,PRKAR2B,FLRT2,RAB28,PRKAR2B,PRKAR2B,EIF3CL,HSPCHS,SLC25A22,PRKAR2B,PRKAR2B,PRKAR2B,PRKAR2B,PRKAR2B,PRKAR2B,SCN1A,PRKAR2B,PRKAR2B,PRKAR2B,PRKAR2B,PRKAR2B,PRKAR2B,PRKAR2B,PRKAR2B,PRKAR2B,PRKAR2B,PRKAR2B,TACR2,PRKAR2B,PRKAR2B,PRKAR2B,PRKAR2B,PRKAR2B,PRKAR2B,ZAP70,PRKAR2B,PRKAR2B,PRKAR2B,SLC2A12,PRKAR2B,CEACAM6,RAB15,PRKAR2B,RABL2A,PRKAR2B,PRKAR2B,PRKAR2B,PRKAR2B,PRKAR2B,PRKAR2B,PRKAR2B,NPM1,RPL23A,COL25A1,PRKAR2B,NDUFA7,PRKAR2B,COL9A3
LOC100134477,SLC25A51,RAB40C,CREBBP,CREBBP,CREBBP,SLC16A10,ARHGEF11,RABGEF1,CREBBP,CREBBP,CREBBP,CREBBP,CREBBP,CREBBP,CREBBP,CREBBP,E2F8,ATP6V1GA1,CREBBP,CREBBP,IRF9,CREBBP,CREBBP,CREBBP,CREBBP,RAB12,CREBBP,CREBBP,POP4,VEGFR,RAB27B,RAB11A,GAB1,CREBBP,CREBBP,ADCY5,CREBBP,HTR3B,RPS4Y2,UNC5B,CREBBP,RABGEF2,CREBBP,NELL2,RAB32,CREBBP,CREBBP,EIF3I,HSPCHT,SLC25A23,CREBBP,CREBBP,CREBBP,CREBBP,CREBBP,CREBBP,SCN2A,CREBBP,CREBBP,CREBBP,CREBBP,CREBBP,CREBBP,CREBBP,CREBBP,CREBBP,CREBBP,CREBBP,TACR3,CREBBP,CREBBP,CREBBP,CREBBP,CREBBP,CREBBP,CD4,CREBBP,CREBBP,CREBBP,SLC2A11,CREBBP,CEACAM8,RAB17,CREBBP,RABL2B,CREBBP,CREBBP,CREBBP,CREBBP,CREBBP,CREBBP,CREBBP,SRSF1,RPL26,COL26A1,CREBBP,NDUFA8,CREBBP,FBLN1
LOC100134480,SLC25A52,RAB41,TSPOAP1,TSPOAP1,TSPOAP1,SLC16A14,ARHGEF12,RABGEF1,TSPOAP1,TSPOAP1,TSPOAP1,TSPOAP1,TSPOAP1,TSPOAP1,TSPOAP1,TSPOAP1,DP1,ATP6V1G2P1,TSPOAP1,TSPOAP1,ISGF3G,TSPOAP1,TSPOAP1,TSPOAP1,TSPOAP1,RAB3B,TSPOAP1,TSPOAP1,POP5,TGFB1,RAB29,RAB11B,GRB2,TSPOAP1,TSPOAP1,ADCY6,TSPOAP1,HTR3C,RPL3,UNC5C,TSPOAP1,RABGEF3,TSPOAP1,NRXN1,RAB33,TSPOAP1,TSPOAP1,EIF2S2,HSPCHU,SLC25A24,TSPOAP1,TSPOAP1,TSPOAP1,TSPOAP1,TSPOAP1,TSPOAP1,SCN3A,TSPOAP1,TSPOAP1,TSPOAP1,TSPOAP1,TSPOAP1,TSPOAP1,TSPOAP1,TSPOAP1,TSPOAP1,TSPOAP1,TSPOAP1,TRPA1,TSPOAP1,TSPOAP1,TSPOAP1,TSPOAP1,TSPOAP1,TSPOAP1,CD8A,TSPOAP1,TSPOAP1,TSPOAP1,SLC2A10,TSPOAP1,IGSF8,RAB18,TSPOAP1,RABL6,TSPOAP1,TSPOAP1,TSPOAP1,TSPOAP1,TSPOAP1,TSPOAP1,TSPOAP1,SRSF7,RPL28,COL27A1,TSPOAP1,NDUFA9,TSPOAP1,FBLN2
LOC100134483,SLC25A53,RAB42,MPO,MPO,MPO,SLC16A8,ARHGEF15,RABGEF1,MPO,MPO,MPO,MPO,MPO,MPO,MPO,MPO,DP2,ATP6V1I,MPO,MPO,NFATC1,MPO,MPO,MPO,MPO,RAB11A,MPO,MPO,POP6,TGFBR1,RAB30,RAB12,IQGAP1,MPO,MPO,ADCY7,MPO,HTR3D,RPL4,UNC5D,MPO,RABGGTA,MPO,LSAMP,RAB35,MPO,MPO,EIF5AL1,HSPCHV,SLC25A25,MPO,MPO,MPO,MPO,MPO,MPO,SCN4A,MPO,MPO,MPO,MPO,MPO,MPO,MPO,MPO,MPO,MPO,MPO,TRPC1,MPO,MPO,MPO,MPO,MPO,MPO,CD8B,MPO,MPO,MPO,SLC2A1,MPO,MPZL1,RAB19,MPO,RABL3,MPO,MPO,MPO,MPO,MPO,MPO,MPO,SRSF9,RPL29,COL28A1,MPO,NDUFAB1,MPO,FBLN5
LOC100134485,SLC25A54,RAB44,PON1,PON1,PON1,SLC16A4,ARHGEF16,RABGEF1,PON1,PON1,PON1,PON1,PON1,PON1,PON1,PON1,CCNE1,ATP6V2B,PON1,PON1,NFATC2,PON1,PON1,PON1,PON1,RAB36,PON1,PON1,POP7,TGFBR2,RAB31,RAB12P1,ITGB1,PON1,PON1,ADCY8,PON1,HTR3E,RPL5,UNC5A,PON1,RABGGTB,PON1,ENC1,RAB36,PON1,PON1,EIF2AK5,HSPCHW,SLC25A26,PON1,PON1,PON1,PON1,PON1,PON1,SCN5A,PON1,PON1,PON1,PON1,PON1,PON1,PON1,PON1,PON1,PON1,PON1,TRPC3,PON1,PON1,PON1,PON1,PON1,PON1,CD45,PON1,PON1,PON1,SLC2A9,PON1,L1CAM,RAB20,PON1,RABLD1,PON1,PON1,PON1,PON1,PON1,PON1,PON1,SNRNP70,RPL3,TNC,PON1,NDUFAB2,PON1,EMILIN1
LOC100134486,SLC25A58,RABEP1,GCFC2,GCFC2,GCFC2,SLC16A13,ARHGEF17,RABGEF1,GCFC2,GCFC2,GCFC2,GCFC2,GCFC2,GCFC2,GCFC2,GCFC2,CCNE2,ATP6AP1P1,GCFC2,GCFC2,NFATC3,GCFC2,GCFC2,GCFC2,GCFC2,RAB3GAP2,GCFC2,GCFC2,POP8,SMAD,RAB32,RAB13,ITGB3,GCFC2,GCFC2,ADCY9,GCFC2,GABRA1,RPL6,ROBO4,GCFC2,RABJ,GCFC2,ATP2B2,RAB37,GCFC2,GCFC2,EIF2B4,HSPCHX,SLC25A27,GCFC2,GCFC2,GCFC2,GCFC2,GCFC2,GCFC2,SCN8A,GCFC2,GCFC2,GCFC2,GCFC2,GCFC2,GCFC2,GCFC2,GCFC2,GCFC2,GCFC2,GCFC2,TRPC4,GCFC2,GCFC2,GCFC2,GCFC2,GCFC2,GCFC2,PTPRC,GCFC2,GCFC2,GCFC2,SLC2A7,GCFC2,NCAM1,RAB21,GCFC2,RABLD2,GCFC2,GCFC2,GCFC2,GCFC2,GCFC2,GCFC2,GCFC2,SNRPD3,RPL30,TNXB,GCFC2,NDUFAP1,GCFC2,EMILIN2
LOC100134487,SLC25A59,RABEPK1,WDR54,WDR54,WDR54,SLC16A1,ARHGEF19,RABGEF1,WDR54,WDR54,WDR54,WDR54,WDR54,WDR54,WDR54,WDR54,CCND1,ATP6AP1P2,WDR54,WDR54,NFATC4,WDR54,WDR54,WDR54,WDR54,RAB11B,WDR54,WDR54,POU1F1,STAT,RAB33,RAB14,LARG,WDR54,WDR54,ADCY10,WDR54,GABRA2,RPL7,ROBO3,WDR54,RABL2A,WDR54,SORBS1,RAB41,WDR54,WDR54,EIF2C1,HSPCHY,SLC25A28,WDR54,WDR54,WDR54,WDR54,WDR54,WDR54,SCN9A,WDR54,WDR54,WDR54,WDR54,WDR54,WDR54,WDR54,WDR54,WDR54,WDR54,WDR54,TRPC5,WDR54,WDR54,WDR54,WDR54,WDR54,WDR54,PTPRC,WDR54,WDR54,WDR54,SLC2A6,WDR54,NCAM2,RAB9A,WDR54,RABMTP,WDR54,WDR54,WDR54,WDR54,WDR54,WDR54,WDR54,SNRPE,RPL32,VCAN,WDR54,NDUFAP2,WDR54,ELN
LOC100134488,SLC25A61,RABGAP1,CROT,CROT,CROT,SLC16A15,ARHGEF2,RABGEF1,CROT,CROT,CROT,CROT,CROT,CROT,CROT,CROT,CCND2,ATP6AP1P3,CROT,CROT,GATA1,CROT,CROT,CROT,CROT,RAB9A,CROT,CROT,POU2F1,JUN,RAB36B,RAB17,LIMK1,CROT,CROT,CAMK1,CROT,GABRA3,RPL7A,ROBO1,CROT,RABL2B,CROT,NRCAM,RAB42,CROT,CROT,EIF2C2,HSPCHZ,SLC25A29,CROT,CROT,CROT,CROT,CROT,CROT,SDC4,CROT,CROT,CROT,CROT,CROT,CROT,CROT,CROT,CROT,CROT,CROT,TRPC6,CROT,CROT,CROT,CROT,CROT,CROT,ITGA4,CROT,CROT,CROT,SLC2A5,CROT,NRCAM,RAB9B,CROT,RABGAP1,CROT,CROT,CROT,CROT,CROT,CROT,CROT,SNRPA1,RPL35A,ELN,CROT,NDUFB1,CROT,MFAP2
LOC100134491,SLC25A62,RABGAP2,ABCB4,ABCB4,ABCB4,SLC16A1,ARHGEF25,RABGEF1,ABCB4,ABCB4,ABCB4,ABCB4,ABCB4,ABCB4,ABCB4,ABCB4,CCND3,ATP6AP1P4,ABCB4,ABCB4,GATA2,ABCB4,ABCB4,ABCB4,ABCB4,RAB2B,ABCB4,ABCB4,POU2F2,FOS,RAB37,RAB18,MAPK1,ABCB4,ABCB4,CAMK1D,ABCB4,GABRA4,RPL8,ROBO2,ABCB4,RABL3,ABCB4,CTNNA2,RAB4B,ABCB4,ABCB4,EIF2C3,HSPCI1,SLC25A30,ABCB4,ABCB4,ABCB4,ABCB4,ABCB4,ABCB4,SORBS1,ABCB4,ABCB4,ABCB4,ABCB4,ABCB4,ABCB4,ABCB4,ABCB4,ABCB4,ABCB4,ABCB4,TRPM2,ABCB4,ABCB4,ABCB4,ABCB4,ABCB4,ABCB4,ITGA5,ABCB4,ABCB4,ABCB4,SLC2A4,ABCB4,IGSF4,RAB32,ABCB4,RABGAP1L,ABCB4,ABCB4,ABCB4,ABCB4,ABCB4,ABCB4,ABCB4,SNRNP200,RPL36,EFEMP1,ABCB4,NDUFB10,ABCB4,MFAP5
LOC100134492,SLC25A63,RABGEF1,KMT2E,KMT2E,KMT2E,SLC16A1,ARHGEF26,RABGEF1,KMT2E,KMT2E,KMT2E,KMT2E,KMT2E,KMT2E,KMT2E,KMT2E,CDK2,ATP6AP1P5,KMT2E,KMT2E,GATA3,KMT2E,KMT2E,KMT2E,KMT2E,RAB3C,KMT2E,KMT2E,POU2F3,ERK,RAB39B,RAB19,MAPK8,KMT2E,KMT2E,CAMK1G,KMT2E,GABRA5,RPL9,SLITRK6,KMT2E,RABL5,KMT2E,NTNG1,RAB40C,KMT2E,KMT2E,EIF2C4,HSPCI2,SLC25A31,KMT2E,KMT2E,KMT2E,KMT2E,KMT2E,KMT2E,SORBS2,KMT2E,KMT2E,KMT2E,KMT2E,KMT2E,KMT2E,KMT2E,KMT2E,KMT2E,KMT2E,KMT2E,TRPM4,KMT2E,KMT2E,KMT2E,KMT2E,KMT2E,KMT2E,ITGAM,KMT2E,KMT2E,KMT2E,SLC2A3,KMT2E,IGSF4C,RAB39A,KMT2E,RABGEF1,KMT2E,KMT2E,KMT2E,KMT2E,KMT2E,KMT2E,KMT2E,SF3B4,RPL37,FBLN1,KMT2E,NDUFB2,KMT2E,ADAMTS2
LOC100134494,SLC25A64,RABGEF1L1,RHBDD2,RHBDD2,RHBDD2,SLC16A1,ARHGEF28,RABGEF1,RHBDD2,RHBDD2,RHBDD2,RHBDD2,RHBDD2,RHBDD2,RHBDD2,RHBDD2,CDK4,ATP6AP1P6,RHBDD2,RHBDD2,GATA4,RHBDD2,RHBDD2,RHBDD2,RHBDD2,RAB3GAP1L,RHBDD2,RHBDD2,POU3F1,JNK,RAB10,RAB19P1,MIG12,RHBDD2,RHBDD2,CAMK2A,RHBDD2,GABRA6,RPL10,SLITRK1,RHBDD2,RABL6,RHBDD2,ASTN2,RAB40A,RHBDD2,RHBDD2,EIF2C5,HSPCI3,SLC25A32,RHBDD2,RHBDD2,RHBDD2,RHBDD2,RHBDD2,RHBDD2,SPRED2,RHBDD2,RHBDD2,RHBDD2,RHBDD2,RHBDD2,RHBDD2,RHBDD2,RHBDD2,RHBDD2,RHBDD2,RHBDD2,TRPM7,RHBDD2,RHBDD2,RHBDD2,RHBDD2,RHBDD2,RHBDD2,ITGB2,RHBDD2,RHBDD2,RHBDD2,SLC2A2,RHBDD2,IGSF4D,RAB40C,RHBDD2,RABGEF1L1,RHBDD2,RHBDD2,RHBDD2,RHBDD2,RHBDD2,RHBDD2,RHBDD2,SF3B1,RPL38,FBLN2,RHBDD2,NDUFB3,RHBDD2,ADAMTS10
LOC100134495,SLC25A65,RABGEF1L,SOX8,SOX8,SOX8,SLC16A1,ARHGEF3,RABGEF1,SOX8,SOX8,SOX8,SOX8,SOX8,SOX8,SOX8,SOX8,CDK6,ATP6AP1P7,SOX8,SOX8,GATA5,SOX8,SOX8,SOX8,SOX8,RAB6A,SOX8,SOX8,POU3F2,P38,RAB11A,RAB20,MYH9,SOX8,SOX8,CAMK2B,SOX8,GABRB1,RPL10A,SLITRK5,SOX8,RABL6B,SOX8,NLGN1,RAB11A,SOX8,SOX8,EIF2C6,HSPCI4,SLC25A33,SOX8,SOX8,SOX8,SOX8,SOX8,SOX8,SVEP1,SOX8,SOX8,SOX8,SOX8,SOX8,SOX8,SOX8,SOX8,SOX8,SOX8,SOX8,TRPM8,SOX8,SOX8,SOX8,SOX8,SOX8,SOX8,ITGAL,SOX8,SOX8,SOX8,SLC2A14,SOX8,IGSF4B,RAB43,SOX8,RABGEF1L2,SOX8,SOX8,SOX8,SOX8,SOX8,SOX8,SOX8,SF1,RPL39,FBLN5,SOX8,NDUFB4,SOX8,ADAMTS17
LOC100134496,SLC25A66,RABGEF2,IBTK,IBTK,IBTK,SLC16A1,ARHGEF35,RABGEF1,IBTK,IBTK,IBTK,IBTK,IBTK,IBTK,IBTK,IBTK,CDK7,ATP6AP1P8,IBTK,IBTK,GATA6,IBTK,IBTK,IBTK,IBTK,RAB3IP,IBTK,IBTK,POU3F3,NFKB,RAB11B,RAB21,MYLK,IBTK,IBTK,CAMK2D,IBTK,GABRB2,RPL11,SLITRK3,IBTK,RABL6C,IBTK,MDGA2,RAB11B,IBTK,IBTK,EIF2S2B,HSPCI5,SLC25A34,IBTK,IBTK,IBTK,IBTK,IBTK,IBTK,TIAM1,IBTK,IBTK,IBTK,IBTK,IBTK,IBTK,IBTK,IBTK,IBTK,IBTK,IBTK,TRPV1,IBTK,IBTK,IBTK,IBTK,IBTK,IBTK,ITGAX,IBTK,IBTK,IBTK,SLC2A18,IBTK,IGSF1,RAB4B,IBTK,RABGEF2,IBTK,IBTK,IBTK,IBTK,IBTK,IBTK,IBTK,HNRNPA1,RPL4,EMILIN1,IBTK,NDUFB5,IBTK,ADAMTSL1
LOC100134497,SLC25A4,RABGGTA,ZNF195,ZNF195,ZNF195,SLC16A1,ARHGEF37,RABGEF1,ZNF195,ZNF195,ZNF195,ZNF195,ZNF195,ZNF195,ZNF195,ZNF195,CDK9,ATP6AP1P9,ZNF195,ZNF195,FOXO1,ZNF195,ZNF195,ZNF195,ZNF195,RAB28,ZNF195,ZNF195,POU3F4,IL1B,RAB12,RAB22A,NEDD9,ZNF195,ZNF195,CAMK2G,ZNF195,GABRB3,RPL12,SLITRK4,ZNF195,RABM22,ZNF195,PTN,RAB25,ZNF195,ZNF195,EIF2S2C,HSPCI6,SLC25A35,ZNF195,ZNF195,ZNF195,ZNF195,ZNF195,ZNF195,TLN1,ZNF195,ZNF195,ZNF195,ZNF195,ZNF195,ZNF195,ZNF195,ZNF195,ZNF195,ZNF195,ZNF195,TRPV2,ZNF195,ZNF195,ZNF195,ZNF195,ZNF195,ZNF195,ITGB1,ZNF195,ZNF195,ZNF195,SLC2A1,ZNF195,IGSF21,RAB5B,ZNF195,RABGEF3,ZNF195,ZNF195,ZNF195,ZNF195,ZNF195,ZNF195,ZNF195,HNRNPD,RPL41,EMILIN2,ZNF195,NDUFB6,ZNF195,ADAMTSL4
LOC100134500,SLC25A5,RABGGTB,MYCBP2,MYCBP2,MYCBP2,SLC16A1,ARHGEF38,RABGEF1,MYCBP2,MYCBP2,MYCBP2,MYCBP2,MYCBP2,MYCBP2,MYCBP2,MYCBP2,CCNA1,ATP6AP1P10,MYCBP2,MYCBP2,FOXO3,MYCBP2,MYCBP2,MYCBP2,MYCBP2,RAB6IP,MYCBP2,MYCBP2,POU4F1,IL6,RAB13,RAB22B,PAK2,MYCBP2,MYCBP2,CAMK4,MYCBP2,GABRD,RPL13,SLITRK2,MYCBP2,RABP1,MYCBP2,IGSF11,RAB3IP,MYCBP2,MYCBP2,EIF2S2D,HSPCI7,SLC25A36,MYCBP2,MYCBP2,MYCBP2,MYCBP2,MYCBP2,MYCBP2,TRIO,MYCBP2,MYCBP2,MYCBP2,MYCBP2,MYCBP2,MYCBP2,MYCBP2,MYCBP2,MYCBP2,MYCBP2,MYCBP2,TRPV3,MYCBP2,MYCBP2,MYCBP2,MYCBP2,MYCBP2,MYCBP2,ICAM1,MYCBP2,MYCBP2,MYCBP2,SLC39A14,MYCBP2,JAM1,RAB5C,MYCBP2,RABGGTA,MYCBP2,MYCBP2,MYCBP2,MYCBP2,MYCBP2,MYCBP2,MYCBP2,HNRNPC,RPL5,MFAP2,MYCBP2,NDUFB7,MYCBP2,BGN
LOC100134501,SLC25A6,RABJGG,FBXL3,FBXL3,FBXL3,SLC16A1,ARHGEF39,RABGEF1,FBXL3,FBXL3,FBXL3,FBXL3,FBXL3,FBXL3,FBXL3,FBXL3,CCNA2,ATP6AP1P11,FBXL3,FBXL3,FOXO4,FBXL3,FBXL3,FBXL3,FBXL3,RAB6C,FBXL3,FBXL3,POU4F2,IL10,RAB14,RAB23,PIK3R1,FBXL3,FBXL3,CAMKK1,FBXL3,GABRE,RPL14,SLIT3,FBXL3,RABP1L,FBXL3,PCDHB16,RAB3IP1,FBXL3,FBXL3,EIF2S2E,HSPCI8,SLC25A37,FBXL3,FBXL3,FBXL3,FBXL3,FBXL3,FBXL3,UNC5C,FBXL3,FBXL3,FBXL3,FBXL3,FBXL3,FBXL3,FBXL3,FBXL3,FBXL3,FBXL3,FBXL3,TRPV4,FBXL3,FBXL3,FBXL3,FBXL3,FBXL3,FBXL3,ICAM2,FBXL3,FBXL3,FBXL3,SLC39A13,FBXL3,CLDN1,RAB6A,FBXL3,RABGGTB,FBXL3,FBXL3,FBXL3,FBXL3,FBXL3,FBXL3,FBXL3,HNRNPH1,RPL6,MFAP5,FBXL3,NDUFB9,FBXL3,DCN
LOC100134502,SLC25A7,RABL2A,ITGAL,ITGAL,ITGAL,SLC16A1,ARHGEF4,RABGEF1,ITGAL,ITGAL,ITGAL,ITGAL,ITGAL,ITGAL,ITGAL,ITGAL,CCNB1,ATP6AP1P12,ITGAL,ITGAL,FOXO6,ITGAL,ITGAL,ITGAL,ITGAL,RAB6KIFL,ITGAL,ITGAL,POU5F1,TNF,RAB17,RAB24,PLAU,ITGAL,ITGAL,CAMKK2,ITGAL,GABRG1,RPL15,SLIT1,ITGAL,RABQTL,ITGAL,PCDHB15,RAB3GAP2,ITGAL,ITGAL,EIF2S2F,HSPCI9,SLC25A38,ITGAL,ITGAL,ITGAL,ITGAL,ITGAL,ITGAL,VCL,ITGAL,ITGAL,ITGAL,ITGAL,ITGAL,ITGAL,ITGAL,ITGAL,ITGAL,ITGAL,ITGAL,GABRA1,ITGAL,ITGAL,ITGAL,ITGAL,ITGAL,ITGAL,ICAM3,ITGAL,ITGAL,ITGAL,SLC39A12,ITGAL,CLDN11,RAB6B,ITGAL,RABIN8,ITGAL,ITGAL,ITGAL,ITGAL,ITGAL,ITGAL,ITGAL,HNRNPU,RPL7,ADAMTS1,ITGAL,NDUFC1,ITGAL,FMOD
LOC100134503,SLC25A1,RABL2B,PDK2,PDK2,PDK2,SLC16A1,ARHGEF40,RABGEF1,PDK2,PDK2,PDK2,PDK2,PDK2,PDK2,PDK2,PDK2,CCNB2,ATP6AP1P13,PDK2,PDK2,CREB1,PDK2,PDK2,PDK2,PDK2,RAB6B,PDK2,PDK2,POU6F1,IFNG,RAB18,RAB25,PLN,PDK2,PDK2,CAMKL1,PDK2,GABRG2,RPL17,SLIT2,PDK2,RABRINGAP,PDK2,PCDHB14,RAB3IL1,PDK2,PDK2,EIF2S2G,HSPCIA,SLC25A39,PDK2,PDK2,PDK2,PDK2,PDK2,PDK2,ACTN1,PDK2,PDK2,PDK2,PDK2,PDK2,PDK2,PDK2,PDK2,PDK2,PDK2,PDK2,GABRA2,PDK2,PDK2,PDK2,PDK2,PDK2,PDK2,VCAM1,PDK2,PDK2,PDK2,SLC39A10,PDK2,CLDN19,RAB6C,PDK2,RABRING7,PDK2,PDK2,PDK2,PDK2,PDK2,PDK2,PDK2,KHSRP,RPL7A,ADAMTS4,PDK2,NDUFC2,PDK2,LUM
LOC100134505,SLC25A2,RABL3,ITGA3,ITGA3,ITGA3,SLC16A1,ARHGEF5,RABGEF1,ITGA3,ITGA3,ITGA3,ITGA3,ITGA3,ITGA3,ITGA3,ITGA3,CDC25A,ATP6AP1P14,ITGA3,ITGA3,CREBBP,ITGA3,ITGA3,ITGA3,ITGA3,RAB42,ITGA3,ITGA3,PPA1,CXCL8,RAB20,RAB26,PREX1,ITGA3,ITGA3,CAMKL2,ITGA3,GABRG3,RPL18,ADGRL4,ITGA3,RABEP1,ITGA3,PCDHB13,RAB3C,ITGA3,ITGA3,EIF2S2H,HSPCIB,SLC25A40,ITGA3,ITGA3,ITGA3,ITGA3,ITGA3,ITGA3,ACTN4,ITGA3,ITGA3,ITGA3,ITGA3,ITGA3,ITGA3,ITGA3,ITGA3,ITGA3,ITGA3,ITGA3,GABRA3,ITGA3,ITGA3,ITGA3,ITGA3,ITGA3,ITGA3,MADCAM1,ITGA3,ITGA3,ITGA3,SLC39A1,ITGA3,CLDN3,RAB7B,ITGA3,RREB1,ITGA3,ITGA3,ITGA3,ITGA3,ITGA3,ITGA3,ITGA3,MATR3,RPL8,ADAMTS5,ITGA3,NDUFS1,ITGA3,OGN
LOC100134506,SLC25A10,RABL5,ITGA2B,ITGA2B,ITGA2B,SLC16A1,ARHGEF6,RABGEF1,ITGA2B,ITGA2B,ITGA2B,ITGA2B,ITGA2B,ITGA2B,ITGA2B,ITGA2B,CDC25B,ATP6AP1P15,ITGA2B,ITGA2B,EP300,ITGA2B,ITGA2B,ITGA2B,ITGA2B,RAB14,ITGA2B,ITGA2B,PPA2,CCL2,RAB21,RAB27A,PTK2,ITGA2B,ITGA2B,CAMK2N1,ITGA2B,GABRP,RPL19,ADGRL3,ITGA2B,RABEP2,ITGA2B,PCDHB12,RAB3D,ITGA2B,ITGA2B,EIF2S2I,HSPCIC,SLC25A41,ITGA2B,ITGA2B,ITGA2B,ITGA2B,ITGA2B,ITGA2B,ADD1,ITGA2B,ITGA2B,ITGA2B,ITGA2B,ITGA2B,ITGA2B,ITGA2B,ITGA2B,ITGA2B,ITGA2B,ITGA2B,GABRA4,ITGA2B,ITGA2B,ITGA2B,ITGA2B,ITGA2B,ITGA2B,PECAM1,ITGA2B,ITGA2B,ITGA2B,SLC39A9,ITGA2B,CLDN4,RAB7C,ITGA2B,ZHX1,ITGA2B,ITGA2B,ITGA2B,ITGA2B,ITGA2B,ITGA2B,ITGA2B,TIA1,RPL9,ADAMTS9,ITGA2B,NDUFS2,ITGA2B,PRELP
LOC100134507,SLC25A11,RABL6,ASB4,ASB4,ASB4,SLC16A1,ARHGEF7,RABGEF1,ASB4,ASB4,ASB4,ASB4,ASB4,ASB4,ASB4,ASB4,CDC25C,ATP6AP1P16,ASB4,ASB4,ELK1,ASB4,ASB4,ASB4,ASB4,RAB3IP1,ASB4,ASB4,PPAP2A,CCR5,RAB22A,RAB27B,PTPN11,ASB4,ASB4,CAMK2N2,ASB4,GABRQ,RPL21,ADGRL2,ASB4,RABGAP1R,ASB4,PCDHB11,RAB3A,ASB4,ASB4,EIF2S2J,HSPCID,SLC25A42,ASB4,ASB4,ASB4,ASB4,ASB4,ASB4,ADD2,ASB4,ASB4,ASB4,ASB4,ASB4,ASB4,ASB4,ASB4,ASB4,ASB4,ASB4,GABRA5,ASB4,ASB4,ASB4,ASB4,ASB4,ASB4,SELE,ASB4,ASB4,ASB4,SLC39A8,ASB4,CLDN10,RAB8A,ASB4,ZNF691,ASB4,ASB4,ASB4,ASB4,ASB4,ASB4,ASB4,TIAL1,EEF1A1,ADAMTS10,ASB4,NDUFS3,ASB4,PRG4
LOC100134508,SLC17A5,RABL6B,GDE1,GDE1,GDE1,SLC16A1,ARHGEF9,RABGEF1,GDE1,GDE1,GDE1,GDE1,GDE1,GDE1,GDE1,GDE1,PLK1,ATP6AP1P17,GDE1,GDE1,SRF,GDE1,GDE1,GDE1,GDE1,RAB15,GDE1,GDE1,PPAP2B,MMP9,RAB22B,RAB28,RAP1A,GDE1,GDE1,CaM kinase,GDE1,GABRR1,RPL22,ADGRL1,GDE1,RABGDIB,GDE1,PCDHB10,RAB3B,GDE1,GDE1,EIF2S2K,HSPCIE,SLC25A43,GDE1,GDE1,GDE1,GDE1,GDE1,GDE1,ANK1,GDE1,GDE1,GDE1,GDE1,GDE1,GDE1,GDE1,GDE1,GDE1,GDE1,GDE1,GABRA6,GDE1,GDE1,GDE1,GDE1,GDE1,GDE1,SELL,GDE1,GDE1,GDE1,SLC39A7,GDE1,CLDN14,RAB8B,GDE1,ZNF516,GDE1,GDE1,GDE1,GDE1,GDE1,GDE1,GDE1,PCBP2,EEF1A2,ADAMTS12,GDE1,NDUFS4,GDE1,SPARC
LOC100134509,SLC17A9,RABLA,REX1BD,REX1BD,REX1BD,SLC16A1,ARHGEF9B,RABGEF1,REX1BD,REX1BD,REX1BD,REX1BD,REX1BD,REX1BD,REX1BD,REX1BD,PLK2,ATP6AP1P18,REX1BD,REX1BD,TCF4,REX1BD,REX1BD,REX1BD,REX1BD,RAB3IP5,REX1BD,REX1BD,PPAP2C,TIMP1,RAB23,RAB29,RASGRP1,REX1BD,REX1BD,CaMKK,REX1BD,GABRR2,RPL23,ADGRF5,REX1BD,RABGDIC,REX1BD,PCDHB9,RAB3IP5,REX1BD,REX1BD,EIF2S2L,HSPCIF,SLC25A44,REX1BD,REX1BD,REX1BD,REX1BD,REX1BD,REX1BD,APLN,REX1BD,REX1BD,REX1BD,REX1BD,REX1BD,REX1BD,REX1BD,REX1BD,REX1BD,REX1BD,REX1BD,GABRB1,REX1BD,REX1BD,REX1BD,REX1BD,REX1BD,REX1BD,SELP,REX1BD,REX1BD,REX1BD,SLC39A6,REX1BD,CLDN16,RAB8C,REX1BD,ZNF280A,REX1BD,REX1BD,REX1BD,REX1BD,REX1BD,REX1BD,REX1BD,PCBP1,EEF1B2,ADAMTS15,REX1BD,NDUFS6,REX1BD,SPOCK1
LOC100134510,SLC17A8,RABM22,CRLF1,CRLF1,CRLF1,SLC16A1,ARHGEF10,RABGEF1,CRLF1,CRLF1,CRLF1,CRLF1,CRLF1,CRLF1,CRLF1,CRLF1,PLK3,ATP6AP1P19,CRLF1,CRLF1,LEF1,CRLF1,CRLF1,CRLF1,CRLF1,RAB19,CRLF1,CRLF1,PPAP2D,VCAM1,RAB24,RAB30,SH3BP2,CRLF1,CRLF1,CaM,CRLF1,GABRR3,RPL23A,ADGRF4,CRLF1,RABGDI,CRLF1,PCDHB8,RAB3GALT1,CRLF1,CRLF1,EIF2S2M,HSPCIH,SLC25A45,CRLF1,CRLF1,CRLF1,CRLF1,CRLF1,CRLF1,ARHGEF1,CRLF1,CRLF1,CRLF1,CRLF1,CRLF1,CRLF1,CRLF1,CRLF1,CRLF1,CRLF1,CRLF1,GABRB2,CRLF1,CRLF1,CRLF1,CRLF1,CRLF1,CRLF1,CD34,CRLF1,CRLF1,CRLF1,SLC39A5,CRLF1,CLDN17,RAB9C,CRLF1,ZNF592,CRLF1,CRLF1,CRLF1,CRLF1,CRLF1,CRLF1,CRLF1,PABPC1,EEF1D,ADAMTSL1,CRLF1,NDUFS7,CRLF1,THBS1
LOC100134511,SLC17A1,RABP1,OSBPL7,OSBPL7,OSBPL7,SLC16A1,ARHGEF24,RABGEF1,OSBPL7,OSBPL7,OSBPL7,OSBPL7,OSBPL7,OSBPL7,OSBPL7,OSBPL7,AURKA,ATP6AP1P20,OSBPL7,OSBPL7,TCF7,OSBPL7,OSBPL7,OSBPL7,OSBPL7,RAB37L1,OSBPL7,OSBPL7,PPAP2G,ICAM1,RAB25,RAB31,SOS1,OSBPL7,OSBPL7,CALM1,OSBPL7,GHR,RPL24,ADGRF3,OSBPL7,RABIF,OSBPL7,PCDHB7,RAB3GALT,OSBPL7,OSBPL7,EIF2S2N,HSPCII,SLC25A46,OSBPL7,OSBPL7,OSBPL7,OSBPL7,OSBPL7,OSBPL7,ARHGEF12,OSBPL7,OSBPL7,OSBPL7,OSBPL7,OSBPL7,OSBPL7,OSBPL7,OSBPL7,OSBPL7,OSBPL7,OSBPL7,GABRB3,OSBPL7,OSBPL7,OSBPL7,OSBPL7,OSBPL7,OSBPL7,ENG,OSBPL7,OSBPL7,OSBPL7,SLC39A4,OSBPL7,CLDN20,RAB16,OSBPL7,ZNF280B,OSBPL7,OSBPL7,OSBPL7,OSBPL7,OSBPL7,OSBPL7,OSBPL7,YBX1,EEF1E1,ADAMTSL4,OSBPL7,NDUFS8,OSBPL7,THBS2
LOC100134512,SLC17A2,RABP4IP,TMEM98,TMEM98,TMEM98,SLC16A1,ARHGEF23,RABGEF1,TMEM98,TMEM98,TMEM98,TMEM98,TMEM98,TMEM98,TMEM98,TMEM98,AURKB,ATP6AP1P21,TMEM98,TMEM98,TCF7L1,TMEM98,TMEM98,TMEM98,TMEM98,RAB3IL1L,TMEM98,TMEM98,PPAP5D1,ELAM1,RAB26,RAB34,SRC,TMEM98,TMEM98,CALM2,TMEM98,GHRHR,RPL26,ADGRF2,TMEM98,RABIN8,TMEM98,PCDHB6,RAB43L,TMEM98,TMEM98,EIF2S2O,HSPCIJ,SLC25A47,TMEM98,TMEM98,TMEM98,TMEM98,TMEM98,TMEM98,ARHGEF18,TMEM98,TMEM98,TMEM98,TMEM98,TMEM98,TMEM98,TMEM98,TMEM98,TMEM98,TMEM98,TMEM98,GABRD,TMEM98,TMEM98,TMEM98,TMEM98,TMEM98,TMEM98,ESAM,TMEM98,TMEM98,TMEM98,SLC39A3,TMEM98,CLDN22,RAB1B,TMEM98,ZNF703,TMEM98,TMEM98,TMEM98,TMEM98,TMEM98,TMEM98,TMEM98,FUBP1,EEF1G,BGN,TMEM98,NDUFV1,TMEM98,THBS4
LOC100134513,SLC17A3,RABPN1,YBX2,YBX2,YBX2,SLC16A1,ARHGEF100,RABGEF1,YBX2,YBX2,YBX2,YBX2,YBX2,YBX2,YBX2,YBX2,BUB1,ATP6AP1P22,YBX2,YBX2,TCF7L2,YBX2,YBX2,YBX2,YBX2,RAB3L1,YBX2,YBX2,PPARA,SELE,RAB3A,RAB36,SYK,YBX2,YBX2,CALM3,YBX2,SST,RPL27,ADGRF1,YBX2,RABIP4,YBX2,PCDHB5,RAB42L,YBX2,YBX2,EIF2S2P,HSPCIK,SLC25A48,YBX2,YBX2,YBX2,YBX2,YBX2,YBX2,ARHGEF2,YBX2,YBX2,YBX2,YBX2,YBX2,YBX2,YBX2,YBX2,YBX2,YBX2,YBX2,GABRE,YBX2,YBX2,YBX2,YBX2,YBX2,YBX2,CDH5,YBX2,YBX2,YBX2,SLC39A2,YBX2,CLDN23,RAB1C,YBX2,ZNF660,YBX2,YBX2,YBX2,YBX2,YBX2,YBX2,YBX2,TROVE2,EEF2,DCN,YBX2,NDUFV2,YBX2,TNC
LOC100134514,SLC17A6,RABQTL,KRT33A,KRT33A,KRT33A,SLC16A1,ARHGEF103,RABGEF1,KRT33A,KRT33A,KRT33A,KRT33A,KRT33A,KRT33A,KRT33A,KRT33A,BUB1B,ATP6AP1P23,KRT33A,KRT33A,SOX1,KRT33A,KRT33A,KRT33A,KRT33A,RAB3L2,KRT33A,KRT33A,PPARD,SELP,RAB3B,RAB37,TENC1,KRT33A,KRT33A,CAMLG,KRT33A,SSTR1,RPL28,ADGRE5,KRT33A,RABIP4L1,KRT33A,PCDHB4,RAB3GAP1,KRT33A,KRT33A,EIF2S2Q,HSPCIL,SLC25A49,KRT33A,KRT33A,KRT33A,KRT33A,KRT33A,KRT33A,ARHGEF3,KRT33A,KRT33A,KRT33A,KRT33A,KRT33A,KRT33A,KRT33A,KRT33A,KRT33A,KRT33A,KRT33A,GABRG1,KRT33A,KRT33A,KRT33A,KRT33A,KRT33A,KRT33A,VWF,KRT33A,KRT33A,KRT33A,SLC38A10,KRT33A,CLDN25,RAB1D,KRT33A,ZNF337,KRT33A,KRT33A,KRT33A,KRT33A,KRT33A,KRT33A,KRT33A,TROVE1,EIF2B1,FMOD,KRT33A,NDUFV3,KRT33A,TNMD
LOC100134515,SLC17A7,RABRINGAP1,MAP3K14,MAP3K14,MAP3K14,SLC16A1,ARHGEF104,RABGEF1,MAP3K14,MAP3K14,MAP3K14,MAP3K14,MAP3K14,MAP3K14,MAP3K14,MAP3K14,BUB3,ATP6AP1P24,MAP3K14,MAP3K14,SOX2,MAP3K14,MAP3K14,MAP3K14,MAP3K14,RAB41,MAP3K14,MAP3K14,PPARG,MADCAM1,RAB3C,RAB39,TRIO,MAP3K14,MAP3K14,CAMKV,MAP3K14,SSTR2,RPL29,ADGRE2,MAP3K14,RABIP4L2,MAP3K14,PCDHB3,RAB3GAP1,MAP3K14,MAP3K14,EIF2S2R,HSPCIM,SLC25A50,MAP3K14,MAP3K14,MAP3K14,MAP3K14,MAP3K14,MAP3K14,ARHGEF6,MAP3K14,MAP3K14,MAP3K14,MAP3K14,MAP3K14,MAP3K14,MAP3K14,MAP3K14,MAP3K14,MAP3K14,MAP3K14,GABRG2,MAP3K14,MAP3K14,MAP3K14,MAP3K14,MAP3K14,MAP3K14,CLDN5,MAP3K14,MAP3K14,MAP3K14,SLC38A9,MAP3K14,CLDN12,RAB1E,MAP3K14,ZNF629,MAP3K14,MAP3K14,MAP3K14,MAP3K14,MAP3K14,MAP3K14,MAP3K14,SSB,EIF2B2,LUM,MAP3K14,SDHAF1,MAP3K14,UNC5B
LOC100134516,SLC17A4,RABGAP1L,ABCC8,ABCC8,ABCC8,SLC16A1,ARHGEF106,RABGEF1,ABCC8,ABCC8,ABCC8,ABCC8,ABCC8,ABCC8,ABCC8,ABCC8,MAD2L1,ATP6AP1P25,ABCC8,ABCC8,SOX3,ABCC8,ABCC8,ABCC8,ABCC8,RAB40A,ABCC8,ABCC8,PPBP,PECAM1,RAB3D,RAB4A,TSN,ABCC8,ABCC8,CAMK,ABCC8,SSTR3,RPL30,ADGRE1,ABCC8,RABKINECTIN,ABCC8,PCDHB2,RAB3IP2,ABCC8,ABCC8,EIF2S2S,HSPCIN,SLC25A51,ABCC8,ABCC8,ABCC8,ABCC8,ABCC8,ABCC8,ARHGEF7,ABCC8,ABCC8,ABCC8,ABCC8,ABCC8,ABCC8,ABCC8,ABCC8,ABCC8,ABCC8,ABCC8,GABRG3,ABCC8,ABCC8,ABCC8,ABCC8,ABCC8,ABCC8,TJP1,ABCC8,ABCC8,ABCC8,SLC38A8,ABCC8,CLDN15,RAB1F,ABCC8,ZNF618,ABCC8,ABCC8,ABCC8,ABCC8,ABCC8,ABCC8,ABCC8,LARP1,EIF2B3,OGN,ABCC8,SDHAF2,ABCC8,ADAM10
LOC100134517,SLC16A11,RABGEF1L2,CACNG3,CACNG3,CACNG3,SLC16A1,ARHGEF10T,RABGEF1,CACNG3,CACNG3,CACNG3,CACNG3,CACNG3,CACNG3,CACNG3,CACNG3,CENPE,ATP6AP1P26,CACNG3,CACNG3,SOX4,CACNG3,CACNG3,CACNG3,CACNG3,RAB3DIP,CACNG3,CACNG3,PPCS,ESAM,RAB3GAP2,RAB4B,TKS5,CACNG3,CACNG3,PLD1,CACNG3,SSTR4,RPL31,ADGIV1,CACNG3,RABKINECTIN-LIKE,CACNG3,PCDHB1,RAB3IP4,CACNG3,CACNG3,EIF2S2T,HSPCIO,SLC25A52,CACNG3,CACNG3,CACNG3,CACNG3,CACNG3,CACNG3,ARHGEF9,CACNG3,CACNG3,CACNG3,CACNG3,CACNG3,CACNG3,CACNG3,CACNG3,CACNG3,CACNG3,CACNG3,GABRP,CACNG3,CACNG3,CACNG3,CACNG3,CACNG3,CACNG3,TJP2,CACNG3,CACNG3,CACNG3,SLC38A7,CACNG3,CLDN18,RAB1G,CACNG3,ZNF616,CACNG3,CACNG3,CACNG3,CACNG3,CACNG3,CACNG3,CACNG3,IGF2BP1,EIF2B4,PRELP,CACNG3,SDHAF3,CACNG3,ADAM17
LOC100134518,SLC16A12,RABIN8,TMEM132A,TMEM132A,TMEM132A,SLC16A1,ARHGEF12,RABGEF1,TMEM132A,TMEM132A,TMEM132A,TMEM132A,TMEM132A,TMEM132A,TMEM132A,TMEM132A,CENPF,ATP6AP1P27,TMEM132A,TMEM132A,SOX5,TMEM132A,TMEM132A,TMEM132A,TMEM132A,RAB3DIP1,TMEM132A,TMEM132A,PPDDC1,JAM1,RAB4A,RAB5A,VAV3,TMEM132A,TMEM132A,PLD2,TMEM132A,SSTR5,RPL32,ADGRL,TMEM132A,ALS2,TMEM132A,PCDHGA12,RAB3IP5,TMEM132A,TMEM132A,EIF2S2U,HPCAL1,SLC25A53,TMEM132A,TMEM132A,TMEM132A,TMEM132A,TMEM132A,TMEM132A,BAI3,TMEM132A,TMEM132A,TMEM132A,TMEM132A,TMEM132A,TMEM132A,TMEM132A,TMEM132A,TMEM132A,TMEM132A,TMEM132A,GABRQ,TMEM132A,TMEM132A,TMEM132A,TMEM132A,TMEM132A,TMEM132A,JAM2,TMEM132A,TMEM132A,TMEM132A,SLC38A6,TMEM132A,CLDN9,RAB1H,TMEM132A,ZNF608,TMEM132A,TMEM132A,TMEM132A,TMEM132A,TMEM132A,TMEM132A,TMEM132A,IGF2BP3,EIF2B5,PRG4,TMEM132A,SDHAF4,TMEM132A,MMP1
LOC100134520,SLC16A1,RABGAP2,AP2B1,AP2B1,AP2B1,SLC16A1,ARHGEF18,RABGEF1,AP2B1,AP2B1,AP2B1,AP2B1,AP2B1,AP2B1,AP2B1,AP2B1,KIF11,ATP6AP1P28,AP2B1,AP2B1,SOX6,AP2B1,AP2B1,AP2B1,AP2B1,RAB3DIP2,AP2B1,AP2B1,PDE10A,CDH5,RAB4B,RAB5B,ZYX,AP2B1,AP2B1,PLCL1,AP2B1,NPY1R,RPL34,ADGRD2,AP2B1,RABGEF1L3,AP2B1,PCDHGA11,RAB3IL1,AP2B1,AP2B1,EIF2S2V,HPCAL4,SLC25A54,AP2B1,AP2B1,AP2B1,AP2B1,AP2B1,AP2B1,BCAR1,AP2B1,AP2B1,AP2B1,AP2B1,AP2B1,AP2B1,AP2B1,AP2B1,AP2B1,AP2B1,AP2B1,GABRR1,AP2B1,AP2B1,AP2B1,AP2B1,AP2B1,AP2B1,JAM3,AP2B1,AP2B1,AP2B1,SLC38A4,AP2B1,CLDN7,RAB1I,AP2B1,ZNF600,AP2B1,AP2B1,AP2B1,AP2B1,AP2B1,AP2B1,AP2B1,ILF3,EIF3A,SPARC,AP2B1,SDHB,AP2B1,MMP2
LOC100134521,SLC16A2,RABGEF1,TAC1,TAC1,TAC1,SLC16A1,ARHGEF2,RABGEF1,TAC1,TAC1,TAC1,TAC1,TAC1,TAC1,TAC1,TAC1,KIF2C,ATP6AP1P29,TAC1,TAC1,SOX7,TAC1,TAC1,TAC1,TAC1,RAB24,TAC1,TAC1,PDE11A,VWF,RAB5C,RAB5C,ABL1,TAC1,TAC1,PLCL2,TAC1,NPY2R,RPL35,ADGRD1,TAC1,RABGEF1L4,TAC1,PCDHGA10,RAB3C,TAC1,TAC1,EIF2S2W,HSPB2,SLC25A55,TAC1,TAC1,TAC1,TAC1,TAC1,TAC1,CALD1,TAC1,TAC1,TAC1,TAC1,TAC1,TAC1,TAC1,TAC1,TAC1,TAC1,TAC1,GABRR2,TAC1,TAC1,TAC1,TAC1,TAC1,TAC1,CD93,TAC1,TAC1,TAC1,SLC38A3,TAC1,CLDN8,RAB1J,TAC1,ZNF593,TAC1,TAC1,TAC1,TAC1,TAC1,TAC1,TAC1,RBMX,EIF3B,SPOCK1,TAC1,SDHC,TAC1,MMP3
LOC100134522,SLC16A3,RABGEF1L,ZNF263,ZNF263,ZNF263,SLC16A1,ARHGEF25,RABGEF1,ZNF263,ZNF263,ZNF263,ZNF263,ZNF263,ZNF263,ZNF263,ZNF263,KIF20A,ATP6AP1P30,ZNF263,ZNF263,SOX8,ZNF263,ZNF263,ZNF263,ZNF263,RAB321B,ZNF263,ZNF263,PDE12,FLT1,RAB6A,RAB6A,ACTR1A,ZNF263,ZNF263,DGKA,ZNF263,NPY5R,RPL36,ADGRV1,ZNF263,RABGEF1L5,ZNF263,PCDHGA9,RAB3D,ZNF263,ZNF263,EIF2S2X,HSPB3,SLC25A56,ZNF263,ZNF263,ZNF263,ZNF263,ZNF263,ZNF263,CALU,ZNF263,ZNF263,ZNF263,ZNF263,ZNF263,ZNF263,ZNF263,ZNF263,ZNF263,ZNF263,ZNF263,GABRR3,ZNF263,ZNF263,ZNF263,ZNF263,ZNF263,ZNF263,CD31,ZNF263,ZNF263,ZNF263,SLC38A2,ZNF263,CLDN13,RAB1K,ZNF263,ZNF589,ZNF263,ZNF263,ZNF263,ZNF263,ZNF263,ZNF263,ZNF263,RBM14,EIF3C,THBS1,ZNF263,SDHD,ZNF263,MMP7
LOC100134523,SLC16A4,RABGEF1L2,CX3CL1,CX3CL1,CX3CL1,SLC16A1,ARHGEF26,RABGEF1,CX3CL1,CX3CL1,CX3CL1,CX3CL1,CX3CL1,CX3CL1,CX3CL1,CX3CL1,KIF23,ATP6AP1P31,CX3CL1,CX3CL1,SOX9,CX3CL1,CX3CL1,CX3CL1,CX3CL1,RAB26,CX3CL1,CX3CL1,PDE1A,KDR,RAB6B,RAB6B,AFDN,CX3CL1,CX3CL1,DGKB,CX3CL1,GALR1,RPL36A,ADGRV2,CX3CL1,RABGEF1L6,CX3CL1,PCDHGA7,RAB3A,CX3CL1,CX3CL1,EIF2S2Y,HSPB9,SLC25A57,CX3CL1,CX3CL1,CX3CL1,CX3CL1,CX3CL1,CX3CL1,CAV1,CX3CL1,CX3CL1,CX3CL1,CX3CL1,CX3CL1,CX3CL1,CX3CL1,CX3CL1,CX3CL1,CX3CL1,CX3CL1,GABRT,CX3CL1,CX3CL1,CX3CL1,CX3CL1,CX3CL1,CX3CL1,CD36,CX3CL1,CX3CL1,CX3CL1,SLC38A1,CX3CL1,CDH1,RAB1L,CX3CL1,ZNF587,CX3CL1,CX3CL1,CX3CL1,CX3CL1,CX3CL1,CX3CL1,CX3CL1,RBM5,EIF3D,THBS2,CX3CL1,UQCR10,CX3CL1,MMP9
LOC100134524,SLC16A6,RABGGTA,SPATA20,SPATA20,SPATA20,SLC16A1,ARHGEF28,RABGEF1,SPATA20,SPATA20,SPATA20,SPATA20,SPATA20,SPATA20,SPATA20,SPATA20,KIF15,ATP6AP1P32,SPATA20,SPATA20,SOX10,SPATA20,SPATA20,SPATA20,SPATA20,RAB4A,SPATA20,SPATA20,PDE1B,FLT4,RAB6C,RAB6C,AMOT,SPATA20,SPATA20,DGKD,SPATA20,GALR2,RPL36AL,ADGRV3,SPATA20,RABGEF1L7,SPATA20,PCDHGA6,RAB3B,SPATA20,SPATA20,EIF2S2Z,HSPB11,SLC25A58,SPATA20,SPATA20,SPATA20,SPATA20,SPATA20,SPATA20,CAV2,SPATA20,SPATA20,SPATA20,SPATA20,SPATA20,SPATA20,SPATA20,SPATA20,SPATA20,SPATA20,SPATA20,GLRA1,SPATA20,SPATA20,SPATA20,SPATA20,SPATA20,SPATA20,CD14,SPATA20,SPATA20,SPATA20,SLC36A2,SPATA20,CDH2,RAB1M,SPATA20,ZNF585B,SPATA20,SPATA20,SPATA20,SPATA20,SPATA20,SPATA20,SPATA20,RBM10,EIF3E,THBS4,SPATA20,UQCR11,SPATA20,MMP10
LOC100134525,SLC16A7,RABGGTB,CACNA1G,CACNA1G,CACNA1G,SLC16A1,ARHGEF3,RABGEF1,CACNA1G,CACNA1G,CACNA1G,CACNA1G,CACNA1G,CACNA1G,CACNA1G,CACNA1G,TPX2,ATP6AP1P33,CACNA1G,CACNA1G,POU5F1,CACNA1G,CACNA1G,CACNA1G,CACNA1G,RAB34L1,CACNA1G,CACNA1G,PDE1C,PDGF,RAB8A,RAB7A,ARAP1,CACNA1G,CACNA1G,DGKE,CACNA1G,GALR3,RPL37,ADGRV4,CACNA1G,RABGEF1L8,CACNA1G,PCDHGA5,RAB3IP5,CACNA1G,CACNA1G,EIF2S2AA,HSPB1,SLC25A59,CACNA1G,CACNA1G,CACNA1G,CACNA1G,CACNA1G,CACNA1G,CDH1,CACNA1G,CACNA1G,CACNA1G,CACNA1G,CACNA1G,CACNA1G,CACNA1G,CACNA1G,CACNA1G,CACNA1G,CACNA1G,GLRA2,CACNA1G,CACNA1G,CACNA1G,CACNA1G,CACNA1G,CACNA1G,CD11B,CACNA1G,CACNA1G,CACNA1G,SLC36A1,CACNA1G,CDH3,RAB1N,CACNA1G,ZNF585A,CACNA1G,CACNA1G,CACNA1G,CACNA1G,CACNA1G,CACNA1G,CACNA1G,RBM17,EIF3F,VCAN,CACNA1G,UQCRB,CACNA1G,MMP11
LOC100134526,SLC16A8,RABJGG,TNFRSF12A,TNFRSF12A,TNFRSF12A,SLC16A1,ARHGEF35,RABGEF1,TNFRSF12A,TNFRSF12A,TNFRSF12A,TNFRSF12A,TNFRSF12A,TNFRSF12A,TNFRSF12A,TNFRSF12A,NUF2,ATP6AP1P34,TNFRSF12A,TNFRSF12A,POU2F1,TNFRSF12A,TNFRSF12A,TNFRSF12A,TNFRSF12A,RAB33A,TNFRSF12A,TNFRSF12A,PDE2A,PDGFR,RAB8B,RAB7B,ARHGEF2,TNFRSF12A,TNFRSF12A,DGKG,TNFRSF12A,CCKAR,RPL37A,ADGRV5,TNFRSF12A,RABGEF1L9,TNFRSF12A,PCDHGA4,RAB3GALT1,TNFRSF12A,TNFRSF12A,EIF2S2AB,HSPB4,SLC25A60,TNFRSF12A,TNFRSF12A,TNFRSF12A,TNFRSF12A,TNFRSF12A,TNFRSF12A,CDH10,TNFRSF12A,TNFRSF12A,TNFRSF12A,TNFRSF12A,TNFRSF12A,TNFRSF12A,TNFRSF12A,TNFRSF12A,TNFRSF12A,TNFRSF12A,TNFRSF12A,GLRA3,TNFRSF12A,TNFRSF12A,TNFRSF12A,TNFRSF12A,TNFRSF12A,TNFRSF12A,FCGR1A,TNFRSF12A,TNFRSF12A,TNFRSF12A,SLC35F1,TNFRSF12A,CDH4,RAB1O,TNFRSF12A,ZNF580,TNFRSF12A,TNFRSF12A,TNFRSF12A,TNFRSF12A,TNFRSF12A,TNFRSF12A,TNFRSF12A,RBM4,EIF3G,VWA1,TNFRSF12A,UQCRO,TNFRSF12A,MMP12
LOC100134527,SLC16A9,RABL2A,DLX6,DLX6,DLX6,SLC16A1,ARHGEF37,RABGEF1,DLX6,DLX6,DLX6,DLX6,DLX6,DLX6,DLX6,DLX6,ZWINT,ATP6AP1P35,DLX6,DLX6,POU2F2,DLX6,DLX6,DLX6,DLX6,RAB33B,DLX6,DLX6,PDE3A,FGFR,RABEP2,RAB7L1,ARHGEF7,DLX6,DLX6,DGKH,DLX6,CCKBR,RPL38,ADGRB3,DLX6,RABGEF1L10,DLX6,PCDHGA3,RAB3GALT,DLX6,DLX6,EIF2S2AC,HSPB7,SLC25A61,DLX6,DLX6,DLX6,DLX6,DLX6,DLX6,CDH11,DLX6,DLX6,DLX6,DLX6,DLX6,DLX6,DLX6,DLX6,DLX6,DLX6,DLX6,GLRA4,DLX6,DLX6,DLX6,DLX6,DLX6,DLX6,FCGR2A,DLX6,DLX6,DLX6,SLC35F5,DLX6,CDH6,RAB1P,DLX6,ZNF578,DLX6,DLX6,DLX6,DLX6,DLX6,DLX6,DLX6,RBM3,EIF3H,VTN,DLX6,UOCRQ,DLX6,MMP13
LOC100134529,SLC16A1,RABL2B,MAP3K9,MAP3K9,MAP3K9,SLC16A1,ARHGEF38,RABGEF1,MAP3K9,MAP3K9,MAP3K9,MAP3K9,MAP3K9,MAP3K9,MAP3K9,MAP3K9,ZWILCH,ATP6AP1P36,MAP3K9,MAP3K9,POU3F1,MAP3K9,MAP3K9,MAP3K9,MAP3K9,RAB3GAP1L,MAP3K9,MAP3K9,PDE3B,FGFR1,RABGAP1,RAB7L2,ARHGEF9,MAP3K9,MAP3K9,DGKI,MAP3K9,HCRTR1,RPL39,ADGRB2,MAP3K9,RABGEF1L11,MAP3K9,PCDHGA2,RAB43L,MAP3K9,MAP3K9,EIF2S2AD,HSPB10,SLC25A62,MAP3K9,MAP3K9,MAP3K9,MAP3K9,MAP3K9,MAP3K9,CDH12,MAP3K9,MAP3K9,MAP3K9,MAP3K9,MAP3K9,MAP3K9,MAP3K9,MAP3K9,MAP3K9,MAP3K9,MAP3K9,GLR,MAP3K9,MAP3K9,MAP3K9,MAP3K9,MAP3K9,MAP3K9,FCGR2B,MAP3K9,MAP3K9,MAP3K9,SLC35F3,MAP3K9,CDH7,RAB1Q,MAP3K9,ZNF566,MAP3K9,MAP3K9,MAP3K9,MAP3K9,MAP3K9,MAP3K9,MAP3K9,RBM25,EIF3I,WISP1,MAP3K9,UQCRC1,MAP3K9,MMP14
LOC100134530,SLC16A10,RABL3,RALA,RALA,RALA,SLC16A1,ARHGEF39,RABGEF1,RALA,RALA,RALA,RALA,RALA,RALA,RALA,RALA,ROBO4,ATP6AP1P37,RALA,RALA,POU3F2,RALA,RALA,RALA,RALA,RAB36B,RALA,RALA,PDE4A,FGFR2,RABGDIB,RAB8A,BCAS3,RALA,RALA,DGKJ,RALA,HCRTR2,RPL40,ADGRB1,RALA,RABGEF1L12,RALA,PCDHGA1,RAB42L,RALA,RALA,EIF2S2AE,HSPBAP2,SLC25A63,RALA,RALA,RALA,RALA,RALA,RALA,CDH13,RALA,RALA,RALA,RALA,RALA,RALA,RALA,RALA,RALA,RALA,RALA,GRIK1,RALA,RALA,RALA,RALA,RALA,RALA,FCGR2C,RALA,RALA,RALA,SLC35F2,RALA,CDH8,RAB1R,RALA,ZNF563,RALA,RALA,RALA,RALA,RALA,RALA,RALA,RBM19,EIF3J,WISP2,RALA,UQCRC2,RALA,MMP15
LOC100134531,SLC15A1,RABL5,BAIAP2L1,BAIAP2L1,BAIAP2L1,SLC16A1,ARHGEF4,RABGEF1,BAIAP2L1,BAIAP2L1,BAIAP2L1,BAIAP2L1,BAIAP2L1,BAIAP2L1,BAIAP2L1,BAIAP2L1,EPHA3,ATP6AP1P38,BAIAP2L1,BAIAP2L1,POU3F3,BAIAP2L1,BAIAP2L1,BAIAP2L1,BAIAP2L1,RAB39A,BAIAP2L1,BAIAP2L1,PDE4B,FGFR3,RABGEF1L1,RAB8B,C3G,BAIAP2L1,BAIAP2L1,DGKK,BAIAP2L1,OXTR,RPL41,ADGRC3,BAIAP2L1,RABGEF1L13,BAIAP2L1,PCDHGA8,RAB3GAP1,BAIAP2L1,BAIAP2L1,EIF2S2AF,HSPBAP3,SLC25A64,BAIAP2L1,BAIAP2L1,BAIAP2L1,BAIAP2L1,BAIAP2L1,BAIAP2L1,CDH15,BAIAP2L1,BAIAP2L1,BAIAP2L1,BAIAP2L1,BAIAP2L1,BAIAP2L1,BAIAP2L1,BAIAP2L1,BAIAP2L1,BAIAP2L1,BAIAP2L1,GRIK2,BAIAP2L1,BAIAP2L1,BAIAP2L1,BAIAP2L1,BAIAP2L1,BAIAP2L1,FCGR3A,BAIAP2L1,BAIAP2L1,BAIAP2L1,SLC35D3,BAIAP2L1,CDH9,RAB1S,BAIAP2L1,ZNF559,BAIAP2L1,BAIAP2L1,BAIAP2L1,BAIAP2L1,BAIAP2L1,BAIAP2L1,BAIAP2L1,RBM24,EIF3K,CTGF,BAIAP2L1,UQCRFS1,BAIAP2L1,MMP16
LOC100134532,SLC15A2,RABL6,KDM7A,KDM7A,KDM7A,SLC16A1,ARHGEF40,RABGEF1,KDM7A,KDM7A,KDM7A,KDM7A,KDM7A,KDM7A,KDM7A,KDM7A,EPHA4,ATP6AP1P39,KDM7A,KDM7A,POU4F1,KDM7A,KDM7A,KDM7A,KDM7A,RAB43L,KDM7A,KDM7A,PDE4C,FGFR4,RABGEF1L2,RAB9A,CCDC168,KDM7A,KDM7A,DGKQ,KDM7A,MTNR1A,RPLP0,ADGRC1,KDM7A,RABGEF1L14,KDM7A,PCDHGB7,RAB3GAP1,KDM7A,KDM7A,EIF2S2AG,HSPBAP4,SLC25A65,KDM7A,KDM7A,KDM7A,KDM7A,KDM7A,KDM7A,CDH18,KDM7A,KDM7A,KDM7A,KDM7A,KDM7A,KDM7A,KDM7A,KDM7A,KDM7A,KDM7A,KDM7A,GRIK3,KDM7A,KDM7A,KDM7A,KDM7A,KDM7A,KDM7A,FCGR3B,KDM7A,KDM7A,KDM7A,SLC35D1,KDM7A,CDH10,RAB1T,KDM7A,ZNF558,KDM7A,KDM7A,KDM7A,KDM7A,KDM7A,KDM7A,KDM7A,RBM22,EIF3L,CYR61,KDM7A,COX4I1,KDM7A,MMP19
LOC100134533,SLC15A3,RABL6B,ETV1,ETV1,ETV1,SLC16A1,ARHGEF5,RABGEF1,ETV1,ETV1,ETV1,ETV1,ETV1,ETV1,ETV1,ETV1,EPHA5,ATP6AP1P40,ETV1,ETV1,POU4F2,ETV1,ETV1,ETV1,ETV1,RAB40AL,ETV1,ETV1,PDE4D,EGFR2,RABGGTB,RAB9B,CDK5RAP2,ETV1,ETV1,DAGK,ETV1,MTNR1B,RPLP1,ADGRC2,ETV1,RABGEF1L15,ETV1,PCDHGB6,RAB3IP2,ETV1,ETV1,EIF2S2AH,HSPBAP5,SLC25A66,ETV1,ETV1,ETV1,ETV1,ETV1,ETV1,CDH19,ETV1,ETV1,ETV1,ETV1,ETV1,ETV1,ETV1,ETV1,ETV1,ETV1,ETV1,GRIK4,ETV1,ETV1,ETV1,ETV1,ETV1,ETV1,C1QA,ETV1,ETV1,ETV1,SLC35D6,ETV1,CDH11,RAB1U,ETV1,ZNF557,ETV1,ETV1,ETV1,ETV1,ETV1,ETV1,ETV1,RBM45,EIF3M,NOV,ETV1,COX4I2,ETV1,MMP20
LOC100134534,SLC15A4,RABLA,AGK,AGK,AGK,SLC16A1,ARHGEF6,RABGEF1,AGK,AGK,AGK,AGK,AGK,AGK,AGK,AGK,EPHA6,ATP6AP1P41,AGK,AGK,POU4F3,AGK,AGK,AGK,AGK,RAB42L,AGK,AGK,PDE5A,ERBB2,RABIN8,RAB9C,CGEF,AGK,AGK,DAGLA,AGK,MTNR1L,RPLP2,CELSR3,AGK,RABGEF1L16,AGK,PCDHGB5,RAB3IP4,AGK,AGK,EIF2S2AI,HSPBAP6,SLC25A67,AGK,AGK,AGK,AGK,AGK,AGK,CDH2,AGK,AGK,AGK,AGK,AGK,AGK,AGK,AGK,AGK,AGK,AGK,GRIK5,AGK,AGK,AGK,AGK,AGK,AGK,C1QB,AGK,AGK,AGK,SLC35D5,AGK,CDH12,RAB1V,AGK,ZNF554,AGK,AGK,AGK,AGK,AGK,AGK,AGK,RBM41,EIF4A1,ANGPT1,AGK,COX5A,AGK,MMP21
LOC100134535,SLC15A5,RABM22,ALDH3B1,ALDH3B1,ALDH3B1,SLC16A1,ARHGEF7,RABGEF1,ALDH3B1,ALDH3B1,ALDH3B1,ALDH3B1,ALDH3B1,ALDH3B1,ALDH3B1,ALDH3B1,EPHA7,ATP6AP1P42,ALDH3B1,ALDH3B1,HLF,ALDH3B1,ALDH3B1,ALDH3B1,ALDH3B1,RAB44P,ALDH3B1,ALDH3B1,PDE6A,ERBB3,RABL2A,RAB9D,CIN85,ALDH3B1,ALDH3B1,DAGLB,ALDH3B1,MLNR,MRPL3,CELSR1,ALDH3B1,RABGEF1L17,ALDH3B1,PCDHGB4,RAB3IP5,ALDH3B1,ALDH3B1,EIF2S2AJ,HSPBAP7,SLC25A68,ALDH3B1,ALDH3B1,ALDH3B1,ALDH3B1,ALDH3B1,ALDH3B1,CDH20,ALDH3B1,ALDH3B1,ALDH3B1,ALDH3B1,ALDH3B1,ALDH3B1,ALDH3B1,ALDH3B1,ALDH3B1,ALDH3B1,ALDH3B1,GRIA1,ALDH3B1,ALDH3B1,ALDH3B1,ALDH3B1,ALDH3B1,ALDH3B1,C1QC,ALDH3B1,ALDH3B1,ALDH3B1,SLC35C1,ALDH3B1,CDH15,RAB1W,ALDH3B1,ZNF547,ALDH3B1,ALDH3B1,ALDH3B1,ALDH3B1,ALDH3B1,ALDH3B1,ALDH3B1,RBM38,EIF4A2,ANGPT2,ALDH3B1,COX5B,ALDH3B1,MMP23B
LOC100134536,SLC14A1,RABP1,TTC22,TTC22,TTC22,SLC16A1,ARHGEF9,RABGEF1,TTC22,TTC22,TTC22,TTC22,TTC22,TTC22,TTC22,TTC22,EPHA8,ATP6AP1P43,TTC22,TTC22,E2F1,TTC22,TTC22,TTC22,TTC22,RAB4B,TTC22,TTC22,PDE6B,ERBB4,RABL2B,RAB9E,CRKL,TTC22,TTC22,DAGK4,TTC22,TAC1,MRPL10,CELSR2,TTC22,RABGEF1L18,TTC22,PCDHGB3,RAB3IL1,TTC22,TTC22,EIF2S2AK,HSPBAP8,SLC25A69,TTC22,TTC22,TTC22,TTC22,TTC22,TTC22,CDH22,TTC22,TTC22,TTC22,TTC22,TTC22,TTC22,TTC22,TTC22,TTC22,TTC22,TTC22,GRIA2,TTC22,TTC22,TTC22,TTC22,TTC22,TTC22,C1R,TTC22,TTC22,TTC22,SLC35B4,TTC22,CDH16,RAB1X,TTC22,ZNF546,TTC22,TTC22,TTC22,TTC22,TTC22,TTC22,TTC22,RBM43,EIF4A3,TEK,TTC22,COX5C,TTC22,MMP24
LOC100134537,SLC14A2,RABP4IP,PHTF2,PHTF2,PHTF2,SLC16A1,ARHGEF9B,RABGEF1,PHTF2,PHTF2,PHTF2,PHTF2,PHTF2,PHTF2,PHTF2,PHTF2,EPHA10,ATP6AP1P44,PHTF2,PHTF2,E2F2,PHTF2,PHTF2,PHTF2,PHTF2,RAB4B-EIF3E,PHTF2,PHTF2,PDE6C,IGF1,RABL3,RAB9P1,DAPP1,PHTF2,PHTF2,DGUOK,PHTF2,TAC2,MRPL11,FAT4,PHTF2,RABGEF1L19,PHTF2,PCDHGB2,RAB3C,PHTF2,PHTF2,EIF2S2AL,HSPBAP9,SLC25A70,PHTF2,PHTF2,PHTF2,PHTF2,PHTF2,PHTF2,CDH24,PHTF2,PHTF2,PHTF2,PHTF2,PHTF2,PHTF2,PHTF2,PHTF2,PHTF2,PHTF2,PHTF2,GRIA3,PHTF2,PHTF2,PHTF2,PHTF2,PHTF2,PHTF2,C1S,PHTF2,PHTF2,PHTF2,SLC35B3,PHTF2,CDH17,RAB1Y,PHTF2,ZNF545,PHTF2,PHTF2,PHTF2,PHTF2,PHTF2,PHTF2,PHTF2,RBM47,EIF4B,TIE1,PHTF2,COX6A1,PHTF2,MMP25
LOC100134538,SLC14A3,RABPN1,CCL26,CCL26,CCL26,SLC16A1,ARHGAP1,RABGEF1,CCL26,CCL26,CCL26,CCL26,CCL26,CCL26,CCL26,CCL26,EPHB1,ATP6AP1P45,CCL26,CCL26,E2F3,CCL26,CCL26,CCL26,CCL26,RAB9B,CCL26,CCL26,PDE6D,IGF1R,RABLA,RAB9P2,DOK1,CCL26,CCL26,diacylglycerol kinase,CCL26,TAC3,MRPL12,FAT3,CCL26,RABGEF1L20,CCL26,PCDHGB1,RAB3D,CCL26,CCL26,EIF2S2AM,HSPBAPA,SLC25A71,CCL26,CCL26,CCL26,CCL26,CCL26,CCL26,CDH3,CCL26,CCL26,CCL26,CCL26,CCL26,CCL26,CCL26,CCL26,CCL26,CCL26,CCL26,GRIA4,CCL26,CCL26,CCL26,CCL26,CCL26,CCL26,C2,CCL26,CCL26,CCL26,SLC35B2,CCL26,CDH18,RAB1Z,CCL26,ZNF541,CCL26,CCL26,CCL26,CCL26,CCL26,CCL26,CCL26,RBM46,EIF4E,FGFR1,CCL26,COX6A2,CCL26,MMP26
LOC100134539,SLC13A1,RABQTL,FARP2,FARP2,FARP2,SLC16A1,ARHGAP10,RABGEF1,FARP2,FARP2,FARP2,FARP2,FARP2,FARP2,FARP2,FARP2,EPHB2,ATP6AP1P46,FARP2,FARP2,E2F4,FARP2,FARP2,FARP2,FARP2,RAB9IP,FARP2,FARP2,PDE7A,IGF2,RABL6,RAB9P3,DOK2,FARP2,FARP2,IP3 receptor,FARP2,CALCA,MRPL13,FAT2,FARP2,RABGEF1L21,FARP2,PCDHGC5,RAB3A,FARP2,FARP2,EIF2S2AN,HSPBAPB,SLC25A72,FARP2,FARP2,FARP2,FARP2,FARP2,FARP2,CDH4,FARP2,FARP2,FARP2,FARP2,FARP2,FARP2,FARP2,FARP2,FARP2,FARP2,FARP2,GRID1,FARP2,FARP2,FARP2,FARP2,FARP2,FARP2,C3,FARP2,FARP2,FARP2,SLC35A5,FARP2,CDH19,RAB2C,FARP2,ZNF534,FARP2,FARP2,FARP2,FARP2,FARP2,FARP2,FARP2,RBM48,EIF4E2,FGFR2,FARP2,COX6B1,FARP2,MMP27
LOC100134540,SLC13A2,RABRINGAP1,USH1C,USH1C,USH1C,SLC16A1,ARHGAP11A,RABGEF1,USH1C,USH1C,USH1C,USH1C,USH1C,USH1C,USH1C,USH1C,EPHB3,ATP6AP1P47,USH1C,USH1C,E2F5,USH1C,USH1C,USH1C,USH1C,RAB9GAP,USH1C,USH1C,PDE7B,IGF2R,RABL6B,RAB9P4,EFS,USH1C,USH1C,"inositol 1,4,5-trisphosphate receptor",USH1C,CALCB,MRPL14,FAT1,USH1C,RABGEF1L22,USH1C,PCDHGC4,RAB3B,USH1C,USH1C,EIF2S2AO,HSPBAPC,SLC25A73,USH1C,USH1C,USH1C,USH1C,USH1C,USH1C,CDH5,USH1C,USH1C,USH1C,USH1C,USH1C,USH1C,USH1C,USH1C,USH1C,USH1C,USH1C,GRID2,USH1C,USH1C,USH1C,USH1C,USH1C,USH1C,C4A,USH1C,USH1C,USH1C,SLC35A4,USH1C,CDH20,RAB2D,USH1C,ZNF532,USH1C,USH1C,USH1C,USH1C,USH1C,USH1C,USH1C,RBM49,EIF4EBP1,FGFR3,USH1C,COX6B2,USH1C,MMP28
LOC100134541,SLC13A3,RABEP1,GGCT,GGCT,GGCT,SLC16A1,ARHGAP11B,RABGEF1,GGCT,GGCT,GGCT,GGCT,GGCT,GGCT,GGCT,GGCT,EPHB4,ATP6AP1P48,GGCT,GGCT,RBP1,GGCT,GGCT,GGCT,GGCT,RAB9IF,GGCT,GGCT,PDE8A,INSR,RABL6C,RAB9P5,ELMO1,GGCT,GGCT,ITPR1,GGCT,CALCRL,MRPL15,CD96,GGCT,RABGEF1L23,GGCT,PCDHGC3,RAB3IP5,GGCT,GGCT,EIF2S2AP,HSPBAPD,SLC25A74,GGCT,GGCT,GGCT,GGCT,GGCT,GGCT,CDH6,GGCT,GGCT,GGCT,GGCT,GGCT,GGCT,GGCT,GGCT,GGCT,GGCT,GGCT,GRM1,GGCT,GGCT,GGCT,GGCT,GGCT,GGCT,C4B,GGCT,GGCT,GGCT,SLC35A4,GGCT,CDH22,RAB2E,GGCT,ZNF529,GGCT,GGCT,GGCT,GGCT,GGCT,GGCT,GGCT,RBM50,EIF4G1,FGFR4,GGCT,COX6C,GGCT,RECK
LOC100134542,SLC13A4,RABEPK1,DBF4,DBF4,DBF4,SLC16A1,ARHGAP12,RABGEF1,DBF4,DBF4,DBF4,DBF4,DBF4,DBF4,DBF4,DBF4,EPHB6,ATP6AP1P49,DBF4,DBF4,RBP2,DBF4,DBF4,DBF4,DBF4,RAB9B,DBF4,DBF4,PDE8B,INSRR,RABL7,RAB9P6,EVI5,DBF4,DBF4,ITPR2,DBF4,CRHR1,MRPL16,PVR,DBF4,RABGEF1L24,DBF4,PCDHGC2,RAB3GALT1,DBF4,DBF4,EIF2S2AQ,HSPBAPE,SLC25A75,DBF4,DBF4,DBF4,DBF4,DBF4,DBF4,CDH7,DBF4,DBF4,DBF4,DBF4,DBF4,DBF4,DBF4,DBF4,DBF4,DBF4,DBF4,GRM2,DBF4,DBF4,DBF4,DBF4,DBF4,DBF4,C5,DBF4,DBF4,DBF4,SLC35A3,DBF4,CDH24,RAB2F,DBF4,ZNF527,DBF4,DBF4,DBF4,DBF4,DBF4,DBF4,DBF4,RBM51,EIF4G2,PDGFB,DBF4,COX7A1,DBF4,TIMP1
LOC100134543,SLC13A5,RAB44,TBXA2R,TBXA2R,TBXA2R,SLC16A1,ARHGAP15,RABGEF1,TBXA2R,TBXA2R,TBXA2R,TBXA2R,TBXA2R,TBXA2R,TBXA2R,TBXA2R,EFNA1,ATP6AP1P50,TBXA2R,TBXA2R,RBP3,TBXA2R,TBXA2R,TBXA2R,TBXA2R,RAB9C,TBXA2R,TBXA2R,PDE9A,IRS1,RABL7A,RAB9P7,FER,TBXA2R,TBXA2R,ITPR3,TBXA2R,CRHR2,MRPL17,TIGIT,TBXA2R,RABGEF1L25,TBXA2R,PCDHGC1,RAB3GALT,TBXA2R,TBXA2R,EIF2S2AR,HSPBAPF,SLC25A76,TBXA2R,TBXA2R,TBXA2R,TBXA2R,TBXA2R,TBXA2R,CDH8,TBXA2R,TBXA2R,TBXA2R,TBXA2R,TBXA2R,TBXA2R,TBXA2R,TBXA2R,TBXA2R,TBXA2R,TBXA2R,GRM3,TBXA2R,TBXA2R,TBXA2R,TBXA2R,TBXA2R,TBXA2R,C6,TBXA2R,TBXA2R,TBXA2R,SLC35A2,TBXA2R,CDHR1,RAB2G,TBXA2R,ZNF526,TBXA2R,TBXA2R,TBXA2R,TBXA2R,TBXA2R,TBXA2R,TBXA2R,RBM52,EIF5,PDGFC,TBXA2R,COX7A2,TBXA2R,TIMP2
LOC100134544,SLC12A1,RAB42,IFRD1,IFRD1,IFRD1,SLC16A1,ARHGAP17,RABGEF1,IFRD1,IFRD1,IFRD1,IFRD1,IFRD1,IFRD1,IFRD1,IFRD1,EFNA2,ATP6AP1P51,IFRD1,IFRD1,RBP4,IFRD1,IFRD1,IFRD1,IFRD1,RAB9CD,IFRD1,IFRD1,PDGFRA,IRS2,RABL7B,RAB9P8,FGD2,IFRD1,IFRD1,inositol monophosphatase,IFRD1,AVPR1A,MRPL18,CD226,IFRD1,RABGEF1L26,IFRD1,PCDHGA3,RAB43L,IFRD1,IFRD1,EIF2S2AS,HSPBAPG,SLC25A77,IFRD1,IFRD1,IFRD1,IFRD1,IFRD1,IFRD1,CDH9,IFRD1,IFRD1,IFRD1,IFRD1,IFRD1,IFRD1,IFRD1,IFRD1,IFRD1,IFRD1,IFRD1,GRM4,IFRD1,IFRD1,IFRD1,IFRD1,IFRD1,IFRD1,C7,IFRD1,IFRD1,IFRD1,SLC35A1,IFRD1,CDHR2,RAB2H,IFRD1,ZNF525,IFRD1,IFRD1,IFRD1,IFRD1,IFRD1,IFRD1,IFRD1,RBM54,EIF5A,PDGFD,IFRD1,COX7B,IFRD1,TIMP3
LOC100134545,SLC12A2,RAB41,LGALS14,LGALS14,LGALS14,SLC16A1,ARHGAP18,RABGEF1,LGALS14,LGALS14,LGALS14,LGALS14,LGALS14,LGALS14,LGALS14,LGALS14,EFNA3,ATP6AP1P52,LGALS14,LGALS14,RBP7,LGALS14,LGALS14,LGALS14,LGALS14,RAB9D,LGALS14,LGALS14,PDGFRB,PIK3CA,RABM1,RAB9P9,FLT3,LGALS14,LGALS14,IMPA1,LGALS14,AVPR1B,MRPL19,CRTAM,LGALS14,RABGEF1L27,LGALS14,PCDHGA4,RAB42L,LGALS14,LGALS14,EIF2S2AT,HSPBAPH,SLC25A78,LGALS14,LGALS14,LGALS14,LGALS14,LGALS14,LGALS14,CLDN1,LGALS14,LGALS14,LGALS14,LGALS14,LGALS14,LGALS14,LGALS14,LGALS14,LGALS14,LGALS14,LGALS14,GRM5,LGALS14,LGALS14,LGALS14,LGALS14,LGALS14,LGALS14,C8A,LGALS14,LGALS14,LGALS14,SLC34A3,LGALS14,CDHR3,RAB2I,LGALS14,ZNF524,LGALS14,LGALS14,LGALS14,LGALS14,LGALS14,LGALS14,LGALS14,RBM6,EIF5B,VEGFA,LGALS14,COX7C,LGALS14,TIMP4
LOC100134546,SLC12A3,RAB40C,COX10,COX10,COX10,SLC16A1,ARHGAP19,RABGEF1,COX10,COX10,COX10,COX10,COX10,COX10,COX10,COX10,EFNA4,ATP6AP1P53,COX10,COX10,RARA,COX10,COX10,COX10,COX10,RAB9E,COX10,COX10,PDGFRL,PIK3R1,RABM22,RAB9P10,FSCN1,COX10,COX10,IMPA2,COX10,AVPR2,MRPL20,SLAMF7,COX10,RABGEF1L28,COX10,PCDHGA5,RAB3GAP1,COX10,COX10,EIF2S2AU,HSPBAPI,SLC25A79,COX10,COX10,COX10,COX10,COX10,COX10,CLDN10,COX10,COX10,COX10,COX10,COX10,COX10,COX10,COX10,COX10,COX10,COX10,GRM6,COX10,COX10,COX10,COX10,COX10,COX10,C8B,COX10,COX10,COX10,SLC34A2,COX10,CDHR4,RAB2J,COX10,ZNF521,COX10,COX10,COX10,COX10,COX10,COX10,COX10,RBM8A,EIF1,VEGFB,COX10,COX8A,COX10,LTBP1
LOC100134547,SLC12A4,RAB39,GTF2IRD1,GTF2IRD1,GTF2IRD1,SLC16A1,ARHGAP21,RABGEF1,GTF2IRD1,GTF2IRD1,GTF2IRD1,GTF2IRD1,GTF2IRD1,GTF2IRD1,GTF2IRD1,GTF2IRD1,EFNA5,ATP6AP1P54,GTF2IRD1,GTF2IRD1,RARB,GTF2IRD1,GTF2IRD1,GTF2IRD1,GTF2IRD1,RAB9F,GTF2IRD1,GTF2IRD1,PDIA2,AKT1,RABM23,RAB9P11,GADS,GTF2IRD1,GTF2IRD1,inositol polyphosphate 5-phosphatase,GTF2IRD1,OXER1,MRPL22,SLAMF6,GTF2IRD1,RABGEF1L29,GTF2IRD1,PCDHGA6,RAB3GAP1,GTF2IRD1,GTF2IRD1,EIF2S2AV,HSPBAPJ,SLC25A80,GTF2IRD1,GTF2IRD1,GTF2IRD1,GTF2IRD1,GTF2IRD1,GTF2IRD1,CLDN11,GTF2IRD1,GTF2IRD1,GTF2IRD1,GTF2IRD1,GTF2IRD1,GTF2IRD1,GTF2IRD1,GTF2IRD1,GTF2IRD1,GTF2IRD1,GTF2IRD1,GRM7,GTF2IRD1,GTF2IRD1,GTF2IRD1,GTF2IRD1,GTF2IRD1,GTF2IRD1,C8G,GTF2IRD1,GTF2IRD1,GTF2IRD1,SLC34A1,GTF2IRD1,CDHR5,RAB2K,GTF2IRD1,ZNF519,GTF2IRD1,GTF2IRD1,GTF2IRD1,GTF2IRD1,GTF2IRD1,GTF2IRD1,GTF2IRD1,RBM39B,EIF1A,VEGFC,GTF2IRD1,COX8B,GTF2IRD1,LTBP2
LOC100134548,SLC12A5,RAB32,PAF1,PAF1,PAF1,SLC16A1,ARHGAP22,RABGEF1,PAF1,PAF1,PAF1,PAF1,PAF1,PAF1,PAF1,PAF1,SLIT1,ATP6AP1P55,PAF1,PAF1,RARG,PAF1,PAF1,PAF1,PAF1,RAB9G,PAF1,PAF1,PDIA3,AKT2,RABM25,RAB9P12,GNA13,PAF1,PAF1,INPP5A,PAF1,OXER2,MRPL23,SLAMF1,PAF1,RABGEF1L30,PAF1,PCDHGA7,RAB3IP2,PAF1,PAF1,EIF2S2AW,HSPBAPK,SLC25A81,PAF1,PAF1,PAF1,PAF1,PAF1,PAF1,CLDN12,PAF1,PAF1,PAF1,PAF1,PAF1,PAF1,PAF1,PAF1,PAF1,PAF1,PAF1,GRM8,PAF1,PAF1,PAF1,PAF1,PAF1,PAF1,C9,PAF1,PAF1,PAF1,SLC30A9,PAF1,CDHR6,RAB2L,PAF1,ZNF518A,PAF1,PAF1,PAF1,PAF1,PAF1,PAF1,PAF1,GRWD1,EIF1AX,VEGFD,PAF1,CYB5R3,PAF1,LTBP3
LOC100134549,SLC12A6,RAB30,VPS41,VPS41,VPS41,SLC16A1,ARHGAP24,RABGEF1,VPS41,VPS41,VPS41,VPS41,VPS41,VPS41,VPS41,VPS41,SLIT2,ATP6AP1P56,VPS41,VPS41,RXRA,VPS41,VPS41,VPS41,VPS41,RAB9H,VPS41,VPS41,PDIA4,AKT3,RABM4B,RAB9P13,GRAF1,VPS41,VPS41,INPP5B,VPS41,GIPR,MRPL24,SLAMF8,VPS41,RABGEF1L31,VPS41,PCDHGA9,RAB3IP4,VPS41,VPS41,EIF2S2AX,HSPBAPL,SLC25A82,VPS41,VPS41,VPS41,VPS41,VPS41,VPS41,CLDN14,VPS41,VPS41,VPS41,VPS41,VPS41,VPS41,VPS41,VPS41,VPS41,VPS41,VPS41,HTR3A,VPS41,VPS41,VPS41,VPS41,VPS41,VPS41,CFB,VPS41,VPS41,VPS41,SLC30A8,VPS41,CDHR7,RAB2M,VPS41,ZNF507,VPS41,VPS41,VPS41,VPS41,VPS41,VPS41,VPS41,GRWD2,MRPS5,PGF,VPS41,CYB5R4,VPS41,LTBP4
LOC100134550,SLC12A7,RAB29,ARHGAP44,ARHGAP44,ARHGAP44,SLC16A1,ARHGAP25,RABGEF1,ARHGAP44,ARHGAP44,ARHGAP44,ARHGAP44,ARHGAP44,ARHGAP44,ARHGAP44,ARHGAP44,SLIT3,ATP6AP1P57,ARHGAP44,ARHGAP44,RXRG,ARHGAP44,ARHGAP44,ARHGAP44,ARHGAP44,RAB9I,ARHGAP44,ARHGAP44,PDIA5,MTOR,RABM5,RAB9P14,HCK,ARHGAP44,ARHGAP44,INPP5D,ARHGAP44,GLP1R,MRPL25,CD84,ARHGAP44,RABGEF1L32,ARHGAP44,PCDHGA10,RAB3IP5,ARHGAP44,ARHGAP44,EIF2S2AY,HSPBAPM,SLC25A83,ARHGAP44,ARHGAP44,ARHGAP44,ARHGAP44,ARHGAP44,ARHGAP44,CLDN15,ARHGAP44,ARHGAP44,ARHGAP44,ARHGAP44,ARHGAP44,ARHGAP44,ARHGAP44,ARHGAP44,ARHGAP44,ARHGAP44,ARHGAP44,HTR3B,ARHGAP44,ARHGAP44,ARHGAP44,ARHGAP44,ARHGAP44,ARHGAP44,CFD,ARHGAP44,ARHGAP44,ARHGAP44,SLC30A5,ARHGAP44,CDHR9,RAB2N,ARHGAP44,ZNF503,ARHGAP44,ARHGAP44,ARHGAP44,ARHGAP44,ARHGAP44,ARHGAP44,ARHGAP44,GRWD3,MRPS10,IGFBP1,ARHGAP44,CYC1,ARHGAP44,FGF1
LOC100134551,SLC12A8,RAB28,ELAC2,ELAC2,ELAC2,SLC16A1,ARHGAP26,RABGEF1,ELAC2,ELAC2,ELAC2,ELAC2,ELAC2,ELAC2,ELAC2,ELAC2,DCC,ATP6AP1P58,ELAC2,ELAC2,NR1H2,ELAC2,ELAC2,ELAC2,ELAC2,RAB9J,ELAC2,ELAC2,PDIA6,RHEB,RABSF1,RAB9P15,HEF1,ELAC2,ELAC2,INPP5E,ELAC2,GLP2R,MRPL27,NTB4,ELAC2,RABGEF1L33,ELAC2,PCDHGA11,RAB3IL1,ELAC2,ELAC2,EIF2S2AZ,HSPBAPN,SLC25A84,ELAC2,ELAC2,ELAC2,ELAC2,ELAC2,ELAC2,CLDN16,ELAC2,ELAC2,ELAC2,ELAC2,ELAC2,ELAC2,ELAC2,ELAC2,ELAC2,ELAC2,ELAC2,HTR3C,ELAC2,ELAC2,ELAC2,ELAC2,ELAC2,ELAC2,MASP1,ELAC2,ELAC2,ELAC2,SLC30A4,ELAC2,CDHR10,RAB2O,ELAC2,ZNF498,ELAC2,ELAC2,ELAC2,ELAC2,ELAC2,ELAC2,ELAC2,GRWD4,MRPS11,IGFBP2,ELAC2,SURF1,ELAC2,FGF2
LOC100134552,SLC12A9,RAB27B,SCIN,SCIN,SCIN,SLC16A1,ARHGAP27,RABGEF1,SCIN,SCIN,SCIN,SCIN,SCIN,SCIN,SCIN,SCIN,NTN1,ATP6AP1P59,SCIN,SCIN,NR1H3,SCIN,SCIN,SCIN,SCIN,RAB9K,SCIN,SCIN,PDIAI,TSC1,RABSF2,RAB9P16,IGF1R,SCIN,SCIN,INPP5F,SCIN,GCGR,MRPL28,CRACC,SCIN,RABGEF1L34,SCIN,PCDHGA12,RAB3C,SCIN,SCIN,EIF2S2BA,HSPBAPO,SLC25A85,SCIN,SCIN,SCIN,SCIN,SCIN,SCIN,CLDN19,SCIN,SCIN,SCIN,SCIN,SCIN,SCIN,SCIN,SCIN,SCIN,SCIN,SCIN,HTR3D,SCIN,SCIN,SCIN,SCIN,SCIN,SCIN,MASP2,SCIN,SCIN,SCIN,SLC30A3,SCIN,CDHR11,RAB2P,SCIN,ZNF497,SCIN,SCIN,SCIN,SCIN,SCIN,SCIN,SCIN,GRWD5,MRPS12,IGFBP3,SCIN,SCO1,SCIN,FGFR1
LOC100134553,SLC12A9,RAB27A,MYH13,MYH13,MYH13,SLC16A1,ARHGAP28,RABGEF1,MYH13,MYH13,MYH13,MYH13,MYH13,MYH13,MYH13,MYH13,NTN3,ATP6AP1P60,MYH13,MYH13,NR1H4,MYH13,MYH13,MYH13,MYH13,RAB9L,MYH13,MYH13,PDIL,TSC2,RABSF3,RAB9P17,ILK,MYH13,MYH13,INPP5J,MYH13,GHRH,MRPL34,CD244,MYH13,RABGEF1L35,MYH13,PCDHGB1,RAB3D,MYH13,MYH13,EIF2S2BB,HSPBAPP,SLC25A86,MYH13,MYH13,MYH13,MYH13,MYH13,MYH13,CLDN23,MYH13,MYH13,MYH13,MYH13,MYH13,MYH13,MYH13,MYH13,MYH13,MYH13,MYH13,HTR3E,MYH13,MYH13,MYH13,MYH13,MYH13,MYH13,FCN3,MYH13,MYH13,MYH13,SLC30A2,MYH13,CDHR12,RAB2Q,MYH13,ZNF493,MYH13,MYH13,MYH13,MYH13,MYH13,MYH13,MYH13,PRPF3,MRPS14,IGFBP4,MYH13,SCO2,MYH13,FGFR2
LOC100134554,SLC12A2,RAB26,ADIPOR2,ADIPOR2,ADIPOR2,SLC16A1,ARHGAP29,RABGEF1,ADIPOR2,ADIPOR2,ADIPOR2,ADIPOR2,ADIPOR2,ADIPOR2,ADIPOR2,ADIPOR2,NTN4,ATP6AP1P61,ADIPOR2,ADIPOR2,NR1I2,ADIPOR2,ADIPOR2,ADIPOR2,ADIPOR2,RAB9M,ADIPOR2,ADIPOR2,PDIL3,PTEN,RABSF4,RAB9P18,INPPL1,ADIPOR2,ADIPOR2,INPP5K,ADIPOR2,TRHR,MRPL36,CD48,ADIPOR2,RABGEF1L36,ADIPOR2,PCDHGB2,RAB3A,ADIPOR2,ADIPOR2,EIF2S2BC,HSPBAPQ,SLC25A87,ADIPOR2,ADIPOR2,ADIPOR2,ADIPOR2,ADIPOR2,ADIPOR2,CLDN3,ADIPOR2,ADIPOR2,ADIPOR2,ADIPOR2,ADIPOR2,ADIPOR2,ADIPOR2,ADIPOR2,ADIPOR2,ADIPOR2,ADIPOR2,CHRM1,ADIPOR2,ADIPOR2,ADIPOR2,ADIPOR2,ADIPOR2,ADIPOR2,MBL2,ADIPOR2,ADIPOR2,ADIPOR2,SLC30A10,ADIPOR2,CDHR13,RAB2R,ADIPOR2,ZNF492,ADIPOR2,ADIPOR2,ADIPOR2,ADIPOR2,ADIPOR2,ADIPOR2,ADIPOR2,PRPF4,MRPS15,IGFBP5,ADIPOR2,PET100,ADIPOR2,FGFR3
LOC100134555,SLC12A4,RAB25,CDKL3,CDKL3,CDKL3,SLC16A1,ARHGAP30,RABGEF1,CDKL3,CDKL3,CDKL3,CDKL3,CDKL3,CDKL3,CDKL3,CDKL3,UNC5A,ATP6AP1P62,CDKL3,CDKL3,NR1I3,CDKL3,CDKL3,CDKL3,CDKL3,RAB9N,CDKL3,CDKL3,PDIL4,FOXO,RABTR1,RAB9P19,KDR,CDKL3,CDKL3,inositol polyphosphate 4-phosphatase,CDKL3,TRH,MRPL38,CD58,CDKL3,RABGEF1L37,CDKL3,PCDHGB3,RAB3B,CDKL3,CDKL3,EIF2S2BD,HSPBAPR,SLC25A88,CDKL3,CDKL3,CDKL3,CDKL3,CDKL3,CDKL3,CLDN4,CDKL3,CDKL3,CDKL3,CDKL3,CDKL3,CDKL3,CDKL3,CDKL3,CDKL3,CDKL3,CDKL3,CHRM2,CDKL3,CDKL3,CDKL3,CDKL3,CDKL3,CDKL3,SRPX2,CDKL3,CDKL3,CDKL3,SLC30A1,CDKL3,CDHR14,RAB2S,CDKL3,ZNF491,CDKL3,CDKL3,CDKL3,CDKL3,CDKL3,CDKL3,CDKL3,PRPF6,MRPS16,IGFBP6,CDKL3,PET117,CDKL3,FGFR4
LOC100134556,SLC12A5,RAB24,UPP2,UPP2,UPP2,SLC16A1,ARHGAP31,RABGEF1,UPP2,UPP2,UPP2,UPP2,UPP2,UPP2,UPP2,UPP2,UNC5B,ATP6AP1P63,UPP2,UPP2,VDR,UPP2,UPP2,UPP2,UPP2,RAB9O,UPP2,UPP2,PDIP1,GSK3B,RABTR4,RAB9P20,KIF1B,UPP2,UPP2,INPP4A,UPP2,UCN,MRPL39,CD150,UPP2,RABGEF1L38,UPP2,PCDHGB4,RAB3IP5,UPP2,UPP2,EIF2S2BE,HSPBAPS,SLC25A89,UPP2,UPP2,UPP2,UPP2,UPP2,UPP2,CLDN5,UPP2,UPP2,UPP2,UPP2,UPP2,UPP2,UPP2,UPP2,UPP2,UPP2,UPP2,CHRM3,UPP2,UPP2,UPP2,UPP2,UPP2,UPP2,SRPX,UPP2,UPP2,UPP2,SLC29A,UPP2,CDHR15,RAB2T,UPP2,ZNF488,UPP2,UPP2,UPP2,UPP2,UPP2,UPP2,UPP2,PRPF8,MRPS17,IGFBP7,UPP2,LYRM1,UPP2,FGFR5
LOC100134557,SLC11A1,RAB23,PRSS21,PRSS21,PRSS21,SLC16A1,ARHGAP32,RABGEF1,PRSS21,PRSS21,PRSS21,PRSS21,PRSS21,PRSS21,PRSS21,PRSS21,UNC5C,ATP6AP1P64,PRSS21,PRSS21,ESR1,PRSS21,PRSS21,PRSS21,PRSS21,RAB9P,PRSS21,PRSS21,PDLIM1,WNT,RABGAP1R,RAB9P21,KIF5B,PRSS21,PRSS21,INPP4B,PRSS21,UCN2,MRPL40,CD160,PRSS21,RABGEF1L39,PRSS21,PCDHGB5,RAB3GALT1,PRSS21,PRSS21,EIF2S2BF,HSPBAPT,SLC25A90,PRSS21,PRSS21,PRSS21,PRSS21,PRSS21,PRSS21,CLDN6,PRSS21,PRSS21,PRSS21,PRSS21,PRSS21,PRSS21,PRSS21,PRSS21,PRSS21,PRSS21,PRSS21,CHRM4,PRSS21,PRSS21,PRSS21,PRSS21,PRSS21,PRSS21,PLXNA1,PRSS21,PRSS21,PRSS21,SLC28A3,PRSS21,CDHR16,RAB2U,PRSS21,ZNF485,PRSS21,PRSS21,PRSS21,PRSS21,PRSS21,PRSS21,PRSS21,PRPF18,MRPS18A,MDK,PRSS21,LYRM2,PRSS21,FGFR6
LOC100134558,SLC11A2,RAB22B,MARK4,MARK4,MARK4,SLC16A1,ARHGAP33,RABGEF1,MARK4,MARK4,MARK4,MARK4,MARK4,MARK4,MARK4,MARK4,UNC5D,ATP6AP1P65,MARK4,MARK4,ESR2,MARK4,MARK4,MARK4,MARK4,RAB9Q,MARK4,MARK4,PDLIM2,CTNNB1,RABPN1,RAB9P22,KIFC1,MARK4,MARK4,inositol polyphosphate phosphatase,MARK4,UCN3,MRPL41,CD2,MARK4,RABGEF1L40,MARK4,PCDHGB6,RAB3GALT,MARK4,MARK4,EIF2S2BG,HSPBAPU,SLC25A91,MARK4,MARK4,MARK4,MARK4,MARK4,MARK4,CLDN7,MARK4,MARK4,MARK4,MARK4,MARK4,MARK4,MARK4,MARK4,MARK4,MARK4,MARK4,CHRM5,MARK4,MARK4,MARK4,MARK4,MARK4,MARK4,PLXNA2,MARK4,MARK4,MARK4,SLC28A2,MARK4,CDHR17,RAB2V,MARK4,ZNF484,MARK4,MARK4,MARK4,MARK4,MARK4,MARK4,MARK4,PRPF40B,MRPS18B,PTN,MARK4,LYRM4,MARK4,FGFR7
LOC100134559,SLC11A3,RAB22A,PROM1,PROM1,PROM1,SLC16A1,ARHGAP35,RABGEF1,PROM1,PROM1,PROM1,PROM1,PROM1,PROM1,PROM1,PROM1,PLXNA1,ATP6AP1P66,PROM1,PROM1,AR,PROM1,PROM1,PROM1,PROM1,RAB9R,PROM1,PROM1,PDLIM3,APC,RABP1,RAB9P23,K-RAS,PROM1,PROM1,"phosphatidylinositol-4,5-bisphosphate 3-kinase",PROM1,PDYN,MRPL44,CD31,PROM1,RABGEF1L41,PROM1,PCDHGB7,RAB43L,PROM1,PROM1,EIF2S2BH,HSPBAPV,SLC25A92,PROM1,PROM1,PROM1,PROM1,PROM1,PROM1,CLDN8,PROM1,PROM1,PROM1,PROM1,PROM1,PROM1,PROM1,PROM1,PROM1,PROM1,PROM1,ADRA1A,PROM1,PROM1,PROM1,PROM1,PROM1,PROM1,PLXNA3,PROM1,PROM1,PROM1,SLC28A1,PROM1,CDHR18,RAB2W,PROM1,ZNF483,PROM1,PROM1,PROM1,PROM1,PROM1,PROM1,PROM1,DHX8,MRPS18C,AREG,PROM1,LYRM7,PROM1,FGFR8
LOC100134560,SLC10A1,RAB21,CCDC124,CCDC124,CCDC124,SLC16A1,ARHGAP39,RABGEF1,CCDC124,CCDC124,CCDC124,CCDC124,CCDC124,CCDC124,CCDC124,CCDC124,PLXNA2,ATP6AP1P67,CCDC124,CCDC124,PGR,CCDC124,CCDC124,CCDC124,CCDC124,RAB9S,CCDC124,CCDC124,PDLIM4,AXIN1,RABP1IP1,RAB9P24,LCPN1,CCDC124,CCDC124,PIK3CA,CCDC124,PDYNOR,MRPL45,CD34,CCDC124,RABGEF1L42,CCDC124,PCDHGC1,RAB42L,CCDC124,CCDC124,EIF2S2BI,HSPBAPW,SLC25A93,CCDC124,CCDC124,CCDC124,CCDC124,CCDC124,CCDC124,CLDN9,CCDC124,CCDC124,CCDC124,CCDC124,CCDC124,CCDC124,CCDC124,CCDC124,CCDC124,CCDC124,CCDC124,ADRA1B,CCDC124,CCDC124,CCDC124,CCDC124,CCDC124,CCDC124,PLXNA4,CCDC124,CCDC124,CCDC124,SLC27A4,CCDC124,CDHR19,RAB2X,CCDC124,ZNF480,CCDC124,CCDC124,CCDC124,CCDC124,CCDC124,CCDC124,CCDC124,DHX9,MRPS2,EREG,CCDC124,TIMM10,CCDC124,FGFR9
LOC100134561,SLC10A2,RAB20,CEACAM21,CEACAM21,CEACAM21,SLC16A1,ARHGAP4,RABGEF1,CEACAM21,CEACAM21,CEACAM21,CEACAM21,CEACAM21,CEACAM21,CEACAM21,CEACAM21,PLXNA3,ATP6AP1P68,CEACAM21,CEACAM21,NR3C1,CEACAM21,CEACAM21,CEACAM21,CEACAM21,RAB9T,CEACAM21,CEACAM21,PDLIM5,AXIN2,RABP1IP1OS,RAB9P25,LIME1,CEACAM21,CEACAM21,PIK3CB,CEACAM21,PDYNORL,MRPL47,CD38,CEACAM21,RABGEF1L43,CEACAM21,PCDHGC2,RAB3GAP1,CEACAM21,CEACAM21,EIF2S2BJ,HSPBAPX,SLC25A94,CEACAM21,CEACAM21,CEACAM21,CEACAM21,CEACAM21,CEACAM21,CNTN1,CEACAM21,CEACAM21,CEACAM21,CEACAM21,CEACAM21,CEACAM21,CEACAM21,CEACAM21,CEACAM21,CEACAM21,CEACAM21,ADRA1D,CEACAM21,CEACAM21,CEACAM21,CEACAM21,CEACAM21,CEACAM21,PLXNB1,CEACAM21,CEACAM21,CEACAM21,SLC27A3,CEACAM21,CDHR20,RAB2Y,CEACAM21,ZNF469,CEACAM21,CEACAM21,CEACAM21,CEACAM21,CEACAM21,CEACAM21,CEACAM21,DHX15,MRPS21,HBEGF,CEACAM21,TIMM10B,CEACAM21,FGFR10
LOC100134562,SLC10A4,RAB19,PAFAH1B1,PAFAH1B1,PAFAH1B1,SLC16A1,ARHGAP40,RABGEF1,PAFAH1B1,PAFAH1B1,PAFAH1B1,PAFAH1B1,PAFAH1B1,PAFAH1B1,PAFAH1B1,PAFAH1B1,PLXNA4,ATP6AP1P69,PAFAH1B1,PAFAH1B1,NR3C2,PAFAH1B1,PAFAH1B1,PAFAH1B1,PAFAH1B1,RAB9U,PAFAH1B1,PAFAH1B1,PDLIM7,GSK3A,RABP1IP1P1,RAB9P26,LL5B,PAFAH1B1,PAFAH1B1,PIK3CD,PAFAH1B1,PDYNOS,MRPL48,CD44,PAFAH1B1,RABGEF1L44,PAFAH1B1,PCDHGC3,RAB3GAP1,PAFAH1B1,PAFAH1B1,EIF2S2BK,HSPBAPY,SLC25A95,PAFAH1B1,PAFAH1B1,PAFAH1B1,PAFAH1B1,PAFAH1B1,PAFAH1B1,CNTN2,PAFAH1B1,PAFAH1B1,PAFAH1B1,PAFAH1B1,PAFAH1B1,PAFAH1B1,PAFAH1B1,PAFAH1B1,PAFAH1B1,PAFAH1B1,PAFAH1B1,ADRA2A,PAFAH1B1,PAFAH1B1,PAFAH1B1,PAFAH1B1,PAFAH1B1,PAFAH1B1,PLXNB2,PAFAH1B1,PAFAH1B1,PAFAH1B1,SLC27A2,PAFAH1B1,CDHR21,RAB2Z,PAFAH1B1,ZNF467,PAFAH1B1,PAFAH1B1,PAFAH1B1,PAFAH1B1,PAFAH1B1,PAFAH1B1,PAFAH1B1,DHX30,MRPS22,BTC,PAFAH1B1,TIMM13,PAFAH1B1,FGFR11
LOC100134563,SLC10A6,RAB18,NOS2,NOS2,NOS2,SLC16A1,ARHGAP42,RABGEF1,NOS2,NOS2,NOS2,NOS2,NOS2,NOS2,NOS2,NOS2,PLXNB1,ATP6AP1P70,NOS2,NOS2,MLX,NOS2,NOS2,NOS2,NOS2,RAB9V,NOS2,NOS2,PDLIM9,CSNK1A1,RABP1IP1P2,RAB9P27,LMO4,NOS2,NOS2,PIK3CG,NOS2,PDYNOSL,MRPL49,CD47,NOS2,RABGEF1L45,NOS2,PCDHGC4,RAB3IP2,NOS2,NOS2,EIF2S2BL,HSPBAPZ,SLC25A96,NOS2,NOS2,NOS2,NOS2,NOS2,NOS2,CNTN4,NOS2,NOS2,NOS2,NOS2,NOS2,NOS2,NOS2,NOS2,NOS2,NOS2,NOS2,ADRA2B,NOS2,NOS2,NOS2,NOS2,NOS2,NOS2,PLXNB3,NOS2,NOS2,NOS2,SLC27A1,NOS2,CDHR22,RAB3A,NOS2,ZNF462,NOS2,NOS2,NOS2,NOS2,NOS2,NOS2,NOS2,DDX5,MRPS23,TGFA,NOS2,TIMM17A,NOS2,FGFR12
LOC100134564,SLC10A7,RAB17,DNAH9,DNAH9,DNAH9,SLC16A1,ARHGAP44,RABGEF1,DNAH9,DNAH9,DNAH9,DNAH9,DNAH9,DNAH9,DNAH9,DNAH9,PLXNB2,ATP6AP1P71,DNAH9,DNAH9,MAX,DNAH9,DNAH9,DNAH9,DNAH9,RAB9W,DNAH9,DNAH9,PDN,CSNK1D,RABP1L1,RAB9P28,MAP4K2,DNAH9,DNAH9,PIK3R1,DNAH9,PDYNN,MRPL51,CD55,DNAH9,RABGEF1L46,DNAH9,PCDHGC5,RAB3IP4,DNAH9,DNAH9,EIF2S2BM,HSPBAQ1,SLC25A97,DNAH9,DNAH9,DNAH9,DNAH9,DNAH9,DNAH9,CNTN5,DNAH9,DNAH9,DNAH9,DNAH9,DNAH9,DNAH9,DNAH9,DNAH9,DNAH9,DNAH9,DNAH9,ADRA2C,DNAH9,DNAH9,DNAH9,DNAH9,DNAH9,DNAH9,PLXDC1,DNAH9,DNAH9,DNAH9,SLC26A9,DNAH9,CDHR23,RAB3B,DNAH9,ZNF460,DNAH9,DNAH9,DNAH9,DNAH9,DNAH9,DNAH9,DNAH9,DDX17,MRPS24,TGFB,DNAH9,TIMM17B,DNAH9,FGFR13
LOC100134565,SLC10A3,RAB14,KIAA0100,KIAA0100,KIAA0100,SLC16A1,ARHGAP5,RABGEF1,KIAA0100,KIAA0100,KIAA0100,KIAA0100,KIAA0100,KIAA0100,KIAA0100,KIAA0100,PLXNB3,ATP6AP1P72,KIAA0100,KIAA0100,MXD1,KIAA0100,KIAA0100,KIAA0100,KIAA0100,RAB9X,KIAA0100,KIAA0100,PDPR,CSNK1E,RABP1L1P1,RAB9P29,MAPK14,KIAA0100,KIAA0100,PIK3R2,KIAA0100,PDYNNL,MRPL52,CD56,KIAA0100,RABGEF1L47,KIAA0100,KCNH7,RAB3IP5,KIAA0100,KIAA0100,EIF2S2BN,HSPBAQ2,SLC25A98,KIAA0100,KIAA0100,KIAA0100,KIAA0100,KIAA0100,KIAA0100,CNTN6,KIAA0100,KIAA0100,KIAA0100,KIAA0100,KIAA0100,KIAA0100,KIAA0100,KIAA0100,KIAA0100,KIAA0100,KIAA0100,ADRB1,KIAA0100,KIAA0100,KIAA0100,KIAA0100,KIAA0100,KIAA0100,PLXDC2,KIAA0100,KIAA0100,KIAA0100,SLC26A8,KIAA0100,CDHR24,RAB3E,KIAA0100,ZNF454,KIAA0100,KIAA0100,KIAA0100,KIAA0100,KIAA0100,KIAA0100,KIAA0100,DDX21,MRPS25,GDF1,KIAA0100,TIMM22,KIAA0100,FGFR14
LOC100134566,SLC10A5,RAB13,SLC13A2,SLC13A2,SLC13A2,SLC16A1,ARHGAP6,RABGEF1,SLC13A2,SLC13A2,SLC13A2,SLC13A2,SLC13A2,SLC13A2,SLC13A2,SLC13A2,PLXDC1,ATP6AP1P73,SLC13A2,SLC13A2,MAD,SLC13A2,SLC13A2,SLC13A2,SLC13A2,RAB9Y,SLC13A2,SLC13A2,PDP1,CSNK1G1,RABP1L1P2,RAB9P30,MAPK3,SLC13A2,SLC13A2,PIK3R3,SLC13A2,PDYNNS,MRPL53,CD59,SLC13A2,RABGEF1L48,SLC13A2,KCNS1,RAB3IL1,SLC13A2,SLC13A2,EIF2S2BO,HSPBAQ3,SLC25A99,SLC13A2,SLC13A2,SLC13A2,SLC13A2,SLC13A2,SLC13A2,CTNNA1,SLC13A2,SLC13A2,SLC13A2,SLC13A2,SLC13A2,SLC13A2,SLC13A2,SLC13A2,SLC13A2,SLC13A2,SLC13A2,ADRB2,SLC13A2,SLC13A2,SLC13A2,SLC13A2,SLC13A2,SLC13A2,NRP1,SLC13A2,SLC13A2,SLC13A2,SLC26A7,SLC13A2,CDHR52,RAB3F,SLC13A2,ZNF449,SLC13A2,SLC13A2,SLC13A2,SLC13A2,SLC13A2,SLC13A2,SLC13A2,DDX27,MRPS26,GDF2,SLC13A2,TIMM23,SLC13A2,FGFR16
LOC100134567,SLC9A1,RAB12,GAS7,GAS7,GAS7,SLC16A1,ARHGAP9,RABGEF1,GAS7,GAS7,GAS7,GAS7,GAS7,GAS7,GAS7,GAS7,PLXDC2,ATP6AP1P74,GAS7,GAS7,MYOD1,GAS7,GAS7,GAS7,GAS7,RAB9Z,GAS7,GAS7,PDP2,CSNK1G2,RABP1L1P3,RAB9P31,MAPKAP1,GAS7,GAS7,PIK3R4,GAS7,PDYNNSL,MRPL54,CD74,GAS7,RABGEF1L49,GAS7,KCNS2,RAB3C,GAS7,GAS7,EIF2S2BP,HSPBAQ4,SLC25A100,GAS7,GAS7,GAS7,GAS7,GAS7,GAS7,CTNNA2,GAS7,GAS7,GAS7,GAS7,GAS7,GAS7,GAS7,GAS7,GAS7,GAS7,GAS7,ADRB3,GAS7,GAS7,GAS7,GAS7,GAS7,GAS7,NRP2,GAS7,GAS7,GAS7,SLC26A6,GAS7,CDHR54,RAB3G,GAS7,ZNF444,GAS7,GAS7,GAS7,GAS7,GAS7,GAS7,GAS7,DDX1,MRPS27,GDF3,GAS7,TIMM29,GAS7,FGFR17
LOC100134568,SLC9A3,RAB11B,TRAPPC6A,TRAPPC6A,TRAPPC6A,SLC16A1,ARHGAP9,RABGEF1,TRAPPC6A,TRAPPC6A,TRAPPC6A,TRAPPC6A,TRAPPC6A,TRAPPC6A,TRAPPC6A,TRAPPC6A,SEMA3A,ATP6AP1P75,TRAPPC6A,TRAPPC6A,MYOG,TRAPPC6A,TRAPPC6A,TRAPPC6A,TRAPPC6A,RAB9P1,TRAPPC6A,TRAPPC6A,PDSS1,CSNK1G3,RABP1L1P4,RAB9P32,MARK2,TRAPPC6A,TRAPPC6A,phosphatidylinositol 3-kinase,TRAPPC6A,PENK,MRPL55,CD81,TRAPPC6A,RABGEF1L50,TRAPPC6A,KCNS3,RAB3D,TRAPPC6A,TRAPPC6A,EIF2S2BQ,HSPBAQ5,SLC25A101,TRAPPC6A,TRAPPC6A,TRAPPC6A,TRAPPC6A,TRAPPC6A,TRAPPC6A,CTNNA3,TRAPPC6A,TRAPPC6A,TRAPPC6A,TRAPPC6A,TRAPPC6A,TRAPPC6A,TRAPPC6A,TRAPPC6A,TRAPPC6A,TRAPPC6A,TRAPPC6A,BDKRB1,TRAPPC6A,TRAPPC6A,TRAPPC6A,TRAPPC6A,TRAPPC6A,TRAPPC6A,SEMA3A,TRAPPC6A,TRAPPC6A,TRAPPC6A,SLC26A4,TRAPPC6A,CDHR32,RAB3H,TRAPPC6A,ZNF443,TRAPPC6A,TRAPPC6A,TRAPPC6A,TRAPPC6A,TRAPPC6A,TRAPPC6A,TRAPPC6A,DDX18,MRPS28,GDF5,TRAPPC6A,TIMM44,TRAPPC6A,FGFR18
LOC100134569,SLC9A4,RAB11A,MATK,MATK,MATK,SLC16A1,ARHGAP1,RABGEF1,MATK,MATK,MATK,MATK,MATK,MATK,MATK,MATK,SEMA3B,ATP6AP1P76,MATK,MATK,MYF5,MATK,MATK,MATK,MATK,RAB9P2,MATK,MATK,PDSS2,CSNK2A1,RABP1L1P5,RAB9P33,MICAL1,MATK,MATK,PIK3AP1,MATK,PENKR,SMRTL,CD82,MATK,RABGEF1L51,MATK,KCNV2,RAB3A,MATK,MATK,EIF2S2BR,HSPBAQ6,SLC25A102,MATK,MATK,MATK,MATK,MATK,MATK,CTNNAL1,MATK,MATK,MATK,MATK,MATK,MATK,MATK,MATK,MATK,MATK,MATK,BDKRB2,MATK,MATK,MATK,MATK,MATK,MATK,SEMA3B,MATK,MATK,MATK,SLC26A3,MATK,CDHR42,RAB3I,MATK,ZNF439,MATK,MATK,MATK,MATK,MATK,MATK,MATK,DDX10,MRPS29,GDF6,MATK,TIMM50,MATK,FGFR20
LOC100134570,SLC9A6,RAB10,CEACAM7,CEACAM7,CEACAM7,SLC16A1,ARHGAP10,RABGEF1,CEACAM7,CEACAM7,CEACAM7,CEACAM7,CEACAM7,CEACAM7,CEACAM7,CEACAM7,SEMA3C,ATP6AP1P77,CEACAM7,CEACAM7,MYF6,CEACAM7,CEACAM7,CEACAM7,CEACAM7,RAB9P3,CEACAM7,CEACAM7,PDX1,CSNK2A2,RABP1L1P6,RAB9P34,MLLT4,CEACAM7,CEACAM7,PIK3IP1,CEACAM7,PENKRL,ZNF207,CD97,CEACAM7,RABGEF1L52,CEACAM7,KCNV1,RAB3B,CEACAM7,CEACAM7,EIF2S2BS,HSPBAQ7,SLC25A103,CEACAM7,CEACAM7,CEACAM7,CEACAM7,CEACAM7,CEACAM7,CTNND1,CEACAM7,CEACAM7,CEACAM7,CEACAM7,CEACAM7,CEACAM7,CEACAM7,CEACAM7,CEACAM7,CEACAM7,CEACAM7,CALCR,CEACAM7,CEACAM7,CEACAM7,CEACAM7,CEACAM7,CEACAM7,SEMA3C,CEACAM7,CEACAM7,CEACAM7,SLC26A2,CEACAM7,CDHR33,RAB3J,CEACAM7,ZNF438,CEACAM7,CEACAM7,CEACAM7,CEACAM7,CEACAM7,CEACAM7,CEACAM7,DDX11,MRPS30,GDF7,CEACAM7,TIMM8A,CEACAM7,FGFR21
LOC100134571,SLC9A7,RAB9B,CD79B,CD79B,CD79B,SLC16A1,ARHGAP11A,RABGEF1,CD79B,CD79B,CD79B,CD79B,CD79B,CD79B,CD79B,CD79B,SEMA3D,ATP6AP1P78,CD79B,CD79B,MEF2A,CD79B,CD79B,CD79B,CD79B,RAB9P4,CD79B,CD79B,PDXK,CK1,RABP1L1P7,RAB9P35,MRCKB,CD79B,CD79B,phosphatidylinositol-4-phosphate 5-kinase,CD79B,PENKRS,ZNF592,CD99,CD79B,RABGEF1L53,CD79B,KCNA10,RAB3IP5,CD79B,CD79B,EIF2S2BT,HSPBAQ8,SLC25A104,CD79B,CD79B,CD79B,CD79B,CD79B,CD79B,CTNND2,CD79B,CD79B,CD79B,CD79B,CD79B,CD79B,CD79B,CD79B,CD79B,CD79B,CD79B,CCKAR,CD79B,CD79B,CD79B,CD79B,CD79B,CD79B,SEMA3D,CD79B,CD79B,CD79B,SLC26A11,CD79B,CDHR34,RAB3K,CD79B,ZNF436,CD79B,CD79B,CD79B,CD79B,CD79B,CD79B,CD79B,DDX19A,MRPS31,GDF9,CD79B,TIMM8A1,CD79B,FGFR22
LOC100134572,SLC9A8,RAB9A,SCN4A,SCN4A,SCN4A,SLC16A1,ARHGAP11B,RABGEF1,SCN4A,SCN4A,SCN4A,SCN4A,SCN4A,SCN4A,SCN4A,SCN4A,SEMA3E,ATP6AP1P79,SCN4A,SCN4A,MEF2B,SCN4A,SCN4A,SCN4A,SCN4A,RAB9P5,SCN4A,SCN4A,PDZD2,CK2,RABP1L1P8,RAB9P36,MST1R,SCN4A,SCN4A,PIP5K1A,SCN4A,PENKRSL,PRMT1,CD100,SCN4A,RABGEF1L54,SCN4A,KCNA1,RAB3GALT1,SCN4A,SCN4A,EIF2S2BU,HSPBAQ9,SLC25A105,SCN4A,SCN4A,SCN4A,SCN4A,SCN4A,SCN4A,CTNNDL1,SCN4A,SCN4A,SCN4A,SCN4A,SCN4A,SCN4A,SCN4A,SCN4A,SCN4A,SCN4A,SCN4A,CCKBR,SCN4A,SCN4A,SCN4A,SCN4A,SCN4A,SCN4A,SEMA3E,SCN4A,SCN4A,SCN4A,SLC26A10,SCN4A,CDHR40,RAB3L,SCN4A,ZNF435,SCN4A,SCN4A,SCN4A,SCN4A,SCN4A,SCN4A,SCN4A,DDX19B,MRPS33,GDF10,SCN4A,TIMM8B,SCN4A,FGFR23
LOC100134573,SLC9A9,RAB8B,ST7L,ST7L,ST7L,SLC16A1,ARHGAP12,RABGEF1,ST7L,ST7L,ST7L,ST7L,ST7L,ST7L,ST7L,ST7L,SEMA3F,ATP6AP1P80,ST7L,ST7L,MEF2C,ST7L,ST7L,ST7L,ST7L,RAB9P6,ST7L,ST7L,PDZD4,PKC,RABP1L1P9,RAB9P37,MYO1C,ST7L,ST7L,PIP5K1B,ST7L,PDYN1,PRMT5,CD109,ST7L,RABGEF1L55,ST7L,KCNA2,RAB3GALT,ST7L,ST7L,EIF2S2BV,HSPBAQA,SLC25A106,ST7L,ST7L,ST7L,ST7L,ST7L,ST7L,DLG1,ST7L,ST7L,ST7L,ST7L,ST7L,ST7L,ST7L,ST7L,ST7L,ST7L,ST7L,CXCR3,ST7L,ST7L,ST7L,ST7L,ST7L,ST7L,SEMA3F,ST7L,ST7L,ST7L,SLC26A1,ST7L,CDHR41,RAB3M,ST7L,ZNF433,ST7L,ST7L,ST7L,ST7L,ST7L,ST7L,ST7L,DDX24,MRPS34,GDF11,ST7L,TIMM9B,ST7L,EGF
LOC100134574,SLC9A2,RAB8A,PAX6,PAX6,PAX6,SLC16A1,ARHGAP15,RABGEF1,PAX6,PAX6,PAX6,PAX6,PAX6,PAX6,PAX6,PAX6,SEMA3G,ATP6AP1P81,PAX6,PAX6,MEF2D,PAX6,PAX6,PAX6,PAX6,RAB9P7,PAX6,PAX6,PDZD7,PKCA,RABP1L2,RAB9P38,MYO1E,PAX6,PAX6,PIP5K1C,PAX6,PDYN2,PRMT7,CD112,PAX6,RABGEF1L56,PAX6,KCNA3,RAB43L,PAX6,PAX6,EIF2S2BW,HSPBAQB,SLC25A107,PAX6,PAX6,PAX6,PAX6,PAX6,PAX6,DLG2,PAX6,PAX6,PAX6,PAX6,PAX6,PAX6,PAX6,PAX6,PAX6,PAX6,PAX6,CXCR5,PAX6,PAX6,PAX6,PAX6,PAX6,PAX6,SEMA3G,PAX6,PAX6,PAX6,SLC25A51,PAX6,CDHR43,RAB3N,PAX6,ZNF429,PAX6,PAX6,PAX6,PAX6,PAX6,PAX6,PAX6,DDX23,MRPS35,GDF15,PAX6,TOMM20,PAX6,EGFR
LOC100134575,SLC9A3,RAB7L1,RPUSD1,RPUSD1,RPUSD1,SLC16A1,ARHGAP17,RABGEF1,RPUSD1,RPUSD1,RPUSD1,RPUSD1,RPUSD1,RPUSD1,RPUSD1,RPUSD1,SEMA4A,ATP6AP1P82,RPUSD1,RPUSD1,SIX1,RPUSD1,RPUSD1,RPUSD1,RPUSD1,RAB9P8,RPUSD1,RPUSD1,PDZD8,PKCB,RABP1L3,RAB9P39,MYO5A,RPUSD1,RPUSD1,phosphatidylinositol-5-phosphate 4-kinase,RPUSD1,PDYN3,PRMT8,CD147,RPUSD1,RABGEF1L57,RPUSD1,KCNA4,RAB42L,RPUSD1,RPUSD1,EIF2S2BX,HSPBAQC,SLC25A108,RPUSD1,RPUSD1,RPUSD1,RPUSD1,RPUSD1,RPUSD1,DLG3,RPUSD1,RPUSD1,RPUSD1,RPUSD1,RPUSD1,RPUSD1,RPUSD1,RPUSD1,RPUSD1,RPUSD1,RPUSD1,CXCR6,RPUSD1,RPUSD1,RPUSD1,RPUSD1,RPUSD1,RPUSD1,SEMA4A,RPUSD1,RPUSD1,RPUSD1,SLC25A48,RPUSD1,CDHR53,RAB3O,RPUSD1,ZNF428,RPUSD1,RPUSD1,RPUSD1,RPUSD1,RPUSD1,RPUSD1,RPUSD1,DDX50,MRPS36,GDNF,RPUSD1,TOMM22,RPUSD1,TGFB1
LOC100134576,SLC9A4,RAB7A,RHBDF1,RHBDF1,RHBDF1,SLC16A1,ARHGAP18,RABGEF1,RHBDF1,RHBDF1,RHBDF1,RHBDF1,RHBDF1,RHBDF1,RHBDF1,RHBDF1,SEMA4B,ATP6AP1P83,RHBDF1,RHBDF1,SIX2,RHBDF1,RHBDF1,RHBDF1,RHBDF1,RAB9P9,RHBDF1,RHBDF1,PDZK1,PKCG,RABP1LP1,RAB9P40,NARS,RHBDF1,RHBDF1,PIP4K2A,RHBDF1,PENK1,PRMT6,CD164,RHBDF1,RABGEF1L58,RHBDF1,KCNA5,RAB3GAP1,RHBDF1,RHBDF1,EIF2S2BY,HSPBAQD,SLC25A109,RHBDF1,RHBDF1,RHBDF1,RHBDF1,RHBDF1,RHBDF1,DLG4,RHBDF1,RHBDF1,RHBDF1,RHBDF1,RHBDF1,RHBDF1,RHBDF1,RHBDF1,RHBDF1,RHBDF1,RHBDF1,CXCR7,RHBDF1,RHBDF1,RHBDF1,RHBDF1,RHBDF1,RHBDF1,SEMA4B,RHBDF1,RHBDF1,RHBDF1,SLC25A47,RHBDF1,CDHR35,RAB3P,RHBDF1,ZNF419,RHBDF1,RHBDF1,RHBDF1,RHBDF1,RHBDF1,RHBDF1,RHBDF1,DDX47,MRPS7,NGF,RHBDF1,TOMM40,RHBDF1,TGFB2
LOC100134577,SLC9A1,RAB6C,LUC7L,LUC7L,LUC7L,SLC16A1,ARHGAP19,RABGEF1,LUC7L,LUC7L,LUC7L,LUC7L,LUC7L,LUC7L,LUC7L,LUC7L,SEMA4C,ATP6AP1P84,LUC7L,LUC7L,SIX3,LUC7L,LUC7L,LUC7L,LUC7L,RAB9P10,LUC7L,LUC7L,PDZK1IP1,PKCD,RABP1LP2,RAB9P41,N-RAS,LUC7L,LUC7L,PIP4K2B,LUC7L,PENK2,PRMT2,CD166,LUC7L,RABGEF1L59,LUC7L,KCNA6,RAB3GAP1,LUC7L,LUC7L,EIF2S2BZ,HSPBAQE,SLC25A110,LUC7L,LUC7L,LUC7L,LUC7L,LUC7L,LUC7L,DLG5,LUC7L,LUC7L,LUC7L,LUC7L,LUC7L,LUC7L,LUC7L,LUC7L,LUC7L,LUC7L,LUC7L,CX3CR1,LUC7L,LUC7L,LUC7L,LUC7L,LUC7L,LUC7L,SEMA4C,LUC7L,LUC7L,LUC7L,SLC25A46,LUC7L,CDHR30,RAB3Q,LUC7L,ZNF418,LUC7L,LUC7L,LUC7L,LUC7L,LUC7L,LUC7L,LUC7L,DDX46,MRPS9,NTF3,LUC7L,TOMM40L,LUC7L,TGFB3
LOC100134578,SLC9A10,RAB6A,CACNA2D2,CACNA2D2,CACNA2D2,SLC16A1,ARHGAP21,RABGEF1,CACNA2D2,CACNA2D2,CACNA2D2,CACNA2D2,CACNA2D2,CACNA2D2,CACNA2D2,CACNA2D2,SEMA4D,ATP6AP1P85,CACNA2D2,CACNA2D2,SIX4,CACNA2D2,CACNA2D2,CACNA2D2,CACNA2D2,RAB9P11,CACNA2D2,CACNA2D2,PDZK2,PKCE,RABP1LP3,RAB9P42,OBSCN,CACNA2D2,CACNA2D2,PIP4K2C,CACNA2D2,PENK3,PRMT3,CD317,CACNA2D2,RABGEF1L60,CACNA2D2,KCNA7,RAB3IP2,CACNA2D2,CACNA2D2,EIF2S2CA,HSPBAQF,SLC25A111,CACNA2D2,CACNA2D2,CACNA2D2,CACNA2D2,CACNA2D2,CACNA2D2,DLGAP1,CACNA2D2,CACNA2D2,CACNA2D2,CACNA2D2,CACNA2D2,CACNA2D2,CACNA2D2,CACNA2D2,CACNA2D2,CACNA2D2,CACNA2D2,DRD1,CACNA2D2,CACNA2D2,CACNA2D2,CACNA2D2,CACNA2D2,CACNA2D2,SEMA4D,CACNA2D2,CACNA2D2,CACNA2D2,SLC25A45,CACNA2D2,CDHR28,RAB3R,CACNA2D2,ZNF416,CACNA2D2,CACNA2D2,CACNA2D2,CACNA2D2,CACNA2D2,CACNA2D2,CACNA2D2,DDX41,MRPL1,NTF4,CACNA2D2,TOMM5,CACNA2D2,TGFBR1
LOC100134579,SLC9A1,RAB5C,BAIAP3,BAIAP3,BAIAP3,SLC16A1,ARHGAP22,RABGEF1,BAIAP3,BAIAP3,BAIAP3,BAIAP3,BAIAP3,BAIAP3,BAIAP3,BAIAP3,SEMA4F,ATP6AP1P86,BAIAP3,BAIAP3,SIX5,BAIAP3,BAIAP3,BAIAP3,BAIAP3,RAB9P12,BAIAP3,BAIAP3,PEA15,PKCZ,RABP1LP4,RAB9P43,OSR1,BAIAP3,BAIAP3,phosphatidylinositol-3-phosphate kinase,BAIAP3,PDYN4,PRMT4,EPCAM,BAIAP3,RABGEF1L61,BAIAP3,KCND1,RAB3IP4,BAIAP3,BAIAP3,EIF2S2CB,HSPBAQG,SLC25A112,BAIAP3,BAIAP3,BAIAP3,BAIAP3,BAIAP3,BAIAP3,DLGAP2,BAIAP3,BAIAP3,BAIAP3,BAIAP3,BAIAP3,BAIAP3,BAIAP3,BAIAP3,BAIAP3,BAIAP3,BAIAP3,DRD2,BAIAP3,BAIAP3,BAIAP3,BAIAP3,BAIAP3,BAIAP3,SEMA4F,BAIAP3,BAIAP3,BAIAP3,SLC25A44,BAIAP3,CDHR27,RAB3S,BAIAP3,ZNF415,BAIAP3,BAIAP3,BAIAP3,BAIAP3,BAIAP3,BAIAP3,BAIAP3,DDX3X,MRPL10,BDNF,BAIAP3,TOMM6,BAIAP3,TGFBR2
LOC100134580,SLC9A1,RAB5A,TSR3,TSR3,TSR3,SLC16A1,ARHGAP24,RABGEF1,TSR3,TSR3,TSR3,TSR3,TSR3,TSR3,TSR3,TSR3,SEMA4G,ATP6AP1P87,TSR3,TSR3,SIX6,TSR3,TSR3,TSR3,TSR3,RAB9P13,TSR3,TSR3,PEBP1,PKA,RABP1LP5,RAB9P44,P130CAS,TSR3,TSR3,PIK,TSR3,PENK5,DDX5,ESAM,TSR3,RABGEF1L62,TSR3,KCND2,RAB3IP5,TSR3,TSR3,EIF2S2CC,HSPBAQH,SLC25A113,TSR3,TSR3,TSR3,TSR3,TSR3,TSR3,DLGAP3,TSR3,TSR3,TSR3,TSR3,TSR3,TSR3,TSR3,TSR3,TSR3,TSR3,TSR3,DRD3,TSR3,TSR3,TSR3,TSR3,TSR3,TSR3,SEMA4G,TSR3,TSR3,TSR3,SLC25A43,TSR3,CDHR25,RAB3T,TSR3,ZNF410,TSR3,TSR3,TSR3,TSR3,TSR3,TSR3,TSR3,DDX39B,MRPL11,NTN1,TSR3,TOMM7,TSR3,TGFBR3
LOC100134581,SLC8A1,RAB43,PIGQ,PIGQ,PIGQ,SLC16A1,ARHGAP25,RABGEF1,PIGQ,PIGQ,PIGQ,PIGQ,PIGQ,PIGQ,PIGQ,PIGQ,SEMA5A,ATP6AP1P88,PIGQ,PIGQ,HAND1,PIGQ,PIGQ,PIGQ,PIGQ,RAB9P14,PIGQ,PIGQ,PECAM1,CAMP,RABP1LP6,RAB9P45,PAK4,PIGQ,PIGQ,phosphatidylinositol phosphate kinase,PIGQ,PDYN6,DDX17,IGSF8,PIGQ,RABGEF1L63,PIGQ,KCND3,RAB3IL1,PIGQ,PIGQ,EIF2S2CD,HSPBAQI,SLC25A114,PIGQ,PIGQ,PIGQ,PIGQ,PIGQ,PIGQ,EFN,PIGQ,PIGQ,PIGQ,PIGQ,PIGQ,PIGQ,PIGQ,PIGQ,PIGQ,PIGQ,PIGQ,DRD4,PIGQ,PIGQ,PIGQ,PIGQ,PIGQ,PIGQ,SEMA5A,PIGQ,PIGQ,PIGQ,SLC25A42,PIGQ,CDHRF1,RAB3U,PIGQ,ZNF408,PIGQ,PIGQ,PIGQ,PIGQ,PIGQ,PIGQ,PIGQ,DDX39A,MRPL12,NTN3,PIGQ,TOMM70A,PIGQ,PDGFRA
LOC100134582,SLC8A2,RAB40B,CRAMP1,CRAMP1,CRAMP1,SLC16A1,ARHGAP26,RABGEF1,CRAMP1,CRAMP1,CRAMP1,CRAMP1,CRAMP1,CRAMP1,CRAMP1,CRAMP1,SEMA5B,ATP6AP1P89,CRAMP1,CRAMP1,HAND2,CRAMP1,CRAMP1,CRAMP1,CRAMP1,RAB9P15,CRAMP1,CRAMP1,PEDS1,PRKAR1A,RABP1LP7,RAB9P46,PARD6B,CRAMP1,CRAMP1,phosphatidylinositol kinase,CRAMP1,PENK7,DDX21,JAM2,CRAMP1,RABGEF1L64,CRAMP1,KCNE1,RAB3C,CRAMP1,CRAMP1,EIF2S2CE,HSPBAQJ,SLC25A115,CRAMP1,CRAMP1,CRAMP1,CRAMP1,CRAMP1,CRAMP1,EFNB1,CRAMP1,CRAMP1,CRAMP1,CRAMP1,CRAMP1,CRAMP1,CRAMP1,CRAMP1,CRAMP1,CRAMP1,CRAMP1,DRD5,CRAMP1,CRAMP1,CRAMP1,CRAMP1,CRAMP1,CRAMP1,SEMA5B,CRAMP1,CRAMP1,CRAMP1,SLC25A40,CRAMP1,CDHRF2,RAB3V,CRAMP1,ZNF404,CRAMP1,CRAMP1,CRAMP1,CRAMP1,CRAMP1,CRAMP1,CRAMP1,DDX51,MRPL13,NTN4,CRAMP1,TOMM70B,CRAMP1,PDGFRB
LOC100134583,SLC8A3,RAB3IL1,TEAD3,TEAD3,TEAD3,SLC16A1,ARHGAP27,RABGEF1,TEAD3,TEAD3,TEAD3,TEAD3,TEAD3,TEAD3,TEAD3,TEAD3,SEMA6A,ATP6AP1P90,TEAD3,TEAD3,TWIST1,TEAD3,TEAD3,TEAD3,TEAD3,RAB9P16,TEAD3,TEAD3,PELI1,PRKAR1B,RABP1LP8,RAB9P47,PDGFRA,TEAD3,TEAD3,phosphatidylinositol,TEAD3,PDYN8,DDX27,JAM3,TEAD3,RABGEF1L65,TEAD3,KCNE1L,RAB3D,TEAD3,TEAD3,EIF2S2CF,HSPBAQK,SLC25A116,TEAD3,TEAD3,TEAD3,TEAD3,TEAD3,TEAD3,EFNB2,TEAD3,TEAD3,TEAD3,TEAD3,TEAD3,TEAD3,TEAD3,TEAD3,TEAD3,TEAD3,TEAD3,FFAR1,TEAD3,TEAD3,TEAD3,TEAD3,TEAD3,TEAD3,SEMA6A,TEAD3,TEAD3,TEAD3,SLC25A4,TEAD3,CDHRF3,RAB3W,TEAD3,ZNF400,TEAD3,TEAD3,TEAD3,TEAD3,TEAD3,TEAD3,TEAD3,DDX52,MRPL14,ARTN,TEAD3,TOMM70,TEAD3,PDGFC
LOC100134584,SLC7A1,RAB38,SELE,SELE,SELE,SLC16A1,ARHGAP28,RABGEF1,SELE,SELE,SELE,SELE,SELE,SELE,SELE,SELE,SEMA6B,ATP6AP1P91,SELE,SELE,TWIST2,SELE,SELE,SELE,SELE,RAB9P17,SELE,SELE,PELI2,PRKAR2A,RABP1LP9,RAB9P48,PIK4,SELE,SELE,"phosphatidylinositol-3,4-bisphosphate",SELE,PENK9,DDX51,MCAM,SELE,RABGEF1L66,SELE,KCNE2,RAB3A,SELE,SELE,EIF2S2CG,HSPBAQL,SLC25A117,SELE,SELE,SELE,SELE,SELE,SELE,EFNB3,SELE,SELE,SELE,SELE,SELE,SELE,SELE,SELE,SELE,SELE,SELE,FFAR2,SELE,SELE,SELE,SELE,SELE,SELE,SEMA6B,SELE,SELE,SELE,SLC25A39,SELE,CDHRF4,RAB3X,SELE,ZNF398,SELE,SELE,SELE,SELE,SELE,SELE,SELE,DDX55,MRPL15,PSPN,SELE,TOMM7L,SELE,PDGFD
LOC100134585,SLC7A2,RAB35,DNAJC11,DNAJC11,DNAJC11,SLC16A1,ARHGAP29,RABGEF1,DNAJC11,DNAJC11,DNAJC11,DNAJC11,DNAJC11,DNAJC11,DNAJC11,DNAJC11,SEMA6C,ATP6AP1P92,DNAJC11,DNAJC11,DLX1,DNAJC11,DNAJC11,DNAJC11,DNAJC11,RAB9P18,DNAJC11,DNAJC11,PELI3,PRKAR2B,RABPK3,RAB9P49,PIK3CA,DNAJC11,DNAJC11,PIP,DNAJC11,PENK10,DDX52,NRCAM,DNAJC11,RABGEF1L67,DNAJC11,KCNE3,RAB3B,DNAJC11,DNAJC11,EIF2S2CH,HSPBAQM,SLC25A118,DNAJC11,DNAJC11,DNAJC11,DNAJC11,DNAJC11,DNAJC11,EGFR,DNAJC11,DNAJC11,DNAJC11,DNAJC11,DNAJC11,DNAJC11,DNAJC11,DNAJC11,DNAJC11,DNAJC11,DNAJC11,FFAR3,DNAJC11,DNAJC11,DNAJC11,DNAJC11,DNAJC11,DNAJC11,SEMA6C,DNAJC11,DNAJC11,DNAJC11,SLC25A37,DNAJC11,CDHRF5,RAB3Y,DNAJC11,ZNF397,DNAJC11,DNAJC11,DNAJC11,DNAJC11,DNAJC11,DNAJC11,DNAJC11,DDX56,MRPL16,MIF,DNAJC11,DNAJC11,DNAJC11,VEGFA
LOC100134586,SLC7A3,RAB34,FMO3,FMO3,FMO3,SLC16A1,ARHGAP30,RABGEF1,FMO3,FMO3,FMO3,FMO3,FMO3,FMO3,FMO3,FMO3,SEMA6D,ATP6AP1P93,FMO3,FMO3,DLX2,FMO3,FMO3,FMO3,FMO3,RAB9P19,FMO3,FMO3,PENK,,RABPRIL,RAB9P50,PIK3R2,FMO3,FMO3,,FMO3,PENK11,DDX55,PECAM1,FMO3,RABGEF1L68,FMO3,KCNE4,RAB3IP5,FMO3,FMO3,EIF2S2CI,HSPBAQN,SLC25A119,FMO3,FMO3,FMO3,FMO3,FMO3,FMO3,EPHA1,FMO3,FMO3,FMO3,FMO3,FMO3,FMO3,FMO3,FMO3,FMO3,FMO3,FMO3,FFAR4,FMO3,FMO3,FMO3,FMO3,FMO3,FMO3,SEMA6D,FMO3,FMO3,FMO3,SLC25A36,FMO3,CDHRF6,RAB3Z,FMO3,ZNF396,FMO3,FMO3,FMO3,FMO3,FMO3,FMO3,FMO3,DDX58,MRPL17,MSTN,FMO3,MRPL10,FMO3,VEGFB
LOC100134587,SLC7A4,RAB21,MYLIP,MYLIP,MYLIP,SLC16A1,ARHGAP31,RABGEF1,MYLIP,MYLIP,MYLIP,MYLIP,MYLIP,MYLIP,MYLIP,MYLIP,SEMA6A-AS1,ATP6AP1P94,MYLIP,MYLIP,DLX3,MYLIP,MYLIP,MYLIP,MYLIP,RAB9P20,MYLIP,MYLIP,PEP4,,RABRINGAP,RAB9P51,PKN1,MYLIP,MYLIP,,MYLIP,PENK12,DDX59,SEMA4D,MYLIP,RABGEF1L69,MYLIP,KCNF1,RAB3GALT1,MYLIP,MYLIP,EIF2S2CJ,HSPBAQO,SLC25A120,MYLIP,MYLIP,MYLIP,MYLIP,MYLIP,MYLIP,EPHA2,MYLIP,MYLIP,MYLIP,MYLIP,MYLIP,MYLIP,MYLIP,MYLIP,MYLIP,MYLIP,MYLIP,GPR1,MYLIP,MYLIP,MYLIP,MYLIP,MYLIP,MYLIP,SEMA7A,MYLIP,MYLIP,MYLIP,SLC25A35,MYLIP,CDHRF7,RAB4C,MYLIP,ZNF395,MYLIP,MYLIP,MYLIP,MYLIP,MYLIP,MYLIP,MYLIP,DDX59,MRPL18,LEFTY1,MYLIP,MRPL11,MYLIP,VEGFC
LOC100134588,SLC7A5,RAB33A,E2F2,E2F2,E2F2,SLC16A1,ARHGAP32,RABGEF1,E2F2,E2F2,E2F2,E2F2,E2F2,E2F2,E2F2,E2F2,NRXN1,ATP6AP1P95,E2F2,E2F2,DLX4,E2F2,E2F2,E2F2,E2F2,RAB9P21,E2F2,E2F2,PEPD,,RABRL1,RAB9P52,PKN2,E2F2,E2F2,,E2F2,PENK13,DDX47,VCAM1,E2F2,RABGEF1L70,E2F2,KCNF2,RAB3GALT,E2F2,E2F2,EIF2S2CK,HSPBAQP,SLC25A121,E2F2,E2F2,E2F2,E2F2,E2F2,E2F2,EPHA3,E2F2,E2F2,E2F2,E2F2,E2F2,E2F2,E2F2,E2F2,E2F2,E2F2,E2F2,GPR3,E2F2,E2F2,E2F2,E2F2,E2F2,E2F2,VEGFA,E2F2,E2F2,E2F2,SLC25A33,E2F2,CDHRF8,RAB4D,E2F2,ZNF388,E2F2,E2F2,E2F2,E2F2,E2F2,E2F2,E2F2,DDX60,MRPL19,LEFTY2,E2F2,MRPL12,E2F2,VEGFD
LOC100134589,SLC7A6,SLC35C1,PSMB1,PSMB1,PSMB1,SLC16A1,ARHGAP33,RABGEF1,PSMB1,PSMB1,PSMB1,PSMB1,PSMB1,PSMB1,PSMB1,PSMB1,NRXN2,ATP6AP1P96,PSMB1,PSMB1,DLX5,PSMB1,PSMB1,PSMB1,PSMB1,RAB9P22,PSMB1,PSMB1,PES1,,RABRL2,RAB9P53,PLCG1,PSMB1,PSMB1,,PSMB1,PENK14,DDX50,,PSMB1,RABGEF1L71,PSMB1,KCNG1,RAB43L,PSMB1,PSMB1,EIF2S2CL,HSPBAQQ,SLC25A122,PSMB1,PSMB1,PSMB1,PSMB1,PSMB1,PSMB1,EPHA4,PSMB1,PSMB1,PSMB1,PSMB1,PSMB1,PSMB1,PSMB1,PSMB1,PSMB1,PSMB1,PSMB1,GPR4,PSMB1,PSMB1,PSMB1,PSMB1,PSMB1,PSMB1,VEGFB,PSMB1,PSMB1,PSMB1,SLC25A32,PSMB1,CDHRF9,RAB4E,PSMB1,ZNF385B,PSMB1,PSMB1,PSMB1,PSMB1,PSMB1,PSMB1,PSMB1,DDX6,MRPL2,NODAL,PSMB1,MRPL13,PSMB1,KDR
LOC100134590,SLC7A7,SLC35E2,JARID2,JARID2,JARID2,SLC16A1,ARHGAP35,RABGEF1,JARID2,JARID2,JARID2,JARID2,JARID2,JARID2,JARID2,JARID2,NRXN3,ATP6AP1P97,JARID2,JARID2,DLX6,JARID2,JARID2,JARID2,JARID2,RAB9P23,JARID2,JARID2,PET100,,RABRL3,RAB9P54,PP41,JARID2,JARID2,,JARID2,PENK15,DDX54,,JARID2,RABGEF1L72,JARID2,KCNG2,RAB42L,JARID2,JARID2,EIF2S2CM,HSPBAQR,SLC25A123,JARID2,JARID2,JARID2,JARID2,JARID2,JARID2,EPHA5,JARID2,JARID2,JARID2,JARID2,JARID2,JARID2,JARID2,JARID2,JARID2,JARID2,JARID2,GPR5,JARID2,JARID2,JARID2,JARID2,JARID2,JARID2,VEGFC,JARID2,JARID2,JARID2,SLC25A31,JARID2,CDHRF10,RAB4F,JARID2,ZNF385A,JARID2,JARID2,JARID2,JARID2,JARID2,JARID2,JARID2,DDX42,MRPL20,INSL3,JARID2,MRPL14,JARID2,FLT1
LOC100134591,SLC7A9,RAB2A,CAMK1G,CAMK1G,CAMK1G,SLC16A1,ARHGAP39,RABGEF1,CAMK1G,CAMK1G,CAMK1G,CAMK1G,CAMK1G,CAMK1G,CAMK1G,CAMK1G,CNTNAP1,ATP6AP1P98,CAMK1G,CAMK1G,HOXA1,CAMK1G,CAMK1G,CAMK1G,CAMK1G,RAB9P24,CAMK1G,CAMK1G,PET112,,RABRL3P1,RAB9P55,PRKAA1,CAMK1G,CAMK1G,,CAMK1G,PENK16,DHX8,,CAMK1G,RABGEF1L73,CAMK1G,KCNG3,RAB3GAP1,CAMK1G,CAMK1G,EIF2S2CN,HSPBAQS,SLC25A124,CAMK1G,CAMK1G,CAMK1G,CAMK1G,CAMK1G,CAMK1G,EPHA6,CAMK1G,CAMK1G,CAMK1G,CAMK1G,CAMK1G,CAMK1G,CAMK1G,CAMK1G,CAMK1G,CAMK1G,CAMK1G,GPR6,CAMK1G,CAMK1G,CAMK1G,CAMK1G,CAMK1G,CAMK1G,VEGFD,CAMK1G,CAMK1G,CAMK1G,SLC25A3,CAMK1G,CDHRF11,RAB4G,CAMK1G,ZNF384,CAMK1G,CAMK1G,CAMK1G,CAMK1G,CAMK1G,CAMK1G,CAMK1G,DDX48,MRPL23,INSL4,CAMK1G,MRPL15,CAMK1G,FLT4
LOC100134592,SLC7A10,DHX37,CDK11A,CDK11A,CDK11A,SLC16A1,ARHGAP4,RABGEF1,CDK11A,CDK11A,CDK11A,CDK11A,CDK11A,CDK11A,CDK11A,CDK11A,CNTNAP2,ATP6AP1P99,CDK11A,CDK11A,HOXA2,CDK11A,CDK11A,CDK11A,CDK11A,RAB9P25,CDK11A,CDK11A,PET117,,RABRL3P2,RAB9P56,PRKCA,CDK11A,CDK11A,,CDK11A,PENK17,DHX9,,CDK11A,RABGEF1L74,CDK11A,KCNH1,RAB3GAP1,CDK11A,CDK11A,EIF2S2CO,HSPBAQT,SLC25A125,CDK11A,CDK11A,CDK11A,CDK11A,CDK11A,CDK11A,EPHA7,CDK11A,CDK11A,CDK11A,CDK11A,CDK11A,CDK11A,CDK11A,CDK11A,CDK11A,CDK11A,CDK11A,GPR7,CDK11A,CDK11A,CDK11A,CDK11A,CDK11A,CDK11A,FLT1,CDK11A,CDK11A,CDK11A,SLC25A29,CDK11A,CDHRF12,RAB4H,CDK11A,ZNF383,CDK11A,CDK11A,CDK11A,CDK11A,CDK11A,CDK11A,CDK11A,DDX54,MRPL24,INSL5,CDK11A,MRPL16,CDK11A,NRP1
LOC100134593,SLC7A11,LYN,NADK,NADK,NADK,SLC16A1,ARHGAP40,RABGEF1,NADK,NADK,NADK,NADK,NADK,NADK,NADK,NADK,CNTNAP3,ATP6AP1P100,NADK,NADK,HOXA3,NADK,NADK,NADK,NADK,RAB9P26,NADK,NADK,PET117L,,RABRL3P3,RAB9P57,PRKCD,NADK,NADK,,NADK,PENK18,DHX15,,NADK,RABGEF1L75,NADK,KCNH2,RAB3IP2,NADK,NADK,EIF2S2CP,HSPBAQU,SLC25A126,NADK,NADK,NADK,NADK,NADK,NADK,EPHA8,NADK,NADK,NADK,NADK,NADK,NADK,NADK,NADK,NADK,NADK,NADK,GPR8,NADK,NADK,NADK,NADK,NADK,NADK,FLT4,NADK,NADK,NADK,SLC25A27,NADK,CDHRF13,RAB4I,NADK,ZNF382,NADK,NADK,NADK,NADK,NADK,NADK,NADK,DDX53,MRPL27,INSL6,NADK,MRPL17,NADK,NRP2
LOC100134594,SLC7A13,SLC25A5,TFAP2B,TFAP2B,TFAP2B,SLC16A1,ARHGAP42,RABGEF1,TFAP2B,TFAP2B,TFAP2B,TFAP2B,TFAP2B,TFAP2B,TFAP2B,TFAP2B,CNTNAP4,ATP6AP1P101,TFAP2B,TFAP2B,HOXA4,TFAP2B,TFAP2B,TFAP2B,TFAP2B,RAB9P27,TFAP2B,TFAP2B,PET117L2,,RABRL3P4,RAB9P58,PRKCG,TFAP2B,TFAP2B,,TFAP2B,PENK19,DHX30,,TFAP2B,RABGEF1L76,TFAP2B,KCNH3,RAB3IP4,TFAP2B,TFAP2B,EIF2S2CQ,HSPBAQV,SLC25A127,TFAP2B,TFAP2B,TFAP2B,TFAP2B,TFAP2B,TFAP2B,EPHA9,TFAP2B,TFAP2B,TFAP2B,TFAP2B,TFAP2B,TFAP2B,TFAP2B,TFAP2B,TFAP2B,TFAP2B,TFAP2B,GPR9,TFAP2B,TFAP2B,TFAP2B,TFAP2B,TFAP2B,TFAP2B,KDR,TFAP2B,TFAP2B,TFAP2B,SLC25A25,TFAP2B,CDHRF14,RAB4J,TFAP2B,ZNF38,TFAP2B,TFAP2B,TFAP2B,TFAP2B,TFAP2B,TFAP2B,TFAP2B,DDX28,MRPL28,INSL7,TFAP2B,MRPL18,TFAP2B,HGF
LOC100134595,SLC7A14,TMEM134,TFAP2D,TFAP2D,TFAP2D,SLC16A1,ARHGAP44,RABGEF1,TFAP2D,TFAP2D,TFAP2D,TFAP2D,TFAP2D,TFAP2D,TFAP2D,TFAP2D,CNTNAP5,ATP6AP1P102,TFAP2D,TFAP2D,HOXA5,TFAP2D,TFAP2D,TFAP2D,TFAP2D,RAB9P28,TFAP2D,TFAP2D,PEX1,,RABRL3P5,RAB9P59,PRKCQ,TFAP2D,TFAP2D,,TFAP2D,PENK20,DHX37,,TFAP2D,RABGEF1L77,TFAP2D,KCNH4,RAB3IP5,TFAP2D,TFAP2D,EIF2S2CR,HSPBAQW,SLC25A128,TFAP2D,TFAP2D,TFAP2D,TFAP2D,TFAP2D,TFAP2D,EPHB1,TFAP2D,TFAP2D,TFAP2D,TFAP2D,TFAP2D,TFAP2D,TFAP2D,TFAP2D,TFAP2D,TFAP2D,TFAP2D,GPR11,TFAP2D,TFAP2D,TFAP2D,TFAP2D,TFAP2D,TFAP2D,NRP1,TFAP2D,TFAP2D,TFAP2D,SLC25A24,TFAP2D,CDHRF15,RAB4K,TFAP2D,ZNF37,TFAP2D,TFAP2D,TFAP2D,TFAP2D,TFAP2D,TFAP2D,TFAP2D,DDX20,MRPL3,INSL8,TFAP2D,MRPL19,TFAP2D,MET
LOC100134596,SLC7A8,GTF2H1,DLEC1,DLEC1,DLEC1,SLC16A1,ARHGAP5,RABGEF1,DLEC1,DLEC1,DLEC1,DLEC1,DLEC1,DLEC1,DLEC1,DLEC1,CNTN6,ATP6AP1P103,DLEC1,DLEC1,HOXA6,DLEC1,DLEC1,DLEC1,DLEC1,RAB9P29,DLEC1,DLEC1,PEX10,,RABRL3P6,RAB9P60,PTPN1,DLEC1,DLEC1,,DLEC1,PENK21,DHX40,,DLEC1,RABGEF1L78,DLEC1,KCNH5,RAB3IL1,DLEC1,DLEC1,EIF2S2CS,HSPBAQX,SLC25A129,DLEC1,DLEC1,DLEC1,DLEC1,DLEC1,DLEC1,EPHB2,DLEC1,DLEC1,DLEC1,DLEC1,DLEC1,DLEC1,DLEC1,DLEC1,DLEC1,DLEC1,DLEC1,GPR12,DLEC1,DLEC1,DLEC1,DLEC1,DLEC1,DLEC1,NRP2,DLEC1,DLEC1,DLEC1,SLC25A23,DLEC1,CDHRF16,RAB4L,DLEC1,ZNF367,DLEC1,DLEC1,DLEC1,DLEC1,DLEC1,DLEC1,DLEC1,DDX3,MRPL34,INSL9,DLEC1,MRPL2,DLEC1,IGF1
LOC100134597,SLC6A1,AK2,CYTH3,CYTH3,CYTH3,SLC16A1,ARHGAP6,RABGEF1,CYTH3,CYTH3,CYTH3,CYTH3,CYTH3,CYTH3,CYTH3,CYTH3,CNTN1,ATP6AP1P104,CYTH3,CYTH3,HOXA7,CYTH3,CYTH3,CYTH3,CYTH3,RAB9P30,CYTH3,CYTH3,PEX11A,,RABRL3P7,RAB9P61,PXK,CYTH3,CYTH3,,CYTH3,PENK22,DHX58,,CYTH3,RABGEF1L79,CYTH3,KCNH6,RAB3C,CYTH3,CYTH3,EIF2S2CT,HSPBAQY,SLC25A130,CYTH3,CYTH3,CYTH3,CYTH3,CYTH3,CYTH3,EPHB3,CYTH3,CYTH3,CYTH3,CYTH3,CYTH3,CYTH3,CYTH3,CYTH3,CYTH3,CYTH3,CYTH3,GPR13,CYTH3,CYTH3,CYTH3,CYTH3,CYTH3,CYTH3,PDGFRA,CYTH3,CYTH3,CYTH3,SLC25A22,CYTH3,CDHRF17,RAB4M,CYTH3,ZNF366,CYTH3,CYTH3,CYTH3,CYTH3,CYTH3,CYTH3,CYTH3,DDX49,MRPL35,IGFALS,CYTH3,MRPL20,CYTH3,IGF1R
LOC100134598,SLC6A2,TMEM17,ADAM22,ADAM22,ADAM22,SLC16A1,ARHGAP9,RABGEF1,ADAM22,ADAM22,ADAM22,ADAM22,ADAM22,ADAM22,ADAM22,ADAM22,CNTN2,ATP6AP1P105,ADAM22,ADAM22,HOXA9,ADAM22,ADAM22,ADAM22,ADAM22,RAB9P31,ADAM22,ADAM22,PEX11B,,RABRL3P8,RAB9P62,RAP1B,ADAM22,ADAM22,,ADAM22,PENK23,DHX32,,ADAM22,RABGEF1L80,ADAM22,KCNH8,RAB3D,ADAM22,ADAM22,EIF2S2CU,HSPBAQZ,SLC25A131,ADAM22,ADAM22,ADAM22,ADAM22,ADAM22,ADAM22,EPHB4,ADAM22,ADAM22,ADAM22,ADAM22,ADAM22,ADAM22,ADAM22,ADAM22,ADAM22,ADAM22,ADAM22,GPR14,ADAM22,ADAM22,ADAM22,ADAM22,ADAM22,ADAM22,PDGFRB,ADAM22,ADAM22,ADAM22,SLC25A21,ADAM22,CDHRF18,RAB4N,ADAM22,ZNF365,ADAM22,ADAM22,ADAM22,ADAM22,ADAM22,ADAM22,ADAM22,DDXF2,MRPL36,IGF2,ADAM22,MRPL22,ADAM22,IGF2
LOC100134599,SLC6A3,NUP50,SYPL1,SYPL1,SYPL1,SLC16A1,,RABGEF1,SYPL1,SYPL1,SYPL1,SYPL1,SYPL1,SYPL1,SYPL1,SYPL1,CNTN3,ATP6AP1P106,SYPL1,SYPL1,HOXA10,SYPL1,SYPL1,SYPL1,SYPL1,RAB9P32,SYPL1,SYPL1,PEX11G,,RABRL3P9,RAB9P63,RAPGEF1,SYPL1,SYPL1,,SYPL1,PENK24,DHX38,,SYPL1,RABGEF1L81,SYPL1,KCNIP1,RAB3A,SYPL1,SYPL1,EIF2S2CV,HSPBAR1,SLC25A132,SYPL1,SYPL1,SYPL1,SYPL1,SYPL1,SYPL1,EPHB6,SYPL1,SYPL1,SYPL1,SYPL1,SYPL1,SYPL1,SYPL1,SYPL1,SYPL1,SYPL1,SYPL1,GPR15,SYPL1,SYPL1,SYPL1,SYPL1,SYPL1,SYPL1,PDGFC,SYPL1,SYPL1,SYPL1,SLC25A20,SYPL1,CDHRF19,RAB4O,SYPL1,ZNF362,SYPL1,SYPL1,SYPL1,SYPL1,SYPL1,SYPL1,SYPL1,DDXF1,MRPL37,INSL3,SYPL1,MRPL23,SYPL1,IGF2R
LOC100134600,SLC6A4,RAB1A,CYB561,CYB561,CYB561,SLC16A1,,RABGEF1,CYB561,CYB561,CYB561,CYB561,CYB561,CYB561,CYB561,CYB561,CNTN4,ATP6AP1P107,CYB561,CYB561,HOXA11,CYB561,CYB561,CYB561,CYB561,RAB9P33,CYB561,CYB561,PEX12,,RABRL4,RAB9P64,RASA1,CYB561,CYB561,,CYB561,PENK25,DHX34,,CYB561,RABGEF1L82,CYB561,KCNIP2,RAB3B,CYB561,CYB561,EIF2S2CW,HSPBAR2,SLC25A133,CYB561,CYB561,CYB561,CYB561,CYB561,CYB561,ESAM,CYB561,CYB561,CYB561,CYB561,CYB561,CYB561,CYB561,CYB561,CYB561,CYB561,CYB561,GPR17,CYB561,CYB561,CYB561,CYB561,CYB561,CYB561,PDGFD,CYB561,CYB561,CYB561,SLC25A19,CYB561,CDHRF20,RAB4P,CYB561,ZNF360,CYB561,CYB561,CYB561,CYB561,CYB561,CYB561,CYB561,DHX37,MRPL38,INSL4,CYB561,MRPL24,CYB561,
LOC100134601,SLC6A5,ARFGEF2,SPAG9,SPAG9,SPAG9,SLC16A1,,RABGEF1,SPAG9,SPAG9,SPAG9,SPAG9,SPAG9,SPAG9,SPAG9,SPAG9,CNTN5,ATP6AP1P108,SPAG9,SPAG9,HOXA13,SPAG9,SPAG9,SPAG9,SPAG9,RAB9P34,SPAG9,SPAG9,PEX13,,RABRL5,RAB9P65,RASA3,SPAG9,SPAG9,,SPAG9,PENK26,HELZ,,SPAG9,RABGEF1L83,SPAG9,KCNIP3,RAB3IP5,SPAG9,SPAG9,EIF2S2CX,HSPBAR3,SLC25A134,SPAG9,SPAG9,SPAG9,SPAG9,SPAG9,SPAG9,EXPH5,SPAG9,SPAG9,SPAG9,SPAG9,SPAG9,SPAG9,SPAG9,SPAG9,SPAG9,SPAG9,SPAG9,GPR18,SPAG9,SPAG9,SPAG9,SPAG9,SPAG9,SPAG9,KIT,SPAG9,SPAG9,SPAG9,SLC25A18,SPAG9,CDHRF21,RAB4Q,SPAG9,ZNF358,SPAG9,SPAG9,SPAG9,SPAG9,SPAG9,SPAG9,SPAG9,DHX38,MRPL39,INSL5,SPAG9,MRPL27,SPAG9,
LOC100134602,SLC6A6,RabGAP1L,CELSR3,CELSR3,CELSR3,SLC16A1,,RABGEF1,CELSR3,CELSR3,CELSR3,CELSR3,CELSR3,CELSR3,CELSR3,CELSR3,NLGN1,ATP6AP1P109,CELSR3,CELSR3,HOXB1,CELSR3,CELSR3,CELSR3,CELSR3,RAB9P35,CELSR3,CELSR3,PEX14,,RABRL5P1,RAB9P66,RIN1,CELSR3,CELSR3,,CELSR3,PENK27,HNRNPA1,,CELSR3,RABGEF1L84,CELSR3,KCNK1,RAB3GALT1,CELSR3,CELSR3,EIF2S2CY,HSPBAR4,SLC25A135,CELSR3,CELSR3,CELSR3,CELSR3,CELSR3,CELSR3,F11R,CELSR3,CELSR3,CELSR3,CELSR3,CELSR3,CELSR3,CELSR3,CELSR3,CELSR3,CELSR3,CELSR3,GPR19,CELSR3,CELSR3,CELSR3,CELSR3,CELSR3,CELSR3,CSF1,CELSR3,CELSR3,CELSR3,SLC25A17,CELSR3,CDHRF22,RAB4R,CELSR3,ZNF354C,CELSR3,CELSR3,CELSR3,CELSR3,CELSR3,CELSR3,CELSR3,DHX36,MRPL4,INSL6,CELSR3,MRPL28,CELSR3,
LOC100134603,SLC6A9,GNB1,AASS,AASS,AASS,SLC16A1,,RABGEF1,AASS,AASS,AASS,AASS,AASS,AASS,AASS,AASS,NLGN2,ATP6AP1P110,AASS,AASS,HOXB2,AASS,AASS,AASS,AASS,RAB9P36,AASS,AASS,PEX16,,RABRL5P2,RAB9P67,RIN2,AASS,AASS,,AASS,PENK28,HNRNPA2B1,,AASS,RABGEF1L85,AASS,KCNK10,RAB3GALT,AASS,AASS,EIF2S2CZ,HSPBAR5,SLC25A136,AASS,AASS,AASS,AASS,AASS,AASS,FLT1,AASS,AASS,AASS,AASS,AASS,AASS,AASS,AASS,AASS,AASS,AASS,GPR20,AASS,AASS,AASS,AASS,AASS,AASS,CSF2,AASS,AASS,AASS,SLC25A16,AASS,CDHRF23,RAB4S,AASS,ZNF354A,AASS,AASS,AASS,AASS,AASS,AASS,AASS,DHX32,MRPL40,INSL7,AASS,MRPL3,AASS,
LOC100134604,SLC6A10,VPS51,PLEKHG6,PLEKHG6,PLEKHG6,SLC16A1,,RABGEF1,PLEKHG6,PLEKHG6,PLEKHG6,PLEKHG6,PLEKHG6,PLEKHG6,PLEKHG6,PLEKHG6,NLGN3,ATP6AP1P111,PLEKHG6,PLEKHG6,HOXB3,PLEKHG6,PLEKHG6,PLEKHG6,PLEKHG6,RAB9P37,PLEKHG6,PLEKHG6,PEX19,,RABRL5P3,RAB9P68,ROCK1,PLEKHG6,PLEKHG6,,PLEKHG6,PENK29,HNRNPC,,PLEKHG6,RABGEF1L86,PLEKHG6,KCNK12,RAB43L,PLEKHG6,PLEKHG6,EIF2S2DA,HSPBAR6,SLC25A137,PLEKHG6,PLEKHG6,PLEKHG6,PLEKHG6,PLEKHG6,PLEKHG6,FLT4,PLEKHG6,PLEKHG6,PLEKHG6,PLEKHG6,PLEKHG6,PLEKHG6,PLEKHG6,PLEKHG6,PLEKHG6,PLEKHG6,PLEKHG6,,PLEKHG6,PLEKHG6,PLEKHG6,PLEKHG6,PLEKHG6,PLEKHG6,CSF3,PLEKHG6,PLEKHG6,PLEKHG6,SLC25A15,PLEKHG6,CDHRF24,RAB4T,PLEKHG6,ZNF350,PLEKHG6,PLEKHG6,PLEKHG6,PLEKHG6,PLEKHG6,PLEKHG6,PLEKHG6,DHX30,MRPL41,INSL8,PLEKHG6,MRPL34,PLEKHG6,
LOC100134605,SLC6A12,STAU2,SS18L2,SS18L2,SS18L2,SLC16A1,,RABGEF1,SS18L2,SS18L2,SS18L2,SS18L2,SS18L2,SS18L2,SS18L2,SS18L2,NLGN4X,ATP6AP1P112,SS18L2,SS18L2,HOXB4,SS18L2,SS18L2,SS18L2,SS18L2,RAB9P38,SS18L2,SS18L2,PEX2,,RABRL5P4,RAB9P69,ROCK2,SS18L2,SS18L2,,SS18L2,PENK30,HNRNPD,,SS18L2,RABGEF1L87,SS18L2,KCNK13,RAB42L,SS18L2,SS18L2,EIF2S2DB,HSPBAR7,SLC25A138,SS18L2,SS18L2,SS18L2,SS18L2,SS18L2,SS18L2,ITGA1,SS18L2,SS18L2,SS18L2,SS18L2,SS18L2,SS18L2,SS18L2,SS18L2,SS18L2,SS18L2,SS18L2,,SS18L2,SS18L2,SS18L2,SS18L2,SS18L2,SS18L2,CSF1R,SS18L2,SS18L2,SS18L2,SLC25A14,SS18L2,CDHRF25,RAB4U,SS18L2,ZNF346,SS18L2,SS18L2,SS18L2,SS18L2,SS18L2,SS18L2,SS18L2,DHX34,MRPL44,INSL9,SS18L2,MRPL35,SS18L2,
LOC100134606,SLC6A13,SEC14L1,MPND,MPND,MPND,SLC16A1,,RABGEF1,MPND,MPND,MPND,MPND,MPND,MPND,MPND,MPND,NLGN4Y,ATP6AP1P113,MPND,MPND,HOXB5,MPND,MPND,MPND,MPND,RAB9P39,MPND,MPND,PEX26,,RABRL5P5,RAB9P70,SGEF,MPND,MPND,,MPND,PENK31,HNRNPH1,,MPND,RABGEF1L88,MPND,KCNK15,RAB3GAP1,MPND,MPND,EIF2S2DC,HSPBAR8,SLC25A139,MPND,MPND,MPND,MPND,MPND,MPND,ITGA2,MPND,MPND,MPND,MPND,MPND,MPND,MPND,MPND,MPND,MPND,MPND,,MPND,MPND,MPND,MPND,MPND,MPND,CSF2RA,MPND,MPND,MPND,SLC25A13,MPND,CDHRF26,RAB4V,MPND,ZNF341,MPND,MPND,MPND,MPND,MPND,MPND,MPND,DHX33,MRPL47,,MPND,MRPL36,MPND,
LOC100134607,SLC6A14,COT1,,,,SLC16A1,,RABGEF1,```<ctrl98>,,,,,,,,L1CAM,ATP6AP1P114,,,HOXB6,,,```<ctrl98>,,RAB9P40,,```<ctrl98>,PEX3,,RABRL5P6,RAB9P71,SH2B2,,,,,PENK32,HNRNPH2,,,RABGEF1L89,,KCNK16,RAB3GAP1,,,EIF2S2DD,HSPBAR9,SLC25A140,,```<ctrl98>,,,```<ctrl98>,,ITGA3,,,,,,```<ctrl98>,,```<ctrl98>,,```<ctrl98>,,,,,,```<ctrl98>,,,CSF2RB,,,```<ctrl98>,SLC25A12,,CDHRF27,RAB4W,,ZNF335,,,,,,,,DHX16,MRPL48,,```<ctrl98>,MRPL37,```<ctrl98>,
LOC100134608,SLC6A15,TXNDC5,,,,SLC16A1,,RABGEF1,,,,,,,,,CHL1,ATP6AP1P115,,,HOXB7,,,,,RAB9P41,,,PEX5,,RABRL5P7,RAB9P72,SH3GL2,,,,,PENK33,HNRNPH3,,,RABGEF1L90,,KCNK17,RAB3IP2,,,EIF2S2DE,HSPBARA,SLC25A141,,,,,,,ITGA4,,,,,,,,,,,,,,,,,,,CSF3R,,,,SLC25A11,,CDHRF28,RAB4X,,ZNF334,,,,,,,,DHX1,MRPL49,,,MRPL38,,
LOC100134609,SLC6A16,HSPA13,,,,SLC16A1,,RABGEF1,,,,,,,,,NCAM1,ATP6AP1P116,,,HOXB8,,,,,RAB9P42,,,PEX5L,,RABRL5P8,RAB9P73,SH3KBP1,,,,,PENK34,HNRNPK,,,RABGEF1L91,,KCNK2,RAB3IP4,,,EIF2S2DF,HSPBARB,SLC25A142,,,,,,,ITGA5,,,,,,,,,,,,,,,,,,,EPO,,,,SLC25A10,,CDHRF34,RAB4Y,,,,,,,,,,DHX57,MRPL50,,,MRPL39,,
LOC100134610,SLC6A17,CHCHD7,,,,SLC16A1,,RABGEF1,,,,,,,,,NCAM2,ATP6AP1P117,,,HOXB9,,,,,RAB9P43,,,PEX6,,RABRL5P9,RAB9P74,SHP-2,,,,,PENK35,HNRNPL,,,RABGEF1L92,,KCNK3,RAB3IP5,,,EIF2S2DG,HSPBARC,SLC25A143,,,,,,,ITGA6,,,,,,,,,,,,,,,,,,,EPOR,,,,SLC25A1,,CDHRF35,RAB4Z,,,,,,,,,,DHX58,MRPL51,,,MRPL4,,
LOC100134611,SLC6A18,RAB3GAP1,,,,SLC16A1,,RABGEF1,,,,,,,,,NRCAM,ATP6AP1P118,,,HOXB13,,,,,RAB9P44,,,PEX7,,RABRL6,RAB9P75,SLK,,,,,PENK36,HNRNPM,,,RABGEF1L93,,KCNK4,RAB3IL1,,,EIF2S2DH,HSPBARD,SLC25A144,,,,,,,ITGA8,,,,,,,,,,,,,,,,,,,BMP1,,,,SLC24A3,,CDHRF36,RAB5D,,,,,,,,,,DHX55,MRPL52,,,MRPL40,,
LOC100134612,SLC6A19,CD24,,,,SLC16A1,,RABGEF1,,,,,,,,,IGSF1,ATP6AP1P119,,,HOXC4,,,,,RAB9P45,,,PFDN1,,RABRL6P1,RAB9P76,SPN,,,,,PENK37,HNRNPUL1,,,RABGEF1L94,,KCNK5,RAB3C,,,EIF2S2DI,HSPBARE,SLC25A145,,,,,,,ITGA9,,,,,,,,,,,,,,,,,,,BMP2,,,,SLC24A2,,CDHRF37,RAB5E,,,,,,,,,,DHX54,MRPL53,,,MRPL41,,
LOC100134613,SLC6A20,PLA2G16,,,,SLC16A1,,RABGEF1,,,,,,,,,IGSF2,ATP6AP1P120,,,HOXC5,,,,,RAB9P46,,,PFDN2,,RABRL6P2,RAB9P77,STK36,,,,,PENK38,HNRNPUL2,,,RABGEF1L95,,KCNK6,RAB3D,,,EIF2S2DJ,HSPBARF,SLC25A146,,,,,,,ITGAV,,,,,,,,,,,,,,,,,,,BMP3,,,,SLC24A1,,CDHRF38,RAB5F,,,,,,,,,,DHX40,MRPL54,,,MRPL44,,
LOC100134614,SLC6A1,SLC5A1,,,,SLC16A1,,RABGEF1,,,,,,,,,IGSF3,ATP6AP1P121,,,HOXC6,,,,,RAB9P47,,,PFDN4,,RABRL6P3,RAB9P78,STK6,,,,,PENK39,KHSRP,,,RABGEF1L96,,KCNK7,RAB3A,,,EIF2S2DK,HSPBARG,SLC25A147,,,,,,,ITGAX,,,,,,,,,,,,,,,,,,,BMP4,,,,SLC22A5,,CDHRF39,RAB5G,,,,,,,,,,DHX40,MRPL55,,,MRPL45,,
LOC100134615,SLC6A1,SKI,,,,SLC16A1,,RABGEF1,,,,,,,,,IGSF4,ATP6AP1P122,,,HOXC8,,,,,RAB9P48,,,PFDN5,,RABRL6P4,RAB9P79,SYNJ1,,,,,PENK40,MATR3,,,RABGEF1L97,,KCNK9,RAB3B,,,EIF2S2DL,HSPBARH,SLC25A148,,,,,,,ITGB2,,,,,,,,,,,,,,,,,,,BMP5,,,,SLC22A4,,CDHRF40,RAB5H,,,,,,,,,,DHX35,TRMT61B,,,MRPL47,,
LOC100134616,SLC6A2,CD99,,,,SLC16A1,,RABGEF1,,,,,,,,,IGSF5,ATP6AP1P123,,,HOXC9,,,,,RAB9P49,,,PFDN6,,RABRL6P5,RAB9P80,TESK1,,,,,PENK41,PCBP1,,,RABGEF1L98,,KCNMA1,RAB3IP5,,,EIF2S2DM,HSPBARI,SLC25A149,,,,,,,ITGB3,,,,,,,,,,,,,,,,,,,BMP6,,,,SLC22A31,,CDHRF41,RAB5I,,,,,,,,,,DHX13,WDR74,,,MRPL48,,
LOC100134617,SLC5A1,ENPP4,,,,SLC16A1,,RABGEF1,,,,,,,,,IGSF8,ATP6AP1P124,,,HOXC10,,,,,RAB9P50,,,PFKFB1,,RABRL6P6,RAB9P81,TLK1,,,,,PENK42,PCBP2,,,RABGEF1L99,,KCNMB1,RAB3GALT1,,,EIF2S2DN,HSPBARJ,SLC25A150,,,,,,,ITGB4,,,,,,,,,,,,,,,,,,,BMP7,,,,SLC22A30,,CDHRF42,RAB5J,,,,,,,,,,DHX11,NOP56,,,MRPL49,,
LOC100134618,SLC5A10,LAS1L,,,,SLC16A1,,RABGEF1,,,,,,,,,IGSF9,ATP6AP1P125,,,HOXC11,,,,,RAB9P51,,,PFKFB2,,RABRL6P7,RAB9P82,TNIK,,,,,PENK43,PABPC1,,,RABGEF1L100,,KCNMB2,RAB3GALT,,,EIF2S2DO,HSPBARK,SLC25A151,,,,,,,ITGB5,,,,,,,,,,,,,,,,,,,BMP8A,,,,SLC22A25,,CDHRF43,RAB5K,,,,,,,,,,DHX3,SNRNP200,,,MRPL50,,
LOC100134619,SLC5A11,NIPAL3,,,,SLC16A1,,RABGEF1,,,,,,,,,IGSF10,ATP6AP1P126,,,HOX13,,,,,RAB9P52,,,PFKFB3,,RABRL6P8,RAB9P83,TPM3,,,,,PENK44,PABPC4,,,RABGEF1L101,,KCNMB3,RAB43L,,,EIF2S2DP,HSPBARL,SLC25A152,,,,,,,ITGB6,,,,,,,,,,,,,,,,,,,BMP8B,,,,SLC22A24,,CDHRF44,RAB5L,,,,,,,,,,DHX56,GPATC5,,,MRPL51,,
LOC100134620,SLC5A12,GCLC,,,,SLC16A1,,RABGEF1,,,,,,,,,IGSF11,ATP6AP1P127,,,HOXD1,,,,,RAB9P53,,,PFKFB4,,RABRL6P9,RAB9P84,TSHR,,,,,PENK45,PABPC1L,,,RABGEF1L102,,KCNMC1,RAB42L,,,EIF2S2DQ,HSPBARM,SLC25A153,,,,,,,ITGB7,,,,,,,,,,,,,,,,,,,BMP10,,,,SLC22A23,,CDHRF45,RAB5M,,,,,,,,,,DHX9,,,,MRPL52,,
LOC100134621,SLC5A2,FUCA2,,,,SLC16A1,,RABGEF1,,,,,,,,,IGSF12,ATP6AP1P128,,,HOXD3,,,,,RAB9P54,,,PFKL,,RABTS,RAB9P85,TSSK1,,,,,PENK46,PABPC4L1,,,RABGEF1L103,,KCNMD6,RAB3GAP1,,,EIF2S2DR,HSPBARN,SLC25A154,,,,,,,ITGB8,,,,,,,,,,,,,,,,,,,BMP15,,,,SLC22A2,,CDHRF46,RAB5N,,,,,,,,,,DHX8,,,,MRPL53,,
LOC100134622,SLC5A3,CFH,,,,SLC16A1,,RABGEF1,,,,,,,,,IGSF21,ATP6AP1P129,,,HOXD4,,,,,RAB9P55,,,PFKM,,RABUTRIN,RAB9P86,TXK,,,,,PENK47,TIA1,,,RABGEF1L104,,KCNME1,RAB3GAP1,,,EIF2S2DS,HSPBARO,SLC25A155,,,,,,,JAM2,,,,,,,,,,,,,,,,,,,GDF1,,,,SLC22A18,,CDHRF47,RAB5O,,,,,,,,,,DHX15,,,,MRPL54,,
LOC100134623,SLC5A4,FGR,,,,SLC16A1,,RABGEF1,,,,,,,,,IGSF22,ATP6AP1P130,,,HOXD8,,,,,RAB9P56,,,PFKP,,,RAB9P87,ULK1,,,,,PENK48,TIA1L,,,RABGEF1L105,,KCNQ1,RAB3IP2,,,EIF2S2DT,HSPBARP,SLC25A156,,,,,,,JAM3,,,,,,,,,,,,,,,,,,,GDF2,,,,SLC22A17,,CDHRF48,RAB5P,,,,,,,,,,PRPF40B,,,,MRPL55,,
LOC100134624,SLC5A5,C1orf112,,,,SLC16A1,,RABGEF1,,,,,,,,,IGSF23,ATP6AP1P131,,,HOXD9,,,,,RAB9P57,,,PGA3,,,RAB9P88,URAP,,,,,PENK49,TIAL1,,,RABGEF1L106,,KCNQ2,RAB3IP4,,,EIF2S2DU,HSPBARQ,SLC25A157,,,,,,,JUP,,,,,,,,,,,,,,,,,,,GDF3,,,,SLC22A16,,CDHRF49,RAB5Q,,,,,,,,,,PRPF18,,,,MRPL9,,
LOC100134625,SLC5A6,SCYL3,,,,SLC16A1,,RABGEF1,,,,,,,,,IGSF27,ATP6AP1P132,,,HOXD10,,,,,RAB9P58,,,PGBD1,,,RAB9P89,VANGL1,,,,,PENK50,ZC3HAV1,,,RABGEF1L107,,KCNQ3,RAB3IP5,,,EIF2S2DV,HSPBARR,SLC25A158,,,,,,,L1CAM,,,,,,,,,,,,,,,,,,,GDF5,,,,SLC22A15,,CDHRF50,RAB5R,,,,,,,,,,PRPF3,,,,MRPS10,,
LOC100134626,SLC5A7,DPM1,,,,SLC16A1,,RABGEF1,,,,,,,,,IGSF9B,ATP6AP1P133,,,HOXD11,,,,,RAB9P59,,,PGBD2,,,RAB9P90,WASF3,,,,,PENK51,ZC3HAV1L,,,RABGEF1L108,,KCNQ4,RAB3IL1,,,EIF2S2DW,HSPBARS,SLC25A159,,,,,,,LAMA1,,,,,,,,,,,,,,,,,,,GDF6,,,,SLC22A12,,CDHRF51,RAB5S,,,,,,,,,,PRPF4,,,,MRPS11,,
LOC100134627,SLC5A8,,,,,SLC16A1,,RABGEF1,,,,,,,,,IGSF9B-AS1,ATP6AP1P134,,,HOXD12,,,,,RAB9P60,,,PGF,,,RAB9P91,WIPF1,,,,,PENK52,TARDBP,,,RABGEF1L109,,KCNQ5,RAB3C,,,EIF2S2DX,HSPBART,SLC25A160,,,,,,,LAMA2,,,,,,,,,,,,,,,,,,,GDF7,,,,SLC22A11,,CDHRF52,RAB5T,,,,,,,,,,PRPF6,,,,MRPS12,,
LOC100134628,SLC5A9,,,,,SLC16A1,,RABGEF1,,,,,,,,,IGSF10-AS1,ATP6AP1P135,,,HOXD13,,,,,RAB9P61,,,PGAM1,,,RAB9P92,YES,,,,,PENK53,FUS,,,RABGEF1L110,,KCNS4,RAB3D,,,EIF2S2DY,HSPBARU,SLC25A161,,,,,,,LAMA3,,,,,,,,,,,,,,,,,,,GDF9,,,,SLC22A10,,CDHRF53,RAB5U,,,,,,,,,,PRPF8,,,,MRPS14,,
LOC100134629,SLC4A1,,,,,SLC16A1,,RABGEF1,,,,,,,,,,ATP6AP1P136,,,,,,,,RAB9P62,,,PGAM2,,,RAB9P93,,,,,,PENK54,EWS,,,RABGEF1L111,,KCNS1,RAB3A,,,EIF2S2DZ,HSPBARV,SLC25A162,,,,,,,LAMA4,,,,,,,,,,,,,,,,,,,GDF10,,,,SLC22A1,,CDHRF54,RAB5V,,,,,,,,,,GRWD5,,,,MRPS15,,
LOC100134630,SLC4A2,,,,,SLC16A1,,RABGEF1,,,,,,,,,,ATP6AP1P137,,,,,,,,RAB9P63,,,PGAM4,,,RAB9P94,,,,,,PENK55,TAF15,,,RABGEF1L112,,KCNS2,RAB3B,,,EIF2S2EA,HSPBARW,SLC25A163,,,,,,,LAMA5,,,,,,,,,,,,,,,,,,,GDF11,,,,SLC21A2,,CDHRF55,RAB5W,,,,,,,,,,GRWD4,,,,MRPS16,,
LOC100134631,SLC4A3,,,,,SLC16A1,,RABGEF1,,,,,,,,,,ATP6AP1P138,,,,,,,,RAB9P64,,,PGBD3,,,RAB9P95,,,,,,PENK56,SRSF1,,,RABGEF1L113,,KCNS3,RAB3IP5,,,EIF2S2EB,HSPBARX,SLC25A164,,,,,,,LAMB1,,,,,,,,,,,,,,,,,,,GDF15,,,,SLC21A1,,CDHRF56,RAB5X,,,,,,,,,,GRWD3,,,,MRPS17,,
LOC100134632,SLC4A4,,,,,SLC16A1,,RABGEF1,,,,,,,,,,ATP6AP1P139,,,,,,,,RAB9P65,,,,,,RAB9P96,,,,,,PENK57,SRSF2,,,RABGEF1L114,,KCNV2,RAB3GALT1,,,EIF2S2EC,HSPBARY,SLC25A165,,,,,,,LAMB2,,,,,,,,,,,,,,,,,,,TGFB1,,,,SLC20A1,,CDHRF57,RAB5Y,,,,,,,,,,GRWD2,,,,MRPS18A,,
LOC100134633,SLC4A5,,,,,SLC16A1,,RABGEF1,,,,,,,,,,ATP6AP1P140,,,,,,,,RAB9P66,,,,,,RAB9P97,,,,,,PENK58,SRSF3,,,RABGEF1L115,,KCNV1,RAB3GALT,,,EIF2S2ED,HSPBARZ,SLC25A166,,,,,,,LAMB3,,,,,,,,,,,,,,,,,,,TGFB2,,,,SLC19A3,,CDHRF58,RAB5Z,,,,,,,,,,GRWD1,,,,MRPS18B,,
LOC100134634,SLC4A7,,,,,SLC16A1,,RABGEF1,,,,,,,,,,ATP6AP1P141,,,,,,,,RAB9P67,,,,,,RAB9P98,,,,,,PENK59,SRSF5,,,RABGEF1L116,,KCNA10,RAB43L,,,EIF2S2EE,HSPBAS1,SLC25A167,,,,,,,LAMB4,,,,,,,,,,,,,,,,,,,TGFB3,,,,SLC19A2,,CDHRF59,RAB6D,,,,,,,,,,RBM39B,,,,MRPS2,,
LOC100134635,SLC4A8,,,,,SLC16A1,,RABGEF1,,,,,,,,,,ATP6AP1P142,,,,,,,,RAB9P68,,,,,,RAB9P99,,,,,,PENK60,SRSF6,,,RABGEF1L117,,KCNA1,RAB42L,,,EIF2S2EF,HSPBAS2,SLC25A168,,,,,,,LAMC1,,,,,,,,,,,,,,,,,,,TGFBR1,,,,SLC19A1,,CDHRF60,RAB6E,,,,,,,,,,RBM8A,,,,MRPS21,,
LOC100134636,SLC4A9,,,,,SLC16A1,,RABGEF1,,,,,,,,,,ATP6AP1P143,,,,,,,,RAB9P69,,,,,,RAB9P100,,,,,,PENK61,SRSF7,,,RABGEF1L118,,KCNA2,RAB3GAP1,,,EIF2S2EG,HSPBAS3,SLC25A169,,,,,,,LAMC2,,,,,,,,,,,,,,,,,,,TGFBR2,,,,SLC18B1,,CDHRF61,RAB6F,,,,,,,,,,RBM6,,,,MRPS22,,
LOC100134637,SLC3A1,,,,,SLC16A1,,RABGEF1,,,,,,,,,,ATP6AP1P144,,,,,,,,RAB9P70,,,,,,RAB9P101,,,,,,PENK62,SRSF9,,,RABGEF1L119,,KCNA3,RAB3GAP1,,,EIF2S2EH,HSPBAS4,SLC25A170,,,,,,,LAMC3,,,,,,,,,,,,,,,,,,,TGFBR3,,,,SLC18B2,,CDHRF62,RAB6G,,,,,,,,,,RBM54,,,,MRPS23,,
LOC100134638,SLC3A2,,,,,SLC16A1,,RABGEF1,,,,,,,,,,ATP6AP1P145,,,,,,,,RAB9P71,,,,,,RAB9P102,,,,,,PENK63,SRSF10,,,RABGEF1L120,,KCNA4,RAB3IP2,,,EIF2S2EI,HSPBAS5,SLC25A171,,,,,,,MCAM,,,,,,,,,,,,,,,,,,,INHBA,,,,SLC18A3,,CDHRF63,RAB6H,,,,,,,,,,RBM52,,,,MRPS24,,
LOC100134639,SLC30A1,,,,,SLC16A1,,RABGEF1,,,,,,,,,,ATP6AP1P146,,,,,,,,RAB9P72,,,,,,RAB9P103,,,,,,PENK64,SRSF11,,,RABGEF1L121,,KCNA5,RAB3IP4,,,EIF2S2EJ,HSPBAS6,SLC25A172,,,,,,,MERTK,,,,,,,,,,,,,,,,,,,INHBB,,,,SLC18A2,,CDHRF64,RAB6I,,,,,,,,,,RBM51,,,,MRPS25,,
LOC100134640,SLC30A10,,,,,SLC16A1,,RABGEF1,,,,,,,,,,ATP6AP1P147,,,,,,,,RAB9P73,,,,,,RAB9P104,,,,,,PENK65,SRSF12,,,RABGEF1L122,,KCNA6,RAB3IP5,,,EIF2S2EK,HSPBAS7,SLC25A173,,,,,,,MPZL1,,,,,,,,,,,,,,,,,,,INHBC,,,,SLC18A1,,CDHRF65,RAB6J,,,,,,,,,,RBM50,,,,MRPS26,,
LOC100134641,SLC30A2,,,,,SLC16A1,,RABGEF1,,,,,,,,,,ATP6AP1P148,,,,,,,,RAB9P74,,,,,,RAB9P105,,,,,,PENK66,SRSF4,,,RABGEF1L123,,KCNA7,RAB3IL1,,,EIF2S2EL,HSPBAS8,SLC25A174,,,,,,,MPZL2,,,,,,,,,,,,,,,,,,,INHBE,,,,SLC17A9,,CDHRF66,RAB6K,,,,,,,,,,RBM49,,,,MRPS27,,
LOC100134642,SLC30A3,,,,,SLC16A1,,RABGEF1,,,,,,,,,,ATP6AP1P149,,,,,,,,RAB9P75,,,,,,RAB9P106,,,,,,PENK67,SRRM1,,,RABGEF1L124,,KCND1,RAB3C,,,EIF2S2EM,HSPBAS9,SLC25A175,,,,,,,NCAM1,,,,,,,,,,,,,,,,,,,ACVR1,,,,SLC17A8,,CDHRF67,RAB6L,,,,,,,,,,RBM48,,,,MRPS28,,
LOC100134643,SLC30A4,,,,,SLC16A1,,RABGEF1,,,,,,,,,,ATP6AP1P150,,,,,,,,RAB9P76,,,,,,RAB9P107,,,,,,PENK68,SRRM2,,,RABGEF1L125,,KCND2,RAB3D,,,EIF2S2EN,HSPBASA,SLC25A176,,,,,,,NCAM2,,,,,,,,,,,,,,,,,,,ACVR1B,,,,SLC17A7,,CDHRF68,RAB6M,,,,,,,,,,RBM46,,,,MRPS30,,
LOC100134644,SLC30A5,,,,,SLC16A1,,RABGEF1,,,,,,,,,,ATP6AP1P151,,,,,,,,RAB9P77,,,,,,RAB9P108,,,,,,PENK69,SNRNP200,,,RABGEF1L126,,KCND3,RAB3A,,,EIF2S2EO,HSPBASB,SLC25A177,,,,,,,NID1,,,,,,,,,,,,,,,,,,,ACVR1C,,,,SLC17A6,,CDHRF69,RAB6N,,,,,,,,,,RBM47,,,,MRPS31,,
LOC100134645,SLC30A6,,,,,SLC16A1,,RABGEF1,,,,,,,,,,ATP6AP1P152,,,,,,,,RAB9P78,,,,,,RAB9P109,,,,,,PENK70,SNRNP70,,,RABGEF1L127,,KCNE1,RAB3B,,,EIF2S2EP,HSPBASC,SLC25A178,,,,,,,NID2,,,,,,,,,,,,,,,,,,,ACVR2A,,,,SLC17A5,,CDHRF70,RAB6O,,,,,,,,,,RBM43,,,,MRPS33,,
LOC100134646,SLC30A7,,,,,SLC16A1,,RABGEF1,,,,,,,,,,ATP6AP1P153,,,,,,,,RAB9P79,,,,,,RAB9P110,,,,,,PENK71,SNRPA1,,,RABGEF1L128,,KCNE1L,RAB3IP5,,,EIF2S2EQ,HSPBASD,SLC25A179,,,,,,,NRCAM,,,,,,,,,,,,,,,,,,,ACVR2B,,,,SLC17A4,,CDHRF71,RAB6P,,,,,,,,,,RBM38,,,,MRPS34,,
LOC100134647,SLC30A8,,,,,SLC16A1,,RABGEF1,,,,,,,,,,ATP6AP1P154,,,,,,,,RAB9P80,,,,,,RAB9P111,,,,,,PENK72,SNRNPB,,,RABGEF1L129,,KCNE2,RAB3GALT1,,,EIF2S2ER,HSPBASE,SLC25A180,,,,,,,NTN1,,,,,,,,,,,,,,,,,,,ACVRL1,,,,SLC17A3,,CDHRF72,RAB6Q,,,,,,,,,,RBM41,,,,MRPS35,,
LOC100134648,SLC30A9,,,,,SLC16A1,,RABGEF1,,,,,,,,,,ATP6AP1P155,,,,,,,,RAB9P81,,,,,,RAB9P112,,,,,,PENK73,SNRNPB2,,,RABGEF1L130,,KCNE3,RAB3GALT,,,EIF2S2ES,HSPBASF,SLC25A181,,,,,,,NTN3,,,,,,,,,,,,,,,,,,,NODAL,,,,SLC17A2,,CDHRF73,RAB6R,,,,,,,,,,RBM45,,,,MRPS36,,
LOC100134649,SLC38A1,,,,,SLC16A1,,RABGEF1,,,,,,,,,,ATP6AP1P156,,,,,,,,RAB9P82,,,,,,RAB9P113,,,,,,PENK74,SNRPC,,,RABGEF1L131,,KCNE4,RAB43L,,,EIF2S2ET,HSPBASG,SLC25A182,,,,,,,NTN4,,,,,,,,,,,,,,,,,,,LEFTY1,,,,SLC17A1,,CDHRF74,RAB6S,,,,,,,,,,RBM22,,,,,,
LOC100134650,SLC38A10,,,,,SLC16A1,,RABGEF1,,,,,,,,,,ATP6AP1P157,,,,,,,,RAB9P83,,,,,,RAB9P114,,,,,,PENK75,SNRPD1,,,RABGEF1L132,,KCNF1,RAB42L,,,EIF2S2EU,HSPBASH,SLC25A183,,,,,,,PARD6B,,,,,,,,,,,,,,,,,,,LEFTY2,,,,SLC16A9,,CDHRF75,RAB6T,,,,,,,,,,RBM24,,,,,,
LOC100134651,SLC38A2,,,,,SLC16A1,,RABGEF1,,,,,,,,,,ATP6AP1P158,,,,,,,,RAB9P84,,,,,,RAB9P115,,,,,,PENK76,SNRPD2,,,RABGEF1L133,,KCNF2,RAB3GAP1,,,EIF2S2EV,HSPBASI,SLC25A184,,,,,,,PARD6G,,,,,,,,,,,,,,,,,,,,,,,SLC16A8,,CDHRF76,RAB6U,,,,,,,,,,RBM19,,,,,,
LOC100134652,SLC38A3,,,,,SLC16A1,,RABGEF1,,,,,,,,,,ATP6AP1P159,,,,,,,,RAB9P85,,,,,,RAB9P116,,,,,,PENK77,SNRPD3,,,RABGEF1L134,,KCNG1,RAB3GAP1,,,EIF2S2EW,HSPBASJ,SLC25A185,,,,,,,PECAM1,,,,,,,,,,,,,,,,,,,,,,,SLC16A7,,CDHRF77,RAB6V,,,,,,,,,,RBM25,,,,,,
LOC100134653,SLC38A4,,,,,SLC16A1,,RABGEF1,,,,,,,,,,ATP6AP1P160,,,,,,,,RAB9P86,,,,,,RAB9P117,,,,,,PENK78,SNRPE,,,RABGEF1L135,,KCNG2,RAB3IP2,,,EIF2S2EX,HSPBASK,SLC25A186,,,,,,,PKP1,,,,,,,,,,,,,,,,,,,,,,,SLC16A6,,CDHRF78,RAB6W,,,,,,,,,,RBM3,,,,,,
LOC100134654,SLC38A5,,,,,SLC16A1,,RABGEF1,,,,,,,,,,ATP6AP1P161,,,,,,,,RAB9P87,,,,,,RAB9P118,,,,,,PENK79,SNRPF,,,RABGEF1L136,,KCNG3,RAB3IP4,,,EIF2S2EY,HSPBASL,SLC25A187,,,,,,,PKP2,,,,,,,,,,,,,,,,,,,,,,,SLC16A4,,CDHRF79,RAB6X,,,,,,,,,,RBM4,,,,,,
LOC100134655,SLC38A6,,,,,SLC16A1,,RABGEF1,,,,,,,,,,ATP6AP1P162,,,,,,,,RAB9P88,,,,,,RAB9P119,,,,,,PENK80,SNRPG,,,RABGEF1L137,,,RAB3IP5,,,EIF2S2EZ,HSPBASM,SLC25A188,,,,,,,PKP3,,,,,,,,,,,,,,,,,,,,,,,SLC16A3,,CDHRF80,RAB6Y,,,,,,,,,,RBM17,,,,,,
LOC100134656,SLC38A7,,,,,SLC16A1,,RABGEF1,,,,,,,,,,ATP6AP1P163,,,,,,,,RAB9P89,,,,,,RAB9P120,,,,,,PENK81,SNRPN,,,RABGEF1L138,,,RAB3IL1,,,EIF2S2FA,HSPBASN,SLC25A189,,,,,,,PLAU,,,,,,,,,,,,,,,,,,,,,,,SLC16A2,,CDHRF81,RAB6Z,,,,,,,,,,RBM10,,,,,,
LOC100134657,SLC38A8,,,,,SLC16A1,,RABGEF1,,,,,,,,,,ATP6AP1P164,,,,,,,,RAB9P90,,,,,,RAB9P121,,,,,,PENK82,SNRP65,,,RABGEF1L139,,,RAB3C,,,EIF2S2FB,HSPBASO,SLC25A190,,,,,,,PLXNA1,,,,,,,,,,,,,,,,,,,,,,,SLC16A14,,CDHRF82,RAB7D,,,,,,,,,,RBM5,,,,,,
LOC100134658,SLC38A9,,,,,SLC16A1,,RABGEF1,,,,,,,,,,ATP6AP1P165,,,,,,,,RAB9P91,,,,,,RAB9P122,,,,,,PENK83,SF3B1,,,RABGEF1L140,,,RAB3D,,,EIF2S2FC,HSPBASP,SLC25A191,,,,,,,PLXNA2,,,,,,,,,,,,,,,,,,,,,,,SLC16A13,,CDHRF83,RAB7E,,,,,,,,,,RBM14,,,,,,
LOC100134659,,,,,,SLC16A1,,RABGEF1,,,,,,,,,,ATP6AP1P166,,,,,,,,RAB9P92,,,,,,RAB9P123,,,,,,PENK84,SF3B4,,,RABGEF1L141,,,RAB3A,,,EIF2S2FD,HSPBASQ,SLC25A192,,,,,,,PLXNA3,,,,,,,,,,,,,,,,,,,,,,,SLC16A12,,CDHRF84,RAB7F,,,,,,,,,,RBMX,,,,,,
LOC100134660,,,,,,SLC16A1,,RABGEF1,,,,,,,,,,ATP6AP1P167,,,,,,,,RAB9P93,,,,,,RAB9P124,,,,,,PENK85,SF3A1,,,RABGEF1L142,,,RAB3B,,,EIF2S2FE,HSPBASR,SLC25A193,,,,,,,PLXNA4,,,,,,,,,,,,,,,,,,,,,,,SLC16A11,,CDHRF85,RAB7G,,,,,,,,,,ILF3,,,,,,
LOC100134661,,,,,,SLC16A1,,RABGEF1,,,,,,,,,,ATP6AP1P168,,,,,,,,RAB9P94,,,,,,RAB9P125,,,,,,PENK86,SF3A3,,,RABGEF1L143,,,RAB3IP5,,,EIF2S2FF,HSPBASS,SLC25A194,,,,,,,PLXNB1,,,,,,,,,,,,,,,,,,,,,,,SLC16A10,,CDHRF86,RAB7H,,,,,,,,,,IGF2BP3,,,,,,
LOC100134662,,,,,,SLC16A1,,RABGEF1,,,,,,,,,,ATP6AP1P169,,,,,,,,RAB9P95,,,,,,RAB9P126,,,,,,PENK87,SF1,,,RABGEF1L144,,,RAB3GALT1,,,EIF2S2FG,HSPBAST,SLC25A195,,,,,,,PLXNB2,,,,,,,,,,,,,,,,,,,,,,,SLC16A1,,CDHRF87,RAB7I,,,,,,,,,,IGF2BP1,,,,,,
LOC100134663,,,,,,SLC16A1,,RABGEF1,,,,,,,,,,ATP6AP1P170,,,,,,,,RAB9P96,,,,,,RAB9P127,,,,,,PENK88,U2AF1,,,RABGEF1L145,,,RAB3GALT,,,EIF2S2FH,HSPBASU,SLC25A196,,,,,,,PLXNB3,,,,,,,,,,,,,,,,,,,,,,,SLC15A4,,CDHRF88,RAB7J,,,,,,,,,,LARP1,,,,,,
LOC100134664,,,,,,SLC16A1,,RABGEF1,,,,,,,,,,ATP6AP1P171,,,,,,,,RAB9P97,,,,,,RAB9P128,,,,,,PENK89,U2AF2,,,RABGEF1L146,,,RAB43L,,,EIF2S2FI,HSPBASV,SLC25A197,,,,,,,PTPRF,,,,,,,,,,,,,,,,,,,,,,,SLC15A3,,CDHRF89,RAB7K,,,,,,,,,,SSB,,,,,,
LOC100134665,,,,,,SLC16A1,,RABGEF1,,,,,,,,,,ATP6AP1P172,,,,,,,,RAB9P98,,,,,,RAB9P129,,,,,,PENK90,PPIL1,,,RABGEF1L147,,,RAB42L,,,EIF2S2FJ,HSPBASW,SLC25A198,,,,,,,PTPRM,,,,,,,,,,,,,,,,,,,,,,,SLC15A2,,CDHRF90,RAB7L,,,,,,,,,,TROVE1,,,,,,
LOC100134666,,,,,,SLC16A1,,RABGEF1,,,,,,,,,,ATP6AP1P173,,,,,,,,RAB9P99,,,,,,RAB9P130,,,,,,PENK91,PPIL2,,,RABGEF1L148,,,RAB3GAP1,,,EIF2S2FK,HSPBASX,SLC25A199,,,,,,,PVR,,,,,,,,,,,,,,,,,,,,,,,SLC15A1,,CDHRF91,RAB7M,,,,,,,,,,TROVE2,,,,,,
LOC100134667,,,,,,SLC16A1,,RABGEF1,,,,,,,,,,ATP6AP1P174,,,,,,,,RAB9P100,,,,,,RAB9P131,,,,,,PENK92,PPIL3,,,RABGEF1L149,,,RAB3GAP1,,,EIF2S2FL,HSPBASY,SLC25A200,,,,,,,SDC1,,,,,,,,,,,,,,,,,,,,,,,SLC14A2,,CDHRF92,RAB7N,,,,,,,,,,FUBP1,,,,,,
LOC100134668,,,,,,SLC16A1,,RABGEF1,,,,,,,,,,ATP6AP1P175,,,,,,,,RAB9P101,,,,,,RAB9P132,,,,,,PENK93,PPIL4,,,RABGEF1L150,,,RAB3IP2,,,EIF2S2FM,HSPBASZ,,,,,,,,SDC2,,,,,,,,,,,,,,,,,,,,,,,SLC14A1,,CDHRF93,RAB7O,,,,,,,,,,YBX1,,,,,,
LOC100134669,,,,,,SLC16A1,,RABGEF1,,,,,,,,,,ATP6AP1P176,,,,,,,,RAB9P102,,,,,,RAB9P133,,,,,,PENK94,PPIA,,,RABGEF1L151,,,RAB3IP4,,,EIF2S2FN,HSPBAT1,,,,,,,,SDC3,,,,,,,,,,,,,,,,,,,,,,,SLC13A5,,CDHRF94,RAB7P,,,,,,,,,,PABPC1,,,,,,
LOC100134670,,,,,,SLC16A1,,RABGEF1,,,,,,,,,,ATP6AP1P177,,,,,,,,RAB9P103,,,,,,RAB9P134,,,,,,PENK95,PPIB,,,RABGEF1L152,,,RAB3IP5,,,EIF2S2FO,HSPBAT2,,,,,,,,SELL,,,,,,,,,,,,,,,,,,,,,,,SLC13A4,,CDHRF95,RAB7Q,,,,,,,,,,PCBP1,,,,,,
LOC100134671,,,,,,SLC16A1,,RABGEF1,,,,,,,,,,ATP6AP1P178,,,,,,,,RAB9P104,,,,,,RAB9P135,,,,,,PENK96,PPIF,,,RABGEF1L153,,,RAB3IL1,,,EIF2S2FP,HSPBAT3,,,,,,,,SEMA3A,,,,,,,,,,,,,,,,,,,,,,,SLC13A3,,CDHRF96,RAB7R,,,,,,,,,,PCBP2,,,,,,
LOC100134672,,,,,,SLC16A1,,RABGEF1,,,,,,,,,,ATP6AP1P179,,,,,,,,RAB9P105,,,,,,RAB9P136,,,,,,PENK97,PPIG,,,RABGEF1L154,,,RAB3C,,,EIF2S2FQ,HSPBAT4,,,,,,,,SEMA3C,,,,,,,,,,,,,,,,,,,,,,,SLC13A2,,CDHRF97,RAB7S,,,,,,,,,,TIAL1,,,,,,
LOC100134673,,,,,,SLC16A1,,RABGEF1,,,,,,,,,,ATP6AP1P180,,,,,,,,RAB9P106,,,,,,RAB9P137,,,,,,PENK98,PPIH,,,RABGEF1L155,,,RAB3D,,,EIF2S2FR,HSPBAT5,,,,,,,,SEMA3F,,,,,,,,,,,,,,,,,,,,,,,SLC13A1,,CDHRF98,RAB7T,,,,,,,,,,TIA1,,,,,,
LOC100134674,,,,,,SLC16A1,,RABGEF1,,,,,,,,,,ATP6AP1P181,,,,,,,,RAB9P107,,,,,,RAB9P138,,,,,,PENK99,CYPB,,,RABGEF1L156,,,RAB3A,,,EIF2S2FS,HSPBAT6,,,,,,,,SEMA4A,,,,,,,,,,,,,,,,,,,,,,,SLC12A9,,CDHRF99,RAB7U,,,,,,,,,,MATR3,,,,,,
LOC100134675,,,,,,SLC16A1,,RABGEF1,,,,,,,,,,ATP6AP1P182,,,,,,,,RAB9P108,,,,,,RAB9P139,,,,,,PENK100,CYPD,,,RABGEF1L157,,,RAB3B,,,EIF2S2FT,HSPBAT7,,,,,,,,SEMA4B,,,,,,,,,,,,,,,,,,,,,,,SLC12A8,,CDHRF100,RAB7V,,,,,,,,,,KHSRP,,,,,,
LOC100134676,,,,,,SLC16A1,,RABGEF1,,,,,,,,,,ATP6AP1P183,,,,,,,,RAB9P109,,,,,,RAB9P140,,,,,,PENK101,CYPH,,,RABGEF1L158,,,RAB3IP5,,,EIF2S2FU,HSPBAT8,,,,,,,,SEMA4C,,,,,,,,,,,,,,,,,,,,,,,SLC12A7,,CDHRF101,RAB7W,,,,,,,,,,HNRNPU,,,,,,
LOC100134677,,,,,,SLC16A1,,RABGEF1,,,,,,,,,,ATP6AP1P184,,,,,,,,RAB9P110,,,,,,RAB9P141,,,,,,PENK102,CYPJ,,,RABGEF1L159,,,RAB3GALT1,,,EIF2S2FV,HSPBAT9,,,,,,,,SEMA4D,,,,,,,,,,,,,,,,,,,,,,,SLC12A6,,CDHRF102,RAB7X,,,,,,,,,,HNRNPH1,,,,,,
LOC100134678,,,,,,SLC16A1,,RABGEF1,,,,,,,,,,ATP6AP1P185,,,,,,,,RAB9P111,,,,,,RAB9P142,,,,,,PENK103,FKBP1A,,,RABGEF1L160,,,RAB3GALT,,,EIF2S2FW,HSPBATA,,,,,,,,SEMA4F,,,,,,,,,,,,,,,,,,,,,,,SLC12A5,,CDHRF103,RAB7Y,,,,,,,,,,HNRNPC,,,,,,
LOC100134679,,,,,,SLC16A1,,RABGEF1,,,,,,,,,,ATP6AP1P186,,,,,,,,RAB9P112,,,,,,RAB9P143,,,,,,PENK104,FKBP1B,,,RABGEF1L161,,,RAB43L,,,EIF2S2FX,HSPBATB,,,,,,,,SEMA4G,,,,,,,,,,,,,,,,,,,,,,,SLC12A4,,CDHRF104,RAB7Z,,,,,,,,,,HNRNPD,,,,,,
LOC100134680,,,,,,SLC16A1,,RABGEF1,,,,,,,,,,ATP6AP1P187,,,,,,,,RAB9P113,,,,,,RAB9P144,,,,,,PENK105,FKBP14,,,RABGEF1L162,,,RAB42L,,,EIF2S2FY,HSPBATC,,,,,,,,SEMA5A,,,,,,,,,,,,,,,,,,,,,,,SLC12A3,,CDHRF105,RAB8D,,,,,,,,,,HNRNPA1,,,,,,
LOC100134681,,,,,,SLC16A1,,RABGEF1,,,,,,,,,,ATP6AP1P188,,,,,,,,RAB9P114,,,,,,RAB9P145,,,,,,PENK106,FKBP15,,,RABGEF1L163,,,RAB3GAP1,,,EIF2S2FZ,HSPBATD,,,,,,,,SEMA5B,,,,,,,,,,,,,,,,,,,,,,,SLC12A2,,CDHRF106,RAB8E,,,,,,,,,,SF1,,,,,,
LOC100134682,,,,,,SLC16A1,,RABGEF1,,,,,,,,,,ATP6AP1P189,,,,,,,,RAB9P115,,,,,,RAB9P146,,,,,,PENK107,FKBP2,,,RABGEF1L164,,,RAB3GAP1,,,EIF2S2GA,HSPBATE,,,,,,,,SEMA6A,,,,,,,,,,,,,,,,,,,,,,,SLC12A1,,CDHRF107,RAB8F,,,,,,,,,,SF3B1,,,,,,
LOC100134683,,,,,,SLC16A1,,RABGEF1,,,,,,,,,,ATP6AP1P190,,,,,,,,RAB9P116,,,,,,RAB9P147,,,,,,PENK108,FKBP3,,,RABGEF1L165,,,RAB3IP2,,,EIF2S2GB,HSPBATF,,,,,,,,SEMA6B,,,,,,,,,,,,,,,,,,,,,,,SLC10A7,,CDHRF108,RAB8G,,,,,,,,,,SF3B4,,,,,,
LOC100134684,,,,,,SLC16A1,,RABGEF1,,,,,,,,,,ATP6AP1P191,,,,,,,,RAB9P117,,,,,,RAB9P148,,,,,,PENK109,FKBP5,,,RABGEF1L166,,,RAB3IP4,,,EIF2S2GC,HSPBATG,,,,,,,,SEMA6C,,,,,,,,,,,,,,,,,,,,,,,SLC10A6,,CDHRF109,RAB8H,,,,,,,,,,SNRNP200,,,,,,
LOC100134685,,,,,,SLC16A1,,RABGEF1,,,,,,,,,,ATP6AP1P192,,,,,,,,RAB9P118,,,,,,RAB9P149,,,,,,PENK110,FKBP6,,,RABGEF1L167,,,RAB3IP5,,,EIF2S2GD,HSPBATH,,,,,,,,SEMA6D,,,,,,,,,,,,,,,,,,,,,,,SLC10A4,,CDHRF110,RAB8I,,,,,,,,,,SNRPA1,,,,,,
LOC100134686,,,,,,SLC16A1,,RABGEF1,,,,,,,,,,ATP6AP1P193,,,,,,,,RAB9P119,,,,,,RAB9P150,,,,,,PENK111,FKBP7,,,RABGEF1L168,,,RAB3IL1,,,EIF2S2GE,HSPBATI,,,,,,,,SLIT1,,,,,,,,,,,,,,,,,,,,,,,SLC10A2,,CDHRF111,RAB8J,,,,,,,,,,SNRPE,,,,,,
LOC100134687,,,,,,SLC16A1,,RABGEF1,,,,,,,,,,ATP6AP1P194,,,,,,,,RAB9P120,,,,,,RAB9P151,,,,,,PENK112,FKBP8,,,RABGEF1L169,,,RAB3C,,,EIF2S2GF,HSPBATJ,,,,,,,,SLIT2,,,,,,,,,,,,,,,,,,,,,,,SLC10A1,,CDHRF112,RAB8K,,,,,,,,,,SNRPD3,,,,,,
LOC100134688,,,,,,SLC16A1,,RABGEF1,,,,,,,,,,ATP6AP1P195,,,,,,,,RAB9P121,,,,,,RAB9P152,,,,,,PENK113,FKBP9,,,RABGEF1L170,,,RAB3D,,,EIF2S2GG,HSPBATK,,,,,,,,SLIT3,,,,,,,,,,,,,,,,,,,,,,,SLC9A6,,CDHRF113,RAB8L,,,,,,,,,,SNRNP70,,,,,,
LOC100134689,,,,,,SLC16A1,,RABGEF1,,,,,,,,,,ATP6AP1P196,,,,,,,,RAB9P122,,,,,,RAB9P153,,,,,,PENK114,FKBP10,,,RABGEF1L171,,,RAB3A,,,EIF2S2GH,HSPBATL,,,,,,,,TJP1,,,,,,,,,,,,,,,,,,,,,,,SLC9A3R2,,CDHRF114,RAB8M,,,,,,,,,,SRSF9,,,,,,
LOC100134690,,,,,,SLC16A1,,RABGEF1,,,,,,,,,,ATP6AP1P197,,,,,,,,RAB9P123,,,,,,RAB9P154,,,,,,PENK115,FKBP11,,,RABGEF1L172,,,RAB3B,,,EIF2S2GI,HSPBATM,,,,,,,,TJP2,,,,,,,,,,,,,,,,,,,,,,,SLC9A3R1,,CDHRF115,RAB8N,,,,,,,,,,SRSF7,,,,,,
LOC100134691,,,,,,SLC16A1,,RABGEF1,,,,,,,,,,ATP6AP1P198,,,,,,,,RAB9P124,,,,,,RAB9P155,,,,,,PENK116,FKBP12,,,RABGEF1L173,,,RAB3IP5,,,EIF2S2GJ,HSPBATN,,,,,,,,VASP,,,,,,,,,,,,,,,,,,,,,,,SLC9A3,,CDHRF116,RAB8O,,,,,,,,,,SRSF1,,,,,,
LOC100134692,,,,,,SLC16A1,,RABGEF1,,,,,,,,,,ATP6AP1P199,,,,,,,,RAB9P125,,,,,,RAB9P156,,,,,,PENK117,FKBP13,,,RABGEF1L174,,,RAB3GALT1,,,EIF2S2GK,HSPBATO,,,,,,,,,,,,,,,,,,,,,,,,,,,,,,,SLC9A1,,CDHRF117,RAB8P,,,,,,,,,,NPM1,,,,,,
LOC100134693,,,,,,SLC16A1,,RABGEF1,,,,,,,,,,ATP6AP1P200,,,,,,,,RAB9P126,,,,,,RAB9P157,,,,,,PENK118,,,,RABGEF1L175,,,RAB3GALT,,,EIF2S2GL,HSPBATP,,,,,,,,,,,,,,,,,,,,,,,,,,,,,,,SLC8A3,,CDHRF118,RAB8Q,,,,,,,,,,NCL,,,,,,
LOC100134694,,,,,,SLC16A1,,RABGEF1,,,,,,,,,,,,,,,,,,RAB9P127,,,,,,RAB9P158,,,,,,PENK119,,,,RABGEF1L176,,,RAB43L,,,EIF2S2GM,HSPBATQ,,,,,,,,,,,,,,,,,,,,,,,,,,,,,,,SLC8A2,,CDHRF119,RAB8R,,,,,,,,,,EIF5A1,,,,,,
LOC100134695,,,,,,SLC16A1,,RABGEF1,,,,,,,,,,,,,,,,,,RAB9P128,,,,,,RAB9P159,,,,,,PENK120,,,,RABGEF1L177,,,RAB42L,,,EIF2S2GN,HSPBATR,,,,,,,,,,,,,,,,,,,,,,,,,,,,,,,SLC8A1,,CDHRF120,RAB8S,,,,,,,,,,EIF2B1,,,,,,
LOC100134696,,,,,,SLC16A1,,RABGEF1,,,,,,,,,,,,,,,,,,RAB9P129,,,,,,RAB9P160,,,,,,PENK121,,,,RABGEF1L178,,,RAB3GAP1,,,EIF2S2GO,HSPBATS,,,,,,,,,,,,,,,,,,,,,,,,,,,,,,,SLC7A9,,CDHRF121,RAB8T,,,,,,,,,,EIF2B3,,,,,,
LOC100134697,,,,,,SLC16A1,,RABGEF1,,,,,,,,,,,,,,,,,,RAB9P130,,,,,,RAB9P161,,,,,,PENK122,,,,RABGEF1L179,,,RAB3GAP1,,,EIF2S2GP,HSPBATT,,,,,,,,,,,,,,,,,,,,,,,,,,,,,,,SLC7A8,,CDHRF122,RAB8U,,,,,,,,,,EIF2B2,,,,,,
LOC100134698,,,,,,SLC16A1,,RABGEF1,,,,,,,,,,,,,,,,,,RAB9P131,,,,,,RAB9P162,,,,,,PENK123,,,,RABGEF1L180,,,RAB3IP2,,,EIF2S2GQ,HSPBATU,,,,,,,,,,,,,,,,,,,,,,,,,,,,,,,SLC7A7,,CDHRF123,RAB8V,,,,,,,,,,EIF2S1,,,,,,
LOC100134699,,,,,,SLC16A1,,RABGEF1,,,,,,,,,,,,,,,,,,RAB9P132,,,,,,RAB9P163,,,,,,PENK124,,,,RABGEF1L181,,,RAB3IP4,,,EIF2S2GR,HSPBATV,,,,,,,,,,,,,,,,,,,,,,,,,,,,,,,SLC7A6,,CDHRF124,RAB8W,,,,,,,,,,EIF4A1,,,,,,
LOC100134700,,,,,,SLC16A1,,RABGEF1,,,,,,,,,,,,,,,,,,RAB9P133,,,,,,RAB9P164,,,,,,PENK125,,,,RABGEF1L182,,,RAB3IP5,,,EIF2S2GS,HSPBATW,,,,,,,,,,,,,,,,,,,,,,,,,,,,,,,SLC7A5,,CDHRF125,RAB8X,,,,,,,,,,EIF4G1,,,,,,
LOC100134701,,,,,,SLC16A1,,RABGEF1,,,,,,,,,,,,,,,,,,RAB9P134,,,,,,RAB9P165,,,,,,PENK126,,,,RABGEF1L183,,,RAB3IL1,,,EIF2S2GT,HSPBATX,,,,,,,,,,,,,,,,,,,,,,,,,,,,,,,SLC7A4,,CDHRF126,RAB8Y,,,,,,,,,,EIF4B,,,,,,
LOC100134702,,,,,,SLC16A1,,RABGEF1,,,,,,,,,,,,,,,,,,RAB9P135,,,,,,RAB9P166,,,,,,PENK127,,,,RABGEF1L184,,,RAB3C,,,EIF2S2GU,HSPBATY,,,,,,,,,,,,,,,,,,,,,,,,,,,,,,,SLC7A3,,CDHRF127,RAB8Z,,,,,,,,,,EIF3A,,,,,,
LOC100134703,,,,,,SLC16A1,,RABGEF1,,,,,,,,,,,,,,,,,,RAB9P136,,,,,,RAB9P167,,,,,,PENK128,,,,RABGEF1L185,,,RAB3D,,,EIF2S2GV,HSPBATZ,,,,,,,,,,,,,,,,,,,,,,,,,,,,,,,SLC7A2,,CDHRF128,RAB9D,,,,,,,,,,EIF3E,,,,,,
LOC100134704,,,,,,SLC16A1,,RABGEF1,,,,,,,,,,,,,,,,,,RAB9P137,,,,,,RAB9P168,,,,,,PENK129,,,,RABGEF1L186,,,RAB3A,,,EIF2S2GW,HSPBAU1,,,,,,,,,,,,,,,,,,,,,,,,,,,,,,,SLC7A14,,CDHRF129,RAB9E,,,,,,,,,,EIF3C,,,,,,
LOC100134705,,,,,,SLC16A1,,RABGEF1,,,,,,,,,,,,,,,,,,RAB9P138,,,,,,RAB9P169,,,,,,PENK130,,,,RABGEF1L187,,,RAB3B,,,EIF2S2GX,HSPBAU2,,,,,,,,,,,,,,,,,,,,,,,,,,,,,,,SLC7A13,,CDHRF130,RAB9F,,,,,,,,,,EIF3H,,,,,,
LOC100134706,,,,,,SLC16A1,,RABGEF1,,,,,,,,,,,,,,,,,,RAB9P139,,,,,,RAB9P170,,,,,,PENK131,,,,RABGEF1L188,,,RAB3IP5,,,EIF2S2GY,HSPBAU3,,,,,,,,,,,,,,,,,,,,,,,,,,,,,,,SLC7A11,,CDHRF131,RAB9G,,,,,,,,,,EIF3L,,,,,,
LOC100134707,,,,,,SLC16A1,,RABGEF1,,,,,,,,,,,,,,,,,,RAB9P140,,,,,,RAB9P171,,,,,,PENK132,,,,RABGEF1L189,,,RAB3GALT1,,,EIF2S2GZ,HSPBAU4,,,,,,,,,,,,,,,,,,,,,,,,,,,,,,,SLC7A10,,CDHRF132,RAB9H,,,,,,,,,,EIF3B,,,,,,
LOC100134708,,,,,,SLC16A1,,RABGEF1,,,,,,,,,,,,,,,,,,RAB9P141,,,,,,RAB9P172,,,,,,PENK133,,,,RABGEF1L190,,,RAB3GALT,,,EIF2S2HA,HSPBAU5,,,,,,,,,,,,,,,,,,,,,,,,,,,,,,,SLC6A9,,CDHRF133,RAB9I,,,,,,,,,,EIF3I,,,,,,
LOC100134709,,,,,,SLC16A1,,RABGEF1,,,,,,,,,,,,,,,,,,RAB9P142,,,,,,RAB9P173,,,,,,PENK134,,,,RABGEF1L191,,,RAB43L,,,EIF2S2HB,HSPBAU6,,,,,,,,,,,,,,,,,,,,,,,,,,,,,,,SLC6A8,,CDHRF134,RAB9J,,,,,,,,,,EIF3G,,,,,,
LOC100134710,,,,,,SLC16A1,,RABGEF1,,,,,,,,,,,,,,,,,,RAB9P143,,,,,,RAB9P174,,,,,,PENK135,,,,RABGEF1L192,,,RAB42L,,,EIF2S2HC,HSPBAU7,,,,,,,,,,,,,,,,,,,,,,,,,,,,,,,SLC6A7,,CDHRF135,RAB9K,,,,,,,,,,EEF2,,,,,,
LOC100134711,,,,,,SLC16A1,,RABGEF1,,,,,,,,,,,,,,,,,,RAB9P144,,,,,,RAB9P175,,,,,,PENK136,,,,RABGEF1L193,,,RAB3GAP1,,,EIF2S2HD,HSPBAU8,,,,,,,,,,,,,,,,,,,,,,,,,,,,,,,SLC6A6,,CDHRF136,RAB9L,,,,,,,,,,EEF1G,,,,,,
LOC100134712,,,,,,SLC16A1,,RABGEF1,,,,,,,,,,,,,,,,,,RAB9P145,,,,,,RAB9P176,,,,,,PENK137,,,,RABGEF1L194,,,RAB3GAP1,,,EIF2S2HE,HSPBAU9,,,,,,,,,,,,,,,,,,,,,,,,,,,,,,,SLC6A5,,CDHRF137,RAB9M,,,,,,,,,,EEF1A1,,,,,,
LOC100134713,,,,,,SLC16A1,,RABGEF1,,,,,,,,,,,,,,,,,,RAB9P146,,,,,,RAB9P177,,,,,,PENK138,,,,RABGEF1L195,,,RAB3IP2,,,EIF2S2HF,HSPBAUA,,,,,,,,,,,,,,,,,,,,,,,,,,,,,,,SLC6A4,,CDHRF138,RAB9N,,,,,,,,,,RPLP1,,,,,,
LOC100134714,,,,,,SLC16A1,,RABGEF1,,,,,,,,,,,,,,,,,,RAB9P147,,,,,,RAB9P178,,,,,,PENK139,,,,RABGEF1L196,,,RAB3IP4,,,EIF2S2HG,HSPBAUB,,,,,,,,,,,,,,,,,,,,,,,,,,,,,,,SLC6A3,,CDHRF139,RAB9O,,,,,,,,,,RPLP2,,,,,,
LOC100134715,,,,,,SLC16A1,,RABGEF1,,,,,,,,,,,,,,,,,,RAB9P148,,,,,,RAB9P179,,,,,,PENK140,,,,RABGEF1L197,,,RAB3IP5,,,EIF2S2HH,HSPBAUC,,,,,,,,,,,,,,,,,,,,,,,,,,,,,,,SLC6A20,,CDHRF140,RAB9P,,,,,,,,,,RPL40,,,,,,
LOC100134716,,,,,,SLC16A1,,RABGEF1,,,,,,,,,,,,,,,,,,RAB9P149,,,,,,RAB9P180,,,,,,PENK141,,,,RABGEF1L198,,,RAB3IL1,,,EIF2S2HI,HSPBAUD,,,,,,,,,,,,,,,,,,,,,,,,,,,,,,,SLC6A2,,CDHRF141,RAB9Q,,,,,,,,,,RPL41,,,,,,
LOC100134717,,,,,,SLC16A1,,RABGEF1,,,,,,,,,,,,,,,,,,RAB9P150,,,,,,RAB9P181,,,,,,PENK142,,,,RABGEF1L199,,,RAB3C,,,EIF2S2HJ,HSPBAUE,,,,,,,,,,,,,,,,,,,,,,,,,,,,,,,SLC6A19,,CDHRF142,RAB9R,,,,,,,,,,RPL36,,,,,,
LOC100134718,,,,,,SLC16A1,,RABGEF1,,,,,,,,,,,,,,,,,,RAB9P151,,,,,,RAB9P182,,,,,,PENK143,,,,RABGEF1L200,,,RAB3D,,,EIF2S2HK,HSPBAUF,,,,,,,,,,,,,,,,,,,,,,,,,,,,,,,SLC6A17,,CDHRF143,RAB9S,,,,,,,,,,RPL37,,,,,,
LOC100134719,,,,,,SLC16A1,,RABGEF1,,,,,,,,,,,,,,,,,,RAB9P152,,,,,,RAB9P183,,,,,,PENK144,,,,,,,RAB3A,,,EIF2S2HL,HSPBAUG,,,,,,,,,,,,,,,,,,,,,,,,,,,,,,,SLC6A15,,CDHRF144,RAB9T,,,,,,,,,,RPL39,,,,,,
LOC100134720,,,,,,SLC16A1,,RABGEF1,,,,,,,,,,,,,,,,,,RAB9P153,,,,,,RAB9P184,,,,,,PENK145,,,,,,,RAB3B,,,EIF2S2HM,HSPBAUH,,,,,,,,,,,,,,,,,,,,,,,,,,,,,,,SLC6A14,,CDHRF145,RAB9U,,,,,,,,,,RPL34,,,,,,
LOC100134721,,,,,,SLC16A1,,RABGEF1,,,,,,,,,,,,,,,,,,RAB9P154,,,,,,RAB9P185,,,,,,PENK146,,,,,,,RAB3IP5,,,EIF2S2HN,HSPBAUI,,,,,,,,,,,,,,,,,,,,,,,,,,,,,,,SLC6A13,,CDHRF146,RAB9V,,,,,,,,,,RPL35,,,,,,
LOC100134722,,,,,,SLC16A1,,RABGEF1,,,,,,,,,,,,,,,,,,RAB9P155,,,,,,RAB9P186,,,,,,PENK147,,,,,,,RAB3GALT1,,,EIF2S2HO,HSPBAUJ,,,,,,,,,,,,,,,,,,,,,,,,,,,,,,,SLC6A12,,CDHRF147,RAB9W,,,,,,,,,,RPL28,,,,,,
LOC100134723,,,,,,SLC16A1,,RABGEF1,,,,,,,,,,,,,,,,,,RAB9P156,,,,,,RAB9P187,,,,,,PENK148,,,,,,,RAB3GALT,,,EIF2S2HP,HSPBAUK,,,,,,,,,,,,,,,,,,,,,,,,,,,,,,,SLC6A11,,CDHRF148,RAB9X,,,,,,,,,,RPL31,,,,,,
LOC100134724,,,,,,SLC16A1,,RABGEF1,,,,,,,,,,,,,,,,,,RAB9P157,,,,,,RAB9P188,,,,,,PENK149,,,,,,,RAB43L,,,EIF2S2HQ,HSPBAUL,,,,,,,,,,,,,,,,,,,,,,,,,,,,,,,SLC6A1,,CDHRF149,RAB9Y,,,,,,,,,,RPL17,,,,,,
LOC100134725,,,,,,SLC16A1,,RABGEF1,,,,,,,,,,,,,,,,,,RAB9P158,,,,,,RAB9P189,,,,,,PENK150,,,,,,,RAB42L,,,EIF2S2HR,HSPBAUM,,,,,,,,,,,,,,,,,,,,,,,,,,,,,,,SLC5A8,,CDHRF150,RAB9Z,,,,,,,,,,RPL22,,,,,,
LOC100134726,,,,,,SLC16A1,,RABGEF1,,,,,,,,,,,,,,,,,,RAB9P159,,,,,,RAB9P190,,,,,,PENK151,,,,,,,RAB3GAP1,,,EIF2S2HS,HSPBAUN,,,,,,,,,,,,,,,,,,,,,,,,,,,,,,,SLC5A7,,CDHRF151,,,,,,,,,,,RPL18A,,,,,,
LOC100134727,,,,,,SLC16A1,,RABGEF1,,,,,,,,,,,,,,,,,,RAB9P160,,,,,,RAB9P191,,,,,,PENK152,,,,,,,RAB3GAP1,,,EIF2S2HT,HSPBAUO,,,,,,,,,,,,,,,,,,,,,,,,,,,,,,,SLC5A6,,CDHRF152,,,,,,,,,,,RPL23,,,,,,
LOC100134728,,,,,,SLC16A1,,RABGEF1,,,,,,,,,,,,,,,,,,RAB9P161,,,,,,RAB9P192,,,,,,PENK153,,,,,,,RAB3IP2,,,EIF2S2HU,HSPBAUP,,,,,,,,,,,,,,,,,,,,,,,,,,,,,,,SLC5A5,,CDHRF153,,,,,,,,,,,RPL11,,,,,,
LOC100134729,,,,,,SLC16A1,,RABGEF1,,,,,,,,,,,,,,,,,,RAB9P162,,,,,,RAB9P193,,,,,,PENK154,,,,,,,RAB3IP4,,,EIF2S2HV,HSPBAUQ,,,,,,,,,,,,,,,,,,,,,,,,,,,,,,,SLC5A4,,CDHRF154,,,,,,,,,,,RPL12,,,,,,
LOC100134730,,,,,,SLC16A1,,RABGEF1,,,,,,,,,,,,,,,,,,RAB9P163,,,,,,RAB9P194,,,,,,PENK155,,,,,,,RAB3IP5,,,EIF2S2HW,HSPBAUR,,,,,,,,,,,,,,,,,,,,,,,,,,,,,,,SLC5A3,,CDHRF155,,,,,,,,,,,RPL4,,,,,,
LOC100134731,,,,,,SLC16A1,,RABGEF1,,,,,,,,,,,,,,,,,,RAB9P164,,,,,,RAB9P195,,,,,,PENK156,,,,,,,RAB3IL1,,,EIF2S2HX,HSPBAUS,,,,,,,,,,,,,,,,,,,,,,,,,,,,,,,SLC5A2,,CDHRF156,,,,,,,,,,,RPL6,,,,,,
LOC100134732,,,,,,SLC16A1,,RABGEF1,,,,,,,,,,,,,,,,,,RAB9P165,,,,,,RAB9P196,,,,,,PENK157,,,,,,,RAB3C,,,EIF2S2HY,HSPBAUT,,,,,,,,,,,,,,,,,,,,,,,,,,,,,,,SLC5A12,,CDHRF157,,,,,,,,,,,RPL7,,,,,,
LOC100134733,,,,,,SLC16A1,,RABGEF1,,,,,,,,,,,,,,,,,,RAB9P166,,,,,,RAB9P197,,,,,,PENK158,,,,,,,RAB3D,,,EIF2S2HZ,HSPBAUU,,,,,,,,,,,,,,,,,,,,,,,,,,,,,,,SLC5A11,,CDHRF158,,,,,,,,,,,RPL13,,,,,,
LOC100134734,,,,,,SLC16A1,,RABGEF1,,,,,,,,,,,,,,,,,,RAB9P167,,,,,,RAB9P198,,,,,,PENK159,,,,,,,RAB3A,,,EIF2S2IA,HSPBAUV,,,,,,,,,,,,,,,,,,,,,,,,,,,,,,,SLC5A10,,CDHRF159,,,,,,,,,,,RPL8,,,,,,
LOC100134735,,,,,,SLC16A1,,RABGEF1,,,,,,,,,,,,,,,,,,RAB9P168,,,,,,RAB9P199,,,,,,PENK160,,,,,,,RAB3B,,,EIF2S2IB,HSPBAUW,,,,,,,,,,,,,,,,,,,,,,,,,,,,,,,SLC5A1,,CDHRF160,,,,,,,,,,,RPL10A,,,,,,
LOC100134736,,,,,,SLC16A1,,RABGEF1,,,,,,,,,,,,,,,,,,RAB9P169,,,,,,RAB9P200,,,,,,PENK161,,,,,,,RAB3IP5,,,EIF2S2IC,HSPBAUX,,,,,,,,,,,,,,,,,,,,,,,,,,,,,,,SLC4A9,,CDHRF161,,,,,,,,,,,RPL3,,,,,,
LOC100134737,,,,,,SLC16A1,,RABGEF1,,,,,,,,,,,,,,,,,,RAB9P170,,,,,,,,,,,,PENK162,,,,,,,RAB3GALT1,,,EIF2S2ID,HSPBAUY,,,,,,,,,,,,,,,,,,,,,,,,,,,,,,,SLC4A8,,CDHRF162,,,,,,,,,,,RPS29,,,,,,
LOC100134738,,,,,,SLC16A1,,RABGEF1,,,,,,,,,,,,,,,,,,RAB9P171,,,,,,,,,,,,PENK163,,,,,,,RAB3GALT,,,EIF2S2IE,HSPBAUZ,,,,,,,,,,,,,,,,,,,,,,,,,,,,,,,SLC4A7,,CDHRF163,,,,,,,,,,,RPS27,,,,,,
LOC100134739,,,,,,SLC16A1,,RABGEF1,,,,,,,,,,,,,,,,,,RAB9P172,,,,,,,,,,,,PENK164,,,,,,,RAB43L,,,EIF2S2IF,HSPBAV1,,,,,,,,,,,,,,,,,,,,,,,,,,,,,,,SLC4A5,,CDHRF164,,,,,,,,,,,RPS24,,,,,,
LOC100134740,,,,,,SLC16A1,,RABGEF1,,,,,,,,,,,,,,,,,,RAB9P173,,,,,,,,,,,,PENK165,,,,,,,RAB42L,,,EIF2S2IG,HSPBAV2,,,,,,,,,,,,,,,,,,,,,,,,,,,,,,,SLC4A4,,CDHRF165,,,,,,,,,,,RPS26,,,,,,
LOC100134741,,,,,,SLC16A1,,RABGEF1,,,,,,,,,,,,,,,,,,RAB9P174,,,,,,,,,,,,PENK166,,,,,,,RAB3GAP1,,,EIF2S2IH,HSPBAV3,,,,,,,,,,,,,,,,,,,,,,,,,,,,,,,SLC4A2,,CDHRF166,,,,,,,,,,,RPS17,,,,,,
LOC100134742,,,,,,SLC16A1,,RABGEF1,,,,,,,,,,,,,,,,,,RAB9P175,,,,,,,,,,,,PENK167,,,,,,,RAB3GAP1,,,EIF2S2II,HSPBAV4,,,,,,,,,,,,,,,,,,,,,,,,,,,,,,,SLC4A11,,CDHRF167,,,,,,,,,,,RPS20,,,,,,
LOC100134743,,,,,,SLC16A1,,RABGEF1,,,,,,,,,,,,,,,,,,RAB9P176,,,,,,,,,,,,PENK168,,,,,,,RAB3IP2,,,EIF2S2IJ,HSPBAV5,,,,,,,,,,,,,,,,,,,,,,,,,,,,,,,SLC4A10,,CDHRF168,,,,,,,,,,,RPS14,,,,,,
LOC100134744,,,,,,SLC16A1,,RABGEF1,,,,,,,,,,,,,,,,,,RAB9P177,,,,,,,,,,,,PENK169,,,,,,,RAB3IP4,,,EIF2S2IK,HSPBAV6,,,,,,,,,,,,,,,,,,,,,,,,,,,,,,,SLC4A1,,CDHRF169,,,,,,,,,,,RPS19,,,,,,
LOC100134745,,,,,,SLC16A1,,RABGEF1,,,,,,,,,,,,,,,,,,RAB9P178,,,,,,,,,,,,PENK170,,,,,,,RAB3IP5,,,EIF2S2IL,HSPBAV7,,,,,,,,,,,,,,,,,,,,,,,,,,,,,,,SLC3A2,,CDHRF170,,,,,,,,,,,RPS8,,,,,,
LOC100134746,,,,,,SLC16A1,,RABGEF1,,,,,,,,,,,,,,,,,,RAB9P179,,,,,,,,,,,,PENK171,,,,,,,RAB3IL1,,,EIF2S2IM,HSPBAV8,,,,,,,,,,,,,,,,,,,,,,,,,,,,,,,SLC3A1,,CDHRF171,,,,,,,,,,,RPS7,,,,,,
LOC100134747,,,,,,SLC16A1,,RABGEF1,,,,,,,,,,,,,,,,,,RAB9P180,,,,,,,,,,,,PENK172,,,,,,,RAB3C,,,EIF2S2IN,HSPBAV9,,,,,,,,,,,,,,,,,,,,,,,,,,,,,,,SLC2A9,,CDHRF172,,,,,,,,,,,RPS9,,,,,,
LOC100134748,,,,,,SLC16A1,,RABGEF1,,,,,,,,,,,,,,,,,,RAB9P181,,,,,,,,,,,,PENK173,,,,,,,RAB3D,,,EIF2S2IO,HSPBAVA,,,,,,,,,,,,,,,,,,,,,,,,,,,,,,,SLC2A8,,CDHRF173,,,,,,,,,,,RPS10,,,,,,
LOC100134749,,,,,,SLC16A1,,RABGEF1,,,,,,,,,,,,,,,,,,RAB9P182,,,,,,,,,,,,PENK174,,,,,,,RAB3A,,,EIF2S2IP,HSPBAVB,,,,,,,,,,,,,,,,,,,,,,,,,,,,,,,SLC2A7,,CDHRF174,,,,,,,,,,,RPS4X,,,,,,
LOC100134750,,,,,,SLC16A1,,RABGEF1,,,,,,,,,,,,,,,,,,RAB9P183,,,,,,,,,,,,PENK175,,,,,,,RAB3B,,,EIF2S2IQ,HSPBAVC,,,,,,,,,,,,,,,,,,,,,,,,,,,,,,,SLC2A6,,CDHRF175,,,,,,,,,,,RPS4Y1,,,,,,
LOC100134751,,,,,,SLC16A1,,RABGEF1,,,,,,,,,,,,,,,,,,RAB9P184,,,,,,,,,,,,PENK176,,,,,,,RAB3IP5,,,EIF2S2IR,HSPBAVD,,,,,,,,,,,,,,,,,,,,,,,,,,,,,,,SLC2A5,,CDHRF176,,,,,,,,,,,RPS2,,,,,,
LOC100134752,,,,,,SLC16A1,,RABGEF1,,,,,,,,,,,,,,,,,,RAB9P185,,,,,,,,,,,,PENK177,,,,,,,RAB3GALT1,,,EIF2S2IS,HSPBAVE,,,,,,,,,,,,,,,,,,,,,,,,,,,,,,,SLC2A4,,CDHRF177,,,,,,,,,,,RPS5,,,,,,
LOC100134753,,,,,,SLC16A1,,RABGEF1,,,,,,,,,,,,,,,,,,RAB9P186,,,,,,,,,,,,PENK178,,,,,,,RAB3GALT,,,EIF2S2IT,HSPBAVF,,,,,,,,,,,,,,,,,,,,,,,,,,,,,,,SLC2A3,,CDHRF178,,,,,,,,,,,HSPA8,,,,,,
LOC100134754,,,,,,SLC16A1,,RABGEF1,,,,,,,,,,,,,,,,,,RAB9P187,,,,,,,,,,,,PENK179,,,,,,,RAB43L,,,EIF2S2IU,HSPBAVG,,,,,,,,,,,,,,,,,,,,,,,,,,,,,,,SLC2A2,,CDHRF179,,,,,,,,,,,CD55,,,,,,
LOC100134755,,,,,,SLC16A1,,RABGEF1,,,,,,,,,,,,,,,,,,RAB9P188,,,,,,,,,,,,PENK180,,,,,,,RAB42L,,,EIF2S2IV,HSPBAVH,,,,,,,,,,,,,,,,,,,,,,,,,,,,,,,SLC2A18,,CDHRF180,,,,,,,,,,,MYCBP,,,,,,
LOC100134756,,,,,,SLC16A1,,RABGEF1,,,,,,,,,,,,,,,,,,RAB9P189,,,,,,,,,,,,PENK181,,,,,,,RAB3GAP1,,,EIF2S2IW,HSPBAVI,,,,,,,,,,,,,,,,,,,,,,,,,,,,,,,SLC2A17,,CDHRF181,,,,,,,,,,,ARHGEF16,,,,,,
LOC100134757,,,,,,SLC16A1,,RABGEF1,,,,,,,,,,,,,,,,,,RAB9P190,,,,,,,,,,,,PENK182,,,,,,,RAB3GAP1,,,EIF2S2IX,HSPBAVJ,,,,,,,,,,,,,,,,,,,,,,,,,,,,,,,SLC2A16,,CDHRF182,,,,,,,,,,,GNB1,,,,,,
LOC100134758,,,,,,SLC16A1,,RABGEF1,,,,,,,,,,,,,,,,,,RAB9P191,,,,,,,,,,,,PENK183,,,,,,,RAB3IP2,,,EIF2S2IY,HSPBAVK,,,,,,,,,,,,,,,,,,,,,,,,,,,,,,,SLC2A15,,CDHRF183,,,,,,,,,,,CPAMD8,,,,,,
LOC100134759,,,,,,SLC16A1,,RABGEF1,,,,,,,,,,,,,,,,,,RAB9P192,,,,,,,,,,,,PENK184,,,,,,,RAB3IP4,,,EIF2S2IZ,HSPBAVL,,,,,,,,,,,,,,,,,,,,,,,,,,,,,,,SLC2A14,,CDHRF184,,,,,,,,,,,TNFRSF14,,,,,,
LOC100134760,,,,,,SLC16A1,,RABGEF1,,,,,,,,,,,,,,,,,,RAB9P193,,,,,,,,,,,,PENK185,,,,,,,RAB3IP5,,,EIF2S2JA,HSPBAVM,,,,,,,,,,,,,,,,,,,,,,,,,,,,,,,,,CDHRF185,,,,,,,,,,,AGRN,,,,,,
LOC100134761,,,,,,SLC16A1,,RABGEF1,,,,,,,,,,,,,,,,,,RAB9P194,,,,,,,,,,,,PENK186,,,,,,,RAB3IL1,,,EIF2S2JB,HSPBAVN,,,,,,,,,,,,,,,,,,,,,,,,,,,,,,,,,CDHRF186,,,,,,,,,,,SEMA4C,,,,,,
LOC100134762,,,,,,SLC16A1,,RABGEF1,,,,,,,,,,,,,,,,,,RAB9P195,,,,,,,,,,,,PENK187,,,,,,,RAB3C,,,EIF2S2JC,HSPBAVO,,,,,,,,,,,,,,,,,,,,,,,,,,,,,,,,,CDHRF187,,,,,,,,,,,SKI,,,,,,
LOC100134763,,,,,,SLC16A1,,RABGEF1,,,,,,,,,,,,,,,,,,RAB9P196,,,,,,,,,,,,PENK188,,,,,,,RAB3D,,,EIF2S2JD,HSPBAVP,,,,,,,,,,,,,,,,,,,,,,,,,,,,,,,,,CDHRF188,,,,,,,,,,,SKAP2,,,,,,
LOC100134764,,,,,,SLC16A1,,RABGEF1,,,,,,,,,,,,,,,,,,RAB9P197,,,,,,,,,,,,PENK189,,,,,,,RAB3A,,,EIF2S2JE,HSPBAVQ,,,,,,,,,,,,,,,,,,,,,,,,,,,,,,,,,CDHRF189,,,,,,,,,,,CFHR4,,,,,,
LOC100134765,,,,,,SLC16A1,,RABGEF1,,,,,,,,,,,,,,,,,,RAB9P198,,,,,,,,,,,,PENK190,,,,,,,RAB3B,,,EIF2S2JF,HSPBAVR,,,,,,,,,,,,,,,,,,,,,,,,,,,,,,,,,CDHRF190,,,,,,,,,,,CD99,,,,,,
LOC100134766,,,,,,SLC16A1,,RABGEF1,,,,,,,,,,,,,,,,,,RAB9P199,,,,,,,,,,,,PENK191,,,,,,,RAB3IP5,,,EIF2S2JG,HSPBAVS,,,,,,,,,,,,,,,,,,,,,,,,,,,,,,,,,CDHRF191,,,,,,,,,,,LAS1L,,,,,,
LOC100134767,,,,,,SLC16A1,,RABGEF1,,,,,,,,,,,,,,,,,,RAB9P200,,,,,,,,,,,,PENK192,,,,,,,RAB3GALT1,,,EIF2S2JH,HSPBAVT,,,,,,,,,,,,,,,,,,,,,,,,,,,,,,,,,CDHRF192,,,,,,,,,,,NIPAL3,,,,,,
LOC100134768,,,,,,SLC16A1,,RABGEF1,,,,,,,,,,,,,,,,,,,,,,,,,,,,,,PENK193,,,,,,,RAB3GALT,,,EIF2S2JI,HSPBAVU,,,,,,,,,,,,,,,,,,,,,,,,,,,,,,,,,CDHRF193,,,,,,,,,,,GCLC,,,,,,
LOC100134769,,,,,,SLC16A1,,RABGEF1,,,,,,,,,,,,,,,,,,,,,,,,,,,,,,PENK194,,,,,,,RAB43L,,,EIF2S2JJ,HSPBAVV,,,,,,,,,,,,,,,,,,,,,,,,,,,,,,,,,CDHRF194,,,,,,,,,,,FUCA2,,,,,,
LOC100134770,,,,,,SLC16A1,,RABGEF1,,,,,,,,,,,,,,,,,,,,,,,,,,,,,,PENK195,,,,,,,RAB42L,,,EIF2S2JK,HSPBAVW,,,,,,,,,,,,,,,,,,,,,,,,,,,,,,,,,CDHRF195,,,,,,,,,,,CFH,,,,,,
LOC100134771,,,,,,SLC16A1,,RABGEF1,,,,,,,,,,,,,,,,,,,,,,,,,,,,,,PENK196,,,,,,,RAB3GAP1,,,EIF2S2JL,HSPBAVX,,,,,,,,,,,,,,,,,,,,,,,,,,,,,,,,,CDHRF196,,,,,,,,,,,FGR,,,,,,
LOC100134772,,,,,,SLC16A1,,RABGEF1,,,,,,,,,,,,,,,,,,,,,,,,,,,,,,PENK197,,,,,,,RAB3GAP1,,,EIF2S2JM,HSPBAVY,,,,,,,,,,,,,,,,,,,,,,,,,,,,,,,,,CDHRF197,,,,,,,,,,,C1orf112,,,,,,
LOC100134773,,,,,,SLC16A1,,RABGEF1,,,,,,,,,,,,,,,,,,,,,,,,,,,,,,PENK198,,,,,,,RAB3IP2,,,EIF2S2JN,HSPBAVZ,,,,,,,,,,,,,,,,,,,,,,,,,,,,,,,,,CDHRF198,,,,,,,,,,,SCYL3,,,,,,
LOC100134774,,,,,,SLC16A1,,RABGEF1,,,,,,,,,,,,,,,,,,,,,,,,,,,,,,PENK199,,,,,,,RAB3IP4,,,EIF2S2JO,HSPBAW1,,,,,,,,,,,,,,,,,,,,,,,,,,,,,,,,,CDHRF199,,,,,,,,,,,DPM1,,,,,,
LOC100134775,,,,,,SLC16A1,,RABGEF1,,,,,,,,,,,,,,,,,,,,,,,,,,,,,,PENK200,,,,,,,RAB3IP5,,,EIF2S2JP,HSPBAW2,,,,,,,,,,,,,,,,,,,,,,,,,,,,,,,,,CDHRF200,,,,,,,,,,,,,,,,,
LOC100134776,,,,,,SLC16A1,,RABGEF1,,,,,,,,,,,,,,,,,,,,,,,,,,,,,,,,,,,,,RAB3IL1,,,EIF2S2JQ,HSPBAW3,,,,,,,,,,,,,,,,,,,,,,,,,,,,,,,,,,,,,,,,,,,,,,,,,,
LOC100134777,,,,,,SLC16A1,,RABGEF1,,,,,,,,,,,,,,,,,,,,,,,,,,,,,,,,,,,,,RAB3C,,,EIF2S2JR,HSPBAW4,,,,,,,,,,,,,,,,,,,,,,,,,,,,,,,,,,,,,,,,,,,,,,,,,,
LOC100134778,,,,,,SLC16A1,,RABGEF1,,,,,,,,,,,,,,,,,,,,,,,,,,,,,,,,,,,,,RAB3D,,,EIF2S2JS,HSPBAW5,,,,,,,,,,,,,,,,,,,,,,,,,,,,,,,,,,,,,,,,,,,,,,,,,,
LOC100134779,,,,,,SLC16A1,,RABGEF1,,,,,,,,,,,,,,,,,,,,,,,,,,,,,,,,,,,,,RAB3A,,,EIF2S2JT,HSPBAW6,,,,,,,,,,,,,,,,,,,,,,,,,,,,,,,,,,,,,,,,,,,,,,,,,,
LOC100134780,,,,,,SLC16A1,,RABGEF1,,,,,,,,,,,,,,,,,,,,,,,,,,,,,,,,,,,,,RAB3B,,,EIF2S2JU,HSPBAW7,,,,,,,,,,,,,,,,,,,,,,,,,,,,,,,,,,,,,,,,,,,,,,,,,,
LOC100134781,,,,,,SLC16A1,,RABGEF1,,,,,,,,,,,,,,,,,,,,,,,,,,,,,,,,,,,,,RAB3IP5,,,EIF2S2JV,HSPBAW8,,,,,,,,,,,,,,,,,,,,,,,,,,,,,,,,,,,,,,,,,,,,,,,,,,
LOC100134782,,,,,,SLC16A1,,RABGEF1,,,,,,,,,,,,,,,,,,,,,,,,,,,,,,,,,,,,,RAB3GALT1,,,EIF2S2JW,HSPBAW9,,,,,,,,,,,,,,,,,,,,,,,,,,,,,,,,,,,,,,,,,,,,,,,,,,
LOC100134783,,,,,,SLC16A1,,RABGEF1,,,,,,,,,,,,,,,,,,,,,,,,,,,,,,,,,,,,,RAB3GALT,,,EIF2S2JX,HSPBAWA,,,,,,,,,,,,,,,,,,,,,,,,,,,,,,,,,,,,,,,,,,,,,,,,,,
LOC100134784,,,,,,SLC16A1,,RABGEF1,,,,,,,,,,,,,,,,,,,,,,,,,,,,,,,,,,,,,RAB43L,,,EIF2S2JY,HSPBAWB,,,,,,,,,,,,,,,,,,,,,,,,,,,,,,,,,,,,,,,,,,,,,,,,,,
LOC100134785,,,,,,SLC16A1,,RABGEF1,,,,,,,,,,,,,,,,,,,,,,,,,,,,,,,,,,,,,RAB42L,,,EIF2S2JZ,HSPBAWC,,,,,,,,,,,,,,,,,,,,,,,,,,,,,,,,,,,,,,,,,,,,,,,,,,
LOC100134786,,,,,,SLC16A1,,RABGEF1,,,,,,,,,,,,,,,,,,,,,,,,,,,,,,,,,,,,,RAB3GAP1,,,EIF2S2KA,HSPBAWD,,,,,,,,,,,,,,,,,,,,,,,,,,,,,,,,,,,,,,,,,,,,,,,,,,
LOC100134787,,,,,,SLC16A1,,RABGEF1,,,,,,,,,,,,,,,,,,,,,,,,,,,,,,,,,,,,,RAB3GAP1,,,EIF2S2KB,HSPBAWE,,,,,,,,,,,,,,,,,,,,,,,,,,,,,,,,,,,,,,,,,,,,,,,,,,
LOC100134788,,,,,,SLC16A1,,RABGEF1,,,,,,,,,,,,,,,,,,,,,,,,,,,,,,,,,,,,,RAB3IP2,,,EIF2S2KC,HSPBAWF,,,,,,,,,,,,,,,,,,,,,,,,,,,,,,,,,,,,,,,,,,,,,,,,,,
LOC100134789,,,,,,SLC16A1,,RABGEF1,,,,,,,,,,,,,,,,,,,,,,,,,,,,,,,,,,,,,RAB3IP4,,,EIF2S2KD,HSPBAWG,,,,,,,,,,,,,,,,,,,,,,,,,,,,,,,,,,,,,,,,,,,,,,,,,,
LOC100134790,,,,,,SLC16A1,,RABGEF1,,,,,,,,,,,,,,,,,,,,,,,,,,,,,,,,,,,,,RAB3IP5,,,EIF2S2KE,HSPBAWH,,,,,,,,,,,,,,,,,,,,,,,,,,,,,,,,,,,,,,,,,,,,,,,,,,
LOC100134791,,,,,,SLC16A1,,RABGEF1,,,,,,,,,,,,,,,,,,,,,,,,,,,,,,,,,,,,,RAB3IL1,,,EIF2S2KF,HSPBAWI,,,,,,,,,,,,,,,,,,,,,,,,,,,,,,,,,,,,,,,,,,,,,,,,,,
LOC100134792,,,,,,SLC16A1,,RABGEF1,,,,,,,,,,,,,,,,,,,,,,,,,,,,,,,,,,,,,RAB3C,,,EIF2S2KG,HSPBAWJ,,,,,,,,,,,,,,,,,,,,,,,,,,,,,,,,,,,,,,,,,,,,,,,,,,
LOC100134793,,,,,,SLC16A1,,RABGEF1,,,,,,,,,,,,,,,,,,,,,,,,,,,,,,,,,,,,,RAB3D,,,EIF2S2KH,HSPBAWK,,,,,,,,,,,,,,,,,,,,,,,,,,,,,,,,,,,,,,,,,,,,,,,,,,
LOC100134794,,,,,,SLC16A1,,RABGEF1,,,,,,,,,,,,,,,,,,,,,,,,,,,,,,,,,,,,,RAB3A,,,EIF2S2KI,HSPBAWL,,,,,,,,,,,,,,,,,,,,,,,,,,,,,,,,,,,,,,,,,,,,,,,,,,
LOC100134795,,,,,,SLC16A1,,RABGEF1,,,,,,,,,,,,,,,,,,,,,,,,,,,,,,,,,,,,,RAB3B,,,EIF2S2KJ,HSPBAWM,,,,,,,,,,,,,,,,,,,,,,,,,,,,,,,,,,,,,,,,,,,,,,,,,,
LOC100134796,,,,,,SLC16A1,,RABGEF1,,,,,,,,,,,,,,,,,,,,,,,,,,,,,,,,,,,,,RAB3IP5,,,EIF2S2KK,HSPBAWN,,,,,,,,,,,,,,,,,,,,,,,,,,,,,,,,,,,,,,,,,,,,,,,,,,
LOC100134797,,,,,,SLC16A1,,RABGEF1,,,,,,,,,,,,,,,,,,,,,,,,,,,,,,,,,,,,,RAB3GALT1,,,EIF2S2KL,HSPBAWO,,,,,,,,,,,,,,,,,,,,,,,,,,,,,,,,,,,,,,,,,,,,,,,,,,
LOC100134798,,,,,,SLC16A1,,RABGEF1,,,,,,,,,,,,,,,,,,,,,,,,,,,,,,,,,,,,,RAB3GALT,,,EIF2S2KM,HSPBAWP,,,,,,,,,,,,,,,,,,,,,,,,,,,,,,,,,,,,,,,,,,,,,,,,,,
LOC100134799,,,,,,SLC16A1,,RABGEF1,,,,,,,,,,,,,,,,,,,,,,,,,,,,,,,,,,,,,RAB43L,,,EIF2S2KN,HSPBAWQ,,,,,,,,,,,,,,,,,,,,,,,,,,,,,,,,,,,,,,,,,,,,,,,,,,
LOC100134800,,,,,,SLC16A1,,RABGEF1,,,,,,,,,,,,,,,,,,,,,,,,,,,,,,,,,,,,,RAB42L,,,EIF2S2KO,HSPBAWR,,,,,,,,,,,,,,,,,,,,,,,,,,,,,,,,,,,,,,,,,,,,,,,,,,
LOC100134801,,,,,,SLC16A1,,RABGEF1,,,,,,,,,,,,,,,,,,,,,,,,,,,,,,,,,,,,,RAB3GAP1,,,EIF2S2KP,HSPBAWS,,,,,,,,,,,,,,,,,,,,,,,,,,,,,,,,,,,,,,,,,,,,,,,,,,
LOC100134802,,,,,,SLC16A1,,RABGEF1,,,,,,,,,,,,,,,,,,,,,,,,,,,,,,,,,,,,,RAB3GAP1,,,EIF2S2KQ,HSPBAWT,,,,,,,,,,,,,,,,,,,,,,,,,,,,,,,,,,,,,,,,,,,,,,,,,,
LOC100134803,,,,,,SLC16A1,,RABGEF1,,,,,,,,,,,,,,,,,,,,,,,,,,,,,,,,,,,,,RAB3IP2,,,EIF2S2KR,HSPBAWU,,,,,,,,,,,,,,,,,,,,,,,,,,,,,,,,,,,,,,,,,,,,,,,,,,
LOC100134804,,,,,,SLC16A1,,RABGEF1,,,,,,,,,,,,,,,,,,,,,,,,,,,,,,,,,,,,,RAB3IP4,,,EIF2S2KS,HSPBAWV,,,,,,,,,,,,,,,,,,,,,,,,,,,,,,,,,,,,,,,,,,,,,,,,,,
LOC100134805,,,,,,SLC16A1,,RABGEF1,,,,,,,,,,,,,,,,,,,,,,,,,,,,,,,,,,,,,RAB3IP5,,,EIF2S2KT,HSPBAWW,,,,,,,,,,,,,,,,,,,,,,,,,,,,,,,,,,,,,,,,,,,,,,,,,,
LOC100134806,,,,,,SLC16A1,,RABGEF1,,,,,,,,,,,,,,,,,,,,,,,,,,,,,,,,,,,,,RAB3IL1,,,EIF2S2KU,HSPBAWX,,,,,,,,,,,,,,,,,,,,,,,,,,,,,,,,,,,,,,,,,,,,,,,,,,
LOC100134807,,,,,,SLC16A1,,RABGEF1,,,,,,,,,,,,,,,,,,,,,,,,,,,,,,,,,,,,,RAB3C,,,EIF2S2KV,HSPBAWY,,,,,,,,,,,,,,,,,,,,,,,,,,,,,,,,,,,,,,,,,,,,,,,,,,
LOC100134808,,,,,,SLC16A1,,RABGEF1,,,,,,,,,,,,,,,,,,,,,,,,,,,,,,,,,,,,,RAB3D,,,EIF2S2KW,HSPBAWZ,,,,,,,,,,,,,,,,,,,,,,,,,,,,,,,,,,,,,,,,,,,,,,,,,,
LOC100134809,,,,,,SLC16A1,,RABGEF1,,,,,,,,,,,,,,,,,,,,,,,,,,,,,,,,,,,,,RAB3A,,,EIF2S2KX,HSPBAX1,,,,,,,,,,,,,,,,,,,,,,,,,,,,,,,,,,,,,,,,,,,,,,,,,,
LOC100134810,,,,,,SLC16A1,,RABGEF1,,,,,,,,,,,,,,,,,,,,,,,,,,,,,,,,,,,,,RAB3B,,,EIF2S2KY,HSPBAX2,,,,,,,,,,,,,,,,,,,,,,,,,,,,,,,,,,,,,,,,,,,,,,,,,,
LOC100134811,,,,,,SLC16A1,,RABGEF1,,,,,,,,,,,,,,,,,,,,,,,,,,,,,,,,,,,,,RAB3IP5,,,EIF2S2KZ,HSPBAX3,,,,,,,,,,,,,,,,,,,,,,,,,,,,,,,,,,,,,,,,,,,,,,,,,,
LOC100134812,,,,,,SLC16A1,,RABGEF1,,,,,,,,,,,,,,,,,,,,,,,,,,,,,,,,,,,,,RAB3GALT1,,,EIF2S2LA,HSPBAX4,,,,,,,,,,,,,,,,,,,,,,,,,,,,,,,,,,,,,,,,,,,,,,,,,,
LOC1001348,,,,,,SLC16A1,,RABGEF1,,,,,,,,,,,,,,,,,,,,,,,,,,,,,,,,,,,,,RAB3GALT,,,EIF2S2LB,HSPBAX5,,,,,,,,,,,,,,,,,,,,,,,,,,,,,,,,,,,,,,,,,,,,,,,,,,
,,,,,,SLC16A1,,RABGEF1,,,,,,,,,,,,,,,,,,,,,,,,,,,,,,,,,,,,,RAB43L,,,EIF2S2LC,HSPBAX6,,,,,,,,,,,,,,,,,,,,,,,,,,,,,,,,,,,,,,,,,,,,,,,,,,
,,,,,,SLC16A1,,RABGEF1,,,,,,,,,,,,,,,,,,,,,,,,,,,,,,,,,,,,,RAB42L,,,EIF2S2LD,HSPBAX7,,,,,,,,,,,,,,,,,,,,,,,,,,,,,,,,,,,,,,,,,,,,,,,,,,
,,,,,,SLC16A1,,RABGEF1,,,,,,,,,,,,,,,,,,,,,,,,,,,,,,,,,,,,,RAB3GAP1,,,EIF2S2LE,HSPBAX8,,,,,,,,,,,,,,,,,,,,,,,,,,,,,,,,,,,,,,,,,,,,,,,,,,
,,,,,,SLC16A1,,RABGEF1,,,,,,,,,,,,,,,,,,,,,,,,,,,,,,,,,,,,,RAB3GAP1,,,EIF2S2LF,HSPBAX9,,,,,,,,,,,,,,,,,,,,,,,,,,,,,,,,,,,,,,,,,,,,,,,,,,
,,,,,,SLC16A1,,RABGEF1,,,,,,,,,,,,,,,,,,,,,,,,,,,,,,,,,,,,,RAB3IP2,,,EIF2S2LG,HSPBAXA,,,,,,,,,,,,,,,,,,,,,,,,,,,,,,,,,,,,,,,,,,,,,,,,,,
,,,,,,SLC16A1,,RABGEF1,,,,,,,,,,,,,,,,,,,,,,,,,,,,,,,,,,,,,RAB3IP4,,,EIF2S2LH,HSPBAXB,,,,,,,,,,,,,,,,,,,,,,,,,,,,,,,,,,,,,,,,,,,,,,,,,,
,,,,,,SLC16A1,,RABGEF1,,,,,,,,,,,,,,,,,,,,,,,,,,,,,,,,,,,,,RAB3IP5,,,EIF2S2LI,HSPBAXC,,,,,,,,,,,,,,,,,,,,,,,,,,,,,,,,,,,,,,,,,,,,,,,,,,
,,,,,,SLC16A1,,RABGEF1,,,,,,,,,,,,,,,,,,,,,,,,,,,,,,,,,,,,,RAB3IL1,,,EIF2S2LJ,HSPBAXD,,,,,,,,,,,,,,,,,,,,,,,,,,,,,,,,,,,,,,,,,,,,,,,,,,
,,,,,,SLC16A1,,RABGEF1,,,,,,,,,,,,,,,,,,,,,,,,,,,,,,,,,,,,,RAB3C,,,EIF2S2LK,HSPBAXE,,,,,,,,,,,,,,,,,,,,,,,,,,,,,,,,,,,,,,,,,,,,,,,,,,
,,,,,,SLC16A1,,RABGEF1,,,,,,,,,,,,,,,,,,,,,,,,,,,,,,,,,,,,,RAB3D,,,EIF2S2LL,HSPBAXF,,,,,,,,,,,,,,,,,,,,,,,,,,,,,,,,,,,,,,,,,,,,,,,,,,
,,,,,,SLC16A1,,RABGEF1,,,,,,,,,,,,,,,,,,,,,,,,,,,,,,,,,,,,,RAB3A,,,EIF2S2LM,HSPBAXG,,,,,,,,,,,,,,,,,,,,,,,,,,,,,,,,,,,,,,,,,,,,,,,,,,
,,,,,,SLC16A1,,RABGEF1,,,,,,,,,,,,,,,,,,,,,,,,,,,,,,,,,,,,,RAB3B,,,EIF2S2LN,HSPBAXH,,,,,,,,,,,,,,,,,,,,,,,,,,,,,,,,,,,,,,,,,,,,,,,,,,
,,,,,,SLC16A1,,RABGEF1,,,,,,,,,,,,,,,,,,,,,,,,,,,,,,,,,,,,,RAB3IP5,,,EIF2S2LO,HSPBAXI,,,,,,,,,,,,,,,,,,,,,,,,,,,,,,,,,,,,,,,,,,,,,,,,,,
,,,,,,SLC16A1,,RABGEF1,,,,,,,,,,,,,,,,,,,,,,,,,,,,,,,,,,,,,RAB3GALT1,,,EIF2S2LP,HSPBAXJ,,,,,,,,,,,,,,,,,,,,,,,,,,,,,,,,,,,,,,,,,,,,,,,,,,
,,,,,,SLC16A1,,RABGEF1,,,,,,,,,,,,,,,,,,,,,,,,,,,,,,,,,,,,,RAB3GALT,,,EIF2S2LQ,HSPBAXK,,,,,,,,,,,,,,,,,,,,,,,,,,,,,,,,,,,,,,,,,,,,,,,,,,
,,,,,,SLC16A1,,RABGEF1,,,,,,,,,,,,,,,,,,,,,,,,,,,,,,,,,,,,,RAB43L,,,EIF2S2LR,HSPBAXL,,,,,,,,,,,,,,,,,,,,,,,,,,,,,,,,,,,,,,,,,,,,,,,,,,
,,,,,,SLC16A1,,RABGEF1,,,,,,,,,,,,,,,,,,,,,,,,,,,,,,,,,,,,,RAB42L,,,EIF2S2LS,HSPBAXM,,,,,,,,,,,,,,,,,,,,,,,,,,,,,,,,,,,,,,,,,,,,,,,,,,
,,,,,,SLC16A1,,RABGEF1,,,,,,,,,,,,,,,,,,,,,,,,,,,,,,,,,,,,,RAB3GAP1,,,EIF2S2LT,HSPBAXN,,,,,,,,,,,,,,,,,,,,,,,,,,,,,,,,,,,,,,,,,,,,,,,,,,
,,,,,,SLC16A1,,RABGEF1,,,,,,,,,,,,,,,,,,,,,,,,,,,,,,,,,,,,,RAB3GAP1,,,EIF2S2LU,HSPBAXO,,,,,,,,,,,,,,,,,,,,,,,,,,,,,,,,,,,,,,,,,,,,,,,,,,
,,,,,,SLC16A1,,RABGEF1,,,,,,,,,,,,,,,,,,,,,,,,,,,,,,,,,,,,,RAB3IP2,,,EIF2S2LV,HSPBAXP,,,,,,,,,,,,,,,,,,,,,,,,,,,,,,,,,,,,,,,,,,,,,,,,,,
,,,,,,SLC16A1,,RABGEF1,,,,,,,,,,,,,,,,,,,,,,,,,,,,,,,,,,,,,RAB3IP4,,,EIF2S2LW,HSPBAXQ,,,,,,,,,,,,,,,,,,,,,,,,,,,,,,,,,,,,,,,,,,,,,,,,,,
,,,,,,SLC16A1,,RABGEF1,,,,,,,,,,,,,,,,,,,,,,,,,,,,,,,,,,,,,RAB3IP5,,,EIF2S2LX,HSPBAXR,,,,,,,,,,,,,,,,,,,,,,,,,,,,,,,,,,,,,,,,,,,,,,,,,,
,,,,,,SLC16A1,,RABGEF1,,,,,,,,,,,,,,,,,,,,,,,,,,,,,,,,,,,,,RAB3IL1,,,EIF2S2LY,HSPBAXS,,,,,,,,,,,,,,,,,,,,,,,,,,,,,,,,,,,,,,,,,,,,,,,,,,
,,,,,,SLC16A1,,RABGEF1,,,,,,,,,,,,,,,,,,,,,,,,,,,,,,,,,,,,,RAB3C,,,EIF2S2LZ,HSPBAXT,,,,,,,,,,,,,,,,,,,,,,,,,,,,,,,,,,,,,,,,,,,,,,,,,,
,,,,,,SLC16A1,,RABGEF1,,,,,,,,,,,,,,,,,,,,,,,,,,,,,,,,,,,,,RAB3D,,,EIF2S2MA,HSPBAXU,,,,,,,,,,,,,,,,,,,,,,,,,,,,,,,,,,,,,,,,,,,,,,,,,,
,,,,,,SLC16A1,,RABGEF1,,,,,,,,,,,,,,,,,,,,,,,,,,,,,,,,,,,,,RAB3A,,,EIF2S2MB,HSPBAXV,,,,,,,,,,,,,,,,,,,,,,,,,,,,,,,,,,,,,,,,,,,,,,,,,,
,,,,,,SLC16A1,,RABGEF1,,,,,,,,,,,,,,,,,,,,,,,,,,,,,,,,,,,,,RAB3B,,,EIF2S2MC,HSPBAXW,,,,,,,,,,,,,,,,,,,,,,,,,,,,,,,,,,,,,,,,,,,,,,,,,,
,,,,,,SLC16A1,,RABGEF1,,,,,,,,,,,,,,,,,,,,,,,,,,,,,,,,,,,,,RAB3IP5,,,EIF2S2MD,HSPBAXX,,,,,,,,,,,,,,,,,,,,,,,,,,,,,,,,,,,,,,,,,,,,,,,,,,
,,,,,,SLC16A1,,RABGEF1,,,,,,,,,,,,,,,,,,,,,,,,,,,,,,,,,,,,,RAB3GALT1,,,EIF2S2ME,HSPBAXY,,,,,,,,,,,,,,,,,,,,,,,,,,,,,,,,,,,,,,,,,,,,,,,,,,
,,,,,,SLC16A1,,RABGEF1,,,,,,,,,,,,,,,,,,,,,,,,,,,,,,,,,,,,,RAB3GALT,,,EIF2S2MF,HSPBAXZ,,,,,,,,,,,,,,,,,,,,,,,,,,,,,,,,,,,,,,,,,,,,,,,,,,
,,,,,,SLC16A1,,RABGEF1,,,,,,,,,,,,,,,,,,,,,,,,,,,,,,,,,,,,,RAB43L,,,EIF2S2MG,HSPBAY1,,,,,,,,,,,,,,,,,,,,,,,,,,,,,,,,,,,,,,,,,,,,,,,,,,
,,,,,,SLC16A1,,RABGEF1,,,,,,,,,,,,,,,,,,,,,,,,,,,,,,,,,,,,,RAB42L,,,EIF2S2MH,HSPBAY2,,,,,,,,,,,,,,,,,,,,,,,,,,,,,,,,,,,,,,,,,,,,,,,,,,
,,,,,,SLC16A1,,RABGEF1,,,,,,,,,,,,,,,,,,,,,,,,,,,,,,,,,,,,,RAB3GAP1,,,EIF2S2MI,HSPBAY3,,,,,,,,,,,,,,,,,,,,,,,,,,,,,,,,,,,,,,,,,,,,,,,,,,
,,,,,,SLC16A1,,RABGEF1,,,,,,,,,,,,,,,,,,,,,,,,,,,,,,,,,,,,,RAB3GAP1,,,EIF2S2MJ,HSPBAY4,,,,,,,,,,,,,,,,,,,,,,,,,,,,,,,,,,,,,,,,,,,,,,,,,,
,,,,,,SLC16A1,,RABGEF1,,,,,,,,,,,,,,,,,,,,,,,,,,,,,,,,,,,,,RAB3IP2,,,EIF2S2MK,HSPBAY5,,,,,,,,,,,,,,,,,,,,,,,,,,,,,,,,,,,,,,,,,,,,,,,,,,
,,,,,,SLC16A1,,RABGEF1,,,,,,,,,,,,,,,,,,,,,,,,,,,,,,,,,,,,,RAB3IP4,,,EIF2S2ML,HSPBAY6,,,,,,,,,,,,,,,,,,,,,,,,,,,,,,,,,,,,,,,,,,,,,,,,,,
,,,,,,SLC16A1,,RABGEF1,,,,,,,,,,,,,,,,,,,,,,,,,,,,,,,,,,,,,RAB3IP5,,,EIF2S2MM,HSPBAY7,,,,,,,,,,,,,,,,,,,,,,,,,,,,,,,,,,,,,,,,,,,,,,,,,,
,,,,,,SLC16A1,,RABGEF1,,,,,,,,,,,,,,,,,,,,,,,,,,,,,,,,,,,,,RAB3IL1,,,EIF2S2MN,HSPBAY8,,,,,,,,,,,,,,,,,,,,,,,,,,,,,,,,,,,,,,,,,,,,,,,,,,
,,,,,,SLC16A1,,RABGEF1,,,,,,,,,,,,,,,,,,,,,,,,,,,,,,,,,,,,,RAB3C,,,EIF2S2MO,HSPBAY9,,,,,,,,,,,,,,,,,,,,,,,,,,,,,,,,,,,,,,,,,,,,,,,,,,
,,,,,,SLC16A1,,RABGEF1,,,,,,,,,,,,,,,,,,,,,,,,,,,,,,,,,,,,,RAB3D,,,EIF2S2MP,HSPBAYA,,,,,,,,,,,,,,,,,,,,,,,,,,,,,,,,,,,,,,,,,,,,,,,,,,
,,,,,,SLC16A1,,RABGEF1,,,,,,,,,,,,,,,,,,,,,,,,,,,,,,,,,,,,,RAB3A,,,EIF2S2MQ,HSPBAYB,,,,,,,,,,,,,,,,,,,,,,,,,,,,,,,,,,,,,,,,,,,,,,,,,,
,,,,,,SLC16A1,,RABGEF1,,,,,,,,,,,,,,,,,,,,,,,,,,,,,,,,,,,,,RAB3B,,,EIF2S2MR,HSPBAYC,,,,,,,,,,,,,,,,,,,,,,,,,,,,,,,,,,,,,,,,,,,,,,,,,,
,,,,,,SLC16A1,,RABGEF1,,,,,,,,,,,,,,,,,,,,,,,,,,,,,,,,,,,,,RAB3IP5,,,EIF2S2MS,HSPBAYD,,,,,,,,,,,,,,,,,,,,,,,,,,,,,,,,,,,,,,,,,,,,,,,,,,
,,,,,,SLC16A1,,RABGEF1,,,,,,,,,,,,,,,,,,,,,,,,,,,,,,,,,,,,,RAB3GALT1,,,EIF2S2MT,HSPBAYE,,,,,,,,,,,,,,,,,,,,,,,,,,,,,,,,,,,,,,,,,,,,,,,,,,
,,,,,,SLC16A1,,RABGEF1,,,,,,,,,,,,,,,,,,,,,,,,,,,,,,,,,,,,,RAB3GALT,,,EIF2S2MU,HSPBAYF,,,,,,,,,,,,,,,,,,,,,,,,,,,,,,,,,,,,,,,,,,,,,,,,,,
,,,,,,SLC16A1,,RABGEF1,,,,,,,,,,,,,,,,,,,,,,,,,,,,,,,,,,,,,RAB43L,,,EIF2S2MV,HSPBAYG,,,,,,,,,,,,,,,,,,,,,,,,,,,,,,,,,,,,,,,,,,,,,,,,,,
,,,,,,SLC16A1,,RABGEF1,,,,,,,,,,,,,,,,,,,,,,,,,,,,,,,,,,,,,RAB42L,,,EIF2S2MW,HSPBAYH,,,,,,,,,,,,,,,,,,,,,,,,,,,,,,,,,,,,,,,,,,,,,,,,,,
,,,,,,SLC16A1,,RABGEF1,,,,,,,,,,,,,,,,,,,,,,,,,,,,,,,,,,,,,RAB3GAP1,,,EIF2S2MX,HSPBAYI,,,,,,,,,,,,,,,,,,,,,,,,,,,,,,,,,,,,,,,,,,,,,,,,,,
,,,,,,SLC16A1,,RABGEF1,,,,,,,,,,,,,,,,,,,,,,,,,,,,,,,,,,,,,RAB3GAP1,,,EIF2S2MY,HSPBAYJ,,,,,,,,,,,,,,,,,,,,,,,,,,,,,,,,,,,,,,,,,,,,,,,,,,
,,,,,,SLC16A1,,RABGEF1,,,,,,,,,,,,,,,,,,,,,,,,,,,,,,,,,,,,,RAB3IP2,,,EIF2S2MZ,HSPBAYK,,,,,,,,,,,,,,,,,,,,,,,,,,,,,,,,,,,,,,,,,,,,,,,,,,
,,,,,,SLC16A1,,RABGEF1,,,,,,,,,,,,,,,,,,,,,,,,,,,,,,,,,,,,,RAB3IP4,,,EIF2S2NA,HSPBAYL,,,,,,,,,,,,,,,,,,,,,,,,,,,,,,,,,,,,,,,,,,,,,,,,,,
,,,,,,SLC16A1,,RABGEF1,,,,,,,,,,,,,,,,,,,,,,,,,,,,,,,,,,,,,RAB3IP5,,,EIF2S2NB,HSPBAYM,,,,,,,,,,,,,,,,,,,,,,,,,,,,,,,,,,,,,,,,,,,,,,,,,,
,,,,,,SLC16A1,,RABGEF1,,,,,,,,,,,,,,,,,,,,,,,,,,,,,,,,,,,,,RAB3IL1,,,EIF2S2NC,HSPBAYN,,,,,,,,,,,,,,,,,,,,,,,,,,,,,,,,,,,,,,,,,,,,,,,,,,
,,,,,,SLC16A1,,RABGEF1,,,,,,,,,,,,,,,,,,,,,,,,,,,,,,,,,,,,,RAB3C,,,EIF2S2ND,HSPBAYO,,,,,,,,,,,,,,,,,,,,,,,,,,,,,,,,,,,,,,,,,,,,,,,,,,
,,,,,,SLC16A1,,RABGEF1,,,,,,,,,,,,,,,,,,,,,,,,,,,,,,,,,,,,,RAB3D,,,EIF2S2NE,HSPBAYP,,,,,,,,,,,,,,,,,,,,,,,,,,,,,,,,,,,,,,,,,,,,,,,,,,
,,,,,,SLC16A1,,RABGEF1,,,,,,,,,,,,,,,,,,,,,,,,,,,,,,,,,,,,,RAB3A,,,EIF2S2NF,HSPBAYQ,,,,,,,,,,,,,,,,,,,,,,,,,,,,,,,,,,,,,,,,,,,,,,,,,,
,,,,,,SLC16A1,,RABGEF1,,,,,,,,,,,,,,,,,,,,,,,,,,,,,,,,,,,,,RAB3B,,,EIF2S2NG,HSPBAYR,,,,,,,,,,,,,,,,,,,,,,,,,,,,,,,,,,,,,,,,,,,,,,,,,,
,,,,,,SLC16A1,,RABGEF1,,,,,,,,,,,,,,,,,,,,,,,,,,,,,,,,,,,,,RAB3IP5,,,EIF2S2NH,HSPBAYS,,,,,,,,,,,,,,,,,,,,,,,,,,,,,,,,,,,,,,,,,,,,,,,,,,
,,,,,,SLC16A1,,RABGEF1,,,,,,,,,,,,,,,,,,,,,,,,,,,,,,,,,,,,,RAB3GALT1,,,EIF2S2NI,HSPBAYT,,,,,,,,,,,,,,,,,,,,,,,,,,,,,,,,,,,,,,,,,,,,,,,,,,
,,,,,,SLC16A1,,RABGEF1,,,,,,,,,,,,,,,,,,,,,,,,,,,,,,,,,,,,,RAB3GALT,,,EIF2S2NJ,HSPBAYU,,,,,,,,,,,,,,,,,,,,,,,,,,,,,,,,,,,,,,,,,,,,,,,,,,
,,,,,,SLC16A1,,RABGEF1,,,,,,,,,,,,,,,,,,,,,,,,,,,,,,,,,,,,,RAB43L,,,EIF2S2NK,HSPBAYV,,,,,,,,,,,,,,,,,,,,,,,,,,,,,,,,,,,,,,,,,,,,,,,,,,
,,,,,,SLC16A1,,RABGEF1,,,,,,,,,,,,,,,,,,,,,,,,,,,,,,,,,,,,,RAB42L,,,EIF2S2NL,HSPBAYW,,,,,,,,,,,,,,,,,,,,,,,,,,,,,,,,,,,,,,,,,,,,,,,,,,
,,,,,,SLC16A1,,RABGEF1,,,,,,,,,,,,,,,,,,,,,,,,,,,,,,,,,,,,,RAB3GAP1,,,EIF2S2NM,HSPBAYX,,,,,,,,,,,,,,,,,,,,,,,,,,,,,,,,,,,,,,,,,,,,,,,,,,
,,,,,,SLC16A1,,RABGEF1,,,,,,,,,,,,,,,,,,,,,,,,,,,,,,,,,,,,,RAB3GAP1,,,EIF2S2NN,HSPBAYY,,,,,,,,,,,,,,,,,,,,,,,,,,,,,,,,,,,,,,,,,,,,,,,,,,
,,,,,,SLC16A1,,RABGEF1,,,,,,,,,,,,,,,,,,,,,,,,,,,,,,,,,,,,,RAB3IP2,,,EIF2S2NO,HSPBAYZ,,,,,,,,,,,,,,,,,,,,,,,,,,,,,,,,,,,,,,,,,,,,,,,,,,
,,,,,,SLC16A1,,RABGEF1,,,,,,,,,,,,,,,,,,,,,,,,,,,,,,,,,,,,,RAB3IP4,,,EIF2S2NP,HSPBAZ1,,,,,,,,,,,,,,,,,,,,,,,,,,,,,,,,,,,,,,,,,,,,,,,,,,
,,,,,,SLC16A1,,RABGEF1,,,,,,,,,,,,,,,,,,,,,,,,,,,,,,,,,,,,,RAB3IP5,,,EIF2S2NQ,HSPBAZ2,,,,,,,,,,,,,,,,,,,,,,,,,,,,,,,,,,,,,,,,,,,,,,,,,,
,,,,,,SLC16A1,,RABGEF1,,,,,,,,,,,,,,,,,,,,,,,,,,,,,,,,,,,,,RAB3IL1,,,EIF2S2NR,HSPBAZ3,,,,,,,,,,,,,,,,,,,,,,,,,,,,,,,,,,,,,,,,,,,,,,,,,,
,,,,,,SLC16A1,,RABGEF1,,,,,,,,,,,,,,,,,,,,,,,,,,,,,,,,,,,,,RAB3C,,,EIF2S2NS,HSPBAZ4,,,,,,,,,,,,,,,,,,,,,,,,,,,,,,,,,,,,,,,,,,,,,,,,,,
,,,,,,SLC16A1,,RABGEF1,,,,,,,,,,,,,,,,,,,,,,,,,,,,,,,,,,,,,RAB3D,,,EIF2S2NT,HSPBAZ5,,,,,,,,,,,,,,,,,,,,,,,,,,,,,,,,,,,,,,,,,,,,,,,,,,
,,,,,,SLC16A1,,RABGEF1,,,,,,,,,,,,,,,,,,,,,,,,,,,,,,,,,,,,,RAB3A,,,EIF2S2NU,HSPBAZ6,,,,,,,,,,,,,,,,,,,,,,,,,,,,,,,,,,,,,,,,,,,,,,,,,,
,,,,,,SLC16A1,,RABGEF1,,,,,,,,,,,,,,,,,,,,,,,,,,,,,,,,,,,,,RAB3B,,,EIF2S2NV,HSPBAZ7,,,,,,,,,,,,,,,,,,,,,,,,,,,,,,,,,,,,,,,,,,,,,,,,,,
,,,,,,SLC16A1,,RABGEF1,,,,,,,,,,,,,,,,,,,,,,,,,,,,,,,,,,,,,RAB3IP5,,,EIF2S2NW,HSPBAZ8,,,,,,,,,,,,,,,,,,,,,,,,,,,,,,,,,,,,,,,,,,,,,,,,,,
,,,,,,SLC16A1,,RABGEF1,,,,,,,,,,,,,,,,,,,,,,,,,,,,,,,,,,,,,RAB3GALT1,,,EIF2S2NX,HSPBAZ9,,,,,,,,,,,,,,,,,,,,,,,,,,,,,,,,,,,,,,,,,,,,,,,,,,
,,,,,,SLC16A1,,RABGEF1,,,,,,,,,,,,,,,,,,,,,,,,,,,,,,,,,,,,,RAB3GALT,,,EIF2S2NY,HSPBAZA,,,,,,,,,,,,,,,,,,,,,,,,,,,,,,,,,,,,,,,,,,,,,,,,,,
,,,,,,SLC16A1,,RABGEF1,,,,,,,,,,,,,,,,,,,,,,,,,,,,,,,,,,,,,RAB43L,,,EIF2S2NZ,HSPBAZB,,,,,,,,,,,,,,,,,,,,,,,,,,,,,,,,,,,,,,,,,,,,,,,,,,
,,,,,,SLC16A1,,RABGEF1,,,,,,,,,,,,,,,,,,,,,,,,,,,,,,,,,,,,,RAB42L,,,EIF2S2OA,HSPBAZC,,,,,,,,,,,,,,,,,,,,,,,,,,,,,,,,,,,,,,,,,,,,,,,,,,
,,,,,,SLC16A1,,RABGEF1,,,,,,,,,,,,,,,,,,,,,,,,,,,,,,,,,,,,,RAB3GAP1,,,EIF2S2OB,HSPBAZD,,,,,,,,,,,,,,,,,,,,,,,,,,,,,,,,,,,,,,,,,,,,,,,,,,
,,,,,,SLC16A1,,RABGEF1,,,,,,,,,,,,,,,,,,,,,,,,,,,,,,,,,,,,,RAB3GAP1,,,EIF2S2OC,HSPBAZE,,,,,,,,,,,,,,,,,,,,,,,,,,,,,,,,,,,,,,,,,,,,,,,,,,
,,,,,,SLC16A1,,RABGEF1,,,,,,,,,,,,,,,,,,,,,,,,,,,,,,,,,,,,,RAB3IP2,,,EIF2S2OD,HSPBAZF,,,,,,,,,,,,,,,,,,,,,,,,,,,,,,,,,,,,,,,,,,,,,,,,,,
,,,,,,SLC16A1,,RABGEF1,,,,,,,,,,,,,,,,,,,,,,,,,,,,,,,,,,,,,RAB3IP4,,,EIF2S2OE,HSPBAZG,,,,,,,,,,,,,,,,,,,,,,,,,,,,,,,,,,,,,,,,,,,,,,,,,,
,,,,,,SLC16A1,,RABGEF1,,,,,,,,,,,,,,,,,,,,,,,,,,,,,,,,,,,,,RAB3IP5,,,EIF2S2OF,HSPBAZH,,,,,,,,,,,,,,,,,,,,,,,,,,,,,,,,,,,,,,,,,,,,,,,,,,
,,,,,,SLC16A1,,RABGEF1,,,,,,,,,,,,,,,,,,,,,,,,,,,,,,,,,,,,,RAB3IL1,,,EIF2S2OG,HSPBAZI,,,,,,,,,,,,,,,,,,,,,,,,,,,,,,,,,,,,,,,,,,,,,,,,,,
,,,,,,SLC16A1,,RABGEF1,,,,,,,,,,,,,,,,,,,,,,,,,,,,,,,,,,,,,RAB3C,,,EIF2S2OH,HSPBAZJ,,,,,,,,,,,,,,,,,,,,,,,,,,,,,,,,,,,,,,,,,,,,,,,,,,
,,,,,,SLC16A1,,RABGEF1,,,,,,,,,,,,,,,,,,,,,,,,,,,,,,,,,,,,,RAB3D,,,EIF2S2OI,HSPBAZK,,,,,,,,,,,,,,,,,,,,,,,,,,,,,,,,,,,,,,,,,,,,,,,,,,
,,,,,,SLC16A1,,RABGEF1,,,,,,,,,,,,,,,,,,,,,,,,,,,,,,,,,,,,,RAB3A,,,EIF2S2OJ,HSPBAZL,,,,,,,,,,,,,,,,,,,,,,,,,,,,,,,,,,,,,,,,,,,,,,,,,,
,,,,,,SLC16A1,,RABGEF1,,,,,,,,,,,,,,,,,,,,,,,,,,,,,,,,,,,,,RAB3B,,,EIF2S2OK,HSPBAZM,,,,,,,,,,,,,,,,,,,,,,,,,,,,,,,,,,,,,,,,,,,,,,,,,,
,,,,,,SLC16A1,,RABGEF1,,,,,,,,,,,,,,,,,,,,,,,,,,,,,,,,,,,,,RAB3IP5,,,EIF2S2OL,HSPBAZN,,,,,,,,,,,,,,,,,,,,,,,,,,,,,,,,,,,,,,,,,,,,,,,,,,
,,,,,,SLC16A1,,RABGEF1,,,,,,,,,,,,,,,,,,,,,,,,,,,,,,,,,,,,,RAB3GALT1,,,EIF2S2OM,HSPBAZO,,,,,,,,,,,,,,,,,,,,,,,,,,,,,,,,,,,,,,,,,,,,,,,,,,
,,,,,,SLC16A1,,RABGEF1,,,,,,,,,,,,,,,,,,,,,,,,,,,,,,,,,,,,,RAB3GALT,,,EIF2S2ON,HSPBAZP,,,,,,,,,,,,,,,,,,,,,,,,,,,,,,,,,,,,,,,,,,,,,,,,,,
,,,,,,SLC16A1,,RABGEF1,,,,,,,,,,,,,,,,,,,,,,,,,,,,,,,,,,,,,RAB43L,,,EIF2S2OO,HSPBAZQ,,,,,,,,,,,,,,,,,,,,,,,,,,,,,,,,,,,,,,,,,,,,,,,,,,
,,,,,,SLC16A1,,RABGEF1,,,,,,,,,,,,,,,,,,,,,,,,,,,,,,,,,,,,,RAB42L,,,EIF2S2OP,HSPBAZR,,,,,,,,,,,,,,,,,,,,,,,,,,,,,,,,,,,,,,,,,,,,,,,,,,
,,,,,,SLC16A1,,RABGEF1,,,,,,,,,,,,,,,,,,,,,,,,,,,,,,,,,,,,,RAB3GAP1,,,EIF2S2OQ,HSPBAZS,,,,,,,,,,,,,,,,,,,,,,,,,,,,,,,,,,,,,,,,,,,,,,,,,,
,,,,,,SLC16A1,,RABGEF1,,,,,,,,,,,,,,,,,,,,,,,,,,,,,,,,,,,,,RAB3GAP1,,,EIF2S2OR,HSPBAZT,,,,,,,,,,,,,,,,,,,,,,,,,,,,,,,,,,,,,,,,,,,,,,,,,,
,,,,,,SLC16A1,,RABGEF1,,,,,,,,,,,,,,,,,,,,,,,,,,,,,,,,,,,,,RAB3IP2,,,EIF2S2OS,HSPBAZU,,,,,,,,,,,,,,,,,,,,,,,,,,,,,,,,,,,,,,,,,,,,,,,,,,
,,,,,,SLC16A1,,RABGEF1,,,,,,,,,,,,,,,,,,,,,,,,,,,,,,,,,,,,,RAB3IP4,,,EIF2S2OT,HSPBAZV,,,,,,,,,,,,,,,,,,,,,,,,,,,,,,,,,,,,,,,,,,,,,,,,,,
,,,,,,SLC16A1,,RABGEF1,,,,,,,,,,,,,,,,,,,,,,,,,,,,,,,,,,,,,RAB3IP5,,,EIF2S2OU,HSPBAZW,,,,,,,,,,,,,,,,,,,,,,,,,,,,,,,,,,,,,,,,,,,,,,,,,,
,,,,,,SLC16A1,,RABGEF1,,,,,,,,,,,,,,,,,,,,,,,,,,,,,,,,,,,,,RAB3IL1,,,EIF2S2OV,HSPBAZX,,,,,,,,,,,,,,,,,,,,,,,,,,,,,,,,,,,,,,,,,,,,,,,,,,
,,,,,,SLC16A1,,RABGEF1,,,,,,,,,,,,,,,,,,,,,,,,,,,,,,,,,,,,,RAB3C,,,EIF2S2OW,HSPBAZY,,,,,,,,,,,,,,,,,,,,,,,,,,,,,,,,,,,,,,,,,,,,,,,,,,
,,,,,,SLC16A1,,RABGEF1,,,,,,,,,,,,,,,,,,,,,,,,,,,,,,,,,,,,,RAB3D,,,EIF2S2OX,HSPBAZZ,,,,,,,,,,,,,,,,,,,,,,,,,,,,,,,,,,,,,,,,,,,,,,,,,,
,,,,,,SLC16A1,,RABGEF1,,,,,,,,,,,,,,,,,,,,,,,,,,,,,,,,,,,,,RAB3A,,,EIF2S2OY,,,,,,,,,,,,,,,,,,,,,,,,,,,,,,,,,,,,,,,,,,,,,,,,,,,
,,,,,,SLC16A1,,RABGEF1,,,,,,,,,,,,,,,,,,,,,,,,,,,,,,,,,,,,,RAB3B,,,EIF2S2OZ,,,,,,,,,,,,,,,,,,,,,,,,,,,,,,,,,,,,,,,,,,,,,,,,,,,
,,,,,,SLC16A1,,RABGEF1,,,,,,,,,,,,,,,,,,,,,,,,,,,,,,,,,,,,,RAB3IP5,,,EIF2S2PA,,,,,,,,,,,,,,,,,,,,,,,,,,,,,,,,,,,,,,,,,,,,,,,,,,,
,,,,,,SLC16A1,,RABGEF1,,,,,,,,,,,,,,,,,,,,,,,,,,,,,,,,,,,,,RAB3GALT1,,,EIF2S2PB,,,,,,,,,,,,,,,,,,,,,,,,,,,,,,,,,,,,,,,,,,,,,,,,,,,
,,,,,,SLC16A1,,RABGEF1,,,,,,,,,,,,,,,,,,,,,,,,,,,,,,,,,,,,,RAB3GALT,,,EIF2S2PC,,,,,,,,,,,,,,,,,,,,,,,,,,,,,,,,,,,,,,,,,,,,,,,,,,,
,,,,,,SLC16A1,,RABGEF1,,,,,,,,,,,,,,,,,,,,,,,,,,,,,,,,,,,,,RAB43L,,,EIF2S2PD,,,,,,,,,,,,,,,,,,,,,,,,,,,,,,,,,,,,,,,,,,,,,,,,,,,
,,,,,,SLC16A1,,RABGEF1,,,,,,,,,,,,,,,,,,,,,,,,,,,,,,,,,,,,,RAB42L,,,EIF2S2PE,,,,,,,,,,,,,,,,,,,,,,,,,,,,,,,,,,,,,,,,,,,,,,,,,,,
,,,,,,SLC16A1,,RABGEF1,,,,,,,,,,,,,,,,,,,,,,,,,,,,,,,,,,,,,RAB3GAP1,,,EIF2S2PF,,,,,,,,,,,,,,,,,,,,,,,,,,,,,,,,,,,,,,,,,,,,,,,,,,,
,,,,,,SLC16A1,,RABGEF1,,,,,,,,,,,,,,,,,,,,,,,,,,,,,,,,,,,,,RAB3GAP1,,,EIF2S2PG,,,,,,,,,,,,,,,,,,,,,,,,,,,,,,,,,,,,,,,,,,,,,,,,,,,
,,,,,,SLC16A1,,RABGEF1,,,,,,,,,,,,,,,,,,,,,,,,,,,,,,,,,,,,,RAB3IP2,,,EIF2S2PH,,,,,,,,,,,,,,,,,,,,,,,,,,,,,,,,,,,,,,,,,,,,,,,,,,,
,,,,,,SLC16A1,,RABGEF1,,,,,,,,,,,,,,,,,,,,,,,,,,,,,,,,,,,,,RAB3IP4,,,EIF2S2PI,,,,,,,,,,,,,,,,,,,,,,,,,,,,,,,,,,,,,,,,,,,,,,,,,,,
,,,,,,SLC16A1,,RABGEF1,,,,,,,,,,,,,,,,,,,,,,,,,,,,,,,,,,,,,RAB3IP5,,,EIF2S2PJ,,,,,,,,,,,,,,,,,,,,,,,,,,,,,,,,,,,,,,,,,,,,,,,,,,,
,,,,,,SLC16A1,,RABGEF1,,,,,,,,,,,,,,,,,,,,,,,,,,,,,,,,,,,,,RAB3IL1,,,EIF2S2PK,,,,,,,,,,,,,,,,,,,,,,,,,,,,,,,,,,,,,,,,,,,,,,,,,,,
,,,,,,SLC16A1,,RABGEF1,,,,,,,,,,,,,,,,,,,,,,,,,,,,,,,,,,,,,RAB3C,,,EIF2S2PL,,,,,,,,,,,,,,,,,,,,,,,,,,,,,,,,,,,,,,,,,,,,,,,,,,,
,,,,,,SLC16A1,,RABGEF1,,,,,,,,,,,,,,,,,,,,,,,,,,,,,,,,,,,,,RAB3D,,,EIF2S2PM,,,,,,,,,,,,,,,,,,,,,,,,,,,,,,,,,,,,,,,,,,,,,,,,,,,
,,,,,,SLC16A1,,RABGEF1,,,,,,,,,,,,,,,,,,,,,,,,,,,,,,,,,,,,,RAB3A,,,EIF2S2PN,,,,,,,,,,,,,,,,,,,,,,,,,,,,,,,,,,,,,,,,,,,,,,,,,,,
,,,,,,SLC16A1,,RABGEF1,,,,,,,,,,,,,,,,,,,,,,,,,,,,,,,,,,,,,RAB3B,,,EIF2S2PO,,,,,,,,,,,,,,,,,,,,,,,,,,,,,,,,,,,,,,,,,,,,,,,,,,,
,,,,,,SLC16A1,,RABGEF1,,,,,,,,,,,,,,,,,,,,,,,,,,,,,,,,,,,,,RAB3IP5,,,EIF2S2PP,,,,,,,,,,,,,,,,,,,,,,,,,,,,,,,,,,,,,,,,,,,,,,,,,,,
,,,,,,SLC16A1,,RABGEF1,,,,,,,,,,,,,,,,,,,,,,,,,,,,,,,,,,,,,RAB3GALT1,,,EIF2S2PQ,,,,,,,,,,,,,,,,,,,,,,,,,,,,,,,,,,,,,,,,,,,,,,,,,,,
,,,,,,SLC16A1,,RABGEF1,,,,,,,,,,,,,,,,,,,,,,,,,,,,,,,,,,,,,RAB3GALT,,,EIF2S2PR,,,,,,,,,,,,,,,,,,,,,,,,,,,,,,,,,,,,,,,,,,,,,,,,,,,
,,,,,,SLC16A1,,RABGEF1,,,,,,,,,,,,,,,,,,,,,,,,,,,,,,,,,,,,,RAB43L,,,EIF2S2PS,,,,,,,,,,,,,,,,,,,,,,,,,,,,,,,,,,,,,,,,,,,,,,,,,,,
,,,,,,SLC16A1,,RABGEF1,,,,,,,,,,,,,,,,,,,,,,,,,,,,,,,,,,,,,RAB42L,,,EIF2S2PT,,,,,,,,,,,,,,,,,,,,,,,,,,,,,,,,,,,,,,,,,,,,,,,,,,,
,,,,,,SLC16A1,,RABGEF1,,,,,,,,,,,,,,,,,,,,,,,,,,,,,,,,,,,,,RAB3GAP1,,,EIF2S2PU,,,,,,,,,,,,,,,,,,,,,,,,,,,,,,,,,,,,,,,,,,,,,,,,,,,
,,,,,,SLC16A1,,RABGEF1,,,,,,,,,,,,,,,,,,,,,,,,,,,,,,,,,,,,,RAB3GAP1,,,EIF2S2PV,,,,,,,,,,,,,,,,,,,,,,,,,,,,,,,,,,,,,,,,,,,,,,,,,,,
,,,,,,SLC16A1,,RABGEF1,,,,,,,,,,,,,,,,,,,,,,,,,,,,,,,,,,,,,RAB3IP2,,,EIF2S2PW,,,,,,,,,,,,,,,,,,,,,,,,,,,,,,,,,,,,,,,,,,,,,,,,,,,
,,,,,,SLC16A1,,RABGEF1,,,,,,,,,,,,,,,,,,,,,,,,,,,,,,,,,,,,,RAB3IP4,,,EIF2S2PX,,,,,,,,,,,,,,,,,,,,,,,,,,,,,,,,,,,,,,,,,,,,,,,,,,,
,,,,,,SLC16A1,,RABGEF1,,,,,,,,,,,,,,,,,,,,,,,,,,,,,,,,,,,,,RAB3IP5,,,EIF2S2PY,,,,,,,,,,,,,,,,,,,,,,,,,,,,,,,,,,,,,,,,,,,,,,,,,,,
,,,,,,SLC16A1,,RABGEF1,,,,,,,,,,,,,,,,,,,,,,,,,,,,,,,,,,,,,RAB3IL1,,,EIF2S2PZ,,,,,,,,,,,,,,,,,,,,,,,,,,,,,,,,,,,,,,,,,,,,,,,,,,,
,,,,,,SLC16A1,,RABGEF1,,,,,,,,,,,,,,,,,,,,,,,,,,,,,,,,,,,,,RAB3C,,,EIF2S2QA,,,,,,,,,,,,,,,,,,,,,,,,,,,,,,,,,,,,,,,,,,,,,,,,,,,
,,,,,,SLC16A1,,RABGEF1,,,,,,,,,,,,,,,,,,,,,,,,,,,,,,,,,,,,,RAB3D,,,EIF2S2QB,,,,,,,,,,,,,,,,,,,,,,,,,,,,,,,,,,,,,,,,,,,,,,,,,,,
,,,,,,SLC16A1,,RABGEF1,,,,,,,,,,,,,,,,,,,,,,,,,,,,,,,,,,,,,RAB3A,,,EIF2S2QC,,,,,,,,,,,,,,,,,,,,,,,,,,,,,,,,,,,,,,,,,,,,,,,,,,,
,,,,,,SLC16A1,,RABGEF1,,,,,,,,,,,,,,,,,,,,,,,,,,,,,,,,,,,,,RAB3B,,,EIF2S2QD,,,,,,,,,,,,,,,,,,,,,,,,,,,,,,,,,,,,,,,,,,,,,,,,,,,
,,,,,,SLC16A1,,RABGEF1,,,,,,,,,,,,,,,,,,,,,,,,,,,,,,,,,,,,,RAB3IP5,,,EIF2S2QE,,,,,,,,,,,,,,,,,,,,,,,,,,,,,,,,,,,,,,,,,,,,,,,,,,,
,,,,,,SLC16A1,,RABGEF1,,,,,,,,,,,,,,,,,,,,,,,,,,,,,,,,,,,,,RAB3GALT1,,,EIF2S2QF,,,,,,,,,,,,,,,,,,,,,,,,,,,,,,,,,,,,,,,,,,,,,,,,,,,
,,,,,,SLC16A1,,RABGEF1,,,,,,,,,,,,,,,,,,,,,,,,,,,,,,,,,,,,,RAB3GALT,,,EIF2S2QG,,,,,,,,,,,,,,,,,,,,,,,,,,,,,,,,,,,,,,,,,,,,,,,,,,,
,,,,,,SLC16A1,,RABGEF1,,,,,,,,,,,,,,,,,,,,,,,,,,,,,,,,,,,,,RAB43L,,,EIF2S2QH,,,,,,,,,,,,,,,,,,,,,,,,,,,,,,,,,,,,,,,,,,,,,,,,,,,
,,,,,,SLC16A1,,RABGEF1,,,,,,,,,,,,,,,,,,,,,,,,,,,,,,,,,,,,,RAB42L,,,EIF2S2QI,,,,,,,,,,,,,,,,,,,,,,,,,,,,,,,,,,,,,,,,,,,,,,,,,,,
,,,,,,SLC16A1,,RABGEF1,,,,,,,,,,,,,,,,,,,,,,,,,,,,,,,,,,,,,RAB3GAP1,,,EIF2S2QJ,,,,,,,,,,,,,,,,,,,,,,,,,,,,,,,,,,,,,,,,,,,,,,,,,,,
,,,,,,SLC16A1,,RABGEF1,,,,,,,,,,,,,,,,,,,,,,,,,,,,,,,,,,,,,RAB3GAP1,,,EIF2S2QK,,,,,,,,,,,,,,,,,,,,,,,,,,,,,,,,,,,,,,,,,,,,,,,,,,,
,,,,,,SLC16A1,,RABGEF1,,,,,,,,,,,,,,,,,,,,,,,,,,,,,,,,,,,,,RAB3IP2,,,EIF2S2QL,,,,,,,,,,,,,,,,,,,,,,,,,,,,,,,,,,,,,,,,,,,,,,,,,,,
,,,,,,SLC16A1,,RABGEF1,,,,,,,,,,,,,,,,,,,,,,,,,,,,,,,,,,,,,RAB3IP4,,,EIF2S2QM,,,,,,,,,,,,,,,,,,,,,,,,,,,,,,,,,,,,,,,,,,,,,,,,,,,
,,,,,,SLC16A1,,RABGEF1,,,,,,,,,,,,,,,,,,,,,,,,,,,,,,,,,,,,,RAB3IP5,,,EIF2S2QN,,,,,,,,,,,,,,,,,,,,,,,,,,,,,,,,,,,,,,,,,,,,,,,,,,,
,,,,,,SLC16A1,,RABGEF1,,,,,,,,,,,,,,,,,,,,,,,,,,,,,,,,,,,,,RAB3IL1,,,EIF2S2QO,,,,,,,,,,,,,,,,,,,,,,,,,,,,,,,,,,,,,,,,,,,,,,,,,,,
,,,,,,SLC16A1,,RABGEF1,,,,,,,,,,,,,,,,,,,,,,,,,,,,,,,,,,,,,RAB3C,,,EIF2S2QP,,,,,,,,,,,,,,,,,,,,,,,,,,,,,,,,,,,,,,,,,,,,,,,,,,,
,,,,,,SLC16A1,,RABGEF1,,,,,,,,,,,,,,,,,,,,,,,,,,,,,,,,,,,,,RAB3D,,,EIF2S2QQ,,,,,,,,,,,,,,,,,,,,,,,,,,,,,,,,,,,,,,,,,,,,,,,,,,,
,,,,,,SLC16A1,,RABGEF1,,,,,,,,,,,,,,,,,,,,,,,,,,,,,,,,,,,,,RAB3A,,,EIF2S2QR,,,,,,,,,,,,,,,,,,,,,,,,,,,,,,,,,,,,,,,,,,,,,,,,,,,
,,,,,,SLC16A1,,RABGEF1,,,,,,,,,,,,,,,,,,,,,,,,,,,,,,,,,,,,,RAB3B,,,EIF2S2QS,,,,,,,,,,,,,,,,,,,,,,,,,,,,,,,,,,,,,,,,,,,,,,,,,,,
,,,,,,SLC16A1,,RABGEF1,,,,,,,,,,,,,,,,,,,,,,,,,,,,,,,,,,,,,RAB3IP5,,,EIF2S2QT,,,,,,,,,,,,,,,,,,,,,,,,,,,,,,,,,,,,,,,,,,,,,,,,,,,
,,,,,,SLC16A1,,RABGEF1,,,,,,,,,,,,,,,,,,,,,,,,,,,,,,,,,,,,,RAB3GALT1,,,EIF2S2QU,,,,,,,,,,,,,,,,,,,,,,,,,,,,,,,,,,,,,,,,,,,,,,,,,,,
,,,,,,SLC16A1,,RABGEF1,,,,,,,,,,,,,,,,,,,,,,,,,,,,,,,,,,,,,RAB3GALT,,,EIF2S2QV,,,,,,,,,,,,,,,,,,,,,,,,,,,,,,,,,,,,,,,,,,,,,,,,,,,
,,,,,,SLC16A1,,RABGEF1,,,,,,,,,,,,,,,,,,,,,,,,,,,,,,,,,,,,,RAB43L,,,EIF2S2QW,,,,,,,,,,,,,,,,,,,,,,,,,,,,,,,,,,,,,,,,,,,,,,,,,,,
,,,,,,SLC16A1,,RABGEF1,,,,,,,,,,,,,,,,,,,,,,,,,,,,,,,,,,,,,RAB42L,,,EIF2S2QX,,,,,,,,,,,,,,,,,,,,,,,,,,,,,,,,,,,,,,,,,,,,,,,,,,,
,,,,,,SLC16A1,,RABGEF1,,,,,,,,,,,,,,,,,,,,,,,,,,,,,,,,,,,,,RAB3GAP1,,,EIF2S2QY,,,,,,,,,,,,,,,,,,,,,,,,,,,,,,,,,,,,,,,,,,,,,,,,,,,
,,,,,,SLC16A1,,RABGEF1,,,,,,,,,,,,,,,,,,,,,,,,,,,,,,,,,,,,,RAB3GAP1,,,EIF2S2QZ,,,,,,,,,,,,,,,,,,,,,,,,,,,,,,,,,,,,,,,,,,,,,,,,,,,
,,,,,,SLC16A1,,RABGEF1,,,,,,,,,,,,,,,,,,,,,,,,,,,,,,,,,,,,,RAB3IP2,,,EIF2S2RA,,,,,,,,,,,,,,,,,,,,,,,,,,,,,,,,,,,,,,,,,,,,,,,,,,,
,,,,,,SLC16A1,,RABGEF1,,,,,,,,,,,,,,,,,,,,,,,,,,,,,,,,,,,,,RAB3IP4,,,EIF2S2RB,,,,,,,,,,,,,,,,,,,,,,,,,,,,,,,,,,,,,,,,,,,,,,,,,,,
,,,,,,SLC16A1,,RABGEF1,,,,,,,,,,,,,,,,,,,,,,,,,,,,,,,,,,,,,RAB3IP5,,,EIF2S2RC,,,,,,,,,,,,,,,,,,,,,,,,,,,,,,,,,,,,,,,,,,,,,,,,,,,
,,,,,,SLC16A1,,RABGEF1,,,,,,,,,,,,,,,,,,,,,,,,,,,,,,,,,,,,,RAB3IL1,,,EIF2S2RD,,,,,,,,,,,,,,,,,,,,,,,,,,,,,,,,,,,,,,,,,,,,,,,,,,,
,,,,,,SLC16A1,,RABGEF1,,,,,,,,,,,,,,,,,,,,,,,,,,,,,,,,,,,,,RAB3C,,,EIF2S2RE,,,,,,,,,,,,,,,,,,,,,,,,,,,,,,,,,,,,,,,,,,,,,,,,,,,
,,,,,,SLC16A1,,RABGEF1,,,,,,,,,,,,,,,,,,,,,,,,,,,,,,,,,,,,,RAB3D,,,EIF2S2RF,,,,,,,,,,,,,,,,,,,,,,,,,,,,,,,,,,,,,,,,,,,,,,,,,,,
,,,,,,SLC16A1,,RABGEF1,,,,,,,,,,,,,,,,,,,,,,,,,,,,,,,,,,,,,RAB3A,,,EIF2S2RG,,,,,,,,,,,,,,,,,,,,,,,,,,,,,,,,,,,,,,,,,,,,,,,,,,,
,,,,,,SLC16A1,,RABGEF1,,,,,,,,,,,,,,,,,,,,,,,,,,,,,,,,,,,,,RAB3B,,,EIF2S2RH,,,,,,,,,,,,,,,,,,,,,,,,,,,,,,,,,,,,,,,,,,,,,,,,,,,
,,,,,,SLC16A1,,RABGEF1,,,,,,,,,,,,,,,,,,,,,,,,,,,,,,,,,,,,,RAB3IP5,,,EIF2S2RI,,,,,,,,,,,,,,,,,,,,,,,,,,,,,,,,,,,,,,,,,,,,,,,,,,,
,,,,,,SLC16A1,,RABGEF1,,,,,,,,,,,,,,,,,,,,,,,,,,,,,,,,,,,,,RAB3GALT1,,,EIF2S2RJ,,,,,,,,,,,,,,,,,,,,,,,,,,,,,,,,,,,,,,,,,,,,,,,,,,,
,,,,,,SLC16A1,,RABGEF1,,,,,,,,,,,,,,,,,,,,,,,,,,,,,,,,,,,,,RAB3GALT,,,EIF2S2RK,,,,,,,,,,,,,,,,,,,,,,,,,,,,,,,,,,,,,,,,,,,,,,,,,,,
,,,,,,SLC16A1,,RABGEF1,,,,,,,,,,,,,,,,,,,,,,,,,,,,,,,,,,,,,RAB43L,,,EIF2S2RL,,,,,,,,,,,,,,,,,,,,,,,,,,,,,,,,,,,,,,,,,,,,,,,,,,,
,,,,,,SLC16A1,,RABGEF1,,,,,,,,,,,,,,,,,,,,,,,,,,,,,,,,,,,,,RAB42L,,,EIF2S2RM,,,,,,,,,,,,,,,,,,,,,,,,,,,,,,,,,,,,,,,,,,,,,,,,,,,
,,,,,,SLC16A1,,RABGEF1,,,,,,,,,,,,,,,,,,,,,,,,,,,,,,,,,,,,,RAB3GAP1,,,EIF2S2RN,,,,,,,,,,,,,,,,,,,,,,,,,,,,,,,,,,,,,,,,,,,,,,,,,,,
,,,,,,SLC16A1,,RABGEF1,,,,,,,,,,,,,,,,,,,,,,,,,,,,,,,,,,,,,RAB3GAP1,,,EIF2S2RO,,,,,,,,,,,,,,,,,,,,,,,,,,,,,,,,,,,,,,,,,,,,,,,,,,,
,,,,,,SLC16A1,,RABGEF1,,,,,,,,,,,,,,,,,,,,,,,,,,,,,,,,,,,,,RAB3IP2,,,EIF2S2RP,,,,,,,,,,,,,,,,,,,,,,,,,,,,,,,,,,,,,,,,,,,,,,,,,,,
,,,,,,SLC16A1,,RABGEF1,,,,,,,,,,,,,,,,,,,,,,,,,,,,,,,,,,,,,RAB3IP4,,,EIF2S2RQ,,,,,,,,,,,,,,,,,,,,,,,,,,,,,,,,,,,,,,,,,,,,,,,,,,,
,,,,,,SLC16A1,,RABGEF1,,,,,,,,,,,,,,,,,,,,,,,,,,,,,,,,,,,,,RAB3IP5,,,EIF2S2RR,,,,,,,,,,,,,,,,,,,,,,,,,,,,,,,,,,,,,,,,,,,,,,,,,,,
,,,,,,SLC16A1,,RABGEF1,,,,,,,,,,,,,,,,,,,,,,,,,,,,,,,,,,,,,RAB3IL1,,,EIF2S2RS,,,,,,,,,,,,,,,,,,,,,,,,,,,,,,,,,,,,,,,,,,,,,,,,,,,
,,,,,,SLC16A1,,RABGEF1,,,,,,,,,,,,,,,,,,,,,,,,,,,,,,,,,,,,,RAB3C,,,EIF2S2RT,,,,,,,,,,,,,,,,,,,,,,,,,,,,,,,,,,,,,,,,,,,,,,,,,,,
,,,,,,SLC16A1,,RABGEF1,,,,,,,,,,,,,,,,,,,,,,,,,,,,,,,,,,,,,RAB3D,,,EIF2S2RU,,,,,,,,,,,,,,,,,,,,,,,,,,,,,,,,,,,,,,,,,,,,,,,,,,,
,,,,,,SLC16A1,,RABGEF1,,,,,,,,,,,,,,,,,,,,,,,,,,,,,,,,,,,,,RAB3A,,,EIF2S2RV,,,,,,,,,,,,,,,,,,,,,,,,,,,,,,,,,,,,,,,,,,,,,,,,,,,
,,,,,,SLC16A1,,RABGEF1,,,,,,,,,,,,,,,,,,,,,,,,,,,,,,,,,,,,,RAB3B,,,EIF2S2RW,,,,,,,,,,,,,,,,,,,,,,,,,,,,,,,,,,,,,,,,,,,,,,,,,,,
,,,,,,SLC16A1,,RABGEF1,,,,,,,,,,,,,,,,,,,,,,,,,,,,,,,,,,,,,RAB3IP5,,,EIF2S2RX,,,,,,,,,,,,,,,,,,,,,,,,,,,,,,,,,,,,,,,,,,,,,,,,,,,
,,,,,,SLC16A1,,RABGEF1,,,,,,,,,,,,,,,,,,,,,,,,,,,,,,,,,,,,,RAB3GALT1,,,EIF2S2RY,,,,,,,,,,,,,,,,,,,,,,,,,,,,,,,,,,,,,,,,,,,,,,,,,,,
,,,,,,SLC16A1,,RABGEF1,,,,,,,,,,,,,,,,,,,,,,,,,,,,,,,,,,,,,RAB3GALT,,,EIF2S2RZ,,,,,,,,,,,,,,,,,,,,,,,,,,,,,,,,,,,,,,,,,,,,,,,,,,,
,,,,,,SLC16A1,,RABGEF1,,,,,,,,,,,,,,,,,,,,,,,,,,,,,,,,,,,,,RAB43L,,,EIF2S2SA,,,,,,,,,,,,,,,,,,,,,,,,,,,,,,,,,,,,,,,,,,,,,,,,,,,
,,,,,,SLC16A1,,RABGEF1,,,,,,,,,,,,,,,,,,,,,,,,,,,,,,,,,,,,,RAB42L,,,EIF2S2SB,,,,,,,,,,,,,,,,,,,,,,,,,,,,,,,,,,,,,,,,,,,,,,,,,,,
,,,,,,SLC16A1,,RABGEF1,,,,,,,,,,,,,,,,,,,,,,,,,,,,,,,,,,,,,RAB3GAP1,,,EIF2S2SC,,,,,,,,,,,,,,,,,,,,,,,,,,,,,,,,,,,,,,,,,,,,,,,,,,,
,,,,,,SLC16A1,,RABGEF1,,,,,,,,,,,,,,,,,,,,,,,,,,,,,,,,,,,,,RAB3GAP1,,,EIF2S2SD,,,,,,,,,,,,,,,,,,,,,,,,,,,,,,,,,,,,,,,,,,,,,,,,,,,
,,,,,,SLC16A1,,RABGEF1,,,,,,,,,,,,,,,,,,,,,,,,,,,,,,,,,,,,,RAB3IP2,,,EIF2S2SE,,,,,,,,,,,,,,,,,,,,,,,,,,,,,,,,,,,,,,,,,,,,,,,,,,,
,,,,,,SLC16A1,,RABGEF1,,,,,,,,,,,,,,,,,,,,,,,,,,,,,,,,,,,,,RAB3IP4,,,EIF2S2SF,,,,,,,,,,,,,,,,,,,,,,,,,,,,,,,,,,,,,,,,,,,,,,,,,,,
,,,,,,SLC16A1,,RABGEF1,,,,,,,,,,,,,,,,,,,,,,,,,,,,,,,,,,,,,RAB3IP5,,,EIF2S2SG,,,,,,,,,,,,,,,,,,,,,,,,,,,,,,,,,,,,,,,,,,,,,,,,,,,
,,,,,,SLC16A1,,RABGEF1,,,,,,,,,,,,,,,,,,,,,,,,,,,,,,,,,,,,,RAB3IL1,,,EIF2S2SH,,,,,,,,,,,,,,,,,,,,,,,,,,,,,,,,,,,,,,,,,,,,,,,,,,,
,,,,,,SLC16A1,,RABGEF1,,,,,,,,,,,,,,,,,,,,,,,,,,,,,,,,,,,,,RAB3C,,,EIF2S2SI,,,,,,,,,,,,,,,,,,,,,,,,,,,,,,,,,,,,,,,,,,,,,,,,,,,
,,,,,,SLC16A1,,RABGEF1,,,,,,,,,,,,,,,,,,,,,,,,,,,,,,,,,,,,,RAB3D,,,EIF2S2SJ,,,,,,,,,,,,,,,,,,,,,,,,,,,,,,,,,,,,,,,,,,,,,,,,,,,
,,,,,,SLC16A1,,RABGEF1,,,,,,,,,,,,,,,,,,,,,,,,,,,,,,,,,,,,,RAB3A,,,EIF2S2SK,,,,,,,,,,,,,,,,,,,,,,,,,,,,,,,,,,,,,,,,,,,,,,,,,,,
,,,,,,SLC16A1,,RABGEF1,,,,,,,,,,,,,,,,,,,,,,,,,,,,,,,,,,,,,RAB3B,,,EIF2S2SL,,,,,,,,,,,,,,,,,,,,,,,,,,,,,,,,,,,,,,,,,,,,,,,,,,,
,,,,,,SLC16A1,,RABGEF1,,,,,,,,,,,,,,,,,,,,,,,,,,,,,,,,,,,,,RAB3IP5,,,EIF2S2SM,,,,,,,,,,,,,,,,,,,,,,,,,,,,,,,,,,,,,,,,,,,,,,,,,,,
,,,,,,SLC16A1,,RABGEF1,,,,,,,,,,,,,,,,,,,,,,,,,,,,,,,,,,,,,RAB3GALT1,,,EIF2S2SN,,,,,,,,,,,,,,,,,,,,,,,,,,,,,,,,,,,,,,,,,,,,,,,,,,,
,,,,,,SLC16A1,,RABGEF1,,,,,,,,,,,,,,,,,,,,,,,,,,,,,,,,,,,,,RAB3GALT,,,EIF2S2SO,,,,,,,,,,,,,,,,,,,,,,,,,,,,,,,,,,,,,,,,,,,,,,,,,,,
,,,,,,SLC16A1,,RABGEF1,,,,,,,,,,,,,,,,,,,,,,,,,,,,,,,,,,,,,RAB43L,,,EIF2S2SP,,,,,,,,,,,,,,,,,,,,,,,,,,,,,,,,,,,,,,,,,,,,,,,,,,,
,,,,,,SLC16A1,,RABGEF1,,,,,,,,,,,,,,,,,,,,,,,,,,,,,,,,,,,,,RAB42L,,,EIF2S2SQ,,,,,,,,,,,,,,,,,,,,,,,,,,,,,,,,,,,,,,,,,,,,,,,,,,,
,,,,,,SLC16A1,,RABGEF1,,,,,,,,,,,,,,,,,,,,,,,,,,,,,,,,,,,,,RAB3GAP1,,,E,,,,,,,,,,,,,,,,,,,,,,,,,,,,,,,,,,,,,,,,,,,,,,,,,,,
,,,,,,SLC16A1,,RABGEF1,,,,,,,,,,,,,,,,,,,,,,,,,,,,,,,,,,,,,RAB3GAP1,,,,,,,,,,,,,,,,,,,,,,,,,,,,,,,,,,,,,,,,,,,,,,,,,,,,,,
,,,,,,SLC16A1,,RABGEF1,,,,,,,,,,,,,,,,,,,,,,,,,,,,,,,,,,,,,RAB3IP2,,,,,,,,,,,,,,,,,,,,,,,,,,,,,,,,,,,,,,,,,,,,,,,,,,,,,,
,,,,,,SLC16A1,,RABGEF1,,,,,,,,,,,,,,,,,,,,,,,,,,,,,,,,,,,,,RAB3IP4,,,,,,,,,,,,,,,,,,,,,,,,,,,,,,,,,,,,,,,,,,,,,,,,,,,,,,
,,,,,,SLC16A1,,RABGEF1,,,,,,,,,,,,,,,,,,,,,,,,,,,,,,,,,,,,,RAB3IP5,,,,,,,,,,,,,,,,,,,,,,,,,,,,,,,,,,,,,,,,,,,,,,,,,,,,,,
,,,,,,SLC16A1,,RABGEF1,,,,,,,,,,,,,,,,,,,,,,,,,,,,,,,,,,,,,RAB3IL1,,,,,,,,,,,,,,,,,,,,,,,,,,,,,,,,,,,,,,,,,,,,,,,,,,,,,,
,,,,,,SLC16A1,,RABGEF1,,,,,,,,,,,,,,,,,,,,,,,,,,,,,,,,,,,,,RAB3C,,,,,,,,,,,,,,,,,,,,,,,,,,,,,,,,,,,,,,,,,,,,,,,,,,,,,,
,,,,,,SLC16A1,,RABGEF1,,,,,,,,,,,,,,,,,,,,,,,,,,,,,,,,,,,,,RAB3D,,,,,,,,,,,,,,,,,,,,,,,,,,,,,,,,,,,,,,,,,,,,,,,,,,,,,,
,,,,,,SLC16A1,,RABGEF1,,,,,,,,,,,,,,,,,,,,,,,,,,,,,,,,,,,,,RAB3A,,,,,,,,,,,,,,,,,,,,,,,,,,,,,,,,,,,,,,,,,,,,,,,,,,,,,,
,,,,,,SLC16A1,,RABGEF1,,,,,,,,,,,,,,,,,,,,,,,,,,,,,,,,,,,,,RAB3B,,,,,,,,,,,,,,,,,,,,,,,,,,,,,,,,,,,,,,,,,,,,,,,,,,,,,,
,,,,,,SLC16A1,,RABGEF1,,,,,,,,,,,,,,,,,,,,,,,,,,,,,,,,,,,,,RAB3IP5,,,,,,,,,,,,,,,,,,,,,,,,,,,,,,,,,,,,,,,,,,,,,,,,,,,,,,
,,,,,,SLC16A1,,RABGEF1,,,,,,,,,,,,,,,,,,,,,,,,,,,,,,,,,,,,,RAB3GALT1,,,,,,,,,,,,,,,,,,,,,,,,,,,,,,,,,,,,,,,,,,,,,,,,,,,,,,
,,,,,,SLC16A1,,RABGEF1,,,,,,,,,,,,,,,,,,,,,,,,,,,,,,,,,,,,,RAB3GALT,,,,,,,,,,,,,,,,,,,,,,,,,,,,,,,,,,,,,,,,,,,,,,,,,,,,,,
,,,,,,SLC16A1,,RABGEF1,,,,,,,,,,,,,,,,,,,,,,,,,,,,,,,,,,,,,RAB43L,,,,,,,,,,,,,,,,,,,,,,,,,,,,,,,,,,,,,,,,,,,,,,,,,,,,,,
,,,,,,SLC16A1,,RABGEF1,,,,,,,,,,,,,,,,,,,,,,,,,,,,,,,,,,,,,RAB42L,,,,,,,,,,,,,,,,,,,,,,,,,,,,,,,,,,,,,,,,,,,,,,,,,,,,,,
,,,,,,SLC16A1,,RABGEF1,,,,,,,,,,,,,,,,,,,,,,,,,,,,,,,,,,,,,RAB3GAP1,,,,,,,,,,,,,,,,,,,,,,,,,,,,,,,,,,,,,,,,,,,,,,,,,,,,,,
,,,,,,SLC16A1,,RABGEF1,,,,,,,,,,,,,,,,,,,,,,,,,,,,,,,,,,,,,RAB3GAP1,,,,,,,,,,,,,,,,,,,,,,,,,,,,,,,,,,,,,,,,,,,,,,,,,,,,,,
,,,,,,SLC16A1,,RABGEF1,,,,,,,,,,,,,,,,,,,,,,,,,,,,,,,,,,,,,RAB3IP2,,,,,,,,,,,,,,,,,,,,,,,,,,,,,,,,,,,,,,,,,,,,,,,,,,,,,,
,,,,,,SLC16A1,,RABGEF1,,,,,,,,,,,,,,,,,,,,,,,,,,,,,,,,,,,,,RAB3IP4,,,,,,,,,,,,,,,,,,,,,,,,,,,,,,,,,,,,,,,,,,,,,,,,,,,,,,
,,,,,,SLC16A1,,RABGEF1,,,,,,,,,,,,,,,,,,,,,,,,,,,,,,,,,,,,,RAB3IP5,,,,,,,,,,,,,,,,,,,,,,,,,,,,,,,,,,,,,,,,,,,,,,,,,,,,,,
,,,,,,SLC16A1,,RABGEF1,,,,,,,,,,,,,,,,,,,,,,,,,,,,,,,,,,,,,RAB3IL1,,,,,,,,,,,,,,,,,,,,,,,,,,,,,,,,,,,,,,,,,,,,,,,,,,,,,,
,,,,,,SLC16A1,,RABGEF1,,,,,,,,,,,,,,,,,,,,,,,,,,,,,,,,,,,,,RAB3C,,,,,,,,,,,,,,,,,,,,,,,,,,,,,,,,,,,,,,,,,,,,,,,,,,,,,,
,,,,,,SLC16A1,,RABGEF1,,,,,,,,,,,,,,,,,,,,,,,,,,,,,,,,,,,,,RAB3D,,,,,,,,,,,,,,,,,,,,,,,,,,,,,,,,,,,,,,,,,,,,,,,,,,,,,,
,,,,,,SLC16A1,,RABGEF1,,,,,,,,,,,,,,,,,,,,,,,,,,,,,,,,,,,,,RAB3A,,,,,,,,,,,,,,,,,,,,,,,,,,,,,,,,,,,,,,,,,,,,,,,,,,,,,,
,,,,,,SLC16A1,,RABGEF1,,,,,,,,,,,,,,,,,,,,,,,,,,,,,,,,,,,,,RAB3B,,,,,,,,,,,,,,,,,,,,,,,,,,,,,,,,,,,,,,,,,,,,,,,,,,,,,,
,,,,,,SLC16A1,,RABGEF1,,,,,,,,,,,,,,,,,,,,,,,,,,,,,,,,,,,,,RAB3IP5,,,,,,,,,,,,,,,,,,,,,,,,,,,,,,,,,,,,,,,,,,,,,,,,,,,,,,
,,,,,,SLC16A1,,RABGEF1,,,,,,,,,,,,,,,,,,,,,,,,,,,,,,,,,,,,,RAB3GALT1,,,,,,,,,,,,,,,,,,,,,,,,,,,,,,,,,,,,,,,,,,,,,,,,,,,,,,
,,,,,,SLC16A1,,RABGEF1,,,,,,,,,,,,,,,,,,,,,,,,,,,,,,,,,,,,,RAB3GALT,,,,,,,,,,,,,,,,,,,,,,,,,,,,,,,,,,,,,,,,,,,,,,,,,,,,,,
,,,,,,SLC16A1,,RABGEF1,,,,,,,,,,,,,,,,,,,,,,,,,,,,,,,,,,,,,RAB43L,,,,,,,,,,,,,,,,,,,,,,,,,,,,,,,,,,,,,,,,,,,,,,,,,,,,,,
,,,,,,SLC16A1,,RABGEF1,,,,,,,,,,,,,,,,,,,,,,,,,,,,,,,,,,,,,RAB42L,,,,,,,,,,,,,,,,,,,,,,,,,,,,,,,,,,,,,,,,,,,,,,,,,,,,,,
,,,,,,SLC16A1,,RABGEF1,,,,,,,,,,,,,,,,,,,,,,,,,,,,,,,,,,,,,RAB3GAP1,,,,,,,,,,,,,,,,,,,,,,,,,,,,,,,,,,,,,,,,,,,,,,,,,,,,,,
,,,,,,SLC16A1,,RABGEF1,,,,,,,,,,,,,,,,,,,,,,,,,,,,,,,,,,,,,RAB3GAP1,,,,,,,,,,,,,,,,,,,,,,,,,,,,,,,,,,,,,,,,,,,,,,,,,,,,,,
,,,,,,SLC16A1,,RABGEF1,,,,,,,,,,,,,,,,,,,,,,,,,,,,,,,,,,,,,RAB3IP2,,,,,,,,,,,,,,,,,,,,,,,,,,,,,,,,,,,,,,,,,,,,,,,,,,,,,,
,,,,,,SLC16A1,,RABGEF1,,,,,,,,,,,,,,,,,,,,,,,,,,,,,,,,,,,,,RAB3IP4,,,,,,,,,,,,,,,,,,,,,,,,,,,,,,,,,,,,,,,,,,,,,,,,,,,,,,
,,,,,,SLC16A1,,RABGEF1,,,,,,,,,,,,,,,,,,,,,,,,,,,,,,,,,,,,,RAB3IP5,,,,,,,,,,,,,,,,,,,,,,,,,,,,,,,,,,,,,,,,,,,,,,,,,,,,,,
,,,,,,SLC16A1,,RABGEF1,,,,,,,,,,,,,,,,,,,,,,,,,,,,,,,,,,,,,RAB3IL1,,,,,,,,,,,,,,,,,,,,,,,,,,,,,,,,,,,,,,,,,,,,,,,,,,,,,,
,,,,,,SLC16A1,,RABGEF1,,,,,,,,,,,,,,,,,,,,,,,,,,,,,,,,,,,,,RAB3C,,,,,,,,,,,,,,,,,,,,,,,,,,,,,,,,,,,,,,,,,,,,,,,,,,,,,,
,,,,,,SLC16A1,,RABGEF1,,,,,,,,,,,,,,,,,,,,,,,,,,,,,,,,,,,,,RAB3D,,,,,,,,,,,,,,,,,,,,,,,,,,,,,,,,,,,,,,,,,,,,,,,,,,,,,,
,,,,,,SLC16A1,,RABGEF1,,,,,,,,,,,,,,,,,,,,,,,,,,,,,,,,,,,,,RAB3A,,,,,,,,,,,,,,,,,,,,,,,,,,,,,,,,,,,,,,,,,,,,,,,,,,,,,,
,,,,,,SLC16A1,,RABGEF1,,,,,,,,,,,,,,,,,,,,,,,,,,,,,,,,,,,,,RAB3B,,,,,,,,,,,,,,,,,,,,,,,,,,,,,,,,,,,,,,,,,,,,,,,,,,,,,,
,,,,,,SLC16A1,,RABGEF1,,,,,,,,,,,,,,,,,,,,,,,,,,,,,,,,,,,,,RAB3IP5,,,,,,,,,,,,,,,,,,,,,,,,,,,,,,,,,,,,,,,,,,,,,,,,,,,,,,
,,,,,,SLC16A1,,RABGEF1,,,,,,,,,,,,,,,,,,,,,,,,,,,,,,,,,,,,,RAB3GALT1,,,,,,,,,,,,,,,,,,,,,,,,,,,,,,,,,,,,,,,,,,,,,,,,,,,,,,
,,,,,,SLC16A1,,RABGEF1,,,,,,,,,,,,,,,,,,,,,,,,,,,,,,,,,,,,,RAB3GALT,,,,,,,,,,,,,,,,,,,,,,,,,,,,,,,,,,,,,,,,,,,,,,,,,,,,,,
,,,,,,SLC16A1,,RABGEF1,,,,,,,,,,,,,,,,,,,,,,,,,,,,,,,,,,,,,RAB43L,,,,,,,,,,,,,,,,,,,,,,,,,,,,,,,,,,,,,,,,,,,,,,,,,,,,,,
,,,,,,SLC16A1,,RABGEF1,,,,,,,,,,,,,,,,,,,,,,,,,,,,,,,,,,,,,RAB42L,,,,,,,,,,,,,,,,,,,,,,,,,,,,,,,,,,,,,,,,,,,,,,,,,,,,,,
,,,,,,SLC16A1,,RABGEF1,,,,,,,,,,,,,,,,,,,,,,,,,,,,,,,,,,,,,RAB3GAP1,,,,,,,,,,,,,,,,,,,,,,,,,,,,,,,,,,,,,,,,,,,,,,,,,,,,,,
,,,,,,SLC16A1,,RABGEF1,,,,,,,,,,,,,,,,,,,,,,,,,,,,,,,,,,,,,RAB3GAP1,,,,,,,,,,,,,,,,,,,,,,,,,,,,,,,,,,,,,,,,,,,,,,,,,,,,,,
,,,,,,SLC16A1,,RABGEF1,,,,,,,,,,,,,,,,,,,,,,,,,,,,,,,,,,,,,RAB3IP2,,,,,,,,,,,,,,,,,,,,,,,,,,,,,,,,,,,,,,,,,,,,,,,,,,,,,,
,,,,,,SLC16A1,,RABGEF1,,,,,,,,,,,,,,,,,,,,,,,,,,,,,,,,,,,,,RAB3IP4,,,,,,,,,,,,,,,,,,,,,,,,,,,,,,,,,,,,,,,,,,,,,,,,,,,,,,
,,,,,,SLC16A1,,RABGEF1,,,,,,,,,,,,,,,,,,,,,,,,,,,,,,,,,,,,,RAB3IP5,,,,,,,,,,,,,,,,,,,,,,,,,,,,,,,,,,,,,,,,,,,,,,,,,,,,,,
,,,,,,SLC16A1,,RABGEF1,,,,,,,,,,,,,,,,,,,,,,,,,,,,,,,,,,,,,RAB3IL1,,,,,,,,,,,,,,,,,,,,,,,,,,,,,,,,,,,,,,,,,,,,,,,,,,,,,,
,,,,,,SLC16A1,,RABGEF1,,,,,,,,,,,,,,,,,,,,,,,,,,,,,,,,,,,,,RAB3C,,,,,,,,,,,,,,,,,,,,,,,,,,,,,,,,,,,,,,,,,,,,,,,,,,,,,,
,,,,,,SLC16A1,,RABGEF1,,,,,,,,,,,,,,,,,,,,,,,,,,,,,,,,,,,,,RAB3D,,,,,,,,,,,,,,,,,,,,,,,,,,,,,,,,,,,,,,,,,,,,,,,,,,,,,,
,,,,,,SLC16A1,,RABGEF1,,,,,,,,,,,,,,,,,,,,,,,,,,,,,,,,,,,,,RAB3A,,,,,,,,,,,,,,,,,,,,,,,,,,,,,,,,,,,,,,,,,,,,,,,,,,,,,,
,,,,,,SLC16A1,,RABGEF1,,,,,,,,,,,,,,,,,,,,,,,,,,,,,,,,,,,,,RAB3B,,,,,,,,,,,,,,,,,,,,,,,,,,,,,,,,,,,,,,,,,,,,,,,,,,,,,,
,,,,,,SLC16A1,,RABGEF1,,,,,,,,,,,,,,,,,,,,,,,,,,,,,,,,,,,,,RAB3IP5,,,,,,,,,,,,,,,,,,,,,,,,,,,,,,,,,,,,,,,,,,,,,,,,,,,,,,
,,,,,,SLC16A1,,RABGEF1,,,,,,,,,,,,,,,,,,,,,,,,,,,,,,,,,,,,,RAB3GALT1,,,,,,,,,,,,,,,,,,,,,,,,,,,,,,,,,,,,,,,,,,,,,,,,,,,,,,
,,,,,,SLC16A1,,RABGEF1,,,,,,,,,,,,,,,,,,,,,,,,,,,,,,,,,,,,,RAB3GALT,,,,,,,,,,,,,,,,,,,,,,,,,,,,,,,,,,,,,,,,,,,,,,,,,,,,,,
,,,,,,SLC16A1,,RABGEF1,,,,,,,,,,,,,,,,,,,,,,,,,,,,,,,,,,,,,RAB43L,,,,,,,,,,,,,,,,,,,,,,,,,,,,,,,,,,,,,,,,,,,,,,,,,,,,,,
,,,,,,SLC16A1,,RABGEF1,,,,,,,,,,,,,,,,,,,,,,,,,,,,,,,,,,,,,RAB42L,,,,,,,,,,,,,,,,,,,,,,,,,,,,,,,,,,,,,,,,,,,,,,,,,,,,,,
,,,,,,SLC16A1,,RABGEF1,,,,,,,,,,,,,,,,,,,,,,,,,,,,,,,,,,,,,RAB3GAP1,,,,,,,,,,,,,,,,,,,,,,,,,,,,,,,,,,,,,,,,,,,,,,,,,,,,,,
,,,,,,SLC16A1,,RABGEF1,,,,,,,,,,,,,,,,,,,,,,,,,,,,,,,,,,,,,RAB3GAP1,,,,,,,,,,,,,,,,,,,,,,,,,,,,,,,,,,,,,,,,,,,,,,,,,,,,,,
,,,,,,SLC16A1,,RABGEF1,,,,,,,,,,,,,,,,,,,,,,,,,,,,,,,,,,,,,RAB3IP2,,,,,,,,,,,,,,,,,,,,,,,,,,,,,,,,,,,,,,,,,,,,,,,,,,,,,,
,,,,,,SLC16A1,,RABGEF1,,,,,,,,,,,,,,,,,,,,,,,,,,,,,,,,,,,,,RAB3IP4,,,,,,,,,,,,,,,,,,,,,,,,,,,,,,,,,,,,,,,,,,,,,,,,,,,,,,
,,,,,,SLC16A1,,RABGEF1,,,,,,,,,,,,,,,,,,,,,,,,,,,,,,,,,,,,,RAB3IP5,,,,,,,,,,,,,,,,,,,,,,,,,,,,,,,,,,,,,,,,,,,,,,,,,,,,,,
,,,,,,SLC16A1,,RABGEF1,,,,,,,,,,,,,,,,,,,,,,,,,,,,,,,,,,,,,RAB3IL1,,,,,,,,,,,,,,,,,,,,,,,,,,,,,,,,,,,,,,,,,,,,,,,,,,,,,,
,,,,,,SLC16A1,,RABGEF1,,,,,,,,,,,,,,,,,,,,,,,,,,,,,,,,,,,,,RAB3C,,,,,,,,,,,,,,,,,,,,,,,,,,,,,,,,,,,,,,,,,,,,,,,,,,,,,,
,,,,,,SLC16A1,,RABGEF1,,,,,,,,,,,,,,,,,,,,,,,,,,,,,,,,,,,,,RAB3D,,,,,,,,,,,,,,,,,,,,,,,,,,,,,,,,,,,,,,,,,,,,,,,,,,,,,,
,,,,,,SLC16A1,,RABGEF1,,,,,,,,,,,,,,,,,,,,,,,,,,,,,,,,,,,,,RAB3A,,,,,,,,,,,,,,,,,,,,,,,,,,,,,,,,,,,,,,,,,,,,,,,,,,,,,,
,,,,,,SLC16A1,,RABGEF1,,,,,,,,,,,,,,,,,,,,,,,,,,,,,,,,,,,,,RAB3B,,,,,,,,,,,,,,,,,,,,,,,,,,,,,,,,,,,,,,,,,,,,,,,,,,,,,,
,,,,,,SLC16A1,,RABGEF1,,,,,,,,,,,,,,,,,,,,,,,,,,,,,,,,,,,,,RAB3IP5,,,,,,,,,,,,,,,,,,,,,,,,,,,,,,,,,,,,,,,,,,,,,,,,,,,,,,
,,,,,,SLC16A1,,RABGEF1,,,,,,,,,,,,,,,,,,,,,,,,,,,,,,,,,,,,,RAB3GALT1,,,,,,,,,,,,,,,,,,,,,,,,,,,,,,,,,,,,,,,,,,,,,,,,,,,,,,
,,,,,,SLC16A1,,RABGEF1,,,,,,,,,,,,,,,,,,,,,,,,,,,,,,,,,,,,,RAB3GALT,,,,,,,,,,,,,,,,,,,,,,,,,,,,,,,,,,,,,,,,,,,,,,,,,,,,,,
,,,,,,SLC16A1,,RABGEF1,,,,,,,,,,,,,,,,,,,,,,,,,,,,,,,,,,,,,RAB43L,,,,,,,,,,,,,,,,,,,,,,,,,,,,,,,,,,,,,,,,,,,,,,,,,,,,,,
,,,,,,SLC16A1,,RABGEF1,,,,,,,,,,,,,,,,,,,,,,,,,,,,,,,,,,,,,RAB42L,,,,,,,,,,,,,,,,,,,,,,,,,,,,,,,,,,,,,,,,,,,,,,,,,,,,,,
,,,,,,SLC16A1,,RABGEF1,,,,,,,,,,,,,,,,,,,,,,,,,,,,,,,,,,,,,RAB3GAP1,,,,,,,,,,,,,,,,,,,,,,,,,,,,,,,,,,,,,,,,,,,,,,,,,,,,,,
,,,,,,SLC16A1,,RABGEF1,,,,,,,,,,,,,,,,,,,,,,,,,,,,,,,,,,,,,RAB3GAP1,,,,,,,,,,,,,,,,,,,,,,,,,,,,,,,,,,,,,,,,,,,,,,,,,,,,,,
,,,,,,SLC16A1,,RABGEF1,,,,,,,,,,,,,,,,,,,,,,,,,,,,,,,,,,,,,RAB3IP2,,,,,,,,,,,,,,,,,,,,,,,,,,,,,,,,,,,,,,,,,,,,,,,,,,,,,,
,,,,,,SLC16A1,,RABGEF1,,,,,,,,,,,,,,,,,,,,,,,,,,,,,,,,,,,,,RAB3IP4,,,,,,,,,,,,,,,,,,,,,,,,,,,,,,,,,,,,,,,,,,,,,,,,,,,,,,
,,,,,,SLC16A1,,RABGEF1,,,,,,,,,,,,,,,,,,,,,,,,,,,,,,,,,,,,,RAB3IP5,,,,,,,,,,,,,,,,,,,,,,,,,,,,,,,,,,,,,,,,,,,,,,,,,,,,,,
,,,,,,SLC16A1,,RABGEF1,,,,,,,,,,,,,,,,,,,,,,,,,,,,,,,,,,,,,RAB3IL1,,,,,,,,,,,,,,,,,,,,,,,,,,,,,,,,,,,,,,,,,,,,,,,,,,,,,,
,,,,,,SLC16A1,,RABGEF1,,,,,,,,,,,,,,,,,,,,,,,,,,,,,,,,,,,,,RAB3C,,,,,,,,,,,,,,,,,,,,,,,,,,,,,,,,,,,,,,,,,,,,,,,,,,,,,,
,,,,,,SLC16A1,,RABGEF1,,,,,,,,,,,,,,,,,,,,,,,,,,,,,,,,,,,,,RAB3D,,,,,,,,,,,,,,,,,,,,,,,,,,,,,,,,,,,,,,,,,,,,,,,,,,,,,,
,,,,,,SLC16A1,,RABGEF1,,,,,,,,,,,,,,,,,,,,,,,,,,,,,,,,,,,,,RAB3A,,,,,,,,,,,,,,,,,,,,,,,,,,,,,,,,,,,,,,,,,,,,,,,,,,,,,,
,,,,,,SLC16A1,,RABGE,,,,,,,,,,,,,,,,,,,,,,,,,,,,,,,,,,,,,RAB3B,,,,,,,,,,,,,,,,,,,,,,,,,,,,,,,,,,,,,,,,,,,,,,,,,,,,,,
,,,,,,SLC16A1,,,,,,,,,,,,,,,,,,,,,,,,,,,,,,,,,,,,,,,RAB3IP5,,,,,,,,,,,,,,,,,,,,,,,,,,,,,,,,,,,,,,,,,,,,,,,,,,,,,,
,,,,,,SLC16A1,,,,,,,,,,,,,,,,,,,,,,,,,,,,,,,,,,,,,,,RAB3GALT1,,,,,,,,,,,,,,,,,,,,,,,,,,,,,,,,,,,,,,,,,,,,,,,,,,,,,,
,,,,,,SLC16A1,,,,,,,,,,,,,,,,,,,,,,,,,,,,,,,,,,,,,,,RAB3GALT,,,,,,,,,,,,,,,,,,,,,,,,,,,,,,,,,,,,,,,,,,,,,,,,,,,,,,
,,,,,,,,,,,,,,,,,,,,,,,,,,,,,,,,,,,,,,,,,,,,,RAB43L,,,,,,,,,,,,,,,,,,,,,,,,,,,,,,,,,,,,,,,,,,,,,,,,,,,,,,
,,,,,,,,,,,,,,,,,,,,,,,,,,,,,,,,,,,,,,,,,,,,,RAB42L,,,,,,,,,,,,,,,,,,,,,,,,,,,,,,,,,,,,,,,,,,,,,,,,,,,,,,
,,,,,,,,,,,,,,,,,,,,,,,,,,,,,,,,,,,,,,,,,,,,,RAB3GAP1,,,,,,,,,,,,,,,,,,,,,,,,,,,,,,,,,,,,,,,,,,,,,,,,,,,,,,
,,,,,,,,,,,,,,,,,,,,,,,,,,,,,,,,,,,,,,,,,,,,,RAB3GAP1,,,,,,,,,,,,,,,,,,,,,,,,,,,,,,,,,,,,,,,,,,,,,,,,,,,,,,
,,,,,,,,,,,,,,,,,,,,,,,,,,,,,,,,,,,,,,,,,,,,,RAB3IP2,,,,,,,,,,,,,,,,,,,,,,,,,,,,,,,,,,,,,,,,,,,,,,,,,,,,,,
,,,,,,,,,,,,,,,,,,,,,,,,,,,,,,,,,,,,,,,,,,,,,RAB3IP4,,,,,,,,,,,,,,,,,,,,,,,,,,,,,,,,,,,,,,,,,,,,,,,,,,,,,,
,,,,,,,,,,,,,,,,,,,,,,,,,,,,,,,,,,,,,,,,,,,,,RAB3IP5,,,,,,,,,,,,,,,,,,,,,,,,,,,,,,,,,,,,,,,,,,,,,,,,,,,,,,
,,,,,,,,,,,,,,,,,,,,,,,,,,,,,,,,,,,,,,,,,,,,,RAB3IL1,,,,,,,,,,,,,,,,,,,,,,,,,,,,,,,,,,,,,,,,,,,,,,,,,,,,,,
,,,,,,,,,,,,,,,,,,,,,,,,,,,,,,,,,,,,,,,,,,,,,RAB3C,,,,,,,,,,,,,,,,,,,,,,,,,,,,,,,,,,,,,,,,,,,,,,,,,,,,,,
,,,,,,,,,,,,,,,,,,,,,,,,,,,,,,,,,,,,,,,,,,,,,RAB3D,,,,,,,,,,,,,,,,,,,,,,,,,,,,,,,,,,,,,,,,,,,,,,,,,,,,,,
,,,,,,,,,,,,,,,,,,,,,,,,,,,,,,,,,,,,,,,,,,,,,RAB3A,,,,,,,,,,,,,,,,,,,,,,,,,,,,,,,,,,,,,,,,,,,,,,,,,,,,,,
,,,,,,,,,,,,,,,,,,,,,,,,,,,,,,,,,,,,,,,,,,,,,RAB3B,,,,,,,,,,,,,,,,,,,,,,,,,,,,,,,,,,,,,,,,,,,,,,,,,,,,,,
,,,,,,,,,,,,,,,,,,,,,,,,,,,,,,,,,,,,,,,,,,,,,RAB3IP5,,,,,,,,,,,,,,,,,,,,,,,,,,,,,,,,,,,,,,,,,,,,,,,,,,,,,,
,,,,,,,,,,,,,,,,,,,,,,,,,,,,,,,,,,,,,,,,,,,,,RAB3GALT1,,,,,,,,,,,,,,,,,,,,,,,,,,,,,,,,,,,,,,,,,,,,,,,,,,,,,,
,,,,,,,,,,,,,,,,,,,,,,,,,,,,,,,,,,,,,,,,,,,,,RAB3GALT,,,,,,,,,,,,,,,,,,,,,,,,,,,,,,,,,,,,,,,,,,,,,,,,,,,,,,
,,,,,,,,,,,,,,,,,,,,,,,,,,,,,,,,,,,,,,,,,,,,,RAB43L,,,,,,,,,,,,,,,,,,,,,,,,,,,,,,,,,,,,,,,,,,,,,,,,,,,,,,
,,,,,,,,,,,,,,,,,,,,,,,,,,,,,,,,,,,,,,,,,,,,,RAB42L,,,,,,,,,,,,,,,,,,,,,,,,,,,,,,,,,,,,,,,,,,,,,,,,,,,,,,
,,,,,,,,,,,,,,,,,,,,,,,,,,,,,,,,,,,,,,,,,,,,,RAB3GAP1,,,,,,,,,,,,,,,,,,,,,,,,,,,,,,,,,,,,,,,,,,,,,,,,,,,,,,
,,,,,,,,,,,,,,,,,,,,,,,,,,,,,,,,,,,,,,,,,,,,,RAB3GAP1,,,,,,,,,,,,,,,,,,,,,,,,,,,,,,,,,,,,,,,,,,,,,,,,,,,,,,
,,,,,,,,,,,,,,,,,,,,,,,,,,,,,,,,,,,,,,,,,,,,,RAB3IP2,,,,,,,,,,,,,,,,,,,,,,,,,,,,,,,,,,,,,,,,,,,,,,,,,,,,,,
,,,,,,,,,,,,,,,,,,,,,,,,,,,,,,,,,,,,,,,,,,,,,RAB3IP4,,,,,,,,,,,,,,,,,,,,,,,,,,,,,,,,,,,,,,,,,,,,,,,,,,,,,,
,,,,,,,,,,,,,,,,,,,,,,,,,,,,,,,,,,,,,,,,,,,,,RAB3IP5,,,,,,,,,,,,,,,,,,,,,,,,,,,,,,,,,,,,,,,,,,,,,,,,,,,,,,
,,,,,,,,,,,,,,,,,,,,,,,,,,,,,,,,,,,,,,,,,,,,,RAB3IL1,,,,,,,,,,,,,,,,,,,,,,,,,,,,,,,,,,,,,,,,,,,,,,,,,,,,,,
,,,,,,,,,,,,,,,,,,,,,,,,,,,,,,,,,,,,,,,,,,,,,RAB3C,,,,,,,,,,,,,,,,,,,,,,,,,,,,,,,,,,,,,,,,,,,,,,,,,,,,,,
,,,,,,,,,,,,,,,,,,,,,,,,,,,,,,,,,,,,,,,,,,,,,RAB3,,,,,,,,,,,,,,,,,,,,,,,,,,,,,,,,,,,,,,,,,,,,,,,,,,,,,,