seed_1_all,seed_2_all,seed_3_all,seed_4_all,seed_5_all,seed_6_all,seed_7_all,seed_8_all,seed_9_all,seed_10_all,seed_11_all,seed_12_all,seed_13_all,seed_14_all,seed_15_all,seed_16_all,seed_17_all,seed_18_all,seed_19_all,seed_20_all,seed_21_all,seed_22_all,seed_23_all,seed_24_all,seed_25_all,seed_26_all,seed_27_all,seed_28_all,seed_29_all,seed_30_all,seed_31_all,seed_32_all,seed_33_all,seed_34_all,seed_35_all,seed_36_all,seed_37_all,seed_38_all,seed_39_all,seed_40_all,seed_41_all,seed_42_all,seed_43_all,seed_44_all,seed_45_all,seed_46_all,seed_47_all,seed_48_all,seed_49_all,seed_50_all,seed_51_all,seed_52_all,seed_53_all,seed_54_all,seed_55_all,seed_56_all,seed_57_all,seed_58_all,seed_59_all,seed_60_all,seed_61_all,seed_62_all,seed_63_all,seed_64_all,seed_65_all,seed_66_all,seed_67_all,seed_68_all,seed_69_all,seed_70_all,seed_71_all,seed_72_all,seed_73_all,seed_74_all,seed_75_all,seed_76_all,seed_77_all,seed_78_all,seed_79_all,seed_80_all,seed_81_all,seed_82_all,seed_83_all,seed_84_all,seed_85_all,seed_86_all,seed_87_all,seed_88_all,seed_89_all,seed_90_all,seed_91_all,seed_92_all,seed_93_all,seed_94_all,seed_95_all,seed_96_all,seed_97_all,seed_98_all,seed_99_all,seed_100_all
GBP5,GBP5,BATF2,IRF1,GBP5,GBP5,MAPT,IFNG,GBP5,CFH,IFNG,IFNG,GBP5,GBP5,IFI16,GBP5,IFNG,GBP5,BATF2,IFNG,MPO,IFNG,GBP5,GBP5,IL12RB2,GBP5,GBP5,BATF2,TLR4,CYP51A1,TNFSF12-TNFSF13,STAT1,GBP5,GBP5,GBP5,TBCD,GBP5,IFNG,GBP5,IFNG,GBP5,FCGR1A,GBP5,RAB20,GBP5,GBP5,GBP5,IL27,GBP5,GBP5,IL32,H1-12P,GBP1,GBP5,GBP5,GBP5,IL2,FCGR1A,ANKRD22,GBP5,GBP5,IFNGR1,GBP5,CFH,ARG1,IFNG,IFNG,RAB20,FCGR1A,GBP5,CXCL10,STAT1,FCGR1A,STAT1,GBP5,GBP1,IL27,GBP1,IFNG,GBP5,FCGR1A,GBP5,GBP5,STAT1,STAT1,BATF2,GBP5,GBP5,IL10,BATF2,IL1B,GBP5,PPIAP63,GBP5,FCGR1A,NCOR2,GBP5,ARHGAP27P1-BPTFP1-KPNA2P3,GBP5,TNF
BATF2,BATF2,GBP5,STAT1,BNIP3L,IFITM3,CDC42P2,TNF,BATF2,CASP10,TNF,TNF,FCGR1A,GBP1,IFI27,GBP1,TNF,BNIP3L,INSL3,TNF,ITGAL,TNF,BATF2,FCGR1A,ABCD4,GBP1,FCGR1A,GBP1,NOD2,CYP26B1,TNFRSF10A-AS1,TNFAIP3,TNF,STAT1,BATF2,TBILA,FCGR1B,TNF,DUSP3,IFNA6,FCGR1A,GBP5,BNIP3L,INSL3,DUSP3,LASP1,BATF2,IL2,DUSP3,FCGR1A,CD38,FBXW4P1,GBP2,BATF2,AIM2,BATF2,IFNG,GBP5,BLK,DUSP3,BNIP3L,IFNGR2,GBP1,NOS2,IFNG,TNF,TNF,INSL3,FCGR1B,BATF2,CD4,FCGR1B,GBP5,BATF2,FCGR1A,GBP2,IL15,GBP2,TNF,BATF2,FCGR1B,BNIP3L,BNIP3L,CASP1,GBP5,GBP5,GBP1,BATF2,IL12A,GBP5,IL6,BATF2,RNA5SP406,BATF2,GBP5,LINC01091,DUSP3,TBC1D3P1-DHX40P1,BNIP3L,GBP5
FCGR1A,SERPING1,C1QB,IL27,KLF6,BATF2,PTMAP5,IL1B,STAT1,CD38,IL1B,IL1B,BATF2,GBP2,IFI30,GBP2,IL1B,KLF6,RAB20,IL1B,NOS2,IL1B,FCGR1A,FCGR1B,CD48,GBP2,BATF2,GBP2,NFKB1,CASP10,TNFRSF14-AS1,GBP5,IFNG,IRF1,STAT1,CD6,STAT1,IL1B,KLF2,IFNA8,BATF2,GBP6,KLF6,FCGR1A,KLF2,KLF6,FCGR1A,TNF,KLF2,FCGR1B,CD74,LINC01287,GBP4,SCARF1,BATF2,FCGR1A,IL17A,BATF2,CCR6,KLF2,KLF6,IL17RC,GBP2,CD4,TGFB1,IL1B,IL1B,BLK,GBP5,FCGR1A,CCL2,IRF1,BATF2,IL17REL,BATF2,GBP5,IL2RA,GBP5,IL1B,SCARF1,BATF2,KLF6,KLF6,NLRP3,BATF2,FCGR1A,GBP2,FCGR1A,IL12B,FCGR1A,TNF,IDO1,RP11-876N24.1,UBE2L6,BATF2,CEMIP,BATF2,STAG3L5P-PVRIG2P-PILRB,KLF6,GBP1
FCGR1B,FCGR1A,GBP6,TLR4,DYSF,GBP1,CCDC25,IL6,AIM2,CDC27,IL6,IL6,CXCL10,GBP4,IFI35,GBP4,IL6,DYSF,FCGR1A,IL6,CD4,IL2,FCGR1B,BATF2,C2CD4D-AS1,GBP4,SERPING1,GBP5,TLR2,CD38,IL20RB-AS1,IFNG,IL1B,TAP1,IDO1,CD44,ANKRD22,IL6,SCARF1,IFNA21,SERPING1,C1QB,DYSF,FCGR1B,FCGR1A,BNIP3L,FCGR1B,IL17A,FCGR1A,STAT1,CD44,RP11-463J10.2,GBP5,FCGR1A,FCGR1A,FCGR1B,IL4,FCGR1B,ATP1A1,GBP1,DYSF,IFNA10,GBP4,LTF,PTGS2,IL6,IL6,CD1C,GBP1,FCGR1B,IL2,SERPING1,GBP1,CCL1,GBP1,IFNG,IL24,IFI16,IL6,SERPING1,RAB33A,DYSF,DYSF,IFIT3,SERPING1,CXCL10,GBP6,GBP6,IL17A,C1QB,IFNG,GBP1,RP11-452E5.1,SERPING1,SERPING1,ZZZ3,KLF2,SUGT1P4-STRA6LP-CCDC180,DYSF,OAS1
SERPING1,FCGR1B,DUSP3,IL15,LASP1,IRF1,PTCD2,STAT1,FCGR1A,CREBBP,IL10,CXCL10,CXCL9,GBP1P1,IFI44,GBP7,CXCL10,LASP1,SCARF1,IL10,MARCO,IL4,SERPING1,STAT1,TLR2,STAT1,VAMP5,FCGR1A,TNF,CDC27,TNFAIP8L2,IRF1,IL2,FCGR1A,FCGR1A,PTCD2,C1QB,IL10,FCGR1A,IFNAR1,UBE2L6,FCGR1B,LASP1,GBP1,FCGR1B,DYSF,SERPING1,IL23A,FCGR1B,GBP1,IFN1,RP11-537D2.1,GBP6,FCGR1B,STAT1,SERPING1,IL1B,GBP6,DARS2,GBP2,LASP1,IFNA13,GBP6,MARCO,IL18,CXCL10,CXCL10,GAS6,STAT1,GBP1,STAT1,FCGR1A,SERPING1,IL2,IFITM3,STAT1,TGFB1,IFI27,IL12A,FCGR1A,TMEM91,LASP1,LASP1,IFIT2,IRF1,IRF1,GBP1P1,STAT1,IL18,GBP6,CXCL10,GBP6,AP000688.29,VAMP5,IFI27,RN7SL57P,SERPING1,Telomerase-vert,LASP1,OAS2
GBP1,STAT1,GAS6,IL2RA,PCBP1,FCGR1A,MAPK6P2,TLR2,FCGR1B,CROT,IL12A,STAT1,BNIP3L,IFNG,IFI44L,IFI27,STAT1,PCBP1,NEMF,IL12A,IFNGR1,IL6,STAT1,GBP1,TLCD4-RWDD3,IRF1,SCARF1,FCGR1B,HLA-DRB1,CALCR,TNFAIP8L3,IL15,IL12B,FCGR1B,FCGR1B,CDHR2,TAP1,IL12A,ANKRD22,IFNA5,VAMP5,4-Sep,PCBP1,GBP2,BATF2,PCBP1,ANKRD22,CXCL10,GBP6,GBP6,TNF,AP000436.4,GBP7,TAP1,GBP1,STAT1,IL6,C1QB,EXOC2,GBP4,PCBP1,IFNA14,GBP7,SERPINB1,IL23R,IL12B,STAT1,C1QC,SCARF1,CARD16,IL1B,GBP5,FCGR1B,IL17B,STAT1,IRF1,STAT1,IFI44,IL12B,FCGR1B,VAMP5,PCBP1,PCBP1,IFITM3,IL1B,UBE2L6,IFITM3,FCGR1B,IL22,DUSP3,CCL2,IL1B,LINC02413,PTPRC,STAT1,RP11-860B13.3,GBP1,TNFSF12-TNFSF13,PCBP1,OAS3
GBP2,GBP1,IDO1,IL24,IRF1,STAT1,CD81-AS1,TLR4,TLR5,CRLF1,IL12B,IRF1,KLF6,STAT1,IFI6,IFI27L1,IRF1,NEMF,DHX29,IL12B,TNFRSF1B,IL10,GBP1,SERPING1,CD86,BATF2,GBP1,STAT1,STAT1,CREBBP,TNFAIP8L1,IL27,CXCL10,IFI35,CXCL10,CARMIL1,SERPING1,IL12B,BATF2,IFNA16,GBP1,ANKRD22,FCGR1A,GBP4,GBP1,GBP1,HP,IL10,C1QB,BATF2,CCL5,ANKRD30BP2,STAT1,GPI,IFIT3,TAP1,IL10,ANKRD22,GBP5,GBP6,FCGR1A,IFNA16,FCGR1A,FAS,MMP9,TLR2,TLR2,TRAV27,APOL1,RAB20,TLR4,BATF2,ANKRD22,IL36A,OAS1,IRF7,NFATC1,IFI44L,IL10,GBP1,LPCAT2,STAT1,NEMF,OAS1,TNF,GBP1,IFIT3,C1QB,IL23A,UBE2L6,CCL5,STAT1,MED1,DHX29,GBP1,IP6K2,GAS6,DTX2P1-UPK3BP1-PMS2P11,MARCO,JAK1
STAT1,GBP2,IL1B,TGFB1,HLA-DRB5,GBP2,TNFRSF6B,IL10,CXCL10,TNFRSF12A,IL17A,TLR2,DYSF,IRF1,IFIH1,IFIT2,TLR2,DHX29,PTPRC,IL17A,MSR1,IL12A,GBP2,LY6E,C2CD4D,FCGR1A,IFITM3,SCARF1,CD4,MPO,IL10RB-DT,TLR4,IL10,IFI44,CXCL9,CDC14B,RAB20,IL17A,STAT1,IFNK,GBP2,BNIP3L,FCGR1B,BATF2,ANKRD22,GBP2,LY6E,IL12B,ANKRD22,NLRP3,CCL4,SNORA74D,STAT2,CEBPD,SERPING1,GBP1,TLR4,UBE2L6,FCGR1A,GBP7,FCGR1B,IFNA17,FCGR1B,TIMP2,TNF,TLR4,TLR4,ANKRD22,TAP1,INSL3,TLR2,GBP2,STAT1,CXCL14,SCARF1,OAS1,TLR4,IFIT1,IL17A,GBP2,DUSP3,IRF1,DHX29,OAS3,CXCL10,VAMP5,IFIT2,DUSP3,TLR2,SERPING1,TLR2,IRF1,EIF5A,NEMF,FCGR1B,RP11-657G5.2,CD1C,Hammerhead_HH10,SOCS3,JAK2
TAP1,GBP4,HLA-DRB5,CD28,NEMF,TAP1,COILP1,IL8,CXCL9,CCL26,IL18,TLR4,LASP1,IRF7,IFIT1,IFIT3,TLR4,PTPRC,GBP5,IL18,TNFRSF1A,IL12B,GBP4,ANKRD22,IL6ST,FCGR1B,P2RY14,MARCO,CD14,CROT,ILRUN-AS1,CXCL13,CCL2,IFI44L,GBP1,IL5RA,FCGR1A,IL18,TAP1,IFNAR2,GBP4,KLF6,ANKRD22,ANKRD22,AIM2,GBP4,IFI27,IL18,BATF2,AIM2,CCL3,RNA5SP266,STAT3,SERPING1,IDO1,TRAFD1,TLR2,SERPING1,FCGR1B,ANKRD22,BATF2,IFNA21,BATF2,MSR1,IL1B,NLRP3,NLRP3,OSBPL10,IFNG,ADM,CD8A,SCARF1,TAP1,IL9RP3,AIM2,OAS2,IRF1,IFIT2,IL22,GBP4,GBP4,GBP1,PTPRC,OAS2,FCGR1A,C1QB,IRF1,KLF2,TLR4,VAMP5,TLR4,CXCL10,RP11-481C4.2,HLA-DRB5,ANKRD22,ULBP3,BLK,XXbac-BPGBPG24O18.1,FCGR1A,STAT1
CXCL10,CXCL9,IRF1,CD80,DHX29,CARD17,CCDC198,CXCL10,CXCL11,CDKL3,IL23A,NLRP3,PCBP1,IFIT3,IFIT2,IFITM3,CD4,IFNG,STAT1,IL22,VPS35,TLR2,TAP1,IFI44L,CD8A,FCGR3A,ID3,SOCS3,IL10,ITGAL,TNFRSF12A,CCL5,IL6,IFIT3,GBP2,PPIL2,GBP1,IL22,CXCL10,IFNB1,GBP6,DYSF,SLC26A8,STAT1,GBP6,IRF1,CARD17,TLR2,STAT1,ANKRD22,IL1B,KCNA3,STAT4,APOL1,IFIT2,ANKRD22,TNF,VAMP5,STAT1,APOL1,ANKRD22,IFNAR1,STAT1,EIF2AK2,CXCL10,IL17A,IL12B,GBP5,GBP2,ANKRD22,TLR6,GBP1,C1QB,IL6STP1,IFIT3,OAS3,CD80,IFIT3,IL23A,GBP6,ANKRD22,GBP2,BATF2,IRF1,TAP1,ANKRD22,STAT1,SERPING1,TLR9,GAS6,NOD2,CXCL9,MIR4307,IRF1,CARD17,CH17-262O2.4,PRDM1,XXbac-BPGBPG55C20.6,MPO,STAT3
IDO1,CXCL10,FCGR1A,NFATC1,PTPRC,EPSTI1,MAP2K1P1,STAT3,IDO1,CD79B,TLR1,IL12B,GBP1,BATF2,IFIT3,IRF1,CD8A,TNF,IRF1,IL23A,RAB7A,TLR4,IDO1,IFIT3,CD46P1,FCGR3B,IL15RA,MPO,CCL2,ITGA3,TNFRSF10A,TNFAIP6,AIM2,IFITM3,GBP4,CD55,MAFB,IL23A,IFIT3,IFNW1,STAT1,LASP1,DUSP3,STAT2,CASP4,IRF3,GBP1,IL32,TAP1,GBP2,STAT5A,C4A,STAT5A,GBP2,IFITM3,EPSTI1,CD4,SCARF1,BATF2,BATF2,GBP1,IFNAR2,STAT2,PRDM1,TLR2,CCL2,CCL2,DUSP3,GBP4,SCARF1,IFNG,CCR2,TRAFD1,IL17A,EPSTI1,IFIT1,CD28,IFITM1,TLR2,STAT1,CARD16,GBP4,SCARF1,IFI44L,GBP2,RAB20,EPSTI1,ANKRD22,NOD2,IRF1,NLRP3,IFNG,TPD52,SOS1,GBP2,ATP5MGP6,GBP2,XXbac-BPGBPG55C20.4,C1QB,IL1B
CXCL9,CXCL11,ATP1A4,PTGDR2,CARD17,SERPING1,IMMP1LP3,NOS2,SERPING1,CRAMP1,TLR2,IL18,GBP2,FCGR1A,IFIT5,IRF7,IL17A,IL1B,IRF7,CXCL8,IL12RB2,NOD2,CXCL10,IFIT1,IL6-AS1,IFI44,UBE2L6,C1QB,IL6,ITGA2B,TNFRSF10B,TNFAIP2,CXCL8,JAK2,AIM2,CXCL10,TRAFD1,CD3D,ADM,IFNL1,FCGR1B,PCBP1,KLF2,NLRP3,C1QB,IRF7,GBP2,CCL5,SERPING1,CXCL10,IL10,MIR4509-1,STAT5B,GBP4,IFIH1,AIM2,CD8A,GBP1,SERPING1,ETV7,AIM2,IFNLR1,IRF1,CASP8,LCK,CCL5,CD4,KLF2,GBP6,TRAFD1,TNF,C1QB,ETV7,IL15RA,SERPING1,IFIT2,PTGDR2,IFITM2,TLR4,TAP1,DHRS9,GBP7,SERPING1,EIF2AK2,UBE2L6,NOD2,BATF2,GBP1,NLRP3,GBP1,CD4,TNF,RP11-597A11.4,SHC1,GBP4,GPCPD1,FCGR1A,XXbac-BPGBPG55C20.3,ELANE,TLR1
IFIT3,IDO1,RIC8A,HLA-DRB5,HOOK1,VAMP5,MAP4K3-DT,FOXP3,GZMA,CDK11A,TLR4,CCL2,GBP4,FCGR1B,IFITM1,STAT1,IL22,IL6,OAS1,CXCL9,OAS1,STAT1,CXCL9,CXCL10,TNFAIP8L1,IFI44L,GBP4,ELANE,SOCS3,CRLF1,TNFRSF13C,TNFSF10,TLR4,OAS1,NLRC4,IL6,INSL3,CD3E,IRF1,IFNL2,BNIP3L,NEMF,BATF2,CD274,ZNF296,ISG15,GBP4,CD8A,IFI16,IFNG,CD22,AKT3,STAT6,CARD17,IRF7,IFIH1,CD19,DUSP3,AIM2,FCGR1A,GBP6,IFNNP1,IRF7,TNFRSF1A,LTA,IL10,CD8A,FCGR1A,GBP7,SERPING1,DHX29,IFITM1,APOL1,IL1RN,UBE2L6,IFIT3,NEMF,IFITM3,TLR9,TRAFD1,SERPING1,BATF2,ANKRD22,AIM2,KLF2,LCN2,TAP1,AIM2,CASP1,KLF2,CD8A,IL6,LNCPRESS1,RETN,GBP6,JMJD6,TRMT2A,XXbac-BPGBPG55C20.2,FCGR3A,TLR2
IFI44L,ANKRD22,BATF,LCN10,SHC1,UBE2L6,CDRT15,IL17A,CARD16,CRY1,TLR9,CCL5,GBP7,SERPING1,IFITM2,ISG15,CCL2,IL12B,OAS2,CXCL10,ICAM1,IRF1,ANKRD22,RSAD2,C2CD4C,IFIT1,DUSP3,FCGR3A,CD8A,TNFRSF12A,TNFRSF10D,IRF3,CCR7,OAS2,CASP1,STAT1,DUSP3,CD3G,SERPING1,IFNE,KLF6,ASUN,ETV7,TLR2,NEMF,CCL2,STAT1,IL1B,OAS1,IL1B,CD14,KLRC3,IRF1,NOD2,CXCL10,IFIT3,HLA-DRB1,KLF2,GZMB,FCGR1B,CASP4,IFNWP2,IRF9,FCGR2B,CD40,TGFB1,IL10,FCGR1B,IRF1,AIM2,PTPRC,KLF2,GBP2,CXCL13,GBP2,ISG15,DHX29,IRF1,MYD88,ANKRD22,WARS,IFIT1,FCGR1A,GBP1,IFNG,HLA-DRB5,TAPBP,GZMA,ISG15,IL27,CD14,CCL2,NTM-AS1,LCN10,GBP7,AC092580.1,SDR39U1,XXbac-BPGBPG55C20.1,S100A8,TLR4
RSAD2,TAP1,TYK2,SHC1,RETN,IFIT3,CDRT15P7,IL12B,ANKRD22,IL32,NOD2,CXCL9,IFITM3,UBE2L6,IFITM3,MARCO,CCL5,CXCL10,OAS3,CXCL11,LYZ,CD4,AIM2,GBP2,CD47,IFIT2,KLF2,S100A8,JAK2,CCL26,TNFRSF10C,CXCL10,TLR2,OAS3,IL1B,TLR8,KLF2,CD4,HLA-DRB5,IFNLR1,DYSF,DHX29,CD1C,TLR4,PTPRC,IL23A,IFIT3,CXCL9,OAS2,FCGR3A,CD19,RP11-81A1.3,IRF2,ANKRD22,FCGR1B,IFIT2,CD3E,GZMA,IFNG,SCARF1,IFITM3,IFNWP4,SERPING1,NFKB2,NOD2,NOD2,TGFB1,BATF2,TLR4,STAT1,SOS1,TLR1,SCARF1,IL9RP2,TAP1,MX1,PTPRC,IRF7,NOD2,APOL1,4-Sep,IFIT2,FCGR1B,GBP5,IL6,STAT1,CARD17,SCARF1,MX1,STAT1,CD19,TLR2,AP006621.6,ZNF296,C1QB,USP17L23,TUBGCP6,CPEB3_ribozyme,S100A9,TLR6
IFIT1,AIM2,MICAL1,RETN,LCN10,SAMD9L,RNA5SP380,CD4,MAPK14,CD9,CXCL9,CD4,IFIT2,SCARF1,IFNAR1,SOCS3,NLRP3,CCL2,MX1,CCL2,IL12RB1,CD8A,IFIT3,IRF1,TLCD4,IFIT3,GZMA,S100A9,IL1B,TBXA2R,TNFRSF13B,IRF7,TAP1,SOCS1,IL18,IFI27,GPI,CD8A,NEMF,IFNA10,LASP1,PTPRC,RAB20,CXCL10,DHX29,IL17A,IFITM3,IL12A,OAS3,CASP1,IL4R,LRRC3C,IRF3,C1QB,ANKRD22,IFIT1,HLA-DRA,STAT1,TBX21,SERPING1,DUSP3,IFNWP5,C1QB,BAX,IL12B,CD14,IL17A,SCARF1,TLR2,STAT2,KLF2,IFIT3,GBP4,CXCL12,IL1B,MX2,HLA-DRB5,IRF8,NLRP3,ETV7,HP,IFIT3,HP,GBP2,STAT2,MAPK14,HLA-DRB5,4-Sep,AIM2,TLR4,CD68,TLR4,RRAS2P2,KLF2,IRF1,AC010226.4,FCGR1B,TNFRSF10A-AS1,ERG,KLF6
IRF1,APOL1,KLF2,SOS1,SOS1,HLA-DRB5,PCDH8,CD8A,CASP1,CD4,CXCL10,CD8A,IFIT3,VAMP5,IFNAR2,FCGR1A,IL18,TLR2,MX2,CCL3,APOL1,CXCL9,IFITM3,AIM2,TNFAIP8,IFITM1,HLA-DRB5,IFI27L1,CXCL10,CDKL3,IL21R-AS1,CD274,CD4,BATF2,IRF1,CD163,ZNF296,CD8B,DHX29,IFNA2,PCBP1,GBP2,INSL3,CXCL9,ARG1,IL1B,NLRP3,CD4,IFITM1,IFI44L,IL1A,ENSG10010136497.1,IRF4,GZMB,CARD17,OAS3,PDCD1,IRF1,NLRC4,STAT1,KLF2,IFNWP9,C1QA,MMP2,FASLG,CD4,IL22,SERPING1,TLR1,IRF1,SP110,IFIT2,IDO1,IL9RP1,GZMA,IFI44,LCN10,ISG15,NFKB1,C1QB,CD274,IFI27,STAT1,GBP4,CXCL9,CD3E,HLA-B,WARS1,IFIH1,CD274,STAT1,CD14,PHYHIP,IFI44L,HLA-DRB5,RP11-228B15.4,SCARF1,CoTC_ribozyme,IFI27L1,RAB20
IFITM3,IFIT3,PTPRC,NEMF,CXCL10,S100A11,ATG5,GATA3,NLRC4,CD22,CXCL11,GZMA,IFI27L1,ANKRD22,IFNG,MPO,IL12B,TLR4,ANKRD22,CCL4,GZMB,CXCL10,IFIT2,WARS,CD84,IFITM2,IRF1,IFIT2,STAT3,CCDC124,ILVBL-AS1,IL1B,TAP2,IRF7,IRF7,IL18,TUBGCP6,CCR5,PTPRC,IFNL3,IFI27,SERPING1,GBP1,TNF,C1QC,IL22,IFIT1,CXCL11,IFITM2,RSAD2,IRF1,RP11-736N17.9,IRF5,LAP3,ISG15,OAS2,TNFRSF12A,IFI44,GNLY,TAP1,SCARF1,TNFRSF10A-AS1,C1QC,OAS1,FAS,CD8A,CCR5,ETV7,NLRP3,IRF7,NEMF,CD274,UBE2L6,IL20RB-AS1,OAS3,IFI44L,SHC1,STAT1,NFKB2,UBE2L6,APOL1,IFITM3,TAP1,IL15RA,CXCL11,IFNG,NEMF,IFITM3,OAS1,SCARF1,STAT3,IFIT3,CTC-448F2.4,FCGR1A,VAMP5,DGUOK-AS1,ID3,XXyac-YX82D3__B.1,IFIT2,CD14
AIM2,ETV7,NEMF,DHX29,JAK1,TAPBP,CDRT15P5,TBET,GBP1,CD6,CCL2,GZMB,IRF1,AIM2,IFNGR1,C1QB,IL10,CD4,DUSP3,CCL5,EEA1,NLRP3,OAS1,APOL6,CD44,IFITM3,LCN10,IFIT3,IFNG,NOS2,IL6R-AS1,CD27,CD8A,CXCL10,ISG15,MYD88,TNFRSF1B,CXCR4,GBP1,IFNA1,IFIT2,TUBGCP6,GBP2,TNFRSF1A,SERPING1,IL6,IFITM1,CCL2,IFITM3,SOCS3,IRF3,NRG4,IRF7,NLRC4,APOL1,OAS1,IL32,IFI44L,PRF1,TRAFD1,UBE2L6,IL10RA,VAMP5,JAK2,MARCO,IDO1,IRF1,ZNF296,NOD2,CXCL10,ZNF296,UBE2L6,VAMP5,CCL28,FCGR1B,IFI6,RETN,STAT2,RELA,VAMP5,FCGR1C,S100A8,GBP1,HLA-DRB5,FCGR2A,GBP6,DHX29,GBP4,OAS2,CCL19,JAK1,IFITM3,RNU6-445P,STAT1,DUSP3,OR8H1,P2RY14,XXbac-BPGBPG34I8.5,IFIT3,DYSF
GZMB,CADM1,ZNF296,PTPRC,STAT1,TRIM25,C1QTNF7-AS1,MX1,GBP2,IL20RA,CCL5,PRF1,STAT1,APOL1,IFNGR2,C1QA,TGFB1,CD8A,GBP1,CCL7,RAB11A,SLC11A1,OAS2,GBP4,CD83P1,SERPING1,SHC1,IFITM3,CASP3,CD79B,IFNG-AS1,IL18,CD69,CXCL9,MX1,NLRP3,SCARF1,CD14,CXCL9,IFNA7,IFIT3,TRMT2A,GBP4,LCK,IFIT3,IL10,CXCL10,IFNG,IFIT1,PYCARD,IRF5,ASGR1,IRF8,TRAFD1,CXCL9,MX1,IL20RA,IFIT3,CXCL10,NEMF,SERPING1,IL10RB,VAMP8,HMOX1,TLR4,IRF1,JAK2,TRAFD1,TNF,IFI44,ATP10A,NOD2,IFITM3,IL31RA,RSAD2,IFI16,SOS1,OAS1,RELB,CD274,IFI44,S100A9,CARD17,JAK2,ITGAM,CCL5,PTPRC,IL15RA,OAS3,CCL5,JAK2,OAS1,HMGB1P17,TAP1,GAS6,LINC01529,IFITM3,XXbac-BPGBPG34I8.4,IFITM3,FCGR1B
GNLY,TIMP2,DHX29,SP110,TNF,HLA-B,CCL17,OAS1,GBP4,MARCO,NLRP3,LCK,MARCO,CD274,IRF1,C1QC,IL4,CD14,GBP2,TLR2,TGFB1,VDR,OAS3,OAS3,IFNGR2,TAP1,RETN,IRF1,CAMP,CRAMP1,TNFRSF11A,CD8B,IL18,C1QB,OAS1,IRAK3,FBXO6,CD68,FCGR1B,IFNWP18,IFITM3,SDR39U1,GBP6,ZAP70,HP,CXCL9,IL1B,IL22,IFIT2,OAS1,IRF8,AP001476.2,IRF9,GAS6,WARS,IRF7,IFNGR1,IFITM3,CXCL9,ASUN,VAMP5,IL11RA,UBE2L6,CTSG,VDR,STAT1,MX1,TAP1,CCL2,IFI44L,CD40,VAMP5,IFIT2,CXCL11,IRF1,IFIH1,GBP5,OAS2,CD4,IRF7,IFI44L,MPO,CARD16,IRF3,TLR1,CXCL9,DUSP3,UBE2L6,IFI44,HLA-DMB,IRF1,OAS2,PABPC1P2,FCGR1B,KLF2,RN7SL488P,CXCL10,XXbac-BPGBPG34I8.3,IRF1,IFI44
PRF1,PTPRC,SOS1,CXCL10,IFNG,CD52,BCLAF1P1,ISG15,CD274,CD74,CD3D,ZAP70,SOCS3,IFITM3,IRF2,ELANE,IL13,LCK,GBP4,TLR4,NOD1,CAMP,MX1,IFITM3,IL6,SCARF1,SOS1,IFITM1,CASP1,SELE,TNFRSF11B,ANKRD22,IL11,C1QC,OAS2,IFNG,IFNG,MARCO,TMCC1,IFNA22P,IRF1,BATF2,IFI27L1,TAP1,TLR5,CXCL10,IL6,IL6,IFIT3,OAS2,CD4,AHCYL2,TLR1,CD1C,RSAD2,IRF1,TNFRSF1B,OAS1,IFIT3,DHX29,CD177,IL15RA,IFIT1,GZMB,CD14,JAK2,OAS1,STAT1,IL2,IFIT1,CCL22,IFIT1,EPSTI1,CCL19,VAMP5,IFIT5,NLRP3,MX1,CD8A,IFI6,IFIT1,ELANE,CASP1,JAK1,TLR2,TLR2,KLF2,GBP2,IFI44L,GBP2,IRF3,OAS3,TLR9,SOCS3,PTPRC,MIR1261,STAT1,XXbac-BPGBPG34I8.2,AZU1,IFI44L
CD8A,NEMF,SHC1,ATP10A,IL6,METTL7B,MAPK14,JAK2,CCL23,CD44,CD3E,CD28,MPO,EPSTI1,IRF3,FCGR3A,CD14,STAT1,FCGR1B,TLR9,DDX58,LTA,IRF1,EPSTI1,PPIL6,TRAFD1,STAT1,NEMF,MAP1LC3B,CDK11A,IL1R1-AS1,BATF2,IL17A,SERPING1,OAS3,MAPK14,TNF,MRC1,TLR5,IFNWP4,IRF7,C1QC,IFIT2,TAP2,STAT1,CCL5,IL8,TLR4,IFI44,OAS3,CD8A,RP11-423B13.1,TLR2,BLK,PLAC8,CXCL10,TNFRSF17,OAS2,IFIT2,PTPRC,IFIT2,IL17RA,IFIT2,MMP9,NOS2,SOCS3,GBP5,STAT2,IL23A,IFIT2,CCL7,PDCD1LG2,IFNG,CXCL1P1,TAPBP,IFITM1,BATF2,IFNG,CD3D,GZMA,IFIT2,DEFA4,IL1B,STAT2,TLR4,CD14,CD52,P2RY14,IFIT1,GBP4,IRF7,MX1,MIA3,SCARF1,NEMF,GORAB,IRF1,XXbac-BPGBPG34I8.1,CTSG,IFIT2
CD4,DHX29,RETN,TLR6,IL10,EIF2AK2,TRAF7,NFKB1,CCL1,IFNGR1,CD3G,CTLA4,C1QB,TAP1,IRF5,S100A8,NOD2,JAK2,TAP1,NOD2,CCL2,HLA-DRB1,NLRC4,TAP1,IRF1,ANKRD22,STAT2,DHX29,NLRP3,MGST1,IL12A-AS1,STAT2,IL32,C2,LY6E,CD27,IL1B,MSR1,APOL1,IFNA20P,OAS1,GBP1,IFIT3,GZMA,CCR6,CD4,IL10,CD14,IFI44L,TLR4,CD8B,AC098820.4,TLR4,DUSP3,HP,CXCL9,TNFRSF9,OAS3,IFIT1,GAS6,IFIT3,IL17RB,IFIT3,SAMHD1,GZMA,NFKB1,LCN2,STAT4,IL17A,IFIT3,IL4,APOL1,GZMA,IL23A,TRIM25,IFITM2,CCL5,IFNGR1,CD3E,IFITM3,IFIT3,MARCO,IL18,IRF7,NOD2,DUSP3,S100A11,ID3,IFIT2,IL15,HLA-A,ISG15,ATF7-NPFF,GBP1,ZNF296,RFTN2,IRF3,FAM47E-STBD1,DEFA4,IFIT3
IL1B,GZMA,LCN10,IDO1,IL18,HOOK1,CDC27P1,IRF3,IFNG,TNFRSF1B,CD4,IDO1,ELANE,WARS,IRF7,S100A9,IRGM,IRF1,TAP2,NLRP3,OAS3,NOS2,CASP1,MX1,IRF1-AS1,ETV7,IRF7,PTPRC,MBL2,CRY1,TNFRSF1B,AIM2,IL13,CD55,IFIT1,FOXP3,CXCL10,FCGR1A,CARD16,IFNWP9,OAS2,STAT1,IFITM3,GZMB,BLK,CD274,IL12A,CASP1,IFI27,GBP4,IFNG,RNA5SP432,TLR8,KLF2,EPSTI1,CCL2,IL17RB,MX1,OAS1,4-Sep,IRF1,IL17RD,IFITM1,BPI,ALOX5,MAPK1,CAMP,LCK,IL12B,IFI6,CD86,DUSP3,CXCL10,IL37,IFI44L,IFITM3,IL12B,IFNGR2,CD3G,P2RY14,IFIT5,FCGR1A,TNF,SCARF1,TAP2,GAS6,SAMD9L,VAMP5,IFIT3,IFITM3,HLA-B,CXCL11,GET3,GBP2,CD14,HERC2P2,IRF7,XXyac-YRM2136_A.2,STAT1,IRF7
TNF,IL22,CD19,IL1B,IL1B,NCF1C,PILRA,IL4,STAT2,BCLAF1,CD8A,ARG1,FCGR3A,CARD17,IRF8,ERG,ATG5,IRF8,LYN,CASP1,OAS2,IDO1,IL1B,C1QB,IL12B,AIM2,IRF9,CCR2,DEFB4A,MMP25,TNFRSF17,IL2,IL21,CR1,IFIT2,BATF,CCL2,FCGR1B,STAT2,IFNA14,OAS3,IFITM3,IRF1,PRF1,DARS2,TLR4,IL12B,NOD2,IFI35,IRF1,JAK1,LINC02131,TLR9,CD79A,IFI44L,CCL8,TNFRSF1A,MX2,OAS2,CD1C,STAT1,IL17RE,IFITM2,TYK2,NLRP3,HLA-DRA,DEFB4A,GZMB,IL1B,IFITM1,CCL20,STAT2,NLRC4,CXCL9,IFI44,IFNAR1,IL18,IFNAR1,CD28,ID3,IFITM1,IL15,IFNG,RETN,CASP1,INSL3,NCF1C,NPC2,IFITM1,P2RY14,HLA-C,CXCL13,PRR7,GBP4,SELL,ZNF613,OAS1,TBCEL-TECTA,GBP1,IFIH1
IFNG,CD274,NCAM1,TNF,IL2,PF4V1,BCL9,IL13,IRF1,MSR1,CD8B,NOS2,S100A8,ETV7,IRF9,AZU1,LAMP1,NOD2,TAGAP,LYZ,IFNG,GBP5,IL18,ETV7,CD40,APOL1,OAS1,MAPK14,SOD2,IL32,TNFRSF1A,IL17A,IL15,ITGAX,IFIT3,CD19,NLRP3,FCGR2A,TNFRSF21,IFNNP1,ISG15,ZNF296,MARCO,GNLY,EXOC2,TLR2,IL18,NLRP3,IFIT5,CXCL9,JAK2,CD300C,IFIT1,DUS2,TRIM22,IL1B,IL4R,CXCL10,OAS3,BLK,GBP2,IL18BP,IFITM3,NOD1,CD4,HLA-DRB1,IDO1,GNLY,IL6,IFITM3,CD274,GAS6,TNF,IL19,ISG15,IFNAR2,IL10,IFNAR2,CTLA4,IL15RA,IFITM2,IL27,CXCL10,DUSP3,GBP1,TNF,PF4V1,LTF,IFITM2,ID3,HLA-DRA,CCL8,RP11-471M10.3,CXCL10,TNXB,RP11-259P6.3,MX1,CHURC1-FNTB,GBP2,IFI16
IL10,ISG15,CD3E,IFNG,TLR2,CALCOCO2,IFNA2,CCR5,IRF7,CDH1,CD14,SOD2,S100A9,TRAFD1,OAS1,CTSG,CTSD,NLRP3,TRAFD1,CAMP,IL17A,CIITA,TNF,C1QC,CD80,OAS1,OAS2,GBP4,CAT,TRAF3IP3,TNFSF13B,IL17F,IL7,ITGB2,IFITM1,JAK2,CD14,FCGR2B,C1QB,IFNA11P,ISG20,ARG1,SOCS3,IRF1,ATP1A1,CD8A,TNF,STAT1,IFIH1,NLRC4,JAK3,MIR3171,IFIT2,PRDM1,OAS3,TNF,IL12RB2,ISG15,MX1,C1QB,GBP4,IL18R1,OAS1,TRIM14,IDO1,CIITA,ARG1,IRF1,IL10,CD177,CD80,ANKRD22,IL1B,CXCL10,HLA-B,IFNGR1,IL13,JAK1,PDCD1,DUSP3,IFITM3,TLR4,CXCL9,IFNG,IFIT3,SHC1,CALCOCO2,ASUN,IFITM3,IL15RA,HLA-DRB1,CCL23,S100A4,CXCL9,LUM,RPP25L,ISG15,XXbac-BPG299F13.17,GBP4,IFITM1
IL6,MX1,CD4,IL6,TLR4,SOS1,IL18RAP,CCL2,NOD2,CDH10,CD68,CAT,ERG,4-Sep,OAS2,DEFA4,CASP1,FCGR1A,IFIT3,DEFB1,IL12B,IL17A,IFNG,CXCL11,PLCD4,OAS2,OAS3,GBP6,BCL2,UQCRC1,TNFRSF19,IL4,IL22,CD14,IFITM2,STAT3,TLR2,FCGR3A,AIM2,IFNWP5,MX1,GAS6,MPO,IRF2,HLA-DRB5,NLRP3,IFNG,SOD2,CXCL10,IFIT3,RUNX1,RP11-359M6.1,IFIT3,FBXO6,IFIT1,IFNG,IL5RA,IFIT2,MX2,ZNF296,MPO,IL1F10,OAS2,C5,CIITA,CD40,NOS2,IRF7,CXCL9,DEFA1,IRF1,IRF7,OASL,IL20RB,IFIT1,IFNGR2,TNF,JAK2,RORC,KLF2,ISG15,CXCL10,IDO1,SOS1,ANKRD22,KLF2,TAF10,NEMF,CD4,GZMA,HLA-DQA1,CCL5,RP11-115C6.1,IFIT3,PEPD,RNU6-1324P,IFNG,TNFRSF14-AS1,GBP6,IFITM3
TLR2,OAS1,CD8A,IL10,TLR9,NEMF,HLA-L,CCL5,LYN,TNFRSF17,MARCO,GPX1,AZU1,IL1B,OAS3,SFTPC,BCL2,FCGR1B,IFIT1,CD14,ZAP70,IL18,CD274,C1QA,TGFBRAP1,OAS3,MX1,SERPING1,MARCO,CD9,TNFRSF21,GBP1,IL4,TLR2,IFITM3,TNF,TLR4,TLR1,GBP2,IFNWP15,MX2,DUSP3,C1QB,IRF7,IRF1,NOD2,IFNGR1,TGFB1,CXCL9,TGFB1,RUNX3,RP11-261K4.1,IFIT5,ZNF296,LAP3,IL6,IL11,IFIT1,IDO1,ARG1,C1QB,IL20RA,OAS3,DDX58,IL10,CD80,MPO,IRF9,IL18,DEFA3,IRF3,IRF9,TNFSF10,CCL27,XAF1,IL1B,CCL11,TYK2,TBX21,C1QC,ISG20,CXCL9,CD274,ID3,CARD17,IL10,TRIM25,PTPRC,CD8A,HLA-DRB5,HLA-DQB1,FCGR1A,SEPSECS-AS1,RSAD2,QSOX1,CNOT9,TNF,XXbac-BPG299F13.16,SFTPC,IL6
TLR4,OAS2,CCR7,CCL2,NOD2,DHX29,PCDHB16,CD14,IFIT2,TNFRSF9,MRC1,HMOX1,CTSG,IL6,OASL,SFTPB,FCGR1A,BATF2,IFITM3,CD4,IFIH1,IL23A,PDCD1LG2,IFI6,CDH1,OASL,MX2,TAP1,IRGM,CD4,TNFRSF14,IL22,IL23A,TLR4,CCL2,BCL2,IL6,TLR2,ID1,TNF,RSAD2,KLF2,ELANE,IRF9,LCN10,CD177,IFNGR2,IDO1,CD274,IL27,TLR2,CTD-2309H9.3,OAS1,STAT1,GBP2,CD274,IL12RB1,RSAD2,LAP3,CD64,S100A8,IL20RB,OASL,CCL7,IRGM,CD86,ELANE,OAS1,IL12A,ELANE,IL22,CEACAM1,IL15RA,IL12A-AS1,C1QB,IL6,CCL7,BATF2,STAT1,DPM1,MX1,STAT2,PDCD1,KLF2,LAP3,TGFB1,IDO1,DHX29,CD3D,NEMF,LCK,FCGR1B,PRRX1,OAS1,COMP,LA16c-4G1.3,IL1B,XXbac-BPG248L24.14,SFTPB,CCL3
NOD2,OAS3,IL7R,CCL5,NLRP3,PTPRC,HLA-DPA2,NOD2,IFIT3,RELT,LTA,MT1A,DEFA4,TNF,MX1,AGER,FCGR1B,ANKRD22,SERPING1,CD8A,STAT1,CD3D,CIITA,IFIT2,LILRB1-AS1,ISG15,IFI6,TRAFD1,TIMP2,RABGAP1,TNFRSF18,IL10,IL27,MYD88,CCL7,HLA-DRB1,STAT2,TLR4,IFNG,IFNA13,OASL,CD64,FCGR3A,IFITM1,SHC1,MPO,CD3D,FCGR1A,AIM2,IFI27,TLR4,RP11-18J9.3,OAS2,STAT2,AIF1,IDO1,IL2RB,IL15RA,SOCS1,STAT2,S100A9,IL1RAP,CXCL10,CCL2,CD8A,ICOS,CTSG,OAS2,CXCL10,LCN2,CD68,IRAK3,TNFRSF1A,CCL18,ANKRD22,IL10,CCR2,FCGR1A,STAT3,SCYL3,MX2,IRF3,TLR2,EPSTI1,TRAFD1,IL1B,IL1B,ZNF296,CD3E,DHX29,ZAP70,C1QB,OR52M1,OAS2,APOC1,RP11-627C1.1,IL6,XXbac-BPG299F13.15,SLC34A2,CCL2
NLRP3,IFIT1,GATA3,CXCL9,CCL2,DPM1,TNFSF14,NLRP3,JAK2,IL17RB,LTB,MT2A,LTF,NOD2,MX2,SLC34A2,GBP5,CARD16,CARD16,CD19,GNLY,CD3E,HLA-DRA,FBXO6,CD52,RSAD2,IFI16,ANKRD22,GATA3,CD22,TNFRSF25,GBP2,STAT1,NLRP3,CXCL11,CD274,IRF1,TLR9,IFI44L,IFNA17,EIF2AK2,SMARCD3,S100A8,IFITM2,RETN,PGLYRP1,CD3E,BCL2,NLRC4,S100A8,CASP10,C20orf181,OAS3,IRF1,LPCAT2,CXCL13,TNFSF13B,IL1B,GBP1,STAT3,ELANE,IL1RL1,CCL2,CCL8,MBL2,CTLA4,BPI,OAS3,CXCL11,MMP8,IL6,JAK2,CD8A,CCL26,DUSP3,IL12A,CCR3,FCGR1B,STAT4,C1orf112,OAS1,IRF7,TLR4,RSAD2,CD274,IL6,TNF,ARG1,CD3G,PTPRC,GZMA,AIM2,LINC02500,OAS3,MARCO,KDM4E,IL10,XXbac-BPG248L24.12,SFTPA1,BNIP3L
CASP1,IFIT2,IL5,TLR2,CCL5,SCYL3,ILRUNP1,IL18,OAS1,CDK14,TNFRSF1A,IL32,GZMA,CXCL10,ISG15,SFTPA1,BATF2,GBP1,IL1B,CD68,IL1R1,CD3G,HLA-DRB1,TRAFD1,HLA-H,S100A8,IFI27,ETV7,ATG5,ALOX5,IL21-AS1,GBP4,CCL17,IL1B,APOL1,CD4,IFIT1,NOD1,IFI44,IFNA12P,DHX58,RAB20,S100A9,IFITM3,SOS1,LTF,CD4,GBP5,CASP1,S100A9,CFLAR,RP11-85G20.2,OASL,IRF3,GBP4,APOL1,IL21R,TNF,GBP2,STAT4,FCGR3A,IL1RL2,CCL8,DHX58,ATG5,PDCD1,LYZ,MX1,CCL5,MMP9,IL10,TYK2,TIMP2,IL20RA,KLF2,IL12B,CCR4,FCGR1C,JAK1,FGR,OAS2,IRF9,NOD2,GZMA,MAPK14,JAK1,CXCL10,POLB,PTPRC,AIM2,GZMB,NLRP3,POU3F1,ISG15,SOCS3,RP11-704G7.1,IL12B,XXbac-BPG299F13.14,SFTPA2,LASP1
IL18,IFI27,IL13,TLR9,CXCL9,C1orf112,ABCD1P3,IL23A,OAS2,CROCC,TNFRSF1B,IL20RA,DUSP3,CXCL9,ISG20,SFTPA2,ANKRD22,GBP2,IL6,FCGR1A,GBP1,TLR1,CCL2,UBE2L6,PDCD11,S100A9,IFI30,AIM2,ARG1,CALCOCO1,TNFRSF6B,TNFSF13B,CCL18,IL6,APOBEC3A,CASP1,IFIT2,NOD2,IFIT1,IFNA4,HERC5,INSL3,ERG,IFI16,APOL1,LPCAT2,CD8A,NOS2,GZMA,MPO,CD40,RP11-375F2.4,MX1,IRF7,HERC5,HP,IL7,LYN,GBP4,IRF1,IFI27L1,IL27RA,IFI44,NFKB1,CCL5,CD274,CXCL8,MX2,CCL4,IL1B,STAT4,IFITM3,MMP9,CCL17,FPR1,IL17A,CCR5,ANKRD22,JAK2,CFH,OAS3,IFITM1,CD14,SERPING1,NEMF,JAK2,CXCL9,LHFPL2,JAK1,ANKRD22,PRF1,CASP1,RNU6ATAC40P,MX1,MPO,RP11-574K11.29,IL17A,XXbac-BPG248L24.10,NEDD4,PCBP1
CCL2,IFI44,CCL4,CD4,CD4,FGR,CD46,RORC,OAS3,MXD1,CAMP,IL17RB,KLF2,CXCL11,RSAD2,RTKN2,SERPING1,GBP4,TNF,FCGR1B,CTSD,TLR9,CCL5,FCGR1C,CD4,MPO,IFI35,ERG,MMP9,CD6,TNFAIP1,FCGR1A,CCL5,TNF,APOBEC3G,CD38,IFIT3,NLRP3,IFIT2,IFNWP2,HERC6,HLA-DRB5,AZU1,IFI27,ETV7,OAS1,CD14,BATF2,GZMB,ELANE,CD80,TNS1,MX2,IRF9,CXCL11,LCN2,TNFRSF10A,NLRC4,GBP6,IRF3,AZU1,IL31RA,IFI44L,OAS3,IL17A,ICAM1,IL18,ISG15,CCL3,TNF,CXCL9,GBP4,GBP6,IL12B,MMP9,IL18,IL12RB2,AIM2,GATA3,FUCA2,OASL,IFITM2,ICOS,FCGR1A,DHX29,IFNGR1,LCN10,CXCL10,JAK2,ASGR1,FASLG,CASP4,CREM,MX2,ELANE,LINC01414,IL18,XXbac-BPG185D15.13,PLTP,BAD
CCL5,IFI44L,CTLA4,CD8A,CD8A,CFH,PCDH20,TGM2,APOL1,CDK17,DEFB1,IL4R,CD52,TLR2,STAT1,NEMF,CARD16,SERPING1,CXCL10,FCGR2A,IFIT3,IRF3,CCL8,PARP14,CCDC81,ELANE,IFI44,AZU1,NOS2,TACC3,IL18RAP,FCGR1B,CCL13,TNFRSF1A,TRIM5,IL1B,ISG15,NLRC4,OAS1,IFNWP19,IFI27L1,IRF1,CTSG,IFI30,GBP2,APOL1,CD19,ANKRD22,LY6E,DEFA4,CD86,INSC,CXCL9,IFIT1,TMEM140,MMP9,IL4I1,TLR1,GBP7,IRF7,CTSG,IL36RN,IFI6,OAS2,CXCL9,LCK,IL23A,IFI6,HLA-DRB5,CCL2,IRF8,IL15,CCL22,IL36RN,CASP8,IL23A,IL18R1,GBP4,BCL6,GCLC,IL1B,IFI35,CD27,UBE2L6,PTPRC,IFNGR2,SHC1,CXCL11,MAPK1,BRSK1,FAS,IL18,RP1-90G24.8,IFITM3,FCGR3A,MRRF,IL1R1,XXbac-BPG258E24.10,RNASEL,KLF2
IL12B,IRF1,GNLY,IL17A,CD3D,FUCA2,LNCDAT,IFI44L,APOL4,CREB3L3,DEFB4A,IL12RB2,HLA-B,TLR4,STAT2,DHX29,AIM2,APOL1,CXCL9,FCGR2B,IFIT2,IRF7,APOL1,IDO1,HLA-DPB2,CTSG,IFI44L,CTSG,BAX,ZC3H3,TNFAIP3,TRIM14,CXCL9,TREM1,TRIM22,IL10,MX1,IRF1,OAS2,IFNG-AS1,IFI35,LCN10,DEFA4,IFI35,GBP4,CTSG,CD40,BAX,IL15,IFI35,HLA-A,RN7SL466P,CXCL10,IFIT2,SLAMF8,RNA5SP336,IL27RA,TLR2,CD274,IRF9,DEFA4,IL6RP1,IFI16,IFNG,PRF1,ZAP70,RORC,IFI16,CD4,CCL5,IL18,GBP6,TLR1,IL11RA,CD3E,TNF,IL1R1,GBP6,IFNGR1,NFYA,IL6,IFI44,CD38,SHC1,VAMP5,CCL2,RETN,CXCL9,MAPK3,C5,IL1R1,IL12B,RP11-215I16.1,HERC5,S100A8,TWF1P1,IL1RN,XXbac-BPG170G13.34,SEMA7A,NEMF
IL12A,IRF7,GZMB,IL22,CD3E,GCLC,APCDD1L,BATF2,APOL6,CDH3,HAMP,IL5RA,CALCOCO2,TLR8,JAK1,PTPRC,CIITA,AIM2,CCL2,FCGR3A,CD274,IRF8,APOL6,IFIH1,PCDH1,DEFA4,IFIT1,DEFA4,BECN1,SLC30A9,TNFAIP6,TRIM22,CXCL16,CD3D,SAMHD1,TLR2,OAS1,IRF3,OAS3,IFNL3P1,EPSTI1,SHC1,STAT1,IFI44,SCARF1,MMP9,CD40LG,VEGFA,CCL2,IFITM3,HLA-B,MIR4253,CXCL11,IFIT3,IRF1,NBPF6,ILVBL,TLR4,PDCD1,IFIT1,MARCO,IL9RP1,IFI35,SOD2,IL23A,GZMA,TBX21,IFI27,CASP1,CXCL9,CXCL13,CR1,TLR4,IL18,CD4,CXCL9,IL1RL1,TRIM22,IFNGR2,STPG1,IL8,IFI44L,CD4,BATF2,HLA-DRB5,IL12A,SOS1,IRF1,MAPK8,CNDP2,IL1R2,IL23A,APCDD1L,IFI27,S100A9,RP1-29C18.11,CD4,XXbac-BPG118E17.11,TAPBP,ZNF296
IL23A,RSAD2,PRF1,IL23A,CD3G,NFYA,EDIL3-DT,GBP5,MX1,CASP8,FTH1,IL11,IFIT3,LCN2,JAK2,METTL7B,CD274,IDO1,TLR2,HLA-DRA,IL1B,CCL2,STAT2,ISG15,IFNW1,AZU1,IFIT2,SFTPC,IDO1,CCDC88C,TNFAIP8,CLEC4D,CCL20,CD3E,LAMP1,NLRC4,IRF7,IRF7,ISG15,IFNL4P1,S100A8,IKBKG,SFTPC,IFI44L,TAP1,BPI,CD44,ARG1,CCL8,CXCL1,HLA-C,ATP5PBP6,CXCL13,IFITM1,RAB20,RP11-49C20.1,TNFSF8,MMP9,CTLA4,IFIT2,SOCS3,IL9RP2,CARD17,GZMK,GZMB,GZMB,GATA3,IFI44,CASP5,IL6,IL15,MAPK14,IL1A,CXCL8,CD19,CXCL10,IL2,TRIM27,SLC11A1,NIPAL3,IL10,IL15RA,CD8A,TAP1,LCN10,IL12B,DPM1,IRF7,NFKB1,FAM111A,IL1RAP,CD3E,RP4-683L5.1,IFI35,ERG,POMK,CD8A,XXbac-BPG170G13.32,THBS1,INSL3
IL17A,SIGLEC1,CASP8,GATA3,CD28,STPG1,HHLA3,CXCL9,MX2,CDON,FTL,IL12RB1,SAMD9L,CD4,TYK2,HBA1,PDCD1,HP,TLR4,HLA-DRB1,IRF3,CCL5,JAK2,OAS1,CCDC51,MARCO,IFIT3,SFTPB,MRC1,NUDCD3,IL6-AS1,NFKBIA,CXCL2,CD8A,RAB5A,IL2RA,IL10,IRF8,MX1,IFNL4,S100A9,RETN,SFTPB,IFIT1,TRAFD1,OLFM4,CD69,PTGS2,APOL1,CCL8,HLA-DRA,AOPEP,IL1B,IFITM2,TNFAIP6,RP11-73F12.2,TNFAIP1,TIMP2,LAG3,IFIT3,SFTPC,IL9RP3,IL15RA,ITK,BCL2,PRF1,CD14,IFI44L,CD8A,TLR2,CXCL11,EGF,IL6,IL27,IL7R,CXCL11,IL27RA,TRIM32,NOS2,ENPP4,IL12A,IL2RA,NLRP3,VAMP5,SHC1,SELL,SCYL3,OAS1,CD14,GPBAR1,IL6R,CD4,RP11-524F11.6,IFI44,IFI27L1,RP11-463I20.3,CD14,XXyac-YX65C7_A.3,JAK1,PTPRC
IL22,SOCS1,BCL2,TBX21,CTLA4,NIPAL3,CDR1,APOBEC3G,SOCS1,CDK13,SLC40A1,IL2RB,S100A11,CD8A,TNF,HBA2,CTLA4,LCN2,CD274,B2M,IL22,CXCL11,TLR2,PSMB9,CDV3,SOCS3,IFIT5,SLC34A2,LTA4H,IL20RA,TNFAIP2,HERC6,CCL22,CD4,RAB7A,IFNB1,CASP1,STAT1,IRF7,TNFRSF12A,S100A12,SOS1,SLC34A2,IFIT2,GZMK,RETN,CD80,SERPING1,GBP1,C1QB,HLA-DRB1,RASA3-IT1,IL6,IFITM3,OAS1,RP11-159H20.6,IL10RA,P2RY14,TIGIT,IFITM1,SFTPB,IL9RP4,DUSP3,ZAP70,STAT1,FASLG,CD68,IFIT1,CD3G,TLR4,CD14,ZNF296,RAB24,IL6RP1,TGFBR2,CCL2,IL3,TRIM5,ARG1,SEMA3F,IL12B,IL1B,IFIT1,METTL7B,RETN,TNXB,C1orf112,OAS2,SELL,HLA-DMA,IL10RA,CD8A,EIF2S2P3,IFIH1,IFIT2,RNU6-888P,TLR2,XXbac-BPG170G13.31,NLRP3,DHX29
DEFB4A,SOCS3,TNFRSF1A,RORC,CD14,ENPP4,LMCD1-AS1,CAMP,SOCS3,CD84,TF,IL21R,TAF10,CD14,IL1B,HBD,IDO1,MMP9,CD3D,TAPBP,IDO1,CTLA4,TLR4,DHRS9,HLA-F-AS1,C1QB,IFITM1,SFTPA1,VDR,CYP24A1,IFNWP18,HERC5,CXCL13,GZMA,RILP,HLA-A,FCGR2A,STAT2,RSAD2,IL32,MPO,CXCL10,SFTPA1,IFIT3,CD27,TGFB1,CD86,FCGR1B,GBP2,IL15,NFKB1,RP5-1018K9.1,IL8,OAS1,NLRC4,RP11-206L10.19,IL23A,ID3,BTLA,IFITM2,SLC34A2,ILF2P1,KLF2,IFIH1,IL6,BCL2,MRC1,IFIT2,CD3D,MYD88,CCL19,LILRB4,P2RY14,IL10RB,ID3,CCL3,IL4,CXCL10,MRC1,CFTR,IL18,IL6,IFIT2,P2RY14,SOS1,LUM,FGR,OAS3,TNXB,KCNJ2,IL10RB,GZMB,ATP5PBP7,IFIT1,IFIT3,RNU6-131P,TLR4,XXyac-YX65C7_A.2,FCGR1B,CD19
DPM1,STAT2,CD163,NOD2,CD68,SEMA3F,BECN1P2,DEFB4A,TRIM22,TNFRSF1A,TFRC,IL7,TAPBP,CD19,IL6,CCL19,ARG1,TIMP2,CD3E,TAP1,OASL,PDCD1,NOD2,CCL2,IL36G,CD52,IFITM2,SFTPA2,RORC,CD74,IFNA20P,SOCS1,CCL3,GZMB,CTSD,CD8A,FCGR3A,STAT3,CMPK2,CD4,IL1B,CXCL11,SFTPA2,IFIT5,IL1B,NKG7,TLR1,FOXO3,GBP4,TNF,MAPK1,FBXO24,IL10,OAS2,CD274,CARMIL1,IL26,CD3E,HAVCR2,IFITM3,SFTPA1,ILF2P2,SCARF1,STAT1,HLA-DRB1,BAX,MSR1,IFIT3,CD8B,TICAM1,TLR1,TLR5,ID3,IL10RA,P2RY14,CCL4,IL4R,CXCL9,MARCO,ANKIB1,IL23A,IL10,IFIT3,LCN10,IDO1,PEPD,CFH,TAP1,LUM,LHFPL2,TGFB1,PRF1,RP11-642M2.1,IFIT2,IFITM3,RNU6-128P,CCL2,XXbac-BPG254B15.11,CASP1,CD22
SCYL3,STAT3,CCL2,GBP5,CD163,CFTR,CASP1P2,S100A8,IL1B,IFI35,CASP1,IL4I1,TRIM25,CD68,IL10,CCR7,NOS2,CASP1,CD3G,TAP2,CD36,LAG3,NLRP3,OAS2,THRIL,CD8A,ISG15,C2,SLC11A1,NCDN,IL6STP1,HLA-DQB1,CCL19,PRF1,CTSB,GADD45B,IL18,STAT4,HERC5,IL20RA,TNF,IL1B,BLK,ISG15,IL6,IFNG,TLR2,MRC1,SOD2,IFIT2,MAPK3,RNU4-41P,IL12A,OAS3,MX1,RP11-429J17.4,IL17F,CD4,C1QA,CXCL9,SFTPA2,CDC25C,S100A11,GNLY,CCL2,CASP3,MARCO,IFITM1,CD3E,TIRAP,CD163,LILRA6,PLSCR1,IL26,TNFSF10,CCL5,IL5,CXCL11,MSR1,CYP51A1,TNF,IL12B,IFITM1,FCGR1B,ZNF296,QSOX1,FUCA2,TAP2,PEPD,MOV10,TGFBR1,IFNGR1,RP11-259P20.1,LAMP3,AZU1,AC002519.6,LTA,XXbac-BPG300A18.17,CXCL10,BLK
C1orf112,NLRP3,CCL5,BATF2,MARCO,ANKIB1,BCDIN3D-AS1,S100A9,IL6,BCL3,CASP3,IL27RA,DPM1,C1QB,IL12A,TNF,CD40,CASP5,CD8A,PSMB8,IL6,C1QA,SIGLEC1,LAG3,BICD1,CD4,ISG20,CCRL2,TLR12P,CYP3A43,ILRUNP1,HLA-DRB1,CXCL11,IFNG,CTSL,CCL2,CXCL9,ISG15,ETV7,TNFRSF1B,IFNG,TNF,P2RY14,ISG20,IL10,STAT1,TLR4,MMP9,TNFSF10,CCL1,CXCL10,TREML4,IL12B,MX1,SAMD9L,IFT80,IL12B,CD8A,C1QB,CXCL10,DPM1,CDC14C,GZMA,GBP1,CASP1,ATG5,FPR1,IFITM2,ETV7,APOL1,CD28,IL1B,TRIM22,CCL25,PARP9,CCL7,IL6,LCN2,CD68,KRIT1,TNFRSF1A,IL18,IFITM2,CFB,IL2,COMP,GCLC,IDO1,QSOX1,PSMB9,TGFBR2,IFNGR2,PCCA-AS1,LY6E,CTSG,GTSF1L,IL22,PTGER4P2-CDK2AP2P2,ATP10A,DPM1
FGR,CARD9,TLR9,SERPING1,MRC1,CYP51A1,CD9,ELANE,TNF,CDC42,CASP8,IL2,SCYL3,C1QC,IL12B,IL1B,CD80,CIITA,CD4,PSMB9,IL10,C1QB,CD14,MX2,CDK15,UBE2L6,CXCL10,LILRB4,SCHLAP1,NLRP2,IFNWP15,HLA-DQA1,FCGR1A,TBX21,BNIP3L,IL2,CXCL11,MX1,IL1B,TNFRSF17,CXCL10,IFNG,ADM,OAS1,IL4,GNLY,TLR8,HIF1A,STAT2,CD274,CXCL9,MIR6867,IL17A,MX2,CASP1,RP11-21J7.1,IL5,CD19,C1QC,CXCL11,LTF,CXCL17,AIM2,FASLG,CDKL2,BECN1,ITGAM,IFITM3,DHX29,CARD17,IRF7,CXCL9,SAMD9L,IL12A,IFI35,CCL8,IL6R,SERPING1,CD163,RAD52,TNFRSF1B,IL23A,IFITM3,CARD17,IL10,APOC1,NFYA,IFNG,COMP,PSME2,SMAD2,STAT4,MIR637,SAMD9L,DEFA4,CTC-457E21.9,IL23A,XXbac-BPG300A18.16,TLR6,SCYL3
CFH,CASP1,NLRP1,FCGR1A,MSR1,KRIT1,CD209,MPO,IL18,CDH19,BCL2,IL10RA,C1orf112,C3AR1,IL17A,IL6,CD86,HLA-DRA,GZMB,PSME1,IL1RN,C1QC,CD163,PLSCR1,IFNA4,VAMP5,CXCL9,MSR1,NFKBIB,BIRC3,IFNA12P,HLA-DRB5,BATF2,IL2RA,KLF6,TLR4,IFI44,OAS1,TNF,TNFRSF9,CXCL9,IL2,LCN10,OAS2,DEFA1B,MMP8,TLR9,HMOX1,JAK2,MARCO,GBP5,VPS29,IL18,IFI16,LIPA,TRBV1,IL1A,RAB24,IRF1,CCL2,GZMA,CXCL16,CD274,CTSD,IFNA14,LAMP1,ITGAX,CXCL10,PTPRC,CASP1,HLA-DRB1,IL18,PARP9,CCL16,OASL,CCL20,IL7,BNIP3L,IRF1,MYH16,TNFSF10,TLR1,LCK,TYK2,STAT3,RETN,STPG1,IFNGR1,APOC1,SCO2,SMAD3,LCK,C3orf20,PARP9,SFTPC,RP11-264E18.1,TGFB1,XXbac-BPG300A18.15,IL2RA,C1orf112
FUCA2,IL1B,NLRP2,CARD16,MPO,RAD52,NPM1P38,CTSG,IL12A,CRMP1,BAX,IL23A,FGR,CFHR5,IL18,CXCL10,HLA-DRA,HLA-DRB1,GZMA,PSME2,TLR4,C3,CXCL11,CCL8,PTCD1,FPR1,CCL2,CD274,TLR5,CCDC28A,IFNWP19,HLA-DRA,CCL4,CCR5,DYSF,CD3E,IFI44L,OAS2,IL6,IL17RB,CCL2,IL6,SHC1,OAS3,DEFA3,ARG1,CCL2,IFNLR1,IRF1,IL6,NLRP3,RP11-307C18.1,IL23A,IFI27,GCH1,RP11-468F18.5,IL1R2,CCL22,IRF7,CCL3,P2RY14,CXCL14,HLA-B,MMP8,IL17RE,CAMP,DPM1,CXCL9,DOCK9,CASP5,IL27,CXCL10,IFI35,CCL24,IFNG,TLR1,IL7R,KLF6,IRF3,BAD,TNFSF13B,TLR2,ZAP70,IL1B,IRF3,SOS1,NIPAL3,IFNGR2,KLF2,TAP2,SMAD4,JAK1,TFAP2A,EPSTI1,SFTPB,SLC7A11-AS1,NOD2,XXbac-BPG157A10.21,NEMF,FGR
GCLC,IL6,NLRP12,AIM2,ELANE,MYH16,MAP6D1,LCN2,IL12B,CD5L,FAS,IL26,CFH,CFH,IL23A,CCL2,CCR5,HLA-DQA1,PRF1,IRF1,TLR2,DEFB1,CXCL13,SAMD9L,CD19,MMP9,CCL8,CEACAM1,NFKBIZ,RTEL1-TNFRSF6B,ILF3-DT,HLA-C,CCL11,CD274,LASP1,BAX,IFITM1,OAS3,IL18,TNFRSF1A,CCL5,IL10,RETN,OASL,DEFA4,CEACAM8,CCL3,CDH7,IRF7,IFIT1,NOD2,RP11-101P17.15,TNF,IFI30,OAS2,RP11-54G14.1,IL1R1,TNFRSF1A,TAP1,CCL4,ID3,CXCL13,HLA-E,ARG1,IL17C,CD3E,SCYL3,CXCL11,GZMH,CD274,HLA-DRB5,CXCL11,IFIT3,CXCL6,IFNGR1,TLR2,IL9,DYSF,IRF5,LAP3,CD3D,TLR9,CASP10,TLR4,IRF7,PTPRC,ENPP4,JAK1,NEMF,TAPBPL,MMP9,JAK2,NME1-NME2,FBXO6,AGER,RNA5SP469,NLRP3,XXbac-BPG300A18.14,ASUN,CFH
NFYA,TNF,AREG,NLRC4,CTSG,BAD,TBKBP1,MMP9,IL10,CDHR2,FASLG,IL17A,FUCA2,DUSP3,NLRP3,CCL5,ITGAL,HLA-DQB1,CEACAM1,IRF3,CASP1,LCN2,CCR5,TRIM22,CD36,GZMA,TNF,CR1,NODAL,FAS,IFNL3P1,HLA-A,CXCL1,PDCD1,PCBP1,IL4,IFITM2,CAMP,TLR2,IL4R,ELANE,TLR2,SOS1,IL1B,CAMP,CASP1,CCL4,CDH17,SOCS1,IRF7,STAT1,RAB42P1,TNFRSF1A,IFI35,IFI44,RBM48,IL1RL2,FPR1,TAP2,CCL5,IL15RA,CXCL12,HLA-DRB5,IFIT3,CD200,CD19,C1orf112,CCL2,GZMB,CD163,HLA-DRA,ITGAL,LTF,IL34,IFNGR2,TLR4,GFI1,LASP1,IRF7,HS3ST1,CD3E,TNF,TNFRSF12A,TLR2,JAK1,NEMF,SEMA3F,JAK2,ZNF296,USF1,CASP1,SOCS1,CMTM4,CARD17,SLC34A2,HOXD-AS2,CAMP,XXbac-BPG300A18.13,DHX29,FUCA2
STPG1,S100A8,RAB13,HP,LCN2,LAP3,STATH,FCN1,IL4,NFKB2,SOD1,IL17F,GCLC,KLF2,CASP1,CD3D,ITGB2,CD274,S100A8,IRF7,CXCL9,MPO,IFNGR1,PSME2,PPIL2,DUSP3,IL1B,IRAK3,TLR1,CD44,IFNL4P1,HLA-DPB1,CCL21,CTLA4,DUSP3,HSPA5,IFITM3,DEFB1,TLR4,IL12RB2,DEFA1,TLR4,HLA-DRB5,IL6,NRG1,S100A8,CCL5,CDKN2AIPNL,NBN,GBP3,STAT3,SEC22B4P,TNFRSF1B,IFI44,IFI35,XXbac-BPGBPG34I8.4,IL1RL1,CASP8,PSMB8,IL1B,GBP4,CXCL11,TAPBP,IFIT2,CD1D,IL2,FGR,CCL5,PSME2,CMPK2,IRF9,CD79B,EIF2AK2,IL23R,IRF2,TLR9,SOCS1,PCBP1,IRF8,AOC1,CD3G,TNFRSF1A,CCL26,CD14,JAK2,DHX29,CFTR,TYK2,DUSP3,WDFY1,CASP3,SOCS3,RN7SL784P,APOL6,SFTPA1,CD1B,DEFB4A,TBC1D22A-AS1,PTPRC,GCLC
NIPAL3,S100A9,SEC14L1,LCN2,S100A8,HS3ST1,MAP3K2-DT,CLEC4E,IL17A,IL4R,SOD2,IL4,NFYA,GZMA,CXCL9,CD3E,ICAM1,PDCD1,S100A9,IRF8,S100A8,ELANE,IFNGR2,METTL7B,JAKMIP2-AS1,KLF2,IL6,LILRA6,NFKB2,IFNGR1,TNFRSF9,HLA-DPA1,HLA-DRA,LAG3,KLF2,SOD1,GBP2,DEFB4A,CD274,IL5RA,DEFA3,JAK1,SERPING1,IL10,FCAR,GZMA,CCL7,IL12RB2,IRGM,CASP4,AIM2,AC023271.1,IFNG,IFI44L,TNFSF10,RP11-321E8.4,IL18R1,IL7R,PSMB9,IL6,C1QC,CXCL10,IRGM,CAT,CD8B,IL4,CFH,CCL8,RETN,ETV7,TLR9,CD4,NLRP3,IL25,IRF3,MYD88,SOCS5,ATP10A,IRGM,WNT16,CD4,TNFRSF1B,CD79B,NLRC4,TYK2,ASUN,ANKIB1,MX1,GAS6,CCRL2,CASP8,CD274,EML3,AIM2,SFTPA2,MIR4252,S100A8,TBL1XR1-AS1,PRSS22,NFYA
ENPP4,NFKB1,AIRE,APOL1,S100A9,AOC1,EMILIN1,CD209,TGFB1,CDH17,CAT,IL5,STPG1,P2RY14,CXCL10,CD3G,VCAM1,CTLA4,MPO,STAT1,RAB5A,BCL2,IL1RN,CD163,TNFSF10,DYSF,IL10,PDCD1LG2,NFKBIL1,TNFRSF1B,IL12RB2,HLA-B,FCGR1B,CD68,SCARF1,CD14,GBP4,DEFB103A,CCL2,IL11,DEFA4,JAK2,NLRP3,IL18,MCEMP1,SERPING1,CCL8,IL15,NPC2,STAT2,BATF2,AC017053.1,IFNGR1,ISG15,DDX60,RP11-349F21.1,IL18RAP,TGFBR2,HLA-DRA,IL10,MAPK14,CDKN2C,NLRC4,BATF3,IL17RB,IL7,FUCA2,CCL11,DUSP3,FBXO6,CCL5,CD22,AIM2,IL16,IRF7,TICAM1,JAK2,ASUN,GBP1,HECW1,CD8A,TNFSF10,IL32,CASP5,IL1A,DOCK9,CYP51A1,MX2,CRP,C2,NFKB1,PDCD1,RP11-548P2.4,CD274,RTKN2,PRR16,S100A9,XXbac-BPG283O16.9,UPF1,STPG1
SEMA3F,NFKBIA,TNF,GBP1,BCL2,WNT16,CDHR5,MRC1,CD8A,CDC14A,GPX1,IL1A,NIPAL3,ID3,CXCL11,CD4,MMP9,GZMA,ELANE,STAT2,GZMA,BAX,IL2RA,IL1B,CCDC88A,LASP1,IL12A,CD38,NFKBIE,BCLAF1,IL12RB1,CD74,IL7R,MRC1,ANKRD22,NOD2,STAT3,DEFA1,CCL5,IL12RB1,CAMP,TYK2,C1QA,IL12A,GPR84,FCGR1A,CXCL9,CDC37P1,PSMB8,IRF9,CD27,RP11-426D19.1,IFNGR2,ISG20,P2RY14,MUC21,TNFSF4,NLRP3,APOL1,IL12A,CR1,CDKN1C,SOCS1,IRF1,IL20,IL15,GCLC,CCL19,GZMK,GCH1,CCL4,BID,CD207,IL21R-AS1,IRF8,TICAM2,JAK3,DHX29,GBP2,MAD1L1,CD8B,CD14,CD9,NOD2,IL12A,SDR39U1,KRIT1,ISG15,IL4,MAPK14,NFKB2,LAG3,RP11-396I22.1,IDO1,UBE2L6,PRANCR,LCN2,XXbac-BCX196D17.5,SKAP2,NIPAL3
CFTR,CD3E,MRC2,GBP2,BAX,HECW1,STIL,MARCO,CD4,CRYBG3,NOS2,IL1R2,ENPP4,IL15RA,CCL2,CD8A,VEGFA,GZMB,CTSG,STAT3,SERPING1,CASP1,IL7R,CMPK2,IRF7,PCBP1,IL12B,CCL26,TLR9,SLC39A9,TNFSF18,IFI35,ANKRD22,MSR1,ETV7,CXCL8,JAK1,DEFA3,CCL11,IL2RB,LCN2,STAT2,C1QC,IL12B,CD177,ANKRD22,CXCL11,CDRT15P3,PSMB9,EPSTI1,CD55,CELSR3,CD274,OASL,IL15,AF130248.1,TNFAIP3,AIM2,APOL6,IL12B,CARD17,CDCA7L,LAP3,IL1B,CD55,IL18,NFYA,CCL23,SOS1,GPR84,CCL3,MARCO,IFITM1,CCL15,IRF9,IRAK4,LY96,PTPRC,GBP5,LASP1,GZMA,CD38,CD22,STAT4,IL12B,TUBGCP6,RAD52,IFIT1,IL5,MSR1,RELA,CTLA4,SSRP1,SLAMF8,SOS1,COL6A6,HP,XXbac-BPG181M17.6,MCUB,ENPP4
ANKIB1,CD4,NOD2,STAT2,CASP3,MAD1L1,PIK3CDP1,CD163,CD3D,CFHR2,JAK1,IL1R1,SEMA3F,HOOK1,CCL3,CD8B,RP11-667K14.20,PRF1,SDR39U1,STAT4,FCGR1A,CASP3,IL15RA,WARS1,CXCL2,BNIP3L,IL18,CD79B,TLR3,RABEP1,TNFRSF8,TNFRSF10A,IL2RA,MARCO,SERPING1,CD28,JAK2,LCN2,NLRP3,TNFSF13B,AZU1,STAT3,CD38,CASP1,CLEC4D,MX1,CAMP,CDK4,PSME1,IL18,CD59,TXNP1,PDCD1,HERC5,BST2,SLC13A4,IFNA6,GBP2,FBXO6,IL15,CARD16,CDC25B,ANKRD22,C3,CDC42,IL23A,STPG1,IFNG,IFIT3,HP,IL32,CD74,ISG15,IL33,STAT2,CD68,IFNG,S100A8,IFIT1,SNX11,GZMB,CD40,CD6,IFIT5,IL17A,TRMT2A,MYH16,IFIT2,IL7,LILRB4,RELB,CD27,RNASEH1-AS1,CIITA,SHC1,MTND6P22,CRP,XXbac-BPG181M17.5,HOXA11,SEMA3F
CYP51A1,CD8A,TLR5,JAK2,CASP8,LASP1,CD22,MSR1,CD3E,CROCCP3,JAK2,IL1RL2,CFTR,LOC730167,CCL4,ZNF887P,AC069213.4,KLRK1,GAS6,JAK1,IL18,CASP8,IL18BP,VAMP5,CDC42SE1,KLF6,IL23A,IL32,CDK5RAP1,TIMP2,TNFSF10,FASLG,TLR1,CD163,TAP1,IL12B,BATF,LTA,CASP1,IL21R,CTSG,IRF3,CD27,CASP4,CR1,S100A9,DEFB1,CXCL14,PSME2,GBP7,CD69,TMED10P2,PDCD1LG2,HERC6,TNFAIP3,KIAA1586,IFNA8,APOL1,RAB13,IL18,CEACAM1,CDC25A,RSAD2,IRF3,CCL28,CCR5,NIPAL3,TNF,IFIT2,IFI16,IL20RA,FAS,OAS1,IL24,STAT3,CD14,IFNAR1,S100A9,IFIT2,TMEM176A,GZMH,CD80,IL20RA,STAT3,IL18,SCARF1,BAD,IFIT3,IL9,CCR2,REL,CD28,AC005618.6,CD38,RETN,RP11-566K19.6,SAA1,XXbac-BPG181M17.4,POLR2J,CFTR
KRIT1,CD19,RAB24,TAP1,FAS,SNX11,HLA-G,ITGAM,CD3G,CXCL2,STAT1,IL1RL1,ANKIB1,HIST1H4C,CCL5,AC002398.13,MIR6513,NCR1,SCARF2,JAK2,CD8A,BECN1,IL12RB1,IFIT5,MMP24OS,C1QA,TLR1,CD9,NFKBIA,CYP46A1,TNFSF14,TNFRSF10B,CD8B,APOE,TRAFD1,MAPK1,S100A8,LTB,IL1R1,IL7,LTF,IRF7,TNF,CD14,TLR2,S100A12,LCN2,CCL3-AS1,APOL6,IL10,CD96,RP3-426I6.6,BATF2,RSAD2,SOD2,RSL24D1P3,TNFSF18,CARD16,RAB24,IL23A,JAK2,CDC20B,EPSTI1,IFI6,CD320,CXCR3,ENPP4,IL1B,KLF2,IFIH1,IL17RB,MSR1,OAS2,CXCL5,STAT4,FCGR1A,IFNAR2,S100A12,IFIT3,M6PR,GZMK,CD86,CD74,IFITM2,CCL2,ZNF296,LAP3,IFITM1,IL13,ALDH1A1,MAPK1,ICOS,CH507-513H4.8,CCL2,LCN10,MIR338,JAK1,XXbac-BPG116M5.17,DHX33,ANKIB1
RAD52,FOXP3,TAGAP,TAP2,FASLG,TMEM176A,CCDC152,ITGAX,ITGAM,CDH7,STAT3,IL18R1,CYP51A1,ASUN,CCL7,LINC01094,RNU6-418P,IL15,BLK,MYD88,GBP5,ATG5,IL12RB2,SLAMF8,SAPCD2P4,C1QC,TLR2,CD4,TLR10,CDH1,IL22RA1,IFI6,CD3D,LYZ,GBP6,CD40,S100A9,TNFSF11,IL1RAP,TNFRSF10A,CD14,NLRP3,IL2,CD4,SELP,PROK2,S100A8,IL10RB,CD53,IL2RA,CDH1,SNORD62A,SOCS1,CMPK2,TLR8,DEFB109F,TNFSF11,CARD17,CD38,TNF,NAIP,CDC14B,P2RY14,IL22,IL22,CCR7,SEMA3F,IL6,TRAFD1,ISG15,IL4R,CASP8,OAS3,IL15,JAK1,FCGR1B,IFNGR1,IL1B,TNFRSF1A,CYP26B1,GZMM,CD163,NLRP2,IFIT1,CCL5,STAT3,HS3ST1,IFITM2,IL15,CEACAM1,MAPK3,DUSP3,RP3-333H23.10,CCL7,IFNG,PPIAP55,JAK2,XXbac-BPG246D15.9,MEOX1,CYP51A1
MYH16,GATA3,STAT1,OAS1,IFNA1,M6PR,FCGR1B,ITGB2,ITGAX,CDC14B,STAT4,IL18RAP,KRIT1,DHX29,CCL8,CACNA1H,SH2D6,IL18,CD40,IRAK4,MX1,ATG7,SOCS1,LOC400759,CDRT15P13,CARD11,TLR4,CD22,NFKBID,CDH10,TNFSF13,IFI44L,TLR9,MPO,C1QB,HSPA1A,CD274,TNFRSF11A,IL1RL1,IL4I1,CD163,CASP1,IL4,CD8A,SLPI,AIM2,S100A9,TNFRSF10A,CD55,BNIP3L,CRP,GOLGA8S,SOCS3,LAMP3,IFIT5,NUP210P3,TNFRSF10B,CLEC4D,CD4,LTA,DEFA1B,CDC14A,ID3,APOBEC3A,CDC42EP1,CD28,CFTR,IL12A,DYSF,KCNJ15,IL12RB2,FCGR2B,MX1,IL10RB-DT,JAK2,MARCO,IFNGR2,IL6,TNFRSF1B,ICA1,PRF1,CD274,CD44,IFITM1,CD3D,TLR4,AOC1,IRF3,IL17F,CR1,MAPK8,GAS6,CTC-467M3.2,CCL8,IFNGR1,TAB2-AS1,SOCS1,XXbac-BPG254F23.7,THSD7A,KRIT1
BAD,LCK,STAT2,OAS2,IFNB1,CYP26B1,CD72,ICAM1,ITGAL,IL12RB2,NFKB1,IL17C,RAD52,PTPRC,CCR5,FAM90A3P,PRAMEF12,IL23A,CISH,TRAF6,IFNGR2,HIF1A,SOCS3,FCGR3A,PCDHGA6,CASP8,TLR9,CD6,CDK2AP1,RAB27B,TNFSF15,IFI44,CD27,NOS2,NEMF,GAPDH,TYK2,TNFRSF11B,LCN10,IL27RA,MARCO,IL18,CXCL10,CD19,OLFM4,PTX3,JAK1,TNFRSF10B,LCK,IFITM1,FCGR1A,GTPBP2,IDO1,ETV7,DHX58,GS1-57L11.3,TNFRSF8,CD274,CD8A,CD3D,DEFA3,CDC123,SAMD9L,IRF5,CDC16,LY96,ANKIB1,IL12B,RTP4,KREMEN1,IL5RA,BAX,MX2,IL1R1-AS1,TYK2,MSR1,IRF3,IL10,LTA,DBNDD1,FASLG,CXCL11,IFNGR1,CD4,CD3E,CD40,WNT16,IRF5,IL21,IFITM1,MAPK14,TNXB,SF1,APOBEC3A,IFNGR2,AC006947.1,SOCS3,XXbac-BPG181B23.9,LIG3,RAD52
LAP3,HLA-DRA,STAT3,OAS3,IRF3,ICA1,CD8B2,VCAM1,ITGB2,C1QTNF3,NFKB2,IL37,MYH16,NEMF,CD14,ZNF725P,SAPCD2,IL10,RAB13,NFKB1,ITGB2,VEGFA,EIF2AK2,FCGR3B,CCDC183-AS1,ZAP70,CD14,IL20RA,TLR6,TNFRSF17,TNFRSF4,IFI16,CD3G,ARG1,DHX29,ACTB,SOCS1,BCL2,SHC1,TNFSF8,SOCS3,CCL2,TLR2,ICAM1,TNFAIP6,CAMP,JAK2,CDH12P4,TAGAP,IFITM2,FCGR1B,PWRN4,WARS,IL1B,CD163,FABP5P4,TNFSF10,PDCD1LG2,CD8B,CD3E,CAMP,CDADC1,TRIM25,CD68,CDH22,MYD88,CYP51A1,IL15,WARS1,LAP3,IL11,OAS1,IRF1,CCL23,SOCS1,MRC1,IRF7,IL12A,LTB,ALS2,CD14,CCL2,TNFRSF1B,CCL2,CD3G,CD80,HECW1,IRF8,CCL2,IRAK3,AKT1,COMP,TUT4,PLSCR1,IRF3,KIRREL3-AS3,BCL2,XXbac-BPG181B23.7,RPAP3,MYH16
HS3ST1,HLA-DRB1,STAT4,MX1,IRF7,DBNDD1,PTMAP15,SELP,TNFRSF1A,CD59,RELA,IL22,BAD,ATF3,TLR1,RP11-524L6.3,LINC01677,TGFB1,RAB24,NFKB2,GBP2,ARG1,EPSTI1,FER1L3,IRF2BP1,ADM,CD163,CD74,NOD1,TNFRSF9,IL17REL,IFI27,GZMB,IDO1,PTPRC,IL17A,SOCS3,BAX,RETN,TNFAIP1,C1QB,CCL5,TLR4,LAP3,NDRG2,DEFA4,STAT4,TNFRSF13B,IL2RB,KLF6,IDO1,ADH1C,KYNU,IL6,PARP9,DEXI,TNFAIP6,LAG3,LCK,CD3G,CLEC4D,CD300C,NOD2,IDO1,IL36G,IRAK4,KRIT1,IL18,IFITM3,LY6E,IL12RB1,ICAM1,IRF7,CCL14,SOCS3,CD163,IRF8,IL12B,CCL2,CASP10,CD68,CCL5,TNFRSF17,IL23A,CD4,NLRP3,MAD1L1,IRF9,CCL3,LILRA6,PIK3CA,PEPD,RP1-128O3.6,DEFA1,IRF7,ELOA3D,BAX,XXbac-BPG181B23.6,ACSM3,LAP3
AOC1,ICAM1,JAK1,MX2,ISG15,ALS2,NFKBIA,SELL,TNFRSF1B,CD82,IRF1,IL17B,LAP3,CDKN3,TLR2,RN7SL496P,RP11-235E17.3,CCR5,TIMP2,RELA,VCAM1,MAPK1,AQP9,IL15,TNFSF13B,EPSTI1,CD36,CD44,IRF3,PTCD2,IFNA22P,IFI30,CD3E,CXCL13,UBE2L6,CASP3,IFI16,CASP1,SOS1,IL2,C1QA,CCR5,CD4,LPCAT2,KLF12,CLEC4E,SOCS1,IL2RA,IL7R,IFI44,IFIT3,ZNF383,RAB20,TNF,RTP4,LL22NC03-88E1.18,IL17C,CTLA4,ZAP70,CD4,CD177,CCL4L2,TAP1,TRIM5,CD2BP2,TRAF6,RAD52,IL23A,GZMA,MBOAT7,IL2RB,CD79A,IRF9,IL32,IL12A,CD36,IRF9,IL18,CCL5,CFLAR,MARCO,CCL20,TNFRSF9,IL17A,CD8A,CASP1,LASP1,SOCS1,CCL4,PDCD1LG2,PIK3CB,QSOX1,RP11-340I6.11,FCGR3B,IRF8,RP1-50O24.8,CASP1,XXbac-BPG171B11.8,REXO5,HS3ST1
WNT16,ICOS,JAK2,ISG15,MX1,CASP10,THRIL,CXCR1,TLR2,BAX,IRF3,IL6ST,HS3ST1,ISG15,TLR4,MIR1471,RP5-875H18.4,CCR7,MAFB,MAPK1,NLRP3,MAPK3,CARD16,CD274,CD79B,XAF1,CD4,IL17RB,IRF5P1,LAMC3,IFNA11P,IFNGR1,TLR6,CCL2,VAMP5,GPX1,IFI35,CASP3,GZMA,IL10RA,C1QC,CD14,IL1B,MMP9,ANO9,BATF2,SOCS3,IL22RA2,IL10,CASP5,MX1,RNA5SP251,RAB33A,TNFRSF1A,SOCS3,LINC02255,IL37,PDCD1,ITK,CD8A,TLR2,CCL3L1,IDO1,TRIM22,CDK8,IKBKB,MYH16,TLR2,LCN2,MS4A4A,IL21R,CCL2,CXCL9,CCL22,IL12B,MERTK,IL1A,TNF,CXCL9,TFPI,MSR1,FCGR1B,IL17RB,IL12B,CD28,MAPK1,SNX11,SOCS3,CCL5,LCN10,PIK3CD,APOC1,TMEM244,S100A12,IRF9,IGKV1-16,CASP3,XXyac-YR21IF11.3,CIAPIN1,AOC1
HECW1,CTLA4,SOCS1,IFIT1,OAS1,CFLAR,IGBP1P1,CXCR2,TLR4,CRLS1,IRF7,IL2RA,AOC1,MX1,TLR9,RP5-1110E20.1,RP11-304F15.3,CCL5,ETV7,MAPK3,S100A9,MAPK8,CARD17,SECTM1,CCDC40,IRF7,CD8A,CD84,ADIRF,THOC3,TNFSF12,IFIT3,TGFB1,CCL5,GZMA,CD80,TGFB1,CASP8,GNLY,IL23A,TRIM22,CD163,IL6,SERPING1,CD79A,LRG1,IRF1,CDH5,IL4,CD80,OAS1,XKR9,RAB43,TNFRSF1B,VAMP5,EIF5AP3,TNFSF9,HAVCR2,FYN,CD8B,SELP,CDKN2AIPNLP1,APOL1,XAF1,TNFRSF25,RELA,BAD,TLR4,SERPING1,NOD2,IL7,IL2,CXCL11,IL21R,IL18,CD3D,IL1B,TNFRSF1A,CXCL10,NDUFAF7,MRC1,FCGR2A,CASP8,IL22,CTLA4,IL17A,TMEM176A,CD274,CXCL9,SHC1,PIK3R1,LUM,RNF11P2,CCL3,ISG15,MIR1243,NEMF,XXyac-YR14ID10.1,SPPL2B,WNT16
MAD1L1,CCL2,SOCS3,IFIT2,CASP10,TFPI,CDIP1,CCR2,TLR9,OAS1,IRF8,IL15RA,WNT16,OAS1,MYD88,RP11-10L7.4,RP11-528N21.1,CXCL9,AIM2,MAPK8,CTLA4,MAPK14,CLEC4D,RARRES3,HLA-C,TRIM25,CD19,IFI35,IRF2BP2,TRAPPC3,IL20RA,IFIT2,PRF1,CCL8,CD274,B2M,CCR5,FAS,FASLG,IL26,PLSCR1,MMP9,IL10,TRAFD1,FCGBP,PRF1,IRF3,CD22,IL6,CD28,PD-L1,SERTAD3-AS1,INSL3,IL1R1,CARD16,MIR6746,TNFSF14,C1QA,THEMIS,CD19,SLPI,CDKN2AIPNLP2,ISG15,PTPN22,CD200R1,IRF3,LAP3,TLR9,ANKRD22,OAS1,IL4I1,IL23A,CCL2,IL1R2,IL6,CD3E,IL12A,TNFRSF1B,CXCL11,RBM5,CD163,FCGR2B,CD84,CD68,PDCD1,IL22,M6PR,PDCD1LG2,CXCL10,RETN,LYN,SELL,ERVFRD-3,CCL4,ISG20,RPSAP65,DHX29,KBTBD11-OT1,FAM214B,HECW1
LASP1,CCL5,IRF3,IFIT3,CD38,NDUFAF7,TIMP2,CX3CR1,CLEC7A,CDIP1,ISG15,IL10,HECW1,OAS2,NFKB1,ZNF468,MRPL36P1,CXCL11,APOL1,MAPK14,CAMP,JAK1,CLEC4E,JUP,CDC25A,HLA-B,CD274,CD5L,IRF9,CCDC85A,IFNGR1,IFITM3,CD28,CCR2,STAT2,MAPK8,CD4,FASLG,KLRG1,IL17A,SAMD9L,LTA,CCL2,UBE2L6,MIEF2,LCK,IRF7,CDKN1A,CARD16,DYSF,TBX21,RP11-167N5.6,LCN2,IL1R2,IFNG,RP11-190J12.1,IL22,C1QC,LIME1,CD14,HP,CDKN2AIPNLP3,MX1,RSAD2,CDC14B,IRF7,HS3ST1,NOD2,SLAMF8,OAS2,IL27RA,OAS3,CCL8,IL6ST,TNF,CD3G,IL17A,CCL2,CCR2,MTMR7,FCGR2A,FCGR3A,TNFRSF1A,IL6,LAG3,IL23A,CYP26B1,PDCD1,CXCL11,SOS1,SYK,NEMF,REELD1,CCL5,IL1B,ACSM5,PTPRC,KBTBD11-OT1,COPZ2,MAD1L1
SNX11,CCL7,IRF7,IFI44,CDC27,RBM5,CD200R1L,FCGR1A,CLEC4E,LAG3,MX1,IL36G,MAD1L1,OAS3,NFKB2,PKD1P6-NPIPP1,TMEM132A,ICAM1,APOL4,FOS,CGAS,JAK2,CLEC7A,SAMD9,IFNWP18,PF4V1,NLRP3,IL4R,MAPKAP1,TRAF1,IL17RB,IFNAR1,CD209,LTA,JAK2,JAK1,CD8A,HIF1A,CD8A,IL17F,TNFSF10,IL12A,CCL5,VAMP5,CXCR5,PDCD1,IRF8,IFNNP1,S100A8,IL24,FPR1,UBR5,DUOX2,NLRP3,IL18BP,PPIAP28,IL17B,CASP1,MSMO1,CD163,OLFM4,CDYLP1,MX2,IL15RA,CDCA4,ISG15,AOC1,NLRP3,SHC1,OAS3,ILVBL,OAS2,CCL19,CCL13,TNFRSF1A,CD4,IL17F,CCL3,CCR5,SLC7A2,FCGR2B,FCGR3B,PDCD2,IL10,TIGIT,CRP,ICA1,CTLA4,CCR5,IL24,PLCG1,DHX29,HNRNPA1P67,TNFSF10,IL6,NDUFB8P1,IDO1,ANKRD62P1-PARP4P3,PRKAR2B,SNX11
TMEM176A,CCL8,IRF8,IFI44L,TNFRSF12A,MTMR7,CCDC74A,FCGR2A,CCR2,CD209,OAS1,IL1RN,SNX11,OASL,RELA,NDUFA8P1,GTF2F2P1,VCAM1,APOL6,JUN,CTSB,TYK2,TNFRSF1A,NUB1,TNFRSF10B,NCF1C,CASP1,CXCL2,IRF2BPL,RC3H2,IL27RA,IFIT5,LAG3,LTB,TLR2,HLA-DQB1,GZMA,VEGFA,CD4,IL12B,SCARF1,IL12B,CXCL9,CD3D,MAPK14,ELANE,MYD88,CD200,S100A9,PTGDR2,FPR2,ENPP1,APOL1,CASP1,CMPK2,RP11-632F7.4,TNFRSF19,CLEC7A,LTA4H,MARCO,TNFAIP6,CDV3P1,MS4A4A,CTSL,CD63,MX1,WNT16,CASP1,AIM2,P2RY14,IL10RA,IFNG,TNFRSF1B,IL21-AS1,TNFRSF1B,CD8A,IL22,CCL4,CXCR3,ARF5,FCGR3A,NLRP3,FCGR2B,CXCL9,ICOS,NCAM1,DBNDD1,CCL2,IRF3,CD80,PLCG2,PTPRC,SETP6,CD40,IL10,SERPINA4,C1QA,XXbac-BPG252P9.9,CREBBP,TMEM176A
M6PR,CCR2,IFNG,IFI6,CCL26,SLC7A2,RNA5SP389,FCGR3A,CCR5,NLRC4,GBP1,IL36A,TMEM176A,IFI6,RELB,SLC16A8,PSMC1P3,SELE,CASP1,ATG5,DEFB1,NFKB1,TNFRSF1B,CARD17,CCL18,SAMD9L,LYZ,IL12RB2,IRF4,IL17RB,IL10RA,IFNAR2,TIGIT,TNFSF14,TLR4,STAT5A,GZMB,HMOX1,TBX21,IL4,IDO1,IFNGR1,CASP1,CD3E,JAK2,FCGR1B,IRAK4,IL17RC,LCN2,GZMA,GZMA,MS4A18,CCL2,CASP4,PTPN1,AC009238.7,ILF3,CD163,CASP1,TLR1,NDRG2,CDRT15,RAB24,IL6,CDKL3,OAS1,HECW1,CD14,NEMF,PARP9,IL23A,KLRB1,CASP1,IL5RA,NLRP3,CD8B,IL23A,CCL5,MMP1,SARM1,FCGR3B,NLRC4,CD5L,CD8A,TBX21,FER,ALS2,CCL5,IRF5,IL13,CRP,KLF2,RP11-356O22.4,CD80,IL12A,NMUR1,C1QB,CTB-147N14.7,TSPOAP1,M6PR
CYP26B1,CCR5,IFNGR1,IFIH1,CDKL3,ARF5,CDC42P3,CD36,CCL2,IL5RA,GBP5,IL36RN,M6PR,IFI44,NFKBIA,TEX48,RP11-739P1.2,SELL,CASP5,ATG12,CLEC4E,RELA,LAMP3,PARP9,CD70,S100A11,MPO,CD59,IRF1-AS1,TRAF3IP2,IL15RA,IFNGR2,CTLA4,TNFRSF14,CD14,CAT,PRF1,NOS2,CD3E,IL5,GZMA,IFNGR2,TGFB1,CD3G,NAIP,CARD16,TRAF6,CDK13,MCEMP1,NFATC1,GZMB,LINC02012,CCL5,CASP5,IL1B,RP11-350D23.4,ILKAP,SIGLEC1,CASP5,TLR2,KLF12,CDKN2D,CD163,IL10,CDC25C,GBP1,MAD1L1,LY96,BATF2,RTP4,IL26,IL17A,CASP4,IL1R1,NOD1,GZMA,CXCL9,TLR1,MMP9,POLDIP2,C1QA,NOD1,IL4R,IL12A,GATA3,CD6,CASP10,CCL8,IRF7,AIRE,SAA1,ZNF296,RP13-497K6.1,CD86,IL12B,RP11-712L6.8,C1QC,CTB-147N14.6,MPO,CYP26B1
ICA1,CXCR3,IFNGR2,IFIT5,CCDC124,SARM1,BCL6-AS1,LY96,CCL5,CDV3,HLA-A,IL36B,CYP26B1,IFI44L,RIPK2,RNU6ATAC25P,TRBJ1-1,CD44,IDO1,BECN1,NOD2,CD14,LCK,CXCL9,CCDC153,TAPBP,ELANE,CD82,IRF5,ATG5,IL36RN,IFNB1,PDCD1,CD40,CD80,IL7,LCK,SOD1,CCR7,IL1A,TAP1,IFI16,TGFBR1,CD247,CARD16,DEFA1,NFKB1,CDC42-IT1,HP,IL12A,GZMK,MIR9-3,CCL7,PYCARD,LAMP3,MCUR1,IL6ST,CD14,CASP4,TLR4,ANO9,CDKN2B,FBXO6,TLR4,IFNLR1,GBP5,LASP1,CD3D,METTL7B,RSAD2,IL17A,IL12B,CD38,IL22,NOD2,GZMB,CXCL10,TLR2,TIMP1,PLXND1,C1QB,NOD2,CXCL2,CXCL10,RORC,IK,CFLAR,IL1B,IRF8,IFIT2,HP,TK2,LINC02252,CD163,IL18,PGA5,C2,CTB-113P19.6,PON1,ICA1
DBNDD1,IL10RA,IFNAR1,5S_rRNA,CD79B,POLDIP2,CDPF1P1,BPI,MRC1,CD200,HLA-B,IL1F10,ICA1,IFI16,NOD1,LINC02239,LINC02005,CD69,STAT2,MAP1LC3B,BATF2,CD68,LYN,SOD2,CCL1,IL15RA,FCGR1B,CD209,IRF2,TMCC3,IFNA21,IFITM2,FASLG,ICAM1,CD86,CCL5,ZAP70,SOD2,CD27,IL1R2,PARP9,IFI44,TGFBR2,CTLA4,CARD17,TNF,NFKB2,CDC23,EBI3,IL12B,C1QB,RP11-322M19.5,CCL8,TLR1,RNF213,ATP2A3,IL2RA,MARCO,IL1B,TLR9,CD79A,CDKN2A,DHRS9,TLR2,CCL3-AS1,AIM2,SNX11,CD3E,FPR1,SAMD9L,IL17F,IL4,TNFRSF12A,CCL21,TLR2,PRF1,CXCL11,TLR4,TIMP2,AK2,C1QC,CASP1,IL12RB2,CXCL11,CD14,CAMSAP3,TFPI,IL18,IRF9,IFIT3,LBP,METTL21EP,LIMS1,CD14,CXCL9,RNU6-1282P,C3,CTB-129P6.11,GCFC2,DBNDD1
ALS2,IL10RB,IFNAR2,5S_rRNA,CDK11A,PLXND1,PCDH1,PGLYRP1,CD68,CDC45,HLA-C,IL33,DBNDD1,IFIT1,NOD2,RP1-281E18.1,RPS12P3,DPM1,JAK1,SQSTM1,IL12A,MARCO,SYK,TLR5,CDRT15P6,GBP6,FCGR2A,IL5RA,IRF8,CDK14,IL18BP,IFIT1,STAT4,VCAM1,IL12B,IL13,IRF3,CAT,MKI67,IL1R1,DUSP3,IFI44L,JAK1,ICOS,CEACAM1,DEFA3,RELA,TNFRSF4,IL21,IFIT5,CD209,RNU6-1177P,CCL19,TLR2,CD177,NPRL3,IL15RA,CCR7,IL18,MYD88,FCGBP,CDKN1B,LGALS9,MMP7,HLA-DPB1,PYCARD,TMEM176A,CD3G,IFITM2,SAMSN1,IL12B,ZAP70,CCL26,CXCL3,TLR4,FASLG,CCL2,TLR8,FN1,CD38,C2,CASP4,CD59,CD19,CD68,MTPAP,NDUFAF7,IL6,LYZ,OAS1,BPI,FCRL2,TGM4,TLR2,CXCL10,H3-2,C4A,CTB-113P19.5,WDR54,ALS2
CASP10,IL12A,CD28,5S_rRNA,PGLYRP1,AK2,FCGR2C,LBP,CD163,CDC6,HLA-DRA,IL11RA,ALS2,IFIT2,CD3D,ROBO1,RP11-377D9.1,SCYL3,JAK2,NCF1,CXCL10,MRC1,ZAP70,CEACAM1,HHLA3-AS1,ID3,FCGR2B,CD200,IRF6,CROCC,IFNAR1,IFITM1,STAT3,ITGA4,IL10,CD86,PDCD1,GBP1,GBP4,IL1RL2,KLF2,IFIT1,JAK2,PDCD1,CEACAM6,CARD17,NLRC4,CD300C,CTLA4,FCGR2A,CFB,RP11-34P13.9,TAP1,TLR4,NCF1,RP4-687F11.2,IL36G,CCR5,IL1R1,TICAM1,GZMK,CDKN1A,TLR1,CASP1,CD2AP,CASP1,M6PR,CD4,IFIT1,SECTM1,IL5,FASLG,CD79B,IL13,TLR9,HLA-A,CCL3,NOD2,COL1A1,FKBP4,C3,CASP5,CD82,TLR9,MARCO,TMIGD3,RBM5,TNF,MPO,STAT2,CAMP,ANKRD22,CAMTA2-AS1,TLR4,CXCL11,TEX53,C4B,XXbac-BPG308K3.5,CROT,CASP10
CFLAR,IL15,CD80,5S_rRNA,MMP25,CD38,MMP27,C3,CTLA4,CDC23,HLA-DRB1,IL18BP,CASP10,IFIT5,CD3E,CTD-2576D5.4,RP11-382B18.5,C1orf112,TYK2,NCF2,ITGAM,CD163,FYN,LAMP3,PCDHGA1,P2RY14,FCGR3A,IL11,IRF1,ZC3H11A,IL17RD,OAS1,ICOS,ITGB1,TGFB1,IL21,CTLA4,GBP2,GBP6,IL1RL1,IL15RA,IFIT2,STAT1,CD79A,CEACAM8,HP,AIM2,CD320,CXCL13,FCGR2B,CLEC4D,GS1-278J22.1,TAP2,MYD88,APOBEC3A,RAPSN,IL1RN,CCL5,IL1R2,IRAK4,SCYL3,CDKAL1,TLR2,IFI44L,IL25,IL1A,CYP26B1,CD8A,IFITM1,SIGLEC1,IL1A,CD68,IL32,IL31,MYD88,HLA-B,CCL4,NLRP3,COL1A2,KDM1A,C4A,SOCS1,PDCD7,CCL5,MRC1,CCR1,MTMR7,IL12B,CAMP,JAK2,DEFA1,CARD17,MIR1290,NLRP3,CCL2,RNU6-222P,C5,CTB-161M19.4,ABCB4,CFLAR
TFPI,IL18,CD86,5S_rRNA,IL32,FKBP4,MAPRE1P1,C5,PDCD1,CRAT,B2M,IL21,CFLAR,IFITM1,CD3G,KCNJ1,LINC01322,FGR,Y_RNA,NCF4,DEFB4A,MX1,MAPK14,LOC129607,TGFBI,NLRC4,FCGR3B,IL12RB1,ADIRF-AS1,TBXAS1,IFNA16,OAS3,FCN2,BCL2,TNF,HSPB1,IL12A,GBP5,GBP7,IL18R1,NEMF,IFIT3,STAT3,CD79B,IL32,GBP3,PYCARD,CDC7,CD163,LASP1,CLEC4E,ELOVL3,HLA-DRA,NFKB1,SERPING1,POC1B,IL36A,CXCL9,IL1RN,TRAF6,MIEF2,CDK8P2,TLR4,IFI44,CDIPT,IL1R1,ICA1,CD8B,LCN10,SOCS1,IL1R2,APOE,CD9,CXCL2,CASP1,HLA-C,CXCL1,CASP1,ATG5,RBM6,C4B,SOCS3,CD209,CCL4,MSR1,PRPSAP2,SLC7A2,IL23A,DEFA1,TRAF2,DEFB1,HP,FGF18,CASP1,CCL5,CENPS,CFB,CTB-178M22.2,KMT2E,TFPI
NDUFAF7,IL23A,ICOS,5S_rRNA,MAPK8IP2,KDM1A,CCDC75P1,CFB,CD28,CRTAC1,TAP1,IL19,TFPI,IFITM2,CD4,FAM110B,TOB1-AS1,CFH,Metazoa_SRP,RAC1,CLEC7A,MX2,MAPK8,RTP4,CCDC82,IL1B,CD3D,IL2RB,IRF2BP1,MXD1,IFNAR2,OAS2,FCN3,BAX,TNFRSF1A,BCL2L1,IL12B,BATF2,LAP3,IL18RAP,DHX29,ISG15,STAT4,MS4A1,IL20RA,GBP6,CASP1,CDK1,CCL23,PCBP1,CR1,RP11-367J7.4,HLA-DRB1,NFKB2,IRGM,TAF11,IL36RN,CXCL11,IL18BP,NFKB1,CXCR5,CDK8P1,JAK1,STAT4,CDK10,IL1RN,DBNDD1,CTLA4,HBA2,SOCS3,IL1R1,APOC1,CD4,CCL20,PYCARD,HLA-DMA,CXCL2,CD14,ATG7,CAMKK1,C5,MMP8,IL5RA,CCL3,FCGR2B,DPM1,ARF5,IL10,DEFB1,CD8A,LCN2,GCH1,CST5,IL1B,TNF,CTB-47B11.3,CFH,XXbac-BPG16N22.5,RHBDD2,NDUFAF7
RBM5,IL4,ICOSLG,5S_rRNA,TRAF3IP3,RBM6,ATG12P1,CFD,CD80,IL11,TAP2,IL22RA1,NDUFAF7,ISG20,CD8A,RP11-44H4.1,RP13-16H11.8,FUCA2,U3,RAC2,MYD88,OAS1,MAPK1,HERC5,CCDC85C,RAB24,CD3E,CD40,IRF2-DT,CDK17,IFNGR2,IRF8,CD96,CASP3,TNFRSF1B,HLA-B,STAT4,ANKRD22,SOCS1,TNFSF4,PTPRC,MX1,MMP1,CD68,IL17RB,GBP7,CASP4,CDYL-AS1,SCARF1,FCGR3B,DEFB1,Y_RNA,HLA-DQA1,NFKBIA,IL15RA,AP005901.1,IL36B,IL12B,CLEC4A,NFKB2,CD27,CDK7P1,JAK2,HERC6,IL12A-AS1,IL6R,ALS2,PDCD1,HBA1,TAP1,IL1RL2,KLRD1,CD22,IL21,LYZ,HLA-DMB,CSF1,CD86,ATG12,RECQL,CFB,MMP9,NLRP1,OASL,FCGR3A,SCYL3,SARM1,TGFB1,ELANE,CD4,LTF,TAP1,AC092755.4,IL6,CD3D,RP11-44M6.1,CFI,CTB-113P19.4,SOX8,RBM5
MTMR7,IL4R,LAG3,5S_rRNA,CD9,CAMKK1,XXbac-BPGBPG24O18.1,CFP,CD86,CREM,C1QA,IL17RD,RBM5,MX2,CD8B,MTTP,AC009495.3,GCLC,U6,ITGAM,TRAF6,OAS2,NFKB1,GPR84,CDCA4P4,TLR1,CD3G,CCL22,IRF7,CREB3L3,IL17RE,MX1,CLEC4E,CASP1,IL6,FAS,FPR1,FCGR1A,SOCS3,TNFAIP3,P2RY14,OAS1,MMP8,MARCO,IL4R,GBP1P1,CASP5,IFNE,CD3E,SFTPC,DEFB4A,RP11-395B20.2,HLA-DQB1,NFKBIB,PSMB9,RP11-342M1.3,IL1F10,IL23A,CLEC4D,RELA,EPSTI1,CDK5R2,TYK2,HERC5,TNFSF14,IL6ST,CASP10,LAG3,PSMB9,TAP2,IL1RL1,IL6,CD6,CCL11,CXCL10,HLA-DOA,CSF2,CD40,ATG16L1,VPS50,CFH,S100A12,CD200,IRF8,ITGAX,C1orf112,POLDIP2,NOD2,CTSG,TNF,SCYL3,TAP2,ARAP1,TNF,CD3E,RP11-10J18.3,CD3D,CTB-147N14.4,IBTK,MTMR7
SLC7A2,IL7R,PDCD1,5S_rRNA,LYPLA2,RECQL,FCGR3B,SERPING1,OR7E83P,CRISP3,C1QB,IL9,MTMR7,HERC5,CD28,RAD23BP3,RP11-693I21.1,NFYA,SNORA70,ITGAX,PRF1,OAS3,NFKB2,CCL7,CDH12P2,TLR4,CD8B,CCL17,GUCD1,BCAT1,IL17RC,MX2,NOD2,RIPK3,IL6R,CD69,FPR2,FCGR1B,TRAFD1,TNFSF18,ID3,OAS2,MMP9,MSR1,IL12RB2,IFI35,MAPK1,CD80,PRDM1,SFTPB,DUSP3,Y_RNA,FCGR1A,CCL2,HLA-DRA,OR5M13P,IL33,IL18,IL15,RELB,EIF2AK2,CDK5R1,RHOG,CXCL9,IFNWP5,SOCS1,CFLAR,TIGIT,HP,TRIM22,IL18R1,BLK,IL20RA,CCL15-CCL14,CXCL9,HLA-DOB,CSF3,CYBB,BECN1,HSPB6,TLR1,LCK,IL11,MX1,TLR9,FGR,PLXND1,TLR2,BPI,IFNG,C1orf112,LYN,RNA5SP190,IFNG,CD3G,RP11-848D3.4,CD3E,CTB-118P15.3,ZNF195,SLC7A2
ARF5,BAD,CD274,5S_rRNA,RABGAP1,VPS50,CCDC146,CR1,TAAR3P,CDC5L,C1QC,IL34,SLC7A2,HERC6,CTLA4,MIR6824,TICRR,STPG1,U8,CR1,LCK,OASL,RELA,IFITM1,ILDR1,IFNG,CD2,IL21R,IFNA20P,CDH3,IL31RA,IRF9,NLRP3,MLKL,IFNG,IFNA1,ELANE,SERPING1,SAMD9L,TNFSF11,RETN,OAS3,CAMP,CD163,IL5RA,IFIH1,MAPK3,CDC42BPB,MDFIC,LTF,EOMES,OVOL1,FCGR1B,CCL3,SECTM1,LINC02082,IL11RA,IL10,CCL2,JAK1,TAP1,CDK5P1,HORMAD1,IRF8,HLA-B,PTPRC,TFPI,MS4A1,IFNLR1,UBE2L6,IL18RAP,IL10,CD74,CCL4L2,CCL2,HLA-DPA1,CD3D,CD3D,MAP1LC3A,ARHGAP33,TLR2,ZAP70,JAK2,MX2,NOD1,CFH,AK2,TLR4,NCF1,IL2,FGR,MAPK14,RP5-916O11.2,IL10,CD4,RP11-363J20.2,CD3G,CTB-1048E9.7,MYCBP2,ARF5
SARM1,BAX,TLR1,5_8S_rRNA,CD22,HSPB6,PCDHGB3,C3AR1,NSA2P6,JAK2,C3,IL6R,ARF5,IL10,PDCD1,RCOR3,ZNF785,NIPAL3,U2,MRC1,MX2,ISG15,RELB,CCL13,IFNNP1,TNF,CD28,CD276,CDCA4P4,BICRA,IL20RB,HP,MBL2,ATG5,IFNGR1,CD34,MPO,CARD16,FBXO6,TNFRSF10B,KLK1,OASL,DEFB4A,MPO,IL11,IRF6,MAPK8,IL21R-AS1,TIMP2,DPM1,FASLG,TBC1D3F,FCGR2A,CCL4,CCL2,RP11-611O2.2,IFNA21,TGFB1,CCL5,JAK2,SFTPD,CDK4P1,FCGR2A,FCGR2A,IL20RA,FYN,NDUFAF7,CD19,TNFRSF12A,VAMP5,IL17C,TLR4,CD44,IL11,CCL5,HLA-DPB1,CD3E,CD3E,MAP1LC3B,NDUFAB1,TLR4,PTPRC,IL12RB1,ISG15,NLRP3,FUCA2,CD38,TLR8,NCF2,IL10,CFH,MAPK1,HSD17B4,IL12A,CD8A,CLCA2,CD28,CTB-118P15.2,FBXL3,SARM1
POLDIP2,BID,TLR2,5_8S_rRNA,CD6,ARHGAP33,HLA-T,C5AR1,RP11-477J21.2,IL12RB1,PPARG,IL23R,SARM1,IL18,LAG3,RNU6-440P,AC018643.4,ENPP4,5S_rRNA,CD209,IRF7,ISG20,IRF7,IL2RB,TBCD,CEBPB,CTLA4,IL7,CCDC88C,AHRR,IL17RA,NLRP3,CD226,BECN1,IFNGR2,NRF1,DEFA1,CARD17,PARP9,TNFRSF8,TLR2,HERC5,CD14,ELANE,IL12RB1,IFI27L2,MAPK14,CD44-AS1,SESN1,SCYL3,FOXP3,EPB41L2,FCGR2B,CCL5,CCL8,RP11-89C3.5,IL18BP,CCL2,TNF,TYK2,CXCL10,CDK11B,FCGR2B,PARP1,CDC73,VAV1,RBM5,CD79A,RTEL1-TNFRSF6B,DPM1,IL37,TLR2,IFNGR1,IL2RB,GBP3,HLA-DQA1,CD3G,CD3G,SQSTM1,PDK4,TLR8,CTSG,CARD10,IRF9,CLEC4E,GCLC,FKBP4,NLRP3,NCF4,TBX21,FUCA2,MAPK3,SNW1,IL12B,CD8B,PDCL3P4,CTLA4,CTB-113P19.3,ITGAL,POLDIP2
PLXND1,BCL2,TLR4,5_8S_rRNA,SLC30A9,NDUFAB1,MMP23B,IL1R1,RP11-404E16.1,CDC7,ALOX5,IL20,POLDIP2,IL22,HAVCR2,FOXF2-DT,RP11-734C14.2,SEMA3F,5_8S_rRNA,CLEC4E,IFIT1,IFIT1,IRF8,P2RY14,MMP17,STAT2,ICOS,CD37,CCDC136,CASP8,IFNLR1,NOD1,FCN1,MAP1LC3B,CCR5,KEAP1,DEFA3,SFTPA1,DTX3L,TNFSF10,TLR4,RSAD2,CD209,CTSG,IL2RB,IRF2BPL,ICAM1,CDH1,TRAFD1,C1orf112,FPR3,RP11-584P21.4,FCGR3A,CCL7,PSMB8,MGA,IL21,CCL7,TNFRSF1A,SOCS1,MX1,CDK11A,FCGR3A,GZMA,CDRT15P14,PLCG1,MTMR7,CD79B,TNFRSF1B,SCYL3,IL17B,CASP1,TNFRSF17,IL20,GBP4,HLA-DQB1,CD4,CD4,LAMP1,SLC22A16,TLR9,AZU1,IL2RB,IFNGR1,CLEC7A,NFYA,KDM1A,CASP1,RAC1,CXCL9,GCLC,JAK3,CPLANE2,IL17A,LCK,BCL2L1,PDCD1,CTB-178M22.1,PDK2,PLXND1
AK2,CASP3,MYD88,5_8S_rRNA,CCDC88C,PDK4,GZMAP1,IL1RN,RP11-184E24.1,BCL7C,FABP4,IL24,PLXND1,IL23A,TIGIT,SNORA3B,PDE7A-DT,CFTR,SNORA72,CLEC7A,LAMP1,IFIT2,IRAK4,TNFAIP6,CDC42SE2,SPI1,PDCD1,IL4I1,CD44,CDON,IFNA10,NOD2,CD14,SQSTM1,CCR2,IL15,DEFB1,SFTPA2,CASP4,TNFAIP6,NOD2,EPSTI1,MAPK1,LCN2,IL21R,IFIT3,VCAM1,CDIPT,KCNJ15,FGR,GBP1,KRTAP4-16,FCGR3B,CCL8,PSME2,ENSG10010135243.1,TNFRSF11A,IL6,TNFRSF1B,SOCS3,OAS1,CD83P1,FCGR3B,LCN2,TNFRSF18,NFATC1,SLC7A2,BANK1,TNFRSF17,C1orf112,ILF3,STAT4,TNFRSF9,CXCL1,GBP6,HLA-DRA,CD8A,CD8A,LAMP2,ZMYND10,NOD1,DEFA1,CD40,IFI35,HLA-A,STPG1,RBM6,CARD17,RAC2,CXCL10,NFYA,STAT3,DYRK4,IL18,ZAP70,TRIM9,LAG3,CTB-159G17.4,ITGA3,AK2
CD38,CASP8,IRAK4,5_8S_rRNA,NUDCD3,SLC22A16,CCDC88A,IL6R,CDK6-AS1,CDC34,VDR,IL17RE,AK2,CCL2,CD274,RNU6-1114P,RNU1-78P,ANKIB1,SNORA63,LAMP1,ISG15,IFIT3,TRAF6,CASP1,CDRT15P2,IRF9,CD79A,IL27RA,CDK13,CALCRL,IL1RAP,IL32,NOD1,HIF1A,IL1R1,CD247,CAMP,SFTPB,CASP5,IL17C,CASP1,IFIH1,MAPK3,CCL2,IL7,IFIT2,PECAM1,IL6STP1,RETN,CFH,GBP2,RNA5SP328,C1QA,CCL19,CD38,ABCD1P2,IFNAR1,IL22,TLR1,NLRP3,OAS2,CD46P1,CD52,MMP3,CD81,NFATC2,ARF5,FCRL1,TNFRSF9,FGR,ILKAP,IRF8,IL17RB,IL6R-AS1,GBP7,HLA-DRB1,CD8B,CD19,RAB5A,ABCB5,NOD2,CAMP,TNFSF13B,TGFB1,HLA-B,NIPAL3,CAMKK1,MARCO,TBX21,CXCL11,SEMA3F,PSMB8,TRIM51BP,IL22,GZMA,RP11-864N7.2,TIGIT,CTB-193M12.5,ITGA2B,CD38
FKBP4,CASP9,TRAF6,5_8S_rRNA,IL20RA,ZMYND10,MAP4K5,TNFRSF1A,RNU6-559P,CDHR5,CYP27B1,IL17RC,CD38,CCL5,PDCD1LG2,REXO1L10P,DRD2,CYP51A1,SNORA62,RAB5A,PDCD1,IFI6,RIPK2,BST2,CD200R1,TAF10,CD79B,CD79A,C2CD4B,ZC3H15,ASUN,IL7,MARCO,PPARG,IL1R2,MAPK3,LTF,SFTPC,IL1A,IL1B,NLRP3,DDX58,MAPK8,CCL5,IL4I1,IFI6,BCL2,CCL19,TNFRSF21,FUCA2,GNLY,LACTB2,C1QB,CCL20,HLA-B,RP3-467D16.4,IL19,IL17A,TLR2,AIM2,OAS3,CD300H,CD53,FCGR1A,CDK18,JUN,SARM1,FCRL2,TNFRSF1A,CFH,IL6ST,XCL1,CD84,IL12RB2,IFI6,TAP1,CTLA4,GATA3,RAB7A,SLC25A13,NLRP3,NCF1,CCL22,IFI6,HLA-C,ENPP4,RECQL,MRC1,GATA3,NLRP3,CFTR,PSMB9,AP001056.1,IL23A,GZMB,AC009237.17,ICOS,CTB-161M19.2,ASB4,FKBP4
KDM1A,CDKN1A,NFKB1,5_8S_rRNA,CD74,ABCB5,TNFRSF10C,TNFRSF1B,POTEA,CRKL,CYP24A1,IL15,FKBP4,CCL11,CD80,RP11-290L1.6,RP5-1099C19.2,KRIT1,7SK,RAB7A,ELANE,IFI16,TAB1,PCBP1,HLA-K,TRIM21,CD22,CD33,CD302,GSTO2,IFNWP4,IL23A,HLA-DQA1,CPT1A,CASP5,FOXO3,FCGR2B,SFTPD,IL1RN,IL37,NLRC4,EIF2AK2,MAPK14,CXCL1,IL27RA,IRF5,BAX,IL1RAP,TNFAIP6,GCLC,GZMH,FTO,C1QC,CCL23,TLR2,ENSG10010136122.1,IL22RA1,RORC,TLR4,CASP1,ISG15,CD300E,CD55,IL18,CDRT15P13,FOS,POLDIP2,FCRL5,TNFRSF10A,FUCA2,IL2RA,XCL2,CD5L,CCL8,IFI16,TAP2,ICOS,TBX21,RAB11A,ST7,NLRC4,NCF2,CCL17,TICAM1,HLA-DPA1,SEMA3F,VPS50,CD209,RORC,CASP1,ANKIB1,PSME1,RP11-686D22.9,TGFB1,PRF1,RNU6-622P,KLRD1,CTB-159G17.3,GDE1,KDM1A
RBM6,CDKN2A,NFKB2,5_8S_rRNA,NCDN,SLC25A13,C1QTNF3-AMACR,IL10RA,KRT18P5,BCL2L13,ATG5,IL3,KDM1A,CCR2,CD86,MTND4P6,RP5-916O11.2,RAD52,SNORA75,CTSD,IRAK4,IFI27,TAB2,LASP1,DBIL5P2,SFTPC,CD40,CCL24,LNCDAT,CDK13,IFNWP9,IL12B,JAK1,HMGCR,NLRP3,TLR7,FCGR3B,HAMP,PYCARD,TNFSF9,CD4,IFI35,NFKB1,CXCL3,IL2,IRF4,BAK1,IL4R,TNFAIP3,NFYA,HP,ALOX12P2,MARCO,CXCL9,IL1RN,RP11-370B11.3,ILDR2,DPM1,NLRP3,CASP4,RSAD2,CD300A,TMEM14A,CD8A,ILRUN,ITGAL,PLXND1,CD163,TNFRSF10B,GCLC,IL15RA,FCGR2A,IL4R,IL1RL2,IFI27,PSMB8,ICOSLG,RORC,RILP,CDC27,AIM2,NCF4,IL21R,IFI44,HLA-DPB1,CFTR,HSPB6,CLEC4E,BCL6,IL1B,KRIT1,PSME2,SPEF2,CLEC4D,CD68,AP001062.9,KLRK1,CTB-139P11.2,REX1BD,RBM6
CAMKK1,CYCS,IL2,5_8S_rRNA,NLRP2,ST7,CD4,IL10RB,RP1-205F14P.1,CRYBB3,ATG7,IL22RA2,RBM6,CCR5,ICOS,RNU6-1109P,RP11-736K12.1,MYH16,U4,CTSB,FCGR1B,IFI35,IKBKB,STAT2,PCDH9-AS1,SFTPB,KLRK1,CXCL12,CXCL6,SMARCD1,IL9RP3,IL5,HLA-DPA1,IDH1,PYCARD,NFKB1,CR1,FTH1,NAIP,TNFSF14,CD8A,IFI6,NFKBIA,IL7R,IL10RA,IFI44L,BID,IFNB1,CASP4,STPG1,IL15,RP3-465N24.7,CD36,CXCL10,IL6,RP11-855O10.3,ILF2,SCYL3,TGFB1,CASP5,IFI44,CD2BP2,TMEM140,GBP5,ILVBL-AS1,ITGB2,AK2,FCGR3A,TNFRSF8,NFYA,IL36G,BANK1,CXCL2,IRF3,IFI30,PSMB9,LAG3,PRF1,VPS33B,SLC4A1,CAMP,LCN2,CD276,IFNAR1,HLA-DQA1,ANKIB1,ARHGAP33,CLEC7A,RUNX3,IL18,RAD52,CCR5,OBI1,CLEC4E,MRC1,LSP1P5,NCR1,CTB-136N17.1,CRLF1,CAMKK1
RECQL,FADD,IL4,7SK,CCDC28A,CDC27,BICDL2,HLA-DRA,RPS26P38,CRYBB2P1,BECN1,IL31RA,CAMKK1,CCR7,ICOSLG,IRF2BP2,RP11-732A19.6,BAD,U7,CTSL,DEFA1,IFI44,IKBKE,IL18BP,MMP14,SLC34A2,KLRD1,CCL7,PDCD6-AHRR,CD84,IFNA14,IL1A,HLA-G,PFKFB3,IL1A,CCL4,C1QA,FTL,NOD1,IL22,CD8B,IFITM1,PRDM1,IL2RA,IL23A,IFI44,CASP3,CDH20,VAMP5,NIPAL3,IL18,MIR4304,MERTK,CXCL11,NFKBIA,RP11-403A3.3,IL17RD,C1orf112,TGFBI,IL1A,IFI44L,CD24P2,TRAFD1,CXCL13,HLA-A,SELL,CD38,FCGR3B,TNFRSF19,STPG1,IL1RN,CD8A,IL12RB2,IL2RA,IFIH1,C1QA,TLR1,GZMB,ATP6V1A,CALCR,DEFB1,BPI,IL7,IFNAR2,HLA-DQB1,CYP51A1,NDUFAB1,TREM1,EOMES,TGFB1,MYH16,CCR2,GS1-388B5.8,MARCO,MSR1,CLUAP1,NCR2,CTB-171P15.2,OSBPL7,RECQL
VPS50,FAS,IL6,7SK,RTEL1-TNFRSF6B,SLC4A1,CDRT15P4,HLA-DRB1,TAOK1,CRYBB1,MAP1LC3B,IL25,RECQL,S100A8,CD40,PCCA,OR7E99P,LAP3,U1,CTSS,TNF,IFI44L,TBK1,HPSE,PTCD3,SFTPA1,KLRC1,CCL2,PPIL3,ATG2B,IL9RP1,IL6,LCK,SLC2A1,IL1RN,IFI16,C1QC,TF,NOD2,IL17B,CD19,IFITM2,BCL6,IL2RB,IL26,IRF8,CASP7,IL2RB,DGAT2,ENPP4,IL18BP,NYNRIN,AXL,CXCL13,TNF,ENSG10010135820.1,ILDR1,FGR,CTSD,IDO1,HERC5,CD24P1,MCEMP1,UBE2L6,IL6R-AS1,SELP,FKBP4,MARCO,TNFRSF11A,NIPAL3,IL36A,MX1,CD59,IL10,IFIT1B,C1QB,TLR2,CD274,ATP6V1B2,DVL2,DEFB4A,CEBPB,TNFRSF10A,IFNGR2,HLA-DRA,KRIT1,PDK4,TREM2,ID2,IDO1,BAD,CXCR6,SMIM14,MCEMP1,ITGAM,MPP3,NCR3,XXbac-BPG34K20.6,SIGLEC5,VPS50
HSPB6,FASLG,IL10,7SK,CD44,CALCR,PCDHB7,CD74,HCST,IL2RB,CD19,IL7R,VPS50,S100A9,LCK,DPY19L2P3,RP11-543B16.5,HS3ST1,SNORA73,MTOR,DEFA3,IFIH1,UBE2L6,TLR8,CDC7,SFTPA2,KLRC2,CCL8,CDCP1,TNFRSF1A,IFNWP5,IL33,NFKB2,SLC1A5,IL7,IRF3,C2,TFRC,C1QA,TNFRSF19,CD3D,ISG20,NOS2,HLA-A,IL17A,IFITM3,CASP8,CDKAL1,ACSL1,SEMA3F,IL2RA,RP11-787I22.3,NLRP3,CD14,ITGAX,RN7SL120P,TNFAIP8,CFH,CTSL,NOS2,HERC6,CCL3-AS1,HP,MX1,HLA-DPA1,CXCL8,KDM1A,SIGLEC1,TNFRSF21,ENPP4,IL36RN,C1QC,CD82,IL9,IFIT2,C1QC,TLR6,CTLA4,ATP6V0D1,PRSS22,LCN2,SPI1,FCGRT,IFI16,HLA-DRB1,RAD52,SLC22A16,CIITA,TCF7,CD28,HS3ST1,NOD2,RP11-275E15.3,HP,ITGAX,OR4F2P,CD68,CTB-161M19.1,CYB561D2,HSPB6
ARHGAP33,GADD45A,IL12A,7SK,IFNGR1,DVL2,PCDHB2,CIITA,RNU6-1260P,GZMB,CD27,IL12A,HSPB6,S100A11,ZAP70,RPL31P45,AIPL1,AOC1,SNORA74,AKT1,CCL5,IFIT5,ISG15,DYSFIP1,CCDC15-DT,LCK,KLRB1,CCL1,LMCD1-AS1,COASY,IL9RP2,IL12A,HLA-DPB1,IFNA1,IL15,IL1A,C3,SLC40A1,C1QC,IL6ST,CXCL13,MX2,IDO1,HLA-B,IL17F,ISG20L2,CASP9,CDR2-DT,LHFPL2,CFTR,IL2RB,NADK2-AS1,CASP1,CD163,CCL5,RP11-413E6.11,IL9,FUCA2,MPO,MPO,CD3D,CXCL1P1,IL1B,C1QC,HLA-DQA2,CXCL9,RBM6,MSR1,TNFRSF14,SEMA3F,IL36B,ITGB2,CD209,IL22RA2,IFIT5,C2,TLR9,PDCD1,ATP6V0C,UPF1,S100A8,CSF1R,CD37,CAMP,TAPBP,MYH16,ZMYND10,CCR2,GZMB,CTLA4,AOC1,NLRC4,ENSG10010140101.1,FCGR2A,CD86,LINC02456,CD163,CTB-193M12.3,PDE11A,ARHGAP33
NDUFAB1,GADD45B,IL12B,7SK,TNFRSF1B,PRSS22,BCL9P1,CTLA4,HEATR1,CDKL1,CD40,IL13,ARHGAP33,S100A12,GZMA,SENP3-EIF4A1,MIR548X,WNT16,Vault,DPM1,CD38,IFITM1,HERC5,CD38,STAT5A,FYN,NCR1,IL2,CDC20,BCL3,IFNA13,TNF,JAK2,IFNA2,IL21,CXCL9,C4A,HFE,C2,IL2RA,IL12A,PLSCR1,ARG1,HLA-C,IL12B,IFIT5,CASP10,CD63,ZNF296,ANKIB1,IL6,RP11-339D23.1,IL1A,TREM1,PARP14,EPAS1,TNFRSF21,GCLC,NCF1,NCF1,CD3E,IL20RB-AS1,IL18,CD3G,CDRT8,CXCL11,CAMKK1,C1QA,TNFRSF13C,CFTR,IL1F10,CD3G,IL5RA,IL7R,IFITM1,C3,NOD1,CD68,CTSD,SKAP2,S100A9,CSF3R,IL4I1,DEFB1,B2M,BAD,ABCB5,CCR5,GNLY,PDCD1,WNT16,CASP5,LINC00328-2P,FCGR2B,CD80,MTND1P34,MSR1,CTB-50L17.16,RGS5,NDUFAB1
PDK4,GADD45G,IL17A,7SK,BCLAF1,UPF1,CCL3-AS1,PDCD1,C5orf17,CDKN3,CD80,IL16,NDUFAB1,NLRP3,GZMB,NUFIP2,RP11-121C2.2,HECW1,SNORD39,SCYL3,CDC27,IFITM2,TRIM25,TNFRSF25,HACD4,PRKCQ,NCR2,IL10RA,CDKN1B,RAB27A,IFNA17,CCL26,IRF7,IFNB1,IL23A,GATA3,C4B,VDR,C3,IL15RA,IL12B,SP100,TICAM1,HLA-DRB1,IL5,IFI16,FAS,CDK5R1,MAPK14,CYP51A1,IL7,RNU6-153P,TREM1,S100A8,NFKB1,DUX4L51,IFNA5,NFYA,NCF2,NCF2,CD3G,CDC37L1-DT,TNF,ADAR,IL33,CCL3,RECQL,C1QB,TNFRSF11B,ANKIB1,IL33,CCR5,CD200,CCL3L1,IFITM2,C5,NOD2,MPO,VDR,MCUB,S100A12,CD68,IL27RA,IFI27,CIITA,LAP3,SLC25A13,CXCR3,PRF1,DPM1,HECW1,IL1R1,BUD31P1,LCK,TLR2,TRBJ1-5,MARCO,CTB-191K22.6,CCDC39,PDK4
SLC22A16,PARP1,IL18,7SK,SLC39A9,SKAP2,CCDC97,CD274,RNU6-275P,NFKBIA,CD86,IL17D,PDK4,NLRC4,GZMH,AP000275.64,HLA-DQB1-AS1,MAD1L1,SNORD81,C1orf112,TNFRSF12A,IFITM3,USP18,TMEM140,CCDC59,LAT,NCR3,CD5,CDC73,DGCR2,IL6RP1,CXCL2,HLA-DRB1,IFNAR1,IL27,IRF7,C5,CYP27B1,C3AR1,IL6,IL17A,SP110,MYD88,HLA-DQB1,IL1A,IFI27L1,FASLG,CD48,FBXO6,KRIT1,IL7R,RP11-525K10.2,TREM2,S100A9,TLR4,RP11-455F15.1,IFNA16,STPG1,NCF4,NCF4,CD4,CDKN2A-DT,LYN,CCR5,CD19,CCL4,VPS50,C2,TNFRSF10D,CYP51A1,IL11RA,JAK1,IL11,LYZ,DPM1,CFB,NLRC4,ELANE,CYP24A1,HOXA11,CCL2,CD33,CASP14,IFNB1,GZMA,HS3ST1,ST7,CXCL1,FASLG,SCYL3,MAD1L1,IL1RAP,RNU6-1218P,LCN2,TLR4,CD2BP2,MRC1,CTB-174O21.2,ELFN2,SLC22A16
ZMYND10,TP53,IL22,A1BG,RABEP1,MCUB,IL21-AS1,ICOS,RP11-598C10.2,CD40,GATA3,IL20RB,SLC22A16,CASP1,PRF1,MIR7162,RN7SL756P,SNX11,SNORA71,FGR,CCL26,BST2,PARP9,DYSF,CDC42BPG,CD3E,CD68,CD81,PDCD1,CDC42,IFNWP2,CCL22,IRF1,IFNAR2,EBI3,HLA-C,MBL2,CYP24A1,C5AR1,IL10,IL22,BST2,CASP10,CASP10,IL1R2,IFI27,TNFRSF1A,CD8B,TMEM51,RAD52,IL8,HPR,S100A8,S100A12,TNFRSF1B,RP11-582C12.1,IFNK,NIPAL3,NOD2,CAMP,CD8A,IFNA11P,FGR,IKZF3,CD36,CCL7,HSPB6,C3,TNFRSF10C,KRIT1,IL18BP,VCAM1,JAK2,NLRC4,SCYL3,CFH,MYD88,MARCO,CYP27B1,POLR2J,CCL3,ITGAM,PDCD5,MYD88,GZMB,AOC1,CDC27,CXCL2,CD27,C1orf112,SNX11,MYD88,RNU6-978P,DEFB4A,TLR9,GCLM,CLEC4E,CTB-191K22.5,POLR2J3,ZMYND10
ABCB5,CD163,IL23A,A1BG-AS1,TIMP2,HOXA11,BICD1,CD28,SUPT16H,CDC25B,TBX21,IL17RA,ZMYND10,CASP3,FASLG,CALML4,METRNL,TMEM176A,SNORD116,CFH,CDKL3,EIF2AK2,DTX3L,LILRB2,IL22RA1,CD19,MSR1,CD69,SOCS3-DT,LMCD1,IL10RB,CCL17,HLA-C,MX1,IL17A,CCL3,FCN1,HLA-DRB1,FCGR2A,IL36G,IL10,XAF1,CDC27,CD38,IL1R1,IRF2BP2,TNFRSF10A,CD302,TIFA,MYH16,LCN2,A1BG-AS1,S100A9,FCGR3A,CSF2RB,FAM218BP,IL18,ENPP4,IL12B,DEFA1,CD8B,IFNA12P,NLRP3,JAK1,CCL24,CXCL1,ARHGAP33,C3AR1,TNFRSF4,RAD52,IL21,NLRP3,IL12RB1,IL12RB1,C1orf112,CR1,IRAK4,MSR1,CAMP,DHX33,CCL4,ITGAX,CD79A,TRAF6,PRF1,WNT16,SLC4A1,CYBB,CD28,FGR,TMEM176A,IRAK4,RP11-435I10.4,DEFB1,C1QA,FSD1L,CLEC7A,RNASEK-C17orf49,PMS2P6,ABCB5
SLC25A13,EGR1,CXCL9,A1CF,CDH1,POLR2J,PCDHA3,CD80,AC104134.2,CDS2,RORC,IL6-AS1,ABCB5,CASP8,CAMP,RP11-7F18.1,KRTAP12-2,M6PR,SNORD63,FUCA2,CD79B,DDX58,SAMD9L,RIPK2,SCD5,IL7R,MARCO,IL23A,ILF3-DT,CDH19,ILF2P1,CCL24,RELB,MX2,IL17F,TGFB1,FCN2,HLA-DQA1,FCGR2B,IL1RN,IL6,DPM1,TNFRSF12A,CDC27,IL1RL2,IRF2,TNFRSF10B,CDK14,CYFIP2,BAD,LTA,TRNAU1AP,S100A12,FCGR3B,CIITA,MTATP6P27,IL34,SEMA3F,IL12RB1,DEFA3,CCR5,IFNA20P,CASP1,GBP2,CD302,CXCL2,NDUFAB1,C5,TNFRSF18,MYH16,IL19,FCGR3B,IL2RB,CCL7,FGR,CASP1,HLA-DRA,MRC1,DEFB4A,MEOX1,CCL5,ITGB2,CD33,IFNA2,GNLY,HECW1,CALCR,CYBA,CD40,CFH,ICA1,TRAF6,CTD-2066L21.2,CD19,C1QC,LA16c-358B7.4,CCL3,PDXDC2P-NPIPB14P,FAM153B,SLC25A13
ST7,EGR2,CXCL10,A2M,CDH10,DHX33,BCLAF1,CD86,AC000120.7,CRNKL1,PDCD1,IL17REL,SLC25A13,BAX,DEFB1,BNIP3P35,RP5-1193P9.2,CYP26B1,HERC2P7,GCLC,CDK11A,DHX58,PLSCR1,IFI44,PCDHGA3,TGFBR2,MRC1,IL26,CDC42BPB,PDCD2,IL9RP4,CXCL12,HLA-B,ISG15,IL22,CD68,MARCO,HLA-DQB1,FCGR3A,IL36A,LCK,SCYL3,CCL26,TNFRSF12A,IL1RL1,IRF2BP1,CYCS,CDC37L1,DEFA4,LAP3,LTB,KB-1980E6.3,CAMP,CD177,CASP5,RP11-398J12.1,TNFRSF14,CFTR,IL12RB2,DEFB1,CCR7,IFNA22P,CASP4,NLRP3,CDH19,CX3CL1,PDK4,C5AR1,TNFRSF25,BAD,IL22RA1,ICOS,CD40,IL1RL1,CFH,CASP3,HLA-DRB1,NCF1,DEFB4B,THSD7A,CCL7,LYZ,CARD8,IFNA1,CAMP,MAD1L1,DVL2,MPO,CD69,FUCA2,DBNDD1,NFKB1,MIR379,CD27,C2,AADAT,CCL4,XXbac-BPG55C20.7,SPATA13,ST7
CDC27,MRC1,CXCL11,A2M-AS1,RAB27B,MEOX1,MAP3K14-AS1,CD40,MYO5BP2,CDK5RAP1,CD274,IL1RAP,ST7,BCL2,DEFB4A,CTC-429P9.5,ANKRD49P3,ICA1,MATR3,NFYA,MMP25,RSAD2,SECTM1,IFI35,CD200R1L,ITPR3,MRC2,IL17A,CD86,FCGR2B,TNFSF11,CCL2,MYD88,RSAD2,CCL5,CASP8,MSR1,ASAP1,FCGR3B,IL36RN,ZAP70,C1orf112,CDKL3,CCL26,IL18R1,ISG20,DIABLO,CD59,ETV7,HS3ST1,LY96,MTND3P5,DEFB1,MMP8,LILRB2,RNA5SP218,IFNAR2,ANKIB1,JAK1,DEFB4A,CXCR4,IFNL3P1,CASP5,AIM2,CDK8P1,CCR1,SLC22A16,CFB,TNFRSF14-AS1,HS3ST1,ILDR2,CASP3,TNFSF13B,IL18R1,FUCA2,CASP8,HLA-DPA1,NCF2,DEFB1,LIG3,CCL8,CTSB,JAK3,IRAK4,DEFB1,LASP1,PRSS22,LYZ,CD80,GCLC,ALS2,NFKB2,WI2-933P11.1,CD4,C3,SLC39A4,CCL5,CTB-193M12.1,GOLGA8M,CDC27
SLC4A1,MSR1,CCL3,A2ML1,TNFRSF17,THSD7A,MMP13,CD40LG,RP11-536C10.13,CDH20,CTLA4,IL27,CDC27,FAS,DEFB103A,MIR3681HG,OSBPL9P4,DBNDD1,SIGLEC5,STPG1,IL32,CMPK2,NMI,DEFA1,CD27,MAP3K14,CD1A,IL17F,CDK5,NFATC3,IL22RA2,CCL20,IRF8,IFIT1,CCL4,CD79A,CD36,TICAM2,FCER1G,IL36B,LAT,FGR,CD79B,IFRD1,IL18RAP,IFITM2,APAF1,IFNA13,CARD17,AOC1,MMP9,XXyac-YM21GA2.3,DEFB4A,MMP9,CXCL13,AC004063.1,IFNGR2,CYP51A1,JAK2,LYZ,GZMB,IFNL4P1,CCR2,CTLA4,CD27-AS1,TP53,ZMYND10,CFH,TNFRSF13B,AOC1,ILF2,C2,CCL17,IL36G,GCLC,BCL2,HLA-DPB1,ITGAM,LCN2,RPAP3,CCL19,CTSD,NOD1,LTA,NOS2,SNX11,UPF1,CAMP,CD86,NFYA,CFLAR,RELA,CTC-441N14.4,CD8A,C4A,RP11-241G9.3,CCL7,XXbac-BPG32J3.22,MATR3,SLC4A1
CALCR,SPP1,CCL5,A2ML1-AS1,TNFRSF9,LIG3,RPS3AP38,FAS,RP11-45I20.1,TNFSF13B,HAVCR2,IL31,SLC4A1,FASLG,DEFB104A,RP11-134O15.4,GALP,ALS2,CYB561D2,NIPAL3,CD9,HERC5,GCH1,ACSL1,PIK3CD-AS1,SIGIRR,CD1B,CD83,PLCD1,CRMP1,TNFSF8,CXCL6,IRAK4,IFIT2,CXCL1,IL22,CLEC4E,CTAGE1,CXCL1,IL1F10,LCP2,CFH,CDK11A,CDKL3,IL17C,IFIT1,BECN1,CDK8P2,CD177,WNT16,MPO,OR51B2,ATG5,MPO,IL7R,YWHAEP1,TNFRSF13C,KRIT1,STAT4,LCN2,GZMH,IFNWP15,CCR5,CAMP,CDKN2B-AS1,PARP1,ABCB5,CASP3,TNFRSF6B,WNT16,IL17RD,CD3D,IL21R,IL1F10,NFYA,BAX,HLA-DQA1,ITGAX,S100A8,ACSM3,CCL20,CTSL,CASP2,LTB,MPO,TMEM176A,SKAP2,DEFA1,ICOS,STPG1,NDUFAF7,RELB,PTTG2,GZMA,C5,RP11-416I2.2,CXCL1,CTB-50L17.14,TBCE,CALCR
DVL2,TGFB1,CCL19,A2ML1-AS2,PTCD2,RPAP3,MTCO3P38,FASLG,RP11-510I5.4,CDADC1,CCR5,IL10RB-DT,CALCR,TNFRSF1A,LCN2,NPM1P50,LINC01693,CASP10,PDE11A,ENPP4,CD22,HERC6,SOD2,DEFA3,PCDHGA10,SYTL1,CD1C,IL12B,CDK7,CYP2W1,IL1RL2,CCL25,HLA-E,MMP1,CXCL2,CD40LG,CLEC7A,MC3R,CXCL2,TLR4,SYK,FUCA2,MMP25,CDK11A,IL37,IFITM1,ATG5,IL1R2,CLEC4D,HECW1,NCR1,TNFAIP1,ATG7,ELANE,TGFB1,CTD-3028N15.3,IL6R,RAD52,NFKB1,S100A8,PRF1,IFNWP18,CXCR4,IL15,TNFRSF11B,XIAP,SLC25A13,CASP8,TNFRSF10A-AS1,HECW1,ILDR1,TAP1,CD276,IL22RA1,STPG1,BID,HLA-DQB1,LYZ,S100A9,REXO5,CXCL9,ARG1,CCL24,TNF,LYZ,M6PR,MCUB,DEFB1,ICOSL,NIPAL3,RBM5,NFKBIA,KHDC1L,GZMB,CFB,CTD-3244O18.5,CXCL2,CTB-164N12.1,DPM1,DVL2
PRSS22,TGFBR1,CCL20,A2MP1,MAPK9,ACSM3,NOD2,BCL2,OR2AS1P,CCL22,CCR7,IL1R1-AS1,DVL2,TNFRSF10C,LTF,RP11-1277H1.3,RASSF4,CFLAR,RGS5,SEMA3F,CD6,TRIM5,RSAD2,GCH1,IL18BP,FCGR2A,CD1D,IL4,PDCD4,SELENOO,IL18R1,CCL21,NFKB1,MMP9,CXCL3,CD3D,CD209,CTSZ,CXCL3,IL33,JAK1,GCLC,IL32,IL32,IL22,IFITM3P3,ATG7,CD28,TNFSF13B,MAD1L1,PRDM1,AGGF1P9,ATG12,CTSG,CD40,TPT1P5,TNFSF13,MYH16,NFKB2,S100A9,GNLY,IFNWP19,ZNF296,CASP3,CDC5L,BIRC5,ST7,BCL2,IFNGR1,MAD1L1,IL9,STAT3,IL7,IL6R,NIPAL3,NLRP3,B2M,DEFA1,CASP1,CIAPIN1,CXCL10,NOS2,AIMP2,DDX58,LCN2,CYP26B1,HOXA11,CGAS,CTLA4,ENPP4,MTMR7,ICAM1,PRMT5,PRF1,JAK1,SNORD113-3,CXCL3,CTB-152G17.6,SCYL3,PRSS22
UPF1,VEGFA,LTA,A3GALT2,LY75,REXO5,IFNA11P,BAX,PKHD1,CCL17,CXCR4,IL9RP3,PRSS22,BID,MPO,RNU6-219P,CTA-331P3.1,TFPI,CCDC39,CFTR,IL20RA,TRIM14,TRIM22,DEFA4,C1QTNF1-AS1,MAPK14,CD1E,IL5,IL1RN,CD5L,TNFSF4,TLR2,HLA-DQB1,TIMP2,CXCL5,IRF1,NOS2,ATP6V1G1,CXCL5,IL11RA,JAK2,NFYA,CD9,CD9,IL17B,IRF1-AS1,MAP1LC3A,CDC25C,CEACAM1,SNX11,PRKCD,RP11-338L17.1,ATG16L1,LCN2,CD14,CTD-3216D2.4,IL23R,BAD,RELA,CD274,TBX21,CD200R1L,NEMF,DEFA4,CXCL3,BCL2L1,CDC27,BAX,IFNA6,LASP1,IL34,IL12A,TNFRSF10A,IRF2,ENPP4,PYCARD,TAPBP,CAMP,CASP3,SPPL2B,CXCL11,IDO1,TNFSF8,DHX58,CASP3,ICA1,POLR2J,STING1,PDCD1,SEMA3F,SLC7A2,VCAM1,RP11-621H8.1,BCL2,JAK2,RP11-71E19.1,CXCL9,CTB-1144G6.6,C1orf112,UPF1
SKAP2,GBP3,LTB,A4GALT,CCDC85A,CIAPIN1,HLA-DPB2,CASP3,TRBV1,CRISPLD2,IL2,IL6STP1,UPF1,PARP1,ELANE,RP11-325K19.3,SFTPA3P,NDUFAF7,ELFN2,ANKIB1,CD74,TRIM22,TRIM21,TLR4,TGFB1,PLXNC1,CD207,CD86,CCDC59,PTGS2,TNFSF9,CXCL9,IRF3,SDC1,CXCL6,TLR9,ARG1,CCL2,CXCL11,TLR2,TYK2,STPG1,CD22,IFFO1,IL6ST,IFIT1B,MAP1LC3B,CDCA2,BLK,TMEM176A,PTGS2,TCERG1L-AS1,BECN1,DEFA1,HLA-DRB1,DENND1A,IL20,LAP3,RELB,PDCD1,EOMES,TLR12P,DHX29,DEFB1,IFNL1,MCL1,SLC4A1,FASLG,IFNA8,SNX11,IL6R,BCL2,CD37,IL6-AS1,SEMA3F,NAIP,C1QA,CD163,CASP8,FAM214B,CXCL13,MRC1,PDLIM1,TRIM25,CASP8,DBNDD1,DHX33,TBK1,CD274,CFTR,ARF5,SELE,H2AW,BAX,JAK3,TECPR2,CCR2,XXbac-BPG32J3.20,FGR,SKAP2
MCUB,GBP6,TNFRSF1B,A4GNT,TRAF1,SPPL2B,HACD2,CASP8,RNY3P13,CRYM,IL4,IL21-AS1,SKAP2,CFLAR,CTSG,OR8I2,RN7SL788P,RBM5,POLR2J3,CYP51A1,CD44,TRIM25,IFI44,PSTPIP2,CCDC97,NAMPT,CD209,IL1A,CCDC25,TBX21,IL1F10,CXCL14,SYK,SDC4,CXCL8,CXCR3,ARG2,CCL3,CXCL13,IL18BP,SOCS1,NIPAL3,CD6,CD22,IL2RA,IFITM5,SQSTM1,CDH8,CCR7,M6PR,RAB33A,CLDN12,NOD1,DEFA3,CASP4,FARSA,IL24,HS3ST1,CIITA,CTLA4,RUNX3,CD27-AS1,PTPRC,IFI27,TNFRSF6B,BAK1,CALCR,BID,IFNA21,TMEM176A,IL23R,MYD88,IL4I1,IL1RAP,CFTR,LCK,C1QB,BCL2,RIPK1,COPZ2,CCR2,MSR1,CXCL12,C3,PARP1,ALS2,MEOX1,CD3E,LAG3,ANKIB1,SARM1,CD40,RP11-79C6.3,CASP3,STAT2,RP11-227H4.8,CCR5,XXyac-YR38GF2.1,CFH,MCUB
HOXA11,GBP7,CD40,AA06,IL17RB,FAM214B,CCDC192,RIPK1,RNU1-148P,CDIPT,IL7,IL6R-AS1,MCUB,HLA-DRA,BPI,NKD1,AC011997.1,MTMR7,PMS2P6,KRIT1,CDH1,GBP1,IFI44L,KCNJ2,CDH5,AQP9,CTSG,CCL20,PCDHGA2,CDHR2,IL11RA,CCL28,TRAF6,ICAM3,CXCL12,CD79B,IDO1,CCL4,CXCR4,IL21,CIITA,ENPP4,IL20RA,CD6,IL15RA,IFITM9P,DRAM1,ILDR1,CD79A,CYP26B1,RORC,CES1P2,NOD2,DEFA4,IRF8,RP3-483K16.4,TNFAIP8L2,AOC1,PRDM1,HAVCR2,TCF7,TNFSF4,NPC2,NOD2,CDC42-AS1,BAD,DVL2,PMAIP1,IFNAR1,M6PR,IL20,C1QA,IL27RA,IL7,ANKIB1,ZAP70,C1QC,CASP3,RIPK3,PRKAR2B,CCR5,CLEC4E,CCL7,TRIM22,BCL2,CASP10,THSD7A,CD8A,TIGIT,CYP51A1,AK2,CD86,C5orf34-AS1,CASP8,STAT3,RP5-934G17.7,IFNA1,CTB-147C22.9,FUCA2,HOXA11
POLR2J,IFNG,CASP1,AAAS,TRAF3IP2,COPZ2,XXbac-BPGBPG55C20.6,MAPK1,RP11-719K4.7,IL21R,IL13,IL9RP1,HOXA11,HLA-DRB1,S100A8,RALY-AS1,ENTR1,SLC7A2,FAM153B,RAD52,CDH10,GBP2,IFI16,KLF6,CDKN2AIP,FPR2,AZU1,IFIH1,CCDC124,HACD3,IFNNP1,CXCL16,HLA-A,SELL,CXCL13,TBX21,ATG5,CCL5,CCR1,TNFRSF11A,CASP10,SEMA3F,CD74,IL20RA,IL36G,IRF9,LAMP1,CDCA8,CD79B,ICA1,RUBCN,APELA,TNFSF10,CAMP,IL10,SETSIP,IL17RE,WNT16,ETV5,LAG3,CD19,TNFSF8,BPI,CD3D,CDK7,BID,PRSS22,MCL1,IFNA5,CYP26B1,IL24,CD19,CD79A,IRF1,CYP51A1,ICOS,C3,CASP8,MLKL,CREBBP,CCR7,CLEC7A,CCL2,PARP9,BAX,CFLAR,LIG3,CD4,RAB13,KRIT1,CD38,CD80,AC023449.2,FAS,STAT4,RP5-894A10.6,IFNA2,CTB-152G17.5,GCLC,POLR2J
DHX33,IFNGR1,CASP3,AACS,ATG5,PRKAR2B,IL1RAP,MAPK3,GUCY2GP,CD276,IL15,IL9RP2,POLR2J,HLA-DQA1,S100A9,IGBP1P5,HTT,ARF5,SPATA13,MYH16,TNFRSF17,GBP3,IFI35,IRAK3,CILK1,NFIL3,DEFA1,IL1R2,CDCA5,MYDGF,ILF2P2,CXCL3,TYK2,SELP,CCL3,CD45,BECN1,CCL7,CCR2,IL19,CD38,CFTR,NLRP2,CD74,IL1RN,IFITM8P,LAMP2,CCL7,CD8A,DBNDD1,RUNX2,YAP1P1,TNFSF13,CEACAM8,LILRB4,XRCC6P4,IL17RC,HECW1,EGR1,TIGIT,C1orf112,TNFSF9,LCN2,BATF2,IL17RC,DIABLO,UPF1,MKI67,IFNA16,ICA1,IL17RE,CD163,CD33,IL1B,KRIT1,CTLA4,C5,FAS,CYCS,TSPOAP1,CXCR3,IFNG,CCL8,HERC6,BECN1,TFPI,RPAP3,CD19,RAB24,RAD52,KDM1A,CTSS,RN7SL146P,FASLG,STAT5A,AC103563.5,IFNB1,CTB-127M13.1,NFYA,DHX33
MEOX1,IFNGR2,CASP7,AACSP1,CDK14,CREBBP,CDK11B,MAPK8,YARS1,IKBKB,IL21,IL6RP1,DHX33,HLA-DQB1,S100A12,CYCSP53,OR5BJ1P,SARM1,GOLGA8M,BAD,TNFRSF9,GBP4,IFI6,CR1,PIWIL4,ERG,DEFA3,IL1R1,IL24,WSCD2,IL5RA,CXCL5,HLA-F,SELPLG,CCL8,IFNAR1,MAP1LC3A,CCL8,CCR5,IL22RA1,DHX33,ANKIB1,CD44,NLRP2,IL36A,IFIT1P1,NOS2,IL3,CD8B,ALS2,S100A8,RP1-34B21.7,TNFSF13B,AZU1,CD86,RP11-351E7.2,IL15,MAD1L1,EPSTI1,HLA-A,CD22,CD2AP-DT,MPO,CX3CR1,CXCL6,CYCS,SKAP2,PCNA,IFNK,DBNDD1,IL17RC,CIITA,JAK3,IL17RE,RAD52,PDCD1,CFB,TP53,PMAIP1,MPO,CXCR4,IFNGR1,CCL1,HERC5,ATG5,NDUFAF7,ACSM3,MS4A1,SOCS1,MYH16,RBM6,CTSL,RP11-613O14.1,MAPK1,STAT5B,CTD-3138F19.1,IFNAR1,CTB-161K23.4,STPG1,MEOX1
THSD7A,IFNAR1,CASP9,AADAC,FLYWCH1,TSPOAP1,CCDC74BP1,MAPK14,RP11-316F12.2,IL7,IL22,IL10RB,MEOX1,HLA-DPA1,DEFA1,SERPINA10,RP3-324O17.7,POLDIP2,RNF216P1,LAP3,IL17RB,GBP6,IFIT1,LILRA6,IMMP1LP3,CD38,DEFA4,IL1RL2,CDCA2,TACR2,IL2RB,CXCL1,ZAP70,MS4A1,CCL11,IL23A,MAP1LC3B,CCL19,CCL3,IL17RD,ITGAL,CYP51A1,IFNGR1,CD44,IL36RN,IFI30,SOD1,IFNA8,KLRB1,CASP10,S100A9,BTBD6P1,ISG15,BPI,BTK,RP13-314C10.6,TLR3,LASP1,TRAFD1,HLA-B,CD40,IL10RB-DT,PSTPIP2,STAT3,IL6STP1,APAF1,MCUB,CCNA2,IFNAR2,ALS2,IL3,LCK,CDK6,APOL6,MYH16,CD274,CFH,SOCS1,BAX,PON1,STAT1,IFNGR2,TNFAIP1,IL18,ATG7,RBM5,REXO5,CD14,SOCS3,BAD,CAMKK1,CTSB,OR52R1,MAPK3,STAT6,PLPPR1,IFNAR2,CTB-160O22.1,NIPAL3,THSD7A
LIG3,IFNAR2,BCL2L1,AADACL2,MXD1,MPO,MAP10,PIK3CA,KB-1183D5.16,TNFRSF10A,IL1R1,IL12A-AS1,THSD7A,HLA-DPB1,DEFA3,RNU6-1143P,RP11-329B9.3,PLXND1,SNORD33,HS3ST1,CDK14,GBP7,IFIH1,BNIP3L,RCCD1,CDC27,CAMP,IL1RL1,CCDC28A-AS1,TTC38,IL21R,TLR3,RELA,CD19,CCL13,CCR7,ATG7,CCL20,CCL4,TNFAIP8,ITGA3,KRIT1,TNFRSF1B,IFNGR1,IL36B,IFITM3P2,SOD2,CD274,KLRD1,CFLAR,SLAMF1,MIR151A,ISG20,HP,TLR1,LINC02603,IL3,SNX11,METTL7B,HLA-C,CD79B,CDC42EP3P1,TNFRSF1A,IL7R,CDH6,CASP8,HOXA11,CCNB1,IFNGR2,CASP10,IL22RA2,SOCS3,CCL24,IL4R,BAD,LAG3,CFI,SOCS3,BCL2,GCFC2,STAT2,IFNAR1,IL2,C1QC,MAP1LC3A,MTMR7,CIAPIN1,ITGAM,TGFB1,LAP3,RECQL,FAS,AJ003147.11,MAPK8,NFKB1,CTD-2358C21.4,IFNGR1,CTB-147C22.8,ENPP4,LIG3
RPAP3,IFITM1,BAX,AADACL2-AS1,CDK17,PON1,CD163,AKT1,RP11-35J6.1,NFKBIB,IL1RN,IL20RB-AS1,LIG3,B2M,DEFA4,PYROXD1,LARGE-IT1,AK2,SNORD18,AOC1,CDK17,MMP1,FCGR2A,PARP10,CDYL-AS1,TNFRSF12A,C1QA,IL18R1,IFNE,ACAT1,IL23A,CXCL11,KLRC1,CD79A,CCL17,TLR1,SQSTM1,CCL21,CCL8,IL9,ITGA2B,RAD52,BCLAF1,TNFRSF1B,IL1F10,IFIT6P,CAT,IFNA7,KLRG1,TFPI,SLAMF7,RIPK2,IFI6,OLR1,CCR7,RP11-71L14.5,IL22RA2,TMEM176A,DHRS9,HLA-DRA,BLNK,CDC42-AS1,TNFRSF14,CXCL10,CDK15,CASP9,POLR2J,CCND1,IFNB1,CFLAR,IL31RA,SOCS1,TNFSF8,IL4I1,LAP3,HAVCR2,CD68,CDKN1A,BCL2L1,WDR54,STAT3,IFNAR2,IL10RA,PARP14,MAP1LC3B,SLC7A2,SPPL2B,ITGAX,TGFBR1,HS3ST1,NDUFAB1,FASLG,RP11-517H2.8,MAPK14,NFKB2,MTND3P12,IFNGR2,CTB-152G17.4,SEMA3F,RPAP3
ACSM3,IFITM2,BECN1,AADACL3,CDH3,GCFC2,CXCL1,MTOR,AF129075.5,RELB,IL2RA,IL21R-AS1,RPAP3,HLA-A,DEFA5,NTN5,RP11-529A4.9,CD38,SNORD42,WNT16,CDH3,MMP2,FCGR2B,CCL3,CCDC43,CCL26,C1QB,IL18RAP,STAT4,FNDC3B,PTPRC,CXCL8,GZMM,CD79B,CCL19,CD16,LAMP1,CXCL1,TGFB1,TNFRSF21,TNFRSF12A,MYH16,CDH1,IFT88,IL33,IFITM3P4,GPX1,CD38,EOMES,NDUFAF7,TLR1,ZNF385D,IFI16,OSCAR,CCL19,EPHX4,IL31RA,M6PR,ZNF296,HLA-DRB1,BANK1,CDC42-IT1,MMP9,CXCL11,CDHR2,FADD,DHX33,CCNE1,IFNW1,TFPI,IL25,ISG15,CXCL12,IL17F,HS3ST1,CAMP,CD163,BID,MCL1,CROT,STAT4,IRF8,CD5,C1QB,SQSTM1,ARF5,FAM214B,FCGR3A,TGFBR2,AOC1,SLC22A16,BCL2,RP11-384G23.1,JAK1,RELA,MGME1,IFI6,CTB-181H17.1,CFTR,ACSM3
REXO5,IFITM3,ATG5,AADACL4,CDON,WDR54,PCDHGA12,STAT4,PPEF2,CD37,IL7R,IL9RP4,ACSM3,HLA-B,DEFA6,SNRPN,BMS1,FKBP4,SLFN12L,HECW1,CDON,MMP3,FCGR3A,IL1RN,C1QTNF7,CDKL3,C1QC,CD207,CDO1,RAB7A,IL17A,CCL11,NCR3,IGHM,CCL20,ITGAM,RAB5A,CXCL2,TGFBR1,IL18,CCL26,BAD,CDH10,CDH1,IL11RA,IFITM3P7,GPX4,IFNWP4,TBX21,RBM5,TLR5,ZC3HAV1L,IFI27,PPARGC1A,MMP9,PROKR2,TNFRSF11B,CYP26B1,ZBED2,HLA-DQA1,MS4A1,CD44-AS1,CLEC4D,CD14,HLA-DRB6,TRADD,MEOX1,CDK1,IFNL1,NDUFAF7,ILK,NCR1,CCL7,IL1A,AOC1,DEFB1,MARCO,BAX,CFLAR,ABCB4,IRF1,JAK1,CD81,C1QA,HIF1A,SARM1,COPZ2,CD40,IL1R1,WNT16,ZMYND10,BCL2L1,EIF3J,JAK2,RELB,RP11-339B21.12,IFI16,CTB-58E17.10,ANKIB1,REXO5
CIAPIN1,STAT4,ATG7,AADACP1,CDK13,CROT,RCCD1-AS1,STAT5A,EI24,IL4I1,CCL3,IFNGR1,REXO5,HLA-C,BCL2,FZD10-AS1,PPIAP16,KDM1A,DUXAP8,MAD1L1,CDK13,MMP7,FCGR3B,SPATS2L,RILP,CD79B,C1R,CD58,HACD4,SEC31B,IL17F,CCL19,KLRC2,IGHG1,CCL21,FCGR3A,RAB7A,CXCL3,TGFBR2,CD8A,CD79B,LAP3,TNFRSF17,CDH10,IL18BP,IFITM4P,PRDX1,CXCL13,CCL5,MTMR7,TLR8,TGFB2-AS1,IFI35,PPARGC1B,STAT3,CPO,IL25,ICA1,SLC22A12,HLA-DQB1,PAX5,IL12A-AS1,IL10,STAT2,CDH23-AS1,TRAF2,THSD7A,CDK4,IFNL2,RBM5,IL7R,HLA-DRB1,CCL1,IL6,WNT16,LYZ,MSR1,MCL1,FADD,KMT2E,IRF3,JAK2,CD69,C4B,HMOX1,POLDIP2,PRKAR2B,CD80,IL1RN,HECW1,ABCB5,BAX,RN7SL359P,JAK3,REL,COIL,IFI27,CTB-161K23.3,CYP51A1,CIAPIN1
SPPL2B,STAT5A,ATG12,AADAT,SMARCD1,ABCB4,CCDC153,IRF7,CTB-98M4.1,IL27RA,CCL4,IFNA6,CIAPIN1,HLA-E,BCL2L1,SLC28A3,PYGM,RBM6,SNORA50A,LASP1,CD84,MMP8,C1QB,CD1C,CDC6,CDK11A,C1S,CD2,PCDH20,TRAF4,IL12B,TLR10,GZMA,IGHG3,CCL22,CD3G,CTSD,CXCL9,IL10,IL34,IL32,HS3ST1,TNFRSF9,TNFRSF17,IL21,IFITM3P1,PRDX2,TNFRSF11A,GNLY,SLC7A2,TNFRSF1A,EYA4,IFI44,NRF1,IRF4,ENSG10010139640.1,ILK,DBNDD1,SLC6A6,HLA-DPA1,IGHD,TNFSF12-TNFSF13,ARG1,DEFB4A,IFNA2,RIPK1,LIG3,CDK6,IFNE,MTMR7,IL12A,IRAK4,TNFAIP1,IL17RD,HECW1,MPO,MRC1,CD36,TRADD,RHBDD2,IRF7,TYK2,IL23A,C4A,SOD1,PLXND1,CREBBP,CD86,IL6R,MAD1L1,SLC25A13,CASP3,LINC01486,TYK2,NFKBIA,SS18L2,IFI35,CTB-157D17.2,KRIT1,SPPL2B
FAM214B,STAT5B,NLRP3,AAGAB,CD84,KMT2E,SMYD1,MYD88,KCND3-AS1,ILVBL,CCL7,IFNA8,SPPL2B,GATA3,BCL2L11,RP11-529H2.2,LOXL3,CAMKK1,RNY4P13,SNX11,IFI35,MMP9,C1QC,FCGR3C,ILRUN-AS1,IL32,C2,CD48,C1QTNF12,ICAM3,IL1R2,TLR1,GZMK,IGHA1,CCL23,IL18R1,CTSB,CXCL10,IL10RA,TNFRSF14,MAPK8IP2,AOC1,IL17RB,TNFRSF9,IL19,IFITM3P5,HMOX1,IL1RL1,PRF1,ARF5,TNFRSF1B,SAR1A,IFI44L,TFAM,JAK2,PRPF39,IL7R,ALS2,LPCAT2,HLA-DPB1,IGHM,HLA-DRA,SLAMF8,BCL2,IL9RP4,CFLAR,RPAP3,IRF8,IFNA10,SLC7A2,IL13,HLA-DRB5,IL2,CCL5,MAD1L1,LCN2,CASP1,MDM2,TRAF2,SOX8,IRF8,ISG15,IL26,MARCO,SOD2,AK2,TSPOAP1,HLA-DRA,IL10RA,LASP1,ST7,CASP8,CH17-360D5.3,SOCS1,NFKBIB,MIR7704,IFI44,XXbac-BPG13B8.11,RAD52,FAM214B
COPZ2,STAT6,PYCARD,AAK1,ATG2B,RHBDD2,LILRP1,TICAM1,RP11-478J18.2,CASP14,CCL8,IFNA21,FAM214B,TBX21,BAX,H2BU1,RP1-298M8.1,RECQL,SNORD38B,TMEM176A,CDC42,MMP12,C2,UNC93B1,CCDC130,CD9,C3,GBP3,CCDC85A,IL4R,IFNA6,TLR6,KLRB1,CR2,CCL24,CD2,CTSL,CXCL11,IL10RB,TNFRSF13C,TRAF3IP3,WNT16,CDK14,IL17RB,IL22RA1,IFITM10,GCLC,TNFRSF10A-AS1,CD19,SARM1,TRAF6,ABBA01000934.1,IFIH1,PRDX3,MRC1,RP11-157J13.1,IL12A,CASP10,FAM102A,IFNG,IGHA1,HLA-DOB,GPR84,CD8B,CD300E,TNFRSF10A,ACSM3,CAMP,IFNA2,ARF5,IL16,CD3E,IL10RA,CCL3-AS1,LASP1,SLPI,CASP3,FASLG,BIRC2,IBTK,IRF9,ISG20,IL17A,TNFRSF1A,CAT,CD38,MPO,HLA-DRB1,IL10RB,SNX11,CDC27,CFLAR,GSEC,SOCS2,LYZ,Y_RNA,IFI44L,CTB-164L20.1,MYH16,COPZ2
PRKAR2B,IL2,NLRC4,AAMDC,TNFRSF1A,SOX8,MAP3K14,IRAK4,RP3-525L6.2,CD79A,CCL19,IFNAR1,COPZ2,RORC,BAK1,LINC02554,HOXA11-AS,VPS50,SNORD115,M6PR,CDH19,MMP13,C3,CDKN1A,CDH12,CD22,C4A,CD160,IL36G,ITGA8,IFNA8,TLR5,KLRF1,FCGR2B,CCL25,IL12A,NCF1,CXCL12,IL12A,IL6R,CD9,HECW1,CDK17,CDK14,IL17RD,IRF5P1,GCLM,ILRUN,MS4A1,POLDIP2,GAS6,PCDHA12,IFIT1B,SOD2,TREM1,BAK1P1,IL13,CFLAR,CARD17,IFNGR1,IGHG1,HLA-DOA,SLC25A48,CTSW,CDC26P1,TNFRSF10B,REXO5,DEFB1,IFNL3,SARM1,IL17D,FCGR3A,CD5,IL5,SNX11,DEFA1,CASP8,IFI30,BIRC3,ZNF195,BATF,MX1,IL17F,FCN1,GPX1,FKBP4,PON1,NCAM1,IL12RB1,TMEM176A,SLC4A1,TGFB1,RP11-328P23.4,STAT2,CAMP,RP11-388E23.2,LYZ,CTB-184G21.3,BAD,PRKAR2B
CREBBP,IL10,AIM2,AAMP,COASY,IBTK,SCDP1,TRAF6,MTND4P17,CD33,CCL20,IFNA5,PRKAR2B,BCL6,BAD,RP11-12K11.1,BCO2,HSPB6,POLR2J4,CYP26B1,FCGR2B,MMP14,CALR,SP140,RTEL1-TNFRSF6B,CD6,C4B,CD46,CDR1,LAMP3,IL17C,CXCL17,GNLY,GBP1,CCL27,TNFRSF1A,NCF2,CXCL13,IL12B,TNFSF13,CD22,MAD1L1,CDH3,CDK17,IL9,IFITM3P6,GSR,ILF3-DT,CD3D,PLXND1,HMGB1,RN7SKP235,IFITM1,GPX4,CCR2,CFC1B,IFNB1,TFPI,CARD16,IFNGR2,IGKC,HLA-DMB,DPM1,MYD88,IL6RP1,FAS,CIAPIN1,DEFB4A,IFNA1,POLDIP2,IL20RB,TAP2,CD81,IL17RC,TMEM176A,DEFB4A,BCL2,IFI35,XIAP,MYCBP2,BATF3,MX2,CD83,P2RX7,MT1A,KDM1A,GCFC2,NCR1,IL12RB2,M6PR,CALCR,SMAD3,RP11-334G22.1,STAT3,DEFB1,CTB-178M22.1,SLPI,CTB-60B18.18,LAP3,CREBBP
TSPOAP1,IL12B,IL1A,AANAT,BCL3,ZNF195,JAKMIP3,CYBB,RP11-608O21.1,CRX,CCL21,IFNA16,CREBBP,FOXP3,BID,RNA5SP412,LINC01798,ARHGAP33,BCRP3,ICA1,CD5L,TIMP2,CAMP,PFKFB3,COILP1,IL20RA,C5,IRF6,C1QTNF9-AS1,PIK3C3,IL17B,CCL27,KLRD1,GBP2,CCL28,TNFRSF1B,NCF4,CCR1,IL12RB1,IL23R,DDX11,SNX11,CASP8,CDH3,IL18,IFITM3P9,NFKBIA,CD5L,CD3G,AK2,HSPD1,MTND4P26,IFITM2,SLC25A4,CLEC4E,CSMD3,IL16,NDUFAF7,SAMD9L,IFNA1,IGLC1,HLA-DMA,SCYL3,RELA,TNFAIP8,HSPA1A,SPPL2B,DEFB103A,IFNA7,PLXND1,IL17RA,HLA-DRA,CD69,CXCL17,M6PR,GNLY,BAX,IFI6,PARP1,FBXL3,ATF3,OAS1,IL12B,TRADD,MT2A,RBM6,WDR54,KLRK1,IL17RA,CYP26B1,DVL2,SMAD4,GLULP4,STAT4,IDO1,RP11-475C16.2,ELANE,CTB-176F20.3,HS3ST1,TSPOAP1
MPO,IL17A,IL1RN,AAR2,MAPK6,MYCBP2,TRAF5,NCF1,C3orf33,CDC37,CCL22,IFNK,TSPOAP1,STAT3,CASP3,CTSLP4,CTC-232P5.4,NDUFAB1,RAET1E-AS1,DBNDD1,CDHR2,TIMP3,CASP5,LILRB4,CCDC27,CD74,C6,IFI27L2,CDC25C,VDAC3,ILKAP,TLR9,GZMH,GBP4,C1QA,IL6R,RAC1,CCR2,IL12RB2,IL20,CD6,TMEM176A,CDON,CASP8,IL34,IFITM3P8,NFKBIB,TNFRSF19,PTPRC,CD38,BPI,RP11-1217F2.27,IFITM3,CPT1A,CLEC7A,RP11-219B17.5,IL17D,RBM5,SAMD9,IFNAR1,CD14,IL12RB1,C1orf112,C1QB,CD2BP2-DT,HSPA5,FAM214B,DEFB103B,IFNWP18,AK2,IL6-AS1,KLRC2,IL23A,CCL4,CYP26B1,SELL,FAS,IFIH1,PPARG,ITGAL,ATF5,OAS2,IL4,MEFV,HSPA1A,CAMKK1,CROT,FOXP3,IL23R,ICA1,MCUB,IL2RA,RP1-46C2.3,STAT5A,NOS2,CTD-2201E18.3,MPO,CTB-60B18.17,AOC1,MPO
PON1,IL27,IL1R1,AARD,RAB27A,FBXL3,PIK3CD-AS2,NCF2,GDF9,JAK3,CXCL1,IFNAR2,PON1,STAT4,CASP8,NR2F2-AS1,RP11-194N12.2,PDK4,DNAJC9-AS1,ALS2,IL4R,TIMP4,CASP8,CCR2,CCDC61,NLRP2,C7,IRF2BPL,CDR2L,CDH17,IL6ST,CCL23,FCGR3B,STAT2,C1QC,IL18BP,RAC2,CCR6,IL17A,IL24,IL20RA,M6PR,CDK13,CDON,IL6R,IRF2-DT,NFKBIE,CDIP1,CD4,FKBP4,C1QA,Y_RNA,JAK1,CPT2,CD36,SNORA40C,TNFRSF10D,MTMR7,CAPS,IFNAR2,FGR,IL12RB2,CFH,C1QA,IL13,HSP90AA1,COPZ2,DEFB104A,IFNA22P,CD38,IL17REL,TNF,IL26,IL17RB,ICA1,SELP,FASLG,IFIT5,PPARA,PDK2,CASP1,OAS3,IL5,PYCARD,HSPA1B,RECQL,ABCB4,LAG3,IFNGR1,DBNDD1,HOXA11,IL7R,RP11-25L5.2,STAT5B,NLRP3,LOX,CTSG,CTB-147C22.6,WNT16,PON1
GCFC2,IL27RA,IL1R2,AARS1,CDC42,ITGAL,TVP23C-CDRT4,NCF4,TRHDE,CRTC1,CXCL2,IFNGR2,GCFC2,CAMP,CASP9,RP11-321L2.3,PCDHGB4,SLC22A16,LINC01830,CASP10,CDH17,FGF2,CEACAM1,FPR1,PCDHB12,CD44,C8A,CD80,CXCL5,CDC14A,IL2RA,CCL4,NCR2,ETV7,C2,IL27,MAPK1,CCR7,IL22,TNFAIP8L2,CD74,CYP26B1,CD84,CDK13,IL23R,CCL26,IKBKB,CCL15,CD27,KDM1A,C1QC,LINC01751,JAK2,PDK4,IL12B,RP11-1149M3.2,TNFRSF10C,SLC7A2,HP,IFNB1,CD68,IL17REL,FUCA2,TLR1,HLA-DQB2,HSPB1,PRKAR2B,DEFB104B,IFNWP4,FKBP4,IL1RAP,TLR9,IL17A,IL27RA,DBNDD1,ICAM1,NFKB1,IRF2,PPARD,ITGA3,CASP3,OASL,CD86,GSDMD,HSP90AA1,VPS50,KMT2E,HAVCR2,IFNGR2,ALS2,DHX33,IL15,RP11-480G3.1,STAT6,CASP1,ZSWIM5P3,PRTN3,CTB-105N12.2,HECW1,GCFC2
WDR54,TNFAIP3,ARG1,AARS1P1,LMCD1,PDK2,FAIM2,RAC1,MEN1,CDK6,CXCL3,IFNB1,WDR54,DEFB4A,FAS,RP4-673D20.4,NECAP1,ZMYND10,SFTA3,CFLAR,CDC14A,PDGFA,CFB,OASL,MMP25,IFNGR1,C8B,CD244,CDK11B,CARMIL1,IL36G,CCL18,KLRK1,FAS,C3,CCR5,MAPK3,CXCR1,IL23A,IL17RE,SERPINB1,ICA1,TNFRSF1A,CD84,IL20,IL32,IKBKG,IL1R1,CD28,RBM6,C2,RP1-23D17.3,TYK2,CS,CAMP,MRAP2,TLR10,ARF5,RTP4,MX1,CD86,IL18RAP,GCLC,TRAF6,CDK12,SOD1,CREBBP,UBD,IFNA20P,KDM1A,ILRUN,CCL5,IL17F,IL4,ALS2,VCAM1,NFKB2,IRF3,SREBF1,ITGA2B,CASP8,CIITA,PDCD10,GSDME,HSP90AB1,HSPB6,RHBDD2,TIGIT,IFNAR1,CASP10,MEOX1,IL15RA,RP13-577H12.3,IRF3,IL1R1,RN7SL793P,BPI,XXyac-YR21CG7.1,MAD1L1,WDR54
CROT,TNFAIP6,ARG2,AARS2,CDH19,ITGA3,GIMAP1-GIMAP5,RAC2,MT1G,CRHR2,CXCL5,IFNW1,CROT,DEFB103B,FASLG,RP11-299H22.1,JAZF1,ABCB5,LINC00484,TFPI,CXCL2,PDGFB,CFH,XRN1,HLA-N,TNFRSF1B,C9,IL17C,CD46,RABL2B,IL1RN,CCL3,NCR1,SP110,C4A,CD45RA,MAPK8,CXCR2,TLR1,IL17RC,NLRP2,DBNDD1,BCL3,IFT80,IL24,IL20RA,NOX1,CDC37P2,HLA-DRA,CAMKK1,C3,RN7SKP5,ANKRD22,ACO2,S100A9,RP11-554D15.3,TLR1,SARM1,ISG15,MX2,CD163,IL22RA1,NFYA,PTPN2,CDKN3,SOD2,TSPOAP1,UBE2L6,IFNWP9,RBM6,IL31,CCL4,CD83,IL18RAP,CASP10,ITGAL,RELA,IRF4,SREBF2,ASB4,CASP9,NLRC5,IL1A,NOD1,PSMB8,ARHGAP33,SOX8,CD96,IFNAR2,CFLAR,THSD7A,CCL4,AICDA,IRF5,IL1RN,CCNQP1,RNASE2,CTB-134H23.3,LASP1,CROT
ABCB4,TNFRSF1A,NOS2,AARSD1,PDCD2,ITGA2B,ADIRF-AS1,SOD2,ERHP2,CASP2,CXCL6,IFNL1,ABCB4,LYZ,TNFRSF1A,MT1F,SSRP1,SLC25A13,PROX1-AS1,NDUFAF7,CDH7,PDGFC,CISH,MAPK14,IL20RB,CDH1,IL1A,CXCL6,CCDC34,SLC35C2,IL36A,IL20RA,B2M,TAP2,C4B,GZMB,MAPK14,CXCR5,TLR6,IL15,DEF6,ALS2,TGFBR3,CDC42,IL17RE,IL17RB,NOX2,CD164L2,HLA-DRB1,RECQL,CCL2,HSPA1L,CARD16,IDH2,CD55,RP11-26H16.4,TLR6,POLDIP2,USP18,OAS1,ITGAM,IL22RA2,STPG1,HLA-DQB1,CDK14,CAT,PON1,HERC5,IFNA14,CAMKK1,IL10RB-DT,CCL3,IL12B,IFIT3,CFLAR,ITGB2,STAT3,IRF5,FASN,GDE1,BCL2,PSMB8,CCL20,RIPK3,PSMB9,NDUFAB1,IBTK,CD226,MRC1,TFPI,LIG3,CCL3,RP11-433K2.9,IRF7,CASP10,RN7SKP278,RNASE3,CTB-163K11.1,SNX11,ABCB4
KMT2E,TNFRSF1B,HIF1A,AASDH,FCGR2B,ASB4,CCDC117,CAT,RN7SL369P,CCL24,CXCL12,IFNL2,KMT2E,MPO,TNFRSF1B,LINGO1-AS1,DNAJB6P8,ST7,LINC00486,RBM5,CDC14B,PDGFD,CMKLR1,CD2,CXCL13,CDH10,IL2,IL1B,IL21R-AS1,CRYBG3,IL36B,IL17RB,PSMB10,PSMB8,C5,PRF1,NFKB1,CXCR6,TLR9,IL3,CD44,CASP10,CDC42,CDH19,IL17RC,IL4R,NOX4,CDYLP1,HLA-DQA1,VPS50,CCL7,TRAV5,CARD17,CD3D,HP,RP11-419K12.2,IL20RB,PLXND1,BST2,OAS2,ITGAX,IL6-AS1,NIPAL3,CIITA,CD96,GPX1,GCFC2,HERC6,IFNNP1,RECQL,IL1R1-AS1,DPM1,IL4,LCN2,TFPI,ITGAM,STAT4,IRF9,ACACA,REX1BD,BAX,PSMB9,PDCL3,CD72,IRF9,PDK4,ZNF195,ICOS,MSR1,NDUFAF7,ACSM3,CCL19,RPL9P6,IRF8,CASP12,Y_RNA,SPP1,CDKN2AIPNLP3,TMEM176A,KMT2E
RHBDD2,TNFRSF18,SIRT1,AASDHPPT,CD5L,GDE1,CDON,GPX1,RNY4P7,BCL7B,CXCL13,IFNE,RHBDD2,ELANE,TNFRSF10A,MIR3128,CD248,CDC27,ANAPC1P2,MTMR7,CD59,EGF,CTLA4,TXN,CD9,TNFRSF17,IL4,IL37,CDK5RAP3,RAB21,ILDR2,IL4R,CIITA,PSMB9,CFB,PCDHB13,NFKB2,C1QA,CLEC4E,IL22RA2,SLAMF7,CFLAR,CDH19,FCGR2B,IL15,CXCL2,DUOX1,IFNA21,HLA-DQB1,HSPB6,CCL8,C4BPAP2,CDKN1A,CD3E,IL4,IGLV8OR8-1,IFNW1,AK2,SIGLEC1,OAS3,CSF1R,IL6STP1,ENPP4,PRF1,CDKN2AIPNLP3,HIF1A,WDR54,DTX3L,IFNA11P,VPS50,IL9RP3,SCYL3,IL5,CXCL16,NDUFAF7,ITGAX,STAT6,ISG20,ACACB,CRLF1,BAK1,PSMB10,IL1R2,RIPK1,OAS1,SLC22A16,MYCBP2,CD27,CLEC4E,RBM5,REXO5,CCL21,GFRA2,IRF9,CASP14,AC137932.4,MMP1,CTB-191D16.1,M6PR,RHBDD2
SOX8,TNFSF10,PPARG,AASS,CDHR2,REX1BD,CCDC96,PRDX1,KRT18P7,TNFSF8,CXCL16,IFNLR1,SOX8,BPI,TNFRSF10B,FRG1BP,MIR3648-2,SLC4A1,LINC00941,SLC7A2,CD82,TGFA,CXCR6,NOD2,DDX3ILA1,TNFRSF9,IL5,CD70,EMILIN1,CROCCP3,ILDR1,IL12RB2,TAPBP,PSME1,CFH,FOXO1,RELA,C1QB,CLEC7A,IL31RA,IFNGR1,TFPI,FCGR2B,CD5L,IL3,IL12RB2,DUOX2,CDK5RAP2,HLA-A,ARHGAP33,CD163,NFATC2IP,CXCR3,CD3G,IL23A,LIMS3,IL17RA,CD38,SIGLEC5,OASL,FUCA2,ILF3-DT,SEMA3F,LCK,CDC123,VEGFA,CROT,PARP9,IFNWP5,HSPB6,IL6STP1,C1orf112,CD86,IL17D,RBM5,CCR2,TBX21,STAT3,CPT1A,OSBPL7,BID,TAP1,IL1R1,FCN3,OAS2,ZMYND10,FBXL3,CD28,CLEC7A,MTMR7,FAM214B,CXCL1,RNA5SP155,NFKB1,CASP16P,DNM3,MMP8,CTB-180C19.1,CYP26B1,SOX8
IBTK,TNFSF13B,PPARA,AATBC,HACD3,CRLF1,MAPK6P1,TXN,TOM1L2,CDC37L1,NCR1,IFNA10,IBTK,CTSG,TRADD,MIR4796,AC006547.15,CALCR,CLCA4-AS1,ARF5,MMP2,TGFB1,DDX58,MSR1,CDC27,IL17RB,IL7,CD93,IFNK,CXCL2,IFNA5,IL5RA,PSMB9,PSME2,CD55,CDHR1,RELB,C1QC,HLA-A,TNFRSF11B,TNFRSF1B,NDUFAF7,CD5L,CDHR2,IL22RA2,IL5RA,MPO,CDRT15P2,HLA-B,NDUFAB1,CD36,RP11-318M2.5,DHRS9,CD4,IL17A,DOK3,IL6-AS1,FKBP4,SELL,ISG15,CSF3R,CDH18-AS1,CFTR,MX2,IFNA6,SLC2A1,ABCB4,SLC11A1,IFNWP15,ARHGAP33,IL21-AS1,FGR,CCL20,CCL3,MTMR7,CCR5,GATA3,STAT4,CPT2,TMEM98,PMAIP1,TAP2,IL1RL2,FCN2,OAS3,ABCB5,ITGAL,TNFRSF4,TNFRSF1A,SLC7A2,GCFC2,CXCL2,H3P7,NFKB2,CASP1P1,RNU7-62P,MMP9,CTB-60B18.15,ICA1,IBTK
ZNF195,CXCL1,PPARGC1A,AATF,WSCD2,OSBPL7,IFNWP9,HMOX1,RP11-401N16.2,CREB3,KLRK1,IFNA2,ZNF195,CTLA4,TRAF1,RP11-744K17.3,RPL23AP89,DVL2,DGCR5,SARM1,CDIP1,TGFB2,DDX60,LAP3,FTCDNL1,CDK14,IL9,IRF3,LILRA5,CDH7,IL23R,IL12RB1,PSMB8,UBE2L6,CD59,MAPK9,REL,C1R,HLA-B,IL25,CLEC16A,RBM5,CDHR2,IL4R,IL31RA,IL11,EPX,CD177P1,HLA-C,PDK4,ITGAM,AC010148.1,DOCK9,CD8A,IL22,CLDN3,TNFSF15,KDM1A,ICAM1,ISG20,FCGR2A,ILRUNP1,ANKIB1,SOCS3,CDK5R1,LDHA,KMT2E,VDR,IFNA13,NDUFAB1,ILRUNP1,CFH,IL1R2,CCL2,SLC7A2,CXCR4,RORC,STAT5A,HMGCR,YBX2,MKI67,BST2,IL1RL1,FADD,IFIT1,SLC25A13,PDK2,TNFRSF9,TNFRSF1B,ARF5,WDR54,CXCL5,AC005954.4,RELA,CASP1P2,XXbac-BPG300A18.17,TIMP2,CDKN2AIPNLP2,DBNDD1,ZNF195
MYCBP2,CXCL2,CASP10,AATK,FOSL2,TMEM98,CDH24,FTH1,MYG1,CXCL12,KLRD1,IFNL3,MYCBP2,PDCD1,TRAF2,AC114730.11,SPATA45,PRSS22,LINC01115,POLDIP2,CD209,TGFB3,DHX58,HNMT,PCDH7,MXD1,IL13,STAT5A,CCDC9,ARG2,IL12A,IL2RB,GBP1,TRIM22,FCGR2A,PCDHB14,NFKBIA,C1S,HLA-C,IL7R,PARP3,MTMR7,IL4R,CDH17,IL25,IL12RB1,LYZ,IFNK,HLA-E,SLC22A16,ITGB2,ENPP7P7,ETV7,CD8B,CCL4,CTD-2369P2.4,IFNL1,RBM6,ICAM2,RSAD2,FCGR2B,CDH23-AS1,CYP51A1,SOCS1,CDC42BPG,PDK1,RHBDD2,NOS2,IFNA17,PDK4,IL6R-AS1,FUCA2,IL1R1,IFIT2,ARF5,CX3CR1,ICA1,STAT5B,FDPS,KRT33A,PCNA,TRIM5,IL18R1,MLKL,IFIT2,ST7,ITGA3,TNFRSF18,5S_rRNA,SARM1,CROT,CSF1,KRT8P12,RELB,CASP2,CCT5,FN1,CTB-158D10.3,ALS2,MYCBP2
FBXL3,CXCL3,CD38,AB015752.3,RAB7A,YBX2,BCL2L2,FTL,CTC-575C13.4,CDH23,KLRC1,IFNA1,FBXL3,LAG3,C1QA,SPOP,CADM2,UPF1,LINC01238,PLXND1,IL5RA,COL1A1,EBI3,SIGLEC1,CCDC25,CDK17,IL15,IFI6,IFNA12P,CDC14B,IFNB1,IL21R,IFIT3,IFI27,FCGR2B,PFKP,NFKBIB,C2,HLA-DRA,IL12A,TNFRSF17,SLC7A2,CDH17,CDC14A,IL7R,IL2RB,DEFA1,CXCL5,TAP2,ZMYND10,MRC1,TRGJ1,FCGR1C,CD28,NLRP3,AP000431.2,TNFAIP8L3,CAMKK1,ICAM3,CCR2,FCGR3B,IFNG-AS1,KRIT1,IRF7,IFNA1,PKM,SOX8,AIM2,IFNA12P,SLC22A16,IL9RP1,GCLC,IL1RL2,IL17C,SARM1,CCR7,CASP10,STAT6,IDI1,MAP3K14,CDK1,TRIM22,IL18RAP,CASP4,IFITM1,CDC27,ITGA2B,IL2RA,5_8S_rRNA,POLDIP2,ABCB4,CSF2,RP11-498M5.2,REL,CASP3,RP11-648L3.2,COL1A1,SPTBN1-AS1,CASP10,FBXL3
ITGAL,CXCL5,CDC27,AB019438.66,TRAF4,KRT33A,TNFRSF14-AS1,SLC11A1,NCOA2,CRYBA1,KLRC2,IFNA7,ITGAL,HAVCR2,C1QB,SALL4P7,SMIM2-AS1,SKAP2,GABARAPL3,AK2,CDV3,COL1A2,EDNRB,SSBP1,CD83,CDH3,IL17A,IL22,CCDC24,PCDHB4,IL17D,IL27RA,IFI6,IFI6,FCGR3A,IL32,HMGB1,C3,HLA-DRB1,IL13,TNFRSF9,ARF5,CDC14A,CXCL2,IL12A,CCL22,DEFA3,CCL3,CIITA,ABCB5,MSR1,KIF20A,GAS7,CTLA4,RORC,RP5-836E8.1,IFNL2,RECQL,VCAM1,CCR5,MRC1,CD81-AS1,RAD52,IFIT1,CDC42P2,PFKFB3,IBTK,PYHIN1,IFNA4,ZMYND10,IL9RP2,NFYA,IL1RL1,IL36B,POLDIP2,S1PR1,CD38,OAS3,ACAT1,ABCC8,CCNB1,SAMHD1,CD207,NAIP,IFITM3,SLC4A1,ASB4,IL7R,7SK,PLXND1,KMT2E,CSF3,PPP1R2P4,NFKBIA,CASP3P1,PRRT2,VCAN,CTB-151G24.2,CFLAR,ITGAL
PDK2,CXCL6,TNFRSF12A,AB019440.50,ICAM3,MAP3K14,JAKMIP2,SLC11A2,RP11-1113L8.6,CDK5RAP3,CD79A,IFNWP18,PDK2,TIGIT,C1QC,ZNF705E,MIR3163,MCUB,SCARNA10,CD38,CD200,COL3A1,ETS2,TRIM5,CD300H,CDON,IL21,IL17B,CD109,PCDHA6,IFNW1,IL10RA,IFI27,IFIH1,FCGR3B,RNASET2,TRIM25,C4A,HLA-DPA1,CD14,MAPK9,SARM1,CXCL2,CDH7,IL13,CCL17,RNASE3,CDCA5,ICAM1,SLC25A13,KLRK1,RP11-321A23.3,HOMER2,PDCD1,FOXP3,MYL7,IFNE,VPS50,IL4,CCR7,MSR1,HLA-DRB9,MYH16,ISG15,CXCL8,IDH1,ZNF195,GBP1,IFNWP2,ABCB5,IL6RP1,STPG1,IL18R1,IL18BP,PLXND1,SOD2,PDK4,OASL,ACAT2,CACNG3,CCNB2,APOBEC3A,PDC,IFITM3P3,MX1,CALCR,GDE1,IL15,A1BG,AK2,RHBDD2,SPP1,DPRXP3,NFKBIB,CASP4,S100A10,BECN1,CTB-60B18.23,TFPI,PDK2
ITGA3,CXCL12,CCL26,AB019441.29,NFKB2,ABCC8,RNA5SP384,HP,GNAI2P1,C1QBP,CD79B,IFNA22P,ITGA3,CD276,C1R,RP11-358B23.6,AC013448.2,HOXA11,PRICKLE2-AS1,FKBP4,CDC45,COL4A1,FASLG,NCF1,HLA-G,CDK13,IL22,IRF5,C1QTNF8,PCDHGA2,IFNL1,IL1R2,IFIT1,IFIT5,CR1,CDCP1,TRIM56,C4B,HLA-DPB1,IL16,TRAF1,POLDIP2,CDH7,CDC14B,IL16,IL21R,CD28,CDC20P1,ICAM2,ST7,MICB,PHACTR1,IER5,IL2,HLA-DQB1,AC005077.14,TNFAIP2,HSPB6,IL13,CX3CR1,CLEC7A,HLA-DRB6,BAD,PDCD1,CDKL4,IDH2,MYCBP2,GBP2,IFNWP19,SLC25A13,IL10RB,NIPAL3,IL18RAP,GBP5,AK2,CYBA,CDC27,MX2,ABCA1,TMEM132A,CCNE1,APOBEC3G,CD58,IFIT1B,MX2,DVL2,REX1BD,IL21,A1BG-AS1,CD38,SOX8,MMP1,ELMO2,IKBKB,CASP4LP,AC087501.1,ATG5,CTB-123J14.1,NDUFAF7,ITGA3
ITGA2B,CXCL13,CDKL3,ABALON,IL4R,CACNG3,MAPK8IP2,LTF,SEC24A,CCL7,MS4A1,IFNWP4,ITGA2B,IDO1,C1S,LINC02216,RP11-344E13.1,POLR2J,BMS1P4,KDM1A,CDC6,COL4A2,FPR1,LILRA5,CCDC9,CD84,IL27,CD68,SMARCD1,IL12RB2,IFNL2,IL1R1,CD68,ISG20,CR2,PCDHB4,DDX58,C5,HLA-DQA1,IL17D,IL17RB,PLXND1,CDC14B,IL12RB2,IL17D,IL7,CTLA4,CDS1,ICAM3,CDC27,MICA,RP11-130L8.2,KIAA1618,IL2RA,CXCL2,RP1-72A23.3,TNFAIP8L1,ARHGAP33,IL10,GZMB,CLEC9A,HLA-DRB5,HS3ST1,HLA-DRB1,ILVBL,SDHB,FBXL3,GBP4,IFNG-AS1,ST7,IL12A-AS1,ENPP4,CD58,IL3,CD38,NCF1,PDK2,IFNA1,ABCG1,AP2B1,CCNE2,CGAS,CD2,IFITM5,DUSP3,PRSS22,CRLF1,STAT3,A1CF,FKBP4,IBTK,MMP9,RP1-97D16.8,CHUK,CASP5,RN7SL414P,ATG7,XXyac-YX155B6.7,RBM5,ITGA2B
ASB4,CXCL16,CD79B,ABAT,CDH17,TMEM132A,IL20,TF,CFAP74,CCL2,IGHM,IFNA20P,ASB4,ARG1,C2,SAP18,SH3BP5,DHX33,ALG1L9P,RBM6,CDC23,FN1,FPR2,MS4A7,IL2RA,TNFRSF1A,CCL3,CCL25,APCDD1L,SMARCD3,IFNA2,IL1RL2,CD163,HERC5,C1QTNF3,PCDHB16,IFIH1,C6,HLA-DQB1,TNFRSF10D,TRAF3IP2,AK2,IL12RB2,CD59,IL20RB,IL4I1,PDCD1,CD81-AS1,VCAM1,SLC4A1,CIITA,U2,LGALS9,IL2RB,SLAMF7,PAUPAR,IFNLR1,NDUFAB1,ALOX5,GZMA,IL1B,HLA-DRB1,AOC1,MMP1,CDKL1,ATP5F1A,ITGAL,HP,IFNL3P1,CDC27,ILF2P1,SEMA3F,CD2,IL17RA,FKBP4,NCF2,TNFRSF12A,IFNA2,LDLR,TAC1,HLA-A,IFI16,CD48,IFITM9P,APOL1,UPF1,OSBPL7,STAT4,A2M,KDM1A,ZNF195,TIMP2,MIR3135A,TBK1,CASP6,EIF2S2P6,MAP1LC3A,CDKN2AIPNLP1,MTMR7,ASB4
GDE1,CCL3,CDK11A,ABBA01000934.1,CDC14A,AP2B1,CDKN2D,FAS,LINC02760,CCL8,IGHG1,IFNWP9,GDE1,ICAM1,C3,CTD-2247C11.2,MIR3609,MEOX1,SNORD27,CAMKK1,IL11,SPARC,FCER1G,CCL3L1,HLA-DMB,CDC42,CCL4,CD180,PCDHB12,C1QTNF3,ILRUN,IL1RL1,MX2,HERC6,CRACD,PCDHAC2,TLR9,C7,CD1A,TNFRSF10C,SERPINB3,CD38,CD59,CD82,IL17RA,IL27RA,CD274,IL27RA,MAPK1,CALCR,CLEC7A,CSF1,METTL7B,IL7R,FCGR3A,TGFB2-AS1,IFNA10,PDK4,PTGS2,GZMH,IL2,HLA-DQB3,WNT16,HLA-DQA1,CD44,COX4I1,PDK2,LCN2,IFNL4P1,SLC4A1,IL20RB-AS1,CFTR,CD48,IL9RP4,KDM1A,NCF4,CCL26,IFNB1,SCARB1,ZNF263,HLA-B,PLSCR1,GBP3,IFITM8P,C1QB,SKAP2,TMEM98,STAT5A,A2M-AS1,RBM6,FBXL3,FN1,FBXO10,DDX58,CASP7,ASPA,MAP1LC3B,XXyac-YM21GA2.7,SLC7A2,GDE1
REX1BD,CCL4,IL32,ABBA01045074.1,CARMIL1,TAC1,RNA5SP38,FASL,SCAMP5,CCL1,CD1A,IFNA14,REX1BD,VCAM1,C4A,RP11-123K19.2,IGKV1-17,THSD7A,LINC01605,RECQL,CDC5L,SPP1,FCN1,CBX7,CD200,CDH19,CCL5,CD101,CCDC12,TRAF5,IFNL3,IL18R1,IFI44L,DTX3L,C2CD5,TNFRSF10B,MYD88,C8A,CD1B,IL20RB,PARP12,FKBP4,CD82,CDIP1,IL6-AS1,ILVBL,PDCD1LG2,TNFSF9,MAPK3,DVL2,CXCL1,LINC02725,MS4A4A,IL12RB1,CCL3,ENSG10010136084.3,TNFRSF4,SLC22A16,CASP3,GZMK,IL4,HLA-DQB2,HECW1,ELANE,ILF3,PPARGC1A,ITGA3,TNFSF10,IFNL4,CALCR,ILF2P2,ANKIB1,CD160,APOL1,RBM6,RAC1,IFRD1,IL1A,PNPLA2,CX3CL1,HLA-C,TRIM25,CD160,IFIT1P1,GBP4,MCUB,YBX2,STAT5B,A2ML1,CAMKK1,ITGAL,COL1A1,RP11-963H1.1,DHX58,CASP8,RP11-46A10.8,SQSTM1,CTB-174D11.3,ARF5,REX1BD
CRLF1,CCL11,TRAF3IP3,ABBA01045074.2,RABL2B,ZNF263,CDC42-AS1,TNFSF10,RP11-148O7.2,TNFAIP1,CD1B,IFNNP1,CRLF1,ITGAL,C4B,RP11-613D13.10,RHD,LIG3,KBTBD11-OT1,VPS50,JAK2,ITGA1,FTH1,CD84,CCDC122,CD5L,CCL7,IL6ST,IL11RA,ITGB5,IFNA1,IL18RAP,CD33,SAMD9,CCR6,PCDHB11,TRAF3,C8B,CD1C,IL17RA,MXD1,KDM1A,MMP2,CD209,IL17REL,CCL24,HAVCR2,TNFRSF10C,ATG5,PRSS22,CXCL2,PLCXD3,MT1G,IL12RB2,LYZ,TMPRSS4,TNFRSF18,ZMYND10,CASP7,PRF1,IL5,HLA-DQB1,MAD1L1,FCGR1B,CDK4,PPARA,ITGA2B,TNFSF13B,MRGBP,DVL2,IL21R-AS1,CYP51A1,CD46,IDO1,CAMKK1,RAC2,CDKL3,IL1R1,RHOA,SPATA20,HLA-DRA,USP18,CD46,IFITM3P2,NLRP1,HOXA11,KRT33A,STAT6,A2ML1-AS1,RECQL,ITGA3,COL1A2,LINC01702,NLRC4,CASP8AP2,RPL17P13,DRAM1,CTB-60B18.22,SARM1,CRLF1
OSBPL7,CCL13,CD9,ABC10-43608400O15.1,SLC35C2,CX3CL1,CDK7P1,TRAIL,HABP2,CDR2L,CD1C,IFNA11P,OSBPL7,ITGB2,C5,BCAN,MKRN1,RPAP3,PINX1,HSPB6,CDC7,ITGA2,GAS6,CD8A,CD24P2,CDHR2,CCL19,IL2RA,CDC27P1,ITGAE,IFNA7,IL2RA,MX1,SAMD9L,CCRL2,PCDHB12,TRAF6,C9,CD1D,IL6-AS1,CASP8,RBM6,CDIP1,IL5RA,IL1RAP,CXCL12,LAG3,IFNWP19,ATG7,UPF1,CXCL11,CAPZA1P4,NMI,IFNG,CR1,RP11-315A16.3,TLR5,ABCB5,CASP8,GNLY,IL6,HLA-DQA2,LASP1,CD247,TNFAIP2,CPT1A,ASB4,TNFRSF1A,GBP3,PRSS22,IL9RP4,KRIT1,TNFSF4,IFITM3,RECQL,NOS2,CD79B,IL1R2,RAC1,CACNA1G,HLA-DRB1,BCL2,TNFSF4,IFIT6P,HP,POLR2J,MAP3K14,GATA3,A2ML1-AS2,VPS50,ITGA2B,COL3A1,LINC02690,NOD1,CASP9,BVES-AS1,LAMP1,TBC1D26-AS1,POLDIP2,OSBPL7
TMEM98,CCL17,CD22,ABC10-44372100G24.1,RAB21,SPATA20,NCDN,HSPA1A,RNU6-189P,CRACD,CD1D,IFNWP5,TMEM98,SELL,CFB,KDM2B-DT,RP11-477E3.3,ACSM3,OR7E11P,ARHGAP33,CDC34,ITGA3,GCA,FAM26F,CCDC117,MYDGF,CCL21,IL15RA,PPIL2,GSTP1,IFNA4,IL15RA,BST2,XAF1,CXCR4,CDCP2,KLRK1,CFB,CD1E,TNFSF15,DDX20,CAMKK1,IL5RA,CDV3,IL27,CCL7,TIGIT,CD24P1,BECN1,SKAP2,ELANE,TBC1D22A-AS1,PARP14,TBX21,TLR9,RNU6-312P,IL17REL,SLC25A13,FAS,CD80,GCLC,HLA-DQA1,SNX11,CD3E,CDK11A,ACADM,GDE1,TNFRSF1B,CGGBP1,UPF1,ILF3-DT,RAD52,CASP3,ANKRD22,VPS50,CAT,CDK11A,IL1RN,CDC42,TNFRSF12A,HLA-DQA1,BAX,IRF6,IFITM3P4,FCGR1B,DHX33,ABCC8,TBX21,A2MP1,HSPB6,ASB4,VIM,RP11-11N5.3,NOD2,CCL1,RP11-567G24.3,HIF1A,CTB-107G13.1,PLXND1,TMEM98
YBX2,CCL18,CD6,ABC11-4932300O16.1,CXCL2,CACNA1G,PCDHGC3,HSPA5,RP11-43N5.2,NFKB1,CD1E,IFNWP15,YBX2,SELP,CFD,CLNS1AP1,RP5-850O15.3,REXO5,ITFG2-AS1,NDUFAB1,CDHR5,ITGA4,GCH1,CPVL,BCDIN3D-AS1,NFKB2,CXCL1,CD36,CCDC198,RAB10,IFNL4,IL1RN,MMP9,EPSTI1,CCR7,CDC42EP1,LAG3,CFD,CD28,TNFAIP8L3,CD84,RECQL,CDV3,NLRP1,IL31,CCL8,GATA3,CCL16,RAB7A,MCUB,ICAM1,RP11-263K4.4,PLSCR1,GATA3,MARCO,PROX2,IFNA2,ST7,FASLG,CD86,IL10,HLA-DPB2,TMEM176A,FCGR3A,IFNGR1,ACOX1,REX1BD,MAPK14,GBP1P1,SKAP2,ILVBL-AS1,MYH16,CASP8,DUSP3,HSPB6,NAMPT,IL32,IL17A,ROCK1,DLX6,HLA-DQB1,BAK1,CASP8AP2,IFITM3P7,LILRA5,MEOX1,CACNG3,RORC,A3GALT2,ARHGAP33,GDE1,ACTA2,STAT5B,RIPK2,CCL11,LINC02653,SLC2A1,CTB-174D11.2,AK2,YBX2
KRT33A,CCL19,IL20RA,ABC12-46663800M24.1,CDH7,TNFRSF12A,HLA-DQB3,HSPA8,ENSG00000279049,IL2,CD83,IFNA13,KRT33A,SELE,CFH,RP11-290L7.5,RP11-325K4.2,CIAPIN1,MIR3179-1,PDK4,MMP11,ITGA5,GYG1,FRMD3,HLA-T,IL4R,CXCL2,CD63,TNFRSF19,CD59,IL1RL1,IL36RN,OAS3,LAP3,C1QTNF6,TNFSF13B,EBI3,CFH,CTLA4,TNFAIP2,TNFRSF1A,VPS50,NLRP1,CD200,IL10RB-DT,CCL1,TBX21,TNFRSF12A,LAMP1,HOXA11,ICAM2,PAX2,PSMB8,RORC,CXCR3,RN7SL802P,IL1RAP,CDC27,BCL2,CD40,IL12A,HLA-DPB1,M6PR,HLA-DRA,CDH24,CAD,CRLF1,MAPK3,IGBP1P1,MCUB,ILRUN-AS1,BAD,CXCL3,GBP2,ARHGAP33,MTOR,CD9,IL23A,ROCK2,MAP3K9,B2M,BID,TNFAIP3,IFITM4P,CARD16,THSD7A,TMEM132A,BCL6,A4GALT,NDUFAB1,REX1BD,TGFBR1,SMIM5,TICAM1,CCL13,NYNRIN,LDHA,CTB-147C13.1,CD38,KRT33A
MAP3K14,CCL20,CD74,ABC12-46663800M24.2,CDC14B,DLX6,MAPRE1,HSP90AA1,RP11-848G14.5,CRYAB,CD209,IFNA17,MAP3K14,ITGA4,CFI,ANKRD20A19P,RP11-618M23.4,SPPL2B,MIR3180-2,SLC22A16,IL2RB,ITGAV,HCK,SPP1,STATH,CDH17,CXCL3,CD164,HLA-DPB1,CD82,IL4I1,IL11RA,OAS1,PARP9,CD36,CXCL2,FCER1A,CFI,PDCD1,TNFAIP8L1,DHX8,HSPB6,CD200,CDC45,IL1R1-AS1,IL2,RORC,IL36RN,RAB5A,POLR2J,ICAM3,RP11-256L6.2,PSMB9,CCR7,CCR5,RP1-261K5.3,ILRUN,SLC4A1,GZMA,TGFB1,IL12B,HLA-DPA3,CYP26B1,HLA-C,CD24P1,ASS1,OSBPL7,MAPK1,PGBP,HOXA11,TLR3,LAP3,CXCL5,CASP4,NDUFAB1,ULK1,IFFO1,TNFSF10,PAK1,RALA,TAP1,CASP3,IRF2BPL,IFITM3P1,AIM2,LIG3,AP2B1,EOMES,A4GNT,PDK4,CRLF1,TGFBR2,GMNN,MYD88,CCL14,C17orf98,PFKFB3,CTB-60B18.12,FKBP4,MAP3K14
ABCC8,CCL21,CD44,ABC12-47964100C23.1,PCDHB4,MAP3K9,NODAL,HSPD1,HSPE1P8,CRTAM,MPO,IFNA12P,ABCC8,ITGB1,ATG5,HSPD1P8,RP11-641A6.3,FAM214B,MIR3180-4,ZMYND10,CDKL1,ITGB1,HP,C19orf59,CCDC8,CDC14A,CXCL5,IL6,CD177,SCAMP1,ILVBL,IL22RA1,ICAM1,PARP14,C1QTNF2,CDHR5,ABHD10,CR1,LAG3,TNFRSF4,CLEC2D,ARHGAP33,TGFB2,CDC6,IL9RP3,IL10RA,FOXP3,CDC42EP3P1,RAB5B,DHX33,LBP,PPP1CC,PSTPIP2,CD69,FCGR2A,RNU6-1315P,IFNL3,CALCR,GAS6,TGFBR1,IL17A,HLA-DPA2,ICA1,DEFA1,TNFRSF9,ODC1,TMEM98,MAPK8,IGBP1P3,POLR2J,TLR10,HS3ST1,CXCL6,NFKBIL1,PDK4,ATG5,CD22,CCL19,LIMK1,BAIAP2L1,TAP2,CASP8,IFNA6,IFITM3P5,STAP1,RPAP3,TAC1,PRDM1,AA06,SLC22A16,TMEM98,ITK,CAPZA2,IRAK4,CCL15,WAPL,ENO1,XXyac-YM21GA2.4,KDM1A,ABCC8
CACNG3,CCL22,BCLAF1,ABC13-47656900H15.1,PCDHA6,RALA,TNFRSF10B,DNAJA1,ZPLD2P,IL10RA,ELANE,IFNA4,CACNG3,MMP1,ATG7,OR5AK4P,SLIT3,COPZ2,MIR3179-3,ABCB5,TRIM9,ITGB3,ICAM1,MARCKS,CD8B,CXCL2,CXCL12,IL10,CCDC42,PILRA,IL1R1,IL17RD,RSAD2,PLSCR1,C2CD6,PCDHGB7,MDFIC,CR2,HAVCR2,TNFRSF18,MAPK6,NDUFAB1,CDC45,CDC23,IL6STP1,IL26,IL17A,IL12RB1,RAB5C,MEOX1,LCK,AC010132.11,RTP4,SELL,CD209,FBXW7,IL27,DVL2,SERPINB1,TGFBR2,IL18,HLA-DPA1,DBNDD1,HLA-A,CDS1,DEFB1,YBX2,JAK1,IGBP1P4,DHX33,TLR5,AOC1,CXCL13,SERPING1,SLC22A16,ATG7,CD6,CCL20,LIMK2,KDM7A,PSMB8,CASP9,IFNA8,IFITM10,SLC26A8,ACSM3,ZNF263,IL2,AAAS,ZMYND10,YBX2,ZAP70,RNU6-106P,TRAF6,CCL15-CCL14,RNU4-73P,PRKAA1,CTB-120L21.1,RBM6,CACNG3
TMEM132A,CCL24,CDH1,ABC13-48845200J1.1,PCDHGA2,BAIAP2L1,CDK5RAP1,DNAJB1,OR5W1P,CD5,LCN2,IFNWP2,TMEM132A,MMP3,BECN1,RABEPKP1,FLJ16779,PRKAR2B,MIR3180-3,SLC25A13,CDKN3,ITGB5,ICAM2,CD4,IL21R-AS1,CDH7,CXCL13,IL36G,PCDH18,TTC39A,IL32,IL6R,ISG15,FBXO6,C2CD2,PCDHB6,MED28,CD46,TIGIT,IL17REL,FCGR2B,PDK4,CDC6,IL11,IL21-AS1,IL17F,IL17F,IFNA5,EEA1,THSD7A,LCN2,LINC01845,SAMD9L,KLRG1,IL12A,RASGEF1A,IFNA1,PRSS22,SERPINB9,SMAD2,IL23A,ILRUN-AS1,ALS2,LAT,CDC27,DEFB4A,KRT33A,JAK2,IGBP1P5,MEOX1,TLR12P,WNT16,CXCL16,AIM2,ZMYND10,ATG12,IL20RA,CCL22,CFL1,ETV1,PSMB9,RIPK1,TNFSF18,IFITM3P6,P2RY14,REXO5,CX3CL1,IL4,AACS,ABCB5,KRT33A,LAT,CYP2C58P,TRAF3,CCL16,RP11-182J23.1,PPARG,CTB-134F13.1,CAMKK1,TMEM132A
AP2B1,HLA-A,CDH10,ABC14-1188822O7.1,IL12RB2,KDM7A,CD40,UBB,LINC00649,CD81,MMP8,IFNWP19,AP2B1,MMP7,MAP1LC3A,PAPPA-AS1,SPCS3-AS1,CREBBP,MIR3180-1,ST7,MMP9,IL7,ICAM3,USP18,CDH4,CDC14B,HLA-A,IL1RN,PDCD7,MGST2,NEMF,IL23R,IFITM3,LHFPL2,CXCR5,CDC42SE1,NRP2,CD55,RORC,IL1RAP,CD5L,SLC22A16,CDC23,CDC5L,IL6R-AS1,IL12B,IL21,CD93,CASP10,LIG3,MBL2,RP11-704M14.1,SERPING1,HLA-A,IL18,LLNLF-219B11.1,IL31,UPF1,PLAC8,SMAD3,TNF,ILVBL-AS1,CASP10,KLRK1,HLA-Z,LCN2,MAP3K14,TYK2,IGBP1P2,THSD7A,CD38,HECW1,CXCL17,FCGR1B,ABCB5,ATG16L1,CD74,CXCL1,ACTR2,AGK,PSME1,RIPK3,TNFSF11,IFITM3P9,ETV7,CIAPIN1,SPATA20,IL5,AACSP1,SLC25A13,ABCC8,SYK,LDHAP7,MAVS,CCL17,PRAMEF36P,CPT1A,CTB-131K11.1,RECQL,AP2B1
TAC1,HLA-B,TNFRSF17,ABC14-1188822O7.2,SMARCD3,ETV1,FCGR1CP,UBC,NCEH1,CD69,MMP9,IFNG-AS1,TAC1,MMP9,MAP1LC3B,RNA5SP435,DHX8,TSPOAP1,RPPH1,CDC27,CD40,IL15,LILRB2,PTPRC,BCDIN3D,IL12RB2,HLA-B,IL36A,PCDHA10,ATG16L1,IL4R,IL17RE,OAS2,GBP6,C1QTNF7,CDK1,CENPP,CD59,GATA3,IL27,TRAF4,ZMYND10,IL11,IFT74,IL9RP1,IL4,IL22,CDYL2,CD38,RPAP3,CISH,ZBTB34,TIMM10,HLA-B,GZMB,LLNLR-252D12.1,IFNA7,SKAP2,PLA2G7,SMAD4,NFYA,TNFRSF14-AS1,CFLAR,IRF9,IFNA22P,LTF,ABCC8,SOCS1,XXbac-BPGBPG34I8.1,LIG3,CDC27,MAD1L1,IKBKB,GZMB,SLC25A13,MAP1LC3A,NLRP2,CXCL2,ACTR3,ALDH3B1,PSME2,MLKL,TNFRSF10B,IFITM3P8,DHRS9,SPPL2B,CACNA1G,IL13,AADAC,ST7,CACNG3,PIK3CA,ORM2,PYCARD,CCL18,RNU6-243P,NOS2,XXyac-YM21GA2.3,VPS50,TAC1
ZNF263,HLA-C,TNFRSF9,ABC7-42391500H16.4,C1QTNF3,AGK,PCDHGC5,SUMO1,AC104024.1,IL23A,C2,IFNL3P1,ZNF263,TIMP1,SQSTM1,CTC-425F1.4,RP11-118H4.4,MPO,MIR1539,SLC4A1,CDC25B,IL21,LILRB4,TMEM51,CD2AP,CD59,HLA-C,IL36RN,CCDC85C,MMP2,IL26,IL17RC,IFITM1,ANKRD22,CXCR1,CDC42SE2,CLYBL,HLA-A,BCL6,IL31,NFKB2,ABCB5,CDC5L,IL12RB1,IL9RP2,IL5,ICOS,CDC27,CDC27,ACSM3,SOCS1,RP11-203L2.4,TRAFD1,HLA-C,PRF1,MOCOS,TNFRSF25,MCUB,CD40,IL2RA,CXCL9,TNFRSF13C,TFPI,HLA-DPB1,CDK11B,MPO,CACNG3,SOCS3,XXbac-BPGBPG24O18.1,RPAP3,CDKL3,LASP1,NFKB1,CASP1,ST7,MAP1LC3B,CD44,CXCL3,ARPC1B,TTC22,IDO1,HMGB1,PDLIM2,GTSE1,GAS6,FAM214B,TNFRSF12A,IL17A,AADACL2,CDC27,TMEM132A,PIK3CB,RP11-23J14.2,CASP4,CCL19,RP1-17K7.2,NOS3,CTB-162E12.1,HSPB6,ZNF263
CX3CL1,HLA-DMB,TRAF1,ABC7-42404400C24.1,TRAF5,ALDH3B1,CCDC15-DT,NEDD8,RP11-1072N2.3,BCL7A,C4A,IFNL4P1,CX3CL1,TIMP2,LAMP1,HMGB1P30,RP11-76P17.4,PON1,RMRP,CALCR,CDS2,IL22,LY96,PML,SMARCD1,CD82,HLA-DPA1,IL36B,ABCD3,LPCAT2,IFNG,IL22RA2,IFIT2,DUSP3,CCR1,CD24,TTC26,HLA-B,ICOS,TNFRSF25,IL4R,SLC25A13,IL12RB1,CDC7,IL6RP1,IL1A,ICOSLG,CD3D,TNFRSF12A,REXO5,SOCS3,RP11-462H3.2,VAMP5,HLA-DRA,FASLG,RP11-555K12.4,IFNWP18,HOXA11,CD28,IKZF2,CXCL11,TNFRSF10C,NDUFAF7,C4B,TNFRSF13C,ELANE,TMEM132A,PTGS2,XXbac-BPGBPG55C20.3,ACSM3,CD79B,SNX11,NFKB2,FCGR1A,CDC27,NFKB1,TNFRSF1B,CXCL13,ARPC2,PHTF2,ARG1,HMGB2,TNFRSF8,CNOT3,TLR5,COPZ2,DLX6,IL17F,AADACL2-AS1,SLC4A1,TAC1,PIK3CD,U2AF2,CASP5,CCL20,RP11-817J15.3,SOD1,CTB-60B18.10,ARHGAP33,CX3CL1
SPATA20,HLA-DOA,IL17RB,ABC7-42418200C9.1,LYRM2,TTC22,MAP3K3,ISG15,CRH,LTA4H,C4B,IFNL4,SPATA20,COL1A1,RAB5A,PAM,BCAS1,GCFC2,RNU12,DVL2,CDK5RAP1,IL27,MRC1,IFI30,SKIL,CDIP1,HLA-DPB1,IL1F10,UMLILO,RTRAF,IL1A,IL31RA,IFI44,KLF2,C2CD3,CD200,RNF111,HLA-C,CD19,IL10RB-DT,ITGA8,ST7,CDC7,CDC34,IL10RB,CCL20,CD27,CDON,CCL26,CIAPIN1,TIMP1,CFAP69,C2,HLA-DRB1,CD8A,IGHV3-33,IL10RB-DT,POLR2J,CD86,RORC,CCL2,TNFRSF13B,RBM5,HLA-DPA1,IFNNP1,CTSG,AP2B1,PTPRC,XXbac-BPGBPG55C20.2,REXO5,CDK11A,TMEM176A,RELA,GZMA,SLC4A1,NFKB2,BCLAF1,TLR6,ARPC3,CCL26,ARG2,HSPA1A,CD80,GPI,FOS,PRKAR2B,MAP3K9,IL22,AADACL3,CALCR,ZNF263,AKT1,RNU6-902P,IL1A,CCL21,CTD-2034I4.2,SOD2,CTB-113I20.2,NDUFAB1,SPATA20
CACNA1G,HLA-DOB,TRAF3IP2,ABC7-481722F1.1,RAB10,PHTF2,CCDC39,TRIM25,MTND2P14,CREBL2,C5,TNFRSF12A,CACNA1G,COL3A1,RAB7A,HERC2P11,AC010091.1,WDR54,SCARNA2,PRSS22,CDH20,CSF1,MSR1,DHX29,CD300A,CD209,HLA-DQA1,TLR4,LILRP1,C3orf18,IL1B,IL7R,GBP2,HP,CXCR6,CD47,M6PR,HLA-E,CD22,IL1R1-AS1,DDX1,CDC27,BCL7C,CDHR5,IL12A-AS1,IL1R2,CD70,CDSN,CDKL3,SPPL2B,TIMP2,RHOBTB3,C3,HLA-DRB5,CD4,RP11-598D14.1,IFNA22P,DHX33,CD80,IL17A,CCL3,TNFRSF12A,MTMR7,TNF,IL10RB,DEFA1,TAC1,PTPN22,XXbac-BPGBPG55C20.1,CIAPIN1,CD9,M6PR,RELB,IRF8,CALCR,RELA,IFT88,TLR9,ACTA1,FARP2,NOS2,HSPA1B,TNFSF10,ACOT13,MAFB,CREBBP,RALA,SELL,AADACL4,DVL2,CX3CL1,PTEN,RN7SL621P,CDC27,CCL22,SNW1,CAT,CTB-113D17.1,PDK4,CACNA1G
TNFRSF12A,HLA-DPA1,CDK14,ABC7-481722F1.2,CD59,CCL26,SAPCD2P1,HERC5,TNFSF8,CDKN1B,CFB,TNFRSF1B,TNFRSF12A,FN1,RAB11A,SUMO2P1,RPL21P99,CROT,RNU11,UPF1,TNFSF13B,CSF2,NCF1,EIF2AK2,CCDC85B,IL5RA,HLA-DQB1,IL33,CDC123,CRLS1,IL37,IL20RB,APOL1,CARD16,C1QTNF4,PCDHB15,ANKHD1,HLA-F,CD40,IL9RP3,DDX43,SLC4A1,CDC34,IFT27,IL20RB-AS1,IL1R1,ZAP70,IL18R1,CCDC124,FAM214B,VDR,TATDN2P2,C4B,HLA-DQA1,FOXP3,RP11-130C6.1,IFNWP4,MEOX1,ICOS,IL17F,CCL4,TNFRSF11B,SLC7A2,GPX1,CDCA4P3,DEFA3,ZNF263,PTPN6,FCGBP,SPPL2B,CD22,CYP26B1,FAS,VAMP5,DVL2,RELB,CDH1,NOD1,ACTB,USH1C,SOD2,HSPA5,CD244,ARPC2,GBP6,TSPOAP1,BAIAP2L1,CCR7,AADACP1,PRSS22,CACNA1G,MTOR,MIR519C,TNFRSF12A,CCL23,ARL4AP2,GPX1,CTB-111H14.1,SLC22A16,TNFRSF12A
DLX6,HLA-DPB1,CDK17,ABC8-43014700C16.1,CD82,FARP2,PPIAP38,USP18,RNU7-133P,CDK2AP1,CFD,TNFRSF17,DLX6,SPARC,UVRAG,OR4C5,RP11-894P9.2,ABCB4,SNORA16A,SKAP2,CDADC1,CSF3,NCF2,P2RY10,PIK3CDP1,CDV3,HLA-DRA,IL11RA,PCDHB16,OAS1,ILF3,IL17RA,WARS2,LPCAT2,C2CD2L,CD99,CEP85L,HLA-G,TNFRSF13B,IL6STP1,CXCL2,CALCR,CDHR5,IL2RB,IL21R-AS1,IL1RL2,LCK,TLR12P,CDK11A,COPZ2,APOE,MTUS2-AS1,C5,HLA-DQB1,IL32,RN7SL138P,IFNA20P,THSD7A,CCR7,IL22,CCL5,TNFRSF11A,ARF5,HLA-B,CDH15,S100A8,CX3CL1,PTPN1,XXbac-BPGBPG34I8.2,FAM214B,CD6,ICA1,FASLG,IRF7,PRSS22,REL,CDH10,CASP4,ACTG1,GGCT,GPX1,HSPA8,TNFAIP6,INTS1,ALDH1A1,MPO,KDM7A,S1PR1,AADAT,UPF1,TNFRSF12A,HIF1A,LRRC71,CCL26,CCL24,AC004009.2,GPX4,CTB-113I20.1,ZMYND10,DLX6
MAP3K9,HLA-DQA1,CDH3,ABCA1,PILRA,USH1C,CDRT15L2,RIG-I,NSFP1,OAS3,CFH,TNFRSF9,MAP3K9,HMOX1,RUBCN,FCN3,RP11-387H17.4,KMT2E,SNORA17B,MCUB,CCL22,GATA3,NCF4,LGALS9,FANCD2,NLRP1,HLA-DRB1,CCL21,CD101,TBX5,IL10,IL17REL,CARD16,LIMK2,CCR9,CD300A,AZIN2,HLA-DPA1,TNFRSF13C,IL21-AS1,IL12RB2,DVL2,MMP11,CDKL1,IL9RP4,IL1RL1,FYN,IL36B,MMP25,PRKAR2B,APCS,CTD-2210P15.3,CFB,HLA-DPA1,CCL21,LINC01624,IFNWP9,LIG3,CXCR4,IL23R,CCL7,TNFRSF10D,SARM1,APOBEC3G,CDH8,S100A9,SPATA20,FPR1,XXbac-BPGBPG55C20.4,COPZ2,CD74,DBNDD1,CCR1,NFKB2,UPF1,NFKBIA,TNFRSF17,CASP5,MYH9,DBF4,CAT,SOD1,IL17C,CHTF8,GADD45B,PON1,ETV1,CD44,AAGAB,SKAP2,DLX6,VEGFA,RP11-299G20.2,CDKL3,CCL25,RP11-513H8.1,HMOX1,XXyac-YM960E7.1,ABCB5,MAP3K9
RALA,HLA-DQB1,CDON,ABCA10,ATG16L1,GGCT,IMMP1LP1,MDA5,RP11-654C22.1,OAS2,MYD88,TNFRSF1A,RALA,NOS2,IRGM,GAPDP58,RP11-1348G14.1,RHBDD2,SNORD22,HOXA11,CCL17,TBX21,NLRP12,TIFA,ILF2P2,CD200,TAP1,CD72,DCDC2C,NOS1,IL21,IL1RAP,SERPING1,LRRN3,C1QTNF1,CDK5,COX8C,HLA-DPB1,TNFRSF17,IL6R-AS1,C1QTNF3,PRSS22,BCL2L13,CDKN3,IFNGR1,IL18R1,ITK,CDCA4P1,IL32,CREBBP,CD47,MIR365B,CFD,HLA-DPB1,CD83,RP11-561B11.6,IL1R1-AS1,RPAP3,CXCR6,TBX21,CCL8,TNFRSF10B,POLDIP2,TLR9,CDK3,S100A12,CACNA1G,FPR2,XXbac-BPGBPG34I8.3,PRKAR2B,CD44,ALS2,CCR2,NFKB1,SKAP2,BATF,TNFRSF9,SERPINB1,MYL2,TBXA2R,JAK1,SOD2,CXCL6,RNF213,PARP9,GCFC2,AGK,ITGA4,AAK1,MCUB,RALA,VEGFB,L3HYPDH,CD79B,CCL26,RNA5SP227,PRDX1,CTB-25B13.12,SLC25A13,RALA
BAIAP2L1,CD1A,CDK13,ABCA11P,MMP2,DBF4,CDC27P3,OAS2,RP11-845C23.3,IL26,TRAF6,TNFSF13B,BAIAP2L1,SOD2,HIF1A,RNU6-746P,MT1P3,SOX8,SNORD3D,POLR2J,MMP15,RORC,PARP14,MS4A4A,TLR3,CDC45,TAP2,IRF4,PIWIL4,CDIP1,IL19,IL10RB-DT,CD40,MAL,CCR8,CDKN1A,MLECP1,HLA-DRA,CD68,IL9RP1,TRAF5,UPF1,IL2RB,CD40,IFNG,IL18RAP,BTK,CDO1,CD9,TSPOAP1,CD1D,LSM10,CFH,B2M,MEFV,QRFP,IL9RP3,ACSM3,CCR2,GATA3,CCL13,TNFRSF10A,PLXND1,DEFA3,TNFSF13B,NCF1,TNFRSF12A,TGFB1,XXbac-BPGBPG34I8.4,CREBBP,CDH1,CASP10,CCR5,RELB,MCUB,BATF2,IL17RB,CD80,MYLK,IFRD1,JAK2,GPX1,IRF1,MXD1,CD276,WDR54,ALDH3B1,ITGB1,AAMDC,HOXA11,KDM7A,ICOSLG,RN7SKP233,CDK11A,CCL27,RNU6-323P,MAPK1,CTB-33G10.11,ST7,BAIAP2L1
KDM7A,CD1B,CD84,ABCA12,RTRAF,TBXA2R,IL12A,OAS3,RP11-723O4.7,IFNG,IRAK4,TNFRSF10A,KDM7A,CAT,VEGFA,CCNJL,RP11-246E12.4,IBTK,SCARNA4,DHX33,CDIPT,CD28,PLAC8,CD86,CDRT1,CDC6,PSMB8,TLR2,LILRA1,ICAM1,ILF2,IL1R1-AS1,CARD17,ALDH1A1,CXCR2,PCDHGB1,TPT1P8,HLA-DRB5,CD163,IL9RP2,ITGB5,SKAP2,CDKL1,IFT52,IFNA6,CXCR4,SYK,IFNL4P1,CD22,PON1,CD1A,DCAF1,CFI,CD74,BPI,MIR612,IL6STP1,REXO5,CCR5,BCL6,CCL19,IL21-AS1,AK2,CFB,CDIPTOSP,NCF2,DLX6,TGFBR1,XXbac-BPGBPG34I8.5,TSPOAP1,CDH10,CFLAR,CCR7,RELA,HOXA11,BATF3,CDK14,CDKN1B,FTH1,LGALS14,TYK2,CAT,IL37,JAK3,CDKN1A,CROT,TTC22,ITGB2,AAMP,POLR2J,ETV1,CD69,LCP2,IL32,CCL28,RP11-128M1.3,MAPK14,CTB-60E11.12,CDC27,KDM7A
ETV1,CD1C,BCL3,ABCA13,MAPKAPK5,IFRD1,AKT3-IT1,OASL,IER3,CDCA3,MAP3K7,TNFSF8,ETV1,NQO1,SLC2A1,OXNAD1,RPL12P46,ZNF195,LINC02203,MEOX1,IL21R,CD40,PTPRC,MGST1,TBCCD1,CDC23,PSMB9,IL18BP,IL18RAP,IRAK3,IFNK,IL9RP3,CD79A,ZNF296,C2CD4C,PCDHGA11,YY1P2,TAP1,MRC1,IL6RP1,ITGAE,MCUB,CDKN3,CDC25B,IFNA8,IL17C,CD20,TNFRSF21,CD6,GCFC2,CD1C,ENSG10010139463.1,CD40,CIITA,CD19,RP11-361L15.5,IL21-AS1,CIAPIN1,LAMP1,LAMP1,CCL20,CDCA4P4,CD38,C4A,TNFSF10,NCF4,MAP3K9,TGFBR2,XXbac-BPGBPG55C20.6,MPO,CDK14,TFPI,CXCR3,RELA-DT,POLR2J,TBX21,CDK17,CDKN2A,FTL,COX10,SOCS1,KEAP1,TNFSF9,GBP3,NFKB1,ABCB4,PHTF2,ITGAL,AANAT,DHX33,AGK,PDCD1LG2,RP11-114H7.2,CD9,CCL3,AC001226.8,AKT1,CTB-130E24.1,SLC4A1,ETV1
AGK,CD1D,CDC42,ABCA17P,CDIP1,LGALS14,IFNL1,DDX58,BRI3P1,IL17A,MAPK1,TNFAIP1,AGK,NFE2L2,SLC2A3,RP11-65J3.15,LINC02621,MYCBP2,TBCE,THSD7A,CD276,CD80,RAB20,USP41,TNF,IL11,PSMB10,IFI44L,SAPCD1,LYZ,IL18,IL6R-AS1,CD79B,TMEM51,CCR3,PCDH1,ENO1P3,TAP2,MSR1,TNFRSF14-AS1,APOB,HOXA11,CD40,CDS2,IFNA21,CXCL6,CD22,IL36G,CCDC88C,WDR54,CD1B,ZBTB17,CD40LG,NLRC5,MS4A1,RP11-977P2.1,ILRUNP1,SPPL2B,LAMP3,LAMP3,CCL21,CDCA4P3,FKBP4,CCL5,CDCA4P2,CYBB,RALA,SPP1,STATH,PON1,CDK17,NDUFAF7,CXCR4,NFKBIB,DHX33,EOMES,CDH3,CDKN2B,TF,GTF2IRD1,SOCS3,HMOX1,CD70,IRF6,NLRP12,KMT2E,CCL26,ITGB7,AAR2,MEOX1,ALDH3B1,TNFSF14,RP1-292B18.3,CD22,CCL3-AS1,RP4-592A1.5,MTOR,CTB-109A12.2,CALCR,AGK
ALDH3B1,CD1E,CDH19,ABCA2,ICAM1,COX10,CCDC33,IFIH1,RP11-334N17.1,IL17F,MAPK3,TNFSF4,ALDH3B1,KEAP1,LDHA,RFLNA,RRP1,FBXL3,DPM1,LIG3,TRIM35,CD86,RAB24,CCL4,EDIL3,CDC5L,CIITA,IFI44,STIL,PDCD7,IL34,IL9RP1,ETV7,CD96,CCR4,CXCL1,CTD-2534H9.1,TAPBP,ITGAM,TNFSF12,CD59,POLR2J,CDC25B,CDK5RAP1,IFNAR1,IL37,CD79A,CD34,NUDCD3,CROT,CD2,ZNF695,CD80,TAP2,CXCL16,AC004067.6,IL6R-AS1,FAM214B,NECTIN2,RAB5A,C1QA,CDCA4P2,KDM1A,CCL4,CCL16,CYBA,BAIAP2L1,MMP1,STAT5A,GCFC2,CDH3,RBM5,HLA-DRA,NFKBIA,MEOX1,GATA3,CDON,BCL2A1,TFRC,PAF1,MAPK1,ATF4,TNFSF14,IRF2BPL,RIPK2,RHBDD2,FARP2,IFNA1,AARD,THSD7A,TTC22,BTLA,RP11-248N22.1,CD6,CCL3L1,CTC-264O10.2,NFKB1,CTB-109A12.1,DVL2,ALDH3B1
TTC22,CD2,CD5L,ABCA3,IRAK3,GTF2IRD1,ECD,ZBP1,LINC02828,CD83,MAPK8,TNFAIP3,TTC22,PRDX1,PFKFB3,LINC01850,CTD-2124B8.2,ITGAL,SCYL3,RPAP3,IL7,ICOS,RAB31,DHX58,IL12A,JAK2,GATA3,STAT4,PCDHB8,RAB11FIP3,IL6R,IL9RP2,WARS1,NELL2,C1QTNF12,PCDHGA10,IFITM3P1,PSMB8,ITGAX,TNFRSF13B,CD82,DHX33,CDS2,CDH20,IFNA5,IL17B,CD79B,IFNGR2,IL20RA,ABCB4,CD3D,THOC7,CD86,TAPBP,IL2RA,RP11-572F4.1,IFNA14,COPZ2,IL15RA,RAB7A,C1R,CDCA4P1,RBM6,CCL3,CDO1,RAC1,KDM7A,MMP8,STAT4,WDR54,CDON,MTMR7,HLA-DRB1,JUND,THSD7A,RORC,PDIA5,BCL2L1,SLC40A1,VPS41,MAPK3,ATF6,CD93,MXI1,TREM1,SOX8,USH1C,IFNA2,AARS1,LIG3,CCL26,HAVCR2,hsa-mir-1253,IL20RA,CCL4,Y_RNA,NFKB2,CTB-60E11.11,CD2BP2,TTC22
PHTF2,CD5,CDHR2,ABCA4,LYZ,PAF1,NEIL2,AIM2,GDF15,CRYBG1,MAPK14,TNFSF18,PHTF2,JAK1,PKM,RP11-627K11.1,MICALL1,PDK2,C1orf112,ACSM3,TNFRSF10A,ICOSLG,RAB32,NEMF,CARMIL3,IL12RB1,TBX21,IL21,JAK1,CD209,IL20,IL6RP1,LPCAT1,SLC26A8,CCR10,IFNGR1,RP1-102G20.8,PSMB9,MARCO,TNFRSF6B,EIF2AK1,MEOX1,CDK5RAP1,TNFSF13B,IFNA16,ILF3,BLNK,TLR10,CD74,KMT2E,CD3E,Y_RNA,CIITA,PSMB8,BCL2,RP11-350A18.2,IL9RP1,PRKAR2B,IL2RA,ATG5,C1S,CDC42P6,CAMKK1,LAP3,CD226,RAC2,ETV1,MMP9,STAT6,CROT,CDK13,SLC7A2,HLA-A,JUNB,LIG3,BCL6,CDK13,BCL2L11,HAMP,ARHGAP44,MAPK8,XBP1,PDCD2L,MXD4,RAB11A,IBTK,GGCT,IFNB1,AARS1P1,RPAP3,USH1C,TNFRSF14,RP5-1070G24.2,CD74,CCL4L2,CTC-439O9.1,RELA,XXyac-YX60D10.3,POLR2E,PHTF2
CCL26,CD6,MYDGF,ABCA5,PDCD7,VPS41,MYDGF,PYCARD,RP11-457P14.5,CDH9,JUN,TNFSF11,CCL26,JAK2,IDO1,RPL12P13,SNORA16A,ITGA3,FGR,REXO5,FCGRT,CD274,S100A8,PLEKHA4,PDCD4-AS1,CDC7,RORC,CXCL9,TNFRSF1A,IL5RA,IL24,IL10RB,SECTM1,CHIT1,C1QTNF8,PCDHGA12,RP11-511H23.2,PSMB10,ARG1,IL10RB,DDX18,THSD7A,CDH20,CDADC1,IFNK,CCL25,BANK1,CDH12,NCDN,RHBDD2,CD3G,OR52V1P,CLEC4E,PSMB9,BCL6,RNA5SP430,IFNNP1,CREBBP,IL7R,ATG7,C2,CDC42P5,RECQL,ETV7,HLA-T,DPM1,AGK,TIMP2,STAT3,ABCB4,CD84,ARF5,HLA-B,PPIL2,RPAP3,IRF2,PDE4A,BCL6,HFE,ELAC2,MAPK14,DDIT3,IRF3,STATH,RAB20,ZNF195,DBF4,KLRC1,AARS2,ACSM3,GGCT,TIGIT,TDO2,CD44,CCL7,NUTF2P5,STAT3,CTB-107A22.1,RBM14,CCL26
FARP2,CD7,TRAF4,ABCA6,RAB11FIP3,ARHGAP44,CDK5,CASP1,MYOZ1,IL12B,FOS,TNFRSF10B,FARP2,TYK2,ARG1,HEATR5B,TRAJ9,ITGA2B,CFH,CIAPIN1,CD37,AIM2,S100A9,IL10RA,IFNA14,CDC34,JAK1,CD27,CDC42P3,ITGA6,IL15,IL20RB-AS1,CD19,NCF1,NCCRP1,PCDHGA1,RP11-305E17.4,PSME1,NOS2,IL12A-AS1,DEFB127,LIG3,TNFSF13B,CCL22,IFNAR2,ILKAP,IGHM,IL9RP2,NLRP2,SOX8,CD9,RP11-542F9.1,CLEC7A,PSMB10,MYD88,TLR10,IFNA11P,TSPOAP1,CXCL11,BECN1,C3,CDC42P4,VPS50,TYROBP,CD38,SCYL3,ALDH3B1,CEBPB,STAT2,KMT2E,CDC42,SARM1,HLA-C,PIWIL2,ACSM3,IRF3,CD84,BAK1,HP,SCIN,NFKB1,NFKB1,STATH,STAT5A,RAB24,MYCBP2,TBXA2R,KLRD1,AARSD1,REXO5,DBF4,CD96,DTNB-AS1,TNFRSF1B,CCL8,FOXCUT,STAT4,XXyac-YX60D10.1,IGBP1,FARP2
USH1C,CD9,IL4R,ABCA7,CD209,ELAC2,CD109,CASP4,EPM2AIP1,CDH6,CEBPB,TNFRSF8,USH1C,SOCS1,NOS2,RP11-554K11.2,TFF3,ASB4,FUCA2,SPPL2B,IL4I1,PYCARD,SAMHD1,CD3D,IFNWP2,CDHR5,JAK2,IRF8,TLCD1,CDV3,IL25,IL21R-AS1,CD22,RETN,CRACDL,PCDHGA3,RP11-562I5.2,PSME2,IDO1,TNFSF12-TNFSF13,MAPKAPK5,RPAP3,CDADC1,CCL17,IFNGR2,IL6ST,IGHG1,CDRT15P7,CCDC28A,IBTK,CD5,SOX14,CLEC10A,PSME1,IRAK4,RP11-89A4.6,IFNWP5,MPO,XCL1,MAP1LC3A,C4A,CDC42P3,HSPB6,SCARF1,TNFRSF1A,C1orf112,TTC22,CEBPD,STAT5B,RHBDD2,CDH19,POLDIP2,HLA-E,PIWIL1,REXO5,IRF4,TNFRSF1A,BAD,HPX,MYH13,NFKB2,NFKB2,STAT5A,IRF5,ID3,FBXL3,IFRD1,KLRB1,,CIAPIN1,TBXA2R,NCR2,RP11-304M2.6,CDH1,CD101,Y_RNA,STAT5A,MYCBP2-AS2,PCNX4,USH1C
GGCT,CD14,CDH17,ABCA8,NLRC4,SCIN,IFNA20P,NAIP,PRG4,IL4,ETS1,TNFSF10,GGCT,SOCS3,BATF,CD300LG,NBAS,GDE1,GCLC,FAM214B,IL27RA,CASP4,SELL,RABGAP1L,C2CD5,IL2RB,JAK3,IL19,PTCD1,NLRP1,IL7R,IL9RP4,SCARF1,OLFM4,C2CD4A,CDK2,RP11-126O1.6,KLRC1,SPP1,IL20RB-AS1,DDX24,ACSM3,CCL22,CDIPT,IFNB1,IL2RA,IGHG2,CDRT15P4,RTEL1-TNFRSF6B,ZNF195,CD6,RP11-359H18.2,CLEC12A,PSME2,TRAF6,HNRNPMP1,IFNWP15,PON1,XCL2,MAP1LC3B,C5,CDC42P2,ARHGAP33,LYZ,TLR9,FGR,PHTF2,NFKB1,COASY,SOX8,CD5L,PLXND1,CIITA,PPIL1,CIAPIN1,IRF5,IFI35,BIK,EREG,ADIPOR2,RELA,RELA,IL22,IRF4,CD38,ITGAL,LGALS14,IL32,,SPPL2B,IFRD1,KLRK1,CTXND2,CDH10,CD109,RP11-600L4.1,STAT5B,CTB-111F10.1,ADCY6,GGCT
DBF4,CD28,CDC14A,ABCA9,IL5RA,MYH13,PTMAP10,GBP1,RP11-215I16.2,IL5,ETS2,TNFAIP6,DBF4,NFKB1,BATF2,SNORA59B,ARL6IP1P3,REX1BD,NFYA,COPZ2,ILVBL,CASP5,TGFB1,CCL5,PCDH9,CDKL1,TYK2,IL22RA1,CDS2,ZC3HC1,IL13,NFKB2,CLEC7A,CD177,C2CD4B,PCDHGB2,RP11-622J8.1,KLRC2,BCL2,TNFRSF10A-AS1,DHX32,REXO5,CCL17,IL21R,IFNW1,IL15RA,IGHG3,CD33,CD44,MYCBP2,CD28,MTCO3P22,CSF1,LCK,RIPK2,LINC02122,IL9RP2,GCFC2,IL23A,CASP3,CFB,CDC42P1,NDUFAB1,NLRC4,CDRT15P8,CFH,CCL26,NFKB2,FCGR2B,IBTK,CDHR2,AK2,TGFB1,EDIL3,SPPL2B,IRF8,IFT80,CASP7,TAP1,CDKL3,RELB,RELB,IL17B,ISG20L2,CDC27,PDK2,COX10,LTA,,FAM214B,LGALS14,KLRC1,RP11-626K17.3,TNFRSF17,CD151,SNORD10,DPM1,MYCBP2-AS1,TNIP2,DBF4
TBXA2R,CD40,CXCL2,ABCA9-AS1,CDV3,ADIPOR2,GIMAP3P,GBP2,GS1-72M22.1,CDX1,CREB1,TNFSF9,TBXA2R,NFKBIA,BATF3,RP11-14J16.1,RP11-2C24.7,CRLF1,STPG1,PRKAR2B,CD79A,CCR5,TGFBR1,MAF,CDCP2,TRIM9,SOCS1,CD53,CCDC189,CD200,IL16,IKBKB,ITGAM,CEACAM1,C1QTNF9B,CDHR3,TMPOP1,KLRD1,BAX,IL21R-AS1,IRAK3,CIAPIN1,MMP15,CD276,IFNL1,IL36G,IGHG4,CD109,IFNGR1,FBXL3,CD52,RP11-507K2.3,CSF2,ZAP70,TICAM1,OSTCP8,IFNA13,WDR54,IL23R,CASP8,CFH,CDC37P2,PDK4,NCF4,IL9RP3,FUCA2,FARP2,RELA,OAS1,ZNF195,CDH17,CD38,VEGFA,DBIL5P,FAM214B,STAT2,BCL3,CASP9,TAP2,UPP2,REL,JUN,TNFRSF19,ADIRF,TNFRSF12A,ITGA3,GTF2IRD1,LTB,,COPZ2,COX10,KLRC2,PLEKHG3,TNFRSF9,CD160,CCL4L2,SCYL3,XXbac-B444P24.14,SEC24B,TBXA2R
IFRD1,CD40LG,CDH7,ABCB1,NLRP1,CDKL3,TNFRSF10A-AS1,GBP7,AC079922.2,CRBN,ATF2,TNFSF14,IFRD1,MAPK1,ID2,HYDIN,PLS1-AS1,OSBPL7,NIPAL3,CREBBP,CD33,CCR6,TGFBR2,CLEC4E,WSCD2,CDKN3,SOCS3,IL17RD,CDC42EP2,CCDC80,IFNE,RELB,ITGAX,TNFAIP6,CCR5AS,PCDHGA6,RP3-492P14.2,KLRK1,CASP3,IL9RP4,CD209,SPPL2B,CDIPT,IL7,IFNL2,IL1RN,IGHA1,CDC40,TNFRSF1B,ITGAL,CD55,RP11-413E6.2,CSF3,GBP1,IL1RAP,LINC01387,TLR12P,CROT,IL22,CASP9,STPG1,CDC37P1,SLC22A16,NCF2,CDK17,GCLC,USH1C,CD68,FCGRT,MYCBP2,CDC14A,FKBP4,PTGS2,EDIL3-DT,COPZ2,STAT3,TGFBR3,CD8B,PACRG,PRSS21,GBP1,FOS,IRF5,JAKMIP1,CCL26,ITGA2B,PAF1,CD163,,PRKAR2B,GTF2IRD1,KLRD1,MIR326,IL17RB,CD163,SNRPCP16,C1orf112,XXbac-B444P24.13,ACAT2,IFRD1
LGALS14,CD80,CDC14B,ABCB10,CD200,UPP2,CCL28,IRGM,PTPRH,BCL6,HIF1A,TNFRSF19,LGALS14,MAPK3,ID3,HOXA10-HOXA9,RP11-126K1.8,TMEM98,ENPP4,TSPOAP1,CDC37,CCR7,IL10,PDCD1LG2,CDCP1,NFKBIA,DPM1,CXCL14,SOCS2,TBX15,IL27,MAPK8,FUT4,MME,C1QTNF5,PCDHGA8,RP1-209B9.2,NCR1,CASP8,CD38,IL5RA,FAM214B,IL21R,TNFRSF10A,IFNE,IL36A,IGHA2,CDKN2AIPNLP2,BCLAF1,PDK2,CD79A,BANF1P3,B2M,AIM2,APCS,RP4-811M8.1,IFNA17,ABCB4,IL17A,BCL2,TLR1,CDC37L1,ZMYND10,CD274,IL2RB,NFYA,GGCT,IL17A,OAS3,FBXL3,CDH7,KDM1A,NOS2,CARMIL3,PRKAR2B,STAT4,CDC42,CD27,CD80,MARK4,GBP2,MAPK1,CD68,MXRA8,CDKL3,ASB4,VPS41,CD68,,CREBBP,ELAC2,KLRB1,RP11-142L16.2,CDK14,CD163L1,RP11-163E9.2,FGR,XXbac-B444P24.10,CLTA,LGALS14
COX10,CD86,IL12RB2,ABCB10P1,CCDC80,PRSS21,TMED7-TICAM2,ATG5,RNU6ATAC4P,CD86,IDO1,TNFRSF11A,COX10,MAPK8,TBX21,SRARP,RP11-49E18.1,YBX2,SEMA3F,MPO,JAK3,CXCR4,IL10RA,SOCS3,PCDHB1,CD40,SCYL3,IL9,CXCL1P1,CDC45,IL31,TNFAIP1,ELANE,CD3G,C2CD4D,PCDHGA2,AC004257.1,NCR2,RIPK1,CD79B,ITGA6,COPZ2,CD276,FCGRT,IFNLR1,IL36RN,IGHD,CDK17,CDH1,ITGA3,CD79B,NATP,HP,CARD16,CRP,LINC02571,IL6RP1,KMT2E,IL17F,BAX,TLR3,CDC27P3,ABCB5,GCH1,CDH18-AS1,STPG1,DBF4,IL17F,OAS2,ITGAL,CDC14B,RBM6,CD14,CARMIL2,CREBBP,STAT5A,CDH19,CD38,SP110,PROM1,TRIM22,MAPK3,CCL25,STAT6,CD79B,GDE1,ARHGAP44,ITGAE,,TSPOAP1,SCIN,CLEC4E,RP11-797E24.3,MXD1,CD164,NAMA,FUCA2,Metazoa_SRP,POU2F1,COX10
GTF2IRD1,CD209,TRAF5,ABCB10P3,CDC45,MARK4,PTMAP11,BECN1,CTD-2210P24.2,PDCD10,ARG1,TNFAIP8,GTF2IRD1,MAPK14,GATA3,C11orf24,RP11-510I6.3,KRT33A,CFTR,PON1,CDK6,CXCR5,IL10RB,TLR2,TNFSF11,CDC25B,C1orf112,CD226,CCDC154,CDC6,DHX29,NFKB1,MPO,CD247,CXCR2P1,PCDHGA4,RP3-388N15.2,NCR3,RIPK3,CD9,NLRP1,PRKAR2B,IL7,CD37,IFNA10,IL36B,IGHE,CDRT1,CDH10,ITGA2B,CD81,CTD-2540B15.9,HPR,CARD18,ITGB2,C5orf24,IFNA12P,RHBDD2,NAMPT,BAK1,TLR4,CDC27P1,SLC25A13,CMPK2,CDS2,NIPAL3,TBXA2R,IL22,IRF6,PDK2,CD59,CAMKK1,CD28,CD44,TSPOAP1,STAT5B,PDCD2,ICOS,KLF2,CCDC124,CARD9,MAPK8,PDLIM4,IRF2BP2,CDK11A,REX1BD,ELAC2,C3,,MPO,MYH13,CLEC7A,RAD54B,CDK17,CD164L2,RP11-144G6.12,GCLC,Metazoa_SRP,SFT2D3,GTF2IRD1
PAF1,TLR1,CD59,ABCB10P4,CDC6,PROM1,CD2AP-DT,LC3B,RP11-368P15.2,IL1A,ARG2,TNFRSF21,PAF1,CD40,RORC,MBNL1-AS1,RP11-761N21.1,MAP3K14,ANKIB1,GCFC2,CCL24,CX3CR1,CD4,IL15RA,CD2AP-DT,CDS2,FGR,IL18,PCDHA9,CDC23,RAB4B-EGLN2,MAPK14,MSR1,CD27,C2CD4D-AS1,PCDHGB3,RP11-324F11.1,CD19,MLKL,CD22,CD200,CREBBP,TNFRSF10A,IL4I1,IFNA2,IL1F10,IGKC,IL20RB,TNFRSF17,ASB4,CD83,RNU7-10P,ICAM1,NOD1,HMOX1,SERHL,IFNA4,SOX8,CMPK2,BID,TLR5,CDC26P1,ST7,RTP4,CDC42P3,PSMF1,IFRD1,RORC,IRF2BPL,ITGA3,CD82,RECQL,GATA3,CDHR2,MPO,STAT6,FCGR2B,ICOSLG,NEMF,CEACAM21,CARD11,MAPK14,CARD6,IRF2,IL32,CRLF1,SCIN,C1QA,,PON1,CDKL3,CARD9,FMO9P,CDH3,CD177,RN7SL455P,NFYA,Metazoa_SRP,PPARD,PAF1
VPS41,TLR2,CD82,ABCB11,CDC23,CCDC124,CXCL1P1,SQSTM1,RP11-219A15.2,CCL20,HMOX1,TNFRSF14,VPS41,CD40LG,EOMES,RBAK-RBAKDN,ATP11A-AS1,ABCC8,CYP51A1,WDR54,TRIM14,KLRK1,CD8A,IFNG,CDH24,CDK5RAP1,CFH,CCL28,PCDHB17P,PTGS1,RABGAP1L-DT,MAP3K7,MRC1,CD28,CCR12P,PCDHB7,RN7SL152P,CD22,CASP10,CD6,IL11,TSPOAP1,FCGRT,IL27RA,IFNL3,IL33,IGLC1,CCL18,TNFRSF9,GDE1,CD97,RP4-593M8.1,ICAM2,CLEC4D,MT1A,ENSG00000263963,IFNWP2,IBTK,NPC2,CYCS,TLR6,CDC20P1,CDC27,IL18BP,TLR12P,STMN1,LGALS14,CCR6,IRF3,ITGA2B,CDIP1,VPS50,FOXP3,CARMIL1,PON1,CIITA,PDE8A,GZMH,ZNF296,PAFAH1B1,SLC11A1,PARP1,CASP9,IRF2BP1,CD9,OSBPL7,MYH13,C1QC,,GCFC2,MARK4,DPM1,RP11-812E19.5,CDON,CD177P1,SNORA22,STPG1,Metazoa_SRP,CBFB,VPS41
ARHGAP44,TLR3,CDIP1,ABCB4,IL11,CEACAM21,TNFRSF25,CALCOCO2,RP11-26J3.4,IFIH1,NCF1,TNFRSF13C,ARHGAP44,LTA,NFATC1,RFPL4AP1,RP11-517A5.5,CACNG3,KRIT1,CROT,TNFSF8,NCR1,CD8B,STAT4,TGFB2,CDH20,FUCA2,IFIT5,CD74,CRAT,MAP3K20-AS1,CASP1,CTSG,CD2,C1QTNF9,PCDHGA9,RP11-167H9.4,CD27,CD38,CD74,NCR2,MPO,CD37,ILVBL,IFNA1,IL11RA,IGLC2,CD3G,PTCD2,REX1BD,CDC42,ACTG1P17,ICAM3,CLEC7A,MT2A,SPACA7,TNFRSF14-AS1,ZNF195,ACP5,MMP1,NIPAL3,CDR2-DT,SLC4A1,WARS1,IFNWP18,MXD3,COX10,IL21,IRF5,ASB4,CD209,HSPB6,RORC,CDKN3,GCFC2,SFTPA1,CD5L,GZMK,ACE,NOS2,LTA,PARP2,CD180,ISG20,CD22,TMEM98,ADIPOR2,CFB,,WDR54,CCDC124,SCYL3,RP11-80N9.1,CDK13,CD180,UQCR11,NIPAL3,Metazoa_SRP,ANP32B,ARHGAP44
ELAC2,TLR4,IRAK3,ABCB5,CDC5L,PAFAH1B1,ATG10,IFIT1,RP11-486O13.5,STAT1,NCF2,TNFSF13,ELAC2,TNFSF11,NFATC2,SLC39A1,RP11-119F7.5,TMEM132A,RAD52,ABCB4,CDC37L1,NCR2,CD3D,TRIB1,IL1RAP,TNFSF13B,GCLC,CD96,HLA-DMB,CYP26A1,JAKMIP2-AS1,CASP5,FCGR3A,GATA3,C1QTNF9-AS1,PCDHGC3,RP11-236B18.5,CD38,TNFRSF12A,CD44,IL12RB1,PON1,IL4I1,CASP14,IFNA7,CCL21,IGLC3,IL17F,CCDC85A,CRLF1,CDK1,CTD-2012K14.3,ICOSLG,MERTK,FABP4,RP11-11A9.2,IFNWP19,MYCBP2,SOCS3,MMP2,ENPP4,CDPF1P1,CALCR,PML,TLR10,C1QB,GTF2IRD1,IL27,OASL,GDE1,CDV3,ARHGAP33,RUNX3,CDK5RAP1,WDR54,SFTPA2,CDHR2,CD79A,TERT,DNAH9,HCK,ATG5,CD101,STAT5B,CD6,YBX2,CDKL3,CFD,,CROT,CEACAM21,C1orf112,MLXIPL,CD84,CD19,TMEM215,ENPP4,Metazoa_SRP,HMGCL,ELAC2
SCIN,TLR5,CD209,ABCB6,JAK2,NOS2,RN7SKP38,IFIT2,RP11-16E23.5,IL1R2,NCF4,TNFAIP8L2,SCIN,TNFRSF11A,RUNX1,RNA5SP471,FLACC1,AP2B1,MYH16,KMT2E,CXCL12,NCR3,CD3E,CD63,CCDC174,CDADC1,NFYA,CD8A,IFNAR1,CRTAC1,IL11,TNFAIP8,IGLC2,RORC,C1QTNF7-AS1,PCDHGC4,ANAPC1P2,CD40,CCL26,CD84,SERPIND1,GCFC2,IL27RA,CD79A,IFNWP18,IL18BP,BAFF,IFNA1,IL17RB,OSBPL7,CDK2,UXS1,IL15,MARCO,LCN2,RP11-720L3.1,TNFSF12,FBXL3,DUSP3,MMP9,TLR9,CDK2AP2,DVL2,IFITM3,CD1C,RPL22,PAF1,IL27RA,IRF4,REX1BD,CD200,NDUFAB1,LCK,TNFAIP1,CROT,SFTPB,ICAM3,CD79B,PTK2B,KIAA0100,FPR1,ATG7,IL6ST,JAKMIP2,IL20RA,KRT33A,UPP2,APOBEC3G,,ABCB4,NOS2,FGR,AGBL5-IT1,TNFRSF1A,CD1A,INPP1,SEMA3F,Metazoa_SRP,ABCF1,SCIN
MYH13,TLR6,IL5RA,ABCB8,IL12RB1,DNAH9,CCDC173,IFIT3,POM121L8P,IL1R1,COL1A1,TNFRSF11B,MYH13,CXCR3,RUNX2,HNRNPMP2,LNCNEF,TAC1,BAD,RHBDD2,CDH23,KIR2DL1,CD3G,NCF1C,CD68,CCL22,STPG1,CXCL13,CDRT1,IL11,CASP8AP2,REL,IGHG1,EBI3,C1QTNF1-AS1,PCDHB8,Y_RNA,CD79A,CD79B,CD5L,MAPK1,WDR54,ILVBL,CD33,IFNA22P,IL21,APRIL,IL18RAP,CDK14,TMEM98,CDK6,RP11-359H3.6,IL27,LILRA5,NAMPT,CTD-2331H12.9,TLR9,ITGAL,KLF2,TIMP2,NOD1,CDK2AP1,PRSS22,SERPING1,HLA-DRB9,CLCN6,VPS41,IL10,IRF8,CRLF1,CDC45,PDK4,ZAP70,CD80,ABCB4,SFTPC,CDH17,TCF7,LYZ,SLC13A2,FPR2,BECN1,IL2RA,MXRA7,CD74,MAP3K14,PRSS21,TRIM5,,KMT2E,DNAH9,CFH,CTD-2061E19.6,CDC42,CD1B,GSN-AS1,CFTR,Metazoa_SRP,UPP1,MYH13
ADIPOR2,TLR7,CDV3,ABCB9,CDC7,KIAA0100,HLA-K,IFITM1,C2orf16,IL1RL2,COL1A2,TNFRSF10D,ADIPOR2,CX3CL1,RUNX3,SDR42E1P5,ORC3,ZNF263,LAP3,SOX8,TRIM37,KIR2DL3,CD19,NFKBIA,CD177,CCL17,NIPAL3,CD109,IL10RA,CREM,IL22,TNFAIP8L2,IGLC3,IL12RB1,C1QTNF3-AMACR,PCDHGB4,RN7SKP191,CD79B,IL32,CD59,CARD10,CROT,CASP14,CDC37,IFNWP4,IL19,TACI,IL1RN,MXD1,YBX2,CDKN1A,RPP40,KIR2DL1,LILRB4,S100A8,FAM230E,TNFRSF13B,PDK2,LYN,SPP1,NOD2,CD300LG,UPF1,ANKRD22,CXCL2,DFFB,ARHGAP44,ARG1,FCGR2A,OSBPL7,CDC6,SLC22A16,PD1,CD53,KMT2E,SFTPD,CDC14A,LEF1,CCR6,GAS7,AIF1,MAP1LC3B,IL15RA,GBP6,NLRP2,ABCC8,MARK4,BST2,,RHBDD2,KIAA0100,FUCA2,CASC3,CDH19,CD1C,LINC02197,ANKIB1,Metazoa_SRP,WDR25,ADIPOR2
CDKL3,TLR9,CD200,ABCC1,SCD,SLC13A2,C1QTNF9B,IFITM3,LINC01122,IL1RL1,COL3A1,TNFRSF10C,CDKL3,CX3CR1,ETS1,CD248,LINC02507,CX3CL1,HS3ST1,IBTK,TRIM16L,KIR3DL1,CD22,IRF8,TRIL,CDIPT,ENPP4,IL34,CCDC87,CRISP3,IL33,RELA,IGHG2,IL12RB2,IRF6,PCDHB10,SCARNA18B,CD1A,CD9,CD82,DDX17,ABCB4,CD79A,CDK6,IFNA20P,IL22RA1,BCMA,CD200R1L,CDK17,KRT33A,CEACAM1,ANKRD30A,KIR2DL3,SIGLEC5,ALOX5,P2RX1,TNFRSF6B,ITGA3,DPM1,FN1,NLRP1,CDH12P4,SKAP2,BATF,CDC14C,GABRD,ELAC2,CD80,ADIRF,TMEM98,CDC23,ZMYND10,PDCD1,IFNA5,RHBDD2,SCGB1A1,CDH7,IGHM,TREM1,TRAPPC6A,5S_rRNA,NOTCH1,CD36,JAKMIP3,CD44,CACNG3,PROM1,MYD88,,SOX8,SLC13A2,GCLC,GJD2,CD5L,CD1D,ENSG10010134213.1,CYP51A1,Metazoa_SRP,AHR,CDKL3
UPP2,TLR10,CDC45,ABCC10,RAB18,GAS7,SMILR,BST2,RP11-659F24.1,IL18R1,FN1,TNFSF15,UPP2,PGM5,ETS2,NDUFS8,EARS2,SPATA20,AOC1,ZNF195,CDK5RAP3,FCGR1A,CD27,CD19,CCL26,IL21R,SEMA3F,CD1D,IL6STP1,NCR2,RABGAP1L-AS1,TNFAIP8L3,IGHA1,IL23R,IRF2BPL,PCDHGB5,MIR548AI,CD1B,CD6,CD209,APOBEC3H,KMT2E,CD33,CASP2,IFNWP9,ILDR2,CD68,CDK9,CDH3,MAP3K14,CSF1,RP5-968D22.3,KIR3DL1,CD36,FPR1,RP11-173D3.1,IL10RB,ITGA2B,SCYL3,COL1A1,NLRP3,CDH12P3,MCUB,NCF1,IL22RA2,SLC35E2B,SCIN,CD86,FCGR3B,YBX2,CDC5L,ABCB5,CTLA4,CDK1,SOX8,MUC1,CDC14B,IGHG1,CLEC4E,MATK,5_8S_rRNA,NOTCH2,CD63,IRF1-AS1,IFNGR1,TMEM132A,CCDC124,IL1A,,IBTK,GAS7,NFYA,RNU6-1069P,CDHR2,CD1E,H3C11,KRIT1,Metazoa_SRP,CDK19,UPP2
PRSS21,IRF2,CDC6,ABCC11,BCL7C,TRAPPC6A,CCL27,MX2,GDA,IL18RAP,MMP1,TNFAIP8L3,PRSS21,EBF3,MYC,RP11-110I1.5,RNA5SP462,CACNA1G,WNT16,MYCBP2,CCL7,FCGR2A,CD40,TNF,CD5L,CD276,CFTR,CD1A,CCL4L2,CDC5L,ISY1-RAB43,TNFAIP8L1,IGHG3,IL17A,IRF3,PCDHGC5,RP11-7O11.3,CD1C,IL20RA,CD200,IL2RB,RHBDD2,CDC37,CCL24,IFNA14,ILF2,CD163,CDK2,CASP8,ABCC8,CSF2,MIR130B,KLRC1,CD63,LBP,LINC02679,IL12A-AS1,ASB4,C1orf112,COL1A2,NLRC4,CDH12P2,HOXA11,GBP4,IFNWP4,NADK,MYH13,MRC1,IRF2BP2,KRT33A,CDC7,SLC25A13,CD80,CDCA4,IBTK,MUC2,PDS5B,IGHG2,FPR1,CEACAM7,7SK,DAPK1,CD164,MXD3,TNFRSF1B,AP2B1,CEACAM21,CD247,,ZNF195,MATK,STPG1,AQP2,IL4R,CD2,KRTAP5-6,RAD52,Metazoa_SRP,GOPC,PRSS21
MARK4,IRF3,CDC23,ABCC12,CDC34,MATK,XXbac-BPGBPG34I8.4,APOBEC3A,RNU6-862P,CD207,MMP2,TNFAIP2,MARK4,A2ML1,FOS,CTD-2385L22.2,FTH1P23,TNFRSF12A,HECW1,FBXL3,CCL8,FCGR2B,CD86,CCL4L1,SAPCD1-AS1,TRIM35,ANKIB1,CD1C,PCDHB3,JAK2,IL7,IKBKE,IGHM,IL17F,STATH,C1QTNF9-AS1,MIR3196,CD1D,CD74,JAK2,TRIM9,SOX8,JAK3,TNFSF8,IFNNP1,IL17RD,CD16,CD6,CDON,CACNG3,CSF3,RP11-616K6.3,KLRD1,CD53,MPO,FAM86KP,ILF2P1,GDE1,FGR,COL3A1,MYD88,CDH12P1,POLR2J,ALDH1A1,CDK2AP1,VPS13D,ADIPOR2,CD200,IRF2,MAP3K14,CDC34,ST7,ICOS,TLR10,ZNF195,MUC5B,CD59,IGHG3,FPR2,CD79B,A1BG,DAPK3,IL6,GBP7,CDH1,TAC1,PAFAH1B1,CCL3,,MYCBP2,CEACAM7,NIPAL3,NT5C3AP1,CDH17,CD200,RP11-357H14.17,MYH16,Metazoa_SRP,ZNF318,MARK4
PROM1,IRF4,IL11,ABCC13,CDHR5,CEACAM7,BCL6,SAMHD1,ZC3H10,BCL9,MMP3,TNFAIP8L1,PROM1,TGFBR2,JUN,MYH6,GTF2A2,DLX6,MAD1L1,ITGAL,CCL1,FCGR3A,CD80,CCRL2,IFNG-AS1,IL7,CYP51A1,CD1B,TNFAIP3,IL12RB1,IL2,LAP3,IGHG4,IL22,STAT5A,ILF2P1,LINC01944,CD1E,CD44,CD40,SERPINA4,IBTK,CDK6,CDC37L1,IFNA11P,ILDR1,CLEC4E,IL25,CDK13,TMEM132A,CXCL3,AC067956.1,KLRK1,CD68,NOD2,RP1-27K12.2,TNFSF12-TNFSF13,REX1BD,CFH,VIM,TICAM1,CDC42BPG,DHX33,CLEC4E,HLA-H,UQCRH,CDKL3,CD200R1,IRF2BP1,ABCC8,CDHR5,CDC27,SOCS1,CDKN2AIPNLP1,MYCBP2,CD38,CD82,IGHG4,CD209,SCN4A,A1BG-AS1,DNASE1,IL10,GBP1P1,CDH10,ZNF263,NOS2,IL27,,FBXL3,CD79B,ENPP4,RN7SL653P,CDC14A,CD200R1,MIR302A,BAD,Metazoa_SRP,OTP,PROM1
CCDC124,IRF5,CDC5L,ABCC2,MMP11,CD79B,MAP1LC3A,TRIM5,KIAA1671,CFHR3,TIMP2,TNFRSF4,CCDC124,CD79B,SFTPA1,RP11-505E24.4,CTD-2293H3.2,MAP3K9,LASP1,PDK2,TNFAIP1,FCGR3B,GZMA,PRF1,CCDC77,TNFRSF10A,KRIT1,CD1E,CD8B,CDC7,IL4,TNFRSF12A,IGKC,IL18,IRF5,PCDHAC1,PRAMEF33,CD83,IFNGR1,CD276,NFKBIA,ZNF195,CASP2,CXCL12,IFNWP5,CXCL14,CLEC7A,TNFRSF14-AS1,SMARCD1,AP2B1,CXCL5,RP1-283E3.8,NCF1,CD33,ZBP1,RP11-179D22.1,IL20RB-AS1,CRLF1,FUCA2,HIF1A,SEMA3F,CD300LF,MEOX1,TAP1,IFNL3P1,TMCO1,UPP2,LYZ,IRF7,CACNG3,CDKL1,SLC4A1,SOCS3,CDH4,FBXL3,CDC27,PDRG1,FCGR2A,MBL2,ST7L,A1CF,DNASE1L3,IL36G,MXRA7P1,TNFRSF17,CX3CL1,DNAH9,TNFRSF1A,,ITGAL,SCN4A,SEMA3F,RP5-827A12.2,CXCL2,CD200R1L,RP11-1042B17.4,LAP3,Metazoa_SRP,FBXW11,CCDC124
CEACAM21,IRF6,IL12RB1,ABCC3,BCL2L13,SCN4A,XXbac-BPGBPG34I8.5,RSAD2,VRTN,CRYZ,SOCS1,TNFRSF18,CEACAM21,FPR1,SFTPB,CYCSP29,ANGPT4,RALA,SNX11,ITGA3,CDR2L,ITGAL,GZMB,C3AR1,CCDC38,NFKBIB,RAD52,CD3G,TNFRSF10D,SCD,IL5,ETV7,IGLC1,IL18R1,IRF4,PCDHGB6,RNU1-2,CD86,TNFRSF1B,CD37,CD40,MYCBP2,CCL24,CDH23,IFNWP15,IL9,MARCO,CDT1,CD84,TAC1,CXCL6,RP11-101E7.2,NCF2,CD209,AIM2,RP11-157L14.5,TNFRSF10A-AS1,OSBPL7,GCLC,VEGFA,RORC,CD300LD,THSD7A,VAMP5,CD81-AS1,SDHC,PRSS21,CHIT1,IRF1-AS1,TMEM132A,CDKN3,CALCR,CD163,TNFRSF4,ITGAL,CALCR,CDIP1,FCGR2B,FCN1,PAX6,A2M,NEMF,IL1RN,IRF5P1,TNFRSF9,SPATA20,KIAA0100,TNFRSF1B,,PDK2,ST7L,CFTR,TTC9,CDH7,CD200R1L-AS1,KRT16P2,HS3ST1,Metazoa_SRP,PEX19,CEACAM21
PAFAH1B1,IRF8,CDC7,ABCC4,PPIL2,ST7L,CCDC18,CD55,RP11-665C14.1,CD58,SOCS3,TNFRSF25,PAFAH1B1,BLR1,SFTPC,FEZ1,NWD2,BAIAP2L1,TMEM176A,ITGA2B,IL2,ITGAM,GZMH,LCK,CCL15-CCL14,CD37,MYH16,IL6R,IL9RP4,RAB18,IL6,TYMP,MS4A1,IL18RAP,STAT4,PCDHGA7,,CD209,TNFRSF9,CD79A,DHX35,FBXL3,BCL7B,CDK5RAP3,IFNA13,IL18,ARG1,IL10RA,TNFRSF1A,,CXCL13,COX8A,NCF4,,,RNU6-269P,IFNG-AS1,,NFYA,VEGFB,RORA,CD300LB,LIG3,CLEC7A,CXCL16,UBQLN4,MARK4,CTSD,FCGR3A,AP2B1,CDC25B,DVL2,CD68,TLR9,PDK2,,ICAM1,FCGR3A,FCN2,RPUSD1,A2M-AS1,DHX29,IL36A,IRF2-DT,IL17RB,CACNA1G,SLC13A2,GMCSF,,ITGA3,RHBDF1,ANKIB1,UBE2W,CDC14B,CD207,SMG1,AOC1,Metazoa_SRP,AKIRIN1,PAFAH1B1
NOS2,IRF9,BCL7C,ABCC5,MAPK1,PAX6,JAK1,CD46,MIR6075,CD2,PTPRC,TNFRSF14-AS1,NOS2,ZAP70,SFTPD,EMP2,XXYL1-AS1,KDM7A,M6PR,ASB4,TRIM2,ITGAX,GZMK,CD53,STAT6,,BAD,CD300LG,CDC37,MACROH2A2,IL9,TNFRSF1B,IGHE,KLRB1,IRF8,CDH12P4,,FCGR2C,IL17RB,CD33,TNFSF13B,ITGAL,TNFSF8,CCL7,IFNA17,CCL28,ARG2,CXCL16,COASY,,CYBB,MTND2P21,PTX3,,,ZNF525,ILF2P2,,STPG1,VEGFC,STAT3,CD200R1,RPAP3,P2RY14,CDH12P1,AMY2B,PROM1,CTSS,IRF9,TAC1,CDS2,PRSS22,ITGAM,ILF2P2,ITGA3,,PDCD7,FCGR3B,,RHBDF1,A2ML1,ATP10A,IL36RN,IKBKG,CDK14,TNFRSF12A,GAS7,IFI16,,ITGA2B,LUC7L,CYP51A1,ST13P14,IL12RB2,CD209,THEM4,,Metazoa_SRP,ZNF655,NOS2
,JAK1,,,,,,CD59,,,,,,LCK,,,,,,,,,,IL8,,,,,,,IL3,,,,,PTCD2P1,,,,,,,,CCL8,,,NOS1,,,,CYLD,,AOAH,,,,,,,,,,,,,AMY1A,,,,,,,ITGAX,,,,,,,,,,,,,,,,,,,,,,,,,,LYST,
,JAK2,,,,,,CCL3,,,,,,ITK,,,,,,,,,,IL32,,,,,,,ILK,,,,,CD2BP2-DT,,,,,,,,CCL1,,,NOS3,,,,ICOSLG,,BPI,,,,,,,,,,,,,VANGL2,,,,,,,MARCO,,,,,,,,,,,,,,,,,,,,,,,,,,OSBPL9,
,JAK3,,,,,,CCL4,,,,,,,,,,,,,,,,IL7R,,,,,,,,,,,,CDC37P2,,,,,,,,TNFAIP1,,,IL1R1,,,,IFITM1,,CD14,,,,,,,,,,,,,DNAJC8,,,,,,,ARG1,,,,,,,,,,,,,,,,,,,,,,,,,,ZNF644,
,FCGR2A,,,,,,CCL7,,,,,,,,,,,,,,,,CD6,,,,,,,,,,,,,,,,,,,,IFT20,,,IL1R2,,,,IFITM2,,CD163,,,,,,,,,,,,,,,,,,,,ADRB2,,,,,,,,,,,,,,,,,,,,,,,,,,PRPF38A,
,FCGR2B,,,,,,CCL8,,,,,,,,,,,,,,,,NPL,,,,,,,,,,,,,,,,,,,,CDR2L,,,IL1RAP,,,,IFITM3,,MBL2,,,,,,,,,,,,,,,,,,,,,,,,,,,,,,,,,,,,,,,,,,,,,,HDAC10,
,FCGR3A,,,,,,CXCL1,,,,,,,,,,,,,,,,LYST,,,,,,,,,,,,,,,,,,,,IL2,,,IL1RN,,,,IL12A,,SCARB1,,,,,,,,,,,,,,,,,,,,,,,,,,,,,,,,,,,,,,,,,,,,,,CDHR2,
,FCGR3B,,,,,,CXCL2,,,,,,,,,,,,,,,,,,,,,,,,,,,,,,,,,,,,,,,IL10RA,,,,IL12B,,SCGB1A1,,,,,,,,,,,,,,,,,,,,,,,,,,,,,,,,,,,,,,,,,,,,,,,
,TRAFD1,,,,,,CXCL3,,,,,,,,,,,,,,,,,,,,,,,,,,,,,,,,,,,,,,,IL10RB,,,,IL13,,SDC1,,,,,,,,,,,,,,,,,,,,,,,,,,,,,,,,,,,,,,,,,,,,,,,
,VAMP5,,,,,,CXCL5,,,,,,,,,,,,,,,,,,,,,,,,,,,,,,,,,,,,,,,TGFBR1,,,,IL17A,,SDC2,,,,,,,,,,,,,,,,,,,,,,,,,,,,,,,,,,,,,,,,,,,,,,,
,CLEC4E,,,,,,CXCL13,,,,,,,,,,,,,,,,,,,,,,,,,,,,,,,,,,,,,,,TGFBR2,,,,IRAK4,,SELL,,,,,,,,,,,,,,,,,,,,,,,,,,,,,,,,,,,,,,,,,,,,,,,
,TRIM27,,,,,,CCR1,,,,,,,,,,,,,,,,,,,,,,,,,,,,,,,,,,,,,,,,,,,ISG15,,SPP1,,,,,,,,,,,,,,,,,,,,,,,,,,,,,,,,,,,,,,,,,,,,,,,
,LY6E,,,,,,CCR7,,,,,,,,,,,,,,,,,,,,,,,,,,,,,,,,,,,,,,,,,,,ITGAL,,,,,,,,,,,,,,,,,,,,,,,,,,,,,,,,,,,,,,,,,,,,,,,,,
,C1QB,,,,,,HIF1A,,,,,,,,,,,,,,,,,,,,,,,,,,,,,,,,,,,,,,,,,,,LTA4H,,,,,,,,,,,,,,,,,,,,,,,,,,,,,,,,,,,,,,,,,,,,,,,,,
,NPC2,,,,,,VEGFA,,,,,,,,,,,,,,,,,,,,,,,,,,,,,,,,,,,,,,,,,,,MARCO,,,,,,,,,,,,,,,,,,,,,,,,,,,,,,,,,,,,,,,,,,,,,,,,,
,TGFBI,,,,,,AGER,,,,,,,,,,,,,,,,,,,,,,,,,,,,,,,,,,,,,,,,,,,,,,,,,,,,,,,,,,,,,,,,,,,,,,,,,,,,,,,,,,,,,,,,,,,,
,RETN,,,,,,RAGE,,,,,,,,,,,,,,,,,,,,,,,,,,,,,,,,,,,,,,,,,,,,,,,,,,,,,,,,,,,,,,,,,,,,,,,,,,,,,,,,,,,,,,,,,,,,
,KCNJ15,,,,,,HMGB1,,,,,,,,,,,,,,,,,,,,,,,,,,,,,,,,,,,,,,,,,,,,,,,,,,,,,,,,,,,,,,,,,,,,,,,,,,,,,,,,,,,,,,,,,,,,
,DEFA1,,,,,,S100A12,,,,,,,,,,,,,,,,,,,,,,,,,,,,,,,,,,,,,,,,,,,,,,,,,,,,,,,,,,,,,,,,,,,,,,,,,,,,,,,,,,,,,,,,,,,,
,HP,,,,,,FPR1,,,,,,,,,,,,,,,,,,,,,,,,,,,,,,,,,,,,,,,,,,,,,,,,,,,,,,,,,,,,,,,,,,,,,,,,,,,,,,,,,,,,,,,,,,,,
,RAB13,,,,,,FPR2,,,,,,,,,,,,,,,,,,,,,,,,,,,,,,,,,,,,,,,,,,,,,,,,,,,,,,,,,,,,,,,,,,,,,,,,,,,,,,,,,,,,,,,,,,,,