seed_1_all,seed_2_all,seed_3_all,seed_4_all,seed_5_all,seed_6_all,seed_7_all,seed_8_all,seed_9_all,seed_10_all,seed_11_all,seed_12_all,seed_13_all,seed_14_all,seed_15_all,seed_16_all,seed_17_all,seed_18_all,seed_19_all,seed_20_all,seed_21_all,seed_22_all,seed_23_all,seed_24_all,seed_25_all,seed_26_all,seed_27_all,seed_28_all,seed_29_all,seed_30_all,seed_31_all,seed_32_all,seed_33_all,seed_34_all,seed_35_all,seed_36_all,seed_37_all,seed_38_all,seed_39_all,seed_40_all,seed_41_all,seed_42_all,seed_43_all,seed_44_all,seed_45_all,seed_46_all,seed_47_all,seed_48_all,seed_49_all,seed_50_all,seed_51_all,seed_52_all,seed_53_all,seed_54_all,seed_55_all,seed_56_all,seed_57_all,seed_58_all,seed_59_all,seed_60_all,seed_61_all,seed_62_all,seed_63_all,seed_64_all,seed_65_all,seed_66_all,seed_67_all,seed_68_all,seed_69_all,seed_70_all,seed_71_all,seed_72_all,seed_73_all,seed_74_all,seed_75_all,seed_76_all,seed_77_all,seed_78_all,seed_79_all,seed_80_all,seed_81_all,seed_82_all,seed_83_all,seed_84_all,seed_85_all,seed_86_all,seed_87_all,seed_88_all,seed_89_all,seed_90_all,seed_91_all,seed_92_all,seed_93_all,seed_94_all,seed_95_all,seed_96_all,seed_97_all,seed_98_all,seed_99_all,seed_100_all
DPM1,IFIT1,DPM1,MPO,DPM1,MPO,CCL2,HSPA8,DPM1,LTF,DPM1,IFNGR1,ISG20,LTF,DPM1,CCL2,LTF,IFNGR1,DPM1,CXCL10,IFIT1,ISG20,IFNGR1,DPM1,DPM1,LTF,DPM1,DPM1,IFRD1,DPM1,IFNGR1,DPM1,DPM1,MPO,DPM1,DPM1,TFPI,DPM1,DPM1,DPM1,ISG15,DPM1,DPM1,DPM1,DPM1,DPM1,TFEC,DPM1,ISG20,DPM1,DPM1,DPM1,TF,DPM1,DPM1,DPM1,TF,MPO,DPM1,DPM1,DPM1,TFPI,LTF,DPM1,HGF,DPM1,DPM1,TFEC,DPM1,DPM1,MPO,DPM1,DPM1,DPM1,LTF,MPO,DPM1,TFPI,DPM1,DPM1,DPM1,DPM1,IFRD1,DPM1,DPM1,DPM1,IFRD1,IFNG,DPM1,DPM1,IFI35,DPM1,ISG20,DPM1,IFNGR1,DPM1,DPM1,MPO,DPM1,DPM1
SCYL3,IFIT3,SCYL3,LTF,SCYL3,TFAP2B,CXCL10,IL17RB,SCYL3,MPO,SCYL3,IL12RB2,CD38,CX3CL1,SCYL3,CCL8,CCL26,CD38,SCYL3,CXCL9,IFIT3,GBP3,CD4,SCYL3,SCYL3,CX3CL1,SCYL3,SCYL3,CCL26,SCYL3,LTF,SCYL3,SCYL3,LYZ,SCYL3,SCYL3,MPO,SCYL3,SCYL3,SCYL3,IFI44L,SCYL3,SCYL3,SCYL3,SCYL3,SCYL3,H2AZ2,SCYL3,IL32,SCYL3,SCYL3,SCYL3,GBP1,SCYL3,SCYL3,SCYL3,CCL2,TFPI,SCYL3,SCYL3,SCYL3,MPO,CX3CL1,SCYL3,CXCL1,SCYL3,SCYL3,DHX8,SCYL3,SCYL3,CCL26,SCYL3,SCYL3,SCYL3,CXCL1,LYZ,SCYL3,CX3CL1,SCYL3,SCYL3,SCYL3,SCYL3,LYZ,SCYL3,SCYL3,SCYL3,GBP3,CXCL10,SCYL3,SCYL3,USP2,SCYL3,IL32,SCYL3,IL12RB2,SCYL3,SCYL3,CXCL1,SCYL3,SCYL3
C1orf112,IFIT2,C1orf112,CX3CL1,C1orf112,TFAP2D,CCL8,TF,C1orf112,CCL2,C1orf112,CD38,GBP1,CCL26,C1orf112,IL32,TFPI,NOS2,C1orf112,CCL8,GBP1,GBP1,CCR6,C1orf112,C1orf112,CCL26,C1orf112,C1orf112,CX3CL1,C1orf112,TF,C1orf112,C1orf112,CD38,C1orf112,C1orf112,CD38,C1orf112,C1orf112,C1orf112,IFI44,C1orf112,C1orf112,C1orf112,C1orf112,C1orf112,CAV2,C1orf112,USP2,C1orf112,C1orf112,C1orf112,GBP3,C1orf112,C1orf112,C1orf112,CXCL10,CFH,C1orf112,C1orf112,C1orf112,MMP2,CD38,C1orf112,CCL2,C1orf112,C1orf112,IL32,C1orf112,C1orf112,CD38,C1orf112,C1orf112,C1orf112,CXCL2,CCL2,C1orf112,CXCL2,C1orf112,C1orf112,C1orf112,C1orf112,IL32,C1orf112,C1orf112,C1orf112,GBP1,IL12B,C1orf112,C1orf112,GBP3,C1orf112,TFPI,C1orf112,CD38,C1orf112,C1orf112,CXCL2,C1orf112,C1orf112
FGR,CCL2,FGR,CD38,FGR,PRSS22,CXCL9,CXCL1,FGR,CX3CL1,FGR,TNFRSF1B,GBP3,CCL7,FGR,CCL7,CX3CL1,CD4,FGR,CCL2,GBP3,IL32,CD38,FGR,FGR,TFPI,FGR,FGR,IL32,FGR,CD74,FGR,FGR,CCL2,FGR,FGR,LYZ,FGR,FGR,FGR,RIPK2,FGR,FGR,FGR,FGR,FGR,CAV1,FGR,ITGAL,FGR,FGR,FGR,CCL2,FGR,FGR,FGR,IL1B,FUCA2,FGR,FGR,FGR,PON1,TFPI,FGR,CXCL2,FGR,FGR,MYDGF,FGR,FGR,LUC7L,FGR,FGR,FGR,CCL2,CXCL1,FGR,CCL26,FGR,FGR,FGR,FGR,TFAP2B,FGR,FGR,FGR,CCL26,IL32,FGR,FGR,UBE2I,FGR,CD38,FGR,CD74,FGR,FGR,CCL2,FGR,FGR
CFH,IL32,CFH,CD3D,CFH,MEOX1,IL32,MPO,CFH,CD38,CFH,CD4,CD6,CCL2,CFH,TF,CD38,FCGRT,CFH,CD38,IL12RB1,IL12B,CEACAM7,CFH,CFH,CCL2,CFH,CFH,MPO,CFH,BIRC3,CFH,CFH,CCL7,CFH,CFH,HGF,CFH,CFH,CFH,GBP3,CFH,CFH,CFH,CFH,CFH,MET,CFH,CD38,CFH,CFH,CFH,IL32,CFH,CFH,CFH,RSAD2,SERPINB1,CFH,CFH,CFH,LTF,MPO,CFH,CCL7,CFH,CFH,TMEM176A,CFH,CFH,CALCR,CFH,CFH,CFH,CCL7,ARG1,CFH,CCL2,CFH,CFH,CFH,CFH,TNFAIP3,CFH,CFH,CFH,IL32,CD38,CFH,CFH,HLA-DQA1,CFH,MPO,CFH,CD4,CFH,CFH,CCL1,CFH,CFH
FUCA2,CXCL10,FUCA2,CD6,FUCA2,HOXA11,CCL26,IFIT3,FUCA2,ADAM22,FUCA2,IRF1,ST6GAL1,CCL8,FUCA2,CXCL10,CD38,LTF,FUCA2,HLA-DRA,IL32,MPO,TGFBR1,FUCA2,FUCA2,CCL7,FUCA2,FUCA2,LYZ,FUCA2,CD38,FUCA2,FUCA2,CCL8,FUCA2,FUCA2,CCL2,FUCA2,FUCA2,FUCA2,GBP1,FUCA2,FUCA2,FUCA2,FUCA2,FUCA2,RNF32,FUCA2,TFPI,FUCA2,FUCA2,FUCA2,USP18,FUCA2,FUCA2,FUCA2,IFIT1,AOC1,FUCA2,FUCA2,FUCA2,TF,CCL26,FUCA2,CXCL10,FUCA2,FUCA2,TLE2,FUCA2,FUCA2,CD74,FUCA2,FUCA2,FUCA2,CCL8,IL32,FUCA2,CCL7,FUCA2,FUCA2,FUCA2,FUCA2,SPP2,FUCA2,FUCA2,FUCA2,CCL2,TNF,FUCA2,FUCA2,PSMB5,FUCA2,LTF,FUCA2,CTLA4,FUCA2,FUCA2,CCL7,FUCA2,FUCA2
GCLC,CXCL9,GCLC,TFPI,GCLC,HOXA13,CX3CL1,CD38,GCLC,MMP2,GCLC,TFEC,DUSP3,CCL1,GCLC,CXCL9,CX3CL1,CD6,GCLC,MPO,TAP1,PLA2G15,NOS2,GCLC,GCLC,CCL8,GCLC,GCLC,TF,GCLC,RSF1,GCLC,GCLC,CXCL2,GCLC,GCLC,CCL7,GCLC,GCLC,GCLC,CD38,GCLC,GCLC,GCLC,GCLC,GCLC,LMBR1,GCLC,ANGEL1,GCLC,GCLC,GCLC,IDO1,GCLC,GCLC,GCLC,GBP1,PON1,GCLC,GCLC,GCLC,MMP9,ITGAL,GCLC,IL32,GCLC,GCLC,CYP26B1,GCLC,GCLC,NOS2,GCLC,GCLC,GCLC,GZMB,CRP,GCLC,CCL8,GCLC,GCLC,GCLC,GCLC,CCL2,GCLC,GCLC,GCLC,CX3CL1,CCL2,GCLC,GCLC,IRF1,GCLC,CX3CL1,GCLC,NOS2,GCLC,GCLC,CCL8,GCLC,GCLC
NFYA,CCL8,NFYA,CCL2,NFYA,HOXC8,CD38,CD44,NFYA,IL32,NFYA,GPRC5A,SOCS2,CCL22,NFYA,SERPINA4,CCL26,TYMP,NFYA,IL32,RSAD2,NLRP2,IL12RB1,NFYA,NFYA,CCL1,NFYA,NFYA,CD38,NFYA,CD44,NFYA,NFYA,CXCL1,NFYA,NFYA,MMP9,NFYA,NFYA,NFYA,MPO,NFYA,NFYA,NFYA,NFYA,NFYA,NHP2P1,NFYA,TFAP2B,NFYA,NFYA,NFYA,NLRC4,NFYA,NFYA,NFYA,MMP9,TFPI2,NFYA,NFYA,NFYA,HGF,UPF1,NFYA,LTF,NFYA,NFYA,CD38,NFYA,NFYA,MMP25,NFYA,NFYA,NFYA,GZMH,MMP9,NFYA,CCL1,NFYA,NFYA,NFYA,NFYA,TP53,NFYA,NFYA,NFYA,MMP25,LYZ,NFYA,NFYA,GBP1,NFYA,CXCL2,NFYA,FCGR2B,NFYA,NFYA,CXCL9,NFYA,NFYA
STPG1,CXCL1,STPG1,IL32,STPG1,IBTK,MPO,LAG3,STPG1,TFPI,STPG1,SELL,CEACAM6,CCL17,STPG1,CD84,SELE,FAS,STPG1,CD6,HLA-DQA1,CD38,CD74,STPG1,STPG1,CXCL2,STPG1,STPG1,CD74,STPG1,SLAMF7,STPG1,STPG1,ARG1,STPG1,STPG1,SELE,STPG1,STPG1,STPG1,CXCL1,STPG1,STPG1,STPG1,STPG1,STPG1,WNT2,STPG1,TFAP2D,STPG1,STPG1,STPG1,CCL7,STPG1,STPG1,STPG1,CXCL9,BAD,STPG1,STPG1,STPG1,ANGPT2,CAMKK1,STPG1,CD38,STPG1,STPG1,CCL26,STPG1,STPG1,IL32,STPG1,STPG1,STPG1,CCL26,IL8,STPG1,CCL22,STPG1,STPG1,STPG1,STPG1,NLRP2,STPG1,STPG1,STPG1,PLA2G10,MPO,STPG1,STPG1,CSTA,STPG1,CCL2,STPG1,IFNGR2,STPG1,STPG1,CXCL10,STPG1,STPG1
NIPAL3,IL1B,NIPAL3,UPF1,NIPAL3,SOX8,TFPI,IL32,NIPAL3,ARG2,NIPAL3,CD86,MPO,IL32,NIPAL3,IL12B,TFPI,NLRP2,NIPAL3,TFPI,IDO1,CEACAM7,MPO,NIPAL3,NIPAL3,FCGRT,NIPAL3,NIPAL3,NOS2,NIPAL3,IFRD1,NIPAL3,NIPAL3,IL32,NIPAL3,NIPAL3,SERPINB1,NIPAL3,NIPAL3,NIPAL3,CCL8,NIPAL3,NIPAL3,NIPAL3,NIPAL3,NIPAL3,HOXA1,NIPAL3,ADAM22,NIPAL3,NIPAL3,NIPAL3,TAP1,NIPAL3,NIPAL3,NIPAL3,CD38,AASS,NIPAL3,NIPAL3,NIPAL3,CRP,CD38,NIPAL3,TF,NIPAL3,NIPAL3,IBTK,NIPAL3,NIPAL3,MAP3K14,NIPAL3,NIPAL3,NIPAL3,LTBP1,MMP2,NIPAL3,CCL17,NIPAL3,NIPAL3,NIPAL3,NIPAL3,TFAP2D,NIPAL3,NIPAL3,NIPAL3,SELE,CXCL9,NIPAL3,NIPAL3,HSPA1A,NIPAL3,CCL7,NIPAL3,ARG1,NIPAL3,NIPAL3,CCL22,NIPAL3,NIPAL3
ENPP4,CCL7,ENPP4,LYZ,ENPP4,MMP25,ARG2,HSPA5,ENPP4,CEACAM7,ENPP4,IFNG,NOS2,IL20RA,ENPP4,LTF,TF,CD44,ENPP4,IDO1,HLA-DRA,SP100,GPRC5A,ENPP4,ENPP4,CFH,ENPP4,ENPP4,SLAMF7,ENPP4,ITGAL,ENPP4,ENPP4,NOS2,ENPP4,ENPP4,C8B,ENPP4,ENPP4,ENPP4,CD6,ENPP4,ENPP4,ENPP4,ENPP4,ENPP4,DNAJB6,ENPP4,LYZ,ENPP4,ENPP4,ENPP4,TFEC,ENPP4,ENPP4,ENPP4,CD6,MGST1,ENPP4,ENPP4,ENPP4,SERPINE1,ANG,ENPP4,MPO,ENPP4,ENPP4,SLC25A13,ENPP4,ENPP4,CCL2,ENPP4,ENPP4,ENPP4,MPO,ADAM8,ENPP4,UBE2L6,ENPP4,ENPP4,ENPP4,ENPP4,E2F2,ENPP4,ENPP4,ENPP4,TFEC,IL1B,ENPP4,ENPP4,IFIT3,ENPP4,CCL8,ENPP4,CCL2,ENPP4,ENPP4,CCL17,ENPP4,ENPP4
SEMA3F,CXCL2,SEMA3F,LCN2,SEMA3F,IL32,NOS2,CX3CL1,SEMA3F,SELE,SEMA3F,IFNGR2,TFEC,CD38,SEMA3F,BIRC3,ITGAL,CD74,SEMA3F,GBP1,IRF1,PGLYRP1,TNFRSF1B,SEMA3F,SEMA3F,LGALS1,SEMA3F,SEMA3F,IL12RB2,SEMA3F,LCN2,SEMA3F,SEMA3F,MMP2,SEMA3F,SEMA3F,IL32,SEMA3F,SEMA3F,SEMA3F,MMP9,SEMA3F,SEMA3F,SEMA3F,SEMA3F,SEMA3F,HOXA2,SEMA3F,LCN2,SEMA3F,SEMA3F,SEMA3F,IRF1,SEMA3F,SEMA3F,SEMA3F,IRF1,MMP25,SEMA3F,SEMA3F,SEMA3F,SAA1,ADIPOR2,SEMA3F,IL8,SEMA3F,SEMA3F,HOXA11,SEMA3F,SEMA3F,CCL8,SEMA3F,SEMA3F,SEMA3F,CD38,VEGFA,SEMA3F,IL32,SEMA3F,SEMA3F,SEMA3F,SEMA3F,ALAS1,SEMA3F,SEMA3F,SEMA3F,KYNU,ITGAL,SEMA3F,SEMA3F,TAP1,SEMA3F,CCL1,SEMA3F,IL12RB1,SEMA3F,SEMA3F,IL32,SEMA3F,SEMA3F
CFTR,TNFAIP3,CFTR,TF,CFTR,HOXB6,CCL22,GZMB,CFTR,CRP,CFTR,CD8A,CD74,CD79B,CFTR,CD38,TF,IFNG,CFTR,GBP3,LAG3,HLA-DQA1,LTF,CFTR,CFTR,CD4,CFTR,CFTR,LAG3,CFTR,TFAP2B,CFTR,CFTR,MMP9,CFTR,CFTR,CRP,CFTR,CFTR,CFTR,IL32,CFTR,CFTR,CFTR,CFTR,CFTR,HOXA3,CFTR,NMU,CFTR,CFTR,CFTR,USP4,CFTR,CFTR,CFTR,CCL8,TFAP2B,CFTR,CFTR,CFTR,LTBP1,PAFAH1B1,CFTR,CAMP,CFTR,CFTR,ACSM3,CFTR,CFTR,CCL17,CFTR,CFTR,CFTR,CAMP,CTSB,CFTR,IL2,CFTR,CFTR,CFTR,CFTR,KYNU,CFTR,CFTR,CFTR,SCT,PLAUR,CFTR,CFTR,CTSD,CFTR,CCL26,CFTR,IL1B,CFTR,CFTR,CD38,CFTR,CFTR
ANKIB1,IDO1,ANKIB1,LAG3,ANKIB1,MEOX2,CXCL2,ICAM1,ANKIB1,CFH,ANKIB1,TGFBR1,CCL2,CD37,ANKIB1,GBP1,SELE,TFAP4,ANKIB1,IL1B,CD38,LAG3,CD44,ANKIB1,ANKIB1,CD38,ANKIB1,ANKIB1,ANGPT2,ANKIB1,TFAP2D,ANKIB1,ANKIB1,LTF,ANKIB1,ANKIB1,LTF,ANKIB1,ANKIB1,ANKIB1,CCL2,ANKIB1,ANKIB1,ANKIB1,ANKIB1,ANKIB1,LFNG,ANKIB1,CEBPE,ANKIB1,ANKIB1,ANKIB1,IL1B,ANKIB1,ANKIB1,ANKIB1,ARG1,MMP2,ANKIB1,ANKIB1,ANKIB1,ALAS1,NOS2,ANKIB1,MMP9,ANKIB1,ANKIB1,RHBDD2,ANKIB1,ANKIB1,CCL22,ANKIB1,ANKIB1,ANKIB1,CCL22,LGALS3BP,ANKIB1,IL1A,ANKIB1,ANKIB1,ANKIB1,ANKIB1,RHOA,ANKIB1,ANKIB1,ANKIB1,NOS2,MMP9,ANKIB1,ANKIB1,TAP2,ANKIB1,CCL22,ANKIB1,IL6,ANKIB1,ANKIB1,SAA1,ANKIB1,ANKIB1
CYP51A1,CX3CL1,CYP51A1,TFEC,CYP51A1,HOXD1,CCL17,MMP9,CYP51A1,ORM1,CYP51A1,CD274,FCGR2B,CD4,CYP51A1,SLAMF7,MPO,CASP8,CYP51A1,IL2RB,CD74,USP13,LY75,CYP51A1,CYP51A1,HFE,CYP51A1,CYP51A1,C8B,CYP51A1,CD4,CYP51A1,CYP51A1,S100A8,CYP51A1,CYP51A1,TNFRSF1B,CYP51A1,CYP51A1,CYP51A1,GZMB,CYP51A1,CYP51A1,CYP51A1,CYP51A1,CYP51A1,HOXA5,CYP51A1,HGF,CYP51A1,CYP51A1,CYP51A1,STAT1,CYP51A1,CYP51A1,CYP51A1,CRP,MIPEP,CYP51A1,CYP51A1,CYP51A1,ANGPTL4,CD79B,CYP51A1,LTBP1,CYP51A1,CYP51A1,SOX8,CYP51A1,CYP51A1,FCGR2B,CYP51A1,CYP51A1,CYP51A1,CCL17,ANGPT2,CYP51A1,IL1B,CYP51A1,CYP51A1,CYP51A1,CYP51A1,LTF,CYP51A1,CYP51A1,CYP51A1,CCL7,ARG1,CYP51A1,CYP51A1,MYDGF,CYP51A1,CCL17,CYP51A1,CD8A,CYP51A1,CYP51A1,SAA2,CYP51A1,CYP51A1
KRIT1,PTGS2,KRIT1,AQR,KRIT1,HOXD10,IL2RA,TGFB2,KRIT1,SAA1,KRIT1,SLC11A1,CD4,CD6,KRIT1,IFIT3,ITGAL,AGPAT4,KRIT1,LAG3,HLA-E,CEACAM8,SELE,KRIT1,KRIT1,LTBP1,KRIT1,KRIT1,CD4,KRIT1,LRRC23,KRIT1,KRIT1,S100A9,KRIT1,KRIT1,MMP25,KRIT1,KRIT1,KRIT1,LGALS1,KRIT1,KRIT1,KRIT1,KRIT1,KRIT1,HOXA6,KRIT1,IL20RA,KRIT1,KRIT1,KRIT1,BIRC3,KRIT1,KRIT1,KRIT1,NOS2,BTN3A1,KRIT1,KRIT1,KRIT1,MMP11,CD4,KRIT1,SERPINB1,KRIT1,KRIT1,MYCBP2,KRIT1,KRIT1,LYZ,KRIT1,KRIT1,KRIT1,IL32,PLAUR,KRIT1,IL7,KRIT1,KRIT1,KRIT1,KRIT1,GZMB,KRIT1,KRIT1,KRIT1,TF,NOS2,KRIT1,KRIT1,SELE,KRIT1,SELE,KRIT1,PRF1,KRIT1,KRIT1,LTF,KRIT1,KRIT1
RAD52,TRAF1,RAD52,ADAM28,RAD52,HOXD11,IL12RB2,IL1A,RAD52,IGFBP2,RAD52,CCL2,IL32,FCGRT,RAD52,IL1RL1,MPO,IL2RB,RAD52,GZMA,IRF8,NOS2,IL4R,RAD52,RAD52,CD6,RAD52,RAD52,HFE,RAD52,HFE,RAD52,RAD52,CD6,RAD52,RAD52,ADAM28,RAD52,RAD52,RAD52,TNFRSF1B,RAD52,RAD52,RAD52,RAD52,RAD52,BRAT1,RAD52,RSF1,RAD52,RAD52,RAD52,HLA-DRA,RAD52,RAD52,RAD52,MPO,B4GALT7,RAD52,RAD52,RAD52,AGR2,HFE,RAD52,CD44,RAD52,RAD52,FBXL3,RAD52,RAD52,TNFRSF1B,RAD52,RAD52,RAD52,IL12B,PROM1,RAD52,IFNG,RAD52,RAD52,RAD52,RAD52,GZMH,RAD52,RAD52,RAD52,C8B,PGLYRP1,RAD52,RAD52,CXCL1,RAD52,IL20RA,RAD52,STAT1,RAD52,RAD52,CAMP,RAD52,RAD52
MYH16,SP100,MYH16,ARG1,MYH16,HOXD3,IFNGR1,IL1B,MYH16,ALOX5,MYH16,LYZ,IL20RA,LAG3,MYH16,SAMHD1,CD38,ADAM11,MYH16,HSPA1A,NLRC5,BIRC3,ITGAL,MYH16,MYH16,CD44,MYH16,MYH16,FYN,MYH16,FYN,MYH16,MYH16,IL1B,MYH16,MYH16,IL17RB,MYH16,MYH16,MYH16,IL12B,MYH16,MYH16,MYH16,MYH16,MYH16,IQCE,MYH16,PGLYRP1,MYH16,MYH16,MYH16,LAG3,MYH16,MYH16,MYH16,S100A8,TYMP,MYH16,MYH16,MYH16,SEMA3A,FYN,MYH16,IL26,MYH16,MYH16,PDK2,MYH16,MYH16,CRP,MYH16,MYH16,MYH16,IL2RB,CD38,MYH16,IL20,MYH16,MYH16,MYH16,MYH16,MYDGF,MYH16,MYH16,MYH16,SEMA3A,IFNGR1,MYH16,MYH16,CD38,MYH16,CEACAM7,MYH16,IRF1,MYH16,MYH16,ARG1,MYH16,MYH16
BAD,IFRD1,BAD,IL12B,BAD,HOXA6,FCGR2B,CASP1,BAD,MMP9,BAD,CCR7,SLAMF7,CD74,BAD,IL17RB,CCL26,SNCB,BAD,PLA2G10,SAMHD1,HSP90AA1,SLC11A1,BAD,BAD,SERPINA1,BAD,BAD,LYPLA2,BAD,CYB561,BAD,BAD,IL1A,BAD,BAD,KYNU,BAD,BAD,BAD,CD44,BAD,BAD,BAD,BAD,BAD,ANKRD7,BAD,IL17RB,BAD,BAD,BAD,MPO,BAD,BAD,BAD,ITGAL,SLAMF7,BAD,BAD,BAD,LTBR,ITGA3,BAD,ICAM1,BAD,BAD,ITGA3,BAD,BAD,C5,BAD,BAD,BAD,TFAP2B,CD44,BAD,IL12B,BAD,BAD,BAD,BAD,CTSB,BAD,BAD,BAD,SEMA3C,NLRP3,BAD,BAD,LTF,BAD,CD79B,BAD,IRF8,BAD,BAD,CD33,BAD,BAD
LAP3,GZMB,LAP3,MMP2,LAP3,HOXA2,CD44,IL2RB,LAP3,GZMB,LAP3,TNF,ADAM8,CD44,LAP3,TFPI,TFPI,AGPAT5,LAP3,LTA4H,CD274,LYZ,IL17RB,LAP3,LAP3,SERPINA3,LAP3,LAP3,NME1-NME2,LAP3,LAG3,LAP3,LAP3,CCL20,LAP3,LAP3,CD4,LAP3,LAP3,LAP3,IFNG,LAP3,LAP3,LAP3,LAP3,LAP3,VIPR2,LAP3,SPP2,LAP3,LAP3,LAP3,HLA-DRB1,LAP3,LAP3,LAP3,TNF,TIMP2,LAP3,LAP3,LAP3,IL1B,ITGA2B,LAP3,ADAM8,LAP3,LAP3,GDE1,LAP3,LAP3,TNFSF13B,LAP3,LAP3,LAP3,TFAP2D,OLFM4,LAP3,IL12RB2,LAP3,LAP3,LAP3,LAP3,NLRP1,LAP3,LAP3,LAP3,LYZ,MMP2,LAP3,LAP3,CXCL2,LAP3,CD6,LAP3,JAK2,LAP3,LAP3,MMP9,LAP3,LAP3
HS3ST1,CCL26,HS3ST1,CD4,HS3ST1,HOXA7,SLAMF7,CD81,HS3ST1,LAG3,HS3ST1,IDO1,S100A8,MS4A1,HS3ST1,PGLYRP1,CX3CL1,NFKB1,HS3ST1,HLA-DQA1,NLRP2,IL20RA,ADIPOR2,HS3ST1,HS3ST1,SERPINB3,HS3ST1,HS3ST1,AZU1,HS3ST1,IL32,HS3ST1,HS3ST1,IL8,HS3ST1,HS3ST1,LGALS2,HS3ST1,HS3ST1,HS3ST1,GZMH,HS3ST1,HS3ST1,HS3ST1,HS3ST1,HS3ST1,TSPAN12,HS3ST1,GP6,HS3ST1,HS3ST1,HS3ST1,ARG1,HS3ST1,HS3ST1,HS3ST1,IDO1,SLC11A1,HS3ST1,HS3ST1,HS3ST1,CCL2,PKD1,HS3ST1,CD74,HS3ST1,HS3ST1,CRLF1,HS3ST1,HS3ST1,KYNU,HS3ST1,HS3ST1,HS3ST1,INHBA,ANGPTL4,HS3ST1,CD38,HS3ST1,HS3ST1,HS3ST1,HS3ST1,NLRP3,HS3ST1,HS3ST1,HS3ST1,MPO,CEACAM8,HS3ST1,HS3ST1,PLAUR,HS3ST1,SNAI2,HS3ST1,TRAF1,HS3ST1,HS3ST1,LTF,HS3ST1,HS3ST1
AOC1,CCL22,AOC1,SELE,AOC1,HOXA9,IL17RB,CD40,AOC1,HGF,AOC1,LTF,KYNU,LTBR,AOC1,TNFRSF1B,SELE,IL1B,AOC1,PLAUR,CCL2,CEACAM21,ADAM8,AOC1,AOC1,SERPINB1,AOC1,AOC1,LTF,AOC1,TRAF1,AOC1,AOC1,IL23A,AOC1,AOC1,SPP1,AOC1,AOC1,AOC1,NLRX1,AOC1,AOC1,AOC1,AOC1,AOC1,SSBP1,AOC1,IL12RB2,AOC1,AOC1,AOC1,S100A8,AOC1,AOC1,AOC1,CASP1,NOS2,AOC1,AOC1,AOC1,CTSG,SS18L2,AOC1,ANGPT2,AOC1,AOC1,OSBPL7,AOC1,AOC1,MMP9,AOC1,AOC1,AOC1,CD74,GCLM,AOC1,CD6,AOC1,AOC1,AOC1,AOC1,MPO,AOC1,AOC1,AOC1,CLEC11A,LTF,AOC1,AOC1,NLRP2,AOC1,CD74,AOC1,TNF,AOC1,AOC1,HAMP,AOC1,AOC1
WNT16,IFIT5,WNT16,GCLM,WNT16,HOXC11,TRAF1,CASP8,WNT16,SERPINB3,WNT16,MPO,ADAM28,CD40,WNT16,CD6,CD38,CASP1,WNT16,PGLYRP1,CXCL10,HLA-DRB1,CX3CL1,WNT16,WNT16,LTBR,WNT16,WNT16,ALOX5,WNT16,IL17RB,WNT16,WNT16,LYZ,WNT16,WNT16,AASS,WNT16,WNT16,WNT16,ST6GAL1,WNT16,WNT16,WNT16,WNT16,WNT16,HOXA13,WNT16,SLAMF7,WNT16,WNT16,WNT16,CCR7,WNT16,WNT16,WNT16,GZMB,GCFC2,WNT16,WNT16,WNT16,IL32,CRY1,WNT16,SAA1,WNT16,WNT16,TMEM98,WNT16,WNT16,CXCL2,WNT16,WNT16,WNT16,AGR2,IL1B,WNT16,TNFRSF1B,WNT16,WNT16,WNT16,WNT16,LYPLA2,WNT16,WNT16,WNT16,PGLYRP1,TFAP4,WNT16,WNT16,ADAM8,WNT16,IL2,WNT16,CD33,WNT16,WNT16,LYZ,WNT16,WNT16
HECW1,IL27RA,HECW1,PLAUR,HECW1,HOXC13,SERPINB3,ADAM17,HECW1,IL1B,HECW1,CXCL1,MMP9,TNFSF13B,HECW1,IL18RAP,ITGAL,CD14,HECW1,ANGPT2,CXCL9,CD86,GPRC5D,HECW1,HECW1,PTPRC,HECW1,HECW1,CD6,HECW1,PRDM1,HECW1,HECW1,IL6,HECW1,HECW1,BIRC3,HECW1,HECW1,HECW1,PGLYRP1,HECW1,HECW1,HECW1,HECW1,HECW1,CPED1,HECW1,SELE,HECW1,HECW1,HECW1,ARG2,HECW1,HECW1,HECW1,CCL7,CCL26,HECW1,HECW1,HECW1,ADAM8,MMP25,HECW1,NGFR,HECW1,HECW1,MAP3K14,HECW1,HECW1,ANGPT2,HECW1,HECW1,HECW1,KYNU,ALOX5,HECW1,TNFRSF12A,HECW1,HECW1,HECW1,HECW1,TFEC,HECW1,HECW1,HECW1,FGL1,BIRC3,HECW1,HECW1,HSPA5,HECW1,IL1A,HECW1,CD44,HECW1,HECW1,IL1B,HECW1,HECW1
MAD1L1,CCL1,MAD1L1,ADIPOQ,MAD1L1,HOXA5,IL17A,FAS,MAD1L1,ALDH3A1,MAD1L1,CD33,IL12RB2,TREM2,MAD1L1,ICAM1,SELE,ITGAX,MAD1L1,OSM,IFNG,GZMB,NLRP1,MAD1L1,MAD1L1,IL10,MAD1L1,MAD1L1,CD22,MAD1L1,ATG5,MAD1L1,MAD1L1,IL12B,MAD1L1,MAD1L1,ADAM7,MAD1L1,MAD1L1,MAD1L1,HLA-DRA,MAD1L1,MAD1L1,MAD1L1,MAD1L1,MAD1L1,EVX1,MAD1L1,VEZT,MAD1L1,MAD1L1,MAD1L1,ICAM1,MAD1L1,MAD1L1,MAD1L1,CXCL1,RHBDF1,MAD1L1,MAD1L1,MAD1L1,CTSB,ITGA6,MAD1L1,LYZ,MAD1L1,MAD1L1,TAC1,MAD1L1,MAD1L1,CD200,MAD1L1,MAD1L1,MAD1L1,IRAK3,ALOX5AP,MAD1L1,CD74,MAD1L1,MAD1L1,MAD1L1,MAD1L1,ALDH2,MAD1L1,MAD1L1,MAD1L1,SAA1,FCGRT,MAD1L1,MAD1L1,GPRC5A,MAD1L1,IL7,MAD1L1,ITGAL,MAD1L1,MAD1L1,IFNG,MAD1L1,MAD1L1
LASP1,IL2RB,LASP1,SELL,LASP1,HOXA1,TRAF3IP2,TFEC,LASP1,ICAM1,LASP1,CCL8,STAB1,IL12RB2,LASP1,GZMB,TFPI,FYN,LASP1,C8B,CXCL11,RSAD2,CXCL2,LASP1,LASP1,HSPA5,LASP1,LASP1,CD44,LASP1,SEC61A1,LASP1,LASP1,CXCL9,LASP1,LASP1,PGLYRP1,LASP1,LASP1,LASP1,NLRC4,LASP1,LASP1,LASP1,LASP1,LASP1,HIBADH,LASP1,CX3CL1,LASP1,LASP1,LASP1,PLAUR,LASP1,LASP1,LASP1,GZMH,CLCA1,LASP1,LASP1,LASP1,LCN2,INHBA,LASP1,TNFSF9,LASP1,LASP1,CACNA1G,LASP1,LASP1,CMA1,LASP1,LASP1,LASP1,LGALS1,SAA1,LASP1,CD44,LASP1,LASP1,LASP1,LASP1,CREBBP,LASP1,LASP1,LASP1,CRP,LYZ,LASP1,LASP1,TYMP,LASP1,IL23A,LASP1,LYZ,LASP1,LASP1,TNF,LASP1,LASP1
SNX11,CD38,SNX11,PLA2G10,SNX11,HOXB8,PGLYRP1,FASLG,SNX11,TIMP2,SNX11,NLRP2,IL1R2,IFNGR1,SNX11,USP13,CX3CL1,FMO1,SNX11,CMA1,TNFSF10,IDO1,SLAMF7,SNX11,SNX11,TGFB1,SNX11,SNX11,MIPEP,SNX11,TRAF3IP2,SNX11,SNX11,MPO,SNX11,SNX11,TFAP2B,SNX11,SNX11,SNX11,NLRP2,SNX11,SNX11,SNX11,SNX11,SNX11,TAX1BP1,SNX11,TREM2,SNX11,SNX11,SNX11,RBP4,SNX11,SNX11,SNX11,BIRC3,SLC13A2,SNX11,SNX11,SNX11,RANTES,IL12B,SNX11,TIMP2,SNX11,SNX11,TNFRSF12A,SNX11,SNX11,NOS1,SNX11,SNX11,SNX11,IFNGR1,S100A8,SNX11,CD4,SNX11,SNX11,SNX11,SNX11,CTSH,SNX11,SNX11,SNX11,LCN2,KYNU,SNX11,SNX11,AGPAT4,SNX11,CD274,SNX11,MPO,SNX11,SNX11,CRP,SNX11,SNX11
TMEM176A,CEACAM1,TMEM176A,FCGRT,TMEM176A,HOXB3,MMP25,MMP2,TMEM176A,SPP1,TMEM176A,HLA-DRB1,CEACAM8,IFNGR1,TMEM176A,ARG1,CCL26,FMO3,TMEM176A,GZMB,CX3CL1,CEACAM4,TNFRSF17,TMEM176A,TMEM176A,FAS,TMEM176A,TMEM176A,AGPAT4,TMEM176A,F7,TMEM176A,TMEM176A,SAA1,TMEM176A,TMEM176A,CTSG,TMEM176A,TMEM176A,TMEM176A,ADAM8,TMEM176A,TMEM176A,TMEM176A,TMEM176A,TMEM176A,CPVL,TMEM176A,CCL2,TMEM176A,TMEM176A,TMEM176A,CD38,TMEM176A,TMEM176A,TMEM176A,IL32,CEACAM7,TMEM176A,TMEM176A,TMEM176A,TNFSF10,FAS,TMEM176A,ELN,TMEM176A,TMEM176A,DLX6,TMEM176A,TMEM176A,TF,TMEM176A,TMEM176A,TMEM176A,IL1RN,S100A9,TMEM176A,MRC2,TMEM176A,TMEM176A,TMEM176A,TMEM176A,NFIX,TMEM176A,TMEM176A,TMEM176A,RNASE2,TFPI,TMEM176A,TMEM176A,SH2D2A,TMEM176A,IL12B,TMEM176A,NOS1,TMEM176A,TMEM176A,SERPINA1,TMEM176A,TMEM176A
M6PR,SPP1,M6PR,LBP,M6PR,HOXB1,IL32,PLAUR,M6PR,CFAP20,M6PR,LY9,CRP,SLAMF7,M6PR,CCL26,MPO,LTBR,M6PR,CTSG,TNFSF13B,SP140,CCR7,M6PR,M6PR,IL1B,M6PR,M6PR,F11,M6PR,IL20RA,M6PR,M6PR,SAA4,M6PR,M6PR,AASS,M6PR,M6PR,M6PR,ARG1,M6PR,M6PR,M6PR,M6PR,M6PR,CHN2,M6PR,CCL26,M6PR,M6PR,M6PR,LTF,M6PR,M6PR,M6PR,GSR,IL20RA,M6PR,M6PR,M6PR,FAS,CCL2,M6PR,LYVE1,M6PR,M6PR,BAIAP2L1,M6PR,M6PR,SELE,M6PR,M6PR,M6PR,TIMP1,TIMP1,M6PR,CD22,M6PR,M6PR,M6PR,M6PR,IL1B,M6PR,M6PR,M6PR,SERPINA1,CD44,M6PR,M6PR,FAS,M6PR,CD40,M6PR,NOS3,M6PR,M6PR,RNASE1,M6PR,M6PR
CYP26B1,ARG1,CYP26B1,NLRP1,CYP26B1,HOXD13,CREBBP,TGFB1,CYP26B1,C6,CYP26B1,TRIM22,RNASET2,IL12RB1,CYP26B1,IL20RA,CD6,IFNGR2,CYP26B1,NLRX1,TNFSF13,TYMP,ITGA6,CYP26B1,CYP26B1,CD81,CYP26B1,CYP26B1,NLRP2,CYP26B1,CLCA1,CYP26B1,CYP26B1,LGALS2,CYP26B1,CYP26B1,KYNU,CYP26B1,CYP26B1,CYP26B1,IL2RB,CYP26B1,CYP26B1,CYP26B1,CYP26B1,CYP26B1,GRB10,CYP26B1,LGALS14,CYP26B1,CYP26B1,CYP26B1,SAA1,CYP26B1,CYP26B1,CYP26B1,LTF,CD79B,CYP26B1,CYP26B1,CYP26B1,SLAMF7,CD44,CYP26B1,TNFRSF12A,CYP26B1,CYP26B1,KDM7A,CYP26B1,CYP26B1,GP6,CYP26B1,CYP26B1,CYP26B1,TF,TIMP2,CYP26B1,CD86,CYP26B1,CYP26B1,CYP26B1,CYP26B1,TGFB1,CYP26B1,CYP26B1,CYP26B1,SPP1,RETN,CYP26B1,CYP26B1,ADIPOR2,CYP26B1,NMU,CYP26B1,PGLYRP1,CYP26B1,CYP26B1,PLA2G2D,CYP26B1,CYP26B1
ICA1,PGLYRP1,ICA1,HSPA5,ICA1,HOXD9,MMP9,HSP90AA1,ICA1,CEACAM6,ICA1,PRDM1,FCGRT,IL17RB,ICA1,CTSB,LTF,IL12A,ICA1,MMP9,CCL26,P2RX7,TREM2,ICA1,ICA1,TF,ICA1,ICA1,ALAS1,ICA1,RALBP1,ICA1,ICA1,SAA2,ICA1,ICA1,MPO,ICA1,ICA1,ICA1,TREM2,ICA1,ICA1,ICA1,ICA1,ICA1,ABHD11,ICA1,SARM1,ICA1,ICA1,ICA1,IL2RA,ICA1,ICA1,ICA1,MSR1,CEACAM21,ICA1,ICA1,ICA1,MIF,TFDP2,ICA1,PRKCZ,ICA1,ICA1,AGK,ICA1,ICA1,ADAM28,ICA1,ICA1,ICA1,IL1B,ITGAL,ICA1,CD79B,ICA1,ICA1,ICA1,ICA1,FCGRT,ICA1,ICA1,ICA1,CD6,SAA1,ICA1,ICA1,UPP2,ICA1,CD200,ICA1,TGFB1,ICA1,ICA1,AZU1,ICA1,ICA1
DBNDD1,ADAM8,DBNDD1,LTBR,DBNDD1,MAP3K14,TNFRSF12A,IL12B,DBNDD1,ABCA1,DBNDD1,HLA-DQA1,CD86,TRAF1,DBNDD1,TNFSF13B,CD44,SLAMF7,DBNDD1,LYZ,IL17A,IL1A,LAG3,DBNDD1,DBNDD1,CD74,DBNDD1,DBNDD1,BIRC3,DBNDD1,RUFY3,DBNDD1,DBNDD1,CCL11,DBNDD1,DBNDD1,SPP1,DBNDD1,DBNDD1,DBNDD1,IL1B,DBNDD1,DBNDD1,DBNDD1,DBNDD1,DBNDD1,COBL,DBNDD1,GBP1,DBNDD1,DBNDD1,DBNDD1,CD6,DBNDD1,DBNDD1,DBNDD1,SP100,IL32,DBNDD1,DBNDD1,DBNDD1,CASP1,PRF1,DBNDD1,TFEC,DBNDD1,DBNDD1,TTC22,DBNDD1,DBNDD1,IL20RA,DBNDD1,DBNDD1,DBNDD1,HSPA5,ICAM1,DBNDD1,CD5,DBNDD1,DBNDD1,DBNDD1,DBNDD1,SERPINE1,DBNDD1,DBNDD1,DBNDD1,SLAMF7,MSR1,DBNDD1,DBNDD1,NOS2,DBNDD1,NKG7,DBNDD1,FCGRT,DBNDD1,DBNDD1,MMP8,DBNDD1,DBNDD1
ALS2,TNFAIP8,ALS2,CTSL,ALS2,TFPI,MAP3K9,MMP25,ALS2,TNFSF10,ALS2,RUNX3,IRF1,TRAF3IP2,ALS2,RBP2,ABCC8,CCR2,ALS2,IL7,CCL7,IL1B,CSF3R,ALS2,ALS2,MPO,ALS2,ALS2,BPI,ALS2,WWTR1,ALS2,ALS2,CEACAM8,ALS2,ALS2,TFPI,ALS2,ALS2,ALS2,CXCL9,ALS2,ALS2,ALS2,ALS2,ALS2,FKBP14,ALS2,CCL7,ALS2,ALS2,ALS2,PLA2G10,ALS2,ALS2,ALS2,AASS,SCN4A,ALS2,ALS2,ALS2,FCGRT,HSP90AA1,ALS2,HMOX1,ALS2,ALS2,CCL26,ALS2,ALS2,LILRB1,ALS2,ALS2,ALS2,TYMP,CD14,ALS2,CD40,ALS2,ALS2,ALS2,ALS2,TGFB2,ALS2,ALS2,ALS2,IRG1,VCAN,ALS2,ALS2,CD79B,ALS2,IL27RA,ALS2,LTF,ALS2,ALS2,VEGFA,ALS2,ALS2
CASP10,MPO,CASP10,LY9,CASP10,AOC1,CCL24,CTSB,CASP10,SEMA3A,CASP10,CTSB,CCR7,TFEC,CASP10,CX3CL1,IFNGR1,CD80,CASP10,IL18,IL1B,CCL2,C3,CASP10,CASP10,SLAMF7,CASP10,CASP10,SELE,CASP10,ATP1A2,CASP10,CASP10,CMA1,CASP10,CASP10,LYZ,CASP10,CASP10,CASP10,CXCL10,CASP10,CASP10,CASP10,CASP10,CASP10,PLEKHA8,CASP10,GBP3,CASP10,CASP10,CASP10,TGFB1,CASP10,CASP10,CASP10,STAB1,ADIPOR2,CASP10,CASP10,CASP10,ADAMTS2,IL2RB,CASP10,PLAUR,CASP10,CASP10,GGCT,CASP10,CASP10,SEMA3A,CASP10,CASP10,CASP10,BIRC3,SELL,CASP10,CD84,CASP10,CASP10,CASP10,CASP10,ANGPT2,CASP10,CASP10,CASP10,ADAM28,TIMP1,CASP10,CASP10,SCN4A,CASP10,SLAMF7,CASP10,IL10RA,CASP10,CASP10,SAA4,CASP10,CASP10
CFLAR,IL12RB1,CFLAR,C1QTNF3,CFLAR,AOC3,LGALS14,CTSD,CFLAR,SPTB,CFLAR,CCL7,ARG1,FCGR2B,CFLAR,IL2RB,ITGA3,PGLYRP1,CFLAR,TFEC,CCL8,CCL7,IL1B,CFLAR,CFLAR,CCL17,CFLAR,CFLAR,PGLYRP1,CFLAR,CYP24A1,CFLAR,CFLAR,SLPI,CFLAR,CFLAR,GZMH,CFLAR,CFLAR,CFLAR,HLA-E,CFLAR,CFLAR,CFLAR,CFLAR,CFLAR,STX1A,CFLAR,LAG3,CFLAR,CFLAR,CFLAR,CCL8,CFLAR,CFLAR,CFLAR,RNASET2,DNAH9,CFLAR,CFLAR,CFLAR,LYZ,ICAM1,CFLAR,PRSS8,CFLAR,CFLAR,TBXA2R,CFLAR,CFLAR,GCA,CFLAR,CFLAR,CFLAR,TAP1,CCL7,CFLAR,TAP1,CFLAR,CFLAR,CFLAR,CFLAR,ELANE,CFLAR,CFLAR,CFLAR,SAA4,IL1A,CFLAR,CFLAR,CCL26,CFLAR,AGR2,CFLAR,TNFRSF1A,CFLAR,CFLAR,TREM1,CFLAR,CFLAR
TFPI,NLRP2,TFPI,IRAK3,TFPI,SLC4A1,IL20RA,LGALS1,TFPI,HP,TFPI,CGA,CTSL,TRAF3,TFPI,LYZ,ABCC8,CLEC4M,TFPI,NLRP1,CCL1,CCL8,CCL2,TFPI,TFPI,CCL22,TFPI,TFPI,SLC11A1,TFPI,NCDN,TFPI,TFPI,CD69,TFPI,TFPI,GZMB,TFPI,TFPI,TFPI,MMP2,TFPI,TFPI,TFPI,TFPI,TFPI,NOD1,TFPI,BIRC3,TFPI,TFPI,TFPI,IFNG,TFPI,TFPI,TFPI,NLRP3,IGF1,TFPI,TFPI,TFPI,NLRP3,MMP9,TFPI,SREBF1,TFPI,TFPI,IFRD1,TFPI,TFPI,TNFRSF12A,TFPI,TFPI,TFPI,PLAUR,CCL8,TFPI,HLA-H,TFPI,TFPI,TFPI,TFPI,VEGFA,TFPI,TFPI,TFPI,ADAM8,PTPRC,TFPI,TFPI,GGCT,TFPI,CD44,TFPI,MMP9,TFPI,TFPI,SCARB1,TFPI,TFPI
NDUFAF7,IRF1,NDUFAF7,CTSD,NDUFAF7,ADH3B1,TFAP2D,FCGR2B,NDUFAF7,PTPRC,NDUFAF7,TYK2,PTPRC,IL4R,NDUFAF7,SP100,FKBP4,IL1A,NDUFAF7,RORA,IL17F,IL12RB2,IL2RB,NDUFAF7,NDUFAF7,SERPINC1,NDUFAF7,NDUFAF7,FCGR2B,NDUFAF7,SERPINB1,NDUFAF7,NDUFAF7,CEACAM6,NDUFAF7,NDUFAF7,CRISP3,NDUFAF7,NDUFAF7,NDUFAF7,SELE,NDUFAF7,NDUFAF7,NDUFAF7,NDUFAF7,NDUFAF7,GARS1,NDUFAF7,LTF,NDUFAF7,NDUFAF7,NDUFAF7,RNASE2,NDUFAF7,NDUFAF7,NDUFAF7,F7,HGF,NDUFAF7,NDUFAF7,NDUFAF7,OSM,NLRP1,NDUFAF7,VCAN,NDUFAF7,NDUFAF7,LGALS14,NDUFAF7,NDUFAF7,IL1B,NDUFAF7,NDUFAF7,NDUFAF7,CD6,CCL26,NDUFAF7,HLA-E,NDUFAF7,NDUFAF7,NDUFAF7,NDUFAF7,IFNG,NDUFAF7,NDUFAF7,NDUFAF7,ARG1,CX3CL1,NDUFAF7,NDUFAF7,IFRD1,NDUFAF7,SLC11A1,NDUFAF7,CXCL10,NDUFAF7,NDUFAF7,GPR18,NDUFAF7,NDUFAF7
RBM5,TNF,RBM5,LYPLA2,RBM5,CCL26,DLEC1,IFNGR1,RBM5,NOS2,RBM5,STAB1,IL12A,TNFRSF12A,RBM5,TFAP2B,FAS,SEMA3A,RBM5,CD27,IL1A,IRF1,TGFB1,RBM5,RBM5,ITGAL,RBM5,RBM5,SERPINB1,RBM5,RUNX3,RBM5,RBM5,CEACAM7,RBM5,RBM5,PLEKHO1,RBM5,RBM5,RBM5,IL1RN,RBM5,RBM5,RBM5,RBM5,RBM5,CRHR2,RBM5,IFIT3,RBM5,RBM5,RBM5,HMOX1,RBM5,RBM5,RBM5,LCN2,ADGRA2,RBM5,RBM5,RBM5,IL10,ICAM3,RBM5,SERPINA3,RBM5,RBM5,COX10,RBM5,RBM5,SIGLEC8,RBM5,RBM5,RBM5,CX3CL1,CCL17,RBM5,HLA-J,RBM5,RBM5,RBM5,RBM5,IL2,RBM5,RBM5,RBM5,AGR2,CD33,RBM5,RBM5,LGALS14,RBM5,SERPINA4,RBM5,HLA-DRA,RBM5,RBM5,LYZ,RBM5,RBM5
MTMR7,CD6,MTMR7,NKG7,MTMR7,TBXA2R,ADAM22,IL6,MTMR7,ANGPT2,MTMR7,F7,SELE,TNFRSF17,MTMR7,TFAP2D,ITGA2B,PTPRC,MTMR7,NLRC4,CD40,CXCL2,VEGFA,MTMR7,MTMR7,SELE,MTMR7,MTMR7,CAMP,MTMR7,MRE11,MTMR7,MTMR7,IFNG,MTMR7,MTMR7,LTF,MTMR7,MTMR7,MTMR7,MMP25,MTMR7,MTMR7,MTMR7,MTMR7,MTMR7,EPHB6,MTMR7,RNASE2,MTMR7,MTMR7,MTMR7,MMP9,MTMR7,MTMR7,MTMR7,CLEC4E,PLEKHB1,MTMR7,MTMR7,MTMR7,ARG1,FCGR2B,MTMR7,MMP25,MTMR7,MTMR7,PAF1,MTMR7,MTMR7,CD81,MTMR7,MTMR7,MTMR7,CTSH,CCL22,MTMR7,HLA-C,MTMR7,MTMR7,MTMR7,MTMR7,FCGR2B,MTMR7,MTMR7,MTMR7,BPI,IL2RB,MTMR7,MTMR7,TRAF3IP3,MTMR7,HIF1A,MTMR7,NLRC4,MTMR7,MTMR7,IFNGR1,MTMR7,MTMR7
SLC7A2,HMOX1,SLC7A2,GDI2,SLC7A2,LGALS14,CD209,TNFRSF1A,SLC7A2,SERPINA4,SLC7A2,CD48,SELL,TNFRSF1B,SLC7A2,IFNG,SLAMF7,RGS1,SLC7A2,FCGRT,TNF,RSAD1,CCL22,SLC7A2,SLC7A2,SEMG2,SLC7A2,SLC7A2,SERPINA4,SLC7A2,CPS1,SLC7A2,SLC7A2,FCGRT,SLC7A2,SLC7A2,IL32,SLC7A2,SLC7A2,SLC7A2,BIRC3,SLC7A2,SLC7A2,SLC7A2,SLC7A2,SLC7A2,MINDY4,SLC7A2,CD44,SLC7A2,SLC7A2,SLC7A2,CCL1,SLC7A2,SLC7A2,SLC7A2,PLEKHO1,SERPINB3,SLC7A2,SLC7A2,SLC7A2,PLAUR,FMO1,SLC7A2,ADAMTS6,SLC7A2,SLC7A2,MYH13,SLC7A2,SLC7A2,IL7,SLC7A2,SLC7A2,SLC7A2,MMP9,CXCL2,SLC7A2,HLA-F,SLC7A2,SLC7A2,SLC7A2,SLC7A2,MMP9,SLC7A2,SLC7A2,SLC7A2,LTF,LTBR,SLC7A2,SLC7A2,VTA1,SLC7A2,IL17A,SLC7A2,TGFBR1,SLC7A2,SLC7A2,IFNGR2,SLC7A2,SLC7A2
ARF5,NOS2,ARF5,TRAF1,ARF5,IFRD1,CEACAM7,TFPI,ARF5,ITGA6,ARF5,IRAK3,LILRB1,TNFRSF9,ARF5,LGALS2,MIPEP,ADAM2,ARF5,C3,IL12B,IFIT3,CCL7,ARF5,ARF5,LAG3,ARF5,ARF5,KYNU,ARF5,AQR,ARF5,ARF5,GZMB,ARF5,ARF5,MMP25,ARF5,ARF5,ARF5,IL1A,ARF5,ARF5,ARF5,ARF5,ARF5,GHRHR,ARF5,RSAD2,ARF5,ARF5,ARF5,CXCL2,ARF5,ARF5,ARF5,FCGR2B,SLC7A9,ARF5,ARF5,ARF5,TIMP2,CXCL2,ARF5,SPP1,ARF5,ARF5,ADIPOR2,ARF5,ARF5,CCL20,ARF5,ARF5,ARF5,TYK2,CXCL3,ARF5,H2AZ2,ARF5,ARF5,ARF5,ARF5,IL12B,ARF5,ARF5,ARF5,IL1B,GCLM,ARF5,ARF5,STARD3NL,ARF5,IL17F,ARF5,JAK1,ARF5,ARF5,IRF1,ARF5,ARF5
SARM1,HMOX2,SARM1,IER3,SARM1,CRAMP1,CD79B,IFNG,SARM1,VEGFA,SARM1,SELE,PLAUR,TNFRSF1A,SARM1,IL18,PRKCH,IRAK3,SARM1,MMP2,IL27RA,OAS1,CCL8,SARM1,SARM1,IGSF9,SARM1,SARM1,SPP1,SARM1,C8B,SARM1,SARM1,GZMH,SARM1,SARM1,CCL2,SARM1,SARM1,SARM1,TFEC,SARM1,SARM1,SARM1,SARM1,SARM1,NSUN5P2,SARM1,GZMB,SARM1,SARM1,SARM1,CD4,SARM1,SARM1,SARM1,TFPI,GABRA1,SARM1,SARM1,SARM1,CCL17,VEGFA,SARM1,MMP2,SARM1,SARM1,CDKL3,SARM1,SARM1,CD79A,SARM1,SARM1,SARM1,CXCL12,CXCL10,SARM1,NKG7,SARM1,SARM1,SARM1,SARM1,CXCL1,SARM1,SARM1,SARM1,SPTB,OSM,SARM1,SARM1,CD9,SARM1,LAG3,SARM1,TRAF3IP2,SARM1,SARM1,JAK2,SARM1,SARM1
POLDIP2,LGALS1,POLDIP2,C8B,POLDIP2,SELE,NLRP2,FCGRT,POLDIP2,RHAG,POLDIP2,RORA,CD40,TNFRSF10B,POLDIP2,GCLM,IFNGR1,MYD88,POLDIP2,HSPA8,TNFRSF17,SAMHD1,MMP9,POLDIP2,POLDIP2,ADAM28,POLDIP2,POLDIP2,CCL2,POLDIP2,GABRA1,POLDIP2,POLDIP2,PGLYRP1,POLDIP2,POLDIP2,SELE,POLDIP2,POLDIP2,POLDIP2,TYMP,POLDIP2,POLDIP2,POLDIP2,POLDIP2,POLDIP2,CASP2,POLDIP2,GZMH,POLDIP2,POLDIP2,POLDIP2,CD33,POLDIP2,POLDIP2,POLDIP2,IL12B,C8B,POLDIP2,POLDIP2,POLDIP2,IL12B,ELOVL5,POLDIP2,PGLYRP1,POLDIP2,POLDIP2,MARK4,POLDIP2,POLDIP2,CX3CL1,POLDIP2,POLDIP2,POLDIP2,PTGS2,FCGR2B,POLDIP2,IRAK3,POLDIP2,POLDIP2,POLDIP2,POLDIP2,FCGR2A,POLDIP2,POLDIP2,POLDIP2,IL12B,PTPN6,POLDIP2,POLDIP2,STAB1,POLDIP2,SPP1,POLDIP2,CASP1,POLDIP2,POLDIP2,TYK2,POLDIP2,POLDIP2
PLXND1,CXCR4,PLXND1,SERPINB1,PLXND1,TNFRSF12A,LTF,TNF,PLXND1,ITGAL,PLXND1,LGALS1,IL17RB,TNFRSF8,PLXND1,NLRP2,B4GALT7,FCGR2B,PLXND1,NGFR,CCL22,NLRP1,LGALS1,PLXND1,PLXND1,IL2RA,PLXND1,PLXND1,CCL7,PLXND1,NLRP2,PLXND1,PLXND1,BPI,PLXND1,PLXND1,CCL7,PLXND1,PLXND1,PLXND1,ADAM22,PLXND1,PLXND1,PLXND1,PLXND1,PLXND1,CHCHD2,PLXND1,TNFSF10,PLXND1,PLXND1,PLXND1,TNF,PLXND1,PLXND1,PLXND1,ST6GAL1,AQR,PLXND1,PLXND1,PLXND1,IL4,ALOX5,PLXND1,ANXA5,PLXND1,PLXND1,PROM1,PLXND1,PLXND1,NKG7,PLXND1,PLXND1,PLXND1,SELE,FCGRT,PLXND1,PGLYRP1,PLXND1,PLXND1,PLXND1,PLXND1,TF,PLXND1,PLXND1,PLXND1,LAG3,CD86,PLXND1,PLXND1,FYN,PLXND1,TYMP,PLXND1,IL1RN,PLXND1,PLXND1,SPI1,PLXND1,PLXND1
AK2,SELE,AK2,SERPINB3,AK2,DLX6,ALOX5,IL10,AK2,IGF1,AK2,CCL26,CEACAM1,TNFSF8,AK2,IRF1,MIPEP,PLA2G4A,AK2,PKM,TNFRSF12A,ADAM8,CXCR4,AK2,AK2,MMP2,AK2,AK2,CCL8,AK2,GRAMD1B,AK2,AK2,LAG3,AK2,AK2,IL17RB,AK2,AK2,AK2,TFPI,AK2,AK2,AK2,AK2,AK2,CCL24,AK2,LILRA1,AK2,AK2,AK2,CCL26,AK2,AK2,AK2,FCGRT,NLRP2,AK2,AK2,AK2,LYPD3,APOE,AK2,STAB1,AK2,AK2,PAFAH1B1,AK2,AK2,ICAM1,AK2,AK2,AK2,TFEC,LTF,AK2,GPRC5A,AK2,AK2,AK2,AK2,LAG3,AK2,AK2,AK2,GP6,ARG2,AK2,AK2,TSPAN9,AK2,OSM,AK2,CCL8,AK2,AK2,FOS,AK2,AK2
CD38,PLAUR,CD38,IL17RB,CD38,ETV1,PTPRN,TRAF1,CD38,CLEC11A,CD38,CCR6,CTSB,TNFSF10,CD38,CD40,PRKCH,PLA2G4C,CD38,SELL,CD86,MMP9,CCL20,CD38,CD38,MMP9,CD38,CD38,C1QBP,CD38,RNH1,CD38,CD38,PRF1,CD38,CD38,CD38,CD38,CD38,CD38,ADAM28,CD38,CD38,CD38,CD38,CD38,HSPB1,CD38,CD274,CD38,CD38,CD38,IL12B,CD38,CD38,CD38,C8B,SLC45A4,CD38,CD38,CD38,MMP1,ARG1,CD38,SELE,CD38,CD38,NOS2,CD38,CD38,PLA2G4A,CD38,CD38,CD38,FCGRT,TNFAIP3,CD38,SLAMF7,CD38,CD38,CD38,CD38,MYD88,CD38,CD38,CD38,PTPRC,CD6,CD38,CD38,AKAP8L,CD38,CCL24,CD38,CCL26,CD38,CD38,JUN,CD38,CD38
FKBP4,LAG3,FKBP4,CST7,FKBP4,ALDH3B1,HHAT,TRAF3,FKBP4,HSPA5,FKBP4,TNFRSF10A,ICAM1,TNFSF13,FKBP4,TFAP4,ITGA2B,TNFSF13B,FKBP4,CD40,TREM2,LGALS1,IL6,FKBP4,FKBP4,IL32,FKBP4,FKBP4,SERPINB3,FKBP4,NDUFS1,FKBP4,FKBP4,FCGR2B,FKBP4,FKBP4,LGALS2,FKBP4,FKBP4,FKBP4,CCL7,FKBP4,FKBP4,FKBP4,FKBP4,FKBP4,NPTX2,FKBP4,TNFRSF17,FKBP4,FKBP4,FKBP4,IL1A,FKBP4,FKBP4,FKBP4,IL1A,NDUFS1,FKBP4,FKBP4,FKBP4,FGF2,MRE11,FKBP4,SLAMF7,FKBP4,FKBP4,SLC13A2,FKBP4,FKBP4,LY75,FKBP4,FKBP4,FKBP4,FCGR2B,NLRP3,FKBP4,BTN3A1,FKBP4,FKBP4,FKBP4,FKBP4,NMU,FKBP4,FKBP4,FKBP4,CD44,CD74,FKBP4,FKBP4,PTBP1,FKBP4,NLRP2,FKBP4,CCL1,FKBP4,FKBP4,STAT1,FKBP4,FKBP4
KDM1A,FCGRT,KDM1A,IL20RA,KDM1A,BAIAP2L1,SCN4A,CTLA4,KDM1A,CLEC4M,KDM1A,IFIT3,IL17C,TNFSF11,KDM1A,IL1B,TNFRSF1B,PRF1,KDM1A,LCN2,CD4,IL27RA,ICAM1,KDM1A,KDM1A,GUCY2C,KDM1A,KDM1A,IFRD2,KDM1A,ALAS1,KDM1A,KDM1A,LTA4H,KDM1A,KDM1A,SERPINB1,KDM1A,KDM1A,KDM1A,CEACAM1,KDM1A,KDM1A,KDM1A,KDM1A,KDM1A,PDAP1,KDM1A,TNFSF13B,KDM1A,KDM1A,KDM1A,FCGRT,KDM1A,KDM1A,KDM1A,ADAM8,ALAS1,KDM1A,KDM1A,KDM1A,LGALS2,GABRA1,KDM1A,MSR1,KDM1A,KDM1A,MATK,KDM1A,KDM1A,GIPR,KDM1A,KDM1A,KDM1A,SLAMF7,PTGS2,KDM1A,LAG3,KDM1A,KDM1A,KDM1A,KDM1A,ANGPTL4,KDM1A,KDM1A,KDM1A,FCGR2B,LILRB1,KDM1A,KDM1A,PLAUR,KDM1A,IL11,KDM1A,IL7R,KDM1A,KDM1A,MAPK1,KDM1A,KDM1A
RBM6,LGALS3,RBM6,LILRB1,RBM6,MYH13,CAMK1G,LGALS2,RBM6,LUC7L,RBM6,IL2RA,CD79A,TNFSF4,RBM6,GBP3,FKBP4,IL12B,RBM6,IL4R,CD79B,IFIT2,IFNG,RBM6,RBM6,TGFBR3,RBM6,RBM6,P2RX7,RBM6,AKAP11,RBM6,RBM6,ANGPT2,RBM6,RBM6,PLEKHA5,RBM6,RBM6,RBM6,CCR6,RBM6,RBM6,RBM6,RBM6,RBM6,BUD31,RBM6,LGALS3BP,RBM6,RBM6,RBM6,CD1D,RBM6,RBM6,RBM6,GZMA,BIRC3,RBM6,RBM6,RBM6,TIMP1,LAMA1,RBM6,TNFRSF1B,RBM6,RBM6,CEACAM7,RBM6,RBM6,IL17RB,RBM6,RBM6,RBM6,BPI,CD68,RBM6,GUCY2C,RBM6,RBM6,RBM6,RBM6,CCL17,RBM6,RBM6,RBM6,NLRX1,SLAMF7,RBM6,RBM6,DCN,RBM6,CD86,RBM6,IL1R1,RBM6,RBM6,NFKB1,RBM6,RBM6
CAMKK1,MMP9,CAMKK1,IL23A,CAMKK1,PRSS21,CD11A,SELE,CAMKK1,S100A8,CAMKK1,CD3G,GZMB,IL7,CAMKK1,TRIM21,BAD,CASP4,CAMKK1,ANGPTL4,CD5,IRF6,IL12A,CAMKK1,CAMKK1,C8B,CAMKK1,CAMKK1,PLEK,CAMKK1,SNAPC1,CAMKK1,CAMKK1,SELE,CAMKK1,CAMKK1,CD4,CAMKK1,CAMKK1,CAMKK1,FCGR2B,CAMKK1,CAMKK1,CAMKK1,CAMKK1,CAMKK1,PTCD1,CAMKK1,TF,CAMKK1,CAMKK1,CAMKK1,TFRC,CAMKK1,CAMKK1,CAMKK1,RHOB,GLRX2,CAMKK1,CAMKK1,CAMKK1,IL2RB,FCGRT,CAMKK1,HSPA5,CAMKK1,CAMKK1,CD79B,CAMKK1,CAMKK1,F7,CAMKK1,CAMKK1,CAMKK1,HGF,CD163,CAMKK1,CD200,CAMKK1,CAMKK1,CAMKK1,CAMKK1,IL10,CAMKK1,CAMKK1,CAMKK1,FCGRT,SLAMF6,CAMKK1,CAMKK1,TYROBP,CAMKK1,LYZ,CAMKK1,IL17RA,CAMKK1,CAMKK1,NFKB2,CAMKK1,CAMKK1
RECQL,NLRC4,RECQL,BPI,RECQL,CEACAM21,MAP3K14,ICAM3,RECQL,CEBPE,RECQL,IL1B,HGF,IL2,RECQL,SPP1,VEZT,CXCL2,RECQL,SLAMF7,CD6,SLAMF7,RUNX3,RECQL,RECQL,CTSA,RECQL,RECQL,LBP,RECQL,BIRC3,RECQL,RECQL,SPTB,RECQL,RECQL,PGLYRP1,RECQL,RECQL,RECQL,LCN2,RECQL,RECQL,RECQL,RECQL,RECQL,CYP3A5,RECQL,SERPINA1,RECQL,RECQL,RECQL,FCGR2B,RECQL,RECQL,RECQL,SLAMF7,SNAPC1,RECQL,RECQL,RECQL,TNFSF14,BCL3,RECQL,ITGAL,RECQL,RECQL,SCN4A,RECQL,RECQL,TFAP2B,RECQL,RECQL,RECQL,CD44,SLAMF7,RECQL,CEACAM1,RECQL,RECQL,RECQL,RECQL,CCL7,RECQL,RECQL,RECQL,CLEC4M,CD40,RECQL,RECQL,SEMA3B,RECQL,PGLYRP1,RECQL,SLAMF7,RECQL,RECQL,IL10,RECQL,RECQL
VPS50,TAP1,VPS50,GZMB,VPS50,NOS2,ABCC8,SLAMF7,VPS50,FYN,VPS50,LY75,LTA4H,IL2RB,VPS50,CXCL2,POU2F2,IL1RL2,VPS50,TNFSF10,CD8A,TNF,TRAF1,VPS50,VPS50,CD79B,VPS50,VPS50,RETN,VPS50,ABCC2,VPS50,VPS50,CD44,VPS50,VPS50,TFAP2B,VPS50,VPS50,VPS50,LYZ,VPS50,VPS50,VPS50,VPS50,VPS50,ZKSCAN1,VPS50,TRIM21,VPS50,VPS50,VPS50,NLRP1,VPS50,VPS50,VPS50,STAP1,ABCC2,VPS50,VPS50,VPS50,LGALS1,ARAP2,VPS50,RHBDF1,VPS50,VPS50,PAX6,VPS50,VPS50,AASS,VPS50,VPS50,VPS50,CD4,CD40,VPS50,CEACAM7,VPS50,VPS50,VPS50,VPS50,CCL8,VPS50,VPS50,VPS50,BTN3A1,CD48,VPS50,VPS50,LTF,VPS50,P2RX7,VPS50,LAG3,VPS50,VPS50,IL12B,VPS50,VPS50
HSPB6,ICAM1,HSPB6,GZMH,HSPB6,CEACAM7,TNFRSF17,BTN3A1,HSPB6,ADIPOR2,HSPB6,LYPD6,IL36G,IL1B,HSPB6,CCL1,BTN3A1,LGALS3,HSPB6,IL12B,CD8B,P2RX6,C5,HSPB6,HSPB6,IGKC,HSPB6,HSPB6,GP6,HSPB6,GCLM,HSPB6,HSPB6,C3,HSPB6,HSPB6,ADAM28,HSPB6,HSPB6,HSPB6,SERPINA3,HSPB6,HSPB6,HSPB6,HSPB6,HSPB6,EIF3B,HSPB6,PLAUR,HSPB6,HSPB6,HSPB6,IFNGR1,HSPB6,HSPB6,HSPB6,CLEC2B,EHD2,HSPB6,HSPB6,HSPB6,CTSD,GAB2,HSPB6,CD4,HSPB6,HSPB6,RPUSD1,HSPB6,HSPB6,TFPI,HSPB6,HSPB6,HSPB6,IRF1,CD86,HSPB6,SP140,HSPB6,HSPB6,HSPB6,HSPB6,CCL1,HSPB6,HSPB6,HSPB6,CLEC2D,CD81,HSPB6,HSPB6,NR1H4,HSPB6,NLRC4,HSPB6,TAP1,HSPB6,HSPB6,IL4,HSPB6,HSPB6
ARHGAP33,NKG7,ARHGAP33,IGFBP2,ARHGAP33,CD79B,FYN,SLAMF7,ARHGAP33,CLU,ARHGAP33,ICAM1,SERPINB3,CCL20,ARHGAP33,KYNU,PRKCH,CTSC,ARHGAP33,RALA,CD44,LGALS3,ADAM28,ARHGAP33,ARHGAP33,IGKJ5,ARHGAP33,ARHGAP33,PTPN4,ARHGAP33,UBR2,ARHGAP33,ARHGAP33,C8B,ARHGAP33,ARHGAP33,CRP,ARHGAP33,ARHGAP33,ARHGAP33,TF,ARHGAP33,ARHGAP33,ARHGAP33,ARHGAP33,ARHGAP33,SNX8,ARHGAP33,LCN1,ARHGAP33,ARHGAP33,ARHGAP33,GCLM,ARHGAP33,ARHGAP33,ARHGAP33,CD44,DEPDC1,ARHGAP33,ARHGAP33,ARHGAP33,TREM2,PAX6,ARHGAP33,VEZT,ARHGAP33,ARHGAP33,RHBDF1,ARHGAP33,ARHGAP33,ITGAL,ARHGAP33,ARHGAP33,ARHGAP33,IRF8,CD200,ARHGAP33,SLAMF1,ARHGAP33,ARHGAP33,ARHGAP33,ARHGAP33,CCL22,ARHGAP33,ARHGAP33,ARHGAP33,MMP2,CD84,ARHGAP33,ARHGAP33,ALOX5,ARHGAP33,NOS2,ARHGAP33,CD69,ARHGAP33,ARHGAP33,IL6,ARHGAP33,ARHGAP33
NDUFAB1,MSR1,NDUFAB1,MMP9,NDUFAB1,SCN4A,CASP10,GZMA,NDUFAB1,IL7,NDUFAB1,IL12B,SOAT1,IL1RL1,NDUFAB1,ICAM3,INSRR,TFAP2C,NDUFAB1,EBI3,AGR2,MMP1,CD79B,NDUFAB1,NDUFAB1,IGKJ4,NDUFAB1,NDUFAB1,GNA11,NDUFAB1,EHD2,NDUFAB1,NDUFAB1,APOL1,NDUFAB1,NDUFAB1,ADAM22,NDUFAB1,NDUFAB1,NDUFAB1,TIMP2,NDUFAB1,NDUFAB1,NDUFAB1,NDUFAB1,NDUFAB1,NUDT1,NDUFAB1,GCLM,NDUFAB1,NDUFAB1,NDUFAB1,TGFBI,NDUFAB1,NDUFAB1,NDUFAB1,CMA1,RRAGD,NDUFAB1,NDUFAB1,NDUFAB1,CXCL9,GCLM,NDUFAB1,IL1B,NDUFAB1,NDUFAB1,LUC7L,NDUFAB1,NDUFAB1,CD44,NDUFAB1,NDUFAB1,NDUFAB1,MMP2,CD209,NDUFAB1,CD48,NDUFAB1,NDUFAB1,NDUFAB1,NDUFAB1,CCL26,NDUFAB1,NDUFAB1,NDUFAB1,FCGR1A,ICAM1,NDUFAB1,NDUFAB1,CALCOCO1,NDUFAB1,NLRP1,NDUFAB1,CCL22,NDUFAB1,NDUFAB1,CSF3,NDUFAB1,NDUFAB1
PDK4,CD44,PDK4,LTBP1,PDK4,PAX6,CFLAR,TREM2,PDK4,GNAI3,PDK4,IL32,PKP2,IL1R1,PDK4,FCGRT,IFNGR1,KYNU,PDK4,IFNGR1,AHR,CASP1,IFNGR2,PDK4,PDK4,IGKJ3,PDK4,PDK4,EDEM2,PDK4,DEPDC1,PDK4,PDK4,ADAM8,PDK4,PDK4,CTSG,PDK4,PDK4,PDK4,SPTB,PDK4,PDK4,PDK4,PDK4,PDK4,PTPRZ1,PDK4,S100A8,PDK4,PDK4,PDK4,LYZ,PDK4,PDK4,PDK4,LTBR,NR1H3,PDK4,PDK4,PDK4,CCL8,TIMP2,PDK4,MMP15,PDK4,PDK4,BAIAP3,PDK4,PDK4,HFE,PDK4,PDK4,PDK4,IL12RB2,LY75,PDK4,ADGRL2,PDK4,PDK4,PDK4,PDK4,CXCL2,PDK4,PDK4,PDK4,IGALS1,IL10RA,PDK4,PDK4,MAP4K5,PDK4,CTSG,PDK4,CTSD,PDK4,PDK4,TNFSF10,PDK4,PDK4
SLC22A16,LAG1,SLC22A16,ANGPT2,SLC22A16,RHBDF1,NDUFAF7,AGER,SLC22A16,CD74,SLC22A16,IL7R,ARG2,IL1R2,SLC22A16,LILRB1,B4GALT7,LTBP1,SLC22A16,CCL26,ADAM8,CEACAM6,ITGB5,SLC22A16,SLC22A16,IGKJ2,SLC22A16,SLC22A16,F13A1,SLC22A16,RRAGD,SLC22A16,SLC22A16,SERPINA1,SLC22A16,SLC22A16,MMP9,SLC22A16,SLC22A16,SLC22A16,STAB1,SLC22A16,SLC22A16,SLC22A16,SLC22A16,SLC22A16,TAF6,SLC22A16,BPI,SLC22A16,SLC22A16,SLC22A16,FCGR1A,SLC22A16,SLC22A16,SLC22A16,FCGR2A,NCAPH2,SLC22A16,SLC22A16,SLC22A16,FGF10,MYOC,SLC22A16,LGALS2,SLC22A16,SLC22A16,TSR3,SLC22A16,SLC22A16,CTSA,SLC22A16,SLC22A16,SLC22A16,NOS2,CLEC4M,SLC22A16,FCGR2B,SLC22A16,SLC22A16,SLC22A16,SLC22A16,ICAM1,SLC22A16,SLC22A16,SLC22A16,IFNGR1,TNFRSF17,SLC22A16,SLC22A16,CD6,SLC22A16,GZMB,SLC22A16,NLRP3,SLC22A16,SLC22A16,BIRC3,SLC22A16,SLC22A16
ZMYND10,P2RX7,ZMYND10,HGF,ZMYND10,LUC7L,RBM5,NLRP3,ZMYND10,CXCL12,ZMYND10,TFAP4,CTSH,IL17A,ZMYND10,MMP9,LTF,LYZ,ZMYND10,CD160,ADAM9,HLA-C,TRAF3,ZMYND10,ZMYND10,IGKJ1,ZMYND10,ZMYND10,RNH1,ZMYND10,NR1H3,ZMYND10,ZMYND10,VCAM1,ZMYND10,ZMYND10,HEBP1,ZMYND10,ZMYND10,ZMYND10,SPP1,ZMYND10,ZMYND10,ZMYND10,ZMYND10,ZMYND10,WASL,ZMYND10,CSTA,ZMYND10,ZMYND10,ZMYND10,CD86,ZMYND10,ZMYND10,ZMYND10,SIRT1,TOMM34,ZMYND10,ZMYND10,ZMYND10,FCGR2B,CASP8,ZMYND10,ITGA3,ZMYND10,ZMYND10,PIGQ,ZMYND10,ZMYND10,MSR1,ZMYND10,ZMYND10,ZMYND10,RELB,PILRA,ZMYND10,IL12RB1,ZMYND10,ZMYND10,ZMYND10,ZMYND10,IFNGR1,ZMYND10,ZMYND10,ZMYND10,SERPINB1,SPP1,ZMYND10,ZMYND10,TACC3,ZMYND10,GZMH,ZMYND10,IFIT3,ZMYND10,ZMYND10,NLRP3,ZMYND10,ZMYND10
ABCB5,ICAM3,ABCB5,GABRA1,ABCB5,BAIAP3,SLC7A2,PKP2,ABCB5,FGF2,ABCB5,CD160,IL22,IL17F,ABCB5,TRAF1,ITGA3,MMP2,ABCB5,GPRC5A,ADAM10,CD74,LTBR,ABCB5,ABCB5,TRBV6-1,ABCB5,ABCB5,ALDH3A1,ABCB5,TYMP,ABCB5,ABCB5,IL12RB1,ABCB5,ABCB5,CD6,ABCB5,ABCB5,ABCB5,FGL1,ABCB5,ABCB5,ABCB5,ABCB5,ABCB5,HYAL4,ABCB5,S100A9,ABCB5,ABCB5,ABCB5,ADIPOR2,ABCB5,ABCB5,ABCB5,NLRP2,FAS,ABCB5,ABCB5,ABCB5,LYPD6B,CD84,ABCB5,C8B,ABCB5,ABCB5,TEAD3,ABCB5,ABCB5,IL17A,ABCB5,ABCB5,ABCB5,GCLM,SCARF1,ABCB5,B4GALT2,ABCB5,ABCB5,ABCB5,ABCB5,IFNGR2,ABCB5,ABCB5,ABCB5,BIRC3,NLRC4,ABCB5,ABCB5,UFL1,ABCB5,IRAK3,ABCB5,CXCL13,ABCB5,ABCB5,APOL1,ABCB5,ABCB5
SLC25A13,SARM1,SLC25A13,SLC11A1,SLC25A13,PIGQ,ARF5,CTSG,SLC25A13,CD79B,SLC25A13,CEBPE,TYRO3,IL17C,SLC25A13,FCGR2B,FAS,LBP,SLC25A13,LBP,ADAM11,CD200,FCGR2B,SLC25A13,SLC25A13,CD5L,SLC25A13,SLC25A13,STRN4,SLC25A13,SEC63,SLC25A13,SLC25A13,MSR1,SLC25A13,SLC25A13,NME1-NME2,SLC25A13,SLC25A13,SLC25A13,PLAUR,SLC25A13,SLC25A13,SLC25A13,SLC25A13,SLC25A13,SPAM1,SLC25A13,NLRP1,SLC25A13,SLC25A13,SLC25A13,IFNGR1,SLC25A13,SLC25A13,SLC25A13,CD86,RNASET2,SLC25A13,SLC25A13,SLC25A13,ADAM23,MTR,SLC25A13,LCN2,SLC25A13,SLC25A13,SELE,SLC25A13,SLC25A13,IL17F,SLC25A13,SLC25A13,SLC25A13,GP6,MARCO,SLC25A13,CCR2,SLC25A13,SLC25A13,SLC25A13,SLC25A13,IL4R,SLC25A13,SLC25A13,SLC25A13,CCL17,CLEC4M,SLC25A13,SLC25A13,ZC3H3,SLC25A13,C8B,SLC25A13,CXCL9,SLC25A13,SLC25A13,APOL4,SLC25A13,SLC25A13
ST7,ITGAL,ST7,FCGR2B,ST7,TSR3,AK2,PRDM1,ST7,HAMP,ST7,FCGRT,CD7,IL11,ST7,HLA-A,ITGA2B,PTGS2,ST7,IL1A,ADAM22,HSPA5,IL1R1,ST7,ST7,LCN2,ST7,ST7,ICAM1,ST7,VIM,ST7,ST7,CD163,ST7,ST7,CTSH,ST7,ST7,ST7,MSMO1,ST7,ST7,ST7,ST7,ST7,AIMP2,ST7,C8B,ST7,ST7,ST7,IL10RA,ST7,ST7,ST7,LILRB1,AGPAT4,ST7,ST7,ST7,IL17A,LGALS1,ST7,POSTN,ST7,ST7,MYLIP,ST7,ST7,HSPA5,ST7,ST7,ST7,ABCC2,STAB1,ST7,IL23A,ST7,ST7,ST7,ST7,IL11,ST7,ST7,ST7,CCL8,SIGLEC5,ST7,ST7,CAPN1,ST7,SP100,ST7,IFNG,ST7,ST7,APOL3,ST7,ST7
CDC27,SLAMF7,CDC27,PTPN6,CDC27,HEBP1,FKBP4,CCR2,CDC27,MMP25,CDC27,CD74,HSPA5,IFNG,CDC27,PTPRU,SLAMF7,SERPINE1,CDC27,AGR2,AFM,NLRC4,KCNH2,CDC27,CDC27,MSR1,CDC27,CDC27,CEBPE,CDC27,FAS,CDC27,CDC27,CD74,CDC27,CDC27,SPPL2B,CDC27,CDC27,CDC27,CYB561,CDC27,CDC27,CDC27,CDC27,CDC27,TFR2,CDC27,NLRX1,CDC27,CDC27,CDC27,CCL22,CDC27,CDC27,CDC27,PGLYRP1,IL12RB2,CDC27,CDC27,CDC27,CCL26,ALAS1,CDC27,CCL26,CDC27,CDC27,E2F2,CDC27,CDC27,PREX2,CDC27,CDC27,CDC27,BTN3A1,SELE,CDC27,CCR6,CDC27,CDC27,CDC27,CDC27,IL12RB1,CDC27,CDC27,CDC27,SEMA3G,SIGLEC6,CDC27,CDC27,DPEP1,CDC27,IRF1,CDC27,MMP2,CDC27,CDC27,NGFR,CDC27,CDC27
SLC4A1,PGLYRP2,SLC4A1,SEMA3A,SLC4A1,GPRC5A,KDM1A,ITGAL,SLC4A1,SCIN,SLC4A1,IL4I1,MMP25,CXCL2,SLC4A1,LILRA1,MIPEP,LYVE1,SLC4A1,CD81,AGO1,CD40,SEMA3A,SLC4A1,SLC4A1,SPP1,SLC4A1,SLC4A1,CD79B,SLC4A1,CD44,SLC4A1,SLC4A1,NLRP1,SLC4A1,SLC4A1,TFEC,SLC4A1,SLC4A1,SLC4A1,IDO1,SLC4A1,SLC4A1,SLC4A1,SLC4A1,SLC4A1,FSCN3,SLC4A1,OSM,SLC4A1,SLC4A1,SLC4A1,IL5RA,SLC4A1,SLC4A1,SLC4A1,GCLM,FCGR2B,SLC4A1,SLC4A1,SLC4A1,CD4,LYZ,SLC4A1,ADAM11,SLC4A1,SLC4A1,PSMB1,SLC4A1,SLC4A1,PGLYRP1,SLC4A1,SLC4A1,SLC4A1,CD79B,TNFRSF1A,SLC4A1,IL4I1,SLC4A1,SLC4A1,SLC4A1,SLC4A1,IL17A,SLC4A1,SLC4A1,SLC4A1,SP100,CCL1,SLC4A1,SLC4A1,BID,SLC4A1,IER3,SLC4A1,TGFBR2,SLC4A1,SLC4A1,CD4,SLC4A1,SLC4A1
CALCR,CRISP3,CALCR,NLRC4,CALCR,TACC3,ARHGAP33,SERPINB1,CALCR,ACTB,CALCR,KIR3DX1,IL5RA,IL1A,CALCR,HAMP,FKBP4,CLEC4A,CALCR,NKG7,AIFM2,IL17A,IL10RA,CALCR,CALCR,FCGR2B,CALCR,CALCR,PIGR,CALCR,SLAMF7,CALCR,CALCR,FCER2,CALCR,CALCR,GCLM,CALCR,CALCR,CALCR,CD14,CALCR,CALCR,CALCR,CALCR,CALCR,MOSPD3,CALCR,SERPINB6,CALCR,CALCR,CALCR,CD163,CALCR,CALCR,CALCR,CSTA,KYNU,CALCR,CALCR,CALCR,SEMA3C,HGF,CALCR,C6,CALCR,CALCR,JARID2,CALCR,CALCR,AGR2,CALCR,CALCR,CALCR,IFRD1,TNFRSF1B,CALCR,IL17A,CALCR,CALCR,CALCR,CALCR,IL17F,CALCR,CALCR,CALCR,SELE,CCL7,CALCR,CALCR,IL20RA,CALCR,TREM2,CALCR,TRAF3,CALCR,CALCR,CD8A,CALCR,CALCR
DVL2,SERPINE1,DVL2,RNASE2,DVL2,UFL1,NDUFAB1,F11,DVL2,SAA2,DVL2,CD200,ABCC2,ICAM3,DVL2,CTNNAL1,BAD,LGALS2,DVL2,SLAMF1,AK2,TNFSF10,HSPA5,DVL2,DVL2,CXCR4,DVL2,DVL2,CEACAM1,DVL2,SLC39A9,DVL2,DVL2,ICAM1,DVL2,DVL2,PLAU,DVL2,DVL2,DVL2,IFIT3,DVL2,DVL2,DVL2,DVL2,DVL2,PAX4,DVL2,CD200,DVL2,DVL2,DVL2,LY75,DVL2,DVL2,DVL2,CD8A,SULT2A1,DVL2,DVL2,DVL2,FCGR1A,ADAM28,DVL2,C7,DVL2,DVL2,CAMK1G,DVL2,DVL2,HGF,DVL2,DVL2,DVL2,ADAM8,ITGA6,DVL2,IL17F,DVL2,DVL2,DVL2,DVL2,IL17RA,DVL2,DVL2,DVL2,GCA,CCL8,DVL2,DVL2,CLCA1,DVL2,SELL,DVL2,NLRP2,DVL2,DVL2,CD8B,DVL2,DVL2
PRSS22,ITGA3,PRSS22,CD44,PRSS22,SLC30A9,PDK4,CTSL,PRSS22,CXCL1,PRSS22,IKZF2,FAS,CD80,PRSS22,LY75,BTN3A1,ADAMTS2,PRSS22,TYMP,ALAS1,TFAP4,TRAF3IP2,PRSS22,PRSS22,CEACAM1,PRSS22,PRSS22,TFEC,PRSS22,IBSP,PRSS22,PRSS22,ICAM3,PRSS22,PRSS22,SLC11A1,PRSS22,PRSS22,PRSS22,ARG2,PRSS22,PRSS22,PRSS22,PRSS22,PRSS22,PCOLCE,PRSS22,CCL20,PRSS22,PRSS22,PRSS22,MMP1,PRSS22,PRSS22,PRSS22,C8A,MSR1,PRSS22,PRSS22,PRSS22,CCL24,CCL7,PRSS22,MSLN,PRSS22,PRSS22,CDK11A,PRSS22,PRSS22,SERPINB1,PRSS22,PRSS22,PRSS22,EREG,ITGA3,PRSS22,CD160,PRSS22,PRSS22,PRSS22,PRSS22,IL17RB,PRSS22,PRSS22,PRSS22,LTF,IL12A,PRSS22,PRSS22,CLCA4,PRSS22,NCF4,PRSS22,CD81,PRSS22,PRSS22,CD6,PRSS22,PRSS22
UPF1,IL4R,UPF1,TREM2,UPF1,CCDC88C,ABCB5,IL4,UPF1,FTL,UPF1,ITGA6,RNASE7,LYZ,UPF1,NLRC4,TNFRSF1B,C8B,UPF1,ADAM8,ALDH18A1,CTSB,SEMA3C,UPF1,UPF1,GZMB,UPF1,UPF1,SERPINB6,UPF1,BAK1,UPF1,UPF1,ADIPOQ,UPF1,UPF1,HAMP,UPF1,UPF1,UPF1,KYNU,UPF1,UPF1,UPF1,UPF1,UPF1,FBXO24,UPF1,CMA1,UPF1,UPF1,UPF1,PRSS8,UPF1,UPF1,UPF1,TNFSF10,CDH1,UPF1,UPF1,UPF1,IL17F,IFNG,UPF1,SERPINC1,UPF1,UPF1,TFAP2B,UPF1,UPF1,LYPLA2,UPF1,UPF1,UPF1,HSPA8,ITGA2B,UPF1,PLA2G10,UPF1,UPF1,UPF1,UPF1,TNF,UPF1,UPF1,UPF1,SELE,IL18R1,UPF1,UPF1,IGF1,UPF1,CCL28,UPF1,CD22,UPF1,UPF1,CD74,UPF1,UPF1
SKAP2,ANGPT2,SKAP2,FYN,SKAP2,BID,ST7,IL5,SKAP2,TIMP1,SKAP2,ITGAL,CD44,CD209,SKAP2,TAP1,VEZT,NLRP1,SKAP2,VEGFA,ALDH3A1,IL2RB,ELANE,SKAP2,SKAP2,PLAUR,SKAP2,SKAP2,NPC1L1,SKAP2,MUSK,SKAP2,SKAP2,IL10,SKAP2,SKAP2,CDON,SKAP2,SKAP2,SKAP2,NOS2,SKAP2,SKAP2,SKAP2,SKAP2,SKAP2,PPP1R17,SKAP2,IFNLR1,SKAP2,SKAP2,SKAP2,S100A12,SKAP2,SKAP2,SKAP2,AGR2,RIPOR1,SKAP2,SKAP2,SKAP2,ADAM7,IL2,SKAP2,F7,SKAP2,SKAP2,TFAP2D,SKAP2,SKAP2,MRC2,SKAP2,SKAP2,SKAP2,SERPINE1,VCAM1,SKAP2,LGALS2,SKAP2,SKAP2,SKAP2,SKAP2,TNFSF4,SKAP2,SKAP2,SKAP2,STAB1,IL18RAP,SKAP2,SKAP2,RALBP1,SKAP2,PLAUR,SKAP2,IL12A,SKAP2,SKAP2,CD79A,SKAP2,SKAP2
MCUB,MMP2,MCUB,FMO1,MCUB,CLCA1,CDC27,IL7,MCUB,SERPINB1,MCUB,CCR2,IFI35,ICAM1,MCUB,GCLM,POU2F2,TNFRSF1B,MCUB,GZMK,ALDH3A2,IRAK3,NLRP2,MCUB,MCUB,ITIH4,MCUB,MCUB,TREM2,MCUB,ARHGAP31,MCUB,MCUB,LYVE1,MCUB,MCUB,LYPD3,MCUB,MCUB,MCUB,CXCL13,MCUB,MCUB,MCUB,MCUB,MCUB,RBM28,MCUB,APOBEC3A,MCUB,MCUB,MCUB,CX3CL1,MCUB,MCUB,MCUB,RHBDF1,CLCA4,MCUB,MCUB,MCUB,CD74,HSPA5,MCUB,ICAM3,MCUB,MCUB,DLEC1,MCUB,MCUB,PVR,MCUB,MCUB,MCUB,AGR3,CD11B,MCUB,LGALS1,MCUB,MCUB,MCUB,MCUB,TNFSF9,MCUB,MCUB,MCUB,CD209,IFITM3,MCUB,MCUB,SLC11A1,MCUB,PLA2G2D,MCUB,CASP8,MCUB,MCUB,CD79B,MCUB,MCUB
HOXA11,ITGA6,HOXA11,FMO3,HOXA11,IL20RA,SLC4A1,IL12A,HOXA11,CXCL13,HOXA11,LILRB1,IBTK,CEACAM1,HOXA11,TNFRSF1B,BAD,SELE,HOXA11,CD4,ALOX5,CXCL10,IL17A,HOXA11,HOXA11,ITIH1,HOXA11,HOXA11,NCF4,HOXA11,RANBP3,HOXA11,HOXA11,C3AR1,HOXA11,HOXA11,SNAI2,HOXA11,HOXA11,HOXA11,FMO3,HOXA11,HOXA11,HOXA11,HOXA11,HOXA11,USP42,HOXA11,FCGR2B,HOXA11,HOXA11,HOXA11,ITGAL,HOXA11,HOXA11,HOXA11,LYZ,GLT8D1,HOXA11,HOXA11,HOXA11,IL1A,RHOB,HOXA11,ACTN1,HOXA11,HOXA11,ADAM22,HOXA11,HOXA11,IL6,HOXA11,HOXA11,HOXA11,TNFAIP3,CD11C,HOXA11,CCL24,HOXA11,HOXA11,HOXA11,HOXA11,TNFSF10,HOXA11,HOXA11,HOXA11,CD74,IRF1,HOXA11,HOXA11,ATP1A2,HOXA11,ADAM8,HOXA11,IL2RA,HOXA11,HOXA11,CD80,HOXA11,HOXA11
POLR2J,SEMA3A,POLR2J,MRC2,POLR2J,XYLT2,CALCR,CCL2,POLR2J,TREM2,POLR2J,LRRC7,SOX8,CEACAM6,POLR2J,CD6,HECW1,ICAM1,POLR2J,NGDN,ALPK1,CLEC4M,CCL26,POLR2J,POLR2J,LYZ,POLR2J,POLR2J,FCN1,POLR2J,ZCCHC8,POLR2J,POLR2J,TNFRSF1A,POLR2J,POLR2J,ADIPOR2,POLR2J,POLR2J,POLR2J,CTSG,POLR2J,POLR2J,POLR2J,POLR2J,POLR2J,IMPDH1,POLR2J,PLA2G15,POLR2J,POLR2J,POLR2J,PRF1,POLR2J,POLR2J,POLR2J,KYNU,IL20RA,POLR2J,POLR2J,POLR2J,MMP15,TNFSF10,POLR2J,LTBR,POLR2J,POLR2J,CYB561,POLR2J,POLR2J,NLRP2,POLR2J,POLR2J,POLR2J,SEMA3A,CD22,POLR2J,PF4,POLR2J,POLR2J,POLR2J,POLR2J,TNFSF11,POLR2J,POLR2J,POLR2J,SLAMF7,STAT1,POLR2J,POLR2J,MARCO,POLR2J,APOL1,POLR2J,TNFSRF13C,POLR2J,POLR2J,CD81,POLR2J,POLR2J
DHX33,GZMH,DHX33,NME1-NME2,DHX33,CLCA4,DVL2,CCL7,DHX33,SEMA3G,DHX33,LTBR,ITGAL,CEACAM7,DHX33,IL18RAP,CYP26B1,BIRC3,DHX33,LTBR,ALS2,SIGLEC6,IL32,DHX33,DHX33,IFNGR1,DHX33,DHX33,HSPA1A,DHX33,ABCF2,DHX33,DHX33,TF,DHX33,DHX33,CTSL,DHX33,DHX33,DHX33,F7,DHX33,DHX33,DHX33,DHX33,DHX33,AGFG2,DHX33,IFNG,DHX33,DHX33,DHX33,MSR1,DHX33,DHX33,DHX33,PLEKHA5,ATP2C1,DHX33,DHX33,DHX33,CCL7,SPP1,DHX33,CTSS,DHX33,DHX33,AASS,DHX33,DHX33,ALOX5,DHX33,DHX33,DHX33,CCL1,CD33,DHX33,APOE,DHX33,DHX33,DHX33,DHX33,TNFSF13B,DHX33,DHX33,DHX33,SIGLEC1,STAT2,DHX33,DHX33,CYP24A1,DHX33,AGR3,DHX33,TNFSF10,DHX33,DHX33,CD83,DHX33,DHX33
MEOX1,CD8A,MEOX1,IL17A,MEOX1,ATP2C1,UPF1,CCL8,MEOX1,STAB1,MEOX1,CD79B,LILRB5,CEACAM5,MEOX1,ICAM1,TFEC,IRF1,MEOX1,FCER2,ALX4,LAG,CD22,MEOX1,MEOX1,SLAMF7,MEOX1,MEOX1,CXCL2,MEOX1,FUT8,MEOX1,MEOX1,ANXA5,MEOX1,MEOX1,AGR2,MEOX1,MEOX1,MEOX1,SLAMF7,MEOX1,MEOX1,MEOX1,MEOX1,MEOX1,LSM5,MEOX1,LYVE1,MEOX1,MEOX1,MEOX1,LTBR,MEOX1,MEOX1,MEOX1,NLRC4,IL20RA,MEOX1,MEOX1,MEOX1,PRKCZ,ZFYVE26,MEOX1,CPA1,MEOX1,MEOX1,PLEKHG6,MEOX1,MEOX1,RNASET2,MEOX1,MEOX1,MEOX1,SEMA3C,CD4,MEOX1,PLA2G12A,MEOX1,MEOX1,MEOX1,MEOX1,TNFSF14,MEOX1,MEOX1,MEOX1,NLRP2,IRF5,MEOX1,MEOX1,NCDN,MEOX1,RNASE1,MEOX1,CX3CL1,MEOX1,MEOX1,CD84,MEOX1,MEOX1
THSD7A,TGFB1,THSD7A,IL17F,THSD7A,RALBP1,SKAP2,CXCL2,THSD7A,HFE,THSD7A,CXCL3,SEMA3A,CEACAM8,THSD7A,GZMB,ASB4,TRAF1,THSD7A,C1QA,AMBP,PLA2G4A,IL20RA,THSD7A,THSD7A,ITGA8,THSD7A,THSD7A,AFP,THSD7A,ATP6V0A1,THSD7A,THSD7A,PLAUR,THSD7A,THSD7A,FCGR2B,THSD7A,THSD7A,THSD7A,AGPAT4,THSD7A,THSD7A,THSD7A,THSD7A,THSD7A,SERPINE1,THSD7A,IFNA6,THSD7A,THSD7A,THSD7A,TFPI,THSD7A,THSD7A,THSD7A,ADAM12,CCL7,THSD7A,THSD7A,THSD7A,CD160,FCGR2A,THSD7A,TNC,THSD7A,THSD7A,MPND,THSD7A,THSD7A,SLAMF7,THSD7A,THSD7A,THSD7A,IL20RA,CD6,THSD7A,IL1R2,THSD7A,THSD7A,THSD7A,THSD7A,TNFSF18,THSD7A,THSD7A,THSD7A,IL20RA,IRF7,THSD7A,THSD7A,SLC7A9,THSD7A,LGALS2,THSD7A,HLA-DQA1,THSD7A,THSD7A,CD86,THSD7A,THSD7A
LIG3,TGFB2,LIG3,IL1B,LIG3,WWTR1,DHX33,CSF3,LIG3,CD44,LIG3,IFIT2,IL26,CD5L,LIG3,USP13,FMO1,CX3CL1,LIG3,LILRB1,AMH,NLRP3,IL17F,LIG3,LIG3,AGPAT4,LIG3,LIG3,CXCL6,LIG3,PIAS1,LIG3,LIG3,PLAU,LIG3,LIG3,TYMP,LIG3,LIG3,LIG3,SEMA3A,LIG3,LIG3,LIG3,LIG3,LIG3,AP1S1,LIG3,LY75,LIG3,LIG3,LIG3,ICAM3,LIG3,LIG3,LIG3,PKP2,CCL8,LIG3,LIG3,LIG3,CCL11,CST3,LIG3,SEMA3A,LIG3,LIG3,CRY1,LIG3,LIG3,BPI,LIG3,LIG3,LIG3,CCL24,CD74,LIG3,IL1R1,LIG3,LIG3,LIG3,LIG3,IL2RB,LIG3,LIG3,LIG3,SERPINB3,AIM2,LIG3,LIG3,CPS1,LIG3,LGALS1,LIG3,CXCL2,LIG3,LIG3,CD200,LIG3,LIG3
RPAP3,IL1A,RPAP3,IL2,RPAP3,ATP1A2,LIG3,ANGPT2,RPAP3,GABRA1,RPAP3,IL1R1,FNDC3B,CD5,RPAP3,ARG1,FMO3,TNF,RPAP3,ADAM7,AMOTL1,ITGAL,IL26,RPAP3,RPAP3,CD22,RPAP3,RPAP3,HAMP,RPAP3,SLC4A7,RPAP3,RPAP3,VCAN,RPAP3,RPAP3,ADAM12,RPAP3,RPAP3,RPAP3,NME1-NME2,RPAP3,RPAP3,RPAP3,RPAP3,RPAP3,MOGAT3,RPAP3,AGR2,RPAP3,RPAP3,RPAP3,GZMB,RPAP3,RPAP3,RPAP3,LILRA1,CCL1,RPAP3,RPAP3,RPAP3,CCL20,IFNGR1,RPAP3,RCN1,RPAP3,RPAP3,NFIX,RPAP3,RPAP3,ITGA3,RPAP3,RPAP3,RPAP3,TNFSF13B,CD79B,RPAP3,IL1RL2,RPAP3,RPAP3,RPAP3,RPAP3,CCL24,RPAP3,RPAP3,RPAP3,CLEC4A,IFI16,RPAP3,RPAP3,C8B,RPAP3,TNFRSF1A,RPAP3,HLA-DRB1,RPAP3,RPAP3,CD274,RPAP3,RPAP3
ACSM3,IL6R,ACSM3,IFNG,ACSM3,ZNF582,ACSM3,CD8A,ACSM3,HGFAC,ACSM3,CD200R1,CD200,CEACAM4,ACSM3,CCL26,TFEC,C3,ACSM3,TGFBR3,ANAPC4,HSP90AB1,SERPINB3,ACSM3,ACSM3,ADIPOR2,ACSM3,ACSM3,FCGRT,ACSM3,MAP2K3,ACSM3,ACSM3,VCAM1,ACSM3,ACSM3,PROM1,ACSM3,ACSM3,ACSM3,LGALS3BP,ACSM3,ACSM3,ACSM3,ACSM3,ACSM3,C1GALT1,ACSM3,STAB1,ACSM3,ACSM3,ACSM3,IL17A,ACSM3,ACSM3,ACSM3,CD74,IFNGR1,ACSM3,ACSM3,ACSM3,AGER,TP53,ACSM3,ITGA6,ACSM3,ACSM3,MMP25,ACSM3,ACSM3,TFRC,ACSM3,ACSM3,ACSM3,LCN2,CEACAM1,ACSM3,IL1RL1,ACSM3,ACSM3,ACSM3,ACSM3,CSF3,ACSM3,ACSM3,ACSM3,MSR1,JAK2,ACSM3,ACSM3,GABRA1,ACSM3,IFNGR1,ACSM3,CD37,ACSM3,ACSM3,SLAMF7,ACSM3,ACSM3
REXO5,IL1R2,REXO5,TNFSF10,REXO5,PHLDB1,SPPL2B,CTSD,REXO5,GHR,REXO5,TNFRSF12A,MMP15,IFIT3,REXO5,IL20RA,ASB4,TGFB1,REXO5,IL20RA,ANAPC5,FCGR2B,IL27RA,REXO5,REXO5,B4GALT7,REXO5,REXO5,BTN3A1,REXO5,SH3YL1,REXO5,REXO5,ANGPTL1,REXO5,REXO5,SERPINE1,REXO5,REXO5,REXO5,IL17RB,REXO5,REXO5,REXO5,REXO5,REXO5,PLOD3,REXO5,SPTB,REXO5,REXO5,REXO5,C5,REXO5,REXO5,REXO5,LTBP1,CD44,REXO5,REXO5,REXO5,NLRP1,NR1H3,REXO5,BTN3A1,REXO5,REXO5,HEATR5B,REXO5,REXO5,LTF,REXO5,REXO5,REXO5,CCR6,CEACAM6,REXO5,IL18R1,REXO5,REXO5,REXO5,REXO5,CX3CL1,REXO5,REXO5,REXO5,ICAM1,STAT3,REXO5,REXO5,NLRP2,REXO5,BTN3A1,REXO5,CD79A,REXO5,REXO5,IL10RA,REXO5,REXO5
CIAPIN1,IL20RA,CIAPIN1,TNFSF11,CIAPIN1,PRDM11,FAM214B,IL15,CIAPIN1,SPDL1,CIAPIN1,TRIM21,LY75,USP48,CIAPIN1,CTSB,MYLIP,ITGAL,CIAPIN1,CCL7,ANGEL1,ARG1,CMA1,CIAPIN1,CIAPIN1,LAMA1,CIAPIN1,CIAPIN1,CD209,CIAPIN1,MYOC,CIAPIN1,CIAPIN1,ENG,CIAPIN1,CIAPIN1,ANGPT2,CIAPIN1,CIAPIN1,CIAPIN1,NLRP1,CIAPIN1,CIAPIN1,CIAPIN1,CIAPIN1,CIAPIN1,RPA3,CIAPIN1,RNASE7,CIAPIN1,CIAPIN1,CIAPIN1,A2M,CIAPIN1,CIAPIN1,CIAPIN1,AGR3,HEBP1,CIAPIN1,CIAPIN1,CIAPIN1,CD38,SNAI2,CIAPIN1,CD86,CIAPIN1,CIAPIN1,CSDE1,CIAPIN1,CIAPIN1,ITGA2B,CIAPIN1,CIAPIN1,CIAPIN1,FCGR3B,CEACAM7,CIAPIN1,IL18RAP,CIAPIN1,CIAPIN1,CIAPIN1,CIAPIN1,HMGB1,CIAPIN1,CIAPIN1,CIAPIN1,OSM,GBP1,CIAPIN1,CIAPIN1,RNF10,CIAPIN1,HSPA5,CIAPIN1,CD79B,CIAPIN1,CIAPIN1,IL12RB1,CIAPIN1,CIAPIN1
SPPL2B,IFNG,SPPL2B,IFNGR1,SPPL2B,SNAI2,PRKAR2B,IL17A,SPPL2B,TFEC,SPPL2B,TNFSF13B,SDC1,USP13,SPPL2B,TNFSF13B,FMO3,F7,SPPL2B,CLEC11A,ANGPT2,CD84,FCER2,SPPL2B,SPPL2B,SEMG1,SPPL2B,SPPL2B,FTL,SPPL2B,VCL,SPPL2B,SPPL2B,HGF,SPPL2B,SPPL2B,ITGAL,SPPL2B,SPPL2B,SPPL2B,ADIPOR2,SPPL2B,SPPL2B,SPPL2B,SPPL2B,SPPL2B,ZNHIT1,SPPL2B,ICAM1,SPPL2B,SPPL2B,SPPL2B,MS4A1,SPPL2B,SPPL2B,SPPL2B,IFNGR1,GPRC5A,SPPL2B,SPPL2B,SPPL2B,TNFRSF9,FASN,SPPL2B,LGALS1,SPPL2B,SPPL2B,UBE3C,SPPL2B,SPPL2B,OSBPL5,SPPL2B,SPPL2B,SPPL2B,ICAM1,CD5L,SPPL2B,LILRB1,SPPL2B,SPPL2B,SPPL2B,SPPL2B,LTBR,SPPL2B,SPPL2B,SPPL2B,IL12RB2,GBP3,SPPL2B,SPPL2B,GRAMD1B,SPPL2B,SAA1,SPPL2B,LGALS1,SPPL2B,SPPL2B,IL12RB2,SPPL2B,SPPL2B
FAM214B,CD33,FAM214B,IL1RA,FAM214B,STMN4,TSPOAP1,IL17F,FAM214B,HSP90AA1,FAM214B,PGLYRP1,IFNG,USP10,FAM214B,RBP2,ICA1,MPO,FAM214B,NLRP2,ANGPT4,IL17C,RHBDF1,FAM214B,FAM214B,IL17A,FAM214B,FAM214B,NLRP1,FAM214B,NSMAF,FAM214B,FAM214B,IL6ST,FAM214B,FAM214B,LGALS1,FAM214B,FAM214B,FAM214B,IL20RA,FAM214B,FAM214B,FAM214B,FAM214B,FAM214B,CLDN15,FAM214B,CEACAM1,FAM214B,FAM214B,FAM214B,PGLYRP1,FAM214B,FAM214B,FAM214B,CTSG,CD6,FAM214B,FAM214B,FAM214B,CCL1,COL1A1,FAM214B,ITIH4,FAM214B,FAM214B,REV3L,FAM214B,FAM214B,CPM,FAM214B,FAM214B,FAM214B,AGR1,LGALS1,FAM214B,LILRA1,FAM214B,FAM214B,FAM214B,FAM214B,IL4,FAM214B,FAM214B,FAM214B,GZMB,MX1,FAM214B,FAM214B,RNH1,FAM214B,LAG1,FAM214B,LGALS3,FAM214B,FAM214B,IL17RA,FAM214B,FAM214B
COPZ2,TNFSF10,COPZ2,SERPINA4,COPZ2,NCDN,PON1,IL17C,COPZ2,PLA2G10,COPZ2,MMP9,ALAS1,PSMB1,COPZ2,CX3CL1,BAD,IL17RA,COPZ2,SIGLEC6,ANK1,C5orf22,CD70,COPZ2,COPZ2,IL17F,COPZ2,COPZ2,GCLM,COPZ2,ADSS2,COPZ2,COPZ2,CD40,COPZ2,COPZ2,LCN2,COPZ2,COPZ2,COPZ2,ITGAL,COPZ2,COPZ2,COPZ2,COPZ2,COPZ2,NOBOX,COPZ2,CD74,COPZ2,COPZ2,COPZ2,LBP,COPZ2,COPZ2,COPZ2,FCN1,TACC3,COPZ2,COPZ2,COPZ2,ICAM1,SERPINE1,COPZ2,COL4A4,COPZ2,COPZ2,PAX7,COPZ2,COPZ2,FCGRT,COPZ2,COPZ2,COPZ2,ALOX5,LGALS2,COPZ2,FCER2,COPZ2,COPZ2,COPZ2,COPZ2,IL5,COPZ2,COPZ2,COPZ2,GZMH,MXD1,COPZ2,COPZ2,NDUFS1,COPZ2,ANXA1,COPZ2,NLRP1,COPZ2,COPZ2,IL17RB,COPZ2,COPZ2
PRKAR2B,IL10RA,PRKAR2B,IL2RB,PRKAR2B,SAMD4A,GCFC2,IL20,PRKAR2B,APOA1,PRKAR2B,PLA2G10,BIRC3,PSMB5,PRKAR2B,IL2RB,HECW1,RHOB,PRKAR2B,C6,ANO2,SULT2A1,NGFR,PRKAR2B,PRKAR2B,IFNG,PRKAR2B,PRKAR2B,IL1B,PRKAR2B,TIMP2,PRKAR2B,PRKAR2B,NLRP2,PRKAR2B,PRKAR2B,MMP2,PRKAR2B,PRKAR2B,PRKAR2B,ITGA3,PRKAR2B,PRKAR2B,PRKAR2B,PRKAR2B,PRKAR2B,GLCCI1,PRKAR2B,SAA4,PRKAR2B,PRKAR2B,PRKAR2B,ADAM8,PRKAR2B,PRKAR2B,PRKAR2B,CXCL2,POLA2,PRKAR2B,PRKAR2B,PRKAR2B,NLRC4,LAMA2,PRKAR2B,CD14,PRKAR2B,PRKAR2B,MASP2,PRKAR2B,PRKAR2B,CLEC4M,PRKAR2B,PRKAR2B,PRKAR2B,B4GALT1,LCN2,PRKAR2B,CLEC4M,PRKAR2B,PRKAR2B,PRKAR2B,PRKAR2B,CD86,PRKAR2B,PRKAR2B,PRKAR2B,PRF1,IL2RA,PRKAR2B,PRKAR2B,ALAS1,PRKAR2B,IFIT2,PRKAR2B,PKP2,PRKAR2B,PRKAR2B,IL20RA,PRKAR2B,PRKAR2B
CREBBP,CD74,CREBBP,CCL22,CREBBP,RUNX3,WDR54,IL26,CREBBP,CA12,CREBBP,CD5L,FMO1,PSMB6,CREBBP,LYZ,CYP26B1,ICAM3,CREBBP,OSBPL5,ANO8,OAS3,LTBP1,CREBBP,CREBBP,FCER2,CREBBP,CREBBP,LY75,CREBBP,CUL3,CREBBP,CREBBP,IL17A,CREBBP,CREBBP,HSPA5,CREBBP,CREBBP,CREBBP,ITGA2B,CREBBP,CREBBP,CREBBP,CREBBP,CREBBP,MYL10,CREBBP,MS4A6A,CREBBP,CREBBP,CREBBP,PKM,CREBBP,CREBBP,CREBBP,HSPA5,SLC30A9,CREBBP,CREBBP,CREBBP,LGALS8,HSPB1,CREBBP,FCN1,CREBBP,CREBBP,IYD,CREBBP,CREBBP,FCN1,CREBBP,CREBBP,CREBBP,C8B,MSR1,CREBBP,MSR1,CREBBP,CREBBP,CREBBP,CREBBP,HGF,CREBBP,CREBBP,CREBBP,TFAP4,CD14,CREBBP,CREBBP,BIRC3,CREBBP,PLA2G10,CREBBP,PLAUR,CREBBP,CREBBP,IL21R,CREBBP,CREBBP
TSPOAP1,ADAM28,TSPOAP1,CCL26,TSPOAP1,SERPINB1,CROT,CCL22,TSPOAP1,CTSH,TSPOAP1,ICAM3,ITGA2B,PSMA4,TSPOAP1,SP100,ICA1,FCGR3B,TSPOAP1,SELE,ANO9,ICAM1,CTSA,TSPOAP1,TSPOAP1,SLAMF7,TSPOAP1,TSPOAP1,TREML2,TSPOAP1,MYOM2,TSPOAP1,TSPOAP1,IFNGR1,TSPOAP1,TSPOAP1,PKP2,TSPOAP1,TSPOAP1,TSPOAP1,LTF,TSPOAP1,TSPOAP1,TSPOAP1,TSPOAP1,TSPOAP1,PHF14,TSPOAP1,LBP,TSPOAP1,TSPOAP1,TSPOAP1,SLA2,TSPOAP1,TSPOAP1,TSPOAP1,ANGPT2,MTMR11,TSPOAP1,TSPOAP1,TSPOAP1,IL5,CCL8,TSPOAP1,ADAM28,TSPOAP1,TSPOAP1,POMT2,TSPOAP1,TSPOAP1,ITIH4,TSPOAP1,TSPOAP1,TSPOAP1,LYZ,MSRB1,TSPOAP1,CEACAM4,TSPOAP1,TSPOAP1,TSPOAP1,TSPOAP1,PTGS2,TSPOAP1,TSPOAP1,TSPOAP1,IL17RB,PTGS2,TSPOAP1,TSPOAP1,AKAP11,TSPOAP1,CLEC2D,TSPOAP1,RORA,TSPOAP1,TSPOAP1,IL23A,TSPOAP1,TSPOAP1
MPO,SERPINB1,MPO,IL12RB2,MPO,PLEKHB1,KMT2E,CCL17,MPO,SERPINE1,MPO,LGALS3,IL17A,PSMA3,MPO,TFAP2B,FMO1,CD33,MPO,ITGAL,AOC1,IL18R1,SEMA6A,MPO,MPO,TNF,MPO,MPO,ITGAL,MPO,SLC18A1,MPO,MPO,BIRC3,MPO,MPO,ITGA2B,MPO,MPO,MPO,AOC1,MPO,MPO,MPO,MPO,MPO,NRF1,MPO,ADIPOQ,MPO,MPO,MPO,SP100,MPO,MPO,MPO,AHR,HOXA11,MPO,MPO,MPO,SCIN,TGFB1,MPO,AGR2,MPO,MPO,VTA1,MPO,MPO,ITIH1,MPO,MPO,MPO,SERPINB3,MS4A6A,MPO,CEACAM5,MPO,MPO,MPO,MPO,NGF,MPO,MPO,MPO,CD4,FCGR2B,MPO,MPO,GLRX2,MPO,IL12RB2,MPO,SERPINB1,MPO,MPO,IL27RA,MPO,MPO
PON1,AGR2,PON1,IL10RA,PON1,CYP3A43,RHBDD2,CCL24,PON1,IL2RB,PON1,IRAG1,FMO2,PSMA6,PON1,TFAP2D,HECW1,TF,PON1,CX3CL1,AOC3,SIGLEC5,ICAM3,PON1,PON1,IGALS2,PON1,PON1,MMP9,PON1,USP2,PON1,PON1,B4GALT1,PON1,PON1,ASNS,PON1,PON1,PON1,AOC3,PON1,PON1,PON1,PON1,PON1,TMEM106B,PON1,MPO,PON1,PON1,PON1,C3,PON1,PON1,PON1,MMP25,MEOX1,PON1,PON1,PON1,MMP25,IL1B,PON1,CD6,PON1,PON1,MLXIPL,PON1,PON1,HSPA8,PON1,PON1,PON1,LY75,MS4A4A,PON1,SCARF1,PON1,PON1,PON1,PON1,BMP7,PON1,PON1,PON1,CLEC4M,PKM,PON1,PON1,SNAPC1,PON1,VEGFA,PON1,SERPINB3,PON1,PON1,IL4I1,PON1,PON1
GCFC2,LYZ,GCFC2,CD81,GCFC2,SLC7A9,SOX8,TNF,GCFC2,GCLM,GCFC2,S100A8,ITGA3,PSMA7,GCFC2,IFNG,CYP26B1,IL20RA,GCFC2,SPP1,AP3D1,IL1RL1,IL5RA,GCFC2,GCFC2,LTBR,GCFC2,GCFC2,GUCY2C,GCFC2,FLT4,GCFC2,GCFC2,SLAMF7,GCFC2,GCFC2,FTL,GCFC2,GCFC2,GCFC2,WNT16,GCFC2,GCFC2,GCFC2,GCFC2,GCFC2,EZH2,GCFC2,SERPINB3,GCFC2,GCFC2,GCFC2,LCN2,GCFC2,GCFC2,GCFC2,SLC11A1,CACNG3,GCFC2,GCFC2,GCFC2,CCL22,AGR2,GCFC2,FAS,GCFC2,GCFC2,ETV7,GCFC2,GCFC2,NLRP1,GCFC2,GCFC2,GCFC2,MMP15,PGLYRP1,GCFC2,CLEC2D,GCFC2,GCFC2,GCFC2,GCFC2,IL6,GCFC2,GCFC2,GCFC2,CXCL9,ITGB5,GCFC2,GCFC2,STRAP,GCFC2,ADAM28,GCFC2,TFEC,GCFC2,GCFC2,IL5RA,GCFC2,GCFC2
WDR54,IFNGR1,WDR54,LILRB5,WDR54,SPAST,IBTK,IL1B,WDR54,CD14,WDR54,SERPINB3,ITGA6,PSMC4,WDR54,LGALS2,ICA1,SERPINB1,WDR54,ADIPOR2,APAF1,FCN1,SLAMF1,WDR54,WDR54,LTF,WDR54,WDR54,MARCO,WDR54,NSUN2,WDR54,WDR54,IFRD1,WDR54,WDR54,PTPRC,WDR54,WDR54,WDR54,HECW1,WDR54,WDR54,WDR54,WDR54,WDR54,CEP41,WDR54,NLRC4,WDR54,WDR54,WDR54,MMP25,WDR54,WDR54,WDR54,MMP1,TAC1,WDR54,WDR54,WDR54,TFAP4,MMP2,WDR54,IFNGR1,WDR54,WDR54,SPRTN,WDR54,WDR54,ICAM3,WDR54,WDR54,WDR54,PGLYRP1,SP100,WDR54,CLEC2B,WDR54,WDR54,WDR54,WDR54,TAC1,WDR54,WDR54,WDR54,OAS1,IL15,WDR54,WDR54,ABCC2,WDR54,CD79A,WDR54,TNFRSF10B,WDR54,WDR54,INSRR,WDR54,WDR54
CROT,MYD88,CROT,TNFRSF12A,CROT,NRXN3,MYCBP2,IL1A,CROT,PGLYRP1,CROT,AGR2,SEMA3G,PSMC5,CROT,IL18,ICA1,TNFRSF1A,CROT,FCGR2B,APOBEC3A,GIMAP2,LITAF,CROT,CROT,GUCY1B1,CROT,CROT,ADAM7,CROT,MFAP3,CROT,CROT,SELE,CROT,CROT,MCOLN1,CROT,CROT,CROT,CASP10,CROT,CROT,CROT,CROT,CROT,ZNF862,CROT,GCA,CROT,CROT,CROT,TFAP4,CROT,CROT,CROT,GCLM,SPATA20,CROT,CROT,CROT,AIFM2,ACTB,CROT,LYPLA2,CROT,CROT,EEF1AKNMT,CROT,CROT,ICAM5,CROT,CROT,CROT,MSR1,LIPE,CROT,CLEC11A,CROT,CROT,CROT,CROT,IL23A,CROT,CROT,CROT,IFIT3,ADORA2A,CROT,CROT,EHD2,CROT,TNFSF13B,CROT,TSLP,CROT,CROT,TNFRSF1A,CROT,CROT
ABCB4,PTPRC,ABCB4,NLRP2,ABCB4,CPS1,FBXL3,TGFB1,ABCB4,ITGA3,ABCB4,SLC2A3,ITGAE,PSMC6,ABCB4,GCLM,MYCBP2,AGR2,ABCB4,ADAM28,APP,CCL26,LYZ,ABCB4,ABCB4,ITGAL,ABCB4,ABCB4,IFNG,ABCB4,MRI1,ABCB4,ABCB4,CX3CL1,ABCB4,ABCB4,FCGRT,ABCB4,ABCB4,ABCB4,NDUFAF7,ABCB4,ABCB4,ABCB4,ABCB4,ABCB4,SFRP4,ABCB4,FCN1,ABCB4,ABCB4,ABCB4,GP6,ABCB4,ABCB4,ABCB4,SERPINB1,TNFRSF12A,ABCB4,ABCB4,ABCB4,ELN,VEGFC,ABCB4,GCLM,ABCB4,ABCB4,DYRK4,ABCB4,ABCB4,CEACAM4,ABCB4,ABCB4,ABCB4,F7,NOS2,ABCB4,TREML2,ABCB4,ABCB4,ABCB4,ABCB4,TGFBR3,ABCB4,ABCB4,ABCB4,CXCL10,ALOX5,ABCB4,ABCB4,DEPDC1,ABCB4,TAP1,ABCB4,CASP10,ABCB4,ABCB4,TNFRSF1B,ABCB4,ABCB4
KMT2E,TLR2,KMT2E,CLEC2B,KMT2E,C8B,ITGA3,CCL26,KMT2E,IL1A,KMT2E,CD70,CCL7,PSMC1,KMT2E,NLRP2,FBXL3,CD79B,KMT2E,BTN3A1,AQP1,CX3CL1,ADAM22,KMT2E,KMT2E,CXCL1,KMT2E,KMT2E,SLAMF1,KMT2E,AGA,KMT2E,KMT2E,CCR6,KMT2E,KMT2E,PMEPA1,KMT2E,KMT2E,KMT2E,RBM5,KMT2E,KMT2E,KMT2E,KMT2E,KMT2E,MEST,KMT2E,BTN3A1,KMT2E,KMT2E,KMT2E,RNASE1,KMT2E,KMT2E,KMT2E,HGF,MAP3K9,KMT2E,KMT2E,KMT2E,TGFB2,CXCR4,KMT2E,MS4A1,KMT2E,KMT2E,ZNF207,KMT2E,KMT2E,CEACAM5,KMT2E,KMT2E,KMT2E,AGR4,PKD1,KMT2E,PILRA,KMT2E,KMT2E,KMT2E,KMT2E,AREG,KMT2E,KMT2E,KMT2E,HAMP,MMP1,KMT2E,KMT2E,HSF2,KMT2E,IFRD1,KMT2E,CFLAR,KMT2E,KMT2E,TNFRSF12A,KMT2E,KMT2E
RHBDD2,NGFR,RHBDD2,RORA,RHBDD2,GABRA1,ITGA2B,CCL20,RHBDD2,CCL26,RHBDD2,ADAM8,CCL8,PSMC3,RHBDD2,IRF1,ITGAL,GUCY2C,RHBDD2,CD84,AQP6,CXCL9,ELN,RHBDD2,RHBDD2,CXCL2,RHBDD2,RHBDD2,FCGR2A,RHBDD2,MAT2B,RHBDD2,RHBDD2,ADORA2A,RHBDD2,RHBDD2,CXCL12,RHBDD2,RHBDD2,RHBDD2,MTMR7,RHBDD2,RHBDD2,RHBDD2,RHBDD2,RHBDD2,MEOX2,RHBDD2,ARG2,RHBDD2,RHBDD2,RHBDD2,TFAP2B,RHBDD2,RHBDD2,RHBDD2,AASS,KDM7A,RHBDD2,RHBDD2,RHBDD2,CD86,PTPRC,RHBDD2,CLEC2D,RHBDD2,RHBDD2,UQCRC1,RHBDD2,RHBDD2,MMP2,RHBDD2,RHBDD2,RHBDD2,F3,RUNX3,RHBDD2,SIGNR1,RHBDD2,RHBDD2,RHBDD2,RHBDD2,CD74,RHBDD2,RHBDD2,RHBDD2,CCL1,TIMP2,RHBDD2,RHBDD2,TYMP,RHBDD2,IL18R1,RHBDD2,CRTAC1,RHBDD2,RHBDD2,TNFRSF17,RHBDD2,RHBDD2
SOX8,IFNGR2,SOX8,TGFBR3,SOX8,NLRP2,ASB4,IL32,SOX8,FAS,SOX8,CCL22,CCL1,CD14,SOX8,CD40,PDK2,RHOBTB1,SOX8,PLA2G4C,AQP9,LILRB1,RHOB,SOX8,SOX8,HSPA5,SOX8,SOX8,CEACAM8,SOX8,TLL1,SOX8,SOX8,TAC1,SOX8,SOX8,MSR1,SOX8,SOX8,SOX8,ARF5,SOX8,SOX8,SOX8,SOX8,SOX8,ANKMY2,SOX8,BPIFA2,SOX8,SOX8,SOX8,LCN9,SOX8,SOX8,SOX8,TNFAIP3,CCL26,SOX8,SOX8,SOX8,GCLM,ABCC2,SOX8,CD84,SOX8,SOX8,STARD3NL,SOX8,SOX8,LTBP4,SOX8,SOX8,SOX8,ARG2,IFNG,SOX8,SIGLEC6,SOX8,SOX8,SOX8,SOX8,PROK2,SOX8,SOX8,SOX8,CD86,IFIT1,SOX8,SOX8,KPNA6,SOX8,IL18RAP,SOX8,GZMB,SOX8,SOX8,ADIPOR1,SOX8,SOX8
IBTK,IL7,IBTK,FGF10,IBTK,ZDHHC6,GDE1,BIRC2,IBTK,PLAUR,IBTK,LGALS2,CCL26,TF,IBTK,TFAP4,ITGA3,FASLG,IBTK,SELL,AQR,IL37,NR1H3,IBTK,IBTK,IL1B,IBTK,IBTK,SP100,IBTK,CLEC16A,IBTK,IBTK,TACR2,IBTK,IBTK,MTR,IBTK,IBTK,IBTK,SARM1,IBTK,IBTK,IBTK,IBTK,IBTK,ACTR3C,IBTK,DEFB126,IBTK,IBTK,IBTK,SERPINE1,IBTK,IBTK,IBTK,IL1R2,TBXA2R,IBTK,IBTK,IBTK,PLA2G10,PSMB5,IBTK,IL12B,IBTK,IBTK,HHATL,IBTK,IBTK,TNIP3,IBTK,IBTK,IBTK,CCL20,CXCR4,IBTK,SIGLEC5,IBTK,IBTK,IBTK,IBTK,ANGPT4,IBTK,IBTK,IBTK,CXCL2,IFIT2,IBTK,IBTK,VIM,IBTK,ICAM1,IBTK,IL20RA,IBTK,IBTK,ADIPOR2,IBTK,IBTK
ZNF195,HSPA5,ZNF195,CYP24A1,ZNF195,GRAMD1B,CRLF1,SERPINE1,ZNF195,SPARC,ZNF195,GP6,MMP2,CSF3,ZNF195,IL1B,GDE1,PKD1,ZNF195,STAB1,AQP5,OSM,IFRD1,ZNF195,ZNF195,CD44,ZNF195,ZNF195,NLRC4,ZNF195,MSR1,ZNF195,ZNF195,PTGER3,ZNF195,ZNF195,HFE,ZNF195,ZNF195,ZNF195,POLDIP2,ZNF195,ZNF195,ZNF195,ZNF195,ZNF195,POU6F2,ZNF195,BPIFA1,ZNF195,ZNF195,ZNF195,TRAF1,ZNF195,ZNF195,ZNF195,SERPINA1,GTF2IRD1,ZNF195,ZNF195,ZNF195,C3,CTSB,ZNF195,FASLG,ZNF195,ZNF195,NCAPD2,ZNF195,ZNF195,FSTL4,ZNF195,ZNF195,ZNF195,CCR2,ABCA1,ZNF195,SIGLEC8,ZNF195,ZNF195,ZNF195,ZNF195,PDGFB,ZNF195,ZNF195,ZNF195,NLRC4,CD79B,ZNF195,ZNF195,RTEL1-TNFRSF6B,ZNF195,ICAM2,ZNF195,IL32,ZNF195,ZNF195,AGR2,ZNF195,ZNF195
MYCBP2,FTL,MYCBP2,ITGAL,MYCBP2,RNH1,OSBPL7,IL20RA,MYCBP2,ADGRA2,MYCBP2,S100A12,SAA4,CTSB,MYCBP2,GBP3,REX1BD,PTPRN,MYCBP2,TNFRSF1B,AASS,GUCY2C,ITGA3,MYCBP2,MYCBP2,CD81,MYCBP2,MYCBP2,ADAM28,MYCBP2,CDH1,MYCBP2,MYCBP2,IL17RB,MYCBP2,MYCBP2,AGR3,MYCBP2,MYCBP2,MYCBP2,PLXND1,MYCBP2,MYCBP2,MYCBP2,MYCBP2,MYCBP2,TSPAN13,MYCBP2,SEMG1,MYCBP2,MYCBP2,MYCBP2,TRAF3IP2,MYCBP2,MYCBP2,MYCBP2,AOC1,PAF1,MYCBP2,MYCBP2,MYCBP2,IL1RL2,EBI3,MYCBP2,FCGR2B,MYCBP2,MYCBP2,IFFO1,MYCBP2,MYCBP2,HHAT,MYCBP2,MYCBP2,MYCBP2,CCR7,PON1,MYCBP2,SIGLEC9,MYCBP2,MYCBP2,MYCBP2,MYCBP2,IL1RN,MYCBP2,MYCBP2,MYCBP2,IFRD1,IGLL1,MYCBP2,MYCBP2,FAS,MYCBP2,TYMP,MYCBP2,MMP25,MYCBP2,MYCBP2,BTN3A1,MYCBP2,MYCBP2
FBXL3,CD163,FBXL3,ITGA3,FBXL3,NDUFS1,TMEM98,IL32,FBXL3,MYC,FBXL3,RELB,IL11,F11,FBXL3,TRIM21,MYCBP2,SLC11A1,FBXL3,ADGRA2,BARX2,MMP11,FCGRT,FBXL3,FBXL3,CD74,FBXL3,FBXL3,CDON,FBXL3,DNAH5,FBXL3,FBXL3,TFAP4,FBXL3,FBXL3,GDI2,FBXL3,FBXL3,FBXL3,AK2,FBXL3,FBXL3,FBXL3,FBXL3,FBXL3,RARRES2,FBXL3,C5,FBXL3,FBXL3,FBXL3,IL17RB,FBXL3,FBXL3,FBXL3,SCIN,ADIPOR2,FBXL3,FBXL3,FBXL3,CD69,BIRC3,FBXL3,PTPRC,FBXL3,FBXL3,PHF7,FBXL3,FBXL3,FCGR2A,FBXL3,FBXL3,FBXL3,AIFM2,AGR2,FBXL3,SIGLEC1,FBXL3,FBXL3,FBXL3,FBXL3,INHBA,FBXL3,FBXL3,FBXL3,IDO1,AQR,FBXL3,FBXL3,CD44,FBXL3,TNFRSF12A,FBXL3,NFATC2,FBXL3,FBXL3,BTN3A3,FBXL3,FBXL3
ITGAL,CCL24,ITGAL,ITGA2B,ITGAL,RB1CC1,YBX2,IL17RB,ITGAL,IL20RA,ITGAL,TF,IL1A,CD276,ITGAL,SPP1,ITGA2B,IL32,ITGAL,C5,A2M,LILRA1,ICAM5,ITGAL,ITGAL,CD38,ITGAL,ITGAL,HSPA5,ITGAL,RIPOR1,ITGAL,ITGAL,ICAM4,ITGAL,ITGAL,ALAS1,ITGAL,ITGAL,ITGAL,FKBP4,ITGAL,ITGAL,ITGAL,ITGAL,ITGAL,AC004837.3,ITGAL,C6,ITGAL,ITGAL,ITGAL,SERPINB3,ITGAL,ITGAL,ITGAL,CD14,PRSS21,ITGAL,ITGAL,ITGAL,PROM1,TF,ITGAL,CD40,ITGAL,ITGAL,STAB1,ITGAL,ITGAL,LTBR,ITGAL,ITGAL,ITGAL,LILRB1,SERPINE1,ITGAL,MARCO,ITGAL,ITGAL,ITGAL,ITGAL,IL26,ITGAL,ITGAL,ITGAL,SEMA5B,IRAG1,ITGAL,ITGAL,SLAMF7,ITGAL,CD69,ITGAL,PTPRC,ITGAL,ITGAL,CA12,ITGAL,ITGAL
PDK2,SERPINB3,PDK2,CCL17,PDK2,ALAS1,MAP3K9,IL23A,PDK2,LTBP1,PDK2,ADIPOQ,IL1B,CSF3R,PDK2,CXCL2,ASB4,MARK4,PDK2,LRP6,BARX2,F13A1,CCR2,PDK2,PDK2,FCGR2B,PDK2,PDK2,IL20RA,PDK2,RAI14,PDK2,PDK2,ICAM5,PDK2,PDK2,PLAUR,PDK2,PDK2,PDK2,KDM1A,PDK2,PDK2,PDK2,PDK2,PDK2,AGR2,PDK2,SPPL2B,PDK2,PDK2,PDK2,SOAT1,PDK2,PDK2,PDK2,FTL,CEACAM21,PDK2,PDK2,PDK2,IL2,F7,PDK2,IL23A,PDK2,PDK2,FUZ,PDK2,PDK2,IL12RB2,PDK2,PDK2,PDK2,LAG3,SERPINB3,PDK2,IL20RA,PDK2,PDK2,PDK2,PDK2,EREG,PDK2,PDK2,PDK2,IL27RA,CLEC2B,PDK2,PDK2,BTN3A1,PDK2,ICAM3,PDK2,TFAP2B,PDK2,PDK2,CALCR,PDK2,PDK2
ITGA3,LTF,ITGA3,CD200,ITGA3,BIRC3,RALA,IL17C,ITGA3,NID1,ITGA3,SCT,CD1D,APOBEC3A,ITGA3,CCL1,PDK2,CCL2,ITGA3,IL17RB,ATP1A2,GCA,CD69,ITGA3,ITGA3,MPO,ITGA3,ITGA3,CLCA1,ITGA3,BEST2,ITGA3,ITGA3,LGALS1,ITGA3,ITGA3,ITIH4,ITGA3,ITGA3,ITGA3,RBM6,ITGA3,ITGA3,ITGA3,ITGA3,ITGA3,AHR,ITGA3,EBI3,ITGA3,ITGA3,ITGA3,SPPL2B,ITGA3,ITGA3,ITGA3,ST6GALNAC1,PAFAH1B1,ITGA3,ITGA3,ITGA3,SPTB,CD14,ITGA3,FCGRT,ITGA3,ITGA3,PRSS3,ITGA3,ITGA3,C1QTNF3,ITGA3,ITGA3,ITGA3,CD86,SERPINB1,ITGA3,TNFSF13B,ITGA3,ITGA3,ITGA3,ITGA3,TGFBI,ITGA3,ITGA3,ITGA3,SELL,CD209,ITGA3,ITGA3,IFNGR1,ITGA3,FCGR2B,ITGA3,UBE2D1,ITGA3,ITGA3,CCL26,ITGA3,ITGA3
ITGA2B,C3,ITGA2B,CCL20,ITGA2B,AKAP11,BAIAP2L1,IL17A,ITGA2B,AGR2,ITGA2B,CEACAM1,TNF,APOBEC3F,ITGA2B,KYNU,GDE1,NFATC2,ITGA2B,TNFRSF17,B4GALT1,TFEC,ITGAE,ITGA2B,ITGA2B,TF,ITGA2B,ITGA2B,CLCA4,ITGA2B,SPDL1,ITGA2B,ITGA2B,LGALS3,ITGA2B,ITGA2B,GCLM,ITGA2B,ITGA2B,ITGA2B,CAMKK1,ITGA2B,ITGA2B,ITGA2B,ITGA2B,ITGA2B,CHCHD3,ITGA2B,F7,ITGA2B,ITGA2B,ITGA2B,MPO,ITGA2B,ITGA2B,ITGA2B,IL20RA,NOS2,ITGA2B,ITGA2B,ITGA2B,AGR3,MSH2,ITGA2B,IFNG,ITGA2B,ITGA2B,ZNF200,ITGA2B,ITGA2B,SERPINA4,ITGA2B,ITGA2B,ITGA2B,SLAMF1,PTX3,ITGA2B,TNFSF12,ITGA2B,ITGA2B,ITGA2B,ITGA2B,CD70,ITGA2B,ITGA2B,ITGA2B,B4GALT1,LILRB5,ITGA2B,ITGA2B,POU2F2,ITGA2B,IL1RN,ITGA2B,AGR2,ITGA2B,ITGA2B,CEACAM1,ITGA2B,ITGA2B
ASB4,C6,ASB4,CXCL2,ASB4,STRAP,KDM7A,IL17F,ASB4,FCGR2B,ASB4,TGFB2,C1QTNF3,ABCF2,ASB4,ICAM3,REX1BD,CD84,ASB4,BTN3A3,BAK1,PTPRU,IL1RL2,ASB4,ASB4,C8B,ASB4,ASB4,TNFSF10,ASB4,SLC66A1,ASB4,ASB4,MMP25,ASB4,ASB4,AZU1,ASB4,ASB4,ASB4,RECQL,ASB4,ASB4,ASB4,ASB4,ASB4,GIMAP2,ASB4,F11,ASB4,ASB4,ASB4,PON1,ASB4,ASB4,ASB4,AOC3,KIAA0100,ASB4,ASB4,ASB4,TNIP3,SMARCD1,ASB4,KYNU,ASB4,ASB4,LRRC23,ASB4,ASB4,SLC10A1,ASB4,ASB4,ASB4,CTSB,FCN1,ASB4,LTF,ASB4,ASB4,ASB4,ASB4,WNT2,ASB4,ASB4,ASB4,BTN3A3,CLEC11A,ASB4,ASB4,BRD9,ASB4,PLA2G4A,ASB4,CCR7,ASB4,ASB4,CEACAM7,ASB4,ASB4
GDE1,C8B,GDE1,AFP,GDE1,ABCC2,ETV1,MMP25,GDE1,SERPINC1,GDE1,SLAMF7,TRAF1,ABCF3,GDE1,FCGRT,CRLF1,IL23A,GDE1,IL17A,BAIAP2L1,IL1R2,GHR,GDE1,GDE1,C3,GDE1,GDE1,PLA2G10,GDE1,RTN4R,GDE1,GDE1,TFPI,GDE1,GDE1,PLA2G10,GDE1,GDE1,GDE1,VPS50,GDE1,GDE1,GDE1,GDE1,GDE1,TMEM176B,GDE1,CXCL2,GDE1,GDE1,GDE1,GCFC2,GDE1,GDE1,GDE1,STAP1,SLC13A2,GDE1,GDE1,GDE1,C8B,PLAUR,GDE1,PLA2G4A,GDE1,GDE1,SCMH1,GDE1,GDE1,SEMG2,GDE1,GDE1,GDE1,IL17C,C8A,GDE1,LTB,GDE1,GDE1,GDE1,GDE1,ESR1,GDE1,GDE1,GDE1,FCER2,CLEC2D,GDE1,GDE1,ANK1,GDE1,RNASE7,GDE1,CCR6,GDE1,GDE1,CEACAM8,GDE1,GDE1
REX1BD,CD22,REX1BD,COL4A4,REX1BD,UBE3C,AGK,HSP90AB1,REX1BD,GCLM,REX1BD,IFIT1,SERPINB1,NLRP2,REX1BD,LILRB1,OSBPL7,RALA,REX1BD,CCL17,ATP1B3,FCER2,LPAR2,REX1BD,REX1BD,SERPINA1,REX1BD,REX1BD,ARG1,REX1BD,INPP4A,REX1BD,REX1BD,TFPI2,REX1BD,REX1BD,AGXT2,REX1BD,REX1BD,REX1BD,HSPB6,REX1BD,REX1BD,REX1BD,REX1BD,REX1BD,GLI3,REX1BD,SERPINC1,REX1BD,REX1BD,REX1BD,WDR54,REX1BD,REX1BD,REX1BD,FAS,CEACAM7,REX1BD,REX1BD,REX1BD,MMP8,TFAP2B,REX1BD,CD5L,REX1BD,REX1BD,FYN,REX1BD,REX1BD,ANGPT4,REX1BD,REX1BD,REX1BD,ARG1,MMP25,REX1BD,TNFSF10,REX1BD,REX1BD,REX1BD,REX1BD,CXCL12,REX1BD,REX1BD,REX1BD,ADAMTS2,MARCO,REX1BD,REX1BD,IBSP,REX1BD,TNFSF10,REX1BD,CD6,REX1BD,REX1BD,CEACAM21,REX1BD,REX1BD
CRLF1,SP140,CRLF1,TFRC,CRLF1,EHD2,ALDH3B1,IFNGR1,CRLF1,C8B,CRLF1,CD79A,F7,NLRP1,CRLF1,MMP9,MYCBP2,CCL7,CRLF1,CCR6,AASS,IFRD1,SLAMF8,CRLF1,CRLF1,SERPINA3,CRLF1,CRLF1,ASAH1,CRLF1,PSMA4,CRLF1,CRLF1,ANGPTL4,CRLF1,CRLF1,ADAM8,CRLF1,CRLF1,CRLF1,ARHGAP33,CRLF1,CRLF1,CRLF1,CRLF1,CRLF1,PSMA2,CRLF1,CD69,CRLF1,CRLF1,CRLF1,CROT,CRLF1,CRLF1,CRLF1,A2M,SCN4A,CRLF1,CRLF1,CRLF1,SCARB1,TNFRSF1A,CRLF1,CTSH,CRLF1,CRLF1,HIVEP2,CRLF1,CRLF1,HAMP,CRLF1,CRLF1,CRLF1,PRSS8,IL20RA,CRLF1,CD274,CRLF1,CRLF1,CRLF1,CRLF1,TG,CRLF1,CRLF1,CRLF1,C3,CD200,CRLF1,CRLF1,NUP160,CRLF1,CD209,CRLF1,CCL21,CRLF1,CRLF1,CFH,CRLF1,CRLF1
OSBPL7,IL11,OSBPL7,ALOX5,OSBPL7,DEPDC1,TTC22,MPO,OSBPL7,ITGA2B,OSBPL7,TRAF1,TRAF3IP2,NLRP4,OSBPL7,TRAF1,PDK2,IL17A,OSBPL7,TNFSF11,ASB4,SLC11A1,OSBPL5,OSBPL7,OSBPL7,SLCO1B3,OSBPL7,OSBPL7,IL11,OSBPL7,RIPOR3,OSBPL7,OSBPL7,PGLYRP1,OSBPL7,OSBPL7,NOS2,OSBPL7,OSBPL7,OSBPL7,NDUFAB1,OSBPL7,OSBPL7,OSBPL7,OSBPL7,OSBPL7,COA1,OSBPL7,MMP9,OSBPL7,OSBPL7,OSBPL7,ABCB4,OSBPL7,OSBPL7,OSBPL7,ALOX5,CACNA2D2,OSBPL7,OSBPL7,OSBPL7,INHBA,RHOBTB1,OSBPL7,CLEC11A,OSBPL7,OSBPL7,FMO1,OSBPL7,OSBPL7,SERPINC1,OSBPL7,OSBPL7,OSBPL7,SLAMF6,LY75,OSBPL7,LY75,OSBPL7,OSBPL7,OSBPL7,OSBPL7,SELE,OSBPL7,OSBPL7,OSBPL7,CTSS,LY75,OSBPL7,OSBPL7,BAK1,OSBPL7,CEACAM8,OSBPL7,CCR5,OSBPL7,OSBPL7,CFHR2,OSBPL7,OSBPL7
TMEM98,C3orf18,TMEM98,CALCOCO1,TMEM98,PHF20,PHTF2,IFNG,TMEM98,CCL22,TMEM98,IL6,SOAT2,NLRC4,TMEM98,FCGR2B,FBXL3,TNFSF4,TMEM98,BIRC3,BEST2,LTF,ADGRA2,TMEM98,TMEM98,ADAMTS2,TMEM98,TMEM98,MYO3A,TMEM98,AIFM2,TMEM98,TMEM98,FCGRT,TMEM98,TMEM98,SAA1,TMEM98,TMEM98,TMEM98,PDK4,TMEM98,TMEM98,TMEM98,TMEM98,TMEM98,BLVRA,TMEM98,OSBPL5,TMEM98,TMEM98,TMEM98,KMT2E,TMEM98,TMEM98,TMEM98,ADAM28,SELE,TMEM98,TMEM98,TMEM98,ELP1,IL12RB2,TMEM98,IGSF9,TMEM98,TMEM98,ELOA,TMEM98,TMEM98,ADAM7,TMEM98,TMEM98,TMEM98,LYVE1,RETN,TMEM98,ITGAL,TMEM98,TMEM98,TMEM98,TMEM98,ICAM3,TMEM98,TMEM98,TMEM98,SERPINA4,NCF4,TMEM98,TMEM98,IKZF2,TMEM98,PTPRC,TMEM98,LMO2,TMEM98,TMEM98,CHI3L2,TMEM98,TMEM98
YBX2,KYNU,YBX2,SERPINC1,YBX2,HSD17B6,CCL26,TFPI,YBX2,LYZ,YBX2,IL10RA,TRAF4,IL5,YBX2,HLA-A,ITGAL,RHOBTB2,YBX2,IRF1,BTNL8,IL17F,NME1-NME2,YBX2,YBX2,LTBP1,YBX2,YBX2,WAC,YBX2,MED17,YBX2,YBX2,LBP,YBX2,YBX2,HGFAC,YBX2,YBX2,YBX2,SLC22A16,YBX2,YBX2,YBX2,YBX2,YBX2,URGCP,YBX2,CTSG,YBX2,YBX2,YBX2,RHBDD2,YBX2,YBX2,YBX2,SELE,FMO3,YBX2,YBX2,YBX2,IL6ST,CAMK2B,YBX2,SCT,YBX2,YBX2,CLCN6,YBX2,YBX2,LY75,YBX2,YBX2,YBX2,TNFRSF12A,CLEC4A,YBX2,ITGA3,YBX2,YBX2,YBX2,YBX2,FN1,YBX2,YBX2,YBX2,TREML2,H2AZ2,YBX2,YBX2,ARHGAP31,YBX2,SCT,YBX2,IRAK3,YBX2,YBX2,CLCA1,YBX2,YBX2
KRT33A,LY75,KRT33A,HAMP,KRT33A,NCAPH2,FARP2,TGFB2,KRT33A,IGSF21,KRT33A,CCL17,SOAT1,IL4,KRT33A,PTPRU,ITGA3,GNAI3,KRT33A,BIRC2,BAG1,F7,RALA,KRT33A,KRT33A,IFNGR1,KRT33A,KRT33A,CRISP3,KRT33A,USH2A,KRT33A,KRT33A,GCLM,KRT33A,KRT33A,PTPN3,KRT33A,KRT33A,KRT33A,ZMYND10,KRT33A,KRT33A,KRT33A,KRT33A,KRT33A,TMEM248,KRT33A,CPA1,KRT33A,KRT33A,KRT33A,SOX8,KRT33A,KRT33A,KRT33A,AHRR,E2F2,KRT33A,KRT33A,KRT33A,IL12A,SERPINB1,KRT33A,OSM,KRT33A,KRT33A,MRC2,KRT33A,KRT33A,MMP15,KRT33A,KRT33A,KRT33A,VEGFA,APOBEC3A,KRT33A,ITGA2B,KRT33A,KRT33A,KRT33A,KRT33A,SPTB,KRT33A,KRT33A,KRT33A,NLRP1,CD160,KRT33A,KRT33A,ABCF2,KRT33A,TNFAIP3,KRT33A,CCR2,KRT33A,KRT33A,CLCA4,KRT33A,KRT33A
MAP3K14,LILRB1,MAP3K14,CCL1,MAP3K14,RTEL1-TNFRSF6B,USH1C,TRAF3,MAP3K14,RHOB,MAP3K14,PGLYRP2,PRDM1,ABCC8,MAP3K14,LILRA1,ITGA2B,AGK,MAP3K14,LYVE1,ANK1,CD5L,TF,MAP3K14,MAP3K14,B4GALT7,MAP3K14,MAP3K14,PTGS2,MAP3K14,TG,MAP3K14,MAP3K14,MYDGF,MAP3K14,MAP3K14,ADNP,MAP3K14,MAP3K14,MAP3K14,ABCB5,MAP3K14,MAP3K14,MAP3K14,MAP3K14,MAP3K14,STAG3L4,MAP3K14,AZU1,MAP3K14,MAP3K14,MAP3K14,ZNF195,MAP3K14,MAP3K14,MAP3K14,CASP8,PSMB1,MAP3K14,MAP3K14,MAP3K14,MMP3,PTPRU,MAP3K14,NGDN,MAP3K14,MAP3K14,NME1-NME2,MAP3K14,MAP3K14,CEACAM7,MAP3K14,MAP3K14,MAP3K14,AGPAT4,GZMB,MAP3K14,ITGAE,MAP3K14,MAP3K14,MAP3K14,MAP3K14,FCGR3B,MAP3K14,MAP3K14,MAP3K14,MMP9,LTBP1,MAP3K14,MAP3K14,FUT8,MAP3K14,MMP2,MAP3K14,STAB1,MAP3K14,MAP3K14,CMA1,MAP3K14,MAP3K14
ABCC8,IL17A,ABCC8,CCL7,ABCC8,SLAMF7,GGCT,CASP1,ABCC8,PLA2G2D,ABCC8,MMP2,IRAK3,ABCC6,ABCC8,HAMP,CRLF1,CXCL12,ABCC8,SERPINA1,CAMK1G,BPI,SERPINA4,ABCC8,ABCC8,LGALS1,ABCC8,ABCC8,GSTO2,ABCC8,BARX2,ABCC8,ABCC8,C8A,ABCC8,ABCC8,SEMA3A,ABCC8,ABCC8,ABCC8,SLC25A13,ABCC8,ABCC8,ABCC8,ABCC8,ABCC8,RHEB,ABCC8,CEACAM8,ABCC8,ABCC8,ABCC8,MYCBP2,ABCC8,ABCC8,ABCC8,CCL26,TFAP2B,ABCC8,ABCC8,ABCC8,ELAC2,HSPA8,ABCC8,FCGR3B,ABCC8,ABCC8,TSPAN9,ABCC8,ABCC8,CTSG,ABCC8,ABCC8,ABCC8,GAB2,IRAK3,ABCC8,ITGA7,ABCC8,ABCC8,ABCC8,ABCC8,IL17C,ABCC8,ABCC8,ABCC8,NLRC4,FCGR3B,ABCC8,ABCC8,PIAS1,ABCC8,C3,ABCC8,CD27,ABCC8,ABCC8,CNFN,ABCC8,ABCC8
CACNG3,IL17F,CACNG3,CCL8,CACNG3,BTN3A1,DBF4,TFEC,CACNG3,CTSD,CACNG3,CD6,CD33,ABCC1,CACNG3,CTNNAL1,OSBPL7,F3,CACNG3,AGR3,CAMK2A,IFNG,LAMA1,CACNG3,CACNG3,SLAMF7,CACNG3,CACNG3,HNRNPL,CACNG3,ZIC2,CACNG3,CACNG3,C1QB,CACNG3,CACNG3,RELT,CACNG3,CACNG3,CACNG3,ST7,CACNG3,CACNG3,CACNG3,CACNG3,CACNG3,PRKAG2,CACNG3,ADAM7,CACNG3,CACNG3,CACNG3,FBXL3,CACNG3,CACNG3,CACNG3,LY75,TFAP2D,CACNG3,CACNG3,CACNG3,PROM2,RHBDF1,CACNG3,IL1RL2,CACNG3,CACNG3,APBA3,CACNG3,CACNG3,IRAK3,CACNG3,CACNG3,CACNG3,AOC3,IL1RL1,CACNG3,ITGA6,CACNG3,CACNG3,CACNG3,CACNG3,IL37,CACNG3,CACNG3,CACNG3,IL1RL1,RNASE2,CACNG3,CACNG3,ASTE1,CACNG3,SPTB,CACNG3,CD68,CACNG3,CACNG3,CPA1,CACNG3,CACNG3
TMEM132A,F7,TMEM132A,ICAM1,TMEM132A,IFNGR1,TBXA2R,IL26,TMEM132A,ALOX12,TMEM132A,FCGR2B,LGALS1,ABCC2,TMEM132A,WNT8B,TMEM98,PDK2,TMEM132A,CDON,CASP1,CD44,TYK2,TMEM132A,TMEM132A,TF,TMEM132A,TMEM132A,IRAK3,TMEM132A,ADRB1,TMEM132A,TMEM132A,FCGR2A,TMEM132A,TMEM132A,LAMC2,TMEM132A,TMEM132A,TMEM132A,CDC27,TMEM132A,TMEM132A,TMEM132A,TMEM132A,TMEM132A,AEBP1,TMEM132A,CXCL1,TMEM132A,TMEM132A,TMEM132A,ITGAL,TMEM132A,TMEM132A,TMEM132A,IL23A,ADAM22,TMEM132A,TMEM132A,TMEM132A,CD79A,CD74,TMEM132A,TFRC,TMEM132A,TMEM132A,MKS1,TMEM132A,TMEM132A,MPO,TMEM132A,TMEM132A,TMEM132A,AOC2,IL1RL2,TMEM132A,ITGB5,TMEM132A,TMEM132A,TMEM132A,TMEM132A,BPI,TMEM132A,TMEM132A,TMEM132A,IL1RL2,RNASE7,TMEM132A,TMEM132A,GABARAPL2,TMEM132A,CD22,TMEM132A,ITGA6,TMEM132A,TMEM132A,CPB2,TMEM132A,TMEM132A
AP2B1,TNFSF13B,AP2B1,ICAM3,AP2B1,B4GALT7,IFRD1,GCLM,AP2B1,ENG,AP2B1,SLAMF1,ICAM3,ABCC4,AP2B1,ZNF638,YBX2,TFEC,AP2B1,IL37,CAMK2B,ICAM3,PLEKHB1,AP2B1,AP2B1,CD4,AP2B1,AP2B1,SERPINB12,AP2B1,GUCA2B,AP2B1,AP2B1,BTN3A1,AP2B1,AP2B1,IL8,AP2B1,AP2B1,AP2B1,SLC4A1,AP2B1,AP2B1,AP2B1,AP2B1,AP2B1,POLD2,AP2B1,CD5L,AP2B1,AP2B1,AP2B1,PDK2,AP2B1,AP2B1,AP2B1,LGALS1,CYB561,AP2B1,AP2B1,AP2B1,UPP2,CAMK1G,AP2B1,APOA1,AP2B1,AP2B1,AKAP8L,AP2B1,AP2B1,IGHG1,AP2B1,AP2B1,AP2B1,PRF1,IL17A,AP2B1,ITGB6,AP2B1,AP2B1,AP2B1,AP2B1,MMP2,AP2B1,AP2B1,AP2B1,PLA2G15,RNASE10,AP2B1,AP2B1,MYOC,AP2B1,PIM1,AP2B1,FCER2,AP2B1,AP2B1,CRP,AP2B1,AP2B1
TAC1,IL33,TAC1,ICAM4,TAC1,VEZT,COX10,MMP2,TAC1,TF,TAC1,CX3CL1,CD209,ABCC3,TAC1,SLC25A40,KRT33A,SERPINB3,TAC1,TYRO3,CAMKK1,ICAM5,TIMP2,TAC1,TAC1,CD6,TAC1,TAC1,FCGR1A,TAC1,EPHA3,TAC1,TAC1,CST7,TAC1,TAC1,CEACAM1,TAC1,TAC1,TAC1,CALCR,TAC1,TAC1,TAC1,TAC1,TAC1,MYL7,TAC1,CCL8,TAC1,TAC1,TAC1,ITGA3,TAC1,TAC1,TAC1,ALDH3A1,AASS,TAC1,TAC1,TAC1,SERPINB3,RHOA,TAC1,SAA4,TAC1,TAC1,MBTD1,TAC1,TAC1,CEACAM8,TAC1,TAC1,TAC1,MMP25,IL17F,TAC1,ITGB7,TAC1,TAC1,TAC1,TAC1,ELN,TAC1,TAC1,TAC1,PLA2G2D,RNASE11,TAC1,TAC1,VCL,TAC1,ADAM22,TAC1,CEACAM1,TAC1,TAC1,CRTAP,TAC1,TAC1
ZNF263,NLRP1,ZNF263,ICAM5,ZNF263,TNFRSF1B,GTF2IRD1,FCGRT,ZNF263,ASPN,ZNF263,SEMA3A,GZMH,CCR6,ZNF263,TIMM21,MAP3K14,CCL22,ZNF263,CD79A,ARHGAP1,CSTA,AGR2,ZNF263,ZNF263,HFE,ZNF263,ZNF263,FGL1,ZNF263,HSPA5,ZNF263,ZNF263,HLA-DQA1,ZNF263,ZNF263,IL1B,ZNF263,ZNF263,ZNF263,DVL2,ZNF263,ZNF263,ZNF263,ZNF263,ZNF263,GCK,ZNF263,CCL1,ZNF263,ZNF263,ZNF263,ITGA2B,ZNF263,ZNF263,ZNF263,GUCY2C,PGLYRP1,ZNF263,ZNF263,ZNF263,HSPA5,HDAC4,ZNF263,CLEC4M,ZNF263,ZNF263,UTP18,ZNF263,ZNF263,CRISP3,ZNF263,ZNF263,ZNF263,SERPINA1,NLRP1,ZNF263,ITGB8,ZNF263,ZNF263,ZNF263,ZNF263,TGFB3,ZNF263,ZNF263,ZNF263,PLA2G4A,LY96,ZNF263,ZNF263,DAPK2,ZNF263,E2F2,ZNF263,TFAP4,ZNF263,ZNF263,CTSB,ZNF263,ZNF263
CX3CL1,LILRA1,CX3CL1,LGALS1,CX3CL1,FGF10,PAF1,LTF,CX3CL1,ALAS1,CX3CL1,TNFRSF1A,CD160,CCR2,CX3CL1,ADD2,ABCC8,LY75,CX3CL1,LTF,BAX,ITIH1,HGF,CX3CL1,CX3CL1,SERPINC1,CX3CL1,CX3CL1,CGB2,CX3CL1,DSG2,CX3CL1,CX3CL1,C1QA,CX3CL1,CX3CL1,PRSS3,CX3CL1,CX3CL1,CX3CL1,PRSS22,CX3CL1,CX3CL1,CX3CL1,CX3CL1,CX3CL1,BCL7B,CX3CL1,LILRB5,CX3CL1,CX3CL1,CX3CL1,ASB4,CX3CL1,CX3CL1,CX3CL1,CTSB,MPO,CX3CL1,CX3CL1,CX3CL1,LAMA3,HSP90AB1,CX3CL1,ABCC2,CX3CL1,CX3CL1,TTC19,CX3CL1,CX3CL1,PLA2G10,CX3CL1,CX3CL1,CX3CL1,SERPINC1,TF,CX3CL1,SPTB,CX3CL1,CX3CL1,CX3CL1,CX3CL1,CD40,CX3CL1,CX3CL1,CX3CL1,FCGR1A,AGR2,CX3CL1,CX3CL1,STAP1,CX3CL1,CASP10,CX3CL1,PRF1P2,CX3CL1,CX3CL1,CST3,CX3CL1,CX3CL1
SPATA20,IL12B,SPATA20,MSR1,SPATA20,ASTE1,VPS41,LTF,SPATA20,IL11,SPATA20,TNFSF10,PROCR,SNCAIP,SPATA20,FGF4,CACNG3,RUNX3,SPATA20,C3orf14,ARL1,MMP2,MRE11,SPATA20,SPATA20,IGSF9,SPATA20,SPATA20,CGB3,SPATA20,PREX2,SPATA20,SPATA20,IGF1,SPATA20,SPATA20,HP,SPATA20,SPATA20,SPATA20,UPF1,SPATA20,SPATA20,SPATA20,SPATA20,SPATA20,YKT6,SPATA20,CCL17,SPATA20,SPATA20,SPATA20,GDE1,SPATA20,SPATA20,SPATA20,GCKR,PON1,SPATA20,SPATA20,SPATA20,FSTL3,NLRP2,SPATA20,TNFAIP1,SPATA20,SPATA20,PTBP1,SPATA20,SPATA20,LTBP1,SPATA20,SPATA20,SPATA20,OSM,C5orf22,SPATA20,ACTN1,SPATA20,SPATA20,SPATA20,SPATA20,LAG3,SPATA20,SPATA20,SPATA20,IL2RB,BTN3A1,SPATA20,SPATA20,TIMP2,SPATA20,CD33,SPATA20,ITGA8,SPATA20,SPATA20,CST4,SPATA20,SPATA20
CACNA1G,TNFSF13,CACNA1G,SLC7A14,CACNA1G,PEX3,ARHGAP44,IL2,CACNA1G,CPS1,CACNA1G,SERPINE1,CYB5R4,FMO3,CACNA1G,RASAL2,TMEM132A,TRAF3IP3,CACNA1G,ITGA3,ARL2BP,AZU1,LTBP4,CACNA1G,CACNA1G,SELE,CACNA1G,CACNA1G,CCL17,CACNA1G,YTHDC2,CACNA1G,CACNA1G,IL20RA,CACNA1G,CACNA1G,LYPD1,CACNA1G,CACNA1G,CACNA1G,SKAP2,CACNA1G,CACNA1G,CACNA1G,CACNA1G,CACNA1G,TBL2,CACNA1G,IL1A,CACNA1G,CACNA1G,CACNA1G,REX1BD,CACNA1G,CACNA1G,CACNA1G,TFAP4,RHBDD2,CACNA1G,CACNA1G,CACNA1G,TNFRSF1A,TNFRSF17,CACNA1G,IGFBP2,CACNA1G,CACNA1G,DPF1,CACNA1G,CACNA1G,A2M,CACNA1G,CACNA1G,CACNA1G,SPP1,SERPINA4,CACNA1G,ACTN2,CACNA1G,CACNA1G,CACNA1G,CACNA1G,ITGAL,CACNA1G,CACNA1G,CACNA1G,IL1A,SLAMF1,CACNA1G,CACNA1G,RFC1,CACNA1G,TF,CACNA1G,IL2RB,CACNA1G,CACNA1G,CST7,CACNA1G,CACNA1G
TNFRSF12A,MMP25,TNFRSF12A,IL1R2,TNFRSF12A,GABARAPL2,ELAC2,ANGPT2,TNFRSF12A,C8A,TNFRSF12A,PTPRC,SERPINA4,FMO1,TNFRSF12A,VPS9D1,AP2B1,TNIP3,TNFRSF12A,IL11,ASAH1,CEBPB,ANGPT2,TNFRSF12A,TNFRSF12A,SPP1,TNFRSF12A,TNFRSF12A,CCL22,TNFRSF12A,ATP6V1H,TNFRSF12A,TNFRSF12A,CLCA1,TNFRSF12A,TNFRSF12A,CXCL1,TNFRSF12A,TNFRSF12A,TNFRSF12A,MCUB,TNFRSF12A,TNFRSF12A,TNFRSF12A,TNFRSF12A,TNFRSF12A,GALNTL5,TNFRSF12A,CD5,TNFRSF12A,TNFRSF12A,TNFRSF12A,CRLF1,TNFRSF12A,TNFRSF12A,TNFRSF12A,MTA3,SOX8,TNFRSF12A,TNFRSF12A,TNFRSF12A,IL27RA,GBA2,TNFRSF12A,ITIH1,TNFRSF12A,TNFRSF12A,SYT7,TNFRSF12A,TNFRSF12A,FNDC3B,TNFRSF12A,TNFRSF12A,TNFRSF12A,MMP8,ITGB5,TNFRSF12A,ACTN4,TNFRSF12A,TNFRSF12A,TNFRSF12A,TNFRSF12A,SERPINB1,TNFRSF12A,TNFRSF12A,TNFRSF12A,IL12A,CD5L,TNFRSF12A,TNFRSF12A,CUL3,TNFRSF12A,F7,TNFRSF12A,CEACAM7,TNFRSF12A,TNFRSF12A,CYBA,TNFRSF12A,TNFRSF12A
DLX6,IL2,DLX6,ITGAL,DLX6,FAM136A,SCIN,IL12B,DLX6,FMO3,DLX6,SEMA3C,SELP,FMO2,DLX6,ZNF37A,ZNF263,ADIPOR2,DLX6,ICAM1,ARPC1B,PLEKHH1,RCN1,DLX6,DLX6,HGF,DLX6,DLX6,SAA1,DLX6,POLR2B,DLX6,DLX6,CLCA4,DLX6,DLX6,CDH1,DLX6,DLX6,DLX6,HOXA11,DLX6,DLX6,DLX6,DLX6,DLX6,CLIP2,DLX6,LILRB1,DLX6,DLX6,DLX6,OSBPL7,DLX6,DLX6,DLX6,IL6ST,ITGAL,DLX6,DLX6,DLX6,CD44,ASNS,DLX6,CD163,DLX6,DLX6,PIK3C2A,DLX6,DLX6,GHR,DLX6,DLX6,DLX6,FCGR3A,ANGPT4,DLX6,ACTR5,DLX6,DLX6,DLX6,DLX6,MMP15,DLX6,DLX6,DLX6,IL17A,GZMB,DLX6,DLX6,MYOM2,DLX6,TFEC,DLX6,ADAM8,DLX6,DLX6,CYBRD1,DLX6,DLX6
MAP3K9,PKD1,MAP3K9,TNNC1,MAP3K9,TIMP2,MYH13,IL10,MAP3K9,ITGAE,MAP3K9,TNFSRF17,PGLYRP1,IFIT2,MAP3K9,MARK3,TAC1,EBI3,MAP3K9,FCGR3B,ARF5,SREBF1,ITIH4,MAP3K9,MAP3K9,AGR2,MAP3K9,MAP3K9,HAMP,MAP3K9,ARAP2,MAP3K9,MAP3K9,OSM,MAP3K9,MAP3K9,CD6,MAP3K9,MAP3K9,MAP3K9,POLR2J,MAP3K9,MAP3K9,MAP3K9,MAP3K9,MAP3K9,EIF4H,MAP3K9,SIGLEC10,MAP3K9,MAP3K9,MAP3K9,TMEM98,MAP3K9,MAP3K9,MAP3K9,FCGR3B,ITGA3,MAP3K9,MAP3K9,MAP3K9,SERPINA4,ABCC6,MAP3K9,ITGB5,MAP3K9,MAP3K9,PLAUR,MAP3K9,MAP3K9,SERPINB1,MAP3K9,MAP3K9,MAP3K9,IFIT3,F11,MAP3K9,ACTB,MAP3K9,MAP3K9,MAP3K9,MAP3K9,CCL20,MAP3K9,MAP3K9,MAP3K9,IL17F,TRAF1,MAP3K9,MAP3K9,CYP46A1,MAP3K9,IL2RB,MAP3K9,CD5L,MAP3K9,MAP3K9,DCN,MAP3K9,MAP3K9
RALA,TF,RALA,ADGRE1,RALA,CUL3,ADIPOR2,CASP8,RALA,SERPINB6,RALA,TNFSF12,NLRP1,TFAP2B,RALA,SLC25A3,USH1C,PDK4,RALA,KYNU,ARHGAP15,MAP3K1,ICAM4,RALA,RALA,IL2RA,RALA,RALA,SP1,RALA,KATNIP,RALA,RALA,LIF,RALA,RALA,TF,RALA,RALA,RALA,DHX33,RALA,RALA,RALA,RALA,RALA,LIMK1,RALA,ITGA6,RALA,RALA,RALA,YBX2,RALA,RALA,RALA,KYNU,ITGA2B,RALA,RALA,RALA,A2M,FMO3,RALA,SERPINE2,RALA,RALA,ANLN,RALA,RALA,TF,RALA,RALA,RALA,SERPINA3,ZDHHC6,RALA,ACTA2,RALA,RALA,RALA,RALA,AREG,RALA,RALA,RALA,SAA2,TAP1,RALA,RALA,CASR,RALA,IFNG,RALA,CLEC2D,RALA,RALA,DEFB1,RALA,RALA
BAIAP2L1,AGR3,BAIAP2L1,SERPINE1,BAIAP2L1,MYOM2,CDKL3,NLRP2,BAIAP2L1,ADAMTS6,BAIAP2L1,IL1R2,LYZ,TFAP2D,BAIAP2L1,FNDC3B,GGCT,TFRC,BAIAP2L1,ICAM3,ARNT,TNFSF13B,RUNX1T1,BAIAP2L1,BAIAP2L1,LYZ,BAIAP2L1,BAIAP2L1,DEFB127,BAIAP2L1,FAM184B,BAIAP2L1,BAIAP2L1,HGF,BAIAP2L1,BAIAP2L1,IL6,BAIAP2L1,BAIAP2L1,BAIAP2L1,MEOX1,BAIAP2L1,BAIAP2L1,BAIAP2L1,BAIAP2L1,BAIAP2L1,SPATA6L,BAIAP2L1,RAPGEF4,BAIAP2L1,BAIAP2L1,BAIAP2L1,ABCC8,BAIAP2L1,BAIAP2L1,BAIAP2L1,IFRD1,CRLF1,BAIAP2L1,BAIAP2L1,BAIAP2L1,LTBP4,IL17A,BAIAP2L1,APOL1,BAIAP2L1,BAIAP2L1,WIZ,BAIAP2L1,BAIAP2L1,SAA1,BAIAP2L1,BAIAP2L1,BAIAP2L1,ADAM28,ALAS1,BAIAP2L1,ACTR3,BAIAP2L1,BAIAP2L1,BAIAP2L1,BAIAP2L1,ITGAE,BAIAP2L1,BAIAP2L1,BAIAP2L1,CD14,PRF1,BAIAP2L1,BAIAP2L1,LILRB1,BAIAP2L1,SERPINB1,BAIAP2L1,CTSB,BAIAP2L1,BAIAP2L1,EFNA2,BAIAP2L1,BAIAP2L1
KDM7A,MMP15,KDM7A,ANXA5,KDM7A,CYP46A1,UPP2,NLRP1,KDM7A,IFNGR1,KDM7A,CD3D,IRAG1,IL23A,KDM7A,FOSL2,TBXA2R,C8A,KDM7A,TFRC,ASNS,NIN,ADGRF5,KDM7A,KDM7A,LY75,KDM7A,KDM7A,IL5RA,KDM7A,MAP4,KDM7A,KDM7A,ADIPOR2,KDM7A,KDM7A,GCLM,KDM7A,KDM7A,KDM7A,THSD7A,KDM7A,KDM7A,KDM7A,KDM7A,KDM7A,SLC1A1,KDM7A,C1QTNF3,KDM7A,KDM7A,KDM7A,MAP3K14,KDM7A,KDM7A,KDM7A,CPA1,ABCC8,KDM7A,KDM7A,KDM7A,CD6,ARG2,KDM7A,ADGRL1,KDM7A,KDM7A,RABGAP1,KDM7A,KDM7A,IL12A,KDM7A,KDM7A,KDM7A,HMOX1,ALDH18A1,KDM7A,ACTG1,KDM7A,KDM7A,KDM7A,KDM7A,GAB2,KDM7A,KDM7A,KDM7A,FMO3,AGPAT4,KDM7A,KDM7A,LILRA1,KDM7A,SERPINB3,KDM7A,CD40,KDM7A,KDM7A,ELN,KDM7A,KDM7A
ETV1,TNFRSF1A,ETV1,ANXA1,ETV1,CASR,PRSS21,AGER,ETV1,TIMP3,ETV1,CD3E,IL18R1,CTSD,ETV1,CACNG5,COX10,VEGFA,ETV1,PLA2G15,ADAP1,LGALS2,PROM1,ETV1,ETV1,CD79B,ETV1,ETV1,CMA1,ETV1,GOPC,ETV1,ETV1,CEBPE,ETV1,ETV1,OSM,ETV1,ETV1,ETV1,LIG3,ETV1,ETV1,ETV1,ETV1,ETV1,LHX2,ETV1,IGFBP2,ETV1,ETV1,ETV1,CACNG3,ETV1,ETV1,ETV1,GP6,ABCB5,ETV1,ETV1,ETV1,SPP1,TNFRSF1B,ETV1,HSPA8,ETV1,ETV1,DCN,ETV1,ETV1,SEMA3F,ETV1,ETV1,ETV1,LILRA1,AOC1,ETV1,ACTL6B,ETV1,ETV1,ETV1,ETV1,EPHA3,ETV1,ETV1,ETV1,FCGR2B,LGALS3BP,ETV1,ETV1,C19orf53,ETV1,SERPINE1,ETV1,IKZF2,ETV1,ETV1,FCGR2B,ETV1,ETV1
AGK,FAS,AGK,IL1RL1,AGK,TUBG2,MARK4,ICAM1,AGK,TNFRSF1A,AGK,CD14,IL18RAP,FCER2,AGK,CACNG4,GTF2IRD1,SLC7A2,AGK,LILRB5,BAD,ADAM28,OSM,AGK,AGK,ASGR1,AGK,AGK,ADAMTS2,AGK,ROS1,AGK,AGK,TNFRSF1B,AGK,AGK,CD74,AGK,AGK,AGK,RPAP3,AGK,AGK,AGK,AGK,AGK,FKTN,AGK,ALDH3B1,AGK,AGK,AGK,TMEM132A,AGK,AGK,AGK,IFIT3,SLC4A1,AGK,AGK,AGK,ADAMTS6,ADAM9,AGK,SULT2A1,AGK,AGK,QPCTL,AGK,AGK,TNFRSF12A,AGK,AGK,AGK,MMP11,AOC3,AGK,ACTL8,AGK,AGK,AGK,AGK,MPO,AGK,AGK,AGK,GPRC5D,GP6,AGK,AGK,TNNT1,AGK,TRAF1,AGK,GZMA,AGK,AGK,FCN1,AGK,AGK
ALDH3B1,IL36G,ALDH3B1,IL17C,ALDH3B1,FLT4,PROM1,SPP1,ALDH3B1,CD4,ALDH3B1,MS4A1,AASS,PRF1,ALDH3B1,FRYL,PAF1,IL20,ALDH3B1,MIPEP,BIRC2,IFITM3,TRAF5,ALDH3B1,ALDH3B1,MRC2,ALDH3B1,ALDH3B1,GZMB,ALDH3B1,USP28,ALDH3B1,ALDH3B1,LTBR,ALDH3B1,ALDH3B1,IGF1,ALDH3B1,ALDH3B1,ALDH3B1,ACSM3,ALDH3B1,ALDH3B1,ALDH3B1,ALDH3B1,ALDH3B1,FSD1L,ALDH3B1,RHBDF1,ALDH3B1,ALDH3B1,ALDH3B1,AP2B1,ALDH3B1,ALDH3B1,ALDH3B1,IL18R1,CALCR,ALDH3B1,ALDH3B1,ALDH3B1,SAA4,FGF21,ALDH3B1,ANXA1,ALDH3B1,ALDH3B1,PPP5C,ALDH3B1,ALDH3B1,GP6,ALDH3B1,ALDH3B1,ALDH3B1,IL18BP,LIG3,ALDH3B1,SPRR1A,ALDH3B1,ALDH3B1,ALDH3B1,ALDH3B1,FUCA2,ALDH3B1,ALDH3B1,ALDH3B1,ITGAL,MIPEP,ALDH3B1,ALDH3B1,VRK3,ALDH3B1,TRAF5,ALDH3B1,CAMK2A,ALDH3B1,ALDH3B1,GABRA1,ALDH3B1,ALDH3B1
TTC22,IL36RN,TTC22,LILRA1,TTC22,FBXO42,CCDC124,LGALS2,TTC22,C1QTNF3,TTC22,ITGAL,SPP2,PKP2,TTC22,TMEM131,VPS41,TNFRSF12A,TTC22,CD44,CAMKK2,CCL24,IL7,TTC22,TTC22,GCKR,TTC22,TTC22,GZMH,TTC22,LTF,TTC22,TTC22,NLRP1,TTC22,TTC22,TGFB1,TTC22,TTC22,TTC22,REXO5,TTC22,TTC22,TTC22,TTC22,TTC22,CNTNAP3,TTC22,LTBR,TTC22,TTC22,TTC22,TAC1,TTC22,TTC22,TTC22,OSBPL5,UPF1,TTC22,TTC22,TTC22,NFIX,ABCA1,TTC22,IL1A,TTC22,TTC22,MAP4K3,TTC22,TTC22,ADAM28,TTC22,TTC22,TTC22,SEMA5B,SLC7A2,TTC22,LYZ,TTC22,TTC22,TTC22,TTC22,GCLC,TTC22,TTC22,TTC22,HGF,CEACAM1,TTC22,TTC22,MED26,TTC22,TRAF4,TTC22,LAG1,TTC22,TTC22,GAL,TTC22,TTC22
PHTF2,ICAM2,PHTF2,CCR2,PHTF2,MFAP3,CEACAM21,MMP9,PHTF2,C5,PHTF2,CLEC4M,CYLD,C8B,PHTF2,FSCN1,ARHGAP44,CCL26,PHTF2,MPO,CCDC88A,CISH,ASAH1,PHTF2,PHTF2,CEACAM1,PHTF2,PHTF2,S100A8,PHTF2,EXTL3,PHTF2,PHTF2,LTF,PHTF2,PHTF2,FAS,PHTF2,PHTF2,PHTF2,CIAPIN1,PHTF2,PHTF2,PHTF2,PHTF2,PHTF2,SPIN1,PHTF2,C3,PHTF2,PHTF2,PHTF2,ZNF263,PHTF2,PHTF2,PHTF2,MMP2,MCUB,PHTF2,PHTF2,PHTF2,AASS,TYMP,PHTF2,CD200,PHTF2,PHTF2,ZBTB32,PHTF2,PHTF2,ADAM22,PHTF2,PHTF2,PHTF2,IL1A,AASS,PHTF2,MYH13,PHTF2,PHTF2,PHTF2,PHTF2,SEMA3F,PHTF2,PHTF2,PHTF2,FCGR2A,IL17A,PHTF2,PHTF2,OLFM2,PHTF2,TRAF3IP2,PHTF2,LILRB1,PHTF2,PHTF2,GALC,PHTF2,PHTF2
CCL26,IL1RL1,CCL26,CD274,CCL26,AGA,PAFAH1B1,TFEC,CCL26,FCGRT,CCL26,HSP90AA1,ADAM22,NOS2,CCL26,ACTB,ELAC2,TFAP2B,CCL26,SERPINB1,CD33,GZMA,IL1RL1,CCL26,CCL26,GCKR,CCL26,CCL26,S100A9,CCL26,NR1H4,CCL26,CCL26,CD5L,CCL26,CCL26,LGALS3BP,CCL26,CCL26,CCL26,SPPL2B,CCL26,CCL26,CCL26,CCL26,CCL26,NMRK1,CCL26,C3P1,CCL26,CCL26,CCL26,CX3CL1,CCL26,CCL26,CCL26,CCL1,LIG3,CCL26,CCL26,CCL26,CLU,RNASET2,CCL26,CD69,CCL26,CCL26,TYROBP,CCL26,CCL26,PLEKHO1,CCL26,CCL26,CCL26,LTBR,GCFC2,CCL26,MYH16,CCL26,CCL26,CCL26,CCL26,HS3ST1,CCL26,CCL26,CCL26,IL7,IL17F,CCL26,CCL26,ILVBL,CCL26,TRAF1,CCL26,MMP13,CCL26,CCL26,GCKR,CCL26,CCL26
FARP2,IL36B,FARP2,SIGLEC1,FARP2,PI4K2B,DNAH9,TF,FARP2,BTN3A1,FARP2,CD37,MSH4,IL18,FARP2,MOCOS,SCIN,ITGA3,FARP2,CASP1,CD37,SERPINA4,OSBPL7,FARP2,FARP2,LAMA1,FARP2,FARP2,S100A12,FARP2,ALOX5,FARP2,FARP2,MPO,FARP2,FARP2,CCL20,FARP2,FARP2,FARP2,FAM214B,FARP2,FARP2,FARP2,FARP2,FARP2,TMEM245,FARP2,BPIFB1,FARP2,FARP2,FARP2,SPATA20,FARP2,FARP2,FARP2,GZMK,ACSM3,FARP2,FARP2,FARP2,IL18R1,ADAM10,FARP2,NAPA,FARP2,FARP2,BRCA1,FARP2,FARP2,NFIX,FARP2,FARP2,FARP2,IRF5,MPO,FARP2,MYH1,FARP2,FARP2,FARP2,FARP2,ICA1,FARP2,FARP2,FARP2,IL2,CCL22,FARP2,FARP2,FAM107B,FARP2,CXCR4,FARP2,PLEK,FARP2,FARP2,GCLM,FARP2,FARP2
USH1C,IL1RL2,USH1C,LILRB2,USH1C,BOD1L1,KIAA0100,CCL2,USH1C,LAMA1,USH1C,CLEC5A,IL17F,HSPA5,USH1C,PLD1,MYH13,IL17C,USH1C,C5orf22,CD79A,CLEC11A,SERPINB1,USH1C,USH1C,ITGA8,USH1C,USH1C,TLL2,USH1C,CALCOCO1,USH1C,USH1C,ARG2,USH1C,USH1C,ALDH2,USH1C,USH1C,USH1C,COPZ2,USH1C,USH1C,USH1C,USH1C,USH1C,PRUNE2,USH1C,C8A,USH1C,USH1C,USH1C,CACNA1G,USH1C,USH1C,USH1C,CD274,CIAPIN1,USH1C,USH1C,USH1C,HAMP,SELE,USH1C,SERPINA4,USH1C,USH1C,ERCC1,USH1C,USH1C,CD86,USH1C,USH1C,USH1C,ITGAL,CROT,USH1C,MYH2,USH1C,USH1C,USH1C,USH1C,AOC1,USH1C,USH1C,USH1C,C6,CCL17,USH1C,USH1C,FOXJ2,USH1C,IL1B,USH1C,PROM1,USH1C,USH1C,GLRX2,USH1C,USH1C
GGCT,TRAF3IP2,GGCT,IL37,GGCT,MAT2B,SLC13A2,CCL26,GGCT,SERPINB12,GGCT,LY96,AGR2,IGHM,GGCT,ATP12A,ADIPOR2,SLAMF1,GGCT,LILRA1,CAMK2D,CD69,TGFB2,GGCT,GGCT,GP6,GGCT,GGCT,PLA2G2D,GGCT,UBR7,GGCT,GGCT,CTSG,GGCT,GGCT,APOB,GGCT,GGCT,GGCT,PRKAR2B,GGCT,GGCT,GGCT,GGCT,GGCT,MEGF9,GGCT,RARA,GGCT,GGCT,GGCT,TNFRSF12A,GGCT,GGCT,GGCT,TGFB1,PRKAR2B,GGCT,GGCT,GGCT,FBLN1,AGR3,GGCT,SLC8A3,GGCT,GGCT,CD22,GGCT,GGCT,C8B,GGCT,GGCT,GGCT,ITGA3,ABCB4,GGCT,MYH3,GGCT,GGCT,GGCT,GGCT,CASP10,GGCT,GGCT,GGCT,SAA3,CD5,GGCT,GGCT,ELAVL1,GGCT,EREG,GGCT,SERPINE1,GGCT,GGCT,GMDS,GGCT,GGCT
DBF4,TNFRSF1B,DBF4,NLRP7,DBF4,CLEC16A,GAS7,CCL7,DBF4,IL23A,DBF4,FCER1G,TNFSF13B,IGHG2,DBF4,WDR62,CCL26,LY9,DBF4,RUNX3,CARD8,SPP1,BAIAP2L1,DBF4,DBF4,HGF,DBF4,DBF4,SLC17A1,DBF4,MAP4K5,DBF4,DBF4,GZMB,DBF4,DBF4,LTBR,DBF4,DBF4,DBF4,CREBBP,DBF4,DBF4,DBF4,DBF4,DBF4,TRIM14,DBF4,CRTAP,DBF4,DBF4,DBF4,DLX6,DBF4,DBF4,DBF4,CCL22,CREBBP,DBF4,DBF4,DBF4,MIPEP,MIF,DBF4,F11,DBF4,DBF4,SEMA3B,DBF4,DBF4,CRISP2,DBF4,DBF4,DBF4,ITGA2B,RHBDD2,DBF4,MYH7,DBF4,DBF4,DBF4,DBF4,TFPI,DBF4,DBF4,DBF4,C5,TNFSF10,DBF4,DBF4,TIE1,DBF4,PRF1,DBF4,SLC11A1,DBF4,DBF4,GNB1,DBF4,DBF4
TBXA2R,CD79B,TBXA2R,PGLYRP1,TBXA2R,MSR1,TRAPPC6A,ICAM1,TBXA2R,CD5L,TBXA2R,SERPINA4,CX3CL1,IL27RA,TBXA2R,DLG1,FMO1,IFIT3,TBXA2R,C1orf112,CA11,ACOD1,TRAF4,TBXA2R,TBXA2R,AGR2,TBXA2R,TBXA2R,IFIT3,TBXA2R,EHD3,TBXA2R,TBXA2R,GZMH,TBXA2R,TBXA2R,EREG,TBXA2R,TBXA2R,TBXA2R,TSPOAP1,TBXA2R,TBXA2R,TBXA2R,TBXA2R,TBXA2R,CORO2A,TBXA2R,PTPRN,TBXA2R,TBXA2R,TBXA2R,MAP3K9,TBXA2R,TBXA2R,TBXA2R,IL10RA,TSPOAP1,TBXA2R,TBXA2R,TBXA2R,FGF21,LYPLA2,TBXA2R,TREM2,TBXA2R,TBXA2R,LTF,TBXA2R,TBXA2R,CRP,TBXA2R,TBXA2R,TBXA2R,TNFSF10,SOX8,TBXA2R,MYH9,TBXA2R,TBXA2R,TBXA2R,TBXA2R,RBM5,TBXA2R,TBXA2R,TBXA2R,C8A,TREM2,TBXA2R,TBXA2R,DIP2B,TBXA2R,GZMK,TBXA2R,TF,TBXA2R,TBXA2R,GNB3,TBXA2R,TBXA2R
IFRD1,TRAF4,IFRD1,STAB1,IFRD1,CDH1,MATK,CX3CL1,IFRD1,ANGPT4,IFRD1,TREML2,SERPINE1,ITGAL,IFRD1,RAB7A,FMO3,LYRM2,IFRD1,CCL22,CCL17,F11,NR1H4,IFRD1,IFRD1,LY75,IFRD1,IFRD1,SLC5A7,IFRD1,MVP,IFRD1,IFRD1,LGALS14,IFRD1,IFRD1,AREG,IFRD1,IFRD1,IFRD1,GCFC2,IFRD1,IFRD1,IFRD1,IFRD1,IFRD1,TGFBR1,IFRD1,LGALS2,IFRD1,IFRD1,IFRD1,RALA,IFRD1,IFRD1,IFRD1,IL12A,RHBDD2,IFRD1,IFRD1,IFRD1,CD200,CYBA,IFRD1,P2RX7,IFRD1,IFRD1,EXTL3,IFRD1,IFRD1,SPTB,IFRD1,IFRD1,IFRD1,ADAM22,ITGAL,IFRD1,MYH11,IFRD1,IFRD1,IFRD1,IFRD1,ARF5,IFRD1,IFRD1,IFRD1,ARG2,ALOX5AP,IFRD1,IFRD1,SMARCD1,IFRD1,ADAMTS2,IFRD1,SLAMF6,IFRD1,IFRD1,GNB4,IFRD1,IFRD1
LGALS14,CASP8,LGALS14,IL6ST,LGALS14,DNAH5,CEACAM7,NLRP3,LGALS14,CPA1,LGALS14,CD68,CD5L,ITGB5,LGALS14,BCAP29,CCL26,RHBDF1,LGALS14,TNFSF13B,CCL20,CASP8,UPP2,LGALS14,LGALS14,IL2RA,LGALS14,LGALS14,CAMP,LGALS14,NUB1,LGALS14,LGALS14,INHBA,LGALS14,LGALS14,SAA2,LGALS14,LGALS14,LGALS14,WDR54,LGALS14,LGALS14,LGALS14,LGALS14,LGALS14,SEC61B,LGALS14,CXCL9,LGALS14,LGALS14,LGALS14,BAIAP2L1,LGALS14,LGALS14,LGALS14,GCLM,SOX8,LGALS14,LGALS14,LGALS14,ADAMTS13,C8B,LGALS14,CST3,LGALS14,LGALS14,ELOVL5,LGALS14,LGALS14,VIM,LGALS14,LGALS14,LGALS14,CXCL13,PDK2,LGALS14,MYH14,LGALS14,LGALS14,LGALS14,LGALS14,SARM1,LGALS14,LGALS14,LGALS14,AGR3,CCR2,LGALS14,LGALS14,ZMYND12,LGALS14,AGR1,LGALS14,TEAD3,LGALS14,LGALS14,GPA33,LGALS14,LGALS14
COX10,TNFRSF9,COX10,MMP1,COX10,ZFYVE16,SCN4A,CXCL1,COX10,CD200,COX10,FAS,LCN2,ITGAM,COX10,SEC31B,CCL26,NFIX,COX10,CD79B,CCL24,IL2,FYN,COX10,COX10,SELE,COX10,COX10,CXCL1,COX10,PGM3,COX10,COX10,IL2,COX10,COX10,C3,COX10,COX10,COX10,CROT,COX10,COX10,COX10,COX10,COX10,C5,COX10,SLAMF1,COX10,COX10,COX10,KDM7A,COX10,COX10,COX10,ANGPT4,ITGAL,COX10,COX10,COX10,SLAMF1,IL32,COX10,BPI,COX10,COX10,CALCOCO1,COX10,COX10,SERPINB3,COX10,COX10,COX10,FGF1,ITGA3,COX10,CD14,COX10,COX10,COX10,COX10,PLXND1,COX10,COX10,COX10,LYPD3,CXCL2,COX10,COX10,SLC9A3,COX10,CLEC4M,COX10,TFAP2E,COX10,COX10,GPRC5A,COX10,COX10
GTF2IRD1,NFIX,GTF2IRD1,MMP25,GTF2IRD1,RIPOR1,ST7L,GZMB,GTF2IRD1,CD79A,GTF2IRD1,CD300A,TNFRSF1A,CD79A,GTF2IRD1,SART3,FMO1,TFAP2D,GTF2IRD1,CCR2,CCL25,LILRB5,BIRC2,GTF2IRD1,GTF2IRD1,CD4,GTF2IRD1,GTF2IRD1,CCL24,GTF2IRD1,POLR3B,GTF2IRD1,GTF2IRD1,CSF3,GTF2IRD1,GTF2IRD1,PLA2G4A,GTF2IRD1,GTF2IRD1,GTF2IRD1,ABCB4,GTF2IRD1,GTF2IRD1,GTF2IRD1,GTF2IRD1,GTF2IRD1,OGN,GTF2IRD1,CCR7,GTF2IRD1,GTF2IRD1,GTF2IRD1,ETV1,GTF2IRD1,GTF2IRD1,GTF2IRD1,SPPL2B,PDK2,GTF2IRD1,GTF2IRD1,GTF2IRD1,B4GALT1,TFAP2D,GTF2IRD1,NPTX2,GTF2IRD1,GTF2IRD1,UBR7,GTF2IRD1,GTF2IRD1,CSTA,GTF2IRD1,GTF2IRD1,GTF2IRD1,TNFSF8,ITGA2B,GTF2IRD1,MPO,GTF2IRD1,GTF2IRD1,GTF2IRD1,GTF2IRD1,CAMKK1,GTF2IRD1,GTF2IRD1,GTF2IRD1,BTN3A3,APOBEC3A,GTF2IRD1,GTF2IRD1,ASPM,GTF2IRD1,CLEC11A,GTF2IRD1,TACC3,GTF2IRD1,GTF2IRD1,GPRC5D,GTF2IRD1,GTF2IRD1
PAF1,CEACAM6,PAF1,LGALS14,PAF1,COL9A3,PAX6,GZMH,PAF1,C5orf22,PAF1,CCL24,SLC11A1,CD79B,PAF1,ARHGAP15,FMO3,LTBR,PAF1,LGALS1,CD14,CYP3A5,VEGFC,PAF1,PAF1,CD6,PAF1,PAF1,IFIT2,PAF1,ANGEL1,PAF1,PAF1,IL11,PAF1,PAF1,LTF,PAF1,PAF1,PAF1,KMT2E,PAF1,PAF1,PAF1,PAF1,PAF1,ASPN,PAF1,SERPINB1,PAF1,PAF1,PAF1,AGK,PAF1,PAF1,PAF1,TRAF1,ITGA3,PAF1,PAF1,PAF1,EHD2,ADAM22,PAF1,C5,PAF1,PAF1,MAP4K5,PAF1,PAF1,OSM,PAF1,PAF1,PAF1,CCL21,ASB4,PAF1,CTSG,PAF1,PAF1,PAF1,PAF1,RECQL,PAF1,PAF1,PAF1,GCLM,APOBEC3F,PAF1,PAF1,CD84,PAF1,FCGRT,PAF1,TNFSF13,PAF1,PAF1,GUCY2C,PAF1,PAF1
VPS41,TSG101,VPS41,IL36G,VPS41,CDH10,RPUSD1,CD38,VPS41,COL19A1,VPS41,BTN3A1,TNFRSF1B,P2RX7,VPS41,TUBA3D,CCL26,ASB4,VPS41,S100A8,CCL28,IL11,CASP8,VPS41,VPS41,CD38,VPS41,VPS41,IL17C,VPS41,RNF14,VPS41,VPS41,IL26,VPS41,VPS41,IL36G,VPS41,VPS41,VPS41,RHBDD2,VPS41,VPS41,VPS41,VPS41,VPS41,ECM2,VPS41,PLA2G10,VPS41,VPS41,VPS41,ALDH3B1,VPS41,VPS41,VPS41,GCLM,ITGA2B,VPS41,VPS41,VPS41,ADAM22,SEMA3A,VPS41,TNFSF13B,VPS41,VPS41,EHD3,VPS41,VPS41,LAG3,VPS41,VPS41,VPS41,AGAP2,CRLF1,VPS41,SERPINE1,VPS41,VPS41,VPS41,VPS41,VPS50,VPS41,VPS41,VPS41,LTBR,C5,VPS41,VPS41,ELOVL1,VPS41,NLRP12,VPS41,TNFRSF1B,VPS41,VPS41,GZMA,VPS41,VPS41
ARHGAP44,GCLM,ARHGAP44,RHBDF1,ARHGAP44,INPP4A,RHBDF1,CD74,ARHGAP44,GHRH,ARHGAP44,IL20RA,NLRC4,P2RX5,ARHGAP44,PAX2,USH1C,TNFSF8,ARHGAP44,ACP5,CD200,MIPEP,SPAG9,ARHGAP44,ARHGAP44,GCLM,ARHGAP44,ARHGAP44,IL17A,ARHGAP44,DDX11,ARHGAP44,ARHGAP44,NLRP12,ARHGAP44,ARHGAP44,LCN2,ARHGAP44,ARHGAP44,ARHGAP44,SOX8,ARHGAP44,ARHGAP44,ARHGAP44,ARHGAP44,ARHGAP44,TLE4,ARHGAP44,VEGFA,ARHGAP44,ARHGAP44,ARHGAP44,TTC22,ARHGAP44,ARHGAP44,ARHGAP44,CEACAM5,CRLF1,ARHGAP44,ARHGAP44,ARHGAP44,AOC3,PGLYRP1,ARHGAP44,TIMP3,ARHGAP44,ARHGAP44,PSMC4,ARHGAP44,ARHGAP44,SLAMF7,ARHGAP44,ARHGAP44,ARHGAP44,ALDH3A1,MAP3K14,ARHGAP44,SERPINB3,ARHGAP44,ARHGAP44,ARHGAP44,ARHGAP44,HSPB6,ARHGAP44,ARHGAP44,ARHGAP44,ICAM3,CR2,ARHGAP44,ARHGAP44,POLR1H,ARHGAP44,IFIT1,ARHGAP44,TNFRSF9,ARHGAP44,ARHGAP44,GZMB,ARHGAP44,ARHGAP44
ELAC2,CD5L,ELAC2,CCL21,ELAC2,MYO16,LUC7L,BTN3A1,ELAC2,CST3,ELAC2,IL10,BPIFB1,P2RX1,ELAC2,EXOSC7,GGCT,TNFSF10,ELAC2,AGXT2,CCDC88C,LTBR,PKD1,ELAC2,ELAC2,PLAUR,ELAC2,ELAC2,IL17F,ELAC2,CD6,ELAC2,ELAC2,LGALS8,ELAC2,ELAC2,CCL26,ELAC2,ELAC2,ELAC2,IBTK,ELAC2,ELAC2,ELAC2,ELAC2,ELAC2,LHX6,ELAC2,AGR3,ELAC2,ELAC2,ELAC2,PHTF2,ELAC2,ELAC2,ELAC2,LTBR,ABCC8,ELAC2,ELAC2,ELAC2,NME1-NME2,PDK4,ELAC2,SEMA6A,ELAC2,ELAC2,MAN2B2,ELAC2,ELAC2,S100A8,ELAC2,ELAC2,ELAC2,ASAH1,ABCC8,ELAC2,SERPINB1,ELAC2,ELAC2,ELAC2,ELAC2,NDUFAB1,ELAC2,ELAC2,ELAC2,IL23A,CRP,ELAC2,ELAC2,ZBTB11,ELAC2,IFIT3,ELAC2,TRAF4,ELAC2,ELAC2,HGF,ELAC2,ELAC2
SCIN,RHOBTB1,SCIN,CCL24,SCIN,LSG1,CACNA2D2,PRDM1,SCIN,COL9A3,SCIN,TRAF3,SLAMF1,P2RX3,SCIN,KIFAP3,DBF4,ADAM28,SCIN,LY75,CCDC80,CTSH,PLEKHA5,SCIN,SCIN,IL20RA,SCIN,SCIN,SP110,SCIN,TACC3,SCIN,SCIN,ICAM2,SCIN,SCIN,PF4,SCIN,SCIN,SCIN,ZNF195,SCIN,SCIN,SCIN,SCIN,SCIN,PTGR1,SCIN,MIPEP,SCIN,SCIN,SCIN,CCL26,SCIN,SCIN,SCIN,CEACAM1,TMEM98,SCIN,SCIN,SCIN,EHD3,CYP26A1,SCIN,IL2,SCIN,SCIN,SLC7A14,SCIN,SCIN,S100A9,SCIN,SCIN,SCIN,ASAH2,CX3CL1,SCIN,SERPINB6,SCIN,SCIN,SCIN,SCIN,PDK4,SCIN,SCIN,SCIN,IL17C,C8B,SCIN,SCIN,ATXN3,SCIN,IDO1,SCIN,TRAF5,SCIN,SCIN,HHAT,SCIN,SCIN
MYH13,ST3GAL1,MYH13,CMA1,MYH13,RIPOR3,BAIAP3,CCL22,MYH13,LGALS1,MYH13,LGALS8,CCL22,P2RX6,MYH13,MKRN2,TBXA2R,GCLM,MYH13,PROM1,CCR2,IFNA6,FN1,MYH13,MYH13,IL32,MYH13,MYH13,CPA1,MYH13,POLA2,MYH13,MYH13,GCLM,MYH13,MYH13,VEGFA,MYH13,MYH13,MYH13,MYCBP2,MYH13,MYH13,MYH13,MYH13,MYH13,SUSD1,MYH13,TNS1,MYH13,MYH13,MYH13,FARP2,MYH13,MYH13,MYH13,ITGA6,KRT33A,MYH13,MYH13,MYH13,PRKCH,PLA2G10,MYH13,LTBP4,MYH13,MYH13,CLDN11,MYH13,MYH13,TIMP2,MYH13,MYH13,MYH13,C1QA,CACNA1G,MYH13,SERPINB7,MYH13,MYH13,MYH13,MYH13,SLC22A16,MYH13,MYH13,MYH13,ALOX5,ADAMTS2,MYH13,MYH13,GOLGA5,MYH13,IRF8,MYH13,UBASH3A,MYH13,MYH13,HOXA1,MYH13,MYH13
ADIPOR2,CLEC4M,ADIPOR2,CTSB,ADIPOR2,AIFM2,TSR3,IL5RA,ADIPOR2,SPINT3,ADIPOR2,IL17A,FCN1,RALA,ADIPOR2,MCM6,IFRD1,HGF,ADIPOR2,GCKR,CCR6,APOBEC3A,FAS,ADIPOR2,ADIPOR2,MPO,ADIPOR2,ADIPOR2,CTSB,ADIPOR2,ZC3H3,ADIPOR2,ADIPOR2,PLA2G2D,ADIPOR2,ADIPOR2,SPPL2B,ADIPOR2,ADIPOR2,ADIPOR2,FBXL3,ADIPOR2,ADIPOR2,ADIPOR2,ADIPOR2,ADIPOR2,AMBP,ADIPOR2,CLEC11A,ADIPOR2,ADIPOR2,ADIPOR2,GGCT,ADIPOR2,ADIPOR2,ADIPOR2,LIPA,TAC1,ADIPOR2,ADIPOR2,ADIPOR2,FCN1,TNFSF13B,ADIPOR2,TNFSF4,ADIPOR2,ADIPOR2,MVP,ADIPOR2,ADIPOR2,CTSB,ADIPOR2,ADIPOR2,ADIPOR2,C1QC,TNFRSF12A,ADIPOR2,SERPINB8,ADIPOR2,ADIPOR2,ADIPOR2,ADIPOR2,ZMYND10,ADIPOR2,ADIPOR2,ADIPOR2,GNB5,C1QC,ADIPOR2,ADIPOR2,FGFR2,ADIPOR2,CASP8,ADIPOR2,VEGFA,ADIPOR2,ADIPOR2,HOXA2,ADIPOR2,ADIPOR2
CDKL3,MTA3,CDKL3,CD14,CDKL3,SPATA7,PIGQ,CTSG,CDKL3,EBI3,CDKL3,IL17F,IL12RB1,RIPK2,CDKL3,REXO2,LGALS14,IFIT5,CDKL3,ANXA1,CFLAR,TFDP2,MMP25,CDKL3,CDKL3,TFPI,CDKL3,CDKL3,IL12A,CDKL3,CAPN1,CDKL3,CDKL3,SPP1,CDKL3,CDKL3,ITGAL,CDKL3,CDKL3,CDKL3,PDK2,CDKL3,CDKL3,CDKL3,CDKL3,CDKL3,AKNA,CDKL3,BTN2A1,CDKL3,CDKL3,CDKL3,DBF4,CDKL3,CDKL3,CDKL3,TNFSF13,ZNF263,CDKL3,CDKL3,CDKL3,NCDN,SELL,CDKL3,ALOX5,CDKL3,CDKL3,NUB1,CDKL3,CDKL3,LCN2,CDKL3,CDKL3,CDKL3,C1R,DLX6,CDKL3,SERPINI2,CDKL3,CDKL3,CDKL3,CDKL3,ABCB5,CDKL3,CDKL3,CDKL3,IL5,C1QA,CDKL3,CDKL3,CLK1,CDKL3,AIM2,CDKL3,TRAF2,CDKL3,CDKL3,HOXA3,CDKL3,CDKL3
UPP2,ASB4,UPP2,IL1A,UPP2,RET SAT,CRAMP1,SLAMF7,UPP2,S100A7,UPP2,LILRA1,FCGR2A,CAMK2A,UPP2,RBM7,TBXA2R,CCL17,UPP2,GUCY2C,CFH,CST7,B4GALT7,UPP2,UPP2,GCKR,UPP2,UPP2,FCER1G,UPP2,ACP3,UPP2,UPP2,SAA1,UPP2,UPP2,CEACAM6,UPP2,UPP2,UPP2,ASB4,UPP2,UPP2,UPP2,UPP2,UPP2,TNFSF8,UPP2,SERPINA4,UPP2,UPP2,UPP2,TBXA2R,UPP2,UPP2,UPP2,LGALS2,CX3CL1,UPP2,UPP2,UPP2,BTN3A1,PSMB1,UPP2,CA12,UPP2,UPP2,PGM3,UPP2,UPP2,MMP11,UPP2,UPP2,UPP2,SERPINA4,RALA,UPP2,SERPINA1,UPP2,UPP2,UPP2,UPP2,SLC25A13,UPP2,UPP2,UPP2,ITGA6,F11,UPP2,UPP2,ATG2B,UPP2,IL5RA,UPP2,LTF1,UPP2,UPP2,HOXA5,UPP2,UPP2
PRSS21,HSP90AB1,PRSS21,IL18,PRSS21,AP2S1,TEAD3,CCR6,PRSS21,ANGPTL1,PRSS21,NLRC4,SIGLEC6,CD274,PRSS21,RBMS2,COX10,ITGA2B,PRSS21,UPK1A,CLDN11,SLC1A3,CDH1,PRSS21,PRSS21,C3,PRSS21,PRSS21,IL12RB1,PRSS21,MDH1,PRSS21,PRSS21,SPP2,PRSS21,PRSS21,IL1RN,PRSS21,PRSS21,PRSS21,GDE1,PRSS21,PRSS21,PRSS21,PRSS21,PRSS21,DNM1,PRSS21,LILRB2,PRSS21,PRSS21,PRSS21,IFRD1,PRSS21,PRSS21,PRSS21,CEBPE,SPATA20,PRSS21,PRSS21,PRSS21,SERPINB1,IER3,PRSS21,P2RX3,PRSS21,PRSS21,POLR3B,PRSS21,PRSS21,TNFSF8,PRSS21,PRSS21,PRSS21,ITIH4,AGK,PRSS21,SERPINA4,PRSS21,PRSS21,PRSS21,PRSS21,CALCR,PRSS21,PRSS21,PRSS21,F7,LYZ,PRSS21,PRSS21,ACSM2B,PRSS21,FCGR3B,PRSS21,ADAM12,PRSS21,PRSS21,HOXA6,PRSS21,PRSS21
MARK4,HGF,MARK4,GP6,MARK4,ZPBP,SELE,SPTB,MARK4,ANXA1,MARK4,NKG7,ZBP1,RGS1,MARK4,BAZ2A,GTF2IRD1,GCLM,MARK4,MMP8,CXCL2,RHAG,SPP1,MARK4,MARK4,LGALS1,MARK4,MARK4,OSM,MARK4,SLC30A9,MARK4,MARK4,A2M,MARK4,MARK4,MMP1,MARK4,MARK4,MARK4,REX1BD,MARK4,MARK4,MARK4,MARK4,MARK4,ENG,MARK4,OSBPL6,MARK4,MARK4,MARK4,LGALS14,MARK4,MARK4,MARK4,LTF,MAP3K9,MARK4,MARK4,MARK4,CD33,TGFB2,MARK4,SERPINB6,MARK4,MARK4,ANGEL1,MARK4,MARK4,VEGFA,MARK4,MARK4,MARK4,SERPINB1,ALDH3B1,MARK4,SERPINC1,MARK4,MARK4,MARK4,MARK4,DVL2,MARK4,MARK4,MARK4,CMA1,MSMO1,MARK4,MARK4,SP100,MARK4,IL17C,MARK4,ICAM1,MARK4,MARK4,HOXA7,MARK4,MARK4
PROM1,FCGR2B,PROM1,TNFAIP3,PROM1,ADAM28,DNAJC11,CD33,PROM1,SERPINI2,PROM1,PTPN6,MSR1,RHOBTB2,PROM1,PTPN23,PAF1,ALOX5,PROM1,FGF10,CXCL12,CD5,CTNNAL1,PROM1,PROM1,GCLM,PROM1,PROM1,CCL1,PROM1,MTMR11,PROM1,PROM1,CRP,PROM1,PROM1,LGALS3,PROM1,PROM1,PROM1,CRLF1,PROM1,PROM1,PROM1,PROM1,PROM1,AK1,PROM1,TNFRSF1A,PROM1,PROM1,PROM1,COX10,PROM1,PROM1,PROM1,CEACAM4,AGK,PROM1,PROM1,PROM1,ADIPOR2,HGFAC,PROM1,GZMB,PROM1,PROM1,RNF14,PROM1,PROM1,PLA2G15,PROM1,PROM1,PROM1,SERPINB6,CCL26,PROM1,SERPINA10,PROM1,PROM1,PROM1,PROM1,UPF1,PROM1,PROM1,PROM1,MMP8,ST6GAL1,PROM1,PROM1,NEO1,PROM1,MMP9,PROM1,MIPEP,PROM1,PROM1,HOXA9,PROM1,PROM1
CCDC124,SPAG9,CCDC124,HGFAC,CCDC124,BARX2,FMO3,FTL,CCDC124,PLG,CCDC124,PTPN3,ANGPT2,PLA2G10,CCDC124,MLH1,VPS41,BIRC2,CCDC124,IL1RL2,CXCL6,PLA2G10,SEMA5B,CCDC124,CCDC124,LAMA1,CCDC124,CCDC124,DEFB1,CCDC124,COX15,CCDC124,CCDC124,SAA4,CCDC124,CCDC124,IL12B,CCDC124,CCDC124,CCDC124,OSBPL7,CCDC124,CCDC124,CCDC124,CCDC124,CCDC124,CDC37L1,CCDC124,ICAM3,CCDC124,CCDC124,CCDC124,GTF2IRD1,CCDC124,CCDC124,CCDC124,LGALS3BP,ALDH3B1,CCDC124,CCDC124,CCDC124,IL1RL1,IL10RA,CCDC124,BIRC3,CCDC124,CCDC124,HEBP1,CCDC124,CCDC124,CSF3,CCDC124,CCDC124,CCDC124,ITIH1,USH1C,CCDC124,BTN3A3,CCDC124,CCDC124,CCDC124,CCDC124,SKAP2,CCDC124,CCDC124,CCDC124,CFHR2,FCGR2A,CCDC124,CCDC124,TNFRSF1A,CCDC124,CTSB,CCDC124,IL18BP,CCDC124,CCDC124,HOXA11,CCDC124,CCDC124
CEACAM21,PDK4,CEACAM21,SPP1,CEACAM21,DCUN1D1,MYLIP,SERPINB3,CEACAM21,BPI,CEACAM21,IFITM3,LYZ,MYCBP2,CEACAM21,UNG,ARHGAP44,IL2,CEACAM21,SPTB,CAMKK1,IFNA5,TNFSF13B,CEACAM21,CEACAM21,ITGA3,CEACAM21,CEACAM21,IL1RN,CEACAM21,CCDC88C,CEACAM21,CEACAM21,ALAS1,CEACAM21,CEACAM21,PRSS8,CEACAM21,CEACAM21,CEACAM21,TMEM98,CEACAM21,CEACAM21,CEACAM21,CEACAM21,CEACAM21,RLN2,CEACAM21,BTN3A3,CEACAM21,CEACAM21,CEACAM21,PAF1,CEACAM21,CEACAM21,CEACAM21,PLAUR,CCL26,CEACAM21,CEACAM21,CEACAM21,ANXA1,IL20RA,CEACAM21,AKAP11,CEACAM21,CEACAM21,GPRC5A,CEACAM21,CEACAM21,PLAUR,CEACAM21,CEACAM21,CEACAM21,IL17A,GGCT,CEACAM21,BTN1A1,CEACAM21,CEACAM21,CEACAM21,CEACAM21,MCUB,CEACAM21,CEACAM21,CEACAM21,SERPINB6,FCN1,CEACAM21,CEACAM21,CACNB1,CEACAM21,IL1RL2,CEACAM21,TGFB2,CEACAM21,CEACAM21,HOXA13,CEACAM21,CEACAM21
PAFAH1B1,AOC1,PAFAH1B1,SPTB,PAFAH1B1,JADE2,E2F2,IL23A,PAFAH1B1,CST4,PAFAH1B1,ITGAX,A2M,RBM24,PAFAH1B1,FMO4,ELAC2,TRAF3IP2,PAFAH1B1,HGF,CASP8,ALOX5,ADRB1,PAFAH1B1,PAFAH1B1,SERPINA3,PAFAH1B1,PAFAH1B1,LAG3,PAFAH1B1,YAF2,PAFAH1B1,PAFAH1B1,BIRC2,PAFAH1B1,PAFAH1B1,PTPN4,PAFAH1B1,PAFAH1B1,PAFAH1B1,YBX2,PAFAH1B1,PAFAH1B1,PAFAH1B1,PAFAH1B1,PAFAH1B1,RLN1,PAFAH1B1,TNC,PAFAH1B1,PAFAH1B1,PAFAH1B1,VPS41,PAFAH1B1,PAFAH1B1,PAFAH1B1,LIPE,USH1C,PAFAH1B1,PAFAH1B1,PAFAH1B1,SPINT3,ADAM17,PAFAH1B1,SEMA3C,PAFAH1B1,PAFAH1B1,CD6,PAFAH1B1,PAFAH1B1,TIMP1,PAFAH1B1,PAFAH1B1,PAFAH1B1,IL17F,TBXA2R,PAFAH1B1,BTN2A3P,PAFAH1B1,PAFAH1B1,PAFAH1B1,PAFAH1B1,LIG3,PAFAH1B1,PAFAH1B1,PAFAH1B1,SAA,C5orf22,PAFAH1B1,PAFAH1B1,EVI5,PAFAH1B1,IL1RL1,PAFAH1B1,FCGR2A,PAFAH1B1,PAFAH1B1,HOXC8,PAFAH1B1,PAFAH1B1
NOS2,PLA2G10,NOS2,TFEC,NOS2,LCP2,PSMB1,CD79B,NOS2,LTA4H,NOS2,TFAP2C,TREML2,FCGR3B,NOS2,KLHL20,SCIN,TFPI,NOS2,CLTCL1,CAMK1G,C8B,NFIX,NOS2,NOS2,A2M,NOS2,NOS2,IL27RA,NOS2,ZMYND11,NOS2,NOS2,CCL22,NOS2,NOS2,LILRB1,NOS2,NOS2,NOS2,KRT33A,NOS2,NOS2,NOS2,NOS2,NOS2,PLGRKT,NOS2,FCGRT,NOS2,NOS2,NOS2,ARHGAP44,NOS2,NOS2,NOS2,GCKR,GGCT,NOS2,NOS2,NOS2,SAA2,IL11,NOS2,FCGR1A,NOS2,NOS2,TACC3,NOS2,NOS2,ITGB5,NOS2,NOS2,NOS2,ANPEP,IFRD1,NOS2,BTN2A2,NOS2,NOS2,NOS2,NOS2,ACSM3,NOS2,NOS2,NOS2,CRISP3,IFRD1,NOS2,NOS2,PKM,NOS2,TNFSF18,NOS2,NFATC4,NOS2,NOS2,HOXC11,NOS2,NOS2
DNAH9,TFPI,DNAH9,TNFSF13B,DNAH9,ADRB1,JARID2,PRDM4,DNAH9,SERPINB7,DNAH9,CD40,SPINK2,CAMK1G,DNAH9,RGS11,MYH13,LCN2,DNAH9,FSTL3,CD38,NLRP7,PGLYRP1,DNAH9,DNAH9,LTF,DNAH9,DNAH9,CRP,DNAH9,BID,DNAH9,DNAH9,CCL26,DNAH9,DNAH9,IL2RA,DNAH9,DNAH9,DNAH9,MAP3K14,DNAH9,DNAH9,DNAH9,DNAH9,DNAH9,TBC1D13,DNAH9,CTSB,DNAH9,DNAH9,DNAH9,ELAC2,DNAH9,DNAH9,DNAH9,LBP,IFRD1,DNAH9,DNAH9,DNAH9,ANXA11,MYLK,DNAH9,ANGPT4,DNAH9,DNAH9,UFL1,DNAH9,DNAH9,IFNG,DNAH9,DNAH9,DNAH9,IL23A,COX10,DNAH9,BTN2A1,DNAH9,DNAH9,DNAH9,DNAH9,REXO5,DNAH9,DNAH9,DNAH9,BPIFB1,MMP25,DNAH9,DNAH9,DHX29,DNAH9,SIGLEC6,DNAH9,IL10,DNAH9,DNAH9,HOXC12,DNAH9,DNAH9
KIAA0100,FMO3,KIAA0100,TNFRSF1A,KIAA0100,GUCA2B,NADK,PLEKHH1,KIAA0100,WFDC2,KIAA0100,CD7,CXCL2,CD33,KIAA0100,SLC46A1,ADIPOR2,LTF,KIAA0100,KIF1B,CD48,AGR2,TFAP2B,KIAA0100,KIAA0100,LTBR,KIAA0100,KIAA0100,PLA2G2A,KIAA0100,MATR3,KIAA0100,KIAA0100,CRP,KIAA0100,KIAA0100,ANGPTL4,KIAA0100,KIAA0100,KIAA0100,ABCC8,KIAA0100,KIAA0100,KIAA0100,KIAA0100,KIAA0100,RIC1,KIAA0100,FCGR2A,KIAA0100,KIAA0100,KIAA0100,SCIN,KIAA0100,KIAA0100,KIAA0100,LTBP4,COX10,KIAA0100,KIAA0100,KIAA0100,PLEKHO1,ITGA6,KIAA0100,AGR3,KIAA0100,KIAA0100,POLA2,KIAA0100,KIAA0100,AHR,KIAA0100,KIAA0100,KIAA0100,TNFSF11,PAF1,KIAA0100,CALCA,KIAA0100,KIAA0100,KIAA0100,KIAA0100,CIAPIN1,KIAA0100,KIAA0100,KIAA0100,C1QTNF3,IRAK3,KIAA0100,KIAA0100,THOC3,KIAA0100,CLEC2B,KIAA0100,FYN,KIAA0100,KIAA0100,HOXC13,KIAA0100,KIAA0100
SLC13A2,LYPLA2,SLC13A2,TNFRSF1B,SLC13A2,CTNNA1,TFAP2B,CEACAM7,SLC13A2,AASS,SLC13A2,IL2,VEGFA,LY75,SLC13A2,PLXNA2,CDKL3,CCL1,SLC13A2,LYPLA2,CCR2,CCL17,SPP2,SLC13A2,SLC13A2,ASGR1,SLC13A2,SLC13A2,C1QTNF6,SLC13A2,NPC1L1,SLC13A2,SLC13A2,SAA3P,SLC13A2,SLC13A2,SEMA3F,SLC13A2,SLC13A2,SLC13A2,CACNG3,SLC13A2,SLC13A2,SLC13A2,SLC13A2,SLC13A2,KDM4C,SLC13A2,SERPINI2,SLC13A2,SLC13A2,SLC13A2,MYH13,SLC13A2,SLC13A2,SLC13A2,ITGAX,ADIPOR2,SLC13A2,SLC13A2,SLC13A2,IFNGR1,TGFBR3,SLC13A2,HAMP,SLC13A2,SLC13A2,ZC3H3,SLC13A2,SLC13A2,ITGA6,SLC13A2,SLC13A2,SLC13A2,ADAM17,SCIN,SLC13A2,CALCB,SLC13A2,SLC13A2,SLC13A2,SLC13A2,FAM214B,SLC13A2,SLC13A2,SLC13A2,C1QTNF1,CLEC4A,SLC13A2,SLC13A2,MYH13,SLC13A2,SLC17A2,SLC13A2,IRAK2,SLC13A2,SLC13A2,HOPX,SLC13A2,SLC13A2
GAS7,CD79A,GAS7,ADAM11,GAS7,CNTLN,ADAM22,C8B,GAS7,PLEKHB1,GAS7,IL10,BPI,CD81,GAS7,SPAG5,UPP2,TFAP4,GAS7,USP13,CD22,MMP25,ITGA2B,GAS7,GAS7,GCKR,GAS7,GAS7,CTSG,GAS7,XYLT2,GAS7,GAS7,CXCL12,GAS7,GAS7,TFAP2D,GAS7,GAS7,GAS7,TMEM132A,GAS7,GAS7,GAS7,GAS7,GAS7,DOCK8,GAS7,CCL22,GAS7,GAS7,GAS7,ADIPOR2,GAS7,GAS7,GAS7,SEMA3A,UPP2,GAS7,GAS7,GAS7,ANXA5,TFAP4,GAS7,IL17A,GAS7,GAS7,CAPN1,GAS7,GAS7,TNFAIP3,GAS7,GAS7,GAS7,ELN,CDKL3,GAS7,AGR2,GAS7,GAS7,GAS7,GAS7,CREBBP,GAS7,GAS7,GAS7,CXCL13,MMP8,GAS7,GAS7,ADIPOR2,GAS7,IFNA6,GAS7,STAT4,GAS7,GAS7,HSPA5,GAS7,GAS7
TRAPPC6A,ADAM22,TRAPPC6A,FCER2,TRAPPC6A,EPHA3,SYPL1,SERPINB6,TRAPPC6A,CYP3A43,TRAPPC6A,CXCL10,ITIH1,LY9,TRAPPC6A,ANKRD13A,PRSS21,IL7,TRAPPC6A,AGPS,C1QTNF3,TREM2,STAB1,TRAPPC6A,TRAPPC6A,ITGAL,TRAPPC6A,TRAPPC6A,CNFN,TRAPPC6A,STMN4,TRAPPC6A,TRAPPC6A,LCN2,TRAPPC6A,TRAPPC6A,CTSB,TRAPPC6A,TRAPPC6A,TRAPPC6A,AP2B1,TRAPPC6A,TRAPPC6A,TRAPPC6A,TRAPPC6A,TRAPPC6A,KANK1,TRAPPC6A,CXCL6,TRAPPC6A,TRAPPC6A,TRAPPC6A,CDKL3,TRAPPC6A,TRAPPC6A,TRAPPC6A,C1QC,PRSS21,TRAPPC6A,TRAPPC6A,TRAPPC6A,FCGR3B,ITIH1,TRAPPC6A,IL5RA,TRAPPC6A,TRAPPC6A,ACP3,TRAPPC6A,TRAPPC6A,CD14,TRAPPC6A,TRAPPC6A,TRAPPC6A,FN1,MARK4,TRAPPC6A,AGR3,TRAPPC6A,TRAPPC6A,TRAPPC6A,TRAPPC6A,MPO,TRAPPC6A,TRAPPC6A,TRAPPC6A,C1GALT1,F7,TRAPPC6A,TRAPPC6A,CDKL3,TRAPPC6A,IFNA8,TRAPPC6A,E2F1,TRAPPC6A,TRAPPC6A,HSP90AA1,TRAPPC6A,TRAPPC6A
MATK,NME1-NME2,MATK,SAA1,MATK,HSPA5,CYB561,SLAMF7,MATK,S100A9,MATK,FCGR1A,IFIT3,NCF2,MATK,TPD52,MARK4,CCL8,MATK,ANLN,C6,TF,TFAP4,MATK,MATK,A2M,MATK,MATK,ITGAX,MATK,ISL1,MATK,MATK,OSM,MATK,MATK,TNFRSF1A,MATK,MATK,MATK,TAC1,MATK,MATK,MATK,MATK,MATK,ELAVL2,MATK,LMAN1,MATK,MATK,MATK,UPP2,MATK,MATK,MATK,FCGR2B,PROM1,MATK,MATK,MATK,ANXA13,LIPG,MATK,NID1,MATK,MATK,MDH1,MATK,MATK,CXCL10,MATK,MATK,MATK,ALAS1,CEACAM21,MATK,F7,MATK,MATK,MATK,MATK,PON1,MATK,MATK,MATK,CXCL6,SERPINA1,MATK,MATK,CCDC124,MATK,SIGLEC9,MATK,TNFSF14,MATK,MATK,HSP90AB1,MATK,MATK
CEACAM7,MRC2,CEACAM7,ADAM7,CEACAM7,DSG2,SPAG9,C5,CEACAM7,SERPINA1,CEACAM7,IL15,IL2RB,HAGH,CEACAM7,ACACB,PROM1,IL11,CEACAM7,GPRC5D,CA1,ANGPT2,ICAM2,CEACAM7,CEACAM7,CD38,CEACAM7,CEACAM7,LILRA1,CEACAM7,CHDH,CEACAM7,CEACAM7,NLRP14,CEACAM7,CEACAM7,IFNG,CEACAM7,CEACAM7,CEACAM7,ZNF263,CEACAM7,CEACAM7,CEACAM7,CEACAM7,CEACAM7,NCS1,CEACAM7,C1QTNF7,CEACAM7,CEACAM7,CEACAM7,PRSS21,CEACAM7,CEACAM7,CEACAM7,SERPINA3,CEACAM21,CEACAM7,CEACAM7,CEACAM7,CD84,LTBP1,CEACAM7,CCL22,CEACAM7,CEACAM7,SLC30A9,CEACAM7,CEACAM7,F10,CEACAM7,CEACAM7,CEACAM7,GCLM,NOS2,CEACAM7,C3,CEACAM7,CEACAM7,CEACAM7,CEACAM7,GCFC2,CEACAM7,CEACAM7,CEACAM7,GP6,SERPINA3,CEACAM7,CEACAM7,CEACAM21,CEACAM7,ITGAL,CEACAM7,CCR10,CEACAM7,CEACAM7,HYAL2,CEACAM7,CEACAM7
CD79B,CFLAR,CD79B,ELN,CD79B,POLR2B,CELSR3,SERPINB1,CD79B,F7,CD79B,TLR2,SERPINB6,LGALS1,CD79B,TRAF4,NOS2,HMGB1,CD79B,MYCBP2,CLCA1,ALOX5AP,SELL,CD79B,CD79B,CD4,CD79B,CD79B,CD5L,CD79B,IL20RA,CD79B,CD79B,RELB,CD79B,CD79B,CCL28,CD79B,CD79B,CD79B,CX3CL1,CD79B,CD79B,CD79B,CD79B,CD79B,TESK1,CD79B,ITGAE,CD79B,CD79B,CD79B,MARK4,CD79B,CD79B,CD79B,PLA2G15,NOS2,CD79B,CD79B,CD79B,SLAMF8,SERPINA4,CD79B,LAMA3,CD79B,CD79B,MTMR11,CD79B,CD79B,SERPINE1,CD79B,CD79B,CD79B,CD80,DNAH9,CD79B,C6,CD79B,CD79B,CD79B,CD79B,WDR54,CD79B,CD79B,CD79B,AGR2,CRP,CD79B,CD79B,PAFAH1B1,CD79B,IL21R,CD79B,HGF,CD79B,CD79B,ICA1,CD79B,CD79B
SCN4A,SLC6A7,SCN4A,HSPA1A,SCN4A,FAM214A,AASS,IL5RA,SCN4A,GP6,SCN4A,IL37,IL1R1,LAG3,SCN4A,PAG1,CEACAM21,IL34,SCN4A,ITGA2B,C3,IFNA8,ITGB6,SCN4A,SCN4A,CEACAM1,SCN4A,SCN4A,IRF8,SCN4A,CLCA1,SCN4A,SCN4A,TNFSF13B,SCN4A,SCN4A,SERPINB6,SCN4A,SCN4A,SCN4A,SPATA20,SCN4A,SCN4A,SCN4A,SCN4A,SCN4A,KCNT1,SCN4A,SERPINB7,SCN4A,SCN4A,SCN4A,PROM1,SCN4A,SCN4A,SCN4A,HSPA1A,DNAH9,SCN4A,SCN4A,SCN4A,BTN3A3,ITGB5,SCN4A,GABRA1,SCN4A,SCN4A,COX15,SCN4A,SCN4A,ICAM2,SCN4A,SCN4A,SCN4A,SERPINE2,SLC13A2,SCN4A,C8B,SCN4A,SCN4A,SCN4A,SCN4A,CROT,SCN4A,SCN4A,SCN4A,ANGPT2,HMOX1,SCN4A,SCN4A,DNAH9,SCN4A,ADAM11,SCN4A,IL2,SCN4A,SCN4A,ICAM1,SCN4A,SCN4A
ST7L,PLXND1,ST7L,ADIPOR2,ST7L,ANO2,PLEKHG6,FTL,ST7L,LCN2,ST7L,CD180,LYPD3,IL34,ST7L,GPATCH1,PAFAH1B1,IL18,ST7L,MAP3K1,BTLA,MYDGF,ANLN,ST7L,ST7L,IL32,ST7L,ST7L,IL23A,ST7L,CLCA4,ST7L,ST7L,TNFSF13,ST7L,ST7L,HAMP,ST7L,ST7L,ST7L,CACNA1G,ST7L,ST7L,ST7L,ST7L,ST7L,CA9,ST7L,RHAG,ST7L,ST7L,ST7L,CCDC124,ST7L,ST7L,ST7L,IL2RB,KIAA0100,ST7L,ST7L,ST7L,ITGAL,ANGPT2,ST7L,SLC4A7,ST7L,ST7L,YAF2,ST7L,ST7L,ITGAL,ST7L,ST7L,ST7L,LTBP4,GAS7,ST7L,CRP,ST7L,ST7L,ST7L,ST7L,ABCB4,ST7L,ST7L,ST7L,NGFR,IL6,ST7L,ST7L,KIAA0100,ST7L,PGLYRP1,ST7L,CD83,ST7L,ST7L,ICAM3,ST7L,ST7L
PAX6,ABHD5,PAX6,IBTK,PAX6,FAM184B,SS18L2,LGALS3BP,PAX6,SEMA5B,PAX6,TREM1,IGHG,IL26,PAX6,ICAM3,DNAH9,LYZL1,PAX6,ITGA6,BTK,APOBEC3F,MMP2,PAX6,PAX6,MPO,PAX6,PAX6,ADAM10,PAX6,GLT8D1,PAX6,PAX6,TRAF1,PAX6,PAX6,GZMA,PAX6,PAX6,PAX6,TNFRSF12A,PAX6,PAX6,PAX6,PAX6,PAX6,FUBP3,PAX6,BTN2A2,PAX6,PAX6,PAX6,CEACAM21,PAX6,PAX6,PAX6,TFEC,MATK,PAX6,PAX6,PAX6,ITGA2B,OSM,PAX6,IL17C,PAX6,PAX6,ZMYND11,PAX6,PAX6,HSPA9,PAX6,PAX6,PAX6,FN1,MATK,PAX6,SERP2,PAX6,PAX6,PAX6,PAX6,SOX8,PAX6,PAX6,PAX6,GPRC5A,SERPINB2,PAX6,PAX6,SLC13A2,PAX6,LTBR,PAX6,CD86,PAX6,PAX6,ICAM4,PAX6,PAX6
RPUSD1,SLC7A2,RPUSD1,CCL11,RPUSD1,MAP4,MPND,MPO,RPUSD1,LGALS2,RPUSD1,IL1A,ITIH4,IRF1,RPUSD1,NT5C2,KIAA0100,CCL20,RPUSD1,FMO3,C5,SERPINB6,IL21R,RPUSD1,RPUSD1,LTF,RPUSD1,RPUSD1,SFTPA1,RPUSD1,ATP2C1,RPUSD1,RPUSD1,TRAF3IP2,RPUSD1,RPUSD1,PNN,RPUSD1,RPUSD1,RPUSD1,DLX6,RPUSD1,RPUSD1,RPUSD1,RPUSD1,RPUSD1,TYRP1,RPUSD1,SEMA5B,RPUSD1,RPUSD1,RPUSD1,PAFAH1B1,RPUSD1,RPUSD1,RPUSD1,SLAMF1,CEACAM7,RPUSD1,RPUSD1,RPUSD1,BPIFB2,GZMB,RPUSD1,IL10,RPUSD1,RPUSD1,DPEP1,RPUSD1,RPUSD1,B4GALT1,RPUSD1,RPUSD1,RPUSD1,PLEKHA5,CEACAM7,RPUSD1,C4BPA,RPUSD1,RPUSD1,RPUSD1,RPUSD1,IBTK,RPUSD1,RPUSD1,RPUSD1,SELE,NLRP12,RPUSD1,RPUSD1,GAS7,RPUSD1,OSM,RPUSD1,NLRP4,RPUSD1,RPUSD1,ICAM5,RPUSD1,RPUSD1
RHBDF1,SLC13A2,RHBDF1,CXCL12,RHBDF1,GOPC,MGST1,PGLYRP1,RHBDF1,MMP15,RHBDF1,OSM,SCGB2A1,ASB2,RHBDF1,MCAM,SLC13A2,IL26,RHBDF1,CD1H,CALCRL,ANGPT4,LAMA3,RHBDF1,RHBDF1,TF,RHBDF1,RHBDF1,INHBA,RHBDF1,IGF1,RHBDF1,RHBDF1,TNFSF10,RHBDF1,RHBDF1,CD44,RHBDF1,RHBDF1,RHBDF1,MAP3K9,RHBDF1,RHBDF1,RHBDF1,RHBDF1,RHBDF1,CREB3,RHBDF1,CD81,RHBDF1,RHBDF1,RHBDF1,NOS2,RHBDF1,RHBDF1,RHBDF1,FASLG,CD79B,RHBDF1,RHBDF1,RHBDF1,C5orf22,CTSG,RHBDF1,CMA1,RHBDF1,RHBDF1,BID,RHBDF1,RHBDF1,EBI3,RHBDF1,RHBDF1,RHBDF1,LGALS2,SCN4A,RHBDF1,C4BPB,RHBDF1,RHBDF1,RHBDF1,RHBDF1,MYCBP2,RHBDF1,RHBDF1,RHBDF1,LYZ,FCER2,RHBDF1,RHBDF1,TRAPPC6A,RHBDF1,CLEC4A,RHBDF1,SELE,RHBDF1,RHBDF1,IFI35,RHBDF1,RHBDF1
LUC7L,AOC3,LUC7L,CXCL13,LUC7L,HDAC9,CRY1,PKD1,LUC7L,SPAG7,LUC7L,LTBR,SCGB2A2,MYLK,LUC7L,CAMSAP3,GAS7,TFEC,LUC7L,GPR137B,CDC27,BTN3A1,FCGR2A,LUC7L,LUC7L,IL20RA,LUC7L,LUC7L,PLA2G4A,LUC7L,RALBP1,LUC7L,LUC7L,TRAF3,LUC7L,LUC7L,VEGFB,LUC7L,LUC7L,LUC7L,RALA,LUC7L,LUC7L,LUC7L,LUC7L,LUC7L,RGP1,LUC7L,ABCA3,LUC7L,LUC7L,LUC7L,DNAH9,LUC7L,LUC7L,LUC7L,STRAP,ST7L,LUC7L,LUC7L,LUC7L,SEMA5B,BPI,LUC7L,RUNX3,LUC7L,LUC7L,MATR3,LUC7L,LUC7L,HMOX1,LUC7L,LUC7L,LUC7L,SAA1,PAX6,LUC7L,FTL,LUC7L,LUC7L,LUC7L,LUC7L,FBXL3,LUC7L,LUC7L,LUC7L,CD38,TNFSF8,LUC7L,LUC7L,MATK,LUC7L,ADORA2A,LUC7L,ADAM10,LUC7L,LUC7L,IFIT3,LUC7L,LUC7L
CACNA2D2,SLC4A1,CACNA2D2,ADAM23,CACNA2D2,TSPAN17,NFIX,MAPK8IP2,CACNA2D2,SLC25A11,CACNA2D2,TYROBP,GSTA1,ITGA6,CACNA2D2,RAP1GAP,TRAPPC6A,CLEC11A,CACNA2D2,ADAM22,CASP10,ITGA3,CCL24,CACNA2D2,CACNA2D2,GCKR,CACNA2D2,CACNA2D2,CEACAM7,CACNA2D2,CNTN1,CACNA2D2,CACNA2D2,BPI,CACNA2D2,CACNA2D2,PROK2,CACNA2D2,CACNA2D2,CACNA2D2,BAIAP2L1,CACNA2D2,CACNA2D2,CACNA2D2,CACNA2D2,CACNA2D2,MPDZ,CACNA2D2,SLAMF6,CACNA2D2,CACNA2D2,CACNA2D2,KIAA0100,CACNA2D2,CACNA2D2,CACNA2D2,SERPINB3,RHBDF1,CACNA2D2,CACNA2D2,CACNA2D2,IFRD1,CCL1,CACNA2D2,SERPINB3,CACNA2D2,CACNA2D2,NPC1L1,CACNA2D2,CACNA2D2,IL10,CACNA2D2,CACNA2D2,CACNA2D2,ALOX12,RHBDF1,CACNA2D2,ITIH1,CACNA2D2,CACNA2D2,CACNA2D2,CACNA2D2,ITGAL,CACNA2D2,CACNA2D2,CACNA2D2,CD40,SIGLEC9,CACNA2D2,CACNA2D2,CEACAM7,CACNA2D2,LTBP4,CACNA2D2,IL5RA,CACNA2D2,CACNA2D2,IGF1,CACNA2D2,CACNA2D2
BAIAP3,CRAMP1,BAIAP3,C1R,BAIAP3,CC2D2A,ST3GAL1,CSDE1,BAIAP3,C3,BAIAP3,CCL1,ITGB5,ITGA2B,BAIAP3,XAB2,MATK,IFRD1,BAIAP3,MYLK,CPS1,TIMP2,CCL26,BAIAP3,BAIAP3,A2M,BAIAP3,BAIAP3,GUCY1B1,BAIAP3,SLC11A1,BAIAP3,BAIAP3,TNFSF4,BAIAP3,BAIAP3,TFEC,BAIAP3,BAIAP3,BAIAP3,KDM7A,BAIAP3,BAIAP3,BAIAP3,BAIAP3,BAIAP3,LHX3,BAIAP3,MMP8,BAIAP3,BAIAP3,BAIAP3,SLC13A2,BAIAP3,BAIAP3,BAIAP3,LAMA1,LUC7L,BAIAP3,BAIAP3,BAIAP3,MSMO1,CD101,BAIAP3,NME3,BAIAP3,BAIAP3,XYLT2,BAIAP3,BAIAP3,LGALS1,BAIAP3,BAIAP3,BAIAP3,PLTP,BAIAP3,BAIAP3,ITIH2,BAIAP3,BAIAP3,BAIAP3,BAIAP3,PDK2,BAIAP3,BAIAP3,BAIAP3,MS4A12,ICAM3,BAIAP3,BAIAP3,CD79B,BAIAP3,MMP11,BAIAP3,C5,BAIAP3,BAIAP3,IGFBP2,BAIAP3,BAIAP3
TSR3,PLAUR,TSR3,SP100,TSR3,RRM2B,PKD1,REV3L,TSR3,NRXN3,TSR3,CD1A,MDK,PLEK,TSR3,ARHGEF1,CEACAM7,IL37,TSR3,LARS2,CASP14,AGR3,NMU,TSR3,TSR3,PLAUR,TSR3,TSR3,C1QTNF3,TSR3,AGPS,TSR3,TSR3,SERPINE1,TSR3,TSR3,PGLYRP1,TSR3,TSR3,TSR3,ETV1,TSR3,TSR3,TSR3,TSR3,TSR3,DDX58,TSR3,SELL,TSR3,TSR3,TSR3,GAS7,TSR3,TSR3,TSR3,CTH,CACNA2D2,TSR3,TSR3,TSR3,SPDL1,ITGB6,TSR3,IFIT3,TSR3,TSR3,RGPD5,TSR3,TSR3,CD5L,TSR3,TSR3,TSR3,IL2,PIGQ,TSR3,ITIH4,TSR3,TSR3,TSR3,TSR3,ITGA3,TSR3,TSR3,TSR3,FCN1,BIRC2,TSR3,TSR3,ST7L,TSR3,APOB,TSR3,TLR4,TSR3,TSR3,IGFBP5,TSR3,TSR3
PIGQ,LTBP1,PIGQ,CXCL14,PIGQ,TNFRSF17,MAPK8IP2,MASP2,PIGQ,HSPA8,PIGQ,TNFSF4,ACSS,MAPK1,PIGQ,STXBP2,CD79B,IL18R1,PIGQ,ITGAE,CD44,ASAH1,NGF,PIGQ,PIGQ,GCKR,PIGQ,PIGQ,SIGLEC11,PIGQ,ZNF806,PIGQ,PIGQ,TF,PIGQ,PIGQ,GCLM,PIGQ,PIGQ,PIGQ,AGK,PIGQ,PIGQ,PIGQ,PIGQ,PIGQ,EDF1,PIGQ,B4GALT7,PIGQ,PIGQ,PIGQ,TRAPPC6A,PIGQ,PIGQ,PIGQ,ADIPOR2,CRAMP1,PIGQ,PIGQ,PIGQ,CD79B,SERPINB6,PIGQ,IL18RAP,PIGQ,PIGQ,STMN4,PIGQ,PIGQ,MMP25,PIGQ,PIGQ,PIGQ,BIRC2,SELE,PIGQ,ITIH5,PIGQ,PIGQ,PIGQ,PIGQ,ITGA2B,PIGQ,PIGQ,PIGQ,SEMA6A,IRF8,PIGQ,PIGQ,RPUSD1,PIGQ,FCN1,PIGQ,BTNL3,PIGQ,PIGQ,IL1A,PIGQ,PIGQ
CRAMP1,ELN,CRAMP1,IL7,CRAMP1,LMO3,MED24,TRAF3IP3,CRAMP1,CCL17,CRAMP1,PLA2G4A,CD5,,CRAMP1,MAP2K7,SCN4A,NKG7,CRAMP1,SPAG9,CASP2,GNA11,SPIN1,CRAMP1,CRAMP1,FCGR2B,CRAMP1,CRAMP1,C1QA,CRAMP1,RUNX3,CRAMP1,CRAMP1,IL5RA,CRAMP1,CRAMP1,TFAP2B,CRAMP1,CRAMP1,CRAMP1,ALDH3B1,CRAMP1,CRAMP1,CRAMP1,CRAMP1,CRAMP1,PIP5K1B,CRAMP1,AGPAT4,CRAMP1,CRAMP1,CRAMP1,MATK,CRAMP1,CRAMP1,CRAMP1,LTF,SELE,CRAMP1,CRAMP1,CRAMP1,LY75,IL6,CRAMP1,IGFALS,CRAMP1,CRAMP1,NUDCD3,CRAMP1,CRAMP1,PLA2G4A,CRAMP1,CRAMP1,CRAMP1,IL26,MYLIP,CRAMP1,SPP1,CRAMP1,CRAMP1,CRAMP1,CRAMP1,CRLF1,CRAMP1,CRAMP1,CRAMP1,AASS,PTPRU,CRAMP1,CRAMP1,LUC7L,CRAMP1,CD48,CRAMP1,IFRD1,CRAMP1,CRAMP1,IL1R1,CRAMP1,CRAMP1
TEAD3,GABRA1,TEAD3,RGS17,TEAD3,GUCA1A,RHOBTB2,VTA1,TEAD3,SEMA3C,TEAD3,BTN3A3,CCL21,,TEAD3,NMRK2,ST7L,CEACAM5,TEAD3,MPND,BTK,ADAM22,C8B,TEAD3,TEAD3,A2M,TEAD3,TEAD3,CEACAM5,TEAD3,SERPINB1,TEAD3,TEAD3,ADAM28,TEAD3,TEAD3,ANGPTL1,TEAD3,TEAD3,TEAD3,TTC22,TEAD3,TEAD3,TEAD3,TEAD3,TEAD3,GLIS3,TEAD3,FNDC3B,TEAD3,TEAD3,TEAD3,CEACAM7,TEAD3,TEAD3,TEAD3,SPP1,DNAJC11,TEAD3,TEAD3,TEAD3,PROM1,SULT2A1,TEAD3,INHBA,TEAD3,TEAD3,ISL1,TEAD3,TEAD3,CD163,TEAD3,TEAD3,TEAD3,LRP6,PSMB1,TEAD3,SAA2,TEAD3,TEAD3,TEAD3,TEAD3,OSBPL7,TEAD3,TEAD3,TEAD3,MMP25,ITGA6,TEAD3,TEAD3,CACNA2D2,TEAD3,IL22,TEAD3,EBI3,TEAD3,TEAD3,IL1R2,TEAD3,TEAD3
SELE,ALAS1,SELE,ANGPT4,SELE,RSF1,HEATR5B,BAZ1B,SELE,ICAM3,SELE,PTPRU,TIMP2,,SELE,DGKD,PAX6,CD79A,SELE,CRY1,CCR6,AASS,RELB,SELE,SELE,CPS1,SELE,SELE,C1QC,SELE,PLEKHB1,SELE,SELE,ANXA1,SELE,SELE,PRSS2,SELE,SELE,SELE,PHTF2,SELE,SELE,SELE,SELE,SELE,BAG1,SELE,ITGA2B,SELE,SELE,SELE,CD79B,SELE,SELE,SELE,SP100,FMO3,SELE,SELE,SELE,KIF1B,NID1,SELE,CTSB,SELE,SELE,CHDH,SELE,SELE,HSPA1A,SELE,SELE,SELE,SPTB,NADK,SELE,A1BG,SELE,SELE,SELE,SELE,TMEM98,SELE,SELE,SELE,MPO,GZMH,SELE,SELE,BAIAP3,SELE,GCLM,SELE,IL23A,SELE,SELE,IL11,SELE,SELE
DNAJC11,CPS1,DNAJC11,ANGPTL1,DNAJC11,VPS13D,SEC62,SPRTN,DNAJC11,OSM,DNAJC11,PTPRS,C5,,DNAJC11,CTTNBP2,RPUSD1,ICAM5,DNAJC11,CEACAM7,CD40,SS18L2,RHOBTB1,DNAJC11,DNAJC11,SERPINC1,DNAJC11,DNAJC11,CRP,DNAJC11,CYP3A43,DNAJC11,DNAJC11,TIMP2,DNAJC11,DNAJC11,ICAM1,DNAJC11,DNAJC11,DNAJC11,CCL26,DNAJC11,DNAJC11,DNAJC11,DNAJC11,DNAJC11,RAPGEF1,DNAJC11,C1RL,DNAJC11,DNAJC11,DNAJC11,SCN4A,DNAJC11,DNAJC11,DNAJC11,IL7,PSMB1,DNAJC11,DNAJC11,DNAJC11,USH1C,SEMA5B,DNAJC11,GCSF,DNAJC11,DNAJC11,IL20RA,DNAJC11,DNAJC11,ADAM9,DNAJC11,DNAJC11,DNAJC11,PLG,TFAP2B,DNAJC11,APOB,DNAJC11,DNAJC11,DNAJC11,DNAJC11,MAP3K14,DNAJC11,DNAJC11,DNAJC11,CEACAM8,LTBP4,DNAJC11,DNAJC11,CRAMP1,DNAJC11,IL26,DNAJC11,PKD1,DNAJC11,DNAJC11,IL17A,DNAJC11,DNAJC11
FMO3,C8B,FMO3,ANGPTL2,FMO3,CELF2,CSDE1,STARD3NL,FMO3,TNFRSF17,FMO3,IL17C,VEGFB,,FMO3,ACTL6B,RHBDF1,LIMS2,FMO3,LIG3,CEACAM1,MGST1,HSP90AA1,FMO3,FMO3,GLRX2,FMO3,FMO3,LTF,FMO3,OSBPL5,FMO3,FMO3,IL17F,FMO3,FMO3,HSPA5,FMO3,FMO3,FMO3,FARP2,FMO3,FMO3,FMO3,FMO3,FMO3,NPDC1,FMO3,CRTAC1,FMO3,FMO3,FMO3,ST7L,FMO3,FMO3,FMO3,TFAP2C,JARID2,FMO3,FMO3,FMO3,GGCT,SERPINC1,FMO3,RHBDF2,FMO3,FMO3,CLCA1,FMO3,FMO3,TNFRSF1A,FMO3,FMO3,FMO3,SPARC,TFAP2D,FMO3,B2M,FMO3,FMO3,FMO3,FMO3,ABCC8,FMO3,FMO3,FMO3,CX3CL1,PIM1,FMO3,FMO3,SELE,FMO3,IL4I1,FMO3,LTBR,FMO3,FMO3,IL17F,FMO3,FMO3
MYLIP,GRAMD1A,MYLIP,SAA2,MYLIP,H6PD,UBE3C,CD9,MYLIP,NFIX,MYLIP,IL6R,OSM,,MYLIP,RARB,LUC7L,CYBRD1,MYLIP,MMP25,C8B,FCGRT,ADCY2,MYLIP,MYLIP,PLAUR,MYLIP,MYLIP,IL1A,MYLIP,AQR,MYLIP,MYLIP,LIFR,MYLIP,MYLIP,CTSB,MYLIP,MYLIP,MYLIP,USH1C,MYLIP,MYLIP,MYLIP,MYLIP,MYLIP,APBA1,MYLIP,SLC7A9,MYLIP,MYLIP,MYLIP,PAX6,MYLIP,MYLIP,MYLIP,ANGPTL4,CAMK1G,MYLIP,MYLIP,MYLIP,TBXA2R,ANGPTL4,MYLIP,CD33,MYLIP,MYLIP,CLCA4,MYLIP,MYLIP,ADAM17,MYLIP,MYLIP,MYLIP,BHLHE40,CYTH3,MYLIP,SERPINA6,MYLIP,MYLIP,MYLIP,MYLIP,CACNG3,MYLIP,MYLIP,MYLIP,AOC1,F3,MYLIP,MYLIP,DNAJC11,MYLIP,IFNA21,MYLIP,LILRB5,MYLIP,MYLIP,IL18,MYLIP,MYLIP
E2F2,NDUFS1,E2F2,ANGPTL3,E2F2,VAMP3,REV3L,NCAPD2,E2F2,AQR,E2F2,NLRP1,GNB1,,E2F2,TOP2B,CACNA2D2,LGALS1,E2F2,NFIX,CA12,GCLM,GDI2,E2F2,E2F2,GCLM,E2F2,E2F2,IL1R1,E2F2,RTF2,E2F2,E2F2,ANGPT4,E2F2,E2F2,ASNS,E2F2,E2F2,E2F2,GGCT,E2F2,E2F2,E2F2,E2F2,E2F2,SETX,E2F2,ITGA3,E2F2,E2F2,E2F2,RPUSD1,E2F2,E2F2,E2F2,SCARF1,NADK,E2F2,E2F2,E2F2,INHBB,VEGFA,E2F2,LAMA1,E2F2,E2F2,GLT8D1,E2F2,E2F2,ITGAL,E2F2,E2F2,E2F2,CD274,ADAM22,E2F2,HP,E2F2,E2F2,E2F2,E2F2,TMEM132A,E2F2,E2F2,E2F2,SAA1,PLEKHO1,E2F2,E2F2,MYLIP,E2F2,ADAM7,E2F2,SLAMF1,E2F2,E2F2,IL2,E2F2,E2F2
PSMB1,BIRC3,PSMB1,TIMP2,PSMB1,TNFRSF9,PAX7,GIPR,PSMB1,MYL6,PSMB1,FCGR3B,ANXA1,,PSMB1,TM9SF3,BAIAP3,SELL,PSMB1,PLAUR,CACNA1G,ELAC2,PLAUR,PSMB1,PSMB1,SERPINA1,PSMB1,PSMB1,GIPR,PSMB1,GABRA1,PSMB1,PSMB1,LTBP1,PSMB1,PSMB1,IL20RA,PSMB1,PSMB1,PSMB1,DBF4,PSMB1,PSMB1,PSMB1,PSMB1,PSMB1,SH3GL2,PSMB1,SEMA3A,PSMB1,PSMB1,PSMB1,RHBDF1,PSMB1,PSMB1,PSMB1,SEMA3C,DPM1,PSMB1,PSMB1,PSMB1,MSH4,ANXA5,PSMB1,ZBTB16,PSMB1,PSMB1,ATP2C1,PSMB1,PSMB1,IL6,PSMB1,PSMB1,PSMB1,ADCYAP1R1,CYB561,PSMB1,HBA1,PSMB1,PSMB1,PSMB1,PSMB1,AP2B1,PSMB1,PSMB1,PSMB1,SPP2,SP100,PSMB1,PSMB1,E2F2,PSMB1,CD160,PSMB1,HSPA5,PSMB1,PSMB1,IL20,PSMB1,PSMB1
JARID2,ALOX5,JARID2,BTN3A1,JARID2,EPN3,MASP2,STAB1,JARID2,BIRC3,JARID2,IL1RL1,CDON,,JARID2,NFKB2,TSR3,OSGEP,JARID2,GP6,CASP8,LY75,BAIAP3,JARID2,JARID2,HFE,JARID2,JARID2,CCL28,JARID2,ZNF839,JARID2,JARID2,CD4,JARID2,JARID2,HGF,JARID2,JARID2,JARID2,TBXA2R,JARID2,JARID2,JARID2,JARID2,JARID2,PTGDS,JARID2,TNFSF13,JARID2,JARID2,JARID2,LUC7L,JARID2,JARID2,JARID2,NID1,SCYL3,JARID2,JARID2,JARID2,C3orf18,AHR,JARID2,CD274,JARID2,JARID2,RALBP1,JARID2,JARID2,IFNG,JARID2,JARID2,JARID2,HAMP,SPAG9,JARID2,HBA2,JARID2,JARID2,JARID2,JARID2,TAC1,JARID2,JARID2,JARID2,LTF,HSPA1A,JARID2,JARID2,PSMB1,JARID2,BTN2A1,JARID2,ICAM3,JARID2,JARID2,IL26,JARID2,JARID2
CAMK1G,EHD2,CAMK1G,IL6,CAMK1G,LTBP1,IYD,FUZ,CAMK1G,CDON,CAMK1G,IL1RL2,IL7,,CAMK1G,UBE2T,PIGQ,CXCL6,CAMK1G,MAPK8IP2,CD44,BAIAP2L1,PLEKHO1,CAMK1G,CAMK1G,LTBR,CAMK1G,CAMK1G,PLA2G2C,CAMK1G,ZDHHC6,CAMK1G,CAMK1G,ANGPTL2,CAMK1G,CAMK1G,CTSB,CAMK1G,CAMK1G,CAMK1G,IFRD1,CAMK1G,CAMK1G,CAMK1G,CAMK1G,CAMK1G,ABCA2,CAMK1G,CD22,CAMK1G,CAMK1G,CAMK1G,CACNA2D2,CAMK1G,CAMK1G,CAMK1G,SLC11A2,C1orf112,CAMK1G,CAMK1G,CAMK1G,CD209,IL34,CAMK1G,HSPA9,CAMK1G,CAMK1G,RUFY3,CAMK1G,CAMK1G,GZMB,CAMK1G,CAMK1G,CAMK1G,ITGB5,AASS,CAMK1G,ALB,CAMK1G,CAMK1G,CAMK1G,CAMK1G,ZNF263,CAMK1G,CAMK1G,CAMK1G,LCN2,HSPA8,CAMK1G,CAMK1G,SS18L2,CAMK1G,BTN2A2,CAMK1G,CLEC4M,CAMK1G,CAMK1G,IL2RB,CAMK1G,CAMK1G
CDK11A,PHF20,CDK11A,SAA4,CDK11A,ELN,FAM76A,SLC6A13,CDK11A,CD7,CDK11A,SLC11A2,HSPA8,,CDK11A,PPP1R12B,CRAMP1,IFNGR1,CDK11A,SEMA3F,BTNL3,ALDH3B1,ANXA13,CDK11A,CDK11A,PLAUR,CDK11A,CDK11A,CCL20,CDK11A,RB1CC1,CDK11A,CDK11A,CXCL14,CDK11A,CDK11A,ADAM28,CDK11A,CDK11A,CDK11A,LGALS14,CDK11A,CDK11A,CDK11A,CDK11A,CDK11A,SHB,CDK11A,ALOX5,CDK11A,CDK11A,CDK11A,BAIAP3,CDK11A,CDK11A,CDK11A,MMP8,FGR,CDK11A,CDK11A,CDK11A,PRDM1,SEMA3E,CDK11A,PLA2G15,CDK11A,CDK11A,CNTN1,CDK11A,CDK11A,FMO3,CDK11A,CDK11A,CDK11A,CTSG,PLEKHG6,CDK11A,CST3,CDK11A,CDK11A,CDK11A,CDK11A,CX3CL1,CDK11A,CDK11A,CDK11A,MMP2,IL15RA,CDK11A,CDK11A,MGST1,CDK11A,FUCA1,CDK11A,PTPN6,CDK11A,CDK11A,IL34,CDK11A,CDK11A
NADK,GPRC5A,NADK,LYPD3,NADK,RFC2,TRAF3IP3,PRSS3,NADK,OSBPL5,NADK,C8A,S100A7,,NADK,DNAJC10,TEAD3,C5,NADK,MLXIPL,BID,IL5RA,BIRC3,NADK,NADK,CD38,NADK,NADK,CRP,NADK,SNAPC1,NADK,NADK,CCL21,NADK,NADK,IL32,NADK,NADK,NADK,COX10,NADK,NADK,NADK,NADK,NADK,UBE2R2,NADK,EHD2,NADK,NADK,NADK,TSR3,NADK,NADK,NADK,ABCC1,CFH,NADK,NADK,NADK,ATG5,IL5RA,NADK,SERPINB3,NADK,NADK,SLC11A1,NADK,NADK,ASNS,NADK,NADK,NADK,LGALS14,MGST1,NADK,CST4,NADK,NADK,NADK,NADK,SPATA20,NADK,NADK,NADK,ICAM5,IL17C,NADK,NADK,NFIX,NADK,CD112,NADK,CCL20,NADK,NADK,INHBA,NADK,NADK
TFAP2B,GPATCH2,TFAP2B,IL34,TFAP2B,ARID1B,POMT2,FYN,TFAP2B,GNA11,TFAP2B,BIRC3,CD37,,TFAP2B,GTF3C1,CD4,ADGRG6,TFAP2B,TRAF1,BIRC3,MYH13,BPI,TFAP2B,TFAP2B,CD74,TFAP2B,TFAP2B,SPP2,TFAP2B,STRAP,TFAP2B,TFAP2B,IL1R1,TFAP2B,TFAP2B,CXCL12,TFAP2B,TFAP2B,TFAP2B,GTF2IRD1,TFAP2B,TFAP2B,TFAP2B,TFAP2B,TFAP2B,ABHD17B,TFAP2B,LTBP1,TFAP2B,TFAP2B,TFAP2B,PIGQ,TFAP2B,TFAP2B,TFAP2B,GPX2,FUCA2,TFAP2B,TFAP2B,TFAP2B,IL20RA,RORA,TFAP2B,LY75,TFAP2B,TFAP2B,AGPS,TFAP2B,TFAP2B,LTF,TFAP2B,TFAP2B,TFAP2B,MSH4,NFIX,TFAP2B,LYZ,TFAP2B,TFAP2B,TFAP2B,TFAP2B,CACNA1G,TFAP2B,TFAP2B,TFAP2B,CD33,IFIT3,TFAP2B,TFAP2B,MMP25,TFAP2B,CD2,TFAP2B,ANGPT2,TFAP2B,TFAP2B,INPP4A,TFAP2B,TFAP2B
TFAP2D,ANLN,TFAP2D,CST3,TFAP2D,CLPTM1L,VTA1,LYPLA2,TFAP2D,IL1R2,TFAP2D,FCN1,CTSA,,TFAP2D,IL4R,FUZ,ANGPT2,TFAP2D,IKZF2,BIRC5,ADAMTS6,TNFRSF9,TFAP2D,TFAP2D,A2M,TFAP2D,TFAP2D,TREM1,TFAP2D,EHD2,TFAP2D,TFAP2D,IL37,TFAP2D,TFAP2D,SEMA3A,TFAP2D,TFAP2D,TFAP2D,PAF1,TFAP2D,TFAP2D,TFAP2D,TFAP2D,TFAP2D,EXOSC3,TFAP2D,ICAM5,TFAP2D,TFAP2D,TFAP2D,CRAMP1,TFAP2D,TFAP2D,TFAP2D,IL17A,GCLC,TFAP2D,TFAP2D,TFAP2D,CLCA1,GZMH,TFAP2D,TNIP3,TFAP2D,TFAP2D,ZNF806,TFAP2D,TFAP2D,IL6,TFAP2D,TFAP2D,TFAP2D,AASS,MMP25,TFAP2D,CRP,TFAP2D,TFAP2D,TFAP2D,TFAP2D,TNFRSF12A,TFAP2D,TFAP2D,TFAP2D,IL10,CXCL6,TFAP2D,TFAP2D,PKD1,TFAP2D,FCER2,TFAP2D,ADAM15,TFAP2D,TFAP2D,ITGA3,TFAP2D,TFAP2D
DLEC1,DCN,DLEC1,LTA,DLEC1,NEDD4L,MLXIPL,CLCN6,DLEC1,HHAT,DLEC1,ICAM2,CCL20,,DLEC1,USP33,SLC6A13,IL12RB1,DLEC1,IKBKB,BCAR1,IL20,CXCL9,DLEC1,DLEC1,LYZ,DLEC1,DLEC1,GZMA,DLEC1,DEPDC1,DLEC1,DLEC1,TGFB2,DLEC1,DLEC1,CCL26,DLEC1,DLEC1,DLEC1,VPS41,DLEC1,DLEC1,DLEC1,DLEC1,DLEC1,ZFAND5,DLEC1,MMP2,DLEC1,DLEC1,DLEC1,TEAD3,DLEC1,DLEC1,DLEC1,SERPINB6,NFYA,DLEC1,DLEC1,DLEC1,CLCA4,CTNNB1,DLEC1,GP6,DLEC1,DLEC1,ATP1A2,DLEC1,DLEC1,IRAK3,DLEC1,DLEC1,DLEC1,F11,MAPK8IP2,DLEC1,APOH,DLEC1,DLEC1,DLEC1,DLEC1,DLX6,DLEC1,DLEC1,DLEC1,ICAM4,CCL26,DLEC1,DLEC1,MED24,DLEC1,CD37,DLEC1,NLRC5,DLEC1,DLEC1,ITGA6,DLEC1,DLEC1
CYTH3,TYROBP,CYTH3,LILRB3,CYTH3,HEXB,BAZ1B,MRC2,CYTH3,LY75,CYTH3,LAG3,GZMK,,CYTH3,SNRPA,PRSS3,BTN3A1,CYTH3,TRAF3IP2,CA9,PLAUR,LGALS2,CYTH3,CYTH3,TF,CYTH3,CYTH3,,CYTH3,PHF20,CYTH3,CYTH3,TGFB1,CYTH3,CYTH3,MPO,CYTH3,CYTH3,CYTH3,ARHGAP44,CYTH3,CYTH3,CYTH3,CYTH3,CYTH3,DVL1,CYTH3,SPDL1,CYTH3,CYTH3,CYTH3,SELE,CYTH3,CYTH3,CYTH3,ALAS1,STPG1,CYTH3,CYTH3,CYTH3,IGF1,CD274,CYTH3,RGS17,CYTH3,CYTH3,TTC27,CYTH3,CYTH3,LYZ,CYTH3,CYTH3,CYTH3,ASAH1,MED24,CYTH3,SAA1,CYTH3,CYTH3,CYTH3,CYTH3,MAP3K9,CYTH3,CYTH3,CYTH3,LBP,SPAG9,CYTH3,CYTH3,HEATR5B,CYTH3,ITGA6,CYTH3,ITGA2B,CYTH3,CYTH3,ITGAE,CYTH3,CYTH3
ADAM22,TMEM159,ADAM22,CCL28,ADAM22,DKK3,RANBP9,TSPAN9,ADAM22,SERPINB3,ADAM22,MPO,IL23A,,ADAM22,SPAG6,CD4,GNB1,ADAM22,NOS2,C8B,CLPTM1L,CD200,ADAM22,ADAM22,CD79B,ADAM22,ADAM22,,ADAM22,HSD17B6,ADAM22,ADAM22,CCL17,ADAM22,ADAM22,MMP25,ADAM22,ADAM22,ADAM22,ELAC2,ADAM22,ADAM22,ADAM22,ADAM22,ADAM22,PDLIM1,ADAM22,TNFAIP8,ADAM22,ADAM22,ADAM22,DNAJC11,ADAM22,ADAM22,ADAM22,IBTK,NIPAL3,ADAM22,ADAM22,ADAM22,SLC11A1,IRAK3,ADAM22,MMP8,ADAM22,ADAM22,ZNF582,ADAM22,ADAM22,ICAM1,ADAM22,ADAM22,ADAM22,LHB,CSDE1,ADAM22,F11,ADAM22,ADAM22,ADAM22,ADAM22,RALA,ADAM22,ADAM22,ADAM22,FCGR2B,NFIX,ADAM22,ADAM22,SEC62,ADAM22,ITGB5,ADAM22,HMOX1,ADAM22,ADAM22,ITGAL,ADAM22,ADAM22
SYPL1,SEMA3B,SYPL1,IL12A,SYPL1,SLC4A8,ETV7,UTP18,SYPL1,GPAM,SYPL1,CCL20,GZMA,,SYPL1,EXOSC5,LRRC23,IL4,SYPL1,CEACAM6,C6,FNIP2,CEBPB,SYPL1,SYPL1,CD6,SYPL1,SYPL1,,SYPL1,TRAF3IP3,SYPL1,SYPL1,TNFSF11,SYPL1,SYPL1,TFEC,SYPL1,SYPL1,SYPL1,SCIN,SYPL1,SYPL1,SYPL1,SYPL1,SYPL1,CCNJ,SYPL1,NFIX,SYPL1,SYPL1,SYPL1,FMO3,SYPL1,SYPL1,SYPL1,SLC45A4,ENPP4,SYPL1,SYPL1,SYPL1,PAFAH1B1,TNFRSF10A,SYPL1,IFIT2,SYPL1,SYPL1,VSIG2,SYPL1,SYPL1,LGALS9,SYPL1,SYPL1,SYPL1,SAA2,REV3L,SYPL1,C8A,SYPL1,SYPL1,SYPL1,SYPL1,BAIAP2L1,SYPL1,SYPL1,SYPL1,C8B,SPHK2,SYPL1,SYPL1,CSDE1,SYPL1,ICAM4,SYPL1,PRF1P1,SYPL1,SYPL1,ITGB5,SYPL1,SYPL1
CYB561,EXTL3,CYB561,MMP8,CYB561,LAMC3,SPRTN,PTBP1,CYB561,SPAG9,CYB561,CD83,KYNU,,CYB561,DYNC1I2,HFE,IFNLR1,CYB561,AGK,CFTR,ALX4,AGER,CYB561,CYB561,HGF,CYB561,CYB561,,CYB561,VTA1,CYB561,CYB561,LTA,CYB561,CYB561,FCGR2B,CYB561,CYB561,CYB561,MYH13,CYB561,CYB561,CYB561,CYB561,CYB561,DNTT,CYB561,AGPAT4,CYB561,CYB561,CYB561,MYLIP,CYB561,CYB561,CYB561,MMP25,SEMA3F,CYB561,CYB561,CYB561,IL26,IL17F,CYB561,ADAMTS15,CYB561,CYB561,PHLDB1,CYB561,CYB561,MPO,CYB561,CYB561,CYB561,CD81,MASP2,CYB561,C6,CYB561,CYB561,CYB561,CYB561,KDM7A,CYB561,CYB561,CYB561,CTSG,ADAM22,CYB561,CYB561,UBE3C,CYB561,ICAM5,CYB561,CAMK2B,CYB561,CYB561,ITGB6,CYB561,CYB561
SPAG9,ALOX5AP,SPAG9,BTN3A3,SPAG9,PTGER3,EEF1AKNMT,DPF1,SPAG9,SCARB1,SPAG9,ADGRE3,IL10RA,,SPAG9,APBB1IP,SCMH1,SLC1A3,SPAG9,CD74,CA10,FSTL4,BTN3A1,SPAG9,SPAG9,,SPAG9,SPAG9,,SPAG9,EEF1AKNMT,SPAG9,SPAG9,LYZ,SPAG9,SPAG9,PLA2G10,SPAG9,SPAG9,SPAG9,CDKL3,SPAG9,SPAG9,SPAG9,SPAG9,SPAG9,GATA3,SPAG9,FCER2,SPAG9,SPAG9,SPAG9,E2F2,SPAG9,SPAG9,SPAG9,IL32,CFTR,SPAG9,SPAG9,SPAG9,CCL28,ADAM8,SPAG9,VEGFA,SPAG9,SPAG9,MARCO,SPAG9,SPAG9,MMP2,SPAG9,SPAG9,SPAG9,CTNNB1,IYD,SPAG9,SERPINC1,SPAG9,SPAG9,SPAG9,SPAG9,ETV1,SPAG9,SPAG9,SPAG9,CFH,IL20RA,SPAG9,SPAG9,REV3L,SPAG9,ASAH1,SPAG9,LTBR1,SPAG9,SPAG9,ITGB7,SPAG9,SPAG9
CELSR3,EHD3,CELSR3,LILRA5,CELSR3,TNIP3,DYRK4,LARS2,CELSR3,A2M,CELSR3,CEACAM5,GLI1,,CELSR3,LRCH4,FYN,SLAMF7,CELSR3,CTSA,BIRC2,TRAPPC3,CCL17,CELSR3,CELSR3,,CELSR3,CELSR3,,CELSR3,UQCRC1,CELSR3,CELSR3,CD14,CELSR3,CELSR3,LTF,CELSR3,CELSR3,CELSR3,UPP2,CELSR3,CELSR3,CELSR3,CELSR3,CELSR3,ATRNL1,CELSR3,AGR,CELSR3,CELSR3,CELSR3,PSMB1,CELSR3,CELSR3,CELSR3,IFRD1,ANKIB1,CELSR3,CELSR3,CELSR3,CD200,IL17C,CELSR3,TFEC,CELSR3,CELSR3,CYP24A1,CELSR3,CELSR3,TIMP1,CELSR3,CELSR3,CELSR3,TNFRSF10A,TRAF3IP3,CELSR3,C1QA,CELSR3,CELSR3,CELSR3,CELSR3,AGK,CELSR3,CELSR3,CELSR3,IL11,RGS17,CELSR3,CELSR3,MASP2,CELSR3,NLRC5,CELSR3,ANGPT4,CELSR3,CELSR3,ITGB8,CELSR3,CELSR3
AASS,NUB1,AASS,FCGR3B,AASS,MAPK9,ZNF207,PLAUR,AASS,TFRC,AASS,CR2,IL21R,,AASS,FAM76B,HIVEP2,CCL24,AASS,IFNG,CA12,SLC7A9,AGPAT4,AASS,AASS,,AASS,AASS,,AASS,CD9,AASS,AASS,IL1R2,AASS,AASS,ADAM7,AASS,AASS,AASS,PRSS21,AASS,AASS,AASS,AASS,AASS,HPS1,AASS,SEMA3C,AASS,AASS,AASS,JARID2,AASS,AASS,AASS,SLC25A3,CYP51A1,AASS,AASS,AASS,CMA1,HGFAC,AASS,GCLM,AASS,AASS,PRDM11,AASS,AASS,SAA1,AASS,AASS,AASS,TGFB2,POMT2,AASS,CPS1,AASS,AASS,AASS,AASS,ALDH3B1,AASS,AASS,AASS,FCGRT,FCGR1A,AASS,AASS,IYD,AASS,TYK2,AASS,IL17F,AASS,AASS,KCNN2,AASS,AASS
PLEKHG6,ANGEL1,PLEKHG6,CST4,PLEKHG6,COL23A1,UQCRC1,ANLN,PLEKHG6,LBP,PLEKHG6,LAG3,CD274,,PLEKHG6,SIRT6,FMO1,SLC4A4,PLEKHG6,LPAR2,CCL26,SERPINB3,IL23A,PLEKHG6,PLEKHG6,,PLEKHG6,PLEKHG6,,PLEKHG6,IFFO1,PLEKHG6,PLEKHG6,GCSF,PLEKHG6,PLEKHG6,PROM1,PLEKHG6,PLEKHG6,PLEKHG6,MARK4,PLEKHG6,PLEKHG6,PLEKHG6,PLEKHG6,PLEKHG6,PHYH,PLEKHG6,SERPINB8,PLEKHG6,PLEKHG6,PLEKHG6,CAMK1G,PLEKHG6,PLEKHG6,PLEKHG6,,KRIT1,PLEKHG6,PLEKHG6,PLEKHG6,IL11,P2RX7,PLEKHG6,IL18R1,PLEKHG6,PLEKHG6,SYT13,PLEKHG6,PLEKHG6,PTGS2,PLEKHG6,PLEKHG6,PLEKHG6,LBP,MLXIPL,PLEKHG6,ARG1,PLEKHG6,PLEKHG6,PLEKHG6,PLEKHG6,TTC22,PLEKHG6,PLEKHG6,PLEKHG6,TF,SELE,PLEKHG6,PLEKHG6,TRAF3IP3,PLEKHG6,ADAMTS6,PLEKHG6,SERPINC1,PLEKHG6,PLEKHG6,KMT2C,PLEKHG6,PLEKHG6
SS18L2,HEBP1,SS18L2,CXCL1,SS18L2,HERPUD1,STARD3NL,WIZ,SS18L2,CRP,SS18L2,PKP2,ALDH2,,SS18L2,TYR,ELOA,BTNL8,SS18L2,SEMA3C,CASP10,ST3GAL1,LTBR,SS18L2,SS18L2,,SS18L2,SS18L2,,SS18L2,GIPR,SS18L2,SS18L2,ADAM23,SS18L2,SS18L2,TNFRSF1A,SS18L2,SS18L2,SS18L2,PROM1,SS18L2,SS18L2,SS18L2,SS18L2,SS18L2,RASSF4,SS18L2,IFIT2,SS18L2,SS18L2,SS18L2,CDK11A,SS18L2,SS18L2,SS18L2,,RAD52,SS18L2,SS18L2,SS18L2,SERPINB6,IL1A,SS18L2,C1QTNF3,SS18L2,SS18L2,SNAI2,SS18L2,SS18L2,IL32,SS18L2,SS18L2,SS18L2,ITIH5,BAZ1B,SS18L2,AASS,SS18L2,SS18L2,SS18L2,SS18L2,PHTF2,SS18L2,SS18L2,SS18L2,CFHR2,IL26,SS18L2,SS18L2,FAM76A,SS18L2,IFNB1,SS18L2,TNF1,SS18L2,SS18L2,LAMB1,SS18L2,SS18L2
MPND,GPRC5A,MPND,CLCA1,MPND,HOMER3,CD9,RABGAP1,MPND,PLEKHA5,MPND,PLA2G15,H2AZ2,,MPND,POLD3,LYPLA2,BTN3A3,MPND,CTNNAL1,C1orf112,PLEKHA5,VEZT,MPND,MPND,,MPND,MPND,,MPND,PHF7,MPND,MPND,IL27RA,MPND,MPND,NOS2,MPND,MPND,MPND,CCDC124,MPND,MPND,MPND,MPND,MPND,DNMBP,MPND,IL5RA,MPND,MPND,MPND,NADK,MPND,MPND,MPND,,MYH16,MPND,MPND,MPND,F11,ANGPTL8,MPND,ANGPTL1,MPND,MPND,CD74,MPND,MPND,CCL2,MPND,MPND,MPND,RUNX3,ETV7,MPND,IDH3B,MPND,MPND,MPND,MPND,CCL26,MPND,MPND,MPND,ANGPT2,LYZ,MPND,MPND,POMT2,MPND,TRAF3,MPND,TNFRSF17,MPND,MPND,LAMC2,MPND,MPND
MGST1,ITGAL,MGST1,ANGPTL6,MGST1,CYBA,HHATL,DCN,MGST1,C8orf76,MGST1,FCGR2A,CD81,,MGST1,ACTN2,CLCN6,LYPLA2,MGST1,PRSS8,C5,RRP12,TFPI,MGST1,MGST1,,MGST1,MGST1,,MGST1,SEMA3G,MGST1,MGST1,CD33,MGST1,MGST1,IL1B,MGST1,MGST1,MGST1,CEACAM21,MGST1,MGST1,MGST1,MGST1,MGST1,RAB11FIP2,MGST1,FBLN1,MGST1,MGST1,MGST1,TFAP2D,MGST1,MGST1,MGST1,,BAD,MGST1,MGST1,MGST1,SIRPG,SEMA6A,MGST1,C5orf22,MGST1,MGST1,,MGST1,MGST1,CCL2,MGST1,MGST1,MGST1,RUNX1T1,DYRK4,MGST1,GLS,MGST1,MGST1,MGST1,MGST1,FARP2,MGST1,MGST1,MGST1,BTN3A1,RBM5,MGST1,MGST1,EEF1AKNMT,MGST1,RORA,MGST1,CTSH,MGST1,MGST1,LGALS1,MGST1,MGST1
CRY1,TACC3,CRY1,LYPD1,CRY1,HEBP2,NCAPD2,QPCTL,CRY1,KYNU,CRY1,TFAP2E,TIMP1,,CRY1,CAPZB,MRC2,TFEC,CRY1,HFE,AHR,FOXN3,CDH10,CRY1,CRY1,,CRY1,CRY1,,CRY1,STAB1,CRY1,CRY1,CTSB,CRY1,CRY1,MMP9,CRY1,CRY1,CRY1,PAFAH1B1,CRY1,CRY1,CRY1,CRY1,CRY1,CXCL12,CRY1,H6PD,CRY1,CRY1,CRY1,DLEC1,CRY1,CRY1,CRY1,,LAP3,CRY1,CRY1,CRY1,P2RX7,IL26,CRY1,TGFB1,CRY1,CRY1,,CRY1,CRY1,IL1B,CRY1,CRY1,CRY1,C3,UQCRC1,CRY1,ASS1,CRY1,CRY1,CRY1,CRY1,USH1C,CRY1,CRY1,CRY1,SAA4,STAB1,CRY1,CRY1,DYRK4,CRY1,MMP25,CRY1,AGR3,CRY1,CRY1,LY75,CRY1,CRY1
PGLYRP1,POLA2,PGLYRP1,NLRP14,PGLYRP1,PLEKHA5,IFFO1,PPP5C,PGLYRP1,THPO,PGLYRP1,SIGLEC10,CD8A,,PGLYRP1,GPR137B,NME1-NME2,IFIT2,PGLYRP1,CD33,CRAMP1,MPO,BTN3A3,PGLYRP1,PGLYRP1,,PGLYRP1,PGLYRP1,,PGLYRP1,SLC6A13,PGLYRP1,PGLYRP1,HMOX1,PGLYRP1,PGLYRP1,IL6,PGLYRP1,PGLYRP1,PGLYRP1,DNAH9,PGLYRP1,PGLYRP1,PGLYRP1,PGLYRP1,PGLYRP1,ERLIN1,PGLYRP1,CD79B,PGLYRP1,PGLYRP1,PGLYRP1,CYTH3,PGLYRP1,PGLYRP1,PGLYRP1,,HS3ST1,PGLYRP1,PGLYRP1,PGLYRP1,CD276,LTF,PGLYRP1,GLI2,PGLYRP1,PGLYRP1,,PGLYRP1,PGLYRP1,CD14,PGLYRP1,PGLYRP1,PGLYRP1,C5,CD9,PGLYRP1,GOT1,PGLYRP1,PGLYRP1,PGLYRP1,PGLYRP1,GGCT,PGLYRP1,PGLYRP1,PGLYRP1,SAA,CXCL12,PGLYRP1,PGLYRP1,STARD3NL,PGLYRP1,BTN2A3P,PGLYRP1,HMOX2,PGLYRP1,PGLYRP1,LYZ,PGLYRP1,PGLYRP1
NFIX,ZMYND11,NFIX,IL5RA,NFIX,PRSS8,GIPR,MAP4K3,NFIX,SLC45A4,NFIX,CD2,ZBP1,,NFIX,NAALAD2,SLC6A7,BTN3A1,NFIX,HSP90AA1,CD4,CIAPIN1,IFNG,NFIX,NFIX,,NFIX,NFIX,,NFIX,PRSS3,NFIX,NFIX,IL22,NFIX,NFIX,CXCL1,NFIX,NFIX,NFIX,KIAA0100,NFIX,NFIX,NFIX,NFIX,NFIX,EIF3A,NFIX,MYLIP,NFIX,NFIX,NFIX,ADAM22,NFIX,NFIX,NFIX,,AOC1,NFIX,NFIX,NFIX,IL23A,VEGFB,NFIX,FSTL1,NFIX,NFIX,,NFIX,NFIX,SPTB,NFIX,NFIX,NFIX,CPS1,NCAPD2,NFIX,GPT,NFIX,NFIX,NFIX,NFIX,DBF4,NFIX,NFIX,NFIX,GZMA,C8A,NFIX,NFIX,IFFO1,NFIX,TREML2,NFIX,CCL17,NFIX,NFIX,MACROH2A1,NFIX,NFIX
ST3GAL1,DPEP1,ST3GAL1,CD22,ST3GAL1,RRP12,PHF7,TYROBP,ST3GAL1,LPAR2,ST3GAL1,HSPA5,TNFSF10,,ST3GAL1,JADE1,TSPAN9,CD37,ST3GAL1,AHRR,C3,IER3,CXCL12,ST3GAL1,ST3GAL1,,ST3GAL1,ST3GAL1,,ST3GAL1,ZNF200,ST3GAL1,ST3GAL1,CD86,ST3GAL1,ST3GAL1,IL12B,ST3GAL1,ST3GAL1,ST3GAL1,SLC13A2,ST3GAL1,ST3GAL1,ST3GAL1,ST3GAL1,ST3GAL1,PKD2L1,ST3GAL1,ANGPT2,ST3GAL1,ST3GAL1,ST3GAL1,SYPL1,ST3GAL1,ST3GAL1,ST3GAL1,,WNT16,ST3GAL1,ST3GAL1,ST3GAL1,CPA1,AGR1,ST3GAL1,HGF,ST3GAL1,ST3GAL1,,ST3GAL1,ST3GAL1,HMOX1,ST3GAL1,ST3GAL1,ST3GAL1,ANGPT2,GIPR,ST3GAL1,GLUL,ST3GAL1,ST3GAL1,ST3GAL1,ST3GAL1,TBXA2R,ST3GAL1,ST3GAL1,ST3GAL1,TREML2,C8B,ST3GAL1,ST3GAL1,GIPR,ST3GAL1,TRAF6,ST3GAL1,CCL24,ST3GAL1,ST3GAL1,MAP3K1,ST3GAL1,ST3GAL1
MMP25,MATR3,MMP25,ADAM9,MMP25,FSTL4,SEMA3G,TMEM159,MMP25,ADAM28,MMP25,ACTB,LYVE1,,MMP25,FGFR1,BTBD7,FCGRT,MMP25,LYPLA1,CAMKK1,CD79B,SELL,MMP25,MMP25,,MMP25,MMP25,,MMP25,CD4,MMP25,MMP25,ANGPTL8,MMP25,MMP25,PRSS8,MMP25,MMP25,MMP25,GAS7,MMP25,MMP25,MMP25,MMP25,MMP25,CUBN,MMP25,CYBA,MMP25,MMP25,MMP25,CYB561,MMP25,MMP25,MMP25,,HECW1,MMP25,MMP25,MMP25,AGBL5,IL33,MMP25,IL17F,MMP25,MMP25,,MMP25,MMP25,IFNG,MMP25,MMP25,MMP25,HAMP,PHF7,MMP25,GLRX,MMP25,MMP25,MMP25,MMP25,IFRD1,MMP25,MMP25,MMP25,SERPINE1,TF,MMP25,MMP25,PHF7,MMP25,NLRP4,MMP25,CCL26,MMP25,MMP25,MARCO,MMP25,MMP25
IL32,NPC1L1,IL32,CCL21,IL32,METTL24,NISCH,BRCA1,IL32,ICAM4,IL32,IFRD1,HGFAC,,IL32,FKBP6,APBA3,LTA,IL32,ASAH1,CD38,CEACAM7,BIRC7,IL32,IL32,,IL32,IL32,,IL32,LYPLA2,IL32,IL32,IL4I1,IL32,IL32,PTPN4,IL32,IL32,IL32,TRAPPC6A,IL32,IL32,IL32,IL32,IL32,TRDMT1,IL32,TFAP4,IL32,IL32,IL32,SPAG9,IL32,IL32,IL32,,MAD1L1,IL32,IL32,IL32,NME8,MYL6,IL32,GABRA1,IL32,IL32,,IL32,IL32,CD163,IL32,IL32,IL32,HGD,SEMA3G,IL32,GLRX2,IL32,IL32,IL32,IL32,LGALS14,IL32,IL32,IL32,NMU,F7,IL32,IL32,SEMA3G,IL32,LGALS8,IL32,PRF2,IL32,IL32,MASP2,IL32,IL32
PKD1,XYLT2,PKD1,ANXA10,PKD1,MRTO4,STAB1,ERCC1,PKD1,IGSF9,PKD1,ACTN1,CD200,,PKD1,SMC1B,MKS1,IL4I1,PKD1,GNAI2,AASS,SPDL1,AHR,PKD1,PKD1,,PKD1,PKD1,,PKD1,CLCN6,PKD1,PKD1,ADAM7,PKD1,PKD1,LILRB1,PKD1,PKD1,PKD1,MATK,PKD1,PKD1,PKD1,PKD1,PKD1,DDX50,PKD1,ANXA1,PKD1,PKD1,PKD1,CELSR3,PKD1,PKD1,PKD1,,LASP1,PKD1,PKD1,PKD1,CEACAM7,IL1RL1,PKD1,AASS,PKD1,PKD1,,PKD1,PKD1,ITGA6,PKD1,PKD1,PKD1,LCN2,STAB1,PKD1,ACAT1,PKD1,PKD1,PKD1,PKD1,COX10,PKD1,PKD1,PKD1,C6,FCGR1A,PKD1,PKD1,NISCH,PKD1,CD200R1,PKD1,CTSC,PKD1,PKD1,MATK,PKD1,PKD1
MAPK8IP2,STMN4,MAPK8IP2,ARG2,MAPK8IP2,MCF2L2,FUZ,CD22,MAPK8IP2,SEMA3B,MAPK8IP2,IL36G,CD276,,MAPK8IP2,FBLN1,ABHD5,RHBDF2,MAPK8IP2,TYMP,CCL2,SNAI2,LYVE1,MAPK8IP2,MAPK8IP2,,MAPK8IP2,MAPK8IP2,,MAPK8IP2,SLC6A7,MAPK8IP2,MAPK8IP2,ITGAL,MAPK8IP2,MAPK8IP2,ANGPTL4,MAPK8IP2,MAPK8IP2,MAPK8IP2,CEACAM7,MAPK8IP2,MAPK8IP2,MAPK8IP2,MAPK8IP2,MAPK8IP2,MAPK8,MAPK8IP2,ALDH3A2,MAPK8IP2,MAPK8IP2,MAPK8IP2,AASS,MAPK8IP2,MAPK8IP2,MAPK8IP2,,SNX11,MAPK8IP2,MAPK8IP2,MAPK8IP2,FCN3,AGR4,MAPK8IP2,SERPINI2,MAPK8IP2,MAPK8IP2,,MAPK8IP2,MAPK8IP2,CD38,MAPK8IP2,MAPK8IP2,MAPK8IP2,LTF,FUZ,MAPK8IP2,ACOX1,MAPK8IP2,MAPK8IP2,MAPK8IP2,MAPK8IP2,GTF2IRD1,MAPK8IP2,MAPK8IP2,MAPK8IP2,CEACAM5,AASS,MAPK8IP2,MAPK8IP2,SLC6A13,MAPK8IP2,IL20,MAPK8IP2,LTBR2,MAPK8IP2,MAPK8IP2,MCAM,MAPK8IP2,MAPK8IP2
MED24,NUDCD3,MED24,IL22,MED24,LAMA3,SLC6A13,SEMA3B,MED24,FCGR1A,MED24,IL36RN,IFIT2,,MED24,ITGA8,AKAP8L,ANGPT4,MED24,LYPD3,CD74,BAIAP3,ADAM12,MED24,MED24,,MED24,MED24,,MED24,TSPAN9,MED24,MED24,SERPINB3,MED24,MED24,TFAP2D,MED24,MED24,MED24,CD79B,MED24,MED24,MED24,MED24,MED24,SEC23IP,MED24,KYNU,MED24,MED24,MED24,PLEKHG6,MED24,MED24,MED24,,TMEM176A,MED24,MED24,MED24,SAA3,IFNA6,MED24,MPO,MED24,MED24,,MED24,MED24,LYZ,MED24,MED24,MED24,MPO,SLC6A13,MED24,ACP3,MED24,MED24,MED24,MED24,PAF1,MED24,MED24,MED24,CRP,KYNU,MED24,MED24,PRSS3,MED24,FOSB,MED24,LGALS2,MED24,MED24,MDH1,MED24,MED24
RHOBTB2,CLCA1,RHOBTB2,CCL20,RHOBTB2,ANAPC4,PRSS3,EXTL3,RHOBTB2,TNFSF9,RHOBTB2,ADAM28,TNFSF4,,RHOBTB2,CST7,MBTD1,C5orf22,RHOBTB2,BPI,CDC27,SLC17A2,ICAM2,RHOBTB2,RHOBTB2,,RHOBTB2,RHOBTB2,,RHOBTB2,APBA3,RHOBTB2,RHOBTB2,PKP2,RHOBTB2,RHOBTB2,TFEC,RHOBTB2,RHOBTB2,RHOBTB2,SCN4A,RHOBTB2,RHOBTB2,RHOBTB2,RHOBTB2,RHOBTB2,ATE1,RHOBTB2,ANGPTL1,RHOBTB2,RHOBTB2,RHOBTB2,SS18L2,RHOBTB2,RHOBTB2,RHOBTB2,,M6PR,RHOBTB2,RHOBTB2,RHOBTB2,ALOX12,CGB2,RHOBTB2,CLEC11A,RHOBTB2,RHOBTB2,,RHOBTB2,RHOBTB2,MMP9,RHOBTB2,RHOBTB2,RHOBTB2,PGLYRP1,PRSS3,RHOBTB2,ACP5,RHOBTB2,RHOBTB2,RHOBTB2,RHOBTB2,VPS41,RHOBTB2,RHOBTB2,RHOBTB2,SCT,CD22,RHOBTB2,RHOBTB2,ZNF200,RHOBTB2,PLA2G12A,RHOBTB2,LTBR3,RHOBTB2,RHOBTB2,MIPEP,RHOBTB2,RHOBTB2
HEATR5B,CLCA4,HEATR5B,PLA2G3,HEATR5B,KCNQ1,ZNF200,ALOX5,HEATR5B,ANGPTL4,HEATR5B,ADGRA2,CD84,,HEATR5B,MAP2,UTP18,SERPINB6,HEATR5B,IL5RA,CCL7,CPS1,CCL21,HEATR5B,HEATR5B,,HEATR5B,HEATR5B,,HEATR5B,MKS1,HEATR5B,HEATR5B,SERPINB1,HEATR5B,HEATR5B,HAMP,HEATR5B,HEATR5B,HEATR5B,ST7L,HEATR5B,HEATR5B,HEATR5B,HEATR5B,HEATR5B,NSMCE4A,HEATR5B,LGALS1,HEATR5B,HEATR5B,HEATR5B,MPND,HEATR5B,HEATR5B,HEATR5B,,CYP26B1,HEATR5B,HEATR5B,HEATR5B,ABCC3,PTPN3,HEATR5B,PLA2G4C,HEATR5B,HEATR5B,,HEATR5B,HEATR5B,FCGRT,HEATR5B,HEATR5B,HEATR5B,SAA4,CD4,HEATR5B,ACP2,HEATR5B,HEATR5B,HEATR5B,HEATR5B,ARHGAP44,HEATR5B,HEATR5B,HEATR5B,TNFSF10,IL20RA,HEATR5B,HEATR5B,HFE,HEATR5B,CD81,HEATR5B,CAMK2G,HEATR5B,HEATR5B,MMP2,HEATR5B,HEATR5B
SEC62,GLT8D1,SEC62,AGR2,SEC62,THRAP3,CD4,CALCOCO1,SEC62,EHD2,SEC62,IL17RB,PLA2G10,,SEC62,PIAS2,TTC19,IL5RA,SEC62,ICAM5,CD33,RCN1,CCL28,SEC62,SEC62,,SEC62,SEC62,,SEC62,AKAP8L,SEC62,SEC62,F7,SEC62,SEC62,PROM1,SEC62,SEC62,SEC62,PAX6,SEC62,SEC62,SEC62,SEC62,SEC62,PLEKHA1,SEC62,SLC11A1,SEC62,SEC62,SEC62,MGST1,SEC62,SEC62,SEC62,,ICA1,SEC62,SEC62,SEC62,CPA4,HGF,SEC62,C8B,SEC62,SEC62,,SEC62,SEC62,A2M,SEC62,SEC62,SEC62,TF,HFE,SEC62,ACP1,SEC62,SEC62,SEC62,SEC62,ELAC2,SEC62,SEC62,SEC62,FCN1,PLAUR,SEC62,SEC62,SCMH1,SEC62,SPINT2,SEC62,CTSS,SEC62,SEC62,MPO,SEC62,SEC62
CSDE1,IGF1,CSDE1,ADAM10,CSDE1,PHPT1,LRRC23,UBR7,CSDE1,LYPLA2,CSDE1,F7,AGER,,CSDE1,AMPH,PTBP1,C20orf27,CSDE1,ALOX5,,ARID1B,TNFSF4,CSDE1,CSDE1,,CSDE1,CSDE1,,CSDE1,MBTD1,CSDE1,CSDE1,ADAM2,CSDE1,CSDE1,ADIPOR2,CSDE1,CSDE1,CSDE1,RPUSD1,CSDE1,CSDE1,CSDE1,CSDE1,CSDE1,PALD1,CSDE1,ALDH18A1,CSDE1,CSDE1,CSDE1,CRY1,CSDE1,CSDE1,CSDE1,,DBNDD1,CSDE1,CSDE1,CSDE1,IL1R2,CGB3,CSDE1,PLEKHH1,CSDE1,CSDE1,,CSDE1,CSDE1,C5,CSDE1,CSDE1,CSDE1,TFPI,FYN,CSDE1,ACP4,CSDE1,CSDE1,CSDE1,CSDE1,SCIN,CSDE1,CSDE1,CSDE1,C1QA,SP100,CSDE1,CSDE1,HIVEP2,CSDE1,MMP8,CSDE1,ANGPT1,CSDE1,CSDE1,MSANTD3,CSDE1,CSDE1
UBE3C,SLC11A1,UBE3C,SLAMF7,UBE3C,ENTPD2,HFE,MAP4K5,UBE3C,ADAM7,UBE3C,ITGA3,IFRD1,,UBE3C,MCCC1,DPF1,LTBP4,UBE3C,CD86,,CD74,NRP1,UBE3C,UBE3C,,UBE3C,UBE3C,,UBE3C,RNF216,UBE3C,UBE3C,IL1RL1,UBE3C,UBE3C,,UBE3C,UBE3C,UBE3C,RHBDF1,UBE3C,UBE3C,UBE3C,UBE3C,UBE3C,UNC5B,UBE3C,ANGPTL4,UBE3C,UBE3C,UBE3C,NFIX,UBE3C,UBE3C,UBE3C,,ALS2,UBE3C,UBE3C,UBE3C,GHR,IL18R1,UBE3C,SERPINA1,UBE3C,UBE3C,,UBE3C,UBE3C,C8B,UBE3C,UBE3C,UBE3C,IL1A,FMO1,UBE3C,ADK,UBE3C,UBE3C,UBE3C,UBE3C,MYH13,UBE3C,UBE3C,UBE3C,AHR,CLEC4A,UBE3C,UBE3C,ELOA,UBE3C,IL6,UBE3C,NLRP12,UBE3C,UBE3C,MT4,UBE3C,UBE3C
REV3L,ATP2C1,REV3L,BTN2A1,REV3L,LY75,SCMH1,EHD3,REV3L,TFAP4,REV3L,IL17RD,ADIPOR2,,REV3L,LAMP3,SYT7,KYNU,REV3L,LAMA3,,ARPC3,TNFSF11,REV3L,REV3L,,REV3L,REV3L,,REV3L,,REV3L,REV3L,RELB,REV3L,REV3L,,REV3L,REV3L,REV3L,LUC7L,REV3L,REV3L,REV3L,REV3L,REV3L,CDH23,REV3L,KYNU,REV3L,REV3L,REV3L,ST3GAL1,REV3L,REV3L,REV3L,,CASP10,REV3L,REV3L,REV3L,MSR1,IL18RAP,REV3L,AQR,REV3L,REV3L,,REV3L,REV3L,F11,REV3L,REV3L,REV3L,ITGAL,ELOA,REV3L,ADA,REV3L,REV3L,REV3L,REV3L,ADIPOR2,REV3L,REV3L,REV3L,SERPINC1,CXCL6,REV3L,REV3L,LYPLA2,REV3L,CD101,REV3L,PRF2P1,REV3L,REV3L,MYBL2,REV3L,REV3L
PAX7,WWTR1,PAX7,CEBPE,PAX7,ARID4B,FYN,PSMC4,PAX7,TGM1,PAX7,PLAUR,CD79B,,PAX7,FAP,LARS2,CCL21,PAX7,ALDH18A1,,MYO9A,SELE,PAX7,PAX7,,PAX7,PAX7,,PAX7,,PAX7,PAX7,TGFBR3,PAX7,PAX7,,PAX7,PAX7,PAX7,CACNA2D2,PAX7,PAX7,PAX7,PAX7,PAX7,VSIR,PAX7,CTSH,PAX7,PAX7,PAX7,MMP25,PAX7,PAX7,PAX7,,CFLAR,PAX7,PAX7,PAX7,IL21,FGF1,PAX7,AOC1,PAX7,PAX7,,PAX7,PAX7,GCLM,PAX7,PAX7,PAX7,ITGA3,LYPLA2,PAX7,ACP5,PAX7,PAX7,PAX7,PAX7,CDKL3,PAX7,PAX7,PAX7,AFP,PGLYRP1,PAX7,PAX7,CLCN6,PAX7,LGMN,PAX7,FCGR3B,PAX7,PAX7,MYH13,PAX7,PAX7
MASP2,ZNF582,MASP2,IL11,MASP2,OPN3,HIVEP2,MAN2B2,MASP2,ALDH3B1,MASP2,PGLYRP1,BPIFB2,,MASP2,NEBL,PIK3C2A,CD200,MASP2,HSPA5,,ASB4,IL4,MASP2,MASP2,,MASP2,MASP2,,MASP2,,MASP2,MASP2,PROM1,MASP2,MASP2,,MASP2,MASP2,MASP2,BAIAP3,MASP2,MASP2,MASP2,MASP2,MASP2,SPOCK2,MASP2,ABHD5,MASP2,MASP2,MASP2,MAPK8IP2,MASP2,MASP2,MASP2,,TFPI,MASP2,MASP2,MASP2,ABCC2,ADAMTS2,MASP2,FUCA2,MASP2,MASP2,,MASP2,MASP2,C1QTNF3,MASP2,MASP2,MASP2,ITGA2B,MRC2,MASP2,ACP3,MASP2,MASP2,MASP2,MASP2,UPP2,MASP2,MASP2,MASP2,ELN,,MASP2,MASP2,MRC2,MASP2,CXCL6,MASP2,CCL28,MASP2,MASP2,NCDN,MASP2,MASP2
IYD,SLC66A1,IYD,IL27,IYD,DNAJA2,FMO1,SLC7A14,IYD,ITIH4,IYD,SERPINB6,SERPINB7,,IYD,ACER3,PLAUR,IL17F,IYD,MARK4,,ASB1,IL5,IYD,IYD,,IYD,IYD,,IYD,,IYD,IYD,FCGR3B,IYD,IYD,,IYD,IYD,IYD,TSR3,IYD,IYD,IYD,IYD,IYD,MICU1,IYD,AGPS,IYD,IYD,IYD,MED24,IYD,IYD,IYD,,NDUFAF7,IYD,IYD,IYD,AGR1,CDH3,IYD,LYZL1,IYD,IYD,,IYD,IYD,SERPINE1,IYD,IYD,IYD,FCGR3B,NME1-NME2,IYD,ADRM1,IYD,IYD,IYD,IYD,PRSS21,IYD,IYD,IYD,ALAS1,,IYD,IYD,TSPAN9,IYD,SPPL2A,IYD,ANGEL1,IYD,IYD,NDRG1,IYD,IYD
FAM76A,CTNS,FAM76A,TNFSF19,FAM76A,BCL3,ELOA,CLDN11,FAM76A,C12orf4,FAM76A,IL23A,AGER,,FAM76A,UBE2K,ANLN,SERPINA1,FAM76A,CCL26,,ASB2,TNF,FAM76A,FAM76A,,FAM76A,FAM76A,,FAM76A,,FAM76A,FAM76A,TYRO3,FAM76A,FAM76A,,FAM76A,FAM76A,FAM76A,PIGQ,FAM76A,FAM76A,FAM76A,FAM76A,FAM76A,PPP3CB,FAM76A,SLC39A9,FAM76A,FAM76A,FAM76A,RHOBTB2,FAM76A,FAM76A,FAM76A,,RBM5,FAM76A,FAM76A,FAM76A,IL7,ADAM11,FAM76A,TFPI,FAM76A,FAM76A,,FAM76A,FAM76A,TF,FAM76A,FAM76A,FAM76A,CD44,SLC6A7,FAM76A,ACAA1,FAM76A,FAM76A,FAM76A,FAM76A,MARK4,FAM76A,FAM76A,FAM76A,CRP,,FAM76A,FAM76A,BTBD7,FAM76A,IFNL3,FAM76A,CAMK1,FAM76A,FAM76A,NEO1,FAM76A,FAM76A
TRAF3IP3,THSD7A,TRAF3IP3,BTN2A2,TRAF3IP3,CLEC2D,LYPLA2,SLC25A39,TRAF3IP3,IL20RA,TRAF3IP3,TNFAIP6,TREM2,,TRAF3IP3,PIK3C3,WIZ,IL10RA,TRAF3IP3,RUNX1T1,,GDE1,LYZ,TRAF3IP3,TRAF3IP3,,TRAF3IP3,TRAF3IP3,,TRAF3IP3,,TRAF3IP3,TRAF3IP3,IL34,TRAF3IP3,TRAF3IP3,,TRAF3IP3,TRAF3IP3,TRAF3IP3,CRAMP1,TRAF3IP3,TRAF3IP3,TRAF3IP3,TRAF3IP3,TRAF3IP3,CCSER2,TRAF3IP3,SEMA5A,TRAF3IP3,TRAF3IP3,TRAF3IP3,HEATR5B,TRAF3IP3,TRAF3IP3,TRAF3IP3,,MTMR7,TRAF3IP3,TRAF3IP3,TRAF3IP3,AGER,TNFSF4,TRAF3IP3,CD38,TRAF3IP3,TRAF3IP3,,TRAF3IP3,TRAF3IP3,LTF,TRAF3IP3,TRAF3IP3,TRAF3IP3,BIRC3,BTBD7,TRAF3IP3,BCAT1,TRAF3IP3,TRAF3IP3,TRAF3IP3,TRAF3IP3,PROM1,TRAF3IP3,TRAF3IP3,TRAF3IP3,MPO,,TRAF3IP3,TRAF3IP3,APBA3,TRAF3IP3,PLA2G4C,TRAF3IP3,F2R3,TRAF3IP3,TRAF3IP3,NFATC2,TRAF3IP3,TRAF3IP3
POMT2,LIG3,POMT2,AGER,POMT2,RORA,CLCN6,MVP,POMT2,BTN3A3,POMT2,TFAP2A,IL37,,POMT2,N4BP2,RABGAP1,AGR3,POMT2,ADAM28,,SP100,CTSH,POMT2,POMT2,,POMT2,POMT2,,POMT2,,POMT2,POMT2,AHR,POMT2,POMT2,,POMT2,POMT2,POMT2,TEAD3,POMT2,POMT2,POMT2,POMT2,POMT2,BMPR1A,POMT2,GUCY2C,POMT2,POMT2,POMT2,SEC62,POMT2,POMT2,POMT2,,SLC7A2,POMT2,POMT2,POMT2,ALOX5,ADAMTS6,POMT2,TF,POMT2,POMT2,,POMT2,POMT2,ADAM28,POMT2,POMT2,POMT2,CD6,APBA3,POMT2,CPS1,POMT2,POMT2,POMT2,POMT2,CCDC124,POMT2,POMT2,POMT2,PON1,,POMT2,POMT2,MKS1,POMT2,TNFRSF17,POMT2,F2R2,POMT2,POMT2,NFKBIB,POMT2,POMT2
VTA1,SLC4A1,VTA1,CTNNB1,VTA1,DRD4,MRC2,NUB1,VTA1,CST7,VTA1,LILRB5,C3,,VTA1,TIGAR,DCN,LGALS8,VTA1,ANXA13,,REX1BD,LY75,VTA1,VTA1,,VTA1,VTA1,,VTA1,,VTA1,VTA1,CDON,VTA1,VTA1,,VTA1,VTA1,VTA1,DNAJC11,VTA1,VTA1,VTA1,VTA1,VTA1,MINPP1,VTA1,CDH1,VTA1,VTA1,VTA1,CSDE1,VTA1,VTA1,VTA1,,ARF5,VTA1,VTA1,VTA1,ABCC6,INHBA,VTA1,CD44,VTA1,VTA1,,VTA1,VTA1,PLAUR,VTA1,VTA1,VTA1,SEMA3A,ABHD5,VTA1,CPS,VTA1,VTA1,VTA1,VTA1,CEACAM21,VTA1,VTA1,VTA1,IL32,,VTA1,VTA1,ABHD5,VTA1,CD5L,VTA1,F2R1,VTA1,VTA1,NFIX,VTA1,VTA1
MLXIPL,HOXA11,MLXIPL,CD74,MLXIPL,TGFBR3,NME1-NME2,PGM3,MLXIPL,ANXA13,MLXIPL,ICAM4,SERPINB3,,MLXIPL,TULP3,QPCTL,NLRP12,MLXIPL,LPAR6,,IL20RA,TFRC,MLXIPL,MLXIPL,,MLXIPL,MLXIPL,,MLXIPL,,MLXIPL,MLXIPL,IL18RAP,MLXIPL,MLXIPL,,MLXIPL,MLXIPL,MLXIPL,FMO3,MLXIPL,MLXIPL,MLXIPL,MLXIPL,MLXIPL,ACTA2,MLXIPL,ABHD12,MLXIPL,MLXIPL,MLXIPL,UBE3C,MLXIPL,MLXIPL,MLXIPL,,SARM1,MLXIPL,MLXIPL,MLXIPL,ALOX12B,IL22,MLXIPL,GCLC,MLXIPL,MLXIPL,,MLXIPL,MLXIPL,MPO,MLXIPL,MLXIPL,MLXIPL,CX3CL1,UTP18,MLXIPL,CPSF1,MLXIPL,MLXIPL,MLXIPL,MLXIPL,PAFAH1B1,MLXIPL,MLXIPL,MLXIPL,CTSB,,MLXIPL,MLXIPL,MBTD1,MLXIPL,IFIT5,MLXIPL,LILRA1,MLXIPL,MLXIPL,NKG7,MLXIPL,MLXIPL
BAZ1B,DHX33,BAZ1B,AHR,BAZ1B,PLA2G10,SLC6A7,RWDD2A,BAZ1B,CCL26,BAZ1B,ITGA2B,,,BAZ1B,SYNJ2,PPP5C,CCL11,BAZ1B,SPP2,,SPPL2B,PLAUR,BAZ1B,BAZ1B,,BAZ1B,BAZ1B,,BAZ1B,,BAZ1B,BAZ1B,FAS,BAZ1B,BAZ1B,,BAZ1B,BAZ1B,BAZ1B,MYLIP,BAZ1B,BAZ1B,BAZ1B,BAZ1B,BAZ1B,LIPA,BAZ1B,CX3CL1,BAZ1B,BAZ1B,BAZ1B,REV3L,BAZ1B,BAZ1B,BAZ1B,,POLDIP2,BAZ1B,BAZ1B,BAZ1B,AGR2,ADAMTS7,BAZ1B,HS3ST1,BAZ1B,BAZ1B,,BAZ1B,BAZ1B,TNFAIP3,BAZ1B,BAZ1B,BAZ1B,CCL26,PTBP1,BAZ1B,CRYM,BAZ1B,BAZ1B,BAZ1B,BAZ1B,NOS2,BAZ1B,BAZ1B,BAZ1B,CD6,,BAZ1B,BAZ1B,RNF216,BAZ1B,ADAMTS1,BAZ1B,CEACAM6,BAZ1B,BAZ1B,NPC1L1,BAZ1B,BAZ1B
RANBP9,DHX33,RANBP9,IL1RN,RANBP9,HES2,TSPAN9,CLK1,RANBP9,ANGPTL6,RANBP9,ASB2,,,RANBP9,ADCY2,CEP68,OSM,RANBP9,LAMA1,,ACSM3,C8A,RANBP9,RANBP9,,RANBP9,RANBP9,,RANBP9,,RANBP9,RANBP9,IL17C,RANBP9,RANBP9,,RANBP9,RANBP9,RANBP9,E2F2,RANBP9,RANBP9,RANBP9,RANBP9,RANBP9,TLX1,RANBP9,ADAM11,RANBP9,RANBP9,RANBP9,PAX7,RANBP9,RANBP9,RANBP9,,PLXND1,RANBP9,RANBP9,RANBP9,ALOX15,TGFB1,RANBP9,CD33,RANBP9,RANBP9,,RANBP9,RANBP9,ICAM1,RANBP9,RANBP9,RANBP9,CXCL1,DPF1,RANBP9,CYB561,RANBP9,RANBP9,RANBP9,RANBP9,DNAH9,RANBP9,RANBP9,RANBP9,CTSD,,RANBP9,RANBP9,TTC19,RANBP9,CASP1,RANBP9,PRF3,RANBP9,RANBP9,NR1H3,RANBP9,RANBP9
ETV7,MEOX1,ETV7,TNFSF8,ETV7,ATP1B3,BTBD7,POLR3B,ETV7,CEACAM21,ETV7,HSPA8,,,ETV7,PPP2R5C,MAP4K3,SERPINA4,ETV7,IL17F,,RECQL,ADAM28,ETV7,ETV7,,ETV7,ETV7,,ETV7,,ETV7,ETV7,SLAMF7,ETV7,ETV7,,ETV7,ETV7,ETV7,PSMB1,ETV7,ETV7,ETV7,ETV7,ETV7,TWNK,ETV7,ASAH1,ETV7,ETV7,ETV7,MASP2,ETV7,ETV7,ETV7,,AK2,ETV7,ETV7,ETV7,ADAMTS8,CD80,ETV7,SAA1,ETV7,ETV7,,ETV7,ETV7,LYZ,ETV7,ETV7,ETV7,ALOX5,PLAUR,ETV7,DPEP1,ETV7,ETV7,ETV7,ETV7,KIAA0100,ETV7,ETV7,ETV7,VIM,,ETV7,ETV7,DPF1,ETV7,SERPINC1,ETV7,PRDM1,ETV7,ETV7,NR1H4,ETV7,ETV7
SPRTN,ACSM3,SPRTN,IL1R1,SPRTN,NEDD4,APBA3,ANGEL1,SPRTN,IL37,SPRTN,IL26,,,SPRTN,PMS2P1,ZBTB32,CD40,SPRTN,CXCL2,,UPF1,ANLN,SPRTN,SPRTN,,SPRTN,SPRTN,,SPRTN,,SPRTN,SPRTN,C1QTNF3,SPRTN,SPRTN,,SPRTN,SPRTN,SPRTN,JARID2,SPRTN,SPRTN,SPRTN,SPRTN,SPRTN,LZTS2,SPRTN,ADAMTS2,SPRTN,SPRTN,SPRTN,IYD,SPRTN,SPRTN,SPRTN,,CD38,SPRTN,SPRTN,SPRTN,ADAMTS17,PRF1,SPRTN,CD69,SPRTN,SPRTN,,SPRTN,SPRTN,TIMP1,SPRTN,SPRTN,SPRTN,ANGPT2,ANLN,SPRTN,DPEP1,SPRTN,SPRTN,SPRTN,SPRTN,SLC13A2,SPRTN,SPRTN,SPRTN,ALOX5,,SPRTN,SPRTN,SYT7,SPRTN,CXCL9,SPRTN,LILRB2,SPRTN,SPRTN,NRP1,SPRTN,SPRTN
EEF1AKNMT,REXO5,EEF1AKNMT,OSM,EEF1AKNMT,LRP6,MKS1,RNF14,EEF1AKNMT,ADAMTS2,EEF1AKNMT,SERPING1,,,EEF1AKNMT,RBFOX1,TYROBP,TNFSF9,EEF1AKNMT,TNIP3,,WNT16,ARNT,EEF1AKNMT,EEF1AKNMT,,EEF1AKNMT,EEF1AKNMT,,EEF1AKNMT,,EEF1AKNMT,EEF1AKNMT,C3orf14,EEF1AKNMT,EEF1AKNMT,,EEF1AKNMT,EEF1AKNMT,EEF1AKNMT,CAMK1G,EEF1AKNMT,EEF1AKNMT,EEF1AKNMT,EEF1AKNMT,EEF1AKNMT,SFXN3,EEF1AKNMT,C6,EEF1AKNMT,EEF1AKNMT,EEF1AKNMT,FAM76A,EEF1AKNMT,EEF1AKNMT,EEF1AKNMT,,FKBP4,EEF1AKNMT,EEF1AKNMT,EEF1AKNMT,SERPINE2,SELE,EEF1AKNMT,MPO,EEF1AKNMT,EEF1AKNMT,,EEF1AKNMT,EEF1AKNMT,A2M,EEF1AKNMT,EEF1AKNMT,EEF1AKNMT,LBP,BRCA1,EEF1AKNMT,GCDH,EEF1AKNMT,EEF1AKNMT,EEF1AKNMT,EEF1AKNMT,GAS7,EEF1AKNMT,EEF1AKNMT,EEF1AKNMT,ALOX5AP,,EEF1AKNMT,EEF1AKNMT,LARS2,EEF1AKNMT,RASSF2,EEF1AKNMT,LILRP2,EEF1AKNMT,EEF1AKNMT,NTN4,EEF1AKNMT,EEF1AKNMT
DYRK4,CIAPIN1,DYRK4,C1QA,DYRK4,GUCY2C,ABHD5,DDX11,DYRK4,PITHD1,DYRK4,ICAM5,,,DYRK4,GNB1,TMEM159,SPP1,DYRK4,ANXA7,,NFIX,BTNL8,DYRK4,DYRK4,,DYRK4,DYRK4,,DYRK4,,DYRK4,DYRK4,TREM2,DYRK4,DYRK4,,DYRK4,DYRK4,DYRK4,CDK11A,DYRK4,DYRK4,DYRK4,DYRK4,DYRK4,KAZALD1,DYRK4,ADAM28,DYRK4,DYRK4,DYRK4,TRAF3IP3,DYRK4,DYRK4,DYRK4,,KDM1A,DYRK4,DYRK4,DYRK4,RHBDF1,TIMP1,DYRK4,IL32,DYRK4,DYRK4,,DYRK4,DYRK4,VEGFA,DYRK4,DYRK4,DYRK4,RUNX3,EXTL3,DYRK4,GPX7,DYRK4,DYRK4,DYRK4,DYRK4,TRAPPC6A,DYRK4,DYRK4,DYRK4,LYZ,,DYRK4,DYRK4,PIK3C2A,DYRK4,BTN1A1,DYRK4,C8B,DYRK4,DYRK4,NUB1,DYRK4,DYRK4
ZNF207,SPPL2B,ZNF207,NMU,ZNF207,ELP1,AKAP8L,HEBP1,ZNF207,HAGH,ZNF207,GZMA,,,ZNF207,HOXA9,BRCA1,CD86,ZNF207,CCL24,,CREBBP,CD200,ZNF207,ZNF207,,ZNF207,ZNF207,,ZNF207,,ZNF207,ZNF207,CLEC11A,ZNF207,ZNF207,,ZNF207,ZNF207,ZNF207,NADK,ZNF207,ZNF207,ZNF207,ZNF207,ZNF207,FBXW4,ZNF207,C8B,ZNF207,ZNF207,ZNF207,POMT2,ZNF207,ZNF207,ZNF207,,RBM6,ZNF207,ZNF207,ZNF207,AGER,CTH,ZNF207,FGR,ZNF207,ZNF207,,ZNF207,ZNF207,LTBP1,ZNF207,ZNF207,ZNF207,,NR1H4,ZNF207,GSTA1,ZNF207,ZNF207,ZNF207,ZNF207,MATK,ZNF207,ZNF207,ZNF207,IL2RB,,ZNF207,ZNF207,ANLN,ZNF207,IL10RA,ZNF207,PRF3P1,ZNF207,ZNF207,NUP98,ZNF207,ZNF207
UQCRC1,PRKAR2B,UQCRC1,C1QB,UQCRC1,NUCB2,MBTD1,GPRC5A,UQCRC1,AGPAT4,UQCRC1,PLEKHA3,,,UQCRC1,EDN1,ERCC1,VEZT,UQCRC1,TLL2,,PON1,CXCL12,UQCRC1,UQCRC1,,UQCRC1,UQCRC1,,UQCRC1,,UQCRC1,UQCRC1,CD200,UQCRC1,UQCRC1,,UQCRC1,UQCRC1,UQCRC1,TFAP2B,UQCRC1,UQCRC1,UQCRC1,UQCRC1,UQCRC1,FGF8,UQCRC1,ADAMTS6,UQCRC1,UQCRC1,UQCRC1,VTA1,UQCRC1,UQCRC1,UQCRC1,,CAMKK1,UQCRC1,UQCRC1,UQCRC1,ADAMTSL1,GNA11,UQCRC1,CFH,UQCRC1,UQCRC1,,UQCRC1,UQCRC1,IL32,UQCRC1,UQCRC1,UQCRC1,,ELOVL5,UQCRC1,GSTM1,UQCRC1,UQCRC1,UQCRC1,UQCRC1,CEACAM7,UQCRC1,UQCRC1,UQCRC1,FCGRT,,UQCRC1,UQCRC1,WIZ,UQCRC1,ADAMTS5,UQCRC1,PRF4,UQCRC1,UQCRC1,OAS1,UQCRC1,UQCRC1
STARD3NL,MPO,STARD3NL,IL18R1,STARD3NL,SPTB,UTP18,CD6,STARD3NL,C3orf14,STARD3NL,PLA2G4C,,,STARD3NL,MLLT10,CD22,NCDN,STARD3NL,MTA3,,DHX33,CEBPB,STARD3NL,STARD3NL,,STARD3NL,STARD3NL,,STARD3NL,,STARD3NL,STARD3NL,NGFR,STARD3NL,STARD3NL,,STARD3NL,STARD3NL,STARD3NL,,STARD3NL,STARD3NL,STARD3NL,STARD3NL,STARD3NL,NPM3,STARD3NL,AGER,STARD3NL,STARD3NL,STARD3NL,MLXIPL,STARD3NL,STARD3NL,STARD3NL,,RECQL,STARD3NL,STARD3NL,STARD3NL,ADAM11,GNB1,STARD3NL,TNFRSF1B,STARD3NL,STARD3NL,,STARD3NL,STARD3NL,IL1B,STARD3NL,STARD3NL,STARD3NL,,UBR7,STARD3NL,HGD,STARD3NL,STARD3NL,STARD3NL,STARD3NL,CD79B,STARD3NL,STARD3NL,STARD3NL,CD74,,STARD3NL,STARD3NL,RABGAP1,STARD3NL,MMP7,STARD3NL,PRF5,STARD3NL,STARD3NL,OLFML3,STARD3NL,STARD3NL
CD9,GCFC2,CD9,CCL25,CD9,DAPP1,RNF216,TACC3,CD9,SLAMF7,CD9,,,,CD9,ZCWPW1,SEMA3B,P2RX7,CD9,ADAMTS6,,CIAPIN1,ANGPT2,CD9,CD9,,CD9,CD9,,CD9,,CD9,CD9,TGFBR1,CD9,CD9,,CD9,CD9,CD9,,CD9,CD9,CD9,CD9,CD9,TNKS2,CD9,AGT,CD9,CD9,CD9,BAZ1B,CD9,CD9,CD9,,VPS50,CD9,CD9,CD9,F10,TFEC,CD9,ADAMTS6,CD9,CD9,,CD9,CD9,F10,CD9,CD9,CD9,,MAP4K5,CD9,ILVBL,CD9,CD9,CD9,CD9,SCN4A,CD9,CD9,CD9,ICAM1,,CD9,CD9,PLEKHB1,CD9,CLEC18A,CD9,IL17B,CD9,CD9,OSBPL5,CD9,CD9
HHATL,WDR54,HHATL,IL18RAP,HHATL,FGF22,TTC19,UFL1,HHATL,BTNL8,HHATL,,,,HHATL,ADCYAP1R1,LTF,NUP160,HHATL,LAMA4,,REXO5,GCLM,HHATL,HHATL,,HHATL,HHATL,,HHATL,,HHATL,HHATL,TNFRSF12A,HHATL,HHATL,,HHATL,HHATL,HHATL,,HHATL,HHATL,HHATL,HHATL,HHATL,PITX3,HHATL,ABHD1,HHATL,HHATL,HHATL,RANBP9,HHATL,HHATL,HHATL,,HSPB6,HHATL,HHATL,HHATL,ADAM28,GUCY1B1,HHATL,WNT16,HHATL,HHATL,,HHATL,HHATL,SERPINE1,HHATL,HHATL,HHATL,,EHD3,HHATL,KMO,HHATL,HHATL,HHATL,HHATL,ST7L,HHATL,HHATL,HHATL,C6,,HHATL,HHATL,SERPINB1,HHATL,NFIX,HHATL,IL17C,HHATL,HHATL,OSM,HHATL,HHATL
NCAPD2,CROT,NCAPD2,ICAM2,NCAPD2,FSTL3,PTBP1,POLA2,NCAPD2,AGXT2,NCAPD2,,,,NCAPD2,FGF20,EXTL3,CD48,NCAPD2,ITGAL,,RECQL,AOC1,NCAPD2,NCAPD2,,NCAPD2,NCAPD2,,NCAPD2,,NCAPD2,NCAPD2,PTPRC,NCAPD2,NCAPD2,,NCAPD2,NCAPD2,NCAPD2,,NCAPD2,NCAPD2,NCAPD2,NCAPD2,NCAPD2,GBF1,NCAPD2,C9,NCAPD2,NCAPD2,NCAPD2,ETV7,NCAPD2,NCAPD2,NCAPD2,,ARHGAP33,NCAPD2,NCAPD2,NCAPD2,JAG1,PTPN11,NCAPD2,HS3ST1,NCAPD2,NCAPD2,,NCAPD2,NCAPD2,CRP,NCAPD2,NCAPD2,NCAPD2,,PSMC4,NCAPD2,LARS1,NCAPD2,NCAPD2,NCAPD2,NCAPD2,PAX6,NCAPD2,NCAPD2,NCAPD2,NLRP1,,NCAPD2,NCAPD2,NDUFAF7,NCAPD2,IL17B,NCAPD2,IL17D,NCAPD2,NCAPD2,PAEP,NCAPD2,NCAPD2
IFFO1,KMT2E,IFFO1,CD1A,IFFO1,DGCR2,DPF1,ZC3H3,IFFO1,C2orf83,IFFO1,,,,IFFO1,NRDC,NR1H4,SERPINB1,IFFO1,ASCC3,,UPF1,TNFSF11,IFFO1,IFFO1,,IFFO1,IFFO1,,IFFO1,,IFFO1,IFFO1,IFNGR1,IFFO1,IFFO1,,IFFO1,IFFO1,IFFO1,,IFFO1,IFFO1,IFFO1,IFFO1,IFFO1,ARHGAP21,IFFO1,AFP,IFFO1,IFFO1,IFFO1,SPRTN,IFFO1,IFFO1,IFFO1,,NDUFAB1,IFFO1,IFFO1,IFFO1,ADAM20,SPTB,IFFO1,AOC1,IFFO1,IFFO1,,IFFO1,IFFO1,SAA1,IFFO1,IFFO1,IFFO1,,MAN2B2,IFFO1,LIPE,IFFO1,IFFO1,IFFO1,IFFO1,RPUSD1,IFFO1,IFFO1,IFFO1,SERPINA1,,IFFO1,IFFO1,KMT2E,IFFO1,IFRD1,IFFO1,TRAF1P2,IFFO1,IFFO1,PAF1,IFFO1,IFFO1
GIPR,RHBDD2,GIPR,CXCL3,GIPR,ST6GALNAC1,SYT7,ACP3,GIPR,CD40,GIPR,,,,GIPR,VDAC3,ELOVL5,ADAM28,GIPR,F7,,ST3GAL1,PLA2G4A,GIPR,GIPR,,GIPR,GIPR,,GIPR,,GIPR,GIPR,CEACAM5,GIPR,GIPR,,GIPR,GIPR,GIPR,,GIPR,GIPR,GIPR,GIPR,GIPR,CPEB3,GIPR,ABHD4,GIPR,GIPR,GIPR,EEF1AKNMT,GIPR,GIPR,GIPR,,PDK4,GIPR,GIPR,GIPR,ADAM28,ADORA2A,GIPR,FUCA2,GIPR,GIPR,,GIPR,GIPR,ADAM22,GIPR,GIPR,GIPR,,SLC7A14,GIPR,MDH1,GIPR,GIPR,GIPR,GIPR,RHBDF1,GIPR,GIPR,GIPR,CD44,,GIPR,GIPR,ITGAL,GIPR,ICAM1,GIPR,TRAF5P1,GIPR,GIPR,PAFAH1B1,GIPR,GIPR
PHF7,IBTK,PHF7,ICAM4,PHF7,WIPI1,LARS2,MDH1,PHF7,AGL,PHF7,,,,PHF7,PCM1,ALOX5,PRDM1,PHF7,ADNP2,,ACSM3,RCN1,PHF7,PHF7,,PHF7,PHF7,,PHF7,,PHF7,PHF7,SELE,PHF7,PHF7,,PHF7,PHF7,PHF7,,PHF7,PHF7,PHF7,PHF7,PHF7,FBXL15,PHF7,AGER,PHF7,PHF7,PHF7,DYRK4,PHF7,PHF7,PHF7,,SLC22A16,PHF7,PHF7,PHF7,IL10RA,ANXA1,PHF7,TFPI,PHF7,PHF7,,PHF7,PHF7,OSM,PHF7,PHF7,PHF7,,CLDN11,PHF7,MDH2,PHF7,PHF7,PHF7,PHF7,LUC7L,PHF7,PHF7,PHF7,CTSG,,PHF7,PHF7,ITGA3,PHF7,IL4,PHF7,FCER1A,PHF7,PHF7,PAF1,PHF7,PHF7
SEMA3G,ZNF195,SEMA3G,CD1B,SEMA3G,GBA2,PIK3C2A,SLC30A9,SEMA3G,ANGPTL3,SEMA3G,,,,SEMA3G,TNRC6C,CALCOCO1,LILRB1,SEMA3G,CDH1,,COPZ2,TFAP2C,SEMA3G,SEMA3G,,SEMA3G,SEMA3G,,SEMA3G,,SEMA3G,SEMA3G,SERPINC1,SEMA3G,SEMA3G,,SEMA3G,SEMA3G,SEMA3G,,SEMA3G,SEMA3G,SEMA3G,SEMA3G,SEMA3G,CUEDC2,SEMA3G,ALAS1,SEMA3G,SEMA3G,SEMA3G,ZNF207,SEMA3G,SEMA3G,SEMA3G,,ZMYND10,SEMA3G,SEMA3G,SEMA3G,ALOX5AP,TFAP2C,SEMA3G,DPM1,SEMA3G,SEMA3G,,SEMA3G,SEMA3G,IL6,SEMA3G,SEMA3G,SEMA3G,,SLC25A39,SEMA3G,ME1,SEMA3G,SEMA3G,SEMA3G,SEMA3G,CACNA2D2,SEMA3G,SEMA3G,SEMA3G,ICAM3,,SEMA3G,SEMA3G,ITGA2B,SEMA3G,CXCL12,SEMA3G,LGALS8,SEMA3G,SEMA3G,PAFAH1B1,SEMA3G,SEMA3G
NISCH,MYCBP2,NISCH,IL15,NISCH,NDST1,PLAUR,MTMR11,NISCH,AASS,NISCH,,,,NISCH,CBFA2T2,UBR7,LYPD1,NISCH,CDH10,,CREBBP,GAB2,NISCH,NISCH,,NISCH,NISCH,,NISCH,,NISCH,NISCH,PLA2G4A,NISCH,NISCH,,NISCH,NISCH,NISCH,,NISCH,NISCH,NISCH,NISCH,NISCH,SUFU,NISCH,ALPK1,NISCH,NISCH,NISCH,UQCRC1,NISCH,NISCH,NISCH,,ABCB5,NISCH,NISCH,NISCH,CCL15,ADCYAP1R1,NISCH,IL32,NISCH,NISCH,,NISCH,NISCH,TIMP2,NISCH,NISCH,NISCH,,MVP,NISCH,ME2,NISCH,NISCH,NISCH,NISCH,BAIAP3,NISCH,NISCH,NISCH,A2M,,NISCH,NISCH,ASB4,NISCH,ST3GAL1,NISCH,F2R4,NISCH,NISCH,PAFAH1B3,NISCH,NISCH
STAB1,FBXL3,STAB1,CXCL5,STAB1,AP3M2,ANLN,COX15,STAB1,AOC1,STAB1,,,,STAB1,BRINP1,MAP4K5,TFEC,STAB1,AHR,,MPO,GUCY2C,STAB1,STAB1,,STAB1,STAB1,,STAB1,,STAB1,STAB1,IL2RB,STAB1,STAB1,,STAB1,STAB1,STAB1,,STAB1,STAB1,STAB1,STAB1,STAB1,ANKRD26,STAB1,ADCY10,STAB1,STAB1,STAB1,STARD3NL,STAB1,STAB1,STAB1,,SLC25A13,STAB1,STAB1,STAB1,ACR,IL13,STAB1,IL8,STAB1,STAB1,,STAB1,STAB1,ADAM17,STAB1,STAB1,STAB1,,PGM3,STAB1,OAT,STAB1,STAB1,STAB1,STAB1,TSR3,STAB1,STAB1,STAB1,CD33,,STAB1,STAB1,CRLF1,STAB1,NLRP1,STAB1,F2R5,STAB1,STAB1,PAX6,STAB1,STAB1
FUZ,GDE1,FUZ,SPARC,FUZ,CNGB1,WIZ,CCDC88C,FUZ,SPAG4,FUZ,,,,FUZ,ITCH,EHD3,CX3CL1,FUZ,C5orf15,,PON1,LAMA1,FUZ,FUZ,,FUZ,FUZ,,FUZ,,FUZ,FUZ,TNC,FUZ,FUZ,,FUZ,FUZ,FUZ,,FUZ,FUZ,FUZ,FUZ,FUZ,ACBD5,FUZ,APOL1,FUZ,FUZ,FUZ,CD9,FUZ,FUZ,FUZ,,ST7,FUZ,FUZ,FUZ,C12orf4,IL27,FUZ,,FUZ,FUZ,,FUZ,FUZ,SERPINE1,FUZ,FUZ,FUZ,,POLR3B,FUZ,OGDH,FUZ,FUZ,FUZ,FUZ,PIGQ,FUZ,FUZ,FUZ,MS4A12,,FUZ,FUZ,OSBPL7,FUZ,ITGAL,FUZ,LILRP3,FUZ,FUZ,PCMT1,FUZ,FUZ
SLC6A13,REX1BD,SLC6A13,CD1C,SLC6A13,ST6GALNAC2,RABGAP1,YAF2,SLC6A13,F10,SLC6A13,,,,SLC6A13,PKD2L2,PSMC4,ADAM7,SLC6A13,ZNF638,,GCFC2,VEGFC,SLC6A13,SLC6A13,,SLC6A13,SLC6A13,,SLC6A13,,SLC6A13,SLC6A13,PLA2G10,SLC6A13,SLC6A13,,SLC6A13,SLC6A13,SLC6A13,,SLC6A13,SLC6A13,SLC6A13,SLC6A13,SLC6A13,LHPP,SLC6A13,ASAH1,SLC6A13,SLC6A13,SLC6A13,HHATL,SLC6A13,SLC6A13,SLC6A13,,CDC27,SLC6A13,SLC6A13,SLC6A13,ASAH1,FGF20,SLC6A13,,SLC6A13,SLC6A13,,SLC6A13,SLC6A13,CTSB,SLC6A13,SLC6A13,SLC6A13,,RNF14,SLC6A13,PDK4,SLC6A13,SLC6A13,SLC6A13,SLC6A13,CRAMP1,SLC6A13,SLC6A13,SLC6A13,CEACAM5,,SLC6A13,SLC6A13,TMEM98,SLC6A13,CD300E,SLC6A13,LILRP4,SLC6A13,SLC6A13,PDGFB,SLC6A13,SLC6A13
PRSS3,OSBPL7,PRSS3,LILRB4,PRSS3,CHAT,DCN,ZMYND11,PRSS3,MMP11,PRSS3,,,,PRSS3,TP53INP2,MAN2B2,OSBPL5,PRSS3,SERPINB3,,WDR54,HGF,PRSS3,PRSS3,,PRSS3,PRSS3,,PRSS3,,PRSS3,PRSS3,AGR2,PRSS3,PRSS3,,PRSS3,PRSS3,PRSS3,,PRSS3,PRSS3,PRSS3,PRSS3,PRSS3,LARP4B,PRSS3,ANK1,PRSS3,PRSS3,PRSS3,NCAPD2,PRSS3,PRSS3,PRSS3,,,PRSS3,PRSS3,PRSS3,SEMA3B,ANGPT4,PRSS3,,PRSS3,PRSS3,,PRSS3,PRSS3,MMP9,PRSS3,PRSS3,PRSS3,,HEBP1,PRSS3,PFKP,PRSS3,PRSS3,PRSS3,PRSS3,TEAD3,PRSS3,PRSS3,PRSS3,CD22,,PRSS3,PRSS3,MAP3K14,PRSS3,ITGA3,PRSS3,LILRP5,PRSS3,PRSS3,PDK2,PRSS3,PRSS3
ZNF200,TMEM98,ZNF200,PLA2G2A,ZNF200,PTPN21,QPCTL,DPEP1,ZNF200,OSBPL8,ZNF200,,,,ZNF200,SDF4,SLC7A14,PGLYRP1,ZNF200,ASPM,,CROT,SERPINA4,ZNF200,ZNF200,,ZNF200,ZNF200,,ZNF200,,ZNF200,ZNF200,SERPINA4,ZNF200,ZNF200,,ZNF200,ZNF200,ZNF200,,ZNF200,ZNF200,ZNF200,ZNF200,ZNF200,GTPBP4,ZNF200,CD48,ZNF200,ZNF200,ZNF200,IFFO1,ZNF200,ZNF200,ZNF200,,,ZNF200,ZNF200,ZNF200,CRTAC1,CCL20,ZNF200,,ZNF200,ZNF200,,ZNF200,ZNF200,PLAUR,ZNF200,ZNF200,ZNF200,,GPRC5A,ZNF200,PFKM,ZNF200,ZNF200,ZNF200,ZNF200,SELE,ZNF200,ZNF200,ZNF200,MPO,,ZNF200,ZNF200,ABCC8,ZNF200,CD4,ZNF200,PRF4P1,ZNF200,ZNF200,PDK4,ZNF200,ZNF200
CD4,YBX2,CD4,SIGLEC10,CD4,EPHA8,PPP5C,BID,CD4,IL21R,CD4,,,,CD4,MYH7B,CLDN11,CD200,CD4,IL17C,,KMT2E,B4GALT7,CD4,CD4,,CD4,CD4,,CD4,,CD4,CD4,CD33,CD4,CD4,,CD4,CD4,CD4,,CD4,CD4,CD4,CD4,CD4,EDRF1,CD4,AFM,CD4,CD4,CD4,GIPR,CD4,CD4,CD4,,,CD4,CD4,CD4,SERPINB7,ADAM15,CD4,,CD4,CD4,,CD4,CD4,TF,CD4,CD4,CD4,,TACC3,CD4,PKM,CD4,CD4,CD4,CD4,DNAJC11,CD4,CD4,CD4,PON1,,CD4,CD4,CACNG3,CD4,LGALS3,CD4,ANG,CD4,CD4,PFN2,CD4,CD4
LRRC23,MAP3K14,LRRC23,CCL26,LRRC23,TLE2,CEP68,MATR3,LRRC23,LRRC74A,LRRC23,,,,LRRC23,BPIFB2,SLC25A39,IFRD1,LRRC23,SERPINE1,,RHBDD2,IL4I1,LRRC23,LRRC23,,LRRC23,LRRC23,,LRRC23,,LRRC23,LRRC23,PLA2G12A,LRRC23,LRRC23,,LRRC23,LRRC23,LRRC23,,LRRC23,LRRC23,LRRC23,LRRC23,LRRC23,BCCIP,LRRC23,APOE,LRRC23,LRRC23,LRRC23,PHF7,LRRC23,LRRC23,LRRC23,,,LRRC23,LRRC23,LRRC23,AHR,IL17,LRRC23,,LRRC23,LRRC23,,LRRC23,LRRC23,ICAM2,LRRC23,LRRC23,LRRC23,,POLA2,LRRC23,PGM1,LRRC23,LRRC23,LRRC23,LRRC23,FMO3,LRRC23,LRRC23,LRRC23,WNT1,,LRRC23,LRRC23,TMEM132A,LRRC23,CD44,LRRC23,LILRP6,LRRC23,LRRC23,PHGDH,LRRC23,LRRC23
HFE,TAC1,HFE,IL21,HFE,ASB1,MAP4K3,NPC1L1,HFE,SERPINB1,HFE,,,,HFE,TP73,MVP,TNFRSF1B,HFE,MCOLN1,,SOX8,IL1A,HFE,HFE,,HFE,HFE,,HFE,,HFE,HFE,CD37,HFE,HFE,,HFE,HFE,HFE,,HFE,HFE,HFE,HFE,HFE,MTPAP,HFE,ANGPTL8,HFE,HFE,HFE,SEMA3G,HFE,HFE,HFE,,,HFE,HFE,HFE,HGF,AGRN,HFE,,HFE,HFE,,HFE,HFE,FCGRT,HFE,HFE,HFE,,MDH1,HFE,PHGDH,HFE,HFE,HFE,HFE,MYLIP,HFE,HFE,HFE,PLA2G10,,HFE,HFE,AP2B1,HFE,ITGA2B,HFE,TRAF6,HFE,HFE,PHLDA1,HFE,HFE
SCMH1,CACNG3,SCMH1,TNFRSF17,SCMH1,FOXJ2,ZBTB32,XYLT2,SCMH1,F11,SCMH1,,,,SCMH1,TOLLIP,NUB1,TFEC,SCMH1,CD70,,IBTK,IL1R2,SCMH1,SCMH1,,SCMH1,SCMH1,,SCMH1,,SCMH1,SCMH1,IL21R,SCMH1,SCMH1,,SCMH1,SCMH1,SCMH1,,SCMH1,SCMH1,SCMH1,SCMH1,SCMH1,NEURL1,SCMH1,ASNS,SCMH1,SCMH1,SCMH1,NISCH,SCMH1,SCMH1,SCMH1,,,SCMH1,SCMH1,SCMH1,IL17C,IL17B,SCMH1,,SCMH1,SCMH1,,SCMH1,SCMH1,IL2,SCMH1,SCMH1,SCMH1,,SLC30A9,SCMH1,PHKB,SCMH1,SCMH1,SCMH1,SCMH1,,SCMH1,SCMH1,SCMH1,CEACAM6,,SCMH1,SCMH1,TAC1,SCMH1,ADAM28,SCMH1,IL4,SCMH1,SCMH1,PIAS1,SCMH1,SCMH1
FYN,TMEM132A,FYN,IL17B,FYN,SLC9A3,TYROBP,,FYN,CD70,FYN,,,,FYN,UBE2D4,PGM3,IL27RA,FYN,PRDM1,,ZNF195,IL1R1,FYN,FYN,,FYN,FYN,,FYN,,FYN,FYN,C5orf22,FYN,FYN,,FYN,FYN,FYN,,FYN,FYN,FYN,FYN,FYN,SH3PXD2A,FYN,ASPN,FYN,FYN,FYN,STAB1,FYN,FYN,FYN,,,FYN,FYN,FYN,ADGRA2,IL12A,FYN,,FYN,FYN,,FYN,FYN,PLA2G10,FYN,FYN,FYN,,COX15,FYN,PKD1,FYN,FYN,FYN,FYN,,FYN,FYN,FYN,IL1A,,FYN,FYN,TNFRSF12A,FYN,CD4,FYN,PRF5P1,FYN,FYN,PIGQ,FYN,FYN
HIVEP2,AP2B1,HIVEP2,TNC,HIVEP2,ELAVL1,TMEM159,,HIVEP2,AGRP,HIVEP2,,,,HIVEP2,CLUL1,RWDD2A,CD8A,HIVEP2,SPPL2B,,MYCBP2,IL17C,HIVEP2,HIVEP2,,HIVEP2,HIVEP2,,HIVEP2,,HIVEP2,HIVEP2,SEMA5B,HIVEP2,HIVEP2,,HIVEP2,HIVEP2,HIVEP2,,HIVEP2,HIVEP2,HIVEP2,HIVEP2,HIVEP2,PITRM1,HIVEP2,BMP7,HIVEP2,HIVEP2,HIVEP2,FUZ,HIVEP2,HIVEP2,HIVEP2,,,HIVEP2,HIVEP2,HIVEP2,ANGPT4,ADAMTS8,HIVEP2,,HIVEP2,HIVEP2,,HIVEP2,HIVEP2,IL17F,HIVEP2,HIVEP2,HIVEP2,,CCDC88C,HIVEP2,PPM1A,HIVEP2,HIVEP2,HIVEP2,HIVEP2,,HIVEP2,HIVEP2,HIVEP2,IL12A,,HIVEP2,HIVEP2,DLX6,HIVEP2,LYZ,HIVEP2,TNF2,HIVEP2,HIVEP2,PKD1,HIVEP2,HIVEP2
FMO1,ZNF263,FMO1,ADAM12,FMO1,DIP2B,BRCA1,,FMO1,ANXA7,FMO1,,,,FMO1,RUNX1T1,CLK1,CCL25,FMO1,IFIT3,,FBXL3,IL34,FMO1,FMO1,,FMO1,FMO1,,FMO1,,FMO1,FMO1,ADAM22,FMO1,FMO1,,FMO1,FMO1,FMO1,,FMO1,FMO1,FMO1,FMO1,FMO1,STN1,FMO1,ARHGAP1,FMO1,FMO1,FMO1,SLC6A13,FMO1,FMO1,FMO1,,,FMO1,FMO1,FMO1,IL12RB1,CCL22,FMO1,,FMO1,FMO1,,FMO1,FMO1,FCN1,FMO1,FMO1,FMO1,,ZMYND11,FMO1,PPP5C,FMO1,FMO1,FMO1,FMO1,,FMO1,FMO1,FMO1,IL17A,,FMO1,FMO1,MAP3K9,FMO1,PKD1,FMO1,IFNA6,FMO1,FMO1,PKM,FMO1,FMO1
ELOA,SPATA20,ELOA,IL17D,ELOA,SMARCD1,ERCC1,,ELOA,LGMN,ELOA,,,,ELOA,CDH17,POLR3B,EIF2AK2,ELOA,RUNX2,,ITGAL,LAMA3,ELOA,ELOA,,ELOA,ELOA,,ELOA,,ELOA,ELOA,VEGFA,ELOA,ELOA,,ELOA,ELOA,ELOA,,ELOA,ELOA,ELOA,ELOA,ELOA,MAP3K8,ELOA,A2M,ELOA,ELOA,ELOA,,ELOA,ELOA,ELOA,,,ELOA,ELOA,ELOA,IL18RAP,IL1A,ELOA,,ELOA,ELOA,,ELOA,ELOA,CTSB,ELOA,ELOA,ELOA,,DPEP1,ELOA,PPY,ELOA,ELOA,ELOA,ELOA,,ELOA,ELOA,ELOA,IL17F,,ELOA,ELOA,RALA,ELOA,MAPK8IP2,ELOA,TGFB2,ELOA,ELOA,PLA2G15,ELOA,ELOA
LYPLA2,CACNA1G,LYPLA2,IFRD1,LYPLA2,ZMYND12,CD22,,LYPLA2,SOAT1,LYPLA2,,,,LYPLA2,THOC1,ANGEL1,KYNU,LYPLA2,ZNF532,,PDK2,CCL24,LYPLA2,LYPLA2,,LYPLA2,LYPLA2,,LYPLA2,,LYPLA2,LYPLA2,LAMA1,LYPLA2,LYPLA2,,LYPLA2,LYPLA2,LYPLA2,,LYPLA2,LYPLA2,LYPLA2,LYPLA2,LYPLA2,DKK1,LYPLA2,ARL6,LYPLA2,LYPLA2,LYPLA2,,LYPLA2,LYPLA2,LYPLA2,,,LYPLA2,LYPLA2,LYPLA2,HFE,SELE,LYPLA2,,LYPLA2,LYPLA2,,LYPLA2,LYPLA2,VEGFA,LYPLA2,LYPLA2,LYPLA2,,MATR3,LYPLA2,PHKB,LYPLA2,LYPLA2,LYPLA2,LYPLA2,,LYPLA2,LYPLA2,LYPLA2,IL32,,LYPLA2,LYPLA2,BAIAP2L1,LYPLA2,MED24,LYPLA2,CEACAM3,LYPLA2,LYPLA2,PLEKHO1,LYPLA2,LYPLA2
CLCN6,TNFRSF12A,CLCN6,MPO,CLCN6,CD84,SEMA3B,,CLCN6,MMP1,CLCN6,,,,CLCN6,FKBP7,RNF14,ICAM4,CLCN6,CD48,,ITGA3,GCLM,CLCN6,CLCN6,,CLCN6,CLCN6,,CLCN6,,CLCN6,CLCN6,CD274,CLCN6,CLCN6,,CLCN6,CLCN6,CLCN6,,CLCN6,CLCN6,CLCN6,CLCN6,CLCN6,EBF3,CLCN6,BAX,CLCN6,CLCN6,CLCN6,,CLCN6,CLCN6,CLCN6,,,CLCN6,CLCN6,CLCN6,ZNF195,IL10,CLCN6,,CLCN6,CLCN6,,CLCN6,CLCN6,F7,CLCN6,CLCN6,CLCN6,,NPC1L1,CLCN6,PPP5C,CLCN6,CLCN6,CLCN6,CLCN6,,CLCN6,CLCN6,CLCN6,IL1B,,CLCN6,CLCN6,ETV1,CLCN6,CSDE1,CLCN6,IL22RA1,CLCN6,CLCN6,PLG,CLCN6,CLCN6
MRC2,DLX6,MRC2,LTF,MRC2,POLR1H,LTF,,MRC2,CD81,MRC2,,,,MRC2,OSBPL6,DDX11,IL12RB2,MRC2,CYLD,,ITGA2B,UPP2,MRC2,MRC2,,MRC2,MRC2,,MRC2,,MRC2,MRC2,IL12A,MRC2,MRC2,,MRC2,MRC2,MRC2,,MRC2,MRC2,MRC2,MRC2,MRC2,GLRX3,MRC2,B4GALT1,MRC2,MRC2,MRC2,,MRC2,MRC2,MRC2,,,MRC2,MRC2,MRC2,LTF,LIF,MRC2,,MRC2,MRC2,,MRC2,MRC2,TIMP2,MRC2,MRC2,MRC2,,XYLT2,MRC2,PPP1R9B,MRC2,MRC2,MRC2,MRC2,,MRC2,MRC2,MRC2,LTF,,MRC2,MRC2,AGK,MRC2,SEC62,MRC2,IL17B,MRC2,MRC2,PLOD1,MRC2,MRC2
NME1-NME2,MAP3K9,NME1-NME2,CX3CL1,NME1-NME2,CLDN18,EXTL3,,NME1-NME2,SLC17A1,NME1-NME2,,,,NME1-NME2,SLC1A3,HEBP1,KYNU,NME1-NME2,ABCC6,,ASB4,RHOB,NME1-NME2,NME1-NME2,,NME1-NME2,NME1-NME2,,NME1-NME2,,NME1-NME2,NME1-NME2,MMP8,NME1-NME2,NME1-NME2,,NME1-NME2,NME1-NME2,NME1-NME2,,NME1-NME2,NME1-NME2,NME1-NME2,NME1-NME2,NME1-NME2,SORCS1,NME1-NME2,BCHE,NME1-NME2,NME1-NME2,NME1-NME2,,NME1-NME2,NME1-NME2,NME1-NME2,,,NME1-NME2,NME1-NME2,NME1-NME2,LRP6,ANGPTL1,NME1-NME2,,NME1-NME2,NME1-NME2,,NME1-NME2,NME1-NME2,CD86,NME1-NME2,NME1-NME2,NME1-NME2,,STMN4,NME1-NME2,PRMT5,NME1-NME2,NME1-NME2,NME1-NME2,NME1-NME2,,NME1-NME2,NME1-NME2,NME1-NME2,MS4A12,,NME1-NME2,NME1-NME2,ALDH3B1,NME1-NME2,TRAF3IP3,NME1-NME2,IFNA8,NME1-NME2,NME1-NME2,PLTP,NME1-NME2,NME1-NME2
SLC6A7,RALA,SLC6A7,CD38,SLC6A7,ATXN3,NR1H4,,SLC6A7,AASS,SLC6A7,,,,SLC6A7,XRCC5,GPRC5A,OSBPL6,SLC6A7,CCL21,,GDE1,IFRD1,SLC6A7,SLC6A7,,SLC6A7,SLC6A7,,SLC6A7,,SLC6A7,SLC6A7,IL23A,SLC6A7,SLC6A7,,SLC6A7,SLC6A7,SLC6A7,,SLC6A7,SLC6A7,SLC6A7,SLC6A7,SLC6A7,TASOR2,SLC6A7,BHLHE40,SLC6A7,SLC6A7,SLC6A7,,SLC6A7,SLC6A7,SLC6A7,,,SLC6A7,SLC6A7,SLC6A7,SLC1A3,PTPN6,SLC6A7,,SLC6A7,SLC6A7,,SLC6A7,SLC6A7,MMP25,SLC6A7,SLC6A7,SLC6A7,,NUDCD3,SLC6A7,RARB,SLC6A7,SLC6A7,SLC6A7,SLC6A7,,SLC6A7,SLC6A7,SLC6A7,NOD1,,SLC6A7,SLC6A7,TTC22,SLC6A7,POMT2,SLC6A7,IL18R1,SLC6A7,SLC6A7,PLXND1,SLC6A7,SLC6A7
TSPAN9,BAIAP2L1,TSPAN9,CD3D,TSPAN9,GOLGA5,ELOVL5,,TSPAN9,CTSG,TSPAN9,,,,TSPAN9,LXN,CD6,SCARB1,TSPAN9,ANGPT4,,REX1BD,NFIX,TSPAN9,TSPAN9,,TSPAN9,TSPAN9,,TSPAN9,,TSPAN9,TSPAN9,TFEC,TSPAN9,TSPAN9,,TSPAN9,TSPAN9,TSPAN9,,TSPAN9,TSPAN9,TSPAN9,TSPAN9,TSPAN9,XPNPEP1,TSPAN9,BMP5,TSPAN9,TSPAN9,TSPAN9,,TSPAN9,TSPAN9,TSPAN9,,,TSPAN9,TSPAN9,TSPAN9,MYCBP2,CD86,TSPAN9,,TSPAN9,TSPAN9,,TSPAN9,TSPAN9,FAS,TSPAN9,TSPAN9,TSPAN9,,ISL1,TSPAN9,RARB,TSPAN9,TSPAN9,TSPAN9,TSPAN9,,TSPAN9,TSPAN9,TSPAN9,SELE,,TSPAN9,TSPAN9,PHTF2,TSPAN9,VTA1,TSPAN9,CEACAM5,TSPAN9,TSPAN9,PLXNA1,TSPAN9,TSPAN9
BTBD7,KDM7A,BTBD7,CD6,BTBD7,LRRC40,,,BTBD7,TFR2,BTBD7,,,,BTBD7,SP140,TACC3,CXCL9,BTBD7,OSBPL3,,CRLF1,AOC1,BTBD7,BTBD7,,BTBD7,BTBD7,,BTBD7,,BTBD7,BTBD7,CD5,BTBD7,BTBD7,,BTBD7,BTBD7,BTBD7,,BTBD7,BTBD7,BTBD7,BTBD7,BTBD7,SMC3,BTBD7,BMP6,BTBD7,BTBD7,BTBD7,,BTBD7,BTBD7,BTBD7,,,BTBD7,BTBD7,BTBD7,PLAUR,PRF1,BTBD7,,BTBD7,BTBD7,,BTBD7,BTBD7,BIRC3,BTBD7,BTBD7,BTBD7,,CHDH,BTBD7,RTEL1-TNFRSF6B,BTBD7,BTBD7,BTBD7,BTBD7,,BTBD7,BTBD7,BTBD7,THAP1,,BTBD7,BTBD7,GGCT,BTBD7,BAZ1B,BTBD7,IL18RAP,BTBD7,BTBD7,PLXNA2,BTBD7,BTBD7
APBA3,ETV1,APBA3,TFPI,APBA3,TRMT11,,,APBA3,IL5RA,APBA3,,,,APBA3,MKNK1,UFL1,CD5,APBA3,ST3GAL1,,OSBPL7,SPP2,APBA3,APBA3,,APBA3,APBA3,,APBA3,,APBA3,APBA3,IL12RB2,APBA3,APBA3,,APBA3,APBA3,APBA3,,APBA3,APBA3,APBA3,APBA3,APBA3,SHOC2,APBA3,C1QL2,APBA3,APBA3,APBA3,,APBA3,APBA3,APBA3,,,APBA3,APBA3,APBA3,IL22,SERPINE2,APBA3,,APBA3,APBA3,,APBA3,APBA3,PLEKHO1,APBA3,APBA3,APBA3,,IL20RA,APBA3,RTN4,APBA3,APBA3,APBA3,APBA3,,APBA3,APBA3,APBA3,FCGRT,,APBA3,APBA3,DBF4,APBA3,EEF1AKNMT,APBA3,CXCL5,APBA3,APBA3,POLA2,APBA3,APBA3
MKS1,AGK,MKS1,CCL2,MKS1,DHX29,,,MKS1,MIF,MKS1,,,,MKS1,TNS1,POLA2,IL21R,MKS1,ADRB1,,TMEM98,GAB2,MKS1,MKS1,,MKS1,MKS1,,MKS1,,MKS1,MKS1,IL17B,MKS1,MKS1,,MKS1,MKS1,MKS1,,MKS1,MKS1,MKS1,MKS1,MKS1,TFAM,MKS1,B3GAT2,MKS1,MKS1,MKS1,,MKS1,MKS1,MKS1,,,MKS1,MKS1,MKS1,MSLN,TGFBI,MKS1,,MKS1,MKS1,,MKS1,MKS1,TFPI,MKS1,MKS1,MKS1,,CLCA1,MKS1,SMOX,MKS1,MKS1,MKS1,MKS1,,MKS1,MKS1,MKS1,IL32,,MKS1,MKS1,TBXA2R,MKS1,DYRK4,MKS1,IL17C,MKS1,MKS1,POLB,MKS1,MKS1
ABHD5,ALDH3B1,ABHD5,IL32,ABHD5,TP53BP1,,,ABHD5,C3orf52,ABHD5,,,,ABHD5,REXO1,ZC3H3,GIMAP2,ABHD5,ZNF839,,YBX2,ITGA3,ABHD5,ABHD5,,ABHD5,ABHD5,,ABHD5,,ABHD5,ABHD5,BMP7,ABHD5,ABHD5,,ABHD5,ABHD5,ABHD5,,ABHD5,ABHD5,ABHD5,ABHD5,ABHD5,CCDC6,ABHD5,C1GALT1,ABHD5,ABHD5,ABHD5,,ABHD5,ABHD5,ABHD5,,,ABHD5,ABHD5,ABHD5,TNFRSF12A,AGR2,ABHD5,,ABHD5,ABHD5,,ABHD5,ABHD5,IL12RB2,ABHD5,ABHD5,ABHD5,,CLCA4,ABHD5,SOAT1,ABHD5,ABHD5,ABHD5,ABHD5,,ABHD5,ABHD5,ABHD5,IL32,,ABHD5,,VPS41,ABHD5,UQCRC1,ABHD5,SERPINF1,ABHD5,ABHD5,POLR2J,ABHD5,ABHD5
AKAP8L,TTC22,AKAP8L,UPF1,AKAP8L,RRP15,,,AKAP8L,ITGAL,AKAP8L,,,,AKAP8L,SAR1A,ACP3,LGALS13,AKAP8L,ZDHHC6,,KRT33A,FCGRT,AKAP8L,AKAP8L,,AKAP8L,AKAP8L,,AKAP8L,,AKAP8L,AKAP8L,ITGA6,AKAP8L,AKAP8L,,AKAP8L,AKAP8L,AKAP8L,,AKAP8L,AKAP8L,AKAP8L,AKAP8L,AKAP8L,CUL2,AKAP8L,C1QTNF6,AKAP8L,AKAP8L,AKAP8L,,AKAP8L,AKAP8L,AKAP8L,,,AKAP8L,AKAP8L,AKAP8L,PVR,ANXA11,AKAP8L,,AKAP8L,AKAP8L,,AKAP8L,AKAP8L,IL12A,AKAP8L,AKAP8L,AKAP8L,,GLT8D1,AKAP8L,SRC,AKAP8L,AKAP8L,AKAP8L,AKAP8L,,AKAP8L,AKAP8L,AKAP8L,ICAM1,,AKAP8L,,ELAC2,AKAP8L,CD9,AKAP8L,TRAF4P1,AKAP8L,AKAP8L,POMT2,AKAP8L,AKAP8L
MBTD1,PHTF2,MBTD1,LYZ,MBTD1,PMS2P4,,,MBTD1,ALDH6A1,MBTD1,,,,MBTD1,CDC14A,CAPN1,NFIX,MBTD1,MPO,,MAP3K14,ITGA2B,MBTD1,MBTD1,,MBTD1,MBTD1,,MBTD1,,MBTD1,MBTD1,ASPN,MBTD1,MBTD1,,MBTD1,MBTD1,MBTD1,,MBTD1,MBTD1,MBTD1,MBTD1,MBTD1,CCNY,MBTD1,CA12,MBTD1,MBTD1,MBTD1,,MBTD1,MBTD1,MBTD1,,,MBTD1,MBTD1,MBTD1,ADAMTS10,IL12A,MBTD1,,MBTD1,MBTD1,,MBTD1,MBTD1,RHBDF1,MBTD1,MBTD1,MBTD1,,ATP2C1,MBTD1,SLC16A1,MBTD1,MBTD1,MBTD1,MBTD1,,MBTD1,MBTD1,MBTD1,CD4,,MBTD1,,SCIN,MBTD1,HHATL,MBTD1,LILRB5,MBTD1,MBTD1,PON1,MBTD1,MBTD1
UTP18,CCL26,UTP18,LCN2,UTP18,SYT1,,,UTP18,C9,UTP18,,,,UTP18,RAPGEF3,MDH1,IFNGR1,UTP18,TNFSF9,,ABCC8,TFAP2B,UTP18,UTP18,,UTP18,UTP18,,UTP18,,UTP18,UTP18,FCGR2A,UTP18,UTP18,,UTP18,UTP18,UTP18,,UTP18,UTP18,UTP18,UTP18,UTP18,UBE2S,UTP18,CA14,UTP18,UTP18,UTP18,,UTP18,UTP18,UTP18,,,UTP18,UTP18,UTP18,HSP90AA1,PTPN7,UTP18,,UTP18,UTP18,,UTP18,UTP18,IL17A,UTP18,UTP18,UTP18,,IGF1,UTP18,SLC2A3,UTP18,UTP18,UTP18,UTP18,,UTP18,UTP18,UTP18,TNF,,UTP18,,PROM1,UTP18,NCAPD2,UTP18,PRSS3,UTP18,UTP18,POU2F2,UTP18,UTP18
RNF216,FARP2,RNF216,TF,RNF216,NAV3,,,RNF216,LCN1,RNF216,,,,RNF216,CEACAM1,SLC30A9,IL17RB,RNF216,EPHA3,,CACNG3,BAIAP3,RNF216,RNF216,,RNF216,RNF216,,RNF216,,RNF216,RNF216,IL11,RNF216,RNF216,,RNF216,RNF216,RNF216,,RNF216,RNF216,RNF216,RNF216,RNF216,ZMIZ1,RNF216,CABP5,RNF216,RNF216,RNF216,,RNF216,RNF216,RNF216,,,RNF216,RNF216,RNF216,SAA,SERPINA1,RNF216,,RNF216,RNF216,,RNF216,RNF216,CYBA,RNF216,RNF216,RNF216,,RALBP1,RNF216,SLC25A11,RNF216,RNF216,RNF216,RNF216,,RNF216,RNF216,RNF216,CD44,,RNF216,,CCDC85A,RNF216,GIPR,RNF216,PRF6,RNF216,RNF216,PPP5C,RNF216,RNF216
TTC19,USH1C,TTC19,LAG3,TTC19,DHX8,,,TTC19,F7,TTC19,,,,TTC19,SENP1,MTMR11,TFAP2E,TTC19,ITGA8,,TMEM132A,PLEKHO1,TTC19,TTC19,,TTC19,TTC19,,TTC19,,TTC19,TTC19,BMP5,TTC19,TTC19,,TTC19,TTC19,TTC19,,TTC19,TTC19,TTC19,TTC19,TTC19,DNAJC12,TTC19,CALCA,TTC19,TTC19,TTC19,,TTC19,TTC19,TTC19,,,TTC19,TTC19,TTC19,SCARF1,MMP15,TTC19,,TTC19,TTC19,,TTC19,TTC19,VEGFA,TTC19,TTC19,TTC19,,RUFY3,TTC19,TBXAS1,TTC19,TTC19,TTC19,TTC19,,TTC19,TTC19,TTC19,MS4A12,,TTC19,,DNAH5,TTC19,PHF7,TTC19,PRF3P1,TTC19,TTC19,PRDM1,TTC19,TTC19
PTBP1,GGCT,PTBP1,TFEC,PTBP1,ROCK1,,,PTBP1,FMO1,PTBP1,,,,PTBP1,DUSP13,COX15,IFNGR1,PTBP1,SEMA3B,,AP2B1,ANLN,PTBP1,PTBP1,,PTBP1,PTBP1,,PTBP1,,PTBP1,PTBP1,CD79B,PTBP1,PTBP1,,PTBP1,PTBP1,PTBP1,,PTBP1,PTBP1,PTBP1,PTBP1,PTBP1,PPIF,PTBP1,CALCRL,PTBP1,PTBP1,PTBP1,,PTBP1,PTBP1,PTBP1,,,PTBP1,PTBP1,PTBP1,ITGA3,ANXA13,PTBP1,,PTBP1,PTBP1,,PTBP1,PTBP1,LTBP1,PTBP1,PTBP1,PTBP1,,CNTN1,PTBP1,TMEM14A,PTBP1,PTBP1,PTBP1,PTBP1,,PTBP1,PTBP1,PTBP1,MPO,,PTBP1,,LIG3,PTBP1,SEMA3G,PTBP1,TNF21,PTBP1,PTBP1,PRDM11,PTBP1,PTBP1
DPF1,DBF4,DPF1,AQR,DPF1,HDAC4,,,DPF1,AOC1,DPF1,,,,DPF1,CIC,CCDC88C,TNFSF13,DPF1,TNFRSF12A,,TAC1,TF,DPF1,DPF1,,DPF1,DPF1,,DPF1,,DPF1,DPF1,SERPINI2,DPF1,DPF1,,DPF1,DPF1,DPF1,,DPF1,DPF1,DPF1,DPF1,DPF1,PBLD,DPF1,CAMK1G,DPF1,DPF1,DPF1,,DPF1,DPF1,DPF1,,,DPF1,DPF1,DPF1,IL6,IL1R1,DPF1,,DPF1,DPF1,,DPF1,DPF1,PVR,DPF1,DPF1,DPF1,,SLC11A1,DPF1,TF,DPF1,DPF1,DPF1,DPF1,,DPF1,DPF1,DPF1,NLRP1,,DPF1,,ACSM3,DPF1,STAB1,DPF1,PRF4P1,DPF1,DPF1,PRKCH,DPF1,DPF1
SYT7,TBXA2R,SYT7,ADAM28,SYT7,RASSF1,,,SYT7,C8B,SYT7,,,,SYT7,LIPE,YAF2,RORA,SYT7,SELE,,ZNF263,AHR,SYT7,SYT7,,SYT7,SYT7,,SYT7,,SYT7,SYT7,ICAM1,SYT7,SYT7,,SYT7,SYT7,SYT7,,SYT7,SYT7,SYT7,SYT7,SYT7,TSPAN14,SYT7,CD80,SYT7,SYT7,SYT7,,SYT7,SYT7,SYT7,,,SYT7,SYT7,SYT7,IFIT3,ANGPT1,SYT7,,SYT7,SYT7,,SYT7,SYT7,SERPINA4,SYT7,SYT7,SYT7,,WWTR1,SYT7,TYMP,SYT7,SYT7,SYT7,SYT7,,SYT7,SYT7,SYT7,CX3CL1,,SYT7,,REX1BD,SYT7,FUZ,SYT7,TNF3,SYT7,SYT7,PRSS3,SYT7,SYT7
LARS2,PAF1,LARS2,ARG1,LARS2,HEATR6,,,LARS2,GZMH,LARS2,,,,LARS2,FDFT1,ZMYND11,IL31RA,LARS2,ZNF200,,CX3CL1,CXCL2,LARS2,LARS2,,LARS2,LARS2,,LARS2,,LARS2,LARS2,CD38,LARS2,LARS2,,LARS2,LARS2,LARS2,,LARS2,LARS2,LARS2,LARS2,LARS2,LGI1,LARS2,CD207,LARS2,LARS2,LARS2,,LARS2,LARS2,LARS2,,,LARS2,LARS2,LARS2,HMOX1,ADRB1,LARS2,,LARS2,LARS2,,LARS2,LARS2,SELE,LARS2,LARS2,LARS2,,AGPS,LARS2,TXN2,LARS2,LARS2,LARS2,LARS2,,LARS2,LARS2,LARS2,NLRP2,,LARS2,,SPPL2B,LARS2,CD33,LARS2,TNFRSF11A,LARS2,LARS2,PRSS8,LARS2,LARS2
PIK3C2A,VPS41,PIK3C2A,IL12B,PIK3C2A,PLEKHH3,,,PIK3C2A,CD6,PIK3C2A,,,,PIK3C2A,PAFAH1B3,DPEP1,RASSF2,PIK3C2A,CD44,,SPATA20,CCL26,PIK3C2A,PIK3C2A,,PIK3C2A,PIK3C2A,,PIK3C2A,,PIK3C2A,PIK3C2A,IL20,PIK3C2A,PIK3C2A,,PIK3C2A,PIK3C2A,PIK3C2A,,PIK3C2A,PIK3C2A,PIK3C2A,PIK3C2A,PIK3C2A,TBC1D12,PIK3C2A,CEACAM5,PIK3C2A,PIK3C2A,PIK3C2A,,PIK3C2A,PIK3C2A,PIK3C2A,,,PIK3C2A,PIK3C2A,PIK3C2A,SLC6A12,CDK6,PIK3C2A,,PIK3C2A,PIK3C2A,,PIK3C2A,PIK3C2A,IL1B,PIK3C2A,PIK3C2A,PIK3C2A,,ATP1A2,PIK3C2A,UQCRC1,PIK3C2A,PIK3C2A,PIK3C2A,PIK3C2A,,PIK3C2A,PIK3C2A,PIK3C2A,MMP9,,PIK3C2A,,FAM214B,PIK3C2A,SEMA3A,PIK3C2A,PRKRIP1,PIK3C2A,PIK3C2A,PSMB1,PIK3C2A,PIK3C2A
PLAUR,ELAC2,PLAUR,MMP2,PLAUR,MEF2A,,,PLAUR,IFNA6,PLAUR,,,,PLAUR,AFM,BID,TRAF3,PLAUR,HIVEP2,,CACNA1G,C8B,PLAUR,PLAUR,,PLAUR,PLAUR,,PLAUR,,PLAUR,PLAUR,C8B,PLAUR,PLAUR,,PLAUR,PLAUR,PLAUR,,PLAUR,PLAUR,PLAUR,PLAUR,PLAUR,CYP2C18,PLAUR,CEACAM6,PLAUR,PLAUR,PLAUR,,PLAUR,PLAUR,PLAUR,,,PLAUR,PLAUR,PLAUR,AGR3,ADAMTS1,PLAUR,,PLAUR,PLAUR,,PLAUR,PLAUR,CCL2,PLAUR,PLAUR,PLAUR,,TTC27,PLAUR,VSIG2,PLAUR,PLAUR,PLAUR,PLAUR,,PLAUR,PLAUR,PLAUR,SEMA3A,,PLAUR,,COPZ2,PLAUR,ADIPOR2,PLAUR,TRAF5P1,PLAUR,PLAUR,PSMC4,PLAUR,PLAUR
ANLN,MYH13,ANLN,CD4,ANLN,INPP5A,,,ANLN,LTF,ANLN,,,,ANLN,KIF22,MATR3,CCL28,ANLN,FMO1,,TNFRSF12A,ADAM28,ANLN,ANLN,,ANLN,ANLN,,ANLN,,ANLN,ANLN,SERPINB6,ANLN,ANLN,,ANLN,ANLN,ANLN,,ANLN,ANLN,ANLN,ANLN,ANLN,KRT23,ANLN,CELF2,ANLN,ANLN,ANLN,,ANLN,ANLN,ANLN,,,ANLN,ANLN,ANLN,ICAM3,TFEC,ANLN,,ANLN,ANLN,,ANLN,ANLN,IL6,ANLN,ANLN,ANLN,,ZNF582,ANLN,WARS1,ANLN,ANLN,ANLN,ANLN,,ANLN,ANLN,ANLN,CXCL10,,ANLN,,PRKAR2B,ANLN,CD79B,ANLN,TRAF1P3,ANLN,ANLN,PTPRC,ANLN,ANLN
WIZ,ADIPOR2,WIZ,SELE,WIZ,REEP1,,,WIZ,C8B,WIZ,,,,WIZ,SCGN,NPC1L1,KYNU,WIZ,ELOA,,DLX6,ICAM3,WIZ,WIZ,,WIZ,WIZ,,WIZ,,WIZ,WIZ,CD40,WIZ,WIZ,,WIZ,WIZ,WIZ,,WIZ,WIZ,WIZ,WIZ,WIZ,CRYBA1,WIZ,CEACAM7,WIZ,WIZ,WIZ,,WIZ,WIZ,WIZ,,,WIZ,WIZ,WIZ,NKG7,SULT2B1,WIZ,,WIZ,WIZ,,WIZ,WIZ,ICAM1,WIZ,WIZ,WIZ,,PRDM11,WIZ,YWHAZ,WIZ,WIZ,WIZ,WIZ,,WIZ,WIZ,WIZ,SERPINE1,,WIZ,,CREBBP,WIZ,PAX6,WIZ,LGALS4,WIZ,WIZ,PTPRU,WIZ,WIZ
RABGAP1,CDKL3,RABGAP1,GCLM,RABGAP1,ATP11A,,,RABGAP1,CCL22,RABGAP1,,,,RABGAP1,CARMIL1,XYLT2,ADAM8,RABGAP1,LYPLA2,,MAP3K9,CD79B,RABGAP1,RABGAP1,,RABGAP1,RABGAP1,,RABGAP1,,RABGAP1,RABGAP1,IL17,RABGAP1,RABGAP1,,RABGAP1,RABGAP1,RABGAP1,,RABGAP1,RABGAP1,RABGAP1,RABGAP1,RABGAP1,NUFIP2,RABGAP1,CEACAM21,RABGAP1,RABGAP1,RABGAP1,,RABGAP1,RABGAP1,RABGAP1,,,RABGAP1,RABGAP1,RABGAP1,LGALS3BP,IL2RA,RABGAP1,,RABGAP1,RABGAP1,,RABGAP1,RABGAP1,PLAUR,RABGAP1,RABGAP1,RABGAP1,,SYT13,RABGAP1,ZNF195,RABGAP1,RABGAP1,RABGAP1,RABGAP1,,RABGAP1,RABGAP1,RABGAP1,,,RABGAP1,,PON1,RABGAP1,RHBDF1,RABGAP1,PRF5P1,RABGAP1,RABGAP1,PYCARD,RABGAP1,RABGAP1
DCN,UPP2,DCN,PLAUR,DCN,POLR1A,,,DCN,ABCC2,DCN,,,,DCN,PGM1,RGPD5,FCGR2B,DCN,CLCN6,,RALA,SERPINB3,DCN,DCN,,DCN,DCN,,DCN,,DCN,DCN,CCL2,DCN,DCN,,DCN,DCN,DCN,,DCN,DCN,DCN,DCN,DCN,GIT1,DCN,CERS4,DCN,DCN,DCN,,DCN,DCN,DCN,,,DCN,DCN,DCN,PTGS1,ACTN1,DCN,,DCN,DCN,,DCN,DCN,LYZ,DCN,DCN,DCN,,SNAI2,DCN,ACP1,DCN,DCN,DCN,DCN,,DCN,DCN,DCN,,,DCN,,GCFC2,DCN,LUC7L,DCN,CD300A,DCN,DCN,QPCTL,DCN,DCN
QPCTL,PRSS21,QPCTL,ADIPOQ,QPCTL,LAPTM4A,,,QPCTL,ANXA1,QPCTL,,,,QPCTL,DDX1,STMN4,AHR,QPCTL,FYN,,BAIAP2L1,LUC7L,QPCTL,QPCTL,,QPCTL,QPCTL,,QPCTL,,QPCTL,QPCTL,IL5,QPCTL,QPCTL,,QPCTL,QPCTL,QPCTL,,QPCTL,QPCTL,QPCTL,QPCTL,QPCTL,FBXL20,QPCTL,CFHR2,QPCTL,QPCTL,QPCTL,,QPCTL,QPCTL,QPCTL,,,QPCTL,QPCTL,QPCTL,STAB1,TGFBR1,QPCTL,,QPCTL,QPCTL,,QPCTL,QPCTL,ADAM28,QPCTL,QPCTL,QPCTL,,CD74,QPCTL,AHCY,QPCTL,QPCTL,QPCTL,QPCTL,,QPCTL,QPCTL,QPCTL,,,QPCTL,,WDR54,QPCTL,CACNA2D2,QPCTL,ICAM5,QPCTL,QPCTL,RALA,QPCTL,QPCTL
PPP5C,MARK4,PPP5C,SELL,PPP5C,TTC7A,,,PPP5C,C9,PPP5C,,,,PPP5C,DNM2,NUDCD3,TFEC,PPP5C,FMO2,,KDM7A,STAB1,PPP5C,PPP5C,,PPP5C,PPP5C,,PPP5C,,PPP5C,PPP5C,TF,PPP5C,PPP5C,,PPP5C,PPP5C,PPP5C,,PPP5C,PPP5C,PPP5C,PPP5C,PPP5C,RUNDC3A,PPP5C,CGB2,PPP5C,PPP5C,PPP5C,,PPP5C,PPP5C,PPP5C,,,PPP5C,PPP5C,PPP5C,CD36,CTLA4,PPP5C,,PPP5C,PPP5C,,PPP5C,PPP5C,TF,PPP5C,PPP5C,PPP5C,,ZRANB1,PPP5C,ARCN1,PPP5C,PPP5C,PPP5C,PPP5C,,PPP5C,PPP5C,PPP5C,,,PPP5C,,CROT,PPP5C,BAIAP3,PPP5C,BTNL8,PPP5C,PPP5C,RALBP1,PPP5C,PPP5C
CEP68,PROM1,CEP68,PLA2G10,CEP68,RASGRP2,,,CEP68,CD4,CEP68,,,,CEP68,EPB41L2,ISL1,CYTH3,CEP68,LYPLA1,,ETV1,PGLYRP1,CEP68,CEP68,,CEP68,CEP68,,CEP68,,CEP68,CEP68,ICAM3,CEP68,CEP68,,CEP68,CEP68,CEP68,,CEP68,CEP68,CEP68,CEP68,CEP68,UBTF,CEP68,CGB3,CEP68,CEP68,CEP68,,CEP68,CEP68,CEP68,,,CEP68,CEP68,CEP68,CCL21,ANXA10,CEP68,,CEP68,CEP68,,CEP68,CEP68,TIMP1,CEP68,CEP68,CEP68,,NCDN,CEP68,ARG2,CEP68,CEP68,CEP68,CEP68,,CEP68,CEP68,CEP68,,,CEP68,,ABCB4,CEP68,PIGQ,CEP68,CD5,CEP68,CEP68,RASGRP1,CEP68,CEP68
MAP4K3,NOS2,MAP4K3,FCGRT,MAP4K3,PSME4,,,MAP4K3,ADAMTSL4,MAP4K3,,,,MAP4K3,RIMS1,CHDH,FGL1,MAP4K3,CLCN7,,AGK,CREBBP,MAP4K3,MAP4K3,,MAP4K3,MAP4K3,,MAP4K3,,MAP4K3,MAP4K3,IL32,MAP4K3,MAP4K3,,MAP4K3,MAP4K3,MAP4K3,,MAP4K3,MAP4K3,MAP4K3,MAP4K3,MAP4K3,CSF3,MAP4K3,CHAD,MAP4K3,MAP4K3,MAP4K3,,MAP4K3,MAP4K3,MAP4K3,,,MAP4K3,MAP4K3,MAP4K3,ALAS1,AGER,MAP4K3,,MAP4K3,MAP4K3,,MAP4K3,MAP4K3,LYZ,MAP4K3,MAP4K3,MAP4K3,,ADGRA2,MAP4K3,ALAS1,MAP4K3,MAP4K3,MAP4K3,MAP4K3,,MAP4K3,MAP4K3,MAP4K3,,,MAP4K3,,SOX8,MAP4K3,CRAMP1,MAP4K3,IL17A,MAP4K3,MAP4K3,RASSF1,MAP4K3,MAP4K3
ZBTB32,DNAH9,ZBTB32,LBP,ZBTB32,ERLEC1,,,ZBTB32,CTSH,ZBTB32,,,,ZBTB32,MOXD1,IL20RA,TNFSF13,ZBTB32,MRC2,,ALDH3B1,GUCY1B1,ZBTB32,ZBTB32,,ZBTB32,ZBTB32,,ZBTB32,,ZBTB32,ZBTB32,IL5RA,ZBTB32,ZBTB32,,ZBTB32,ZBTB32,ZBTB32,,ZBTB32,ZBTB32,ZBTB32,ZBTB32,ZBTB32,PSMD3,ZBTB32,CHGA,ZBTB32,ZBTB32,ZBTB32,,ZBTB32,ZBTB32,ZBTB32,,,ZBTB32,ZBTB32,ZBTB32,IL12RB2,IL15RA,ZBTB32,,ZBTB32,ZBTB32,,ZBTB32,ZBTB32,,ZBTB32,ZBTB32,ZBTB32,,CPS1,ZBTB32,CTSA,ZBTB32,ZBTB32,ZBTB32,ZBTB32,,ZBTB32,ZBTB32,ZBTB32,,,ZBTB32,,IBTK,ZBTB32,SELE,ZBTB32,SLC26A1,ZBTB32,ZBTB32,RB1CC1,ZBTB32,ZBTB32
TYROBP,KIAA0100,TYROBP,NLRP1,TYROBP,PPP2R5B,,,TYROBP,GLRX2,TYROBP,,,,TYROBP,STX7,CLCA1,PRDM4,TYROBP,ICA1,,TTC22,TSPAN9,TYROBP,TYROBP,,TYROBP,TYROBP,,TYROBP,,TYROBP,TYROBP,IL4,TYROBP,TYROBP,,TYROBP,TYROBP,TYROBP,,TYROBP,TYROBP,TYROBP,TYROBP,TYROBP,CASC3,TYROBP,CHGB,TYROBP,TYROBP,TYROBP,,TYROBP,TYROBP,TYROBP,,,TYROBP,TYROBP,TYROBP,ADAMTSL4,IL15,TYROBP,,TYROBP,TYROBP,,TYROBP,TYROBP,,TYROBP,TYROBP,TYROBP,,C8B,TYROBP,CTSL,TYROBP,TYROBP,TYROBP,TYROBP,,TYROBP,TYROBP,TYROBP,,,TYROBP,,ZNF195,TYROBP,DNAJC11,TYROBP,LGALS9,TYROBP,TYROBP,RELB,TYROBP,TYROBP
TMEM159,MATK,TMEM159,HSPA5,TMEM159,RTN4R,,,TMEM159,GZMB,TMEM159,,,,TMEM159,RABL2B,CLCA4,ADAM22,TMEM159,DBNDD1,,PHTF2,ITGAL,TMEM159,TMEM159,,TMEM159,TMEM159,,TMEM159,,TMEM159,TMEM159,CTLA4,TMEM159,TMEM159,,TMEM159,TMEM159,TMEM159,,TMEM159,TMEM159,TMEM159,TMEM159,TMEM159,RAPGEFL1,TMEM159,CHST3,TMEM159,TMEM159,TMEM159,,TMEM159,TMEM159,TMEM159,,,TMEM159,TMEM159,TMEM159,AGR1,TFAP2A,TMEM159,,TMEM159,TMEM159,,TMEM159,TMEM159,,TMEM159,TMEM159,TMEM159,,GABRA1,TMEM159,CTSK,TMEM159,TMEM159,TMEM159,TMEM159,,TMEM159,TMEM159,TMEM159,,,TMEM159,,MYCBP2,TMEM159,FMO3,TMEM159,IL17E,TMEM159,TMEM159,REX1BD,TMEM159,TMEM159
BRCA1,CD79B,BRCA1,LTBR,BRCA1,PHF23,,,BRCA1,SELE,BRCA1,,,,BRCA1,KEAP1,GLT8D1,KYNU,BRCA1,ALS2,,CCL26,ARF5,BRCA1,BRCA1,,BRCA1,BRCA1,,BRCA1,,BRCA1,BRCA1,IL10,BRCA1,BRCA1,,BRCA1,BRCA1,BRCA1,,BRCA1,BRCA1,BRCA1,BRCA1,BRCA1,RGS9,BRCA1,CHST10,BRCA1,BRCA1,BRCA1,,BRCA1,BRCA1,BRCA1,,,BRCA1,BRCA1,BRCA1,C8A,ADCY2,BRCA1,,BRCA1,BRCA1,,BRCA1,BRCA1,,BRCA1,BRCA1,BRCA1,,NLRP2,BRCA1,CTSZ,BRCA1,BRCA1,BRCA1,BRCA1,,BRCA1,BRCA1,BRCA1,,,BRCA1,,FBXL3,BRCA1,MYLIP,BRCA1,SERPINB6,BRCA1,BRCA1,RHOBTB2,BRCA1,BRCA1
ERCC1,ST7L,ERCC1,CTSL,ERCC1,RAB27B,,,ERCC1,ADAM22,ERCC1,,,,ERCC1,DDX43,ATP2C1,LILRA1,ERCC1,CASP10,,FARP2,PLA2G4A,ERCC1,ERCC1,,ERCC1,ERCC1,,ERCC1,,ERCC1,ERCC1,CTSD,ERCC1,ERCC1,,ERCC1,ERCC1,ERCC1,,ERCC1,ERCC1,ERCC1,ERCC1,ERCC1,RNF43,ERCC1,CIAPIN1,ERCC1,ERCC1,ERCC1,,ERCC1,ERCC1,ERCC1,,,ERCC1,ERCC1,ERCC1,CPS1,FGF23,ERCC1,,ERCC1,ERCC1,,ERCC1,ERCC1,,ERCC1,ERCC1,ERCC1,,SLC45A4,ERCC1,AIFM2,ERCC1,ERCC1,ERCC1,ERCC1,,ERCC1,ERCC1,ERCC1,,,ERCC1,,PDK2,ERCC1,E2F2,ERCC1,IL17REL,ERCC1,ERCC1,RMRP,ERCC1,ERCC1
CD22,RHBDF1,CD22,LY9,CD22,MYO16,,,CD22,ANXA13,CD22,,,,CD22,PTPRH,IGF1,C1QTNF3,CD22,CFLAR,,USH1C,TFAP4,CD22,CD22,,CD22,CD22,,CD22,,CD22,CD22,TNF,CD22,CD22,,CD22,CD22,CD22,,CD22,CD22,CD22,CD22,CD22,WNT3,CD22,CIDEB,CD22,CD22,CD22,,CD22,CD22,CD22,,,CD22,CD22,CD22,CYP3A43,FGF14,CD22,,CD22,CD22,,CD22,CD22,,CD22,CD22,CD22,,RNF10,CD22,BAD,CD22,CD22,CD22,CD22,,CD22,CD22,CD22,,,CD22,,GDE1,CD22,PSMB1,CD22,ANGPT1,CD22,CD22,RNASET2,CD22,CD22
SEMA3B,LUC7L,SEMA3B,C1QTNF3,SEMA3B,PARP3,,,SEMA3B,FMO3,SEMA3B,,,,SEMA3B,DCT,RALBP1,OSM,SEMA3B,TFPI,,GGCT,IL23A,SEMA3B,SEMA3B,,SEMA3B,SEMA3B,,SEMA3B,,SEMA3B,SEMA3B,LTA4H,SEMA3B,SEMA3B,,SEMA3B,SEMA3B,SEMA3B,,SEMA3B,SEMA3B,SEMA3B,SEMA3B,SEMA3B,ASPA,SEMA3B,CIRP,SEMA3B,SEMA3B,SEMA3B,,SEMA3B,SEMA3B,SEMA3B,,,SEMA3B,SEMA3B,SEMA3B,IFRD1,CD40,SEMA3B,,SEMA3B,SEMA3B,,SEMA3B,SEMA3B,,SEMA3B,SEMA3B,SEMA3B,,ZDHHC6,SEMA3B,BAX,SEMA3B,SEMA3B,SEMA3B,SEMA3B,,SEMA3B,SEMA3B,SEMA3B,,,SEMA3B,,REX1BD,SEMA3B,JARID2,SEMA3B,IL7,SEMA3B,SEMA3B,RNF4,SEMA3B,SEMA3B
LTF,CACNA2D2,LTF,IRAK3,LTF,RIPOR3,,,LTF,ICAM3,LTF,,,,LTF,SLC35C2,RUFY3,GIMAP4,LTF,NDUFAF7,,DBF4,CCL21,LTF,LTF,,LTF,LTF,,LTF,,LTF,LTF,TNFRSF17,LTF,LTF,,LTF,LTF,LTF,,LTF,LTF,LTF,LTF,LTF,RAD51C,LTF,CLCA1,LTF,LTF,LTF,,LTF,LTF,LTF,,,LTF,LTF,LTF,F10,ANXA13,LTF,,LTF,LTF,,LTF,LTF,,LTF,LTF,LTF,,GRAMD1B,LTF,BIRC3,LTF,LTF,LTF,LTF,,LTF,LTF,LTF,,,LTF,,TSR3,LTF,CAMK1G,LTF,LILRA5,LTF,LTF,RORA,LTF,LTF
EXTL3,BAIAP3,EXTL3,CTSD,EXTL3,TDP1,,,EXTL3,ADAM28,EXTL3,,,,EXTL3,CRYBG3,CNTN1,PLA2G3,EXTL3,RBM5,,TBXA2R,FYN,EXTL3,EXTL3,,EXTL3,EXTL3,,EXTL3,,EXTL3,EXTL3,IL7,EXTL3,EXTL3,,EXTL3,EXTL3,EXTL3,,EXTL3,EXTL3,EXTL3,EXTL3,EXTL3,SEPTIN4,EXTL3,CLCA4,EXTL3,EXTL3,EXTL3,,EXTL3,EXTL3,EXTL3,,,EXTL3,EXTL3,EXTL3,SAA,IL22RA1,EXTL3,,EXTL3,EXTL3,,EXTL3,EXTL3,,EXTL3,EXTL3,EXTL3,,RNH1,EXTL3,BID,EXTL3,EXTL3,EXTL3,EXTL3,,EXTL3,EXTL3,EXTL3,,,EXTL3,,PIGQ,EXTL3,CDK11A,EXTL3,SLAMF9,EXTL3,EXTL3,RPS6KA2,EXTL3,EXTL3
NR1H4,PIGQ,NR1H4,LYPLA2,NR1H4,MED17,,,NR1H4,IBTK,NR1H4,,,,NR1H4,EPHA6,SLC11A1,TFEC,NR1H4,MTMR7,,IFRD1,PLA2G10,NR1H4,NR1H4,,NR1H4,NR1H4,,NR1H4,,NR1H4,NR1H4,SERPINA1,NR1H4,NR1H4,,NR1H4,NR1H4,NR1H4,,NR1H4,NR1H4,NR1H4,NR1H4,NR1H4,MTMR4,NR1H4,CLDN11,NR1H4,NR1H4,NR1H4,,NR1H4,NR1H4,NR1H4,,,NR1H4,NR1H4,NR1H4,SPP2,FGF18,NR1H4,,NR1H4,NR1H4,,NR1H4,NR1H4,,NR1H4,NR1H4,NR1H4,,NDUFS1,NR1H4,MAPK9,NR1H4,NR1H4,NR1H4,NR1H4,,NR1H4,NR1H4,NR1H4,,,NR1H4,,TEAD3,NR1H4,TFAP2B,NR1H4,LRP2,NR1H4,NR1H4,RRM2B,NR1H4,NR1H4
ELOVL5,TEAD3,ELOVL5,NKG7,ELOVL5,USH2A,,,ELOVL5,TFPI,ELOVL5,,,,ELOVL5,SCTR,WWTR1,PLA2G10,ELOVL5,SLC7A2,,LGALS14,TRAF1,ELOVL5,ELOVL5,,ELOVL5,ELOVL5,,ELOVL5,,ELOVL5,ELOVL5,ICAM4,ELOVL5,ELOVL5,,ELOVL5,ELOVL5,ELOVL5,,ELOVL5,ELOVL5,ELOVL5,ELOVL5,ELOVL5,TRIM37,ELOVL5,CLU,ELOVL5,ELOVL5,ELOVL5,,ELOVL5,ELOVL5,ELOVL5,,,ELOVL5,ELOVL5,ELOVL5,TIMP2,IL1RL2,ELOVL5,,ELOVL5,ELOVL5,,ELOVL5,ELOVL5,,ELOVL5,ELOVL5,ELOVL5,,RB1CC1,ELOVL5,MAPK1,ELOVL5,ELOVL5,ELOVL5,ELOVL5,,ELOVL5,ELOVL5,ELOVL5,,,ELOVL5,,FMO3,ELOVL5,TFAP2D,ELOVL5,AGRP,ELOVL5,ELOVL5,RUNX3,ELOVL5,ELOVL5
ALOX5,DNAJC11,ALOX5,GDI2,ALOX5,ADAM28,,,ALOX5,SERPINE1,ALOX5,,,,ALOX5,RFX3,AGPS,GIMAP6,ALOX5,ARF5,,COX10,GDI2,ALOX5,ALOX5,,ALOX5,ALOX5,,ALOX5,,ALOX5,ALOX5,IL1RL2,ALOX5,ALOX5,,ALOX5,ALOX5,ALOX5,,ALOX5,ALOX5,ALOX5,ALOX5,ALOX5,P2RX1,ALOX5,CNTLN,ALOX5,ALOX5,ALOX5,,ALOX5,ALOX5,ALOX5,,,ALOX5,ALOX5,ALOX5,IL5RA,TFAP2E,ALOX5,,ALOX5,ALOX5,,ALOX5,ALOX5,,ALOX5,ALOX5,ALOX5,,ERP44,ALOX5,MAPK3,ALOX5,ALOX5,ALOX5,ALOX5,,ALOX5,ALOX5,ALOX5,,,ALOX5,,JARID2,ALOX5,CYTH3,ALOX5,ANGPT4,ALOX5,ALOX5,RUFY3,ALOX5,ALOX5
CALCOCO1,FMO3,CALCOCO1,TRAF1,CALCOCO1,ZIC2,,,CALCOCO1,F11,CALCOCO1,,,,CALCOCO1,RIF1,ZNF806,WNT2,CALCOCO1,SARM1,,GTF2IRD1,PLEKHB1,CALCOCO1,CALCOCO1,,CALCOCO1,CALCOCO1,,CALCOCO1,,CALCOCO1,CALCOCO1,LTB,CALCOCO1,CALCOCO1,,CALCOCO1,CALCOCO1,CALCOCO1,,CALCOCO1,CALCOCO1,CALCOCO1,CALCOCO1,CALCOCO1,DHX40,CALCOCO1,COLEC11,CALCOCO1,CALCOCO1,CALCOCO1,,CALCOCO1,CALCOCO1,CALCOCO1,,,CALCOCO1,CALCOCO1,CALCOCO1,AGPS,ADAM13,CALCOCO1,,CALCOCO1,CALCOCO1,,CALCOCO1,CALCOCO1,,CALCOCO1,CALCOCO1,CALCOCO1,,BIRC3,CALCOCO1,NOS2,CALCOCO1,CALCOCO1,CALCOCO1,CALCOCO1,,CALCOCO1,CALCOCO1,CALCOCO1,,,CALCOCO1,,CAMK1G,CALCOCO1,ADAM22,CALCOCO1,ADAM2,CALCOCO1,CALCOCO1,RWDD2A,CALCOCO1,CALCOCO1
UBR7,MYLIP,UBR7,IER3,UBR7,TRIT1,,,UBR7,GNA11,UBR7,,,,UBR7,RAB21,ATP1A2,ANGPT4,UBR7,POLDIP2,,PAF1,CD38,UBR7,UBR7,,UBR7,UBR7,,UBR7,,UBR7,UBR7,ADAMTS2,UBR7,UBR7,,UBR7,UBR7,UBR7,,UBR7,UBR7,UBR7,UBR7,UBR7,KRT37,UBR7,COL7A1,UBR7,UBR7,UBR7,,UBR7,UBR7,UBR7,,,UBR7,UBR7,UBR7,PTGS2,ACTC1,UBR7,,UBR7,UBR7,,UBR7,UBR7,,UBR7,UBR7,UBR7,,AKAP11,UBR7,TYMP,UBR7,UBR7,UBR7,UBR7,,UBR7,UBR7,UBR7,,,UBR7,,CDK11A,UBR7,SS18L2,UBR7,F11,UBR7,UBR7,SALL4,UBR7,UBR7
MAP4K5,E2F2,MAP4K5,C8B,MAP4K5,EPHA6,,,MAP4K5,GP6,MAP4K5,,,,MAP4K5,SLC4A4,TTC27,PRORP,MAP4K5,PLXND1,,VPS41,RHOBTB1,MAP4K5,MAP4K5,,MAP4K5,MAP4K5,,MAP4K5,,MAP4K5,MAP4K5,LTBR,MAP4K5,MAP4K5,,MAP4K5,MAP4K5,MAP4K5,,MAP4K5,MAP4K5,MAP4K5,MAP4K5,MAP4K5,TUBD1,MAP4K5,COL9A1,MAP4K5,MAP4K5,MAP4K5,,MAP4K5,MAP4K5,MAP4K5,,,MAP4K5,MAP4K5,MAP4K5,ANGPTL1,SPTB,MAP4K5,,MAP4K5,MAP4K5,,MAP4K5,MAP4K5,,MAP4K5,MAP4K5,MAP4K5,,GLRX2,MAP4K5,TFRC,MAP4K5,MAP4K5,MAP4K5,MAP4K5,,MAP4K5,MAP4K5,MAP4K5,,,MAP4K5,,TFAP2B,MAP4K5,CRY1,MAP4K5,THPO,MAP4K5,MAP4K5,SAMHD1,MAP4K5,MAP4K5
EHD3,PSMB1,EHD3,SERPINB1,EHD3,POU2F2,,,EHD3,AQR,EHD3,,,,,SMARCA2,ZNF582,BTN2A1,EHD3,AK2,,ARHGAP44,HSP90AA1,EHD3,EHD3,,EHD3,EHD3,,EHD3,,EHD3,EHD3,C5,EHD3,EHD3,,EHD3,EHD3,EHD3,,EHD3,EHD3,EHD3,EHD3,EHD3,KPNB1,EHD3,COL9A2,EHD3,EHD3,EHD3,,EHD3,EHD3,,,,EHD3,EHD3,EHD3,ANGPTL6,AGL,EHD3,,,EHD3,,EHD3,EHD3,,EHD3,EHD3,EHD3,,SNAPC1,EHD3,MPO,EHD3,EHD3,EHD3,EHD3,,EHD3,EHD3,EHD3,,,EHD3,,DLEC1,EHD3,PLEKHH1,EHD3,ANP32E,EHD3,EHD3,SARM1,EHD3,EHD3
PSMC4,JARID2,PSMC4,SERPINB3,PSMC4,BRD9,,,PSMC4,LGMN,PSMC4,,,,,RDH8,VSIG2,SLC11A2,PSMC4,CD38,,ELAC2,ADCY2,PSMC4,PSMC4,,PSMC4,PSMC4,,PSMC4,,PSMC4,PSMC4,EXTL3,PSMC4,PSMC4,,PSMC4,PSMC4,PSMC4,,PSMC4,PSMC4,PSMC4,PSMC4,PSMC4,GOSR2,PSMC4,COMP,PSMC4,PSMC4,PSMC4,,PSMC4,PSMC4,,,,PSMC4,PSMC4,PSMC4,FGF4,TGFBR2,PSMC4,,,PSMC4,,PSMC4,PSMC4,,PSMC4,PSMC4,PSMC4,,DERA,PSMC4,LTF,PSMC4,PSMC4,PSMC4,PSMC4,,PSMC4,PSMC4,PSMC4,,,PSMC4,,CYTH3,PSMC4,ATP9A,PSMC4,CD200,PSMC4,PSMC4,SARS1,PSMC4,PSMC4
MAN2B2,CDK11A,MAN2B2,IL17RB,MAN2B2,SLC6A7,,,MAN2B2,CEACAM6,MAN2B2,,,,,SESN1,PHLDB1,CCL16,MAN2B2,FKBP4,,SCIN,GUCY1B1,MAN2B2,MAN2B2,,MAN2B2,MAN2B2,,MAN2B2,,MAN2B2,MAN2B2,CCL1,MAN2B2,MAN2B2,,MAN2B2,MAN2B2,MAN2B2,,MAN2B2,MAN2B2,MAN2B2,MAN2B2,MAN2B2,PNPO,MAN2B2,CPB2,MAN2B2,MAN2B2,MAN2B2,,MAN2B2,MAN2B2,,,,MAN2B2,MAN2B2,MAN2B2,OSBPL5,TP53INP1,MAN2B2,,,MAN2B2,,MAN2B2,MAN2B2,,MAN2B2,MAN2B2,MAN2B2,,STRAP,MAN2B2,BIRC3,MAN2B2,MAN2B2,MAN2B2,MAN2B2,,MAN2B2,MAN2B2,MAN2B2,,,MAN2B2,,ADAM22,MAN2B2,SPO11,MAN2B2,IRAK3,MAN2B2,MAN2B2,SCIN,MAN2B2,MAN2B2
SLC7A14,NADK,SLC7A14,CST7,SLC7A14,ABHD5,,,SLC7A14,ALOX12,SLC7A14,,,,,COL5A3,MARCO,CCL21,SLC7A14,KDM1A,,MYH13,HSPB1,SLC7A14,SLC7A14,,SLC7A14,SLC7A14,,SLC7A14,,SLC7A14,SLC7A14,EXTL2,SLC7A14,SLC7A14,,SLC7A14,SLC7A14,SLC7A14,,SLC7A14,SLC7A14,SLC7A14,SLC7A14,SLC7A14,TVP23BP2,SLC7A14,CPQ,SLC7A14,SLC7A14,SLC7A14,,SLC7A14,SLC7A14,,,,SLC7A14,SLC7A14,SLC7A14,LYVE1,IL10,SLC7A14,,,SLC7A14,,SLC7A14,SLC7A14,,SLC7A14,SLC7A14,SLC7A14,,ABCC2,SLC7A14,PGLYRP1,SLC7A14,SLC7A14,SLC7A14,SLC7A14,,SLC7A14,SLC7A14,SLC7A14,,,SLC7A14,,SYPL1,SLC7A14,CBLN4,SLC7A14,TRAF5,SLC7A14,SLC7A14,SCT,SLC7A14,SLC7A14
CLDN11,TFAP2B,CLDN11,IL20RA,CLDN11,MBTD1,,,CLDN11,CFH,CLDN11,,,,,SRCAP,CYP24A1,SP140,,RBM6,,ADIPOR2,PLEKHA5,,CLDN11,,CLDN11,CLDN11,,CLDN11,,CLDN11,CLDN11,CD44,CLDN11,CLDN11,,CLDN11,CLDN11,CLDN11,,CLDN11,CLDN11,CLDN11,CLDN11,CLDN11,RPS6KB1,CLDN11,CRLF1,CLDN11,CLDN11,CLDN11,,CLDN11,CLDN11,,,,CLDN11,CLDN11,CLDN11,MMP25,MMP11,CLDN11,,,CLDN11,,CLDN11,CLDN11,,CLDN11,CLDN11,CLDN11,,DEF6,CLDN11,LYZ,CLDN11,CLDN11,CLDN11,CLDN11,,CLDN11,CLDN11,CLDN11,,,CLDN11,,SPAG9,CLDN11,CHRDL2,CLDN11,ICAM5,CLDN11,CLDN11,SEC62,CLDN11,CLDN11
SLC25A39,TFAP2D,SLC25A39,LILRB1,SLC25A39,PTBP1,,,SLC25A39,FUCA2,SLC25A39,,,,,PUM3,PRDM11,TFEC,,CAMKK1,,CDKL3,IBTK,,SLC25A39,,SLC25A39,SLC25A39,,SLC25A39,,SLC25A39,SLC25A39,CRP,SLC25A39,SLC25A39,,SLC25A39,SLC25A39,SLC25A39,,SLC25A39,SLC25A39,SLC25A39,SLC25A39,SLC25A39,TRIM16L,SLC25A39,CRISP2,SLC25A39,SLC25A39,SLC25A39,,SLC25A39,SLC25A39,,,,SLC25A39,SLC25A39,SLC25A39,IL10RB,ITGAL,SLC25A39,,,SLC25A39,,SLC25A39,SLC25A39,,SLC25A39,SLC25A39,SLC25A39,,DEPDC1,SLC25A39,MMP2,SLC25A39,SLC25A39,SLC25A39,SLC25A39,,SLC25A39,SLC25A39,SLC25A39,,,SLC25A39,,CELSR3,SLC25A39,RELT,SLC25A39,BTN3A1,SLC25A39,SLC25A39,SELE,SLC25A39,SLC25A39
MVP,DLEC1,MVP,IL23A,MVP,SEMA3B,,,MVP,ANXA7,MVP,,,,,CPB2,SYT13,F7,,RECQL,,UPP2,ASPM,,MVP,,MVP,MVP,,MVP,,MVP,MVP,IL1RL1,MVP,MVP,,MVP,MVP,MVP,,MVP,MVP,MVP,MVP,MVP,ZNF29P,MVP,CRLF1,MVP,MVP,MVP,,MVP,MVP,,,,MVP,MVP,MVP,LY75,ACTN2,MVP,,,MVP,,MVP,MVP,,MVP,MVP,MVP,,CCDC28A,MVP,PLAUR,MVP,MVP,MVP,MVP,,MVP,MVP,MVP,,,MVP,,AASS,MVP,GALC,MVP,LILRB4,MVP,MVP,SEMA3A,MVP,MVP
NUB1,CYTH3,NUB1,BPI,NUB1,ALOX5,,,NUB1,ICAM1,NUB1,,,,,CHRNA3,SNAI2,IL15RA,,VPS50,,PRSS21,FCGR2A,,NUB1,,NUB1,NUB1,,NUB1,,NUB1,NUB1,IL2,NUB1,NUB1,,NUB1,NUB1,NUB1,,NUB1,NUB1,NUB1,NUB1,NUB1,CDK5RAP3,NUB1,CRISP3,NUB1,NUB1,NUB1,,NUB1,NUB1,,,,NUB1,NUB1,NUB1,THAP3,AGBL2,NUB1,,,NUB1,,NUB1,NUB1,,NUB1,NUB1,NUB1,,RRAGD,NUB1,DCN,NUB1,NUB1,NUB1,NUB1,,NUB1,NUB1,NUB1,,,NUB1,,PLEKHG6,NUB1,NOP58,NUB1,PIGB,NUB1,NUB1,SERPINB1,NUB1,NUB1
PGM3,ADAM22,PGM3,GZMB,PGM3,EHD3,,,PGM3,AOC1,PGM3,,,,,KCNN2,CD74,KYNU,,HSPB6,,MARK4,TFEC,,PGM3,,PGM3,PGM3,,PGM3,,PGM3,PGM3,IL36G,PGM3,PGM3,,PGM3,PGM3,PGM3,,PGM3,PGM3,PGM3,PGM3,PGM3,CBX1,PGM3,CRYM,PGM3,PGM3,PGM3,,PGM3,PGM3,,,,PGM3,PGM3,PGM3,FGF9,HGFAC,PGM3,,,PGM3,,PGM3,PGM3,,PGM3,PGM3,PGM3,,HSF2,PGM3,TYROBP,PGM3,PGM3,PGM3,PGM3,,PGM3,PGM3,PGM3,,,PGM3,,CRY1,PGM3,KCNH2,PGM3,CD70,PGM3,PGM3,SERPINB3,PGM3,PGM3
RWDD2A,SYPL1,RWDD2A,GZMH,RWDD2A,MAN2B2,,,RWDD2A,FMO1,RWDD2A,,,,,CNOT4,HGF,BTN2A2,,ARHGAP33,,PROM1,IL32,,RWDD2A,,RWDD2A,RWDD2A,,RWDD2A,,RWDD2A,RWDD2A,CSF3,RWDD2A,RWDD2A,,RWDD2A,RWDD2A,RWDD2A,,RWDD2A,RWDD2A,RWDD2A,RWDD2A,RWDD2A,RECQL5,RWDD2A,CTLA4,RWDD2A,RWDD2A,RWDD2A,,RWDD2A,RWDD2A,,,,RWDD2A,RWDD2A,RWDD2A,OSBPL7,IL34,RWDD2A,,,RWDD2A,,RWDD2A,RWDD2A,,RWDD2A,RWDD2A,RWDD2A,,PHF20,RWDD2A,LTF,RWDD2A,RWDD2A,RWDD2A,RWDD2A,,RWDD2A,RWDD2A,RWDD2A,,,RWDD2A,,PGLYRP1,RWDD2A,CYFIP2,RWDD2A,MPO,RWDD2A,RWDD2A,SERPINE1,RWDD2A,RWDD2A
CLK1,CYB561,CLK1,IGFBP2,CLK1,SLC7A14,,,CLK1,C3,CLK1,,,,,PSEN1,ZRANB1,RGS17,,NDUFAB1,,CCDC124,,,CLK1,,CLK1,CLK1,,CLK1,,CLK1,CLK1,GMCSF,CLK1,CLK1,,CLK1,CLK1,CLK1,,CLK1,CLK1,CLK1,CLK1,CLK1,PIGL,CLK1,CTSA,CLK1,CLK1,CLK1,,CLK1,CLK1,,,,CLK1,CLK1,CLK1,LTBP2,TFAP4,CLK1,,,CLK1,,CLK1,CLK1,,CLK1,CLK1,CLK1,,HSD17B6,CLK1,EBI3,CLK1,CLK1,CLK1,CLK1,,CLK1,CLK1,CLK1,,,CLK1,,ST3GAL1,CLK1,TAB2,CLK1,LGALS8,CLK1,CLK1,SH2D2A,CLK1,CLK1
POLR3B,SPAG9,POLR3B,MMP9,POLR3B,SLC25A39,,,POLR3B,CCL17,POLR3B,,,,,CPOX,NCDN,TFEC,,PDK4,,CEACAM21,,,POLR3B,,POLR3B,POLR3B,,POLR3B,,POLR3B,POLR3B,IL17F,POLR3B,POLR3B,,POLR3B,POLR3B,POLR3B,,POLR3B,POLR3B,POLR3B,POLR3B,POLR3B,GALK1,POLR3B,CTSH,POLR3B,POLR3B,POLR3B,,POLR3B,POLR3B,,,,POLR3B,POLR3B,POLR3B,FGF20,ADAMTS2,POLR3B,,,POLR3B,,POLR3B,POLR3B,,POLR3B,POLR3B,POLR3B,,NR1H3,POLR3B,GCLM,POLR3B,POLR3B,POLR3B,POLR3B,,POLR3B,POLR3B,POLR3B,,,POLR3B,,IL32,POLR3B,EIF2AK2,POLR3B,CD33,POLR3B,POLR3B,SH2D3C,POLR3B,POLR3B
ANGEL1,AASS,ANGEL1,LTBP1,ANGEL1,NUB1,,,ANGEL1,ALOX5,ANGEL1,,,,,CLDND1,ADGRA2,C8B,,SLC22A16,,PAFAH1B1,,,ANGEL1,,ANGEL1,ANGEL1,,ANGEL1,,ANGEL1,ANGEL1,SERPINE1,ANGEL1,ANGEL1,,ANGEL1,ANGEL1,ANGEL1,,ANGEL1,ANGEL1,ANGEL1,ANGEL1,ANGEL1,INTS2,ANGEL1,CYLD,ANGEL1,ANGEL1,ANGEL1,,ANGEL1,ANGEL1,,,,ANGEL1,ANGEL1,ANGEL1,RALA,CGB2,ANGEL1,,,ANGEL1,,ANGEL1,ANGEL1,,ANGEL1,ANGEL1,ANGEL1,,TYMP,ANGEL1,PPOX,ANGEL1,ANGEL1,ANGEL1,ANGEL1,,ANGEL1,ANGEL1,ANGEL1,,,ANGEL1,,MAPK8IP2,ANGEL1,KMT2C,ANGEL1,BTNL8,ANGEL1,ANGEL1,SIGLEC1,ANGEL1,ANGEL1
RNF14,PLEKHG6,RNF14,ANGPT2,RNF14,RWDD2A,,,RNF14,TF,RNF14,,,,,MOK,CCT8L1P,ADAMTS6,,ZMYND10,,NOS2,,,RNF14,,RNF14,RNF14,,RNF14,,RNF14,RNF14,OSM,RNF14,RNF14,,RNF14,RNF14,RNF14,,RNF14,RNF14,RNF14,RNF14,RNF14,CAMTA2,RNF14,CYP24A1,RNF14,RNF14,RNF14,,RNF14,RNF14,,,,RNF14,RNF14,RNF14,RHOH,CGB3,RNF14,,,RNF14,,RNF14,RNF14,,RNF14,RNF14,RNF14,,NCAPH2,RNF14,ACMSD,RNF14,RNF14,RNF14,RNF14,,RNF14,RNF14,RNF14,,,RNF14,,FAM76A,RNF14,ITIH4,RNF14,ADAM2,RNF14,RNF14,SIKE1,RNF14,RNF14
DDX11,SS18L2,DDX11,HGF,DDX11,CLK1,,,DDX11,IL1B,DDX11,,,,,HSP90AA1,ZFP64,IL10,,ABCB5,,DNAH9,,,DDX11,,DDX11,DDX11,,DDX11,,DDX11,DDX11,PRF1,DDX11,DDX11,,DDX11,DDX11,DDX11,,DDX11,DDX11,DDX11,DDX11,DDX11,MED13,DDX11,CYP3A5,DDX11,DDX11,DDX11,,DDX11,DDX11,,,,DDX11,DDX11,DDX11,ADAM30,IL12A,DDX11,,,DDX11,,DDX11,DDX11,,DDX11,DDX11,DDX11,,TOMM34,DDX11,ALDH2,DDX11,DDX11,DDX11,DDX11,,DDX11,DDX11,DDX11,,,DDX11,,UQCRC1,DDX11,ITIH1,DDX11,LTBR,DDX11,DDX11,SKAP2,DDX11,DDX11
HEBP1,MPND,HEBP1,GABRA1,HEBP1,POLR3B,,,HEBP1,CYP3A43,HEBP1,,,,,RBL1,MNAT1,IL7,,SLC25A13,,KIAA0100,,,HEBP1,,HEBP1,HEBP1,,HEBP1,,HEBP1,HEBP1,TRAF1,HEBP1,HEBP1,,HEBP1,HEBP1,HEBP1,,HEBP1,HEBP1,HEBP1,HEBP1,HEBP1,HOXB6,HEBP1,CYP26A1,HEBP1,HEBP1,HEBP1,,HEBP1,HEBP1,,,,HEBP1,HEBP1,HEBP1,IFNG,ADAMTS3,HEBP1,,,HEBP1,,HEBP1,HEBP1,,HEBP1,HEBP1,HEBP1,,SEC63,HEBP1,ADH1B,HEBP1,HEBP1,HEBP1,HEBP1,,HEBP1,HEBP1,HEBP1,,,HEBP1,,HHATL,HEBP1,HPF1,HEBP1,F11,HEBP1,HEBP1,SKP2,HEBP1,HEBP1
GPRC5A,MGST1,GPRC5A,SLC11A1,GPRC5A,DDX11,,,GPRC5A,HGF,GPRC5A,,,,,DLGAP4,SAMD4A,IL22,,ST7,,SLC13A2,,,GPRC5A,,GPRC5A,GPRC5A,,GPRC5A,,GPRC5A,GPRC5A,IL15,GPRC5A,GPRC5A,,GPRC5A,GPRC5A,GPRC5A,,GPRC5A,GPRC5A,GPRC5A,GPRC5A,GPRC5A,ENO3,GPRC5A,CYP26B1,GPRC5A,GPRC5A,GPRC5A,,GPRC5A,GPRC5A,,,,GPRC5A,GPRC5A,GPRC5A,PLEKHH1,ANG,GPRC5A,,,GPRC5A,,GPRC5A,GPRC5A,,GPRC5A,GPRC5A,GPRC5A,,KPNA6,GPRC5A,DUSP3,GPRC5A,GPRC5A,GPRC5A,GPRC5A,,GPRC5A,GPRC5A,GPRC5A,,,GPRC5A,,NCAPD2,GPRC5A,ZFR,GPRC5A,THPO,GPRC5A,GPRC5A,SLC11A1,GPRC5A,GPRC5A
CD6,CRY1,CD6,FCGR2B,CD6,FAM13B,,,CD6,ADAM7,CD6,,,,,IGSF9B,RUNX3,TNFSF12,,CDC27,,GAS7,,,CD6,,CD6,CD6,,CD6,,CD6,CD6,TFAP4,CD6,CD6,,CD6,CD6,CD6,,CD6,CD6,CD6,CD6,CD6,AC003958.6,CD6,CYP27A1,CD6,CD6,CD6,,CD6,CD6,,,,CD6,CD6,CD6,IL37,IL17A,CD6,,,CD6,,CD6,CD6,,CD6,CD6,CD6,,VIM,CD6,CTSA,CD6,CD6,CD6,CD6,,CD6,CD6,CD6,,,CD6,,FUZ,CD6,NPFFR2,CD6,,CD6,CD6,SLC12A2,CD6,CD6
TACC3,ST3GAL1,TACC3,PTPN6,TACC3,CENPQ,,,TACC3,LYZ,TACC3,,,,,CFHR2,MRE11,TNFRSF11A,,SLC4A1,,TRAPPC6A,,,TACC3,,TACC3,TACC3,,TACC3,,TACC3,TACC3,TRAF5,TACC3,TACC3,,TACC3,TACC3,TACC3,,TACC3,TACC3,TACC3,TACC3,TACC3,PFN1,TACC3,CYP27B1,TACC3,TACC3,TACC3,,TACC3,TACC3,,,,TACC3,TACC3,TACC3,CCL25,TFAP2B,TACC3,,,TACC3,,TACC3,TACC3,,TACC3,TACC3,TACC3,,FAS,TACC3,CST7,TACC3,TACC3,TACC3,TACC3,,TACC3,TACC3,TACC3,,,TACC3,,TPD52,TACC3,PHF21B,TACC3,,TACC3,TACC3,SLC25A13,TACC3,TACC3
UFL1,MAPK8IP2,UFL1,SEMA3A,UFL1,SARS1,,,UFL1,LCN1,UFL1,,,,,CROCCP3,PLEKHB1,TFEC,,CALCR,,MATK,,,UFL1,,UFL1,UFL1,,UFL1,,UFL1,UFL1,IL17C,UFL1,UFL1,,UFL1,UFL1,UFL1,,UFL1,UFL1,UFL1,UFL1,UFL1,RNF167,UFL1,CYTH1,UFL1,UFL1,UFL1,,UFL1,UFL1,,,,UFL1,UFL1,UFL1,SNAI2,PTPRD,UFL1,,,UFL1,,UFL1,UFL1,,UFL1,UFL1,UFL1,,RNASET2,UFL1,FTL,UFL1,UFL1,UFL1,UFL1,,UFL1,UFL1,UFL1,,,UFL1,,RRAGD,UFL1,TRAF1,UFL1,,UFL1,UFL1,SLC30A4,UFL1,UFL1
POLA2,MED24,POLA2,NLRC4,POLA2,RANBP3,,,POLA2,GCLM,POLA2,,,,,NDC80,SERPINB1,IL15,,DVL2,,CEACAM7,,,POLA2,,POLA2,POLA2,,POLA2,,POLA2,POLA2,HGF,POLA2,POLA2,,POLA2,POLA2,POLA2,,POLA2,POLA2,POLA2,POLA2,POLA2,SLC25A11,POLA2,DAO,POLA2,POLA2,POLA2,,POLA2,POLA2,,,,POLA2,POLA2,POLA2,CXCL1,IL12B,POLA2,,,POLA2,,POLA2,POLA2,,POLA2,POLA2,POLA2,,CD44,POLA2,FCN1,POLA2,POLA2,POLA2,POLA2,,POLA2,POLA2,POLA2,,,POLA2,,ALX4,POLA2,IL17RB,POLA2,,POLA2,POLA2,SLC39A9,POLA2,POLA2
ZC3H3,RHOBTB2,ZC3H3,RNASE2,ZC3H3,ARID4A,,,ZC3H3,CTSD,ZC3H3,,,,,AP4E1,CYP3A43,BTN3A1,,PRSS22,,CD79B,,,ZC3H3,,ZC3H3,ZC3H3,,ZC3H3,,ZC3H3,ZC3H3,TNF,ZC3H3,ZC3H3,,ZC3H3,ZC3H3,ZC3H3,,ZC3H3,ZC3H3,ZC3H3,ZC3H3,ZC3H3,RASD1,ZC3H3,DBH,ZC3H3,ZC3H3,ZC3H3,,ZC3H3,ZC3H3,,,,ZC3H3,ZC3H3,ZC3H3,SLC7A9,C8B,ZC3H3,,,ZC3H3,,ZC3H3,ZC3H3,,ZC3H3,ZC3H3,ZC3H3,,KCNG1,ZC3H3,GCLM,ZC3H3,ZC3H3,ZC3H3,ZC3H3,,ZC3H3,ZC3H3,ZC3H3,,,ZC3H3,,FSTL4,ZC3H3,SYPL1,ZC3H3,,ZC3H3,ZC3H3,SLC4A1,ZC3H3,ZC3H3
CAPN1,HEATR5B,CAPN1,CD44,CAPN1,EIPR1,,,CAPN1,SERPINC1,CAPN1,,,,,RSBN1,SLC7A9,TNFRSF17,,UPF1,,SCN4A,,,CAPN1,,CAPN1,CAPN1,,CAPN1,,CAPN1,CAPN1,TRAF3IP2,CAPN1,CAPN1,,CAPN1,CAPN1,CAPN1,,CAPN1,CAPN1,CAPN1,CAPN1,CAPN1,CHRNE,CAPN1,DCN,CAPN1,CAPN1,CAPN1,,CAPN1,CAPN1,,,,CAPN1,CAPN1,CAPN1,SPAST,ACTN4,CAPN1,,,CAPN1,,CAPN1,CAPN1,,CAPN1,CAPN1,CAPN1,,AGPAT4,CAPN1,MGLL,CAPN1,CAPN1,CAPN1,CAPN1,,CAPN1,CAPN1,CAPN1,,,CAPN1,,FOXN3,CAPN1,CYB561,CAPN1,,CAPN1,CAPN1,SLC4A7,CAPN1,CAPN1
ACP3,SEC62,ACP3,TREM2,ACP3,PNPLA6,,,ACP3,FCGR2B,ACP3,,,,,MAGI3,SPAST,SPEN,,SKAP2,,ST7L,,,ACP3,,ACP3,ACP3,,ACP3,,ACP3,ACP3,IL12B,ACP3,ACP3,,ACP3,ACP3,ACP3,,ACP3,ACP3,ACP3,ACP3,ACP3,RAI1,ACP3,DDT,ACP3,ACP3,ACP3,,ACP3,ACP3,,,,ACP3,ACP3,ACP3,AQR,PRF1,ACP3,,,ACP3,,ACP3,ACP3,,ACP3,ACP3,ACP3,,BTN3A1,ACP3,TIMP2,ACP3,ACP3,ACP3,ACP3,,ACP3,ACP3,ACP3,,,ACP3,,MYH16,ACP3,SPAG9,ACP3,,ACP3,ACP3,SLC4A9,ACP3,ACP3
MDH1,CSDE1,MDH1,FYN,MDH1,IFT88,,,MDH1,MPO,MDH1,,,,,CXCL2,NRXN3,IL32,,MCUB,,PAX6,,,MDH1,,MDH1,MDH1,,MDH1,,MDH1,MDH1,IGHMBP2,MDH1,MDH1,,MDH1,MDH1,MDH1,,MDH1,MDH1,MDH1,MDH1,MDH1,NUP88,MDH1,DEF6,MDH1,MDH1,MDH1,,MDH1,MDH1,,,,MDH1,MDH1,MDH1,CCL20,MMP2,MDH1,,,MDH1,,MDH1,MDH1,,MDH1,MDH1,MDH1,,MIPEP,MDH1,MIF,MDH1,MDH1,MDH1,MDH1,,MDH1,MDH1,MDH1,,,MDH1,,RAD52,MDH1,CELSR3,MDH1,,MDH1,MDH1,SLC6A13,MDH1,MDH1
SLC30A9,UBE3C,SLC30A9,FMO1,SLC30A9,ALG1,,,SLC30A9,ICAM4,SLC30A9,,,,,AFP,OSBPL5,IFNGR1,,HOXA11,,RPUSD1,,,SLC30A9,,SLC30A9,SLC30A9,,SLC30A9,,SLC30A9,SLC30A9,MPO,SLC30A9,SLC30A9,,SLC30A9,SLC30A9,SLC30A9,,SLC30A9,SLC30A9,SLC30A9,SLC30A9,SLC30A9,C1QBP,SLC30A9,DEFB1,SLC30A9,SLC30A9,SLC30A9,,SLC30A9,SLC30A9,,,,SLC30A9,SLC30A9,SLC30A9,ADGRA2,PLAUR,SLC30A9,,,SLC30A9,,SLC30A9,SLC30A9,,SLC30A9,SLC30A9,SLC30A9,,PRKCH,SLC30A9,ACTB,SLC30A9,SLC30A9,SLC30A9,SLC30A9,,SLC30A9,SLC30A9,SLC30A9,,,SLC30A9,,BAD,SLC30A9,AASS,SLC30A9,,SLC30A9,SLC30A9,SLC6A4,SLC30A9,SLC30A9
MTMR11,REV3L,MTMR11,FMO3,MTMR11,ZCCHC8,,,MTMR11,ITGA2B,MTMR11,,,,,COL4A4,AQR,IL34,,POLR2J,,RHBDF1,,,MTMR11,,MTMR11,MTMR11,,MTMR11,,MTMR11,MTMR11,PRF1,MTMR11,MTMR11,,MTMR11,MTMR11,MTMR11,,MTMR11,MTMR11,MTMR11,MTMR11,MTMR11,SLC6A4,MTMR11,DEFB127,MTMR11,MTMR11,MTMR11,,MTMR11,MTMR11,,,,MTMR11,MTMR11,MTMR11,F3,ACTA2,MTMR11,,,MTMR11,,MTMR11,MTMR11,,MTMR11,MTMR11,MTMR11,,INSRR,MTMR11,ALAS1,MTMR11,MTMR11,MTMR11,MTMR11,,MTMR11,MTMR11,MTMR11,,,MTMR11,,ACSM2B,MTMR11,PLEKHG6,MTMR11,,MTMR11,MTMR11,SLC7A2,MTMR11,MTMR11
COX15,PAX7,COX15,MRC2,COX15,ABCF2,,,COX15,AGR2,COX15,,,,,TCF7,CPS1,IL12RB2,,DHX33,,LUC7L,,,COX15,,COX15,COX15,,COX15,,COX15,COX15,CD38,COX15,COX15,,COX15,COX15,COX15,,COX15,COX15,COX15,COX15,COX15,BLMH,COX15,DEF6,COX15,COX15,COX15,,COX15,COX15,,,,COX15,COX15,COX15,TFPI,SPP1,COX15,,,COX15,,COX15,COX15,,COX15,COX15,COX15,,IFNGR1,COX15,BHLHE40,COX15,COX15,COX15,COX15,,COX15,COX15,COX15,,,COX15,,ITIH4,COX15,MGST1,COX15,,COX15,COX15,SLC7A9,COX15,COX15
CCDC88C,MASP2,CCDC88C,NME1-NME2,CCDC88C,CHPF2,,,CCDC88C,AOC1,CCDC88C,,,,,OSTM1,C8B,LILRA1,,MEOX1,,CACNA2D2,,,CCDC88C,,CCDC88C,CCDC88C,,CCDC88C,,CCDC88C,CCDC88C,LYZ,CCDC88C,CCDC88C,,CCDC88C,CCDC88C,CCDC88C,,CCDC88C,CCDC88C,CCDC88C,CCDC88C,CCDC88C,CPD,CCDC88C,DEPDC1,CCDC88C,CCDC88C,CCDC88C,,CCDC88C,CCDC88C,,,,CCDC88C,CCDC88C,CCDC88C,TFRC,VEGFC,CCDC88C,,,CCDC88C,,CCDC88C,CCDC88C,,CCDC88C,CCDC88C,CCDC88C,,B4GALT7,CCDC88C,,CCDC88C,CCDC88C,CCDC88C,CCDC88C,,CCDC88C,CCDC88C,CCDC88C,,,CCDC88C,,ITIH1,CCDC88C,GZMA,CCDC88C,,CCDC88C,CCDC88C,SNAI2,CCDC88C,CCDC88C
YAF2,IYD,YAF2,IL17A,YAF2,LRRC7,,,YAF2,CCL2,YAF2,,,,,CDH7,RTF2,P2RX7,,THSD7A,,BAIAP3,,,YAF2,,YAF2,YAF2,,YAF2,,YAF2,YAF2,LAG3,YAF2,YAF2,,YAF2,YAF2,YAF2,,YAF2,YAF2,YAF2,YAF2,YAF2,GOSR1,YAF2,DEPDC1B,YAF2,YAF2,YAF2,,YAF2,YAF2,,,,YAF2,YAF2,YAF2,IL17RD,MMP15,YAF2,,,YAF2,,YAF2,YAF2,,YAF2,YAF2,YAF2,,SH2D2A,YAF2,,YAF2,YAF2,YAF2,YAF2,,YAF2,YAF2,YAF2,,,YAF2,,HPF1,YAF2,MMP2,YAF2,,YAF2,YAF2,SNAPC1,YAF2,YAF2
ZMYND11,FAM76A,ZMYND11,IL17F,ZMYND11,FUT8,,,ZMYND11,CRP,ZMYND11,,,,,IMPG2,GABRA1,LYZ,,LIG3,,TSR3,,,ZMYND11,,ZMYND11,ZMYND11,,ZMYND11,,ZMYND11,ZMYND11,ICAM1,ZMYND11,ZMYND11,,ZMYND11,ZMYND11,ZMYND11,,ZMYND11,ZMYND11,ZMYND11,ZMYND11,ZMYND11,CCDC47,ZMYND11,DERA,ZMYND11,ZMYND11,ZMYND11,,ZMYND11,ZMYND11,,,,ZMYND11,ZMYND11,ZMYND11,GHR,MMP9,ZMYND11,,,ZMYND11,,ZMYND11,ZMYND11,,ZMYND11,ZMYND11,ZMYND11,,VRK2,ZMYND11,,ZMYND11,ZMYND11,ZMYND11,ZMYND11,,ZMYND11,ZMYND11,ZMYND11,,,ZMYND11,,ZFR,ZMYND11,MATK,ZMYND11,,ZMYND11,ZMYND11,SNAPC2,ZMYND11,ZMYND11
DPEP1,TRAF3IP3,DPEP1,IL1B,DPEP1,LARS2,,,DPEP1,FCGRT,DPEP1,,,,,PCNP,NLRP2,C1QTNF3,,RPAP3,,PIGQ,,,DPEP1,,DPEP1,DPEP1,,DPEP1,,DPEP1,DPEP1,CXCL1,DPEP1,DPEP1,,DPEP1,DPEP1,DPEP1,,DPEP1,DPEP1,DPEP1,DPEP1,DPEP1,MED31,DPEP1,DGAT2,DPEP1,DPEP1,DPEP1,,DPEP1,DPEP1,,,,DPEP1,DPEP1,DPEP1,IL21R,PLA2G10,DPEP1,,,DPEP1,,DPEP1,DPEP1,,DPEP1,DPEP1,DPEP1,,TNFRSF1B,DPEP1,,DPEP1,DPEP1,DPEP1,DPEP1,,DPEP1,DPEP1,DPEP1,,,DPEP1,,NPFFR2,DPEP1,EEF1D,DPEP1,,DPEP1,DPEP1,SNX1,DPEP1,DPEP1
BID,POMT2,BID,IL2,BID,PIK3C2A,,,BID,IL32,BID,,,,,EXD2,SLC45A4,SLC11A2,,ACSM3,,CRAMP1,,,BID,,BID,BID,,BID,,BID,BID,FAS,BID,BID,,BID,BID,BID,,BID,BID,BID,BID,BID,DRG2,BID,DHODH,BID,BID,BID,,BID,BID,,,,BID,BID,BID,HGFAC,TNF,BID,,,BID,,BID,BID,,BID,BID,BID,,BRD9,BID,,BID,BID,BID,BID,,BID,BID,BID,,,BID,,PHF21B,BID,CEACAM7,BID,,BID,BID,SOAT1,BID,BID
MATR3,VTA1,MATR3,IFNG,MATR3,PLAUR,,,MATR3,CCL26,MATR3,,,,,ARG2,RNF10,KYNU,,REXO5,,TEAD3,,,MATR3,,MATR3,MATR3,,MATR3,,MATR3,MATR3,CCL2,MATR3,MATR3,,MATR3,MATR3,MATR3,,MATR3,MATR3,MATR3,MATR3,MATR3,FTSJ3,MATR3,DHRS2,MATR3,MATR3,MATR3,,MATR3,MATR3,,,,MATR3,MATR3,MATR3,CTSH,ADAM10,MATR3,,,MATR3,,MATR3,MATR3,,MATR3,MATR3,MATR3,,SNX1,MATR3,,MATR3,MATR3,MATR3,MATR3,,MATR3,MATR3,MATR3,,,MATR3,,TRAF1,MATR3,MYCBP2,MATR3,,MATR3,MATR3,SOD2,MATR3,MATR3
NPC1L1,MLXIPL,NPC1L1,TNFSF10,NPC1L1,ANLN,,,NPC1L1,LBP,NPC1L1,,,,,MEF2C,ZNF839,IL12RB1,,CIAPIN1,,SELE,,,NPC1L1,,NPC1L1,NPC1L1,,NPC1L1,,NPC1L1,NPC1L1,PGLYRP1,NPC1L1,NPC1L1,,NPC1L1,NPC1L1,NPC1L1,,NPC1L1,NPC1L1,NPC1L1,NPC1L1,NPC1L1,AKAP10,NPC1L1,DHRS7B,NPC1L1,NPC1L1,NPC1L1,,NPC1L1,NPC1L1,,,,NPC1L1,NPC1L1,NPC1L1,ESR1,LYZ,NPC1L1,,,NPC1L1,,NPC1L1,NPC1L1,,NPC1L1,NPC1L1,NPC1L1,,TBPL1,NPC1L1,,NPC1L1,NPC1L1,NPC1L1,NPC1L1,,NPC1L1,NPC1L1,NPC1L1,,,NPC1L1,,IL17RB,NPC1L1,FBXL3,NPC1L1,,NPC1L1,NPC1L1,SOX8,NPC1L1,NPC1L1
XYLT2,BAZ1B,XYLT2,TNFSF11,XYLT2,WIZ,,,XYLT2,ITGA6,XYLT2,,,,,PTPRC,ZDHHC6,TFEC,,SPPL2B,,DNAJC11,,,XYLT2,,XYLT2,XYLT2,,XYLT2,,XYLT2,XYLT2,PRF1,XYLT2,XYLT2,,XYLT2,XYLT2,XYLT2,,XYLT2,XYLT2,XYLT2,XYLT2,XYLT2,ALDH3A1,XYLT2,DHRS9,XYLT2,XYLT2,XYLT2,,XYLT2,XYLT2,,,,XYLT2,XYLT2,XYLT2,AIMP2,MMP16,XYLT2,,,XYLT2,,XYLT2,XYLT2,,XYLT2,XYLT2,XYLT2,,ARNTL2,XYLT2,,XYLT2,XYLT2,XYLT2,XYLT2,,XYLT2,XYLT2,XYLT2,,,XYLT2,,SERPINB3,XYLT2,ADCK1,XYLT2,,XYLT2,XYLT2,SPAST,XYLT2,XYLT2
RGPD5,RANBP9,RGPD5,IFNGR1,RGPD5,RABGAP1,,,RGPD5,IL20RA,RGPD5,,,,,CACNA1S,GRAMD1B,LILRB5,,FAM214B,,FMO3,,,RGPD5,,RGPD5,RGPD5,,RGPD5,,RGPD5,RGPD5,ICAM3,RGPD5,RGPD5,,RGPD5,RGPD5,RGPD5,,RGPD5,RGPD5,RGPD5,RGPD5,RGPD5,SMARCD2,RGPD5,DHX58,RGPD5,RGPD5,RGPD5,,RGPD5,RGPD5,,,,RGPD5,RGPD5,RGPD5,SPAM1,PLA2G12A,RGPD5,,,RGPD5,,RGPD5,RGPD5,,RGPD5,RGPD5,RGPD5,,BCLAF1,RGPD5,,RGPD5,RGPD5,RGPD5,RGPD5,,RGPD5,RGPD5,RGPD5,,,RGPD5,,SOAT1,RGPD5,NME1-NME2,RGPD5,,RGPD5,RGPD5,SPPL2B,RGPD5,RGPD5
STMN4,ETV7,STMN4,IL1RA,STMN4,DCN,,,STMN4,F10,STMN4,,,,,PKP1,RNH1,IL23A,,COPZ2,,MYLIP,,,STMN4,,STMN4,STMN4,,STMN4,,STMN4,STMN4,SPP1,STMN4,STMN4,,STMN4,STMN4,STMN4,,STMN4,STMN4,STMN4,STMN4,STMN4,ICAM2,STMN4,DICER1,STMN4,STMN4,STMN4,,STMN4,STMN4,,,,STMN4,STMN4,STMN4,ACADVL,PLA2G4A,STMN4,,,STMN4,,STMN4,STMN4,,STMN4,STMN4,STMN4,,SLC39A9,STMN4,,STMN4,STMN4,STMN4,STMN4,,STMN4,STMN4,STMN4,,,STMN4,,PKP2,STMN4,BTBD7,STMN4,,STMN4,STMN4,SSBP1,STMN4,STMN4
NUDCD3,SPRTN,NUDCD3,SERPINA4,NUDCD3,,,,NUDCD3,LYPLA2,NUDCD3,,,,,UBA5,NDUFS1,BTN3A1,,PRKAR2B,,E2F2,,,NUDCD3,,NUDCD3,NUDCD3,,NUDCD3,,NUDCD3,NUDCD3,LTF,NUDCD3,NUDCD3,,NUDCD3,NUDCD3,NUDCD3,,NUDCD3,NUDCD3,NUDCD3,NUDCD3,NUDCD3,SYNGR2,NUDCD3,DKK3,NUDCD3,NUDCD3,NUDCD3,,NUDCD3,NUDCD3,,,,NUDCD3,NUDCD3,NUDCD3,HSP90AB1,LYPLA2,NUDCD3,,,NUDCD3,,NUDCD3,NUDCD3,,NUDCD3,NUDCD3,NUDCD3,,ANK1,NUDCD3,,NUDCD3,NUDCD3,NUDCD3,NUDCD3,,NUDCD3,NUDCD3,NUDCD3,,,NUDCD3,,MSH4,NUDCD3,APBA3,NUDCD3,,NUDCD3,NUDCD3,SSUH2,NUDCD3,NUDCD3
ISL1,EEF1AKNMT,ISL1,IL2RB,ISL1,,,,ISL1,ICAM5,ISL1,,,,,STK17B,RB1CC1,TNFRSF1B,,CREBBP,,PSMB1,,,ISL1,,ISL1,ISL1,,ISL1,,ISL1,ISL1,GZMB,ISL1,ISL1,,ISL1,ISL1,ISL1,,ISL1,ISL1,ISL1,ISL1,ISL1,B9D1,ISL1,DLG1,ISL1,ISL1,ISL1,,ISL1,ISL1,,,,ISL1,ISL1,ISL1,LYPLA2,PLA2G7,ISL1,,,ISL1,,ISL1,ISL1,,ISL1,ISL1,ISL1,,IBSP,ISL1,,ISL1,ISL1,ISL1,ISL1,,ISL1,ISL1,ISL1,,,ISL1,,F7,ISL1,ABHD5,ISL1,,ISL1,ISL1,STAB1,ISL1,ISL1
CHDH,DYRK4,CHDH,CCL22,CHDH,,,,CHDH,PGLYRP1,CHDH,,,,,CDC14B,ERP44,IL17F,,TSPOAP1,,JARID2,,,CHDH,,CHDH,CHDH,,CHDH,,CHDH,CHDH,PRF1,CHDH,CHDH,,CHDH,CHDH,CHDH,,CHDH,CHDH,CHDH,CHDH,CHDH,UTP6,CHDH,DLEC1,CHDH,CHDH,CHDH,,CHDH,CHDH,,,,CHDH,CHDH,CHDH,TNFAIP6,SEMA3A,CHDH,,,CHDH,,CHDH,CHDH,,CHDH,CHDH,CHDH,,TFB1M,CHDH,,CHDH,CHDH,CHDH,CHDH,,CHDH,CHDH,CHDH,,,CHDH,,GDI2,CHDH,AKAP8L,CHDH,,CHDH,CHDH,STAM,CHDH,CHDH
IL20RA,ZNF207,IL20RA,CCL26,IL20RA,,,,IL20RA,SERPINB7,IL20RA,,,,,ZNF510,ALAS1,SLC1A3,,PON1,,CAMK1G,,,IL20RA,,IL20RA,IL20RA,,IL20RA,,IL20RA,IL20RA,CEACAM6,IL20RA,IL20RA,,IL20RA,IL20RA,IL20RA,,IL20RA,IL20RA,IL20RA,IL20RA,IL20RA,DDX5,IL20RA,DLL3,IL20RA,IL20RA,IL20RA,,IL20RA,IL20RA,,,,IL20RA,IL20RA,IL20RA,ANXA12,FGF2,IL20RA,,,IL20RA,,IL20RA,IL20RA,,IL20RA,IL20RA,IL20RA,,RABEP1,IL20RA,,IL20RA,IL20RA,IL20RA,IL20RA,,IL20RA,IL20RA,IL20RA,,,IL20RA,,CDK14,IL20RA,MBTD1,IL20RA,,IL20RA,IL20RA,STAU2,IL20RA,IL20RA
CLCA1,UQCRC1,CLCA1,IL12RB2,CLCA1,,,,CLCA1,C3orf14,CLCA1,,,,,LRP2,BIRC3,TFRC,,GCFC2,,CDK11A,,,CLCA1,,CLCA1,CLCA1,,CLCA1,,CLCA1,CLCA1,SAA1,CLCA1,CLCA1,,CLCA1,CLCA1,CLCA1,,CLCA1,CLCA1,CLCA1,CLCA1,CLCA1,C17orf75,CLCA1,DNTT,CLCA1,CLCA1,CLCA1,,CLCA1,CLCA1,,,,CLCA1,CLCA1,CLCA1,ANXA10,LYZ,CLCA1,,,CLCA1,,CLCA1,CLCA1,,CLCA1,CLCA1,CLCA1,,NUP160,CLCA1,,CLCA1,CLCA1,CLCA1,CLCA1,,CLCA1,CLCA1,CLCA1,,,CLCA1,,SEC61A1,CLCA1,PTBP1,CLCA1,,CLCA1,CLCA1,STK10,CLCA1,CLCA1
CLCA4,STARD3NL,CLCA4,IL10RA,CLCA4,,,,CLCA4,CCL8,CLCA4,,,,,ZNF506,AKAP11,BIRC2,,WDR54,,NADK,,,CLCA4,,CLCA4,CLCA4,,CLCA4,,CLCA4,CLCA4,A2M,CLCA4,CLCA4,,CLCA4,CLCA4,CLCA4,,CLCA4,CLCA4,CLCA4,CLCA4,CLCA4,CYTH1,CLCA4,DPP4,CLCA4,CLCA4,CLCA4,,CLCA4,CLCA4,,,,CLCA4,CLCA4,CLCA4,TIE1,FGF4,CLCA4,,,CLCA4,,CLCA4,CLCA4,,CLCA4,CLCA4,CLCA4,,BAK1,CLCA4,,CLCA4,CLCA4,CLCA4,CLCA4,,CLCA4,CLCA4,CLCA4,,,CLCA4,,RASGRF1,CLCA4,DPF1,CLCA4,,CLCA4,CLCA4,STRAP,CLCA4,CLCA4
GLT8D1,HHATL,GLT8D1,CD81,GLT8D1,,,,GLT8D1,IL17A,GLT8D1,,,,,JMJD4,GLRX2,CCL17,,CROT,,TFAP2B,,,GLT8D1,,GLT8D1,GLT8D1,,GLT8D1,,GLT8D1,GLT8D1,CD44,GLT8D1,GLT8D1,,GLT8D1,GLT8D1,GLT8D1,,GLT8D1,GLT8D1,GLT8D1,GLT8D1,GLT8D1,PSMD11,GLT8D1,DROSHA,GLT8D1,GLT8D1,GLT8D1,,GLT8D1,GLT8D1,,,,GLT8D1,GLT8D1,GLT8D1,ANXA7,ACTB,GLT8D1,,,GLT8D1,,GLT8D1,GLT8D1,,GLT8D1,GLT8D1,GLT8D1,,MUSK,GLT8D1,,GLT8D1,GLT8D1,GLT8D1,GLT8D1,,GLT8D1,GLT8D1,GLT8D1,,,GLT8D1,,CAMK2B,GLT8D1,SYT7,GLT8D1,,GLT8D1,GLT8D1,STRN4,GLT8D1,GLT8D1
ATP2C1,NCAPD2,ATP2C1,LILRB5,ATP2C1,,,,ATP2C1,SLC7A2,ATP2C1,,,,,DUSP12,SNAPC1,ICAM2,,ABCB4,,TFAP2D,,,ATP2C1,,ATP2C1,ATP2C1,,ATP2C1,,ATP2C1,ATP2C1,BIRC3,ATP2C1,ATP2C1,,ATP2C1,ATP2C1,ATP2C1,,ATP2C1,ATP2C1,ATP2C1,ATP2C1,ATP2C1,LGALS3BP,ATP2C1,DSG2,ATP2C1,ATP2C1,ATP2C1,,ATP2C1,ATP2C1,,,,ATP2C1,ATP2C1,ATP2C1,TNFSF13B,SEMA3C,ATP2C1,,,ATP2C1,,ATP2C1,ATP2C1,,ATP2C1,ATP2C1,ATP2C1,,IKZF2,ATP2C1,,ATP2C1,ATP2C1,ATP2C1,ATP2C1,,ATP2C1,ATP2C1,ATP2C1,,,ATP2C1,,CROCC,ATP2C1,PIK3C2A,ATP2C1,,ATP2C1,ATP2C1,TBXA2R,ATP2C1,ATP2C1
IGF1,IFFO1,IGF1,TNFRSF12A,IGF1,,,,IGF1,SPAG9,IGF1,,,,,AACS,DERA,F3,,KMT2E,,DLEC1,,,IGF1,,IGF1,IGF1,,IGF1,,IGF1,IGF1,PGLYRP1,IGF1,IGF1,,IGF1,IGF1,IGF1,,IGF1,IGF1,IGF1,IGF1,IGF1,ASIC2,IGF1,DSP,IGF1,IGF1,IGF1,,IGF1,IGF1,,,,IGF1,IGF1,IGF1,ANGPTL8,PLA2G15,IGF1,,,IGF1,,IGF1,IGF1,,IGF1,IGF1,IGF1,,GRN,IGF1,,IGF1,IGF1,IGF1,IGF1,,IGF1,IGF1,IGF1,,,IGF1,,POLR3E,IGF1,PLAUR,IGF1,,IGF1,IGF1,TBPL1,IGF1,IGF1
RALBP1,GIPR,RALBP1,NLRP2,RALBP1,,,,RALBP1,BIRC3,RALBP1,,,,,DELE1,STRAP,ASB4,,RHBDD2,,CYTH3,,,RALBP1,,RALBP1,RALBP1,,RALBP1,,RALBP1,RALBP1,PRF1,RALBP1,RALBP1,,RALBP1,RALBP1,RALBP1,,RALBP1,RALBP1,RALBP1,RALBP1,RALBP1,CCL7,RALBP1,DSPP,RALBP1,RALBP1,RALBP1,,RALBP1,RALBP1,,,,RALBP1,RALBP1,RALBP1,TGFB1,MMP25,RALBP1,,,RALBP1,,RALBP1,RALBP1,,RALBP1,RALBP1,RALBP1,,FAM13B,RALBP1,,RALBP1,RALBP1,RALBP1,RALBP1,,RALBP1,RALBP1,RALBP1,,,RALBP1,,ATP2B4,RALBP1,ANLN,RALBP1,,RALBP1,RALBP1,TBX21,RALBP1,RALBP1
RUFY3,PHF7,RUFY3,CLEC2B,RUFY3,,,,RUFY3,SERPINA4,RUFY3,,,,,SLC13A1,ABCC2,ADAM10,,SOX8,,ADAM22,,,RUFY3,,RUFY3,RUFY3,,RUFY3,,RUFY3,RUFY3,,RUFY3,RUFY3,,RUFY3,RUFY3,RUFY3,,RUFY3,RUFY3,RUFY3,RUFY3,RUFY3,CCL2,RUFY3,DUSP1,RUFY3,RUFY3,RUFY3,,RUFY3,RUFY3,,,,RUFY3,RUFY3,RUFY3,ALDH18A1,INHBA,RUFY3,,,RUFY3,,RUFY3,RUFY3,,RUFY3,RUFY3,RUFY3,,ARHGAP31,RUFY3,,RUFY3,RUFY3,RUFY3,RUFY3,,RUFY3,RUFY3,RUFY3,,,RUFY3,,ZC3H11A,RUFY3,RABGAP1,RUFY3,,RUFY3,RUFY3,TFRC,RUFY3,RUFY3
CNTN1,SEMA3G,CNTN1,RORA,CNTN1,,,,CNTN1,CCL1,CNTN1,,,,,CADPS2,DEF6,IL17RB,,IBTK,,SYPL1,,,CNTN1,,CNTN1,CNTN1,,CNTN1,,CNTN1,CNTN1,,CNTN1,CNTN1,,CNTN1,CNTN1,CNTN1,,CNTN1,CNTN1,CNTN1,CNTN1,CNTN1,CCL8,CNTN1,DUSP3,CNTN1,CNTN1,CNTN1,,CNTN1,CNTN1,,,,CNTN1,CNTN1,CNTN1,C1QBP,SPP1,CNTN1,,,CNTN1,,CNTN1,CNTN1,,CNTN1,CNTN1,CNTN1,,CENPQ,CNTN1,,CNTN1,CNTN1,CNTN1,CNTN1,,CNTN1,CNTN1,CNTN1,,,CNTN1,,YIPF1,CNTN1,DCN,CNTN1,,CNTN1,CNTN1,TGFB1,CNTN1,CNTN1
SLC11A1,NISCH,SLC11A1,TGFBR3,SLC11A1,,,,SLC11A1,SEMA3A,SLC11A1,,,,,PCDHB4,PLEKHO1,CD86,,ZNF195,,CYB561,,,SLC11A1,,SLC11A1,SLC11A1,,SLC11A1,,SLC11A1,SLC11A1,,SLC11A1,SLC11A1,,SLC11A1,SLC11A1,SLC11A1,,SLC11A1,SLC11A1,SLC11A1,SLC11A1,SLC11A1,CCL1,SLC11A1,DUSP6,SLC11A1,SLC11A1,SLC11A1,,SLC11A1,SLC11A1,,,,SLC11A1,SLC11A1,SLC11A1,ANGPTL3,INHBC,SLC11A1,,,SLC11A1,,SLC11A1,SLC11A1,,SLC11A1,SLC11A1,SLC11A1,,SARS1,SLC11A1,,SLC11A1,SLC11A1,SLC11A1,SLC11A1,,SLC11A1,SLC11A1,SLC11A1,,,SLC11A1,,NDC1,SLC11A1,CEP68,SLC11A1,,SLC11A1,SLC11A1,TGFB2,SLC11A1,SLC11A1
WWTR1,STAB1,WWTR1,FGF10,WWTR1,,,,WWTR1,ABCC6,WWTR1,,,,,PCDHA6,GCLM,CD38,,MYCBP2,,SPAG9,,,WWTR1,,WWTR1,WWTR1,,WWTR1,,WWTR1,WWTR1,,WWTR1,WWTR1,,WWTR1,WWTR1,WWTR1,,WWTR1,WWTR1,WWTR1,WWTR1,WWTR1,PEX12,WWTR1,DYRK1B,WWTR1,WWTR1,WWTR1,,WWTR1,WWTR1,,,,WWTR1,WWTR1,WWTR1,TG,SPTB,WWTR1,,,WWTR1,,WWTR1,WWTR1,,WWTR1,WWTR1,WWTR1,,RANBP3,WWTR1,,WWTR1,WWTR1,WWTR1,WWTR1,,WWTR1,WWTR1,WWTR1,,,WWTR1,,DGKG,WWTR1,MAP4K3,WWTR1,,WWTR1,WWTR1,TGFBR1,WWTR1,WWTR1
AGPS,FUZ,AGPS,CYP24A1,AGPS,,,,AGPS,SPP1,AGPS,,,,,PCDHGA2,UBR2,SERPINB3,,FBXL3,,CELSR3,,,AGPS,,AGPS,AGPS,,AGPS,,AGPS,AGPS,,AGPS,AGPS,,AGPS,AGPS,AGPS,,AGPS,AGPS,AGPS,AGPS,AGPS,KRT32,AGPS,E2F2,AGPS,AGPS,AGPS,,AGPS,AGPS,,,,AGPS,AGPS,AGPS,ADIPOR2,FCGRT,AGPS,,,AGPS,,AGPS,AGPS,,AGPS,AGPS,AGPS,,ARID4A,AGPS,,AGPS,AGPS,AGPS,AGPS,,AGPS,AGPS,AGPS,,,AGPS,,FLYWCH1,AGPS,TYROBP,AGPS,,AGPS,AGPS,TGFBR3,AGPS,AGPS
ZNF806,SLC6A13,ZNF806,ITGAL,ZNF806,,,,ZNF806,IL11,ZNF806,,,,,HSPB11,EHD2,TFEC,,PDK2,,AASS,,,ZNF806,,ZNF806,ZNF806,,ZNF806,,ZNF806,ZNF806,,ZNF806,ZNF806,,ZNF806,ZNF806,ZNF806,,ZNF806,ZNF806,ZNF806,ZNF806,ZNF806,DHX58,ZNF806,E2F8,ZNF806,ZNF806,ZNF806,,ZNF806,ZNF806,,,,ZNF806,ZNF806,ZNF806,ADSS2,ITGAL,ZNF806,,,ZNF806,,ZNF806,ZNF806,,ZNF806,ZNF806,ZNF806,,EIPR1,ZNF806,,ZNF806,ZNF806,ZNF806,ZNF806,,ZNF806,ZNF806,ZNF806,,,ZNF806,,UNKL,ZNF806,BRCA1,ZNF806,,ZNF806,ZNF806,THRAP3,ZNF806,ZNF806
ATP1A2,PRSS3,ATP1A2,ITGA3,ATP1A2,,,,ATP1A2,C5orf22,ATP1A2,,,,,PHLPP1,DEPDC1,RNH1,,ITGA3,,PLEKHG6,,,ATP1A2,,ATP1A2,ATP1A2,,ATP1A2,,ATP1A2,ATP1A2,,ATP1A2,ATP1A2,,ATP1A2,ATP1A2,ATP1A2,,ATP1A2,ATP1A2,ATP1A2,ATP1A2,ATP1A2,KAT2A,ATP1A2,EBF3,ATP1A2,ATP1A2,ATP1A2,,ATP1A2,ATP1A2,,,,ATP1A2,ATP1A2,ATP1A2,CCL26,MMP7,ATP1A2,,,ATP1A2,,ATP1A2,ATP1A2,,ATP1A2,ATP1A2,ATP1A2,,PNPLA6,ATP1A2,,ATP1A2,ATP1A2,ATP1A2,ATP1A2,,ATP1A2,ATP1A2,ATP1A2,,,ATP1A2,,TBXAS1,ATP1A2,ERCC1,ATP1A2,,ATP1A2,ATP1A2,TIMP2,ATP1A2,ATP1A2
TTC27,ZNF200,TTC27,ITGA2B,TTC27,,,,TTC27,CCL7,TTC27,,,,,ATP8B1,CCDC28A,SERPIND1,,ASB4,,SS18L2,,,TTC27,,TTC27,TTC27,,TTC27,,TTC27,TTC27,,TTC27,TTC27,,TTC27,TTC27,TTC27,,TTC27,TTC27,TTC27,TTC27,TTC27,RAB5C,TTC27,ECD,TTC27,TTC27,TTC27,,TTC27,TTC27,,,,TTC27,TTC27,TTC27,AGER,MMP25,TTC27,,,TTC27,,TTC27,TTC27,,TTC27,TTC27,TTC27,,IFT88,TTC27,,TTC27,TTC27,TTC27,TTC27,,TTC27,TTC27,TTC27,,,TTC27,,ALDH18A1,TTC27,SEMA3B,TTC27,,TTC27,TTC27,TLR2,TTC27,TTC27
ZNF582,CD4,ZNF582,CCL17,ZNF582,,,,ZNF582,SERPINB3,ZNF582,,,,,IL12RB2,RRAGD,BTN3A3,,GDE1,,MPND,,,ZNF582,,ZNF582,ZNF582,,ZNF582,,ZNF582,ZNF582,,ZNF582,ZNF582,,ZNF582,ZNF582,ZNF582,,ZNF582,ZNF582,ZNF582,ZNF582,ZNF582,NAGLU,ZNF582,ECE1,ZNF582,ZNF582,ZNF582,,ZNF582,ZNF582,,,,ZNF582,ZNF582,ZNF582,ALOX12,TIMP2,ZNF582,,,ZNF582,,ZNF582,ZNF582,,ZNF582,ZNF582,ZNF582,,ALG1,ZNF582,,ZNF582,ZNF582,ZNF582,ZNF582,,ZNF582,ZNF582,ZNF582,,,ZNF582,,TARBP1,ZNF582,EXTL3,ZNF582,,ZNF582,ZNF582,TOMM34,ZNF582,ZNF582
VSIG2,HFE,VSIG2,CD200,VSIG2,,,,VSIG2,IGSF9,VSIG2,,,,,SMARCD3,HSF2,CD37,,REX1BD,,MGST1,,,VSIG2,,VSIG2,VSIG2,,VSIG2,,VSIG2,VSIG2,,VSIG2,VSIG2,,VSIG2,VSIG2,VSIG2,,VSIG2,VSIG2,VSIG2,VSIG2,VSIG2,HSD17B1P1,VSIG2,ECH1,VSIG2,VSIG2,VSIG2,,VSIG2,VSIG2,,,,VSIG2,VSIG2,VSIG2,CLDN11,ACTN1,VSIG2,,,VSIG2,,VSIG2,VSIG2,,VSIG2,VSIG2,VSIG2,,ZCCHC8,VSIG2,,VSIG2,VSIG2,VSIG2,VSIG2,,VSIG2,VSIG2,VSIG2,,,VSIG2,,GATB,VSIG2,ALOX5,VSIG2,,VSIG2,VSIG2,TP73,VSIG2,VSIG2
PHLDB1,LRRC23,PHLDB1,CCL20,PHLDB1,,,,PHLDB1,ABCC8,PHLDB1,,,,,WDR70,PHF20,ASB1,,CRLF1,,CRY1,,,PHLDB1,,PHLDB1,PHLDB1,,PHLDB1,,PHLDB1,PHLDB1,,PHLDB1,PHLDB1,,PHLDB1,PHLDB1,PHLDB1,,PHLDB1,PHLDB1,PHLDB1,PHLDB1,PHLDB1,HSD17B1,PHLDB1,ECHDC2,PHLDB1,PHLDB1,PHLDB1,,PHLDB1,PHLDB1,,,,PHLDB1,PHLDB1,PHLDB1,CLCA1,PTPRC,PHLDB1,,,PHLDB1,,PHLDB1,PHLDB1,,PHLDB1,PHLDB1,PHLDB1,,ABCF2,PHLDB1,,PHLDB1,PHLDB1,PHLDB1,PHLDB1,,PHLDB1,PHLDB1,PHLDB1,,,PHLDB1,,MXD1,PHLDB1,CALCOCO1,PHLDB1,,PHLDB1,PHLDB1,TP53BP1,PHLDB1,PHLDB1
MARCO,SCMH1,MARCO,CXCL2,MARCO,,,,MARCO,ITGAL,MARCO,,,,,FYB1,HSD17B6,ICAM5,,OSBPL7,,,,,MARCO,,MARCO,MARCO,,MARCO,,MARCO,MARCO,,MARCO,MARCO,,MARCO,MARCO,MARCO,,MARCO,MARCO,MARCO,MARCO,MARCO,MLX,MARCO,EDN1,MARCO,MARCO,MARCO,,MARCO,MARCO,,,,MARCO,MARCO,MARCO,MSR1,TNF,MARCO,,,MARCO,,MARCO,MARCO,,MARCO,MARCO,MARCO,,CHPF2,MARCO,,MARCO,MARCO,MARCO,MARCO,,MARCO,MARCO,MARCO,,,MARCO,,CDK17,MARCO,UBR7,MARCO,,MARCO,MARCO,TPMT,MARCO,MARCO
CYP24A1,FYN,CYP24A1,AFP,CYP24A1,,,,CYP24A1,CCL26,CYP24A1,,,,,MPP4,NR1H3,CX3CR1,,TMEM98,,,,,CYP24A1,,CYP24A1,CYP24A1,,CYP24A1,,CYP24A1,CYP24A1,,CYP24A1,CYP24A1,,CYP24A1,CYP24A1,CYP24A1,,CYP24A1,CYP24A1,CYP24A1,CYP24A1,CYP24A1,CNTNAP1,CYP24A1,EDRF1,CYP24A1,CYP24A1,CYP24A1,,CYP24A1,CYP24A1,,,,CYP24A1,CYP24A1,CYP24A1,NFIX,PRF1,CYP24A1,,,CYP24A1,,CYP24A1,CYP24A1,,CYP24A1,CYP24A1,CYP24A1,,LRRC7,CYP24A1,,CYP24A1,CYP24A1,CYP24A1,CYP24A1,,CYP24A1,CYP24A1,CYP24A1,,,CYP24A1,,JMJD6,CYP24A1,MAP4K5,CYP24A1,,CYP24A1,CYP24A1,TRAF1,CYP24A1,CYP24A1
PRDM11,HIVEP2,PRDM11,COL4A4,PRDM11,,,,PRDM11,C9,PRDM11,,,,,STRADB,TYMP,ADAM17,,YBX2,,,,,PRDM11,,PRDM11,PRDM11,,PRDM11,,PRDM11,PRDM11,,PRDM11,PRDM11,,PRDM11,PRDM11,PRDM11,,PRDM11,PRDM11,PRDM11,PRDM11,PRDM11,ABI3,PRDM11,EED,PRDM11,PRDM11,PRDM11,,PRDM11,PRDM11,,,,PRDM11,PRDM11,PRDM11,ACTN1,FCGR2B,PRDM11,,,PRDM11,,PRDM11,PRDM11,,PRDM11,PRDM11,PRDM11,,FUT8,PRDM11,,PRDM11,PRDM11,PRDM11,PRDM11,,PRDM11,PRDM11,PRDM11,,,PRDM11,,POLB,PRDM11,EHD3,PRDM11,,PRDM11,PRDM11,TRAF3IP2,PRDM11,PRDM11
SYT13,FMO1,SYT13,TFRC,SYT13,,,,SYT13,CCL26,SYT13,,,,,BZW1,NCAPH2,SERPINB1,,KRT33A,,,,,SYT13,,SYT13,SYT13,,SYT13,,SYT13,SYT13,,SYT13,SYT13,,SYT13,SYT13,SYT13,,SYT13,SYT13,SYT13,SYT13,SYT13,EZH1,SYT13,EEF1A2,SYT13,SYT13,SYT13,,SYT13,SYT13,,,,SYT13,SYT13,SYT13,ASB4,TFAP2B,SYT13,,,SYT13,,SYT13,SYT13,,SYT13,SYT13,SYT13,,UBA6,SYT13,,SYT13,SYT13,SYT13,SYT13,,SYT13,SYT13,SYT13,,,SYT13,,,SYT13,PSMC4,SYT13,,SYT13,SYT13,TRIM25,SYT13,SYT13
SNAI2,ELOA,SNAI2,ALOX5,SNAI2,,,,SNAI2,C1QTNF3,SNAI2,,,,,PGR,TOMM34,IFNGR1,,MAP3K14,,,,,SNAI2,,SNAI2,SNAI2,,SNAI2,,SNAI2,SNAI2,,SNAI2,SNAI2,,SNAI2,SNAI2,SNAI2,,SNAI2,SNAI2,SNAI2,SNAI2,SNAI2,DLX4,SNAI2,EFEMP1,SNAI2,SNAI2,SNAI2,,SNAI2,SNAI2,,,,SNAI2,SNAI2,SNAI2,IL5RA,LTF,SNAI2,,,SNAI2,,SNAI2,SNAI2,,SNAI2,SNAI2,SNAI2,,GAB2,SNAI2,,SNAI2,SNAI2,SNAI2,SNAI2,,SNAI2,SNAI2,SNAI2,,,SNAI2,,,SNAI2,MAN2B2,SNAI2,,SNAI2,SNAI2,TSG101,SNAI2,SNAI2
CD74,CLCN6,CD74,CALCOCO1,CD74,,,,CD74,F11,CD74,,,,,C1QTNF3,SEC63,MPO,,ABCC8,,,,,CD74,,CD74,CD74,,CD74,,CD74,CD74,,CD74,CD74,,CD74,CD74,CD74,,CD74,CD74,CD74,CD74,CD74,PPP1R9B,CD74,EHD1,CD74,CD74,CD74,,CD74,CD74,,,,CD74,CD74,CD74,SAA3,FCGR2A,CD74,,,CD74,,CD74,CD74,,CD74,CD74,CD74,,ATP6V0A1,CD74,,CD74,CD74,CD74,CD74,,CD74,CD74,CD74,,,CD74,,,CD74,CLK1,CD74,,CD74,CD74,TSPAN9,CD74,CD74
HGF,LYPLA2,HGF,SERPINC1,HGF,,,,HGF,ADAMTS6,HGF,,,,,ME2,KPNA6,SERPINA3,,CACNG3,,,,,HGF,,HGF,HGF,,HGF,,HGF,HGF,,HGF,HGF,,HGF,HGF,HGF,,HGF,HGF,HGF,HGF,HGF,COL1A1,HGF,EHD3,HGF,HGF,HGF,,HGF,HGF,,,,HGF,HGF,HGF,IL34,CTH,HGF,,,HGF,,HGF,HGF,,HGF,HGF,HGF,,PIAS1,HGF,,HGF,HGF,HGF,HGF,,HGF,HGF,HGF,,,HGF,,,HGF,POLR3B,HGF,,HGF,HGF,TYRO3,HGF,HGF
ZRANB1,NME1-NME2,ZRANB1,HAMP,ZRANB1,,,,ZRANB1,CCL22,ZRANB1,,,,,C5orf22,VIM,ADAMTS2,,TMEM132A,,,,,ZRANB1,,ZRANB1,ZRANB1,,ZRANB1,,ZRANB1,ZRANB1,,ZRANB1,ZRANB1,,ZRANB1,ZRANB1,ZRANB1,,ZRANB1,ZRANB1,ZRANB1,ZRANB1,ZRANB1,SGCA,ZRANB1,EHD4,ZRANB1,ZRANB1,ZRANB1,,ZRANB1,ZRANB1,,,,ZRANB1,ZRANB1,ZRANB1,LYZ,ADAM22,ZRANB1,,,ZRANB1,,ZRANB1,ZRANB1,,ZRANB1,ZRANB1,ZRANB1,,SLC4A7,ZRANB1,,ZRANB1,ZRANB1,ZRANB1,ZRANB1,,ZRANB1,ZRANB1,ZRANB1,,,ZRANB1,,,ZRANB1,HEBP1,ZRANB1,,ZRANB1,ZRANB1,UBE2D1,ZRANB1,ZRANB1
NCDN,TSPAN9,NCDN,CCL1,NCDN,,,,NCDN,THPO,NCDN,,,,,CCNT2,RTEL1-TNFRSF6B,PRKCQ,,AP2B1,,,,,NCDN,,NCDN,NCDN,,NCDN,,NCDN,NCDN,,NCDN,NCDN,,NCDN,NCDN,NCDN,,NCDN,NCDN,NCDN,NCDN,NCDN,PTGES3L-AARSD1,NCDN,EIF2AK2,NCDN,NCDN,NCDN,,NCDN,NCDN,,,,NCDN,NCDN,NCDN,MPO,TF,NCDN,,,NCDN,,NCDN,NCDN,,NCDN,NCDN,NCDN,,APBA2,NCDN,,NCDN,NCDN,NCDN,NCDN,,NCDN,NCDN,NCDN,,,NCDN,,,NCDN,GPRC5A,NCDN,,NCDN,NCDN,UBE2I,NCDN,NCDN
ADGRA2,BTBD7,ADGRA2,CCL7,ADGRA2,,,,ADGRA2,CCL2,ADGRA2,,,,,FAM135A,FAS,CYTH2,,TAC1,,,,,ADGRA2,,ADGRA2,ADGRA2,,ADGRA2,,ADGRA2,ADGRA2,,ADGRA2,ADGRA2,,ADGRA2,ADGRA2,ADGRA2,,ADGRA2,ADGRA2,ADGRA2,ADGRA2,ADGRA2,VAT1,ADGRA2,EIF3I,ADGRA2,ADGRA2,ADGRA2,,ADGRA2,ADGRA2,,,,ADGRA2,ADGRA2,ADGRA2,PGLYRP1,CD44,ADGRA2,,,ADGRA2,,ADGRA2,ADGRA2,,ADGRA2,ADGRA2,ADGRA2,,MAP2K3,ADGRA2,,ADGRA2,ADGRA2,ADGRA2,ADGRA2,,ADGRA2,ADGRA2,ADGRA2,,,ADGRA2,,,ADGRA2,TACC3,ADGRA2,,ADGRA2,ADGRA2,UFL1,ADGRA2,ADGRA2
CCT8L1P,APBA3,CCT8L1P,CCL8,CCT8L1P,,,,CCT8L1P,LTF,CCT8L1P,,,,,COL19A1,RNASET2,HAMP,,ZNF263,,,,,CCT8L1P,,CCT8L1P,CCT8L1P,,CCT8L1P,,CCT8L1P,CCT8L1P,,CCT8L1P,CCT8L1P,,CCT8L1P,CCT8L1P,CCT8L1P,,CCT8L1P,CCT8L1P,CCT8L1P,CCT8L1P,CCT8L1P,LRRC59,CCT8L1P,ELAC2,CCT8L1P,CCT8L1P,CCT8L1P,,CCT8L1P,CCT8L1P,,,,CCT8L1P,CCT8L1P,CCT8L1P,IL9,TGFBR2,CCT8L1P,,,CCT8L1P,,CCT8L1P,CCT8L1P,,CCT8L1P,CCT8L1P,CCT8L1P,,EFCAB1,CCT8L1P,,CCT8L1P,CCT8L1P,CCT8L1P,CCT8L1P,,CCT8L1P,CCT8L1P,CCT8L1P,,,CCT8L1P,,,CCT8L1P,POLA2,CCT8L1P,,CCT8L1P,CCT8L1P,UNG,CCT8L1P,CCT8L1P
ZFP64,MKS1,ZFP64,ICAM1,ZFP64,,,,ZFP64,MPO,ZFP64,,,,,EPB41L3,CD44,IL36B,,SPATA20,,,,,ZFP64,,ZFP64,ZFP64,,ZFP64,,ZFP64,ZFP64,,ZFP64,ZFP64,,ZFP64,ZFP64,ZFP64,,ZFP64,ZFP64,ZFP64,ZFP64,ZFP64,RND2,ZFP64,ELAVL1,ZFP64,ZFP64,ZFP64,,ZFP64,ZFP64,,,,ZFP64,ZFP64,ZFP64,CCL13,RHOBTB1,ZFP64,,,ZFP64,,ZFP64,ZFP64,,ZFP64,ZFP64,ZFP64,,TMSB10,ZFP64,,ZFP64,ZFP64,ZFP64,ZFP64,,ZFP64,ZFP64,ZFP64,,,ZFP64,,,ZFP64,ZC3H3,ZFP64,,ZFP64,ZFP64,UPF1,ZFP64,ZFP64
MNAT1,ABHD5,MNAT1,ICAM3,MNAT1,,,,MNAT1,,MNAT1,,,,,COBLL1,KCNG1,RORA,,CACNA1G,,,,,MNAT1,,MNAT1,MNAT1,,MNAT1,,MNAT1,MNAT1,,MNAT1,MNAT1,,MNAT1,MNAT1,MNAT1,,MNAT1,MNAT1,MNAT1,MNAT1,MNAT1,ALOX12,MNAT1,ELK3,MNAT1,MNAT1,MNAT1,,MNAT1,MNAT1,,,,MNAT1,MNAT1,MNAT1,ACTB,TFEC,MNAT1,,,MNAT1,,MNAT1,MNAT1,,MNAT1,MNAT1,MNAT1,,ASTE1,MNAT1,,MNAT1,MNAT1,MNAT1,MNAT1,,MNAT1,MNAT1,MNAT1,,,MNAT1,,,MNAT1,CAPN1,MNAT1,,MNAT1,MNAT1,UPP2,MNAT1,MNAT1
SAMD4A,AKAP8L,SAMD4A,ICAM4,SAMD4A,,,,SAMD4A,,SAMD4A,,,,,KCNK2,AGPAT4,CXCL14,,TNFRSF12A,,,,,SAMD4A,,SAMD4A,SAMD4A,,SAMD4A,,SAMD4A,SAMD4A,,SAMD4A,SAMD4A,,SAMD4A,SAMD4A,SAMD4A,,SAMD4A,SAMD4A,SAMD4A,SAMD4A,SAMD4A,HDAC5,SAMD4A,ELMO2,SAMD4A,SAMD4A,SAMD4A,,SAMD4A,SAMD4A,,,,SAMD4A,SAMD4A,SAMD4A,BPI,FAS,SAMD4A,,,SAMD4A,,SAMD4A,SAMD4A,,SAMD4A,SAMD4A,SAMD4A,,RNF19A,SAMD4A,,SAMD4A,SAMD4A,SAMD4A,SAMD4A,,SAMD4A,SAMD4A,SAMD4A,,,SAMD4A,,,SAMD4A,SLC30A9,SAMD4A,,SAMD4A,SAMD4A,USP2,SAMD4A,SAMD4A
RUNX3,MBTD1,RUNX3,ICAM5,RUNX3,,,,RUNX3,,RUNX3,,,,,SERTAD4,SLAMF7,LGALS1,,DLX6,,,,,RUNX3,,RUNX3,RUNX3,,RUNX3,,RUNX3,RUNX3,,RUNX3,RUNX3,,RUNX3,RUNX3,RUNX3,,RUNX3,RUNX3,RUNX3,RUNX3,RUNX3,ABCC3,RUNX3,ELN,RUNX3,RUNX3,RUNX3,,RUNX3,RUNX3,,,,RUNX3,RUNX3,RUNX3,C5,TFAP2D,RUNX3,,,RUNX3,,RUNX3,RUNX3,,RUNX3,RUNX3,RUNX3,,PEX3,RUNX3,,RUNX3,RUNX3,RUNX3,RUNX3,,RUNX3,RUNX3,RUNX3,,,RUNX3,,,RUNX3,MTMR11,RUNX3,,RUNX3,RUNX3,USP10,RUNX3,RUNX3
MRE11,UTP18,MRE11,LGALS1,MRE11,,,,MRE11,,MRE11,,,,,TRAF5,BTN3A1,CCL20,,MAP3K9,,,,,MRE11,,MRE11,MRE11,,MRE11,,MRE11,MRE11,,MRE11,MRE11,,MRE11,MRE11,MRE11,,MRE11,MRE11,MRE11,MRE11,MRE11,LUC7L3,MRE11,ELP1,MRE11,MRE11,MRE11,,MRE11,MRE11,,,,MRE11,MRE11,MRE11,CD4,SEMA3F,MRE11,,,MRE11,,MRE11,MRE11,,MRE11,MRE11,MRE11,,GABARAPL2,MRE11,,MRE11,MRE11,MRE11,MRE11,,MRE11,MRE11,MRE11,,,MRE11,,,MRE11,COX15,MRE11,,MRE11,MRE11,USP13,MRE11,MRE11
PLEKHB1,RNF216,PLEKHB1,MSR1,PLEKHB1,,,,PLEKHB1,,PLEKHB1,,,,,GEMIN5,,LCN2,,RALA,,,,,PLEKHB1,,PLEKHB1,PLEKHB1,,PLEKHB1,,PLEKHB1,PLEKHB1,,PLEKHB1,PLEKHB1,,PLEKHB1,PLEKHB1,PLEKHB1,,PLEKHB1,PLEKHB1,PLEKHB1,PLEKHB1,PLEKHB1,PPY,PLEKHB1,ELOVL1,PLEKHB1,PLEKHB1,PLEKHB1,,PLEKHB1,PLEKHB1,,,,PLEKHB1,PLEKHB1,PLEKHB1,CTSB,PRF1,PLEKHB1,,,PLEKHB1,,PLEKHB1,PLEKHB1,,PLEKHB1,PLEKHB1,PLEKHB1,,MYOC,PLEKHB1,,PLEKHB1,PLEKHB1,PLEKHB1,PLEKHB1,,PLEKHB1,PLEKHB1,PLEKHB1,,,PLEKHB1,,,PLEKHB1,CCDC88C,PLEKHB1,,PLEKHB1,PLEKHB1,VCL,PLEKHB1,PLEKHB1
SERPINB1,TTC19,SERPINB1,SLC7A14,SERPINB1,,,,SERPINB1,,SERPINB1,,,,,OPRK1,,IL36G,,BAIAP2L1,,,,,SERPINB1,,SERPINB1,SERPINB1,,SERPINB1,,SERPINB1,SERPINB1,,SERPINB1,SERPINB1,,SERPINB1,SERPINB1,SERPINB1,,SERPINB1,SERPINB1,SERPINB1,SERPINB1,SERPINB1,MPP2,SERPINB1,ELOVL4,SERPINB1,SERPINB1,SERPINB1,,SERPINB1,SERPINB1,,,,SERPINB1,SERPINB1,SERPINB1,CD44,GCLM,SERPINB1,,,SERPINB1,,SERPINB1,SERPINB1,,SERPINB1,SERPINB1,SERPINB1,,SH3YL1,SERPINB1,,SERPINB1,SERPINB1,SERPINB1,SERPINB1,,SERPINB1,SERPINB1,SERPINB1,,,SERPINB1,,,SERPINB1,YAF2,SERPINB1,,SERPINB1,SERPINB1,VIM,SERPINB1,SERPINB1
CYP3A43,PTBP1,CYP3A43,IL1R2,CYP3A43,,,,CYP3A43,,CYP3A43,,,,,NFE2L1,,BTN3A3,,KDM7A,,,,,CYP3A43,,CYP3A43,CYP3A43,,CYP3A43,,CYP3A43,CYP3A43,,CYP3A43,CYP3A43,,CYP3A43,CYP3A43,CYP3A43,,CYP3A43,CYP3A43,CYP3A43,CYP3A43,CYP3A43,SMURF2,CYP3A43,ELOVL5,CYP3A43,CYP3A43,CYP3A43,,CYP3A43,CYP3A43,,,,CYP3A43,CYP3A43,CYP3A43,CCL22,PLA2G10,CYP3A43,,,CYP3A43,,CYP3A43,CYP3A43,,CYP3A43,CYP3A43,CYP3A43,,FAM136A,CYP3A43,,CYP3A43,CYP3A43,CYP3A43,CYP3A43,,CYP3A43,CYP3A43,CYP3A43,,,CYP3A43,,,CYP3A43,ZMYND11,CYP3A43,,CYP3A43,CYP3A43,VEGFA,CYP3A43,CYP3A43
SLC7A9,DPF1,SLC7A9,ITGAL,SLC7A9,,,,SLC7A9,,SLC7A9,,,,,SEMA5B,,P2RX1,,ETV1,,,,,SLC7A9,,SLC7A9,SLC7A9,,SLC7A9,,SLC7A9,SLC7A9,,SLC7A9,SLC7A9,,SLC7A9,SLC7A9,SLC7A9,,SLC7A9,SLC7A9,SLC7A9,SLC7A9,SLC7A9,DUSP3,SLC7A9,EMCN,SLC7A9,SLC7A9,SLC7A9,,SLC7A9,SLC7A9,,,,SLC7A9,SLC7A9,SLC7A9,CCL24,PTPRU,SLC7A9,,,SLC7A9,,SLC7A9,SLC7A9,,SLC7A9,SLC7A9,SLC7A9,,VCL,SLC7A9,,SLC7A9,SLC7A9,SLC7A9,SLC7A9,,SLC7A9,SLC7A9,SLC7A9,,,SLC7A9,,,SLC7A9,DPEP1,SLC7A9,,SLC7A9,SLC7A9,VSIG2,SLC7A9,SLC7A9
SPAST,SYT7,SPAST,TNNC1,SPAST,,,,SPAST,,SPAST,,,,,GSK3B,,TFEC,,AGK,,,,,SPAST,,SPAST,SPAST,,SPAST,,SPAST,SPAST,,SPAST,SPAST,,SPAST,SPAST,SPAST,,SPAST,SPAST,SPAST,SPAST,SPAST,CACNG1,SPAST,EMILIN1,SPAST,SPAST,SPAST,,SPAST,SPAST,,,,SPAST,SPAST,SPAST,CCL28,TFDP2,SPAST,,,SPAST,,SPAST,SPAST,,SPAST,SPAST,SPAST,,DEPDC1B,SPAST,,SPAST,SPAST,SPAST,SPAST,,SPAST,SPAST,SPAST,,,SPAST,,,SPAST,BID,SPAST,,SPAST,SPAST,VRK2,SPAST,SPAST
NRXN3,LARS2,NRXN3,ADGRE1,NRXN3,,,,NRXN3,,NRXN3,,,,,ITGB5,,LTBR,,ALDH3B1,,,,,NRXN3,,NRXN3,NRXN3,,NRXN3,,NRXN3,NRXN3,,NRXN3,NRXN3,,NRXN3,NRXN3,NRXN3,,NRXN3,NRXN3,NRXN3,NRXN3,NRXN3,EFTUD2,NRXN3,EML1,NRXN3,NRXN3,NRXN3,,NRXN3,NRXN3,,,,NRXN3,NRXN3,NRXN3,FCGR2B,ANLN,NRXN3,,,NRXN3,,NRXN3,NRXN3,,NRXN3,NRXN3,NRXN3,,DAPK2,NRXN3,,NRXN3,NRXN3,NRXN3,NRXN3,,NRXN3,NRXN3,NRXN3,,,NRXN3,,,NRXN3,MATR3,NRXN3,,NRXN3,NRXN3,VTA1,NRXN3,NRXN3
OSBPL5,PIK3C2A,OSBPL5,SERPINE1,OSBPL5,,,,OSBPL5,,OSBPL5,,,,,ERC1,,TFRC,,TTC22,,,,,OSBPL5,,OSBPL5,OSBPL5,,OSBPL5,,OSBPL5,OSBPL5,,OSBPL5,OSBPL5,,OSBPL5,OSBPL5,OSBPL5,,OSBPL5,OSBPL5,OSBPL5,OSBPL5,OSBPL5,HLF,OSBPL5,EMP3,OSBPL5,OSBPL5,OSBPL5,,OSBPL5,OSBPL5,,,,OSBPL5,OSBPL5,OSBPL5,CCL7,TFAP4,OSBPL5,,,OSBPL5,,OSBPL5,OSBPL5,,OSBPL5,OSBPL5,OSBPL5,,NSMAF,OSBPL5,,OSBPL5,OSBPL5,OSBPL5,OSBPL5,,OSBPL5,OSBPL5,OSBPL5,,,OSBPL5,,,OSBPL5,NPC1L1,OSBPL5,,OSBPL5,OSBPL5,WWTR1,OSBPL5,OSBPL5
AQR,TYROBP,AQR,ANXA5,AQR,,,,AQR,,AQR,,,,,XPO1,,TF,,PHTF2,,,,,AQR,,AQR,AQR,,AQR,,AQR,AQR,,AQR,AQR,,AQR,AQR,AQR,,AQR,AQR,AQR,AQR,AQR,SLC16A6,AQR,ENG,AQR,AQR,AQR,,AQR,AQR,,,,AQR,AQR,AQR,CCL8,ARHGAP1,AQR,,,AQR,,AQR,AQR,,AQR,AQR,AQR,,ADSS2,AQR,,AQR,AQR,AQR,AQR,,AQR,AQR,AQR,,,AQR,,,AQR,RGPD5,AQR,,AQR,AQR,YAF2,AQR,AQR
CPS1,TMEM159,CPS1,ANXA1,CPS1,,,,CPS1,,CPS1,,,,,LINC01587,,KYNU,,CCL26,,,,,CPS1,,CPS1,CPS1,,CPS1,,CPS1,CPS1,,CPS1,CPS1,,CPS1,CPS1,CPS1,,CPS1,CPS1,CPS1,CPS1,CPS1,PRKAR1A,CPS1,ENO1,CPS1,CPS1,CPS1,,CPS1,CPS1,,,,CPS1,CPS1,CPS1,CLCA4,SEMA3G,CPS1,,,CPS1,,CPS1,CPS1,,CPS1,CPS1,CPS1,,STAP1,CPS1,,CPS1,CPS1,CPS1,CPS1,,CPS1,CPS1,CPS1,,,CPS1,,,CPS1,STMN4,CPS1,,CPS1,CPS1,YTHDC1,CPS1,CPS1
C8B,ERCC1,C8B,IL1RL1,C8B,,,,C8B,,C8B,,,,,RNF13,,ADAM15,,FARP2,,,,,C8B,,C8B,C8B,,C8B,,C8B,C8B,,C8B,C8B,,C8B,C8B,C8B,,C8B,C8B,C8B,C8B,C8B,EFNB3,C8B,ENO2,C8B,C8B,C8B,,C8B,C8B,,,,C8B,C8B,C8B,GCLM,PLA2G3,C8B,,,C8B,,C8B,C8B,,C8B,C8B,C8B,,TIMP2,C8B,,C8B,C8B,C8B,C8B,,C8B,C8B,C8B,,,C8B,,,C8B,ISL1,C8B,,C8B,C8B,ZAP70,C8B,C8B
RTF2,SEMA3B,RTF2,IL17C,RTF2,,,,RTF2,,RTF2,,,,,TRPM3,,TFEC,,USH1C,,,,,RTF2,,RTF2,RTF2,,RTF2,,RTF2,RTF2,,RTF2,RTF2,,RTF2,RTF2,RTF2,,RTF2,RTF2,RTF2,RTF2,RTF2,FAM20A,RTF2,ENO3,RTF2,RTF2,RTF2,,RTF2,RTF2,,,,RTF2,RTF2,RTF2,IFNGR1,ANLN,RTF2,,,RTF2,,RTF2,RTF2,,RTF2,RTF2,RTF2,,RFC1,RTF2,,RTF2,RTF2,RTF2,RTF2,,RTF2,RTF2,RTF2,,,RTF2,,,RTF2,CHDH,RTF2,,RTF2,RTF2,ZBTB11,RTF2,RTF2
GABRA1,LTF,GABRA1,LILRA1,GABRA1,,,,GABRA1,,GABRA1,,,,,PALB2,,ALOX5AP,,GGCT,,,,,GABRA1,,GABRA1,GABRA1,,GABRA1,,GABRA1,GABRA1,,GABRA1,GABRA1,,GABRA1,GABRA1,GABRA1,,GABRA1,GABRA1,GABRA1,GABRA1,GABRA1,YWHAE,GABRA1,ENTPD2,GABRA1,GABRA1,GABRA1,,GABRA1,GABRA1,,,,GABRA1,GABRA1,GABRA1,ITGA6,SEMA3B,GABRA1,,,GABRA1,,GABRA1,GABRA1,,GABRA1,GABRA1,GABRA1,,TBC1D23,GABRA1,,GABRA1,GABRA1,GABRA1,GABRA1,,GABRA1,GABRA1,GABRA1,,,GABRA1,,,GABRA1,IL20RA,GABRA1,,GABRA1,GABRA1,ZNF112,GABRA1,GABRA1
NLRP2,NR1H4,NLRP2,CCR2,NLRP2,,,,NLRP2,,NLRP2,,,,,DOP1A,,GCLM,,DBF4,,,,,NLRP2,,NLRP2,NLRP2,,NLRP2,,NLRP2,NLRP2,,NLRP2,NLRP2,,NLRP2,NLRP2,NLRP2,,NLRP2,NLRP2,NLRP2,NLRP2,NLRP2,AC016292.3,NLRP2,ENY2,NLRP2,NLRP2,NLRP2,,NLRP2,NLRP2,,,,NLRP2,NLRP2,NLRP2,IFIT3,MMP2,NLRP2,,,NLRP2,,NLRP2,NLRP2,,NLRP2,NLRP2,NLRP2,,CUL3,NLRP2,,NLRP2,NLRP2,NLRP2,NLRP2,,NLRP2,NLRP2,NLRP2,,,NLRP2,,,NLRP2,CLCA1,NLRP2,,NLRP2,NLRP2,ZNF174,NLRP2,NLRP2
SLC45A4,ELOVL5,SLC45A4,CD274,SLC45A4,,,,SLC45A4,,SLC45A4,,,,,LYRM2,,CYTH4,,TBXA2R,,,,,SLC45A4,,SLC45A4,SLC45A4,,SLC45A4,,SLC45A4,SLC45A4,,SLC45A4,SLC45A4,,SLC45A4,SLC45A4,SLC45A4,,SLC45A4,SLC45A4,SLC45A4,SLC45A4,SLC45A4,MMD,SLC45A4,EPHA3,SLC45A4,SLC45A4,SLC45A4,,SLC45A4,SLC45A4,,,,SLC45A4,SLC45A4,SLC45A4,FSTL4,TNFSF10,SLC45A4,,,SLC45A4,,SLC45A4,SLC45A4,,SLC45A4,SLC45A4,SLC45A4,,MYOM2,SLC45A4,,SLC45A4,SLC45A4,SLC45A4,SLC45A4,,SLC45A4,SLC45A4,SLC45A4,,,SLC45A4,,,SLC45A4,CLCA4,SLC45A4,,SLC45A4,SLC45A4,ZNF195,SLC45A4,SLC45A4
RNF10,CALCOCO1,RNF10,SIGLEC1,RNF10,,,,RNF10,,RNF10,,,,,BCKDHB,,KYNU,,IFRD1,,,,,RNF10,,RNF10,RNF10,,RNF10,,RNF10,RNF10,,RNF10,RNF10,,RNF10,RNF10,RNF10,,RNF10,RNF10,RNF10,RNF10,RNF10,RANGRF,RNF10,EPHA4,RNF10,RNF10,RNF10,,RNF10,RNF10,,,,RNF10,RNF10,RNF10,ICAM4,UPF1,RNF10,,,RNF10,,RNF10,RNF10,,RNF10,RNF10,RNF10,,CYP46A1,RNF10,,RNF10,RNF10,RNF10,RNF10,,RNF10,RNF10,RNF10,,,RNF10,,,RNF10,GLT8D1,RNF10,,RNF10,RNF10,ZNF200,RNF10,RNF10
ZNF839,UBR7,ZNF839,LILRB2,ZNF839,,,,ZNF839,,ZNF839,,,,,KAT6A,,SLC6A15,,LGALS14,,,,,ZNF839,,ZNF839,ZNF839,,ZNF839,,ZNF839,ZNF839,,ZNF839,ZNF839,,ZNF839,ZNF839,ZNF839,,ZNF839,ZNF839,ZNF839,ZNF839,ZNF839,DPH1,ZNF839,EPHA6,ZNF839,ZNF839,ZNF839,,ZNF839,ZNF839,,,,ZNF839,ZNF839,ZNF839,IBSP,ADAMTS2,ZNF839,,,ZNF839,,ZNF839,ZNF839,,ZNF839,ZNF839,ZNF839,,ZZZ3,ZNF839,,ZNF839,ZNF839,ZNF839,ZNF839,,ZNF839,ZNF839,ZNF839,,,ZNF839,,,ZNF839,ATP2C1,ZNF839,,ZNF839,ZNF839,ZNF263,ZNF839,ZNF839
ZDHHC6,MAP4K5,ZDHHC6,IL37,ZDHHC6,,,,ZDHHC6,,ZDHHC6,,,,,TUT7,,KYNU,,COX10,,,,,ZDHHC6,,ZDHHC6,ZDHHC6,,ZDHHC6,,ZDHHC6,ZDHHC6,,ZDHHC6,ZDHHC6,,ZDHHC6,ZDHHC6,ZDHHC6,,ZDHHC6,ZDHHC6,ZDHHC6,ZDHHC6,ZDHHC6,MAP2K6,ZDHHC6,EPHA8,ZDHHC6,ZDHHC6,ZDHHC6,,ZDHHC6,ZDHHC6,,,,ZDHHC6,ZDHHC6,ZDHHC6,IGF1,FGF4,ZDHHC6,,,ZDHHC6,,ZDHHC6,ZDHHC6,,ZDHHC6,ZDHHC6,ZDHHC6,,SLC18A1,ZDHHC6,,ZDHHC6,ZDHHC6,ZDHHC6,ZDHHC6,,ZDHHC6,ZDHHC6,ZDHHC6,,,ZDHHC6,,,ZDHHC6,IGF1,ZDHHC6,,ZDHHC6,ZDHHC6,ZNF268,ZDHHC6,ZDHHC6
GRAMD1B,EHD3,GRAMD1B,PGLYRP1,GRAMD1B,,,,GRAMD1B,,GRAMD1B,,,,,ULK2,,P2RY12,,GTF2IRD1,,,,,GRAMD1B,,GRAMD1B,GRAMD1B,,GRAMD1B,,GRAMD1B,GRAMD1B,,GRAMD1B,GRAMD1B,,GRAMD1B,GRAMD1B,GRAMD1B,,GRAMD1B,GRAMD1B,GRAMD1B,GRAMD1B,GRAMD1B,DHRS7B,GRAMD1B,EPHB6,GRAMD1B,GRAMD1B,GRAMD1B,,GRAMD1B,GRAMD1B,,,,GRAMD1B,GRAMD1B,GRAMD1B,KLF6,LAMA1,GRAMD1B,,,GRAMD1B,,GRAMD1B,GRAMD1B,,GRAMD1B,GRAMD1B,GRAMD1B,,USP2,GRAMD1B,,GRAMD1B,GRAMD1B,GRAMD1B,GRAMD1B,,GRAMD1B,GRAMD1B,GRAMD1B,,,GRAMD1B,,,GRAMD1B,RALBP1,GRAMD1B,,GRAMD1B,GRAMD1B,ZNF37A,GRAMD1B,GRAMD1B
RNH1,PSMC4,RNH1,STAB1,RNH1,,,,RNH1,,RNH1,,,,,GRHL2,,TFEC,,PAF1,,,,,RNH1,,RNH1,RNH1,,RNH1,,RNH1,RNH1,,RNH1,RNH1,,RNH1,RNH1,RNH1,,RNH1,RNH1,RNH1,RNH1,RNH1,WSB1,RNH1,EHD2,RNH1,RNH1,RNH1,,RNH1,RNH1,,,,RNH1,RNH1,RNH1,LAMC2,CTNNB1,RNH1,,,RNH1,,RNH1,RNH1,,RNH1,RNH1,RNH1,,CASR,RNH1,,RNH1,RNH1,RNH1,RNH1,,RNH1,RNH1,RNH1,,,RNH1,,,RNH1,ZNF806,RNH1,,RNH1,RNH1,ZNF423,RNH1,RNH1
NDUFS1,MAN2B2,NDUFS1,IL6ST,NDUFS1,,,,NDUFS1,,NDUFS1,,,,,TNPO1,,IL22RA1,,VPS41,,,,,NDUFS1,,NDUFS1,NDUFS1,,NDUFS1,,NDUFS1,NDUFS1,,NDUFS1,NDUFS1,,NDUFS1,NDUFS1,NDUFS1,,NDUFS1,NDUFS1,NDUFS1,NDUFS1,NDUFS1,RCVRN,NDUFS1,EPB41L1,NDUFS1,NDUFS1,NDUFS1,,NDUFS1,NDUFS1,,,,NDUFS1,NDUFS1,NDUFS1,LCN9,FCGRT,NDUFS1,,,NDUFS1,,NDUFS1,NDUFS1,,NDUFS1,NDUFS1,NDUFS1,,TUBG2,NDUFS1,,NDUFS1,NDUFS1,NDUFS1,NDUFS1,,NDUFS1,NDUFS1,NDUFS1,,,NDUFS1,,,NDUFS1,ATP1A2,NDUFS1,,NDUFS1,NDUFS1,ZNF582,NDUFS1,NDUFS1
RB1CC1,SLC7A14,RB1CC1,MMP25,RB1CC1,,,,RB1CC1,,RB1CC1,,,,,PLOD1,,KYNU,,ARHGAP44,,,,,RB1CC1,,RB1CC1,RB1CC1,,RB1CC1,,RB1CC1,RB1CC1,,RB1CC1,RB1CC1,,RB1CC1,RB1CC1,RB1CC1,,RB1CC1,RB1CC1,RB1CC1,RB1CC1,RB1CC1,MYH1,RB1CC1,EPB41L3,RB1CC1,RB1CC1,RB1CC1,,RB1CC1,RB1CC1,,,,RB1CC1,RB1CC1,RB1CC1,LTF,ACTN2,RB1CC1,,,RB1CC1,,RB1CC1,RB1CC1,,RB1CC1,RB1CC1,RB1CC1,,FLT4,RB1CC1,,RB1CC1,RB1CC1,RB1CC1,RB1CC1,,RB1CC1,RB1CC1,RB1CC1,,,RB1CC1,,,RB1CC1,ZNF582,RB1CC1,,RB1CC1,RB1CC1,ZRANB1,RB1CC1,RB1CC1
ERP44,CLDN11,ERP44,TNFRSF17,ERP44,,,,ERP44,,ERP44,,,,,P2RX5,,TFEC,,ELAC2,,,,,ERP44,,ERP44,ERP44,,ERP44,,ERP44,ERP44,,ERP44,ERP44,,ERP44,ERP44,ERP44,,ERP44,ERP44,ERP44,ERP44,ERP44,SLC9A3R1,ERP44,EPB41L5,ERP44,ERP44,ERP44,,ERP44,ERP44,,,,ERP44,ERP44,ERP44,LY75,PRKCH,ERP44,,,ERP44,,ERP44,ERP44,,ERP44,ERP44,ERP44,,NSUN2,ERP44,,ERP44,ERP44,ERP44,ERP44,,ERP44,ERP44,ERP44,,,ERP44,,,ERP44,PRDM11,ERP44,,ERP44,ERP44,ZZZ3,ERP44,ERP44
ALAS1,SLC25A39,ALAS1,IL36G,ALAS1,,,,ALAS1,,ALAS1,,,,,ITGAE,,SLC17A2,,SCIN,,,,,ALAS1,,ALAS1,ALAS1,,ALAS1,,ALAS1,ALAS1,,ALAS1,ALAS1,,ALAS1,ALAS1,ALAS1,,ALAS1,ALAS1,ALAS1,ALAS1,ALAS1,MYH3,ALAS1,EPN1,ALAS1,ALAS1,ALAS1,,ALAS1,ALAS1,,,,ALAS1,ALAS1,ALAS1,MIPEP,RHOBTB2,ALAS1,,,ALAS1,,ALAS1,ALAS1,,ALAS1,ALAS1,ALAS1,,FBXO42,ALAS1,,ALAS1,ALAS1,ALAS1,ALAS1,,ALAS1,ALAS1,ALAS1,,,ALAS1,,,ALAS1,SYT13,ALAS1,,ALAS1,ALAS1,,ALAS1,ALAS1
BIRC3,MVP,BIRC3,RHBDF1,BIRC3,,,,BIRC3,,BIRC3,,,,,DIS3,,PTPRU,,MYH13,,,,,BIRC3,,BIRC3,BIRC3,,BIRC3,,BIRC3,BIRC3,,BIRC3,BIRC3,,BIRC3,BIRC3,BIRC3,,BIRC3,BIRC3,BIRC3,BIRC3,BIRC3,NAT9,BIRC3,EPN2,BIRC3,BIRC3,BIRC3,,BIRC3,BIRC3,,,,BIRC3,BIRC3,BIRC3,MMP2,CTLA4,BIRC3,,,BIRC3,,BIRC3,BIRC3,,BIRC3,BIRC3,BIRC3,,MFAP3,BIRC3,,BIRC3,BIRC3,BIRC3,BIRC3,,BIRC3,BIRC3,BIRC3,,,BIRC3,,,BIRC3,NCDN,BIRC3,,BIRC3,BIRC3,,BIRC3,BIRC3
AKAP11,NUB1,AKAP11,CXCL1,AKAP11,,,,AKAP11,,AKAP11,,,,,PIBF1,,KYNU,,CDKL3,,,,,AKAP11,,AKAP11,AKAP11,,AKAP11,,AKAP11,AKAP11,,AKAP11,AKAP11,,AKAP11,AKAP11,AKAP11,,AKAP11,AKAP11,AKAP11,AKAP11,AKAP11,TMEM104,AKAP11,EIPR1,AKAP11,AKAP11,AKAP11,,AKAP11,AKAP11,,,,AKAP11,AKAP11,AKAP11,MPO,ADAMTS11,AKAP11,,,AKAP11,,AKAP11,AKAP11,,AKAP11,AKAP11,AKAP11,,MRI1,AKAP11,,AKAP11,AKAP11,AKAP11,AKAP11,,AKAP11,AKAP11,AKAP11,,,AKAP11,,,AKAP11,ADGRA2,AKAP11,,AKAP11,AKAP11,,AKAP11,AKAP11
GLRX2,PGM3,GLRX2,CLCA1,GLRX2,,,,GLRX2,,GLRX2,,,,,TDRD3,,TFEC,,UPP2,,,,,GLRX2,,GLRX2,GLRX2,,GLRX2,,GLRX2,GLRX2,,GLRX2,GLRX2,,GLRX2,GLRX2,GLRX2,,GLRX2,GLRX2,GLRX2,GLRX2,GLRX2,VTN,GLRX2,EPO,GLRX2,GLRX2,GLRX2,,GLRX2,GLRX2,,,,GLRX2,GLRX2,GLRX2,NCDN,SMARCD1,GLRX2,,,GLRX2,,GLRX2,GLRX2,,GLRX2,GLRX2,GLRX2,,METTL1,GLRX2,,GLRX2,GLRX2,GLRX2,GLRX2,,GLRX2,GLRX2,GLRX2,,,GLRX2,,,GLRX2,SAMD4A,GLRX2,,GLRX2,GLRX2,,GLRX2,GLRX2
SNAPC1,RWDD2A,SNAPC1,ANGPTL6,SNAPC1,,,,SNAPC1,,SNAPC1,,,,,AC000111.6,,IL1R2,,PRSS21,,,,,SNAPC1,,SNAPC1,SNAPC1,,SNAPC1,,SNAPC1,SNAPC1,,SNAPC1,SNAPC1,,SNAPC1,SNAPC1,SNAPC1,,SNAPC1,SNAPC1,SNAPC1,SNAPC1,SNAPC1,TNFAIP1,SNAPC1,EPHA7,SNAPC1,SNAPC1,SNAPC1,,SNAPC1,SNAPC1,,,,SNAPC1,SNAPC1,SNAPC1,PGLYRP1,TNF,SNAPC1,,,SNAPC1,,SNAPC1,SNAPC1,,SNAPC1,SNAPC1,SNAPC1,,HOXC8,SNAPC1,,SNAPC1,SNAPC1,SNAPC1,SNAPC1,,SNAPC1,SNAPC1,SNAPC1,,,SNAPC1,,,SNAPC1,PLEKHB1,SNAPC1,,SNAPC1,SNAPC1,,SNAPC1,SNAPC1
DERA,CLK1,DERA,LYPD3,DERA,,,,DERA,,DERA,,,,,NUFIP1,,F7,,MARK4,,,,,DERA,,DERA,DERA,,DERA,,DERA,DERA,,DERA,DERA,,DERA,DERA,DERA,,DERA,DERA,DERA,DERA,DERA,IFT20,DERA,ERBB3,DERA,DERA,DERA,,DERA,DERA,,,,DERA,DERA,DERA,PLA2G15,TGFB2,DERA,,,DERA,,DERA,DERA,,DERA,DERA,DERA,,AGA,DERA,,DERA,DERA,DERA,DERA,,DERA,DERA,DERA,,,DERA,,,DERA,CPS1,DERA,,DERA,DERA,,DERA,DERA
STRAP,POLR3B,STRAP,IL34,STRAP,,,,STRAP,,STRAP,,,,,PDS5B,,TNFRSF1B,,PROM1,,,,,STRAP,,STRAP,STRAP,,STRAP,,STRAP,STRAP,,STRAP,STRAP,,STRAP,STRAP,STRAP,,STRAP,STRAP,STRAP,STRAP,STRAP,TMEM97,STRAP,ERC1,STRAP,STRAP,STRAP,,STRAP,STRAP,,,,STRAP,STRAP,STRAP,PRDX1,CD84,STRAP,,,STRAP,,STRAP,STRAP,,STRAP,STRAP,STRAP,,PI4K2B,STRAP,,STRAP,STRAP,STRAP,STRAP,,STRAP,STRAP,STRAP,,,STRAP,,,STRAP,AQR,STRAP,,STRAP,STRAP,,STRAP,STRAP
ABCC2,RNF14,ABCC2,CST3,ABCC2,,,,ABCC2,,ABCC2,,,,,OXCT1,,LGALS3,,CCDC124,,,,,ABCC2,,ABCC2,ABCC2,,ABCC2,,ABCC2,ABCC2,,ABCC2,ABCC2,,ABCC2,ABCC2,ABCC2,,ABCC2,ABCC2,ABCC2,ABCC2,ABCC2,CDR2L,ABCC2,ERF,ABCC2,ABCC2,ABCC2,,ABCC2,ABCC2,,,,ABCC2,ABCC2,ABCC2,PTPRU,ICAM1,ABCC2,,,ABCC2,,ABCC2,ABCC2,,ABCC2,ABCC2,ABCC2,,BOD1L1,ABCC2,,ABCC2,ABCC2,ABCC2,ABCC2,,ABCC2,ABCC2,ABCC2,,,ABCC2,,,ABCC2,C8B,ABCC2,,ABCC2,ABCC2,,ABCC2,ABCC2
DEF6,DDX11,DEF6,LTA,DEF6,,,,DEF6,,DEF6,,,,,EPYC,,C1QTNF3,,CEACAM21,,,,,DEF6,,DEF6,DEF6,,DEF6,,DEF6,DEF6,,DEF6,DEF6,,DEF6,DEF6,DEF6,,DEF6,DEF6,DEF6,DEF6,DEF6,PMP22,DEF6,ERLEC1,DEF6,DEF6,DEF6,,DEF6,DEF6,,,,DEF6,DEF6,DEF6,SAA2,APOB,DEF6,,,DEF6,,DEF6,DEF6,,DEF6,DEF6,DEF6,,MAT2B,DEF6,,DEF6,DEF6,DEF6,DEF6,,DEF6,DEF6,DEF6,,,DEF6,,,DEF6,RTF2,DEF6,,DEF6,DEF6,,DEF6,DEF6
PLEKHO1,HEBP1,PLEKHO1,GZMB,PLEKHO1,,,,PLEKHO1,,PLEKHO1,,,,,CYLD,,GCLM,,PAFAH1B1,,,,,PLEKHO1,,PLEKHO1,PLEKHO1,,PLEKHO1,,PLEKHO1,PLEKHO1,,PLEKHO1,PLEKHO1,,PLEKHO1,PLEKHO1,PLEKHO1,,PLEKHO1,PLEKHO1,PLEKHO1,PLEKHO1,PLEKHO1,FOXN1,PLEKHO1,ERI1,PLEKHO1,PLEKHO1,PLEKHO1,,PLEKHO1,PLEKHO1,,,,PLEKHO1,PLEKHO1,PLEKHO1,SEMA3C,GNA15,PLEKHO1,,,PLEKHO1,,PLEKHO1,PLEKHO1,,PLEKHO1,PLEKHO1,PLEKHO1,,TLL1,PLEKHO1,,PLEKHO1,PLEKHO1,PLEKHO1,PLEKHO1,,PLEKHO1,PLEKHO1,PLEKHO1,,,PLEKHO1,,,PLEKHO1,GABRA1,PLEKHO1,,PLEKHO1,PLEKHO1,,PLEKHO1,PLEKHO1
GCLM,UFL1,GCLM,GZMH,GCLM,,,,GCLM,,GCLM,,,,,SLC27A5,,TFAP2E,,DNAH9,,,,,GCLM,,GCLM,GCLM,,GCLM,,GCLM,GCLM,,GCLM,GCLM,,GCLM,GCLM,GCLM,,GCLM,GCLM,GCLM,GCLM,GCLM,UNC119,GCLM,ERLIN1,GCLM,GCLM,GCLM,,GCLM,GCLM,,,,GCLM,GCLM,GCLM,SERPINA1,GZMB,GCLM,,,GCLM,,GCLM,GCLM,,GCLM,GCLM,GCLM,,EDC4,GCLM,,GCLM,GCLM,GCLM,GCLM,,GCLM,GCLM,GCLM,,,GCLM,,,GCLM,SLC45A4,GCLM,,GCLM,GCLM,,GCLM,GCLM
UBR2,POLA2,UBR2,IGFBP2,UBR2,,,,UBR2,,UBR2,,,,,ZNF324,,ADAM7,,KIAA0100,,,,,UBR2,,UBR2,UBR2,,UBR2,,UBR2,UBR2,,UBR2,UBR2,,UBR2,UBR2,UBR2,,UBR2,UBR2,UBR2,UBR2,UBR2,ALDOC,UBR2,ERP29,UBR2,UBR2,UBR2,,UBR2,UBR2,,,,UBR2,UBR2,UBR2,SLC11A1,CD28,UBR2,,,UBR2,,UBR2,UBR2,,UBR2,UBR2,UBR2,,TRIO,UBR2,,UBR2,UBR2,UBR2,UBR2,,UBR2,UBR2,UBR2,,,UBR2,,,UBR2,RNF10,UBR2,,UBR2,UBR2,,UBR2,UBR2
EHD2,ZC3H3,EHD2,MMP9,EHD2,,,,EHD2,,EHD2,,,,,ZNF671,,CCL2,,SLC13A2,,,,,EHD2,,EHD2,EHD2,,EHD2,,EHD2,EHD2,,EHD2,EHD2,,EHD2,EHD2,EHD2,,EHD2,EHD2,EHD2,EHD2,EHD2,SUPT6H,EHD2,ERP44,EHD2,EHD2,EHD2,,EHD2,EHD2,,,,EHD2,EHD2,EHD2,TBXAS1,GDI2,EHD2,,,EHD2,,EHD2,EHD2,,EHD2,EHD2,EHD2,,VCAN,EHD2,,EHD2,EHD2,EHD2,EHD2,,EHD2,EHD2,EHD2,,,EHD2,,,EHD2,ZNF839,EHD2,,EHD2,EHD2,,EHD2,EHD2
DEPDC1,CAPN1,DEPDC1,LTBP1,DEPDC1,,,,DEPDC1,,DEPDC1,,,,,ZNF416,,TFEC,,GAS7,,,,,DEPDC1,,DEPDC1,DEPDC1,,DEPDC1,,DEPDC1,DEPDC1,,DEPDC1,DEPDC1,,DEPDC1,DEPDC1,DEPDC1,,DEPDC1,DEPDC1,DEPDC1,DEPDC1,DEPDC1,RAB34,DEPDC1,ESAM,DEPDC1,DEPDC1,DEPDC1,,DEPDC1,DEPDC1,,,,DEPDC1,DEPDC1,DEPDC1,TF,ICAM3,DEPDC1,,,DEPDC1,,DEPDC1,DEPDC1,,DEPDC1,DEPDC1,DEPDC1,,CLEC16A,DEPDC1,,DEPDC1,DEPDC1,DEPDC1,DEPDC1,,DEPDC1,DEPDC1,DEPDC1,,,DEPDC1,,,DEPDC1,ZDHHC6,DEPDC1,,DEPDC1,DEPDC1,,DEPDC1,DEPDC1
CCDC28A,ACP3,CCDC28A,ANGPT2,CCDC28A,,,,CCDC28A,,CCDC28A,,,,,ZNF586,,KYNU,,TRAPPC6A,,,,,CCDC28A,,CCDC28A,CCDC28A,,CCDC28A,,CCDC28A,CCDC28A,,CCDC28A,CCDC28A,,CCDC28A,CCDC28A,CCDC28A,,CCDC28A,CCDC28A,CCDC28A,CCDC28A,CCDC28A,PHF12,CCDC28A,ESF1,CCDC28A,CCDC28A,CCDC28A,,CCDC28A,CCDC28A,,,,CCDC28A,CCDC28A,CCDC28A,TFPI,ALAS1,CCDC28A,,,CCDC28A,,CCDC28A,CCDC28A,,CCDC28A,CCDC28A,CCDC28A,,MSR1,CCDC28A,,CCDC28A,CCDC28A,CCDC28A,CCDC28A,,CCDC28A,CCDC28A,CCDC28A,,,CCDC28A,,,CCDC28A,GRAMD1B,CCDC28A,,CCDC28A,CCDC28A,,CCDC28A,CCDC28A
RRAGD,MDH1,RRAGD,HGF,RRAGD,,,,RRAGD,,RRAGD,,,,,ZNF446,,CCL26,,MATK,,,,,RRAGD,,RRAGD,RRAGD,,RRAGD,,RRAGD,RRAGD,,RRAGD,RRAGD,,RRAGD,RRAGD,RRAGD,,RRAGD,RRAGD,RRAGD,RRAGD,RRAGD,PHOX2B,RRAGD,ESRP1,RRAGD,RRAGD,RRAGD,,RRAGD,RRAGD,,,,RRAGD,RRAGD,RRAGD,THBS1,CD79B,RRAGD,,,RRAGD,,RRAGD,RRAGD,,RRAGD,RRAGD,RRAGD,,CDH1,RRAGD,,RRAGD,RRAGD,RRAGD,RRAGD,,RRAGD,RRAGD,RRAGD,,,RRAGD,,,RRAGD,RNH1,RRAGD,,RRAGD,RRAGD,,RRAGD,RRAGD
HSF2,SLC30A9,HSF2,GABRA1,HSF2,,,,HSF2,,HSF2,,,,,ZNF264,,KYNU,,CEACAM7,,,,,HSF2,,HSF2,HSF2,,HSF2,,HSF2,HSF2,,HSF2,HSF2,,HSF2,HSF2,HSF2,,HSF2,HSF2,HSF2,HSF2,HSF2,TMEM33,HSF2,ESRP2,HSF2,HSF2,HSF2,,HSF2,HSF2,,,,HSF2,HSF2,HSF2,TIMP2,GNB1,HSF2,,,HSF2,,HSF2,HSF2,,HSF2,HSF2,HSF2,,MTREX,HSF2,,HSF2,HSF2,HSF2,HSF2,,HSF2,HSF2,HSF2,,,HSF2,,,HSF2,NDUFS1,HSF2,,HSF2,HSF2,,HSF2,HSF2
PHF20,MTMR11,PHF20,SLC11A1,PHF20,,,,PHF20,,PHF20,,,,,FAT1,,LILRB5,,CD79B,,,,,PHF20,,PHF20,PHF20,,PHF20,,PHF20,PHF20,,PHF20,PHF20,,PHF20,PHF20,PHF20,,PHF20,PHF20,PHF20,PHF20,PHF20,GABRA4,PHF20,ESRRB,PHF20,PHF20,PHF20,,PHF20,PHF20,,,,PHF20,PHF20,PHF20,TNFRSF12A,ADAMTS6,PHF20,,,PHF20,,PHF20,PHF20,,PHF20,PHF20,PHF20,,DNAH5,PHF20,,PHF20,PHF20,PHF20,PHF20,,PHF20,PHF20,PHF20,,,PHF20,,,PHF20,RB1CC1,PHF20,,PHF20,PHF20,,PHF20,PHF20
HSD17B6,COX15,HSD17B6,FCGR2B,HSD17B6,,,,HSD17B6,,HSD17B6,,,,,YTHDC1,,TFEC,,SCN4A,,,,,HSD17B6,,HSD17B6,HSD17B6,,HSD17B6,,HSD17B6,HSD17B6,,HSD17B6,HSD17B6,,HSD17B6,HSD17B6,HSD17B6,,HSD17B6,HSD17B6,HSD17B6,HSD17B6,HSD17B6,GNRHR,HSD17B6,EST1,HSD17B6,HSD17B6,HSD17B6,,HSD17B6,HSD17B6,,,,HSD17B6,HSD17B6,HSD17B6,TYMP,ANGPT2,HSD17B6,,,HSD17B6,,HSD17B6,HSD17B6,,HSD17B6,HSD17B6,HSD17B6,,ZFYVE16,HSD17B6,,HSD17B6,HSD17B6,HSD17B6,HSD17B6,,HSD17B6,HSD17B6,HSD17B6,,,HSD17B6,,,HSD17B6,ERP44,HSD17B6,,HSD17B6,HSD17B6,,HSD17B6,HSD17B6
NR1H3,CCDC88C,NR1H3,PTPN6,NR1H3,,,,NR1H3,,NR1H3,,,,,CHMP2B,,BTN1A1,,ST7L,,,,,NR1H3,,NR1H3,NR1H3,,NR1H3,,NR1H3,NR1H3,,NR1H3,NR1H3,,NR1H3,NR1H3,NR1H3,,NR1H3,NR1H3,NR1H3,NR1H3,NR1H3,SLAIN2,NR1H3,ETHE1,NR1H3,NR1H3,NR1H3,,NR1H3,NR1H3,,,,NR1H3,NR1H3,NR1H3,VIM,FOS,NR1H3,,,NR1H3,,NR1H3,NR1H3,,NR1H3,NR1H3,NR1H3,,RIPOR1,NR1H3,,NR1H3,NR1H3,NR1H3,NR1H3,,NR1H3,NR1H3,NR1H3,,,NR1H3,,,NR1H3,ALAS1,NR1H3,,NR1H3,NR1H3,,NR1H3,NR1H3
TYMP,YAF2,TYMP,SEMA3A,TYMP,,,,TYMP,,TYMP,,,,,SMAP2,,GIMAP5,,PAX6,,,,,TYMP,,TYMP,TYMP,,TYMP,,TYMP,TYMP,,TYMP,TYMP,,TYMP,TYMP,TYMP,,TYMP,TYMP,TYMP,TYMP,TYMP,OCIAD1,TYMP,ETV1,TYMP,TYMP,TYMP,,TYMP,TYMP,,,,TYMP,TYMP,TYMP,WWTR1,ELOVL5,TYMP,,,TYMP,,TYMP,TYMP,,TYMP,TYMP,TYMP,,C6,TYMP,,TYMP,TYMP,TYMP,TYMP,,TYMP,TYMP,TYMP,,,TYMP,,,TYMP,BIRC3,TYMP,,TYMP,TYMP,,TYMP,TYMP
NCAPH2,ZMYND11,NCAPH2,NLRC4,NCAPH2,,,,NCAPH2,,NCAPH2,,,,,PPIE,,TFEC,,RPUSD1,,,,,NCAPH2,,NCAPH2,NCAPH2,,NCAPH2,,NCAPH2,NCAPH2,,NCAPH2,NCAPH2,,NCAPH2,NCAPH2,NCAPH2,,NCAPH2,NCAPH2,NCAPH2,NCAPH2,NCAPH2,UGT2B10,NCAPH2,ETV2,NCAPH2,NCAPH2,NCAPH2,,NCAPH2,NCAPH2,,,,NCAPH2,NCAPH2,NCAPH2,CD163,SERPINE2,NCAPH2,,,NCAPH2,,NCAPH2,NCAPH2,,NCAPH2,NCAPH2,NCAPH2,,RAI14,NCAPH2,,NCAPH2,NCAPH2,NCAPH2,NCAPH2,,NCAPH2,NCAPH2,NCAPH2,,,NCAPH2,,,NCAPH2,AKAP11,NCAPH2,,NCAPH2,NCAPH2,,NCAPH2,NCAPH2
TOMM34,DPEP1,TOMM34,RNASE2,TOMM34,,,,TOMM34,,TOMM34,,,,,ZMPSTE24,,RGS17,,RHBDF1,,,,,TOMM34,,TOMM34,TOMM34,,TOMM34,,TOMM34,TOMM34,,TOMM34,TOMM34,,TOMM34,TOMM34,TOMM34,,TOMM34,TOMM34,TOMM34,TOMM34,TOMM34,CWH43,TOMM34,ETV7,TOMM34,TOMM34,TOMM34,,TOMM34,TOMM34,,,,TOMM34,TOMM34,TOMM34,BTN3A1,PTPRD,TOMM34,,,TOMM34,,TOMM34,TOMM34,,TOMM34,TOMM34,TOMM34,,SOX30,TOMM34,,TOMM34,TOMM34,TOMM34,TOMM34,,TOMM34,TOMM34,TOMM34,,,TOMM34,,,TOMM34,GLRX2,TOMM34,,TOMM34,TOMM34,,TOMM34,TOMM34
SEC63,BID,SEC63,CD44,SEC63,,,,SEC63,,SEC63,,,,,STARD7,,IL27RA,,LUC7L,,,,,SEC63,,SEC63,SEC63,,SEC63,,SEC63,SEC63,,SEC63,SEC63,,SEC63,SEC63,SEC63,,SEC63,SEC63,SEC63,SEC63,SEC63,DCUN1D4,SEC63,EVA1A,SEC63,SEC63,SEC63,,SEC63,SEC63,,,,SEC63,SEC63,SEC63,ANGPTL8,ADAMTS16,SEC63,,,SEC63,,SEC63,SEC63,,SEC63,SEC63,SEC63,,PNKP,SEC63,,SEC63,SEC63,SEC63,SEC63,,SEC63,SEC63,SEC63,,,SEC63,,,SEC63,SNAPC1,SEC63,,SEC63,SEC63,,SEC63,SEC63
KPNA6,DNAH5,KPNA6,TREM2,KPNA6,,,,KPNA6,,KPNA6,,,,,NOA1,,KYNU,,CACNA2D2,,,,,KPNA6,,KPNA6,KPNA6,,KPNA6,,KPNA6,KPNA6,,KPNA6,KPNA6,,KPNA6,KPNA6,KPNA6,,KPNA6,KPNA6,KPNA6,KPNA6,KPNA6,USP46,KPNA6,EVC,KPNA6,KPNA6,KPNA6,,KPNA6,KPNA6,,,,KPNA6,KPNA6,KPNA6,CCL17,ADIPOR2,KPNA6,,,KPNA6,,KPNA6,KPNA6,,KPNA6,KPNA6,KPNA6,,BEST2,KPNA6,,KPNA6,KPNA6,KPNA6,KPNA6,,KPNA6,KPNA6,KPNA6,,,KPNA6,,,KPNA6,DERA,KPNA6,,KPNA6,KPNA6,,KPNA6,KPNA6
VIM,RIPOR1,VIM,FYN,VIM,,,,VIM,,VIM,,,,,REST,,TFEC,,BAIAP3,,,,,VIM,,VIM,VIM,,VIM,,VIM,VIM,,VIM,VIM,,VIM,VIM,VIM,,VIM,VIM,VIM,VIM,VIM,SULT1E1,VIM,EVI5,VIM,VIM,VIM,,VIM,VIM,,,,VIM,VIM,VIM,ABHD5,CMA1,VIM,,,VIM,,VIM,VIM,,VIM,VIM,VIM,,PHLPP2,VIM,,VIM,VIM,VIM,VIM,,VIM,VIM,VIM,,,VIM,,,VIM,STRAP,VIM,,VIM,VIM,,VIM,VIM
RTEL1-TNFRSF6B,C6,RTEL1-TNFRSF6B,FMO1,RTEL1-TNFRSF6B,,,,RTEL1-TNFRSF6B,,RTEL1-TNFRSF6B,,,,,HAL,,OSGEP,,TSR3,,,,,RTEL1-TNFRSF6B,,RTEL1-TNFRSF6B,RTEL1-TNFRSF6B,,RTEL1-TNFRSF6B,,RTEL1-TNFRSF6B,RTEL1-TNFRSF6B,,RTEL1-TNFRSF6B,RTEL1-TNFRSF6B,,RTEL1-TNFRSF6B,RTEL1-TNFRSF6B,RTEL1-TNFRSF6B,,RTEL1-TNFRSF6B,RTEL1-TNFRSF6B,RTEL1-TNFRSF6B,RTEL1-TNFRSF6B,RTEL1-TNFRSF6B,ODAM,RTEL1-TNFRSF6B,EVX1,RTEL1-TNFRSF6B,RTEL1-TNFRSF6B,RTEL1-TNFRSF6B,,RTEL1-TNFRSF6B,RTEL1-TNFRSF6B,,,,RTEL1-TNFRSF6B,RTEL1-TNFRSF6B,RTEL1-TNFRSF6B,PTGS1,SERPINA10,RTEL1-TNFRSF6B,,,RTEL1-TNFRSF6B,,RTEL1-TNFRSF6B,RTEL1-TNFRSF6B,,RTEL1-TNFRSF6B,RTEL1-TNFRSF6B,RTEL1-TNFRSF6B,,SPDL1,RTEL1-TNFRSF6B,,RTEL1-TNFRSF6B,RTEL1-TNFRSF6B,RTEL1-TNFRSF6B,RTEL1-TNFRSF6B,,RTEL1-TNFRSF6B,RTEL1-TNFRSF6B,RTEL1-TNFRSF6B,,,RTEL1-TNFRSF6B,,,RTEL1-TNFRSF6B,ABCC2,RTEL1-TNFRSF6B,,RTEL1-TNFRSF6B,RTEL1-TNFRSF6B,,RTEL1-TNFRSF6B,RTEL1-TNFRSF6B
FAS,RAI14,FAS,FMO3,FAS,,,,FAS,,FAS,,,,,SSH1,,LYZL2,,PIGQ,,,,,FAS,,FAS,FAS,,FAS,,FAS,FAS,,FAS,FAS,,FAS,FAS,FAS,,FAS,FAS,FAS,FAS,FAS,SMR3A,FAS,EYA1,FAS,FAS,FAS,,FAS,FAS,,,,FAS,FAS,FAS,LYPLA1,LTBP1,FAS,,,FAS,,FAS,FAS,,FAS,FAS,FAS,,STAU2,FAS,,FAS,FAS,FAS,FAS,,FAS,FAS,FAS,,,FAS,,,FAS,DEF6,FAS,,FAS,FAS,,FAS,FAS
RNASET2,SOX30,RNASET2,MRC2,RNASET2,,,,RNASET2,,RNASET2,,,,,GSTP1,,TNFSF14,,CRAMP1,,,,,RNASET2,,RNASET2,RNASET2,,RNASET2,,RNASET2,RNASET2,,RNASET2,RNASET2,,RNASET2,RNASET2,RNASET2,,RNASET2,RNASET2,RNASET2,RNASET2,RNASET2,CHIC2,RNASET2,F11,RNASET2,RNASET2,RNASET2,,RNASET2,RNASET2,,,,RNASET2,RNASET2,RNASET2,HAMP,THBD,RNASET2,,,RNASET2,,RNASET2,RNASET2,,RNASET2,RNASET2,RNASET2,,SLC66A1,RNASET2,,RNASET2,RNASET2,RNASET2,RNASET2,,RNASET2,RNASET2,RNASET2,,,RNASET2,,,RNASET2,PLEKHO1,RNASET2,,RNASET2,RNASET2,,RNASET2,RNASET2
CD44,PNKP,CD44,NME1-NME2,CD44,,,,CD44,,CD44,,,,,APLP2,,MMP25,,TEAD3,,,,,CD44,,CD44,CD44,,CD44,,CD44,CD44,,CD44,CD44,,CD44,CD44,CD44,,CD44,CD44,CD44,CD44,CD44,NMU,CD44,F13A1,CD44,CD44,CD44,,CD44,CD44,,,,CD44,CD44,CD44,LIPE,ASAH1,CD44,,,CD44,,CD44,CD44,,CD44,CD44,CD44,,CTNS,CD44,,CD44,CD44,CD44,CD44,,CD44,CD44,CD44,,,CD44,,,CD44,UBE2D1,CD44,,CD44,CD44,,CD44,CD44
KCNG1,BEST2,KCNG1,IL17A,KCNG1,,,,KCNG1,,KCNG1,,,,,FAM234B,,GIMAP8,,DNAJC11,,,,,KCNG1,,KCNG1,KCNG1,,KCNG1,,KCNG1,KCNG1,,KCNG1,KCNG1,,KCNG1,KCNG1,KCNG1,,KCNG1,KCNG1,KCNG1,KCNG1,KCNG1,CRACD,KCNG1,F7,KCNG1,KCNG1,KCNG1,,KCNG1,KCNG1,,,,KCNG1,KCNG1,KCNG1,ALOX5AP,ADAMTS7,KCNG1,,,KCNG1,,KCNG1,KCNG1,,KCNG1,KCNG1,KCNG1,,RTN4R,KCNG1,,KCNG1,KCNG1,KCNG1,KCNG1,,KCNG1,KCNG1,KCNG1,,,KCNG1,,,KCNG1,RHOBTB1,KCNG1,,KCNG1,KCNG1,,KCNG1,KCNG1
AGPAT4,PHLPP2,AGPAT4,IL17F,AGPAT4,,,,AGPAT4,,AGPAT4,,,,,SLCO1A2,,TNFSF12,,FMO3,,,,,AGPAT4,,AGPAT4,AGPAT4,,AGPAT4,,AGPAT4,AGPAT4,,AGPAT4,AGPAT4,,AGPAT4,AGPAT4,AGPAT4,,AGPAT4,AGPAT4,AGPAT4,AGPAT4,AGPAT4,LAMTOR3,AGPAT4,FA2H,AGPAT4,AGPAT4,AGPAT4,,AGPAT4,AGPAT4,,,,AGPAT4,AGPAT4,AGPAT4,ANGPT2,TFAP2C,AGPAT4,,,AGPAT4,,AGPAT4,AGPAT4,,AGPAT4,AGPAT4,AGPAT4,,PHF23,AGPAT4,,AGPAT4,AGPAT4,AGPAT4,AGPAT4,,AGPAT4,AGPAT4,AGPAT4,,,AGPAT4,,,AGPAT4,HMMR,AGPAT4,,AGPAT4,AGPAT4,,AGPAT4,AGPAT4
SLAMF7,STAU2,SLAMF7,IL1B,SLAMF7,,,,SLAMF7,,SLAMF7,,,,,WBP11,,IL36A,,MYLIP,,,,,SLAMF7,,SLAMF7,SLAMF7,,SLAMF7,,SLAMF7,SLAMF7,,SLAMF7,SLAMF7,,SLAMF7,SLAMF7,SLAMF7,,SLAMF7,SLAMF7,SLAMF7,SLAMF7,SLAMF7,PF4V1,SLAMF7,FABP1,SLAMF7,SLAMF7,SLAMF7,,SLAMF7,SLAMF7,,,,SLAMF7,SLAMF7,SLAMF7,ANXA1,FGF10,SLAMF7,,,SLAMF7,,SLAMF7,SLAMF7,,SLAMF7,SLAMF7,SLAMF7,,CDH10,SLAMF7,,SLAMF7,SLAMF7,SLAMF7,SLAMF7,,SLAMF7,SLAMF7,SLAMF7,,,SLAMF7,,,SLAMF7,P4HA2,SLAMF7,,SLAMF7,SLAMF7,,SLAMF7,SLAMF7
BTN3A1,SLC66A1,BTN3A1,IL2,BTN3A1,,,,BTN3A1,,BTN3A1,,,,,EIF3I,,SLC4A8,,E2F2,,,,,BTN3A1,,BTN3A1,BTN3A1,,BTN3A1,,BTN3A1,BTN3A1,,BTN3A1,BTN3A1,,BTN3A1,BTN3A1,BTN3A1,,BTN3A1,BTN3A1,BTN3A1,BTN3A1,BTN3A1,NFKB1,BTN3A1,FAM114A2,BTN3A1,BTN3A1,BTN3A1,,BTN3A1,BTN3A1,,,,BTN3A1,BTN3A1,BTN3A1,SPINT1,MYH16,BTN3A1,,,BTN3A1,,BTN3A1,BTN3A1,,BTN3A1,BTN3A1,BTN3A1,,INPP4A,BTN3A1,,BTN3A1,BTN3A1,BTN3A1,BTN3A1,,BTN3A1,BTN3A1,BTN3A1,,,BTN3A1,,,BTN3A1,SLAMF7,BTN3A1,,BTN3A1,BTN3A1,,BTN3A1,BTN3A1
MIPEP,RTN4R,MIPEP,IFNG,MIPEP,,,,MIPEP,,MIPEP,,,,,NKAIN1,,SCARB1,,PSMB1,,,,,MIPEP,,MIPEP,MIPEP,,MIPEP,,MIPEP,MIPEP,,MIPEP,MIPEP,,MIPEP,MIPEP,MIPEP,,MIPEP,MIPEP,MIPEP,MIPEP,MIPEP,AREG,MIPEP,FAM13B,MIPEP,MIPEP,MIPEP,,MIPEP,MIPEP,,,,MIPEP,MIPEP,MIPEP,ALOX5,FCGRT,MIPEP,,,MIPEP,,MIPEP,MIPEP,,MIPEP,MIPEP,MIPEP,,RAB27B,MIPEP,,MIPEP,MIPEP,MIPEP,MIPEP,,MIPEP,MIPEP,MIPEP,,,MIPEP,,,MIPEP,BTN3A1,MIPEP,,MIPEP,MIPEP,,MIPEP,MIPEP
PRKCH,PHF23,PRKCH,TNFSF10,PRKCH,,,,PRKCH,,PRKCH,,,,,COL16A1,,LGALS14,,JARID2,,,,,PRKCH,,PRKCH,PRKCH,,PRKCH,,PRKCH,PRKCH,,PRKCH,PRKCH,,PRKCH,PRKCH,PRKCH,,PRKCH,PRKCH,PRKCH,PRKCH,PRKCH,MANBA,PRKCH,FAM20A,PRKCH,PRKCH,PRKCH,,PRKCH,PRKCH,,,,PRKCH,PRKCH,PRKCH,PLAUR,ANXA1,PRKCH,,,PRKCH,,PRKCH,PRKCH,,PRKCH,PRKCH,PRKCH,,PSMA4,PRKCH,,PRKCH,PRKCH,PRKCH,PRKCH,,PRKCH,PRKCH,PRKCH,,,PRKCH,,,PRKCH,MIPEP,PRKCH,,PRKCH,PRKCH,,PRKCH,PRKCH
INSRR,CDH10,INSRR,TNFSF11,INSRR,,,,INSRR,,INSRR,,,,,TXLNA,,P2RX3,,CAMK1G,,,,,INSRR,,INSRR,INSRR,,INSRR,,INSRR,INSRR,,INSRR,INSRR,,INSRR,INSRR,INSRR,,INSRR,INSRR,INSRR,INSRR,INSRR,UBE2D3,INSRR,FAM214A,INSRR,INSRR,INSRR,,INSRR,INSRR,,,,INSRR,INSRR,INSRR,FSTL1,THAP3,INSRR,,,INSRR,,INSRR,INSRR,,INSRR,INSRR,INSRR,,MYO16,INSRR,,INSRR,INSRR,INSRR,INSRR,,INSRR,INSRR,INSRR,,,INSRR,,,INSRR,PRKCH,INSRR,,INSRR,INSRR,,INSRR,INSRR
IFNGR1,INPP4A,IFNGR1,IFNGR1,IFNGR1,,,,IFNGR1,,IFNGR1,,,,,APOB,,SPP2,,CDK11A,,,,,IFNGR1,,IFNGR1,IFNGR1,,IFNGR1,,IFNGR1,IFNGR1,,IFNGR1,IFNGR1,,IFNGR1,IFNGR1,IFNGR1,,IFNGR1,IFNGR1,IFNGR1,IFNGR1,IFNGR1,MAPK10,IFNGR1,FAM214B,IFNGR1,IFNGR1,IFNGR1,,IFNGR1,IFNGR1,,,,IFNGR1,IFNGR1,IFNGR1,IL2RB,GCKR,IFNGR1,,,IFNGR1,,IFNGR1,IFNGR1,,IFNGR1,IFNGR1,IFNGR1,,LSG1,IFNGR1,,IFNGR1,IFNGR1,IFNGR1,IFNGR1,,IFNGR1,IFNGR1,IFNGR1,,,IFNGR1,,,IFNGR1,INSRR,IFNGR1,,IFNGR1,IFNGR1,,IFNGR1,IFNGR1
B4GALT7,RAB27B,B4GALT7,IL1RA,B4GALT7,,,,B4GALT7,,B4GALT7,,,,,NCOA1,,KYNU,,NADK,,,,,B4GALT7,,B4GALT7,B4GALT7,,B4GALT7,,B4GALT7,B4GALT7,,B4GALT7,B4GALT7,,B4GALT7,B4GALT7,B4GALT7,,B4GALT7,B4GALT7,B4GALT7,B4GALT7,B4GALT7,ELF2,B4GALT7,FAM76A,B4GALT7,B4GALT7,B4GALT7,,B4GALT7,B4GALT7,,,,B4GALT7,B4GALT7,B4GALT7,ADAMTS13,CDH1,B4GALT7,,,B4GALT7,,B4GALT7,B4GALT7,,B4GALT7,B4GALT7,B4GALT7,,PARP3,B4GALT7,,B4GALT7,B4GALT7,B4GALT7,B4GALT7,,B4GALT7,B4GALT7,B4GALT7,,,B4GALT7,,,B4GALT7,B4GALT7,B4GALT7,,B4GALT7,B4GALT7,,B4GALT7,B4GALT7
SH2D2A,PSMA4,SH2D2A,SERPINA4,SH2D2A,,,,SH2D2A,,SH2D2A,,,,,AGBL5,,TNFSF9,,TFAP2B,,,,,SH2D2A,,SH2D2A,SH2D2A,,SH2D2A,,SH2D2A,SH2D2A,,SH2D2A,SH2D2A,,SH2D2A,SH2D2A,SH2D2A,,SH2D2A,SH2D2A,SH2D2A,SH2D2A,SH2D2A,NDUFC1,SH2D2A,FAP,SH2D2A,SH2D2A,SH2D2A,,SH2D2A,SH2D2A,,,,SH2D2A,SH2D2A,SH2D2A,ACTB,LYPLA2,SH2D2A,,,SH2D2A,,SH2D2A,SH2D2A,,SH2D2A,SH2D2A,SH2D2A,,TNC,SH2D2A,,SH2D2A,SH2D2A,SH2D2A,SH2D2A,,SH2D2A,SH2D2A,SH2D2A,,,SH2D2A,,,SH2D2A,SH2D2A,SH2D2A,,SH2D2A,SH2D2A,,SH2D2A,SH2D2A
VRK2,MYO16,VRK2,IL2RB,VRK2,,,,VRK2,,VRK2,,,,,EFR3B,,KYNU,,TFAP2D,,,,,VRK2,,VRK2,VRK2,,VRK2,,VRK2,VRK2,,VRK2,VRK2,,VRK2,VRK2,VRK2,,VRK2,VRK2,VRK2,VRK2,VRK2,UCP1,VRK2,FARP2,VRK2,VRK2,VRK2,,VRK2,VRK2,,,,VRK2,VRK2,VRK2,GCLM,IL2RB,VRK2,,,VRK2,,VRK2,VRK2,,VRK2,VRK2,VRK2,,THAP3,VRK2,,VRK2,VRK2,VRK2,VRK2,,VRK2,VRK2,VRK2,,,VRK2,,,VRK2,VRK2,VRK2,,VRK2,VRK2,,VRK2,VRK2
TNFRSF1B,LSG1,TNFRSF1B,CCL22,TNFRSF1B,,,,TNFRSF1B,,TNFRSF1B,,,,,KIF3C,,TNFAIP1,,DLEC1,,,,,TNFRSF1B,,TNFRSF1B,TNFRSF1B,,TNFRSF1B,,TNFRSF1B,TNFRSF1B,,TNFRSF1B,TNFRSF1B,,TNFRSF1B,TNFRSF1B,TNFRSF1B,,TNFRSF1B,TNFRSF1B,TNFRSF1B,TNFRSF1B,TNFRSF1B,TBC1D9,TNFRSF1B,FAS,TNFRSF1B,TNFRSF1B,TNFRSF1B,,TNFRSF1B,TNFRSF1B,,,,TNFRSF1B,TNFRSF1B,TNFRSF1B,SAA4,AGER,TNFRSF1B,,,TNFRSF1B,,TNFRSF1B,TNFRSF1B,,TNFRSF1B,TNFRSF1B,TNFRSF1B,,RIPOR3,TNFRSF1B,,TNFRSF1B,TNFRSF1B,TNFRSF1B,TNFRSF1B,,TNFRSF1B,TNFRSF1B,TNFRSF1B,,,TNFRSF1B,,,TNFRSF1B,VEZT,TNFRSF1B,,TNFRSF1B,TNFRSF1B,,TNFRSF1B,TNFRSF1B
VEZT,PARP3,VEZT,CCL26,VEZT,,,,VEZT,,VEZT,,,,,RAB10,,CCL22,,CYTH3,,,,,VEZT,,VEZT,VEZT,,VEZT,,VEZT,VEZT,,VEZT,VEZT,,VEZT,VEZT,VEZT,,VEZT,VEZT,VEZT,VEZT,VEZT,ZNF330,VEZT,FAT1,VEZT,VEZT,VEZT,,VEZT,VEZT,,,,VEZT,VEZT,VEZT,BPIFB1,CD40,VEZT,,,VEZT,,VEZT,VEZT,,VEZT,VEZT,VEZT,,TDP1,VEZT,,VEZT,VEZT,VEZT,VEZT,,VEZT,VEZT,VEZT,,,VEZT,,,VEZT,POU2F2,VEZT,,VEZT,VEZT,,VEZT,VEZT
POU2F2,TNC,POU2F2,IL12RB2,POU2F2,,,,POU2F2,,POU2F2,,,,,GCKR,,NFIX,,ADAM22,,,,,POU2F2,,POU2F2,POU2F2,,POU2F2,,POU2F2,POU2F2,,POU2F2,POU2F2,,POU2F2,POU2F2,POU2F2,,POU2F2,POU2F2,POU2F2,POU2F2,POU2F2,INPP4B,POU2F2,FAT2,POU2F2,POU2F2,POU2F2,,POU2F2,POU2F2,,,,POU2F2,POU2F2,POU2F2,CD38,MPO,POU2F2,,,POU2F2,,POU2F2,POU2F2,,POU2F2,POU2F2,POU2F2,,AIFM2,POU2F2,,POU2F2,POU2F2,POU2F2,POU2F2,,POU2F2,POU2F2,POU2F2,,,POU2F2,,,POU2F2,BRD9,POU2F2,,POU2F2,POU2F2,,POU2F2,POU2F2
BRD9,RIPOR3,BRD9,IL10RA,BRD9,,,,BRD9,,BRD9,,,,,HADHA,,GIMAP7,,SYPL1,,,,,BRD9,,BRD9,BRD9,,BRD9,,BRD9,BRD9,,BRD9,BRD9,,BRD9,BRD9,BRD9,,BRD9,BRD9,BRD9,BRD9,BRD9,GAB1,BRD9,FAT3,BRD9,BRD9,BRD9,,BRD9,BRD9,,,,BRD9,BRD9,BRD9,RHOB,IL17,BRD9,,,BRD9,,BRD9,BRD9,,BRD9,BRD9,BRD9,,C2orf83,BRD9,,BRD9,BRD9,BRD9,BRD9,,BRD9,BRD9,BRD9,,,BRD9,,,BRD9,SNX1,BRD9,,BRD9,BRD9,,BRD9,BRD9
SNX1,TDP1,SNX1,CD81,SNX1,,,,SNX1,,SNX1,,,,,MAPRE3,,AHR,,CYB561,,,,,SNX1,,SNX1,SNX1,,SNX1,,SNX1,SNX1,,SNX1,SNX1,,SNX1,SNX1,SNX1,,SNX1,SNX1,SNX1,SNX1,SNX1,KLHL2,SNX1,FBXO2,SNX1,SNX1,SNX1,,SNX1,SNX1,,,,SNX1,SNX1,SNX1,TGFB1,ITGAL,SNX1,,,SNX1,,SNX1,SNX1,,SNX1,SNX1,SNX1,,SPATA7,SNX1,,SNX1,SNX1,SNX1,SNX1,,SNX1,SNX1,SNX1,,,SNX1,,,SNX1,TBPL1,SNX1,,SNX1,SNX1,,SNX1,SNX1
TBPL1,AIFM2,TBPL1,LILRB5,TBPL1,,,,TBPL1,,TBPL1,,,,,CAD,,ANGPT2,,SPAG9,,,,,TBPL1,,TBPL1,TBPL1,,TBPL1,,TBPL1,TBPL1,,TBPL1,TBPL1,,TBPL1,TBPL1,TBPL1,,TBPL1,TBPL1,TBPL1,TBPL1,TBPL1,IL2,TBPL1,FBXO3,TBPL1,TBPL1,TBPL1,,TBPL1,TBPL1,,,,TBPL1,TBPL1,TBPL1,UPP2,ICAM1,TBPL1,,,TBPL1,,TBPL1,TBPL1,,TBPL1,TBPL1,TBPL1,,MED17,TBPL1,,TBPL1,TBPL1,TBPL1,TBPL1,,TBPL1,TBPL1,TBPL1,,,TBPL1,,,TBPL1,ARNTL2,TBPL1,,TBPL1,TBPL1,,TBPL1,TBPL1
ARNTL2,SPATA7,ARNTL2,TNFRSF12A,ARNTL2,,,,ARNTL2,,ARNTL2,,,,,CD59,,C8B,,CELSR3,,,,,ARNTL2,,ARNTL2,ARNTL2,,ARNTL2,,ARNTL2,ARNTL2,,ARNTL2,ARNTL2,,ARNTL2,ARNTL2,ARNTL2,,ARNTL2,ARNTL2,ARNTL2,ARNTL2,ARNTL2,CPE,ARNTL2,FBXO5,ARNTL2,ARNTL2,ARNTL2,,ARNTL2,ARNTL2,,,,ARNTL2,ARNTL2,ARNTL2,ANGPT4,TIMP1,ARNTL2,,,ARNTL2,,ARNTL2,ARNTL2,,ARNTL2,ARNTL2,ARNTL2,,RETSAT,ARNTL2,,ARNTL2,ARNTL2,ARNTL2,ARNTL2,,ARNTL2,ARNTL2,ARNTL2,,,ARNTL2,,,ARNTL2,BCLAF1,ARNTL2,,ARNTL2,ARNTL2,,ARNTL2,ARNTL2
BCLAF1,MED17,BCLAF1,NLRP2,BCLAF1,,,,BCLAF1,,BCLAF1,,,,,CD82,,RUNX1,,AASS,,,,,BCLAF1,,BCLAF1,BCLAF1,,BCLAF1,,BCLAF1,BCLAF1,,BCLAF1,BCLAF1,,BCLAF1,BCLAF1,BCLAF1,,BCLAF1,BCLAF1,BCLAF1,BCLAF1,BCLAF1,WFS1,BCLAF1,FBXO6,BCLAF1,BCLAF1,BCLAF1,,BCLAF1,BCLAF1,,,,BCLAF1,BCLAF1,BCLAF1,EHD2,SEMA3C,BCLAF1,,,BCLAF1,,BCLAF1,BCLAF1,,BCLAF1,BCLAF1,BCLAF1,,CAPG,BCLAF1,,BCLAF1,BCLAF1,BCLAF1,BCLAF1,,BCLAF1,BCLAF1,BCLAF1,,,BCLAF1,,,BCLAF1,IBSP,BCLAF1,,BCLAF1,BCLAF1,,BCLAF1,BCLAF1
SLC39A9,RETSAT,SLC39A9,CLEC2B,SLC39A9,,,,SLC39A9,,SLC39A9,,,,,AK6,,OSBPL3,,PLEKHG6,,,,,SLC39A9,,SLC39A9,SLC39A9,,SLC39A9,,SLC39A9,SLC39A9,,SLC39A9,SLC39A9,,SLC39A9,SLC39A9,SLC39A9,,SLC39A9,SLC39A9,SLC39A9,SLC39A9,SLC39A9,ANXA10,SLC39A9,FBXO7,SLC39A9,SLC39A9,SLC39A9,,SLC39A9,SLC39A9,,,,SLC39A9,SLC39A9,SLC39A9,ABCC6,ELOVL1,SLC39A9,,,SLC39A9,,SLC39A9,SLC39A9,,SLC39A9,SLC39A9,SLC39A9,,AP2S1,SLC39A9,,SLC39A9,SLC39A9,SLC39A9,SLC39A9,,SLC39A9,SLC39A9,SLC39A9,,,SLC39A9,,,SLC39A9,TFB1M,SLC39A9,,SLC39A9,SLC39A9,,SLC39A9,SLC39A9
ANK1,CAPG,ANK1,RORA,ANK1,,,,ANK1,,ANK1,,,,,FCN1,,CD74,,SS18L2,,,,,ANK1,,ANK1,ANK1,,ANK1,,ANK1,ANK1,,ANK1,ANK1,,ANK1,ANK1,ANK1,,ANK1,ANK1,ANK1,ANK1,ANK1,GRPEL1,ANK1,FBXO9,ANK1,ANK1,ANK1,,ANK1,ANK1,,,,ANK1,ANK1,ANK1,CALCR,IL5RA,ANK1,,,ANK1,,ANK1,ANK1,,ANK1,ANK1,ANK1,,USH2A,ANK1,,ANK1,ANK1,ANK1,ANK1,,ANK1,ANK1,ANK1,,,ANK1,,,ANK1,RABEP1,ANK1,,ANK1,ANK1,,ANK1,ANK1
IBSP,AP2S1,IBSP,TGFBR3,IBSP,,,,IBSP,,IBSP,,,,,MYNN,,HGF,,MPND,,,,,IBSP,,IBSP,IBSP,,IBSP,,IBSP,IBSP,,IBSP,IBSP,,IBSP,IBSP,IBSP,,IBSP,IBSP,IBSP,IBSP,IBSP,GAR1,IBSP,FBXL2,IBSP,IBSP,IBSP,,IBSP,IBSP,,,,IBSP,IBSP,IBSP,C5orf22,ACTN4,IBSP,,,IBSP,,IBSP,IBSP,,IBSP,IBSP,IBSP,,ZPBP,IBSP,,IBSP,IBSP,IBSP,IBSP,,IBSP,IBSP,IBSP,,,IBSP,,,IBSP,NUP160,IBSP,,IBSP,IBSP,,IBSP,IBSP
TFB1M,USH2A,TFB1M,FGF10,TFB1M,,,,TFB1M,,TFB1M,,,,,MECOM,,CYTH2,,MGST1,,,,,TFB1M,,TFB1M,TFB1M,,TFB1M,,TFB1M,TFB1M,,TFB1M,TFB1M,,TFB1M,TFB1M,TFB1M,,TFB1M,TFB1M,TFB1M,TFB1M,TFB1M,FRG1,TFB1M,FBXL3,TFB1M,TFB1M,TFB1M,,TFB1M,TFB1M,,,,TFB1M,TFB1M,TFB1M,CEACAM1,UPF1,TFB1M,,,TFB1M,,TFB1M,TFB1M,,TFB1M,TFB1M,TFB1M,,TG,TFB1M,,TFB1M,TFB1M,TFB1M,TFB1M,,TFB1M,TFB1M,TFB1M,,,TFB1M,,,TFB1M,BAK1,TFB1M,,TFB1M,TFB1M,,TFB1M,TFB1M
RABEP1,ZPBP,RABEP1,CYP24A1,RABEP1,,,,RABEP1,,RABEP1,,,,,SCAMP1,,ICAM1,,CRY1,,,,,RABEP1,,RABEP1,RABEP1,,RABEP1,,RABEP1,RABEP1,,RABEP1,RABEP1,,RABEP1,RABEP1,RABEP1,,RABEP1,RABEP1,RABEP1,RABEP1,RABEP1,CLCN3,RABEP1,FBXL4,RABEP1,RABEP1,RABEP1,,RABEP1,RABEP1,,,,RABEP1,RABEP1,RABEP1,ALOX12B,SPPL2B,RABEP1,,,RABEP1,,RABEP1,RABEP1,,RABEP1,RABEP1,RABEP1,,ADAM28,RABEP1,,RABEP1,RABEP1,RABEP1,RABEP1,,RABEP1,RABEP1,RABEP1,,,RABEP1,,,RABEP1,ARHGAP31,RABEP1,,RABEP1,RABEP1,,RABEP1,RABEP1
NUP160,TG,NUP160,ITGAL,NUP160,,,,NUP160,,NUP160,,,,,PREP,,CCL13,,PGLYRP1,,,,,NUP160,,NUP160,NUP160,,NUP160,,NUP160,NUP160,,NUP160,NUP160,,NUP160,NUP160,NUP160,,NUP160,NUP160,NUP160,NUP160,NUP160,AADAT,NUP160,FBXL5,NUP160,NUP160,NUP160,,NUP160,NUP160,,,,NUP160,NUP160,NUP160,CD5L,CCL22,NUP160,,,NUP160,,NUP160,NUP160,,NUP160,NUP160,NUP160,,BARX2,NUP160,,NUP160,NUP160,NUP160,NUP160,,NUP160,NUP160,NUP160,,,NUP160,,,NUP160,CENPQ,NUP160,,NUP160,NUP160,,NUP160,NUP160
BAK1,BARX2,BAK1,ITGA3,BAK1,,,,BAK1,,BAK1,,,,,HACE1,,SPEN,,ST3GAL1,,,,,BAK1,,BAK1,BAK1,,BAK1,,BAK1,BAK1,,BAK1,BAK1,,BAK1,BAK1,BAK1,,BAK1,BAK1,BAK1,BAK1,BAK1,GALNT7,BAK1,FBXL8,BAK1,BAK1,BAK1,,BAK1,BAK1,,,,BAK1,BAK1,BAK1,TNFRSF1B,ALOX5,BAK1,,,BAK1,,BAK1,BAK1,,BAK1,BAK1,BAK1,,DCUN1D1,BAK1,,BAK1,BAK1,BAK1,BAK1,,BAK1,BAK1,BAK1,,,BAK1,,,BAK1,SARS1,BAK1,,BAK1,BAK1,,BAK1,BAK1
MUSK,DCUN1D1,MUSK,ITGA2B,MUSK,,,,MUSK,,MUSK,,,,,SEH1L,,ADGRA2,,MMP25,,,,,MUSK,,MUSK,MUSK,,MUSK,,MUSK,MUSK,,MUSK,MUSK,,MUSK,MUSK,MUSK,,MUSK,MUSK,MUSK,MUSK,MUSK,DHX15,MUSK,FBXL13,MUSK,MUSK,MUSK,,MUSK,MUSK,,,,MUSK,MUSK,MUSK,ABCC8,CCL7,MUSK,,,MUSK,,MUSK,MUSK,,MUSK,MUSK,MUSK,,JADE2,MUSK,,MUSK,MUSK,MUSK,MUSK,,MUSK,MUSK,MUSK,,,MUSK,,,MUSK,RANBP3,MUSK,,MUSK,MUSK,,MUSK,MUSK
IKZF2,JADE2,IKZF2,CCL17,IKZF2,,,,IKZF2,,IKZF2,,,,,WDR47,,CTDP1,,PKD1,,,,,IKZF2,,IKZF2,IKZF2,,IKZF2,,IKZF2,IKZF2,,IKZF2,IKZF2,,IKZF2,IKZF2,IKZF2,,IKZF2,IKZF2,IKZF2,IKZF2,IKZF2,SOD3,IKZF2,FBXL15,IKZF2,IKZF2,IKZF2,,IKZF2,IKZF2,,,,IKZF2,IKZF2,IKZF2,ACTN2,SPPL2A,IKZF2,,,IKZF2,,IKZF2,IKZF2,,IKZF2,IKZF2,IKZF2,,ZIC2,IKZF2,,IKZF2,IKZF2,IKZF2,IKZF2,,IKZF2,IKZF2,IKZF2,,,IKZF2,,,IKZF2,ARID4A,IKZF2,,IKZF2,IKZF2,,IKZF2,IKZF2
GRN,ZIC2,GRN,CD200,GRN,,,,GRN,,GRN,,,,,WDFY1,,CEACAM7,,MAPK8IP2,,,,,GRN,,GRN,GRN,,GRN,,GRN,GRN,,GRN,GRN,,GRN,GRN,GRN,,GRN,GRN,GRN,GRN,GRN,SEPSECS,GRN,FBXL16,GRN,GRN,GRN,,GRN,GRN,,,,GRN,GRN,GRN,ANXA11,MMP2,GRN,,,GRN,,GRN,GRN,,GRN,GRN,GRN,,LCP2,GRN,,GRN,GRN,GRN,GRN,,GRN,GRN,GRN,,,GRN,,,GRN,IFT88,GRN,,GRN,GRN,,GRN,GRN
FAM13B,LCP2,FAM13B,CCL20,FAM13B,,,,FAM13B,,FAM13B,,,,,OVGP1,,CLEC2B,,MED24,,,,,FAM13B,,FAM13B,FAM13B,,FAM13B,,FAM13B,FAM13B,,FAM13B,FAM13B,,FAM13B,FAM13B,FAM13B,,FAM13B,FAM13B,FAM13B,FAM13B,FAM13B,CPZ,FAM13B,FBXO24,FAM13B,FAM13B,FAM13B,,FAM13B,FAM13B,,,,FAM13B,FAM13B,FAM13B,PRKCH,FGF1,FAM13B,,,FAM13B,,FAM13B,FAM13B,,FAM13B,FAM13B,FAM13B,,TRIT1,FAM13B,,FAM13B,FAM13B,FAM13B,FAM13B,,FAM13B,FAM13B,FAM13B,,,FAM13B,,,FAM13B,ALG1,FAM13B,,FAM13B,FAM13B,,FAM13B,FAM13B
ARHGAP31,ADRB1,ARHGAP31,CXCL2,ARHGAP31,,,,ARHGAP31,,ARHGAP31,,,,,SLC25A24,,LILRB4,,RHOBTB2,,,,,ARHGAP31,,ARHGAP31,ARHGAP31,,ARHGAP31,,ARHGAP31,ARHGAP31,,ARHGAP31,ARHGAP31,,ARHGAP31,ARHGAP31,ARHGAP31,,ARHGAP31,ARHGAP31,ARHGAP31,ARHGAP31,ARHGAP31,TRIM2,ARHGAP31,FBXO25,ARHGAP31,ARHGAP31,ARHGAP31,,ARHGAP31,ARHGAP31,,,,ARHGAP31,ARHGAP31,ARHGAP31,TGFB2,C5,ARHGAP31,,,ARHGAP31,,ARHGAP31,ARHGAP31,,ARHGAP31,ARHGAP31,ARHGAP31,,ADRB1,ARHGAP31,,ARHGAP31,ARHGAP31,ARHGAP31,ARHGAP31,,ARHGAP31,ARHGAP31,ARHGAP31,,,ARHGAP31,,,ARHGAP31,ZCCHC8,ARHGAP31,,ARHGAP31,ARHGAP31,,ARHGAP31,ARHGAP31
CENPQ,GUCA2B,CENPQ,AFP,CENPQ,,,,CENPQ,,CENPQ,,,,,MAP3K4,,RUNX1T1,,HEATR5B,,,,,CENPQ,,CENPQ,CENPQ,,CENPQ,,CENPQ,CENPQ,,CENPQ,CENPQ,,CENPQ,CENPQ,CENPQ,,CENPQ,CENPQ,CENPQ,CENPQ,CENPQ,SLC2A9,CENPQ,FBXO28,CENPQ,CENPQ,CENPQ,,CENPQ,CENPQ,,,,CENPQ,CENPQ,CENPQ,CTSB,FGF2,CENPQ,,,CENPQ,,CENPQ,CENPQ,,CENPQ,CENPQ,CENPQ,,GUCA2B,CENPQ,,CENPQ,CENPQ,CENPQ,CENPQ,,CENPQ,CENPQ,CENPQ,,,CENPQ,,,CENPQ,ABCF2,CENPQ,,CENPQ,CENPQ,,CENPQ,CENPQ
SARS1,CUL7,SARS1,COL4A4,SARS1,,,,SARS1,,SARS1,,,,,PILRA,,CD7,,SEC62,,,,,SARS1,,SARS1,SARS1,,SARS1,,SARS1,SARS1,,SARS1,SARS1,,SARS1,SARS1,SARS1,,SARS1,SARS1,SARS1,SARS1,SARS1,FBXW7,SARS1,FBXO30,SARS1,SARS1,SARS1,,SARS1,SARS1,,,,SARS1,SARS1,SARS1,CD22,ALDH1A1,SARS1,,,SARS1,,SARS1,SARS1,,SARS1,SARS1,SARS1,,CUL7,SARS1,,SARS1,SARS1,SARS1,SARS1,,SARS1,SARS1,SARS1,,,SARS1,,,SARS1,CHPF2,SARS1,,SARS1,SARS1,,SARS1,SARS1
RANBP3,CTNNA1,RANBP3,TFRC,RANBP3,,,,RANBP3,,RANBP3,,,,,IGSF9,,LYPD3,,CSDE1,,,,,RANBP3,,RANBP3,RANBP3,,RANBP3,,RANBP3,RANBP3,,RANBP3,RANBP3,,RANBP3,RANBP3,RANBP3,,RANBP3,RANBP3,RANBP3,RANBP3,RANBP3,NEIL3,RANBP3,FBXO31,RANBP3,RANBP3,RANBP3,,RANBP3,RANBP3,,,,RANBP3,RANBP3,RANBP3,GCLM,ICAM4,RANBP3,,,RANBP3,,RANBP3,RANBP3,,RANBP3,RANBP3,RANBP3,,CTNNA1,RANBP3,,RANBP3,RANBP3,RANBP3,RANBP3,,RANBP3,RANBP3,RANBP3,,,RANBP3,,,RANBP3,LRRC7,RANBP3,,RANBP3,RANBP3,,RANBP3,RANBP3
ARID4A,CNTLN,ARID4A,ALOX5,ARID4A,,,,ARID4A,,ARID4A,,,,,ABCB1,,AASS,,UBE3C,,,,,ARID4A,,ARID4A,ARID4A,,ARID4A,,ARID4A,ARID4A,,ARID4A,ARID4A,,ARID4A,ARID4A,ARID4A,,ARID4A,ARID4A,ARID4A,ARID4A,ARID4A,TBC1D19,ARID4A,FBXO32,ARID4A,ARID4A,ARID4A,,ARID4A,ARID4A,,,,ARID4A,ARID4A,ARID4A,PLA2G3,FGF10,ARID4A,,,ARID4A,,ARID4A,ARID4A,,ARID4A,ARID4A,ARID4A,,CNTLN,ARID4A,,ARID4A,ARID4A,ARID4A,ARID4A,,ARID4A,ARID4A,ARID4A,,,ARID4A,,,ARID4A,FUT8,ARID4A,,ARID4A,ARID4A,,ARID4A,ARID4A
EIPR1,EPHA3,EIPR1,CALCOCO1,EIPR1,,,,EIPR1,,EIPR1,,,,,ZNF213,,LTF,,REV3L,,,,,EIPR1,,EIPR1,EIPR1,,EIPR1,,EIPR1,EIPR1,,EIPR1,EIPR1,,EIPR1,EIPR1,EIPR1,,EIPR1,EIPR1,EIPR1,EIPR1,EIPR1,CLNK,EIPR1,FBXO33,EIPR1,EIPR1,EIPR1,,EIPR1,EIPR1,,,,EIPR1,EIPR1,EIPR1,SERPINA3,CTCF,EIPR1,,,EIPR1,,EIPR1,EIPR1,,EIPR1,EIPR1,EIPR1,,EPHA3,EIPR1,,EIPR1,EIPR1,EIPR1,EIPR1,,EIPR1,EIPR1,EIPR1,,,EIPR1,,,EIPR1,UBA6,EIPR1,,EIPR1,EIPR1,,EIPR1,EIPR1
PNPLA6,HSPA5,PNPLA6,SERPINC1,PNPLA6,,,,PNPLA6,,PNPLA6,,,,,AKR1B1,,AQR,,PAX7,,,,,PNPLA6,,PNPLA6,PNPLA6,,PNPLA6,,PNPLA6,PNPLA6,,PNPLA6,PNPLA6,,PNPLA6,PNPLA6,PNPLA6,,PNPLA6,PNPLA6,PNPLA6,PNPLA6,PNPLA6,NSD2,PNPLA6,FBXO36,PNPLA6,PNPLA6,PNPLA6,,PNPLA6,PNPLA6,,,,PNPLA6,PNPLA6,PNPLA6,RHBDF1,SEMA3A,PNPLA6,,,PNPLA6,,PNPLA6,PNPLA6,,PNPLA6,PNPLA6,PNPLA6,,HSPA5,PNPLA6,,PNPLA6,PNPLA6,PNPLA6,PNPLA6,,PNPLA6,PNPLA6,PNPLA6,,,PNPLA6,,,PNPLA6,GAB2,PNPLA6,,PNPLA6,PNPLA6,,PNPLA6,PNPLA6
IFT88,DSG2,IFT88,HAMP,IFT88,,,,IFT88,,IFT88,,,,,CPNE3,,ADAMTSL3,,MASP2,,,,,IFT88,,IFT88,IFT88,,IFT88,,IFT88,IFT88,,IFT88,IFT88,,IFT88,IFT88,IFT88,,IFT88,IFT88,IFT88,IFT88,IFT88,SH3D19,IFT88,FBXO38,IFT88,IFT88,IFT88,,IFT88,IFT88,,,,IFT88,IFT88,IFT88,PLA2G12B,GLRX2,IFT88,,,IFT88,,IFT88,IFT88,,IFT88,IFT88,IFT88,,DSG2,IFT88,,IFT88,IFT88,IFT88,IFT88,,IFT88,IFT88,IFT88,,,IFT88,,,IFT88,ATP6V0A1,IFT88,,IFT88,IFT88,,IFT88,IFT88
ALG1,PREX2,ALG1,CCL1,ALG1,,,,ALG1,,ALG1,,,,,RRN3,,KYNU,,IYD,,,,,ALG1,,ALG1,ALG1,,ALG1,,ALG1,ALG1,,ALG1,ALG1,,ALG1,ALG1,ALG1,,ALG1,ALG1,ALG1,ALG1,ALG1,STIM2,ALG1,FBXO40,ALG1,ALG1,ALG1,,ALG1,ALG1,,,,ALG1,ALG1,ALG1,IFNGR1,GCLM,ALG1,,,ALG1,,ALG1,ALG1,,ALG1,ALG1,ALG1,,PREX2,ALG1,,ALG1,ALG1,ALG1,ALG1,,ALG1,ALG1,ALG1,,,ALG1,,,ALG1,PIAS1,ALG1,,ALG1,ALG1,,ALG1,ALG1
ZCCHC8,WDR37,ZCCHC8,CCL7,ZCCHC8,,,,ZCCHC8,,ZCCHC8,,,,,CTTN,,TFEC,,FAM76A,,,,,ZCCHC8,,ZCCHC8,ZCCHC8,,ZCCHC8,,ZCCHC8,ZCCHC8,,ZCCHC8,ZCCHC8,,ZCCHC8,ZCCHC8,ZCCHC8,,ZCCHC8,ZCCHC8,ZCCHC8,ZCCHC8,ZCCHC8,NKX3-2,ZCCHC8,FBXO41,ZCCHC8,ZCCHC8,ZCCHC8,,ZCCHC8,ZCCHC8,,,,ZCCHC8,ZCCHC8,ZCCHC8,PRKCZ,RHOB,ZCCHC8,,,ZCCHC8,,ZCCHC8,ZCCHC8,,ZCCHC8,ZCCHC8,ZCCHC8,,WDR37,ZCCHC8,,ZCCHC8,ZCCHC8,ZCCHC8,ZCCHC8,,ZCCHC8,ZCCHC8,ZCCHC8,,,ZCCHC8,,,ZCCHC8,SLC4A7,ZCCHC8,,ZCCHC8,ZCCHC8,,ZCCHC8,ZCCHC8
ABCF2,YTHDC2,ABCF2,CCL8,ABCF2,,,,ABCF2,,ABCF2,,,,,WNT11,,LYPD1,,TRAF3IP3,,,,,ABCF2,,ABCF2,ABCF2,,ABCF2,,ABCF2,ABCF2,,ABCF2,ABCF2,,ABCF2,ABCF2,ABCF2,,ABCF2,ABCF2,ABCF2,ABCF2,ABCF2,MFSD10,ABCF2,FBXO42,ABCF2,ABCF2,ABCF2,,ABCF2,ABCF2,,,,ABCF2,ABCF2,ABCF2,ITGAL,ALAS1,ABCF2,,,ABCF2,,ABCF2,ABCF2,,ABCF2,ABCF2,ABCF2,,YTHDC2,ABCF2,,ABCF2,ABCF2,ABCF2,ABCF2,,ABCF2,ABCF2,ABCF2,,,ABCF2,,,ABCF2,APBA2,ABCF2,,ABCF2,ABCF2,,ABCF2,ABCF2
CHPF2,ATP6V1H,CHPF2,ICAM1,CHPF2,,,,CHPF2,,CHPF2,,,,,MTIF2,,P3H2,,POMT2,,,,,CHPF2,,CHPF2,CHPF2,,CHPF2,,CHPF2,CHPF2,,CHPF2,CHPF2,,CHPF2,CHPF2,CHPF2,,CHPF2,CHPF2,CHPF2,CHPF2,CHPF2,GLRB,CHPF2,FBXW4,CHPF2,CHPF2,CHPF2,,CHPF2,CHPF2,,,,CHPF2,CHPF2,CHPF2,ADAM28,FOS,CHPF2,,,CHPF2,,CHPF2,CHPF2,,CHPF2,CHPF2,CHPF2,,ATP6V1H,CHPF2,,CHPF2,CHPF2,CHPF2,CHPF2,,CHPF2,CHPF2,CHPF2,,,CHPF2,,,CHPF2,MAP2K3,CHPF2,,CHPF2,CHPF2,,CHPF2,CHPF2
LRRC7,POLR2B,LRRC7,ICAM3,LRRC7,,,,LRRC7,,LRRC7,,,,,DDHD2,,OSBPL8,,VTA1,,,,,LRRC7,,LRRC7,LRRC7,,LRRC7,,LRRC7,LRRC7,,LRRC7,LRRC7,,LRRC7,LRRC7,LRRC7,,LRRC7,LRRC7,LRRC7,LRRC7,LRRC7,BST1,LRRC7,FBXW5,LRRC7,LRRC7,LRRC7,,LRRC7,LRRC7,,,,LRRC7,LRRC7,LRRC7,ACTN4,CTLA4,LRRC7,,,LRRC7,,LRRC7,LRRC7,,LRRC7,LRRC7,LRRC7,,POLR2B,LRRC7,,LRRC7,LRRC7,LRRC7,LRRC7,,LRRC7,LRRC7,LRRC7,,,LRRC7,,,LRRC7,EFCAB1,LRRC7,,LRRC7,LRRC7,,LRRC7,LRRC7
FUT8,FAM214A,FUT8,ICAM4,FUT8,,,,FUT8,,FUT8,,,,,TTC39A,,LILRB5,,BAZ1B,,,,,FUT8,,FUT8,FUT8,,FUT8,,FUT8,FUT8,,FUT8,FUT8,,FUT8,FUT8,FUT8,,FUT8,FUT8,FUT8,FUT8,FUT8,RAPGEF2,FUT8,FBXW7,FUT8,FUT8,FUT8,,FUT8,FUT8,,,,FUT8,FUT8,FUT8,SAA1,LTF,FUT8,,,FUT8,,FUT8,FUT8,,FUT8,FUT8,FUT8,,FAM214A,FUT8,,FUT8,FUT8,FUT8,FUT8,,FUT8,FUT8,FUT8,,,FUT8,,,FUT8,TMSB10,FUT8,,FUT8,FUT8,,FUT8,FUT8
UBA6,ARAP2,UBA6,ICAM5,UBA6,,,,UBA6,,UBA6,,,,,EPS15,,ANGPT4,,RANBP9,,,,,UBA6,,UBA6,UBA6,,UBA6,,UBA6,UBA6,,UBA6,UBA6,,UBA6,UBA6,UBA6,,UBA6,UBA6,UBA6,UBA6,UBA6,HGFAC,UBA6,FBXW9,UBA6,UBA6,UBA6,,UBA6,UBA6,,,,UBA6,UBA6,UBA6,AOC1,LGALS1,UBA6,,,UBA6,,UBA6,UBA6,,UBA6,UBA6,UBA6,,ARAP2,UBA6,,UBA6,UBA6,UBA6,UBA6,,UBA6,UBA6,UBA6,,,UBA6,,,UBA6,ASTE1,UBA6,,UBA6,UBA6,,UBA6,UBA6
GAB2,TPR,GAB2,LGALS1,GAB2,,,,GAB2,,GAB2,,,,,ORC1,,TFEC,,ETV7,,,,,GAB2,,GAB2,GAB2,,GAB2,,GAB2,GAB2,,GAB2,GAB2,,GAB2,GAB2,GAB2,,GAB2,GAB2,GAB2,GAB2,GAB2,SNX25,GAB2,FBXW10,GAB2,GAB2,GAB2,,GAB2,GAB2,,,,GAB2,GAB2,GAB2,SAA2,UPP2,GAB2,,,GAB2,,GAB2,GAB2,,GAB2,GAB2,GAB2,,TPR,GAB2,,GAB2,GAB2,GAB2,GAB2,,GAB2,GAB2,GAB2,,,GAB2,,,GAB2,RNF19A,GAB2,,GAB2,GAB2,,GAB2,GAB2
ATP6V0A1,CP,ATP6V0A1,MSR1,ATP6V0A1,,,,ATP6V0A1,,ATP6V0A1,,,,,MGST2,,KDM1A,,SPRTN,,,,,ATP6V0A1,,ATP6V0A1,ATP6V0A1,,ATP6V0A1,,ATP6V0A1,ATP6V0A1,,ATP6V0A1,ATP6V0A1,,ATP6V0A1,ATP6V0A1,ATP6V0A1,,ATP6V0A1,ATP6V0A1,ATP6V0A1,ATP6V0A1,ATP6V0A1,LRP2BP,ATP6V0A1,FBXW11,ATP6V0A1,ATP6V0A1,ATP6V0A1,,ATP6V0A1,ATP6V0A1,,,,ATP6V0A1,ATP6V0A1,ATP6V0A1,TGFB2,ANXA10,ATP6V0A1,,,ATP6V0A1,,ATP6V0A1,ATP6V0A1,,ATP6V0A1,ATP6V0A1,ATP6V0A1,,CP,ATP6V0A1,,ATP6V0A1,ATP6V0A1,ATP6V0A1,ATP6V0A1,,ATP6V0A1,ATP6V0A1,ATP6V0A1,,,ATP6V0A1,,,ATP6V0A1,PEX3,ATP6V0A1,,ATP6V0A1,ATP6V0A1,,ATP6V0A1,ATP6V0A1
PIAS1,KATNIP,PIAS1,SLC7A14,PIAS1,,,,PIAS1,,PIAS1,,,,,CHERP,,TFEC,,EEF1AKNMT,,,,,PIAS1,,PIAS1,PIAS1,,PIAS1,,PIAS1,PIAS1,,PIAS1,PIAS1,,PIAS1,PIAS1,PIAS1,,PIAS1,PIAS1,PIAS1,PIAS1,PIAS1,UFSP2,PIAS1,FBXL12,PIAS1,PIAS1,PIAS1,,PIAS1,PIAS1,,,,PIAS1,PIAS1,PIAS1,CD6,SERPINE1,PIAS1,,,PIAS1,,PIAS1,PIAS1,,PIAS1,PIAS1,PIAS1,,KATNIP,PIAS1,,PIAS1,PIAS1,PIAS1,PIAS1,,PIAS1,PIAS1,PIAS1,,,PIAS1,,,PIAS1,GABARAPL2,PIAS1,,PIAS1,PIAS1,,PIAS1,PIAS1
SLC4A7,DTNBP1,SLC4A7,IL1R2,SLC4A7,,,,SLC4A7,,SLC4A7,,,,,ATG16L1,,KYNU,,DYRK4,,,,,SLC4A7,,SLC4A7,SLC4A7,,SLC4A7,,SLC4A7,SLC4A7,,SLC4A7,SLC4A7,,SLC4A7,SLC4A7,SLC4A7,,SLC4A7,SLC4A7,SLC4A7,SLC4A7,SLC4A7,KLF3,SLC4A7,FCGR1A,SLC4A7,SLC4A7,SLC4A7,,SLC4A7,SLC4A7,,,,SLC4A7,SLC4A7,SLC4A7,ADAM28,MPO,SLC4A7,,,SLC4A7,,SLC4A7,SLC4A7,,SLC4A7,SLC4A7,SLC4A7,,DTNBP1,SLC4A7,,SLC4A7,SLC4A7,SLC4A7,SLC4A7,,SLC4A7,SLC4A7,SLC4A7,,,SLC4A7,,,SLC4A7,MYOC,SLC4A7,,SLC4A7,SLC4A7,,SLC4A7,SLC4A7
APBA2,ANO2,APBA2,ITGAL,APBA2,,,,APBA2,,APBA2,,,,,USP40,,CYB561,,ZNF207,,,,,APBA2,,APBA2,APBA2,,APBA2,,APBA2,APBA2,,APBA2,APBA2,,APBA2,APBA2,APBA2,,APBA2,APBA2,APBA2,APBA2,APBA2,KLHL5,APBA2,FCGRT,APBA2,APBA2,APBA2,,APBA2,APBA2,,,,APBA2,APBA2,APBA2,RHBDF1,ITGA2B,APBA2,,,APBA2,,APBA2,APBA2,,APBA2,APBA2,APBA2,,ANO2,APBA2,,APBA2,APBA2,APBA2,APBA2,,APBA2,APBA2,APBA2,,,APBA2,,,APBA2,SH3YL1,APBA2,,APBA2,APBA2,,APBA2,APBA2
MAP2K3,C12orf4,MAP2K3,TNNC1,MAP2K3,,,,MAP2K3,,MAP2K3,,,,,POMGNT1,,TFEC,,UQCRC1,,,,,MAP2K3,,MAP2K3,MAP2K3,,MAP2K3,,MAP2K3,MAP2K3,,MAP2K3,MAP2K3,,MAP2K3,MAP2K3,MAP2K3,,MAP2K3,MAP2K3,MAP2K3,MAP2K3,MAP2K3,FAM149A,MAP2K3,FECH,MAP2K3,MAP2K3,MAP2K3,,MAP2K3,MAP2K3,,,,MAP2K3,MAP2K3,MAP2K3,TNFRSF12A,MYOC,MAP2K3,,,MAP2K3,,MAP2K3,MAP2K3,,MAP2K3,MAP2K3,MAP2K3,,C12orf4,MAP2K3,,MAP2K3,MAP2K3,MAP2K3,MAP2K3,,MAP2K3,MAP2K3,MAP2K3,,,MAP2K3,,,MAP2K3,FAM136A,MAP2K3,,MAP2K3,MAP2K3,,MAP2K3,MAP2K3
EFCAB1,FAM184B,EFCAB1,ADGRE1,EFCAB1,,,,EFCAB1,,EFCAB1,,,,,RAD54L,,LGALS9,,STARD3NL,,,,,EFCAB1,,EFCAB1,EFCAB1,,EFCAB1,,EFCAB1,EFCAB1,,EFCAB1,EFCAB1,,EFCAB1,EFCAB1,EFCAB1,,EFCAB1,EFCAB1,EFCAB1,EFCAB1,EFCAB1,NCAPG,EFCAB1,FER,EFCAB1,EFCAB1,EFCAB1,,EFCAB1,EFCAB1,,,,EFCAB1,EFCAB1,EFCAB1,PLA2G7,TF,EFCAB1,,,EFCAB1,,EFCAB1,EFCAB1,,EFCAB1,EFCAB1,EFCAB1,,FAM184B,EFCAB1,,EFCAB1,EFCAB1,EFCAB1,EFCAB1,,EFCAB1,EFCAB1,EFCAB1,,,EFCAB1,,,EFCAB1,VCL,EFCAB1,,EFCAB1,EFCAB1,,EFCAB1,EFCAB1
TMSB10,MAP4,TMSB10,SERPINE1,TMSB10,,,,TMSB10,,TMSB10,,,,,MAST2,,RHOBTB2,,HHATL,,,,,TMSB10,,TMSB10,TMSB10,,TMSB10,,TMSB10,TMSB10,,TMSB10,TMSB10,,TMSB10,TMSB10,TMSB10,,TMSB10,TMSB10,TMSB10,TMSB10,TMSB10,UGDH,TMSB10,FERMT2,TMSB10,TMSB10,TMSB10,,TMSB10,TMSB10,,,,TMSB10,TMSB10,TMSB10,PLA2G4A,ALOX5,TMSB10,,,TMSB10,,TMSB10,TMSB10,,TMSB10,TMSB10,TMSB10,,MAP4,TMSB10,,TMSB10,TMSB10,TMSB10,TMSB10,,TMSB10,TMSB10,TMSB10,,,TMSB10,,,TMSB10,DEPDC1B,TMSB10,,TMSB10,TMSB10,,TMSB10,TMSB10
ASTE1,GOPC,ASTE1,ANXA5,ASTE1,,,,ASTE1,,ASTE1,,,,,DNAJA1,,FGL1,,NCAPD2,,,,,ASTE1,,ASTE1,ASTE1,,ASTE1,,ASTE1,ASTE1,,ASTE1,ASTE1,,ASTE1,ASTE1,ASTE1,,ASTE1,ASTE1,ASTE1,ASTE1,ASTE1,PPARGC1A,ASTE1,FER1L4,ASTE1,ASTE1,ASTE1,,ASTE1,ASTE1,,,,ASTE1,ASTE1,ASTE1,PLA2G4C,IL32,ASTE1,,,ASTE1,,ASTE1,ASTE1,,ASTE1,ASTE1,ASTE1,,GOPC,ASTE1,,ASTE1,ASTE1,ASTE1,ASTE1,,ASTE1,ASTE1,ASTE1,,,ASTE1,,,ASTE1,DAPK2,ASTE1,,ASTE1,ASTE1,,ASTE1,ASTE1
RNF19A,ROS1,RNF19A,ANXA1,RNF19A,,,,RNF19A,,RNF19A,,,,,B4GALT1,,TRAF1,,IFFO1,,,,,RNF19A,,RNF19A,RNF19A,,RNF19A,,RNF19A,RNF19A,,RNF19A,RNF19A,,RNF19A,RNF19A,RNF19A,,RNF19A,RNF19A,RNF19A,RNF19A,RNF19A,DDX25,RNF19A,FEZF1,RNF19A,RNF19A,RNF19A,,RNF19A,RNF19A,,,,RNF19A,RNF19A,RNF19A,PLA2G5,DCN,RNF19A,,,RNF19A,,RNF19A,RNF19A,,RNF19A,RNF19A,RNF19A,,ROS1,RNF19A,,RNF19A,RNF19A,RNF19A,RNF19A,,RNF19A,RNF19A,RNF19A,,,RNF19A,,,RNF19A,NSMAF,RNF19A,,RNF19A,RNF19A,,RNF19A,RNF19A
PEX3,USP28,PEX3,IL1RL1,PEX3,,,,PEX3,,PEX3,,,,,CHMP5,,KYNU,,GIPR,,,,,PEX3,,PEX3,PEX3,,PEX3,,PEX3,PEX3,,PEX3,PEX3,,PEX3,PEX3,PEX3,,PEX3,PEX3,PEX3,PEX3,PEX3,CRYAB,PEX3,FEZF2,PEX3,PEX3,PEX3,,PEX3,PEX3,,,,PEX3,PEX3,PEX3,LTF,VEGFC,PEX3,,,PEX3,,PEX3,PEX3,,PEX3,PEX3,PEX3,,USP28,PEX3,,PEX3,PEX3,PEX3,PEX3,,PEX3,PEX3,PEX3,,,PEX3,,,PEX3,ADSS2,PEX3,,PEX3,PEX3,,PEX3,PEX3
GABARAPL2,HDAC9,GABARAPL2,IL17C,GABARAPL2,,,,GABARAPL2,,GABARAPL2,,,,,NFX1,,CLEC18A,,PHF7,,,,,GABARAPL2,,GABARAPL2,GABARAPL2,,GABARAPL2,,GABARAPL2,GABARAPL2,,GABARAPL2,GABARAPL2,,GABARAPL2,GABARAPL2,GABARAPL2,,GABARAPL2,GABARAPL2,GABARAPL2,GABARAPL2,GABARAPL2,DBX1,GABARAPL2,FGF1,GABARAPL2,GABARAPL2,GABARAPL2,,GABARAPL2,GABARAPL2,,,,GABARAPL2,GABARAPL2,GABARAPL2,LYZ,CDH3,GABARAPL2,,,GABARAPL2,,GABARAPL2,GABARAPL2,,GABARAPL2,GABARAPL2,GABARAPL2,,HDAC9,GABARAPL2,,GABARAPL2,GABARAPL2,GABARAPL2,GABARAPL2,,GABARAPL2,GABARAPL2,GABARAPL2,,,GABARAPL2,,,GABARAPL2,STAP1,GABARAPL2,,GABARAPL2,GABARAPL2,,GABARAPL2,GABARAPL2
MYOC,TSPAN17,MYOC,LILRA1,MYOC,,,,MYOC,,MYOC,,,,,AQP6,,ACTG1,,SEMA3G,,,,,MYOC,,MYOC,MYOC,,MYOC,,MYOC,MYOC,,MYOC,MYOC,,MYOC,MYOC,MYOC,,MYOC,MYOC,MYOC,MYOC,MYOC,HTATIP2,MYOC,FGF2,MYOC,MYOC,MYOC,,MYOC,MYOC,,,,MYOC,MYOC,MYOC,IFNG,TFDP2,MYOC,,,MYOC,,MYOC,MYOC,,MYOC,MYOC,MYOC,,TSPAN17,MYOC,,MYOC,MYOC,MYOC,MYOC,,MYOC,MYOC,MYOC,,,MYOC,,,MYOC,TIMP2,MYOC,,MYOC,MYOC,,MYOC,MYOC
SH3YL1,NOP16,SH3YL1,CCR2,SH3YL1,,,,SH3YL1,,SH3YL1,,,,,DIMT1,,C8B,,NISCH,,,,,SH3YL1,,SH3YL1,SH3YL1,,SH3YL1,,SH3YL1,SH3YL1,,SH3YL1,SH3YL1,,SH3YL1,SH3YL1,SH3YL1,,SH3YL1,SH3YL1,SH3YL1,SH3YL1,SH3YL1,CTSC,SH3YL1,FGF4,SH3YL1,SH3YL1,SH3YL1,,SH3YL1,SH3YL1,,,,SH3YL1,SH3YL1,SH3YL1,CCL1,TFAP2D,SH3YL1,,,SH3YL1,,SH3YL1,SH3YL1,,SH3YL1,SH3YL1,SH3YL1,,NOP16,SH3YL1,,SH3YL1,SH3YL1,SH3YL1,SH3YL1,,SH3YL1,SH3YL1,SH3YL1,,,SH3YL1,,,SH3YL1,RFC1,SH3YL1,,SH3YL1,SH3YL1,,SH3YL1,SH3YL1
FAM136A,CC2D2A,FAM136A,CD274,FAM136A,,,,FAM136A,,FAM136A,,,,,IPO11,,OSBPL7,,FUZ,,,,,FAM136A,,FAM136A,FAM136A,,FAM136A,,FAM136A,FAM136A,,FAM136A,FAM136A,,FAM136A,FAM136A,FAM136A,,FAM136A,FAM136A,FAM136A,FAM136A,FAM136A,CCDC34,FAM136A,FGF5,FAM136A,FAM136A,FAM136A,,FAM136A,FAM136A,,,,FAM136A,FAM136A,FAM136A,,FAS,FAM136A,,,FAM136A,,FAM136A,FAM136A,,FAM136A,FAM136A,FAM136A,,CC2D2A,FAM136A,,FAM136A,FAM136A,FAM136A,FAM136A,,FAM136A,FAM136A,FAM136A,,,FAM136A,,,FAM136A,TBC1D23,FAM136A,,FAM136A,FAM136A,,FAM136A,FAM136A
VCL,RRM2B,VCL,SIGLEC1,VCL,,,,VCL,,VCL,,,,,FOLH1,,TNFRSF1B,,SLC6A13,,,,,VCL,,VCL,VCL,,VCL,,VCL,VCL,,VCL,VCL,,VCL,VCL,VCL,,VCL,VCL,VCL,VCL,VCL,ZBTB16,VCL,FGF6,VCL,VCL,VCL,,VCL,VCL,,,,VCL,VCL,VCL,,ACTB,VCL,,,VCL,,VCL,VCL,,VCL,VCL,VCL,,RRM2B,VCL,,VCL,VCL,VCL,VCL,,VCL,VCL,VCL,,,VCL,,,VCL,CUL3,VCL,,VCL,VCL,,VCL,VCL
DEPDC1B,ZNF800,DEPDC1B,LILRB2,DEPDC1B,,,,DEPDC1B,,DEPDC1B,,,,,EIF2AK1,,SPPL2B,,ZNF200,,,,,DEPDC1B,,DEPDC1B,DEPDC1B,,DEPDC1B,,DEPDC1B,DEPDC1B,,DEPDC1B,DEPDC1B,,DEPDC1B,DEPDC1B,DEPDC1B,,DEPDC1B,DEPDC1B,DEPDC1B,DEPDC1B,DEPDC1B,ELP4,DEPDC1B,FGF7,DEPDC1B,DEPDC1B,DEPDC1B,,DEPDC1B,DEPDC1B,,,,DEPDC1B,DEPDC1B,DEPDC1B,,MMP11,DEPDC1B,,,DEPDC1B,,DEPDC1B,DEPDC1B,,DEPDC1B,DEPDC1B,DEPDC1B,,ZNF800,DEPDC1B,,DEPDC1B,DEPDC1B,DEPDC1B,DEPDC1B,,DEPDC1B,DEPDC1B,DEPDC1B,,,DEPDC1B,,,DEPDC1B,MYOM2,DEPDC1B,,DEPDC1B,DEPDC1B,,DEPDC1B,DEPDC1B
DAPK2,TNFRSF17,DAPK2,IL37,DAPK2,,,,DAPK2,,DAPK2,,,,,NME8,,GIMAP2,,CD4,,,,,DAPK2,,DAPK2,DAPK2,,DAPK2,,DAPK2,DAPK2,,DAPK2,DAPK2,,DAPK2,DAPK2,DAPK2,,DAPK2,DAPK2,DAPK2,DAPK2,DAPK2,ZPR1,DAPK2,FGF8,DAPK2,DAPK2,DAPK2,,DAPK2,DAPK2,,,,DAPK2,DAPK2,DAPK2,,TFAP2B,DAPK2,,,DAPK2,,DAPK2,DAPK2,,DAPK2,DAPK2,DAPK2,,TNFRSF17,DAPK2,,DAPK2,DAPK2,DAPK2,DAPK2,,DAPK2,DAPK2,DAPK2,,,DAPK2,,,DAPK2,CYP46A1,DAPK2,,DAPK2,DAPK2,,DAPK2,DAPK2
NSMAF,SNX29,NSMAF,PGLYRP1,NSMAF,,,,NSMAF,,NSMAF,,,,,EPDR1,,PLA2G4C,,LRRC23,,,,,NSMAF,,NSMAF,NSMAF,,NSMAF,,NSMAF,NSMAF,,NSMAF,NSMAF,,NSMAF,NSMAF,NSMAF,,NSMAF,NSMAF,NSMAF,NSMAF,NSMAF,MTCH2,NSMAF,FGF9,NSMAF,NSMAF,NSMAF,,NSMAF,NSMAF,,,,NSMAF,NSMAF,NSMAF,,SERPINA1,NSMAF,,,NSMAF,,NSMAF,NSMAF,,NSMAF,NSMAF,NSMAF,,SNX29,NSMAF,,NSMAF,NSMAF,NSMAF,NSMAF,,NSMAF,NSMAF,NSMAF,,,NSMAF,,,NSMAF,ZZZ3,NSMAF,,NSMAF,NSMAF,,NSMAF,NSMAF
ADSS2,LMO3,ADSS2,STAB1,ADSS2,,,,ADSS2,,ADSS2,,,,,SNX10,,TFEC,,SCMH1,,,,,ADSS2,,ADSS2,ADSS2,,ADSS2,,ADSS2,ADSS2,,ADSS2,ADSS2,,ADSS2,ADSS2,ADSS2,,ADSS2,ADSS2,ADSS2,ADSS2,ADSS2,FNBP4,ADSS2,FGF10,ADSS2,ADSS2,ADSS2,,ADSS2,ADSS2,,,,ADSS2,ADSS2,ADSS2,,CDH10,ADSS2,,,ADSS2,,ADSS2,ADSS2,,ADSS2,ADSS2,ADSS2,,LMO3,ADSS2,,ADSS2,ADSS2,ADSS2,ADSS2,,ADSS2,ADSS2,ADSS2,,,ADSS2,,,ADSS2,SLC18A1,ADSS2,,ADSS2,ADSS2,,ADSS2,ADSS2
STAP1,GUCA1A,STAP1,IL6ST,STAP1,,,,STAP1,,STAP1,,,,,SEPHS1,,LTBR,,HIVEP2,,,,,STAP1,,STAP1,STAP1,,STAP1,,STAP1,STAP1,,STAP1,STAP1,,STAP1,STAP1,STAP1,,STAP1,STAP1,STAP1,STAP1,STAP1,TECTA,STAP1,FGF11,STAP1,STAP1,STAP1,,STAP1,STAP1,,,,STAP1,STAP1,STAP1,,ACTC1,STAP1,,,STAP1,,STAP1,STAP1,,STAP1,STAP1,STAP1,,GUCA1A,STAP1,,STAP1,STAP1,STAP1,STAP1,,STAP1,STAP1,STAP1,,,STAP1,,,STAP1,USP2,STAP1,,STAP1,STAP1,,STAP1,STAP1
TIMP2,RSF1,TIMP2,MMP25,TIMP2,,,,TIMP2,,TIMP2,,,,,HBQ1,,ALDH3A1,,FMO1,,,,,TIMP2,,TIMP2,TIMP2,,TIMP2,,TIMP2,TIMP2,,TIMP2,TIMP2,,TIMP2,TIMP2,TIMP2,,TIMP2,TIMP2,TIMP2,TIMP2,TIMP2,SC5D,TIMP2,FGF12,TIMP2,TIMP2,TIMP2,,TIMP2,TIMP2,,,,TIMP2,TIMP2,TIMP2,,ADAMTS1,TIMP2,,,TIMP2,,TIMP2,TIMP2,,TIMP2,TIMP2,TIMP2,,RSF1,TIMP2,,TIMP2,TIMP2,TIMP2,TIMP2,,TIMP2,TIMP2,TIMP2,,,TIMP2,,,TIMP2,CASR,TIMP2,,TIMP2,TIMP2,,TIMP2,TIMP2
RFC1,VPS13D,RFC1,TNFRSF17,RFC1,,,,RFC1,,RFC1,,,,,ITPKC,,TFEC,,ELOA,,,,,RFC1,,RFC1,RFC1,,RFC1,,RFC1,RFC1,,RFC1,RFC1,,RFC1,RFC1,RFC1,,RFC1,RFC1,RFC1,RFC1,RFC1,CRTAM,RFC1,FGF14,RFC1,RFC1,RFC1,,RFC1,RFC1,,,,RFC1,RFC1,RFC1,,MMP1,RFC1,,,RFC1,,RFC1,RFC1,,RFC1,RFC1,RFC1,,VPS13D,RFC1,,RFC1,RFC1,RFC1,RFC1,,RFC1,RFC1,RFC1,,,RFC1,,,RFC1,TUBG2,RFC1,,RFC1,RFC1,,RFC1,RFC1
TBC1D23,CELF2,TBC1D23,IL36G,TBC1D23,,,,TBC1D23,,TBC1D23,,,,,CEACAM6,,KYNU,,LYPLA2,,,,,TBC1D23,,TBC1D23,TBC1D23,,TBC1D23,,TBC1D23,TBC1D23,,TBC1D23,TBC1D23,,TBC1D23,TBC1D23,TBC1D23,,TBC1D23,TBC1D23,TBC1D23,TBC1D23,TBC1D23,JHY,TBC1D23,FGF18,TBC1D23,TBC1D23,TBC1D23,,TBC1D23,TBC1D23,,,,TBC1D23,TBC1D23,TBC1D23,,CD74,TBC1D23,,,TBC1D23,,TBC1D23,TBC1D23,,TBC1D23,TBC1D23,TBC1D23,,CELF2,TBC1D23,,TBC1D23,TBC1D23,TBC1D23,TBC1D23,,TBC1D23,TBC1D23,TBC1D23,,,TBC1D23,,,TBC1D23,FLT4,TBC1D23,,TBC1D23,TBC1D23,,TBC1D23,TBC1D23
CUL3,FAM120A,CUL3,RHBDF1,CUL3,,,,CUL3,,CUL3,,,,,FAT2,,GUCY1B1,,CLCN6,,,,,CUL3,,CUL3,CUL3,,CUL3,,CUL3,CUL3,,CUL3,CUL3,,CUL3,CUL3,CUL3,,CUL3,CUL3,CUL3,CUL3,CUL3,B3GAT1,CUL3,FGF20,CUL3,CUL3,CUL3,,CUL3,CUL3,,,,CUL3,CUL3,CUL3,,TIMP2,CUL3,,,CUL3,,CUL3,CUL3,,CUL3,CUL3,CUL3,,FAM120A,CUL3,,CUL3,CUL3,CUL3,CUL3,,CUL3,CUL3,CUL3,,,CUL3,,,CUL3,NSUN2,CUL3,,CUL3,CUL3,,CUL3,CUL3
MYOM2,R3HDM1,MYOM2,CCL21,MYOM2,,,,MYOM2,,MYOM2,,,,,RBM22,,CCL25,,NME1-NME2,,,,,MYOM2,,MYOM2,MYOM2,,MYOM2,,MYOM2,MYOM2,,MYOM2,MYOM2,,MYOM2,MYOM2,MYOM2,,MYOM2,MYOM2,MYOM2,MYOM2,MYOM2,HSPA8,MYOM2,FGF21,MYOM2,MYOM2,MYOM2,,MYOM2,MYOM2,,,,MYOM2,MYOM2,MYOM2,,GNB5,MYOM2,,,MYOM2,,MYOM2,MYOM2,,MYOM2,MYOM2,MYOM2,,R3HDM1,MYOM2,,MYOM2,MYOM2,MYOM2,MYOM2,,MYOM2,MYOM2,MYOM2,,,MYOM2,,,MYOM2,FBXO42,MYOM2,,MYOM2,MYOM2,,MYOM2,MYOM2
CYP46A1,COL9A2,CYP46A1,CCL24,CYP46A1,,,,CYP46A1,,CYP46A1,,,,,TMED2,,ACTN1,,SLC6A7,,,,,CYP46A1,,CYP46A1,CYP46A1,,CYP46A1,,CYP46A1,CYP46A1,,CYP46A1,CYP46A1,,CYP46A1,CYP46A1,CYP46A1,,CYP46A1,CYP46A1,CYP46A1,CYP46A1,CYP46A1,P2RX3,CYP46A1,FGF22,CYP46A1,CYP46A1,CYP46A1,,CYP46A1,CYP46A1,,,,CYP46A1,CYP46A1,CYP46A1,,MYLK,CYP46A1,,,CYP46A1,,CYP46A1,CYP46A1,,CYP46A1,CYP46A1,CYP46A1,,COL9A2,CYP46A1,,CYP46A1,CYP46A1,CYP46A1,CYP46A1,,CYP46A1,CYP46A1,CYP46A1,,,CYP46A1,,,CYP46A1,MFAP3,CYP46A1,,CYP46A1,CYP46A1,,CYP46A1,CYP46A1
ZZZ3,KITLG,ZZZ3,CMA1,ZZZ3,,,,ZZZ3,,ZZZ3,,,,,ERO1B,,LILRB5,,TSPAN9,,,,,ZZZ3,,ZZZ3,ZZZ3,,ZZZ3,,ZZZ3,ZZZ3,,ZZZ3,ZZZ3,,ZZZ3,ZZZ3,ZZZ3,,ZZZ3,ZZZ3,ZZZ3,ZZZ3,ZZZ3,VWA5A,ZZZ3,FGF23,ZZZ3,ZZZ3,ZZZ3,,ZZZ3,ZZZ3,,,,ZZZ3,ZZZ3,ZZZ3,,ACTN2,ZZZ3,,,ZZZ3,,ZZZ3,ZZZ3,,ZZZ3,ZZZ3,ZZZ3,,KITLG,ZZZ3,,ZZZ3,ZZZ3,ZZZ3,ZZZ3,,ZZZ3,ZZZ3,ZZZ3,,,ZZZ3,,,ZZZ3,MRI1,ZZZ3,,ZZZ3,ZZZ3,,ZZZ3,ZZZ3
SLC18A1,ERCC8,SLC18A1,CTSD,SLC18A1,,,,SLC18A1,,SLC18A1,,,,,ZFAND6,,AASS,,BTBD7,,,,,SLC18A1,,SLC18A1,SLC18A1,,SLC18A1,,SLC18A1,SLC18A1,,SLC18A1,SLC18A1,,SLC18A1,SLC18A1,SLC18A1,,SLC18A1,SLC18A1,SLC18A1,SLC18A1,SLC18A1,DNAJC4,SLC18A1,FGFR1,SLC18A1,SLC18A1,SLC18A1,,SLC18A1,SLC18A1,,,,SLC18A1,SLC18A1,SLC18A1,,ANXA13,SLC18A1,,,SLC18A1,,SLC18A1,SLC18A1,,SLC18A1,SLC18A1,SLC18A1,,ERCC8,SLC18A1,,SLC18A1,SLC18A1,SLC18A1,SLC18A1,,SLC18A1,SLC18A1,SLC18A1,,,SLC18A1,,,SLC18A1,METTL1,SLC18A1,,SLC18A1,SLC18A1,,SLC18A1,SLC18A1
USP2,ADAMTS6,USP2,LYPD3,USP2,,,,USP2,,USP2,,,,,HSD17B2,,IL17F,,APBA3,,,,,USP2,,USP2,USP2,,USP2,,USP2,USP2,,USP2,USP2,,USP2,USP2,USP2,,USP2,USP2,USP2,USP2,USP2,SIAE,USP2,FGFR2,USP2,USP2,USP2,,USP2,USP2,,,,USP2,USP2,USP2,,SERPINA10,USP2,,,USP2,,USP2,USP2,,USP2,USP2,USP2,,ADAMTS6,USP2,,USP2,USP2,USP2,USP2,,USP2,USP2,USP2,,,USP2,,,USP2,HOXC8,USP2,,USP2,USP2,,USP2,USP2
CASR,H6PD,CASR,IL34,CASR,,,,CASR,,CASR,,,,,LAT2,,MYCBP2,,MKS1,,,,,CASR,,CASR,CASR,,CASR,,CASR,CASR,,CASR,CASR,,CASR,CASR,CASR,,CASR,CASR,CASR,CASR,CASR,SNX15,CASR,FGFR3,CASR,CASR,CASR,,CASR,CASR,,,,CASR,CASR,CASR,,ARHGAP1,CASR,,,CASR,,CASR,CASR,,CASR,CASR,CASR,,H6PD,CASR,,CASR,CASR,CASR,CASR,,CASR,CASR,CASR,,,CASR,,,CASR,AGA,CASR,,CASR,CASR,,CASR,CASR
TUBG2,VAMP3,TUBG2,CST3,TUBG2,,,,TUBG2,,TUBG2,,,,,ZW10,,TFEC,,ABHD5,,,,,TUBG2,,TUBG2,TUBG2,,TUBG2,,TUBG2,TUBG2,,TUBG2,TUBG2,,TUBG2,TUBG2,TUBG2,,TUBG2,TUBG2,TUBG2,TUBG2,TUBG2,LPXN,TUBG2,FGFR4,TUBG2,TUBG2,TUBG2,,TUBG2,TUBG2,,,,TUBG2,TUBG2,TUBG2,,PTPN6,TUBG2,,,TUBG2,,TUBG2,TUBG2,,TUBG2,TUBG2,TUBG2,,VAMP3,TUBG2,,TUBG2,TUBG2,TUBG2,TUBG2,,TUBG2,TUBG2,TUBG2,,,TUBG2,,,TUBG2,PI4K2B,TUBG2,,TUBG2,TUBG2,,TUBG2,TUBG2
FLT4,PER3,FLT4,LTA,FLT4,,,,FLT4,,FLT4,,,,,ALG9,,TNFRSF17,,AKAP8L,,,,,FLT4,,FLT4,FLT4,,FLT4,,FLT4,FLT4,,FLT4,FLT4,,FLT4,FLT4,FLT4,,FLT4,FLT4,FLT4,FLT4,FLT4,DTX4,FLT4,FH,FLT4,FLT4,FLT4,,FLT4,FLT4,,,,FLT4,FLT4,FLT4,,ADRB1,FLT4,,,FLT4,,FLT4,FLT4,,FLT4,FLT4,FLT4,,PER3,FLT4,,FLT4,FLT4,FLT4,FLT4,,FLT4,FLT4,FLT4,,,FLT4,,,FLT4,BOD1L1,FLT4,,FLT4,FLT4,,FLT4,FLT4
NSUN2,UTS2,NSUN2,LILRB3,NSUN2,,,,NSUN2,,NSUN2,,,,,MYBPC2,,KYNU,,MBTD1,,,,,NSUN2,,NSUN2,NSUN2,,NSUN2,,NSUN2,NSUN2,,NSUN2,NSUN2,,NSUN2,NSUN2,NSUN2,,NSUN2,NSUN2,NSUN2,NSUN2,NSUN2,ATG2A,NSUN2,FHIT,NSUN2,NSUN2,NSUN2,,NSUN2,NSUN2,,,,NSUN2,NSUN2,NSUN2,,ADAMTS2,NSUN2,,,NSUN2,,NSUN2,NSUN2,,NSUN2,NSUN2,NSUN2,,UTS2,NSUN2,,NSUN2,NSUN2,NSUN2,NSUN2,,NSUN2,NSUN2,NSUN2,,,NSUN2,,,NSUN2,MAT2B,NSUN2,,NSUN2,NSUN2,,NSUN2,NSUN2
FBXO42,TNFRSF9,FBXO42,FCER2,FBXO42,,,,FBXO42,,FBXO42,,,,,NOX4,,LILRB1,,UTP18,,,,,FBXO42,,FBXO42,FBXO42,,FBXO42,,FBXO42,FBXO42,,FBXO42,FBXO42,,FBXO42,FBXO42,FBXO42,,FBXO42,FBXO42,FBXO42,FBXO42,FBXO42,EHD1,FBXO42,FHL2,FBXO42,FBXO42,FBXO42,,FBXO42,FBXO42,,,,FBXO42,FBXO42,FBXO42,,TFEC,FBXO42,,,FBXO42,,FBXO42,FBXO42,,FBXO42,FBXO42,FBXO42,,TNFRSF9,FBXO42,,FBXO42,FBXO42,FBXO42,FBXO42,,FBXO42,FBXO42,FBXO42,,,FBXO42,,,FBXO42,TLL1,FBXO42,,FBXO42,FBXO42,,FBXO42,FBXO42
MFAP3,EPN3,MFAP3,LYVE1,MFAP3,,,,MFAP3,,MFAP3,,,,,ACOX3,,TNFSF9,,RNF216,,,,,MFAP3,,MFAP3,MFAP3,,MFAP3,,MFAP3,MFAP3,,MFAP3,MFAP3,,MFAP3,MFAP3,MFAP3,,MFAP3,MFAP3,MFAP3,MFAP3,MFAP3,OSBP,MFAP3,FHL5,MFAP3,MFAP3,MFAP3,,MFAP3,MFAP3,,,,MFAP3,MFAP3,MFAP3,,PTPRC,MFAP3,,,MFAP3,,MFAP3,MFAP3,,MFAP3,MFAP3,MFAP3,,EPN3,MFAP3,,MFAP3,MFAP3,MFAP3,MFAP3,,MFAP3,MFAP3,MFAP3,,,MFAP3,,,MFAP3,EDC4,MFAP3,,MFAP3,MFAP3,,MFAP3,MFAP3
MRI1,LTBP1,MRI1,CD209,MRI1,,,,MRI1,,MRI1,,,,,MTMR2,,TNFSF11,,TTC19,,,,,MRI1,,MRI1,MRI1,,MRI1,,MRI1,MRI1,,MRI1,MRI1,,MRI1,MRI1,MRI1,,MRI1,MRI1,MRI1,MRI1,MRI1,UNC93B1,MRI1,FIBP,MRI1,MRI1,MRI1,,MRI1,MRI1,,,,MRI1,MRI1,MRI1,,PDK2,MRI1,,,MRI1,,MRI1,MRI1,,MRI1,MRI1,MRI1,,LTBP1,MRI1,,MRI1,MRI1,MRI1,MRI1,,MRI1,MRI1,MRI1,,,MRI1,,,MRI1,TRIO,MRI1,,MRI1,MRI1,,MRI1,MRI1
METTL1,RCN1,METTL1,SLA2,METTL1,,,,METTL1,,METTL1,,,,,PPP1R15A,,CX3CL1,,PTBP1,,,,,METTL1,,METTL1,METTL1,,METTL1,,METTL1,METTL1,,METTL1,METTL1,,METTL1,METTL1,METTL1,,METTL1,METTL1,METTL1,METTL1,METTL1,PUS3,METTL1,FOS,METTL1,METTL1,METTL1,,METTL1,METTL1,,,,METTL1,METTL1,METTL1,,PRKCH,METTL1,,,METTL1,,METTL1,METTL1,,METTL1,METTL1,METTL1,,RCN1,METTL1,,METTL1,METTL1,METTL1,METTL1,,METTL1,METTL1,METTL1,,,METTL1,,,METTL1,VCAN,METTL1,,METTL1,METTL1,,METTL1,METTL1
HOXC8,RFC2,HOXC8,IL21R,HOXC8,,,,HOXC8,,HOXC8,,,,,HSD17B14,,GCLM,,DPF1,,,,,HOXC8,,HOXC8,HOXC8,,HOXC8,,HOXC8,HOXC8,,HOXC8,HOXC8,,HOXC8,HOXC8,HOXC8,,HOXC8,HOXC8,HOXC8,HOXC8,HOXC8,DCPS,HOXC8,FOSL2,HOXC8,HOXC8,HOXC8,,HOXC8,HOXC8,,,,HOXC8,HOXC8,HOXC8,,UPP2,HOXC8,,,HOXC8,,HOXC8,HOXC8,,HOXC8,HOXC8,HOXC8,,ELN,HOXC8,,HOXC8,HOXC8,HOXC8,HOXC8,,HOXC8,HOXC8,HOXC8,,,HOXC8,,,HOXC8,CLEC16A,HOXC8,,HOXC8,HOXC8,,HOXC8,HOXC8
AGA,ARID1B,AGA,MYLK,AGA,,,,AGA,,AGA,,,,,TRIP6,,SLC7A2,,SYT7,,,,,AGA,,AGA,AGA,,AGA,,AGA,AGA,,AGA,AGA,,AGA,AGA,AGA,,AGA,AGA,AGA,AGA,AGA,KMT5B,AGA,FOXA1,AGA,AGA,AGA,,AGA,AGA,,,,AGA,AGA,AGA,,RHOB,AGA,,,AGA,,AGA,AGA,,AGA,AGA,AGA,,RFC2,AGA,,AGA,AGA,AGA,AGA,,AGA,AGA,AGA,,,AGA,,,AGA,MSR1,AGA,,AGA,AGA,,AGA,AGA
PI4K2B,CLPTM1L,PI4K2B,ADAM2,PI4K2B,,,,PI4K2B,,PI4K2B,,,,,ACHE,,TNFRSF12A,,PIK3C2A,,,,,PI4K2B,,PI4K2B,PI4K2B,,PI4K2B,,PI4K2B,PI4K2B,,PI4K2B,PI4K2B,,PI4K2B,PI4K2B,PI4K2B,,PI4K2B,PI4K2B,PI4K2B,PI4K2B,PI4K2B,FOXRED1,PI4K2B,FOXC1,PI4K2B,PI4K2B,PI4K2B,,PI4K2B,PI4K2B,,,,PI4K2B,PI4K2B,PI4K2B,,IL1A,PI4K2B,,,PI4K2B,,PI4K2B,PI4K2B,,PI4K2B,PI4K2B,PI4K2B,,ARID1B,PI4K2B,,PI4K2B,PI4K2B,PI4K2B,PI4K2B,,PI4K2B,PI4K2B,PI4K2B,,,PI4K2B,,,PI4K2B,CDH1,PI4K2B,,PI4K2B,PI4K2B,,PI4K2B,PI4K2B
BOD1L1,NEDD4L,BOD1L1,TNFSF13B,BOD1L1,,,,BOD1L1,,BOD1L1,,,,,FTL,,TFEC,,PLAUR,,,,,BOD1L1,,BOD1L1,BOD1L1,,BOD1L1,,BOD1L1,BOD1L1,,BOD1L1,BOD1L1,,BOD1L1,BOD1L1,BOD1L1,,BOD1L1,BOD1L1,BOD1L1,BOD1L1,BOD1L1,PPP6R3,BOD1L1,FOXC2,BOD1L1,BOD1L1,BOD1L1,,BOD1L1,BOD1L1,,,,BOD1L1,BOD1L1,BOD1L1,,IL2RA,BOD1L1,,,BOD1L1,,BOD1L1,BOD1L1,,BOD1L1,BOD1L1,BOD1L1,,CLPTM1L,BOD1L1,,BOD1L1,BOD1L1,BOD1L1,BOD1L1,,BOD1L1,BOD1L1,BOD1L1,,,BOD1L1,,,BOD1L1,MTREX,BOD1L1,,BOD1L1,BOD1L1,,BOD1L1,BOD1L1
MAT2B,HEXB,MAT2B,CX3CL1,MAT2B,,,,MAT2B,,MAT2B,,,,,SRRT,,CCL8,,ANLN,,,,,MAT2B,,MAT2B,MAT2B,,MAT2B,,MAT2B,MAT2B,,MAT2B,MAT2B,,MAT2B,MAT2B,MAT2B,,MAT2B,MAT2B,MAT2B,MAT2B,MAT2B,NRXN2,MAT2B,FOXD2,MAT2B,MAT2B,MAT2B,,MAT2B,MAT2B,,,,MAT2B,MAT2B,MAT2B,,CAMK1G,MAT2B,,,MAT2B,,MAT2B,MAT2B,,MAT2B,MAT2B,MAT2B,,NEDD4L,MAT2B,,MAT2B,MAT2B,MAT2B,MAT2B,,MAT2B,MAT2B,MAT2B,,,MAT2B,,,MAT2B,DNAH5,MAT2B,,MAT2B,MAT2B,,MAT2B,MAT2B
TLL1,PTCD2,TLL1,SERPINB6,TLL1,,,,TLL1,,TLL1,,,,,BAX,,SLC39A9,,WIZ,,,,,TLL1,,TLL1,TLL1,,TLL1,,TLL1,TLL1,,TLL1,TLL1,,TLL1,TLL1,TLL1,,TLL1,TLL1,TLL1,TLL1,TLL1,MS4A6A,TLL1,FOXF1,TLL1,TLL1,TLL1,,TLL1,TLL1,,,,TLL1,TLL1,TLL1,,IL17A,TLL1,,,TLL1,,TLL1,TLL1,,TLL1,TLL1,TLL1,,HEXB,TLL1,,TLL1,TLL1,TLL1,TLL1,,TLL1,TLL1,TLL1,,,TLL1,,,TLL1,ZFYVE16,TLL1,,TLL1,TLL1,,TLL1,TLL1
EDC4,JKAMP,EDC4,C5,EDC4,,,,EDC4,,EDC4,,,,,NLK,,TFEC,,RABGAP1,,,,,EDC4,,EDC4,EDC4,,EDC4,,EDC4,EDC4,,EDC4,EDC4,,EDC4,EDC4,EDC4,,EDC4,EDC4,EDC4,EDC4,EDC4,MS4A4A,EDC4,FOXJ1,EDC4,EDC4,EDC4,,EDC4,EDC4,,,,EDC4,EDC4,EDC4,,CD38,EDC4,,,EDC4,,EDC4,EDC4,,EDC4,EDC4,EDC4,,PTCD2,EDC4,,EDC4,EDC4,EDC4,EDC4,,EDC4,EDC4,EDC4,,,EDC4,,,EDC4,RIPOR1,EDC4,,EDC4,EDC4,,EDC4,EDC4
TRIO,DKK3,TRIO,CPS1,TRIO,,,,TRIO,,TRIO,,,,,PIGS,,CYTH2,,DCN,,,,,TRIO,,TRIO,TRIO,,TRIO,,TRIO,TRIO,,TRIO,TRIO,,TRIO,TRIO,TRIO,,TRIO,TRIO,TRIO,TRIO,TRIO,ST3GAL4,TRIO,FOXJ2,TRIO,TRIO,TRIO,,TRIO,TRIO,,,,TRIO,TRIO,TRIO,,FCGR2B,TRIO,,,TRIO,,TRIO,TRIO,,TRIO,TRIO,TRIO,,JKAMP,TRIO,,TRIO,TRIO,TRIO,TRIO,,TRIO,TRIO,TRIO,,,TRIO,,,TRIO,C6,TRIO,,TRIO,TRIO,,TRIO,TRIO
VCAN,ARHGEF5,VCAN,CD79B,VCAN,,,,VCAN,,VCAN,,,,,ADAMTS2,,RHOBTB1,,QPCTL,,,,,VCAN,,VCAN,VCAN,,VCAN,,VCAN,VCAN,,VCAN,VCAN,,VCAN,VCAN,VCAN,,VCAN,VCAN,VCAN,VCAN,VCAN,CPT1A,VCAN,FOXK1,VCAN,VCAN,VCAN,,VCAN,VCAN,,,,VCAN,VCAN,VCAN,,ALAS1,VCAN,,,VCAN,,VCAN,VCAN,,VCAN,VCAN,VCAN,,DKK3,VCAN,,VCAN,VCAN,VCAN,VCAN,,VCAN,VCAN,VCAN,,,VCAN,,,VCAN,RAI14,VCAN,,VCAN,VCAN,,VCAN,VCAN
CLEC16A,NFE2L3,CLEC16A,BAIAP3,CLEC16A,,,,CLEC16A,,CLEC16A,,,,,TMPRSS11E,,GNAI3,,PPP5C,,,,,CLEC16A,,CLEC16A,CLEC16A,,CLEC16A,,CLEC16A,CLEC16A,,CLEC16A,CLEC16A,,CLEC16A,CLEC16A,CLEC16A,,CLEC16A,CLEC16A,CLEC16A,CLEC16A,CLEC16A,CCND1,CLEC16A,FOXN1,CLEC16A,CLEC16A,CLEC16A,,CLEC16A,CLEC16A,,,,CLEC16A,CLEC16A,CLEC16A,,TNFRSF17,CLEC16A,,,CLEC16A,,CLEC16A,CLEC16A,,CLEC16A,CLEC16A,CLEC16A,,ARHGEF5,CLEC16A,,CLEC16A,CLEC16A,CLEC16A,CLEC16A,,CLEC16A,CLEC16A,CLEC16A,,,CLEC16A,,,CLEC16A,SOX30,CLEC16A,,CLEC16A,CLEC16A,,CLEC16A,CLEC16A
MSR1,MCUR1,MSR1,AASS,MSR1,,,,MSR1,,MSR1,,,,,ATXN7L3,,KYNU,,CEP68,,,,,MSR1,,MSR1,MSR1,,MSR1,,MSR1,MSR1,,MSR1,MSR1,,MSR1,MSR1,MSR1,,MSR1,MSR1,MSR1,MSR1,MSR1,CCDC86,MSR1,FOXN3,MSR1,MSR1,MSR1,,MSR1,MSR1,,,,MSR1,MSR1,MSR1,,FCGR2A,MSR1,,,MSR1,,MSR1,MSR1,,MSR1,MSR1,MSR1,,NFE2L3,MSR1,,MSR1,MSR1,MSR1,MSR1,,MSR1,MSR1,MSR1,,,MSR1,,,MSR1,PNKP,MSR1,,MSR1,MSR1,,MSR1,MSR1
CDH1,LIMA1,CDH1,PLEKHG6,CDH1,,,,CDH1,,CDH1,,,,,PGS1,,TFRC,,MAP4K3,,,,,CDH1,,CDH1,CDH1,,CDH1,,CDH1,CDH1,,CDH1,CDH1,,CDH1,CDH1,CDH1,,CDH1,CDH1,CDH1,CDH1,CDH1,PRPF19,CDH1,FOXRED1,CDH1,CDH1,CDH1,,CDH1,CDH1,,,,CDH1,CDH1,CDH1,,THAP3,CDH1,,,CDH1,,CDH1,CDH1,,CDH1,CDH1,CDH1,,MCUR1,CDH1,,CDH1,CDH1,CDH1,CDH1,,CDH1,CDH1,CDH1,,,CDH1,,,CDH1,BEST2,CDH1,,CDH1,CDH1,,CDH1,CDH1
MTREX,LETMD1,MTREX,IL1A,MTREX,,,,MTREX,,MTREX,,,,,PSMC5,,GIMAP7,,ZBTB32,,,,,MTREX,,MTREX,MTREX,,MTREX,,MTREX,MTREX,,MTREX,MTREX,,MTREX,MTREX,MTREX,,MTREX,MTREX,MTREX,MTREX,MTREX,TMEM109,MTREX,FOXRED2,MTREX,MTREX,MTREX,,MTREX,MTREX,,,,MTREX,MTREX,MTREX,,FYN,MTREX,,,MTREX,,MTREX,MTREX,,MTREX,MTREX,MTREX,,LIMA1,MTREX,,MTREX,MTREX,MTREX,MTREX,,MTREX,MTREX,MTREX,,,MTREX,,,MTREX,PHLPP2,MTREX,,MTREX,MTREX,,MTREX,MTREX
DNAH5,SLC4A8,DNAH5,C5orf22,DNAH5,,,,DNAH5,,DNAH5,,,,,UIMC1,,TFEC,,TYROBP,,,,,DNAH5,,DNAH5,DNAH5,,DNAH5,,DNAH5,DNAH5,,DNAH5,DNAH5,,DNAH5,DNAH5,DNAH5,,DNAH5,DNAH5,DNAH5,DNAH5,DNAH5,CCKBR,DNAH5,FOXO3,DNAH5,DNAH5,DNAH5,,DNAH5,DNAH5,,,,DNAH5,DNAH5,DNAH5,,DBP,DNAH5,,,DNAH5,,DNAH5,DNAH5,,DNAH5,DNAH5,DNAH5,,LETMD1,DNAH5,,DNAH5,DNAH5,DNAH5,DNAH5,,DNAH5,DNAH5,DNAH5,,,DNAH5,,,DNAH5,SPDL1,DNAH5,,DNAH5,DNAH5,,DNAH5,DNAH5
ZFYVE16,LAMC3,ZFYVE16,MYLK2,ZFYVE16,,,,ZFYVE16,,ZFYVE16,,,,,CETP,,CD48,,TMEM159,,,,,ZFYVE16,,ZFYVE16,ZFYVE16,,ZFYVE16,,ZFYVE16,ZFYVE16,,ZFYVE16,ZFYVE16,,ZFYVE16,ZFYVE16,ZFYVE16,,ZFYVE16,ZFYVE16,ZFYVE16,ZFYVE16,ZFYVE16,HPX,ZFYVE16,FOXP1,ZFYVE16,ZFYVE16,ZFYVE16,,ZFYVE16,ZFYVE16,,,,ZFYVE16,ZFYVE16,ZFYVE16,,CDH10,ZFYVE16,,,ZFYVE16,,ZFYVE16,ZFYVE16,,ZFYVE16,ZFYVE16,ZFYVE16,,SLC4A8,ZFYVE16,,ZFYVE16,ZFYVE16,ZFYVE16,ZFYVE16,,ZFYVE16,ZFYVE16,ZFYVE16,,,ZFYVE16,,,ZFYVE16,STAU2,ZFYVE16,,ZFYVE16,ZFYVE16,,ZFYVE16,ZFYVE16
RIPOR1,PTGER3,RIPOR1,ICAM1,RIPOR1,,,,RIPOR1,,RIPOR1,,,,,MMP2,,LY75,,BRCA1,,,,,RIPOR1,,RIPOR1,RIPOR1,,RIPOR1,,RIPOR1,RIPOR1,,RIPOR1,RIPOR1,,RIPOR1,RIPOR1,RIPOR1,,RIPOR1,RIPOR1,RIPOR1,RIPOR1,RIPOR1,TRIM3,RIPOR1,FOXP2,RIPOR1,RIPOR1,RIPOR1,,RIPOR1,RIPOR1,,,,RIPOR1,RIPOR1,RIPOR1,,DHODH,RIPOR1,,,RIPOR1,,RIPOR1,RIPOR1,,RIPOR1,RIPOR1,RIPOR1,,LAMC3,RIPOR1,,RIPOR1,RIPOR1,RIPOR1,RIPOR1,,RIPOR1,RIPOR1,RIPOR1,,,RIPOR1,,,RIPOR1,SLC66A1,RIPOR1,,RIPOR1,RIPOR1,,RIPOR1,RIPOR1
C6,TNIP3,C6,RCN2,C6,,,,C6,,C6,,,,,MT3,,OSGEP,,ERCC1,,,,,C6,,C6,C6,,C6,,C6,C6,,C6,C6,,C6,C6,C6,,C6,C6,C6,C6,C6,CHORDC1,C6,FOXP4,C6,C6,C6,,C6,C6,,,,C6,C6,C6,,TFEC,C6,,,C6,,C6,C6,,C6,C6,C6,,PTGER3,C6,,C6,C6,C6,C6,,C6,C6,C6,,,C6,,,C6,CTNS,C6,,C6,C6,,C6,C6
RAI14,MAPK9,RAI14,LAG3,RAI14,,,,RAI14,,RAI14,,,,,LPCAT2,,IL2RA,,CD22,,,,,RAI14,,RAI14,RAI14,,RAI14,,RAI14,RAI14,,RAI14,RAI14,,RAI14,RAI14,RAI14,,RAI14,RAI14,RAI14,RAI14,RAI14,FOLR1,RAI14,FOXI1,RAI14,RAI14,RAI14,,RAI14,RAI14,,,,RAI14,RAI14,RAI14,,ARHGAP1,RAI14,,,RAI14,,RAI14,RAI14,,RAI14,RAI14,RAI14,,TNIP3,RAI14,,RAI14,RAI14,RAI14,RAI14,,RAI14,RAI14,RAI14,,,RAI14,,,RAI14,RTN4R,RAI14,,RAI14,RAI14,,RAI14,RAI14
SOX30,COL23A1,SOX30,AASS,SOX30,,,,SOX30,,SOX30,,,,,GNAO1,,AHR,,SEMA3B,,,,,SOX30,,SOX30,SOX30,,SOX30,,SOX30,SOX30,,SOX30,SOX30,,SOX30,SOX30,SOX30,,SOX30,SOX30,SOX30,SOX30,SOX30,ANAPC15,SOX30,FRAS1,SOX30,SOX30,SOX30,,SOX30,SOX30,,,,SOX30,SOX30,SOX30,,ADRB1,SOX30,,,SOX30,,SOX30,SOX30,,SOX30,SOX30,SOX30,,MAPK9,SOX30,,SOX30,SOX30,SOX30,SOX30,,SOX30,SOX30,SOX30,,,SOX30,,,SOX30,PHF23,SOX30,,SOX30,SOX30,,SOX30,SOX30
PNKP,BCAR1,PNKP,TNFSF13,PNKP,,,,PNKP,,PNKP,,,,,OGFOD1,,C1QTNF3,,EXTL3,,,,,PNKP,,PNKP,PNKP,,PNKP,,PNKP,PNKP,,PNKP,PNKP,,PNKP,PNKP,PNKP,,PNKP,PNKP,PNKP,PNKP,PNKP,FOLR3,PNKP,FRK,PNKP,PNKP,PNKP,,PNKP,PNKP,,,,PNKP,PNKP,PNKP,,CD74,PNKP,,,PNKP,,PNKP,PNKP,,PNKP,PNKP,PNKP,,COL23A1,PNKP,,PNKP,PNKP,PNKP,PNKP,,PNKP,PNKP,PNKP,,,PNKP,,,PNKP,CDH10,PNKP,,PNKP,PNKP,,PNKP,PNKP
BEST2,FAM160A2,BEST2,PGLYRP1,BEST2,,,,BEST2,,BEST2,,,,,SH3BP2,,SPEN,,NR1H4,,,,,BEST2,,BEST2,BEST2,,BEST2,,BEST2,BEST2,,BEST2,BEST2,,BEST2,BEST2,BEST2,,BEST2,BEST2,BEST2,BEST2,BEST2,PANX1,BEST2,FRMD1,BEST2,BEST2,BEST2,,BEST2,BEST2,,,,BEST2,BEST2,BEST2,,PTPRC,BEST2,,,BEST2,,BEST2,BEST2,,BEST2,BEST2,BEST2,,BCAR1,BEST2,,BEST2,BEST2,BEST2,BEST2,,BEST2,BEST2,BEST2,,,BEST2,,,BEST2,INPP4A,BEST2,,BEST2,BEST2,,BEST2,BEST2
PHLPP2,HERPUD1,PHLPP2,FCER1G,PHLPP2,,,,PHLPP2,,PHLPP2,,,,,NOP14,,LGALS8,,ELOVL5,,,,,PHLPP2,,PHLPP2,PHLPP2,,PHLPP2,,PHLPP2,PHLPP2,,PHLPP2,PHLPP2,,PHLPP2,PHLPP2,PHLPP2,,PHLPP2,PHLPP2,PHLPP2,PHLPP2,PHLPP2,ARHGEF17,PHLPP2,FRMD4A,PHLPP2,PHLPP2,PHLPP2,,PHLPP2,PHLPP2,,,,PHLPP2,PHLPP2,PHLPP2,,LIG3,PHLPP2,,,PHLPP2,,PHLPP2,PHLPP2,,PHLPP2,PHLPP2,PHLPP2,,FAM160A2,PHLPP2,,PHLPP2,PHLPP2,PHLPP2,PHLPP2,,PHLPP2,PHLPP2,PHLPP2,,,PHLPP2,,,PHLPP2,RAB27B,PHLPP2,,PHLPP2,PHLPP2,,PHLPP2,PHLPP2
SPDL1,HOMER3,SPDL1,PPM1A,SPDL1,,,,SPDL1,,SPDL1,,,,,ADD1,,IFIT3,,ALOX5,,,,,SPDL1,,SPDL1,SPDL1,,SPDL1,,SPDL1,SPDL1,,SPDL1,SPDL1,,SPDL1,SPDL1,SPDL1,,SPDL1,SPDL1,SPDL1,SPDL1,SPDL1,APOA5,SPDL1,FRMD4B,SPDL1,SPDL1,SPDL1,,SPDL1,SPDL1,,,,SPDL1,SPDL1,SPDL1,,UPP2,SPDL1,,,SPDL1,,SPDL1,SPDL1,,SPDL1,SPDL1,SPDL1,,HERPUD1,SPDL1,,SPDL1,SPDL1,SPDL1,SPDL1,,SPDL1,SPDL1,SPDL1,,,SPDL1,,,SPDL1,PSMA4,SPDL1,,SPDL1,SPDL1,,SPDL1,SPDL1
STAU2,POLQ,STAU2,IL17RE,STAU2,,,,STAU2,,STAU2,,,,,L2HGDH,,RUNX3,,CALCOCO1,,,,,STAU2,,STAU2,STAU2,,STAU2,,STAU2,STAU2,,STAU2,STAU2,,STAU2,STAU2,STAU2,,STAU2,STAU2,STAU2,STAU2,STAU2,APOA4,STAU2,FRMD5,STAU2,STAU2,STAU2,,STAU2,STAU2,,,,STAU2,STAU2,STAU2,,ALDH1A1,STAU2,,,STAU2,,STAU2,STAU2,,STAU2,STAU2,STAU2,,HOMER3,STAU2,,STAU2,STAU2,STAU2,STAU2,,STAU2,STAU2,STAU2,,,STAU2,,,STAU2,MYO16,STAU2,,STAU2,STAU2,,STAU2,STAU2
SLC66A1,PIK3CB,SLC66A1,SS18L2,SLC66A1,,,,SLC66A1,,SLC66A1,,,,,TXNDC16,,AASS,,UBR7,,,,,SLC66A1,,SLC66A1,SLC66A1,,SLC66A1,,SLC66A1,SLC66A1,,SLC66A1,SLC66A1,,SLC66A1,SLC66A1,SLC66A1,,SLC66A1,SLC66A1,SLC66A1,SLC66A1,SLC66A1,APOC3,SLC66A1,FRMD6,SLC66A1,SLC66A1,SLC66A1,,SLC66A1,SLC66A1,,,,SLC66A1,SLC66A1,SLC66A1,,ACTN4,SLC66A1,,,SLC66A1,,SLC66A1,SLC66A1,,SLC66A1,SLC66A1,SLC66A1,,RAD51,SLC66A1,,SLC66A1,SLC66A1,SLC66A1,SLC66A1,,SLC66A1,SLC66A1,SLC66A1,,,SLC66A1,,,SLC66A1,LSG1,SLC66A1,,SLC66A1,SLC66A1,,SLC66A1,SLC66A1
CTNS,CYBA,CTNS,ITGAL,CTNS,,,,CTNS,,CTNS,,,,,RTRAF,,ASB4,,MAP4K5,,,,,CTNS,,CTNS,CTNS,,CTNS,,CTNS,CTNS,,CTNS,CTNS,,CTNS,CTNS,CTNS,,CTNS,CTNS,CTNS,CTNS,CTNS,CEP164,CTNS,FRMD8,CTNS,CTNS,CTNS,,CTNS,CTNS,,,,CTNS,CTNS,CTNS,,ITGAL,CTNS,,,CTNS,,CTNS,CTNS,,CTNS,CTNS,CTNS,,POLQ,CTNS,,CTNS,CTNS,CTNS,CTNS,,CTNS,CTNS,CTNS,,,CTNS,,,CTNS,PARP3,CTNS,,CTNS,CTNS,,CTNS,CTNS
RTN4R,THOC3,RTN4R,CD79A,RTN4R,,,,RTN4R,,RTN4R,,,,,NID2,,CCL11,,EHD3,,,,,RTN4R,,RTN4R,RTN4R,,RTN4R,,RTN4R,RTN4R,,RTN4R,RTN4R,,RTN4R,RTN4R,RTN4R,,RTN4R,RTN4R,RTN4R,RTN4R,RTN4R,RNF141,RTN4R,FRMPD1,RTN4R,RTN4R,RTN4R,,RTN4R,RTN4R,,,,RTN4R,RTN4R,RTN4R,,TFAP2B,RTN4R,,,RTN4R,,RTN4R,RTN4R,,RTN4R,RTN4R,RTN4R,,PIK3CB,RTN4R,,RTN4R,RTN4R,RTN4R,RTN4R,,RTN4R,RTN4R,RTN4R,,,RTN4R,,,RTN4R,TNC,RTN4R,,RTN4R,RTN4R,,RTN4R,RTN4R
PHF23,HEBP2,PHF23,PLA2G4A,PHF23,,,,PHF23,,PHF23,,,,,GMCL1,,SLC7A2,,PSMC4,,,,,PHF23,,PHF23,PHF23,,PHF23,,PHF23,PHF23,,PHF23,PHF23,,PHF23,PHF23,PHF23,,PHF23,PHF23,PHF23,PHF23,PHF23,CEP126,PHF23,FRMPD2B,PHF23,PHF23,PHF23,,PHF23,PHF23,,,,PHF23,PHF23,PHF23,,TF,PHF23,,,PHF23,,PHF23,PHF23,,PHF23,PHF23,PHF23,,CYBA,PHF23,,PHF23,PHF23,PHF23,PHF23,,PHF23,PHF23,PHF23,,,PHF23,,,PHF23,THAP3,PHF23,,PHF23,PHF23,,PHF23,PHF23
CDH10,MPHOSPH9,CDH10,PLEKHA1,CDH10,,,,CDH10,,CDH10,,,,,SF3B2,,FGL1,,MAN2B2,,,,,CDH10,,CDH10,CDH10,,CDH10,,CDH10,CDH10,,CDH10,CDH10,,CDH10,CDH10,CDH10,,CDH10,CDH10,CDH10,CDH10,CDH10,EIF4G2,CDH10,FRMPD2,CDH10,CDH10,CDH10,,CDH10,CDH10,,,,CDH10,CDH10,CDH10,,,CDH10,,,CDH10,,CDH10,CDH10,,CDH10,CDH10,CDH10,,THOC3,CDH10,,CDH10,CDH10,CDH10,CDH10,,CDH10,CDH10,CDH10,,,CDH10,,,CDH10,RIPOR3,CDH10,,CDH10,CDH10,,CDH10,CDH10
INPP4A,PLEKHA5,INPP4A,ASB1,INPP4A,,,,INPP4A,,INPP4A,,,,,KLHL42,,RUNX1T1,,SLC7A14,,,,,INPP4A,,INPP4A,INPP4A,,INPP4A,,INPP4A,INPP4A,,INPP4A,INPP4A,,INPP4A,INPP4A,INPP4A,,INPP4A,INPP4A,INPP4A,INPP4A,INPP4A,IL10RA,INPP4A,FRY,INPP4A,INPP4A,INPP4A,,INPP4A,INPP4A,,,,INPP4A,INPP4A,INPP4A,,,INPP4A,,,INPP4A,,INPP4A,INPP4A,,INPP4A,INPP4A,INPP4A,,HEBP2,INPP4A,,INPP4A,INPP4A,INPP4A,INPP4A,,INPP4A,INPP4A,INPP4A,,,INPP4A,,,INPP4A,TDP1,INPP4A,,INPP4A,INPP4A,,INPP4A,INPP4A
RAB27B,PRSS8,RAB27B,MS4A12,RAB27B,,,,RAB27B,,RAB27B,,,,,GNAS,,ADAMTS6,,CLDN11,,,,,RAB27B,,RAB27B,RAB27B,,RAB27B,,RAB27B,RAB27B,,RAB27B,RAB27B,,RAB27B,RAB27B,RAB27B,,RAB27B,RAB27B,RAB27B,RAB27B,RAB27B,GALNT18,RAB27B,FRYL,RAB27B,RAB27B,RAB27B,,RAB27B,RAB27B,,,,RAB27B,RAB27B,RAB27B,,,RAB27B,,,RAB27B,,RAB27B,RAB27B,,RAB27B,RAB27B,RAB27B,,MPHOSPH9,RAB27B,,RAB27B,RAB27B,RAB27B,RAB27B,,RAB27B,RAB27B,RAB27B,,,RAB27B,,,RAB27B,AIFM2,RAB27B,,RAB27B,RAB27B,,RAB27B,RAB27B
PSMA4,SIKE1,PSMA4,LILRA1,PSMA4,,,,PSMA4,,PSMA4,,,,,DNM1L,,IL17A,,SLC25A39,,,,,PSMA4,,PSMA4,PSMA4,,PSMA4,,PSMA4,PSMA4,,PSMA4,PSMA4,,PSMA4,PSMA4,PSMA4,,PSMA4,PSMA4,PSMA4,PSMA4,PSMA4,BIRC2,PSMA4,FSCN1,PSMA4,PSMA4,PSMA4,,PSMA4,PSMA4,,,,PSMA4,PSMA4,PSMA4,,,PSMA4,,,PSMA4,,PSMA4,PSMA4,,PSMA4,PSMA4,PSMA4,,PLEKHA5,PSMA4,,PSMA4,PSMA4,PSMA4,PSMA4,,PSMA4,PSMA4,PSMA4,,,PSMA4,,,PSMA4,SPATA7,PSMA4,,PSMA4,PSMA4,,PSMA4,PSMA4
MYO16,RRP12,MYO16,ITIH4,MYO16,,,,MYO16,,MYO16,,,,,PTHLH,,MPO,,MVP,,,,,MYO16,,MYO16,MYO16,,MYO16,,MYO16,MYO16,,MYO16,MYO16,,MYO16,MYO16,MYO16,,MYO16,MYO16,MYO16,MYO16,MYO16,UBE4A,MYO16,FSCN3,MYO16,MYO16,MYO16,,MYO16,MYO16,,,,MYO16,MYO16,MYO16,,,MYO16,,,MYO16,,MYO16,MYO16,,MYO16,MYO16,MYO16,,PRSS8,MYO16,,MYO16,MYO16,MYO16,MYO16,,MYO16,MYO16,MYO16,,,MYO16,,,MYO16,MED17,MYO16,,MYO16,MYO16,,MYO16,MYO16
LSG1,MSMO1,LSG1,ITIH1,LSG1,,,,LSG1,,LSG1,,,,,PHACTR3,,BIRC3,,NUB1,,,,,LSG1,,LSG1,LSG1,,LSG1,,LSG1,LSG1,,LSG1,LSG1,,LSG1,LSG1,LSG1,,LSG1,LSG1,LSG1,LSG1,LSG1,DDX6,LSG1,FSTL3,LSG1,LSG1,LSG1,,LSG1,LSG1,,,,LSG1,LSG1,LSG1,,,LSG1,,,LSG1,,LSG1,LSG1,,LSG1,LSG1,LSG1,,SIKE1,LSG1,,LSG1,LSG1,LSG1,LSG1,,LSG1,LSG1,LSG1,,,LSG1,,,LSG1,RETSAT,LSG1,,LSG1,LSG1,,LSG1,LSG1
PARP3,ALX4,PARP3,HPF1,PARP3,,,,PARP3,,PARP3,,,,,ERGIC2,,AASS,,PGM3,,,,,PARP3,,PARP3,PARP3,,PARP3,,PARP3,PARP3,,PARP3,PARP3,,PARP3,PARP3,PARP3,,PARP3,PARP3,PARP3,PARP3,PARP3,UPK2,PARP3,FSTL4,PARP3,PARP3,PARP3,,PARP3,PARP3,,,,PARP3,PARP3,PARP3,,,PARP3,,,PARP3,,PARP3,PARP3,,PARP3,PARP3,PARP3,,RRP12,PARP3,,PARP3,PARP3,PARP3,PARP3,,PARP3,PARP3,PARP3,,,PARP3,,,PARP3,CAPG,PARP3,,PARP3,PARP3,,PARP3,PARP3
TNC,FSTL4,TNC,ZFR,TNC,,,,TNC,,TNC,,,,,TFAP2C,,P3H2,,RWDD2A,,,,,TNC,,TNC,TNC,,TNC,,TNC,TNC,,TNC,TNC,,TNC,TNC,TNC,,TNC,TNC,TNC,TNC,TNC,CBL,TNC,FUBP3,TNC,TNC,TNC,,TNC,TNC,,,,TNC,TNC,TNC,,,TNC,,,TNC,,TNC,TNC,,TNC,TNC,TNC,,FNIP2,TNC,,TNC,TNC,TNC,TNC,,TNC,TNC,TNC,,,TNC,,,TNC,AP2S1,TNC,,TNC,TNC,,TNC,TNC
THAP3,FOXN3,THAP3,TRAF1,THAP3,,,,THAP3,,THAP3,,,,,AURKA,,AQR,,CLK1,,,,,THAP3,,THAP3,THAP3,,THAP3,,THAP3,THAP3,,THAP3,THAP3,,THAP3,THAP3,THAP3,,THAP3,THAP3,THAP3,THAP3,THAP3,NECTIN1,THAP3,FUCA2,THAP3,THAP3,THAP3,,THAP3,THAP3,,,,THAP3,THAP3,THAP3,,,THAP3,,,THAP3,,THAP3,THAP3,,THAP3,THAP3,THAP3,,MSMO1,THAP3,,THAP3,THAP3,THAP3,THAP3,,THAP3,THAP3,THAP3,,,THAP3,,,THAP3,USH2A,THAP3,,THAP3,THAP3,,THAP3,THAP3
RIPOR3,METTL24,RIPOR3,RC3H2,RIPOR3,,,,RIPOR3,,RIPOR3,,,,,CASS4,,VEZT,,POLR3B,,,,,RIPOR3,,RIPOR3,RIPOR3,,RIPOR3,,RIPOR3,RIPOR3,,RIPOR3,RIPOR3,,RIPOR3,RIPOR3,RIPOR3,,RIPOR3,RIPOR3,RIPOR3,RIPOR3,RIPOR3,HIPK3,RIPOR3,FUZ,RIPOR3,RIPOR3,RIPOR3,,RIPOR3,RIPOR3,,,,RIPOR3,RIPOR3,RIPOR3,,,RIPOR3,,,RIPOR3,,RIPOR3,RIPOR3,,RIPOR3,RIPOR3,RIPOR3,,TTC17,RIPOR3,,RIPOR3,RIPOR3,RIPOR3,RIPOR3,,RIPOR3,RIPOR3,RIPOR3,,,RIPOR3,,,RIPOR3,ZPBP,RIPOR3,,RIPOR3,RIPOR3,,RIPOR3,RIPOR3
TDP1,AKR7A2,TDP1,IL17RB,TDP1,,,,TDP1,,TDP1,,,,,AAMDC,,TNFSF12,,ANGEL1,,,,,TDP1,,TDP1,TDP1,,TDP1,,TDP1,TDP1,,TDP1,TDP1,,TDP1,TDP1,TDP1,,TDP1,TDP1,TDP1,TDP1,TDP1,KIAA1549L,TDP1,FZD10,TDP1,TDP1,TDP1,,TDP1,TDP1,,,,TDP1,TDP1,TDP1,,,TDP1,,,TDP1,,TDP1,TDP1,,TDP1,TDP1,TDP1,,ALX4,TDP1,,TDP1,TDP1,TDP1,TDP1,,TDP1,TDP1,TDP1,,,TDP1,,,TDP1,TG,TDP1,,TDP1,TDP1,,TDP1,TDP1
AIFM2,MRTO4,AIFM2,TRAF3IP2,AIFM2,,,,AIFM2,,AIFM2,,,,,RFX2,,SERPINB1,,RNF14,,,,,AIFM2,,AIFM2,AIFM2,,AIFM2,,AIFM2,AIFM2,,AIFM2,AIFM2,,AIFM2,AIFM2,AIFM2,,AIFM2,AIFM2,AIFM2,AIFM2,AIFM2,FBXO3,AIFM2,FZD3,AIFM2,AIFM2,AIFM2,,AIFM2,AIFM2,,,,AIFM2,AIFM2,AIFM2,,,AIFM2,,,AIFM2,,AIFM2,AIFM2,,AIFM2,AIFM2,AIFM2,,FSTL4,AIFM2,,AIFM2,AIFM2,AIFM2,AIFM2,,AIFM2,AIFM2,AIFM2,,,AIFM2,,,AIFM2,ADAM28,AIFM2,,AIFM2,AIFM2,,AIFM2,AIFM2
C2orf83,NNAT,C2orf83,CD5L,C2orf83,,,,C2orf83,,C2orf83,,,,,METTL2A,,TFEC,,DDX11,,,,,C2orf83,,C2orf83,C2orf83,,C2orf83,,C2orf83,C2orf83,,C2orf83,C2orf83,,C2orf83,C2orf83,C2orf83,,C2orf83,C2orf83,C2orf83,C2orf83,C2orf83,PDHX,C2orf83,FZD4,C2orf83,C2orf83,C2orf83,,C2orf83,C2orf83,,,,C2orf83,C2orf83,C2orf83,,,C2orf83,,,C2orf83,,C2orf83,C2orf83,,C2orf83,C2orf83,C2orf83,,FOXN3,C2orf83,,C2orf83,C2orf83,C2orf83,C2orf83,,C2orf83,C2orf83,C2orf83,,,C2orf83,,,C2orf83,BARX2,C2orf83,,C2orf83,C2orf83,,C2orf83,C2orf83
SPATA7,USE1,SPATA7,CD74,SPATA7,,,,SPATA7,,SPATA7,,,,,SULT2B1,,LYPD2,,HEBP1,,,,,SPATA7,,SPATA7,SPATA7,,SPATA7,,SPATA7,SPATA7,,SPATA7,SPATA7,,SPATA7,SPATA7,SPATA7,,SPATA7,SPATA7,SPATA7,SPATA7,SPATA7,SLC1A2,SPATA7,FZD5,SPATA7,SPATA7,SPATA7,,SPATA7,SPATA7,,,,SPATA7,SPATA7,SPATA7,,,SPATA7,,,SPATA7,,SPATA7,SPATA7,,SPATA7,SPATA7,SPATA7,,METTL24,SPATA7,,SPATA7,SPATA7,SPATA7,SPATA7,,SPATA7,SPATA7,SPATA7,,,SPATA7,,,SPATA7,DCUN1D1,SPATA7,,SPATA7,SPATA7,,SPATA7,SPATA7
MED17,MCF2L2,MED17,STAP1,MED17,,,,MED17,,MED17,,,,,ALG6,,CX3CL1,,GPRC5A,,,,,MED17,,MED17,MED17,,MED17,,MED17,MED17,,MED17,MED17,,MED17,MED17,MED17,,MED17,MED17,MED17,MED17,MED17,COMMD9,MED17,FZD6,MED17,MED17,MED17,,MED17,MED17,,,,MED17,MED17,MED17,,,MED17,,,MED17,,MED17,MED17,,MED17,MED17,MED17,,AKR7A2,MED17,,MED17,MED17,MED17,MED17,,MED17,MED17,MED17,,,MED17,,,MED17,JADE2,MED17,,MED17,MED17,,MED17,MED17
RETSAT,NRIP2,RETSAT,TSR3,RETSAT,,,,RETSAT,,RETSAT,,,,,CNOT3,,ITGA2B,,TACC3,,,,,RETSAT,,RETSAT,RETSAT,,RETSAT,,RETSAT,RETSAT,,RETSAT,RETSAT,,RETSAT,RETSAT,RETSAT,,RETSAT,RETSAT,RETSAT,RETSAT,RETSAT,SLC15A3,RETSAT,FZD7,RETSAT,RETSAT,RETSAT,,RETSAT,RETSAT,,,,RETSAT,RETSAT,RETSAT,,,RETSAT,,,RETSAT,,RETSAT,RETSAT,,RETSAT,RETSAT,RETSAT,,MRTO4,RETSAT,,RETSAT,RETSAT,RETSAT,RETSAT,,RETSAT,RETSAT,RETSAT,,,RETSAT,,,RETSAT,ZIC2,RETSAT,,RETSAT,RETSAT,,RETSAT,RETSAT
CAPG,LAMA3,CAPG,CD6,CAPG,,,,CAPG,,CAPG,,,,,GP6,,CCL26,,UFL1,,,,,CAPG,,CAPG,CAPG,,CAPG,,CAPG,CAPG,,CAPG,CAPG,,CAPG,CAPG,CAPG,,CAPG,CAPG,CAPG,CAPG,CAPG,CD5,CAPG,FZD8,CAPG,CAPG,CAPG,,CAPG,CAPG,,,,CAPG,CAPG,CAPG,,,CAPG,,,CAPG,,CAPG,CAPG,,CAPG,CAPG,CAPG,,NNAT,CAPG,,CAPG,CAPG,CAPG,CAPG,,CAPG,CAPG,CAPG,,,CAPG,,,CAPG,LCP2,CAPG,,CAPG,CAPG,,CAPG,CAPG
AP2S1,AP5M1,AP2S1,PIGQ,AP2S1,,,,AP2S1,,AP2S1,,,,,PTPN4,,TFPI,,POLA2,,,,,AP2S1,,AP2S1,AP2S1,,AP2S1,,AP2S1,AP2S1,,AP2S1,AP2S1,,AP2S1,AP2S1,AP2S1,,AP2S1,AP2S1,AP2S1,AP2S1,AP2S1,ACCS,AP2S1,F7,AP2S1,AP2S1,AP2S1,,AP2S1,AP2S1,,,,AP2S1,AP2S1,AP2S1,,,AP2S1,,,AP2S1,,AP2S1,AP2S1,,AP2S1,AP2S1,AP2S1,,USE1,AP2S1,,AP2S1,AP2S1,AP2S1,AP2S1,,AP2S1,AP2S1,AP2S1,,,AP2S1,,,AP2S1,TRIT1,AP2S1,,AP2S1,AP2S1,,AP2S1,AP2S1
USH2A,ANAPC4,USH2A,CRAMP1,USH2A,,,,USH2A,,USH2A,,,,,DDX18,,FCGRT,,ZC3H3,,,,,USH2A,,USH2A,USH2A,,USH2A,,USH2A,USH2A,,USH2A,USH2A,,USH2A,USH2A,USH2A,,USH2A,USH2A,USH2A,USH2A,USH2A,SCGB2A2,USH2A,F10,USH2A,USH2A,USH2A,,USH2A,USH2A,,,,USH2A,USH2A,USH2A,,,USH2A,,,USH2A,,USH2A,USH2A,,USH2A,USH2A,USH2A,,MCF2L2,USH2A,,USH2A,USH2A,USH2A,USH2A,,USH2A,USH2A,USH2A,,,USH2A,,,USH2A,ADRB1,USH2A,,USH2A,USH2A,,USH2A,USH2A
ZPBP,KCNQ1,ZPBP,TEAD3,ZPBP,,,,ZPBP,,ZPBP,,,,,KHSRP,,TNFSF9,,CAPN1,,,,,ZPBP,,ZPBP,ZPBP,,ZPBP,,ZPBP,ZPBP,,ZPBP,ZPBP,,ZPBP,ZPBP,ZPBP,,ZPBP,ZPBP,ZPBP,ZPBP,ZPBP,MDK,ZPBP,F11,ZPBP,ZPBP,ZPBP,,ZPBP,ZPBP,,,,ZPBP,ZPBP,ZPBP,,,ZPBP,,,ZPBP,,ZPBP,ZPBP,,ZPBP,ZPBP,ZPBP,,NRIP2,ZPBP,,ZPBP,ZPBP,ZPBP,ZPBP,,ZPBP,ZPBP,ZPBP,,,ZPBP,,,ZPBP,GUCA2B,ZPBP,,ZPBP,ZPBP,,ZPBP,ZPBP
TG,TRAPPC3,TG,SELE,TG,,,,TG,,TG,,,,,GNA11,,AASS,,ACP3,,,,,TG,,TG,TG,,TG,,TG,TG,,TG,TG,,TG,TG,TG,,TG,TG,TG,TG,TG,AMBRA1,TG,G1E3,TG,TG,TG,,TG,TG,,,,TG,TG,TG,,,TG,,,TG,,TG,TG,,TG,TG,TG,,LAMA3,TG,,TG,TG,TG,TG,,TG,TG,TG,,,TG,,,TG,CUL7,TG,,TG,TG,,TG,TG
ADAM28,THRAP3,ADAM28,DNAJC11,ADAM28,,,,ADAM28,,ADAM28,,,,,ASAP3,,CD7,,MDH1,,,,,ADAM28,,ADAM28,ADAM28,,ADAM28,,ADAM28,ADAM28,,ADAM28,ADAM28,,ADAM28,ADAM28,ADAM28,,ADAM28,ADAM28,ADAM28,ADAM28,ADAM28,MADD,ADAM28,G2E3,ADAM28,ADAM28,ADAM28,,ADAM28,ADAM28,,,,ADAM28,ADAM28,ADAM28,,,ADAM28,,,ADAM28,,ADAM28,ADAM28,,ADAM28,ADAM28,ADAM28,,AP5M1,ADAM28,,ADAM28,ADAM28,ADAM28,ADAM28,,ADAM28,ADAM28,ADAM28,,,ADAM28,,,ADAM28,CTNNA1,ADAM28,,ADAM28,ADAM28,,ADAM28,ADAM28
BARX2,PHPT1,BARX2,FMO3,BARX2,,,,BARX2,,BARX2,,,,,EDEM2,,TFRC,,SLC30A9,,,,,BARX2,,BARX2,BARX2,,BARX2,,BARX2,BARX2,,BARX2,BARX2,,BARX2,BARX2,BARX2,,BARX2,BARX2,BARX2,BARX2,BARX2,PTPMT1,BARX2,GAB2,BARX2,BARX2,BARX2,,BARX2,BARX2,,,,BARX2,BARX2,BARX2,,,BARX2,,,BARX2,,BARX2,BARX2,,BARX2,BARX2,BARX2,,ANAPC4,BARX2,,BARX2,BARX2,BARX2,BARX2,,BARX2,BARX2,BARX2,,,BARX2,,,BARX2,CNTLN,BARX2,,BARX2,BARX2,,BARX2,BARX2
DCUN1D1,ENTPD2,DCUN1D1,MYLIP,DCUN1D1,,,,DCUN1D1,,DCUN1D1,,,,,DNMT3B,,KYNU,,MTMR11,,,,,DCUN1D1,,DCUN1D1,DCUN1D1,,DCUN1D1,,DCUN1D1,DCUN1D1,,DCUN1D1,DCUN1D1,,DCUN1D1,DCUN1D1,DCUN1D1,,DCUN1D1,DCUN1D1,DCUN1D1,DCUN1D1,DCUN1D1,NAA40,DCUN1D1,GABRA1,DCUN1D1,DCUN1D1,DCUN1D1,,DCUN1D1,DCUN1D1,,,,DCUN1D1,DCUN1D1,DCUN1D1,,,DCUN1D1,,,DCUN1D1,,DCUN1D1,DCUN1D1,,DCUN1D1,DCUN1D1,DCUN1D1,,KCNQ1,DCUN1D1,,DCUN1D1,DCUN1D1,DCUN1D1,DCUN1D1,,DCUN1D1,DCUN1D1,DCUN1D1,,,DCUN1D1,,,DCUN1D1,EPHA3,DCUN1D1,,DCUN1D1,DCUN1D1,,DCUN1D1,DCUN1D1
JADE2,LY75,JADE2,E2F2,JADE2,,,,JADE2,,JADE2,,,,,REM1,,ALOX5,,COX15,,,,,JADE2,,JADE2,JADE2,,JADE2,,JADE2,JADE2,,JADE2,JADE2,,JADE2,JADE2,JADE2,,JADE2,JADE2,JADE2,JADE2,JADE2,CARS1,JADE2,GABRA4,JADE2,JADE2,JADE2,,JADE2,JADE2,,,,JADE2,JADE2,JADE2,,,JADE2,,,JADE2,,JADE2,JADE2,,JADE2,JADE2,JADE2,,TRAPPC3,JADE2,,JADE2,JADE2,JADE2,JADE2,,JADE2,JADE2,JADE2,,,JADE2,,,JADE2,HSPA5,JADE2,,JADE2,JADE2,,JADE2,JADE2
ZIC2,ARID4B,ZIC2,PSMB1,ZIC2,,,,ZIC2,,ZIC2,,,,,TPX2,,VEZT,,CCDC88C,,,,,ZIC2,,ZIC2,ZIC2,,ZIC2,,ZIC2,ZIC2,,ZIC2,ZIC2,,ZIC2,ZIC2,ZIC2,,ZIC2,ZIC2,ZIC2,ZIC2,ZIC2,SLC22A18,ZIC2,GABRA6,ZIC2,ZIC2,ZIC2,,ZIC2,ZIC2,,,,ZIC2,ZIC2,ZIC2,,,ZIC2,,,ZIC2,,ZIC2,ZIC2,,ZIC2,ZIC2,ZIC2,,THRAP3,ZIC2,,ZIC2,ZIC2,ZIC2,ZIC2,,ZIC2,ZIC2,ZIC2,,,ZIC2,,,ZIC2,DSG2,ZIC2,,ZIC2,ZIC2,,ZIC2,ZIC2
LCP2,OPN3,LCP2,JARID2,LCP2,,,,LCP2,,LCP2,,,,,FER1L4,,LYVE1,,YAF2,,,,,LCP2,,LCP2,LCP2,,LCP2,,LCP2,LCP2,,LCP2,LCP2,,LCP2,LCP2,LCP2,,LCP2,LCP2,LCP2,LCP2,LCP2,CD81,LCP2,GABRB1,LCP2,LCP2,LCP2,,LCP2,LCP2,,,,LCP2,LCP2,LCP2,,,LCP2,,,LCP2,,LCP2,LCP2,,LCP2,LCP2,LCP2,,PHPT1,LCP2,,LCP2,LCP2,LCP2,LCP2,,LCP2,LCP2,LCP2,,,LCP2,,,LCP2,PREX2,LCP2,,LCP2,LCP2,,LCP2,LCP2
TRIT1,SDCCAG8,TRIT1,CAMK1G,TRIT1,,,,TRIT1,,TRIT1,,,,,PDRG1,,GCLM,,ZMYND11,,,,,TRIT1,,TRIT1,TRIT1,,TRIT1,,TRIT1,TRIT1,,TRIT1,TRIT1,,TRIT1,TRIT1,TRIT1,,TRIT1,TRIT1,TRIT1,TRIT1,TRIT1,SLC35F2,TRIT1,GABRB2,TRIT1,TRIT1,TRIT1,,TRIT1,TRIT1,,,,TRIT1,TRIT1,TRIT1,,,TRIT1,,,TRIT1,,TRIT1,TRIT1,,TRIT1,TRIT1,TRIT1,,ENTPD2,TRIT1,,TRIT1,TRIT1,TRIT1,TRIT1,,TRIT1,TRIT1,TRIT1,,,TRIT1,,,TRIT1,WDR37,TRIT1,,TRIT1,TRIT1,,TRIT1,TRIT1
ADRB1,PTPRN,ADRB1,CDK11A,ADRB1,,,,ADRB1,,ADRB1,,,,,EPB41L1,,TNFSF13B,,DPEP1,,,,,ADRB1,,ADRB1,ADRB1,,ADRB1,,ADRB1,ADRB1,,ADRB1,ADRB1,,ADRB1,ADRB1,ADRB1,,ADRB1,ADRB1,ADRB1,ADRB1,ADRB1,C11orf21,ADRB1,GABRB3,ADRB1,ADRB1,ADRB1,,ADRB1,ADRB1,,,,ADRB1,ADRB1,ADRB1,,,ADRB1,,,ADRB1,,ADRB1,ADRB1,,ADRB1,ADRB1,ADRB1,,LY75,ADRB1,,ADRB1,ADRB1,ADRB1,ADRB1,,ADRB1,ADRB1,ADRB1,,,ADRB1,,,ADRB1,YTHDC2,ADRB1,,ADRB1,ADRB1,,ADRB1,ADRB1
GUCA2B,HHAT,GUCA2B,NADK,GUCA2B,,,,GUCA2B,,GUCA2B,,,,,SLC15A1,,BIRC3,,BID,,,,,GUCA2B,,GUCA2B,GUCA2B,,GUCA2B,,GUCA2B,GUCA2B,,GUCA2B,GUCA2B,,GUCA2B,GUCA2B,GUCA2B,,GUCA2B,GUCA2B,GUCA2B,GUCA2B,GUCA2B,ELMOD1,GUCA2B,GABRG2,GUCA2B,GUCA2B,GUCA2B,,GUCA2B,GUCA2B,,,,GUCA2B,GUCA2B,GUCA2B,,,GUCA2B,,,GUCA2B,,GUCA2B,GUCA2B,,GUCA2B,GUCA2B,GUCA2B,,ARID4B,GUCA2B,,GUCA2B,GUCA2B,GUCA2B,GUCA2B,,GUCA2B,GUCA2B,GUCA2B,,,GUCA2B,,,GUCA2B,ATP6V1H,GUCA2B,,GUCA2B,GUCA2B,,GUCA2B,GUCA2B
CUL7,KIF1B,CUL7,TFAP2B,CUL7,,,,CUL7,,CUL7,,,,,DOCK9,,TNFRSF12A,,MATR3,,,,,CUL7,,CUL7,CUL7,,CUL7,,CUL7,CUL7,,CUL7,CUL7,,CUL7,CUL7,CUL7,,CUL7,CUL7,CUL7,CUL7,CUL7,CALCA,CUL7,GABRP,CUL7,CUL7,CUL7,,CUL7,CUL7,,,,CUL7,CUL7,CUL7,,,CUL7,,,CUL7,,CUL7,CUL7,,CUL7,CUL7,CUL7,,OPN3,CUL7,,CUL7,CUL7,CUL7,CUL7,,CUL7,CUL7,CUL7,,,CUL7,,,CUL7,POLR2B,CUL7,,CUL7,CUL7,,CUL7,CUL7
CTNNA1,FOXC1,CTNNA1,TFAP2D,CTNNA1,,,,CTNNA1,,CTNNA1,,,,,ANKRD10,,CD74,,NPC1L1,,,,,CTNNA1,,CTNNA1,CTNNA1,,CTNNA1,,CTNNA1,CTNNA1,,CTNNA1,CTNNA1,,CTNNA1,CTNNA1,CTNNA1,,CTNNA1,CTNNA1,CTNNA1,CTNNA1,CTNNA1,SOX6,CTNNA1,GABARAPL2,CTNNA1,CTNNA1,CTNNA1,,CTNNA1,CTNNA1,,,,CTNNA1,CTNNA1,CTNNA1,,,CTNNA1,,,CTNNA1,,CTNNA1,CTNNA1,,CTNNA1,CTNNA1,CTNNA1,,SDCCAG8,CTNNA1,,CTNNA1,CTNNA1,CTNNA1,CTNNA1,,CTNNA1,CTNNA1,CTNNA1,,,CTNNA1,,,CTNNA1,FAM214A,CTNNA1,,CTNNA1,CTNNA1,,CTNNA1,CTNNA1
CNTLN,TBC1D22A,CNTLN,DLEC1,CNTLN,,,,CNTLN,,CNTLN,,,,,TGDS,,KYNU,,XYLT2,,,,,CNTLN,,CNTLN,CNTLN,,CNTLN,,CNTLN,CNTLN,,CNTLN,CNTLN,,CNTLN,CNTLN,CNTLN,,CNTLN,CNTLN,CNTLN,CNTLN,CNTLN,C11orf58,CNTLN,GAL,CNTLN,CNTLN,CNTLN,,CNTLN,CNTLN,,,,CNTLN,CNTLN,CNTLN,,,CNTLN,,,CNTLN,,CNTLN,CNTLN,,CNTLN,CNTLN,CNTLN,,PTPRN,CNTLN,,CNTLN,CNTLN,CNTLN,CNTLN,,CNTLN,CNTLN,CNTLN,,,CNTLN,,,CNTLN,ARAP2,CNTLN,,CNTLN,CNTLN,,CNTLN,CNTLN
EPHA3,SYNE2,EPHA3,CYTH3,EPHA3,,,,EPHA3,,EPHA3,,,,,DOCK3,,TFRC,,RGPD5,,,,,EPHA3,,EPHA3,EPHA3,,EPHA3,,EPHA3,EPHA3,,EPHA3,EPHA3,,EPHA3,EPHA3,EPHA3,,EPHA3,EPHA3,EPHA3,EPHA3,EPHA3,PITPNM1,EPHA3,GALC,EPHA3,EPHA3,EPHA3,,EPHA3,EPHA3,,,,EPHA3,EPHA3,EPHA3,,,EPHA3,,,EPHA3,,EPHA3,EPHA3,,EPHA3,EPHA3,EPHA3,,HHAT,EPHA3,,EPHA3,EPHA3,EPHA3,EPHA3,,EPHA3,EPHA3,EPHA3,,,EPHA3,,,EPHA3,TPR,EPHA3,,EPHA3,EPHA3,,EPHA3,EPHA3
HSPA5,PLEKHH1,HSPA5,ADAM22,HSPA5,,,,HSPA5,,HSPA5,,,,,C3orf18,,TFEC,,STMN4,,,,,HSPA5,,HSPA5,HSPA5,,HSPA5,,HSPA5,HSPA5,,HSPA5,HSPA5,,HSPA5,HSPA5,HSPA5,,HSPA5,HSPA5,HSPA5,HSPA5,HSPA5,AIP,HSPA5,GALE,HSPA5,HSPA5,HSPA5,,HSPA5,HSPA5,,,,HSPA5,HSPA5,HSPA5,,,HSPA5,,,HSPA5,,HSPA5,HSPA5,,HSPA5,HSPA5,HSPA5,,KIF1B,HSPA5,,HSPA5,HSPA5,HSPA5,HSPA5,,HSPA5,HSPA5,HSPA5,,,HSPA5,,,HSPA5,CP,HSPA5,,HSPA5,HSPA5,,HSPA5,HSPA5
DSG2,ATP9A,DSG2,SYPL1,DSG2,,,,DSG2,,DSG2,,,,,COQ9,,LILRB4,,NUDCD3,,,,,DSG2,,DSG2,DSG2,,DSG2,,DSG2,DSG2,,DSG2,DSG2,,DSG2,DSG2,DSG2,,DSG2,DSG2,DSG2,DSG2,DSG2,NUP98,DSG2,GALK1,DSG2,DSG2,DSG2,,DSG2,DSG2,,,,DSG2,DSG2,DSG2,,,DSG2,,,DSG2,,DSG2,DSG2,,DSG2,DSG2,DSG2,,FOXC1,DSG2,,DSG2,DSG2,DSG2,DSG2,,DSG2,DSG2,DSG2,,,DSG2,,,DSG2,KATNIP,DSG2,,DSG2,DSG2,,DSG2,DSG2
PREX2,SPO11,PREX2,CYB561,PREX2,,,,PREX2,,PREX2,,,,,TMEM40,,CD37,,ISL1,,,,,PREX2,,PREX2,PREX2,,PREX2,,PREX2,PREX2,,PREX2,PREX2,,PREX2,PREX2,PREX2,,PREX2,PREX2,PREX2,PREX2,PREX2,NDUFS8,PREX2,GALNT1,PREX2,PREX2,PREX2,,PREX2,PREX2,,,,PREX2,PREX2,PREX2,,,PREX2,,,PREX2,,PREX2,PREX2,,PREX2,PREX2,PREX2,,TBC1D22A,PREX2,,PREX2,PREX2,PREX2,PREX2,,PREX2,PREX2,PREX2,,,PREX2,,,PREX2,DTNBP1,PREX2,,PREX2,PREX2,,PREX2,PREX2
WDR37,CBLN4,WDR37,SPAG9,WDR37,,,,WDR37,,WDR37,,,,,KIF9,,TNFRSF17,,CHDH,,,,,WDR37,,WDR37,WDR37,,WDR37,,WDR37,WDR37,,WDR37,WDR37,,WDR37,WDR37,WDR37,,WDR37,WDR37,WDR37,WDR37,WDR37,TCIRG1,WDR37,GALNT2,WDR37,WDR37,WDR37,,WDR37,WDR37,,,,WDR37,WDR37,WDR37,,,WDR37,,,WDR37,,WDR37,WDR37,,WDR37,WDR37,WDR37,,SYNE2,WDR37,,WDR37,WDR37,WDR37,WDR37,,WDR37,WDR37,WDR37,,,WDR37,,,WDR37,ANO2,WDR37,,WDR37,WDR37,,WDR37,WDR37
YTHDC2,CHRDL2,YTHDC2,CELSR3,YTHDC2,,,,YTHDC2,,YTHDC2,,,,,ARHGAP28,,RUNX1T1,,IL20RA,,,,,YTHDC2,,YTHDC2,YTHDC2,,YTHDC2,,YTHDC2,YTHDC2,,YTHDC2,YTHDC2,,YTHDC2,YTHDC2,YTHDC2,,YTHDC2,YTHDC2,YTHDC2,YTHDC2,YTHDC2,CHKA,YTHDC2,GALNT3,YTHDC2,YTHDC2,YTHDC2,,YTHDC2,YTHDC2,,,,YTHDC2,YTHDC2,YTHDC2,,,YTHDC2,,,YTHDC2,,YTHDC2,YTHDC2,,YTHDC2,YTHDC2,YTHDC2,,PLEKHH1,YTHDC2,,YTHDC2,YTHDC2,YTHDC2,YTHDC2,,YTHDC2,YTHDC2,YTHDC2,,,YTHDC2,,,YTHDC2,C12orf4,YTHDC2,,YTHDC2,YTHDC2,,YTHDC2,YTHDC2
ATP6V1H,FAM168A,ATP6V1H,AASS,ATP6V1H,,,,ATP6V1H,,ATP6V1H,,,,,CRLS1,,TFEC,,CLCA1,,,,,ATP6V1H,,ATP6V1H,ATP6V1H,,ATP6V1H,,ATP6V1H,ATP6V1H,,ATP6V1H,ATP6V1H,,ATP6V1H,ATP6V1H,ATP6V1H,,ATP6V1H,ATP6V1H,ATP6V1H,ATP6V1H,ATP6V1H,EXPH5,ATP6V1H,GALNT5,ATP6V1H,ATP6V1H,ATP6V1H,,ATP6V1H,ATP6V1H,,,,ATP6V1H,ATP6V1H,ATP6V1H,,,ATP6V1H,,,ATP6V1H,,ATP6V1H,ATP6V1H,,ATP6V1H,ATP6V1H,ATP6V1H,,ATP9A,ATP6V1H,,ATP6V1H,ATP6V1H,ATP6V1H,ATP6V1H,,ATP6V1H,ATP6V1H,ATP6V1H,,,ATP6V1H,,,ATP6V1H,FAM184B,ATP6V1H,,ATP6V1H,ATP6V1H,,ATP6V1H,ATP6V1H
POLR2B,RELT,POLR2B,PLEKHG6,POLR2B,,,,POLR2B,,POLR2B,,,,,DEFB127,,KYNU,,CLCA4,,,,,POLR2B,,POLR2B,POLR2B,,POLR2B,,POLR2B,POLR2B,,POLR2B,POLR2B,,POLR2B,POLR2B,POLR2B,,POLR2B,POLR2B,POLR2B,POLR2B,POLR2B,HPS5,POLR2B,GALNT6,POLR2B,POLR2B,POLR2B,,POLR2B,POLR2B,,,,POLR2B,POLR2B,POLR2B,,,POLR2B,,,POLR2B,,POLR2B,POLR2B,,POLR2B,POLR2B,POLR2B,,SPO11,POLR2B,,POLR2B,POLR2B,POLR2B,POLR2B,,POLR2B,POLR2B,POLR2B,,,POLR2B,,,POLR2B,MAP4,POLR2B,,POLR2B,POLR2B,,POLR2B,POLR2B
FAM214A,GALC,FAM214A,SS18L2,FAM214A,,,,FAM214A,,FAM214A,,,,,PPP1R13B,,BTN3A1,,GLT8D1,,,,,FAM214A,,FAM214A,FAM214A,,FAM214A,,FAM214A,FAM214A,,FAM214A,FAM214A,,FAM214A,FAM214A,FAM214A,,FAM214A,FAM214A,FAM214A,FAM214A,FAM214A,GTF2H1,FAM214A,GALNT7,FAM214A,FAM214A,FAM214A,,FAM214A,FAM214A,,,,FAM214A,FAM214A,FAM214A,,,FAM214A,,,FAM214A,,FAM214A,FAM214A,,FAM214A,FAM214A,FAM214A,,CBLN4,FAM214A,,FAM214A,FAM214A,FAM214A,FAM214A,,FAM214A,FAM214A,FAM214A,,,FAM214A,,,FAM214A,GOPC,FAM214A,,FAM214A,FAM214A,,FAM214A,FAM214A
ARAP2,NOP58,ARAP2,MPND,ARAP2,,,,ARAP2,,ARAP2,,,,,ATRN,,CCL20,,ATP2C1,,,,,ARAP2,,ARAP2,ARAP2,,ARAP2,,ARAP2,ARAP2,,ARAP2,ARAP2,,ARAP2,ARAP2,ARAP2,,ARAP2,ARAP2,ARAP2,ARAP2,ARAP2,POU2AF1,ARAP2,GALNT8,ARAP2,ARAP2,ARAP2,,ARAP2,ARAP2,,,,ARAP2,ARAP2,ARAP2,,,ARAP2,,,ARAP2,,ARAP2,ARAP2,,ARAP2,ARAP2,ARAP2,,CHRDL2,ARAP2,,ARAP2,ARAP2,ARAP2,ARAP2,,ARAP2,ARAP2,ARAP2,,,ARAP2,,,ARAP2,ROS1,ARAP2,,ARAP2,ARAP2,,ARAP2,ARAP2
TPR,SZRD1,TPR,MGST1,TPR,,,,TPR,,TPR,,,,,SMOX,,TRAF1,,IGF1,,,,,TPR,,TPR,TPR,,TPR,,TPR,TPR,,TPR,TPR,,TPR,TPR,TPR,,TPR,TPR,TPR,TPR,TPR,PTPN5,TPR,GALNT10,TPR,TPR,TPR,,TPR,TPR,,,,TPR,TPR,TPR,,,TPR,,,TPR,,TPR,TPR,,TPR,TPR,TPR,,FAM168A,TPR,,TPR,TPR,TPR,TPR,,TPR,TPR,TPR,,,TPR,,,TPR,USP28,TPR,,TPR,TPR,,TPR,TPR
CP,KCNH2,CP,CRY1,CP,,,,CP,,CP,,,,,SIGLEC1,,GCLM,,RALBP1,,,,,CP,,CP,CP,,CP,,CP,CP,,CP,CP,,CP,CP,CP,,CP,CP,CP,CP,CP,VWF,CP,GALNT12,CP,CP,CP,,CP,CP,,,,CP,CP,CP,,,CP,,,CP,,CP,CP,,CP,CP,CP,,RELT,CP,,CP,CP,CP,CP,,CP,CP,CP,,,CP,,,CP,HDAC9,CP,,CP,CP,,CP,CP
KATNIP,CUL1,KATNIP,PGLYRP1,KATNIP,,,,KATNIP,,KATNIP,,,,,FKBP1A,,LYVE1,,RUFY3,,,,,KATNIP,,KATNIP,KATNIP,,KATNIP,,KATNIP,KATNIP,,KATNIP,KATNIP,,KATNIP,KATNIP,KATNIP,,KATNIP,KATNIP,KATNIP,KATNIP,KATNIP,PSMD9,KATNIP,GALNT13,KATNIP,KATNIP,KATNIP,,KATNIP,KATNIP,,,,KATNIP,KATNIP,KATNIP,,,KATNIP,,,KATNIP,,KATNIP,KATNIP,,KATNIP,KATNIP,KATNIP,,GALC,KATNIP,,KATNIP,KATNIP,KATNIP,KATNIP,,KATNIP,KATNIP,KATNIP,,,KATNIP,,,KATNIP,TSPAN17,KATNIP,,KATNIP,KATNIP,,KATNIP,KATNIP
DTNBP1,FAM114A2,DTNBP1,NFIX,DTNBP1,,,,DTNBP1,,DTNBP1,,,,,NSFL1C,,SLC6A15,,CNTN1,,,,,DTNBP1,,DTNBP1,DTNBP1,,DTNBP1,,DTNBP1,DTNBP1,,DTNBP1,DTNBP1,,DTNBP1,DTNBP1,DTNBP1,,DTNBP1,DTNBP1,DTNBP1,DTNBP1,DTNBP1,P3H3,DTNBP1,GALNT14,DTNBP1,DTNBP1,DTNBP1,,DTNBP1,DTNBP1,,,,DTNBP1,DTNBP1,DTNBP1,,,DTNBP1,,,DTNBP1,,DTNBP1,DTNBP1,,DTNBP1,DTNBP1,DTNBP1,,NOP58,DTNBP1,,DTNBP1,DTNBP1,DTNBP1,DTNBP1,,DTNBP1,DTNBP1,DTNBP1,,,DTNBP1,,,DTNBP1,NOP16,DTNBP1,,DTNBP1,DTNBP1,,DTNBP1,DTNBP1
ANO2,CYFIP2,ANO2,ST3GAL1,ANO2,,,,ANO2,,ANO2,,,,,SLC4A11,,CD38,,SLC11A1,,,,,ANO2,,ANO2,ANO2,,ANO2,,ANO2,ANO2,,ANO2,ANO2,,ANO2,ANO2,ANO2,,ANO2,ANO2,ANO2,ANO2,ANO2,PPFIBP1,ANO2,GALNT15,ANO2,ANO2,ANO2,,ANO2,ANO2,,,,ANO2,ANO2,ANO2,,,ANO2,,,ANO2,,ANO2,ANO2,,ANO2,ANO2,ANO2,,SZRD1,ANO2,,ANO2,ANO2,ANO2,ANO2,,ANO2,ANO2,ANO2,,,ANO2,,,ANO2,CC2D2A,ANO2,,ANO2,ANO2,,ANO2,ANO2
C12orf4,TAB2,C12orf4,MMP25,C12orf4,,,,C12orf4,,C12orf4,,,,,C20orf194,,ASB1,,WWTR1,,,,,C12orf4,,C12orf4,C12orf4,,C12orf4,,C12orf4,C12orf4,,C12orf4,C12orf4,,C12orf4,C12orf4,C12orf4,,C12orf4,C12orf4,C12orf4,C12orf4,C12orf4,PRPF40B,C12orf4,GALNT16,C12orf4,C12orf4,C12orf4,,C12orf4,C12orf4,,,,C12orf4,C12orf4,C12orf4,,,C12orf4,,,C12orf4,,C12orf4,C12orf4,,C12orf4,C12orf4,C12orf4,,KCNH2,C12orf4,,C12orf4,C12orf4,C12orf4,C12orf4,,C12orf4,C12orf4,C12orf4,,,C12orf4,,,C12orf4,RRM2B,C12orf4,,C12orf4,C12orf4,,C12orf4,C12orf4
FAM184B,GINM1,FAM184B,IL32,FAM184B,,,,FAM184B,,FAM184B,,,,,ZNF343,,RUNX1,,ATP1A2,,,,,FAM184B,,FAM184B,FAM184B,,FAM184B,,FAM184B,FAM184B,,FAM184B,FAM184B,,FAM184B,FAM184B,FAM184B,,FAM184B,FAM184B,FAM184B,FAM184B,FAM184B,CD69,FAM184B,GALNT18,FAM184B,FAM184B,FAM184B,,FAM184B,FAM184B,,,,FAM184B,FAM184B,FAM184B,,,FAM184B,,,FAM184B,,FAM184B,FAM184B,,FAM184B,FAM184B,FAM184B,,CUL1,FAM184B,,FAM184B,FAM184B,FAM184B,FAM184B,,FAM184B,FAM184B,FAM184B,,,FAM184B,,,FAM184B,ZNF800,FAM184B,,FAM184B,FAM184B,,FAM184B,FAM184B
MAP4,EIF2AK2,MAP4,,MAP4,,,,MAP4,,MAP4,,,,,EBF4,,GIMAP4,,TTC27,,,,,MAP4,,MAP4,MAP4,,MAP4,,MAP4,MAP4,,MAP4,MAP4,,MAP4,MAP4,MAP4,,MAP4,MAP4,MAP4,MAP4,MAP4,PRDM4,MAP4,GALNTL5,MAP4,MAP4,MAP4,,MAP4,MAP4,,,,MAP4,MAP4,MAP4,,,MAP4,,,MAP4,,MAP4,MAP4,,MAP4,MAP4,MAP4,,FAM114A2,MAP4,,MAP4,MAP4,MAP4,MAP4,,MAP4,MAP4,MAP4,,,MAP4,,,MAP4,TNFRSF17,MAP4,,MAP4,MAP4,,MAP4,MAP4
GOPC,USP36,GOPC,,GOPC,,,,GOPC,,GOPC,,,,,CPXM1,,HGF,,ZNF582,,,,,GOPC,,GOPC,GOPC,,GOPC,,GOPC,GOPC,,GOPC,GOPC,,GOPC,GOPC,GOPC,,GOPC,GOPC,GOPC,GOPC,GOPC,CLEC2B,GOPC,GARS1,GOPC,GOPC,GOPC,,GOPC,GOPC,,,,GOPC,GOPC,GOPC,,,GOPC,,,GOPC,,GOPC,GOPC,,GOPC,GOPC,GOPC,,CYFIP2,GOPC,,GOPC,GOPC,GOPC,GOPC,,GOPC,GOPC,GOPC,,,GOPC,,,GOPC,SNX29,GOPC,,GOPC,GOPC,,GOPC,GOPC
ROS1,KMT2C,ROS1,,ROS1,,,,ROS1,,ROS1,,,,,MAVS,,C1QTNF3,,VSIG2,,,,,ROS1,,ROS1,ROS1,,ROS1,,ROS1,ROS1,,ROS1,ROS1,,ROS1,ROS1,ROS1,,ROS1,ROS1,ROS1,ROS1,ROS1,COQ5,ROS1,GAS7,ROS1,ROS1,ROS1,,ROS1,ROS1,,,,ROS1,ROS1,ROS1,,,ROS1,,,ROS1,,ROS1,ROS1,,ROS1,ROS1,ROS1,,TAB2,ROS1,,ROS1,ROS1,ROS1,ROS1,,ROS1,ROS1,ROS1,,,ROS1,,,ROS1,LMO3,ROS1,,ROS1,ROS1,,ROS1,ROS1
USP28,MCOLN3,USP28,,USP28,,,,USP28,,USP28,,,,,LZTS3,,IL12RB2,,PHLDB1,,,,,USP28,,USP28,USP28,,USP28,,USP28,USP28,,USP28,USP28,,USP28,USP28,USP28,,USP28,USP28,USP28,USP28,USP28,SELPLG,USP28,GAS8,USP28,USP28,USP28,,USP28,USP28,,,,USP28,USP28,USP28,,,USP28,,,USP28,,USP28,USP28,,USP28,USP28,USP28,,GINM1,USP28,,USP28,USP28,USP28,USP28,,USP28,USP28,USP28,,,USP28,,,USP28,GUCA1A,USP28,,USP28,USP28,,USP28,USP28
HDAC9,CCDC85A,HDAC9,,HDAC9,,,,HDAC9,,HDAC9,,,,,F11,,TFEC,,MARCO,,,,,HDAC9,,HDAC9,HDAC9,,HDAC9,,HDAC9,HDAC9,,HDAC9,HDAC9,,HDAC9,HDAC9,HDAC9,,HDAC9,HDAC9,HDAC9,HDAC9,HDAC9,CORO1C,HDAC9,GATB,HDAC9,HDAC9,HDAC9,,HDAC9,HDAC9,,,,HDAC9,HDAC9,HDAC9,,,HDAC9,,,HDAC9,,HDAC9,HDAC9,,HDAC9,HDAC9,HDAC9,,EIF2AK2,HDAC9,,HDAC9,HDAC9,HDAC9,HDAC9,,HDAC9,HDAC9,HDAC9,,,HDAC9,,,HDAC9,RSF1,HDAC9,,HDAC9,HDAC9,,HDAC9,HDAC9
TSPAN17,PUM2,TSPAN17,,TSPAN17,,,,TSPAN17,,TSPAN17,,,,,XRN2,,IL12RB1,,CYP24A1,,,,,TSPAN17,,TSPAN17,TSPAN17,,TSPAN17,,TSPAN17,TSPAN17,,TSPAN17,TSPAN17,,TSPAN17,TSPAN17,TSPAN17,,TSPAN17,TSPAN17,TSPAN17,TSPAN17,TSPAN17,ASIC1,TSPAN17,GATA3,TSPAN17,TSPAN17,TSPAN17,,TSPAN17,TSPAN17,,,,TSPAN17,TSPAN17,TSPAN17,,,TSPAN17,,,TSPAN17,,TSPAN17,TSPAN17,,TSPAN17,TSPAN17,TSPAN17,,USP36,TSPAN17,,TSPAN17,TSPAN17,TSPAN17,TSPAN17,,TSPAN17,TSPAN17,TSPAN17,,,TSPAN17,,,TSPAN17,VPS13D,TSPAN17,,TSPAN17,TSPAN17,,TSPAN17,TSPAN17
NOP16,ITIH4,NOP16,,NOP16,,,,NOP16,,NOP16,,,,,KIZ,,RORA,,PRDM11,,,,,NOP16,,NOP16,NOP16,,NOP16,,NOP16,NOP16,,NOP16,NOP16,,NOP16,NOP16,NOP16,,NOP16,NOP16,NOP16,NOP16,NOP16,DAO,NOP16,GATA4,NOP16,NOP16,NOP16,,NOP16,NOP16,,,,NOP16,NOP16,NOP16,,,NOP16,,,NOP16,,NOP16,NOP16,,NOP16,NOP16,NOP16,,KMT2C,NOP16,,NOP16,NOP16,NOP16,NOP16,,NOP16,NOP16,NOP16,,,NOP16,,,NOP16,CELF2,NOP16,,NOP16,NOP16,,NOP16,NOP16
CC2D2A,ITIH1,CC2D2A,,CC2D2A,,,,CC2D2A,,CC2D2A,,,,,DYNLL1,,TNFRSF17,,SYT13,,,,,CC2D2A,,CC2D2A,CC2D2A,,CC2D2A,,CC2D2A,CC2D2A,,CC2D2A,CC2D2A,,CC2D2A,CC2D2A,CC2D2A,,CC2D2A,CC2D2A,CC2D2A,CC2D2A,CC2D2A,CAPRIN2,CC2D2A,GATA5,CC2D2A,CC2D2A,CC2D2A,,CC2D2A,CC2D2A,,,,CC2D2A,CC2D2A,CC2D2A,,,CC2D2A,,,CC2D2A,,CC2D2A,CC2D2A,,CC2D2A,CC2D2A,CC2D2A,,MCOLN3,CC2D2A,,CC2D2A,CC2D2A,CC2D2A,CC2D2A,,CC2D2A,CC2D2A,CC2D2A,,,CC2D2A,,,CC2D2A,FAM120A,CC2D2A,,CC2D2A,CC2D2A,,CC2D2A,CC2D2A
RRM2B,HPF1,RRM2B,,RRM2B,,,,RRM2B,,RRM2B,,,,,TESC,,IFRD1,,SNAI2,,,,,RRM2B,,RRM2B,RRM2B,,RRM2B,,RRM2B,RRM2B,,RRM2B,RRM2B,,RRM2B,RRM2B,RRM2B,,RRM2B,RRM2B,RRM2B,RRM2B,RRM2B,TSPAN11,RRM2B,GATA6,RRM2B,RRM2B,RRM2B,,RRM2B,RRM2B,,,,RRM2B,RRM2B,RRM2B,,,RRM2B,,,RRM2B,,RRM2B,RRM2B,,RRM2B,RRM2B,RRM2B,,CCDC85A,RRM2B,,RRM2B,RRM2B,RRM2B,RRM2B,,RRM2B,RRM2B,RRM2B,,,RRM2B,,,RRM2B,R3HDM1,RRM2B,,RRM2B,RRM2B,,RRM2B,RRM2B
ZNF800,ZFR,ZNF800,,ZNF800,,,,ZNF800,,ZNF800,,,,,SNX5,,TFRC,,CD74,,,,,ZNF800,,ZNF800,ZNF800,,ZNF800,,ZNF800,ZNF800,,ZNF800,ZNF800,,ZNF800,ZNF800,ZNF800,,ZNF800,ZNF800,ZNF800,ZNF800,ZNF800,KCTD10,ZNF800,GATAD1,ZNF800,ZNF800,ZNF800,,ZNF800,ZNF800,,,,ZNF800,ZNF800,ZNF800,,,ZNF800,,,ZNF800,,ZNF800,ZNF800,,ZNF800,ZNF800,ZNF800,,PUM2,ZNF800,,ZNF800,ZNF800,ZNF800,ZNF800,,ZNF800,ZNF800,ZNF800,,,ZNF800,,,ZNF800,COL9A2,ZNF800,,ZNF800,ZNF800,,ZNF800,ZNF800
TNFRSF17,NPFFR2,TNFRSF17,,TNFRSF17,,,,TNFRSF17,,TNFRSF17,,,,,SIRPG,,SERPINA4,,ZRANB1,,,,,TNFRSF17,,TNFRSF17,TNFRSF17,,TNFRSF17,,TNFRSF17,TNFRSF17,,TNFRSF17,TNFRSF17,,TNFRSF17,TNFRSF17,TNFRSF17,,TNFRSF17,TNFRSF17,TNFRSF17,TNFRSF17,TNFRSF17,SLC11A2,TNFRSF17,GATAD2A,TNFRSF17,TNFRSF17,TNFRSF17,,TNFRSF17,TNFRSF17,,,,TNFRSF17,TNFRSF17,TNFRSF17,,,TNFRSF17,,,TNFRSF17,,TNFRSF17,TNFRSF17,,TNFRSF17,TNFRSF17,TNFRSF17,,ITIH4,TNFRSF17,,TNFRSF17,TNFRSF17,TNFRSF17,TNFRSF17,,TNFRSF17,TNFRSF17,TNFRSF17,,,TNFRSF17,,,TNFRSF17,KITLG,TNFRSF17,,TNFRSF17,TNFRSF17,,TNFRSF17,TNFRSF17
SNX29,PHF21B,SNX29,,SNX29,,,,SNX29,,SNX29,,,,,MAPKAPK5,,KYNU,,NCDN,,,,,SNX29,,SNX29,SNX29,,SNX29,,SNX29,SNX29,,SNX29,SNX29,,SNX29,SNX29,SNX29,,SNX29,SNX29,SNX29,SNX29,SNX29,MLEC,SNX29,GATB,SNX29,SNX29,SNX29,,SNX29,SNX29,,,,SNX29,SNX29,SNX29,,,SNX29,,,SNX29,,SNX29,SNX29,,SNX29,SNX29,SNX29,,ITIH1,SNX29,,SNX29,SNX29,SNX29,SNX29,,SNX29,SNX29,SNX29,,,SNX29,,,SNX29,ERCC8,SNX29,,SNX29,SNX29,,SNX29,SNX29
LMO3,TRAF1,LMO3,,LMO3,,,,LMO3,,LMO3,,,,,P2RX7,,TFEC,,SAMD4A,,,,,LMO3,,LMO3,LMO3,,LMO3,,LMO3,LMO3,,LMO3,LMO3,,LMO3,LMO3,LMO3,,LMO3,LMO3,LMO3,LMO3,LMO3,MVK,LMO3,GATB,LMO3,LMO3,LMO3,,LMO3,LMO3,,,,LMO3,LMO3,LMO3,,,LMO3,,,LMO3,,LMO3,LMO3,,LMO3,LMO3,LMO3,,HPF1,LMO3,,LMO3,LMO3,LMO3,LMO3,,LMO3,LMO3,LMO3,,,LMO3,,,LMO3,ADAMTS6,LMO3,,LMO3,LMO3,,LMO3,LMO3
GUCA1A,RC3H2,GUCA1A,,GUCA1A,,,,GUCA1A,,GUCA1A,,,,,ESF1,,CCL28,,ZFP64,,,,,GUCA1A,,GUCA1A,GUCA1A,,GUCA1A,,GUCA1A,GUCA1A,,GUCA1A,GUCA1A,,GUCA1A,GUCA1A,GUCA1A,,GUCA1A,GUCA1A,GUCA1A,GUCA1A,GUCA1A,CSRNP2,GUCA1A,GATB,GUCA1A,GUCA1A,GUCA1A,,GUCA1A,GUCA1A,,,,GUCA1A,GUCA1A,GUCA1A,,,GUCA1A,,,GUCA1A,,GUCA1A,GUCA1A,,GUCA1A,GUCA1A,GUCA1A,,ZFR,GUCA1A,,GUCA1A,GUCA1A,GUCA1A,GUCA1A,,GUCA1A,GUCA1A,GUCA1A,,,GUCA1A,,,GUCA1A,H6PD,GUCA1A,,GUCA1A,GUCA1A,,GUCA1A,GUCA1A
RSF1,IL17RB,RSF1,,RSF1,,,,RSF1,,RSF1,,,,,RBBP9,,IL7,,MNAT1,,,,,RSF1,,RSF1,RSF1,,RSF1,,RSF1,RSF1,,RSF1,RSF1,,RSF1,RSF1,RSF1,,RSF1,RSF1,RSF1,RSF1,RSF1,CAMKK2,RSF1,GATB,RSF1,RSF1,RSF1,,RSF1,RSF1,,,,RSF1,RSF1,RSF1,,,RSF1,,,RSF1,,RSF1,RSF1,,RSF1,RSF1,RSF1,,NPFFR2,RSF1,,RSF1,RSF1,RSF1,RSF1,,RSF1,RSF1,RSF1,,,RSF1,,,RSF1,VAMP3,RSF1,,RSF1,RSF1,,RSF1,RSF1
VPS13D,TRAF3IP2,VPS13D,,VPS13D,,,,VPS13D,,VPS13D,,,,,ANAPC5,,ASB4,,CPS1,,,,,VPS13D,,VPS13D,VPS13D,,VPS13D,,VPS13D,VPS13D,,VPS13D,VPS13D,,VPS13D,VPS13D,VPS13D,,VPS13D,VPS13D,VPS13D,VPS13D,VPS13D,BIN2,VPS13D,GATB,VPS13D,VPS13D,VPS13D,,VPS13D,VPS13D,,,,VPS13D,VPS13D,VPS13D,,,VPS13D,,,VPS13D,,VPS13D,VPS13D,,VPS13D,VPS13D,VPS13D,,PHF21B,VPS13D,,VPS13D,VPS13D,VPS13D,VPS13D,,VPS13D,VPS13D,VPS13D,,,VPS13D,,,VPS13D,PER3,VPS13D,,VPS13D,VPS13D,,VPS13D,VPS13D
CELF2,DCBLD2,CELF2,,CELF2,,,,CELF2,,CELF2,,,,,SLC23A2,,PRSS8,,C8B,,,,,CELF2,,CELF2,CELF2,,CELF2,,CELF2,CELF2,,CELF2,CELF2,,CELF2,CELF2,CELF2,,CELF2,CELF2,CELF2,CELF2,CELF2,IL23A,CELF2,GATB,CELF2,CELF2,CELF2,,CELF2,CELF2,,,,CELF2,CELF2,CELF2,,,CELF2,,,CELF2,,CELF2,CELF2,,CELF2,CELF2,CELF2,,TRAF1,CELF2,,CELF2,CELF2,CELF2,CELF2,,CELF2,CELF2,CELF2,,,CELF2,,,CELF2,UTS2,CELF2,,CELF2,CELF2,,CELF2,CELF2
FAM120A,SOAT1,FAM120A,,FAM120A,,,,FAM120A,,FAM120A,,,,,SLC8B1,,TFEC,,RTF2,,,,,FAM120A,,FAM120A,FAM120A,,FAM120A,,FAM120A,FAM120A,,FAM120A,FAM120A,,FAM120A,FAM120A,FAM120A,,FAM120A,FAM120A,FAM120A,FAM120A,FAM120A,ATP5F1B,FAM120A,GATB,FAM120A,FAM120A,FAM120A,,FAM120A,FAM120A,,,,FAM120A,FAM120A,FAM120A,,,FAM120A,,,FAM120A,,FAM120A,FAM120A,,FAM120A,FAM120A,FAM120A,,RC3H2,FAM120A,,FAM120A,FAM120A,FAM120A,FAM120A,,FAM120A,FAM120A,FAM120A,,,FAM120A,,,FAM120A,TNFRSF9,FAM120A,,FAM120A,FAM120A,,FAM120A,FAM120A
R3HDM1,PKP2,R3HDM1,,R3HDM1,,,,R3HDM1,,R3HDM1,,,,,TMEM230,,SLC26A3,,GABRA1,,,,,R3HDM1,,R3HDM1,R3HDM1,,R3HDM1,,R3HDM1,R3HDM1,,R3HDM1,R3HDM1,,R3HDM1,R3HDM1,R3HDM1,,R3HDM1,R3HDM1,R3HDM1,R3HDM1,R3HDM1,PTGES3,R3HDM1,GATB,R3HDM1,R3HDM1,R3HDM1,,R3HDM1,R3HDM1,,,,R3HDM1,R3HDM1,R3HDM1,,,R3HDM1,,,R3HDM1,,R3HDM1,R3HDM1,,R3HDM1,R3HDM1,R3HDM1,,IL17RB,R3HDM1,,R3HDM1,R3HDM1,R3HDM1,R3HDM1,,R3HDM1,R3HDM1,R3HDM1,,,R3HDM1,,,R3HDM1,EPN3,R3HDM1,,R3HDM1,R3HDM1,,R3HDM1,R3HDM1
COL9A2,MSH4,COL9A2,,COL9A2,,,,COL9A2,,COL9A2,,,,,DZANK1,,TRAF1,,NLRP1,,,,,COL9A2,,COL9A2,COL9A2,,COL9A2,,COL9A2,COL9A2,,COL9A2,COL9A2,,COL9A2,COL9A2,COL9A2,,COL9A2,COL9A2,COL9A2,COL9A2,COL9A2,SYT10,COL9A2,GATB,COL9A2,COL9A2,COL9A2,,COL9A2,COL9A2,,,,COL9A2,COL9A2,COL9A2,,,COL9A2,,,COL9A2,,COL9A2,COL9A2,,COL9A2,COL9A2,COL9A2,,TRAF3IP2,COL9A2,,COL9A2,COL9A2,COL9A2,COL9A2,,COL9A2,COL9A2,COL9A2,,,COL9A2,,,COL9A2,LTBP1,COL9A2,,COL9A2,COL9A2,,COL9A2,COL9A2
KITLG,FARS2,KITLG,,KITLG,,,,KITLG,,KITLG,,,,,KDM2B,,LGALS14,,SLC45A4,,,,,KITLG,,KITLG,KITLG,,KITLG,,KITLG,KITLG,,KITLG,KITLG,,KITLG,KITLG,KITLG,,KITLG,KITLG,KITLG,KITLG,KITLG,BCL7A,KITLG,GATB,KITLG,KITLG,KITLG,,KITLG,KITLG,,,,KITLG,KITLG,KITLG,,,KITLG,,,KITLG,,KITLG,KITLG,,KITLG,KITLG,KITLG,,DCBLD2,KITLG,,KITLG,KITLG,KITLG,KITLG,,KITLG,KITLG,KITLG,,,KITLG,,,KITLG,RCN1,KITLG,,KITLG,KITLG,,KITLG,KITLG
ERCC8,LAMC2,ERCC8,,ERCC8,,,,ERCC8,,ERCC8,,,,,CFAP61,,IL4,,RNF10,,,,,ERCC8,,ERCC8,ERCC8,,ERCC8,,ERCC8,ERCC8,,ERCC8,ERCC8,,ERCC8,ERCC8,ERCC8,,ERCC8,ERCC8,ERCC8,ERCC8,ERCC8,RSRC2,ERCC8,GATB,ERCC8,ERCC8,ERCC8,,ERCC8,ERCC8,,,,ERCC8,ERCC8,ERCC8,,,ERCC8,,,ERCC8,,ERCC8,ERCC8,,ERCC8,ERCC8,ERCC8,,SERPINB3,ERCC8,,ERCC8,ERCC8,ERCC8,ERCC8,,ERCC8,ERCC8,ERCC8,,,ERCC8,,,ERCC8,ELN,ERCC8,,ERCC8,ERCC8,,ERCC8,ERCC8
ADAMTS6,CDK14,ADAMTS6,,ADAMTS6,,,,ADAMTS6,,ADAMTS6,,,,,LHX5,,SERPINA10,,ZNF839,,,,,ADAMTS6,,ADAMTS6,ADAMTS6,,ADAMTS6,,ADAMTS6,ADAMTS6,,ADAMTS6,ADAMTS6,,ADAMTS6,ADAMTS6,ADAMTS6,,ADAMTS6,ADAMTS6,ADAMTS6,ADAMTS6,ADAMTS6,CYP27B1,ADAMTS6,GATB,ADAMTS6,ADAMTS6,ADAMTS6,,ADAMTS6,ADAMTS6,,,,ADAMTS6,ADAMTS6,ADAMTS6,,,ADAMTS6,,,ADAMTS6,,ADAMTS6,ADAMTS6,,ADAMTS6,ADAMTS6,ADAMTS6,,SOAT1,ADAMTS6,,ADAMTS6,ADAMTS6,ADAMTS6,ADAMTS6,,ADAMTS6,ADAMTS6,ADAMTS6,,,ADAMTS6,,,ADAMTS6,RFC2,ADAMTS6,,ADAMTS6,ADAMTS6,,ADAMTS6,ADAMTS6
H6PD,SEC61A1,H6PD,,H6PD,,,,H6PD,,H6PD,,,,,TASP1,,CXCL16,,ZDHHC6,,,,,H6PD,,H6PD,H6PD,,H6PD,,H6PD,H6PD,,H6PD,H6PD,,H6PD,H6PD,H6PD,,H6PD,H6PD,H6PD,H6PD,H6PD,MYF6,H6PD,GATB,H6PD,H6PD,H6PD,,H6PD,H6PD,,,,H6PD,H6PD,H6PD,,,H6PD,,,H6PD,,H6PD,H6PD,,H6PD,H6PD,H6PD,,PKP2,H6PD,,H6PD,H6PD,H6PD,H6PD,,H6PD,H6PD,H6PD,,,H6PD,,,H6PD,ARID1B,H6PD,,H6PD,H6PD,,H6PD,H6PD
VAMP3,PPP1R12A,VAMP3,,VAMP3,,,,VAMP3,,VAMP3,,,,,OAS1,,ICAM3,,GRAMD1B,,,,,VAMP3,,VAMP3,VAMP3,,VAMP3,,VAMP3,VAMP3,,VAMP3,VAMP3,,VAMP3,VAMP3,VAMP3,,VAMP3,VAMP3,VAMP3,VAMP3,VAMP3,MYF5,VAMP3,GATB,VAMP3,VAMP3,VAMP3,,VAMP3,VAMP3,,,,VAMP3,VAMP3,VAMP3,,,VAMP3,,,VAMP3,,VAMP3,VAMP3,,VAMP3,VAMP3,VAMP3,,MSH4,VAMP3,,VAMP3,VAMP3,VAMP3,VAMP3,,VAMP3,VAMP3,VAMP3,,,VAMP3,,,VAMP3,CLPTM1L,VAMP3,,VAMP3,VAMP3,,VAMP3,VAMP3
PER3,RASGRF1,PER3,,PER3,,,,PER3,,PER3,,,,,GCN1,,LTF,,RNH1,,,,,PER3,,PER3,PER3,,PER3,,PER3,PER3,,PER3,PER3,,PER3,PER3,PER3,,PER3,PER3,PER3,PER3,PER3,LIN7A,PER3,GATB,PER3,PER3,PER3,,PER3,PER3,,,,PER3,PER3,PER3,,,PER3,,,PER3,,PER3,PER3,,PER3,PER3,PER3,,F7,PER3,,PER3,PER3,PER3,PER3,,PER3,PER3,PER3,,,PER3,,,PER3,NEDD4L,PER3,,PER3,PER3,,PER3,PER3
UTS2,CAMK2B,UTS2,,UTS2,,,,UTS2,,UTS2,,,,,PXN,,ASB3,,NDUFS1,,,,,UTS2,,UTS2,UTS2,,UTS2,,UTS2,UTS2,,UTS2,UTS2,,UTS2,UTS2,UTS2,,UTS2,UTS2,UTS2,UTS2,UTS2,KRT18,UTS2,GATB,UTS2,UTS2,UTS2,,UTS2,UTS2,,,,UTS2,UTS2,UTS2,,,UTS2,,,UTS2,,UTS2,UTS2,,UTS2,UTS2,UTS2,,GDI2,UTS2,,UTS2,UTS2,UTS2,UTS2,,UTS2,UTS2,UTS2,,,UTS2,,,UTS2,HEXB,UTS2,,UTS2,UTS2,,UTS2,UTS2
TNFRSF9,CROCC,TNFRSF9,,TNFRSF9,,,,TNFRSF9,,TNFRSF9,,,,,SIRT4,,IFIT1,,RB1CC1,,,,,TNFRSF9,,TNFRSF9,TNFRSF9,,TNFRSF9,,TNFRSF9,TNFRSF9,,TNFRSF9,TNFRSF9,,TNFRSF9,TNFRSF9,TNFRSF9,,TNFRSF9,TNFRSF9,TNFRSF9,TNFRSF9,TNFRSF9,ACSS3,TNFRSF9,GATB,TNFRSF9,TNFRSF9,TNFRSF9,,TNFRSF9,TNFRSF9,,,,TNFRSF9,TNFRSF9,TNFRSF9,,,TNFRSF9,,,TNFRSF9,,TNFRSF9,TNFRSF9,,TNFRSF9,TNFRSF9,TNFRSF9,,PRDM1,TNFRSF9,,TNFRSF9,TNFRSF9,TNFRSF9,TNFRSF9,,TNFRSF9,TNFRSF9,TNFRSF9,,,TNFRSF9,,,TNFRSF9,PTCD2,TNFRSF9,,TNFRSF9,TNFRSF9,,TNFRSF9,TNFRSF9
EPN3,POLR3E,EPN3,,EPN3,,,,EPN3,,EPN3,,,,,RPH3A,,ADIPOR2,,ERP44,,,,,EPN3,,EPN3,EPN3,,EPN3,,EPN3,EPN3,,EPN3,EPN3,,EPN3,EPN3,EPN3,,EPN3,EPN3,EPN3,EPN3,EPN3,TNS2,EPN3,GATB,EPN3,EPN3,EPN3,,EPN3,EPN3,,,,EPN3,EPN3,EPN3,,,EPN3,,,EPN3,,EPN3,EPN3,,EPN3,EPN3,EPN3,,ATG5,EPN3,,EPN3,EPN3,EPN3,EPN3,,EPN3,EPN3,EPN3,,,EPN3,,,EPN3,JKAMP,EPN3,,EPN3,EPN3,,EPN3,EPN3
LTBP1,ATP2B4,LTBP1,,LTBP1,,,,LTBP1,,LTBP1,,,,,KIF16B,,MPO,,ALAS1,,,,,LTBP1,,LTBP1,LTBP1,,LTBP1,,LTBP1,LTBP1,,LTBP1,LTBP1,,LTBP1,LTBP1,LTBP1,,LTBP1,LTBP1,LTBP1,LTBP1,LTBP1,GLI1,LTBP1,GATB,LTBP1,LTBP1,LTBP1,,LTBP1,LTBP1,,,,LTBP1,LTBP1,LTBP1,,,LTBP1,,,LTBP1,,LTBP1,LTBP1,,LTBP1,LTBP1,LTBP1,,TMCC3,LTBP1,,LTBP1,LTBP1,LTBP1,LTBP1,,LTBP1,LTBP1,LTBP1,,,LTBP1,,,LTBP1,DKK3,LTBP1,,LTBP1,LTBP1,,LTBP1,LTBP1
RCN1,ZC3H11A,RCN1,,RCN1,,,,RCN1,,RCN1,,,,,TRMT6,,IFIT3,,BAZ1B,,,,,RCN1,,RCN1,RCN1,,RCN1,,RCN1,RCN1,,RCN1,RCN1,,RCN1,RCN1,RCN1,,RCN1,RCN1,RCN1,RCN1,RCN1,PPM1H,RCN1,GATB,RCN1,RCN1,RCN1,,RCN1,RCN1,,,,RCN1,RCN1,RCN1,,,RCN1,,,RCN1,,RCN1,RCN1,,RCN1,RCN1,RCN1,,PITHD1,RCN1,,RCN1,RCN1,RCN1,RCN1,,RCN1,RCN1,RCN1,,,RCN1,,,RCN1,ARHGEF5,RCN1,,RCN1,RCN1,,RCN1,RCN1
ELN,RIOK2,ELN,,ELN,,,,ELN,,ELN,,,,,CHGB,,IFIT5,,CD9,,,,,ELN,,ELN,ELN,,ELN,,ELN,ELN,,ELN,ELN,,ELN,ELN,ELN,,ELN,ELN,ELN,ELN,ELN,METAP2,ELN,GATB,ELN,ELN,ELN,,ELN,ELN,,,,ELN,ELN,ELN,,,ELN,,,ELN,,ELN,ELN,,ELN,ELN,ELN,,MTA3,ELN,,ELN,ELN,ELN,ELN,,ELN,ELN,ELN,,,ELN,,,ELN,NFE2L3,ELN,,ELN,ELN,,ELN,ELN
RFC2,YIPF1,RFC2,,RFC2,,,,RFC2,,RFC2,,,,,PEBP1,,LGALS2,,UQCRC1,,,,,RFC2,,RFC2,RFC2,,RFC2,,RFC2,RFC2,,RFC2,RFC2,,RFC2,RFC2,RFC2,,RFC2,RFC2,RFC2,RFC2,RFC2,LTA4H,RFC2,GATB,RFC2,RFC2,RFC2,,RFC2,RFC2,,,,RFC2,RFC2,RFC2,,,RFC2,,,RFC2,,RFC2,RFC2,,RFC2,RFC2,RFC2,,USP13,RFC2,,RFC2,RFC2,RFC2,RFC2,,RFC2,RFC2,RFC2,,,RFC2,,,RFC2,MCUR1,RFC2,,RFC2,RFC2,,RFC2,RFC2
ARID1B,NDC1,ARID1B,,ARID1B,,,,ARID1B,,ARID1B,,,,,TBX5,,FTL,,STARD3NL,,,,,ARID1B,,ARID1B,ARID1B,,ARID1B,,ARID1B,ARID1B,,ARID1B,ARID1B,,ARID1B,ARID1B,ARID1B,,ARID1B,ARID1B,ARID1B,ARID1B,ARID1B,ELK3,ARID1B,GATB,ARID1B,ARID1B,ARID1B,,ARID1B,ARID1B,,,,ARID1B,ARID1B,ARID1B,,,ARID1B,,,ARID1B,,ARID1B,ARID1B,,ARID1B,ARID1B,ARID1B,,ATP11B,ARID1B,,ARID1B,ARID1B,ARID1B,ARID1B,,ARID1B,ARID1B,ARID1B,,,ARID1B,,,ARID1B,LIMA1,ARID1B,,ARID1B,ARID1B,,ARID1B,ARID1B
CLPTM1L,DGKG,CLPTM1L,,CLPTM1L,,,,CLPTM1L,,CLPTM1L,,,,,BRAP,,LYZL1,,SLC7A9,,,,,CLPTM1L,,CLPTM1L,CLPTM1L,,CLPTM1L,,CLPTM1L,CLPTM1L,,CLPTM1L,CLPTM1L,,CLPTM1L,CLPTM1L,CLPTM1L,,CLPTM1L,CLPTM1L,CLPTM1L,CLPTM1L,CLPTM1L,SLC6A12,CLPTM1L,GATB,CLPTM1L,CLPTM1L,CLPTM1L,,CLPTM1L,CLPTM1L,,,,CLPTM1L,CLPTM1L,CLPTM1L,,,CLPTM1L,,,CLPTM1L,,CLPTM1L,CLPTM1L,,CLPTM1L,CLPTM1L,CLPTM1L,,LAMC2,CLPTM1L,,CLPTM1L,CLPTM1L,CLPTM1L,CLPTM1L,,CLPTM1L,CLPTM1L,CLPTM1L,,,CLPTM1L,,,CLPTM1L,LETMD1,CLPTM1L,,CLPTM1L,CLPTM1L,,CLPTM1L,CLPTM1L
NEDD4L,FLYWCH1,NEDD4L,,NEDD4L,,,,NEDD4L,,NEDD4L,,,,,ERP29,,OSBPL6,,SPAST,,,,,NEDD4L,,NEDD4L,NEDD4L,,NEDD4L,,NEDD4L,NEDD4L,,NEDD4L,NEDD4L,,NEDD4L,NEDD4L,NEDD4L,,NEDD4L,NEDD4L,NEDD4L,NEDD4L,NEDD4L,WNT5B,NEDD4L,GATB,NEDD4L,NEDD4L,NEDD4L,,NEDD4L,NEDD4L,,,,NEDD4L,NEDD4L,NEDD4L,,,NEDD4L,,,NEDD4L,,NEDD4L,NEDD4L,,NEDD4L,NEDD4L,NEDD4L,,CDK14,NEDD4L,,NEDD4L,NEDD4L,NEDD4L,NEDD4L,,NEDD4L,NEDD4L,NEDD4L,,,NEDD4L,,,NEDD4L,SLC4A8,NEDD4L,,NEDD4L,NEDD4L,,NEDD4L,NEDD4L
HEXB,UNKL,HEXB,,HEXB,,,,HEXB,,HEXB,,,,,NOS1,,CD74,,NRXN3,,,,,HEXB,,HEXB,HEXB,,HEXB,,HEXB,HEXB,,HEXB,HEXB,,HEXB,HEXB,HEXB,,HEXB,HEXB,HEXB,HEXB,HEXB,MAGOHB,HEXB,GATB,HEXB,HEXB,HEXB,,HEXB,HEXB,,,,HEXB,HEXB,HEXB,,,HEXB,,,HEXB,,HEXB,HEXB,,HEXB,HEXB,HEXB,,SEC61A1,HEXB,,HEXB,HEXB,HEXB,HEXB,,HEXB,HEXB,HEXB,,,HEXB,,,HEXB,LAMC3,HEXB,,HEXB,HEXB,,HEXB,HEXB
PTCD2,TBXAS1,PTCD2,,PTCD2,,,,PTCD2,,PTCD2,,,,,FUS,,SLC7A2,,OSBPL7,,,,,PTCD2,,PTCD2,PTCD2,,PTCD2,,PTCD2,PTCD2,,PTCD2,PTCD2,,PTCD2,PTCD2,PTCD2,,PTCD2,PTCD2,PTCD2,PTCD2,PTCD2,TRPV4,PTCD2,GATB,PTCD2,PTCD2,PTCD2,,PTCD2,PTCD2,,,,PTCD2,PTCD2,PTCD2,,,PTCD2,,,PTCD2,,PTCD2,PTCD2,,PTCD2,PTCD2,PTCD2,,PPP1R12A,PTCD2,,PTCD2,PTCD2,PTCD2,PTCD2,,PTCD2,PTCD2,PTCD2,,,PTCD2,,,PTCD2,PTGER3,PTCD2,,PTCD2,PTCD2,,PTCD2,PTCD2
JKAMP,PARP12,JKAMP,,JKAMP,,,,JKAMP,,JKAMP,,,,,FXYD5,,IL17RB,,AQR,,,,,JKAMP,,JKAMP,JKAMP,,JKAMP,,JKAMP,JKAMP,,JKAMP,JKAMP,,JKAMP,JKAMP,JKAMP,,JKAMP,JKAMP,JKAMP,JKAMP,JKAMP,ITFG2,JKAMP,GATB,JKAMP,JKAMP,JKAMP,,JKAMP,JKAMP,,,,JKAMP,JKAMP,JKAMP,,,JKAMP,,,JKAMP,,JKAMP,JKAMP,,JKAMP,JKAMP,JKAMP,,RASGRF1,JKAMP,,JKAMP,JKAMP,JKAMP,JKAMP,,JKAMP,JKAMP,JKAMP,,,JKAMP,,,JKAMP,TNIP3,JKAMP,,JKAMP,JKAMP,,JKAMP,JKAMP
DKK3,ALDH18A1,DKK3,,DKK3,,,,DKK3,,DKK3,,,,,ZNF302,,TNFRSF1B,,CCT8L1P,,,,,DKK3,,DKK3,DKK3,,DKK3,,DKK3,DKK3,,DKK3,DKK3,,DKK3,DKK3,DKK3,,DKK3,DKK3,DKK3,DKK3,DKK3,FOXM1,DKK3,GATB,DKK3,DKK3,DKK3,,DKK3,DKK3,,,,DKK3,DKK3,DKK3,,,DKK3,,,DKK3,,DKK3,DKK3,,DKK3,DKK3,DKK3,,CAMK2B,DKK3,,DKK3,DKK3,DKK3,DKK3,,DKK3,DKK3,DKK3,,,DKK3,,,DKK3,MAPK9,DKK3,,DKK3,DKK3,,DKK3,DKK3
ARHGEF5,TARBP1,ARHGEF5,,ARHGEF5,,,,ARHGEF5,,ARHGEF5,,,,,GRAMD1A,,SERPINB3,,SERPINB1,,,,,ARHGEF5,,ARHGEF5,ARHGEF5,,ARHGEF5,,ARHGEF5,ARHGEF5,,ARHGEF5,ARHGEF5,,ARHGEF5,ARHGEF5,ARHGEF5,,ARHGEF5,ARHGEF5,ARHGEF5,ARHGEF5,ARHGEF5,PRR4,ARHGEF5,GATB,ARHGEF5,ARHGEF5,ARHGEF5,,ARHGEF5,ARHGEF5,,,,ARHGEF5,ARHGEF5,ARHGEF5,,,ARHGEF5,,,ARHGEF5,,ARHGEF5,ARHGEF5,,ARHGEF5,ARHGEF5,ARHGEF5,,CROCC,ARHGEF5,,ARHGEF5,ARHGEF5,ARHGEF5,ARHGEF5,,ARHGEF5,ARHGEF5,ARHGEF5,,,ARHGEF5,,,ARHGEF5,COL23A1,ARHGEF5,,ARHGEF5,ARHGEF5,,ARHGEF5,ARHGEF5
NFE2L3,GATB,NFE2L3,,NFE2L3,,,,NFE2L3,,NFE2L3,,,,,FXYD3,,C20orf27,,CYP3A43,,,,,NFE2L3,,NFE2L3,NFE2L3,,NFE2L3,,NFE2L3,NFE2L3,,NFE2L3,NFE2L3,,NFE2L3,NFE2L3,NFE2L3,,NFE2L3,NFE2L3,NFE2L3,NFE2L3,NFE2L3,PRMT8,NFE2L3,GATB,NFE2L3,NFE2L3,NFE2L3,,NFE2L3,NFE2L3,,,,NFE2L3,NFE2L3,NFE2L3,,,NFE2L3,,,NFE2L3,,NFE2L3,NFE2L3,,NFE2L3,NFE2L3,NFE2L3,,POLR3E,NFE2L3,,NFE2L3,NFE2L3,NFE2L3,NFE2L3,,NFE2L3,NFE2L3,NFE2L3,,,NFE2L3,,,NFE2L3,BCAR1,NFE2L3,,NFE2L3,NFE2L3,,NFE2L3,NFE2L3
MCUR1,MXD1,MCUR1,,MCUR1,,,,MCUR1,,MCUR1,,,,,CDIP1,,IL12RB2,,HGF,,,,,MCUR1,,MCUR1,MCUR1,,MCUR1,,MCUR1,MCUR1,,MCUR1,MCUR1,,MCUR1,MCUR1,MCUR1,,MCUR1,MCUR1,MCUR1,MCUR1,MCUR1,PARP11,MCUR1,GATB,MCUR1,MCUR1,MCUR1,,MCUR1,MCUR1,,,,MCUR1,MCUR1,MCUR1,,,MCUR1,,,MCUR1,,MCUR1,MCUR1,,MCUR1,MCUR1,MCUR1,,ATP2B4,MCUR1,,MCUR1,MCUR1,MCUR1,MCUR1,,MCUR1,MCUR1,MCUR1,,,MCUR1,,,MCUR1,FAM160A2,MCUR1,,MCUR1,MCUR1,,MCUR1,MCUR1
LIMA1,CDK17,LIMA1,,LIMA1,,,,LIMA1,,LIMA1,,,,,CMTM1,,FCGRT,,SLC4A7,,,,,LIMA1,,LIMA1,LIMA1,,LIMA1,,LIMA1,LIMA1,,LIMA1,LIMA1,,LIMA1,LIMA1,LIMA1,,LIMA1,LIMA1,LIMA1,LIMA1,LIMA1,ARPC3,LIMA1,GATB,LIMA1,LIMA1,LIMA1,,LIMA1,LIMA1,,,,LIMA1,LIMA1,LIMA1,,,LIMA1,,,LIMA1,,LIMA1,LIMA1,,LIMA1,LIMA1,LIMA1,,ZC3H11A,LIMA1,,LIMA1,LIMA1,LIMA1,LIMA1,,LIMA1,LIMA1,LIMA1,,,LIMA1,,,LIMA1,HERPUD1,LIMA1,,LIMA1,LIMA1,,LIMA1,LIMA1
LETMD1,DNAJC25,LETMD1,,LETMD1,,,,LETMD1,,LETMD1,,,,,KCNH4,,BTN3A3,,TMEM176A,,,,,LETMD1,,LETMD1,LETMD1,,LETMD1,,LETMD1,LETMD1,,LETMD1,LETMD1,,LETMD1,LETMD1,LETMD1,,LETMD1,LETMD1,LETMD1,LETMD1,LETMD1,GPN3,LETMD1,GATB,LETMD1,LETMD1,LETMD1,,LETMD1,LETMD1,,,,LETMD1,LETMD1,LETMD1,,,LETMD1,,,LETMD1,,LETMD1,LETMD1,,LETMD1,LETMD1,LETMD1,,RIOK2,LETMD1,,LETMD1,LETMD1,LETMD1,LETMD1,,LETMD1,LETMD1,LETMD1,,,LETMD1,,,LETMD1,HOMER3,LETMD1,,LETMD1,LETMD1,,LETMD1,LETMD1
SLC4A8,SLC2A3,SLC4A8,,SLC4A8,,,,SLC4A8,,SLC4A8,,,,,GANAB,,SELL,,M6PR,,,,,SLC4A8,,SLC4A8,SLC4A8,,SLC4A8,,SLC4A8,SLC4A8,,SLC4A8,SLC4A8,,SLC4A8,SLC4A8,SLC4A8,,SLC4A8,SLC4A8,SLC4A8,SLC4A8,SLC4A8,VPS29,SLC4A8,GATB,SLC4A8,SLC4A8,SLC4A8,,SLC4A8,SLC4A8,,,,SLC4A8,SLC4A8,SLC4A8,,,SLC4A8,,,SLC4A8,,SLC4A8,SLC4A8,,SLC4A8,SLC4A8,SLC4A8,,YIPF1,SLC4A8,,SLC4A8,SLC4A8,SLC4A8,SLC4A8,,SLC4A8,SLC4A8,SLC4A8,,,SLC4A8,,,SLC4A8,RAD51,SLC4A8,,SLC4A8,SLC4A8,,SLC4A8,SLC4A8
LAMC3,PSD,LAMC3,,LAMC3,,,,LAMC3,,LAMC3,,,,,GMIP,,FCGR2B,,CYP26B1,,,,,LAMC3,,LAMC3,LAMC3,,LAMC3,,LAMC3,LAMC3,,LAMC3,LAMC3,,LAMC3,LAMC3,LAMC3,,LAMC3,LAMC3,LAMC3,LAMC3,LAMC3,FGF6,LAMC3,GATB,LAMC3,LAMC3,LAMC3,,LAMC3,LAMC3,,,,LAMC3,LAMC3,LAMC3,,,LAMC3,,,LAMC3,,LAMC3,LAMC3,,LAMC3,LAMC3,LAMC3,,NDC1,LAMC3,,LAMC3,LAMC3,LAMC3,LAMC3,,LAMC3,LAMC3,LAMC3,,,LAMC3,,,LAMC3,POLQ,LAMC3,,LAMC3,LAMC3,,LAMC3,LAMC3
PTGER3,CTDP1,PTGER3,,PTGER3,,,,PTGER3,,PTGER3,,,,,BIRC5,,ITGA3,,KRIT1,,,,,PTGER3,,PTGER3,PTGER3,,PTGER3,,PTGER3,PTGER3,,PTGER3,PTGER3,,PTGER3,PTGER3,PTGER3,,PTGER3,PTGER3,PTGER3,PTGER3,PTGER3,MYL2,PTGER3,GATB,PTGER3,PTGER3,PTGER3,,PTGER3,PTGER3,,,,PTGER3,PTGER3,PTGER3,,,PTGER3,,,PTGER3,,PTGER3,PTGER3,,PTGER3,PTGER3,PTGER3,,DGKG,PTGER3,,PTGER3,PTGER3,PTGER3,PTGER3,,PTGER3,PTGER3,PTGER3,,,PTGER3,,,PTGER3,PIK3CB,PTGER3,,PTGER3,PTGER3,,PTGER3,PTGER3
TNIP3,YBX3,TNIP3,,TNIP3,,,,TNIP3,,TNIP3,,,,,LAG3,,NCDN,,RAD52,,,,,TNIP3,,TNIP3,TNIP3,,TNIP3,,TNIP3,TNIP3,,TNIP3,TNIP3,,TNIP3,TNIP3,TNIP3,,TNIP3,TNIP3,TNIP3,TNIP3,TNIP3,RAD51AP1,TNIP3,GATB,TNIP3,TNIP3,TNIP3,,TNIP3,TNIP3,,,,TNIP3,TNIP3,TNIP3,,,TNIP3,,,TNIP3,,TNIP3,TNIP3,,TNIP3,TNIP3,TNIP3,,FLYWCH1,TNIP3,,TNIP3,TNIP3,TNIP3,TNIP3,,TNIP3,TNIP3,TNIP3,,,TNIP3,,,TNIP3,CYBA,TNIP3,,TNIP3,TNIP3,,TNIP3,TNIP3
MAPK9,STYK1,MAPK9,,MAPK9,,,,MAPK9,,MAPK9,,,,,MLF2,,TRAF3IP2,,MYH16,,,,,MAPK9,,MAPK9,MAPK9,,MAPK9,,MAPK9,MAPK9,,MAPK9,MAPK9,,MAPK9,MAPK9,MAPK9,,MAPK9,MAPK9,MAPK9,MAPK9,MAPK9,CUX2,MAPK9,GATB,MAPK9,MAPK9,MAPK9,,MAPK9,MAPK9,,,,MAPK9,MAPK9,MAPK9,,,MAPK9,,,MAPK9,,MAPK9,MAPK9,,MAPK9,MAPK9,MAPK9,,UNKL,MAPK9,,MAPK9,MAPK9,MAPK9,MAPK9,,MAPK9,MAPK9,MAPK9,,,MAPK9,,,MAPK9,THOC3,MAPK9,,MAPK9,MAPK9,,MAPK9,MAPK9
COL23A1,WNK1,COL23A1,,COL23A1,,,,COL23A1,,COL23A1,,,,,OTUB2,,IL27RA,,BAD,,,,,COL23A1,,COL23A1,COL23A1,,COL23A1,,COL23A1,COL23A1,,COL23A1,COL23A1,,COL23A1,COL23A1,COL23A1,,COL23A1,COL23A1,COL23A1,COL23A1,COL23A1,SH2B3,COL23A1,GATB,COL23A1,COL23A1,COL23A1,,COL23A1,COL23A1,,,,COL23A1,COL23A1,COL23A1,,,COL23A1,,,COL23A1,,COL23A1,COL23A1,,COL23A1,COL23A1,COL23A1,,TBXAS1,COL23A1,,COL23A1,COL23A1,COL23A1,COL23A1,,COL23A1,COL23A1,COL23A1,,,COL23A1,,,COL23A1,HEBP2,COL23A1,,COL23A1,COL23A1,,COL23A1,COL23A1
BCAR1,CCAR1,BCAR1,,BCAR1,,,,BCAR1,,BCAR1,,,,,DDX24,,LY75,,LAP3,,,,,BCAR1,,BCAR1,BCAR1,,BCAR1,,BCAR1,BCAR1,,BCAR1,BCAR1,,BCAR1,BCAR1,BCAR1,,BCAR1,BCAR1,BCAR1,BCAR1,BCAR1,AKAP3,BCAR1,GATB,BCAR1,BCAR1,BCAR1,,BCAR1,BCAR1,,,,BCAR1,BCAR1,BCAR1,,,BCAR1,,,BCAR1,,BCAR1,BCAR1,,BCAR1,BCAR1,BCAR1,,PARP12,BCAR1,,BCAR1,BCAR1,BCAR1,BCAR1,,BCAR1,BCAR1,BCAR1,,,BCAR1,,,BCAR1,MPHOSPH9,BCAR1,,BCAR1,BCAR1,,BCAR1,BCAR1
FAM160A2,OGFR,FAM160A2,,FAM160A2,,,,FAM160A2,,FAM160A2,,,,,ZBTB25,,SPEN,,HS3ST1,,,,,FAM160A2,,FAM160A2,FAM160A2,,FAM160A2,,FAM160A2,FAM160A2,,FAM160A2,FAM160A2,,FAM160A2,FAM160A2,FAM160A2,,FAM160A2,FAM160A2,FAM160A2,FAM160A2,FAM160A2,MANSC1,FAM160A2,GATB,FAM160A2,FAM160A2,FAM160A2,,FAM160A2,FAM160A2,,,,FAM160A2,FAM160A2,FAM160A2,,,FAM160A2,,,FAM160A2,,FAM160A2,FAM160A2,,FAM160A2,FAM160A2,FAM160A2,,ALDH18A1,FAM160A2,,FAM160A2,FAM160A2,FAM160A2,FAM160A2,,FAM160A2,FAM160A2,FAM160A2,,,FAM160A2,,,FAM160A2,PLEKHA5,FAM160A2,,FAM160A2,FAM160A2,,FAM160A2,FAM160A2
HERPUD1,GNA15,HERPUD1,,HERPUD1,,,,HERPUD1,,HERPUD1,,,,,NECAP1,,FTL,,AOC1,,,,,HERPUD1,,HERPUD1,HERPUD1,,HERPUD1,,HERPUD1,HERPUD1,,HERPUD1,HERPUD1,,HERPUD1,HERPUD1,HERPUD1,,HERPUD1,HERPUD1,HERPUD1,HERPUD1,HERPUD1,KCNA1,HERPUD1,GATB,HERPUD1,HERPUD1,HERPUD1,,HERPUD1,HERPUD1,,,,HERPUD1,HERPUD1,HERPUD1,,,HERPUD1,,,HERPUD1,,HERPUD1,HERPUD1,,HERPUD1,HERPUD1,HERPUD1,,TARBP1,HERPUD1,,HERPUD1,HERPUD1,HERPUD1,HERPUD1,,HERPUD1,HERPUD1,HERPUD1,,,HERPUD1,,,HERPUD1,PRSS8,HERPUD1,,HERPUD1,HERPUD1,,HERPUD1,HERPUD1
HOMER3,CREB3L3,HOMER3,,HOMER3,,,,HOMER3,,HOMER3,,,,,ANKRD24,,RHBDF1,,WNT16,,,,,HOMER3,,HOMER3,HOMER3,,HOMER3,,HOMER3,HOMER3,,HOMER3,HOMER3,,HOMER3,HOMER3,HOMER3,,HOMER3,HOMER3,HOMER3,HOMER3,HOMER3,DUSP16,HOMER3,GATB,HOMER3,HOMER3,HOMER3,,HOMER3,HOMER3,,,,HOMER3,HOMER3,HOMER3,,,HOMER3,,,HOMER3,,HOMER3,HOMER3,,HOMER3,HOMER3,HOMER3,,GATB,HOMER3,,HOMER3,HOMER3,HOMER3,HOMER3,,HOMER3,HOMER3,HOMER3,,,HOMER3,,,HOMER3,SIKE1,HOMER3,,HOMER3,HOMER3,,HOMER3,HOMER3
RAD51,PIGV,RAD51,,RAD51,,,,RAD51,,RAD51,,,,,DHX32,,TFRC,,HECW1,,,,,RAD51,,RAD51,RAD51,,RAD51,,RAD51,RAD51,,RAD51,RAD51,,RAD51,RAD51,RAD51,,RAD51,RAD51,RAD51,RAD51,RAD51,CREBL2,RAD51,GATB,RAD51,RAD51,RAD51,,RAD51,RAD51,,,,RAD51,RAD51,RAD51,,,RAD51,,,RAD51,,RAD51,RAD51,,RAD51,RAD51,RAD51,,MXD1,RAD51,,RAD51,RAD51,RAD51,RAD51,,RAD51,RAD51,RAD51,,,RAD51,,,RAD51,RRP12,RAD51,,RAD51,RAD51,,RAD51,RAD51
POLQ,PTPRU,POLQ,,POLQ,,,,POLQ,,POLQ,,,,,RCOR1,,VEZT,,MAD1L1,,,,,POLQ,,POLQ,POLQ,,POLQ,,POLQ,POLQ,,POLQ,POLQ,,POLQ,POLQ,POLQ,,POLQ,POLQ,POLQ,POLQ,POLQ,ACAD10,POLQ,GATB,POLQ,POLQ,POLQ,,POLQ,POLQ,,,,POLQ,POLQ,POLQ,,,POLQ,,,POLQ,,POLQ,POLQ,,POLQ,POLQ,POLQ,,CDK17,POLQ,,POLQ,POLQ,POLQ,POLQ,,POLQ,POLQ,POLQ,,,POLQ,,,POLQ,FNIP2,POLQ,,POLQ,POLQ,,POLQ,POLQ
PIK3CB,SNRNP40,PIK3CB,,PIK3CB,,,,PIK3CB,,PIK3CB,,,,,GPATCH2L,,F7,,LASP1,,,,,PIK3CB,,PIK3CB,PIK3CB,,PIK3CB,,PIK3CB,PIK3CB,,PIK3CB,PIK3CB,,PIK3CB,PIK3CB,PIK3CB,,PIK3CB,PIK3CB,PIK3CB,PIK3CB,PIK3CB,ALDH2,PIK3CB,GATB,PIK3CB,PIK3CB,PIK3CB,,PIK3CB,PIK3CB,,,,PIK3CB,PIK3CB,PIK3CB,,,PIK3CB,,,PIK3CB,,PIK3CB,PIK3CB,,PIK3CB,PIK3CB,PIK3CB,,DNAJC25,PIK3CB,,PIK3CB,PIK3CB,PIK3CB,PIK3CB,,PIK3CB,PIK3CB,PIK3CB,,,PIK3CB,,,PIK3CB,MSMO1,PIK3CB,,PIK3CB,PIK3CB,,PIK3CB,PIK3CB
CYBA,RIMBP2,CYBA,,CYBA,,,,CYBA,,CYBA,,,,,LTBP4,,SLAMF7,,SNX11,,,,,CYBA,,CYBA,CYBA,,CYBA,,CYBA,CYBA,,CYBA,CYBA,,CYBA,CYBA,CYBA,,CYBA,CYBA,CYBA,CYBA,CYBA,CDKN1B,CYBA,GATB,CYBA,CYBA,CYBA,,CYBA,CYBA,,,,CYBA,CYBA,CYBA,,,CYBA,,,CYBA,,CYBA,CYBA,,CYBA,CYBA,CYBA,,SLC2A3,CYBA,,CYBA,CYBA,CYBA,CYBA,,CYBA,CYBA,CYBA,,,CYBA,,,CYBA,TTC17,CYBA,,CYBA,CYBA,,CYBA,CYBA
THOC3,COL11A1,THOC3,,THOC3,,,,THOC3,,THOC3,,,,,BLVRB,,KYNU,,MPO,,,,,THOC3,,THOC3,THOC3,,THOC3,,THOC3,THOC3,,THOC3,THOC3,,THOC3,THOC3,THOC3,,THOC3,THOC3,THOC3,THOC3,THOC3,GPRC5D,THOC3,GATB,THOC3,THOC3,THOC3,,THOC3,THOC3,,,,THOC3,THOC3,THOC3,,,THOC3,,,THOC3,,THOC3,THOC3,,THOC3,THOC3,THOC3,,PSD,THOC3,,THOC3,THOC3,THOC3,THOC3,,THOC3,THOC3,THOC3,,,THOC3,,,THOC3,ALX4,THOC3,,THOC3,THOC3,,THOC3,THOC3
HEBP2,QSER1,HEBP2,,HEBP2,,,,HEBP2,,HEBP2,,,,,SLC9A1,,LIMS2,,GCFC2,,,,,HEBP2,,HEBP2,HEBP2,,HEBP2,,HEBP2,HEBP2,,HEBP2,HEBP2,,HEBP2,HEBP2,HEBP2,,HEBP2,HEBP2,HEBP2,HEBP2,HEBP2,NAA25,HEBP2,GATB,HEBP2,HEBP2,HEBP2,,HEBP2,HEBP2,,,,HEBP2,HEBP2,HEBP2,,,HEBP2,,,HEBP2,,HEBP2,HEBP2,,HEBP2,HEBP2,HEBP2,,CTDP1,HEBP2,,HEBP2,HEBP2,HEBP2,HEBP2,,HEBP2,HEBP2,HEBP2,,,HEBP2,,,HEBP2,FSTL4,HEBP2,,HEBP2,HEBP2,,HEBP2,HEBP2
MPHOSPH9,MPC1,MPHOSPH9,,MPHOSPH9,,,,MPHOSPH9,,MPHOSPH9,,,,,SPTLC1,,TFEC,,WDR54,,,,,MPHOSPH9,,MPHOSPH9,MPHOSPH9,,MPHOSPH9,,MPHOSPH9,MPHOSPH9,,MPHOSPH9,MPHOSPH9,,MPHOSPH9,MPHOSPH9,MPHOSPH9,,MPHOSPH9,MPHOSPH9,MPHOSPH9,MPHOSPH9,MPHOSPH9,GSG1,MPHOSPH9,GATB,MPHOSPH9,MPHOSPH9,MPHOSPH9,,MPHOSPH9,MPHOSPH9,,,,MPHOSPH9,MPHOSPH9,MPHOSPH9,,,MPHOSPH9,,,MPHOSPH9,,MPHOSPH9,MPHOSPH9,,MPHOSPH9,MPHOSPH9,MPHOSPH9,,YBX3,MPHOSPH9,,MPHOSPH9,MPHOSPH9,MPHOSPH9,MPHOSPH9,,MPHOSPH9,MPHOSPH9,MPHOSPH9,,,MPHOSPH9,,,MPHOSPH9,FOXN3,MPHOSPH9,,MPHOSPH9,MPHOSPH9,,MPHOSPH9,MPHOSPH9
PLEKHA5,ACAA1,PLEKHA5,,PLEKHA5,,,,PLEKHA5,,PLEKHA5,,,,,PAPOLA,,IL1R2,,CROT,,,,,PLEKHA5,,PLEKHA5,PLEKHA5,,PLEKHA5,,PLEKHA5,PLEKHA5,,PLEKHA5,PLEKHA5,,PLEKHA5,PLEKHA5,PLEKHA5,,PLEKHA5,PLEKHA5,PLEKHA5,PLEKHA5,PLEKHA5,SCNN1A,PLEKHA5,GATB,PLEKHA5,PLEKHA5,PLEKHA5,,PLEKHA5,PLEKHA5,,,,PLEKHA5,PLEKHA5,PLEKHA5,,,PLEKHA5,,,PLEKHA5,,PLEKHA5,PLEKHA5,,PLEKHA5,PLEKHA5,PLEKHA5,,STYK1,PLEKHA5,,PLEKHA5,PLEKHA5,PLEKHA5,PLEKHA5,,PLEKHA5,PLEKHA5,PLEKHA5,,,PLEKHA5,,,PLEKHA5,METTL24,PLEKHA5,,PLEKHA5,PLEKHA5,,PLEKHA5,PLEKHA5
PRSS8,BCAT1,PRSS8,,PRSS8,,,,PRSS8,,PRSS8,,,,,CCNK,,IL15,,KMT2E,,,,,PRSS8,,PRSS8,PRSS8,,PRSS8,,PRSS8,PRSS8,,PRSS8,PRSS8,,PRSS8,PRSS8,PRSS8,,PRSS8,PRSS8,PRSS8,PRSS8,PRSS8,LTBR,PRSS8,GATB,PRSS8,PRSS8,PRSS8,,PRSS8,PRSS8,,,,PRSS8,PRSS8,PRSS8,,,PRSS8,,,PRSS8,,PRSS8,PRSS8,,PRSS8,PRSS8,PRSS8,,WNK1,PRSS8,,PRSS8,PRSS8,PRSS8,PRSS8,,PRSS8,PRSS8,PRSS8,,,PRSS8,,,PRSS8,AKR7A2,PRSS8,,PRSS8,PRSS8,,PRSS8,PRSS8
SIKE1,HDAC7,SIKE1,,SIKE1,,,,SIKE1,,SIKE1,,,,,PCBP4,,CXCL14,,RHBDD2,,,,,SIKE1,,SIKE1,SIKE1,,SIKE1,,SIKE1,SIKE1,,SIKE1,SIKE1,,SIKE1,SIKE1,SIKE1,,SIKE1,SIKE1,SIKE1,SIKE1,SIKE1,OGFOD2,SIKE1,GATB,SIKE1,SIKE1,SIKE1,,SIKE1,SIKE1,,,,SIKE1,SIKE1,SIKE1,,,SIKE1,,,SIKE1,,SIKE1,SIKE1,,SIKE1,SIKE1,SIKE1,,CCAR1,SIKE1,,SIKE1,SIKE1,SIKE1,SIKE1,,SIKE1,SIKE1,SIKE1,,,SIKE1,,,SIKE1,MRTO4,SIKE1,,SIKE1,SIKE1,,SIKE1,SIKE1
RRP12,LZTS1,RRP12,,RRP12,,,,RRP12,,RRP12,,,,,RGS1,,F3,,SOX8,,,,,RRP12,,RRP12,RRP12,,RRP12,,RRP12,RRP12,,RRP12,RRP12,,RRP12,RRP12,RRP12,,RRP12,RRP12,RRP12,RRP12,RRP12,CDK2AP1,RRP12,GATB,RRP12,RRP12,RRP12,,RRP12,RRP12,,,,RRP12,RRP12,RRP12,,,RRP12,,,RRP12,,RRP12,RRP12,,RRP12,RRP12,RRP12,,OGFR,RRP12,,RRP12,RRP12,RRP12,RRP12,,RRP12,RRP12,RRP12,,,RRP12,,,RRP12,NNAT,RRP12,,RRP12,RRP12,,RRP12,RRP12
FNIP2,PRDM6,FNIP2,,FNIP2,,,,FNIP2,,FNIP2,,,,,YPEL3,,P2RX1,,ITPK1,,,,,FNIP2,,FNIP2,FNIP2,,FNIP2,,FNIP2,FNIP2,,FNIP2,FNIP2,,FNIP2,FNIP2,FNIP2,,FNIP2,FNIP2,FNIP2,FNIP2,FNIP2,OAS3,FNIP2,GATB,FNIP2,FNIP2,FNIP2,,FNIP2,FNIP2,,,,FNIP2,FNIP2,FNIP2,,,FNIP2,,,FNIP2,,FNIP2,FNIP2,,FNIP2,FNIP2,FNIP2,,GNA15,FNIP2,,FNIP2,FNIP2,FNIP2,FNIP2,,FNIP2,FNIP2,FNIP2,,,FNIP2,,,FNIP2,USE1,FNIP2,,FNIP2,FNIP2,,FNIP2,FNIP2
MSMO1,WNT8A,MSMO1,,MSMO1,,,,MSMO1,,MSMO1,,,,,NDUFB2,,IL2,,DHRS7,,,,,MSMO1,,MSMO1,MSMO1,,MSMO1,,MSMO1,MSMO1,,MSMO1,MSMO1,,MSMO1,MSMO1,MSMO1,,MSMO1,MSMO1,MSMO1,MSMO1,MSMO1,OAS2,MSMO1,GATB,MSMO1,MSMO1,MSMO1,,MSMO1,MSMO1,,,,MSMO1,MSMO1,MSMO1,,,MSMO1,,,MSMO1,,MSMO1,MSMO1,,MSMO1,MSMO1,MSMO1,,CREB3L3,MSMO1,,MSMO1,MSMO1,MSMO1,MSMO1,,MSMO1,MSMO1,MSMO1,,,MSMO1,,,MSMO1,MCF2L2,MSMO1,,MSMO1,MSMO1,,MSMO1,MSMO1
TTC17,SPAG4,TTC17,,TTC17,,,,TTC17,,TTC17,,,,,NUDC,,TFEC,,PPM1A,,,,,TTC17,,TTC17,TTC17,,TTC17,,TTC17,TTC17,,TTC17,TTC17,,TTC17,TTC17,TTC17,,TTC17,TTC17,TTC17,TTC17,TTC17,ART4,TTC17,GATB,TTC17,TTC17,TTC17,,TTC17,TTC17,,,,TTC17,TTC17,TTC17,,,TTC17,,,TTC17,,TTC17,TTC17,,TTC17,TTC17,TTC17,,PIGV,TTC17,,TTC17,TTC17,TTC17,TTC17,,TTC17,TTC17,TTC17,,,TTC17,,,TTC17,NRIP2,TTC17,,TTC17,TTC17,,TTC17,TTC17
ALX4,NCKAP1,ALX4,,ALX4,,,,ALX4,,ALX4,,,,,MAEA,,LTBR,,SIX4,,,,,ALX4,,ALX4,ALX4,,ALX4,,ALX4,ALX4,,ALX4,ALX4,,ALX4,ALX4,ALX4,,ALX4,ALX4,ALX4,ALX4,ALX4,MGP,ALX4,GATB,ALX4,ALX4,ALX4,,ALX4,ALX4,,,,ALX4,ALX4,ALX4,,,ALX4,,,ALX4,,ALX4,ALX4,,ALX4,ALX4,ALX4,,PTPRU,ALX4,,ALX4,ALX4,ALX4,ALX4,,ALX4,ALX4,ALX4,,,ALX4,,,ALX4,LAMA3,ALX4,,ALX4,ALX4,,ALX4,ALX4
FSTL4,GUCY1B1,FSTL4,,FSTL4,,,,FSTL4,,FSTL4,,,,,ICAM1,,CCL1,,GALNT16,,,,,FSTL4,,FSTL4,FSTL4,,FSTL4,,FSTL4,FSTL4,,FSTL4,FSTL4,,FSTL4,FSTL4,FSTL4,,FSTL4,FSTL4,FSTL4,FSTL4,FSTL4,RASAL1,FSTL4,GATB,FSTL4,FSTL4,FSTL4,,FSTL4,FSTL4,,,,FSTL4,FSTL4,FSTL4,,,FSTL4,,,FSTL4,,FSTL4,FSTL4,,FSTL4,FSTL4,FSTL4,,SNRNP40,FSTL4,,FSTL4,FSTL4,FSTL4,FSTL4,,FSTL4,FSTL4,FSTL4,,,FSTL4,,,FSTL4,AP5M1,FSTL4,,FSTL4,FSTL4,,FSTL4,FSTL4
FOXN3,SFSWAP,FOXN3,,FOXN3,,,,FOXN3,,FOXN3,,,,,STRN4,,KYNU,,ASB2,,,,,FOXN3,,FOXN3,FOXN3,,FOXN3,,FOXN3,FOXN3,,FOXN3,FOXN3,,FOXN3,FOXN3,FOXN3,,FOXN3,FOXN3,FOXN3,FOXN3,FOXN3,ARHGDIB,FOXN3,GATB,FOXN3,FOXN3,FOXN3,,FOXN3,FOXN3,,,,FOXN3,FOXN3,FOXN3,,,FOXN3,,,FOXN3,,FOXN3,FOXN3,,FOXN3,FOXN3,FOXN3,,RIMBP2,FOXN3,,FOXN3,FOXN3,FOXN3,FOXN3,,FOXN3,FOXN3,FOXN3,,,FOXN3,,,FOXN3,ANAPC4,FOXN3,,FOXN3,FOXN3,,FOXN3,FOXN3
METTL24,TNK2,METTL24,,METTL24,,,,METTL24,,METTL24,,,,,IRAK3,,ICAM5,,CEP128,,,,,METTL24,,METTL24,METTL24,,METTL24,,METTL24,METTL24,,METTL24,METTL24,,METTL24,METTL24,METTL24,,METTL24,METTL24,METTL24,METTL24,METTL24,GTF2H3,METTL24,GATB,METTL24,METTL24,METTL24,,METTL24,METTL24,,,,METTL24,METTL24,METTL24,,,METTL24,,,METTL24,,METTL24,METTL24,,METTL24,METTL24,METTL24,,COL11A1,METTL24,,METTL24,METTL24,METTL24,METTL24,,METTL24,METTL24,METTL24,,,METTL24,,,METTL24,KCNQ1,METTL24,,METTL24,METTL24,,METTL24,METTL24
AKR7A2,MON2,AKR7A2,,AKR7A2,,,,AKR7A2,,AKR7A2,,,,,LYZ,,IFIT2,,ERH,,,,,AKR7A2,,AKR7A2,AKR7A2,,AKR7A2,,AKR7A2,AKR7A2,,AKR7A2,AKR7A2,,AKR7A2,AKR7A2,AKR7A2,,AKR7A2,AKR7A2,AKR7A2,AKR7A2,AKR7A2,EIF2B1,AKR7A2,GATB,AKR7A2,AKR7A2,AKR7A2,,AKR7A2,AKR7A2,,,,AKR7A2,AKR7A2,AKR7A2,,,AKR7A2,,,AKR7A2,,AKR7A2,AKR7A2,,AKR7A2,AKR7A2,AKR7A2,,QSER1,AKR7A2,,AKR7A2,AKR7A2,AKR7A2,AKR7A2,,AKR7A2,AKR7A2,AKR7A2,,,AKR7A2,,,AKR7A2,TRAPPC3,AKR7A2,,AKR7A2,AKR7A2,,AKR7A2,AKR7A2
MRTO4,CDH3,MRTO4,,MRTO4,,,,MRTO4,,MRTO4,,,,,SI,,KYNU,,HIF1A,,,,,MRTO4,,MRTO4,MRTO4,,MRTO4,,MRTO4,MRTO4,,MRTO4,MRTO4,,MRTO4,MRTO4,MRTO4,,MRTO4,MRTO4,MRTO4,MRTO4,MRTO4,DDX55,MRTO4,GATB,MRTO4,MRTO4,MRTO4,,MRTO4,MRTO4,,,,MRTO4,MRTO4,MRTO4,,,MRTO4,,,MRTO4,,MRTO4,MRTO4,,MRTO4,MRTO4,MRTO4,,MPC1,MRTO4,,MRTO4,MRTO4,MRTO4,MRTO4,,MRTO4,MRTO4,MRTO4,,,MRTO4,,,MRTO4,THRAP3,MRTO4,,MRTO4,MRTO4,,MRTO4,MRTO4
NNAT,GPBP1,NNAT,,NNAT,,,,NNAT,,NNAT,,,,,MUL1,,TFRC,,SUSD6,,,,,NNAT,,NNAT,NNAT,,NNAT,,NNAT,NNAT,,NNAT,NNAT,,NNAT,NNAT,NNAT,,NNAT,NNAT,NNAT,NNAT,NNAT,SLC38A1,NNAT,GATB,NNAT,NNAT,NNAT,,NNAT,NNAT,,,,NNAT,NNAT,NNAT,,,NNAT,,,NNAT,,NNAT,NNAT,,NNAT,NNAT,NNAT,,ACAA1,NNAT,,NNAT,NNAT,NNAT,NNAT,,NNAT,NNAT,NNAT,,,NNAT,,,NNAT,PHPT1,NNAT,,NNAT,NNAT,,NNAT,NNAT
USE1,DGAT2,USE1,,USE1,,,,USE1,,USE1,,,,,TFAP4,,ASB3,,SRSF5,,,,,USE1,,USE1,USE1,,USE1,,USE1,USE1,,USE1,USE1,,USE1,USE1,USE1,,USE1,USE1,USE1,USE1,USE1,RERGL,USE1,GATB,USE1,USE1,USE1,,USE1,USE1,,,,USE1,USE1,USE1,,,USE1,,,USE1,,USE1,USE1,,USE1,USE1,USE1,,BCAT1,USE1,,USE1,USE1,USE1,USE1,,USE1,USE1,USE1,,,USE1,,,USE1,ENTPD2,USE1,,USE1,USE1,,USE1,USE1
MCF2L2,ZNF112,MCF2L2,,MCF2L2,,,,MCF2L2,,MCF2L2,,,,,PDCD7,,IL20RA,,SLC10A1,,,,,MCF2L2,,MCF2L2,MCF2L2,,MCF2L2,,MCF2L2,MCF2L2,,MCF2L2,MCF2L2,,MCF2L2,MCF2L2,MCF2L2,,MCF2L2,MCF2L2,MCF2L2,MCF2L2,MCF2L2,ENDOU,MCF2L2,GATB,MCF2L2,MCF2L2,MCF2L2,,MCF2L2,MCF2L2,,,,MCF2L2,MCF2L2,MCF2L2,,,MCF2L2,,,MCF2L2,,MCF2L2,MCF2L2,,MCF2L2,MCF2L2,MCF2L2,,HDAC7,MCF2L2,,MCF2L2,MCF2L2,MCF2L2,MCF2L2,,MCF2L2,MCF2L2,MCF2L2,,,MCF2L2,,,MCF2L2,LY75,MCF2L2,,MCF2L2,MCF2L2,,MCF2L2,MCF2L2
NRIP2,CS,NRIP2,,NRIP2,,,,NRIP2,,NRIP2,,,,,SPG21,,IFIT3,,EIF5,,,,,NRIP2,,NRIP2,NRIP2,,NRIP2,,NRIP2,NRIP2,,NRIP2,NRIP2,,NRIP2,NRIP2,NRIP2,,NRIP2,NRIP2,NRIP2,NRIP2,NRIP2,SPRING1,NRIP2,GATB,NRIP2,NRIP2,NRIP2,,NRIP2,NRIP2,,,,NRIP2,NRIP2,NRIP2,,,NRIP2,,,NRIP2,,NRIP2,NRIP2,,NRIP2,NRIP2,NRIP2,,LZTS1,NRIP2,,NRIP2,NRIP2,NRIP2,NRIP2,,NRIP2,NRIP2,NRIP2,,,NRIP2,,,NRIP2,ARID4B,NRIP2,,NRIP2,NRIP2,,NRIP2,NRIP2
LAMA3,LTK,LAMA3,,LAMA3,,,,LAMA3,,LAMA3,,,,,FETUB,,TFEC,,SERPINA4,,,,,LAMA3,,LAMA3,LAMA3,,LAMA3,,LAMA3,LAMA3,,LAMA3,LAMA3,,LAMA3,LAMA3,LAMA3,,LAMA3,LAMA3,LAMA3,LAMA3,LAMA3,VDR,LAMA3,GATB,LAMA3,LAMA3,LAMA3,,LAMA3,LAMA3,,,,LAMA3,LAMA3,LAMA3,,,LAMA3,,,LAMA3,,LAMA3,LAMA3,,LAMA3,LAMA3,LAMA3,,PRDM6,LAMA3,,LAMA3,LAMA3,LAMA3,LAMA3,,LAMA3,LAMA3,LAMA3,,,LAMA3,,,LAMA3,OPN3,LAMA3,,LAMA3,LAMA3,,LAMA3,LAMA3
AP5M1,ELMO2,AP5M1,,AP5M1,,,,AP5M1,,AP5M1,,,,,DNAJB11,,KYNU,,SLC8A3,,,,,AP5M1,,AP5M1,AP5M1,,AP5M1,,AP5M1,AP5M1,,AP5M1,AP5M1,,AP5M1,AP5M1,AP5M1,,AP5M1,AP5M1,AP5M1,AP5M1,AP5M1,FZD10,AP5M1,GATB,AP5M1,AP5M1,AP5M1,,AP5M1,AP5M1,,,,AP5M1,AP5M1,AP5M1,,,AP5M1,,,AP5M1,,AP5M1,AP5M1,,AP5M1,AP5M1,AP5M1,,WNT8A,AP5M1,,AP5M1,AP5M1,AP5M1,AP5M1,,AP5M1,AP5M1,AP5M1,,,AP5M1,,,AP5M1,SDCCAG8,AP5M1,,AP5M1,AP5M1,,AP5M1,AP5M1
ANAPC4,WAPL,ANAPC4,,ANAPC4,,,,ANAPC4,,ANAPC4,,,,,P3H2,,ALOX5,,DICER1,,,,,ANAPC4,,ANAPC4,ANAPC4,,ANAPC4,,ANAPC4,ANAPC4,,ANAPC4,ANAPC4,,ANAPC4,ANAPC4,ANAPC4,,ANAPC4,ANAPC4,ANAPC4,ANAPC4,ANAPC4,RFC5,ANAPC4,GATB,ANAPC4,ANAPC4,ANAPC4,,ANAPC4,ANAPC4,,,,ANAPC4,ANAPC4,ANAPC4,,,ANAPC4,,,ANAPC4,,ANAPC4,ANAPC4,,ANAPC4,ANAPC4,ANAPC4,,SPAG4,ANAPC4,,ANAPC4,ANAPC4,ANAPC4,ANAPC4,,ANAPC4,ANAPC4,ANAPC4,,,ANAPC4,,,ANAPC4,PTPRN,ANAPC4,,ANAPC4,ANAPC4,,ANAPC4,ANAPC4
KCNQ1,VMP1,KCNQ1,,KCNQ1,,,,KCNQ1,,KCNQ1,,,,,THPO,,GNAI3,,ZFYVE21,,,,,KCNQ1,,KCNQ1,KCNQ1,,KCNQ1,,KCNQ1,KCNQ1,,KCNQ1,KCNQ1,,KCNQ1,KCNQ1,KCNQ1,,KCNQ1,KCNQ1,KCNQ1,KCNQ1,KCNQ1,STX2,KCNQ1,GATB,KCNQ1,KCNQ1,KCNQ1,,KCNQ1,KCNQ1,,,,KCNQ1,KCNQ1,KCNQ1,,,KCNQ1,,,KCNQ1,,KCNQ1,KCNQ1,,KCNQ1,KCNQ1,KCNQ1,,NCKAP1,KCNQ1,,KCNQ1,KCNQ1,KCNQ1,KCNQ1,,KCNQ1,KCNQ1,KCNQ1,,,KCNQ1,,,KCNQ1,HHAT,KCNQ1,,KCNQ1,KCNQ1,,KCNQ1,KCNQ1
TRAPPC3,APPBP2,TRAPPC3,,TRAPPC3,,,,TRAPPC3,,TRAPPC3,,,,,CHRD,,TFAP2B,,MTHFD1,,,,,TRAPPC3,,TRAPPC3,TRAPPC3,,TRAPPC3,,TRAPPC3,TRAPPC3,,TRAPPC3,TRAPPC3,,TRAPPC3,TRAPPC3,TRAPPC3,,TRAPPC3,TRAPPC3,TRAPPC3,TRAPPC3,TRAPPC3,ADGRD1,TRAPPC3,GATB,TRAPPC3,TRAPPC3,TRAPPC3,,TRAPPC3,TRAPPC3,,,,TRAPPC3,TRAPPC3,TRAPPC3,,,TRAPPC3,,,TRAPPC3,,TRAPPC3,TRAPPC3,,TRAPPC3,TRAPPC3,TRAPPC3,,GUCY1B1,TRAPPC3,,TRAPPC3,TRAPPC3,TRAPPC3,TRAPPC3,,TRAPPC3,TRAPPC3,TRAPPC3,,,TRAPPC3,,,TRAPPC3,KIF1B,TRAPPC3,,TRAPPC3,TRAPPC3,,TRAPPC3,TRAPPC3
THRAP3,POLD1,THRAP3,,THRAP3,,,,THRAP3,,THRAP3,,,,,FLT3LG,,LYZL2,,TCL1A,,,,,THRAP3,,THRAP3,THRAP3,,THRAP3,,THRAP3,THRAP3,,THRAP3,THRAP3,,THRAP3,THRAP3,THRAP3,,THRAP3,THRAP3,THRAP3,THRAP3,THRAP3,COPZ1,THRAP3,GATB,THRAP3,THRAP3,THRAP3,,THRAP3,THRAP3,,,,THRAP3,THRAP3,THRAP3,,,THRAP3,,,THRAP3,,THRAP3,THRAP3,,THRAP3,THRAP3,THRAP3,,SFSWAP,THRAP3,,THRAP3,THRAP3,THRAP3,THRAP3,,THRAP3,THRAP3,THRAP3,,,THRAP3,,,THRAP3,FOXC1,THRAP3,,THRAP3,THRAP3,,THRAP3,THRAP3
PHPT1,SEZ6,PHPT1,,PHPT1,,,,PHPT1,,PHPT1,,,,,RAB11FIP3,,CCL20,,ZC3H14,,,,,PHPT1,,PHPT1,PHPT1,,PHPT1,,PHPT1,PHPT1,,PHPT1,PHPT1,,PHPT1,PHPT1,PHPT1,,PHPT1,PHPT1,PHPT1,PHPT1,PHPT1,TBC1D30,PHPT1,GATB,PHPT1,PHPT1,PHPT1,,PHPT1,PHPT1,,,,PHPT1,PHPT1,PHPT1,,,PHPT1,,,PHPT1,,PHPT1,PHPT1,,PHPT1,PHPT1,PHPT1,,TNK2,PHPT1,,PHPT1,PHPT1,PHPT1,PHPT1,,PHPT1,PHPT1,PHPT1,,,PHPT1,,,PHPT1,TBC1D22A,PHPT1,,PHPT1,PHPT1,,PHPT1,PHPT1
ENTPD2,EIF4B,ENTPD2,,ENTPD2,,,,ENTPD2,,ENTPD2,,,,,GNPTG,,SPEN,,TELO2,,,,,ENTPD2,,ENTPD2,ENTPD2,,ENTPD2,,ENTPD2,ENTPD2,,ENTPD2,ENTPD2,,ENTPD2,ENTPD2,ENTPD2,,ENTPD2,ENTPD2,ENTPD2,ENTPD2,ENTPD2,CAND1,ENTPD2,GATB,ENTPD2,ENTPD2,ENTPD2,,ENTPD2,ENTPD2,,,,ENTPD2,ENTPD2,ENTPD2,,,ENTPD2,,,ENTPD2,,ENTPD2,ENTPD2,,ENTPD2,ENTPD2,ENTPD2,,MON2,ENTPD2,,ENTPD2,ENTPD2,ENTPD2,ENTPD2,,ENTPD2,ENTPD2,ENTPD2,,,ENTPD2,,,ENTPD2,SYNE2,ENTPD2,,ENTPD2,ENTPD2,,ENTPD2,ENTPD2
LY75,SLC6A16,LY75,,LY75,,,,LY75,,LY75,,,,,ZNF268,,SELL,,PCNX1,,,,,LY75,,LY75,LY75,,LY75,,LY75,LY75,,LY75,LY75,,LY75,LY75,LY75,,LY75,LY75,LY75,LY75,LY75,IL26,LY75,GATB,LY75,LY75,LY75,,LY75,LY75,,,,LY75,LY75,LY75,,,LY75,,,LY75,,LY75,LY75,,LY75,LY75,LY75,,CDH3,LY75,,LY75,LY75,LY75,LY75,,LY75,LY75,LY75,,,LY75,,,LY75,,LY75,,LY75,LY75,,LY75,LY75
ARID4B,BICRA,ARID4B,,ARID4B,,,,ARID4B,,ARID4B,,,,,GOLGA3,,CXCL9,,BDKRB1,,,,,ARID4B,,ARID4B,ARID4B,,ARID4B,,ARID4B,ARID4B,,ARID4B,ARID4B,,ARID4B,ARID4B,ARID4B,,ARID4B,ARID4B,ARID4B,ARID4B,ARID4B,IFNG,ARID4B,GATB,ARID4B,ARID4B,ARID4B,,ARID4B,ARID4B,,,,ARID4B,ARID4B,ARID4B,,,ARID4B,,,ARID4B,,ARID4B,ARID4B,,ARID4B,ARID4B,ARID4B,,GPBP1,ARID4B,,ARID4B,ARID4B,ARID4B,ARID4B,,ARID4B,ARID4B,ARID4B,,,ARID4B,,,ARID4B,,ARID4B,,ARID4B,ARID4B,,ARID4B,ARID4B
OPN3,SPHK2,OPN3,,OPN3,,,,OPN3,,OPN3,,,,,PABPC4,,CD33,,GSKIP,,,,,OPN3,,OPN3,OPN3,,OPN3,,OPN3,OPN3,,OPN3,OPN3,,OPN3,OPN3,OPN3,,OPN3,OPN3,OPN3,OPN3,OPN3,RAB5B,OPN3,GATB,OPN3,OPN3,OPN3,,OPN3,OPN3,,,,OPN3,OPN3,OPN3,,,OPN3,,,OPN3,,OPN3,OPN3,,OPN3,OPN3,OPN3,,DGAT2,OPN3,,OPN3,OPN3,OPN3,OPN3,,OPN3,OPN3,OPN3,,,OPN3,,,OPN3,,OPN3,,OPN3,OPN3,,OPN3,OPN3
SDCCAG8,CA11,SDCCAG8,,SDCCAG8,,,,SDCCAG8,,SDCCAG8,,,,,CD209,,TFEC,,VRK1,,,,,SDCCAG8,,SDCCAG8,SDCCAG8,,SDCCAG8,,SDCCAG8,SDCCAG8,,SDCCAG8,SDCCAG8,,SDCCAG8,SDCCAG8,SDCCAG8,,SDCCAG8,SDCCAG8,SDCCAG8,SDCCAG8,SDCCAG8,MDM1,SDCCAG8,GATB,SDCCAG8,SDCCAG8,SDCCAG8,,SDCCAG8,SDCCAG8,,,,SDCCAG8,SDCCAG8,SDCCAG8,,,SDCCAG8,,,SDCCAG8,,SDCCAG8,SDCCAG8,,SDCCAG8,SDCCAG8,SDCCAG8,,ZNF112,SDCCAG8,,SDCCAG8,SDCCAG8,SDCCAG8,SDCCAG8,,SDCCAG8,SDCCAG8,SDCCAG8,,,SDCCAG8,,,SDCCAG8,,SDCCAG8,,SDCCAG8,SDCCAG8,,SDCCAG8,SDCCAG8
PTPRN,ISOC2,PTPRN,,PTPRN,,,,PTPRN,,PTPRN,,,,,CERS4,,ICAM4,,PSMC1,,,,,PTPRN,,PTPRN,PTPRN,,PTPRN,,PTPRN,PTPRN,,PTPRN,PTPRN,,PTPRN,PTPRN,PTPRN,,PTPRN,PTPRN,PTPRN,PTPRN,PTPRN,NUP107,PTPRN,GATB,PTPRN,PTPRN,PTPRN,,PTPRN,PTPRN,,,,PTPRN,PTPRN,PTPRN,,,PTPRN,,,PTPRN,,PTPRN,PTPRN,,PTPRN,PTPRN,PTPRN,,CS,PTPRN,,PTPRN,PTPRN,PTPRN,PTPRN,,PTPRN,PTPRN,PTPRN,,,PTPRN,,,PTPRN,,PTPRN,,PTPRN,PTPRN,,PTPRN,PTPRN
HHAT,U2AF2,HHAT,,HHAT,,,,HHAT,,HHAT,,,,,MCOLN1,,F7,,PAPLN,,,,,HHAT,,HHAT,HHAT,,HHAT,,HHAT,HHAT,,HHAT,HHAT,,HHAT,HHAT,HHAT,,HHAT,HHAT,HHAT,HHAT,HHAT,CNOT2,HHAT,GATB,HHAT,HHAT,HHAT,,HHAT,HHAT,,,,HHAT,HHAT,HHAT,,,HHAT,,,HHAT,,HHAT,HHAT,,HHAT,HHAT,HHAT,,LTK,HHAT,,HHAT,HHAT,HHAT,HHAT,,HHAT,HHAT,HHAT,,,HHAT,,,HHAT,,HHAT,,HHAT,HHAT,,HHAT,HHAT
KIF1B,EPN1,KIF1B,,KIF1B,,,,KIF1B,,KIF1B,,,,,USP48,,FCGRT,,RPS6KA5,,,,,KIF1B,,KIF1B,KIF1B,,KIF1B,,KIF1B,KIF1B,,KIF1B,KIF1B,,KIF1B,KIF1B,KIF1B,,KIF1B,KIF1B,KIF1B,KIF1B,KIF1B,TIMELESS,KIF1B,GATB,KIF1B,KIF1B,KIF1B,,KIF1B,KIF1B,,,,KIF1B,KIF1B,KIF1B,,,KIF1B,,,KIF1B,,KIF1B,KIF1B,,KIF1B,KIF1B,KIF1B,,ELMO2,KIF1B,,KIF1B,KIF1B,KIF1B,KIF1B,,KIF1B,KIF1B,KIF1B,,,KIF1B,,,KIF1B,,KIF1B,,KIF1B,KIF1B,,KIF1B,KIF1B
FOXC1,MED29,FOXC1,,FOXC1,,,,FOXC1,,FOXC1,,,,,PDPR,,TFRC,,PPP4R3A,,,,,FOXC1,,FOXC1,FOXC1,,FOXC1,,FOXC1,FOXC1,,FOXC1,FOXC1,,FOXC1,FOXC1,FOXC1,,FOXC1,FOXC1,FOXC1,FOXC1,FOXC1,CPSF6,FOXC1,GATB,FOXC1,FOXC1,FOXC1,,FOXC1,FOXC1,,,,FOXC1,FOXC1,FOXC1,,,FOXC1,,,FOXC1,,FOXC1,FOXC1,,FOXC1,FOXC1,FOXC1,,WAPL,FOXC1,,FOXC1,FOXC1,FOXC1,FOXC1,,FOXC1,FOXC1,FOXC1,,,FOXC1,,,FOXC1,,FOXC1,,FOXC1,FOXC1,,FOXC1,FOXC1
TBC1D22A,AHRR,TBC1D22A,,TBC1D22A,,,,TBC1D22A,,TBC1D22A,,,,,AARS1,,BTN3A1,,C14orf93,,,,,TBC1D22A,,TBC1D22A,TBC1D22A,,TBC1D22A,,TBC1D22A,TBC1D22A,,TBC1D22A,TBC1D22A,,TBC1D22A,TBC1D22A,TBC1D22A,,TBC1D22A,TBC1D22A,TBC1D22A,TBC1D22A,TBC1D22A,KRR1,TBC1D22A,GATB,TBC1D22A,TBC1D22A,TBC1D22A,,TBC1D22A,TBC1D22A,,,,TBC1D22A,TBC1D22A,TBC1D22A,,,TBC1D22A,,,TBC1D22A,,TBC1D22A,TBC1D22A,,TBC1D22A,TBC1D22A,TBC1D22A,,VMP1,TBC1D22A,,TBC1D22A,TBC1D22A,TBC1D22A,TBC1D22A,,TBC1D22A,TBC1D22A,TBC1D22A,,,TBC1D22A,,,TBC1D22A,,TBC1D22A,,TBC1D22A,TBC1D22A,,TBC1D22A,TBC1D22A
SYNE2,GSC2,SYNE2,,SYNE2,,,,SYNE2,,SYNE2,,,,,GLG1,,IL32,,PSMB5,,,,,SYNE2,,SYNE2,SYNE2,,SYNE2,,SYNE2,SYNE2,,SYNE2,SYNE2,,SYNE2,SYNE2,SYNE2,,SYNE2,SYNE2,SYNE2,SYNE2,SYNE2,GAPDH,SYNE2,GATB,SYNE2,SYNE2,SYNE2,,SYNE2,SYNE2,,,,SYNE2,SYNE2,SYNE2,,,SYNE2,,,SYNE2,,SYNE2,SYNE2,,SYNE2,SYNE2,SYNE2,,APPBP2,SYNE2,,SYNE2,SYNE2,SYNE2,SYNE2,,SYNE2,SYNE2,SYNE2,,,SYNE2,,,SYNE2,,SYNE2,,SYNE2,SYNE2,,SYNE2,SYNE2
PLEKHH1,GPC1,PLEKHH1,,PLEKHH1,,,,PLEKHH1,,PLEKHH1,,,,,TNRC6A,,SCARB1,,YY1,,,,,PLEKHH1,,PLEKHH1,PLEKHH1,,PLEKHH1,,PLEKHH1,PLEKHH1,,PLEKHH1,PLEKHH1,,PLEKHH1,PLEKHH1,PLEKHH1,,PLEKHH1,PLEKHH1,PLEKHH1,PLEKHH1,PLEKHH1,NOP2,PLEKHH1,GATB,PLEKHH1,PLEKHH1,PLEKHH1,,PLEKHH1,PLEKHH1,,,,PLEKHH1,PLEKHH1,PLEKHH1,,,PLEKHH1,,,PLEKHH1,,PLEKHH1,PLEKHH1,,PLEKHH1,PLEKHH1,PLEKHH1,,POLD1,PLEKHH1,,PLEKHH1,PLEKHH1,PLEKHH1,PLEKHH1,,PLEKHH1,PLEKHH1,PLEKHH1,,,PLEKHH1,,,PLEKHH1,,PLEKHH1,,PLEKHH1,PLEKHH1,,PLEKHH1,PLEKHH1
ATP9A,ADCK1,ATP9A,,ATP9A,,,,ATP9A,,ATP9A,,,,,PLEKHG2,,RUNX3,,ACIN1,,,,,ATP9A,,ATP9A,ATP9A,,ATP9A,,ATP9A,ATP9A,,ATP9A,ATP9A,,ATP9A,ATP9A,ATP9A,,ATP9A,ATP9A,ATP9A,ATP9A,ATP9A,CHD4,ATP9A,GATB,ATP9A,ATP9A,ATP9A,,ATP9A,ATP9A,,,,ATP9A,ATP9A,ATP9A,,,ATP9A,,,ATP9A,,ATP9A,ATP9A,,ATP9A,ATP9A,ATP9A,,SEZ6,ATP9A,,ATP9A,ATP9A,ATP9A,ATP9A,,ATP9A,ATP9A,ATP9A,,,ATP9A,,,ATP9A,,ATP9A,,ATP9A,ATP9A,,ATP9A,ATP9A
SPO11,HAGH,SPO11,,SPO11,,,,SPO11,,SPO11,,,,,DLL3,,LYZL1,,CCNB1IP1,,,,,SPO11,,SPO11,SPO11,,SPO11,,SPO11,SPO11,,SPO11,SPO11,,SPO11,SPO11,SPO11,,SPO11,SPO11,SPO11,SPO11,SPO11,ACRBP,SPO11,GATB,SPO11,SPO11,SPO11,,SPO11,SPO11,,,,SPO11,SPO11,SPO11,,,SPO11,,,SPO11,,SPO11,SPO11,,SPO11,SPO11,SPO11,,EIF4B,SPO11,,SPO11,SPO11,SPO11,SPO11,,SPO11,SPO11,SPO11,,,SPO11,,,SPO11,,SPO11,,SPO11,SPO11,,SPO11,SPO11
CBLN4,RNF4,CBLN4,,CBLN4,,,,CBLN4,,CBLN4,,,,,NAT14,,VEZT,,TRIP11,,,,,CBLN4,,CBLN4,CBLN4,,CBLN4,,CBLN4,CBLN4,,CBLN4,CBLN4,,CBLN4,CBLN4,CBLN4,,CBLN4,CBLN4,CBLN4,CBLN4,CBLN4,UHRF1BP1L,CBLN4,GATB,CBLN4,CBLN4,CBLN4,,CBLN4,CBLN4,,,,CBLN4,CBLN4,CBLN4,,,CBLN4,,,CBLN4,,CBLN4,CBLN4,,CBLN4,CBLN4,CBLN4,,SLC6A16,CBLN4,,CBLN4,CBLN4,CBLN4,CBLN4,,CBLN4,CBLN4,CBLN4,,,CBLN4,,,CBLN4,,CBLN4,,CBLN4,CBLN4,,CBLN4,CBLN4
CHRDL2,CASP8,CHRDL2,,CHRDL2,,,,CHRDL2,,CHRDL2,,,,,PITPNM2,,KYNU,,APEX1,,,,,CHRDL2,,CHRDL2,CHRDL2,,CHRDL2,,CHRDL2,CHRDL2,,CHRDL2,CHRDL2,,CHRDL2,CHRDL2,CHRDL2,,CHRDL2,CHRDL2,CHRDL2,CHRDL2,CHRDL2,COPS7A,CHRDL2,GATB,CHRDL2,CHRDL2,CHRDL2,,CHRDL2,CHRDL2,,,,CHRDL2,CHRDL2,CHRDL2,,,CHRDL2,,,CHRDL2,,CHRDL2,CHRDL2,,CHRDL2,CHRDL2,CHRDL2,,BICRA,CHRDL2,,CHRDL2,CHRDL2,CHRDL2,CHRDL2,,CHRDL2,CHRDL2,CHRDL2,,,CHRDL2,,,CHRDL2,,CHRDL2,,CHRDL2,CHRDL2,,CHRDL2,CHRDL2
FAM168A,LIMCH1,FAM168A,,FAM168A,,,,FAM168A,,FAM168A,,,,,EXOC1,,ADAMTS2,,PABPN1,,,,,FAM168A,,FAM168A,FAM168A,,FAM168A,,FAM168A,FAM168A,,FAM168A,FAM168A,,FAM168A,FAM168A,FAM168A,,FAM168A,FAM168A,FAM168A,FAM168A,FAM168A,ING4,FAM168A,GATB,FAM168A,FAM168A,FAM168A,,FAM168A,FAM168A,,,,FAM168A,FAM168A,FAM168A,,,FAM168A,,,FAM168A,,FAM168A,FAM168A,,FAM168A,FAM168A,FAM168A,,SPHK2,FAM168A,,FAM168A,FAM168A,FAM168A,FAM168A,,FAM168A,FAM168A,FAM168A,,,FAM168A,,,FAM168A,,FAM168A,,FAM168A,FAM168A,,FAM168A,FAM168A
RELT,INTS13,RELT,,RELT,,,,RELT,,RELT,,,,,RBM27,,IL34,,EFS,,,,,RELT,,RELT,RELT,,RELT,,RELT,RELT,,RELT,RELT,,RELT,RELT,RELT,,RELT,RELT,RELT,RELT,RELT,GNB3,RELT,GATB,RELT,RELT,RELT,,RELT,RELT,,,,RELT,RELT,RELT,,,RELT,,,RELT,,RELT,RELT,,RELT,RELT,RELT,,CA11,RELT,,RELT,RELT,RELT,RELT,,RELT,RELT,RELT,,,RELT,,,RELT,,RELT,,RELT,RELT,,RELT,RELT
GALC,TM7SF3,GALC,,GALC,,,,GALC,,GALC,,,,,POU4F3,,HFE,,ARHGAP5,,,,,GALC,,GALC,GALC,,GALC,,GALC,GALC,,GALC,GALC,,GALC,GALC,GALC,,GALC,GALC,GALC,GALC,GALC,CDCA3,GALC,GATB,GALC,GALC,GALC,,GALC,GALC,,,,GALC,GALC,GALC,,,GALC,,,GALC,,GALC,GALC,,GALC,GALC,GALC,,ISOC2,GALC,,GALC,GALC,GALC,GALC,,GALC,GALC,GALC,,,GALC,,,GALC,,GALC,,GALC,GALC,,GALC,GALC
NOP58,DLX3,NOP58,,NOP58,,,,NOP58,,NOP58,,,,,OSBPL8,,SLC4A8,,CINP,,,,,NOP58,,NOP58,NOP58,,NOP58,,NOP58,NOP58,,NOP58,NOP58,,NOP58,NOP58,NOP58,,NOP58,NOP58,NOP58,NOP58,NOP58,CHPT1,NOP58,GATB,NOP58,NOP58,NOP58,,NOP58,NOP58,,,,NOP58,NOP58,NOP58,,,NOP58,,,NOP58,,NOP58,NOP58,,NOP58,NOP58,NOP58,,U2AF2,NOP58,,NOP58,NOP58,NOP58,NOP58,,NOP58,NOP58,NOP58,,,NOP58,,,NOP58,,NOP58,,NOP58,NOP58,,NOP58,NOP58
SZRD1,SPA17,SZRD1,,SZRD1,,,,SZRD1,,SZRD1,,,,,DTX2,,IFNGR1,,DHRS2,,,,,SZRD1,,SZRD1,SZRD1,,SZRD1,,SZRD1,SZRD1,,SZRD1,SZRD1,,SZRD1,SZRD1,SZRD1,,SZRD1,SZRD1,SZRD1,SZRD1,SZRD1,USP5,SZRD1,GATB,SZRD1,SZRD1,SZRD1,,SZRD1,SZRD1,,,,SZRD1,SZRD1,SZRD1,,,SZRD1,,,SZRD1,,SZRD1,SZRD1,,SZRD1,SZRD1,SZRD1,,EPN1,SZRD1,,SZRD1,SZRD1,SZRD1,SZRD1,,SZRD1,SZRD1,SZRD1,,,SZRD1,,,SZRD1,,SZRD1,,SZRD1,SZRD1,,SZRD1,SZRD1
KCNH2,TSPAN32,KCNH2,,KCNH2,,,,KCNH2,,KCNH2,,,,,NLRC4,,BTNL8,,SRP54,,,,,KCNH2,,KCNH2,KCNH2,,KCNH2,,KCNH2,KCNH2,,KCNH2,KCNH2,,KCNH2,KCNH2,KCNH2,,KCNH2,KCNH2,KCNH2,KCNH2,KCNH2,TPI1,KCNH2,GATB,KCNH2,KCNH2,KCNH2,,KCNH2,KCNH2,,,,KCNH2,KCNH2,KCNH2,,,KCNH2,,,KCNH2,,KCNH2,KCNH2,,KCNH2,KCNH2,KCNH2,,MED29,KCNH2,,KCNH2,KCNH2,KCNH2,KCNH2,,KCNH2,KCNH2,KCNH2,,,KCNH2,,,KCNH2,,KCNH2,,KCNH2,KCNH2,,KCNH2,KCNH2
CUL1,CCN5,CUL1,,CUL1,,,,CUL1,,CUL1,,,,,PUS7,,IL17A,,CPNE6,,,,,CUL1,,CUL1,CUL1,,CUL1,,CUL1,CUL1,,CUL1,CUL1,,CUL1,CUL1,CUL1,,CUL1,CUL1,CUL1,CUL1,CUL1,GNPTAB,CUL1,GATB,CUL1,CUL1,CUL1,,CUL1,CUL1,,,,CUL1,CUL1,CUL1,,,CUL1,,,CUL1,,CUL1,CUL1,,CUL1,CUL1,CUL1,,AHRR,CUL1,,CUL1,CUL1,CUL1,CUL1,,CUL1,CUL1,CUL1,,,CUL1,,,CUL1,,CUL1,,CUL1,CUL1,,CUL1,CUL1
FAM114A2,DMRT3,FAM114A2,,FAM114A2,,,,FAM114A2,,FAM114A2,,,,,LAMB4,,LYPLA2,,CHD8,,,,,FAM114A2,,FAM114A2,FAM114A2,,FAM114A2,,FAM114A2,FAM114A2,,FAM114A2,FAM114A2,,FAM114A2,FAM114A2,FAM114A2,,FAM114A2,FAM114A2,FAM114A2,FAM114A2,FAM114A2,SPSB2,FAM114A2,GATB,FAM114A2,FAM114A2,FAM114A2,,FAM114A2,FAM114A2,,,,FAM114A2,FAM114A2,FAM114A2,,,FAM114A2,,,FAM114A2,,FAM114A2,FAM114A2,,FAM114A2,FAM114A2,FAM114A2,,GSC2,FAM114A2,,FAM114A2,FAM114A2,FAM114A2,FAM114A2,,FAM114A2,FAM114A2,FAM114A2,,,FAM114A2,,,FAM114A2,,FAM114A2,,FAM114A2,FAM114A2,,FAM114A2,FAM114A2
CYFIP2,ST3GAL6,CYFIP2,,CYFIP2,,,,CYFIP2,,CYFIP2,,,,,NRCAM,,TNFRSF1A,,PCK2,,,,,CYFIP2,,CYFIP2,CYFIP2,,CYFIP2,,CYFIP2,CYFIP2,,CYFIP2,CYFIP2,,CYFIP2,CYFIP2,CYFIP2,,CYFIP2,CYFIP2,CYFIP2,CYFIP2,CYFIP2,ENO2,CYFIP2,GATB,CYFIP2,CYFIP2,CYFIP2,,CYFIP2,CYFIP2,,,,CYFIP2,CYFIP2,CYFIP2,,,CYFIP2,,,CYFIP2,,CYFIP2,CYFIP2,,CYFIP2,CYFIP2,CYFIP2,,GPC1,CYFIP2,,CYFIP2,CYFIP2,CYFIP2,CYFIP2,,CYFIP2,CYFIP2,CYFIP2,,,CYFIP2,,,CYFIP2,,CYFIP2,,CYFIP2,CYFIP2,,CYFIP2,CYFIP2
TAB2,ATP2C2,TAB2,,TAB2,,,,TAB2,,TAB2,,,,,LAMB1,,ITGAX,,PRORP,,,,,TAB2,,TAB2,TAB2,,TAB2,,TAB2,TAB2,,TAB2,TAB2,,TAB2,TAB2,TAB2,,TAB2,TAB2,TAB2,TAB2,TAB2,ATN1,TAB2,GATB,TAB2,TAB2,TAB2,,TAB2,TAB2,,,,TAB2,TAB2,TAB2,,,TAB2,,,TAB2,,TAB2,TAB2,,TAB2,TAB2,TAB2,,ADCK1,TAB2,,TAB2,TAB2,TAB2,TAB2,,TAB2,TAB2,TAB2,,,TAB2,,,TAB2,,TAB2,,TAB2,TAB2,,TAB2,TAB2
GINM1,RFXANK,GINM1,,GINM1,,,,GINM1,,GINM1,,,,,SLC26A4,,KYNU,,DCAF11,,,,,GINM1,,GINM1,GINM1,,GINM1,,GINM1,GINM1,,GINM1,GINM1,,GINM1,GINM1,GINM1,,GINM1,GINM1,GINM1,GINM1,GINM1,C12orf57,GINM1,GATB,GINM1,GINM1,GINM1,,GINM1,GINM1,,,,GINM1,GINM1,GINM1,,,GINM1,,,GINM1,,GINM1,GINM1,,GINM1,GINM1,GINM1,,HAGH,GINM1,,GINM1,GINM1,GINM1,GINM1,,GINM1,GINM1,GINM1,,,GINM1,,,GINM1,,GINM1,,GINM1,GINM1,,GINM1,GINM1
EIF2AK2,TMEM161A,EIF2AK2,,EIF2AK2,,,,EIF2AK2,,EIF2AK2,,,,,SLC26A3,,CD37,,PSMA6,,,,,EIF2AK2,,EIF2AK2,EIF2AK2,,EIF2AK2,,EIF2AK2,EIF2AK2,,EIF2AK2,EIF2AK2,,EIF2AK2,EIF2AK2,EIF2AK2,,EIF2AK2,EIF2AK2,EIF2AK2,EIF2AK2,EIF2AK2,PTPN6,EIF2AK2,GATB,EIF2AK2,EIF2AK2,EIF2AK2,,EIF2AK2,EIF2AK2,,,,EIF2AK2,EIF2AK2,EIF2AK2,,,EIF2AK2,,,EIF2AK2,,EIF2AK2,EIF2AK2,,EIF2AK2,EIF2AK2,EIF2AK2,,RNF4,EIF2AK2,,EIF2AK2,EIF2AK2,EIF2AK2,EIF2AK2,,EIF2AK2,EIF2AK2,EIF2AK2,,,EIF2AK2,,,EIF2AK2,,EIF2AK2,,EIF2AK2,EIF2AK2,,EIF2AK2,EIF2AK2
USP36,LPAR2,USP36,,USP36,,,,USP36,,USP36,,,,,DLD,,OSGEP,,NFKBIA,,,,,USP36,,USP36,USP36,,USP36,,USP36,USP36,,USP36,USP36,,USP36,USP36,USP36,,USP36,USP36,USP36,USP36,USP36,LPCAT3,USP36,GATB,USP36,USP36,USP36,,USP36,USP36,,,,USP36,USP36,USP36,,,USP36,,,USP36,,USP36,USP36,,USP36,USP36,USP36,,CASP8,USP36,,USP36,USP36,USP36,USP36,,USP36,USP36,USP36,,,USP36,,,USP36,,USP36,,USP36,USP36,,USP36,USP36
KMT2C,CTSA,KMT2C,,KMT2C,,,,KMT2C,,KMT2C,,,,,WDR7,,KYNU,,EMC9,,,,,KMT2C,,KMT2C,KMT2C,,KMT2C,,KMT2C,KMT2C,,KMT2C,KMT2C,,KMT2C,KMT2C,KMT2C,,KMT2C,KMT2C,KMT2C,KMT2C,KMT2C,NT5DC3,KMT2C,GATB,KMT2C,KMT2C,KMT2C,,KMT2C,KMT2C,,,,KMT2C,KMT2C,KMT2C,,,KMT2C,,,KMT2C,,KMT2C,KMT2C,,KMT2C,KMT2C,KMT2C,,LIMCH1,KMT2C,,KMT2C,KMT2C,KMT2C,KMT2C,,KMT2C,KMT2C,KMT2C,,,KMT2C,,,KMT2C,,KMT2C,,KMT2C,KMT2C,,KMT2C,KMT2C
MCOLN3,SUGP2,MCOLN3,,MCOLN3,,,,MCOLN3,,MCOLN3,,,,,TXNL1,,SLAMF1,,PSME2,,,,,MCOLN3,,MCOLN3,MCOLN3,,MCOLN3,,MCOLN3,MCOLN3,,MCOLN3,MCOLN3,,MCOLN3,MCOLN3,MCOLN3,,MCOLN3,MCOLN3,MCOLN3,MCOLN3,MCOLN3,SLCO1B3,MCOLN3,GATB,MCOLN3,MCOLN3,MCOLN3,,MCOLN3,MCOLN3,,,,MCOLN3,MCOLN3,MCOLN3,,,MCOLN3,,,MCOLN3,,MCOLN3,MCOLN3,,MCOLN3,MCOLN3,MCOLN3,,INTS13,MCOLN3,,MCOLN3,MCOLN3,MCOLN3,MCOLN3,,MCOLN3,MCOLN3,MCOLN3,,,MCOLN3,,,MCOLN3,,MCOLN3,,MCOLN3,MCOLN3,,MCOLN3,MCOLN3
CCDC85A,SLC12A2,CCDC85A,,CCDC85A,,,,CCDC85A,,CCDC85A,,,,,IL5RA,,BTN3A3,,BRMS1L,,,,,CCDC85A,,CCDC85A,CCDC85A,,CCDC85A,,CCDC85A,CCDC85A,,CCDC85A,CCDC85A,,CCDC85A,CCDC85A,CCDC85A,,CCDC85A,CCDC85A,CCDC85A,CCDC85A,CCDC85A,APOBEC1,CCDC85A,GATB,CCDC85A,CCDC85A,CCDC85A,,CCDC85A,CCDC85A,,,,CCDC85A,CCDC85A,CCDC85A,,,CCDC85A,,,CCDC85A,,CCDC85A,CCDC85A,,CCDC85A,CCDC85A,CCDC85A,,TM7SF3,CCDC85A,,CCDC85A,CCDC85A,CCDC85A,CCDC85A,,CCDC85A,CCDC85A,CCDC85A,,,CCDC85A,,,CCDC85A,,CCDC85A,,CCDC85A,CCDC85A,,CCDC85A,CCDC85A
PUM2,SNX24,PUM2,,PUM2,,,,PUM2,,PUM2,,,,,ABCC6,,BTN3A1,,REC8,,,,,PUM2,,PUM2,PUM2,,PUM2,,PUM2,PUM2,,PUM2,PUM2,,PUM2,PUM2,PUM2,,PUM2,PUM2,PUM2,PUM2,PUM2,NANOG,PUM2,GATB,PUM2,PUM2,PUM2,,PUM2,PUM2,,,,PUM2,PUM2,PUM2,,,PUM2,,,PUM2,,PUM2,PUM2,,PUM2,PUM2,PUM2,,DLX3,PUM2,,PUM2,PUM2,PUM2,PUM2,,PUM2,PUM2,PUM2,,,PUM2,,,PUM2,,PUM2,,PUM2,PUM2,,PUM2,PUM2
ITIH4,EYA2,ITIH4,,ITIH4,,,,ITIH4,,ITIH4,,,,,CMTM6,,TRAF1,,TM9SF1,,,,,ITIH4,,ITIH4,ITIH4,,ITIH4,,ITIH4,ITIH4,,ITIH4,ITIH4,,ITIH4,ITIH4,ITIH4,,ITIH4,ITIH4,ITIH4,ITIH4,ITIH4,SUDS3,ITIH4,GATB,ITIH4,ITIH4,ITIH4,,ITIH4,ITIH4,,,,ITIH4,ITIH4,ITIH4,,,ITIH4,,,ITIH4,,ITIH4,ITIH4,,ITIH4,ITIH4,ITIH4,,SPA17,ITIH4,,ITIH4,ITIH4,ITIH4,ITIH4,,ITIH4,ITIH4,ITIH4,,,ITIH4,,,ITIH4,,ITIH4,,ITIH4,ITIH4,,ITIH4,ITIH4
ITIH1,CNN2,ITIH1,,ITIH1,,,,ITIH1,,ITIH1,,,,,ITGA6,,P2RX7,,SEC23A,,,,,ITIH1,,ITIH1,ITIH1,,ITIH1,,ITIH1,ITIH1,,ITIH1,ITIH1,,ITIH1,ITIH1,ITIH1,,ITIH1,ITIH1,ITIH1,ITIH1,ITIH1,GOLT1B,ITIH1,GATB,ITIH1,ITIH1,ITIH1,,ITIH1,ITIH1,,,,ITIH1,ITIH1,ITIH1,,,ITIH1,,,ITIH1,,ITIH1,ITIH1,,ITIH1,ITIH1,ITIH1,,TSPAN32,ITIH1,,ITIH1,ITIH1,ITIH1,ITIH1,,ITIH1,ITIH1,ITIH1,,,ITIH1,,,ITIH1,,ITIH1,,ITIH1,ITIH1,,ITIH1,ITIH1
HPF1,ABCA7,HPF1,,HPF1,,,,HPF1,,HPF1,,,,,RAPGEF4,,TRAF1,,GMPR2,,,,,HPF1,,HPF1,HPF1,,HPF1,,HPF1,HPF1,,HPF1,HPF1,,HPF1,HPF1,HPF1,,HPF1,HPF1,HPF1,HPF1,HPF1,GYS2,HPF1,GATB,HPF1,HPF1,HPF1,,HPF1,HPF1,,,,HPF1,HPF1,HPF1,,,HPF1,,,HPF1,,HPF1,HPF1,,HPF1,HPF1,HPF1,,CCN5,HPF1,,HPF1,HPF1,HPF1,HPF1,,HPF1,HPF1,HPF1,,,HPF1,,,HPF1,,HPF1,,HPF1,HPF1,,HPF1,HPF1
ZFR,SNCAIP,ZFR,,ZFR,,,,ZFR,,ZFR,,,,,MAP3K20,,MPO,,PNN,,,,,ZFR,,ZFR,ZFR,,ZFR,,ZFR,ZFR,,ZFR,ZFR,,ZFR,ZFR,ZFR,,ZFR,ZFR,ZFR,ZFR,ZFR,LDHB,ZFR,GATB,ZFR,ZFR,ZFR,,ZFR,ZFR,,,,ZFR,ZFR,ZFR,,,ZFR,,,ZFR,,ZFR,ZFR,,ZFR,ZFR,ZFR,,DMRT3,ZFR,,ZFR,ZFR,ZFR,ZFR,,ZFR,ZFR,ZFR,,,ZFR,,,ZFR,,ZFR,,ZFR,ZFR,,ZFR,ZFR
NPFFR2,DDX20,NPFFR2,,NPFFR2,,,,NPFFR2,,NPFFR2,,,,,FH,,SERPIND1,,RABGGTA,,,,,NPFFR2,,NPFFR2,NPFFR2,,NPFFR2,,NPFFR2,NPFFR2,,NPFFR2,NPFFR2,,NPFFR2,NPFFR2,NPFFR2,,NPFFR2,NPFFR2,NPFFR2,NPFFR2,NPFFR2,PRKAB1,NPFFR2,GATB,NPFFR2,NPFFR2,NPFFR2,,NPFFR2,NPFFR2,,,,NPFFR2,NPFFR2,NPFFR2,,,NPFFR2,,,NPFFR2,,NPFFR2,NPFFR2,,NPFFR2,NPFFR2,NPFFR2,,ST3GAL6,NPFFR2,,NPFFR2,NPFFR2,NPFFR2,NPFFR2,,NPFFR2,NPFFR2,NPFFR2,,,NPFFR2,,,NPFFR2,,NPFFR2,,NPFFR2,NPFFR2,,NPFFR2,NPFFR2
PHF21B,BTBD1,PHF21B,,PHF21B,,,,PHF21B,,PHF21B,,,,,SEL1L3,,ICAM1,,NFATC4,,,,,PHF21B,,PHF21B,PHF21B,,PHF21B,,PHF21B,PHF21B,,PHF21B,PHF21B,,PHF21B,PHF21B,PHF21B,,PHF21B,PHF21B,PHF21B,PHF21B,PHF21B,CMAS,PHF21B,GATB,PHF21B,PHF21B,PHF21B,,PHF21B,PHF21B,,,,PHF21B,PHF21B,PHF21B,,,PHF21B,,,PHF21B,,PHF21B,PHF21B,,PHF21B,PHF21B,PHF21B,,ATP2C2,PHF21B,,PHF21B,PHF21B,PHF21B,PHF21B,,PHF21B,PHF21B,PHF21B,,,PHF21B,,,PHF21B,,PHF21B,,PHF21B,PHF21B,,PHF21B,PHF21B
TRAF1,FAR2,TRAF1,,TRAF1,,,,TRAF1,,TRAF1,,,,,TF,,TNIP3,,PLTP,,,,,TRAF1,,TRAF1,TRAF1,,TRAF1,,TRAF1,TRAF1,,TRAF1,TRAF1,,TRAF1,TRAF1,TRAF1,,TRAF1,TRAF1,TRAF1,TRAF1,TRAF1,HCFC2,TRAF1,GATB,TRAF1,TRAF1,TRAF1,,TRAF1,TRAF1,,,,TRAF1,TRAF1,TRAF1,,,TRAF1,,,TRAF1,,TRAF1,TRAF1,,TRAF1,TRAF1,TRAF1,,NGFR,TRAF1,,TRAF1,TRAF1,TRAF1,TRAF1,,TRAF1,TRAF1,TRAF1,,,TRAF1,,,TRAF1,,TRAF1,,TRAF1,TRAF1,,TRAF1,TRAF1
RC3H2,BCAS1,RC3H2,,RC3H2,,,,RC3H2,,RC3H2,,,,,CDV3,,KYNU,,PCIF1,,,,,RC3H2,,RC3H2,RC3H2,,RC3H2,,RC3H2,RC3H2,,RC3H2,RC3H2,,RC3H2,RC3H2,RC3H2,,RC3H2,RC3H2,RC3H2,RC3H2,RC3H2,ST8SIA1,RC3H2,GATB,RC3H2,RC3H2,RC3H2,,RC3H2,RC3H2,,,,RC3H2,RC3H2,RC3H2,,,RC3H2,,,RC3H2,,RC3H2,RC3H2,,RC3H2,RC3H2,RC3H2,,CDON,RC3H2,,RC3H2,RC3H2,RC3H2,RC3H2,,RC3H2,RC3H2,RC3H2,,,RC3H2,,,RC3H2,,RC3H2,,RC3H2,RC3H2,,RC3H2,RC3H2
IL17RB,POU1F1,IL17RB,,IL17RB,,,,IL17RB,,IL17RB,,,,,MYO15A,,VEZT,,GSS,,,,,IL17RB,,IL17RB,IL17RB,,IL17RB,,IL17RB,IL17RB,,IL17RB,IL17RB,,IL17RB,IL17RB,IL17RB,,IL17RB,IL17RB,IL17RB,IL17RB,IL17RB,CLEC4A,IL17RB,GATB,IL17RB,IL17RB,IL17RB,,IL17RB,IL17RB,,,,IL17RB,IL17RB,IL17RB,,,IL17RB,,,IL17RB,,IL17RB,IL17RB,,IL17RB,IL17RB,IL17RB,,TAF2,IL17RB,,IL17RB,IL17RB,IL17RB,IL17RB,,IL17RB,IL17RB,IL17RB,,,IL17RB,,,IL17RB,,IL17RB,,IL17RB,IL17RB,,IL17RB,IL17RB
TRAF3IP2,CHI3L2,TRAF3IP2,,TRAF3IP2,,,,TRAF3IP2,,TRAF3IP2,,,,,ALKBH5,,CD38,,TRPC4AP,,,,,TRAF3IP2,,TRAF3IP2,TRAF3IP2,,TRAF3IP2,,TRAF3IP2,TRAF3IP2,,TRAF3IP2,TRAF3IP2,,TRAF3IP2,TRAF3IP2,TRAF3IP2,,TRAF3IP2,TRAF3IP2,TRAF3IP2,TRAF3IP2,TRAF3IP2,C2CD5,TRAF3IP2,GATB,TRAF3IP2,TRAF3IP2,TRAF3IP2,,TRAF3IP2,TRAF3IP2,,,,TRAF3IP2,TRAF3IP2,TRAF3IP2,,,TRAF3IP2,,,TRAF3IP2,,TRAF3IP2,TRAF3IP2,,TRAF3IP2,TRAF3IP2,TRAF3IP2,,HIPK2,TRAF3IP2,,TRAF3IP2,TRAF3IP2,TRAF3IP2,TRAF3IP2,,TRAF3IP2,TRAF3IP2,TRAF3IP2,,,TRAF3IP2,,,TRAF3IP2,,TRAF3IP2,,TRAF3IP2,TRAF3IP2,,TRAF3IP2,TRAF3IP2
DCBLD2,SBNO2,DCBLD2,,DCBLD2,,,,DCBLD2,,DCBLD2,,,,,APOH,,ICAM2,,PYGB,,,,,DCBLD2,,DCBLD2,DCBLD2,,DCBLD2,,DCBLD2,DCBLD2,,DCBLD2,DCBLD2,,DCBLD2,DCBLD2,DCBLD2,,DCBLD2,DCBLD2,DCBLD2,DCBLD2,DCBLD2,AICDA,DCBLD2,GATB,DCBLD2,DCBLD2,DCBLD2,,DCBLD2,DCBLD2,,,,DCBLD2,DCBLD2,DCBLD2,,,DCBLD2,,,DCBLD2,,DCBLD2,DCBLD2,,DCBLD2,DCBLD2,DCBLD2,,TNPO3,DCBLD2,,DCBLD2,DCBLD2,DCBLD2,DCBLD2,,DCBLD2,DCBLD2,DCBLD2,,,DCBLD2,,,DCBLD2,,DCBLD2,,DCBLD2,DCBLD2,,DCBLD2,DCBLD2
SERPINB3,PMS1,SERPINB3,,SERPINB3,,,,SERPINB3,,SERPINB3,,,,,NLRP1,,FTL,,ABHD12,,,,,SERPINB3,,SERPINB3,SERPINB3,,SERPINB3,,SERPINB3,SERPINB3,,SERPINB3,SERPINB3,,SERPINB3,SERPINB3,SERPINB3,,SERPINB3,SERPINB3,SERPINB3,SERPINB3,SERPINB3,RAB35,SERPINB3,GATB,SERPINB3,SERPINB3,SERPINB3,,SERPINB3,SERPINB3,,,,SERPINB3,SERPINB3,SERPINB3,,,SERPINB3,,,SERPINB3,,SERPINB3,SERPINB3,,SERPINB3,SERPINB3,SERPINB3,,RFXANK,SERPINB3,,SERPINB3,SERPINB3,SERPINB3,SERPINB3,,SERPINB3,SERPINB3,SERPINB3,,,SERPINB3,,,SERPINB3,,SERPINB3,,SERPINB3,SERPINB3,,SERPINB3,SERPINB3
SOAT1,HMG20B,SOAT1,,SOAT1,,,,SOAT1,,SOAT1,,,,,PITPNM3,,SELL,,PROCR,,,,,SOAT1,,SOAT1,SOAT1,,SOAT1,,SOAT1,SOAT1,,SOAT1,SOAT1,,SOAT1,SOAT1,SOAT1,,SOAT1,SOAT1,SOAT1,SOAT1,SOAT1,PHC1,SOAT1,GATB,SOAT1,SOAT1,SOAT1,,SOAT1,SOAT1,,,,SOAT1,SOAT1,SOAT1,,,SOAT1,,,SOAT1,,SOAT1,SOAT1,,SOAT1,SOAT1,SOAT1,,TMEM161A,SOAT1,,SOAT1,SOAT1,SOAT1,SOAT1,,SOAT1,SOAT1,SOAT1,,,SOAT1,,,SOAT1,,SOAT1,,SOAT1,SOAT1,,SOAT1,SOAT1
PKP2,CALCRL,PKP2,,PKP2,,,,PKP2,,PKP2,,,,,SPAG7,,KYNU,,GINS1,,,,,PKP2,,PKP2,PKP2,,PKP2,,PKP2,PKP2,,PKP2,PKP2,,PKP2,PKP2,PKP2,,PKP2,PKP2,PKP2,PKP2,PKP2,COX6A1,PKP2,GATB,PKP2,PKP2,PKP2,,PKP2,PKP2,,,,PKP2,PKP2,PKP2,,,PKP2,,,PKP2,,PKP2,PKP2,,PKP2,PKP2,PKP2,,LPAR2,PKP2,,PKP2,PKP2,PKP2,PKP2,,PKP2,PKP2,PKP2,,,PKP2,,,PKP2,,PKP2,,PKP2,PKP2,,PKP2,PKP2
MSH4,TAF11,MSH4,,MSH4,,,,MSH4,,MSH4,,,,,ORC6,,TFRC,,NINL,,,,,MSH4,,MSH4,MSH4,,MSH4,,MSH4,MSH4,,MSH4,MSH4,,MSH4,MSH4,MSH4,,MSH4,MSH4,MSH4,MSH4,MSH4,AL021546.6,MSH4,GATB,MSH4,MSH4,MSH4,,MSH4,MSH4,,,,MSH4,MSH4,MSH4,,,MSH4,,,MSH4,,MSH4,MSH4,,MSH4,MSH4,MSH4,,CTSA,MSH4,,MSH4,MSH4,MSH4,MSH4,,MSH4,MSH4,MSH4,,,MSH4,,,MSH4,,MSH4,,MSH4,MSH4,,MSH4,MSH4
F7,ANKS1A,F7,,F7,,,,F7,,F7,,,,,ZFHX4,,TNFRSF1A,,CD40,,,,,F7,,F7,F7,,F7,,F7,F7,,F7,F7,,F7,F7,F7,,F7,F7,F7,F7,F7,RFX4,F7,GATB,F7,F7,F7,,F7,F7,,,,F7,F7,F7,,,F7,,,F7,,F7,F7,,F7,F7,F7,,SUGP2,F7,,F7,F7,F7,F7,,F7,F7,F7,,,F7,,,F7,,F7,,F7,F7,,F7,F7
GDI2,AP3D1,GDI2,,GDI2,,,,GDI2,,GDI2,,,,,SLC17A6,,LILRB4,,UQCC1,,,,,GDI2,,GDI2,GDI2,,GDI2,,GDI2,GDI2,,GDI2,GDI2,,GDI2,GDI2,GDI2,,GDI2,GDI2,GDI2,GDI2,GDI2,RIC8B,GDI2,GATB,GDI2,GDI2,GDI2,,GDI2,GDI2,,,,GDI2,GDI2,GDI2,,,GDI2,,,GDI2,,GDI2,GDI2,,GDI2,GDI2,GDI2,,SLC12A2,GDI2,,GDI2,GDI2,GDI2,GDI2,,GDI2,GDI2,GDI2,,,GDI2,,,GDI2,,GDI2,,GDI2,GDI2,,GDI2,GDI2
PRDM1,ZNF76,PRDM1,,PRDM1,,,,PRDM1,,PRDM1,,,,,CPA1,,BIRC3,,ZMYND8,,,,,PRDM1,,PRDM1,PRDM1,,PRDM1,,PRDM1,PRDM1,,PRDM1,PRDM1,,PRDM1,PRDM1,PRDM1,,PRDM1,PRDM1,PRDM1,PRDM1,PRDM1,SRSF9,PRDM1,GATB,PRDM1,PRDM1,PRDM1,,PRDM1,PRDM1,,,,PRDM1,PRDM1,PRDM1,,,PRDM1,,,PRDM1,,PRDM1,PRDM1,,PRDM1,PRDM1,PRDM1,,SNX24,PRDM1,,PRDM1,PRDM1,PRDM1,PRDM1,,PRDM1,PRDM1,PRDM1,,,PRDM1,,,PRDM1,,PRDM1,,PRDM1,PRDM1,,PRDM1,PRDM1
ATG5,SLC9A3R2,ATG5,,ATG5,,,,ATG5,,ATG5,,,,,ZC3HC1,,CCL22,,SGK2,,,,,ATG5,,ATG5,ATG5,,ATG5,,ATG5,ATG5,,ATG5,ATG5,,ATG5,ATG5,ATG5,,ATG5,ATG5,ATG5,ATG5,ATG5,RP11-22B23.1,ATG5,GATB,ATG5,ATG5,ATG5,,ATG5,ATG5,,,,ATG5,ATG5,ATG5,,,ATG5,,,ATG5,,ATG5,ATG5,,ATG5,ATG5,ATG5,,EYA2,ATG5,,ATG5,ATG5,ATG5,ATG5,,ATG5,ATG5,ATG5,,,ATG5,,,ATG5,,ATG5,,ATG5,ATG5,,ATG5,ATG5
TMCC3,NTHL1,TMCC3,,TMCC3,,,,TMCC3,,TMCC3,,,,,ESR1,,BTN2A2,,IFT52,,,,,TMCC3,,TMCC3,TMCC3,,TMCC3,,TMCC3,TMCC3,,TMCC3,TMCC3,,TMCC3,TMCC3,TMCC3,,TMCC3,TMCC3,TMCC3,TMCC3,TMCC3,FGFR1OP2,TMCC3,GATB,TMCC3,TMCC3,TMCC3,,TMCC3,TMCC3,,,,TMCC3,TMCC3,TMCC3,,,TMCC3,,,TMCC3,,TMCC3,TMCC3,,TMCC3,TMCC3,TMCC3,,CNN2,TMCC3,,TMCC3,TMCC3,TMCC3,TMCC3,,TMCC3,TMCC3,TMCC3,,,TMCC3,,,TMCC3,,TMCC3,,TMCC3,TMCC3,,TMCC3,TMCC3
PITHD1,UHRF1BP1,PITHD1,,PITHD1,,,,PITHD1,,PITHD1,,,,,RGS17,,IFRD1,,MYBL2,,,,,PITHD1,,PITHD1,PITHD1,,PITHD1,,PITHD1,PITHD1,,PITHD1,PITHD1,,PITHD1,PITHD1,PITHD1,,PITHD1,PITHD1,PITHD1,PITHD1,PITHD1,KLRB1,PITHD1,GATB,PITHD1,PITHD1,PITHD1,,PITHD1,PITHD1,,,,PITHD1,PITHD1,PITHD1,,,PITHD1,,,PITHD1,,PITHD1,PITHD1,,PITHD1,PITHD1,PITHD1,,ABCA7,PITHD1,,PITHD1,PITHD1,PITHD1,PITHD1,,PITHD1,PITHD1,PITHD1,,,PITHD1,,,PITHD1,,PITHD1,,PITHD1,PITHD1,,PITHD1,PITHD1
MTA3,GNAI3,MTA3,,MTA3,,,,MTA3,,MTA3,,,,,ANGPT2,,TRAF3IP3,,R3HDML,,,,,MTA3,,MTA3,MTA3,,MTA3,,MTA3,MTA3,,MTA3,MTA3,,MTA3,MTA3,MTA3,,MTA3,MTA3,MTA3,MTA3,MTA3,COL12A1,MTA3,GATB,MTA3,MTA3,MTA3,,MTA3,MTA3,,,,MTA3,MTA3,MTA3,,,MTA3,,,MTA3,,MTA3,MTA3,,MTA3,MTA3,MTA3,,SNCAIP,MTA3,,MTA3,MTA3,MTA3,MTA3,,MTA3,MTA3,MTA3,,,MTA3,,,MTA3,,MTA3,,MTA3,MTA3,,MTA3,MTA3
USP13,IPO5,USP13,,USP13,,,,USP13,,USP13,,,,,TMEM101,,ANGPT4,,HNF4A,,,,,USP13,,USP13,USP13,,USP13,,USP13,USP13,,USP13,USP13,,USP13,USP13,USP13,,USP13,USP13,USP13,USP13,USP13,BTN3A3,USP13,GATB,USP13,USP13,USP13,,USP13,USP13,,,,USP13,USP13,USP13,,,USP13,,,USP13,,USP13,USP13,,USP13,USP13,USP13,,DDX20,USP13,,USP13,USP13,USP13,USP13,,USP13,USP13,USP13,,,USP13,,,USP13,,USP13,,USP13,USP13,,USP13,USP13
ATP11B,OAT,ATP11B,,ATP11B,,,,ATP11B,,ATP11B,,,,,CD200,,ITGA2B,,NDRG3,,,,,ATP11B,,ATP11B,ATP11B,,ATP11B,,ATP11B,ATP11B,,ATP11B,ATP11B,,ATP11B,ATP11B,ATP11B,,ATP11B,ATP11B,ATP11B,ATP11B,ATP11B,TDP2,ATP11B,GATB,ATP11B,ATP11B,ATP11B,,ATP11B,ATP11B,,,,ATP11B,ATP11B,ATP11B,,,ATP11B,,,ATP11B,,ATP11B,ATP11B,,ATP11B,ATP11B,ATP11B,,BTBD1,ATP11B,,ATP11B,ATP11B,ATP11B,ATP11B,,ATP11B,ATP11B,ATP11B,,,ATP11B,,,ATP11B,,ATP11B,,ATP11B,ATP11B,,ATP11B,ATP11B
LAMC2,WDR3,LAMC2,,LAMC2,,,,LAMC2,,LAMC2,,,,,CCDC80,,ADAMTSL3,,SLA2,,,,,LAMC2,,LAMC2,LAMC2,,LAMC2,,LAMC2,LAMC2,,LAMC2,LAMC2,,LAMC2,LAMC2,LAMC2,,LAMC2,LAMC2,LAMC2,LAMC2,LAMC2,FRK,LAMC2,GATB,LAMC2,LAMC2,LAMC2,,LAMC2,LAMC2,,,,LAMC2,LAMC2,LAMC2,,,LAMC2,,,LAMC2,,LAMC2,LAMC2,,LAMC2,LAMC2,LAMC2,,FAR2,LAMC2,,LAMC2,LAMC2,LAMC2,LAMC2,,LAMC2,LAMC2,LAMC2,,,LAMC2,,,LAMC2,,LAMC2,,LAMC2,LAMC2,,LAMC2,LAMC2
CDK14,PKN2,CDK14,,CDK14,,,,CDK14,,CDK14,,,,,CMA1,,CCL7,,RAB5IF,,,,,CDK14,,CDK14,CDK14,,CDK14,,CDK14,CDK14,,CDK14,CDK14,,CDK14,CDK14,CDK14,,CDK14,CDK14,CDK14,CDK14,CDK14,DSE,CDK14,GATB,CDK14,CDK14,CDK14,,CDK14,CDK14,,,,CDK14,CDK14,CDK14,,,CDK14,,,CDK14,,CDK14,CDK14,,CDK14,CDK14,CDK14,,BCAS1,CDK14,,CDK14,CDK14,CDK14,CDK14,,CDK14,CDK14,CDK14,,,CDK14,,,CDK14,,CDK14,,CDK14,CDK14,,CDK14,CDK14
SEC61A1,WDR18,SEC61A1,,SEC61A1,,,,SEC61A1,,SEC61A1,,,,,PSME1,,P2RX1,,NFATC2,,,,,SEC61A1,,SEC61A1,SEC61A1,,SEC61A1,,SEC61A1,SEC61A1,,SEC61A1,SEC61A1,,SEC61A1,SEC61A1,SEC61A1,,SEC61A1,SEC61A1,SEC61A1,SEC61A1,SEC61A1,RWDD1,SEC61A1,GATB,SEC61A1,SEC61A1,SEC61A1,,SEC61A1,SEC61A1,,,,SEC61A1,SEC61A1,SEC61A1,,,SEC61A1,,,SEC61A1,,SEC61A1,SEC61A1,,SEC61A1,SEC61A1,SEC61A1,,POU1F1,SEC61A1,,SEC61A1,SEC61A1,SEC61A1,SEC61A1,,SEC61A1,SEC61A1,SEC61A1,,,SEC61A1,,,SEC61A1,,SEC61A1,,SEC61A1,SEC61A1,,SEC61A1,SEC61A1
PPP1R12A,TRAM2,PPP1R12A,,PPP1R12A,,,,PPP1R12A,,PPP1R12A,,,,,PPP2R3C,,CD74,,RIMS4,,,,,PPP1R12A,,PPP1R12A,PPP1R12A,,PPP1R12A,,PPP1R12A,PPP1R12A,,PPP1R12A,PPP1R12A,,PPP1R12A,PPP1R12A,PPP1R12A,,PPP1R12A,PPP1R12A,PPP1R12A,PPP1R12A,PPP1R12A,RSPH4A,PPP1R12A,GATB,PPP1R12A,PPP1R12A,PPP1R12A,,PPP1R12A,PPP1R12A,,,,PPP1R12A,PPP1R12A,PPP1R12A,,,PPP1R12A,,,PPP1R12A,,PPP1R12A,PPP1R12A,,PPP1R12A,PPP1R12A,PPP1R12A,,CHI3L2,PPP1R12A,,PPP1R12A,PPP1R12A,PPP1R12A,PPP1R12A,,PPP1R12A,PPP1R12A,PPP1R12A,,,PPP1R12A,,,PPP1R12A,,PPP1R12A,,PPP1R12A,PPP1R12A,,PPP1R12A,PPP1R12A
RASGRF1,NTN1,RASGRF1,,RASGRF1,,,,RASGRF1,,RASGRF1,,,,,HAUS4,,AASS,,PABPC1L,,,,,RASGRF1,,RASGRF1,RASGRF1,,RASGRF1,,RASGRF1,RASGRF1,,RASGRF1,RASGRF1,,RASGRF1,RASGRF1,RASGRF1,,RASGRF1,RASGRF1,RASGRF1,RASGRF1,RASGRF1,MAK,RASGRF1,GATB,RASGRF1,RASGRF1,RASGRF1,,RASGRF1,RASGRF1,,,,RASGRF1,RASGRF1,RASGRF1,,,RASGRF1,,,RASGRF1,,RASGRF1,RASGRF1,,RASGRF1,RASGRF1,RASGRF1,,SBNO2,RASGRF1,,RASGRF1,RASGRF1,RASGRF1,RASGRF1,,RASGRF1,RASGRF1,RASGRF1,,,RASGRF1,,,RASGRF1,,RASGRF1,,RASGRF1,RASGRF1,,RASGRF1,RASGRF1
CAMK2B,GLP2R,CAMK2B,,CAMK2B,,,,CAMK2B,,CAMK2B,,,,,JPH4,,ICAM3,,STK4,,,,,CAMK2B,,CAMK2B,CAMK2B,,CAMK2B,,CAMK2B,CAMK2B,,CAMK2B,CAMK2B,,CAMK2B,CAMK2B,CAMK2B,,CAMK2B,CAMK2B,CAMK2B,CAMK2B,CAMK2B,TMEM14C,CAMK2B,GATB,CAMK2B,CAMK2B,CAMK2B,,CAMK2B,CAMK2B,,,,CAMK2B,CAMK2B,CAMK2B,,,CAMK2B,,,CAMK2B,,CAMK2B,CAMK2B,,CAMK2B,CAMK2B,CAMK2B,,PMS1,CAMK2B,,CAMK2B,CAMK2B,CAMK2B,CAMK2B,,CAMK2B,CAMK2B,CAMK2B,,,CAMK2B,,,CAMK2B,,CAMK2B,,CAMK2B,CAMK2B,,CAMK2B,CAMK2B
CROCC,MCM10,CROCC,,CROCC,,,,CROCC,,CROCC,,,,,MYH7,,SLC11A1,,SALL4,,,,,CROCC,,CROCC,CROCC,,CROCC,,CROCC,CROCC,,CROCC,CROCC,,CROCC,CROCC,CROCC,,CROCC,CROCC,CROCC,CROCC,CROCC,PAK1IP1,CROCC,GATB,CROCC,CROCC,CROCC,,CROCC,CROCC,,,,CROCC,CROCC,CROCC,,,CROCC,,,CROCC,,CROCC,CROCC,,CROCC,CROCC,CROCC,,HMG20B,CROCC,,CROCC,CROCC,CROCC,CROCC,,CROCC,CROCC,CROCC,,,CROCC,,,CROCC,,CROCC,,CROCC,CROCC,,CROCC,CROCC
POLR3E,DGKA,POLR3E,,POLR3E,,,,POLR3E,,POLR3E,,,,,CEBPE,,FTL,,ADNP,,,,,POLR3E,,POLR3E,POLR3E,,POLR3E,,POLR3E,POLR3E,,POLR3E,POLR3E,,POLR3E,POLR3E,POLR3E,,POLR3E,POLR3E,POLR3E,POLR3E,POLR3E,GCNT2,POLR3E,GATB,POLR3E,POLR3E,POLR3E,,POLR3E,POLR3E,,,,POLR3E,POLR3E,POLR3E,,,POLR3E,,,POLR3E,,POLR3E,POLR3E,,POLR3E,POLR3E,POLR3E,,CALCRL,POLR3E,,POLR3E,POLR3E,POLR3E,POLR3E,,POLR3E,POLR3E,POLR3E,,,POLR3E,,,POLR3E,,POLR3E,,POLR3E,POLR3E,,POLR3E,POLR3E
ATP2B4,ERBB3,ATP2B4,,ATP2B4,,,,ATP2B4,,ATP2B4,,,,,SLC7A8,,TRAF1,,PFDN4,,,,,ATP2B4,,ATP2B4,ATP2B4,,ATP2B4,,ATP2B4,ATP2B4,,ATP2B4,ATP2B4,,ATP2B4,ATP2B4,ATP2B4,,ATP2B4,ATP2B4,ATP2B4,ATP2B4,ATP2B4,SMIM8,ATP2B4,GATB,ATP2B4,ATP2B4,ATP2B4,,ATP2B4,ATP2B4,,,,ATP2B4,ATP2B4,ATP2B4,,,ATP2B4,,,ATP2B4,,ATP2B4,ATP2B4,,ATP2B4,ATP2B4,ATP2B4,,TAF11,ATP2B4,,ATP2B4,ATP2B4,ATP2B4,ATP2B4,,ATP2B4,ATP2B4,ATP2B4,,,ATP2B4,,,ATP2B4,,ATP2B4,,ATP2B4,ATP2B4,,ATP2B4,ATP2B4
ZC3H11A,ROPN1,ZC3H11A,,ZC3H11A,,,,ZC3H11A,,ZC3H11A,,,,,OSGEP,,KYNU,,DOK5,,,,,ZC3H11A,,ZC3H11A,ZC3H11A,,ZC3H11A,,ZC3H11A,ZC3H11A,,ZC3H11A,ZC3H11A,,ZC3H11A,ZC3H11A,ZC3H11A,,ZC3H11A,ZC3H11A,ZC3H11A,ZC3H11A,ZC3H11A,NEDD9,ZC3H11A,GATB,ZC3H11A,ZC3H11A,ZC3H11A,,ZC3H11A,ZC3H11A,,,,ZC3H11A,ZC3H11A,ZC3H11A,,,ZC3H11A,,,ZC3H11A,,ZC3H11A,ZC3H11A,,ZC3H11A,ZC3H11A,ZC3H11A,,ANKS1A,ZC3H11A,,ZC3H11A,ZC3H11A,ZC3H11A,ZC3H11A,,ZC3H11A,ZC3H11A,ZC3H11A,,,ZC3H11A,,,ZC3H11A,,ZC3H11A,,ZC3H11A,ZC3H11A,,ZC3H11A,ZC3H11A
RIOK2,ANKRD44,RIOK2,,RIOK2,,,,RIOK2,,RIOK2,,,,,SLC22A17,,TFEC,,CSTF1,,,,,RIOK2,,RIOK2,RIOK2,,RIOK2,,RIOK2,RIOK2,,RIOK2,RIOK2,,RIOK2,RIOK2,RIOK2,,RIOK2,RIOK2,RIOK2,RIOK2,RIOK2,CEP85L,RIOK2,GATB,RIOK2,RIOK2,RIOK2,,RIOK2,RIOK2,,,,RIOK2,RIOK2,RIOK2,,,RIOK2,,,RIOK2,,RIOK2,RIOK2,,RIOK2,RIOK2,RIOK2,,AP3D1,RIOK2,,RIOK2,RIOK2,RIOK2,RIOK2,,RIOK2,RIOK2,RIOK2,,,RIOK2,,,RIOK2,,RIOK2,,RIOK2,RIOK2,,RIOK2,RIOK2
YIPF1,KARS1,YIPF1,,YIPF1,,,,YIPF1,,YIPF1,,,,,RNF31,,CCL8,,BMP7,,,,,YIPF1,,YIPF1,YIPF1,,YIPF1,,YIPF1,YIPF1,,YIPF1,YIPF1,,YIPF1,YIPF1,YIPF1,,YIPF1,YIPF1,YIPF1,YIPF1,YIPF1,ADTRP,YIPF1,GATB,YIPF1,YIPF1,YIPF1,,YIPF1,YIPF1,,,,YIPF1,YIPF1,YIPF1,,,YIPF1,,,YIPF1,,YIPF1,YIPF1,,YIPF1,YIPF1,YIPF1,,ZNF76,YIPF1,,YIPF1,YIPF1,YIPF1,YIPF1,,YIPF1,YIPF1,YIPF1,,,YIPF1,,,YIPF1,,YIPF1,,YIPF1,YIPF1,,YIPF1,YIPF1
NDC1,ADAT1,NDC1,,NDC1,,,,NDC1,,NDC1,,,,,SCFD1,,TNFRSF17,,RAE1,,,,,NDC1,,NDC1,NDC1,,NDC1,,NDC1,NDC1,,NDC1,NDC1,,NDC1,NDC1,NDC1,,NDC1,NDC1,NDC1,NDC1,NDC1,ASF1A,NDC1,GATB,NDC1,NDC1,NDC1,,NDC1,NDC1,,,,NDC1,NDC1,NDC1,,,NDC1,,,NDC1,,NDC1,NDC1,,NDC1,NDC1,NDC1,,SLC9A3R2,NDC1,,NDC1,NDC1,NDC1,NDC1,,NDC1,NDC1,NDC1,,,NDC1,,,NDC1,,NDC1,,NDC1,NDC1,,NDC1,NDC1
DGKG,PDIA5,DGKG,,DGKG,,,,DGKG,,DGKG,,,,,G2E3,,TRAF1,,TPD52L2,,,,,DGKG,,DGKG,DGKG,,DGKG,,DGKG,DGKG,,DGKG,DGKG,,DGKG,DGKG,DGKG,,DGKG,DGKG,DGKG,DGKG,DGKG,MCM9,DGKG,GATB,DGKG,DGKG,DGKG,,DGKG,DGKG,,,,DGKG,DGKG,DGKG,,,DGKG,,,DGKG,,DGKG,DGKG,,DGKG,DGKG,DGKG,,NTHL1,DGKG,,DGKG,DGKG,DGKG,DGKG,,DGKG,DGKG,DGKG,,,DGKG,,,DGKG,,DGKG,,DGKG,DGKG,,DGKG,DGKG
FLYWCH1,TBC1D22B,FLYWCH1,,FLYWCH1,,,,FLYWCH1,,FLYWCH1,,,,,HECTD1,,GCLM,,DNAJC5,,,,,FLYWCH1,,FLYWCH1,FLYWCH1,,FLYWCH1,,FLYWCH1,FLYWCH1,,FLYWCH1,FLYWCH1,,FLYWCH1,FLYWCH1,FLYWCH1,,FLYWCH1,FLYWCH1,FLYWCH1,FLYWCH1,FLYWCH1,FAM184A,FLYWCH1,GATB,FLYWCH1,FLYWCH1,FLYWCH1,,FLYWCH1,FLYWCH1,,,,FLYWCH1,FLYWCH1,FLYWCH1,,,FLYWCH1,,,FLYWCH1,,FLYWCH1,FLYWCH1,,FLYWCH1,FLYWCH1,FLYWCH1,,UHRF1BP1,FLYWCH1,,FLYWCH1,FLYWCH1,FLYWCH1,FLYWCH1,,FLYWCH1,FLYWCH1,FLYWCH1,,,FLYWCH1,,,FLYWCH1,,FLYWCH1,,FLYWCH1,FLYWCH1,,FLYWCH1,FLYWCH1
UNKL,NDUFB4,UNKL,,UNKL,,,,UNKL,,UNKL,,,,,HNRNPC,,SPEN,,NELFCD,,,,,UNKL,,UNKL,UNKL,,UNKL,,UNKL,UNKL,,UNKL,UNKL,,UNKL,UNKL,UNKL,,UNKL,UNKL,UNKL,UNKL,UNKL,RNGTT,UNKL,GATB,UNKL,UNKL,UNKL,,UNKL,UNKL,,,,UNKL,UNKL,UNKL,,,UNKL,,,UNKL,,UNKL,UNKL,,UNKL,UNKL,UNKL,,GNAI3,UNKL,,UNKL,UNKL,UNKL,UNKL,,UNKL,UNKL,UNKL,,,UNKL,,,UNKL,,UNKL,,UNKL,UNKL,,UNKL,UNKL
TBXAS1,SPEN,TBXAS1,,TBXAS1,,,,TBXAS1,,TBXAS1,,,,,RPGRIP1,,ASB1,,CTSZ,,,,,TBXAS1,,TBXAS1,TBXAS1,,TBXAS1,,TBXAS1,TBXAS1,,TBXAS1,TBXAS1,,TBXAS1,TBXAS1,TBXAS1,,TBXAS1,TBXAS1,TBXAS1,TBXAS1,TBXAS1,MAN1A1,TBXAS1,GATB,TBXAS1,TBXAS1,TBXAS1,,TBXAS1,TBXAS1,,,,TBXAS1,TBXAS1,TBXAS1,,,TBXAS1,,,TBXAS1,,TBXAS1,TBXAS1,,TBXAS1,TBXAS1,TBXAS1,,IPO5,TBXAS1,,TBXAS1,TBXAS1,TBXAS1,TBXAS1,,TBXAS1,TBXAS1,TBXAS1,,,TBXAS1,,,TBXAS1,,TBXAS1,,TBXAS1,TBXAS1,,TBXAS1,TBXAS1
PARP12,MYLK,PARP12,,PARP12,,,,PARP12,,PARP12,,,,,SUPT16H,,C20orf27,,PRPF6,,,,,PARP12,,PARP12,PARP12,,PARP12,,PARP12,PARP12,,PARP12,PARP12,,PARP12,PARP12,PARP12,,PARP12,PARP12,PARP12,PARP12,PARP12,GABRR2,PARP12,GATB,PARP12,PARP12,PARP12,,PARP12,PARP12,,,,PARP12,PARP12,PARP12,,,PARP12,,,PARP12,,PARP12,PARP12,,PARP12,PARP12,PARP12,,OAT,PARP12,,PARP12,PARP12,PARP12,PARP12,,PARP12,PARP12,PARP12,,,PARP12,,,PARP12,,PARP12,,PARP12,PARP12,,PARP12,PARP12
ALDH18A1,ZC3H15,ALDH18A1,,ALDH18A1,,,,ALDH18A1,,ALDH18A1,,,,,TOX4,,RORA,,TUBB1,,,,,ALDH18A1,,ALDH18A1,ALDH18A1,,ALDH18A1,,ALDH18A1,ALDH18A1,,ALDH18A1,ALDH18A1,,ALDH18A1,ALDH18A1,ALDH18A1,,ALDH18A1,ALDH18A1,ALDH18A1,ALDH18A1,ALDH18A1,SERINC1,ALDH18A1,GATB,ALDH18A1,ALDH18A1,ALDH18A1,,ALDH18A1,ALDH18A1,,,,ALDH18A1,ALDH18A1,ALDH18A1,,,ALDH18A1,,,ALDH18A1,,ALDH18A1,ALDH18A1,,ALDH18A1,ALDH18A1,ALDH18A1,,WDR3,ALDH18A1,,ALDH18A1,ALDH18A1,ALDH18A1,ALDH18A1,,ALDH18A1,ALDH18A1,ALDH18A1,,,ALDH18A1,,,ALDH18A1,,ALDH18A1,,ALDH18A1,ALDH18A1,,ALDH18A1,ALDH18A1
TARBP1,MAP2K4,TARBP1,,TARBP1,,,,TARBP1,,TARBP1,,,,,GEMIN2,,CCL26,,PRELID3B,,,,,TARBP1,,TARBP1,TARBP1,,TARBP1,,TARBP1,TARBP1,,TARBP1,TARBP1,,TARBP1,TARBP1,TARBP1,,TARBP1,TARBP1,TARBP1,TARBP1,TARBP1,HDDC2,TARBP1,GATB,TARBP1,TARBP1,TARBP1,,TARBP1,TARBP1,,,,TARBP1,TARBP1,TARBP1,,,TARBP1,,,TARBP1,,TARBP1,TARBP1,,TARBP1,TARBP1,TARBP1,,PKN2,TARBP1,,TARBP1,TARBP1,TARBP1,TARBP1,,TARBP1,TARBP1,TARBP1,,,TARBP1,,,TARBP1,,TARBP1,,TARBP1,TARBP1,,TARBP1,TARBP1
GATB,PACC1,GATB,,GATB,,,,GATB,,GATB,,,,,TGM1,,CD44,,HRH3,,,,,GATB,,GATB,GATB,,GATB,,GATB,GATB,,GATB,GATB,,GATB,GATB,GATB,,GATB,GATB,GATB,GATB,GATB,TPD52L1,GATB,GATB,GATB,GATB,GATB,,GATB,GATB,,,,GATB,GATB,GATB,,,GATB,,,GATB,,GATB,GATB,,GATB,GATB,GATB,,WDR18,GATB,,GATB,GATB,GATB,GATB,,GATB,GATB,GATB,,,GATB,,,GATB,,GATB,,GATB,GATB,,GATB,GATB
MXD1,SNAP91,MXD1,,MXD1,,,,MXD1,,MXD1,,,,,TINF2,,CCL16,,MTG2,,,,,MXD1,,MXD1,MXD1,,MXD1,,MXD1,MXD1,,MXD1,MXD1,,MXD1,MXD1,MXD1,,MXD1,MXD1,MXD1,MXD1,MXD1,HINT3,MXD1,GATB,MXD1,MXD1,MXD1,,MXD1,MXD1,,,,MXD1,MXD1,MXD1,,,MXD1,,,MXD1,,MXD1,MXD1,,MXD1,MXD1,MXD1,,TRAM2,MXD1,,MXD1,MXD1,MXD1,MXD1,,MXD1,MXD1,MXD1,,,MXD1,,,MXD1,,MXD1,,MXD1,MXD1,,MXD1,MXD1
CDK17,SLK,CDK17,,CDK17,,,,CDK17,,CDK17,,,,,DAZL,,AQR,,PSMA7,,,,,CDK17,,CDK17,CDK17,,CDK17,,CDK17,CDK17,,CDK17,CDK17,,CDK17,CDK17,CDK17,,CDK17,CDK17,CDK17,CDK17,CDK17,NCOA7,CDK17,GATB,CDK17,CDK17,CDK17,,CDK17,CDK17,,,,CDK17,CDK17,CDK17,,,CDK17,,,CDK17,,CDK17,CDK17,,CDK17,CDK17,CDK17,,NTN1,CDK17,,CDK17,CDK17,CDK17,CDK17,,CDK17,CDK17,CDK17,,,CDK17,,,CDK17,,CDK17,,CDK17,CDK17,,CDK17,CDK17
DNAJC25,CYB5R4,DNAJC25,,DNAJC25,,,,DNAJC25,,DNAJC25,,,,,SEMA6A,,ICAM5,,SLCO4A1,,,,,DNAJC25,,DNAJC25,DNAJC25,,DNAJC25,,DNAJC25,DNAJC25,,DNAJC25,DNAJC25,,DNAJC25,DNAJC25,DNAJC25,,DNAJC25,DNAJC25,DNAJC25,DNAJC25,DNAJC25,RIPOR2,DNAJC25,GATB,DNAJC25,DNAJC25,DNAJC25,,DNAJC25,DNAJC25,,,,DNAJC25,DNAJC25,DNAJC25,,,DNAJC25,,,DNAJC25,,DNAJC25,DNAJC25,,DNAJC25,DNAJC25,DNAJC25,,GLP2R,DNAJC25,,DNAJC25,DNAJC25,DNAJC25,DNAJC25,,DNAJC25,DNAJC25,DNAJC25,,,DNAJC25,,,DNAJC25,,DNAJC25,,DNAJC25,DNAJC25,,DNAJC25,DNAJC25
SLC2A3,COL17A1,SLC2A3,,SLC2A3,,,,SLC2A3,,SLC2A3,,,,,TRPM7,,PRDM1,,NTSR1,,,,,SLC2A3,,SLC2A3,SLC2A3,,SLC2A3,,SLC2A3,SLC2A3,,SLC2A3,SLC2A3,,SLC2A3,SLC2A3,SLC2A3,,SLC2A3,SLC2A3,SLC2A3,SLC2A3,SLC2A3,SASH1,SLC2A3,GATB,SLC2A3,SLC2A3,SLC2A3,,SLC2A3,SLC2A3,,,,SLC2A3,SLC2A3,SLC2A3,,,SLC2A3,,,SLC2A3,,SLC2A3,SLC2A3,,SLC2A3,SLC2A3,SLC2A3,,MCM10,SLC2A3,,SLC2A3,SLC2A3,SLC2A3,SLC2A3,,SLC2A3,SLC2A3,SLC2A3,,,SLC2A3,,,SLC2A3,,SLC2A3,,SLC2A3,SLC2A3,,SLC2A3,SLC2A3
PSD,GSTO2,PSD,,PSD,,,,PSD,,PSD,,,,,TYRO3,,HAMP,,MRGBP,,,,,PSD,,PSD,PSD,,PSD,,PSD,PSD,,PSD,PSD,,PSD,PSD,PSD,,PSD,PSD,PSD,PSD,PSD,UST,PSD,GATB,PSD,PSD,PSD,,PSD,PSD,,,,PSD,PSD,PSD,,,PSD,,,PSD,,PSD,PSD,,PSD,PSD,PSD,,DGKA,PSD,,PSD,PSD,PSD,PSD,,PSD,PSD,PSD,,,PSD,,,PSD,,PSD,,PSD,PSD,,PSD,PSD
CTDP1,SEC61A2,CTDP1,,CTDP1,,,,CTDP1,,CTDP1,,,,,WDR76,,SELL,,TCFL5,,,,,CTDP1,,CTDP1,CTDP1,,CTDP1,,CTDP1,CTDP1,,CTDP1,CTDP1,,CTDP1,CTDP1,CTDP1,,CTDP1,CTDP1,CTDP1,CTDP1,CTDP1,ULBP1,CTDP1,GATB,CTDP1,CTDP1,CTDP1,,CTDP1,CTDP1,,,,CTDP1,CTDP1,CTDP1,,,CTDP1,,,CTDP1,,CTDP1,CTDP1,,CTDP1,CTDP1,CTDP1,,ERBB3,CTDP1,,CTDP1,CTDP1,CTDP1,CTDP1,,CTDP1,CTDP1,CTDP1,,,CTDP1,,,CTDP1,,CTDP1,,CTDP1,CTDP1,,CTDP1,CTDP1
YBX3,PRKCQ,YBX3,,YBX3,,,,YBX3,,YBX3,,,,,CAPN3,,ICAM4,,DIDO1,,,,,YBX3,,YBX3,YBX3,,YBX3,,YBX3,YBX3,,YBX3,YBX3,,YBX3,YBX3,YBX3,,YBX3,YBX3,YBX3,YBX3,YBX3,FBXO5,YBX3,GATB,YBX3,YBX3,YBX3,,YBX3,YBX3,,,,YBX3,YBX3,YBX3,,,YBX3,,,YBX3,,YBX3,YBX3,,YBX3,YBX3,YBX3,,ROPN1,YBX3,,YBX3,YBX3,YBX3,YBX3,,YBX3,YBX3,YBX3,,,YBX3,,,YBX3,,YBX3,,YBX3,YBX3,,YBX3,YBX3
STYK1,TLE2,STYK1,,STYK1,,,,STYK1,,STYK1,,,,,SNAP23,,SERPINB3,,GID8,,,,,STYK1,,STYK1,STYK1,,STYK1,,STYK1,STYK1,,STYK1,STYK1,,STYK1,STYK1,STYK1,,STYK1,STYK1,STYK1,STYK1,STYK1,MTRF1L,STYK1,GATB,STYK1,STYK1,STYK1,,STYK1,STYK1,,,,STYK1,STYK1,STYK1,,,STYK1,,,STYK1,,STYK1,STYK1,,STYK1,STYK1,STYK1,,ANKRD44,STYK1,,STYK1,STYK1,STYK1,STYK1,,STYK1,STYK1,STYK1,,,STYK1,,,STYK1,,STYK1,,STYK1,STYK1,,STYK1,STYK1
WNK1,ASB1,WNK1,,WNK1,,,,WNK1,,WNK1,,,,,TBX15,,SERPINA1,,SLC17A9,,,,,WNK1,,WNK1,WNK1,,WNK1,,WNK1,WNK1,,WNK1,WNK1,,WNK1,WNK1,WNK1,,WNK1,WNK1,WNK1,WNK1,WNK1,PPARD,WNK1,GATB,WNK1,WNK1,WNK1,,WNK1,WNK1,,,,WNK1,WNK1,WNK1,,,WNK1,,,WNK1,,WNK1,WNK1,,WNK1,WNK1,WNK1,,KARS1,WNK1,,WNK1,WNK1,WNK1,WNK1,,WNK1,WNK1,WNK1,,,WNK1,,,WNK1,,WNK1,,WNK1,WNK1,,WNK1,WNK1
CCAR1,FAM107B,CCAR1,,CCAR1,,,,CCAR1,,CCAR1,,,,,PHGDH,,CD80,,BIRC7,,,,,CCAR1,,CCAR1,CCAR1,,CCAR1,,CCAR1,CCAR1,,CCAR1,CCAR1,,CCAR1,CCAR1,CCAR1,,CCAR1,CCAR1,CCAR1,CCAR1,CCAR1,OPRM1,CCAR1,GATB,CCAR1,CCAR1,CCAR1,,CCAR1,CCAR1,,,,CCAR1,CCAR1,CCAR1,,,CCAR1,,,CCAR1,,CCAR1,CCAR1,,CCAR1,CCAR1,CCAR1,,ADAT1,CCAR1,,CCAR1,CCAR1,CCAR1,CCAR1,,CCAR1,CCAR1,CCAR1,,,CCAR1,,,CCAR1,,CCAR1,,CCAR1,CCAR1,,CCAR1,CCAR1
OGFR,ME1,OGFR,,OGFR,,,,OGFR,,OGFR,,,,,COL9A3,,SERPINB6,,NKAIN4,,,,,OGFR,,OGFR,OGFR,,OGFR,,OGFR,OGFR,,OGFR,OGFR,,OGFR,OGFR,OGFR,,OGFR,OGFR,OGFR,OGFR,OGFR,FANCE,OGFR,GATB,OGFR,OGFR,OGFR,,OGFR,OGFR,,,,OGFR,OGFR,OGFR,,,OGFR,,,OGFR,,OGFR,OGFR,,OGFR,OGFR,OGFR,,PDIA5,OGFR,,OGFR,OGFR,OGFR,OGFR,,OGFR,OGFR,OGFR,,,OGFR,,,OGFR,,OGFR,,OGFR,OGFR,,OGFR,OGFR
GNA15,TBC1D1,GNA15,,GNA15,,,,GNA15,,GNA15,,,,,EZR,,TNFSF12,,ARFGAP1,,,,,GNA15,,GNA15,GNA15,,GNA15,,GNA15,GNA15,,GNA15,GNA15,,GNA15,GNA15,GNA15,,GNA15,GNA15,GNA15,GNA15,GNA15,TULP1,GNA15,GATB,GNA15,GNA15,GNA15,,GNA15,GNA15,,,,GNA15,GNA15,GNA15,,,GNA15,,,GNA15,,GNA15,GNA15,,GNA15,GNA15,GNA15,,TBC1D22B,GNA15,,GNA15,GNA15,GNA15,GNA15,,GNA15,GNA15,GNA15,,,GNA15,,,GNA15,,GNA15,,GNA15,GNA15,,GNA15,GNA15
CREB3L3,CDK13,CREB3L3,,CREB3L3,,,,CREB3L3,,CREB3L3,,,,,MYL6,,RBM5,,AVP,,,,,CREB3L3,,CREB3L3,CREB3L3,,CREB3L3,,CREB3L3,CREB3L3,,CREB3L3,CREB3L3,,CREB3L3,CREB3L3,CREB3L3,,CREB3L3,CREB3L3,CREB3L3,CREB3L3,CREB3L3,SLC26A8,CREB3L3,GATB,CREB3L3,CREB3L3,CREB3L3,,CREB3L3,CREB3L3,,,,CREB3L3,CREB3L3,CREB3L3,,,CREB3L3,,,CREB3L3,,CREB3L3,CREB3L3,,CREB3L3,CREB3L3,CREB3L3,,NDUFB4,CREB3L3,,CREB3L3,CREB3L3,CREB3L3,CREB3L3,,CREB3L3,CREB3L3,CREB3L3,,,CREB3L3,,,CREB3L3,,CREB3L3,,CREB3L3,CREB3L3,,CREB3L3,CREB3L3
PIGV,MTHFD2,PIGV,,PIGV,,,,PIGV,,PIGV,,,,,AGO1,,TF,,COL20A1,,,,,PIGV,,PIGV,PIGV,,PIGV,,PIGV,PIGV,,PIGV,PIGV,,PIGV,PIGV,PIGV,,PIGV,PIGV,PIGV,PIGV,PIGV,MAPK14,PIGV,GATB,PIGV,PIGV,PIGV,,PIGV,PIGV,,,,PIGV,PIGV,PIGV,,,PIGV,,,PIGV,,PIGV,PIGV,,PIGV,PIGV,PIGV,,SPEN,PIGV,,PIGV,PIGV,PIGV,PIGV,,PIGV,PIGV,PIGV,,,PIGV,,,PIGV,,PIGV,,PIGV,PIGV,,PIGV,PIGV
PTPRU,FOXJ2,PTPRU,,PTPRU,,,,PTPRU,,PTPRU,,,,,TEKT2,,MPO,,CHRNA4,,,,,PTPRU,,PTPRU,PTPRU,,PTPRU,,PTPRU,PTPRU,,PTPRU,PTPRU,,PTPRU,PTPRU,PTPRU,,PTPRU,PTPRU,PTPRU,PTPRU,PTPRU,RHAG,PTPRU,GATB,PTPRU,PTPRU,PTPRU,,PTPRU,PTPRU,,,,PTPRU,PTPRU,PTPRU,,,PTPRU,,,PTPRU,,PTPRU,PTPRU,,PTPRU,PTPRU,PTPRU,,MYLK,PTPRU,,PTPRU,PTPRU,PTPRU,PTPRU,,PTPRU,PTPRU,PTPRU,,,PTPRU,,,PTPRU,,PTPRU,,PTPRU,PTPRU,,PTPRU,PTPRU
SNRNP40,YBX1,SNRNP40,,SNRNP40,,,,SNRNP40,,SNRNP40,,,,,CLSPN,,BIRC2,,EEF1A2,,,,,SNRNP40,,SNRNP40,SNRNP40,,SNRNP40,,SNRNP40,SNRNP40,,SNRNP40,SNRNP40,,SNRNP40,SNRNP40,SNRNP40,,SNRNP40,SNRNP40,SNRNP40,SNRNP40,SNRNP40,KCTD20,SNRNP40,GATB,SNRNP40,SNRNP40,SNRNP40,,SNRNP40,SNRNP40,,,,SNRNP40,SNRNP40,SNRNP40,,,SNRNP40,,,SNRNP40,,SNRNP40,SNRNP40,,SNRNP40,SNRNP40,SNRNP40,,ZC3H15,SNRNP40,,SNRNP40,SNRNP40,SNRNP40,SNRNP40,,SNRNP40,SNRNP40,SNRNP40,,,SNRNP40,,,SNRNP40,,SNRNP40,,SNRNP40,SNRNP40,,SNRNP40,SNRNP40
RIMBP2,PDE4A,RIMBP2,,RIMBP2,,,,RIMBP2,,RIMBP2,,,,,RFFL,,SLAMF1,,PTK6,,,,,RIMBP2,,RIMBP2,RIMBP2,,RIMBP2,,RIMBP2,RIMBP2,,RIMBP2,RIMBP2,,RIMBP2,RIMBP2,RIMBP2,,RIMBP2,RIMBP2,RIMBP2,RIMBP2,RIMBP2,STK38,RIMBP2,GATB,RIMBP2,RIMBP2,RIMBP2,,RIMBP2,RIMBP2,,,,RIMBP2,RIMBP2,RIMBP2,,,RIMBP2,,,RIMBP2,,RIMBP2,RIMBP2,,RIMBP2,RIMBP2,RIMBP2,,MAP2K4,RIMBP2,,RIMBP2,RIMBP2,RIMBP2,RIMBP2,,RIMBP2,RIMBP2,RIMBP2,,,RIMBP2,,,RIMBP2,,RIMBP2,,RIMBP2,RIMBP2,,RIMBP2,RIMBP2
COL11A1,PPP2R5A,COL11A1,,COL11A1,,,,COL11A1,,COL11A1,,,,,UNC13D,,FCGR2B,,GMEB2,,,,,COL11A1,,COL11A1,COL11A1,,COL11A1,,COL11A1,COL11A1,,COL11A1,COL11A1,,COL11A1,COL11A1,COL11A1,,COL11A1,COL11A1,COL11A1,COL11A1,COL11A1,SRSF3,COL11A1,GATB,COL11A1,COL11A1,COL11A1,,COL11A1,COL11A1,,,,COL11A1,COL11A1,COL11A1,,,COL11A1,,,COL11A1,,COL11A1,COL11A1,,COL11A1,COL11A1,COL11A1,,PACC1,COL11A1,,COL11A1,COL11A1,COL11A1,COL11A1,,COL11A1,COL11A1,COL11A1,,,COL11A1,,,COL11A1,,COL11A1,,COL11A1,COL11A1,,COL11A1,COL11A1
QSER1,CTNNA2,QSER1,,QSER1,,,,QSER1,,QSER1,,,,,MFSD11,,TNF,,C20orf27,,,,,QSER1,,QSER1,QSER1,,QSER1,,QSER1,QSER1,,QSER1,QSER1,,QSER1,QSER1,QSER1,,QSER1,QSER1,QSER1,QSER1,QSER1,SOD2,QSER1,GATB,QSER1,QSER1,QSER1,,QSER1,QSER1,,,,QSER1,QSER1,QSER1,,,QSER1,,,QSER1,,QSER1,QSER1,,QSER1,QSER1,QSER1,,SNAP91,QSER1,,QSER1,QSER1,QSER1,QSER1,,QSER1,QSER1,QSER1,,,QSER1,,,QSER1,,QSER1,,QSER1,QSER1,,QSER1,QSER1
MPC1,ELAVL1,MPC1,,MPC1,,,,MPC1,,MPC1,,,,,DPYSL2,,LIMS2,,SPEF1,,,,,MPC1,,MPC1,MPC1,,MPC1,,MPC1,MPC1,,MPC1,MPC1,,MPC1,MPC1,MPC1,,MPC1,MPC1,MPC1,MPC1,MPC1,IL17A,MPC1,GATB,MPC1,MPC1,MPC1,,MPC1,MPC1,,,,MPC1,MPC1,MPC1,,,MPC1,,,MPC1,,MPC1,MPC1,,MPC1,MPC1,MPC1,,SLK,MPC1,,MPC1,MPC1,MPC1,MPC1,,MPC1,MPC1,MPC1,,,MPC1,,,MPC1,,MPC1,,MPC1,MPC1,,MPC1,MPC1
ACAA1,TIE1,ACAA1,,ACAA1,,,,ACAA1,,ACAA1,,,,,TGFB2,,ASB4,,CDC25B,,,,,ACAA1,,ACAA1,ACAA1,,ACAA1,,ACAA1,ACAA1,,ACAA1,ACAA1,,ACAA1,ACAA1,ACAA1,,ACAA1,ACAA1,ACAA1,ACAA1,ACAA1,IL17F,ACAA1,GATB,ACAA1,ACAA1,ACAA1,,ACAA1,ACAA1,,,,ACAA1,ACAA1,ACAA1,,,ACAA1,,,ACAA1,,ACAA1,ACAA1,,ACAA1,ACAA1,ACAA1,,CYB5R4,ACAA1,,ACAA1,ACAA1,ACAA1,ACAA1,,ACAA1,ACAA1,ACAA1,,,ACAA1,,,ACAA1,,ACAA1,,ACAA1,ACAA1,,ACAA1,ACAA1
BCAT1,DIP2B,BCAT1,,BCAT1,,,,BCAT1,,BCAT1,,,,,GPATCH2,,BTN2A1,,ISM1,,,,,BCAT1,,BCAT1,BCAT1,,BCAT1,,BCAT1,BCAT1,,BCAT1,BCAT1,,BCAT1,BCAT1,BCAT1,,BCAT1,BCAT1,BCAT1,BCAT1,BCAT1,MCM3,BCAT1,GATB,BCAT1,BCAT1,BCAT1,,BCAT1,BCAT1,,,,BCAT1,BCAT1,BCAT1,,,BCAT1,,,BCAT1,,BCAT1,BCAT1,,BCAT1,BCAT1,BCAT1,,COL17A1,BCAT1,,BCAT1,BCAT1,BCAT1,BCAT1,,BCAT1,BCAT1,BCAT1,,,BCAT1,,,BCAT1,,BCAT1,,BCAT1,BCAT1,,BCAT1,BCAT1
HDAC7,SMARCD1,HDAC7,,HDAC7,,,,HDAC7,,HDAC7,,,,,NUP50,,IL17F,,RNF24,,,,,HDAC7,,HDAC7,HDAC7,,HDAC7,,HDAC7,HDAC7,,HDAC7,HDAC7,,HDAC7,HDAC7,HDAC7,,HDAC7,HDAC7,HDAC7,HDAC7,HDAC7,RNF8,HDAC7,GATB,HDAC7,HDAC7,HDAC7,,HDAC7,HDAC7,,,,HDAC7,HDAC7,HDAC7,,,HDAC7,,,HDAC7,,HDAC7,HDAC7,,HDAC7,HDAC7,HDAC7,,GSTO2,HDAC7,,HDAC7,HDAC7,HDAC7,HDAC7,,HDAC7,HDAC7,HDAC7,,,HDAC7,,,HDAC7,,HDAC7,,HDAC7,HDAC7,,HDAC7,HDAC7
LZTS1,KDM4A,LZTS1,,LZTS1,,,,LZTS1,,LZTS1,,,,,CDC45,,CCL24,,ARFRP1,,,,,LZTS1,,LZTS1,LZTS1,,LZTS1,,LZTS1,LZTS1,,LZTS1,LZTS1,,LZTS1,LZTS1,LZTS1,,LZTS1,LZTS1,LZTS1,LZTS1,LZTS1,PHACTR1,LZTS1,GATB,LZTS1,LZTS1,LZTS1,,LZTS1,LZTS1,,,,LZTS1,LZTS1,LZTS1,,,LZTS1,,,LZTS1,,LZTS1,LZTS1,,LZTS1,LZTS1,LZTS1,,SEC61A2,LZTS1,,LZTS1,LZTS1,LZTS1,LZTS1,,LZTS1,LZTS1,LZTS1,,,LZTS1,,,LZTS1,,LZTS1,,LZTS1,LZTS1,,LZTS1,LZTS1
PRDM6,NFYC,PRDM6,,PRDM6,,,,PRDM6,,PRDM6,,,,,COMT,,LY75,,NDUFAF5,,,,,PRDM6,,PRDM6,PRDM6,,PRDM6,,PRDM6,PRDM6,,PRDM6,PRDM6,,PRDM6,PRDM6,PRDM6,,PRDM6,PRDM6,PRDM6,PRDM6,PRDM6,MDGA1,PRDM6,GATB,PRDM6,PRDM6,PRDM6,,PRDM6,PRDM6,,,,PRDM6,PRDM6,PRDM6,,,PRDM6,,,PRDM6,,PRDM6,PRDM6,,PRDM6,PRDM6,PRDM6,,PRKCQ,PRDM6,,PRDM6,PRDM6,PRDM6,PRDM6,,PRDM6,PRDM6,PRDM6,,,PRDM6,,,PRDM6,,PRDM6,,PRDM6,PRDM6,,PRDM6,PRDM6
WNT8A,ZMYND12,WNT8A,,WNT8A,,,,WNT8A,,WNT8A,,,,,ADA2,,IL20RA,,SEL1L2,,,,,WNT8A,,WNT8A,WNT8A,,WNT8A,,WNT8A,WNT8A,,WNT8A,WNT8A,,WNT8A,WNT8A,WNT8A,,WNT8A,WNT8A,WNT8A,WNT8A,WNT8A,CILK1,WNT8A,GATB,WNT8A,WNT8A,WNT8A,,WNT8A,WNT8A,,,,WNT8A,WNT8A,WNT8A,,,WNT8A,,,WNT8A,,WNT8A,WNT8A,,WNT8A,WNT8A,WNT8A,,TLE2,WNT8A,,WNT8A,WNT8A,WNT8A,WNT8A,,WNT8A,WNT8A,WNT8A,,,WNT8A,,,WNT8A,,WNT8A,,WNT8A,WNT8A,,WNT8A,WNT8A
SPAG4,SLC9A3,SPAG4,,SPAG4,,,,SPAG4,,SPAG4,,,,,XXbac-B461K10.4,,CD7,,TRIB3,,,,,SPAG4,,SPAG4,SPAG4,,SPAG4,,SPAG4,SPAG4,,SPAG4,SPAG4,,SPAG4,SPAG4,SPAG4,,SPAG4,SPAG4,SPAG4,SPAG4,SPAG4,FBXO9,SPAG4,GATB,SPAG4,SPAG4,SPAG4,,SPAG4,SPAG4,,,,SPAG4,SPAG4,SPAG4,,,SPAG4,,,SPAG4,,SPAG4,SPAG4,,SPAG4,SPAG4,SPAG4,,ASB1,SPAG4,,SPAG4,SPAG4,SPAG4,SPAG4,,SPAG4,SPAG4,SPAG4,,,SPAG4,,,SPAG4,,SPAG4,,SPAG4,SPAG4,,SPAG4,SPAG4
NCKAP1,NGEF,NCKAP1,,NCKAP1,,,,NCKAP1,,NCKAP1,,,,,VNN3,,GIMAP6,,RASSF2,,,,,NCKAP1,,NCKAP1,NCKAP1,,NCKAP1,,NCKAP1,NCKAP1,,NCKAP1,NCKAP1,,NCKAP1,NCKAP1,NCKAP1,,NCKAP1,NCKAP1,NCKAP1,NCKAP1,NCKAP1,CD83,NCKAP1,GATB,NCKAP1,NCKAP1,NCKAP1,,NCKAP1,NCKAP1,,,,NCKAP1,NCKAP1,NCKAP1,,,NCKAP1,,,NCKAP1,,NCKAP1,NCKAP1,,NCKAP1,NCKAP1,NCKAP1,,FAM107B,NCKAP1,,NCKAP1,NCKAP1,NCKAP1,NCKAP1,,NCKAP1,NCKAP1,NCKAP1,,,NCKAP1,,,NCKAP1,,NCKAP1,,NCKAP1,NCKAP1,,NCKAP1,NCKAP1
GUCY1B1,ASPM,GUCY1B1,,GUCY1B1,,,,GUCY1B1,,GUCY1B1,,,,,ECHDC1,,IL7,,CSNK2A1,,,,,GUCY1B1,,GUCY1B1,GUCY1B1,,GUCY1B1,,GUCY1B1,GUCY1B1,,GUCY1B1,GUCY1B1,,GUCY1B1,GUCY1B1,GUCY1B1,,GUCY1B1,GUCY1B1,GUCY1B1,GUCY1B1,GUCY1B1,MDN1,GUCY1B1,GATB,GUCY1B1,GUCY1B1,GUCY1B1,,GUCY1B1,GUCY1B1,,,,GUCY1B1,GUCY1B1,GUCY1B1,,,GUCY1B1,,,GUCY1B1,,GUCY1B1,GUCY1B1,,GUCY1B1,GUCY1B1,GUCY1B1,,ME1,GUCY1B1,,GUCY1B1,GUCY1B1,GUCY1B1,GUCY1B1,,GUCY1B1,GUCY1B1,GUCY1B1,,,GUCY1B1,,,GUCY1B1,,GUCY1B1,,GUCY1B1,GUCY1B1,,GUCY1B1,GUCY1B1
SFSWAP,CD84,SFSWAP,,SFSWAP,,,,SFSWAP,,SFSWAP,,,,,LRRFIP2,,IL17RB,,SLC52A3,,,,,SFSWAP,,SFSWAP,SFSWAP,,SFSWAP,,SFSWAP,SFSWAP,,SFSWAP,SFSWAP,,SFSWAP,SFSWAP,SFSWAP,,SFSWAP,SFSWAP,SFSWAP,SFSWAP,SFSWAP,GLP1R,SFSWAP,GATB,SFSWAP,SFSWAP,SFSWAP,,SFSWAP,SFSWAP,,,,SFSWAP,SFSWAP,SFSWAP,,,SFSWAP,,,SFSWAP,,SFSWAP,SFSWAP,,SFSWAP,SFSWAP,SFSWAP,,TBC1D1,SFSWAP,,SFSWAP,SFSWAP,SFSWAP,SFSWAP,,SFSWAP,SFSWAP,SFSWAP,,,SFSWAP,,,SFSWAP,,SFSWAP,,SFSWAP,SFSWAP,,SFSWAP,SFSWAP
TNK2,ELOVL1,TNK2,,TNK2,,,,TNK2,,TNK2,,,,,SEC22C,,RHOBTB1,,ANGPT4,,,,,TNK2,,TNK2,TNK2,,TNK2,,TNK2,TNK2,,TNK2,TNK2,,TNK2,TNK2,TNK2,,TNK2,TNK2,TNK2,TNK2,TNK2,SAYSD1,TNK2,GATB,TNK2,TNK2,TNK2,,TNK2,TNK2,,,,TNK2,TNK2,TNK2,,,TNK2,,,TNK2,,TNK2,TNK2,,TNK2,TNK2,TNK2,,CDK13,TNK2,,TNK2,TNK2,TNK2,TNK2,,TNK2,TNK2,TNK2,,,TNK2,,,TNK2,,TNK2,,TNK2,TNK2,,TNK2,TNK2
MON2,SPI1,MON2,,MON2,,,,MON2,,MON2,,,,,XYLB,,LGALS14,,RSPO4,,,,,MON2,,MON2,MON2,,MON2,,MON2,MON2,,MON2,MON2,,MON2,MON2,MON2,,MON2,MON2,MON2,MON2,MON2,BMP5,MON2,GATB,MON2,MON2,MON2,,MON2,MON2,,,,MON2,MON2,MON2,,,MON2,,,MON2,,MON2,MON2,,MON2,MON2,MON2,,MTHFD2,MON2,,MON2,MON2,MON2,MON2,,MON2,MON2,MON2,,,MON2,,,MON2,,MON2,,MON2,MON2,,MON2,MON2
CDH3,POLR1H,CDH3,,CDH3,,,,CDH3,,CDH3,,,,,OR1I1,,NFIX,,CDS2,,,,,CDH3,,CDH3,CDH3,,CDH3,,CDH3,CDH3,,CDH3,CDH3,,CDH3,CDH3,CDH3,,CDH3,CDH3,CDH3,CDH3,CDH3,BACH2,CDH3,GATB,CDH3,CDH3,CDH3,,CDH3,CDH3,,,,CDH3,CDH3,CDH3,,,CDH3,,,CDH3,,CDH3,CDH3,,CDH3,CDH3,CDH3,,FOXJ2,CDH3,,CDH3,CDH3,CDH3,CDH3,,CDH3,CDH3,CDH3,,,CDH3,,,CDH3,,CDH3,,CDH3,CDH3,,CDH3,CDH3
GPBP1,MPPED2,GPBP1,,GPBP1,,,,GPBP1,,GPBP1,,,,,GABRP,,GCLM,,PROKR2,,,,,GPBP1,,GPBP1,GPBP1,,GPBP1,,GPBP1,GPBP1,,GPBP1,GPBP1,,GPBP1,GPBP1,GPBP1,,GPBP1,GPBP1,GPBP1,GPBP1,GPBP1,RBM24,GPBP1,GATB,GPBP1,GPBP1,GPBP1,,GPBP1,GPBP1,,,,GPBP1,GPBP1,GPBP1,,,GPBP1,,,GPBP1,,GPBP1,GPBP1,,GPBP1,GPBP1,GPBP1,,YBX1,GPBP1,,GPBP1,GPBP1,GPBP1,GPBP1,,GPBP1,GPBP1,GPBP1,,,GPBP1,,,GPBP1,,GPBP1,,GPBP1,GPBP1,,GPBP1,GPBP1
DGAT2,CLDN18,DGAT2,,DGAT2,,,,DGAT2,,DGAT2,,,,,KRT31,,SLC7A2,,HM13,,,,,DGAT2,,DGAT2,DGAT2,,DGAT2,,DGAT2,DGAT2,,DGAT2,DGAT2,,DGAT2,DGAT2,DGAT2,,DGAT2,DGAT2,DGAT2,DGAT2,DGAT2,CAP2,DGAT2,GATB,DGAT2,DGAT2,DGAT2,,DGAT2,DGAT2,,,,DGAT2,DGAT2,DGAT2,,,DGAT2,,,DGAT2,,DGAT2,DGAT2,,DGAT2,DGAT2,DGAT2,,PDE4A,DGAT2,,DGAT2,DGAT2,DGAT2,DGAT2,,DGAT2,DGAT2,DGAT2,,,DGAT2,,,DGAT2,,DGAT2,,DGAT2,DGAT2,,DGAT2,DGAT2
ZNF112,ZBTB11,ZNF112,,ZNF112,,,,ZNF112,,ZNF112,,,,,CDC6,,TFAP4,,SNPH,,,,,ZNF112,,ZNF112,ZNF112,,ZNF112,,ZNF112,ZNF112,,ZNF112,ZNF112,,ZNF112,ZNF112,ZNF112,,ZNF112,ZNF112,ZNF112,ZNF112,ZNF112,TREML2,ZNF112,GATB,ZNF112,ZNF112,ZNF112,,ZNF112,ZNF112,,,,ZNF112,ZNF112,ZNF112,,,ZNF112,,,ZNF112,,ZNF112,ZNF112,,ZNF112,ZNF112,ZNF112,,PPP2R5A,ZNF112,,ZNF112,ZNF112,ZNF112,ZNF112,,ZNF112,ZNF112,ZNF112,,,ZNF112,,,ZNF112,,ZNF112,,ZNF112,ZNF112,,ZNF112,ZNF112
CS,ATXN3,CS,,CS,,,,CS,,CS,,,,,CDC23,,SERPINE1,,MYLK2,,,,,CS,,CS,CS,,CS,,CS,CS,,CS,CS,,CS,CS,CS,,CS,CS,CS,CS,CS,ZNF451,CS,GATB,CS,CS,CS,,CS,CS,,,,CS,CS,CS,,,CS,,,CS,,CS,CS,,CS,CS,CS,,CTNNA2,CS,,CS,CS,CS,CS,,CS,CS,CS,,,CS,,,CS,,CS,,CS,CS,,CS,CS
LTK,GOLGA5,LTK,,LTK,,,,LTK,,LTK,,,,,AAAS,,KYNU,,SIRPB1,,,,,LTK,,LTK,LTK,,LTK,,LTK,LTK,,LTK,LTK,,LTK,LTK,LTK,,LTK,LTK,LTK,LTK,LTK,BAG2,LTK,GATB,LTK,LTK,LTK,,LTK,LTK,,,,LTK,LTK,LTK,,,LTK,,,LTK,,LTK,LTK,,LTK,LTK,LTK,,ELAVL1,LTK,,LTK,LTK,LTK,LTK,,LTK,LTK,LTK,,,LTK,,,LTK,,LTK,,LTK,LTK,,LTK,LTK
ELMO2,FGFR2,ELMO2,,ELMO2,,,,ELMO2,,ELMO2,,,,,CBX5,,CD33,,SEC23B,,,,,ELMO2,,ELMO2,ELMO2,,ELMO2,,ELMO2,ELMO2,,ELMO2,ELMO2,,ELMO2,ELMO2,ELMO2,,ELMO2,ELMO2,ELMO2,ELMO2,ELMO2,RAB23,ELMO2,GATB,ELMO2,ELMO2,ELMO2,,ELMO2,ELMO2,,,,ELMO2,ELMO2,ELMO2,,,ELMO2,,,ELMO2,,ELMO2,ELMO2,,ELMO2,ELMO2,ELMO2,,TIE1,ELMO2,,ELMO2,ELMO2,ELMO2,ELMO2,,ELMO2,ELMO2,ELMO2,,,ELMO2,,,ELMO2,,ELMO2,,ELMO2,ELMO2,,ELMO2,ELMO2
WAPL,LRRC40,WAPL,,WAPL,,,,WAPL,,WAPL,,,,,FMO2,,SLC26A3,,FERMT1,,,,,WAPL,,WAPL,WAPL,,WAPL,,WAPL,WAPL,,WAPL,WAPL,,WAPL,WAPL,WAPL,,WAPL,WAPL,WAPL,WAPL,WAPL,TSPO2,WAPL,GATB,WAPL,WAPL,WAPL,,WAPL,WAPL,,,,WAPL,WAPL,WAPL,,,WAPL,,,WAPL,,WAPL,WAPL,,WAPL,WAPL,WAPL,,DIP2B,WAPL,,WAPL,WAPL,WAPL,WAPL,,WAPL,WAPL,WAPL,,,WAPL,,,WAPL,,WAPL,,WAPL,WAPL,,WAPL,WAPL
VMP1,ISOC1,VMP1,,VMP1,,,,VMP1,,VMP1,,,,,SUCO,,SLC7A2,,HAO1,,,,,VMP1,,VMP1,VMP1,,VMP1,,VMP1,VMP1,,VMP1,VMP1,,VMP1,VMP1,VMP1,,VMP1,VMP1,VMP1,VMP1,VMP1,FHL5,VMP1,GATB,VMP1,VMP1,VMP1,,VMP1,VMP1,,,,VMP1,VMP1,VMP1,,,VMP1,,,VMP1,,VMP1,VMP1,,VMP1,VMP1,VMP1,,SMARCD1,VMP1,,VMP1,VMP1,VMP1,VMP1,,VMP1,VMP1,VMP1,,,VMP1,,,VMP1,,VMP1,,VMP1,VMP1,,VMP1,VMP1
APPBP2,EML1,APPBP2,,APPBP2,,,,APPBP2,,APPBP2,,,,,MSH2,,FTL,,PDYN,,,,,APPBP2,,APPBP2,APPBP2,,APPBP2,,APPBP2,APPBP2,,APPBP2,APPBP2,,APPBP2,APPBP2,APPBP2,,APPBP2,APPBP2,APPBP2,APPBP2,APPBP2,GPR63,APPBP2,GATB,APPBP2,APPBP2,APPBP2,,APPBP2,APPBP2,,,,APPBP2,APPBP2,APPBP2,,,APPBP2,,,APPBP2,,APPBP2,APPBP2,,APPBP2,APPBP2,APPBP2,,KDM4A,APPBP2,,APPBP2,APPBP2,APPBP2,APPBP2,,APPBP2,APPBP2,APPBP2,,,APPBP2,,,APPBP2,,APPBP2,,APPBP2,APPBP2,,APPBP2,APPBP2
POLD1,TRMT11,POLD1,,POLD1,,,,POLD1,,POLD1,,,,,MAP3K1,,LGALS1,,CCM2L,,,,,POLD1,,POLD1,POLD1,,POLD1,,POLD1,POLD1,,POLD1,POLD1,,POLD1,POLD1,POLD1,,POLD1,POLD1,POLD1,POLD1,POLD1,KHDRBS2,POLD1,GATB,POLD1,POLD1,POLD1,,POLD1,POLD1,,,,POLD1,POLD1,POLD1,,,POLD1,,,POLD1,,POLD1,POLD1,,POLD1,POLD1,POLD1,,NFYC,POLD1,,POLD1,POLD1,POLD1,POLD1,,POLD1,POLD1,POLD1,,,POLD1,,,POLD1,,POLD1,,POLD1,POLD1,,POLD1,POLD1
SEZ6,THUMPD1,SEZ6,,SEZ6,,,,SEZ6,,SEZ6,,,,,DHPS,,ITGA3,,PLCB4,,,,,SEZ6,,SEZ6,SEZ6,,SEZ6,,SEZ6,SEZ6,,SEZ6,SEZ6,,SEZ6,SEZ6,SEZ6,,SEZ6,SEZ6,SEZ6,SEZ6,SEZ6,FBXL4,SEZ6,GATB,SEZ6,SEZ6,SEZ6,,SEZ6,SEZ6,,,,SEZ6,SEZ6,SEZ6,,,SEZ6,,,SEZ6,,SEZ6,SEZ6,,SEZ6,SEZ6,SEZ6,,ZMYND12,SEZ6,,SEZ6,SEZ6,SEZ6,SEZ6,,SEZ6,SEZ6,SEZ6,,,SEZ6,,,SEZ6,,SEZ6,,SEZ6,SEZ6,,SEZ6,SEZ6
EIF4B,MSANTD3,EIF4B,,EIF4B,,,,EIF4B,,EIF4B,,,,,HOOK2,,TFEC,,MYL9,,,,,EIF4B,,EIF4B,EIF4B,,EIF4B,,EIF4B,EIF4B,,EIF4B,EIF4B,,EIF4B,EIF4B,EIF4B,,EIF4B,EIF4B,EIF4B,EIF4B,EIF4B,CCNC,EIF4B,GATB,EIF4B,EIF4B,EIF4B,,EIF4B,EIF4B,,,,EIF4B,EIF4B,EIF4B,,,EIF4B,,,EIF4B,,EIF4B,EIF4B,,EIF4B,EIF4B,EIF4B,,SLC9A3,EIF4B,,EIF4B,EIF4B,EIF4B,EIF4B,,EIF4B,EIF4B,EIF4B,,,EIF4B,,,EIF4B,,EIF4B,,EIF4B,EIF4B,,EIF4B,EIF4B
SLC6A16,KIF26A,SLC6A16,,SLC6A16,,,,SLC6A16,,SLC6A16,,,,,NXPE1,,PRSS8,,HCK,,,,,SLC6A16,,SLC6A16,SLC6A16,,SLC6A16,,SLC6A16,SLC6A16,,SLC6A16,SLC6A16,,SLC6A16,SLC6A16,SLC6A16,,SLC6A16,SLC6A16,SLC6A16,SLC6A16,SLC6A16,PRDM13,SLC6A16,GATB,SLC6A16,SLC6A16,SLC6A16,,SLC6A16,SLC6A16,,,,SLC6A16,SLC6A16,SLC6A16,,,SLC6A16,,,SLC6A16,,SLC6A16,SLC6A16,,SLC6A16,SLC6A16,SLC6A16,,NGEF,SLC6A16,,SLC6A16,SLC6A16,SLC6A16,SLC6A16,,SLC6A16,SLC6A16,SLC6A16,,,SLC6A16,,,SLC6A16,,SLC6A16,,SLC6A16,SLC6A16,,SLC6A16,SLC6A16
BICRA,ATG2B,BICRA,,BICRA,,,,BICRA,,BICRA,,,,,ARCN1,,BTNL8,,TM9SF4,,,,,BICRA,,BICRA,BICRA,,BICRA,,BICRA,BICRA,,BICRA,BICRA,,BICRA,BICRA,BICRA,,BICRA,BICRA,BICRA,BICRA,BICRA,E2F3,BICRA,GATB,BICRA,BICRA,BICRA,,BICRA,BICRA,,,,BICRA,BICRA,BICRA,,,BICRA,,,BICRA,,BICRA,BICRA,,BICRA,BICRA,BICRA,,ASPM,BICRA,,BICRA,BICRA,BICRA,BICRA,,BICRA,BICRA,BICRA,,,BICRA,,,BICRA,,BICRA,,BICRA,BICRA,,BICRA,BICRA
SPHK2,ARFGEF1,SPHK2,,SPHK2,,,,SPHK2,,SPHK2,,,,,EPB41L4B,,CD5,,TLDC2,,,,,SPHK2,,SPHK2,SPHK2,,SPHK2,,SPHK2,SPHK2,,SPHK2,SPHK2,,SPHK2,SPHK2,SPHK2,,SPHK2,SPHK2,SPHK2,SPHK2,SPHK2,PTP4A1,SPHK2,GATB,SPHK2,SPHK2,SPHK2,,SPHK2,SPHK2,,,,SPHK2,SPHK2,SPHK2,,,SPHK2,,,SPHK2,,SPHK2,SPHK2,,SPHK2,SPHK2,SPHK2,,CD84,SPHK2,,SPHK2,SPHK2,SPHK2,SPHK2,,SPHK2,SPHK2,SPHK2,,,SPHK2,,,SPHK2,,SPHK2,,SPHK2,SPHK2,,SPHK2,SPHK2
CA11,ACSM2B,CA11,,CA11,,,,CA11,,CA11,,,,,TMEM38B,,FCGRT,,CRNKL1,,,,,CA11,,CA11,CA11,,CA11,,CA11,CA11,,CA11,CA11,,CA11,CA11,CA11,,CA11,CA11,CA11,CA11,CA11,SIM1,CA11,GATB,CA11,CA11,CA11,,CA11,CA11,,,,CA11,CA11,CA11,,,CA11,,,CA11,,CA11,CA11,,CA11,CA11,CA11,,ELOVL1,CA11,,CA11,CA11,CA11,CA11,,CA11,CA11,CA11,,,CA11,,,CA11,,CA11,,CA11,CA11,,CA11,CA11
ISOC2,ZFAT,ISOC2,,ISOC2,,,,ISOC2,,ISOC2,,,,,PSMD5,,OSGEP,,POFUT1,,,,,ISOC2,,ISOC2,ISOC2,,ISOC2,,ISOC2,ISOC2,,ISOC2,ISOC2,,ISOC2,ISOC2,ISOC2,,ISOC2,ISOC2,ISOC2,ISOC2,ISOC2,ASCC3,ISOC2,GATB,ISOC2,ISOC2,ISOC2,,ISOC2,ISOC2,,,,ISOC2,ISOC2,ISOC2,,,ISOC2,,,ISOC2,,ISOC2,ISOC2,,ISOC2,ISOC2,ISOC2,,SPI1,ISOC2,,ISOC2,ISOC2,ISOC2,ISOC2,,ISOC2,ISOC2,ISOC2,,,ISOC2,,,ISOC2,,ISOC2,,ISOC2,ISOC2,,ISOC2,ISOC2
U2AF2,MTFR1,U2AF2,,U2AF2,,,,U2AF2,,U2AF2,,,,,PTGS1,,SLC6A15,,SAMHD1,,,,,U2AF2,,U2AF2,U2AF2,,U2AF2,,U2AF2,U2AF2,,U2AF2,U2AF2,,U2AF2,U2AF2,U2AF2,,U2AF2,U2AF2,U2AF2,U2AF2,U2AF2,HDGFL1,U2AF2,GATB,U2AF2,U2AF2,U2AF2,,U2AF2,U2AF2,,,,U2AF2,U2AF2,U2AF2,,,U2AF2,,,U2AF2,,U2AF2,U2AF2,,U2AF2,U2AF2,U2AF2,,POLR1H,U2AF2,,U2AF2,U2AF2,U2AF2,U2AF2,,U2AF2,U2AF2,U2AF2,,,U2AF2,,,U2AF2,,U2AF2,,U2AF2,U2AF2,,U2AF2,U2AF2
EPN1,STAG3,EPN1,,EPN1,,,,EPN1,,EPN1,,,,,NUP188,,LILRA1,,PAK5,,,,,EPN1,,EPN1,EPN1,,EPN1,,EPN1,EPN1,,EPN1,EPN1,,EPN1,EPN1,EPN1,,EPN1,EPN1,EPN1,EPN1,EPN1,BVES,EPN1,GATB,EPN1,EPN1,EPN1,,EPN1,EPN1,,,,EPN1,EPN1,EPN1,,,EPN1,,,EPN1,,EPN1,EPN1,,EPN1,EPN1,EPN1,,MPPED2,EPN1,,EPN1,EPN1,EPN1,EPN1,,EPN1,EPN1,EPN1,,,EPN1,,,EPN1,,EPN1,,EPN1,EPN1,,EPN1,EPN1
MED29,FECH,MED29,,MED29,,,,MED29,,MED29,,,,,CRAT,,CYTH3,,KIF3B,,,,,MED29,,MED29,MED29,,MED29,,MED29,MED29,,MED29,MED29,,MED29,MED29,MED29,,MED29,MED29,MED29,MED29,MED29,COL9A1,MED29,GATB,MED29,MED29,MED29,,MED29,MED29,,,,MED29,MED29,MED29,,,MED29,,,MED29,,MED29,MED29,,MED29,MED29,MED29,,CLDN18,MED29,,MED29,MED29,MED29,MED29,,MED29,MED29,MED29,,,MED29,,,MED29,,MED29,,MED29,MED29,,MED29,MED29
AHRR,MYO9A,AHRR,,AHRR,,,,AHRR,,AHRR,,,,,SH2D3C,,RHBDF1,,MROH8,,,,,AHRR,,AHRR,AHRR,,AHRR,,AHRR,AHRR,,AHRR,AHRR,,AHRR,AHRR,AHRR,,AHRR,AHRR,AHRR,AHRR,AHRR,MED23,AHRR,GATB,AHRR,AHRR,AHRR,,AHRR,AHRR,,,,AHRR,AHRR,AHRR,,,AHRR,,,AHRR,,AHRR,AHRR,,AHRR,AHRR,AHRR,,ZBTB11,AHRR,,AHRR,AHRR,AHRR,AHRR,,AHRR,AHRR,AHRR,,,AHRR,,,AHRR,,AHRR,,AHRR,AHRR,,AHRR,AHRR
GSC2,PFKP,GSC2,,GSC2,,,,GSC2,,GSC2,,,,,NANS,,LILRB5,,NOP56,,,,,GSC2,,GSC2,GSC2,,GSC2,,GSC2,GSC2,,GSC2,GSC2,,GSC2,GSC2,GSC2,,GSC2,GSC2,GSC2,GSC2,GSC2,WASF1,GSC2,GATB,GSC2,GSC2,GSC2,,GSC2,GSC2,,,,GSC2,GSC2,GSC2,,,GSC2,,,GSC2,,GSC2,GSC2,,GSC2,GSC2,GSC2,,ATXN3,GSC2,,GSC2,GSC2,GSC2,GSC2,,GSC2,GSC2,GSC2,,,GSC2,,,GSC2,,GSC2,,GSC2,GSC2,,GSC2,GSC2
GPC1,IDI1,GPC1,,GPC1,,,,GPC1,,GPC1,,,,,TBC1D2,,ADAM22,,MANBAL,,,,,GPC1,,GPC1,GPC1,,GPC1,,GPC1,GPC1,,GPC1,GPC1,,GPC1,GPC1,GPC1,,GPC1,GPC1,GPC1,GPC1,GPC1,GPLD1,GPC1,GATB,GPC1,GPC1,GPC1,,GPC1,GPC1,,,,GPC1,GPC1,GPC1,,,GPC1,,,GPC1,,GPC1,GPC1,,GPC1,GPC1,GPC1,,GOLGA5,GPC1,,GPC1,GPC1,GPC1,GPC1,,GPC1,GPC1,GPC1,,,GPC1,,,GPC1,,GPC1,,GPC1,GPC1,,GPC1,GPC1
ADCK1,SP100,ADCK1,,ADCK1,,,,ADCK1,,ADCK1,,,,,WHRN,,PLA2G3,,IDH3B,,,,,ADCK1,,ADCK1,ADCK1,,ADCK1,,ADCK1,ADCK1,,ADCK1,ADCK1,,ADCK1,ADCK1,ADCK1,,ADCK1,ADCK1,ADCK1,ADCK1,ADCK1,ALDH5A1,ADCK1,GATB,ADCK1,ADCK1,ADCK1,,ADCK1,ADCK1,,,,ADCK1,ADCK1,ADCK1,,,ADCK1,,,ADCK1,,ADCK1,ADCK1,,ADCK1,ADCK1,ADCK1,,FGFR2,ADCK1,,ADCK1,ADCK1,ADCK1,ADCK1,,ADCK1,ADCK1,ADCK1,,,ADCK1,,,ADCK1,,ADCK1,,ADCK1,ADCK1,,ADCK1,ADCK1
HAGH,KLF6,HAGH,,HAGH,,,,HAGH,,HAGH,,,,,PDE6C,,SERPINB7,,MAPRE1,,,,,HAGH,,HAGH,HAGH,,HAGH,,HAGH,HAGH,,HAGH,HAGH,,HAGH,HAGH,HAGH,,HAGH,HAGH,HAGH,HAGH,HAGH,CRYBG1,HAGH,GATB,HAGH,HAGH,HAGH,,HAGH,HAGH,,,,HAGH,HAGH,HAGH,,,HAGH,,,HAGH,,HAGH,HAGH,,HAGH,HAGH,HAGH,,LRRC40,HAGH,,HAGH,HAGH,HAGH,HAGH,,HAGH,HAGH,HAGH,,,HAGH,,,HAGH,,HAGH,,HAGH,HAGH,,HAGH,HAGH
RNF4,PLPP1,RNF4,,RNF4,,,,RNF4,,RNF4,,,,,CWF19L1,,RGS17,,JAG1,,,,,RNF4,,RNF4,RNF4,,RNF4,,RNF4,RNF4,,RNF4,RNF4,,RNF4,RNF4,RNF4,,RNF4,RNF4,RNF4,RNF4,RNF4,VNN1,RNF4,GATB,RNF4,RNF4,RNF4,,RNF4,RNF4,,,,RNF4,RNF4,RNF4,,,RNF4,,,RNF4,,RNF4,RNF4,,RNF4,RNF4,RNF4,,ISOC1,RNF4,,RNF4,RNF4,RNF4,RNF4,,RNF4,RNF4,RNF4,,,RNF4,,,RNF4,,RNF4,,RNF4,RNF4,,RNF4,RNF4
CASP8,NEO1,CASP8,,CASP8,,,,CASP8,,CASP8,,,,,SEMA4G,,HGF,,CDK5RAP1,,,,,CASP8,,CASP8,CASP8,,CASP8,,CASP8,CASP8,,CASP8,CASP8,,CASP8,CASP8,CASP8,,CASP8,CASP8,CASP8,CASP8,CASP8,VNN2,CASP8,GATB,CASP8,CASP8,CASP8,,CASP8,CASP8,,,,CASP8,CASP8,CASP8,,,CASP8,,,CASP8,,CASP8,CASP8,,CASP8,CASP8,CASP8,,EML1,CASP8,,CASP8,CASP8,CASP8,CASP8,,CASP8,CASP8,CASP8,,,CASP8,,,CASP8,,CASP8,,CASP8,CASP8,,CASP8,CASP8
LIMCH1,TRAM1,LIMCH1,,LIMCH1,,,,LIMCH1,,LIMCH1,,,,,BTAF1,,ADAMTS2,,SNTA1,,,,,LIMCH1,,LIMCH1,LIMCH1,,LIMCH1,,LIMCH1,LIMCH1,,LIMCH1,LIMCH1,,LIMCH1,LIMCH1,LIMCH1,,LIMCH1,LIMCH1,LIMCH1,LIMCH1,LIMCH1,ACOT13,LIMCH1,GATB,LIMCH1,LIMCH1,LIMCH1,,LIMCH1,LIMCH1,,,,LIMCH1,LIMCH1,LIMCH1,,,LIMCH1,,,LIMCH1,,LIMCH1,LIMCH1,,LIMCH1,LIMCH1,LIMCH1,,TRMT11,LIMCH1,,LIMCH1,LIMCH1,LIMCH1,LIMCH1,,LIMCH1,LIMCH1,LIMCH1,,,LIMCH1,,,LIMCH1,,LIMCH1,,LIMCH1,LIMCH1,,LIMCH1,LIMCH1
INTS13,TNFRSF1A,INTS13,,INTS13,,,,INTS13,,INTS13,,,,,IKZF5,,FTL,,OXT,,,,,INTS13,,INTS13,INTS13,,INTS13,,INTS13,INTS13,,INTS13,INTS13,,INTS13,INTS13,INTS13,,INTS13,INTS13,INTS13,INTS13,INTS13,SMAP1,INTS13,GATB,INTS13,INTS13,INTS13,,INTS13,INTS13,,,,INTS13,INTS13,INTS13,,,INTS13,,,INTS13,,INTS13,INTS13,,INTS13,INTS13,INTS13,,THUMPD1,INTS13,,INTS13,INTS13,INTS13,INTS13,,INTS13,INTS13,INTS13,,,INTS13,,,INTS13,,INTS13,,INTS13,INTS13,,INTS13,INTS13
TM7SF3,CACNB1,TM7SF3,,TM7SF3,,,,TM7SF3,,TM7SF3,,,,,BLNK,,TFEC,,TTI1,,,,,TM7SF3,,TM7SF3,TM7SF3,,TM7SF3,,TM7SF3,TM7SF3,,TM7SF3,TM7SF3,,TM7SF3,TM7SF3,TM7SF3,,TM7SF3,TM7SF3,TM7SF3,TM7SF3,TM7SF3,C6orf62,TM7SF3,GATB,TM7SF3,TM7SF3,TM7SF3,,TM7SF3,TM7SF3,,,,TM7SF3,TM7SF3,TM7SF3,,,TM7SF3,,,TM7SF3,,TM7SF3,TM7SF3,,TM7SF3,TM7SF3,TM7SF3,,MSANTD3,TM7SF3,,TM7SF3,TM7SF3,TM7SF3,TM7SF3,,TM7SF3,TM7SF3,TM7SF3,,,TM7SF3,,,TM7SF3,,TM7SF3,,TM7SF3,TM7SF3,,TM7SF3,TM7SF3
DLX3,EVI5,DLX3,,DLX3,,,,DLX3,,DLX3,,,,,TLL2,,LYPD1,,E2F1,,,,,DLX3,,DLX3,DLX3,,DLX3,,DLX3,DLX3,,DLX3,DLX3,,DLX3,DLX3,DLX3,,DLX3,DLX3,DLX3,DLX3,DLX3,B3GAT2,DLX3,GATB,DLX3,DLX3,DLX3,,DLX3,DLX3,,,,DLX3,DLX3,DLX3,,,DLX3,,,DLX3,,DLX3,DLX3,,DLX3,DLX3,DLX3,,KIF26A,DLX3,,DLX3,DLX3,DLX3,DLX3,,DLX3,DLX3,DLX3,,,DLX3,,,DLX3,,DLX3,,DLX3,DLX3,,DLX3,DLX3
SPA17,STOML1,SPA17,,SPA17,,,,SPA17,,SPA17,,,,,CYP26A1,,ASB1,,RPRD1B,,,,,SPA17,,SPA17,SPA17,,SPA17,,SPA17,SPA17,,SPA17,SPA17,,SPA17,SPA17,SPA17,,SPA17,SPA17,SPA17,SPA17,SPA17,GMNN,SPA17,GATB,SPA17,SPA17,SPA17,,SPA17,SPA17,,,,SPA17,SPA17,SPA17,,,SPA17,,,SPA17,,SPA17,SPA17,,SPA17,SPA17,SPA17,,ATG2B,SPA17,,SPA17,SPA17,SPA17,SPA17,,SPA17,SPA17,SPA17,,,SPA17,,,SPA17,,SPA17,,SPA17,SPA17,,SPA17,SPA17
TSPAN32,PKM,TSPAN32,,TSPAN32,,,,TSPAN32,,TSPAN32,,,,,TDRD1,,TRAF3,,PXMP4,,,,,TSPAN32,,TSPAN32,TSPAN32,,TSPAN32,,TSPAN32,TSPAN32,,TSPAN32,TSPAN32,,TSPAN32,TSPAN32,TSPAN32,,TSPAN32,TSPAN32,TSPAN32,TSPAN32,TSPAN32,EYA4,TSPAN32,GATB,TSPAN32,TSPAN32,TSPAN32,,TSPAN32,TSPAN32,,,,TSPAN32,TSPAN32,TSPAN32,,,TSPAN32,,,TSPAN32,,TSPAN32,TSPAN32,,TSPAN32,TSPAN32,TSPAN32,,ARFGEF1,TSPAN32,,TSPAN32,TSPAN32,TSPAN32,TSPAN32,,TSPAN32,TSPAN32,TSPAN32,,,TSPAN32,,,TSPAN32,,TSPAN32,,TSPAN32,TSPAN32,,TSPAN32,TSPAN32
CCN5,DHX29,CCN5,,CCN5,,,,CCN5,,CCN5,,,,,SORBS1,,CX3CL1,,CHMP4B,,,,,CCN5,,CCN5,CCN5,,CCN5,,CCN5,CCN5,,CCN5,CCN5,,CCN5,CCN5,CCN5,,CCN5,CCN5,CCN5,CCN5,CCN5,SOBP,CCN5,GATB,CCN5,CCN5,CCN5,,CCN5,CCN5,,,,CCN5,CCN5,CCN5,,,CCN5,,,CCN5,,CCN5,CCN5,,CCN5,CCN5,CCN5,,ACSM2B,CCN5,,CCN5,CCN5,CCN5,CCN5,,CCN5,CCN5,CCN5,,,CCN5,,,CCN5,,CCN5,,CCN5,CCN5,,CCN5,CCN5
DMRT3,DNTTIP2,DMRT3,,DMRT3,,,,DMRT3,,DMRT3,,,,,CRTAC1,,GUCY1B1,,BPIFB2,,,,,DMRT3,,DMRT3,DMRT3,,DMRT3,,DMRT3,DMRT3,,DMRT3,DMRT3,,DMRT3,DMRT3,DMRT3,,DMRT3,DMRT3,DMRT3,DMRT3,DMRT3,NR2E1,DMRT3,GATB,DMRT3,DMRT3,DMRT3,,DMRT3,DMRT3,,,,DMRT3,DMRT3,DMRT3,,,DMRT3,,,DMRT3,,DMRT3,DMRT3,,DMRT3,DMRT3,DMRT3,,ZFAT,DMRT3,,DMRT3,DMRT3,DMRT3,DMRT3,,DMRT3,DMRT3,DMRT3,,,DMRT3,,,DMRT3,,DMRT3,,DMRT3,DMRT3,,DMRT3,DMRT3
ST3GAL6,METTL22,ST3GAL6,,ST3GAL6,,,,ST3GAL6,,ST3GAL6,,,,,BAMBI,,CD38,,CST9L,,,,,ST3GAL6,,ST3GAL6,ST3GAL6,,ST3GAL6,,ST3GAL6,ST3GAL6,,ST3GAL6,ST3GAL6,,ST3GAL6,ST3GAL6,ST3GAL6,,ST3GAL6,ST3GAL6,ST3GAL6,ST3GAL6,ST3GAL6,SNX3,ST3GAL6,GATB,ST3GAL6,ST3GAL6,ST3GAL6,,ST3GAL6,ST3GAL6,,,,ST3GAL6,ST3GAL6,ST3GAL6,,,ST3GAL6,,,ST3GAL6,,ST3GAL6,ST3GAL6,,ST3GAL6,ST3GAL6,ST3GAL6,,MTFR1,ST3GAL6,,ST3GAL6,ST3GAL6,ST3GAL6,ST3GAL6,,ST3GAL6,ST3GAL6,ST3GAL6,,,ST3GAL6,,,ST3GAL6,,ST3GAL6,,ST3GAL6,ST3GAL6,,ST3GAL6,ST3GAL6
ATP2C2,TP53BP1,ATP2C2,,ATP2C2,,,,ATP2C2,,ATP2C2,,,,,IL11,,LYZL1,,SLC32A1,,,,,ATP2C2,,ATP2C2,ATP2C2,,ATP2C2,,ATP2C2,ATP2C2,,ATP2C2,ATP2C2,,ATP2C2,ATP2C2,ATP2C2,,ATP2C2,ATP2C2,ATP2C2,ATP2C2,ATP2C2,SLC17A2,ATP2C2,GATB,ATP2C2,ATP2C2,ATP2C2,,ATP2C2,ATP2C2,,,,ATP2C2,ATP2C2,ATP2C2,,,ATP2C2,,,ATP2C2,,ATP2C2,ATP2C2,,ATP2C2,ATP2C2,ATP2C2,,STAG3,ATP2C2,,ATP2C2,ATP2C2,ATP2C2,ATP2C2,,ATP2C2,ATP2C2,ATP2C2,,,ATP2C2,,,ATP2C2,,ATP2C2,,ATP2C2,ATP2C2,,ATP2C2,ATP2C2
NGFR,RRP15,NGFR,,NGFR,,,,NGFR,,NGFR,,,,,MYO3A,,SPEN,,CST3,,,,,NGFR,,NGFR,NGFR,,NGFR,,NGFR,NGFR,,NGFR,NGFR,,NGFR,NGFR,NGFR,,NGFR,NGFR,NGFR,NGFR,NGFR,HBS1L,NGFR,GATB,NGFR,NGFR,NGFR,,NGFR,NGFR,,,,NGFR,NGFR,NGFR,,,NGFR,,,NGFR,,NGFR,NGFR,,NGFR,NGFR,NGFR,,FECH,NGFR,,NGFR,NGFR,NGFR,NGFR,,NGFR,NGFR,NGFR,,,NGFR,,,NGFR,,NGFR,,NGFR,NGFR,,NGFR,NGFR
CDON,RHOA,CDON,,CDON,,,,CDON,,CDON,,,,,WAC,,BTN3A3,,ASIP,,,,,CDON,,CDON,CDON,,CDON,,CDON,CDON,,CDON,CDON,,CDON,CDON,CDON,,CDON,CDON,CDON,CDON,CDON,TRIM38,CDON,GATB,CDON,CDON,CDON,,CDON,CDON,,,,CDON,CDON,CDON,,,CDON,,,CDON,,CDON,CDON,,CDON,CDON,CDON,,MYO9A,CDON,,CDON,CDON,CDON,CDON,,CDON,CDON,CDON,,,CDON,,,CDON,,CDON,,CDON,CDON,,CDON,CDON
TAF2,DHX8,TAF2,,TAF2,,,,TAF2,,TAF2,,,,,CREM,,TFEC,,CST4,,,,,TAF2,,TAF2,TAF2,,TAF2,,TAF2,TAF2,,TAF2,TAF2,,TAF2,TAF2,TAF2,,TAF2,TAF2,TAF2,TAF2,TAF2,PEX7,TAF2,GATB,TAF2,TAF2,TAF2,,TAF2,TAF2,,,,TAF2,TAF2,TAF2,,,TAF2,,,TAF2,,TAF2,TAF2,,TAF2,TAF2,TAF2,,PFKP,TAF2,,TAF2,TAF2,TAF2,TAF2,,TAF2,TAF2,TAF2,,,TAF2,,,TAF2,,TAF2,,TAF2,TAF2,,TAF2,TAF2
HIPK2,PMS2P4,HIPK2,,HIPK2,,,,HIPK2,,HIPK2,,,,,NUBP2,,GNB1,,ACTR5,,,,,HIPK2,,HIPK2,HIPK2,,HIPK2,,HIPK2,HIPK2,,HIPK2,HIPK2,,HIPK2,HIPK2,HIPK2,,HIPK2,HIPK2,HIPK2,HIPK2,HIPK2,ZBTB24,HIPK2,GATB,HIPK2,HIPK2,HIPK2,,HIPK2,HIPK2,,,,HIPK2,HIPK2,HIPK2,,,HIPK2,,,HIPK2,,HIPK2,HIPK2,,HIPK2,HIPK2,HIPK2,,IDI1,HIPK2,,HIPK2,HIPK2,HIPK2,HIPK2,,HIPK2,HIPK2,HIPK2,,,HIPK2,,,HIPK2,,HIPK2,,HIPK2,HIPK2,,HIPK2,HIPK2
TNPO3,PRKCZ,TNPO3,,TNPO3,,,,TNPO3,,TNPO3,,,,,TPSD1,,ADAM7,,WFDC2,,,,,TNPO3,,TNPO3,TNPO3,,TNPO3,,TNPO3,TNPO3,,TNPO3,TNPO3,,TNPO3,TNPO3,TNPO3,,TNPO3,TNPO3,TNPO3,TNPO3,TNPO3,FIG4,TNPO3,GATB,TNPO3,TNPO3,TNPO3,,TNPO3,TNPO3,,,,TNPO3,TNPO3,TNPO3,,,TNPO3,,,TNPO3,,TNPO3,TNPO3,,TNPO3,TNPO3,TNPO3,,SP100,TNPO3,,TNPO3,TNPO3,TNPO3,TNPO3,,TNPO3,TNPO3,TNPO3,,,TNPO3,,,TNPO3,,TNPO3,,TNPO3,TNPO3,,TNPO3,TNPO3
BORCS8-MEF2B,IARS2,BORCS8-MEF2B,,BORCS8-MEF2B,,,,BORCS8-MEF2B,,BORCS8-MEF2B,,,,,SMIM24,,SLC4A8,,AHCY,,,,,BORCS8-MEF2B,,BORCS8-MEF2B,BORCS8-MEF2B,,BORCS8-MEF2B,,BORCS8-MEF2B,BORCS8-MEF2B,,BORCS8-MEF2B,BORCS8-MEF2B,,BORCS8-MEF2B,BORCS8-MEF2B,BORCS8-MEF2B,,BORCS8-MEF2B,BORCS8-MEF2B,BORCS8-MEF2B,BORCS8-MEF2B,BORCS8-MEF2B,PERP,BORCS8-MEF2B,GATB,BORCS8-MEF2B,BORCS8-MEF2B,BORCS8-MEF2B,,BORCS8-MEF2B,BORCS8-MEF2B,,,,BORCS8-MEF2B,BORCS8-MEF2B,BORCS8-MEF2B,,,BORCS8-MEF2B,,,BORCS8-MEF2B,,BORCS8-MEF2B,BORCS8-MEF2B,,BORCS8-MEF2B,BORCS8-MEF2B,BORCS8-MEF2B,,KLF6,BORCS8-MEF2B,,BORCS8-MEF2B,BORCS8-MEF2B,BORCS8-MEF2B,BORCS8-MEF2B,,BORCS8-MEF2B,BORCS8-MEF2B,BORCS8-MEF2B,,,BORCS8-MEF2B,,,BORCS8-MEF2B,,BORCS8-MEF2B,,BORCS8-MEF2B,BORCS8-MEF2B,,BORCS8-MEF2B,BORCS8-MEF2B
RFXANK,SYT1,RFXANK,,RFXANK,,,,RFXANK,,RFXANK,,,,,HIVEP1,,SLC1A3,,PPP1R16B,,,,,RFXANK,,RFXANK,RFXANK,,RFXANK,,RFXANK,RFXANK,,RFXANK,RFXANK,,RFXANK,RFXANK,RFXANK,,RFXANK,RFXANK,RFXANK,RFXANK,RFXANK,ARFGEF3,RFXANK,GATB,RFXANK,RFXANK,RFXANK,,RFXANK,RFXANK,,,,RFXANK,RFXANK,RFXANK,,,RFXANK,,,RFXANK,,RFXANK,RFXANK,,RFXANK,RFXANK,RFXANK,,PLPP1,RFXANK,,RFXANK,RFXANK,RFXANK,RFXANK,,RFXANK,RFXANK,RFXANK,,,RFXANK,,,RFXANK,,RFXANK,,RFXANK,RFXANK,,RFXANK,RFXANK
TMEM161A,NAV3,TMEM161A,,TMEM161A,,,,TMEM161A,,TMEM161A,,,,,TREM2,,IL11,,SPINT3,,,,,TMEM161A,,TMEM161A,TMEM161A,,TMEM161A,,TMEM161A,TMEM161A,,TMEM161A,TMEM161A,,TMEM161A,TMEM161A,TMEM161A,,TMEM161A,TMEM161A,TMEM161A,TMEM161A,TMEM161A,SLC16A10,TMEM161A,GATB,TMEM161A,TMEM161A,TMEM161A,,TMEM161A,TMEM161A,,,,TMEM161A,TMEM161A,TMEM161A,,,TMEM161A,,,TMEM161A,,TMEM161A,TMEM161A,,TMEM161A,TMEM161A,TMEM161A,,NEO1,TMEM161A,,TMEM161A,TMEM161A,TMEM161A,TMEM161A,,TMEM161A,TMEM161A,TMEM161A,,,TMEM161A,,,TMEM161A,,TMEM161A,,TMEM161A,TMEM161A,,TMEM161A,TMEM161A
LPAR2,ROGDI,LPAR2,,LPAR2,,,,LPAR2,,LPAR2,,,,,KCNK16,,FTL,,FAM83D,,,,,LPAR2,,LPAR2,LPAR2,,LPAR2,,LPAR2,LPAR2,,LPAR2,LPAR2,,LPAR2,LPAR2,LPAR2,,LPAR2,LPAR2,LPAR2,LPAR2,LPAR2,HECA,LPAR2,GATB,LPAR2,LPAR2,LPAR2,,LPAR2,LPAR2,,,,LPAR2,LPAR2,LPAR2,,,LPAR2,,,LPAR2,,LPAR2,LPAR2,,LPAR2,LPAR2,LPAR2,,TRAM1,LPAR2,,LPAR2,LPAR2,LPAR2,LPAR2,,LPAR2,LPAR2,LPAR2,,,LPAR2,,,LPAR2,,LPAR2,,LPAR2,LPAR2,,LPAR2,LPAR2
CTSA,ROCK1,CTSA,,CTSA,,,,CTSA,,CTSA,,,,,CRISP3,,CD86,,EPPIN,,,,,CTSA,,CTSA,CTSA,,CTSA,,CTSA,CTSA,,CTSA,CTSA,,CTSA,CTSA,CTSA,,CTSA,CTSA,CTSA,CTSA,CTSA,ADGRG6,CTSA,GATB,CTSA,CTSA,CTSA,,CTSA,CTSA,,,,CTSA,CTSA,CTSA,,,CTSA,,,CTSA,,CTSA,CTSA,,CTSA,CTSA,CTSA,,TNFRSF1A,CTSA,,CTSA,CTSA,CTSA,CTSA,,CTSA,CTSA,CTSA,,,CTSA,,,CTSA,,CTSA,,CTSA,CTSA,,CTSA,CTSA
SUGP2,CBFB,SUGP2,,SUGP2,,,,SUGP2,,SUGP2,,,,,FKBP5,,P2RX7,,DHX35,,,,,SUGP2,,SUGP2,SUGP2,,SUGP2,,SUGP2,SUGP2,,SUGP2,SUGP2,,SUGP2,SUGP2,SUGP2,,SUGP2,SUGP2,SUGP2,SUGP2,SUGP2,PHACTR2,SUGP2,GATB,SUGP2,SUGP2,SUGP2,,SUGP2,SUGP2,,,,SUGP2,SUGP2,SUGP2,,,SUGP2,,,SUGP2,,SUGP2,SUGP2,,SUGP2,SUGP2,SUGP2,,CACNB1,SUGP2,,SUGP2,SUGP2,SUGP2,SUGP2,,SUGP2,SUGP2,SUGP2,,,SUGP2,,,SUGP2,,SUGP2,,SUGP2,SUGP2,,SUGP2,SUGP2
SLC12A2,HYAL2,SLC12A2,,SLC12A2,,,,SLC12A2,,SLC12A2,,,,,SRPK1,,LGALS9,,DNTTIP1,,,,,SLC12A2,,SLC12A2,SLC12A2,,SLC12A2,,SLC12A2,SLC12A2,,SLC12A2,SLC12A2,,SLC12A2,SLC12A2,SLC12A2,,SLC12A2,SLC12A2,SLC12A2,SLC12A2,SLC12A2,EPM2A,SLC12A2,GATB,SLC12A2,SLC12A2,SLC12A2,,SLC12A2,SLC12A2,,,,SLC12A2,SLC12A2,SLC12A2,,,SLC12A2,,,SLC12A2,,SLC12A2,SLC12A2,,SLC12A2,SLC12A2,SLC12A2,,EVI5,SLC12A2,,SLC12A2,SLC12A2,SLC12A2,SLC12A2,,SLC12A2,SLC12A2,SLC12A2,,,SLC12A2,,,SLC12A2,,SLC12A2,,SLC12A2,SLC12A2,,SLC12A2,SLC12A2
SNX24,HDAC4,SNX24,,SNX24,,,,SNX24,,SNX24,,,,,BRPF3,,RHOB,,MAP1LC3A,,,,,SNX24,,SNX24,SNX24,,SNX24,,SNX24,SNX24,,SNX24,SNX24,,SNX24,SNX24,SNX24,,SNX24,SNX24,SNX24,SNX24,SNX24,OR12D3,SNX24,GATB,SNX24,SNX24,SNX24,,SNX24,SNX24,,,,SNX24,SNX24,SNX24,,,SNX24,,,SNX24,,SNX24,SNX24,,SNX24,SNX24,SNX24,,STOML1,SNX24,,SNX24,SNX24,SNX24,SNX24,,SNX24,SNX24,SNX24,,,SNX24,,,SNX24,,SNX24,,SNX24,SNX24,,SNX24,SNX24
EYA2,RASSF1,EYA2,,EYA2,,,,EYA2,,EYA2,,,,,PGC,,TFAP2C,,SYNDIG1,,,,,EYA2,,EYA2,EYA2,,EYA2,,EYA2,EYA2,,EYA2,EYA2,,EYA2,EYA2,EYA2,,EYA2,EYA2,EYA2,EYA2,EYA2,SLC39A7,EYA2,GATB,EYA2,EYA2,EYA2,,EYA2,EYA2,,,,EYA2,EYA2,EYA2,,,EYA2,,,EYA2,,EYA2,EYA2,,EYA2,EYA2,EYA2,,PKM,EYA2,,EYA2,EYA2,EYA2,EYA2,,EYA2,EYA2,EYA2,,,EYA2,,,EYA2,,EYA2,,EYA2,EYA2,,EYA2,EYA2
CNN2,IFI35,CNN2,,CNN2,,,,CNN2,,CNN2,,,,,TMEM14A,,FCGR2B,,PIGU,,,,,CNN2,,CNN2,CNN2,,CNN2,,CNN2,CNN2,,CNN2,CNN2,,CNN2,CNN2,CNN2,,CNN2,CNN2,CNN2,CNN2,CNN2,CCR6,CNN2,GATB,CNN2,CNN2,CNN2,,CNN2,CNN2,,,,CNN2,CNN2,CNN2,,,CNN2,,,CNN2,,CNN2,CNN2,,CNN2,CNN2,CNN2,,DHX29,CNN2,,CNN2,CNN2,CNN2,CNN2,,CNN2,CNN2,CNN2,,,CNN2,,,CNN2,,CNN2,,CNN2,CNN2,,CNN2,CNN2
ABCA7,HEATR6,ABCA7,,ABCA7,,,,ABCA7,,ABCA7,,,,,EFHC1,,IL7,,TNNC2,,,,,ABCA7,,ABCA7,ABCA7,,ABCA7,,ABCA7,ABCA7,,ABCA7,ABCA7,,ABCA7,ABCA7,ABCA7,,ABCA7,ABCA7,ABCA7,ABCA7,ABCA7,UNC93A,ABCA7,GATB,ABCA7,ABCA7,ABCA7,,ABCA7,ABCA7,,,,ABCA7,ABCA7,ABCA7,,,ABCA7,,,ABCA7,,ABCA7,ABCA7,,ABCA7,ABCA7,ABCA7,,DNTTIP2,ABCA7,,ABCA7,ABCA7,ABCA7,ABCA7,,ABCA7,ABCA7,ABCA7,,,ABCA7,,,ABCA7,,ABCA7,,ABCA7,ABCA7,,ABCA7,ABCA7
SNCAIP,COASY,SNCAIP,,SNCAIP,,,,SNCAIP,,SNCAIP,,,,,NCR2,,TRAF3,,ACOT8,,,,,SNCAIP,,SNCAIP,SNCAIP,,SNCAIP,,SNCAIP,SNCAIP,,SNCAIP,SNCAIP,,SNCAIP,SNCAIP,SNCAIP,,SNCAIP,SNCAIP,SNCAIP,SNCAIP,SNCAIP,SLC22A2,SNCAIP,GATB,SNCAIP,SNCAIP,SNCAIP,,SNCAIP,SNCAIP,,,,SNCAIP,SNCAIP,SNCAIP,,,SNCAIP,,,SNCAIP,,SNCAIP,SNCAIP,,SNCAIP,SNCAIP,SNCAIP,,METTL22,SNCAIP,,SNCAIP,SNCAIP,SNCAIP,SNCAIP,,SNCAIP,SNCAIP,SNCAIP,,,SNCAIP,,,SNCAIP,,SNCAIP,,SNCAIP,SNCAIP,,SNCAIP,SNCAIP
DDX20,PLEKHH3,DDX20,,DDX20,,,,DDX20,,DDX20,,,,,HSP90AB1,,ASB3,,APMAP,,,,,DDX20,,DDX20,DDX20,,DDX20,,DDX20,DDX20,,DDX20,DDX20,,DDX20,DDX20,DDX20,,DDX20,DDX20,DDX20,DDX20,DDX20,PHF1,DDX20,GATB,DDX20,DDX20,DDX20,,DDX20,DDX20,,,,DDX20,DDX20,DDX20,,,DDX20,,,DDX20,,DDX20,DDX20,,DDX20,DDX20,DDX20,,TP53BP1,DDX20,,DDX20,DDX20,DDX20,DDX20,,DDX20,DDX20,DDX20,,,DDX20,,,DDX20,,DDX20,,DDX20,DDX20,,DDX20,DDX20
BTBD1,MEF2A,BTBD1,,BTBD1,,,,BTBD1,,BTBD1,,,,,MLN,,CD37,,CELF4,,,,,BTBD1,,BTBD1,BTBD1,,BTBD1,,BTBD1,BTBD1,,BTBD1,BTBD1,,BTBD1,BTBD1,BTBD1,,BTBD1,BTBD1,BTBD1,BTBD1,BTBD1,CUTA,BTBD1,GATB,BTBD1,BTBD1,BTBD1,,BTBD1,BTBD1,,,,BTBD1,BTBD1,BTBD1,,,BTBD1,,,BTBD1,,BTBD1,BTBD1,,BTBD1,BTBD1,BTBD1,,RRP15,BTBD1,,BTBD1,BTBD1,BTBD1,BTBD1,,BTBD1,BTBD1,BTBD1,,,BTBD1,,,BTBD1,,BTBD1,,BTBD1,BTBD1,,BTBD1,BTBD1
FAR2,INPP5A,FAR2,,FAR2,,,,FAR2,,FAR2,,,,,CDC5L,,ASB4,,ZNF516,,,,,FAR2,,FAR2,FAR2,,FAR2,,FAR2,FAR2,,FAR2,FAR2,,FAR2,FAR2,FAR2,,FAR2,FAR2,FAR2,FAR2,FAR2,PACRG,FAR2,GATB,FAR2,FAR2,FAR2,,FAR2,FAR2,,,,FAR2,FAR2,FAR2,,,FAR2,,,FAR2,,FAR2,FAR2,,FAR2,FAR2,FAR2,,RHOA,FAR2,,FAR2,FAR2,FAR2,FAR2,,FAR2,FAR2,FAR2,,,FAR2,,,FAR2,,FAR2,,FAR2,FAR2,,FAR2,FAR2
BCAS1,PRR11,BCAS1,,BCAS1,,,,BCAS1,,BCAS1,,,,,ITPR3,,IL4,,CDH20,,,,,BCAS1,,BCAS1,BCAS1,,BCAS1,,BCAS1,BCAS1,,BCAS1,BCAS1,,BCAS1,BCAS1,BCAS1,,BCAS1,BCAS1,BCAS1,BCAS1,BCAS1,QKI,BCAS1,GATB,BCAS1,BCAS1,BCAS1,,BCAS1,BCAS1,,,,BCAS1,BCAS1,BCAS1,,,BCAS1,,,BCAS1,,BCAS1,BCAS1,,BCAS1,BCAS1,BCAS1,,DHX8,BCAS1,,BCAS1,BCAS1,BCAS1,BCAS1,,BCAS1,BCAS1,BCAS1,,,BCAS1,,,BCAS1,,BCAS1,,BCAS1,BCAS1,,BCAS1,BCAS1
POU1F1,REEP1,POU1F1,,POU1F1,,,,POU1F1,,POU1F1,,,,,ZNF184,,SELL,,ADNP2,,,,,POU1F1,,POU1F1,POU1F1,,POU1F1,,POU1F1,POU1F1,,POU1F1,POU1F1,,POU1F1,POU1F1,POU1F1,,POU1F1,POU1F1,POU1F1,POU1F1,POU1F1,C6orf118,POU1F1,GATB,POU1F1,POU1F1,POU1F1,,POU1F1,POU1F1,,,,POU1F1,POU1F1,POU1F1,,,POU1F1,,,POU1F1,,POU1F1,POU1F1,,POU1F1,POU1F1,POU1F1,,PMS2P4,POU1F1,,POU1F1,POU1F1,POU1F1,POU1F1,,POU1F1,POU1F1,POU1F1,,,POU1F1,,,POU1F1,,POU1F1,,POU1F1,POU1F1,,POU1F1,POU1F1
CHI3L2,ATP11A,CHI3L2,,CHI3L2,,,,CHI3L2,,CHI3L2,,,,,DSP,,SLC6A15,,RBFA,,,,,CHI3L2,,CHI3L2,CHI3L2,,CHI3L2,,CHI3L2,CHI3L2,,CHI3L2,CHI3L2,,CHI3L2,CHI3L2,CHI3L2,,CHI3L2,CHI3L2,CHI3L2,CHI3L2,CHI3L2,PDE10A,CHI3L2,GATB,CHI3L2,CHI3L2,CHI3L2,,CHI3L2,CHI3L2,,,,CHI3L2,CHI3L2,CHI3L2,,,CHI3L2,,,CHI3L2,,CHI3L2,CHI3L2,,CHI3L2,CHI3L2,CHI3L2,,PRKCZ,CHI3L2,,CHI3L2,CHI3L2,CHI3L2,CHI3L2,,CHI3L2,CHI3L2,CHI3L2,,,CHI3L2,,,CHI3L2,,CHI3L2,,CHI3L2,CHI3L2,,CHI3L2,CHI3L2
SBNO2,POLR1A,SBNO2,,SBNO2,,,,SBNO2,,SBNO2,,,,,SIRT1,,RHOBTB1,,USP14,,,,,SBNO2,,SBNO2,SBNO2,,SBNO2,,SBNO2,SBNO2,,SBNO2,SBNO2,,SBNO2,SBNO2,SBNO2,,SBNO2,SBNO2,SBNO2,SBNO2,SBNO2,MDFI,SBNO2,GATB,SBNO2,SBNO2,SBNO2,,SBNO2,SBNO2,,,,SBNO2,SBNO2,SBNO2,,,SBNO2,,,SBNO2,,SBNO2,SBNO2,,SBNO2,SBNO2,SBNO2,,IARS2,SBNO2,,SBNO2,SBNO2,SBNO2,SBNO2,,SBNO2,SBNO2,SBNO2,,,SBNO2,,,SBNO2,,SBNO2,,SBNO2,SBNO2,,SBNO2,SBNO2
PMS1,LAPTM4A,PMS1,,PMS1,,,,PMS1,,PMS1,,,,,HNRNPH3,,BTN2A2,,VAPA,,,,,PMS1,,PMS1,PMS1,,PMS1,,PMS1,PMS1,,PMS1,PMS1,,PMS1,PMS1,PMS1,,PMS1,PMS1,PMS1,PMS1,PMS1,TFEB,PMS1,GATB,PMS1,PMS1,PMS1,,PMS1,PMS1,,,,PMS1,PMS1,PMS1,,,PMS1,,,PMS1,,PMS1,PMS1,,PMS1,PMS1,PMS1,,SYT1,PMS1,,PMS1,PMS1,PMS1,PMS1,,PMS1,PMS1,PMS1,,,PMS1,,,PMS1,,PMS1,,PMS1,PMS1,,PMS1,PMS1
HMG20B,TTC7A,HMG20B,,HMG20B,,,,HMG20B,,HMG20B,,,,,IFT74,,FMO3,,METTL4,,,,,HMG20B,,HMG20B,HMG20B,,HMG20B,,HMG20B,HMG20B,,HMG20B,HMG20B,,HMG20B,HMG20B,HMG20B,,HMG20B,HMG20B,HMG20B,HMG20B,HMG20B,SMOC2,HMG20B,GATB,HMG20B,HMG20B,HMG20B,,HMG20B,HMG20B,,,,HMG20B,HMG20B,HMG20B,,,HMG20B,,,HMG20B,,HMG20B,HMG20B,,HMG20B,HMG20B,HMG20B,,NAV3,HMG20B,,HMG20B,HMG20B,HMG20B,HMG20B,,HMG20B,HMG20B,HMG20B,,,HMG20B,,,HMG20B,,HMG20B,,HMG20B,HMG20B,,HMG20B,HMG20B
CALCRL,IP6K2,CALCRL,,CALCRL,,,,CALCRL,,CALCRL,,,,,JAK2,,GUCY2C,,LPIN2,,,,,CALCRL,,CALCRL,CALCRL,,CALCRL,,CALCRL,CALCRL,,CALCRL,CALCRL,,CALCRL,CALCRL,CALCRL,,CALCRL,CALCRL,CALCRL,CALCRL,CALCRL,CCND3,CALCRL,GATB,CALCRL,CALCRL,CALCRL,,CALCRL,CALCRL,,,,CALCRL,CALCRL,CALCRL,,,CALCRL,,,CALCRL,,CALCRL,CALCRL,,CALCRL,CALCRL,CALCRL,,ROGDI,CALCRL,,CALCRL,CALCRL,CALCRL,CALCRL,,CALCRL,CALCRL,CALCRL,,,CALCRL,,,CALCRL,,CALCRL,,CALCRL,CALCRL,,CALCRL,CALCRL
TAF11,SRBD1,TAF11,,TAF11,,,,TAF11,,TAF11,,,,,IL12RB1,,TRAF3,,SMCHD1,,,,,TAF11,,TAF11,TAF11,,TAF11,,TAF11,TAF11,,TAF11,TAF11,,TAF11,TAF11,TAF11,,TAF11,TAF11,TAF11,TAF11,TAF11,BYSL,TAF11,GATB,TAF11,TAF11,TAF11,,TAF11,TAF11,,,,TAF11,TAF11,TAF11,,,TAF11,,,TAF11,,TAF11,TAF11,,TAF11,TAF11,TAF11,,ROCK1,TAF11,,TAF11,TAF11,TAF11,TAF11,,TAF11,TAF11,TAF11,,,TAF11,,,TAF11,,TAF11,,TAF11,TAF11,,TAF11,TAF11
ANKS1A,KIF2A,ANKS1A,,ANKS1A,,,,ANKS1A,,ANKS1A,,,,,ABL1,,SLAMF7,,MYOM1,,,,,ANKS1A,,ANKS1A,ANKS1A,,ANKS1A,,ANKS1A,ANKS1A,,ANKS1A,ANKS1A,,ANKS1A,ANKS1A,ANKS1A,,ANKS1A,ANKS1A,ANKS1A,ANKS1A,ANKS1A,FAM120B,ANKS1A,GATB,ANKS1A,ANKS1A,ANKS1A,,ANKS1A,ANKS1A,,,,ANKS1A,ANKS1A,ANKS1A,,,ANKS1A,,,ANKS1A,,ANKS1A,ANKS1A,,ANKS1A,ANKS1A,ANKS1A,,CBFB,ANKS1A,,ANKS1A,ANKS1A,ANKS1A,ANKS1A,,ANKS1A,ANKS1A,ANKS1A,,,ANKS1A,,,ANKS1A,,ANKS1A,,ANKS1A,ANKS1A,,ANKS1A,ANKS1A
AP3D1,RASGRP2,AP3D1,,AP3D1,,,,AP3D1,,AP3D1,,,,,ACOT7,,ICAM4,,MYL12A,,,,,AP3D1,,AP3D1,AP3D1,,AP3D1,,AP3D1,AP3D1,,AP3D1,AP3D1,,AP3D1,AP3D1,AP3D1,,AP3D1,AP3D1,AP3D1,AP3D1,AP3D1,TBP,AP3D1,GATB,AP3D1,AP3D1,AP3D1,,AP3D1,AP3D1,,,,AP3D1,AP3D1,AP3D1,,,AP3D1,,,AP3D1,,AP3D1,AP3D1,,AP3D1,AP3D1,AP3D1,,HYAL2,AP3D1,,AP3D1,AP3D1,AP3D1,AP3D1,,AP3D1,AP3D1,AP3D1,,,AP3D1,,,AP3D1,,AP3D1,,AP3D1,AP3D1,,AP3D1,AP3D1
ZNF76,PSME4,ZNF76,,ZNF76,,,,ZNF76,,ZNF76,,,,,SH3GLB1,,CXCL6,,CEP76,,,,,ZNF76,,ZNF76,ZNF76,,ZNF76,,ZNF76,ZNF76,,ZNF76,ZNF76,,ZNF76,ZNF76,ZNF76,,ZNF76,ZNF76,ZNF76,ZNF76,ZNF76,GUCA1B,ZNF76,GATB,ZNF76,ZNF76,ZNF76,,ZNF76,ZNF76,,,,ZNF76,ZNF76,ZNF76,,,ZNF76,,,ZNF76,,ZNF76,ZNF76,,ZNF76,ZNF76,ZNF76,,HDAC4,ZNF76,,ZNF76,ZNF76,ZNF76,ZNF76,,ZNF76,ZNF76,ZNF76,,,ZNF76,,,ZNF76,,ZNF76,,ZNF76,ZNF76,,ZNF76,ZNF76
SLC9A3R2,IFT80,SLC9A3R2,,SLC9A3R2,,,,SLC9A3R2,,SLC9A3R2,,,,,CDC7,,PRDM4,,ST8SIA5,,,,,SLC9A3R2,,SLC9A3R2,SLC9A3R2,,SLC9A3R2,,SLC9A3R2,SLC9A3R2,,SLC9A3R2,SLC9A3R2,,SLC9A3R2,SLC9A3R2,SLC9A3R2,,SLC9A3R2,SLC9A3R2,SLC9A3R2,SLC9A3R2,SLC9A3R2,PRPH2,SLC9A3R2,GATB,SLC9A3R2,SLC9A3R2,SLC9A3R2,,SLC9A3R2,SLC9A3R2,,,,SLC9A3R2,SLC9A3R2,SLC9A3R2,,,SLC9A3R2,,,SLC9A3R2,,SLC9A3R2,SLC9A3R2,,SLC9A3R2,SLC9A3R2,SLC9A3R2,,RASSF1,SLC9A3R2,,SLC9A3R2,SLC9A3R2,SLC9A3R2,SLC9A3R2,,SLC9A3R2,SLC9A3R2,SLC9A3R2,,,SLC9A3R2,,,SLC9A3R2,,SLC9A3R2,,SLC9A3R2,SLC9A3R2,,SLC9A3R2,SLC9A3R2
NTHL1,SIRT2,NTHL1,,NTHL1,,,,NTHL1,,NTHL1,,,,,SYDE2,,AHR,,CEP192,,,,,NTHL1,,NTHL1,NTHL1,,NTHL1,,NTHL1,NTHL1,,NTHL1,NTHL1,,NTHL1,NTHL1,NTHL1,,NTHL1,NTHL1,NTHL1,NTHL1,NTHL1,BICRAL,NTHL1,GATB,NTHL1,NTHL1,NTHL1,,NTHL1,NTHL1,,,,NTHL1,NTHL1,NTHL1,,,NTHL1,,,NTHL1,,NTHL1,NTHL1,,NTHL1,NTHL1,NTHL1,,FGFR3,NTHL1,,NTHL1,NTHL1,NTHL1,NTHL1,,NTHL1,NTHL1,NTHL1,,,NTHL1,,,NTHL1,,NTHL1,,NTHL1,NTHL1,,NTHL1,NTHL1
UHRF1BP1,ERLEC1,UHRF1BP1,,UHRF1BP1,,,,UHRF1BP1,,UHRF1BP1,,,,,PCSK5,,TNFRSF1A,,RNMT,,,,,UHRF1BP1,,UHRF1BP1,UHRF1BP1,,UHRF1BP1,,UHRF1BP1,UHRF1BP1,,UHRF1BP1,UHRF1BP1,,UHRF1BP1,UHRF1BP1,UHRF1BP1,,UHRF1BP1,UHRF1BP1,UHRF1BP1,UHRF1BP1,UHRF1BP1,PPP2R5D,UHRF1BP1,GATB,UHRF1BP1,UHRF1BP1,UHRF1BP1,,UHRF1BP1,UHRF1BP1,,,,UHRF1BP1,UHRF1BP1,UHRF1BP1,,,UHRF1BP1,,,UHRF1BP1,,UHRF1BP1,UHRF1BP1,,UHRF1BP1,UHRF1BP1,UHRF1BP1,,IFI35,UHRF1BP1,,UHRF1BP1,UHRF1BP1,UHRF1BP1,UHRF1BP1,,UHRF1BP1,UHRF1BP1,UHRF1BP1,,,UHRF1BP1,,,UHRF1BP1,,UHRF1BP1,,UHRF1BP1,UHRF1BP1,,UHRF1BP1,UHRF1BP1
GNAI3,PPP2R5B,GNAI3,,GNAI3,,,,GNAI3,,GNAI3,,,,,SCD,,SPPL2B,,SMAD7,,,,,GNAI3,,GNAI3,GNAI3,,GNAI3,,GNAI3,GNAI3,,GNAI3,GNAI3,,GNAI3,GNAI3,GNAI3,,GNAI3,GNAI3,GNAI3,GNAI3,GNAI3,PTK7,GNAI3,GATB,GNAI3,GNAI3,GNAI3,,GNAI3,GNAI3,,,,GNAI3,GNAI3,GNAI3,,,GNAI3,,,GNAI3,,GNAI3,GNAI3,,GNAI3,GNAI3,GNAI3,,HEATR6,GNAI3,,GNAI3,GNAI3,GNAI3,GNAI3,,GNAI3,GNAI3,GNAI3,,,GNAI3,,,GNAI3,,GNAI3,,GNAI3,GNAI3,,GNAI3,GNAI3
IPO5,PYGM,IPO5,,IPO5,,,,IPO5,,IPO5,,,,,TMED1,,MPO,,LIPG,,,,,IPO5,,IPO5,IPO5,,IPO5,,IPO5,IPO5,,IPO5,IPO5,,IPO5,IPO5,IPO5,,IPO5,IPO5,IPO5,IPO5,IPO5,SRF,IPO5,GATB,IPO5,IPO5,IPO5,,IPO5,IPO5,,,,IPO5,IPO5,IPO5,,,IPO5,,,IPO5,,IPO5,IPO5,,IPO5,IPO5,IPO5,,COASY,IPO5,,IPO5,IPO5,IPO5,IPO5,,IPO5,IPO5,IPO5,,,IPO5,,,IPO5,,IPO5,,IPO5,IPO5,,IPO5,IPO5
OAT,PITX1,OAT,,OAT,,,,OAT,,OAT,,,,,ABLIM1,,ANGPT2,,LAMA1,,,,,OAT,,OAT,OAT,,OAT,,OAT,OAT,,OAT,OAT,,OAT,OAT,OAT,,OAT,OAT,OAT,OAT,OAT,CUL9,OAT,GATB,OAT,OAT,OAT,,OAT,OAT,,,,OAT,OAT,OAT,,,OAT,,,OAT,,OAT,OAT,,OAT,OAT,OAT,,PLEKHH3,OAT,,OAT,OAT,OAT,OAT,,OAT,OAT,OAT,,,OAT,,,OAT,,OAT,,OAT,OAT,,OAT,OAT
WDR3,TRPC7,WDR3,,WDR3,,,,WDR3,,WDR3,,,,,ERMP1,,C5orf22,,RNF125,,,,,WDR3,,WDR3,WDR3,,WDR3,,WDR3,WDR3,,WDR3,WDR3,,WDR3,WDR3,WDR3,,WDR3,WDR3,WDR3,WDR3,WDR3,DNPH1,WDR3,GATB,WDR3,WDR3,WDR3,,WDR3,WDR3,,,,WDR3,WDR3,WDR3,,,WDR3,,,WDR3,,WDR3,WDR3,,WDR3,WDR3,WDR3,,MEF2A,WDR3,,WDR3,WDR3,WDR3,WDR3,,WDR3,WDR3,WDR3,,,WDR3,,,WDR3,,WDR3,,WDR3,WDR3,,WDR3,WDR3
PKN2,MAST4,PKN2,,PKN2,,,,PKN2,,PKN2,,,,,RAB18,,PRSS22,,ANKRD12,,,,,PKN2,,PKN2,PKN2,,PKN2,,PKN2,PKN2,,PKN2,PKN2,,PKN2,PKN2,PKN2,,PKN2,PKN2,PKN2,PKN2,PKN2,DUSP22,PKN2,GATB,PKN2,PKN2,PKN2,,PKN2,PKN2,,,,PKN2,PKN2,PKN2,,,PKN2,,,PKN2,,PKN2,PKN2,,PKN2,PKN2,PKN2,,INPP5A,PKN2,,PKN2,PKN2,PKN2,PKN2,,PKN2,PKN2,PKN2,,,PKN2,,,PKN2,,PKN2,,PKN2,PKN2,,PKN2,PKN2
WDR18,ADGRF5,WDR18,,WDR18,,,,WDR18,,WDR18,,,,,NRP1,,LTBP1,,NOL4,,,,,WDR18,,WDR18,WDR18,,WDR18,,WDR18,WDR18,,WDR18,WDR18,,WDR18,WDR18,WDR18,,WDR18,WDR18,WDR18,WDR18,WDR18,EXOC2,WDR18,GATB,WDR18,WDR18,WDR18,,WDR18,WDR18,,,,WDR18,WDR18,WDR18,,,WDR18,,,WDR18,,WDR18,WDR18,,WDR18,WDR18,WDR18,,PRR11,WDR18,,WDR18,WDR18,WDR18,WDR18,,WDR18,WDR18,WDR18,,,WDR18,,,WDR18,,WDR18,,WDR18,WDR18,,WDR18,WDR18
TRAM2,SDK2,TRAM2,,TRAM2,,,,TRAM2,,TRAM2,,,,,HSD17B7P2,,IL12RB2,,POLI,,,,,TRAM2,,TRAM2,TRAM2,,TRAM2,,TRAM2,TRAM2,,TRAM2,TRAM2,,TRAM2,TRAM2,TRAM2,,TRAM2,TRAM2,TRAM2,TRAM2,TRAM2,COX7A2,TRAM2,GATB,TRAM2,TRAM2,TRAM2,,TRAM2,TRAM2,,,,TRAM2,TRAM2,TRAM2,,,TRAM2,,,TRAM2,,TRAM2,TRAM2,,TRAM2,TRAM2,TRAM2,,REEP1,TRAM2,,TRAM2,TRAM2,TRAM2,TRAM2,,TRAM2,TRAM2,TRAM2,,,TRAM2,,,TRAM2,,TRAM2,,TRAM2,TRAM2,,TRAM2,TRAM2
NTN1,ADAM7,NTN1,,NTN1,,,,NTN1,,NTN1,,,,,PRTFDC1,,MRE11,,MIB1,,,,,NTN1,,NTN1,NTN1,,NTN1,,NTN1,NTN1,,NTN1,NTN1,,NTN1,NTN1,NTN1,,NTN1,NTN1,NTN1,NTN1,NTN1,TMEM30A,NTN1,GATB,NTN1,NTN1,NTN1,,NTN1,NTN1,,,,NTN1,NTN1,NTN1,,,NTN1,,,NTN1,,NTN1,NTN1,,NTN1,NTN1,NTN1,,ATP11A,NTN1,,NTN1,NTN1,NTN1,NTN1,,NTN1,NTN1,NTN1,,,NTN1,,,NTN1,,NTN1,,NTN1,NTN1,,NTN1,NTN1
GLP2R,NUP133,GLP2R,,GLP2R,,,,GLP2R,,GLP2R,,,,,PALMD,,CCL26,,RBBP8,,,,,GLP2R,,GLP2R,GLP2R,,GLP2R,,GLP2R,GLP2R,,GLP2R,GLP2R,,GLP2R,GLP2R,GLP2R,,GLP2R,GLP2R,GLP2R,GLP2R,GLP2R,GMDS,GLP2R,GATB,GLP2R,GLP2R,GLP2R,,GLP2R,GLP2R,,,,GLP2R,GLP2R,GLP2R,,,GLP2R,,,GLP2R,,GLP2R,GLP2R,,GLP2R,GLP2R,GLP2R,,POLR1A,GLP2R,,GLP2R,GLP2R,GLP2R,GLP2R,,GLP2R,GLP2R,GLP2R,,,GLP2R,,,GLP2R,,GLP2R,,GLP2R,GLP2R,,GLP2R,GLP2R
MCM10,NUCKS1,MCM10,,MCM10,,,,MCM10,,MCM10,,,,,TSPAN15,,RHAG,,RIOK3,,,,,MCM10,,MCM10,MCM10,,MCM10,,MCM10,MCM10,,MCM10,MCM10,,MCM10,MCM10,MCM10,,MCM10,MCM10,MCM10,MCM10,MCM10,SENP6,MCM10,GATB,MCM10,MCM10,MCM10,,MCM10,MCM10,,,,MCM10,MCM10,MCM10,,,MCM10,,,MCM10,,MCM10,MCM10,,MCM10,MCM10,MCM10,,LAPTM4A,MCM10,,MCM10,MCM10,MCM10,MCM10,,MCM10,MCM10,MCM10,,,MCM10,,,MCM10,,MCM10,,MCM10,MCM10,,MCM10,MCM10
DGKA,VPS35,DGKA,,DGKA,,,,DGKA,,DGKA,,,,,MACROH2A2,,IL36B,,MCTS2P,,,,,DGKA,,DGKA,DGKA,,DGKA,,DGKA,DGKA,,DGKA,DGKA,,DGKA,DGKA,DGKA,,DGKA,DGKA,DGKA,DGKA,DGKA,IMPG1,DGKA,GATB,DGKA,DGKA,DGKA,,DGKA,DGKA,,,,DGKA,DGKA,DGKA,,,DGKA,,,DGKA,,DGKA,DGKA,,DGKA,DGKA,DGKA,,TTC7A,DGKA,,DGKA,DGKA,DGKA,DGKA,,DGKA,DGKA,DGKA,,,DGKA,,,DGKA,,DGKA,,DGKA,DGKA,,DGKA,DGKA
ERBB3,DNAJA2,ERBB3,,ERBB3,,,,ERBB3,,ERBB3,,,,,WASHC2A,,SERPINB1,,EEA1,,,,,ERBB3,,ERBB3,ERBB3,,ERBB3,,ERBB3,ERBB3,,ERBB3,ERBB3,,ERBB3,ERBB3,ERBB3,,ERBB3,ERBB3,ERBB3,ERBB3,ERBB3,VEGFA,ERBB3,GATB,ERBB3,ERBB3,ERBB3,,ERBB3,ERBB3,,,,ERBB3,ERBB3,ERBB3,,,ERBB3,,,ERBB3,,ERBB3,ERBB3,,ERBB3,ERBB3,ERBB3,,IP6K2,ERBB3,,ERBB3,ERBB3,ERBB3,ERBB3,,ERBB3,ERBB3,ERBB3,,,ERBB3,,,ERBB3,,ERBB3,,ERBB3,ERBB3,,ERBB3,ERBB3
ROPN1,BCL3,ROPN1,,ROPN1,,,,ROPN1,,ROPN1,,,,,MAST3,,FCGR2B,,RUBCNL,,,,,ROPN1,,ROPN1,ROPN1,,ROPN1,,ROPN1,ROPN1,,ROPN1,ROPN1,,ROPN1,ROPN1,ROPN1,,ROPN1,ROPN1,ROPN1,ROPN1,ROPN1,PRPF4B,ROPN1,GATB,ROPN1,ROPN1,ROPN1,,ROPN1,ROPN1,,,,ROPN1,ROPN1,ROPN1,,,ROPN1,,,ROPN1,,ROPN1,ROPN1,,ROPN1,ROPN1,ROPN1,,SRBD1,ROPN1,,ROPN1,ROPN1,ROPN1,ROPN1,,ROPN1,ROPN1,ROPN1,,,ROPN1,,,ROPN1,,ROPN1,,ROPN1,ROPN1,,ROPN1,ROPN1
ANKRD44,KCNAB2,ANKRD44,,ANKRD44,,,,ANKRD44,,ANKRD44,,,,,MZF1,,CCL7,,NALCN,,,,,ANKRD44,,ANKRD44,ANKRD44,,ANKRD44,,ANKRD44,ANKRD44,,ANKRD44,ANKRD44,,ANKRD44,ANKRD44,ANKRD44,,ANKRD44,ANKRD44,ANKRD44,ANKRD44,ANKRD44,TTK,ANKRD44,GATB,ANKRD44,ANKRD44,ANKRD44,,ANKRD44,ANKRD44,,,,ANKRD44,ANKRD44,ANKRD44,,,ANKRD44,,,ANKRD44,,ANKRD44,ANKRD44,,ANKRD44,ANKRD44,ANKRD44,,KIF2A,ANKRD44,,ANKRD44,ANKRD44,ANKRD44,ANKRD44,,ANKRD44,ANKRD44,ANKRD44,,,ANKRD44,,,ANKRD44,,ANKRD44,,ANKRD44,ANKRD44,,ANKRD44,ANKRD44
KARS1,ABCC9,KARS1,,KARS1,,,,KARS1,,KARS1,,,,,OCEL1,,LILRB1,,FGF14,,,,,KARS1,,KARS1,KARS1,,KARS1,,KARS1,KARS1,,KARS1,KARS1,,KARS1,KARS1,KARS1,,KARS1,KARS1,KARS1,KARS1,KARS1,SLC29A1,KARS1,GATB,KARS1,KARS1,KARS1,,KARS1,KARS1,,,,KARS1,KARS1,KARS1,,,KARS1,,,KARS1,,KARS1,KARS1,,KARS1,KARS1,KARS1,,RASGRP2,KARS1,,KARS1,KARS1,KARS1,KARS1,,KARS1,KARS1,KARS1,,,KARS1,,,KARS1,,KARS1,,KARS1,KARS1,,KARS1,KARS1
ADAT1,GAL,ADAT1,,ADAT1,,,,ADAT1,,ADAT1,,,,,MYO9B,,VEZT,,HTR2A,,,,,ADAT1,,ADAT1,ADAT1,,ADAT1,,ADAT1,ADAT1,,ADAT1,ADAT1,,ADAT1,ADAT1,ADAT1,,ADAT1,ADAT1,ADAT1,ADAT1,ADAT1,CCN6,ADAT1,GATB,ADAT1,ADAT1,ADAT1,,ADAT1,ADAT1,,,,ADAT1,ADAT1,ADAT1,,,ADAT1,,,ADAT1,,ADAT1,ADAT1,,ADAT1,ADAT1,ADAT1,,PSME4,ADAT1,,ADAT1,ADAT1,ADAT1,ADAT1,,ADAT1,ADAT1,ADAT1,,,ADAT1,,,ADAT1,,ADAT1,,ADAT1,ADAT1,,ADAT1,ADAT1
PDIA5,CLEC2D,PDIA5,,PDIA5,,,,PDIA5,,PDIA5,,,,,KCNK6,,ANGPT4,,NDFIP2,,,,,PDIA5,,PDIA5,PDIA5,,PDIA5,,PDIA5,PDIA5,,PDIA5,PDIA5,,PDIA5,PDIA5,PDIA5,,PDIA5,PDIA5,PDIA5,PDIA5,PDIA5,BTN2A1,PDIA5,GATB,PDIA5,PDIA5,PDIA5,,PDIA5,PDIA5,,,,PDIA5,PDIA5,PDIA5,,,PDIA5,,,PDIA5,,PDIA5,PDIA5,,PDIA5,PDIA5,PDIA5,,IFT80,PDIA5,,PDIA5,PDIA5,PDIA5,PDIA5,,PDIA5,PDIA5,PDIA5,,,PDIA5,,,PDIA5,,PDIA5,,PDIA5,PDIA5,,PDIA5,PDIA5
TBC1D22B,RORA,TBC1D22B,,TBC1D22B,,,,TBC1D22B,,TBC1D22B,,,,,CATSPERG,,CXCL13,,TNFSF13B,,,,,TBC1D22B,,TBC1D22B,TBC1D22B,,TBC1D22B,,TBC1D22B,TBC1D22B,,TBC1D22B,TBC1D22B,,TBC1D22B,TBC1D22B,TBC1D22B,,TBC1D22B,TBC1D22B,TBC1D22B,TBC1D22B,TBC1D22B,LAMA4,TBC1D22B,GATB,TBC1D22B,TBC1D22B,TBC1D22B,,TBC1D22B,TBC1D22B,,,,TBC1D22B,TBC1D22B,TBC1D22B,,,TBC1D22B,,,TBC1D22B,,TBC1D22B,TBC1D22B,,TBC1D22B,TBC1D22B,TBC1D22B,,SIRT2,TBC1D22B,,TBC1D22B,TBC1D22B,TBC1D22B,TBC1D22B,,TBC1D22B,TBC1D22B,TBC1D22B,,,TBC1D22B,,,TBC1D22B,,TBC1D22B,,TBC1D22B,TBC1D22B,,TBC1D22B,TBC1D22B
NDUFB4,DRD4,NDUFB4,,NDUFB4,,,,NDUFB4,,NDUFB4,,,,,PSMD8,,ASB3,,FNDC3A,,,,,NDUFB4,,NDUFB4,NDUFB4,,NDUFB4,,NDUFB4,NDUFB4,,NDUFB4,NDUFB4,,NDUFB4,NDUFB4,NDUFB4,,NDUFB4,NDUFB4,NDUFB4,NDUFB4,NDUFB4,TENT5A,NDUFB4,GATB,NDUFB4,NDUFB4,NDUFB4,,NDUFB4,NDUFB4,,,,NDUFB4,NDUFB4,NDUFB4,,,NDUFB4,,,NDUFB4,,NDUFB4,NDUFB4,,NDUFB4,NDUFB4,NDUFB4,,ERLEC1,NDUFB4,,NDUFB4,NDUFB4,NDUFB4,NDUFB4,,NDUFB4,NDUFB4,NDUFB4,,,NDUFB4,,,NDUFB4,,NDUFB4,,NDUFB4,NDUFB4,,NDUFB4,NDUFB4
SPEN,TGFBR3,SPEN,,SPEN,,,,SPEN,,SPEN,,,,,FBXL19,,FCGR2B,,MLNR,,,,,SPEN,,SPEN,SPEN,,SPEN,,SPEN,SPEN,,SPEN,SPEN,,SPEN,SPEN,SPEN,,SPEN,SPEN,SPEN,SPEN,SPEN,CLIC5,SPEN,GATB,SPEN,SPEN,SPEN,,SPEN,SPEN,,,,SPEN,SPEN,SPEN,,,SPEN,,,SPEN,,SPEN,SPEN,,SPEN,SPEN,SPEN,,PPP2R5B,SPEN,,SPEN,SPEN,SPEN,SPEN,,SPEN,SPEN,SPEN,,,SPEN,,,SPEN,,SPEN,,SPEN,SPEN,,SPEN,SPEN
MYLK,PLA2G10,MYLK,,MYLK,,,,MYLK,,MYLK,,,,,STX1B,,ICAM5,,CDADC1,,,,,MYLK,,MYLK,MYLK,,MYLK,,MYLK,MYLK,,MYLK,MYLK,,MYLK,MYLK,MYLK,,MYLK,MYLK,MYLK,MYLK,MYLK,FBRSL1,MYLK,GATB,MYLK,MYLK,MYLK,,MYLK,MYLK,,,,MYLK,MYLK,MYLK,,,MYLK,,,MYLK,,MYLK,MYLK,,MYLK,MYLK,MYLK,,PYGM,MYLK,,MYLK,MYLK,MYLK,MYLK,,MYLK,MYLK,MYLK,,,MYLK,,,MYLK,,MYLK,,MYLK,MYLK,,MYLK,MYLK
ZC3H15,HES2,ZC3H15,,ZC3H15,,,,ZC3H15,,ZC3H15,,,,,HSD3B7,,FMO3,,CAB39L,,,,,ZC3H15,,ZC3H15,ZC3H15,,ZC3H15,,ZC3H15,ZC3H15,,ZC3H15,ZC3H15,,ZC3H15,ZC3H15,ZC3H15,,ZC3H15,ZC3H15,ZC3H15,ZC3H15,ZC3H15,ENPP5,ZC3H15,GATB,ZC3H15,ZC3H15,ZC3H15,,ZC3H15,ZC3H15,,,,ZC3H15,ZC3H15,ZC3H15,,,ZC3H15,,,ZC3H15,,ZC3H15,ZC3H15,,ZC3H15,ZC3H15,ZC3H15,,PITX1,ZC3H15,,ZC3H15,ZC3H15,ZC3H15,ZC3H15,,ZC3H15,ZC3H15,ZC3H15,,,ZC3H15,,,ZC3H15,,ZC3H15,,ZC3H15,ZC3H15,,ZC3H15,ZC3H15
MAP2K4,ATP1B3,MAP2K4,,MAP2K4,,,,MAP2K4,,MAP2K4,,,,,SETD1A,,SLC4A4,,KLF5,,,,,MAP2K4,,MAP2K4,MAP2K4,,MAP2K4,,MAP2K4,MAP2K4,,MAP2K4,MAP2K4,,MAP2K4,MAP2K4,MAP2K4,,MAP2K4,MAP2K4,MAP2K4,MAP2K4,MAP2K4,LY86,MAP2K4,GATB,MAP2K4,MAP2K4,MAP2K4,,MAP2K4,MAP2K4,,,,MAP2K4,MAP2K4,MAP2K4,,,MAP2K4,,,MAP2K4,,MAP2K4,MAP2K4,,MAP2K4,MAP2K4,MAP2K4,,TRPC7,MAP2K4,,MAP2K4,MAP2K4,MAP2K4,MAP2K4,,MAP2K4,MAP2K4,MAP2K4,,,MAP2K4,,,MAP2K4,,MAP2K4,,MAP2K4,MAP2K4,,MAP2K4,MAP2K4
PACC1,NEDD4,PACC1,,PACC1,,,,PACC1,,PACC1,,,,,BCL7C,,ASB1,,STK24,,,,,PACC1,,PACC1,PACC1,,PACC1,,PACC1,PACC1,,PACC1,PACC1,,PACC1,PACC1,PACC1,,PACC1,PACC1,PACC1,PACC1,PACC1,PRSS16,PACC1,GATB,PACC1,PACC1,PACC1,,PACC1,PACC1,,,,PACC1,PACC1,PACC1,,,PACC1,,,PACC1,,PACC1,PACC1,,PACC1,PACC1,PACC1,,MAST4,PACC1,,PACC1,PACC1,PACC1,PACC1,,PACC1,PACC1,PACC1,,,PACC1,,,PACC1,,PACC1,,PACC1,PACC1,,PACC1,PACC1
SNAP91,PIGB,SNAP91,,SNAP91,,,,SNAP91,,SNAP91,,,,,EFNA2,,FTL,,ACP5,,,,,SNAP91,,SNAP91,SNAP91,,SNAP91,,SNAP91,SNAP91,,SNAP91,SNAP91,,SNAP91,SNAP91,SNAP91,,SNAP91,SNAP91,SNAP91,SNAP91,SNAP91,MEP1A,SNAP91,GATB,SNAP91,SNAP91,SNAP91,,SNAP91,SNAP91,,,,SNAP91,SNAP91,SNAP91,,,SNAP91,,,SNAP91,,SNAP91,SNAP91,,SNAP91,SNAP91,SNAP91,,ADGRF5,SNAP91,,SNAP91,SNAP91,SNAP91,SNAP91,,SNAP91,SNAP91,SNAP91,,,SNAP91,,,SNAP91,,SNAP91,,SNAP91,SNAP91,,SNAP91,SNAP91
SLK,MAPK6,SLK,,SLK,,,,SLK,,SLK,,,,,CIRBP,,ASB4,,DNAJC3,,,,,SLK,,SLK,SLK,,SLK,,SLK,SLK,,SLK,SLK,,SLK,SLK,SLK,,SLK,SLK,SLK,SLK,SLK,TBX18,SLK,GATB,SLK,SLK,SLK,,SLK,SLK,,,,SLK,SLK,SLK,,,SLK,,,SLK,,SLK,SLK,,SLK,SLK,SLK,,SDK2,SLK,,SLK,SLK,SLK,SLK,,SLK,SLK,SLK,,,SLK,,,SLK,,SLK,,SLK,SLK,,SLK,SLK
CYB5R4,GNB5,CYB5R4,,CYB5R4,,,,CYB5R4,,CYB5R4,,,,,ATP5F1D,,KYNU,,UGGT2,,,,,CYB5R4,,CYB5R4,CYB5R4,,CYB5R4,,CYB5R4,CYB5R4,,CYB5R4,CYB5R4,,CYB5R4,CYB5R4,CYB5R4,,CYB5R4,CYB5R4,CYB5R4,CYB5R4,CYB5R4,ERBIN,CYB5R4,GATB,CYB5R4,CYB5R4,CYB5R4,,CYB5R4,CYB5R4,,,,CYB5R4,CYB5R4,CYB5R4,,,CYB5R4,,,CYB5R4,,CYB5R4,CYB5R4,,CYB5R4,CYB5R4,CYB5R4,,ADAM7,CYB5R4,,CYB5R4,CYB5R4,CYB5R4,CYB5R4,,CYB5R4,CYB5R4,CYB5R4,,,CYB5R4,,,CYB5R4,,CYB5R4,,CYB5R4,CYB5R4,,CYB5R4,CYB5R4
COL17A1,RAB27A,COL17A1,,COL17A1,,,,COL17A1,,COL17A1,,,,,CBARP,,ASB1,,ARHGEF7,,,,,COL17A1,,COL17A1,COL17A1,,COL17A1,,COL17A1,COL17A1,,COL17A1,COL17A1,,COL17A1,COL17A1,COL17A1,,COL17A1,COL17A1,COL17A1,COL17A1,COL17A1,PCDHB2,COL17A1,GATB,COL17A1,COL17A1,COL17A1,,COL17A1,COL17A1,,,,COL17A1,COL17A1,COL17A1,,,COL17A1,,,COL17A1,,COL17A1,COL17A1,,COL17A1,COL17A1,COL17A1,,NUP133,COL17A1,,COL17A1,COL17A1,COL17A1,COL17A1,,COL17A1,COL17A1,COL17A1,,,COL17A1,,,COL17A1,,COL17A1,,COL17A1,COL17A1,,COL17A1,COL17A1
GSTO2,HDHD5,GSTO2,,GSTO2,,,,GSTO2,,GSTO2,,,,,IGFALS,,AQR,,FGF9,,,,,GSTO2,,GSTO2,GSTO2,,GSTO2,,GSTO2,GSTO2,,GSTO2,GSTO2,,GSTO2,GSTO2,GSTO2,,GSTO2,GSTO2,GSTO2,GSTO2,GSTO2,HARS2,GSTO2,GATB,GSTO2,GSTO2,GSTO2,,GSTO2,GSTO2,,,,GSTO2,GSTO2,GSTO2,,,GSTO2,,,GSTO2,,GSTO2,GSTO2,,GSTO2,GSTO2,GSTO2,,NUCKS1,GSTO2,,GSTO2,GSTO2,GSTO2,GSTO2,,GSTO2,GSTO2,GSTO2,,,GSTO2,,,GSTO2,,GSTO2,,GSTO2,GSTO2,,GSTO2,GSTO2
SEC61A2,UFD1,SEC61A2,,SEC61A2,,,,SEC61A2,,SEC61A2,,,,,HNRNPM,,BTN1A1,,SGCG,,,,,SEC61A2,,SEC61A2,SEC61A2,,SEC61A2,,SEC61A2,SEC61A2,,SEC61A2,SEC61A2,,SEC61A2,SEC61A2,SEC61A2,,SEC61A2,SEC61A2,SEC61A2,SEC61A2,SEC61A2,NUDT12,SEC61A2,GATB,SEC61A2,SEC61A2,SEC61A2,,SEC61A2,SEC61A2,,,,SEC61A2,SEC61A2,SEC61A2,,,SEC61A2,,,SEC61A2,,SEC61A2,SEC61A2,,SEC61A2,SEC61A2,SEC61A2,,VPS35,SEC61A2,,SEC61A2,SEC61A2,SEC61A2,SEC61A2,,SEC61A2,SEC61A2,SEC61A2,,,SEC61A2,,,SEC61A2,,SEC61A2,,SEC61A2,SEC61A2,,SEC61A2,SEC61A2
PRKCQ,LRP6,PRKCQ,,PRKCQ,,,,PRKCQ,,PRKCQ,,,,,MARCHF2,,KYNU,,PARP4,,,,,PRKCQ,,PRKCQ,PRKCQ,,PRKCQ,,PRKCQ,PRKCQ,,PRKCQ,PRKCQ,,PRKCQ,PRKCQ,PRKCQ,,PRKCQ,PRKCQ,PRKCQ,PRKCQ,PRKCQ,CEP72,PRKCQ,GATB,PRKCQ,PRKCQ,PRKCQ,,PRKCQ,PRKCQ,,,,PRKCQ,PRKCQ,PRKCQ,,,PRKCQ,,,PRKCQ,,PRKCQ,PRKCQ,,PRKCQ,PRKCQ,PRKCQ,,DNAJA2,PRKCQ,,PRKCQ,PRKCQ,PRKCQ,PRKCQ,,PRKCQ,PRKCQ,PRKCQ,,,PRKCQ,,,PRKCQ,,PRKCQ,,PRKCQ,PRKCQ,,PRKCQ,PRKCQ
TLE2,GUCY2C,TLE2,,TLE2,,,,TLE2,,TLE2,,,,,NDUFB7,,GCLM,,SUPT20H,,,,,TLE2,,TLE2,TLE2,,TLE2,,TLE2,TLE2,,TLE2,TLE2,,TLE2,TLE2,TLE2,,TLE2,TLE2,TLE2,TLE2,TLE2,MAN2A1,TLE2,GATB,TLE2,TLE2,TLE2,,TLE2,TLE2,,,,TLE2,TLE2,TLE2,,,TLE2,,,TLE2,,TLE2,TLE2,,TLE2,TLE2,TLE2,,BCL3,TLE2,,TLE2,TLE2,TLE2,TLE2,,TLE2,TLE2,TLE2,,,TLE2,,,TLE2,,TLE2,,TLE2,TLE2,,TLE2,TLE2
ASB1,SCT,ASB1,,ASB1,,,,ASB1,,ASB1,,,,,TECR,,RHAG,,SLC25A15,,,,,ASB1,,ASB1,ASB1,,ASB1,,ASB1,ASB1,,ASB1,ASB1,,ASB1,ASB1,ASB1,,ASB1,ASB1,ASB1,ASB1,ASB1,SEMA5A,ASB1,GATB,ASB1,ASB1,ASB1,,ASB1,ASB1,,,,ASB1,ASB1,ASB1,,,ASB1,,,ASB1,,ASB1,ASB1,,ASB1,ASB1,ASB1,,KCNAB2,ASB1,,ASB1,ASB1,ASB1,ASB1,,ASB1,ASB1,ASB1,,,ASB1,,,ASB1,,ASB1,,ASB1,ASB1,,ASB1,ASB1
FAM107B,PHRF1,FAM107B,,FAM107B,,,,FAM107B,,FAM107B,,,,,TIMM13,,ICAM2,,KPNA3,,,,,FAM107B,,FAM107B,FAM107B,,FAM107B,,FAM107B,FAM107B,,FAM107B,FAM107B,,FAM107B,FAM107B,FAM107B,,FAM107B,FAM107B,FAM107B,FAM107B,FAM107B,C7,FAM107B,GATB,FAM107B,FAM107B,FAM107B,,FAM107B,FAM107B,,,,FAM107B,FAM107B,FAM107B,,,FAM107B,,,FAM107B,,FAM107B,FAM107B,,FAM107B,FAM107B,FAM107B,,ABCC9,FAM107B,,FAM107B,FAM107B,FAM107B,FAM107B,,FAM107B,FAM107B,FAM107B,,,FAM107B,,,FAM107B,,FAM107B,,FAM107B,FAM107B,,FAM107B,FAM107B
ME1,ELP1,ME1,,ME1,,,,ME1,,ME1,,,,,CDC34,,FTL,,FLT1,,,,,ME1,,ME1,ME1,,ME1,,ME1,ME1,,ME1,ME1,,ME1,ME1,ME1,,ME1,ME1,ME1,ME1,ME1,TENT4A,ME1,GATB,ME1,ME1,ME1,,ME1,ME1,,,,ME1,ME1,ME1,,,ME1,,,ME1,,ME1,ME1,,ME1,ME1,ME1,,GAL,ME1,,ME1,ME1,ME1,ME1,,ME1,ME1,ME1,,,ME1,,,ME1,,ME1,,ME1,ME1,,ME1,ME1
TBC1D1,NUCB2,TBC1D1,,TBC1D1,,,,TBC1D1,,TBC1D1,,,,,MTAP,,ASB1,,RGCC,,,,,TBC1D1,,TBC1D1,TBC1D1,,TBC1D1,,TBC1D1,TBC1D1,,TBC1D1,TBC1D1,,TBC1D1,TBC1D1,TBC1D1,,TBC1D1,TBC1D1,TBC1D1,TBC1D1,TBC1D1,GHR,TBC1D1,GATB,TBC1D1,TBC1D1,TBC1D1,,TBC1D1,TBC1D1,,,,TBC1D1,TBC1D1,TBC1D1,,,TBC1D1,,,TBC1D1,,TBC1D1,TBC1D1,,TBC1D1,TBC1D1,TBC1D1,,CLEC2D,TBC1D1,,TBC1D1,TBC1D1,TBC1D1,TBC1D1,,TBC1D1,TBC1D1,TBC1D1,,,TBC1D1,,,TBC1D1,,TBC1D1,,TBC1D1,TBC1D1,,TBC1D1,TBC1D1
CDK13,PFN2,CDK13,,CDK13,,,,CDK13,,CDK13,,,,,MISP,,TFEC,,VWA8,,,,,CDK13,,CDK13,CDK13,,CDK13,,CDK13,CDK13,,CDK13,CDK13,,CDK13,CDK13,CDK13,,CDK13,CDK13,CDK13,CDK13,CDK13,HMGCS1,CDK13,GATB,CDK13,CDK13,CDK13,,CDK13,CDK13,,,,CDK13,CDK13,CDK13,,,CDK13,,,CDK13,,CDK13,CDK13,,CDK13,CDK13,CDK13,,RORA,CDK13,,CDK13,CDK13,CDK13,CDK13,,CDK13,CDK13,CDK13,,,CDK13,,,CDK13,,CDK13,,CDK13,CDK13,,CDK13,CDK13
MTHFD2,PTPN3,MTHFD2,,MTHFD2,,,,MTHFD2,,MTHFD2,,,,,CEP170B,,CCL11,,DGKH,,,,,MTHFD2,,MTHFD2,MTHFD2,,MTHFD2,,MTHFD2,MTHFD2,,MTHFD2,MTHFD2,,MTHFD2,MTHFD2,MTHFD2,,MTHFD2,MTHFD2,MTHFD2,MTHFD2,MTHFD2,DAP,MTHFD2,GATB,MTHFD2,MTHFD2,MTHFD2,,MTHFD2,MTHFD2,,,,MTHFD2,MTHFD2,MTHFD2,,,MTHFD2,,,MTHFD2,,MTHFD2,MTHFD2,,MTHFD2,MTHFD2,MTHFD2,,DRD4,MTHFD2,,MTHFD2,MTHFD2,MTHFD2,MTHFD2,,MTHFD2,MTHFD2,MTHFD2,,,MTHFD2,,,MTHFD2,,MTHFD2,,MTHFD2,MTHFD2,,MTHFD2,MTHFD2
FOXJ2,SPTB,FOXJ2,,FOXJ2,,,,FOXJ2,,FOXJ2,,,,,POLR2E,,CCL2,,KATNAL1,,,,,FOXJ2,,FOXJ2,FOXJ2,,FOXJ2,,FOXJ2,FOXJ2,,FOXJ2,FOXJ2,,FOXJ2,FOXJ2,FOXJ2,,FOXJ2,FOXJ2,FOXJ2,FOXJ2,FOXJ2,NME5,FOXJ2,GATB,FOXJ2,FOXJ2,FOXJ2,,FOXJ2,FOXJ2,,,,FOXJ2,FOXJ2,FOXJ2,,,FOXJ2,,,FOXJ2,,FOXJ2,FOXJ2,,FOXJ2,FOXJ2,FOXJ2,,TGFBR3,FOXJ2,,FOXJ2,FOXJ2,FOXJ2,FOXJ2,,FOXJ2,FOXJ2,FOXJ2,,,FOXJ2,,,FOXJ2,,FOXJ2,,FOXJ2,FOXJ2,,FOXJ2,FOXJ2
YBX1,DAPP1,YBX1,,YBX1,,,,YBX1,,YBX1,,,,,POLRMT,,SERPINA10,,INTS6,,,,,YBX1,,YBX1,YBX1,,YBX1,,YBX1,YBX1,,YBX1,YBX1,,YBX1,YBX1,YBX1,,YBX1,YBX1,YBX1,YBX1,YBX1,BRD8,YBX1,GATB,YBX1,YBX1,YBX1,,YBX1,YBX1,,,,YBX1,YBX1,YBX1,,,YBX1,,,YBX1,,YBX1,YBX1,,YBX1,YBX1,YBX1,,PLA2G10,YBX1,,YBX1,YBX1,YBX1,YBX1,,YBX1,YBX1,YBX1,,,YBX1,,,YBX1,,YBX1,,YBX1,YBX1,,YBX1,YBX1
PDE4A,FGF10,PDE4A,,PDE4A,,,,PDE4A,,PDE4A,,,,,HCN2,,IL17A,,ACOD1,,,,,PDE4A,,PDE4A,PDE4A,,PDE4A,,PDE4A,PDE4A,,PDE4A,PDE4A,,PDE4A,PDE4A,PDE4A,,PDE4A,PDE4A,PDE4A,PDE4A,PDE4A,KIF22,PDE4A,GATB,PDE4A,PDE4A,PDE4A,,PDE4A,PDE4A,,,,PDE4A,PDE4A,PDE4A,,,PDE4A,,,PDE4A,,PDE4A,PDE4A,,PDE4A,PDE4A,PDE4A,,HES2,PDE4A,,PDE4A,PDE4A,PDE4A,PDE4A,,PDE4A,PDE4A,PDE4A,,,PDE4A,,,PDE4A,,PDE4A,,PDE4A,PDE4A,,PDE4A,PDE4A
PPP2R5A,SLC44A1,PPP2R5A,,PPP2R5A,,,,PPP2R5A,,PPP2R5A,,,,,CDHR5,,SCARB1,,DHRS12,,,,,PPP2R5A,,PPP2R5A,PPP2R5A,,PPP2R5A,,PPP2R5A,PPP2R5A,,PPP2R5A,PPP2R5A,,PPP2R5A,PPP2R5A,PPP2R5A,,PPP2R5A,PPP2R5A,PPP2R5A,PPP2R5A,PPP2R5A,,PPP2R5A,GATB,PPP2R5A,PPP2R5A,PPP2R5A,,PPP2R5A,PPP2R5A,,,,PPP2R5A,PPP2R5A,PPP2R5A,,,PPP2R5A,,,PPP2R5A,,PPP2R5A,PPP2R5A,,PPP2R5A,PPP2R5A,PPP2R5A,,ATP1B3,PPP2R5A,,PPP2R5A,PPP2R5A,PPP2R5A,PPP2R5A,,PPP2R5A,PPP2R5A,PPP2R5A,,,PPP2R5A,,,PPP2R5A,,PPP2R5A,,PPP2R5A,PPP2R5A,,PPP2R5A,PPP2R5A
CTNNA2,TMEM260,CTNNA2,,CTNNA2,,,,CTNNA2,,CTNNA2,,,,,IZUMO4,,CD38,,MEDAG,,,,,CTNNA2,,CTNNA2,CTNNA2,,CTNNA2,,CTNNA2,CTNNA2,,CTNNA2,CTNNA2,,CTNNA2,CTNNA2,CTNNA2,,CTNNA2,CTNNA2,CTNNA2,CTNNA2,CTNNA2,,CTNNA2,GATB,CTNNA2,CTNNA2,CTNNA2,,CTNNA2,CTNNA2,,,,CTNNA2,CTNNA2,CTNNA2,,,CTNNA2,,,CTNNA2,,CTNNA2,CTNNA2,,CTNNA2,CTNNA2,CTNNA2,,NEDD4,CTNNA2,,CTNNA2,CTNNA2,CTNNA2,CTNNA2,,CTNNA2,CTNNA2,CTNNA2,,,CTNNA2,,,CTNNA2,,CTNNA2,,CTNNA2,CTNNA2,,CTNNA2,CTNNA2
ELAVL1,SMG6,ELAVL1,,ELAVL1,,,,ELAVL1,,ELAVL1,,,,,RASSF7,,TFRC,,TSC22D1,,,,,ELAVL1,,ELAVL1,ELAVL1,,ELAVL1,,ELAVL1,ELAVL1,,ELAVL1,ELAVL1,,ELAVL1,ELAVL1,ELAVL1,,ELAVL1,ELAVL1,ELAVL1,ELAVL1,ELAVL1,,ELAVL1,GATB,ELAVL1,ELAVL1,ELAVL1,,ELAVL1,ELAVL1,,,,ELAVL1,ELAVL1,ELAVL1,,,ELAVL1,,,ELAVL1,,ELAVL1,ELAVL1,,ELAVL1,ELAVL1,ELAVL1,,PIGB,ELAVL1,,ELAVL1,ELAVL1,ELAVL1,ELAVL1,,ELAVL1,ELAVL1,ELAVL1,,,ELAVL1,,,ELAVL1,,ELAVL1,,ELAVL1,ELAVL1,,ELAVL1,ELAVL1
TIE1,EXOC5,TIE1,,TIE1,,,,TIE1,,TIE1,,,,,GADD45B,,VEZT,,CLN5,,,,,TIE1,,TIE1,TIE1,,TIE1,,TIE1,TIE1,,TIE1,TIE1,,TIE1,TIE1,TIE1,,TIE1,TIE1,TIE1,TIE1,TIE1,,TIE1,GATB,TIE1,TIE1,TIE1,,TIE1,TIE1,,,,TIE1,TIE1,TIE1,,,TIE1,,,TIE1,,TIE1,TIE1,,TIE1,TIE1,TIE1,,MAPK6,TIE1,,TIE1,TIE1,TIE1,TIE1,,TIE1,TIE1,TIE1,,,TIE1,,,TIE1,,TIE1,,TIE1,TIE1,,TIE1,TIE1
DIP2B,CLTCL1,DIP2B,,DIP2B,,,,DIP2B,,DIP2B,,,,,PALM,,KYNU,,OLFM4,,,,,DIP2B,,DIP2B,DIP2B,,DIP2B,,DIP2B,DIP2B,,DIP2B,DIP2B,,DIP2B,DIP2B,DIP2B,,DIP2B,DIP2B,DIP2B,DIP2B,DIP2B,,DIP2B,GATB,DIP2B,DIP2B,DIP2B,,DIP2B,DIP2B,,,,DIP2B,DIP2B,DIP2B,,,DIP2B,,,DIP2B,,DIP2B,DIP2B,,DIP2B,DIP2B,DIP2B,,GNB5,DIP2B,,DIP2B,DIP2B,DIP2B,DIP2B,,DIP2B,DIP2B,DIP2B,,,DIP2B,,,DIP2B,,DIP2B,,DIP2B,DIP2B,,DIP2B,DIP2B
SMARCD1,FGF22,SMARCD1,,SMARCD1,,,,SMARCD1,,SMARCD1,,,,,MADCAM1,,TRAF3IP2,,MSLN,,,,,SMARCD1,,SMARCD1,SMARCD1,,SMARCD1,,SMARCD1,SMARCD1,,SMARCD1,SMARCD1,,SMARCD1,SMARCD1,SMARCD1,,SMARCD1,SMARCD1,SMARCD1,SMARCD1,SMARCD1,,SMARCD1,GATB,SMARCD1,SMARCD1,SMARCD1,,SMARCD1,SMARCD1,,,,SMARCD1,SMARCD1,SMARCD1,,,SMARCD1,,,SMARCD1,,SMARCD1,SMARCD1,,SMARCD1,SMARCD1,SMARCD1,,RAB27A,SMARCD1,,SMARCD1,SMARCD1,SMARCD1,SMARCD1,,SMARCD1,SMARCD1,SMARCD1,,,SMARCD1,,,SMARCD1,,SMARCD1,,SMARCD1,SMARCD1,,SMARCD1,SMARCD1
KDM4A,FSTL3,KDM4A,,KDM4A,,,,KDM4A,,KDM4A,,,,,IGF2-AS,,IFRD1,,MGRN1,,,,,KDM4A,,KDM4A,KDM4A,,KDM4A,,KDM4A,KDM4A,,KDM4A,KDM4A,,KDM4A,KDM4A,KDM4A,,KDM4A,KDM4A,KDM4A,KDM4A,KDM4A,,KDM4A,GATB,KDM4A,KDM4A,KDM4A,,KDM4A,KDM4A,,,,KDM4A,KDM4A,KDM4A,,,KDM4A,,,KDM4A,,KDM4A,KDM4A,,KDM4A,KDM4A,KDM4A,,HDHD5,KDM4A,,KDM4A,KDM4A,KDM4A,KDM4A,,KDM4A,KDM4A,KDM4A,,,KDM4A,,,KDM4A,,KDM4A,,KDM4A,KDM4A,,KDM4A,KDM4A
NFYC,DGCR2,NFYC,,NFYC,,,,NFYC,,NFYC,,,,,MKNK2,,TFRC,,ZNF629,,,,,NFYC,,NFYC,NFYC,,NFYC,,NFYC,NFYC,,NFYC,NFYC,,NFYC,NFYC,NFYC,,NFYC,NFYC,NFYC,NFYC,NFYC,,NFYC,GATB,NFYC,NFYC,NFYC,,NFYC,NFYC,,,,NFYC,NFYC,NFYC,,,NFYC,,,NFYC,,NFYC,NFYC,,NFYC,NFYC,NFYC,,UFD1,NFYC,,NFYC,NFYC,NFYC,NFYC,,NFYC,NFYC,NFYC,,,NFYC,,,NFYC,,NFYC,,NFYC,NFYC,,NFYC,NFYC
ZMYND12,RNF126,ZMYND12,,ZMYND12,,,,ZMYND12,,ZMYND12,,,,,ARVCF,,LTBR,,TRADD,,,,,ZMYND12,,ZMYND12,ZMYND12,,ZMYND12,,ZMYND12,ZMYND12,,ZMYND12,ZMYND12,,ZMYND12,ZMYND12,ZMYND12,,ZMYND12,ZMYND12,ZMYND12,ZMYND12,ZMYND12,,ZMYND12,GATB,ZMYND12,ZMYND12,ZMYND12,,ZMYND12,ZMYND12,,,,ZMYND12,ZMYND12,ZMYND12,,,ZMYND12,,,ZMYND12,,ZMYND12,ZMYND12,,ZMYND12,ZMYND12,ZMYND12,,LRP6,ZMYND12,,ZMYND12,ZMYND12,ZMYND12,ZMYND12,,ZMYND12,ZMYND12,ZMYND12,,,ZMYND12,,,ZMYND12,,ZMYND12,,ZMYND12,ZMYND12,,ZMYND12,ZMYND12
SLC9A3,MNT,SLC9A3,,SLC9A3,,,,SLC9A3,,SLC9A3,,,,,TRMT2A,,KYNU,,HSF4,,,,,SLC9A3,,SLC9A3,SLC9A3,,SLC9A3,,SLC9A3,SLC9A3,,SLC9A3,SLC9A3,,SLC9A3,SLC9A3,SLC9A3,,SLC9A3,SLC9A3,SLC9A3,SLC9A3,SLC9A3,,SLC9A3,GATB,SLC9A3,SLC9A3,SLC9A3,,SLC9A3,SLC9A3,,,,SLC9A3,SLC9A3,SLC9A3,,,SLC9A3,,,SLC9A3,,SLC9A3,SLC9A3,,SLC9A3,SLC9A3,SLC9A3,,GUCY2C,SLC9A3,,SLC9A3,SLC9A3,SLC9A3,SLC9A3,,SLC9A3,SLC9A3,SLC9A3,,,SLC9A3,,,SLC9A3,,SLC9A3,,SLC9A3,SLC9A3,,SLC9A3,SLC9A3
NGEF,ZXDC,NGEF,,NGEF,,,,NGEF,,NGEF,,,,,RANBP1,,RORA,,CORO1A,,,,,NGEF,,NGEF,NGEF,,NGEF,,NGEF,NGEF,,NGEF,NGEF,,NGEF,NGEF,NGEF,,NGEF,NGEF,NGEF,NGEF,NGEF,,NGEF,GATB,NGEF,NGEF,NGEF,,NGEF,NGEF,,,,NGEF,NGEF,NGEF,,,NGEF,,,NGEF,,NGEF,NGEF,,NGEF,NGEF,NGEF,,SCT,NGEF,,NGEF,NGEF,NGEF,NGEF,,NGEF,NGEF,NGEF,,,NGEF,,,NGEF,,NGEF,,NGEF,NGEF,,NGEF,NGEF
ASPM,JMJD6,ASPM,,ASPM,,,,ASPM,,ASPM,,,,,ZDHHC8,,AQR,,MAPK3,,,,,ASPM,,ASPM,ASPM,,ASPM,,ASPM,ASPM,,ASPM,ASPM,,ASPM,ASPM,ASPM,,ASPM,ASPM,ASPM,ASPM,ASPM,,ASPM,GATB,ASPM,ASPM,ASPM,,ASPM,ASPM,,,,ASPM,ASPM,ASPM,,,ASPM,,,ASPM,,ASPM,ASPM,,ASPM,ASPM,ASPM,,PHRF1,ASPM,,ASPM,ASPM,ASPM,ASPM,,ASPM,ASPM,ASPM,,,ASPM,,,ASPM,,ASPM,,ASPM,ASPM,,ASPM,ASPM
CD84,POLB,CD84,,CD84,,,,CD84,,CD84,,,,,KLHL22,,TNFRSF12A,,GDPD3,,,,,CD84,,CD84,CD84,,CD84,,CD84,CD84,,CD84,CD84,,CD84,CD84,CD84,,CD84,CD84,CD84,CD84,CD84,,CD84,GATB,CD84,CD84,CD84,,CD84,CD84,,,,CD84,CD84,CD84,,,CD84,,,CD84,,CD84,CD84,,CD84,CD84,CD84,,ELP1,CD84,,CD84,CD84,CD84,CD84,,CD84,CD84,CD84,,,CD84,,,CD84,,CD84,,CD84,CD84,,CD84,CD84
ELOVL1,ST6GALNAC1,ELOVL1,,ELOVL1,,,,ELOVL1,,ELOVL1,,,,,MED15,,ASB1,,ELMO3,,,,,ELOVL1,,ELOVL1,ELOVL1,,ELOVL1,,ELOVL1,ELOVL1,,ELOVL1,ELOVL1,,ELOVL1,ELOVL1,ELOVL1,,ELOVL1,ELOVL1,ELOVL1,ELOVL1,ELOVL1,,ELOVL1,GATB,ELOVL1,ELOVL1,ELOVL1,,ELOVL1,ELOVL1,,,,ELOVL1,ELOVL1,ELOVL1,,,ELOVL1,,,ELOVL1,,ELOVL1,ELOVL1,,ELOVL1,ELOVL1,ELOVL1,,NUCB2,ELOVL1,,ELOVL1,ELOVL1,ELOVL1,ELOVL1,,ELOVL1,ELOVL1,ELOVL1,,,ELOVL1,,,ELOVL1,,ELOVL1,,ELOVL1,ELOVL1,,ELOVL1,ELOVL1
SPI1,WIPI1,SPI1,,SPI1,,,,SPI1,,SPI1,,,,,SERPIND1,,TRAF3IP3,,MT4,,,,,SPI1,,SPI1,SPI1,,SPI1,,SPI1,SPI1,,SPI1,SPI1,,SPI1,SPI1,SPI1,,SPI1,SPI1,SPI1,SPI1,SPI1,,SPI1,GATB,SPI1,SPI1,SPI1,,SPI1,SPI1,,,,SPI1,SPI1,SPI1,,,SPI1,,,SPI1,,SPI1,SPI1,,SPI1,SPI1,SPI1,,PFN2,SPI1,,SPI1,SPI1,SPI1,SPI1,,SPI1,SPI1,SPI1,,,SPI1,,,SPI1,,SPI1,,SPI1,SPI1,,SPI1,SPI1
POLR1H,FRMPD1,POLR1H,,POLR1H,,,,POLR1H,,POLR1H,,,,,SNAP29,,CCL8,,PHKB,,,,,POLR1H,,POLR1H,POLR1H,,POLR1H,,POLR1H,POLR1H,,POLR1H,POLR1H,,POLR1H,POLR1H,POLR1H,,POLR1H,POLR1H,POLR1H,POLR1H,POLR1H,,POLR1H,GATB,POLR1H,POLR1H,POLR1H,,POLR1H,POLR1H,,,,POLR1H,POLR1H,POLR1H,,,POLR1H,,,POLR1H,,POLR1H,POLR1H,,POLR1H,POLR1H,POLR1H,,PTPN3,POLR1H,,POLR1H,POLR1H,POLR1H,POLR1H,,POLR1H,POLR1H,POLR1H,,,POLR1H,,,POLR1H,,POLR1H,,POLR1H,POLR1H,,POLR1H,POLR1H
MPPED2,GBA2,MPPED2,,MPPED2,,,,MPPED2,,MPPED2,,,,,CRKL,,BTN3A3,,LYRM1,,,,,MPPED2,,MPPED2,MPPED2,,MPPED2,,MPPED2,MPPED2,,MPPED2,MPPED2,,MPPED2,MPPED2,MPPED2,,MPPED2,MPPED2,MPPED2,MPPED2,MPPED2,,MPPED2,GATB,MPPED2,MPPED2,MPPED2,,MPPED2,MPPED2,,,,MPPED2,MPPED2,MPPED2,,,MPPED2,,,MPPED2,,MPPED2,MPPED2,,MPPED2,MPPED2,MPPED2,,SPTB,MPPED2,,MPPED2,MPPED2,MPPED2,MPPED2,,MPPED2,MPPED2,MPPED2,,,MPPED2,,,MPPED2,,MPPED2,,MPPED2,MPPED2,,MPPED2,MPPED2
CLDN18,NDST1,CLDN18,,CLDN18,,,,CLDN18,,CLDN18,,,,,LZTR1,,CCL24,,NUTF2,,,,,CLDN18,,CLDN18,CLDN18,,CLDN18,,CLDN18,CLDN18,,CLDN18,CLDN18,,CLDN18,CLDN18,CLDN18,,CLDN18,CLDN18,CLDN18,CLDN18,CLDN18,,CLDN18,GATB,CLDN18,CLDN18,CLDN18,,CLDN18,CLDN18,,,,CLDN18,CLDN18,CLDN18,,,CLDN18,,,CLDN18,,CLDN18,CLDN18,,CLDN18,CLDN18,CLDN18,,DAPP1,CLDN18,,CLDN18,CLDN18,CLDN18,CLDN18,,CLDN18,CLDN18,CLDN18,,,CLDN18,,,CLDN18,,CLDN18,,CLDN18,CLDN18,,CLDN18,CLDN18
ZBTB11,ASNS,ZBTB11,,ZBTB11,,,,ZBTB11,,ZBTB11,,,,,MMP11,,IL31RA,,NUP93,,,,,ZBTB11,,ZBTB11,ZBTB11,,ZBTB11,,ZBTB11,ZBTB11,,ZBTB11,ZBTB11,,ZBTB11,ZBTB11,ZBTB11,,ZBTB11,ZBTB11,ZBTB11,ZBTB11,ZBTB11,,ZBTB11,GATB,ZBTB11,ZBTB11,ZBTB11,,ZBTB11,ZBTB11,,,,ZBTB11,ZBTB11,ZBTB11,,,ZBTB11,,,ZBTB11,,ZBTB11,ZBTB11,,ZBTB11,ZBTB11,ZBTB11,,FGF10,ZBTB11,,ZBTB11,ZBTB11,ZBTB11,ZBTB11,,ZBTB11,ZBTB11,ZBTB11,,,ZBTB11,,,ZBTB11,,ZBTB11,,ZBTB11,ZBTB11,,ZBTB11,ZBTB11
ATXN3,AP3M2,ATXN3,,ATXN3,,,,ATXN3,,ATXN3,,,,,CECR2,,TFRC,,CENPT,,,,,ATXN3,,ATXN3,ATXN3,,ATXN3,,ATXN3,ATXN3,,ATXN3,ATXN3,,ATXN3,ATXN3,ATXN3,,ATXN3,ATXN3,ATXN3,ATXN3,ATXN3,,ATXN3,GATB,ATXN3,ATXN3,ATXN3,,ATXN3,ATXN3,,,,ATXN3,ATXN3,ATXN3,,,ATXN3,,,ATXN3,,ATXN3,ATXN3,,ATXN3,ATXN3,ATXN3,,SLC44A1,ATXN3,,ATXN3,ATXN3,ATXN3,ATXN3,,ATXN3,ATXN3,ATXN3,,,ATXN3,,,ATXN3,,ATXN3,,ATXN3,ATXN3,,ATXN3,ATXN3
GOLGA5,CNGB1,GOLGA5,,GOLGA5,,,,GOLGA5,,GOLGA5,,,,,SMARCB1,,AASS,,TSNAXIP1,,,,,GOLGA5,,GOLGA5,GOLGA5,,GOLGA5,,GOLGA5,GOLGA5,,GOLGA5,GOLGA5,,GOLGA5,GOLGA5,GOLGA5,,GOLGA5,GOLGA5,GOLGA5,GOLGA5,GOLGA5,,GOLGA5,GATB,GOLGA5,GOLGA5,GOLGA5,,GOLGA5,GOLGA5,,,,GOLGA5,GOLGA5,GOLGA5,,,GOLGA5,,,GOLGA5,,GOLGA5,GOLGA5,,GOLGA5,GOLGA5,GOLGA5,,TMEM260,GOLGA5,,GOLGA5,GOLGA5,GOLGA5,GOLGA5,,GOLGA5,GOLGA5,GOLGA5,,,GOLGA5,,,GOLGA5,,GOLGA5,,GOLGA5,GOLGA5,,GOLGA5,GOLGA5
FGFR2,ST6GALNAC2,FGFR2,,FGFR2,,,,FGFR2,,FGFR2,,,,,P2RX6,,CD40,,NFAT5,,,,,FGFR2,,FGFR2,FGFR2,,FGFR2,,FGFR2,FGFR2,,FGFR2,FGFR2,,FGFR2,FGFR2,FGFR2,,FGFR2,FGFR2,FGFR2,FGFR2,FGFR2,,FGFR2,GATB,FGFR2,FGFR2,FGFR2,,FGFR2,FGFR2,,,,FGFR2,FGFR2,FGFR2,,,FGFR2,,,FGFR2,,FGFR2,FGFR2,,FGFR2,FGFR2,FGFR2,,SMG6,FGFR2,,FGFR2,FGFR2,FGFR2,FGFR2,,FGFR2,FGFR2,FGFR2,,,FGFR2,,,FGFR2,,FGFR2,,FGFR2,FGFR2,,FGFR2,FGFR2
LRRC40,CHAT,LRRC40,,LRRC40,,,,LRRC40,,LRRC40,,,,,DERL3,,LYPLA2,,LONP2,,,,,LRRC40,,LRRC40,LRRC40,,LRRC40,,LRRC40,LRRC40,,LRRC40,LRRC40,,LRRC40,LRRC40,LRRC40,,LRRC40,LRRC40,LRRC40,LRRC40,LRRC40,,LRRC40,GATB,LRRC40,LRRC40,LRRC40,,LRRC40,LRRC40,,,,LRRC40,LRRC40,LRRC40,,,LRRC40,,,LRRC40,,LRRC40,LRRC40,,LRRC40,LRRC40,LRRC40,,EXOC5,LRRC40,,LRRC40,LRRC40,LRRC40,LRRC40,,LRRC40,LRRC40,LRRC40,,,LRRC40,,,LRRC40,,LRRC40,,LRRC40,LRRC40,,LRRC40,LRRC40
ISOC1,PABPC1,ISOC1,,ISOC1,,,,ISOC1,,ISOC1,,,,,SLC7A4,,FTL,,N4BP1,,,,,ISOC1,,ISOC1,ISOC1,,ISOC1,,ISOC1,ISOC1,,ISOC1,ISOC1,,ISOC1,ISOC1,ISOC1,,ISOC1,ISOC1,ISOC1,ISOC1,ISOC1,,ISOC1,GATB,ISOC1,ISOC1,ISOC1,,ISOC1,ISOC1,,,,ISOC1,ISOC1,ISOC1,,,ISOC1,,,ISOC1,,ISOC1,ISOC1,,ISOC1,ISOC1,ISOC1,,CLTCL1,ISOC1,,ISOC1,ISOC1,ISOC1,ISOC1,,ISOC1,ISOC1,ISOC1,,,ISOC1,,,ISOC1,,ISOC1,,ISOC1,ISOC1,,ISOC1,ISOC1
EML1,TESK2,EML1,,EML1,,,,EML1,,EML1,,,,,BCL2L13,,OSGEP,,CBLN1,,,,,EML1,,EML1,EML1,,EML1,,EML1,EML1,,EML1,EML1,,EML1,EML1,EML1,,EML1,EML1,EML1,EML1,EML1,,EML1,GATB,EML1,EML1,EML1,,EML1,EML1,,,,EML1,EML1,EML1,,,EML1,,,EML1,,EML1,EML1,,EML1,EML1,EML1,,FGF22,EML1,,EML1,EML1,EML1,EML1,,EML1,EML1,EML1,,,EML1,,,EML1,,EML1,,EML1,EML1,,EML1,EML1
TRMT11,CFAP20,TRMT11,,TRMT11,,,,TRMT11,,TRMT11,,,,,DDTL,,TRAF1,,ARL2BP,,,,,TRMT11,,TRMT11,TRMT11,,TRMT11,,TRMT11,TRMT11,,TRMT11,TRMT11,,TRMT11,TRMT11,TRMT11,,TRMT11,TRMT11,TRMT11,TRMT11,TRMT11,,TRMT11,GATB,TRMT11,TRMT11,TRMT11,,TRMT11,TRMT11,,,,TRMT11,TRMT11,TRMT11,,,TRMT11,,,TRMT11,,TRMT11,TRMT11,,TRMT11,TRMT11,TRMT11,,FSTL3,TRMT11,,TRMT11,TRMT11,TRMT11,TRMT11,,TRMT11,TRMT11,TRMT11,,,TRMT11,,,TRMT11,,TRMT11,,TRMT11,TRMT11,,TRMT11,TRMT11
THUMPD1,CSNK2A2,THUMPD1,,THUMPD1,,,,THUMPD1,,THUMPD1,,,,,DDT,,FGL1,,PLLP,,,,,THUMPD1,,THUMPD1,THUMPD1,,THUMPD1,,THUMPD1,THUMPD1,,THUMPD1,THUMPD1,,THUMPD1,THUMPD1,THUMPD1,,THUMPD1,THUMPD1,THUMPD1,THUMPD1,THUMPD1,,THUMPD1,GATB,THUMPD1,THUMPD1,THUMPD1,,THUMPD1,THUMPD1,,,,THUMPD1,THUMPD1,THUMPD1,,,THUMPD1,,,THUMPD1,,THUMPD1,THUMPD1,,THUMPD1,THUMPD1,THUMPD1,,DGCR2,THUMPD1,,THUMPD1,THUMPD1,THUMPD1,THUMPD1,,THUMPD1,THUMPD1,THUMPD1,,,THUMPD1,,,THUMPD1,,THUMPD1,,THUMPD1,THUMPD1,,THUMPD1,THUMPD1
MSANTD3,PTPN21,MSANTD3,,MSANTD3,,,,MSANTD3,,MSANTD3,,,,,GSTT2,,LTBR,,ZNF423,,,,,MSANTD3,,MSANTD3,MSANTD3,,MSANTD3,,MSANTD3,MSANTD3,,MSANTD3,MSANTD3,,MSANTD3,MSANTD3,MSANTD3,,MSANTD3,MSANTD3,MSANTD3,MSANTD3,MSANTD3,,MSANTD3,GATB,MSANTD3,MSANTD3,MSANTD3,,MSANTD3,MSANTD3,,,,MSANTD3,MSANTD3,MSANTD3,,,MSANTD3,,,MSANTD3,,MSANTD3,MSANTD3,,MSANTD3,MSANTD3,MSANTD3,,RNF126,MSANTD3,,MSANTD3,MSANTD3,MSANTD3,MSANTD3,,MSANTD3,MSANTD3,MSANTD3,,,MSANTD3,,,MSANTD3,,MSANTD3,,MSANTD3,MSANTD3,,MSANTD3,MSANTD3
KIF26A,EIF2B3,KIF26A,,KIF26A,,,,KIF26A,,KIF26A,,,,,OSM,,ITGA2B,,DHODH,,,,,KIF26A,,KIF26A,KIF26A,,KIF26A,,KIF26A,KIF26A,,KIF26A,KIF26A,,KIF26A,KIF26A,KIF26A,,KIF26A,KIF26A,KIF26A,KIF26A,KIF26A,,KIF26A,GATB,KIF26A,KIF26A,KIF26A,,KIF26A,KIF26A,,,,KIF26A,KIF26A,KIF26A,,,KIF26A,,,KIF26A,,KIF26A,KIF26A,,KIF26A,KIF26A,KIF26A,,MNT,KIF26A,,KIF26A,KIF26A,KIF26A,KIF26A,,KIF26A,KIF26A,KIF26A,,,KIF26A,,,KIF26A,,KIF26A,,KIF26A,KIF26A,,KIF26A,KIF26A
ATG2B,CAMK2A,ATG2B,,ATG2B,,,,ATG2B,,ATG2B,,,,,CABIN1,,KYNU,,CTCF,,,,,ATG2B,,ATG2B,ATG2B,,ATG2B,,ATG2B,ATG2B,,ATG2B,ATG2B,,ATG2B,ATG2B,ATG2B,,ATG2B,ATG2B,ATG2B,ATG2B,ATG2B,,ATG2B,GATB,ATG2B,ATG2B,ATG2B,,ATG2B,ATG2B,,,,ATG2B,ATG2B,ATG2B,,,ATG2B,,,ATG2B,,ATG2B,ATG2B,,ATG2B,ATG2B,ATG2B,,ZXDC,ATG2B,,ATG2B,ATG2B,ATG2B,ATG2B,,ATG2B,ATG2B,ATG2B,,,ATG2B,,,ATG2B,,ATG2B,,ATG2B,ATG2B,,ATG2B,ATG2B
ARFGEF1,TCOF1,ARFGEF1,,ARFGEF1,,,,ARFGEF1,,ARFGEF1,,,,,TBC1D10A,,ADAM28,,ACD,,,,,ARFGEF1,,ARFGEF1,ARFGEF1,,ARFGEF1,,ARFGEF1,ARFGEF1,,ARFGEF1,ARFGEF1,,ARFGEF1,ARFGEF1,ARFGEF1,,ARFGEF1,ARFGEF1,ARFGEF1,ARFGEF1,ARFGEF1,,ARFGEF1,GATB,ARFGEF1,ARFGEF1,ARFGEF1,,ARFGEF1,ARFGEF1,,,,ARFGEF1,ARFGEF1,ARFGEF1,,,ARFGEF1,,,ARFGEF1,,ARFGEF1,ARFGEF1,,ARFGEF1,ARFGEF1,ARFGEF1,,JMJD6,ARFGEF1,,ARFGEF1,ARFGEF1,ARFGEF1,ARFGEF1,,ARFGEF1,ARFGEF1,ARFGEF1,,,ARFGEF1,,,ARFGEF1,,ARFGEF1,,ARFGEF1,ARFGEF1,,ARFGEF1,ARFGEF1
ACSM2B,CDC42,ACSM2B,,ACSM2B,,,,ACSM2B,,ACSM2B,,,,,SUSD2,,GIMAP2,,POLR2C,,,,,ACSM2B,,ACSM2B,ACSM2B,,ACSM2B,,ACSM2B,ACSM2B,,ACSM2B,ACSM2B,,ACSM2B,ACSM2B,ACSM2B,,ACSM2B,ACSM2B,ACSM2B,ACSM2B,ACSM2B,,ACSM2B,GATB,ACSM2B,ACSM2B,ACSM2B,,ACSM2B,ACSM2B,,,,ACSM2B,ACSM2B,ACSM2B,,,ACSM2B,,,ACSM2B,,ACSM2B,ACSM2B,,ACSM2B,ACSM2B,ACSM2B,,POLB,ACSM2B,,ACSM2B,ACSM2B,ACSM2B,ACSM2B,,ACSM2B,ACSM2B,ACSM2B,,,ACSM2B,,,ACSM2B,,ACSM2B,,ACSM2B,ACSM2B,,ACSM2B,ACSM2B
ZFAT,OSBPL3,ZFAT,,ZFAT,,,,ZFAT,,ZFAT,,,,,SF3A1,,ICAM1,,PARD6A,,,,,ZFAT,,ZFAT,ZFAT,,ZFAT,,ZFAT,ZFAT,,ZFAT,ZFAT,,ZFAT,ZFAT,ZFAT,,ZFAT,ZFAT,ZFAT,ZFAT,ZFAT,,ZFAT,GATB,ZFAT,ZFAT,ZFAT,,ZFAT,ZFAT,,,,ZFAT,ZFAT,ZFAT,,,ZFAT,,,ZFAT,,ZFAT,ZFAT,,ZFAT,ZFAT,ZFAT,,ST6GALNAC1,ZFAT,,ZFAT,ZFAT,ZFAT,ZFAT,,ZFAT,ZFAT,ZFAT,,,ZFAT,,,ZFAT,,ZFAT,,ZFAT,ZFAT,,ZFAT,ZFAT
MTFR1,EPHA8,MTFR1,,MTFR1,,,,MTFR1,,MTFR1,,,,,GGT5,,LY75,,ZNF821,,,,,MTFR1,,MTFR1,MTFR1,,MTFR1,,MTFR1,MTFR1,,MTFR1,MTFR1,,MTFR1,MTFR1,MTFR1,,MTFR1,MTFR1,MTFR1,MTFR1,MTFR1,,MTFR1,GATB,MTFR1,MTFR1,MTFR1,,MTFR1,MTFR1,,,,MTFR1,MTFR1,MTFR1,,,MTFR1,,,MTFR1,,MTFR1,MTFR1,,MTFR1,MTFR1,MTFR1,,WIPI1,MTFR1,,MTFR1,MTFR1,MTFR1,MTFR1,,MTFR1,MTFR1,MTFR1,,,MTFR1,,,MTFR1,,MTFR1,,MTFR1,MTFR1,,MTFR1,MTFR1
STAG3,SLC12A3,STAG3,,STAG3,,,,STAG3,,STAG3,,,,,RNF215,,SLC7A14,,MMP15,,,,,STAG3,,STAG3,STAG3,,STAG3,,STAG3,STAG3,,STAG3,STAG3,,STAG3,STAG3,STAG3,,STAG3,STAG3,STAG3,STAG3,STAG3,,STAG3,GATB,STAG3,STAG3,STAG3,,STAG3,STAG3,,,,STAG3,STAG3,STAG3,,,STAG3,,,STAG3,,STAG3,STAG3,,STAG3,STAG3,STAG3,,FRMPD1,STAG3,,STAG3,STAG3,STAG3,STAG3,,STAG3,STAG3,STAG3,,,STAG3,,,STAG3,,STAG3,,STAG3,STAG3,,STAG3,STAG3
FECH,RAD18,FECH,,FECH,,,,FECH,,FECH,,,,,SEC14L2,,LGALS2,,USB1,,,,,FECH,,FECH,FECH,,FECH,,FECH,FECH,,FECH,FECH,,FECH,FECH,FECH,,FECH,FECH,FECH,FECH,FECH,,FECH,GATB,FECH,FECH,FECH,,FECH,FECH,,,,FECH,FECH,FECH,,,FECH,,,FECH,,FECH,FECH,,FECH,FECH,FECH,,GBA2,FECH,,FECH,FECH,FECH,FECH,,FECH,FECH,FECH,,,FECH,,,FECH,,FECH,,FECH,FECH,,FECH,FECH
MYO9A,ATP2B1,MYO9A,,MYO9A,,,,MYO9A,,MYO9A,,,,,SEC14L3,,LYZ,,CYB5B,,,,,MYO9A,,MYO9A,MYO9A,,MYO9A,,MYO9A,MYO9A,,MYO9A,MYO9A,,MYO9A,MYO9A,MYO9A,,MYO9A,MYO9A,MYO9A,MYO9A,MYO9A,,MYO9A,GATB,MYO9A,MYO9A,MYO9A,,MYO9A,MYO9A,,,,MYO9A,MYO9A,MYO9A,,,MYO9A,,,MYO9A,,MYO9A,MYO9A,,MYO9A,MYO9A,MYO9A,,NDST1,MYO9A,,MYO9A,MYO9A,MYO9A,MYO9A,,MYO9A,MYO9A,MYO9A,,,MYO9A,,,MYO9A,,MYO9A,,MYO9A,MYO9A,,MYO9A,MYO9A
PFKP,TRPM5,PFKP,,PFKP,,,,PFKP,,PFKP,,,,,SPECC1L,,CD6,,CCDC113,,,,,PFKP,,PFKP,PFKP,,PFKP,,PFKP,PFKP,,PFKP,PFKP,,PFKP,PFKP,PFKP,,PFKP,PFKP,PFKP,PFKP,PFKP,,PFKP,GATB,PFKP,PFKP,PFKP,,PFKP,PFKP,,,,PFKP,PFKP,PFKP,,,PFKP,,,PFKP,,PFKP,PFKP,,PFKP,PFKP,PFKP,,ASNS,PFKP,,PFKP,PFKP,PFKP,PFKP,,PFKP,PFKP,PFKP,,,PFKP,,,PFKP,,PFKP,,PFKP,PFKP,,PFKP,PFKP
IDI1,NCK2,IDI1,,IDI1,,,,IDI1,,IDI1,,,,,PPIL2,,BTN2A2,,PRSS54,,,,,IDI1,,IDI1,IDI1,,IDI1,,IDI1,IDI1,,IDI1,IDI1,,IDI1,IDI1,IDI1,,IDI1,IDI1,IDI1,IDI1,IDI1,,IDI1,GATB,IDI1,IDI1,IDI1,,IDI1,IDI1,,,,IDI1,IDI1,IDI1,,,IDI1,,,IDI1,,IDI1,IDI1,,IDI1,IDI1,IDI1,,AP3M2,IDI1,,IDI1,IDI1,IDI1,IDI1,,IDI1,IDI1,IDI1,,,IDI1,,,IDI1,,IDI1,,IDI1,IDI1,,IDI1,IDI1
SP100,MAP4K4,SP100,,SP100,,,,SP100,,SP100,,,,,UPB1,,TFEC,,NME3,,,,,SP100,,SP100,SP100,,SP100,,SP100,SP100,,SP100,SP100,,SP100,SP100,SP100,,SP100,SP100,SP100,SP100,SP100,,SP100,GATB,SP100,SP100,SP100,,SP100,SP100,,,,SP100,SP100,SP100,,,SP100,,,SP100,,SP100,SP100,,SP100,SP100,SP100,,CNGB1,SP100,,SP100,SP100,SP100,SP100,,SP100,SP100,SP100,,,SP100,,,SP100,,SP100,,SP100,SP100,,SP100,SP100
KLF6,MGAT4A,KLF6,,KLF6,,,,KLF6,,KLF6,,,,,YPEL1,,KYNU,,NDRG4,,,,,KLF6,,KLF6,KLF6,,KLF6,,KLF6,KLF6,,KLF6,KLF6,,KLF6,KLF6,KLF6,,KLF6,KLF6,KLF6,KLF6,KLF6,,KLF6,GATB,KLF6,KLF6,KLF6,,KLF6,KLF6,,,,KLF6,KLF6,KLF6,,,KLF6,,,KLF6,,KLF6,KLF6,,KLF6,KLF6,KLF6,,ST6GALNAC2,KLF6,,KLF6,KLF6,KLF6,KLF6,,KLF6,KLF6,KLF6,,,KLF6,,,KLF6,,KLF6,,KLF6,KLF6,,KLF6,KLF6
PLPP1,WDR1,PLPP1,,PLPP1,,,,PLPP1,,PLPP1,,,,,SNRPD3,,PRSS8,,PSMD7,,,,,PLPP1,,PLPP1,PLPP1,,PLPP1,,PLPP1,PLPP1,,PLPP1,PLPP1,,PLPP1,PLPP1,PLPP1,,PLPP1,PLPP1,PLPP1,PLPP1,PLPP1,,PLPP1,GATB,PLPP1,PLPP1,PLPP1,,PLPP1,PLPP1,,,,PLPP1,PLPP1,PLPP1,,,PLPP1,,,PLPP1,,PLPP1,PLPP1,,PLPP1,PLPP1,PLPP1,,CHAT,PLPP1,,PLPP1,PLPP1,PLPP1,PLPP1,,PLPP1,PLPP1,PLPP1,,,PLPP1,,,PLPP1,,PLPP1,,PLPP1,PLPP1,,PLPP1,PLPP1
NEO1,SNX13,NEO1,,NEO1,,,,NEO1,,NEO1,,,,,PES1,,FMO3,,SETD6,,,,,NEO1,,NEO1,NEO1,,NEO1,,NEO1,NEO1,,NEO1,NEO1,,NEO1,NEO1,NEO1,,NEO1,NEO1,NEO1,NEO1,NEO1,,NEO1,GATB,NEO1,NEO1,NEO1,,NEO1,NEO1,,,,NEO1,NEO1,NEO1,,,NEO1,,,NEO1,,NEO1,NEO1,,NEO1,NEO1,NEO1,,PABPC1,NEO1,,NEO1,NEO1,NEO1,NEO1,,NEO1,NEO1,NEO1,,,NEO1,,,NEO1,,NEO1,,NEO1,NEO1,,NEO1,NEO1
TRAM1,MS4A12,TRAM1,,TRAM1,,,,TRAM1,,TRAM1,,,,,MAPK1,,FTL,,SLC38A7,,,,,TRAM1,,TRAM1,TRAM1,,TRAM1,,TRAM1,TRAM1,,TRAM1,TRAM1,,TRAM1,TRAM1,TRAM1,,TRAM1,TRAM1,TRAM1,TRAM1,TRAM1,,TRAM1,GATB,TRAM1,TRAM1,TRAM1,,TRAM1,TRAM1,,,,TRAM1,TRAM1,TRAM1,,,TRAM1,,,TRAM1,,TRAM1,TRAM1,,TRAM1,TRAM1,TRAM1,,TESK2,TRAM1,,TRAM1,TRAM1,TRAM1,TRAM1,,TRAM1,TRAM1,TRAM1,,,TRAM1,,,TRAM1,,TRAM1,,TRAM1,TRAM1,,TRAM1,TRAM1
TNFRSF1A,ARHGAP10,TNFRSF1A,,TNFRSF1A,,,,TNFRSF1A,,TNFRSF1A,,,,,GGT1,,TFEC,,VAC14,,,,,TNFRSF1A,,TNFRSF1A,TNFRSF1A,,TNFRSF1A,,TNFRSF1A,TNFRSF1A,,TNFRSF1A,TNFRSF1A,,TNFRSF1A,TNFRSF1A,TNFRSF1A,,TNFRSF1A,TNFRSF1A,TNFRSF1A,TNFRSF1A,TNFRSF1A,,TNFRSF1A,GATB,TNFRSF1A,TNFRSF1A,TNFRSF1A,,TNFRSF1A,TNFRSF1A,,,,TNFRSF1A,TNFRSF1A,TNFRSF1A,,,TNFRSF1A,,,TNFRSF1A,,TNFRSF1A,TNFRSF1A,,TNFRSF1A,TNFRSF1A,TNFRSF1A,,CFAP20,TNFRSF1A,,TNFRSF1A,TNFRSF1A,TNFRSF1A,TNFRSF1A,,TNFRSF1A,TNFRSF1A,TNFRSF1A,,,TNFRSF1A,,,TNFRSF1A,,TNFRSF1A,,TNFRSF1A,TNFRSF1A,,TNFRSF1A,TNFRSF1A
CACNB1,RPS6KA2,CACNB1,,CACNB1,,,,CACNB1,,CACNB1,,,,,PRODH,,BTNL8,,HAS3,,,,,CACNB1,,CACNB1,CACNB1,,CACNB1,,CACNB1,CACNB1,,CACNB1,CACNB1,,CACNB1,CACNB1,CACNB1,,CACNB1,CACNB1,CACNB1,CACNB1,CACNB1,,CACNB1,GATB,CACNB1,CACNB1,CACNB1,,CACNB1,CACNB1,,,,CACNB1,CACNB1,CACNB1,,,CACNB1,,,CACNB1,,CACNB1,CACNB1,,CACNB1,CACNB1,CACNB1,,CSNK2A2,CACNB1,,CACNB1,CACNB1,CACNB1,CACNB1,,CACNB1,CACNB1,CACNB1,,,CACNB1,,,CACNB1,,CACNB1,,CACNB1,CACNB1,,CACNB1,CACNB1
EVI5,ING3,EVI5,,EVI5,,,,EVI5,,EVI5,,,,,PPM1F,,SELL,,TANGO6,,,,,EVI5,,EVI5,EVI5,,EVI5,,EVI5,EVI5,,EVI5,EVI5,,EVI5,EVI5,EVI5,,EVI5,EVI5,EVI5,EVI5,EVI5,,EVI5,GATB,EVI5,EVI5,EVI5,,EVI5,EVI5,,,,EVI5,EVI5,EVI5,,,EVI5,,,EVI5,,EVI5,EVI5,,EVI5,EVI5,EVI5,,PTPN21,EVI5,,EVI5,EVI5,EVI5,EVI5,,EVI5,EVI5,EVI5,,,EVI5,,,EVI5,,EVI5,,EVI5,EVI5,,EVI5,EVI5
STOML1,VASH1,STOML1,,STOML1,,,,STOML1,,STOML1,,,,,SLC35E4,,TRAF3,,COG4,,,,,STOML1,,STOML1,STOML1,,STOML1,,STOML1,STOML1,,STOML1,STOML1,,STOML1,STOML1,STOML1,,STOML1,STOML1,STOML1,STOML1,STOML1,,STOML1,GATB,STOML1,STOML1,STOML1,,STOML1,STOML1,,,,STOML1,STOML1,STOML1,,,STOML1,,,STOML1,,STOML1,STOML1,,STOML1,STOML1,STOML1,,EIF2B3,STOML1,,STOML1,STOML1,STOML1,STOML1,,STOML1,STOML1,STOML1,,,STOML1,,,STOML1,,STOML1,,STOML1,STOML1,,STOML1,STOML1
PKM,LMCD1,PKM,,PKM,,,,PKM,,PKM,,,,,TOP3B,,IL27RA,,SMPD3,,,,,PKM,,PKM,PKM,,PKM,,PKM,PKM,,PKM,PKM,,PKM,PKM,PKM,,PKM,PKM,PKM,PKM,PKM,,PKM,GATB,PKM,PKM,PKM,,PKM,PKM,,,,PKM,PKM,PKM,,,PKM,,,PKM,,PKM,PKM,,PKM,PKM,PKM,,CAMK2A,PKM,,PKM,PKM,PKM,PKM,,PKM,PKM,PKM,,,PKM,,,PKM,,PKM,,PKM,PKM,,PKM,PKM
DHX29,BUD23,DHX29,,DHX29,,,,DHX29,,DHX29,,,,,CRYBB3,,TFEC,,SLC7A6OS,,,,,DHX29,,DHX29,DHX29,,DHX29,,DHX29,DHX29,,DHX29,DHX29,,DHX29,DHX29,DHX29,,DHX29,DHX29,DHX29,DHX29,DHX29,,DHX29,GATB,DHX29,DHX29,DHX29,,DHX29,DHX29,,,,DHX29,DHX29,DHX29,,,DHX29,,,DHX29,,DHX29,DHX29,,DHX29,DHX29,DHX29,,TCOF1,DHX29,,DHX29,DHX29,DHX29,DHX29,,DHX29,DHX29,DHX29,,,DHX29,,,DHX29,,DHX29,,DHX29,DHX29,,DHX29,DHX29
DNTTIP2,SEL1L,DNTTIP2,,DNTTIP2,,,,DNTTIP2,,DNTTIP2,,,,,CYTH4,,TFEC,,SLC7A6,,,,,DNTTIP2,,DNTTIP2,DNTTIP2,,DNTTIP2,,DNTTIP2,DNTTIP2,,DNTTIP2,DNTTIP2,,DNTTIP2,DNTTIP2,DNTTIP2,,DNTTIP2,DNTTIP2,DNTTIP2,DNTTIP2,DNTTIP2,,DNTTIP2,GATB,DNTTIP2,DNTTIP2,DNTTIP2,,DNTTIP2,DNTTIP2,,,,DNTTIP2,DNTTIP2,DNTTIP2,,,DNTTIP2,,,DNTTIP2,,DNTTIP2,DNTTIP2,,DNTTIP2,DNTTIP2,DNTTIP2,,CDC42,DNTTIP2,,DNTTIP2,DNTTIP2,DNTTIP2,DNTTIP2,,DNTTIP2,DNTTIP2,DNTTIP2,,,DNTTIP2,,,DNTTIP2,,DNTTIP2,,DNTTIP2,DNTTIP2,,DNTTIP2,DNTTIP2
METTL22,TRIP13,METTL22,,METTL22,,,,METTL22,,METTL22,,,,,ESS2,,GUCY1B1,,PLA2G15,,,,,METTL22,,METTL22,METTL22,,METTL22,,METTL22,METTL22,,METTL22,METTL22,,METTL22,METTL22,METTL22,,METTL22,METTL22,METTL22,METTL22,METTL22,,METTL22,GATB,METTL22,METTL22,METTL22,,METTL22,METTL22,,,,METTL22,METTL22,METTL22,,,METTL22,,,METTL22,,METTL22,METTL22,,METTL22,METTL22,METTL22,,OSBPL3,METTL22,,METTL22,METTL22,METTL22,METTL22,,METTL22,METTL22,METTL22,,,METTL22,,,METTL22,,METTL22,,METTL22,METTL22,,METTL22,METTL22
TP53BP1,TCF3,TP53BP1,,TP53BP1,,,,TP53BP1,,TP53BP1,,,,,CRYBB2P1,,IL17RB,,ESRP2,,,,,TP53BP1,,TP53BP1,TP53BP1,,TP53BP1,,TP53BP1,TP53BP1,,TP53BP1,TP53BP1,,TP53BP1,TP53BP1,TP53BP1,,TP53BP1,TP53BP1,TP53BP1,TP53BP1,TP53BP1,,TP53BP1,GATB,TP53BP1,TP53BP1,TP53BP1,,TP53BP1,TP53BP1,,,,TP53BP1,TP53BP1,TP53BP1,,,TP53BP1,,,TP53BP1,,TP53BP1,TP53BP1,,TP53BP1,TP53BP1,TP53BP1,,EPHA8,TP53BP1,,TP53BP1,TP53BP1,TP53BP1,TP53BP1,,TP53BP1,TP53BP1,TP53BP1,,,TP53BP1,,,TP53BP1,,TP53BP1,,TP53BP1,TP53BP1,,TP53BP1,TP53BP1
RRP15,TRIB2,RRP15,,RRP15,,,,RRP15,,RRP15,,,,,MFNG,,CD6,,FA2H,,,,,RRP15,,RRP15,RRP15,,RRP15,,RRP15,RRP15,,RRP15,RRP15,,RRP15,RRP15,RRP15,,RRP15,RRP15,RRP15,RRP15,RRP15,,RRP15,GATB,RRP15,RRP15,RRP15,,RRP15,RRP15,,,,RRP15,RRP15,RRP15,,,RRP15,,,RRP15,,RRP15,RRP15,,RRP15,RRP15,RRP15,,SLC12A3,RRP15,,RRP15,RRP15,RRP15,RRP15,,RRP15,RRP15,RRP15,,,RRP15,,,RRP15,,RRP15,,RRP15,RRP15,,RRP15,RRP15
RHOA,DAZAP1,RHOA,,RHOA,,,,RHOA,,RHOA,,,,,CARD10,,CYTH3,,WDR59,,,,,RHOA,,RHOA,RHOA,,RHOA,,RHOA,RHOA,,RHOA,RHOA,,RHOA,RHOA,RHOA,,RHOA,RHOA,RHOA,RHOA,RHOA,,RHOA,GATB,RHOA,RHOA,RHOA,,RHOA,RHOA,,,,RHOA,RHOA,RHOA,,,RHOA,,,RHOA,,RHOA,RHOA,,RHOA,RHOA,RHOA,,RAD18,RHOA,,RHOA,RHOA,RHOA,RHOA,,RHOA,RHOA,RHOA,,,RHOA,,,RHOA,,RHOA,,RHOA,RHOA,,RHOA,RHOA
DHX8,MBD3,DHX8,,DHX8,,,,DHX8,,DHX8,,,,,LRP5L,,RHOB,,MON1B,,,,,DHX8,,DHX8,DHX8,,DHX8,,DHX8,DHX8,,DHX8,DHX8,,DHX8,DHX8,DHX8,,DHX8,DHX8,DHX8,DHX8,DHX8,,DHX8,GATB,DHX8,DHX8,DHX8,,DHX8,DHX8,,,,DHX8,DHX8,DHX8,,,DHX8,,,DHX8,,DHX8,DHX8,,DHX8,DHX8,DHX8,,ATP2B1,DHX8,,DHX8,DHX8,DHX8,DHX8,,DHX8,DHX8,DHX8,,,DHX8,,,DHX8,,DHX8,,DHX8,DHX8,,DHX8,DHX8
PMS2P4,PRLH,PMS2P4,,PMS2P4,,,,PMS2P4,,PMS2P4,,,,,SLC25A1,,TFRC,,CMC2,,,,,PMS2P4,,PMS2P4,PMS2P4,,PMS2P4,,PMS2P4,PMS2P4,,PMS2P4,PMS2P4,,PMS2P4,PMS2P4,PMS2P4,,PMS2P4,PMS2P4,PMS2P4,PMS2P4,PMS2P4,,PMS2P4,GATB,PMS2P4,PMS2P4,PMS2P4,,PMS2P4,PMS2P4,,,,PMS2P4,PMS2P4,PMS2P4,,,PMS2P4,,,PMS2P4,,PMS2P4,PMS2P4,,PMS2P4,PMS2P4,PMS2P4,,TRPM5,PMS2P4,,PMS2P4,PMS2P4,PMS2P4,PMS2P4,,PMS2P4,PMS2P4,PMS2P4,,,PMS2P4,,,PMS2P4,,PMS2P4,,PMS2P4,PMS2P4,,PMS2P4,PMS2P4
PRKCZ,HLTF,PRKCZ,,PRKCZ,,,,PRKCZ,,PRKCZ,,,,,GRK3,,CD79B,,AXIN1,,,,,PRKCZ,,PRKCZ,PRKCZ,,PRKCZ,,PRKCZ,PRKCZ,,PRKCZ,PRKCZ,,PRKCZ,PRKCZ,PRKCZ,,PRKCZ,PRKCZ,PRKCZ,PRKCZ,PRKCZ,,PRKCZ,GATB,PRKCZ,PRKCZ,PRKCZ,,PRKCZ,PRKCZ,,,,PRKCZ,PRKCZ,PRKCZ,,,PRKCZ,,,PRKCZ,,PRKCZ,PRKCZ,,PRKCZ,PRKCZ,PRKCZ,,NCK2,PRKCZ,,PRKCZ,PRKCZ,PRKCZ,PRKCZ,,PRKCZ,PRKCZ,PRKCZ,,,PRKCZ,,,PRKCZ,,PRKCZ,,PRKCZ,PRKCZ,,PRKCZ,PRKCZ
IARS2,CPSF1,IARS2,,IARS2,,,,IARS2,,IARS2,,,,,PLA2G3,,SELL,,HCFC1R1,,,,,IARS2,,IARS2,IARS2,,IARS2,,IARS2,IARS2,,IARS2,IARS2,,IARS2,IARS2,IARS2,,IARS2,IARS2,IARS2,IARS2,IARS2,,IARS2,GATB,IARS2,IARS2,IARS2,,IARS2,IARS2,,,,IARS2,IARS2,IARS2,,,IARS2,,,IARS2,,IARS2,IARS2,,IARS2,IARS2,IARS2,,MAP4K4,IARS2,,IARS2,IARS2,IARS2,IARS2,,IARS2,IARS2,IARS2,,,IARS2,,,IARS2,,IARS2,,IARS2,IARS2,,IARS2,IARS2
SYT1,MYO3B,SYT1,,SYT1,,,,SYT1,,SYT1,,,,,LGALS2,,CD200,,NPRL3,,,,,SYT1,,SYT1,SYT1,,SYT1,,SYT1,SYT1,,SYT1,SYT1,,SYT1,SYT1,SYT1,,SYT1,SYT1,SYT1,SYT1,SYT1,,SYT1,GATB,SYT1,SYT1,SYT1,,SYT1,SYT1,,,,SYT1,SYT1,SYT1,,,SYT1,,,SYT1,,SYT1,SYT1,,SYT1,SYT1,SYT1,,MGAT4A,SYT1,,SYT1,SYT1,SYT1,SYT1,,SYT1,SYT1,SYT1,,,SYT1,,,SYT1,,SYT1,,SYT1,SYT1,,SYT1,SYT1
NAV3,CYBRD1,NAV3,,NAV3,,,,NAV3,,NAV3,,,,,GGA1,,PRDM1,,MLYCD,,,,,NAV3,,NAV3,NAV3,,NAV3,,NAV3,NAV3,,NAV3,NAV3,,NAV3,NAV3,NAV3,,NAV3,NAV3,NAV3,NAV3,NAV3,,NAV3,GATB,NAV3,NAV3,NAV3,,NAV3,NAV3,,,,NAV3,NAV3,NAV3,,,NAV3,,,NAV3,,NAV3,NAV3,,NAV3,NAV3,NAV3,,WDR1,NAV3,,NAV3,NAV3,NAV3,NAV3,,NAV3,NAV3,NAV3,,,NAV3,,,NAV3,,NAV3,,NAV3,NAV3,,NAV3,NAV3
ROGDI,CDH19,ROGDI,,ROGDI,,,,ROGDI,,ROGDI,,,,,HIRA,,CD33,,MPG,,,,,ROGDI,,ROGDI,ROGDI,,ROGDI,,ROGDI,ROGDI,,ROGDI,ROGDI,,ROGDI,ROGDI,ROGDI,,ROGDI,ROGDI,ROGDI,ROGDI,ROGDI,,ROGDI,GATB,ROGDI,ROGDI,ROGDI,,ROGDI,ROGDI,,,,ROGDI,ROGDI,ROGDI,,,ROGDI,,,ROGDI,,ROGDI,ROGDI,,ROGDI,ROGDI,ROGDI,,SNX13,ROGDI,,ROGDI,ROGDI,ROGDI,ROGDI,,ROGDI,ROGDI,ROGDI,,,ROGDI,,,ROGDI,,ROGDI,,ROGDI,ROGDI,,ROGDI,ROGDI
ROCK1,PDCD2,ROCK1,,ROCK1,,,,ROCK1,,ROCK1,,,,,SH3BP1,,TFEC,,NECAB2,,,,,ROCK1,,ROCK1,ROCK1,,ROCK1,,ROCK1,ROCK1,,ROCK1,ROCK1,,ROCK1,ROCK1,ROCK1,,ROCK1,ROCK1,ROCK1,ROCK1,ROCK1,,ROCK1,GATB,ROCK1,ROCK1,ROCK1,,ROCK1,ROCK1,,,,ROCK1,ROCK1,ROCK1,,,ROCK1,,,ROCK1,,ROCK1,ROCK1,,ROCK1,ROCK1,ROCK1,,MS4A12,ROCK1,,ROCK1,ROCK1,ROCK1,ROCK1,,ROCK1,ROCK1,ROCK1,,,ROCK1,,,ROCK1,,ROCK1,,ROCK1,ROCK1,,ROCK1,ROCK1
CBFB,SLC6A15,CBFB,,CBFB,,,,CBFB,,CBFB,,,,,SEZ6L,,IL27RA,,HSDL1,,,,,CBFB,,CBFB,CBFB,,CBFB,,CBFB,CBFB,,CBFB,CBFB,,CBFB,CBFB,CBFB,,CBFB,CBFB,CBFB,CBFB,CBFB,,CBFB,GATB,CBFB,CBFB,CBFB,,CBFB,CBFB,,,,CBFB,CBFB,CBFB,,,CBFB,,,CBFB,,CBFB,CBFB,,CBFB,CBFB,CBFB,,ARHGAP10,CBFB,,CBFB,CBFB,CBFB,CBFB,,CBFB,CBFB,CBFB,,,CBFB,,,CBFB,,CBFB,,CBFB,CBFB,,CBFB,CBFB
HYAL2,RDH11,HYAL2,,HYAL2,,,,HYAL2,,HYAL2,,,,,LGALS1,,SLC1A3,,TAF1C,,,,,HYAL2,,HYAL2,HYAL2,,HYAL2,,HYAL2,HYAL2,,HYAL2,HYAL2,,HYAL2,HYAL2,HYAL2,,HYAL2,HYAL2,HYAL2,HYAL2,HYAL2,,HYAL2,GATB,HYAL2,HYAL2,HYAL2,,HYAL2,HYAL2,,,,HYAL2,HYAL2,HYAL2,,,HYAL2,,,HYAL2,,HYAL2,HYAL2,,HYAL2,HYAL2,HYAL2,,RPS6KA2,HYAL2,,HYAL2,HYAL2,HYAL2,HYAL2,,HYAL2,HYAL2,HYAL2,,,HYAL2,,,HYAL2,,HYAL2,,HYAL2,HYAL2,,HYAL2,HYAL2
HDAC4,PRKACA,HDAC4,,HDAC4,,,,HDAC4,,HDAC4,,,,,HPS4,,P2RX7,,NAGPA,,,,,HDAC4,,HDAC4,HDAC4,,HDAC4,,HDAC4,HDAC4,,HDAC4,HDAC4,,HDAC4,HDAC4,HDAC4,,HDAC4,HDAC4,HDAC4,HDAC4,HDAC4,,HDAC4,GATB,HDAC4,HDAC4,HDAC4,,HDAC4,HDAC4,,,,HDAC4,HDAC4,HDAC4,,,HDAC4,,,HDAC4,,HDAC4,HDAC4,,HDAC4,HDAC4,HDAC4,,ING3,HDAC4,,HDAC4,HDAC4,HDAC4,HDAC4,,HDAC4,HDAC4,HDAC4,,,HDAC4,,,HDAC4,,HDAC4,,HDAC4,HDAC4,,HDAC4,HDAC4
RASSF1,ADGRL1,RASSF1,,RASSF1,,,,RASSF1,,RASSF1,,,,,PIK3IP1,,SLAMF1,,WFDC1,,,,,RASSF1,,RASSF1,RASSF1,,RASSF1,,RASSF1,RASSF1,,RASSF1,RASSF1,,RASSF1,RASSF1,RASSF1,,RASSF1,RASSF1,RASSF1,RASSF1,RASSF1,,RASSF1,GATB,RASSF1,RASSF1,RASSF1,,RASSF1,RASSF1,,,,RASSF1,RASSF1,RASSF1,,,RASSF1,,,RASSF1,,RASSF1,RASSF1,,RASSF1,RASSF1,RASSF1,,VASH1,RASSF1,,RASSF1,RASSF1,RASSF1,RASSF1,,RASSF1,RASSF1,RASSF1,,,RASSF1,,,RASSF1,,RASSF1,,RASSF1,RASSF1,,RASSF1,RASSF1
FGFR3,SPP2,FGFR3,,FGFR3,,,,FGFR3,,FGFR3,,,,,RP1-37E16.12,,BTN3A1,,SEC14L5,,,,,FGFR3,,FGFR3,FGFR3,,FGFR3,,FGFR3,FGFR3,,FGFR3,FGFR3,,FGFR3,FGFR3,FGFR3,,FGFR3,FGFR3,FGFR3,FGFR3,FGFR3,,FGFR3,GATB,FGFR3,FGFR3,FGFR3,,FGFR3,FGFR3,,,,FGFR3,FGFR3,FGFR3,,,FGFR3,,,FGFR3,,FGFR3,FGFR3,,FGFR3,FGFR3,FGFR3,,LMCD1,FGFR3,,FGFR3,FGFR3,FGFR3,FGFR3,,FGFR3,FGFR3,FGFR3,,,FGFR3,,,FGFR3,,FGFR3,,FGFR3,FGFR3,,FGFR3,FGFR3
IFI35,ACTN1,IFI35,,IFI35,,,,IFI35,,IFI35,,,,,SRRD,,IL23A,,COTL1,,,,,IFI35,,IFI35,IFI35,,IFI35,,IFI35,IFI35,,IFI35,IFI35,,IFI35,IFI35,IFI35,,IFI35,IFI35,IFI35,IFI35,IFI35,,IFI35,GATB,IFI35,IFI35,IFI35,,IFI35,IFI35,,,,IFI35,IFI35,IFI35,,,IFI35,,,IFI35,,IFI35,IFI35,,IFI35,IFI35,IFI35,,BUD23,IFI35,,IFI35,IFI35,IFI35,IFI35,,IFI35,IFI35,IFI35,,,IFI35,,,IFI35,,IFI35,,IFI35,IFI35,,IFI35,IFI35
HEATR6,ZFYVE26,HEATR6,,HEATR6,,,,HEATR6,,HEATR6,,,,,PATZ1,,IL17C,,USP10,,,,,HEATR6,,HEATR6,HEATR6,,HEATR6,,HEATR6,HEATR6,,HEATR6,HEATR6,,HEATR6,HEATR6,HEATR6,,HEATR6,HEATR6,HEATR6,HEATR6,HEATR6,,HEATR6,GATB,HEATR6,HEATR6,HEATR6,,HEATR6,HEATR6,,,,HEATR6,HEATR6,HEATR6,,,HEATR6,,,HEATR6,,HEATR6,HEATR6,,HEATR6,HEATR6,HEATR6,,SEL1L,HEATR6,,HEATR6,HEATR6,HEATR6,HEATR6,,HEATR6,HEATR6,HEATR6,,,HEATR6,,,HEATR6,,HEATR6,,HEATR6,HEATR6,,HEATR6,HEATR6
COASY,EPN2,COASY,,COASY,,,,COASY,,COASY,,,,,TRIOBP,,BTN2A1,,CRISPLD2,,,,,COASY,,COASY,COASY,,COASY,,COASY,COASY,,COASY,COASY,,COASY,COASY,COASY,,COASY,COASY,COASY,COASY,COASY,,COASY,GATB,COASY,COASY,COASY,,COASY,COASY,,,,COASY,COASY,COASY,,,COASY,,,COASY,,COASY,COASY,,COASY,COASY,COASY,,TRIP13,COASY,,COASY,COASY,COASY,COASY,,COASY,COASY,COASY,,,COASY,,,COASY,,COASY,,COASY,COASY,,COASY,COASY
PLEKHH3,PTPN18,PLEKHH3,,PLEKHH3,,,,PLEKHH3,,PLEKHH3,,,,,TFIP11,,IL12RB1,,TSC2,,,,,PLEKHH3,,PLEKHH3,PLEKHH3,,PLEKHH3,,PLEKHH3,PLEKHH3,,PLEKHH3,PLEKHH3,,PLEKHH3,PLEKHH3,PLEKHH3,,PLEKHH3,PLEKHH3,PLEKHH3,PLEKHH3,PLEKHH3,,PLEKHH3,GATB,PLEKHH3,PLEKHH3,PLEKHH3,,PLEKHH3,PLEKHH3,,,,PLEKHH3,PLEKHH3,PLEKHH3,,,PLEKHH3,,,PLEKHH3,,PLEKHH3,PLEKHH3,,PLEKHH3,PLEKHH3,PLEKHH3,,TCF3,PLEKHH3,,PLEKHH3,PLEKHH3,PLEKHH3,PLEKHH3,,PLEKHH3,PLEKHH3,PLEKHH3,,,PLEKHH3,,,PLEKHH3,,PLEKHH3,,PLEKHH3,PLEKHH3,,PLEKHH3,PLEKHH3
MEF2A,LIMS2,MEF2A,,MEF2A,,,,MEF2A,,MEF2A,,,,,GCAT,,AASS,,ZNF500,,,,,MEF2A,,MEF2A,MEF2A,,MEF2A,,MEF2A,MEF2A,,MEF2A,MEF2A,,MEF2A,MEF2A,MEF2A,,MEF2A,MEF2A,MEF2A,MEF2A,MEF2A,,MEF2A,GATB,MEF2A,MEF2A,MEF2A,,MEF2A,MEF2A,,,,MEF2A,MEF2A,MEF2A,,,MEF2A,,,MEF2A,,MEF2A,MEF2A,,MEF2A,MEF2A,MEF2A,,TRIB2,MEF2A,,MEF2A,MEF2A,MEF2A,MEF2A,,MEF2A,MEF2A,MEF2A,,,MEF2A,,,MEF2A,,MEF2A,,MEF2A,MEF2A,,MEF2A,MEF2A
INPP5A,ASIC4,INPP5A,,INPP5A,,,,INPP5A,,INPP5A,,,,,GGTLC2,,SLC4A11,,RP11-723C11.2,,,,,INPP5A,,INPP5A,INPP5A,,INPP5A,,INPP5A,INPP5A,,INPP5A,INPP5A,,INPP5A,INPP5A,INPP5A,,INPP5A,INPP5A,INPP5A,INPP5A,INPP5A,,INPP5A,GATB,INPP5A,INPP5A,INPP5A,,INPP5A,INPP5A,,,,INPP5A,INPP5A,INPP5A,,,INPP5A,,,INPP5A,,INPP5A,INPP5A,,INPP5A,INPP5A,INPP5A,,DAZAP1,INPP5A,,INPP5A,INPP5A,INPP5A,INPP5A,,INPP5A,INPP5A,INPP5A,,,INPP5A,,,INPP5A,,INPP5A,,INPP5A,INPP5A,,INPP5A,INPP5A
PRR11,SPEG,PRR11,,PRR11,,,,PRR11,,PRR11,,,,,CRYBB1,,TRAF3IP2,,NME4,,,,,PRR11,,PRR11,PRR11,,PRR11,,PRR11,PRR11,,PRR11,PRR11,,PRR11,PRR11,PRR11,,PRR11,PRR11,PRR11,PRR11,PRR11,,PRR11,GATB,PRR11,PRR11,PRR11,,PRR11,PRR11,,,,PRR11,PRR11,PRR11,,,PRR11,,,PRR11,,PRR11,PRR11,,PRR11,PRR11,PRR11,,MBD3,PRR11,,PRR11,PRR11,PRR11,PRR11,,PRR11,PRR11,PRR11,,,PRR11,,,PRR11,,PRR11,,PRR11,PRR11,,PRR11,PRR11
REEP1,LNX1,REEP1,,REEP1,,,,REEP1,,REEP1,,,,,ANKRD54,,LYZL2,,NOMO3,,,,,REEP1,,REEP1,REEP1,,REEP1,,REEP1,REEP1,,REEP1,REEP1,,REEP1,REEP1,REEP1,,REEP1,REEP1,REEP1,REEP1,REEP1,,REEP1,GATB,REEP1,REEP1,REEP1,,REEP1,REEP1,,,,REEP1,REEP1,REEP1,,,REEP1,,,REEP1,,REEP1,REEP1,,REEP1,REEP1,REEP1,,PRLH,REEP1,,REEP1,REEP1,REEP1,REEP1,,REEP1,REEP1,REEP1,,,REEP1,,,REEP1,,REEP1,,REEP1,REEP1,,REEP1,REEP1
ATP11A,ALDH3A2,ATP11A,,ATP11A,,,,ATP11A,,ATP11A,,,,,EIF3L,,TRAF3,,LMF1,,,,,ATP11A,,ATP11A,ATP11A,,ATP11A,,ATP11A,ATP11A,,ATP11A,ATP11A,,ATP11A,ATP11A,ATP11A,,ATP11A,ATP11A,ATP11A,ATP11A,ATP11A,,ATP11A,GATB,ATP11A,ATP11A,ATP11A,,ATP11A,ATP11A,,,,ATP11A,ATP11A,ATP11A,,,ATP11A,,,ATP11A,,ATP11A,ATP11A,,ATP11A,ATP11A,ATP11A,,HLTF,ATP11A,,ATP11A,ATP11A,ATP11A,ATP11A,,ATP11A,ATP11A,ATP11A,,,ATP11A,,,ATP11A,,ATP11A,,ATP11A,ATP11A,,ATP11A,ATP11A
POLR1A,TFRC,POLR1A,,POLR1A,,,,POLR1A,,POLR1A,,,,,SNU13,,BTN2A3P,,FOXF1,,,,,POLR1A,,POLR1A,POLR1A,,POLR1A,,POLR1A,POLR1A,,POLR1A,POLR1A,,POLR1A,POLR1A,POLR1A,,POLR1A,POLR1A,POLR1A,POLR1A,POLR1A,,POLR1A,GATB,POLR1A,POLR1A,POLR1A,,POLR1A,POLR1A,,,,POLR1A,POLR1A,POLR1A,,,POLR1A,,,POLR1A,,POLR1A,POLR1A,,POLR1A,POLR1A,POLR1A,,CPSF1,POLR1A,,POLR1A,POLR1A,POLR1A,POLR1A,,POLR1A,POLR1A,POLR1A,,,POLR1A,,,POLR1A,,POLR1A,,POLR1A,POLR1A,,POLR1A,POLR1A
LAPTM4A,SREBF1,LAPTM4A,,LAPTM4A,,,,LAPTM4A,,LAPTM4A,,,,,MICALL1,,FCGR2B,,CIAO3,,,,,LAPTM4A,,LAPTM4A,LAPTM4A,,LAPTM4A,,LAPTM4A,LAPTM4A,,LAPTM4A,LAPTM4A,,LAPTM4A,LAPTM4A,LAPTM4A,,LAPTM4A,LAPTM4A,LAPTM4A,LAPTM4A,LAPTM4A,,LAPTM4A,GATB,LAPTM4A,LAPTM4A,LAPTM4A,,LAPTM4A,LAPTM4A,,,,LAPTM4A,LAPTM4A,LAPTM4A,,,LAPTM4A,,,LAPTM4A,,LAPTM4A,LAPTM4A,,LAPTM4A,LAPTM4A,LAPTM4A,,MYO3B,LAPTM4A,,LAPTM4A,LAPTM4A,LAPTM4A,LAPTM4A,,LAPTM4A,LAPTM4A,LAPTM4A,,,LAPTM4A,,,LAPTM4A,,LAPTM4A,,LAPTM4A,LAPTM4A,,LAPTM4A,LAPTM4A
TTC7A,AFF4,TTC7A,,TTC7A,,,,TTC7A,,TTC7A,,,,,POLR2F,,CCL17,,MTHFSD,,,,,TTC7A,,TTC7A,TTC7A,,TTC7A,,TTC7A,TTC7A,,TTC7A,TTC7A,,TTC7A,TTC7A,TTC7A,,TTC7A,TTC7A,TTC7A,TTC7A,TTC7A,,TTC7A,GATB,TTC7A,TTC7A,TTC7A,,TTC7A,TTC7A,,,,TTC7A,TTC7A,TTC7A,,,TTC7A,,,TTC7A,,TTC7A,TTC7A,,TTC7A,TTC7A,TTC7A,,CYBRD1,TTC7A,,TTC7A,TTC7A,TTC7A,TTC7A,,TTC7A,TTC7A,TTC7A,,,TTC7A,,,TTC7A,,TTC7A,,TTC7A,TTC7A,,TTC7A,TTC7A
IP6K2,UBE2D1,IP6K2,,IP6K2,,,,IP6K2,,IP6K2,,,,,SOX10,,PGLYRP1,,ABCC1,,,,,IP6K2,,IP6K2,IP6K2,,IP6K2,,IP6K2,IP6K2,,IP6K2,IP6K2,,IP6K2,IP6K2,IP6K2,,IP6K2,IP6K2,IP6K2,IP6K2,IP6K2,,IP6K2,GATB,IP6K2,IP6K2,IP6K2,,IP6K2,IP6K2,,,,IP6K2,IP6K2,IP6K2,,,IP6K2,,,IP6K2,,IP6K2,IP6K2,,IP6K2,IP6K2,IP6K2,,CDH19,IP6K2,,IP6K2,IP6K2,IP6K2,IP6K2,,IP6K2,IP6K2,IP6K2,,,IP6K2,,,IP6K2,,IP6K2,,IP6K2,IP6K2,,IP6K2,IP6K2
STON1-GTF2A1L,MPP5,STON1-GTF2A1L,,STON1-GTF2A1L,,,,STON1-GTF2A1L,,STON1-GTF2A1L,,,,,CCDC134,,C5orf22,,CLCN7,,,,,STON1-GTF2A1L,,STON1-GTF2A1L,STON1-GTF2A1L,,STON1-GTF2A1L,,STON1-GTF2A1L,STON1-GTF2A1L,,STON1-GTF2A1L,STON1-GTF2A1L,,STON1-GTF2A1L,STON1-GTF2A1L,STON1-GTF2A1L,,STON1-GTF2A1L,STON1-GTF2A1L,STON1-GTF2A1L,STON1-GTF2A1L,STON1-GTF2A1L,,STON1-GTF2A1L,GATB,STON1-GTF2A1L,STON1-GTF2A1L,STON1-GTF2A1L,,STON1-GTF2A1L,STON1-GTF2A1L,,,,STON1-GTF2A1L,STON1-GTF2A1L,STON1-GTF2A1L,,,STON1-GTF2A1L,,,STON1-GTF2A1L,,STON1-GTF2A1L,STON1-GTF2A1L,,STON1-GTF2A1L,STON1-GTF2A1L,STON1-GTF2A1L,,PDCD2,STON1-GTF2A1L,,STON1-GTF2A1L,STON1-GTF2A1L,STON1-GTF2A1L,STON1-GTF2A1L,,STON1-GTF2A1L,STON1-GTF2A1L,STON1-GTF2A1L,,,STON1-GTF2A1L,,,STON1-GTF2A1L,,STON1-GTF2A1L,,STON1-GTF2A1L,STON1-GTF2A1L,,STON1-GTF2A1L,STON1-GTF2A1L
SRBD1,RHOBTB1,SRBD1,,SRBD1,,,,SRBD1,,SRBD1,,,,,DEPDC5,,BTN3A3,,HAGHL,,,,,SRBD1,,SRBD1,SRBD1,,SRBD1,,SRBD1,SRBD1,,SRBD1,SRBD1,,SRBD1,SRBD1,SRBD1,,SRBD1,SRBD1,SRBD1,SRBD1,SRBD1,,SRBD1,GATB,SRBD1,SRBD1,SRBD1,,SRBD1,SRBD1,,,,SRBD1,SRBD1,SRBD1,,,SRBD1,,,SRBD1,,SRBD1,SRBD1,,SRBD1,SRBD1,SRBD1,,SLC6A15,SRBD1,,SRBD1,SRBD1,SRBD1,SRBD1,,SRBD1,SRBD1,SRBD1,,,SRBD1,,,SRBD1,,SRBD1,,SRBD1,SRBD1,,SRBD1,SRBD1
KIF2A,MARK2,KIF2A,,KIF2A,,,,KIF2A,,KIF2A,,,,,PICK1,,C5,,ANTKMT,,,,,KIF2A,,KIF2A,KIF2A,,KIF2A,,KIF2A,KIF2A,,KIF2A,KIF2A,,KIF2A,KIF2A,KIF2A,,KIF2A,KIF2A,KIF2A,KIF2A,KIF2A,,KIF2A,GATB,KIF2A,KIF2A,KIF2A,,KIF2A,KIF2A,,,,KIF2A,KIF2A,KIF2A,,,KIF2A,,,KIF2A,,KIF2A,KIF2A,,KIF2A,KIF2A,KIF2A,,RDH11,KIF2A,,KIF2A,KIF2A,KIF2A,KIF2A,,KIF2A,KIF2A,KIF2A,,,KIF2A,,,KIF2A,,KIF2A,,KIF2A,KIF2A,,KIF2A,KIF2A
RASGRP2,HMMR,RASGRP2,,RASGRP2,,,,RASGRP2,,RASGRP2,,,,,TTC28,,LILRB5,,SLC7A5,,,,,RASGRP2,,RASGRP2,RASGRP2,,RASGRP2,,RASGRP2,RASGRP2,,RASGRP2,RASGRP2,,RASGRP2,RASGRP2,RASGRP2,,RASGRP2,RASGRP2,RASGRP2,RASGRP2,RASGRP2,,RASGRP2,GATB,RASGRP2,RASGRP2,RASGRP2,,RASGRP2,RASGRP2,,,,RASGRP2,RASGRP2,RASGRP2,,,RASGRP2,,,RASGRP2,,RASGRP2,RASGRP2,,RASGRP2,RASGRP2,RASGRP2,,PRKACA,RASGRP2,,RASGRP2,RASGRP2,RASGRP2,RASGRP2,,RASGRP2,RASGRP2,RASGRP2,,,RASGRP2,,,RASGRP2,,RASGRP2,,RASGRP2,RASGRP2,,RASGRP2,RASGRP2
PSME4,CHFR,PSME4,,PSME4,,,,PSME4,,PSME4,,,,,SLC16A8,,F7,,METRN,,,,,PSME4,,PSME4,PSME4,,PSME4,,PSME4,PSME4,,PSME4,PSME4,,PSME4,PSME4,PSME4,,PSME4,PSME4,PSME4,PSME4,PSME4,,PSME4,GATB,PSME4,PSME4,PSME4,,PSME4,PSME4,,,,PSME4,PSME4,PSME4,,,PSME4,,,PSME4,,PSME4,PSME4,,PSME4,PSME4,PSME4,,ADGRL1,PSME4,,PSME4,PSME4,PSME4,PSME4,,PSME4,PSME4,PSME4,,,PSME4,,,PSME4,,PSME4,,PSME4,PSME4,,PSME4,PSME4
IFT80,TRHDE,IFT80,,IFT80,,,,IFT80,,IFT80,,,,,CENPM,,TRAF3IP3,,FBXO31,,,,,IFT80,,IFT80,IFT80,,IFT80,,IFT80,IFT80,,IFT80,IFT80,,IFT80,IFT80,IFT80,,IFT80,IFT80,IFT80,IFT80,IFT80,,IFT80,GATB,IFT80,IFT80,IFT80,,IFT80,IFT80,,,,IFT80,IFT80,IFT80,,,IFT80,,,IFT80,,IFT80,IFT80,,IFT80,IFT80,IFT80,,SPP2,IFT80,,IFT80,IFT80,IFT80,IFT80,,IFT80,IFT80,IFT80,,,IFT80,,,IFT80,,IFT80,,IFT80,IFT80,,IFT80,IFT80
SIRT2,P4HA2,SIRT2,,SIRT2,,,,SIRT2,,SIRT2,,,,,SEPTIN3,,ITGAL,,STUB1,,,,,SIRT2,,SIRT2,SIRT2,,SIRT2,,SIRT2,SIRT2,,SIRT2,SIRT2,,SIRT2,SIRT2,SIRT2,,SIRT2,SIRT2,SIRT2,SIRT2,SIRT2,,SIRT2,GATB,SIRT2,SIRT2,SIRT2,,SIRT2,SIRT2,,,,SIRT2,SIRT2,SIRT2,,,SIRT2,,,SIRT2,,SIRT2,SIRT2,,SIRT2,SIRT2,SIRT2,,ACTN1,SIRT2,,SIRT2,SIRT2,SIRT2,SIRT2,,SIRT2,SIRT2,SIRT2,,,SIRT2,,,SIRT2,,SIRT2,,SIRT2,SIRT2,,SIRT2,SIRT2
ERLEC1,WASL,ERLEC1,,ERLEC1,,,,ERLEC1,,ERLEC1,,,,,SLC5A1,,ITGA3,,RHBDL1,,,,,ERLEC1,,ERLEC1,ERLEC1,,ERLEC1,,ERLEC1,ERLEC1,,ERLEC1,ERLEC1,,ERLEC1,ERLEC1,ERLEC1,,ERLEC1,ERLEC1,ERLEC1,ERLEC1,ERLEC1,,ERLEC1,GATB,ERLEC1,ERLEC1,ERLEC1,,ERLEC1,ERLEC1,,,,ERLEC1,ERLEC1,ERLEC1,,,ERLEC1,,,ERLEC1,,ERLEC1,ERLEC1,,ERLEC1,ERLEC1,ERLEC1,,ZFYVE26,ERLEC1,,ERLEC1,ERLEC1,ERLEC1,ERLEC1,,ERLEC1,ERLEC1,ERLEC1,,,ERLEC1,,,ERLEC1,,ERLEC1,,ERLEC1,ERLEC1,,ERLEC1,ERLEC1
PPP2R5B,HYAL4,PPP2R5B,,PPP2R5B,,,,PPP2R5B,,PPP2R5B,,,,,TPTEP1,,ITGA2B,,NUBP1,,,,,PPP2R5B,,PPP2R5B,PPP2R5B,,PPP2R5B,,PPP2R5B,PPP2R5B,,PPP2R5B,PPP2R5B,,PPP2R5B,PPP2R5B,PPP2R5B,,PPP2R5B,PPP2R5B,PPP2R5B,PPP2R5B,PPP2R5B,,PPP2R5B,GATB,PPP2R5B,PPP2R5B,PPP2R5B,,PPP2R5B,PPP2R5B,,,,PPP2R5B,PPP2R5B,PPP2R5B,,,PPP2R5B,,,PPP2R5B,,PPP2R5B,PPP2R5B,,PPP2R5B,PPP2R5B,PPP2R5B,,EPN2,PPP2R5B,,PPP2R5B,PPP2R5B,PPP2R5B,PPP2R5B,,PPP2R5B,PPP2R5B,PPP2R5B,,,PPP2R5B,,,PPP2R5B,,PPP2R5B,,PPP2R5B,PPP2R5B,,PPP2R5B,PPP2R5B
PYGM,SPAM1,PYGM,,PYGM,,,,PYGM,,PYGM,,,,,SLC5A4,,LGALS13,,UBE2I,,,,,PYGM,,PYGM,PYGM,,PYGM,,PYGM,PYGM,,PYGM,PYGM,,PYGM,PYGM,PYGM,,PYGM,PYGM,PYGM,PYGM,PYGM,,PYGM,GATB,PYGM,PYGM,PYGM,,PYGM,PYGM,,,,PYGM,PYGM,PYGM,,,PYGM,,,PYGM,,PYGM,PYGM,,PYGM,PYGM,PYGM,,PTPN18,PYGM,,PYGM,PYGM,PYGM,PYGM,,PYGM,PYGM,PYGM,,,PYGM,,,PYGM,,PYGM,,PYGM,PYGM,,PYGM,PYGM
PITX1,AIMP2,PITX1,,PITX1,,,,PITX1,,PITX1,,,,,KDELR3,,ASB4,,ZP2,,,,,PITX1,,PITX1,PITX1,,PITX1,,PITX1,PITX1,,PITX1,PITX1,,PITX1,PITX1,PITX1,,PITX1,PITX1,PITX1,PITX1,PITX1,,PITX1,GATB,PITX1,PITX1,PITX1,,PITX1,PITX1,,,,PITX1,PITX1,PITX1,,,PITX1,,,PITX1,,PITX1,PITX1,,PITX1,PITX1,PITX1,,LIMS2,PITX1,,PITX1,PITX1,PITX1,PITX1,,PITX1,PITX1,PITX1,,,PITX1,,,PITX1,,PITX1,,PITX1,PITX1,,PITX1,PITX1
TRPC7,TFR2,TRPC7,,TRPC7,,,,TRPC7,,TRPC7,,,,,CYP2D6,,NCDN,,MEFV,,,,,TRPC7,,TRPC7,TRPC7,,TRPC7,,TRPC7,TRPC7,,TRPC7,TRPC7,,TRPC7,TRPC7,TRPC7,,TRPC7,TRPC7,TRPC7,TRPC7,TRPC7,,TRPC7,GATB,TRPC7,TRPC7,TRPC7,,TRPC7,TRPC7,,,,TRPC7,TRPC7,TRPC7,,,TRPC7,,,TRPC7,,TRPC7,TRPC7,,TRPC7,TRPC7,TRPC7,,ASIC4,TRPC7,,TRPC7,TRPC7,TRPC7,TRPC7,,TRPC7,TRPC7,TRPC7,,,TRPC7,,,TRPC7,,TRPC7,,TRPC7,TRPC7,,TRPC7,TRPC7
MAST4,FSCN3,MAST4,,MAST4,,,,MAST4,,MAST4,,,,,DDX17,,CD33,,CRYM,,,,,MAST4,,MAST4,MAST4,,MAST4,,MAST4,MAST4,,MAST4,MAST4,,MAST4,MAST4,MAST4,,MAST4,MAST4,MAST4,MAST4,MAST4,,MAST4,GATB,MAST4,MAST4,MAST4,,MAST4,MAST4,,,,MAST4,MAST4,MAST4,,,MAST4,,,MAST4,,MAST4,MAST4,,MAST4,MAST4,MAST4,,SPEG,MAST4,,MAST4,MAST4,MAST4,MAST4,,MAST4,MAST4,MAST4,,,MAST4,,,MAST4,,MAST4,,MAST4,MAST4,,MAST4,MAST4
ADGRF5,MOSPD3,ADGRF5,,ADGRF5,,,,ADGRF5,,ADGRF5,,,,,DMC1,,CCL22,,EEF2K,,,,,ADGRF5,,ADGRF5,ADGRF5,,ADGRF5,,ADGRF5,ADGRF5,,ADGRF5,ADGRF5,,ADGRF5,ADGRF5,ADGRF5,,ADGRF5,ADGRF5,ADGRF5,ADGRF5,ADGRF5,,ADGRF5,GATB,ADGRF5,ADGRF5,ADGRF5,,ADGRF5,ADGRF5,,,,ADGRF5,ADGRF5,ADGRF5,,,ADGRF5,,,ADGRF5,,ADGRF5,ADGRF5,,ADGRF5,ADGRF5,ADGRF5,,LNX1,ADGRF5,,ADGRF5,ADGRF5,ADGRF5,ADGRF5,,ADGRF5,ADGRF5,ADGRF5,,,ADGRF5,,,ADGRF5,,ADGRF5,,ADGRF5,ADGRF5,,ADGRF5,ADGRF5
SDK2,PAX4,SDK2,,SDK2,,,,SDK2,,SDK2,,,,,TCF20,,IFIT5,,CAPN15,,,,,SDK2,,SDK2,SDK2,,SDK2,,SDK2,SDK2,,SDK2,SDK2,,SDK2,SDK2,SDK2,,SDK2,SDK2,SDK2,SDK2,SDK2,,SDK2,GATB,SDK2,SDK2,SDK2,,SDK2,SDK2,,,,SDK2,SDK2,SDK2,,,SDK2,,,SDK2,,SDK2,SDK2,,SDK2,SDK2,SDK2,,ALDH3A2,SDK2,,SDK2,SDK2,SDK2,SDK2,,SDK2,SDK2,SDK2,,,SDK2,,,SDK2,,SDK2,,SDK2,SDK2,,SDK2,SDK2
ADAM7,PCOLCE,ADAM7,,ADAM7,,,,ADAM7,,ADAM7,,,,,HSCB,,LILRB4,,PIEZO1,,,,,ADAM7,,ADAM7,ADAM7,,ADAM7,,ADAM7,ADAM7,,ADAM7,ADAM7,,ADAM7,ADAM7,ADAM7,,ADAM7,ADAM7,ADAM7,ADAM7,ADAM7,,ADAM7,GATB,ADAM7,ADAM7,ADAM7,,ADAM7,ADAM7,,,,ADAM7,ADAM7,ADAM7,,,ADAM7,,,ADAM7,,ADAM7,ADAM7,,ADAM7,ADAM7,ADAM7,,TFRC,ADAM7,,ADAM7,ADAM7,ADAM7,ADAM7,,ADAM7,ADAM7,ADAM7,,,ADAM7,,,ADAM7,,ADAM7,,ADAM7,ADAM7,,ADAM7,ADAM7
NUP133,FBXO24,NUP133,,NUP133,,,,NUP133,,NUP133,,,,,CBY1,,ICAM4,,GSPT1,,,,,NUP133,,NUP133,NUP133,,NUP133,,NUP133,NUP133,,NUP133,NUP133,,NUP133,NUP133,NUP133,,NUP133,NUP133,NUP133,NUP133,NUP133,,NUP133,GATB,NUP133,NUP133,NUP133,,NUP133,NUP133,,,,NUP133,NUP133,NUP133,,,NUP133,,,NUP133,,NUP133,NUP133,,NUP133,NUP133,NUP133,,SREBF1,NUP133,,NUP133,NUP133,NUP133,NUP133,,NUP133,NUP133,NUP133,,,NUP133,,,NUP133,,NUP133,,NUP133,NUP133,,NUP133,NUP133
NUCKS1,PPP1R17,NUCKS1,,NUCKS1,,,,NUCKS1,,NUCKS1,,,,,TOMM22,,BTN3A1,,ZNF174,,,,,NUCKS1,,NUCKS1,NUCKS1,,NUCKS1,,NUCKS1,NUCKS1,,NUCKS1,NUCKS1,,NUCKS1,NUCKS1,NUCKS1,,NUCKS1,NUCKS1,NUCKS1,NUCKS1,NUCKS1,,NUCKS1,GATB,NUCKS1,NUCKS1,NUCKS1,,NUCKS1,NUCKS1,,,,NUCKS1,NUCKS1,NUCKS1,,,NUCKS1,,,NUCKS1,,NUCKS1,NUCKS1,,NUCKS1,NUCKS1,NUCKS1,,AFF4,NUCKS1,,NUCKS1,NUCKS1,NUCKS1,NUCKS1,,NUCKS1,NUCKS1,NUCKS1,,,NUCKS1,,,NUCKS1,,NUCKS1,,NUCKS1,NUCKS1,,NUCKS1,NUCKS1
VPS35,RBM28,VPS35,,VPS35,,,,VPS35,,VPS35,,,,,RSPH14,,IL20,,CLUAP1,,,,,VPS35,,VPS35,VPS35,,VPS35,,VPS35,VPS35,,VPS35,VPS35,,VPS35,VPS35,VPS35,,VPS35,VPS35,VPS35,VPS35,VPS35,,VPS35,GATB,VPS35,VPS35,VPS35,,VPS35,VPS35,,,,VPS35,VPS35,VPS35,,,VPS35,,,VPS35,,VPS35,VPS35,,VPS35,VPS35,VPS35,,UBE2D1,VPS35,,VPS35,VPS35,VPS35,VPS35,,VPS35,VPS35,VPS35,,,VPS35,,,VPS35,,VPS35,,VPS35,VPS35,,VPS35,VPS35
DNAJA2,USP42,DNAJA2,,DNAJA2,,,,DNAJA2,,DNAJA2,,,,,XBP1,,CX3CL1,,UBFD1,,,,,DNAJA2,,DNAJA2,DNAJA2,,DNAJA2,,DNAJA2,DNAJA2,,DNAJA2,DNAJA2,,DNAJA2,DNAJA2,DNAJA2,,DNAJA2,DNAJA2,DNAJA2,DNAJA2,DNAJA2,,DNAJA2,GATB,DNAJA2,DNAJA2,DNAJA2,,DNAJA2,DNAJA2,,,,DNAJA2,DNAJA2,DNAJA2,,,DNAJA2,,,DNAJA2,,DNAJA2,DNAJA2,,DNAJA2,DNAJA2,DNAJA2,,MPP5,DNAJA2,,DNAJA2,DNAJA2,DNAJA2,DNAJA2,,DNAJA2,DNAJA2,DNAJA2,,,DNAJA2,,,DNAJA2,,DNAJA2,,DNAJA2,DNAJA2,,DNAJA2,DNAJA2
BCL3,SELENOO,BCL3,,BCL3,,,,BCL3,,BCL3,,,,,RTCB,,HFE,,PRSS33,,,,,BCL3,,BCL3,BCL3,,BCL3,,BCL3,BCL3,,BCL3,BCL3,,BCL3,BCL3,BCL3,,BCL3,BCL3,BCL3,BCL3,BCL3,,BCL3,GATB,BCL3,BCL3,BCL3,,BCL3,BCL3,,,,BCL3,BCL3,BCL3,,,BCL3,,,BCL3,,BCL3,BCL3,,BCL3,BCL3,BCL3,,RHOBTB1,BCL3,,BCL3,BCL3,BCL3,BCL3,,BCL3,BCL3,BCL3,,,BCL3,,,BCL3,,BCL3,,BCL3,BCL3,,BCL3,BCL3
KCNAB2,TP63,KCNAB2,,KCNAB2,,,,KCNAB2,,KCNAB2,,,,,JOSD1,,KYNU,,EARS2,,,,,KCNAB2,,KCNAB2,KCNAB2,,KCNAB2,,KCNAB2,KCNAB2,,KCNAB2,KCNAB2,,KCNAB2,KCNAB2,KCNAB2,,KCNAB2,KCNAB2,KCNAB2,KCNAB2,KCNAB2,,KCNAB2,GATB,KCNAB2,KCNAB2,KCNAB2,,KCNAB2,KCNAB2,,,,KCNAB2,KCNAB2,KCNAB2,,,KCNAB2,,,KCNAB2,,KCNAB2,KCNAB2,,KCNAB2,KCNAB2,KCNAB2,,MARK2,KCNAB2,,KCNAB2,KCNAB2,KCNAB2,KCNAB2,,KCNAB2,KCNAB2,KCNAB2,,,KCNAB2,,,KCNAB2,,KCNAB2,,KCNAB2,KCNAB2,,KCNAB2,KCNAB2
ABCC9,ALPK1,ABCC9,,ABCC9,,,,ABCC9,,ABCC9,,,,,FBXO7,,AHR,,ELOB,,,,,ABCC9,,ABCC9,ABCC9,,ABCC9,,ABCC9,ABCC9,,ABCC9,ABCC9,,ABCC9,ABCC9,ABCC9,,ABCC9,ABCC9,ABCC9,ABCC9,ABCC9,,ABCC9,GATB,ABCC9,ABCC9,ABCC9,,ABCC9,ABCC9,,,,ABCC9,ABCC9,ABCC9,,,ABCC9,,,ABCC9,,ABCC9,ABCC9,,ABCC9,ABCC9,ABCC9,,HMMR,ABCC9,,ABCC9,ABCC9,ABCC9,ABCC9,,ABCC9,ABCC9,ABCC9,,,ABCC9,,,ABCC9,,ABCC9,,ABCC9,ABCC9,,ABCC9,ABCC9
GAL,LLGL2,GAL,,GAL,,,,GAL,,GAL,,,,,GTPBP1,,SLAMF7,,GGA2,,,,,GAL,,GAL,GAL,,GAL,,GAL,GAL,,GAL,GAL,,GAL,GAL,GAL,,GAL,GAL,GAL,GAL,GAL,,GAL,GATB,GAL,GAL,GAL,,GAL,GAL,,,,GAL,GAL,GAL,,,GAL,,,GAL,,GAL,GAL,,GAL,GAL,GAL,,CHFR,GAL,,GAL,GAL,GAL,GAL,,GAL,GAL,GAL,,,GAL,,,GAL,,GAL,,GAL,GAL,,GAL,GAL
CLEC2D,PDE8A,CLEC2D,,CLEC2D,,,,CLEC2D,,CLEC2D,,,,,POLDIP3,,ITGA2B,,AQP8,,,,,CLEC2D,,CLEC2D,CLEC2D,,CLEC2D,,CLEC2D,CLEC2D,,CLEC2D,CLEC2D,,CLEC2D,CLEC2D,CLEC2D,,CLEC2D,CLEC2D,CLEC2D,CLEC2D,CLEC2D,,CLEC2D,GATB,CLEC2D,CLEC2D,CLEC2D,,CLEC2D,CLEC2D,,,,CLEC2D,CLEC2D,CLEC2D,,,CLEC2D,,,CLEC2D,,CLEC2D,CLEC2D,,CLEC2D,CLEC2D,CLEC2D,,TRHDE,CLEC2D,,CLEC2D,CLEC2D,CLEC2D,CLEC2D,,CLEC2D,CLEC2D,CLEC2D,,,CLEC2D,,,CLEC2D,,CLEC2D,,CLEC2D,CLEC2D,,CLEC2D,CLEC2D
RORA,NLE1,RORA,,RORA,,,,RORA,,RORA,,,,,RAB36,,LGALS14,,CPPED1,,,,,RORA,,RORA,RORA,,RORA,,RORA,RORA,,RORA,RORA,,RORA,RORA,RORA,,RORA,RORA,RORA,RORA,RORA,,RORA,GATB,RORA,RORA,RORA,,RORA,RORA,,,,RORA,RORA,RORA,,,RORA,,,RORA,,RORA,RORA,,RORA,RORA,RORA,,P4HA2,RORA,,RORA,RORA,RORA,RORA,,RORA,RORA,RORA,,,RORA,,,RORA,,RORA,,RORA,RORA,,RORA,RORA
DRD4,SDHA,DRD4,,DRD4,,,,DRD4,,DRD4,,,,,TIMP3,,TFEC,,USP31,,,,,DRD4,,DRD4,DRD4,,DRD4,,DRD4,DRD4,,DRD4,DRD4,,DRD4,DRD4,DRD4,,DRD4,DRD4,DRD4,DRD4,DRD4,,DRD4,GATB,DRD4,DRD4,DRD4,,DRD4,DRD4,,,,DRD4,DRD4,DRD4,,,DRD4,,,DRD4,,DRD4,DRD4,,DRD4,DRD4,DRD4,,FCGR2B,DRD4,,DRD4,DRD4,DRD4,DRD4,,DRD4,DRD4,DRD4,,,DRD4,,,DRD4,,DRD4,,DRD4,DRD4,,DRD4,DRD4
TGFBR3,SMARCE1,TGFBR3,,TGFBR3,,,,TGFBR3,,TGFBR3,,,,,PPP6R2,,KYNU,,HMOX2,,,,,TGFBR3,,TGFBR3,TGFBR3,,TGFBR3,,TGFBR3,TGFBR3,,TGFBR3,TGFBR3,,TGFBR3,TGFBR3,TGFBR3,,TGFBR3,TGFBR3,TGFBR3,TGFBR3,TGFBR3,,TGFBR3,GATB,TGFBR3,TGFBR3,TGFBR3,,TGFBR3,TGFBR3,,,,TGFBR3,TGFBR3,TGFBR3,,,TGFBR3,,,TGFBR3,,TGFBR3,TGFBR3,,TGFBR3,TGFBR3,TGFBR3,,NFATC3,TGFBR3,,TGFBR3,TGFBR3,TGFBR3,TGFBR3,,TGFBR3,TGFBR3,TGFBR3,,,TGFBR3,,,TGFBR3,,TGFBR3,,TGFBR3,TGFBR3,,TGFBR3,TGFBR3
PLA2G10,FNDC8,PLA2G10,,PLA2G10,,,,PLA2G10,,PLA2G10,,,,,SBF1,,TNFSF13,,DNAJA3,,,,,PLA2G10,,PLA2G10,PLA2G10,,PLA2G10,,PLA2G10,PLA2G10,,PLA2G10,PLA2G10,,PLA2G10,PLA2G10,PLA2G10,,PLA2G10,PLA2G10,PLA2G10,PLA2G10,PLA2G10,,PLA2G10,GATB,PLA2G10,PLA2G10,PLA2G10,,PLA2G10,PLA2G10,,,,PLA2G10,PLA2G10,PLA2G10,,,PLA2G10,,,PLA2G10,,PLA2G10,PLA2G10,,PLA2G10,PLA2G10,PLA2G10,,TRNT1,PLA2G10,,PLA2G10,PLA2G10,PLA2G10,PLA2G10,,PLA2G10,PLA2G10,PLA2G10,,,PLA2G10,,,PLA2G10,,PLA2G10,,PLA2G10,PLA2G10,,PLA2G10,PLA2G10
HES2,GSDMB,HES2,,HES2,,,,HES2,,HES2,,,,,SUN2,,KYNU,,CORO7-PAM16,,,,,HES2,,HES2,HES2,,HES2,,HES2,HES2,,HES2,HES2,,HES2,HES2,HES2,,HES2,HES2,HES2,HES2,HES2,,HES2,GATB,HES2,HES2,HES2,,HES2,HES2,,,,HES2,HES2,HES2,,,HES2,,,HES2,,HES2,HES2,,HES2,HES2,HES2,,ACADVL,HES2,,HES2,HES2,HES2,HES2,,HES2,HES2,HES2,,,HES2,,,HES2,,HES2,,HES2,HES2,,HES2,HES2
ATP1B3,KDM5A,ATP1B3,,ATP1B3,,,,ATP1B3,,ATP1B3,,,,,CYB5R3,,CD37,,BFAR,,,,,ATP1B3,,ATP1B3,ATP1B3,,ATP1B3,,ATP1B3,ATP1B3,,ATP1B3,ATP1B3,,ATP1B3,ATP1B3,ATP1B3,,ATP1B3,ATP1B3,ATP1B3,ATP1B3,ATP1B3,,ATP1B3,GATB,ATP1B3,ATP1B3,ATP1B3,,ATP1B3,ATP1B3,,,,ATP1B3,ATP1B3,ATP1B3,,,ATP1B3,,,ATP1B3,,ATP1B3,ATP1B3,,ATP1B3,ATP1B3,ATP1B3,,STK10,ATP1B3,,ATP1B3,ATP1B3,ATP1B3,ATP1B3,,ATP1B3,ATP1B3,ATP1B3,,,ATP1B3,,,ATP1B3,,ATP1B3,,ATP1B3,ATP1B3,,ATP1B3,ATP1B3
NEDD4,ADAM11,NEDD4,,NEDD4,,,,NEDD4,,NEDD4,,,,,DNAL4,,SELL,,SALL1,,,,,NEDD4,,NEDD4,NEDD4,,NEDD4,,NEDD4,NEDD4,,NEDD4,NEDD4,,NEDD4,NEDD4,NEDD4,,NEDD4,NEDD4,NEDD4,NEDD4,NEDD4,,NEDD4,GATB,NEDD4,NEDD4,NEDD4,,NEDD4,NEDD4,,,,NEDD4,NEDD4,NEDD4,,,NEDD4,,,NEDD4,,NEDD4,NEDD4,,NEDD4,NEDD4,NEDD4,,FBXW11,NEDD4,,NEDD4,NEDD4,NEDD4,NEDD4,,NEDD4,NEDD4,NEDD4,,,NEDD4,,,NEDD4,,NEDD4,,NEDD4,NEDD4,,NEDD4,NEDD4
PIGB,PPP2R3A,PIGB,,PIGB,,,,PIGB,,PIGB,,,,,C22orf31,,RHBDF1,,TOX3,,,,,PIGB,,PIGB,PIGB,,PIGB,,PIGB,PIGB,,PIGB,PIGB,,PIGB,PIGB,PIGB,,PIGB,PIGB,PIGB,PIGB,PIGB,,PIGB,GATB,PIGB,PIGB,PIGB,,PIGB,PIGB,,,,PIGB,PIGB,PIGB,,,PIGB,,,PIGB,,PIGB,PIGB,,PIGB,PIGB,PIGB,,ACAP1,PIGB,,PIGB,PIGB,PIGB,PIGB,,PIGB,PIGB,PIGB,,,PIGB,,,PIGB,,PIGB,,PIGB,PIGB,,PIGB,PIGB
MAPK6,FERMT2,MAPK6,,MAPK6,,,,MAPK6,,MAPK6,,,,,MIOX,,AQR,,RRN3P2,,,,,MAPK6,,MAPK6,MAPK6,,MAPK6,,MAPK6,MAPK6,,MAPK6,MAPK6,,MAPK6,MAPK6,MAPK6,,MAPK6,MAPK6,MAPK6,MAPK6,MAPK6,,MAPK6,GATB,MAPK6,MAPK6,MAPK6,,MAPK6,MAPK6,,,,MAPK6,MAPK6,MAPK6,,,MAPK6,,,MAPK6,,MAPK6,MAPK6,,MAPK6,MAPK6,MAPK6,,CRMP1,MAPK6,,MAPK6,MAPK6,MAPK6,MAPK6,,MAPK6,MAPK6,MAPK6,,,MAPK6,,,MAPK6,,MAPK6,,MAPK6,MAPK6,,MAPK6,MAPK6
GNB5,ABCB11,GNB5,,GNB5,,,,GNB5,,GNB5,,,,,LMF2,,KYNU,,RBL2,,,,,GNB5,,GNB5,GNB5,,GNB5,,GNB5,GNB5,,GNB5,GNB5,,GNB5,GNB5,GNB5,,GNB5,GNB5,GNB5,GNB5,GNB5,,GNB5,GATB,GNB5,GNB5,GNB5,,GNB5,GNB5,,,,GNB5,GNB5,GNB5,,,GNB5,,,GNB5,,GNB5,GNB5,,GNB5,GNB5,GNB5,,EVC,GNB5,,GNB5,GNB5,GNB5,GNB5,,GNB5,GNB5,GNB5,,,GNB5,,,GNB5,,GNB5,,GNB5,GNB5,,GNB5,GNB5
RAB27A,DHRS9,RAB27A,,RAB27A,,,,RAB27A,,RAB27A,,,,,RHBDD3,,ITGAL,,QPRT,,,,,RAB27A,,RAB27A,RAB27A,,RAB27A,,RAB27A,RAB27A,,RAB27A,RAB27A,,RAB27A,RAB27A,RAB27A,,RAB27A,RAB27A,RAB27A,RAB27A,RAB27A,,RAB27A,GATB,RAB27A,RAB27A,RAB27A,,RAB27A,RAB27A,,,,RAB27A,RAB27A,RAB27A,,,RAB27A,,,RAB27A,,RAB27A,RAB27A,,RAB27A,RAB27A,RAB27A,,DERL2,RAB27A,,RAB27A,RAB27A,RAB27A,RAB27A,,RAB27A,RAB27A,RAB27A,,,RAB27A,,,RAB27A,,RAB27A,,RAB27A,RAB27A,,RAB27A,RAB27A
HDHD5,CD5L,HDHD5,,HDHD5,,,,HDHD5,,HDHD5,,,,,PACSIN2,,AASS,,XYLT1,,,,,HDHD5,,HDHD5,HDHD5,,HDHD5,,HDHD5,HDHD5,,HDHD5,HDHD5,,HDHD5,HDHD5,HDHD5,,HDHD5,HDHD5,HDHD5,HDHD5,HDHD5,,HDHD5,GATB,HDHD5,HDHD5,HDHD5,,HDHD5,HDHD5,,,,HDHD5,HDHD5,HDHD5,,,HDHD5,,,HDHD5,,HDHD5,HDHD5,,HDHD5,HDHD5,HDHD5,,SIDT1,HDHD5,,HDHD5,HDHD5,HDHD5,HDHD5,,HDHD5,HDHD5,HDHD5,,,HDHD5,,,HDHD5,,HDHD5,,HDHD5,HDHD5,,HDHD5,HDHD5
UFD1,PTGS2,UFD1,,UFD1,,,,UFD1,,UFD1,,,,,TTLL1,,ADAM7,,PYCARD,,,,,UFD1,,UFD1,UFD1,,UFD1,,UFD1,UFD1,,UFD1,UFD1,,UFD1,UFD1,UFD1,,UFD1,UFD1,UFD1,UFD1,UFD1,,UFD1,GATB,UFD1,UFD1,UFD1,,UFD1,UFD1,,,,UFD1,UFD1,UFD1,,,UFD1,,,UFD1,,UFD1,UFD1,,UFD1,UFD1,UFD1,,NDE1,UFD1,,UFD1,UFD1,UFD1,UFD1,,UFD1,UFD1,UFD1,,,UFD1,,,UFD1,,UFD1,,UFD1,UFD1,,UFD1,UFD1
LRP6,IGF2BP2,LRP6,,LRP6,,,,LRP6,,LRP6,,,,,RASL10A,,KYNU,,RPGRIP1L,,,,,LRP6,,LRP6,LRP6,,LRP6,,LRP6,LRP6,,LRP6,LRP6,,LRP6,LRP6,LRP6,,LRP6,LRP6,LRP6,LRP6,LRP6,,LRP6,GATB,LRP6,LRP6,LRP6,,LRP6,LRP6,,,,LRP6,LRP6,LRP6,,,LRP6,,,LRP6,,LRP6,LRP6,,LRP6,LRP6,LRP6,,IRAG1,LRP6,,LRP6,LRP6,LRP6,LRP6,,LRP6,LRP6,LRP6,,,LRP6,,,LRP6,,LRP6,,LRP6,LRP6,,LRP6,LRP6
GUCY2C,MAP3K13,GUCY2C,,GUCY2C,,,,GUCY2C,,GUCY2C,,,,,AP1B1,,CCL26,,MAZ,,,,,GUCY2C,,GUCY2C,GUCY2C,,GUCY2C,,GUCY2C,GUCY2C,,GUCY2C,GUCY2C,,GUCY2C,GUCY2C,GUCY2C,,GUCY2C,GUCY2C,GUCY2C,GUCY2C,GUCY2C,,GUCY2C,GATB,GUCY2C,GUCY2C,GUCY2C,,GUCY2C,GUCY2C,,,,GUCY2C,GUCY2C,GUCY2C,,,GUCY2C,,,GUCY2C,,GUCY2C,GUCY2C,,GUCY2C,GUCY2C,GUCY2C,,TMEM38A,GUCY2C,,GUCY2C,GUCY2C,GUCY2C,GUCY2C,,GUCY2C,GUCY2C,GUCY2C,,,GUCY2C,,,GUCY2C,,GUCY2C,,GUCY2C,GUCY2C,,GUCY2C,GUCY2C
SCT,ST6GAL1,SCT,,SCT,,,,SCT,,SCT,,,,,HMGXB4,,SELL,,STX4,,,,,SCT,,SCT,SCT,,SCT,,SCT,SCT,,SCT,SCT,,SCT,SCT,SCT,,SCT,SCT,SCT,SCT,SCT,,SCT,GATB,SCT,SCT,SCT,,SCT,SCT,,,,SCT,SCT,SCT,,,SCT,,,SCT,,SCT,SCT,,SCT,SCT,SCT,,AP1M1,SCT,,SCT,SCT,SCT,SCT,,SCT,SCT,SCT,,,SCT,,,SCT,,SCT,,SCT,SCT,,SCT,SCT
PHRF1,TBX21,PHRF1,,PHRF1,,,,PHRF1,,PHRF1,,,,,TOM1,,GIMAP2,,CDIPT,,,,,PHRF1,,PHRF1,PHRF1,,PHRF1,,PHRF1,PHRF1,,PHRF1,PHRF1,,PHRF1,PHRF1,PHRF1,,PHRF1,PHRF1,PHRF1,PHRF1,PHRF1,,PHRF1,GATB,PHRF1,PHRF1,PHRF1,,PHRF1,PHRF1,,,,PHRF1,PHRF1,PHRF1,,,PHRF1,,,PHRF1,,PHRF1,PHRF1,,PHRF1,PHRF1,PHRF1,,PVR,PHRF1,,PHRF1,PHRF1,PHRF1,PHRF1,,PHRF1,PHRF1,PHRF1,,,PHRF1,,,PHRF1,,PHRF1,,PHRF1,PHRF1,,PHRF1,PHRF1
ELP1,FRY,ELP1,,ELP1,,,,ELP1,,ELP1,,,,,NEFH,,IL17RB,,BCKDK,,,,,ELP1,,ELP1,ELP1,,ELP1,,ELP1,ELP1,,ELP1,ELP1,,ELP1,ELP1,ELP1,,ELP1,ELP1,ELP1,ELP1,ELP1,,ELP1,GATB,ELP1,ELP1,ELP1,,ELP1,ELP1,,,,ELP1,ELP1,ELP1,,,ELP1,,,ELP1,,ELP1,ELP1,,ELP1,ELP1,ELP1,,XRCC1,ELP1,,ELP1,ELP1,ELP1,ELP1,,ELP1,ELP1,ELP1,,,ELP1,,,ELP1,,ELP1,,ELP1,ELP1,,ELP1,ELP1
NUCB2,PICALM,NUCB2,,NUCB2,,,,NUCB2,,NUCB2,,,,,CHKB,,CD79B,,KAT8,,,,,NUCB2,,NUCB2,NUCB2,,NUCB2,,NUCB2,NUCB2,,NUCB2,NUCB2,,NUCB2,NUCB2,NUCB2,,NUCB2,NUCB2,NUCB2,NUCB2,NUCB2,,NUCB2,GATB,NUCB2,NUCB2,NUCB2,,NUCB2,NUCB2,,,,NUCB2,NUCB2,NUCB2,,,NUCB2,,,NUCB2,,NUCB2,NUCB2,,NUCB2,NUCB2,NUCB2,,SCARB1,NUCB2,,NUCB2,NUCB2,NUCB2,NUCB2,,NUCB2,NUCB2,NUCB2,,,NUCB2,,,NUCB2,,NUCB2,,NUCB2,NUCB2,,NUCB2,NUCB2
PFN2,NSF,PFN2,,PFN2,,,,PFN2,,PFN2,,,,,BIK,,HGF,,NOMO1,,,,,PFN2,,PFN2,PFN2,,PFN2,,PFN2,PFN2,,PFN2,PFN2,,PFN2,PFN2,PFN2,,PFN2,PFN2,PFN2,PFN2,PFN2,,PFN2,GATB,PFN2,PFN2,PFN2,,PFN2,PFN2,,,,PFN2,PFN2,PFN2,,,PFN2,,,PFN2,,PFN2,PFN2,,PFN2,PFN2,PFN2,,CYP2W1,PFN2,,PFN2,PFN2,PFN2,PFN2,,PFN2,PFN2,PFN2,,,PFN2,,,PFN2,,PFN2,,PFN2,PFN2,,PFN2,PFN2
PTPN3,GLI2,PTPN3,,PTPN3,,,,PTPN3,,PTPN3,,,,,HMOX1,,KYNU,,IL21R,,,,,PTPN3,,PTPN3,PTPN3,,PTPN3,,PTPN3,PTPN3,,PTPN3,PTPN3,,PTPN3,PTPN3,PTPN3,,PTPN3,PTPN3,PTPN3,PTPN3,PTPN3,,PTPN3,GATB,PTPN3,PTPN3,PTPN3,,PTPN3,PTPN3,,,,PTPN3,PTPN3,PTPN3,,,PTPN3,,,PTPN3,,PTPN3,PTPN3,,PTPN3,PTPN3,PTPN3,,MCM2,PTPN3,,PTPN3,PTPN3,PTPN3,PTPN3,,PTPN3,PTPN3,PTPN3,,,PTPN3,,,PTPN3,,PTPN3,,PTPN3,PTPN3,,PTPN3,PTPN3
SPTB,CLASP1,SPTB,,SPTB,,,,SPTB,,SPTB,,,,,MCAT,,CCL1,,SYT17,,,,,SPTB,,SPTB,SPTB,,SPTB,,SPTB,SPTB,,SPTB,SPTB,,SPTB,SPTB,SPTB,,SPTB,SPTB,SPTB,SPTB,SPTB,,SPTB,GATB,SPTB,SPTB,SPTB,,SPTB,SPTB,,,,SPTB,SPTB,SPTB,,,SPTB,,,SPTB,,SPTB,SPTB,,SPTB,SPTB,SPTB,,MOV10L1,SPTB,,SPTB,SPTB,SPTB,SPTB,,SPTB,SPTB,SPTB,,,SPTB,,,SPTB,,SPTB,,SPTB,SPTB,,SPTB,SPTB
DAPP1,NOTCH3,DAPP1,,DAPP1,,,,DAPP1,,DAPP1,,,,,THOC5,,TFRC,,TMC5,,,,,DAPP1,,DAPP1,DAPP1,,DAPP1,,DAPP1,DAPP1,,DAPP1,DAPP1,,DAPP1,DAPP1,DAPP1,,DAPP1,DAPP1,DAPP1,DAPP1,DAPP1,,DAPP1,GATB,DAPP1,DAPP1,DAPP1,,DAPP1,DAPP1,,,,DAPP1,DAPP1,DAPP1,,,DAPP1,,,DAPP1,,DAPP1,DAPP1,,DAPP1,DAPP1,DAPP1,,PANX2,DAPP1,,DAPP1,DAPP1,DAPP1,DAPP1,,DAPP1,DAPP1,DAPP1,,,DAPP1,,,DAPP1,,DAPP1,,DAPP1,DAPP1,,DAPP1,DAPP1
FGF10,CLNS1A,FGF10,,FGF10,,,,FGF10,,FGF10,,,,,MCM5,,SLC7A9,,CCP110,,,,,FGF10,,FGF10,FGF10,,FGF10,,FGF10,FGF10,,FGF10,FGF10,,FGF10,FGF10,FGF10,,FGF10,FGF10,FGF10,FGF10,FGF10,,FGF10,GATB,FGF10,FGF10,FGF10,,FGF10,FGF10,,,,FGF10,FGF10,FGF10,,,FGF10,,,FGF10,,FGF10,FGF10,,FGF10,FGF10,FGF10,,SELENOO,FGF10,,FGF10,FGF10,FGF10,FGF10,,FGF10,FGF10,FGF10,,,FGF10,,,FGF10,,FGF10,,FGF10,FGF10,,FGF10,FGF10
SLC44A1,PPP2R2C,SLC44A1,,SLC44A1,,,,SLC44A1,,SLC44A1,,,,,APOBEC3H,,TRAF3,,VPS35L,,,,,SLC44A1,,SLC44A1,SLC44A1,,SLC44A1,,SLC44A1,SLC44A1,,SLC44A1,SLC44A1,,SLC44A1,SLC44A1,SLC44A1,,SLC44A1,SLC44A1,SLC44A1,SLC44A1,SLC44A1,,SLC44A1,GATB,SLC44A1,SLC44A1,SLC44A1,,SLC44A1,SLC44A1,,,,SLC44A1,SLC44A1,SLC44A1,,,SLC44A1,,,SLC44A1,,SLC44A1,SLC44A1,,SLC44A1,SLC44A1,SLC44A1,,TP63,SLC44A1,,SLC44A1,SLC44A1,SLC44A1,SLC44A1,,SLC44A1,SLC44A1,SLC44A1,,,SLC44A1,,,SLC44A1,,SLC44A1,,SLC44A1,SLC44A1,,SLC44A1,SLC44A1
TMEM260,TEAD2,TMEM260,,TMEM260,,,,TMEM260,,TMEM260,,,,,ARSA,,BTN3A3,,SLC6A2,,,,,TMEM260,,TMEM260,TMEM260,,TMEM260,,TMEM260,TMEM260,,TMEM260,TMEM260,,TMEM260,TMEM260,TMEM260,,TMEM260,TMEM260,TMEM260,TMEM260,TMEM260,,TMEM260,GATB,TMEM260,TMEM260,TMEM260,,TMEM260,TMEM260,,,,TMEM260,TMEM260,TMEM260,,,TMEM260,,,TMEM260,,TMEM260,TMEM260,,TMEM260,TMEM260,TMEM260,,ALPK1,TMEM260,,TMEM260,TMEM260,TMEM260,TMEM260,,TMEM260,TMEM260,TMEM260,,,TMEM260,,,TMEM260,,TMEM260,,TMEM260,TMEM260,,TMEM260,TMEM260
SMG6,EED,SMG6,,SMG6,,,,SMG6,,SMG6,,,,,TSPO,,LGALS8,,RNF40,,,,,SMG6,,SMG6,SMG6,,SMG6,,SMG6,SMG6,,SMG6,SMG6,,SMG6,SMG6,SMG6,,SMG6,SMG6,SMG6,SMG6,SMG6,,SMG6,GATB,SMG6,SMG6,SMG6,,SMG6,SMG6,,,,SMG6,SMG6,SMG6,,,SMG6,,,SMG6,,SMG6,SMG6,,SMG6,SMG6,SMG6,,LLGL2,SMG6,,SMG6,SMG6,SMG6,SMG6,,SMG6,SMG6,SMG6,,,SMG6,,,SMG6,,SMG6,,SMG6,SMG6,,SMG6,SMG6
EXOC5,CDHR2,EXOC5,,EXOC5,,,,EXOC5,,EXOC5,,,,,RASD2,,BIRC2,,KNOP1,,,,,EXOC5,,EXOC5,EXOC5,,EXOC5,,EXOC5,EXOC5,,EXOC5,EXOC5,,EXOC5,EXOC5,EXOC5,,EXOC5,EXOC5,EXOC5,EXOC5,EXOC5,,EXOC5,GATB,EXOC5,EXOC5,EXOC5,,EXOC5,EXOC5,,,,EXOC5,EXOC5,EXOC5,,,EXOC5,,,EXOC5,,EXOC5,EXOC5,,EXOC5,EXOC5,EXOC5,,PDE8A,EXOC5,,EXOC5,EXOC5,EXOC5,EXOC5,,EXOC5,EXOC5,EXOC5,,,EXOC5,,,EXOC5,,EXOC5,,EXOC5,EXOC5,,EXOC5,EXOC5
CLTCL1,SNCB,CLTCL1,,CLTCL1,,,,CLTCL1,,CLTCL1,,,,,TTLL12,,SLAMF7,,AQP9,,,,,CLTCL1,,CLTCL1,CLTCL1,,CLTCL1,,CLTCL1,CLTCL1,,CLTCL1,CLTCL1,,CLTCL1,CLTCL1,CLTCL1,,CLTCL1,CLTCL1,CLTCL1,CLTCL1,CLTCL1,,CLTCL1,GATB,CLTCL1,CLTCL1,CLTCL1,,CLTCL1,CLTCL1,,,,CLTCL1,CLTCL1,CLTCL1,,,CLTCL1,,,CLTCL1,,CLTCL1,CLTCL1,,CLTCL1,CLTCL1,CLTCL1,,NLE1,CLTCL1,,CLTCL1,CLTCL1,CLTCL1,CLTCL1,,CLTCL1,CLTCL1,CLTCL1,,,CLTCL1,,,CLTCL1,,CLTCL1,,CLTCL1,CLTCL1,,CLTCL1,CLTCL1
FGF22,TSG101,FGF22,,FGF22,,,,FGF22,,FGF22,,,,,CBX7,,ITGA2B,,AAGAB,,,,,FGF22,,FGF22,FGF22,,FGF22,,FGF22,FGF22,,FGF22,FGF22,,FGF22,FGF22,FGF22,,FGF22,FGF22,FGF22,FGF22,FGF22,,FGF22,GATB,FGF22,FGF22,FGF22,,FGF22,FGF22,,,,FGF22,FGF22,FGF22,,,FGF22,,,FGF22,,FGF22,FGF22,,FGF22,FGF22,FGF22,,SDHA,FGF22,,FGF22,FGF22,FGF22,FGF22,,FGF22,FGF22,FGF22,,,FGF22,,,FGF22,,FGF22,,FGF22,FGF22,,FGF22,FGF22
FSTL3,NCBP3,FSTL3,,FSTL3,,,,FSTL3,,FSTL3,,,,,PDGFB,,ICAM5,,IQCH,,,,,FSTL3,,FSTL3,FSTL3,,FSTL3,,FSTL3,FSTL3,,FSTL3,FSTL3,,FSTL3,FSTL3,FSTL3,,FSTL3,FSTL3,FSTL3,FSTL3,FSTL3,,FSTL3,GATB,FSTL3,FSTL3,FSTL3,,FSTL3,FSTL3,,,,FSTL3,FSTL3,FSTL3,,,FSTL3,,,FSTL3,,FSTL3,FSTL3,,FSTL3,FSTL3,FSTL3,,SMARCE1,FSTL3,,FSTL3,FSTL3,FSTL3,FSTL3,,FSTL3,FSTL3,FSTL3,,,FSTL3,,,FSTL3,,FSTL3,,FSTL3,FSTL3,,FSTL3,FSTL3
DGCR2,ATP2A3,DGCR2,,DGCR2,,,,DGCR2,,DGCR2,,,,,ACR,,CCL24,,LACTB,,,,,DGCR2,,DGCR2,DGCR2,,DGCR2,,DGCR2,DGCR2,,DGCR2,DGCR2,,DGCR2,DGCR2,DGCR2,,DGCR2,DGCR2,DGCR2,DGCR2,DGCR2,,DGCR2,GATB,DGCR2,DGCR2,DGCR2,,DGCR2,DGCR2,,,,DGCR2,DGCR2,DGCR2,,,DGCR2,,,DGCR2,,DGCR2,DGCR2,,DGCR2,DGCR2,DGCR2,,FNDC8,DGCR2,,DGCR2,DGCR2,DGCR2,DGCR2,,DGCR2,DGCR2,DGCR2,,,DGCR2,,,DGCR2,,DGCR2,,DGCR2,DGCR2,,DGCR2,DGCR2
RNF126,CA12,RNF126,,RNF126,,,,RNF126,,RNF126,,,,,CABP7,,IL27RA,,CORO2B,,,,,RNF126,,RNF126,RNF126,,RNF126,,RNF126,RNF126,,RNF126,RNF126,,RNF126,RNF126,RNF126,,RNF126,RNF126,RNF126,RNF126,RNF126,,RNF126,GATB,RNF126,RNF126,RNF126,,RNF126,RNF126,,,,RNF126,RNF126,RNF126,,,RNF126,,,RNF126,,RNF126,RNF126,,RNF126,RNF126,RNF126,,GSDMB,RNF126,,RNF126,RNF126,RNF126,RNF126,,RNF126,RNF126,RNF126,,,RNF126,,,RNF126,,RNF126,,RNF126,RNF126,,RNF126,RNF126
MNT,MGLL,MNT,,MNT,,,,MNT,,MNT,,,,,ZMAT5,,IL20RA,,CSK,,,,,MNT,,MNT,MNT,,MNT,,MNT,MNT,,MNT,MNT,,MNT,MNT,MNT,,MNT,MNT,MNT,MNT,MNT,,MNT,GATB,MNT,MNT,MNT,,MNT,MNT,,,,MNT,MNT,MNT,,,MNT,,,MNT,,MNT,MNT,,MNT,MNT,MNT,,KDM5A,MNT,,MNT,MNT,MNT,MNT,,MNT,MNT,MNT,,,MNT,,,MNT,,MNT,,MNT,MNT,,MNT,MNT
ZXDC,NTN4,ZXDC,,ZXDC,,,,ZXDC,,ZXDC,,,,,RBFOX2,,TFRC,,HERC1,,,,,ZXDC,,ZXDC,ZXDC,,ZXDC,,ZXDC,ZXDC,,ZXDC,ZXDC,,ZXDC,ZXDC,ZXDC,,ZXDC,ZXDC,ZXDC,ZXDC,ZXDC,,ZXDC,GATB,ZXDC,ZXDC,ZXDC,,ZXDC,ZXDC,,,,ZXDC,ZXDC,ZXDC,,,ZXDC,,,ZXDC,,ZXDC,ZXDC,,ZXDC,ZXDC,ZXDC,,ADAM11,ZXDC,,ZXDC,ZXDC,ZXDC,ZXDC,,ZXDC,ZXDC,ZXDC,,,ZXDC,,,ZXDC,,ZXDC,,ZXDC,ZXDC,,ZXDC,ZXDC
JMJD6,BCS1L,JMJD6,,JMJD6,,,,JMJD6,,JMJD6,,,,,SYNGR1,,FTL,,TRIP4,,,,,JMJD6,,JMJD6,JMJD6,,JMJD6,,JMJD6,JMJD6,,JMJD6,JMJD6,,JMJD6,JMJD6,JMJD6,,JMJD6,JMJD6,JMJD6,JMJD6,JMJD6,,JMJD6,GATB,JMJD6,JMJD6,JMJD6,,JMJD6,JMJD6,,,,JMJD6,JMJD6,JMJD6,,,JMJD6,,,JMJD6,,JMJD6,JMJD6,,JMJD6,JMJD6,JMJD6,,PPP2R3A,JMJD6,,JMJD6,JMJD6,JMJD6,JMJD6,,JMJD6,JMJD6,JMJD6,,,JMJD6,,,JMJD6,,JMJD6,,JMJD6,JMJD6,,JMJD6,JMJD6
POLB,NUAK1,POLB,,POLB,,,,POLB,,POLB,,,,,TAB1,,TFRC,,MTFMT,,,,,POLB,,POLB,POLB,,POLB,,POLB,POLB,,POLB,POLB,,POLB,POLB,POLB,,POLB,POLB,POLB,POLB,POLB,,POLB,GATB,POLB,POLB,POLB,,POLB,POLB,,,,POLB,POLB,POLB,,,POLB,,,POLB,,POLB,POLB,,POLB,POLB,POLB,,FERMT2,POLB,,POLB,POLB,POLB,POLB,,POLB,POLB,POLB,,,POLB,,,POLB,,POLB,,POLB,POLB,,POLB,POLB
ST6GALNAC1,DPP8,ST6GALNAC1,,ST6GALNAC1,,,,ST6GALNAC1,,ST6GALNAC1,,,,,ASCC2,,TNFRSF17,,RASL12,,,,,ST6GALNAC1,,ST6GALNAC1,ST6GALNAC1,,ST6GALNAC1,,ST6GALNAC1,ST6GALNAC1,,ST6GALNAC1,ST6GALNAC1,,ST6GALNAC1,ST6GALNAC1,ST6GALNAC1,,ST6GALNAC1,ST6GALNAC1,ST6GALNAC1,ST6GALNAC1,ST6GALNAC1,,ST6GALNAC1,GATB,ST6GALNAC1,ST6GALNAC1,ST6GALNAC1,,ST6GALNAC1,ST6GALNAC1,,,,ST6GALNAC1,ST6GALNAC1,ST6GALNAC1,,,ST6GALNAC1,,,ST6GALNAC1,,ST6GALNAC1,ST6GALNAC1,,ST6GALNAC1,ST6GALNAC1,ST6GALNAC1,,ABCB11,ST6GALNAC1,,ST6GALNAC1,ST6GALNAC1,ST6GALNAC1,ST6GALNAC1,,ST6GALNAC1,ST6GALNAC1,ST6GALNAC1,,,ST6GALNAC1,,,ST6GALNAC1,,ST6GALNAC1,,ST6GALNAC1,ST6GALNAC1,,ST6GALNAC1,ST6GALNAC1
WIPI1,SLC24A1,WIPI1,,WIPI1,,,,WIPI1,,WIPI1,,,,,MTMR3,,SLAMF1,,AP3B2,,,,,WIPI1,,WIPI1,WIPI1,,WIPI1,,WIPI1,WIPI1,,WIPI1,WIPI1,,WIPI1,WIPI1,WIPI1,,WIPI1,WIPI1,WIPI1,WIPI1,WIPI1,,WIPI1,GATB,WIPI1,WIPI1,WIPI1,,WIPI1,WIPI1,,,,WIPI1,WIPI1,WIPI1,,,WIPI1,,,WIPI1,,WIPI1,WIPI1,,WIPI1,WIPI1,WIPI1,,DHRS9,WIPI1,,WIPI1,WIPI1,WIPI1,WIPI1,,WIPI1,WIPI1,WIPI1,,,WIPI1,,,WIPI1,,WIPI1,,WIPI1,WIPI1,,WIPI1,WIPI1
FRMPD1,ZNF532,FRMPD1,,FRMPD1,,,,FRMPD1,,FRMPD1,,,,,MIEF1,,SLC39A9,,ACSBG1,,,,,FRMPD1,,FRMPD1,FRMPD1,,FRMPD1,,FRMPD1,FRMPD1,,FRMPD1,FRMPD1,,FRMPD1,FRMPD1,FRMPD1,,FRMPD1,FRMPD1,FRMPD1,FRMPD1,FRMPD1,,FRMPD1,GATB,FRMPD1,FRMPD1,FRMPD1,,FRMPD1,FRMPD1,,,,FRMPD1,FRMPD1,FRMPD1,,,FRMPD1,,,FRMPD1,,FRMPD1,FRMPD1,,FRMPD1,FRMPD1,FRMPD1,,CD5L,FRMPD1,,FRMPD1,FRMPD1,FRMPD1,FRMPD1,,FRMPD1,FRMPD1,FRMPD1,,,FRMPD1,,,FRMPD1,,FRMPD1,,FRMPD1,FRMPD1,,FRMPD1,FRMPD1
GBA2,SCARF1,GBA2,,GBA2,,,,GBA2,,GBA2,,,,,APOL4,,LUC7L,,IGDCC4,,,,,GBA2,,GBA2,GBA2,,GBA2,,GBA2,GBA2,,GBA2,GBA2,,GBA2,GBA2,GBA2,,GBA2,GBA2,GBA2,GBA2,GBA2,,GBA2,GATB,GBA2,GBA2,GBA2,,GBA2,GBA2,,,,GBA2,GBA2,GBA2,,,GBA2,,,GBA2,,GBA2,GBA2,,GBA2,GBA2,GBA2,,PTGS2,GBA2,,GBA2,GBA2,GBA2,GBA2,,GBA2,GBA2,GBA2,,,GBA2,,,GBA2,,GBA2,,GBA2,GBA2,,GBA2,GBA2
NDST1,LMAN1,NDST1,,NDST1,,,,NDST1,,NDST1,,,,,PNPLA5,,BTN3A3,,RAB11A,,,,,NDST1,,NDST1,NDST1,,NDST1,,NDST1,NDST1,,NDST1,NDST1,,NDST1,NDST1,NDST1,,NDST1,NDST1,NDST1,NDST1,NDST1,,NDST1,GATB,NDST1,NDST1,NDST1,,NDST1,NDST1,,,,NDST1,NDST1,NDST1,,,NDST1,,,NDST1,,NDST1,NDST1,,NDST1,NDST1,NDST1,,IGF2BP2,NDST1,,NDST1,NDST1,NDST1,NDST1,,NDST1,NDST1,NDST1,,,NDST1,,,NDST1,,NDST1,,NDST1,NDST1,,NDST1,NDST1
ASNS,HACD3,ASNS,,ASNS,,,,ASNS,,ASNS,,,,,APOL1,,SLC7A2,,CTSH,,,,,ASNS,,ASNS,ASNS,,ASNS,,ASNS,ASNS,,ASNS,ASNS,,ASNS,ASNS,ASNS,,ASNS,ASNS,ASNS,ASNS,ASNS,,ASNS,GATB,ASNS,ASNS,ASNS,,ASNS,ASNS,,,,ASNS,ASNS,ASNS,,,ASNS,,,ASNS,,ASNS,ASNS,,ASNS,ASNS,ASNS,,MAP3K13,ASNS,,ASNS,ASNS,ASNS,ASNS,,ASNS,ASNS,ASNS,,,ASNS,,,ASNS,,ASNS,,ASNS,ASNS,,ASNS,ASNS
AP3M2,IPCEF1,AP3M2,,AP3M2,,,,AP3M2,,AP3M2,,,,,PNPLA3,,LYPLA2,,GOLGA8UP,,,,,AP3M2,,AP3M2,AP3M2,,AP3M2,,AP3M2,AP3M2,,AP3M2,AP3M2,,AP3M2,AP3M2,AP3M2,,AP3M2,AP3M2,AP3M2,AP3M2,AP3M2,,AP3M2,GATB,AP3M2,AP3M2,AP3M2,,AP3M2,AP3M2,,,,AP3M2,AP3M2,AP3M2,,,AP3M2,,,AP3M2,,AP3M2,AP3M2,,AP3M2,AP3M2,AP3M2,,ST6GAL1,AP3M2,,AP3M2,AP3M2,AP3M2,AP3M2,,AP3M2,AP3M2,AP3M2,,,AP3M2,,,AP3M2,,AP3M2,,AP3M2,AP3M2,,AP3M2,AP3M2
CNGB1,ZZEF1,CNGB1,,CNGB1,,,,CNGB1,,CNGB1,,,,,MYH9,,BTN2A2,,TTC23,,,,,CNGB1,,CNGB1,CNGB1,,CNGB1,,CNGB1,CNGB1,,CNGB1,CNGB1,,CNGB1,CNGB1,CNGB1,,CNGB1,CNGB1,CNGB1,CNGB1,CNGB1,,CNGB1,GATB,CNGB1,CNGB1,CNGB1,,CNGB1,CNGB1,,,,CNGB1,CNGB1,CNGB1,,,CNGB1,,,CNGB1,,CNGB1,CNGB1,,CNGB1,CNGB1,CNGB1,,TBX21,CNGB1,,CNGB1,CNGB1,CNGB1,CNGB1,,CNGB1,CNGB1,CNGB1,,,CNGB1,,,CNGB1,,CNGB1,,CNGB1,CNGB1,,CNGB1,CNGB1
ST6GALNAC2,NOX3,ST6GALNAC2,,ST6GALNAC2,,,,ST6GALNAC2,,ST6GALNAC2,,,,,CACNA1I,,TNFRSF1A,,CD276,,,,,ST6GALNAC2,,ST6GALNAC2,ST6GALNAC2,,ST6GALNAC2,,ST6GALNAC2,ST6GALNAC2,,ST6GALNAC2,ST6GALNAC2,,ST6GALNAC2,ST6GALNAC2,ST6GALNAC2,,ST6GALNAC2,ST6GALNAC2,ST6GALNAC2,ST6GALNAC2,ST6GALNAC2,,ST6GALNAC2,GATB,ST6GALNAC2,ST6GALNAC2,ST6GALNAC2,,ST6GALNAC2,ST6GALNAC2,,,,ST6GALNAC2,ST6GALNAC2,ST6GALNAC2,,,ST6GALNAC2,,,ST6GALNAC2,,ST6GALNAC2,ST6GALNAC2,,ST6GALNAC2,ST6GALNAC2,ST6GALNAC2,,FRY,ST6GALNAC2,,ST6GALNAC2,ST6GALNAC2,ST6GALNAC2,ST6GALNAC2,,ST6GALNAC2,ST6GALNAC2,ST6GALNAC2,,,ST6GALNAC2,,,ST6GALNAC2,,ST6GALNAC2,,ST6GALNAC2,ST6GALNAC2,,ST6GALNAC2,ST6GALNAC2
CHAT,ENO1,CHAT,,CHAT,,,,CHAT,,CHAT,,,,,SAMM50,,RHBDF1,,FAH,,,,,CHAT,,CHAT,CHAT,,CHAT,,CHAT,CHAT,,CHAT,CHAT,,CHAT,CHAT,CHAT,,CHAT,CHAT,CHAT,CHAT,CHAT,,CHAT,GATB,CHAT,CHAT,CHAT,,CHAT,CHAT,,,,CHAT,CHAT,CHAT,,,CHAT,,,CHAT,,CHAT,CHAT,,CHAT,CHAT,CHAT,,PICALM,CHAT,,CHAT,CHAT,CHAT,CHAT,,CHAT,CHAT,CHAT,,,CHAT,,,CHAT,,CHAT,,CHAT,CHAT,,CHAT,CHAT
PABPC1,SLC12A1,PABPC1,,PABPC1,,,,PABPC1,,PABPC1,,,,,TXN2,,TNIP3,,CEMIP,,,,,PABPC1,,PABPC1,PABPC1,,PABPC1,,PABPC1,PABPC1,,PABPC1,PABPC1,,PABPC1,PABPC1,PABPC1,,PABPC1,PABPC1,PABPC1,PABPC1,PABPC1,,PABPC1,GATB,PABPC1,PABPC1,PABPC1,,PABPC1,PABPC1,,,,PABPC1,PABPC1,PABPC1,,,PABPC1,,,PABPC1,,PABPC1,PABPC1,,PABPC1,PABPC1,PABPC1,,NSF,PABPC1,,PABPC1,PABPC1,PABPC1,PABPC1,,PABPC1,PABPC1,PABPC1,,,PABPC1,,,PABPC1,,PABPC1,,PABPC1,PABPC1,,PABPC1,PABPC1
TESK2,MYDGF,TESK2,,TESK2,,,,TESK2,,TESK2,,,,,FOXRED2,,ICAM3,,RPAP1,,,,,TESK2,,TESK2,TESK2,,TESK2,,TESK2,TESK2,,TESK2,TESK2,,TESK2,TESK2,TESK2,,TESK2,TESK2,TESK2,TESK2,TESK2,,TESK2,GATB,TESK2,TESK2,TESK2,,TESK2,TESK2,,,,TESK2,TESK2,TESK2,,,TESK2,,,TESK2,,TESK2,TESK2,,TESK2,TESK2,TESK2,,GLI2,TESK2,,TESK2,TESK2,TESK2,TESK2,,TESK2,TESK2,TESK2,,,TESK2,,,TESK2,,TESK2,,TESK2,TESK2,,TESK2,TESK2
CFAP20,ANO8,CFAP20,,CFAP20,,,,CFAP20,,CFAP20,,,,,GRAP2,,FTL,,HOMER2,,,,,CFAP20,,CFAP20,CFAP20,,CFAP20,,CFAP20,CFAP20,,CFAP20,CFAP20,,CFAP20,CFAP20,CFAP20,,CFAP20,CFAP20,CFAP20,CFAP20,CFAP20,,CFAP20,GATB,CFAP20,CFAP20,CFAP20,,CFAP20,CFAP20,,,,CFAP20,CFAP20,CFAP20,,,CFAP20,,,CFAP20,,CFAP20,CFAP20,,CFAP20,CFAP20,CFAP20,,CLASP1,CFAP20,,CFAP20,CFAP20,CFAP20,CFAP20,,CFAP20,CFAP20,CFAP20,,,CFAP20,,,CFAP20,,CFAP20,,CFAP20,CFAP20,,CFAP20,CFAP20
CSNK2A2,TUBE1,CSNK2A2,,CSNK2A2,,,,CSNK2A2,,CSNK2A2,,,,,EIF3D,,BTN3A1,,EHD4,,,,,CSNK2A2,,CSNK2A2,CSNK2A2,,CSNK2A2,,CSNK2A2,CSNK2A2,,CSNK2A2,CSNK2A2,,CSNK2A2,CSNK2A2,CSNK2A2,,CSNK2A2,CSNK2A2,CSNK2A2,CSNK2A2,CSNK2A2,,CSNK2A2,GATB,CSNK2A2,CSNK2A2,CSNK2A2,,CSNK2A2,CSNK2A2,,,,CSNK2A2,CSNK2A2,CSNK2A2,,,CSNK2A2,,,CSNK2A2,,CSNK2A2,CSNK2A2,,CSNK2A2,CSNK2A2,CSNK2A2,,NOTCH3,CSNK2A2,,CSNK2A2,CSNK2A2,CSNK2A2,CSNK2A2,,CSNK2A2,CSNK2A2,CSNK2A2,,,CSNK2A2,,,CSNK2A2,,CSNK2A2,,CSNK2A2,CSNK2A2,,CSNK2A2,CSNK2A2
PTPN21,ARHGEF10L,PTPN21,,PTPN21,,,,PTPN21,,PTPN21,,,,,TNRC6B,,TRAF3IP3,,TMEM87A,,,,,PTPN21,,PTPN21,PTPN21,,PTPN21,,PTPN21,PTPN21,,PTPN21,PTPN21,,PTPN21,PTPN21,PTPN21,,PTPN21,PTPN21,PTPN21,PTPN21,PTPN21,,PTPN21,GATB,PTPN21,PTPN21,PTPN21,,PTPN21,PTPN21,,,,PTPN21,PTPN21,PTPN21,,,PTPN21,,,PTPN21,,PTPN21,PTPN21,,PTPN21,PTPN21,PTPN21,,CLNS1A,PTPN21,,PTPN21,PTPN21,PTPN21,PTPN21,,PTPN21,PTPN21,PTPN21,,,PTPN21,,,PTPN21,,PTPN21,,PTPN21,PTPN21,,PTPN21,PTPN21
EIF2B3,TXK,EIF2B3,,EIF2B3,,,,EIF2B3,,EIF2B3,,,,,SGSM3,,PTPRU,,ZNF106,,,,,EIF2B3,,EIF2B3,EIF2B3,,EIF2B3,,EIF2B3,EIF2B3,,EIF2B3,EIF2B3,,EIF2B3,EIF2B3,EIF2B3,,EIF2B3,EIF2B3,EIF2B3,EIF2B3,EIF2B3,,EIF2B3,GATB,EIF2B3,EIF2B3,EIF2B3,,EIF2B3,EIF2B3,,,,EIF2B3,EIF2B3,EIF2B3,,,EIF2B3,,,EIF2B3,,EIF2B3,EIF2B3,,EIF2B3,EIF2B3,EIF2B3,,PPP2R2C,EIF2B3,,EIF2B3,EIF2B3,EIF2B3,EIF2B3,,EIF2B3,EIF2B3,EIF2B3,,,EIF2B3,,,EIF2B3,,EIF2B3,,EIF2B3,EIF2B3,,EIF2B3,EIF2B3
CAMK2A,WSCD2,CAMK2A,,CAMK2A,,,,CAMK2A,,CAMK2A,,,,,IFT27,,FCGRT,,CEP152,,,,,CAMK2A,,CAMK2A,CAMK2A,,CAMK2A,,CAMK2A,CAMK2A,,CAMK2A,CAMK2A,,CAMK2A,CAMK2A,CAMK2A,,CAMK2A,CAMK2A,CAMK2A,CAMK2A,CAMK2A,,CAMK2A,GATB,CAMK2A,CAMK2A,CAMK2A,,CAMK2A,CAMK2A,,,,CAMK2A,CAMK2A,CAMK2A,,,CAMK2A,,,CAMK2A,,CAMK2A,CAMK2A,,CAMK2A,CAMK2A,CAMK2A,,TEAD2,CAMK2A,,CAMK2A,CAMK2A,CAMK2A,CAMK2A,,CAMK2A,CAMK2A,CAMK2A,,,CAMK2A,,,CAMK2A,,CAMK2A,,CAMK2A,CAMK2A,,CAMK2A,CAMK2A
TCOF1,KCNQ2,TCOF1,,TCOF1,,,,TCOF1,,TCOF1,,,,,PVALB,,VEZT,,ATP8B4,,,,,TCOF1,,TCOF1,TCOF1,,TCOF1,,TCOF1,TCOF1,,TCOF1,TCOF1,,TCOF1,TCOF1,TCOF1,,TCOF1,TCOF1,TCOF1,TCOF1,TCOF1,,TCOF1,GATB,TCOF1,TCOF1,TCOF1,,TCOF1,TCOF1,,,,TCOF1,TCOF1,TCOF1,,,TCOF1,,,TCOF1,,TCOF1,TCOF1,,TCOF1,TCOF1,TCOF1,,EED,TCOF1,,TCOF1,TCOF1,TCOF1,TCOF1,,TCOF1,TCOF1,TCOF1,,,TCOF1,,,TCOF1,,TCOF1,,TCOF1,TCOF1,,TCOF1,TCOF1
CDC42,TACR2,CDC42,,CDC42,,,,CDC42,,CDC42,,,,,KIAA0930,,C8B,,OCA2,,,,,CDC42,,CDC42,CDC42,,CDC42,,CDC42,CDC42,,CDC42,CDC42,,CDC42,CDC42,CDC42,,CDC42,CDC42,CDC42,CDC42,CDC42,,CDC42,GATB,CDC42,CDC42,CDC42,,CDC42,CDC42,,,,CDC42,CDC42,CDC42,,,CDC42,,,CDC42,,CDC42,CDC42,,CDC42,CDC42,CDC42,,CDHR2,CDC42,,CDC42,CDC42,CDC42,CDC42,,CDC42,CDC42,CDC42,,,CDC42,,,CDC42,,CDC42,,CDC42,CDC42,,CDC42,CDC42
OSBPL3,ACTR6,OSBPL3,,OSBPL3,,,,OSBPL3,,OSBPL3,,,,,NCF4,,SELL,,DTWD1,,,,,OSBPL3,,OSBPL3,OSBPL3,,OSBPL3,,OSBPL3,OSBPL3,,OSBPL3,OSBPL3,,OSBPL3,OSBPL3,OSBPL3,,OSBPL3,OSBPL3,OSBPL3,OSBPL3,OSBPL3,,OSBPL3,GATB,OSBPL3,OSBPL3,OSBPL3,,OSBPL3,OSBPL3,,,,OSBPL3,OSBPL3,OSBPL3,,,OSBPL3,,,OSBPL3,,OSBPL3,OSBPL3,,OSBPL3,OSBPL3,OSBPL3,,SNCB,OSBPL3,,OSBPL3,OSBPL3,OSBPL3,OSBPL3,,OSBPL3,OSBPL3,OSBPL3,,,OSBPL3,,,OSBPL3,,OSBPL3,,OSBPL3,OSBPL3,,OSBPL3,OSBPL3
EPHA8,TIPIN,EPHA8,,EPHA8,,,,EPHA8,,EPHA8,,,,,CSF2RB,,PGLYRP1,,TGM5,,,,,EPHA8,,EPHA8,EPHA8,,EPHA8,,EPHA8,EPHA8,,EPHA8,EPHA8,,EPHA8,EPHA8,EPHA8,,EPHA8,EPHA8,EPHA8,EPHA8,EPHA8,,EPHA8,GATB,EPHA8,EPHA8,EPHA8,,EPHA8,EPHA8,,,,EPHA8,EPHA8,EPHA8,,,EPHA8,,,EPHA8,,EPHA8,EPHA8,,EPHA8,EPHA8,EPHA8,,TSG101,EPHA8,,EPHA8,EPHA8,EPHA8,EPHA8,,EPHA8,EPHA8,EPHA8,,,EPHA8,,,EPHA8,,EPHA8,,EPHA8,EPHA8,,EPHA8,EPHA8
SLC12A3,SRI,SLC12A3,,SLC12A3,,,,SLC12A3,,SLC12A3,,,,,SLC25A17,,CCL28,,FAM189A1,,,,,SLC12A3,,SLC12A3,SLC12A3,,SLC12A3,,SLC12A3,SLC12A3,,SLC12A3,SLC12A3,,SLC12A3,SLC12A3,SLC12A3,,SLC12A3,SLC12A3,SLC12A3,SLC12A3,SLC12A3,,SLC12A3,GATB,SLC12A3,SLC12A3,SLC12A3,,SLC12A3,SLC12A3,,,,SLC12A3,SLC12A3,SLC12A3,,,SLC12A3,,,SLC12A3,,SLC12A3,SLC12A3,,SLC12A3,SLC12A3,SLC12A3,,NCBP3,SLC12A3,,SLC12A3,SLC12A3,SLC12A3,SLC12A3,,SLC12A3,SLC12A3,SLC12A3,,,SLC12A3,,,SLC12A3,,SLC12A3,,SLC12A3,SLC12A3,,SLC12A3,SLC12A3
RAD18,EIF4G3,RAD18,,RAD18,,,,RAD18,,RAD18,,,,,UPK3A,,SLC6A13,,GABPB1,,,,,RAD18,,RAD18,RAD18,,RAD18,,RAD18,RAD18,,RAD18,RAD18,,RAD18,RAD18,RAD18,,RAD18,RAD18,RAD18,RAD18,RAD18,,RAD18,GATB,RAD18,RAD18,RAD18,,RAD18,RAD18,,,,RAD18,RAD18,RAD18,,,RAD18,,,RAD18,,RAD18,RAD18,,RAD18,RAD18,RAD18,,ATP2A3,RAD18,,RAD18,RAD18,RAD18,RAD18,,RAD18,RAD18,RAD18,,,RAD18,,,RAD18,,RAD18,,RAD18,RAD18,,RAD18,RAD18
ATP2B1,NUP37,ATP2B1,,ATP2B1,,,,ATP2B1,,ATP2B1,,,,,FAM118A,,TRAF3,,TJP1,,,,,ATP2B1,,ATP2B1,ATP2B1,,ATP2B1,,ATP2B1,ATP2B1,,ATP2B1,ATP2B1,,ATP2B1,ATP2B1,ATP2B1,,ATP2B1,ATP2B1,ATP2B1,ATP2B1,ATP2B1,,ATP2B1,GATB,ATP2B1,ATP2B1,ATP2B1,,ATP2B1,ATP2B1,,,,ATP2B1,ATP2B1,ATP2B1,,,ATP2B1,,,ATP2B1,,ATP2B1,ATP2B1,,ATP2B1,ATP2B1,ATP2B1,,CA12,ATP2B1,,ATP2B1,ATP2B1,ATP2B1,ATP2B1,,ATP2B1,ATP2B1,ATP2B1,,,ATP2B1,,,ATP2B1,,ATP2B1,,ATP2B1,ATP2B1,,ATP2B1,ATP2B1
TRPM5,SEMA3A,TRPM5,,TRPM5,,,,TRPM5,,TRPM5,,,,,KCTD17,,KYNU,,BMF,,,,,TRPM5,,TRPM5,TRPM5,,TRPM5,,TRPM5,TRPM5,,TRPM5,TRPM5,,TRPM5,TRPM5,TRPM5,,TRPM5,TRPM5,TRPM5,TRPM5,TRPM5,,TRPM5,GATB,TRPM5,TRPM5,TRPM5,,TRPM5,TRPM5,,,,TRPM5,TRPM5,TRPM5,,,TRPM5,,,TRPM5,,TRPM5,TRPM5,,TRPM5,TRPM5,TRPM5,,MGLL,TRPM5,,TRPM5,TRPM5,TRPM5,TRPM5,,TRPM5,TRPM5,TRPM5,,,TRPM5,,,TRPM5,,TRPM5,,TRPM5,TRPM5,,TRPM5,TRPM5
NCK2,GTSE1,NCK2,,NCK2,,,,NCK2,,NCK2,,,,,ST13,,IL34,,DMXL2,,,,,NCK2,,NCK2,NCK2,,NCK2,,NCK2,NCK2,,NCK2,NCK2,,NCK2,NCK2,NCK2,,NCK2,NCK2,NCK2,NCK2,NCK2,,NCK2,GATB,NCK2,NCK2,NCK2,,NCK2,NCK2,,,,NCK2,NCK2,NCK2,,,NCK2,,,NCK2,,NCK2,NCK2,,NCK2,NCK2,NCK2,,NTN4,NCK2,,NCK2,NCK2,NCK2,NCK2,,NCK2,NCK2,NCK2,,,NCK2,,,NCK2,,NCK2,,NCK2,NCK2,,NCK2,NCK2
MAP4K4,SEMA3C,MAP4K4,,MAP4K4,,,,MAP4K4,,MAP4K4,,,,,IL2RB,,CD38,,SCG3,,,,,MAP4K4,,MAP4K4,MAP4K4,,MAP4K4,,MAP4K4,MAP4K4,,MAP4K4,MAP4K4,,MAP4K4,MAP4K4,MAP4K4,,MAP4K4,MAP4K4,MAP4K4,MAP4K4,MAP4K4,,MAP4K4,GATB,MAP4K4,MAP4K4,MAP4K4,,MAP4K4,MAP4K4,,,,MAP4K4,MAP4K4,MAP4K4,,,MAP4K4,,,MAP4K4,,MAP4K4,MAP4K4,,MAP4K4,MAP4K4,MAP4K4,,BCS1L,MAP4K4,,MAP4K4,MAP4K4,MAP4K4,MAP4K4,,MAP4K4,MAP4K4,MAP4K4,,,MAP4K4,,,MAP4K4,,MAP4K4,,MAP4K4,MAP4K4,,MAP4K4,MAP4K4
MGAT4A,TTC38,MGAT4A,,MGAT4A,,,,MGAT4A,,MGAT4A,,,,,RBX1,,SLC4A1,,DNAJC17,,,,,MGAT4A,,MGAT4A,MGAT4A,,MGAT4A,,MGAT4A,MGAT4A,,MGAT4A,MGAT4A,,MGAT4A,MGAT4A,MGAT4A,,MGAT4A,MGAT4A,MGAT4A,MGAT4A,MGAT4A,,MGAT4A,GATB,MGAT4A,MGAT4A,MGAT4A,,MGAT4A,MGAT4A,,,,MGAT4A,MGAT4A,MGAT4A,,,MGAT4A,,,MGAT4A,,MGAT4A,MGAT4A,,MGAT4A,MGAT4A,MGAT4A,,NUAK1,MGAT4A,,MGAT4A,MGAT4A,MGAT4A,MGAT4A,,MGAT4A,MGAT4A,MGAT4A,,,MGAT4A,,,MGAT4A,,MGAT4A,,MGAT4A,MGAT4A,,MGAT4A,MGAT4A
WDR1,ACAT1,WDR1,,WDR1,,,,WDR1,,WDR1,,,,,EP300,,HFE,,EIF3J,,,,,WDR1,,WDR1,WDR1,,WDR1,,WDR1,WDR1,,WDR1,WDR1,,WDR1,WDR1,WDR1,,WDR1,WDR1,WDR1,WDR1,WDR1,,WDR1,GATB,WDR1,WDR1,WDR1,,WDR1,WDR1,,,,WDR1,WDR1,WDR1,,,WDR1,,,WDR1,,WDR1,WDR1,,WDR1,WDR1,WDR1,,DPP8,WDR1,,WDR1,WDR1,WDR1,WDR1,,WDR1,WDR1,WDR1,,,WDR1,,,WDR1,,WDR1,,WDR1,WDR1,,WDR1,WDR1
SNX13,GRAMD4,SNX13,,SNX13,,,,SNX13,,SNX13,,,,,L3MBTL2,,SLC4A1,,SPG11,,,,,SNX13,,SNX13,SNX13,,SNX13,,SNX13,SNX13,,SNX13,SNX13,,SNX13,SNX13,SNX13,,SNX13,SNX13,SNX13,SNX13,SNX13,,SNX13,GATB,SNX13,SNX13,SNX13,,SNX13,SNX13,,,,SNX13,SNX13,SNX13,,,SNX13,,,SNX13,,SNX13,SNX13,,SNX13,SNX13,SNX13,,SLC24A1,SNX13,,SNX13,SNX13,SNX13,SNX13,,SNX13,SNX13,SNX13,,,SNX13,,,SNX13,,SNX13,,SNX13,SNX13,,SNX13,SNX13
MS4A12,CELSR1,MS4A12,,MS4A12,,,,MS4A12,,MS4A12,,,,,CHADL,,FTL,,RHOV,,,,,MS4A12,,MS4A12,MS4A12,,MS4A12,,MS4A12,MS4A12,,MS4A12,MS4A12,,MS4A12,MS4A12,MS4A12,,MS4A12,MS4A12,MS4A12,MS4A12,MS4A12,,MS4A12,GATB,MS4A12,MS4A12,MS4A12,,MS4A12,MS4A12,,,,MS4A12,MS4A12,MS4A12,,,MS4A12,,,MS4A12,,MS4A12,MS4A12,,MS4A12,MS4A12,MS4A12,,ZNF532,MS4A12,,MS4A12,MS4A12,MS4A12,MS4A12,,MS4A12,MS4A12,MS4A12,,,MS4A12,,,MS4A12,,MS4A12,,MS4A12,MS4A12,,MS4A12,MS4A12
ARHGAP10,WNT8B,ARHGAP10,,ARHGAP10,,,,ARHGAP10,,ARHGAP10,,,,,RANGAP1,,RHBDF1,,VPS18,,,,,ARHGAP10,,ARHGAP10,ARHGAP10,,ARHGAP10,,ARHGAP10,ARHGAP10,,ARHGAP10,ARHGAP10,,ARHGAP10,ARHGAP10,ARHGAP10,,ARHGAP10,ARHGAP10,ARHGAP10,ARHGAP10,ARHGAP10,,ARHGAP10,GATB,ARHGAP10,ARHGAP10,ARHGAP10,,ARHGAP10,ARHGAP10,,,,ARHGAP10,ARHGAP10,ARHGAP10,,,ARHGAP10,,,ARHGAP10,,ARHGAP10,ARHGAP10,,ARHGAP10,ARHGAP10,ARHGAP10,,SCARF1,ARHGAP10,,ARHGAP10,ARHGAP10,ARHGAP10,ARHGAP10,,ARHGAP10,ARHGAP10,ARHGAP10,,,ARHGAP10,,,ARHGAP10,,ARHGAP10,,ARHGAP10,ARHGAP10,,ARHGAP10,ARHGAP10
RPS6KA2,ZNF638,RPS6KA2,,RPS6KA2,,,,RPS6KA2,,RPS6KA2,,,,,ZC3H7B,,SLAMF7,,OIP5,,,,,RPS6KA2,,RPS6KA2,RPS6KA2,,RPS6KA2,,RPS6KA2,RPS6KA2,,RPS6KA2,RPS6KA2,,RPS6KA2,RPS6KA2,RPS6KA2,,RPS6KA2,RPS6KA2,RPS6KA2,RPS6KA2,RPS6KA2,,RPS6KA2,GATB,RPS6KA2,RPS6KA2,RPS6KA2,,RPS6KA2,RPS6KA2,,,,RPS6KA2,RPS6KA2,RPS6KA2,,,RPS6KA2,,,RPS6KA2,,RPS6KA2,RPS6KA2,,RPS6KA2,RPS6KA2,RPS6KA2,,LMAN1,RPS6KA2,,RPS6KA2,RPS6KA2,RPS6KA2,RPS6KA2,,RPS6KA2,RPS6KA2,RPS6KA2,,,RPS6KA2,,,RPS6KA2,,RPS6KA2,,RPS6KA2,RPS6KA2,,RPS6KA2,RPS6KA2
ING3,SLC25A40,ING3,,ING3,,,,ING3,,ING3,,,,,PHF5A,,ICA1,,SLC30A4,,,,,ING3,,ING3,ING3,,ING3,,ING3,ING3,,ING3,ING3,,ING3,ING3,ING3,,ING3,ING3,ING3,ING3,ING3,,ING3,GATB,ING3,ING3,ING3,,ING3,ING3,,,,ING3,ING3,ING3,,,ING3,,,ING3,,ING3,ING3,,ING3,ING3,ING3,,HACD3,ING3,,ING3,ING3,ING3,ING3,,ING3,ING3,ING3,,,ING3,,,ING3,,ING3,,ING3,ING3,,ING3,ING3
VASH1,TIMM21,VASH1,,VASH1,,,,VASH1,,VASH1,,,,,ACO2,,AASS,,BLOC1S6,,,,,VASH1,,VASH1,VASH1,,VASH1,,VASH1,VASH1,,VASH1,VASH1,,VASH1,VASH1,VASH1,,VASH1,VASH1,VASH1,VASH1,VASH1,,VASH1,GATB,VASH1,VASH1,VASH1,,VASH1,VASH1,,,,VASH1,VASH1,VASH1,,,VASH1,,,VASH1,,VASH1,VASH1,,VASH1,VASH1,VASH1,,IPCEF1,VASH1,,VASH1,VASH1,VASH1,VASH1,,VASH1,VASH1,VASH1,,,VASH1,,,VASH1,,VASH1,,VASH1,VASH1,,VASH1,VASH1
LMCD1,ADD2,LMCD1,,LMCD1,,,,LMCD1,,LMCD1,,,,,POLR3H,,ADAMTS2,,MYEF2,,,,,LMCD1,,LMCD1,LMCD1,,LMCD1,,LMCD1,LMCD1,,LMCD1,LMCD1,,LMCD1,LMCD1,LMCD1,,LMCD1,LMCD1,LMCD1,LMCD1,LMCD1,,LMCD1,GATB,LMCD1,LMCD1,LMCD1,,LMCD1,LMCD1,,,,LMCD1,LMCD1,LMCD1,,,LMCD1,,,LMCD1,,LMCD1,LMCD1,,LMCD1,LMCD1,LMCD1,,ZZEF1,LMCD1,,LMCD1,LMCD1,LMCD1,LMCD1,,LMCD1,LMCD1,LMCD1,,,LMCD1,,,LMCD1,,LMCD1,,LMCD1,LMCD1,,LMCD1,LMCD1
BUD23,FGF4,BUD23,,BUD23,,,,BUD23,,BUD23,,,,,TRMU,,TRAF3IP2,,SGK3,,,,,BUD23,,BUD23,BUD23,,BUD23,,BUD23,BUD23,,BUD23,BUD23,,BUD23,BUD23,BUD23,,BUD23,BUD23,BUD23,BUD23,BUD23,,BUD23,GATB,BUD23,BUD23,BUD23,,BUD23,BUD23,,,,BUD23,BUD23,BUD23,,,BUD23,,,BUD23,,BUD23,BUD23,,BUD23,BUD23,BUD23,,NOX3,BUD23,,BUD23,BUD23,BUD23,BUD23,,BUD23,BUD23,BUD23,,,BUD23,,,BUD23,,BUD23,,BUD23,BUD23,,BUD23,BUD23
SEL1L,RASAL2,SEL1L,,SEL1L,,,,SEL1L,,SEL1L,,,,,PMM1,,FTL,,PDGFRL,,,,,SEL1L,,SEL1L,SEL1L,,SEL1L,,SEL1L,SEL1L,,SEL1L,SEL1L,,SEL1L,SEL1L,SEL1L,,SEL1L,SEL1L,SEL1L,SEL1L,SEL1L,,SEL1L,GATB,SEL1L,SEL1L,SEL1L,,SEL1L,SEL1L,,,,SEL1L,SEL1L,SEL1L,,,SEL1L,,,SEL1L,,SEL1L,SEL1L,,SEL1L,SEL1L,SEL1L,,ENO1,SEL1L,,SEL1L,SEL1L,SEL1L,SEL1L,,SEL1L,SEL1L,SEL1L,,,SEL1L,,,SEL1L,,SEL1L,,SEL1L,SEL1L,,SEL1L,SEL1L
TRIP13,VPS9D1,TRIP13,,TRIP13,,,,TRIP13,,TRIP13,,,,,DESI1,,TFEC,,CSPP1,,,,,TRIP13,,TRIP13,TRIP13,,TRIP13,,TRIP13,TRIP13,,TRIP13,TRIP13,,TRIP13,TRIP13,TRIP13,,TRIP13,TRIP13,TRIP13,TRIP13,TRIP13,,TRIP13,GATB,TRIP13,TRIP13,TRIP13,,TRIP13,TRIP13,,,,TRIP13,TRIP13,TRIP13,,,TRIP13,,,TRIP13,,TRIP13,TRIP13,,TRIP13,TRIP13,TRIP13,,SLC12A1,TRIP13,,TRIP13,TRIP13,TRIP13,TRIP13,,TRIP13,TRIP13,TRIP13,,,TRIP13,,,TRIP13,,TRIP13,,TRIP13,TRIP13,,TRIP13,TRIP13
TCF3,ZNF37A,TCF3,,TCF3,,,,TCF3,,TCF3,,,,,CERK,,LYZL1,,ZDHHC2,,,,,TCF3,,TCF3,TCF3,,TCF3,,TCF3,TCF3,,TCF3,TCF3,,TCF3,TCF3,TCF3,,TCF3,TCF3,TCF3,TCF3,TCF3,,TCF3,GATB,TCF3,TCF3,TCF3,,TCF3,TCF3,,,,TCF3,TCF3,TCF3,,,TCF3,,,TCF3,,TCF3,TCF3,,TCF3,TCF3,TCF3,,MYDGF,TCF3,,TCF3,TCF3,TCF3,TCF3,,TCF3,TCF3,TCF3,,,TCF3,,,TCF3,,TCF3,,TCF3,TCF3,,TCF3,TCF3
TRIB2,MARK3,TRIB2,,TRIB2,,,,TRIB2,,TRIB2,,,,,BRD1,,TFRC,,BRF2,,,,,TRIB2,,TRIB2,TRIB2,,TRIB2,,TRIB2,TRIB2,,TRIB2,TRIB2,,TRIB2,TRIB2,TRIB2,,TRIB2,TRIB2,TRIB2,TRIB2,TRIB2,,TRIB2,GATB,TRIB2,TRIB2,TRIB2,,TRIB2,TRIB2,,,,TRIB2,TRIB2,TRIB2,,,TRIB2,,,TRIB2,,TRIB2,TRIB2,,TRIB2,TRIB2,TRIB2,,ANO8,TRIB2,,TRIB2,TRIB2,TRIB2,TRIB2,,TRIB2,TRIB2,TRIB2,,,TRIB2,,,TRIB2,,TRIB2,,TRIB2,TRIB2,,TRIB2,TRIB2
DAZAP1,SLC25A3,DAZAP1,,DAZAP1,,,,DAZAP1,,DAZAP1,,,,,ZBED4,,TNFRSF12A,,TRIM35,,,,,DAZAP1,,DAZAP1,DAZAP1,,DAZAP1,,DAZAP1,DAZAP1,,DAZAP1,DAZAP1,,DAZAP1,DAZAP1,DAZAP1,,DAZAP1,DAZAP1,DAZAP1,DAZAP1,DAZAP1,,DAZAP1,GATB,DAZAP1,DAZAP1,DAZAP1,,DAZAP1,DAZAP1,,,,DAZAP1,DAZAP1,DAZAP1,,,DAZAP1,,,DAZAP1,,DAZAP1,DAZAP1,,DAZAP1,DAZAP1,DAZAP1,,TUBE1,DAZAP1,,DAZAP1,DAZAP1,DAZAP1,DAZAP1,,DAZAP1,DAZAP1,DAZAP1,,,DAZAP1,,,DAZAP1,,DAZAP1,,DAZAP1,DAZAP1,,DAZAP1,DAZAP1
MBD3,FNDC3B,MBD3,,MBD3,,,,MBD3,,MBD3,,,,,MLC1,,TFRC,,ZFAND1,,,,,MBD3,,MBD3,MBD3,,MBD3,,MBD3,MBD3,,MBD3,MBD3,,MBD3,MBD3,MBD3,,MBD3,MBD3,MBD3,MBD3,MBD3,,MBD3,GATB,MBD3,MBD3,MBD3,,MBD3,MBD3,,,,MBD3,MBD3,MBD3,,,MBD3,,,MBD3,,MBD3,MBD3,,MBD3,MBD3,MBD3,,ARHGEF10L,MBD3,,MBD3,MBD3,MBD3,MBD3,,MBD3,MBD3,MBD3,,,MBD3,,,MBD3,,MBD3,,MBD3,MBD3,,MBD3,MBD3
PRLH,FOSL2,PRLH,,PRLH,,,,PRLH,,PRLH,,,,,HDAC10,,SPPL2B,,RP1,,,,,PRLH,,PRLH,PRLH,,PRLH,,PRLH,PRLH,,PRLH,PRLH,,PRLH,PRLH,PRLH,,PRLH,PRLH,PRLH,PRLH,PRLH,,PRLH,GATB,PRLH,PRLH,PRLH,,PRLH,PRLH,,,,PRLH,PRLH,PRLH,,,PRLH,,,PRLH,,PRLH,PRLH,,PRLH,PRLH,PRLH,,TXK,PRLH,,PRLH,PRLH,PRLH,PRLH,,PRLH,PRLH,PRLH,,,PRLH,,,PRLH,,PRLH,,PRLH,PRLH,,PRLH,PRLH
HLTF,CACNG5,HLTF,,HLTF,,,,HLTF,,HLTF,,,,,KCNK10,,TRAF3,,CA2,,,,,HLTF,,HLTF,HLTF,,HLTF,,HLTF,HLTF,,HLTF,HLTF,,HLTF,HLTF,HLTF,,HLTF,HLTF,HLTF,HLTF,HLTF,,HLTF,GATB,HLTF,HLTF,HLTF,,HLTF,HLTF,,,,HLTF,HLTF,HLTF,,,HLTF,,,HLTF,,HLTF,HLTF,,HLTF,HLTF,HLTF,,WSCD2,HLTF,,HLTF,HLTF,HLTF,HLTF,,HLTF,HLTF,HLTF,,,HLTF,,,HLTF,,HLTF,,HLTF,HLTF,,HLTF,HLTF
CPSF1,CACNG4,CPSF1,,CPSF1,,,,CPSF1,,CPSF1,,,,,ABHD4,,CD37,,FZD3,,,,,CPSF1,,CPSF1,CPSF1,,CPSF1,,CPSF1,CPSF1,,CPSF1,CPSF1,,CPSF1,CPSF1,CPSF1,,CPSF1,CPSF1,CPSF1,CPSF1,CPSF1,,CPSF1,GATB,CPSF1,CPSF1,CPSF1,,CPSF1,CPSF1,,,,CPSF1,CPSF1,CPSF1,,,CPSF1,,,CPSF1,,CPSF1,CPSF1,,CPSF1,CPSF1,CPSF1,,KCNQ2,CPSF1,,CPSF1,CPSF1,CPSF1,CPSF1,,CPSF1,CPSF1,CPSF1,,,CPSF1,,,CPSF1,,CPSF1,,CPSF1,CPSF1,,CPSF1,CPSF1
MYO3B,FRYL,MYO3B,,MYO3B,,,,MYO3B,,MYO3B,,,,,KHNYN,,SERPINB3,,INTS9,,,,,MYO3B,,MYO3B,MYO3B,,MYO3B,,MYO3B,MYO3B,,MYO3B,MYO3B,,MYO3B,MYO3B,MYO3B,,MYO3B,MYO3B,MYO3B,MYO3B,MYO3B,,MYO3B,GATB,MYO3B,MYO3B,MYO3B,,MYO3B,MYO3B,,,,MYO3B,MYO3B,MYO3B,,,MYO3B,,,MYO3B,,MYO3B,MYO3B,,MYO3B,MYO3B,MYO3B,,TACR2,MYO3B,,MYO3B,MYO3B,MYO3B,MYO3B,,MYO3B,MYO3B,MYO3B,,,MYO3B,,,MYO3B,,MYO3B,,MYO3B,MYO3B,,MYO3B,MYO3B
CYBRD1,TMEM131,CYBRD1,,CYBRD1,,,,CYBRD1,,CYBRD1,,,,,FKBP3,,SLC1A3,,RIPK2,,,,,CYBRD1,,CYBRD1,CYBRD1,,CYBRD1,,CYBRD1,CYBRD1,,CYBRD1,CYBRD1,,CYBRD1,CYBRD1,CYBRD1,,CYBRD1,CYBRD1,CYBRD1,CYBRD1,CYBRD1,,CYBRD1,GATB,CYBRD1,CYBRD1,CYBRD1,,CYBRD1,CYBRD1,,,,CYBRD1,CYBRD1,CYBRD1,,,CYBRD1,,,CYBRD1,,CYBRD1,CYBRD1,,CYBRD1,CYBRD1,CYBRD1,,ACTR6,CYBRD1,,CYBRD1,CYBRD1,CYBRD1,CYBRD1,,CYBRD1,CYBRD1,CYBRD1,,,CYBRD1,,,CYBRD1,,CYBRD1,,CYBRD1,CYBRD1,,CYBRD1,CYBRD1
CDH19,FSCN1,CDH19,,CDH19,,,,CDH19,,CDH19,,,,,SDR39U1,,BTNL8,,EYA1,,,,,CDH19,,CDH19,CDH19,,CDH19,,CDH19,CDH19,,CDH19,CDH19,,CDH19,CDH19,CDH19,,CDH19,CDH19,CDH19,CDH19,CDH19,,CDH19,GATB,CDH19,CDH19,CDH19,,CDH19,CDH19,,,,CDH19,CDH19,CDH19,,,CDH19,,,CDH19,,CDH19,CDH19,,CDH19,CDH19,CDH19,,TIPIN,CDH19,,CDH19,CDH19,CDH19,CDH19,,CDH19,CDH19,CDH19,,,CDH19,,,CDH19,,CDH19,,CDH19,CDH19,,CDH19,CDH19
PDCD2,ACTB,PDCD2,,PDCD2,,,,PDCD2,,PDCD2,,,,,CTSG,,KYNU,,NBN,,,,,PDCD2,,PDCD2,PDCD2,,PDCD2,,PDCD2,PDCD2,,PDCD2,PDCD2,,PDCD2,PDCD2,PDCD2,,PDCD2,PDCD2,PDCD2,PDCD2,PDCD2,,PDCD2,GATB,PDCD2,PDCD2,PDCD2,,PDCD2,PDCD2,,,,PDCD2,PDCD2,PDCD2,,,PDCD2,,,PDCD2,,PDCD2,PDCD2,,PDCD2,PDCD2,PDCD2,,SRI,PDCD2,,PDCD2,PDCD2,PDCD2,PDCD2,,PDCD2,PDCD2,PDCD2,,,PDCD2,,,PDCD2,,PDCD2,,PDCD2,PDCD2,,PDCD2,PDCD2
SLC6A15,MOCOS,SLC6A15,,SLC6A15,,,,SLC6A15,,SLC6A15,,,,,GZMH,,FTL,,TRPA1,,,,,SLC6A15,,SLC6A15,SLC6A15,,SLC6A15,,SLC6A15,SLC6A15,,SLC6A15,SLC6A15,,SLC6A15,SLC6A15,SLC6A15,,SLC6A15,SLC6A15,SLC6A15,SLC6A15,SLC6A15,,SLC6A15,GATB,SLC6A15,SLC6A15,SLC6A15,,SLC6A15,SLC6A15,,,,SLC6A15,SLC6A15,SLC6A15,,,SLC6A15,,,SLC6A15,,SLC6A15,SLC6A15,,SLC6A15,SLC6A15,SLC6A15,,EIF4G3,SLC6A15,,SLC6A15,SLC6A15,SLC6A15,SLC6A15,,SLC6A15,SLC6A15,SLC6A15,,,SLC6A15,,,SLC6A15,,SLC6A15,,SLC6A15,SLC6A15,,SLC6A15,SLC6A15
RDH11,PLD1,RDH11,,RDH11,,,,RDH11,,RDH11,,,,,GZMB,,KYNU,,CPQ,,,,,RDH11,,RDH11,RDH11,,RDH11,,RDH11,RDH11,,RDH11,RDH11,,RDH11,RDH11,RDH11,,RDH11,RDH11,RDH11,RDH11,RDH11,,RDH11,GATB,RDH11,RDH11,RDH11,,RDH11,RDH11,,,,RDH11,RDH11,RDH11,,,RDH11,,,RDH11,,RDH11,RDH11,,RDH11,RDH11,RDH11,,NUP37,RDH11,,RDH11,RDH11,RDH11,RDH11,,RDH11,RDH11,RDH11,,,RDH11,,,RDH11,,RDH11,,RDH11,RDH11,,RDH11,RDH11
PRKACA,ATP12A,PRKACA,,PRKACA,,,,PRKACA,,PRKACA,,,,,RBM23,,LTF,,DECR1,,,,,PRKACA,,PRKACA,PRKACA,,PRKACA,,PRKACA,PRKACA,,PRKACA,PRKACA,,PRKACA,PRKACA,PRKACA,,PRKACA,PRKACA,PRKACA,PRKACA,PRKACA,,PRKACA,GATB,PRKACA,PRKACA,PRKACA,,PRKACA,PRKACA,,,,PRKACA,PRKACA,PRKACA,,,PRKACA,,,PRKACA,,PRKACA,PRKACA,,PRKACA,PRKACA,PRKACA,,SEMA3A,PRKACA,,PRKACA,PRKACA,PRKACA,PRKACA,,PRKACA,PRKACA,PRKACA,,,PRKACA,,,PRKACA,,PRKACA,,PRKACA,PRKACA,,PRKACA,PRKACA
ADGRL1,WDR62,ADGRL1,,ADGRL1,,,,ADGRL1,,ADGRL1,,,,,PRMT5,,TFEC,,CALB1,,,,,ADGRL1,,ADGRL1,ADGRL1,,ADGRL1,,ADGRL1,ADGRL1,,ADGRL1,ADGRL1,,ADGRL1,ADGRL1,ADGRL1,,ADGRL1,ADGRL1,ADGRL1,ADGRL1,ADGRL1,,ADGRL1,GATB,ADGRL1,ADGRL1,ADGRL1,,ADGRL1,ADGRL1,,,,ADGRL1,ADGRL1,ADGRL1,,,ADGRL1,,,ADGRL1,,ADGRL1,ADGRL1,,ADGRL1,ADGRL1,ADGRL1,,GTSE1,ADGRL1,,ADGRL1,ADGRL1,ADGRL1,ADGRL1,,ADGRL1,ADGRL1,ADGRL1,,,ADGRL1,,,ADGRL1,,ADGRL1,,ADGRL1,ADGRL1,,ADGRL1,ADGRL1
SPP2,DLG1,SPP2,,SPP2,,,,SPP2,,SPP2,,,,,COCH,,SLC4A7,,BPNT2,,,,,SPP2,,SPP2,SPP2,,SPP2,,SPP2,SPP2,,SPP2,SPP2,,SPP2,SPP2,SPP2,,SPP2,SPP2,SPP2,SPP2,SPP2,,SPP2,GATB,SPP2,SPP2,SPP2,,SPP2,SPP2,,,,SPP2,SPP2,SPP2,,,SPP2,,,SPP2,,SPP2,SPP2,,SPP2,SPP2,SPP2,,SEMA3C,SPP2,,SPP2,SPP2,SPP2,SPP2,,SPP2,SPP2,SPP2,,,SPP2,,,SPP2,,SPP2,,SPP2,SPP2,,SPP2,SPP2
ACTN1,RAB7A,ACTN1,,ACTN1,,,,ACTN1,,ACTN1,,,,,AP4S1,,PIGQ,,SFRP1,,,,,ACTN1,,ACTN1,ACTN1,,ACTN1,,ACTN1,ACTN1,,ACTN1,ACTN1,,ACTN1,ACTN1,ACTN1,,ACTN1,ACTN1,ACTN1,ACTN1,ACTN1,,ACTN1,GATB,ACTN1,ACTN1,ACTN1,,ACTN1,ACTN1,,,,ACTN1,ACTN1,ACTN1,,,ACTN1,,,ACTN1,,ACTN1,ACTN1,,ACTN1,ACTN1,ACTN1,,TTC38,ACTN1,,ACTN1,ACTN1,ACTN1,ACTN1,,ACTN1,ACTN1,ACTN1,,,ACTN1,,,ACTN1,,ACTN1,,ACTN1,ACTN1,,ACTN1,ACTN1
ZFYVE26,BCAP29,ZFYVE26,,ZFYVE26,,,,ZFYVE26,,ZFYVE26,,,,,POLE2,,HFE,,LAPTM4B,,,,,ZFYVE26,,ZFYVE26,ZFYVE26,,ZFYVE26,,ZFYVE26,ZFYVE26,,ZFYVE26,ZFYVE26,,ZFYVE26,ZFYVE26,ZFYVE26,,ZFYVE26,ZFYVE26,ZFYVE26,ZFYVE26,ZFYVE26,,ZFYVE26,GATB,ZFYVE26,ZFYVE26,ZFYVE26,,ZFYVE26,ZFYVE26,,,,ZFYVE26,ZFYVE26,ZFYVE26,,,ZFYVE26,,,ZFYVE26,,ZFYVE26,ZFYVE26,,ZFYVE26,ZFYVE26,ZFYVE26,,ACAT1,ZFYVE26,,ZFYVE26,ZFYVE26,ZFYVE26,ZFYVE26,,ZFYVE26,ZFYVE26,ZFYVE26,,,ZFYVE26,,,ZFYVE26,,ZFYVE26,,ZFYVE26,ZFYVE26,,ZFYVE26,ZFYVE26
EPN2,SEC31B,EPN2,,EPN2,,,,EPN2,,EPN2,,,,,VCPKMT,,IL12RB1,,UBE2W,,,,,EPN2,,EPN2,EPN2,,EPN2,,EPN2,EPN2,,EPN2,EPN2,,EPN2,EPN2,EPN2,,EPN2,EPN2,EPN2,EPN2,EPN2,,EPN2,GATB,EPN2,EPN2,EPN2,,EPN2,EPN2,,,,EPN2,EPN2,EPN2,,,EPN2,,,EPN2,,EPN2,EPN2,,EPN2,EPN2,EPN2,,GRAMD4,EPN2,,EPN2,EPN2,EPN2,EPN2,,EPN2,EPN2,EPN2,,,EPN2,,,EPN2,,EPN2,,EPN2,EPN2,,EPN2,EPN2
PTPN18,SART3,PTPN18,,PTPN18,,,,PTPN18,,PTPN18,,,,,SOS2,,AQR,,POP1,,,,,PTPN18,,PTPN18,PTPN18,,PTPN18,,PTPN18,PTPN18,,PTPN18,PTPN18,,PTPN18,PTPN18,PTPN18,,PTPN18,PTPN18,PTPN18,PTPN18,PTPN18,,PTPN18,GATB,PTPN18,PTPN18,PTPN18,,PTPN18,PTPN18,,,,PTPN18,PTPN18,PTPN18,,,PTPN18,,,PTPN18,,PTPN18,PTPN18,,PTPN18,PTPN18,PTPN18,,CELSR1,PTPN18,,PTPN18,PTPN18,PTPN18,PTPN18,,PTPN18,PTPN18,PTPN18,,,PTPN18,,,PTPN18,,PTPN18,,PTPN18,PTPN18,,PTPN18,PTPN18
LIMS2,ARHGAP15,LIMS2,,LIMS2,,,,LIMS2,,LIMS2,,,,,CDKL1,,CX3CL1,,NIPAL2,,,,,LIMS2,,LIMS2,LIMS2,,LIMS2,,LIMS2,LIMS2,,LIMS2,LIMS2,,LIMS2,LIMS2,LIMS2,,LIMS2,LIMS2,LIMS2,LIMS2,LIMS2,,LIMS2,GATB,LIMS2,LIMS2,LIMS2,,LIMS2,LIMS2,,,,LIMS2,LIMS2,LIMS2,,,LIMS2,,,LIMS2,,LIMS2,LIMS2,,LIMS2,LIMS2,LIMS2,,WNT8B,LIMS2,,LIMS2,LIMS2,LIMS2,LIMS2,,LIMS2,LIMS2,LIMS2,,,LIMS2,,,LIMS2,,LIMS2,,LIMS2,LIMS2,,LIMS2,LIMS2
ASIC4,TUBA3D,ASIC4,,ASIC4,,,,ASIC4,,ASIC4,,,,,NIN,,TFEC,,PLAT,,,,,ASIC4,,ASIC4,ASIC4,,ASIC4,,ASIC4,ASIC4,,ASIC4,ASIC4,,ASIC4,ASIC4,ASIC4,,ASIC4,ASIC4,ASIC4,ASIC4,ASIC4,,ASIC4,GATB,ASIC4,ASIC4,ASIC4,,ASIC4,ASIC4,,,,ASIC4,ASIC4,ASIC4,,,ASIC4,,,ASIC4,,ASIC4,ASIC4,,ASIC4,ASIC4,ASIC4,,ZNF638,ASIC4,,ASIC4,ASIC4,ASIC4,ASIC4,,ASIC4,ASIC4,ASIC4,,,ASIC4,,,ASIC4,,ASIC4,,ASIC4,ASIC4,,ASIC4,ASIC4
SPEG,PAX2,SPEG,,SPEG,,,,SPEG,,SPEG,,,,,PYGL,,SELL,,JPH1,,,,,SPEG,,SPEG,SPEG,,SPEG,,SPEG,SPEG,,SPEG,SPEG,,SPEG,SPEG,SPEG,,SPEG,SPEG,SPEG,SPEG,SPEG,,SPEG,GATB,SPEG,SPEG,SPEG,,SPEG,SPEG,,,,SPEG,SPEG,SPEG,,,SPEG,,,SPEG,,SPEG,SPEG,,SPEG,SPEG,SPEG,,SLC25A40,SPEG,,SPEG,SPEG,SPEG,SPEG,,SPEG,SPEG,SPEG,,,SPEG,,,SPEG,,SPEG,,SPEG,SPEG,,SPEG,SPEG
LNX1,EXOSC7,LNX1,,LNX1,,,,LNX1,,LNX1,,,,,TRIM9,,BTN3A1,,DKK4,,,,,LNX1,,LNX1,LNX1,,LNX1,,LNX1,LNX1,,LNX1,LNX1,,LNX1,LNX1,LNX1,,LNX1,LNX1,LNX1,LNX1,LNX1,,LNX1,GATB,LNX1,LNX1,LNX1,,LNX1,LNX1,,,,LNX1,LNX1,LNX1,,,LNX1,,,LNX1,,LNX1,LNX1,,LNX1,LNX1,LNX1,,TIMM21,LNX1,,LNX1,LNX1,LNX1,LNX1,,LNX1,LNX1,LNX1,,,LNX1,,,LNX1,,LNX1,,LNX1,LNX1,,LNX1,LNX1
ALDH3A2,KIFAP3,ALDH3A2,,ALDH3A2,,,,ALDH3A2,,ALDH3A2,,,,,PSMC6,,CCL2,,STK3,,,,,ALDH3A2,,ALDH3A2,ALDH3A2,,ALDH3A2,,ALDH3A2,ALDH3A2,,ALDH3A2,ALDH3A2,,ALDH3A2,ALDH3A2,ALDH3A2,,ALDH3A2,ALDH3A2,ALDH3A2,ALDH3A2,ALDH3A2,,ALDH3A2,GATB,ALDH3A2,ALDH3A2,ALDH3A2,,ALDH3A2,ALDH3A2,,,,ALDH3A2,ALDH3A2,ALDH3A2,,,ALDH3A2,,,ALDH3A2,,ALDH3A2,ALDH3A2,,ALDH3A2,ALDH3A2,ALDH3A2,,ADD2,ALDH3A2,,ALDH3A2,ALDH3A2,ALDH3A2,ALDH3A2,,ALDH3A2,ALDH3A2,ALDH3A2,,,ALDH3A2,,,ALDH3A2,,ALDH3A2,,ALDH3A2,ALDH3A2,,ALDH3A2,ALDH3A2
TFRC,MKRN2,TFRC,,TFRC,,,,TFRC,,TFRC,,,,,GNPNAT1,,SERPINB3,,GDAP1,,,,,TFRC,,TFRC,TFRC,,TFRC,,TFRC,TFRC,,TFRC,TFRC,,TFRC,TFRC,TFRC,,TFRC,TFRC,TFRC,TFRC,TFRC,,TFRC,GATB,TFRC,TFRC,TFRC,,TFRC,TFRC,,,,TFRC,TFRC,TFRC,,,TFRC,,,TFRC,,TFRC,TFRC,,TFRC,TFRC,TFRC,,FGF4,TFRC,,TFRC,TFRC,TFRC,TFRC,,TFRC,TFRC,TFRC,,,TFRC,,,TFRC,,TFRC,,TFRC,TFRC,,TFRC,TFRC
SREBF1,MCM6,SREBF1,,SREBF1,,,,SREBF1,,SREBF1,,,,,DDHD1,,LILRB4,,RAB2A,,,,,SREBF1,,SREBF1,SREBF1,,SREBF1,,SREBF1,SREBF1,,SREBF1,SREBF1,,SREBF1,SREBF1,SREBF1,,SREBF1,SREBF1,SREBF1,SREBF1,SREBF1,,SREBF1,GATB,SREBF1,SREBF1,SREBF1,,SREBF1,SREBF1,,,,SREBF1,SREBF1,SREBF1,,,SREBF1,,,SREBF1,,SREBF1,SREBF1,,SREBF1,SREBF1,SREBF1,,RASAL2,SREBF1,,SREBF1,SREBF1,SREBF1,SREBF1,,SREBF1,SREBF1,SREBF1,,,SREBF1,,,SREBF1,,SREBF1,,SREBF1,SREBF1,,SREBF1,SREBF1
AFF4,REXO2,AFF4,,AFF4,,,,AFF4,,AFF4,,,,,CDKN3,,AASS,,EIF3E,,,,,AFF4,,AFF4,AFF4,,AFF4,,AFF4,AFF4,,AFF4,AFF4,,AFF4,AFF4,AFF4,,AFF4,AFF4,AFF4,AFF4,AFF4,,AFF4,GATB,AFF4,AFF4,AFF4,,AFF4,AFF4,,,,AFF4,AFF4,AFF4,,,AFF4,,,AFF4,,AFF4,AFF4,,AFF4,AFF4,AFF4,,VPS9D1,AFF4,,AFF4,AFF4,AFF4,AFF4,,AFF4,AFF4,AFF4,,,AFF4,,,AFF4,,AFF4,,AFF4,AFF4,,AFF4,AFF4
UBE2D1,RBM7,UBE2D1,,UBE2D1,,,,UBE2D1,,UBE2D1,,,,,CNIH1,,RUNX3,,EMC2,,,,,UBE2D1,,UBE2D1,UBE2D1,,UBE2D1,,UBE2D1,UBE2D1,,UBE2D1,UBE2D1,,UBE2D1,UBE2D1,UBE2D1,,UBE2D1,UBE2D1,UBE2D1,UBE2D1,UBE2D1,,UBE2D1,GATB,UBE2D1,UBE2D1,UBE2D1,,UBE2D1,UBE2D1,,,,UBE2D1,UBE2D1,UBE2D1,,,UBE2D1,,,UBE2D1,,UBE2D1,UBE2D1,,UBE2D1,UBE2D1,UBE2D1,,ZNF37A,UBE2D1,,UBE2D1,UBE2D1,UBE2D1,UBE2D1,,UBE2D1,UBE2D1,UBE2D1,,,UBE2D1,,,UBE2D1,,UBE2D1,,UBE2D1,UBE2D1,,UBE2D1,UBE2D1
MPP5,RBMS2,MPP5,,MPP5,,,,MPP5,,MPP5,,,,,CGRRF1,,LILRB5,,ESRP1,,,,,MPP5,,MPP5,MPP5,,MPP5,,MPP5,MPP5,,MPP5,MPP5,,MPP5,MPP5,MPP5,,MPP5,MPP5,MPP5,MPP5,MPP5,,MPP5,GATB,MPP5,MPP5,MPP5,,MPP5,MPP5,,,,MPP5,MPP5,MPP5,,,MPP5,,,MPP5,,MPP5,MPP5,,MPP5,MPP5,MPP5,,MARK3,MPP5,,MPP5,MPP5,MPP5,MPP5,,MPP5,MPP5,MPP5,,,MPP5,,,MPP5,,MPP5,,MPP5,MPP5,,MPP5,MPP5
RHOBTB1,BAZ2A,RHOBTB1,,RHOBTB1,,,,RHOBTB1,,RHOBTB1,,,,,ATP6V1D,,VEZT,,CCN4,,,,,RHOBTB1,,RHOBTB1,RHOBTB1,,RHOBTB1,,RHOBTB1,RHOBTB1,,RHOBTB1,RHOBTB1,,RHOBTB1,RHOBTB1,RHOBTB1,,RHOBTB1,RHOBTB1,RHOBTB1,RHOBTB1,RHOBTB1,,RHOBTB1,GATB,RHOBTB1,RHOBTB1,RHOBTB1,,RHOBTB1,RHOBTB1,,,,RHOBTB1,RHOBTB1,RHOBTB1,,,RHOBTB1,,,RHOBTB1,,RHOBTB1,RHOBTB1,,RHOBTB1,RHOBTB1,RHOBTB1,,SLC25A3,RHOBTB1,,RHOBTB1,RHOBTB1,RHOBTB1,RHOBTB1,,RHOBTB1,RHOBTB1,RHOBTB1,,,RHOBTB1,,,RHOBTB1,,RHOBTB1,,RHOBTB1,RHOBTB1,,RHOBTB1,RHOBTB1
MARK2,PTPN23,MARK2,,MARK2,,,,MARK2,,MARK2,,,,,CCDC198,,RALA,,NDRG1,,,,,MARK2,,MARK2,MARK2,,MARK2,,MARK2,MARK2,,MARK2,MARK2,,MARK2,MARK2,MARK2,,MARK2,MARK2,MARK2,MARK2,MARK2,,MARK2,GATB,MARK2,MARK2,MARK2,,MARK2,MARK2,,,,MARK2,MARK2,MARK2,,,MARK2,,,MARK2,,MARK2,MARK2,,MARK2,MARK2,MARK2,,FNDC3B,MARK2,,MARK2,MARK2,MARK2,MARK2,,MARK2,MARK2,MARK2,,,MARK2,,,MARK2,,MARK2,,MARK2,MARK2,,MARK2,MARK2
HMMR,MLH1,HMMR,,HMMR,,,,HMMR,,HMMR,,,,,PLEK2,,CCL22,,ZC2HC1A,,,,,HMMR,,HMMR,HMMR,,HMMR,,HMMR,HMMR,,HMMR,HMMR,,HMMR,HMMR,HMMR,,HMMR,HMMR,HMMR,HMMR,HMMR,,HMMR,GATB,HMMR,HMMR,HMMR,,HMMR,HMMR,,,,HMMR,HMMR,HMMR,,,HMMR,,,HMMR,,HMMR,HMMR,,HMMR,HMMR,HMMR,,FOSL2,HMMR,,HMMR,HMMR,HMMR,HMMR,,HMMR,HMMR,HMMR,,,HMMR,,,HMMR,,HMMR,,HMMR,HMMR,,HMMR,HMMR
CHFR,UNG,CHFR,,CHFR,,,,CHFR,,CHFR,,,,,PIGH,,TNFSF8,,IL7,,,,,CHFR,,CHFR,CHFR,,CHFR,,CHFR,CHFR,,CHFR,CHFR,,CHFR,CHFR,CHFR,,CHFR,CHFR,CHFR,CHFR,CHFR,,CHFR,GATB,CHFR,CHFR,CHFR,,CHFR,CHFR,,,,CHFR,CHFR,CHFR,,,CHFR,,,CHFR,,CHFR,CHFR,,CHFR,CHFR,CHFR,,CACNG5,CHFR,,CHFR,CHFR,CHFR,CHFR,,CHFR,CHFR,CHFR,,,CHFR,,,CHFR,,CHFR,,CHFR,CHFR,,CHFR,CHFR
TRHDE,FMO4,TRHDE,,TRHDE,,,,TRHDE,,TRHDE,,,,,LRRC74A,,AQR,,STMN2,,,,,TRHDE,,TRHDE,TRHDE,,TRHDE,,TRHDE,TRHDE,,TRHDE,TRHDE,,TRHDE,TRHDE,TRHDE,,TRHDE,TRHDE,TRHDE,TRHDE,TRHDE,,TRHDE,GATB,TRHDE,TRHDE,TRHDE,,TRHDE,TRHDE,,,,TRHDE,TRHDE,TRHDE,,,TRHDE,,,TRHDE,,TRHDE,TRHDE,,TRHDE,TRHDE,TRHDE,,CACNG4,TRHDE,,TRHDE,TRHDE,TRHDE,TRHDE,,TRHDE,TRHDE,TRHDE,,,TRHDE,,,TRHDE,,TRHDE,,TRHDE,TRHDE,,TRHDE,TRHDE
P4HA2,KLHL20,P4HA2,,P4HA2,,,,P4HA2,,P4HA2,,,,,PSMA3,,GUCY1B1,,ARMC1,,,,,P4HA2,,P4HA2,P4HA2,,P4HA2,,P4HA2,P4HA2,,P4HA2,P4HA2,,P4HA2,P4HA2,P4HA2,,P4HA2,P4HA2,P4HA2,P4HA2,P4HA2,,P4HA2,GATB,P4HA2,P4HA2,P4HA2,,P4HA2,P4HA2,,,,P4HA2,P4HA2,P4HA2,,,P4HA2,,,P4HA2,,P4HA2,P4HA2,,P4HA2,P4HA2,P4HA2,,FRYL,P4HA2,,P4HA2,P4HA2,P4HA2,P4HA2,,P4HA2,P4HA2,P4HA2,,,P4HA2,,,P4HA2,,P4HA2,,P4HA2,P4HA2,,P4HA2,P4HA2
FCGR2B,RGS11,FCGR2B,,FCGR2B,,,,FCGR2B,,FCGR2B,,,,,VTI1B,,TFEC,,TRPS1,,,,,FCGR2B,,FCGR2B,FCGR2B,,FCGR2B,,FCGR2B,FCGR2B,,FCGR2B,FCGR2B,,FCGR2B,FCGR2B,FCGR2B,,FCGR2B,FCGR2B,FCGR2B,FCGR2B,FCGR2B,,FCGR2B,GATB,FCGR2B,FCGR2B,FCGR2B,,FCGR2B,FCGR2B,,,,FCGR2B,FCGR2B,FCGR2B,,,FCGR2B,,,FCGR2B,,FCGR2B,FCGR2B,,FCGR2B,FCGR2B,FCGR2B,,TMEM131,FCGR2B,,FCGR2B,FCGR2B,FCGR2B,FCGR2B,,FCGR2B,FCGR2B,FCGR2B,,,FCGR2B,,,FCGR2B,,FCGR2B,,FCGR2B,FCGR2B,,FCGR2B,FCGR2B
NFATC3,SLC46A1,NFATC3,,NFATC3,,,,NFATC3,,NFATC3,,,,,TIMM9,,SCARB1,,SPAG1,,,,,NFATC3,,NFATC3,NFATC3,,NFATC3,,NFATC3,NFATC3,,NFATC3,NFATC3,,NFATC3,NFATC3,NFATC3,,NFATC3,NFATC3,NFATC3,NFATC3,NFATC3,,NFATC3,GATB,NFATC3,NFATC3,NFATC3,,NFATC3,NFATC3,,,,NFATC3,NFATC3,NFATC3,,,NFATC3,,,NFATC3,,NFATC3,NFATC3,,NFATC3,NFATC3,NFATC3,,FSCN1,NFATC3,,NFATC3,NFATC3,NFATC3,NFATC3,,NFATC3,NFATC3,NFATC3,,,NFATC3,,,NFATC3,,NFATC3,,NFATC3,NFATC3,,NFATC3,NFATC3
TRNT1,PLXNA2,TRNT1,,TRNT1,,,,TRNT1,,TRNT1,,,,,GSTZ1,,IL17A,,CHRAC1,,,,,TRNT1,,TRNT1,TRNT1,,TRNT1,,TRNT1,TRNT1,,TRNT1,TRNT1,,TRNT1,TRNT1,TRNT1,,TRNT1,TRNT1,TRNT1,TRNT1,TRNT1,,TRNT1,GATB,TRNT1,TRNT1,TRNT1,,TRNT1,TRNT1,,,,TRNT1,TRNT1,TRNT1,,,TRNT1,,,TRNT1,,TRNT1,TRNT1,,TRNT1,TRNT1,TRNT1,,ACTB,TRNT1,,TRNT1,TRNT1,TRNT1,TRNT1,,TRNT1,TRNT1,TRNT1,,,TRNT1,,,TRNT1,,TRNT1,,TRNT1,TRNT1,,TRNT1,TRNT1
ACADVL,SPAG5,ACADVL,,ACADVL,,,,ACADVL,,ACADVL,,,,,KIAA0586,,P2RX3,,NCALD,,,,,ACADVL,,ACADVL,ACADVL,,ACADVL,,ACADVL,ACADVL,,ACADVL,ACADVL,,ACADVL,ACADVL,ACADVL,,ACADVL,ACADVL,ACADVL,ACADVL,ACADVL,,ACADVL,GATB,ACADVL,ACADVL,ACADVL,,ACADVL,ACADVL,,,,ACADVL,ACADVL,ACADVL,,,ACADVL,,,ACADVL,,ACADVL,ACADVL,,ACADVL,ACADVL,ACADVL,,MOCOS,ACADVL,,ACADVL,ACADVL,ACADVL,ACADVL,,ACADVL,ACADVL,ACADVL,,,ACADVL,,,ACADVL,,ACADVL,,ACADVL,ACADVL,,ACADVL,ACADVL
STK10,ANKRD13A,STK10,,STK10,,,,STK10,,STK10,,,,,TMED8,,TFEC,,SNX16,,,,,STK10,,STK10,STK10,,STK10,,STK10,STK10,,STK10,STK10,,STK10,STK10,STK10,,STK10,STK10,STK10,STK10,STK10,,STK10,GATB,STK10,STK10,STK10,,STK10,STK10,,,,STK10,STK10,STK10,,,STK10,,,STK10,,STK10,STK10,,STK10,STK10,STK10,,PLD1,STK10,,STK10,STK10,STK10,STK10,,STK10,STK10,STK10,,,STK10,,,STK10,,STK10,,STK10,STK10,,STK10,STK10
FBXW11,TPD52,FBXW11,,FBXW11,,,,FBXW11,,FBXW11,,,,,SAMD15,,SLAMF1,,GML,,,,,FBXW11,,FBXW11,FBXW11,,FBXW11,,FBXW11,FBXW11,,FBXW11,FBXW11,,FBXW11,FBXW11,FBXW11,,FBXW11,FBXW11,FBXW11,FBXW11,FBXW11,,FBXW11,GATB,FBXW11,FBXW11,FBXW11,,FBXW11,FBXW11,,,,FBXW11,FBXW11,FBXW11,,,FBXW11,,,FBXW11,,FBXW11,FBXW11,,FBXW11,FBXW11,FBXW11,,ATP12A,FBXW11,,FBXW11,FBXW11,FBXW11,FBXW11,,FBXW11,FBXW11,FBXW11,,,FBXW11,,,FBXW11,,FBXW11,,FBXW11,FBXW11,,FBXW11,FBXW11
ACAP1,ACACB,ACAP1,,ACAP1,,,,ACAP1,,ACAP1,,,,,AHSA1,,TFRC,,UBR5,,,,,ACAP1,,ACAP1,ACAP1,,ACAP1,,ACAP1,ACAP1,,ACAP1,ACAP1,,ACAP1,ACAP1,ACAP1,,ACAP1,ACAP1,ACAP1,ACAP1,ACAP1,,ACAP1,GATB,ACAP1,ACAP1,ACAP1,,ACAP1,ACAP1,,,,ACAP1,ACAP1,ACAP1,,,ACAP1,,,ACAP1,,ACAP1,ACAP1,,ACAP1,ACAP1,ACAP1,,WDR62,ACAP1,,ACAP1,ACAP1,ACAP1,ACAP1,,ACAP1,ACAP1,ACAP1,,,ACAP1,,,ACAP1,,ACAP1,,ACAP1,ACAP1,,ACAP1,ACAP1
CRMP1,TRAF4,CRMP1,,CRMP1,,,,CRMP1,,CRMP1,,,,,DAAM1,,ICAM1,,GSDMD,,,,,CRMP1,,CRMP1,CRMP1,,CRMP1,,CRMP1,CRMP1,,CRMP1,CRMP1,,CRMP1,CRMP1,CRMP1,,CRMP1,CRMP1,CRMP1,CRMP1,CRMP1,,CRMP1,GATB,CRMP1,CRMP1,CRMP1,,CRMP1,CRMP1,,,,CRMP1,CRMP1,CRMP1,,,CRMP1,,,CRMP1,,CRMP1,CRMP1,,CRMP1,CRMP1,CRMP1,,DLG1,CRMP1,,CRMP1,CRMP1,CRMP1,CRMP1,,CRMP1,CRMP1,CRMP1,,,CRMP1,,,CRMP1,,CRMP1,,CRMP1,CRMP1,,CRMP1,CRMP1
EVC,PAG1,EVC,,EVC,,,,EVC,,EVC,,,,,ISM2,,GIMAP4,,GFUS,,,,,EVC,,EVC,EVC,,EVC,,EVC,EVC,,EVC,EVC,,EVC,EVC,EVC,,EVC,EVC,EVC,EVC,EVC,,EVC,GATB,EVC,EVC,EVC,,EVC,EVC,,,,EVC,EVC,EVC,,,EVC,,,EVC,,EVC,EVC,,EVC,EVC,EVC,,RAB7A,EVC,,EVC,EVC,EVC,EVC,,EVC,EVC,EVC,,,EVC,,,EVC,,EVC,,EVC,EVC,,EVC,EVC
DERL2,GPATCH1,DERL2,,DERL2,,,,DERL2,,DERL2,,,,,SPTLC2,,GCLM,,PYCR3,,,,,DERL2,,DERL2,DERL2,,DERL2,,DERL2,DERL2,,DERL2,DERL2,,DERL2,DERL2,DERL2,,DERL2,DERL2,DERL2,DERL2,DERL2,,DERL2,GATB,DERL2,DERL2,DERL2,,DERL2,DERL2,,,,DERL2,DERL2,DERL2,,,DERL2,,,DERL2,,DERL2,DERL2,,DERL2,DERL2,DERL2,,BCAP29,DERL2,,DERL2,DERL2,DERL2,DERL2,,DERL2,DERL2,DERL2,,,DERL2,,,DERL2,,DERL2,,DERL2,DERL2,,DERL2,DERL2
SIDT1,ICAM3,SIDT1,,SIDT1,,,,SIDT1,,SIDT1,,,,,RIN3,,ASB4,,EEF1D,,,,,SIDT1,,SIDT1,SIDT1,,SIDT1,,SIDT1,SIDT1,,SIDT1,SIDT1,,SIDT1,SIDT1,SIDT1,,SIDT1,SIDT1,SIDT1,SIDT1,SIDT1,,SIDT1,GATB,SIDT1,SIDT1,SIDT1,,SIDT1,SIDT1,,,,SIDT1,SIDT1,SIDT1,,,SIDT1,,,SIDT1,,SIDT1,SIDT1,,SIDT1,SIDT1,SIDT1,,SEC31B,SIDT1,,SIDT1,SIDT1,SIDT1,SIDT1,,SIDT1,SIDT1,SIDT1,,,SIDT1,,,SIDT1,,SIDT1,,SIDT1,SIDT1,,SIDT1,SIDT1
NDE1,NT5C2,NDE1,,NDE1,,,,NDE1,,NDE1,,,,,LGMN,,TNFSF4,,ANXA13,,,,,NDE1,,NDE1,NDE1,,NDE1,,NDE1,NDE1,,NDE1,NDE1,,NDE1,NDE1,NDE1,,NDE1,NDE1,NDE1,NDE1,NDE1,,NDE1,GATB,NDE1,NDE1,NDE1,,NDE1,NDE1,,,,NDE1,NDE1,NDE1,,,NDE1,,,NDE1,,NDE1,NDE1,,NDE1,NDE1,NDE1,,SART3,NDE1,,NDE1,NDE1,NDE1,NDE1,,NDE1,NDE1,NDE1,,,NDE1,,,NDE1,,NDE1,,NDE1,NDE1,,NDE1,NDE1
IRAG1,MCAM,IRAG1,,IRAG1,,,,IRAG1,,IRAG1,,,,,ALKBH1,,TNF,,SQLE,,,,,IRAG1,,IRAG1,IRAG1,,IRAG1,,IRAG1,IRAG1,,IRAG1,IRAG1,,IRAG1,IRAG1,IRAG1,,IRAG1,IRAG1,IRAG1,IRAG1,IRAG1,,IRAG1,GATB,IRAG1,IRAG1,IRAG1,,IRAG1,IRAG1,,,,IRAG1,IRAG1,IRAG1,,,IRAG1,,,IRAG1,,IRAG1,IRAG1,,IRAG1,IRAG1,IRAG1,,ARHGAP15,IRAG1,,IRAG1,IRAG1,IRAG1,IRAG1,,IRAG1,IRAG1,IRAG1,,,IRAG1,,,IRAG1,,IRAG1,,IRAG1,IRAG1,,IRAG1,IRAG1
TMEM38A,CAMSAP3,TMEM38A,,TMEM38A,,,,TMEM38A,,TMEM38A,,,,,SNW1,,KYNU,,SH2D4A,,,,,TMEM38A,,TMEM38A,TMEM38A,,TMEM38A,,TMEM38A,TMEM38A,,TMEM38A,TMEM38A,,TMEM38A,TMEM38A,TMEM38A,,TMEM38A,TMEM38A,TMEM38A,TMEM38A,TMEM38A,,TMEM38A,GATB,TMEM38A,TMEM38A,TMEM38A,,TMEM38A,TMEM38A,,,,TMEM38A,TMEM38A,TMEM38A,,,TMEM38A,,,TMEM38A,,TMEM38A,TMEM38A,,TMEM38A,TMEM38A,TMEM38A,,TUBA3D,TMEM38A,,TMEM38A,TMEM38A,TMEM38A,TMEM38A,,TMEM38A,TMEM38A,TMEM38A,,,TMEM38A,,,TMEM38A,,TMEM38A,,TMEM38A,TMEM38A,,TMEM38A,TMEM38A
AP1M1,RAP1GAP,AP1M1,,AP1M1,,,,AP1M1,,AP1M1,,,,,CHGA,,TRAF3IP3,,INTS10,,,,,AP1M1,,AP1M1,AP1M1,,AP1M1,,AP1M1,AP1M1,,AP1M1,AP1M1,,AP1M1,AP1M1,AP1M1,,AP1M1,AP1M1,AP1M1,AP1M1,AP1M1,,AP1M1,GATB,AP1M1,AP1M1,AP1M1,,AP1M1,AP1M1,,,,AP1M1,AP1M1,AP1M1,,,AP1M1,,,AP1M1,,AP1M1,AP1M1,,AP1M1,AP1M1,AP1M1,,PAX2,AP1M1,,AP1M1,AP1M1,AP1M1,AP1M1,,AP1M1,AP1M1,AP1M1,,,AP1M1,,,AP1M1,,AP1M1,,AP1M1,AP1M1,,AP1M1,AP1M1
PVR,XAB2,PVR,,PVR,,,,PVR,,PVR,,,,,ITPK1,,AHR,,ERI1,,,,,PVR,,PVR,PVR,,PVR,,PVR,PVR,,PVR,PVR,,PVR,PVR,PVR,,PVR,PVR,PVR,PVR,PVR,,PVR,GATB,PVR,PVR,PVR,,PVR,PVR,,,,PVR,PVR,PVR,,,PVR,,,PVR,,PVR,PVR,,PVR,PVR,PVR,,EXOSC7,PVR,,PVR,PVR,PVR,PVR,,PVR,PVR,PVR,,,PVR,,,PVR,,PVR,,PVR,PVR,,PVR,PVR
XRCC1,ARHGEF1,XRCC1,,XRCC1,,,,XRCC1,,XRCC1,,,,,DHRS7,,CD86,,SLC39A14,,,,,XRCC1,,XRCC1,XRCC1,,XRCC1,,XRCC1,XRCC1,,XRCC1,XRCC1,,XRCC1,XRCC1,XRCC1,,XRCC1,XRCC1,XRCC1,XRCC1,XRCC1,,XRCC1,GATB,XRCC1,XRCC1,XRCC1,,XRCC1,XRCC1,,,,XRCC1,XRCC1,XRCC1,,,XRCC1,,,XRCC1,,XRCC1,XRCC1,,XRCC1,XRCC1,XRCC1,,KIFAP3,XRCC1,,XRCC1,XRCC1,XRCC1,XRCC1,,XRCC1,XRCC1,XRCC1,,,XRCC1,,,XRCC1,,XRCC1,,XRCC1,XRCC1,,XRCC1,XRCC1
SCARB1,STXBP2,SCARB1,,SCARB1,,,,SCARB1,,SCARB1,,,,,PPM1A,,ANGPT4,,MTMR9,,,,,SCARB1,,SCARB1,SCARB1,,SCARB1,,SCARB1,SCARB1,,SCARB1,SCARB1,,SCARB1,SCARB1,SCARB1,,SCARB1,SCARB1,SCARB1,SCARB1,SCARB1,,SCARB1,GATB,SCARB1,SCARB1,SCARB1,,SCARB1,SCARB1,,,,SCARB1,SCARB1,SCARB1,,,SCARB1,,,SCARB1,,SCARB1,SCARB1,,SCARB1,SCARB1,SCARB1,,MKRN2,SCARB1,,SCARB1,SCARB1,SCARB1,SCARB1,,SCARB1,SCARB1,SCARB1,,,SCARB1,,,SCARB1,,SCARB1,,SCARB1,SCARB1,,SCARB1,SCARB1
CYP2W1,MAP2K7,CYP2W1,,CYP2W1,,,,CYP2W1,,CYP2W1,,,,,SIX4,,AASS,,LEPROTL1,,,,,CYP2W1,,CYP2W1,CYP2W1,,CYP2W1,,CYP2W1,CYP2W1,,CYP2W1,CYP2W1,,CYP2W1,CYP2W1,CYP2W1,,CYP2W1,CYP2W1,CYP2W1,CYP2W1,CYP2W1,,CYP2W1,GATB,CYP2W1,CYP2W1,CYP2W1,,CYP2W1,CYP2W1,,,,CYP2W1,CYP2W1,CYP2W1,,,CYP2W1,,,CYP2W1,,CYP2W1,CYP2W1,,CYP2W1,CYP2W1,CYP2W1,,MCM6,CYP2W1,,CYP2W1,CYP2W1,CYP2W1,CYP2W1,,CYP2W1,CYP2W1,CYP2W1,,,CYP2W1,,,CYP2W1,,CYP2W1,,CYP2W1,CYP2W1,,CYP2W1,CYP2W1
MCM2,NMRK2,MCM2,,MCM2,,,,MCM2,,MCM2,,,,,GALNT16,,LGALS14,,DCTN6,,,,,MCM2,,MCM2,MCM2,,MCM2,,MCM2,MCM2,,MCM2,MCM2,,MCM2,MCM2,MCM2,,MCM2,MCM2,MCM2,MCM2,MCM2,,MCM2,GATB,MCM2,MCM2,MCM2,,MCM2,MCM2,,,,MCM2,MCM2,MCM2,,,MCM2,,,MCM2,,MCM2,MCM2,,MCM2,MCM2,MCM2,,REXO2,MCM2,,MCM2,MCM2,MCM2,MCM2,,MCM2,MCM2,MCM2,,,MCM2,,,MCM2,,MCM2,,MCM2,MCM2,,MCM2,MCM2
MOV10L1,DGKD,MOV10L1,,MOV10L1,,,,MOV10L1,,MOV10L1,,,,,ASB2,,BTN3A1,,R3HCC1,,,,,MOV10L1,,MOV10L1,MOV10L1,,MOV10L1,,MOV10L1,MOV10L1,,MOV10L1,MOV10L1,,MOV10L1,MOV10L1,MOV10L1,,MOV10L1,MOV10L1,MOV10L1,MOV10L1,MOV10L1,,MOV10L1,GATB,MOV10L1,MOV10L1,MOV10L1,,MOV10L1,MOV10L1,,,,MOV10L1,MOV10L1,MOV10L1,,,MOV10L1,,,MOV10L1,,MOV10L1,MOV10L1,,MOV10L1,MOV10L1,MOV10L1,,RBM7,MOV10L1,,MOV10L1,MOV10L1,MOV10L1,MOV10L1,,MOV10L1,MOV10L1,MOV10L1,,,MOV10L1,,,MOV10L1,,MOV10L1,,MOV10L1,MOV10L1,,MOV10L1,MOV10L1
PANX2,CTTNBP2,PANX2,,PANX2,,,,PANX2,,PANX2,,,,,CEP128,,LILRB5,,GSR,,,,,PANX2,,PANX2,PANX2,,PANX2,,PANX2,PANX2,,PANX2,PANX2,,PANX2,PANX2,PANX2,,PANX2,PANX2,PANX2,PANX2,PANX2,,PANX2,GATB,PANX2,PANX2,PANX2,,PANX2,PANX2,,,,PANX2,PANX2,PANX2,,,PANX2,,,PANX2,,PANX2,PANX2,,PANX2,PANX2,PANX2,,RBMS2,PANX2,,PANX2,PANX2,PANX2,PANX2,,PANX2,PANX2,PANX2,,,PANX2,,,PANX2,,PANX2,,PANX2,PANX2,,PANX2,PANX2
SELENOO,ACTL6B,SELENOO,,SELENOO,,,,SELENOO,,SELENOO,,,,,ERH,,TFEC,,TNFRSF10A,,,,,SELENOO,,SELENOO,SELENOO,,SELENOO,,SELENOO,SELENOO,,SELENOO,SELENOO,,SELENOO,SELENOO,SELENOO,,SELENOO,SELENOO,SELENOO,SELENOO,SELENOO,,SELENOO,GATB,SELENOO,SELENOO,SELENOO,,SELENOO,SELENOO,,,,SELENOO,SELENOO,SELENOO,,,SELENOO,,,SELENOO,,SELENOO,SELENOO,,SELENOO,SELENOO,SELENOO,,BAZ2A,SELENOO,,SELENOO,SELENOO,SELENOO,SELENOO,,SELENOO,SELENOO,SELENOO,,,SELENOO,,,SELENOO,,SELENOO,,SELENOO,SELENOO,,SELENOO,SELENOO
TP63,RARB,TP63,,TP63,,,,TP63,,TP63,,,,,HIF1A,,LILRB1,,UBXN8,,,,,TP63,,TP63,TP63,,TP63,,TP63,TP63,,TP63,TP63,,TP63,TP63,TP63,,TP63,TP63,TP63,TP63,TP63,,TP63,GATB,TP63,TP63,TP63,,TP63,TP63,,,,TP63,TP63,TP63,,,TP63,,,TP63,,TP63,TP63,,TP63,TP63,TP63,,PTPN23,TP63,,TP63,TP63,TP63,TP63,,TP63,TP63,TP63,,,TP63,,,TP63,,TP63,,TP63,TP63,,TP63,TP63
ALPK1,TOP2B,ALPK1,,ALPK1,,,,ALPK1,,ALPK1,,,,,SUSD6,,ICA1,,PPP2CB,,,,,ALPK1,,ALPK1,ALPK1,,ALPK1,,ALPK1,ALPK1,,ALPK1,ALPK1,,ALPK1,ALPK1,ALPK1,,ALPK1,ALPK1,ALPK1,ALPK1,ALPK1,,ALPK1,GATB,ALPK1,ALPK1,ALPK1,,ALPK1,ALPK1,,,,ALPK1,ALPK1,ALPK1,,,ALPK1,,,ALPK1,,ALPK1,ALPK1,,ALPK1,ALPK1,ALPK1,,MLH1,ALPK1,,ALPK1,ALPK1,ALPK1,ALPK1,,ALPK1,ALPK1,ALPK1,,,ALPK1,,,ALPK1,,ALPK1,,ALPK1,ALPK1,,ALPK1,ALPK1
LLGL2,TM9SF3,LLGL2,,LLGL2,,,,LLGL2,,LLGL2,,,,,SRSF5,,ICAM5,,ERICH1,,,,,LLGL2,,LLGL2,LLGL2,,LLGL2,,LLGL2,LLGL2,,LLGL2,LLGL2,,LLGL2,LLGL2,LLGL2,,LLGL2,LLGL2,LLGL2,LLGL2,LLGL2,,LLGL2,GATB,LLGL2,LLGL2,LLGL2,,LLGL2,LLGL2,,,,LLGL2,LLGL2,LLGL2,,,LLGL2,,,LLGL2,,LLGL2,LLGL2,,LLGL2,LLGL2,LLGL2,,UNG,LLGL2,,LLGL2,LLGL2,LLGL2,LLGL2,,LLGL2,LLGL2,LLGL2,,,LLGL2,,,LLGL2,,LLGL2,,LLGL2,LLGL2,,LLGL2,LLGL2
PDE8A,NFKB2,PDE8A,,PDE8A,,,,PDE8A,,PDE8A,,,,,SLC10A1,,BTN2A2,,NEFM,,,,,PDE8A,,PDE8A,PDE8A,,PDE8A,,PDE8A,PDE8A,,PDE8A,PDE8A,,PDE8A,PDE8A,PDE8A,,PDE8A,PDE8A,PDE8A,PDE8A,PDE8A,,PDE8A,GATB,PDE8A,PDE8A,PDE8A,,PDE8A,PDE8A,,,,PDE8A,PDE8A,PDE8A,,,PDE8A,,,PDE8A,,PDE8A,PDE8A,,PDE8A,PDE8A,PDE8A,,FMO4,PDE8A,,PDE8A,PDE8A,PDE8A,PDE8A,,PDE8A,PDE8A,PDE8A,,,PDE8A,,,PDE8A,,PDE8A,,PDE8A,PDE8A,,PDE8A,PDE8A
NLE1,UBE2T,NLE1,,NLE1,,,,NLE1,,NLE1,,,,,EIF5,,LY75,,TUSC3,,,,,NLE1,,NLE1,NLE1,,NLE1,,NLE1,NLE1,,NLE1,NLE1,,NLE1,NLE1,NLE1,,NLE1,NLE1,NLE1,NLE1,NLE1,,NLE1,GATB,NLE1,NLE1,NLE1,,NLE1,NLE1,,,,NLE1,NLE1,NLE1,,,NLE1,,,NLE1,,NLE1,NLE1,,NLE1,NLE1,NLE1,,KLHL20,NLE1,,NLE1,NLE1,NLE1,NLE1,,NLE1,NLE1,NLE1,,,NLE1,,,NLE1,,NLE1,,NLE1,NLE1,,NLE1,NLE1
SDHA,PPP1R12B,SDHA,,SDHA,,,,SDHA,,SDHA,,,,,SERPINA4,,TFPI,,ARHGEF10,,,,,SDHA,,SDHA,SDHA,,SDHA,,SDHA,SDHA,,SDHA,SDHA,,SDHA,SDHA,SDHA,,SDHA,SDHA,SDHA,SDHA,SDHA,,SDHA,GATB,SDHA,SDHA,SDHA,,SDHA,SDHA,,,,SDHA,SDHA,SDHA,,,SDHA,,,SDHA,,SDHA,SDHA,,SDHA,SDHA,SDHA,,RGS11,SDHA,,SDHA,SDHA,SDHA,SDHA,,SDHA,SDHA,SDHA,,,SDHA,,,SDHA,,SDHA,,SDHA,SDHA,,SDHA,SDHA
SMARCE1,DNAJC10,SMARCE1,,SMARCE1,,,,SMARCE1,,SMARCE1,,,,,SLC8A3,,TFEC,,KLHDC4,,,,,SMARCE1,,SMARCE1,SMARCE1,,SMARCE1,,SMARCE1,SMARCE1,,SMARCE1,SMARCE1,,SMARCE1,SMARCE1,SMARCE1,,SMARCE1,SMARCE1,SMARCE1,SMARCE1,SMARCE1,,SMARCE1,GATB,SMARCE1,SMARCE1,SMARCE1,,SMARCE1,SMARCE1,,,,SMARCE1,SMARCE1,SMARCE1,,,SMARCE1,,,SMARCE1,,SMARCE1,SMARCE1,,SMARCE1,SMARCE1,SMARCE1,,SLC46A1,SMARCE1,,SMARCE1,SMARCE1,SMARCE1,SMARCE1,,SMARCE1,SMARCE1,SMARCE1,,,SMARCE1,,,SMARCE1,,SMARCE1,,SMARCE1,SMARCE1,,SMARCE1,SMARCE1
FNDC8,GTF3C1,FNDC8,,FNDC8,,,,FNDC8,,FNDC8,,,,,DICER1,,IL32,,MCM4,,,,,FNDC8,,FNDC8,FNDC8,,FNDC8,,FNDC8,FNDC8,,FNDC8,FNDC8,,FNDC8,FNDC8,FNDC8,,FNDC8,FNDC8,FNDC8,FNDC8,FNDC8,,FNDC8,GATB,FNDC8,FNDC8,FNDC8,,FNDC8,FNDC8,,,,FNDC8,FNDC8,FNDC8,,,FNDC8,,,FNDC8,,FNDC8,FNDC8,,FNDC8,FNDC8,FNDC8,,PLXNA2,FNDC8,,FNDC8,FNDC8,FNDC8,FNDC8,,FNDC8,FNDC8,FNDC8,,,FNDC8,,,FNDC8,,FNDC8,,FNDC8,FNDC8,,FNDC8,FNDC8
GSDMB,IL4R,GSDMB,,GSDMB,,,,GSDMB,,GSDMB,,,,,ZFYVE21,,TFEC,,ADAM2,,,,,GSDMB,,GSDMB,GSDMB,,GSDMB,,GSDMB,GSDMB,,GSDMB,GSDMB,,GSDMB,GSDMB,GSDMB,,GSDMB,GSDMB,GSDMB,GSDMB,GSDMB,,GSDMB,GATB,GSDMB,GSDMB,GSDMB,,GSDMB,GSDMB,,,,GSDMB,GSDMB,GSDMB,,,GSDMB,,,GSDMB,,GSDMB,GSDMB,,GSDMB,GSDMB,GSDMB,,SPAG5,GSDMB,,GSDMB,GSDMB,GSDMB,GSDMB,,GSDMB,GSDMB,GSDMB,,,GSDMB,,,GSDMB,,GSDMB,,GSDMB,GSDMB,,GSDMB,GSDMB
KDM5A,USP33,KDM5A,,KDM5A,,,,KDM5A,,KDM5A,,,,,MTHFD1,,TRAF1,,KCTD9,,,,,KDM5A,,KDM5A,KDM5A,,KDM5A,,KDM5A,KDM5A,,KDM5A,KDM5A,,KDM5A,KDM5A,KDM5A,,KDM5A,KDM5A,KDM5A,KDM5A,KDM5A,,KDM5A,GATB,KDM5A,KDM5A,KDM5A,,KDM5A,KDM5A,,,,KDM5A,KDM5A,KDM5A,,,KDM5A,,,KDM5A,,KDM5A,KDM5A,,KDM5A,KDM5A,KDM5A,,ANKRD13A,KDM5A,,KDM5A,KDM5A,KDM5A,KDM5A,,KDM5A,KDM5A,KDM5A,,,KDM5A,,,KDM5A,,KDM5A,,KDM5A,KDM5A,,KDM5A,KDM5A
ADAM11,SNRPA,ADAM11,,ADAM11,,,,ADAM11,,ADAM11,,,,,TCL1A,,IL12RB2,,FGL1,,,,,ADAM11,,ADAM11,ADAM11,,ADAM11,,ADAM11,ADAM11,,ADAM11,ADAM11,,ADAM11,ADAM11,ADAM11,,ADAM11,ADAM11,ADAM11,ADAM11,ADAM11,,ADAM11,GATB,ADAM11,ADAM11,ADAM11,,ADAM11,ADAM11,,,,ADAM11,ADAM11,ADAM11,,,ADAM11,,,ADAM11,,ADAM11,ADAM11,,ADAM11,ADAM11,ADAM11,,TPD52,ADAM11,,ADAM11,ADAM11,ADAM11,ADAM11,,ADAM11,ADAM11,ADAM11,,,ADAM11,,,ADAM11,,ADAM11,,ADAM11,ADAM11,,ADAM11,ADAM11
PPP2R3A,SPAG6,PPP2R3A,,PPP2R3A,,,,PPP2R3A,,PPP2R3A,,,,,ZC3H14,,IL7,,ASAH1,,,,,PPP2R3A,,PPP2R3A,PPP2R3A,,PPP2R3A,,PPP2R3A,PPP2R3A,,PPP2R3A,PPP2R3A,,PPP2R3A,PPP2R3A,PPP2R3A,,PPP2R3A,PPP2R3A,PPP2R3A,PPP2R3A,PPP2R3A,,PPP2R3A,GATB,PPP2R3A,PPP2R3A,PPP2R3A,,PPP2R3A,PPP2R3A,,,,PPP2R3A,PPP2R3A,PPP2R3A,,,PPP2R3A,,,PPP2R3A,,PPP2R3A,PPP2R3A,,PPP2R3A,PPP2R3A,PPP2R3A,,ACACB,PPP2R3A,,PPP2R3A,PPP2R3A,PPP2R3A,PPP2R3A,,PPP2R3A,PPP2R3A,PPP2R3A,,,PPP2R3A,,,PPP2R3A,,PPP2R3A,,PPP2R3A,PPP2R3A,,PPP2R3A,PPP2R3A
FERMT2,EXOSC5,FERMT2,,FERMT2,,,,FERMT2,,FERMT2,,,,,TELO2,,LYPD1,,BNIP3L,,,,,FERMT2,,FERMT2,FERMT2,,FERMT2,,FERMT2,FERMT2,,FERMT2,FERMT2,,FERMT2,FERMT2,FERMT2,,FERMT2,FERMT2,FERMT2,FERMT2,FERMT2,,FERMT2,GATB,FERMT2,FERMT2,FERMT2,,FERMT2,FERMT2,,,,FERMT2,FERMT2,FERMT2,,,FERMT2,,,FERMT2,,FERMT2,FERMT2,,FERMT2,FERMT2,FERMT2,,TRAF4,FERMT2,,FERMT2,FERMT2,FERMT2,FERMT2,,FERMT2,FERMT2,FERMT2,,,FERMT2,,,FERMT2,,FERMT2,,FERMT2,FERMT2,,FERMT2,FERMT2
ABCB11,DYNC1I2,ABCB11,,ABCB11,,,,ABCB11,,ABCB11,,,,,PCNX1,,MPO,,MAN2B1,,,,,ABCB11,,ABCB11,ABCB11,,ABCB11,,ABCB11,ABCB11,,ABCB11,ABCB11,,ABCB11,ABCB11,ABCB11,,ABCB11,ABCB11,ABCB11,ABCB11,ABCB11,,ABCB11,GATB,ABCB11,ABCB11,ABCB11,,ABCB11,ABCB11,,,,ABCB11,ABCB11,ABCB11,,,ABCB11,,,ABCB11,,ABCB11,ABCB11,,ABCB11,ABCB11,ABCB11,,PAG1,ABCB11,,ABCB11,ABCB11,ABCB11,ABCB11,,ABCB11,ABCB11,ABCB11,,,ABCB11,,,ABCB11,,ABCB11,,ABCB11,ABCB11,,ABCB11,ABCB11
DHRS9,APBB1IP,DHRS9,,DHRS9,,,,DHRS9,,DHRS9,,,,,BDKRB1,,ITGA3,,KCNN4,,,,,DHRS9,,DHRS9,DHRS9,,DHRS9,,DHRS9,DHRS9,,DHRS9,DHRS9,,DHRS9,DHRS9,DHRS9,,DHRS9,DHRS9,DHRS9,DHRS9,DHRS9,,DHRS9,GATB,DHRS9,DHRS9,DHRS9,,DHRS9,DHRS9,,,,DHRS9,DHRS9,DHRS9,,,DHRS9,,,DHRS9,,DHRS9,DHRS9,,DHRS9,DHRS9,DHRS9,,GPATCH1,DHRS9,,DHRS9,DHRS9,DHRS9,DHRS9,,DHRS9,DHRS9,DHRS9,,,DHRS9,,,DHRS9,,DHRS9,,DHRS9,DHRS9,,DHRS9,DHRS9
CD5L,LRCH4,CD5L,,CD5L,,,,CD5L,,CD5L,,,,,GSKIP,,VEZT,,TULP2,,,,,CD5L,,CD5L,CD5L,,CD5L,,CD5L,CD5L,,CD5L,CD5L,,CD5L,CD5L,CD5L,,CD5L,CD5L,CD5L,CD5L,CD5L,,CD5L,GATB,CD5L,CD5L,CD5L,,CD5L,CD5L,,,,CD5L,CD5L,CD5L,,,CD5L,,,CD5L,,CD5L,CD5L,,CD5L,CD5L,CD5L,,ICAM3,CD5L,,CD5L,CD5L,CD5L,CD5L,,CD5L,CD5L,CD5L,,,CD5L,,,CD5L,,CD5L,,CD5L,CD5L,,CD5L,CD5L
PTGS2,FAM76B,PTGS2,,PTGS2,,,,PTGS2,,PTGS2,,,,,VRK1,,TFEC,,NUCB1,,,,,PTGS2,,PTGS2,PTGS2,,PTGS2,,PTGS2,PTGS2,,PTGS2,PTGS2,,PTGS2,PTGS2,PTGS2,,PTGS2,PTGS2,PTGS2,PTGS2,PTGS2,,PTGS2,GATB,PTGS2,PTGS2,PTGS2,,PTGS2,PTGS2,,,,PTGS2,PTGS2,PTGS2,,,PTGS2,,,PTGS2,,PTGS2,PTGS2,,PTGS2,PTGS2,PTGS2,,NT5C2,PTGS2,,PTGS2,PTGS2,PTGS2,PTGS2,,PTGS2,PTGS2,PTGS2,,,PTGS2,,,PTGS2,,PTGS2,,PTGS2,PTGS2,,PTGS2,PTGS2
IGF2BP2,SIRT6,IGF2BP2,,IGF2BP2,,,,IGF2BP2,,IGF2BP2,,,,,PSMC1,,LGALS2,,DHDH,,,,,IGF2BP2,,IGF2BP2,IGF2BP2,,IGF2BP2,,IGF2BP2,IGF2BP2,,IGF2BP2,IGF2BP2,,IGF2BP2,IGF2BP2,IGF2BP2,,IGF2BP2,IGF2BP2,IGF2BP2,IGF2BP2,IGF2BP2,,IGF2BP2,GATB,IGF2BP2,IGF2BP2,IGF2BP2,,IGF2BP2,IGF2BP2,,,,IGF2BP2,IGF2BP2,IGF2BP2,,,IGF2BP2,,,IGF2BP2,,IGF2BP2,IGF2BP2,,IGF2BP2,IGF2BP2,IGF2BP2,,MCAM,IGF2BP2,,IGF2BP2,IGF2BP2,IGF2BP2,IGF2BP2,,IGF2BP2,IGF2BP2,IGF2BP2,,,IGF2BP2,,,IGF2BP2,,IGF2BP2,,IGF2BP2,IGF2BP2,,IGF2BP2,IGF2BP2
MAP3K13,TYR,MAP3K13,,MAP3K13,,,,MAP3K13,,MAP3K13,,,,,PAPLN,,KYNU,,GYS1,,,,,MAP3K13,,MAP3K13,MAP3K13,,MAP3K13,,MAP3K13,MAP3K13,,MAP3K13,MAP3K13,,MAP3K13,MAP3K13,MAP3K13,,MAP3K13,MAP3K13,MAP3K13,MAP3K13,MAP3K13,,MAP3K13,GATB,MAP3K13,MAP3K13,MAP3K13,,MAP3K13,MAP3K13,,,,MAP3K13,MAP3K13,MAP3K13,,,MAP3K13,,,MAP3K13,,MAP3K13,MAP3K13,,MAP3K13,MAP3K13,MAP3K13,,CAMSAP3,MAP3K13,,MAP3K13,MAP3K13,MAP3K13,MAP3K13,,MAP3K13,MAP3K13,MAP3K13,,,MAP3K13,,,MAP3K13,,MAP3K13,,MAP3K13,MAP3K13,,MAP3K13,MAP3K13
ST6GAL1,POLD3,ST6GAL1,,ST6GAL1,,,,ST6GAL1,,ST6GAL1,,,,,RPS6KA5,,TNFRSF12A,,MAP4K1,,,,,ST6GAL1,,ST6GAL1,ST6GAL1,,ST6GAL1,,ST6GAL1,ST6GAL1,,ST6GAL1,ST6GAL1,,ST6GAL1,ST6GAL1,ST6GAL1,,ST6GAL1,ST6GAL1,ST6GAL1,ST6GAL1,ST6GAL1,,ST6GAL1,GATB,ST6GAL1,ST6GAL1,ST6GAL1,,ST6GAL1,ST6GAL1,,,,ST6GAL1,ST6GAL1,ST6GAL1,,,ST6GAL1,,,ST6GAL1,,ST6GAL1,ST6GAL1,,ST6GAL1,ST6GAL1,ST6GAL1,,RAP1GAP,ST6GAL1,,ST6GAL1,ST6GAL1,ST6GAL1,ST6GAL1,,ST6GAL1,ST6GAL1,ST6GAL1,,,ST6GAL1,,,ST6GAL1,,ST6GAL1,,ST6GAL1,ST6GAL1,,ST6GAL1,ST6GAL1
TBX21,ACTN2,TBX21,,TBX21,,,,TBX21,,TBX21,,,,,PPP4R3A,,FGL1,,CGB2,,,,,TBX21,,TBX21,TBX21,,TBX21,,TBX21,TBX21,,TBX21,TBX21,,TBX21,TBX21,TBX21,,TBX21,TBX21,TBX21,TBX21,TBX21,,TBX21,GATB,TBX21,TBX21,TBX21,,TBX21,TBX21,,,,TBX21,TBX21,TBX21,,,TBX21,,,TBX21,,TBX21,TBX21,,TBX21,TBX21,TBX21,,XAB2,TBX21,,TBX21,TBX21,TBX21,TBX21,,TBX21,TBX21,TBX21,,,TBX21,,,TBX21,,TBX21,,TBX21,TBX21,,TBX21,TBX21
FRY,CAPZB,FRY,,FRY,,,,FRY,,FRY,,,,,C14orf93,,AQR,,ECH1,,,,,FRY,,FRY,FRY,,FRY,,FRY,FRY,,FRY,FRY,,FRY,FRY,FRY,,FRY,FRY,FRY,FRY,FRY,,FRY,GATB,FRY,FRY,FRY,,FRY,FRY,,,,FRY,FRY,FRY,,,FRY,,,FRY,,FRY,FRY,,FRY,FRY,FRY,,ARHGEF1,FRY,,FRY,FRY,FRY,FRY,,FRY,FRY,FRY,,,FRY,,,FRY,,FRY,,FRY,FRY,,FRY,FRY
PICALM,GPR137B,PICALM,,PICALM,,,,PICALM,,PICALM,,,,,PSMB5,,ITGA2B,,HNRNPL,,,,,PICALM,,PICALM,PICALM,,PICALM,,PICALM,PICALM,,PICALM,PICALM,,PICALM,PICALM,PICALM,,PICALM,PICALM,PICALM,PICALM,PICALM,,PICALM,GATB,PICALM,PICALM,PICALM,,PICALM,PICALM,,,,PICALM,PICALM,PICALM,,,PICALM,,,PICALM,,PICALM,PICALM,,PICALM,PICALM,PICALM,,STXBP2,PICALM,,PICALM,PICALM,PICALM,PICALM,,PICALM,PICALM,PICALM,,,PICALM,,,PICALM,,PICALM,,PICALM,PICALM,,PICALM,PICALM
NSF,NAALAD2,NSF,,NSF,,,,NSF,,NSF,,,,,YY1,,PGLYRP1,,NFKBIB,,,,,NSF,,NSF,NSF,,NSF,,NSF,NSF,,NSF,NSF,,NSF,NSF,NSF,,NSF,NSF,NSF,NSF,NSF,,NSF,GATB,NSF,NSF,NSF,,NSF,NSF,,,,NSF,NSF,NSF,,,NSF,,,NSF,,NSF,NSF,,NSF,NSF,NSF,,MAP2K7,NSF,,NSF,NSF,NSF,NSF,,NSF,NSF,NSF,,,NSF,,,NSF,,NSF,,NSF,NSF,,NSF,NSF
GLI2,JADE1,GLI2,,GLI2,,,,GLI2,,GLI2,,,,,ACIN1,,VEZT,,LHB,,,,,GLI2,,GLI2,GLI2,,GLI2,,GLI2,GLI2,,GLI2,GLI2,,GLI2,GLI2,GLI2,,GLI2,GLI2,GLI2,GLI2,GLI2,,GLI2,GATB,GLI2,GLI2,GLI2,,GLI2,GLI2,,,,GLI2,GLI2,GLI2,,,GLI2,,,GLI2,,GLI2,GLI2,,GLI2,GLI2,GLI2,,NMRK2,GLI2,,GLI2,GLI2,GLI2,GLI2,,GLI2,GLI2,GLI2,,,GLI2,,,GLI2,,GLI2,,GLI2,GLI2,,GLI2,GLI2
CLASP1,FKBP6,CLASP1,,CLASP1,,,,CLASP1,,CLASP1,,,,,CCNB1IP1,,IL12A,,CGB3,,,,,CLASP1,,CLASP1,CLASP1,,CLASP1,,CLASP1,CLASP1,,CLASP1,CLASP1,,CLASP1,CLASP1,CLASP1,,CLASP1,CLASP1,CLASP1,CLASP1,CLASP1,,CLASP1,GATB,CLASP1,CLASP1,CLASP1,,CLASP1,CLASP1,,,,CLASP1,CLASP1,CLASP1,,,CLASP1,,,CLASP1,,CLASP1,CLASP1,,CLASP1,CLASP1,CLASP1,,DGKD,CLASP1,,CLASP1,CLASP1,CLASP1,CLASP1,,CLASP1,CLASP1,CLASP1,,,CLASP1,,,CLASP1,,CLASP1,,CLASP1,CLASP1,,CLASP1,CLASP1
NOTCH3,SMC1B,NOTCH3,,NOTCH3,,,,NOTCH3,,NOTCH3,,,,,TRIP11,,LYZ,,TUBB4A,,,,,NOTCH3,,NOTCH3,NOTCH3,,NOTCH3,,NOTCH3,NOTCH3,,NOTCH3,NOTCH3,,NOTCH3,NOTCH3,NOTCH3,,NOTCH3,NOTCH3,NOTCH3,NOTCH3,NOTCH3,,NOTCH3,GATB,NOTCH3,NOTCH3,NOTCH3,,NOTCH3,NOTCH3,,,,NOTCH3,NOTCH3,NOTCH3,,,NOTCH3,,,NOTCH3,,NOTCH3,NOTCH3,,NOTCH3,NOTCH3,NOTCH3,,CTTNBP2,NOTCH3,,NOTCH3,NOTCH3,NOTCH3,NOTCH3,,NOTCH3,NOTCH3,NOTCH3,,,NOTCH3,,,NOTCH3,,NOTCH3,,NOTCH3,NOTCH3,,NOTCH3,NOTCH3
CLNS1A,FBLN1,CLNS1A,,CLNS1A,,,,CLNS1A,,CLNS1A,,,,,APEX1,,BTN3A1,,SARS2,,,,,CLNS1A,,CLNS1A,CLNS1A,,CLNS1A,,CLNS1A,CLNS1A,,CLNS1A,CLNS1A,,CLNS1A,CLNS1A,CLNS1A,,CLNS1A,CLNS1A,CLNS1A,CLNS1A,CLNS1A,,CLNS1A,GATB,CLNS1A,CLNS1A,CLNS1A,,CLNS1A,CLNS1A,,,,CLNS1A,CLNS1A,CLNS1A,,,CLNS1A,,,CLNS1A,,CLNS1A,CLNS1A,,CLNS1A,CLNS1A,CLNS1A,,ACTL6B,CLNS1A,,CLNS1A,CLNS1A,CLNS1A,CLNS1A,,CLNS1A,CLNS1A,CLNS1A,,,CLNS1A,,,CLNS1A,,CLNS1A,,CLNS1A,CLNS1A,,CLNS1A,CLNS1A
PPP2R2C,ITGA8,PPP2R2C,,PPP2R2C,,,,PPP2R2C,,PPP2R2C,,,,,PABPN1,,ICA1,,KCNA7,,,,,PPP2R2C,,PPP2R2C,PPP2R2C,,PPP2R2C,,PPP2R2C,PPP2R2C,,PPP2R2C,PPP2R2C,,PPP2R2C,PPP2R2C,PPP2R2C,,PPP2R2C,PPP2R2C,PPP2R2C,PPP2R2C,PPP2R2C,,PPP2R2C,GATB,PPP2R2C,PPP2R2C,PPP2R2C,,PPP2R2C,PPP2R2C,,,,PPP2R2C,PPP2R2C,PPP2R2C,,,PPP2R2C,,,PPP2R2C,,PPP2R2C,PPP2R2C,,PPP2R2C,PPP2R2C,PPP2R2C,,RARB,PPP2R2C,,PPP2R2C,PPP2R2C,PPP2R2C,PPP2R2C,,PPP2R2C,PPP2R2C,PPP2R2C,,,PPP2R2C,,,PPP2R2C,,PPP2R2C,,PPP2R2C,PPP2R2C,,PPP2R2C,PPP2R2C
TEAD2,CST7,TEAD2,,TEAD2,,,,TEAD2,,TEAD2,,,,,EFS,,FTL,,SNRNP70,,,,,TEAD2,,TEAD2,TEAD2,,TEAD2,,TEAD2,TEAD2,,TEAD2,TEAD2,,TEAD2,TEAD2,TEAD2,,TEAD2,TEAD2,TEAD2,TEAD2,TEAD2,,TEAD2,GATB,TEAD2,TEAD2,TEAD2,,TEAD2,TEAD2,,,,TEAD2,TEAD2,TEAD2,,,TEAD2,,,TEAD2,,TEAD2,TEAD2,,TEAD2,TEAD2,TEAD2,,TOP2B,TEAD2,,TEAD2,TEAD2,TEAD2,TEAD2,,TEAD2,TEAD2,TEAD2,,,TEAD2,,,TEAD2,,TEAD2,,TEAD2,TEAD2,,TEAD2,TEAD2
EED,MAP2,EED,,EED,,,,EED,,EED,,,,,ARHGAP5,,IL4,,CLPTM1,,,,,EED,,EED,EED,,EED,,EED,EED,,EED,EED,,EED,EED,EED,,EED,EED,EED,EED,EED,,EED,GATB,EED,EED,EED,,EED,EED,,,,EED,EED,EED,,,EED,,,EED,,EED,EED,,EED,EED,EED,,TM9SF3,EED,,EED,EED,EED,EED,,EED,EED,EED,,,EED,,,EED,,EED,,EED,EED,,EED,EED
CDHR2,PIAS2,CDHR2,,CDHR2,,,,CDHR2,,CDHR2,,,,,CINP,,TFRC,,RELB,,,,,CDHR2,,CDHR2,CDHR2,,CDHR2,,CDHR2,CDHR2,,CDHR2,CDHR2,,CDHR2,CDHR2,CDHR2,,CDHR2,CDHR2,CDHR2,CDHR2,CDHR2,,CDHR2,GATB,CDHR2,CDHR2,CDHR2,,CDHR2,CDHR2,,,,CDHR2,CDHR2,CDHR2,,,CDHR2,,,CDHR2,,CDHR2,CDHR2,,CDHR2,CDHR2,CDHR2,,NFKB2,CDHR2,,CDHR2,CDHR2,CDHR2,CDHR2,,CDHR2,CDHR2,CDHR2,,,CDHR2,,,CDHR2,,CDHR2,,CDHR2,CDHR2,,CDHR2,CDHR2
SNCB,AMPH,SNCB,,SNCB,,,,SNCB,,SNCB,,,,,DHRS2,,LYPLA2,,CLASRP,,,,,SNCB,,SNCB,SNCB,,SNCB,,SNCB,SNCB,,SNCB,SNCB,,SNCB,SNCB,SNCB,,SNCB,SNCB,SNCB,SNCB,SNCB,,SNCB,GATB,SNCB,SNCB,SNCB,,SNCB,SNCB,,,,SNCB,SNCB,SNCB,,,SNCB,,,SNCB,,SNCB,SNCB,,SNCB,SNCB,SNCB,,UBE2T,SNCB,,SNCB,SNCB,SNCB,SNCB,,SNCB,SNCB,SNCB,,,SNCB,,,SNCB,,SNCB,,SNCB,SNCB,,SNCB,SNCB
TSG101,MCCC1,TSG101,,TSG101,,,,TSG101,,TSG101,,,,,SRP54,,BTN2A1,,LIN7B,,,,,TSG101,,TSG101,TSG101,,TSG101,,TSG101,TSG101,,TSG101,TSG101,,TSG101,TSG101,TSG101,,TSG101,TSG101,TSG101,TSG101,TSG101,,TSG101,GATB,TSG101,TSG101,TSG101,,TSG101,TSG101,,,,TSG101,TSG101,TSG101,,,TSG101,,,TSG101,,TSG101,TSG101,,TSG101,TSG101,TSG101,,PPP1R12B,TSG101,,TSG101,TSG101,TSG101,TSG101,,TSG101,TSG101,TSG101,,,TSG101,,,TSG101,,TSG101,,TSG101,TSG101,,TSG101,TSG101
NCBP3,LAMP3,NCBP3,,NCBP3,,,,NCBP3,,NCBP3,,,,,CPNE6,,IL34,,PPP1R37,,,,,NCBP3,,NCBP3,NCBP3,,NCBP3,,NCBP3,NCBP3,,NCBP3,NCBP3,,NCBP3,NCBP3,NCBP3,,NCBP3,NCBP3,NCBP3,NCBP3,NCBP3,,NCBP3,GATB,NCBP3,NCBP3,NCBP3,,NCBP3,NCBP3,,,,NCBP3,NCBP3,NCBP3,,,NCBP3,,,NCBP3,,NCBP3,NCBP3,,NCBP3,NCBP3,NCBP3,,DNAJC10,NCBP3,,NCBP3,NCBP3,NCBP3,NCBP3,,NCBP3,NCBP3,NCBP3,,,NCBP3,,,NCBP3,,NCBP3,,NCBP3,NCBP3,,NCBP3,NCBP3
ATP2A3,FAP,ATP2A3,,ATP2A3,,,,ATP2A3,,ATP2A3,,,,,CHD8,,TNFSF13B,,FCGRT,,,,,ATP2A3,,ATP2A3,ATP2A3,,ATP2A3,,ATP2A3,ATP2A3,,ATP2A3,ATP2A3,,ATP2A3,ATP2A3,ATP2A3,,ATP2A3,ATP2A3,ATP2A3,ATP2A3,ATP2A3,,ATP2A3,GATB,ATP2A3,ATP2A3,ATP2A3,,ATP2A3,ATP2A3,,,,ATP2A3,ATP2A3,ATP2A3,,,ATP2A3,,,ATP2A3,,ATP2A3,ATP2A3,,ATP2A3,ATP2A3,ATP2A3,,GTF3C1,ATP2A3,,ATP2A3,ATP2A3,ATP2A3,ATP2A3,,ATP2A3,ATP2A3,ATP2A3,,,ATP2A3,,,ATP2A3,,ATP2A3,,ATP2A3,ATP2A3,,ATP2A3,ATP2A3
CA12,NEBL,CA12,,CA12,,,,CA12,,CA12,,,,,PCK2,,TFRC,,PIH1D1,,,,,CA12,,CA12,CA12,,CA12,,CA12,CA12,,CA12,CA12,,CA12,CA12,CA12,,CA12,CA12,CA12,CA12,CA12,,CA12,GATB,CA12,CA12,CA12,,CA12,CA12,,,,CA12,CA12,CA12,,,CA12,,,CA12,,CA12,CA12,,CA12,CA12,CA12,,IL4R,CA12,,CA12,CA12,CA12,CA12,,CA12,CA12,CA12,,,CA12,,,CA12,,CA12,,CA12,CA12,,CA12,CA12
MGLL,ACER3,MGLL,,MGLL,,,,MGLL,,MGLL,,,,,PRORP,,F7,,CKM,,,,,MGLL,,MGLL,MGLL,,MGLL,,MGLL,MGLL,,MGLL,MGLL,,MGLL,MGLL,MGLL,,MGLL,MGLL,MGLL,MGLL,MGLL,,MGLL,GATB,MGLL,MGLL,MGLL,,MGLL,MGLL,,,,MGLL,MGLL,MGLL,,,MGLL,,,MGLL,,MGLL,MGLL,,MGLL,MGLL,MGLL,,USP33,MGLL,,MGLL,MGLL,MGLL,MGLL,,MGLL,MGLL,MGLL,,,MGLL,,,MGLL,,MGLL,,MGLL,MGLL,,MGLL,MGLL
NTN4,UBE2K,NTN4,,NTN4,,,,NTN4,,NTN4,,,,,DCAF11,,CYTH3,,ARHGEF18,,,,,NTN4,,NTN4,NTN4,,NTN4,,NTN4,NTN4,,NTN4,NTN4,,NTN4,NTN4,NTN4,,NTN4,NTN4,NTN4,NTN4,NTN4,,NTN4,GATB,NTN4,NTN4,NTN4,,NTN4,NTN4,,,,NTN4,NTN4,NTN4,,,NTN4,,,NTN4,,NTN4,NTN4,,NTN4,NTN4,NTN4,,SNRPA,NTN4,,NTN4,NTN4,NTN4,NTN4,,NTN4,NTN4,NTN4,,,NTN4,,,NTN4,,NTN4,,NTN4,NTN4,,NTN4,NTN4
BCS1L,PIK3C3,BCS1L,,BCS1L,,,,BCS1L,,BCS1L,,,,,PSMA6,,TFRC,,PPP1R13L,,,,,BCS1L,,BCS1L,BCS1L,,BCS1L,,BCS1L,BCS1L,,BCS1L,BCS1L,,BCS1L,BCS1L,BCS1L,,BCS1L,BCS1L,BCS1L,BCS1L,BCS1L,,BCS1L,GATB,BCS1L,BCS1L,BCS1L,,BCS1L,BCS1L,,,,BCS1L,BCS1L,BCS1L,,,BCS1L,,,BCS1L,,BCS1L,BCS1L,,BCS1L,BCS1L,BCS1L,,SPAG6,BCS1L,,BCS1L,BCS1L,BCS1L,BCS1L,,BCS1L,BCS1L,BCS1L,,,BCS1L,,,BCS1L,,BCS1L,,BCS1L,BCS1L,,BCS1L,BCS1L
NUAK1,N4BP2,NUAK1,,NUAK1,,,,NUAK1,,NUAK1,,,,,NFKBIA,,LGALS3,,PEX11G,,,,,NUAK1,,NUAK1,NUAK1,,NUAK1,,NUAK1,NUAK1,,NUAK1,NUAK1,,NUAK1,NUAK1,NUAK1,,NUAK1,NUAK1,NUAK1,NUAK1,NUAK1,,NUAK1,GATB,NUAK1,NUAK1,NUAK1,,NUAK1,NUAK1,,,,NUAK1,NUAK1,NUAK1,,,NUAK1,,,NUAK1,,NUAK1,NUAK1,,NUAK1,NUAK1,NUAK1,,EXOSC5,NUAK1,,NUAK1,NUAK1,NUAK1,NUAK1,,NUAK1,NUAK1,NUAK1,,,NUAK1,,,NUAK1,,NUAK1,,NUAK1,NUAK1,,NUAK1,NUAK1
DPP8,TIGAR,DPP8,,DPP8,,,,DPP8,,DPP8,,,,,EMC9,,ASB1,,ERCC2,,,,,DPP8,,DPP8,DPP8,,DPP8,,DPP8,DPP8,,DPP8,DPP8,,DPP8,DPP8,DPP8,,DPP8,DPP8,DPP8,DPP8,DPP8,,DPP8,GATB,DPP8,DPP8,DPP8,,DPP8,DPP8,,,,DPP8,DPP8,DPP8,,,DPP8,,,DPP8,,DPP8,DPP8,,DPP8,DPP8,DPP8,,DYNC1I2,DPP8,,DPP8,DPP8,DPP8,DPP8,,DPP8,DPP8,DPP8,,,DPP8,,,DPP8,,DPP8,,DPP8,DPP8,,DPP8,DPP8
SLC24A1,TULP3,SLC24A1,,SLC24A1,,,,SLC24A1,,SLC24A1,,,,,PSME2,,SELL,,DOT1L,,,,,SLC24A1,,SLC24A1,SLC24A1,,SLC24A1,,SLC24A1,SLC24A1,,SLC24A1,SLC24A1,,SLC24A1,SLC24A1,SLC24A1,,SLC24A1,SLC24A1,SLC24A1,SLC24A1,SLC24A1,,SLC24A1,GATB,SLC24A1,SLC24A1,SLC24A1,,SLC24A1,SLC24A1,,,,SLC24A1,SLC24A1,SLC24A1,,,SLC24A1,,,SLC24A1,,SLC24A1,SLC24A1,,SLC24A1,SLC24A1,SLC24A1,,APBB1IP,SLC24A1,,SLC24A1,SLC24A1,SLC24A1,SLC24A1,,SLC24A1,SLC24A1,SLC24A1,,,SLC24A1,,,SLC24A1,,SLC24A1,,SLC24A1,SLC24A1,,SLC24A1,SLC24A1
ZNF532,SYNJ2,ZNF532,,ZNF532,,,,ZNF532,,ZNF532,,,,,BRMS1L,,IL26,,PLEKHJ1,,,,,ZNF532,,ZNF532,ZNF532,,ZNF532,,ZNF532,ZNF532,,ZNF532,ZNF532,,ZNF532,ZNF532,ZNF532,,ZNF532,ZNF532,ZNF532,ZNF532,ZNF532,,ZNF532,GATB,ZNF532,ZNF532,ZNF532,,ZNF532,ZNF532,,,,ZNF532,ZNF532,ZNF532,,,ZNF532,,,ZNF532,,ZNF532,ZNF532,,ZNF532,ZNF532,ZNF532,,LRCH4,ZNF532,,ZNF532,ZNF532,ZNF532,ZNF532,,ZNF532,ZNF532,ZNF532,,,ZNF532,,,ZNF532,,ZNF532,,ZNF532,ZNF532,,ZNF532,ZNF532
SCARF1,ADCY2,SCARF1,,SCARF1,,,,SCARF1,,SCARF1,,,,,REC8,,KYNU,,SLC17A7,,,,,SCARF1,,SCARF1,SCARF1,,SCARF1,,SCARF1,SCARF1,,SCARF1,SCARF1,,SCARF1,SCARF1,SCARF1,,SCARF1,SCARF1,SCARF1,SCARF1,SCARF1,,SCARF1,GATB,SCARF1,SCARF1,SCARF1,,SCARF1,SCARF1,,,,SCARF1,SCARF1,SCARF1,,,SCARF1,,,SCARF1,,SCARF1,SCARF1,,SCARF1,SCARF1,SCARF1,,FAM76B,SCARF1,,SCARF1,SCARF1,SCARF1,SCARF1,,SCARF1,SCARF1,SCARF1,,,SCARF1,,,SCARF1,,SCARF1,,SCARF1,SCARF1,,SCARF1,SCARF1
LMAN1,PPP2R5C,LMAN1,,LMAN1,,,,LMAN1,,LMAN1,,,,,TM9SF1,,TRAF1,,RNASEH2A,,,,,LMAN1,,LMAN1,LMAN1,,LMAN1,,LMAN1,LMAN1,,LMAN1,LMAN1,,LMAN1,LMAN1,LMAN1,,LMAN1,LMAN1,LMAN1,LMAN1,LMAN1,,LMAN1,GATB,LMAN1,LMAN1,LMAN1,,LMAN1,LMAN1,,,,LMAN1,LMAN1,LMAN1,,,LMAN1,,,LMAN1,,LMAN1,LMAN1,,LMAN1,LMAN1,LMAN1,,SIRT6,LMAN1,,LMAN1,LMAN1,LMAN1,LMAN1,,LMAN1,LMAN1,LMAN1,,,LMAN1,,,LMAN1,,LMAN1,,LMAN1,LMAN1,,LMAN1,LMAN1
HACD3,PMS2P1,HACD3,,HACD3,,,,HACD3,,HACD3,,,,,SEC23A,,SPEN,,KLC3,,,,,HACD3,,HACD3,HACD3,,HACD3,,HACD3,HACD3,,HACD3,HACD3,,HACD3,HACD3,HACD3,,HACD3,HACD3,HACD3,HACD3,HACD3,,HACD3,GATB,HACD3,HACD3,HACD3,,HACD3,HACD3,,,,HACD3,HACD3,HACD3,,,HACD3,,,HACD3,,HACD3,HACD3,,HACD3,HACD3,HACD3,,TYR,HACD3,,HACD3,HACD3,HACD3,HACD3,,HACD3,HACD3,HACD3,,,HACD3,,,HACD3,,HACD3,,HACD3,HACD3,,HACD3,HACD3
IPCEF1,RBFOX1,IPCEF1,,IPCEF1,,,,IPCEF1,,IPCEF1,,,,,GMPR2,,NFIX,,CD37,,,,,IPCEF1,,IPCEF1,IPCEF1,,IPCEF1,,IPCEF1,IPCEF1,,IPCEF1,IPCEF1,,IPCEF1,IPCEF1,IPCEF1,,IPCEF1,IPCEF1,IPCEF1,IPCEF1,IPCEF1,,IPCEF1,GATB,IPCEF1,IPCEF1,IPCEF1,,IPCEF1,IPCEF1,,,,IPCEF1,IPCEF1,IPCEF1,,,IPCEF1,,,IPCEF1,,IPCEF1,IPCEF1,,IPCEF1,IPCEF1,IPCEF1,,POLD3,IPCEF1,,IPCEF1,IPCEF1,IPCEF1,IPCEF1,,IPCEF1,IPCEF1,IPCEF1,,,IPCEF1,,,IPCEF1,,IPCEF1,,IPCEF1,IPCEF1,,IPCEF1,IPCEF1
ZZEF1,GNB1,ZZEF1,,ZZEF1,,,,ZZEF1,,ZZEF1,,,,,PNN,,RHBDF1,,SF3A2,,,,,ZZEF1,,ZZEF1,ZZEF1,,ZZEF1,,ZZEF1,ZZEF1,,ZZEF1,ZZEF1,,ZZEF1,ZZEF1,ZZEF1,,ZZEF1,ZZEF1,ZZEF1,ZZEF1,ZZEF1,,ZZEF1,GATB,ZZEF1,ZZEF1,ZZEF1,,ZZEF1,ZZEF1,,,,ZZEF1,ZZEF1,ZZEF1,,,ZZEF1,,,ZZEF1,,ZZEF1,ZZEF1,,ZZEF1,ZZEF1,ZZEF1,,ACTN2,ZZEF1,,ZZEF1,ZZEF1,ZZEF1,ZZEF1,,ZZEF1,ZZEF1,ZZEF1,,,ZZEF1,,,ZZEF1,,ZZEF1,,ZZEF1,ZZEF1,,ZZEF1,ZZEF1
NOX3,HOXA9,NOX3,,NOX3,,,,NOX3,,NOX3,,,,,RABGGTA,,AASS,,AMH,,,,,NOX3,,NOX3,NOX3,,NOX3,,NOX3,NOX3,,NOX3,NOX3,,NOX3,NOX3,NOX3,,NOX3,NOX3,NOX3,NOX3,NOX3,,NOX3,GATB,NOX3,NOX3,NOX3,,NOX3,NOX3,,,,NOX3,NOX3,NOX3,,,NOX3,,,NOX3,,NOX3,NOX3,,NOX3,NOX3,NOX3,,CAPZB,NOX3,,NOX3,NOX3,NOX3,NOX3,,NOX3,NOX3,NOX3,,,NOX3,,,NOX3,,NOX3,,NOX3,NOX3,,NOX3,NOX3
ENO1,EDN1,ENO1,,ENO1,,,,ENO1,,ENO1,,,,,NFATC4,,ITGAL,,DKKL1,,,,,ENO1,,ENO1,ENO1,,ENO1,,ENO1,ENO1,,ENO1,ENO1,,ENO1,ENO1,ENO1,,ENO1,ENO1,ENO1,ENO1,ENO1,,ENO1,GATB,ENO1,ENO1,ENO1,,ENO1,ENO1,,,,ENO1,ENO1,ENO1,,,ENO1,,,ENO1,,ENO1,ENO1,,ENO1,ENO1,ENO1,,GPR137B,ENO1,,ENO1,ENO1,ENO1,ENO1,,ENO1,ENO1,ENO1,,,ENO1,,,ENO1,,ENO1,,ENO1,ENO1,,ENO1,ENO1
SLC12A1,MLLT10,SLC12A1,,SLC12A1,,,,SLC12A1,,SLC12A1,,,,,PLTP,,KYNU,,LYL1,,,,,SLC12A1,,SLC12A1,SLC12A1,,SLC12A1,,SLC12A1,SLC12A1,,SLC12A1,SLC12A1,,SLC12A1,SLC12A1,SLC12A1,,SLC12A1,SLC12A1,SLC12A1,SLC12A1,SLC12A1,,SLC12A1,GATB,SLC12A1,SLC12A1,SLC12A1,,SLC12A1,SLC12A1,,,,SLC12A1,SLC12A1,SLC12A1,,,SLC12A1,,,SLC12A1,,SLC12A1,SLC12A1,,SLC12A1,SLC12A1,SLC12A1,,NAALAD2,SLC12A1,,SLC12A1,SLC12A1,SLC12A1,SLC12A1,,SLC12A1,SLC12A1,SLC12A1,,,SLC12A1,,,SLC12A1,,SLC12A1,,SLC12A1,SLC12A1,,SLC12A1,SLC12A1
MYDGF,ZCWPW1,MYDGF,,MYDGF,,,,MYDGF,,MYDGF,,,,,PCIF1,,SLC26A3,,OAZ1,,,,,MYDGF,,MYDGF,MYDGF,,MYDGF,,MYDGF,MYDGF,,MYDGF,MYDGF,,MYDGF,MYDGF,MYDGF,,MYDGF,MYDGF,MYDGF,MYDGF,MYDGF,,MYDGF,GATB,MYDGF,MYDGF,MYDGF,,MYDGF,MYDGF,,,,MYDGF,MYDGF,MYDGF,,,MYDGF,,,MYDGF,,MYDGF,MYDGF,,MYDGF,MYDGF,MYDGF,,JADE1,MYDGF,,MYDGF,MYDGF,MYDGF,MYDGF,,MYDGF,MYDGF,MYDGF,,,MYDGF,,,MYDGF,,MYDGF,,MYDGF,MYDGF,,MYDGF,MYDGF
ANO8,ADCYAP1R1,ANO8,,ANO8,,,,ANO8,,ANO8,,,,,GSS,,LILRA1,,TRMT1,,,,,ANO8,,ANO8,ANO8,,ANO8,,ANO8,ANO8,,ANO8,ANO8,,ANO8,ANO8,ANO8,,ANO8,ANO8,ANO8,ANO8,ANO8,,ANO8,GATB,ANO8,ANO8,ANO8,,ANO8,ANO8,,,,ANO8,ANO8,ANO8,,,ANO8,,,ANO8,,ANO8,ANO8,,ANO8,ANO8,ANO8,,FGFR1,ANO8,,ANO8,ANO8,ANO8,ANO8,,ANO8,ANO8,ANO8,,,ANO8,,,ANO8,,ANO8,,ANO8,ANO8,,ANO8,ANO8
TUBE1,FGF20,TUBE1,,TUBE1,,,,TUBE1,,TUBE1,,,,,MMP9,,CCL26,,STX10,,,,,TUBE1,,TUBE1,TUBE1,,TUBE1,,TUBE1,TUBE1,,TUBE1,TUBE1,,TUBE1,TUBE1,TUBE1,,TUBE1,TUBE1,TUBE1,TUBE1,TUBE1,,TUBE1,GATB,TUBE1,TUBE1,TUBE1,,TUBE1,TUBE1,,,,TUBE1,TUBE1,TUBE1,,,TUBE1,,,TUBE1,,TUBE1,TUBE1,,TUBE1,TUBE1,TUBE1,,FKBP6,TUBE1,,TUBE1,TUBE1,TUBE1,TUBE1,,TUBE1,TUBE1,TUBE1,,,TUBE1,,,TUBE1,,TUBE1,,TUBE1,TUBE1,,TUBE1,TUBE1
ARHGEF10L,NRDC,ARHGEF10L,,ARHGEF10L,,,,ARHGEF10L,,ARHGEF10L,,,,,VSX1,,TFRC,,RETN,,,,,ARHGEF10L,,ARHGEF10L,ARHGEF10L,,ARHGEF10L,,ARHGEF10L,ARHGEF10L,,ARHGEF10L,ARHGEF10L,,ARHGEF10L,ARHGEF10L,ARHGEF10L,,ARHGEF10L,ARHGEF10L,ARHGEF10L,ARHGEF10L,ARHGEF10L,,ARHGEF10L,GATB,ARHGEF10L,ARHGEF10L,ARHGEF10L,,ARHGEF10L,ARHGEF10L,,,,ARHGEF10L,ARHGEF10L,ARHGEF10L,,,ARHGEF10L,,,ARHGEF10L,,ARHGEF10L,ARHGEF10L,,ARHGEF10L,ARHGEF10L,ARHGEF10L,,SMC1B,ARHGEF10L,,ARHGEF10L,ARHGEF10L,ARHGEF10L,ARHGEF10L,,ARHGEF10L,ARHGEF10L,ARHGEF10L,,,ARHGEF10L,,,ARHGEF10L,,ARHGEF10L,,ARHGEF10L,ARHGEF10L,,ARHGEF10L,ARHGEF10L
TXK,VDAC3,TXK,,TXK,,,,TXK,,TXK,,,,,TRPC4AP,,FTL,,FCER2,,,,,TXK,,TXK,TXK,,TXK,,TXK,TXK,,TXK,TXK,,TXK,TXK,TXK,,TXK,TXK,TXK,TXK,TXK,,TXK,GATB,TXK,TXK,TXK,,TXK,TXK,,,,TXK,TXK,TXK,,,TXK,,,TXK,,TXK,TXK,,TXK,TXK,TXK,,FBLN1,TXK,,TXK,TXK,TXK,TXK,,TXK,TXK,TXK,,,TXK,,,TXK,,TXK,,TXK,TXK,,TXK,TXK
WSCD2,PCM1,WSCD2,,WSCD2,,,,WSCD2,,WSCD2,,,,,PYGB,,TFEC,,DMPK,,,,,WSCD2,,WSCD2,WSCD2,,WSCD2,,WSCD2,WSCD2,,WSCD2,WSCD2,,WSCD2,WSCD2,WSCD2,,WSCD2,WSCD2,WSCD2,WSCD2,WSCD2,,WSCD2,GATB,WSCD2,WSCD2,WSCD2,,WSCD2,WSCD2,,,,WSCD2,WSCD2,WSCD2,,,WSCD2,,,WSCD2,,WSCD2,WSCD2,,WSCD2,WSCD2,WSCD2,,ITGA8,WSCD2,,WSCD2,WSCD2,WSCD2,WSCD2,,WSCD2,WSCD2,WSCD2,,,WSCD2,,,WSCD2,,WSCD2,,WSCD2,WSCD2,,WSCD2,WSCD2
KCNQ2,TNRC6C,KCNQ2,,KCNQ2,,,,KCNQ2,,KCNQ2,,,,,ABHD12,,CD200,,CLEC4M,,,,,KCNQ2,,KCNQ2,KCNQ2,,KCNQ2,,KCNQ2,KCNQ2,,KCNQ2,KCNQ2,,KCNQ2,KCNQ2,KCNQ2,,KCNQ2,KCNQ2,KCNQ2,KCNQ2,KCNQ2,,KCNQ2,GATB,KCNQ2,KCNQ2,KCNQ2,,KCNQ2,KCNQ2,,,,KCNQ2,KCNQ2,KCNQ2,,,KCNQ2,,,KCNQ2,,KCNQ2,KCNQ2,,KCNQ2,KCNQ2,KCNQ2,,CST7,KCNQ2,,KCNQ2,KCNQ2,KCNQ2,KCNQ2,,KCNQ2,KCNQ2,KCNQ2,,,KCNQ2,,,KCNQ2,,KCNQ2,,KCNQ2,KCNQ2,,KCNQ2,KCNQ2
TACR2,CBFA2T2,TACR2,,TACR2,,,,TACR2,,TACR2,,,,,PROCR,,SELL,,RSPH6A,,,,,TACR2,,TACR2,TACR2,,TACR2,,TACR2,TACR2,,TACR2,TACR2,,TACR2,TACR2,TACR2,,TACR2,TACR2,TACR2,TACR2,TACR2,,TACR2,GATB,TACR2,TACR2,TACR2,,TACR2,TACR2,,,,TACR2,TACR2,TACR2,,,TACR2,,,TACR2,,TACR2,TACR2,,TACR2,TACR2,TACR2,,MAP2,TACR2,,TACR2,TACR2,TACR2,TACR2,,TACR2,TACR2,TACR2,,,TACR2,,,TACR2,,TACR2,,TACR2,TACR2,,TACR2,TACR2
ACTR6,BRINP1,ACTR6,,ACTR6,,,,ACTR6,,ACTR6,,,,,GINS1,,TFEC,,TBC1D17,,,,,ACTR6,,ACTR6,ACTR6,,ACTR6,,ACTR6,ACTR6,,ACTR6,ACTR6,,ACTR6,ACTR6,ACTR6,,ACTR6,ACTR6,ACTR6,ACTR6,ACTR6,,ACTR6,GATB,ACTR6,ACTR6,ACTR6,,ACTR6,ACTR6,,,,ACTR6,ACTR6,ACTR6,,,ACTR6,,,ACTR6,,ACTR6,ACTR6,,ACTR6,ACTR6,ACTR6,,PIAS2,ACTR6,,ACTR6,ACTR6,ACTR6,ACTR6,,ACTR6,ACTR6,ACTR6,,,ACTR6,,,ACTR6,,ACTR6,,ACTR6,ACTR6,,ACTR6,ACTR6
TIPIN,ITCH,TIPIN,,TIPIN,,,,TIPIN,,TIPIN,,,,,NINL,,CYTH3,,IL4I1,,,,,TIPIN,,TIPIN,TIPIN,,TIPIN,,TIPIN,TIPIN,,TIPIN,TIPIN,,TIPIN,TIPIN,TIPIN,,TIPIN,TIPIN,TIPIN,TIPIN,TIPIN,,TIPIN,GATB,TIPIN,TIPIN,TIPIN,,TIPIN,TIPIN,,,,TIPIN,TIPIN,TIPIN,,,TIPIN,,,TIPIN,,TIPIN,TIPIN,,TIPIN,TIPIN,TIPIN,,AMPH,TIPIN,,TIPIN,TIPIN,TIPIN,TIPIN,,TIPIN,TIPIN,TIPIN,,,TIPIN,,,TIPIN,,TIPIN,,TIPIN,TIPIN,,TIPIN,TIPIN
SRI,PKD2L2,SRI,,SRI,,,,SRI,,SRI,,,,,CD40,,RNH1,,TLE6,,,,,SRI,,SRI,SRI,,SRI,,SRI,SRI,,SRI,SRI,,SRI,SRI,SRI,,SRI,SRI,SRI,SRI,SRI,,SRI,GATB,SRI,SRI,SRI,,SRI,SRI,,,,SRI,SRI,SRI,,,SRI,,,SRI,,SRI,SRI,,SRI,SRI,SRI,,MCCC1,SRI,,SRI,SRI,SRI,SRI,,SRI,SRI,SRI,,,SRI,,,SRI,,SRI,,SRI,SRI,,SRI,SRI
EIF4G3,TP53INP2,EIF4G3,,EIF4G3,,,,EIF4G3,,EIF4G3,,,,,UQCC1,,FTL,,CCDC130,,,,,EIF4G3,,EIF4G3,EIF4G3,,EIF4G3,,EIF4G3,EIF4G3,,EIF4G3,EIF4G3,,EIF4G3,EIF4G3,EIF4G3,,EIF4G3,EIF4G3,EIF4G3,EIF4G3,EIF4G3,,EIF4G3,GATB,EIF4G3,EIF4G3,EIF4G3,,EIF4G3,EIF4G3,,,,EIF4G3,EIF4G3,EIF4G3,,,EIF4G3,,,EIF4G3,,EIF4G3,EIF4G3,,EIF4G3,EIF4G3,EIF4G3,,LAMP3,EIF4G3,,EIF4G3,EIF4G3,EIF4G3,EIF4G3,,EIF4G3,EIF4G3,EIF4G3,,,EIF4G3,,,EIF4G3,,EIF4G3,,EIF4G3,EIF4G3,,EIF4G3,EIF4G3
NUP37,SDF4,NUP37,,NUP37,,,,NUP37,,NUP37,,,,,ZMYND8,,TFEC,,PTOV1,,,,,NUP37,,NUP37,NUP37,,NUP37,,NUP37,NUP37,,NUP37,NUP37,,NUP37,NUP37,NUP37,,NUP37,NUP37,NUP37,NUP37,NUP37,,NUP37,GATB,NUP37,NUP37,NUP37,,NUP37,NUP37,,,,NUP37,NUP37,NUP37,,,NUP37,,,NUP37,,NUP37,NUP37,,NUP37,NUP37,NUP37,,FAP,NUP37,,NUP37,NUP37,NUP37,NUP37,,NUP37,NUP37,NUP37,,,NUP37,,,NUP37,,NUP37,,NUP37,NUP37,,NUP37,NUP37
SEMA3A,MYH7B,SEMA3A,,SEMA3A,,,,SEMA3A,,SEMA3A,,,,,SGK2,,BTN3A3,,TLE5,,,,,SEMA3A,,SEMA3A,SEMA3A,,SEMA3A,,SEMA3A,SEMA3A,,SEMA3A,SEMA3A,,SEMA3A,SEMA3A,SEMA3A,,SEMA3A,SEMA3A,SEMA3A,SEMA3A,SEMA3A,,SEMA3A,GATB,SEMA3A,SEMA3A,SEMA3A,,SEMA3A,SEMA3A,,,,SEMA3A,SEMA3A,SEMA3A,,,SEMA3A,,,SEMA3A,,SEMA3A,SEMA3A,,SEMA3A,SEMA3A,SEMA3A,,NEBL,SEMA3A,,SEMA3A,SEMA3A,SEMA3A,SEMA3A,,SEMA3A,SEMA3A,SEMA3A,,,SEMA3A,,,SEMA3A,,SEMA3A,,SEMA3A,SEMA3A,,SEMA3A,SEMA3A
GTSE1,BPIFB2,GTSE1,,GTSE1,,,,GTSE1,,GTSE1,,,,,IFT52,,KYNU,,NOVA2,,,,,GTSE1,,GTSE1,GTSE1,,GTSE1,,GTSE1,GTSE1,,GTSE1,GTSE1,,GTSE1,GTSE1,GTSE1,,GTSE1,GTSE1,GTSE1,GTSE1,GTSE1,,GTSE1,GATB,GTSE1,GTSE1,GTSE1,,GTSE1,GTSE1,,,,GTSE1,GTSE1,GTSE1,,,GTSE1,,,GTSE1,,GTSE1,GTSE1,,GTSE1,GTSE1,GTSE1,,ACER3,GTSE1,,GTSE1,GTSE1,GTSE1,GTSE1,,GTSE1,GTSE1,GTSE1,,,GTSE1,,,GTSE1,,GTSE1,,GTSE1,GTSE1,,GTSE1,GTSE1
SEMA3C,TP73,SEMA3C,,SEMA3C,,,,SEMA3C,,SEMA3C,,,,,MYBL2,,TNFRSF17,,SGTA,,,,,SEMA3C,,SEMA3C,SEMA3C,,SEMA3C,,SEMA3C,SEMA3C,,SEMA3C,SEMA3C,,SEMA3C,SEMA3C,SEMA3C,,SEMA3C,SEMA3C,SEMA3C,SEMA3C,SEMA3C,,SEMA3C,GATB,SEMA3C,SEMA3C,SEMA3C,,SEMA3C,SEMA3C,,,,SEMA3C,SEMA3C,SEMA3C,,,SEMA3C,,,SEMA3C,,SEMA3C,SEMA3C,,SEMA3C,SEMA3C,SEMA3C,,UBE2K,SEMA3C,,SEMA3C,SEMA3C,SEMA3C,SEMA3C,,SEMA3C,SEMA3C,SEMA3C,,,SEMA3C,,,SEMA3C,,SEMA3C,,SEMA3C,SEMA3C,,SEMA3C,SEMA3C
TTC38,TOLLIP,TTC38,,TTC38,,,,TTC38,,TTC38,,,,,R3HDML,,TFRC,,KIR3DX1,,,,,TTC38,,TTC38,TTC38,,TTC38,,TTC38,TTC38,,TTC38,TTC38,,TTC38,TTC38,TTC38,,TTC38,TTC38,TTC38,TTC38,TTC38,,TTC38,GATB,TTC38,TTC38,TTC38,,TTC38,TTC38,,,,TTC38,TTC38,TTC38,,,TTC38,,,TTC38,,TTC38,TTC38,,TTC38,TTC38,TTC38,,PIK3C3,TTC38,,TTC38,TTC38,TTC38,TTC38,,TTC38,TTC38,TTC38,,,TTC38,,,TTC38,,TTC38,,TTC38,TTC38,,TTC38,TTC38
ACAT1,UBE2D4,ACAT1,,ACAT1,,,,ACAT1,,ACAT1,,,,,HNF4A,,CXCL6,,LILRB1,,,,,ACAT1,,ACAT1,ACAT1,,ACAT1,,ACAT1,ACAT1,,ACAT1,ACAT1,,ACAT1,ACAT1,ACAT1,,ACAT1,ACAT1,ACAT1,ACAT1,ACAT1,,ACAT1,GATB,ACAT1,ACAT1,ACAT1,,ACAT1,ACAT1,,,,ACAT1,ACAT1,ACAT1,,,ACAT1,,,ACAT1,,ACAT1,ACAT1,,ACAT1,ACAT1,ACAT1,,N4BP2,ACAT1,,ACAT1,ACAT1,ACAT1,ACAT1,,ACAT1,ACAT1,ACAT1,,,ACAT1,,,ACAT1,,ACAT1,,ACAT1,ACAT1,,ACAT1,ACAT1
GRAMD4,CLUL1,GRAMD4,,GRAMD4,,,,GRAMD4,,GRAMD4,,,,,NDRG3,,AASS,,MED25,,,,,GRAMD4,,GRAMD4,GRAMD4,,GRAMD4,,GRAMD4,GRAMD4,,GRAMD4,GRAMD4,,GRAMD4,GRAMD4,GRAMD4,,GRAMD4,GRAMD4,GRAMD4,GRAMD4,GRAMD4,,GRAMD4,GATB,GRAMD4,GRAMD4,GRAMD4,,GRAMD4,GRAMD4,,,,GRAMD4,GRAMD4,GRAMD4,,,GRAMD4,,,GRAMD4,,GRAMD4,GRAMD4,,GRAMD4,GRAMD4,GRAMD4,,TIGAR,GRAMD4,,GRAMD4,GRAMD4,GRAMD4,GRAMD4,,GRAMD4,GRAMD4,GRAMD4,,,GRAMD4,,,GRAMD4,,GRAMD4,,GRAMD4,GRAMD4,,GRAMD4,GRAMD4
CELSR1,RUNX1T1,CELSR1,,CELSR1,,,,CELSR1,,CELSR1,,,,,SLA2,,TFEC,,LILRA1,,,,,CELSR1,,CELSR1,CELSR1,,CELSR1,,CELSR1,CELSR1,,CELSR1,CELSR1,,CELSR1,CELSR1,CELSR1,,CELSR1,CELSR1,CELSR1,CELSR1,CELSR1,,CELSR1,GATB,CELSR1,CELSR1,CELSR1,,CELSR1,CELSR1,,,,CELSR1,CELSR1,CELSR1,,,CELSR1,,,CELSR1,,CELSR1,CELSR1,,CELSR1,CELSR1,CELSR1,,TULP3,CELSR1,,CELSR1,CELSR1,CELSR1,CELSR1,,CELSR1,CELSR1,CELSR1,,,CELSR1,,,CELSR1,,CELSR1,,CELSR1,CELSR1,,CELSR1,CELSR1
WNT8B,CDH17,WNT8B,,WNT8B,,,,WNT8B,,WNT8B,,,,,RAB5IF,,TRAF1,,SNAPC2,,,,,WNT8B,,WNT8B,WNT8B,,WNT8B,,WNT8B,WNT8B,,WNT8B,WNT8B,,WNT8B,WNT8B,WNT8B,,WNT8B,WNT8B,WNT8B,WNT8B,WNT8B,,WNT8B,GATB,WNT8B,WNT8B,WNT8B,,WNT8B,WNT8B,,,,WNT8B,WNT8B,WNT8B,,,WNT8B,,,WNT8B,,WNT8B,WNT8B,,WNT8B,WNT8B,WNT8B,,SYNJ2,WNT8B,,WNT8B,WNT8B,WNT8B,WNT8B,,WNT8B,WNT8B,WNT8B,,,WNT8B,,,WNT8B,,WNT8B,,WNT8B,WNT8B,,WNT8B,WNT8B
ZNF638,THOC1,ZNF638,,ZNF638,,,,ZNF638,,ZNF638,,,,,NFATC2,,AASS,,C19orf53,,,,,ZNF638,,ZNF638,ZNF638,,ZNF638,,ZNF638,ZNF638,,ZNF638,ZNF638,,ZNF638,ZNF638,ZNF638,,ZNF638,ZNF638,ZNF638,ZNF638,ZNF638,,ZNF638,GATB,ZNF638,ZNF638,ZNF638,,ZNF638,ZNF638,,,,ZNF638,ZNF638,ZNF638,,,ZNF638,,,ZNF638,,ZNF638,ZNF638,,ZNF638,ZNF638,ZNF638,,ADCY2,ZNF638,,ZNF638,ZNF638,ZNF638,ZNF638,,ZNF638,ZNF638,ZNF638,,,ZNF638,,,ZNF638,,ZNF638,,ZNF638,ZNF638,,ZNF638,ZNF638
SLC25A40,FKBP7,SLC25A40,,SLC25A40,,,,SLC25A40,,SLC25A40,,,,,RIMS4,,PRSS22,,TIMM44,,,,,SLC25A40,,SLC25A40,SLC25A40,,SLC25A40,,SLC25A40,SLC25A40,,SLC25A40,SLC25A40,,SLC25A40,SLC25A40,SLC25A40,,SLC25A40,SLC25A40,SLC25A40,SLC25A40,SLC25A40,,SLC25A40,GATB,SLC25A40,SLC25A40,SLC25A40,,SLC25A40,SLC25A40,,,,SLC25A40,SLC25A40,SLC25A40,,,SLC25A40,,,SLC25A40,,SLC25A40,SLC25A40,,SLC25A40,SLC25A40,SLC25A40,,PPP2R5C,SLC25A40,,SLC25A40,SLC25A40,SLC25A40,SLC25A40,,SLC25A40,SLC25A40,SLC25A40,,,SLC25A40,,,SLC25A40,,SLC25A40,,SLC25A40,SLC25A40,,SLC25A40,SLC25A40
TIMM21,OSBPL6,TIMM21,,TIMM21,,,,TIMM21,,TIMM21,,,,,PABPC1L,,TFRC,,CCDC61,,,,,TIMM21,,TIMM21,TIMM21,,TIMM21,,TIMM21,TIMM21,,TIMM21,TIMM21,,TIMM21,TIMM21,TIMM21,,TIMM21,TIMM21,TIMM21,TIMM21,TIMM21,,TIMM21,GATB,TIMM21,TIMM21,TIMM21,,TIMM21,TIMM21,,,,TIMM21,TIMM21,TIMM21,,,TIMM21,,,TIMM21,,TIMM21,TIMM21,,TIMM21,TIMM21,TIMM21,,PMS2P1,TIMM21,,TIMM21,TIMM21,TIMM21,TIMM21,,TIMM21,TIMM21,TIMM21,,,TIMM21,,,TIMM21,,TIMM21,,TIMM21,TIMM21,,TIMM21,TIMM21
ADD2,SLC1A3,ADD2,,ADD2,,,,ADD2,,ADD2,,,,,STK4,,ADAM28,,IL27RA,,,,,ADD2,,ADD2,ADD2,,ADD2,,ADD2,ADD2,,ADD2,ADD2,,ADD2,ADD2,ADD2,,ADD2,ADD2,ADD2,ADD2,ADD2,,ADD2,GATB,ADD2,ADD2,ADD2,,ADD2,ADD2,,,,ADD2,ADD2,ADD2,,,ADD2,,,ADD2,,ADD2,ADD2,,ADD2,ADD2,ADD2,,RBFOX1,ADD2,,ADD2,ADD2,ADD2,ADD2,,ADD2,ADD2,ADD2,,,ADD2,,,ADD2,,ADD2,,ADD2,ADD2,,ADD2,ADD2
FGF4,XRCC5,FGF4,,FGF4,,,,FGF4,,FGF4,,,,,SALL4,,KYNU,,ASF1B,,,,,FGF4,,FGF4,FGF4,,FGF4,,FGF4,FGF4,,FGF4,FGF4,,FGF4,FGF4,FGF4,,FGF4,FGF4,FGF4,FGF4,FGF4,,FGF4,GATB,FGF4,FGF4,FGF4,,FGF4,FGF4,,,,FGF4,FGF4,FGF4,,,FGF4,,,FGF4,,FGF4,FGF4,,FGF4,FGF4,FGF4,,GNB1,FGF4,,FGF4,FGF4,FGF4,FGF4,,FGF4,FGF4,FGF4,,,FGF4,,,FGF4,,FGF4,,FGF4,FGF4,,FGF4,FGF4
RASAL2,LXN,RASAL2,,RASAL2,,,,RASAL2,,RASAL2,,,,,ADNP,,IL17C,,TNNT1,,,,,RASAL2,,RASAL2,RASAL2,,RASAL2,,RASAL2,RASAL2,,RASAL2,RASAL2,,RASAL2,RASAL2,RASAL2,,RASAL2,RASAL2,RASAL2,RASAL2,RASAL2,,RASAL2,GATB,RASAL2,RASAL2,RASAL2,,RASAL2,RASAL2,,,,RASAL2,RASAL2,RASAL2,,,RASAL2,,,RASAL2,,RASAL2,RASAL2,,RASAL2,RASAL2,RASAL2,,HOXA9,RASAL2,,RASAL2,RASAL2,RASAL2,RASAL2,,RASAL2,RASAL2,RASAL2,,,RASAL2,,,RASAL2,,RASAL2,,RASAL2,RASAL2,,RASAL2,RASAL2
VPS9D1,SP140,VPS9D1,,VPS9D1,,,,VPS9D1,,VPS9D1,,,,,PFDN4,,F7,,VRK3,,,,,VPS9D1,,VPS9D1,VPS9D1,,VPS9D1,,VPS9D1,VPS9D1,,VPS9D1,VPS9D1,,VPS9D1,VPS9D1,VPS9D1,,VPS9D1,VPS9D1,VPS9D1,VPS9D1,VPS9D1,,VPS9D1,GATB,VPS9D1,VPS9D1,VPS9D1,,VPS9D1,VPS9D1,,,,VPS9D1,VPS9D1,VPS9D1,,,VPS9D1,,,VPS9D1,,VPS9D1,VPS9D1,,VPS9D1,VPS9D1,VPS9D1,,EDN1,VPS9D1,,VPS9D1,VPS9D1,VPS9D1,VPS9D1,,VPS9D1,VPS9D1,VPS9D1,,,VPS9D1,,,VPS9D1,,VPS9D1,,VPS9D1,VPS9D1,,VPS9D1,VPS9D1
ZNF37A,MKNK1,ZNF37A,,ZNF37A,,,,ZNF37A,,ZNF37A,,,,,DOK5,,TNIP3,,FAM32A,,,,,ZNF37A,,ZNF37A,ZNF37A,,ZNF37A,,ZNF37A,ZNF37A,,ZNF37A,ZNF37A,,ZNF37A,ZNF37A,ZNF37A,,ZNF37A,ZNF37A,ZNF37A,ZNF37A,ZNF37A,,ZNF37A,GATB,ZNF37A,ZNF37A,ZNF37A,,ZNF37A,ZNF37A,,,,ZNF37A,ZNF37A,ZNF37A,,,ZNF37A,,,ZNF37A,,ZNF37A,ZNF37A,,ZNF37A,ZNF37A,ZNF37A,,MLLT10,ZNF37A,,ZNF37A,ZNF37A,ZNF37A,ZNF37A,,ZNF37A,ZNF37A,ZNF37A,,,ZNF37A,,,ZNF37A,,ZNF37A,,ZNF37A,ZNF37A,,ZNF37A,ZNF37A
MARK3,TNS1,MARK3,,MARK3,,,,MARK3,,MARK3,,,,,CSTF1,,ICAM2,,PPP6R1,,,,,MARK3,,MARK3,MARK3,,MARK3,,MARK3,MARK3,,MARK3,MARK3,,MARK3,MARK3,MARK3,,MARK3,MARK3,MARK3,MARK3,MARK3,,MARK3,GATB,MARK3,MARK3,MARK3,,MARK3,MARK3,,,,MARK3,MARK3,MARK3,,,MARK3,,,MARK3,,MARK3,MARK3,,MARK3,MARK3,MARK3,,ZCWPW1,MARK3,,MARK3,MARK3,MARK3,MARK3,,MARK3,MARK3,MARK3,,,MARK3,,,MARK3,,MARK3,,MARK3,MARK3,,MARK3,MARK3
SLC25A3,REXO1,SLC25A3,,SLC25A3,,,,SLC25A3,,SLC25A3,,,,,BMP7,,TRAF3IP2,,C19orf44,,,,,SLC25A3,,SLC25A3,SLC25A3,,SLC25A3,,SLC25A3,SLC25A3,,SLC25A3,SLC25A3,,SLC25A3,SLC25A3,SLC25A3,,SLC25A3,SLC25A3,SLC25A3,SLC25A3,SLC25A3,,SLC25A3,GATB,SLC25A3,SLC25A3,SLC25A3,,SLC25A3,SLC25A3,,,,SLC25A3,SLC25A3,SLC25A3,,,SLC25A3,,,SLC25A3,,SLC25A3,SLC25A3,,SLC25A3,SLC25A3,SLC25A3,,ADCYAP1R1,SLC25A3,,SLC25A3,SLC25A3,SLC25A3,SLC25A3,,SLC25A3,SLC25A3,SLC25A3,,,SLC25A3,,,SLC25A3,,SLC25A3,,SLC25A3,SLC25A3,,SLC25A3,SLC25A3
FNDC3B,SAR1A,FNDC3B,,FNDC3B,,,,FNDC3B,,FNDC3B,,,,,RAE1,,OSBPL5,,MED26,,,,,FNDC3B,,FNDC3B,FNDC3B,,FNDC3B,,FNDC3B,FNDC3B,,FNDC3B,FNDC3B,,FNDC3B,FNDC3B,FNDC3B,,FNDC3B,FNDC3B,FNDC3B,FNDC3B,FNDC3B,,FNDC3B,GATB,FNDC3B,FNDC3B,FNDC3B,,FNDC3B,FNDC3B,,,,FNDC3B,FNDC3B,FNDC3B,,,FNDC3B,,,FNDC3B,,FNDC3B,FNDC3B,,FNDC3B,FNDC3B,FNDC3B,,FGF20,FNDC3B,,FNDC3B,FNDC3B,FNDC3B,FNDC3B,,FNDC3B,FNDC3B,FNDC3B,,,FNDC3B,,,FNDC3B,,FNDC3B,,FNDC3B,FNDC3B,,FNDC3B,FNDC3B
FOSL2,CDC14A,FOSL2,,FOSL2,,,,FOSL2,,FOSL2,,,,,TPD52L2,,ADAM7,,OLFM2,,,,,FOSL2,,FOSL2,FOSL2,,FOSL2,,FOSL2,FOSL2,,FOSL2,FOSL2,,FOSL2,FOSL2,FOSL2,,FOSL2,FOSL2,FOSL2,FOSL2,FOSL2,,FOSL2,GATB,FOSL2,FOSL2,FOSL2,,FOSL2,FOSL2,,,,FOSL2,FOSL2,FOSL2,,,FOSL2,,,FOSL2,,FOSL2,FOSL2,,FOSL2,FOSL2,FOSL2,,NRDC,FOSL2,,FOSL2,FOSL2,FOSL2,FOSL2,,FOSL2,FOSL2,FOSL2,,,FOSL2,,,FOSL2,,FOSL2,,FOSL2,FOSL2,,FOSL2,FOSL2
CACNG5,RAPGEF3,CACNG5,,CACNG5,,,,CACNG5,,CACNG5,,,,,DNAJC5,,ADAM2,,RASAL3,,,,,CACNG5,,CACNG5,CACNG5,,CACNG5,,CACNG5,CACNG5,,CACNG5,CACNG5,,CACNG5,CACNG5,CACNG5,,CACNG5,CACNG5,CACNG5,CACNG5,CACNG5,,CACNG5,GATB,CACNG5,CACNG5,CACNG5,,CACNG5,CACNG5,,,,CACNG5,CACNG5,CACNG5,,,CACNG5,,,CACNG5,,CACNG5,CACNG5,,CACNG5,CACNG5,CACNG5,,VDAC3,CACNG5,,CACNG5,CACNG5,CACNG5,CACNG5,,CACNG5,CACNG5,CACNG5,,,CACNG5,,,CACNG5,,CACNG5,,CACNG5,CACNG5,,CACNG5,CACNG5
CACNG4,CEACAM1,CACNG4,,CACNG4,,,,CACNG4,,CACNG4,,,,,NELFCD,,KYNU,,AKAP8,,,,,CACNG4,,CACNG4,CACNG4,,CACNG4,,CACNG4,CACNG4,,CACNG4,CACNG4,,CACNG4,CACNG4,CACNG4,,CACNG4,CACNG4,CACNG4,CACNG4,CACNG4,,CACNG4,GATB,CACNG4,CACNG4,CACNG4,,CACNG4,CACNG4,,,,CACNG4,CACNG4,CACNG4,,,CACNG4,,,CACNG4,,CACNG4,CACNG4,,CACNG4,CACNG4,CACNG4,,PCM1,CACNG4,,CACNG4,CACNG4,CACNG4,CACNG4,,CACNG4,CACNG4,CACNG4,,,CACNG4,,,CACNG4,,CACNG4,,CACNG4,CACNG4,,CACNG4,CACNG4
FRYL,SENP1,FRYL,,FRYL,,,,FRYL,,FRYL,,,,,CTSZ,,PDK4,,EPHX3,,,,,FRYL,,FRYL,FRYL,,FRYL,,FRYL,FRYL,,FRYL,FRYL,,FRYL,FRYL,FRYL,,FRYL,FRYL,FRYL,FRYL,FRYL,,FRYL,GATB,FRYL,FRYL,FRYL,,FRYL,FRYL,,,,FRYL,FRYL,FRYL,,,FRYL,,,FRYL,,FRYL,FRYL,,FRYL,FRYL,FRYL,,TNRC6C,FRYL,,FRYL,FRYL,FRYL,FRYL,,FRYL,FRYL,FRYL,,,FRYL,,,FRYL,,FRYL,,FRYL,FRYL,,FRYL,FRYL
TMEM131,DUSP13,TMEM131,,TMEM131,,,,TMEM131,,TMEM131,,,,,PRPF6,,SLC39A9,,ILVBL,,,,,TMEM131,,TMEM131,TMEM131,,TMEM131,,TMEM131,TMEM131,,TMEM131,TMEM131,,TMEM131,TMEM131,TMEM131,,TMEM131,TMEM131,TMEM131,TMEM131,TMEM131,,TMEM131,GATB,TMEM131,TMEM131,TMEM131,,TMEM131,TMEM131,,,,TMEM131,TMEM131,TMEM131,,,TMEM131,,,TMEM131,,TMEM131,TMEM131,,TMEM131,TMEM131,TMEM131,,CBFA2T2,TMEM131,,TMEM131,TMEM131,TMEM131,TMEM131,,TMEM131,TMEM131,TMEM131,,,TMEM131,,,TMEM131,,TMEM131,,TMEM131,TMEM131,,TMEM131,TMEM131
FSCN1,CIC,FSCN1,,FSCN1,,,,FSCN1,,FSCN1,,,,,TUBB1,,KYNU,,ZNF419,,,,,FSCN1,,FSCN1,FSCN1,,FSCN1,,FSCN1,FSCN1,,FSCN1,FSCN1,,FSCN1,FSCN1,FSCN1,,FSCN1,FSCN1,FSCN1,FSCN1,FSCN1,,FSCN1,GATB,FSCN1,FSCN1,FSCN1,,FSCN1,FSCN1,,,,FSCN1,FSCN1,FSCN1,,,FSCN1,,,FSCN1,,FSCN1,FSCN1,,FSCN1,FSCN1,FSCN1,,BRINP1,FSCN1,,FSCN1,FSCN1,FSCN1,FSCN1,,FSCN1,FSCN1,FSCN1,,,FSCN1,,,FSCN1,,FSCN1,,FSCN1,FSCN1,,FSCN1,FSCN1
ACTB,LIPE,ACTB,,ACTB,,,,ACTB,,ACTB,,,,,PRELID3B,,OSGEP,,SYDE1,,,,,ACTB,,ACTB,ACTB,,ACTB,,ACTB,ACTB,,ACTB,ACTB,,ACTB,ACTB,ACTB,,ACTB,ACTB,ACTB,ACTB,ACTB,,ACTB,GATB,ACTB,ACTB,ACTB,,ACTB,ACTB,,,,ACTB,ACTB,ACTB,,,ACTB,,,ACTB,,ACTB,ACTB,,ACTB,ACTB,ACTB,,ITCH,ACTB,,ACTB,ACTB,ACTB,ACTB,,ACTB,ACTB,ACTB,,,ACTB,,,ACTB,,ACTB,,ACTB,ACTB,,ACTB,ACTB
MOCOS,FDFT1,MOCOS,,MOCOS,,,,MOCOS,,MOCOS,,,,,HRH3,,TNFSF10,,CASP14,,,,,MOCOS,,MOCOS,MOCOS,,MOCOS,,MOCOS,MOCOS,,MOCOS,MOCOS,,MOCOS,MOCOS,MOCOS,,MOCOS,MOCOS,MOCOS,MOCOS,MOCOS,,MOCOS,GATB,MOCOS,MOCOS,MOCOS,,MOCOS,MOCOS,,,,MOCOS,MOCOS,MOCOS,,,MOCOS,,,MOCOS,,MOCOS,MOCOS,,MOCOS,MOCOS,MOCOS,,PKD2L2,MOCOS,,MOCOS,MOCOS,MOCOS,MOCOS,,MOCOS,MOCOS,MOCOS,,,MOCOS,,,MOCOS,,MOCOS,,MOCOS,MOCOS,,MOCOS,MOCOS
PLD1,PAFAH1B3,PLD1,,PLD1,,,,PLD1,,PLD1,,,,,MTG2,,CD74,,SLC1A6,,,,,PLD1,,PLD1,PLD1,,PLD1,,PLD1,PLD1,,PLD1,PLD1,,PLD1,PLD1,PLD1,,PLD1,PLD1,PLD1,PLD1,PLD1,,PLD1,GATB,PLD1,PLD1,PLD1,,PLD1,PLD1,,,,PLD1,PLD1,PLD1,,,PLD1,,,PLD1,,PLD1,PLD1,,PLD1,PLD1,PLD1,,TP53INP2,PLD1,,PLD1,PLD1,PLD1,PLD1,,PLD1,PLD1,PLD1,,,PLD1,,,PLD1,,PLD1,,PLD1,PLD1,,PLD1,PLD1
ATP12A,AFM,ATP12A,,ATP12A,,,,ATP12A,,ATP12A,,,,,PSMA7,,GIMAP4,,AURKC,,,,,ATP12A,,ATP12A,ATP12A,,ATP12A,,ATP12A,ATP12A,,ATP12A,ATP12A,,ATP12A,ATP12A,ATP12A,,ATP12A,ATP12A,ATP12A,ATP12A,ATP12A,,ATP12A,GATB,ATP12A,ATP12A,ATP12A,,ATP12A,ATP12A,,,,ATP12A,ATP12A,ATP12A,,,ATP12A,,,ATP12A,,ATP12A,ATP12A,,ATP12A,ATP12A,ATP12A,,SDF4,ATP12A,,ATP12A,ATP12A,ATP12A,ATP12A,,ATP12A,ATP12A,ATP12A,,,ATP12A,,,ATP12A,,ATP12A,,ATP12A,ATP12A,,ATP12A,ATP12A
WDR62,KIF22,WDR62,,WDR62,,,,WDR62,,WDR62,,,,,SLCO4A1,,CYTH3,,POP4,,,,,WDR62,,WDR62,WDR62,,WDR62,,WDR62,WDR62,,WDR62,WDR62,,WDR62,WDR62,WDR62,,WDR62,WDR62,WDR62,WDR62,WDR62,,WDR62,GATB,WDR62,WDR62,WDR62,,WDR62,WDR62,,,,WDR62,WDR62,WDR62,,,WDR62,,,WDR62,,WDR62,WDR62,,WDR62,WDR62,WDR62,,MYH7B,WDR62,,WDR62,WDR62,WDR62,WDR62,,WDR62,WDR62,WDR62,,,WDR62,,,WDR62,,WDR62,,WDR62,WDR62,,WDR62,WDR62
DLG1,SCGN,DLG1,,DLG1,,,,DLG1,,DLG1,,,,,NTSR1,,SLC22A16,,CCNE1,,,,,DLG1,,DLG1,DLG1,,DLG1,,DLG1,DLG1,,DLG1,DLG1,,DLG1,DLG1,DLG1,,DLG1,DLG1,DLG1,DLG1,DLG1,,DLG1,GATB,DLG1,DLG1,DLG1,,DLG1,DLG1,,,,DLG1,DLG1,DLG1,,,DLG1,,,DLG1,,DLG1,DLG1,,DLG1,DLG1,DLG1,,BPIFB2,DLG1,,DLG1,DLG1,DLG1,DLG1,,DLG1,DLG1,DLG1,,,DLG1,,,DLG1,,DLG1,,DLG1,DLG1,,DLG1,DLG1
RAB7A,CARMIL1,RAB7A,,RAB7A,,,,RAB7A,,RAB7A,,,,,MRGBP,,TFEC,,URI1,,,,,RAB7A,,RAB7A,RAB7A,,RAB7A,,RAB7A,RAB7A,,RAB7A,RAB7A,,RAB7A,RAB7A,RAB7A,,RAB7A,RAB7A,RAB7A,RAB7A,RAB7A,,RAB7A,GATB,RAB7A,RAB7A,RAB7A,,RAB7A,RAB7A,,,,RAB7A,RAB7A,RAB7A,,,RAB7A,,,RAB7A,,RAB7A,RAB7A,,RAB7A,RAB7A,RAB7A,,TP73,RAB7A,,RAB7A,RAB7A,RAB7A,RAB7A,,RAB7A,RAB7A,RAB7A,,,RAB7A,,,RAB7A,,RAB7A,,RAB7A,RAB7A,,RAB7A,RAB7A
BCAP29,PGM1,BCAP29,,BCAP29,,,,BCAP29,,BCAP29,,,,,TCFL5,,SCARB1,,PDCD5,,,,,BCAP29,,BCAP29,BCAP29,,BCAP29,,BCAP29,BCAP29,,BCAP29,BCAP29,,BCAP29,BCAP29,BCAP29,,BCAP29,BCAP29,BCAP29,BCAP29,BCAP29,,BCAP29,GATB,BCAP29,BCAP29,BCAP29,,BCAP29,BCAP29,,,,BCAP29,BCAP29,BCAP29,,,BCAP29,,,BCAP29,,BCAP29,BCAP29,,BCAP29,BCAP29,BCAP29,,TOLLIP,BCAP29,,BCAP29,BCAP29,BCAP29,BCAP29,,BCAP29,BCAP29,BCAP29,,,BCAP29,,,BCAP29,,BCAP29,,BCAP29,BCAP29,,BCAP29,BCAP29
SEC31B,DDX1,SEC31B,,SEC31B,,,,SEC31B,,SEC31B,,,,,DIDO1,,ITGA3,,ANKRD27,,,,,SEC31B,,SEC31B,SEC31B,,SEC31B,,SEC31B,SEC31B,,SEC31B,SEC31B,,SEC31B,SEC31B,SEC31B,,SEC31B,SEC31B,SEC31B,SEC31B,SEC31B,,SEC31B,GATB,SEC31B,SEC31B,SEC31B,,SEC31B,SEC31B,,,,SEC31B,SEC31B,SEC31B,,,SEC31B,,,SEC31B,,SEC31B,SEC31B,,SEC31B,SEC31B,SEC31B,,UBE2D4,SEC31B,,SEC31B,SEC31B,SEC31B,SEC31B,,SEC31B,SEC31B,SEC31B,,,SEC31B,,,SEC31B,,SEC31B,,SEC31B,SEC31B,,SEC31B,SEC31B
SART3,DNM2,SART3,,SART3,,,,SART3,,SART3,,,,,GID8,,VEZT,,TIMM50,,,,,SART3,,SART3,SART3,,SART3,,SART3,SART3,,SART3,SART3,,SART3,SART3,SART3,,SART3,SART3,SART3,SART3,SART3,,SART3,GATB,SART3,SART3,SART3,,SART3,SART3,,,,SART3,SART3,SART3,,,SART3,,,SART3,,SART3,SART3,,SART3,SART3,SART3,,CLUL1,SART3,,SART3,SART3,SART3,SART3,,SART3,SART3,SART3,,,SART3,,,SART3,,SART3,,SART3,SART3,,SART3,SART3
ARHGAP15,EPB41L2,ARHGAP15,,ARHGAP15,,,,ARHGAP15,,ARHGAP15,,,,,SLC17A9,,IL20,,LGALS13,,,,,ARHGAP15,,ARHGAP15,ARHGAP15,,ARHGAP15,,ARHGAP15,ARHGAP15,,ARHGAP15,ARHGAP15,,ARHGAP15,ARHGAP15,ARHGAP15,,ARHGAP15,ARHGAP15,ARHGAP15,ARHGAP15,ARHGAP15,,ARHGAP15,GATB,ARHGAP15,ARHGAP15,ARHGAP15,,ARHGAP15,ARHGAP15,,,,ARHGAP15,ARHGAP15,ARHGAP15,,,ARHGAP15,,,ARHGAP15,,ARHGAP15,ARHGAP15,,ARHGAP15,ARHGAP15,ARHGAP15,,RUNX1T1,ARHGAP15,,ARHGAP15,ARHGAP15,ARHGAP15,ARHGAP15,,ARHGAP15,ARHGAP15,ARHGAP15,,,ARHGAP15,,,ARHGAP15,,ARHGAP15,,ARHGAP15,ARHGAP15,,ARHGAP15,ARHGAP15
TUBA3D,RIMS1,TUBA3D,,TUBA3D,,,,TUBA3D,,TUBA3D,,,,,BIRC7,,CCL17,,FBL,,,,,TUBA3D,,TUBA3D,TUBA3D,,TUBA3D,,TUBA3D,TUBA3D,,TUBA3D,TUBA3D,,TUBA3D,TUBA3D,TUBA3D,,TUBA3D,TUBA3D,TUBA3D,TUBA3D,TUBA3D,,TUBA3D,GATB,TUBA3D,TUBA3D,TUBA3D,,TUBA3D,TUBA3D,,,,TUBA3D,TUBA3D,TUBA3D,,,TUBA3D,,,TUBA3D,,TUBA3D,TUBA3D,,TUBA3D,TUBA3D,TUBA3D,,CDH17,TUBA3D,,TUBA3D,TUBA3D,TUBA3D,TUBA3D,,TUBA3D,TUBA3D,TUBA3D,,,TUBA3D,,,TUBA3D,,TUBA3D,,TUBA3D,TUBA3D,,TUBA3D,TUBA3D
PAX2,MOXD1,PAX2,,PAX2,,,,PAX2,,PAX2,,,,,NKAIN4,,NFIX,,DYRK1B,,,,,PAX2,,PAX2,PAX2,,PAX2,,PAX2,PAX2,,PAX2,PAX2,,PAX2,PAX2,PAX2,,PAX2,PAX2,PAX2,PAX2,PAX2,,PAX2,GATB,PAX2,PAX2,PAX2,,PAX2,PAX2,,,,PAX2,PAX2,PAX2,,,PAX2,,,PAX2,,PAX2,PAX2,,PAX2,PAX2,PAX2,,THOC1,PAX2,,PAX2,PAX2,PAX2,PAX2,,PAX2,PAX2,PAX2,,,PAX2,,,PAX2,,PAX2,,PAX2,PAX2,,PAX2,PAX2
EXOSC7,STX7,EXOSC7,,EXOSC7,,,,EXOSC7,,EXOSC7,,,,,ARFGAP1,,GNB1,,CLC,,,,,EXOSC7,,EXOSC7,EXOSC7,,EXOSC7,,EXOSC7,EXOSC7,,EXOSC7,EXOSC7,,EXOSC7,EXOSC7,EXOSC7,,EXOSC7,EXOSC7,EXOSC7,EXOSC7,EXOSC7,,EXOSC7,GATB,EXOSC7,EXOSC7,EXOSC7,,EXOSC7,EXOSC7,,,,EXOSC7,EXOSC7,EXOSC7,,,EXOSC7,,,EXOSC7,,EXOSC7,EXOSC7,,EXOSC7,EXOSC7,EXOSC7,,FKBP7,EXOSC7,,EXOSC7,EXOSC7,EXOSC7,EXOSC7,,EXOSC7,EXOSC7,EXOSC7,,,EXOSC7,,,EXOSC7,,EXOSC7,,EXOSC7,EXOSC7,,EXOSC7,EXOSC7
KIFAP3,RABL2B,KIFAP3,,KIFAP3,,,,KIFAP3,,KIFAP3,,,,,AVP,,SLC7A14,,CCNP,,,,,KIFAP3,,KIFAP3,KIFAP3,,KIFAP3,,KIFAP3,KIFAP3,,KIFAP3,KIFAP3,,KIFAP3,KIFAP3,KIFAP3,,KIFAP3,KIFAP3,KIFAP3,KIFAP3,KIFAP3,,KIFAP3,GATB,KIFAP3,KIFAP3,KIFAP3,,KIFAP3,KIFAP3,,,,KIFAP3,KIFAP3,KIFAP3,,,KIFAP3,,,KIFAP3,,KIFAP3,KIFAP3,,KIFAP3,KIFAP3,KIFAP3,,OSBPL6,KIFAP3,,KIFAP3,KIFAP3,KIFAP3,KIFAP3,,KIFAP3,KIFAP3,KIFAP3,,,KIFAP3,,,KIFAP3,,KIFAP3,,KIFAP3,KIFAP3,,KIFAP3,KIFAP3
MKRN2,KEAP1,MKRN2,,MKRN2,,,,MKRN2,,MKRN2,,,,,COL20A1,,RHBDF1,,GPI,,,,,MKRN2,,MKRN2,MKRN2,,MKRN2,,MKRN2,MKRN2,,MKRN2,MKRN2,,MKRN2,MKRN2,MKRN2,,MKRN2,MKRN2,MKRN2,MKRN2,MKRN2,,MKRN2,GATB,MKRN2,MKRN2,MKRN2,,MKRN2,MKRN2,,,,MKRN2,MKRN2,MKRN2,,,MKRN2,,,MKRN2,,MKRN2,MKRN2,,MKRN2,MKRN2,MKRN2,,SLC1A3,MKRN2,,MKRN2,MKRN2,MKRN2,MKRN2,,MKRN2,MKRN2,MKRN2,,,MKRN2,,,MKRN2,,MKRN2,,MKRN2,MKRN2,,MKRN2,MKRN2
MCM6,DDX43,MCM6,,MCM6,,,,MCM6,,MCM6,,,,,CHRNA4,,VEZT,,AKT2,,,,,MCM6,,MCM6,MCM6,,MCM6,,MCM6,MCM6,,MCM6,MCM6,,MCM6,MCM6,MCM6,,MCM6,MCM6,MCM6,MCM6,MCM6,,MCM6,GATB,MCM6,MCM6,MCM6,,MCM6,MCM6,,,,MCM6,MCM6,MCM6,,,MCM6,,,MCM6,,MCM6,MCM6,,MCM6,MCM6,MCM6,,XRCC5,MCM6,,MCM6,MCM6,MCM6,MCM6,,MCM6,MCM6,MCM6,,,MCM6,,,MCM6,,MCM6,,MCM6,MCM6,,MCM6,MCM6
REXO2,PTPRH,REXO2,,REXO2,,,,REXO2,,REXO2,,,,,EEF1A2,,AASS,,PLD3,,,,,REXO2,,REXO2,REXO2,,REXO2,,REXO2,REXO2,,REXO2,REXO2,,REXO2,REXO2,REXO2,,REXO2,REXO2,REXO2,REXO2,REXO2,,REXO2,GATB,REXO2,REXO2,REXO2,,REXO2,REXO2,,,,REXO2,REXO2,REXO2,,,REXO2,,,REXO2,,REXO2,REXO2,,REXO2,REXO2,REXO2,,LXN,REXO2,,REXO2,REXO2,REXO2,REXO2,,REXO2,REXO2,REXO2,,,REXO2,,,REXO2,,REXO2,,REXO2,REXO2,,REXO2,REXO2
RBM7,DCT,RBM7,,RBM7,,,,RBM7,,RBM7,,,,,PTK6,,PRDM1,,PRX,,,,,RBM7,,RBM7,RBM7,,RBM7,,RBM7,RBM7,,RBM7,RBM7,,RBM7,RBM7,RBM7,,RBM7,RBM7,RBM7,RBM7,RBM7,,RBM7,GATB,RBM7,RBM7,RBM7,,RBM7,RBM7,,,,RBM7,RBM7,RBM7,,,RBM7,,,RBM7,,RBM7,RBM7,,RBM7,RBM7,RBM7,,SP140,RBM7,,RBM7,RBM7,RBM7,RBM7,,RBM7,RBM7,RBM7,,,RBM7,,,RBM7,,RBM7,,RBM7,RBM7,,RBM7,RBM7
RBMS2,SLC35C2,RBMS2,,RBMS2,,,,RBMS2,,RBMS2,,,,,GMEB2,,TNFRSF1B,,PIAS4,,,,,RBMS2,,RBMS2,RBMS2,,RBMS2,,RBMS2,RBMS2,,RBMS2,RBMS2,,RBMS2,RBMS2,RBMS2,,RBMS2,RBMS2,RBMS2,RBMS2,RBMS2,,RBMS2,GATB,RBMS2,RBMS2,RBMS2,,RBMS2,RBMS2,,,,RBMS2,RBMS2,RBMS2,,,RBMS2,,,RBMS2,,RBMS2,RBMS2,,RBMS2,RBMS2,RBMS2,,MKNK1,RBMS2,,RBMS2,RBMS2,RBMS2,RBMS2,,RBMS2,RBMS2,RBMS2,,,RBMS2,,,RBMS2,,RBMS2,,RBMS2,RBMS2,,RBMS2,RBMS2
BAZ2A,EPHA6,BAZ2A,,BAZ2A,,,,BAZ2A,,BAZ2A,,,,,C20orf27,,IL17RB,,NUMBL,,,,,BAZ2A,,BAZ2A,BAZ2A,,BAZ2A,,BAZ2A,BAZ2A,,BAZ2A,BAZ2A,,BAZ2A,BAZ2A,BAZ2A,,BAZ2A,BAZ2A,BAZ2A,BAZ2A,BAZ2A,,BAZ2A,GATB,BAZ2A,BAZ2A,BAZ2A,,BAZ2A,BAZ2A,,,,BAZ2A,BAZ2A,BAZ2A,,,BAZ2A,,,BAZ2A,,BAZ2A,BAZ2A,,BAZ2A,BAZ2A,BAZ2A,,TNS1,BAZ2A,,BAZ2A,BAZ2A,BAZ2A,BAZ2A,,BAZ2A,BAZ2A,BAZ2A,,,BAZ2A,,,BAZ2A,,BAZ2A,,BAZ2A,BAZ2A,,BAZ2A,BAZ2A
PTPN23,SCTR,PTPN23,,PTPN23,,,,PTPN23,,PTPN23,,,,,SPEF1,,ICA1,,EBI3,,,,,PTPN23,,PTPN23,PTPN23,,PTPN23,,PTPN23,PTPN23,,PTPN23,PTPN23,,PTPN23,PTPN23,PTPN23,,PTPN23,PTPN23,PTPN23,PTPN23,PTPN23,,PTPN23,GATB,PTPN23,PTPN23,PTPN23,,PTPN23,PTPN23,,,,PTPN23,PTPN23,PTPN23,,,PTPN23,,,PTPN23,,PTPN23,PTPN23,,PTPN23,PTPN23,PTPN23,,REXO1,PTPN23,,PTPN23,PTPN23,PTPN23,PTPN23,,PTPN23,PTPN23,PTPN23,,,PTPN23,,,PTPN23,,PTPN23,,PTPN23,PTPN23,,PTPN23,PTPN23
MLH1,RFX3,MLH1,,MLH1,,,,MLH1,,MLH1,,,,,CDC25B,,IL12RB1,,YJU2,,,,,MLH1,,MLH1,MLH1,,MLH1,,MLH1,MLH1,,MLH1,MLH1,,MLH1,MLH1,MLH1,,MLH1,MLH1,MLH1,MLH1,MLH1,,MLH1,GATB,MLH1,MLH1,MLH1,,MLH1,MLH1,,,,MLH1,MLH1,MLH1,,,MLH1,,,MLH1,,MLH1,MLH1,,MLH1,MLH1,MLH1,,SAR1A,MLH1,,MLH1,MLH1,MLH1,MLH1,,MLH1,MLH1,MLH1,,,MLH1,,,MLH1,,MLH1,,MLH1,MLH1,,MLH1,MLH1
UNG,RIF1,UNG,,UNG,,,,UNG,,UNG,,,,,ISM1,,IL7,,SHD,,,,,UNG,,UNG,UNG,,UNG,,UNG,UNG,,UNG,UNG,,UNG,UNG,UNG,,UNG,UNG,UNG,UNG,UNG,,UNG,GATB,UNG,UNG,UNG,,UNG,UNG,,,,UNG,UNG,UNG,,,UNG,,,UNG,,UNG,UNG,,UNG,UNG,UNG,,CDC14A,UNG,,UNG,UNG,UNG,UNG,,UNG,UNG,UNG,,,UNG,,,UNG,,UNG,,UNG,UNG,,UNG,UNG
FMO4,RAB21,FMO4,,FMO4,,,,FMO4,,FMO4,,,,,RNF24,,GUCY1B1,,TBCB,,,,,FMO4,,FMO4,FMO4,,FMO4,,FMO4,FMO4,,FMO4,FMO4,,FMO4,FMO4,FMO4,,FMO4,FMO4,FMO4,FMO4,FMO4,,FMO4,GATB,FMO4,FMO4,FMO4,,FMO4,FMO4,,,,FMO4,FMO4,FMO4,,,FMO4,,,FMO4,,FMO4,FMO4,,FMO4,FMO4,FMO4,,RAPGEF3,FMO4,,FMO4,FMO4,FMO4,FMO4,,FMO4,FMO4,FMO4,,,FMO4,,,FMO4,,FMO4,,FMO4,FMO4,,FMO4,FMO4
KLHL20,SLC4A4,KLHL20,,KLHL20,,,,KLHL20,,KLHL20,,,,,ARFRP1,,TRAF1,,FSD1,,,,,KLHL20,,KLHL20,KLHL20,,KLHL20,,KLHL20,KLHL20,,KLHL20,KLHL20,,KLHL20,KLHL20,KLHL20,,KLHL20,KLHL20,KLHL20,KLHL20,KLHL20,,KLHL20,GATB,KLHL20,KLHL20,KLHL20,,KLHL20,KLHL20,,,,KLHL20,KLHL20,KLHL20,,,KLHL20,,,KLHL20,,KLHL20,KLHL20,,KLHL20,KLHL20,KLHL20,,CEACAM1,KLHL20,,KLHL20,KLHL20,KLHL20,KLHL20,,KLHL20,KLHL20,KLHL20,,,KLHL20,,,KLHL20,,KLHL20,,KLHL20,KLHL20,,KLHL20,KLHL20
RGS11,SMARCA2,RGS11,,RGS11,,,,RGS11,,RGS11,,,,,NDUFAF5,,SCARB1,,POLR2I,,,,,RGS11,,RGS11,RGS11,,RGS11,,RGS11,RGS11,,RGS11,RGS11,,RGS11,RGS11,RGS11,,RGS11,RGS11,RGS11,RGS11,RGS11,,RGS11,GATB,RGS11,RGS11,RGS11,,RGS11,RGS11,,,,RGS11,RGS11,RGS11,,,RGS11,,,RGS11,,RGS11,RGS11,,RGS11,RGS11,RGS11,,SENP1,RGS11,,RGS11,RGS11,RGS11,RGS11,,RGS11,RGS11,RGS11,,,RGS11,,,RGS11,,RGS11,,RGS11,RGS11,,RGS11,RGS11
SLC46A1,RDH8,SLC46A1,,SLC46A1,,,,SLC46A1,,SLC46A1,,,,,SEL1L2,,CCL17,,OVOL3,,,,,SLC46A1,,SLC46A1,SLC46A1,,SLC46A1,,SLC46A1,SLC46A1,,SLC46A1,SLC46A1,,SLC46A1,SLC46A1,SLC46A1,,SLC46A1,SLC46A1,SLC46A1,SLC46A1,SLC46A1,,SLC46A1,GATB,SLC46A1,SLC46A1,SLC46A1,,SLC46A1,SLC46A1,,,,SLC46A1,SLC46A1,SLC46A1,,,SLC46A1,,,SLC46A1,,SLC46A1,SLC46A1,,SLC46A1,SLC46A1,SLC46A1,,DUSP13,SLC46A1,,SLC46A1,SLC46A1,SLC46A1,SLC46A1,,SLC46A1,SLC46A1,SLC46A1,,,SLC46A1,,,SLC46A1,,SLC46A1,,SLC46A1,SLC46A1,,SLC46A1,SLC46A1
PLXNA2,SESN1,PLXNA2,,PLXNA2,,,,PLXNA2,,PLXNA2,,,,,TRIB3,,KYNU,,CLIP3,,,,,PLXNA2,,PLXNA2,PLXNA2,,PLXNA2,,PLXNA2,PLXNA2,,PLXNA2,PLXNA2,,PLXNA2,PLXNA2,PLXNA2,,PLXNA2,PLXNA2,PLXNA2,PLXNA2,PLXNA2,,PLXNA2,GATB,PLXNA2,PLXNA2,PLXNA2,,PLXNA2,PLXNA2,,,,PLXNA2,PLXNA2,PLXNA2,,,PLXNA2,,,PLXNA2,,PLXNA2,PLXNA2,,PLXNA2,PLXNA2,PLXNA2,,CIC,PLXNA2,,PLXNA2,PLXNA2,PLXNA2,PLXNA2,,PLXNA2,PLXNA2,PLXNA2,,,PLXNA2,,,PLXNA2,,PLXNA2,,PLXNA2,PLXNA2,,PLXNA2,PLXNA2
SPAG5,COL5A3,SPAG5,,SPAG5,,,,SPAG5,,SPAG5,,,,,RASSF2,,BTN2A2,,ZFR2,,,,,SPAG5,,SPAG5,SPAG5,,SPAG5,,SPAG5,SPAG5,,SPAG5,SPAG5,,SPAG5,SPAG5,SPAG5,,SPAG5,SPAG5,SPAG5,SPAG5,SPAG5,,SPAG5,GATB,SPAG5,SPAG5,SPAG5,,SPAG5,SPAG5,,,,SPAG5,SPAG5,SPAG5,,,SPAG5,,,SPAG5,,SPAG5,SPAG5,,SPAG5,SPAG5,SPAG5,,LIPE,SPAG5,,SPAG5,SPAG5,SPAG5,SPAG5,,SPAG5,SPAG5,SPAG5,,,SPAG5,,,SPAG5,,SPAG5,,SPAG5,SPAG5,,SPAG5,SPAG5
ANKRD13A,SRCAP,ANKRD13A,,ANKRD13A,,,,ANKRD13A,,ANKRD13A,,,,,CSNK2A1,,RUNX3,,SLC1A5,,,,,ANKRD13A,,ANKRD13A,ANKRD13A,,ANKRD13A,,ANKRD13A,ANKRD13A,,ANKRD13A,ANKRD13A,,ANKRD13A,ANKRD13A,ANKRD13A,,ANKRD13A,ANKRD13A,ANKRD13A,ANKRD13A,ANKRD13A,,ANKRD13A,GATB,ANKRD13A,ANKRD13A,ANKRD13A,,ANKRD13A,ANKRD13A,,,,ANKRD13A,ANKRD13A,ANKRD13A,,,ANKRD13A,,,ANKRD13A,,ANKRD13A,ANKRD13A,,ANKRD13A,ANKRD13A,ANKRD13A,,FDFT1,ANKRD13A,,ANKRD13A,ANKRD13A,ANKRD13A,ANKRD13A,,ANKRD13A,ANKRD13A,ANKRD13A,,,ANKRD13A,,,ANKRD13A,,ANKRD13A,,ANKRD13A,ANKRD13A,,ANKRD13A,ANKRD13A
TPD52,PUM3,TPD52,,TPD52,,,,TPD52,,TPD52,,,,,SLC52A3,,TRAF3,,PRKD2,,,,,TPD52,,TPD52,TPD52,,TPD52,,TPD52,TPD52,,TPD52,TPD52,,TPD52,TPD52,TPD52,,TPD52,TPD52,TPD52,TPD52,TPD52,,TPD52,GATB,TPD52,TPD52,TPD52,,TPD52,TPD52,,,,TPD52,TPD52,TPD52,,,TPD52,,,TPD52,,TPD52,TPD52,,TPD52,TPD52,TPD52,,PAFAH1B3,TPD52,,TPD52,TPD52,TPD52,TPD52,,TPD52,TPD52,TPD52,,,TPD52,,,TPD52,,TPD52,,TPD52,TPD52,,TPD52,TPD52
ACACB,CPB2,ACACB,,ACACB,,,,ACACB,,ACACB,,,,,ANGPT4,,ITGA2B,,TJP3,,,,,ACACB,,ACACB,ACACB,,ACACB,,ACACB,ACACB,,ACACB,ACACB,,ACACB,ACACB,ACACB,,ACACB,ACACB,ACACB,ACACB,ACACB,,ACACB,GATB,ACACB,ACACB,ACACB,,ACACB,ACACB,,,,ACACB,ACACB,ACACB,,,ACACB,,,ACACB,,ACACB,ACACB,,ACACB,ACACB,ACACB,,AFM,ACACB,,ACACB,ACACB,ACACB,ACACB,,ACACB,ACACB,ACACB,,,ACACB,,,ACACB,,ACACB,,ACACB,ACACB,,ACACB,ACACB
TRAF4,CHRNA3,TRAF4,,TRAF4,,,,TRAF4,,TRAF4,,,,,RSPO4,,TFRC,,APLP1,,,,,TRAF4,,TRAF4,TRAF4,,TRAF4,,TRAF4,TRAF4,,TRAF4,TRAF4,,TRAF4,TRAF4,TRAF4,,TRAF4,TRAF4,TRAF4,TRAF4,TRAF4,,TRAF4,GATB,TRAF4,TRAF4,TRAF4,,TRAF4,TRAF4,,,,TRAF4,TRAF4,TRAF4,,,TRAF4,,,TRAF4,,TRAF4,TRAF4,,TRAF4,TRAF4,TRAF4,,KIF22,TRAF4,,TRAF4,TRAF4,TRAF4,TRAF4,,TRAF4,TRAF4,TRAF4,,,TRAF4,,,TRAF4,,TRAF4,,TRAF4,TRAF4,,TRAF4,TRAF4
PAG1,KCNN2,PAG1,,PAG1,,,,PAG1,,PAG1,,,,,CDS2,,CD37,,CACTIN,,,,,PAG1,,PAG1,PAG1,,PAG1,,PAG1,PAG1,,PAG1,PAG1,,PAG1,PAG1,PAG1,,PAG1,PAG1,PAG1,PAG1,PAG1,,PAG1,GATB,PAG1,PAG1,PAG1,,PAG1,PAG1,,,,PAG1,PAG1,PAG1,,,PAG1,,,PAG1,,PAG1,PAG1,,PAG1,PAG1,PAG1,,SCGN,PAG1,,PAG1,PAG1,PAG1,PAG1,,PAG1,PAG1,PAG1,,,PAG1,,,PAG1,,PAG1,,PAG1,PAG1,,PAG1,PAG1
GPATCH1,CNOT4,GPATCH1,,GPATCH1,,,,GPATCH1,,GPATCH1,,,,,PROKR2,,SELL,,CCDC9,,,,,GPATCH1,,GPATCH1,GPATCH1,,GPATCH1,,GPATCH1,GPATCH1,,GPATCH1,GPATCH1,,GPATCH1,GPATCH1,GPATCH1,,GPATCH1,GPATCH1,GPATCH1,GPATCH1,GPATCH1,,GPATCH1,GATB,GPATCH1,GPATCH1,GPATCH1,,GPATCH1,GPATCH1,,,,GPATCH1,GPATCH1,GPATCH1,,,GPATCH1,,,GPATCH1,,GPATCH1,GPATCH1,,GPATCH1,GPATCH1,GPATCH1,,CARMIL1,GPATCH1,,GPATCH1,GPATCH1,GPATCH1,GPATCH1,,GPATCH1,GPATCH1,GPATCH1,,,GPATCH1,,,GPATCH1,,GPATCH1,,GPATCH1,GPATCH1,,GPATCH1,GPATCH1
ICAM3,PSEN1,ICAM3,,ICAM3,,,,ICAM3,,ICAM3,,,,,HM13,,VEZT,,HNRNPUL1,,,,,ICAM3,,ICAM3,ICAM3,,ICAM3,,ICAM3,ICAM3,,ICAM3,ICAM3,,ICAM3,ICAM3,ICAM3,,ICAM3,ICAM3,ICAM3,ICAM3,ICAM3,,ICAM3,GATB,ICAM3,ICAM3,ICAM3,,ICAM3,ICAM3,,,,ICAM3,ICAM3,ICAM3,,,ICAM3,,,ICAM3,,ICAM3,ICAM3,,ICAM3,ICAM3,ICAM3,,PGM1,ICAM3,,ICAM3,ICAM3,ICAM3,ICAM3,,ICAM3,ICAM3,ICAM3,,,ICAM3,,,ICAM3,,ICAM3,,ICAM3,ICAM3,,ICAM3,ICAM3
NT5C2,CPOX,NT5C2,,NT5C2,,,,NT5C2,,NT5C2,,,,,SNPH,,FCGR2B,,FZR1,,,,,NT5C2,,NT5C2,NT5C2,,NT5C2,,NT5C2,NT5C2,,NT5C2,NT5C2,,NT5C2,NT5C2,NT5C2,,NT5C2,NT5C2,NT5C2,NT5C2,NT5C2,,NT5C2,GATB,NT5C2,NT5C2,NT5C2,,NT5C2,NT5C2,,,,NT5C2,NT5C2,NT5C2,,,NT5C2,,,NT5C2,,NT5C2,NT5C2,,NT5C2,NT5C2,NT5C2,,DDX1,NT5C2,,NT5C2,NT5C2,NT5C2,NT5C2,,NT5C2,NT5C2,NT5C2,,,NT5C2,,,NT5C2,,NT5C2,,NT5C2,NT5C2,,NT5C2,NT5C2
MCAM,CLDND1,MCAM,,MCAM,,,,MCAM,,MCAM,,,,,MYLK2,,BTN3A3,,BBC3,,,,,MCAM,,MCAM,MCAM,,MCAM,,MCAM,MCAM,,MCAM,MCAM,,MCAM,MCAM,MCAM,,MCAM,MCAM,MCAM,MCAM,MCAM,,MCAM,GATB,MCAM,MCAM,MCAM,,MCAM,MCAM,,,,MCAM,MCAM,MCAM,,,MCAM,,,MCAM,,MCAM,MCAM,,MCAM,MCAM,MCAM,,DNM2,MCAM,,MCAM,MCAM,MCAM,MCAM,,MCAM,MCAM,MCAM,,,MCAM,,,MCAM,,MCAM,,MCAM,MCAM,,MCAM,MCAM
CAMSAP3,MOK,CAMSAP3,,CAMSAP3,,,,CAMSAP3,,CAMSAP3,,,,,SIRPB1,,TRAF3IP2,,TGFB1,,,,,CAMSAP3,,CAMSAP3,CAMSAP3,,CAMSAP3,,CAMSAP3,CAMSAP3,,CAMSAP3,CAMSAP3,,CAMSAP3,CAMSAP3,CAMSAP3,,CAMSAP3,CAMSAP3,CAMSAP3,CAMSAP3,CAMSAP3,,CAMSAP3,GATB,CAMSAP3,CAMSAP3,CAMSAP3,,CAMSAP3,CAMSAP3,,,,CAMSAP3,CAMSAP3,CAMSAP3,,,CAMSAP3,,,CAMSAP3,,CAMSAP3,CAMSAP3,,CAMSAP3,CAMSAP3,CAMSAP3,,EPB41L2,CAMSAP3,,CAMSAP3,CAMSAP3,CAMSAP3,CAMSAP3,,CAMSAP3,CAMSAP3,CAMSAP3,,,CAMSAP3,,,CAMSAP3,,CAMSAP3,,CAMSAP3,CAMSAP3,,CAMSAP3,CAMSAP3
RAP1GAP,HSP90AA1,RAP1GAP,,RAP1GAP,,,,RAP1GAP,,RAP1GAP,,,,,SEC23B,,TFEC,,DENND3,,,,,RAP1GAP,,RAP1GAP,RAP1GAP,,RAP1GAP,,RAP1GAP,RAP1GAP,,RAP1GAP,RAP1GAP,,RAP1GAP,RAP1GAP,RAP1GAP,,RAP1GAP,RAP1GAP,RAP1GAP,RAP1GAP,RAP1GAP,,RAP1GAP,GATB,RAP1GAP,RAP1GAP,RAP1GAP,,RAP1GAP,RAP1GAP,,,,RAP1GAP,RAP1GAP,RAP1GAP,,,RAP1GAP,,,RAP1GAP,,RAP1GAP,RAP1GAP,,RAP1GAP,RAP1GAP,RAP1GAP,,RIMS1,RAP1GAP,,RAP1GAP,RAP1GAP,RAP1GAP,RAP1GAP,,RAP1GAP,RAP1GAP,RAP1GAP,,,RAP1GAP,,,RAP1GAP,,RAP1GAP,,RAP1GAP,RAP1GAP,,RAP1GAP,RAP1GAP
XAB2,RBL1,XAB2,,XAB2,,,,XAB2,,XAB2,,,,,FERMT1,,GCLM,,DMAC2,,,,,XAB2,,XAB2,XAB2,,XAB2,,XAB2,XAB2,,XAB2,XAB2,,XAB2,XAB2,XAB2,,XAB2,XAB2,XAB2,XAB2,XAB2,,XAB2,GATB,XAB2,XAB2,XAB2,,XAB2,XAB2,,,,XAB2,XAB2,XAB2,,,XAB2,,,XAB2,,XAB2,XAB2,,XAB2,XAB2,XAB2,,MOXD1,XAB2,,XAB2,XAB2,XAB2,XAB2,,XAB2,XAB2,XAB2,,,XAB2,,,XAB2,,XAB2,,XAB2,XAB2,,XAB2,XAB2
ARHGEF1,DLGAP4,ARHGEF1,,ARHGEF1,,,,ARHGEF1,,ARHGEF1,,,,,HAO1,,NCDN,,CEACAM4,,,,,ARHGEF1,,ARHGEF1,ARHGEF1,,ARHGEF1,,ARHGEF1,ARHGEF1,,ARHGEF1,ARHGEF1,,ARHGEF1,ARHGEF1,ARHGEF1,,ARHGEF1,ARHGEF1,ARHGEF1,ARHGEF1,ARHGEF1,,ARHGEF1,GATB,ARHGEF1,ARHGEF1,ARHGEF1,,ARHGEF1,ARHGEF1,,,,ARHGEF1,ARHGEF1,ARHGEF1,,,ARHGEF1,,,ARHGEF1,,ARHGEF1,ARHGEF1,,ARHGEF1,ARHGEF1,ARHGEF1,,STX7,ARHGEF1,,ARHGEF1,ARHGEF1,ARHGEF1,ARHGEF1,,ARHGEF1,ARHGEF1,ARHGEF1,,,ARHGEF1,,,ARHGEF1,,ARHGEF1,,ARHGEF1,ARHGEF1,,ARHGEF1,ARHGEF1
STXBP2,IGSF9B,STXBP2,,STXBP2,,,,STXBP2,,STXBP2,,,,,PDYN,,LUC7L,,PLIN3,,,,,STXBP2,,STXBP2,STXBP2,,STXBP2,,STXBP2,STXBP2,,STXBP2,STXBP2,,STXBP2,STXBP2,STXBP2,,STXBP2,STXBP2,STXBP2,STXBP2,STXBP2,,STXBP2,GATB,STXBP2,STXBP2,STXBP2,,STXBP2,STXBP2,,,,STXBP2,STXBP2,STXBP2,,,STXBP2,,,STXBP2,,STXBP2,STXBP2,,STXBP2,STXBP2,STXBP2,,RABL2B,STXBP2,,STXBP2,STXBP2,STXBP2,STXBP2,,STXBP2,STXBP2,STXBP2,,,STXBP2,,,STXBP2,,STXBP2,,STXBP2,STXBP2,,STXBP2,STXBP2
MAP2K7,CFHR2,MAP2K7,,MAP2K7,,,,MAP2K7,,MAP2K7,,,,,CCM2L,,TFEC,,MYH14,,,,,MAP2K7,,MAP2K7,MAP2K7,,MAP2K7,,MAP2K7,MAP2K7,,MAP2K7,MAP2K7,,MAP2K7,MAP2K7,MAP2K7,,MAP2K7,MAP2K7,MAP2K7,MAP2K7,MAP2K7,,MAP2K7,GATB,MAP2K7,MAP2K7,MAP2K7,,MAP2K7,MAP2K7,,,,MAP2K7,MAP2K7,MAP2K7,,,MAP2K7,,,MAP2K7,,MAP2K7,MAP2K7,,MAP2K7,MAP2K7,MAP2K7,,KEAP1,MAP2K7,,MAP2K7,MAP2K7,MAP2K7,MAP2K7,,MAP2K7,MAP2K7,MAP2K7,,,MAP2K7,,,MAP2K7,,MAP2K7,,MAP2K7,MAP2K7,,MAP2K7,MAP2K7
NMRK2,NDUFS1,NMRK2,,NMRK2,,,,NMRK2,,NMRK2,,,,,PLCB4,,TNFSF13B,,SIGLEC8,,,,,NMRK2,,NMRK2,NMRK2,,NMRK2,,NMRK2,NMRK2,,NMRK2,NMRK2,,NMRK2,NMRK2,NMRK2,,NMRK2,NMRK2,NMRK2,NMRK2,NMRK2,,NMRK2,GATB,NMRK2,NMRK2,NMRK2,,NMRK2,NMRK2,,,,NMRK2,NMRK2,NMRK2,,,NMRK2,,,NMRK2,,NMRK2,NMRK2,,NMRK2,NMRK2,NMRK2,,DDX43,NMRK2,,NMRK2,NMRK2,NMRK2,NMRK2,,NMRK2,NMRK2,NMRK2,,,NMRK2,,,NMRK2,,NMRK2,,NMRK2,NMRK2,,NMRK2,NMRK2
DGKD,RB1CC1,DGKD,,DGKD,,,,DGKD,,DGKD,,,,,MYL9,,ICA1,,RDH11,,,,,DGKD,,DGKD,DGKD,,DGKD,,DGKD,DGKD,,DGKD,DGKD,,DGKD,DGKD,DGKD,,DGKD,DGKD,DGKD,DGKD,DGKD,,DGKD,GATB,DGKD,DGKD,DGKD,,DGKD,DGKD,,,,DGKD,DGKD,DGKD,,,DGKD,,,DGKD,,DGKD,DGKD,,DGKD,DGKD,DGKD,,PTPRH,DGKD,,DGKD,DGKD,DGKD,DGKD,,DGKD,DGKD,DGKD,,,DGKD,,,DGKD,,DGKD,,DGKD,DGKD,,DGKD,DGKD
CTTNBP2,VPS50,CTTNBP2,,CTTNBP2,,,,CTTNBP2,,CTTNBP2,,,,,HCK,,IFIT2,,PRKACA,,,,,CTTNBP2,,CTTNBP2,CTTNBP2,,CTTNBP2,,CTTNBP2,CTTNBP2,,CTTNBP2,CTTNBP2,,CTTNBP2,CTTNBP2,CTTNBP2,,CTTNBP2,CTTNBP2,CTTNBP2,CTTNBP2,CTTNBP2,,CTTNBP2,GATB,CTTNBP2,CTTNBP2,CTTNBP2,,CTTNBP2,CTTNBP2,,,,CTTNBP2,CTTNBP2,CTTNBP2,,,CTTNBP2,,,CTTNBP2,,CTTNBP2,CTTNBP2,,CTTNBP2,CTTNBP2,CTTNBP2,,DCT,CTTNBP2,,CTTNBP2,CTTNBP2,CTTNBP2,CTTNBP2,,CTTNBP2,CTTNBP2,CTTNBP2,,,CTTNBP2,,,CTTNBP2,,CTTNBP2,,CTTNBP2,CTTNBP2,,CTTNBP2,CTTNBP2
ACTL6B,ARHGAP33,ACTL6B,,ACTL6B,,,,ACTL6B,,ACTL6B,,,,,TM9SF4,,KYNU,,ADGRL1,,,,,ACTL6B,,ACTL6B,ACTL6B,,ACTL6B,,ACTL6B,ACTL6B,,ACTL6B,ACTL6B,,ACTL6B,ACTL6B,ACTL6B,,ACTL6B,ACTL6B,ACTL6B,ACTL6B,ACTL6B,,ACTL6B,GATB,ACTL6B,ACTL6B,ACTL6B,,ACTL6B,ACTL6B,,,,ACTL6B,ACTL6B,ACTL6B,,,ACTL6B,,,ACTL6B,,ACTL6B,ACTL6B,,ACTL6B,ACTL6B,ACTL6B,,SLC35C2,ACTL6B,,ACTL6B,ACTL6B,ACTL6B,ACTL6B,,ACTL6B,ACTL6B,ACTL6B,,,ACTL6B,,,ACTL6B,,ACTL6B,,ACTL6B,ACTL6B,,ACTL6B,ACTL6B
RARB,VPS41,RARB,,RARB,,,,RARB,,RARB,,,,,TLDC2,,BTN1A1,,SPP2,,,,,RARB,,RARB,RARB,,RARB,,RARB,RARB,,RARB,RARB,,RARB,RARB,RARB,,RARB,RARB,RARB,RARB,RARB,,RARB,GATB,RARB,RARB,RARB,,RARB,RARB,,,,RARB,RARB,RARB,,,RARB,,,RARB,,RARB,RARB,,RARB,RARB,RARB,,CRYBG3,RARB,,RARB,RARB,RARB,RARB,,RARB,RARB,RARB,,,RARB,,,RARB,,RARB,,RARB,RARB,,RARB,RARB
TOP2B,ADSS2,TOP2B,,TOP2B,,,,TOP2B,,TOP2B,,,,,CRNKL1,,CCL11,,ACTN1,,,,,TOP2B,,TOP2B,TOP2B,,TOP2B,,TOP2B,TOP2B,,TOP2B,TOP2B,,TOP2B,TOP2B,TOP2B,,TOP2B,TOP2B,TOP2B,TOP2B,TOP2B,,TOP2B,GATB,TOP2B,TOP2B,TOP2B,,TOP2B,TOP2B,,,,TOP2B,TOP2B,TOP2B,,,TOP2B,,,TOP2B,,TOP2B,TOP2B,,TOP2B,TOP2B,TOP2B,,EPHA6,TOP2B,,TOP2B,TOP2B,TOP2B,TOP2B,,TOP2B,TOP2B,TOP2B,,,TOP2B,,,TOP2B,,TOP2B,,TOP2B,TOP2B,,TOP2B,TOP2B
TM9SF3,ZZZ3,TM9SF3,,TM9SF3,,,,TM9SF3,,TM9SF3,,,,,POFUT1,,LUC7L,,ZFYVE26,,,,,TM9SF3,,TM9SF3,TM9SF3,,TM9SF3,,TM9SF3,TM9SF3,,TM9SF3,TM9SF3,,TM9SF3,TM9SF3,TM9SF3,,TM9SF3,TM9SF3,TM9SF3,TM9SF3,TM9SF3,,TM9SF3,GATB,TM9SF3,TM9SF3,TM9SF3,,TM9SF3,TM9SF3,,,,TM9SF3,TM9SF3,TM9SF3,,,TM9SF3,,,TM9SF3,,TM9SF3,TM9SF3,,TM9SF3,TM9SF3,TM9SF3,,SCTR,TM9SF3,,TM9SF3,TM9SF3,TM9SF3,TM9SF3,,TM9SF3,TM9SF3,TM9SF3,,,TM9SF3,,,TM9SF3,,TM9SF3,,TM9SF3,TM9SF3,,TM9SF3,TM9SF3
NFKB2,ADGRA2,NFKB2,,NFKB2,,,,NFKB2,,NFKB2,,,,,SAMHD1,,SCARB1,,EPN2,,,,,NFKB2,,NFKB2,NFKB2,,NFKB2,,NFKB2,NFKB2,,NFKB2,NFKB2,,NFKB2,NFKB2,NFKB2,,NFKB2,NFKB2,NFKB2,NFKB2,NFKB2,,NFKB2,GATB,NFKB2,NFKB2,NFKB2,,NFKB2,NFKB2,,,,NFKB2,NFKB2,NFKB2,,,NFKB2,,,NFKB2,,NFKB2,NFKB2,,NFKB2,NFKB2,NFKB2,,RFX3,NFKB2,,NFKB2,NFKB2,NFKB2,NFKB2,,NFKB2,NFKB2,NFKB2,,,NFKB2,,,NFKB2,,NFKB2,,NFKB2,NFKB2,,NFKB2,NFKB2
UBE2T,CCT8L1P,UBE2T,,UBE2T,,,,UBE2T,,UBE2T,,,,,PAK5,,IL34,,PTPN18,,,,,UBE2T,,UBE2T,UBE2T,,UBE2T,,UBE2T,UBE2T,,UBE2T,UBE2T,,UBE2T,UBE2T,UBE2T,,UBE2T,UBE2T,UBE2T,UBE2T,UBE2T,,UBE2T,GATB,UBE2T,UBE2T,UBE2T,,UBE2T,UBE2T,,,,UBE2T,UBE2T,UBE2T,,,UBE2T,,,UBE2T,,UBE2T,UBE2T,,UBE2T,UBE2T,UBE2T,,RIF1,UBE2T,,UBE2T,UBE2T,UBE2T,UBE2T,,UBE2T,UBE2T,UBE2T,,,UBE2T,,,UBE2T,,UBE2T,,UBE2T,UBE2T,,UBE2T,UBE2T
PPP1R12B,ZFP64,PPP1R12B,,PPP1R12B,,,,PPP1R12B,,PPP1R12B,,,,,KIF3B,,CYTH3,,LIMS2,,,,,PPP1R12B,,PPP1R12B,PPP1R12B,,PPP1R12B,,PPP1R12B,PPP1R12B,,PPP1R12B,PPP1R12B,,PPP1R12B,PPP1R12B,PPP1R12B,,PPP1R12B,PPP1R12B,PPP1R12B,PPP1R12B,PPP1R12B,,PPP1R12B,GATB,PPP1R12B,PPP1R12B,PPP1R12B,,PPP1R12B,PPP1R12B,,,,PPP1R12B,PPP1R12B,PPP1R12B,,,PPP1R12B,,,PPP1R12B,,PPP1R12B,PPP1R12B,,PPP1R12B,PPP1R12B,PPP1R12B,,RAB21,PPP1R12B,,PPP1R12B,PPP1R12B,PPP1R12B,PPP1R12B,,PPP1R12B,PPP1R12B,PPP1R12B,,,PPP1R12B,,,PPP1R12B,,PPP1R12B,,PPP1R12B,PPP1R12B,,PPP1R12B,PPP1R12B
DNAJC10,MNAT1,DNAJC10,,DNAJC10,,,,DNAJC10,,DNAJC10,,,,,MROH8,,TRAF3IP3,,ASIC4,,,,,DNAJC10,,DNAJC10,DNAJC10,,DNAJC10,,DNAJC10,DNAJC10,,DNAJC10,DNAJC10,,DNAJC10,DNAJC10,DNAJC10,,DNAJC10,DNAJC10,DNAJC10,DNAJC10,DNAJC10,,DNAJC10,GATB,DNAJC10,DNAJC10,DNAJC10,,DNAJC10,DNAJC10,,,,DNAJC10,DNAJC10,DNAJC10,,,DNAJC10,,,DNAJC10,,DNAJC10,DNAJC10,,DNAJC10,DNAJC10,DNAJC10,,SLC4A4,DNAJC10,,DNAJC10,DNAJC10,DNAJC10,DNAJC10,,DNAJC10,DNAJC10,DNAJC10,,,DNAJC10,,,DNAJC10,,DNAJC10,,DNAJC10,DNAJC10,,DNAJC10,DNAJC10
GTF3C1,SAMD4A,GTF3C1,,GTF3C1,,,,GTF3C1,,GTF3C1,,,,,NOP56,,OSGEP,,SPEG,,,,,GTF3C1,,GTF3C1,GTF3C1,,GTF3C1,,GTF3C1,GTF3C1,,GTF3C1,GTF3C1,,GTF3C1,GTF3C1,GTF3C1,,GTF3C1,GTF3C1,GTF3C1,GTF3C1,GTF3C1,,GTF3C1,GATB,GTF3C1,GTF3C1,GTF3C1,,GTF3C1,GTF3C1,,,,GTF3C1,GTF3C1,GTF3C1,,,GTF3C1,,,GTF3C1,,GTF3C1,GTF3C1,,GTF3C1,GTF3C1,GTF3C1,,SMARCA2,GTF3C1,,GTF3C1,GTF3C1,GTF3C1,GTF3C1,,GTF3C1,GTF3C1,GTF3C1,,,GTF3C1,,,GTF3C1,,GTF3C1,,GTF3C1,GTF3C1,,GTF3C1,GTF3C1
IL4R,RUNX3,IL4R,,IL4R,,,,IL4R,,IL4R,,,,,MANBAL,,TFEC,,LNX1,,,,,IL4R,,IL4R,IL4R,,IL4R,,IL4R,IL4R,,IL4R,IL4R,,IL4R,IL4R,IL4R,,IL4R,IL4R,IL4R,IL4R,IL4R,,IL4R,GATB,IL4R,IL4R,IL4R,,IL4R,IL4R,,,,IL4R,IL4R,IL4R,,,IL4R,,,IL4R,,IL4R,IL4R,,IL4R,IL4R,IL4R,,RDH8,IL4R,,IL4R,IL4R,IL4R,IL4R,,IL4R,IL4R,IL4R,,,IL4R,,,IL4R,,IL4R,,IL4R,IL4R,,IL4R,IL4R
USP33,MRE11,USP33,,USP33,,,,USP33,,USP33,,,,,IDH3B,,KYNU,,ALDH3A2,,,,,USP33,,USP33,USP33,,USP33,,USP33,USP33,,USP33,USP33,,USP33,USP33,USP33,,USP33,USP33,USP33,USP33,USP33,,USP33,GATB,USP33,USP33,USP33,,USP33,USP33,,,,USP33,USP33,USP33,,,USP33,,,USP33,,USP33,USP33,,USP33,USP33,USP33,,SESN1,USP33,,USP33,USP33,USP33,USP33,,USP33,USP33,USP33,,,USP33,,,USP33,,USP33,,USP33,USP33,,USP33,USP33
SNRPA,PLEKHB1,SNRPA,,SNRPA,,,,SNRPA,,SNRPA,,,,,MAPRE1,,LY75,,SREBF1,,,,,SNRPA,,SNRPA,SNRPA,,SNRPA,,SNRPA,SNRPA,,SNRPA,SNRPA,,SNRPA,SNRPA,SNRPA,,SNRPA,SNRPA,SNRPA,SNRPA,SNRPA,,SNRPA,GATB,SNRPA,SNRPA,SNRPA,,SNRPA,SNRPA,,,,SNRPA,SNRPA,SNRPA,,,SNRPA,,,SNRPA,,SNRPA,SNRPA,,SNRPA,SNRPA,SNRPA,,COL5A3,SNRPA,,SNRPA,SNRPA,SNRPA,SNRPA,,SNRPA,SNRPA,SNRPA,,,SNRPA,,,SNRPA,,SNRPA,,SNRPA,SNRPA,,SNRPA,SNRPA
SPAG6,CYP3A43,SPAG6,,SPAG6,,,,SPAG6,,SPAG6,,,,,JAG1,,LGALS13,,UBE2D1,,,,,SPAG6,,SPAG6,SPAG6,,SPAG6,,SPAG6,SPAG6,,SPAG6,SPAG6,,SPAG6,SPAG6,SPAG6,,SPAG6,SPAG6,SPAG6,SPAG6,SPAG6,,SPAG6,GATB,SPAG6,SPAG6,SPAG6,,SPAG6,SPAG6,,,,SPAG6,SPAG6,SPAG6,,,SPAG6,,,SPAG6,,SPAG6,SPAG6,,SPAG6,SPAG6,SPAG6,,SRCAP,SPAG6,,SPAG6,SPAG6,SPAG6,SPAG6,,SPAG6,SPAG6,SPAG6,,,SPAG6,,,SPAG6,,SPAG6,,SPAG6,SPAG6,,SPAG6,SPAG6
EXOSC5,SLC7A9,EXOSC5,,EXOSC5,,,,EXOSC5,,EXOSC5,,,,,CDK5RAP1,,IL20RA,,MPP5,,,,,EXOSC5,,EXOSC5,EXOSC5,,EXOSC5,,EXOSC5,EXOSC5,,EXOSC5,EXOSC5,,EXOSC5,EXOSC5,EXOSC5,,EXOSC5,EXOSC5,EXOSC5,EXOSC5,EXOSC5,,EXOSC5,GATB,EXOSC5,EXOSC5,EXOSC5,,EXOSC5,EXOSC5,,,,EXOSC5,EXOSC5,EXOSC5,,,EXOSC5,,,EXOSC5,,EXOSC5,EXOSC5,,EXOSC5,EXOSC5,EXOSC5,,PUM3,EXOSC5,,EXOSC5,EXOSC5,EXOSC5,EXOSC5,,EXOSC5,EXOSC5,EXOSC5,,,EXOSC5,,,EXOSC5,,EXOSC5,,EXOSC5,EXOSC5,,EXOSC5,EXOSC5
DYNC1I2,SPAST,DYNC1I2,,DYNC1I2,,,,DYNC1I2,,DYNC1I2,,,,,SNTA1,,PGLYRP1,,RHOBTB1,,,,,DYNC1I2,,DYNC1I2,DYNC1I2,,DYNC1I2,,DYNC1I2,DYNC1I2,,DYNC1I2,DYNC1I2,,DYNC1I2,DYNC1I2,DYNC1I2,,DYNC1I2,DYNC1I2,DYNC1I2,DYNC1I2,DYNC1I2,,DYNC1I2,GATB,DYNC1I2,DYNC1I2,DYNC1I2,,DYNC1I2,DYNC1I2,,,,DYNC1I2,DYNC1I2,DYNC1I2,,,DYNC1I2,,,DYNC1I2,,DYNC1I2,DYNC1I2,,DYNC1I2,DYNC1I2,DYNC1I2,,CPB2,DYNC1I2,,DYNC1I2,DYNC1I2,DYNC1I2,DYNC1I2,,DYNC1I2,DYNC1I2,DYNC1I2,,,DYNC1I2,,,DYNC1I2,,DYNC1I2,,DYNC1I2,DYNC1I2,,DYNC1I2,DYNC1I2
APBB1IP,NRXN3,APBB1IP,,APBB1IP,,,,APBB1IP,,APBB1IP,,,,,OXT,,TNF,,MARK2,,,,,APBB1IP,,APBB1IP,APBB1IP,,APBB1IP,,APBB1IP,APBB1IP,,APBB1IP,APBB1IP,,APBB1IP,APBB1IP,APBB1IP,,APBB1IP,APBB1IP,APBB1IP,APBB1IP,APBB1IP,,APBB1IP,GATB,APBB1IP,APBB1IP,APBB1IP,,APBB1IP,APBB1IP,,,,APBB1IP,APBB1IP,APBB1IP,,,APBB1IP,,,APBB1IP,,APBB1IP,APBB1IP,,APBB1IP,APBB1IP,APBB1IP,,CHRNA3,APBB1IP,,APBB1IP,APBB1IP,APBB1IP,APBB1IP,,APBB1IP,APBB1IP,APBB1IP,,,APBB1IP,,,APBB1IP,,APBB1IP,,APBB1IP,APBB1IP,,APBB1IP,APBB1IP
LRCH4,OSBPL5,LRCH4,,LRCH4,,,,LRCH4,,LRCH4,,,,,TTI1,,TFRC,,HMMR,,,,,LRCH4,,LRCH4,LRCH4,,LRCH4,,LRCH4,LRCH4,,LRCH4,LRCH4,,LRCH4,LRCH4,LRCH4,,LRCH4,LRCH4,LRCH4,LRCH4,LRCH4,,LRCH4,GATB,LRCH4,LRCH4,LRCH4,,LRCH4,LRCH4,,,,LRCH4,LRCH4,LRCH4,,,LRCH4,,,LRCH4,,LRCH4,LRCH4,,LRCH4,LRCH4,LRCH4,,KCNN2,LRCH4,,LRCH4,LRCH4,LRCH4,LRCH4,,LRCH4,LRCH4,LRCH4,,,LRCH4,,,LRCH4,,LRCH4,,LRCH4,LRCH4,,LRCH4,LRCH4
FAM76B,AQR,FAM76B,,FAM76B,,,,FAM76B,,FAM76B,,,,,E2F1,,AQR,,CHFR,,,,,FAM76B,,FAM76B,FAM76B,,FAM76B,,FAM76B,FAM76B,,FAM76B,FAM76B,,FAM76B,FAM76B,FAM76B,,FAM76B,FAM76B,FAM76B,FAM76B,FAM76B,,FAM76B,GATB,FAM76B,FAM76B,FAM76B,,FAM76B,FAM76B,,,,FAM76B,FAM76B,FAM76B,,,FAM76B,,,FAM76B,,FAM76B,FAM76B,,FAM76B,FAM76B,FAM76B,,CNOT4,FAM76B,,FAM76B,FAM76B,FAM76B,FAM76B,,FAM76B,FAM76B,FAM76B,,,FAM76B,,,FAM76B,,FAM76B,,FAM76B,FAM76B,,FAM76B,FAM76B
SIRT6,RTF2,SIRT6,,SIRT6,,,,SIRT6,,SIRT6,,,,,RPRD1B,,KYNU,,TRHDE,,,,,SIRT6,,SIRT6,SIRT6,,SIRT6,,SIRT6,SIRT6,,SIRT6,SIRT6,,SIRT6,SIRT6,SIRT6,,SIRT6,SIRT6,SIRT6,SIRT6,SIRT6,,SIRT6,GATB,SIRT6,SIRT6,SIRT6,,SIRT6,SIRT6,,,,SIRT6,SIRT6,SIRT6,,,SIRT6,,,SIRT6,,SIRT6,SIRT6,,SIRT6,SIRT6,SIRT6,,PSEN1,SIRT6,,SIRT6,SIRT6,SIRT6,SIRT6,,SIRT6,SIRT6,SIRT6,,,SIRT6,,,SIRT6,,SIRT6,,SIRT6,SIRT6,,SIRT6,SIRT6
TYR,GABRA1,TYR,,TYR,,,,TYR,,TYR,,,,,PXMP4,,TFEC,,P4HA2,,,,,TYR,,TYR,TYR,,TYR,,TYR,TYR,,TYR,TYR,,TYR,TYR,TYR,,TYR,TYR,TYR,TYR,TYR,,TYR,GATB,TYR,TYR,TYR,,TYR,TYR,,,,TYR,TYR,TYR,,,TYR,,,TYR,,TYR,TYR,,TYR,TYR,TYR,,CPOX,TYR,,TYR,TYR,TYR,TYR,,TYR,TYR,TYR,,,TYR,,,TYR,,TYR,,TYR,TYR,,TYR,TYR
POLD3,NLRP2,POLD3,,POLD3,,,,POLD3,,POLD3,,,,,CHMP4B,,CCL26,,TRNT1,,,,,POLD3,,POLD3,POLD3,,POLD3,,POLD3,POLD3,,POLD3,POLD3,,POLD3,POLD3,POLD3,,POLD3,POLD3,POLD3,POLD3,POLD3,,POLD3,GATB,POLD3,POLD3,POLD3,,POLD3,POLD3,,,,POLD3,POLD3,POLD3,,,POLD3,,,POLD3,,POLD3,POLD3,,POLD3,POLD3,POLD3,,CLDND1,POLD3,,POLD3,POLD3,POLD3,POLD3,,POLD3,POLD3,POLD3,,,POLD3,,,POLD3,,POLD3,,POLD3,POLD3,,POLD3,POLD3
ACTN2,SLC45A4,ACTN2,,ACTN2,,,,ACTN2,,ACTN2,,,,,BPI,,SERPINB1,,ACADVL,,,,,ACTN2,,ACTN2,ACTN2,,ACTN2,,ACTN2,ACTN2,,ACTN2,ACTN2,,ACTN2,ACTN2,ACTN2,,ACTN2,ACTN2,ACTN2,ACTN2,ACTN2,,ACTN2,GATB,ACTN2,ACTN2,ACTN2,,ACTN2,ACTN2,,,,ACTN2,ACTN2,ACTN2,,,ACTN2,,,ACTN2,,ACTN2,ACTN2,,ACTN2,ACTN2,ACTN2,,MOK,ACTN2,,ACTN2,ACTN2,ACTN2,ACTN2,,ACTN2,ACTN2,ACTN2,,,ACTN2,,,ACTN2,,ACTN2,,ACTN2,ACTN2,,ACTN2,ACTN2
CAPZB,RNF10,CAPZB,,CAPZB,,,,CAPZB,,CAPZB,,,,,CST9L,,IL17RB,,STK10,,,,,CAPZB,,CAPZB,CAPZB,,CAPZB,,CAPZB,CAPZB,,CAPZB,CAPZB,,CAPZB,CAPZB,CAPZB,,CAPZB,CAPZB,CAPZB,CAPZB,CAPZB,,CAPZB,GATB,CAPZB,CAPZB,CAPZB,,CAPZB,CAPZB,,,,CAPZB,CAPZB,CAPZB,,,CAPZB,,,CAPZB,,CAPZB,CAPZB,,CAPZB,CAPZB,CAPZB,,HSP90AA1,CAPZB,,CAPZB,CAPZB,CAPZB,CAPZB,,CAPZB,CAPZB,CAPZB,,,CAPZB,,,CAPZB,,CAPZB,,CAPZB,CAPZB,,CAPZB,CAPZB
GPR137B,ZNF839,GPR137B,,GPR137B,,,,GPR137B,,GPR137B,,,,,SLC32A1,,VEZT,,FBXW11,,,,,GPR137B,,GPR137B,GPR137B,,GPR137B,,GPR137B,GPR137B,,GPR137B,GPR137B,,GPR137B,GPR137B,GPR137B,,GPR137B,GPR137B,GPR137B,GPR137B,GPR137B,,GPR137B,GATB,GPR137B,GPR137B,GPR137B,,GPR137B,GPR137B,,,,GPR137B,GPR137B,GPR137B,,,GPR137B,,,GPR137B,,GPR137B,GPR137B,,GPR137B,GPR137B,GPR137B,,RBL1,GPR137B,,GPR137B,GPR137B,GPR137B,GPR137B,,GPR137B,GPR137B,GPR137B,,,GPR137B,,,GPR137B,,GPR137B,,GPR137B,GPR137B,,GPR137B,GPR137B
NAALAD2,ZDHHC6,NAALAD2,,NAALAD2,,,,NAALAD2,,NAALAD2,,,,,CST3,,KYNU,,ACAP1,,,,,NAALAD2,,NAALAD2,NAALAD2,,NAALAD2,,NAALAD2,NAALAD2,,NAALAD2,NAALAD2,,NAALAD2,NAALAD2,NAALAD2,,NAALAD2,NAALAD2,NAALAD2,NAALAD2,NAALAD2,,NAALAD2,GATB,NAALAD2,NAALAD2,NAALAD2,,NAALAD2,NAALAD2,,,,NAALAD2,NAALAD2,NAALAD2,,,NAALAD2,,,NAALAD2,,NAALAD2,NAALAD2,,NAALAD2,NAALAD2,NAALAD2,,DLGAP4,NAALAD2,,NAALAD2,NAALAD2,NAALAD2,NAALAD2,,NAALAD2,NAALAD2,NAALAD2,,,NAALAD2,,,NAALAD2,,NAALAD2,,NAALAD2,NAALAD2,,NAALAD2,NAALAD2
JADE1,GRAMD1B,JADE1,,JADE1,,,,JADE1,,JADE1,,,,,ASIP,,IL12B2,,CRMP1,,,,,JADE1,,JADE1,JADE1,,JADE1,,JADE1,JADE1,,JADE1,JADE1,,JADE1,JADE1,JADE1,,JADE1,JADE1,JADE1,JADE1,JADE1,,JADE1,GATB,JADE1,JADE1,JADE1,,JADE1,JADE1,,,,JADE1,JADE1,JADE1,,,JADE1,,,JADE1,,JADE1,JADE1,,JADE1,JADE1,JADE1,,IGSF9B,JADE1,,JADE1,JADE1,JADE1,JADE1,,JADE1,JADE1,JADE1,,,JADE1,,,JADE1,,JADE1,,JADE1,JADE1,,JADE1,JADE1
FGFR1,RNH1,FGFR1,,FGFR1,,,,FGFR1,,FGFR1,,,,,CST4,,IL32,,EVC,,,,,FGFR1,,FGFR1,FGFR1,,FGFR1,,FGFR1,FGFR1,,FGFR1,FGFR1,,FGFR1,FGFR1,FGFR1,,FGFR1,FGFR1,FGFR1,FGFR1,FGFR1,,FGFR1,GATB,FGFR1,FGFR1,FGFR1,,FGFR1,FGFR1,,,,FGFR1,FGFR1,FGFR1,,,FGFR1,,,FGFR1,,FGFR1,FGFR1,,FGFR1,FGFR1,FGFR1,,CFHR2,FGFR1,,FGFR1,FGFR1,FGFR1,FGFR1,,FGFR1,FGFR1,FGFR1,,,FGFR1,,,FGFR1,,FGFR1,,FGFR1,FGFR1,,FGFR1,FGFR1
FKBP6,ERP44,FKBP6,,FKBP6,,,,FKBP6,,FKBP6,,,,,ACTR5,,IL12RB1,,DERL2,,,,,FKBP6,,FKBP6,FKBP6,,FKBP6,,FKBP6,FKBP6,,FKBP6,FKBP6,,FKBP6,FKBP6,FKBP6,,FKBP6,FKBP6,FKBP6,FKBP6,FKBP6,,FKBP6,GATB,FKBP6,FKBP6,FKBP6,,FKBP6,FKBP6,,,,FKBP6,FKBP6,FKBP6,,,FKBP6,,,FKBP6,,FKBP6,FKBP6,,FKBP6,FKBP6,FKBP6,,,FKBP6,,FKBP6,FKBP6,FKBP6,FKBP6,,FKBP6,FKBP6,FKBP6,,,FKBP6,,,FKBP6,,FKBP6,,FKBP6,FKBP6,,FKBP6,FKBP6
SMC1B,AKAP11,SMC1B,,SMC1B,,,,SMC1B,,SMC1B,,,,,WFDC2,,LGALS2,,SIDT1,,,,,SMC1B,,SMC1B,SMC1B,,SMC1B,,SMC1B,SMC1B,,SMC1B,SMC1B,,SMC1B,SMC1B,SMC1B,,SMC1B,SMC1B,SMC1B,SMC1B,SMC1B,,SMC1B,GATB,SMC1B,SMC1B,SMC1B,,SMC1B,SMC1B,,,,SMC1B,SMC1B,SMC1B,,,SMC1B,,,SMC1B,,SMC1B,SMC1B,,SMC1B,SMC1B,SMC1B,,,SMC1B,,SMC1B,SMC1B,SMC1B,SMC1B,,SMC1B,SMC1B,SMC1B,,,SMC1B,,,SMC1B,,SMC1B,,SMC1B,SMC1B,,SMC1B,SMC1B
FBLN1,GLRX2,FBLN1,,FBLN1,,,,FBLN1,,FBLN1,,,,,AHCY,,IL7,,NDE1,,,,,FBLN1,,FBLN1,FBLN1,,FBLN1,,FBLN1,FBLN1,,FBLN1,FBLN1,,FBLN1,FBLN1,FBLN1,,FBLN1,FBLN1,FBLN1,FBLN1,FBLN1,,FBLN1,GATB,FBLN1,FBLN1,FBLN1,,FBLN1,FBLN1,,,,FBLN1,FBLN1,FBLN1,,,FBLN1,,,FBLN1,,FBLN1,FBLN1,,FBLN1,FBLN1,FBLN1,,,FBLN1,,FBLN1,FBLN1,FBLN1,FBLN1,,FBLN1,FBLN1,FBLN1,,,FBLN1,,,FBLN1,,FBLN1,,FBLN1,FBLN1,,FBLN1,FBLN1
ITGA8,SNAPC1,ITGA8,,ITGA8,,,,ITGA8,,ITGA8,,,,,PPP1R16B,,TNFRSF12A,,IRAG1,,,,,ITGA8,,ITGA8,ITGA8,,ITGA8,,ITGA8,ITGA8,,ITGA8,ITGA8,,ITGA8,ITGA8,ITGA8,,ITGA8,ITGA8,ITGA8,ITGA8,ITGA8,,ITGA8,GATB,ITGA8,ITGA8,ITGA8,,ITGA8,ITGA8,,,,ITGA8,ITGA8,ITGA8,,,ITGA8,,,ITGA8,,ITGA8,ITGA8,,ITGA8,ITGA8,ITGA8,,,ITGA8,,ITGA8,ITGA8,ITGA8,ITGA8,,ITGA8,ITGA8,ITGA8,,,ITGA8,,,ITGA8,,ITGA8,,ITGA8,ITGA8,,ITGA8,ITGA8
CST7,DERA,CST7,,CST7,,,,CST7,,CST7,,,,,SPINT3,,FTL,,TMEM38A,,,,,CST7,,CST7,CST7,,CST7,,CST7,CST7,,CST7,CST7,,CST7,CST7,CST7,,CST7,CST7,CST7,CST7,CST7,,CST7,GATB,CST7,CST7,CST7,,CST7,CST7,,,,CST7,CST7,CST7,,,CST7,,,CST7,,CST7,CST7,,CST7,CST7,CST7,,,CST7,,CST7,CST7,CST7,CST7,,CST7,CST7,CST7,,,CST7,,,CST7,,CST7,,CST7,CST7,,CST7,CST7
MAP2,STRAP,MAP2,,MAP2,,,,MAP2,,MAP2,,,,,FAM83D,,TFEC,,AP1M1,,,,,MAP2,,MAP2,MAP2,,MAP2,,MAP2,MAP2,,MAP2,MAP2,,MAP2,MAP2,MAP2,,MAP2,MAP2,MAP2,MAP2,MAP2,,MAP2,GATB,MAP2,MAP2,MAP2,,MAP2,MAP2,,,,MAP2,MAP2,MAP2,,,MAP2,,,MAP2,,MAP2,MAP2,,MAP2,MAP2,MAP2,,,MAP2,,MAP2,MAP2,MAP2,MAP2,,MAP2,MAP2,MAP2,,,MAP2,,,MAP2,,MAP2,,MAP2,MAP2,,MAP2,MAP2
PIAS2,ABCC2,PIAS2,,PIAS2,,,,PIAS2,,PIAS2,,,,,EPPIN,,LTF,,PVR,,,,,PIAS2,,PIAS2,PIAS2,,PIAS2,,PIAS2,PIAS2,,PIAS2,PIAS2,,PIAS2,PIAS2,PIAS2,,PIAS2,PIAS2,PIAS2,PIAS2,PIAS2,,PIAS2,GATB,PIAS2,PIAS2,PIAS2,,PIAS2,PIAS2,,,,PIAS2,PIAS2,PIAS2,,,PIAS2,,,PIAS2,,PIAS2,PIAS2,,PIAS2,PIAS2,PIAS2,,,PIAS2,,PIAS2,PIAS2,PIAS2,PIAS2,,PIAS2,PIAS2,PIAS2,,,PIAS2,,,PIAS2,,PIAS2,,PIAS2,PIAS2,,PIAS2,PIAS2
AMPH,DEF6,AMPH,,AMPH,,,,AMPH,,AMPH,,,,,DHX35,,SCARB1,,XRCC1,,,,,AMPH,,AMPH,AMPH,,AMPH,,AMPH,AMPH,,AMPH,AMPH,,AMPH,AMPH,AMPH,,AMPH,AMPH,AMPH,AMPH,AMPH,,AMPH,GATB,AMPH,AMPH,AMPH,,AMPH,AMPH,,,,AMPH,AMPH,AMPH,,,AMPH,,,AMPH,,AMPH,AMPH,,AMPH,AMPH,AMPH,,,AMPH,,AMPH,AMPH,AMPH,AMPH,,AMPH,AMPH,AMPH,,,AMPH,,,AMPH,,AMPH,,AMPH,AMPH,,AMPH,AMPH
MCCC1,PLEKHO1,MCCC1,,MCCC1,,,,MCCC1,,MCCC1,,,,,DNTTIP1,,LCN2,,SCARB1,,,,,MCCC1,,MCCC1,MCCC1,,MCCC1,,MCCC1,MCCC1,,MCCC1,MCCC1,,MCCC1,MCCC1,MCCC1,,MCCC1,MCCC1,MCCC1,MCCC1,MCCC1,,MCCC1,GATB,MCCC1,MCCC1,MCCC1,,MCCC1,MCCC1,,,,MCCC1,MCCC1,MCCC1,,,MCCC1,,,MCCC1,,MCCC1,MCCC1,,MCCC1,MCCC1,MCCC1,,,MCCC1,,MCCC1,MCCC1,MCCC1,MCCC1,,MCCC1,MCCC1,MCCC1,,,MCCC1,,,MCCC1,,MCCC1,,MCCC1,MCCC1,,MCCC1,MCCC1
LAMP3,DEPDC1,LAMP3,,LAMP3,,,,LAMP3,,LAMP3,,,,,MAP1LC3A,,FTL,,CYP2W1,,,,,LAMP3,,LAMP3,LAMP3,,LAMP3,,LAMP3,LAMP3,,LAMP3,LAMP3,,LAMP3,LAMP3,LAMP3,,LAMP3,LAMP3,LAMP3,LAMP3,LAMP3,,LAMP3,GATB,LAMP3,LAMP3,LAMP3,,LAMP3,LAMP3,,,,LAMP3,LAMP3,LAMP3,,,LAMP3,,,LAMP3,,LAMP3,LAMP3,,LAMP3,LAMP3,LAMP3,,,LAMP3,,LAMP3,LAMP3,LAMP3,LAMP3,,LAMP3,LAMP3,LAMP3,,,LAMP3,,,LAMP3,,LAMP3,,LAMP3,LAMP3,,LAMP3,LAMP3
FAP,CCDC28A,FAP,,FAP,,,,FAP,,FAP,,,,,SYNDIG1,,LYPLA2,,MCM2,,,,,FAP,,FAP,FAP,,FAP,,FAP,FAP,,FAP,FAP,,FAP,FAP,FAP,,FAP,FAP,FAP,FAP,FAP,,FAP,GATB,FAP,FAP,FAP,,FAP,FAP,,,,FAP,FAP,FAP,,,FAP,,,FAP,,FAP,FAP,,FAP,FAP,FAP,,,FAP,,FAP,FAP,FAP,FAP,,FAP,FAP,FAP,,,FAP,,,FAP,,FAP,,FAP,FAP,,FAP,FAP
NEBL,RRAGD,NEBL,,NEBL,,,,NEBL,,NEBL,,,,,PIGU,,BTN2A1,,MOV10L1,,,,,NEBL,,NEBL,NEBL,,NEBL,,NEBL,NEBL,,NEBL,NEBL,,NEBL,NEBL,NEBL,,NEBL,NEBL,NEBL,NEBL,NEBL,,NEBL,GATB,NEBL,NEBL,NEBL,,NEBL,NEBL,,,,NEBL,NEBL,NEBL,,,NEBL,,,NEBL,,NEBL,NEBL,,NEBL,NEBL,NEBL,,,NEBL,,NEBL,NEBL,NEBL,NEBL,,NEBL,NEBL,NEBL,,,NEBL,,,NEBL,,NEBL,,NEBL,NEBL,,NEBL,NEBL
ACER3,HSF2,ACER3,,ACER3,,,,ACER3,,ACER3,,,,,TNNC2,,CD38,,PANX2,,,,,ACER3,,ACER3,ACER3,,ACER3,,ACER3,ACER3,,ACER3,ACER3,,ACER3,ACER3,ACER3,,ACER3,ACER3,ACER3,ACER3,ACER3,,ACER3,GATB,ACER3,ACER3,ACER3,,ACER3,ACER3,,,,ACER3,ACER3,ACER3,,,ACER3,,,ACER3,,ACER3,ACER3,,ACER3,ACER3,ACER3,,,ACER3,,ACER3,ACER3,ACER3,ACER3,,ACER3,ACER3,ACER3,,,ACER3,,,ACER3,,ACER3,,ACER3,ACER3,,ACER3,ACER3
UBE2K,SLC22A16,UBE2K,,UBE2K,,,,UBE2K,,UBE2K,,,,,ACOT8,,CCL22,,SELENOO,,,,,UBE2K,,UBE2K,UBE2K,,UBE2K,,UBE2K,UBE2K,,UBE2K,UBE2K,,UBE2K,UBE2K,UBE2K,,UBE2K,UBE2K,UBE2K,UBE2K,UBE2K,,UBE2K,GATB,UBE2K,UBE2K,UBE2K,,UBE2K,UBE2K,,,,UBE2K,UBE2K,UBE2K,,,UBE2K,,,UBE2K,,UBE2K,UBE2K,,UBE2K,UBE2K,UBE2K,,,UBE2K,,UBE2K,UBE2K,UBE2K,UBE2K,,UBE2K,UBE2K,UBE2K,,,UBE2K,,,UBE2K,,UBE2K,,UBE2K,UBE2K,,UBE2K,UBE2K
PIK3C3,NR1H3,PIK3C3,,PIK3C3,,,,PIK3C3,,PIK3C3,,,,,APMAP,,BTN3A3,,TP63,,,,,PIK3C3,,PIK3C3,PIK3C3,,PIK3C3,,PIK3C3,PIK3C3,,PIK3C3,PIK3C3,,PIK3C3,PIK3C3,PIK3C3,,PIK3C3,PIK3C3,PIK3C3,PIK3C3,PIK3C3,,PIK3C3,GATB,PIK3C3,PIK3C3,PIK3C3,,PIK3C3,PIK3C3,,,,PIK3C3,PIK3C3,PIK3C3,,,PIK3C3,,,PIK3C3,,PIK3C3,PIK3C3,,PIK3C3,PIK3C3,PIK3C3,,,PIK3C3,,PIK3C3,PIK3C3,PIK3C3,PIK3C3,,PIK3C3,PIK3C3,PIK3C3,,,PIK3C3,,,PIK3C3,,PIK3C3,,PIK3C3,PIK3C3,,PIK3C3,PIK3C3
N4BP2,TYMP,N4BP2,,N4BP2,,,,N4BP2,,N4BP2,,,,,CELF4,,FTL,,ALPK1,,,,,N4BP2,,N4BP2,N4BP2,,N4BP2,,N4BP2,N4BP2,,N4BP2,N4BP2,,N4BP2,N4BP2,N4BP2,,N4BP2,N4BP2,N4BP2,N4BP2,N4BP2,,N4BP2,GATB,N4BP2,N4BP2,N4BP2,,N4BP2,N4BP2,,,,N4BP2,N4BP2,N4BP2,,,N4BP2,,,N4BP2,,N4BP2,N4BP2,,N4BP2,N4BP2,N4BP2,,,N4BP2,,N4BP2,N4BP2,N4BP2,N4BP2,,N4BP2,N4BP2,N4BP2,,,N4BP2,,,N4BP2,,N4BP2,,N4BP2,N4BP2,,N4BP2,N4BP2
TIGAR,NCAPH2,TIGAR,,TIGAR,,,,TIGAR,,TIGAR,,,,,ZNF516,,VEZT,,LLGL2,,,,,TIGAR,,TIGAR,TIGAR,,TIGAR,,TIGAR,TIGAR,,TIGAR,TIGAR,,TIGAR,TIGAR,TIGAR,,TIGAR,TIGAR,TIGAR,TIGAR,TIGAR,,TIGAR,GATB,TIGAR,TIGAR,TIGAR,,TIGAR,TIGAR,,,,TIGAR,TIGAR,TIGAR,,,TIGAR,,,TIGAR,,TIGAR,TIGAR,,TIGAR,TIGAR,TIGAR,,,TIGAR,,TIGAR,TIGAR,TIGAR,TIGAR,,TIGAR,TIGAR,TIGAR,,,TIGAR,,,TIGAR,,TIGAR,,TIGAR,TIGAR,,TIGAR,TIGAR
TULP3,TOMM34,TULP3,,TULP3,,,,TULP3,,TULP3,,,,,CDH20,,RALA,,PDE8A,,,,,TULP3,,TULP3,TULP3,,TULP3,,TULP3,TULP3,,TULP3,TULP3,,TULP3,TULP3,TULP3,,TULP3,TULP3,TULP3,TULP3,TULP3,,TULP3,GATB,TULP3,TULP3,TULP3,,TULP3,TULP3,,,,TULP3,TULP3,TULP3,,,TULP3,,,TULP3,,TULP3,TULP3,,TULP3,TULP3,TULP3,,,TULP3,,TULP3,TULP3,TULP3,TULP3,,TULP3,TULP3,TULP3,,,TULP3,,,TULP3,,TULP3,,TULP3,TULP3,,TULP3,TULP3
SYNJ2,KPNA6,SYNJ2,,SYNJ2,,,,SYNJ2,,SYNJ2,,,,,ADNP2,,CD79B,,NLE1,,,,,SYNJ2,,SYNJ2,SYNJ2,,SYNJ2,,SYNJ2,SYNJ2,,SYNJ2,SYNJ2,,SYNJ2,SYNJ2,SYNJ2,,SYNJ2,SYNJ2,SYNJ2,SYNJ2,SYNJ2,,SYNJ2,GATB,SYNJ2,SYNJ2,SYNJ2,,SYNJ2,SYNJ2,,,,SYNJ2,SYNJ2,SYNJ2,,,SYNJ2,,,SYNJ2,,SYNJ2,SYNJ2,,SYNJ2,SYNJ2,SYNJ2,,,SYNJ2,,SYNJ2,SYNJ2,SYNJ2,SYNJ2,,SYNJ2,SYNJ2,SYNJ2,,,SYNJ2,,,SYNJ2,,SYNJ2,,SYNJ2,SYNJ2,,SYNJ2,SYNJ2
ADCY2,VIM,ADCY2,,ADCY2,,,,ADCY2,,ADCY2,,,,,RBFA,,TNIP3,,SDHA,,,,,ADCY2,,ADCY2,ADCY2,,ADCY2,,ADCY2,ADCY2,,ADCY2,ADCY2,,ADCY2,ADCY2,ADCY2,,ADCY2,ADCY2,ADCY2,ADCY2,ADCY2,,ADCY2,GATB,ADCY2,ADCY2,ADCY2,,ADCY2,ADCY2,,,,ADCY2,ADCY2,ADCY2,,,ADCY2,,,ADCY2,,ADCY2,ADCY2,,ADCY2,ADCY2,ADCY2,,,ADCY2,,ADCY2,ADCY2,ADCY2,ADCY2,,ADCY2,ADCY2,ADCY2,,,ADCY2,,,ADCY2,,ADCY2,,ADCY2,ADCY2,,ADCY2,ADCY2
PPP2R5C,RTEL1-TNFRSF6B,PPP2R5C,,PPP2R5C,,,,PPP2R5C,,PPP2R5C,,,,,USP14,,SCARB1,,SMARCE1,,,,,PPP2R5C,,PPP2R5C,PPP2R5C,,PPP2R5C,,PPP2R5C,PPP2R5C,,PPP2R5C,PPP2R5C,,PPP2R5C,PPP2R5C,PPP2R5C,,PPP2R5C,PPP2R5C,PPP2R5C,PPP2R5C,PPP2R5C,,PPP2R5C,GATB,PPP2R5C,PPP2R5C,PPP2R5C,,PPP2R5C,PPP2R5C,,,,PPP2R5C,PPP2R5C,PPP2R5C,,,PPP2R5C,,,PPP2R5C,,PPP2R5C,PPP2R5C,,PPP2R5C,PPP2R5C,PPP2R5C,,,PPP2R5C,,PPP2R5C,PPP2R5C,PPP2R5C,PPP2R5C,,PPP2R5C,PPP2R5C,PPP2R5C,,,PPP2R5C,,,PPP2R5C,,PPP2R5C,,PPP2R5C,PPP2R5C,,PPP2R5C,PPP2R5C
PMS2P1,RNASET2,PMS2P1,,PMS2P1,,,,PMS2P1,,PMS2P1,,,,,VAPA,,FTL,,FNDC8,,,,,PMS2P1,,PMS2P1,PMS2P1,,PMS2P1,,PMS2P1,PMS2P1,,PMS2P1,PMS2P1,,PMS2P1,PMS2P1,PMS2P1,,PMS2P1,PMS2P1,PMS2P1,PMS2P1,PMS2P1,,PMS2P1,GATB,PMS2P1,PMS2P1,PMS2P1,,PMS2P1,PMS2P1,,,,PMS2P1,PMS2P1,PMS2P1,,,PMS2P1,,,PMS2P1,,PMS2P1,PMS2P1,,PMS2P1,PMS2P1,PMS2P1,,,PMS2P1,,PMS2P1,PMS2P1,PMS2P1,PMS2P1,,PMS2P1,PMS2P1,PMS2P1,,,PMS2P1,,,PMS2P1,,PMS2P1,,PMS2P1,PMS2P1,,PMS2P1,PMS2P1
RBFOX1,KCNG1,RBFOX1,,RBFOX1,,,,RBFOX1,,RBFOX1,,,,,METTL4,,GCLM,,GSDMB,,,,,RBFOX1,,RBFOX1,RBFOX1,,RBFOX1,,RBFOX1,RBFOX1,,RBFOX1,RBFOX1,,RBFOX1,RBFOX1,RBFOX1,,RBFOX1,RBFOX1,RBFOX1,RBFOX1,RBFOX1,,RBFOX1,GATB,RBFOX1,RBFOX1,RBFOX1,,RBFOX1,RBFOX1,,,,RBFOX1,RBFOX1,RBFOX1,,,RBFOX1,,,RBFOX1,,RBFOX1,RBFOX1,,RBFOX1,RBFOX1,RBFOX1,,,RBFOX1,,RBFOX1,RBFOX1,RBFOX1,RBFOX1,,RBFOX1,RBFOX1,RBFOX1,,,RBFOX1,,,RBFOX1,,RBFOX1,,RBFOX1,RBFOX1,,RBFOX1,RBFOX1
GNB1,AGPAT4,GNB1,,GNB1,,,,GNB1,,GNB1,,,,,LPIN2,,CD74,,KDM5A,,,,,GNB1,,GNB1,GNB1,,GNB1,,GNB1,GNB1,,GNB1,GNB1,,GNB1,GNB1,GNB1,,GNB1,GNB1,GNB1,GNB1,GNB1,,GNB1,GATB,GNB1,GNB1,GNB1,,GNB1,GNB1,,,,GNB1,GNB1,GNB1,,,GNB1,,,GNB1,,GNB1,GNB1,,GNB1,GNB1,GNB1,,,GNB1,,GNB1,GNB1,GNB1,GNB1,,GNB1,GNB1,GNB1,,,GNB1,,,GNB1,,GNB1,,GNB1,GNB1,,GNB1,GNB1
HOXA9,INSRR,HOXA9,,HOXA9,,,,HOXA9,,HOXA9,,,,,SMCHD1,,IL23A,,ADAM11,,,,,HOXA9,,HOXA9,HOXA9,,HOXA9,,HOXA9,HOXA9,,HOXA9,HOXA9,,HOXA9,HOXA9,HOXA9,,HOXA9,HOXA9,HOXA9,HOXA9,HOXA9,,HOXA9,GATB,HOXA9,HOXA9,HOXA9,,HOXA9,HOXA9,,,,HOXA9,HOXA9,HOXA9,,,HOXA9,,,HOXA9,,HOXA9,HOXA9,,HOXA9,HOXA9,HOXA9,,,HOXA9,,HOXA9,HOXA9,HOXA9,HOXA9,,HOXA9,HOXA9,HOXA9,,,HOXA9,,,HOXA9,,HOXA9,,HOXA9,HOXA9,,HOXA9,HOXA9
EDN1,B4GALT7,EDN1,,EDN1,,,,EDN1,,EDN1,,,,,MYOM1,,HGF,,PPP2R3A,,,,,EDN1,,EDN1,EDN1,,EDN1,,EDN1,EDN1,,EDN1,EDN1,,EDN1,EDN1,EDN1,,EDN1,EDN1,EDN1,EDN1,EDN1,,EDN1,GATB,EDN1,EDN1,EDN1,,EDN1,EDN1,,,,EDN1,EDN1,EDN1,,,EDN1,,,EDN1,,EDN1,EDN1,,EDN1,EDN1,EDN1,,,EDN1,,EDN1,EDN1,EDN1,EDN1,,EDN1,EDN1,EDN1,,,EDN1,,,EDN1,,EDN1,,EDN1,EDN1,,EDN1,EDN1
MLLT10,SH2D2A,MLLT10,,MLLT10,,,,MLLT10,,MLLT10,,,,,MYL12A,,AASS,,FERMT2,,,,,MLLT10,,MLLT10,MLLT10,,MLLT10,,MLLT10,MLLT10,,MLLT10,MLLT10,,MLLT10,MLLT10,MLLT10,,MLLT10,MLLT10,MLLT10,MLLT10,MLLT10,,MLLT10,GATB,MLLT10,MLLT10,MLLT10,,MLLT10,MLLT10,,,,MLLT10,MLLT10,MLLT10,,,MLLT10,,,MLLT10,,MLLT10,MLLT10,,MLLT10,MLLT10,MLLT10,,,MLLT10,,MLLT10,MLLT10,MLLT10,MLLT10,,MLLT10,MLLT10,MLLT10,,,MLLT10,,,MLLT10,,MLLT10,,MLLT10,MLLT10,,MLLT10,MLLT10
ZCWPW1,VRK2,ZCWPW1,,ZCWPW1,,,,ZCWPW1,,ZCWPW1,,,,,CEP76,,ICAM4,,ABCB11,,,,,ZCWPW1,,ZCWPW1,ZCWPW1,,ZCWPW1,,ZCWPW1,ZCWPW1,,ZCWPW1,ZCWPW1,,ZCWPW1,ZCWPW1,ZCWPW1,,ZCWPW1,ZCWPW1,ZCWPW1,ZCWPW1,ZCWPW1,,ZCWPW1,GATB,ZCWPW1,ZCWPW1,ZCWPW1,,ZCWPW1,ZCWPW1,,,,ZCWPW1,ZCWPW1,ZCWPW1,,,ZCWPW1,,,ZCWPW1,,ZCWPW1,ZCWPW1,,ZCWPW1,ZCWPW1,ZCWPW1,,,ZCWPW1,,ZCWPW1,ZCWPW1,ZCWPW1,ZCWPW1,,ZCWPW1,ZCWPW1,ZCWPW1,,,ZCWPW1,,,ZCWPW1,,ZCWPW1,,ZCWPW1,ZCWPW1,,ZCWPW1,ZCWPW1
ADCYAP1R1,VEZT,ADCYAP1R1,,ADCYAP1R1,,,,ADCYAP1R1,,ADCYAP1R1,,,,,ST8SIA5,,TRAF3,,DHRS9,,,,,ADCYAP1R1,,ADCYAP1R1,ADCYAP1R1,,ADCYAP1R1,,ADCYAP1R1,ADCYAP1R1,,ADCYAP1R1,ADCYAP1R1,,ADCYAP1R1,ADCYAP1R1,ADCYAP1R1,,ADCYAP1R1,ADCYAP1R1,ADCYAP1R1,ADCYAP1R1,ADCYAP1R1,,ADCYAP1R1,GATB,ADCYAP1R1,ADCYAP1R1,ADCYAP1R1,,ADCYAP1R1,ADCYAP1R1,,,,ADCYAP1R1,ADCYAP1R1,ADCYAP1R1,,,ADCYAP1R1,,,ADCYAP1R1,,ADCYAP1R1,ADCYAP1R1,,ADCYAP1R1,ADCYAP1R1,ADCYAP1R1,,,ADCYAP1R1,,ADCYAP1R1,ADCYAP1R1,ADCYAP1R1,ADCYAP1R1,,ADCYAP1R1,ADCYAP1R1,ADCYAP1R1,,,ADCYAP1R1,,,ADCYAP1R1,,ADCYAP1R1,,ADCYAP1R1,ADCYAP1R1,,ADCYAP1R1,ADCYAP1R1
FGF20,POU2F2,FGF20,,FGF20,,,,FGF20,,FGF20,,,,,CEP192,,TFEC,,CD5L,,,,,FGF20,,FGF20,FGF20,,FGF20,,FGF20,FGF20,,FGF20,FGF20,,FGF20,FGF20,FGF20,,FGF20,FGF20,FGF20,FGF20,FGF20,,FGF20,GATB,FGF20,FGF20,FGF20,,FGF20,FGF20,,,,FGF20,FGF20,FGF20,,,FGF20,,,FGF20,,FGF20,FGF20,,FGF20,FGF20,FGF20,,,FGF20,,FGF20,FGF20,FGF20,FGF20,,FGF20,FGF20,FGF20,,,FGF20,,,FGF20,,FGF20,,FGF20,FGF20,,FGF20,FGF20
NRDC,BRD9,NRDC,,NRDC,,,,NRDC,,NRDC,,,,,RNMT,,CCL1,,PTGS2,,,,,NRDC,,NRDC,NRDC,,NRDC,,NRDC,NRDC,,NRDC,NRDC,,NRDC,NRDC,NRDC,,NRDC,NRDC,NRDC,NRDC,NRDC,,NRDC,GATB,NRDC,NRDC,NRDC,,NRDC,NRDC,,,,NRDC,NRDC,NRDC,,,NRDC,,,NRDC,,NRDC,NRDC,,NRDC,NRDC,NRDC,,,NRDC,,NRDC,NRDC,NRDC,NRDC,,NRDC,NRDC,NRDC,,,NRDC,,,NRDC,,NRDC,,NRDC,NRDC,,NRDC,NRDC
VDAC3,SNX1,VDAC3,,VDAC3,,,,VDAC3,,VDAC3,,,,,SMAD7,,CD79B,,IGF2BP2,,,,,VDAC3,,VDAC3,VDAC3,,VDAC3,,VDAC3,VDAC3,,VDAC3,VDAC3,,VDAC3,VDAC3,VDAC3,,VDAC3,VDAC3,VDAC3,VDAC3,VDAC3,,VDAC3,GATB,VDAC3,VDAC3,VDAC3,,VDAC3,VDAC3,,,,VDAC3,VDAC3,VDAC3,,,VDAC3,,,VDAC3,,VDAC3,VDAC3,,VDAC3,VDAC3,VDAC3,,,VDAC3,,VDAC3,VDAC3,VDAC3,VDAC3,,VDAC3,VDAC3,VDAC3,,,VDAC3,,,VDAC3,,VDAC3,,VDAC3,VDAC3,,VDAC3,VDAC3
PCM1,TBPL1,PCM1,,PCM1,,,,PCM1,,PCM1,,,,,LIPG,,TNFSF8,,MAP3K13,,,,,PCM1,,PCM1,PCM1,,PCM1,,PCM1,PCM1,,PCM1,PCM1,,PCM1,PCM1,PCM1,,PCM1,PCM1,PCM1,PCM1,PCM1,,PCM1,GATB,PCM1,PCM1,PCM1,,PCM1,PCM1,,,,PCM1,PCM1,PCM1,,,PCM1,,,PCM1,,PCM1,PCM1,,PCM1,PCM1,PCM1,,,PCM1,,PCM1,PCM1,PCM1,PCM1,,PCM1,PCM1,PCM1,,,PCM1,,,PCM1,,PCM1,,PCM1,PCM1,,PCM1,PCM1
TNRC6C,ARNTL2,TNRC6C,,TNRC6C,,,,TNRC6C,,TNRC6C,,,,,LAMA1,,SERPINA1,,ST6GAL1,,,,,TNRC6C,,TNRC6C,TNRC6C,,TNRC6C,,TNRC6C,TNRC6C,,TNRC6C,TNRC6C,,TNRC6C,TNRC6C,TNRC6C,,TNRC6C,TNRC6C,TNRC6C,TNRC6C,TNRC6C,,TNRC6C,GATB,TNRC6C,TNRC6C,TNRC6C,,TNRC6C,TNRC6C,,,,TNRC6C,TNRC6C,TNRC6C,,,TNRC6C,,,TNRC6C,,TNRC6C,TNRC6C,,TNRC6C,TNRC6C,TNRC6C,,,TNRC6C,,TNRC6C,TNRC6C,TNRC6C,TNRC6C,,TNRC6C,TNRC6C,TNRC6C,,,TNRC6C,,,TNRC6C,,TNRC6C,,TNRC6C,TNRC6C,,TNRC6C,TNRC6C
CBFA2T2,BCLAF1,CBFA2T2,,CBFA2T2,,,,CBFA2T2,,CBFA2T2,,,,,RNF125,,CD80,,TBX21,,,,,CBFA2T2,,CBFA2T2,CBFA2T2,,CBFA2T2,,CBFA2T2,CBFA2T2,,CBFA2T2,CBFA2T2,,CBFA2T2,CBFA2T2,CBFA2T2,,CBFA2T2,CBFA2T2,CBFA2T2,CBFA2T2,CBFA2T2,,CBFA2T2,GATB,CBFA2T2,CBFA2T2,CBFA2T2,,CBFA2T2,CBFA2T2,,,,CBFA2T2,CBFA2T2,CBFA2T2,,,CBFA2T2,,,CBFA2T2,,CBFA2T2,CBFA2T2,,CBFA2T2,CBFA2T2,CBFA2T2,,,CBFA2T2,,CBFA2T2,CBFA2T2,CBFA2T2,CBFA2T2,,CBFA2T2,CBFA2T2,CBFA2T2,,,CBFA2T2,,,CBFA2T2,,CBFA2T2,,CBFA2T2,CBFA2T2,,CBFA2T2,CBFA2T2
BRINP1,SLC39A9,BRINP1,,BRINP1,,,,BRINP1,,BRINP1,,,,,ANKRD12,,SLC6A15,,FRY,,,,,BRINP1,,BRINP1,BRINP1,,BRINP1,,BRINP1,BRINP1,,BRINP1,BRINP1,,BRINP1,BRINP1,BRINP1,,BRINP1,BRINP1,BRINP1,BRINP1,BRINP1,,BRINP1,GATB,BRINP1,BRINP1,BRINP1,,BRINP1,BRINP1,,,,BRINP1,BRINP1,BRINP1,,,BRINP1,,,BRINP1,,BRINP1,BRINP1,,BRINP1,BRINP1,BRINP1,,,BRINP1,,BRINP1,BRINP1,BRINP1,BRINP1,,BRINP1,BRINP1,BRINP1,,,BRINP1,,,BRINP1,,BRINP1,,BRINP1,BRINP1,,BRINP1,BRINP1
ITCH,ANK1,ITCH,,ITCH,,,,ITCH,,ITCH,,,,,NOL4,,IL15RA,,PICALM,,,,,ITCH,,ITCH,ITCH,,ITCH,,ITCH,ITCH,,ITCH,ITCH,,ITCH,ITCH,ITCH,,ITCH,ITCH,ITCH,ITCH,ITCH,,ITCH,GATB,ITCH,ITCH,ITCH,,ITCH,ITCH,,,,ITCH,ITCH,ITCH,,,ITCH,,,ITCH,,ITCH,ITCH,,ITCH,ITCH,ITCH,,,ITCH,,ITCH,ITCH,ITCH,ITCH,,ITCH,ITCH,ITCH,,,ITCH,,,ITCH,,ITCH,,ITCH,ITCH,,ITCH,ITCH
PKD2L2,IBSP,PKD2L2,,PKD2L2,,,,PKD2L2,,PKD2L2,,,,,POLI,,IL17RB,,NSF,,,,,PKD2L2,,PKD2L2,PKD2L2,,PKD2L2,,PKD2L2,PKD2L2,,PKD2L2,PKD2L2,,PKD2L2,PKD2L2,PKD2L2,,PKD2L2,PKD2L2,PKD2L2,PKD2L2,PKD2L2,,PKD2L2,GATB,PKD2L2,PKD2L2,PKD2L2,,PKD2L2,PKD2L2,,,,PKD2L2,PKD2L2,PKD2L2,,,PKD2L2,,,PKD2L2,,PKD2L2,PKD2L2,,PKD2L2,PKD2L2,PKD2L2,,,PKD2L2,,PKD2L2,PKD2L2,PKD2L2,PKD2L2,,PKD2L2,PKD2L2,PKD2L2,,,PKD2L2,,,PKD2L2,,PKD2L2,,PKD2L2,PKD2L2,,PKD2L2,PKD2L2
TP53INP2,TFB1M,TP53INP2,,TP53INP2,,,,TP53INP2,,TP53INP2,,,,,MIB1,,ADAM28,,GLI2,,,,,TP53INP2,,TP53INP2,TP53INP2,,TP53INP2,,TP53INP2,TP53INP2,,TP53INP2,TP53INP2,,TP53INP2,TP53INP2,TP53INP2,,TP53INP2,TP53INP2,TP53INP2,TP53INP2,TP53INP2,,TP53INP2,GATB,TP53INP2,TP53INP2,TP53INP2,,TP53INP2,TP53INP2,,,,TP53INP2,TP53INP2,TP53INP2,,,TP53INP2,,,TP53INP2,,TP53INP2,TP53INP2,,TP53INP2,TP53INP2,TP53INP2,,,TP53INP2,,TP53INP2,TP53INP2,TP53INP2,TP53INP2,,TP53INP2,TP53INP2,TP53INP2,,,TP53INP2,,,TP53INP2,,TP53INP2,,TP53INP2,TP53INP2,,TP53INP2,TP53INP2
SDF4,RABEP1,SDF4,,SDF4,,,,SDF4,,SDF4,,,,,RBBP8,,IL23A,,CLASP1,,,,,SDF4,,SDF4,SDF4,,SDF4,,SDF4,SDF4,,SDF4,SDF4,,SDF4,SDF4,SDF4,,SDF4,SDF4,SDF4,SDF4,SDF4,,SDF4,GATB,SDF4,SDF4,SDF4,,SDF4,SDF4,,,,SDF4,SDF4,SDF4,,,SDF4,,,SDF4,,SDF4,SDF4,,SDF4,SDF4,SDF4,,,SDF4,,SDF4,SDF4,SDF4,SDF4,,SDF4,SDF4,SDF4,,,SDF4,,,SDF4,,SDF4,,SDF4,SDF4,,SDF4,SDF4
MYH7B,NUP160,MYH7B,,MYH7B,,,,MYH7B,,MYH7B,,,,,RIOK3,,NFIX,,NOTCH3,,,,,MYH7B,,MYH7B,MYH7B,,MYH7B,,MYH7B,MYH7B,,MYH7B,MYH7B,,MYH7B,MYH7B,MYH7B,,MYH7B,MYH7B,MYH7B,MYH7B,MYH7B,,MYH7B,GATB,MYH7B,MYH7B,MYH7B,,MYH7B,MYH7B,,,,MYH7B,MYH7B,MYH7B,,,MYH7B,,,MYH7B,,MYH7B,MYH7B,,MYH7B,MYH7B,MYH7B,,,MYH7B,,MYH7B,MYH7B,MYH7B,MYH7B,,MYH7B,MYH7B,MYH7B,,,MYH7B,,,MYH7B,,MYH7B,,MYH7B,MYH7B,,MYH7B,MYH7B
BPIFB2,BAK1,BPIFB2,,BPIFB2,,,,BPIFB2,,BPIFB2,,,,,MCTS2P,,SERPINB3,,CLNS1A,,,,,BPIFB2,,BPIFB2,BPIFB2,,BPIFB2,,BPIFB2,BPIFB2,,BPIFB2,BPIFB2,,BPIFB2,BPIFB2,BPIFB2,,BPIFB2,BPIFB2,BPIFB2,BPIFB2,BPIFB2,,BPIFB2,GATB,BPIFB2,BPIFB2,BPIFB2,,BPIFB2,BPIFB2,,,,BPIFB2,BPIFB2,BPIFB2,,,BPIFB2,,,BPIFB2,,BPIFB2,BPIFB2,,BPIFB2,BPIFB2,BPIFB2,,,BPIFB2,,BPIFB2,BPIFB2,BPIFB2,BPIFB2,,BPIFB2,BPIFB2,BPIFB2,,,BPIFB2,,,BPIFB2,,BPIFB2,,BPIFB2,BPIFB2,,BPIFB2,BPIFB2
TP73,MUSK,TP73,,TP73,,,,TP73,,TP73,,,,,EEA1,,IL22RA1,,PPP2R2C,,,,,TP73,,TP73,TP73,,TP73,,TP73,TP73,,TP73,TP73,,TP73,TP73,TP73,,TP73,TP73,TP73,TP73,TP73,,TP73,GATB,TP73,TP73,TP73,,TP73,TP73,,,,TP73,TP73,TP73,,,TP73,,,TP73,,TP73,TP73,,TP73,TP73,TP73,,,TP73,,TP73,TP73,TP73,TP73,,TP73,TP73,TP73,,,TP73,,,TP73,,TP73,,TP73,TP73,,TP73,TP73
TOLLIP,IKZF2,TOLLIP,,TOLLIP,,,,TOLLIP,,TOLLIP,,,,,RUBCNL,,RUNX3,,TEAD2,,,,,TOLLIP,,TOLLIP,TOLLIP,,TOLLIP,,TOLLIP,TOLLIP,,TOLLIP,TOLLIP,,TOLLIP,TOLLIP,TOLLIP,,TOLLIP,TOLLIP,TOLLIP,TOLLIP,TOLLIP,,TOLLIP,GATB,TOLLIP,TOLLIP,TOLLIP,,TOLLIP,TOLLIP,,,,TOLLIP,TOLLIP,TOLLIP,,,TOLLIP,,,TOLLIP,,TOLLIP,TOLLIP,,TOLLIP,TOLLIP,TOLLIP,,,TOLLIP,,TOLLIP,TOLLIP,TOLLIP,TOLLIP,,TOLLIP,TOLLIP,TOLLIP,,,TOLLIP,,,TOLLIP,,TOLLIP,,TOLLIP,TOLLIP,,TOLLIP,TOLLIP
UBE2D4,GRN,UBE2D4,,UBE2D4,,,,UBE2D4,,UBE2D4,,,,,NALCN,,GIMAP6,,EED,,,,,UBE2D4,,UBE2D4,UBE2D4,,UBE2D4,,UBE2D4,UBE2D4,,UBE2D4,UBE2D4,,UBE2D4,UBE2D4,UBE2D4,,UBE2D4,UBE2D4,UBE2D4,UBE2D4,UBE2D4,,UBE2D4,GATB,UBE2D4,UBE2D4,UBE2D4,,UBE2D4,UBE2D4,,,,UBE2D4,UBE2D4,UBE2D4,,,UBE2D4,,,UBE2D4,,UBE2D4,UBE2D4,,UBE2D4,UBE2D4,UBE2D4,,,UBE2D4,,UBE2D4,UBE2D4,UBE2D4,UBE2D4,,UBE2D4,UBE2D4,UBE2D4,,,UBE2D4,,,UBE2D4,,UBE2D4,,UBE2D4,UBE2D4,,UBE2D4,UBE2D4
CLUL1,FAM13B,CLUL1,,CLUL1,,,,CLUL1,,CLUL1,,,,,FGF14,,CD37,,CDHR2,,,,,CLUL1,,CLUL1,CLUL1,,CLUL1,,CLUL1,CLUL1,,CLUL1,CLUL1,,CLUL1,CLUL1,CLUL1,,CLUL1,CLUL1,CLUL1,CLUL1,CLUL1,,CLUL1,GATB,CLUL1,CLUL1,CLUL1,,CLUL1,CLUL1,,,,CLUL1,CLUL1,CLUL1,,,CLUL1,,,CLUL1,,CLUL1,CLUL1,,CLUL1,CLUL1,CLUL1,,,CLUL1,,CLUL1,CLUL1,CLUL1,CLUL1,,CLUL1,CLUL1,CLUL1,,,CLUL1,,,CLUL1,,CLUL1,,CLUL1,CLUL1,,CLUL1,CLUL1
RUNX1T1,ARHGAP31,RUNX1T1,,RUNX1T1,,,,RUNX1T1,,RUNX1T1,,,,,HTR2A,,SPEN,,SNCB,,,,,RUNX1T1,,RUNX1T1,RUNX1T1,,RUNX1T1,,RUNX1T1,RUNX1T1,,RUNX1T1,RUNX1T1,,RUNX1T1,RUNX1T1,RUNX1T1,,RUNX1T1,RUNX1T1,RUNX1T1,RUNX1T1,RUNX1T1,,RUNX1T1,GATB,RUNX1T1,RUNX1T1,RUNX1T1,,RUNX1T1,RUNX1T1,,,,RUNX1T1,RUNX1T1,RUNX1T1,,,RUNX1T1,,,RUNX1T1,,RUNX1T1,RUNX1T1,,RUNX1T1,RUNX1T1,RUNX1T1,,,RUNX1T1,,RUNX1T1,RUNX1T1,RUNX1T1,RUNX1T1,,RUNX1T1,RUNX1T1,RUNX1T1,,,RUNX1T1,,,RUNX1T1,,RUNX1T1,,RUNX1T1,RUNX1T1,,RUNX1T1,RUNX1T1
CDH17,CENPQ,CDH17,,CDH17,,,,CDH17,,CDH17,,,,,NDFIP2,,TFRC,,TSG101,,,,,CDH17,,CDH17,CDH17,,CDH17,,CDH17,CDH17,,CDH17,CDH17,,CDH17,CDH17,CDH17,,CDH17,CDH17,CDH17,CDH17,CDH17,,CDH17,GATB,CDH17,CDH17,CDH17,,CDH17,CDH17,,,,CDH17,CDH17,CDH17,,,CDH17,,,CDH17,,CDH17,CDH17,,CDH17,CDH17,CDH17,,,CDH17,,CDH17,CDH17,CDH17,CDH17,,CDH17,CDH17,CDH17,,,CDH17,,,CDH17,,CDH17,,CDH17,CDH17,,CDH17,CDH17
THOC1,SARS1,THOC1,,THOC1,,,,THOC1,,THOC1,,,,,TNFSF13B,,ICAM5,,NCBP3,,,,,THOC1,,THOC1,THOC1,,THOC1,,THOC1,THOC1,,THOC1,THOC1,,THOC1,THOC1,THOC1,,THOC1,THOC1,THOC1,THOC1,THOC1,,THOC1,GATB,THOC1,THOC1,THOC1,,THOC1,THOC1,,,,THOC1,THOC1,THOC1,,,THOC1,,,THOC1,,THOC1,THOC1,,THOC1,THOC1,THOC1,,,THOC1,,THOC1,THOC1,THOC1,THOC1,,THOC1,THOC1,THOC1,,,THOC1,,,THOC1,,THOC1,,THOC1,THOC1,,THOC1,THOC1
FKBP7,RANBP3,FKBP7,,FKBP7,,,,FKBP7,,FKBP7,,,,,FNDC3A,,AASS,,ATP2A3,,,,,FKBP7,,FKBP7,FKBP7,,FKBP7,,FKBP7,FKBP7,,FKBP7,FKBP7,,FKBP7,FKBP7,FKBP7,,FKBP7,FKBP7,FKBP7,FKBP7,FKBP7,,FKBP7,GATB,FKBP7,FKBP7,FKBP7,,FKBP7,FKBP7,,,,FKBP7,FKBP7,FKBP7,,,FKBP7,,,FKBP7,,FKBP7,FKBP7,,FKBP7,FKBP7,FKBP7,,,FKBP7,,FKBP7,FKBP7,FKBP7,FKBP7,,FKBP7,FKBP7,FKBP7,,,FKBP7,,,FKBP7,,FKBP7,,FKBP7,FKBP7,,FKBP7,FKBP7
OSBPL6,ARID4A,OSBPL6,,OSBPL6,,,,OSBPL6,,OSBPL6,,,,,MLNR,,HGF,,CA12,,,,,OSBPL6,,OSBPL6,OSBPL6,,OSBPL6,,OSBPL6,OSBPL6,,OSBPL6,OSBPL6,,OSBPL6,OSBPL6,OSBPL6,,OSBPL6,OSBPL6,OSBPL6,OSBPL6,OSBPL6,,OSBPL6,GATB,OSBPL6,OSBPL6,OSBPL6,,OSBPL6,OSBPL6,,,,OSBPL6,OSBPL6,OSBPL6,,,OSBPL6,,,OSBPL6,,OSBPL6,OSBPL6,,OSBPL6,OSBPL6,OSBPL6,,,OSBPL6,,OSBPL6,OSBPL6,OSBPL6,OSBPL6,,OSBPL6,OSBPL6,OSBPL6,,,OSBPL6,,,OSBPL6,,OSBPL6,,OSBPL6,OSBPL6,,OSBPL6,OSBPL6
SLC1A3,EIPR1,SLC1A3,,SLC1A3,,,,SLC1A3,,SLC1A3,,,,,CDADC1,,FTL,,MGLL,,,,,SLC1A3,,SLC1A3,SLC1A3,,SLC1A3,,SLC1A3,SLC1A3,,SLC1A3,SLC1A3,,SLC1A3,SLC1A3,SLC1A3,,SLC1A3,SLC1A3,SLC1A3,SLC1A3,SLC1A3,,SLC1A3,GATB,SLC1A3,SLC1A3,SLC1A3,,SLC1A3,SLC1A3,,,,SLC1A3,SLC1A3,SLC1A3,,,SLC1A3,,,SLC1A3,,SLC1A3,SLC1A3,,SLC1A3,SLC1A3,SLC1A3,,,SLC1A3,,SLC1A3,SLC1A3,SLC1A3,SLC1A3,,SLC1A3,SLC1A3,SLC1A3,,,SLC1A3,,,SLC1A3,,SLC1A3,,SLC1A3,SLC1A3,,SLC1A3,SLC1A3
XRCC5,PNPLA6,XRCC5,,XRCC5,,,,XRCC5,,XRCC5,,,,,CAB39L,,LY75,,NTN4,,,,,XRCC5,,XRCC5,XRCC5,,XRCC5,,XRCC5,XRCC5,,XRCC5,XRCC5,,XRCC5,XRCC5,XRCC5,,XRCC5,XRCC5,XRCC5,XRCC5,XRCC5,,XRCC5,GATB,XRCC5,XRCC5,XRCC5,,XRCC5,XRCC5,,,,XRCC5,XRCC5,XRCC5,,,XRCC5,,,XRCC5,,XRCC5,XRCC5,,XRCC5,XRCC5,XRCC5,,,XRCC5,,XRCC5,XRCC5,XRCC5,XRCC5,,XRCC5,XRCC5,XRCC5,,,XRCC5,,,XRCC5,,XRCC5,,XRCC5,XRCC5,,XRCC5,XRCC5
LXN,IFT88,LXN,,LXN,,,,LXN,,LXN,,,,,KLF5,,CCL7,,BCS1L,,,,,LXN,,LXN,LXN,,LXN,,LXN,LXN,,LXN,LXN,,LXN,LXN,LXN,,LXN,LXN,LXN,LXN,LXN,,LXN,GATB,LXN,LXN,LXN,,LXN,LXN,,,,LXN,LXN,LXN,,,LXN,,,LXN,,LXN,LXN,,LXN,LXN,LXN,,,LXN,,LXN,LXN,LXN,LXN,,LXN,LXN,LXN,,,LXN,,,LXN,,LXN,,LXN,LXN,,LXN,LXN
SP140,ALG1,SP140,,SP140,,,,SP140,,SP140,,,,,STK24,,AQR,,NUAK1,,,,,SP140,,SP140,SP140,,SP140,,SP140,SP140,,SP140,SP140,,SP140,SP140,SP140,,SP140,SP140,SP140,SP140,SP140,,SP140,GATB,SP140,SP140,SP140,,SP140,SP140,,,,SP140,SP140,SP140,,,SP140,,,SP140,,SP140,SP140,,SP140,SP140,SP140,,,SP140,,SP140,SP140,SP140,SP140,,SP140,SP140,SP140,,,SP140,,,SP140,,SP140,,SP140,SP140,,SP140,SP140
MKNK1,ZCCHC8,MKNK1,,MKNK1,,,,MKNK1,,MKNK1,,,,,ACP5,,FTL,,DPP8,,,,,MKNK1,,MKNK1,MKNK1,,MKNK1,,MKNK1,MKNK1,,MKNK1,MKNK1,,MKNK1,MKNK1,MKNK1,,MKNK1,MKNK1,MKNK1,MKNK1,MKNK1,,MKNK1,GATB,MKNK1,MKNK1,MKNK1,,MKNK1,MKNK1,,,,MKNK1,MKNK1,MKNK1,,,MKNK1,,,MKNK1,,MKNK1,MKNK1,,MKNK1,MKNK1,MKNK1,,,MKNK1,,MKNK1,MKNK1,MKNK1,MKNK1,,MKNK1,MKNK1,MKNK1,,,MKNK1,,,MKNK1,,MKNK1,,MKNK1,MKNK1,,MKNK1,MKNK1
TNS1,ABCF2,TNS1,,TNS1,,,,TNS1,,TNS1,,,,,DNAJC3,,VEZT,,SLC24A1,,,,,TNS1,,TNS1,TNS1,,TNS1,,TNS1,TNS1,,TNS1,TNS1,,TNS1,TNS1,TNS1,,TNS1,TNS1,TNS1,TNS1,TNS1,,TNS1,GATB,TNS1,TNS1,TNS1,,TNS1,TNS1,,,,TNS1,TNS1,TNS1,,,TNS1,,,TNS1,,TNS1,TNS1,,TNS1,TNS1,TNS1,,,TNS1,,TNS1,TNS1,TNS1,TNS1,,TNS1,TNS1,TNS1,,,TNS1,,,TNS1,,TNS1,,TNS1,TNS1,,TNS1,TNS1
REXO1,CHPF2,REXO1,,REXO1,,,,REXO1,,REXO1,,,,,UGGT2,,CD79B,,ZNF532,,,,,REXO1,,REXO1,REXO1,,REXO1,,REXO1,REXO1,,REXO1,REXO1,,REXO1,REXO1,REXO1,,REXO1,REXO1,REXO1,REXO1,REXO1,,REXO1,GATB,REXO1,REXO1,REXO1,,REXO1,REXO1,,,,REXO1,REXO1,REXO1,,,REXO1,,,REXO1,,REXO1,REXO1,,REXO1,REXO1,REXO1,,,REXO1,,REXO1,REXO1,REXO1,REXO1,,REXO1,REXO1,REXO1,,,REXO1,,,REXO1,,REXO1,,REXO1,REXO1,,REXO1,REXO1
SAR1A,LRRC7,SAR1A,,SAR1A,,,,SAR1A,,SAR1A,,,,,ARHGEF7,,IL17A,,SCARF1,,,,,SAR1A,,SAR1A,SAR1A,,SAR1A,,SAR1A,SAR1A,,SAR1A,SAR1A,,SAR1A,SAR1A,SAR1A,,SAR1A,SAR1A,SAR1A,SAR1A,SAR1A,,SAR1A,GATB,SAR1A,SAR1A,SAR1A,,SAR1A,SAR1A,,,,SAR1A,SAR1A,SAR1A,,,SAR1A,,,SAR1A,,SAR1A,SAR1A,,SAR1A,SAR1A,SAR1A,,,SAR1A,,SAR1A,SAR1A,SAR1A,SAR1A,,SAR1A,SAR1A,SAR1A,,,SAR1A,,,SAR1A,,SAR1A,,SAR1A,SAR1A,,SAR1A,SAR1A
CDC14A,FUT8,CDC14A,,CDC14A,,,,CDC14A,,CDC14A,,,,,FGF9,,SPPL2B,,LMAN1,,,,,CDC14A,,CDC14A,CDC14A,,CDC14A,,CDC14A,CDC14A,,CDC14A,CDC14A,,CDC14A,CDC14A,CDC14A,,CDC14A,CDC14A,CDC14A,CDC14A,CDC14A,,CDC14A,GATB,CDC14A,CDC14A,CDC14A,,CDC14A,CDC14A,,,,CDC14A,CDC14A,CDC14A,,,CDC14A,,,CDC14A,,CDC14A,CDC14A,,CDC14A,CDC14A,CDC14A,,,CDC14A,,CDC14A,CDC14A,CDC14A,CDC14A,,CDC14A,CDC14A,CDC14A,,,CDC14A,,,CDC14A,,CDC14A,,CDC14A,CDC14A,,CDC14A,CDC14A
RAPGEF3,UBA6,RAPGEF3,,RAPGEF3,,,,RAPGEF3,,RAPGEF3,,,,,SGCG,,AASS,,HACD3,,,,,RAPGEF3,,RAPGEF3,RAPGEF3,,RAPGEF3,,RAPGEF3,RAPGEF3,,RAPGEF3,RAPGEF3,,RAPGEF3,RAPGEF3,RAPGEF3,,RAPGEF3,RAPGEF3,RAPGEF3,RAPGEF3,RAPGEF3,,RAPGEF3,GATB,RAPGEF3,RAPGEF3,RAPGEF3,,RAPGEF3,RAPGEF3,,,,RAPGEF3,RAPGEF3,RAPGEF3,,,RAPGEF3,,,RAPGEF3,,RAPGEF3,RAPGEF3,,RAPGEF3,RAPGEF3,RAPGEF3,,,RAPGEF3,,RAPGEF3,RAPGEF3,RAPGEF3,RAPGEF3,,RAPGEF3,RAPGEF3,RAPGEF3,,,RAPGEF3,,,RAPGEF3,,RAPGEF3,,RAPGEF3,RAPGEF3,,RAPGEF3,RAPGEF3
CEACAM1,GAB2,CEACAM1,,CEACAM1,,,,CEACAM1,,CEACAM1,,,,,PARP4,,CX3CL1,,IPCEF1,,,,,CEACAM1,,CEACAM1,CEACAM1,,CEACAM1,,CEACAM1,CEACAM1,,CEACAM1,CEACAM1,,CEACAM1,CEACAM1,CEACAM1,,CEACAM1,CEACAM1,CEACAM1,CEACAM1,CEACAM1,,CEACAM1,GATB,CEACAM1,CEACAM1,CEACAM1,,CEACAM1,CEACAM1,,,,CEACAM1,CEACAM1,CEACAM1,,,CEACAM1,,,CEACAM1,,CEACAM1,CEACAM1,,CEACAM1,CEACAM1,CEACAM1,,,CEACAM1,,CEACAM1,CEACAM1,CEACAM1,CEACAM1,,CEACAM1,CEACAM1,CEACAM1,,,CEACAM1,,,CEACAM1,,CEACAM1,,CEACAM1,CEACAM1,,CEACAM1,CEACAM1
SENP1,ATP6V0A1,SENP1,,SENP1,,,,SENP1,,SENP1,,,,,SUPT20H,,IL2,,ZZEF1,,,,,SENP1,,SENP1,SENP1,,SENP1,,SENP1,SENP1,,SENP1,SENP1,,SENP1,SENP1,SENP1,,SENP1,SENP1,SENP1,SENP1,SENP1,,SENP1,GATB,SENP1,SENP1,SENP1,,SENP1,SENP1,,,,SENP1,SENP1,SENP1,,,SENP1,,,SENP1,,SENP1,SENP1,,SENP1,SENP1,SENP1,,,SENP1,,SENP1,SENP1,SENP1,SENP1,,SENP1,SENP1,SENP1,,,SENP1,,,SENP1,,SENP1,,SENP1,SENP1,,SENP1,SENP1
DUSP13,PIAS1,DUSP13,,DUSP13,,,,DUSP13,,DUSP13,,,,,SLC25A15,,TFEC,,NOX3,,,,,DUSP13,,DUSP13,DUSP13,,DUSP13,,DUSP13,DUSP13,,DUSP13,DUSP13,,DUSP13,DUSP13,DUSP13,,DUSP13,DUSP13,DUSP13,DUSP13,DUSP13,,DUSP13,GATB,DUSP13,DUSP13,DUSP13,,DUSP13,DUSP13,,,,DUSP13,DUSP13,DUSP13,,,DUSP13,,,DUSP13,,DUSP13,DUSP13,,DUSP13,DUSP13,DUSP13,,,DUSP13,,DUSP13,DUSP13,DUSP13,DUSP13,,DUSP13,DUSP13,DUSP13,,,DUSP13,,,DUSP13,,DUSP13,,DUSP13,DUSP13,,DUSP13,DUSP13
CIC,SLC4A7,CIC,,CIC,,,,CIC,,CIC,,,,,KPNA3,,FGR,,ENO1,,,,,CIC,,CIC,CIC,,CIC,,CIC,CIC,,CIC,CIC,,CIC,CIC,CIC,,CIC,CIC,CIC,CIC,CIC,,CIC,GATB,CIC,CIC,CIC,,CIC,CIC,,,,CIC,CIC,CIC,,,CIC,,,CIC,,CIC,CIC,,CIC,CIC,CIC,,,CIC,,CIC,CIC,CIC,CIC,,CIC,CIC,CIC,,,CIC,,,CIC,,CIC,,CIC,CIC,,CIC,CIC
LIPE,APBA2,LIPE,,LIPE,,,,LIPE,,LIPE,,,,,FLT1,,CYTH2,,SLC12A1,,,,,LIPE,,LIPE,LIPE,,LIPE,,LIPE,LIPE,,LIPE,LIPE,,LIPE,LIPE,LIPE,,LIPE,LIPE,LIPE,LIPE,LIPE,,LIPE,GATB,LIPE,LIPE,LIPE,,LIPE,LIPE,,,,LIPE,LIPE,LIPE,,,LIPE,,,LIPE,,LIPE,LIPE,,LIPE,LIPE,LIPE,,,LIPE,,LIPE,LIPE,LIPE,LIPE,,LIPE,LIPE,LIPE,,,LIPE,,,LIPE,,LIPE,,LIPE,LIPE,,LIPE,LIPE
FDFT1,MAP2K3,FDFT1,,FDFT1,,,,FDFT1,,FDFT1,,,,,RGCC,,RUNX3,,MYDGF,,,,,FDFT1,,FDFT1,FDFT1,,FDFT1,,FDFT1,FDFT1,,FDFT1,FDFT1,,FDFT1,FDFT1,FDFT1,,FDFT1,FDFT1,FDFT1,FDFT1,FDFT1,,FDFT1,GATB,FDFT1,FDFT1,FDFT1,,FDFT1,FDFT1,,,,FDFT1,FDFT1,FDFT1,,,FDFT1,,,FDFT1,,FDFT1,FDFT1,,FDFT1,FDFT1,FDFT1,,,FDFT1,,FDFT1,FDFT1,FDFT1,FDFT1,,FDFT1,FDFT1,FDFT1,,,FDFT1,,,FDFT1,,FDFT1,,FDFT1,FDFT1,,FDFT1,FDFT1
PAFAH1B3,EFCAB1,PAFAH1B3,,PAFAH1B3,,,,PAFAH1B3,,PAFAH1B3,,,,,VWA8,,ITGA3,,ANO8,,,,,PAFAH1B3,,PAFAH1B3,PAFAH1B3,,PAFAH1B3,,PAFAH1B3,PAFAH1B3,,PAFAH1B3,PAFAH1B3,,PAFAH1B3,PAFAH1B3,PAFAH1B3,,PAFAH1B3,PAFAH1B3,PAFAH1B3,PAFAH1B3,PAFAH1B3,,PAFAH1B3,GATB,PAFAH1B3,PAFAH1B3,PAFAH1B3,,PAFAH1B3,PAFAH1B3,,,,PAFAH1B3,PAFAH1B3,PAFAH1B3,,,PAFAH1B3,,,PAFAH1B3,,PAFAH1B3,PAFAH1B3,,PAFAH1B3,PAFAH1B3,PAFAH1B3,,,PAFAH1B3,,PAFAH1B3,PAFAH1B3,PAFAH1B3,PAFAH1B3,,PAFAH1B3,PAFAH1B3,PAFAH1B3,,,PAFAH1B3,,,PAFAH1B3,,PAFAH1B3,,PAFAH1B3,PAFAH1B3,,PAFAH1B3,PAFAH1B3
AFM,TMSB10,AFM,,AFM,,,,AFM,,AFM,,,,,DGKH,,TFEC,,TUBE1,,,,,AFM,,AFM,AFM,,AFM,,AFM,AFM,,AFM,AFM,,AFM,AFM,AFM,,AFM,AFM,AFM,AFM,AFM,,AFM,GATB,AFM,AFM,AFM,,AFM,AFM,,,,AFM,AFM,AFM,,,AFM,,,AFM,,AFM,AFM,,AFM,AFM,AFM,,,AFM,,AFM,AFM,AFM,AFM,,AFM,AFM,AFM,,,AFM,,,AFM,,AFM,,AFM,AFM,,AFM,AFM
KIF22,ASTE1,KIF22,,KIF22,,,,KIF22,,KIF22,,,,,KATNAL1,,OSBPL5,,ARHGEF10L,,,,,KIF22,,KIF22,KIF22,,KIF22,,KIF22,KIF22,,KIF22,KIF22,,KIF22,KIF22,KIF22,,KIF22,KIF22,KIF22,KIF22,KIF22,,KIF22,GATB,KIF22,KIF22,KIF22,,KIF22,KIF22,,,,KIF22,KIF22,KIF22,,,KIF22,,,KIF22,,KIF22,KIF22,,KIF22,KIF22,KIF22,,,KIF22,,KIF22,KIF22,KIF22,KIF22,,KIF22,KIF22,KIF22,,,KIF22,,,KIF22,,KIF22,,KIF22,KIF22,,KIF22,KIF22
SCGN,RNF19A,SCGN,,SCGN,,,,SCGN,,SCGN,,,,,INTS6,,SCARB1,,TXK,,,,,SCGN,,SCGN,SCGN,,SCGN,,SCGN,SCGN,,SCGN,SCGN,,SCGN,SCGN,SCGN,,SCGN,SCGN,SCGN,SCGN,SCGN,,SCGN,GATB,SCGN,SCGN,SCGN,,SCGN,SCGN,,,,SCGN,SCGN,SCGN,,,SCGN,,,SCGN,,SCGN,SCGN,,SCGN,SCGN,SCGN,,,SCGN,,SCGN,SCGN,SCGN,SCGN,,SCGN,SCGN,SCGN,,,SCGN,,,SCGN,,SCGN,,SCGN,SCGN,,SCGN,SCGN
CARMIL1,PEX3,CARMIL1,,CARMIL1,,,,CARMIL1,,CARMIL1,,,,,ACOD1,,ICAM1,,WSCD2,,,,,CARMIL1,,CARMIL1,CARMIL1,,CARMIL1,,CARMIL1,CARMIL1,,CARMIL1,CARMIL1,,CARMIL1,CARMIL1,CARMIL1,,CARMIL1,CARMIL1,CARMIL1,CARMIL1,CARMIL1,,CARMIL1,GATB,CARMIL1,CARMIL1,CARMIL1,,CARMIL1,CARMIL1,,,,CARMIL1,CARMIL1,CARMIL1,,,CARMIL1,,,CARMIL1,,CARMIL1,CARMIL1,,CARMIL1,CARMIL1,CARMIL1,,,CARMIL1,,CARMIL1,CARMIL1,CARMIL1,CARMIL1,,CARMIL1,CARMIL1,CARMIL1,,,CARMIL1,,,CARMIL1,,CARMIL1,,CARMIL1,CARMIL1,,CARMIL1,CARMIL1
PGM1,GABARAPL2,PGM1,,PGM1,,,,PGM1,,PGM1,,,,,DHRS12,,CYTH3,,KCNQ2,,,,,PGM1,,PGM1,PGM1,,PGM1,,PGM1,PGM1,,PGM1,PGM1,,PGM1,PGM1,PGM1,,PGM1,PGM1,PGM1,PGM1,PGM1,,PGM1,GATB,PGM1,PGM1,PGM1,,PGM1,PGM1,,,,PGM1,PGM1,PGM1,,,PGM1,,,PGM1,,PGM1,PGM1,,PGM1,PGM1,PGM1,,,PGM1,,PGM1,PGM1,PGM1,PGM1,,PGM1,PGM1,PGM1,,,PGM1,,,PGM1,,PGM1,,PGM1,PGM1,,PGM1,PGM1
DDX1,MYOC,DDX1,,DDX1,,,,DDX1,,DDX1,,,,,MEDAG,,AASS,,TACR2,,,,,DDX1,,DDX1,DDX1,,DDX1,,DDX1,DDX1,,DDX1,DDX1,,DDX1,DDX1,DDX1,,DDX1,DDX1,DDX1,DDX1,DDX1,,DDX1,GATB,DDX1,DDX1,DDX1,,DDX1,DDX1,,,,DDX1,DDX1,DDX1,,,DDX1,,,DDX1,,DDX1,DDX1,,DDX1,DDX1,DDX1,,,DDX1,,DDX1,DDX1,DDX1,DDX1,,DDX1,DDX1,DDX1,,,DDX1,,,DDX1,,DDX1,,DDX1,DDX1,,DDX1,DDX1
DNM2,SH3YL1,DNM2,,DNM2,,,,DNM2,,DNM2,,,,,TSC22D1,,CCL8,,ACTR6,,,,,DNM2,,DNM2,DNM2,,DNM2,,DNM2,DNM2,,DNM2,DNM2,,DNM2,DNM2,DNM2,,DNM2,DNM2,DNM2,DNM2,DNM2,,DNM2,GATB,DNM2,DNM2,DNM2,,DNM2,DNM2,,,,DNM2,DNM2,DNM2,,,DNM2,,,DNM2,,DNM2,DNM2,,DNM2,DNM2,DNM2,,,DNM2,,DNM2,DNM2,DNM2,DNM2,,DNM2,DNM2,DNM2,,,DNM2,,,DNM2,,DNM2,,DNM2,DNM2,,DNM2,DNM2
EPB41L2,FAM136A,EPB41L2,,EPB41L2,,,,EPB41L2,,EPB41L2,,,,,CLN5,,FCGR2B,,TIPIN,,,,,EPB41L2,,EPB41L2,EPB41L2,,EPB41L2,,EPB41L2,EPB41L2,,EPB41L2,EPB41L2,,EPB41L2,EPB41L2,EPB41L2,,EPB41L2,EPB41L2,EPB41L2,EPB41L2,EPB41L2,,EPB41L2,GATB,EPB41L2,EPB41L2,EPB41L2,,EPB41L2,EPB41L2,,,,EPB41L2,EPB41L2,EPB41L2,,,EPB41L2,,,EPB41L2,,EPB41L2,EPB41L2,,EPB41L2,EPB41L2,EPB41L2,,,EPB41L2,,EPB41L2,EPB41L2,EPB41L2,EPB41L2,,EPB41L2,EPB41L2,EPB41L2,,,EPB41L2,,,EPB41L2,,EPB41L2,,EPB41L2,EPB41L2,,EPB41L2,EPB41L2
RIMS1,VCL,RIMS1,,RIMS1,,,,RIMS1,,RIMS1,,,,,OLFM4,,TNIP3,,SRI,,,,,RIMS1,,RIMS1,RIMS1,,RIMS1,,RIMS1,RIMS1,,RIMS1,RIMS1,,RIMS1,RIMS1,RIMS1,,RIMS1,RIMS1,RIMS1,RIMS1,RIMS1,,RIMS1,GATB,RIMS1,RIMS1,RIMS1,,RIMS1,RIMS1,,,,RIMS1,RIMS1,RIMS1,,,RIMS1,,,RIMS1,,RIMS1,RIMS1,,RIMS1,RIMS1,RIMS1,,,RIMS1,,RIMS1,RIMS1,RIMS1,RIMS1,,RIMS1,RIMS1,RIMS1,,,RIMS1,,,RIMS1,,RIMS1,,RIMS1,RIMS1,,RIMS1,RIMS1
MOXD1,DEPDC1B,MOXD1,,MOXD1,,,,MOXD1,,MOXD1,,,,,MSLN,,SELL,,EIF4G3,,,,,MOXD1,,MOXD1,MOXD1,,MOXD1,,MOXD1,MOXD1,,MOXD1,MOXD1,,MOXD1,MOXD1,MOXD1,,MOXD1,MOXD1,MOXD1,MOXD1,MOXD1,,MOXD1,GATB,MOXD1,MOXD1,MOXD1,,MOXD1,MOXD1,,,,MOXD1,MOXD1,MOXD1,,,MOXD1,,,MOXD1,,MOXD1,MOXD1,,MOXD1,MOXD1,MOXD1,,,MOXD1,,MOXD1,MOXD1,MOXD1,MOXD1,,MOXD1,MOXD1,MOXD1,,,MOXD1,,,MOXD1,,MOXD1,,MOXD1,MOXD1,,MOXD1,MOXD1
STX7,DAPK2,STX7,,STX7,,,,STX7,,STX7,,,,,MGRN1,,GUCY1B1,,NUP37,,,,,STX7,,STX7,STX7,,STX7,,STX7,STX7,,STX7,STX7,,STX7,STX7,STX7,,STX7,STX7,STX7,STX7,STX7,,STX7,GATB,STX7,STX7,STX7,,STX7,STX7,,,,STX7,STX7,STX7,,,STX7,,,STX7,,STX7,STX7,,STX7,STX7,STX7,,,STX7,,STX7,STX7,STX7,STX7,,STX7,STX7,STX7,,,STX7,,,STX7,,STX7,,STX7,STX7,,STX7,STX7
RABL2B,NSMAF,RABL2B,,RABL2B,,,,RABL2B,,RABL2B,,,,,ZNF629,,TRAF3IP2,,SEMA3A,,,,,RABL2B,,RABL2B,RABL2B,,RABL2B,,RABL2B,RABL2B,,RABL2B,RABL2B,,RABL2B,RABL2B,RABL2B,,RABL2B,RABL2B,RABL2B,RABL2B,RABL2B,,RABL2B,GATB,RABL2B,RABL2B,RABL2B,,RABL2B,RABL2B,,,,RABL2B,RABL2B,RABL2B,,,RABL2B,,,RABL2B,,RABL2B,RABL2B,,RABL2B,RABL2B,RABL2B,,,RABL2B,,RABL2B,RABL2B,RABL2B,RABL2B,,RABL2B,RABL2B,RABL2B,,,RABL2B,,,RABL2B,,RABL2B,,RABL2B,RABL2B,,RABL2B,RABL2B
KEAP1,STAP1,KEAP1,,KEAP1,,,,KEAP1,,KEAP1,,,,,TRADD,,SLC1A3,,GTSE1,,,,,KEAP1,,KEAP1,KEAP1,,KEAP1,,KEAP1,KEAP1,,KEAP1,KEAP1,,KEAP1,KEAP1,KEAP1,,KEAP1,KEAP1,KEAP1,KEAP1,KEAP1,,KEAP1,GATB,KEAP1,KEAP1,KEAP1,,KEAP1,KEAP1,,,,KEAP1,KEAP1,KEAP1,,,KEAP1,,,KEAP1,,KEAP1,KEAP1,,KEAP1,KEAP1,KEAP1,,,KEAP1,,KEAP1,KEAP1,KEAP1,KEAP1,,KEAP1,KEAP1,KEAP1,,,KEAP1,,,KEAP1,,KEAP1,,KEAP1,KEAP1,,KEAP1,KEAP1
DDX43,TIMP2,DDX43,,DDX43,,,,DDX43,,DDX43,,,,,HSF4,,BTN3A1,,SEMA3C,,,,,DDX43,,DDX43,DDX43,,DDX43,,DDX43,DDX43,,DDX43,DDX43,,DDX43,DDX43,DDX43,,DDX43,DDX43,DDX43,DDX43,DDX43,,DDX43,GATB,DDX43,DDX43,DDX43,,DDX43,DDX43,,,,DDX43,DDX43,DDX43,,,DDX43,,,DDX43,,DDX43,DDX43,,DDX43,DDX43,DDX43,,,DDX43,,DDX43,DDX43,DDX43,DDX43,,DDX43,DDX43,DDX43,,,DDX43,,,DDX43,,DDX43,,DDX43,DDX43,,DDX43,DDX43
PTPRH,RFC1,PTPRH,,PTPRH,,,,PTPRH,,PTPRH,,,,,CORO1A,,VEZT,,TTC38,,,,,PTPRH,,PTPRH,PTPRH,,PTPRH,,PTPRH,PTPRH,,PTPRH,PTPRH,,PTPRH,PTPRH,PTPRH,,PTPRH,PTPRH,PTPRH,PTPRH,PTPRH,,PTPRH,GATB,PTPRH,PTPRH,PTPRH,,PTPRH,PTPRH,,,,PTPRH,PTPRH,PTPRH,,,PTPRH,,,PTPRH,,PTPRH,PTPRH,,PTPRH,PTPRH,PTPRH,,,PTPRH,,PTPRH,PTPRH,PTPRH,PTPRH,,PTPRH,PTPRH,PTPRH,,,PTPRH,,,PTPRH,,PTPRH,,PTPRH,PTPRH,,PTPRH,PTPRH
DCT,TBC1D23,DCT,,DCT,,,,DCT,,DCT,,,,,MAPK3,,IL27RA,,ACAT1,,,,,DCT,,DCT,DCT,,DCT,,DCT,DCT,,DCT,DCT,,DCT,DCT,DCT,,DCT,DCT,DCT,DCT,DCT,,DCT,GATB,DCT,DCT,DCT,,DCT,DCT,,,,DCT,DCT,DCT,,,DCT,,,DCT,,DCT,DCT,,DCT,DCT,DCT,,,DCT,,DCT,DCT,DCT,DCT,,DCT,DCT,DCT,,,DCT,,,DCT,,DCT,,DCT,DCT,,DCT,DCT
SLC35C2,CUL3,SLC35C2,,SLC35C2,,,,SLC35C2,,SLC35C2,,,,,GDPD3,,GCLM,,GRAMD4,,,,,SLC35C2,,SLC35C2,SLC35C2,,SLC35C2,,SLC35C2,SLC35C2,,SLC35C2,SLC35C2,,SLC35C2,SLC35C2,SLC35C2,,SLC35C2,SLC35C2,SLC35C2,SLC35C2,SLC35C2,,SLC35C2,GATB,SLC35C2,SLC35C2,SLC35C2,,SLC35C2,SLC35C2,,,,SLC35C2,SLC35C2,SLC35C2,,,SLC35C2,,,SLC35C2,,SLC35C2,SLC35C2,,SLC35C2,SLC35C2,SLC35C2,,,SLC35C2,,SLC35C2,SLC35C2,SLC35C2,SLC35C2,,SLC35C2,SLC35C2,SLC35C2,,,SLC35C2,,,SLC35C2,,SLC35C2,,SLC35C2,SLC35C2,,SLC35C2,SLC35C2
CRYBG3,MYOM2,CRYBG3,,CRYBG3,,,,CRYBG3,,CRYBG3,,,,,ELMO3,,FCGR2B,,CELSR1,,,,,CRYBG3,,CRYBG3,CRYBG3,,CRYBG3,,CRYBG3,CRYBG3,,CRYBG3,CRYBG3,,CRYBG3,CRYBG3,CRYBG3,,CRYBG3,CRYBG3,CRYBG3,CRYBG3,CRYBG3,,CRYBG3,GATB,CRYBG3,CRYBG3,CRYBG3,,CRYBG3,CRYBG3,,,,CRYBG3,CRYBG3,CRYBG3,,,CRYBG3,,,CRYBG3,,CRYBG3,CRYBG3,,CRYBG3,CRYBG3,CRYBG3,,,CRYBG3,,CRYBG3,CRYBG3,CRYBG3,CRYBG3,,CRYBG3,CRYBG3,CRYBG3,,,CRYBG3,,,CRYBG3,,CRYBG3,,CRYBG3,CRYBG3,,CRYBG3,CRYBG3
EPHA6,CYP46A1,EPHA6,,EPHA6,,,,EPHA6,,EPHA6,,,,,MT4,,CYTH3,,WNT8B,,,,,EPHA6,,EPHA6,EPHA6,,EPHA6,,EPHA6,EPHA6,,EPHA6,EPHA6,,EPHA6,EPHA6,EPHA6,,EPHA6,EPHA6,EPHA6,EPHA6,EPHA6,,EPHA6,GATB,EPHA6,EPHA6,EPHA6,,EPHA6,EPHA6,,,,EPHA6,EPHA6,EPHA6,,,EPHA6,,,EPHA6,,EPHA6,EPHA6,,EPHA6,EPHA6,EPHA6,,,EPHA6,,EPHA6,EPHA6,EPHA6,EPHA6,,EPHA6,EPHA6,EPHA6,,,EPHA6,,,EPHA6,,EPHA6,,EPHA6,EPHA6,,EPHA6,EPHA6
SCTR,USP2,SCTR,,SCTR,,,,SCTR,,SCTR,,,,,PHKB,,IL18,,ZNF638,,,,,SCTR,,SCTR,SCTR,,SCTR,,SCTR,SCTR,,SCTR,SCTR,,SCTR,SCTR,SCTR,,SCTR,SCTR,SCTR,SCTR,SCTR,,SCTR,GATB,SCTR,SCTR,SCTR,,SCTR,SCTR,,,,SCTR,SCTR,SCTR,,,SCTR,,,SCTR,,SCTR,SCTR,,SCTR,SCTR,SCTR,,,SCTR,,SCTR,SCTR,SCTR,SCTR,,SCTR,SCTR,SCTR,,,SCTR,,,SCTR,,SCTR,,SCTR,SCTR,,SCTR,SCTR
RFX3,CASR,RFX3,,RFX3,,,,RFX3,,RFX3,,,,,LYRM1,,CD40,,SLC25A40,,,,,RFX3,,RFX3,RFX3,,RFX3,,RFX3,RFX3,,RFX3,RFX3,,RFX3,RFX3,RFX3,,RFX3,RFX3,RFX3,RFX3,RFX3,,RFX3,GATB,RFX3,RFX3,RFX3,,RFX3,RFX3,,,,RFX3,RFX3,RFX3,,,RFX3,,,RFX3,,RFX3,RFX3,,RFX3,RFX3,RFX3,,,RFX3,,RFX3,RFX3,RFX3,RFX3,,RFX3,RFX3,RFX3,,,RFX3,,,RFX3,,RFX3,,RFX3,RFX3,,RFX3,RFX3
RIF1,TUBG2,RIF1,,RIF1,,,,RIF1,,RIF1,,,,,NUTF2,,TRAF1,,TIMM21,,,,,RIF1,,RIF1,RIF1,,RIF1,,RIF1,RIF1,,RIF1,RIF1,,RIF1,RIF1,RIF1,,RIF1,RIF1,RIF1,RIF1,RIF1,,RIF1,GATB,RIF1,RIF1,RIF1,,RIF1,RIF1,,,,RIF1,RIF1,RIF1,,,RIF1,,,RIF1,,RIF1,RIF1,,RIF1,RIF1,RIF1,,,RIF1,,RIF1,RIF1,RIF1,RIF1,,RIF1,RIF1,RIF1,,,RIF1,,,RIF1,,RIF1,,RIF1,RIF1,,RIF1,RIF1
RAB21,FLT4,RAB21,,RAB21,,,,RAB21,,RAB21,,,,,NUP93,,KYNU,,ADD2,,,,,RAB21,,RAB21,RAB21,,RAB21,,RAB21,RAB21,,RAB21,RAB21,,RAB21,RAB21,RAB21,,RAB21,RAB21,RAB21,RAB21,RAB21,,RAB21,GATB,RAB21,RAB21,RAB21,,RAB21,RAB21,,,,RAB21,RAB21,RAB21,,,RAB21,,,RAB21,,RAB21,RAB21,,RAB21,RAB21,RAB21,,,RAB21,,RAB21,RAB21,RAB21,RAB21,,RAB21,RAB21,RAB21,,,RAB21,,,RAB21,,RAB21,,RAB21,RAB21,,RAB21,RAB21
SLC4A4,NSUN2,SLC4A4,,SLC4A4,,,,SLC4A4,,SLC4A4,,,,,CENPT,,IL34,,FGF4,,,,,SLC4A4,,SLC4A4,SLC4A4,,SLC4A4,,SLC4A4,SLC4A4,,SLC4A4,SLC4A4,,SLC4A4,SLC4A4,SLC4A4,,SLC4A4,SLC4A4,SLC4A4,SLC4A4,SLC4A4,,SLC4A4,GATB,SLC4A4,SLC4A4,SLC4A4,,SLC4A4,SLC4A4,,,,SLC4A4,SLC4A4,SLC4A4,,,SLC4A4,,,SLC4A4,,SLC4A4,SLC4A4,,SLC4A4,SLC4A4,SLC4A4,,,SLC4A4,,SLC4A4,SLC4A4,SLC4A4,SLC4A4,,SLC4A4,SLC4A4,SLC4A4,,,SLC4A4,,,SLC4A4,,SLC4A4,,SLC4A4,SLC4A4,,SLC4A4,SLC4A4
SMARCA2,FBXO42,SMARCA2,,SMARCA2,,,,SMARCA2,,SMARCA2,,,,,TSNAXIP1,,IFIT3,,RASAL2,,,,,SMARCA2,,SMARCA2,SMARCA2,,SMARCA2,,SMARCA2,SMARCA2,,SMARCA2,SMARCA2,,SMARCA2,SMARCA2,SMARCA2,,SMARCA2,SMARCA2,SMARCA2,SMARCA2,SMARCA2,,SMARCA2,GATB,SMARCA2,SMARCA2,SMARCA2,,SMARCA2,SMARCA2,,,,SMARCA2,SMARCA2,SMARCA2,,,SMARCA2,,,SMARCA2,,SMARCA2,SMARCA2,,SMARCA2,SMARCA2,SMARCA2,,,SMARCA2,,SMARCA2,SMARCA2,SMARCA2,SMARCA2,,SMARCA2,SMARCA2,SMARCA2,,,SMARCA2,,,SMARCA2,,SMARCA2,,SMARCA2,SMARCA2,,SMARCA2,SMARCA2
RDH8,MFAP3,RDH8,,RDH8,,,,RDH8,,RDH8,,,,,NFAT5,,ICA1,,VPS9D1,,,,,RDH8,,RDH8,RDH8,,RDH8,,RDH8,RDH8,,RDH8,RDH8,,RDH8,RDH8,RDH8,,RDH8,RDH8,RDH8,RDH8,RDH8,,RDH8,GATB,RDH8,RDH8,RDH8,,RDH8,RDH8,,,,RDH8,RDH8,RDH8,,,RDH8,,,RDH8,,RDH8,RDH8,,RDH8,RDH8,RDH8,,,RDH8,,RDH8,RDH8,RDH8,RDH8,,RDH8,RDH8,RDH8,,,RDH8,,,RDH8,,RDH8,,RDH8,RDH8,,RDH8,RDH8
SESN1,MRI1,SESN1,,SESN1,,,,SESN1,,SESN1,,,,,LONP2,,TFEC,,ZNF37A,,,,,SESN1,,SESN1,SESN1,,SESN1,,SESN1,SESN1,,SESN1,SESN1,,SESN1,SESN1,SESN1,,SESN1,SESN1,SESN1,SESN1,SESN1,,SESN1,GATB,SESN1,SESN1,SESN1,,SESN1,SESN1,,,,SESN1,SESN1,SESN1,,,SESN1,,,SESN1,,SESN1,SESN1,,SESN1,SESN1,SESN1,,,SESN1,,SESN1,SESN1,SESN1,SESN1,,SESN1,SESN1,SESN1,,,SESN1,,,SESN1,,SESN1,,SESN1,SESN1,,SESN1,SESN1
COL5A3,METTL1,COL5A3,,COL5A3,,,,COL5A3,,COL5A3,,,,,N4BP1,,CCL28,,MARK3,,,,,COL5A3,,COL5A3,COL5A3,,COL5A3,,COL5A3,COL5A3,,COL5A3,COL5A3,,COL5A3,COL5A3,COL5A3,,COL5A3,COL5A3,COL5A3,COL5A3,COL5A3,,COL5A3,GATB,COL5A3,COL5A3,COL5A3,,COL5A3,COL5A3,,,,COL5A3,COL5A3,COL5A3,,,COL5A3,,,COL5A3,,COL5A3,COL5A3,,COL5A3,COL5A3,COL5A3,,,COL5A3,,COL5A3,COL5A3,COL5A3,COL5A3,,COL5A3,COL5A3,COL5A3,,,COL5A3,,,COL5A3,,COL5A3,,COL5A3,COL5A3,,COL5A3,COL5A3
SRCAP,HOXC8,SRCAP,,SRCAP,,,,SRCAP,,SRCAP,,,,,CBLN1,,TRAF3IP3,,SLC25A3,,,,,SRCAP,,SRCAP,SRCAP,,SRCAP,,SRCAP,SRCAP,,SRCAP,SRCAP,,SRCAP,SRCAP,SRCAP,,SRCAP,SRCAP,SRCAP,SRCAP,SRCAP,,SRCAP,GATB,SRCAP,SRCAP,SRCAP,,SRCAP,SRCAP,,,,SRCAP,SRCAP,SRCAP,,,SRCAP,,,SRCAP,,SRCAP,SRCAP,,SRCAP,SRCAP,SRCAP,,,SRCAP,,SRCAP,SRCAP,SRCAP,SRCAP,,SRCAP,SRCAP,SRCAP,,,SRCAP,,,SRCAP,,SRCAP,,SRCAP,SRCAP,,SRCAP,SRCAP
PUM3,AGA,PUM3,,PUM3,,,,PUM3,,PUM3,,,,,ARL2BP,,RHOBTB2,,FNDC3B,,,,,PUM3,,PUM3,PUM3,,PUM3,,PUM3,PUM3,,PUM3,PUM3,,PUM3,PUM3,PUM3,,PUM3,PUM3,PUM3,PUM3,PUM3,,PUM3,GATB,PUM3,PUM3,PUM3,,PUM3,PUM3,,,,PUM3,PUM3,PUM3,,,PUM3,,,PUM3,,PUM3,PUM3,,PUM3,PUM3,PUM3,,,PUM3,,PUM3,PUM3,PUM3,PUM3,,PUM3,PUM3,PUM3,,,PUM3,,,PUM3,,PUM3,,PUM3,PUM3,,PUM3,PUM3
CPB2,PI4K2B,CPB2,,CPB2,,,,CPB2,,CPB2,,,,,PLLP,,SLC7A2,,FOSL2,,,,,CPB2,,CPB2,CPB2,,CPB2,,CPB2,CPB2,,CPB2,CPB2,,CPB2,CPB2,CPB2,,CPB2,CPB2,CPB2,CPB2,CPB2,,CPB2,GATB,CPB2,CPB2,CPB2,,CPB2,CPB2,,,,CPB2,CPB2,CPB2,,,CPB2,,,CPB2,,CPB2,CPB2,,CPB2,CPB2,CPB2,,,CPB2,,CPB2,CPB2,CPB2,CPB2,,CPB2,CPB2,CPB2,,,CPB2,,,CPB2,,CPB2,,CPB2,CPB2,,CPB2,CPB2
CHRNA3,BOD1L1,CHRNA3,,CHRNA3,,,,CHRNA3,,CHRNA3,,,,,ZNF423,,TRAF3,,CACNG5,,,,,CHRNA3,,CHRNA3,CHRNA3,,CHRNA3,,CHRNA3,CHRNA3,,CHRNA3,CHRNA3,,CHRNA3,CHRNA3,CHRNA3,,CHRNA3,CHRNA3,CHRNA3,CHRNA3,CHRNA3,,CHRNA3,GATB,CHRNA3,CHRNA3,CHRNA3,,CHRNA3,CHRNA3,,,,CHRNA3,CHRNA3,CHRNA3,,,CHRNA3,,,CHRNA3,,CHRNA3,CHRNA3,,CHRNA3,CHRNA3,CHRNA3,,,CHRNA3,,CHRNA3,CHRNA3,CHRNA3,CHRNA3,,CHRNA3,CHRNA3,CHRNA3,,,CHRNA3,,,CHRNA3,,CHRNA3,,CHRNA3,CHRNA3,,CHRNA3,CHRNA3
KCNN2,MAT2B,KCNN2,,KCNN2,,,,KCNN2,,KCNN2,,,,,CCL22,,IL11,,CACNG4,,,,,KCNN2,,KCNN2,KCNN2,,KCNN2,,KCNN2,KCNN2,,KCNN2,KCNN2,,KCNN2,KCNN2,KCNN2,,KCNN2,KCNN2,KCNN2,KCNN2,KCNN2,,KCNN2,GATB,KCNN2,KCNN2,KCNN2,,KCNN2,KCNN2,,,,KCNN2,KCNN2,KCNN2,,,KCNN2,,,KCNN2,,KCNN2,KCNN2,,KCNN2,KCNN2,KCNN2,,,KCNN2,,KCNN2,KCNN2,KCNN2,KCNN2,,KCNN2,KCNN2,KCNN2,,,KCNN2,,,KCNN2,,KCNN2,,KCNN2,KCNN2,,KCNN2,KCNN2
CNOT4,TLL1,CNOT4,,CNOT4,,,,CNOT4,,CNOT4,,,,,DHODH,,ASB4,,FRYL,,,,,CNOT4,,CNOT4,CNOT4,,CNOT4,,CNOT4,CNOT4,,CNOT4,CNOT4,,CNOT4,CNOT4,CNOT4,,CNOT4,CNOT4,CNOT4,CNOT4,CNOT4,,CNOT4,GATB,CNOT4,CNOT4,CNOT4,,CNOT4,CNOT4,,,,CNOT4,CNOT4,CNOT4,,,CNOT4,,,CNOT4,,CNOT4,CNOT4,,CNOT4,CNOT4,CNOT4,,,CNOT4,,CNOT4,CNOT4,CNOT4,CNOT4,,CNOT4,CNOT4,CNOT4,,,CNOT4,,,CNOT4,,CNOT4,,CNOT4,CNOT4,,CNOT4,CNOT4
PSEN1,EDC4,PSEN1,,PSEN1,,,,PSEN1,,PSEN1,,,,,CCL17,,IL20RA,,TMEM131,,,,,PSEN1,,PSEN1,PSEN1,,PSEN1,,PSEN1,PSEN1,,PSEN1,PSEN1,,PSEN1,PSEN1,PSEN1,,PSEN1,PSEN1,PSEN1,PSEN1,PSEN1,,PSEN1,GATB,PSEN1,PSEN1,PSEN1,,PSEN1,PSEN1,,,,PSEN1,PSEN1,PSEN1,,,PSEN1,,,PSEN1,,PSEN1,PSEN1,,PSEN1,PSEN1,PSEN1,,,PSEN1,,PSEN1,PSEN1,PSEN1,PSEN1,,PSEN1,PSEN1,PSEN1,,,PSEN1,,,PSEN1,,PSEN1,,PSEN1,PSEN1,,PSEN1,PSEN1
CPOX,TRIO,CPOX,,CPOX,,,,CPOX,,CPOX,,,,,CTCF,,ASB1,,FSCN1,,,,,CPOX,,CPOX,CPOX,,CPOX,,CPOX,CPOX,,CPOX,CPOX,,CPOX,CPOX,CPOX,,CPOX,CPOX,CPOX,CPOX,CPOX,,CPOX,GATB,CPOX,CPOX,CPOX,,CPOX,CPOX,,,,CPOX,CPOX,CPOX,,,CPOX,,,CPOX,,CPOX,CPOX,,CPOX,CPOX,CPOX,,,CPOX,,CPOX,CPOX,CPOX,CPOX,,CPOX,CPOX,CPOX,,,CPOX,,,CPOX,,CPOX,,CPOX,CPOX,,CPOX,CPOX
CLDND1,VCAN,CLDND1,,CLDND1,,,,CLDND1,,CLDND1,,,,,ACD,,TNF,,ACTB,,,,,CLDND1,,CLDND1,CLDND1,,CLDND1,,CLDND1,CLDND1,,CLDND1,CLDND1,,CLDND1,CLDND1,CLDND1,,CLDND1,CLDND1,CLDND1,CLDND1,CLDND1,,CLDND1,GATB,CLDND1,CLDND1,CLDND1,,CLDND1,CLDND1,,,,CLDND1,CLDND1,CLDND1,,,CLDND1,,,CLDND1,,CLDND1,CLDND1,,CLDND1,CLDND1,CLDND1,,,CLDND1,,CLDND1,CLDND1,CLDND1,CLDND1,,CLDND1,CLDND1,CLDND1,,,CLDND1,,,CLDND1,,CLDND1,,CLDND1,CLDND1,,CLDND1,CLDND1
MOK,CLEC16A,MOK,,MOK,,,,MOK,,MOK,,,,,POLR2C,,IFRD1,,MOCOS,,,,,MOK,,MOK,MOK,,MOK,,MOK,MOK,,MOK,MOK,,MOK,MOK,MOK,,MOK,MOK,MOK,MOK,MOK,,MOK,GATB,MOK,MOK,MOK,,MOK,MOK,,,,MOK,MOK,MOK,,,MOK,,,MOK,,MOK,MOK,,MOK,MOK,MOK,,,MOK,,MOK,MOK,MOK,MOK,,MOK,MOK,MOK,,,MOK,,,MOK,,MOK,,MOK,MOK,,MOK,MOK
HSP90AA1,MSR1,HSP90AA1,,HSP90AA1,,,,HSP90AA1,,HSP90AA1,,,,,PARD6A,,IL17RB,,PLD1,,,,,HSP90AA1,,HSP90AA1,HSP90AA1,,HSP90AA1,,HSP90AA1,HSP90AA1,,HSP90AA1,HSP90AA1,,HSP90AA1,HSP90AA1,HSP90AA1,,HSP90AA1,HSP90AA1,HSP90AA1,HSP90AA1,HSP90AA1,,HSP90AA1,GATB,HSP90AA1,HSP90AA1,HSP90AA1,,HSP90AA1,HSP90AA1,,,,HSP90AA1,HSP90AA1,HSP90AA1,,,HSP90AA1,,,HSP90AA1,,HSP90AA1,HSP90AA1,,HSP90AA1,HSP90AA1,HSP90AA1,,,HSP90AA1,,HSP90AA1,HSP90AA1,HSP90AA1,HSP90AA1,,HSP90AA1,HSP90AA1,HSP90AA1,,,HSP90AA1,,,HSP90AA1,,HSP90AA1,,HSP90AA1,HSP90AA1,,HSP90AA1,HSP90AA1
RBL1,CDH1,RBL1,,RBL1,,,,RBL1,,RBL1,,,,,ZNF821,,AHR,,ATP12A,,,,,RBL1,,RBL1,RBL1,,RBL1,,RBL1,RBL1,,RBL1,RBL1,,RBL1,RBL1,RBL1,,RBL1,RBL1,RBL1,RBL1,RBL1,,RBL1,GATB,RBL1,RBL1,RBL1,,RBL1,RBL1,,,,RBL1,RBL1,RBL1,,,RBL1,,,RBL1,,RBL1,RBL1,,RBL1,RBL1,RBL1,,,RBL1,,RBL1,RBL1,RBL1,RBL1,,RBL1,RBL1,RBL1,,,RBL1,,,RBL1,,RBL1,,RBL1,RBL1,,RBL1,RBL1
DLGAP4,MTREX,DLGAP4,,DLGAP4,,,,DLGAP4,,DLGAP4,,,,,MMP15,,TFAP2B,,WDR62,,,,,DLGAP4,,DLGAP4,DLGAP4,,DLGAP4,,DLGAP4,DLGAP4,,DLGAP4,DLGAP4,,DLGAP4,DLGAP4,DLGAP4,,DLGAP4,DLGAP4,DLGAP4,DLGAP4,DLGAP4,,DLGAP4,GATB,DLGAP4,DLGAP4,DLGAP4,,DLGAP4,DLGAP4,,,,DLGAP4,DLGAP4,DLGAP4,,,DLGAP4,,,DLGAP4,,DLGAP4,DLGAP4,,DLGAP4,DLGAP4,DLGAP4,,,DLGAP4,,DLGAP4,DLGAP4,DLGAP4,DLGAP4,,DLGAP4,DLGAP4,DLGAP4,,,DLGAP4,,,DLGAP4,,DLGAP4,,DLGAP4,DLGAP4,,DLGAP4,DLGAP4
IGSF9B,DNAH5,IGSF9B,,IGSF9B,,,,IGSF9B,,IGSF9B,,,,,USB1,,CCL2,,DLG1,,,,,IGSF9B,,IGSF9B,IGSF9B,,IGSF9B,,IGSF9B,IGSF9B,,IGSF9B,IGSF9B,,IGSF9B,IGSF9B,IGSF9B,,IGSF9B,IGSF9B,IGSF9B,IGSF9B,IGSF9B,,IGSF9B,GATB,IGSF9B,IGSF9B,IGSF9B,,IGSF9B,IGSF9B,,,,IGSF9B,IGSF9B,IGSF9B,,,IGSF9B,,,IGSF9B,,IGSF9B,IGSF9B,,IGSF9B,IGSF9B,IGSF9B,,,IGSF9B,,IGSF9B,IGSF9B,IGSF9B,IGSF9B,,IGSF9B,IGSF9B,IGSF9B,,,IGSF9B,,,IGSF9B,,IGSF9B,,IGSF9B,IGSF9B,,IGSF9B,IGSF9B
CFHR2,ZFYVE16,CFHR2,,CFHR2,,,,CFHR2,,CFHR2,,,,,CYB5B,,CD79B,,RAB7A,,,,,CFHR2,,CFHR2,CFHR2,,CFHR2,,CFHR2,CFHR2,,CFHR2,CFHR2,,CFHR2,CFHR2,CFHR2,,CFHR2,CFHR2,CFHR2,CFHR2,CFHR2,,CFHR2,GATB,CFHR2,CFHR2,CFHR2,,CFHR2,CFHR2,,,,CFHR2,CFHR2,CFHR2,,,CFHR2,,,CFHR2,,CFHR2,CFHR2,,CFHR2,CFHR2,CFHR2,,,CFHR2,,CFHR2,CFHR2,CFHR2,CFHR2,,CFHR2,CFHR2,CFHR2,,,CFHR2,,,CFHR2,,CFHR2,,CFHR2,CFHR2,,CFHR2,CFHR2
CROCCP3,C2orf83,CROCCP3,,CROCCP3,,,,CROCCP3,,CROCCP3,,,,,CCDC113,,RHOB,,BCAP29,,,,,CROCCP3,,CROCCP3,CROCCP3,,CROCCP3,,CROCCP3,CROCCP3,,CROCCP3,CROCCP3,,CROCCP3,CROCCP3,CROCCP3,,CROCCP3,CROCCP3,CROCCP3,CROCCP3,CROCCP3,,CROCCP3,GATB,CROCCP3,CROCCP3,CROCCP3,,CROCCP3,CROCCP3,,,,CROCCP3,CROCCP3,CROCCP3,,,CROCCP3,,,CROCCP3,,CROCCP3,CROCCP3,,CROCCP3,CROCCP3,CROCCP3,,,CROCCP3,,CROCCP3,CROCCP3,CROCCP3,CROCCP3,,CROCCP3,CROCCP3,CROCCP3,,,CROCCP3,,,CROCCP3,,CROCCP3,,CROCCP3,CROCCP3,,CROCCP3,CROCCP3
NDC80,MED17,NDC80,,NDC80,,,,NDC80,,NDC80,,,,,PRSS54,,CD84,,SEC31B,,,,,NDC80,,NDC80,NDC80,,NDC80,,NDC80,NDC80,,NDC80,NDC80,,NDC80,NDC80,NDC80,,NDC80,NDC80,NDC80,NDC80,NDC80,,NDC80,GATB,NDC80,NDC80,NDC80,,NDC80,NDC80,,,,NDC80,NDC80,NDC80,,,NDC80,,,NDC80,,NDC80,NDC80,,NDC80,NDC80,NDC80,,,NDC80,,NDC80,NDC80,NDC80,NDC80,,NDC80,NDC80,NDC80,,,NDC80,,,NDC80,,NDC80,,NDC80,NDC80,,NDC80,NDC80
AP4E1,RETSAT,AP4E1,,AP4E1,,,,AP4E1,,AP4E1,,,,,NME3,,FCGRT,,SART3,,,,,AP4E1,,AP4E1,AP4E1,,AP4E1,,AP4E1,AP4E1,,AP4E1,AP4E1,,AP4E1,AP4E1,AP4E1,,AP4E1,AP4E1,AP4E1,AP4E1,AP4E1,,AP4E1,GATB,AP4E1,AP4E1,AP4E1,,AP4E1,AP4E1,,,,AP4E1,AP4E1,AP4E1,,,AP4E1,,,AP4E1,,AP4E1,AP4E1,,AP4E1,AP4E1,AP4E1,,,AP4E1,,AP4E1,AP4E1,AP4E1,AP4E1,,AP4E1,AP4E1,AP4E1,,,AP4E1,,,AP4E1,,AP4E1,,AP4E1,AP4E1,,AP4E1,AP4E1
RSBN1,ANO1,RSBN1,,RSBN1,,,,RSBN1,,RSBN1,,,,,NDRG4,,CCL26,,ARHGAP15,,,,,RSBN1,,RSBN1,RSBN1,,RSBN1,,RSBN1,RSBN1,,RSBN1,RSBN1,,RSBN1,RSBN1,RSBN1,,RSBN1,RSBN1,RSBN1,RSBN1,RSBN1,,RSBN1,GATB,RSBN1,RSBN1,RSBN1,,RSBN1,RSBN1,,,,RSBN1,RSBN1,RSBN1,,,RSBN1,,,RSBN1,,RSBN1,RSBN1,,RSBN1,RSBN1,RSBN1,,,RSBN1,,RSBN1,RSBN1,RSBN1,RSBN1,,RSBN1,RSBN1,RSBN1,,,RSBN1,,,RSBN1,,RSBN1,,RSBN1,RSBN1,,RSBN1,RSBN1
MAGI3,ADAM28,MAGI3,,MAGI3,,,,MAGI3,,MAGI3,,,,,PSMD7,,TRAF3IP2,,TUBA3D,,,,,MAGI3,,MAGI3,MAGI3,,MAGI3,,MAGI3,MAGI3,,MAGI3,MAGI3,,MAGI3,MAGI3,MAGI3,,MAGI3,MAGI3,MAGI3,MAGI3,MAGI3,,MAGI3,GATB,MAGI3,MAGI3,MAGI3,,MAGI3,MAGI3,,,,MAGI3,MAGI3,MAGI3,,,MAGI3,,,MAGI3,,MAGI3,MAGI3,,MAGI3,MAGI3,MAGI3,,,MAGI3,,MAGI3,MAGI3,MAGI3,MAGI3,,MAGI3,MAGI3,MAGI3,,,MAGI3,,,MAGI3,,MAGI3,,MAGI3,MAGI3,,MAGI3,MAGI3
CXCL2,TRIT1,CXCL2,,CXCL2,,,,CXCL2,,CXCL2,,,,,SETD6,,FTL,,PAX2,,,,,CXCL2,,CXCL2,CXCL2,,CXCL2,,CXCL2,CXCL2,,CXCL2,CXCL2,,CXCL2,CXCL2,CXCL2,,CXCL2,CXCL2,CXCL2,CXCL2,CXCL2,,CXCL2,GATB,CXCL2,CXCL2,CXCL2,,CXCL2,CXCL2,,,,CXCL2,CXCL2,CXCL2,,,CXCL2,,,CXCL2,,CXCL2,CXCL2,,CXCL2,CXCL2,CXCL2,,,CXCL2,,CXCL2,CXCL2,CXCL2,CXCL2,,CXCL2,CXCL2,CXCL2,,,CXCL2,,,CXCL2,,CXCL2,,CXCL2,CXCL2,,CXCL2,CXCL2
AFP,GUCA2B,AFP,,AFP,,,,AFP,,AFP,,,,,SLC38A7,,BTN2A1,,EXOSC7,,,,,AFP,,AFP,AFP,,AFP,,AFP,AFP,,AFP,AFP,,AFP,AFP,AFP,,AFP,AFP,AFP,AFP,AFP,,AFP,GATB,AFP,AFP,AFP,,AFP,AFP,,,,AFP,AFP,AFP,,,AFP,,,AFP,,AFP,AFP,,AFP,AFP,AFP,,,AFP,,AFP,AFP,AFP,AFP,,AFP,AFP,AFP,,,AFP,,,AFP,,AFP,,AFP,AFP,,AFP,AFP
COL4A4,CUTL7,COL4A4,,COL4A4,,,,COL4A4,,COL4A4,,,,,VAC14,,HAMP,,KIFAP3,,,,,COL4A4,,COL4A4,COL4A4,,COL4A4,,COL4A4,COL4A4,,COL4A4,COL4A4,,COL4A4,COL4A4,COL4A4,,COL4A4,COL4A4,COL4A4,COL4A4,COL4A4,,COL4A4,GATB,COL4A4,COL4A4,COL4A4,,COL4A4,COL4A4,,,,COL4A4,COL4A4,COL4A4,,,COL4A4,,,COL4A4,,COL4A4,COL4A4,,COL4A4,COL4A4,COL4A4,,,COL4A4,,COL4A4,COL4A4,COL4A4,COL4A4,,COL4A4,COL4A4,COL4A4,,,COL4A4,,,COL4A4,,COL4A4,,COL4A4,COL4A4,,COL4A4,COL4A4
TCF7,CTNNA1,TCF7,,TCF7,,,,TCF7,,TCF7,,,,,HAS3,,KYNU,,MKRN2,,,,,TCF7,,TCF7,TCF7,,TCF7,,TCF7,TCF7,,TCF7,TCF7,,TCF7,TCF7,TCF7,,TCF7,TCF7,TCF7,TCF7,TCF7,,TCF7,GATB,TCF7,TCF7,TCF7,,TCF7,TCF7,,,,TCF7,TCF7,TCF7,,,TCF7,,,TCF7,,TCF7,TCF7,,TCF7,TCF7,TCF7,,,TCF7,,TCF7,TCF7,TCF7,TCF7,,TCF7,TCF7,TCF7,,,TCF7,,,TCF7,,TCF7,,TCF7,TCF7,,TCF7,TCF7
OSTM1,CNTLN,OSTM1,,OSTM1,,,,OSTM1,,OSTM1,,,,,TANGO6,,ICAM4,,MCM6,,,,,OSTM1,,OSTM1,OSTM1,,OSTM1,,OSTM1,OSTM1,,OSTM1,OSTM1,,OSTM1,OSTM1,OSTM1,,OSTM1,OSTM1,OSTM1,OSTM1,OSTM1,,OSTM1,GATB,OSTM1,OSTM1,OSTM1,,OSTM1,OSTM1,,,,OSTM1,OSTM1,OSTM1,,,OSTM1,,,OSTM1,,OSTM1,OSTM1,,OSTM1,OSTM1,OSTM1,,,OSTM1,,OSTM1,OSTM1,OSTM1,OSTM1,,OSTM1,OSTM1,OSTM1,,,OSTM1,,,OSTM1,,OSTM1,,OSTM1,OSTM1,,OSTM1,OSTM1
CDH7,DSG2,CDH7,,CDH7,,,,CDH7,,CDH7,,,,,COG4,,TFEC,,REXO2,,,,,CDH7,,CDH7,CDH7,,CDH7,,CDH7,CDH7,,CDH7,CDH7,,CDH7,CDH7,CDH7,,CDH7,CDH7,CDH7,CDH7,CDH7,,CDH7,GATB,CDH7,CDH7,CDH7,,CDH7,CDH7,,,,CDH7,CDH7,CDH7,,,CDH7,,,CDH7,,CDH7,CDH7,,CDH7,CDH7,CDH7,,,CDH7,,CDH7,CDH7,CDH7,CDH7,,CDH7,CDH7,CDH7,,,CDH7,,,CDH7,,CDH7,,CDH7,CDH7,,CDH7,CDH7
IMPG2,BAZ1B,IMPG2,,IMPG2,,,,IMPG2,,IMPG2,,,,,SMPD3,,ICA1,,RBM7,,,,,IMPG2,,IMPG2,IMPG2,,IMPG2,,IMPG2,IMPG2,,IMPG2,IMPG2,,IMPG2,IMPG2,IMPG2,,IMPG2,IMPG2,IMPG2,IMPG2,IMPG2,,IMPG2,GATB,IMPG2,IMPG2,IMPG2,,IMPG2,IMPG2,,,,IMPG2,IMPG2,IMPG2,,,IMPG2,,,IMPG2,,IMPG2,IMPG2,,IMPG2,IMPG2,IMPG2,,,IMPG2,,IMPG2,IMPG2,IMPG2,IMPG2,,IMPG2,IMPG2,IMPG2,,,IMPG2,,,IMPG2,,IMPG2,,IMPG2,IMPG2,,IMPG2,IMPG2
PCNP,TRAF3IP3,PCNP,,PCNP,,,,PCNP,,PCNP,,,,,SLC7A6OS,,SPEN,,RBMS2,,,,,PCNP,,PCNP,PCNP,,PCNP,,PCNP,PCNP,,PCNP,PCNP,,PCNP,PCNP,PCNP,,PCNP,PCNP,PCNP,PCNP,PCNP,,PCNP,GATB,PCNP,PCNP,PCNP,,PCNP,PCNP,,,,PCNP,PCNP,PCNP,,,PCNP,,,PCNP,,PCNP,PCNP,,PCNP,PCNP,PCNP,,,PCNP,,PCNP,PCNP,PCNP,PCNP,,PCNP,PCNP,PCNP,,,PCNP,,,PCNP,,PCNP,,PCNP,PCNP,,PCNP,PCNP
EXD2,SLC13A1,EXD2,,EXD2,,,,EXD2,,EXD2,,,,,SLC7A6,,SELL,,BAZ2A,,,,,EXD2,,EXD2,EXD2,,EXD2,,EXD2,EXD2,,EXD2,EXD2,,EXD2,EXD2,EXD2,,EXD2,EXD2,EXD2,EXD2,EXD2,,EXD2,GATB,EXD2,EXD2,EXD2,,EXD2,EXD2,,,,EXD2,EXD2,EXD2,,,EXD2,,,EXD2,,EXD2,EXD2,,EXD2,EXD2,EXD2,,,EXD2,,EXD2,EXD2,EXD2,EXD2,,EXD2,EXD2,EXD2,,,EXD2,,,EXD2,,EXD2,,EXD2,EXD2,,EXD2,EXD2
ARG2,CACNA1S,ARG2,,ARG2,,,,ARG2,,ARG2,,,,,PLA2G15,,CD33,,PTPN23,,,,,ARG2,,ARG2,ARG2,,ARG2,,ARG2,ARG2,,ARG2,ARG2,,ARG2,ARG2,ARG2,,ARG2,ARG2,ARG2,ARG2,ARG2,,ARG2,GATB,ARG2,ARG2,ARG2,,ARG2,ARG2,,,,ARG2,ARG2,ARG2,,,ARG2,,,ARG2,,ARG2,ARG2,,ARG2,ARG2,ARG2,,,ARG2,,ARG2,ARG2,ARG2,ARG2,,ARG2,ARG2,ARG2,,,ARG2,,,ARG2,,ARG2,,ARG2,ARG2,,ARG2,ARG2
MEF2C,STK17B,MEF2C,,MEF2C,,,,MEF2C,,MEF2C,,,,,ESRP2,,PGLYRP1,,MLH1,,,,,MEF2C,,MEF2C,MEF2C,,MEF2C,,MEF2C,MEF2C,,MEF2C,MEF2C,,MEF2C,MEF2C,MEF2C,,MEF2C,MEF2C,MEF2C,MEF2C,MEF2C,,MEF2C,GATB,MEF2C,MEF2C,MEF2C,,MEF2C,MEF2C,,,,MEF2C,MEF2C,MEF2C,,,MEF2C,,,MEF2C,,MEF2C,MEF2C,,MEF2C,MEF2C,MEF2C,,,MEF2C,,MEF2C,MEF2C,MEF2C,MEF2C,,MEF2C,MEF2C,MEF2C,,,MEF2C,,,MEF2C,,MEF2C,,MEF2C,MEF2C,,MEF2C,MEF2C
PTPRC,CDC14B,PTPRC,,PTPRC,,,,PTPRC,,PTPRC,,,,,FA2H,,LYZL1,,UNG,,,,,PTPRC,,PTPRC,PTPRC,,PTPRC,,PTPRC,PTPRC,,PTPRC,PTPRC,,PTPRC,PTPRC,PTPRC,,PTPRC,PTPRC,PTPRC,PTPRC,PTPRC,,PTPRC,GATB,PTPRC,PTPRC,PTPRC,,PTPRC,PTPRC,,,,PTPRC,PTPRC,PTPRC,,,PTPRC,,,PTPRC,,PTPRC,PTPRC,,PTPRC,PTPRC,PTPRC,,,PTPRC,,PTPRC,PTPRC,PTPRC,PTPRC,,PTPRC,PTPRC,PTPRC,,,PTPRC,,,PTPRC,,PTPRC,,PTPRC,PTPRC,,PTPRC,PTPRC
CACNA1S,ZNF510,CACNA1S,,CACNA1S,,,,CACNA1S,,CACNA1S,,,,,WDR59,,LY75,,FMO4,,,,,CACNA1S,,CACNA1S,CACNA1S,,CACNA1S,,CACNA1S,CACNA1S,,CACNA1S,CACNA1S,,CACNA1S,CACNA1S,CACNA1S,,CACNA1S,CACNA1S,CACNA1S,CACNA1S,CACNA1S,,CACNA1S,GATB,CACNA1S,CACNA1S,CACNA1S,,CACNA1S,CACNA1S,,,,CACNA1S,CACNA1S,CACNA1S,,,CACNA1S,,,CACNA1S,,CACNA1S,CACNA1S,,CACNA1S,CACNA1S,CACNA1S,,,CACNA1S,,CACNA1S,CACNA1S,CACNA1S,CACNA1S,,CACNA1S,CACNA1S,CACNA1S,,,CACNA1S,,,CACNA1S,,CACNA1S,,CACNA1S,CACNA1S,,CACNA1S,CACNA1S
PKP1,LRP2,PKP1,,PKP1,,,,PKP1,,PKP1,,,,,MON1B,,FTL,,KLHL20,,,,,PKP1,,PKP1,PKP1,,PKP1,,PKP1,PKP1,,PKP1,PKP1,,PKP1,PKP1,PKP1,,PKP1,PKP1,PKP1,PKP1,PKP1,,PKP1,GATB,PKP1,PKP1,PKP1,,PKP1,PKP1,,,,PKP1,PKP1,PKP1,,,PKP1,,,PKP1,,PKP1,PKP1,,PKP1,PKP1,PKP1,,,PKP1,,PKP1,PKP1,PKP1,PKP1,,PKP1,PKP1,PKP1,,,PKP1,,,PKP1,,PKP1,,PKP1,PKP1,,PKP1,PKP1
UBA5,ZNF506,UBA5,,UBA5,,,,UBA5,,UBA5,,,,,CMC2,,KYNU,,RGS11,,,,,UBA5,,UBA5,UBA5,,UBA5,,UBA5,UBA5,,UBA5,UBA5,,UBA5,UBA5,UBA5,,UBA5,UBA5,UBA5,UBA5,UBA5,,UBA5,GATB,UBA5,UBA5,UBA5,,UBA5,UBA5,,,,UBA5,UBA5,UBA5,,,UBA5,,,UBA5,,UBA5,UBA5,,UBA5,UBA5,UBA5,,,UBA5,,UBA5,UBA5,UBA5,UBA5,,UBA5,UBA5,UBA5,,,UBA5,,,UBA5,,UBA5,,UBA5,UBA5,,UBA5,UBA5
STK17B,JMJD4,STK17B,,STK17B,,,,STK17B,,STK17B,,,,,AXIN1,,CD200,,SLC46A1,,,,,STK17B,,STK17B,STK17B,,STK17B,,STK17B,STK17B,,STK17B,STK17B,,STK17B,STK17B,STK17B,,STK17B,STK17B,STK17B,STK17B,STK17B,,STK17B,GATB,STK17B,STK17B,STK17B,,STK17B,STK17B,,,,STK17B,STK17B,STK17B,,,STK17B,,,STK17B,,STK17B,STK17B,,STK17B,STK17B,STK17B,,,STK17B,,STK17B,STK17B,STK17B,STK17B,,STK17B,STK17B,STK17B,,,STK17B,,,STK17B,,STK17B,,STK17B,STK17B,,STK17B,STK17B
CDC14B,DUSP12,CDC14B,,CDC14B,,,,CDC14B,,CDC14B,,,,,HCFC1R1,,CX3CL1,,PLXNA2,,,,,CDC14B,,CDC14B,CDC14B,,CDC14B,,CDC14B,CDC14B,,CDC14B,CDC14B,,CDC14B,CDC14B,CDC14B,,CDC14B,CDC14B,CDC14B,CDC14B,CDC14B,,CDC14B,GATB,CDC14B,CDC14B,CDC14B,,CDC14B,CDC14B,,,,CDC14B,CDC14B,CDC14B,,,CDC14B,,,CDC14B,,CDC14B,CDC14B,,CDC14B,CDC14B,CDC14B,,,CDC14B,,CDC14B,CDC14B,CDC14B,CDC14B,,CDC14B,CDC14B,CDC14B,,,CDC14B,,,CDC14B,,CDC14B,,CDC14B,CDC14B,,CDC14B,CDC14B
ZNF510,AACS,ZNF510,,ZNF510,,,,ZNF510,,ZNF510,,,,,NPRL3,,AHR,,SPAG5,,,,,ZNF510,,ZNF510,ZNF510,,ZNF510,,ZNF510,ZNF510,,ZNF510,ZNF510,,ZNF510,ZNF510,ZNF510,,ZNF510,ZNF510,ZNF510,ZNF510,ZNF510,,ZNF510,GATB,ZNF510,ZNF510,ZNF510,,ZNF510,ZNF510,,,,ZNF510,ZNF510,ZNF510,,,ZNF510,,,ZNF510,,ZNF510,ZNF510,,ZNF510,ZNF510,ZNF510,,,ZNF510,,ZNF510,ZNF510,ZNF510,ZNF510,,ZNF510,ZNF510,ZNF510,,,ZNF510,,,ZNF510,,ZNF510,,ZNF510,ZNF510,,ZNF510,ZNF510
LRP2,DELE1,LRP2,,LRP2,,,,LRP2,,LRP2,,,,,MLYCD,,RUNX1T1,,ANKRD13A,,,,,LRP2,,LRP2,LRP2,,LRP2,,LRP2,LRP2,,LRP2,LRP2,,LRP2,LRP2,LRP2,,LRP2,LRP2,LRP2,LRP2,LRP2,,LRP2,GATB,LRP2,LRP2,LRP2,,LRP2,LRP2,,,,LRP2,LRP2,LRP2,,,LRP2,,,LRP2,,LRP2,LRP2,,LRP2,LRP2,LRP2,,,LRP2,,LRP2,LRP2,LRP2,LRP2,,LRP2,LRP2,LRP2,,,LRP2,,,LRP2,,LRP2,,LRP2,LRP2,,LRP2,LRP2
ZNF506,CADPS2,ZNF506,,ZNF506,,,,ZNF506,,ZNF506,,,,,MPG,,CD40,,TPD52,,,,,ZNF506,,ZNF506,ZNF506,,ZNF506,,ZNF506,ZNF506,,ZNF506,ZNF506,,ZNF506,ZNF506,ZNF506,,ZNF506,ZNF506,ZNF506,ZNF506,ZNF506,,ZNF506,GATB,ZNF506,ZNF506,ZNF506,,ZNF506,ZNF506,,,,ZNF506,ZNF506,ZNF506,,,ZNF506,,,ZNF506,,ZNF506,ZNF506,,ZNF506,ZNF506,ZNF506,,,ZNF506,,ZNF506,ZNF506,ZNF506,ZNF506,,ZNF506,ZNF506,ZNF506,,,ZNF506,,,ZNF506,,ZNF506,,ZNF506,ZNF506,,ZNF506,ZNF506
JMJD4,PCDHB4,JMJD4,,JMJD4,,,,JMJD4,,JMJD4,,,,,NECAB2,,SPEN,,ACACB,,,,,JMJD4,,JMJD4,JMJD4,,JMJD4,,JMJD4,JMJD4,,JMJD4,JMJD4,,JMJD4,JMJD4,JMJD4,,JMJD4,JMJD4,JMJD4,JMJD4,JMJD4,,JMJD4,GATB,JMJD4,JMJD4,JMJD4,,JMJD4,JMJD4,,,,JMJD4,JMJD4,JMJD4,,,JMJD4,,,JMJD4,,JMJD4,JMJD4,,JMJD4,JMJD4,JMJD4,,,JMJD4,,JMJD4,JMJD4,JMJD4,JMJD4,,JMJD4,JMJD4,JMJD4,,,JMJD4,,,JMJD4,,JMJD4,,JMJD4,JMJD4,,JMJD4,JMJD4
DUSP12,PCDHA6,DUSP12,,DUSP12,,,,DUSP12,,DUSP12,,,,,HSDL1,,FTL,,TRAF4,,,,,DUSP12,,DUSP12,DUSP12,,DUSP12,,DUSP12,DUSP12,,DUSP12,DUSP12,,DUSP12,DUSP12,DUSP12,,DUSP12,DUSP12,DUSP12,DUSP12,DUSP12,,DUSP12,GATB,DUSP12,DUSP12,DUSP12,,DUSP12,DUSP12,,,,DUSP12,DUSP12,DUSP12,,,DUSP12,,,DUSP12,,DUSP12,DUSP12,,DUSP12,DUSP12,DUSP12,,,DUSP12,,DUSP12,DUSP12,DUSP12,DUSP12,,DUSP12,DUSP12,DUSP12,,,DUSP12,,,DUSP12,,DUSP12,,DUSP12,DUSP12,,DUSP12,DUSP12
AACS,PCDHGA2,AACS,,AACS,,,,AACS,,AACS,,,,,TAF1C,,TRAF1,,PAG1,,,,,AACS,,AACS,AACS,,AACS,,AACS,AACS,,AACS,AACS,,AACS,AACS,AACS,,AACS,AACS,AACS,AACS,AACS,,AACS,GATB,AACS,AACS,AACS,,AACS,AACS,,,,AACS,AACS,AACS,,,AACS,,,AACS,,AACS,AACS,,AACS,AACS,AACS,,,AACS,,AACS,AACS,AACS,AACS,,AACS,AACS,AACS,,,AACS,,,AACS,,AACS,,AACS,AACS,,AACS,AACS
DELE1,HSPB11,DELE1,,DELE1,,,,DELE1,,DELE1,,,,,NAGPA,,CCL1,,GPATCH1,,,,,DELE1,,DELE1,DELE1,,DELE1,,DELE1,DELE1,,DELE1,DELE1,,DELE1,DELE1,DELE1,,DELE1,DELE1,DELE1,DELE1,DELE1,,DELE1,GATB,DELE1,DELE1,DELE1,,DELE1,DELE1,,,,DELE1,DELE1,DELE1,,,DELE1,,,DELE1,,DELE1,DELE1,,DELE1,DELE1,DELE1,,,DELE1,,DELE1,DELE1,DELE1,DELE1,,DELE1,DELE1,DELE1,,,DELE1,,,DELE1,,DELE1,,DELE1,DELE1,,DELE1,DELE1
SLC13A1,POMT2,SLC13A1,,SLC13A1,,,,SLC13A1,,SLC13A1,,,,,WFDC1,,TFRC,,ICAM3,,,,,SLC13A1,,SLC13A1,SLC13A1,,SLC13A1,,SLC13A1,SLC13A1,,SLC13A1,SLC13A1,,SLC13A1,SLC13A1,SLC13A1,,SLC13A1,SLC13A1,SLC13A1,SLC13A1,SLC13A1,,SLC13A1,GATB,SLC13A1,SLC13A1,SLC13A1,,SLC13A1,SLC13A1,,,,SLC13A1,SLC13A1,SLC13A1,,,SLC13A1,,,SLC13A1,,SLC13A1,SLC13A1,,SLC13A1,SLC13A1,SLC13A1,,,SLC13A1,,SLC13A1,SLC13A1,SLC13A1,SLC13A1,,SLC13A1,SLC13A1,SLC13A1,,,SLC13A1,,,SLC13A1,,SLC13A1,,SLC13A1,SLC13A1,,SLC13A1,SLC13A1
CADPS2,SLC25A13,CADPS2,,CADPS2,,,,CADPS2,,CADPS2,,,,,SEC14L5,,TFPI,,NT5C2,,,,,CADPS2,,CADPS2,CADPS2,,CADPS2,,CADPS2,CADPS2,,CADPS2,CADPS2,,CADPS2,CADPS2,CADPS2,,CADPS2,CADPS2,CADPS2,CADPS2,CADPS2,,CADPS2,GATB,CADPS2,CADPS2,CADPS2,,CADPS2,CADPS2,,,,CADPS2,CADPS2,CADPS2,,,CADPS2,,,CADPS2,,CADPS2,CADPS2,,CADPS2,CADPS2,CADPS2,,,CADPS2,,CADPS2,CADPS2,CADPS2,CADPS2,,CADPS2,CADPS2,CADPS2,,,CADPS2,,,CADPS2,,CADPS2,,CADPS2,CADPS2,,CADPS2,CADPS2
PCDHB4,SLC13A1,PCDHB4,,PCDHB4,,,,PCDHB4,,PCDHB4,,,,,COTL1,,ICA1,,MCAM,,,,,PCDHB4,,PCDHB4,PCDHB4,,PCDHB4,,PCDHB4,PCDHB4,,PCDHB4,PCDHB4,,PCDHB4,PCDHB4,PCDHB4,,PCDHB4,PCDHB4,PCDHB4,PCDHB4,PCDHB4,,PCDHB4,GATB,PCDHB4,PCDHB4,PCDHB4,,PCDHB4,PCDHB4,,,,PCDHB4,PCDHB4,PCDHB4,,,PCDHB4,,,PCDHB4,,PCDHB4,PCDHB4,,PCDHB4,PCDHB4,PCDHB4,,,PCDHB4,,PCDHB4,PCDHB4,PCDHB4,PCDHB4,,PCDHB4,PCDHB4,PCDHB4,,,PCDHB4,,,PCDHB4,,PCDHB4,,PCDHB4,PCDHB4,,PCDHB4,PCDHB4
PCDHA6,CREBBP,PCDHA6,,PCDHA6,,,,PCDHA6,,PCDHA6,,,,,USP10,,TFEC,,CAMSAP3,,,,,PCDHA6,,PCDHA6,PCDHA6,,PCDHA6,,PCDHA6,PCDHA6,,PCDHA6,PCDHA6,,PCDHA6,PCDHA6,PCDHA6,,PCDHA6,PCDHA6,PCDHA6,PCDHA6,PCDHA6,,PCDHA6,GATB,PCDHA6,PCDHA6,PCDHA6,,PCDHA6,PCDHA6,,,,PCDHA6,PCDHA6,PCDHA6,,,PCDHA6,,,PCDHA6,,PCDHA6,PCDHA6,,PCDHA6,PCDHA6,PCDHA6,,,PCDHA6,,PCDHA6,PCDHA6,PCDHA6,PCDHA6,,PCDHA6,PCDHA6,PCDHA6,,,PCDHA6,,,PCDHA6,,PCDHA6,,PCDHA6,PCDHA6,,PCDHA6,PCDHA6
PCDHGA2,CREM,PCDHGA2,,PCDHGA2,,,,PCDHGA2,,PCDHGA2,,,,,CRISPLD2,,KYNU,,RAP1GAP,,,,,PCDHGA2,,PCDHGA2,PCDHGA2,,PCDHGA2,,PCDHGA2,PCDHGA2,,PCDHGA2,PCDHGA2,,PCDHGA2,PCDHGA2,PCDHGA2,,PCDHGA2,PCDHGA2,PCDHGA2,PCDHGA2,PCDHGA2,,PCDHGA2,GATB,PCDHGA2,PCDHGA2,PCDHGA2,,PCDHGA2,PCDHGA2,,,,PCDHGA2,PCDHGA2,PCDHGA2,,,PCDHGA2,,,PCDHGA2,,PCDHGA2,PCDHGA2,,PCDHGA2,PCDHGA2,PCDHGA2,,,PCDHGA2,,PCDHGA2,PCDHGA2,PCDHGA2,PCDHGA2,,PCDHGA2,PCDHGA2,PCDHGA2,,,PCDHGA2,,,PCDHGA2,,PCDHGA2,,PCDHGA2,PCDHGA2,,PCDHGA2,PCDHGA2
HSPB11,ABCB5,HSPB11,,HSPB11,,,,HSPB11,,HSPB11,,,,,TSC2,,CCL8,,XAB2,,,,,HSPB11,,HSPB11,HSPB11,,HSPB11,,HSPB11,HSPB11,,HSPB11,HSPB11,,HSPB11,HSPB11,HSPB11,,HSPB11,HSPB11,HSPB11,HSPB11,HSPB11,,HSPB11,GATB,HSPB11,HSPB11,HSPB11,,HSPB11,HSPB11,,,,HSPB11,HSPB11,HSPB11,,,HSPB11,,,HSPB11,,HSPB11,HSPB11,,HSPB11,HSPB11,HSPB11,,,HSPB11,,HSPB11,HSPB11,HSPB11,HSPB11,,HSPB11,HSPB11,HSPB11,,,HSPB11,,,HSPB11,,HSPB11,,HSPB11,HSPB11,,HSPB11,HSPB11
PHLPP1,,PHLPP1,,PHLPP1,,,,PHLPP1,,PHLPP1,,,,,ZNF500,,IFIT3,,ARHGEF1,,,,,PHLPP1,,PHLPP1,PHLPP1,,PHLPP1,,PHLPP1,PHLPP1,,PHLPP1,PHLPP1,,PHLPP1,PHLPP1,PHLPP1,,PHLPP1,PHLPP1,PHLPP1,PHLPP1,PHLPP1,,PHLPP1,GATB,PHLPP1,PHLPP1,PHLPP1,,PHLPP1,PHLPP1,,,,PHLPP1,PHLPP1,PHLPP1,,,PHLPP1,,,PHLPP1,,PHLPP1,PHLPP1,,PHLPP1,PHLPP1,PHLPP1,,,PHLPP1,,PHLPP1,PHLPP1,PHLPP1,PHLPP1,,PHLPP1,PHLPP1,PHLPP1,,,PHLPP1,,,PHLPP1,,PHLPP1,,PHLPP1,PHLPP1,,PHLPP1,PHLPP1
ATP8B1,,ATP8B1,,ATP8B1,,,,ATP8B1,,ATP8B1,,,,,RP11-723C11.2,,IL12RB1,,STXBP2,,,,,ATP8B1,,ATP8B1,ATP8B1,,ATP8B1,,ATP8B1,ATP8B1,,ATP8B1,ATP8B1,,ATP8B1,ATP8B1,ATP8B1,,ATP8B1,ATP8B1,ATP8B1,ATP8B1,ATP8B1,,ATP8B1,GATB,ATP8B1,ATP8B1,ATP8B1,,ATP8B1,ATP8B1,,,,ATP8B1,ATP8B1,ATP8B1,,,ATP8B1,,,ATP8B1,,ATP8B1,ATP8B1,,ATP8B1,ATP8B1,ATP8B1,,,ATP8B1,,ATP8B1,ATP8B1,ATP8B1,ATP8B1,,ATP8B1,ATP8B1,ATP8B1,,,ATP8B1,,,ATP8B1,,ATP8B1,,ATP8B1,ATP8B1,,ATP8B1,ATP8B1
IL12RB2,,IL12RB2,,IL12RB2,,,,IL12RB2,,IL12RB2,,,,,NME4,,IFRD1,,MAP2K7,,,,,IL12RB2,,IL12RB2,IL12RB2,,IL12RB2,,IL12RB2,IL12RB2,,IL12RB2,IL12RB2,,IL12RB2,IL12RB2,IL12RB2,,IL12RB2,IL12RB2,IL12RB2,IL12RB2,IL12RB2,,IL12RB2,GATB,IL12RB2,IL12RB2,IL12RB2,,IL12RB2,IL12RB2,,,,IL12RB2,IL12RB2,IL12RB2,,,IL12RB2,,,IL12RB2,,IL12RB2,IL12RB2,,IL12RB2,IL12RB2,IL12RB2,,,IL12RB2,,IL12RB2,IL12RB2,IL12RB2,IL12RB2,,IL12RB2,IL12RB2,IL12RB2,,,IL12RB2,,,IL12RB2,,IL12RB2,,IL12RB2,IL12RB2,,IL12RB2,IL12RB2
SMARCD3,,SMARCD3,,SMARCD3,,,,SMARCD3,,SMARCD3,,,,,ABCC1,,AASS,,NMRK2,,,,,SMARCD3,,SMARCD3,SMARCD3,,SMARCD3,,SMARCD3,SMARCD3,,SMARCD3,SMARCD3,,SMARCD3,SMARCD3,SMARCD3,,SMARCD3,SMARCD3,SMARCD3,SMARCD3,SMARCD3,,SMARCD3,GATB,SMARCD3,SMARCD3,SMARCD3,,SMARCD3,SMARCD3,,,,SMARCD3,SMARCD3,SMARCD3,,,SMARCD3,,,SMARCD3,,SMARCD3,SMARCD3,,SMARCD3,SMARCD3,SMARCD3,,,SMARCD3,,SMARCD3,SMARCD3,SMARCD3,SMARCD3,,SMARCD3,SMARCD3,SMARCD3,,,SMARCD3,,,SMARCD3,,SMARCD3,,SMARCD3,SMARCD3,,SMARCD3,SMARCD3
WDR70,,WDR70,,WDR70,,,,WDR70,,WDR70,,,,,NOMO3,,CD79B,,DGKD,,,,,WDR70,,WDR70,WDR70,,WDR70,,WDR70,WDR70,,WDR70,WDR70,,WDR70,WDR70,WDR70,,WDR70,WDR70,WDR70,WDR70,WDR70,,WDR70,GATB,WDR70,WDR70,WDR70,,WDR70,WDR70,,,,WDR70,WDR70,WDR70,,,WDR70,,,WDR70,,WDR70,WDR70,,WDR70,WDR70,WDR70,,,WDR70,,WDR70,WDR70,WDR70,WDR70,,WDR70,WDR70,WDR70,,,WDR70,,,WDR70,,WDR70,,WDR70,WDR70,,WDR70,WDR70
FYB1,,FYB1,,FYB1,,,,FYB1,,FYB1,,,,,LMF1,,CCL7,,CTTNBP2,,,,,FYB1,,FYB1,FYB1,,FYB1,,FYB1,FYB1,,FYB1,FYB1,,FYB1,FYB1,FYB1,,FYB1,FYB1,FYB1,FYB1,FYB1,,FYB1,GATB,FYB1,FYB1,FYB1,,FYB1,FYB1,,,,FYB1,FYB1,FYB1,,,FYB1,,,FYB1,,FYB1,FYB1,,FYB1,FYB1,FYB1,,,FYB1,,FYB1,FYB1,FYB1,FYB1,,FYB1,FYB1,FYB1,,,FYB1,,,FYB1,,FYB1,,FYB1,FYB1,,FYB1,FYB1
MPP4,,MPP4,,MPP4,,,,MPP4,,MPP4,,,,,FOXF1,,CD84,,ACTL6B,,,,,MPP4,,MPP4,MPP4,,MPP4,,MPP4,MPP4,,MPP4,MPP4,,MPP4,MPP4,MPP4,,MPP4,MPP4,MPP4,MPP4,MPP4,,MPP4,GATB,MPP4,MPP4,MPP4,,MPP4,MPP4,,,,MPP4,MPP4,MPP4,,,MPP4,,,MPP4,,MPP4,MPP4,,MPP4,MPP4,MPP4,,,MPP4,,MPP4,MPP4,MPP4,MPP4,,MPP4,MPP4,MPP4,,,MPP4,,,MPP4,,MPP4,,MPP4,MPP4,,MPP4,MPP4
STRADB,,STRADB,,STRADB,,,,STRADB,,STRADB,,,,,CIAO3,,TNFRSF17,,RARB,,,,,STRADB,,STRADB,STRADB,,STRADB,,STRADB,STRADB,,STRADB,STRADB,,STRADB,STRADB,STRADB,,STRADB,STRADB,STRADB,STRADB,STRADB,,STRADB,GATB,STRADB,STRADB,STRADB,,STRADB,STRADB,,,,STRADB,STRADB,STRADB,,,STRADB,,,STRADB,,STRADB,STRADB,,STRADB,STRADB,STRADB,,,STRADB,,STRADB,STRADB,STRADB,STRADB,,STRADB,STRADB,STRADB,,,STRADB,,,STRADB,,STRADB,,STRADB,STRADB,,STRADB,STRADB
BZW1,,BZW1,,BZW1,,,,BZW1,,BZW1,,,,,MTHFSD,,CCL20,,TOP2B,,,,,BZW1,,BZW1,BZW1,,BZW1,,BZW1,BZW1,,BZW1,BZW1,,BZW1,BZW1,BZW1,,BZW1,BZW1,BZW1,BZW1,BZW1,,BZW1,GATB,BZW1,BZW1,BZW1,,BZW1,BZW1,,,,BZW1,BZW1,BZW1,,,BZW1,,,BZW1,,BZW1,BZW1,,BZW1,BZW1,BZW1,,,BZW1,,BZW1,BZW1,BZW1,BZW1,,BZW1,BZW1,BZW1,,,BZW1,,,BZW1,,BZW1,,BZW1,BZW1,,BZW1,BZW1
PGR,,PGR,,PGR,,,,PGR,,PGR,,,,,CLCN7,,TFEC,,TM9SF3,,,,,PGR,,PGR,PGR,,PGR,,PGR,PGR,,PGR,PGR,,PGR,PGR,PGR,,PGR,PGR,PGR,PGR,PGR,,PGR,GATB,PGR,PGR,PGR,,PGR,PGR,,,,PGR,PGR,PGR,,,PGR,,,PGR,,PGR,PGR,,PGR,PGR,PGR,,,PGR,,PGR,PGR,PGR,PGR,,PGR,PGR,PGR,,,PGR,,,PGR,,PGR,,PGR,PGR,,PGR,PGR
C1QTNF3,,C1QTNF3,,C1QTNF3,,,,C1QTNF3,,C1QTNF3,,,,,HAGHL,,BTN3A1,,NFKB2,,,,,C1QTNF3,,C1QTNF3,C1QTNF3,,C1QTNF3,,C1QTNF3,C1QTNF3,,C1QTNF3,C1QTNF3,,C1QTNF3,C1QTNF3,C1QTNF3,,C1QTNF3,C1QTNF3,C1QTNF3,C1QTNF3,C1QTNF3,,C1QTNF3,GATB,C1QTNF3,C1QTNF3,C1QTNF3,,C1QTNF3,C1QTNF3,,,,C1QTNF3,C1QTNF3,C1QTNF3,,,C1QTNF3,,,C1QTNF3,,C1QTNF3,C1QTNF3,,C1QTNF3,C1QTNF3,C1QTNF3,,,C1QTNF3,,C1QTNF3,C1QTNF3,C1QTNF3,C1QTNF3,,C1QTNF3,C1QTNF3,C1QTNF3,,,C1QTNF3,,,C1QTNF3,,C1QTNF3,,C1QTNF3,C1QTNF3,,C1QTNF3,C1QTNF3
ME2,,ME2,,ME2,,,,ME2,,ME2,,,,,ANTKMT,,KYNU,,UBE2T,,,,,ME2,,ME2,ME2,,ME2,,ME2,ME2,,ME2,ME2,,ME2,ME2,ME2,,ME2,ME2,ME2,ME2,ME2,,ME2,GATB,ME2,ME2,ME2,,ME2,ME2,,,,ME2,ME2,ME2,,,ME2,,,ME2,,ME2,ME2,,ME2,ME2,ME2,,,ME2,,ME2,ME2,ME2,ME2,,ME2,ME2,ME2,,,ME2,,,ME2,,ME2,,ME2,ME2,,ME2,ME2
C5orf22,,C5orf22,,C5orf22,,,,C5orf22,,C5orf22,,,,,SLC7A5,,FTL,,PPP1R12B,,,,,C5orf22,,C5orf22,C5orf22,,C5orf22,,C5orf22,C5orf22,,C5orf22,C5orf22,,C5orf22,C5orf22,C5orf22,,C5orf22,C5orf22,C5orf22,C5orf22,C5orf22,,C5orf22,GATB,C5orf22,C5orf22,C5orf22,,C5orf22,C5orf22,,,,C5orf22,C5orf22,C5orf22,,,C5orf22,,,C5orf22,,C5orf22,C5orf22,,C5orf22,C5orf22,C5orf22,,,C5orf22,,C5orf22,C5orf22,C5orf22,C5orf22,,C5orf22,C5orf22,C5orf22,,,C5orf22,,,C5orf22,,C5orf22,,C5orf22,C5orf22,,C5orf22,C5orf22
CCNT2,,CCNT2,,CCNT2,,,,CCNT2,,CCNT2,,,,,METRN,,TRAF3IP2,,DNAJC10,,,,,CCNT2,,CCNT2,CCNT2,,CCNT2,,CCNT2,CCNT2,,CCNT2,CCNT2,,CCNT2,CCNT2,CCNT2,,CCNT2,CCNT2,CCNT2,CCNT2,CCNT2,,CCNT2,GATB,CCNT2,CCNT2,CCNT2,,CCNT2,CCNT2,,,,CCNT2,CCNT2,CCNT2,,,CCNT2,,,CCNT2,,CCNT2,CCNT2,,CCNT2,CCNT2,CCNT2,,,CCNT2,,CCNT2,CCNT2,CCNT2,CCNT2,,CCNT2,CCNT2,CCNT2,,,CCNT2,,,CCNT2,,CCNT2,,CCNT2,CCNT2,,CCNT2,CCNT2
FAM135A,,FAM135A,,FAM135A,,,,FAM135A,,FAM135A,,,,,FBXO31,,ICA1,,GTF3C1,,,,,FAM135A,,FAM135A,FAM135A,,FAM135A,,FAM135A,FAM135A,,FAM135A,FAM135A,,FAM135A,FAM135A,FAM135A,,FAM135A,FAM135A,FAM135A,FAM135A,FAM135A,,FAM135A,GATB,FAM135A,FAM135A,FAM135A,,FAM135A,FAM135A,,,,FAM135A,FAM135A,FAM135A,,,FAM135A,,,FAM135A,,FAM135A,FAM135A,,FAM135A,FAM135A,FAM135A,,,FAM135A,,FAM135A,FAM135A,FAM135A,FAM135A,,FAM135A,FAM135A,FAM135A,,,FAM135A,,,FAM135A,,FAM135A,,FAM135A,FAM135A,,FAM135A,FAM135A
COL19A1,,COL19A1,,COL19A1,,,,COL19A1,,COL19A1,,,,,STUB1,,RUNX3,,IL4R,,,,,COL19A1,,COL19A1,COL19A1,,COL19A1,,COL19A1,COL19A1,,COL19A1,COL19A1,,COL19A1,COL19A1,COL19A1,,COL19A1,COL19A1,COL19A1,COL19A1,COL19A1,,COL19A1,GATB,COL19A1,COL19A1,COL19A1,,COL19A1,COL19A1,,,,COL19A1,COL19A1,COL19A1,,,COL19A1,,,COL19A1,,COL19A1,COL19A1,,COL19A1,COL19A1,COL19A1,,,COL19A1,,COL19A1,COL19A1,COL19A1,COL19A1,,COL19A1,COL19A1,COL19A1,,,COL19A1,,,COL19A1,,COL19A1,,COL19A1,COL19A1,,COL19A1,COL19A1
EPB41L3,,EPB41L3,,EPB41L3,,,,EPB41L3,,EPB41L3,,,,,RHBDL1,,SLC4A7,,USP33,,,,,EPB41L3,,EPB41L3,EPB41L3,,EPB41L3,,EPB41L3,EPB41L3,,EPB41L3,EPB41L3,,EPB41L3,EPB41L3,EPB41L3,,EPB41L3,EPB41L3,EPB41L3,EPB41L3,EPB41L3,,EPB41L3,GATB,EPB41L3,EPB41L3,EPB41L3,,EPB41L3,EPB41L3,,,,EPB41L3,EPB41L3,EPB41L3,,,EPB41L3,,,EPB41L3,,EPB41L3,EPB41L3,,EPB41L3,EPB41L3,EPB41L3,,,EPB41L3,,EPB41L3,EPB41L3,EPB41L3,EPB41L3,,EPB41L3,EPB41L3,EPB41L3,,,EPB41L3,,,EPB41L3,,EPB41L3,,EPB41L3,EPB41L3,,EPB41L3,EPB41L3
COBLL1,,COBLL1,,COBLL1,,,,COBLL1,,COBLL1,,,,,NUBP1,,KYNU,,SNRPA,,,,,COBLL1,,COBLL1,COBLL1,,COBLL1,,COBLL1,COBLL1,,COBLL1,COBLL1,,COBLL1,COBLL1,COBLL1,,COBLL1,COBLL1,COBLL1,COBLL1,COBLL1,,COBLL1,GATB,COBLL1,COBLL1,COBLL1,,COBLL1,COBLL1,,,,COBLL1,COBLL1,COBLL1,,,COBLL1,,,COBLL1,,COBLL1,COBLL1,,COBLL1,COBLL1,COBLL1,,,COBLL1,,COBLL1,COBLL1,COBLL1,COBLL1,,COBLL1,COBLL1,COBLL1,,,COBLL1,,,COBLL1,,COBLL1,,COBLL1,COBLL1,,COBLL1,COBLL1
KCNK2,,KCNK2,,KCNK2,,,,KCNK2,,KCNK2,,,,,UBE2I,,BTN2A2,,SPAG6,,,,,KCNK2,,KCNK2,KCNK2,,KCNK2,,KCNK2,KCNK2,,KCNK2,KCNK2,,KCNK2,KCNK2,KCNK2,,KCNK2,KCNK2,KCNK2,KCNK2,KCNK2,,KCNK2,GATB,KCNK2,KCNK2,KCNK2,,KCNK2,KCNK2,,,,KCNK2,KCNK2,KCNK2,,,KCNK2,,,KCNK2,,KCNK2,KCNK2,,KCNK2,KCNK2,KCNK2,,,KCNK2,,KCNK2,KCNK2,KCNK2,KCNK2,,KCNK2,KCNK2,KCNK2,,,KCNK2,,,KCNK2,,KCNK2,,KCNK2,KCNK2,,KCNK2,KCNK2
SERTAD4,,SERTAD4,,SERTAD4,,,,SERTAD4,,SERTAD4,,,,,ZP2,,CD33,,EXOSC5,,,,,SERTAD4,,SERTAD4,SERTAD4,,SERTAD4,,SERTAD4,SERTAD4,,SERTAD4,SERTAD4,,SERTAD4,SERTAD4,SERTAD4,,SERTAD4,SERTAD4,SERTAD4,SERTAD4,SERTAD4,,SERTAD4,GATB,SERTAD4,SERTAD4,SERTAD4,,SERTAD4,SERTAD4,,,,SERTAD4,SERTAD4,SERTAD4,,,SERTAD4,,,SERTAD4,,SERTAD4,SERTAD4,,SERTAD4,SERTAD4,SERTAD4,,,SERTAD4,,SERTAD4,SERTAD4,SERTAD4,SERTAD4,,SERTAD4,SERTAD4,SERTAD4,,,SERTAD4,,,SERTAD4,,SERTAD4,,SERTAD4,SERTAD4,,SERTAD4,SERTAD4
TRAF5,,TRAF5,,TRAF5,,,,TRAF5,,TRAF5,,,,,MEFV,,IL17RB,,DYNC1I2,,,,,TRAF5,,TRAF5,TRAF5,,TRAF5,,TRAF5,TRAF5,,TRAF5,TRAF5,,TRAF5,TRAF5,TRAF5,,TRAF5,TRAF5,TRAF5,TRAF5,TRAF5,,TRAF5,GATB,TRAF5,TRAF5,TRAF5,,TRAF5,TRAF5,,,,TRAF5,TRAF5,TRAF5,,,TRAF5,,,TRAF5,,TRAF5,TRAF5,,TRAF5,TRAF5,TRAF5,,,TRAF5,,TRAF5,TRAF5,TRAF5,TRAF5,,TRAF5,TRAF5,TRAF5,,,TRAF5,,,TRAF5,,TRAF5,,TRAF5,TRAF5,,TRAF5,TRAF5
GEMIN5,,GEMIN5,,GEMIN5,,,,GEMIN5,,GEMIN5,,,,,CRYM,,IL17A,,APBB1IP,,,,,GEMIN5,,GEMIN5,GEMIN5,,GEMIN5,,GEMIN5,GEMIN5,,GEMIN5,GEMIN5,,GEMIN5,GEMIN5,GEMIN5,,GEMIN5,GEMIN5,GEMIN5,GEMIN5,GEMIN5,,GEMIN5,GATB,GEMIN5,GEMIN5,GEMIN5,,GEMIN5,GEMIN5,,,,GEMIN5,GEMIN5,GEMIN5,,,GEMIN5,,,GEMIN5,,GEMIN5,GEMIN5,,GEMIN5,GEMIN5,GEMIN5,,,GEMIN5,,GEMIN5,GEMIN5,GEMIN5,GEMIN5,,GEMIN5,GEMIN5,GEMIN5,,,GEMIN5,,,GEMIN5,,GEMIN5,,GEMIN5,GEMIN5,,GEMIN5,GEMIN5
OPRK1,,OPRK1,,OPRK1,,,,OPRK1,,OPRK1,,,,,EEF2K,,TRAF3IP3,,LRCH4,,,,,OPRK1,,OPRK1,OPRK1,,OPRK1,,OPRK1,OPRK1,,OPRK1,OPRK1,,OPRK1,OPRK1,OPRK1,,OPRK1,OPRK1,OPRK1,OPRK1,OPRK1,,OPRK1,GATB,OPRK1,OPRK1,OPRK1,,OPRK1,OPRK1,,,,OPRK1,OPRK1,OPRK1,,,OPRK1,,,OPRK1,,OPRK1,OPRK1,,OPRK1,OPRK1,OPRK1,,,OPRK1,,OPRK1,OPRK1,OPRK1,OPRK1,,OPRK1,OPRK1,OPRK1,,,OPRK1,,,OPRK1,,OPRK1,,OPRK1,OPRK1,,OPRK1,OPRK1
NFE2L1,,NFE2L1,,NFE2L1,,,,NFE2L1,,NFE2L1,,,,,CAPN15,,TFPI,,FAM76B,,,,,NFE2L1,,NFE2L1,NFE2L1,,NFE2L1,,NFE2L1,NFE2L1,,NFE2L1,NFE2L1,,NFE2L1,NFE2L1,NFE2L1,,NFE2L1,NFE2L1,NFE2L1,NFE2L1,NFE2L1,,NFE2L1,GATB,NFE2L1,NFE2L1,NFE2L1,,NFE2L1,NFE2L1,,,,NFE2L1,NFE2L1,NFE2L1,,,NFE2L1,,,NFE2L1,,NFE2L1,NFE2L1,,NFE2L1,NFE2L1,NFE2L1,,,NFE2L1,,NFE2L1,NFE2L1,NFE2L1,NFE2L1,,NFE2L1,NFE2L1,NFE2L1,,,NFE2L1,,,NFE2L1,,NFE2L1,,NFE2L1,NFE2L1,,NFE2L1,NFE2L1
SEMA5B,,SEMA5B,,SEMA5B,,,,SEMA5B,,SEMA5B,,,,,PIEZO1,,TFEC,,SIRT6,,,,,SEMA5B,,SEMA5B,SEMA5B,,SEMA5B,,SEMA5B,SEMA5B,,SEMA5B,SEMA5B,,SEMA5B,SEMA5B,SEMA5B,,SEMA5B,SEMA5B,SEMA5B,SEMA5B,SEMA5B,,SEMA5B,GATB,SEMA5B,SEMA5B,SEMA5B,,SEMA5B,SEMA5B,,,,SEMA5B,SEMA5B,SEMA5B,,,SEMA5B,,,SEMA5B,,SEMA5B,SEMA5B,,SEMA5B,SEMA5B,SEMA5B,,,SEMA5B,,SEMA5B,SEMA5B,SEMA5B,SEMA5B,,SEMA5B,SEMA5B,SEMA5B,,,SEMA5B,,,SEMA5B,,SEMA5B,,SEMA5B,SEMA5B,,SEMA5B,SEMA5B
GSK3B,,GSK3B,,GSK3B,,,,GSK3B,,GSK3B,,,,,GSPT1,,KYNU,,TYR,,,,,GSK3B,,GSK3B,GSK3B,,GSK3B,,GSK3B,GSK3B,,GSK3B,GSK3B,,GSK3B,GSK3B,GSK3B,,GSK3B,GSK3B,GSK3B,GSK3B,GSK3B,,GSK3B,GATB,GSK3B,GSK3B,GSK3B,,GSK3B,GSK3B,,,,GSK3B,GSK3B,GSK3B,,,GSK3B,,,GSK3B,,GSK3B,GSK3B,,GSK3B,GSK3B,GSK3B,,,GSK3B,,GSK3B,GSK3B,GSK3B,GSK3B,,GSK3B,GSK3B,GSK3B,,,GSK3B,,,GSK3B,,GSK3B,,GSK3B,GSK3B,,GSK3B,GSK3B
ITGB5,,ITGB5,,ITGB5,,,,ITGB5,,ITGB5,,,,,ZNF174,,IL12RB1,,POLD3,,,,,ITGB5,,ITGB5,ITGB5,,ITGB5,,ITGB5,ITGB5,,ITGB5,ITGB5,,ITGB5,ITGB5,ITGB5,,ITGB5,ITGB5,ITGB5,ITGB5,ITGB5,,ITGB5,GATB,ITGB5,ITGB5,ITGB5,,ITGB5,ITGB5,,,,ITGB5,ITGB5,ITGB5,,,ITGB5,,,ITGB5,,ITGB5,ITGB5,,ITGB5,ITGB5,ITGB5,,,ITGB5,,ITGB5,ITGB5,ITGB5,ITGB5,,ITGB5,ITGB5,ITGB5,,,ITGB5,,,ITGB5,,ITGB5,,ITGB5,ITGB5,,ITGB5,ITGB5
ERC1,,ERC1,,ERC1,,,,ERC1,,ERC1,,,,,CLUAP1,,ICAM5,,ACTN2,,,,,ERC1,,ERC1,ERC1,,ERC1,,ERC1,ERC1,,ERC1,ERC1,,ERC1,ERC1,ERC1,,ERC1,ERC1,ERC1,ERC1,ERC1,,ERC1,GATB,ERC1,ERC1,ERC1,,ERC1,ERC1,,,,ERC1,ERC1,ERC1,,,ERC1,,,ERC1,,ERC1,ERC1,,ERC1,ERC1,ERC1,,,ERC1,,ERC1,ERC1,ERC1,ERC1,,ERC1,ERC1,ERC1,,,ERC1,,,ERC1,,ERC1,,ERC1,ERC1,,ERC1,ERC1
XPO1,,XPO1,,XPO1,,,,XPO1,,XPO1,,,,,UBFD1,,CCL26,,CAPZB,,,,,XPO1,,XPO1,XPO1,,XPO1,,XPO1,XPO1,,XPO1,XPO1,,XPO1,XPO1,XPO1,,XPO1,XPO1,XPO1,XPO1,XPO1,,XPO1,GATB,XPO1,XPO1,XPO1,,XPO1,XPO1,,,,XPO1,XPO1,XPO1,,,XPO1,,,XPO1,,XPO1,XPO1,,XPO1,XPO1,XPO1,,,XPO1,,XPO1,XPO1,XPO1,XPO1,,XPO1,XPO1,XPO1,,,XPO1,,,XPO1,,XPO1,,XPO1,XPO1,,XPO1,XPO1
LINC01587,,LINC01587,,LINC01587,,,,LINC01587,,LINC01587,,,,,PRSS33,,LTBP1,,GPR137B,,,,,LINC01587,,LINC01587,LINC01587,,LINC01587,,LINC01587,LINC01587,,LINC01587,LINC01587,,LINC01587,LINC01587,LINC01587,,LINC01587,LINC01587,LINC01587,LINC01587,LINC01587,,LINC01587,GATB,LINC01587,LINC01587,LINC01587,,LINC01587,LINC01587,,,,LINC01587,LINC01587,LINC01587,,,LINC01587,,,LINC01587,,LINC01587,LINC01587,,LINC01587,LINC01587,LINC01587,,,LINC01587,,LINC01587,LINC01587,LINC01587,LINC01587,,LINC01587,LINC01587,LINC01587,,,LINC01587,,,LINC01587,,LINC01587,,LINC01587,LINC01587,,LINC01587,LINC01587
RNF13,,RNF13,,RNF13,,,,RNF13,,RNF13,,,,,EARS2,,SERPINA3,,NAALAD2,,,,,RNF13,,RNF13,RNF13,,RNF13,,RNF13,RNF13,,RNF13,RNF13,,RNF13,RNF13,RNF13,,RNF13,RNF13,RNF13,RNF13,RNF13,,RNF13,GATB,RNF13,RNF13,RNF13,,RNF13,RNF13,,,,RNF13,RNF13,RNF13,,,RNF13,,,RNF13,,RNF13,RNF13,,RNF13,RNF13,RNF13,,,RNF13,,RNF13,RNF13,RNF13,RNF13,,RNF13,RNF13,RNF13,,,RNF13,,,RNF13,,RNF13,,RNF13,RNF13,,RNF13,RNF13
TRPM3,,TRPM3,,TRPM3,,,,TRPM3,,TRPM3,,,,,ELOB,,C8A,,JADE1,,,,,TRPM3,,TRPM3,TRPM3,,TRPM3,,TRPM3,TRPM3,,TRPM3,TRPM3,,TRPM3,TRPM3,TRPM3,,TRPM3,TRPM3,TRPM3,TRPM3,TRPM3,,TRPM3,GATB,TRPM3,TRPM3,TRPM3,,TRPM3,TRPM3,,,,TRPM3,TRPM3,TRPM3,,,TRPM3,,,TRPM3,,TRPM3,TRPM3,,TRPM3,TRPM3,TRPM3,,,TRPM3,,TRPM3,TRPM3,TRPM3,TRPM3,,TRPM3,TRPM3,TRPM3,,,TRPM3,,,TRPM3,,TRPM3,,TRPM3,TRPM3,,TRPM3,TRPM3
PALB2,,PALB2,,PALB2,,,,PALB2,,PALB2,,,,,GGA2,,RALA,,FGFR1,,,,,PALB2,,PALB2,PALB2,,PALB2,,PALB2,PALB2,,PALB2,PALB2,,PALB2,PALB2,PALB2,,PALB2,PALB2,PALB2,PALB2,PALB2,,PALB2,GATB,PALB2,PALB2,PALB2,,PALB2,PALB2,,,,PALB2,PALB2,PALB2,,,PALB2,,,PALB2,,PALB2,PALB2,,PALB2,PALB2,PALB2,,,PALB2,,PALB2,PALB2,PALB2,PALB2,,PALB2,PALB2,PALB2,,,PALB2,,,PALB2,,PALB2,,PALB2,PALB2,,PALB2,PALB2
DOP1A,,DOP1A,,DOP1A,,,,DOP1A,,DOP1A,,,,,AQP8,,KYNU,,FKBP6,,,,,DOP1A,,DOP1A,DOP1A,,DOP1A,,DOP1A,DOP1A,,DOP1A,DOP1A,,DOP1A,DOP1A,DOP1A,,DOP1A,DOP1A,DOP1A,DOP1A,DOP1A,,DOP1A,GATB,DOP1A,DOP1A,DOP1A,,DOP1A,DOP1A,,,,DOP1A,DOP1A,DOP1A,,,DOP1A,,,DOP1A,,DOP1A,DOP1A,,DOP1A,DOP1A,DOP1A,,,DOP1A,,DOP1A,DOP1A,DOP1A,DOP1A,,DOP1A,DOP1A,DOP1A,,,DOP1A,,,DOP1A,,DOP1A,,DOP1A,DOP1A,,DOP1A,DOP1A
LYRM2,,LYRM2,,LYRM2,,,,LYRM2,,LYRM2,,,,,CPPED1,,IFNGR1,,SMC1B,,,,,LYRM2,,LYRM2,LYRM2,,LYRM2,,LYRM2,LYRM2,,LYRM2,LYRM2,,LYRM2,LYRM2,LYRM2,,LYRM2,LYRM2,LYRM2,LYRM2,LYRM2,,LYRM2,GATB,LYRM2,LYRM2,LYRM2,,LYRM2,LYRM2,,,,LYRM2,LYRM2,LYRM2,,,LYRM2,,,LYRM2,,LYRM2,LYRM2,,LYRM2,LYRM2,LYRM2,,,LYRM2,,LYRM2,LYRM2,LYRM2,LYRM2,,LYRM2,LYRM2,LYRM2,,,LYRM2,,,LYRM2,,LYRM2,,LYRM2,LYRM2,,LYRM2,LYRM2
BCKDHB,,BCKDHB,,BCKDHB,,,,BCKDHB,,BCKDHB,,,,,USP31,,LGALS14,,FBLN1,,,,,BCKDHB,,BCKDHB,BCKDHB,,BCKDHB,,BCKDHB,BCKDHB,,BCKDHB,BCKDHB,,BCKDHB,BCKDHB,BCKDHB,,BCKDHB,BCKDHB,BCKDHB,BCKDHB,BCKDHB,,BCKDHB,GATB,BCKDHB,BCKDHB,BCKDHB,,BCKDHB,BCKDHB,,,,BCKDHB,BCKDHB,BCKDHB,,,BCKDHB,,,BCKDHB,,BCKDHB,BCKDHB,,BCKDHB,BCKDHB,BCKDHB,,,BCKDHB,,BCKDHB,BCKDHB,BCKDHB,BCKDHB,,BCKDHB,BCKDHB,BCKDHB,,,BCKDHB,,,BCKDHB,,BCKDHB,,BCKDHB,BCKDHB,,BCKDHB,BCKDHB
KAT6A,,KAT6A,,KAT6A,,,,KAT6A,,KAT6A,,,,,HMOX2,,TNFSF8,,ITGA7,,,,,KAT6A,,KAT6A,KAT6A,,KAT6A,,KAT6A,KAT6A,,KAT6A,KAT6A,,KAT6A,KAT6A,KAT6A,,KAT6A,KAT6A,KAT6A,KAT6A,KAT6A,,KAT6A,GATB,KAT6A,KAT6A,KAT6A,,KAT6A,KAT6A,,,,KAT6A,KAT6A,KAT6A,,,KAT6A,,,KAT6A,,KAT6A,KAT6A,,KAT6A,KAT6A,KAT6A,,,KAT6A,,KAT6A,KAT6A,KAT6A,KAT6A,,KAT6A,KAT6A,KAT6A,,,KAT6A,,,KAT6A,,KAT6A,,KAT6A,KAT6A,,KAT6A,KAT6A
TUT7,,TUT7,,TUT7,,,,TUT7,,TUT7,,,,,DNAJA3,,KYNU,,CST7,,,,,TUT7,,TUT7,TUT7,,TUT7,,TUT7,TUT7,,TUT7,TUT7,,TUT7,TUT7,TUT7,,TUT7,TUT7,TUT7,TUT7,TUT7,,TUT7,GATB,TUT7,TUT7,TUT7,,TUT7,TUT7,,,,TUT7,TUT7,TUT7,,,TUT7,,,TUT7,,TUT7,TUT7,,TUT7,TUT7,TUT7,,,TUT7,,TUT7,TUT7,TUT7,TUT7,,TUT7,TUT7,TUT7,,,TUT7,,,TUT7,,TUT7,,TUT7,TUT7,,TUT7,TUT7
ULK2,,ULK2,,ULK2,,,,ULK2,,ULK2,,,,,CORO7-PAM16,,FYN,,MAP2,,,,,ULK2,,ULK2,ULK2,,ULK2,,ULK2,ULK2,,ULK2,ULK2,,ULK2,ULK2,ULK2,,ULK2,ULK2,ULK2,ULK2,ULK2,,ULK2,GATB,ULK2,ULK2,ULK2,,ULK2,ULK2,,,,ULK2,ULK2,ULK2,,,ULK2,,,ULK2,,ULK2,ULK2,,ULK2,ULK2,ULK2,,,ULK2,,ULK2,ULK2,ULK2,ULK2,,ULK2,ULK2,ULK2,,,ULK2,,,ULK2,,ULK2,,ULK2,ULK2,,ULK2,ULK2
GRHL2,,GRHL2,,GRHL2,,,,GRHL2,,GRHL2,,,,,BFAR,,SELL,,PIAS2,,,,,GRHL2,,GRHL2,GRHL2,,GRHL2,,GRHL2,GRHL2,,GRHL2,GRHL2,,GRHL2,GRHL2,GRHL2,,GRHL2,GRHL2,GRHL2,GRHL2,GRHL2,,GRHL2,GATB,GRHL2,GRHL2,GRHL2,,GRHL2,GRHL2,,,,GRHL2,GRHL2,GRHL2,,,GRHL2,,,GRHL2,,GRHL2,GRHL2,,GRHL2,GRHL2,GRHL2,,,GRHL2,,GRHL2,GRHL2,GRHL2,GRHL2,,GRHL2,GRHL2,GRHL2,,,GRHL2,,,GRHL2,,GRHL2,,GRHL2,GRHL2,,GRHL2,GRHL2
TNPO1,,TNPO1,,TNPO1,,,,TNPO1,,TNPO1,,,,,SALL1,,CCL17,,AMPH,,,,,TNPO1,,TNPO1,TNPO1,,TNPO1,,TNPO1,TNPO1,,TNPO1,TNPO1,,TNPO1,TNPO1,TNPO1,,TNPO1,TNPO1,TNPO1,TNPO1,TNPO1,,TNPO1,GATB,TNPO1,TNPO1,TNPO1,,TNPO1,TNPO1,,,,TNPO1,TNPO1,TNPO1,,,TNPO1,,,TNPO1,,TNPO1,TNPO1,,TNPO1,TNPO1,TNPO1,,,TNPO1,,TNPO1,TNPO1,TNPO1,TNPO1,,TNPO1,TNPO1,TNPO1,,,TNPO1,,,TNPO1,,TNPO1,,TNPO1,TNPO1,,TNPO1,TNPO1
PLOD1,,PLOD1,,PLOD1,,,,PLOD1,,PLOD1,,,,,TOX3,,SERPINA4,,MCCC1,,,,,PLOD1,,PLOD1,PLOD1,,PLOD1,,PLOD1,PLOD1,,PLOD1,PLOD1,,PLOD1,PLOD1,PLOD1,,PLOD1,PLOD1,PLOD1,PLOD1,PLOD1,,PLOD1,GATB,PLOD1,PLOD1,PLOD1,,PLOD1,PLOD1,,,,PLOD1,PLOD1,PLOD1,,,PLOD1,,,PLOD1,,PLOD1,PLOD1,,PLOD1,PLOD1,PLOD1,,,PLOD1,,PLOD1,PLOD1,PLOD1,PLOD1,,PLOD1,PLOD1,PLOD1,,,PLOD1,,,PLOD1,,PLOD1,,PLOD1,PLOD1,,PLOD1,PLOD1
P2RX5,,P2RX5,,P2RX5,,,,P2RX5,,P2RX5,,,,,RRN3P2,,C5,,LAMP3,,,,,P2RX5,,P2RX5,P2RX5,,P2RX5,,P2RX5,P2RX5,,P2RX5,P2RX5,,P2RX5,P2RX5,P2RX5,,P2RX5,P2RX5,P2RX5,P2RX5,P2RX5,,P2RX5,GATB,P2RX5,P2RX5,P2RX5,,P2RX5,P2RX5,,,,P2RX5,P2RX5,P2RX5,,,P2RX5,,,P2RX5,,P2RX5,P2RX5,,P2RX5,P2RX5,P2RX5,,,P2RX5,,P2RX5,P2RX5,P2RX5,P2RX5,,P2RX5,P2RX5,P2RX5,,,P2RX5,,,P2RX5,,P2RX5,,P2RX5,P2RX5,,P2RX5,P2RX5
ITGAE,,ITGAE,,ITGAE,,,,ITGAE,,ITGAE,,,,,RBL2,,TRAF3,,FAP,,,,,ITGAE,,ITGAE,ITGAE,,ITGAE,,ITGAE,ITGAE,,ITGAE,ITGAE,,ITGAE,ITGAE,ITGAE,,ITGAE,ITGAE,ITGAE,ITGAE,ITGAE,,ITGAE,GATB,ITGAE,ITGAE,ITGAE,,ITGAE,ITGAE,,,,ITGAE,ITGAE,ITGAE,,,ITGAE,,,ITGAE,,ITGAE,ITGAE,,ITGAE,ITGAE,ITGAE,,,ITGAE,,ITGAE,ITGAE,ITGAE,ITGAE,,ITGAE,ITGAE,ITGAE,,,ITGAE,,,ITGAE,,ITGAE,,ITGAE,ITGAE,,ITGAE,ITGAE
DIS3,,DIS3,,DIS3,,,,DIS3,,DIS3,,,,,QPRT,,IL7,,NEBL,,,,,DIS3,,DIS3,DIS3,,DIS3,,DIS3,DIS3,,DIS3,DIS3,,DIS3,DIS3,DIS3,,DIS3,DIS3,DIS3,DIS3,DIS3,,DIS3,GATB,DIS3,DIS3,DIS3,,DIS3,DIS3,,,,DIS3,DIS3,DIS3,,,DIS3,,,DIS3,,DIS3,DIS3,,DIS3,DIS3,DIS3,,,DIS3,,DIS3,DIS3,DIS3,DIS3,,DIS3,DIS3,DIS3,,,DIS3,,,DIS3,,DIS3,,DIS3,DIS3,,DIS3,DIS3
PIBF1,,PIBF1,,PIBF1,,,,PIBF1,,PIBF1,,,,,XYLT1,,SLC7A2,,ACER3,,,,,PIBF1,,PIBF1,PIBF1,,PIBF1,,PIBF1,PIBF1,,PIBF1,PIBF1,,PIBF1,PIBF1,PIBF1,,PIBF1,PIBF1,PIBF1,PIBF1,PIBF1,,PIBF1,GATB,PIBF1,PIBF1,PIBF1,,PIBF1,PIBF1,,,,PIBF1,PIBF1,PIBF1,,,PIBF1,,,PIBF1,,PIBF1,PIBF1,,PIBF1,PIBF1,PIBF1,,,PIBF1,,PIBF1,PIBF1,PIBF1,PIBF1,,PIBF1,PIBF1,PIBF1,,,PIBF1,,,PIBF1,,PIBF1,,PIBF1,PIBF1,,PIBF1,PIBF1
TDRD3,,TDRD3,,TDRD3,,,,TDRD3,,TDRD3,,,,,PYCARD,,ASB1,,UBE2K,,,,,TDRD3,,TDRD3,TDRD3,,TDRD3,,TDRD3,TDRD3,,TDRD3,TDRD3,,TDRD3,TDRD3,TDRD3,,TDRD3,TDRD3,TDRD3,TDRD3,TDRD3,,TDRD3,GATB,TDRD3,TDRD3,TDRD3,,TDRD3,TDRD3,,,,TDRD3,TDRD3,TDRD3,,,TDRD3,,,TDRD3,,TDRD3,TDRD3,,TDRD3,TDRD3,TDRD3,,,TDRD3,,TDRD3,TDRD3,TDRD3,TDRD3,,TDRD3,TDRD3,TDRD3,,,TDRD3,,,TDRD3,,TDRD3,,TDRD3,TDRD3,,TDRD3,TDRD3
AC000111.6,,AC000111.6,,AC000111.6,,,,AC000111.6,,AC000111.6,,,,,RPGRIP1L,,LGALS1,,PIK3C3,,,,,AC000111.6,,AC000111.6,AC000111.6,,AC000111.6,,AC000111.6,AC000111.6,,AC000111.6,AC000111.6,,AC000111.6,AC000111.6,AC000111.6,,AC000111.6,AC000111.6,AC000111.6,AC000111.6,AC000111.6,,AC000111.6,GATB,AC000111.6,AC000111.6,AC000111.6,,AC000111.6,AC000111.6,,,,AC000111.6,AC000111.6,AC000111.6,,,AC000111.6,,,AC000111.6,,AC000111.6,AC000111.6,,AC000111.6,AC000111.6,AC000111.6,,,AC000111.6,,AC000111.6,AC000111.6,AC000111.6,AC000111.6,,AC000111.6,AC000111.6,AC000111.6,,,AC000111.6,,,AC000111.6,,AC000111.6,,AC000111.6,AC000111.6,,AC000111.6,AC000111.6
NUFIP1,,NUFIP1,,NUFIP1,,,,NUFIP1,,NUFIP1,,,,,MAZ,,LY75,,N4BP2,,,,,NUFIP1,,NUFIP1,NUFIP1,,NUFIP1,,NUFIP1,NUFIP1,,NUFIP1,NUFIP1,,NUFIP1,NUFIP1,NUFIP1,,NUFIP1,NUFIP1,NUFIP1,NUFIP1,NUFIP1,,NUFIP1,GATB,NUFIP1,NUFIP1,NUFIP1,,NUFIP1,NUFIP1,,,,NUFIP1,NUFIP1,NUFIP1,,,NUFIP1,,,NUFIP1,,NUFIP1,NUFIP1,,NUFIP1,NUFIP1,NUFIP1,,,NUFIP1,,NUFIP1,NUFIP1,NUFIP1,NUFIP1,,NUFIP1,NUFIP1,NUFIP1,,,NUFIP1,,,NUFIP1,,NUFIP1,,NUFIP1,NUFIP1,,NUFIP1,NUFIP1
PDS5B,,PDS5B,,PDS5B,,,,PDS5B,,PDS5B,,,,,STX4,,CYTH3,,TIGAR,,,,,PDS5B,,PDS5B,PDS5B,,PDS5B,,PDS5B,PDS5B,,PDS5B,PDS5B,,PDS5B,PDS5B,PDS5B,,PDS5B,PDS5B,PDS5B,PDS5B,PDS5B,,PDS5B,GATB,PDS5B,PDS5B,PDS5B,,PDS5B,PDS5B,,,,PDS5B,PDS5B,PDS5B,,,PDS5B,,,PDS5B,,PDS5B,PDS5B,,PDS5B,PDS5B,PDS5B,,,PDS5B,,PDS5B,PDS5B,PDS5B,PDS5B,,PDS5B,PDS5B,PDS5B,,,PDS5B,,,PDS5B,,PDS5B,,PDS5B,PDS5B,,PDS5B,PDS5B
OXCT1,,OXCT1,,OXCT1,,,,OXCT1,,OXCT1,,,,,CDIPT,,RUNX3,,TULP3,,,,,OXCT1,,OXCT1,OXCT1,,OXCT1,,OXCT1,OXCT1,,OXCT1,OXCT1,,OXCT1,OXCT1,OXCT1,,OXCT1,OXCT1,OXCT1,OXCT1,OXCT1,,OXCT1,GATB,OXCT1,OXCT1,OXCT1,,OXCT1,OXCT1,,,,OXCT1,OXCT1,OXCT1,,,OXCT1,,,OXCT1,,OXCT1,OXCT1,,OXCT1,OXCT1,OXCT1,,,OXCT1,,OXCT1,OXCT1,OXCT1,OXCT1,,OXCT1,OXCT1,OXCT1,,,OXCT1,,,OXCT1,,OXCT1,,OXCT1,OXCT1,,OXCT1,OXCT1
EPYC,,EPYC,,EPYC,,,,EPYC,,EPYC,,,,,BCKDK,,KYNU,,SYNJ2,,,,,EPYC,,EPYC,EPYC,,EPYC,,EPYC,EPYC,,EPYC,EPYC,,EPYC,EPYC,EPYC,,EPYC,EPYC,EPYC,EPYC,EPYC,,EPYC,GATB,EPYC,EPYC,EPYC,,EPYC,EPYC,,,,EPYC,EPYC,EPYC,,,EPYC,,,EPYC,,EPYC,EPYC,,EPYC,EPYC,EPYC,,,EPYC,,EPYC,EPYC,EPYC,EPYC,,EPYC,EPYC,EPYC,,,EPYC,,,EPYC,,EPYC,,EPYC,EPYC,,EPYC,EPYC
CYLD,,CYLD,,CYLD,,,,CYLD,,CYLD,,,,,KAT8,,FTL,,ADCY2,,,,,CYLD,,CYLD,CYLD,,CYLD,,CYLD,CYLD,,CYLD,CYLD,,CYLD,CYLD,CYLD,,CYLD,CYLD,CYLD,CYLD,CYLD,,CYLD,GATB,CYLD,CYLD,CYLD,,CYLD,CYLD,,,,CYLD,CYLD,CYLD,,,CYLD,,,CYLD,,CYLD,CYLD,,CYLD,CYLD,CYLD,,,CYLD,,CYLD,CYLD,CYLD,CYLD,,CYLD,CYLD,CYLD,,,CYLD,,,CYLD,,CYLD,,CYLD,CYLD,,CYLD,CYLD
SLC27A5,,SLC27A5,,SLC27A5,,,,SLC27A5,,SLC27A5,,,,,NOMO1,,SLC11A1,,PPP2R5C,,,,,SLC27A5,,SLC27A5,SLC27A5,,SLC27A5,,SLC27A5,SLC27A5,,SLC27A5,SLC27A5,,SLC27A5,SLC27A5,SLC27A5,,SLC27A5,SLC27A5,SLC27A5,SLC27A5,SLC27A5,,SLC27A5,GATB,SLC27A5,SLC27A5,SLC27A5,,SLC27A5,SLC27A5,,,,SLC27A5,SLC27A5,SLC27A5,,,SLC27A5,,,SLC27A5,,SLC27A5,SLC27A5,,SLC27A5,SLC27A5,SLC27A5,,,SLC27A5,,SLC27A5,SLC27A5,SLC27A5,SLC27A5,,SLC27A5,SLC27A5,SLC27A5,,,SLC27A5,,,SLC27A5,,SLC27A5,,SLC27A5,SLC27A5,,SLC27A5,SLC27A5
ZNF324,,ZNF324,,ZNF324,,,,ZNF324,,ZNF324,,,,,IL21R,,ASB4,,PMS2P1,,,,,ZNF324,,ZNF324,ZNF324,,ZNF324,,ZNF324,ZNF324,,ZNF324,ZNF324,,ZNF324,ZNF324,ZNF324,,ZNF324,ZNF324,ZNF324,ZNF324,ZNF324,,ZNF324,GATB,ZNF324,ZNF324,ZNF324,,ZNF324,ZNF324,,,,ZNF324,ZNF324,ZNF324,,,ZNF324,,,ZNF324,,ZNF324,ZNF324,,ZNF324,ZNF324,ZNF324,,,ZNF324,,ZNF324,ZNF324,ZNF324,ZNF324,,ZNF324,ZNF324,ZNF324,,,ZNF324,,,ZNF324,,ZNF324,,ZNF324,ZNF324,,ZNF324,ZNF324
ZNF671,,ZNF671,,ZNF671,,,,ZNF671,,ZNF671,,,,,SYT17,,VEZT,,RBFOX1,,,,,ZNF671,,ZNF671,ZNF671,,ZNF671,,ZNF671,ZNF671,,ZNF671,ZNF671,,ZNF671,ZNF671,ZNF671,,ZNF671,ZNF671,ZNF671,ZNF671,ZNF671,,ZNF671,GATB,ZNF671,ZNF671,ZNF671,,ZNF671,ZNF671,,,,ZNF671,ZNF671,ZNF671,,,ZNF671,,,ZNF671,,ZNF671,ZNF671,,ZNF671,ZNF671,ZNF671,,,ZNF671,,ZNF671,ZNF671,ZNF671,ZNF671,,ZNF671,ZNF671,ZNF671,,,ZNF671,,,ZNF671,,ZNF671,,ZNF671,ZNF671,,ZNF671,ZNF671
ZNF416,,ZNF416,,ZNF416,,,,ZNF416,,ZNF416,,,,,TMC5,,KYNU,,GNB1,,,,,ZNF416,,ZNF416,ZNF416,,ZNF416,,ZNF416,ZNF416,,ZNF416,ZNF416,,ZNF416,ZNF416,ZNF416,,ZNF416,ZNF416,ZNF416,ZNF416,ZNF416,,ZNF416,GATB,ZNF416,ZNF416,ZNF416,,ZNF416,ZNF416,,,,ZNF416,ZNF416,ZNF416,,,ZNF416,,,ZNF416,,ZNF416,ZNF416,,ZNF416,ZNF416,ZNF416,,,ZNF416,,ZNF416,ZNF416,ZNF416,ZNF416,,ZNF416,ZNF416,ZNF416,,,ZNF416,,,ZNF416,,ZNF416,,ZNF416,ZNF416,,ZNF416,ZNF416
ZNF586,,ZNF586,,ZNF586,,,,ZNF586,,ZNF586,,,,,CCP110,,ICAM5,,HOXA9,,,,,ZNF586,,ZNF586,ZNF586,,ZNF586,,ZNF586,ZNF586,,ZNF586,ZNF586,,ZNF586,ZNF586,ZNF586,,ZNF586,ZNF586,ZNF586,ZNF586,ZNF586,,ZNF586,GATB,ZNF586,ZNF586,ZNF586,,ZNF586,ZNF586,,,,ZNF586,ZNF586,ZNF586,,,ZNF586,,,ZNF586,,ZNF586,ZNF586,,ZNF586,ZNF586,ZNF586,,,ZNF586,,ZNF586,ZNF586,ZNF586,ZNF586,,ZNF586,ZNF586,ZNF586,,,ZNF586,,,ZNF586,,ZNF586,,ZNF586,ZNF586,,ZNF586,ZNF586
ZNF446,,ZNF446,,ZNF446,,,,ZNF446,,ZNF446,,,,,VPS35L,,TFRC,,EDN1,,,,,ZNF446,,ZNF446,ZNF446,,ZNF446,,ZNF446,ZNF446,,ZNF446,ZNF446,,ZNF446,ZNF446,ZNF446,,ZNF446,ZNF446,ZNF446,ZNF446,ZNF446,,ZNF446,GATB,ZNF446,ZNF446,ZNF446,,ZNF446,ZNF446,,,,ZNF446,ZNF446,ZNF446,,,ZNF446,,,ZNF446,,ZNF446,ZNF446,,ZNF446,ZNF446,ZNF446,,,ZNF446,,ZNF446,ZNF446,ZNF446,ZNF446,,ZNF446,ZNF446,ZNF446,,,ZNF446,,,ZNF446,,ZNF446,,ZNF446,ZNF446,,ZNF446,ZNF446
ZNF264,,ZNF264,,ZNF264,,,,ZNF264,,ZNF264,,,,,SLC6A2,,BTN2A3P,,MLLT10,,,,,ZNF264,,ZNF264,ZNF264,,ZNF264,,ZNF264,ZNF264,,ZNF264,ZNF264,,ZNF264,ZNF264,ZNF264,,ZNF264,ZNF264,ZNF264,ZNF264,ZNF264,,ZNF264,GATB,ZNF264,ZNF264,ZNF264,,ZNF264,ZNF264,,,,ZNF264,ZNF264,ZNF264,,,ZNF264,,,ZNF264,,ZNF264,ZNF264,,ZNF264,ZNF264,ZNF264,,,ZNF264,,ZNF264,ZNF264,ZNF264,ZNF264,,ZNF264,ZNF264,ZNF264,,,ZNF264,,,ZNF264,,ZNF264,,ZNF264,ZNF264,,ZNF264,ZNF264
FAT1,,FAT1,,FAT1,,,,FAT1,,FAT1,,,,,RNF40,,RUNX1T1,,ZCWPW1,,,,,FAT1,,FAT1,FAT1,,FAT1,,FAT1,FAT1,,FAT1,FAT1,,FAT1,FAT1,FAT1,,FAT1,FAT1,FAT1,FAT1,FAT1,,FAT1,GATB,FAT1,FAT1,FAT1,,FAT1,FAT1,,,,FAT1,FAT1,FAT1,,,FAT1,,,FAT1,,FAT1,FAT1,,FAT1,FAT1,FAT1,,,FAT1,,FAT1,FAT1,FAT1,FAT1,,FAT1,FAT1,FAT1,,,FAT1,,,FAT1,,FAT1,,FAT1,FAT1,,FAT1,FAT1
YTHDC1,,YTHDC1,,YTHDC1,,,,YTHDC1,,YTHDC1,,,,,KNOP1,,OSGEP,,ADCYAP1R1,,,,,YTHDC1,,YTHDC1,YTHDC1,,YTHDC1,,YTHDC1,YTHDC1,,YTHDC1,YTHDC1,,YTHDC1,YTHDC1,YTHDC1,,YTHDC1,YTHDC1,YTHDC1,YTHDC1,YTHDC1,,YTHDC1,GATB,YTHDC1,YTHDC1,YTHDC1,,YTHDC1,YTHDC1,,,,YTHDC1,YTHDC1,YTHDC1,,,YTHDC1,,,YTHDC1,,YTHDC1,YTHDC1,,YTHDC1,YTHDC1,YTHDC1,,,YTHDC1,,YTHDC1,YTHDC1,YTHDC1,YTHDC1,,YTHDC1,YTHDC1,YTHDC1,,,YTHDC1,,,YTHDC1,,YTHDC1,,YTHDC1,YTHDC1,,YTHDC1,YTHDC1
CHMP2B,,CHMP2B,,CHMP2B,,,,CHMP2B,,CHMP2B,,,,,AQP9,,IL27RA,,FGF20,,,,,CHMP2B,,CHMP2B,CHMP2B,,CHMP2B,,CHMP2B,CHMP2B,,CHMP2B,CHMP2B,,CHMP2B,CHMP2B,CHMP2B,,CHMP2B,CHMP2B,CHMP2B,CHMP2B,CHMP2B,,CHMP2B,GATB,CHMP2B,CHMP2B,CHMP2B,,CHMP2B,CHMP2B,,,,CHMP2B,CHMP2B,CHMP2B,,,CHMP2B,,,CHMP2B,,CHMP2B,CHMP2B,,CHMP2B,CHMP2B,CHMP2B,,,CHMP2B,,CHMP2B,CHMP2B,CHMP2B,CHMP2B,,CHMP2B,CHMP2B,CHMP2B,,,CHMP2B,,,CHMP2B,,CHMP2B,,CHMP2B,CHMP2B,,CHMP2B,CHMP2B
SMAP2,,SMAP2,,SMAP2,,,,SMAP2,,SMAP2,,,,,AAGAB,,SLC1A3,,NRDC,,,,,SMAP2,,SMAP2,SMAP2,,SMAP2,,SMAP2,SMAP2,,SMAP2,SMAP2,,SMAP2,SMAP2,SMAP2,,SMAP2,SMAP2,SMAP2,SMAP2,SMAP2,,SMAP2,GATB,SMAP2,SMAP2,SMAP2,,SMAP2,SMAP2,,,,SMAP2,SMAP2,SMAP2,,,SMAP2,,,SMAP2,,SMAP2,SMAP2,,SMAP2,SMAP2,SMAP2,,,SMAP2,,SMAP2,SMAP2,SMAP2,SMAP2,,SMAP2,SMAP2,SMAP2,,,SMAP2,,,SMAP2,,SMAP2,,SMAP2,SMAP2,,SMAP2,SMAP2
PPIE,,PPIE,,PPIE,,,,PPIE,,PPIE,,,,,IQCH,,ICAM2,,VDAC3,,,,,PPIE,,PPIE,PPIE,,PPIE,,PPIE,PPIE,,PPIE,PPIE,,PPIE,PPIE,PPIE,,PPIE,PPIE,PPIE,PPIE,PPIE,,PPIE,GATB,PPIE,PPIE,PPIE,,PPIE,PPIE,,,,PPIE,PPIE,PPIE,,,PPIE,,,PPIE,,PPIE,PPIE,,PPIE,PPIE,PPIE,,,PPIE,,PPIE,PPIE,PPIE,PPIE,,PPIE,PPIE,PPIE,,,PPIE,,,PPIE,,PPIE,,PPIE,PPIE,,PPIE,PPIE
ZMPSTE24,,ZMPSTE24,,ZMPSTE24,,,,ZMPSTE24,,ZMPSTE24,,,,,LACTB,,ITGA3,,PCM1,,,,,ZMPSTE24,,ZMPSTE24,ZMPSTE24,,ZMPSTE24,,ZMPSTE24,ZMPSTE24,,ZMPSTE24,ZMPSTE24,,ZMPSTE24,ZMPSTE24,ZMPSTE24,,ZMPSTE24,ZMPSTE24,ZMPSTE24,ZMPSTE24,ZMPSTE24,,ZMPSTE24,GATB,ZMPSTE24,ZMPSTE24,ZMPSTE24,,ZMPSTE24,ZMPSTE24,,,,ZMPSTE24,ZMPSTE24,ZMPSTE24,,,ZMPSTE24,,,ZMPSTE24,,ZMPSTE24,ZMPSTE24,,ZMPSTE24,ZMPSTE24,ZMPSTE24,,,ZMPSTE24,,ZMPSTE24,ZMPSTE24,ZMPSTE24,ZMPSTE24,,ZMPSTE24,ZMPSTE24,ZMPSTE24,,,ZMPSTE24,,,ZMPSTE24,,ZMPSTE24,,ZMPSTE24,ZMPSTE24,,ZMPSTE24,ZMPSTE24
STARD7,,STARD7,,STARD7,,,,STARD7,,STARD7,,,,,CORO2B,,FCGR2B,,TNRC6C,,,,,STARD7,,STARD7,STARD7,,STARD7,,STARD7,STARD7,,STARD7,STARD7,,STARD7,STARD7,STARD7,,STARD7,STARD7,STARD7,STARD7,STARD7,,STARD7,GATB,STARD7,STARD7,STARD7,,STARD7,STARD7,,,,STARD7,STARD7,STARD7,,,STARD7,,,STARD7,,STARD7,STARD7,,STARD7,STARD7,STARD7,,,STARD7,,STARD7,STARD7,STARD7,STARD7,,STARD7,STARD7,STARD7,,,STARD7,,,STARD7,,STARD7,,STARD7,STARD7,,STARD7,STARD7
NOA1,,NOA1,,NOA1,,,,NOA1,,NOA1,,,,,CSK,,TNIP3,,CBFA2T2,,,,,NOA1,,NOA1,NOA1,,NOA1,,NOA1,NOA1,,NOA1,NOA1,,NOA1,NOA1,NOA1,,NOA1,NOA1,NOA1,NOA1,NOA1,,NOA1,GATB,NOA1,NOA1,NOA1,,NOA1,NOA1,,,,NOA1,NOA1,NOA1,,,NOA1,,,NOA1,,NOA1,NOA1,,NOA1,NOA1,NOA1,,,NOA1,,NOA1,NOA1,NOA1,NOA1,,NOA1,NOA1,NOA1,,,NOA1,,,NOA1,,NOA1,,NOA1,NOA1,,NOA1,NOA1
REST,,REST,,REST,,,,REST,,REST,,,,,HERC1,,CCL8,,BRINP1,,,,,REST,,REST,REST,,REST,,REST,REST,,REST,REST,,REST,REST,REST,,REST,REST,REST,REST,REST,,REST,GATB,REST,REST,REST,,REST,REST,,,,REST,REST,REST,,,REST,,,REST,,REST,REST,,REST,REST,REST,,,REST,,REST,REST,REST,REST,,REST,REST,REST,,,REST,,,REST,,REST,,REST,REST,,REST,REST
HAL,,HAL,,HAL,,,,HAL,,HAL,,,,,TRIP4,,ASB4,,ITCH,,,,,HAL,,HAL,HAL,,HAL,,HAL,HAL,,HAL,HAL,,HAL,HAL,HAL,,HAL,HAL,HAL,HAL,HAL,,HAL,GATB,HAL,HAL,HAL,,HAL,HAL,,,,HAL,HAL,HAL,,,HAL,,,HAL,,HAL,HAL,,HAL,HAL,HAL,,,HAL,,HAL,HAL,HAL,HAL,,HAL,HAL,HAL,,,HAL,,,HAL,,HAL,,HAL,HAL,,HAL,HAL
SSH1,,SSH1,,SSH1,,,,SSH1,,SSH1,,,,,MTFMT,,FTL,,PKD2L2,,,,,SSH1,,SSH1,SSH1,,SSH1,,SSH1,SSH1,,SSH1,SSH1,,SSH1,SSH1,SSH1,,SSH1,SSH1,SSH1,SSH1,SSH1,,SSH1,GATB,SSH1,SSH1,SSH1,,SSH1,SSH1,,,,SSH1,SSH1,SSH1,,,SSH1,,,SSH1,,SSH1,SSH1,,SSH1,SSH1,SSH1,,,SSH1,,SSH1,SSH1,SSH1,SSH1,,SSH1,SSH1,SSH1,,,SSH1,,,SSH1,,SSH1,,SSH1,SSH1,,SSH1,SSH1
GSTP1,,GSTP1,,GSTP1,,,,GSTP1,,GSTP1,,,,,RASL12,,AHR,,TP53INP2,,,,,GSTP1,,GSTP1,GSTP1,,GSTP1,,GSTP1,GSTP1,,GSTP1,GSTP1,,GSTP1,GSTP1,GSTP1,,GSTP1,GSTP1,GSTP1,GSTP1,GSTP1,,GSTP1,GATB,GSTP1,GSTP1,GSTP1,,GSTP1,GSTP1,,,,GSTP1,GSTP1,GSTP1,,,GSTP1,,,GSTP1,,GSTP1,GSTP1,,GSTP1,GSTP1,GSTP1,,,GSTP1,,GSTP1,GSTP1,GSTP1,GSTP1,,GSTP1,GSTP1,GSTP1,,,GSTP1,,,GSTP1,,GSTP1,,GSTP1,GSTP1,,GSTP1,GSTP1
APLP2,,APLP2,,APLP2,,,,APLP2,,APLP2,,,,,AP3B2,,SLC7A14,,SDF4,,,,,APLP2,,APLP2,APLP2,,APLP2,,APLP2,APLP2,,APLP2,APLP2,,APLP2,APLP2,APLP2,,APLP2,APLP2,APLP2,APLP2,APLP2,,APLP2,GATB,APLP2,APLP2,APLP2,,APLP2,APLP2,,,,APLP2,APLP2,APLP2,,,APLP2,,,APLP2,,APLP2,APLP2,,APLP2,APLP2,APLP2,,,APLP2,,APLP2,APLP2,APLP2,APLP2,,APLP2,APLP2,APLP2,,,APLP2,,,APLP2,,APLP2,,APLP2,APLP2,,APLP2,APLP2
FAM234B,,FAM234B,,FAM234B,,,,FAM234B,,FAM234B,,,,,ACSBG1,,BTN2A3P,,MYH7B,,,,,FAM234B,,FAM234B,FAM234B,,FAM234B,,FAM234B,FAM234B,,FAM234B,FAM234B,,FAM234B,FAM234B,FAM234B,,FAM234B,FAM234B,FAM234B,FAM234B,FAM234B,,FAM234B,GATB,FAM234B,FAM234B,FAM234B,,FAM234B,FAM234B,,,,FAM234B,FAM234B,FAM234B,,,FAM234B,,,FAM234B,,FAM234B,FAM234B,,FAM234B,FAM234B,FAM234B,,,FAM234B,,FAM234B,FAM234B,FAM234B,FAM234B,,FAM234B,FAM234B,FAM234B,,,FAM234B,,,FAM234B,,FAM234B,,FAM234B,FAM234B,,FAM234B,FAM234B
SLCO1A2,,SLCO1A2,,SLCO1A2,,,,SLCO1A2,,SLCO1A2,,,,,IGDCC4,,AQR,,,,,,,SLCO1A2,,SLCO1A2,SLCO1A2,,SLCO1A2,,SLCO1A2,SLCO1A2,,SLCO1A2,SLCO1A2,,SLCO1A2,SLCO1A2,SLCO1A2,,SLCO1A2,SLCO1A2,SLCO1A2,SLCO1A2,SLCO1A2,,SLCO1A2,GATB,SLCO1A2,SLCO1A2,SLCO1A2,,SLCO1A2,SLCO1A2,,,,SLCO1A2,SLCO1A2,SLCO1A2,,,SLCO1A2,,,SLCO1A2,,SLCO1A2,SLCO1A2,,SLCO1A2,SLCO1A2,SLCO1A2,,,SLCO1A2,,SLCO1A2,SLCO1A2,SLCO1A2,SLCO1A2,,SLCO1A2,SLCO1A2,SLCO1A2,,,SLCO1A2,,,SLCO1A2,,SLCO1A2,,SLCO1A2,SLCO1A2,,SLCO1A2,SLCO1A2
WBP11,,WBP11,,WBP11,,,,WBP11,,WBP11,,,,,RAB11A,,IL4,,,,,,,WBP11,,WBP11,WBP11,,WBP11,,WBP11,WBP11,,WBP11,WBP11,,WBP11,WBP11,WBP11,,WBP11,WBP11,WBP11,WBP11,WBP11,,WBP11,GATB,WBP11,WBP11,WBP11,,WBP11,WBP11,,,,WBP11,WBP11,WBP11,,,WBP11,,,WBP11,,WBP11,WBP11,,WBP11,WBP11,WBP11,,,WBP11,,WBP11,WBP11,WBP11,WBP11,,WBP11,WBP11,WBP11,,,WBP11,,,WBP11,,WBP11,,WBP11,WBP11,,WBP11,WBP11
EIF3I,,EIF3I,,EIF3I,,,,EIF3I,,EIF3I,,,,,CTSH,,VEZT,,,,,,,EIF3I,,EIF3I,EIF3I,,EIF3I,,EIF3I,EIF3I,,EIF3I,EIF3I,,EIF3I,EIF3I,EIF3I,,EIF3I,EIF3I,EIF3I,EIF3I,EIF3I,,EIF3I,GATB,EIF3I,EIF3I,EIF3I,,EIF3I,EIF3I,,,,EIF3I,EIF3I,EIF3I,,,EIF3I,,,EIF3I,,EIF3I,EIF3I,,EIF3I,EIF3I,EIF3I,,,EIF3I,,EIF3I,EIF3I,EIF3I,EIF3I,,EIF3I,EIF3I,EIF3I,,,EIF3I,,,EIF3I,,EIF3I,,EIF3I,EIF3I,,EIF3I,EIF3I
NKAIN1,,NKAIN1,,NKAIN1,,,,NKAIN1,,NKAIN1,,,,,GOLGA8UP,,CD40,,,,,,,NKAIN1,,NKAIN1,NKAIN1,,NKAIN1,,NKAIN1,NKAIN1,,NKAIN1,NKAIN1,,NKAIN1,NKAIN1,NKAIN1,,NKAIN1,NKAIN1,NKAIN1,NKAIN1,NKAIN1,,NKAIN1,GATB,NKAIN1,NKAIN1,NKAIN1,,NKAIN1,NKAIN1,,,,NKAIN1,NKAIN1,NKAIN1,,,NKAIN1,,,NKAIN1,,NKAIN1,NKAIN1,,NKAIN1,NKAIN1,NKAIN1,,,NKAIN1,,NKAIN1,NKAIN1,NKAIN1,NKAIN1,,NKAIN1,NKAIN1,NKAIN1,,,NKAIN1,,,NKAIN1,,NKAIN1,,NKAIN1,NKAIN1,,NKAIN1,NKAIN1
COL16A1,,COL16A1,,COL16A1,,,,COL16A1,,COL16A1,,,,,TTC23,,FYN,,,,,,,COL16A1,,COL16A1,COL16A1,,COL16A1,,COL16A1,COL16A1,,COL16A1,COL16A1,,COL16A1,COL16A1,COL16A1,,COL16A1,COL16A1,COL16A1,COL16A1,COL16A1,,COL16A1,GATB,COL16A1,COL16A1,COL16A1,,COL16A1,COL16A1,,,,COL16A1,COL16A1,COL16A1,,,COL16A1,,,COL16A1,,COL16A1,COL16A1,,COL16A1,COL16A1,COL16A1,,,COL16A1,,COL16A1,COL16A1,COL16A1,COL16A1,,COL16A1,COL16A1,COL16A1,,,COL16A1,,,COL16A1,,COL16A1,,COL16A1,COL16A1,,COL16A1,COL16A1
TXLNA,,TXLNA,,TXLNA,,,,TXLNA,,TXLNA,,,,,CD276,,SELL,,,,,,,TXLNA,,TXLNA,TXLNA,,TXLNA,,TXLNA,TXLNA,,TXLNA,TXLNA,,TXLNA,TXLNA,TXLNA,,TXLNA,TXLNA,TXLNA,TXLNA,TXLNA,,TXLNA,GATB,TXLNA,TXLNA,TXLNA,,TXLNA,TXLNA,,,,TXLNA,TXLNA,TXLNA,,,TXLNA,,,TXLNA,,TXLNA,TXLNA,,TXLNA,TXLNA,TXLNA,,,TXLNA,,TXLNA,TXLNA,TXLNA,TXLNA,,TXLNA,TXLNA,TXLNA,,,TXLNA,,,TXLNA,,TXLNA,,TXLNA,TXLNA,,TXLNA,TXLNA
APOB,,APOB,,APOB,,,,APOB,,APOB,,,,,FAH,,IFRD1,,,,,,,APOB,,APOB,APOB,,APOB,,APOB,APOB,,APOB,APOB,,APOB,APOB,APOB,,APOB,APOB,APOB,APOB,APOB,,APOB,GATB,APOB,APOB,APOB,,APOB,APOB,,,,APOB,APOB,APOB,,,APOB,,,APOB,,APOB,APOB,,APOB,APOB,APOB,,,APOB,,APOB,APOB,APOB,APOB,,APOB,APOB,APOB,,,APOB,,,APOB,,APOB,,APOB,APOB,,APOB,APOB
NCOA1,,NCOA1,,NCOA1,,,,NCOA1,,NCOA1,,,,,CEMIP,,C5orf22,,,,,,,NCOA1,,NCOA1,NCOA1,,NCOA1,,NCOA1,NCOA1,,NCOA1,NCOA1,,NCOA1,NCOA1,NCOA1,,NCOA1,NCOA1,NCOA1,NCOA1,NCOA1,,NCOA1,GATB,NCOA1,NCOA1,NCOA1,,NCOA1,NCOA1,,,,NCOA1,NCOA1,NCOA1,,,NCOA1,,,NCOA1,,NCOA1,NCOA1,,NCOA1,NCOA1,NCOA1,,,NCOA1,,NCOA1,NCOA1,NCOA1,NCOA1,,NCOA1,NCOA1,NCOA1,,,NCOA1,,,NCOA1,,NCOA1,,NCOA1,NCOA1,,NCOA1,NCOA1
AGBL5,,AGBL5,,AGBL5,,,,AGBL5,,AGBL5,,,,,RPAP1,,LIMS2,,,,,,,AGBL5,,AGBL5,AGBL5,,AGBL5,,AGBL5,AGBL5,,AGBL5,AGBL5,,AGBL5,AGBL5,AGBL5,,AGBL5,AGBL5,AGBL5,AGBL5,AGBL5,,AGBL5,GATB,AGBL5,AGBL5,AGBL5,,AGBL5,AGBL5,,,,AGBL5,AGBL5,AGBL5,,,AGBL5,,,AGBL5,,AGBL5,AGBL5,,AGBL5,AGBL5,AGBL5,,,AGBL5,,AGBL5,AGBL5,AGBL5,AGBL5,,AGBL5,AGBL5,AGBL5,,,AGBL5,,,AGBL5,,AGBL5,,AGBL5,AGBL5,,AGBL5,AGBL5
EFR3B,,EFR3B,,EFR3B,,,,EFR3B,,EFR3B,,,,,HOMER2,,TNF,,,,,,,EFR3B,,EFR3B,EFR3B,,EFR3B,,EFR3B,EFR3B,,EFR3B,EFR3B,,EFR3B,EFR3B,EFR3B,,EFR3B,EFR3B,EFR3B,EFR3B,EFR3B,,EFR3B,GATB,EFR3B,EFR3B,EFR3B,,EFR3B,EFR3B,,,,EFR3B,EFR3B,EFR3B,,,EFR3B,,,EFR3B,,EFR3B,EFR3B,,EFR3B,EFR3B,EFR3B,,,EFR3B,,EFR3B,EFR3B,EFR3B,EFR3B,,EFR3B,EFR3B,EFR3B,,,EFR3B,,,EFR3B,,EFR3B,,EFR3B,EFR3B,,EFR3B,EFR3B
KIF3C,,KIF3C,,KIF3C,,,,KIF3C,,KIF3C,,,,,EHD4,,FTL,,,,,,,KIF3C,,KIF3C,KIF3C,,KIF3C,,KIF3C,KIF3C,,KIF3C,KIF3C,,KIF3C,KIF3C,KIF3C,,KIF3C,KIF3C,KIF3C,KIF3C,KIF3C,,KIF3C,GATB,KIF3C,KIF3C,KIF3C,,KIF3C,KIF3C,,,,KIF3C,KIF3C,KIF3C,,,KIF3C,,,KIF3C,,KIF3C,KIF3C,,KIF3C,KIF3C,KIF3C,,,KIF3C,,KIF3C,KIF3C,KIF3C,KIF3C,,KIF3C,KIF3C,KIF3C,,,KIF3C,,,KIF3C,,KIF3C,,KIF3C,KIF3C,,KIF3C,KIF3C
RAB10,,RAB10,,RAB10,,,,RAB10,,RAB10,,,,,TMEM87A,,TFEC,,,,,,,RAB10,,RAB10,RAB10,,RAB10,,RAB10,RAB10,,RAB10,RAB10,,RAB10,RAB10,RAB10,,RAB10,RAB10,RAB10,RAB10,RAB10,,RAB10,GATB,RAB10,RAB10,RAB10,,RAB10,RAB10,,,,RAB10,RAB10,RAB10,,,RAB10,,,RAB10,,RAB10,RAB10,,RAB10,RAB10,RAB10,,,RAB10,,RAB10,RAB10,RAB10,RAB10,,RAB10,RAB10,RAB10,,,RAB10,,,RAB10,,RAB10,,RAB10,RAB10,,RAB10,RAB10
GCKR,,GCKR,,GCKR,,,,GCKR,,GCKR,,,,,ZNF106,,LILRB1,,,,,,,GCKR,,GCKR,GCKR,,GCKR,,GCKR,GCKR,,GCKR,GCKR,,GCKR,GCKR,GCKR,,GCKR,GCKR,GCKR,GCKR,GCKR,,GCKR,GATB,GCKR,GCKR,GCKR,,GCKR,GCKR,,,,GCKR,GCKR,GCKR,,,GCKR,,,GCKR,,GCKR,GCKR,,GCKR,GCKR,GCKR,,,GCKR,,GCKR,GCKR,GCKR,GCKR,,GCKR,GCKR,GCKR,,,GCKR,,,GCKR,,GCKR,,GCKR,GCKR,,GCKR,GCKR
HADHA,,HADHA,,HADHA,,,,HADHA,,HADHA,,,,,CEP152,,SPEN,,,,,,,HADHA,,HADHA,HADHA,,HADHA,,HADHA,HADHA,,HADHA,HADHA,,HADHA,HADHA,HADHA,,HADHA,HADHA,HADHA,HADHA,HADHA,,HADHA,GATB,HADHA,HADHA,HADHA,,HADHA,HADHA,,,,HADHA,HADHA,HADHA,,,HADHA,,,HADHA,,HADHA,HADHA,,HADHA,HADHA,HADHA,,,HADHA,,HADHA,HADHA,HADHA,HADHA,,HADHA,HADHA,HADHA,,,HADHA,,,HADHA,,HADHA,,HADHA,HADHA,,HADHA,HADHA
MAPRE3,,MAPRE3,,MAPRE3,,,,MAPRE3,,MAPRE3,,,,,ATP8B4,,TRAF3IP2,,,,,,,MAPRE3,,MAPRE3,MAPRE3,,MAPRE3,,MAPRE3,MAPRE3,,MAPRE3,MAPRE3,,MAPRE3,MAPRE3,MAPRE3,,MAPRE3,MAPRE3,MAPRE3,MAPRE3,MAPRE3,,MAPRE3,GATB,MAPRE3,MAPRE3,MAPRE3,,MAPRE3,MAPRE3,,,,MAPRE3,MAPRE3,MAPRE3,,,MAPRE3,,,MAPRE3,,MAPRE3,MAPRE3,,MAPRE3,MAPRE3,MAPRE3,,,MAPRE3,,MAPRE3,MAPRE3,MAPRE3,MAPRE3,,MAPRE3,MAPRE3,MAPRE3,,,MAPRE3,,,MAPRE3,,MAPRE3,,MAPRE3,MAPRE3,,MAPRE3,MAPRE3
CAD,,CAD,,CAD,,,,CAD,,CAD,,,,,OCA2,,ICAM3,,,,,,,CAD,,CAD,CAD,,CAD,,CAD,CAD,,CAD,CAD,,CAD,CAD,CAD,,CAD,CAD,CAD,CAD,CAD,,CAD,GATB,CAD,CAD,CAD,,CAD,CAD,,,,CAD,CAD,CAD,,,CAD,,,CAD,,CAD,CAD,,CAD,CAD,CAD,,,CAD,,CAD,CAD,CAD,CAD,,CAD,CAD,CAD,,,CAD,,,CAD,,CAD,,CAD,CAD,,CAD,CAD
CD59,,CD59,,CD59,,,,CD59,,CD59,,,,,DTWD1,,BTN1A1,,,,,,,CD59,,CD59,CD59,,CD59,,CD59,CD59,,CD59,CD59,,CD59,CD59,CD59,,CD59,CD59,CD59,CD59,CD59,,CD59,GATB,CD59,CD59,CD59,,CD59,CD59,,,,CD59,CD59,CD59,,,CD59,,,CD59,,CD59,CD59,,CD59,CD59,CD59,,,CD59,,CD59,CD59,CD59,CD59,,CD59,CD59,CD59,,,CD59,,,CD59,,CD59,,CD59,CD59,,CD59,CD59
CD82,,CD82,,CD82,,,,CD82,,CD82,,,,,TGM5,,FGR,,,,,,,CD82,,CD82,CD82,,CD82,,CD82,CD82,,CD82,CD82,,CD82,CD82,CD82,,CD82,CD82,CD82,CD82,CD82,,CD82,GATB,CD82,CD82,CD82,,CD82,CD82,,,,CD82,CD82,CD82,,,CD82,,,CD82,,CD82,CD82,,CD82,CD82,CD82,,,CD82,,CD82,CD82,CD82,CD82,,CD82,CD82,CD82,,,CD82,,,CD82,,CD82,,CD82,CD82,,CD82,CD82
AK6,,AK6,,AK6,,,,AK6,,AK6,,,,,FAM189A1,,AASS,,,,,,,AK6,,AK6,AK6,,AK6,,AK6,AK6,,AK6,AK6,,AK6,AK6,AK6,,AK6,AK6,AK6,AK6,AK6,,AK6,GATB,AK6,AK6,AK6,,AK6,AK6,,,,AK6,AK6,AK6,,,AK6,,,AK6,,AK6,AK6,,AK6,AK6,AK6,,,AK6,,AK6,AK6,AK6,AK6,,AK6,AK6,AK6,,,AK6,,,AK6,,AK6,,AK6,AK6,,AK6,AK6
FCN1,,FCN1,,FCN1,,,,FCN1,,FCN1,,,,,GABPB1,,GCLM,,,,,,,FCN1,,FCN1,FCN1,,FCN1,,FCN1,FCN1,,FCN1,FCN1,,FCN1,FCN1,FCN1,,FCN1,FCN1,FCN1,FCN1,FCN1,,FCN1,GATB,FCN1,FCN1,FCN1,,FCN1,FCN1,,,,FCN1,FCN1,FCN1,,,FCN1,,,FCN1,,FCN1,FCN1,,FCN1,FCN1,FCN1,,,FCN1,,FCN1,FCN1,FCN1,FCN1,,FCN1,FCN1,FCN1,,,FCN1,,,FCN1,,FCN1,,FCN1,FCN1,,FCN1,FCN1
MYNN,,MYNN,,MYNN,,,,MYNN,,MYNN,,,,,TJP1,,SLC7A2,,,,,,,MYNN,,MYNN,MYNN,,MYNN,,MYNN,MYNN,,MYNN,MYNN,,MYNN,MYNN,MYNN,,MYNN,MYNN,MYNN,MYNN,MYNN,,MYNN,GATB,MYNN,MYNN,MYNN,,MYNN,MYNN,,,,MYNN,MYNN,MYNN,,,MYNN,,,MYNN,,MYNN,MYNN,,MYNN,MYNN,MYNN,,,MYNN,,MYNN,MYNN,MYNN,MYNN,,MYNN,MYNN,MYNN,,,MYNN,,,MYNN,,MYNN,,MYNN,MYNN,,MYNN,MYNN
MECOM,,MECOM,,MECOM,,,,MECOM,,MECOM,,,,,BMF,,PDK4,,,,,,,MECOM,,MECOM,MECOM,,MECOM,,MECOM,MECOM,,MECOM,MECOM,,MECOM,MECOM,MECOM,,MECOM,MECOM,MECOM,MECOM,MECOM,,MECOM,GATB,MECOM,MECOM,MECOM,,MECOM,MECOM,,,,MECOM,MECOM,MECOM,,,MECOM,,,MECOM,,MECOM,MECOM,,MECOM,MECOM,MECOM,,,MECOM,,MECOM,MECOM,MECOM,MECOM,,MECOM,MECOM,MECOM,,,MECOM,,,MECOM,,MECOM,,MECOM,MECOM,,MECOM,MECOM
SCAMP1,,SCAMP1,,SCAMP1,,,,SCAMP1,,SCAMP1,,,,,DMXL2,,TRAF3IP3,,,,,,,SCAMP1,,SCAMP1,SCAMP1,,SCAMP1,,SCAMP1,SCAMP1,,SCAMP1,SCAMP1,,SCAMP1,SCAMP1,SCAMP1,,SCAMP1,SCAMP1,SCAMP1,SCAMP1,SCAMP1,,SCAMP1,GATB,SCAMP1,SCAMP1,SCAMP1,,SCAMP1,SCAMP1,,,,SCAMP1,SCAMP1,SCAMP1,,,SCAMP1,,,SCAMP1,,SCAMP1,SCAMP1,,SCAMP1,SCAMP1,SCAMP1,,,SCAMP1,,SCAMP1,SCAMP1,SCAMP1,SCAMP1,,SCAMP1,SCAMP1,SCAMP1,,,SCAMP1,,,SCAMP1,,SCAMP1,,SCAMP1,SCAMP1,,SCAMP1,SCAMP1
PREP,,PREP,,PREP,,,,PREP,,PREP,,,,,SCG3,,TFAP4,,,,,,,PREP,,PREP,PREP,,PREP,,PREP,PREP,,PREP,PREP,,PREP,PREP,PREP,,PREP,PREP,PREP,PREP,PREP,,PREP,GATB,PREP,PREP,PREP,,PREP,PREP,,,,PREP,PREP,PREP,,,PREP,,,PREP,,PREP,PREP,,PREP,PREP,PREP,,,PREP,,PREP,PREP,PREP,PREP,,PREP,PREP,PREP,,,PREP,,,PREP,,PREP,,PREP,PREP,,PREP,PREP
HACE1,,HACE1,,HACE1,,,,HACE1,,HACE1,,,,,DNAJC17,,IL18,,,,,,,HACE1,,HACE1,HACE1,,HACE1,,HACE1,HACE1,,HACE1,HACE1,,HACE1,HACE1,HACE1,,HACE1,HACE1,HACE1,HACE1,HACE1,,HACE1,GATB,HACE1,HACE1,HACE1,,HACE1,HACE1,,,,HACE1,HACE1,HACE1,,,HACE1,,,HACE1,,HACE1,HACE1,,HACE1,HACE1,HACE1,,,HACE1,,HACE1,HACE1,HACE1,HACE1,,HACE1,HACE1,HACE1,,,HACE1,,,HACE1,,HACE1,,HACE1,HACE1,,HACE1,HACE1
SEH1L,,SEH1L,,SEH1L,,,,SEH1L,,SEH1L,,,,,EIF3J,,TFEC,,,,,,,SEH1L,,SEH1L,SEH1L,,SEH1L,,SEH1L,SEH1L,,SEH1L,SEH1L,,SEH1L,SEH1L,SEH1L,,SEH1L,SEH1L,SEH1L,SEH1L,SEH1L,,SEH1L,GATB,SEH1L,SEH1L,SEH1L,,SEH1L,SEH1L,,,,SEH1L,SEH1L,SEH1L,,,SEH1L,,,SEH1L,,SEH1L,SEH1L,,SEH1L,SEH1L,SEH1L,,,SEH1L,,SEH1L,SEH1L,SEH1L,SEH1L,,SEH1L,SEH1L,SEH1L,,,SEH1L,,,SEH1L,,SEH1L,,SEH1L,SEH1L,,SEH1L,SEH1L
WDR47,,WDR47,,WDR47,,,,WDR47,,WDR47,,,,,SPG11,,ASB1,,,,,,,WDR47,,WDR47,WDR47,,WDR47,,WDR47,WDR47,,WDR47,WDR47,,WDR47,WDR47,WDR47,,WDR47,WDR47,WDR47,WDR47,WDR47,,WDR47,GATB,WDR47,WDR47,WDR47,,WDR47,WDR47,,,,WDR47,WDR47,WDR47,,,WDR47,,,WDR47,,WDR47,WDR47,,WDR47,WDR47,WDR47,,,WDR47,,WDR47,WDR47,WDR47,WDR47,,WDR47,WDR47,WDR47,,,WDR47,,,WDR47,,WDR47,,WDR47,WDR47,,WDR47,WDR47
WDFY1,,WDFY1,,WDFY1,,,,WDFY1,,WDFY1,,,,,RHOV,,SERPINB6,,,,,,,WDFY1,,WDFY1,WDFY1,,WDFY1,,WDFY1,WDFY1,,WDFY1,WDFY1,,WDFY1,WDFY1,WDFY1,,WDFY1,WDFY1,WDFY1,WDFY1,WDFY1,,WDFY1,GATB,WDFY1,WDFY1,WDFY1,,WDFY1,WDFY1,,,,WDFY1,WDFY1,WDFY1,,,WDFY1,,,WDFY1,,WDFY1,WDFY1,,WDFY1,WDFY1,WDFY1,,,WDFY1,,WDFY1,WDFY1,WDFY1,WDFY1,,WDFY1,WDFY1,WDFY1,,,WDFY1,,,WDFY1,,WDFY1,,WDFY1,WDFY1,,WDFY1,WDFY1
OVGP1,,OVGP1,,OVGP1,,,,OVGP1,,OVGP1,,,,,VPS18,,SLC4A4,,,,,,,OVGP1,,OVGP1,OVGP1,,OVGP1,,OVGP1,OVGP1,,OVGP1,OVGP1,,OVGP1,OVGP1,OVGP1,,OVGP1,OVGP1,OVGP1,OVGP1,OVGP1,,OVGP1,GATB,OVGP1,OVGP1,OVGP1,,OVGP1,OVGP1,,,,OVGP1,OVGP1,OVGP1,,,OVGP1,,,OVGP1,,OVGP1,OVGP1,,OVGP1,OVGP1,OVGP1,,,OVGP1,,OVGP1,OVGP1,OVGP1,OVGP1,,OVGP1,OVGP1,OVGP1,,,OVGP1,,,OVGP1,,OVGP1,,OVGP1,OVGP1,,OVGP1,OVGP1
SLC25A24,,SLC25A24,,SLC25A24,,,,SLC25A24,,SLC25A24,,,,,OIP5,,PRSS22,,,,,,,SLC25A24,,SLC25A24,SLC25A24,,SLC25A24,,SLC25A24,SLC25A24,,SLC25A24,SLC25A24,,SLC25A24,SLC25A24,SLC25A24,,SLC25A24,SLC25A24,SLC25A24,SLC25A24,SLC25A24,,SLC25A24,GATB,SLC25A24,SLC25A24,SLC25A24,,SLC25A24,SLC25A24,,,,SLC25A24,SLC25A24,SLC25A24,,,SLC25A24,,,SLC25A24,,SLC25A24,SLC25A24,,SLC25A24,SLC25A24,SLC25A24,,,SLC25A24,,SLC25A24,SLC25A24,SLC25A24,SLC25A24,,SLC25A24,SLC25A24,SLC25A24,,,SLC25A24,,,SLC25A24,,SLC25A24,,SLC25A24,SLC25A24,,SLC25A24,SLC25A24
MAP3K4,,MAP3K4,,MAP3K4,,,,MAP3K4,,MAP3K4,,,,,SLC30A4,,LYZ,,,,,,,MAP3K4,,MAP3K4,MAP3K4,,MAP3K4,,MAP3K4,MAP3K4,,MAP3K4,MAP3K4,,MAP3K4,MAP3K4,MAP3K4,,MAP3K4,MAP3K4,MAP3K4,MAP3K4,MAP3K4,,MAP3K4,GATB,MAP3K4,MAP3K4,MAP3K4,,MAP3K4,MAP3K4,,,,MAP3K4,MAP3K4,MAP3K4,,,MAP3K4,,,MAP3K4,,MAP3K4,MAP3K4,,MAP3K4,MAP3K4,MAP3K4,,,MAP3K4,,MAP3K4,MAP3K4,MAP3K4,MAP3K4,,MAP3K4,MAP3K4,MAP3K4,,,MAP3K4,,,MAP3K4,,MAP3K4,,MAP3K4,MAP3K4,,MAP3K4,MAP3K4
PILRA,,PILRA,,PILRA,,,,PILRA,,PILRA,,,,,BLOC1S6,,TNFSF9,,,,,,,PILRA,,PILRA,PILRA,,PILRA,,PILRA,PILRA,,PILRA,PILRA,,PILRA,PILRA,PILRA,,PILRA,PILRA,PILRA,PILRA,PILRA,,PILRA,GATB,PILRA,PILRA,PILRA,,PILRA,PILRA,,,,PILRA,PILRA,PILRA,,,PILRA,,,PILRA,,PILRA,PILRA,,PILRA,PILRA,PILRA,,,PILRA,,PILRA,PILRA,PILRA,PILRA,,PILRA,PILRA,PILRA,,,PILRA,,,PILRA,,PILRA,,PILRA,PILRA,,PILRA,PILRA
IGSF9,,IGSF9,,IGSF9,,,,IGSF9,,IGSF9,,,,,MYEF2,,TRAF3,,,,,,,IGSF9,,IGSF9,IGSF9,,IGSF9,,IGSF9,IGSF9,,IGSF9,IGSF9,,IGSF9,IGSF9,IGSF9,,IGSF9,IGSF9,IGSF9,IGSF9,IGSF9,,IGSF9,GATB,IGSF9,IGSF9,IGSF9,,IGSF9,IGSF9,,,,IGSF9,IGSF9,IGSF9,,,IGSF9,,,IGSF9,,IGSF9,IGSF9,,IGSF9,IGSF9,IGSF9,,,IGSF9,,IGSF9,IGSF9,IGSF9,IGSF9,,IGSF9,IGSF9,IGSF9,,,IGSF9,,,IGSF9,,IGSF9,,IGSF9,IGSF9,,IGSF9,IGSF9
ABCB1,,ABCB1,,ABCB1,,,,ABCB1,,ABCB1,,,,,SGK3,,ITGA2B,,,,,,,ABCB1,,ABCB1,ABCB1,,ABCB1,,ABCB1,ABCB1,,ABCB1,ABCB1,,ABCB1,ABCB1,ABCB1,,ABCB1,ABCB1,ABCB1,ABCB1,ABCB1,,ABCB1,GATB,ABCB1,ABCB1,ABCB1,,ABCB1,ABCB1,,,,ABCB1,ABCB1,ABCB1,,,ABCB1,,,ABCB1,,ABCB1,ABCB1,,ABCB1,ABCB1,ABCB1,,,ABCB1,,ABCB1,ABCB1,ABCB1,ABCB1,,ABCB1,ABCB1,ABCB1,,,ABCB1,,,ABCB1,,ABCB1,,ABCB1,ABCB1,,ABCB1,ABCB1
ZNF213,,ZNF213,,ZNF213,,,,ZNF213,,ZNF213,,,,,PDGFRL,,FCGR2B,,,,,,,ZNF213,,ZNF213,ZNF213,,ZNF213,,ZNF213,ZNF213,,ZNF213,ZNF213,,ZNF213,ZNF213,ZNF213,,ZNF213,ZNF213,ZNF213,ZNF213,ZNF213,,ZNF213,GATB,ZNF213,ZNF213,ZNF213,,ZNF213,ZNF213,,,,ZNF213,ZNF213,ZNF213,,,ZNF213,,,ZNF213,,ZNF213,ZNF213,,ZNF213,ZNF213,ZNF213,,,ZNF213,,ZNF213,ZNF213,ZNF213,ZNF213,,ZNF213,ZNF213,ZNF213,,,ZNF213,,,ZNF213,,ZNF213,,ZNF213,ZNF213,,ZNF213,ZNF213
AKR1B1,,AKR1B1,,AKR1B1,,,,AKR1B1,,AKR1B1,,,,,CSPP1,,SERPINB1,,,,,,,AKR1B1,,AKR1B1,AKR1B1,,AKR1B1,,AKR1B1,AKR1B1,,AKR1B1,AKR1B1,,AKR1B1,AKR1B1,AKR1B1,,AKR1B1,AKR1B1,AKR1B1,AKR1B1,AKR1B1,,AKR1B1,GATB,AKR1B1,AKR1B1,AKR1B1,,AKR1B1,AKR1B1,,,,AKR1B1,AKR1B1,AKR1B1,,,AKR1B1,,,AKR1B1,,AKR1B1,AKR1B1,,AKR1B1,AKR1B1,AKR1B1,,,AKR1B1,,AKR1B1,AKR1B1,AKR1B1,AKR1B1,,AKR1B1,AKR1B1,AKR1B1,,,AKR1B1,,,AKR1B1,,AKR1B1,,AKR1B1,AKR1B1,,AKR1B1,AKR1B1
CPNE3,,CPNE3,,CPNE3,,,,CPNE3,,CPNE3,,,,,ZDHHC2,,TNFRSF1B,,,,,,,CPNE3,,CPNE3,CPNE3,,CPNE3,,CPNE3,CPNE3,,CPNE3,CPNE3,,CPNE3,CPNE3,CPNE3,,CPNE3,CPNE3,CPNE3,CPNE3,CPNE3,,CPNE3,GATB,CPNE3,CPNE3,CPNE3,,CPNE3,CPNE3,,,,CPNE3,CPNE3,CPNE3,,,CPNE3,,,CPNE3,,CPNE3,CPNE3,,CPNE3,CPNE3,CPNE3,,,CPNE3,,CPNE3,CPNE3,CPNE3,CPNE3,,CPNE3,CPNE3,CPNE3,,,CPNE3,,,CPNE3,,CPNE3,,CPNE3,CPNE3,,CPNE3,CPNE3
RRN3,,RRN3,,RRN3,,,,RRN3,,RRN3,,,,,BRF2,,BTN3A1,,,,,,,RRN3,,RRN3,RRN3,,RRN3,,RRN3,RRN3,,RRN3,RRN3,,RRN3,RRN3,RRN3,,RRN3,RRN3,RRN3,RRN3,RRN3,,RRN3,GATB,RRN3,RRN3,RRN3,,RRN3,RRN3,,,,RRN3,RRN3,RRN3,,,RRN3,,,RRN3,,RRN3,RRN3,,RRN3,RRN3,RRN3,,,RRN3,,RRN3,RRN3,RRN3,RRN3,,RRN3,RRN3,RRN3,,,RRN3,,,RRN3,,RRN3,,RRN3,RRN3,,RRN3,RRN3
CTTN,,CTTN,,CTTN,,,,CTTN,,CTTN,,,,,TRIM35,,LY75,,,,,,,CTTN,,CTTN,CTTN,,CTTN,,CTTN,CTTN,,CTTN,CTTN,,CTTN,CTTN,CTTN,,CTTN,CTTN,CTTN,CTTN,CTTN,,CTTN,GATB,CTTN,CTTN,CTTN,,CTTN,CTTN,,,,CTTN,CTTN,CTTN,,,CTTN,,,CTTN,,CTTN,CTTN,,CTTN,CTTN,CTTN,,,CTTN,,CTTN,CTTN,CTTN,CTTN,,CTTN,CTTN,CTTN,,,CTTN,,,CTTN,,CTTN,,CTTN,CTTN,,CTTN,CTTN
WNT11,,WNT11,,WNT11,,,,WNT11,,WNT11,,,,,ZFAND1,,CX3CL1,,,,,,,WNT11,,WNT11,WNT11,,WNT11,,WNT11,WNT11,,WNT11,WNT11,,WNT11,WNT11,WNT11,,WNT11,WNT11,WNT11,WNT11,WNT11,,WNT11,GATB,WNT11,WNT11,WNT11,,WNT11,WNT11,,,,WNT11,WNT11,WNT11,,,WNT11,,,WNT11,,WNT11,WNT11,,WNT11,WNT11,WNT11,,,WNT11,,WNT11,WNT11,WNT11,WNT11,,WNT11,WNT11,WNT11,,,WNT11,,,WNT11,,WNT11,,WNT11,WNT11,,WNT11,WNT11
MTIF2,,MTIF2,,MTIF2,,,,MTIF2,,MTIF2,,,,,RP1,,RHBDF1,,,,,,,MTIF2,,MTIF2,MTIF2,,MTIF2,,MTIF2,MTIF2,,MTIF2,MTIF2,,MTIF2,MTIF2,MTIF2,,MTIF2,MTIF2,MTIF2,MTIF2,MTIF2,,MTIF2,GATB,MTIF2,MTIF2,MTIF2,,MTIF2,MTIF2,,,,MTIF2,MTIF2,MTIF2,,,MTIF2,,,MTIF2,,MTIF2,MTIF2,,MTIF2,MTIF2,MTIF2,,,MTIF2,,MTIF2,MTIF2,MTIF2,MTIF2,,MTIF2,MTIF2,MTIF2,,,MTIF2,,,MTIF2,,MTIF2,,MTIF2,MTIF2,,MTIF2,MTIF2
DDHD2,,DDHD2,,DDHD2,,,,DDHD2,,DDHD2,,,,,CA2,,PRSS8,,,,,,,DDHD2,,DDHD2,DDHD2,,DDHD2,,DDHD2,DDHD2,,DDHD2,DDHD2,,DDHD2,DDHD2,DDHD2,,DDHD2,DDHD2,DDHD2,DDHD2,DDHD2,,DDHD2,GATB,DDHD2,DDHD2,DDHD2,,DDHD2,DDHD2,,,,DDHD2,DDHD2,DDHD2,,,DDHD2,,,DDHD2,,DDHD2,DDHD2,,DDHD2,DDHD2,DDHD2,,,DDHD2,,DDHD2,DDHD2,DDHD2,DDHD2,,DDHD2,DDHD2,DDHD2,,,DDHD2,,,DDHD2,,DDHD2,,DDHD2,DDHD2,,DDHD2,DDHD2
TTC39A,,TTC39A,,TTC39A,,,,TTC39A,,TTC39A,,,,,FZD3,,KYNU,,,,,,,TTC39A,,TTC39A,TTC39A,,TTC39A,,TTC39A,TTC39A,,TTC39A,TTC39A,,TTC39A,TTC39A,TTC39A,,TTC39A,TTC39A,TTC39A,TTC39A,TTC39A,,TTC39A,GATB,TTC39A,TTC39A,TTC39A,,TTC39A,TTC39A,,,,TTC39A,TTC39A,TTC39A,,,TTC39A,,,TTC39A,,TTC39A,TTC39A,,TTC39A,TTC39A,TTC39A,,,TTC39A,,TTC39A,TTC39A,TTC39A,TTC39A,,TTC39A,TTC39A,TTC39A,,,TTC39A,,,TTC39A,,TTC39A,,TTC39A,TTC39A,,TTC39A,TTC39A
EPS15,,EPS15,,EPS15,,,,EPS15,,EPS15,,,,,INTS9,,IL11,,,,,,,EPS15,,EPS15,EPS15,,EPS15,,EPS15,EPS15,,EPS15,EPS15,,EPS15,EPS15,EPS15,,EPS15,EPS15,EPS15,EPS15,EPS15,,EPS15,GATB,EPS15,EPS15,EPS15,,EPS15,EPS15,,,,EPS15,EPS15,EPS15,,,EPS15,,,EPS15,,EPS15,EPS15,,EPS15,EPS15,EPS15,,,EPS15,,EPS15,EPS15,EPS15,EPS15,,EPS15,EPS15,EPS15,,,EPS15,,,EPS15,,EPS15,,EPS15,EPS15,,EPS15,EPS15
ORC1,,ORC1,,ORC1,,,,ORC1,,ORC1,,,,,RIPK2,,GUCY1B1,,,,,,,ORC1,,ORC1,ORC1,,ORC1,,ORC1,ORC1,,ORC1,ORC1,,ORC1,ORC1,ORC1,,ORC1,ORC1,ORC1,ORC1,ORC1,,ORC1,GATB,ORC1,ORC1,ORC1,,ORC1,ORC1,,,,ORC1,ORC1,ORC1,,,ORC1,,,ORC1,,ORC1,ORC1,,ORC1,ORC1,ORC1,,,ORC1,,ORC1,ORC1,ORC1,ORC1,,ORC1,ORC1,ORC1,,,ORC1,,,ORC1,,ORC1,,ORC1,ORC1,,ORC1,ORC1
MGST2,,MGST2,,MGST2,,,,MGST2,,MGST2,,,,,EYA1,,OSGEP,,,,,,,MGST2,,MGST2,MGST2,,MGST2,,MGST2,MGST2,,MGST2,MGST2,,MGST2,MGST2,MGST2,,MGST2,MGST2,MGST2,MGST2,MGST2,,MGST2,GATB,MGST2,MGST2,MGST2,,MGST2,MGST2,,,,MGST2,MGST2,MGST2,,,MGST2,,,MGST2,,MGST2,MGST2,,MGST2,MGST2,MGST2,,,MGST2,,MGST2,MGST2,MGST2,MGST2,,MGST2,MGST2,MGST2,,,MGST2,,,MGST2,,MGST2,,MGST2,MGST2,,MGST2,MGST2
CHERP,,CHERP,,CHERP,,,,CHERP,,CHERP,,,,,NBN,,VEZT,,,,,,,CHERP,,CHERP,CHERP,,CHERP,,CHERP,CHERP,,CHERP,CHERP,,CHERP,CHERP,CHERP,,CHERP,CHERP,CHERP,CHERP,CHERP,,CHERP,GATB,CHERP,CHERP,CHERP,,CHERP,CHERP,,,,CHERP,CHERP,CHERP,,,CHERP,,,CHERP,,CHERP,CHERP,,CHERP,CHERP,CHERP,,,CHERP,,CHERP,CHERP,CHERP,CHERP,,CHERP,CHERP,CHERP,,,CHERP,,,CHERP,,CHERP,,CHERP,CHERP,,CHERP,CHERP
ATG16L1,,ATG16L1,,ATG16L1,,,,ATG16L1,,ATG16L1,,,,,TRPA1,,LGALS2,,,,,,,ATG16L1,,ATG16L1,ATG16L1,,ATG16L1,,ATG16L1,ATG16L1,,ATG16L1,ATG16L1,,ATG16L1,ATG16L1,ATG16L1,,ATG16L1,ATG16L1,ATG16L1,ATG16L1,ATG16L1,,ATG16L1,GATB,ATG16L1,ATG16L1,ATG16L1,,ATG16L1,ATG16L1,,,,ATG16L1,ATG16L1,ATG16L1,,,ATG16L1,,,ATG16L1,,ATG16L1,ATG16L1,,ATG16L1,ATG16L1,ATG16L1,,,ATG16L1,,ATG16L1,ATG16L1,ATG16L1,ATG16L1,,ATG16L1,ATG16L1,ATG16L1,,,ATG16L1,,,ATG16L1,,ATG16L1,,ATG16L1,ATG16L1,,ATG16L1,ATG16L1
USP40,,USP40,,USP40,,,,USP40,,USP40,,,,,CPQ,,HGF,,,,,,,USP40,,USP40,USP40,,USP40,,USP40,USP40,,USP40,USP40,,USP40,USP40,USP40,,USP40,USP40,USP40,USP40,USP40,,USP40,GATB,USP40,USP40,USP40,,USP40,USP40,,,,USP40,USP40,USP40,,,USP40,,,USP40,,USP40,USP40,,USP40,USP40,USP40,,,USP40,,USP40,USP40,USP40,USP40,,USP40,USP40,USP40,,,USP40,,,USP40,,USP40,,USP40,USP40,,USP40,USP40
POMGNT1,,POMGNT1,,POMGNT1,,,,POMGNT1,,POMGNT1,,,,,DECR1,,IL23A,,,,,,,POMGNT1,,POMGNT1,POMGNT1,,POMGNT1,,POMGNT1,POMGNT1,,POMGNT1,POMGNT1,,POMGNT1,POMGNT1,POMGNT1,,POMGNT1,POMGNT1,POMGNT1,POMGNT1,POMGNT1,,POMGNT1,GATB,POMGNT1,POMGNT1,POMGNT1,,POMGNT1,POMGNT1,,,,POMGNT1,POMGNT1,POMGNT1,,,POMGNT1,,,POMGNT1,,POMGNT1,POMGNT1,,POMGNT1,POMGNT1,POMGNT1,,,POMGNT1,,POMGNT1,POMGNT1,POMGNT1,POMGNT1,,POMGNT1,POMGNT1,POMGNT1,,,POMGNT1,,,POMGNT1,,POMGNT1,,POMGNT1,POMGNT1,,POMGNT1,POMGNT1
RAD54L,,RAD54L,,RAD54L,,,,RAD54L,,RAD54L,,,,,CALB1,,ADIPOR2,,,,,,,RAD54L,,RAD54L,RAD54L,,RAD54L,,RAD54L,RAD54L,,RAD54L,RAD54L,,RAD54L,RAD54L,RAD54L,,RAD54L,RAD54L,RAD54L,RAD54L,RAD54L,,RAD54L,GATB,RAD54L,RAD54L,RAD54L,,RAD54L,RAD54L,,,,RAD54L,RAD54L,RAD54L,,,RAD54L,,,RAD54L,,RAD54L,RAD54L,,RAD54L,RAD54L,RAD54L,,,RAD54L,,RAD54L,RAD54L,RAD54L,RAD54L,,RAD54L,RAD54L,RAD54L,,,RAD54L,,,RAD54L,,RAD54L,,RAD54L,RAD54L,,RAD54L,RAD54L
MAST2,,MAST2,,MAST2,,,,MAST2,,MAST2,,,,,BPNT2,,MARK4,,,,,,,MAST2,,MAST2,MAST2,,MAST2,,MAST2,MAST2,,MAST2,MAST2,,MAST2,MAST2,MAST2,,MAST2,MAST2,MAST2,MAST2,MAST2,,MAST2,GATB,MAST2,MAST2,MAST2,,MAST2,MAST2,,,,MAST2,MAST2,MAST2,,,MAST2,,,MAST2,,MAST2,MAST2,,MAST2,MAST2,MAST2,,,MAST2,,MAST2,MAST2,MAST2,MAST2,,MAST2,MAST2,MAST2,,,MAST2,,,MAST2,,MAST2,,MAST2,MAST2,,MAST2,MAST2
DNAJA1,,DNAJA1,,DNAJA1,,,,DNAJA1,,DNAJA1,,,,,SFRP1,,IL7,,,,,,,DNAJA1,,DNAJA1,DNAJA1,,DNAJA1,,DNAJA1,DNAJA1,,DNAJA1,DNAJA1,,DNAJA1,DNAJA1,DNAJA1,,DNAJA1,DNAJA1,DNAJA1,DNAJA1,DNAJA1,,DNAJA1,GATB,DNAJA1,DNAJA1,DNAJA1,,DNAJA1,DNAJA1,,,,DNAJA1,DNAJA1,DNAJA1,,,DNAJA1,,,DNAJA1,,DNAJA1,DNAJA1,,DNAJA1,DNAJA1,DNAJA1,,,DNAJA1,,DNAJA1,DNAJA1,DNAJA1,DNAJA1,,DNAJA1,DNAJA1,DNAJA1,,,DNAJA1,,,DNAJA1,,DNAJA1,,DNAJA1,DNAJA1,,DNAJA1,DNAJA1
B4GALT1,,B4GALT1,,B4GALT1,,,,B4GALT1,,B4GALT1,,,,,LAPTM4B,,KYNU,,,,,,,B4GALT1,,B4GALT1,B4GALT1,,B4GALT1,,B4GALT1,B4GALT1,,B4GALT1,B4GALT1,,B4GALT1,B4GALT1,B4GALT1,,B4GALT1,B4GALT1,B4GALT1,B4GALT1,B4GALT1,,B4GALT1,GATB,B4GALT1,B4GALT1,B4GALT1,,B4GALT1,B4GALT1,,,,B4GALT1,B4GALT1,B4GALT1,,,B4GALT1,,,B4GALT1,,B4GALT1,B4GALT1,,B4GALT1,B4GALT1,B4GALT1,,,B4GALT1,,B4GALT1,B4GALT1,B4GALT1,B4GALT1,,B4GALT1,B4GALT1,B4GALT1,,,B4GALT1,,,B4GALT1,,B4GALT1,,B4GALT1,B4GALT1,,B4GALT1,B4GALT1
CHMP5,,CHMP5,,CHMP5,,,,CHMP5,,CHMP5,,,,,UBE2W,,TRAF3IP2,,,,,,,CHMP5,,CHMP5,CHMP5,,CHMP5,,CHMP5,CHMP5,,CHMP5,CHMP5,,CHMP5,CHMP5,CHMP5,,CHMP5,CHMP5,CHMP5,CHMP5,CHMP5,,CHMP5,GATB,CHMP5,CHMP5,CHMP5,,CHMP5,CHMP5,,,,CHMP5,CHMP5,CHMP5,,,CHMP5,,,CHMP5,,CHMP5,CHMP5,,CHMP5,CHMP5,CHMP5,,,CHMP5,,CHMP5,CHMP5,CHMP5,CHMP5,,CHMP5,CHMP5,CHMP5,,,CHMP5,,,CHMP5,,CHMP5,,CHMP5,CHMP5,,CHMP5,CHMP5
NFX1,,NFX1,,NFX1,,,,NFX1,,NFX1,,,,,POP1,,CD79B,,,,,,,NFX1,,NFX1,NFX1,,NFX1,,NFX1,NFX1,,NFX1,NFX1,,NFX1,NFX1,NFX1,,NFX1,NFX1,NFX1,NFX1,NFX1,,NFX1,GATB,NFX1,NFX1,NFX1,,NFX1,NFX1,,,,NFX1,NFX1,NFX1,,,NFX1,,,NFX1,,NFX1,NFX1,,NFX1,NFX1,NFX1,,,NFX1,,NFX1,NFX1,NFX1,NFX1,,NFX1,NFX1,NFX1,,,NFX1,,,NFX1,,NFX1,,NFX1,NFX1,,NFX1,NFX1
AQP6,,AQP6,,AQP6,,,,AQP6,,AQP6,,,,,NIPAL2,,FGL1,,,,,,,AQP6,,AQP6,AQP6,,AQP6,,AQP6,AQP6,,AQP6,AQP6,,AQP6,AQP6,AQP6,,AQP6,AQP6,AQP6,AQP6,AQP6,,AQP6,GATB,AQP6,AQP6,AQP6,,AQP6,AQP6,,,,AQP6,AQP6,AQP6,,,AQP6,,,AQP6,,AQP6,AQP6,,AQP6,AQP6,AQP6,,,AQP6,,AQP6,AQP6,AQP6,AQP6,,AQP6,AQP6,AQP6,,,AQP6,,,AQP6,,AQP6,,AQP6,AQP6,,AQP6,AQP6
DIMT1,,DIMT1,,DIMT1,,,,DIMT1,,DIMT1,,,,,IKBKB,,IL17F,,,,,,,DIMT1,,DIMT1,DIMT1,,DIMT1,,DIMT1,DIMT1,,DIMT1,DIMT1,,DIMT1,DIMT1,DIMT1,,DIMT1,DIMT1,DIMT1,DIMT1,DIMT1,,DIMT1,GATB,DIMT1,DIMT1,DIMT1,,DIMT1,DIMT1,,,,DIMT1,DIMT1,DIMT1,,,DIMT1,,,DIMT1,,DIMT1,DIMT1,,DIMT1,DIMT1,DIMT1,,,DIMT1,,DIMT1,DIMT1,DIMT1,DIMT1,,DIMT1,DIMT1,DIMT1,,,DIMT1,,,DIMT1,,DIMT1,,DIMT1,DIMT1,,DIMT1,DIMT1
IPO11,,IPO11,,IPO11,,,,IPO11,,IPO11,,,,,PLAT,,KYNU,,,,,,,IPO11,,IPO11,IPO11,,IPO11,,IPO11,IPO11,,IPO11,IPO11,,IPO11,IPO11,IPO11,,IPO11,IPO11,IPO11,IPO11,IPO11,,IPO11,GATB,IPO11,IPO11,IPO11,,IPO11,IPO11,,,,IPO11,IPO11,IPO11,,,IPO11,,,IPO11,,IPO11,IPO11,,IPO11,IPO11,IPO11,,,IPO11,,IPO11,IPO11,IPO11,IPO11,,IPO11,IPO11,IPO11,,,IPO11,,,IPO11,,IPO11,,IPO11,IPO11,,IPO11,IPO11
FOLH1,,FOLH1,,FOLH1,,,,FOLH1,,FOLH1,,,,,JPH1,,VEZT,,,,,,,FOLH1,,FOLH1,FOLH1,,FOLH1,,FOLH1,FOLH1,,FOLH1,FOLH1,,FOLH1,FOLH1,FOLH1,,FOLH1,FOLH1,FOLH1,FOLH1,FOLH1,,FOLH1,GATB,FOLH1,FOLH1,FOLH1,,FOLH1,FOLH1,,,,FOLH1,FOLH1,FOLH1,,,FOLH1,,,FOLH1,,FOLH1,FOLH1,,FOLH1,FOLH1,FOLH1,,,FOLH1,,FOLH1,FOLH1,FOLH1,FOLH1,,FOLH1,FOLH1,FOLH1,,,FOLH1,,,FOLH1,,FOLH1,,FOLH1,FOLH1,,FOLH1,FOLH1
EIF2AK1,,EIF2AK1,,EIF2AK1,,,,EIF2AK1,,EIF2AK1,,,,,DKK4,,IL32,,,,,,,EIF2AK1,,EIF2AK1,EIF2AK1,,EIF2AK1,,EIF2AK1,EIF2AK1,,EIF2AK1,EIF2AK1,,EIF2AK1,EIF2AK1,EIF2AK1,,EIF2AK1,EIF2AK1,EIF2AK1,EIF2AK1,EIF2AK1,,EIF2AK1,GATB,EIF2AK1,EIF2AK1,EIF2AK1,,EIF2AK1,EIF2AK1,,,,EIF2AK1,EIF2AK1,EIF2AK1,,,EIF2AK1,,,EIF2AK1,,EIF2AK1,EIF2AK1,,EIF2AK1,EIF2AK1,EIF2AK1,,,EIF2AK1,,EIF2AK1,EIF2AK1,EIF2AK1,EIF2AK1,,EIF2AK1,EIF2AK1,EIF2AK1,,,EIF2AK1,,,EIF2AK1,,EIF2AK1,,EIF2AK1,EIF2AK1,,EIF2AK1,EIF2AK1
NME8,,NME8,,NME8,,,,NME8,,NME8,,,,,STK3,,BTN3A3,,,,,,,NME8,,NME8,NME8,,NME8,,NME8,NME8,,NME8,NME8,,NME8,NME8,NME8,,NME8,NME8,NME8,NME8,NME8,,NME8,GATB,NME8,NME8,NME8,,NME8,NME8,,,,NME8,NME8,NME8,,,NME8,,,NME8,,NME8,NME8,,NME8,NME8,NME8,,,NME8,,NME8,NME8,NME8,NME8,,NME8,NME8,NME8,,,NME8,,,NME8,,NME8,,NME8,NME8,,NME8,NME8
EPDR1,,EPDR1,,EPDR1,,,,EPDR1,,EPDR1,,,,,GDAP1,,CYTH3,,,,,,,EPDR1,,EPDR1,EPDR1,,EPDR1,,EPDR1,EPDR1,,EPDR1,EPDR1,,EPDR1,EPDR1,EPDR1,,EPDR1,EPDR1,EPDR1,EPDR1,EPDR1,,EPDR1,GATB,EPDR1,EPDR1,EPDR1,,EPDR1,EPDR1,,,,EPDR1,EPDR1,EPDR1,,,EPDR1,,,EPDR1,,EPDR1,EPDR1,,EPDR1,EPDR1,EPDR1,,,EPDR1,,EPDR1,EPDR1,EPDR1,EPDR1,,EPDR1,EPDR1,EPDR1,,,EPDR1,,,EPDR1,,EPDR1,,EPDR1,EPDR1,,EPDR1,EPDR1
SNX10,,SNX10,,SNX10,,,,SNX10,,SNX10,,,,,RAB2A,,LYPLA2,,,,,,,SNX10,,SNX10,SNX10,,SNX10,,SNX10,SNX10,,SNX10,SNX10,,SNX10,SNX10,SNX10,,SNX10,SNX10,SNX10,SNX10,SNX10,,SNX10,GATB,SNX10,SNX10,SNX10,,SNX10,SNX10,,,,SNX10,SNX10,SNX10,,,SNX10,,,SNX10,,SNX10,SNX10,,SNX10,SNX10,SNX10,,,SNX10,,SNX10,SNX10,SNX10,SNX10,,SNX10,SNX10,SNX10,,,SNX10,,,SNX10,,SNX10,,SNX10,SNX10,,SNX10,SNX10
SEPHS1,,SEPHS1,,SEPHS1,,,,SEPHS1,,SEPHS1,,,,,EIF3E,,CD37,,,,,,,SEPHS1,,SEPHS1,SEPHS1,,SEPHS1,,SEPHS1,SEPHS1,,SEPHS1,SEPHS1,,SEPHS1,SEPHS1,SEPHS1,,SEPHS1,SEPHS1,SEPHS1,SEPHS1,SEPHS1,,SEPHS1,GATB,SEPHS1,SEPHS1,SEPHS1,,SEPHS1,SEPHS1,,,,SEPHS1,SEPHS1,SEPHS1,,,SEPHS1,,,SEPHS1,,SEPHS1,SEPHS1,,SEPHS1,SEPHS1,SEPHS1,,,SEPHS1,,SEPHS1,SEPHS1,SEPHS1,SEPHS1,,SEPHS1,SEPHS1,SEPHS1,,,SEPHS1,,,SEPHS1,,SEPHS1,,SEPHS1,SEPHS1,,SEPHS1,SEPHS1
HBQ1,,HBQ1,,HBQ1,,,,HBQ1,,HBQ1,,,,,EMC2,,ICA1,,,,,,,HBQ1,,HBQ1,HBQ1,,HBQ1,,HBQ1,HBQ1,,HBQ1,HBQ1,,HBQ1,HBQ1,HBQ1,,HBQ1,HBQ1,HBQ1,HBQ1,HBQ1,,HBQ1,GATB,HBQ1,HBQ1,HBQ1,,HBQ1,HBQ1,,,,HBQ1,HBQ1,HBQ1,,,HBQ1,,,HBQ1,,HBQ1,HBQ1,,HBQ1,HBQ1,HBQ1,,,HBQ1,,HBQ1,HBQ1,HBQ1,HBQ1,,HBQ1,HBQ1,HBQ1,,,HBQ1,,,HBQ1,,HBQ1,,HBQ1,HBQ1,,HBQ1,HBQ1
ITPKC,,ITPKC,,ITPKC,,,,ITPKC,,ITPKC,,,,,ESRP1,,FCGRT,,,,,,,ITPKC,,ITPKC,ITPKC,,ITPKC,,ITPKC,ITPKC,,ITPKC,ITPKC,,ITPKC,ITPKC,ITPKC,,ITPKC,ITPKC,ITPKC,ITPKC,ITPKC,,ITPKC,GATB,ITPKC,ITPKC,ITPKC,,ITPKC,ITPKC,,,,ITPKC,ITPKC,ITPKC,,,ITPKC,,,ITPKC,,ITPKC,ITPKC,,ITPKC,ITPKC,ITPKC,,,ITPKC,,ITPKC,ITPKC,ITPKC,ITPKC,,ITPKC,ITPKC,ITPKC,,,ITPKC,,,ITPKC,,ITPKC,,ITPKC,ITPKC,,ITPKC,ITPKC
CEACAM6,,CEACAM6,,CEACAM6,,,,CEACAM6,,CEACAM6,,,,,CCN4,,SERPINB3,,,,,,,CEACAM6,,CEACAM6,CEACAM6,,CEACAM6,,CEACAM6,CEACAM6,,CEACAM6,CEACAM6,,CEACAM6,CEACAM6,CEACAM6,,CEACAM6,CEACAM6,CEACAM6,CEACAM6,CEACAM6,,CEACAM6,GATB,CEACAM6,CEACAM6,CEACAM6,,CEACAM6,CEACAM6,,,,CEACAM6,CEACAM6,CEACAM6,,,CEACAM6,,,CEACAM6,,CEACAM6,CEACAM6,,CEACAM6,CEACAM6,CEACAM6,,,CEACAM6,,CEACAM6,CEACAM6,CEACAM6,CEACAM6,,CEACAM6,CEACAM6,CEACAM6,,,CEACAM6,,,CEACAM6,,CEACAM6,,CEACAM6,CEACAM6,,CEACAM6,CEACAM6
FAT2,,FAT2,,FAT2,,,,FAT2,,FAT2,,,,,NDRG1,,CCL1,,,,,,,FAT2,,FAT2,FAT2,,FAT2,,FAT2,FAT2,,FAT2,FAT2,,FAT2,FAT2,FAT2,,FAT2,FAT2,FAT2,FAT2,FAT2,,FAT2,GATB,FAT2,FAT2,FAT2,,FAT2,FAT2,,,,FAT2,FAT2,FAT2,,,FAT2,,,FAT2,,FAT2,FAT2,,FAT2,FAT2,FAT2,,,FAT2,,FAT2,FAT2,FAT2,FAT2,,FAT2,FAT2,FAT2,,,FAT2,,,FAT2,,FAT2,,FAT2,FAT2,,FAT2,FAT2
RBM22,,RBM22,,RBM22,,,,RBM22,,RBM22,,,,,ZC2HC1A,,ADAM28,,,,,,,RBM22,,RBM22,RBM22,,RBM22,,RBM22,RBM22,,RBM22,RBM22,,RBM22,RBM22,RBM22,,RBM22,RBM22,RBM22,RBM22,RBM22,,RBM22,GATB,RBM22,RBM22,RBM22,,RBM22,RBM22,,,,RBM22,RBM22,RBM22,,,RBM22,,,RBM22,,RBM22,RBM22,,RBM22,RBM22,RBM22,,,RBM22,,RBM22,RBM22,RBM22,RBM22,,RBM22,RBM22,RBM22,,,RBM22,,,RBM22,,RBM22,,RBM22,RBM22,,RBM22,RBM22
TMED2,,TMED2,,TMED2,,,,TMED2,,TMED2,,,,,IL7,,SERPINB3,,,,,,,TMED2,,TMED2,TMED2,,TMED2,,TMED2,TMED2,,TMED2,TMED2,,TMED2,TMED2,TMED2,,TMED2,TMED2,TMED2,TMED2,TMED2,,TMED2,GATB,TMED2,TMED2,TMED2,,TMED2,TMED2,,,,TMED2,TMED2,TMED2,,,TMED2,,,TMED2,,TMED2,TMED2,,TMED2,TMED2,TMED2,,,TMED2,,TMED2,TMED2,TMED2,TMED2,,TMED2,TMED2,TMED2,,,TMED2,,,TMED2,,TMED2,,TMED2,TMED2,,TMED2,TMED2
ERO1B,,ERO1B,,ERO1B,,,,ERO1B,,ERO1B,,,,,STMN2,,RUNX3,,,,,,,ERO1B,,ERO1B,ERO1B,,ERO1B,,ERO1B,ERO1B,,ERO1B,ERO1B,,ERO1B,ERO1B,ERO1B,,ERO1B,ERO1B,ERO1B,ERO1B,ERO1B,,ERO1B,GATB,ERO1B,ERO1B,ERO1B,,ERO1B,ERO1B,,,,ERO1B,ERO1B,ERO1B,,,ERO1B,,,ERO1B,,ERO1B,ERO1B,,ERO1B,ERO1B,ERO1B,,,ERO1B,,ERO1B,ERO1B,ERO1B,ERO1B,,ERO1B,ERO1B,ERO1B,,,ERO1B,,,ERO1B,,ERO1B,,ERO1B,ERO1B,,ERO1B,ERO1B
ZFAND6,,ZFAND6,,ZFAND6,,,,ZFAND6,,ZFAND6,,,,,ARMC1,,RHOBTB2,,,,,,,ZFAND6,,ZFAND6,ZFAND6,,ZFAND6,,ZFAND6,ZFAND6,,ZFAND6,ZFAND6,,ZFAND6,ZFAND6,ZFAND6,,ZFAND6,ZFAND6,ZFAND6,ZFAND6,ZFAND6,,ZFAND6,GATB,ZFAND6,ZFAND6,ZFAND6,,ZFAND6,ZFAND6,,,,ZFAND6,ZFAND6,ZFAND6,,,ZFAND6,,,ZFAND6,,ZFAND6,ZFAND6,,ZFAND6,ZFAND6,ZFAND6,,,ZFAND6,,ZFAND6,ZFAND6,ZFAND6,ZFAND6,,ZFAND6,ZFAND6,ZFAND6,,,ZFAND6,,,ZFAND6,,ZFAND6,,ZFAND6,ZFAND6,,ZFAND6,ZFAND6
HSD17B2,,HSD17B2,,HSD17B2,,,,HSD17B2,,HSD17B2,,,,,TRPS1,,TNFRSF17,,,,,,,HSD17B2,,HSD17B2,HSD17B2,,HSD17B2,,HSD17B2,HSD17B2,,HSD17B2,HSD17B2,,HSD17B2,HSD17B2,HSD17B2,,HSD17B2,HSD17B2,HSD17B2,HSD17B2,HSD17B2,,HSD17B2,GATB,HSD17B2,HSD17B2,HSD17B2,,HSD17B2,HSD17B2,,,,HSD17B2,HSD17B2,HSD17B2,,,HSD17B2,,,HSD17B2,,HSD17B2,HSD17B2,,HSD17B2,HSD17B2,HSD17B2,,,HSD17B2,,HSD17B2,HSD17B2,HSD17B2,HSD17B2,,HSD17B2,HSD17B2,HSD17B2,,,HSD17B2,,,HSD17B2,,HSD17B2,,HSD17B2,HSD17B2,,HSD17B2,HSD17B2
LAT2,,LAT2,,LAT2,,,,LAT2,,LAT2,,,,,SPAG1,,PDK4,,,,,,,LAT2,,LAT2,LAT2,,LAT2,,LAT2,LAT2,,LAT2,LAT2,,LAT2,LAT2,LAT2,,LAT2,LAT2,LAT2,LAT2,LAT2,,LAT2,GATB,LAT2,LAT2,LAT2,,LAT2,LAT2,,,,LAT2,LAT2,LAT2,,,LAT2,,,LAT2,,LAT2,LAT2,,LAT2,LAT2,LAT2,,,LAT2,,LAT2,LAT2,LAT2,LAT2,,LAT2,LAT2,LAT2,,,LAT2,,,LAT2,,LAT2,,LAT2,LAT2,,LAT2,LAT2
ZW10,,ZW10,,ZW10,,,,ZW10,,ZW10,,,,,CHRAC1,,KYNU,,,,,,,ZW10,,ZW10,ZW10,,ZW10,,ZW10,ZW10,,ZW10,ZW10,,ZW10,ZW10,ZW10,,ZW10,ZW10,ZW10,ZW10,ZW10,,ZW10,GATB,ZW10,ZW10,ZW10,,ZW10,ZW10,,,,ZW10,ZW10,ZW10,,,ZW10,,,ZW10,,ZW10,ZW10,,ZW10,ZW10,ZW10,,,ZW10,,ZW10,ZW10,ZW10,ZW10,,ZW10,ZW10,ZW10,,,ZW10,,,ZW10,,ZW10,,ZW10,ZW10,,ZW10,ZW10
ALG9,,ALG9,,ALG9,,,,ALG9,,ALG9,,,,,NCALD,,ASB3,,,,,,,ALG9,,ALG9,ALG9,,ALG9,,ALG9,ALG9,,ALG9,ALG9,,ALG9,ALG9,ALG9,,ALG9,ALG9,ALG9,ALG9,ALG9,,ALG9,GATB,ALG9,ALG9,ALG9,,ALG9,ALG9,,,,ALG9,ALG9,ALG9,,,ALG9,,,ALG9,,ALG9,ALG9,,ALG9,ALG9,ALG9,,,ALG9,,ALG9,ALG9,ALG9,ALG9,,ALG9,ALG9,ALG9,,,ALG9,,,ALG9,,ALG9,,ALG9,ALG9,,ALG9,ALG9
MYBPC2,,MYBPC2,,MYBPC2,,,,MYBPC2,,MYBPC2,,,,,SNX16,,PRSS8,,,,,,,MYBPC2,,MYBPC2,MYBPC2,,MYBPC2,,MYBPC2,MYBPC2,,MYBPC2,MYBPC2,,MYBPC2,MYBPC2,MYBPC2,,MYBPC2,MYBPC2,MYBPC2,MYBPC2,MYBPC2,,MYBPC2,GATB,MYBPC2,MYBPC2,MYBPC2,,MYBPC2,MYBPC2,,,,MYBPC2,MYBPC2,MYBPC2,,,MYBPC2,,,MYBPC2,,MYBPC2,MYBPC2,,MYBPC2,MYBPC2,MYBPC2,,,MYBPC2,,MYBPC2,MYBPC2,MYBPC2,MYBPC2,,MYBPC2,MYBPC2,MYBPC2,,,MYBPC2,,,MYBPC2,,MYBPC2,,MYBPC2,MYBPC2,,MYBPC2,MYBPC2
NOX4,,NOX4,,NOX4,,,,NOX4,,NOX4,,,,,GML,,MPO,,,,,,,NOX4,,NOX4,NOX4,,NOX4,,NOX4,NOX4,,NOX4,NOX4,,NOX4,NOX4,NOX4,,NOX4,NOX4,NOX4,NOX4,NOX4,,NOX4,GATB,NOX4,NOX4,NOX4,,NOX4,NOX4,,,,NOX4,NOX4,NOX4,,,NOX4,,,NOX4,,NOX4,NOX4,,NOX4,NOX4,NOX4,,,NOX4,,NOX4,NOX4,NOX4,NOX4,,NOX4,NOX4,NOX4,,,NOX4,,,NOX4,,NOX4,,NOX4,NOX4,,NOX4,NOX4
ACOX3,,ACOX3,,ACOX3,,,,ACOX3,,ACOX3,,,,,UBR5,,CYTH3,,,,,,,ACOX3,,ACOX3,ACOX3,,ACOX3,,ACOX3,ACOX3,,ACOX3,ACOX3,,ACOX3,ACOX3,ACOX3,,ACOX3,ACOX3,ACOX3,ACOX3,ACOX3,,ACOX3,GATB,ACOX3,ACOX3,ACOX3,,ACOX3,ACOX3,,,,ACOX3,ACOX3,ACOX3,,,ACOX3,,,ACOX3,,ACOX3,ACOX3,,ACOX3,ACOX3,ACOX3,,,ACOX3,,ACOX3,ACOX3,ACOX3,ACOX3,,ACOX3,ACOX3,ACOX3,,,ACOX3,,,ACOX3,,ACOX3,,ACOX3,ACOX3,,ACOX3,ACOX3
MTMR2,,MTMR2,,MTMR2,,,,MTMR2,,MTMR2,,,,,GSDMD,,OSGEP,,,,,,,MTMR2,,MTMR2,MTMR2,,MTMR2,,MTMR2,MTMR2,,MTMR2,MTMR2,,MTMR2,MTMR2,MTMR2,,MTMR2,MTMR2,MTMR2,MTMR2,MTMR2,,MTMR2,GATB,MTMR2,MTMR2,MTMR2,,MTMR2,MTMR2,,,,MTMR2,MTMR2,MTMR2,,,MTMR2,,,MTMR2,,MTMR2,MTMR2,,MTMR2,MTMR2,MTMR2,,,MTMR2,,MTMR2,MTMR2,MTMR2,MTMR2,,MTMR2,MTMR2,MTMR2,,,MTMR2,,,MTMR2,,MTMR2,,MTMR2,MTMR2,,MTMR2,MTMR2
PPP1R15A,,PPP1R15A,,PPP1R15A,,,,PPP1R15A,,PPP1R15A,,,,,GFUS,,KYNU,,,,,,,PPP1R15A,,PPP1R15A,PPP1R15A,,PPP1R15A,,PPP1R15A,PPP1R15A,,PPP1R15A,PPP1R15A,,PPP1R15A,PPP1R15A,PPP1R15A,,PPP1R15A,PPP1R15A,PPP1R15A,PPP1R15A,PPP1R15A,,PPP1R15A,GATB,PPP1R15A,PPP1R15A,PPP1R15A,,PPP1R15A,PPP1R15A,,,,PPP1R15A,PPP1R15A,PPP1R15A,,,PPP1R15A,,,PPP1R15A,,PPP1R15A,PPP1R15A,,PPP1R15A,PPP1R15A,PPP1R15A,,,PPP1R15A,,PPP1R15A,PPP1R15A,PPP1R15A,PPP1R15A,,PPP1R15A,PPP1R15A,PPP1R15A,,,PPP1R15A,,,PPP1R15A,,PPP1R15A,,PPP1R15A,PPP1R15A,,PPP1R15A,PPP1R15A
HSD17B14,,HSD17B14,,HSD17B14,,,,HSD17B14,,HSD17B14,,,,,PYCR3,,GUCY1B1,,,,,,,HSD17B14,,HSD17B14,HSD17B14,,HSD17B14,,HSD17B14,HSD17B14,,HSD17B14,HSD17B14,,HSD17B14,HSD17B14,HSD17B14,,HSD17B14,HSD17B14,HSD17B14,HSD17B14,HSD17B14,,HSD17B14,GATB,HSD17B14,HSD17B14,HSD17B14,,HSD17B14,HSD17B14,,,,HSD17B14,HSD17B14,HSD17B14,,,HSD17B14,,,HSD17B14,,HSD17B14,HSD17B14,,HSD17B14,HSD17B14,HSD17B14,,,HSD17B14,,HSD17B14,HSD17B14,HSD17B14,HSD17B14,,HSD17B14,HSD17B14,HSD17B14,,,HSD17B14,,,HSD17B14,,HSD17B14,,HSD17B14,HSD17B14,,HSD17B14,HSD17B14
TRIP6,,TRIP6,,TRIP6,,,,TRIP6,,TRIP6,,,,,EEF1D,,TFEC,,,,,,,TRIP6,,TRIP6,TRIP6,,TRIP6,,TRIP6,TRIP6,,TRIP6,TRIP6,,TRIP6,TRIP6,TRIP6,,TRIP6,TRIP6,TRIP6,TRIP6,TRIP6,,TRIP6,GATB,TRIP6,TRIP6,TRIP6,,TRIP6,TRIP6,,,,TRIP6,TRIP6,TRIP6,,,TRIP6,,,TRIP6,,TRIP6,TRIP6,,TRIP6,TRIP6,TRIP6,,,TRIP6,,TRIP6,TRIP6,TRIP6,TRIP6,,TRIP6,TRIP6,TRIP6,,,TRIP6,,,TRIP6,,TRIP6,,TRIP6,TRIP6,,TRIP6,TRIP6
ACHE,,ACHE,,ACHE,,,,ACHE,,ACHE,,,,,ANXA13,,LYVE1,,,,,,,ACHE,,ACHE,ACHE,,ACHE,,ACHE,ACHE,,ACHE,ACHE,,ACHE,ACHE,ACHE,,ACHE,ACHE,ACHE,ACHE,ACHE,,ACHE,GATB,ACHE,ACHE,ACHE,,ACHE,ACHE,,,,ACHE,ACHE,ACHE,,,ACHE,,,ACHE,,ACHE,ACHE,,ACHE,ACHE,ACHE,,,ACHE,,ACHE,ACHE,ACHE,ACHE,,ACHE,ACHE,ACHE,,,ACHE,,,ACHE,,ACHE,,ACHE,ACHE,,ACHE,ACHE
FTL,,FTL,,FTL,,,,FTL,,FTL,,,,,SQLE,,FCGRT,,,,,,,FTL,,FTL,FTL,,FTL,,FTL,FTL,,FTL,FTL,,FTL,FTL,FTL,,FTL,FTL,FTL,FTL,FTL,,FTL,GATB,FTL,FTL,FTL,,FTL,FTL,,,,FTL,FTL,FTL,,,FTL,,,FTL,,FTL,FTL,,FTL,FTL,FTL,,,FTL,,FTL,FTL,FTL,FTL,,FTL,FTL,FTL,,,FTL,,,FTL,,FTL,,FTL,FTL,,FTL,FTL
SRRT,,SRRT,,SRRT,,,,SRRT,,SRRT,,,,,SH2D4A,,ASGEP,,,,,,,SRRT,,SRRT,SRRT,,SRRT,,SRRT,SRRT,,SRRT,SRRT,,SRRT,SRRT,SRRT,,SRRT,SRRT,SRRT,SRRT,SRRT,,SRRT,GATB,SRRT,SRRT,SRRT,,SRRT,SRRT,,,,SRRT,SRRT,SRRT,,,SRRT,,,SRRT,,SRRT,SRRT,,SRRT,SRRT,SRRT,,,SRRT,,SRRT,SRRT,SRRT,SRRT,,SRRT,SRRT,SRRT,,,SRRT,,,SRRT,,SRRT,,SRRT,SRRT,,SRRT,SRRT
BAX,,BAX,,BAX,,,,BAX,,BAX,,,,,INTS10,,TRAF3IP2,,,,,,,BAX,,BAX,BAX,,BAX,,BAX,BAX,,BAX,BAX,,BAX,BAX,BAX,,BAX,BAX,BAX,BAX,BAX,,BAX,GATB,BAX,BAX,BAX,,BAX,BAX,,,,BAX,BAX,BAX,,,BAX,,,BAX,,BAX,BAX,,BAX,BAX,BAX,,,BAX,,BAX,BAX,BAX,BAX,,BAX,BAX,BAX,,,BAX,,,BAX,,BAX,,BAX,BAX,,BAX,BAX
NLK,,NLK,,NLK,,,,NLK,,NLK,,,,,ERI1,,TFEC,,,,,,,NLK,,NLK,NLK,,NLK,,NLK,NLK,,NLK,NLK,,NLK,NLK,NLK,,NLK,NLK,NLK,NLK,NLK,,NLK,GATB,NLK,NLK,NLK,,NLK,NLK,,,,NLK,NLK,NLK,,,NLK,,,NLK,,NLK,NLK,,NLK,NLK,NLK,,,NLK,,NLK,NLK,NLK,NLK,,NLK,NLK,NLK,,,NLK,,,NLK,,NLK,,NLK,NLK,,NLK,NLK
PIGS,,PIGS,,PIGS,,,,PIGS,,PIGS,,,,,SLC39A14,,LGALS1,,,,,,,PIGS,,PIGS,PIGS,,PIGS,,PIGS,PIGS,,PIGS,PIGS,,PIGS,PIGS,PIGS,,PIGS,PIGS,PIGS,PIGS,PIGS,,PIGS,GATB,PIGS,PIGS,PIGS,,PIGS,PIGS,,,,PIGS,PIGS,PIGS,,,PIGS,,,PIGS,,PIGS,PIGS,,PIGS,PIGS,PIGS,,,PIGS,,PIGS,PIGS,PIGS,PIGS,,PIGS,PIGS,PIGS,,,PIGS,,,PIGS,,PIGS,,PIGS,PIGS,,PIGS,PIGS
ADAMTS2,,ADAMTS2,,ADAMTS2,,,,ADAMTS2,,ADAMTS2,,,,,MTMR9,,LILRB4,,,,,,,ADAMTS2,,ADAMTS2,ADAMTS2,,ADAMTS2,,ADAMTS2,ADAMTS2,,ADAMTS2,ADAMTS2,,ADAMTS2,ADAMTS2,ADAMTS2,,ADAMTS2,ADAMTS2,ADAMTS2,ADAMTS2,ADAMTS2,,ADAMTS2,GATB,ADAMTS2,ADAMTS2,ADAMTS2,,ADAMTS2,ADAMTS2,,,,ADAMTS2,ADAMTS2,ADAMTS2,,,ADAMTS2,,,ADAMTS2,,ADAMTS2,ADAMTS2,,ADAMTS2,ADAMTS2,ADAMTS2,,,ADAMTS2,,ADAMTS2,ADAMTS2,ADAMTS2,ADAMTS2,,ADAMTS2,ADAMTS2,ADAMTS2,,,ADAMTS2,,,ADAMTS2,,ADAMTS2,,ADAMTS2,ADAMTS2,,ADAMTS2,ADAMTS2
TMPRSS11E,,TMPRSS11E,,TMPRSS11E,,,,TMPRSS11E,,TMPRSS11E,,,,,LEPROTL1,,TFRC,,,,,,,TMPRSS11E,,TMPRSS11E,TMPRSS11E,,TMPRSS11E,,TMPRSS11E,TMPRSS11E,,TMPRSS11E,TMPRSS11E,,TMPRSS11E,TMPRSS11E,TMPRSS11E,,TMPRSS11E,TMPRSS11E,TMPRSS11E,TMPRSS11E,TMPRSS11E,,TMPRSS11E,GATB,TMPRSS11E,TMPRSS11E,TMPRSS11E,,TMPRSS11E,TMPRSS11E,,,,TMPRSS11E,TMPRSS11E,TMPRSS11E,,,TMPRSS11E,,,TMPRSS11E,,TMPRSS11E,TMPRSS11E,,TMPRSS11E,TMPRSS11E,TMPRSS11E,,,TMPRSS11E,,TMPRSS11E,TMPRSS11E,TMPRSS11E,TMPRSS11E,,TMPRSS11E,TMPRSS11E,TMPRSS11E,,,TMPRSS11E,,,TMPRSS11E,,TMPRSS11E,,TMPRSS11E,TMPRSS11E,,TMPRSS11E,TMPRSS11E
ATXN7L3,,ATXN7L3,,ATXN7L3,,,,ATXN7L3,,ATXN7L3,,,,,DCTN6,,CXCL6,,,,,,,ATXN7L3,,ATXN7L3,ATXN7L3,,ATXN7L3,,ATXN7L3,ATXN7L3,,ATXN7L3,ATXN7L3,,ATXN7L3,ATXN7L3,ATXN7L3,,ATXN7L3,ATXN7L3,ATXN7L3,ATXN7L3,ATXN7L3,,ATXN7L3,GATB,ATXN7L3,ATXN7L3,ATXN7L3,,ATXN7L3,ATXN7L3,,,,ATXN7L3,ATXN7L3,ATXN7L3,,,ATXN7L3,,,ATXN7L3,,ATXN7L3,ATXN7L3,,ATXN7L3,ATXN7L3,ATXN7L3,,,ATXN7L3,,ATXN7L3,ATXN7L3,ATXN7L3,ATXN7L3,,ATXN7L3,ATXN7L3,ATXN7L3,,,ATXN7L3,,,ATXN7L3,,ATXN7L3,,ATXN7L3,ATXN7L3,,ATXN7L3,ATXN7L3
PGS1,,PGS1,,PGS1,,,,PGS1,,PGS1,,,,,R3HCC1,,LYPD1,,,,,,,PGS1,,PGS1,PGS1,,PGS1,,PGS1,PGS1,,PGS1,PGS1,,PGS1,PGS1,PGS1,,PGS1,PGS1,PGS1,PGS1,PGS1,,PGS1,GATB,PGS1,PGS1,PGS1,,PGS1,PGS1,,,,PGS1,PGS1,PGS1,,,PGS1,,,PGS1,,PGS1,PGS1,,PGS1,PGS1,PGS1,,,PGS1,,PGS1,PGS1,PGS1,PGS1,,PGS1,PGS1,PGS1,,,PGS1,,,PGS1,,PGS1,,PGS1,PGS1,,PGS1,PGS1
PSMC5,,PSMC5,,PSMC5,,,,PSMC5,,PSMC5,,,,,GSR,,CCL2,,,,,,,PSMC5,,PSMC5,PSMC5,,PSMC5,,PSMC5,PSMC5,,PSMC5,PSMC5,,PSMC5,PSMC5,PSMC5,,PSMC5,PSMC5,PSMC5,PSMC5,PSMC5,,PSMC5,GATB,PSMC5,PSMC5,PSMC5,,PSMC5,PSMC5,,,,PSMC5,PSMC5,PSMC5,,,PSMC5,,,PSMC5,,PSMC5,PSMC5,,PSMC5,PSMC5,PSMC5,,,PSMC5,,PSMC5,PSMC5,PSMC5,PSMC5,,PSMC5,PSMC5,PSMC5,,,PSMC5,,,PSMC5,,PSMC5,,PSMC5,PSMC5,,PSMC5,PSMC5
UIMC1,,UIMC1,,UIMC1,,,,UIMC1,,UIMC1,,,,,TNFRSF10A,,IL27RA,,,,,,,UIMC1,,UIMC1,UIMC1,,UIMC1,,UIMC1,UIMC1,,UIMC1,UIMC1,,UIMC1,UIMC1,UIMC1,,UIMC1,UIMC1,UIMC1,UIMC1,UIMC1,,UIMC1,GATB,UIMC1,UIMC1,UIMC1,,UIMC1,UIMC1,,,,UIMC1,UIMC1,UIMC1,,,UIMC1,,,UIMC1,,UIMC1,UIMC1,,UIMC1,UIMC1,UIMC1,,,UIMC1,,UIMC1,UIMC1,UIMC1,UIMC1,,UIMC1,UIMC1,UIMC1,,,UIMC1,,,UIMC1,,UIMC1,,UIMC1,UIMC1,,UIMC1,UIMC1
CETP,,CETP,,CETP,,,,CETP,,CETP,,,,,UBXN8,,TFPI,,,,,,,CETP,,CETP,CETP,,CETP,,CETP,CETP,,CETP,CETP,,CETP,CETP,CETP,,CETP,CETP,CETP,CETP,CETP,,CETP,GATB,CETP,CETP,CETP,,CETP,CETP,,,,CETP,CETP,CETP,,,CETP,,,CETP,,CETP,CETP,,CETP,CETP,CETP,,,CETP,,CETP,CETP,CETP,CETP,,CETP,CETP,CETP,,,CETP,,,CETP,,CETP,,CETP,CETP,,CETP,CETP
MMP2,,MMP2,,MMP2,,,,MMP2,,MMP2,,,,,PPP2CB,,KYNU,,,,,,,MMP2,,MMP2,MMP2,,MMP2,,MMP2,MMP2,,MMP2,MMP2,,MMP2,MMP2,MMP2,,MMP2,MMP2,MMP2,MMP2,MMP2,,MMP2,GATB,MMP2,MMP2,MMP2,,MMP2,MMP2,,,,MMP2,MMP2,MMP2,,,MMP2,,,MMP2,,MMP2,MMP2,,MMP2,MMP2,MMP2,,,MMP2,,MMP2,MMP2,MMP2,MMP2,,MMP2,MMP2,MMP2,,,MMP2,,,MMP2,,MMP2,,MMP2,MMP2,,MMP2,MMP2
MT3,,MT3,,MT3,,,,MT3,,MT3,,,,,ERICH1,,TFEC,,,,,,,MT3,,MT3,MT3,,MT3,,MT3,MT3,,MT3,MT3,,MT3,MT3,MT3,,MT3,MT3,MT3,MT3,MT3,,MT3,GATB,MT3,MT3,MT3,,MT3,MT3,,,,MT3,MT3,MT3,,,MT3,,,MT3,,MT3,MT3,,MT3,MT3,MT3,,,MT3,,MT3,MT3,MT3,MT3,,MT3,MT3,MT3,,,MT3,,,MT3,,MT3,,MT3,MT3,,MT3,MT3
LPCAT2,,LPCAT2,,LPCAT2,,,,LPCAT2,,LPCAT2,,,,,NEFM,,CD33,,,,,,,LPCAT2,,LPCAT2,LPCAT2,,LPCAT2,,LPCAT2,LPCAT2,,LPCAT2,LPCAT2,,LPCAT2,LPCAT2,LPCAT2,,LPCAT2,LPCAT2,LPCAT2,LPCAT2,LPCAT2,,LPCAT2,GATB,LPCAT2,LPCAT2,LPCAT2,,LPCAT2,LPCAT2,,,,LPCAT2,LPCAT2,LPCAT2,,,LPCAT2,,,LPCAT2,,LPCAT2,LPCAT2,,LPCAT2,LPCAT2,LPCAT2,,,LPCAT2,,LPCAT2,LPCAT2,LPCAT2,LPCAT2,,LPCAT2,LPCAT2,LPCAT2,,,LPCAT2,,,LPCAT2,,LPCAT2,,LPCAT2,LPCAT2,,LPCAT2,LPCAT2
GNAO1,,GNAO1,,GNAO1,,,,GNAO1,,GNAO1,,,,,TUSC3,,IFIT2,,,,,,,GNAO1,,GNAO1,GNAO1,,GNAO1,,GNAO1,GNAO1,,GNAO1,GNAO1,,GNAO1,GNAO1,GNAO1,,GNAO1,GNAO1,GNAO1,GNAO1,GNAO1,,GNAO1,GATB,GNAO1,GNAO1,GNAO1,,GNAO1,GNAO1,,,,GNAO1,GNAO1,GNAO1,,,GNAO1,,,GNAO1,,GNAO1,GNAO1,,GNAO1,GNAO1,GNAO1,,,GNAO1,,GNAO1,GNAO1,GNAO1,GNAO1,,GNAO1,GNAO1,GNAO1,,,GNAO1,,,GNAO1,,GNAO1,,GNAO1,GNAO1,,GNAO1,GNAO1
OGFOD1,,OGFOD1,,OGFOD1,,,,OGFOD1,,OGFOD1,,,,,ARHGEF10,,P2RX7,,,,,,,OGFOD1,,OGFOD1,OGFOD1,,OGFOD1,,OGFOD1,OGFOD1,,OGFOD1,OGFOD1,,OGFOD1,OGFOD1,OGFOD1,,OGFOD1,OGFOD1,OGFOD1,OGFOD1,OGFOD1,,OGFOD1,GATB,OGFOD1,OGFOD1,OGFOD1,,OGFOD1,OGFOD1,,,,OGFOD1,OGFOD1,OGFOD1,,,OGFOD1,,,OGFOD1,,OGFOD1,OGFOD1,,OGFOD1,OGFOD1,OGFOD1,,,OGFOD1,,OGFOD1,OGFOD1,OGFOD1,OGFOD1,,OGFOD1,OGFOD1,OGFOD1,,,OGFOD1,,,OGFOD1,,OGFOD1,,OGFOD1,OGFOD1,,OGFOD1,OGFOD1
SH3BP2,,SH3BP2,,SH3BP2,,,,SH3BP2,,SH3BP2,,,,,KLHDC4,,LILRB5,,,,,,,SH3BP2,,SH3BP2,SH3BP2,,SH3BP2,,SH3BP2,SH3BP2,,SH3BP2,SH3BP2,,SH3BP2,SH3BP2,SH3BP2,,SH3BP2,SH3BP2,SH3BP2,SH3BP2,SH3BP2,,SH3BP2,GATB,SH3BP2,SH3BP2,SH3BP2,,SH3BP2,SH3BP2,,,,SH3BP2,SH3BP2,SH3BP2,,,SH3BP2,,,SH3BP2,,SH3BP2,SH3BP2,,SH3BP2,SH3BP2,SH3BP2,,,SH3BP2,,SH3BP2,SH3BP2,SH3BP2,SH3BP2,,SH3BP2,SH3BP2,SH3BP2,,,SH3BP2,,,SH3BP2,,SH3BP2,,SH3BP2,SH3BP2,,SH3BP2,SH3BP2
NOP14,,NOP14,,NOP14,,,,NOP14,,NOP14,,,,,MCM4,,LYZL1,,,,,,,NOP14,,NOP14,NOP14,,NOP14,,NOP14,NOP14,,NOP14,NOP14,,NOP14,NOP14,NOP14,,NOP14,NOP14,NOP14,NOP14,NOP14,,NOP14,GATB,NOP14,NOP14,NOP14,,NOP14,NOP14,,,,NOP14,NOP14,NOP14,,,NOP14,,,NOP14,,NOP14,NOP14,,NOP14,NOP14,NOP14,,,NOP14,,NOP14,NOP14,NOP14,NOP14,,NOP14,NOP14,NOP14,,,NOP14,,,NOP14,,NOP14,,NOP14,NOP14,,NOP14,NOP14
ADD1,,ADD1,,ADD1,,,,ADD1,,ADD1,,,,,ADAM2,,CD79B,,,,,,,ADD1,,ADD1,ADD1,,ADD1,,ADD1,ADD1,,ADD1,ADD1,,ADD1,ADD1,ADD1,,ADD1,ADD1,ADD1,ADD1,ADD1,,ADD1,GATB,ADD1,ADD1,ADD1,,ADD1,ADD1,,,,ADD1,ADD1,ADD1,,,ADD1,,,ADD1,,ADD1,ADD1,,ADD1,ADD1,ADD1,,,ADD1,,ADD1,ADD1,ADD1,ADD1,,ADD1,ADD1,ADD1,,,ADD1,,,ADD1,,ADD1,,ADD1,ADD1,,ADD1,ADD1
L2HGDH,,L2HGDH,,L2HGDH,,,,L2HGDH,,L2HGDH,,,,,KCTD9,,SLC4A4,,,,,,,L2HGDH,,L2HGDH,L2HGDH,,L2HGDH,,L2HGDH,L2HGDH,,L2HGDH,L2HGDH,,L2HGDH,L2HGDH,L2HGDH,,L2HGDH,L2HGDH,L2HGDH,L2HGDH,L2HGDH,,L2HGDH,GATB,L2HGDH,L2HGDH,L2HGDH,,L2HGDH,L2HGDH,,,,L2HGDH,L2HGDH,L2HGDH,,,L2HGDH,,,L2HGDH,,L2HGDH,L2HGDH,,L2HGDH,L2HGDH,L2HGDH,,,L2HGDH,,L2HGDH,L2HGDH,L2HGDH,L2HGDH,,L2HGDH,L2HGDH,L2HGDH,,,L2HGDH,,,L2HGDH,,L2HGDH,,L2HGDH,L2HGDH,,L2HGDH,L2HGDH
TXNDC16,,TXNDC16,,TXNDC16,,,,TXNDC16,,TXNDC16,,,,,FGL1,,TRAF3IP3,,,,,,,TXNDC16,,TXNDC16,TXNDC16,,TXNDC16,,TXNDC16,TXNDC16,,TXNDC16,TXNDC16,,TXNDC16,TXNDC16,TXNDC16,,TXNDC16,TXNDC16,TXNDC16,TXNDC16,TXNDC16,,TXNDC16,GATB,TXNDC16,TXNDC16,TXNDC16,,TXNDC16,TXNDC16,,,,TXNDC16,TXNDC16,TXNDC16,,,TXNDC16,,,TXNDC16,,TXNDC16,TXNDC16,,TXNDC16,TXNDC16,TXNDC16,,,TXNDC16,,TXNDC16,TXNDC16,TXNDC16,TXNDC16,,TXNDC16,TXNDC16,TXNDC16,,,TXNDC16,,,TXNDC16,,TXNDC16,,TXNDC16,TXNDC16,,TXNDC16,TXNDC16
RTRAF,,RTRAF,,RTRAF,,,,RTRAF,,RTRAF,,,,,ASAH1,,ASB4,,,,,,,RTRAF,,RTRAF,RTRAF,,RTRAF,,RTRAF,RTRAF,,RTRAF,RTRAF,,RTRAF,RTRAF,RTRAF,,RTRAF,RTRAF,RTRAF,RTRAF,RTRAF,,RTRAF,GATB,RTRAF,RTRAF,RTRAF,,RTRAF,RTRAF,,,,RTRAF,RTRAF,RTRAF,,,RTRAF,,,RTRAF,,RTRAF,RTRAF,,RTRAF,RTRAF,RTRAF,,,RTRAF,,RTRAF,RTRAF,RTRAF,RTRAF,,RTRAF,RTRAF,RTRAF,,,RTRAF,,,RTRAF,,RTRAF,,RTRAF,RTRAF,,RTRAF,RTRAF
NID2,,NID2,,NID2,,,,NID2,,NID2,,,,,BNIP3L,,CD48,,,,,,,NID2,,NID2,NID2,,NID2,,NID2,NID2,,NID2,NID2,,NID2,NID2,NID2,,NID2,NID2,NID2,NID2,NID2,,NID2,GATB,NID2,NID2,NID2,,NID2,NID2,,,,NID2,NID2,NID2,,,NID2,,,NID2,,NID2,NID2,,NID2,NID2,NID2,,,NID2,,NID2,NID2,NID2,NID2,,NID2,NID2,NID2,,,NID2,,,NID2,,NID2,,NID2,NID2,,NID2,NID2
GMCL1,,GMCL1,,GMCL1,,,,GMCL1,,GMCL1,,,,,MAN2B1,,LY75,,,,,,,GMCL1,,GMCL1,GMCL1,,GMCL1,,GMCL1,GMCL1,,GMCL1,GMCL1,,GMCL1,GMCL1,GMCL1,,GMCL1,GMCL1,GMCL1,GMCL1,GMCL1,,GMCL1,GATB,GMCL1,GMCL1,GMCL1,,GMCL1,GMCL1,,,,GMCL1,GMCL1,GMCL1,,,GMCL1,,,GMCL1,,GMCL1,GMCL1,,GMCL1,GMCL1,GMCL1,,,GMCL1,,GMCL1,GMCL1,GMCL1,GMCL1,,GMCL1,GMCL1,GMCL1,,,GMCL1,,,GMCL1,,GMCL1,,GMCL1,GMCL1,,GMCL1,GMCL1
SF3B2,,SF3B2,,SF3B2,,,,SF3B2,,SF3B2,,,,,KCNN4,,VEZT,,,,,,,SF3B2,,SF3B2,SF3B2,,SF3B2,,SF3B2,SF3B2,,SF3B2,SF3B2,,SF3B2,SF3B2,SF3B2,,SF3B2,SF3B2,SF3B2,SF3B2,SF3B2,,SF3B2,GATB,SF3B2,SF3B2,SF3B2,,SF3B2,SF3B2,,,,SF3B2,SF3B2,SF3B2,,,SF3B2,,,SF3B2,,SF3B2,SF3B2,,SF3B2,SF3B2,SF3B2,,,SF3B2,,SF3B2,SF3B2,SF3B2,SF3B2,,SF3B2,SF3B2,SF3B2,,,SF3B2,,,SF3B2,,SF3B2,,SF3B2,SF3B2,,SF3B2,SF3B2
KLHL42,,KLHL42,,KLHL42,,,,KLHL42,,KLHL42,,,,,TULP2,,TFRC,,,,,,,KLHL42,,KLHL42,KLHL42,,KLHL42,,KLHL42,KLHL42,,KLHL42,KLHL42,,KLHL42,KLHL42,KLHL42,,KLHL42,KLHL42,KLHL42,KLHL42,KLHL42,,KLHL42,GATB,KLHL42,KLHL42,KLHL42,,KLHL42,KLHL42,,,,KLHL42,KLHL42,KLHL42,,,KLHL42,,,KLHL42,,KLHL42,KLHL42,,KLHL42,KLHL42,KLHL42,,,KLHL42,,KLHL42,KLHL42,KLHL42,KLHL42,,KLHL42,KLHL42,KLHL42,,,KLHL42,,,KLHL42,,KLHL42,,KLHL42,KLHL42,,KLHL42,KLHL42
GNAS,,GNAS,,GNAS,,,,GNAS,,GNAS,,,,,NUCB1,,IL27RA,,,,,,,GNAS,,GNAS,GNAS,,GNAS,,GNAS,GNAS,,GNAS,GNAS,,GNAS,GNAS,GNAS,,GNAS,GNAS,GNAS,GNAS,GNAS,,GNAS,GATB,GNAS,GNAS,GNAS,,GNAS,GNAS,,,,GNAS,GNAS,GNAS,,,GNAS,,,GNAS,,GNAS,GNAS,,GNAS,GNAS,GNAS,,,GNAS,,GNAS,GNAS,GNAS,GNAS,,GNAS,GNAS,GNAS,,,GNAS,,,GNAS,,GNAS,,GNAS,GNAS,,GNAS,GNAS
DNM1L,,DNM1L,,DNM1L,,,,DNM1L,,DNM1L,,,,,DHDH,,AQR,,,,,,,DNM1L,,DNM1L,DNM1L,,DNM1L,,DNM1L,DNM1L,,DNM1L,DNM1L,,DNM1L,DNM1L,DNM1L,,DNM1L,DNM1L,DNM1L,DNM1L,DNM1L,,DNM1L,GATB,DNM1L,DNM1L,DNM1L,,DNM1L,DNM1L,,,,DNM1L,DNM1L,DNM1L,,,DNM1L,,,DNM1L,,DNM1L,DNM1L,,DNM1L,DNM1L,DNM1L,,,DNM1L,,DNM1L,DNM1L,DNM1L,DNM1L,,DNM1L,DNM1L,DNM1L,,,DNM1L,,,DNM1L,,DNM1L,,DNM1L,DNM1L,,DNM1L,DNM1L
PTHLH,,PTHLH,,PTHLH,,,,PTHLH,,PTHLH,,,,,GYS1,,SLC39A9,,,,,,,PTHLH,,PTHLH,PTHLH,,PTHLH,,PTHLH,PTHLH,,PTHLH,PTHLH,,PTHLH,PTHLH,PTHLH,,PTHLH,PTHLH,PTHLH,PTHLH,PTHLH,,PTHLH,GATB,PTHLH,PTHLH,PTHLH,,PTHLH,PTHLH,,,,PTHLH,PTHLH,PTHLH,,,PTHLH,,,PTHLH,,PTHLH,PTHLH,,PTHLH,PTHLH,PTHLH,,,PTHLH,,PTHLH,PTHLH,PTHLH,PTHLH,,PTHLH,PTHLH,PTHLH,,,PTHLH,,,PTHLH,,PTHLH,,PTHLH,PTHLH,,PTHLH,PTHLH
PHACTR3,,PHACTR3,,PHACTR3,,,,PHACTR3,,PHACTR3,,,,,MAP4K1,,SELL,,,,,,,PHACTR3,,PHACTR3,PHACTR3,,PHACTR3,,PHACTR3,PHACTR3,,PHACTR3,PHACTR3,,PHACTR3,PHACTR3,PHACTR3,,PHACTR3,PHACTR3,PHACTR3,PHACTR3,PHACTR3,,PHACTR3,GATB,PHACTR3,PHACTR3,PHACTR3,,PHACTR3,PHACTR3,,,,PHACTR3,PHACTR3,PHACTR3,,,PHACTR3,,,PHACTR3,,PHACTR3,PHACTR3,,PHACTR3,PHACTR3,PHACTR3,,,PHACTR3,,PHACTR3,PHACTR3,PHACTR3,PHACTR3,,PHACTR3,PHACTR3,PHACTR3,,,PHACTR3,,,PHACTR3,,PHACTR3,,PHACTR3,PHACTR3,,PHACTR3,PHACTR3
ERGIC2,,ERGIC2,,ERGIC2,,,,ERGIC2,,ERGIC2,,,,,CGB2,,IFIT5,,,,,,,ERGIC2,,ERGIC2,ERGIC2,,ERGIC2,,ERGIC2,ERGIC2,,ERGIC2,ERGIC2,,ERGIC2,ERGIC2,ERGIC2,,ERGIC2,ERGIC2,ERGIC2,ERGIC2,ERGIC2,,ERGIC2,GATB,ERGIC2,ERGIC2,ERGIC2,,ERGIC2,ERGIC2,,,,ERGIC2,ERGIC2,ERGIC2,,,ERGIC2,,,ERGIC2,,ERGIC2,ERGIC2,,ERGIC2,ERGIC2,ERGIC2,,,ERGIC2,,ERGIC2,ERGIC2,ERGIC2,ERGIC2,,ERGIC2,ERGIC2,ERGIC2,,,ERGIC2,,,ERGIC2,,ERGIC2,,ERGIC2,ERGIC2,,ERGIC2,ERGIC2
TFAP2C,,TFAP2C,,TFAP2C,,,,TFAP2C,,TFAP2C,,,,,ECH1,,KYNU,,,,,,,TFAP2C,,TFAP2C,TFAP2C,,TFAP2C,,TFAP2C,TFAP2C,,TFAP2C,TFAP2C,,TFAP2C,TFAP2C,TFAP2C,,TFAP2C,TFAP2C,TFAP2C,TFAP2C,TFAP2C,,TFAP2C,GATB,TFAP2C,TFAP2C,TFAP2C,,TFAP2C,TFAP2C,,,,TFAP2C,TFAP2C,TFAP2C,,,TFAP2C,,,TFAP2C,,TFAP2C,TFAP2C,,TFAP2C,TFAP2C,TFAP2C,,,TFAP2C,,TFAP2C,TFAP2C,TFAP2C,TFAP2C,,TFAP2C,TFAP2C,TFAP2C,,,TFAP2C,,,TFAP2C,,TFAP2C,,TFAP2C,TFAP2C,,TFAP2C,TFAP2C
AURKA,,AURKA,,AURKA,,,,AURKA,,AURKA,,,,,HNRNPL,,CCL22,,,,,,,AURKA,,AURKA,AURKA,,AURKA,,AURKA,AURKA,,AURKA,AURKA,,AURKA,AURKA,AURKA,,AURKA,AURKA,AURKA,AURKA,AURKA,,AURKA,GATB,AURKA,AURKA,AURKA,,AURKA,AURKA,,,,AURKA,AURKA,AURKA,,,AURKA,,,AURKA,,AURKA,AURKA,,AURKA,AURKA,AURKA,,,AURKA,,AURKA,AURKA,AURKA,AURKA,,AURKA,AURKA,AURKA,,,AURKA,,,AURKA,,AURKA,,AURKA,AURKA,,AURKA,AURKA
CASS4,,CASS4,,CASS4,,,,CASS4,,CASS4,,,,,NFKBIB,,TRAF1,,,,,,,CASS4,,CASS4,CASS4,,CASS4,,CASS4,CASS4,,CASS4,CASS4,,CASS4,CASS4,CASS4,,CASS4,CASS4,CASS4,CASS4,CASS4,,CASS4,GATB,CASS4,CASS4,CASS4,,CASS4,CASS4,,,,CASS4,CASS4,CASS4,,,CASS4,,,CASS4,,CASS4,CASS4,,CASS4,CASS4,CASS4,,,CASS4,,CASS4,CASS4,CASS4,CASS4,,CASS4,CASS4,CASS4,,,CASS4,,,CASS4,,CASS4,,CASS4,CASS4,,CASS4,CASS4
AAMDC,,AAMDC,,AAMDC,,,,AAMDC,,AAMDC,,,,,LHB,,BTN2A1,,,,,,,AAMDC,,AAMDC,AAMDC,,AAMDC,,AAMDC,AAMDC,,AAMDC,AAMDC,,AAMDC,AAMDC,AAMDC,,AAMDC,AAMDC,AAMDC,AAMDC,AAMDC,,AAMDC,GATB,AAMDC,AAMDC,AAMDC,,AAMDC,AAMDC,,,,AAMDC,AAMDC,AAMDC,,,AAMDC,,,AAMDC,,AAMDC,AAMDC,,AAMDC,AAMDC,AAMDC,,,AAMDC,,AAMDC,AAMDC,AAMDC,AAMDC,,AAMDC,AAMDC,AAMDC,,,AAMDC,,,AAMDC,,AAMDC,,AAMDC,AAMDC,,AAMDC,AAMDC
RFX2,,RFX2,,RFX2,,,,RFX2,,RFX2,,,,,CGB3,,TNFSF13B,,,,,,,RFX2,,RFX2,RFX2,,RFX2,,RFX2,RFX2,,RFX2,RFX2,,RFX2,RFX2,RFX2,,RFX2,RFX2,RFX2,RFX2,RFX2,,RFX2,GATB,RFX2,RFX2,RFX2,,RFX2,RFX2,,,,RFX2,RFX2,RFX2,,,RFX2,,,RFX2,,RFX2,RFX2,,RFX2,RFX2,RFX2,,,RFX2,,RFX2,RFX2,RFX2,RFX2,,RFX2,RFX2,RFX2,,,RFX2,,,RFX2,,RFX2,,RFX2,RFX2,,RFX2,RFX2
METTL2A,,METTL2A,,METTL2A,,,,METTL2A,,METTL2A,,,,,TUBB4A,,AASS,,,,,,,METTL2A,,METTL2A,METTL2A,,METTL2A,,METTL2A,METTL2A,,METTL2A,METTL2A,,METTL2A,METTL2A,METTL2A,,METTL2A,METTL2A,METTL2A,METTL2A,METTL2A,,METTL2A,GATB,METTL2A,METTL2A,METTL2A,,METTL2A,METTL2A,,,,METTL2A,METTL2A,METTL2A,,,METTL2A,,,METTL2A,,METTL2A,METTL2A,,METTL2A,METTL2A,METTL2A,,,METTL2A,,METTL2A,METTL2A,METTL2A,METTL2A,,METTL2A,METTL2A,METTL2A,,,METTL2A,,,METTL2A,,METTL2A,,METTL2A,METTL2A,,METTL2A,METTL2A
SULT2B1,,SULT2B1,,SULT2B1,,,,SULT2B1,,SULT2B1,,,,,SARS2,,LYRM2,,,,,,,SULT2B1,,SULT2B1,SULT2B1,,SULT2B1,,SULT2B1,SULT2B1,,SULT2B1,SULT2B1,,SULT2B1,SULT2B1,SULT2B1,,SULT2B1,SULT2B1,SULT2B1,SULT2B1,SULT2B1,,SULT2B1,GATB,SULT2B1,SULT2B1,SULT2B1,,SULT2B1,SULT2B1,,,,SULT2B1,SULT2B1,SULT2B1,,,SULT2B1,,,SULT2B1,,SULT2B1,SULT2B1,,SULT2B1,SULT2B1,SULT2B1,,,SULT2B1,,SULT2B1,SULT2B1,SULT2B1,SULT2B1,,SULT2B1,SULT2B1,SULT2B1,,,SULT2B1,,,SULT2B1,,SULT2B1,,SULT2B1,SULT2B1,,SULT2B1,SULT2B1
ALG6,,ALG6,,ALG6,,,,ALG6,,ALG6,,,,,KCNA7,,IL12RB2,,,,,,,ALG6,,ALG6,ALG6,,ALG6,,ALG6,ALG6,,ALG6,ALG6,,ALG6,ALG6,ALG6,,ALG6,ALG6,ALG6,ALG6,ALG6,,ALG6,GATB,ALG6,ALG6,ALG6,,ALG6,ALG6,,,,ALG6,ALG6,ALG6,,,ALG6,,,ALG6,,ALG6,ALG6,,ALG6,ALG6,ALG6,,,ALG6,,ALG6,ALG6,ALG6,ALG6,,ALG6,ALG6,ALG6,,,ALG6,,,ALG6,,ALG6,,ALG6,ALG6,,ALG6,ALG6
CNOT3,,CNOT3,,CNOT3,,,,CNOT3,,CNOT3,,,,,SNRNP70,,CD37,,,,,,,CNOT3,,CNOT3,CNOT3,,CNOT3,,CNOT3,CNOT3,,CNOT3,CNOT3,,CNOT3,CNOT3,CNOT3,,CNOT3,CNOT3,CNOT3,CNOT3,CNOT3,,CNOT3,GATB,CNOT3,CNOT3,CNOT3,,CNOT3,CNOT3,,,,CNOT3,CNOT3,CNOT3,,,CNOT3,,,CNOT3,,CNOT3,CNOT3,,CNOT3,CNOT3,CNOT3,,,CNOT3,,CNOT3,CNOT3,CNOT3,CNOT3,,CNOT3,CNOT3,CNOT3,,,CNOT3,,,CNOT3,,CNOT3,,CNOT3,CNOT3,,CNOT3,CNOT3
GP6,,GP6,,GP6,,,,GP6,,GP6,,,,,CLPTM1,,TFPI,,,,,,,GP6,,GP6,GP6,,GP6,,GP6,GP6,,GP6,GP6,,GP6,GP6,GP6,,GP6,GP6,GP6,GP6,GP6,,GP6,GATB,GP6,GP6,GP6,,GP6,GP6,,,,GP6,GP6,GP6,,,GP6,,,GP6,,GP6,GP6,,GP6,GP6,GP6,,,GP6,,GP6,GP6,GP6,GP6,,GP6,GP6,GP6,,,GP6,,,GP6,,GP6,,GP6,GP6,,GP6,GP6
PTPN4,,PTPN4,,PTPN4,,,,PTPN4,,PTPN4,,,,,RELB,,RUNX1T1,,,,,,,PTPN4,,PTPN4,PTPN4,,PTPN4,,PTPN4,PTPN4,,PTPN4,PTPN4,,PTPN4,PTPN4,PTPN4,,PTPN4,PTPN4,PTPN4,PTPN4,PTPN4,,PTPN4,GATB,PTPN4,PTPN4,PTPN4,,PTPN4,PTPN4,,,,PTPN4,PTPN4,PTPN4,,,PTPN4,,,PTPN4,,PTPN4,PTPN4,,PTPN4,PTPN4,PTPN4,,,PTPN4,,PTPN4,PTPN4,PTPN4,PTPN4,,PTPN4,PTPN4,PTPN4,,,PTPN4,,,PTPN4,,PTPN4,,PTPN4,PTPN4,,PTPN4,PTPN4
DDX18,,DDX18,,DDX18,,,,DDX18,,DDX18,,,,,CLASRP,,TFEC,,,,,,,DDX18,,DDX18,DDX18,,DDX18,,DDX18,DDX18,,DDX18,DDX18,,DDX18,DDX18,DDX18,,DDX18,DDX18,DDX18,DDX18,DDX18,,DDX18,GATB,DDX18,DDX18,DDX18,,DDX18,DDX18,,,,DDX18,DDX18,DDX18,,,DDX18,,,DDX18,,DDX18,DDX18,,DDX18,DDX18,DDX18,,,DDX18,,DDX18,DDX18,DDX18,DDX18,,DDX18,DDX18,DDX18,,,DDX18,,,DDX18,,DDX18,,DDX18,DDX18,,DDX18,DDX18
KHSRP,,KHSRP,,KHSRP,,,,KHSRP,,KHSRP,,,,,LIN7B,,BTNL8,,,,,,,KHSRP,,KHSRP,KHSRP,,KHSRP,,KHSRP,KHSRP,,KHSRP,KHSRP,,KHSRP,KHSRP,KHSRP,,KHSRP,KHSRP,KHSRP,KHSRP,KHSRP,,KHSRP,GATB,KHSRP,KHSRP,KHSRP,,KHSRP,KHSRP,,,,KHSRP,KHSRP,KHSRP,,,KHSRP,,,KHSRP,,KHSRP,KHSRP,,KHSRP,KHSRP,KHSRP,,,KHSRP,,KHSRP,KHSRP,KHSRP,KHSRP,,KHSRP,KHSRP,KHSRP,,,KHSRP,,,KHSRP,,KHSRP,,KHSRP,KHSRP,,KHSRP,KHSRP
GNA11,,GNA11,,GNA11,,,,GNA11,,GNA11,,,,,PPP1R37,,SPEN,,,,,,,GNA11,,GNA11,GNA11,,GNA11,,GNA11,GNA11,,GNA11,GNA11,,GNA11,GNA11,GNA11,,GNA11,GNA11,GNA11,GNA11,GNA11,,GNA11,GATB,GNA11,GNA11,GNA11,,GNA11,GNA11,,,,GNA11,GNA11,GNA11,,,GNA11,,,GNA11,,GNA11,GNA11,,GNA11,GNA11,GNA11,,,GNA11,,GNA11,GNA11,GNA11,GNA11,,GNA11,GNA11,GNA11,,,GNA11,,,GNA11,,GNA11,,GNA11,GNA11,,GNA11,GNA11
ASAP3,,ASAP3,,ASAP3,,,,ASAP3,,ASAP3,,,,,FCGRT,,RUNX1,,,,,,,ASAP3,,ASAP3,ASAP3,,ASAP3,,ASAP3,ASAP3,,ASAP3,ASAP3,,ASAP3,ASAP3,ASAP3,,ASAP3,ASAP3,ASAP3,ASAP3,ASAP3,,ASAP3,GATB,ASAP3,ASAP3,ASAP3,,ASAP3,ASAP3,,,,ASAP3,ASAP3,ASAP3,,,ASAP3,,,ASAP3,,ASAP3,ASAP3,,ASAP3,ASAP3,ASAP3,,,ASAP3,,ASAP3,ASAP3,ASAP3,ASAP3,,ASAP3,ASAP3,ASAP3,,,ASAP3,,,ASAP3,,ASAP3,,ASAP3,ASAP3,,ASAP3,ASAP3
EDEM2,,EDEM2,,EDEM2,,,,EDEM2,,EDEM2,,,,,PIH1D1,,IL34,,,,,,,EDEM2,,EDEM2,EDEM2,,EDEM2,,EDEM2,EDEM2,,EDEM2,EDEM2,,EDEM2,EDEM2,EDEM2,,EDEM2,EDEM2,EDEM2,EDEM2,EDEM2,,EDEM2,GATB,EDEM2,EDEM2,EDEM2,,EDEM2,EDEM2,,,,EDEM2,EDEM2,EDEM2,,,EDEM2,,,EDEM2,,EDEM2,EDEM2,,EDEM2,EDEM2,EDEM2,,,EDEM2,,EDEM2,EDEM2,EDEM2,EDEM2,,EDEM2,EDEM2,EDEM2,,,EDEM2,,,EDEM2,,EDEM2,,EDEM2,EDEM2,,EDEM2,EDEM2
DNMT3B,,DNMT3B,,DNMT3B,,,,DNMT3B,,DNMT3B,,,,,CKM,,KYNU,,,,,,,DNMT3B,,DNMT3B,DNMT3B,,DNMT3B,,DNMT3B,DNMT3B,,DNMT3B,DNMT3B,,DNMT3B,DNMT3B,DNMT3B,,DNMT3B,DNMT3B,DNMT3B,DNMT3B,DNMT3B,,DNMT3B,GATB,DNMT3B,DNMT3B,DNMT3B,,DNMT3B,DNMT3B,,,,DNMT3B,DNMT3B,DNMT3B,,,DNMT3B,,,DNMT3B,,DNMT3B,DNMT3B,,DNMT3B,DNMT3B,DNMT3B,,,DNMT3B,,DNMT3B,DNMT3B,DNMT3B,DNMT3B,,DNMT3B,DNMT3B,DNMT3B,,,DNMT3B,,,DNMT3B,,DNMT3B,,DNMT3B,DNMT3B,,DNMT3B,DNMT3B
REM1,,REM1,,REM1,,,,REM1,,REM1,,,,,ARHGEF18,,RUNX3,,,,,,,REM1,,REM1,REM1,,REM1,,REM1,REM1,,REM1,REM1,,REM1,REM1,REM1,,REM1,REM1,REM1,REM1,REM1,,REM1,GATB,REM1,REM1,REM1,,REM1,REM1,,,,REM1,REM1,REM1,,,REM1,,,REM1,,REM1,REM1,,REM1,REM1,REM1,,,REM1,,REM1,REM1,REM1,REM1,,REM1,REM1,REM1,,,REM1,,,REM1,,REM1,,REM1,REM1,,REM1,REM1
TPX2,,TPX2,,TPX2,,,,TPX2,,TPX2,,,,,PPP1R13L,,ITGA2B,,,,,,,TPX2,,TPX2,TPX2,,TPX2,,TPX2,TPX2,,TPX2,TPX2,,TPX2,TPX2,TPX2,,TPX2,TPX2,TPX2,TPX2,TPX2,,TPX2,GATB,TPX2,TPX2,TPX2,,TPX2,TPX2,,,,TPX2,TPX2,TPX2,,,TPX2,,,TPX2,,TPX2,TPX2,,TPX2,TPX2,TPX2,,,TPX2,,TPX2,TPX2,TPX2,TPX2,,TPX2,TPX2,TPX2,,,TPX2,,,TPX2,,TPX2,,TPX2,TPX2,,TPX2,TPX2
FER1L4,,FER1L4,,FER1L4,,,,FER1L4,,FER1L4,,,,,PEX11G,,LGALS13,,,,,,,FER1L4,,FER1L4,FER1L4,,FER1L4,,FER1L4,FER1L4,,FER1L4,FER1L4,,FER1L4,FER1L4,FER1L4,,FER1L4,FER1L4,FER1L4,FER1L4,FER1L4,,FER1L4,GATB,FER1L4,FER1L4,FER1L4,,FER1L4,FER1L4,,,,FER1L4,FER1L4,FER1L4,,,FER1L4,,,FER1L4,,FER1L4,FER1L4,,FER1L4,FER1L4,FER1L4,,,FER1L4,,FER1L4,FER1L4,FER1L4,FER1L4,,FER1L4,FER1L4,FER1L4,,,FER1L4,,,FER1L4,,FER1L4,,FER1L4,FER1L4,,FER1L4,FER1L4
PDRG1,,PDRG1,,PDRG1,,,,PDRG1,,PDRG1,,,,,ERCC2,,ICAM4,,,,,,,PDRG1,,PDRG1,PDRG1,,PDRG1,,PDRG1,PDRG1,,PDRG1,PDRG1,,PDRG1,PDRG1,PDRG1,,PDRG1,PDRG1,PDRG1,PDRG1,PDRG1,,PDRG1,GATB,PDRG1,PDRG1,PDRG1,,PDRG1,PDRG1,,,,PDRG1,PDRG1,PDRG1,,,PDRG1,,,PDRG1,,PDRG1,PDRG1,,PDRG1,PDRG1,PDRG1,,,PDRG1,,PDRG1,PDRG1,PDRG1,PDRG1,,PDRG1,PDRG1,PDRG1,,,PDRG1,,,PDRG1,,PDRG1,,PDRG1,PDRG1,,PDRG1,PDRG1
EPB41L1,,EPB41L1,,EPB41L1,,,,EPB41L1,,EPB41L1,,,,,DOT1L,,OSBPL7,,,,,,,EPB41L1,,EPB41L1,EPB41L1,,EPB41L1,,EPB41L1,EPB41L1,,EPB41L1,EPB41L1,,EPB41L1,EPB41L1,EPB41L1,,EPB41L1,EPB41L1,EPB41L1,EPB41L1,EPB41L1,,EPB41L1,GATB,EPB41L1,EPB41L1,EPB41L1,,EPB41L1,EPB41L1,,,,EPB41L1,EPB41L1,EPB41L1,,,EPB41L1,,,EPB41L1,,EPB41L1,EPB41L1,,EPB41L1,EPB41L1,EPB41L1,,,EPB41L1,,EPB41L1,EPB41L1,EPB41L1,EPB41L1,,EPB41L1,EPB41L1,EPB41L1,,,EPB41L1,,,EPB41L1,,EPB41L1,,EPB41L1,EPB41L1,,EPB41L1,EPB41L1
SLC15A1,,SLC15A1,,SLC15A1,,,,SLC15A1,,SLC15A1,,,,,PLEKHJ1,,CCL26,,,,,,,SLC15A1,,SLC15A1,SLC15A1,,SLC15A1,,SLC15A1,SLC15A1,,SLC15A1,SLC15A1,,SLC15A1,SLC15A1,SLC15A1,,SLC15A1,SLC15A1,SLC15A1,SLC15A1,SLC15A1,,SLC15A1,GATB,SLC15A1,SLC15A1,SLC15A1,,SLC15A1,SLC15A1,,,,SLC15A1,SLC15A1,SLC15A1,,,SLC15A1,,,SLC15A1,,SLC15A1,SLC15A1,,SLC15A1,SLC15A1,SLC15A1,,,SLC15A1,,SLC15A1,SLC15A1,SLC15A1,SLC15A1,,SLC15A1,SLC15A1,SLC15A1,,,SLC15A1,,,SLC15A1,,SLC15A1,,SLC15A1,SLC15A1,,SLC15A1,SLC15A1
DOCK9,,DOCK9,,DOCK9,,,,DOCK9,,DOCK9,,,,,SLC17A7,,TFEC,,,,,,,DOCK9,,DOCK9,DOCK9,,DOCK9,,DOCK9,DOCK9,,DOCK9,DOCK9,,DOCK9,DOCK9,DOCK9,,DOCK9,DOCK9,DOCK9,DOCK9,DOCK9,,DOCK9,GATB,DOCK9,DOCK9,DOCK9,,DOCK9,DOCK9,,,,DOCK9,DOCK9,DOCK9,,,DOCK9,,,DOCK9,,DOCK9,DOCK9,,DOCK9,DOCK9,DOCK9,,,DOCK9,,DOCK9,DOCK9,DOCK9,DOCK9,,DOCK9,DOCK9,DOCK9,,,DOCK9,,,DOCK9,,DOCK9,,DOCK9,DOCK9,,DOCK9,DOCK9
ANKRD10,,ANKRD10,,ANKRD10,,,,ANKRD10,,ANKRD10,,,,,RNASEH2A,,RBM5,,,,,,,ANKRD10,,ANKRD10,ANKRD10,,ANKRD10,,ANKRD10,ANKRD10,,ANKRD10,ANKRD10,,ANKRD10,ANKRD10,ANKRD10,,ANKRD10,ANKRD10,ANKRD10,ANKRD10,ANKRD10,,ANKRD10,GATB,ANKRD10,ANKRD10,ANKRD10,,ANKRD10,ANKRD10,,,,ANKRD10,ANKRD10,ANKRD10,,,ANKRD10,,,ANKRD10,,ANKRD10,ANKRD10,,ANKRD10,ANKRD10,ANKRD10,,,ANKRD10,,ANKRD10,ANKRD10,ANKRD10,ANKRD10,,ANKRD10,ANKRD10,ANKRD10,,,ANKRD10,,,ANKRD10,,ANKRD10,,ANKRD10,ANKRD10,,ANKRD10,ANKRD10
TGDS,,TGDS,,TGDS,,,,TGDS,,TGDS,,,,,KLC3,,TRAF3,,,,,,,TGDS,,TGDS,TGDS,,TGDS,,TGDS,TGDS,,TGDS,TGDS,,TGDS,TGDS,TGDS,,TGDS,TGDS,TGDS,TGDS,TGDS,,TGDS,GATB,TGDS,TGDS,TGDS,,TGDS,TGDS,,,,TGDS,TGDS,TGDS,,,TGDS,,,TGDS,,TGDS,TGDS,,TGDS,TGDS,TGDS,,,TGDS,,TGDS,TGDS,TGDS,TGDS,,TGDS,TGDS,TGDS,,,TGDS,,,TGDS,,TGDS,,TGDS,TGDS,,TGDS,TGDS
DOCK3,,DOCK3,,DOCK3,,,,DOCK3,,DOCK3,,,,,CD37,,IL7,,,,,,,DOCK3,,DOCK3,DOCK3,,DOCK3,,DOCK3,DOCK3,,DOCK3,DOCK3,,DOCK3,DOCK3,DOCK3,,DOCK3,DOCK3,DOCK3,DOCK3,DOCK3,,DOCK3,GATB,DOCK3,DOCK3,DOCK3,,DOCK3,DOCK3,,,,DOCK3,DOCK3,DOCK3,,,DOCK3,,,DOCK3,,DOCK3,DOCK3,,DOCK3,DOCK3,DOCK3,,,DOCK3,,DOCK3,DOCK3,DOCK3,DOCK3,,DOCK3,DOCK3,DOCK3,,,DOCK3,,,DOCK3,,DOCK3,,DOCK3,DOCK3,,DOCK3,DOCK3
C3orf18,,C3orf18,,C3orf18,,,,C3orf18,,C3orf18,,,,,SF3A2,,P2RX3,,,,,,,C3orf18,,C3orf18,C3orf18,,C3orf18,,C3orf18,C3orf18,,C3orf18,C3orf18,,C3orf18,C3orf18,C3orf18,,C3orf18,C3orf18,C3orf18,C3orf18,C3orf18,,C3orf18,GATB,C3orf18,C3orf18,C3orf18,,C3orf18,C3orf18,,,,C3orf18,C3orf18,C3orf18,,,C3orf18,,,C3orf18,,C3orf18,C3orf18,,C3orf18,C3orf18,C3orf18,,,C3orf18,,C3orf18,C3orf18,C3orf18,C3orf18,,C3orf18,C3orf18,C3orf18,,,C3orf18,,,C3orf18,,C3orf18,,C3orf18,C3orf18,,C3orf18,C3orf18
COQ9,,COQ9,,COQ9,,,,COQ9,,COQ9,,,,,AMH,,BTN3A3,,,,,,,COQ9,,COQ9,COQ9,,COQ9,,COQ9,COQ9,,COQ9,COQ9,,COQ9,COQ9,COQ9,,COQ9,COQ9,COQ9,COQ9,COQ9,,COQ9,GATB,COQ9,COQ9,COQ9,,COQ9,COQ9,,,,COQ9,COQ9,COQ9,,,COQ9,,,COQ9,,COQ9,COQ9,,COQ9,COQ9,COQ9,,,COQ9,,COQ9,COQ9,COQ9,COQ9,,COQ9,COQ9,COQ9,,,COQ9,,,COQ9,,COQ9,,COQ9,COQ9,,COQ9,COQ9
TMEM40,,TMEM40,,TMEM40,,,,TMEM40,,TMEM40,,,,,DKKL1,,AHR,,,,,,,TMEM40,,TMEM40,TMEM40,,TMEM40,,TMEM40,TMEM40,,TMEM40,TMEM40,,TMEM40,TMEM40,TMEM40,,TMEM40,TMEM40,TMEM40,TMEM40,TMEM40,,TMEM40,GATB,TMEM40,TMEM40,TMEM40,,TMEM40,TMEM40,,,,TMEM40,TMEM40,TMEM40,,,TMEM40,,,TMEM40,,TMEM40,TMEM40,,TMEM40,TMEM40,TMEM40,,,TMEM40,,TMEM40,TMEM40,TMEM40,TMEM40,,TMEM40,TMEM40,TMEM40,,,TMEM40,,,TMEM40,,TMEM40,,TMEM40,TMEM40,,TMEM40,TMEM40
KIF9,,KIF9,,KIF9,,,,KIF9,,KIF9,,,,,LYL1,,IL12RB1,,,,,,,KIF9,,KIF9,KIF9,,KIF9,,KIF9,KIF9,,KIF9,KIF9,,KIF9,KIF9,KIF9,,KIF9,KIF9,KIF9,KIF9,KIF9,,KIF9,GATB,KIF9,KIF9,KIF9,,KIF9,KIF9,,,,KIF9,KIF9,KIF9,,,KIF9,,,KIF9,,KIF9,KIF9,,KIF9,KIF9,KIF9,,,KIF9,,KIF9,KIF9,KIF9,KIF9,,KIF9,KIF9,KIF9,,,KIF9,,,KIF9,,KIF9,,KIF9,KIF9,,KIF9,KIF9
ARHGAP28,,ARHGAP28,,ARHGAP28,,,,ARHGAP28,,ARHGAP28,,,,,OAZ1,,CXCL6,,,,,,,ARHGAP28,,ARHGAP28,ARHGAP28,,ARHGAP28,,ARHGAP28,ARHGAP28,,ARHGAP28,ARHGAP28,,ARHGAP28,ARHGAP28,ARHGAP28,,ARHGAP28,ARHGAP28,ARHGAP28,ARHGAP28,ARHGAP28,,ARHGAP28,GATB,ARHGAP28,ARHGAP28,ARHGAP28,,ARHGAP28,ARHGAP28,,,,ARHGAP28,ARHGAP28,ARHGAP28,,,ARHGAP28,,,ARHGAP28,,ARHGAP28,ARHGAP28,,ARHGAP28,ARHGAP28,ARHGAP28,,,ARHGAP28,,ARHGAP28,ARHGAP28,ARHGAP28,ARHGAP28,,ARHGAP28,ARHGAP28,ARHGAP28,,,ARHGAP28,,,ARHGAP28,,ARHGAP28,,ARHGAP28,ARHGAP28,,ARHGAP28,ARHGAP28
CRLS1,,CRLS1,,CRLS1,,,,CRLS1,,CRLS1,,,,,TRMT1,,LGALS8,,,,,,,CRLS1,,CRLS1,CRLS1,,CRLS1,,CRLS1,CRLS1,,CRLS1,CRLS1,,CRLS1,CRLS1,CRLS1,,CRLS1,CRLS1,CRLS1,CRLS1,CRLS1,,CRLS1,GATB,CRLS1,CRLS1,CRLS1,,CRLS1,CRLS1,,,,CRLS1,CRLS1,CRLS1,,,CRLS1,,,CRLS1,,CRLS1,CRLS1,,CRLS1,CRLS1,CRLS1,,,CRLS1,,CRLS1,CRLS1,CRLS1,CRLS1,,CRLS1,CRLS1,CRLS1,,,CRLS1,,,CRLS1,,CRLS1,,CRLS1,CRLS1,,CRLS1,CRLS1
DEFB127,,DEFB127,,DEFB127,,,,DEFB127,,DEFB127,,,,,STX10,,NFIX,,,,,,,DEFB127,,DEFB127,DEFB127,,DEFB127,,DEFB127,DEFB127,,DEFB127,DEFB127,,DEFB127,DEFB127,DEFB127,,DEFB127,DEFB127,DEFB127,DEFB127,DEFB127,,DEFB127,GATB,DEFB127,DEFB127,DEFB127,,DEFB127,DEFB127,,,,DEFB127,DEFB127,DEFB127,,,DEFB127,,,DEFB127,,DEFB127,DEFB127,,DEFB127,DEFB127,DEFB127,,,DEFB127,,DEFB127,DEFB127,DEFB127,DEFB127,,DEFB127,DEFB127,DEFB127,,,DEFB127,,,DEFB127,,DEFB127,,DEFB127,DEFB127,,DEFB127,DEFB127
PPP1R13B,,PPP1R13B,,PPP1R13B,,,,PPP1R13B,,PPP1R13B,,,,,RETN,,SERPINB1,,,,,,,PPP1R13B,,PPP1R13B,PPP1R13B,,PPP1R13B,,PPP1R13B,PPP1R13B,,PPP1R13B,PPP1R13B,,PPP1R13B,PPP1R13B,PPP1R13B,,PPP1R13B,PPP1R13B,PPP1R13B,PPP1R13B,PPP1R13B,,PPP1R13B,GATB,PPP1R13B,PPP1R13B,PPP1R13B,,PPP1R13B,PPP1R13B,,,,PPP1R13B,PPP1R13B,PPP1R13B,,,PPP1R13B,,,PPP1R13B,,PPP1R13B,PPP1R13B,,PPP1R13B,PPP1R13B,PPP1R13B,,,PPP1R13B,,PPP1R13B,PPP1R13B,PPP1R13B,PPP1R13B,,PPP1R13B,PPP1R13B,PPP1R13B,,,PPP1R13B,,,PPP1R13B,,PPP1R13B,,PPP1R13B,PPP1R13B,,PPP1R13B,PPP1R13B
ATRN,,ATRN,,ATRN,,,,ATRN,,ATRN,,,,,FCER2,,AQR,,,,,,,ATRN,,ATRN,ATRN,,ATRN,,ATRN,ATRN,,ATRN,ATRN,,ATRN,ATRN,ATRN,,ATRN,ATRN,ATRN,ATRN,ATRN,,ATRN,GATB,ATRN,ATRN,ATRN,,ATRN,ATRN,,,,ATRN,ATRN,ATRN,,,ATRN,,,ATRN,,ATRN,ATRN,,ATRN,ATRN,ATRN,,,ATRN,,ATRN,ATRN,ATRN,ATRN,,ATRN,ATRN,ATRN,,,ATRN,,,ATRN,,ATRN,,ATRN,ATRN,,ATRN,ATRN
SMOX,,SMOX,,SMOX,,,,SMOX,,SMOX,,,,,DMPK,,VEZT,,,,,,,SMOX,,SMOX,SMOX,,SMOX,,SMOX,SMOX,,SMOX,SMOX,,SMOX,SMOX,SMOX,,SMOX,SMOX,SMOX,SMOX,SMOX,,SMOX,GATB,SMOX,SMOX,SMOX,,SMOX,SMOX,,,,SMOX,SMOX,SMOX,,,SMOX,,,SMOX,,SMOX,SMOX,,SMOX,SMOX,SMOX,,,SMOX,,SMOX,SMOX,SMOX,SMOX,,SMOX,SMOX,SMOX,,,SMOX,,,SMOX,,SMOX,,SMOX,SMOX,,SMOX,SMOX
SIGLEC1,,SIGLEC1,,SIGLEC1,,,,SIGLEC1,,SIGLEC1,,,,,CLEC4M,,RUNX3,,,,,,,SIGLEC1,,SIGLEC1,SIGLEC1,,SIGLEC1,,SIGLEC1,SIGLEC1,,SIGLEC1,SIGLEC1,,SIGLEC1,SIGLEC1,SIGLEC1,,SIGLEC1,SIGLEC1,SIGLEC1,SIGLEC1,SIGLEC1,,SIGLEC1,GATB,SIGLEC1,SIGLEC1,SIGLEC1,,SIGLEC1,SIGLEC1,,,,SIGLEC1,SIGLEC1,SIGLEC1,,,SIGLEC1,,,SIGLEC1,,SIGLEC1,SIGLEC1,,SIGLEC1,SIGLEC1,SIGLEC1,,,SIGLEC1,,SIGLEC1,SIGLEC1,SIGLEC1,SIGLEC1,,SIGLEC1,SIGLEC1,SIGLEC1,,,SIGLEC1,,,SIGLEC1,,SIGLEC1,,SIGLEC1,SIGLEC1,,SIGLEC1,SIGLEC1
FKBP1A,,FKBP1A,,FKBP1A,,,,FKBP1A,,FKBP1A,,,,,RSPH6A,,ICA1,,,,,,,FKBP1A,,FKBP1A,FKBP1A,,FKBP1A,,FKBP1A,FKBP1A,,FKBP1A,FKBP1A,,FKBP1A,FKBP1A,FKBP1A,,FKBP1A,FKBP1A,FKBP1A,FKBP1A,FKBP1A,,FKBP1A,GATB,FKBP1A,FKBP1A,FKBP1A,,FKBP1A,FKBP1A,,,,FKBP1A,FKBP1A,FKBP1A,,,FKBP1A,,,FKBP1A,,FKBP1A,FKBP1A,,FKBP1A,FKBP1A,FKBP1A,,,FKBP1A,,FKBP1A,FKBP1A,FKBP1A,FKBP1A,,FKBP1A,FKBP1A,FKBP1A,,,FKBP1A,,,FKBP1A,,FKBP1A,,FKBP1A,FKBP1A,,FKBP1A,FKBP1A
NSFL1C,,NSFL1C,,NSFL1C,,,,NSFL1C,,NSFL1C,,,,,TBC1D17,,SLC4A1,,,,,,,NSFL1C,,NSFL1C,NSFL1C,,NSFL1C,,NSFL1C,NSFL1C,,NSFL1C,NSFL1C,,NSFL1C,NSFL1C,NSFL1C,,NSFL1C,NSFL1C,NSFL1C,NSFL1C,NSFL1C,,NSFL1C,GATB,NSFL1C,NSFL1C,NSFL1C,,NSFL1C,NSFL1C,,,,NSFL1C,NSFL1C,NSFL1C,,,NSFL1C,,,NSFL1C,,NSFL1C,NSFL1C,,NSFL1C,NSFL1C,NSFL1C,,,NSFL1C,,NSFL1C,NSFL1C,NSFL1C,NSFL1C,,NSFL1C,NSFL1C,NSFL1C,,,NSFL1C,,,NSFL1C,,NSFL1C,,NSFL1C,NSFL1C,,NSFL1C,NSFL1C
SLC4A11,,SLC4A11,,SLC4A11,,,,SLC4A11,,SLC4A11,,,,,IL4I1,,RHOBTB2,,,,,,,SLC4A11,,SLC4A11,SLC4A11,,SLC4A11,,SLC4A11,SLC4A11,,SLC4A11,SLC4A11,,SLC4A11,SLC4A11,SLC4A11,,SLC4A11,SLC4A11,SLC4A11,SLC4A11,SLC4A11,,SLC4A11,GATB,SLC4A11,SLC4A11,SLC4A11,,SLC4A11,SLC4A11,,,,SLC4A11,SLC4A11,SLC4A11,,,SLC4A11,,,SLC4A11,,SLC4A11,SLC4A11,,SLC4A11,SLC4A11,SLC4A11,,,SLC4A11,,SLC4A11,SLC4A11,SLC4A11,SLC4A11,,SLC4A11,SLC4A11,SLC4A11,,,SLC4A11,,,SLC4A11,,SLC4A11,,SLC4A11,SLC4A11,,SLC4A11,SLC4A11
C20orf194,,C20orf194,,C20orf194,,,,C20orf194,,C20orf194,,,,,TLE6,,TRAF3IP3,,,,,,,C20orf194,,C20orf194,C20orf194,,C20orf194,,C20orf194,C20orf194,,C20orf194,C20orf194,,C20orf194,C20orf194,C20orf194,,C20orf194,C20orf194,C20orf194,C20orf194,C20orf194,,C20orf194,GATB,C20orf194,C20orf194,C20orf194,,C20orf194,C20orf194,,,,C20orf194,C20orf194,C20orf194,,,C20orf194,,,C20orf194,,C20orf194,C20orf194,,C20orf194,C20orf194,C20orf194,,,C20orf194,,C20orf194,C20orf194,C20orf194,C20orf194,,C20orf194,C20orf194,C20orf194,,,C20orf194,,,C20orf194,,C20orf194,,C20orf194,C20orf194,,C20orf194,C20orf194
ZNF343,,ZNF343,,ZNF343,,,,ZNF343,,ZNF343,,,,,CCDC130,,LYZL1,,,,,,,ZNF343,,ZNF343,ZNF343,,ZNF343,,ZNF343,ZNF343,,ZNF343,ZNF343,,ZNF343,ZNF343,ZNF343,,ZNF343,ZNF343,ZNF343,ZNF343,ZNF343,,ZNF343,GATB,ZNF343,ZNF343,ZNF343,,ZNF343,ZNF343,,,,ZNF343,ZNF343,ZNF343,,,ZNF343,,,ZNF343,,ZNF343,ZNF343,,ZNF343,ZNF343,ZNF343,,,ZNF343,,ZNF343,ZNF343,ZNF343,ZNF343,,ZNF343,ZNF343,ZNF343,,,ZNF343,,,ZNF343,,ZNF343,,ZNF343,ZNF343,,ZNF343,ZNF343
EBF4,,EBF4,,EBF4,,,,EBF4,,EBF4,,,,,PTOV1,,CD86,,,,,,,EBF4,,EBF4,EBF4,,EBF4,,EBF4,EBF4,,EBF4,EBF4,,EBF4,EBF4,EBF4,,EBF4,EBF4,EBF4,EBF4,EBF4,,EBF4,GATB,EBF4,EBF4,EBF4,,EBF4,EBF4,,,,EBF4,EBF4,EBF4,,,EBF4,,,EBF4,,EBF4,EBF4,,EBF4,EBF4,EBF4,,,EBF4,,EBF4,EBF4,EBF4,EBF4,,EBF4,EBF4,EBF4,,,EBF4,,,EBF4,,EBF4,,EBF4,EBF4,,EBF4,EBF4
CPXM1,,CPXM1,,CPXM1,,,,CPXM1,,CPXM1,,,,,TLE5,,TRAF3,,,,,,,CPXM1,,CPXM1,CPXM1,,CPXM1,,CPXM1,CPXM1,,CPXM1,CPXM1,,CPXM1,CPXM1,CPXM1,,CPXM1,CPXM1,CPXM1,CPXM1,CPXM1,,CPXM1,GATB,CPXM1,CPXM1,CPXM1,,CPXM1,CPXM1,,,,CPXM1,CPXM1,CPXM1,,,CPXM1,,,CPXM1,,CPXM1,CPXM1,,CPXM1,CPXM1,CPXM1,,,CPXM1,,CPXM1,CPXM1,CPXM1,CPXM1,,CPXM1,CPXM1,CPXM1,,,CPXM1,,,CPXM1,,CPXM1,,CPXM1,CPXM1,,CPXM1,CPXM1
MAVS,,MAVS,,MAVS,,,,MAVS,,MAVS,,,,,NOVA2,,LUC7L,,,,,,,MAVS,,MAVS,MAVS,,MAVS,,MAVS,MAVS,,MAVS,MAVS,,MAVS,MAVS,MAVS,,MAVS,MAVS,MAVS,MAVS,MAVS,,MAVS,GATB,MAVS,MAVS,MAVS,,MAVS,MAVS,,,,MAVS,MAVS,MAVS,,,MAVS,,,MAVS,,MAVS,MAVS,,MAVS,MAVS,MAVS,,,MAVS,,MAVS,MAVS,MAVS,MAVS,,MAVS,MAVS,MAVS,,,MAVS,,,MAVS,,MAVS,,MAVS,MAVS,,MAVS,MAVS
LZTS3,,LZTS3,,LZTS3,,,,LZTS3,,LZTS3,,,,,SGTA,,SERPINB3,,,,,,,LZTS3,,LZTS3,LZTS3,,LZTS3,,LZTS3,LZTS3,,LZTS3,LZTS3,,LZTS3,LZTS3,LZTS3,,LZTS3,LZTS3,LZTS3,LZTS3,LZTS3,,LZTS3,GATB,LZTS3,LZTS3,LZTS3,,LZTS3,LZTS3,,,,LZTS3,LZTS3,LZTS3,,,LZTS3,,,LZTS3,,LZTS3,LZTS3,,LZTS3,LZTS3,LZTS3,,,LZTS3,,LZTS3,LZTS3,LZTS3,LZTS3,,LZTS3,LZTS3,LZTS3,,,LZTS3,,,LZTS3,,LZTS3,,LZTS3,LZTS3,,LZTS3,LZTS3
F11,,F11,,F11,,,,F11,,F11,,,,,KIR3DX1,,AASS,,,,,,,F11,,F11,F11,,F11,,F11,F11,,F11,F11,,F11,F11,F11,,F11,F11,F11,F11,F11,,F11,GATB,F11,F11,F11,,F11,F11,,,,F11,F11,F11,,,F11,,,F11,,F11,F11,,F11,F11,F11,,,F11,,F11,F11,F11,F11,,F11,F11,F11,,,F11,,,F11,,F11,,F11,F11,,F11,F11
XRN2,,XRN2,,XRN2,,,,XRN2,,XRN2,,,,,LILRB1,,ICAM2,,,,,,,XRN2,,XRN2,XRN2,,XRN2,,XRN2,XRN2,,XRN2,XRN2,,XRN2,XRN2,XRN2,,XRN2,XRN2,XRN2,XRN2,XRN2,,XRN2,GATB,XRN2,XRN2,XRN2,,XRN2,XRN2,,,,XRN2,XRN2,XRN2,,,XRN2,,,XRN2,,XRN2,XRN2,,XRN2,XRN2,XRN2,,,XRN2,,XRN2,XRN2,XRN2,XRN2,,XRN2,XRN2,XRN2,,,XRN2,,,XRN2,,XRN2,,XRN2,XRN2,,XRN2,XRN2
KIZ,,KIZ,,KIZ,,,,KIZ,,KIZ,,,,,MED25,,CD33,,,,,,,KIZ,,KIZ,KIZ,,KIZ,,KIZ,KIZ,,KIZ,KIZ,,KIZ,KIZ,KIZ,,KIZ,KIZ,KIZ,KIZ,KIZ,,KIZ,GATB,KIZ,KIZ,KIZ,,KIZ,KIZ,,,,KIZ,KIZ,KIZ,,,KIZ,,,KIZ,,KIZ,KIZ,,KIZ,KIZ,KIZ,,,KIZ,,KIZ,KIZ,KIZ,KIZ,,KIZ,KIZ,KIZ,,,KIZ,,,KIZ,,KIZ,,KIZ,KIZ,,KIZ,KIZ
DYNLL1,,DYNLL1,,DYNLL1,,,,DYNLL1,,DYNLL1,,,,,LILRA1,,TFEC,,,,,,,DYNLL1,,DYNLL1,DYNLL1,,DYNLL1,,DYNLL1,DYNLL1,,DYNLL1,DYNLL1,,DYNLL1,DYNLL1,DYNLL1,,DYNLL1,DYNLL1,DYNLL1,DYNLL1,DYNLL1,,DYNLL1,GATB,DYNLL1,DYNLL1,DYNLL1,,DYNLL1,DYNLL1,,,,DYNLL1,DYNLL1,DYNLL1,,,DYNLL1,,,DYNLL1,,DYNLL1,DYNLL1,,DYNLL1,DYNLL1,DYNLL1,,,DYNLL1,,DYNLL1,DYNLL1,DYNLL1,DYNLL1,,DYNLL1,DYNLL1,DYNLL1,,,DYNLL1,,,DYNLL1,,DYNLL1,,DYNLL1,DYNLL1,,DYNLL1,DYNLL1
TESC,,TESC,,TESC,,,,TESC,,TESC,,,,,SNAPC2,,LILRB5,,,,,,,TESC,,TESC,TESC,,TESC,,TESC,TESC,,TESC,TESC,,TESC,TESC,TESC,,TESC,TESC,TESC,TESC,TESC,,TESC,GATB,TESC,TESC,TESC,,TESC,TESC,,,,TESC,TESC,TESC,,,TESC,,,TESC,,TESC,TESC,,TESC,TESC,TESC,,,TESC,,TESC,TESC,TESC,TESC,,TESC,TESC,TESC,,,TESC,,,TESC,,TESC,,TESC,TESC,,TESC,TESC
SNX5,,SNX5,,SNX5,,,,SNX5,,SNX5,,,,,C19orf53,,RUNX1T1,,,,,,,SNX5,,SNX5,SNX5,,SNX5,,SNX5,SNX5,,SNX5,SNX5,,SNX5,SNX5,SNX5,,SNX5,SNX5,SNX5,SNX5,SNX5,,SNX5,GATB,SNX5,SNX5,SNX5,,SNX5,SNX5,,,,SNX5,SNX5,SNX5,,,SNX5,,,SNX5,,SNX5,SNX5,,SNX5,SNX5,SNX5,,,SNX5,,SNX5,SNX5,SNX5,SNX5,,SNX5,SNX5,SNX5,,,SNX5,,,SNX5,,SNX5,,SNX5,SNX5,,SNX5,SNX5
SIRPG,,SIRPG,,SIRPG,,,,SIRPG,,SIRPG,,,,,TIMM44,,VEZT,,,,,,,SIRPG,,SIRPG,SIRPG,,SIRPG,,SIRPG,SIRPG,,SIRPG,SIRPG,,SIRPG,SIRPG,SIRPG,,SIRPG,SIRPG,SIRPG,SIRPG,SIRPG,,SIRPG,GATB,SIRPG,SIRPG,SIRPG,,SIRPG,SIRPG,,,,SIRPG,SIRPG,SIRPG,,,SIRPG,,,SIRPG,,SIRPG,SIRPG,,SIRPG,SIRPG,SIRPG,,,SIRPG,,SIRPG,SIRPG,SIRPG,SIRPG,,SIRPG,SIRPG,SIRPG,,,SIRPG,,,SIRPG,,SIRPG,,SIRPG,SIRPG,,SIRPG,SIRPG
MAPKAPK5,,MAPKAPK5,,MAPKAPK5,,,,MAPKAPK5,,MAPKAPK5,,,,,CCDC61,,KYNU,,,,,,,MAPKAPK5,,MAPKAPK5,MAPKAPK5,,MAPKAPK5,,MAPKAPK5,MAPKAPK5,,MAPKAPK5,MAPKAPK5,,MAPKAPK5,MAPKAPK5,MAPKAPK5,,MAPKAPK5,MAPKAPK5,MAPKAPK5,MAPKAPK5,MAPKAPK5,,MAPKAPK5,GATB,MAPKAPK5,MAPKAPK5,MAPKAPK5,,MAPKAPK5,MAPKAPK5,,,,MAPKAPK5,MAPKAPK5,MAPKAPK5,,,MAPKAPK5,,,MAPKAPK5,,MAPKAPK5,MAPKAPK5,,MAPKAPK5,MAPKAPK5,MAPKAPK5,,,MAPKAPK5,,MAPKAPK5,MAPKAPK5,MAPKAPK5,MAPKAPK5,,MAPKAPK5,MAPKAPK5,MAPKAPK5,,,MAPKAPK5,,,MAPKAPK5,,MAPKAPK5,,MAPKAPK5,MAPKAPK5,,MAPKAPK5,MAPKAPK5
P2RX7,,P2RX7,,P2RX7,,,,P2RX7,,P2RX7,,,,,IL27RA,,RUNX3,,,,,,,P2RX7,,P2RX7,P2RX7,,P2RX7,,P2RX7,P2RX7,,P2RX7,P2RX7,,P2RX7,P2RX7,P2RX7,,P2RX7,P2RX7,P2RX7,P2RX7,P2RX7,,P2RX7,GATB,P2RX7,P2RX7,P2RX7,,P2RX7,P2RX7,,,,P2RX7,P2RX7,P2RX7,,,P2RX7,,,P2RX7,,P2RX7,P2RX7,,P2RX7,P2RX7,P2RX7,,,P2RX7,,P2RX7,P2RX7,P2RX7,P2RX7,,P2RX7,P2RX7,P2RX7,,,P2RX7,,,P2RX7,,P2RX7,,P2RX7,P2RX7,,P2RX7,P2RX7
ESF1,,ESF1,,ESF1,,,,ESF1,,ESF1,,,,,ASF1B,,SLC7A14,,,,,,,ESF1,,ESF1,ESF1,,ESF1,,ESF1,ESF1,,ESF1,ESF1,,ESF1,ESF1,ESF1,,ESF1,ESF1,ESF1,ESF1,ESF1,,ESF1,GATB,ESF1,ESF1,ESF1,,ESF1,ESF1,,,,ESF1,ESF1,ESF1,,,ESF1,,,ESF1,,ESF1,ESF1,,ESF1,ESF1,ESF1,,,ESF1,,ESF1,ESF1,ESF1,ESF1,,ESF1,ESF1,ESF1,,,ESF1,,,ESF1,,ESF1,,ESF1,ESF1,,ESF1,ESF1
RBBP9,,RBBP9,,RBBP9,,,,RBBP9,,RBBP9,,,,,TNNT1,,IL12RB1,,,,,,,RBBP9,,RBBP9,RBBP9,,RBBP9,,RBBP9,RBBP9,,RBBP9,RBBP9,,RBBP9,RBBP9,RBBP9,,RBBP9,RBBP9,RBBP9,RBBP9,RBBP9,,RBBP9,GATB,RBBP9,RBBP9,RBBP9,,RBBP9,RBBP9,,,,RBBP9,RBBP9,RBBP9,,,RBBP9,,,RBBP9,,RBBP9,RBBP9,,RBBP9,RBBP9,RBBP9,,,RBBP9,,RBBP9,RBBP9,RBBP9,RBBP9,,RBBP9,RBBP9,RBBP9,,,RBBP9,,,RBBP9,,RBBP9,,RBBP9,RBBP9,,RBBP9,RBBP9
ANAPC5,,ANAPC5,,ANAPC5,,,,ANAPC5,,ANAPC5,,,,,VRK3,,BTN3A1,,,,,,,ANAPC5,,ANAPC5,ANAPC5,,ANAPC5,,ANAPC5,ANAPC5,,ANAPC5,ANAPC5,,ANAPC5,ANAPC5,ANAPC5,,ANAPC5,ANAPC5,ANAPC5,ANAPC5,ANAPC5,,ANAPC5,GATB,ANAPC5,ANAPC5,ANAPC5,,ANAPC5,ANAPC5,,,,ANAPC5,ANAPC5,ANAPC5,,,ANAPC5,,,ANAPC5,,ANAPC5,ANAPC5,,ANAPC5,ANAPC5,ANAPC5,,,ANAPC5,,ANAPC5,ANAPC5,ANAPC5,ANAPC5,,ANAPC5,ANAPC5,ANAPC5,,,ANAPC5,,,ANAPC5,,ANAPC5,,ANAPC5,ANAPC5,,ANAPC5,ANAPC5
SLC23A2,,SLC23A2,,SLC23A2,,,,SLC23A2,,SLC23A2,,,,,FAM32A,,RHOBTB1,,,,,,,SLC23A2,,SLC23A2,SLC23A2,,SLC23A2,,SLC23A2,SLC23A2,,SLC23A2,SLC23A2,,SLC23A2,SLC23A2,SLC23A2,,SLC23A2,SLC23A2,SLC23A2,SLC23A2,SLC23A2,,SLC23A2,GATB,SLC23A2,SLC23A2,SLC23A2,,SLC23A2,SLC23A2,,,,SLC23A2,SLC23A2,SLC23A2,,,SLC23A2,,,SLC23A2,,SLC23A2,SLC23A2,,SLC23A2,SLC23A2,SLC23A2,,,SLC23A2,,SLC23A2,SLC23A2,SLC23A2,SLC23A2,,SLC23A2,SLC23A2,SLC23A2,,,SLC23A2,,,SLC23A2,,SLC23A2,,SLC23A2,SLC23A2,,SLC23A2,SLC23A2
SLC8B1,,SLC8B1,,SLC8B1,,,,SLC8B1,,SLC8B1,,,,,PPP6R1,,TFEC,,,,,,,SLC8B1,,SLC8B1,SLC8B1,,SLC8B1,,SLC8B1,SLC8B1,,SLC8B1,SLC8B1,,SLC8B1,SLC8B1,SLC8B1,,SLC8B1,SLC8B1,SLC8B1,SLC8B1,SLC8B1,,SLC8B1,GATB,SLC8B1,SLC8B1,SLC8B1,,SLC8B1,SLC8B1,,,,SLC8B1,SLC8B1,SLC8B1,,,SLC8B1,,,SLC8B1,,SLC8B1,SLC8B1,,SLC8B1,SLC8B1,SLC8B1,,,SLC8B1,,SLC8B1,SLC8B1,SLC8B1,SLC8B1,,SLC8B1,SLC8B1,SLC8B1,,,SLC8B1,,,SLC8B1,,SLC8B1,,SLC8B1,SLC8B1,,SLC8B1,SLC8B1
TMEM230,,TMEM230,,TMEM230,,,,TMEM230,,TMEM230,,,,,C19orf44,,SLC4A7,,,,,,,TMEM230,,TMEM230,TMEM230,,TMEM230,,TMEM230,TMEM230,,TMEM230,TMEM230,,TMEM230,TMEM230,TMEM230,,TMEM230,TMEM230,TMEM230,TMEM230,TMEM230,,TMEM230,GATB,TMEM230,TMEM230,TMEM230,,TMEM230,TMEM230,,,,TMEM230,TMEM230,TMEM230,,,TMEM230,,,TMEM230,,TMEM230,TMEM230,,TMEM230,TMEM230,TMEM230,,,TMEM230,,TMEM230,TMEM230,TMEM230,TMEM230,,TMEM230,TMEM230,TMEM230,,,TMEM230,,,TMEM230,,TMEM230,,TMEM230,TMEM230,,TMEM230,TMEM230
DZANK1,,DZANK1,,DZANK1,,,,DZANK1,,DZANK1,,,,,MED26,,KYNU,,,,,,,DZANK1,,DZANK1,DZANK1,,DZANK1,,DZANK1,DZANK1,,DZANK1,DZANK1,,DZANK1,DZANK1,DZANK1,,DZANK1,DZANK1,DZANK1,DZANK1,DZANK1,,DZANK1,GATB,DZANK1,DZANK1,DZANK1,,DZANK1,DZANK1,,,,DZANK1,DZANK1,DZANK1,,,DZANK1,,,DZANK1,,DZANK1,DZANK1,,DZANK1,DZANK1,DZANK1,,,DZANK1,,DZANK1,DZANK1,DZANK1,DZANK1,,DZANK1,DZANK1,DZANK1,,,DZANK1,,,DZANK1,,DZANK1,,DZANK1,DZANK1,,DZANK1,DZANK1
KDM2B,,KDM2B,,KDM2B,,,,KDM2B,,KDM2B,,,,,OLFM2,,ICAM5,,,,,,,KDM2B,,KDM2B,KDM2B,,KDM2B,,KDM2B,KDM2B,,KDM2B,KDM2B,,KDM2B,KDM2B,KDM2B,,KDM2B,KDM2B,KDM2B,KDM2B,KDM2B,,KDM2B,GATB,KDM2B,KDM2B,KDM2B,,KDM2B,KDM2B,,,,KDM2B,KDM2B,KDM2B,,,KDM2B,,,KDM2B,,KDM2B,KDM2B,,KDM2B,KDM2B,KDM2B,,,KDM2B,,KDM2B,KDM2B,KDM2B,KDM2B,,KDM2B,KDM2B,KDM2B,,,KDM2B,,,KDM2B,,KDM2B,,KDM2B,KDM2B,,KDM2B,KDM2B
CFAP61,,CFAP61,,CFAP61,,,,CFAP61,,CFAP61,,,,,RASAL3,,TRAF3IP3,,,,,,,CFAP61,,CFAP61,CFAP61,,CFAP61,,CFAP61,CFAP61,,CFAP61,CFAP61,,CFAP61,CFAP61,CFAP61,,CFAP61,CFAP61,CFAP61,CFAP61,CFAP61,,CFAP61,GATB,CFAP61,CFAP61,CFAP61,,CFAP61,CFAP61,,,,CFAP61,CFAP61,CFAP61,,,CFAP61,,,CFAP61,,CFAP61,CFAP61,,CFAP61,CFAP61,CFAP61,,,CFAP61,,CFAP61,CFAP61,CFAP61,CFAP61,,CFAP61,CFAP61,CFAP61,,,CFAP61,,,CFAP61,,CFAP61,,CFAP61,CFAP61,,CFAP61,CFAP61
LHX5,,LHX5,,LHX5,,,,LHX5,,LHX5,,,,,AKAP8,,AQR,,,,,,,LHX5,,LHX5,LHX5,,LHX5,,LHX5,LHX5,,LHX5,LHX5,,LHX5,LHX5,LHX5,,LHX5,LHX5,LHX5,LHX5,LHX5,,LHX5,GATB,LHX5,LHX5,LHX5,,LHX5,LHX5,,,,LHX5,LHX5,LHX5,,,LHX5,,,LHX5,,LHX5,LHX5,,LHX5,LHX5,LHX5,,,LHX5,,LHX5,LHX5,LHX5,LHX5,,LHX5,LHX5,LHX5,,,LHX5,,,LHX5,,LHX5,,LHX5,LHX5,,LHX5,LHX5
TASP1,,TASP1,,TASP1,,,,TASP1,,TASP1,,,,,EPHX3,,ASB3,,,,,,,TASP1,,TASP1,TASP1,,TASP1,,TASP1,TASP1,,TASP1,TASP1,,TASP1,TASP1,TASP1,,TASP1,TASP1,TASP1,TASP1,TASP1,,TASP1,GATB,TASP1,TASP1,TASP1,,TASP1,TASP1,,,,TASP1,TASP1,TASP1,,,TASP1,,,TASP1,,TASP1,TASP1,,TASP1,TASP1,TASP1,,,TASP1,,TASP1,TASP1,TASP1,TASP1,,TASP1,TASP1,TASP1,,,TASP1,,,TASP1,,TASP1,,TASP1,TASP1,,TASP1,TASP1
OAS1,,OAS1,,OAS1,,,,OAS1,,OAS1,,,,,ILVBL,,LGALS1,,,,,,,OAS1,,OAS1,OAS1,,OAS1,,OAS1,OAS1,,OAS1,OAS1,,OAS1,OAS1,OAS1,,OAS1,OAS1,OAS1,OAS1,OAS1,,OAS1,GATB,OAS1,OAS1,OAS1,,OAS1,OAS1,,,,OAS1,OAS1,OAS1,,,OAS1,,,OAS1,,OAS1,OAS1,,OAS1,OAS1,OAS1,,,OAS1,,OAS1,OAS1,OAS1,OAS1,,OAS1,OAS1,OAS1,,,OAS1,,,OAS1,,OAS1,,OAS1,OAS1,,OAS1,OAS1
GCN1,,GCN1,,GCN1,,,,GCN1,,GCN1,,,,,ZNF419,,LUC7L,,,,,,,GCN1,,GCN1,GCN1,,GCN1,,GCN1,GCN1,,GCN1,GCN1,,GCN1,GCN1,GCN1,,GCN1,GCN1,GCN1,GCN1,GCN1,,GCN1,GATB,GCN1,GCN1,GCN1,,GCN1,GCN1,,,,GCN1,GCN1,GCN1,,,GCN1,,,GCN1,,GCN1,GCN1,,GCN1,GCN1,GCN1,,,GCN1,,GCN1,GCN1,GCN1,GCN1,,GCN1,GCN1,GCN1,,,GCN1,,,GCN1,,GCN1,,GCN1,GCN1,,GCN1,GCN1
PXN,,PXN,,PXN,,,,PXN,,PXN,,,,,SYDE1,,CYTH3,,,,,,,PXN,,PXN,PXN,,PXN,,PXN,PXN,,PXN,PXN,,PXN,PXN,PXN,,PXN,PXN,PXN,PXN,PXN,,PXN,GATB,PXN,PXN,PXN,,PXN,PXN,,,,PXN,PXN,PXN,,,PXN,,,PXN,,PXN,PXN,,PXN,PXN,PXN,,,PXN,,PXN,PXN,PXN,PXN,,PXN,PXN,PXN,,,PXN,,,PXN,,PXN,,PXN,PXN,,PXN,PXN
SIRT4,,SIRT4,,SIRT4,,,,SIRT4,,SIRT4,,,,,CASP14,,ICA1,,,,,,,SIRT4,,SIRT4,SIRT4,,SIRT4,,SIRT4,SIRT4,,SIRT4,SIRT4,,SIRT4,SIRT4,SIRT4,,SIRT4,SIRT4,SIRT4,SIRT4,SIRT4,,SIRT4,GATB,SIRT4,SIRT4,SIRT4,,SIRT4,SIRT4,,,,SIRT4,SIRT4,SIRT4,,,SIRT4,,,SIRT4,,SIRT4,SIRT4,,SIRT4,SIRT4,SIRT4,,,SIRT4,,SIRT4,SIRT4,SIRT4,SIRT4,,SIRT4,SIRT4,SIRT4,,,SIRT4,,,SIRT4,,SIRT4,,SIRT4,SIRT4,,SIRT4,SIRT4
RPH3A,,RPH3A,,RPH3A,,,,RPH3A,,RPH3A,,,,,SLC1A6,,KYNU,,,,,,,RPH3A,,RPH3A,RPH3A,,RPH3A,,RPH3A,RPH3A,,RPH3A,RPH3A,,RPH3A,RPH3A,RPH3A,,RPH3A,RPH3A,RPH3A,RPH3A,RPH3A,,RPH3A,GATB,RPH3A,RPH3A,RPH3A,,RPH3A,RPH3A,,,,RPH3A,RPH3A,RPH3A,,,RPH3A,,,RPH3A,,RPH3A,RPH3A,,RPH3A,RPH3A,RPH3A,,,RPH3A,,RPH3A,RPH3A,RPH3A,RPH3A,,RPH3A,RPH3A,RPH3A,,,RPH3A,,,RPH3A,,RPH3A,,RPH3A,RPH3A,,RPH3A,RPH3A
KIF16B,,KIF16B,,KIF16B,,,,KIF16B,,KIF16B,,,,,AURKC,,TFRC,,,,,,,KIF16B,,KIF16B,KIF16B,,KIF16B,,KIF16B,KIF16B,,KIF16B,KIF16B,,KIF16B,KIF16B,KIF16B,,KIF16B,KIF16B,KIF16B,KIF16B,KIF16B,,KIF16B,GATB,KIF16B,KIF16B,KIF16B,,KIF16B,KIF16B,,,,KIF16B,KIF16B,KIF16B,,,KIF16B,,,KIF16B,,KIF16B,KIF16B,,KIF16B,KIF16B,KIF16B,,,KIF16B,,KIF16B,KIF16B,KIF16B,KIF16B,,KIF16B,KIF16B,KIF16B,,,KIF16B,,,KIF16B,,KIF16B,,KIF16B,KIF16B,,KIF16B,KIF16B
TRMT6,,TRMT6,,TRMT6,,,,TRMT6,,TRMT6,,,,,POP4,,IL11,,,,,,,TRMT6,,TRMT6,TRMT6,,TRMT6,,TRMT6,TRMT6,,TRMT6,TRMT6,,TRMT6,TRMT6,TRMT6,,TRMT6,TRMT6,TRMT6,TRMT6,TRMT6,,TRMT6,GATB,TRMT6,TRMT6,TRMT6,,TRMT6,TRMT6,,,,TRMT6,TRMT6,TRMT6,,,TRMT6,,,TRMT6,,TRMT6,TRMT6,,TRMT6,TRMT6,TRMT6,,,TRMT6,,TRMT6,TRMT6,TRMT6,TRMT6,,TRMT6,TRMT6,TRMT6,,,TRMT6,,,TRMT6,,TRMT6,,TRMT6,TRMT6,,TRMT6,TRMT6
CHGB,,CHGB,,CHGB,,,,CHGB,,CHGB,,,,,CCNE1,,IL34,,,,,,,CHGB,,CHGB,CHGB,,CHGB,,CHGB,CHGB,,CHGB,CHGB,,CHGB,CHGB,CHGB,,CHGB,CHGB,CHGB,CHGB,CHGB,,CHGB,GATB,CHGB,CHGB,CHGB,,CHGB,CHGB,,,,CHGB,CHGB,CHGB,,,CHGB,,,CHGB,,CHGB,CHGB,,CHGB,CHGB,CHGB,,,CHGB,,CHGB,CHGB,CHGB,CHGB,,CHGB,CHGB,CHGB,,,CHGB,,,CHGB,,CHGB,,CHGB,CHGB,,CHGB,CHGB
PEBP1,,PEBP1,,PEBP1,,,,PEBP1,,PEBP1,,,,,URI1,,FTL,,,,,,,PEBP1,,PEBP1,PEBP1,,PEBP1,,PEBP1,PEBP1,,PEBP1,PEBP1,,PEBP1,PEBP1,PEBP1,,PEBP1,PEBP1,PEBP1,PEBP1,PEBP1,,PEBP1,GATB,PEBP1,PEBP1,PEBP1,,PEBP1,PEBP1,,,,PEBP1,PEBP1,PEBP1,,,PEBP1,,,PEBP1,,PEBP1,PEBP1,,PEBP1,PEBP1,PEBP1,,,PEBP1,,PEBP1,PEBP1,PEBP1,PEBP1,,PEBP1,PEBP1,PEBP1,,,PEBP1,,,PEBP1,,PEBP1,,PEBP1,PEBP1,,PEBP1,PEBP1
TBX5,,TBX5,,TBX5,,,,TBX5,,TBX5,,,,,PDCD5,,CD79B,,,,,,,TBX5,,TBX5,TBX5,,TBX5,,TBX5,TBX5,,TBX5,TBX5,,TBX5,TBX5,TBX5,,TBX5,TBX5,TBX5,TBX5,TBX5,,TBX5,GATB,TBX5,TBX5,TBX5,,TBX5,TBX5,,,,TBX5,TBX5,TBX5,,,TBX5,,,TBX5,,TBX5,TBX5,,TBX5,TBX5,TBX5,,,TBX5,,TBX5,TBX5,TBX5,TBX5,,TBX5,TBX5,TBX5,,,TBX5,,,TBX5,,TBX5,,TBX5,TBX5,,TBX5,TBX5
BRAP,,BRAP,,BRAP,,,,BRAP,,BRAP,,,,,ANKRD27,,LY75,,,,,,,BRAP,,BRAP,BRAP,,BRAP,,BRAP,BRAP,,BRAP,BRAP,,BRAP,BRAP,BRAP,,BRAP,BRAP,BRAP,BRAP,BRAP,,BRAP,GATB,BRAP,BRAP,BRAP,,BRAP,BRAP,,,,BRAP,BRAP,BRAP,,,BRAP,,,BRAP,,BRAP,BRAP,,BRAP,BRAP,BRAP,,,BRAP,,BRAP,BRAP,BRAP,BRAP,,BRAP,BRAP,BRAP,,,BRAP,,,BRAP,,BRAP,,BRAP,BRAP,,BRAP,BRAP
ERP29,,ERP29,,ERP29,,,,ERP29,,ERP29,,,,,TIMM50,,TFEC,,,,,,,ERP29,,ERP29,ERP29,,ERP29,,ERP29,ERP29,,ERP29,ERP29,,ERP29,ERP29,ERP29,,ERP29,ERP29,ERP29,ERP29,ERP29,,ERP29,GATB,ERP29,ERP29,ERP29,,ERP29,ERP29,,,,ERP29,ERP29,ERP29,,,ERP29,,,ERP29,,ERP29,ERP29,,ERP29,ERP29,ERP29,,,ERP29,,ERP29,ERP29,ERP29,ERP29,,ERP29,ERP29,ERP29,,,ERP29,,,ERP29,,ERP29,,ERP29,ERP29,,ERP29,ERP29
NOS1,,NOS1,,NOS1,,,,NOS1,,NOS1,,,,,LGALS13,,TFPI,,,,,,,NOS1,,NOS1,NOS1,,NOS1,,NOS1,NOS1,,NOS1,NOS1,,NOS1,NOS1,NOS1,,NOS1,NOS1,NOS1,NOS1,NOS1,,NOS1,GATB,NOS1,NOS1,NOS1,,NOS1,NOS1,,,,NOS1,NOS1,NOS1,,,NOS1,,,NOS1,,NOS1,NOS1,,NOS1,NOS1,NOS1,,,NOS1,,NOS1,NOS1,NOS1,NOS1,,NOS1,NOS1,NOS1,,,NOS1,,,NOS1,,NOS1,,NOS1,NOS1,,NOS1,NOS1
FUS,,FUS,,FUS,,,,FUS,,FUS,,,,,FBL,,PRSS8,,,,,,,FUS,,FUS,FUS,,FUS,,FUS,FUS,,FUS,FUS,,FUS,FUS,FUS,,FUS,FUS,FUS,FUS,FUS,,FUS,GATB,FUS,FUS,FUS,,FUS,FUS,,,,FUS,FUS,FUS,,,FUS,,,FUS,,FUS,FUS,,FUS,FUS,FUS,,,FUS,,FUS,FUS,FUS,FUS,,FUS,FUS,FUS,,,FUS,,,FUS,,FUS,,FUS,FUS,,FUS,FUS
FXYD5,,FXYD5,,FXYD5,,,,FXYD5,,FXYD5,,,,,DYRK1B,,IL27RA,,,,,,,FXYD5,,FXYD5,FXYD5,,FXYD5,,FXYD5,FXYD5,,FXYD5,FXYD5,,FXYD5,FXYD5,FXYD5,,FXYD5,FXYD5,FXYD5,FXYD5,FXYD5,,FXYD5,GATB,FXYD5,FXYD5,FXYD5,,FXYD5,FXYD5,,,,FXYD5,FXYD5,FXYD5,,,FXYD5,,,FXYD5,,FXYD5,FXYD5,,FXYD5,FXYD5,FXYD5,,,FXYD5,,FXYD5,FXYD5,FXYD5,FXYD5,,FXYD5,FXYD5,FXYD5,,,FXYD5,,,FXYD5,,FXYD5,,FXYD5,FXYD5,,FXYD5,FXYD5
ZNF302,,ZNF302,,ZNF302,,,,ZNF302,,ZNF302,,,,,CLC,,RBM5,,,,,,,ZNF302,,ZNF302,ZNF302,,ZNF302,,ZNF302,ZNF302,,ZNF302,ZNF302,,ZNF302,ZNF302,ZNF302,,ZNF302,ZNF302,ZNF302,ZNF302,ZNF302,,ZNF302,GATB,ZNF302,ZNF302,ZNF302,,ZNF302,ZNF302,,,,ZNF302,ZNF302,ZNF302,,,ZNF302,,,ZNF302,,ZNF302,ZNF302,,ZNF302,ZNF302,ZNF302,,,ZNF302,,ZNF302,ZNF302,ZNF302,ZNF302,,ZNF302,ZNF302,ZNF302,,,ZNF302,,,ZNF302,,ZNF302,,ZNF302,ZNF302,,ZNF302,ZNF302
GRAMD1A,,GRAMD1A,,GRAMD1A,,,,GRAMD1A,,GRAMD1A,,,,,CCNP,,LILRB4,,,,,,,GRAMD1A,,GRAMD1A,GRAMD1A,,GRAMD1A,,GRAMD1A,GRAMD1A,,GRAMD1A,GRAMD1A,,GRAMD1A,GRAMD1A,GRAMD1A,,GRAMD1A,GRAMD1A,GRAMD1A,GRAMD1A,GRAMD1A,,GRAMD1A,GATB,GRAMD1A,GRAMD1A,GRAMD1A,,GRAMD1A,GRAMD1A,,,,GRAMD1A,GRAMD1A,GRAMD1A,,,GRAMD1A,,,GRAMD1A,,GRAMD1A,GRAMD1A,,GRAMD1A,GRAMD1A,GRAMD1A,,,GRAMD1A,,GRAMD1A,GRAMD1A,GRAMD1A,GRAMD1A,,GRAMD1A,GRAMD1A,GRAMD1A,,,GRAMD1A,,,GRAMD1A,,GRAMD1A,,GRAMD1A,GRAMD1A,,GRAMD1A,GRAMD1A
FXYD3,,FXYD3,,FXYD3,,,,FXYD3,,FXYD3,,,,,GPI,,CD37,,,,,,,FXYD3,,FXYD3,FXYD3,,FXYD3,,FXYD3,FXYD3,,FXYD3,FXYD3,,FXYD3,FXYD3,FXYD3,,FXYD3,FXYD3,FXYD3,FXYD3,FXYD3,,FXYD3,GATB,FXYD3,FXYD3,FXYD3,,FXYD3,FXYD3,,,,FXYD3,FXYD3,FXYD3,,,FXYD3,,,FXYD3,,FXYD3,FXYD3,,FXYD3,FXYD3,FXYD3,,,FXYD3,,FXYD3,FXYD3,FXYD3,FXYD3,,FXYD3,FXYD3,FXYD3,,,FXYD3,,,FXYD3,,FXYD3,,FXYD3,FXYD3,,FXYD3,FXYD3
CDIP1,,CDIP1,,CDIP1,,,,CDIP1,,CDIP1,,,,,AKT2,,KYNU,,,,,,,CDIP1,,CDIP1,CDIP1,,CDIP1,,CDIP1,CDIP1,,CDIP1,CDIP1,,CDIP1,CDIP1,CDIP1,,CDIP1,CDIP1,CDIP1,CDIP1,CDIP1,,CDIP1,GATB,CDIP1,CDIP1,CDIP1,,CDIP1,CDIP1,,,,CDIP1,CDIP1,CDIP1,,,CDIP1,,,CDIP1,,CDIP1,CDIP1,,CDIP1,CDIP1,CDIP1,,,CDIP1,,CDIP1,CDIP1,CDIP1,CDIP1,,CDIP1,CDIP1,CDIP1,,,CDIP1,,,CDIP1,,CDIP1,,CDIP1,CDIP1,,CDIP1,CDIP1
CMTM1,,CMTM1,,CMTM1,,,,CMTM1,,CMTM1,,,,,PLD3,,TFRC,,,,,,,CMTM1,,CMTM1,CMTM1,,CMTM1,,CMTM1,CMTM1,,CMTM1,CMTM1,,CMTM1,CMTM1,CMTM1,,CMTM1,CMTM1,CMTM1,CMTM1,CMTM1,,CMTM1,GATB,CMTM1,CMTM1,CMTM1,,CMTM1,CMTM1,,,,CMTM1,CMTM1,CMTM1,,,CMTM1,,,CMTM1,,CMTM1,CMTM1,,CMTM1,CMTM1,CMTM1,,,CMTM1,,CMTM1,CMTM1,CMTM1,CMTM1,,CMTM1,CMTM1,CMTM1,,,CMTM1,,,CMTM1,,CMTM1,,CMTM1,CMTM1,,CMTM1,CMTM1
KCNH4,,KCNH4,,KCNH4,,,,KCNH4,,KCNH4,,,,,PRX,,ASB3,,,,,,,KCNH4,,KCNH4,KCNH4,,KCNH4,,KCNH4,KCNH4,,KCNH4,KCNH4,,KCNH4,KCNH4,KCNH4,,KCNH4,KCNH4,KCNH4,KCNH4,KCNH4,,KCNH4,GATB,KCNH4,KCNH4,KCNH4,,KCNH4,KCNH4,,,,KCNH4,KCNH4,KCNH4,,,KCNH4,,,KCNH4,,KCNH4,KCNH4,,KCNH4,KCNH4,KCNH4,,,KCNH4,,KCNH4,KCNH4,KCNH4,KCNH4,,KCNH4,KCNH4,KCNH4,,,KCNH4,,,KCNH4,,KCNH4,,KCNH4,KCNH4,,KCNH4,KCNH4
GANAB,,GANAB,,GANAB,,,,GANAB,,GANAB,,,,,PIAS4,,ANGPT2,,,,,,,GANAB,,GANAB,GANAB,,GANAB,,GANAB,GANAB,,GANAB,GANAB,,GANAB,GANAB,GANAB,,GANAB,GANAB,GANAB,GANAB,GANAB,,GANAB,GATB,GANAB,GANAB,GANAB,,GANAB,GANAB,,,,GANAB,GANAB,GANAB,,,GANAB,,,GANAB,,GANAB,GANAB,,GANAB,GANAB,GANAB,,,GANAB,,GANAB,GANAB,GANAB,GANAB,,GANAB,GANAB,GANAB,,,GANAB,,,GANAB,,GANAB,,GANAB,GANAB,,GANAB,GANAB
GMIP,,GMIP,,GMIP,,,,GMIP,,GMIP,,,,,NUMBL,,LYZL1,,,,,,,GMIP,,GMIP,GMIP,,GMIP,,GMIP,GMIP,,GMIP,GMIP,,GMIP,GMIP,GMIP,,GMIP,GMIP,GMIP,GMIP,GMIP,,GMIP,GATB,GMIP,GMIP,GMIP,,GMIP,GMIP,,,,GMIP,GMIP,GMIP,,,GMIP,,,GMIP,,GMIP,GMIP,,GMIP,GMIP,GMIP,,,GMIP,,GMIP,GMIP,GMIP,GMIP,,GMIP,GMIP,GMIP,,,GMIP,,,GMIP,,GMIP,,GMIP,GMIP,,GMIP,GMIP
BIRC5,,BIRC5,,BIRC5,,,,BIRC5,,BIRC5,,,,,EBI3,,SLC39A9,,,,,,,BIRC5,,BIRC5,BIRC5,,BIRC5,,BIRC5,BIRC5,,BIRC5,BIRC5,,BIRC5,BIRC5,BIRC5,,BIRC5,BIRC5,BIRC5,BIRC5,BIRC5,,BIRC5,GATB,BIRC5,BIRC5,BIRC5,,BIRC5,BIRC5,,,,BIRC5,BIRC5,BIRC5,,,BIRC5,,,BIRC5,,BIRC5,BIRC5,,BIRC5,BIRC5,BIRC5,,,BIRC5,,BIRC5,BIRC5,BIRC5,BIRC5,,BIRC5,BIRC5,BIRC5,,,BIRC5,,,BIRC5,,BIRC5,,BIRC5,BIRC5,,BIRC5,BIRC5
LAG3,,LAG3,,LAG3,,,,LAG3,,LAG3,,,,,YJU2,,TNFRSF12A,,,,,,,LAG3,,LAG3,LAG3,,LAG3,,LAG3,LAG3,,LAG3,LAG3,,LAG3,LAG3,LAG3,,LAG3,LAG3,LAG3,LAG3,LAG3,,LAG3,GATB,LAG3,LAG3,LAG3,,LAG3,LAG3,,,,LAG3,LAG3,LAG3,,,LAG3,,,LAG3,,LAG3,LAG3,,LAG3,LAG3,LAG3,,,LAG3,,LAG3,LAG3,LAG3,LAG3,,LAG3,LAG3,LAG3,,,LAG3,,,LAG3,,LAG3,,LAG3,LAG3,,LAG3,LAG3
MLF2,,MLF2,,MLF2,,,,MLF2,,MLF2,,,,,SHD,,SELL,,,,,,,MLF2,,MLF2,MLF2,,MLF2,,MLF2,MLF2,,MLF2,MLF2,,MLF2,MLF2,MLF2,,MLF2,MLF2,MLF2,MLF2,MLF2,,MLF2,GATB,MLF2,MLF2,MLF2,,MLF2,MLF2,,,,MLF2,MLF2,MLF2,,,MLF2,,,MLF2,,MLF2,MLF2,,MLF2,MLF2,MLF2,,,MLF2,,MLF2,MLF2,MLF2,MLF2,,MLF2,MLF2,MLF2,,,MLF2,,,MLF2,,MLF2,,MLF2,MLF2,,MLF2,MLF2
OTUB2,,OTUB2,,OTUB2,,,,OTUB2,,OTUB2,,,,,TBCB,,FGR,,,,,,,OTUB2,,OTUB2,OTUB2,,OTUB2,,OTUB2,OTUB2,,OTUB2,OTUB2,,OTUB2,OTUB2,OTUB2,,OTUB2,OTUB2,OTUB2,OTUB2,OTUB2,,OTUB2,GATB,OTUB2,OTUB2,OTUB2,,OTUB2,OTUB2,,,,OTUB2,OTUB2,OTUB2,,,OTUB2,,,OTUB2,,OTUB2,OTUB2,,OTUB2,OTUB2,OTUB2,,,OTUB2,,OTUB2,OTUB2,OTUB2,OTUB2,,OTUB2,OTUB2,OTUB2,,,OTUB2,,,OTUB2,,OTUB2,,OTUB2,OTUB2,,OTUB2,OTUB2
DDX24,,DDX24,,DDX24,,,,DDX24,,DDX24,,,,,FSD1,,HFE,,,,,,,DDX24,,DDX24,DDX24,,DDX24,,DDX24,DDX24,,DDX24,DDX24,,DDX24,DDX24,DDX24,,DDX24,DDX24,DDX24,DDX24,DDX24,,DDX24,GATB,DDX24,DDX24,DDX24,,DDX24,DDX24,,,,DDX24,DDX24,DDX24,,,DDX24,,,DDX24,,DDX24,DDX24,,DDX24,DDX24,DDX24,,,DDX24,,DDX24,DDX24,DDX24,DDX24,,DDX24,DDX24,DDX24,,,DDX24,,,DDX24,,DDX24,,DDX24,DDX24,,DDX24,DDX24
ZBTB25,,ZBTB25,,ZBTB25,,,,ZBTB25,,ZBTB25,,,,,POLR2I,,CCL17,,,,,,,ZBTB25,,ZBTB25,ZBTB25,,ZBTB25,,ZBTB25,ZBTB25,,ZBTB25,ZBTB25,,ZBTB25,ZBTB25,ZBTB25,,ZBTB25,ZBTB25,ZBTB25,ZBTB25,ZBTB25,,ZBTB25,GATB,ZBTB25,ZBTB25,ZBTB25,,ZBTB25,ZBTB25,,,,ZBTB25,ZBTB25,ZBTB25,,,ZBTB25,,,ZBTB25,,ZBTB25,ZBTB25,,ZBTB25,ZBTB25,ZBTB25,,,ZBTB25,,ZBTB25,ZBTB25,ZBTB25,ZBTB25,,ZBTB25,ZBTB25,ZBTB25,,,ZBTB25,,,ZBTB25,,ZBTB25,,ZBTB25,ZBTB25,,ZBTB25,ZBTB25
NECAP1,,NECAP1,,NECAP1,,,,NECAP1,,NECAP1,,,,,OVOL3,,PRORP,,,,,,,NECAP1,,NECAP1,NECAP1,,NECAP1,,NECAP1,NECAP1,,NECAP1,NECAP1,,NECAP1,NECAP1,NECAP1,,NECAP1,NECAP1,NECAP1,NECAP1,NECAP1,,NECAP1,GATB,NECAP1,NECAP1,NECAP1,,NECAP1,NECAP1,,,,NECAP1,NECAP1,NECAP1,,,NECAP1,,,NECAP1,,NECAP1,NECAP1,,NECAP1,NECAP1,NECAP1,,,NECAP1,,NECAP1,NECAP1,NECAP1,NECAP1,,NECAP1,NECAP1,NECAP1,,,NECAP1,,,NECAP1,,NECAP1,,NECAP1,NECAP1,,NECAP1,NECAP1
ANKRD24,,ANKRD24,,ANKRD24,,,,ANKRD24,,ANKRD24,,,,,CLIP3,,IL20RA,,,,,,,ANKRD24,,ANKRD24,ANKRD24,,ANKRD24,,ANKRD24,ANKRD24,,ANKRD24,ANKRD24,,ANKRD24,ANKRD24,ANKRD24,,ANKRD24,ANKRD24,ANKRD24,ANKRD24,ANKRD24,,ANKRD24,GATB,ANKRD24,ANKRD24,ANKRD24,,ANKRD24,ANKRD24,,,,ANKRD24,ANKRD24,ANKRD24,,,ANKRD24,,,ANKRD24,,ANKRD24,ANKRD24,,ANKRD24,ANKRD24,ANKRD24,,,ANKRD24,,ANKRD24,ANKRD24,ANKRD24,ANKRD24,,ANKRD24,ANKRD24,ANKRD24,,,ANKRD24,,,ANKRD24,,ANKRD24,,ANKRD24,ANKRD24,,ANKRD24,ANKRD24
DHX32,,DHX32,,DHX32,,,,DHX32,,DHX32,,,,,ZFR2,,TRAF1,,,,,,,DHX32,,DHX32,DHX32,,DHX32,,DHX32,DHX32,,DHX32,DHX32,,DHX32,DHX32,DHX32,,DHX32,DHX32,DHX32,DHX32,DHX32,,DHX32,GATB,DHX32,DHX32,DHX32,,DHX32,DHX32,,,,DHX32,DHX32,DHX32,,,DHX32,,,DHX32,,DHX32,DHX32,,DHX32,DHX32,DHX32,,,DHX32,,DHX32,DHX32,DHX32,DHX32,,DHX32,DHX32,DHX32,,,DHX32,,,DHX32,,DHX32,,DHX32,DHX32,,DHX32,DHX32
RCOR1,,RCOR1,,RCOR1,,,,RCOR1,,RCOR1,,,,,SLC1A5,,KYNU,,,,,,,RCOR1,,RCOR1,RCOR1,,RCOR1,,RCOR1,RCOR1,,RCOR1,RCOR1,,RCOR1,RCOR1,RCOR1,,RCOR1,RCOR1,RCOR1,RCOR1,RCOR1,,RCOR1,GATB,RCOR1,RCOR1,RCOR1,,RCOR1,RCOR1,,,,RCOR1,RCOR1,RCOR1,,,RCOR1,,,RCOR1,,RCOR1,RCOR1,,RCOR1,RCOR1,RCOR1,,,RCOR1,,RCOR1,RCOR1,RCOR1,RCOR1,,RCOR1,RCOR1,RCOR1,,,RCOR1,,,RCOR1,,RCOR1,,RCOR1,RCOR1,,RCOR1,RCOR1
GPATCH2L,,GPATCH2L,,GPATCH2L,,,,GPATCH2L,,GPATCH2L,,,,,PRKD2,,IL12A,,,,,,,GPATCH2L,,GPATCH2L,GPATCH2L,,GPATCH2L,,GPATCH2L,GPATCH2L,,GPATCH2L,GPATCH2L,,GPATCH2L,GPATCH2L,GPATCH2L,,GPATCH2L,GPATCH2L,GPATCH2L,GPATCH2L,GPATCH2L,,GPATCH2L,GATB,GPATCH2L,GPATCH2L,GPATCH2L,,GPATCH2L,GPATCH2L,,,,GPATCH2L,GPATCH2L,GPATCH2L,,,GPATCH2L,,,GPATCH2L,,GPATCH2L,GPATCH2L,,GPATCH2L,GPATCH2L,GPATCH2L,,,GPATCH2L,,GPATCH2L,GPATCH2L,GPATCH2L,GPATCH2L,,GPATCH2L,GPATCH2L,GPATCH2L,,,GPATCH2L,,,GPATCH2L,,GPATCH2L,,GPATCH2L,GPATCH2L,,GPATCH2L,GPATCH2L
LTBP4,,LTBP4,,LTBP4,,,,LTBP4,,LTBP4,,,,,TJP3,,TFEC,,,,,,,LTBP4,,LTBP4,LTBP4,,LTBP4,,LTBP4,LTBP4,,LTBP4,LTBP4,,LTBP4,LTBP4,LTBP4,,LTBP4,LTBP4,LTBP4,LTBP4,LTBP4,,LTBP4,GATB,LTBP4,LTBP4,LTBP4,,LTBP4,LTBP4,,,,LTBP4,LTBP4,LTBP4,,,LTBP4,,,LTBP4,,LTBP4,LTBP4,,LTBP4,LTBP4,LTBP4,,,LTBP4,,LTBP4,LTBP4,LTBP4,LTBP4,,LTBP4,LTBP4,LTBP4,,,LTBP4,,,LTBP4,,LTBP4,,LTBP4,LTBP4,,LTBP4,LTBP4
BLVRB,,BLVRB,,BLVRB,,,,BLVRB,,BLVRB,,,,,APLP1,,ADAM22,,,,,,,BLVRB,,BLVRB,BLVRB,,BLVRB,,BLVRB,BLVRB,,BLVRB,BLVRB,,BLVRB,BLVRB,BLVRB,,BLVRB,BLVRB,BLVRB,BLVRB,BLVRB,,BLVRB,GATB,BLVRB,BLVRB,BLVRB,,BLVRB,BLVRB,,,,BLVRB,BLVRB,BLVRB,,,BLVRB,,,BLVRB,,BLVRB,BLVRB,,BLVRB,BLVRB,BLVRB,,,BLVRB,,BLVRB,BLVRB,BLVRB,BLVRB,,BLVRB,BLVRB,BLVRB,,,BLVRB,,,BLVRB,,BLVRB,,BLVRB,BLVRB,,BLVRB,BLVRB
SLC9A1,,SLC9A1,,SLC9A1,,,,SLC9A1,,SLC9A1,,,,,CACTIN,,KYNU,,,,,,,SLC9A1,,SLC9A1,SLC9A1,,SLC9A1,,SLC9A1,SLC9A1,,SLC9A1,SLC9A1,,SLC9A1,SLC9A1,SLC9A1,,SLC9A1,SLC9A1,SLC9A1,SLC9A1,SLC9A1,,SLC9A1,GATB,SLC9A1,SLC9A1,SLC9A1,,SLC9A1,SLC9A1,,,,SLC9A1,SLC9A1,SLC9A1,,,SLC9A1,,,SLC9A1,,SLC9A1,SLC9A1,,SLC9A1,SLC9A1,SLC9A1,,,SLC9A1,,SLC9A1,SLC9A1,SLC9A1,SLC9A1,,SLC9A1,SLC9A1,SLC9A1,,,SLC9A1,,,SLC9A1,,SLC9A1,,SLC9A1,SLC9A1,,SLC9A1,SLC9A1
SPTLC1,,SPTLC1,,SPTLC1,,,,SPTLC1,,SPTLC1,,,,,CCDC9,,SERPINA3,,,,,,,SPTLC1,,SPTLC1,SPTLC1,,SPTLC1,,SPTLC1,SPTLC1,,SPTLC1,SPTLC1,,SPTLC1,SPTLC1,SPTLC1,,SPTLC1,SPTLC1,SPTLC1,SPTLC1,SPTLC1,,SPTLC1,GATB,SPTLC1,SPTLC1,SPTLC1,,SPTLC1,SPTLC1,,,,SPTLC1,SPTLC1,SPTLC1,,,SPTLC1,,,SPTLC1,,SPTLC1,SPTLC1,,SPTLC1,SPTLC1,SPTLC1,,,SPTLC1,,SPTLC1,SPTLC1,SPTLC1,SPTLC1,,SPTLC1,SPTLC1,SPTLC1,,,SPTLC1,,,SPTLC1,,SPTLC1,,SPTLC1,SPTLC1,,SPTLC1,SPTLC1
PAPOLA,,PAPOLA,,PAPOLA,,,,PAPOLA,,PAPOLA,,,,,HNRNPUL1,,ADIPOR2,,,,,,,PAPOLA,,PAPOLA,PAPOLA,,PAPOLA,,PAPOLA,PAPOLA,,PAPOLA,PAPOLA,,PAPOLA,PAPOLA,PAPOLA,,PAPOLA,PAPOLA,PAPOLA,PAPOLA,PAPOLA,,PAPOLA,GATB,PAPOLA,PAPOLA,PAPOLA,,PAPOLA,PAPOLA,,,,PAPOLA,PAPOLA,PAPOLA,,,PAPOLA,,,PAPOLA,,PAPOLA,PAPOLA,,PAPOLA,PAPOLA,PAPOLA,,,PAPOLA,,PAPOLA,PAPOLA,PAPOLA,PAPOLA,,PAPOLA,PAPOLA,PAPOLA,,,PAPOLA,,,PAPOLA,,PAPOLA,,PAPOLA,PAPOLA,,PAPOLA,PAPOLA
CCNK,,CCNK,,CCNK,,,,CCNK,,CCNK,,,,,FZR1,,KYNU,,,,,,,CCNK,,CCNK,CCNK,,CCNK,,CCNK,CCNK,,CCNK,CCNK,,CCNK,CCNK,CCNK,,CCNK,CCNK,CCNK,CCNK,CCNK,,CCNK,GATB,CCNK,CCNK,CCNK,,CCNK,CCNK,,,,CCNK,CCNK,CCNK,,,CCNK,,,CCNK,,CCNK,CCNK,,CCNK,CCNK,CCNK,,,CCNK,,CCNK,CCNK,CCNK,CCNK,,CCNK,CCNK,CCNK,,,CCNK,,,CCNK,,CCNK,,CCNK,CCNK,,CCNK,CCNK
PCBP4,,PCBP4,,PCBP4,,,,PCBP4,,PCBP4,,,,,BBC3,,AASS,,,,,,,PCBP4,,PCBP4,PCBP4,,PCBP4,,PCBP4,PCBP4,,PCBP4,PCBP4,,PCBP4,PCBP4,PCBP4,,PCBP4,PCBP4,PCBP4,PCBP4,PCBP4,,PCBP4,GATB,PCBP4,PCBP4,PCBP4,,PCBP4,PCBP4,,,,PCBP4,PCBP4,PCBP4,,,PCBP4,,,PCBP4,,PCBP4,PCBP4,,PCBP4,PCBP4,PCBP4,,,PCBP4,,PCBP4,PCBP4,PCBP4,PCBP4,,PCBP4,PCBP4,PCBP4,,,PCBP4,,,PCBP4,,PCBP4,,PCBP4,PCBP4,,PCBP4,PCBP4
RGS1,,RGS1,,RGS1,,,,RGS1,,RGS1,,,,,TGFB1,,ADAM7,,,,,,,RGS1,,RGS1,RGS1,,RGS1,,RGS1,RGS1,,RGS1,RGS1,,RGS1,RGS1,RGS1,,RGS1,RGS1,RGS1,RGS1,RGS1,,RGS1,GATB,RGS1,RGS1,RGS1,,RGS1,RGS1,,,,RGS1,RGS1,RGS1,,,RGS1,,,RGS1,,RGS1,RGS1,,RGS1,RGS1,RGS1,,,RGS1,,RGS1,RGS1,RGS1,RGS1,,RGS1,RGS1,RGS1,,,RGS1,,,RGS1,,RGS1,,RGS1,RGS1,,RGS1,RGS1
YPEL3,,YPEL3,,YPEL3,,,,YPEL3,,YPEL3,,,,,DENND3,,KYNU,,,,,,,YPEL3,,YPEL3,YPEL3,,YPEL3,,YPEL3,YPEL3,,YPEL3,YPEL3,,YPEL3,YPEL3,YPEL3,,YPEL3,YPEL3,YPEL3,YPEL3,YPEL3,,YPEL3,GATB,YPEL3,YPEL3,YPEL3,,YPEL3,YPEL3,,,,YPEL3,YPEL3,YPEL3,,,YPEL3,,,YPEL3,,YPEL3,YPEL3,,YPEL3,YPEL3,YPEL3,,,YPEL3,,YPEL3,YPEL3,YPEL3,YPEL3,,YPEL3,YPEL3,YPEL3,,,YPEL3,,,YPEL3,,YPEL3,,YPEL3,YPEL3,,YPEL3,YPEL3
NDUFB2,,NDUFB2,,NDUFB2,,,,NDUFB2,,NDUFB2,,,,,DMAC2,,TFRC,,,,,,,NDUFB2,,NDUFB2,NDUFB2,,NDUFB2,,NDUFB2,NDUFB2,,NDUFB2,NDUFB2,,NDUFB2,NDUFB2,NDUFB2,,NDUFB2,NDUFB2,NDUFB2,NDUFB2,NDUFB2,,NDUFB2,GATB,NDUFB2,NDUFB2,NDUFB2,,NDUFB2,NDUFB2,,,,NDUFB2,NDUFB2,NDUFB2,,,NDUFB2,,,NDUFB2,,NDUFB2,NDUFB2,,NDUFB2,NDUFB2,NDUFB2,,,NDUFB2,,NDUFB2,NDUFB2,NDUFB2,NDUFB2,,NDUFB2,NDUFB2,NDUFB2,,,NDUFB2,,,NDUFB2,,NDUFB2,,NDUFB2,NDUFB2,,NDUFB2,NDUFB2
NUDC,,NUDC,,NUDC,,,,NUDC,,NUDC,,,,,CEACAM21,,LGALS2,,,,,,,NUDC,,NUDC,NUDC,,NUDC,,NUDC,NUDC,,NUDC,NUDC,,NUDC,NUDC,NUDC,,NUDC,NUDC,NUDC,NUDC,NUDC,,NUDC,GATB,NUDC,NUDC,NUDC,,NUDC,NUDC,,,,NUDC,NUDC,NUDC,,,NUDC,,,NUDC,,NUDC,NUDC,,NUDC,NUDC,NUDC,,,NUDC,,NUDC,NUDC,NUDC,NUDC,,NUDC,NUDC,NUDC,,,NUDC,,,NUDC,,NUDC,,NUDC,NUDC,,NUDC,NUDC
MAEA,,MAEA,,MAEA,,,,MAEA,,MAEA,,,,,PLIN3,,FGL1,,,,,,,MAEA,,MAEA,MAEA,,MAEA,,MAEA,MAEA,,MAEA,MAEA,,MAEA,MAEA,MAEA,,MAEA,MAEA,MAEA,MAEA,MAEA,,MAEA,GATB,MAEA,MAEA,MAEA,,MAEA,MAEA,,,,MAEA,MAEA,MAEA,,,MAEA,,,MAEA,,MAEA,MAEA,,MAEA,MAEA,MAEA,,,MAEA,,MAEA,MAEA,MAEA,MAEA,,MAEA,MAEA,MAEA,,,MAEA,,,MAEA,,MAEA,,MAEA,MAEA,,MAEA,MAEA
ICAM1,,ICAM1,,ICAM1,,,,ICAM1,,ICAM1,,,,,MYH14,,SERPINB1,,,,,,,ICAM1,,ICAM1,ICAM1,,ICAM1,,ICAM1,ICAM1,,ICAM1,ICAM1,,ICAM1,ICAM1,ICAM1,,ICAM1,ICAM1,ICAM1,ICAM1,ICAM1,,ICAM1,GATB,ICAM1,ICAM1,ICAM1,,ICAM1,ICAM1,,,,ICAM1,ICAM1,ICAM1,,,ICAM1,,,ICAM1,,ICAM1,ICAM1,,ICAM1,ICAM1,ICAM1,,,ICAM1,,ICAM1,ICAM1,ICAM1,ICAM1,,ICAM1,ICAM1,ICAM1,,,ICAM1,,,ICAM1,,ICAM1,,ICAM1,ICAM1,,ICAM1,ICAM1
STRN4,,STRN4,,STRN4,,,,STRN4,,STRN4,,,,,SIGLEC8,,ASB4,,,,,,,STRN4,,STRN4,STRN4,,STRN4,,STRN4,STRN4,,STRN4,STRN4,,STRN4,STRN4,STRN4,,STRN4,STRN4,STRN4,STRN4,STRN4,,STRN4,GATB,STRN4,STRN4,STRN4,,STRN4,STRN4,,,,STRN4,STRN4,STRN4,,,STRN4,,,STRN4,,STRN4,STRN4,,STRN4,STRN4,STRN4,,,STRN4,,STRN4,STRN4,STRN4,STRN4,,STRN4,STRN4,STRN4,,,STRN4,,,STRN4,,STRN4,,STRN4,STRN4,,STRN4,STRN4
IRAK3,,IRAK3,,IRAK3,,,,IRAK3,,IRAK3,,,,,CD79A,,PRSS22,,,,,,,IRAK3,,IRAK3,IRAK3,,IRAK3,,IRAK3,IRAK3,,IRAK3,IRAK3,,IRAK3,IRAK3,IRAK3,,IRAK3,IRAK3,IRAK3,IRAK3,IRAK3,,IRAK3,GATB,IRAK3,IRAK3,IRAK3,,IRAK3,IRAK3,,,,IRAK3,IRAK3,IRAK3,,,IRAK3,,,IRAK3,,IRAK3,IRAK3,,IRAK3,IRAK3,IRAK3,,,IRAK3,,IRAK3,IRAK3,IRAK3,IRAK3,,IRAK3,IRAK3,IRAK3,,,IRAK3,,,IRAK3,,IRAK3,,IRAK3,IRAK3,,IRAK3,IRAK3
LYZ,,LYZ,,LYZ,,,,LYZ,,LYZ,,,,,LIM2,,BTN2A2,,,,,,,LYZ,,LYZ,LYZ,,LYZ,,LYZ,LYZ,,LYZ,LYZ,,LYZ,LYZ,LYZ,,LYZ,LYZ,LYZ,LYZ,LYZ,,LYZ,GATB,LYZ,LYZ,LYZ,,LYZ,LYZ,,,,LYZ,LYZ,LYZ,,,LYZ,,,LYZ,,LYZ,LYZ,,LYZ,LYZ,LYZ,,,LYZ,,LYZ,LYZ,LYZ,LYZ,,LYZ,LYZ,LYZ,,,LYZ,,,LYZ,,LYZ,,LYZ,LYZ,,LYZ,LYZ
SI,,SI,,SI,,,,SI,,SI,,,,,ICAM4,,ICAM4,,,,,,,SI,,SI,SI,,SI,,SI,SI,,SI,SI,,SI,SI,SI,,SI,SI,SI,SI,SI,,SI,GATB,SI,SI,SI,,SI,SI,,,,SI,SI,SI,,,SI,,,SI,,SI,SI,,SI,SI,SI,,,SI,,SI,SI,SI,SI,,SI,SI,SI,,,SI,,,SI,,SI,,SI,SI,,SI,SI
MUL1,,MUL1,,MUL1,,,,MUL1,,MUL1,,,,,NOP53,,CD48,,,,,,,MUL1,,MUL1,MUL1,,MUL1,,MUL1,MUL1,,MUL1,MUL1,,MUL1,MUL1,MUL1,,MUL1,MUL1,MUL1,MUL1,MUL1,,MUL1,GATB,MUL1,MUL1,MUL1,,MUL1,MUL1,,,,MUL1,MUL1,MUL1,,,MUL1,,,MUL1,,MUL1,MUL1,,MUL1,MUL1,MUL1,,,MUL1,,MUL1,MUL1,MUL1,MUL1,,MUL1,MUL1,MUL1,,,MUL1,,,MUL1,,MUL1,,MUL1,MUL1,,MUL1,MUL1
TFAP4,,TFAP4,,TFAP4,,,,TFAP4,,TFAP4,,,,,NKG7,,CCL1,,,,,,,TFAP4,,TFAP4,TFAP4,,TFAP4,,TFAP4,TFAP4,,TFAP4,TFAP4,,TFAP4,TFAP4,TFAP4,,TFAP4,TFAP4,TFAP4,TFAP4,TFAP4,,TFAP4,GATB,TFAP4,TFAP4,TFAP4,,TFAP4,TFAP4,,,,TFAP4,TFAP4,TFAP4,,,TFAP4,,,TFAP4,,TFAP4,TFAP4,,TFAP4,TFAP4,TFAP4,,,TFAP4,,TFAP4,TFAP4,TFAP4,TFAP4,,TFAP4,TFAP4,TFAP4,,,TFAP4,,,TFAP4,,TFAP4,,TFAP4,TFAP4,,TFAP4,TFAP4
PDCD7,,PDCD7,,PDCD7,,,,PDCD7,,PDCD7,,,,,ICAM5,,AQR,,,,,,,PDCD7,,PDCD7,PDCD7,,PDCD7,,PDCD7,PDCD7,,PDCD7,PDCD7,,PDCD7,PDCD7,PDCD7,,PDCD7,PDCD7,PDCD7,PDCD7,PDCD7,,PDCD7,GATB,PDCD7,PDCD7,PDCD7,,PDCD7,PDCD7,,,,PDCD7,PDCD7,PDCD7,,,PDCD7,,,PDCD7,,PDCD7,PDCD7,,PDCD7,PDCD7,PDCD7,,,PDCD7,,PDCD7,PDCD7,PDCD7,PDCD7,,PDCD7,PDCD7,PDCD7,,,PDCD7,,,PDCD7,,PDCD7,,PDCD7,PDCD7,,PDCD7,PDCD7
SPG21,,SPG21,,SPG21,,,,SPG21,,SPG21,,,,,ETFB,,RUNX3,,,,,,,SPG21,,SPG21,SPG21,,SPG21,,SPG21,SPG21,,SPG21,SPG21,,SPG21,SPG21,SPG21,,SPG21,SPG21,SPG21,SPG21,SPG21,,SPG21,GATB,SPG21,SPG21,SPG21,,SPG21,SPG21,,,,SPG21,SPG21,SPG21,,,SPG21,,,SPG21,,SPG21,SPG21,,SPG21,SPG21,SPG21,,,SPG21,,SPG21,SPG21,SPG21,SPG21,,SPG21,SPG21,SPG21,,,SPG21,,,SPG21,,SPG21,,SPG21,SPG21,,SPG21,SPG21
FETUB,,FETUB,,FETUB,,,,FETUB,,FETUB,,,,,CD33,,SLC7A2,,,,,,,FETUB,,FETUB,FETUB,,FETUB,,FETUB,FETUB,,FETUB,FETUB,,FETUB,FETUB,FETUB,,FETUB,FETUB,FETUB,FETUB,FETUB,,FETUB,GATB,FETUB,FETUB,FETUB,,FETUB,FETUB,,,,FETUB,FETUB,FETUB,,,FETUB,,,FETUB,,FETUB,FETUB,,FETUB,FETUB,FETUB,,,FETUB,,FETUB,FETUB,FETUB,FETUB,,FETUB,FETUB,FETUB,,,FETUB,,,FETUB,,FETUB,,FETUB,FETUB,,FETUB,FETUB
DNAJB11,,DNAJB11,,DNAJB11,,,,DNAJB11,,DNAJB11,,,,,CEACAM5,,NFIX,,,,,,,DNAJB11,,DNAJB11,DNAJB11,,DNAJB11,,DNAJB11,DNAJB11,,DNAJB11,DNAJB11,,DNAJB11,DNAJB11,DNAJB11,,DNAJB11,DNAJB11,DNAJB11,DNAJB11,DNAJB11,,DNAJB11,GATB,DNAJB11,DNAJB11,DNAJB11,,DNAJB11,DNAJB11,,,,DNAJB11,DNAJB11,DNAJB11,,,DNAJB11,,,DNAJB11,,DNAJB11,DNAJB11,,DNAJB11,DNAJB11,DNAJB11,,,DNAJB11,,DNAJB11,DNAJB11,DNAJB11,DNAJB11,,DNAJB11,DNAJB11,DNAJB11,,,DNAJB11,,,DNAJB11,,DNAJB11,,DNAJB11,DNAJB11,,DNAJB11,DNAJB11
P3H2,,P3H2,,P3H2,,,,P3H2,,P3H2,,,,,CRX,,CYTH3,,,,,,,P3H2,,P3H2,P3H2,,P3H2,,P3H2,P3H2,,P3H2,P3H2,,P3H2,P3H2,P3H2,,P3H2,P3H2,P3H2,P3H2,P3H2,,P3H2,GATB,P3H2,P3H2,P3H2,,P3H2,P3H2,,,,P3H2,P3H2,P3H2,,,P3H2,,,P3H2,,P3H2,P3H2,,P3H2,P3H2,P3H2,,,P3H2,,P3H2,P3H2,P3H2,P3H2,,P3H2,P3H2,P3H2,,,P3H2,,,P3H2,,P3H2,,P3H2,P3H2,,P3H2,P3H2
THPO,,THPO,,THPO,,,,THPO,,THPO,,,,,BABAM1,,LILRB4,,,,,,,THPO,,THPO,THPO,,THPO,,THPO,THPO,,THPO,THPO,,THPO,THPO,THPO,,THPO,THPO,THPO,THPO,THPO,,THPO,GATB,THPO,THPO,THPO,,THPO,THPO,,,,THPO,THPO,THPO,,,THPO,,,THPO,,THPO,THPO,,THPO,THPO,THPO,,,THPO,,THPO,THPO,THPO,THPO,,THPO,THPO,THPO,,,THPO,,,THPO,,THPO,,THPO,THPO,,THPO,THPO
CHRD,,CHRD,,CHRD,,,,CHRD,,CHRD,,,,,TYK2,,CCL26,,,,,,,CHRD,,CHRD,CHRD,,CHRD,,CHRD,CHRD,,CHRD,CHRD,,CHRD,CHRD,CHRD,,CHRD,CHRD,CHRD,CHRD,CHRD,,CHRD,GATB,CHRD,CHRD,CHRD,,CHRD,CHRD,,,,CHRD,CHRD,CHRD,,,CHRD,,,CHRD,,CHRD,CHRD,,CHRD,CHRD,CHRD,,,CHRD,,CHRD,CHRD,CHRD,CHRD,,CHRD,CHRD,CHRD,,,CHRD,,,CHRD,,CHRD,,CHRD,CHRD,,CHRD,CHRD
FLT3LG,,FLT3LG,,FLT3LG,,,,FLT3LG,,FLT3LG,,,,,SULT2A1,,CD33,,,,,,,FLT3LG,,FLT3LG,FLT3LG,,FLT3LG,,FLT3LG,FLT3LG,,FLT3LG,FLT3LG,,FLT3LG,FLT3LG,FLT3LG,,FLT3LG,FLT3LG,FLT3LG,FLT3LG,FLT3LG,,FLT3LG,GATB,FLT3LG,FLT3LG,FLT3LG,,FLT3LG,FLT3LG,,,,FLT3LG,FLT3LG,FLT3LG,,,FLT3LG,,,FLT3LG,,FLT3LG,FLT3LG,,FLT3LG,FLT3LG,FLT3LG,,,FLT3LG,,FLT3LG,FLT3LG,FLT3LG,FLT3LG,,FLT3LG,FLT3LG,FLT3LG,,,FLT3LG,,,FLT3LG,,FLT3LG,,FLT3LG,FLT3LG,,FLT3LG,FLT3LG
RAB11FIP3,,RAB11FIP3,,RAB11FIP3,,,,RAB11FIP3,,RAB11FIP3,,,,,CDC37,,ICAM3,,,,,,,RAB11FIP3,,RAB11FIP3,RAB11FIP3,,RAB11FIP3,,RAB11FIP3,RAB11FIP3,,RAB11FIP3,RAB11FIP3,,RAB11FIP3,RAB11FIP3,RAB11FIP3,,RAB11FIP3,RAB11FIP3,RAB11FIP3,RAB11FIP3,RAB11FIP3,,RAB11FIP3,GATB,RAB11FIP3,RAB11FIP3,RAB11FIP3,,RAB11FIP3,RAB11FIP3,,,,RAB11FIP3,RAB11FIP3,RAB11FIP3,,,RAB11FIP3,,,RAB11FIP3,,RAB11FIP3,RAB11FIP3,,RAB11FIP3,RAB11FIP3,RAB11FIP3,,,RAB11FIP3,,RAB11FIP3,RAB11FIP3,RAB11FIP3,RAB11FIP3,,RAB11FIP3,RAB11FIP3,RAB11FIP3,,,RAB11FIP3,,,RAB11FIP3,,RAB11FIP3,,RAB11FIP3,RAB11FIP3,,RAB11FIP3,RAB11FIP3
GNPTG,,GNPTG,,GNPTG,,,,GNPTG,,GNPTG,,,,,NAPA,,MPO,,,,,,,GNPTG,,GNPTG,GNPTG,,GNPTG,,GNPTG,GNPTG,,GNPTG,GNPTG,,GNPTG,GNPTG,GNPTG,,GNPTG,GNPTG,GNPTG,GNPTG,GNPTG,,GNPTG,GATB,GNPTG,GNPTG,GNPTG,,GNPTG,GNPTG,,,,GNPTG,GNPTG,GNPTG,,,GNPTG,,,GNPTG,,GNPTG,GNPTG,,GNPTG,GNPTG,GNPTG,,,GNPTG,,GNPTG,GNPTG,GNPTG,GNPTG,,GNPTG,GNPTG,GNPTG,,,GNPTG,,,GNPTG,,GNPTG,,GNPTG,GNPTG,,GNPTG,GNPTG
ZNF268,,ZNF268,,ZNF268,,,,ZNF268,,ZNF268,,,,,RABAC1,,ITGA2B,,,,,,,ZNF268,,ZNF268,ZNF268,,ZNF268,,ZNF268,ZNF268,,ZNF268,ZNF268,,ZNF268,ZNF268,ZNF268,,ZNF268,ZNF268,ZNF268,ZNF268,ZNF268,,ZNF268,GATB,ZNF268,ZNF268,ZNF268,,ZNF268,ZNF268,,,,ZNF268,ZNF268,ZNF268,,,ZNF268,,,ZNF268,,ZNF268,ZNF268,,ZNF268,ZNF268,ZNF268,,,ZNF268,,ZNF268,ZNF268,ZNF268,ZNF268,,ZNF268,ZNF268,ZNF268,,,ZNF268,,,ZNF268,,ZNF268,,ZNF268,ZNF268,,ZNF268,ZNF268
GOLGA3,,GOLGA3,,GOLGA3,,,,GOLGA3,,GOLGA3,,,,,ATP1A3,,TRAF3IP2,,,,,,,GOLGA3,,GOLGA3,GOLGA3,,GOLGA3,,GOLGA3,GOLGA3,,GOLGA3,GOLGA3,,GOLGA3,GOLGA3,GOLGA3,,GOLGA3,GOLGA3,GOLGA3,GOLGA3,GOLGA3,,GOLGA3,GATB,GOLGA3,GOLGA3,GOLGA3,,GOLGA3,GOLGA3,,,,GOLGA3,GOLGA3,GOLGA3,,,GOLGA3,,,GOLGA3,,GOLGA3,GOLGA3,,GOLGA3,GOLGA3,GOLGA3,,,GOLGA3,,GOLGA3,GOLGA3,GOLGA3,GOLGA3,,GOLGA3,GOLGA3,GOLGA3,,,GOLGA3,,,GOLGA3,,GOLGA3,,GOLGA3,GOLGA3,,GOLGA3,GOLGA3
PABPC4,,PABPC4,,PABPC4,,,,PABPC4,,PABPC4,,,,,MEIS3,,TNFSF13B,,,,,,,PABPC4,,PABPC4,PABPC4,,PABPC4,,PABPC4,PABPC4,,PABPC4,PABPC4,,PABPC4,PABPC4,PABPC4,,PABPC4,PABPC4,PABPC4,PABPC4,PABPC4,,PABPC4,GATB,PABPC4,PABPC4,PABPC4,,PABPC4,PABPC4,,,,PABPC4,PABPC4,PABPC4,,,PABPC4,,,PABPC4,,PABPC4,PABPC4,,PABPC4,PABPC4,PABPC4,,,PABPC4,,PABPC4,PABPC4,PABPC4,PABPC4,,PABPC4,PABPC4,PABPC4,,,PABPC4,,,PABPC4,,PABPC4,,PABPC4,PABPC4,,PABPC4,PABPC4
CD209,,CD209,,CD209,,,,CD209,,CD209,,,,,PTPRS,,LTBR,,,,,,,CD209,,CD209,CD209,,CD209,,CD209,CD209,,CD209,CD209,,CD209,CD209,CD209,,CD209,CD209,CD209,CD209,CD209,,CD209,GATB,CD209,CD209,CD209,,CD209,CD209,,,,CD209,CD209,CD209,,,CD209,,,CD209,,CD209,CD209,,CD209,CD209,CD209,,,CD209,,CD209,CD209,CD209,CD209,,CD209,CD209,CD209,,,CD209,,,CD209,,CD209,,CD209,CD209,,CD209,CD209
CERS4,,CERS4,,CERS4,,,,CERS4,,CERS4,,,,,CNFN,,F7,,,,,,,CERS4,,CERS4,CERS4,,CERS4,,CERS4,CERS4,,CERS4,CERS4,,CERS4,CERS4,CERS4,,CERS4,CERS4,CERS4,CERS4,CERS4,,CERS4,GATB,CERS4,CERS4,CERS4,,CERS4,CERS4,,,,CERS4,CERS4,CERS4,,,CERS4,,,CERS4,,CERS4,CERS4,,CERS4,CERS4,CERS4,,,CERS4,,CERS4,CERS4,CERS4,CERS4,,CERS4,CERS4,CERS4,,,CERS4,,,CERS4,,CERS4,,CERS4,CERS4,,CERS4,CERS4
MCOLN1,,MCOLN1,,MCOLN1,,,,MCOLN1,,MCOLN1,,,,,ZNRF4,,TFEC,,,,,,,MCOLN1,,MCOLN1,MCOLN1,,MCOLN1,,MCOLN1,MCOLN1,,MCOLN1,MCOLN1,,MCOLN1,MCOLN1,MCOLN1,,MCOLN1,MCOLN1,MCOLN1,MCOLN1,MCOLN1,,MCOLN1,GATB,MCOLN1,MCOLN1,MCOLN1,,MCOLN1,MCOLN1,,,,MCOLN1,MCOLN1,MCOLN1,,,MCOLN1,,,MCOLN1,,MCOLN1,MCOLN1,,MCOLN1,MCOLN1,MCOLN1,,,MCOLN1,,MCOLN1,MCOLN1,MCOLN1,MCOLN1,,MCOLN1,MCOLN1,MCOLN1,,,MCOLN1,,,MCOLN1,,MCOLN1,,MCOLN1,MCOLN1,,MCOLN1,MCOLN1
USP48,,USP48,,USP48,,,,USP48,,USP48,,,,,MEGF8,,AQR,,,,,,,USP48,,USP48,USP48,,USP48,,USP48,USP48,,USP48,USP48,,USP48,USP48,USP48,,USP48,USP48,USP48,USP48,USP48,,USP48,GATB,USP48,USP48,USP48,,USP48,USP48,,,,USP48,USP48,USP48,,,USP48,,,USP48,,USP48,USP48,,USP48,USP48,USP48,,,USP48,,USP48,USP48,USP48,USP48,,USP48,USP48,USP48,,,USP48,,,USP48,,USP48,,USP48,USP48,,USP48,USP48
PDPR,,PDPR,,PDPR,,,,PDPR,,PDPR,,,,,KDELR1,,IL17A,,,,,,,PDPR,,PDPR,PDPR,,PDPR,,PDPR,PDPR,,PDPR,PDPR,,PDPR,PDPR,PDPR,,PDPR,PDPR,PDPR,PDPR,PDPR,,PDPR,GATB,PDPR,PDPR,PDPR,,PDPR,PDPR,,,,PDPR,PDPR,PDPR,,,PDPR,,,PDPR,,PDPR,PDPR,,PDPR,PDPR,PDPR,,,PDPR,,PDPR,PDPR,PDPR,PDPR,,PDPR,PDPR,PDPR,,,PDPR,,,PDPR,,PDPR,,PDPR,PDPR,,PDPR,PDPR
AARS1,,AARS1,,AARS1,,,,AARS1,,AARS1,,,,,CYTH2,,VEZT,,,,,,,AARS1,,AARS1,AARS1,,AARS1,,AARS1,AARS1,,AARS1,AARS1,,AARS1,AARS1,AARS1,,AARS1,AARS1,AARS1,AARS1,AARS1,,AARS1,GATB,AARS1,AARS1,AARS1,,AARS1,AARS1,,,,AARS1,AARS1,AARS1,,,AARS1,,,AARS1,,AARS1,AARS1,,AARS1,AARS1,AARS1,,,AARS1,,AARS1,AARS1,AARS1,AARS1,,AARS1,AARS1,AARS1,,,AARS1,,,AARS1,,AARS1,,AARS1,AARS1,,AARS1,AARS1
GLG1,,GLG1,,GLG1,,,,GLG1,,GLG1,,,,,GRWD1,,KYNU,,,,,,,GLG1,,GLG1,GLG1,,GLG1,,GLG1,GLG1,,GLG1,GLG1,,GLG1,GLG1,GLG1,,GLG1,GLG1,GLG1,GLG1,GLG1,,GLG1,GATB,GLG1,GLG1,GLG1,,GLG1,GLG1,,,,GLG1,GLG1,GLG1,,,GLG1,,,GLG1,,GLG1,GLG1,,GLG1,GLG1,GLG1,,,GLG1,,GLG1,GLG1,GLG1,GLG1,,GLG1,GLG1,GLG1,,,GLG1,,,GLG1,,GLG1,,GLG1,GLG1,,GLG1,GLG1
TNRC6A,,TNRC6A,,TNRC6A,,,,TNRC6A,,TNRC6A,,,,,GRIN2D,,IL32,,,,,,,TNRC6A,,TNRC6A,TNRC6A,,TNRC6A,,TNRC6A,TNRC6A,,TNRC6A,TNRC6A,,TNRC6A,TNRC6A,TNRC6A,,TNRC6A,TNRC6A,TNRC6A,TNRC6A,TNRC6A,,TNRC6A,GATB,TNRC6A,TNRC6A,TNRC6A,,TNRC6A,TNRC6A,,,,TNRC6A,TNRC6A,TNRC6A,,,TNRC6A,,,TNRC6A,,TNRC6A,TNRC6A,,TNRC6A,TNRC6A,TNRC6A,,,TNRC6A,,TNRC6A,TNRC6A,TNRC6A,TNRC6A,,TNRC6A,TNRC6A,TNRC6A,,,TNRC6A,,,TNRC6A,,TNRC6A,,TNRC6A,TNRC6A,,TNRC6A,TNRC6A
PLEKHG2,,PLEKHG2,,PLEKHG2,,,,PLEKHG2,,PLEKHG2,,,,,SYNGR4,,FTL,,,,,,,PLEKHG2,,PLEKHG2,PLEKHG2,,PLEKHG2,,PLEKHG2,PLEKHG2,,PLEKHG2,PLEKHG2,,PLEKHG2,PLEKHG2,PLEKHG2,,PLEKHG2,PLEKHG2,PLEKHG2,PLEKHG2,PLEKHG2,,PLEKHG2,GATB,PLEKHG2,PLEKHG2,PLEKHG2,,PLEKHG2,PLEKHG2,,,,PLEKHG2,PLEKHG2,PLEKHG2,,,PLEKHG2,,,PLEKHG2,,PLEKHG2,PLEKHG2,,PLEKHG2,PLEKHG2,PLEKHG2,,,PLEKHG2,,PLEKHG2,PLEKHG2,PLEKHG2,PLEKHG2,,PLEKHG2,PLEKHG2,PLEKHG2,,,PLEKHG2,,,PLEKHG2,,PLEKHG2,,PLEKHG2,PLEKHG2,,PLEKHG2,PLEKHG2
DLL3,,DLL3,,DLL3,,,,DLL3,,DLL3,,,,,CLEC11A,,AASS,,,,,,,DLL3,,DLL3,DLL3,,DLL3,,DLL3,DLL3,,DLL3,DLL3,,DLL3,DLL3,DLL3,,DLL3,DLL3,DLL3,DLL3,DLL3,,DLL3,GATB,DLL3,DLL3,DLL3,,DLL3,DLL3,,,,DLL3,DLL3,DLL3,,,DLL3,,,DLL3,,DLL3,DLL3,,DLL3,DLL3,DLL3,,,DLL3,,DLL3,DLL3,DLL3,DLL3,,DLL3,DLL3,DLL3,,,DLL3,,,DLL3,,DLL3,,DLL3,DLL3,,DLL3,DLL3
NAT14,,NAT14,,NAT14,,,,NAT14,,NAT14,,,,,ODAD1,,IFIT2,,,,,,,NAT14,,NAT14,NAT14,,NAT14,,NAT14,NAT14,,NAT14,NAT14,,NAT14,NAT14,NAT14,,NAT14,NAT14,NAT14,NAT14,NAT14,,NAT14,GATB,NAT14,NAT14,NAT14,,NAT14,NAT14,,,,NAT14,NAT14,NAT14,,,NAT14,,,NAT14,,NAT14,NAT14,,NAT14,NAT14,NAT14,,,NAT14,,NAT14,NAT14,NAT14,NAT14,,NAT14,NAT14,NAT14,,,NAT14,,,NAT14,,NAT14,,NAT14,NAT14,,NAT14,NAT14
PITPNM2,,PITPNM2,,PITPNM2,,,,PITPNM2,,PITPNM2,,,,,CARD8,,SCARB1,,,,,,,PITPNM2,,PITPNM2,PITPNM2,,PITPNM2,,PITPNM2,PITPNM2,,PITPNM2,PITPNM2,,PITPNM2,PITPNM2,PITPNM2,,PITPNM2,PITPNM2,PITPNM2,PITPNM2,PITPNM2,,PITPNM2,GATB,PITPNM2,PITPNM2,PITPNM2,,PITPNM2,PITPNM2,,,,PITPNM2,PITPNM2,PITPNM2,,,PITPNM2,,,PITPNM2,,PITPNM2,PITPNM2,,PITPNM2,PITPNM2,PITPNM2,,,PITPNM2,,PITPNM2,PITPNM2,PITPNM2,PITPNM2,,PITPNM2,PITPNM2,PITPNM2,,,PITPNM2,,,PITPNM2,,PITPNM2,,PITPNM2,PITPNM2,,PITPNM2,PITPNM2
EXOC1,,EXOC1,,EXOC1,,,,EXOC1,,EXOC1,,,,,LIG1,,KYNU,,,,,,,EXOC1,,EXOC1,EXOC1,,EXOC1,,EXOC1,EXOC1,,EXOC1,EXOC1,,EXOC1,EXOC1,EXOC1,,EXOC1,EXOC1,EXOC1,EXOC1,EXOC1,,EXOC1,GATB,EXOC1,EXOC1,EXOC1,,EXOC1,EXOC1,,,,EXOC1,EXOC1,EXOC1,,,EXOC1,,,EXOC1,,EXOC1,EXOC1,,EXOC1,EXOC1,EXOC1,,,EXOC1,,EXOC1,EXOC1,EXOC1,EXOC1,,EXOC1,EXOC1,EXOC1,,,EXOC1,,,EXOC1,,EXOC1,,EXOC1,EXOC1,,EXOC1,EXOC1
RBM27,,RBM27,,RBM27,,,,RBM27,,RBM27,,,,,SIGLEC6,,TRAF3,,,,,,,RBM27,,RBM27,RBM27,,RBM27,,RBM27,RBM27,,RBM27,RBM27,,RBM27,RBM27,RBM27,,RBM27,RBM27,RBM27,RBM27,RBM27,,RBM27,GATB,RBM27,RBM27,RBM27,,RBM27,RBM27,,,,RBM27,RBM27,RBM27,,,RBM27,,,RBM27,,RBM27,RBM27,,RBM27,RBM27,RBM27,,,RBM27,,RBM27,RBM27,RBM27,RBM27,,RBM27,RBM27,RBM27,,,RBM27,,,RBM27,,RBM27,,RBM27,RBM27,,RBM27,RBM27
POU4F3,,POU4F3,,POU4F3,,,,POU4F3,,POU4F3,,,,,ZNF175,,IL20RA,,,,,,,POU4F3,,POU4F3,POU4F3,,POU4F3,,POU4F3,POU4F3,,POU4F3,POU4F3,,POU4F3,POU4F3,POU4F3,,POU4F3,POU4F3,POU4F3,POU4F3,POU4F3,,POU4F3,GATB,POU4F3,POU4F3,POU4F3,,POU4F3,POU4F3,,,,POU4F3,POU4F3,POU4F3,,,POU4F3,,,POU4F3,,POU4F3,POU4F3,,POU4F3,POU4F3,POU4F3,,,POU4F3,,POU4F3,POU4F3,POU4F3,POU4F3,,POU4F3,POU4F3,POU4F3,,,POU4F3,,,POU4F3,,POU4F3,,POU4F3,POU4F3,,POU4F3,POU4F3
OSBPL8,,OSBPL8,,OSBPL8,,,,OSBPL8,,OSBPL8,,,,,PLA2G4C,,AHR,,,,,,,OSBPL8,,OSBPL8,OSBPL8,,OSBPL8,,OSBPL8,OSBPL8,,OSBPL8,OSBPL8,,OSBPL8,OSBPL8,OSBPL8,,OSBPL8,OSBPL8,OSBPL8,OSBPL8,OSBPL8,,OSBPL8,GATB,OSBPL8,OSBPL8,OSBPL8,,OSBPL8,OSBPL8,,,,OSBPL8,OSBPL8,OSBPL8,,,OSBPL8,,,OSBPL8,,OSBPL8,OSBPL8,,OSBPL8,OSBPL8,OSBPL8,,,OSBPL8,,OSBPL8,OSBPL8,OSBPL8,OSBPL8,,OSBPL8,OSBPL8,OSBPL8,,,OSBPL8,,,OSBPL8,,OSBPL8,,OSBPL8,OSBPL8,,OSBPL8,OSBPL8
DTX2,,DTX2,,DTX2,,,,DTX2,,DTX2,,,,,SIGLEC5,,SLC1A3,,,,,,,DTX2,,DTX2,DTX2,,DTX2,,DTX2,DTX2,,DTX2,DTX2,,DTX2,DTX2,DTX2,,DTX2,DTX2,DTX2,DTX2,DTX2,,DTX2,GATB,DTX2,DTX2,DTX2,,DTX2,DTX2,,,,DTX2,DTX2,DTX2,,,DTX2,,,DTX2,,DTX2,DTX2,,DTX2,DTX2,DTX2,,,DTX2,,DTX2,DTX2,DTX2,DTX2,,DTX2,DTX2,DTX2,,,DTX2,,,DTX2,,DTX2,,DTX2,DTX2,,DTX2,DTX2
NLRC4,,NLRC4,,NLRC4,,,,NLRC4,,NLRC4,,,,,CABP5,,LGALS8,,,,,,,NLRC4,,NLRC4,NLRC4,,NLRC4,,NLRC4,NLRC4,,NLRC4,NLRC4,,NLRC4,NLRC4,NLRC4,,NLRC4,NLRC4,NLRC4,NLRC4,NLRC4,,NLRC4,GATB,NLRC4,NLRC4,NLRC4,,NLRC4,NLRC4,,,,NLRC4,NLRC4,NLRC4,,,NLRC4,,,NLRC4,,NLRC4,NLRC4,,NLRC4,NLRC4,NLRC4,,,NLRC4,,NLRC4,NLRC4,NLRC4,NLRC4,,NLRC4,NLRC4,NLRC4,,,NLRC4,,,NLRC4,,NLRC4,,NLRC4,NLRC4,,NLRC4,NLRC4
PUS7,,PUS7,,PUS7,,,,PUS7,,PUS7,,,,,HAS1,,SCARB1,,,,,,,PUS7,,PUS7,PUS7,,PUS7,,PUS7,PUS7,,PUS7,PUS7,,PUS7,PUS7,PUS7,,PUS7,PUS7,PUS7,PUS7,PUS7,,PUS7,GATB,PUS7,PUS7,PUS7,,PUS7,PUS7,,,,PUS7,PUS7,PUS7,,,PUS7,,,PUS7,,PUS7,PUS7,,PUS7,PUS7,PUS7,,,PUS7,,PUS7,PUS7,PUS7,PUS7,,PUS7,PUS7,PUS7,,,PUS7,,,PUS7,,PUS7,,PUS7,PUS7,,PUS7,PUS7
LAMB4,,LAMB4,,LAMB4,,,,LAMB4,,LAMB4,,,,,RAB3D,,AASS,,,,,,,LAMB4,,LAMB4,LAMB4,,LAMB4,,LAMB4,LAMB4,,LAMB4,LAMB4,,LAMB4,LAMB4,LAMB4,,LAMB4,LAMB4,LAMB4,LAMB4,LAMB4,,LAMB4,GATB,LAMB4,LAMB4,LAMB4,,LAMB4,LAMB4,,,,LAMB4,LAMB4,LAMB4,,,LAMB4,,,LAMB4,,LAMB4,LAMB4,,LAMB4,LAMB4,LAMB4,,,LAMB4,,LAMB4,LAMB4,LAMB4,LAMB4,,LAMB4,LAMB4,LAMB4,,,LAMB4,,,LAMB4,,LAMB4,,LAMB4,LAMB4,,LAMB4,LAMB4
NRCAM,,NRCAM,,NRCAM,,,,NRCAM,,NRCAM,,,,,DBP,,VEZT,,,,,,,NRCAM,,NRCAM,NRCAM,,NRCAM,,NRCAM,NRCAM,,NRCAM,NRCAM,,NRCAM,NRCAM,NRCAM,,NRCAM,NRCAM,NRCAM,NRCAM,NRCAM,,NRCAM,GATB,NRCAM,NRCAM,NRCAM,,NRCAM,NRCAM,,,,NRCAM,NRCAM,NRCAM,,,NRCAM,,,NRCAM,,NRCAM,NRCAM,,NRCAM,NRCAM,NRCAM,,,NRCAM,,NRCAM,NRCAM,NRCAM,NRCAM,,NRCAM,NRCAM,NRCAM,,,NRCAM,,,NRCAM,,NRCAM,,NRCAM,NRCAM,,NRCAM,NRCAM
LAMB1,,LAMB1,,LAMB1,,,,LAMB1,,LAMB1,,,,,TMEM205,,CD48,,,,,,,LAMB1,,LAMB1,LAMB1,,LAMB1,,LAMB1,LAMB1,,LAMB1,LAMB1,,LAMB1,LAMB1,LAMB1,,LAMB1,LAMB1,LAMB1,LAMB1,LAMB1,,LAMB1,GATB,LAMB1,LAMB1,LAMB1,,LAMB1,LAMB1,,,,LAMB1,LAMB1,LAMB1,,,LAMB1,,,LAMB1,,LAMB1,LAMB1,,LAMB1,LAMB1,LAMB1,,,LAMB1,,LAMB1,LAMB1,LAMB1,LAMB1,,LAMB1,LAMB1,LAMB1,,,LAMB1,,,LAMB1,,LAMB1,,LAMB1,LAMB1,,LAMB1,LAMB1
SLC26A4,,SLC26A4,,SLC26A4,,,,SLC26A4,,SLC26A4,,,,,CAPS,,GCLM,,,,,,,SLC26A4,,SLC26A4,SLC26A4,,SLC26A4,,SLC26A4,SLC26A4,,SLC26A4,SLC26A4,,SLC26A4,SLC26A4,SLC26A4,,SLC26A4,SLC26A4,SLC26A4,SLC26A4,SLC26A4,,SLC26A4,GATB,SLC26A4,SLC26A4,SLC26A4,,SLC26A4,SLC26A4,,,,SLC26A4,SLC26A4,SLC26A4,,,SLC26A4,,,SLC26A4,,SLC26A4,SLC26A4,,SLC26A4,SLC26A4,SLC26A4,,,SLC26A4,,SLC26A4,SLC26A4,SLC26A4,SLC26A4,,SLC26A4,SLC26A4,SLC26A4,,,SLC26A4,,,SLC26A4,,SLC26A4,,SLC26A4,SLC26A4,,SLC26A4,SLC26A4
SLC26A3,,SLC26A3,,SLC26A3,,,,SLC26A3,,SLC26A3,,,,,PLPPR2,,AASS,,,,,,,SLC26A3,,SLC26A3,SLC26A3,,SLC26A3,,SLC26A3,SLC26A3,,SLC26A3,SLC26A3,,SLC26A3,SLC26A3,SLC26A3,,SLC26A3,SLC26A3,SLC26A3,SLC26A3,SLC26A3,,SLC26A3,GATB,SLC26A3,SLC26A3,SLC26A3,,SLC26A3,SLC26A3,,,,SLC26A3,SLC26A3,SLC26A3,,,SLC26A3,,,SLC26A3,,SLC26A3,SLC26A3,,SLC26A3,SLC26A3,SLC26A3,,,SLC26A3,,SLC26A3,SLC26A3,SLC26A3,SLC26A3,,SLC26A3,SLC26A3,SLC26A3,,,SLC26A3,,,SLC26A3,,SLC26A3,,SLC26A3,SLC26A3,,SLC26A3,SLC26A3
DLD,,DLD,,DLD,,,,DLD,,DLD,,,,,FAM83E,,IFRD1,,,,,,,DLD,,DLD,DLD,,DLD,,DLD,DLD,,DLD,DLD,,DLD,DLD,DLD,,DLD,DLD,DLD,DLD,DLD,,DLD,GATB,DLD,DLD,DLD,,DLD,DLD,,,,DLD,DLD,DLD,,,DLD,,,DLD,,DLD,DLD,,DLD,DLD,DLD,,,DLD,,DLD,DLD,DLD,DLD,,DLD,DLD,DLD,,,DLD,,,DLD,,DLD,,DLD,DLD,,DLD,DLD
WDR7,,WDR7,,WDR7,,,,WDR7,,WDR7,,,,,RASIP1,,RHBDF1,,,,,,,WDR7,,WDR7,WDR7,,WDR7,,WDR7,WDR7,,WDR7,WDR7,,WDR7,WDR7,WDR7,,WDR7,WDR7,WDR7,WDR7,WDR7,,WDR7,GATB,WDR7,WDR7,WDR7,,WDR7,WDR7,,,,WDR7,WDR7,WDR7,,,WDR7,,,WDR7,,WDR7,WDR7,,WDR7,WDR7,WDR7,,,WDR7,,WDR7,WDR7,WDR7,WDR7,,WDR7,WDR7,WDR7,,,WDR7,,,WDR7,,WDR7,,WDR7,WDR7,,WDR7,WDR7
TXNL1,,TXNL1,,TXNL1,,,,TXNL1,,TXNL1,,,,,THEG,,RUNX3,,,,,,,TXNL1,,TXNL1,TXNL1,,TXNL1,,TXNL1,TXNL1,,TXNL1,TXNL1,,TXNL1,TXNL1,TXNL1,,TXNL1,TXNL1,TXNL1,TXNL1,TXNL1,,TXNL1,GATB,TXNL1,TXNL1,TXNL1,,TXNL1,TXNL1,,,,TXNL1,TXNL1,TXNL1,,,TXNL1,,,TXNL1,,TXNL1,TXNL1,,TXNL1,TXNL1,TXNL1,,,TXNL1,,TXNL1,TXNL1,TXNL1,TXNL1,,TXNL1,TXNL1,TXNL1,,,TXNL1,,,TXNL1,,TXNL1,,TXNL1,TXNL1,,TXNL1,TXNL1
IL5RA,,IL5RA,,IL5RA,,,,IL5RA,,IL5RA,,,,,FGF21,,ICAM3,,,,,,,IL5RA,,IL5RA,IL5RA,,IL5RA,,IL5RA,IL5RA,,IL5RA,IL5RA,,IL5RA,IL5RA,IL5RA,,IL5RA,IL5RA,IL5RA,IL5RA,IL5RA,,IL5RA,GATB,IL5RA,IL5RA,IL5RA,,IL5RA,IL5RA,,,,IL5RA,IL5RA,IL5RA,,,IL5RA,,,IL5RA,,IL5RA,IL5RA,,IL5RA,IL5RA,IL5RA,,,IL5RA,,IL5RA,IL5RA,IL5RA,IL5RA,,IL5RA,IL5RA,IL5RA,,,IL5RA,,,IL5RA,,IL5RA,,IL5RA,IL5RA,,IL5RA,IL5RA
ABCC6,,ABCC6,,ABCC6,,,,ABCC6,,ABCC6,,,,,BCAT2,,CD79B,,,,,,,ABCC6,,ABCC6,ABCC6,,ABCC6,,ABCC6,ABCC6,,ABCC6,ABCC6,,ABCC6,ABCC6,ABCC6,,ABCC6,ABCC6,ABCC6,ABCC6,ABCC6,,ABCC6,GATB,ABCC6,ABCC6,ABCC6,,ABCC6,ABCC6,,,,ABCC6,ABCC6,ABCC6,,,ABCC6,,,ABCC6,,ABCC6,ABCC6,,ABCC6,ABCC6,ABCC6,,,ABCC6,,ABCC6,ABCC6,ABCC6,ABCC6,,ABCC6,ABCC6,ABCC6,,,ABCC6,,,ABCC6,,ABCC6,,ABCC6,ABCC6,,ABCC6,ABCC6
CMTM6,,CMTM6,,CMTM6,,,,CMTM6,,CMTM6,,,,,MIER2,,TFAP2B,,,,,,,CMTM6,,CMTM6,CMTM6,,CMTM6,,CMTM6,CMTM6,,CMTM6,CMTM6,,CMTM6,CMTM6,CMTM6,,CMTM6,CMTM6,CMTM6,CMTM6,CMTM6,,CMTM6,GATB,CMTM6,CMTM6,CMTM6,,CMTM6,CMTM6,,,,CMTM6,CMTM6,CMTM6,,,CMTM6,,,CMTM6,,CMTM6,CMTM6,,CMTM6,CMTM6,CMTM6,,,CMTM6,,CMTM6,CMTM6,CMTM6,CMTM6,,CMTM6,CMTM6,CMTM6,,,CMTM6,,,CMTM6,,CMTM6,,CMTM6,CMTM6,,CMTM6,CMTM6
ITGA6,,ITGA6,,ITGA6,,,,ITGA6,,ITGA6,,,,,PLEKHA4,,SCARB1,,,,,,,ITGA6,,ITGA6,ITGA6,,ITGA6,,ITGA6,ITGA6,,ITGA6,ITGA6,,ITGA6,ITGA6,ITGA6,,ITGA6,ITGA6,ITGA6,ITGA6,ITGA6,,ITGA6,GATB,ITGA6,ITGA6,ITGA6,,ITGA6,ITGA6,,,,ITGA6,ITGA6,ITGA6,,,ITGA6,,,ITGA6,,ITGA6,ITGA6,,ITGA6,ITGA6,ITGA6,,,ITGA6,,ITGA6,ITGA6,ITGA6,ITGA6,,ITGA6,ITGA6,ITGA6,,,ITGA6,,,ITGA6,,ITGA6,,ITGA6,ITGA6,,ITGA6,ITGA6
RAPGEF4,,RAPGEF4,,RAPGEF4,,,,RAPGEF4,,RAPGEF4,,,,,PPP2R1A,,SLC4A8,,,,,,,RAPGEF4,,RAPGEF4,RAPGEF4,,RAPGEF4,,RAPGEF4,RAPGEF4,,RAPGEF4,RAPGEF4,,RAPGEF4,RAPGEF4,RAPGEF4,,RAPGEF4,RAPGEF4,RAPGEF4,RAPGEF4,RAPGEF4,,RAPGEF4,GATB,RAPGEF4,RAPGEF4,RAPGEF4,,RAPGEF4,RAPGEF4,,,,RAPGEF4,RAPGEF4,RAPGEF4,,,RAPGEF4,,,RAPGEF4,,RAPGEF4,RAPGEF4,,RAPGEF4,RAPGEF4,RAPGEF4,,,RAPGEF4,,RAPGEF4,RAPGEF4,RAPGEF4,RAPGEF4,,RAPGEF4,RAPGEF4,RAPGEF4,,,RAPGEF4,,,RAPGEF4,,RAPGEF4,,RAPGEF4,RAPGEF4,,RAPGEF4,RAPGEF4
MAP3K20,,MAP3K20,,MAP3K20,,,,MAP3K20,,MAP3K20,,,,,TNPO2,,FTL,,,,,,,MAP3K20,,MAP3K20,MAP3K20,,MAP3K20,,MAP3K20,MAP3K20,,MAP3K20,MAP3K20,,MAP3K20,MAP3K20,MAP3K20,,MAP3K20,MAP3K20,MAP3K20,MAP3K20,MAP3K20,,MAP3K20,GATB,MAP3K20,MAP3K20,MAP3K20,,MAP3K20,MAP3K20,,,,MAP3K20,MAP3K20,MAP3K20,,,MAP3K20,,,MAP3K20,,MAP3K20,MAP3K20,,MAP3K20,MAP3K20,MAP3K20,,,MAP3K20,,MAP3K20,MAP3K20,MAP3K20,MAP3K20,,MAP3K20,MAP3K20,MAP3K20,,,MAP3K20,,,MAP3K20,,MAP3K20,,MAP3K20,MAP3K20,,MAP3K20,MAP3K20
FH,,FH,,FH,,,,FH,,FH,,,,,WDR83OS,,TRAF1,,,,,,,FH,,FH,FH,,FH,,FH,FH,,FH,FH,,FH,FH,FH,,FH,FH,FH,FH,FH,,FH,GATB,FH,FH,FH,,FH,FH,,,,FH,FH,FH,,,FH,,,FH,,FH,FH,,FH,FH,FH,,,FH,,FH,FH,FH,FH,,FH,FH,FH,,,FH,,,FH,,FH,,FH,FH,,FH,FH
SEL1L3,,SEL1L3,,SEL1L3,,,,SEL1L3,,SEL1L3,,,,,CACNG7,,ICA1,,,,,,,SEL1L3,,SEL1L3,SEL1L3,,SEL1L3,,SEL1L3,SEL1L3,,SEL1L3,SEL1L3,,SEL1L3,SEL1L3,SEL1L3,,SEL1L3,SEL1L3,SEL1L3,SEL1L3,SEL1L3,,SEL1L3,GATB,SEL1L3,SEL1L3,SEL1L3,,SEL1L3,SEL1L3,,,,SEL1L3,SEL1L3,SEL1L3,,,SEL1L3,,,SEL1L3,,SEL1L3,SEL1L3,,SEL1L3,SEL1L3,SEL1L3,,,SEL1L3,,SEL1L3,SEL1L3,SEL1L3,SEL1L3,,SEL1L3,SEL1L3,SEL1L3,,,SEL1L3,,,SEL1L3,,SEL1L3,,SEL1L3,SEL1L3,,SEL1L3,SEL1L3
TF,,TF,,TF,,,,TF,,TF,,,,,GCDH,,IL26,,,,,,,TF,,TF,TF,,TF,,TF,TF,,TF,TF,,TF,TF,TF,,TF,TF,TF,TF,TF,,TF,GATB,TF,TF,TF,,TF,TF,,,,TF,TF,TF,,,TF,,,TF,,TF,TF,,TF,TF,TF,,,TF,,TF,TF,TF,TF,,TF,TF,TF,,,TF,,,TF,,TF,,TF,TF,,TF,TF
CDV3,,CDV3,,CDV3,,,,CDV3,,CDV3,,,,,LILRB5,,IL7,,,,,,,CDV3,,CDV3,CDV3,,CDV3,,CDV3,CDV3,,CDV3,CDV3,,CDV3,CDV3,CDV3,,CDV3,CDV3,CDV3,CDV3,CDV3,,CDV3,GATB,CDV3,CDV3,CDV3,,CDV3,CDV3,,,,CDV3,CDV3,CDV3,,,CDV3,,,CDV3,,CDV3,CDV3,,CDV3,CDV3,CDV3,,,CDV3,,CDV3,CDV3,CDV3,CDV3,,CDV3,CDV3,CDV3,,,CDV3,,,CDV3,,CDV3,,CDV3,CDV3,,CDV3,CDV3
MYO15A,,MYO15A,,MYO15A,,,,MYO15A,,MYO15A,,,,,KLF1,,OSBPL6,,,,,,,MYO15A,,MYO15A,MYO15A,,MYO15A,,MYO15A,MYO15A,,MYO15A,MYO15A,,MYO15A,MYO15A,MYO15A,,MYO15A,MYO15A,MYO15A,MYO15A,MYO15A,,MYO15A,GATB,MYO15A,MYO15A,MYO15A,,MYO15A,MYO15A,,,,MYO15A,MYO15A,MYO15A,,,MYO15A,,,MYO15A,,MYO15A,MYO15A,,MYO15A,MYO15A,MYO15A,,,MYO15A,,MYO15A,MYO15A,MYO15A,MYO15A,,MYO15A,MYO15A,MYO15A,,,MYO15A,,,MYO15A,,MYO15A,,MYO15A,MYO15A,,MYO15A,MYO15A
ALKBH5,,ALKBH5,,ALKBH5,,,,ALKBH5,,ALKBH5,,,,,DNASE2,,TFRC,,,,,,,ALKBH5,,ALKBH5,ALKBH5,,ALKBH5,,ALKBH5,ALKBH5,,ALKBH5,ALKBH5,,ALKBH5,ALKBH5,ALKBH5,,ALKBH5,ALKBH5,ALKBH5,ALKBH5,ALKBH5,,ALKBH5,GATB,ALKBH5,ALKBH5,ALKBH5,,ALKBH5,ALKBH5,,,,ALKBH5,ALKBH5,ALKBH5,,,ALKBH5,,,ALKBH5,,ALKBH5,ALKBH5,,ALKBH5,ALKBH5,ALKBH5,,,ALKBH5,,ALKBH5,ALKBH5,ALKBH5,ALKBH5,,ALKBH5,ALKBH5,ALKBH5,,,ALKBH5,,,ALKBH5,,ALKBH5,,ALKBH5,ALKBH5,,ALKBH5,ALKBH5
APOH,,APOH,,APOH,,,,APOH,,APOH,,,,,MAST1,,TNFRSF1B,,,,,,,APOH,,APOH,APOH,,APOH,,APOH,APOH,,APOH,APOH,,APOH,APOH,APOH,,APOH,APOH,APOH,APOH,APOH,,APOH,GATB,APOH,APOH,APOH,,APOH,APOH,,,,APOH,APOH,APOH,,,APOH,,,APOH,,APOH,APOH,,APOH,APOH,APOH,,,APOH,,APOH,APOH,APOH,APOH,,APOH,APOH,APOH,,,APOH,,,APOH,,APOH,,APOH,APOH,,APOH,APOH
NLRP1,,NLRP1,,NLRP1,,,,NLRP1,,NLRP1,,,,,LENG1,,SCARB1,,,,,,,NLRP1,,NLRP1,NLRP1,,NLRP1,,NLRP1,NLRP1,,NLRP1,NLRP1,,NLRP1,NLRP1,NLRP1,,NLRP1,NLRP1,NLRP1,NLRP1,NLRP1,,NLRP1,GATB,NLRP1,NLRP1,NLRP1,,NLRP1,NLRP1,,,,NLRP1,NLRP1,NLRP1,,,NLRP1,,,NLRP1,,NLRP1,NLRP1,,NLRP1,NLRP1,NLRP1,,,NLRP1,,NLRP1,NLRP1,NLRP1,NLRP1,,NLRP1,NLRP1,NLRP1,,,NLRP1,,,NLRP1,,NLRP1,,NLRP1,NLRP1,,NLRP1,NLRP1
PITPNM3,,PITPNM3,,PITPNM3,,,,PITPNM3,,PITPNM3,,,,,PRPF31,,FCGRT,,,,,,,PITPNM3,,PITPNM3,PITPNM3,,PITPNM3,,PITPNM3,PITPNM3,,PITPNM3,PITPNM3,,PITPNM3,PITPNM3,PITPNM3,,PITPNM3,PITPNM3,PITPNM3,PITPNM3,PITPNM3,,PITPNM3,GATB,PITPNM3,PITPNM3,PITPNM3,,PITPNM3,PITPNM3,,,,PITPNM3,PITPNM3,PITPNM3,,,PITPNM3,,,PITPNM3,,PITPNM3,PITPNM3,,PITPNM3,PITPNM3,PITPNM3,,,PITPNM3,,PITPNM3,PITPNM3,PITPNM3,PITPNM3,,PITPNM3,PITPNM3,PITPNM3,,,PITPNM3,,,PITPNM3,,PITPNM3,,PITPNM3,PITPNM3,,PITPNM3,PITPNM3
SPAG7,,SPAG7,,SPAG7,,,,SPAG7,,SPAG7,,,,,TFPT,,LILRB1,,,,,,,SPAG7,,SPAG7,SPAG7,,SPAG7,,SPAG7,SPAG7,,SPAG7,SPAG7,,SPAG7,SPAG7,SPAG7,,SPAG7,SPAG7,SPAG7,SPAG7,SPAG7,,SPAG7,GATB,SPAG7,SPAG7,SPAG7,,SPAG7,SPAG7,,,,SPAG7,SPAG7,SPAG7,,,SPAG7,,,SPAG7,,SPAG7,SPAG7,,SPAG7,SPAG7,SPAG7,,,SPAG7,,SPAG7,SPAG7,SPAG7,SPAG7,,SPAG7,SPAG7,SPAG7,,,SPAG7,,,SPAG7,,SPAG7,,SPAG7,SPAG7,,SPAG7,SPAG7
ORC6,,ORC6,,ORC6,,,,ORC6,,ORC6,,,,,JAK3,,OSGEP,,,,,,,ORC6,,ORC6,ORC6,,ORC6,,ORC6,ORC6,,ORC6,ORC6,,ORC6,ORC6,ORC6,,ORC6,ORC6,ORC6,ORC6,ORC6,,ORC6,GATB,ORC6,ORC6,ORC6,,ORC6,ORC6,,,,ORC6,ORC6,ORC6,,,ORC6,,,ORC6,,ORC6,ORC6,,ORC6,ORC6,ORC6,,,ORC6,,ORC6,ORC6,ORC6,ORC6,,ORC6,ORC6,ORC6,,,ORC6,,,ORC6,,ORC6,,ORC6,ORC6,,ORC6,ORC6
ZFHX4,,ZFHX4,,ZFHX4,,,,ZFHX4,,ZFHX4,,,,,SLC5A5,,KYNU,,,,,,,ZFHX4,,ZFHX4,ZFHX4,,ZFHX4,,ZFHX4,ZFHX4,,ZFHX4,ZFHX4,,ZFHX4,ZFHX4,ZFHX4,,ZFHX4,ZFHX4,ZFHX4,ZFHX4,ZFHX4,,ZFHX4,GATB,ZFHX4,ZFHX4,ZFHX4,,ZFHX4,ZFHX4,,,,ZFHX4,ZFHX4,ZFHX4,,,ZFHX4,,,ZFHX4,,ZFHX4,ZFHX4,,ZFHX4,ZFHX4,ZFHX4,,,ZFHX4,,ZFHX4,ZFHX4,ZFHX4,ZFHX4,,ZFHX4,ZFHX4,ZFHX4,,,ZFHX4,,,ZFHX4,,ZFHX4,,ZFHX4,ZFHX4,,ZFHX4,ZFHX4
SLC17A6,,SLC17A6,,SLC17A6,,,,SLC17A6,,SLC17A6,,,,,KCNN1,,LYRM2,,,,,,,SLC17A6,,SLC17A6,SLC17A6,,SLC17A6,,SLC17A6,SLC17A6,,SLC17A6,SLC17A6,,SLC17A6,SLC17A6,SLC17A6,,SLC17A6,SLC17A6,SLC17A6,SLC17A6,SLC17A6,,SLC17A6,GATB,SLC17A6,SLC17A6,SLC17A6,,SLC17A6,SLC17A6,,,,SLC17A6,SLC17A6,SLC17A6,,,SLC17A6,,,SLC17A6,,SLC17A6,SLC17A6,,SLC17A6,SLC17A6,SLC17A6,,,SLC17A6,,SLC17A6,SLC17A6,SLC17A6,SLC17A6,,SLC17A6,SLC17A6,SLC17A6,,,SLC17A6,,,SLC17A6,,SLC17A6,,SLC17A6,SLC17A6,,SLC17A6,SLC17A6
CPA1,,CPA1,,CPA1,,,,CPA1,,CPA1,,,,,ARRDC2,,VEZT,,,,,,,CPA1,,CPA1,CPA1,,CPA1,,CPA1,CPA1,,CPA1,CPA1,,CPA1,CPA1,CPA1,,CPA1,CPA1,CPA1,CPA1,CPA1,,CPA1,GATB,CPA1,CPA1,CPA1,,CPA1,CPA1,,,,CPA1,CPA1,CPA1,,,CPA1,,,CPA1,,CPA1,CPA1,,CPA1,CPA1,CPA1,,,CPA1,,CPA1,CPA1,CPA1,CPA1,,CPA1,CPA1,CPA1,,,CPA1,,,CPA1,,CPA1,,CPA1,CPA1,,CPA1,CPA1
ZC3HC1,,ZC3HC1,,ZC3HC1,,,,ZC3HC1,,ZC3HC1,,,,,PIK3R2,,FGL1,,,,,,,ZC3HC1,,ZC3HC1,ZC3HC1,,ZC3HC1,,ZC3HC1,ZC3HC1,,ZC3HC1,ZC3HC1,,ZC3HC1,ZC3HC1,ZC3HC1,,ZC3HC1,ZC3HC1,ZC3HC1,ZC3HC1,ZC3HC1,,ZC3HC1,GATB,ZC3HC1,ZC3HC1,ZC3HC1,,ZC3HC1,ZC3HC1,,,,ZC3HC1,ZC3HC1,ZC3HC1,,,ZC3HC1,,,ZC3HC1,,ZC3HC1,ZC3HC1,,ZC3HC1,ZC3HC1,ZC3HC1,,,ZC3HC1,,ZC3HC1,ZC3HC1,ZC3HC1,ZC3HC1,,ZC3HC1,ZC3HC1,ZC3HC1,,,ZC3HC1,,,ZC3HC1,,ZC3HC1,,ZC3HC1,ZC3HC1,,ZC3HC1,ZC3HC1
ESR1,,ESR1,,ESR1,,,,ESR1,,ESR1,,,,,RAB3A,,FTL,,,,,,,ESR1,,ESR1,ESR1,,ESR1,,ESR1,ESR1,,ESR1,ESR1,,ESR1,ESR1,ESR1,,ESR1,ESR1,ESR1,ESR1,ESR1,,ESR1,GATB,ESR1,ESR1,ESR1,,ESR1,ESR1,,,,ESR1,ESR1,ESR1,,,ESR1,,,ESR1,,ESR1,ESR1,,ESR1,ESR1,ESR1,,,ESR1,,ESR1,ESR1,ESR1,ESR1,,ESR1,ESR1,ESR1,,,ESR1,,,ESR1,,ESR1,,ESR1,ESR1,,ESR1,ESR1
RGS17,,RGS17,,RGS17,,,,RGS17,,RGS17,,,,,PDE4C,,IFRD1,,,,,,,RGS17,,RGS17,RGS17,,RGS17,,RGS17,RGS17,,RGS17,RGS17,,RGS17,RGS17,RGS17,,RGS17,RGS17,RGS17,RGS17,RGS17,,RGS17,GATB,RGS17,RGS17,RGS17,,RGS17,RGS17,,,,RGS17,RGS17,RGS17,,,RGS17,,,RGS17,,RGS17,RGS17,,RGS17,RGS17,RGS17,,,RGS17,,RGS17,RGS17,RGS17,RGS17,,RGS17,RGS17,RGS17,,,RGS17,,,RGS17,,RGS17,,RGS17,RGS17,,RGS17,RGS17
ANGPT2,,ANGPT2,,ANGPT2,,,,ANGPT2,,ANGPT2,,,,,ISYNA1,,AASS,,,,,,,ANGPT2,,ANGPT2,ANGPT2,,ANGPT2,,ANGPT2,ANGPT2,,ANGPT2,ANGPT2,,ANGPT2,ANGPT2,ANGPT2,,ANGPT2,ANGPT2,ANGPT2,ANGPT2,ANGPT2,,ANGPT2,GATB,ANGPT2,ANGPT2,ANGPT2,,ANGPT2,ANGPT2,,,,ANGPT2,ANGPT2,ANGPT2,,,ANGPT2,,,ANGPT2,,ANGPT2,ANGPT2,,ANGPT2,ANGPT2,ANGPT2,,,ANGPT2,,ANGPT2,ANGPT2,ANGPT2,ANGPT2,,ANGPT2,ANGPT2,ANGPT2,,,ANGPT2,,,ANGPT2,,ANGPT2,,ANGPT2,ANGPT2,,ANGPT2,ANGPT2
TMEM101,,TMEM101,,TMEM101,,,,TMEM101,,TMEM101,,,,,ELL,,TFRC,,,,,,,TMEM101,,TMEM101,TMEM101,,TMEM101,,TMEM101,TMEM101,,TMEM101,TMEM101,,TMEM101,TMEM101,TMEM101,,TMEM101,TMEM101,TMEM101,TMEM101,TMEM101,,TMEM101,GATB,TMEM101,TMEM101,TMEM101,,TMEM101,TMEM101,,,,TMEM101,TMEM101,TMEM101,,,TMEM101,,,TMEM101,,TMEM101,TMEM101,,TMEM101,TMEM101,TMEM101,,,TMEM101,,TMEM101,TMEM101,TMEM101,TMEM101,,TMEM101,TMEM101,TMEM101,,,TMEM101,,,TMEM101,,TMEM101,,TMEM101,TMEM101,,TMEM101,TMEM101
CD200,,CD200,,CD200,,,,CD200,,CD200,,,,,CRTC1,,CCL13,,,,,,,CD200,,CD200,CD200,,CD200,,CD200,CD200,,CD200,CD200,,CD200,CD200,CD200,,CD200,CD200,CD200,CD200,CD200,,CD200,GATB,CD200,CD200,CD200,,CD200,CD200,,,,CD200,CD200,CD200,,,CD200,,,CD200,,CD200,CD200,,CD200,CD200,CD200,,,CD200,,CD200,CD200,CD200,CD200,,CD200,CD200,CD200,,,CD200,,,CD200,,CD200,,CD200,CD200,,CD200,CD200
CCDC80,,CCDC80,,CCDC80,,,,CCDC80,,CCDC80,,,,,COMP,,KYNU,,,,,,,CCDC80,,CCDC80,CCDC80,,CCDC80,,CCDC80,CCDC80,,CCDC80,CCDC80,,CCDC80,CCDC80,CCDC80,,CCDC80,CCDC80,CCDC80,CCDC80,CCDC80,,CCDC80,GATB,CCDC80,CCDC80,CCDC80,,CCDC80,CCDC80,,,,CCDC80,CCDC80,CCDC80,,,CCDC80,,,CCDC80,,CCDC80,CCDC80,,CCDC80,CCDC80,CCDC80,,,CCDC80,,CCDC80,CCDC80,CCDC80,CCDC80,,CCDC80,CCDC80,CCDC80,,,CCDC80,,,CCDC80,,CCDC80,,CCDC80,CCDC80,,CCDC80,CCDC80
CMA1,,CMA1,,CMA1,,,,CMA1,,CMA1,,,,,UPK1A,,FTL,,,,,,,CMA1,,CMA1,CMA1,,CMA1,,CMA1,CMA1,,CMA1,CMA1,,CMA1,CMA1,CMA1,,CMA1,CMA1,CMA1,CMA1,CMA1,,CMA1,GATB,CMA1,CMA1,CMA1,,CMA1,CMA1,,,,CMA1,CMA1,CMA1,,,CMA1,,,CMA1,,CMA1,CMA1,,CMA1,CMA1,CMA1,,,CMA1,,CMA1,CMA1,CMA1,CMA1,,CMA1,CMA1,CMA1,,,CMA1,,,CMA1,,CMA1,,CMA1,CMA1,,CMA1,CMA1
PSME1,,PSME1,,PSME1,,,,PSME1,,PSME1,,,,,COPE,,TRAF3IP3,,,,,,,PSME1,,PSME1,PSME1,,PSME1,,PSME1,PSME1,,PSME1,PSME1,,PSME1,PSME1,PSME1,,PSME1,PSME1,PSME1,PSME1,PSME1,,PSME1,GATB,PSME1,PSME1,PSME1,,PSME1,PSME1,,,,PSME1,PSME1,PSME1,,,PSME1,,,PSME1,,PSME1,PSME1,,PSME1,PSME1,PSME1,,,PSME1,,PSME1,PSME1,PSME1,PSME1,,PSME1,PSME1,PSME1,,,PSME1,,,PSME1,,PSME1,,PSME1,PSME1,,PSME1,PSME1
PPP2R3C,,PPP2R3C,,PPP2R3C,,,,PPP2R3C,,PPP2R3C,,,,,DDX49,,RHOBTB2,,,,,,,PPP2R3C,,PPP2R3C,PPP2R3C,,PPP2R3C,,PPP2R3C,PPP2R3C,,PPP2R3C,PPP2R3C,,PPP2R3C,PPP2R3C,PPP2R3C,,PPP2R3C,PPP2R3C,PPP2R3C,PPP2R3C,PPP2R3C,,PPP2R3C,GATB,PPP2R3C,PPP2R3C,PPP2R3C,,PPP2R3C,PPP2R3C,,,,PPP2R3C,PPP2R3C,PPP2R3C,,,PPP2R3C,,,PPP2R3C,,PPP2R3C,PPP2R3C,,PPP2R3C,PPP2R3C,PPP2R3C,,,PPP2R3C,,PPP2R3C,PPP2R3C,PPP2R3C,PPP2R3C,,PPP2R3C,PPP2R3C,PPP2R3C,,,PPP2R3C,,,PPP2R3C,,PPP2R3C,,PPP2R3C,PPP2R3C,,PPP2R3C,PPP2R3C
HAUS4,,HAUS4,,HAUS4,,,,HAUS4,,HAUS4,,,,,ETV2,,CD79B,,,,,,,HAUS4,,HAUS4,HAUS4,,HAUS4,,HAUS4,HAUS4,,HAUS4,HAUS4,,HAUS4,HAUS4,HAUS4,,HAUS4,HAUS4,HAUS4,HAUS4,HAUS4,,HAUS4,GATB,HAUS4,HAUS4,HAUS4,,HAUS4,HAUS4,,,,HAUS4,HAUS4,HAUS4,,,HAUS4,,,HAUS4,,HAUS4,HAUS4,,HAUS4,HAUS4,HAUS4,,,HAUS4,,HAUS4,HAUS4,HAUS4,HAUS4,,HAUS4,HAUS4,HAUS4,,,HAUS4,,,HAUS4,,HAUS4,,HAUS4,HAUS4,,HAUS4,HAUS4
JPH4,,JPH4,,JPH4,,,,JPH4,,JPH4,,,,,ATP4A,,CXCL6,,,,,,,JPH4,,JPH4,JPH4,,JPH4,,JPH4,JPH4,,JPH4,JPH4,,JPH4,JPH4,JPH4,,JPH4,JPH4,JPH4,JPH4,JPH4,,JPH4,GATB,JPH4,JPH4,JPH4,,JPH4,JPH4,,,,JPH4,JPH4,JPH4,,,JPH4,,,JPH4,,JPH4,JPH4,,JPH4,JPH4,JPH4,,,JPH4,,JPH4,JPH4,JPH4,JPH4,,JPH4,JPH4,JPH4,,,JPH4,,,JPH4,,JPH4,,JPH4,JPH4,,JPH4,JPH4
MYH7,,MYH7,,MYH7,,,,MYH7,,MYH7,,,,,ARMC6,,SELL,,,,,,,MYH7,,MYH7,MYH7,,MYH7,,MYH7,MYH7,,MYH7,MYH7,,MYH7,MYH7,MYH7,,MYH7,MYH7,MYH7,MYH7,MYH7,,MYH7,GATB,MYH7,MYH7,MYH7,,MYH7,MYH7,,,,MYH7,MYH7,MYH7,,,MYH7,,,MYH7,,MYH7,MYH7,,MYH7,MYH7,MYH7,,,MYH7,,MYH7,MYH7,MYH7,MYH7,,MYH7,MYH7,MYH7,,,MYH7,,,MYH7,,MYH7,,MYH7,MYH7,,MYH7,MYH7
CEBPE,,CEBPE,,CEBPE,,,,CEBPE,,CEBPE,,,,,TMEM147,,SLC11A1,,,,,,,CEBPE,,CEBPE,CEBPE,,CEBPE,,CEBPE,CEBPE,,CEBPE,CEBPE,,CEBPE,CEBPE,CEBPE,,CEBPE,CEBPE,CEBPE,CEBPE,CEBPE,,CEBPE,GATB,CEBPE,CEBPE,CEBPE,,CEBPE,CEBPE,,,,CEBPE,CEBPE,CEBPE,,,CEBPE,,,CEBPE,,CEBPE,CEBPE,,CEBPE,CEBPE,CEBPE,,,CEBPE,,CEBPE,CEBPE,CEBPE,CEBPE,,CEBPE,CEBPE,CEBPE,,,CEBPE,,,CEBPE,,CEBPE,,CEBPE,CEBPE,,CEBPE,CEBPE
SLC7A8,,SLC7A8,,SLC7A8,,,,SLC7A8,,SLC7A8,,,,,GAPDHS,,ADAM28,,,,,,,SLC7A8,,SLC7A8,SLC7A8,,SLC7A8,,SLC7A8,SLC7A8,,SLC7A8,SLC7A8,,SLC7A8,SLC7A8,SLC7A8,,SLC7A8,SLC7A8,SLC7A8,SLC7A8,SLC7A8,,SLC7A8,GATB,SLC7A8,SLC7A8,SLC7A8,,SLC7A8,SLC7A8,,,,SLC7A8,SLC7A8,SLC7A8,,,SLC7A8,,,SLC7A8,,SLC7A8,SLC7A8,,SLC7A8,SLC7A8,SLC7A8,,,SLC7A8,,SLC7A8,SLC7A8,SLC7A8,SLC7A8,,SLC7A8,SLC7A8,SLC7A8,,,SLC7A8,,,SLC7A8,,SLC7A8,,SLC7A8,SLC7A8,,SLC7A8,SLC7A8
OSGEP,,OSGEP,,OSGEP,,,,OSGEP,,OSGEP,,,,,ELOCP28,,SLC26A3,,,,,,,OSGEP,,OSGEP,OSGEP,,OSGEP,,OSGEP,OSGEP,,OSGEP,OSGEP,,OSGEP,OSGEP,OSGEP,,OSGEP,OSGEP,OSGEP,OSGEP,OSGEP,,OSGEP,GATB,OSGEP,OSGEP,OSGEP,,OSGEP,OSGEP,,,,OSGEP,OSGEP,OSGEP,,,OSGEP,,,OSGEP,,OSGEP,OSGEP,,OSGEP,OSGEP,OSGEP,,,OSGEP,,OSGEP,OSGEP,OSGEP,OSGEP,,OSGEP,OSGEP,OSGEP,,,OSGEP,,,OSGEP,,OSGEP,,OSGEP,OSGEP,,OSGEP,OSGEP
SLC22A17,,SLC22A17,,SLC22A17,,,,SLC22A17,,SLC22A17,,,,,MAG,,SLC39A9,,,,,,,SLC22A17,,SLC22A17,SLC22A17,,SLC22A17,,SLC22A17,SLC22A17,,SLC22A17,SLC22A17,,SLC22A17,SLC22A17,SLC22A17,,SLC22A17,SLC22A17,SLC22A17,SLC22A17,SLC22A17,,SLC22A17,GATB,SLC22A17,SLC22A17,SLC22A17,,SLC22A17,SLC22A17,,,,SLC22A17,SLC22A17,SLC22A17,,,SLC22A17,,,SLC22A17,,SLC22A17,SLC22A17,,SLC22A17,SLC22A17,SLC22A17,,,SLC22A17,,SLC22A17,SLC22A17,SLC22A17,SLC22A17,,SLC22A17,SLC22A17,SLC22A17,,,SLC22A17,,,SLC22A17,,SLC22A17,,SLC22A17,SLC22A17,,SLC22A17,SLC22A17
RNF31,,RNF31,,RNF31,,,,RNF31,,RNF31,,,,,TMEM59L,,ITGA3,,,,,,,RNF31,,RNF31,RNF31,,RNF31,,RNF31,RNF31,,RNF31,RNF31,,RNF31,RNF31,RNF31,,RNF31,RNF31,RNF31,RNF31,RNF31,,RNF31,GATB,RNF31,RNF31,RNF31,,RNF31,RNF31,,,,RNF31,RNF31,RNF31,,,RNF31,,,RNF31,,RNF31,RNF31,,RNF31,RNF31,RNF31,,,RNF31,,RNF31,RNF31,RNF31,RNF31,,RNF31,RNF31,RNF31,,,RNF31,,,RNF31,,RNF31,,RNF31,RNF31,,RNF31,RNF31
SCFD1,,SCFD1,,SCFD1,,,,SCFD1,,SCFD1,,,,,HAMP,,KYNU,,,,,,,SCFD1,,SCFD1,SCFD1,,SCFD1,,SCFD1,SCFD1,,SCFD1,SCFD1,,SCFD1,SCFD1,SCFD1,,SCFD1,SCFD1,SCFD1,SCFD1,SCFD1,,SCFD1,GATB,SCFD1,SCFD1,SCFD1,,SCFD1,SCFD1,,,,SCFD1,SCFD1,SCFD1,,,SCFD1,,,SCFD1,,SCFD1,SCFD1,,SCFD1,SCFD1,SCFD1,,,SCFD1,,SCFD1,SCFD1,SCFD1,SCFD1,,SCFD1,SCFD1,SCFD1,,,SCFD1,,,SCFD1,,SCFD1,,SCFD1,SCFD1,,SCFD1,SCFD1
G2E3,,G2E3,,G2E3,,,,G2E3,,G2E3,,,,,USF2,,RHOBTB1,,,,,,,G2E3,,G2E3,G2E3,,G2E3,,G2E3,G2E3,,G2E3,G2E3,,G2E3,G2E3,G2E3,,G2E3,G2E3,G2E3,G2E3,G2E3,,G2E3,GATB,G2E3,G2E3,G2E3,,G2E3,G2E3,,,,G2E3,G2E3,G2E3,,,G2E3,,,G2E3,,G2E3,G2E3,,G2E3,G2E3,G2E3,,,G2E3,,G2E3,G2E3,G2E3,G2E3,,G2E3,G2E3,G2E3,,,G2E3,,,G2E3,,G2E3,,G2E3,G2E3,,G2E3,G2E3
HECTD1,,HECTD1,,HECTD1,,,,HECTD1,,HECTD1,,,,,LSR,,IL23A,,,,,,,HECTD1,,HECTD1,HECTD1,,HECTD1,,HECTD1,HECTD1,,HECTD1,HECTD1,,HECTD1,HECTD1,HECTD1,,HECTD1,HECTD1,HECTD1,HECTD1,HECTD1,,HECTD1,GATB,HECTD1,HECTD1,HECTD1,,HECTD1,HECTD1,,,,HECTD1,HECTD1,HECTD1,,,HECTD1,,,HECTD1,,HECTD1,HECTD1,,HECTD1,HECTD1,HECTD1,,,HECTD1,,HECTD1,HECTD1,HECTD1,HECTD1,,HECTD1,HECTD1,HECTD1,,,HECTD1,,,HECTD1,,HECTD1,,HECTD1,HECTD1,,HECTD1,HECTD1
HNRNPC,,HNRNPC,,HNRNPC,,,,HNRNPC,,HNRNPC,,,,,KXD1,,LGALS13,,,,,,,HNRNPC,,HNRNPC,HNRNPC,,HNRNPC,,HNRNPC,HNRNPC,,HNRNPC,HNRNPC,,HNRNPC,HNRNPC,HNRNPC,,HNRNPC,HNRNPC,HNRNPC,HNRNPC,HNRNPC,,HNRNPC,GATB,HNRNPC,HNRNPC,HNRNPC,,HNRNPC,HNRNPC,,,,HNRNPC,HNRNPC,HNRNPC,,,HNRNPC,,,HNRNPC,,HNRNPC,HNRNPC,,HNRNPC,HNRNPC,HNRNPC,,,HNRNPC,,HNRNPC,HNRNPC,HNRNPC,HNRNPC,,HNRNPC,HNRNPC,HNRNPC,,,HNRNPC,,,HNRNPC,,HNRNPC,,HNRNPC,HNRNPC,,HNRNPC,HNRNPC
RPGRIP1,,RPGRIP1,,RPGRIP1,,,,RPGRIP1,,RPGRIP1,,,,,FKBP8,,GIMAP2,,,,,,,RPGRIP1,,RPGRIP1,RPGRIP1,,RPGRIP1,,RPGRIP1,RPGRIP1,,RPGRIP1,RPGRIP1,,RPGRIP1,RPGRIP1,RPGRIP1,,RPGRIP1,RPGRIP1,RPGRIP1,RPGRIP1,RPGRIP1,,RPGRIP1,GATB,RPGRIP1,RPGRIP1,RPGRIP1,,RPGRIP1,RPGRIP1,,,,RPGRIP1,RPGRIP1,RPGRIP1,,,RPGRIP1,,,RPGRIP1,,RPGRIP1,RPGRIP1,,RPGRIP1,RPGRIP1,RPGRIP1,,,RPGRIP1,,RPGRIP1,RPGRIP1,RPGRIP1,RPGRIP1,,RPGRIP1,RPGRIP1,RPGRIP1,,,RPGRIP1,,,RPGRIP1,,RPGRIP1,,RPGRIP1,RPGRIP1,,RPGRIP1,RPGRIP1
SUPT16H,,SUPT16H,,SUPT16H,,,,SUPT16H,,SUPT16H,,,,,SUGP1,,CYTH3,,,,,,,SUPT16H,,SUPT16H,SUPT16H,,SUPT16H,,SUPT16H,SUPT16H,,SUPT16H,SUPT16H,,SUPT16H,SUPT16H,SUPT16H,,SUPT16H,SUPT16H,SUPT16H,SUPT16H,SUPT16H,,SUPT16H,GATB,SUPT16H,SUPT16H,SUPT16H,,SUPT16H,SUPT16H,,,,SUPT16H,SUPT16H,SUPT16H,,,SUPT16H,,,SUPT16H,,SUPT16H,SUPT16H,,SUPT16H,SUPT16H,SUPT16H,,,SUPT16H,,SUPT16H,SUPT16H,SUPT16H,SUPT16H,,SUPT16H,SUPT16H,SUPT16H,,,SUPT16H,,,SUPT16H,,SUPT16H,,SUPT16H,SUPT16H,,SUPT16H,SUPT16H
TOX4,,TOX4,,TOX4,,,,TOX4,,TOX4,,,,,HPN,,CD37,,,,,,,TOX4,,TOX4,TOX4,,TOX4,,TOX4,TOX4,,TOX4,TOX4,,TOX4,TOX4,TOX4,,TOX4,TOX4,TOX4,TOX4,TOX4,,TOX4,GATB,TOX4,TOX4,TOX4,,TOX4,TOX4,,,,TOX4,TOX4,TOX4,,,TOX4,,,TOX4,,TOX4,TOX4,,TOX4,TOX4,TOX4,,,TOX4,,TOX4,TOX4,TOX4,TOX4,,TOX4,TOX4,TOX4,,,TOX4,,,TOX4,,TOX4,,TOX4,TOX4,,TOX4,TOX4
GEMIN2,,GEMIN2,,GEMIN2,,,,GEMIN2,,GEMIN2,,,,,ZNF14,,AQR,,,,,,,GEMIN2,,GEMIN2,GEMIN2,,GEMIN2,,GEMIN2,GEMIN2,,GEMIN2,GEMIN2,,GEMIN2,GEMIN2,GEMIN2,,GEMIN2,GEMIN2,GEMIN2,GEMIN2,GEMIN2,,GEMIN2,GATB,GEMIN2,GEMIN2,GEMIN2,,GEMIN2,GEMIN2,,,,GEMIN2,GEMIN2,GEMIN2,,,GEMIN2,,,GEMIN2,,GEMIN2,GEMIN2,,GEMIN2,GEMIN2,GEMIN2,,,GEMIN2,,GEMIN2,GEMIN2,GEMIN2,GEMIN2,,GEMIN2,GEMIN2,GEMIN2,,,GEMIN2,,,GEMIN2,,GEMIN2,,GEMIN2,GEMIN2,,GEMIN2,GEMIN2
TGM1,,TGM1,,TGM1,,,,TGM1,,TGM1,,,,,SCN1B,,SELL,,,,,,,TGM1,,TGM1,TGM1,,TGM1,,TGM1,TGM1,,TGM1,TGM1,,TGM1,TGM1,TGM1,,TGM1,TGM1,TGM1,TGM1,TGM1,,TGM1,GATB,TGM1,TGM1,TGM1,,TGM1,TGM1,,,,TGM1,TGM1,TGM1,,,TGM1,,,TGM1,,TGM1,TGM1,,TGM1,TGM1,TGM1,,,TGM1,,TGM1,TGM1,TGM1,TGM1,,TGM1,TGM1,TGM1,,,TGM1,,,TGM1,,TGM1,,TGM1,TGM1,,TGM1,TGM1
TINF2,,TINF2,,TINF2,,,,TINF2,,TINF2,,,,,PBX4,,HFE,,,,,,,TINF2,,TINF2,TINF2,,TINF2,,TINF2,TINF2,,TINF2,TINF2,,TINF2,TINF2,TINF2,,TINF2,TINF2,TINF2,TINF2,TINF2,,TINF2,GATB,TINF2,TINF2,TINF2,,TINF2,TINF2,,,,TINF2,TINF2,TINF2,,,TINF2,,,TINF2,,TINF2,TINF2,,TINF2,TINF2,TINF2,,,TINF2,,TINF2,TINF2,TINF2,TINF2,,TINF2,TINF2,TINF2,,,TINF2,,,TINF2,,TINF2,,TINF2,TINF2,,TINF2,TINF2
DAZL,,DAZL,,DAZL,,,,DAZL,,DAZL,,,,,ERF,,RUNX1T1,,,,,,,DAZL,,DAZL,DAZL,,DAZL,,DAZL,DAZL,,DAZL,DAZL,,DAZL,DAZL,DAZL,,DAZL,DAZL,DAZL,DAZL,DAZL,,DAZL,GATB,DAZL,DAZL,DAZL,,DAZL,DAZL,,,,DAZL,DAZL,DAZL,,,DAZL,,,DAZL,,DAZL,DAZL,,DAZL,DAZL,DAZL,,,DAZL,,DAZL,DAZL,DAZL,DAZL,,DAZL,DAZL,DAZL,,,DAZL,,,DAZL,,DAZL,,DAZL,DAZL,,DAZL,DAZL
SEMA6A,,SEMA6A,,SEMA6A,,,,SEMA6A,,SEMA6A,,,,,GSK3A,,CYTH3,,,,,,,SEMA6A,,SEMA6A,SEMA6A,,SEMA6A,,SEMA6A,SEMA6A,,SEMA6A,SEMA6A,,SEMA6A,SEMA6A,SEMA6A,,SEMA6A,SEMA6A,SEMA6A,SEMA6A,SEMA6A,,SEMA6A,GATB,SEMA6A,SEMA6A,SEMA6A,,SEMA6A,SEMA6A,,,,SEMA6A,SEMA6A,SEMA6A,,,SEMA6A,,,SEMA6A,,SEMA6A,SEMA6A,,SEMA6A,SEMA6A,SEMA6A,,,SEMA6A,,SEMA6A,SEMA6A,SEMA6A,SEMA6A,,SEMA6A,SEMA6A,SEMA6A,,,SEMA6A,,,SEMA6A,,SEMA6A,,SEMA6A,SEMA6A,,SEMA6A,SEMA6A
TRPM7,,TRPM7,,TRPM7,,,,TRPM7,,TRPM7,,,,,ATP13A1,,CYTH2,,,,,,,TRPM7,,TRPM7,TRPM7,,TRPM7,,TRPM7,TRPM7,,TRPM7,TRPM7,,TRPM7,TRPM7,TRPM7,,TRPM7,TRPM7,TRPM7,TRPM7,TRPM7,,TRPM7,GATB,TRPM7,TRPM7,TRPM7,,TRPM7,TRPM7,,,,TRPM7,TRPM7,TRPM7,,,TRPM7,,,TRPM7,,TRPM7,TRPM7,,TRPM7,TRPM7,TRPM7,,,TRPM7,,TRPM7,TRPM7,TRPM7,TRPM7,,TRPM7,TRPM7,TRPM7,,,TRPM7,,,TRPM7,,TRPM7,,TRPM7,TRPM7,,TRPM7,TRPM7
TYRO3,,TYRO3,,TYRO3,,,,TYRO3,,TYRO3,,,,,ZNF574,,KYNU,,,,,,,TYRO3,,TYRO3,TYRO3,,TYRO3,,TYRO3,TYRO3,,TYRO3,TYRO3,,TYRO3,TYRO3,TYRO3,,TYRO3,TYRO3,TYRO3,TYRO3,TYRO3,,TYRO3,GATB,TYRO3,TYRO3,TYRO3,,TYRO3,TYRO3,,,,TYRO3,TYRO3,TYRO3,,,TYRO3,,,TYRO3,,TYRO3,TYRO3,,TYRO3,TYRO3,TYRO3,,,TYRO3,,TYRO3,TYRO3,TYRO3,TYRO3,,TYRO3,TYRO3,TYRO3,,,TYRO3,,,TYRO3,,TYRO3,,TYRO3,TYRO3,,TYRO3,TYRO3
WDR76,,WDR76,,WDR76,,,,WDR76,,WDR76,,,,,GRIK5,,TFAP4,,,,,,,WDR76,,WDR76,WDR76,,WDR76,,WDR76,WDR76,,WDR76,WDR76,,WDR76,WDR76,WDR76,,WDR76,WDR76,WDR76,WDR76,WDR76,,WDR76,GATB,WDR76,WDR76,WDR76,,WDR76,WDR76,,,,WDR76,WDR76,WDR76,,,WDR76,,,WDR76,,WDR76,WDR76,,WDR76,WDR76,WDR76,,,WDR76,,WDR76,WDR76,WDR76,WDR76,,WDR76,WDR76,WDR76,,,WDR76,,,WDR76,,WDR76,,WDR76,WDR76,,WDR76,WDR76
CAPN3,,CAPN3,,CAPN3,,,,CAPN3,,CAPN3,,,,,SIPA1L3,,LYZ,,,,,,,CAPN3,,CAPN3,CAPN3,,CAPN3,,CAPN3,CAPN3,,CAPN3,CAPN3,,CAPN3,CAPN3,CAPN3,,CAPN3,CAPN3,CAPN3,CAPN3,CAPN3,,CAPN3,GATB,CAPN3,CAPN3,CAPN3,,CAPN3,CAPN3,,,,CAPN3,CAPN3,CAPN3,,,CAPN3,,,CAPN3,,CAPN3,CAPN3,,CAPN3,CAPN3,CAPN3,,,CAPN3,,CAPN3,CAPN3,CAPN3,CAPN3,,CAPN3,CAPN3,CAPN3,,,CAPN3,,,CAPN3,,CAPN3,,CAPN3,CAPN3,,CAPN3,CAPN3
SNAP23,,SNAP23,,SNAP23,,,,SNAP23,,SNAP23,,,,,ZNF85,,CCL20,,,,,,,SNAP23,,SNAP23,SNAP23,,SNAP23,,SNAP23,SNAP23,,SNAP23,SNAP23,,SNAP23,SNAP23,SNAP23,,SNAP23,SNAP23,SNAP23,SNAP23,SNAP23,,SNAP23,GATB,SNAP23,SNAP23,SNAP23,,SNAP23,SNAP23,,,,SNAP23,SNAP23,SNAP23,,,SNAP23,,,SNAP23,,SNAP23,SNAP23,,SNAP23,SNAP23,SNAP23,,,SNAP23,,SNAP23,SNAP23,SNAP23,SNAP23,,SNAP23,SNAP23,SNAP23,,,SNAP23,,,SNAP23,,SNAP23,,SNAP23,SNAP23,,SNAP23,SNAP23
TBX15,,TBX15,,TBX15,,,,TBX15,,TBX15,,,,,ETHE1,,SLC4A7,,,,,,,TBX15,,TBX15,TBX15,,TBX15,,TBX15,TBX15,,TBX15,TBX15,,TBX15,TBX15,TBX15,,TBX15,TBX15,TBX15,TBX15,TBX15,,TBX15,GATB,TBX15,TBX15,TBX15,,TBX15,TBX15,,,,TBX15,TBX15,TBX15,,,TBX15,,,TBX15,,TBX15,TBX15,,TBX15,TBX15,TBX15,,,TBX15,,TBX15,TBX15,TBX15,TBX15,,TBX15,TBX15,TBX15,,,TBX15,,,TBX15,,TBX15,,TBX15,TBX15,,TBX15,TBX15
PHGDH,,PHGDH,,PHGDH,,,,PHGDH,,PHGDH,,,,,CADM4,,BIRC3,,,,,,,PHGDH,,PHGDH,PHGDH,,PHGDH,,PHGDH,PHGDH,,PHGDH,PHGDH,,PHGDH,PHGDH,PHGDH,,PHGDH,PHGDH,PHGDH,PHGDH,PHGDH,,PHGDH,GATB,PHGDH,PHGDH,PHGDH,,PHGDH,PHGDH,,,,PHGDH,PHGDH,PHGDH,,,PHGDH,,,PHGDH,,PHGDH,PHGDH,,PHGDH,PHGDH,PHGDH,,,PHGDH,,PHGDH,PHGDH,PHGDH,PHGDH,,PHGDH,PHGDH,PHGDH,,,PHGDH,,,PHGDH,,PHGDH,,PHGDH,PHGDH,,PHGDH,PHGDH
COL9A3,,COL9A3,,COL9A3,,,,COL9A3,,COL9A3,,,,,SMG9,,TFRC,,,,,,,COL9A3,,COL9A3,COL9A3,,COL9A3,,COL9A3,COL9A3,,COL9A3,COL9A3,,COL9A3,COL9A3,COL9A3,,COL9A3,COL9A3,COL9A3,COL9A3,COL9A3,,COL9A3,GATB,COL9A3,COL9A3,COL9A3,,COL9A3,COL9A3,,,,COL9A3,COL9A3,COL9A3,,,COL9A3,,,COL9A3,,COL9A3,COL9A3,,COL9A3,COL9A3,COL9A3,,,COL9A3,,COL9A3,COL9A3,COL9A3,COL9A3,,COL9A3,COL9A3,COL9A3,,,COL9A3,,,COL9A3,,COL9A3,,COL9A3,COL9A3,,COL9A3,COL9A3
EZR,,EZR,,EZR,,,,EZR,,EZR,,,,,AVL9,,OSGEP,,,,,,,EZR,,EZR,EZR,,EZR,,EZR,EZR,,EZR,EZR,,EZR,EZR,EZR,,EZR,EZR,EZR,EZR,EZR,,EZR,GATB,EZR,EZR,EZR,,EZR,EZR,,,,EZR,EZR,EZR,,,EZR,,,EZR,,EZR,EZR,,EZR,EZR,EZR,,,EZR,,EZR,EZR,EZR,EZR,,EZR,EZR,EZR,,,EZR,,,EZR,,EZR,,EZR,EZR,,EZR,EZR
MYL6,,MYL6,,MYL6,,,,MYL6,,MYL6,,,,,RUNDC3B,,LILRB5,,,,,,,MYL6,,MYL6,MYL6,,MYL6,,MYL6,MYL6,,MYL6,MYL6,,MYL6,MYL6,MYL6,,MYL6,MYL6,MYL6,MYL6,MYL6,,MYL6,GATB,MYL6,MYL6,MYL6,,MYL6,MYL6,,,,MYL6,MYL6,MYL6,,,MYL6,,,MYL6,,MYL6,MYL6,,MYL6,MYL6,MYL6,,,MYL6,,MYL6,MYL6,MYL6,MYL6,,MYL6,MYL6,MYL6,,,MYL6,,,MYL6,,MYL6,,MYL6,MYL6,,MYL6,MYL6
,,,,,,,,,,,,,,,CFAP69,,ANGPT4,,,,,,,,,,,,,,,,,,,,,,,,,,,,,,,GATB,,,,,,,,,,,,,,,,,,,,,,,,,,,,,,,,,,,,,,,,,,,,,,,,,,,
,,,,,,,,,,,,,,,GTPBP10,,ADAMTS2,,,,,,,,,,,,,,,,,,,,,,,,,,,,,,,GATB,,,,,,,,,,,,,,,,,,,,,,,,,,,,,,,,,,,,,,,,,,,,,,,,,,,
,,,,,,,,,,,,,,,RASA4,,BTN3A1,,,,,,,,,,,,,,,,,,,,,,,,,,,,,,,GATB,,,,,,,,,,,,,,,,,,,,,,,,,,,,,,,,,,,,,,,,,,,,,,,,,,,
,,,,,,,,,,,,,,,CDK6,,LUC7L,,,,,,,,,,,,,,,,,,,,,,,,,,,,,,,GATB,,,,,,,,,,,,,,,,,,,,,,,,,,,,,,,,,,,,,,,,,,,,,,,,,,,
,,,,,,,,,,,,,,,PMPCB,,TFAP2C,,,,,,,,,,,,,,,,,,,,,,,,,,,,,,,GATB,,,,,,,,,,,,,,,,,,,,,,,,,,,,,,,,,,,,,,,,,,,,,,,,,,,
,,,,,,,,,,,,,,,DNAJC2,,LGALS14,,,,,,,,,,,,,,,,,,,,,,,,,,,,,,,GATB,,,,,,,,,,,,,,,,,,,,,,,,,,,,,,,,,,,,,,,,,,,,,,,,,,,
,,,,,,,,,,,,,,,TFPI2,,IL12RB1,,,,,,,,,,,,,,,,,,,,,,,,,,,,,,,GATB,,,,,,,,,,,,,,,,,,,,,,,,,,,,,,,,,,,,,,,,,,,,,,,,,,,
,,,,,,,,,,,,,,,BET1,,BTN2A3P,,,,,,,,,,,,,,,,,,,,,,,,,,,,,,,GATB,,,,,,,,,,,,,,,,,,,,,,,,,,,,,,,,,,,,,,,,,,,,,,,,,,,
,,,,,,,,,,,,,,,NAMPT,,GNAI3,,,,,,,,,,,,,,,,,,,,,,,,,,,,,,,GATB,,,,,,,,,,,,,,,,,,,,,,,,,,,,,,,,,,,,,,,,,,,,,,,,,,,
,,,,,,,,,,,,,,,POLR1F,,TFEC,,,,,,,,,,,,,,,,,,,,,,,,,,,,,,,GATB,,,,,,,,,,,,,,,,,,,,,,,,,,,,,,,,,,,,,,,,,,,,,,,,,,,
,,,,,,,,,,,,,,,PIK3CG,,ITGA2B,,,,,,,,,,,,,,,,,,,,,,,,,,,,,,,GATB,,,,,,,,,,,,,,,,,,,,,,,,,,,,,,,,,,,,,,,,,,,,,,,,,,,
,,,,,,,,,,,,,,,PON3,,GUCY1B1,,,,,,,,,,,,,,,,,,,,,,,,,,,,,,,GATB,,,,,,,,,,,,,,,,,,,,,,,,,,,,,,,,,,,,,,,,,,,,,,,,,,,
,,,,,,,,,,,,,,,PON2,,RUNX3,,,,,,,,,,,,,,,,,,,,,,,,,,,,,,,GATB,,,,,,,,,,,,,,,,,,,,,,,,,,,,,,,,,,,,,,,,,,,,,,,,,,,
,,,,,,,,,,,,,,,ITGB8,,CYTH3,,,,,,,,,,,,,,,,,,,,,,,,,,,,,,,GATB,,,,,,,,,,,,,,,,,,,,,,,,,,,,,,,,,,,,,,,,,,,,,,,,,,,
,,,,,,,,,,,,,,,HBP1,,TFEC,,,,,,,,,,,,,,,,,,,,,,,,,,,,,,,GATB,,,,,,,,,,,,,,,,,,,,,,,,,,,,,,,,,,,,,,,,,,,,,,,,,,,
,,,,,,,,,,,,,,,DUS4L,,BTN3A3,,,,,,,,,,,,,,,,,,,,,,,,,,,,,,,GATB,,,,,,,,,,,,,,,,,,,,,,,,,,,,,,,,,,,,,,,,,,,,,,,,,,,
,,,,,,,,,,,,,,,SP4,,KYNU,,,,,,,,,,,,,,,,,,,,,,,,,,,,,,,GATB,,,,,,,,,,,,,,,,,,,,,,,,,,,,,,,,,,,,,,,,,,,,,,,,,,,
,,,,,,,,,,,,,,,WDR91,,FGR,,,,,,,,,,,,,,,,,,,,,,,,,,,,,,,GATB,,,,,,,,,,,,,,,,,,,,,,,,,,,,,,,,,,,,,,,,,,,,,,,,,,,
,,,,,,,,,,,,,,,DNAH11,,TFEC,,,,,,,,,,,,,,,,,,,,,,,,,,,,,,,GATB,,,,,,,,,,,,,,,,,,,,,,,,,,,,,,,,,,,,,,,,,,,,,,,,,,,
,,,,,,,,,,,,,,,CBLL1,,VEZT,,,,,,,,,,,,,,,,,,,,,,,,,,,,,,,GATB,,,,,,,,,,,,,,,,,,,,,,,,,,,,,,,,,,,,,,,,,,,,,,,,,,,
,,,,,,,,,,,,,,,DLX5,,ICA1,,,,,,,,,,,,,,,,,,,,,,,,,,,,,,,GATB,,,,,,,,,,,,,,,,,,,,,,,,,,,,,,,,,,,,,,,,,,,,,,,,,,,
,,,,,,,,,,,,,,,MTPN,,IFIT3,,,,,,,,,,,,,,,,,,,,,,,,,,,,,,,GATB,,,,,,,,,,,,,,,,,,,,,,,,,,,,,,,,,,,,,,,,,,,,,,,,,,,
,,,,,,,,,,,,,,,STEAP1B,,ITGA3,,,,,,,,,,,,,,,,,,,,,,,,,,,,,,,GATB,,,,,,,,,,,,,,,,,,,,,,,,,,,,,,,,,,,,,,,,,,,,,,,,,,,
,,,,,,,,,,,,,,,PTN,,ITGAL,,,,,,,,,,,,,,,,,,,,,,,,,,,,,,,GATB,,,,,,,,,,,,,,,,,,,,,,,,,,,,,,,,,,,,,,,,,,,,,,,,,,,
,,,,,,,,,,,,,,,MP,,GDE1,,,,,,,,,,,,,,,,,,,,,,,,,,,,,,,GATB,,,,,,,,,,,,,,,,,,,,,,,,,,,,,,,,,,,,,,,,,,,,,,,,,,,
,,,,,,,,,,,,,,,,,RHBDF1,,,,,,,,,,,,,,,,,,,,,,,,,,,,,,,GATB,,,,,,,,,,,,,,,,,,,,,,,,,,,,,,,,,,,,,,,,,,,,,,,,,,,
,,,,,,,,,,,,,,,,,KYNU,,,,,,,,,,,,,,,,,,,,,,,,,,,,,,,GATB,,,,,,,,,,,,,,,,,,,,,,,,,,,,,,,,,,,,,,,,,,,,,,,,,,,
,,,,,,,,,,,,,,,,,RHOBTB1,,,,,,,,,,,,,,,,,,,,,,,,,,,,,,,GATB,,,,,,,,,,,,,,,,,,,,,,,,,,,,,,,,,,,,,,,,,,,,,,,,,,,
,,,,,,,,,,,,,,,,,LGALS1,,,,,,,,,,,,,,,,,,,,,,,,,,,,,,,GATB,,,,,,,,,,,,,,,,,,,,,,,,,,,,,,,,,,,,,,,,,,,,,,,,,,,
,,,,,,,,,,,,,,,,,KYNU,,,,,,,,,,,,,,,,,,,,,,,,,,,,,,,GATB,,,,,,,,,,,,,,,,,,,,,,,,,,,,,,,,,,,,,,,,,,,,,,,,,,,
,,,,,,,,,,,,,,,,,FTL,,,,,,,,,,,,,,,,,,,,,,,,,,,,,,,GATB,,,,,,,,,,,,,,,,,,,,,,,,,,,,,,,,,,,,,,,,,,,,,,,,,,,
,,,,,,,,,,,,,,,,,VEZT,,,,,,,,,,,,,,,,,,,,,,,,,,,,,,,GATB,,,,,,,,,,,,,,,,,,,,,,,,,,,,,,,,,,,,,,,,,,,,,,,,,,,
,,,,,,,,,,,,,,,,,TTC22,,,,,,,,,,,,,,,,,,,,,,,,,,,,,,,GATB,,,,,,,,,,,,,,,,,,,,,,,,,,,,,,,,,,,,,,,,,,,,,,,,,,,
,,,,,,,,,,,,,,,,,CYTH3,,,,,,,,,,,,,,,,,,,,,,,,,,,,,,,GATB,,,,,,,,,,,,,,,,,,,,,,,,,,,,,,,,,,,,,,,,,,,,,,,,,,,
,,,,,,,,,,,,,,,,,VEZT,,,,,,,,,,,,,,,,,,,,,,,,,,,,,,,GATB,,,,,,,,,,,,,,,,,,,,,,,,,,,,,,,,,,,,,,,,,,,,,,,,,,,
,,,,,,,,,,,,,,,,,TFEC,,,,,,,,,,,,,,,,,,,,,,,,,,,,,,,GATB,,,,,,,,,,,,,,,,,,,,,,,,,,,,,,,,,,,,,,,,,,,,,,,,,,,
,,,,,,,,,,,,,,,,,SLC6A13,,,,,,,,,,,,,,,,,,,,,,,,,,,,,,,GATB,,,,,,,,,,,,,,,,,,,,,,,,,,,,,,,,,,,,,,,,,,,,,,,,,,,
,,,,,,,,,,,,,,,,,CYTH4,,,,,,,,,,,,,,,,,,,,,,,,,,,,,,,GATB,,,,,,,,,,,,,,,,,,,,,,,,,,,,,,,,,,,,,,,,,,,,,,,,,,,
,,,,,,,,,,,,,,,,,SCARB1,,,,,,,,,,,,,,,,,,,,,,,,,,,,,,,GATB,,,,,,,,,,,,,,,,,,,,,,,,,,,,,,,,,,,,,,,,,,,,,,,,,,,
,,,,,,,,,,,,,,,,,CX3CL1,,,,,,,,,,,,,,,,,,,,,,,,,,,,,,,GATB,,,,,,,,,,,,,,,,,,,,,,,,,,,,,,,,,,,,,,,,,,,,,,,,,,,
,,,,,,,,,,,,,,,,,KYNU,,,,,,,,,,,,,,,,,,,,,,,,,,,,,,,GATB,,,,,,,,,,,,,,,,,,,,,,,,,,,,,,,,,,,,,,,,,,,,,,,,,,,
,,,,,,,,,,,,,,,,,LY75,,,,,,,,,,,,,,,,,,,,,,,,,,,,,,,GATB,,,,,,,,,,,,,,,,,,,,,,,,,,,,,,,,,,,,,,,,,,,,,,,,,,,
,,,,,,,,,,,,,,,,,CCL7,,,,,,,,,,,,,,,,,,,,,,,,,,,,,,,GATB,,,,,,,,,,,,,,,,,,,,,,,,,,,,,,,,,,,,,,,,,,,,,,,,,,,
,,,,,,,,,,,,,,,,,CCL8,,,,,,,,,,,,,,,,,,,,,,,,,,,,,,,GATB,,,,,,,,,,,,,,,,,,,,,,,,,,,,,,,,,,,,,,,,,,,,,,,,,,,
,,,,,,,,,,,,,,,,,MPO,,,,,,,,,,,,,,,,,,,,,,,,,,,,,,,GATB,,,,,,,,,,,,,,,,,,,,,,,,,,,,,,,,,,,,,,,,,,,,,,,,,,,
,,,,,,,,,,,,,,,,,SLC7A14,,,,,,,,,,,,,,,,,,,,,,,,,,,,,,,GATB,,,,,,,,,,,,,,,,,,,,,,,,,,,,,,,,,,,,,,,,,,,,,,,,,,,
,,,,,,,,,,,,,,,,,GDE1,,,,,,,,,,,,,,,,,,,,,,,,,,,,,,,GATB,,,,,,,,,,,,,,,,,,,,,,,,,,,,,,,,,,,,,,,,,,,,,,,,,,,
,,,,,,,,,,,,,,,,,GDE1,,,,,,,,,,,,,,,,,,,,,,,,,,,,,,,GATB,,,,,,,,,,,,,,,,,,,,,,,,,,,,,,,,,,,,,,,,,,,,,,,,,,,
,,,,,,,,,,,,,,,,,CD33,,,,,,,,,,,,,,,,,,,,,,,,,,,,,,,GATB,,,,,,,,,,,,,,,,,,,,,,,,,,,,,,,,,,,,,,,,,,,,,,,,,,,
,,,,,,,,,,,,,,,,,TFEC,,,,,,,,,,,,,,,,,,,,,,,,,,,,,,,GATB,,,,,,,,,,,,,,,,,,,,,,,,,,,,,,,,,,,,,,,,,,,,,,,,,,,
,,,,,,,,,,,,,,,,,TRAF1,,,,,,,,,,,,,,,,,,,,,,,,,,,,,,,GATB,,,,,,,,,,,,,,,,,,,,,,,,,,,,,,,,,,,,,,,,,,,,,,,,,,,
,,,,,,,,,,,,,,,,,GUCY1B1,,,,,,,,,,,,,,,,,,,,,,,,,,,,,,,GATB,,,,,,,,,,,,,,,,,,,,,,,,,,,,,,,,,,,,,,,,,,,,,,,,,,,
,,,,,,,,,,,,,,,,,TFRC,,,,,,,,,,,,,,,,,,,,,,,,,,,,,,,GATB,,,,,,,,,,,,,,,,,,,,,,,,,,,,,,,,,,,,,,,,,,,,,,,,,,,
,,,,,,,,,,,,,,,,,KYNU,,,,,,,,,,,,,,,,,,,,,,,,,,,,,,,GATB,,,,,,,,,,,,,,,,,,,,,,,,,,,,,,,,,,,,,,,,,,,,,,,,,,,
,,,,,,,,,,,,,,,,,OSGEP,,,,,,,,,,,,,,,,,,,,,,,,,,,,,,,GATB,,,,,,,,,,,,,,,,,,,,,,,,,,,,,,,,,,,,,,,,,,,,,,,,,,,
,,,,,,,,,,,,,,,,,ITGAL,,,,,,,,,,,,,,,,,,,,,,,,,,,,,,,GATB,,,,,,,,,,,,,,,,,,,,,,,,,,,,,,,,,,,,,,,,,,,,,,,,,,,
,,,,,,,,,,,,,,,,,GNAI3,,,,,,,,,,,,,,,,,,,,,,,,,,,,,,,GATB,,,,,,,,,,,,,,,,,,,,,,,,,,,,,,,,,,,,,,,,,,,,,,,,,,,
,,,,,,,,,,,,,,,,,DHX33,,,,,,,,,,,,,,,,,,,,,,,,,,,,,,,GATB,,,,,,,,,,,,,,,,,,,,,,,,,,,,,,,,,,,,,,,,,,,,,,,,,,,
,,,,,,,,,,,,,,,,,LYZL1,,,,,,,,,,,,,,,,,,,,,,,,,,,,,,,GATB,,,,,,,,,,,,,,,,,,,,,,,,,,,,,,,,,,,,,,,,,,,,,,,,,,,
,,,,,,,,,,,,,,,,,IL20RA,,,,,,,,,,,,,,,,,,,,,,,,,,,,,,,GATB,,,,,,,,,,,,,,,,,,,,,,,,,,,,,,,,,,,,,,,,,,,,,,,,,,,
,,,,,,,,,,,,,,,,,IL11,,,,,,,,,,,,,,,,,,,,,,,,,,,,,,,GATB,,,,,,,,,,,,,,,,,,,,,,,,,,,,,,,,,,,,,,,,,,,,,,,,,,,
,,,,,,,,,,,,,,,,,CD200,,,,,,,,,,,,,,,,,,,,,,,,,,,,,,,GATB,,,,,,,,,,,,,,,,,,,,,,,,,,,,,,,,,,,,,,,,,,,,,,,,,,,
,,,,,,,,,,,,,,,,,RUNX3,,,,,,,,,,,,,,,,,,,,,,,,,,,,,,,GATB,,,,,,,,,,,,,,,,,,,,,,,,,,,,,,,,,,,,,,,,,,,,,,,,,,,
,,,,,,,,,,,,,,,,,CD37,,,,,,,,,,,,,,,,,,,,,,,,,,,,,,,GATB,,,,,,,,,,,,,,,,,,,,,,,,,,,,,,,,,,,,,,,,,,,,,,,,,,,
,,,,,,,,,,,,,,,,,FTL,,,,,,,,,,,,,,,,,,,,,,,,,,,,,,,GATB,,,,,,,,,,,,,,,,,,,,,,,,,,,,,,,,,,,,,,,,,,,,,,,,,,,
,,,,,,,,,,,,,,,,,TRAF3IP3,,,,,,,,,,,,,,,,,,,,,,,,,,,,,,,GATB,,,,,,,,,,,,,,,,,,,,,,,,,,,,,,,,,,,,,,,,,,,,,,,,,,,
,,,,,,,,,,,,,,,,,ASB3,,,,,,,,,,,,,,,,,,,,,,,,,,,,,,,GATB,,,,,,,,,,,,,,,,,,,,,,,,,,,,,,,,,,,,,,,,,,,,,,,,,,,
,,,,,,,,,,,,,,,,,AASS,,,,,,,,,,,,,,,,,,,,,,,,,,,,,,,GATB,,,,,,,,,,,,,,,,,,,,,,,,,,,,,,,,,,,,,,,,,,,,,,,,,,,
,,,,,,,,,,,,,,,,,CYTH3,,,,,,,,,,,,,,,,,,,,,,,,,,,,,,,GATB,,,,,,,,,,,,,,,,,,,,,,,,,,,,,,,,,,,,,,,,,,,,,,,,,,,
,,,,,,,,,,,,,,,,,MYH16,,,,,,,,,,,,,,,,,,,,,,,,,,,,,,,GATB,,,,,,,,,,,,,,,,,,,,,,,,,,,,,,,,,,,,,,,,,,,,,,,,,,,
,,,,,,,,,,,,,,,,,KYNU,,,,,,,,,,,,,,,,,,,,,,,,,,,,,,,GATB,,,,,,,,,,,,,,,,,,,,,,,,,,,,,,,,,,,,,,,,,,,,,,,,,,,
,,,,,,,,,,,,,,,,,VEZT,,,,,,,,,,,,,,,,,,,,,,,,,,,,,,,GATB,,,,,,,,,,,,,,,,,,,,,,,,,,,,,,,,,,,,,,,,,,,,,,,,,,,
,,,,,,,,,,,,,,,,,KYNU,,,,,,,,,,,,,,,,,,,,,,,,,,,,,,,GATB,,,,,,,,,,,,,,,,,,,,,,,,,,,,,,,,,,,,,,,,,,,,,,,,,,,
,,,,,,,,,,,,,,,,,RHOBTB1,,,,,,,,,,,,,,,,,,,,,,,,,,,,,,,GATB,,,,,,,,,,,,,,,,,,,,,,,,,,,,,,,,,,,,,,,,,,,,,,,,,,,
,,,,,,,,,,,,,,,,,DHX33,,,,,,,,,,,,,,,,,,,,,,,,,,,,,,,GATB,,,,,,,,,,,,,,,,,,,,,,,,,,,,,,,,,,,,,,,,,,,,,,,,,,,
,,,,,,,,,,,,,,,,,FTL,,,,,,,,,,,,,,,,,,,,,,,,,,,,,,,GATB,,,,,,,,,,,,,,,,,,,,,,,,,,,,,,,,,,,,,,,,,,,,,,,,,,,
,,,,,,,,,,,,,,,,,GDE1,,,,,,,,,,,,,,,,,,,,,,,,,,,,,,,GATB,,,,,,,,,,,,,,,,,,,,,,,,,,,,,,,,,,,,,,,,,,,,,,,,,,,
,,,,,,,,,,,,,,,,,SLC7A2,,,,,,,,,,,,,,,,,,,,,,,,,,,,,,,GATB,,,,,,,,,,,,,,,,,,,,,,,,,,,,,,,,,,,,,,,,,,,,,,,,,,,
,,,,,,,,,,,,,,,,,GCLM,,,,,,,,,,,,,,,,,,,,,,,,,,,,,,,GATB,,,,,,,,,,,,,,,,,,,,,,,,,,,,,,,,,,,,,,,,,,,,,,,,,,,
,,,,,,,,,,,,,,,,,TFRC,,,,,,,,,,,,,,,,,,,,,,,,,,,,,,,GATB,,,,,,,,,,,,,,,,,,,,,,,,,,,,,,,,,,,,,,,,,,,,,,,,,,,
,,,,,,,,,,,,,,,,,AQR,,,,,,,,,,,,,,,,,,,,,,,,,,,,,,,GATB,,,,,,,,,,,,,,,,,,,,,,,,,,,,,,,,,,,,,,,,,,,,,,,,,,,
,,,,,,,,,,,,,,,,,TFEC,,,,,,,,,,,,,,,,,,,,,,,,,,,,,,,GATB,,,,,,,,,,,,,,,,,,,,,,,,,,,,,,,,,,,,,,,,,,,,,,,,,,,
,,,,,,,,,,,,,,,,,SELL,,,,,,,,,,,,,,,,,,,,,,,,,,,,,,,GATB,,,,,,,,,,,,,,,,,,,,,,,,,,,,,,,,,,,,,,,,,,,,,,,,,,,
,,,,,,,,,,,,,,,,,SCARB1,,,,,,,,,,,,,,,,,,,,,,,,,,,,,,,GATB,,,,,,,,,,,,,,,,,,,,,,,,,,,,,,,,,,,,,,,,,,,,,,,,,,,
,,,,,,,,,,,,,,,,,FGR,,,,,,,,,,,,,,,,,,,,,,,,,,,,,,,GATB,,,,,,,,,,,,,,,,,,,,,,,,,,,,,,,,,,,,,,,,,,,,,,,,,,,
,,,,,,,,,,,,,,,,,TRAF1,,,,,,,,,,,,,,,,,,,,,,,,,,,,,,,GATB,,,,,,,,,,,,,,,,,,,,,,,,,,,,,,,,,,,,,,,,,,,,,,,,,,,
,,,,,,,,,,,,,,,,,ICA1,,,,,,,,,,,,,,,,,,,,,,,,,,,,,,,GATB,,,,,,,,,,,,,,,,,,,,,,,,,,,,,,,,,,,,,,,,,,,,,,,,,,,
,,,,,,,,,,,,,,,,,KYNU,,,,,,,,,,,,,,,,,,,,,,,,,,,,,,,GATB,,,,,,,,,,,,,,,,,,,,,,,,,,,,,,,,,,,,,,,,,,,,,,,,,,,
,,,,,,,,,,,,,,,,,DHX33,,,,,,,,,,,,,,,,,,,,,,,,,,,,,,,GATB,,,,,,,,,,,,,,,,,,,,,,,,,,,,,,,,,,,,,,,,,,,,,,,,,,,
,,,,,,,,,,,,,,,,,TFEC,,,,,,,,,,,,,,,,,,,,,,,,,,,,,,,GATB,,,,,,,,,,,,,,,,,,,,,,,,,,,,,,,,,,,,,,,,,,,,,,,,,,,
,,,,,,,,,,,,,,,,,LY75,,,,,,,,,,,,,,,,,,,,,,,,,,,,,,,GATB,,,,,,,,,,,,,,,,,,,,,,,,,,,,,,,,,,,,,,,,,,,,,,,,,,,
,,,,,,,,,,,,,,,,,ICA1,,,,,,,,,,,,,,,,,,,,,,,,,,,,,,,GATB,,,,,,,,,,,,,,,,,,,,,,,,,,,,,,,,,,,,,,,,,,,,,,,,,,,
,,,,,,,,,,,,,,,,,SELL,,,,,,,,,,,,,,,,,,,,,,,,,,,,,,,GATB,,,,,,,,,,,,,,,,,,,,,,,,,,,,,,,,,,,,,,,,,,,,,,,,,,,
,,,,,,,,,,,,,,,,,DHX33,,,,,,,,,,,,,,,,,,,,,,,,,,,,,,,GATB,,,,,,,,,,,,,,,,,,,,,,,,,,,,,,,,,,,,,,,,,,,,,,,,,,,
,,,,,,,,,,,,,,,,,SLC4A8,,,,,,,,,,,,,,,,,,,,,,,,,,,,,,,GATB,,,,,,,,,,,,,,,,,,,,,,,,,,,,,,,,,,,,,,,,,,,,,,,,,,,
,,,,,,,,,,,,,,,,,GCLM,,,,,,,,,,,,,,,,,,,,,,,,,,,,,,,GATB,,,,,,,,,,,,,,,,,,,,,,,,,,,,,,,,,,,,,,,,,,,,,,,,,,,
,,,,,,,,,,,,,,,,,PRSS22,,,,,,,,,,,,,,,,,,,,,,,,,,,,,,,GATB,,,,,,,,,,,,,,,,,,,,,,,,,,,,,,,,,,,,,,,,,,,,,,,,,,,
,,,,,,,,,,,,,,,,,CYTH3,,,,,,,,,,,,,,,,,,,,,,,,,,,,,,,GATB,,,,,,,,,,,,,,,,,,,,,,,,,,,,,,,,,,,,,,,,,,,,,,,,,,,
,,,,,,,,,,,,,,,,,LYZL1,,,,,,,,,,,,,,,,,,,,,,,,,,,,,,,GATB,,,,,,,,,,,,,,,,,,,,,,,,,,,,,,,,,,,,,,,,,,,,,,,,,,,
,,,,,,,,,,,,,,,,,SCARB1,,,,,,,,,,,,,,,,,,,,,,,,,,,,,,,GATB,,,,,,,,,,,,,,,,,,,,,,,,,,,,,,,,,,,,,,,,,,,,,,,,,,,
,,,,,,,,,,,,,,,,,IL7,,,,,,,,,,,,,,,,,,,,,,,,,,,,,,,GATB,,,,,,,,,,,,,,,,,,,,,,,,,,,,,,,,,,,,,,,,,,,,,,,,,,,
,,,,,,,,,,,,,,,,,KYNU,,,,,,,,,,,,,,,,,,,,,,,,,,,,,,,GATB,,,,,,,,,,,,,,,,,,,,,,,,,,,,,,,,,,,,,,,,,,,,,,,,,,,
,,,,,,,,,,,,,,,,,AASS,,,,,,,,,,,,,,,,,,,,,,,,,,,,,,,GATB,,,,,,,,,,,,,,,,,,,,,,,,,,,,,,,,,,,,,,,,,,,,,,,,,,,
,,,,,,,,,,,,,,,,,LYRM2,,,,,,,,,,,,,,,,,,,,,,,,,,,,,,,GATB,,,,,,,,,,,,,,,,,,,,,,,,,,,,,,,,,,,,,,,,,,,,,,,,,,,
,,,,,,,,,,,,,,,,,GDE1,,,,,,,,,,,,,,,,,,,,,,,,,,,,,,,GATB,,,,,,,,,,,,,,,,,,,,,,,,,,,,,,,,,,,,,,,,,,,,,,,,,,,
,,,,,,,,,,,,,,,,,SLC39A9,,,,,,,,,,,,,,,,,,,,,,,,,,,,,,,GATB,,,,,,,,,,,,,,,,,,,,,,,,,,,,,,,,,,,,,,,,,,,,,,,,,,,
,,,,,,,,,,,,,,,,,CCL20,,,,,,,,,,,,,,,,,,,,,,,,,,,,,,,GATB,,,,,,,,,,,,,,,,,,,,,,,,,,,,,,,,,,,,,,,,,,,,,,,,,,,
,,,,,,,,,,,,,,,,,TFRC,,,,,,,,,,,,,,,,,,,,,,,,,,,,,,,GATB,,,,,,,,,,,,,,,,,,,,,,,,,,,,,,,,,,,,,,,,,,,,,,,,,,,
,,,,,,,,,,,,,,,,,ASB3,,,,,,,,,,,,,,,,,,,,,,,,,,,,,,,GATB,,,,,,,,,,,,,,,,,,,,,,,,,,,,,,,,,,,,,,,,,,,,,,,,,,,
,,,,,,,,,,,,,,,,,TNFRSF12A,,,,,,,,,,,,,,,,,,,,,,,,,,,,,,,GATB,,,,,,,,,,,,,,,,,,,,,,,,,,,,,,,,,,,,,,,,,,,,,,,,,,,
,,,,,,,,,,,,,,,,,SPPL2B,,,,,,,,,,,,,,,,,,,,,,,,,,,,,,,GATB,,,,,,,,,,,,,,,,,,,,,,,,,,,,,,,,,,,,,,,,,,,,,,,,,,,
,,,,,,,,,,,,,,,,,ASB1,,,,,,,,,,,,,,,,,,,,,,,,,,,,,,,GATB,,,,,,,,,,,,,,,,,,,,,,,,,,,,,,,,,,,,,,,,,,,,,,,,,,,
,,,,,,,,,,,,,,,,,COPZ2,,,,,,,,,,,,,,,,,,,,,,,,,,,,,,,GATB,,,,,,,,,,,,,,,,,,,,,,,,,,,,,,,,,,,,,,,,,,,,,,,,,,,
,,,,,,,,,,,,,,,,,RUNX3,,,,,,,,,,,,,,,,,,,,,,,,,,,,,,,GATB,,,,,,,,,,,,,,,,,,,,,,,,,,,,,,,,,,,,,,,,,,,,,,,,,,,
,,,,,,,,,,,,,,,,,DHX33,,,,,,,,,,,,,,,,,,,,,,,,,,,,,,,GATB,,,,,,,,,,,,,,,,,,,,,,,,,,,,,,,,,,,,,,,,,,,,,,,,,,,
,,,,,,,,,,,,,,,,,KYNU,,,,,,,,,,,,,,,,,,,,,,,,,,,,,,,GATB,,,,,,,,,,,,,,,,,,,,,,,,,,,,,,,,,,,,,,,,,,,,,,,,,,,
,,,,,,,,,,,,,,,,,PRORP,,,,,,,,,,,,,,,,,,,,,,,,,,,,,,,GATB,,,,,,,,,,,,,,,,,,,,,,,,,,,,,,,,,,,,,,,,,,,,,,,,,,,
,,,,,,,,,,,,,,,,,TFEC,,,,,,,,,,,,,,,,,,,,,,,,,,,,,,,GATB,,,,,,,,,,,,,,,,,,,,,,,,,,,,,,,,,,,,,,,,,,,,,,,,,,,
,,,,,,,,,,,,,,,,,OSGEP,,,,,,,,,,,,,,,,,,,,,,,,,,,,,,,GATB,,,,,,,,,,,,,,,,,,,,,,,,,,,,,,,,,,,,,,,,,,,,,,,,,,,
,,,,,,,,,,,,,,,,,DHX33,,,,,,,,,,,,,,,,,,,,,,,,,,,,,,,GATB,,,,,,,,,,,,,,,,,,,,,,,,,,,,,,,,,,,,,,,,,,,,,,,,,,,
,,,,,,,,,,,,,,,,,TFEC,,,,,,,,,,,,,,,,,,,,,,,,,,,,,,,GATB,,,,,,,,,,,,,,,,,,,,,,,,,,,,,,,,,,,,,,,,,,,,,,,,,,,
,,,,,,,,,,,,,,,,,SCARB1,,,,,,,,,,,,,,,,,,,,,,,,,,,,,,,GATB,,,,,,,,,,,,,,,,,,,,,,,,,,,,,,,,,,,,,,,,,,,,,,,,,,,
,,,,,,,,,,,,,,,,,DHX33,,,,,,,,,,,,,,,,,,,,,,,,,,,,,,,GATB,,,,,,,,,,,,,,,,,,,,,,,,,,,,,,,,,,,,,,,,,,,,,,,,,,,
,,,,,,,,,,,,,,,,,LGALS14,,,,,,,,,,,,,,,,,,,,,,,,,,,,,,,GATB,,,,,,,,,,,,,,,,,,,,,,,,,,,,,,,,,,,,,,,,,,,,,,,,,,,
,,,,,,,,,,,,,,,,,TFRC,,,,,,,,,,,,,,,,,,,,,,,,,,,,,,,GATB,,,,,,,,,,,,,,,,,,,,,,,,,,,,,,,,,,,,,,,,,,,,,,,,,,,
,,,,,,,,,,,,,,,,,ASB4,,,,,,,,,,,,,,,,,,,,,,,,,,,,,,,GATB,,,,,,,,,,,,,,,,,,,,,,,,,,,,,,,,,,,,,,,,,,,,,,,,,,,
,,,,,,,,,,,,,,,,,SLC11A1,,,,,,,,,,,,,,,,,,,,,,,,,,,,,,,GATB,,,,,,,,,,,,,,,,,,,,,,,,,,,,,,,,,,,,,,,,,,,,,,,,,,,
,,,,,,,,,,,,,,,,,CCL8,,,,,,,,,,,,,,,,,,,,,,,,,,,,,,,GATB,,,,,,,,,,,,,,,,,,,,,,,,,,,,,,,,,,,,,,,,,,,,,,,,,,,
,,,,,,,,,,,,,,,,,IL17RB,,,,,,,,,,,,,,,,,,,,,,,,,,,,,,,GATB,,,,,,,,,,,,,,,,,,,,,,,,,,,,,,,,,,,,,,,,,,,,,,,,,,,
,,,,,,,,,,,,,,,,,HEBP,,,,,,,,,,,,,,,,,,,,,,,,,,,,,,,GATB,,,,,,,,,,,,,,,,,,,,,,,,,,,,,,,,,,,,,,,,,,,,,,,,,,,
,,,,,,,,,,,,,,,,,,,,,,,,,,,,,,,,,,,,,,,,,,,,,,,,GATB,,,,,,,,,,,,,,,,,,,,,,,,,,,,,,,,,,,,,,,,,,,,,,,,,,,
,,,,,,,,,,,,,,,,,,,,,,,,,,,,,,,,,,,,,,,,,,,,,,,,GATB,,,,,,,,,,,,,,,,,,,,,,,,,,,,,,,,,,,,,,,,,,,,,,,,,,,
,,,,,,,,,,,,,,,,,,,,,,,,,,,,,,,,,,,,,,,,,,,,,,,,GATB,,,,,,,,,,,,,,,,,,,,,,,,,,,,,,,,,,,,,,,,,,,,,,,,,,,
,,,,,,,,,,,,,,,,,,,,,,,,,,,,,,,,,,,,,,,,,,,,,,,,GATB,,,,,,,,,,,,,,,,,,,,,,,,,,,,,,,,,,,,,,,,,,,,,,,,,,,
,,,,,,,,,,,,,,,,,,,,,,,,,,,,,,,,,,,,,,,,,,,,,,,,GATB,,,,,,,,,,,,,,,,,,,,,,,,,,,,,,,,,,,,,,,,,,,,,,,,,,,
,,,,,,,,,,,,,,,,,,,,,,,,,,,,,,,,,,,,,,,,,,,,,,,,GATB,,,,,,,,,,,,,,,,,,,,,,,,,,,,,,,,,,,,,,,,,,,,,,,,,,,
,,,,,,,,,,,,,,,,,,,,,,,,,,,,,,,,,,,,,,,,,,,,,,,,GATB,,,,,,,,,,,,,,,,,,,,,,,,,,,,,,,,,,,,,,,,,,,,,,,,,,,
,,,,,,,,,,,,,,,,,,,,,,,,,,,,,,,,,,,,,,,,,,,,,,,,GATB,,,,,,,,,,,,,,,,,,,,,,,,,,,,,,,,,,,,,,,,,,,,,,,,,,,
,,,,,,,,,,,,,,,,,,,,,,,,,,,,,,,,,,,,,,,,,,,,,,,,GATB,,,,,,,,,,,,,,,,,,,,,,,,,,,,,,,,,,,,,,,,,,,,,,,,,,,
,,,,,,,,,,,,,,,,,,,,,,,,,,,,,,,,,,,,,,,,,,,,,,,,GATB,,,,,,,,,,,,,,,,,,,,,,,,,,,,,,,,,,,,,,,,,,,,,,,,,,,
,,,,,,,,,,,,,,,,,,,,,,,,,,,,,,,,,,,,,,,,,,,,,,,,GATB,,,,,,,,,,,,,,,,,,,,,,,,,,,,,,,,,,,,,,,,,,,,,,,,,,,
,,,,,,,,,,,,,,,,,,,,,,,,,,,,,,,,,,,,,,,,,,,,,,,,GATB,,,,,,,,,,,,,,,,,,,,,,,,,,,,,,,,,,,,,,,,,,,,,,,,,,,
,,,,,,,,,,,,,,,,,,,,,,,,,,,,,,,,,,,,,,,,,,,,,,,,GATB,,,,,,,,,,,,,,,,,,,,,,,,,,,,,,,,,,,,,,,,,,,,,,,,,,,
,,,,,,,,,,,,,,,,,,,,,,,,,,,,,,,,,,,,,,,,,,,,,,,,GATB,,,,,,,,,,,,,,,,,,,,,,,,,,,,,,,,,,,,,,,,,,,,,,,,,,,
,,,,,,,,,,,,,,,,,,,,,,,,,,,,,,,,,,,,,,,,,,,,,,,,GATB,,,,,,,,,,,,,,,,,,,,,,,,,,,,,,,,,,,,,,,,,,,,,,,,,,,
,,,,,,,,,,,,,,,,,,,,,,,,,,,,,,,,,,,,,,,,,,,,,,,,GATB,,,,,,,,,,,,,,,,,,,,,,,,,,,,,,,,,,,,,,,,,,,,,,,,,,,
,,,,,,,,,,,,,,,,,,,,,,,,,,,,,,,,,,,,,,,,,,,,,,,,GATB,,,,,,,,,,,,,,,,,,,,,,,,,,,,,,,,,,,,,,,,,,,,,,,,,,,
,,,,,,,,,,,,,,,,,,,,,,,,,,,,,,,,,,,,,,,,,,,,,,,,GATB,,,,,,,,,,,,,,,,,,,,,,,,,,,,,,,,,,,,,,,,,,,,,,,,,,,
,,,,,,,,,,,,,,,,,,,,,,,,,,,,,,,,,,,,,,,,,,,,,,,,GATB,,,,,,,,,,,,,,,,,,,,,,,,,,,,,,,,,,,,,,,,,,,,,,,,,,,
,,,,,,,,,,,,,,,,,,,,,,,,,,,,,,,,,,,,,,,,,,,,,,,,GATB,,,,,,,,,,,,,,,,,,,,,,,,,,,,,,,,,,,,,,,,,,,,,,,,,,,
,,,,,,,,,,,,,,,,,,,,,,,,,,,,,,,,,,,,,,,,,,,,,,,,GATB,,,,,,,,,,,,,,,,,,,,,,,,,,,,,,,,,,,,,,,,,,,,,,,,,,,
,,,,,,,,,,,,,,,,,,,,,,,,,,,,,,,,,,,,,,,,,,,,,,,,GATB,,,,,,,,,,,,,,,,,,,,,,,,,,,,,,,,,,,,,,,,,,,,,,,,,,,
,,,,,,,,,,,,,,,,,,,,,,,,,,,,,,,,,,,,,,,,,,,,,,,,GATB,,,,,,,,,,,,,,,,,,,,,,,,,,,,,,,,,,,,,,,,,,,,,,,,,,,
,,,,,,,,,,,,,,,,,,,,,,,,,,,,,,,,,,,,,,,,,,,,,,,,GATB,,,,,,,,,,,,,,,,,,,,,,,,,,,,,,,,,,,,,,,,,,,,,,,,,,,
,,,,,,,,,,,,,,,,,,,,,,,,,,,,,,,,,,,,,,,,,,,,,,,,GATB,,,,,,,,,,,,,,,,,,,,,,,,,,,,,,,,,,,,,,,,,,,,,,,,,,,
,,,,,,,,,,,,,,,,,,,,,,,,,,,,,,,,,,,,,,,,,,,,,,,,GATB,,,,,,,,,,,,,,,,,,,,,,,,,,,,,,,,,,,,,,,,,,,,,,,,,,,
,,,,,,,,,,,,,,,,,,,,,,,,,,,,,,,,,,,,,,,,,,,,,,,,GATB,,,,,,,,,,,,,,,,,,,,,,,,,,,,,,,,,,,,,,,,,,,,,,,,,,,
,,,,,,,,,,,,,,,,,,,,,,,,,,,,,,,,,,,,,,,,,,,,,,,,GATB,,,,,,,,,,,,,,,,,,,,,,,,,,,,,,,,,,,,,,,,,,,,,,,,,,,
,,,,,,,,,,,,,,,,,,,,,,,,,,,,,,,,,,,,,,,,,,,,,,,,GAT,,,,,,,,,,,,,,,,,,,,,,,,,,,,,,,,,,,,,,,,,,,,,,,,,,,