seed_1_all,seed_2_all,seed_3_all,seed_4_all,seed_5_all,seed_6_all,seed_7_all,seed_8_all,seed_9_all,seed_10_all,seed_11_all,seed_12_all,seed_13_all,seed_14_all,seed_15_all,seed_16_all,seed_17_all,seed_18_all,seed_19_all,seed_20_all,seed_21_all,seed_22_all,seed_23_all,seed_24_all,seed_25_all,seed_26_all,seed_27_all,seed_28_all,seed_29_all,seed_30_all,seed_31_all,seed_32_all,seed_33_all,seed_34_all,seed_35_all,seed_36_all,seed_37_all,seed_38_all,seed_39_all,seed_40_all,seed_41_all,seed_42_all,seed_43_all,seed_44_all,seed_45_all,seed_46_all,seed_47_all,seed_48_all,seed_49_all,seed_50_all,seed_51_all,seed_52_all,seed_53_all,seed_54_all,seed_55_all,seed_56_all,seed_57_all,seed_58_all,seed_59_all,seed_60_all,seed_61_all,seed_62_all,seed_63_all,seed_64_all,seed_65_all,seed_66_all,seed_67_all,seed_68_all,seed_69_all,seed_70_all,seed_71_all,seed_72_all,seed_73_all,seed_74_all,seed_75_all,seed_76_all,seed_77_all,seed_78_all,seed_79_all,seed_80_all,seed_81_all,seed_82_all,seed_83_all,seed_84_all,seed_85_all,seed_86_all,seed_87_all,seed_88_all,seed_89_all,seed_90_all,seed_91_all,seed_92_all,seed_93_all,seed_94_all,seed_95_all,seed_96_all,seed_97_all,seed_98_all,seed_99_all,seed_100_all
IL1B,IFNG,IL6,IFNG,IL1RL1,IL1B,IL1B,IL1B,ITPKC,IL1B,IFNG,IFNG,CXCL10,STAT1,IL1B,IL1B,IL1B,IL1B,IL1B,IL6,IL1B,IL1B,IL1B,IL1B,IL6,IL1B,IL6,ITPKC,IL1B,STAT1,IL1B,STAT1,IL1B,IL1B,IL1B,IFNG,IL1B,IL1B,IL6,IL1B,IL1B,IL1B,IL1B,IFNG,IFNG,IL6,TLR2,IL6,IL1B,IFNG,TMPRSS2,IL1B,IL1B,IFNG,IL1B,IL1B,IL1B,IL1B,IL1B,IL1B,IFNG,IL1B,IL17A,IL1B,FCGR2A,CXCL11,CXCL10,IL1B,CEACAM1,IFNG,STAT1,STAT1,IL1B,IL1B,IL1B,IL1B,ITPKC,IL1B,STAT1,IL1B,IL1B,IL1B,IL1B,IL6,IL1B,IL1B,IL1B,IL1B,IL1B,IL1B,FCGR3B,IL1B,IL1B,IL1B,IL1B,IL17A,IL1B,IL1B,IL1B,CTLA4
IL6,IL1B,TNF,STAT1,IFNG,IL6,IL6,TNF,CASP3,TNF,CXCL10,ISG15,CTLA4,NLRP3,IL6,IL6,IL6,TNF,TNF,IL1B,IL6,IL6,IL6,IL6,IL1B,IL6,TNF,CASP3,IL6,NOS3,IL6,IRF7,IL6,IL6,IL6,IL1B,IL6,IL6,TNF,TNF,IL6,IL6,IL6,IRF3,CXCL10,IL1B,TLR3,IL10,TNF,IL1B,IL17RA,TNF,IL6,NLRP3,TNF,IL6,TNF,IL6,IL6,IL6,IL1B,IL6,IFNG,TNF,ITPKC,CD40,CD4,IL6,S100A8,IL1B,IRF3,IL1B,IL6,IL6,TNF,IL6,CASP3,TNF,IL1B,IL6,CXCL10,IL6,TNF,IL1B,IL6,IL6,IL6,IL6,IL6,STAT1,IL1B,TNF,IL6,IL6,IL6,IL17F,IL6,IL6,IL6,ITPKC
TNF,IL6,IL1B,IFNGR1,STAT1,TNF,TNF,IL6,FCGR2A,IL6,IFNA1,MX1,ICOS,CXCL10,TNF,TNF,TNF,IL6,IL6,TNF,TNF,TNF,TNF,TNF,TNF,TNF,IFNG,FCGR2A,TNF,IL2RA,TNF,VWF,TNF,TNF,TNF,IL6,TNF,TNF,IL1B,IL6,TNF,TNF,TNF,IRF7,IL17A,TNF,TLR4,TNF,IL6,IL6,IL1RL1,IL6,TNF,STAT1,IL6,TNF,IL6,TNF,TNF,TNF,IL6,TNF,TLR4,IL6,CASP3,CTLA4,TNFRSF1A,TNF,S100A9,IL6,IRF7,IFNG,TNF,TNF,IL6,TNF,FCGR2A,IL6,IL6,TNF,CCL2,TNF,IL6,TNF,TNF,TNF,TNF,TNF,TNF,IFNA2,S100A8,IFNG,TNF,TNF,TNF,CD163,TNF,TNF,TNF,CASP3
IFNG,TNF,IFNG,IL1B,IRF3,VWF,IFNG,IL10,CD40L,IFNA1,IFNB1,OAS1,CXCL9,IFNG,IL10,IFNG,IFNG,IFNG,IFNG,IL10,IL18,IFNG,IL10,IFNG,IFNG,IFNG,IL1B,ORAI1,IL17A,CTLA4,IL10,IL1B,IFNG,IFNG,IL17A,TNF,IL17A,IFNG,IFNG,IFNG,IFNG,VCAM1,IL10,IRF9,S100A8,IL10,STAT1,IFNG,IFNG,TNF,CD40,IFNG,IL10,IL1B,IFNG,IL17A,IFNG,IFNG,CXCL8,IL17A,TNF,IL17A,IL22,IFNG,BLK,THBD,NFKB2,IFNG,S100A12,TNF,IL1B,IL6,IL10,IFNG,IFNG,IL10,BLK,IFNG,TNF,IL17A,IL6,IL17A,IL10,CXCL10,IL17A,IL17A,IFNG,IFNG,IFNG,IFNB1,S100A9,IL6,CXCL8,IFNG,IFNG,IL1B,IFNG,IL10,IL10,FCGR2A
IL17A,IL10,IL10,IL6,IRF7,IFNG,IL17A,IFNG,SERPINA1,IFNG,TLR9,RSAD2,S100A12,SOCS1,IFNG,IL17A,STAT1,IL17A,IL10,IFNG,IFNG,IL10,IL17A,IL10,MX1,IL17A,STAT1,CD40,IL10,VWF,IFNG,IL6,IL17A,IL10,IFNG,TNFRSF1A,IFNG,IL10,IL10,IL10,IL17A,ICAM1,IL18,STAT1,S100A9,IL17A,STAT2,IL1B,IL10,MX1,CD55,IL10,IL17A,IL6,CXCL8,IL10,IL10,S100A12,IL17A,IFNG,STAT1,IFNG,IL23A,NFKB1,CD40,TLR4,PYCARD,IL17A,ALOX5AP,IL18,IL6,TNF,STAT1,IL10,TLR4,IL17A,CD40,IL17A,JAK1,IFNG,TNF,IFNG,IFNG,S100A12,IL10,IFNG,IL10,IL17A,IL10,ISG15,S100A12,NFKB1,IL10,IL10,IL17A,PTX3,STAT1,IFNG,IL18,TMPRSS2
IL18,TLR2,IL17A,TNF,IL1B,STAT1,CXCL8,IL17A,S100A8,IL10,IL6,IFIT1,STAT1,IRF7,IL17A,CXCL8,IFNA1,CXCL8,MMP9,IL17A,IL10,CXCL10,IFNG,IL17A,IL10,CXCL10,JAK1,BLK,IFNG,THBD,IL17A,TNF,CXCL10,IL17A,IL10,NLRP3,IL10,IL17A,IL17A,CXCL8,S100A8,SELE,IFNG,THBD,S100A12,NLRP3,IRF3,S100A8,IL17A,ISG15,CD59,IL17A,IL17F,TNF,IL10,IFNG,IL17A,CXCL10,IFNG,STAT1,TLR4,IL10,LBP,IL10,TNFRSF1A,TLR2,NFKB1,IL10,TGFB1,CXCL10,TNF,IL10,STAT3,IL17A,MYD88,IFNG,ORAI1,CXCL8,IRF3,IL10,IL18,STAT1,IL17A,S100A8,CXCL10,IL10,CXCL10,IL8,IL18,MX1,CAMP,STAT1,IFNG,S100A8,IL10,S100A12,STAT3,CXCL10,IFNG,THBD
CXCL10,TLR4,CXCL8,IL17A,IL6,IL10,CXCL10,S100A8,S100A9,TGFB1,TNF,MMP9,IRF3,MMP9,CD4,IL10,IFNB1,MMP9,CASP1,TGFB1,IL17A,STAT1,CXCL8,CXCL10,CXCL10,IL10,JAK2,INPP5D,IL4,IL7R,IL12A,IFNG,IL10,CXCL10,IL18,STAT1,CD4,IL18,CXCL8,IL17A,S100A9,IL18,CXCL10,PLAU,CD40,S100A8,CD4,S100A9,CXCL8,STAT1,MBL2,CXCL8,IFNG,IL18,IL17A,IL18,IL8,MX1,IL10,STAT3,IL10,NLRP3,IL1B,STAT1,IL1B,TLR9,IFNG,CXCL8,IL1B,IL10,IFNG,IL17A,MMP9,IL18,NFKB1,CXCL8,PDE4D,IL18,IRF7,IL1R1,IFNG,MYD88,CXCL8,S100A9,IFNG,CTLA4,IL18,NLRP3,CXCL10,NLRP3,ELANE,IL17A,IL17A,S100A9,STAT3,CCL2,IL17A,STAT1,VEGFA,PLAT
VCAM1,MYD88,CCL2,IL10,TNF,MX1,IL10,S100A9,S100A12,IL18,JAK1,S100A8,IRF7,TGFB1,CD8A,STAT1,IL18,S100A8,NLRP3,S100A8,CXCL8,STAT2,CXCL9,S100A8,STAT1,STAT1,NLRP3,IL1B,NLRP3,IL1B,IL12B,ICAM1,TNFRSF1A,STAT1,TLR2,STAT3,CD8A,CXCL10,NFKB1,STAT3,S100A12,IL18BP,IL17A,CD19,IL1B,S100A9,CD8A,S100A12,CCL2,IL10,FCN1,CCL2,IL12A,CXCL8,NFKB1,IL1R1,CXCL10,ISG15,IL1R1,IRF3,CXCL10,STAT1,IL6,TLR4,IL6,ITPKC,IL17A,CXCL10,IL6,NLRP3,VWF,MYD88,IFNG,VCAM1,IL17A,CXCL10,PELI1,NFKB1,IFNAR1,IL6R,STAT1,NFKB1,CCL2,MMP9,CCL2,CD40,NLRP3,CASP1,CCL2,CASP1,MPO,MMP9,S100A8,S100A12,NFKB1,CCL3,IL10,STAT3,KDR,PLAU
ICAM1,STAT1,NFKB1,IL18,TLR2,ISG15,STAT1,S100A12,IL1B,IL17A,JAK2,S100A9,ACE,CCL2,CD19,STAT3,CXCL10,S100A9,IL18,S100A9,CXCL10,MX1,CXCL10,S100A9,S100A8,STAT3,VWF,IL6,TLR2,IL6,TLR2,S100A8,IL1R1,STAT3,TLR4,TLR2,NLRP3,TLR2,STAT3,NLRP3,CXCL10,IL1A,VCAM1,CD28,IL6,S100A12,CD19,CXCL10,IL18,NLRP3,FCN2,ICAM1,IL12B,CCL2,STAT1,IL6R,CCL2,NLRP3,IL6R,IRF7,CCL2,STAT3,IL18,MYD88,TNF,IL1B,IL1R1,IL18,TNF,ICAM1,MX1,NLRP3,NLRP3,ICAM1,IL10,CCL2,COPB2,CASP1,IFNAR2,TNFRSF1A,CCL3,NLRP3,IL1A,IL10,STAT1,CD80,STAT1,IL1R1,NLRP3,IL18,MMP9,S100A8,S100A9,CRP,TLR2,CCL4,TLR2,TLR4,VCAM1,BLK
SELE,NLRP3,STAT3,CXCL10,TLR4,OAS1,STAT3,CXCL8,IL6,CXCL8,IL1B,S100A12,ISG15,VWF,NFKB1,NFKB1,CXCL9,S100A12,IL1R1,S100A12,CCL2,ISG15,IFNB1,S100A12,S100A9,S100A8,IRF3,TNF,TLR4,TNF,TLR4,S100A9,IL1RN,CD4,NLRP3,TLR4,TLR2,TLR4,TLR4,CASP1,MX1,TNNT2,ICAM1,CD3D,TNF,TLR4,VCAM1,CXCL9,TGFB1,HMGB1,IL18BP,VCAM1,CXCL8,CXCL10,STAT3,TNFRSF1A,MMP9,IL10,TNFRSF1A,NLRP3,IFNA1,VEGFA,TNF,NLRP3,IFNG,IL6,CD274,S100A8,CXCL8,VCAM1,ISG15,CASP1,CASP1,VEGFA,STAT3,CCL3,HMGB1,NLRP3,IFNG,NLRP3,CCL4,IL18,IL18,IFNG,STAT3,CD86,IL17A,IL6R,CASP1,IFNG,DEFA1,S100A9,S100A12,MMP9,TLR4,CXCL10,TLR4,NLRP3,ICAM1,STIM1
VWF,CCL2,TLR4,OAS1,IL7,IL17A,IRF3,CXCL10,TNF,CCL2,IL17A,TNNT2,VWF,VEGFA,STAT1,TLR2,S100A8,NLRP3,TNFRSF1A,NLRP3,TLR2,S100A8,ISG15,IFNA1,S100A12,S100A9,IRF7,S100A8,MYD88,IL10,MYD88,S100A12,IL6R,CD8A,NFKB1,MYD88,TLR4,TLR7,MYD88,CD40L,STAT1,TNNI3,VEGFA,CD3E,STAT1,NFKB1,ICAM1,IL17A,NLRP3,CXCL10,S100A12,SELE,CXCL10,STAT3,IL1R1,TLR2,TGFB1,IFNA1,IL17RA,CASP1,IFNA2,ICAM1,IFNB1,CXCL8,IL10,IL10,IL1B,S100A9,CCL2,VWF,TLR4,CXCL10,IL18,KDR,CD40LG,CCL4,S100A8,MMP9,CXCL10,STAT1,TLR2,IL1R1,TLR4,STAT1,IL18,TNFSF13B,CASP1,TNFRSF1A,MYD88,CXCL10,DEFA3,S100A12,TGFB1,TLR4,MYD88,IFI27,NFKB1,VCAM1,SELE,IL17A
IL10,CCR2,MYD88,MX1,CXCL10,IL18,IRF7,CXCL9,MMP9,CXCL10,IL10,TNNI3,CXCL11,IL1B,STAT3,TLR4,S100A9,CASP1,MYD88,CASP1,TLR4,S100A9,MX1,IFNB1,IL17A,S100A12,IL10,S100A9,NFKB1,IL17A,NLRP3,CXCL10,STAT1,VCAM1,STAT1,IRAK4,MYD88,MYD88,NLRP3,IL18,NLRP3,MYH6,VWF,CD3G,ISG15,ITPKC,SELE,IL18,MYD88,TNFRSF1A,PTX3,MMP9,CCL2,TLR2,TNFRSF1A,TLR4,VEGFA,OAS1,IFNGR1,IL18,IFNB1,VCAM1,IFNA1,IL17A,IL17A,FCGR2A,IL6,S100A12,CCL3,MX1,NLRP3,VWF,VEGFA,S100A8,CXCL8,CCL5,S100A9,ICAM1,CD40,STAT3,TLR4,CXCL10,MYD88,STAT3,RORC,IL18,HMGB1,IFNGR1,STAT1,VWF,LCN2,TGFB1,IL1R1,NLRP3,CD40,SIGLEC1,NLRP3,ICAM1,SELP,IL7R
TGFB1,VWF,RELA,ISG15,IL10,IFNB1,NLRP3,CCL2,CXCL8,IL1R1,STAT1,NPPB,CAMP,RSAD2,TLR2,TLR9,S100A12,IL1R1,TLR2,VEGFA,MYD88,S100A12,OAS1,MX1,CD8A,MMP9,MYD88,S100A12,STAT1,IL18,CASP1,TLR3,STAT3,VWF,STAT3,NFKB1,NFKB1,NLRP3,CASP1,IL1A,IL18,F2,NPPB,CD4,MX1,FCGR2A,IL1B,CD14,NFKB1,S100A8,CALCA,CASP1,CCL3,S100A8,IL6R,MYD88,IL1R1,IFI44L,IL10RA,IL10,VWF,SELE,IFNA2,CD40,CXCL10,CASP3,IL10,VCAM1,CCL4,ISG15,JAK1,ISG15,CXCL10,S100A9,IL1R1,IL1R1,S100A12,VCAM1,TLR9,TLR2,TLR9,S100A8,NFKB1,NLRP3,S100A8,IL33,S100A8,IL17RA,STAT3,TLR2,BPI,CXCL8,IL1RN,IL18,CD80,ISG15,MYD88,VEGFA,TNNT2,CRP
ITPKC,MMP9,CD40,RSAD2,IL17A,IRF7,S100A8,CCL3,CCL2,TNFRSF1A,ISG15,MPO,DEFA1,IL6,TLR4,MYD88,ISG15,IL6R,TLR4,ICAM1,NLRP3,CD177,ITPKC,ISG15,ISG15,NLRP3,VEGFA,NLRP3,STAT3,IL1A,CD4,MX1,NFKB1,NOS3,VCAM1,NFKB2,RELA,STAT1,IL18,TLR4,IL10,F5,TNNT2,CD8A,IL23A,IFNG,IL6,NLRP3,STAT1,S100A9,CAMP,NLRP3,CCL4,S100A9,IFNGR1,IRAK4,TNFRSF1A,STAT1,TLR2,TGFB1,IRF3,VWF,TLR2,KDR,CCL2,IFI27,TLR4,ICAM1,IL17A,TLR2,TGFB1,MX1,CCL2,S100A12,ICAM1,IL1RN,IL1B,SELE,MX1,TLR4,FCGR2A,S100A9,STAT1,CASP1,S100A9,IL4,S100A9,CXCR1,ACE,TLR4,CD177,IL18,IL6R,CXCL10,CD86,MX1,VCAM1,VWF,TNNI3,IL1B
CASP3,THBD,IL18,IFIT1,CD274,IFIT1,S100A9,CCL5,CCL3,IL6R,MX1,DEFA1,LCN2,IL18,MYD88,CD40,MX1,TNFRSF1A,NFKB1,VCAM1,NFKB1,FCGR2A,CASP3,TLR3,OAS1,CASP1,HMGB1,TMPRSS2,CD4,CASP3,CD8A,OAS1,RELA,IL18,ICAM1,RELA,STAT1,STAT3,CCL2,TLR2,TGFB1,F7,MYH7,CTLA4,LCN2,CXCL10,TNF,CASP1,STAT3,S100A12,NLRP1,CD40,CCL5,S100A12,CXCR1,TRAF6,IL6R,FCGR3A,TLR4,VEGFA,IRF7,TNNT2,TLR9,ICAM1,STAT1,CXCL10,TLR2,VWF,RNASE3,TLR4,MMP9,OAS1,S100A8,TNNT2,VCAM1,IL6R,IL6,VEGFA,OAS1,MYD88,IL10,S100A12,IL1RN,IL18,S100A12,IL13,S100A12,CXCR2,TMPRSS2,STAT3,IL17A,CD40L,STAT1,CD163,IL1R1,RSAD2,ICAM1,MMP9,NPPB,CD40
FCGR2A,IFNA1,IL6R,VWF,CD4,IFNA1,S100A12,IL18,NLRP3,IFNAR1,OAS1,DEFA3,CD177,MX1,NLRP3,ICAM1,OAS1,NFKB1,STAT1,SELE,STAT1,ITPKC,FCGR2A,TLR2,IFNAR1,IL18,S100A8,IFI27,CD8A,ITPKC,TGFB1,ISG15,MYD88,S100A8,SELE,RELB,STAT3,VCAM1,CXCL10,MYD88,TNFRSF1A,IFNA1,CRP,CXCL8,ITPKC,CXCL9,IL10,IFNA1,MAPK1,IL17A,AIM2,CD40LG,CD3D,IRF3,IL10RA,NFKB1,IFNGR1,CD177,MYD88,KDR,IRF9,TNNI3,CD14,VCAM1,STAT2,TNF,CASP1,MMP9,FCGR3B,MMP9,SERPINE1,CXCL8,S100A9,TNNI3,PECAM1,TNFRSF1A,TNF,PECAM1,ISG15,IRAK4,CXCL8,TNFRSF1A,NLRP3,IL17A,MMP9,IL5,MYD88,TLR2,ITPKC,IL6,CXCL2,VEGFA,STAT3,IL1R1,IL1RN,ITPKC,VEGFA,S100A8,MYH6,IL6
NLRP3,IFNB1,CXCL10,TLR4,CD8A,ICAM1,VCAM1,NLRP3,TGFB1,IFNGR1,IL18,IFI27,ELANE,NOS3,CASP1,VCAM1,IFIT1,STAT3,STAT3,MX1,STAT3,BLK,TMPRSS2,TLR4,IFNAR2,TLR4,S100A9,ISG15,CCL2,TMPRSS2,IL2RA,IRF3,NLRP3,S100A9,VWF,TRAF6,CXCL8,ICAM1,VEGFA,NFKB1,IL1R1,IFNA2,TLR2,GATA3,NFKB1,VCAM1,IL4,IFNB1,MAPK3,IL18,CFHR3,IL18,CD3E,IRF7,IL17RA,NFKB2,IL10RA,IL17A,NFKB1,ANGPT2,STAT2,NPPA,NLRP3,NOS3,IRF7,TRBV11-2,CD8A,CRP,ITGAM,CASP1,IL17A,VEGFA,S100A12,NPPB,SELE,TNFRSF1B,CXCL8,VWF,RSAD2,NFKB1,JAK1,IL10,CASP1,CD14,JAK2,CCR7,NFKB1,TLR4,FCGR2A,IL10,CCL3,IL1R1,IFNA1,IL1RN,IL6R,CASP3,VWF,S100A9,MYH7,TNF
TLR3,ISG15,TGFB1,MYD88,NLRP3,SERPINE1,ICAM1,IFNA1,IL17A,IL10RA,CCL2,IL1B,MPO,TRAF6,IL18,SELE,RSAD2,JAK1,ICAM1,ISG15,JAK1,CASP3,VCAM1,NLRP3,NLRP3,CD177,S100A12,MX1,CXCL8,IL1RN,IL7R,CD14,CASP1,S100A12,PECAM1,IRF3,CXCL10,SELE,KDR,TNFRSF1A,IL6R,IFNB1,TLR4,HLA-DRA,MMP9,ICAM1,IL13,MX1,JAK1,CXCL8,CFB,TLR4,CD4,MX1,NFKBIA,RELA,IL17RA,TNFRSF1A,NFKBIA,ICAM1,MX1,NPPB,CASP1,SELE,MX1,IFNG,CD3G,HMGB1,MPO,IL12A,IL18,ICAM1,IL17A,F2,VEGFA,CD4,CXCL10,CD40LG,IL10,TRAF6,JAK2,IL4,TNFRSF1A,TLR4,TYK2,CCR5,TNFRSF1A,TLR7,BLK,TNF,CCL4,TLR4,IFNB1,TNFRSF1A,TNFRSF1A,OASL,MMP9,S100A12,F3,CCR2
IRF3,MX1,IL4,NLRP3,TMPRSS2,NFKB1,SELE,IFNB1,IL18,TGFBR1,CCL3,IL6,CEACAM8,THBD,IL1R1,SELP,IL17A,JAK2,VCAM1,OAS1,JAK2,NLRP3,ICAM1,CASP1,TLR4,MPO,CRP,OAS1,CXCL10,IFNG,STAT1,IFI27,TLR2,NLRP3,TNNT2,IRF7,CCL2,VWF,PECAM1,VCAM1,IFNAR1,IFNAR1,MYD88,HLA-DRB1,NLRP3,MMP9,CXCL8,ISG15,JAK2,CCL2,MASP1,TLR2,CD8A,OAS1,SOCS1,CD4,CXCR3,CASP1,STAT1,VCAM1,IL18,F3,PYCARD,PECAM1,ICAM1,S100A8,IL6R,CALCA,CAMP,IL12B,STAT3,VCAM1,MYD88,SERPINE1,KDR,CD8A,MMP9,FAS,NFKB1,IKBKB,TYK2,CD4,CD40LG,TLR2,JAK1,TLR4,TLR4,TLR9,CD40,IL17A,MX1,TLR2,MX1,TNFRSF1B,TNFRSF1B,IL33,S100A8,HMGB1,SERPINE1,ICAM1
IRF7,OAS1,TNFRSF1A,NFKB1,ITPKC,TLR4,VWF,ISG15,VCAM1,IL18R1,STAT3,TNF,FCN1,IFIT1,IL1RN,CD14,IL10,TLR2,SELP,RSAD2,CD4,NOS3,SELE,IL1R1,TLR2,ELANE,SERPINE1,STAT1,IL1R1,FCGR2A,STAT3,IL17A,TLR4,CASP1,TNNI3,IRF8,IL1R1,VEGFA,ICAM1,ICAM1,TLR4,IFNAR2,NLRP3,ICOS,TLR4,STAT3,CXCL9,OAS1,TLR2,STAT3,MASP2,MYD88,CD19,IFIT1,SOCS3,CD8A,CCR2,IL18,STAT3,SELE,STAT3,SERPINE1,MMP9,VWF,VCAM1,MX1,NLRP3,TNNT2,LCN2,THBD,NFKB1,S100A8,TLR4,VWF,ACE2,NLRP3,MMP3,FASLG,MYD88,CD40,MYD88,CD8A,ICAM1,MYD88,IL15,TLR2,MX1,MYD88,TNFRSF1A,S100A8,ISG15,NLRP3,ISG15,MYD88,IL18,IL1RL1,S100A9,NFKB1,VWF,VCAM1
MX1,IFIH1,TLR2,CXCL8,CASP3,TLR2,TNNT2,MX1,ICAM1,IL17RA,HMGB1,IL10,CLEC4D,ISG15,IL6R,CD163,NLRP3,TLR4,KDR,IFIT1,CD8A,VCAM1,VEGFA,IL18,HMGB1,DEFA1,CXCL10,STAT2,IL6R,IL2,STAT5A,IL10,DDX58,HMGB1,NPPA,CXCL8,IL6R,KDR,VCAM1,PECAM1,VCAM1,IFNGR2,STAT1,IL10,TLR9,CASP1,CXCL10,RSAD2,TLR4,JAK1,C2,NFKB1,CD14,ISG15,TLR2,CD19,CASP1,TLR4,CD4,MMP9,TLR2,THBD,TIMP2,VEGFA,MMP9,S100A9,CTLA4,F3,LTF,OAS1,VCAM1,S100A9,NFKB1,PLAT,TMPRSS2,NLRC4,VCAM1,TLR4,JAK2,ICOS,NLRP3,STAT3,VCAM1,CCL2,HMGB1,TLR9,ISG15,IRAK4,TNFRSF1B,S100A9,IFIT1,ACE2,OAS1,STAT1,IL18R1,IL6,S100A12,TNNT2,THBD,SELE
OAS1,DDX58,NLRP3,CCL2,FCGR2A,S100A8,TNNI3,OAS1,VWF,CXCR1,TYK2,VWF,MS4A4A,TNF,TNFRSF1A,CD4,CASP1,MYD88,VEGFA,TMPRSS2,CD19,ICAM1,VWF,VCAM1,CASP1,CEACAM8,CASP1,IFNAR1,TNFRSF1A,CD40,STAT5B,IL18,IFIH1,MX1,NPPB,CXCL10,TNFRSF1A,TNNT2,SELE,VWF,ICAM1,CXCL10,STAT2,IL13,IRF3,TMPRSS2,NPPB,IFIT1,IL1R1,JAK2,C4BPA,STAT1,TLR2,RSAD2,TLR4,CD3D,NLRP3,DDX58,CD8A,TNNT2,VCAM1,IRF3,CRP,MMP9,NLRP3,S100A12,B2M,SERPINE1,MMP9,RSAD2,ICAM1,S100A12,ICAM1,IFNA1,MMP9,PYCARD,ICAM1,TLR2,TGFB1,CD80,CASP1,TLR4,SELL,NFKB1,CCL4,MYD88,IFIT1,TRAF6,IL17A,S100A12,IFIT2,ICAM1,F3,STAT3,IL18BP,TNF,CD163,TNNI3,IFNA1,VWF
ISG15,TLR3,HMGB1,IL1R1,BLK,VCAM1,NPPB,RSAD2,NOS3,CCR2,CXCL9,CEACAM1,SIGLEC14,CD4,IL10RA,CD8A,MYD88,CD40,NOS3,IL7,CD3D,SELE,TNNT2,ICAM1,IL18,VWF,THBD,IFNAR2,IL18,BSG,JAK1,TLR4,IRF3,TGFB1,DDX58,CCL2,IL18,NPPB,VWF,SELE,SELE,CCL2,MX1,IL17A,IRF7,IL17F,TNNT2,IFIT2,TNFRSF1A,IFNA1,FGB,STAT3,TLR4,DDX58,MYD88,CD3E,TLR2,IFIH1,CD19,NPPB,ICAM1,IRF7,MYD88,TGFB1,CASP1,ISG15,CD3D,NLRP3,ELANE,IFIT1,JAK2,TNNT2,VCAM1,IFNB1,IL18,CASP1,SELE,MYD88,SOCS1,CD86,IL1R1,VCAM1,SELP,HMGB1,CCL3,IRAK4,OAS1,NFKB1,TLR2,HMGB1,IFIT3,VCAM1,SERPINE1,NFKB1,IL12A,IL10,SERPINE1,NPPB,IFNB1,PECAM1
S100A8,TLR9,S100A8,IL6R,ABCC4,NLRP3,MMP9,IFI27,VEGFA,CXCR3,TLR2,MMP8,CD163,ICAM1,IL10RB,S100A8,TLR4,CD40LG,HMGB1,CD40LG,CD14,TNNT2,TNNI3,SELE,CCL2,PECAM1,ADAMTS13,IFITM1,IL18R1,NLRP3,JAK2,MYD88,IRF7,F3,IFIH1,CCL3,IL33,MYH6,THBD,SELP,VEGFA,CCL3,ISG15,IL18,CXCL8,IL23A,TNNI3,IFIT3,IL6R,IFNB1,THBD,IL1R1,TLR9,IFIH1,IRAK4,CD3G,TLR4,IL1R1,CD3E,TNNI3,SELP,DDX58,TRAF6,CASP1,MYD88,NFKB1,MYD88,IL1R1,DEFA1,IFIT2,CD40,CRP,CCL3,MX1,TGFB1,TLR2,SELP,IRAK4,STAT3,CD28,S100A8,ICAM1,SELE,ICAM1,VEGFA,TRAF6,IRF7,NFKB2,TLR4,IFNA1,OAS1,SELE,VWF,IL17A,IL12B,VEGFA,HMGB1,MYBPC3,MX1,IL10
S100A9,IL17A,S100A9,TNFRSF1A,MX1,S100A9,IFNA1,IFI44,IL1RN,MYD88,TLR4,IL17A,MARCO,PLAT,IFNGR1,S100A9,VWF,ITGAM,S100A8,STAT1,RORC,NPPB,NPPB,VWF,VWF,ICAM1,MX1,IFITM2,IL23A,ORAI1,JAK3,NLRP3,IFNAR1,SERPINE1,IRF3,CCL4,CD14,MX1,ANGPT2,KDR,PECAM1,CCL4,F3,IL1B,CCL2,IL12A,F3,IFI27,IFNGR1,OAS1,PROCR,IL6R,MYD88,IL17A,TRAF6,CD28,MYD88,IL6R,CD14,VWF,CCL3,IFIH1,STAT1,IL18,TLR2,IL17A,RELA,IL6R,DEFA3,TLR9,OAS1,SERPINE1,TGFB1,OAS1,CCL2,TLR4,VWF,NLRC4,VWF,CTLA4,S100A9,VWF,VWF,VCAM1,NLRC4,NFKB1,ACE2,RELA,TLR3,IFNAR1,OAS2,PECAM1,THBD,CD4,IL23A,VEGFB,CXCL10,F3,OAS1,CXCL10
S100A12,IL4,S100A12,IL10RA,ISG15,S100A12,IFNB1,IFI44L,NFKB1,IRAK4,NLRP3,VCAM1,CD14,SERPINE1,IFNGR2,S100A12,MMP9,SELL,S100A9,STAT3,GATA3,TNNI3,F3,PECAM1,ICAM1,VCAM1,OAS1,IFITM3,IL12A,IL37,CXCL8,CASP1,IFNAR2,IFNA1,IRF7,CCL5,CD40,ISG15,EDN1,VEGFA,TNNT2,IL10,SERPINE1,IL1R1,IL18,IL12B,F5,STAT1,IL10RA,ITPKC,MTHFR,TNFRSF1A,NLRP3,IL10,NLRP3,CTLA4,NFKB1,VEGFA,CTLA4,SELP,NLRP3,ISG15,JAK1,HMGB1,TLR4,STAT1,TRAF6,TNFRSF1A,DEFA4,S100A8,IL10,IL18,FN1,ISG15,NLRP3,MYD88,CCL2,PYCARD,PLAU,IL2,S100A12,VEGFA,PECAM1,SELE,PYCARD,NFKB2,TMPRSS2,RELB,IRF3,IFNAR2,OAS3,MYD88,PROS1,CD8A,IL23R,VEGFC,CCL2,SERPINE1,ISG15,CCL2
TNFSF13B,IL13,IL1R1,SELP,VCAM1,SELE,MX1,IFIT1,MAPK14,TRAF6,CD14,ICAM1,IL7R,PROC,CD40,NLRP3,CCL2,ICAM1,S100A12,NFKB1,TBX21,VWF,SERPINE1,KDR,VCAM1,VEGFA,ISG15,IRF3,IL12B,TLR2,CXCL10,CD4,IFNGR1,IFNB1,CXCL8,S100A8,CD19,OAS1,NOS3,NOS3,NPPB,IL17A,THBD,IL1RN,LBP,CXCL8,SERPINC1,IRF3,IL17RA,CASP3,MTOR,IFNGR1,CASP1,CCL3,CASP1,STAT3,STAT1,NOS3,PDCD1,F3,CXCL8,MX1,JAK2,CD4,CCL3,VWF,CD19,CCL2,IFNG,S100A9,TLR2,IL6R,CRP,CD14,CASP1,CD14,CCL3,IL1R1,MMP9,IL4,CD14,MMP9,KDR,SELP,TLR4,NLRP3,IL1R1,IKBKB,IRF7,OAS1,IFI27,HMGB1,PROC,IFNA1,CCR4,IL1A,IL18,THBD,RSAD2,STAT3
CD40,CD4,IL1RN,MMP9,ICAM1,VEGFA,OAS1,IFIT2,CEBPB,NFKB1,MYD88,SELE,IL2RA,TNNT2,CTLA4,CASP1,IRF3,VCAM1,IL17A,JAK1,IL2RA,VEGFA,THBD,TNNT2,IRF7,KDR,TNNT2,IRF7,IL2RA,IL6R,CCL2,CD8A,IFNGR2,CRP,IL1R1,S100A9,CD3D,IFIT1,ACE2,ACE2,MYH7,IFNG,PLG,IL2,CD14,CCL2,C1QA,IRF7,CXCR1,FCGR2A,AKT1,IL10RA,IL1R1,CCL4,IL18,STAT1,STAT3,VCAM1,VCAM1,S100A8,IL1R1,ITPKC,CD40,CD8A,CCL5,NLRP3,IL17RA,CD40,CXCL9,S100A12,MYD88,CCL2,IRF3,LBP,HMGB1,CD40,CCL4,IL6R,HMGB1,IL5,ITGAM,JAK1,VEGFA,VWF,TLR2,NLRC4,IL6R,STAT1,NFKB1,OAS2,IFI44,IL10,TNNT2,IFNB1,CCR6,IL1RN,IRF3,PLAT,TLR2,ANGPT1
TNNI3,CD8A,CASP1,IFNA1,SELE,TNNT2,ISG15,IFIT3,CXCL2,RELA,TGFB1,IFIT2,CD69,IL10,PDCD1,IL18,IRF7,SELE,CCL2,JAK2,VCAM1,KDR,TLR2,NPPB,JAK1,NPPB,TNNI3,IRF9,IRF3,BLK,CCL3,STAT3,JAK1,IL1RL1,MYD88,S100A12,CD3E,IFI27,TMPRSS2,FGF2,CRP,CD4,S100A8,IL2RA,IFNA1,CCL3,C1QB,TLR4,CCR2,BLK,PIK3CA,IL17RA,IL6R,IL1R1,IL1RN,JAK1,JAK1,ICAM1,ICAM1,S100A9,IL1RN,CASP3,DDX58,IL2RA,VEGFA,LNX1,PDCD1,NFKB1,CXCL10,IL17A,IL1R1,CCL3,IRF7,CAMP,CXCL10,CD80,IFNG,TNFRSF1A,S100A8,IL13,ITGAX,JAK2,ANGPT1,CD163,CASP1,AIM2,IFNAR1,STAT3,NFKBIA,IRF9,IFI44L,CCL2,NPPB,TLR2,VEGFA,IL2,IRF7,IRF3,TLR4,ANGPT2
NPPB,CD19,CD14,IFNB1,VEGFA,NPPB,TLR2,STAT1,IL10,JAK1,IRF3,IFIT3,CD38,CASP1,CD274,CCL2,STAT2,SELP,CXCL8,TLR2,ICAM1,F3,TLR4,F3,FOXP3,TNNT2,MYH6,VEGFA,IRF7,GSDMD,CCL4,NFKB1,JAK2,IL2,CD4,IL18,CD28,S100A8,CD40,TGFB1,NPPA,CD8A,S100A9,IL4,IFNB1,CCL4,C1QC,DDX58,IL18R1,NFKB1,PIK3CD,CCR2,TNFRSF1A,IL6R,TNFAIP3,JAK2,JAK2,VWF,SELE,S100A12,IL6R,FCGR2A,IFIH1,FOXP3,IRAK4,NEBL,HLA-DRB1,TGFB1,CXCL11,STAT1,IL6R,CCL5,IFNA1,DEFA1,ITGAM,CD86,IFNA1,IL10,S100A9,CCL2,FCGR1A,TGFB1,ANGPT2,CD4,NLRP3,PYCARD,IFNGR1,IRF3,IKBKB,CAMP,RSAD2,CXCL10,TNNI3,IRF3,ICAM1,NPPB,ISG15,IRF7,CD14,VEGFA
CXCL8,CD3E,ICAM1,IFNAR1,NPPB,CD40,TLR4,STAT2,IFNG,JAK2,IRF7,TLR4,HLA-DRA,S100A8,ICOS,CCL3,DDX58,VEGFA,CXCL10,TLR4,SELE,SERPINE1,MYD88,SERPINE1,IFITM3,CD14,DPM1,KDR,IFNA1,CASP1,CCL5,PECAM1,TYK2,IL4,CD8A,IL18R1,CTLA4,S100A9,CD40LG,MMP9,F2,CD19,S100A12,IL5,OAS1,CCL5,TMPRSS2,IFIH1,TGFBR1,CD4,PIK3R1,CXCR1,IL10RA,TNFRSF1A,CD14,JAK3,CD40,TBXA2R,SELP,MX1,THBD,S100A8,NOS3,CCL2,TRAF6,LAG3,IRAK4,TMPRSS2,MX1,STAT3,VEGFA,NOS3,IFNB1,IFNAR1,ITGB2,CTLA4,IFNB1,IL4,S100A12,CCL3,FCGR3A,CCL2,NOS3,CD8A,TLR9,CASP1,CXCL8,IRF7,JAK1,LCN2,SIGLEC1,CXCR3,VCAM1,IRF7,VCAM1,NPPA,MX1,MX1,LBP,VEGFB
CCL2,CD14,VCAM1,IFNAR2,TNNT2,SERPINC1,F2,IRF3,IL6ST,STAT1,IRF9,SOCS3,CCR7,CD8A,ICOSLG,CCL5,IFIH1,KDR,IL1RN,TLR7,SELP,PLAU,NLRP3,PLAU,IL7,CD163,SCYL3,ICAM1,IFNB1,GZMB,IL1R1,VCAM1,SOCS1,CCL2,CD19,CD3D,PDCD1,S100A12,MMP9,TIMP1,F5,CD3E,HBEGF,IL6,RSAD2,TLR2,BST2,C3,CASP1,CD8A,FOXO1,CXCR2,IL17RA,NFKB1,CD40,TYK2,CD40LG,HMGB1,KDR,ISG15,MMP9,S100A9,SELP,CCL5,IL18,GZMB,CD3E,IL4,OAS1,VEGFA,SELE,TNFRSF1A,JAK1,IL1R1,ITGA4,PDCD1,MX1,TGFB1,CD4,CCL5,NCF1,CCL3,EDN1,ITGAM,TBX21,ICAM1,CCL2,CD40,JAK2,VCAM1,HERC5,IL2RA,ICAM1,CXCL8,SELE,MYH6,OAS1,ISG15,TLR3,VEGFC
CCL3,NFKB1,VEGFA,IFNGR2,TNNI3,F2,F5,IRF7,CXCL10,STAT3,TLR3,CD40,TCF7,JAK1,CD28,CXCL10,TGFB1,NOS3,CD40LG,MYD88,VWF,CD4,S100A8,PLG,SELE,FCGR1A,C1orf112,VCAM1,TLR9,IL7,IL6R,SELP,SOCS3,CCL3,CD14,CD3E,ITGAM,MPO,S100A8,IL2,SERPINC1,CD14,CD4,IRAK4,IFIT1,MYD88,HSPA5,C1QA,PYCARD,CD40,FOXO3,FAS,IFNGR1,CD14,CD80,SOCS1,ITGAM,SELP,FLT1,OAS1,ADAMTS13,S100A12,VWF,CXCL10,NFKB1,NFATC2,HLA-DRA,IL13,OAS2,IFNA1,SELP,NFKB1,JAK2,MYH7,CD40,CD274,OAS1,IL13,CD8A,CXCL8,MPO,CXCL8,THBD,CD3E,PROCR,VCAM1,CCL3,CD40LG,HMGB1,ICAM1,USP18,IL6R,SELE,CCL2,SELP,F2,RSAD2,OAS1,TLR9,TLR2
CCL4,STAT3,KDR,IFIT2,CD40,MYH6,SERPINE1,TLR9,IL1R1,IRF3,DDX58,IL7R,LEF1,VCAM1,CD80,IL1RN,IL1R1,HMGB1,CD40,IRAK4,VEGFA,CD8A,S100A9,CD4,CD40,IL1RN,FGR,SELE,NOD1,TLR4,TNFRSF1A,NOS3,IL18,CCL5,CD40,CD3G,ITGAX,ITPKC,S100A9,IL4,SERPINE1,TLR2,CD8A,MYD88,CASP3,IRAK4,ITPKC,C1QB,IKBKB,IL2RA,TSC1,FASLG,VCAM1,CD40,CD86,SOCS3,ICAM1,THBD,TEK,TLR2,TGFB1,C3,THBD,IL1R1,NFKB2,KLRB1,HLA-C,STAT1,OAS3,IFNB1,KDR,MAPK1,TYK2,IFNAR2,CD80,HLA-DRA,RSAD2,STAT1,CTLA4,CXCL10,ELANE,CD14,SERPINE1,IL6R,DDX58,SELE,CCL5,CD80,S100A8,SELE,IFITM3,JAK1,PECAM1,CCL3,VWF,F3,CD14,TLR2,DDX58,TLR4
TLR2,CASP1,NOS3,IFIT3,JAK1,F5,PLAT,CD4,IL6R,IRF7,VWF,IL15,SELL,S100A9,CD86,TNFRSF1A,IL6R,TLR9,TGFB1,IL6R,PECAM1,CD19,S100A12,CD8A,C3,ARG1,CFH,SELP,NOD2,STIM1,IL10RA,MMP9,CD4,TLR2,CD80,CD4,CX3CR1,FCGR2A,HMGB1,IL5,VWF,TLR4,FOXP3,NFKB1,ORAI1,NFKB2,CASP3,CFB,SOCS1,SELP,TSC2,TGFB1,ICAM1,HMGB1,HLA-DRA,IRF3,VCAM1,F3,ANGPT1,TLR4,S100A8,C1QA,ADAMTS13,IL6R,RELA,GZMK,HLA-A,STAT3,ISG15,MYD88,CXCL8,JAK1,SELP,IL1RN,CD86,HLA-DRB1,IFIT1,STAT3,CCL3,CD4,CTSG,CD19,CD55,TNFRSF1A,GATA3,SELP,IL1A,CD86,S100A9,SELP,IL10,JAK2,ANGPT2,CCL5,THBD,F5,TNNT2,NOD2,IFIH1,MYD88
TLR4,IL1R1,PECAM1,DDX58,JAK2,MMP9,PLG,CD8A,TNFRSF1A,TLR2,THBD,IL21,PTPRC,S100A12,HLA-DRA,IL6R,TNFRSF1A,IL10,MMP3,IL1R1,CDH5,TLR2,HMGB1,CD19,CD3D,TMPRSS2,FUCA2,VWF,TRAF6,PRF1,IFNGR1,IL6R,CD8A,TLR4,CD86,CD8A,CCR2,BLK,TLR2,IL12A,ISG15,TLR9,CD28,NFKBIA,STIM1,RELA,FCGR2A,SERPINE1,SOCS3,VWF,RHEB,VEGFA,SELE,IFIT2,ICAM1,IRF7,SELE,SERPINE1,ANGPT2,CXCL10,S100A9,IL18,ITPKC,TNFRSF1A,STAT3,CD160,TNF,JAK1,IFIT1,IRF3,CXCL10,JAK2,VWF,FLT1,HLA-DRA,VCAM1,ISG15,JAK1,CCL4,CD8A,LCN2,SELE,CD59,IL1R1,DHX58,VWF,STAT3,CD28,S100A12,MMP9,SOCS3,STAT3,TEK,ICAM1,EDN1,CXCL9,NPPB,CAMP,CD4,NLRP3
MYD88,IL6R,VWF,IFIH1,TNFAIP3,DDX58,PROC,IL2RA,CCL5,TLR4,ADAMTS13,MYH6,NT5E,JAK2,HLA-DRB1,TGFB1,NFKB1,CCL2,TIMP1,TNFRSF1A,ANGPT2,TLR4,ORAI1,CTLA4,CD4,IRF3,GCLC,ANGPT2,IRAK4,INPP5D,VCAM1,IL1R1,IL2RA,NFKB1,CTLA4,CD19,CCR5,CASP3,CD14,IL13,OAS1,MYD88,CTLA4,NLRP3,FCGR2A,CD3D,NLRP3,ICAM1,PTEN,THBD,RICTOR,KDR,SELP,IFIT3,VCAM1,IRF9,VWF,ITGA2B,NOS3,CCL2,CASP1,CCL2,CASP3,IL10RA,IRF3,FASLG,HLA-B,JAK2,IFIT2,IRF7,CCL2,IFIT1,ADAMTS13,MYBPC3,HLA-DRB1,ICAM1,STAT1,JAK2,CCR1,CD19,CAMP,SELP,MMP9,TGFB1,NFKB1,THBD,IRF3,CTLA4,VCAM1,NFKB1,IRF7,IRF3,TLR2,VCAM1,NOS3,CXCL11,CRP,LBP,CD8A,IRF3
CASP1,CXCL8,SELE,IRF3,TLR9,IFIH1,THBD,CTLA4,TLR4,TLR7,PLAU,MYH7,CD44,TYK2,CD3D,VEGFA,JAK1,CCR2,ACE2,IFNAR1,SERPINE1,NOD2,STIM1,PDCD1,CTLA4,IRF7,NFYA,EDN1,IKBKB,FASLG,ICAM1,TNFRSF1A,CTLA4,JAK1,PDCD1,CD28,CCR7,F3,FCN1,IL15,IFIT1,IRAK4,CCL2,RORC,FCGR2B,CD4,PYCARD,VCAM1,FGF2,MMP9,IL6,PECAM1,VWF,IFNAR1,SELE,VCAM1,THBD,ITGB3,EDN1,CCL5,TNFRSF1A,CXCL8,FCGR2A,MAPK1,IRF9,CCR7,FAS,TLR2,IFIT3,SELP,MAPK1,IRF3,IL1R1,THBD,CD28,SELE,IRF3,TYK2,TNFRSF1A,CD3E,DEFA1,PECAM1,TIMP1,CD19,VWF,EDN1,JAK1,PDCD1,ICAM1,TLR9,IRF9,IRF7,TLR4,VEGFA,PECAM1,IRF3,F3,IFNAR1,CD19,IRF7
STAT1,CXCR2,SELP,IRF7,IL1A,CRP,FGA,VCAM1,MYD88,TLR9,CD40,NPPA,LAG3,IL4,CD3E,NOS3,JAK2,IL18,IL2RA,IFNAR2,NOS3,CCL2,FCGR2B,JAK1,RSAD2,MX1,STPG1,TNNT2,CD14,MYD88,SELE,HMGB1,PDCD1,JAK2,ITGAM,CTLA4,VEGFA,SERPINE1,CAMP,IL23A,RSAD2,NFKB1,CCL3,STAT3,FCGR3A,CD8A,CASP1,SELP,VEGFA,ADAMTS13,IL6R,VWF,PECAM1,IFNAR2,SELP,ICAM1,SERPINE1,MYD88,EDNRA,CD4,TNFRSF1B,CXCL10,BLK,MAPK3,CD3D,BLK,IL7,TLR4,IRF7,NFKB1,MAPK14,IRF7,TNFRSF1A,TLR9,CTLA4,SELP,IRF7,IFNAR1,DDX58,CD14,DEFA3,IL2,FGF2,CRP,IFIH1,NOS3,JAK2,CD274,SELE,NLRC4,TNNT2,CASP1,TLR9,VWF,CDH5,IFNA1,IL1R1,JAK1,S100A8,IFIH1
JAK1,IL18,ANGPT2,IRF9,IL1R1,SAA1,ITPKC,ICAM1,STAT1,NOD1,S100A8,ACTC1,PDCD1,F3,CD3G,MMP9,VCAM1,IL18R1,IL7R,CD4,EDN1,CCL3,FCGR3A,JAK2,IFIT1,OAS1,NIPAL3,TNNI3,CD40,ISG15,SELP,CRP,CD19,CD19,ITGAX,PDCD1,ICAM1,PLAU,LCN2,CCL2,DDX58,NFKB2,CCL5,TBX21,BLK,CD19,S100A8,VWF,PECAM1,CCL3,IL6ST,THBD,CDH5,VCAM1,VWF,SELE,ACE2,NFKB1,EDNRB,CD8A,OAS1,TLR2,PDE4D,JAK1,CD3E,ZFHX3,TGFB1,MYD88,STAT1,IL1RN,S100A8,CD163,IL6R,IL6R,PDCD1,VWF,IL10,IFNAR2,IFIH1,NCR1,IL2RA,IL7,PDGFA,CXCL8,CASP3,VEGFA,TYK2,ICOS,VWF,IFNGR1,NPPB,NOD1,MYD88,F3,ANGPT1,IFNA2,IL1RN,IRF9,S100A9,DDX58
JAK2,IL12A,TEK,STAT2,IL1RN,THBD,CASP3,SELE,STAT3,NOD2,S100A9,GJA1,TIGIT,IRF3,ZAP70,SERPINE1,ICAM1,CD55,IL15,CD8A,EDNRA,CCL5,BLK,STAT1,TNNT2,IFIT1,ENPP4,NPPB,CD80,SLC8A1,VWF,SAA1,CD27,CD3E,CCR2,IL2,VCAM1,TLR9,BPI,CCL3,IL1RN,RELA,CXCL8,TGFB1,ABCC4,KLRK1,S100A9,TNNT2,ICAM1,CXCL9,TNF,SERPINE1,VEGFA,ICAM1,VEGFA,SELP,BNP,TNNT2,VEGFA,CD19,OAS2,TLR4,PELI1,JAK2,CD4,CAMK2D,TGFBR1,CASP1,STAT2,IL6R,S100A9,CD4,CD4,NOS3,CD274,THBD,IL17A,CCL2,TLR3,KLRK1,CD40,CXCL9,MMP2,VEGFA,TLR3,ANGPT1,STAT2,ICOSLG,VEGFA,IFNGR2,NPPA,NOD2,NLRP3,SERPINE1,ANGPT2,IFNB1,TNFRSF1A,IL17A,S100A12,NOD1
SELP,IL12B,FGF2,JAK1,IL6R,CCL2,FCGR2A,SELP,JAK1,NLRP3,S100A12,OAS2,FCGR1A,IL13,LCK,FN1,SELE,CD59,CXCR3,CD14,ACE,CXCL8,CD40,STAT3,MYH7,RSAD2,SEMA3F,MYH6,CD86,IL15,PECAM1,CXCL8,CD38,CD14,CCR5,IL2RA,SELE,TICAM1,DEFA1,CCL4,TLR2,STAT1,CCR2,TLR2,PELI1,GZMB,S100A12,NPPB,VCAM1,CXCL11,TNFRSF1A,PLAT,ANGPT1,SELE,KDR,VWF,MYH6,TNNI3,VEGFB,HLA-DRB1,OAS3,TLR9,COPB2,STAT3,CD8A,GZMA,CSF3,CD4,IL10,SOCS3,S100A12,CD8A,CD8A,NPPA,FOXP3,EDN1,IL18,CCL5,CGAS,FCGR2A,SELP,HMGB1,TGFB1,KDR,RELA,ANGPT2,MX2,FCGR2A,NOS3,IRF3,GDF15,TLR7,CGAS,MX1,KDR,FCGR2A,TNFRSF1B,IL18,HMGB1,NOD2
IFNA1,CD40,PDGFB,TYK2,IL6ST,CXCL8,BLK,VWF,SOCS3,CASP1,IL12A,OAS3,FCGR1B,CXCL8,TRAF6,VWF,HMGB1,MBL2,CCR5,CD19,KDR,PECAM1,KCNN2,NFKB1,NPPA,DDX58,CFTR,MYH7,CTLA4,PELI1,CDH5,CCL2,IGHG1,GATA3,CDH5,IL2RB,VWF,IRAK4,DEFA4,CCL5,MYD88,STAT3,CXCR3,TLR4,COPB2,PRF1,TBX21,IL6R,SELE,IL1R1,TNFRSF1B,PLAU,ANGPT2,MMP9,ANGPT1,ANGPT1,TNNT2,NPPA,VEGFC,HLA-DQB1,ISG15,MYD88,NMNAT2,TYK2,CD19,CD226,CCL2,CD8A,IL2RA,JAK1,HMGB1,HLA-DRA,FOXP3,F5,IL2RA,NOS3,IL23A,CXCL10,STING1,FCGR3A,VWF,SOCS1,IL4,THBD,THBD,TIE1,IFIT2,FCGR3A,EDN1,IRF7,CRP,TLR8,CD4,OAS1,TEK,FCGR2B,IL6R,CXCL8,CXCL8,TNNT2
IFNB1,VCAM1,MMP9,TNNT2,TNFRSF1A,TGFB1,CD40,VEGFA,MX1,PYCARD,IL12B,LTF,FCGR2A,IFNB1,IRAK4,THBD,TLR9,C1QA,CRP,FOXP3,TEK,CDH5,ABCC4,IL6R,NPPB,IFIH1,ANKIB1,FN1,PDCD1,PDCD1,NOS3,CCL3,IGHA1,ICAM1,TEK,IL4,ANGPT1,TRAF6,ELANE,CXCL10,CASP1,STAT5A,NFKB1,TLR9,ERAP1,RSAD2,GATA3,IL1R1,VWF,IL1RN,IL1A,F3,TEK,PLAUR,ANGPT2,ANGPT2,NPPA,NPPB,VWF,IL1R1,ISG20,NFKB1,HLA-DQB2,IRF3,ICOS,TIAM1,IL2,CD19,IL7,JAK2,CRP,ANGPT1,TLR2,STAT1,STAT1,VEGFA,TGFB1,CRP,IFIT1,IL18,THBD,SOCS3,IL13,FGF2,CD59,PECAM1,IFIT3,CCL2,MMP9,DDX58,TNNI3,TLR9,CD8A,ISG15,NOTCH1,FCGR3A,IL10RA,CCL2,CXCL10,MYH6
OAS2,ICAM1,TIMP1,TNNI3,TNFRSF1B,OAS3,ORAI1,KDR,ISG15,IL1A,IL21,IFI44,FCGR2B,MYD88,VCAM1,F3,CXCL8,C1QB,SAA1,VWF,THBD,THBD,PELI1,TNFRSF1A,CRP,CGAS,CYP51A1,POSTN,CD274,MX1,EDN1,MPO,IGHM,SELE,VEGFA,IL5,ANGPT2,NFKB1,MPO,CXCL9,IRAK4,IL1R1,JAK1,TNF,TGFB2,CASP3,RORC,TNFRSF1A,KDR,IL6R,IL1B,F2R,NOS3,C3,TEK,TEK,FGB,IRF3,PECAM1,IL6R,IFIT1,NFKBIA,ABCC4,IRF7,CTLA4,NMNAT2,CALCA,CD3E,IL15,TYK2,IFNA1,ANGPT2,CD14,IL10RA,IRF3,ANGPT1,CD4,SAA1,IFIT2,IL12A,THBS1,TNNT2,IL5,FGFR1,ITPKC,CDH5,DDX58,CCL3,MMP2,IFIH1,VCAM1,MX1,CD19,CD14,DLL4,TMPRSS2,CD4,TNFSF13B,CCL2,MYH7
IFIT1,SELE,CDH5,MYH6,IL18,OAS2,SLC8A1,ANGPT1,IFNAR1,CSF2,IL22,IFI44L,FCGR3A,TMPRSS2,ICAM1,PLAT,TNNT2,C1QC,FGB,F3,PROCR,PROCR,COPB2,MYD88,F3,STING1,KRIT1,IL1A,HLA-DRA,NFKB1,ANGPT1,JAK1,VCAM1,VEGFA,FLT1,IL10,TEK,NFKB2,NCF1,CD40,TRAF6,IL6R,JAK2,TNFRSF1A,TGFBR2,BLK,MYD88,TNFRSF1B,NOS3,IL6ST,IL18,SELP,EDN1,C5,EDN1,KDR,FGG,IRF7,CDH5,TNFRSF1A,IFIT2,CD4,CAMK2D,IL12A,IL2,CACNB2,IL23A,IL23A,PRF1,IFNAR1,IFNB1,KDR,CD19,EDN1,IRF7,ANGPT2,CD8A,CD14,IFIT3,IL12B,NOS3,NPPA,CD40,MMP2,CD40,MMP9,IFIH1,CCL4,ADAMTS13,DHX58,ICAM1,ISG15,MS4A1,FCN1,EPHB4,CD55,CD8A,MYD88,CCL3,NPPB
IFIT2,SELP,ADAMTS13,MYH7,IL18R1,IFIT3,STIM1,ANGPT2,IRF3,CSF3,IL23A,IFI6,FCGR3B,SOCS3,SELE,PLAU,TNNI3,C3,SERPINE1,SERPINE1,IL1A,MYH6,ERAP1,IRAK4,SERPINE1,MYD88,RAD52,IL18,HLA-DRB1,CCL2,ANGPT2,THBD,ICAM1,EDN1,KDR,IL12A,EDN1,RELA,CYBB,CD80,CD14,TNFRSF1A,SOCS1,TRAF6,SMAD3,CD40,TRAF6,HMGB1,EDN1,SOCS3,IL10,ITGAM,EDNRA,IFNGR1,NOS3,FLT1,F3,CD4,OCLN,JAK1,IFIT3,CD8A,NFATC1,IL23A,IL2RA,CX3CR1,IL12B,IL12A,GZMB,IFNAR2,RSAD2,PECAM1,CD3D,MMP9,DDX58,TEK,CD19,CD80,BST2,IL23A,VEGFA,NPPB,CD19,TIMP2,IL23A,MMP2,OAS2,CCL5,TNNT2,MX2,SELE,OAS1,IGHG1,CAMP,EFNB2,CD46,CTLA4,CD4,CCL5,F3
IL1R1,VEGFA,SERPINE1,NPPB,IL33,IFIT2,NFATC1,NOS3,IRF7,IL12A,CCL4,TLR2,C1QA,IFNA1,SELP,IRF3,F3,C4A,PLAT,PLAT,IL1RN,MYH7,HLA-B,TRAF6,PLAT,JAK1,MYH16,CXCL10,VCAM1,NFATC1,TEK,ADAMTS13,SELE,PECAM1,NOS3,IL12B,NOS3,JAK1,IL1R1,CD86,FCGR1A,IL10RA,SOCS3,CALCA,SMAD4,ORAI1,IRAK4,F3,ANGPT1,TGFB1,IL10RA,ITGB2,ACE,TLR4,THBD,VEGFA,PLAT,CD8A,TJP1,JAK2,DDX58,CD19,ORAI1,CD19,IL7R,IL7R,IL1A,IL12B,KLRB1,IRF9,IFIT1,CDH5,CD3E,FGA,IFIH1,KDR,IL2RA,CD86,STAT2,RORC,ANGPT1,F3,CD3E,IL2RA,IRF1,MMP3,OAS3,CXCL9,TNNI3,OAS3,ANGPT2,CD14,ELANE,C3,MMP9,IFNG,SELE,CD8A,NFKB1,PROC
IL6R,KDR,PLG,THBD,IL17RA,IFNGR1,NFATC2,TNNT2,TMEM173,IL12B,CXCL8,MYD88,C1QB,IRAK4,PECAM1,IRF7,SERPINE1,CFB,PLAU,PLAU,IL6R,MYBPC3,HLA-C,CXCL8,PLAU,JAK2,BAD,CCL2,ICAM1,CD274,KDR,TMPRSS2,VWF,IL12A,EDN1,IL17A,PTGS2,JAK2,IL1RN,CD28,FCGR2A,IL17RA,EDN1,CCL2,NOTCH1,STIM1,BLK,CD4,ANGPT2,IFNA2,IL10RB,NOTCH1,KDR,JAK1,PROS1,VEGFB,PLAU,IL2RA,MMP9,TYK2,IFIH1,MS4A1,STIM1,CD3E,IL15,CD8B,FASLG,SELE,CD8A,IL2,CD14,IL2RA,IL12A,JAK1,TLR7,FLT1,IL7R,CD3E,TYK2,TBX21,MMP3,SERPINE1,CD4,TLR3,C3,ADAM17,IRF9,CXCL10,NPPB,RSAD2,VWF,CD4,MPO,C4A,TIMP2,IL4,SELP,CD19,STAT1,ADAMTS13
TNFRSF1A,NOS3,F3,VCAM1,IL36G,TNFRSF1B,CCR1,TNNI3,DDX58,IL23A,CSF2,NLRP3,C1QC,CCL4,VWF,IRF9,IFNGR1,CFH,VWF,MMP9,IL6ST,NPPA,HLA-DQB1,CCL2,IL1A,TYK2,LAP3,CCL3,SELE,OAS1,FLT1,SELL,NOS3,IL12B,ANGPT1,IL21,PDGFA,CD4,IL6R,CTLA4,FCGR3A,IFNGR1,NOS3,CCL3,NOTCH4,NFATC1,ORAI1,CD8A,TEK,IRF3,CXCL8,CXCL10,MMP2,JAK2,PROC,VEGFC,SERPINA1,CCL2,MMP2,SOCS1,TLR3,CD14,GATA3,CD14,IL15RA,DAB1,SPP1,SELP,TNFSF10,IL7,TLR9,NPPB,IL12B,TNFRSF1A,TLR8,PECAM1,TNFRSF1A,CD4,TRIM25,GATA3,MMP9,PROC,CD8A,TLR7,IRF3,TGFB1,RSAD2,CCR2,IFNA1,IFIT1,THBD,CD8A,CTSG,C4B,CXCL8,IL13,EDN1,CD14,STAT3,NFKB1
IRAK4,EDN1,PLAT,ICAM1,IL36A,TNFRSF1A,CCR2,NPPB,IFIH1,IL2,CSF3,IL18,C3,CCL3,NOS3,MX1,PYCARD,F3,F3,MMP2,TNFRSF1A,IFNAR1,HLA-DRB1,CCL3,IL2,SOCS1,HS3ST1,CCL4,SELP,NFATC2,VEGFA,TLR2,MMP9,IRF3,ANGPT2,IL23A,PDGFB,CD8A,TNFRSF1A,PDCD1,CAMP,CD40,ANGPT2,CCL4,IL10RA,NFATC2,CD55,CD19,CDH5,IRF7,CXCL9,CXCL9,MMP9,IFNA1,SERPINC1,NOS3,IL18,IL12A,TIMP2,SOCS3,TLR9,FCGR3A,TGFBR2,CD16,RORC,HLA-DQB1,CXCL9,NOS3,SOCS1,IL23A,TNNT2,TGFB1,IL23A,SELE,MX1,CDH5,TNFRSF1B,CD8A,ADAR,IL7,TIMP2,ISG15,FOXP3,IFNA1,BLK,TGFBR1,EIF2AK2,CCR5,IFNB1,IFIT2,PECAM1,FOXP3,MMP8,JAK1,CXCL9,CXCL8,NOS3,SELE,IRF3,IFNB1
TRAF6,EDNRA,PLAU,SELE,IL36B,ANGPT2,CCR5,MYH6,OAS1,IL4,IL1RN,CASP1,C3AR1,IFNGR1,EDN1,IFIH1,TRAF6,F8,PROCR,TIMP1,TNFRSF1B,IFNAR2,PDE4D,CCL4,CSF2,SOCS3,AOC1,IL17A,VWF,CCL3,VEGFB,CD19,CD40,IRF7,THBD,RORC,TGFB1,CD19,IL10RA,CD274,DEFA1,CD80,KDR,CSF1,IL10RB,SLC8A1,IFNG,IL2RA,TIE1,IRF9,CXCL10,CCL5,TIMP2,IFNA2,F3,EDN1,IL12A,IL12B,IL1A,CTLA4,IL12A,CD40,SMAD3,ITGAM,TBX21,PRF1,S100A8,EDN1,SOCS3,SELE,NPPB,F2,CD40,COL1A1,OAS1,OCLN,IL1R1,FOXP3,EIF2AK2,IL15,IL1A,MX1,CTLA4,IFNB1,FCGR2A,SMAD3,ISG20,CXCR3,CD80,IFIT3,F3,IL4,MMP9,JAK2,CXCL10,CCL5,ANGPT1,SELP,IRF7,IFNG
IL1A,ACE,VWF,ANGPT2,CCL2,SERPIND1,CCL3L1,MYH7,IFIT1,IL5,IL4,IFNAR1,C5,TNFRSF1A,EDNRA,DDX58,STAT3,PLAT,THBD,THBD,IL18R1,IRF3,CRP,CCL5,IL12A,NFKB1,WNT16,IFNG,VEGFA,ABCC4,VEGFC,CD3E,S100A8,OAS1,PROCR,TBX21,MMP9,MS4A1,IL17RA,FOXP3,LCN2,CD86,TEK,CSF2,IL7,ATP2B4,IL17A,CD40,MMP9,RSAD2,CXCL11,CXCL12,ADAMTS13,IFNB1,F8,EDNRA,IL12B,CXCL9,IL2,PDCD1,IL12B,CTLA4,MMP3,ITGB2,GATA3,TIGIT,IL18,VEGFA,TGFBR1,EDN1,F3,FGA,CD40LG,FGB,CXCL9,TJP1,IL1RN,RORC,USP18,CCR5,IL6R,OAS1,PDCD1,MX1,TMPRSS2,PDGFA,IKBKB,ITGAM,CD86,CCL2,SERPINE1,IL5,C3,TGFB1,CXCL11,TLR2,ANGPT2,NOS3,IL17A,ISG15
IL33,ANGPT1,TF,VEGFA,CCL3,IL1R1,IL1A,F2,TBK1,IL13,IL13,IFNAR2,C5AR1,EDN1,KDR,OAS1,TLR2,PLAU,TFPI,PROCR,IL18RAP,IRF7,TGFB2,CXCR1,IL12B,CXCL8,HECW1,F3,EDN1,CCR7,HMOX1,NFKBIA,S100A9,IFIT1,SERPINE1,GATA3,ADAMTS13,CD3D,JAK1,IL2RA,MPO,HLA-DRA,IFNA1,CSF3,IL21,INPP5D,VWF,CD80,TIMP1,IFIT1,CCL2,CCR5,THBD,IRF9,PLAU,EDNRB,IL23A,ACE,IL7,IFNA1,CSF2,PDCD1,MMP8,ELANE,BCL6,CSMD1,S100A9,ANGPT1,TGFBR2,NOS3,CCL5,PLG,CD80,TYK2,CCR5,MMP9,TMPRSS2,TBX21,HERC5,CCR7,IL12A,RSAD2,CD274,ISG15,IRF7,PDGFB,NFKB2,ITGB2,ICOS,CCL3,PROCR,IL13,C5,ITGA2B,CCL2,TLR4,TEK,EDN1,CD40,STAT1
CD3D,ANGPT2,F10,IL4,CCL4,PROC,IL1R1,F5,IL15,IL15,SOCS1,STAT1,IL1B,OAS1,FLT1,OAS2,CD14,VWF,CD55,TNNT2,IL17RA,OAS1,MMP3,CXCR2,CD19,CCL2,MAD1L1,SERPINE1,NOS3,OAS2,THBD,TRAF6,S100A12,MMP9,MMP9,BCL6,PECAM1,CD3E,JAK2,TNFAIP3,IL2,HLA-DRB1,IFNB1,CXCL10,IL22,PTEN,IRF7,CD86,SERPINE1,IFIT2,CCL3,CX3CR1,PROCR,TLR3,PLAT,ACE,IL4,SOD1,IL12A,IFNB1,IFNAR1,CD274,MMP13,MPO,CD28,COPB2,S100A12,ANGPT2,SMAD3,ANGPT1,PTX3,STAT3,CD86,CXCL10,CX3CR1,ADAMTS13,NLRP3,GATA3,OASL,VCAM1,IL12B,IL13,IFNA1,OAS1,CD55,PDGFRA,NFKBIA,ITGA4,CTLA4,CCL4,PROS1,GATA3,CFB,ITGB3,CCL3,TLR9,THBD,ANGPT2,MYD88,FCGR3A
CD4,TEK,THBD,IL13,IL2,PLG,TMPRSS2,PLG,IL21,CCL3,SOCS3,STAT3,IL6,DDX58,VEGFA,IFIT1,LY96,PROS1,CD59,NPPB,CCR2,OAS2,MMP8,CCR2,CD22,CCL3,LASP1,THBD,ANG,CCL4,PROC,IRAK4,HMGB1,F5,ADAM17,CD40,KDR,CD3G,JAK3,JAK1,IL2RA,CD28,IRF3,HMGB1,TMPRSS2,ITPR1,MX1,CCL2,PLAT,IFIT3,CCL4,IFNA1,TIE1,TLR9,SERPINE1,AGTR1,IL5,SOD2,IL12B,HMGB1,IFNAR2,HLA-DRA,TMPRSS2,FPR1,SELE,KCNQ5,TGFBR2,TEK,IL1R1,ANGPT2,MPO,TLR2,HLA-DRA,TLR2,FAS,ACE,CTLA4,HSPA5,IFI44,ICAM1,IL17A,TLR9,IFNB1,RSAD2,IRF9,PDGFRB,TLR2,ITGB1,IL1R1,CCL5,SERPINC1,RORC,C1QA,GATA3,CCL4,MYD88,IL2,PECAM1,TRAF6,ORAI1
CD8A,PECAM1,PROC,CTLA4,IL4,KDR,NRP1,SERPINE1,OASL,CCL4,TNFRSF1A,JAK1,TNF,NFKB1,VEGFB,ISG15,SELP,PROC,CFH,NPPA,TGFB1,MEFV,MMP9,CCR5,CD79A,CCL4,SNX11,TFPI,ANGPT1,PDE4D,MMP9,CD40,IL7,F7,IL1A,CD80,FLT1,IL2RA,TYK2,JAK2,IL4,CTLA4,IRF7,IL12A,BST2,PLCG1,OAS1,CCL3,PLAU,ORAI1,CCL5,IFNB1,AQP1,CGAS,MMP9,PDGFA,IL13,TGFB1,IL15,CRP,IFNGR1,HLA-DRB1,BSG,CD55,SELP,BTLA,IL15,THBD,IL1RL1,TNFRSF1A,ELANE,TLR4,SELE,SELP,FASLG,AGTR1,TLR2,CCR2,IFI44L,SELE,IL23A,NFKB2,IRF3,DDX58,RIPK3,IL1A,TLR3,VCAM1,IL6R,CXCL8,THBS1,TBX21,C1R,TBX21,CCL5,NFKB1,IL7,CDH5,NFKB2,CCR1
CD19,CDH5,PROS1,CD4,IL5,IL1RN,IL6ST,THBD,RSAD2,CCL5,TNFRSF1B,JAK2,IFNG,IFIH1,VEGFC,IL2,THBD,SERPINE1,C3,MYH6,IFNAR1,TNFRSF1A,MMP12,CD14,CD79B,IL1R1,TMEM176A,PROS1,ANGPT2,IL21,ADAMTS13,CD80,IL7R,IL6R,IL6ST,CD86,THBD,CCR7,STAT1,TYK2,IL5,ICOS,OAS1,IL12B,CLEC4C,PLCG2,IFIT1,CCL4,FGB,STIM1,IL12A,IRF3,PLVAP,STING1,TIMP1,PDGFB,IL2,CSF2,IL18,SAA1,IFNGR2,IL2RA,FURIN,CD59,VWF,HLA-DRB1,CSF2,PECAM1,IL6R,TRAF6,SAA1,IL1R1,NOS3,COL3A1,BCL2,HMOX1,TLR4,CCR5,IFI6,SELP,TNFRSF1A,RELA,IRF7,IFIH1,RIPK1,IL1R1,TLR9,ICAM1,IL17RA,CXCL9,PLAU,CCR5,C1S,RORC,IL2,NFKB2,CSF2,TEK,RELA,CCR5
CD86,OCLN,F2R,CD8A,IL12A,IFNAR1,CD19,TLR2,GBP1,CXCL9,IL6ST,SOCS1,IL17A,IL1R1,ANGPT1,IL4,NOS3,TFPI,C1QA,MYH7,IFNAR2,IL1RN,ADAM17,CD3E,C1QA,IL1R2,M6PR,PROC,KDR,STAT3,IL18,CD86,MX1,TNFRSF1A,IL6R,HLA-DRA,PROCR,IL7R,STAT5,STAT1,IL12A,ICOSLG,CASP1,IL15,TCF4,TRPC3,TLR9,CXCL8,F3,PDE4D,IL12B,IRF7,ENG,NOS3,TGFB1,PDGFRA,IL2RA,CSF3,IL21,LBP,JAK1,IL7R,NRP1,CFH,THBD,HLA-DQA1,IL12A,CDH5,IL6ST,DDX58,THBD,THBD,EDN1,FGG,BAX,NFE2L2,TLR9,CXCR3,IFI27,VWF,TNFRSF1B,CASP1,TLR7,JAK1,PLAUR,IL1RN,IRAK4,SELE,IL10RA,CXCL11,PLAT,CXCR4,CCL2,IL4,S100A8,RELA,CSF3,IL12A,JAK1,CCL3L1
CTLA4,CLDN5,F2RL1,CD19,IL12B,IFNAR2,CD79A,TLR4,TNNT2,CXCL11,MAPK1,CCL2,IL10,IFIT2,ANGPT2,IL5,EDN1,FGA,JAK1,IFI44,IFNGR1,HLA-DRB1,NT5E,CD28,C1QB,TNFRSF1A,CYP26B1,IL10,FLT1,OAS3,S100A8,HLA-DRA,OAS1,IFNGR1,TNFRSF1A,HLA-DRB1,PLAT,IL15,IRF3,STAT4,IL12B,JAK1,PYCARD,IL23A,CD300C,PRKCB,NOD1,IL4,PROC,CEACAM1,IL15,DDX58,ROCK1,EDN1,SMAD3,PDGFRB,FOXP3,IL2,IL23A,SERPINE1,JAK2,CCR7,RORC,CFB,PECAM1,PELI1,CXCL11,KDR,IL10RA,IFIH1,PDGFRA,EDN1,ANGPT1,NLRP3,CASP3,SOD1,NOD2,ITGAM,IFI35,VEGFA,LTA,CCL5,TLR9,JAK2,PLAU,IL6R,VWF,SELP,IFNGR1,JAK1,IL6,IL2,CCL3,IL12A,S100A9,CD14,CXCL8,CCL3,JAK2,TGFBR2
IL2RA,TJP1,SERPINC1,CD3E,IL13,IL6R,MS4A1,MYD88,TNNI3,CD4,MAPK3,CCL3,CD4,TLR4,TEK,IL7,EDNRA,FGB,JAK2,IFI27,IFNGR2,CTLA4,KLRC2,SELP,C1QC,IL6R,ICA1,CXCL8,TEK,ABHD16A,S100A9,HLA-DRB1,RSAD2,IL10RA,TNFRSF1B,CD274,PLAU,IL15RA,IRF7,STAT5A,IL13,JAK2,IL1R1,IL6R,CD177,PRKCD,NOD2,IL13,PROS1,MMP2,IL17A,IFIH1,ROCK2,ACE,CCL2,FGF2,RORC,IL17RA,CCL2,PLAT,SELE,KLRK1,CCR6,C1QA,CDH5,HLA-DQB2,CXCL8,FLT1,IL10RB,TLR3,PDGFRB,EDNRA,ANGPT2,IL12A,CASP8,CAT,STAT3,ITGB2,IL17A,KDR,TGFBR2,CCR2,DDX58,CCL5,MASP2,IL6ST,VCAM1,VWF,IL18R1,TYK2,TNF,IL7,CCL5,IL12B,S100A12,CD40,CCL3,CCL4,IL1R1,PDE4D
IL7R,ADAMTS13,SERPIND1,TLR2,IL21,CXCL10,IGHM,NFKB1,NPPA,CD8A,MAPK8,CCL4,CD8A,IL6R,CDH5,IL12A,ACE,FGG,TYK2,IFITM1,IL10RA,IL2RA,BST2,CDH5,C2,IL6ST,DBNDD1,TLR2,PECAM1,IL22,S100A12,CTLA4,CXCL9,SOCS1,IL17RA,ICOS,S100A8,CTLA4,IFNAR1,STAT6,IL15,JAK3,IL1RN,IL6ST,FFAR2,NRP1,STAT3,TGFB1,THBD,TGFB2,IL22,TLR3,IL22,AGTR1,CCL3,FGFR1,TBX21,IFNGR1,CCL3,PROC,VEGFA,KLRD1,HLA-DRB1,C3,OCLN,ORAI1,CCL5,PDGFA,IL17RA,MAVS,OAS2,ACE,PECAM1,IFNGR1,TNFRSF1A,GPX1,MYD88,KIT,TLR4,FLT1,IFNGR1,CD3E,IFIH1,ITGAX,CD4,TNFRSF1A,ICAM1,PECAM1,CCR2,STAT2,IFNG,IL15,CXCL9,IL23A,HMGB1,CD80,CCL4,CSF2,IL6R,PELI1
STAT3,CXCL10,ACE2,STAT3,IL23A,RELA,IGHA1,RELA,NPPB,CD19,MAPK14,CXCL10,STAT3,TLR3,OCLN,IL12B,AGTR1,ELANE,SOCS1,IFITM3,IL10RB,IL17A,LY6E,FLT1,C4A,TGFB1,ALS2,TLR4,CDH5,CCL5,IL18R1,IL23A,CCL2,SOCS3,IL18R1,ICOSLG,S100A9,PDCD1,IFNAR2,IRF3,IL21,TYK2,IL6R,PTGS2,RETN,BSG,IFNAR1,JAK1,PLG,TGFBR2,IL23A,TLR7,IL23A,VWF,CCL5,EGF,GATA3,NLRC4,CCL4,CDH5,ANGPT1,KDR,HLA-DQA1,C5,TJP1,SIGLEC1,CCL4,PDGFB,TNFRSF1A,MMP8,OAS3,MMP9,CDH5,TLR4,TNFRSF1B,IL2,IRAK4,MKI67,NLRP3,TEK,IFNGR2,CD28,OAS1,TRAF6,OSM,TNFRSF1B,SELE,CDH5,TNFAIP3,TGFB1,IL1A,CCL3,CXCL10,IL33,NLRP3,CD86,JAK1,CSF3,TNFRSF1A,COPB2
SOCS1,CCL3,TMPRSS2,IL17RA,THBD,CDH5,IGHG1,MPO,MYH6,CD3E,CCL5,SELP,TLR2,CGAS,CLDN5,IL13,MMP2,CTSG,RELA,BST2,CSF2,IL1R1,IFITM1,VEGFA,C4B,CD3D,CASP10,TLR9,THBD,ABCC1,NFKB1,IL12A,TGFB1,CD40,IL1RN,VCAM1,S100A12,CD274,MX1,IRF7,IL23A,SELP,IRAK4,S100A12,HP,FURIN,IFNAR2,JAK2,SERPINC1,FCGR2B,CSF2,TLR8,IL18,ADAMTS13,CXCL10,EGFR,CCR5,PYCARD,CCL5,OCLN,ANGPT2,FLT1,HLA-DQB1,F2,ANGPT1,OAS1,CCL3,PDGFRA,TNFRSF1B,NFKB2,DDX58,MAPK3,OCLN,PECAM1,JAK1,IL7,TRAF6,PDGFRA,CASP1,NOS3,CCL5,CTLA4,MX1,IRAK4,NFKBIA,IL17RA,SELP,KDR,TYK2,THBD,IL1RN,CCL4,IL18,CSF3,CASP1,CD3D,JAK2,CALCA,CTLA4,HMGB1
SOCS3,CCL4,DDX58,IL4R,CEBPB,TLR9,TNFSF13B,ELANE,MYH7,FOXP3,NFKB1,THBD,TLR4,STAT3,TJP1,IL15,TIMP2,MPO,MAPK1,IL18,CSF3,IL6R,IFITM2,VEGFB,C5,CD3E,CFLAR,MYD88,PLAT,IL23A,NFKB2,IL12B,TNNT2,CD80,IFNGR1,ICAM1,HMGB1,CD80,OAS1,MX1,CD3D,VWF,NFKB2,S100A8,ARG1,IL17RA,IFNGR1,TYK2,F8,FCGR3A,CSF3,TLR9,CXCL9,THBD,CCR2,IL1A,CXCR4,IL1A,CXCL9,CLDN5,TEK,PECAM1,HLA-B,F3,ANGPT2,OAS3,SELE,MMP8,IFNAR1,IL1R1,IFIH1,DDX58,CLDN5,TGFB1,JAK2,IL15,NFKB1,SELP,IL18,EDN1,CXCL9,ICOS,ISG15,IL17RA,TGFB1,IFNGR1,PECAM1,TEK,SELP,MYD88,IL6R,CCL5,IL12A,IL6R,IL1A,CD4,SOCS1,LCN2,CD28,RAB4B
VEGFA,CSF2,IFIH1,MYBPC3,IFNA1,PECAM1,CD4,DEFA1,MYBPC3,GATA3,NFKB2,IFNA1,MYD88,STAT2,MMP2,IL21,IL12A,LCN2,MAPK14,IL12A,IL12A,IL10RA,IFITM3,ANGPT1,CFB,CD3G,TFPI,IRAK4,PLAU,IFIT1,RELA,RORC,NPPB,CD86,IFNGR2,SELE,CASP1,CD86,ISG15,OAS1,CD3E,THBD,RELA,S100A9,MMP8,IL22,IFNGR2,SOCS1,VWF,CD84,LIF,CFH,S100A8,PROCR,CCR5,IL1RN,CX3CR1,IL33,CXCL10,NOS3,TNNT2,SELP,HLA-C,F8,TEK,OAS2,TIMP2,ELANE,IFNAR2,CD4,TLR3,IFIH1,TJP1,PLAU,TYK2,CSF2,NFKB2,THBD,CCR2,EDNRA,CXCL11,NOS3,RSAD2,CXCL9,CSF3,STAT1,CDH5,VEGFA,ANGPT1,IL1R1,IL6ST,CRP,IL12B,IL6ST,TNFSF10,CD8A,SOCS3,MYH6,EDN1,MEFV
NOS3,CSF3,MX1,NPPA,IFNA2,TFPI,CD8A,DEFA3,NT5E,TBX21,RELA,IFNA2,NFKB1,RELA,MMP9,IL22,IL12B,ACE2,JUN,IL12B,IL12B,IL18,FURIN,ANGPT2,CCL5,CD4,NDUFAF7,NFKB1,MMP9,CXCL10,RELB,GATA3,VEGFA,ANGPT1,JAK1,SELP,GSDMD,CD40,DDX58,IFIH1,CD3G,EDN1,STAT3,SOCS1,NFKB2,IL22RA1,CD3D,SOCS3,CD40LG,TMPRSS2,OSM,CFB,S100A9,IL17RA,CXCR3,IL2,CCR7,S100A8,CXCL11,EDN1,TNNI3,ANGPT1,KLRD1,SERPINE1,KDR,IFIT3,EDN1,MPO,IFNGR1,CD8A,ZBP1,TLR3,MMP2,IRF3,SOCS1,CSF3,RELA,TNFAIP3,CCL2,ACE,CCR1,EDN1,IFIT1,CCR2,IL2,STAT3,VEGFA,ANGPT1,ANGPT2,IL1RN,TNFRSF1A,FN1,IL15,CD19,TNFSF13B,CTLA4,TNNI3,MYH7,NOS3,MIF
EDN1,IL2,OAS1,COL1A1,IFNB1,PLAT,TCF7,CAMP,BNP,RORC,RELB,IFNB1,NLRP3,IFNA2,TIMP2,IL23A,TYK2,ACE,IRAK4,IL23A,IL23A,NOD1,NRP1,TEK,CXCL8,CD8A,RBM5,NFKB2,MMP2,CPT1A,NFKBIA,TBX21,F3,ANGPT2,JAK2,VEGFA,PYCARD,HLA-DRA,IFIH1,DDX58,CD4,NOS3,CD14,SOCS3,RELA,TGFB1,CD3E,NFKB1,SELP,PDCD1,STAT1,C3,S100A12,IL10RA,CRP,IL4,CCR6,S100A9,CSF2,CSF2,MYH6,ANGPT2,KLRK1,PLAT,FLT1,IFIT2,MMP2,CAMP,IFNGR2,CTLA4,CGAS,TLR9,TIMP1,IL12B,SOCS3,IL18,CD3D,TRAF6,IL23A,AGTR1,CCR2,EDNRA,OASL,CCR5,IL17F,JAK1,FLT1,ANGPT2,TEK,NOD1,TNFRSF1B,SERPINE1,IL23A,MS4A1,TNNT2,PDCD1,MYH6,NPPA,ANGPT1,IL22
EDNRA,IL7,IRF3,COL3A1,IFNAR1,CALCA,LEF1,LCN2,CRP,ICAM1,CASP1,IRF9,CASP1,HMGB1,ADAMTS13,CXCL1,IFNA2,TGFB1,IRF3,IL2,IL15,CD3D,IL6ST,NOS3,STAT3,CD19,MTMR7,STAT3,TIMP2,IL23R,NPPB,CD28,PLAU,TEK,SOCS1,ANGPT1,AIM2,HLA-DRB1,TLR3,TLR3,CD8A,KDR,CD40,TNFAIP3,TRAF6,SMAD3,CD3G,RELA,ITGB3,CTLA4,STAT3,C1QA,HMGB1,MYD88,SAA1,IL5,CXCL9,TLR2,CSF3,CSF3,MYH7,TEK,GZMB,PLAU,VEGFB,IFI6,ICAM1,LCN2,CCR2,CD28,STAT2,IRF9,TIMP2,IRF9,IL1RN,IL12A,CD14,BCL2,IL12A,HMOX1,CCR5,EDNRB,ACE2,FCGR3A,IL12B,JAK2,KDR,NOS3,KDR,NOD2,TLR2,VWF,CD14,CD28,TNNI3,CD274,MYH7,RYR2,ANGPT2,IL15
ACE,IL15,IRF7,ACTA2,IFNAR2,IL12B,CD177,LTF,F3,VCAM1,IL1R1,DDX58,IL18,IRF9,THBD,CXCL2,OAS2,MMP1,IRF7,IL4,IL7,CD3E,IL1RL1,EDN1,MYD88,CD27,SLC7A2,CD80,ADAMTS13,IFIT2,NPPA,ICOS,SERPINE1,PDGFA,SOCS3,ANGPT2,IL2,CD14,TLR7,TLR7,CD19,FLT1,CD80,TNFRSF1B,SELP,SMAD4,CD8B,TLR2,ITGA2B,CCR7,SOCS1,SERPING1,STAT1,ITGAM,LBP,IL12A,CXCL11,IRAK4,IFNA1,IL7,MYBPC3,EDN1,PRF1,ACE2,EDN1,BST2,ANGPT2,DEFA1,IL18,CD80,TYK2,STAT2,KDR,MYD88,IL2,IL12B,TNFSF13B,BAX,IL12B,SOD1,STAT3,ANGPT1,TMPRSS2,FCGR2A,IL4,TYK2,ANGPT1,EDN1,FLT1,RIPK2,TLR4,F3,CD163,CTLA4,NPPB,STAT1,COL1A1,GJA1,TEK,CCR7
ANGPT1,IL2RA,IRF8,TAGLN,IFNGR1,PLAU,MMP8,ARG1,SERPINE1,SELE,IL6R,IFIH1,IL1R1,TLR9,PROCR,CXCL5,OAS3,MMP3,IFNAR1,IL5,IL4,CD3G,PTX3,EDNRA,DDX58,IL2,ARF5,CD86,CXCL9,CPT2,TNNT2,ICOSLG,FGA,PDGFB,PTGS2,TEK,IL4,FCN1,TLR8,TLR8,CD40,ANGPT1,CD86,ANGPT1,VWF,BMPR2,CD40,TLR9,P2RY12,TBX21,SOCS3,CD55,STAT3,ITGB2,MBL2,IL12B,CCL5,TRAF6,IFNB1,GSDMD,NPPA,NOS3,PTX3,AGTR1,NOS3,RSAD2,MMP9,CXCR2,IL18BP,CD86,CASP1,CD19,FLT1,CDH5,IL4,IL23A,IL6R,PRDM1,IL7,CAT,SOCS1,ANGPT2,BST2,CD68,IL5,SOCS1,ANGPT2,ACE,EDNRA,IRAK4,MYD88,PLAT,FCGR1A,PDCD1,NPPA,STAT3,TGFB1,F2,PECAM1,ICOS
ANGPT2,IL1RN,IFNA1,POSTN,IFNGR2,IRF3,IL1R2,CD177,THBD,SELP,CD80,TLR3,IL1RN,TFPI,ACE,CXCL9,OASL,CD34,IFNAR2,IL13,IL5,CD28,CALCA,EDNRB,NFKB1,IL2RA,SARM1,CD28,IL2,IL12B,TNNI3,JAK2,SERPINC1,IL1A,CALR,NOS3,IL13,CAMP,TLR9,TLR9,CD80,ANGPT2,HLA-DRA,ANGPT2,THBD,ACVRL1,ICOS,MYD88,CD40,GATA3,NFKB1,CD59,RELA,FCGR1A,FCN1,IL13,CCL3,NFKB2,TGFB1,GSDME,NPPB,ACE,SAA1,BCL2,EDNRA,IFI44L,FLT1,IL1RN,IL18R1,IKZF1,CD4,CD3E,THBD,POSTN,IL5,IL22,IL10RA,TLR7,IL15,GPX1,SOCS3,TEK,IFITM3,CD86,IL1A,SOCS3,TEK,ACE2,EDNRB,CD3D,NLRP3,PLAU,FCGR2A,ICAM2,MYH7,STAT5A,F2,F5,CDH5,PDCD1
TEK,IL18BP,IFNB1,TGFB1,CD86,RSAD2,CXCR1,HP,PROS1,VWF,CD86,TLR9,IL6R,ITGA2B,AGTR1,CXCL11,IFIT2,PECAM1,ISG15,CCR7,IL13,STAT3,ADM,PDGFRA,IL6R,IL7,POLDIP2,CTLA4,IL7,CSF2,MYH6,JAK3,ISG15,IL1RN,S100A8,EDN1,CSF2,LCN2,MBL2,RELA,CD86,TEK,HLA-DRB1,CDH5,IL10,ENG,ICOSLG,TRAF6,CD36,RORC,NFKB2,BGLAP,NFKB1,FCGR2A,C1QA,IL15,CCL4,RELA,IL1RN,CD14,ANKRD1,HMOX1,SAA2,BAX,IL6R,IFI44,VWF,TNFAIP3,IL1RN,IKZF2,CD8A,SELE,PAI1,PROC,IL13,IL4,IL10RB,TLR8,VCAM1,CYBA,NFKB1,CDH5,NRP1,CD80,IL1R1,CXCL8,NOS3,MMP9,PECAM1,CD3E,CASP1,PAI1,FCGR3A,SELE,MYL2,STAT6,F5,F7,MMP9,CD274
KDR,TNFRSF1A,IFNAR1,PDGFRA,CD84,IFITM3,CXCR2,C1QA,PROC,PECAM1,CTLA4,STING1,TNFRSF1A,SELE,HMOX1,CXCL12,IFIT3,CDH5,OAS1,KDR,TNNT2,C1QA,CAMP,PDGFRB,IL1R1,IL7R,PLXND1,ICOS,CSF2,CD4,MYH7,SOCS1,IFNA1,IL6ST,S100A9,EDNRA,CSF3,DEFA1,C1QA,RELB,CTLA4,PECAM1,CCL4,EDN1,IL4,NOTCH1,CD28,IKBKB,ITGAM,TLR2,RELA,S100A8,MAPK1,FCGR3A,C3,IL21,CCL7,RELB,TNFAIP3,CD40,CRP,SOD2,IL10,CASP3,IL1A,IFITM3,VEGFA,NFKBIA,TNFSF13B,CD14,CD19,SELP,PLAT,IRF7,IL12A,IL13,CCR2,TLR9,ICAM1,NCF1,RELA,OCLN,CD14,HLA-DRA,CD274,CXCL9,EDN1,TIMP1,CDH5,CD3G,STAT1,THBD,CCR2,SELP,MYL3,KDR,F7,FGA,ADAMTS13,TIGIT
FLT1,TNFRSF1B,JAK1,PDGFRB,CD19,IL12A,FCGR1A,C1QB,VWF,KDR,ICOS,CGAS,IL17RA,IGF1,SOD1,CCL4,TLR3,CXCR4,MX1,FLT1,TNNI3,C1QB,TREM1,TGFB1,TLR7,IL15,AK2,ICOSLG,CSF3,IFNA1,MYBPC3,SOCS3,IFNB1,IL23A,S100A12,EDNRB,CXCL9,SELP,C3,IKBKB,HLA-DRA,CDH5,CXCL9,FLT1,IL13,NOTCH3,CTLA4,VEGFA,FGA,TLR4,RELB,S100A9,MAPK3,CD4,C5,IL22,CCL8,CD19,SOCS1,CD80,F2,CAT,IRAK4,CASP8,IL1R1,IFNAR1,TEK,TNNI3,CD19,CD40,CTLA4,TEK,PLAU,IL23A,IL12B,TGFB1,CCR5,IRF3,SELE,NCF2,MAPK1,CLDN5,LBP,EDN1,CCR7,CXCL10,TGFB1,SERPINE1,THBD,CD4,STAT3,PROC,CCR5,EDN1,ACTC1,FLT1,SERPINC1,ADAMTS13,ADAMTS18,LAG3
NOTCH1,S100A8,TYK2,PDGFA,CD3D,IFITM1,FCGR1B,C1QC,ADAMTS13,TEK,ICOSLG,FCGR3B,CCR5,F7,SOD2,CCL7,IL17RA,CCL5,DDX58,NOS3,MYH6,C1QC,ELANE,TGFBR1,TLR9,IL15RA,CD38,HLA-DRA,IL15,CRP,CASQ2,IL2RA,CD14,IL27,HMGB1,PECAM1,CCL3,FLT1,CFB,IRAK4,HLA-DRB1,VEGFA,CXCL13,ICAM1,CD4,DLL4,PDCD1,KDR,F2,MYD88,NFKBIA,S100A12,JAK1,CD8A,CFB,IL23A,ITGA4,CD3E,SOCS3,CD86,F5,MMP9,NFKB1,APC,IL1RN,IFNAR2,KDR,MYH6,CD27,IL2RA,HLA-DRA,FLT1,IL8,OAS2,IL15,STAT1,ANGPT1,IRF7,SOCS3,NCF4,MAPK8,MMP2,BPI,NOS3,MASP1,CCL2,HIF1A,TFPI,PROCR,CD8A,IL18,PROS1,IRAK4,NOS3,ATP2A2,NOS3,PROC,PLAU,CSF2,GZMB
DLL4,S100A9,STAT1,PDGFB,CD3E,HMGB1,CD163,C3,FGB,VEGFA,OAS2,CAMP,CCL2,MAVS,GPX1,CCL20,IL10RA,IL1A,IFIH1,EDN1,MYH7,C2,CEACAM8,TGFBR2,IFIH1,IFNA1,FKBP4,HLA-DRB1,IL22,IFIT3,RYR2,IL7R,LY96,CXCL9,CASP1,VWF,CCL4,TEK,CFH,TRAF6,CCR7,PDGFB,CCR5,KDR,CD8A,JAG1,CD274,ANGPT1,IL1A,CD19,MAPK1,CAMP,JAK2,CD19,MASP2,CSF2,ITGB1,CD28,TNNT2,BCL2,F7,PLAT,NFKB2,HMOX1,TNFRSF1B,IFNB1,EDNRB,MYH7,CD38,IL2RB,HLA-DRB1,ADAMTS13,CSF2,IRAK4,IL23A,STAT3,ANGPT2,ISG15,SELP,MPO,MAPK14,TIMP2,CAMP,ANGPT1,LIF,CCL3,NOTCH1,F3,TIMP2,CD8B,CXCL10,CFH,IL2,KDR,RYR2,EDN1,PROS1,PLG,CSF3,PRF1
HIF1A,S100A12,STAT2,FGF2,CD3G,IRF9,CD14,C5,PLG,FGF2,OAS3,DEFA4,CD40,ANGPT2,CAT,CCL21,TGFBR1,IL2,TLR7,SELP,NPPB,C3,MPO,IL1A,OAS2,IFNB1,KDM1A,CD4,IL33,SAA1,ATP2A2,IL15,TREM1,CCR2,MYH6,THBD,CCL5,ANGPT1,CR1,BCL2,CXCR5,PDGFRB,IL12A,NOS3,CD19,HES1,IL2RA,ANGPT2,CCL3,CD14,OAS1,LCN2,SOCS1,CD3E,HMGB1,CSF3,ITGB2,CTLA4,TNNI3,BAX,F10,PLAU,RELA,SOD1,IL10RA,ISG20,VEGFC,MYBPC3,MS4A1,IL7R,NCR1,CSF2,CSF3,ANGPT1,IFNA1,JAK1,TEK,MX1,THBD,ELANE,CRP,ADAM17,DEFB1,ANGPT2,IL6ST,CCL4,DLL4,F8,CCL3,CD19,CXCL9,C3,SELP,FLT1,PLN,EDNRA,PLAT,ITGA2B,IL12A,FASLG
PECAM1,TNNT2,IL12A,IGF1,CD28,CASP1,CCL3,KLRK1,PLAT,PDGFA,RSAD2,ELANE,CD28,MYH7,NOX4,STAT2,IL33,IL4,TLR9,ANGPT1,NPPA,C4A,LRG1,CSF2,IRF3,IFNAR1,RBM6,CD8A,S100A8,CSF3,PLN,IL15RA,CCL3,CCR5,MYH7,PROCR,IL7,ANGPT2,SERPING1,BAX,SELP,TGFB1,IL12B,NOTCH1,CD3E,HEY1,IL7R,TEK,CCL4,IL7R,OAS2,PTX3,SOCS3,LCK,S100A8,CXCL1,PECAM1,PDCD1,MYH6,CASP3,FGA,CDH5,STAT3,CAT,CXCL8,MX2,EDNRA,NPPA,CR2,IL15,FCGR2A,CSF3,IL2,CRP,IFNB1,JAK2,KDR,OAS1,PROCR,CTSG,SAA1,ACE,DEFB4A,TEK,IL2RA,CCL5,JAG1,PROS1,CCL4,MS4A1,CCL2,C4A,IL1A,TEK,CASQ2,ICAM1,PLG,ITGB3,IL12B,IKZF1
CDH5,TNNI3,IL12B,BMP4,CD14,CD4,CCL4,KLRD1,CD14,PDGFB,IFIT1,CTSG,CD80,SERPIND1,IL1A,STAT4,IL1RL1,IL5,CD274,ANGPT2,MMP9,C4B,ANG,CSF3,STAT2,IFNAR2,CAMKK1,CD19,S100A9,SAA2,ACTC1,CCR7,CCL4,IL5,MYBPC3,ACE,IL15,VEGFB,MASP1,CASP3,THBD,MMP9,IL23A,NOTCH4,STAT3,SELE,CCR7,CDH5,CCL5,ITGAM,OAS3,CRP,PTGS2,ZAP70,S100A9,CXCL8,CDH5,CD274,MYH7,IL2,FGB,OCLN,JAK3,GPX1,CCL4,IFITM2,ANGPT1,NPPB,TMPRSS2,IL21,FCGR3A,CCL4,IL4,PROS1,CCL3,SOCS1,FLT1,DDX58,ADAMTS13,MMP9,CALCA,KDR,S100A8,PECAM1,IL1RN,S100A8,ENG,PROC,CXCL8,CD27,CD40,C1QA,MYH6,ANGPT1,MYBPC3,VCAM1,FGA,IFIT1,IL23A,IKZF3
OCLN,MYH6,IL23A,BMP7,MYD88,PLAUR,CAMP,NCR1,CD16,ANGPT1,IFIT2,AZU1,CD86,MAPK1,IL2,STAT5A,IRAK4,IL12A,CTLA4,TEK,MMP2,C5,IL1R2,IL2,CD40LG,IFNGR1,RECQL,CD3E,S100A12,IFNA2,TTN,SELE,CCL5,CCL4,CRP,ADAM17,IL21,VEGFC,F3,CASP8,KDR,MMP2,IL17F,PECAM1,TLR2,SELP,CXCR5,PECAM1,CXCL9,ITGAX,OASL,SAA1,IL2RA,IL2RA,S100A12,CXCL9,OCLN,CD40,MYBPC3,IL4,FGG,TJP1,SOCS1,NRF2,IL22,IFIT1,ACE,ACE,F13A1,TIE1,IGHM,TNFRSF1B,IL5,STAT2,CCL4,SOCS3,NOS3,IFIH1,PLAT,MMP2,ADM,FLT1,S100A9,CDH5,MMP13,S100A9,ACVRL1,THBD,SOCS1,CD28,CD80,C1QB,F2,ANGPT2,GJA1,SELE,TFPI,IFIT2,IL15,CD163
TJP1,MYH7,IFNG,F3,IRAK4,PIAS1,LCN2,GZMB,FCGR3A,ANGPT2,IFIT3,PRTN3,JAK1,HMOX1,IL7,STAT6,RELA,IL12B,CD28,CDH5,TGFBR1,C9,IL18BP,IL7,CD80,IFNGR2,VPS50,CD14,HMGB1,LBP,GATA4,VEGFA,NFKBIA,IL1R1,ANXA5,MMP9,TNNT2,PECAM1,F8,FAS,FLT1,TIMP2,MMP9,SELE,MYD88,THBD,BCL6,THBD,CXCL10,HLA-DRA,MX1,LBP,CD69,IL7R,CALCA,CXCL10,CLDN5,CD80,NPPA,IL13,PLAT,AQP1,SOCS3,CXCR3,IL23A,IFITM1,ADAMTS13,AGTR1,SERPINE1,PECAM1,IL6ST,NFKBIA,IL13,CSF2,CCL5,NFKB1,EDN1,MAPK1,SERPINE1,TIMP2,PTX3,THBD,S100A12,OCLN,IL21,S100A12,PDGFB,HMGB1,SOCS3,CTLA4,CD86,C1QC,IFITM1,THBD,DSP,SELP,IFNAR1,IFIT3,NLRP3,SOCS1
MMP9,NPPA,IFNGR1,PLAT,TRAF6,TIMP2,CEACAM8,PRF1,FCGR3B,EDN1,IFITM1,HLA-DRA,JAK2,HIF1A,CXCL8,JAK1,ITGAM,IL13,CD80,PECAM1,TGFBR2,CFB,IL18,IL15,CD86,C3,HSPB6,FCGR3A,CALCA,CD8A,NKX2-5,KDR,IRAK4,TLR9,ACE,MMP2,TNNI3,CDH5,F13A1,FASLG,TEK,ADAMTS13,SELE,SELP,IRAK4,VEGFA,EOMES,PROCR,CXCL11,HLA-DRB1,MX2,BPI,HLA-DRA,CD80,ADM,CXCL11,KDR,CD86,NPPB,IL22,CD4,MYLK,CD4,CCR5,IL12A,IFNA2,VCAM1,F2,VWF,KDR,IL18BP,TNNI3,IL22,OAS3,CXCL1,RELA,EDNRA,MAPK3,CD19,ADAMTS13,GDF15,TF,LCN2,CLDN5,CXCL9,HMGB1,PDGFRB,S100A8,IL6ST,PDCD1,TLR9,MBL2,IRF1,PLG,PKP2,VWF,IFNAR2,IFITM1,CASP1,SOCS3
MMP2,NPPB,TBX21,SERPINE1,NFKB1,F7,STAT2,CD19,CD64,NOS3,IFITM3,HLA-DRB1,JAK3,NFKBIA,CXCL10,JAK2,ITGB2,IL15,CD86,PDGFB,SMAD3,CFH,IL1A,IL12A,TNFRSF1A,C4A,ARHGAP33,MMP9,PTGS2,RSAD2,TBX5,EDN1,TRAF6,MYD88,AGTR1,TIMP2,MYH6,THBD,SERPINE1,RIPK1,ANGPT1,PLAT,SELP,TEK,CCL5,KDR,RUNX3,NOS3,CXCL12,VEGFA,RSAD2,MPO,HLA-DRB1,CD86,TNNT2,CCL2,FLT1,HLA-DRA,ACE,IL23A,CD8A,IL1A,CD8A,CXCR4,IL12B,IFNA1,NOS3,F5,THBD,FLT1,IL1RN,MYH6,S100A7,TRAF6,CXCL2,MAPK1,EDNRB,MAPK8,CD3E,PECAM1,IFNA1,IL15,MPO,ADAMTS13,SERPING1,IL15,CAV1,S100A9,MAPK14,CD274,IRAK4,MASP1,HIF1A,F5,DSG2,THBD,IFNA1,IFITM3,PYCARD,ANGPTL3
IL2,TGFB1,RORC,OAS2,NFKB2,CALCRL,IFIT1,MS4A1,FCGR1A,ACE,BST2,CD83,TYK2,MAPK3,CCL2,JAK3,CD4,IL21,FOXP3,PDGFRB,COL1A1,CFI,IFNA1,IL12B,IL6ST,C4B,NDUFAB1,ELANE,LTB4R,TNFRSF1A,MEF2C,EDNRA,CD3D,IRAK4,MMP2,CDH5,MYH7,PROCR,PLAT,RIPK3,ANGPT2,PLAU,FLT1,VCAM1,IL1R1,FLT1,TCF7,MMP9,CCL19,KDR,IFIT1,ELANE,TNNT2,HLA-DRA,NPPB,CCL3,TEK,HLA-DRB1,AGT,CCR1,CD19,IL1RN,CD19,IL22,TNNT2,ELN,VEGFB,F7,ICAM1,CDH5,IRAK4,MYH7,TNNT2,ANGPT2,CD19,MAPK3,VEGFA,MAPK14,TREM1,CDH5,IFNA2,IL6R,ELANE,RAC1,CD8A,TNNT2,CD40,S100A12,MAPK8,ICOS,TRAF6,MASP2,C1QB,PLAT,DSC2,ANGPT1,IFNB1,DDX58,MEFV,ANGPTL4
IL4,COL1A1,FOXP3,OAS3,NFKBIA,TIE1,IFIT2,CD27,CD11B,ACE2,NOD1,IFITM1,IRF9,TJP1,CCL3,TYK2,CD8A,IL22,BCL6,ACTA2,COL3A1,CCL4,IFNA2,IL23A,IL10RA,C5,PDK4,MPO,ALOX5,CALCA,HMGB1,ANGPT1,CD3E,TRAF6,TIMP2,OCLN,MYBPC3,ADAMTS13,PLAU,HMGB1,EDN1,SERPINE1,PECAM1,VEGFA,IL6R,ANGPT1,PAX5,F2,CCL21,ICAM1,IFIT2,MMP2,TNNI3,IL2,MYH6,CCL4,ANGPT1,B2M,AGTR1,CCR2,CCL4,IL2,CD3E,IL33,TNNI3,MYH7,SELP,F10,VCAM1,OCLN,CD69,MYBPC3,TNNI3,HBEGF,CD3E,MAPK8,VEGFB,PLAU,TLR2,OCLN,IFNB1,IL6ST,NCF1,RHOA,CD3G,TNNI3,IL2RA,IL18,MAPK1,ICOSLG,CTLA4,FCN1,MMP1,PLAU,JUP,ANGPT2,IFIT1,IFIH1,TNFAIP3,THBS1
IL5,COL3A1,CD4,TLR3,STAT3,NFKB2,IFIT3,IL7R,ITGAM,MMP9,NOD2,IFITM2,TRAF6,NOD1,CCL4,TGFBR1,RORC,IL23A,IL4,TIMP2,POSTN,CXCR4,SELP,IL17F,IL10RB,CFB,SLC22A16,CASP1,C5,IFNB1,FABP3,ANGPT2,IL2,RORC,F2,CLDN5,NPPA,NOS3,FGA,S100A8,NOS3,F3,CDH5,VWF,TNFRSF1A,ANGPT2,EBF1,F7,CCR7,VCAM1,IFIT3,MMP3,MYH6,IL7,ACTC1,CCL5,ANGPT2,EDN1,NOS2,CCR5,MYD88,IL4,CTLA4,IL4,MYH6,TGFB1,CDH5,TFPI,SELE,CLDN5,CD44,NPPA,MYH6,TFPI,CD4,MAPK14,PDGFA,PLAUR,IL1R1,CLDN5,IRF1,TNFRSF1B,NCF2,CDC42,CTLA4,MYH6,CD4,IL18BP,RELA,TNFRSF4,CD19,FCN2,TRAF6,THBS1,LMNA,TEK,CXCL9,TLR3,SOCS1,MMP2
IL13,GJA1,CD8A,TLR9,S100A8,EDN1,OAS2,CCR7,CD18,MMP2,LBP,IFITM3,IL1A,TGFBR1,CCL5,TGFBR2,TBX21,IL27,IL5,ADAMTS13,ACTA2,CCR2,TNNC1,CXCL9,IL17RA,CFH,ZMYND10,IL1R1,C3,LCN2,F2,TEK,IL15,TBX21,F3,JAM2,NPPB,EDN1,PROC,S100A9,VEGFB,THBS1,EDNRA,CGAS,IL18R1,TEK,PRDM1,PLAT,CXCR3,SELE,ISG15,TIMP1,MYH7,CSF2,MYBPC3,CCL7,EDN1,SELE,MYL2,TLR3,NFKB1,IL5,PDCD1,IL13,MYH7,ACTA2,PECAM1,PROC,SELP,AQP1,TRAF6,TNFRSF11B,MYH7,DDX58,CD8A,IL2RA,PDGFB,SERPINE1,IL1RN,JAM2,IRF3,IL1RN,CYBB,PAK1,CSF2,MYH7,CD8A,IL10,JUN,TNFRSF9,CD3D,CFTR,IL2RA,TFPI,TTN,CDH5,TLR3,TLR9,SOCS3,MMP3
CSF2,CX3CL1,CD19,CXCL9,S100A9,MMP2,OAS3,CRP,ITGB2,TIMP1,CAMP,ISG20,IL2,ENG,CSF2,BMPR2,GATA3,IL33,IL13,CXCL8,MYLK,CCR5,F2,CXCL11,IL18R1,SERPINE1,ABCB5,IL6R,CFB,DHX58,F3,PROCR,IL21,HLA-DRA,F5,JAM3,MMP2,EDNRA,PROS1,S100A12,VEGFC,IL1RN,EDNRB,IFNA1,IL1RN,NOS3,XBP1,PROC,CXCR4,PECAM1,ISG20,ADAM17,MYBPC3,CSF3,ACE2,CCL20,NOS3,ANGPT1,MYL3,TLR9,CD40,IL12A,CD274,INFAR1,MYBPC3,COL1A1,MPO,PROS1,IL2,CAV1,IKBKB,NOTCH1,MYBPC3,CSF3,PTPRC,IL7R,FGF2,FN1,IL18R1,JAM3,IRF7,IL10RA,IL12A,ROCK1,MBL2,MYBPC3,RORC,IL10RA,FOS,IL2,CD4,CYBB,EDN1,PROC,MYH6,CLDN5,TLR9,LY96,TNIP1,MMP12
CSF3,SCN5A,CD3E,CXCL11,S100A12,F11,RSAD2,SAA1,IL2,TIMP2,DEFB1,MX2,IL4,MAPK8,CSF3,SMAD2,IL4,CSF2,GATA3,CXCL10,F3,SELP,PDGFRA,HMGB1,IFNGR1,SERPINC1,SLC25A13,IL6ST,CFD,CAMP,F5,TIE1,IL23A,HLA-DRB1,F7,IL1A,COL1A1,EDNRB,THBS1,CALCA,CDH5,IL6ST,ANGPT1,IFNA2,IL12A,EDN1,MS4A1,PROS1,CCR5,ANGPT1,IFI6,ACE,NPPB,IL15,IL1A,CCR1,PTGS2,ANGPT2,ACTC1,NOD1,IL17A,IL12B,IL1R1,IFNAR2,NPPA,PDGFRB,PGLYRP1,SERPINC1,IL4,PLVAP,RELA,BMP2,NPPA,RSAD2,IL7R,IL15RA,MMP2,TIMP1,IL6R,F3,IRF9,IL10RB,IL12B,IL33,CD3D,NPPA,IL10RA,TGFB1,ATF3,IL2RA,CD8A,NCF1,IL6ST,PROS1,TNNC1,OCLN,CD177,BPI,MYBPC3,TIMP2
IL12A,KCNQ1,TNFRSF13B,CCL5,HMGB1,NLRC4,CXCL9,HMGB1,IL4,SERPINE1,LYZ,IL1R1,IL5,IL10RA,IL12A,SMAD3,IL5,CSF3,TBX21,CCL2,F5,ANGPT1,IL2RA,LCN2,IFNGR2,PROC,ST7,SOCS3,CRP,CD19,F7,CDH5,CD28,SELP,F10,IL1RN,COL3A1,ACE,CD55,CAMP,OCLN,IL12A,VEGFB,IFNAR1,IL12B,EDNRA,CD79A,ITGB3,CCR6,ANGPT2,IFI27,ACE2,NPPA,CASP1,IL2,CCR2,HMGB1,TEK,TPM1,NOD2,IL17F,IL13,IL6R,IFNGR1,NPPB,TNNT2,LTF,PLAT,IL13,NOTCH1,EDN1,BMP4,NPPB,NFKB1,IL21R,IL18R1,TIMP2,MMP2,IL6ST,PROCR,STAT2,SMAD2,IL23A,IL2,STIM1,NPPB,IL10RB,TGFBR1,DUSP1,IL2RB,IRF3,NCF2,MYH7,TNNT2,TNNI3K,MMP9,AQP9,DEFB1,NPPA,TIMP3
IL12B,KCNH2,TNFRSF13C,PECAM1,CASP1,MYH7,CCL2,SPP1,IL5,PLAT,MPO,IL1A,IL7,MYL2,IL12B,SMAD4,IL13,CCL3,IL23A,CCL5,FGB,ANGPT2,IL1R1,CALCA,JAK2,PROS1,CDC27,ANGPT1,SAA1,TNFRSF1B,F10,OCLN,ICOS,EDNRA,FGA,IL6R,POSTN,AGTR1,CD59,LCN2,TJP1,IL12B,VEGFC,IFNAR2,CRP,ACE,CD79B,ITGA2B,FOXP3,TEK,IFI44,AGTR1,COL1A1,PYCARD,IL4,CCR5,S100A8,PECAM1,F2,MYD88,IL21,IL15,IL18R1,IFNGR2,MMP2,NPPB,OAS1,PLAU,CD4,DLL4,NOS3,BMPR2,COL1A1,TEK,CD27,TNNT2,CDH5,ACE2,CCR5,THBD,OAS1,SMAD3,CCR7,IL7,IL7R,ADCY5,IFNGR2,FOXP3,OSM,IL7,JAK1,NCF4,F5,TNNI3,F2,MMP2,ARG1,MPO,BMP2,ADAMTS1
IL15,ATP2A2,ICOS,CDH5,SOCS1,TGFB2,SOCS3,IL1R1,IL13,PLAU,ELANE,CD80,IL12A,OAS3,IL15,SMAD7,CCR7,CCL4,RORC,IL6ST,SERPIND1,TEK,IL12A,CALCB,SOCS1,THBD,SLC4A1,TEK,SAA2,DEFA1,F11,CLDN5,MS4A1,EDNRB,PLAT,IL6ST,CRP,MMP9,ITGA2B,MPO,CLDN5,IL23A,HIF1A,IFNB1,SAA1,MMP2,SELP,PDGFA,RORC,NOS3,IFI44L,AGTR2,COL3A1,CALR,IL5,CCR7,S100A9,CDH5,F3,TICAM1,IL23A,IL21,IL1A,IFI27,TGFB1,TNNI3,LYZ,PLG,CD3E,HEY1,PECAM1,TGFBR1,COL3A1,EGF,ICOS,TNNI3,OCLN,TMPRSS2,CCL5,PLAT,OAS2,SMAD4,CXCR4,IL15,IL12A,GNAS,TNFRSF1B,RORC,LIF,IL7R,JAK2,MPO,IFITM2,NPPA,F5,TIMP2,MMP8,IFNB1,FGF2,ADAMTS5
IL23A,RYR2,CD28,NOS3,SOCS3,JAK2,TGFB1,IL1RN,IL23A,F3,DEFA1,CD86,IL12B,OAS2,IL23A,TNFRSF1B,CD19,CXCL1,CXCL9,IL1RN,PLAT,EDN1,IRF3,TNNI3,SOCS3,F2,CALCR,NOS3,TNNT2,IFNAR1,F13A1,MMP2,IGHD,ACE,PLAU,IL10RA,TNNI1,MMP2,ITGB3,ELANE,MMP9,IL2,ENG,IFNGR1,HMGB1,TIMP2,PECAM1,PDGFB,TBX21,EDN1,BST2,NOS3,FN1,SOCS1,IL12A,CXCR1,S100A12,OCLN,F5,MAVS,CD14,IL22,CCL2,ISG15,PDGFA,CRP,OAS3,FGA,CD14,HEY2,ANGPT1,TGFBR2,POSTN,ADAMTS13,KLRK1,MYH6,CLDN5,CD55,CXCL9,PLAU,OAS3,TNNI3,CCR5,CSF2,IL13,GRK5,IL1RN,TBX21,TGFB1,IL15,NFKB1,ELANE,IRF3,NPPB,F7,PECAM1,DEFA4,IFNGR1,TGFB1,PDGFA
IL27,CASQ2,CD40LG,EDN1,FURIN,PROCR,PDGFA,CD40,CCL4,F8,IL1RL1,CTLA4,IL13,MAPK14,IL27,TNFRSF10A,CD27,CXCL2,CCL3,TNFAIP3,PLAU,ECSCR,IFNAR1,MYH6,NFKB2,F3,DVL2,EDNRA,TNNI3,DEFB1,PLAT,TIMP2,RORC,KDR,PROS1,IL10RB,TNNI2,TIMP2,P2RY12,PRTN3,MMP2,IL15,THBS1,IFNGR2,PTX3,PECAM1,THBD,MYH6,GATA3,EDNRA,LY96,EDN1,TGFB1,SOCS3,IL13,CXCR2,LCN2,CLDN5,F7,NFKB1,HLA-DRA,IL23A,CCL3,MX1,PDGFB,MYH11,OAS2,FGB,TLR2,EPHB4,ANGPT2,SMAD3,ACTA2,IFIH1,NCR1,MYH7,JAM2,CD59,GZMB,SERPINE1,OASL,MYH6,CXCR3,CSF3,CXCL8,RYR2,IL6ST,GATA3,CALCA,IL15RA,NFKB2,LCN2,HMOX1,IFIT1,F10,MCAM,LCN2,JAK2,IGF1,PDGFB
IL1RN,CRP,IL2,ANGPT1,ADAM17,FLT1,HMGB1,CD80,CD4,F2R,TNNT2,CD28,IL15,IL17A,S100A8,TNFRSF10B,CD38,CXCL10,CCL4,SOCS1,PLAUR,ROBO4,ANGPT1,MYH7,RELA,F5,PRSS22,TGFB1,MYH6,DDX58,PLAU,PDGFRA,TBX21,FLT1,PROC,IL17RA,ATP2A2,IL1A,SELP,IL1RN,TIMP2,CSF2,PLAT,IRF1,TREM1,CDH5,NOS3,MYH7,BCL6,ACE,LBP,EDNRA,PDGFA,PTPN2,IL15,CXCR4,MPO,KDR,F10,NFKBIA,HLA-DRB1,CSF1,CCL4,OAS1,IGF1,PDGFRA,IFIT3,FGG,TLR4,EFNB2,TEK,AGTR1,F2,IL2RA,KIR2DL1,MYBPC3,IL1A,CFB,PRF1,CCL4,MX1,MYH7,CCR1,CSF1,MYD88,ATP2A2,CD19,HLA-DRA,PTX3,RORC,RELA,DEFA1,C1QC,IFIT2,FGB,NOTCH1,OLFM4,STAT2,PDGFA,SERPINE1
NFKB1,FABP3,IL2RA,TEK,BSG,IKBKB,TLR9,CD86,CD8A,PROC,TNNI3,IL2RA,IL21,SMAD5,S100A9,TNFRSF14,IGHG1,CXCL9,BMP2,SOCS3,PROS1,NOTCH1,MYH6,MYBPC3,NFKBIA,F7,UPF1,TGFBR1,MYH7,MBL2,SERPINE1,PDGFRB,GATA3,CDH5,SERPINC1,IL18BP,RYR2,IL1RN,TIMP1,IL10RB,PDGFRA,CSF3,PLAU,IRF8,CD163,OCLN,EDN1,TNNI3,PDCD1,TIE1,BPI,BAX,PDGFB,PTPN22,IL21,CRP,ELANE,FLT1,PLAT,RELA,B2M,CSF2,CXCL10,DDX58,FGF2,HEY2,IFIT2,PROCR,TLR9,S1PR1,CDH5,MMP2,F3,LY96,CD16,NPPA,IL17F,CFH,KLRB1,CSF2,MX2,MYBPC3,CXCL10,IFNA2,TRAF6,PLN,CD22,HLA-DRB1,CRP,TBX21,SELP,CAMP,MMP2,RSAD2,FGG,NOTCH4,CD19,IRF1,PDGFB,TRAF6
NFKB2,F2,IL7,KDR,C5,IL7,CRP,IRAK4,CD19,PROS1,MYH6,CCR7,IL22,HES1,S100A12,FAS,IGHA1,TNFSF13B,BMPR2,CXCL9,PROC,DLL4,F5,NPPA,TNFRSF1B,F10,SKAP2,TGFBR2,MYBPC3,TRAF6,PROS1,FLT1,BCL6,PDGFRA,SERPIND1,TNFRSF1B,PLN,TGFB1,CRP,SOCS1,PDGFRB,IL7,ADAMTS13,JAK1,MARCO,CLDN5,VEGFA,MYBPC3,CD274,CDH5,DEFB4A,BCL2,IGF1,OAS2,IL23A,SAA1,CTSG,AQP1,PLAU,MAPK1,CTLA4,CSF3,CSF2,IFIH1,ACE,MYC,BST2,IFNA1,MYD88,PDGFB,TIE1,F5,F5,NFKB2,FCGR3A,NPPB,IL22,SERPINC1,NCR1,CSF3,ISG15,ADCY5,CXCL9,IL12A,CD19,CACNA1C,CD27,CD4,SAA1,GATA3,KDR,CTSG,NFKB1,BST2,SERPINC1,JAG1,CD3E,SOCS1,ACE,CASP1
RELA,F3,IL7R,FLT1,C3,RELB,SAA1,TRAF6,TLR2,SERPINC1,MYH7,CD4,IL23A,IL18R1,HMGB1,FASLG,IGHM,TNFSF14,AKT1,CXCL11,TFPI,JAG1,PDGFRB,ADRA1A,IL1RN,FGA,MCUB,PTGS2,NPPA,FCN1,FGA,AQP1,STAT4,PDGFRB,TFPI,TNFAIP3,CASQ2,CSF2,SAA1,SOCS3,IL1A,CXCL9,HMOX1,JAK2,MIF,IL6R,KDR,MS4A1,CTLA4,OCLN,DEFB103B,CASP3,BMP2,OAS3,IL27,CALCA,CD55,CAV1,SERPINE1,MAPK3,EDN1,LIF,CSF3,TLR2,AGTR1,NOTCH1,RSAD2,IFNB1,NFKB1,PDGFRB,MMRN1,F7,F7,PDGFB,FCGR2A,COL1A1,IL12A,PROC,KLRD1,IL2RA,IFIT1,ATP2A2,CCL5,IL12B,CD28,SCN5A,CD38,CD8A,SAA2,BCL6,TEK,ITGAM,IL4,DDX58,SERPIND1,DLL4,ICOS,SOCS3,AGT,IL18
RELB,F5,IL15,NOTCH1,CFB,TYK2,SAA2,NFKB2,TLR9,CD40,NPPA,CD8A,CSF2,SERPINC1,LBP,CD19,PECAM1,CD3D,PIK3CA,CCL3,ADAMTS13,EPHB4,IL7R,ADRA1B,CCL3,FGB,HOXA11,PTGIS,NPPB,CD3E,FGB,CEACAM1,STAT6,NOTCH1,SELP,SOCS1,ANK2,CSF3,LBP,SERPINE1,IL6ST,CXCL11,SOD1,NOD1,OAS2,IL1R1,FLT1,CD79A,CD28,CLDN5,LCN2,CASP8,BMP4,IFITM1,IFNA1,CALCB,CD59,NOS2,SERPINC1,MAPK8,NOS3,LTA,IL2RA,TLR7,F2,HEY1,OASL,IRF3,NFKBIA,TEK,MMRN2,F10,F8,EGFR,FCGR2B,COL3A1,IL12B,PROS1,ICOS,IL7R,IFIT2,RYR2,CCL4,IL23A,SOCS3,KCNQ1,MS4A1,CD19,FPR1,STAT4,ANGPT1,ITGB2,NOS3,IFIH1,PROS1,IL7,CD40,RSAD2,AGTR1,STING1
NFKBIA,F7,CD44,DLL4,CFD,TGFBR1,HP,IKBKB,CASP1,CD40LG,NPPB,IL23A,CSF3,IFIT3,TLR9,CD28,CDH5,CD3E,PTEN,CCL4,PLG,EFNB2,IL6R,ADRB1,CD14,PLAT,POLR2J,TBXA2R,MYL2,IFNAR2,FGG,CETP,SELP,NOTCH4,GP1BA,SOCS3,KCNQ1,CCL2,HMOX1,PLAUR,TNFRSF1B,ACP5,CAT,NOD2,OAS3,TNFRSF1A,ANGPT1,CD3D,CD80,PDGFB,S100A7,CASP9,CRP,IFITM3,IFNB1,PTX3,C3,NOS1,PROC,MAPK14,KDR,TNFSF11,IL7R,TLR9,F3,FBN1,HERC5,IRF7,STAT3,ENG,ENG,FGB,FGA,PLG,C1QA,FN1,CSF2,F2,ICOSLG,FAS,NCF2,PLN,CCL3,TYK2,SOCS1,KCNH2,HMOX1,CD3E,FPR2,STAT5A,EDN1,CD55,TNFRSF1A,TNFSF13B,PROC,IL15,IL18BP,EIF2AK2,CRP,MAVS
MAPK1,F10,CD69,JAG1,SERPING1,CSF3,HPR,STAT3,IL10RA,CD28,GDF15,CCL5,LIF,TEK,NOD1,CD80,TIE1,CD3G,FN1,CCR1,SERPING1,ACVRL1,IL12B,ADRB2,CCL4,PLAU,DHX33,FLT1,MYL3,FCN2,SERPINC1,ACE,THBD,DLL4,ITGA2B,JAK1,KCNH2,CCL3,SOD2,PLAU,IL1RAP,ADAM17,IL1A,STAT2,IFIT2,IL6ST,ANGPT2,CD3E,CD86,PDGFRB,S100A8,CYCS,SAA1,BST2,IFNL1,MMP9,C4A,EDNRA,PROS1,ITGA2B,FLT1,TNFSF13B,IL15,STING1,F5,SMAD3,IFITM3,IRF9,NLRP3,ACVRL1,ACE,FGG,FGB,DHX58,C1QB,POSTN,CSF3,F3,CD28,FASLG,NCF4,CASQ2,TREM1,SOCS1,PDCD1,ANK2,GSDMD,CD14,MYBPC3,STAT5B,NOS3,CD59,MYBPC3,CD177,PROCR,IL18,IL18R1,TRIM25,ANXA1,RIPK2
MAPK3,SERPINC1,HLA-DRA,HMOX1,CCR7,IL2,APCS,JAK1,IL17RA,CD80,MYBPC3,CXCL8,OSM,CD274,NOD2,CD86,VEGFA,CD4,VIM,CCR2,MASP1,ENG,IRF7,ATP2A2,CXCL9,IL12A,MEOX1,CDH5,ACTC1,IFIH1,SERPIND1,AGTR1,EDN1,JAG1,ITGB3,JAK2,F2,CCL4,GPX1,F3,IL10RA,ADGRE2,IL2,STING1,IFIT3,STAT1,TEK,CD3G,ICOS,FGF2,S100A9,PARP1,LBP,TLR1,TGFB2,TNNT2,C5,EDNRB,THBD,ITGB3,CDH5,IFNA1,TNFRSF1A,RELA,F7,COL3A1,LCN2,ISG15,CASP1,BMPR2,FLT1,SERPINC1,FGG,IL7R,C1QC,ACTA2,CXCL9,F8,CD86,CASP1,CYBA,CALM1,FPR1,SOCS3,SELL,CASQ2,FCGR2A,PTPRC,NPPA,STAT6,VEGFA,CR1,F7,CEACAM1,PLAT,IL21,IL17RA,TMPRSS2,ANXA5,IRAK4
MAPK8,SERPINE1,HLA-DRB1,NFE2L2,HLA-DRA,IL23A,SERPINA3,JAK2,IFNGR1,CD86,MYL2,CXCL9,CXCL1,NPPB,RIPK1,CTLA4,EDNRB,CD8A,CDH5,CCR5,MASP2,BMPR2,IFNAR2,RYR2,SELP,IL12B,THSD7A,PECAM1,TPM1,FCN3,PLAUR,ENG,EDNRA,JAG2,IFNA1,JAK3,F3,CCL5,CAT,F8,IL10RB,AIF1,IL7,TLR3,DDX58,SOCS1,CDH5,PDCD1,FASLG,FGFR1,CXCL1,SOD1,F2,TLR5,FGF2,TNNI3,CFB,PTGS2,FGA,GP1BA,PECAM1,IFNB1,TNFRSF1B,NFKBIA,F10,NPPA,MX1,MX1,CCL5,CCL2,CXCL9,SERPIND1,SERPINC1,BPI,C3,MYH11,CCL5,FGA,CD80,CASP3,DEFA4,MYL2,FPR2,TNNT2,CFD,MYL2,ITPKC,IL1A,AGTR1,IL6R,CDH5,C5AR1,IFITM3,DEFA1,PLAU,IL23A,IFNGR1,ITPKC,F2,CD4
MAPK14,PLAT,TAP1,NCF1,HLA-DRB1,PTPN6,SERPINA1,CD3D,IL2RA,PTPRC,MYL3,CCR1,CXCL2,CAT,RIPK3,PDCD1,ADAMTS13,CD19,PECAM1,CXCR3,C3,SMAD1,ANGPT2,PLN,EDN1,IL23A,LIG3,OCLN,ACTN2,IRAK4,IFNA1,NRP1,EDNRB,HEY1,IFNA2,TYK2,F5,CXCL9,BCL2,THBD,IL17RA,ALOX5,CSF2,TYK2,IFIH1,SOCS3,OCLN,CTLA4,FAS,CCL4,CXCL2,SOD2,F3,TLR6,PDGFA,MYH6,MASP1,PTGIS,FGB,GP6,PDGFA,CCL3,S100A8,RIPK1,PLAT,MYH6,PGLYRP2,OAS1,CD40,CCL3,IL2RA,PROS1,PROS1,RELA,C4A,TAGLN,SOCS1,PLAT,IFNA1,CASP8,CD3D,MYL3,C5AR1,TNNI3,IRAK4,ACTC1,COPA,IL2,GJA1,IL10RA,PDGFB,TREM1,IRF5,IRAK4,PLG,CSF2,IFNGR2,CD40,F5,CD8A
JUN,PLAU,B2M,NCF2,PELI1,CCR6,IL18,CD3E,IL4R,IL7R,ACTC1,CCR2,CXCL8,PLAU,NLRC4,CD274,CXCR2,CD20,CAV1,HMGB1,CFH,SMAD5,MYH7,CASQ2,NOS3,CSF2,RPAP3,CLDN5,TTN,PTX3,IFNA2,NRP2,ANGPT1,PYCARD,IFNB1,CCR1,F7,CXCL11,BAX,PROC,IL18R1,ANXA1,CSF3,CAMP,TLR3,PYCARD,TJP1,CD274,IL2,CCL5,IFNA1,CAT,F5,NOD1,EGF,MYH7,FCN1,CYBA,FGG,ADAMTS13,PDGFB,CCL4,S100A9,TRAF6,PLAU,TNFRSF1B,CAMP,OAS2,CD80,CCL4,IL7R,PROC,PROC,PDGFRB,C5,ANPEP,SOCS3,NOS3,IFNB1,BCL2,CD3E,ACTC1,C3,MYH6,CD3E,ACTN2,BLK,IL2RA,MYH6,IL10RB,PDGFRA,TNFRSF1A,NQO1,NFKB2,TFPI,CSF3,IL10RB,IL1RN,F7,CD19
FOS,PLAUR,CIITA,PLVAP,COPB2,IL4,IL18BP,CD3G,IL18R1,IL2RA,TPM1,CCR5,CCL3,F10,PYCARD,TLR1,CCR2,CD27,PTGS2,TLR9,OAS1,ID1,F7,CALR,VEGFA,CSF3,ACSM3,TJP1,RYR2,IRF3,IFNB1,IL6ST,ANGPT2,IL1RAP,IFNAR1,CCR2,F10,IL12A,CASP3,PROS1,IL18RAP,APOBEC3A,IL2RA,CXCL1,LY96,IL18,MMP9,HLA-DRA,IL2RA,CSF2,IFNA2,GPX1,F7,NOD2,IGF1,MYBPC3,MBL2,NCF1,ITGA2B,FGA,TGFBR1,CCL5,S100A12,IRAK4,SERPINE1,TNFRSF1A,DEFB1,OAS3,CD86,CSF2,IL15,PLAT,TFPI,ACE,CFB,NPPC,JAK1,EDN1,IFIT5,BAX,CD3G,TPM1,C4A,MYH7,CFB,DES,CASP3,IL4,ACTC1,TNFRSF1A,PDGFRB,TNFRSF1B,C2,NFKBIA,P2RY12,CXCL1,PECAM1,IL33,F10,CD3D
TNNT2,PROC,C3,OCLN,FCGR2B,IL5,IL1RN,PDCD1,IL23R,CD34,TNNC1,IL12A,CCL4,KDR,NCF1,TLR3,IL2,CD28,HIF1A,IL1A,OAS2,F2,TGFB1,GJA1,KDR,HMGB1,REXO5,AQP1,ATP2A2,IL1R2,IRF3,IL1RN,TEK,IL18BP,IFNAR2,CCR5,FGA,IL12B,CASP8,SERPINC1,IL22,AREG,IL15,CXCL2,CAMP,IL1A,ADAMTS13,HLA-DRB1,IL4,CSF3,IFNB1,HMOX1,F10,NLRP1,JAK1,NPPB,SERPING1,NCF2,ITGB3,FGB,TGFBR2,CCL7,HMGB1,IRAK1,PROC,CSF3,ISG20,RSAD2,HLA-DRA,CSF3,IL12A,PLAU,ITGA2B,PLAUR,CFH,NPR1,JAK2,ACE,EDN1,RIPK1,CD4,DES,CFB,MYBPC3,CCL5,JUP,ORAI1,IL5,TPM1,TNFRSF1B,FGF2,FAS,MMP3,IRF9,ITGA2B,CXCL2,CDH5,IL1RL1,PLAT,CD3E
MYH6,PROS1,C4A,TJP1,FCGR3A,CD86,IL1RAP,CD274,CXCR1,KIT,RYR2,IL12B,CCL5,DLL4,NCF2,TLR5,IL7,CD80,VEGFR2,IL33,OAS3,F5,CTLA4,GJA5,PECAM1,TLR2,CIAPIN1,PLVAP,PLN,TGFB1,IRF7,TNFRSF1B,PECAM1,TLR3,TLR3,CSF2,FGB,IL23A,FAS,PLAT,IL23R,ARG1,IL27,DDX58,DEFB1,HMGB1,PDGFB,ITGAM,IL5,TNFRSF1B,IFNG,NQO1,F11,NLRC4,JAK2,NPPA,IFI27,NCF4,PTGS2,FGG,ENG,CCL20,IFNAR1,TRAF3,PROS1,CCL2,USP18,IFIT1,HLA-DRB1,IL1A,IL12B,TFPI,ITGB3,MAVS,CFI,NPR2,TNNT2,AGT,NOS3,RIPK3,CD8A,SGCD,CFH,NPPA,ORAI1,DSP,STIM1,IL7,CALM1,IL17F,FGFR1,FASLG,NFKB2,CD3D,ITGB3,NLRP3,TIE1,FCGR2A,PLAU,CD3G
MYH7,FGA,C1QB,CLDN5,LILRB3,IL1A,CASP1,FLT1,CCR2,MKI67,ATP2A2,TBX21,CCL11,LBP,NCF4,TLR6,CCL3,CD86,ANG1,CSF2,MX1,F7,TNFRSF1A,SCN5A,CDH5,TLR3,SPPL2B,PDGFA,CASQ2,TLR3,IRF9,IL18R1,CDH5,IFNAR1,TLR9,CSF3,FGG,IFNA1,FASLG,PAI1,IL33,ATF3,CXCL1,DEFA1,MPO,CALCA,PDGFRB,CX3CR1,IL13,NFKBIA,IFNAR1,NFE2L2,F13A1,LBP,JAK3,MYL2,ISG15,RAC1,PTGIR,IFIT1,ACVRL1,CXCL1,IFNAR2,TBK1,FGB,CALCA,IFITM2,IFIT2,PECAM1,IL6ST,IL23A,FN1,OAS1,IL15,CR1,NPR3,TNNI3,AGTR1,VEGFA,MLKL,CD8B,TTN,C1QA,NPPB,SELE,PKP2,SLC8A1,IL12A,RYR2,IL17RA,MMP2,BCL2,IL5,CD3E,GP1BA,PYCARD,FLT1,FCGR3A,PROC,CD28
MYBPC3,FGB,CFB,CCL3,ORAI1,IL18R1,CASP4,TEK,CCR5,BCL2,PLN,GATA3,S100A8,TNNI3,MPO,TLR10,CCL4,CD274,ANG2,CSF3,MX2,F10,IL23A,KCNQ1,THBD,TLR9,FAM214B,PDGFB,CALM1,IL18BP,DDX58,IL18RAP,OCLN,IFNAR2,OAS1,IFNA1,SERPINE1,IFNA2,PTGS2,TFPI,CCL2,ATG5,CXCL2,DEFB1,ELANE,PTGS2,ENG,CCR2,IL21,MAPK1,IFNAR2,KEAP1,FGA,BPI,TYK2,MYL3,MX1,RAC2,OAS1,IFIT2,CSF3,CXCL2,IFNGR1,NOD1,FGA,IL23A,IFIT1,IFIT3,KDR,TNFRSF1B,CCR5,COL1A1,OAS2,DEFB1,SERPING1,CRP,MYH6,HMOX1,KDR,HMGB1,IL2,LMNA,FCN1,COL1A1,IFNGR1,DSG2,PDE4D,IL12B,ATP2A2,IL23A,IL17RA,BAX,VEGFA,IL2,GP6,CASP1,ENG,ANGPT1,PROS1,IL2
NPPA,FGG,CFD,CCL4,STIM1,TGFB3,TNFRSF1A,EDN1,CD40,BAX,CASQ2,RORC,S100A9,PTPN22,ELANE,NOD1,CCL5,CTLA4,KLF2,HGF,ISG15,F11,IRF9,KCNH2,THBS1,NOD1,COPZ2,PDGFRA,DES,IL1R1,IFIH1,CALCA,CLDN5,ISG15,OAS2,IFNB1,PROC,IFNB1,ALOX5,ADAMTS13,CCL3,BATF,CXCR2,DHX58,BPI,PTGER4,ACVRL1,CXCR4,IL23A,MAPK3,IFNGR1,HSP90AA1,FGB,CAMP,STAT2,ACTC1,OAS1,IL4,OAS2,IFIT3,CCL5,CXCL9,IFNGR2,NOD2,PLG,IL12B,IFITM1,DDX58,FLT1,TNFAIP3,CCR2,COL3A1,OAS3,CD4,MASP1,ADIPOQ,MYH7,SOD1,ANGPT1,S100A8,IL2RB,ANK2,MBL2,COL3A1,EDN1,DSC2,IL4,IL13,F2,IL23R,IL18R1,CASP3,TNFRSF1B,BCL6,IFNA1,IL1R1,ACE,IL1R1,TFPI,IL2RA
ATP2A2,ITGA2B,CFH,S100A8,NLRC4,TEK,TNFRSF1B,EDNRA,CD80,CASP3,ANK2,IL4,HMGB1,LDHA,CXCR1,NOD2,IL15,PDCD1,CD31,FGF2,IFIT1,F13A1,IFNGR1,KCNJ2,ADAMTS13,NOD2,PRKAR2B,PDGFRB,ANKRD1,IL1RAP,TLR3,CALCRL,TJP1,TNNT2,OAS3,IFNAR1,PROS1,SOCS1,LTA4H,VWF,CCL4,BCL2,OSM,IFIH1,IFNA2,ALOX5,NOTCH1,IL1RN,IL12A,TNNT2,IFNGR2,HSPA5,FGG,DEFB1,STAT4,TPM1,IFITM1,IL13,OAS3,RSAD2,S100A12,CXCL11,OAS1,IKBKB,SERPINC1,IL1A,ISG15,IFIH1,TEK,NFKBIA,IL2RB,ITGA2B,MX1,FGF2,MBL2,FABP3,MYBPC3,SOD2,ANGPT2,S100A9,IL7R,SCN5A,MASP1,FABP3,MEF2C,LMNA,IL5,IL15,F5,IL12A,IL18RAP,CASP8,NPPA,ICOS,IFNB1,IL1R2,AGTR1,IL6R,FGB,TCF7
RYR2,ITGB3,CR1,S100A9,AIM2,TRIM25,TREM1,ACE,CD86,CASP8,SCN5A,IL5,CALCA,MYBPC3,CXCR2,ITGAM,CSF2,FOXP3,CD34,IGF1,IFIT2,PLAT,TEK,NFATC1,MMP9,IRAK4,CREBBP,FGF2,FHL2,IRF7,TLR9,RAMP1,MMP2,TNNI3,MX1,IFNAR2,TFPI,SOCS3,ADORA2A,FGA,CCL5,BCL2A1,LIF,IFIT1,IFNGR1,LTB4R,DLL4,IL6ST,IL12B,TNNI3,JAK1,HSF1,PLAT,LYZ,STAT5A,TNNC1,DDX58,IL7,MX1,CXCL8,HMGB1,MYH6,OAS2,AIM2,TFPI,CXCL9,ELANE,TLR3,ANGPT1,MAPK1,SOCS1,ITGB3,ISG15,AGTR1,FCN1,CKM,NPPA,CAT,TEK,S100A12,IL15,KCNQ1,SERPING1,MYL2,OAS1,F2,IL13,IL21,F7,IL12B,CCR2,RIPK1,F10,CCR7,IRF3,IL6R,EDNRA,TNFRSF1A,FGG,BCL6
PLN,P2RY12,ITGAM,S100A12,CTLA4,CD80,LBP,MMP9,ICOS,CASP9,KCNH2,IL13,VEGFA,AGT,CCR1,ITGB2,CSF3,TGFBR1,CD62E,EGF,IFIT3,PLAUR,MYBPC3,GATA4,MMP2,TRAF6,TSPOAP1,FGFR1,GATA4,IL6ST,MX1,PTGS2,TIMP2,MYH6,ISG15,IFNGR1,SERPINC1,TNFAIP3,NR3C1,FGB,CXCL8,BCL2L1,TNFRSF1A,IFIT2,IFNGR2,NCF1,JAG1,PTGS2,IL15,MYH6,JAK2,HIF1A,PLAU,MPO,STAT6,RYR2,IFIH1,IL15,MX2,CXCL9,MIF,MYH7,OAS3,IL1RN,ADAMTS13,IL6R,DEFA1,TLR9,ANGPT2,MAPK3,SOCS3,OAS2,RSAD2,PROCR,THBD,MB,NPPB,GPX1,PECAM1,CALCA,IL15RA,KCNH2,CRP,MYL3,TBX5,F5,CCR4,IL23A,F10,IL12RB1,CCR5,RIPK3,MX2,PECAM1,IRF7,IL6ST,IL15,IL10RA,PLAUR,RORC
CASQ2,PLG,ITGB2,ELANE,ICOS,RAMP3,BPI,ADAMTS13,SELE,FASLG,KCNQ1,IL22,ICAM1,IL1RN,CCR2,PECAM1,SOCS1,TGFBR2,CD62P,TGFA,DDX58,PLG,F10,TBX5,TIMP1,RELA,MPO,NOTCH1,NKX2-5,SOCS3,OAS1,LBP,ADAMTS13,MYH7,IRF9,IFNGR2,PLG,NFKBIA,NR1D1,FGG,CXCL9,BCL6,TNFRSF1B,IFIT3,IFNAR1,NCF2,HIF1A,ALOX5,IL7,MYH7,TYK2,EPAS1,PLAUR,ELANE,IRF1,ATP2A2,MYD88,IL21,ISG15,CCL3,SOCS1,MYBPC3,OASL,TNFAIP3,OAS1,CSF2,DEFA3,CGAS,EDN1,JUN,MAPK3,OAS3,IFIT1,TICAM1,PROC,TNFRSF11B,ANXA5,NOTCH1,PDGFRA,CALCB,VCAM1,KCNE1,SAA1,ACTC1,ICAM1,F7,CCL17,CSF2,F11,IL12RB2,IFNAR1,MLKL,IRF7,CDH5,MX1,TNFRSF1A,CXCR4,IL17RA,PLOD1,TBX21
ACTC1,TFPI,FCGR2A,MPO,ICOSLG,ZBP1,MPO,PECAM1,SELP,FAS,KCNE1,IL7,VCAM1,TLR2,CCR5,CDH5,SOCS3,ANGPT1,TIE2,TNNI3,IFIH1,SERPINC1,TGFBR1,NOTCH1,FLT1,IKBKB,PON1,NOTCH4,TBX5,VEGFA,OAS2,CCL4,IL6ST,MYBPC3,RSAD2,TNNT2,PLAUR,PTGS2,PPARG,FERMT3,CXCL11,BIRC5,LTA,IFITM1,IFNAR2,NCF4,EPAS1,NOTCH1,IL7R,MYBPC3,STAT2,IL1RN,SERPINE1,CTSG,IRF3,PLN,IRF3,IL23A,RSAD2,CCL4,SOCS3,ATP2A2,MX1,SOCS1,OAS2,IL12A,IFNGR1,IFNAR1,NOS3,FOS,TNNI3,IFIT2,IFIT2,IL15RA,PROS1,TNFSF11,CRP,HIF1A,PDGFRB,PTGS2,ICAM1,KCNE2,APCS,TPM1,ANGPT2,F10,CCL22,CSF3,F12,CSF2,IFNAR2,PARP1,GPX1,MMP2,OAS1,TNFRSF1B,CCR2,TRAF6,PLG,GATA3
TPM1,IRF3,FCGR3A,CASP1,RORC,F13A1,ELANE,CDH5,EDN1,TNFSF10,KCNE2,CD19,SELE,FGF2,IL17RA,KDR,CISH,ANGPT2,ANGPT1,MYBPC3,DHX58,PROC,PDCD1,F2,NOTCH1,SELP,GCFC2,DLL4,MEF2C,TNNT2,OAS3,CCL5,TNFRSF1B,NPPA,DHX58,TNNI3,SELP,ALOX5,RORC,ITGB3,CXCL12,BPI,LTB,IFITM2,JAK1,ISG15,IL1A,DLL4,CD4,NPPA,IRF1,IL4,SERPINC1,IFNGR2,IRF7,CASQ2,IRF7,IFNB1,IFIT1,MMP2,FGF23,RYR2,MX2,SOCS3,OAS3,CXCL8,MAVS,IFNAR2,VEGFA,IRAK4,MYH6,IFIT3,IFIT3,LTF,F2,CALCA,LBP,PTGS2,TGFBR1,ALOX5,SELE,KCNJ2,HP,ACTN2,MYH7,F11,CTLA4,IFNA1,F13A1,CSF3,IFNGR1,GSDMD,C4A,TIMP2,OAS2,S100A8,CCR5,IRAK4,SERPINC1,IL4
TTN,IRF7,CRP,HMGB1,TBX21,F10,CTSG,OCLN,KDR,TNFRSF10A,KCNJ2,CD22,SELP,ACVRL1,IL17RC,FLT1,LCN2,TEK,ANGPT2,TNNC1,TLR3,PROS1,IL10RA,F5,IL33,SELE,WDR54,JAG1,F2,IRF9,IFIT1,CXCR1,TRAF2,NPPB,TRIM25,MYH6,SELL,LTA4H,GATA3,ITGA2B,CXCL13,C1QA,TNFSF14,IFITM3,JAK2,MX1,IL12A,JAG1,CD8A,NPPB,IRF3,IL5,PROC,TYK2,IRF9,CALM1,MAPK1,CCL3,IFIT2,TIMP2,COL1A1,CASQ2,IFIT1,PTPN2,OASL,HMGB1,JAK2,IFNGR1,ADAMTS13,TNNT2,MYH7,RSAD2,IFITM1,CD8A,F3,CALCB,MYL2,AHR,TGFBR2,ALOX15,PECAM1,GJA1,FGA,RYR2,FLT1,F12,ICOS,IFNB1,TFPI,IL1A,IFNGR2,GSDME,MMP7,ADAMTS13,OAS3,S100A9,TYK2,CD3E,SERPIND1,IL13
MYL2,TICAM1,SAA1,RELA,GATA3,CCR7,PRTN3,TJP1,ANGPT1,HLA-DRA,GATA4,CD27,ANGPT1,IFNAR1,IL22,TEK,MYH6,ENG,ITGB2,ACTC1,TLR9,TFPI,CSF2,F7,IL15,CDH5,CROT,HES1,F3,VCAM1,IFIT2,CXCR2,RIPK1,ACTA1,BST2,MYH7,ITGA2B,HMGB1,TBX21,GP1BA,CSF1,C1QB,CALCA,ISG15,TYK2,OAS1,IL12B,EPHB4,CD19,CRP,IRF7,IL13,PROS1,STAT2,DDX58,CALM2,MAPK3,CCL4,IFIT3,CTSL,COL3A1,MYL2,IFIT2,PTPN22,MX2,CCL5,TYK2,IFNGR2,MMP2,TNNI3,MYL2,TICAM1,IFITM2,MYC,F5,TRPV1,MYL3,TLR3,MMP2,PTGER4,EDN1,DSP,FGB,PLN,MYL2,FGA,THBS1,CXCL1,PROC,TREM1,IL10RA,ATG5,RELA,IL1A,STAT1,HMGB1,IL12A,CTLA4,PROCR,SELP
MYL3,DEFB1,FGB,JAK2,BCL6,IL22,MYD88,CLDN5,ANGPT2,HLA-DRB1,NKX2-5,CD38,ANGPT2,SOD1,IL22RA1,HMGB1,MYH7,BMPR2,ITGAM,TPM1,IRF3,FGA,OAS2,F10,IL23A,TEK,ABCB4,CCL5,F5,TNNI3,IFIT3,CCR1,CASP8,ACTC1,IFIT1,MYBPC3,ITGB3,NOD1,FOXP3,SELP,CSF2,C1QC,PTGS2,ISG20,STAT2,IFIT1,IL18,EFNB2,CD3D,MYL2,IRF9,IL15,TFPI,TBK1,IFIH1,CALM3,MAPK8,CCL5,DDX58,CTSS,POSTN,MYL3,IFIT3,CD28,RSAD2,CCL4,NOD1,TYK2,COL1A1,MYH6,POSTN,LBP,IFITM3,SERPINC1,F8,F2,ACTC1,TLR5,TIMP2,TNFAIP3,EDNRA,PKP2,FGG,F2,OAS3,FGB,ADAMTS5,CXCL2,PROS1,CGAS,IL10RB,ATG7,IL13,IL18BP,STAT2,TLR1,IL12B,KDR,P2RY12,EDN1
KCNQ1,DEFB4A,APCS,IRF1,TCF7,LBP,IL6R,IL6R,TEK,HLA-A,TBX5,TNFRSF13B,TEK,AGTR1,IL23R,HMOX1,MYBPC3,NOTCH1,ITGAX,DES,IRF7,FGB,IFNGR2,PLAT,CSF3,ANGPT1,KMT2E,CSF2,F7,ICAM1,ISG15,CCR2,FADD,COL1A1,IFIT2,ACTC1,GP1BA,NOD2,CD3E,P2RY12,CSF3,C3,PTGER4,LCN2,IRF1,TLR9,IL23A,FLT1,MS4A1,MYL3,DDX58,CD28,P2RY12,IKBKE,TLR3,GJA1,MAPK14,CXCL11,IFIH1,AGER,PLAU,ACTC1,TLR3,CTLA4,IFIT1,CCL3,DDX58,STAT2,COL3A1,MYH7,COL1A1,CD14,TLR3,TLR3,PLAT,F3,TPM1,IL2RA,FGF2,SOCS1,EDNRB,DSG2,F2,F5,OAS2,FGG,TIMP2,CXCL5,SERPINC1,ZBP1,SOCS1,BECN1,ANGPT1,CSF2,JAK1,TLR3,IL23A,FLT1,ITGA2B,NOS3
KCNH2,LYZ,MBL2,IFITM1,LCK,TNNI3,JAK1,IL6ST,PECAM1,HLA-B,BMP10,TNFRSF13C,KDR,NOTCH1,IFNB1,NQO1,ACTC1,HIF1A,MMP1,TTN,IRF9,FGG,KDR,PROC,IFNA1,ANGPT2,RHBDD2,CSF3,F10,MYH6,RSAD2,CCR5,TRADD,COL3A1,IFIT3,TPM1,IFNA1,NLRC4,CD4,ITGAL,NFKB1,C4BPA,ALOX5,LYZ,IRF9,TNNT2,LTA,EDN1,IGHM,ACTC1,IFIH1,CD80,ITGA2B,SELP,TLR7,SCN5A,AKT1,IL36A,TLR3,HIF1A,PROC,TPM1,CGAS,PD1,IFIT2,SELE,DHX58,EIF2AK2,ENG,MYBPC3,COL3A1,CAMP,TLR7,HMGB1,PLAU,F5,ACTN2,IL2RB,FGFR1,SOCS3,VEGFB,F2,F3,F7,TNNC1,PLAT,AHR,ELANE,PLAT,LBP,PTGS2,LC3,CSF1,CSF1,TYK2,TLR5,IL27,NOTCH1,ITGB3,TEK
SCN5A,MPO,PTX3,IFITM3,ZAP70,BST2,JAK2,SOCS3,CDH5,TAP1,IFNA2,TNFRSF17,FLT1,PDK1,IFNA1,SOD1,TPM1,PTGS2,MMP2,RYR2,CGAS,SERPIND1,ACTC1,PROS1,IFNB1,NOS3,SOX8,IL2,F11,JAK1,OASL,CSF1,NFKB2,TGFBR1,LBP,NPPA,IFNB1,CASP1,CD8A,ITGAM,NFKB2,C5,ALOX12,MPO,IFITM3,TNNI3,CSF2,EDNRA,IGHA1,TPM1,DHX58,CD86,ITGB3,PECAM1,TLR8,KCNQ1,PIK3CA,IL36B,TLR9,PPARG,PROS1,DES,STING1,PDL1,IFIT3,EDN1,IFIH1,IL2,CDH5,ACTC1,ACTA1,IFNA1,TLR8,MPO,SERPINE1,F7,TTN,IL7R,CDH5,TNNT2,VEGFC,F5,F10,F10,TNNT2,PLAU,IL1RL1,CTSG,PLAU,CD14,ALOX5,SQSTM1,NPPC,CCL4,TLR3,TLR6,NPPA,JAG1,IFNA2,KDR
GJA1,LCN2,BPI,BST2,MX2,F12,CD3E,CCL4,OCLN,TAP2,IFNAR1,EDN1,NOS3,ANGPT1,IFNA2,CAT,TNNC1,ALOX5,ADAM17,ATP2A2,LCN2,SERPING1,F11,THBD,CXCL1,EDN1,IBTK,IL7,F13A1,TLR9,IFI44,CSF2,MAP3K7,TGFBR2,STAT2,NPPB,IFNAR1,IL1R1,CD19,ITGAX,RELA,C5AR1,ALOX15,MX1,VEGFA,MYH7,CSF3,SELE,IGHG1,RYR2,TLR3,CD3E,PLG,CDH5,TLR9,KCNH2,MTOR,IL36G,DHX58,MTOR,TFPI,DSP,NLRC4,GZMB,ISG15,ICAM1,STAT1,IL2RA,PDGFRA,TPM1,ACTC1,IFNA2,TLR9,CD19,SERPINC1,F10,GJA1,IL15,HMOX1,TNNI3,FLT1,F7,PLAT,FGA,IFIT3,SERPINE1,IL33,MPO,SERPINE1,DEFB1,LTB4R,HIF1A,FGA,CXCL9,TLR9,TLR10,ATP2A2,DLL4,IRF9,CDH5
GJA5,CAMP,LBP,OASL,OAS1,RAMP2,CD28,CXCR1,TJP1,B2M,IFNAR2,NOS3,EDN1,LY96,TNNT2,GPX1,NPPB,BMP2,CASP3,PLN,S100A8,SERPINB2,TGFBR2,TFPI,TGFB1,EDNRA,ZNF195,IL15,SERPINC1,SELE,IFI44L,CSF3,MAPK1,POSTN,STAT4,NPPC,IFNAR2,IL1R2,MS4A1,HIF1A,RELB,CARD9,FPR1,MX2,NOS3,MYBPC3,CXCL11,OCLN,IL27,ATP2A2,TLR9,CD4,IFNA1,ANGPT1,NOD1,KCNJ2,BCL2,IL37,IRF3,MYH6,TF,DSC2,NOD1,PRF1,ISG20,ANGPT2,IRF1,IL7,PDGFRB,NPPA,NPPA,IFNB1,DDX58,MMP2,SERPIND1,F11,SCN5A,KLRK1,TNNT2,MYH6,KDR,F10,PLAU,FGB,IFIT2,SERPINC1,TREM1,LYZ,FGA,MPO,PTGER4,EGFR,OAS2,CXCL11,DDX58,MYH7,RYR2,HEY1,STAT2,FLT1
GATA4,CEBPE,CD55,EIF2AK2,OAS2,RAMP1,CTLA4,CXCR2,NOTCH1,C1QA,IFNGR1,KDR,EDNRA,IFNAR2,TNNI3,NFKBIA,NPPA,BMP4,BCL2,CASQ2,S100A9,GATA4,LAG3,FGA,FAS,PDGFA,MYCBP2,IL12A,SERPIND1,MYH7,IFI27,IL2,MAPK3,GDF15,JAK3,NPR1,IRF3,IL6R,CD27,VEGFA,MAPK1,CASP3,FPR2,OAS1,EDN1,NPPA,CCL2,CLDN5,EBI3,PLN,CGAS,CD8A,IFNA2,ANGPT2,NOD2,KCNJ11,BAX,TNFSF10,IRF7,MYH7,SERPINC1,DSG2,NOD2,FASLG,BST2,MMP9,IRF3,IL7R,PDGFA,NPPB,FGF23,IFNAR1,IFIH1,SERPIND1,VWF,F13A1,KCNQ1,KLRD1,TNNI3,MYH7,FLT4,FGA,PROC,FGG,TEK,PROC,TYROBP,DEFA1,FGB,ELANE,TBXA2R,PDGFRA,IRF8,MYBPC3,IFIH1,TNNT2,MYBPC3,HES1,OAS2,IL6R
NKX2-5,IFNAR1,CD59,TRIM25,OAS3,IL2RA,ICOS,CCR2,DLL4,C1QB,IFNGR2,FLT1,EDNRB,IFNGR2,MYH6,NFKBIB,MYL2,SMAD1,BAX,GJA1,S100A12,NKX2-5,IL17RA,FGB,FASLG,PDGFB,FBXL3,IL12B,PROC,JAK2,TLR1,IL4,MAPK8,F2,TYK2,NPR2,IRF7,IL6ST,CD38,VEGFR2,MAPK3,CASP8,C5AR1,OAS2,ICAM1,NPPB,CCL3,ADAMTS13,IL33,CASQ2,ZBP1,FOXP3,IFNB1,TEK,CIITA,ABCC9,CASP3,TNFSF13B,IRF9,MYBPC3,SERPIND1,PKP2,CASP4,CD40LG,IFITM1,PROCR,IFNAR1,IL15,IL12A,MMP2,GDF15,IFNAR2,TICAM1,NOD1,TFPI,TFPI,KCNH2,FCGR2A,MYH7,MYBPC3,ANGPT2,FGB,PROS1,SERPINE1,NPPB,PROS1,LILRB2,LCN2,FGG,CTSG,CALCA,PDGFRB,GPX4,MYH6,TRIM25,TNNI3,F10,IL15,OAS3,IL1A
F2,IFNAR2,ITGA4,USP18,OASL,MYBPC3,CD80,CCR5,JAG1,C1QC,STAT2,VEGFA,MMP9,ACE,MYH7,RELA,MYL3,SMAD4,FAS,GJA5,HP,TBX5,CSF3,FGG,HLA-DRA,PDGFRA,ITGAL,IL23A,PROS1,SELP,TLR6,IL5,MAPK14,F10,PSMB8,NPR3,MX1,TNFRSF1A,CD138,ANG,MAPK8,CCL18,NCF1,OAS3,VCAM1,MYL2,CCL4,MMP2,IL1RL1,GJA1,TNNT2,GATA3,IRF3,KDR,FOXP3,ANK2,CASP8,IL17F,CAMP,ACTC1,PLG,JUP,CASP5,CXCL9,IFITM3,TJP1,IFNAR2,IL15RA,IL12B,TIMP2,SPP1,IFNGR1,MAVS,CALCA,FGA,SERPINC1,F2,FCGR3A,MYL2,NPPA,TEK,FGG,SERPINC1,PLAT,KDR,TFPI,LILRB4,CAMP,PLG,BPI,CALCRL,KDR,C4B,MYH7,ISG15,TPM1,F11,MAPK1,NOD1,IL1R1
F3,IFNGR1,ITGB1,ISG20,IFIT1,OASL,CD86,LBP,EPHB4,C3,IFIH1,ANGPT1,PDGFA,ADAMTS13,MYBPC3,RELB,ANKRD1,BCL2,FASLG,SCN5A,CAMP,TTN,OAS3,SERPINC1,CD274,PDGFRB,PDK2,IFNA1,SERPINE1,MYBPC3,CD14,IL13,JUN,FGA,PSMB9,RYR2,OAS1,TNFRSF1B,IGHM,ANGPT1,MAPK14,CCL20,NCF2,OASL,SELE,ACTC1,CCL5,TIMP2,TSLP,FGF23,TNNI3,TBX21,IRF7,FLT1,RORC,DSP,TP53,IL22,IFNAR1,SOD1,PLAUR,SCN5A,LY96,MIF,LY96,VEGFA,IFNGR2,IL21,CSF2,COL1A1,LGALS3,IFNGR2,STING1,ELANE,FGB,SERPIND1,F5,FCGR3B,MYBPC3,NPPB,TIE1,SERPINC1,PLAUR,PLAU,TNNI3,PROCR,HLA-DRA,FPR1,ITGA2B,LTF,RAMP1,FLT1,MMP12,ACTA1,ISG20,ACTC1,PLAU,MAPK3,NOD2,IL1RN
F5,IFNGR2,THBS1,ITPKC,IFIT2,EDNRB,CCR7,TLR3,EFNB2,C4A,MAVS,ANGPT2,PDGFB,CTLA4,NPPA,MAPK1,FHL2,BCL2L1,RIPK1,KCNQ1,LTF,ACTC1,JAK1,PLAUR,PDCD1,FGF2,ITGA3,IFNB1,PROCR,IFI44,LBP,IL17F,FOS,FGB,TAP1,ATP2A2,OAS2,TNNI3,IGLC1,ANGPT2,JAK1,CCR1,NCF4,RSAD2,ANGPT1,TPM1,CCL20,HIF1A,TSLPR,FGFR4,TNNC1,RORC,IRF9,VEGFA,TBX21,JUP,HIF1A,IL26,IFNAR2,SOD2,SERPINE1,KCNH2,TLR5,LCK,LBP,TEK,JAK1,IL21R,CSF3,COL3A1,FABP3,TYK2,CGAS,CD3D,FGG,SERPINE1,F7,ELANE,NPPA,COL1A1,IL6ST,PROS1,A2M,PROC,CRP,PLG,HLA-DRB1,FPR2,ITGB3,PECAM1,MYH6,TEK,NOD1,TPM1,IFIT1,MYBPC3,FGB,MAPK8,CAMP,TNFRSF1A
F7,JAK1,SPP1,CASP3,IFIT3,IL33,CXCR5,TICAM1,ACE,C5,TICAM1,TEK,TGFB1,HEY1,NPPB,MAPK3,CASQ2,BAX,TNFAIP3,CALM1,MPO,TPM1,FLT1,SERPIND1,TNNI3,FGFR1,ITGA2B,HMGB1,TFPI,NPPA,LY96,IL22,EGR1,FGG,TAP2,PLN,OAS3,MYH7,TRAC,TEK,JAK2,CCR7,MPO,TRIM25,ANGPT2,DES,TGFB1,MAPK1,CSF1,ATP1A1,MYH6,BCL6,STAT2,PDGFB,GATA3,F2,SOD2,IL9,JAK1,CAT,P2RY12,KCNQ1,TLR6,ZAP70,BPI,ANGPT1,AIM2,IL22,CSF1,FN1,CKM,ZBP1,DEFA1,MMP3,ITGA2B,PLAT,F10,MPO,NPPB,COL3A1,IL10RA,TFPI,TFPI,PROS1,RSAD2,GP1BA,HLA-DQA1,TNFAIP3,GP1BA,CDH5,MYH7,ANGPT1,IL21,MYL2,IFIT2,TTN,FGG,MAPK14,MPO,TNFRSF1B
F10,JAK2,CCR1,FCGR2A,RSAD2,CASP5,IL2RA,IFNAR1,KNG1,CFB,IRAK4,CDH5,TGFBR1,NOD2,MMP1,MAPK8,RYR2,CASP3,TRAF6,CAMK2D,ELANE,MYL2,TPM1,SERPINB2,MYH6,ADAM17,ASB4,LCN2,PLG,TYK2,DEFB1,IL33,CEBPB,PLAT,ADAR,CASQ2,ISG15,ACTC1,CD1C,NOS3,JAK3,CD163,ELANE,ACTA1,TEK,ACTA2,TGFB2,MAPK3,CSF1R,ATP1A2,MYH7,CXCL1,ISG15,TGFB1,BCL6,F3,CAT,IL5,JAK2,GPX1,ITGA2B,KCNE1,VEGFA,CARD9,CAMP,ADAMTS13,CGAS,IL22RA1,IL2RB,TGFB1,FN1,CGAS,DEFB1,NOD2,ITGB3,PLAU,F11,LCN2,TNNC1,FN1,IL10RB,PLAT,CD163,TF,MYBPC3,ITGA2B,HLA-DQB1,NFKBIA,IFNAR1,KDR,MYBPC3,ANGPT2,CDH5,MYL3,IFIT3,RYR2,ADAMTS13,RELA,LYZ,IL10RA
F11,TYK2,CCR2,BLK,DDX58,IL21,IL7R,IFNAR2,BDKRB1,CFH,TRAF3,PECAM1,TGFBR2,P2RY12,TIMP3,MAPK14,ATP2A2,CASP8,IRAK1,FKBP1B,DEFA1,MYL3,F12,IFNA2,MYBPC3,ANKRD1,GDE1,CALCA,FGA,IFI44L,CAMP,TLR9,IL10RA,PLAU,EIF2AK2,ANK2,RSAD2,TPM1,CD209,EDN1,STAT3,CD1C,CTSG,ANKRD1,KDR,ATP2A2,TGFB3,MAPK8,CSF2,ATP1A3,MYL2,CXCL2,MX1,NOTCH1,IL2RA,F5,GPX1,MYH6,TYK2,CD3E,ITGB3,KCNE2,ICAM1,CARD11,DEFB1,VCAM1,NOD2,CD22,JAK1,CCN2,F2,STING1,MPO,STAT3,SELP,PLG,F12,LTF,TPM1,POSTN,IL12RB1,PLAU,CD68,TFPI,EDNRB,ITGB3,HLA-DQA2,BCL2,IFNAR2,FLT1,TTN,EDN1,CSF2,SAA1,IFNA2,ATP2A2,P2RY12,ADRA1A,IFNAR1,CXCL8
F12,STAT2,CCR5,CD40,IFIH1,CXCL9,IL15,CXCL11,BDKRB2,CFI,TRAF6,PF4,PECAM1,SMAD1,COL1A1,AKT1,PLN,ANP32B,TRAF2,PRKACA,IFNA1,CASQ2,ACVRL1,IRF3,GDF15,MYL2,REX1BD,CALCB,FGB,EDN1,LCN2,DDX58,IL10RB,PROC,CXCL9,SCN5A,OASL,MYBPC3,CD68,HMOX1,STAT5A,CD1D,NPPA,ATP2A2,FLT1,RYR2,IL1R1,MAPK14,CSF2RA,ANXA1,MYL3,CXCL5,OAS1,NOTCH4,CD4,F7,IL1RN,MYH7,STAT2,IL17RA,RSAD2,KCNJ2,VCAM1,PYCARD,IFNA1,NOS3,STAT2,CD27,JAK2,CRP,F5,RELA,LTF,PRTN3,CD36,PLAUR,F13A1,DEFA1,ACTC1,TGFB1,IL12RB2,PLG,MRC1,PROCR,GATA4,P2RY12,HLA-DQB2,BCL2L1,IFNGR2,TEK,MYOZ2,NOS3,NPR1,LBP,IFNAR1,PLN,ITGA2B,ADRA1B,IFNAR2,CCL3
F13A1,IRF9,CXCR1,TMPRSS2,TRIM25,SMAD4,IL12A,TNNC1,EDNRB,CR1,TBK1,PDGFA,CDH5,CD14,COL3A1,PIK3CA,CACNA1C,GSDMD,NOD1,ADCY5,IFNA2,RYR2,HAVCR2,IRF7,SOD2,MYL3,CRLF1,ADM,FGG,NPPB,STAT2,IFIH1,TGFBR1,PROS1,CXCL10,KCNH2,DHX58,NPPA,CD163,PTGS2,STAT5B,CD209,MYH6,CASQ2,PECAM1,GJA1,IL1R2,FGA,CSF3,F2,MYBPC3,CCL3,OAS2,DLL4,CD8A,F10,TNFAIP3,TNNC1,IRF1,IL10RA,NOD1,GJA1,SELE,RAC1,IFNA2,SELP,IFNB1,CD38,MAPK14,FAS,F7,JUN,CAMP,CD3E,ABCA1,PROS1,F13B,CAMP,DES,BMP10,IL17F,ADAMTS13,MARCO,PF4,TPM1,MPO,SERPING1,BAX,IRF9,ANGPT1,ANKRD1,CXCL1,FGB,HMGB1,IFNAR2,CASQ2,ITGB3,ADRB1,IFNGR1,CCL4
F13B,OAS2,CXCR2,F2,DHX58,F13B,IL12B,ACTC1,IL1A,CD55,CEACAM1,PDGFB,NOTCH1,FGG,FBN1,PIK3CB,SCN5A,GSDME,NOD2,PDE3A,IFNB1,ATP2A2,IL18R1,IRF9,ACE,TPM1,OSBPL7,MIF,THBS1,ANGPT1,IFNAR1,MAVS,TGFBR2,THBD,CXCL11,KCNQ1,DDX58,MMP1,CSF1R,IL6R,SOCS1,CD247,TNNI3,DES,CDH5,SCN5A,IL6R,FGB,CSF3R,F3,ACTC1,CCL4,OAS3,JAG1,CD19,F11,SOCS1,TPM1,IRF8,IL18R1,NOD2,ANK2,SERPINE1,RAC2,IFNB1,CDH5,IFNL1,IGHD,MAPK1,BAX,F10,FOS,SLPI,NLRP1,NOS3,PROC,FGA,CTSG,TTN,SMAD1,IL17RA,PROCR,CLEC4E,GP1BA,IFNAR1,ELANE,SERPINE1,CASP3,MX1,ANGPT2,MYL2,CXCL2,OAS3,ANXA1,IFNGR1,CALM1,GP1BA,ADRB2,IFNGR2,CCL5
PLAT,OAS3,CXCR3,F5,LY96,AGTR1,IL23A,MYBPC3,IL10RB,CD59,HMOX1,NOTCH1,DLL4,FGA,ELN,PTEN,KCNQ1,IL7,PYCARD,ADRB1,IRF1,PLN,LIF,MX2,ACE2,ACTC1,TMEM98,SPP1,GP1BA,ACE,IFNAR2,CGAS,SMAD2,PROCR,ISG20,KCNE1,IFIH1,MMP3,CSF3R,IL6ST,SOCS3,CD27,TPM1,FHL2,OCLN,KCNH2,IL6ST,FGG,TNFSF13B,F5,TPM1,IL2,DDX58,HEY1,CD3E,F12,SOCS3,ACTC1,ISG20,IFNGR1,TYK2,CAV3,PECAM1,RHOA,IFNAR1,OCLN,IRF7,IGHM,MAPK3,BCL2,FGA,TP53,IFNAR1,JAK2,EDN1,PROCR,FGB,LYZ,RYR2,SMAD3,IL18RAP,CD40,TLR2,ITGA2B,VEGFC,PTGS1,SERPINC1,CASP8,OAS1,EDN1,MYL3,CXCL9,IRF9,ANXA2,IFNGR2,MYL2,IRF9,ATP2A2,TYK2,TNNI3
PLAU,EIF2AK2,CCL3,F7,CAMP,ADM,SELP,NPPA,IL12A,ITGAM,NOS2,NOTCH4,ENG,FGB,TGFB1,MTOR,KCNH2,IL7R,IFI16,ADRB2,IRF5,ANKRD1,OASL,OAS1,AGT,ACE,YBX2,LIF,ITGA2B,IFI27,TYK2,NOD1,SMAD3,TFPI,HERC5,KCNE2,NOD1,TGFBR1,CSF2RB,IL17RA,TNNI3,CD274,ACTC1,MYBPC3,CLDN5,KCNQ1,IL12RB1,PLG,TNFRSF13B,F7,NPPA,IL2RA,IFIH1,EPHB4,PTPRC,F13A1,TIMP1,MYL2,EIF2AK2,IL4R,MX2,TGFB1,EDN1,CDC42,IFNAR2,PECAM1,IFNA2,IGHA1,RELA,CASP3,FGB,MYC,IFNAR2,CTSG,EDNRA,FGA,FGG,BPI,ATP2A2,BMPR2,IL18R1,P2RY12,NOD1,ITGB3,EDNRA,PTGS2,SERPIND1,FASLG,OAS2,NOS3,ACTC1,IL12A,SOD1,F2,IRF1,MYL3,STAT2,PLN,IFIT1,NPPA
SERPINE1,RSAD2,CCL4,F10,LCN2,SERPING1,VEGFA,MYL2,IL12B,ITGAX,CD163,DLL4,TNNT2,SELP,TGFBR1,HIF1A,COL1A1,IRF3,DDX41,AGT,IRF8,MMP9,JAK2,OAS2,FABP3,AGT,KRT33A,OSM,ITGB3,ANGPT2,IFITM1,NOD2,SMAD4,PLG,UBE2L6,KCNJ2,NOD2,TGFBR2,HLA-DRA,IL18R1,MYH6,CD36,TTN,MYH6,MMP2,KCNJ2,IL12RB2,PLAU,TNFRSF13C,F10,NPPB,CD19,TLR3,EFNB2,FAS,PLAT,TIMP2,MYL3,ADAR,JAK3,OASL,F2,ANGPT1,PIK3CA,IFNGR1,TFPI,IFNA1,IGHG1,TRAF6,CASP8,FGG,HIF1A,IFNGR1,CD3G,ENG,FGB,PLAT,ITGAX,PLN,ACTA2,IL23R,ITGA2B,NOD2,PLEK,ANGPT1,DDX58,PROS1,FAS,OAS3,VEGFA,TPM1,IL12B,C6,F7,IRF8,ANKRD1,NOD1,CASQ2,IFIT2,MMP9
SERPINC1,IFIT1,CCL5,PLAU,MPO,MMP3,KDR,MYL3,IL22,ITGB2,VEGFA,JAG1,TNNI3,NPPA,TGFBR2,PPARG,COL3A1,IRF7,CIITA,ACE,SOCS1,IFNA1,VEGFB,OAS3,F2,AGTR1,MAP3K14,TNFSF13B,P2RY12,STAT2,IFITM3,RIPK2,TNNI3,PLAUR,OASL,GJA1,LY96,SMAD3,HLA-DRB1,IL1R1,MYBPC3,CD38,RYR2,MYH7,TIMP2,CASQ2,IL17RA,PLAUR,CD40,SERPINC1,NPPC,CD20,CXCL11,TNNT2,FASLG,PLAU,MMP2,MYBPC3,TRIM25,ANGPT1,IFI27,F5,ANGPT2,AKT1,IFNGR2,PLAUR,IRF9,CD3D,HMGB1,CASP9,PLAT,PPARG,IFNGR2,NLRC4,ANGPT1,FGG,PLAU,ITGB1,CASQ2,NOTCH1,LTB,ITGB3,IL15,FERMT3,TTN,IFIH1,PROC,RIPK1,ISG15,VEGFB,DES,IL23A,MMP13,F10,IRF9,NPPC,NOD2,CACNA1C,IFIT3,SAA1
PROC,IFIT2,CCL7,PROC,DEFA1,EDNRA,FLT1,TPM1,IL33,FCGR1A,ICAM1,JAG2,MYH6,PTPN2,BMPR2,BMP2,POSTN,IRF9,FPR1,F2,SOCS3,IFNA2,NPPA,IFIT1,F5,ADRA1A,ABCC8,TNFSF14,MX1,HERC5,BST2,LY96,MYH6,IFI44,TGFB1,GJA5,LBP,ACTA2,CCR2,IL1R2,ANXA5,CD44,ATP2A2,MYOZ2,TNNT2,PLN,IL18R1,TFPI,CD40LG,SERPIND1,NPR1,MS4A1,BST2,TNNI3,BAX,PLAUR,MMP3,TTN,MAVS,TEK,IFI44,F7,TEK,MTOR,JAK1,F7,ADRB1,CD3G,PTX3,HIF1A,PLAU,SOX9,STAT2,SOCS1,ANGPT2,ITGA2B,SERPINE1,CD209,GJA1,HEY1,FASLG,PLEK,IL7,TLR9,MX1,MAVS,PROCR,RIPK3,IFIT1,VEGFC,PLN,IFNB1,NOD2,F11,JAK2,NPR1,CASP1,SCN5A,EIF2AK2,TGFB1
PROS1,IFIT3,CCL20,PROS1,DEFA3,CD8A,ANGPT1,ACTN2,IFNA1,FCGR2A,VCAM1,HEY1,MYH7,CD19,ACTA2,BMP4,MYOZ2,IFNAR1,TLR3,F5,TRADD,IFNB1,F13A1,IFIT2,F7,ADRA1B,CACNG3,TYMP,OAS1,KDR,DHX58,CAMP,MYH7,IFI44L,TGFBR1,F2,BPI,NOTCH1,CCR5,IL1RAP,ACTC1,CD55,PLN,NPPA,TNNI3,CALM1,IL23R,SERPINC1,TRAF6,PROC,NPR2,CD22,LYZ,MYH6,BCL2,SERPINE1,ADAM17,ADRA1A,STING1,EDNRA,IFI44L,F10,KDR,HSP90,JAK2,PLAT,MYH7,CD8B,CRP,CX3CL1,SERPINC1,RUNX1,IRF9,LCN2,TEK,ITGB3,PROC,CLEC4E,SCN5A,HEY2,FAS,GP1BA,BCL2,DHX58,IFNAR2,TBK1,PLAT,MLKL,IFIT2,NOTCH1,RYR2,IFNAR1,CTLA4,SERPINC1,SOCS1,NPR2,MPO,KCNQ1,DHX58,SMAD3
THBD,NOD1,CXCL9,ITGA2B,DEFB1,ANGPT1,ANGPT2,DES,IFNB1,FCGR3A,SELE,HEY2,MYBPC3,IL17RA,MYH11,BMP7,F2,IFNAR2,LCN2,F7,TRAF6,IFNGR1,ENG,IFIT3,FGA,ADRB1,TMEM132A,TREM1,OAS2,AGT,MAVS,DEFB1,MYBPC3,IFI27,TGFBR2,F3,CAMP,NOTCH2,CXCR3,TNFRSF1B,TPM1,CD68,CASQ2,NPPB,MYBPC3,TRDN,TNFRSF1A,SERPIND1,IRAK4,PROS1,NPR3,SYK,MPO,MYH7,CASP3,SERPINC1,TLR7,ADRA1B,CGAS,EDNRB,IFI6,F13A1,FLT1,IL15,TYK2,SERPINE1,TIMP3,CD28,SAA1,F2,PROC,GATA3,IL1A,CTLA4,TRAF6,SIGLEC1,PROS1,CD163,KCNQ1,GATA4,TGFB1,GP9,BAX,MAVS,IFNGR2,IRF3,PLAU,HMOX1,IFIT3,NOTCH4,ATP2A2,IFNAR2,KDR,FGA,SOCS3,NPR3,ELANE,KCNH2,CGAS,COL1A1
P2RY12,NOD2,CCR7,ITGB3,LTF,ADAMTS1,TEK,TTN,CSF2,NCF1,SELP,EFNB2,NPPA,CD28,NOTCH1,GDF15,F5,IFNB1,CXCL1,F8,IRAK4,IFNGR2,TIGIT,ISG20,FGB,ADRB2,AP2B1,PTX3,ISG15,ISG20,STING1,LCN2,NPPA,IFIT2,IL7,F5,DEFB1,HEY1,CX3CR1,IFNGR1,TNNC1,CD69,GJA1,PLN,MYH6,AKAP9,TNFRSF1B,CD36,TLR7,PLAT,CRP,BTK,ELANE,MYBPC3,CASP8,PROC,TLR9,ADRB1,TBK1,PECAM1,IFITM1,PROC,PDGFA,IL7,IRF1,PROC,TNNT2,CTLA4,TNNT2,F5,PROS1,TBX21,IL7,AIM2,IRAK4,IFNA1,THBD,MARCO,KCNH2,GATA6,TGFBR1,GP6,CASP3,EIF2AK2,ACTC1,IRF7,PLAUR,SOD1,IFITM1,DLL4,CASQ2,IFNGR1,CSF3,FGB,PIAS1,F7,IFIT2,KCNJ2,TMPRSS2,COL3A1
ITGB3,FCGR3B,CX3CR1,TFPI,SELP,ADAMTS5,EDN1,CASQ2,CSF3,NCF2,ANGPT1,EPHB4,NPPB,CDH5,NOTCH3,MSTN,F7,IFNA1,CXCL2,F10,NOD1,JAK1,TLR9,RSAD2,SERPINC1,CRP,TAC1,CEBPB,RSAD2,FLT1,TRIM25,LTF,TNNC1,IFIT3,IL15,F7,MPO,HEY2,IL2RA,IFNAR1,RYR2,CD70,SCN5A,RYR2,MYH7,JPH2,CSF2RB,GP1BA,TLR9,PLAU,ANXA1,BLNK,CTSG,NPPA,RIPK1,PROS1,NOD2,ADRB2,IKBKE,TJP1,IFITM2,PROS1,PDGFB,IL21,IRF8,F3,CASQ2,ICOS,TNNI3,F7,TFPI,AHR,IL9,SOCS3,NOD1,IFNA2,TFPI,MRC1,KCNE1,NKX2-5,TNNT2,FERMT3,CASP8,OAS2,ACE,ISG15,F2,SOD2,IFITM3,JAG1,PRKACA,IFNGR2,NPR2,FGG,USP18,F10,IFIT3,ACTA2,IL22,POSTN
ITGA2B,CD177,TNFAIP3,FGB,KDR,MS4A1,NOS3,RYR2,LIF,NCF4,ANGPT2,CLDN5,MMP2,F2,DLL4,INHBA,F10,ISG15,CCR2,SERPIND1,NOD2,JAK2,OSM,DDX58,PROC,SELPLG,ZNF263,FOS,DDX58,AGTR1,CEACAM1,LYZ,ACTC1,MX2,IL23A,F10,IFNA2,BMP4,IL7R,IFNAR2,SCN5A,CD74,KCNQ1,TNNI3,NPPA,DDX58,CSF3R,GP6,DDX58,PLAUR,ANXA5,BAFF,CAMP,NPPB,RIPK3,THBD,IL15,ATP2A2,BST2,THBD,IFITM3,SERPINC1,PDGFC,XBP1,CGAS,SERPINC1,ADRA1A,PDCD1,MYH7,F10,ADAMTS13,BCL2,IL11,DEFB4A,NOD2,IFNB1,SERPINC1,NCF1,KCNE2,TBX5,TNNI3,IFNA1,FAS,OAS3,ADAMTS13,MX1,F3,CAT,DDX58,JAG2,F2,CD40,FGG,GP1BA,ITPKC,F11,BST2,F10,RORC,PDGFRA
PEAR1,CEACAM1,TNFAIP6,FGA,FLT1,IFNGR2,PECAM1,ATP2A2,OSM,CYBA,TEK,OCLN,ADRA1A,CLDN5,JAG1,INHBB,F11,IFIT1,CCR6,PROC,RIPK1,TYK2,DHX58,IFIH1,PROS1,CD40,CX3CL1,JUN,IFIH1,F2,SELL,DEFA1,TPM1,OAS2,CCL2,F11,IFNGR1,F2,IL15RA,CCR2,KCNQ1,CD79A,KCNH2,TNNT2,NPPB,IFIH1,CXCR1,PEAR1,IFIH1,PLG,MMP3,BAFFR,IFNGR2,RYR2,MLKL,TFPI,IL7,RYR2,ITPKC,IL33,GBP1,PLAUR,MMP2,ATF4,C1QA,PLG,NPPB,C1QA,MYBPC3,F11,SELPLG,MCL1,IL15,PDCD1,CIITA,IRF3,SERPIND1,NCF2,KCNJ2,MEF2C,TNNC1,IFNA2,FASLG,ADAR,LMNA,OAS1,F5,GPX1,IFIH1,HEY1,F5,CD80,RSAD2,IFNA2,CASP3,F13A1,SAMHD1,FGB,PDCD1,PDGFRB
GP1BA,MMP8,BCL2,FGG,TEK,ACE,CDH5,PLN,CXCL1,CYBB,NOS3,TJP1,ADRA1B,PROS1,HEY1,FGF1,F12,MX1,CX3CR1,PROS1,RIPK3,IRF1,TYK2,TLR9,MX2,ITGA2B,SPATA20,MYBPC3,TLR3,F3,FCGR2A,DEFA3,CASQ2,OAS3,CCL3,F12,IFNGR2,F5,IL21R,CCR5,KCNH2,CD79B,HCN4,F10,RYR2,TLR3,CXCR2,GATA4,TLR3,SERPINE1,TIMP3,ICOS,IFNAR1,ATP2A2,CFLAR,PLG,TREM1,PLN,CASP3,IL1RN,GBP2,SERPINB2,ADAM17,ATF6,C1QB,PLAU,TNNI3,C1QB,NPPA,F12,PF4,BAX,IL16,CASP1,HSPA5,IRF7,IFNA2,CYBB,KCNJ11,SRF,TPM1,IFNB1,PARP1,MX2,MYL3,OAS2,F7,NOX1,TLR9,HEY2,F7,CD86,JAK1,OAS2,FCGR2A,PLAT,IFITM3,FGG,CD274,F2
GP6,DEFA1,BAX,PLG,PECAM1,ADAMTS13,OCLN,HCN4,CXCL9,MPO,EDN1,MMP1,ADRB1,PDCD1,HEY2,FGF2,F13A1,RSAD2,IL1A,TFPI,CASP1,IRF9,VEGFC,STING1,OAS3,ITGB3,CACNA1G,NPPA,CAMP,EIF2AK2,FCGR3A,DEFB4A,RYR2,RSAD2,CCL4,F13A1,JAK1,F7,CD274,CXCR3,KCNE1,CD83,ACE,F2,ATP2A2,MAVS,CCR2,NKX2-5,IRF3,FGA,FABP3,CTLA4,IFNAR2,PLN,BIRC3,FGB,CD14,CASQ2,CD40,TNFAIP3,EIF2AK2,TFPI,TNNT2,PERK,C1QC,F10,MYBPC3,C1QC,NPPB,F13A1,ITGA2B,CASP3,IL19,CD274,ATF4,IRF9,OAS2,SERPINA1,ABCC9,HAND1,MYH6,IFNAR1,HMGB1,IFIT1,VCAM1,OAS3,F10,NOX2,MAVS,EFNB2,F10,HLA-DRA,SOD2,OAS3,BLK,PLAU,DDX58,PLAUR,SMAD2,F5
THPO,DEFA3,CASP3,SERPINC1,VWF,CD3G,TJP1,SCN5A,CCL17,ELANE,ACE,MMP2,ADRB2,SELL,BMP4,EGF,TFPI,OAS1,IL11,SERPINC1,CASP4,OAS3,COL1A1,CGAS,OASL,P2RY12,TNFRSF12A,MMP2,DEFB1,NOS2,CD177,BPIFA1,ATP2A2,ISG20,CCL5,PLAT,JAK2,F10,CTLA4,CD19,KCNE2,ABCA1,AGT,F3,PLN,BST2,CCR5,TBX5,IRF7,FGB,CKM,PDCD1,TYK2,CASQ2,XIAP,FGA,CD163,SLC8A1,FCGR2A,IL15,STING1,PROCR,TNNI3,BIP,C1R,SERPING1,JPH2,C1R,MYL2,TFPI,ITGB3,CASP8,IL20,IL1A,DDIT3,MX1,OAS3,ALOX5,PRKAG2,HAND2,MYH7,IFNAR2,TLR3,IFIT2,NOS3,OASL,F11,CYBB,CGAS,EPHB4,SERPIND1,CD28,C7,MBL2,PELI1,SERPINE1,IFIH1,SERPINC1,SMAD3,F10
MPL,OLAH,CASP8,SERPIND1,EDN1,JAK1,ADAMTS13,KCNQ1,CCL20,CTSG,KDR,TIMP2,AGT,OCLN,BMP7,EGFR,PROC,DDX58,IL12A,PLG,CASP5,IFIT1,F13B,LBP,IFIT2,TFPI,DLX6,TIMP2,LCN2,F5,MPO,BPIFB1,PLN,CXCL1,IL12A,PLAU,TYK2,F11,PDCD1,CD3E,GJA1,ABCB1,AGTR1,F5,CASQ2,IFITM3,IL10RA,MEF2C,IFNA1,FGG,CKB,CD274,TRIM25,CALM1,PARP1,FGG,CD68,KCNQ1,FCGR3A,IL12A,CGAS,VKORC1,MYH6,CHOP,C1S,FGG,MMP3,C1S,MYL3,PROC,P2RY12,FASLG,IL21,ICOS,XBP1,OAS1,IFIT2,PTGS1,LMNA,F2,MYBPC3,IFNGR1,TICAM1,IFIT3,IFNB1,IFIT1,F12,NCF1,NOD1,GJA4,PROC,CTLA4,TIMP2,FCN2,COPB2,SERPINC1,MAVS,PROC,SMAD4,SERPINC1
TLR9,RETN,FAS,IL10RB,NOS3,TGFBR2,ACE,KCNH2,CCL22,LYZ,PECAM1,IL6R,AGTR1,F5,SMAD1,IGF1,PROS1,IFIH1,IL12B,FGA,GSDMD,IFIT2,SMAD1,NOD1,IFIT3,KLRC1,MAP3K9,COL1A1,LYZ,ADAR,ELANE,REG3A,CALM1,CXCL2,IL12B,SERPINE1,STAT2,F13A1,TNFRSF4,CD4,GJA5,ADRB2,SAA1,F7,CALM1,TRIM25,IL10RB,HAND1,IFNA2,PROCR,MB,HAVCR2,MAVS,TNNC1,HMOX1,ITGA2B,FCGR1A,KCNH2,FCGR3B,IL12B,AIM2,PROZ,MYH7,BCL6,C2,FGA,ADRA2A,C2,ACTC1,PROS1,GP1BA,FAS,IL24,IFI16,EIF2AK3,OAS2,IFIT3,PTGDS,MMP3,F5,ACTC1,IFNGR2,TRAF3,NOD1,SELP,IFIT2,F13A1,NCF2,NOD2,GJA5,FGA,PD1,PDCD1,C1QA,HLA-DRB1,PROC,ZBP1,PROS1,MAPK1,SERPIND1
DDX58,BPI,FASLG,CCL26,ANGPT1,PYHIN1,AGTR1,KCNJ2,LCN2,DEFA1,CDH5,IL6ST,CRP,CD3E,SMAD3,IGF1R,SERPINC1,TBK1,IL16,FGB,IL1R1,IFIT3,CD274,NOD2,DHX58,KLRC2,RALA,COL3A1,MPO,PECAM1,C1QA,OAS2,SCN5A,CXCL5,TNFSF13B,PROC,IRF9,SERPINC1,TNFRSF9,CD8A,F7,AHR,FGB,FGA,GJA1,HERC5,IL4R,HAND2,IFNB1,TFPI,TLR2,LAG3,CGAS,ACTC1,SOD1,ITGB3,FCGR2A,SCN5A,CCR2,NPPA,CD3D,FGA,MYBPC3,ICOS,C3,FGB,TTN,C3,TPM1,SERPINC1,GP6,IL10RA,IL25,ICOSLG,ERN1,OAS3,IRF9,PTGER2,TIMP3,F7,MYL2,IRF1,TRAF6,NOD2,ATP2A2,IFIT3,F13B,NCF4,LBP,JAK2,FGB,PDL1,FLT1,C1QB,ABCC4,PROS1,CD24,GP1BA,MAPK3,PROS1
IFIH1,ELANE,BID,IL32,ANGPT2,AIM2,KNG1,F7,CALCA,CAMP,MMP9,TNFRSF1A,FGF2,BMPR2,SMAD4,PDGFA,PLAT,RELA,IL21,FGG,IL1RAP,RSAD2,IRAK4,CAMP,IRF9,KLRD1,BAIAP2L1,LOX,ELANE,F7,C1QB,OAS3,KCNQ1,MPO,CD274,PROS1,MX2,SERPIND1,ICOS,MS4A1,F10,ALOX15,TGFB1,FGB,SCN5A,LCN2,TGFBR1,BMP10,IFNAR1,ITGA2B,TLR4,FLT3,NOD1,MYL2,CAT,GP1BA,FCGR3A,GJA1,CCR5,GDF15,IL2RA,FGB,NPPA,TNFSF13B,C4A,F2,ADRB2,C4A,PTGIS,PLAT,IFNA2,IL17RA,IL27,CCR7,ATF6,OASL,STAT2,PTGER4,APOA1,F10,MYL3,IRF3,IRF5,TLR1,NPPA,RSAD2,THBD,TREM1,CD14,IRF1,FGG,IDO1,CXCL1,C1QC,ABHD16A,TFPI,PLAC8,GP6,MAPK8,FGA
CGAS,CTSG,PARP1,IL20RA,VEGFB,IL15,BDKRB1,F10,SPP1,LCN2,MMP2,TNFRSF1B,IGF1,GPX1,PTGS2,PDGFB,PLAU,CXCL5,IL22,ITGA2B,AIM2,CXCL9,IL2,DEFB1,ISG20,KLRK1,KDM7A,LOXL1,CTSG,CDH5,C1QC,OASL,KCNH2,LCN2,PDCD1LG2,SERPINC1,IFIT1,PROS1,KLRK1,CD14,F11,APOA1,BMP2,FGG,KCNQ1,LYZ,TGFBR2,IGF1,IFNAR2,ITGB3,MYD88,KIT,NOD2,MYL3,GPX1,GP9,CD4,GJA5,CRP,FABP3,IL7R,FGG,NPPB,CD86,C4B,PROS1,ATP2A2,C4B,PTGS2,PLAU,IFITM1,IL18BP,IL31,CXCR5,CCR2,ISG15,NOD1,PTGIR,APOB,F11,NPPA,IRF7,CD80,TLR5,CDH5,BST2,PLG,MARCO,MPO,SOCS1,TFPI,PTGS2,ACTA1,CFB,GGCX,FGB,FCGR1A,PEAR1,MAPK14,FGB
NOD1,AZU1,TRAF6,IL17RB,VEGFC,TLR3,BDKRB2,F11,SAA1,S100A8,TIMP2,HMGB1,DDX58,ITGB3,PTGIS,PDGFRA,PLG,CCL7,IL23,ITGB3,PYCARD,BST2,DDX58,IFNAR1,TRIM22,NCR1,ETV1,ADAMTS1,LTF,MMP2,C2,ISG20,KCNE1,ELANE,HLA-DRA,FGA,IFIT2,PROC,NCR1,FCGR1A,F12,APOE,TRPC1,PLAT,KCNH2,MPO,NPPA,FGF2,OAS1,P2RY12,ITGAM,CSF1R,PYCARD,DES,NRF2,GP6,CD8A,CAV3,SAA1,MYL2,CD22,GP1BA,ACE,HLA-DRA,C5,F5,NPPA,C5,ACE,SERPINE1,IFITM3,CEBPB,IL32,CCL2,IL6R,ISG20,IL27,TBXA2R,LDLR,F12,NPPB,IRF9,CD86,TLR6,NKX2-5,CXCL11,FGB,CR1,LYZ,SOCS3,ADAMTS13,PTGER4,SERPINC1,CFH,CD84,FGG,FCGR1B,OAS2,AKT1,FGG
NOD2,PRTN3,IRAK4,IFI35,PDGFB,CSF2,PLAU,F12,ADRA1A,S100A9,PDGFA,CSF2,DHX58,PECAM1,TBXA2R,PDGFRB,PLAUR,CCR5,IL32,GP1BA,MAVS,CD40,STAT1,IFNAR2,AIM2,PRF1,AGK,MYL2,CXCL1,TRIM25,C3,RSAD2,KCNE2,DEFA1,HLA-DRB1,FGB,IFIT3,PLAT,FCGR1A,FCGR2A,F13A1,ARG2,TRPC6,PLAUR,MYL2,CAMP,MYH6,TGFBR1,MX1,GP1BA,NLRP3,CSF2,ITPKC,LDB3,KEAP1,PEAR1,CTLA4,SGCD,SAA2,MYL3,CD79A,ITGA2B,AGT,PTGS2,C6,MARCO,ADRA2C,C6,F2,FGA,IFIT2,CD177,IL33,CCL3,IL6ST,RSAD2,IL33,LTA4H,PCSK9,F13A1,ADRA1A,STAT2,JAK1,LBP,IFIT1,CCL8,FGA,C3,CAMP,PIAS1,P2RY12,PTGDS,IFIH1,LYZ,NEBL,FGA,HLA-DRA,OAS3,PIK3CA,TFPI
IFNA2,OASL,TAB1,CXCL2,PDGFRA,CGAS,PLAUR,F13A1,ADRB1,S100A12,PDGFB,CSF3,IFIH1,CD40,CRP,ANGPT1,FGA,CCR7,IL33,GP9,IKBKB,ORAI1,NOS1,IFNGR1,BST2,GZMB,ALDH3B1,MYL3,CXCL2,HMGB1,C4A,IFIT1,ACE,DEFA3,FCGR1A,FGG,IFI6,PLG,FCGR2A,FCGR3A,F13B,ATP2A2,MYL2,PROC,MYL3,DEFB1,MYH7,TGFBR2,ISG15,OAS2,CASP1,CSF3,CASP3,TCAP,RELA,IFNA1,PDCD1,LMNA,LBP,TPM1,CD79B,ITGB3,AGTR1,NOS2,C7,NFKB2,MYH6,C7,F5,FGB,IFIT3,MPO,IL34,CCL5,IL1RAP,IFIT1,IFNAR1,ALOX15,LPA,FGA,ADRA1B,TYK2,JAK2,LY96,ISG15,LY96,FGG,C3AR1,IL12A,USP18,ITGB3,LTA4H,JAK2,DEFB1,CRP,SERPIND1,HLA-DRB1,OASL,PIK3CB,PLG
IFNGR1,HERC5,NFKBIA,IL12RB2,PDGFRB,NOS3,CCL5,FGA,ATP2A2,HMGB1,FGF2,CXCL1,TLR3,CD80,SAA1,ANGPT2,FGB,CCR1,IL36G,GP6,RELA,STIM1,COL3A1,IFNGR2,RSAD2,ISG15,TTC22,ACTC1,CD209,F10,C4B,IFIT2,AGT,DEFB1,FCGR2A,TFPI,IFI27,TFPI,FCGR3A,CR1,PROC,BAX,F2,PROS1,ANKRD1,BPI,MYBPC3,ACTA2,RSAD2,OAS3,IL1R1,TPO,ORAI1,CSRP3,RELB,IFNA2,CD19,ANKRD1,MPO,ACTN2,MS4A1,PLEK,ADRB1,ARG1,C8A,FCN1,PLN,C8A,F7,FGG,STING1,ELANE,IL36A,CXCL9,LGALS3,IFIT2,IFNAR2,PLA2G2A,HMGCR,FGB,ADRA1D,OAS2,STAT3,CAMP,IFNA2,CD14,TFPI,C5AR1,IL12B,EIF2AK2,ITGA2B,ALOX5,CAT,IFNAR1,CAMP,PLG,GZMB,CGAS,PIK3CD,PLAUR
IFNGR2,SIGLEC1,IKBKB,IL5RA,TYK2,SMAD3,IL7,FGB,RYR2,CALCA,CXCR4,CXCL2,TLR9,CD86,FGF2,EDN1,FGG,CXCR2,JAG1,SELPLG,CHUK,CRP,SERPINC1,TYK2,IFI44,ISG20,PHTF2,ACTN2,STAT2,GBP1,C5,TNNT2,AGTR1,CAMP,FCGR2B,ADAMTS13,P2RY12,FGA,ITGAM,C3,PROS1,BPIFB1,F5,SERPINC1,XIRP1,LBP,ACTC1,ACTC1,IFI44,OASL,IL1RN,EPO,STIM1,ANKRD1,REL,IFNB1,CD20,FHL2,ELANE,ADCY5,C1QA,PF4,ADRA1A,IDO1,C9,CD209,RYR2,C8B,F10,ITGA2B,LY96,DEFA1,CCL4,CXCL13,IL33,IFIT3,IFNGR1,TPSAB1,CETP,FGG,F2,OAS3,SOCS1,DEFB1,MYH6,NOD1,ADAMTS13,CFB,IL23A,TLR3,GP1BA,ALOX12,C8A,IFNAR2,MPO,SERPINB2,KLRF1,TBK1,MTOR,IFNA1
IFNAR1,IFI27,MAPK1,IL11,STAT2,NOD2,CSF2,FGG,PLN,ADM,FPR2,TNNC1,OAS1,HLA-DRA,IGF1,EDNRA,PROCR,ITGAL,NOTCH1,P2RY12,HMGB1,PNP,SMAD2,STAT2,IFI27,IFIT2,CCL26,ATP2A2,JAK1,S100A8,C6,TNNI3,NR3C2,IFNA2,FCGR3A,THBS1,ITGAL,FGB,ITGAX,C5,PLAT,CCL13,F7,SERPINE1,GDF15,CD14,TPM1,COL1A1,IFI44L,TLR3,CD14,IL3,FCGR2A,LMNA,NFKB2,IFNAR1,CD38,CSRP3,CTSG,ATP2A2,C1QB,IRF9,ATP2A2,IL12B,CFB,RELB,TFPI,C9,PLAT,ITGB3,NOD1,DEFA3,CCL5,TGFB2,IL1RL1,IFITM1,IFNGR2,HDC,PLPP3,PROS1,F3,IFIT1,SOCS3,IFNAR1,IFNA1,NOD2,CRP,CFH,NLRC4,MAVS,FGL2,ALOX15,TIMP3,IFNGR1,ANXA1,SERPINF2,FCER1G,ELANE,MYC,IFNA2
IFNAR2,IFI44,MAPK3,IL12RB1,IRF9,CD3D,CSF3,SERPINC1,CASQ2,BNP,MARCO,MYBPC3,OAS2,HLA-DRB1,PDGFA,EDNRB,P2RY12,ITGB2,PDCD1,PEAR1,CALR,TGFB2,PDCD1LG2,IRF1,IFI35,IFIT3,FARP2,PLN,JAK2,TIMP2,C7,MYH6,CYP11B2,IRF1,FCER1G,PLG,ITGB2,FGG,CD44,CFH,PLAU,CCL14,F10,TFPI,F2,VWF,TTN,COL3A1,IFIT1,TLR9,NOD1,IL7,FCGR2B,ACTA2,MAP3K7,IFNAR2,IGHG1,LDB3,LYZ,PLN,C1QC,DHX58,RYR2,IL27,CFD,NOD1,F7,ATG5,PLAU,GP1BA,NOD2,LCN2,CCL7,SMAD3,MRC1,IFITM3,TYK2,FCER1A,CRP,PROC,F5,IFIT2,IL2RA,IFNAR2,PLN,NLRP1,TNNT2,C1QA,CXCL1,TNNT2,HMGB1,PTPRC,CD28,IFNGR2,DEFB1,IRF7,FCGR3A,CTSG,GAPDH,IFNAR1
TYK2,IFI44L,MAPK8,IL2RB,IRF1,SERPINF2,IL2,SERPIND1,CALM1,NPPB,ARID5A,ATP2A2,OAS3,ICOS,PDGFRA,ADM,ITGA2B,CRP,PDCD1LG2,CD36,CD40,TGFBR2,TRAF6,SOCS1,IFI6,IFITM1,USH1C,RYR2,TYK2,PLAT,C8A,MYH7,REN,IRF5,C1QA,MX1,LYZ,ITGA2B,LGALS3,CFB,PLG,CCL15,F11,AKT1,F3,JAK1,RYR2,FN1,IFIT3,DDX58,NOD2,JAK1,FCGR3A,MYH11,MAPK1,IRF1,IGHA1,PDLIM3,DEFA1,RYR2,C3,MAVS,PLN,EGR1,CFH,DDX58,PROCR,ATG7,PROC,GP9,IRF1,HP,CCL8,SMAD4,MSR1,DDX58,OASL,FCER1G,NOTCH1,SERPINC1,F7,IFIT3,IL2RB,IFNGR1,RYR2,CASP4,TNNI3,C1R,CXCL2,TNNI3,LY96,CD19,PGF,TYK2,NCF1,IRF9,FCGR3B,NOD1,HLA-DRA,IFNAR2
STAT2,IFI6,MAPK14,CCL22,IRF8,STAT3,IL4,PROS1,CAMK2D,TNNT2,IL18BP,RYR2,EIF2AK2,ICOSLG,PDGFRB,CALCRL,ITGB3,SAA1,TIGIT,THBS1,FAS,PELI1,IL4,SOCS3,IFIT5,IFITM3,GGCT,CASQ2,IRF9,S100A9,C8B,MYBPC3,BDKRB1,IRF8,C1QB,OAS1,LTF,ITGB3,MRC1,C1QA,FGA,CCL19,F13A1,ATG5,F5,JAK2,ATP2A2,GJA1,TNFSF10,IFIH1,PYCARD,JAK2,BLK,MYLK,MAPK3,IRF5,NOTCH1,ACTN2,DEFA3,CASQ2,C4A,TBK1,MYL2,EGR2,CFI,DHX58,PLAT,BECN1,PROS1,PTGS1,IRF8,SAA1,CCL11,EGR1,TLR2,IFIH1,EIF2AK2,MS4A2,NKX2-5,PLG,F10,BST2,IL2,IFNGR2,PECAM1,CASP5,MYBPC3,C1S,CXCL5,TNNC1,LBP,CD27,CXCL2,STAT2,NCF2,MX2,ITGAM,NLRC4,HLA-DRB1,IFNGR1
IRF1,IFITM3,SOCS1,CCL17,ISG20,IL7R,IL5,PROC,GJA1,MYH6,NLRC4,PLN,MX1,CD27,F2,RAMP1,CD40,FGF2,LAG3,OAS2,FASLG,COPB2,IFIH1,IFI6,IFITM1,DHX58,DBF4,F2,IFIT1,GJA1,C9,NPPA,BDKRB2,IRF9,C1QC,OAS2,CTSG,GP1BA,CD36,C1QB,FGB,CCL21,SERPINC1,BAX,F7,F2,PLN,SCN5A,TNFRSF10A,TRIM25,TREM1,TYK2,CD40,ROCK1,MAPK8,IRF8,WNT1,MYOZ2,TMPRSS2,CALM1,C5,IKBKE,MYL3,FOS,CR1,IFIH1,SERPINE1,MAP1LC3A,PROCR,PTGS2,IRF9,SAA2,CCL13,DUSP1,TLR9,DHX58,DDX58,CSF3R,IRF1,SERPIND1,F11,TRIM22,IL21,STAT2,TFPI,IL36A,MYH6,MBL2,CCL20,MYH6,DEFB1,CD38,ACTC1,IRF1,NCF4,OAS1,ITGAX,IFNA1,ICOS,IFNGR2
IRF9,SOCS3,SOCS3,IL21R,EIF2AK2,IL13,IL13,PROCR,GJA5,MYH7,PSTPIP1,CASQ2,MX2,CD70,F3,RAMP2,TF,IGF1,CTNNB1,OAS3,HLA-DRA,MGAM,STAT2,IFI27,IFITM2,MAVS,TBXA2R,F5,IFIT2,PLAU,CFB,NPPB,KNG1,STAT2,C3,OAS3,ELANE,GP6,SCARB1,C1QC,FGG,CCL22,PROC,BCL2,F10,F3,CASQ2,KCNH2,TNFRSF10B,MAVS,MARCO,SOCS1,PRDM1,ROCK2,MAPK14,ISG15,CTNNB1,TCAP,BSG,F2,CFB,STING1,ACTC1,JUN,CR2,IL1R1,PROC,MAP1LC3B,SERPINC1,P2RY12,IFNAR1,HMOX1,CCL17,NFATC1,TLR3,TLR3,IFIH1,CSF2RA,IRF8,TFPI,F12,TRIM25,IL22,IRF1,F7,IL36B,MYH7,MASP1,IRF1,MYH7,DEFB4A,CD138,PLAT,MX2,IL10RA,OAS2,CD33,IFNAR2,ICOSLG,MX1
OAS3,TNFSF13B,PTPN2,IL7,ADAR,STAT2,IFNL1,PLAT,SCN5A,MYBPC3,CD177,CALM1,ISG20,CCR2,F5,RAMP3,MPO,IGF1R,SMAD4,IFIT2,HLA-DRB1,ASPM,NOS2,IFI44,PTGS2,TBK1,IFRD1,F7,IFIT3,GBP2,CFD,MYL2,OAS2,PSMB8,C4BPA,ISG15,IFI44,PEBP1,ENG,MBL2,TFPI,CCL23,PROS1,BECN1,FGA,F5,CALM1,KCNQ1,BID,STING1,CR1,SOCS3,TNFAIP3,NFATC1,AKT1,MX1,CALCA,F2,HSPA5,F5,CFH,OAS1,ANXA5,KLF4,HLA-DRA,IL18R1,F3,SQSTM1,SERPIND1,TLR1,IFNAR2,FTL,CCL19,JUNB,BST2,TLR9,DHX58,CXCR1,IRF9,ITGA2B,F13A1,IFI16,IL23R,IRF3,F11,IL36G,ACTC1,MASP2,STAT2,MYBPC3,CTSG,IGHG1,DDX58,IFIT3,TGFB1,OAS3,CD36,IFNGR2,CD80,OAS1
IFIT3,IL1A,PTPN22,IL4I1,BST2,FGG,IL22,PLAU,KCNQ1,ACTC1,F2,HSPB7,RSAD2,CCR5,F7,PRTN3,ELANE,EGFR,SMAD7,IFIT3,CD80,IFI44L,FN1,IFI44L,LCN2,IKBKE,LGALS14,F10,BST2,S100A12,CFH,MYL3,OAS3,PSMB9,CFB,RSAD2,IFI44L,SERPINA1,TEK,MASP1,PROCR,CCL24,PLAUR,CASP1,FGB,F7,CALM2,RYR2,BCL2,CGAS,FCGR2A,PIAS1,TGFB2,GATA4,PIK3CA,MX2,ADM,F5,DPP4,F7,TMPRSS2,OAS2,IRF3,STAT5A,HLA-DRB1,IRF3,SERPINC1,BAX,FGA,TLR6,IFNGR1,FTH1,CCL20,FOS,IFITM1,CGAS,MAVS,CXCR2,IFNGR1,ITGB3,F13B,IFI35,IL27,IRF7,NLRP1,IFNA1,TPM1,SERPING1,RSAD2,NPPA,LTF,IGHA1,TYK2,IFI44,SMAD3,IFIT1,FCGR2A,TYK2,CD86,OAS2
RSAD2,CD3D,IL13,IL27RA,NPPA,FGA,IL21,TFPI,KCNH2,NPPA,F3,ANKRD1,IFIT1,CCR7,F10,MPO,CTSG,AKT1,SOX9,HERC5,CD86,IFI27,PROC,DHX58,IRAK4,CD68,COX10,F13A1,EIF2AK2,GJA4,CFI,ACTC1,OASL,TAP1,SERPING1,IFIT1,BST2,SERPINA3,HMGA1,MASP2,SERPIND1,CCL25,SERPIND1,CASP3,FGG,F10,CALM3,ATP2A2,BAX,ADAR,FCGR3A,EGR1,SMAD3,NKX2-5,MTOR,OAS1,ADMA,F7,ANPEP,F10,BST2,OAS3,IRF7,FOXO3,HLA-DQA1,CASP1,PLG,BCL2,FGB,NOD1,IFNGR2,HBB,CCL21,JUN,IFITM3,STING1,TBK1,CD177,IFNGR2,GP1BA,FGA,IFI44,EGR1,IRF9,SERPIND1,IFNA2,TNNC1,KLRK1,BST2,NPPB,MARCO,TCF7,NFE2L2,IFI44L,CTLA4,IFIT2,FPR1,ADAR,CASP10,OAS3
BLK,CD3G,IL5,CCL24,MYH6,FGB,IL27,GP1BA,F2,CRP,F5,FHL2,IFIT2,CXCR4,F11,ELANE,TICAM1,MAPK1,CREB1,TRIM22,ITGAL,SIGLEC1,SMAD3,ITPKC,TRAF6,MSR1,GTF2IRD1,SERPINC1,TRIM25,SERPINE1,CR1,TPM1,MX2,TAP2,CLU,IFIT2,IL6ST,SERPING1,LYN,FCN1,PLAUR,CCL26,GP1BA,CAT,PLAT,F11,SCN5A,PLN,CASP3,EIF2AK2,FCGR3B,EGR2,ABCC4,TBX5,PTEN,OAS2,FGF2,F10,SLC6A19,F11,ITPKC,OASL,IRF9,NFATC1,HLA-DQB1,FCN3,PLAU,CASP3,FGG,NOD2,MX2,HBA1,CCL22,HIF1A,IFI6,NOD1,IKBKE,S100A8,MX2,GP6,FGB,IFI44L,JUNB,IFITM1,PLAT,IFNAR1,MYL2,KLRD1,AIM2,GDF15,MBL2,LEF1,C8B,IFI6,IL17F,IFIT3,FPR2,USP18,CD38,RSAD2
HLA-DQB2,CD8B,GATA3,CXCL12,MYH7,MYD88,IL33,ITGA2B,F5,APCS,F7,CSRP3,IFIT3,IL2,FGA,CTSG,TBK1,MAPK3,MYC,TRIM25,ITGB2,TMPRSS2,CD80,CASP3,RIPK1,MRC1,PAF1,SERPIND1,MAVS,IRF1,CR2,RYR2,IFIT1,MAVS,CR1,IFIT3,CEBPB,MX2,HCK,FCN2,OAS2,CCL27,ITGA2B,CCR5,PLAU,FGA,KCNQ1,NPPA,CASP8,IFNAR1,NCF1,JUN,COPB2,MEF2C,HIF1A,OAS3,PDGFA,F11,CLEC4M,F13A1,CASP3,IFIT1,STAT2,GATA3,HLA-A,IL18,F10,CASP8,IFNA1,DEFB1,EIF2AK2,HBA2,CXCL1,CCL17,IFI27,NOD2,TRIM25,S100A9,OAS2,P2RY12,FGG,IFI6,CEBPB,IFITM2,NOD1,IFNAR2,MYL3,KIR2DL1,PYCARD,MMP2,FCN1,MYC,TIMP4,IFI16,IL22,IFITM1,IL4R,BST2,CDC27,IFIT1
COPB2,CD22,IL33,CCL7,TPM1,SELP,TNFSF10,ITGB3,F7,SAA1,F10,TPM1,IFITM1,IL2RA,FGB,LTF,NOD1,MAPK8,HNF1A,DHX58,MAPK1,MVK,NFKB1,FCGR2A,RIPK3,LCN2,VPS41,PLAT,CGAS,MMP9,CD55,CASQ2,IFIT2,DDX58,MARCO,DDX58,MAPK1,OAS2,BTK,CRP,OAS3,CCL28,ITGB3,CD14,PLAUR,FGB,KCNH2,P2RY12,FAS,IFNAR2,NCF2,FOS,MMP3,F2,EGFR,RSAD2,EGF,F12,IL6ST,PLAU,FCGR2A,IFIT2,TYK2,RORC,HLA-B,COLEC12,ANXA5,CASP9,IFNA2,DEFB4A,DHX58,GYPA,CXCL2,CCL22,IFI44,DEFB1,PSMB8,S100A12,OAS3,PEAR1,SERPINC1,CASP10,REL,IFITM3,SERPINE1,IFNB1,NPPA,KIR3DL1,CASP3,TIMP2,FCN2,NOTCH1,ICOS,IFI27,RORC,IFITM2,MS4A4A,MAVS,ITGAL,IFIT2
ERAP1,CD79A,LTA,CCL8,MYBPC3,NPPA,TNFSF11,P2RY12,F10,LBP,F11,MYL2,IFITM3,IL5,FGG,DEFA1,NOD2,MAPK14,IRF1,OASL,MAPK3,PSTPIP1,IL5,FCGR3A,IKBKG,BPI,ARHGAP44,PLAU,TBK1,GJA5,CD59,PLN,IFIT3,IFIH1,CD163,IFIH1,MAPK3,OAS3,SYK,SAA1,OASL,CCR3,FGA,CD40,SERPINE1,FGG,ANK2,PTGS1,FASLG,IFNGR1,NCF4,MAPK1,MMP8,F3,MET,IFIT1,IGF1,F13A1,IL2RA,PROS1,FCGR2B,IFIT3,MAVS,TBX21,HLA-C,FCN2,FGG,FAS,IFNB1,CAMP,MAVS,GYPB,CXCL3,SPP1,IFIT1,LYZ,PSMB9,HMGB1,IFI16,CD36,SERPIND1,CD38,RELA,GBP1,PROC,IFNGR2,NPPB,CD16,ABCC4,COL1A1,IFNA1,DLL4,PLAU,IFI35,CXCL13,IFITM3,TREM1,TICAM1,ITGA3,IFIT3
NAALADL2,CD79B,LTB,CCL1,ACTC1,PTPN2,TNFSF12,CD36,F11,TREM1,FGA,MYL3,IFNA1,IL7,PLAT,DEFA3,IL23A,PIK3CA,IRF5,LCN2,MAPK8,IL36RN,TLR3,BLK,IRAK1,LTF,ELAC2,PLAUR,ITPKC,SERPINC1,HLA-A,ATP2A2,ISG20,PTX3,CD68,DHX58,MAPK8,OASL,MAPK1,HP,IFIT2,CCR4,FGG,CD69,PROS1,SERPINC1,DSP,TBXA2R,PARP1,IFNGR2,CYBA,MAPK3,MMP13,F5,SRC,IFIT2,IGFBP3,PROS1,IL7R,TFPI,BLK,RSAD2,TRAF3,EOMES,PTPN22,REL,FGA,FASLG,RSAD2,LYZ,AIM2,ANK1,CXCL5,CD40,IFIT2,MPO,ADAR,ANXA1,DHX58,FERMT3,SERPINE1,ITGAL,HIF1A,GBP2,F3,STAT2,ACTA1,FCGR1A,PBX1,COL3A1,IFNA2,HES1,CCL4,MMP8,CD19,DDX58,TREM2,CASP3,TNFRSF12A,TRIM25
CSMD1,MS4A1,TNFSF13B,IL2,MYL2,SMAD2,TNFSF13,DDX58,PLAU,FOLR3,FGB,TCAP,IFNA2,IL9,PLAU,DEFB1,IFNAR1,MTOR,IRF8,DEFB1,MAPK14,LPIN2,IRF1,CD40,MYC,DEFA3,SCIN,ADAMTS13,CASP3,PROC,HLA-B,ADRA1A,IFITM1,CALCA,NCF1,PRKDC,MAPK14,ISG20,MAPK3,ORM1,IFIT3,CCR6,TFPI,CRP,PROC,SERPIND1,DSC2,ANXA5,HMGB1,TYK2,MPO,MAPK8,IL10RB,F7,FYN,IFIT3,SPP1,PROC,CD163,PLG,ORAI1,LY96,TBK1,IRF1,TNFAIP3,TLR3,FGB,HSPA1A,OASL,MPO,IL1A,SPTB,CXCL6,CD80,IFIT3,ELANE,BST2,NR3C1,MAVS,IFNA1,IFIT3,ITGA3,PTGS2,GBP5,SERPINC1,IRF9,MYH11,ITGAL,COPB2,POSTN,IFNB1,RBPJ,TPM1,CALCA,CD27,IFIH1,NCF1,TGFB1,CCL26,PARP9
LTA,CD27,TNFSF14,IL23A,TGFB1,CALCB,TNFSF14,IFIH1,PROCR,HMOX1,FGG,ACTN2,IFNB1,IL12A,PLAUR,CAMP,IFNAR2,TRAF6,IKBKB,CAMP,AKT1,NLRP12,NOS3,ORAI1,TP53,CAMP,MYH13,FGA,FCGR2A,RELA,HLA-C,ADRA1B,IFITM2,CALCB,NCF2,CASP1,AKT1,IFIT2,MAPK8,APCS,ISG20,CCR8,PROCR,FAS,PROCR,PROC,DSG2,ANXA2,TLR5,STAT2,ELANE,MAPK14,IL22RA1,F10,LCK,DDX58,CXCL1,SERPINC1,HMGB1,SERPINC1,STIM1,LBP,IKBKE,IRF4,TNFSF4,CLEC4E,THBD,HSPA1B,DDX58,ELANE,IL4,SPTA1,CXCL9,CD86,ISG15,CTSG,IFI6,DUSP1,TICAM1,IFNA2,IFITM1,TNFRSF12A,PTGER4,IFI16,F13A1,IRF1,ACTA2,ITGAX,ERAP1,ACTA2,IFNE,CCND1,PLAUR,CALCRL,ICOS,DHX58,NCF2,TGFBR1,CDKL3,DHX58
MICB,CD38,CD40LG,IL26,TGFBR1,CD19,TNFSF15,DHX58,TFPI,NQO1,SERPINC1,TTN,IFNAR1,IL12B,PROS1,LCN2,IFNGR2,RIPK1,IFIT1,LTF,PIK3CA,NLRC4,POSTN,STIM1,BCL2,FCGR1B,ADIPOR2,FGB,BLK,PROS1,HLA-DRA,ADRB1,IFITM3,ADM,NCF4,CASP4,PIK3CA,IFIT3,MAPK14,LBP,BST2,CCR9,PDGFA,FASLG,TFPI,PROS1,JUP,THBS1,NOD1,IRF1,CTSG,AKT1,CD55,F11,BTK,IFIH1,CXCL2,PLAT,S100A8,SERPIND1,ATG5,NOD1,TIRAP,IRF8,STAT4,NOD2,F2,HSPA5,IFIH1,CTSG,IL13,EPB42,CXCL11,CD28,RIG-I,LTF,IFI16,TSC22D3,TICAM2,IFNB1,IFITM2,CCL26,IL32,IFI35,F10,IRF8,AQP4,CDH1,TGFBR2,CNN1,IFNL1,CDK4,TLR3,NT5E,TCF7,TBK1,CD55,TGFBR2,CD79B,LBP
PELI1,IGHM,CD86,IL17F,TGFBR2,PTPN11,TNFSF18,MAVS,FGA,SOD1,SERPIND1,DES,IFNAR2,IL15,PROC,CP,IRF1,RIPK3,IFIT3,MPO,MTOR,PLCG2,PROS1,PDE4D,XIAP,FCGR2A,CDKL3,FGG,ORAI1,REL,HLA-DRB1,ADRB2,IFI6,ARG1,CAMP,CASP5,MTOR,IFI6,PIK3CA,C5AR1,IFIH1,CD22,PDGFB,GPX1,PLG,PLAT,PKP2,MMRN1,NOD2,SOCS1,CD3D,PIK3CA,CD59,F12,SYK,DHX58,CXCL5,PLAU,S100A9,P2RY12,ATG7,NOD2,ISG15,RUNX3,IRF5,STAT3,PROS1,HSPA8,TLR3,IFNA2,IL5,AHSP,CXCL12,PRDM1,MDA5,CAMP,JAM3,NFKBIA,IRAK4,IRF3,IFITM3,CD79B,IL36G,IFI44,AIM2,PIAS1,CD14,CTNNB1,PELI1,TAGLN,IFNL2,TP53,STAT2,ARG1,LEF1,MAVS,CD59,SMAD3,CDK11A,CD14
TIFAB,IGHD,CD80,IL12B,SMAD3,MX2,MYH6,CGAS,FGG,SOD2,PROC,CCN2,IRF1,IL21,SERPINC1,HP,IRF9,MLKL,ISG20,DEFA1,BAX,TNFAIP3,SMAD4,PELI1,IL4,FCGR3A,UPP2,ITGA2B,STIM1,FGA,HLA-DQA1,GJA1,IFI27,ARG2,LCN2,IL1R1,NFKBIA,IFI44,AKT1,SPHK1,TLR3,CD24,GP6,GPX4,THBS1,PLAU,GJA1,JAM3,C3,IFI44,CD3E,MTOR,C3,F13A1,ZAP70,NLRP3,IL36G,PLAUR,S100A12,IFNA2,BECN1,NLRC4,ISG20,HIF1A,PRDM1,CLEC7A,F5,HSP90AA1,IRF3,IFNGR1,TGFB2,BLVRB,CXCL13,BCL6,LGP2,DEFB4A,TJP1,RELA,TRAF3,IRF7,DDX58,MMP25,IL37,IFI44L,NOD2,USP18,CD163,JUN,SMAD3,MYH11,IFNL3,MDM2,KEAP1,IRAK3,IL32,STING1,CFH,HLA-DRB1,ADAM22,CAMP
TGFBR2,IGHG1,CD274,IL5,NOTCH1,CCR4,MYH7,TBK1,SERPINC1,CAT,PROS1,TGFB1,IRF8,IL22,TFPI,HPR,MX2,FASLG,CCL5,DEFA3,BCL2,RIPK1,CD86,KCNN2,IL5,FCGR3B,PRSS21,ITGB3,CCR1,RELB,HLA-DQB1,GJA5,IFI44,NOS2,DEFB4A,IL1RAP,IKBKB,IFI44L,MTOR,S1PR1,TLR9,CD37,P2RY12,GZMB,P2RY12,PLG,PRKAG2,CD9,C1QA,IFI27,CD3G,CD14,C5,FGA,LYN,NOD1,IL37,PROCR,CALCA,IRF9,MAP1LC3A,NLRP1,GBP1,PPARG,BANK1,MYD88,CFH,HSP90AB1,IRF9,IFNGR2,CCL3,CA1,CXCL16,XBP1,MAVS,S100A8,PECAM1,NFKB2,TRAF6,IRF9,DHX58,IL32,IL38,IFI6,FGG,EIF2AK2,MMP9,FOS,SMAD4,CALD1,DDX58,RB1,C9,MARCO,IL20RA,CAMP,C3,HLA-DQB1,MMP25,DEFB1
TMPRSS2,IGHA1,PDCD1,IL1A,BMPR2,PROS1,MYBPC3,IRF9,SERPIND1,GPX1,PLAT,F2,STAT2,IL23A,PLG,SAA1,EIF2AK2,FAS,CXCL5,DEFA4,CASP3,PSMB8,NFKBIA,HLA-DRB1,IL13,IL18BP,MARK4,GP1BA,CCR2,FGB,HLA-DPA1,SCN5A,IFI44L,CD163,MPO,NOD1,PTPN22,RSAD2,HIF1A,RAC1,IRF3,CD46,IFNA2,HP,MAPK1,THBS1,LMNA,F5,C1R,IFI6,CD4,LY96,C1QA,FGB,VAV1,NOD2,IL1RL1,TFPI,ADM,STAT2,MAP1LC3B,CASP1,GBP2,ESAM,FCGR3A,RELA,ITGAL,SOD1,TYK2,STAT2,CCL4,CA2,CD2,ATF6,TBK1,S100A9,KCNE1,IKBKB,TBK1,ISG15,IFIH1,MAPK8IP2,MIF,IFIT5,FGA,TLR3,NOX4,MYC,TGFB2,HSPB1,DHX58,E2F1,CTSK,SOD2,IL17RB,DEFB1,CFB,HLA-B,IL32,DEFB4A
HLA-DRB1,IGKC,CTLA4,CCL20,BMP4,SOCS3,NPPA,IFNA2,DHX58,NRF2,PLAUR,F3,SOCS1,IL27,PLGRKT,SAA2,DHX58,PRF1,CXCL11,PRTN3,CASP8,HLA-DQA1,IL13,HLA-DQB1,IL21,IL10RA,PROM1,GP6,CCR5,NFKBIA,HLA-DPB1,KCNQ1,DHX58,MRC1,ELANE,NOD2,JAK3,IFIH1,RELA,CDC42,IRF7,CD47,IRF9,HSP90AA1,MAPK3,TFPI,MYL2,F10,CFB,IL2,CD8A,TREM1,C1QB,FGG,PLCG1,PYCARD,TNFRSF10A,ADAMTS13,C1QA,OAS2,FASLG,CASP4,GBP5,CLDN5,CD163,TLR10,SLC11A1,SOD2,TICAM1,IFIT3,CALCA,SNCA,CD20,HSPA5,IKK,S100A12,KCNE2,IKBKG,IKBKE,MX1,TLR3,CD9,CXCL1,FGR,FGB,ZBP1,BST2,HIF1A,TGFBR1,HSPA1A,IFIH1,SKP2,CD40,HMOX1,IL4R,LCN2,MBL2,FCGR2B,MAPK8IP2,MPO
IFITM1,IGLC1,LAG3,IL1R2,BMP10,USP18,ATP2A2,MX2,MAVS,KEAP1,TFPI,F5,SOCS3,CSF1,SERPINE1,ORM1,MAVS,GZMB,CXCL13,BPI,CASP9,HLA-DQB1,CGAS,ERAP1,IL22,IL10RB,CCDC124,P2RY12,PLA2G7,FGG,CD28,KCNH2,ZBP1,TREM1,CTSG,CIITA,SOCS1,DDX58,FOS,RHOA,MAVS,CD59,MX2,HSP90AB1,MAPK8,SERPINE1,MYL3,F13A1,CFH,IL4,CD8B,TREM2,C1QC,PLAT,ITGAM,CASP1,IL21,SERPIND1,C1QB,OAS3,IFITM3P3,IL1RAP,DHX58,CDH5,CD68,TLR1,PTGS2,CAT,MAVS,CXCL9,LCN2,PRDX2,CD56,KLF2,RELA,LCN2,ACE,TAB1,IL1A,OAS1,MAVS,CD22,CXCL2,CFH,TLR1,CGAS,TRIM22,NOTCH1,IRAK4,HSPB6,TLR3,CDKN1A,ADAMTS13,PTX3,IL12RB2,MPO,MASP1,FCGR3B,TRAF3IP3,LCN2
IFITM2,CCR7,HAVCR2,IL1RL2,F2,IFITM2,RYR2,OAS2,OAS2,HIF1A,PROCR,F7,USP18,CSF2,SERPINB2,ORM2,CGAS,NCR1,ALOX5,IFNA1,ATG5,PTPN22,IRF8,MICB,IL27,IL1RAP,CEACAM21,PLEK,PRKCD,NFKBIB,CD80,KCNJ2,TRIM25,TREML1,AZU1,IFNA2,SOCS3,DHX58,JUN,PIK3CA,DHX58,CD6,OAS2,HSPA1A,MAPK14,GP1BA,ANKRD1,IGHM,C5,IL5,CD19,NOD1,C1R,PLAU,ITGB2,MAVS,IL22,FGB,C1QC,DEFB1,IFITM5,IFNA2,AIM2,OCLN,MARCO,TLR6,PTPRC,GPX1,LY96,BST2,CAMP,GPX1,CD68,KLF4,CGAS,IFNAR1,AGT,TAK1,CXCL8,OAS2,STING1,CD6,SPP1,NFYA,TLR6,STING1,SAMHD1,DLL4,MAP3K7,HSPB7,MAVS,CDKN1B,CCL7,PGLYRP1,IL5RA,ELANE,MASP2,CD84,CD9,S100A8
IFITM3,CXCR5,BTLA,IL1RL1,F3,SOCS1,PLN,OAS3,OAS3,EPAS1,SERPINE1,F10,GBP1,CSF3,SERPIND1,CRP,,CD69,AGER,IFNA2,ATG7,IL7R,EDN1,PBX1,CD28,TNFAIP3,PAFAH1B1,THBS1,TGFB1,MAPK1,CD86,NKX2-5,HERC5,AGER,DEFA1,IFNL1,BCL2,TLR3,EGR1,AKT1,IFI16,CD81,OAS3,HSPA1B,AKT1,ITGA2B,CSRP3,IGHG1,C9,IL7,CD22,NOD2,C1S,SERPINE1,ITGA4,LY96,TSLP,FGA,C1R,DEFB4A,IFITM9P,IFNAR1,IFI16,ZO1,MRC1,TRAF6,CD59,GPX4,IRF1,EIF2AK2,DEFA1,SOD1,CD163,ETV2,STING,IFNAR2,AGTR1,IRF5,CSF2,OAS3,CGAS,IL20RA,LILRB2,KRIT1,F2,CAMP,OASL,JAG1,UBE2N,CKM,CGAS,CDKN2A,MYL2,LCN2,IL11,CTSG,C5,SLC11A1,PIK3C2A,S100A9
CCR1,IL7R,CD27,IL18R1,F5,IFNA2,CASQ2,OASL,IFIT2,ARNT,PLG,F11,GBP2,KLF2,ITGA2B,APCS,,KLRK1,AHR,IFNB1,BECN1,TNFSF4,HBEGF,ATG16L1,CD69,TNFAIP6,NOS2,PROZ,TGFBR2,TFPI,CD40,GATA4,USP18,KDM6B,DEFA3,IFNL2,BAX,IRF3,TP53,MAPK1,AIM2,CD9,OASL,HSPA5,PIK3CA,ITGB3,LDB3,IGHD,ITGB2,IL12A,CD28,NLRC4,CFB,PROC,ITGB1,CD14,CSF2,FGG,C1S,CAMP,IFITM8P,IFNAR2,F2,ANGPT1,MSR1,IRF7,NFKBIA,NOS2,IFI35,DHX58,DEFA3,MT1A,GATA3,FLI1,MYC,IFNGR1,PLG,JUN,CSF3,IFIT1,BST2,CD74,LILRB4,RAD52,PROS1,DEFA1,IDO1,SMAD2,RIPK1,NLRP1,ZBP1,MKI67,SERPIND1,HPSE,IL12RB1,IFNAR1,CALR,PELI1,CD22,S100A12
CD163,PTGS2,CD70,IL18RAP,F7,PTPN1,NT5E,IFI6,IFIT3,EGLN1,KLKB1,F12,GBP5,KLF4,ITGB3,PTX3,,FCGR1A,BACH1,IRF1,MAP1LC3A,STAT4,PLAT,NLRP1,CD83,C1QA,DNAH9,PROCR,SLC8A1,MAPK3,CTLA4,TBX5,BST2,KLF4,DEFA4,IFNL3,CASP3,IRF7,MYC,MAPK3,CASP4,CDKN1A,ISG20,HSPB1,MTOR,P2RY12,NEXN,IGLL5,ITGAL,IL12B,CTLA4,AIM2,CFD,PROS1,PTGS2,LBP,CSF3,GP1BA,C2,LCN2,IFITM3P2,IFNGR1,F5,ANGPT2,FCGR1A,TLR5,CD40,NCF1,IFI44,TRAF3,LTF,MT2A,TBX21,ERG,AHR,IFNGR2,HABP2,FOS,IL2,IFIT2,RSAD2,RUNX3,CD47,ENPEP,TLR5,LCN2,PML,SMAD3,TRAF6,AIM2,ADAR,PCNA,ADAR,HP,IL2RB,IFNAR2,HSPA5,COPB2,CD6,LTF
MMP8,PTGER4,TNFRSF4,IRF6,F10,MMP1,MYL2,BST2,MX2,VHL,KNG1,F13A1,BST2,FLT1,GP1BA,CFH,,FCGR2A,BACH2,IRF3,SQSTM1,IRF5,SMAD5,CARD8,CD44,C1QB,KIAA0100,MASP1,ABCC4,ADAMTS13,PDCD1,HAND1,SAMHD1,SOCS2,LTF,IRF1,FAS,LY96,ESR1,MAPK14,CASP5,CFI,IFIT1,ITGAM,PTEN,PEAR1,PDLIM3,NOD1,CD55,IL13,PDCD1,PYCARD,CFH,PLG,ALOX5,BPI,KITLG,GP9,C3,MPO,IFITM3P4,IFNGR2,F7,TEK,ITGAM,IRAK4,C5,NCF2,IFI44L,CD177,RETN,HAMP,RORC,TAL1,RUNX3,TYK2,PLAUR,NFATC1,CXCL1,IFIT3,TRIM25,CD44,SIRPA,CYBB,F5,MMP8,TRIM25,SMAD4,FURIN,PYCARD,EIF2AK2,MCM2,SOCS1,BLNK,IL21R,IFNGR1,XBP1,ITGA4,IL20RA,BPI
HLA-A,ALOX5,TNFRSF9,IFI27L2,F11,CASP4,MYL3,USP18,BST2,AHR,ITPKC,PLAU,IFI16,ANGPTL4,GP9,CFI,,FCGR3A,BATF,IRF7,PTEN,BANK1,ICOS,TIFAB,CD55,C1QC,SLC13A2,MASP2,ABCC1,MAPK8,CD274,HAND2,APOBEC3A,PPARG,LYZ,IRF2,FASLG,CD55,PPARA,JUN,IFNA1,CHI3L1,IFIT2,ITGB2,TP53,IRF3,TCAP,NOD2,CD59,IL15,CD274,CASP4,CFI,SERPINC1,CYP1A1,CAMP,EPO,GP6,C4A,ELANE,IFITM3P7,JAK1,F10,EDN1,ITGB2,CLEC6A,KLRB1,NCF4,BST2,CEACAM1,FCN1,CALR,BCL6,LMO2,RORC,STAT2,PLOD1,CD40,CXCL2,RSAD2,EIF2AK2,TNFRSF17,CD24,CD40,BAD,RETN,HERC5,MAPK1,BSG,CASP4,TRIM25,BUB1,GSR,CASP1,IL7,IFNGR2,ATF6,ITGB1,CD74,CEACAM1
HLA-B,ALOX5AP,KLRK1,IRF2BPL,F13A1,CD3E,ACTC1,TYK2,LY96,NOTCH1,CASP3,PLAUR,IFI27,THBS1,GP6,C1QA,,MRC1,BHLHE40,IRF9,DPM1,TNIP1,STAT3,HMOX1,ITGAM,CR1,GAS7,CFH,LTA,PLG,CD19,KCNJ11,APOBEC3G,CEBPB,CEBPB,IRF5,TRAF1,CD59,KLF2,FOS,IFNA2,CIRBP,IFIT3,ITGB3,MYC,IRF7,TRIM63,CAMP,HLA-DRA,IL21,ICOS,GSDMD,MASP1,SERPIND1,IDO1,DEFB1,CEBPB,P2RY12,C4B,TLR5,IFITM4P,JAK2,FGA,SELP,CSF1R,MRC1,BCL6,TJP1,TRIM25,LCN2,FCN2,HSP90B1,ICOS,ACTA2,GATA3,IRF1,PLOD2,TNFRSF1B,IL18BP,STAT2,IFNAR1,TNFRSF9,PYCARD,ELANE,BID,PTX3,MMRN2,MAPK3,IL2RA,CASP5,ISG20,CDC20,CFD,CASP4,IL4I1,JAK1,DDIT3,ITGB2,SERPINB1,CEACAM6
HLA-C,LTA4H,KLRD1,IL17C,PLAT,CCL5,TPM1,EIF2AK2,NOD1,DLL4,FCGR2A,PLAT,IFI35,ADAMTS1,SELPLG,C1QB,,CLEC4E,BHLHE41,DDX58,SCYL3,UBE2L3,IL22,HMOX2,ITGAX,HIF1A,TRAPPC6A,PLG,CCL3L1,MAPK14,CD22,ABCC9,APOBEC3F,IL15,CEBPE,IRF9,TRAF2,LBP,HNF4A,CEBPB,IFNB1,CLU,RSAD2,LGALS3,HIF1A,IRF9,BAG3,DEFB1,HLA-DRB1,IL22,ICOSLG,IL12A,MASP2,TFPI,ARG1,LTF,RELA,PEAR1,C5,DDX58,IFITM3P1,TYK2,FGB,THBD,IL4R,CD4,CD86,OCLN,TRIM56,ARG1,FCN3,HSPA5,CTLA4,TAGLN,TBX21,PIAS1,PLOD3,TNFRSF4,TNFRSF1B,JAK1,IFNAR2,MAPK9,IFI16,MPO,FAS,CALCA,IFNA1,MAPK8,IL7R,IFITM1,BST2,PLK1,CTSL,CASP5,IL27RA,JAK2,HSP90B1,ICOSLG,CD44,CEACAM8
HLA-DRA,LTC4S,NCR1,CXCL6,PLAU,CCL4,TNNC1,CTSG,NOD2,JAG1,BLK,SERPINE1,IFI44,ADAMTS4,THBS1,C1QC,,LY96,BMI1,IFIH1,C1orf112,IKZF1,STING1,TMPRSS2,ITGB2,CEBPB,MATK,KLKB1,CX3CR1,JUN,CD79A,PDGFD,CGAS,IL7,SPI1,ISG20,TRAF6,BPI,APOE,NFATC1,IFNAR2,CR1,DHX58,LGALS9,IKBKB,OAS2,HSPB7,DEFB4A,TAP1,IL23A,CD80,IL12B,IL2,CFD,NOS2,MPO,RELB,MMRN1,C6,IFIH1,IFITM3P5,STAT2,FGG,PROCR,TLR9,TBX21,HES1,CLDN1,DHX58,HP,MBL2,XBP1,PDCD1,CD44,STAT4,BST2,ADAMTS13,TNFRSF9,NFKB2,JAK2,PIAS1,IL17RB,PTX3,CEBPB,BAK1,TREM1,IFNA2,MAPK14,RIPK3,IFITM2,UBE2L6,STMN1,IGHA1,CD40,ILVBL,TYK2,HSPA4,CD69,TNFRSF1B,PTX3
HLA-DQA1,TBXA2R,FCGR2B,IL37,SERPINE1,CCL3,DES,MMP8,NLRC4,HES1,ORAI1,SERPINC1,IFI44L,TIMP2,P2RY12,C2,,ITGA4,CCND1,TLR3,FGR,HSPA1A,MX2,BST2,NCF1,RUNX1,CEACAM7,KNG1,IL1RN,FOS,CD79B,FGFR1,STING1,CSF1,RUNX1,ADAR,IRAK4,DEFB1,LDLR,GATA3,IFNGR1,CR2,DDX58,MAP1LC3A,TRAF2,OAS3,F2,LCN2,TAP2,CD3D,CD86,IL23A,IL4,CFB,MPO,ELANE,CHUK,THBS1,C7,DHX58,IFITM10,SOCS1,SERPINC1,TFPI,C1orf112,GATA3,IL1RL1,CLDN3,CTLA4,ANXA3,MASP1,ATF4,CD274,ITGA5,STAT5A,ZBP1,TF,CD28,RELA,TYK2,USP18,CASP8,AIM2,IL4,CASP8,CD177,IFNB1,AKT1,MLKL,IFITM3,UBA7,BIRC5,PDGFB,CD59,IL26,STAT2,HSPA1A,CCR1,BCLAF1,MBL2
HLA-DQB1,CYSLTR2,FCGR2C,IFI6,PROC,DPM1,TTN,BPI,CASP4,WNT5A,PDE4D,PROC,IFIT5,MMP1,F2R,C3,,ITGB1,CDK4,TLR8,FUCA2,HSPA1B,EDNRA,TRIM21,NCF2,RUNX3,CD79B,IFNA2,GZMB,CREB1,BLNK,FGF2,STAT2,CSF2,GATA2,EIF2AK2,CD80,DEFB4A,ABCA1,TBX21,IFNGR2,CRHBP,IFIH1,MAP1LC3B,TRAF3,IFIT2,F7,MPO,B2M,CD3E,HLA-DRA,IL27,IL5,CFH,ELANE,CTSG,IKBKB,PROZ,C8A,IRF1,IFITM3P6,SOCS3,SERPIND1,SERPINC1,CD38,IL2,TNFAIP3,CLDN4,PDCD1,BPI,MASP2,ATF6,LAG3,ITGB1,STAT6,CD19,IFI27,CTLA4,RELB,MAVS,GBP1,CD84,MYD88,IL13,BAX,IL7R,IFNAR2,PIK3CA,HLA-DQA1,F2,IFI35,SOX2,CCL8,CD80,IL4,IRF1,CCR1,CCR2,TIMP2,FCN1
CD28,PROCR,ITGAL,IL22,PROS1,SCYL3,LMNA,DEFB1,CASP5,FZD5,STIM1,PROS1,IFITM2,MMP2,F2RL1,C4A,,ADAM17,CDKN1A,TMEM173,GCLC,HSPA5,EGF,TRIM25,NCF4,BCL6,SCN4A,IRF1,PRF1,HIF1A,IGHM,IGF1,IRF9,CSF3,GATA3,OASL,CD86,DEFB103A,PON1,RORC,IRF1,CSF1,ZBP1,MAPK1,BCL2,IFIT3,F10,ELANE,CIITA,CD3G,HLA-DRB1,EBI3,IL7,CR1,CTSG,CXCL2,PRDM1,SERPINF2,C8B,IRF5,IFITM3P9,IRF1,PLAT,VDR,CDC27,IL4,CD80,CLDN5,IL7R,DEFA4,,EIF2AK3,CD27,PTX3,CD69,CD3D,IFI35,PDCD1,MAPK1,LBP,GBP2,TGFBR3,IRAK4,IL5,BIRC5,IL2RA,IRF1,PTEN,HLA-DQB1,F3,IRF1,NANOG,MYL3,CD86,IL5,IRF8,CXCR1,CCR5,CDH1,FCN2
CD80,FLT1,ITGAX,IL17B,TFPI,C1orf112,BAG3,NOD1,MEFV,CTNNB1,PELI1,TFPI,F2,MMP3,F2RL3,C4B,,ACKR3,CEBPA,CGAS,NFYA,HSP90AA1,PLAU,TRIM56,FPR1,BCL3,ST7L,OAS2,KLRB1,TP53,IGHG1,IGF1R,PIAS1,CXCL3,TBX21,BST2,CTSS,IRF1,MIF,BCL6,IRF2,CSF1R,CGAS,MAPK14,BAX,IFNA1,F11,CTSG,CD74,CD28,HLA-DQA1,CCR7,IL9,DPM1,MRC1,S100A8,BCL6,OAS2,C9,IRF8,IFITM3P8,IRF5,PLAU,CRP,CREBBP,IL5,PTGER2,MUC1,CD28,PGLYRP1,,DDIT3,CD28,CX3CL1,LTA,CD3E,,CD274,MAPK3,LY96,GBP5,MAPK6,TRAF6,CCR7,HIF1A,KLRB1,CXCL9,MTOR,CFH,F5,TMPRSS2,POU5F1,PLG,CIITA,IL1R2,SOCS1,CXCR2,CX3CR1,CDH10,JAK1
MS4A1,GJA4,CD209,IRF5,PLAUR,FGR,ANKRD1,NOD2,CIITA,GSK3B,NMNAT2,FGA,F3,MMP7,CALR,C5,,CCL17,CSF1,ZBP1,STPG1,HSP90AB1,BMPR2,IL1RL1,FPR2,BACH1,PAX6,OAS3,KIR2DL1,MYC,CTSG,PRKAG2,IRF1,CXCL6,RORC,MX2,HLA-DRA,IRF5,PF4,KIT,IRF5,CTSB,STING1,MAPK3,CASP8,IFNA2,F12,LYZ,FCGR1A,CD80,HLA-DQB1,CXCR5,IL13,SCYL3,MSR1,S100A9,MKI67,OAS3,CFB,IFITM1,C1orf112,IRF8,PLG,SAA1,CROT,CD274,C3,MUC2,PDGFB,RETN,,BBC3,ITGAM,,BCL6,CD3G,,BTLA,MAPK8,NOD1,ADAR,CD5L,IKK,CD28,GSDMD,KLRC1,CXCL11,RB1,C3,F7,FURIN,TYMS,EIF2AK2,CLEC4E,IL1RL2,SOCS3,CCL5,,ADAM28,JAK2
CD79A,GJA5,CLEC4E,CCL25,FGB,CFH,ACTA1,NLRC4,BPI,SHH,TMPRSS2,FGB,F5,MMP10,CD36,C6,,CCL22,CSF2,AIM2,NIPAL3,HSPB1,ICOSLG,IL33,CAMP,BACH2,RPUSD1,OASL,SOCS1,PPARG,PRTN3,IFNA1,IRF8,CCL7,BCL6,HERC5,ICOSLG,IRF8,CXCL12,NOTCH1,IRF8,CTSC,TBK1,MAPK8,CASP9,IFNB1,F13A1,IDO1,FCGR2A,CD86,HLA-A,CXCR4,IL15,C1orf112,MARCO,S100A12,CD69,OASL,CFD,IFITM3,CASP10,PSMB8,TFPI,LBP,CRLF1,IL2RA,CCR7,MUC5AC,NOTCH1,SLPI,,BCL2L11,ELANE,,IL7,CD247,,CEBPB,MAPK14,NOD2,APOBEC3G,IL4R,MAPK14,GZMB,BBC3,KLRD1,IL15,TP53,C5,F10,NRP1,DHFR,SOCS3,CR1,IL1RL1,USP18,CCL20,,TNFRSF17,TYK2
CD79B,JAK3,CLEC7A,IL6ST,FGG,FUCA2,MYOZ2,NAIP,LBP,GLI1,,FGG,F7,MMP12,HABP2,C7,,CCL20,CSF3,PYCARD,ENPP4,BAX,CD19,TRAF3IP2,DEFB1,HMOX1,RHBDF1,MX2,SOCS3,PPARA,DEFA1,IFNA2,PSMB8,CCL8,PRDM1,USP18,CCR6,IRF9,IL23A,DLL1,IRF9,CTSD,IKBKE,MMP9,CASP1,IFNAR1,F13B,GBP1,FCGR3A,CD27,HLA-B,CXCR6,IL21,FGR,CLEC4E,LCN2,CD28,RSAD2,CFH,BST2,CD38,PSMB9,PROC,MBL2,TNFRSF12A,RORC,IL22,REG3A,DLL4,TCN1,,GADD45A,CTSG,,IL34,ZAP70,,FOSL1,PTGS2,CAMP,TRIM21,ITGA8,JUN,PRF1,GSDME,CCR2,IL15RA,MKI67,CFB,F11,HLA-DRA,RRM1,,CXCL1,IL18RAP,BST2,CXCL1,,ADAMTS6,STAT2
,,NOD1,,,,,,,PTCH1,,,,,,,,CXCL16,ETS1,ACE2,,,,,,,,,,,,,,,,,,,CCL5,RUNX1,,,,,,,,,PAX5,,,CXCR3,,,CD163,,CD80,,,,,,,MASP2,,,,,,,,,LYZ,,CSF1,,,KLF4,,,,,FOS,FOXP3,,,DPP4,CCND1,C1S,,,RRM2,,,,,,,,
,,NOD2,,,,,,,SMO,,,,,,,,CX3CL1,EZH2,IL15,,,,,,,,,,,,,,,,,,,MBD2,RUNX3,,,,,,,,,TNFAIP3,,,IL2RB,,,CD36,,CD86,,,,,,,FCN1,,,,,,,,,ICAM2,,CSF1R,,,KLF6,,,,,NFATC1,NCF1,,,,CCNA2,MASP1,,,TOP2A,,,,,,,,
,,,,,,,,,MAPK1,,,,,,,,CALCA,FBXW7,IL21,,,,,,,,,,,,,,,,,,,FOXO3,MYC,,,,,,,,,APCS,,,IL15RA,,,TNFRSF10A,,CTSC,,,,,,,CAMP,,,,,,,,,CDH1,,CSF2,,,,,,,,AHR,NCF2,,,,CCNB1,MASP2,,,ERBB2,,,,,,,,
,,,,,,,,,MAPK3,,,,,,,,CALCB,FOS,CCL19,,,,,,,,,,,,,,,,,,,SIRT1,TP53,,,,,,,,,CRP,,,IL7R,,,FLT3,,RUNX3,,,,,,,CEBPB,,,,,,,,,,,CSF3,,,,,,,,RORC,NCF4,,,,CDK1,F3,,,ESR1,,,,,,,,
,,,,,,,,,MAPK8,,,,,,,,ADM,HDAC1,CCL21,,,,,,,,,,,,,,,,,,,NOTCH1,EGR1,,,,,,,,,SAA1,,,IL21R,,,KIT,,AP1S3,,,,,,,RELB,,,,,,,,,,,HMOX1,,,,,,,,TBX21,CYBA,,,,EGF,,,,AR,,,,,,,,
,,,,,,,,,MAPK14,,,,,,,,NOS2,HEY1,CXCL13,,,,,,,,,,,,,,,,,,,TGFB1,CXCL12,,,,,,,,,LBP,,,IL1RL1,,,CSF1R,,CARD9,,,,,,,CDKN1A,,,,,,,,,,,SOD2,,,,,,,,GATA3,TNFAIP3,,,,EGFR,,,,ETS1,,,,,,,,
,,,,,,,,,PIK3CA,,,,,,,,SOD2,HEY2,TNFSF13B,,,,,,,,,,,,,,,,,,,SMAD3,CXCR4,,,,,,,,,MBL2,,,IL18R1,,,CSF2RA,,IL12RB1,,,,,,,,,,,,,,,,,,CAT,,,,,,,,PPARG,,,,,IGF1,,,,ETS2,,,,,,,,
,,,,,,,,,AKT1,,,,,,,,CAT,ID1,PRDM1,,,,,,,,,,,,,,,,,,,,SPP1,,,,,,,,,REL,,,TNFRSF4,,,CSF3R,,TYK2,,,,,,,,,,,,,,,,,,GPX1,,,,,,,,CEBPA,,,,,IGF1R,,,,ERG,,,,,,,,
,,,,,,,,,MTOR,,,,,,,,HMOX1,ID3,BCL6,,,,,,,,,,,,,,,,,,,,HMGA1,,,,,,,,,RELA,,,TNFRSF9,,,IL7R,,ZAP70,,,,,,,,,,,,,,,,,,NOX1,,,,,,,,,,,,,TGFA,,,,FLI1,,,,,,,,
,,,,,,,,,FOXO1,,,,,,,,NFE2L2,KLF4,XBP1,,,,,,,,,,,,,,,,,,,,EZH2,,,,,,,,,TRAF3,,,TNFRSF14,,,CXCR4,,LCK,,,,,,,,,,,,,,,,,,NOX4,,,,,,,,,,,,,FGF2,,,,RUNX1,,,,,,,,
,,,,,,,,,TP53,,,,,,,,KEAP1,KLF5,AICDA,,,,,,,,,,,,,,,,,,,,DNMT1,,,,,,,,,IL37,,,TNFRSF25,,,CCR7,,VAV1,,,,,,,,,,,,,,,,,,CYBB,,,,,,,,,,,,,FGFR1,,,,RUNX3,,,,,,,,
,,,,,,,,,MDM2,,,,,,,,PRDX1,LIF,GZMB,,,,,,,,,,,,,,,,,,,,HDAC1,,,,,,,,,,,,CD27,,,CXCR2,,CLEC4E,,,,,,,,,,,,,,,,,,PTGS2,,,,,,,,,,,,,PDGFA,,,,CEBPA,,,,,,,,
,,,,,,,,,RB1,,,,,,,,GPX1,MAF,PRF1,,,,,,,,,,,,,,,,,,,,PARP1,,,,,,,,,,,,CD70,,,CXCL1,,TLR1,,,,,,,,,,,,,,,,,,NQO1,,,,,,,,,,,,,PDGFRB,,,,CEBPB,,,,,,,,
,,,,,,,,,E2F1,,,,,,,,NOX1,MBD2,FASLG,,,,,,,,,,,,,,,,,,,,AIFM1,,,,,,,,,,,,IKBKB,,,CXCL2,,IRAK1,,,,,,,,,,,,,,,,,,XDH,,,,,,,,,,,,,APOE,,,,PPARG,,,,,,,,
,,,,,,,,,,,,,,,,,NOX2,NFATC1,KLRB1,,,,,,,,,,,,,,,,,,,,XIAP,,,,,,,,,,,,IKBKG,,,CXCL9,,IRAK4,,,,,,,,,,,,,,,,,,,,,,,,,,,,,,,LDLR,,,,KLF4,,,,,,,,
,,,,,,,,,,,,,,,,,NOX4,NFE2L2,KLRD1,,,,,,,,,,,,,,,,,,,,TRAF2,,,,,,,,,,,,NFKBIA,,,CCL4,,TRAF6,,,,,,,,,,,,,,,,,,,,,,,,,,,,,,,ABCA1,,,,SPI1,,,,,,,,
,,,,,,,,,,,,,,,,,,NR3C1,,,,,,,,,,,,,,,,,,,,,IRAK1,,,,,,,,,,,,REL,,,CCL7,,ACE,,,,,,,,,,,,,,,,,,,,,,,,,,,,,,,HMGCR,,,,IRF1,,,,,,,,
,,,,,,,,,,,,,,,,,,PBX1,,,,,,,,,,,,,,,,,,,,,TAB1,,,,,,,,,,,,RELA,,,CCL20,,AGTR1,,,,,,,,,,,,,,,,,,,,,,,,,,,,,,,CRP,,,,IRF4,,,,,,,,
,,,,,,,,,,,,,,,,,,POU2F1,,,,,,,,,,,,,,,,,,,,,TAB2,,,,,,,,,,,,RELB,,,MIF,,,,,,,,,,,,,,,,,,,,,,,,,,,,,,,,,SAA1,,,,IRF8,,,,,,,,
,,,,,,,,,,,,,,,,,,PPARA,,,,,,,,,,,,,,,,,,,,,IRAK3,,,,,,,,,,,,TRAF2,,,HPGDS,,,,,,,,,,,,,,,,,,,,,,,,,,,,,,,,,HP,,,,PAX5,,,,,,,,
,,,,,,,,,,,,,,,,,,PPARG,,,,,,,,,,,,,,,,,,,,,TRAF3,,,,,,,,,,,,TRAF6,,,PTGER4,,,,,,,,,,,,,,,,,,,,,,,,,,,,,,,,,,,,,BCL6,,,,,,,,
,,,,,,,,,,,,,,,,,,RUNX1,,,,,,,,,,,,,,,,,,,,,MAVS,,,,,,,,,,,,IRAK1,,,C5AR1,,,,,,,,,,,,,,,,,,,,,,,,,,,,,,,,,,,,,PRDM1,,,,,,,,
,,,,,,,,,,,,,,,,,,SMAD2,,,,,,,,,,,,,,,,,,,,,DHX58,,,,,,,,,,,,IRAK4,,,DPP4,,,,,,,,,,,,,,,,,,,,,,,,,,,,,,,,,,,,,XBP1,,,,,,,,
,,,,,,,,,,,,,,,,,,SMAD3,,,,,,,,,,,,,,,,,,,,,NOD1,,,,,,,,,,,,RIPK1,,,,,,,,,,,,,,,,,,,,,,,,,,,,,,,,,,,,,,,,ATF6,,,,,,,,
,,,,,,,,,,,,,,,,,,SP1,,,,,,,,,,,,,,,,,,,,,NOD2,,,,,,,,,,,,RIPK3,,,,,,,,,,,,,,,,,,,,,,,,,,,,,,,,,,,,,,,,ATF4,,,,,,,,
,,,,,,,,,,,,,,,,,,SP3,,,,,,,,,,,,,,,,,,,,,PYCARD,,,,,,,,,,,,MLKL,,,,,,,,,,,,,,,,,,,,,,,,,,,,,,,,,,,,,,,,,,,,,,,,
,,,,,,,,,,,,,,,,,,SPI1,,,,,,,,,,,,,,,,,,,,,IDO1,,,,,,,,,,,,,,,,,,,,,,,,,,,,,,,,,,,,,,,,,,,,,,,,,,,,,,,,,,,,
,,,,,,,,,,,,,,,,,,STAT5A,,,,,,,,,,,,,,,,,,,,,ARG1,,,,,,,,,,,,,,,,,,,,,,,,,,,,,,,,,,,,,,,,,,,,,,,,,,,,,,,,,,,,
,,,,,,,,,,,,,,,,,,STAT6,,,,,,,,,,,,,,,,,,,,,NOS2,,,,,,,,,,,,,,,,,,,,,,,,,,,,,,,,,,,,,,,,,,,,,,,,,,,,,,,,,,,,
,,,,,,,,,,,,,,,,,,TCF3,,,,,,,,,,,,,,,,,,,,,CYBB,,,,,,,,,,,,,,,,,,,,,,,,,,,,,,,,,,,,,,,,,,,,,,,,,,,,,,,,,,,,
,,,,,,,,,,,,,,,,,,TCF4,,,,,,,,,,,,,,,,,,,,,NCF1,,,,,,,,,,,,,,,,,,,,,,,,,,,,,,,,,,,,,,,,,,,,,,,,,,,,,,,,,,,,
,,,,,,,,,,,,,,,,,,YY1,,,,,,,,,,,,,,,,,,,,,NCF2,,,,,,,,,,,,,,,,,,,,,,,,,,,,,,,,,,,,,,,,,,,,,,,,,,,,,,,,,,,,
,,,,,,,,,,,,,,,,,,ZEB1,,,,,,,,,,,,,,,,,,,,,NCF4,,,,,,,,,,,,,,,,,,,,,,,,,,,,,,,,,,,,,,,,,,,,,,,,,,,,,,,,,,,,
,,,,,,,,,,,,,,,,,,ZEB2,,,,,,,,,,,,,,,,,,,,,CYBA,,,,,,,,,,,,,,,,,,,,,,,,,,,,,,,,,,,,,,,,,,,,,,,,,,,,,,,,,,,,