seed_1_all,seed_2_all,seed_3_all,seed_4_all,seed_5_all,seed_6_all,seed_7_all,seed_8_all,seed_9_all,seed_10_all,seed_11_all,seed_12_all,seed_13_all,seed_14_all,seed_15_all,seed_16_all,seed_17_all,seed_18_all,seed_19_all,seed_20_all,seed_21_all,seed_22_all,seed_23_all,seed_24_all,seed_25_all,seed_26_all,seed_27_all,seed_28_all,seed_29_all,seed_30_all,seed_31_all,seed_32_all,seed_33_all,seed_34_all,seed_35_all,seed_36_all,seed_37_all,seed_38_all,seed_39_all,seed_40_all,seed_41_all,seed_42_all,seed_43_all,seed_44_all,seed_45_all,seed_46_all,seed_47_all,seed_48_all,seed_49_all,seed_50_all,seed_51_all,seed_52_all,seed_53_all,seed_54_all,seed_55_all,seed_56_all,seed_57_all,seed_58_all,seed_59_all,seed_60_all,seed_61_all,seed_62_all,seed_63_all,seed_64_all,seed_65_all,seed_66_all,seed_67_all,seed_68_all,seed_69_all,seed_70_all,seed_71_all,seed_72_all,seed_73_all,seed_74_all,seed_75_all,seed_76_all,seed_77_all,seed_78_all,seed_79_all,seed_80_all,seed_81_all,seed_82_all,seed_83_all,seed_84_all,seed_85_all,seed_86_all,seed_87_all,seed_88_all,seed_89_all,seed_90_all,seed_91_all,seed_92_all,seed_93_all,seed_94_all,seed_95_all,seed_96_all,seed_97_all,seed_98_all,seed_99_all,seed_100_all
IL15,IL15,IFIT1,IL15,IL15,IL15,IL15,IL15,IL15,IL15,IFNG,IL15,IL15,IL15,IL15,IL15,IL15,IL15,IL15,IL15,IL15,IL1B,IL15,IL15,S100A8,IL15,IL15,IL15,IL15,IL15,IFNG,IFNA1,IL15,IL6,IL15,IL15,IFNG,IL15,IL15,IFNG,IL15,IFNG,IL15,IL15,IL15,IL15,MYD88,IL15,IL15,IL15,IFNG,IL15,IFNG,IL15,IL15,IL15,IL15,IL15,IL15,IL15,IL15,IL15,IL15,IL15,IL15,IL15,IL15,IL15,IL15,IL15,IL15,IL15,IL15,IL6,IFNG,IL15,IL15,IL15,IL15,IL15,IL15,IL15,IL15,IL15,IL15,IL15,IL15,IL15,IL15,IL15,IL15,IL15,IL15,IL15,IL15,IL15,IFNG,IL1B,IL15,IL15
IL15RA,IL15RA,IFIT2,IL15RA,IL15RA,IL15RA,IL15RA,IL1B,IL15RA,IL15RA,IL6,IL15RA,IL15RA,IL15RA,IL15RA,IL15RA,IL15RA,IL15RA,IL15RA,IL15RA,IL15RA,IL6,IL15RA,IL15RA,S100A9,IL15RA,IL15RA,IL15RA,IL15RA,IL15RA,IL6,IFNA2,IL15RA,TNF,IL15RA,IL15RA,IFNGR1,IL15RA,IL15RA,TNF,IL15RA,IFNGR1,IL15RA,IL15RA,IL15RA,IL15RA,IRAK4,IL15RA,IL15RA,IL15RA,IL6,IL15RA,IL6,IL15RA,IL15RA,IL15RA,IL15RA,IL15RA,IL15RA,IL15RA,IL15RA,IL15RA,IL15RA,IL15RA,IL15RA,IL15RA,IL15RA,IL15RA,IL15RA,IL15RA,IL15RA,IL15RA,IL15RA,IFNG,IFNA1,IL15RA,IL15RA,IL15RA,IL15RA,IL15RA,IL15RA,IL15RA,IL15RA,IL15RA,IL15RA,IL15RA,IL15RA,IL15RA,IL15RA,IL15RA,IL15RA,IL15RA,IL15RA,IL15RA,IL15RA,IL15RA,IL6,IL6,IL15RA,IL15RA
TNF,IL1B,IFIT3,IL2RB,STAT5A,IL6,TNF,TNF,TNF,IL1B,TNF,IFNA1,IL6,IL2RB,IL2RB,IL6,STAT3,IL2RB,STAT1,IL1B,IFNG,TNF,IL1B,IL1B,S100A12,IL1B,IL1B,IL1B,TNF,TNF,TNF,IFNB1,IL1B,IL1B,IL2RB,TNF,IFNGR2,STAT1,TNF,IL6,IL2RB,IFNGR2,TNF,TNF,TNF,CXCL10,IRAK2,IL1B,TNF,IL6,TNF,CXCL10,TNF,IFNG,TNF,TNF,IL1B,TNFA,TNFA,NFKB1,IFNG,CXCL10,IL6,STAT3,STAT1,IL1B,IFNAR2,IL1B,IL27,IL2RB,NLRP3,IL6,CD177,TNF,IFNB1,IL1B,IFNG,IL6,IL6,NFKB1,IL6,IL6,TNF,IL6,NFKB1,IL2RA,IL1B,IL1B,IFNG,IL1B,TNF,IL6,MYD88,TNF,IL1B,IFNG,TNF,TNF,TNF,IFNG
IFNG,IL6,IFIT5,TNF,STAT5B,STAT3,IFNG,IFNG,IFNG,TNF,IL1B,IFNB1,IL1B,IL2RG,JAK1,TNF,STAT5A,IL6,STAT2,TNF,TNF,CXCL8,IL18,IL6,IL1B,TNF,IL1A,TNF,IFNG,IL1B,IL1B,IFNAR1,IL6,IFNG,JAK1,IL6,STAT1,STAT3,IFNG,IL1B,JAK1,STAT1,IFNG,IL1B,IFNG,IL6,TLR5,TNF,IL1B,TNF,IL1B,TNF,IL1B,IL1B,IL1B,IL1B,TNF,IL1B,IL1B,RELB,IFNAR1,S100A8,TNF,STAT5A,STAT2,IFNG,IFNG,TNF,IL1B,IL1B,IL1B,TNF,S100A12,IL1B,IFNAR1,TNF,TNF,TNF,IL1B,RELA,TNF,TNF,IFNG,IL1B,RELA,NCR1,TNF,TNF,TNF,IL6,IFNG,IL1B,IRAK4,IL1B,TNF,STAT1,IL1B,IL18,IL1B,TNF
IL10,TNF,IRF7,IFNG,JAK1,IFNG,IL1B,S100A8,IL10,IL6,CXCL10,IFNG,TNF,TNF,JAK3,IFNG,STAT5B,IL17A,IRF9,S100A8,IL1B,IL1RN,IL6,TNF,CXCL8,IL6,IL1RN,NFKB1,IL1B,IL6,CXCL10,IFNAR2,TNF,IL10,JAK3,IL1B,STAT3,JAK1,IL1B,IL10,JAK3,STAT3,IL1B,IL1A,IL10,IFNG,TLR4,IL6,IL6,IL1B,IL10,IFNG,CXCL10,IL1R1,IL1A,IL6,IL6,IFNG,IL6,NFKB2,IFNAR2,S100A9,IL1B,STAT5B,JAK1,TNF,IFNB1,IL6,TNF,IL6,S100A8,IL1B,IL6,IL10,IFNGR1,IL6,IL6,IFNG,TNF,NFKB2,IFNG,IFNG,IL10,IL18,TNF,IFNG,IFNG,IFNG,IL6,TNF,IL6,TNF,NFKB1,IL6,IL6,STAT2,CXCL10,IL10,IL6,IL1B
IL1B,IFNG,IRF3,IFNGR1,JAK3,TNF,IL6,S100A9,IL1B,IFNG,IL10,IFNL1,IL10,TNFRSF1A,STAT5A,IL1B,TNF,IL17F,S100A8,S100A9,NLRP3,IL2RB,TNF,IFNG,CD177,IL17A,IL1R1,STAT1,IL10,IFNG,IL10,IRF3,IFNG,IL2,STAT5A,NLRP3,IRF3,JAK2,IL10,STAT3,STAT5A,IRF3,IL10,IFNAR1,IL1B,CXCL9,TLR2,IL17A,IL17A,IL1A,IFNAR1,IL1B,STAT1,IL1RAP,IL6,IFNG,IFNG,IL27,IL10,TNF,IRF3,S100A12,IL1A,JAK1,TYK2,STAT1,IFNA1,CXCL10,IL6,TNF,S100A9,IL18,TNF,IL27,IRF7,CXCL10,IL1B,IL1B,CXCL8,NFKBIA,IL1B,IL10,IL1B,TNF,NFKB2,IFNGR1,IL6,IL6,IL1B,IFNG,IL1B,IL18,IL1B,IL1R1,IFNG,IL1B,IL10,IL1RN,CXCL10,IFNAR1
IL6,IL10,IRF9,IFNGR2,IL1B,CXCL10,IL10,S100A12,CXCL8,IL12B,STAT1,IFNAR1,CXCL10,TNFRSF1B,STAT5B,IL10,TNFRSF1A,CXCL10,S100A9,S100A12,GSDMD,IL7R,IFNG,CCL2,IFNG,IL17F,IL1R2,STAT2,IL6,IFNAR1,STAT1,IRF7,NFKB1,IL4,STAT5B,ASC,IRF7,IRF1,IL6,CXCL10,STAT5B,IRF7,IL6,IFNAR2,IL6,TNF,TLR3,CXCL10,CXCL10,IL1R1,IFNAR2,TLR2,IL10,IL6,CXCL8,IL10,IL10,IL6,IFNG,IL1B,IRF7,NLRP3,IL1R1,JAK3,IRF9,STAT3,IFNA2,IL1RN,IL8,IFNG,STAT1,IFNG,IFNG,STAT1,IRF3,IL8,IL10,IL10,IL10,TNFAIP3,IL1A,IL1B,IL6,IFNG,REL,IFNGR2,CXCL8,IL18,IL10,IL10,CCL2,IL10,TNF,IL1RN,IL10,TNF,STAT1,IFNG,CCL2,IFNLR1
STAT1,IL2,STAT1,IL10,IL6,CXCL9,CXCL8,CXCR2,IL6,IL12A,IRF7,IFNAR2,IL18,IFNG,TNF,IL17A,TNFRSF1B,IL1B,S100A12,IL6,CXCL10,CD177,IL2,CCL5,IL6,CXCL10,IL6,IRF3,IL8,STAT1,IRF7,IRF9,NFKB2,IL17A,TNF,CASP1,IRF9,IRF7,IL8,ISG15,IL6,IRF9,IL8,STAT1,CXCL8,IL1B,TLR9,IL10,VEGFA,IL1R2,JAK1,TLR8,CCL2,TNF,IL17A,IL2,IL8,IL10,CXCL10,IL6,STAT1,IL1B,IL1R2,IL1B,NLRP3,JAK1,IRF3,IFNG,CXCL10,IL10,IFNG,IL17A,IL1B,STAT2,STAT1,IFNG,IL18,IL2,IL17A,REL,IL10,IL18,IFNAR1,IL10,RELB,TNF,S100A12,IL1A,IL18,IL2RA,IL2,IFNG,IL6,CCL2,IL2,IL6,IRF7,IL17A,CCL3,STAT1
STAT2,IL4,STAT2,IL1B,TNF,CCL2,TNFRSF1A,TLR4,IL2,IL23A,MX1,IFNGR1,IL17A,IFNGR1,TNFRSF1A,CXCL8,NFKB1,IL18,CXCR2,IFNG,CCL2,MYL9,IL4,CXCL10,TNF,IL18,IL6R,IRF7,S100A8,TLR4,MX1,STAT1,RELA,CXCL10,IFNG,ISG15,IFNAR1,IRF3,S100A8,MX1,TNF,IFNAR1,S100A8,STAT2,IL17A,CD177,TRAF6,IFNG,S100A8,IL1RAP,JAK2,IL6,CXCL8,IL10,IL17F,IL17A,S100A12,IL8,IL8,TNFAIP3,STAT2,CASP1,IL1RN,IL1A,TLR4,JAK2,IRF7,IFNAR1,MIP1A,IL17A,TNF,IL23A,FCGR2A,IRF3,STAT2,IL2,IL2,IL17A,IL2,IFNG,IL17A,IL8,IFNAR2,IL2,CD74,TNFRSF1A,S100A8,CXCL10,IL17A,STAT1,VEGFA,IL2,IFITM3,CCL3,IL4,VCAM1,MX1,IL2,CCL4,STAT3
STAT3,IL17A,ISG15,CXCL8,IFNG,CCL3,TNFRSF1B,TLR2,VEGFA,CXCL9,ISG15,IFNGR2,CXCL8,IFNGR2,TNFRSF1B,IL1A,NFKB2,TNF,IL6,IRF3,IL18,CD2,IL10,CXCL9,IL10,IL10,IL6ST,IRF9,S100A9,TLR7,ISG15,STAT2,TNFRSF1A,IL1A,IL10,MX1,IFNAR2,IRF9,S100A9,IFIT1,IL1B,IFNAR2,S100A9,JAK1,IL17F,VCAM1,IL15,IL2,S100A9,IL10,STAT1,CCL2,IRF7,IL18,CXCL10,IL18,S100A8,IL4,IL2,SQSTM1,TNF,IL6,CXCL10,IL1R1,TLR2,IRF1,IRF9,TLR7,IL2,CXCL10,TLR4,IL1A,IL17A,IRF7,ISG15,VEGFA,IFIT1,TLR3,IL1A,IFNAR1,IL2,IL1A,STAT1,IL17A,PECAM1,TNFRSF1B,S100A9,CXCL9,IL12B,STAT2,CXCL1,IL4,IFITM2,CXCL10,IL17A,ICAM1,IL2RA,IL4,CCL5,STAT5A
STAT4,IL17F,ISG20,IL6,IL10,IL1B,IFNAR1,NLRP3,IRF7,CXCL10,IFI44L,IRF3,IFIT1,IFNA1,IFNG,IL2,RELA,IFNG,IL1B,IRF7,CXCL8,IL15,STAT1,CXCL8,NLRP3,IFNG,TNF,IFNAR1,MYD88,MYD88,IL2,ISG15,TNFRSF1B,IL1R1,IL1B,OAS1,JAK1,TNF,CD74,RSAD2,IFNG,JAK1,CD74,TYK2,IL23A,ICAM1,IL15RA,ISG15,S100A12,IL18,STAT3,IL18,MX1,IL17A,CXCL1,TNFRSF1A,S100A9,IL13,IL15RB,CD40,TNFRSF1A,TNF,CCL2,IL1R2,TNNI3,IRF7,STAT1,TLR9,VEGFA,IL1A,VCAM1,IL12A,NFATC1,IRF9,ISG20,S100A8,IFIT2,IFIH1,IFNG,STAT1,CXCL8,IL1RN,STAT2,ICAM1,VCAM1,TRADD,TLR2,TLR2,IL12A,IRF7,TNFRSF1A,TLR4,TLR4,IL10,CXCL10,MMP9,CD8A,IL5,CXCL9,IL6
STAT5A,IL18,MX1,IL6R,IL17A,IL10,IFNAR2,C3,IRF3,CXCL11,IFIT1,IRF7,IFIT2,IFNA2,IFNGR1,IL4,RELB,S100A8,TNF,TLR4,IL6,IL15RA,STAT3,CCL3,TLR4,IFNGR1,TNFRSF1A,IFNAR2,TLR4,VWF,IL4,ISG20,TRAF2,IL1RN,IL6,IFIT1,JAK2,IFNG,SFRP4,OAS1,IL10,JAK2,SFRP4,IRF9,IL12A,VEGFA,IL6,MX1,CD38,IL2RA,STAT5A,NFKB1,ISG15,CXCL10,CXCL2,TNFRSF1B,CXCL8,IL2,TNF,IL1A,NFKB1,IFNG,CCL3,IL6,MYBPC3,IRF9,STAT2,TLR4,IL10,IL1RN,ICAM1,IL12B,TLR4,IFNAR1,MX1,S100A9,IFIT3,DDX58,IL4,IRF1,IL18,S100A8,IRF9,VCAM1,ICAM1,TRAF2,TLR4,TLR4,IL2,IRF9,TNFRSF1B,TLR2,TLR2,IFNG,CCL2,MMP3,IL17A,IL13,CXCL11,IL18
STAT5B,IL23A,MX2,IL1A,IL18,NOS3,IRF3,C5,STAT1,CCL2,OAS1,IRF9,IFIT3,IFNB1,IFNGR2,IL5,REL,S100A9,IL17A,TLR2,VEGFA,CXCL2,STAT5A,CCL4,IL18,IFNGR2,TNFRSF1B,IFNG,TLR2,F8,CD8A,IFIT1,STAT1,IL2RA,IL12A,TLR4,TYK2,TNFRSF1A,ITGA4,IFI44,IL2,TYK2,ITGA4,IRF3,IL12B,IL18,TNF,IFIT1,IFNG,IL8,IRF3,TNFSF10,IFIT1,CCL2,CCL2,IL1R1,FCGR1A,IFNA2,NFKB1,IL8,RELA,ICAM1,CCL4,IL6R,MYH7,TBK1,TYK2,IRF3,IFN-γ,IL2,CASP1,IFNAR1,IRF7,IFNAR2,MX2,S100A12,ISG15,MAVS,IL5,IRF7,IL23A,S100A9,IRF3,SELE,VWF,TRAF5,TLR8,TLR7,IL4,IRF3,IL6R,TLR9,VCAM1,STAT1,IL1A,MMP13,IFNA1,IL12A,IL18,IL10
IRF1,IL12A,OAS1,IL1R1,CXCL10,KLF2,IRF7,C3AR1,STAT2,CCL3,RSAD2,STAT1,ISG15,IFNAR1,STAT1,IL7,IFNG,S100A12,IL10,MYD88,TGFB2,IL18,STAT5B,TLR2,C5,STAT1,IFNG,IFNGR1,TLR7,SERPINE1,CD4,IFIT2,STAT2,IL6R,IL12B,TLR7,SOCS1,TNFRSF1B,IKZF1,IFI44L,IL18,SOCS1,IKZF1,IRF7,IL18,MPO,IL1B,IFIT2,IL10,CXCL10,IRF7,IRF7,IFIH1,CCL4,CCL5,IL1RN,ICAM1,IFNB1,NFKB2,CCL2,IL6,VCAM1,CCL5,IL6ST,THBD,IL6,JAK1,IRF7,STAT1,IL4,VEGFA,IFNAR2,STAT3,JAK1,OAS1,TLR4,IRF7,IRF3,IL13,MX1,IL12A,TLR4,IRF7,VWF,EDN1,RIPK1,IL1RN,TLR8,IL13,IRF1,IL1R1,TLR3,ICAM1,STAT3,IL8,MMP2,CCL2,IL12B,IL12A,IL8
IRF3,IL12B,OAS2,IL1R2,CCL3,KLF4,IRF5,C5AR1,IRF9,CCL5,IFI27,STAT2,MX1,IFNAR2,STAT2,IL12A,IFNGR1,S100A4,IL8,STAT1,TGFBR2,IFNG,NFKB1,TLR4,C3,STAT2,IFNGR1,IFNA1,TLR8,NOS3,IFNA1,IFIT3,IRF1,IL6ST,IL18,TLR9,SOCS3,IFNGR1,MYD88,IFIH1,IL17A,SOCS3,MYD88,S100A8,CD74,ELANE,IL10,IFIT3,IL18,CCL2,IRF9,CD40LG,DDX58,IL8,CCL20,IL6R,VCAM1,STAT1,RELA,CXCL1,IL6R,SELE,CXCL8,TNF,VWF,IL10,JAK2,IRF5,STAT2,IL5,NFKB1,STAT1,MX1,TYK2,OAS2,TLR7,IRF3,IRF7,IL18,ISG15,IL12B,TLR2,JAK1,THBD,THBD,NFKB1,TNFSF13B,IRAK4,IL21,IFNB1,IL2RA,MYD88,SELE,IRF1,IL12B,TIMP1,VCAM1,IL23A,IL12B,CXCL2
IRF7,CXCL8,OAS3,CXCL10,CCL4,CD14,ISG15,IL6,ICAM1,CXCL8,CD177,JAK1,MX2,IRF1,IRF1,IL12B,IFNGR2,TLR4,IFNAR1,ICAM1,SMAD3,IL17A,RELA,TLR9,IL1A,IRF1,IFNGR2,IFNB1,TLR5,VEGFA,IL17A,MX1,IRF9,TNFRSF1A,IL1A,ICAM1,USP18,IFNGR2,IRAK4,DDX58,VEGFA,USP18,IRAK4,S100A9,SFRP4,NLRP3,IFNG,IFITM1,IL2,CCL5,TLR2,CXCL8,TLR4,IL1A,IFNAR1,IL6ST,SELE,STAT3,RELB,CSF2,IL6ST,IRF3,CXCL9,TNFRSF1A,F8,IL18,ISG15,S100A8,IRF9,IL13,IL18,STAT2,CXCL10,TLR3,OAS3,NLRP3,STAT1,MYD88,IL23A,IFIT1,IL4,MYD88,TYK2,ANGPT1,NOS3,NFKB2,NFKB1,MYD88,IL22,JAK1,IFNGR1,IRF7,VEGFA,IRF3,IL18,TIMP2,ICAM1,IL21,IL17A,IL2
IRF8,CXCL10,OASL,CCL2,CXCL2,CD163,STAT1,IL8,VCAM1,IL10,S100A12,JAK2,RSAD2,IRF3,IRF7,IL13,IFNB1,TLR2,IFNAR2,VCAM1,KDR,TLR2,IRF3,MYD88,IL1RN,IRF3,IL10,NLRP3,IRAK4,CXCL10,CCL2,MX2,MX1,TNFRSF1B,IL1RN,VCAM1,ISG15,IL10,TLR4,TLR4,VEGFB,ISG15,TLR4,S100A12,ITGA4,STAT1,IL2,IFITM3,MIP1A,VEGFA,TLR4,FCGR1A,TLR7,TNFAIP3,IFNAR2,IFNGR1,MMP9,JAK1,IL1R1,CSF1,IL1B,IRF7,CCL7,TNFRSF1B,IL1B,IL2,ISG20,S100A9,JAK1,IL18,PYCARD,JAK1,CCL2,TLR7,IFIT1,CD177,STAT2,VCAM1,IL12B,TNF,IL5,NFKB1,ISG15,ANGPT2,S100A8,RELA,STAT1,NFKB1,IL23A,JAK2,IFNGR2,IRF3,IL18R1,IRF7,IL21,TLR2,VWF,IL22,IL23A,IL4
IRF9,CCL2,IFIH1,CCL3,CXCL9,F3,STAT2,IL17A,SELE,IL1RN,S100A8,TYK2,IFI44,IRF7,IRF9,IL18,IFNA1,TLR3,JAK1,VWF,ADAMTS13,TLR4,IRF7,TICAM1,IL1R1,IRF7,IL10RA,PYCARD,IRAK1,CCL2,CXCL8,OAS1,OAS1,IL18,IL2,VEGFA,ISG20,IL1B,TLR5,TLR7,ICAM1,ISG20,TLR5,ICAM1,IKZF1,IRF7,IL4,OAS1,CXCL11,ICAM1,TLR7,IL2,NFKB1,NFKB1,STAT1,IFNGR2,TIMP1,JAK2,IL1RAP,VCAM1,IL1A,STAT1,CCL20,IFITM3,IL6,IL4,MX1,S100A12,TYK2,JAK1,JAK1,TYK2,VEGFA,TLR8,IFIT2,MMP9,STAT3,ICAM1,IL21,TNFRSF1A,IL13,TNFAIP3,IFIT1,VEGFA,S100A9,RELB,IRF7,NFKBIA,CXCL10,TYK2,IL6ST,STING1,PDGFB,TLR2,IL23A,TLR4,SELE,IL15,STAT1,IL17A
TLR3,CCL5,DDX58,CXCL11,CCL2,SERPINE1,JAK1,IL17F,NFKB1,IL2RA,S100A9,ISG15,IFI44L,IRF9,IRF3,IL33,IFNAR1,TLR9,TYK2,SERPINE1,VWF,TLR8,IRF9,IRF3,CCL2,IRF9,IL10RB,CASP1,NFKB1,IL1A,IL12B,OAS2,IFIT1,IL23A,STAT1,CD163,IFIT1,IL8,TLR9,TLR9,VCAM1,IFIT1,TLR9,VCAM1,S100A8,MYD88,IL12A,OAS2,CCL5,VCAM1,TLR9,MIP1A,JAK2,RELA,STAT2,IL10RA,VEGFA,TYK2,IL6R,ICAM1,IL1RN,TLR3,MYD88,IFITM1,TNF,IL12B,MX2,VEGFA,IRF3,JAK2,JAK3,IRF9,S100A8,STING1,IFIT3,ICAM1,DDX58,SELE,NFKB1,TNFRSF1B,IL21,CXCL10,IFIT2,STAT1,S100A12,REL,IRF3,STAT1,CXCL9,S100A8,IL10RB,STAT3,SERPINE1,TLR3,TLR2,NLRP3,SELP,IL7,STAT3,S100A8
TLR4,CCL7,DHX58,CXCL9,TLR2,PLAT,JAK2,IL21,TRAF1,TNFRSF1A,MMP9,ISG20,OAS1,IL1B,IRF5,IL21,IFNAR2,NLRP3,MYD88,D-DIMER,MPO,NLRP3,IRF5,IRF7,CXCL10,IFIT1,IL17A,GSDMD,STAT1,IL17A,TLR4,OAS3,ISG15,IFNA1,STAT2,CD14,IFIT2,IL6,TLR2,MYD88,PECAM1,IFIT2,TLR2,SELE,S100A9,C3,IL12B,OAS3,CXCL8,SELE,MYD88,VEGFA,STAT3,NFKBIA,IRF3,IL10RB,ANGPT1,IRF3,IL6ST,SELE,IL10,TLR7,IRAK4,IFITM2,IFNG,IL23A,OAS1,KDR,IRF7,JAK3,STAT3,IRF3,S100A9,MAVS,IFIH1,VCAM1,IFIH1,VWF,NFKB2,TRAF2,IL22,CCL2,IFIT3,IRF1,STAT3,IKBKB,MMP9,STAT3,CXCL8,S100A9,IL12RB1,IFNAR1,F2,TLR4,TLR4,IRF9,THBD,IFI27,STAT2,S100A9
TLR5,IFNAR1,IFNAR1,IL17A,TLR4,THBD,TYK2,ICAM1,TNFAIP3,TNFRSF1B,ELANE,MX1,OAS2,IL1RN,IRF8,IL22,IRF3,NLRC4,TLR7,IL1A,ELANE,MYD88,VEGFA,IRF5,VEGFA,IFIT2,IL17RA,IL18,STAT3,IL2RB,MYD88,IL6,VCAM1,IFNA2,IRF1,ITGAM,IFIT3,IL18,TLR1,NFKB1,SELE,IFIT3,TLR1,CD36,CD14,IL10,IL1A,OASL,CXCL1,SELP,IRAK4,S100A12,IL2,TLR4,IRF7,IL17RA,IRAK4,IRF7,IFNGR1,BCL2A1,IL8,F3,IRAK2,ISG15,IL17A,CCL2,OAS2,FLT1,MMP9,STAT1,MYD88,IRF7,MPO,MYD88,DDX58,IL17A,TLR2,EDN1,RELA,S100A12,TLR1,SOCS1,TLR2,IRF3,STAT1,CHUK,ICAM1,JAK1,CCL2,S100A12,IRF7,IFNAR2,F5,TLR7,TLR7,IRF3,IL18,ISG15,STAT5A,CD64
TLR9,IFNAR2,IFNAR2,IL17F,NLRP3,PROCR,MX1,VCAM1,CXCL1,IL6R,LCN2,MX2,OAS3,IL1R1,SOCS1,IL23A,IRF7,CASP1,TLR8,IL1R1,CXCL2,IRAK1,VEGFB,NFKB1,S100A4,IFIT3,IL17F,IL6,IRF3,IL2RG,NFKB1,IL6R,ICAM1,IFNB1,IRF3,MPO,OAS1,IL17A,TIRAP,IRF7,SELP,OAS1,TIRAP,PECAM1,IFITM2,TNNT2,IL18,RSAD2,CCL20,CD31,TRAF6,S100A8,IL4,TLR2,IRF9,IL18R1,MYD88,TLR2,IFNGR2,TNFRSF10B,CXCL2,SERPINE1,TLR1,MX1,IL18,CCL3,OAS3,TNNT2,MMP3,STAT3,TLR2,IRF1,MMP9,IRAK4,IL1B,IL10,TLR3,NOS3,RELB,S100A8,TLR2,PTGS2,TLR3,IRF7,IFNG,IL1B,VCAM1,JAK2,CCL3,PADI4,IRF3,JAK1,F3,TLR8,TLR9,IRF7,NLRP3,IFIT1,STAT5B,NLRP3
MYD88,STAT1,JAK1,IL23A,PYCARD,VWF,OAS1,SELE,CXCL2,IL1R1,HP,OAS1,OASL,IL1R2,SOCS3,IL27,IRF5,PYCARD,TLR4,TNFRSF1A,IL17A,TRAF6,VWF,NFKB2,S100A6,ISG15,CXCR1,IL6R,IRF7,JAK1,JAK2,IL6ST,SELE,IFNAR1,IRF5,ELANE,OAS2,IL12B,TRAF6,IRF3,VWF,OAS2,TRAF6,CDH5,IFITM3,CFH,IL17A,STAT1,TLR2,PECAM1,NFKB1,S100A9,IL17A,TLR7,ISG15,IFNAR1,TLR2,TLR4,MIP1A,IFNG,CCL2,IL18,TLR2,MX2,STAT3,CCL4,IFIT1,MYH6,MMP2,STAT5A,IFNB1,TLR3,ARG1,PYCARD,IL1A,IL1A,TLR4,VEGFA,REL,S100A9,TLR3,DDIT3,TLR4,BST2,IFNGR1,IL1A,SELE,JAK3,CCL4,MPO,IRF1,JAK2,PLAT,MYD88,MYD88,JAK1,CASP1,IFI44L,IRF1,CASP1
TICAM1,STAT2,JAK2,IL12A,CASP1,F2,OAS2,F5,CXCL3,IL1R2,LTF,OAS2,IFIH1,IL6,S100A8,IL9,TLR4,STAT1,TREM1,S100A4,IL2,NFKB1,THBS1,RELA,S100A11,ISG20,CXCR2,IL6ST,NLRP3,JAK2,STAT3,TNF,VEGFA,IFNAR2,IRF7,GSDMD,OAS3,IL27,IRAK1,STAT1,NPPA,OAS3,IRAK1,TLR2,IFI44L,S100A12,IL23A,MX2,TLR3,VWF,RELA,TLR1,CD4,TLR8,OAS1,IFNAR2,TLR4,TLR7,CCL3,IFNAR1,S100A8,PYCARD,TLR3,IFIT1,STAT5B,CCL5,IFIT2,NPPA,MMP1,STAT5B,IRF3,TLR4,IL10,NLRP3,IL1RN,CXCL2,MYD88,PECAM1,IKBKB,S100A6,TLR4,CXCL2,MYD88,IFIT1,IFNGR2,IL1R1,CCL2,TYK2,CCL5,ELANE,IRF5,STAT1,PLG,IRAK4,IRAK4,JAK2,IL1RN,IFI44,IRF3,GSDMD
MAVS,IRF9,TYK2,IL12B,IRAK4,F5,OAS3,F8,CCL2,STAT3,CEACAM8,OAS3,DDX58,IL6R,S100A9,IL11,TLR7,STAT2,MMP9,S100A6,MIP1A,RELA,PECAM1,NLRP3,FCGR1A,MX1,IL2,JAK1,PYCARD,TYK2,IL18,TNFRSF1A,VWF,IFNGR1,IRF8,NFE2L2,MX1,ICAM1,IRAK2,JAK2,NPPB,MX1,IRAK2,TLR4,IFI44,CCL2,CXCL10,BST2,TLR4,EDN1,IL17A,IL18R1,CD8A,MYD88,OAS2,IFIH1,NFKB1,TLR8,CCL4,STAT3,S100A9,CD19,TLR4,IFIT2,STAT5A,CXCL8,IFIT3,NPPB,TIMP1,STAT6,IRF7,TLR7,IL1RN,CASP1,IL6,CCL2,STING1,CDH5,CHUK,VCAM1,TLR5,NFE2L2,IRAK4,IFITM1,JAK1,IL1R2,VEGFA,SOCS1,CCL7,CXCL10,STAT1,STAT2,C3,NFKB1,TRAF6,SOCS1,S100A8,IFIT3,IRF7,MYD88
STING1,IRF1,IFITM1,IL18,IRF3,SELP,IFIT1,F3,CCL20,STAT1,DEFA4,IFIT1,IRF7,IL6ST,S100A12,IL1RN,TLR3,STAT3,MPO,S100A10,TNFAIP3,STAT3,ICAM1,PYCARD,FPR1,MX2,IL2RA,JAK2,CASP1,IRF9,TNFAIP3,IL1B,PECAM1,IFNGR2,IRF9,IL18,MX2,VCAM1,IFITM3,IL2,TNNT2,MX2,IFITM3,TLR3,IFI27,IL2,CCL2,ICAM1,TLR7,NOS3,IL17F,IL18RAP,CD3E,IRAK4,OAS3,DDX58,CD14,NLRP3,IL17A,IRF3,S100A12,MS4A1,TLR5,IFIT3,IRF3,CXCL9,IFITM1,MYL2,TIMP2,NFKB1,GSDMD,TLR9,ICAM1,IL18,IL6R,IL4,NLRP3,THBD,NFKBIA,ICAM1,TLR6,ATF3,NLRP3,MX1,JAK2,IL1RN,F3,CXCL8,VEGFA,CXCL9,STAT2,ISG15,C5,RELA,NFKB1,SOCS3,S100A9,MX1,IRF8,TLR2
NFKB1,IRF3,IFITM2,IL18R1,STING1,IL8,IFIT2,THBD,NPPB,STAT6,BPI,IFIT2,IRF9,IL8,S100A4,IL6R,TLR9,JAK1,ELANE,S100A11,NFKB1,JAK2,VCAM1,CASP1,NCF4,OAS1,IL2RB,TYK2,IFI16,STAT2,IRAK1,IL1A,NPPB,STAT1,IFIT1,IL1RN,TRIM21,SELE,STAT3,IL4,TNNI3,TRIM21,STAT3,TLR7,STAT1,SERPINE1,STAT1,VCAM1,TLR8,ANGPT1,IL23A,CCL5,FOXP3,TRAF6,IFIT1,TLR3,CD36,PYCARD,IL17F,IRF7,S100A6,PDCD1,TLR6,OAS1,IRF7,CXCL10,IFITM2,MYBPC3,TIMP3,NFKB2,S100A12,DDX58,VCAM1,IL33,IL6ST,IL5,VCAM1,MMP9,NFKBIB,SELE,TLR9,IL1R1,PYCARD,ISG15,TYK2,IL1RAP,F2,CCL2,VEGFB,CXCL8,IRF9,OASL,CFH,CD14,RELA,IL18,CRP,OAS1,JAK1,TLR4
NFKB2,IRF7,IFITM3,IL18RAP,CD14,IL2,IFIT3,TNNI3,NPPA,JAK1,OLFM4,IFIT3,IRF3,CXCL8,S100A6,IL6ST,DDX58,JAK2,TNNT2,S100A16,NFKB2,CXCL10,SELE,IL18,ALPL,OAS2,IL4,STAT3,STING1,TLR2,TLR7,IL1R1,NPPA,STAT2,IFIT2,IL10,TRIM22,SELP,STAT1,IL12B,MYH6,TRIM22,STAT1,TLR8,STAT2,TLR4,STAT2,SELE,TLR9,ANGPT2,CCL2,CXCL9,IL2RA,IRF3,IFIT2,TLR9,STAT3,CASP1,IL17RA,IRAK4,TLR2,CTLA4,TLR9,OAS2,NOD2,CXCL11,IFITM3,SERPINE1,ICAM1,RELA,TNFRSF1A,IFIH1,PECAM1,IL15,TNF,NFKB1,ICAM1,MMP2,STAT1,SELP,TLR10,IL1RAP,CASP1,NPPA,MYD88,MYD88,F5,CCL3,VEGFC,CCL2,MX1,MX1,CFB,S100A8,IRF3,IL10,SAA1,STAT1,JAK2,TLR5
RELA,MX1,IFI44,TGFB1,MYD88,MIP1A,TLR3,TNNT2,TNNI3,JAK2,CAMP,IFITM1,STAT1,IL10,S100A11,TNFRSF1A,IFIH1,IRF1,TNNI3,CCL5,HMGB1,CCL2,SELP,GSDMD,ANXA3,OAS3,IL4R,STAT5A,CD14,TLR9,IRF3,IL1RN,TNNT2,IRF3,IFIT3,IFNG,IFI16,PECAM1,STAT2,IL17A,MYH7,IFI16,STAT2,TLR9,JAK1,IL17A,STAT3,SELP,IRF1,TEK,CCL3,CXCL11,CD19,IRF7,IFIT3,TLR2,IRF3,IL18,IL17RC,TLR2,TLR3,VEGFA,TLR10,OAS3,NLRC4,CXCL13,IL1B,F5,VCAM1,RELB,IL6,MAVS,VWF,IL15RA,TNFRSF1A,STAT1,SELE,TIMP1,STAT2,VWF,MYD88,IL18R1,IL18,NPPB,TLR4,IRAK4,F8,CCL4,FLT1,CCL5,OAS1,OAS1,C1Q,S100A9,IRF7,IFNA1,TNFRSF1A,IRF7,JAK3,TLR8
RELB,MX2,IFI44L,TGFBR1,ICAM1,VEGFA,TLR4,NPPB,TNNT2,TYK2,ARG1,IFITM2,STAT2,IL12A,ELANE,TNFRSF1B,MAVS,IRF3,MYH7,CXCL10,AGER,MMP9,EDN1,ISG15,MMP9,CXCL9,IL12A,STAT5B,CD40,TRIF,IFNAR1,IL18,TNNI3,IRF7,ISG15,IFNA1,IFI44,VWF,IRF3,IL18,ACTC1,IFI44,IRF3,MYD88,JAK2,F3,IRF1,VWF,IRF3,FLT1,CCL5,IL12A,MS4A1,STAT1,MX1,TLR4,IRF7,IL1RN,VEGFA,TLR7,TLR4,MYD88,STAT1,OASL,ASC,ITGAM,IL1A,F8,SELE,REL,IFNGR1,MYD88,SELP,CCL2,TNFRSF1B,STAT3,VWF,SERPINE1,STAT3,EDN1,IRAK4,IL18RAP,PELI1,TNNT2,TLR2,IFNA1,FGA,CXCL11,KDR,CCL3,ISG15,TLR1,C4A,S100A12,STAT1,IFNB1,IL1R1,IFI6,TYK2,IRAK4
REL,ISG15,IFI6,TGFBR2,VCAM1,CD68,TLR2,BNP,TLR2,SOCS3,IL1R2,IFITM3,ISG20,IL12B,MPO,CCL2,S100A8,IRF7,NPPA,IRF1,TLR4,S100A12,F2,MX1,HMGB1,IFNB1,IL12B,F3,VEGFA,IRAK1,VWF,IFNG,MYH7,IRF9,ISG20,IFNB1,IFI44L,EDN1,IRF7,IL21,MPO,IFI44L,IRF7,TRIF,TYK2,GSDMD,IRF3,THBD,IRF7,KDR,CXCL10,IL12B,PDCD1,STAT3,MX2,NLRP3,IFNAR1,NFKB1,VEGFB,TLR8,MYD88,IL17A,STAT2,BST2,CASP1,TLR2,IL1R1,PLAT,FGG,NFKBIA,SERPINC1,TICAM1,SELE,CXCL1,IL18,IRF7,EDN1,PLAT,STAT4,NOS3,TRAF6,TNFRSF1A,ITPKC,TNNI3,TIRAP,IFNA2,FGB,NOS3,ICAM1,CCL4,TLR4,NLRP3,HLA-DRB1,HMGB1,STAT3,IL2,MYD88,IFIT2,SOCS1,NFKB1
IKBKB,OAS1,IFI16,NFKB1,SELE,MPO,TLR5,CD4,TLR3,SOCS1,CD163,IL1B,HERC5,IL23A,CTSG,CCL5,S100A9,IRF9,NPPB,IRF5,TLR7,TREM1,F5,MX2,TLR2,IFNA1,IL12RB1,F5,VEGFB,IRAK4,ICAM1,IFNGR1,MYH6,JAK1,MX1,IRF3,IFIH1,NOS3,IRF5,IL23A,ELANE,IFIH1,IRF5,NLRP3,IRF3,CD4,IRF7,EDN1,IRF9,MMP9,CXCL8,STAT1,CTLA4,JAK2,IFNB1,AIM2,IFI16,NFKB2,VEGFC,MYD88,IRAK4,CRP,IRF7,RSAD2,IL10,TLR4,IL1R2,PLAU,FGA,NFKBIB,THBD,VCAM1,CD40,CXCL2,IL18BP,MYD88,NOS3,F3,STAT5A,THBD,NFKB1,IFNGR1,FCGR2A,MYH7,TICAM1,IFNB1,FGG,TREH,VCAM1,ICAM1,TLR2,PYCARD,HLA-DQB1,NLRP3,JAK2,IL4,TLR4,OAS2,SOCS3,VEGFA
NFKBIA,OAS2,IFI27,NFKB2,PECAM1,PADI4,DDX58,CD8,TLR4,IRF3,VSIG4,IL1A,USP18,IL17A,AZU1,CXCL10,S100A12,ISG15,C3,IRF8,TLR8,CD44,SERPINE1,OAS1,NOD1,IFNAR1,IL18,F8,ICAM1,TRAF6,VCAM1,IFNGR2,F2,JAK2,OAS1,IRF7,IL15,VEGFA,IRF1,CD4,PADI4,IL15,IRF1,CASP1,IRF7,IL1RN,IRF9,NOS3,STAT1,MMP2,VEGFA,JAK1,LAG3,SOCS1,IFNA1,NLRC4,STING1,RELA,FLT1,IFI16,PELI1,NFKB1,IRF3,STAT1,NFKB1,TLR7,IL1RN,THBD,FGB,VEGFA,HMGB1,ICAM1,CD163,ICAM1,IL10,TRIF,VEGFA,TGFB1,STAT5B,CD177,NFKB2,IFNGR2,BLK,F3,IRAK4,IFNAR1,PLAT,CYP26B1,SELE,VCAM1,DDX58,CASP1,CD4,PYCARD,TBK1,IL8,TLR7,OAS3,S100A8,VEGFB
VEGFA,OAS3,IL15,RELA,NOS3,ELANE,IFIH1,IFNGR1,TLR9,IRF5,MS4A4A,IL1R1,BST2,IL17F,PRTN3,CXCL9,VEGFA,ISG20,C5,IRF9,TLR3,FCGR1A,PLAT,OAS2,NOD2,IFNAR2,IL18R1,F2,VCAM1,NFKB1,SELE,IL10,F3,TYK2,OAS2,STAT1,IL15RA,SERPINE1,ISG15,CD8A,S100A8,IL15RA,ISG15,CASP4,ISG15,NFKB1,ISG15,PECAM1,STAT2,TIMP1,VEGFB,JAK2,HAVCR2,SOCS3,IFNG,STAT1,PYCARD,RELB,KDR,STING1,STING1,MPO,IRF9,STAT2,NFKB2,TLR8,IL6,PROCR,SERPINE1,VEGFB,STAT2,SELE,SPI1,VCAM1,IL10RA,TLR2,MMP9,TGFB2,STAT6,FPR1,RELA,STAT1,CD40,THBS1,TRAF6,IFNAR2,SERPINC1,GC,SELP,SELE,TLR9,GSDMD,CD8A,CASP1,IFNAR1,CXCL10,TLR9,MX2,S100A9,VWF
VEGFB,IFIT1,IL15RA,RELB,VEGFA,FCGR3A,MYD88,IFNGR2,DDX58,IRF7,CXCR4,IL1RN,TRIM22,CXCL9,DEFA1,CXCL11,VEGFB,MX1,CFH,IFNAR1,MYD88,ITGAM,PLG,OAS3,NLRP1,JAK1,IL18RAP,FGA,SELE,MMP7,SELP,IL10RA,F5,MX1,OAS3,JAK1,IL2RB,F3,MX1,CD3E,S100A9,IL2RB,MX1,CASP5,ISG20,CFI,ISG20,TNNT2,STAT3,TIMP2,NOS3,IFNAR1,TIGIT,ISG15,IFNGR1,STAT2,NLRP3,IKBKB,NRP1,PYCARD,MAVS,CCL2,ISG15,IRF9,RELA,TLR3,IL6R,VWF,PLAT,VEGFC,IRF9,SELP,TLR2,VEGFA,IL10RB,TLR9,MMP7,TGFBR1,JAK1,SELL,RELB,JAK1,TBK1,SERPINE1,F2,IRF3,IL1A,BAG3,SELL,SELP,MYD88,CASP8,CD3E,IL18,IFNB1,IL17A,IRAK4,RSAD2,S100A12,EDIL3
VEGFC,IFIT2,IL2RB,REL,ANGPT1,FCGR3B,IRAK4,IL15RA,IFIH1,NFKB1,CCR2,IL6,VEGFA,CXCL10,DEFA3,CCR1,KDR,MX2,CFB,IFNAR2,IRF7,PRF1,THBD,IFIT1,NLRC4,JAK2,IL23A,FGB,MCP1,MMP9,THBD,ICAM1,F7,MX2,IFNGR1,TBK1,JAK3,PLAT,OAS1,CD19,S100A12,JAK3,OAS1,IL18,IFIT1,IRF3,MX1,MYH7,IRAK4,TGFB1,EDN1,IFNAR2,CD38,ISG20,IFNGR2,STAT3,CASP1,TNFAIP3,ANGPT1,CASP1,VEGFA,CCL5,IFNAR1,IRF3,RELB,TLR9,IL6ST,SELP,F3,KDR,NLRC4,VEGFA,TLR7,VEGFB,IL17A,CD14,F3,TGFBR2,JAK2,CCR1,IFNAR1,JAK2,IFI16,ADAMTS13,F2R,IRF7,IL10,SQSTM1,PECAM1,VWF,IRAK4,IL1R1,TCF7,STING,IFIT1,CCL2,TRAF6,IFI35,S100A4,FGA
ANGPT1,IFIT3,JAK3,NFKBIA,ANGPT2,NFKB1,IRAK2,IL2RB,MAVS,NFKB2,CD14,IL6R,ANGPT1,CXCL11,DEFA4,CCR2,FLT1,IFI44,CD55,JAK1,CLEC7A,GZMB,PROCR,IFIT3,AIM2,TYK2,IL23R,FGG,CCR2,ICAM1,PECAM1,VCAM1,F10,ISG15,IFNGR2,CXCL10,STAT5A,PLAU,IFIT1,CD14,PRTN3,STAT5A,IFIT1,IL6,IFIT2,CCL3,MX2,NPPA,MYD88,TGFBR1,ICAM1,IFNGR1,CD69,MX1,TLR2,STAT5A,GZMB,MYD88,ANGPT2,NLRP3,FLT1,CXCL8,IFNAR2,IRF7,CD40LG,DDX58,TNF,IL8,THBD,FLT1,F2,FLT1,IRF3,SELE,IL17F,F2,TFPI,JAK1,JAK3,XAF1,IFNAR2,IRF1,ICAM1,TLR4,F3,TBK1,IL12B,UBD,CD36,THBD,TRAF6,IL1RAP,CD19,IFI16,IFIT2,VEGFA,NFKB1,IFITM1,S100A6,FGB
ANGPT2,JAK1,TNF,NFKBIB,TEK,RELA,TRAF6,IL2RG,ISG15,RELA,TLR4,IL6ST,ANGPT2,CCL2,LCN2,CCR5,ICAM1,IFI44L,MDA5,JAK2,CLEC4A,SPI1,SERPINC1,DDX58,C5AR1,TLR2,S100A8,SERPINE1,HMGB1,VCAM1,CDH5,SELE,FGA,ISG20,IFNAR1,CCL2,STAT5B,PLAUR,IFIT2,CD16,TLR2,STAT5B,IFIT2,CXCL8,IFIT3,CCL4,OAS1,NPPB,STING1,TGFBR2,VCAM1,IFNGR2,HLA-DRA,OAS1,TLR4,STAT5B,PRF1,IRAK4,TEK,CD14,THBD,DDX58,IFNB1,IFNG,ITGAM,IFIH1,TNFRSF1A,CXCL8,PROC,FLT4,VWF,KDR,STAT1,CD11B,IL17RA,F5,SERPINE1,JAK2,TYK2,NCF4,IRF1,IRF3,VCAM1,TLR3,PROS1,TLR2,IL17A,EBI3,ITGAM,EDN1,CD14,NLRC4,CD20,IFNAR1,IFIT3,FLT1,RELA,IFITM3,S100A11,FGG
NRP1,JAK2,TNFAIP3,IKBKB,VWF,STAT1,TRAF3,JAK1,ISG20,RELB,TLR2,TNF,TEK,CCL3,LTF,CX3CR1,VCAM1,IFI6,RIG1,TYK2,SELE,RUNX1,F7,IFIH1,C3AR1,TLR3,S100A9,PLAT,NOTCH1,SELE,NOS3,SELP,FGB,IFIT1,TLR2,CD19,TLR2,F5,IFIT3,FOXP3,TLR3,TLR2,IFIT3,CCL2,MX1,IL8,OAS2,TNNI3,IFI16,SMAD3,SELE,ISG15,HLA-DRB1,IFIT1,TLR9,IRF3,GZMA,TRAF6,TIE1,CD36,EPCR,IFIH1,IFNG,IFNGR1,ICAM1,CD44,TNFRSF1B,CCL2,PROS1,ICAM1,PECAM1,VWF,ISG15,CD18,CXCL8,THBD,PLAT,JAK3,SOCS1,ELANE,IRF3,VEGFA,SELE,DDX58,PROC,TLR3,IL23A,NFKB2,ITGAX,NOS3,TLR3,AIM2,IGHM,IFNB1,MX1,KDR,JAK2,IRF3,CD14,THBD
FLT1,TYK2,TNFAIP6,JAK1,THBD,IFITM3,CXCL10,JAK3,OAS1,IKBKG,MYD88,TNFRSF1A,KDR,CCL4,VEGFA,CCL3,SELE,IFI16,LGP2,IRAK4,VCAM1,VEGFA,F10,DHX58,MPO,TLR4,S100A12,PLAU,MMP3,SELP,VEGFA,PECAM1,FGG,IFIT2,TLR4,CD20,TLR3,THBS1,DDX58,GATA3,TLR4,TLR3,DDX58,CCL3,MX2,MYH7,OAS3,MYBPC3,IFNAR1,BMP1,SELP,MX1,PRF1,IFIH1,MYD88,IRF7,GZMK,IL17A,S100A8,IL10,F3,STAT2,IFNA1,IFNAR1,VCAM1,TREM1,IL10,CCL5,VWF,VCAM1,IL2RB,EDN1,OAS1,CD31,CXCL10,C3,THBD,TYK2,SOCS2,MPO,IRF7,EDN1,SELP,IFIH1,F5,TLR4,CD40,RELA,ITGB2,VEGFA,IFIH1,CD14,IGHG1,JAK1,MX2,PLAT,STAT3,VEGFA,FCGR3B,F2
KDR,TLR2,TNFRSF1A,JAK2,EDN1,ICAM1,CXCL9,STAT3,MX1,IKBKB,NFKB1,TNFRSF1B,FLT1,CCL5,VEGFB,CCL4,SELP,IFI27,VCAM1,TRAF6,ICAM1,ANGPT1,NPPA,STAT1,ELANE,TLR9,S100A4,VWF,MMP9,IL10,FLT1,VWF,IL2,IFIT3,TLR5,CD38,TLR4,TLR2,IFIH1,TBX21,TLR9,TLR4,IFIH1,CCL4,TLR3,CASP1,IFITM3,ACTC1,IFNAR2,F3,F2,OAS1,GZMB,DDX58,TICAM1,NFKB1,CD8A,IL17F,S100A9,IL17A,TFPI,CD274,ICAM1,IFNAR2,SELE,MMP9,IL10RA,ICAM1,IL1R1,SELE,CXCL8,NOS3,F3,NOS3,CCL2,C5,PROC,STAT1,SOCS3,NPPA,IRF9,NOS3,VWF,CASP1,F7,TLR9,CD40LG,VWF,F2,C3,NFKB1,ICAM1,PFKFB3,JAK2,ISG15,SERPINE1,SOCS3,ICAM1,FCN1,F3
TEK,TLR4,TNFRSF1B,JAK3,NFKB1,VCAM1,CCL2,STAT5A,MYD88,TLR2,RELA,IL2,VWF,CCR1,VEGFC,CCL7,VWF,IFIT1,ICAM1,NFKB1,MCP1,ANGPT2,NPPB,STAT2,CEACAM8,MYD88,S100A6,THBD,MMP12,IL8,KDR,THBD,IL10,OAS1,TLR9,CD138,TLR9,TLR4,VCAM1,RORC,MYD88,TLR9,VCAM1,CCL5,TLR4,CD8A,IFITM1,TPM1,NLRP3,F2,F5,IFIT1,GZMA,MAVS,NLRP3,RELA,CTLA4,CCL2,S100A12,IL23A,VWF,ISG15,VCAM1,TLR2,SELP,MMP8,IL10RB,VCAM1,IL1R2,SELP,STAT5A,TNNI3,SERPINE1,EDN1,CCL3,C5AR1,F2R,STAT3,SOCS4,NPPB,STAT1,NOS2,EDN1,NLRP3,F10,TICAM1,TGFB1,THBS1,F5,C5,RELA,VCAM1,HK3,TYKI2,OAS1,F2,CD4,VCAM1,CD163,SERPINE1
PECAM1,TLR9,NFKB1,TYK2,NFKB2,EDN1,CCL3,STAT5B,IRAK4,TLR4,MAPK1,IL2RA,ICAM1,CCR2,FLT1,CCL8,PECAM1,IFIT2,SELE,RELA,CCR2,TEK,MYH6,ICAM1,NCF1,TICAM1,TLR2,PROCR,MMP13,IL18,TEK,EDN1,IL1A,OAS2,MYD88,FGR,MYD88,TLR5,ICAM1,CCL2,TICAM1,MYD88,ICAM1,IFNG,TLR5,TLR7,IFITM2,MYL2,PYCARD,F5,F8,CD274,FASLG,STING1,NLRP12,JUN,PDCD1,CCL3,TNNI3,IL12B,ADAMTS13,IFIT1,SELE,TLR4,NOS3,MMP2,IL17A,SELE,IL1RAP,PECAM1,STAT5B,TNNT2,THBS1,FGG,CCL4,CFH,SERPINC1,STAT5A,SOCS5,MYH7,STAT2,ICAM1,NOS3,GSDMD,IFITM3,TIRAP,IFNA1,SERPINE1,F7,CFH,RELB,SELE,SLC2A14,ISG15,OAS2,F5,CD3E,SELE,CD68,PLAT
CDH5,MYD88,NFKB2,STAT1,RELA,IL17A,CCL4,NFE2L2,ALPK1,MYD88,MAPK3,IL2RB,VCAM1,CCR5,KDR,CXCL1,CDH5,IFIT3,SELP,TBK1,CCR5,FLT1,MYH7,VCAM1,NCF2,IRAK4,TLR3,PROC,TGFB1,CD40L,ANGPT1,NOS3,IL18,OAS3,IRAK4,CFH,MAVS,TLR7,SELE,CCL5,TRAF3,MAVS,SELE,IL2,TLR9,C5,USP18,MYL3,CASP1,F7,FGA,IDO1,TNFRSF1A,FCGR2A,AIM2,FOS,LAG3,CCL4,NPPB,IL2,ADAMTS18,IFIT3,SELP,TLR9,EDN1,ELANE,IL17F,CD14,IL6R,VWF,TLR9,MYH7,GP1BA,FGA,CCL5,MASP2,NFKB1,STAT5B,IRF1,TNNT2,JAK1,VCAM1,PECAM1,RIPK1,IFITM2,ICAM1,IFNB1,F2,F8,CFB,NFKBIA,SELP,GAPDHS,ISG20,OAS3,F8,CD19,SELP,CD80,CXCR1
VWF,NLRP3,RELA,STAT2,RELB,IL12A,CCL5,MYD88,TLR5,TIRAP,JUN,IL4,SELE,CXCR3,FLT4,CXCL2,IL1B,VEGFA,CD40L,IKBKE,S100A12,KDR,TNNT2,SELE,CXCL2,TRAF6,TLR4,PROS1,TGFBR1,FGG,ANGPT2,VEGFA,IL33,OASL,IFITM1,S100A8,STING1,TLR9,SELP,CCR2,TRAF6,STING1,SELP,IL4,MYD88,FOXP3,RSAD2,F3,GSDMD,F10,FGB,TREM1,TNFRSF1B,FCGR3A,MAVS,JAK1,NKG7,CCL5,CRP,CXCL10,SERPINE1,OAS1,VEGFA,MYD88,VEGFA,MPO,IL17RA,HMGB1,IL6ST,EDN1,IFNA1,MYBPC3,CD14,FGB,CCR5,TNNI3,NFKB2,SOCS1,IRF3,TNNI3,JAK2,SELE,CDH5,RIPK3,IFITM1,VCAM1,JAK1,F8,F9,C1QA,IKBKB,VEGFA,ALDOC,IFIT1,IFI27,F10,CD14,VWF,CD86,CXCR2
SELE,NOD1,RELB,STAT3,CHUK,IL12B,CXCL1,IRAK1,KREMEN1,TRIF,FOS,IL4R,SELP,VEGFA,VWF,ICAM1,IL1A,VEGFB,CD64,TICAM1,S100A8,NOS3,TNNI3,SELP,CXCL1,NFKB1,TLR9,CD46,TGFBR2,FGA,TIE1,NPPA,IL17A,IFI27,TRAF6,S100A9,CD14,MYD88,PECAM1,CCR5,IFNA1,CD14,PECAM1,IL10,MAVS,F2,VEGFA,F2,IL23A,SERPINE1,FGG,MMP9,CD14,CD40,DDX58,JAK2,CD4,CXCL8,FGB,IL18,PLAT,MX1,VEGFB,TIRAP,KDR,PADI4,IL18,IL10,TNFRSF1A,NOS3,IFNA2,NPPA,HLA-DRA,F2,PECAM1,NPPB,RELA,SOCS3,IRF7,F3,TYK2,SELP,VEGFA,CD3E,IL6,SELE,JAK2,F5,F10,C5AR1,CHUK,VWF,LDHB,IFIT3,IFI44,F7,CD16,ANGPT2,MRC1,CD11B
SELP,NOD2,REL,STAT4,IKBKB,TGFB1,CXCL2,IRAK4,FPR1,TRAM,CEBPB,IL13,PECAM1,VEGFB,THBD,VCAM1,IL1R1,VEGFC,OSM,SELE,S100A9,ICAM1,ACTC1,VWF,CXCL9,RELA,MYD88,CD55,ADAM17,FGB,PDGFB,NPPB,IL17F,IFI44,MAVS,S100A12,SAMHD1,TICAM1,CDH5,CXCR3,IFNA2,SAMHD1,CDH5,IL17A,NOD1,IL2RA,VEGFB,F5,IL12B,SERPINC1,SERPINE1,CD44,CD16,CD40LG,IFIH1,JAK3,FOXP3,CXCL10,FGA,MCP1,PLAUR,THBD,VEGFC,TRAF6,FLT1,S100A8,IL18R1,IL37,TNFRSF1B,THBD,IRF1,NPPB,HLA-DRB1,F3,ICAM1,BNP,RELB,NLRP3,IRF9,SERPINE1,ISG15,F2,KDR,CD4,IL1B,SELP,STAT3,PLAT,F11,C3AR1,MAP3K7,PECAM1,CYBB,MX1,IFI44L,F9,FOXP3,TEK,MSR1,CD18
ICAM1,CD14,NFKBIA,STAT5A,TNFAIP3,TGFB2,CCR2,TRAF6,CR1,CD14,SPI1,IL10,CDH5,VEGFC,ICAM1,SELE,IL1RN,FLT1,CCL2,SELP,CXCR3,VCAM1,MYL2,VEGFA,CCL3,DDX58,TIRAP,CD59,SEMA4D,THBS1,ENG,TNNT2,IL4,IFI44L,STING1,C3,DDX58,IRAK1,VWF,VWF,IFNB1,DDX58,VWF,IL23A,NOD2,SELE,VEGFC,F7,IL12A,PLAU,PLAT,ITGAM,FCGR3A,HLA-DRB1,S100A8,TYK2,CD25,MIP1A,FGG,RANTES,CD31,PLAT,FLT1,IRAK4,ANGPT1,S100A9,IL18RAP,STAT3,IFNAR1,PROCR,AIM2,CRP,FCGR1A,F5,VCAM1,ANXA3,NFKBIA,CASP1,TLR1,THBS1,ISG20,F5,ANGPT1,CD8A,IL10,VWF,MAPK1,PLG,F12,F3,TAB1,CDH5,NCF1,OAS1,IFIH1,TNNI3,GATA3,CDH5,CD36,CD62L
VCAM1,TIRAP,IKBKB,STAT5B,BIRC3,CD19,CCR5,NFKB1,SLC2A14,LBP,IRF3,IL10RA,NOS3,KDR,VCAM1,SELP,IL6,KDR,CXCL10,PECAM1,CCL5,SELE,MYL3,VEGFB,CCL4,IFIH1,TICAM1,CFH,PLXNB1,PLAT,ACVRL1,TNNI3,IL5,RSAD2,DDX58,C5,DDX60,IRAK4,THBD,PECAM1,IFNAR1,DDX60,THBD,IL12A,NLRP3,SELP,KDR,F10,SOCS1,PLAUR,THBD,SPI1,TLR2,HLA-DQB1,S100A9,ICAM1,IL2RA,VEGFA,PLG,S100A8,CD146,PLAUR,KDR,NFKB1,ANGPT2,S100A12,IL23A,STAT1,IFNAR2,F2,RELA,MYL2,FCGR3A,F7,SELE,ALPL,IKBKB,PYCARD,TLR2,PLAU,IFIT1,SERPINE1,ANGPT2,MPO,IL18,PECAM1,MAPK3,SERPINC1,F13A1,F2,TAB2,NOS3,NCF2,RSAD2,DDX58,TNNT2,TBX21,PECAM1,FCGR1A,CD62P
F2,IRAK4,CHUK,STAT6,BCL2L1,CD20,ICAM1,RELA,PFKFB3,S100A8,IRF5,IL17A,EDN1,FLT1,SELE,PECAM1,IL6R,FLT4,NLRP3,VEGFA,CCR7,SELP,TPM1,VEGFC,CCL5,MAVS,TICAM2,CFI,FIBRINOGEN,PLAU,SMAD4,MYH7,IL13,VEGFA,IFIH1,CFB,IL1B,NLRP3,EDN1,VCAM1,IFNAR2,IL1B,EDN1,IL12B,NLRP1,CXCL8,FLT1,SERPINE1,SOCS3,THBD,PROC,PRF1,TLR9,S100A8,S100A12,VCAM1,TIGIT,NOS3,SERPINE1,S100A9,NOS3,F2,MMP9,RELA,TEK,S100A6,IL23R,JAK1,IL10RA,F3,RELB,MYL3,FCGR3B,F8,SELP,NCF4,CHUK,IL18,TLR3,F2R,IFIT2,PLAT,TEK,ELANE,CCL2,CDH5,JUN,TLR1,F13B,F5,TRAF3,EDIL3,MPO,VEGFA,STING1,MYH7,RORC,THBD,FCGR2A,ICAM1
F3,TLR1,ICAM1,SOCS1,MCL1,MS4A1,VCAM1,RORC,HK3,S100A9,TBXA2R,IL17RA,THBD,FLT4,SELP,CDH5,CXCL8,ANGPT1,PADI4,KDR,CCR1,VWF,TLR4,EDN1,ICAM1,TBK1,IRF3,CFB,F5,F2,F3,CRP,IL12A,VEGFB,CGAS,SERPING1,IL1R1,PYCARD,ANGPT1,ICAM1,IRF3,IL1R1,ANGPT1,CD14,AIM2,STAT2,ICAM1,PLAT,NFkB1,PROCR,CD40,GZMB,MYD88,S100A9,S100A6,SELE,TIM3,EDN1,THBD,S100A12,EDN1,LAG3,MMP2,VEGFA,TIE1,S100A11,CXCR1,JAK2,IL10RB,F5,SELE,ACTC1,CX3CR1,F9,VWF,CFL1,NPPA,GSDMD,TLR4,PROC,IFIT3,PLG,F2,S100A8,CXCL10,THBD,FOS,TLR5,SERPINE1,SERPINE1,VEGFB,THBS1,ALOX5,VEGFR2,CD14,MYBPC3,IL4,PROCR,FCGR3A,VCAM1
F5,TLR3,VCAM1,SOCS3,NPPA,CD38,SELE,IL23R,BIRC3,S100A12,THBS1,IL18,ENG,VCAM1,EDN1,VEGFA,CXCL10,ANGPT2,PRTN3,FLT1,IL10,THBD,TLR2,NOS3,VCAM1,PECAM1,IRF7,CFD,F8,F5,SERPINE1,SAA1,IL12B,VEGFC,NFKB1,MBL2,IL1RN,CASP1,ANGPT2,SELE,IRF7,IL1RN,ANGPT2,CD16,PYCARD,JAK1,VCAM1,PLAU,NFkB2,CD177,CD40LG,CD14,IRAK4,S100A12,S100A11,SELP,CXCL10,VCAM1,F3,S100A6,VCAM1,HAVCR2,MMP3,VEGFB,MMP9,FCGR1A,CXCR2,SOCS1,TLR4,F7,SELP,F8,IL2,F10,THBD,FPR1,NPPB,MLKL,TLR5,SQSTM1,MX1,PROC,F3,S100A9,IL6R,C3,NLRP3,TLR6,SERPINC1,PLAT,VEGFC,ENG,TNNT2,VWF,CD36,TPM1,IL5,EDN1,TLR4,SELE
F7,TLR5,SELE,IRF1,NPPB,CD81,SELP,IL23A,TNFRSF4,HMGB1,VWF,IL18R1,VEGFB,ICAM1,NOS3,FLT1,CCL2,TEK,NE,CDH5,STAT3,F3,TLR9,THBD,SELE,ICAM1,IRF5,C3,THBD,F9,PLAT,SAA2,IL23A,KDR,NFKB2,MASP2,IL6,CASP4,SERPINE1,SELP,STAT1,IL6,SERPINE1,FCGR3A,IRAK4,TLR9,SELE,PROC,RELA,ELANE,TNFRSF1A,TLR4,TRAF6,MMP9,S100P,PECAM1,CXCL9,ICAM1,F5,S100A11,ICAM1,TIGIT,SERPINE1,VEGFC,MMP2,FCGR2A,NFKB1,NLRP3,TLR7,F10,CD14,F2,IL4,F13A1,EDN1,ALOX5AP,MYH7,RIPK3,TLR6,UBD,MX2,PROS1,F5,MMP9,IL6ST,C4A,PYCARD,TLR9,SERPIND1,PROC,ANGPT1,ANGPT1,MYH7,PECAM1,CD64,MYL2,IL13,NOS3,TLR2,SELP
F10,TLR6,SELP,IRF3,TNNT2,CD21,PECAM1,IL12B,TNFRSF9,CD163,SELP,IL23A,VEGFC,SELE,ACE,KDR,CCL3,TIE1,FPR1,F3,JAK2,SERPINE1,MYD88,PECAM1,SELP,VCAM1,IRF1,C4A,SERPINC1,F10,PLAUR,CD4,IL27,FLT1,RELA,F3,IL6R,CASP5,F3,NOS3,STAT2,IL6R,F3,FCGR2A,VEGFA,TNNI3,SELP,PROS1,CD14,MPO,TNFRSF1B,NLRP3,MAPK1,MMP2,S100Z,VWF,CCL2,SELE,F8,S100P,SELE,FCGR2A,F5,FLT1,TIMP1,FCGR3A,NFKB2,CASP1,TLR3,F11,MAPK14,F5,IL1A,SERPINE1,NOS3,CXCL1,TNNT2,ZBP1,TLR9,EBI3,OAS1,TNNI3,F10,C3,HLA-DRA,C5,CASP1,TLR3,SERPINF2,NPPA,ANGPT2,ANGPT2,NPPA,VCAM1,FCGR1A,MYL3,IL22,SERPINE1,TLR3,MMP2
F13A1,TLR10,VWF,IRF7,TNNI3,CD40,VWF,IL1R1,LTB,CD206,SELE,IL23R,NRP1,SELP,ANGPT2,NOS3,CCL4,VCAM1,HK3,THBD,CD14,PLAT,IRAK4,F2,VWF,SELE,STAT1,C4B,PLAT,F11,F8,CD8A,IL21,ICAM1,VEGFA,TFPI,IL6ST,GSDMD,PLAT,EDN1,ISG15,IL6ST,PLAT,ITGAM,VEGFB,S100A8,CDH5,TLR4,CD36,LTF,IL6R,CASP1,MAPK3,TIMP1,HMGB1,THBD,CCL3,SELP,VWF,S100Z,SELP,FCGR3A,F2,KDR,TIMP2,FCER1G,RELA,IL18,MYD88,F12,TYK2,FGB,CCL3,PLAT,VEGFA,CXCL5,TNNI3,AIM2,TLR10,ATG5,OAS2,TNNT2,SERPINE1,C5,HLA-DRB1,C3AR1,IL18,TRAF6,PLAT,NPPB,TEK,TEK,BNP,ICAM1,FCGR2A,ACTC1,IFNB1,PLAT,TLR9,MMP9
F13B,TICAM2,THBD,IRF8,MYH7,HLA-DRB1,VEGFA,IL1RAP,TNIP3,ARG1,ICAM1,IL27,F3,PECAM1,F2,EDN1,IL10,ICAM1,FCGR1A,FGA,IRAK4,PLAU,TRAF6,F3,THBD,SELP,STAT3,C5,VWF,VWF,F5,CD3E,MX2,VCAM1,VEGFB,PLAT,IL17A,AIM2,THBS1,THBD,MX1,IL17A,THBS1,ITGAX,VCAM1,S100A9,PECAM1,TLR2,CD64,DEFA1,IL6ST,IL1R1,MAPK8,ELANE,HMGB2,PROCR,CCL4,VWF,ADAMTS13,FGA,MMP2,CD14,F3,ICAM1,IL1R1,CD79A,RELB,MYD88,NFKB1,F13A1,IFNAR1,FGA,CCL4,PLAU,FLT1,MPO,MYBPC3,NEK7,MYD88,BECN1,OAS3,MYH6,PLAT,C3AR1,HLA-DQA1,C5AR1,IL1R1,TRAF3,PLAU,MYH7,FLT1,TIE1,TNNI3,SELE,FCGR3A,IL21,ISG15,PLAUR,TLR1,MMP1
FGA,TRAM1,NOS3,IRF9,ACTC1,HLA-DQB1,EDN1,CASP1,ADAM8,NOS2,VCAM1,IL27RA,SERPINE1,CDH5,F3,ANGPT1,IL12A,SELE,SLC11A1,FGB,TRAF6,FGA,TICAM1,F5,PECAM1,VWF,STAT5A,C6,GP1BA,PROC,PROC,CD3D,OAS2,SELE,VEGFC,SERPINE1,IL17RA,NLRC4,SERPINC1,F3,F3,IL17RA,SERPINC1,CD11B,ICAM1,VWF,VWF,TLR3,FCGR2A,DEFA3,SOCS1,IL1RN,JUN,MPO,VEGFA,EDN1,CXCL5,THBD,CD177,FGB,MMP9,CD163,F10,VCAM1,IL1R2,CD79B,REL,TRAF6,RELA,FGA,IFNAR2,FGG,CCL5,PROC,ANGPT1,ELANE,DSP,CXCL10,TICAM1,BCL2,RSAD2,MYH7,PLAU,C5AR1,HLA-DQB1,CFH,MYD88,IRF3,PLG,TNNT2,KDR,FLT1,IRF5,SELP,S100A8,IL23,IFIT1,F3,TLR5,MMP3
FGB,IRAK2,EDN1,VEGFA,GDF15,HLA-DQA1,NOS3,PYCARD,EBI3,CD68,PECAM1,CXCL8,PLAT,VWF,F5,ANGPT2,IL12B,SELP,SAA1,FGG,PYCARD,FGB,TICAM2,FGA,EDN1,THBD,STAT5B,C7,ITGA2B,PROS1,PROS1,CD28,OAS3,SELP,FLT1,VWF,TNF,IFNAR1,PROC,SERPINE1,F2,TNF,PROC,CD11C,SELE,IFNAR1,EDN1,TLR9,PELI1,S100A8,SOCS3,TNFRSF1A,FOS,CTSG,FLT1,NOS3,IL17A,SERPINE1,ELANE,FGG,TIMP1,CD40,PLAT,SELE,IL6R,CD19,NFKBIA,NFKB1,MAPK14,FGB,F3,SERPINE1,CXCL8,PROS1,ANGPT2,CTSG,TTN,CCL2,IRAK4,BCL2L1,VEGFA,NPPA,PROC,CFH,HLA-DPA1,CFB,TIRAP,IRF7,PROC,TNNI3,NOS3,KDR,IRF7,EDN1,S100A9,IL12A,OAS1,TFPI,TLR6,TIMP1
FGG,TRAF6,PECAM1,VEGFB,POSTN,HLA-DPA1,THBD,AIM2,UBD,CD11B,CDH5,CXCL10,PLAU,EDN1,F7,TEK,IL17A,PECAM1,CSF3R,PLAT,CASP1,FGG,TIRAP,FGB,NOS3,EDN1,STAT6,C8A,ITGB3,SERPINC1,TFPI,CTLA4,OASL,PECAM1,KDR,THBD,TNFRSF1A,IFNAR2,PROS1,PLAT,F5,TNFRSF1A,PROS1,F2,SELP,IL4,NOS3,MYD88,ITPKC,S100A9,ISG15,TNFRSF1B,RELA,CD177,KDR,SERPINE1,IL23A,F3,MPO,F2,HIF1A,CD86,PLAU,SELP,IL6ST,MS4A1,NFKBIB,RELA,MAPK8,FGG,PROC,PLAT,TGFB1,THBD,TEK,LTF,CD14,CCL5,TRAF6,MCL1,VEGFB,NPPB,PROS1,IL17F,HLA-DPB1,CFD,IRAK1,IRF9,PROS1,NKX2-5,ICAM1,ITGAM,STAT1,NOS3,S100A12,IL12B,RSAD2,PROS1,MYD88,TIMP2
SERPINE1,VEGFA,CDH5,VEGFC,F3,HLA-DPB1,F3,IL18,SQSTM1,ICAM1,ANGPT1,CCL2,FGA,NOS3,F10,VWF,IL18,CDH5,FCN1,PROC,NLRC4,F2,NLRC4,FGG,F3,NOS3,JAK1,C8B,P2RX7,TFPI,THBS1,ICOS,IFIT2,CDH5,ICAM1,PROCR,TNFRSF1B,STAT2,SERPIND1,TFPI,F7,TNFRSF1B,SERPIND1,F3,PECAM1,NPPA,THBD,TICAM1,BLK,S100A12,ISG20,CD80,RELB,NCF1,ICAM1,PLAT,IL12B,F8,MMP8,F7,PDGFB,CD80,SERPINC1,PECAM1,TNFRSF1A,BANK1,IKBKB,MAPK1,JUN,PLG,PROS1,PLG,ITGAM,VWF,TIE1,DEFA1,CD36,CCL3,NOD1,BIRC2,VEGFC,IL33,SERPINC1,CXCL10,SELE,F2,IRAK4,STING1,THBD,GATA4,VCAM1,ITGB2,STAT2,THBD,ALOX5,IL1A,CXCL8,NPPA,TICAM1,ADAMTS13
SERPINC1,ICAM1,KDR,FLT1,F5,TLR4,NFKB1,IL1A,KDR,VCAM1,ANGPT2,CCL3,FGB,THBD,F11,THBD,F2,MMP9,AQP9,PROS1,AIM2,F5,NLRP3,SERPINE1,F2,VEGFA,JAK2,C8G,CD36,CD14,CD36,GATA3,IFIT3,VWF,VCAM1,ADAMTS13,IL10,TBK1,PFKFB3,F8,F10,IL10,PFKFB3,F5,VWF,CFB,PROCR,NFKB1,HLA-DOB,FCN1,MX1,CD86,NFKB2,NCF2,VCAM1,PLAU,IL18,PLAT,MMP9,F10,KLF2,TNFSF13B,SERPINA5,VWF,TNFRSF1B,BLK,CHUK,MAPK3,FOS,PLAT,ITPKC,F13A1,ITGAL,C3,CDH5,CAMP,CD40,CCL4,NOD2,CFLAR,KDR,ST2,TFPI,CCL2,SELP,F3,TRAF6,IFI16,VWF,TLR4,F3,F2,JAK1,F8,LTB4R,IL1RN,CCL3,NPPB,NLRP3,HMGB1
PROC,VCAM1,FLT1,KDR,SERPINE1,TLR7,NFKB2,CXCL10,FLT1,SELE,TEK,CCL4,FGG,F2,F12,PROCR,F3,MMP2,HP,F2,IL1R1,F8,NLRP1,PLAT,F5,KDR,JAK3,C9,CD163,CD36,ITGB3,TBX21,IFITM1,THBD,SELE,GP1BA,IL10RA,IKBKE,HK3,PROC,SERPINE1,IL10RA,HK3,F7,THBD,CD19,NPPA,NFKB2,MED30,FCN2,MX2,HLA-DRA,IRF3,CYBB,SELE,F3,IL1RN,PLAUR,CTSG,F11,KLF4,CD22,VWF,EDN1,IFNGR1,CD38,TLR1,JUN,CXCL1,PLAU,IL10,C3,ITGAX,C4A,PLAT,ARG1,FCGR2A,CXCR3,NLRP3,TLR4,FLT1,GDF15,NFKB1,CCL3,CD40,F5,RELA,NLRP3,FGB,TLR9,F5,F3,TYK2,FGA,CCR1,NFKB1,CCL4,MYH7,CASP1,AIM2
PROS1,SELE,TEK,FLT4,PLAT,TLR2,RELA,CCL2,SELP,SELP,KDR,CCL5,F2,F3,F13A1,F3,F5,MMP3,HMGB1,F5,IL1RN,F9,PYCARD,PLAU,F7,FLT1,TYK2,MASP1,FCGR2A,CXCL8,ITGA2B,RORC,BST2,PROCR,SELP,P2RY12,IL10RB,DDX58,HK2,PROS1,THBD,IL10RB,HK2,F8,NOS3,PLAT,NPPB,RELA,CD40,ITGAM,OAS1,HLA-DRB1,IRF5,NOS3,SELP,F2,IL4,PROC,CAMP,SERPINC1,FGF2,FCGR2B,CD36,NOS3,IFNGR2,PDCD1,TLR2,FOS,CCL2,SERPINE1,IL17A,C4A,ITGB2,C4B,SERPINE1,CD63,ITGAM,CCR2,NLRC4,TLR3,FLT4,TGFB1,NFKB2,VEGFB,JAK3,SERPINE1,NFKBIA,PYCARD,FGA,TLR3,F7,F5,IFNAR1,FGB,CCR2,NFKB2,CCL5,TNNI3,PYCARD,PYCARD
THBD,PECAM1,ANGPT1,ANGPT1,THBS1,MYD88,RELB,CCL3,THBD,VEGFA,FLT1,PECAM1,F5,F5,FGA,F5,F8,MMP8,TLR3,F13A1,CTGF,F10,CASP1,PLAUR,F10,ANGPT1,IFNA1,MASP2,FCGR3A,CCL5,GP1BA,TLR4,RSAD2,EDN1,VWF,ITGB3,IL23A,IFIH1,HK1,FGB,PROCR,IL23A,HK1,F9,EDN1,CD3E,TNNI3,RELB,KLF4,ITGAX,OAS2,CTLA4,TBK1,EDN1,PECAM1,F5,IL13,PROS1,PADI4,PLAT,ACE2,HLA-DRB1,CD14,THBD,IFNAR1,CTLA4,TLR3,CD40,CCL3,PROS1,IL21,C4B,CD3D,C5,NPPA,CD69,ITGAX,CCR5,NLRP1,TLR9,ANGPT1,HMOX1,RELA,VEGFC,STAT2,PLAT,TBK1,CASP1,FGG,TLR2,PLAT,SERPINE1,IFNAR2,FGG,CCR5,RELA,CXCR3,TNNT2,AIM2,IFIT1
PLAT,VWF,ANGPT2,ANGPT2,GP1BA,TIRAP,REL,MIP1A,VWF,VEGFC,VEGFA,VCAM1,F7,F7,FGB,F7,F13A1,TIMP2,TLR9,IL1RN,CD38,PROC,CASP4,SERPINC1,SERPINC1,ANGPT2,IFNA2,MBL2,C3,HMGB1,SELPLG,TLR2,ISG20,EDNRA,THBD,CD40,IL12A,MAVS,PKM,PLG,C3,IL12A,PKM,F10,HMGB1,IRF1,TNNT2,REL,KLF2,CD16,OAS3,CD28,STING1,VCAM1,VWF,F10,TBX21,CD14,TLR2,TFPI,C3,HLA-DRA,SCARB1,PROCR,IFNAR2,LAG3,TLR4,CD40LG,CCL4,PROC,NFKB2,C1QA,CD4,CFH,NPPB,HLA-DRA,MPO,CX3CR1,PYCARD,NOD1,ANGPT2,MPO,RELB,SELP,STAT4,PLAU,STING1,CD14,TLR2,NOD1,SERPINE1,PLAT,IFNGR1,F2,CXCR1,RELB,CCR5,ACTC1,NLRC4,IFIT2
PLAU,EDN1,S100A8,TEK,ITGA2B,TRAF6,NFKBIA,FCGR1A,PECAM1,KDR,EDN1,ICAM1,F10,F8,FGG,F10,FGA,C3,NOD1,IL1R2,ITGA4,PROS1,CASP5,PROC,SERPINE1,TEK,IFNB1,FCN1,C5,S100A8,P2RY12,MYD88,IFI44,NOS2,EDN1,CD40LG,IL12B,STING1,LDHA,HMGB1,C5,IL12B,LDHA,SERPINE1,NFATC1,IL12B,MYH7,NFKBIA,NOS3,CD11B,IFIT1,ICAM1,MAVS,ICAM1,EDN1,SERPINC1,GATA3,CD36,TLR3,VWF,C5,ITGAM,MSR1,NPPA,CXCL8,HAVCR2,TLR5,TNFRSF1A,CCL5,SERPINC1,TNFRSF1B,C1QB,CD8A,CFB,MYH7,HLA-DRB1,ELANE,F2,CASP1,NOD2,TEK,CR1,REL,NOS3,STAT5A,PLAUR,MAVS,CD36,TLR4,NOD2,THBD,PLG,IFNGR2,F5,CXCR2,REL,CD69,MYL2,IFNG,IFIT3
NPPA,NOS3,S100A9,TIE1,ITGB3,IRAK4,NFKBIB,FCGR3A,CDH5,FLT1,NOS3,SELE,PROC,F9,PLAT,F11,FGB,C4A,NOD2,TNFRSF1B,MICA,SERPINC1,GSDMD,PROS1,PROC,CDH5,IFNAR1,FCN2,CFH,S100A9,TBXA2R,IRAK4,IFI44L,NOS3,NOS2,NFKB1,CXCL10,CXCL10,SLC2A1,S100A8,CFH,CXCL10,SLC2A1,SERPINC1,NFATC2,CCL5,MYBPC3,NFKBIB,SELE,CD14,IFIT2,VCAM1,RIG-I,SELE,NOS3,PROC,RORC,CD16,TLR4,THBD,C5AR1,ITGAX,MARCO,NPPB,CXCL10,TIGIT,TLR6,TNFRSF1B,CXCR4,TFPI,IFNGR2,C1QC,CD19,CFI,TNNT2,SELE,PADI4,F5,AIM2,NLRP3,ICAM1,CD55,NFKBIA,EDN1,STAT5B,ITPKC,DDX58,IFNAR1,TLR7,NLRP3,PROC,THBD,ISG15,F7,NLRP3,TLR3,CD25,MYL3,IFNA1,ISG20
NPPB,THBD,S100A12,NOS3,SERPINC1,CD4,CHUK,CD14,NOS3,PECAM1,EDNRB,SELP,PROS1,F10,PLAU,F12,FGG,C5,IL37,S100A1,SFRP1,CD40,GSDME,C3,PROS1,CLDN5,IFNAR2,FCN3,CFB,TNFRSF1A,PTGS2,TRAF6,IFI27,ANGPT1,NOS3,RELA,CXCL9,CXCL9,PDK1,S100A9,C1QA,CXCL9,PDK1,PLAT,NFATC3,THBD,ACTC1,C3,VCAM1,TLR4,IFIT3,SELE,NLRP3,SELP,ANGPT1,CXCL10,BCL6,FCGR2A,TLR7,PROCR,CFH,ITGB2,CD163,MYH6,CCL2,CD274,TLR9,IL2,CCR2,TLR1,S100A1,CFH,MS4A1,CFD,TNNI3,SELP,LCN2,F8,IL1RN,IL1B,VCAM1,CD14,NFKBIZ,TEK,STAT6,CASP3,IFIH1,IFNAR2,TLR8,MYD88,PROS1,PROC,MX1,F10,PYCARD,TLR7,HLA-DRA,MYBPC3,IFNA2,ISG15
TNNI3,KDR,S100A7,EDN1,PROC,CD8A,IKBKB,CD16,EDN1,CDH5,GUCY1A1,VWF,SERPINC1,F11,SERPINE1,F13A1,PLAT,C3AR1,SEMA4D,S100A2,TRIM58,CD40LG,AIM2,C5,PLAT,OCLN,NFKB1,CR1,CFI,IL1R1,ALOX5,NLRP3,IFI35,ANGPT2,ANGPT1,IKBKG,CCL2,CCL2,HIF1A,S100A12,C1QB,CCL2,HIF1A,PLG,NPPA,TLR2,MYL2,C5,ICAM1,TLR7,IFITM1,SELP,IL1R1,VWF,ANGPT2,CCL2,CD69,HLA-DRA,TLR8,EPCR,CFB,CD44,SCARF1,MYH7,CCL5,LGALS9,MYD88,IL17A,CCR5,TLR2,S100A4,CFB,CD27,MASP1,MYL2,SELL,S100A8,F10,MEFV,IL6,SELE,TLR8,IFITM1,KDR,C3,CD40,TLR3,IFNGR1,TLR9,ISG15,F2,PROS1,OAS1,SERPINE1,CASP1,TLR8,HLA-DRB1,PLN,IFNB1,OAS1
TNNT2,VEGFB,S100A11,EDNRA,PROS1,CD8B,NLRP3,LY96,ANGPT1,THBD,PDE5A,NOS3,THBS1,F12,SERPINC1,F13B,PLAUR,C5AR1,VEGFA,S100A13,IGSF3,TNFRSF1A,NOD1,CFH,PLAU,TJP1,NFKB2,CR2,CFD,IL6R,LTC4S,AIM2,IFI16,NPPA,ANGPT2,MAP3K7,CCL3,CCL3,ENO1,NLRP3,C4A,CCL3,ENO1,THBD,NPPB,CD40,MYL3,C1QA,MCP1,TLR9,IFITM3,VWF,IL18,THBD,F2,CCL5,CD44,HLA-DRB1,TLR9,GP1BA,MASP2,SELP,NFKB1,TNNT2,CXCR3,TNFRSF9,IRAK4,IL23A,CD40,TLR3,S100A6,CFI,ZAP70,MASP2,MYL3,ITGAM,S100A9,SERPINC1,S100A8,IL10,SELP,TLR9,IFITM2,FLT1,C5,ORAI1,TLR7,IFNGR2,CD14,ISG20,PLG,SERPINC1,PKR,PLAT,IL1RN,TLR9,CD86,MMP9,IFNAR1,OAS2
MYH7,VEGFC,S100P,EDNRB,CD4,FOXP3,NLRP1,TIRAP,ANGPT2,EPCR,F3,EDN1,S100A8,F13A1,PROC,FGA,SERPINE1,CFH,ITPKC,IL10,EGR1,TNFRSF1B,NOD2,CFB,TFPI,F2,RELA,C1QA,CR1,IFNGR1,CRP,PYCARD,JAK1,NPPB,PECAM1,MYD88,CCL5,CCL5,GAPDH,CASP1,CD3E,CCL5,GAPDH,PROCR,MYH6,CXCL1,TPM1,C1QB,CCR2,TLR2,BST2,THBD,CASP1,PECAM1,F3,CXCL8,ITGB2,HLA-DOB,MYD88,ITGA2B,CD46,JAK1,NFKB2,TNNI3,CCR5,CD27,TRAF6,IL12B,CD40LG,TLR4,S100B,C5,GATA3,CD46,ACTC1,ITGB2,S100A12,PROC,S100A9,IL18,PECAM1,TIRAP,IFITM3,PECAM1,SOCS1,FCGR2A,TLR9,IL2RG,MYD88,IFIT1,S100A8,SERPIND1,IFIT1,PLAU,AIM2,MYD88,CD80,MMP2,IFNAR2,OAS3
MYH6,FLT1,HMGB1,ICAM1,CD8A,TBX21,PYCARD,TICAM1,TEK,VWF,F5,VEGFA,S100A9,FGB,IL1B,FGB,THBD,CFB,NOS3,IL17A,GAS1,IL1R1,RIPK2,CFD,THBS1,F3,RELB,C1QB,CD55,IFNGR2,SAA1,CASP1,JAK2,MYH6,CDH5,TICAM1,NFKB1,CXCR3,CR1,IL1RN,CD4,NFKB1,CR1,PROS1,MYH7,CD14,F2,C1QC,CTGF,TLR3,DDX58,SERPINE1,AIM2,CDH5,F5,CCL3,CD62L,CD163,TRIF,ITGB3,CD55,JAK2,NFKBIA,ACTC1,CD14,ENTPD1,TICAM1,IL12A,HMGB1,TLR5,VEGFB,CXCL10,TBX21,CD55,CRP,PTGS2,CXCL10,PROS1,S100A12,CXCL8,CDH5,TRAF6,ISG20,CDH5,SOCS3,BLK,IRF5,IL2RB,IRAK1,IFIT2,S100A9,FGA,IFIH1,SERPINC1,GSDMD,IRAK1,ICOS,MMP3,IFNGR1,MX1
ACTC1,ANGPT1,CALR,VCAM1,CD3E,GATA3,CASP1,IRF3,TIE1,ANGPT1,F8,FLT1,S100A12,FGA,IL1A,FGG,PROC,C1QA,TREH,IL18,EPGN,IL1RAP,TAB1,CFI,IFIT1,F5,REL,C1QC,CD59,STAT3,HP,NCR1,TYK2,MYH7,PTGS2,IRAK4,NFKB2,CCR2,C3,PYCARD,CD8A,NFKB2,C3,PROC,TNNT2,JAK2,F3,C4A,SMAD6,NLRP3,IFIH1,PLAT,PYCARD,ANGPT1,F7,CCL4,CCR7,S100A8,TICAM1,P2RY12,CXCR3,JAK3,RELA,TTN,TLR7,PRF1,TICAM2,TGFB1,S100A8,TLR6,VEGFC,CCL2,RORC,CD59,MB,NOS2,CCL2,TFPI,HMGB1,CXCL10,NOS3,IRAK1,MX1,BMPR1A,CISH,HLA-DRB1,IRF1,IL7R,IRAK4,IFIT3,S100A12,FGB,DDX58,PROC,HMGB1,IRAK4,CTLA4,MMP8,IFNGR2,MX2
MYL2,ANGPT2,TLR2,SELE,IL2RA,RORC,CASP4,IRF7,F2,ANGPT2,SERPINE1,KDR,HMGB1,FGG,IL1RN,PLAT,PROS1,C1QB,CYP26B1,IL6R,GDF11,IL6R,TAB2,CD55,IFIT3,F7,NFKBIA,C1R,MBL2,STAT5A,ORM1,NCR3,STAT3,TNNI3,HMOX1,TRAF6,RELA,ITGB1,C4A,AIM2,CD69,RELA,C4A,VWF,TNNI3,AZU1,F5,C4B,SMAD7,AIM2,MAVS,PLAU,GSDMD,ANGPT2,F10,CCR2,TCF7,S100A9,IRF3,SELP,CCR2,STAT3,RELB,SCN5A,TLR8,GZMB,DDX58,TGFB2,S100A9,TLR9,F5,CCL5,NLRP3,C1QA,LDHA,HMOX1,CCL5,FGA,HMGB2,CCL2,EDN1,IRAK4,MX2,TMEM9B,CCL3,IL6,STAT2,STAT2,TRAF6,OAS1,S100A6,FGG,MAVS,PROS1,RAGE,TRAF6,PDCD1,TIMP2,MX1,IRF7
MYL3,TEK,TLR3,SELP,CTLA4,CD25,CASP5,TBK1,F3,TEK,PLAT,ANGPT1,CALR,SERPINE1,IL6,PLAU,NLRP3,C1QC,GC,CCL2,IGF2R,IL6ST,MAP3K7,CD46,ISG15,F10,NFKBIB,C1S,MASP1,IRF3,C3,KLRK1,STAT4,TNNT2,SERPINE1,MAVS,RELB,ITGB2,C4B,MAPK1,CTLA4,RELB,C4B,FGB,MYBPC3,CTSG,F7,CFH,MAP2K5,NLRC4,STING1,F2,IL33,TEK,F13A1,CCR5,LEF1,S100A12,IRF7,CD62P,CCR5,MAPK14,REL,F3,TLR9,GZMA,IFIH1,BMP5,S100A12,TLR10,F7,CXCL8,PYCARD,C1QB,CKM,SOD2,CXCL8,FGB,CALR,CCL5,THBS1,MAPK8,OAS1,NOD1,CCL4,IL6R,ISG15,STAT4,NFKB1,OAS2,S100A11,VTN,TBK1,TFPI,VWF,NLRC4,LAG3,TIMP3,MX2,IRF3
MYBPC3,CDH5,TLR4,PECAM1,PDCD1,IL2RA,GSDMD,IKBKE,F5,EDN1,PLAUR,ANGPT2,HSPA1A,SERPINC1,IL6R,SERPINE1,NLRC4,F3,BAG3,CXCL8,TFRC,IFNGR1,MAPK14,CD59,MX1,F11,CHUK,C2,MASP2,IRF7,C5,KLRD1,STAT5A,MYL2,F3,STING1,REL,ITGA4,C5,MAPK3,PDCD1,REL,C5,FGA,TTN,PRTN3,F10,CFB,F2,CASP1,IRF1,F3,IL13,KDR,SERPINE1,CXCR1,CD27,MMP9,TBK1,MYH7,CX3CR1,JUN,IKBKB,F5,MYD88,FASLG,MAVS,BMP7,MRP8,MYD88,F10,CCR2,CASP1,C1QC,MYBPC3,CAT,CCR2,C3,HSP90AA1,MYD88,VWF,MAPK14,OAS2,NLRP1,CCL5,IL6ST,IFIT1,STAT5A,NFKB2,OAS3,S100P,PLAUR,IRF3,CD36,THBD,AIM2,HAVCR2,ADAM17,ISG15,MAVS
CCL2,PDGFA,TLR9,CDH5,LAG3,CD127,IL18,MAPK1,F7,EDNRA,PROC,TEK,HSPA1B,PLAT,IL6ST,PLG,CASP1,F2R,SQSTM1,CD14,E2F7,IFNGR2,MAPK8,C4A,OAS1,F12,IKBKB,NPPA,C3AR1,TLR3,CFH,PRF1,SOCS1,ACTC1,F5,DDX58,NFKBIA,ITGAM,CFH,MAPK14,LAG3,NFKBIA,CFH,FGG,PLN,IL5,SERPINE1,CFD,F3,IL1RN,IRF2,F5,IL5,VEGFA,PLAT,NPPA,CD28,ELANE,IKBKE,MYBPC3,CD4,FOS,TNFAIP3,SERPINE1,IRAK4,CD8A,CGAS,FGF2,MRP14,TICAM1,TFPI,CCR5,NOD1,C2,PLN,GPX1,CCR5,C5,HSP90AB1,KREMEN1,ADAMTS13,JUN,OAS3,SIRT1,CXCL8,CXCL8,MX1,STAT5B,RELA,MX1,S100Z,PROCR,CXCL10,CD40,SELP,CASP1,TIGIT,ADAMTS1,ISG20,DDX58
CCL3,PDGFB,MYD88,VWF,TBX21,CD3E,IL1A,MAPK3,F10,NOS3,THBD,TIE1,HSP90AA1,PLAU,CXCL8,PROC,CASP4,F5,UBD,CD163,ATF3,IFNAR1,MAPK1,C4B,OAS3,F13A1,NOS3,NPPB,C5AR1,TLR8,CFB,GZMA,SOCS3,PLN,PLAT,IFIH1,NFKBIB,CD44,CFB,JUN,CXCL10,NFKBIB,CFB,TFPI,GJA1,C5AR1,SERPINC1,MPO,F5,MYD88,IRF5,F8,CCL3,FLT1,PLAU,NPPB,F5,MPO,STING1,TNNT2,CD8A,NFATC1,TRAF6,SERPINC1,TRAF6,CD4,STING1,PDGFB,ADAM17,IRAK4,IL1A,CXCR3,MYD88,C6,RYR2,PRDX1,C3,CFH,HSPA1A,TLR5,NPPB,FOS,GSDMD,SIRT6,IL1A,IL10,OAS1,STAT6,RELB,MX2,S100A4,F10,CCL2,CD40LG,SELE,CASP8,PRF1,COL1A1,IFIT1,IFIH1
CCL4,PDGFC,TICAM1,THBD,GATA3,CD3D,F2,MAPK8,SERPINE1,TNNI3,TFPI,CDH5,S100A4,PLG,IL10,PROS1,GSDMD,SERPINE1,EBI3,FCGR1A,RUNX1,IFNAR2,CARD9,C1QA,STAT1,F13B,VCAM1,TNNI3,MAVS,TIRAP,CFD,GZMB,TLR2,GDF15,PLAU,TLR3,NFKBIE,CDH5,CFI,FOS,CCL2,NFKBIE,CFI,MMP2,SCN5A,MYBPC3,SERPINA5,ELANE,F7,IRAK1,IRF8,FGA,CCL4,PDGFB,THBD,MYH7,THBD,LCN2,TMEM173,TNNI3,CD3E,IL10,TAB1,PLAT,MAPK1,CD3E,NLRP3,EGF,ADAMTS5,TRAF6,IL2,CX3CL1,TRAF6,C7,F2,HSP90AA1,C5,CFB,HSPA8,ALPK1,NPPA,RELA,GSDME,STAT2,IL1RN,IL17A,IFITM3,SOCS3,NLRP3,NFKB1,S100A1,F7,CCL5,CD80,ICAM1,PYCARD,GZMB,C3,IFIT2,JAK1
CCL5,F2,MAVS,PROCR,RORC,CD3G,F5,MAPK14,PLAT,TNNT2,ANXA2,THBD,S100A6,PROC,IL12A,F2,PYCARD,PLAU,IL23,FCGR2A,TFEC,TLR7,HLA-A,C1QB,STAT2,FGA,ICAM1,TNNT2,TBK1,TRAM,C1QA,GZMK,TLR3,POSTN,SERPINC1,TLR8,CHUK,NFKB1,C1QA,NFATC1,CCL3,CHUK,C1QA,MMP9,F2,TYK2,PLAT,PADI4,F8,IRAK4,PELI1,FGB,CCL5,TGFB1,PROC,MYBPC3,PLAT,PECAM1,MAVS,TPM1,CD25,TGFB1,TAB2,PLAU,MAPK3,CD3D,NLRP1,IGF1,ITGAM,TNNT2,IL4,CXCL1,IRAK4,C8A,F3,HSPA1A,C4A,C1QA,C3,IRAK4,TNNI3,RELB,RIPK1,JAK1,IL1R1,IL17F,CXCL10,PIAS1,NLRC4,RELA,S100A13,TFPI,CD14,CD86,VCAM1,IL33,FASLG,C5,IFIT3,JAK2
CXCL8,F3,STING1,F3,IL7R,TCF7,F7,JUN,PLAU,MYH7,FGB,PROCR,C3,PROS1,IL12B,F2R,CD14,PLAUR,IL12B,CRP,FGR,TLR9,HLA-B,C1QC,STAT3,FGB,SELE,MYH7,IKBKE,NLRP3,C1QB,CD14,TLR4,LGALS3,SERPIND1,CD80,IKBKB,NFKB2,C1QB,RELA,CCL5,IKBKB,C1QB,MPO,F3,PECAM1,PLAU,CTSG,F9,TRAF6,ITPKC,FGG,CXCL9,BMP4,PROS1,TNNT2,FGB,CDH5,DDX58,TNNC1,FOXP3,IL4,MAP3K7,FGA,MAPK8,IL7R,NLRC4,IGF2,ITGB2,TNNI3,IL12A,CXCL2,NFKB1,C8B,F5,HSPA5,C4B,C1QB,C4A,PFKFB3,TNNT2,NFKB2,RIPK3,JAK2,IL1R2,CCL2,CCL5,PIAS3,NLRP1,CEBPB,MPO,C3,CD16,FCGR2A,PECAM1,TGFB1,TNM,C1QA,IFI44,TYK2
CXCL9,F5,NLRP3,TFPI,CD19,LEF1,F10,FOS,TFPI,MYBPC3,FGA,F2R,C5,TLR1,IL17A,TFPI,CD163,THBD,IL2RB,SAA1,CFH,NOD2,HLA-C,NPPA,IRF1,FGG,SELP,ACTC1,ISG15,IL1RN,C1QC,FCGR3A,TLR9,MMP2,SERPINA1,CD86,TNFAIP3,RELA,CCL2,RELB,CXCL9,TNFAIP3,CCL2,ELANE,F5,IL13,PLG,AZU1,F10,NFKB1,FCGR2A,PROC,CCR2,SMAD3,ADAMTS13,TNNI3,FGA,KDR,IFIH1,ACTC1,IL2,IL13,S100A8,FGB,MAPK14,IL2RA,AIM2,HGF,CD14,MYH7,IL12B,CD4,RELA,C9,F7,SERPINH1,CFH,C1QC,C4B,HK3,MYH7,TBK1,MLKL,TYK2,ISG15,CCL3,CCL3,SHP1,IL1R1,JUN,ELANE,C5,CD11B,FCGR3A,NOS3,TGFB2,BNP,C1QB,OAS1,USP18
CXCL10,F7,AIM2,SERPINE1,CD38,EOMES,F13A1,ATF2,PROC,NPPA,FGG,F2RL1,C3AR1,TLR2,IL17F,STAT1,CD68,PROCR,IL2RG,NLRP3,GCLC,PYCARD,HLA-DRA,NPPB,IRF3,SERPINC1,VWF,MYBPC3,ISG20,SOCS1,CD55,CD68,DDX58,MMP9,THBS1,HLA-DRA,CYLD,NFKBIA,CCL3,IKBKG,CXCL11,CYLD,CCL3,CTSG,F7,HLA-DRA,PROC,PRTN3,F11,RELA,HLA-DRB1,PROS1,CCR5,SQSTM1,SERPINC1,MYL2,FGG,FLT1,DHX58,MYL2,IL2RA,IL12B,S100A9,FGG,JUN,IL2RB,PYCARD,MMP2,CD163,MYBPC3,IL23A,CD8A,TICAM1,TNNT2,F10,TLR3,CD55,C4A,C5,CR1,ACTC1,IKBKG,C3,IRF9,ISG20,CCL4,CCL4,SHP2,IL1RN,FOS,NCF1,C1QA,CD11C,ITGAM,EDN1,TGFB3,TNNI3,C1QC,OAS2,SOCS1
CXCL11,F10,CLEC7A,PLAT,FCGR2A,GZMB,FGA,ELK1,PROS1,NPPB,PLG,F2,C5AR1,TLR3,IL18,STAT2,MRC1,NFKB1,IFNG,CASP1,FURIN,CASP1,HLA-DRB1,MYH7,IRF7,PROC,PECAM1,MYL2,MX1,SOCS3,CD46,CD163,IFIH1,TIMP1,PROC,HLA-DRB1,TAB1,IKBKG,CCL4,IRAK4,CASP1,TAB1,CCL4,NCF1,F10,CD86,PROS1,LCN2,F12,JUN,HLA-DQB1,TFPI,CXCR3,UBD,SERPIND1,MYL3,VWF,TEK,STAT1,MYL3,CD19,IL23A,S100A12,THBS1,FOS,IL2RG,CASP1,MMP9,CD209,ACTC1,CD40,CD3E,TLR3,TNNI3,F11,TLR8,CD59,C4B,CFB,SOCS1,MYL2,CHUK,C5,IFNA1,MX1,CCL5,PTGS2,ISG15,CASP1,ATF3,NCF2,C1QB,CD163,ITGAX,VEGFA,SMAD2,MYH7,C2,OAS3,SOCS3
CCR1,F11,IL1B,PLAUR,FCGR3A,PRF1,FGB,CREB1,THBS1,BNP,SERPINC1,F3,CFH,TLR4,IL21,IRF3,MSR1,NFKB2,IFNGR1,HMGB1,EMILIN1,CASP4,HLA-DQA1,TNNT2,IFNAR1,PROS1,CDH5,MYL3,MX2,BAG3,CR1,MRC1,MAVS,TIMP2,PROS1,CIITA,TAB2,CHUK,CCL5,TRAF6,CASP3,TAB2,CCL5,NCF2,SERPINC1,MX1,TFPI,CAMP,F13A1,FOS,CD14,ANGPT1,VEGFA,EBI3,C3,ACTC1,SERPINE1,ANGPT1,STAT2,NPPA,CD20,HMGB1,CRP,CD36,SQSTM1,TCF7,CASP4,TIMP1,FCGR3A,TPM1,HLA-DRB1,FOXP3,TLR5,MYH7,F12,IRAK1,CASP1,CD55,CFH,C3,MYL3,IKBKB,CFH,IFNA2,MX2,CXCL10,NOS2,IFIT1,CASP4,EGR1,NCF4,C1QC,CD206,CSF1,ANGPT1,SMAD3,NPPA,C4A,OASL,CX3CR1
CCR2,F12,IL6,F2,C1QA,FASLG,FGG,SP1,CD36,MYL2,ITGB3,F5,CFB,TLR5,IL23A,IRF7,FCGR1A,RELA,IFNGR2,ITPKC,ITPKC,NLRC4,HLA-DQB1,TNNI3,IFNAR2,PLAT,EDN1,ACTN2,IFIT1,NOS2,C4A,CCR2,STING1,CRP,TFPI,CTLA4,VCAM1,IKBKB,CXCL8,TAB2,NLRP3,VCAM1,CXCL8,NCF4,SERPINE1,GSDME,KREMEN1,CD14,F13B,MAPK1,CD16,ANGPT2,VEGFR2,BAG3,C4A,LMNA,F2,ANGPT2,STAT3,NPPB,CD27,CALR,SAA1,GP1BA,UBD,LEF1,CASP5,TIMP2,FCGR2A,NPPB,MAPK1,CTLA4,TLR9,MYBPC3,FGA,IRAK4,CASP3,CD3E,CFI,C5,MYBPC3,CEBPB,CFB,IFNB1,OAS1,CCR1,ARG1,IRAK1,CASP5,CASP1,CYBA,C4A,CD68,CSF2,ANGPT2,SMAD4,NPPB,CFB,MPO,CX3CL1
CCR5,SERPINE1,IL10,F2R,C3,FAS,SERPINE1,EGR1,ITGA2B,MYL3,ITGA2B,F7,C1QA,TLR6,IL27,IRF9,FCGR2A,RELB,CD86,CASP3,MBL2,AIM2,HLA-DPA1,MYBPC3,IFNGR1,PLAU,VEGFA,TPM1,IFIT2,PTGS2,C5AR1,CX3CR1,CXCL10,MYBPC3,CD36,PDCD1,ICAM1,CD14,CXCL10,RIPK1,HMGB1,ICAM1,CXCL10,CYBB,PLAT,CD80,ALPK1,CD68,FGA,MAPK3,TLR3,TEK,ICAM1,ATG5,C4B,C3,F8,TIE1,JAK1,EDN1,CD38,GZMB,IFIT1,ITGA2B,EBI3,EOMES,GSDMD,CTGF,HLA-DRA,NPPA,MAPK3,PDCD1,IRF1,ACTC1,FGB,TRAF6,GSDMD,CD4,F2,CFH,TTN,HIF1A,CD55,IFNAR1,OAS2,CCR2,CD14,IRAK2,PYCARD,CASP3,AZU1,C4B,CD80,CSF3,TEK,STAT3,CKM,CFH,ELANE,GZMB
CXCR1,PLAT,IL17A,F5,C5,CTLA4,PLAT,HIF1A,ITGB3,ACTC1,GP1BA,F10,C1QB,TLR7,TLR2,ISG15,FCGR3A,REL,CD80,ORAI1,KNG1,GSDMD,HLA-DPB1,MYL2,IFNGR2,SERPINE1,FLT1,NOS3,IFIT3,EDN1,C3AR1,CSF1R,CXCL9,TTN,GP1BA,HAVCR2,SELE,CD16,CCR2,TNFAIP3,FAS,SELE,CCR2,CYBA,PLAU,FCGR3A,PFKFB3,CD163,FGB,MAPK14,TLR8,KDR,VCAM1,ATG7,C5,C5,F10,ACE2,JAK2,NOS3,IGHG1,PRF1,IFIT2,ITGB3,GC,TBX21,GSDME,COL1A1,HLA-DRB1,TNNC1,CCL2,CD274,IRF5,TPM1,FGG,TAK1,PYCARD,CD8A,F3,CFB,LMNA,EGFR,CD46,IFNAR2,OAS3,CCR5,CD68,TAK1,AIM2,GSDMD,PRTN3,CFH,CD86,IL12A,FLT1,STAT4,ACTC1,CFI,PRTN3,GNLY
CXCR2,PLAU,IL18,F7,CD55,PDCD1,PLAU,VEGFA,GP1BA,TPM1,CD36,F11,C4A,TLR8,TLR4,ISG20,CD3E,NFKBIA,CD28,BLK,SERPINC1,IL1A,B2M,MYL3,JAK1,NPPA,KDR,EDN1,IFITM1,ANGPT1,MASP2,F2,CXCL11,F2,ITGA2B,LAG3,SELP,CD163,CCR5,SOCS1,IL1RN,SELP,CCR5,NOX1,GP1BA,ISG15,HK3,CCR2,FGG,p38,NLRP3,FLT1,SELE,BECN1,CFB,C3AR1,PROC,AGT,TYK2,ACE,IGHM,SOCS1,IFIT3,CXCL10,BAG3,CD28,VEGFA,COL3A1,CD80,MYL2,CXCL10,CD28,STAT2,MYL2,SERPINC1,IKKa,AIM2,CD19,F5,C1QA,DES,FGF2,CD163,IFNGR1,FAS,CD3E,CD163,MAP2K6,TREM1,AIM2,CTSG,CFB,CD40,IL12B,KDR,STAT5A,MYL2,F2,CTSG,PRF1
C3,PLG,IFNG,F10,CD46,LAG3,PLAUR,FLT1,CXCL5,PLN,P2RY12,F12,CD55,TLR9,TLR3,IFIT1,CD4,NFKBIB,CTLA4,CD40,FN1,IL12A,CD4,CRP,JAK2,NPPB,TEK,EDNRA,IFITM3,ANGPT2,MBL2,F3,CCL2,F3,ITGB3,IDO1,VWF,CD68,CXCR1,SOCS3,IL1R1,VWF,CXCR1,NOX2,ITGA2B,PYCARD,CREB1,CX3CR1,SERPINC1,JNK1,PYCARD,NRP1,SELP,TNNT2,CFD,C5AR1,SERPING1,AGTR1,ISG15,ACE2,CD14,SOCS3,MX1,CXCL9,TREH,ICOS,KDR,FN1,CD86,MYL3,CSF2,CD80,JAK1,MYL3,SERPIND1,IKKb,BCL2,CD27,F10,ITGAM,PLN,PDGFB,CD68,IFNGR2,FASLG,CD4,ITGAM,MAPK1,TREM2,RIPK3,DEFA1,CD55,CD40LG,IL23A,ADAMTS13,STAT5B,TNNT2,F5,CD177,FASLG
C4A,SERPINC1,CCL2,F11,SQSTM1,TIGIT,PROC,KDR,CXCL6,DSP,TBXAS1,F13A1,CD46,TLR10,TLR5,IFIT2,CD8A,IKBKB,HLA-DRA,IFNGR1,IL37,IL12B,CD8A,SAA1,C1QA,TNNI3,ANGPT1,EDNRB,OAS1,TEK,FCN1,F5,CCL3,F5,NPPA,ARG1,THBD,CD3E,CXCR2,PRDM1,IL6R,THBD,CXCR2,PADI4,ITGB3,IFNGR1,CR1,CSF1R,SERPIND1,ERK1,CASP1,PDGFB,PECAM1,NPPB,CFH,CFH,PLAUR,MYH6,ISG20,AGT,CD16,IL6R,MX2,CXCL11,CYP26B1,CD40LG,NOS3,LAMA1,PRF1,CCL2,IL1R1,CD86,JAK2,TTN,PROC,RELA,BAX,FOXP3,SERPINE1,ITGAX,RYR2,IL12A,CD14,MAVS,BCL2,CD8A,ITGB2,MAPK3,CD163,MLKL,CD163,CD46,IL12A,IL17A,SERPINE1,STAT6,F2,F7,CEACAM1,CD8A
C4B,PROC,CCL3,F12,MAP1LC3B,HAVCR2,PROS1,FLT4,CXCL10,TTN,PTGS2,F13B,CD59,CD14,TLR9,IFIT3,IL2RA,CCL2,HLA-DRB1,IFNGR2,SEMA4D,IL23A,CD8B,SAA2,C1QB,TNNT2,ANGPT2,ACE2,OAS2,KDR,FCN3,F10,CCL4,F7,NPPB,NOS2,PECAM1,CD4,FPR1,BCL6,IL6ST,PECAM1,FPR1,HIST1H1B,NFKB1,CD40LG,SLC2A14,MARCO,PROC,ERK2,IL18,PDGFRB,CDH5,NPPA,CFI,CFB,CD55,MYH7,MX1,AGTR1,CD163,IL1R1,OAS1,CCL2,TNNT2,F2,EDN1,ITGB1,GZMB,CCL3,IL1RAP,CD19,IFNAR1,NPPA,PROS1,JUN,SQSTM1,IL2RA,PLAT,ITGB2,F2,IL12B,CD36,STING1,BCL2L1,CD69,FCGR1A,MAPK14,CD68,HMGB1,CD68,CD59,IL12B,IL17F,F3,CXCL1,F3,F10,CEACAM8,CD4
C5,PROS1,CCL4,F13A1,ATG5,C3,TFPI,NOS3,CXCL11,LMNA,ALOX5,SERPINC1,C1R,LY96,MYD88,IFIH1,FOXP3,CCL3,CIITA,STAT2,KLF4,IL10,CD3E,ITGAM,C1QC,MYH7,SQSTM1,AGT,OAS3,FLT1,COLEC11,SERPINE1,CCL5,F8,MYH7,HMOX1,CDH5,CD8A,FPR2,BATF,TNFRSF1A,CDH5,FPR2,HIST1H3A,RELA,NPPB,FPR1,CD3E,PROS1,STAT1,AIM2,EDN1,VWF,MYH7,C1QA,C1QA,CD46,TNNT2,MX2,ADAMTS13,CD68,TNFRSF1A,OAS2,CCR2,TPM1,F3,VCAM1,ITGB3,FASLG,CCL4,IL1RN,CD20,IFNGR1,NPPB,THBS1,FOS,MAP1LC3B,CTLA4,PLAUR,CD44,F5,IL23A,MSR1,IFIT2,MCL1,CTLA4,FCGR2A,JUN,CD80,CD3E,CCR2,C3AR1,IL23A,IL22,F5,CXCL2,F5,F11,LCN2,CD3E
CFH,TFPI,CXCL10,FGA,ATG7,C5,THBS1,EDN1,CCL3,BAG3,LTA4H,SERPIND1,C1S,MYD88,IRAK2,DDX58,CTLA4,CCL4,IL4,TLR9,MIR27B,TGFB1,CD3D,ITGAX,C4A,MYBPC3,MAP1LC3B,AGTR1,RSAD2,PDGFB,TLR2,PLAT,CCL7,F9,MYH6,CYBB,NOS3,C3,ITGAM,CEBPB,NFKB1,NOS3,ITGAM,H3F3A,TRAF3,TNFRSF1A,S100A8,CD4,VWF,STAT3,GSDMD,NOS3,THBD,ACTC1,C1QB,C1QB,CD59,TNNI3,OAS1,HMGB1,HLA-DRA,TNFRSF1B,OAS3,CCL3,ACTC1,PLAT,ICAM1,ITGA5,FAS,CCL5,IRAK1,CD22,MX2,HLA-A,THBS2,ATF3,CD8A,PDCD1,VWF,PECAM1,F7,IL17A,MARCO,IFIT3,CASP1,ICOS,FCGR3A,FOS,CD86,CD4,CCR1,C5AR1,IL17A,IL27,F8,CXCL8,F8,F12,VEGFA,FOXP3
CFB,FGA,CXCL2,FGB,BECN1,CFH,CD36,ACE,CCL4,F2,CYSLTR1,SERPINE1,C2,TICAM1,IRAK4,MAVS,PDCD1,CCL5,IL13,TICAM2,MIR125A5P,IRF3,CD3G,ITGAL,C4B,ACTC1,BECN1,REN,EIF2AK2,TGFB1,TLR3,PLAU,CCL8,F10,TNNT2,NCF1,EDN1,C5,ITGAX,CEBPD,RELA,EDN1,ITGAX,H3F3B,TRAF6,C3AR1,S100A9,CD8A,PLAT,JAK1,IL1A,ACE2,F3,TNNI3,C1QC,C4A,C3,NPPA,OAS2,CRP,HLA-DRB1,IL2RG,RSAD2,CCL4,MYL2,SERPINE1,SELE,CD44,TRAIL,CXCL1,IRAK4,CD79A,ISG20,HLA-B,GP1BA,EGR1,CD4,MPO,THBD,STAT2,F10,IL22,IL1A,IFITM2,CASP3,PDCD1,CD86,AP1,CD40,CD8A,CX3CR1,CFD,IL17F,TGFB1,PLAT,CCL3,SERPINE1,F13A1,VEGFB,TBET
CFD,FGB,CXCL8,FGG,GSDMD,CFI,NPPA,ACE2,CCL5,F3,HMGB1,SERPINF2,MPO,TIRAP,NFKB1,TBK1,CD274,CXCL1,IL5,MMP9,MIR186,IRF7,TCF7,ITGB2,CFB,MMP2,ATG5,TLR3,IFIH1,EGF,TLR8,SERPINC1,CCR2,F11,TNNI3,NCF2,VEGFA,CFH,ITGB2,EGR1,MMP9,VEGFA,ITGB2,MYH6,TBK1,LTF,S100A12,GATA3,PLAU,JAK2,IL1RN,AGTR1,F8,PLN,C2,C4B,C5,NPPB,OAS3,SAA1,HLA-A,PECAM1,BST2,CCL5,MYL3,VWF,SELP,SPP1,TNFSF10,CXCL2,TRAF6,CD79B,OAS2,HLA-C,GP1BB,CCL3,GZMB,ELANE,PROC,IRF3,F11,IL4,IL1RN,IFITM3,CASP8,CD19,HLA-DRA,HK3,CD40LG,CD28,CSF1R,CFI,IL21,PDGFB,PLAU,CCL4,PLAT,SERPINC1,FLT1,GATA3
CFI,FGG,CXCL9,SERPINC1,MLKL,CFB,NPPB,AGTR1,CCL7,F5,RAGE,PLAT,ELANE,S100A8,NFKB2,USP18,LAG3,CXCL2,IL33,MMP2,MIR93,STING1,LEF1,CD44,CFH,MMP7,ATG7,TLR4,DDX58,HIF1A,TLR9,PROC,CCR5,F12,ACTC1,MPO,FLT1,C1QA,CD44,EGR2,MMP2,FLT1,CD44,MYH7,CREB1,NOS3,CD74,RORC,SERPINE1,IRF3,IL2,EPCAM,SERPINE1,RYR2,C6,ITGAM,CR1,GDF15,OASL,HP,HLA-B,VEGFB,ITGAM,CCR5,TNNC1,THBS1,PECAM1,THBS1,BCL2,CXCL8,TAB2,NCAM1,OAS3,HLA-DRB1,ITGA2B,CCL4,PRF1,CD14,SERPINC1,IRF9,F12,IL13,IL6R,OAS1,PTGS2,CD22,CIITA,PFKFB3,MRC1,CTLA4,FCGR1A,SERPING1,IL22,FGF2,PLAUR,CCL5,PLAU,CD3E,KDR,RORC
NLRP3,F13A1,F2,SERPIND1,RIPK3,CFHR1,MYH7,AGTR2,IL12A,F8,TLR9,PLAU,PRTN3,S100A9,RELA,MX1,TIGIT,CXCL8,TSLP,TIMP1,MIR483,MAVS,GATA3,CDH5,CFI,MMP9,BAG3,TLR7,IRF1,MCP1,NLRP3,C3,CX3CL1,F13A1,MYL2,LTF,KDR,C4A,SELL,ATF3,TIMP2,KDR,SELL,TNNI3,PFKFB3,IL1A,CD14,IL2RA,PLG,IRF7,IL2RA,CDH5,PLAT,CACNA1C,C7,ITGAX,MASP2,CRP,IFIT1,ORM1,HLA-C,TLR4,ITGAX,CXCL8,BNP,PLG,CDH5,ANXA2,BAX,CXCL9,MAPK8,KLRK1,ELANE,HLA-DQB1,ITGB3,CCL5,PDCD1,S100A8,VEGFA,IFNA1,F13A1,FOXP3,IL6ST,OAS2,NOS2,CD79A,TAP1,ALPK1,CLEC7A,PDCD1,FCGR3A,C2,RORC,HIF1A,FGA,CCL7,PROC,CD4,ICAM1,CD25
PYCARD,F13B,F3,SERPINF2,FASLG,CFHR3,TNNT2,REN,IL12B,F10,TLR7,PLG,PADI4,S100A12,RELB,MX2,CD19,CCR1,CCL5,TIMP2,MIR223,DDX58,TBX21,CLDN5,CD55,TIMP2,HSPA4,TLR9,IRF9,RANTES,AIM2,C3AR1,CX3CR1,SERPINE1,MYL3,DEFA1,ANGPT1,S100A8,NFKB1,HIF1A,CD19,ANGPT1,NFKB1,TNNT2,HK3,IRAK4,CD40,CD19,THBD,IRF1,IL4,PECAM1,PLAU,SCN5A,C8A,ITGB1,CFH,SAA1,IFIT2,LBP,ITGAM,TLR9,ITGB2,CXCR1,NPPB,PLAU,THBD,ANXA5,CASP3,CXCL11,JUN,PRF1,PRTN3,HLA-DPB1,CD3E,CXCR1,CTLA4,S100A9,VEGFB,IFNA2,THBD,CTLA4,IL4R,OAS3,HMGB1,CD79B,B2M,KREMEN1,C3,TBX21,CD86,C1R,TGFB1,ANGPT1,FGB,CCL20,PROS1,CD8A,VCAM1,CD127
CASP1,TNNI3,F5,PROC,FAS,CD46,TNNI3,AGT,IL23A,PLAT,NLRP3,FGA,LCN2,MPO,REL,OAS1,MS4A1,CCR2,CCL3,CD80,MIR21,IFIH1,CD19,CD3E,CD59,GDF15,HSPB8,MYD88,USP18,MIP1A,CASP1,C5,RELB,SERPINC1,MYBPC3,CAMP,ANGPT2,S100A9,RELA,VEGFA,CD22,ANGPT2,RELA,MYBPC3,FPR1,CD27,NFKB1,CD22,PROCR,IRF9,IL5,CD34,FGB,KCNH2,C8B,ITGB2,CFB,FGA,IFIT3,CD163,ITGAX,TICAM1,CD44,CXCR2,NPPA,F5,PROCR,CD36,CASP8,CCR1,FOS,GZMB,CTSG,MICA,CD3D,CXCR2,LAG3,S100A12,VEGFC,IFNB1,PROC,CD28,IL12RB1,MX2,ADM,PAX5,CD8A,FPR1,C5,GATA3,CD80,C1S,IL10,ANGPT2,FGG,CX3CL1,TFPI,CD28,SELE,PD1
IL18,TNNT2,F10,PROS1,MPO,CD55,MYL2,MMP2,IL17A,PLASMINOGEN,CASP1,FGB,MMP8,ELANE,NLRP3,OAS2,CD27,CCR5,CCL4,CD86,MIR155,ISG15,MS4A1,CD4,IL2,IL1RL1,HSP90AA1,TRIF,BST2,MIP1B,IL1A,C5AR1,REL,SERPIND1,TTN,LCN2,TEK,S100A12,RELB,FLT1,CD79A,TEK,RELB,TPM1,CR1,TBX21,NFKB2,CD79A,CD46,IFNAR1,IL13,ENG,FGA,KCNQ1,C9,ITGAL,HLA-DRB1,FGB,IFITM1,MRC1,CD86,MAVS,PECAM1,CX3CL1,CRP,F10,ANGPT1,CD47,APAF1,CCR2,CCR2,GNLY,LCN2,MICB,CD3G,CCR2,TBX21,LCN2,KDR,IFNAR2,PROS1,CD80,IL12RB2,ISG20,TGFA,EBF1,CD4,SLC2A14,C3AR1,CD14,CXCL10,CD4,FOXP3,TEK,PROS1,TNFSF15,VWF,CTLA4,SELP,CTLA4
IL1A,NPPB,SERPINE1,ADAMTS13,ELANE,CD59,MYL3,MMP9,IL18,SERPINC1,IL18,FGG,MMP9,PRTN3,NLRC4,OAS3,CD38,CXCR4,CXCR1,CD28,MIR31,MX1,PAX5,CD8A,IL4,LGALS3,F2,TICAM1,HERC5,IL12A,IL33,C5AR2,RIPK1,PLAT,PLN,MMP9,MMP2,HMGB1,IKBKB,KDR,IGHG1,MMP2,IKBKB,ACTC1,SLC2A14,CASP4,RELA,CD79B,CFH,IFNAR2,TGFB1,CXCR4,FGG,GJA1,CD80,CD44,HLA-DRA,FGG,IFITM3,FCGR2A,CD80,RELA,CDH5,CX3CR1,SAA1,PROC,ANGPT2,PTGS2,IL17A,CCR5,CD80,NLRP3,MMP8,ITPKC,CD4,CCR5,EOMES,CRP,FLT1,IFNGR1,PLAT,CD86,IL17RA,RSAD2,PDGFC,BLNK,CD3E,CR1,C5AR1,CD163,CCL3,CD8A,CTLA4,KDR,PROC,CD40,GP1BA,ICOS,VWF,TIM3
CD4,NPPA,PLAT,GP1BA,LCN2,C4A,ACTC1,TIMP1,IL21,SERPINE1,PYCARD,PROC,DEFA1,CTSG,AIM2,RSAD2,IGHG1,CD3E,CXCR3,CTLA4,FOXP3,OAS1,CD79A,CD19,IL5,POSTN,F3,TRAF6,TRIM25,IL12B,HMGB1,C1QA,TRADD,PLAU,GJA1,MMP2,MMP9,CALR,IKBKG,ANGPT1,CD163,MMP9,IKBKG,MYL2,CCL3,TRAF6,RELB,PAX5,C3,IFNG,IFNB1,CCR1,PROC,DSP,CD86,CDH5,HLA-DQA1,ALB,C3,FCGR3A,CD40,NFKB2,CD34,NLRP3,SAA2,THBD,TEK,ALOX5,IL17F,CXCR1,CD86,PYCARD,CEACAM1,CASP3,CD8A,IL18,HMGB1,SAA1,FLT4,MX2,SERPINE1,CD40,IL23R,EIF2AK2,PLAT,NCAM1,PRF1,CREB1,C5AR2,CD68,CCL4,CD8B,PDCD1,ADAMTS13,SERPINC1,CD40LG,ITGA2B,TBX21,EDN1,LAG3
CD8A,MYH6,PLAU,GP1BB,S100A8,C4B,TPM1,TIMP2,IL27,SERPINA5,AIM2,PROS1,DEFA3,AZU1,NPPA,ADAR,IGHM,CD4,CCR2,HLA-DRA,CD4,IFIT1,CD79B,MS4A1,IL12A,C1QA,F5,IRAK1,NEBL,IL23A,S100A8,C1QB,BIRC2,PLG,SCN5A,TIMP1,F3,FPR1,NFKBIA,ANGPT2,CD14,F3,NFKBIA,MYL3,CCL3L1,EDN1,REL,BLNK,C5,IFNA1,IFNL1,CCR2,PROS1,PKP2,CD40,SELL,HLA-DQB1,HP,C4A,HLA-DOB,CD40LG,RELB,C3,PYCARD,HP,SERPINC1,HMGB1,LTA4H,IL23A,CXCR2,HLA-DRA,CASP1,CEACAM8,CD40,CD8B,IL1RN,PTGS2,SAA2,FGF2,OAS1,SERPINC1,CD40LG,CD3E,IFI6,PLAU,KLRK1,GZMB,CXCL1,CFH,CD86,CCL5,CD3E,LAG3,ADAM17,TFPI,FASLG,ITGB3,GATA3,NOS3,CD27
CD3E,MYH7,SERPINC1,ITGA2B,S100A9,CR1,CRP,ELANE,CSF2,THBS1,GSDMD,TFPI,CTSG,DEFA1,NPPB,EIF2AK2,TNFRSF13C,CD8A,CCR5,HLA-DRB1,CD8A,STAT1,IGHM,CD27,IL12B,C1QB,F10,IRAK4,TUBA3C,IL4,S100A9,C1QC,BIRC3,PROC,CACNA1C,SELP,F5,MMP1,MAPK1,TEK,CD68,F5,MAPK1,BNP,CCL4,IFNB1,NFKBIA,CCL2,C5AR1,IFNB1,IFNA1,CCR5,ANTXR2,F2,ICOS,SELPLG,HLA-DPA1,ORM1,C4B,PELI1,CTLA4,IKBKB,C4A,CASP1,ORM1,CPB2,NRP1,CRP,IL12B,CXCR4,CD4,IL1RN,NCF1,ORAI1,CD28,IL23A,ALOX5,HP,FGFR1,OAS2,SERPIND1,HLA-DRB1,CD4,IFI27,SERPINE1,KLRD1,FASLG,CXCL2,CFB,HLA-DRA,CXCL9,CD3D,TIM3,MMP2,PLG,FAS,P2RY12,RORC,THBD,CD28
CD3D,ACTC1,PROC,ITGB3,S100A12,CR2,C3,MPO,CSF3,PROC,IL1A,NLRP3,AZU1,LCN2,TNNI3,BST2,MPO,CD69,CD14,HLA-DPA1,GZMB,HMGB1,IGHG1,CD38,IL13,C1QC,SERPINE1,TBK1,ITPKC,IL5,S100A12,C4A,NFKBIA,PROS1,RYR2,SELE,F2,MMP3,MAPK3,MMP2,CD86,F2,MAPK3,ANP,CCL5,CD38,NFKBIB,CCL3,HMGB1,MX1,IFNA2,CX3CR1,MEFV,F5,PDCD1,MYH16,HLA-DPB1,HMGB1,C5,ITPKC,PD1,C3,C4B,IL18,ORM2,GP1BA,ANGPTL4,SAA1,IL21,ITGAM,CD8A,NLRC4,NCF2,FCGR2A,CTLA4,IL12B,LTA4H,ORM1,FGFR2,OAS3,FGB,HLA-DQB1,CD8A,IFI30,SERPINC1,KLRC1,TNFRSF6,CXCL5,CFD,HLA-DRB1,CXCL11,CD3G,TIGIT,MMP9,A2M,TNFRSF1A,SELPLG,CD69,PECAM1,ICOS
CD3G,MYL2,PROS1,TNNT2,IFNAR1,ITGAM,C4A,SERPINA1,IFNA1,PROS1,IL1RN,NLRP1,BPI,MMP8,TNNT2,TLR3,ELANE,CTLA4,TLR2,HLA-DPB1,PRF1,AGER,IGHG2,CD40,IL15,C2,PLAT,IKBKE,PELI1,IL13,RAGE,CD19,NFKBIB,TFPI,C3,SELL,F2R,MMP9,MAPK14,MMP9,HLA-DRA,F2R,MAPK14,NPPA,CXCL10,LCN2,IKBKB,CCL4,TGFB1,MX2,CCR2,IL7R,MVK,F8,CTLA4,CD38,HLA-DMA,TBX21,CFH,BTK,PDL1,C5,C5,IL18R1,FGA,ITGA2B,F2,HP,IL22,ITGAX,CD3E,NFKB1,NCF4,FCGR3A,PDCD1,IL21,HPGDS,ORM2,PDGFB,IFIT2,FGA,CIITA,GATA3,IFI35,SERPIND1,GZMB,IL2,CXCL6,CFI,CXCL1,CCR5,CTLA4,CD25,TIMP1,CD40,TNFRSF1B,PECAM1,CCR7,CDH5,KLRG1
CD19,MYBPC3,TFPI,TNNI3,IFNAR2,ITGAX,C4B,SERPINE1,IFNB1,CD36,IL6R,NLRC4,LTF,MMP9,MYH7,TLR4,PRTN3,PDCD1,TLR6,IL2,NCAM1,TLR3,IGHG3,ICOS,IL17A,C3,PLAU,RELA,BLK,CD80,TLR1,MS4A1,C1QA,ADAMTS13,C4A,ITGAL,F2RL1,TIMP1,MAPK8,TIMP1,OAS1,F2RL1,MAPK8,NPPB,CXCL9,IL6R,CHUK,CCL5,TGFB2,ISG15,CCR5,IL2RA,TNFRSF1A,F10,CD28,CDC27,HLA-DMB,GATA3,CFB,SYK,TBX21,CFH,CR1,IL18BP,FGB,PDGFB,F3,ORM1,RORC,ITGB2,ITGAM,RELA,NOS2,ABCC1,CD274,IL22,NFE2L2,AGT,PDGFRB,IFIT3,FGG,TAP1,TBX21,IFI44,CCNB1,PRF1,IL2RA,XCL1,CD55,CXCL2,CXCR4,PDCD1,CD127,TIMP2,CD40LG,SELE,CDH5,CD44,C3,CD44
MS4A1,TTN,THBS1,MYH6,STAT1,S100A8,C5,PLAU,IFNL1,TFPI,IL6ST,AIM2,CAMP,CAMP,MYBPC3,TLR9,CTSG,ICOS,NFKB1,IL2RA,CD56,TLR5,IGHG4,CTLA4,CCL20,C4A,PLAUR,RELB,HLA-DQB2,CD86,CD14,CD22,C1QB,TLR2,C4B,ITGB2,PROC,SOD2,JUN,ADAMTS13,IFIT1,PROC,JUN,ACE2,CXCL11,RELA,C3,CXCL8,TGFB3,OAS1,CXCR3,IL2RB,NLRC4,SERPINE1,CD4,MPO,CIITA,RORC,CFD,LYN,GATA3,CFB,CR2,GSDMD,FGG,NCF1,F5,C3,TBX21,ITGAL,FCGR1A,IKBKB,CEBPE,ABCG2,ICOS,TGFB1,KEAP1,SERPINA1,ANGPT1,ISG20,TFPI,B2M,RORC,IFI44L,CCND1,GNLY,CTLA4,XCL2,CD46,CCL7,CCL7,CD28,CD45RA,PELI1,TNFRSF1A,SELP,NOS3,CD27,C4A,CD45RA
CD27,TNNC1,CD36,MYH7,STAT2,S100A9,C3AR1,PLAUR,RELA,C3,SOCS3,PYCARD,OLFM4,CD177,ACTC1,TLR1,DEFA1,CD19,RELA,IL4,KLRK1,CD14,IFNAR1,PDCD1,TLR1,C4B,THBD,NFKB2,MED30,CTLA4,LBP,CD79A,C1QC,TLR3,C5,PECAM1,PROS1,GPX1,FOS,CD40,IRF9,PROS1,FOS,AGT,CCR1,NLRC4,C4A,CXCL1,BAX,OAS2,CX3CR1,IL2RG,PSTPIP1,PLAT,CD8A,ITGA3,B2M,FOXP3,CFP,PIK3CA,RORC,CD55,CD55,AIM2,PLG,NCF2,F10,C4A,GATA3,C1QA,FCGR2A,IKBKG,CD68,SLC22A1,IL2,IFNA1,SOD2,APCS,ANGPT2,IL1A,C1QA,CD8A,CD19,MYH6,CDC20,FASLG,PDCD1,CCL5,CD59,CCL20,CCL8,ICOS,CD45RO,ITPKC,TNFRSF1B,SELL,EDN1,CD19,C4B,CCR7
CD38,MYL3,SQSTM1,MYBPC3,IRF7,S100A12,C5AR1,FN1,RELB,C4A,JAK2,CASP1,CD3E,CD2,TPM1,TLR2,LCN2,CD22,MAPK1,IL4R,CD16,LBP,IFNAR2,CD14,TLR3,C5,PROC,CHUK,KCNN2,CD28,MD2,CD79B,C3,TLR4,C1QA,CDH5,SERPINC1,HMOX1,IL17A,CD40LG,TBK1,SERPINC1,IL17A,REN,CCR5,CD22,C4B,CXCL2,BCL2,PKR,S100A8,CD3E,IL36RN,PLAU,CD8B,ITGA2B,TAP1,NCR1,MASP1,PIK3CB,IL17A,NPPA,CD46,MEFV,SERPINE1,NCF4,PROC,CFH,FOXP3,C1QB,FCGR3A,NFKBIA,MRC1,SLC2A14,IL2RA,IFNB1,CAT,SELL,TEK,IL1RN,C1QB,CD4,MS4A1,MB,MAD2L1,CD14,LAG3,CCR2,C1QA,CX3CL1,CD4,CD40,CD62L,BLK,FAS,ITGAM,VEGFA,MS4A1,C5,TCF7
CD14,PLN,UBD,ACTC1,IRF9,LCN2,CD55,ITGB1,REL,C4B,STAT3,CASP4,CD4,CD3D,MYL2,TLR5,MMP9,CD79A,MAPK3,IL13,CD19,MD2,JAK1,FCGR3A,TLR5,C6,PROS1,IKBKB,FCGR2B,ICOS,TIRAP,PAX5,C4A,TLR7,C1QB,ANGPT1,SERPINE1,NRF2,IL17F,CD80,SOD2,SERPINE1,IL17F,EDN1,CXCR2,CFD,C5,CCR1,MAP2K7,IFIT1,S100A9,CD3D,CARD14,THBS1,CD19,TNFRSF12A,TAP2,GZMB,MASP2,AKT1,IL17F,NPPB,IL2,ITGAM,PROC,CYBB,PROS1,CFB,IL4,C1QC,C3,MAPK1,CD22,SMAD3,IL2RB,IFNL1,GPX1,SELP,TIE1,IL6R,C1QC,CD3E,CD22,CKM,HSPA4,CD68,IL7,CCR6,C1QB,IL1R1,CD8A,CD80,CCR7,CD40,FASLG,ITGB2,ANGPT1,CD22,C1QA,CD69
FCGR3A,LMNA,EBI3,TNNC1,ISG15,MMP9,CD46,ITGB2,NFKB2,CFB,TGFB1,CASP5,CD8A,CD3E,MYL3,TLR6,MMP8,CD79B,JUN,IL13RA1,CD20,TIRAP,JAK2,CD68,TLR6,C7,SERPINC1,IKBKG,GSDMD,PDL1,TRAM1,PRDM1,C4B,TLR8,C1QC,ANGPT2,PLAT,HK2,IL2,CD86,NOS2,PLAT,IL2,NOS3,CXCR1,ISG20,C1QA,CCR5,TP53,IFIT2,S100A12,CD3G,IL23A,GP1BA,MS4A1,CCL26,TAPBP,PRF1,MBL2,MTOR,IL23A,MYH7,IL2RA,ITGAX,PROS1,RAC2,SERPINC1,CD55,IL5,C3,C5,MAPK3,CD28,TGFB1,IL7,ISG15,NQO1,ITGAM,PECAM1,IL17A,C2,PRF1,CD79A,LDHA,HSPA1A,CD163,IL7R,CCR7,C1QC,IL6R,CD3E,CD86,CXCR3,HLA-DQB1,BCL2,CD14,ANGPT2,CD79A,C1QB,CD103
CD68,DSG2,ATG5,TPM1,MX1,ARG1,CFH,ITGA4,NFKBIA,CFH,TGFBR1,GSDMD,IL2RA,CD3G,PLN,NOD2,C3,BLNK,FOS,IL5,MS4A1,TOLLIP,TYK2,CD163,TLR9,C8A,C3,RIG1,PLCB1,PD1,IRAK4,XBP1,C5,TLR9,CFB,TEK,PLAU,HK3,IL4,CD28,NCF1,PLAU,IL4,ENOS,CXCR4,ANGPT2,C1QB,CXCR1,NFAT1,IFIT3,HMGB1,CD4,IL12B,ITGA2B,NPPA,MYH13,PSMB8,FASLG,FCN1,MAPK1,IL12A,TNNT2,IL4,ITGB2,SERPINC1,ICAM1,TFPI,CD59,IL13,C4A,CD46,MAPK14,CD80,TGFB2,IL7R,MX1,TGFB1,ITGB2,CDH5,IL23A,C3,GZMB,CD79B,LDHB,HSP90AA1,MRC1,CD19,CXCR1,C4A,IL6ST,CD28,CD274,CCR5,HLA-DRB1,BCL2L1,CD163,TEK,CD79B,C1QC,IL7R
CD163,PKP2,ATG7,NPPB,OAS1,IDO1,CFB,ITGAL,IKBKB,CFI,SMAD3,TBX21,FOXP3,CD4,GDF15,NLRP3,C5,CD14,ATF3,IL5RA,CD3E,SOCS1,ISG15,MRC1,CDH5,C8B,C5,MDA5,PLCB4,TBX21,TRAF6,IRF4,CFB,NOD1,CFH,KDR,FGB,PFKFB3,IL12B,CTLA4,CDH5,FGB,IL12B,INOS,BCL2,OAS1,C1QC,CXCR2,NFAT2,C3,RAGE,CD8A,IL12A,ITGB3,NPPB,CDKL3,PSMB9,CD8A,FCN2,MAPK3,IL12B,TNNI3,IL4R,CD44,TFPI,VCAM1,PLAT,HLA-DRA,IL33,C4B,CD55,JUN,CD86,TGFB3,IL15,OAS1,COL1A1,ITGAL,ICAM1,CCL3,C4A,FASLG,CCL2,ACTC1,TNFRSF1A,MSR1,CD20,CXCR2,C4B,TNFRSF1A,CTLA4,PDCD1LG2,CCR6,TNFAIP3,MCL1,CD68,FLT1,PAX5,C3AR1,BCL2
MRC1,DSP,BECN1,NPPA,IFIT1,NOS2,CFD,CD11B,CHUK,C5,CSF3,GZMB,CTLA4,CD8A,IL1RL1,MYD88,C3AR1,CD163,EGR1,TGFB1,CD28,SOCS3,ISG20,CD209,TEK,C8G,C3AR1,MAVS,EMILIN1,GATA3,TAB1,CXCL8,CFH,NOD2,C3AR1,FLT1,FGA,LDHA,IL18,PDCD1,KDR,FGA,IL18,NOS2,BCL2L1,IL12A,C2,JAK1,EGFR,C5,LTF,FOXP3,IL21,SELPLG,MYH7,CCDC124,PSME1,CD4,FCN3,MAPK14,TGFB1,AIM2,IL10,LGALS3,GP1BA,SELE,PLAU,HLA-DRB1,TSLP,C5,CD59,FOS,CTLA4,FOXP3,IL15RA,IFIT1,COL3A1,CD44,VCAM1,CCL4,C4B,FAS,CCL3,TPM1,TNFRSF1B,MARCO,CD22,CXCR3,C2,IFNGR1,PDCD1,LAG3,CXCR5,ORAI1,BAX,TLR1,KDR,CD38,C5AR1,BCL6
FAS,SCN5A,MAP1LC3B,NPR1,IFITM3,HMGB1,CD19,CD18,TNFRSF1A,C5AR1,CSF3R,PRF1,PDCD1,CD8B,POSTN,IRAK4,C5AR1,CD68,BCL2,TGFBR1,CTLA4,NFKBIA,MX1,IL2,FLT1,C9,C5AR1,STING1,FURIN,RORC,TAK1,CXCL10,CFI,NLRP3,C5AR1,NRP1,FGG,SLC2A1,IL23A,ICOS,FLT1,FGG,IL23A,CD4,MCL1,MMP9,CFB,JAK2,JAK1,C3AR1,MPO,RORC,IL22,P2RY12,MYH6,CD79B,PSME2,CD3E,CR1,JUN,SMAD3,IL1RN,IL10RA,LGALS3BP,GP9,SELP,SERPINE1,HLA-B,IDO1,C3AR1,CFH,SAA1,ICOS,IL2RA,IL21,RSAD2,FN1,IGHG1,SELE,CCR5,C5,CASP1,CCL4,MYL2,IL12A,TLR1,IGHM,CXCR4,TNNI3,IFNAR1,IL7R,TIGIT,CD27,CASP3,BAK1,TLR5,PDGFB,TNFRSF13B,CFH,EOMES
FASLG,RYR2,ATG16L1,NPR2,CCR2,NLRP3,MS4A1,CD62L,TNFRSF1B,C3AR1,CSF2,NCR1,CD274,CD28,MMP2,TRAF3,CFB,CD80,BCL2L1,TGFBR2,PDCD1,TNFAIP3,OAS1,IL2RA,KDR,CFB,CD55,CGAS,ACVRL1,FOXP3,RELA,CCL2,SELP,NLRC4,CD55,EGFL7,PLG,SLC2A14,IL1A,TNFSF4,MYL2,PLG,IL1A,CD8A,BAX,IL21,CFH,JAK3,JAK2,C5AR1,ELANE,TBX21,IFNA1,TBXA2R,TNNT2,CDK11A,CD86,CD19,CD55,FOS,RUNX1,ELANE,IL12A,CDH5,ITGA2B,CD31,VWF,HLA-C,ARG1,C5AR1,CFB,SAA2,PDCD1,CTLA4,IL21R,TRIM5,ACTA2,IGHG2,SELP,PROCR,C6,CASP3,CCL5,MYL3,IL12B,NLRP3,IGHG1,CXCR6,TNNT2,IL10RA,IL7,HAVCR2,CD28,BCL2,CYCS,TLR6,TGFB1,BLNK,CFB,CD2
BCL2,CASQ2,BCL2,NPR3,CCR5,CASP1,CD22,CD62E,TRAF2,CD46,CSF2RA,KLRK1,ICOS,CTLA4,MMP9,TRAF6,CFH,CD86,CASP3,SMAD3,LAG3,MAPK1,OAS2,IL4,VEGFB,CFD,CD46,IFIT1,KNG1,CD4,RELB,CCL3,CDH5,AIM2,CD46,NOTCH1,VTN,FAS,IL1RN,HLA-DRA,F11,VTN,IL1RN,CD8B,BAK1,PDCD1,CFI,TYK2,TYK2,CFB,PTGS2,GATA3,IFNB1,PTGS2,TNNI3,MMP25,CD80,CD56,CD46,NFATC1,CEBPB,PRTN3,IL12B,CLDN5,ITGB3,CDH5,ITGA2B,TAP1,NOS2,S100A8,C1Q,ORM1,LCK,PDCD1,GATA3,APOBEC3G,PECAM1,IGHG3,BCL2,CDH5,C7,CASP8,CXCL8,F2,IRF1,NLRP1,CD27,VCAM1,MYH7,IFNA1,CD27,CD27,ICOS,BAX,APAF1,IRGM,EGF,CD14,CFD,CD5
BAX,CD4,BCL2L1,CRP,CXCR4,IL18,CD79A,CD62P,TRAF3,CD55,CSF1,KLRD1,CD28,PDCD1,C1QA,NFKB1,CD55,CSF1R,CASP1,FOXP3,TIM3,MAPK3,NCF1,IL5,CRP,CFH,NLRP3,IFIT2,ACE,CD8A,NFKB2,CCL5,THBD,PYCARD,CD59,DLL4,NLRP3,FASLG,CD3E,HLA-DRB1,F12,NLRP3,CD3E,CD3E,CASP1,GATA3,C3AR1,STAT2,SAMHD1,CFH,ALOX5,IL17A,IFNL1,NLRP3,TPM1,IL32,CD40,CD25,C3AR1,NFATC2,JUN,DEFA1,IL17A,OCLN,SELPLG,VE-cadherin,ITGB3,TAP2,COX2,S100A9,MBL2,HP,FYN,LAG3,TBX21,BST2,CDH5,IGHG4,BCL2L1,ANGPT1,C8A,NLRP3,CXCL9,F5,IRF3,PYCARD,TNFRSF13B,ICAM1,MYBPC3,TICAM1,ICOS,CD38,CD137,NFATC1,XIAP,GBP1,FGF2,CD68,F2,CD7
CASP3,CD8A,MCL1,SAA1,CX3CR1,PYCARD,CD79B,CD44,TRAF6,CD59,CSF1R,CD69,GATA3,CD274,C1QB,NFKB2,CD59,MARCO,IL18,CD4,CD25,MAPK8,NCF2,IL10,SAA1,CFI,NLRP1,IFIT3,ACE2,CD19,IKBKA,CXCL9,ANGPT1,CASP1,CFI,HIF1A,NLRP1,FADD,CD4,HLA-DQA1,F13A1,NLRP1,CD4,CD3D,CASP3,MYL2,C5AR1,STAT3,TRIF,CFI,LTB4R,IL17F,OAS1,CASP1,MYBPC3,CD9,CD40LG,CTLA4,C5AR1,IL1R1,FOS,LCN2,IL18,C3,P2RX7,NOS3,GP1BA,B2M,PTGS2,S100A12,MASP2,FN1,ITK,TIGIT,RORC,CD40,KDR,IGHA1,MCL1,ANGPT2,C9,PYCARD,CXCL10,F7,IRF7,CASP1,TNFRSF17,SELE,ACTC1,MAVS,CD19,CD19,OX40,CALCA,PARP1,GBP2,MMP2,CD163,F3,LFA1
CASP8,CD8B,BAX,SAA2,CREB1,AIM2,CD40,CD69,RIPK1,MASP1,CXCL8,CD38,TBX21,ICOS,C1QC,RELA,ITGAM,ELANE,NLRC4,CD8A,IL2RA,MAPK14,NCF4,IL12A,SAA2,CD55,NLRC4,ISG15,AGT,CD3E,IKBKB,CCL4,ANGPT2,CASP4,NLRP3,VEGFC,NLRC4,BCL2,CD8A,HLA-DQB1,SERPINC1,NLRC4,CD8A,CD3G,CASP8,F5,ITGA4,STAT4,TBK1,CD55,CXCL1,IL22,OAS2,IL1RN,ACTC1,CD4,ICOS,PDCD1,CD14,IL1RN,ATF3,FAS,IL23A,C5,NLRP1,EDN1,GP1BB,CD8A,PGE2,HMGB1,PLG,MMP9,BCL6,IDO1,CD19,CD40LG,FLT1,IGHA2,BCL2A1,TEK,CFH,AIM2,CXCL11,F10,IRF9,IL18,IL21,SELP,TPM1,DDX58,MS4A1,CD22,GITR,CCR2,TP53,MX1,MMP9,CD33,F5,MAC1
CASP9,CD3E,BAK1,MB,ALPK1,CXCR3,IGHG1,CD25,TAB1,MASP2,CXCR1,PDCD1,RORC,IL7,C3,NFKBIA,ITGAL,MPO,AIM2,CD3E,CXCR4,JUN,MPO,IL12B,LBP,CD59,PYCARD,MX1,AGTR1,TCR,CHUK,CCL7,TEK,GSDMD,NLRP12,PDGFB,AIM2,BAX,CD25,B2M,FGA,AIM2,CD25,CD28,CASP9,CD55,ITGB1,STAT5A,IRGM,CD59,CXCL2,IL23A,OAS3,PYCARD,TTN,CD22,ICOSL,LAG3,CD64,IL6R,EGR1,FASLG,MAPK1,C3AR1,AIM2,VEGFA,GP9,CD4,LTC4S,FCGR1A,PLAT,MMP2,BATF,ARG1,MS4A1,CD80,TEK,IGHM,BAX,KDR,CFI,MMP9,NPPA,F11,IFIT1,IL18R1,IL21R,PECAM1,MYL2,IFIH1,CD22,CD79A,PD1,CCR5,MDM2,MX2,TIMP1,ITGAM,F7,CR1
HMGB1,CD3D,CASP3,CKM,PFKFB3,CCR5,IGHM,CD127,TAB2,MBL2,CXCR2,CTLA4,IL2,IL7R,C4A,C3,ITGB2,LTF,ASC,CD3G,CCL19,FOS,ELANE,IL17A,CD14,MPO,CASP1,OAS1,AGTR2,BCR,NFKBIA,FAS,EDN1,DDX58,NLRC4,TGFB1,CASP1,RIPK1,FOXP3,TAP1,FGB,CASP1,FOXP3,CTLA4,GSDMD,IFNGR2,ITGB2,STAT5B,SQSTM1,C1Q,CSF2,IL23R,RSAD2,AIM2,DES,CD6,CTSS,TIGIT,FCGR1A,IL6ST,NFATC1,BCL2,MAPK3,C5AR1,PYCARD,FLT1,P2RY12,CD3E,ALOX5,CD14,PLAU,TIMP1,MAF,IL17A,CD22,CD86,ANGPT1,IGJ,BAK1,FLT1,CFB,MMP2,NPPB,F12,IFIT2,AIM2,CD80,CDH5,MYL3,RSAD2,CD79A,CD79B,PDL1,CXCR3,CDKN1A,OAS1,ADAM17,ITGAX,F10,CD163
HSPA1A,CD3G,CASP8,LDHA,HK3,CCR2,CD3D,FOXP3,MAP3K7,FCN1,CCL2,LAG3,IFNG,CD19,C4B,C5,CD44,DEFA1,GSDMD,GZMB,CCL21,CEBPB,CXCL8,IL21,S100B,ELANE,IL18BP,OAS2,EDN1,HLA-DRA,REL,FASLG,NOS3,IFIH1,AIM2,ENG,CASP4,RIPK3,CTLA4,TAP2,FGG,CASP4,CTLA4,PDCD1,ELANE,CD79A,ITGAL,STAT6,NEK7,C4A,CSF3,IL10,IFI44,HMGB1,PLN,CCDC88C,LGMN,HAVCR2,FCGR2A,TNFRSF1A,BCL2,BCL2L1,MAPK8,CFH,GSDMD,KDR,NPPA,CD3G,CRP,FCGR3A,SERPINE1,MMP3,PRDM1,IL17F,CD79A,CTLA4,ANGPT2,FCGR1A,BID,MYH6,CFD,TIMP1,MYH7,F13A1,IFIT3,NLRC4,CD28,EPCR,NPPA,DEFA1,CD79B,IGHG1,PDL2,CX3CR1,MMP2,OAS2,ACE2,CSF1R,SERPINE1,CD206
HSP90AA1,CD19,CASP9,LDHB,CR1,CX3CR1,CD3E,IL2,IRAK1,FCN2,CCL3,TIGIT,CD14,CD20,C5,CFH,SELL,DEFA3,CD163,PRF1,TNFSF13B,EGR1,CXCL1,IL23A,S100P,PRTN3,GSDMD,OAS3,EDNRA,HLA-DRB1,MAP3K7,CASP3,MAPK1,MAVS,PYCARD,ACVRL1,PYCARD,CD40,PDCD1,PSMB8,C4B,PYCARD,PDCD1,LAG3,MPO,TGFB1,ITGAM,FAS,HMGB1,C4B,IL15,TGFB1,IFI44L,RAGE,CASP1,NUDCD3,AIF1,ISG15,FCGR2B,TNFRSF1B,BCL2L1,CASP3,MAPK9,CFB,IL1A,ANGPT1,NPPB,CD19,SAA1,MPO,FGB,MMP13,ID2,IL22,CD79B,PD1,LDHA,FCGR2A,BIRC2,MB,CD55,CCL3,TNNT2,F13B,TRIM5,ITGAM,ICOS,SDC1,NPPB,CAMP,CD38,IGHG2,BTLA,IL2,MMP9,OAS3,TMPRSS2,TLR2,PLAT,CD80
HSP90AB1,CD69,FAS,GOT1,SLC2A14,SELL,CD3G,IL4,IRAK2,FCN3,CCL4,HAVCR2,FCGR3A,CD22,C3AR1,CFB,CRP,DEFA4,CD206,FASLG,IFNAR1,HIF1A,CXCL2,TGFB1,GP1BA,CTSG,CCL2,RSAD2,EDNRB,C3,MAPK14,CASP8,MAPK3,STING1,CASP1,BMPR2,IL18,CD40LG,GATA3,PSMB9,CFI,IL18,GATA3,TIGIT,PRTN3,CD59,ITGAX,FASLG,ADAM17,MASP1,IL7,IL4,IFI27,TLR9,CASP3,IL20RA,CX3CR1,MX1,FCGR3A,TLR4,CASP3,CASP8,MAPK14,CFD,IL33,ANGPT2,TNNI3,CD20,HP,ELANE,FGA,HSPA1A,RUNX3,IL23A,IGHM,PDL1,HIF1A,NFKB1,BIRC3,CKM,CD46,CCL4,TNNI3,SERPINC1,TRIM21,ITGAX,IL4,NOS2,BNP,LTF,IGHM,IGHG3,CD47,IL2RA,TIMP1,OASL,FURIN,TLR4,PLAU,CD86
MMP2,CD38,FASLG,GOT2,FPR1,ITGAL,CD4,IL5,MYH7,HLA-DRB1,CCL5,CD244,CD163,CD79A,C5AR1,CFI,SAA1,CAMP,ARG1,FAS,IFNB1,RORA,CXCR1,CSF1,SOD2,LCN2,CCL3,CXCL10,NOS3,C5,MAPK8,CASP9,MAPK8,CGAS,CASP4,CAV1,IL18BP,CD80,TBX21,ERAP1,CFB,IL18BP,TBX21,HAVCR2,CTSG,IL23A,CD44,CASP3,MMP2,MASP2,IL12A,IL5,IFIT3,C3,CASP8,CD74,CCR2,OAS1,FCGR3B,TLR3,CASP1,MMP2,MAP2K1,CD55,IL36G,TEK,TNNT2,CD22,ORM1,LCN2,FGG,HSPA1B,EOMES,RORC,IGHG1,LAG3,PPARGC1A,RELA,BIRC5,ADAMTS13,CD59,CCL5,MYL2,SERPIND1,TRIM22,ITGB2,IL13,EDN1,ANP,NCF1,IGHG1,IGHG4,SIRPA,IL4,TIMP2,ISG15,DPP4,TLR9,PROC,HLA-DR
MMP9,CD40,BIRC3,TLR1,TRIM58,ITGB2,CD8A,IL13,MYH6,HLA-DQB1,CCR1,CD160,CD68,CD79B,CFH,CFD,SAA2,LCN2,NOS2,BCL2,ISG15,RORC,CXCR2,CSF2,MAPK14,MMP8,CCL4,CCL2,NOS2,CFH,JUN,BCL2,MAPK14,CCL2,CASP5,PTGS2,GSDMD,CD86,RORC,CXCL8,C1QC,GSDMD,RORC,CD40,AZU1,NCF1,CCL3,CASP8,MMP9,MBL2,IL12B,IL13,IFITM1,C5,GSDMD,NCDN,CCR5,OAS2,ITGAM,TLR9,NLRP3,MMP9,MAP2K4,CD59,IL37,HIF1A,MYH7,CD79A,AGT,MMP9,VTN,HSP90AA1,TCF7,CCR6,IGHG2,TIM3,NRF1,REL,CASP3,PROS1,CD163,CCR1,MYL3,SERPINF2,IKBKB,ITGA4,IL5,VEGFA,GDF15,NCF2,CD40,IGHA1,CD274,IL5,ADAM17,ISG20,BSG,DDX58,PROS1,CD14
MMP13,CTLA4,C3,TLR2,IGSF3,PECAM1,CD8B,IL10,ACTC1,HLA-DQA1,CCR5,BTLA,FCGR1A,PAX5,CFI,C3AR1,HP,NFATC1,IDO1,BAX,MX1,TBX21,C3,CSF3,PPARG,S100A8,CCL5,CCL5,PTGS2,CFB,FOS,BCL2L1,MAP2K1,CCL3,CASP8,PTGES,NOD1,CTLA4,CD14,CXCL9,CD8B,NOD1,CD14,CD40LG,DEFA1,BCL6,CCL4,CASP9,TIMP1,FCN3,IL18BP,STAT3,IFITM3,C5AR1,GSDME,SERPINB1,CXCR1,IFIT1,ITGAX,TICAM1,AIM2,MMP13,MAP2K6,CD46,NLRP6,NFKB1,ACTC1,CD79B,ACE,CD3E,CD36,HSPB1,NR4A1,STAT3,IGHG3,TIGIT,TFAM,NFKB2,CASP7,PRTN3,CD68,CCR5,STAT3,PROC,CHUK,ITGB1,GATA3,VEGFR2,ST2,ANGPT1,TNFSF13,IGHM,CD273,IL13,EGF,IFIT1,NRP1,IFIH1,THBS1,CD16
TIMP2,PDCD1,C5,TLR3,HLA-DRB1,SELE,CD28,TGFB1,ACTN2,HLA-B,CX3CL1,TLR3,CD80,CD38,CFB,C5AR1,FTL,NFATC2,TGM2,NFATC1,OAS1,GATA3,C5,GATA3,HK3,S100A9,CCL20,CXCL8,PTGES,C1Q,ATF3,MCL1,MAP3K7,CCL4,CASP10,ALOX5,NOD2,PDCD1,CD16,CXCL11,TIGIT,NOD2,CD16,CD80,LCN2,TIRAP,CCL5,BCL2,TIMP2,TNNT2,TNFAIP3,STAT4,MX2,CD55,RIPK1,CCDC28A,CXCR2,IFIT3,ITGB2,TRAF6,PYCARD,TIMP1,JAK1,ITPKC,NLRP12,NFKB2,GJA1,IGHM,ACE2,CD4,SCARB1,HSPA5,EDN1,IL21,IGHG4,FAS,TRAF6,RELB,CASP8,CTSG,MERTK,CXCR2,STAT4,PROS1,NFKBIA,ITGB7,TBX21,FGF2,HMGB1,ANGPT2,C3,XBP1,HAVCR2,GATA3,TGFB1,IFIT2,CLEC4M,NLRP3,FAS,TLR9
SELPLG,CD274,C3AR1,TLR4,HLA-DQB1,SELPLG,CTLA4,SMAD2,TNNC1,HLA-C,CX3CR1,TLR4,CD86,TNFRSF13B,CFD,CD55,FTH1,NFATC3,F13A1,NFATC2,STAT1,FOXP3,C3AR1,TBX21,SLC11A1,S100A12,CXCL8,IL10,LTA4H,C4A,EGR1,BAX,NLRP3,CCL5,GSDMD,LTA4H,CARD9,CD274,CD68,CCL3,HAVCR2,CARD9,CD68,CD86,LTF,IL6ST,CXCL1,BCL2L1,ESM1,TNNI3,NFKBIA,STAT6,HERC5,CD59,RIPK3,RTEL1-TNFRSF6B,CXCR3,IFITM1,ICAM1,TAB1,IL18,TIMP2,JAK2,CASP3,CARD8,RELA,SCN5A,IGHG1,EDN1,CD8A,MSR1,SOD2,NOS3,IL12A,IGHA1,FASL,IRAK4,JUN,CASP9,NCF1,MSR1,ITGAM,STAT5A,THBS2,NFKBIB,MADCAM1,RORC,PDGF,S100A8,TEK,C5,PRDM1,GZMB,RORC,PDGFB,IFIT3,DC-SIGN,AIM2,FASLG,NLRC4
GP1BA,PDCD1LG2,C5AR1,TLR5,MMP9,CD44,PDCD1,SMAD3,MYL2,B2M,CXCL9,TLR9,MERTK,CD68,CD46,CD46,NPPA,NFATC4,SERPINE1,CALR,IRF3,CD3E,C5AR1,RORC,FCN1,CAMP,CXCL10,IL10RA,ALOX5,MASP2,CEBPB,NFKB1,NLRC4,CCL7,GSDME,LTB4R,NPPA,CREB1,CD163,CCL4,CD28,NPPA,CD163,HLA-A,MMP8,ICOS,CXCL2,BAX,RHOC,MYH7,IKBKB,SOCS1,USP18,CFH,MLKL,TIMP2,CXCR4,IFITM3,VCAM1,TAB2,IL18BP,SAA1,JAK3,HLA-DRB1,MEFV,RELB,KCNQ1,IGHA1,NOS3,CD19,TLR1,CAT,THBD,IL12B,IGHA2,GZMB,TAB1,FOS,CASP10,NCF2,MARCO,ITGB2,STAT5B,PLAT,NFKBIE,ICAM2,FOXP3,TGFB1,S100A9,PECAM1,C1QA,IRF4,PRF1,FOXP3,FGF2,IFITM1,SIGLEC1,PYCARD,BCL2,TRIM58
GP1BB,LAG3,CFH,TLR6,MMP2,CDH5,CD274,SMAD4,MYL3,TAP1,CXCL11,MYD88,SIGLEC1,CD163,CD55,CD59,NPPB,PPP3CA,PLAU,PDIA3,IRF5,CD4,CFH,BCL6,AQP9,LTF,CXCL9,IL10RB,CRP,MBL2,CEBPD,RELA,AIM2,CXCL1,IL18R1,CYSLTR1,NPPB,JUN,MPO,CCL20,GATA3,NPPB,MPO,HLA-B,MMP9,IL18R1,CXCL8,APAF1,PLAUR,MYBPC3,MAP3K7,SOCS3,SIGLEC1,CFB,PYCARD,CDH1,CCR6,CGAS,SELE,CHUK,HMGB1,SAA2,TYK2,HLA-DQB1,MVK,REL,KCNH2,TCF7,SOCS1,MS4A1,TLR3,GPX1,PROCR,IL23R,CD27,PRF1,TAB2,ATF3,APAF1,CYBA,CD14,CD44,STAT6,PLAU,NLRP3,CRP,IL10RA,TGFB2,S100A12,C1QB,C1QB,AICDA,FASL,TBX21,IGF1,IFITM3,FCGR2A,CXCL8,BCL2L1,IGSF3
GP9,TIGIT,CFB,TLR9,TIMP2,VE-CAM,IL2,IL22,MYBPC3,TAP2,CD4,TICAM1,CD209,CD206,CD59,C1QA,TNNT2,PPP3CB,THBD,HSP90B1,DDX58,CD8A,CFB,PRDM1,CSF3R,DEFA1,CXCL11,TGFB1,SAA1,CRP,FOSL1,JUN,PYCARD,CXCL2,IL18RAP,HMGB1,MYH6,JUNB,LYZ,CCR1,TBX21,MYH6,LYZ,HLA-C,PADI4,ANGPT1,CXCL9,MMP2,NRP2,NPPA,RIPK1,BCL2,LAMP3,C1QA,NLRC4,CDH10,CD163,STING1,SELP,IKBKB,RAGE,FGA,STAT3,HLA-B,TNFRSF1A,IKBKG,RYR2,LEF1,SOCS3,CD27,TLR6,NOS2,FLT1,CD4,CD38,GNLY,MAP3K7,EGR1,CYCS,TGFB1,FCGR1A,CD62L,MAPK1,PLAUR,NLRC4,SAA1,TGFBR1,SMAD2,RAGE,C1QC,C1QC,EBI3,TRAIL,EOMES,HGF,RSAD2,FCGR3A,CXCL10,BAX,RUNX1
ITGA2B,CASP1,MMP9,TLR10,TGFB1,FLT1,IL2RA,IL26,PLN,TAPBP,CD8A,IRAK4,ITGAM,MSR1,CD19,C1QB,TNNI3,MAPK1,PROC,HSPA5,IFIH1,CD19,CFD,NOD1,HP,DEFA3,CCR1,TGFBR1,SAA2,SAA1,JUNB,FOS,CASP1,CXCL8,IL18BP,RAGE,MYH7,FOS,MMP9,CCR6,RORC,MYH7,MMP9,HLA-DRA,OAS1,OAS2,CCR1,MMP9,GATA2,NPPB,RIPK3,BCL2L1,IDO1,C4A,NAIP,TNFRSF17,CD206,DDX58,PECAM1,IKBKG,S100B,FGB,STAT4,FCGR2A,NOD1,IKBKB,PLN,GATA3,CISH,CD38,TIRAP,NCF1,KDR,CD8A,SDC1,CD8A,SELL,SP1,DIABLO,TGFB2,FCGR2A,CD62E,MAPK3,PLG,AIM2,SAA2,CTGF,SMAD3,STAT1,CFI,C4A,CXCR5,CD107A,GZMB,SRC,DDX58,C3,CCL2,BAK1,FGR
ITGB3,CASP4,MMP2,MYD88,HMOX1,KDR,IL7,CCR6,RYR2,NCR1,CD3E,TRAF3,ITGAX,MARCO,MS4A1,C1QC,MYH7,MAPK3,PROS1,EIF2AK3,MAVS,CD20,CFI,NOD2,PLA2G2A,DEFA4,CCR2,TGFBR2,APCS,FERRITIN,DUSP1,STAT3,CASP4,CXCL9,RIPK3,TLR2,TNNT2,ATF3,MMP2,CX3CR1,NFATC1,TNNT2,MMP2,HLA-DRB1,OAS2,CTLA4,CCR2,MMP3,TAL1,NPR1,MLKL,FAS,WARS,MASP2,NFKB1,TNFRSF9,ARG1,IFIH1,CD40,NFKBIA,S100A4,FGG,STAT5A,FCGR3A,RIPK2,CHUK,CASQ2,TBX21,PIAS1,IFNA1,TICAM1,FAS,TEK,CD3E,PRDM1,CD4,SELP,IL6R,FADD,TGFBR1,FCGR3A,CD162,MAPK14,FGA,PYCARD,ORM1,MMP2,ACTA2,STAT3,CFD,C4B,FCGR2A,NKG2D,PRF1,MAPK1,IFIH1,C4A,CCL3,CASP3,CFH
CD22,CASP5,TIMP2,TICAM1,SOD2,TEK,IL7R,CCR2,CACNA1C,NCR3,CD3D,TRAF6,CSF1R,CD86,CD22,C2,ACTC1,MAPK8,TFPI,ATF4,TBK1,CD22,C1QA,NLRC4,TRIM58,CD3D,CCR5,SMAD2,PTX3,PROCALCITONIN,ZFP36,JAK1,GSDMD,CXCL11,CD14,CD36,TNNI3,EGR1,MMP3,ITGAM,CCL4,TNNI3,MMP3,HLA-DQA1,OAS3,RORC,CCR5,MMP8,PF4,NPR2,FASLG,FASLG,GBP1,ITGAM,RELA,PTCD2,IDO1,MAVS,CD40LG,REL,S100A11,ALB,STAT5B,FCGR3B,TAB1,MAPK1,CD177,RORC,PTPN11,IFNB1,IRAK2,FASLG,ANGPT1,CD3G,XBP1,CD3E,ITGB2,IL6ST,FAS,TGFBR2,SIGLEC1,PECAM1,MAP2K1,FGB,CCR2,ORM2,MMP3,COL1A1,STAT4,C4A,CFB,FCGR2B,NKG2A,FASLG,MAPK3,MAVS,C5,CCL4,CASP8,ALPK1
CD79A,GSDMD,FCGR1A,TIRAP,CAT,ANGPT1,CD14,CCR5,SCN5A,KLRK1,CD3G,NFKB1,CCR2,CD80,CD79A,C4A,KDM6B,MAPK14,VWF,ATF6,STING1,CD79A,C1QB,AIM2,IGSF3,CD3E,CD3E,SMAD3,LBP,ESR,SOCS1,JAK2,FAS,CCR1,CD68,MSR1,ACTC1,KLF2,TIMP1,ITGAX,CCR1,ACTC1,TIMP1,HLA-DQB1,OASL,CD46,CXCR1,MMP12,GP1BA,NPR3,FAS,TRAIL,GBP2,ITGAX,RELB,CCDC85A,HMOX1,ADAR,CD80,CXCR4,ANXA1,SOD2,STAT6,BLK,TAB2,MAPK3,MPO,FOXP3,SHP2,IFNGR1,IRAK3,BCL2,ANGPT2,CD19,IRF4,TCRa,ITGAL,TNFRSF1A,FASLG,SMAD2,FOLR2,CDH5,MAP2K2,FGG,CCR5,HP,TIMP1,COL3A1,JAK1,C4B,CFH,MS4A1,KIR2DL1,CD69,MAPK8,TBK1,CFB,CCL5,CASP9,PFKFB3
CD79B,PYCARD,FCGR2A,TICAM2,GPX1,ANGPT2,FCGR3A,CXCR3,KCNH2,KLRD1,TCF7,NFKB2,CX3CR1,HLA-DRA,CD79B,C4B,HDAC5,MAP2K1,ADAMTS13,XBP1,SAMHD1,CD86,ITGAM,CLEC7A,RUNX1,CD3G,CD4,SMAD4,LCN2,LDH,SOCS3,JAK3,FASLG,CCR2,CD80,MARCO,TPM1,ANGPT1,TIMP2,FCGR1A,CCR2,TPM1,TIMP2,HLA-DPA1,ADAR,TPM1,CXCR2,TIMP2,GP1BB,BNP,TRAIL,TRAILR1,SERPING1,CD14,JUN,IL17RB,NOS2,BST2,CD86,CCR2,ANXA2,NOS2,JUN,CD40,MAP3K7,MAPK8,ELANE,IL2RA,DUSP1,IFNGR2,NFKBIA,BAX,NFATC2,CD20,C1QA,TCRb,IL6R,TNFRSF1B,TNFRSF1A,SMAD3,MRC1,VWF,MAP3K7,TLR9,CCL7,FGA,COL1A1,FN1,JAK2,SERPINC1,C3AR1,CR2,KIR3DL1,CD25,MAPK14,STING1,CFH,CXCR1,RIPK1,HK3
CD28,AIM2,FCGR3A,IRAK2,ITGAM,NRP1,CD68,CXCR4,KCNQ1,KLRC1,LEF1,RELA,CD19,HLA-DRB1,PAX5,NPPA,SETDB2,MAP2K4,GP1BA,DDIT3,TREX1,HLA-DRA,ITGAX,CLEC4E,GATA3,CD4,CD8A,SOCS1,HAMP,DDIMER,PIAS1,TYK2,CASP3,CCR5,CD86,CD68,MYBPC3,ANGPT2,CREB1,FCGR2A,CCR5,MYBPC3,CREB1,HLA-DPB1,IFI16,IL2RB,CXCR4,CRP,GP9,NT-proBNP,TRAILR1,TNFAIP3,C3,CD163,FOS,SERPINB3,SOD2,RSAD2,HLA-DRA,CCR5,FN1,NCF1,FOS,ORAI1,IKBKG,MAPK14,PRTN3,CTLA4,DUSP6,IRF1,IKBKB,CASP3,NFATC3,CD56,C1QB,CD28,IL1R1,IL1R1,CXCL9,SMAD4,CD86,THBD,ITGAM,CGAS,CCL8,FGB,COL3A1,MMP2,JAK3,PROS1,CASP1,CCL2,CD56,CD44,AKT1,GSDMD,CFI,CXCR2,RIPK3,CREB1
CTLA4,NLRC4,HLA-DRA,IRAK3,ITGAX,PDGFB,CD163,SDF1,GJA1,PRF1,GATA3,RELB,MS4A1,NLRP3,EBF1,NPPB,DICER1,NPPA,ITGA2B,CD274,CD68,HLA-DRB1,ITGB2,CCR1,CFL1,CD8A,CD8B,SOCS3,FTH1,TROPONIN,USP18,CD80,CASP8,CCR7,CD163,CD206,PLN,TEK,ALPK1,FCGR3A,CX3CR1,PLN,ALPK1,B2M,IFI35,TLR3,NLRP3,SAA1,ITGA2B,CRP,BCL2,NFKBIA,C4A,CD68,ATF3,CDK14,GPX1,IFI16,HLA-DRB1,CX3CR1,LAMA5,GPX1,JUNB,STIM1,CHUK,JUN,CTSG,PDCD1,A2M,IRF3,CHUK,CD14,NFATC4,CD16,C1QC,ICOS,TNFRSF1A,IL1R2,CXCL10,VEGFA,HLA-DRA,SERPINC1,ITGAX,CD3D,CCL11,MMP2,FN1,MMP9,TYK2,THBS1,NLRP3,CCL5,CD16A,CD62L,PIK3CA,HMGB1,CD55,CCR1,MLKL,SLC2A14
PDCD1,IL1A,HLA-DRB1,IRAK4,CD44,TGFBR1,CSF1R,MCP1,IRF1,GZMB,TBX21,C3,CD22,PYCARD,BLNK,TNNT2,AGO2,NPPB,ITGB3,PDCD1,CD163,CTLA4,CD44,CCR2,ALOX5AP,CD8B,TBX21,USP18,FTL,BNP,OASL,CD86,BCL2,CXCR1,HLA-DRA,CLEC7A,SCN5A,FLT1,KREMEN1,C3,CTSG,SCN5A,KREMEN1,TAP1,IFITM1,IL10RA,NLRC4,SAA2,ITGB3,SAA1,BCL2L1,IKBKB,C5,CD80,EGR1,CDK17,CAT,IFI44,HLA-DQA1,PTGS2,COL1A1,CAT,FOSL1,SOCS1,IKBKB,FOS,AZU1,LAG3,APCS,IRF7,TAK1,CD16,ITPKC,CD14,C1R,FOXP3,IFNAR1,IL10RA,CXCL11,SLC2A1,HLA-DRB1,TFPI,ITGB2,CD3G,CXCL1,MMP9,ACTA2,TIMP1,SOCS1,CD36,PYCARD,CXCL8,CD94,CD127,MTOR,S100A8,CD59,CCR2,CD3E,FPR1
CD274,IL37,CEBPB,TRAF3,NR3C1,TGFBR2,CX3CR1,RANTES,IRF5,GZMA,RORC,C4A,CD79A,CASP1,SYK,TNNI3,DROSHA,MYH7,P2RY12,LAG3,MRC1,PDCD1,SELL,CCR3,IL1B,CD28,GATA3,PIAS1,TF,ALT,IFIT1,CD83,BCL2L1,CXCR2,HLA-DRB1,CLEC4E,KCNQ1,TGFB1,JAK1,C5,LCN2,KCNQ1,JAK1,TAP2,IFNA1,TNFRSF1B,AIM2,HP,SELP,SAA2,MCL1,MAPK1,CFB,CD86,CEBPB,CDH3,PRDX1,IFI44L,HLA-DQB1,ALOX5,COL3A1,SOD1,CREB1,SOCS3,BCL10,AP1,DEFA1,TIGIT,CFH,IRF9,MAPK9,CD68,NLRP1,TLR2,C1S,RORC,IFNAR2,IL10RB,CXCL2,LDHA,S100A8,CD46,CD44,CD8B,CXCL2,MMP3,VWF,TIMP2,SOCS2,GP1BA,AIM2,CXCL10,NKP46,PD1,PTEN,S100A9,MASP2,CRP,CD4,LBP
ICOS,IL33,JUN,TRAF6,FKBP5,SMAD2,ITGAM,HMGB1,IRF8,GZMK,FOXP3,C4B,CD79B,CASP4,AICDA,MYH7,SOD2,TNNT2,TBXA2R,HAVCR2,CD86,LAG3,MADCAM1,CCR5,TLR7,CTLA4,RORC,VEGFA,TFRC,AST,IFIT3,CD40,MCL1,CXCR3,ITGAM,SIGLEC1,KCNH2,NPPA,JAK2,C3AR1,DEFA1,KCNH2,JAK2,CIITA,IFNB1,NCF2,DDX58,ORM1,P2RY12,HMGB1,XIAP,MAPK3,CFH,CD28,CEBPD,CDON,NCF1,USP18,IL12A,LTA4H,COL4A1,EGR1,ATF3,PELI1,MALT1,MYD88,DEFA3,HAVCR2,CFB,ISG15,MAPK11,CD163,F2,TLR4,C2,TBX21,IFNGR1,IFNAR1,CXCL1,HIF1A,S100A9,CFH,CLEC5A,IL2RA,CXCL9,MMP1,THBD,VIM,SOCS3,MYBPC3,GSDMD,CCR2,CD69,PDL1,GSK3B,S100A12,MBL2,SAA1,CD8A,LRG1
SOD1,RIPK1,FOS,TAB1,DUSP1,SMAD3,ITGAX,HSP70,JAK1,GNLY,IL2,C5,IGHM,CASP5,BACH2,MYBPC3,CAT,TNNI3,PTGS2,TIGIT,CD80,HAVCR2,CEACAM1,CXCR4,TLR8,PDCD1,CTLA4,VEGFR2,HMOX1,ALBUMIN,OAS1,FLT3,VEGFB,CXCR4,ITGAX,FCGR1A,RYR2,NPPB,TYK2,C5AR1,CAMP,RYR2,TYK2,GATA3,CD19,MMP8,IFIH1,APCS,TBXA2R,RAGE,CIAP1,MAPK14,CFI,CTLA4,GATA3,CDK13,NCF2,SOCS1,IL12B,HMOX1,SPARC,EGR2,EGR1,CYLD,CARD11,IRAK1,DEFA4,CD274,C3,ISG20,MAPK12,ITGAM,F5,TLR5,C3,GATA3,CRP,IFNAR2,CCL2,EPAS1,S100A12,CFI,CLEC7A,CTLA4,TLR1,TIMP2,PROCR,KRT18,IRF1,TBX5,IL18,CCR5,CD38,CTLA4,CTNNB1,MMP1,FCN1,SAA2,IL2RA,AGT
SOD2,RIPK3,EGR1,TAB2,EGR1,NOTCH1,MPO,TLR3,JAK2,FASLG,IL2RA,C1QA,IGHG1,GSDMD,PRDM1,ACTC1,GPX1,MYL2,ALOX5,CD226,CD40,CD274,CEACAM8,CX3CR1,AGER,TBX21,PDCD1,FLT1,HP,FIBRINOGEN,OAS2,CLEC9A,FLT1,CX3CR1,CSF1R,FCGR2A,CASQ2,TNNT2,PIK3CA,CFB,IRAK4,CASQ2,PIK3CA,TBX21,CD22,CYBB,MAVS,HLA-DRA,PTGS1,CD40,ADAM17,JUN,CD55,ICOS,TBX21,SMARCD1,CYBB,SOCS3,IL23A,NQO1,POSTN,CEBPB,EGR2,TNFAIP3,TBK1,IRAK4,LCN2,PDCD1LG2,C5,MX1,MAPK13,CD1C,F7,TLR9,C3AR1,BCL6,SAA1,HLA-A,CCL3,ADM,S100B,C3,S100A8,PDCD1,TLR3,TIMP3,PROS1,ALB,IRF3,ACTC1,IL1A,CXCR4,CD98,TIM3,WNT5A,MMP7,FCN3,HP,IL2RB,RBP4
CAT,MLKL,ATF3,MAP3K7,JUN,JAG1,ELANE,TLR7,TYK2,CD244,IL7R,C1QB,CD27,IL18,XBP1,MYL2,NQO1,NDUFA4,LTC4S,ICOS,CD40LG,PDCD1LG2,CEACAM6,HMGB1,PADI4,GATA3,CD28,ANGPT1,HPX,IL21,RSAD2,CD1C,KDR,CCR4,CSF3R,FCGR3A,C3,IL1R1,AKT1,CFH,NFKB2,C3,AKT1,RORC,CD79A,CD1D,STING1,HLA-DRB1,PTGS2,CD40LG,MMP2,FOS,CD46,CD3E,RORC,CD84,CYBA,PELI1,IL18,SOD2,ANGPT1,CEBPD,BECN1,TRAF3,STING1,TRAF6,MMP8,IDO1,C3AR1,OAS1,ATF2,CLEC7A,F10,NFKB1,C4A,IL7R,ORM1,HLA-B,CCL4,HMGB1,S100P,C5,S100A9,CD274,TLR5,TIMP4,TFPI,CRP,IRF7,MYL2,CASP4,CX3CR1,CD71,LAG3,ITGB1,MMP8,SERPING1,ORM1,CD69,SDC1
GPX1,FASLG,IL1R1,CHUK,FOS,DLL4,PRTN3,TLR9,STAT3,CD160,IL15,C1QC,CD38,IL18R1,IRF4,S100A8,HMOX1,NDUFA9,CYP5A1,TNFSF4,HLA-DRA,IDO1,CEACAM5,S100A8,BCL2A1,RORC,ICOS,ANGPT2,MPO,IL22,IFITM1,HMGB1,EPCAM,C1QA,CCR2,FCGR3B,C4A,IL1RAP,SOD2,CFI,IKBKE,C4A,SOD2,FOXP3,CD79B,AIM2,CGAS,HLA-DQA1,ALOX12,CD86,MMP9,MYD88,CR1,CD4,PTGS2,CDC42,MPO,FCGR1A,IL18R1,CAT,ANGPT2,ATF3,ATG5,TBK1,MAVS,TIRAP,MMP9,ARG1,C5AR1,IFIT1,CREB1,CD209,F11,RELA,C4B,CD25,HP,HLA-C,CCL5,CREB1,HMGB1,C5AR1,S100A12,LAG3,TLR6,SOD1,PECAM1,SAA1,IRF9,RELB,NLRC4,CX3CL1,KI67,TIGIT,ITGB2,MMP12,C1QA,FGA,CD44,HA
NOS2,FAS,IL6R,NLRP1,ATF3,WNT5A,CAMP,IFNA1,STAT4,KIR2DL1,IL21,CFB,TNFRSF13B,NFKB1,IGHG1,S100A9,FAS,NDUFB1,HMOX1,TNFRSF4,HLA-DRB1,ARG1,IL1R1,S100A9,HLA-DRA,IL2,CD19,TEK,EPO,IL25,IFITM3,S100A8,TIE1,C1QB,CX3CR1,CR1,C4B,IL1RN,SOD1,CD55,ITGAM,C4B,SOD1,BCL2,MS4A1,CXCR5,HIF1A,HLA-DQB1,LTA4H,CD80,TIMP1,TICAM1,MASP2,CD8A,ALOX5,LMCD1,EPX,C5AR1,IL18RAP,GPX1,TEK,SP1,ATG7,MAVS,DDX58,TICAM1,S100A8,NOS2,CD55,FAS,ELK1,ITGAX,F13A1,IKBKG,C5,CD127,FGA,HLA-DRA,CCL7,SLC2A14,AGER,CD59,HMGB1,TIGIT,TLR9,SOD2,CDH5,FGA,IFNAR1,CASP8,NAIP,CCL3,PCNA,IDO1,ITGB3,MMP14,C1QB,FGB,PTPRC,PICP
NOS3,TNFRSF1A,IL10RA,NLRP3,CEBPB,CTNNB1,LCN2,IFNB1,STAT5A,KIR2DL3,IL23A,CFD,TLR1,NFKB2,IGHG4,S100A12,FASLG,COX4I1,SOD2,CD27,CIITA,NOS2,IL1R2,S100A12,HLA-DRB1,IL4,CD22,PECAM1,ELANE,IL27,BST2,S100A9,ADAMTS13,C1QC,FCGR1A,CR2,C5,IL6R,GPX1,CD46,ITGAX,C5,GPX1,BCL2L1,PAX5,CD28,LDHA,HLA-DPA1,LTC4S,CD28,VWF,IRAK4,MBL2,CD19,LTA4H,CDH19,LTF,C3AR1,NLRP3,PRDX1,TIE1,HSPA1A,CASP1,STING1,IFIH1,MAVS,S100A9,NCF1,CD46,FASLG,MYC,CD83,SERPINC1,MAPK1,C5AR1,KLRG1,FGB,HLA-DRB1,CCL11,TREH,NLRP3,FCN1,PIK3CA,TBX21,F11,CAT,NOS3,FGB,IFNAR2,HSP90AA1,PTGS2,CCL4,BCL2,ARG1,ITGA4,TIMP3,C1QC,FGG,CTLA4,SST2
GATA3,TNFRSF1B,CD14,NLRC4,HSPA1A,APC,MMP8,ISG15,STAT5B,KIR3DL1,IL17A,CFH,TLR2,RELA,CD3D,HMGB1,BCL2,COX6A1,CAT,CD70,B2M,MPO,IL6R,ALOX5,HLA-DPA1,IL5,CD79A,CDH5,CXCL8,IL35,TRIM25,S100A12,SERPINE1,C2,FCGR3A,ITGAX,C5AR1,IL6ST,CAT,MASP2,ITGB2,C5AR1,CAT,BAX,BLNK,C1QA,PKM,HLA-DPB1,CRP,CTLA4,PECAM1,TRAF6,FCN1,CD20,CRP,PDCD2,ELANE,CD55,NLRC4,CYBB,CDH5,HSP90AA1,CASP3,TICAM1,CGAS,ISG15,S100A12,NCF2,MASP1,CASP3,CDKN1A,FCGR1A,PLAUR,MAPK3,C5AR2,CD62L,FGG,HLA-DQA1,CCL19,CYP26B1,CASP1,MRC1,PIK3CB,GATA3,F12,GPX1,EDN1,FGG,HLA-DRA,HSPA1A,ALOX5,CXCL9,BCL2L1,NOS2,ITGAV,TIMP4,CR1,A2M,PDCD1,GAL3
TBX21,TRADD,CD163,AIM2,HSPB1,MMP2,MMP9,MX1,STAT6,FCGR3A,IL17F,CFI,TLR3,RELB,CD3E,PTGS2,BAX,GSDMD,GPX1,IL21,TAP1,EPX,IL6ST,PTGS2,HLA-DPB1,IL13,CD79B,ICAM1,CXCL10,TSLP,DDX58,ALOX5,F11,C3,CD3E,CSF1R,C3AR1,CXCL1,NOS2,FCN3,CD44,C3AR1,NOS2,BAK1,IGHM,PLAU,SLC2A1,IGHG1,SAA1,PD1,CD34,CD163,FCN3,CD25,SAA1,FCGR2B,DEFA1,CD46,AIM2,NCF1,CLDN5,HSPB1,CASP8,NFKBIA,IRF1,MX1,CCL2,CYBB,MASP2,CASP8,BCL2,FCGR2A,PLAT,MAPK8,C6,CCR7,JUN,HLA-DQB1,CCL20,GC,CASP4,CD163,PIK3CD,RORC,F13A1,GPX4,ACE,HP,HLA-DRB1,HSPB1,LTA4H,CXCL11,MCL1,MPO,CD44,ADAM17,ITGAM,SERPINA1,LAG3,GDF15
RORC,FADD,CD80,PYCARD,HSP90AA1,TIMP1,S100A8,OAS1,SOCS1,CD107A,IL22,C3AR1,TLR4,REL,CD3G,NOS2,CASP3,GSDME,PRDX1,IL21R,TAP2,PRG2,TNFRSF1A,FAS,HLA-DQA1,IL21,IGHG1,VCAM1,CCL2,IL33,IFIH1,PTGS2,F12,C4A,CD4,CSF2RA,CFH,CXCL8,NOS3,CRP,VEGFC,CFH,NOS3,APAF1,IGHG1,IL22,PDK1,IGHG2,SAA2,PDL1,KDR,CD68,COLEC11,CD27,SAA2,CD5L,DEFA3,CD59,PYCARD,MPO,OCLN,HSPA5,MLKL,IKBKB,IRF2,OAS1,CCL3,MPO,MBL2,BCL2,BCL2L1,FCGR2B,PLG,MAPK14,C7,CD45RA,FOS,B2M,CXCR1,BAG3,CASP5,CD68,AKT1,CD40,FGA,NOS2,AGT,ORM1,HLA-DQA1,LAG3,HMGB1,CCR1,BAX,NCF1,CD47,ADAMTS1,ITGAX,NFKB1,CD19,CALP
PTGS2,CASP8,CD86,CASP1,IL1R1,COL1A1,S100A9,PKR,SOCS3,IFNA1,IFNGR1,C5AR1,TLR9,NFKBIA,CD4,MPO,CASP8,CASP3,NFE2L2,IL23A,PSMB8,CPA3,TNFRSF1B,FASLG,CD163,IL22,IGHG2,SELE,CCL5,IL37,MAVS,LTB4R,F13A1,C4B,CD8A,CSF3R,CFI,ALPK1,FAS,SAA1,TGFB1,CFI,FAS,PARP1,IGHG2,ACTC1,IDH1,IGHG3,HP,HLA-DR,FLT1,CSF1R,PTX3,CD38,TGFB1,CDHR2,BPI,CFH,CASP1,EPO,ZO1,HSPA1B,RIPK1,BCL2,IRF4,OAS2,CCL4,EPX,FCN1,BCL2L1,CASP8,FCGR3B,PROC,JUN,C8A,CD45RO,EGR1,TAP1,CXCR2,C4A,GSDMD,CD11B,AKT2,ICOS,FGB,NOS3,AGTR1,LBP,HLA-DQB1,TIGIT,AGER,CCR7,BAK1,NCF2,SPP1,ADAMTS4,CD36,RELA,MS4A1,NT-proBNP
ALOX5,MPO,ITGAM,CASP4,IL6R,COL3A1,S100A12,IFIT1,PIAS1,IFNB1,IFNAR1,FAS,MYD88,NFKBIB,CD8A,ARG1,CASP9,CASP8,KEAP1,IL23R,PSMB9,TPSAB1,IL2RA,BCL2,ARG1,CD19,IGHG3,SELP,CCL19,CXCL1,TBK1,MMP2,PLAT,C5,CD8B,CCR2,CFB,KREMEN1,FASLG,LBP,PDGFA,CFB,FASLG,TP53,CD3E,PLN,IDH2,IGHG4,ORM1,HLA-DQ,TEK,CSF1,CRP,FOXP3,TGFB2,HACD3,LCN2,CFI,GSDMD,ELANE,PECAM1,TYK2,RIPK3,BCL2L1,IRF5,OAS3,CCL5,PRG2,FCN2,BAX,CASP9,FCER1A,PROS1,FOS,C8B,CD27,ATF3,TAP2,CXCR4,C4B,IL1RN,CD16,MTOR,PRTN3,FGG,NCF1,HMGB1,C3,CTLA4,RORC,TLR1,CXCR1,CASP3,CYBB,FN1,PLAU,MSR1,NFKBIA,CD22,TROPONIN-I
LTA4H,ELANE,ITGAX,CASP5,TNFRSF1A,FN1,FAS,DDX58,OAS2,IFNAR1,IFNB1,FASLG,TICAM1,IKBKG,CD8B,IDO1,JAK1,CASP9,PARK7,IL12A,FCGR1A,MS4A2,IL2RB,BCL2L1,MRC1,MS4A1,IGHG4,IL17A,CCL21,CXCL2,STING1,MMP9,PLAU,C6,CD69,CCR5,CD55,CR1,BCL2,CD163,CD274,CD55,BCL2,MDM2,CD3D,CR1,FCGR1A,IGHA1,F2RL1,HLA-B,ANGPT1,CSF2,SAA1,IL2,IL10,WSCD2,CAMP,MASP2,CCL2,CTSG,MCAM,STAT4,HK1,BAX,IRF8,IFIT1,CXCL1,ELANE,COLEC11,BID,CASP3,S100A8,TFPI,ATF3,C8G,CD57,CEBPB,BCL2,CCR1,C1QB,PYCARD,LY96,MMP2,CTSG,GP1BA,STAT1,RAGE,C5,PDCD1,CD19,TLR6,CXCR2,CASP9,ELANE,COL1A1,PLAUR,MARCO,IKBKB,CD79A,CRP
PLA2G4A,PRTN3,ITGB2,GSDMD,IFNGR1,LAMA1,FASLG,IFIH1,OAS3,IFNAR2,IFNA1,BCL2,IRAK4,CHUK,CD28,ALOX5,JAK2,BCL2,PINK1,IL12B,FCGR2A,KIT,IL18R1,BAX,TGFB1,CD22,IGHA1,IL17F,CXCR4,CXCL3,CGAS,TIMP2,PLAUR,C7,CTLA4,CX3CR1,CD46,SFRP4,BAX,MRC1,PDCD1LG2,CD46,BAX,CDKN1A,CD3G,TLR8,FCGR2A,IGHA2,F2RL3,MHCII,ANGPT2,CSF3,HP,IL2RA,IL13,IL4R,SLPI,MBL2,CCL5,MMP9,ENG,STAT5A,HK2,BAK1,STAT4,IFIT2,CXCL2,CTSG,TF,MMP1,FASLG,S100A9,ITGA2B,EGR1,C9,PD-1,OAS1,BCL2L1,CCR2,C1QC,AIM2,MD2,MMP9,LTF,MMP2,STAT2,TLR1,CFB,CD274,CD22,TLR5,CCL19,APAF1,CAMP,COL3A1,VWF,TLR2,CHUK,CD79B,SAA1
TGFB1,S100A8,CD44,GSDME,DDX58,SPP1,BCL2,MAVS,MX2,ISG15,ISG20,BCL2L1,TRAF6,IKBKB,CTLA4,CASP1,TYK2,BAX,ATG5,IL12RB1,FCGR3A,FCGR2A,DDX58,CASP3,SOCS1,CD79A,CD14,IL17RA,CCR7,CXCL9,TREX1,ITGAM,PROC,C8A,PDCD1,CXCR1,CD59,CD74,CASP3,ARG1,ICOS,CD59,CASP3,NFKB1,CD4,CD3D,FCGR3A,IGHM,EDN1,CD4,PDGFB,CSF3R,ORM1,IL4,IL4,ITGA8,PI3,ITGAM,CCL7,MMP2,ACVRL1,STAT6,HK3,FASLG,STAT6,IFIT3,CXCL8,AZU1,TFPI,MMP2,FAS,S100A12,ITGB3,MMP2,CFH,CTLA-4,OAS2,MCL1,CCR5,F2RL1,CD3E,HMGB1,TIMP2,LCN2,MMP9,STAT3,TLR5,CFH,PDCD1LG2,CD79A,TIRAP,CCL21,CYTC,LTF,COL4A1,THBD,TLR3,REL,PAX5,FERRITIN
TGFB2,S100A9,PTGS2,DDX58,IFIH1,BGN,BAX,STING1,IFIT1,IFIT1,IFIT3,BAX,NFKB1,JAK1,ICOS,CASP3,SOCS1,GATA3,ATG7,IL12RB2,C3,FCGR3A,IFIH1,CASP8,SOCS3,CD79B,CD68,IL17RC,IL18,CXCL11,SAMHD1,ITGAX,PROS1,C8B,LAG3,CXCR2,BCL2,IKZF1,CASP8,IDO1,PTGS2,BCL2,CASP8,NFKB2,CD8A,MYL3,IL1R1,ITGAM,NOS2,CD8A,PDGFRA,CD16,AGT,IL5,IL5,MYH7B,MMP2,ITGAX,CXCL1,TIMP1,BMPR2,MAPK1,PFKFB3,FAS,SOCS1,RSAD2,CXCL9,LYZ,SERPINC1,MMP3,TNFRSF10A,S100B,GP6,MMP9,CFI,BTLA,OAS3,BAX,CCR7,SERPINC1,CD4,RAGE,HSPA1A,MMP8,TIMP2,STAT4,TLR6,CFI,ICOS,CD79B,TICAM1,CCL20,DIABLO,LYZ,LAMA1,PROC,TLR8,RELB,NCAM1,ESR1
PDGFA,S100A12,HSPA1A,IFIH1,MAVS,DCN,BAK1,CGAS,IFIT2,MX1,IFI44,BAK1,RELA,JAK2,PDCD1,CASP8,SOCS3,TBX21,BECN1,CSF2,C5,C3,TLR3,MMP2,CD274,IGHM,CD163,IL23A,IL33,CCL3,ADAR,ITGB2,CD14,C8G,TIGIT,CXCR4,BAX,ISG15,CASP1,HAVCR2,ALOX5,BAX,CASP1,RELA,CD8B,C1QB,IL1R2,ITGAX,HMOX1,CD3E,FGF2,CD32,ACE,IL13,ITGAM,CDH17,MMP3,CCR2,CXCL2,SERPINE1,SMAD5,MAPK3,PKM,CASP8,SOCS3,GBP1,CXCL10,DEFA1,SERPIND1,MMP8,TNFRSF10B,S100A4,SELL,TIMP1,CFB,CD160,MX1,BAK1,ITGAM,PLAUR,CD8A,TLR1,HSPA1B,CAMP,ITGAM,STAT5A,NOD1,CD55,CD28,IGHG1,MMP9,PRF1,XIAP,DEFB1,LAMB1,PROS1,DDX58,NFKB2,KLRB1,VE-cadherin
PDGFB,LCN2,SOCS1,MAVS,TBK1,LUM,BID,IRF1,IFIT3,OAS1,IFI6,HMGB1,MAVS,JAK3,LAG3,GSDMD,MAPK1,RORC,MAP1LC3B,CSF2RA,C5AR1,C5,CGAS,MMP9,PDCD1LG2,IGHG1,MSR1,IL23R,IL1R1,CCL4,ZBP1,SELL,CD68,C9,ICOS,CCL3,BAK1,ISG20,HSP90AA1,LAG3,HMOX1,BAK1,HSP90AA1,RELB,CD28,OAS3,IL6R,ITGB2,MPO,CD19,FGFR1,CD64,ACE2,GATA3,ITGAX,CDC14A,MMP12,CCR5,CXCL8,PLAUR,ID1,IL17F,LDHA,CASP9,PIAS1,BST2,CXCL11,DEFA3,PLAUR,MMP13,BID,TGFB1,SELPLG,TIMP2,CFD,HAVCR2,MX2,BID,ITGAX,FGA,RORC,TLR6,HSP90AA1,DEFA1,ITGAX,STAT5B,NOD2,CD59,CXCR3,IGHM,MMP2,GZMB,BIRC5,REG3A,LAMC1,TFPI,IFIH1,MAP3K7,KLRD1,P-selectin
FGF2,CAMP,SOCS3,STING1,NLRC4,VCAN,APAF1,IRF8,IFITM1,IFIH1,SIGLEC1,S100A8,STING1,TYK2,HAVCR2,NLRP1,MAPK3,BATF,LAMP2,CSF3,CD55,C3AR1,CLEC7A,TIMP2,IDO1,IGHG2,ITGAM,IL12A,IL1RN,CCL7,AIM2,CD44,CD163,CFB,CD28,CCL4,BID,IFIT1,HSPA1A,TIGIT,CASP8,BID,HSPA1A,REL,CTLA4,PROC,IL6ST,ITGAL,ELANE,CD20,EGF,FCGR2A,AGTR1,TBX21,ITGB2,CARMIL1,TIMP2,CX3CR1,CXCR1,F3,ID3,IL4R,SLC2A1,APAF1,PTPN22,CGAS,CCR1,CAMP,CPB2,TIMP2,BAX,IL10,CD3E,CCL5,CD55,LAG-3,ADAR,CASP3,ITGB2,FGB,TBX21,NOD2,HSPB1,DEFA3,ITGB2,STAT6,CARD9,CD46,CCR5,CD80,MMP3,GZMA,TP53,MUC1,VIM,ANTXR2,MAVS,TAB1,NKG7,E-selectin
ITGAM,SELP,SOD2,CGAS,AIM2,SERPING1,CYCS,GATA3,IFITM3,DDX58,TNFRSF1A,S100A9,NLRP3,STAT1,TIGIT,AIM2,MAPK14,JUN,CTSD,CSF3R,CD46,C5AR1,CLEC4E,HSPA1A,IL10RA,IGHG3,ITGAX,IL12B,IL6R,CCL11,IFI16,SELPLG,CSF1R,CFD,CD27,CCL5,FASLG,IFIT3,HSPB1,BTLA,NLRC4,FASLG,HSPB1,IKBKA,PDCD1,PROS1,TNFRSF1A,CD44,CTSG,MS4A1,EGFR,FCGR3A,AGTR2,RORC,SELL,CXCL2,ADAM17,CSF1R,CXCR2,PROS1,TWIST1,CASP9,SLC2A3,HMOX1,SYK,STING1,CCR2,LTF,F2,IGF1,BAK1,IL4,CD3G,CCL3,CD46,PDCD1,MAPK14,CASP8,SELL,FGG,GATA3,CARD9,CREB1,DEFA4,CD44,JAK1,CLEC7A,C1QA,CCR7,ITGAM,MMP8,GNLY,MDM2,TLR9,CDH1,EDN1,IRF3,JAK1,GNLY,KDR
ITGAX,ITGAM,HMOX1,IFI16,CASP8,F13A1,CASP3,TBX21,EIF2AK2,MAVS,TNFRSF1B,S100A12,CASP1,STAT2,TBX21,RIPK1,JUN,FOS,CTSB,CXCR3,CD59,CFH,CD14,HSPA1B,IL10RB,IGHG4,FCGR1A,IL12RB1,IL6ST,CCL17,PYCARD,IL12A,MPO,CFH,CD19,CXCL8,FAS,OAS1,HSPA5,CD274,FASLG,FAS,HSPA5,IKBKB,IL2,GZMB,TNFRSF1B,IL1R1,PADI4,CD22,HGF,C3,NOS2,IL21,SELPLG,CDH7,ADAMTS13,CSF2RA,CCR2,PROTEIN_C,SNAI1,MMP3,SLC2A14,SOD2,BTK,AIM2,CCR5,LCN2,F5,IGF2,APAF1,IL13,CD8B,CCL4,CD59,IDO1,MAPK1,CASP9,CD44,S100A11,BCL6,DECTIN1,JUN,S100A12,IL4R,UBD,DECTIN1,C1QB,CCR2,ITGAX,TIMP3,FASLG,CDKN1A,DDX58,CDH2,EDNRA,IRF5,JAK2,PRF1,FLT1
SELL,ITGB2,VEGFA,ZBP1,CASP3,GP1BA,CASP8,MAF,ADAR,STING1,FASLG,CALR,GSDMD,STAT3,GATA3,RIPK3,FOS,HMGB1,LGALS3,CCR5,CFB,CFB,LBP,HSPB1,CTLA4,IGHA1,FCGR2A,IL12RB2,TNFRSF1A,CCL22,GSDMD,IL12B,ELANE,CFI,CD22,CXCL1,TNFSF10,OAS2,FCGR1A,PDCD1LG2,HSPA5,TNFSF10,FCGR1A,IKBKG,IL2RA,IL7,JAK1,IL1R2,HIST1H3A,CD79A,MET,C5,NOS3,IL22,CD44,CDC14B,CD62P,CSF3R,CCR5,PROTEIN_S,SNAI2,FCER1G,KREMEN1,CAT,LYN,NLRP3,CX3CR1,RETN,F7,IGFBP3,XIAP,IL5,CD244,CXCL8,MPO,ARG2,MAPK3,XIAP,CD47,S100P,PDCD1,MBL2,FOS,CD177,IFNAR1,EBI3,MBL2,C1QC,CXCR1,ITGB2,TIMP2,NCR1,CDKN2A,IFIH1,SNAI1,NOS3,ISG20,JAK3,GZMB,ANGPT1
CD44,CEACAM8,TGFB1,HMGB1,BAX,ITGA2B,CASP9,AHR,BST2,TBK1,FAS,HSP90AA1,AIM2,STAT4,RORC,JUN,IDO1,TGM2,ANXA1,CCR2,CFD,CD55,CCL2,HSP90AA1,FOXP3,IGHA2,FCGR3A,CD4,TNFRSF1B,CX3CL1,MLKL,IL12RB1,PRTN3,CFP,CD38,CXCL2,SQSTM1,MX1,FCGR2A,ENTPD1,HSP90AA1,SQSTM1,FCGR2A,NFKBIA,ITGAM,NLRP1,JAK2,IL6R,HIST2H2BE,CD79B,NOTCH1,C1Q,EDN1,IL23A,CDH5,PCDHB4,SELP,HMOX1,CX3CR1,FV,ZEB1,FCGR1A,ALPK1,GPX1,FYN,CASP1,FAS,ADIPOQ,F8,PDGFA,MCL1,TBX21,CD247,CXCL10,ELANE,NOS3,AKT1,EGF,MPO,S100Z,CTLA4,MASP2,EGR1,FCGR3A,IFNAR2,SQSTM1,C3,MBL2,CXCR2,CD44,MMP1,KLRK1,RB1,MAVS,TWIST1,PTGS2,ADAR,STAT3,NPPA,ANGPT2
CRP,CTSG,CD38,S100A8,BCL2,ITGB3,SOD1,BATF,TRIM5,CASP1,TRAIL,HSPA1A,PYCARD,STAT5A,CD14,FOS,IDO2,ALOX5,ANXA2,CX3CR1,CFI,CD59,CCL3,ANGPT1,CD86,PRDM1,NCAM1,CD8A,CD44,XCL1,RIPK3,IL23A,LCN2,CD55,CD79A,CX3CL1,CD4,SELL,FCGR3A,NT5E,CRP,CD4,FCGR3A,MAP3K7,ITGAX,NCF4,TYK2,IL6ST,RALDH2,FCGR1A,DLL4,CFH,EDNRA,IL12B,CLDN5,PCDHA6,GP1BA,SOD2,CX3CL1,FVIII,VIM,FCGR3B,FPR1,NQO1,SRC,GSDMD,FASLG,LEP,F9,PDGFB,PARP1,GATA3,CD274,CCR1,PRTN3,HMGB1,PIK3CA,EGFR,ELANE,S100A13,LAG3,PTX3,KLF4,FCGR3B,CEBPB,MAP1LC3B,C5,MASP1,CD4,MMP2,MMP7,KLRD1,E2F1,TBK1,ZEB1,ALOX5,APOBEC3G,STAT5A,NPPB,TEK
SAA1,LTF,CDC27,S100A9,TNFRSF1B,P2RY12,SOD2,IRF4,TRIM25,CASP4,BCL2,HSPD1,IL1A,STAT5B,FCGR3A,JUNB,LDHA,PTGS2,S100A10,CX3CL1,MASP2,CR1,CCL4,ANGPT2,CD80,XBP1,KLRK1,CD8B,CD47,TNFSF13B,FADD,IL17A,MMP8,CD59,CD79B,CSF1,CD8A,SELPLG,FCGR3B,ADORA2A,ESR1,CD8A,FCGR3B,MAPK1,ITGB2,CD8B,SOCS1,TNFRSF1A,IL27,FCGR2A,JAG1,CFB,EDNRB,IL12A,OCLN,PCDHGA2,ITGA2B,CAT,HMGB1,FIX,CDH1,CD68,FPR2,NFE2L2,ZAP70,PYCARD,TNFRSF10A,PPARG,F10,TGFB1,CTLA4,RORC,PDCD1LG2,CCR2,CTSG,DAMPs,PTEN,FGF2,CTSG,RELB,HAVCR2,CRP,MPO,CXCR1,JUN,ATG5,C5AR1,MASP2,CD8A,MMP9,MMP12,KLRC1,CCND1,TRAF3,FOXP3,LTA4H,TRIM5,STAT5B,MYH6,NOS3
SAA2,DEFA1,TNFRSF12A,S100A12,IL12A,TBXA2R,CAT,RUNX1,DHX58,NLRP3,BCL2L1,MMP2,NLRC4,STAT6,CD68,FOSL1,PKM,NOS2,S100A11,SELPLG,FCN1,MASP1,CCL5,TEK,CD40,CCL2,NCR1,CD3D,SIRPA,TNFSF14,TRADD,IL17RA,MMP9,CR1,IGHG1,CSF2,CD3E,MADCAM1,CD19,HMOX1,ARG1,CD3E,CD19,MAPK3,SELL,MS4A1,SOCS3,TNFRSF1B,IL4,FCGR3A,WNT5A,CD55,MMP2,TGFBR2,TJP1,IL12RB2,ITGB3,GPX1,RAGE,FXI,CDH2,CD40LG,CD22,KEAP1,LAT,HMGB1,TNFRSF10B,PPARA,F11,TGFB2,PDCD1,STAT3,STAT4,CCR5,AZU1,RAGE,NLRC4,FGFR1,AZU1,NFKBIB,CD19,SAA1,ELANE,CXCR2,FOS,ATG7,CFH,FCN1,CD8B,TIMP2,MMP13,FCGR3A,CDK4,TRAF6,IL2RA,LTB4R,TETHERIN,SOCS1,MYH7,EDN1
ORM1,DEFA3,CCL26,CD3E,IL12B,PTGS1,GPX1,IL27,NLRP3,PYCARD,MCL1,MMP7,CARD8,SOCS1,CD163,CEBPB,HIF1A,FCGR1A,CALR,SELL,FCN2,MASP2,CXCL10,KDR,CD40LG,CCL3,FCGR3B,CD3E,LGALS3,CD70,CYLD,IL21,DEFA1,CR2,IGHM,CSF3,CD3D,CFB,MS4A1,PTGS2,IDO1,CD3D,MS4A1,MAPK8,SELPLG,CD79B,ADAM17,IL10RA,IL5,FCGR3B,CTNNB1,CD46,MMP9,CCR2,FCGR1A,SMARCD3,PF4,PTGS2,AGER,FXII,EPCAM,PARP14,CD79B,PRDX1,SLP76,RAGE,BCL2,SREBF1,F12,PTGS2,CD274,STAT4,STAT5A,CXCR3,DEFA1,P2X7,NLRP1,PDGFA,PRTN3,NFKBIE,MS4A1,APCS,PRTN3,C1QA,NFATC1,BECN1,CFB,FCN2,CD3E,TGFB1,FGF2,NFKB1,CDK6,MAPK1,CTLA4,PTGES,SAMHD1,SOCS3,TNNI3,EGFR
HP,FPR1,CDKL3,CD3D,IL23A,PTGS2,NQO1,IL12A,AIM2,IL18,BAX,MMP9,NEK7,SOCS2,MRC1,ATF3,PTGS2,FCGR2A,CANX,ITGAM,COLEC11,MBL2,CXCL9,FLT1,TNFRSF1A,CCL4,DDX58,CD3G,ANXA1,FASL,A20,IL4,S100A8,C3AR1,MS4A1,EPO,CD19,C1QB,CD22,ALOX5,CD80,CD19,CD22,MAPK9,CD44,GDF15,MMP9,IL10RB,IL13,CD64,CDH5,CD59,TIMP1,CCR5,FCGR2A,C1QTNF3,PPBP,NQO1,SIRT1,FXIII,KRT18,ISG20,CD81,TXNRD1,PLCG1,TLF1,BCL2L1,FASN,F13A1,ALOX5,PDCD1LG2,PCNA,STAT5B,CSF1,DEFA3,NLRC4,NOD1,PDGFB,LCN2,TRAF6,CD79A,HP,CTSG,C1QB,NFATC2,ATG16L1,CD55,FCN3,CD3D,PDGFA,PDGFA,RELA,MYC,MAPK3,PDCD1,HPGDS,ZAP,PIAS1,TNNT2,PDGFB
IL1R1,FPR2,CD79B,CD3G,IL4,ALOX5,HMOX1,IL18BP,PYCARD,IL18BP,BAK1,MMP12,P2RX7,SOCS3,ITGAM,EGR1,ALOX5,FCGR3A,HSPA5,ITGAX,PTX3,FCN1,CXCL11,SOD1,TNFRSF1B,CCL5,IFIH1,CD28,ANXA2,TRAIL,OTULIN,HSPA1A,S100A9,C5AR1,CCL2,THPO,CD40,CD55,CD79A,LTA4H,HLA-DRB1,CD40,CD79A,MAPK11,CCR2,IL10RB,MMP2,HMGB1,IL21,CD32,CLDN5,MASP2,TIMP2,CCR7,FCGR3A,ITGB5,THBS1,PRDX1,SIRT3,KNG1,KRT19,PLAU,NCF4,CD3E,PLCG2,LBP,MCL1,SCD,FGL2,LTA4H,LAG3,MKI67,STAT6,CSF2,DEFA4,AIM2,NOD2,PDGFRA,MMP8,TRADD,CD79B,ORM1,IDO1,C1QC,BIRC3,BCL2,CD46,FCGR2A,CD3G,FGF2,PDGFB,HIF1A,JUN,MAPK8,CD274,MAPK1,RIG-I,CISH,MMP2,TGFB1
IL1R2,CEACAM1,CDK11A,CD4,IL5,LTA4H,KEAP1,SOCS1,CASP1,AIM2,APAF1,TIMP2,CASP3,NPPA,ITGAX,HIF1A,LTA4H,FCER1G,HSP90B1,ITGB2,CRP,FCN3,CCL20,SOD2,CXCR2,CXCL8,MAVS,CTLA4,FN1,RANKL,TNFRSF1A,HSPA1B,S100A12,CD3D,CCL3,IL7,CTLA4,HSPA1A,NLRP3,CYBB,MERTK,CTLA4,NLRP3,MAPK14,CCR7,C4A,TIMP2,S100A8,CCL2,CD16A,OCLN,MBL2,ADAMTS13,CXCR3,CR1,ITGAE,CD63,TXN,NFATC1,KLKB1,MUC1,PLAUR,SPP1,CD4,PRKCA,CD14,BAX,ACACA,GP1BA,PLA2G2A,HAVCR2,CDKN1A,TYK2,CSF3,LCN2,ASC,DICER1,PDGFRB,MMP9,NLRP1,PAX5,AGT,ARG1,C1R,BAX,BCL2L1,CR1,FCGR3A,LCK,EGF,PDGFRA,JUN,FOS,MAPK14,LAG3,MAPK3,STING1,S100A8,MMP9,SMAD3
IL6R,NFKB1,IL32,CD8A,IL13,LTB4R,GBP1,SOCS3,IL1A,GSDMD,CYCS,ITGAM,CASP8,NPPB,CSF1R,CD274,TNFSF15,TRIM58,PDIA3,CD44,SAA1,PTX3,CCL19,CAT,CXCR3,CCR2,STING1,PDCD1,LAMA5,LTA,TNFRSF1B,HSP90AA1,ARG1,CD3E,CCL4,KITLG,PDCD1,HSP90AA1,PYCARD,NCF1,AIM2,PDCD1,PYCARD,JUN,C3,FCGR3B,ANGPT1,S100A9,CCL3,CXCR1,ZO1,CRP,PLAUR,CX3CR1,CR2,CD59,LAMP1,ADAMTS13,NFATC3,C3,CEACAM1,CD163,FCGR1A,CD8A,PRKCB,MD2,BAK1,CPT1A,GP1BB,NLRP3,TIGIT,TP53,IFNAR2,EPO,LTF,CASP1,AGO2,MMP1,CD14,CASP1,CD38,ACE,NOS2,C1S,BAK1,MCL1,MASP2,FCGR3B,ZAP70,CSF1,PDGFRB,FOS,NFATC1,JUN,TIGIT,MAPK8,NFKBIA,S100A9,MMP3,COL1A1
IL10RA,RELA,CD9,CD8B,CSF2,CSF2,GBP2,CIS,IL1RN,CD4,CASP3,ITGAX,RIPK1,TNNT2,CCR2,PDCD1,TNFRSF25,IGSF3,ERN1,SPP1,HP,CRP,CCL21,GPX1,CCR2,CCR5,NOD1,CD274,LAMB1,LTB,FAS,FCGR1A,CAMP,CD3G,CCL5,FLT3LG,CD274,HSPD1,AIM2,NCF2,SOD1,CD274,AIM2,FOS,C4A,HMGB1,ANGPT2,S100A12,CCL4,CXCR2,ROCK1,SAA1,SERPINA1,PTPN22,CD46,CD82,LAMP2,MTHFR,CALR,C5,ALCAM,S100B,FCGR2A,CD28,PRKCD,SYK,APAF1,HADHA,GP9,CASP1,CD27,MDM2,IFNGR2,GATA3,CAMP,CASP4,DROSHA,MMP3,FCGR3A,PYCARD,SDC1,ACE2,SOD1,C2,APAF1,BAX,FCN1,CD16,LAT,CSF2,EGF,TP53,NFATC2,FOS,TIM3,MAPK14,IKBKG,S100A12,MMP7,COL3A1
TNFRSF1A,JUN,CD4,CD28,CSF3,CSF3,GBP5,IL6ST,GSDMD,CD8A,CASP9,ITGB2,RIPK3,TNNI3,CX3CR1,CTLA4,CDKN1A,EDIL3,XBP1,MIF,ORM1,SAA1,HMGB1,NQO1,CCR5,IL1A,NOD2,IL2,LAMC1,BAFF,FASLG,FCGR2A,ACTC1,CD4,CXCL9,IL2,CD28,MMP2,IL18BP,MPO,CAT,CD28,IL18BP,ATF2,C4B,IL7R,TEK,PTGS2,CXCR3,CCR2,RHOA,HP,ELANE,PELI1,CD55,PILRA,HMGB1,CBS,PPIA,C1QA,L1CAM,ANXA1,FCGR2B,CTLA4,PRKCE,BTK,CYCS,ACADM,ITGA2B,IL1R1,CD28,PECAM1,IRF2,TBX21,S100A8,IL1B,TET2,MMP7,FCGR3B,AIM2,NCR1,AGTR1,SOD2,C4A,CYCS,BAK1,SERPING1,CD32,GATA3,CSF3,EGFR,EGR1,AP1,ATF3,IDO1,MAP2K1,MAP3K7,LCN2,MMP12,FN1
TNFRSF1B,FOS,CD22,CTLA4,CXCL1,CSF1,KREMEN1,JAK2,HLA-A,CD3E,PARP1,CD44,MLKL,MYH6,MERTK,SOCS1,CDKN2A,KLRC2,ATF6,HMOX1,LBP,LBP,S100A8,CFHR1,MYD88,IL1R1,RIPK2,IL2RA,COL1A1,APRIL,TRAIL,FCGR3B,MYL2,CD8A,CXCL10,IL4,ICOS,MMP12,PTGS2,EPX,GPX1,ICOS,PTGS2,CREB1,C5,SERPING1,TIE1,ALOX5,CCR5,CCR5,CDC42,LBP,MPO,ITPKC,CD59,MMP2,RAGE,APOE,GMFG,C1QB,NCAM1,ANXA2,FCGR3A,PDCD1,PRKCQ,LYN,CASP3,UCP1,ITGB3,IL1R2,ICOS,CDH5,IRF4,IL4,S100A9,IL18,DNMT3A,MMP8,CD33,SELPLG,KLRK1,EDNRA,CAT,C4B,SOD1,BID,ITGB3,CD64,TBX21,HIF1A,TGFB1,EGR2,CREB1,EGR1,ARG1,MAP2K4,MAPK1,ARG1,TIMP2,LAMA4
S100A8,CEBPB,CD6,PDCD1,CCL5,CSF1R,PFKFB3,TYK2,HLA-B,CD3G,HMGB2,SELL,BCL2,MYH7,MARCO,SOCS3,MKI67,NCR1,DDIT3,NOS2,CD36,AGT,S100A9,CFHR3,IRAK1,IL1R2,FAS,IL2RB,COL3A1,CD40,TRAILR1,ANGPT1,MYL3,CD8B,CXCL11,IL5,IL2RA,TIMP2,PTGES,ELANE,NCF2,IL2RA,PTGES,EGR1,C1QA,CD3G,PDGFA,LTA4H,TNFSF13B,PTGS2,RAC1,PTX3,LCN2,BLK,C5AR1,MAVS,TLR8,LPA,SPI1,CFH,BCAM,CD36,FCGR3B,CD274,PRKCZ,FYN,CASP7,UCP2,SELP,CEBPB,CD40LG,ITGA4,IRF6,IL5,S100A12,GSDMD,HDAC1,MMP12,FCGR1A,ITGA4,NCAM1,EDNRB,GPX1,C6,SOD2,APAF1,GP1BA,HLA-DRB1,RORC,LDHA,TGFBR1,SP1,ATF2,NFKBIA,NOS2,MAP3K7,MAPK3,CD177,TIMP3,SPARC
S100A9,STAT3,IL20RA,CD274,CCL7,CSF2RA,HK3,SHP1,HLA-C,CD28,ANXA1,SELPLG,BAX,ACTC1,MSR1,IFNA1,CEBPB,PRF1,PPP1R15A,ARG1,TLR2,ACE,S100A12,CFHR5,IRAK4,IL1RN,FASLG,IL2RG,COL4A1,OX40L,TRAF2,ANGPT2,MYBPC3,CD28,CXCL12,IL13,CD68,PKM,PTGER2,CTSG,NFATC2,CD68,PTGER2,EGR2,CFH,AICDA,PDGFB,IRF3,CD19,NOS2,SRC,HMGB1,S100A8,CASP3,C3AR1,CDIP1,TLR7,LDLR,RUNX1,CFB,ITGA4,DEFB1,FCER1G,LAG3,NFATC1,ZAP70,CASP8,APOE,SELPG,EGR1,TNFRSF4,ITGB1,IRF8,IL13,PADI4,MLKL,HDAC2,MMP13,CD163,ITGB1,GZMB,BNP,NFE2L2,C7,CAT,FCGR1A,SELP,HLA-DQB1,FOXP3,PKM,TGFBR2,CEBPB,EGR1,SOCS1,COX2,NFKBIA,MAPK8,CEACAM8,HLA-DRA,CTGF
S100A12,STAT4,CD74,PDCD1LG2,CCL11,CSF3R,ALPK1,SHP2,HLA-DRA,CTLA4,ANXA5,PELI1,TP53,MYL2,TLR1,IFNA2,EGR1,GZMB,DNAJB9,IDO1,NOD2,ACE2,PARP1,C4BPA,TRAF6,IL2RA,BCL2,IL7,ELN,GITR,BIRC2,TEK,PLN,CTLA4,CCR1,IL17A,CD163,PDK1,PTGER4,AZU1,BCL6,CD163,PTGER4,SP1,CFB,CXCR3,FGF2,IRF7,CD20,ARG1,PTK2,RAGE,S100A9,BCL2,HSP90AA1,PDCD7,TLR9,PCSK9,CEBPA,CFD,ITGB1,TLR2,CCR1,TIGIT,NFATC2,LCK,CASP9,LDLR,PECAM1,FOS,TNFRSF9,ITGB2,IRF9,IFNA1,FCGR3A,RIPK3,SIRT1,TIMP2,CD3E,CRP,PRF1,ANP,ADAMTS13,C8A,GPX1,FCGR2B,SELPLG,HLA-B,BCL2,SLC2A1,SELE,RIPK1,EGR2,SOCS3,PTGES,NFKBIB,MAPK14,ELANE,HLA-DRB1,LOX
CD74,STAT5A,CDH1,ICOS,CD163,EPOR,SLC2A14,PIAS1,HLA-DRB1,PDCD1,CALR,ITPKC,HMOX1,MYL3,TLR6,IFNB1,ATF3,FASLG,HYOU1,KYNU,NLRP1,EDN1,FASLG,C4BPB,NFKB1,IL6R,BCL2L1,IL7R,FBLN1,TIGIT,XIAP,TIE1,RYR2,PDCD1,CCR5,IL17F,CSF1R,G6PD,EGR1,TNFRSF1A,DROSHA,CSF1R,EGR1,AP1,CFD,CDH5,FGFR1,IRF9,CD79A,IDO1,MAPK1,S100A6,S100A12,BCL2L1,HSP90AB1,CD209,TLR3,ABCA1,CEBPB,MBL2,ITGB2,TLR5,CCR2,CD19,NFATC3,BLNK,C1QA,PCSK9,THBS1,JUN,IL2RA,IRAK1,TLR1,IFNB1,FCGR3B,PARP1,PLVAP,TIMP3,CD4,SAA1,FASLG,MYBPC3,TFPI2,C8B,PRDX1,FCGR3A,CD36,MICA,BCL2L1,IDO1,SELP,RIPK3,SP1,PIAS1,LTA4H,IKBKG,JUN,MPO,HLA-DQA1,CCN2
IFITM2,STAT5B,CDH10,CD40,ARG1,TPO,FPR1,PIAS3,HLA-DQA1,LAG3,HSP90AA1,FCGR2A,NQO1,FAS,TREM1,IFNAR1,ATF4,HLA-DRA,MANF,AHR,RIPK3,EDNRA,FAS,HLA-DRA,RELA,IL6ST,CASP3,IL21,TIMP1,LAG3,BCL2,CD36,CD19,LAG3,CXCR1,IL22,CCR2,TNFRSF10A,SP1,TNFRSF1B,DGCR8,CCR2,SP1,CEBPA,CFI,C1QC,TGFB1,CEBPB,CD79B,HMOX1,MAPK3,S100A11,CAMP,BAX,HSPA1A,IL5RA,TRIF,SCARB1,PU1,MASP2,ITGB3,NOD2,CCR5,CD22,NFATC4,PLCG2,C1QB,HMGCR,PDGFA,KLF4,IL7R,IRAK4,TLR6,IFNL1,CD14,PAD4,CLDN5,HSPA1A,CD8A,SAA2,CCL2,ACTC1,SERPIND1,C8G,S100A4,FCGR3B,CD47,MICB,BAX,ARG1,SELL,MLKL,GATA3,ISG54,ALOX15,CHUK,FOS,LTF,HLA-DQB1,ACTA2
IFITM3,STAT6,TNFRSF17,CD80,IDO1,KITLG,CR1,CD80,HLA-DQB1,TIGIT,HSPA1A,HLA-DRB1,CCL2,FASLG,CCL2,IFNAR2,ATF6,HLA-DRB1,CRELD2,PTGS2,MLKL,EDNRB,BCL2,HLA-DRB1,CASP1,IL7,CASP8,IL21R,TIMP2,TIM3,MCL1,GP1BA,CD22,TIGIT,CXCR2,IL23A,CX3CR1,TNFRSF10B,ATF3,FAS,DICER1,CX3CR1,ATF3,CEBPB,PIK3CA,MMP2,TGFB2,JUN,PAX5,SOD2,MAPK14,S100P,LTF,FAS,HSPA1B,ITGA6,TRAM1,CETP,IRF8,C4A,ITGA5,CARD9,CXCR1,CD79A,EP300,CARD11,C1QC,NR1H3,PDGFB,SP1,IL15R,TRAF6,TLR10,ISG15,FCGR1A,NE,OCLN,HSPA1B,CD28,FTH1,CCL3,TPM1,THBD,C9,S100A6,FCER1A,CD151,KIR2DL1,BAK1,CD40,ITGAM,BCL2,EOMES,ISG56,HMOX1,IKBKB,ATF3,PDCD1,HLA-DPA1,MYH11
CD177,MAPK1,TNFRSF9,CD86,IL1RN,FLT3LG,HMGB1,CD86,B2M,ICOS,HSPB1,HLA-DQB1,CCL3,FADD,CCL3,IFNGR1,EDN1,CD83,PDIA6,ALOX5,FASLG,PTGS2,BAX,HLA-DQA1,CASP4,IL12A,HLA-A,FOXP3,CTSG,BTLA,BCL2L1,ITGA2B,CD79A,HAVCR2,CXCR4,TGFB2,MERTK,PTGS2,CEBPB,FASLG,AGO2,MERTK,CEBPB,CEBPD,PIK3CB,IGHG1,TGFBR1,FOS,EBF1,GPX1,JUN,S100Z,DEFA1,FASLG,HSPB1,CDV3,PELI1,PON1,GATA1,C4B,ITGAV,IL33,CXCR2,CD79B,CREBBP,BCL10,C3,NR1H2,FGF2,ANGPT1,CCR5,TAB1,TIRAP,ISG20,CD68,MPO,TJP1,HSPA5,CTLA4,FTL,CCL4,TNNC1,CDKN1A,CFB,S100B,FCER1G,ANXA2,KIR2DL2,FASLG,ICOS,ITGAX,BAX,RUNX3,GBP1,SOD2,PIK3CA,EGR1,CD274,HLA-DPB1,TAGLN
CEACAM8,MAPK3,IL17RB,HLA-A,SOCS1,TNFSF13B,TLR9,CD28,TAP1,CD40,CD46,SQSTM1,CCL4,BCL2,CCL4,CD14,NOS3,CD274,TXNDC5,LTA4H,FAS,ALOX5,TP53,HLA-DQB1,CASP5,IL12B,HLA-B,CD25,SERPINA1,VISTA,BAX,ITGB3,CD79B,FOXP3,CX3CL1,TGFB3,MPO,PTGES,TGFB1,TRAIL,LTA4H,MPO,TGFB1,CEBPE,PIK3CD,TFPI,TGFBR2,ATF3,FOXP3,CAT,FOS,ANXA1,DEFA3,TNFRSF1A,SOD1,CD200,TRAF6,LIPA,GATA2,CD55,ADAM17,IL1RL1,CXCR4,BLNK,HDAC1,MALT1,C3AR1,ABCA1,TGFB1,ANGPT2,CCR7,MAP3K7,TICAM2,MX1,CD163,H3,GP1BA,HSP90AA1,PDCD1,CXCR1,CCL5,MYL2,CDKN2A,CFD,FCGR1A,FCGRT,HMOX1,KIR3DL1,FAS,BTLA,ITGB2,BECN1,PRDM1,CXCL8,CAT,PIK3CD,CEBPB,HAVCR2,HLA-A,CALD1
MMP8,MAPK8,CDK14,HLA-B,SOCS3,TNFRSF13C,TLR1,CTLA4,TAP2,CD40LG,CD55,EBI3,CCL5,BCL2L1,CCL5,CD163,ANGPT1,PDCD1LG2,DNAJC3,LTB4R,TNFRSF1A,LTA4H,PTGS2,CD80,PYCARD,IL23A,HLA-C,TIGIT,SERPINA3,CD47,BAK1,TNFRSF1B,PAX5,TBX21,CCL20,BMP2,ELANE,CCL4,TGFB2,TRAILR1,NOS3,ELANE,TGFB2,PU1,PIK3CG,NLRP6,HMGB1,NLRP3,CD25,NFKBIA,ATF3,ANXA3,CD163,TNFRSF1B,SOD2,CCDC80,TAK1,APOB,KLF4,CD46,ADAM10,TSLP,HSPA1A,SYK,HDAC2,NFAT1,C5,ABCG1,ANGPT1,TEK,CXCR3,IFNL1,TRAM1,OAS1,MRC1,H4,GP1BB,HSP90AB1,CD274,CXCR2,CXCL9,TTN,TP53,CFI,FCGR2A,FGR,SOD2,LILRB1,TNFRSF1A,CD274,PECAM1,ATG5,BLIMP1,CXCL9,GPX1,AKT1,HMGB1,LAG3,HLA-B,DESMIN
ARG1,MAPK14,CDK17,HLA-C,PTX3,BCL2,TLR6,PD1,PSMB8,CD80,CD59,UBD,CXCL9,MCL1,CCL7,ITGAM,ANGPT2,ITGAM,SDF2L1,CYBB,TNFRSF1B,LTC4S,ALOX5,CD86,IL33,NLRP3,HLA-DRA,LAG3,PI3,SIRPA,BID,IL10RB,MS4A1,GATA3,CCL19,BMP4,PADI4,CCL7,COL1A1,CASP3,MMP3,PADI4,COL1A1,SPI1,MTOR,F8,TLR1,IL18,CTLA4,BCL2,EGR1,LCN2,CD206,MAPK1,CAT,CDC45,IKBKG,APOA1,CTGF,CD59,MMP1,IL25,HSPA1B,LYN,HDAC3,NFATC1,C5AR1,SCARB1,ANGPT2,TIE1,CXCR4,IFNL2,IRAK2,IFIT1,MSR1,MMP2,ITGA2B,HSPB1,TBX21,CCR2,CXCL10,SCN5A,MDM2,C5AR2,FCGR3A,JAK2,GPX1,LILRB2,TNFRSF1B,PDCD1LG2,CDH5,ATG7,XBP1,CXCL11,NFE2L2,MTOR,RAGE,TIGIT,HLA-C,MYOCD
LCN2,AKT1,CDH3,HLA-DRA,CRP,BCL2L1,MAVS,PDL1,PSMB9,CD86,C3,STING1,CCL20,BAX,CXCL1,FCGR1A,TEK,ITGAX,KDELR1,NCF1,TRADD,CYSLTR1,LTA4H,CD83,IL1RL1,PYCARD,HLA-DRB1,TIM3,PARP1,CD200,PUMA,IL2,CD3E,RORC,FAS,WNT5A,S100A8,CXCL2,COL3A1,CASP8,PDGFB,S100A8,COL3A1,IRF1,AKT1,IRAK1,TLR6,IL1A,IL2RA,BAX,HIF1A,BPI,MRC1,MAPK3,GPX1,CDC6,IKBKB,LPL,CCN2,IL4,MMP3,CD1D,HSP90AA1,CD14,SIRT1,NFATC2,CFH,MSR1,TEK,CDH5,CCL3,IFNL3,IRAK3,HMGB1,MARCO,MMP3,ITGB3,HSPD1,GATA3,CD14,CXCL11,RYR2,SIRT1,CASP3,HSPB1,JAK3,CAT,CD244,TGFB1,HAVCR2,MADCAM1,MAP1LC3B,IRF4,CCL4,KEAP1,HIF1A,S100A12,BTLA,CCR1,SRF
THBS1,PIK3CA,CDON,HLA-DRB1,SAA1,MCL1,TICAM1,ICOS,CD4,CD274,C5,MAVS,IL12A,FOXP3,CXCL2,GBP1,FCGR2B,SELL,SEC61A1,NCF2,FADD,PLA2G4A,JUN,CD1A,TSLP,CASP1,B2M,ICOS,BCL2,CD200R,NOXA,IL2RA,CD3D,BCL6,FASLG,CTNNB1,S100A9,CD19,FN1,CASP9,FGF2,S100A9,FN1,IRF2,AKT2,XBP1,TICAM1,IL33,ICOS,CASP3,EPAS1,PGLYRP1,MSR1,MAPK8,NQO1,CDC23,CHUK,LIPC,PDGFA,IL5,MMP7,CD69,HSP90AB1,CD68,HIF1A,RUNX3,CFB,CD163,KDR,CLDN5,CCL4,IFNLR1,TRAF3,S100A8,TLR2,MMP8,SELPLG,SOD1,RORC,CD68,CX3CL1,KCNQ1,HDAC1,CASP4,HSPA8,TYK2,NCF1,NCR1,TGFB2,CEACAM1,CEACAM1,SQSTM1,BATF,CCL5,CRP,EPAS1,CALCA,CD47,CCR2,MEF2C
EDN1,PIK3CD,CDK13,HLA-DQA1,LBP,XIAP,TIRAP,ICOSL,CD8A,PDCD1LG2,C3AR1,DDX58,IL12B,TGFB1,CXCL10,GBP2,FCER1A,SELPLG,SSR1,MPO,RIPK1,,FOS,CD1C,IL25,GSDMD,TAP1,GATA3,BCL2L1,MHC1,CASP3,IL2RB,CD3G,MAF,BCL2,NOTCH2,S100A12,CD20,TLR3,BCL2,EGF,S100A12,TLR3,IRF4,MAPK1,TICAM1,TIRAP,TSLP,PDCD1,CASP8,NFE2L2,DEFA1,TREM1,MAPK14,JAK1,IL11,RELA,LIPG,PDGFB,IL13,MMP13,CD38,HSPD1,CD163,EPAS1,GATA3,CFD,MRC1,FLT1,CD40,CCL5,IL28RA,NFKB2,S100A9,TLR4,TIMP1,ANXA1,SOD2,IL2RA,CD163,CCR2,KCNH2,HDAC2,CASP5,HSP90AB1,SOCS1,NCF2,KLRK1,TGFB3,CD47,CRP,MPO,MAF,CCL20,SAA1,ARNT,CAMP,SIRPA,CCR5,KLF4
ANGPTL4,MTOR,CD84,HLA-DQB1,CD36,BIRC3,TRAM1,CD40,CD3E,FOXP3,C5AR1,IFIH1,IL23A,IDO1,CXCR1,TRIM5,CXCL1,PTPRC,DDOST,EPX,XIAP,,CREB1,TNFRSF1A,ITGAM,ITGAM,TAP2,TBX21,MCL1,B2M,CASP7,TCF7,CD4,AHR,BCL2L1,JAG1,HMGB1,NCAM1,TLR6,BCL2L1,CD276,HMGB1,TLR6,IRF5,MAPK3,IL18BP,TOLLIP,IL13,CD274,CASP9,KEAP1,CAMP,TREM2,MAP2K1,JAK2,CDC5L,RELB,APOC3,PDGFRA,GATA3,TIMP2,CD27,TIMP2,MARCO,VHL,RORC,CFI,CLEC7A,NRP1,CTLA4,CXCL9,CD55,REL,CRP,TLR9,TIMP2,ANXA2,CAT,CD69,FPR2,CCR5,PKP2,EP300,CASP7,CTSS,SOCS3,CYBB,GZMB,SMAD2,SIRPA,SAA1,ELANE,NFIL3,TNFSF10,HP,EGLN1,DEFA1,CD80,CCR7,NOTCH1
GBP1,HIF1A,IFI35,B2M,TLR1,CFLAR,SOCS1,CD40L,CD3G,IL2,CFB,DHX58,IL21,HMGB1,CXCR2,TRIM22,CXCL2,IFNA1,RPN1,PRG2,BCL2,,ATF3,TNFRSF1B,ITGAX,ITGAX,TAPBP,RORC,XIAP,TAP1,CASP8,LEF1,CD8A,BATF,BAX,FOXP3,TGM2,KLRK1,NOD1,MCL1,VTCN1,TGM2,NOD1,IRF8,MAPK14,IGHM,SIGIRR,IL4,CD86,XIAP,SOD2,MPO,CLEC7A,MAP3K7,JAK3,IL12RB1,NFKB2,ANGPTL3,PDGFRB,TGFB1,TIMP3,ICOS,MMP1,MSR1,EGLN1,AHR,CD46,TLR2,EGFR,PDCD1,CXCL11,CD46,RELB,SAA1,MYD88,ADAM17,LBP,GPX1,CD19,ALOX5,CX3CR1,DSP,HIF1A,CASP8,CTSB,PIAS1,MPO,PRF1,SMAD3,SOD2,SAA2,PRTN3,ID2,,CP,EGLN3,ELANE,CD86,CXCR4,NOTCH3
GBP2,SOCS1,CDC42,ITGA4,TLR3,TNFRSF1A,SOCS3,FASL,CD28,IL7,CFD,CD14,IL27,LGALS3,CXCR4,OASL,CXCL9,IFNA2,STT3A,CPA3,BCL2L1,,EGR1,TNFRSF4,SPP1,ITGB2,ITGB2,IL4,BIRC3,TAP2,CASP9,EBF1,CD8B,CD19,BAK1,RORC,PTGS2,TLR8,NOD2,XIAP,LTF,PTGS2,NOD2,STAT3,KREMEN1,C4B,IL1RN,IL5,CD80,BIRC3,CAT,ELANE,CLEC4E,JUN,TYK2,CDC7,REL,PCSK9,FGF2,TGFB2,TIMP4,IL21,MMP8,CD80,ARNT,BATF,CD55,TLR3,ERBB2,CD274,CSF1,CD59,LEF1,APCS,IRAK4,ACE2,CD163,HMOX1,MS4A1,ALOX5AP,MAPK1,JUP,LDHA,CASP9,CTSL,CXCR4,EPO,FASLG,SMAD4,CAT,ORM1,DEFA1,ZEB2,,AGT,NFE2L2,MPO,FCGR1A,CX3CR1,JAG1
ISG15,HMGB1,CDH19,ITGB1,TLR5,TNFRSF1B,CISH,FAS,CTLA4,IL7R,CFI,CD163,IL13,ITGAM,CCR1,SERPINC1,CCL5,IFNB1,MAGT1,TPSAB1,MCL1,,SP1,TNFRSF9,PTX3,CD44,ITGAL,IL4R,,PSMB8,APAF1,IL5,CD28,MS4A1,APAF1,TBX21,ALOX5,TLR3,MAVS,BIRC3,DEFA3,ALOX5,MAVS,STAT4,ALPK1,CD244,IL1RAP,CCL17,HLA-DRA,,GPX1,CTSG,TGM2,FOS,SOCS1,SCD,CXCL1,,FGFR1,FOXP3,SERPINA1,IL21R,MMP13,CD86,FLT3,NPPA,CD59,TLR5,IGF1,LAG3,CSF3,CR1,TOX,NLRC4,TRAF6,TMPRSS2,LYVE1,NQO1,CD22,MMP9,MAPK3,GJA1,PKM,GSDME,SYK,CCR7,LTF,TRAIL,MAPK1,GPX1,ORM2,LCN2,RORA,,ACE,KEAP1,LTF,FCGR2A,CSF1,DLL4
ISG20,TGM2,CD5L,ITGB2,TLR6,TRADD,JAK3,TNFRSF1A,PDCD1,IL21,MASP2,CD68,IL4,ITGB2,CCR5,SERPINA1,MMP2,IFNL1,TUSC3,MS4A2,BAX,,RORC,IFNL1,TNFAIP3,SELL,SELL,IL13,,PSMB9,CYTC,IL13,CTLA4,CD22,CYCS,GATA3,LTB4R,NLRP1,SQSTM1,PARP1,DEFA4,LTB4R,SQSTM1,STAT5A,GRIN3A,PRDM1,IL2RA,CCL22,HLA-DRB1,,PRDX1,AZU1,F13A1,NFATC1,SOCS3,CDC34,CXCL2,,EGF,CTLA4,SERPINA3,KLRB1,PTGS2,IL2,CSF1R,NPPB,CD4,TLR8,IGF1R,HSPA1A,EPO,SERPING1,AHR,AIM2,NFKB1,FURIN,PDPN,PRDX1,CD79A,MMP2,MAPK14,CAV3,SLC2A1,MLKL,LYN,S100A8,DEFA1,CD40,MAPK3,NQO1,HP,MMP9,AHR,,ACE2,NQO1,LCN2,FCGR3A,CSF2,HEY1
MX1,ADM,CDHR2,ITGAL,TLR9,RIPK1,STAT3,TNFRSF1B,CD274,IL17A,MBL2,TGFB1,IL5,MYL9,CCR7,HMOX1,MMP3,IFNAR1,OSTC,FCER1A,BAK1,,CD40,IFNL2,CD46,HSPA1A,SELPLG,IL13RA1,,NLRC4,DIABLO,IL4R,HLA-A,CD79A,TP53,BCL6,ITPKC,NLRP12,MAP1LC3B,,SERPIND1,ITPKC,MAP1LC3B,STAT5B,HMOX1,NFKB2,IL2RB,CXCL9,CD1D,,NQO1,LTF,ITGAM,NFATC2,MAP2K1,CDHR5,CSF2,,EGFR,PDCD1,SERPING1,NCR1,PTGES,IL2RA,CSF2RA,TNNT2,CD8A,IRAK1,CTGF,HSPA1B,THPO,PTGS2,ID3,CARD9,NFKB2,DPP4,PROX1,CD40,CD79B,TLR1,JUN,LMNA,GATA2,FADD,PIK3CA,S100A9,CAMP,CD40LG,MAPK14,PRDX1,FGA,S100A8,NOTCH1,,REN,HMOX1,RETN,FCGR3B,CSF3,HEY2
OAS1,TGFA,IL4R,ITGAM,NOD1,MAP3K7,STAT4,TRADD,ICOS,IL17F,FCN1,TGFBR1,TGFB1,CRP,CX3CL1,CD44,TIMP1,IFNAR2,DAD1,IL33,APAF1,,CD80,IFNL3,CD247,HSPA1B,TGFB1,IL5,,AIM2,PARP1,IL21R,HLA-B,CD79B,MDM2,PRDM1,PELI1,F2,ATG5,,MARCO,PELI1,ATG5,STAT6,KLF2,CD83,IL4R,CXCL11,CD163,,HMOX1,MMP2,ITGAX,RELA,MAP2K2,SERPIND1,CSF3,,IGF1,LAG3,F2,GATA3,ALOX5,IL4,CSF3R,TNNI3,CD8B,IRAK4,HGF,HSPB1,KITLG,ALOX5,RUNX1,CLEC7A,RELA,CEACAM1,FLT4,CD40LG,CD38,TLR2,FOS,PLN,ETS1,TNFRSF1A,PIK3CD,S100A12,LYZ,CD80,MAP2K1,PTGS2,FGB,S100A9,NOTCH2,,EDN1,FTH1,PTX3,FCER1A,CSF1R,HES1
OAS2,SOCS3,CDH17,ITGAX,NOD2,MAPK8,STAT5A,FADD,PRF1,IL22,CRP,SMAD3,NPPA,CD44,CCL17,TLR10,ORM1,IFNGR1,SEC11A,IL1RL1,CYCS,,CD86,IRAK2,PRF1,HSP90AA1,TGFBR1,IL5RA,,PYCARD,,IL12RB2,HLA-C,PAX5,CDKN1A,IL21,FCGR2A,F8,ATG7,,MSR1,FCGR2A,ATG7,SOCS1,KLF4,IL1R1,IL10RA,XCL1,CD68,,FTH1,MMP3,CD86,REL,MAPK1,MMP11,CSF3R,,IGF1R,HAVCR2,F5,TBX21,LTA4H,IL4R,IL3RA,MYH7,CD3E,TRAF3,MET,HSP90AA1,FLT3LG,LTA4H,CCL7,MEFV,RELB,AXL,LAMA4,CD80,SDC1,TLR6,CREB1,BAG3,HLA-A,TNFRSF1B,AKT1,HMGB1,ELANE,CD86,MAP2K2,ALOX5,FGG,S100A12,DLL1,,EDNRA,FTL,PGLYRP1,FCER1G,CSF2RB,EPHB2
KREMEN1,IL1R1,CDC14A,CD14,CARD9,MAPK14,STAT5B,RIPK1,GZMB,RORC,SAA1,,NPPB,SELL,ITGB1,CCL11,ORM2,IFNGR2,SPCS1,TSLP,DIABLO,,CD28,IRAK4,GZMB,HSPD1,TGFBR2,CSF2,,CASP1,,IL23R,HLA-DRA,EBF1,GADD45A,IL12A,HLA-DRB1,VTN,BECN1,,CD79B,HLA-DRB1,BECN1,SOCS3,ANGPT1,IGHA1,IL10RB,CX3CL1,CSF1R,,FTL,TIMP1,CD80,CREB1,MAPK3,PPIL2,G-CSF,,TGFB1,IDO1,F8,RORC,PIK3CA,IL10,IL5RA,MYBPC3,CD3D,TBK1,SDF1,IL6R,IL3,PTGES,CCL11,TNFRSF1A,FAS,DC-SIGN,LAMB1,CD86,CEBPB,HSP90AA1,SYK,FLNC,HLA-B,FAS,MAPK1,TGM2,AZU1,CD28,,IL18,ALB,CAMP,JAG1,,EDNRB,,CD163,NCF1,CSF3R,EFNB2
,,,,,JUN,,RIPK3,FASLG,TBX21,SAA2,,TNNT2,,ITGB2,,,,HM13,CRLF2,HTRA2,,,,FASLG,,,CSF2RA,,GSDMD,,,,IRF4,,IL12B,,,,,,,,CISH,ANGPT2,IL9,,,MRC1,,TFR1,TIMP2,CD40,EGR1,MAPK14,,GM-CSF,,TGFBR1,ARG1,F9,EOMES,,,IL7R,ACTN2,,STING1,CXCL12,,IL5,,CCL13,,,L-SIGN,,,,,,VCL,,,,,BPI,CTLA4,,,,,HES1,,NPPA,,CD206,,,NRP1
,,,,,FOS,,MLKL,CD69,GATA3,ORM1,,,,ITGA4,,,,ERLEC1,IL25,PARP1,,,,,,,TSLP,,,,,,PRDM1,,IL27,,,,,,,,,,SERPINC1,,,ARG1,,HAMP,ADAM17,CD40LG,HIF1A,,,IL1A,,TGFBR2,VEGFA,F10,CD8A,,,IL2RG,</parameter>,,MAVS,IL18,,IL7,,CCL20,,,Siglec-1,,,,,,DES,,,,,LCN2,PD1,,,,,MKI67,,NPPB,,ARG1,,,SEMA3A
,,,,,JUNB,,GSDMD,CD25,BCL6,ORM2,,,,ITGAL,,,,EDEM1,IL17RB,,,,,,,,IL33,,,,,,XBP1,,EBI3,,,,,,,,,,CASP5,,,IDO1,,IL33,ITGB2,ICOS,,,,TNFAIP3,,SMAD3,VEGFR2,F11,CD4,,,IL2RB,</invoke>,,DDX58,IL18BP,,IL9,,CXCL1,,,CD169,,,,,,CSRP3,,,,,PGLYRP1,PDL1,,,,,,,BNP,,IDO1,,,CXCL12
,,,,,,,ZBP1,FOXP3,CXCR5,APCS,,,,PECAM1,,,,OS9,,,,,,,,,ST2,,,,,,,,IL35,,,,,,,,,,PRF1,,,TREM1,,TSLP,ITGB1,ICOSL,,,,A20,,SMAD7,FGF2,F12,CD3E,,,IL4R,,,IFIH1,IL37,,IL11,,CXCL2,,,MRC1,,,,,,TCAP,,,,,CALCA,ICOS,,,,,,,,,IL10RA,,,CXCR4
,,,,,,,CD55,RORC,TNFSF13B,PTX3,,,,CDH5,,,,SEL1L,,,,,,,,,,,,,,,,,,,,,,,,,,,ITGAM,,,TREM2,,IL25,SELL,PDCD1LG2,,,,SOCS1,,,PDGFB,PROC,CD3D,,,IL13RA1,,,CGAS,IL38,,IL13,,CXCL3,,,CLEC7A,,,,,,LDB3,,,,,TAC1,ICOSL,,,,,,,,,TGFBR1,,,SDF1
,,,,,,,CD59,GATA3,CD19,TNNT2,,,,CEACAM1,,,,DERL1,,,,,,,,,,,,,,,,,,,,,,,,,,,RELB,,,SIGLEC1,,IL22,SELPLG,CD274,,,,SOCS3,,,ANG1,PROS1,CD247,,,IL21R,,,PRKRA,NLRP3,,TGFB1,,CXCL5,,,MARCO,,,,,,MYOZ2,,,,,TRPV1,TIM3,,,,,,,,,SMAD3,,,VEGFC
,,,,,,,CFH,TBX21,CD20,TNNI3,,,,NCAM1,,,,VCP,,,,,,,,,,,,,,,,,,,,,,,,,,,GZMA,,,CLEC7A,,IL21,CD47,CD276,,,,CISH,,,TEK,PLAU,,,,IL23R,,,EIF2AK2,AIM2,,TGFB2,,CXCL9,,,MSR1,,,,,,ANKRD1,,,,,SCN9A,LAG3,,,,,,,,,,,,LYVE1
,,,,,,,CFI,EOMES,CD38,MYH7,,,,FAS,,,,UBXN1,,,,,,,,,,,,,,,,,,,,,,,,,,,PSTPIP1,,,CLEC4A,,IL9,SIRPA,CTNNB1,,,,PIAS1,,,NOS2,,,,,,,,OAS1,CASP1,,TGFB3,,CXCL11,,,COLEC11,,,,,,PRKAG2,,,,,OPRM1,TIGIT,,,,,,,,,,,,PROX1
,,,,,,,CFB,CD14,IGHM,MYBPC3,,,,FASLG,,,,,,,,,,,,,,,,,,,,,,,,,,,,,,,,,,CD209,,FOXP3,HAVCR2,WNT5A,,,,IL37,,,HIF1A,,,,,,,,MX1,PYCARD,,BMP2,,S100A1,,,MBL2,,,,,,GLA,,,,,BDNF,,,,,,,,,,,,,PDPN
,,,,,,,CFD,CD16,IGHG1,ACTC1,,,,CASP1,,,,,,,,,,,,,,,,,,,,,,,,,,,,,,,,,,TLR1,,CTLA4,LGALS9,,,,,IL33,,,SLC2A1,,,,,,,,ISG15,GSDMD,,BMP4,,S100A4,,,FCN1,,,,,,LAMP2,,,,,NGF,,,,,,,,,,,,,FLT4
,,,,,,,SERPING1,CD68,,MYL2,,,,CASP3,,,,,,,,,,,,,,,,,,,,,,,,,,,,,,,,,,TLR5,,PDCD1,PD1,,,,,TSLP,,,LDHA,,,,,,,,IFIT1,IL1A,,PTGS2,,S100A7,,,FCN2,,,,,,,,,,,IL1RL1,,,,,,,,,,,,,
,,,,,,,CD46,CD163,,MYL3,,,,CASP8,,,,,,,,,,,,,,,,,,,,,,,,,,,,,,,,,,TLR6,,LAG3,TIGIT,,,,,IL22,,,PKM,,,,,,,,IFITM3,,,ALOX5,,,,,FCN3,,,,,,,,,,,IL33,,,,,,,,,,,,,
,,,,,,,CR1,CD206,,NPPA,,,,BCL2,,,,,,,,,,,,,,,,,,,,,,,,,,,,,,,,,,NLRC4,,HAVCR2,LAG3,,,,,IL21,,,ENO1,,,,,,,,BST2,,,LTA4H,,,,,MASP1,,,,,,,,,,,,,,,,,,,,,,,,
,,,,,,,MASP1,CD80,,NPPB,,,,BCL2L1,,,,,,,,,,,,,,,,,,,,,,,,,,,,,,,,,,NLRP1,,TIGIT,KLRG1,,,,,IL15,,,,,,,,,,,RSAD2,,,LTB4R,,,,,C4A,,,,,,,,,,,,,,,,,,,,,,,,
,,,,,,,MASP2,CD86,,,,,,MCL1,,,,,,,,,,,,,,,,,,,,,,,,,,,,,,,,,,NLRP12,,,NCR1,,,,,KLF2,,,,,,,,,,,TRIM5,,,CYSLTR1,,,,,C4B,,,,,,,,,,,,,,,,,,,,,,,,
,,,,,,,MBL2,CD40,,,,,,HMGB1,,,,,,,,,,,,,,,,,,,,,,,,,,,,,,,,,,AIM2,,,,,,,,KLF4,,,,,,,,,,,APOBEC3G,,,HPGDS,,,,,C1QA,,,,,,,,,,,,,,,,,,,,,,,,
,,,,,,,FCN1,CD40LG,,,,,,AGER,,,,,,,,,,,,,,,,,,,,,,,,,,,,,,,,,,IFI204,,,,,,,,EGR1,,,,,,,,,,,SAMHD1,,,PTGER2,,,,,C1QB,,,,,,,,,,,,,,,,,,,,,,,,
,,,,,,,FCN2,,,,,,,PTGS2,,,,,,,,,,,,,,,,,,,,,,,,,,,,,,,,,,CARD8,,,,,,,,EGR2,,,,,,,,,,,TETHERIN,,,PTGER4,,,,,C1QC,,,,,,,,,,,,,,,,,,,,,,,,
,,,,,,,FCN3,,,,,,,ALOX5,,,,,,,,,,,,,,,,,,,,,,,,,,,,,,,,,,ASC,,,,,,,,FOS,,,,,,,,,,,,,,,,,,,,,,,,,,,,,,,,,,,,,,,,,,,
,,,,,,,C1QA,,,,,,,HPGDS,,,,,,,,,,,,,,,,,,,,,,,,,,,,,,,,,,IL1R1,,,,,,,,JUN,,,,,,,,,,,,,,,,,,,,,,,,,,,,,,,,,,,,,,,,,,,
,,,,,,,C1QB,,,,,,,LTA4H,,,,,,,,,,,,,,,,,,,,,,,,,,,,,,,,,,IL1R2,,,,,,,,FOSB,,,,,,,,,,,,,,,,,,,,,,,,,,,,,,,,,,,,,,,,,,,
,,,,,,,C1QC,,,,,,,ANXA1,,,,,,,,,,,,,,,,,,,,,,,,,,,,,,,,,,IL1RAP,,,,,,,,JUNB,,,,,,,,,,,,,,,,,,,,,,,,,,,,,,,,,,,,,,,,,,,
,,,,,,,C1R,,,,,,,SAA1,,,,,,,,,,,,,,,,,,,,,,,,,,,,,,,,,,IL1RN,,,,,,,,ATF3,,,,,,,,,,,,,,,,,,,,,,,,,,,,,,,,,,,,,,,,,,,
,,,,,,,C1S,,,,,,,,,,,,,,,,,,,,,,,,,,,,,,,,,,,,,,,,,IL18R1,,,,,,,,ZFP36,,,,,,,,,,,,,,,,,,,,,,,,,,,,,,,,,,,,,,,,,,,
,,,,,,,C2,,,,,,,,,,,,,,,,,,,,,,,,,,,,,,,,,,,,,,,,,IL18RAP,,,,,,,,,,,,,,,,,,,,,,,,,,,,,,,,,,,,,,,,,,,,,,,,,,,
,,,,,,,C4A,,,,,,,,,,,,,,,,,,,,,,,,,,,,,,,,,,,,,,,,,IL18BP,,,,,,,,,,,,,,,,,,,,,,,,,,,,,,,,,,,,,,,,,,,,,,,,,,,
,,,,,,,C4B,,,,,,,,,,,,,,,,,,,,,,,,,,,,,,,,,,,,,,,,,,,,,,,,,,,,,,,,,,,,,,,,,,,,,,,,,,,,,,,,,,,,,,,,,,,,