seed_1_all,seed_2_all,seed_3_all,seed_4_all,seed_5_all,seed_6_all,seed_7_all,seed_8_all,seed_9_all,seed_10_all,seed_11_all,seed_12_all,seed_13_all,seed_14_all,seed_15_all,seed_16_all,seed_17_all,seed_18_all,seed_19_all,seed_20_all,seed_21_all,seed_22_all,seed_23_all,seed_24_all,seed_25_all,seed_26_all,seed_27_all,seed_28_all,seed_29_all,seed_30_all,seed_31_all,seed_32_all,seed_33_all,seed_34_all,seed_35_all,seed_36_all,seed_37_all,seed_38_all,seed_39_all,seed_40_all,seed_41_all,seed_42_all,seed_43_all,seed_44_all,seed_45_all,seed_46_all,seed_47_all,seed_48_all,seed_49_all,seed_50_all,seed_51_all,seed_52_all,seed_53_all,seed_54_all,seed_55_all,seed_56_all,seed_57_all,seed_58_all,seed_59_all,seed_60_all,seed_61_all,seed_62_all,seed_63_all,seed_64_all,seed_65_all,seed_66_all,seed_67_all,seed_68_all,seed_69_all,seed_70_all,seed_71_all,seed_72_all,seed_73_all,seed_74_all,seed_75_all,seed_76_all,seed_77_all,seed_78_all,seed_79_all,seed_80_all,seed_81_all,seed_82_all,seed_83_all,seed_84_all,seed_85_all,seed_86_all,seed_87_all,seed_88_all,seed_89_all,seed_90_all,seed_91_all,seed_92_all,seed_93_all,seed_94_all,seed_95_all,seed_96_all,seed_97_all,seed_98_all,seed_99_all,seed_100_all
IL6,IL6,BRD7P6,RP11-252E2.2,IL6,DROSHA,CISD1P1,ACE,IL6,ADRB2,IL6,ABCD4,DPM1,ABCD4,RP11-178H8.3,BRD7P6,IL6,NOS2,IL2RA,IL6,IL6,RP11-252E2.2,UQCRC1,UPK3A,GZMB,IFNG,IL6,BRD7P6,AL133243.2,IL10,RP11-252E2.2,IL6,CTD-2509G16.1,CTD-2509G16.1,IL6,RNA5SP98,ABCD4,RP11-53L24.2,TAS2R6P,NFKBIL1,RP11-252E2.2,ARNILA,STAT3,CD38,IL6,TMEM160,RP11-252E2.2,IL12A,IL6,GZMB,IL6,BRD7P6,ADRA1B,HNRNPA1P16,LL22NC03-27C5.1,AC104984.4,ATP2B2,BRD7P6,IL6,ATP5MF-PTCD1,CCL4,IL6,IL6,SOD2,PROS1,AC009362.2,IFNG,BAHCC1,RP11-252E2.2,IL6,IL6,IL6,UQCRC1,UQCRC1,BRD7P6,CTD-3092A11.1,IL6,BRD7P6,RP11-252E2.2,COX7B2,AC091633.2,ATP5MF-PTCD1,MIR153-2,A1BG,AC104984.4,ACE,ANKIB1,BRD7P6,PCBD1,AC104984.4,DPM1,ESRRA,IL6,ESRRA,BRD7P6,TNF,ATP5MF-PTCD1,CCDC85A,HPAT5,GRXCR1
TNF,TNF,COILP1,IL21,TNF,HAGLROS,TRAF6,ADRB2,TNF,AIF1,TNF,ABCG5,SCYL3,ABCG5,MOB3B,COILP1,SOD2,IFNG,TNF,TNF,TNF,IL21,NDUFS1,ENSG10010135859.1,NR3C1,IL6,TNF,COILP1,SNORD117,TNF,IL21,TNF,RP11-260A9.6,RP11-260A9.6,TNF,RP11-45K10.2,ABCG5,DEFB104B,MRGPRX7P,ARNILA,IL21,ATP5MF-PTCD1,PDCD1,UQCRC1,TNF,SLAIN1,IL21,IL12B,TNF,IFNG,TNF,COILP1,AQP4,CTD-2547G23.2,CTC-270D5.1,SNORD14A,ATP5F1AP10,COILP1,TNF,CD38,CXCR4,TNF,TNF,IL6,PROSER2,RP11-364P22.2,IL6,KB-1433G4.1,IL21,TNF,TNF,TNF,NDUFS1,GSTP1,COILP1,INPP5K,TNF,COILP1,IL21,RNA5SP308,RNVU1-26,GCATP1,RP11-505E24.2,RN7SL751P,SNORD14A,AGT,ATP2C1,COILP1,RNU4-59P,SNORD14A,SCYL3,CD74,TNF,APP,COILP1,TLR4,SLC7A2,CD38,DPM1,ABLIM2
IFNG,IL10,MTREX,AURKA,IFNG,NRROS,TM4SF18,AGT,IFNG,ATP5F1A,IFNG,AC004854.5,C1orf112,AC004854.5,RP11-286N3.1,MTREX,COX4I1,GCLC,IFNG,IL1B,IFNG,AURKA,TNFRSF1A,DSCAML1,STAT1,TNF,IFNG,MTREX,ADAL,IL6,AURKA,IFNG,IGHV3-49,IGHV3-49,IFNG,RP11-149I9.2,AC004854.5,MIR6739,CTD-2526L21.2,ATP5MF-PTCD1,AURKA,AVIL,IL10,CD4,IFNG,NECTIN1-AS1,AURKA,IL1B,IFNG,STAT1,IFNG,MTREX,ATP5F1A,RNU4-59P,RP11-182L21.6,TCL6,MTATP6P20,MTREX,FKBP5,CDC27,IL12A,IL1B,IFNG,STAT1,NRROS,CTD-2283N19.1,TNF,B3GNT2,AURKA,IFNG,IFNG,IFNG,EDN1,LAG3,MTREX,BCO2,IFNG,MTREX,AURKA,AC002401.1,RP11-77K12.3,IL1B,NCBP1,RN7SL801P,TCL6,AIF1,ATP1A2,MTREX,MANEALP1,TCL6,C1orf112,APP,IFNG,CD74,MTREX,IL1B,CD38,CDK11A,SCYL3,EVX2
IL10,CXCL9,METTL4,ENSG10010134105.1,IL1B,PROS1,LIPG,AIF1,CXCL9,ATP5MC1,IL1B,AC010761.10,FGR,AC010761.10,GRHL3-AS1,METTL4,CXCL9,ADRB2,IL10,IFNG,IL10,ENSG10010134105.1,EDN1,TMEM275,TFAM,IL1B,IL10,METTL4,RNU7-140P,IFNG,ENSG10010134105.1,IL10,FBXO28,FBXO28,IL10,LINC01737,AC010761.10,CNGA1,AC007551.2,AVIL,ENSG10010134105.1,C1QTNF1,LAG3,NDUFS1,IL10,RP5-931K24.4,ENSG10010134105.1,TNF,IL1B,IL6,CXCL10,METTL4,AVP,IL21,ZNF615,GPX1P2,MTATP6P21,METTL4,IFNG,TNFRSF12A,IFNA4,IFNG,IL10,NDUFS1,DROSHA,SCAPER,CXCL10,CTB-14A14.2,ENSG10010134105.1,IL10,IL1B,IL1B,NOX4,ICAM1,METTL4,AP000997.3,IL10,METTL4,ENSG10010134105.1,FAM166AP3,LINC01309,CD14,RASSF8-AS1,RN7SL792P,GPX1P2,ATP5F1A,ANK1,METTL4,RP11-54O7.11,GPX1P2,FGR,IL12A,IL10,IL8,METTL4,GZMB,SLC22A16,CD4,C1orf112,ANAPC1P3
IL1B,CCL11,RP5-879K22.2,RNA5SP259,TGFB1,PROS2P,CHCHD2P2,ATP5F1A,CXCL10,AVP,IL10,AC016772.4,CFH,AC016772.4,CST9,RP5-879K22.2,VEGFA,C1QA,IL6,IL10,TGFB1,RNA5SP259,NOX4,INTS11,SOD2,STAT1,IL1B,RP5-879K22.2,FLVCR2,IL1B,RNA5SP259,TGFB1,ZBTB14,ZBTB14,IL1B,CTA-299D3.8,AC016772.4,WDR1,NKTR,CARMIL1,RNA5SP259,C1QTNF1-AS1,TIGIT,TNFRSF1A,IL1B,RP11-120K9.3,RNA5SP259,IFNG,IL10,CCR5,CCL2,RP5-879K22.2,CAT,LTV1,RP11-1012A1.11,RP11-588K22.2,ATP9A,RP5-879K22.2,SOD2,CDKL3,IFNA7,IL10,IL1B,NR3C1,ROS1,RNU7-30P,STAT1,RNU6-1071P,RNA5SP259,TGFB1,IL10,IL10,OAS1,FKBP5,RP5-879K22.2,RP11-815J4.1,IL1B,RP5-879K22.2,RNA5SP259,ANAPC1P3,DNAH8-AS1,TLR1,MAPK1IP1L,RN7SL789P,RP11-588K22.2,AVP,ATP6V0A1,RP5-879K22.2,ANKRD7,RP11-588K22.2,CFH,IL12B,TGFB1,TNF,RP5-879K22.2,CAT,SLC25A13,IL20RA,FGR,AP000350.8
TGFB1,VEGFA,RP4-796B4.3,RNU1-75P,NDUFS1,PROSER1,MIR4671,AVP,CXCL11,C1QA,IL4,AC079776.6,FUCA2,AC079776.6,LINC01277,RP4-796B4.3,PRDX1,CX3CR1,IL4,TGFB1,IL1B,RNU1-75P,FKBP5,RNMTL1P1,GPX1,CXCL10,IL2,RP4-796B4.3,RP11-529G21.3,TGFB1,RNU1-75P,IL2,HSD17B1-AS1,HSD17B1-AS1,TGFB1,MIR4314,AC079776.6,VDAC1P5,RP11-91K8.2,CARMIL2,MAP3K5,C1QTNF12,TNF,EDN1,TGFB1,CTB-43I4.1,RNU1-75P,IL6,CXCL9,CXCL10,IL10,RP4-796B4.3,CCL2,RP11-810K23.7,MARCHF4,RNU6-1062P,ATP5F1B,RP4-796B4.3,IL1B,CCDC124,IFNA10,TGFB1,IL4,IFNG,PROSER2-AS1,MRTFB,STAT3,RP11-33E15.1,RNU1-75P,IL1B,IL12A,IL2RA,ANGPT2,SIRT1,RP4-796B4.3,RN7SL706P,TGFB1,RP4-796B4.3,RNU1-75P,MACO1,RP11-466F5.9,TLR10,CTD-2054H24.1,RN7SL786P,RNU6-1062P,C1QA,PNKP,RP4-796B4.3,CTD-2561F5.1,RNU6-1062P,FUCA2,IFNG,IL1B,IL6,RP4-796B4.3,IL10,CDC27,TNFRSF12A,CFH,AC010967.3
STAT1,BCL6,MTCO2P12,FAM43B,NDUFS3,PROSER2,RP11-466A19.3,AVPR1A,CCL2,C1QB,IL2,AC124789.1,GCLC,AC124789.1,RNA5SP303,MTCO2P12,TLR2,CLDN5,IL1B,IL2,IL8,FAM43B,GZMB,CTD-2576F9.2,CXCL10,GZMB,IL4,MTCO2P12,HCG4P5,IL4,FAM43B,IL4,ARL2BP,ARL2BP,IL2,RP11-857B24.5,AC124789.1,LINC00609,AC107081.5,CARMIL3,SCFD1,C1QTNF2,HLA-DRB1,NOX4,STAT1,SPATA31A1,FAM43B,IL10,CXCL10,PRF1,STAT1,MTCO2P12,CD3D,RP11-96K14.1,AC004381.1,RP11-380J14.4,ATP5PD,MTCO2P12,TLR4,CD79B,IFNA17,IL2,IL2,TNF,PROS2P,GUSBP13,CD8A,DNAJA1P1,FAM43B,IL2,IL12B,CXCL9,SIRT1,MAPK1,MTCO2P12,PTCHD3P2,CXCL8,MTCO2P12,FAM43B,HRAS,Y_RNA,TLR12P,RPL12P5,RN7SL782P,RP11-380J14.4,CAT,ATP6V1H,MTCO2P12,SNORA70E,RP11-380J14.4,GCLC,TNF,IL8,IL10,MTCO2P12,AIF1,SLC4A1,CDH10,FUCA2,RN7SL143P
STAT3,EBF1,RP11-303E16.7,SCN3A,ATP5F1A,PROSER2-AS1,OR4L1,C1QA,CCL5,CAT,TGFB1,ADGRL1-AS1,NFYA,ADGRL1-AS1,ITGB1BP1,RP11-303E16.7,STAT1,PRDX3,TGFB1,IL4,CCL2,SCN3A,AVP,RP11-138C24.2,ATP5F1A,PRF1,IL12A,RP11-303E16.7,USP24,IL2,SCN3A,IL8,HSPE1,HSPE1,IL4,KB-152G3.2,ADGRL1-AS1,RP11-758I14.2,RP11-338E21.1,CILK1,GIMAP6,C1QTNF3,CXCL9,OAS1,STAT3,VSTM1,SCN3A,IL17A,CCL2,IRF7,STAT3,RP11-303E16.7,CD8A,FAM43B,USP32P2,RP11-378I6.2,PROS2P,RP11-303E16.7,NOS2,CDK11A,IFNA21,IL4,TGFB1,FOXP3,PROSER3,RP11-137F15.1,CD4,AC005550.5,SCN3A,IL4,IL17A,CXCL10,TSPO,HMOX1,RP11-303E16.7,RP11-681L4.4,CCL2,RP11-303E16.7,SCN3A,ATXN8OS,OR2AT2P,TLR2,RNA5SP443,RN7SL776P,RP11-378I6.2,CD14,ROS1,RP11-303E16.7,FCRL4,RP11-378I6.2,NFYA,IL6,CCL2,IFNG,RP11-303E16.7,IFNG,CCL26,CCDC88C,GCLC,CTD-2194F4.2
JAK1,CD79A,RP11-883G14.3,RP1-197B17.4,UQCRC1,PROSER3,KBTBD13,C1QB,CD8A,CD14,IL8,AL133243.2,STPG1,AL133243.2,RP4-591B8.3,RP11-883G14.3,STAT3,PRF1,STAT1,IL8,CXCL10,RP1-197B17.4,GSR,PPIF,TNF,CD8A,IL12B,RP11-883G14.3,AC015849.14,IL8,RP1-197B17.4,IL1B,FTH1P10,FTH1P10,IL8,NFIA-AS2,AL133243.2,LINC01516,RP11-151H2.1,CILP,RPA1,C1QTNF3-AMACR,CXCL10,FKBP5,JAK1,NOSIP,RP1-197B17.4,IL2,CCL4,HLA-DRA,IRF7,RP11-883G14.3,COX5A,RP11-1084J3.1,AP001347.6,FOXD4L4,MTATP6P5,RP11-883G14.3,HIF1A,IL32,IFNA6,IL8,CCL2,IL1B,UROS,RP11-256P1.1,PRF1,LINC02349,RP1-197B17.4,IL8,IL23A,CCL2,GZMB,HIF1A,RP11-883G14.3,ANO1,CCL5,RP11-883G14.3,RP1-197B17.4,ST13P19,LINC01828,TLR3,RP11-155G14.5,RN7SL775P,FOXD4L4,COX4I1,ATP9A,RP11-883G14.3,RPL12P5,FOXD4L4,STPG1,IL10,CXCL9,TGFB1,RP11-883G14.3,CRH,CDKL3,NCDN,NFYA,RP11-395I6.1
JAK2,CXCR5,RP11-5C23.1,RAB11FIP5,SOD2,ROS1,STOML2,C3,CD4,CD4,CCL2,ALX1,NIPAL3,ALX1,ATXN2L,RP11-5C23.1,AIF1,TFAM,STAT3,IL17A,CXCL9,RAB11FIP5,NKG7,CERS1,CD4,LAG3,IL17A,RP11-5C23.1,RP11-642D21.1,CCL2,RAB11FIP5,CCL2,NPEPL1,NPEPL1,IL12A,RP11-64K12.8,ALX1,CEP83-DT,SLC45A2,CILP2,ARHGAP10,C1QTNF4,ICOS,TSPO,JAK2,MTCO1P14,RAB11FIP5,IL4,CCL5,TNF,JAK1,RP11-5C23.1,CRH,FCRL4,CYP3A5,MTND4P2,PROSER1,RP11-5C23.1,AHR,CD9,IGHG1,IL12A,CXCL8,HSPD1,PROSER1,RNU7-116P,GZMB,ZNRF1,RAB11FIP5,IL12A,IL4,CCL5,HIF1A,AVP,RP11-5C23.1,INTS7,CXCL10,RP11-5C23.1,RAB11FIP5,DEFA6,LINC01148,TLR4,RP11-57G10.8,RN7SL760P,MTND4P2,CRH,ATP11B,RP11-5C23.1,ADGRL1-AS1,MTND4P2,NIPAL3,TGFB1,CXCL10,CXCL9,RP11-5C23.1,COX5A,CCDC124,CDK14,STPG1,RNU7-22P
HLA-DRA,TNFRSF13C,DDIT4,FAM129B,GPX1,UROS,EPAS1,CAT,GZMB,CD68,CXCL10,ANKRD62,ENPP4,ANKRD62,SYNDIG1,DDIT4,GUCY1A1,ATP5F1A,FOXP3,IL12A,CD4,RP11-715F3.2,TFAM,HNRNPA3P7,IL6,NDUFS1,TGFB1,DDIT4,MIR7162,CXCL9,RP11-715F3.2,CXCL9,RP11-440L14.4,RP11-440L14.4,IL12B,MIR3650,ANKRD62,RP11-404F10.6,FRG2GP,COIL,ATP6V0C,C1QTNF5,IL6,GZMB,PDCD1,AXIN2,RP11-715F3.2,IL8,PDCD1,UQCRC1,CD8A,DDIT4,CX3CR1,RP11-1156I21.2,HIST2H2BF,RP11-543L14.2,ATP5MC3,DDIT4,VEGFA,CD4,IGHG2,IL12B,CXCL10,CXCL10,HAGLROS,RP11-116G8.7,NDUFS1,NBPF6,RP11-715F3.2,IL12B,IL5,GZMB,AVP,TGFBR1,DDIT4,H3C6,CD4,DDIT4,RP11-715F3.2,AP000697.6,KCTD1,TLR5,SEC62,RN7SL757P,RP11-543L14.2,CXCL10,ATP1A1,DDIT4,MTND2P30,RP11-543L14.2,HLA-C*07:04,FOXP3,HLA-DRB1,CXCL10,RPL23AP42,CXCL10,SLC13A2,CDK17,NIPAL3,CTD-2547L16.3
HLA-DRB1,FLT3,LINC02684,SECISBP2L,CAT,DPM1,UBAC2,CD14,PRF1,CD8A,CXCL9,ANKRD7,SEMA3F,ANKRD7,DNM1P32,LINC02684,ATP5F1A,NR3C1,GATA3,IL12B,CD8A,RP11-322E11.2,IFNG,MIR122HG,POMC,ATP5F1A,CCL2,LINC02684,ENSG10010136341.1,CXCL10,RP11-322E11.2,CXCL10,MARCKSL1P2,MARCKSL1P2,IL17A,MIR1915,ANKRD7,ADAM11,RP5-837J1.6,COILP1,TXLNGY,C1QTNF6,STAT1,AVP,CTLA4,RP1-197B17.4,RP11-322E11.2,IL15,CTLA4,NDUFS1,CD3D,LINC02684,CXCL10,RNA5SP27,PPT2,LINC00032,UQCRH,LINC02684,NR3C1,CD22,IGHG3,IL17A,CCR5,NFE2L2,SNRPCP4,HPCAL1,NDUFV1,CTD-2503O16.1,RP11-322E11.2,IL17A,IL13,PRF1,TGFB1,SLC6A4,LINC02684,MMP23B,CD8A,LINC02684,RP11-322E11.2,RP11-210K20.2,CCNE2,TLR6,RP11-517P14.7,RN7SL750P,LINC00032,CXCL9,ATP5MC2,LINC02684,LRRC14,LINC00032,HLA-DQB1*03:03,CTLA4,HLA-DQB1,CCL2,NLRP13,NOS3,CD79B,CD74,ENPP4,RP11-818F20.5
CD4,NF-κB1,RNU6-904P,UHRF1BP1,NOX4,SCYL3,bP-2171C21.2,CD4,LAG3,CHRNA7,CCL5,ARPC2,CFTR,ARPC2,RN7SL293P,RNU6-904P,IL17A,AVP,RORC,IL15,CD19,ENSG10010139745.1,SOD2,GUSBP7,TLR4,UQCRC1,CXCL8,RNU6-904P,RP11-65B23.3,CCL11,ENSG10010139745.1,CXCL11,C1GALT1P2,C1GALT1P2,IL23A,MIR4739,ARPC2,C3orf36,ENSG00000278673,DBIL5P,PCOLCE2,C1QTNF7,NKG7,GSR,LAG3,IGHVIII-44,ENSG10010139745.1,IL18,LAG3,TFAM,GZMB,RNU6-904P,CXCL8,TAS2R16,RP11-160H22.5,RP11-440G9.1,ATP5PBP6,RNU6-904P,STAT1,CD6,IGHG4,IL23A,CD4,PPARGC1A,AARS1,BECN1,ATP5F1A,RP11-679B17.2,ENSG10010139745.1,IL18,IL2,KLRK1,NKG7,CCL2,RNU6-904P,GTF2H4,CD19,RNU6-904P,ENSG10010139745.1,ZNF865,RP11-115J16.3,TLR9,INHBB,RN7SL803P,RP11-440G9.1,EDN1,ATP5F1D,RNU6-904P,RP11-497H16.9,RP11-440G9.1,PTPN22,PDCD1,CD4,CCL5,GPR176,FKBP5,CDK11A,SMARCD1,SEMA3F,RP11-168P6.2
CD8A,STAT1,PLPPR2,C6orf106,CX3CR1,C1orf112,RP11-109E12.5,CD8A,PDCD1,COX4I1,IL12A,ARRDC1-AS1,ANKIB1,ARRDC1-AS1,RP11-469L4.1,PLPPR2,CAT,TLR2,TBX21,IL18,CD56,TAS2R16,IL17A,CRYBB1,ADRB2,COX4I1,CCL5,PLPPR2,CLEC2B,CCR5,TAS2R16,CCR5,KTI12,KTI12,IL27,LINC00313,ARRDC1-AS1,ORC2,RP11-499F19.4,DBIL5P2,CNRIP1,C1QTNF7-AS1,CD4,TGFB1,HAVCR2,LLNLR-249E10.1,TAS2R16,TGFB1,HAVCR2,MFN2,PRF1,PLPPR2,EDN1,LINC00489,ZBTB2,STAU2,ATP6V0CP1,PLPPR2,CAT,CCDC88C,TRAF6,CCL2,CD8A,ATP5F1A,RP11-690C23.4,LRRC8B,COX4I1,RNU6-438P,TAS2R16,IL23A,IL8,NKG7,AHR,PPARGC1A,PLPPR2,POLR3E,CD14,PLPPR2,TAS2R16,AC098831.4,TRIM15,ABCD1P2,RPL27AP4,RN7SL749P,STAU2,FKBP5,ATP13A1,PLPPR2,ABCD4,STAU2,CTLA4,LAG3,CD8A,CCL19,RP11-505H13.1,EDN1,IL32,TNFRSF17,CFTR,FAM243B
CD8B,STAT3,EPS15,EIF1AXP1,TLR4,FGR,SNORD8,COX5A,NDUFS1,CRH,IL12B,ASCL5,CYP51A1,ASCL5,MIR5693,EPS15,GZMB,EDN1,PRF1,IL23A,CD16,RP13-895J2.7,NR3C1,RP11-453N18.1,TSPO,SDHB,CXCL10,EPS15,B4GALT4-AS1,CD4,RP13-895J2.7,CCR7,PPP2R1A,PPP2R1A,IL18,CTC-535M15.2,ASCL5,RP11-205M5.3,RP11-357H3.1,DDX3ILA1,SAMD11,C1QTNF8,CD8A,TFAM,GZMB,RP3-377H17.5,RP13-895J2.7,IL1RN,PRF1,SDHB,LAG3,EPS15,GFAP,RP11-44D5.1,LINC01134,CTD-2301A4.1,ATP1A1-AS1,EPS15,CXCL9,NUDCD3,YES1,CCL3,CD19,TGFB1,RP11-549L6.3,ADARB1,UQCRC1,CTC-345K18.2,RP13-895J2.7,CCL2,CCL2,CD8A,CCL2,IFNG,EPS15,ATP6V0D2,CD56,EPS15,RP13-895J2.7,SNORD115-15,LINC02204,ABCD1P3,SNORA70C,RN7SL748P,CTD-2301A4.1,GCLC,ATP5MC3,EPS15,AC016772.4,CTD-2301A4.1,CFB,HAVCR2,CD14,CCL21,TMEM161A,MUC2,CD9,CD44,ANKIB1,RP11-214L19.2
CD19,IFNG,RNU6-311P,ADGRB3,AIF1,CFH,RP11-320L11.2,CRH,NDUFS3,CRHR1,IL17A,ATP6V0C,KRIT1,ATP6V0C,FARSA-AS1,RNU6-311P,CD8A,POMC,GZMB,IL27,NCR1,LINC02802,POMC,RP11-814E24.1,NDUFS1,SOD2,CCR5,RNU6-311P,AC026150.6,CD8A,LINC02802,CD4,CTC-534B23.1,CTC-534B23.1,IL13,MIR30D,ATP6V0C,RP1-137D17.3,CPA1,EDIL3,NPY1R,C1QTNF9,HLA-DRA,CCL2,PRF1,IGLV1-36,LINC02802,IL23A,GZMB,COX4I1,PDCD1,RNU6-311P,GPX1,LTBP4,ZBTB8B,DLGAP4-AS1,MTATP6P16,RNU6-311P,CRH,IL20RA,HSPA1B,CCL4,CD56,IL2RA,RP1-140J1.4,RP3-364H10.1,SDHB,RP11-1057B6.1,LINC02802,CCL3,CCL5,CD4,IFNG,MAPK14,RNU6-311P,AC144521.1,NCR1,RNU6-311P,LINC02802,HERC2P10,RNY3P10,ABCD1P4,BMP2K,RN7SL741P,DLGAP4-AS1,GFAP,ATP5PO,RNU6-311P,IGBP1P1,DLGAP4-AS1,S100PBP,PRF1,CD19,CCR2,PPP1R3A,CXCL9,SLC6A13,CCDC28A,CYP51A1,HDHD5
CD56,IL17A,PITHD1,RP11-58A11.2,ADRA1A,FUCA2,CTD-2207P18.1,CTLA4,COX5A,CTLA4,IL23A,AURKA,RAD52,AURKA,LINC00895,PITHD1,CRH,GZMB,KLRK1,IL1RN,KLRD1,CYP2D6,NFE2L2,RP1-168P16.3,UQCRC1,GPX1,CCR7,PITHD1,LEAP2,CD19,CYP2D6,CD8A,IGHG4,IGHG4,IL15,AC073210.1,AURKA,RP11-331M18.1,B4GALNT2P1,EDIL3-DT,TLR2,C1QTNF9-AS1,GZMB,PPARGC1A,NKG7,AC092162.2,CYP2D6,IL27,NKG7,SLC25A4,NDUFS1,PITHD1,IFNG,RP11-649A16.1,LINC01748,DIRAS2,ATP5PBP4,PITHD1,NLRP3,CD74,DDIT3,CCL5,NCR1,CD8A,RP11-759F5.1,RP11-831A10.3,ACADM,MRPL23-AS1,CYP2D6,CCL4,CXCL10,PDCD1,SOD2,SOD2,PITHD1,RP11-219A15.2,KLRD1,PITHD1,CYP2D6,RP11-109N23.6,C2orf15,ABCD1P5,RNA5SP209,RN7SL740P,DIRAS2,GPX1,ATP5PF,PITHD1,RN7SKP242,DIRAS2,AKAP1,GZMB,CD56,CCR5,DNAJC16,NDUFS1,CD4,IFNGR1,KRIT1,PMS2P1
CD16,IL2,LGALS1,CACNG2,EDN1,GCLC,FLT1,CX3CR1,ATP5F1A,CX3CR1,IL18,BDH2,MYH16,BDH2,TFIP11,LGALS1,FKBP5,TNFAIP3,NKG7,IL13,KIR2DL1,ERMP1,SDHB,AP000281.1,IFNG,CAT,CXCR3,LGALS1,HLA-H,CD20,ERMP1,CD19,NDRG2,NDRG2,IL21,CTB-93J24.1,BDH2,RP11-618K16.4,ELOCP33,EGILA,STAT1,C1QTNF9B,CTLA4,CPT1A,CD8A,CCNG2P1,ERMP1,IL21,KLRD1,ATP5F1A,COX4I1,LGALS1,IL17A,RN7SKP242,RNU6-16P,MIR8068,NEUROG3,LGALS1,CXCL10,NCDN,PHLDB3,CXCL9,KLRD1,BCL2,PACRG-AS3,TMEM131,SOD2,RP11-53M11.5,ERMP1,CCL5,CXCL9,CTLA4,VEGFA,IL17A,LGALS1,PRDX5,GZMB,LGALS1,ERMP1,ARMC3,Y_RNA,ABCD2,RP11-347C12.8,RN7SL73P,MIR8068,GZMB,ATP6V1C1,LGALS1,MIR5008,MIR8068,USP6NL,KLRD1,CD16,CXCR3,ANKRD65,CD8A,SLC6A7,IL17RB,RAD52,DDX25
CD3E,IL21,RP11-338L22.3,GOLGA4,NOS3,NFYA,RP11-115D10.1,CXCL10,ATP5MC1,CXCL10,IL15,BMP2K,BAD,BMP2K,WSB1,RP11-338L22.3,REG3A,RORC,CD8A,IL5,KIR3DL1,UBE2L2,PRDX1,RP4-736L20.4,MUC2,NOX4,CD4,RP11-338L22.3,MIR132,CD56,UBE2L2,CD56,MIR6125,MIR6125,IL22,RP11-432M8.2,BMP2K,MIR1285-1,ANXA9,EMILIN1,GAB1,CARMIL1,IFNG,IFNG,CD4,CTC-518B2.12,UBE2L2,IL22,KLRK1,GCLC,ATP5F1A,RP11-338L22.3,IL1B,CTD-2054H24.1,TMEM161A,RNU6ATAC,ATP5PDP4,RP11-338L22.3,GPX1,CCDC28A,LZTS3,CXCL10,GZMB,VEGFA,SET,USP17L6P,GPX1,XXbac-BPG300A18.13,UBE2L2,CXCL9,CXCL11,LAG3,NR3C1,VEGFA,RP11-338L22.3,CHST3,PRF1,RP11-338L22.3,UBE2L2,ZNF556,C1orf167,ABCD3,ENSG00000279336,RN7SL735P,RNU6ATAC,IFNG,ATP6V1G2,RP11-338L22.3,MAPK1IP1L,RNU6ATAC,CDON,KLRF1,CD3E,IL12A,SEPTIN12,SOD2,CD22,NUDCD3,MYH16,APPL2
FOXP3,IL23A,NR1H5P,ITPR3,CRH,STPG1,MIR517C,CXCL9,UQCRC1,DEFA5,IL7,BRD9P1,LAP3,BRD9P1,GPR141,NR1H5P,NOS3,GPX1,CD4,IL7,KIR2DL3,ANKRD62,CAT,CTD-2126E3.3,SDHB,NFE2L2,CD8A,NR1H5P,MTCH2,CD16,ANKRD62,CD14,RP11-15F12.6,RP11-15F12.6,IL24,RP11-210K20.5,BRD9P1,SS18L2,PNISR,EMILIN2,P2RX7,CARMIL2,PRF1,SOD2,SOD2,MIR34A,ANKRD62,IL5,SLC25A24,NOX4,UQCRC1,NR1H5P,IL6,BMP2K,C5orf30,CH17-476P10.1,ATP6V0D1-DT,NR1H5P,SLC25A24,RTEL1-TNFRSF6B,SLC16A10,CXCL11,PRF1,CD38,SHROOM3,MIR558,CAT,UBFD1,ANKRD62,CXCL10,CCR5,UQCRC1,STAT1,NR3C1,NR1H5P,RP11-356N11.3,FOXP3,NR1H5P,ANKRD62,OBSCN,RP11-76E17.1,ABCD4,SNORD18,RN7SL734P,CH17-476P10.1,IL10,ATP6V1E2,NR1H5P,SNORA70C,CH17-476P10.1,SULF2,NKG7,CD38,IL12B,TEX47,ATP5F1A,SLC7A14,CCDC124,BAD,JAML
CTLA4,IL4,RP11-26K22.2,AP3S1,NR3C1,NIPAL3,CDK18,EDN1,SLC25A4,EDN1,IL21,C1orf141,HS3ST1,C1orf141,RAB34,RP11-26K22.2,IL1B,IL17A,CD28,IL9,KIR3DL2,ATP6V0C,NPY,IARS2,EDN1,TSPO,CD8B,RP11-26K22.2,STMN1,HLA-DRB1,ATP6V0C,CD16,IFT172,IFT172,IL25,CTD-3105A11.1,C1orf141,F3,PCSEAT,EMILIN3,MAPK14,CARMIL3,ACADVL,IL17A,GPX1,EPX,ATP6V0C,IL13,NDUFS7,SOD2,SDHB,RP11-26K22.2,NDUFS1,SNORD18,TMEM106C,DDX10P2,ATP11B,RP11-26K22.2,BAX,CD44,MAL,CXCL12,PDCD1,CASP3,RP11-76E17.1,MTND6P21,NOX4,UNC93B3,ATP6V0C,CXCL11,CCR7,NDUFS1,GNLY,STAT1,RP11-26K22.2,HTR1E,STAT1,RP11-26K22.2,ATP6V0C,CTA-29F11.1,GXYLT1P7,ACD,RNU2-4P,RN7SL733P,DDX10P2,IL1B,ATP6AP2,RP11-26K22.2,ENSG00000279336,DDX10P2,SLC15A4,ATP5F1A,CD69,STAT1,LINC01055,PRF1,SLC25A39,CDON,LAP3,BSND
PDCD1,IL5,FBXO28,CYP4F11,AVP,ENPP4,CTD-3187F8.14,FKBP5,TFAM,FKBP5,IL22,C22orf31,AOC1,C22orf31,RAD52P1,FBXO28,IFNG,NDUFS1,CTLA4,IL22,KIR2DS4,RP11-874G11.1,IL1B,AC002398.9,CAT,AIF1,CD19,FBXO28,FAM86FP,HLA-DQB1,RP11-874G11.1,CD3E,RNA5SP248,RNA5SP248,IL26,LINC02093,C22orf31,RNU6-408P,RN7SL166P,FILIP1,TLR4,CILK1,COX5A,VEGFA,NOX4,RP11-479I16.2,RP11-874G11.1,IL7,ATP5F1E,NFE2L2,ACADVL,FBXO28,NKG7,BRD9P1,TRAPPC10,RP11-713C19.5,ATP6V1E1,FBXO28,HMOX1,TNFRSF1B,AKAP1,HLA-DRB1,CTLA4,ATP5MC3,RP11-303E16.7,MIR548O2,GSR,MST1R,RP11-874G11.1,CXCL12,CXCR3,SDHB,SDHB,PRDX1,FBXO28,N4BP2,STAT3,FBXO28,RP11-874G11.1,MIR6720,MIR4452,AICDA,LINC02600,RN7SL72P,RP11-713C19.5,IL6,ATP6V0D1,FBXO28,RP11-644F5.17,RP11-713C19.5,GPC5,ATP5MC1,CTLA4,STAT3,CTD-2027K17.1,POMC,CD6,CDH3,HS3ST1,THAP9
LAG3,IL13,ZNF747,RGS1,POMC,SEMA3F,FBXL13,GPX1,SOD2,GCLC,IL27,CAPSL,WNT16,CAPSL,PHRF1,ZNF747,CD14,TNF,PDCD1,IL21,KIR3DS1,RP11-58A17.2,GFAP,LINC01659,STAT3,CX3CR1,CD20,ZNF747,RP11-304C12.5,HLA-DPB1,RP11-58A17.2,CD28,LINC00326,LINC00326,IL31,MIR3656,CAPSL,PSKH2,RP11-632F7.3,FILIP1L,SIRT3,CILP,NDUFS1,NR3C1,HIF1A,BPIFA4P,RP11-58A17.2,IL9,UQCRC1,CAT,TFAM,ZNF747,NOS3,ALX1,MS4A6E,SPRING1,UQCRHL,ZNF747,GZMB,CDH1,SMAD7,HLA-DQB1,LAG3,PDHA1,RP11-709D24.5,RAD51,PRDX1,MIR548Y,RP11-58A17.2,HLA-DRA,HLA-DRA,ATP5F1A,CREB1,CREB1,ZNF747,MT1G,JAK1,ZNF747,RP11-58A17.2,OR2R1P,CLCN2,APCDD1,CTC-459F4.6,RN7SL802P,SPRING1,IRF7,ATP8B1,ZNF747,SLC12A5-AS1,SPRING1,ATP9A,ATP5PB,FOXP3,JAK1,SLC9A8,GFAP,SLC30A9,NR1H3,AOC1,PDE4B
HAVCR2,TGFB1,RP11-387H17.4,DHFR,IL17A,CFTR,RP11-121C6.4,GZMB,GPX1,GPX1,IL13,CEACAM20,HECW1,CEACAM20,BCL11A,RP11-387H17.4,NLRP3,UQCRC2,LAG3,IL24,KLRK1,LTBP4,COX4I1,RP11-575L7.4,IL17A,TNFRSF1A,CD56,RP11-387H17.4,RP11-95O2.1,FOXP3,LTBP4,CD40LG,RERG-AS1,RERG-AS1,IL33,MIR3151,CEACAM20,PRDX5,RP4-633I8.4,FILNC1,ADRB2,CILP2,NDUFV1,STAT1,UCP2,C16orf89,LTBP4,IL11,COX5A,SOD1,MFN2,RP11-387H17.4,NR3C1,CLDN7,RUSC1-AS1,RPL39P15,ATP6V0CP3,RP11-387H17.4,AVP,CDH10,SPON2,HLA-DQA1,HAVCR2,SLC25A4,CTC-830I3.1,LGALS3BP,AIF1,RP11-687F6.5,LTBP4,HLA-DRB1,HLA-DRB1,ATP5MC1,TNFAIP3,IL1B,RP11-387H17.4,PAQR5,JAK2,RP11-387H17.4,LTBP4,RP11-932A10.3,FAM50B,APCDD1L,WDR20,RN7SL807P,RPL39P15,MUC2,ATP8A2,RP11-387H17.4,CTD-2066L21.3,RPL39P15,TMEM232,NDUFA1,GZMB,JAK2,SMARCA5,UQCRC1,CCDC88C,PTCD2,WNT16,FAM183DP
TIGIT,FOXP3,HERPUD2-AS1,RPL4P2,IL22,ANKIB1,ATP6V1C2,HAVCR2,CAT,GSR,IL5,CLDN7,MAD1L1,CLDN7,GNPATP,HERPUD2-AS1,EDN1,SDHA,HAVCR2,IL25,PRF1,RP11-175E9.1,GCH1,IFITM5,CX3CR1,ADRB2,CD16,HERPUD2-AS1,EIF2S2P2,STAT1,RP11-175E9.1,CTLA4,TMED9,TMED9,CSF2,MIR181A2HG,CLDN7,LINC02494,MIR107,HILPDA,UCP2,COIL,UQCRC1,NFE2L2,ATP5F1A,ENSG10010139663.1,RP11-175E9.1,IL16,SOD2,GPX1,SLC25A4,HERPUD2-AS1,POMC,CPSF6,MAPK9,S100B,PROSER3,HERPUD2-AS1,SLC6A4,TNFRSF17,CCL5,HLA-B,TIGIT,SLC2A4,PTGIR,PTGFRN,TLR4,RP11-830F9.7,RP11-175E9.1,HLA-DQA1,HLA-DQB1,COX7A2,FOXO3,COX4I1,HERPUD2-AS1,CABLES1,SOCS3,HERPUD2-AS1,RP11-175E9.1,RP11-378I13.1,RP5-890O15.3,APCDD1L-DT,LINC02266,RN7SL724P,S100B,NDUFS1,ATP8B3,HERPUD2-AS1,RP11-15A1.4,S100B,PHACTR2,NDUFB3,PRF1,SOCS3,RAB11B-AS1,GPX1,NUDCD3,NRXN3,HECW1,TRAV2
PRF1,GATA3,RNU7-12P,SEMA4C,CCR6,CYP51A1,AC144838.2,IFNG,NOX4,GZMB,IL3,CPSF6,LASP1,CPSF6,AC012668.3,RNU7-12P,TNF,SLC6A2,ENTPD1,IL26,GZMB,SLC26A9,IL6,RNA5SP291,COX4I1,NOS3,CD28,RNU7-12P,RP5-947P14.1,STAT3,SLC26A9,FOXP3,AC018717.1,AC018717.1,CSF3,RP11-354A9.1,CPSF6,RP11-16C1.2,LLNLF-191C12.1,IL10,OXSR1,COILP1,MFN2,ACADM,NDUFS1,RP11-27G13.1,SLC26A9,IL19,GPX1,IL1B,SOD2,RNU7-12P,PRDX1,AC016772.4,RPL23AP88,USP29,ATP2A2,RNU7-12P,CCL2,TNFRSF9,CCR2,HLA-C,FOXP3,NOS2,RP11-432I5.8,ARHGAP1,C1QA,MIR8485,SLC26A9,HLA-DQB1,HLA-DQA1,SOD2,CD274,NFATC1,RNU7-12P,DNAJC24,HLA-DRA,RNU7-12P,SLC26A9,RP11-232L2.3,RP11-443C10.2,ARNILA,RP11-411B10.2,RN7SL837P,USP29,NOD2,ATP10A,RNU7-12P,PARD6G,USP29,SLC6A11,NDUFS1,KLRG1,HSPA1B,RGS19BP,NOX4,IL20RA,NR1H4,MAD1L1,IGLC6
GZMB,RORC,RNF152P1,ZNF197,CXCL8,KRIT1,RP11-846F4.12,IL17A,NOS2,HAVCR2,IL9,CRYGGP,SNX11,CRYGGP,LINC00880,RNF152P1,GPX1,MC2R,CD38,IL29,GZMA,RP11-477N3.1,TXN,DEFB131E,HMOX1,EDN1,CD40,RNF152P1,GLIS3,STAT5A,RP11-477N3.1,GATA3,LINC02625,LINC02625,CCL2,RP11-203N10.3,CRYGGP,NELFB,FLG-AS1,IL10RA,NDUFA10,DBIL5P,SDHB,CRHR1,SDHA,RP11-400L8.2,RP11-477N3.1,IL20,CAT,CD68,GPX1,RNF152P1,SDHB,RP13-895J2.7,PLEKHM3,FAM174B,ATP13A2,RNF152P1,NDUFS8,PTCD2,CD8A,HLA-A,STAT1,HIF1A,TMSB10,OR4G2P,GFAP,RP11-1079K10.1,RP11-477N3.1,CD4,HLA-A,GPX1,CAT,GSTM1,RNF152P1,CYP2U1,HLA-DRB1,RNF152P1,RP11-477N3.1,CTC-546K23.2,RP4-541C22.5,AVIL,DNAJC25,RNA5-8SN3,FAM174B,NOS3,ATP10D,RNF152P1,IRGM,FAM174B,CLOCK,SDHA,LAG3,DDIT3,DDA1,ADRB2,SLC11A1,CD9,LASP1,LINC00297
KLRD1,TBX21,MIR6851,DNASE2B,PDCD1,RAD52,NKX6-2,IL18,GSR,HMOX1,IL11,CTB-191K22.5,TMEM176A,CTB-191K22.5,CA7,MIR6851,CXCL10,CD8A,CD39,IL31,FASLG,HNRNPA1P16,TLR4,RP11-398K22.12,IL1B,VEGFA,CD80,MIR6851,MIR8073,STAT6,HNRNPA1P16,TBX21,RN7SL653P,RN7SL653P,CCL3,MIR4526,CTB-191K22.5,NDUFA8,IGHV2-70,IL10RB,SDHB,DBIL5P2,TFAM,ADRA1A,NR3C1,OBSCN-AS1,HNRNPA1P16,IL24,PRDX1,GFAP,CAT,MIR6851,SOD2,RP11-54F2.1,ST3GAL1,RP11-162D16.2,ATP13A1,MIR6851,MAPK14,CCDC85A,CD8B,CD4,STAT3,GATA3,VSIG10,ZMYM4-AS1,TNFRSF1A,CMP21-97G8.1,HNRNPA1P16,CD8A,HLA-B,CAT,IDO1,KLRD1,MIR6851,HMGCS2,HLA-A,MIR6851,HNRNPA1P16,CTC-563A5.2,RP11-64B16.2,BCDIN3D,RNU7-116P,RN7SL98P,RP11-162D16.2,NOX4,ATP10B,MIR6851,GSTK1,RP11-162D16.2,MYBPC3,UQCRC1,PDCD1,NFKB1,TMEM80,TFAM,CD74,RTEL1-TNFRSF6B,SNX11,RFPL1S
KLRF1,NFKBIA,AC009362.2,HMCN2,CTLA4,MYH16,RNU6-460P,IL1B,GCLC,IFNG,IL16,CTC-235G5.3,M6PR,CTC-235G5.3,AC019118.4,AC009362.2,CX3CR1,AVPR1B,TIM3,IL32,TRAIL,RP11-44D5.1,TLR2,KCNC2,TNFRSF1A,NR3C1,CD86,AC009362.2,FAM90A27P,JAK1,RP11-44D5.1,STAT1,RP11-347C12.9,RP11-347C12.9,CCL4,RP11-643C9.2,CTC-235G5.3,FRS2,DPPA2,IL10RB-DT,CYCS,DDX3ILA1,ATP5F1A,CAT,FKBP5,GGTA1,RP11-44D5.1,IL25,TXN,TLR4,NOX4,AC009362.2,TLR2,SEPHS1P6,MRS2,COBLL1,ATP5MC1P7,AC009362.2,SDHB,IL17RB,CD4,CD8A,STAT5A,MMP9,TGM7,RN7SKP99,ADRB1,C3orf36,RP11-44D5.1,CD14,HLA-C,NOS2,DNAJB1,IL6,AC009362.2,CSF1,HLA-B,AC009362.2,RP11-44D5.1,RP11-404J24.1,WDR5-DT,BCDIN3D-AS1,GSTK1,RN7SL864P,COBLL1,NR3C1,ATP6V1B2,AC009362.2,CRYGGP,COBLL1,HLA-DQA1,COX4I1,HAVCR2,NFKB2,AC092353.1,NDUFV1,NCDN,CDK13,TMEM176A,RP11-569A11.2
KIR2DL1,NFKBIB,FLT1,AGMAT,LAG3,BAD,DMTF1,IL22,TXN,IL17A,IL19,CTC-459F4.6,CYP26B1,CTC-459F4.6,PYCR3,FLT1,UQCRC2,SOD2,HLA-DR,IL33,NKG7,RN7SKP242,CXCL9,ENSG00000275063,AVP,CRH,HLA-DRB1,FLT1,NEUROD4,JAK2,RN7SKP242,STAT3,RP11-73M18.10,RP11-73M18.10,CCL5,LINC01088,CTC-459F4.6,RP11-894P9.2,RARRES2P9,IL11,SOD2,EDIL3,PRDX1,IL1B,CRH,CYP4F34P,RN7SKP242,IL26,GFAP,CX3CR1,GSR,FLT1,TLR4,IRGM,KDM4C,LINC00210,IATPR,FLT1,CREB1,CDK14,CD28,CD8B,JAK1,NDUFA9,RP11-158I9.8,RN7SL126P,ADRA2A,RN7SL469P,RN7SKP242,CD19,CD4,HMOX1,KLRD1,IL10,FLT1,CDH8,HLA-C,FLT1,RN7SKP242,BMS1,OR6C69P,BICD1,AC079776.4,RN7SL861P,LINC00210,POMC,ATP11C,FLT1,RP11-58A17.2,LINC00210,HLA-DRB1,SOD1,TIGIT,RELA,C9orf116,CD14,SLC7A9,TNFRSF1A,M6PR,SNHG26
KIR3DL1,NFKBIE,RP11-2E11.9,RAB4A,CD8A,LAP3,RP11-49K24.8,IL6,PRDX3,IL1B,IL20,CTD-2054H24.1,ICA1,CTD-2054H24.1,BAHD1,RP11-2E11.9,NR3C1,TJP1,NKG2A,IL34,SH2D1A,ASCL5,NDUFA9,TAS2R5,GFAP,FKBP5,HLA-DQB1,RP11-2E11.9,RP11-791G15.2,JAK3,ASCL5,STAT5A,AC087499.4,AC087499.4,CCL7,AC010255.2,CTD-2054H24.1,QRSL1P1,LRRC29,IL11RA,GPX1,EDIL3-DT,HMOX1,IFI6,AVP,C21orf58,ASCL5,IL29,AIF1,AIF1,TSPO,RP11-2E11.9,TNF,AL133243.2,DNM1P35,RP11-826F13.1,ATP5PBP1,RP11-2E11.9,NDUFA5,CDK17,CD69,CD19,JAK2,IFIT1,IL1RAP,RCHY1,EDN1,HOGA1,ASCL5,CD20,CD8A,TXN,COX5B,TLR4,RP11-2E11.9,TRAF1,MT-ND1,RP11-2E11.9,ASCL5,IFNAR1,IGKV1-16,BICD1P1,RP11-303E16.2,RN7SL856P,RP11-826F13.1,SDHB,ATP11A,RP11-2E11.9,CTD-2335A18.2,RP11-826F13.1,TRPM3,SOD2,MT-ND1,RELB,ZNF506,LAG3,SLC45A4,IL32,CYP26B1,FABP5P4
NKG7,RELA,SS18L2,KAT6A,CD3D,HS3ST1,RNF148,LAG3,PRDX5,IL22,IL24,CTD-2066L21.3,DBNDD1,CTD-2066L21.3,CYFIP1,SS18L2,NDUFS1,CRH,CD107A,IL36A,SLAMF7,UBE2E2,CRH,HNRNPA1P23,CD8A,AVP,HLA-DQA1,SS18L2,RP1-149A16.16,TYK2,UBE2E2,STAT6,SRC,SRC,CCL8,RP11-440N19.1,CTD-2066L21.3,RP5-900K19.2,RP11-156K13.3,IL12A,NDUFS3,EGILA,TXN,IL22,BDNF,RP11-3L21.3,UBE2E2,IL31,TREM2,EDN1,AIF1,SS18L2,TNFSF13B,RP11-505E24.2,SLC25A39,TXNDC17,ATP5MGP2,SS18L2,GFAP,CDH3,CD40LG,CD20,SOCS1,NRF1,RP11-365F18.3,E2F6,NOS3,LINC02780,UBE2E2,CD56,CD8B,PRDX3,IL6,CRH,SS18L2,LINC01990,MT-ND2,SS18L2,UBE2E2,GLIS2-AS1,GM2A,BICD2,GTF2IP18,RN7SL854P,TXNDC17,SOD2,ATP2B1,SS18L2,SRP68P2,TXNDC17,TRPA1,GPX1,MT-ND4,NFYC,RAB33B,NPY,CCDC28A,CD6,ICA1,LINC01753
ATP5F1A,RELB,MIR526B,RASSF9,GZMB,AOC1,RP11-259P6.3,MUC2,AIF1,IL6,IL26,CTD-2161E19.1,ALS2,CTD-2161E19.1,CTC-321K16.1,MIR526B,NOX4,C3,PD-1,IL36B,LILRB1,RP11-380D15.2,ATP5F1A,RN7SL635P,CRH,TLR4,HLA-A,MIR526B,DERPC,SOCS1,RP11-380D15.2,JAK1,LINC02160,LINC02160,CCL11,AC104135.2,CTD-2161E19.1,SDR39U1,RP1-47A17.1,IL12A-AS1,NR3C1,EMILIN1,CAT,COX4I1,SLC6A4,CTD-2325P2.5,RP11-380D15.2,IL32,TNFRSF1A,VEGFA,CX3CR1,MIR526B,UQCRC1,CYCSP5,SPATA5,VKORC1,ATP5MGL,MIR526B,IDO1,CDON,CD86,CD56,SOCS3,CXCL9,PCM1,EEF1A1P28,NR3C1,RN7SL397P,RP11-380D15.2,CD68,CD19,GSR,IL10,NCAM1,MIR526B,CAMKK1,MT-ND3,MIR526B,RP11-380D15.2,RP3-466P17.1,RN7SL748P,BICDL1,ABCC5-AS1,RN7SL849P,VKORC1,STAT1,ATP2B2,MIR526B,CAPSL,VKORC1,TRPM8,GPX3,MT-CO1,NFYA,RPL3,NR3C1,CD44,CDC27,DBNDD1,PPIAP63
ATP5F1B,IKBKB,RP11-60L3.2,RNU6-299P,PRF1,WNT16,RP3-467K16.7,NDUFB8,ITGAM,LAG3,IL28A,CTD-2335A18.2,CASP10,CTD-2335A18.2,RNA5SP131,RP11-60L3.2,SDHA,OCLN,IL2,IL36G,LILRB2,LINC02389,CD8A,LSM1P1,FKBP5,CD14,HLA-B,RP11-60L3.2,CTBP2P9,SOCS3,LINC02389,JAK2,MIR634,MIR634,CCL13,RP11-713P17.3,CTD-2335A18.2,MIR1291,LINC01928,IL12B,CRHBP,EMILIN2,GSR,RNASEL,SLC6A3,KB-1615E4.2,LINC02389,IL33,CX3CR1,ADRA1A,TREM2,RP11-60L3.2,,RP11-497G19.1,GPR162,MIR519E,ATP5F1AP4,RP11-60L3.2,UQCRC2,CDK13,CD80,CD16,HIF1A,CYCS,RBM7,RP11-19D2.1,CRH,GS1-306C12.1,LINC02389,CD80,CD20,GSTP1,TLR4,ATP5F1A,RP11-60L3.2,SLC25A21,MT-ND4,RP11-60L3.2,LINC02389,RP11-74K11.1,LINC02372,BICDL2,CCDC144A,RN7SL847P,MIR519E,STAT3,ATP2B4,RP11-60L3.2,DTX1,MIR519E,CHRNA4,CAT,MT-CO2,HIF1A,MSL3P1,GSR,SLC39A9,NADK,ALS2,MTND4P14
ATP5F1C,IKBKG,XX-FYM637E10_5.1,LHX5,DPM1,HECW1,RNU6-230P,NDUFS1,TMEM119,MC2R,IL28B,CTD-2547G23.2,CFLAR,CTD-2547G23.2,PRNP,XX-FYM637E10_5.1,ADRB2,TXN,IL21,IL37,LILRA1,SLC12A5-AS1,ATP5MC1,RP11-553D4.3,ADRA1A,IL17A,HLA-C,XX-FYM637E10_5.1,HOXB9,PIK3CA,SLC12A5-AS1,JAK3,RP11-16C18.3,RP11-16C18.3,CCL17,CTD-2015N3.2,CTD-2547G23.2,ATP11A,GP1BB,IL12RB1,FKBP5,EMILIN3,SOD2,IL6,TPH2,H3P5,SLC12A5-AS1,IL34,NOS3,ACE,IL1B,XX-FYM637E10_5.1,,ATP6V0C,RP11-145C23.1,RP11-112J3.16,ATP2B2-IT2,XX-FYM637E10_5.1,NR3C2,SMARCD1,CD19,CD3E,VEGFA,PINK1,RP11-157K17.7,LINC00559,AVP,LINC02842,SLC12A5-AS1,CD86,CD56,NQO1,TLR2,CD8A,XX-FYM637E10_5.1,AACS,MT-ND5,XX-FYM637E10_5.1,SLC12A5-AS1,FRS3,RP11-989F5.1,BRICD5,SEZ6L2,RN7SL843P,RP11-112J3.16,TLR4,ATP5ME,XX-FYM637E10_5.1,AC004854.5,RP11-112J3.16,NR3C1,NOS2,MT-ATP6,VEGFA,MRPL23,IL6,SLC4A7,CD79B,CASP10,CTD-2533K21.2
ATP5F1D,IKBKE,RNU6-571P,SMARCB1,SCYL3,MAD1L1,RNU6-61P,NOD2,CX3CR1,MUC2,IL29,CTD-2561F5.1,TFPI,CTD-2561F5.1,ILF3-DT,RNU6-571P,TSPO,NOS3,IFNG,IL38,LILRA2,FAM90A23P,CCR5,ENSG10010138848.1,CD14,IDO1,NFKB1,RNU6-571P,HLA-DQB3,AKT1,FAM90A23P,TYK2,MIR6811,MIR6811,CCL18,RP11-68E16.2,CTD-2561F5.1,LINC00702,GPC6-AS1,IL12RB2,CYP11A1,FILIP1,GPX1,TXN,COMT,KAZALD1,FAM90A23P,IL36A,EDN1,NOS3,PTGS2,RNU6-571P,,MANEALP1,CHRNA9,RP11-1081K18.1,ATP6V0A1,RNU6-571P,TDO2,CD84,CD27,CD28,NOS3,UCP2,MIR6755,TBXT,POMC,SAFB,FAM90A23P,CTLA4,CD16,TLR4,HSPD1,CTLA4,RNU6-571P,ALDH2,MT-ND6,RNU6-571P,FAM90A23P,LEFTY1,PSMA4,C1QTNF1,RP11-365A16.2,RN7SL835P,RP11-1081K18.1,TNF,ATP5MG,RNU6-571P,RP11-477N3.1,RP11-1081K18.1,FKBP5,CYBA,MT-CYB,NOS3,EPB41L4A,PDCD1,SLC18A1,TNFRSF1B,CFLAR,OR5M14P
ATP5F1E,IRAK1,RP11-357F12.2,H3C1,C1orf112,LASP1,IGHV3-74,NOS3,TLR4,NDUFS1,IL31,CTD-2587H24.1,NDUFAF7,CTD-2587H24.1,ZNF806,RP11-357F12.2,AVP,IL1B,GZMB,TNFRSF1A,LILRA3,KCNG1,NOS3,RP11-760D2.13,NOS3,TGFB1,RELA,RP11-357F12.2,RANBP6,MTOR,KCNG1,SOCS1,IFIT1,IFIT1,CCL19,RP11-387C18.5,CTD-2587H24.1,RN7SL164P,RP11-445O3.2,IL13,POMC,FILIP1L,NOX4,TLR4,TLR4,RP11-334N17.1,KCNG1,IL36B,ADM,AVP,ADRA2A,RP11-357F12.2,,TCAF2C,FBXW10,CXXC5-AS1,MTATP6P13,RP11-357F12.2,ATP5F1A,TNFRSF1A,CD38,CTLA4,EDN1,AKT1,RP3-453I5.3,HNRNPA1P48,TLR2,SPATS2,KCNG1,PDCD1,CD3E,MYD88,CRH,TLR3,RP11-357F12.2,SPON2,MT-CO1,RP11-357F12.2,KCNG1,HDHD5-AS1,RN7SL384P,C1QTNF1-AS1,TAX1BP3,RN7SL809P,CXXC5-AS1,TREM2,ATP5MPL,RP11-357F12.2,RASSF8-AS1,CXXC5-AS1,IL6,CYBB,NDUFS1,EDN1,C1orf94,MTCYBP17,CDH1,CD22,TFPI,PTPRJ-AS1
NDUFA1,IRAK4,LINC02717,ALDH18A1,FGR,SNX11,TET3,NOX4,TLR2,NDUFV1,IL32,CTD-2587M23.1,RBM5,CTD-2587M23.1,DUSP6,LINC02717,TLR4,NPY,FOXP3,TNFRSF1B,LILRA4,RP11-763B22.11,AVPR1A,RP11-1H15.1,NOX4,LINC00919,STAT1,LINC02717,RP11-521I2.3,RPTOR,RP11-763B22.11,SOCS3,SNORD113-6,SNORD113-6,CCL20,RP11-255J3.2,CTD-2587M23.1,AXL,ZNF521,IL15,AVP,FILNC1,TXNRD1,TLR2,MYD88,RNU7-182P,RP11-763B22.11,IL36G,VEGFA,NR3C1,EDN1,LINC02717,,RP5-1173I20.1,SEPTIN7P2,LAMC1,ATP5MGP3,LINC02717,CD8A,CDC42,CD70,PDCD1,ACE,TGFBR2,KB-1410C5.5,RP11-378I13.1,CD14,GS1-410F4.5,RP11-763B22.11,LAG3,CD28,IRAK4,NTRK2,NOS3,LINC02717,TNS3,MT-CO2,LINC02717,RP11-763B22.11,SAR1B,RP11-51L5.5,C1QTNF12,RP11-165K3.2,RN7SL834P,LAMC1,TSPO,ATP5PB,LINC02717,AURKA,LAMC1,TNF,NCF1,NDUFS2,ADM,C4orf54,AC090957.2,SLC66A1,TNFRSF9,NDUFAF7,CTD-2517M22.14
NDUFA2,MYD88,RASGRP4,FAM163A,CFH,TMEM176A,GGACT,NR3C1,IL1B,NFE2L2,IL33,CTD-2621I17.8,MTMR7,CTD-2621I17.8,RP11-813B8.1,RASGRP4,POMC,CXCL10,GATA3,TNFRSF10A,LILRA5,RP5-931K24.3,CX3CR1,POM121L1P,AIF1,RP11-48B3.4,STAT3,RASGRP4,AC012306.2,RPS6KB1,RP5-931K24.3,NFKB1,DEFB129,DEFB129,CCL22,RP11-90L20.1,CTD-2621I17.8,WDR54,PSG8,IL15RA,NTRK2,GCATP1,IL1B,IFI44,NLRP3,LINC01812,RP5-931K24.3,IL37,FLT1,POMC,NOS3,RASGRP4,,RNA5SP209,LY75,KB-1299A7.2,ATP1A4,RASGRP4,NOS3,LMCD1,CD137,LAG3,AGT,MAPK14,SEMG2,LINC00868,IL10,RP11-1037D22.1,RP5-931K24.3,HAVCR2,CD40,NFKB1,ATP5F1A,STAT3,RASGRP4,PIK3R6,MT-CO3,RASGRP4,RP5-931K24.3,FAM162A,MMP19,C1QTNF2,RP11-279F6.2,RN7SL82P,KB-1299A7.2,UQCRC1,ATP5PD,RASGRP4,BDH2,KB-1299A7.2,IFNG,NCF2,SDHB,PTGS2,RP1-140K8.18,U91328.22,CDH10,CD84,RBM5,PCDHB17P
NDUFA3,TRAF6,RNU6-246P,PPP2R5D,FUCA2,M6PR,KLHL5,PDCD1,NLRP3,NKG7,IL34,CYCSP5,SLC7A2,CYCSP5,AC018730.4,RNU6-246P,DPM1,NFE2L2,RORC,TNFRSF10B,LILRA6,ARPC2,BDKRB2,RNA5SP209,TBC1D12,VCAN-AS1,JAK1,RNU6-246P,RNU6-1216P,EIF4EBP1,ARPC2,RELA,CXXC5-AS1,CXXC5-AS1,CCL24,MIR4421,CYCSP5,CTC-281F24.5,MIR4744,IL16,BDNF,HILPDA,GFAP,CXCL9,CASP1,HMGB1P6,ARPC2,IL38,CRH,CRH,VEGFA,RNU6-246P,,MIR5008,LINC00973,LINC01176,ATP5MC2P2,RNU6-246P,BCL2,CDH19,CD134,HAVCR2,REN,SLC16A1,ARHGAP12,MAGI1-IT1,IDO1,MTND5P14,ARPC2,TIGIT,CD40LG,RELA,CD8A,CXCL10,RNU6-246P,IGFBP4,MT-CYB,RNU6-246P,ARPC2,DCAF1,ABCC4,C1QTNF3,RP11-410B6.2,RN7SL827P,LINC01176,VEGFA,ATP6V1A,RNU6-246P,RP5-1173I20.1,LINC01176,IL10,NCF4,UQCRC2,SOD1,PRR12,RP11-625H11.2,PTCD2,CDH1,MTMR7,RP11-522B15.3
NDUFA4,CASP1,RP11-615I2.3,PDZD8,GCLC,CYP26B1,AC113167.2,POMC,CASP1,NOD2,IL35,CYP2D6,ARF5,CYP2D6,HMGB1P5,RP11-615I2.3,SCYL3,TLR4,TBX21,TNFRSF10C,LILRB3,RP11-497H16.9,CXCL10,GNRHR2P1,NLGN4Y,RP11-254F7.1,JAK2,RP11-615I2.3,RP11-263K4.3,AMPK,RP11-497H16.9,IKBKB,TGFBR3,TGFBR3,CCL25,CTC-297N7.9,CYP2D6,AC007389.3,MIR6820,IL17A,SLC6A4,IL10,AIF1,CRH,IL18,RP11-303E16.6,RP11-497H16.9,IFNA1,NR3C1,MC2R,ACE,RP11-615I2.3,,RP11-644F5.17,ZFP3,RP11-138H11.1,CRHR2,RP11-615I2.3,CYCS,PDCD2,CD30,TIGIT,NR3C1,PRDX3,RP11-72I2.1,OR2T12,MUC2,CCDC194,RP11-497H16.9,FOXP3,CD80,TNFAIP3,MX1,CYCS,RP11-615I2.3,UBE2H,ATP5F1A,RP11-615I2.3,RP11-497H16.9,MBD3L5,ENSG10010139445.1,C1QTNF3-AMACR,RP11-430G17.2,RN7SL824P,RP11-138H11.1,5S_rRNA,ATP6V1F,RP11-615I2.3,LZIC,RP11-138H11.1,CLEC4M,IL1B,COX4I1,SOD2,GRIN3B,RP11-378I6.2,SLC4A8,CDKL3,SLC7A2,CTD-2587M23.1
NDUFA5,CASP3,TRMT112,SNORA10,NFYA,ICA1,RP11-121A8.1,PRDX1,C3,NOS1,IL36A,DNAJC25,SARM1,DNAJC25,TMSB4XP6,TRMT112,C1orf112,AIF1,PRF1,TNFRSF10D,LILRB4,LINC02576,ADRB2,ANAPC10,SLC35F1,C8orf89,SOCS1,TRMT112,OR4F16,PRKAA1,LINC02576,IKBKG,TRAJ47,TRAJ47,CCL26,AC027612.3,DNAJC25,TAF12,CNFN,IL17B,HTR2A,IL10RA,CX3CR1,SLC25A4,CXCL9,RP11-515C16.1,LINC02576,IFNA2,FKBP5,TJP1,AVP,TRMT112,,H2BC2P,RP11-476B1.1,CYP2A7,UQCRHP3,TRMT112,GABRA1,CD5L,CD40,FOXP3,CRH,BAX,RNA5SP88,ZNF107,LGR5,RP11-793I11.1,LINC02576,STAT1,CD86,STAT1,ITGB2,RELA,TRMT112,HLA-DPB1,ATP5F1B,TRMT112,LINC02576,THORLNC,HSPD1P18,C1QTNF4,FANCB,RN7SL822P,CYP2A7,5_8S_rRNA,ATP6V0E1,TRMT112,RP4-640E24.1,CYP2A7,GNG7,IL18,ATP5F1A,GPX1,EPHB6,AC092614.2,CCDC85A,SNRNP40,ARF5,RP11-616M22.7
NDUFB1,CASP8,AGAP1-IT1,DDAH2,STPG1,DBNDD1,CTD-2001J20.1,PRF1,CD68,NOX4,IL36B,DTX1,POLDIP2,DTX1,CCNL1,AGAP1-IT1,FGR,IL6,GZMB,TNFRSF11A,LILRB5,RNU6-1199P,P2RY12,LINC02190,TENT4A,RP11-692C24.3,SOCS3,AGAP1-IT1,SUPT4H1P1,PRKAB1,RNU6-1199P,BCL2,TNPO3,TNPO3,CCL27,RP11-297P16.2,DTX1,TBX18-AS1,MARCHF11-AS1,IL17C,GPR68,IL10RB,NLRP3,ATP5F1A,CXCL10,DHFR,RNU6-1199P,IFNA4,AVP,IL22,NPY,AGAP1-IT1,,CTB-191K22.5,DUSP16,LINC01381,ATP6V1B2,AGAP1-IT1,TREM2,CDHR2,CD95,RORC,POMC,FOXO3,GS1-259H13.13,AC004540.5,TARBP1,AIG1,RNU6-1199P,STAT3,CTLA4,STAT3,NOS3,BDNF,AGAP1-IT1,CXCR6,ATP5F1C,AGAP1-IT1,RNU6-1199P,IGHVIII-67-4,AL162151.3,C1QTNF5,ADCK3,RN7SL820P,LINC01381,7SK,ATP6V0B,AGAP1-IT1,SEC62,LINC01381,PARD6,TNFRSF1A,ATP5F1B,GPX3,BUD23,CTD-2046I8.1,IL17RB,COX10,SARM1,RP11-356C4.5
NDUFB2,CASP9,CTB-57H20.1,C15orf54,NIPAL3,ALS2,RP11-382A20.6,REG3A,NOS3,NR3C1,IL36G,ELFN1-AS1,PLXND1,ELFN1-AS1,C11orf86,CTB-57H20.1,CFH,CD4,KLRK1,TNFRSF11B,LILRB6,C1orf141,REG3A,CTD-2561B21.10,MRPL19,COQ9,FOXP3,CTB-57H20.1,RNU6-548P,PRKAG1,C1orf141,BAX,CTA-384D8.34,CTA-384D8.34,CXCL1,RP11-492G2.4,ELFN1-AS1,MIR2052,RP11-286N22.8,IL17D,P2RY12,IL10RB-DT,TNFRSF1A,CD8A,CCL2,OR5AP2,C1orf141,IFNA5,POMC,TLR2,CRH,CTB-57H20.1,,PPM1J,SNORA17,RP11-473I1.6,MTATP6P30,CTB-57H20.1,TSPO,HACD3,CD95L,TBX21,MC2R,P2RX7,AC098614.2,OR5H8,RP3-495K2.1,RPL35AP9,C1orf141,STAT4,PDCD1,IRF7,PRDX3,CDH5,CTB-57H20.1,CD79A,ATP5F1D,CTB-57H20.1,C1orf141,BMP3,NUCKS1,C1QTNF6,PRR5L,RN7SL817P,RP11-473I1.6,A1BG,ATP6V0C,CTB-57H20.1,SLC26A9,RP11-473I1.6,SKA3,TNFRSF1B,SOD1,CAT,MAST2,ANP32BP3,CDK14,COX15,POLDIP2,MIR3670-2
NDUFB3,BAX,CTD-2509G16.1,MARS,ENPP4,CASP10,RP3-430N8.10,REN,EDN1,P2RY12,IL37,ENSG00000279336,AK2,ENSG00000279336,LINC02122,CTD-2509G16.1,FUCA2,TSPO,NKG7,TNFRSF12A,LILRB7,LZIC,MC2R,SNORD116-9,ZNF605,RNU2-47P,GATA3,CTD-2509G16.1,RNU6-1140P,PRKAG2,LZIC,CASP3,ECEL1P1,ECEL1P1,CXCL2,MIR4496,ENSG00000279336,CTC-565M22.1,BTBD1,IL17F,CX3CR1,IL11,TLR4,MX1,CCL5,RP11-43D4.3,LZIC,IFNA6,TLR4,DEFA5,NR3C1,CTD-2509G16.1,,SIGLEC8,NT5C3B,HOXA-AS2,ATP2A1-AS1,CTD-2509G16.1,SLC1A2,WSCD2,CD152,GATA3,FKBP5,TNFRSF1A,BEST4,IGKV2OR2-2,RNA5SP445,RP11-438F14.11,LZIC,STAT5A,LAG3,NR3C1,CD3D,PDCD1,CTD-2509G16.1,AKAP5,ATP5F1E,CTD-2509G16.1,LZIC,RNU6-1311P,RNU1-76P,C1QTNF7,PPFIBP2,RN7SL812P,HOXA-AS2,A1BG-AS1,ATP6V0E2,CTD-2509G16.1,RNA5SP374,HOXA-AS2,XAF1,IL1R1,SOD2,PRDX1,LOC100128885,RNA5SP470,CDK17,NRIP2,PLXND1,AC002398.13
NDUFB4,BCL2,RP11-445P19.2,RIPOR3,SEMA3F,CFLAR,MIR4743,SLC25A3,ADM,PDCD1,IL38,ENSG10010134105.1,CD38,ENSG10010134105.1,RP11-15I20.1,RP11-445P19.2,GCLC,FKBP5,CD8A,TNFRSF13B,LILRB8,ALX1,TLR5,TAS2R19,ARMC9,RNA5SP453,TBX21,RP11-445P19.2,SMC2-DT,PRKAG3,ALX1,CASP8,TM9SF4,TM9SF4,CXCL3,RP11-504A18.1,ENSG10010134105.1,TAAR7P,RTP5,IL17RA,TREM2,IL11RA,TLR2,PINK1,CX3CR1,RP5-1184F4.8,ALX1,IFNA7,MYD88,REG3A,FKBP5,RP11-445P19.2,,SCN3A,PRH1-PRR4,RP11-377G16.2,ATP5MC1P1,RP11-445P19.2,ADM,IL4R,CD154,STAT1,SLC6A4,JAK1,RNU6-675P,KRT6C,RP11-631F7.1,RN7SL88P,ALX1,STAT6,HAVCR2,FKBP5,CX3CR1,CD3E,RP11-445P19.2,LRRC3,SOD1,RP11-445P19.2,ALX1,RNA5SP418,AKAP11,C1QTNF7-AS1,SLC26A11,RN7SL810P,RP11-377G16.2,A1CF,ATP6V0D2,RP11-445P19.2,MTRNR2L7,RP11-377G16.2,ZNF594,IL1R2,GPX1,PRDX2,MT-TW,CAPS,SLC2A3,GTF2IRD1,AK2,RP11-98D18.15
NDUFB5,BCL2L1,RP11-15M15.2,RNU6-989P,CFTR,TFPI,CRACD,SOD1,VEGFA,POMC,TNFSF10,ENSG10010135342.1,FKBP4,ENSG10010135342.1,RP11-654C22.2,RP11-15M15.2,NFYA,MFN2,CD4,TNFRSF13C,LILRB9,RP11-15A1.4,MUC2,CCDC8,EYA2,LFNG,RORC,RP11-15M15.2,CCDC38,SIRT1,RP11-15A1.4,CASP9,ARHGEF25,ARHGEF25,CXCL5,RP11-115C21.2,ENSG10010135342.1,RP11-697E2.7,RP11-681L4.4,IL17RB,AIF1,IL12A,ADRB2,NOS3,ITGA4,SYVN1,RP11-15A1.4,IFNA8,NOD2,OCLN,POMC,RP11-15M15.2,,RAB11FIP5,RP11-276H19.1,C9orf129,ATP5F1AP7,RP11-15M15.2,DRD2,CDH17,CD178,STAT3,HTR1A,STAT3,RNU4-68P,CTD-2287O16.1,SMIM12P1,RP11-285A1.1,RP11-15A1.4,JAK1,TIGIT,CRH,CXCL10,TNF,RP11-15M15.2,LY86,SOD2,RP11-15M15.2,RP11-15A1.4,UBE2Q2P6,RP3-477M7.5,C1QTNF8,RP11-294A24.1,RN7SL726P,C9orf129,A2M,ATP6V1G1,RP11-15M15.2,FOXD4L1,C9orf129,NUDT14,IL18R1,CAT,PRDX3,HAPLN4,RP1-100J12.1,CDH3,VPS50,CD38,RP11-85B7.5
NDUFS1,MCL1,ARL4A,RGS9BP,ANKIB1,NDUFAF7,CRLS1,SOD2,ANGPT1,PPARGC1A,TNFSF11,ENSG10010139745.1,KDM1A,ENSG10010139745.1,RP1-63G5.7,ARL4A,STPG1,CAT,CD28,TNFRSF14,LILRB10,RN7SKP86,CD3E,ATF7,RASGRF2,MTUS2-AS1,AHR,ARL4A,RCAN1,PGC1A,RN7SKP86,FAS,APIP,APIP,CXCL6,MIR4304,ENSG10010139745.1,DYRK3,RN7SL408P,IL17RC,TYROBP,IL12A-AS1,EDN1,PRDX3,VCAM1,MIR4715,RN7SKP86,IFNA10,IL17A,,HSD11B1,ARL4A,,SLC39A11,MS4A7,CTD-2020K17.3,ATP12A,ARL4A,GDNF,CDC14A,CD279,STAT4,HTR2A,IL10,POLD1,C7orf65,RP11-267M23.6,RP11-498C9.17,RN7SKP86,JAK2,FOXP3,POMC,ADRB2,GPX1,ARL4A,C15orf39,CAT,ARL4A,RN7SKP86,OR7E24,RP5-1174N9.2,C1QTNF9,GHRLOS,RN7SL720P,CTD-2020K17.3,A2M-AS1,ATP6V1H,ARL4A,RP5-931K24.3,CTD-2020K17.3,LOC339166,IL18RAP,NOS2,PRDX4,RP11-701H24.6,C7orf50,SLC6A16,PDIA5,FKBP4,MIR6801
NDUFS2,FAS,TRAV28,RBM5,CYP51A1,RBM5,TPBGL,TFAM,ANGPT2,PRDX1,TNFSF12,ERMP1,RBM6,ERMP1,RP11-27J8.4,TRAV28,NIPAL3,VEGFA,CTLA4,TNFRSF17,LILRB11,LTV1,AIF1,PRDM9,CCDC171,RP11-116G8.5,PRF1,TRAV28,RP11-863P13.1,NRF1,LTV1,FASLG,IL20,IL20,CXCL8,CTB-178M22.2,ERMP1,SUB1P4,RPL12P36,IL17RD,HLA-DRA,IL12B,ACE,IFI27,SELE,ARHGEF35,LTV1,IFNA13,RORC,,TLR4,TRAV28,,PSG8,RP11-138A9.1,C17orf50,ATP6V1D,TRAV28,BDNF,CARMIL1,CD274,STAT5A,BDNF,NDUFV1,OR51AB1P,ATP6V0E1P4,RN7SL106P,RP11-366H4.3,LTV1,JAK3,TBX21,HSD11B1,BDNF,AIF1,TRAV28,MT-ND6,GPX1,TRAV28,LTV1,DDX49,SNORA3A,C1QTNF9-AS1,MIR1294,RNA5-8SP5,C17orf50,A2ML1,ATP9B,TRAV28,RPL27AP4,C17orf50,PRRT4,ADRB2,NOX2,PRDX5,GADD45G,RGS1,CDON,SEC62,KDM1A,MIR9-3
NDUFS3,FASLG,LINC02442,GPR180,KRIT1,MTMR7,RP11-686O6.2,TLR4,VWF,PRF1,TNFSF13,FAM43B,CAMKK1,FAM43B,COPRSP1,LINC02442,ENPP4,ACE,PDCD1,TNFRSF18,LILRB12,VPS25,KLRK1,RP11-511H23.1,ZBTB7C,HOXD10,GZMA,LINC02442,RP4-730D4.1,TFAM,VPS25,TRAF2,AC011524.2,AC011524.2,CXCL9,CTC-360G5.11,FAM43B,LINC02017,RCVRN,IL17RE,CD86,IL12RB1,AGT,NDUFV1,NOS3,VWA7,VPS25,IFNA14,IDO1,,CD14,LINC02442,,RP11-155G14.5,BMS1P20,VPS37B,NEUROG1,LINC02442,CSF1,CDH7,CD273,STAT6,NTRK2,CCL2,SDHCP1,RP11-98I9.4,AC079807.2,FLVCR1,VPS25,TYK2,GATA3,AVP,PRF1,NOX4,LINC02442,RAB3C,GPX3,LINC02442,VPS25,PRAMEF1,LINC02705,C1QTNF9B,TMEM254,RN7SL565P,VPS37B,A2ML1-AS1,ATP9A,LINC02442,REG1A,VPS13D,C14orf37,CHRM4,PRDX3,PRDX6,ANKRD12,BANF1P3,SLC12A2,ZFR,RBM6,SPAG4
NDUFS4,TNFRSF1A,TRIM44,RHEBL1,RAD52,SLC7A2,BNIP3P41,TNF,ICAM1,REG3A,TNFSF13B,FAM90A23P,RECQL,FAM90A23P,RP11-471L13.2,TRIM44,SEMA3F,CXCL9,LAG3,TNFRSF19,LILRB13,CYCSP5,TNF,MYDGF,GPR88,RP11-513N16.1,GZMB,TRIM44,RNU6-655P,UCP2,CYCSP5,TRAF6,MIF4GD,MIF4GD,CXCL10,RP11-122C5.1,FAM86B3P,RP11-129M16.4,PAUPAR,IL17REL,CD14,IL12RB2,SLC6A2,CX3CR1,EDN1,GPR160,CYCSP5,IFNA16,KYNU,,NOD2,TRIM44,,LIPT1P1,SNRNP48,CWH43,ATP2A3,TRIM44,AIF1,CDC14B,CD272,JAK1,SLC2A4,NFKB1,LCP1,LINC02626,ATG2A,CHKB-DT,CYCSP5,SOCS1,RORC,OXTR,IRF7,ATP6V1E1,TRIM44,TMEM176A,PRDX1,TRIM44,CYCSP5,RP11-91P24.5,RP11-128P17.4,C2CD2,RP1-3O1.6,RN7SL592P,CWH43,A2ML1-AS2,ATP13A2,TRIM4,LINC00489,FAM172BP,ANKDD1B,CHRM3,TXN,NFE2L2,TMEM248,RP11-55P9.1,SLC9A3R2,SLC7A2,CAMKK1,ATXN7L3
NDUFS5,TNFRSF1B,AHRR,SLC2A13,MYH16,ARF5,COL11A2P1,TNFRSF1A,SELE,SDHB,TNFSF14,FCRL4,VPS50,FCRL4,RP11-484D2.5,AHRR,CFTR,COX4I1,HAVCR2,TNFRSF19L,LILRB14,WDR89,GPX1,CNOT6,ZNF283,PTPRO,FAS,AHRR,UBE2T,UCP3,SLC39A11,IRF1,C1orf131,C1orf131,CXCL11,RP11-388H12.1,FBXO41,PPIAP39,CTC-422A18.1,IL18,CD3E,IL13,NPY,CXCL10,VEGFA,AC133104.2,SLC39A11,IFNA17,TDO2,,IL18,AHRR,,RP11-175E9.1,MT1L,ZNF266,ATP5MGP6,AHRR,RP11-17M15.2,PCDHB4,CD270,JAK2,PPARGC1A,TBX21,RPL21P35,RP11-553P9.1,CTB-129P6.4,CCL26,SLC39A11,SOCS3,STAT1,HTR3A,ISG15,ANGPT1,AHRR,TNFAIP2,PRDX2,AHRR,CTTNBP2NL,C9orf129,RP11-536C10.19,C2CD2L,ZNF229,RN7SL587P,ZNF266,A2MP1,ATP13A3,RP11-90L20.4,CTB-191K22.5,FAM57A,IL6R,CHRM2,NFE2L2,KEAP1,RNF14,RP11-482G13.1,CDK13,CYP26B1,RECQL,LTBP4
NDUFS6,CD40,RP11-91P24.3,NSMCE2,BAD,SARM1,CTD-2529O21.2,TREM2,PECAM1,SLC6A2,TNFSF15,FOXD4L1,HSPB6,FOXD4L1,R3HDM2,RP11-91P24.3,ANKIB1,DENND5A,ENTPD1,TNFRSF21,LILRB15,FMO6P,DPM1,LINC00649,PLCH1,KCMF1,FASLG,RP11-91P24.3,RGPD6,COX4I1,RP11-207C16.4,IRF3,TMEM120A,TMEM120A,CXCL12,CTD-2231E14.3,FLJ39739,AC116609.2,SEC14L2,IL18BP,IL2RA,IL15,NOS3,ADRB2,ANGPT2,RP11-989E6.3,RP11-207C16.4,IFNA21,AHR,,REG3A,RP11-91P24.3,,IL17RD,SHISA5,ENSG10010139068.1,MTATP6P11,RP11-91P24.3,HADH,PCDHA6,CD48,JAK3,UCP2,CD4,ARHGAP29-AS1,RP11-1017G21.4,RP11-885L14.1,RP11-64D24.4,RP11-207C16.4,PIK3CA,STAT3,SLC6A4,MTOR,C3,RP11-91P24.3,CPNE7,NFE2L2,RP11-91P24.3,OSGIN1,ADGRF1,SNORD116,C2CD3,GPRC5A,RN7SL583P,ENSG10010139068.1,A3GALT2,ATP13A4,KLF10,RP13-638C3.4,MRPL32P3,IL1B,NR3C1,KEAP1,GCLC,TTBK1,OR7E155P,SMARCD1,ENPP4,VPS50,JAK2
NDUFS7,CD40LG,RP11-350N15.4,ZDHHC20,LAP3,POLDIP2,SELP,TXN,CRH,SLC6A4,TNFSF18,FRMD1,ARHGAP33,FRMD1,SNIP1,RP11-350N15.4,CYP51A1,RP11-231E6.1,CD38,TNFRSF25,LILRB16,RP11-61C14.5,SCYL3,RNA5SP355,RBMS3,AC106801.1,BCL2,RP11-350N15.4,XPC-AS1,NDUFS1,CRYGGP,IRF5,SNORD91A,SNORD91A,CXCL13,MIR4529,FREM1,UQCRBP3,KIAA0040,IL18R1,PDCD1,IL15RA,VEGFA,MFN1,MCAM,RP11-380F14.2,CRYGGP,IFNB1,SLC6A4,,DEFA5,RP11-350N15.4,,IVNS1ABP,TMEM216,RP11-24I5.1,ATP6V1E1P2,RP11-350N15.4,METTL2A,PCDHGA2,CD58,TYK2,UCP3,ITGAM,RP11-1134I14.2,RP11-798G7.5,RP1-81D8.7,MIR3652,CRYGGP,AKT1,STAT4,BDNF,HSPA1A,GZMB,RP11-350N15.4,SERPINA3,KEAP1,RP11-350N15.4,RP11-384A13.1,IFFO1,RP11-467H10.1,C2CD4A,APBA1,RN7SL57P,RP11-24I5.1,A4GALT,ATP13A5,RNU6-883P,RP11-715F3.2,RP11-713N2.4,IL1RN,CRH,NQO1,GCLM,C3orf56,ACTG1P3,SLC9A3,LRRC23,HSPB6,CPNE6
NDUFS8,CD28,AC018717.1,SLC9A3R2,HS3ST1,PLXND1,RP11-90B22.1,UQCRC1,NR3C1,SOD2,TNFSF4,GASK1B,NDUFAB1,GASK1B,RP11-731J8.2,AC018717.1,KRIT1,TOPAZ1,CD39,TNFRSF4,LILRB17,RP11-369J5.3,C1orf112,RP11-2E17.2,ZNF740,RP1-302D9.5,BAX,AC018717.1,RP11-552I14.1,SDHB,RP11-497G19.1,IRF7,RP11-91J3.1,RP11-91J3.1,CXCL14,LINC01149,FUBP1,LINC02532,RP3-449H6.2,IL18RAP,LAG3,IL16,MC2R,MYD88,MBP,FAM43B,RP11-497G19.1,IFNE,MIR214,,EIF4G1,AC018717.1,,RP11-157D6.2,SULT1A4,MIR567,ATP1B1P1,AC018717.1,OR4G6P,IL12RB2,CD2,SOCS1,ATP5F1A,IL7R,MLN,RPRM,AC005550.3,RP11-138I18.2,RP11-497G19.1,MTOR,STAT5A,GFAP,AIF1,SLC25A4,AC018717.1,PRICKLE2,GCLC,AC018717.1,RP11-200N24.3,RNA5SP357,MESTP4,C2CD4B,RP11-284N8.3,RN7SL575P,MIR567,A4GNT,ROS1,MEF2BNB,MYB,KMT2D,IL2,POMC,HMOX1,NQO1,RPL13P,RPL27P7,CD84,ZCCHC8,ARHGAP33,CAB39L
SDHA,CTLA4,RP11-180P8.1,KANK1,AOC1,AK2,RP11-927P21.8,VEGFA,FKBP5,STAT1,TNFSF8,GIMAP2,PDK4,GIMAP2,ARFGAP1,RP11-180P8.1,RAD52,MS4A5,TIM3,TNFRSF6,LILRB18,PRPF31,FGR,RNU6-304P,KCNJ6,RP11-606E8.2,CASP3,RP11-180P8.1,HOXC-AS1,ATP5F1,RNU6-992P,IRF9,OR4B2P,OR4B2P,CXCL16,RP11-244F12.6,FYCO1,KLF2P2,SLC51B,IL19,CTLA4,IL17A,FKBP5,HSPA6,GFAP,CTD-2554C21.2,RNU6-992P,IFNK,CTB-58E17.10,,HSPA1A,RP11-180P8.1,,ARPC2,ATP5MF,AC005550.3,ATP6V1G1P6,RP11-180P8.1,TDRKH-AS1,SMARCD3,CD3E,SOCS3,ATP5F1B,NDUFB8,RP11-177F15.1,PLIN5,RNU1-33P,LINC00643,RNU6-992P,RPTOR,STAT5B,AIF1,TNF,SDHB,RP11-180P8.1,RAMP3,GCLM,RP11-180P8.1,SUSD4,ARSJ,CTD-2031P19.5,C2CD4C,SLC25A28,RN7SL571P,AC005550.3,AA06,ROS2,AC015802.6,BMP2K,HAGLR,IL4,MC2R,IL1RN,HMOX1,ZBED5,RP5-1007H16.1,SLC44A1,GDE1,NDUFAB1,CRISPLD2
SDHB,PDCD1,CTC-421K24.1,FAM189B,WNT16,CD38,ZNF84-DT,DPM1,AVP,STAT3,TNFSF9,GOLGA8CP,SLC22A16,GOLGA8CP,RP11-313M3.2,CTC-421K24.1,MYH16,RP3-461P17.9,HLA-DR,TNFRSF8,LILRB19,CGB8,CFH,RNU7-174P,EPHB2,TRMT12,CASP8,CTC-421K24.1,R3HDM2,ATP5MC1,RP1-33B19.1,MYD88,RP11-525J21.1,RP11-525J21.1,CXCL17,MIR3189,GABARAPL1,MIR548S,RP11-734B5.2,IL1A,TIGIT,IL17B,NR3C1,PRF1,AIF1,CHORDC1P1,RP1-33B19.1,IFNL1,RNA5SP52,,HSPA8,CTC-421K24.1,,RP1-33B19.1,CEP104,EFNB2,ATP1A1,CTC-421K24.1,CTSE,C1QTNF3,CD3D,NFKB1,ATP5F1C,RPS6KB1,RNA5SP493,LINC02100,FABP5P1,CFAP58-DT,RP1-33B19.1,RPS6KB1,STAT6,CD68,GPX1,STAT5B,CTC-421K24.1,IL18,NRF1,CTC-421K24.1,CCDC184,AC091493.2,CBX6,C2CD4D,AC002410.1,RN7SL570P,EFNB2,AAAS,ROS3,RNU6-289P,RNU7-116P,PRR5,IL8,AVP,IL6R,MAPK1,RP11-6M23.3,RNU6-673P,CDC42,TARBP1,PDK4,FBXO3
SDHC,PDCD1LG1,AC002519.8,TMEM200C,HECW1,FKBP4,LRPAP1,SCYL3,POMC,TFAM,TNFRSF1A,GSTK1,ZMYND10,GSTK1,AC007099.2,AC002519.8,BAD,H6PD,NKG2A,TNFRSF9,LILRB20,NFXL1,FUCA2,GPR89A,PPHLN1,AC006946.17,CASP9,AC002519.8,RP11-241F15.3,ATP5PB,SIGLEC8,TICAM1,RP11-428C19.5,RP11-428C19.5,CCR1,RP11-305J6.1,GADD45G,RNU4-77P,HNRNPCL1,IL1B,HAVCR2,IL17C,CRH,OXTR,CD68,RP3-419C19.2,SIGLEC8,IFNL2,KCNK16,,DUSP1,AC002519.8,,RP11-347C12.8,LINC00941,CKS1BP2,ATP5PDP2,AC002519.8,OR2T34,CD59,CD3G,RELA,ATP5F1D,CD3E,CHD4,RP11-673E1.3,VRK3,RP11-492M19.3,SIGLEC8,EIF4EBP1,JAK1,TREM2,CCL5,MC2R,AC002519.8,CD6,PINK1,AC002519.8,TSHZ2,CTD-2526A2.6,CDX1,C2CD4D-AS1,CTC-246O10.3,RN7SL568P,CKS1BP2,AACS,ROS4,RP11-8J3.1,RP11-266L9.1,RP11-67C2.2,IL12B,NR3C2,IL6ST,MAPK3,BCLAF3,PCDHB15,SLC12A3,LTBP1,SLC22A16,NUP155
SDHD,LAG3,RN7SKP62,DCTN1,MAD1L1,KDM1A,ZNF276,C1orf112,MC2R,TGFB1,TNFRSF1B,H2BC2P,ABCB5,H2BC2P,AC141930.2,RN7SKP62,LAP3,RP11-342M1.3,CD107A,NFKB1,LILRB21,RP11-713K3.1,GCLC,DOK3,CNIH3,RP11-169L18.2,CYCS,RN7SKP62,MAP6,ATP5PD,MIR6859-2,TIRAP,NPM1P11,NPM1P11,CCR2,LINC01094,GAS5,RTP3,BANF2,IL1F10,GZMB,IL17D,POMC,IRF7,TNFRSF1A,XRN2,MIR6859-2,IFNL3,GS1-57L11.1,,FOS,RN7SKP62,,VPS9D1-AS1,CYP2F1,RP4-809F4.1,ATP5PDP3,RN7SKP62,CMIP,CD82,CD247,IKBKB,ATP5F1E,SDHB,MTND3P17,RN7SKP258,RP11-408P14.1,RP11-545H22.1,MIR6859-2,AMPK,JAK2,CX3CR1,RP11-120M18.5,PRDX6,RN7SKP62,JUN,DJ-1,RN7SKP62,FAM13A-AS1,AC074212.5,AC006033.22,C2CD5,RP11-1103M5.1,RN7SL566P,RP4-809F4.1,AACSP1,ROS5,RNU6-870P,RP11-1156I21.2,C6orf136,IL13,HSD11B1,STAT3,MAPK8,KIF18B,IGKV1OR2-2,LMCD1,CSDE1,ZMYND10,WDR11
COX4I1,HAVCR2,CTD-2616J11.9,MZB1,LASP1,RBM6,MIR6508,FGR,HSD11B1,TLR4,TNFRSF10A,HNRNPA1P16,SLC25A13,HNRNPA1P16,FAF2,CTD-2616J11.9,HS3ST1,FAM240C,PD-1,NFKB2,LILRB22,TUBB4A,NFYA,MIR7150,EXOC6,RP11-472K17.3,ATP5F1A,CTD-2616J11.9,RP5-837M10.4,ATP5PF,RP11-252M18.3,TLR4,LINC02361,LINC02361,CCR3,CTD-2537I9.3,GGTLC2,CMTM3,KBTBD3,IL1R1,PRF1,IL17F,AVP,TLR5,TLR2,SSR1P2,RP11-252M18.3,IFNL4,BMS1P23,,JUN,CTD-2616J11.9,,UBE2E2,HLA-DMA,RP11-30L15.6,ATP5PBP7,CTD-2616J11.9,RP11-61O11.1,PILRA,CD7,IKBKG,ATP5MC1,SLC6A8,RP5-1166H10.4,RP11-16B13.1,AP000648.6,RP11-675M1.2,RP11-252M18.3,PRKAA1,JAK3,ITGAM,POC5,C1QA,CTD-2616J11.9,LINC01359,IL1RN,CTD-2616J11.9,RP11-374I1.2,RNU2-34P,RP11-598G2.1,C2CD6,TBC1D16,RN7SL560P,RP11-30L15.6,AADAC,MT-ATP6,RNU6-96P,RP11-411B10.2,AL354821.1,IL18,HSD11B2,JAK1,MAPK14,LYZL2,RNU6-156P,CDH19,PDE4A,ABCB5,TNNI3
COX5A,TIGIT,RP13-487K5.1,BRSK2,SNX11,CAMKK1,RP11-434H14.1,CFH,HSD11B2,TNF,TNFRSF10B,IGBP1P1,ST7,IGBP1P1,KRTAP10-2,RP13-487K5.1,AOC1,RP11-6E9.5,IL2,RELA,LILRB23,PPP4R3B,STPG1,GSTP1,C6orf136,HPYR1,ATP5F1B,RP13-487K5.1,CTC-499B15.8,ATP5PO,RP11-1084J3.1,TLR7,RN7SKP256,RN7SKP256,CCR4,CTB-60N24.3,GLTPD2,GNMT,RP11-242F11.3,IL1R1-AS1,NKG7,IL17RA,TLR5,ISG15,TLR9,RP11-148B3.2,RP11-1084J3.1,TNFRSF1A,CNN3-DT,,BCL2A1,RP13-487K5.1,,MTND2P30,ZSWIM4,VPS37C,ATP11A,RP13-487K5.1,NTPCR,CDIP1,CD5,IRF1,ATP5MC2,SIRT1,LINC00381,MIR4795,RP11-47L11.1,TAAR2,RP11-1084J3.1,PRKAA2,TYK2,TYROBP,LINC00926,COX7A2,RP13-487K5.1,MAP3K5,IL18,RP13-487K5.1,TRPV1,FAM110B,STK38,CARMIL1,ATP1B2,RN7SL602P,VPS37C,AADACL2,MT-ATP8,LYPD6B,ENSG10010134105.1,GPC1,IL23R,SLC6A4,JAK2,JUN,TDRD3,EDIL3-DT,PDCD2,ROS1,SLC25A13,EPO
COX5B,CD274,LINC01582,ANP32E,TMEM176A,RECQL,RN7SL216P,FUCA2,NR3C2,TNFRSF1A,TNFRSF10C,IGKV1OR22-1,CDC27,IGKV1OR22-1,TSC1,LINC01582,WNT16,RIF1,IL21,RELB,LILRB24,PCDHA7,NIPAL3,SCAMP4,GRID2IP,MIR3155B,ATP5F1C,LINC01582,DUSP26,ATP5MF,IL17RD,TLR9,VWF,VWF,CCR5,RP11-347C12.10,GPX1,TRAV26-1,DMRTB1,IL1R2,GNLY,IL17RB,MUC2,OPA1,IRF7,CTA-984G1.5,IL17RD,TNFRSF1B,HNRNPCL3,,SOCS3,LINC01582,,RP11-57G10.8,BAIAP3,RP11-813I20.2,ATP6V1G3,LINC01582,SLC25A6P4,PDCD7,CD6,IRF3,ATP5MC3,CASP9,DSEL,CTC-550B14.10,ST8SIA6-AS1,FDPSP3,IL17RD,PRKAB1,SOCS1,C1QA,TRAJ11,CRHR1,LINC01582,FCRL3,IL18R1,LINC01582,RP3-470B24.5,RP11-202H2.1,LINC01603,CARMIL2,AC114730.2,RN7SL557P,RP11-813I20.2,AADACL2-AS1,MT-ND1,EEF1A1P15,LINC02600,LINC01003,TNFRSF1A,HTR1A,SOCS3,FOS,BASP1,RNU4-23P,SLC6A15,CAMKK1,ST7,MAP1S
COX6A1,CD80,DAP,MYEF2,M6PR,VPS50,RP11-2C24.4,GCLC,SGK1,TREM2,TNFRSF10D,IL17RD,SLC4A1,IL17RD,RP5-1193P9.4,DAP,HECW1,EEF1A1P32,IFNG,CREB1,LILRB25,ADAM7,ENPP4,RP11-66G15.1,COL23A1,PCDHGB4,ATP5F1D,DAP,CTD-2566J3.1,ATP5MG,RP13-1039J1.3,HLA-DRA,FAM151A,FAM151A,CCR6,MIR3185,GTSCR1,TK1,UPK3BL1,IL1RAP,KLRB1,IL17RC,FFAR3,HSPA1A,IFIH1,RP11-186F10.2,RP13-1039J1.3,TNFRSF4,RP11-573G6.8,,HIF1A,DAP,,RP4-604P14.2,DEFB130A,KRTAP4-4,ATP6AP1L,DAP,RP11-209D20.2,CD209,CD28,IRF5,ATP5PB,RELA,RIC1,RNVU1-8,LINC01218,CTD-2385L22.2,RP13-1039J1.3,PRKAB2,SOCS3,C1QB,AMZ2P2,TXN,DAP,SLC1A2,IL18BP,DAP,PTCH1,PMCH,CASP3P1,CARMIL3,RP11-159N11.4,RN7SL553P,KRTAP4-4,AADACL3,MT-ND2,CLIC6,RN7SKP86,AC009502.2,TNFRSF1B,HTR2A,MAPK1,ATF2,PSMG2,LINC02383,CD5L,USP2,CDC27,ILKAP
COX6B1,CD86,LGALS3,LINC02067,CYP26B1,HSPB6,MGAT2,PIGL,TLR5,TXN,TNFRSF11A,IL21,CALCR,IL21,RNU6-323P,LGALS3,MAD1L1,MS4A13,GZMB,CREB3,LILRB26,ANKRD44,SEMA3F,TSPAN2,DCAF5,FDPSP2,ATP5F1E,LGALS3,LINC00161,ATP5ME,PREX1,HLA-DRB1,RP11-365P13.6,RP11-365P13.6,CCR7,RP11-89C21.2,GZMA,CTSLP6,H2BC9,IL1RL1,KLRD1,IL17RD,IL17A,AIF1,OAS1,MIR644A,PREX1,TNFRSF8,GPATCH2,,NFE2L2,LGALS3,,LINC02266,ACSM3,RNU6-1215P,ACNATP,LGALS3,RNU7-200P,IL5RA,CD82,IRF7,ATP5PD,AIFM1,RP11-57A19.4,GRP,TPD52,ANAPC2,PREX1,PRKAG1,PIK3CA,C3,PCDHA3,PECAM1,LGALS3,CD7,NLRP3,LGALS3,RP11-575C20.3,SNHG19,LINC02250,CCDC102A,AC092132.1,RN7SL552P,RNU6-1215P,AADACL4,MT-ND3,RNU6-1079P,RNU6ATAC22P,FAM225B,TNFSF13B,HTR3A,MAPK3,ELK1,RP11-327J17.4,ANAPC11,CDHR2,SFSWAP,SLC4A1,MTO1
COX6C,ICOS,RP11-432M8.7,RPS6KA5,ICA1,ARHGAP33,CTD-2199O4.5,NDUFB3,IL17A,UQCRC1,TNFRSF11B,INHBB,DVL2,INHBB,RP11-92C4.3,RP11-432M8.7,LASP1,RN7SKP289,FOXP3,CREB5,LILRB27,ACSM6,CFTR,SUGT1P3,ANKRD39,RN7SL357P,ATP5MC1,RP11-432M8.7,RP11-442J21.2,ATP5H,RNU6ATAC22P,HLA-DQA1,RP11-68I3.10,RP11-68I3.10,CCR8,MIR3175,HCG9,RP11-483P21.2,AC000367.1,IL1RL2,KIR2DL3,IL17RE,RORC,TNF,IFIT3,CARMAL,RNU6ATAC22P,TNFRSF9,DEFB130D,,NRF1,RP11-432M8.7,,FOXD4L1,COX19,TRBVA,ATPAF2,RP11-432M8.7,PDE11A,CDV3,CD81,BCL2,ATP5PF,PTGS2,C17orf75,EPHB1,CTC-329H14.1,SNAI3,RNU6ATAC22P,PRKAG2,PIK3CB,ADRB1,GTF3C4,CX3CR1,RP11-432M8.7,HNRNPA0,CASP1,RP11-432M8.7,ZDHHC24,CCDC191,RP11-151H2.3,CCDC102B,RP11-248F15.1,RN7SL549P,TRBVA,AADACP1,MT-ND4,LOC101929218,RNA5SP209,RP1-79C4.4,TNFSF14,HTR4,MAPK14,CREB1,RP11-259N19.1,DPEP1,SLC24A1,ATXN3,CALCR,DSCC1
COX7A2,ICOSLG,RP11-150O12.2,TAF5,DBNDD1,NDUFAB1,RP11-376O6.2,PSMB4,RORC,VEGFA,TNFRSF12A,IRGM,PRSS22,IRGM,RP11-389G6.3,RP11-150O12.2,SNX11,AC002472.8,GATA3,STAT1,LILRB28,RNU6-205P,ANKIB1,RP11-6E9.5,NMBR,RP4-792G4.3,ATP5MC2,RP11-150O12.2,EPN2-AS1,ATP5I,SNORA70E,HLA-DQB1,RP11-56P9.5,RP11-56P9.5,CCR9,MIR1914,HIVEP3,LA16c-306E5.2,LINC01206,IL1RN,KIR3DL1,IL17REL,AHR,GPX1,ISG15,HCG4P8,SNORA70E,TNFRSF10A,ATP6V1E1P2,,XBP1,RP11-150O12.2,,MTRNR2L7,KCNMB4,MIR1293,MTATP6P1,RP11-150O12.2,LINC02411,CD200,CD9,BAX,COX4I1,GCLC,ZBED3,RN7SL242P,SP7,IRAK1BP1,SNORA70E,PRKAG3,AKT1,ADRB2,CTD-2534I21.9,GPX4,RP11-150O12.2,RNF122,P2RX7,RP11-150O12.2,RP11-177F15.1,MIA3,RP11-138I1.4,CCDC103,C1QTNF4,RN7SL542P,MIR1293,AADAT,MT-ND4L,RP11-284F21.1,KLHDC8B,FAM234B,IFNA1,HTR7,NFATC1,SP1,KIAA0319,ADORA2A-AS1,HACD3,BCAS1,DVL2,PSMB6
COX7B,BTLA,TMEM30A-DT,ACSF3,ALS2,PDK4,RP11-752G15.4,MAP3K8,IL22,RP11-74K11.2,TNFRSF13B,IVNS1ABP,UPF1,IVNS1ABP,GHRL,TMEM30A-DT,TMEM176A,ENPP7P10,RORC,STAT2,LILRB29,C1orf167,CYP51A1,GADL1,EFCAB5,HSD3BP5,ATP5MC3,TMEM30A-DT,RP11-701P16.3,ATP5J,RP11-1156I21.2,HLA-A,C4BPAP2,C4BPAP2,CCR10,LINC01278,HNRNPA3P1,ENSG10010134471.1,LHX1,IL2,TRAC,IL18,DPM1,DPM1,MX1,RP11-211F2.1,RP11-1156I21.2,TNFRSF10B,USP22,,DDIT3,TMEM30A-DT,,ENSG10010134105.1,KIF25,OR1S2,ATP11AUN,TMEM30A-DT,RP11-484D4.3,CCDC80,CD63,FAS,COX5A,GSR,KB-7G2.9,SCARNA8,ENSG10010134679.1,RP4-775C13.1,RP11-1156I21.2,SIRT1,MTOR,EDN1,RP11-174O3.3,EDN1,TMEM30A-DT,EPSTI1,TNFRSF1A,TMEM30A-DT,GNGT1,ATP6V0E1P1,KLHL8,CCDC105,RP11-556K23.7,RN7SL536P,OR1S2,AAGAB,MT-ND5,RP11-348K2.1,RP11-763B22.11,STMN4,IFNB1,DRD2,RELA,MYC,UBXN11,IFIT1B,SLC12A1,ZNF800,PRSS22,ZNF473
COX8A,CD27,RP11-12A20.8,NEK6,CASP10,SLC22A16,CTC-591M7.1,CYP2B6,IL10,CTD-2582M21.1,TNFRSF13C,KB-1980E6.2,SKAP2,KB-1980E6.2,RP1-273P12.1,RP11-12A20.8,M6PR,SNORD114-17,TBX21,STAT3,LILRB30,FANCM,KRIT1,RNU6-588P,CCDC60,MIR4315-2,ATP5PB,RP11-12A20.8,RP11-467C18.1,ATP5L,CTD-2587M23.1,HLA-B,PHF3,PHF3,CXCR1,MIR4721,HNRNPUL1,TUBAP1,LLNLF-173C4.1,IL20,TRBC1,IL18BP,SCYL3,SCYL3,RSAD2,RP11-431N8.1,CTD-2587M23.1,TNFRSF10C,RP11-98D18.7,,ATF4,RP11-12A20.8,,RP11-170K4.2,INMT,TMEM237,NEUROG2,RP11-12A20.8,TOMM22,CDC45,CD53,FASLG,COX5B,NDUFA6,VN1R12P,TLL1,MIR4257,RPL21P99,CTD-2587M23.1,PGC1A,RPTOR,NOS3,PAK4,CCK,RP11-12A20.8,ANKRD22,TNFRSF1B,RP11-12A20.8,RNU6-362P,NPIPB8,RP11-629F19.1,CCDC106,PSME4,RN7SL535P,TMEM237,AAK1,MT-ND6,IGF2BP3,SH2D5,MEGF11,IFNAR1,DRD3,NFKB1,BCL2,SLC16A2,RP11-474M1.2,WSCD2,PIK3C2A,UPF1,UBA3
UQCRC1,CD70,IGHV3OR16-8,DNER,CFLAR,ZMYND10,ENO1P3,TPST1,IDO1,MIR3925,TNFRSF14,KCNG1,MCUB,KCNG1,FAM172A,IGHV3OR16-8,CYP26B1,RP11-459E5.1,PRF1,STAT4,LILRB31,ZNF541,RAD52,ATP2B2-IT2,GRM8,TRAJ14,ATP5PD,IGHV3OR16-8,VN1R4,ATP5K,RP11-810K23.7,HLA-C,RP11-144G6.12,RP11-144G6.12,CXCR2,RP11-1057J7.1,HSD17B8,AC004485.3,VEZT,IL20RA,TRBV6-5,IL18R1,C1orf112,C1orf112,BST2,CTD-2201E9.4,RP11-810K23.7,TNFRSF10D,RNU6ATAC12P,,AP000254.8,IGHV3OR16-8,,RP11-874G11.1,RP11-408H4.2,FTH1,NEUROD1,IGHV3OR16-8,TSPAN15,CDC6,CD37,CASP3,COX6A1,NDUFB4,MIR146B,TSNAXIP1,RNU6-473P,RP11-566K11.2,RP11-810K23.7,NRF1,RPS6KB1,VEGFA,EDDM13,SELE,IGHV3OR16-8,LINC02585,TLR4,IGHV3OR16-8,KIF1A,RPS13P4,DNM1P31,CCDC107,RP11-634I1.1,RN7SL531P,FTH1,AAMDC,MT-CO1,RP11-1032A9.1,ANKRD62,AC104069.1,IFNAR2,DRD4,IKBKB,BAX,GABRA2,DCAF6,SLC25A40,MPPED2,SKAP2,FAM135B
UQCRC2,CD137,RP11-299J5.1,MPZL2,TFPI,ABCB5,BDKRB1,HSD17B4,AHR,ENSG10010136670.1,TNFRSF17,KLHDC8B,HOXA11,KLHDC8B,BORCS7-ASMT,RP11-299J5.1,ICA1,RP11-290D2.6,GZMB,STAT5A,LILRB32,CSNK1G2,MYH16,BTAF1,MYO10,RNU6-946P,ATP5PF,RP11-299J5.1,RN7SL415P,ATP5O,NMNAT1P2,KLRD1,FRG2HP,FRG2HP,CXCR3,LINC01389,IFIH1,GLIS3,RP11-321N4.4,IL20RB,TRAV8-3,IL18RAP,FGR,FGR,DDX58,AC092839.4,NMNAT1P2,TNFRSF11A,VSTM2B,,ENSG10010138753.1,RP11-299J5.1,,SEC62,RPL19,RP1-300I2.2,ATP6V1G1P7,RP11-299J5.1,CNGA4,CDC23,CD36,CASP8,COX6B1,MFN2,TMEM202,CD177,AC073587.1,RP11-459D22.1,NMNAT1P2,TFAM,EIF4EBP1,ANGPT1,SUSD1,POMC,RP11-299J5.1,MS4A6E,TLR7,RP11-299J5.1,RP11-44P3.2,NSFP1,RP11-37C7.3,CCDC110,RPSAP72,RN7SL526P,RP1-300I2.2,AAMP,MT-CO2,LINC02081,VN1R13P,HTR5BP,IFNGR1,DRD5,IKBKG,CASP3,TMEM92,AC013652.1,SLC25A3,INPP5A,MCUB,HYOU1
UQCRB,CD137L,SPTSSB,MTA1,NDUFAF7,SLC25A13,RAD51B,HLA-DRA,STAT1,PRR20G,TNFRSF18,LAMA5,POLR2J,LAMA5,TMEM229B,SPTSSB,DBNDD1,PCOLCE,KLRK1,STAT5B,LILRB33,RP11-408A13.3,BAD,LINC02552,KCTD4,RP11-403N16.5,NDUFA1,SPTSSB,FZD10,ATP5Q,BRD9P1,KLRK1,AP000648.6,AP000648.6,CXCR4,RP11-73M7.6,IFT140,MS4A4E,RP11-492L8.2,IL20RB-AS1,TRGV9,IL19,CFH,CFH,IFI44,PANX1,BRD9P1,TNFRSF11B,RP11-303E16.5,,RN7SL316P,SPTSSB,,ENSG10010139745.1,DNAJC1,RP11-815J4.6,NEUROD2,SPTSSB,ZNF101,IL11,CD44,CASP9,COX6C,TOMM40,CTD-2290P7.1,MIR449B,GPR85,CRIP1,BRD9P1,UCP2,AMPK,SELE,CTD-2651B20.9,NOD2,SPTSSB,SLC9A3R1,TLR9,SPTSSB,GNAQ,RP11-489G11.6,ZNF556,CCDC112,RP11-396F22.1,RN7SL597P,RP11-815J4.6,AANAT,MT-CO3,LINC01495,RP11-250B2.5,LINC00893,IFNGR2,SLC6A3,CREB1,CASP8,ZNF33B,NAA38P2,SLC46A1,PRSS22,HOXA11,GXYLT1
UQCRQ,OX40,OR4A42P,MYADM,RBM5,ST7,STARD5,ANXA5,STAT3,MPO,TNFRSF19,LINC00489,DHX33,LINC00489,RP11-1267H10.4,OR4A42P,ALS2,RP5-1077I2.3,NKG7,STAT6,LILRB34,MAML3,LAP3,LINC02617,ANKRD30BL,RP11-566J3.2,NDUFA2,OR4A42P,SLC46A3,ATP5R,TPSAB1,NCR1,SMIM8,SMIM8,CXCR5,MIR3197,IGLL1,ZNF722P,RP11-173A16.1,IL21,TRDV2,IL1A,FUCA2,FUCA2,IFI44L,MIX23P3,TPSAB1,TNFRSF12A,CLCC1,,KLF7,OR4A42P,,CTD-2587H24.1,HCG26,RP11-1082I11.2,UQCRHP4,OR4A42P,RP11-887P2.3,CDC5L,CD47,CYCS,COX7A2,SLC25A6,RP11-315L6.1,POU5F1P7,RP11-798G7.8,AGL,TPSAB1,UCP3,PRKAA1,VCAM1,HLA-F-AS1,NR3C2,OR4A42P,LINC00402,MYD88,OR4A42P,RPL19,LINC02827,MIR194-1,CCDC113,TMEM150C,RN7SL607P,RP11-1082I11.2,AAR2,MT-CYB,RP11-217E10.2,KCNG1,ZNF813,STAT1,MAOA,FOS,CASP9,AC006116.8,MTCYBP34,IL4R,WNK1,POLR2J,ZNF827
UQCRFS1,OX40L,IGHV3OR16-15,ZFP2,MTMR7,CDC27,ST7-AS1,CHMP2A,IRF7,RP11-160E2.6,TNFRSF19L,LINC00967,MEOX1,LINC00967,RNU4-41P,IGHV3OR16-15,CASP10,ECD,CD8A,JAK1,LILRB35,DHFRP1,HS3ST1,OR9N1P,FAM120C,RN7SL222P,NDUFA3,IGHV3OR16-15,RP11-272D20.2,ATP5S,RP5-1173I20.1,GZMA,CDA,CDA,CXCR6,RP11-392O17.1,IL18R1,MIR556,SH2B2,IL21-AS1,TRDC,IL1B,GCLC,GCLC,CXCL11,MTND2P20,RP5-1173I20.1,TNFRSF13B,AC007750.5,,TLK2,IGHV3OR16-15,,MYB,TSTD2,SPX,ATP6V1E1P1,IGHV3OR16-15,H2AZ1-DT,IL12RB1,CD55,ATP5F1A,COX7B,ATG5,MIR4458HG,RP11-318K15.2,ANKRD66,LINC01785,RP5-1173I20.1,NDUFS1,PRKAA2,ICAM1,RP11-56O18.2,GCG,IGHV3OR16-15,ATP6V0E2,TRAF6,IGHV3OR16-15,CCT2,RP11-268P4.5,SNORD57,CCDC115,AL353591.1,RN7SL718P,SPX,AARD,MT-RNR1,RP11-387H17.1,RP11-54F2.1,LINC01279,STAT3,COMT,JUN,CYCS,FANCC,RP11-13A1.1,CDH17,PARP3,DHX33,NADK2
SOD1,GITR,SOX14,RHOF,SLC7A2,SLC4A1,IGLJ3,TOMM22,IRF1,CTXN1,TNFRSF21,LINC02266,THSD7A,LINC02266,RP1-150O5.4,SOX14,CFLAR,CTD-2132H18.5,CD4,JAK2,LILRB36,ADRB1,AOC1,KCND3-AS1,PRR5L,CTC-379B2.4,NDUFA4,SOX14,FCGBP,ATP5T,MYB,GZMB,NXPH4,NXPH4,CXCR7,MIR4435-1,IL2RB,C9orf78,CKS1BP7,IL21R,TRGC1,IL1F10,NFYA,NFYA,IRF9,CTC-366B18.2,MYB,TNFRSF13C,PSMC1P12,,FBXW11,SOX14,,CTD-2161E19.1,RPL6,POP5,ATP1B3,SOX14,RP11-1143G9.4,CDC7,CD59,ATP5F1B,COX8A,CAT,ENSG00000280773,RN7SL435P,RP11-264B17.1,RFC3P1,MYB,NDUFS2,PRKAB1,CLDN5,CH507-513H4.9,CAT,SOX14,SPOCK2,IRAK1,SOX14,KLF15,LRRC34P1,IGHVIII-25-1,CCDC116,RP11-91H4.2,RN7SL654P,POP5,AARS1,MT-RNR2,RNU6-192P,GIMAP2,RP11-157N3.1,JAK1,TDO2,HSPA1A,DIABLO,THRAP3,C20orf202,SLC1A3,NGFR,MEOX1,OBSCN
SOD2,GITRL,SNORD49B,DDX19B,ARF5,CALCR,RP11-580J4.1,PDCD4,RELA,CTD-2583A14.8,TNFRSF25,LINC02389,LIG3,LINC02389,MPHOSPH8,SNORD49B,TFPI,MIR1202,CD28,JAK3,LILRB37,RP11-497H16.10,WNT16,RNU6-1289P,AGAP1,CTA-503F6.2,NDUFA5,SNORD49B,SWSAP1,ATP5U,ANKRD7,PRF1,LINC01257,LINC01257,TNFRSF1A,LINC00355,IRF7,CCL26,RNA5SP325,IL21R-AS1,IFNG,IL1R1,STPG1,STPG1,BCL2,IGKV2-38,ANKRD7,TNFRSF14,RP11-403F21.4,,ULK4P2,SNORD49B,,CTD-2621I17.8,FAM181A-AS1,LINC01342,ATP5MC1P4,SNORD49B,PAPOLA,SCD,CD46,ATP5F1C,MT-ND1,HMOX1,RP11-15E1.6,OSR2,CCDC68,RNU6-148P,ANKRD7,NDUFS3,PRKAB2,GATA3,RNU6-790P,IL2RA,SNORD49B,HLA-B,IRAK4,SNORD49B,RANBP17,RP11-252C24.2,HSD17B7P1,CCDC117,SH2D1B,RN7SL715P,LINC01342,AARS1P1,MT-TS1,S100A6,VPS25,SUGT1,JAK2,IDO1,HSP90AA1,XIAP,MAFG,RNU6-888P,CDC14A,BCLAF1,THSD7A,SLC13A3
CAT,SLAMF1,TOPORSLP,PDCD6IP,SARM1,DVL2,ATRIP,YWHAE,NFKB1,TRAF5,TNFRSF4,LINC02576,RPAP3,LINC02576,DIAPH1-AS1,TOPORSLP,NDUFAF7,RP11-112J3.5,CTLA4,TYK2,LILRB38,LINC02110,HECW1,CTD-2552B11.3,KLHDC8A,LINC02033,NDUFA6,TOPORSLP,BCS1L,ATP5V,MIR5008,GNLY,HOXD12,HOXD12,TNFRSF1B,LINC00987,IRGM,CTD-2083E4.4,C8orf44,IL22,IL10,IL1R1-AS1,NIPAL3,NIPAL3,BAX,IL21,MIR5008,TNFRSF17,RP11-5N11.5,,MEMO1P2,TOPORSLP,,AC124789.1,NKAIN3,CTB-161M19.4,ATP5PB,TOPORSLP,CTD-2260A17.1,CDC34,CD35,ATP5F1D,MT-ND2,IL18,AC010518.3,HCP5,RP5-998N21.4,RP11-197K6.1,MIR5008,NDUFS4,PRKAG1,TBX21,CLUHP8,VWF,TOPORSLP,PADI4,NFKB1,TOPORSLP,AK3,FTH1P6,AP000435.3,CCDC11P1,ACTL9,RN7SL714P,CTB-161M19.4,AARS2,MT-TL1,RP11-188D8.1,RP11-57G10.8,RP11-157P1.5,TYK2,IDO2,DNAJB1,BIRC2,ZNF701,RP11-455F5.1,CARMIL1,MAN2B2,LIG3,CLDN19
GPX1,SLAMF6,EEF1A1P33,6-Sep,POLDIP2,PRSS22,NGB,TRIM25,JUN,FLJ38576,TNFRSF6,LINC02600,ACSM3,LINC02600,OR51T1,EEF1A1P33,RBM5,RP11-322N14.2,PDCD1,SOCS1,LILRB39,FLJ32702,MAD1L1,RP11-471M2.3,TUBA8,DEFB124,NDUFA7,EEF1A1P33,TAOK3,ATP5W,FOXD4L1,KIR2DL1,CRTAM,CRTAM,TNFRSF4,MIR7843,ISCU,GHRL,LHFPL3,IL22RA1,IL6,IL1R2,ENPP4,ENPP4,CASP3,CCT8P1,FOXD4L1,TNFRSF18,RP11-856M7.8,,RNF175,EEF1A1P33,,RP11-250B2.5,CCDC30,CTD-2140B24.4,ATP5MFP5,EEF1A1P33,PPIC,CDHR5,CD21,ATP5F1E,MT-ND3,CYBB,PHGDH,RP11-154D9.1,RP11-317N8.2,TAF2,FOXD4L1,NDUFS5,PRKAG2,RORC,RP11-120E1.6,CD68,EEF1A1P33,MT-CO2,RELA,EEF1A1P33,ZNF750,HCK,NUDT16,CCDC12,RBP5,RN7SL713P,CTD-2140B24.4,AARSD1,MT-TL2,RNU6-572P,KB-1980E6.2,AC084073.1,SOCS1,KMO,HSPB1,BIRC3,AC112717.2,RP11-203J24.3,SLC35C2,FAM120A,RPAP3,PHOX2A
GPX3,CD48,LYPLA2,APC2,PLXND1,UPF1,LINC01783,NUDT21,FOS,AC099799.1,TNFRSF8,LINC02802,REXO5,LINC02802,AC073257.1,LYPLA2,MTMR7,LINC00968,LAG3,SOCS2,LILRB40,RP11-473L15.3,LASP1,RP11-28A22.2,TRIM73,RP11-34H11.6,NDUFA8,LYPLA2,RNU2-49P,ATP5X,CTD-2335A18.2,KIR2DL2,INKA2,INKA2,TNFRSF8,MIR4697,JAKMIP3,CEACAM21,DUXAP5,IL22RA2,TNF,IL1RAP,SEMA3F,SEMA3F,CASP8,RP11-288G3.4,CTD-2335A18.2,TNFRSF19,LINC01111,,ENSG00000281420,LYPLA2,,RP11-322E11.2,AC005064.4,RP11-173M1.3,ATP6V0E2,LYPLA2,ZNF160,PPIL2,CD23,ND1,MT-ND4,LTA,RNA5SP169,RP11-2C24.7,RP11-480I12.6,RP11-420K14.8,CTD-2335A18.2,NDUFS6,PRKAG3,STAT5A,NDUFA4L2,IL7R,LYPLA2,WARS,NFKBIA,LYPLA2,PPAN,PTRHD1,TERT,CCDC121,RP11-80N18.1,RN7SL711P,RP11-173M1.3,AASDH,MT-TV,LINC01419,VPS9D1-AS1,SNORD54,SOCS3,KYNU,CRP,BIRC5,FAM76A,AC007899.2,SLC4A4,RIPOR1,ACSM3,CACNB2
PRDX1,CD244,RP5-864K19.7,TTLL11,AK2,SKAP2,ZNF622,GNG5,CREB1,RNU1-34P,TNFRSF9,LIPT1P1,CIAPIN1,LIPT1P1,RP11-13N13.6,RP5-864K19.7,SLC7A2,RP11-444D3.1,HAVCR2,SOCS3,LILRB41,TTC26,SNX11,RAC1P8,KRT8P12,RP11-732A19.6,NDUFA9,RP5-864K19.7,SEC22B2P,ATP5Y,RNU6-317P,KIR3DL1,ARL6IP4,ARL6IP4,TNFRSF9,MIR3622B,JDP2,OIT3,LINC02461,IL23A,CXCL9,IL1RL1,CFTR,CFTR,CASP9,LINC01423,RNU6-317P,TNFRSF21,LINC02753,,XXbac-BPG300A18.14,RP5-864K19.7,,REG1A,RP11-166P13.2,IGKV2-24,ATP6V1G2,RP5-864K19.7,LINC00992,CCDC134,CD35,ND2,MT-ND4L,ATP6V1G1,AC004899.3,STRADB,RAB30-AS1,ARHGEF39,RNU6-317P,NDUFS7,SIRT1,IL17A,RP11-738B7.1,IRF1,RP5-864K19.7,FGL2,IKBKB,RP5-864K19.7,RPS10P3,RNA5SP57,AC000085.4,CCDC122,RP11-536I6.2,RN7SL706P,IGKV2-24,AASDHPPT,MT-TH,ST6GALNAC4,GOLGA8CP,MEF2BNB,NFKB1,HAAO,SERPINE1,MCL1,CHCHD5,NDUFB10,CXCL2,NIPAL3,REXO5,SLC20A2
PRDX2,KLRK1,ANO9,LINC02568,CD38,MCUB,LINC02043,ACAT1,MAPK14,RP11-118A1.2,NFKB1,LRRC14,SPPL2B,LRRC14,AC002057.2,ANO9,ARF5,GTPBP4,ENTPD1,SOCS4,LILRB42,KCNJ10,TMEM176A,RN7SL607P,TRAPPC6A,IGSF21-AS1,NDUFA10,ANO9,CBX5,ATP5Z,PSG8,KIR3DL2,SSR1,SSR1,TNFRSF10A,MIR4290,JUN,SNORD115-33,RN7SKP103,IL23R,CCL2,IL1RL2,ANKIB1,ANKIB1,CYCS,RP11-667F9.2,PSG8,TNFRSF25,RP13-20L14.1,,TVP23BP1,ANO9,,IGKV1OR22-1,RP11-59F19.2,AGPAT5,ATP5PO,ANO9,ZDHHC23,IL2RB,CD11A,ND3,MT-ND5,RAB27A,CTA-396D5.2,PTGR1,MIR3653,NEO1,PSG8,NDUFS8,PPARGC1A,IL21,AC022400.5,NDUFS1,ANO9,NCOA7,MAPK1,ANO9,RP11-503A6.1,RP11-540O11.7,CYP2T3P,CCDC124,RP11-230A9.2,RN7SL704P,AGPAT5,AASS,MT-TG,LINC01001,SUMO3,LINC01133,RELA,GCDH,ORM1,P53,TADA2A,RP11-116D17.3,CDH7,NFIX,CIAPIN1,KRT74
PRDX3,KLRD1,MYL12B,ZNF165,FKBP4,HOXA11,RP11-263K4.5,REXO2,EIF2AK4,RP11-355F16.1,NFKB2,LTBP4,FAM214B,LTBP4,CTD-3193O13.8,MYL12B,SARM1,RP11-259O2.2,CD38,SOCS5,LILRB43,RP11-122A3.2,M6PR,RP4-613B23.5,TENM4,S100A8,NDUFA11,MYL12B,C1orf21-DT,ATP6V0A1,KLHDC8B,ATP5F1A,MARK2P14,MARK2P14,TNFRSF10B,RP11-115D19.1,KATNAL2,MFSD9,CTD-2215E18.3,IL24,CXCL10,IL1RN,CYP51A1,CYP51A1,FAS,LRRC73,KLHDC8B,TNFRSF27,MIR526B,,CTB-180C19.1,MYL12B,,RP11-15A1.4,ANKRD13B,AP002856.5,ATP6V0E1P2,MYL12B,SPESP1,CDKL1,CD11B,ND4,MT-ND6,TPI1,CTD-2014D20.1,ZNF676,ZBTB48,RP11-439K3.1,KLHDC8B,SDHA,NRF1,IL22,CYP4F3,TLR9,MYL12B,PLXNB2,MAPK3,MYL12B,PRSS33,AC006445.11,RNA5SP444,CCDC125,KLHL36,RN7SL678P,AP002856.5,AATBC,MT-TQ,KCTD12,HNRNPA1P16,CHST9,IKBKB,QPRT,SAA1,MDM2,RHBDD1,LINC02285,CDC14B,TMCC3,SPPL2B,ADGRF3
PRDX4,KIR2DL1,CYP1A1,TRAFD1,KDM1A,POLR2J,VARS1,ARPC4,HSPA1A,DYNLL2-DT,RELA,LTV1,COPZ2,LTV1,CARD9,CYP1A1,POLDIP2,SMIM5,CD39,SOCS6,LILRB44,OR5B12,CYP26B1,RP4-739H11.3,STRN,RP11-810D13.1,NDUFA12,CYP1A1,MXRA7P1,ATP6V0A2,DTX1,ATP5F1B,RCAN2,RCAN2,TNFRSF11A,MIR3164,KCTD21,RP11-107N15.1,RP11-331F4.4,IL25,CCL4,IL2,KRIT1,KRIT1,FADD,CTD-3116E22.7,DTX1,TNFRSF29,CBLC,,CPHL1P,CYP1A1,,ZNF34,RP11-455M23.1,CTD-2540B15.10,MTATP6P3,CYP1A1,RP11-867G23.8,CDKN3,CD11C,ND4L,MT-CO1,B2M,MIR1322,RP11-255I10.1,LINC00886,RP5-919F19.5,DTX1,SDHB,TFAM,IL23A,RP11-320F16.2,CCR7,CYP1A1,CD247,MAPK8,CYP1A1,MT1E,PINK1,DIAPH3-AS2,CCDC126,SNORA31,RN7SL666P,CTD-2540B15.10,AATF,MT-TM,RNU6-1168P,SNORD18,STX7,IKBKG,ACMSD,ALB,CDKN1A,TBC1D30,KCNJ6,SLC13A1,PLEKHA5,MRPS14,SWSAP1
PRDX5,KIR2DL2,MKRN8P,UBTD1,RBM6,DHX33,EIF1P2,NDUFA13,HSPA6,RP11-413E1.2,RELB,LZIC,PRKAR2B,LZIC,DKKL1,MKRN8P,PLXND1,PLPP7,TIM3,SOCS7,LILRB45,IL22,ICA1,MAPK11,HECW2,SNHG27,NDUFA13,MKRN8P,RP11-144C15.2,ATP6V0A3,RP11-216N21.1,ATP5F1C,RP13-262C2.3,RP13-262C2.3,TNFRSF11B,RP11-51L8.3,KDM2B,EPHA1,SNRPCP13,IL26,IRF1,IL20,RAD52,RAD52,TRADD,ENSG10010136316.1,RP11-216N21.1,TNFRSF6B,RP11-465K16.1,,CTD-2007H13.1,MKRN8P,,RNA5SP443,TBC1D2B,LINC02572,ATP5PBP5,MKRN8P,NUDT19,CCDC198,CD18,ND5,MT-CO2,COX4I1,RP11-680F8.4,RP11-872D17.4,RP11-420K9.5,PPIAP83,RP11-216N21.1,SDHC,UCP2,SOCS3,ZNF804B,TAC1,MKRN8P,STK39,MAPK14,MKRN8P,RP11-3P17.3,CTD-2201G3.1,MIR6820,CCDC127,ZNF573,RN7SL660P,LINC02572,AATK,MT-TP,RNU6-822P,RAB39A,ZNF347,CHUK,AFMID,TTR,CCND1,SLC6A12,U91328.8,PCDHB4,TACC3,CLPB,C20orf197
PRDX6,KIR2DL3,RP11-567M16.2,C1orf174,CAMKK1,MEOX1,LINC00221,TTC9C,DNAJB1,CTC-539A10.7,CREB1,MANEALP1,CREBBP,MANEALP1,RP11-197K6.1,RP11-567M16.2,AK2,ANKRD50,HLA-DR,PIK3CA,LILRB46,RP11-14M21.3,DBNDD1,RP11-346C4.3,GPR137B,LARP7P1,NDUFB1,RP11-567M16.2,ZNF649,ATP6V0A4,ARRDC1-AS1,ATP5F1D,PPIAP19,PPIAP19,TNFRSF13B,LINC01688,KIF1B,VN1R37P,RP11-391D19.1,IL27,IRF7,IL20RA,MYH16,MYH16,DAPK1,HLA-N,ARRDC1-AS1,TNFRSF9,FAM83D,,RNU6-1153P,RP11-567M16.2,,RNA5SP374,RP11-89H11.1,AGGF1P3,ATP5F1AP2,RP11-567M16.2,VPS37D,CD40,CD29,ND6,MT-CO3,S100A8,SWT1,XXcos-LUCA11.5,ENSG00000272170,CTC-518B2.10,ARRDC1-AS1,SDHD,UCP3,JAK1,HIST2H2AB,FLT1,RP11-567M16.2,GZMK,CREB1,RP11-567M16.2,FZD7,SNORA41B,SPEG,CCDC12P1,GABARAP,RN7SL652P,AGGF1P3,AB015752.3,MT-TF,RNU6-488P,C22orf31,RP11-730K11.1,MAPK1,NFKB1,APOA1,CDK4,CNPPD1,MTND1P23,PCDHA6,WIZ,NEU3,OR10AB1P
NOS2,KIR2DL4,LINC01723,R3HCC1,RECQL,THSD7A,RP11-332H18.5,TUBB2A,XAF1,RNU6-489P,CREB3,MAPK1IP1L,TSPOAP1,MAPK1IP1L,PCDHGC4,LINC01723,CD38,MMP27,NKG2A,PIK3CB,LILRB47,RPL19P8,ALS2,ZNRF4,LRRC37A4P,RP11-35L17.3,NDUFB2,LINC01723,AP2B1,ATP6V0B,ELFN1-AS1,ATP5F1E,PIK3CG,PIK3CG,TNFRSF13C,RP11-356M1.2,KRT13,ZDHHC20P4,LINC00881,IL27RA,IRF8,IL20RB,BAD,BAD,DIABLO,MIR4454,ELFN1-AS1,TNFRSF10A,RP11-44I10.5,,KRT40,LINC01723,,LINC02802,ARMC3,NRP1,MTATP6P10,LINC01723,C2orf15,NELFCD,CD49D,COX1,MT-CYB,S100A9,PHC3,CEACAM21,RPL7P9,WNK4,ELFN1-AS1,COX4I1,NDUFA1,ALDH2,AC007131.4,AVPR1A,LINC01723,PTGER3,FOS,LINC01723,GUSBP10,NPM1P32,AC004076.7,CCDC13,PASK,RN7SL608P,NRP1,AB019438.66,MT-TK,RP11-638I2.2,CTC-459F4.6,RP11-297N6.1,MAPK3,RELA,APOC3,CDK6,WDR55,RP11-91K3.1,PCDHGA2,JADE2,LYN,MRGPRX4
NOS3,KIR2DS1,PIBF1,RNF224,VPS50,LIG3,RPS29P27,GNB2L1,IFI27,NBPF6,CREB5,MED28P5,MPO,MED28P5,RNU4-68P,PIBF1,FKBP4,GPR25,CD107A,PIK3CD,LILRB48,ADAM28,CASP10,FOXD4L3,VPS8,OR2E1P,NDUFB3,PIBF1,RP11-357N13.1,ATP6V0C,RP11-266L9.1,MT-ND1,RP11-402D23.1,RP11-402D23.1,TNFRSF14,MIR3147,KRT27,EPOP,GPR61,IL2RA,TBX21,IL20RB-AS1,LAP3,LAP3,SLC25A4,RP11-4D11.1,RP11-266L9.1,TNFRSF10B,RP11-316A16.1,,ZNF85,PIBF1,,VPS25,RP11-510D13.3,MIR3670-4,ATP6V0C,PIBF1,C20orf85,CDC25B,CD49E,COX2,SOD1,AHR,RNU7-129P,ZNF446,FLJ32810,PAEPP1,RP11-266L9.1,COX5A,NDUFB3,ACADM,PPP1R14C,TSPO,PIBF1,ALOX5,JUN,PIBF1,FAM90A24P,MIR3187,AC009120.3,CCDC13-AS1,RP11-458F8.2,RN7SL636P,MIR3670-4,AB019440.50,MT-TR,TMEM258,LAMA5,SCAMP3,MAPK8,NFKBIA,FGA,RB1,LINC01107,CYP4Z2P,IL12RB2,PRKAR2B,KIF3C,OR10A7
CYBA,KIR2DS2,RAP2B,HIST2H2AC,HSPB6,RPAP3,MIR30A,RPLP1,ISG15,RN7SKP172,STAT1,MIR153-2,PON1,MIR153-2,DEPDC7,RAP2B,KDM1A,RP11-51L7.3,PD-1,PIK3CG,LILRB49,RP11-122A3.1,CFLAR,ZNF295-AS1,TUBB8,INO80D,NDUFB4,RAP2B,RNU7-124P,ATP6V0D1,RP11-157D6.2,MT-ND2,CTD-3065B20.4,CTD-3065B20.4,TNFRSF17,RP11-78P8.2,L3MBTL2,GASK1B,ETF1,IL2RB,STAT3,IL21,HS3ST1,HS3ST1,PPARGC1A,MTCO1P25,RP11-157D6.2,TNFRSF10C,RP11-158I23.1,,RN7SL582P,RAP2B,,RP11-497D6.5,CCDC86,BCL2L1,MTATP6P2,RAP2B,GLMP,CDS2,CD49F,COX3,SOD2,IL15,RN7SL691P,FCRL1,FAM131B,COG2,RP11-157D6.2,COX5B,NDUFS1,CPT1A,CTD-2354A7.3,IL22,RAP2B,EIF2AK4,ELK1,RAP2B,IL27,SAP30,RN7SKP291,CCDC130,TXNDC11,RN7SL632P,BCL2L1,AB019441.29,MT-TW,FOSL1,RP11-322E11.2,SLC26A2,MAPK14,IKBKB,FGB,E2F1,FAM170B,RP11-33B1.1,SMARCD3,BTBD1,RGS5,HOXC10
CYBB,KIR2DS3,ENSG10010139291.1,TSNAX,ARHGAP33,ACSM3,RP11-139H15.6,HMGB1,MX1,AC114273.3,STAT2,MIR4457,GCFC2,MIR4457,RP11-2N5.4,ENSG10010139291.1,RBM6,RP11-16C24.1,IL2,AKT1,LILRB50,RP11-408A13.4,TFPI,CTD-3148I10.15,DNAH5,MAP3K5,NDUFB5,ENSG10010139291.1,FILIP1L,ATP6V0D2,AC016772.4,MT-ND3,LINC02076,LINC02076,TNFRSF18,RP11-547C13.1,LAMB2,NOL12,CTB-118P15.3,IL3,STAT5B,IL21-AS1,AOC1,AOC1,ACADM,ACTN1,AC016772.4,TNFRSF10D,RP11-212D19.4,,RP11-112N19.1,ENSG10010139291.1,,RPS28P4,NLGN1,ACAD9,ATP5MGP1,ENSG10010139291.1,PANK3,CDK5RAP1,CD51,CYTB,GPX1,XBP1,PACRG,PPP1R36,LINC00969,FH,AC016772.4,COX6A1,NDUFV1,SLC25A4,RP11-302P13.15,GSR,ENSG10010139291.1,PTPRCAP,ATF2,ENSG10010139291.1,CHMP1A,GFER,AL050303.10,CCDC134,PRR12,RN7SL625P,ACAD9,ABALON,MT-TN,RP11-424M20.2,RNU2-4P,RP11-479I13.4,CREB1,IKBKG,FGG,E2F2,NUP205,BAX,SLC27A5,AP2B1,GATA3,GPR3
NFE2L2,KIR2DS4,RP11-33M22.4,ZBTB41,NDUFAB1,REXO5,RP11-113E21.2,PGAM1,OAS1,RP11-477G18.2,STAT3,MIR5008,WDR54,MIR5008,IGHD4OR15-4A,RP11-33M22.4,CAMKK1,IGSF6,IL21,AKT2,LILRB51,MTRNR2L12,NDUFAF7,RP11-732A19.9,EPHA10,AC009969.1,NDUFB6,RP11-33M22.4,USB1,ATP6V0E1,BDH2,MT-ND4,RAB24,RAB24,TNFRSF19,RP11-225I10.2,LARP1,CTB-51E13.2,RP11-67L3.7,IL31,FOXP3,IL21R,WNT16,WNT16,CPT1A,RP11-612B6.6,BDH2,TNFRSF11A,CCNJL,,FAT3,RP11-33M22.4,,RP11-266L9.1,CCDC124,LINC01906,ATP6V0D1,RP11-33M22.4,CCDC188,CDH20,CD61,SDHA,GPX3,EIF2AK3,RP11-674E16.5,ZNF721,RP11-746M7.2,MARS1,BDH2,COX6B1,SDHA,LDHA,TTC39B,DPM1,RP11-33M22.4,LINC01882,SP1,RP11-33M22.4,RNU6-1033P,OR6Q1,RP4-535B20.4,CCDC136,RP11-110K19.1,RN7SL624P,LINC01906,ABAT,MT-TY,AC105207.2,NMNAT1P2,ZSCAN26,FOS,CHUK,VWF,E2F3,NAA25,NDUFS3,SLCO1A2,SLC4A8,EIF4EBP1,KRTAP10-8
KEAP1,KIR2DS5,RP4-555L14.4,CDHR5,PDK4,CIAPIN1,RP11-174O3.6,PDCD6,IFI44L,RP11-303E16.8,STAT4,MIR6859-2,CROT,MIR6859-2,C16orf91,RP4-555L14.4,RECQL,RP11-13A1.6,IFNG,AKT3,LILRB52,MUC16,RBM5,AC009487.4,MRC2,MZF1-AS1,NDUFB7,RP4-555L14.4,CTD-2571L23.8,ATP6V0E2,IGBP1P1,MT-ND4L,LGALS12,LGALS12,TNFRSF21,RP11-125N22.1,LDOC1,SELENON,RP11-118N24.2,IL31RA,RORA,IL21R-AS1,HSPB8,HECW1,CPT2,LUADT1,IGBP1P1,TNFRSF11B,MPZL2,,RP11-65L3.2,RP4-555L14.4,,RP11-54O7.11,ZNF276,RP11-355F16.1,ATP5MC2P1,RP4-555L14.4,ANKRD16,TNFSF13B,CD62L,SDHB,CAT,IREB2,RP11-155L15.1,AC092601.1,NME7,GAPDHP51,IGBP1P1,COX6C,SDHB,LDHB,RP11-259K5.2,SCYL3,RP4-555L14.4,P2RX4,VEGFA,RP4-555L14.4,CHRNA9,KIAA0586,MTND5P18,CCDC137,RP11-32K4.1,RN7SL620P,RP11-355F16.1,ABBA01000934.1,MT-TI,RNU6-1026P,RP11-438H24.3,DUSP4,JUN,IKBKE,SELE,E2F4,PHF13,RP11-347H15.3,CD59,TP53BP1,MANF,AC107218.3
IL1RN,KIR3DL1,LINC00484,FAM110A,SLC22A16,SPPL2B,CCDC28A,WARS,RSAD2,AC024084.1,STAT5A,MTCO1P14,ABCB4,MTCO1P14,LINC00434,LINC00484,VPS50,RBMS1,GZMB,MTOR,LILRB53,CTNNA1,MTMR7,ANKRD36BP1,SLC26A10,MEFV,NDUFB8,LINC00484,RFTN2,ATP6V1A,RP11-54O7.11,MT-ND5,ARF4P3,ARF4P3,TNFRSF25,MIR3945,LIMCH1,SLC19A1,RP11-329N15.3,IL32,RORC,IL22,NR2E3,MAD1L1,ACO2,NTM-AS1,RP11-54O7.11,TNFRSF12A,PSMG3,,LIF-AS2,LINC00484,,RP4-640E24.1,RP11-730K11.1,DHRS7C,ATP6V1C2,LINC00484,RAB36,CDADC1,CD62P,UQCRC1,PRDX1,MCL1,CNIH3,CICP6,RP11-259M2.1,ARHGEF25,RP11-54O7.11,ATP5F1A,UQCRC1,HK2,KRT73-AS1,C1orf112,LINC00484,LYPD1,VEGFB,LINC00484,XKR7,RP11-134E15.1,RN7SL150P,CCDC137P,PTPRCAP,RN7SL619P,DHRS7C,ABBA01045074.1,MT-TL,PIP5K1C,CTD-2621I17.8,RP11-372F6.1,ATF2,TBK1,SELL,E2F5,ENPP4,AC090948.1,CD82,ADAM28,AIFM1,CALM1
IL18,KIR3DL2,TMEM120B,SH3PXD2A,ZMYND10,FAM214B,CTD-3247H4.3,RPS2,IFI6,TMEM267,STAT5B,MTND2P30,KMT2E,MTND2P30,RP11-114G22.1,TMEM120B,HSPB6,RP11-274B21.9,FOXP3,RPTOR,LILRB54,CYP4Z2P,SLC7A2,RP4-586J11.1,L3MBTL4,NR1D1,NDUFB9,TMEM120B,LINC01878,ATP6V1B1,PARD6G,MT-ND6,LINC01060,LINC01060,TNFRSF27,MIR4720,LOC100130268,RP11-551M15.6,MIR1255B1,IL33,IL17A,IL22RA1,AKAP1,LASP1,CS,CTA-481E9.4,PARD6G,TNFRSF13B,MIA3,,RP11-325D15.2,TMEM120B,,AC079776.6,RPL31,MIR106B,ATP13A3,TMEM120B,PRKAR2A,ACD,CD62E,UQCRC2,PRDX2,CD274,HMGB3P18,DNM1P5,RNU6-1176P,GOT2,PARD6G,ATP5F1B,UQCRC2,PFKM,TMEM104,FGR,TMEM120B,CAMK2A,VEGFC,TMEM120B,RP11-507K16.3,CNDP1,RP11-547C5.1,CCDC138,RP11-101C11.1,RN7SL616P,MIR106B,ABBA01045074.2,MT-TT,LOC105377683,ABCG5,GABARAPL2,ELK1,IRAK1,ICAM1,E2F6,PIK3R1,BCL2,SLC25A24,SPPL2B,UBB,RNU6-766P
IL18R1,KIR3DL3,RP11-16C18.3,ANKRD33B,ABCB5,COPZ2,FAM86DP,NDUFAF2,USP18,RNU6-602P,STAT6,MTRNR2L7,RHBDD2,MTRNR2L7,LINC01185,RP11-16C18.3,ARHGAP33,MTFR2,GATA3,RPTOR2,LILRB55,RNU6-46P,ARF5,FAM241A,TMC8,BGLAP,NDUFB10,RP11-16C18.3,CTHRC1,ATP6V1B2,AC010761.10,MT-CO1,EHD4,EHD4,TNFRSF6B,MIR3659,LOC100132741,SNRPCP15,ANP32AP1,IL34,IL23A,IL22RA2,BBS7,SNX11,SDHB,CRYGS,AC010761.10,TNFRSF13C,RNU7-13P,,HIGD1B,RP11-16C18.3,,RNU7-116P,MTCO2P1,CSRP3-AS1,UROS,RP11-16C18.3,ZNF141,CCDC113,CD31,CPT1A,PRDX3,IL12B,MIR4258,KLF3,AC005638.1,ID2,AC010761.10,ATP5F1C,COX4I1,PKM,GPR26,CFH,RP11-16C18.3,MAP3K14,FLT1,RP11-16C18.3,CDH3,SPECC1P2,RP11-231C14.10,CCDC14,RP11-144N1.1,RN7SL612P,CSRP3-AS1,ABC10-43608400O15.1,MT-TE,RP11-666A8.3,BRD9P1,RP11-359H23.3,SP1,IRAK4,VCAM1,E2F7,UHMK1,HMGN3,PILRA,CLEC16A,P2RX4,RNU6-740P
IL18BP,KIR3DS1,PPIAP42,RAVER2,SLC25A13,PRKAR2B,RP4-814D15.1,RPL30,IFIT1,RP11-283G6.5,JAK1,MYB,SOX8,MYB,PILRB,PPIAP42,NDUFAB1,MYOZ3,RORC,RHEB,LILRB56,TBC1D3G,SARM1,RP11-354H21.2,PTPN21,KRT18P20,NDUFB11,PPIAP42,ENSG00000277666,ATP6V1C1,RNA5SP27,MT-CO2,ZBTB12BP,ZBTB12BP,TNFRSF9,CTD-3074O7.5,LOC105373602,RP11-385M4.5,CTC-384G19.1,IL36A,IL12RB1,IL23A,RPS17,TMEM176A,UQCRC2,RBAK,RNA5SP27,TNFRSF14,RNU7-94P,,XAF1,PPIAP42,,SUMO3,LILRA5,CD34,ATP5MFP1,PPIAP42,MTMR12,MLYCD,CD34,CPT1B,PRDX4,IRF1,RP11-296L22.8,HSPE1P10,RP11-258J7.1,LINC02591,RNA5SP27,ATP5F1D,COX5A,GFPT1,RP11-259G18.1,FUCA2,PPIAP42,APOC1,KDR,PPIAP42,LINC00674,LARGE2,AC007204.3,CCDC140,FAM216A,RN7SL60P,CD34,ABC10-44372100G24.1,MT-TD,FOS,RP11-380F14.2,RP11-713K3.1,CEBPB,MYD88,PECAM1,E2F8,ACVR1C,IL32,SLC15A1,SLC12A2,C1QA,SNORD113-4
IL6R,NCR1,PML,NAB2,ST7,CREBBP,RP11-56P9.8,DUSP3,IFIT3,CLCN2,JAK2,NCBP1,IBTK,NCBP1,RP11-322M13.1,PML,PDK4,RAMP1,TBX21,TSC1,LILRB57,ATP5F1C,POLDIP2,EEF1DP5,KLHL17,RP11-589P10.5,NDUFC1,PML,PFAS,ATP6V1C2,RP11-644F5.17,MT-CO3,CNOT9,CNOT9,TNFRSF10C,RP11-356K23.1,LOC285205,PDIK1L,RP11-517P14.9,IL36B,IL18R1,IL23R,HMGCR,M6PR,COX5A,TRIM41,RP11-644F5.17,TNFRSF17,LINC01963,,SIGLEC6,PML,,RPL27AP4,ZNF430,SUPT5H,ATP6V1E2,PML,ZNF101P3,CDIPT,CD45,CPT2,PRDX5,CD86,RP11-753G20.2,RP3-467N11.1,SHISA9,C1orf131,RP11-644F5.17,ATP5F1E,ATP5F1A,GLUL,LINC01547,GCLC,PML,BCL11B,NOS3,PML,RN7SKP218,SPTSSA,LINC00560,CCDC141,EIF3CL,RNA5-8SN5,SUPT5H,ABC11-4932300O16.1,MT-TA,RP11-382A18.1,RAB11FIP5,RP11-160H22.4,CEBPD,TRAF6,NOS3,TFAM,NTRK1,MTND5P28,SLC4A11,CALCR,CDKN1A,RNU6-851P
IL6ST,NCR2,ADGRL2,C8orf49,CDC27,TSPOAP1,CRMP1,DUSP2,BST2,CTC-493L21.2,JAK3,NMNAT1P2,ZNF195,NMNAT1P2,RP11-1058G23.1,ADGRL2,SLC22A16,ARHGEF39,PRF1,TSC2,LILRB58,EEF1A1P3,PLXND1,RP11-1113L8.7,ATP11A,HAGHL,NDUFC2,ADGRL2,SPRING1P1,ATP6V1D,SETBP1-DT,MT-CYB,AC013268.4,AC013268.4,TNFRSF10D,MIR4432,LOC339260,CD83P1,RP11-556O15.1,IL36G,JAK1,IL24,NLGN1,ICA1,SLC2A1,GIGYF1,SETBP1-DT,TNFRSF18,RP11-603B13.1,,RP11-251I17.1,ADGRL2,,RP11-411B10.2,STOML2,H3P24,ATP13A5,ADGRL2,KIAA1257,IL21R,CD45RA,ACADM,PRDX6,TLR4,CTD-2304L4.1,RP11-844P9.5,RP11-27J7.2,RP11-290L7.6,SETBP1-DT,ATP5MC1,ATP5F1B,SLC1A3,ZNF658B,NFYA,ADGRL2,GSTM1,EDN1,ADGRL2,CXCL2,SIN3B,TIGIT,CCDC142,ZFYVE28,RNA5S12,H3P24,ABC12-46663800M24.1,MT-TC,RP11-160D13.1,RPS28P4,UBQLN4,HIF1A,TICAM1,EDN1,POLG,GEMIN2,RP11-302O13.4,SLC23A2,ZRANB1,SEMA6D,IGLV2-18
TNFRSF1A,NCR3,AL022341.3,ENSG00000251257.1,SLC4A1,MPO,FEM1A,RAB5C,HERC5,SPAG6,TYK2,PARD6G,MYCBP2,PARD6G,RSRC1,AL022341.3,ZMYND10,IL20RA,GZMB,PTEN,LILRB59,JAG1,AK2,ANXA13,FZD6,RP11-220I15.1,NDUFS1,AL022341.3,CTB-55O6.10,ATP6V1E1,RP13-638C3.4,SDHA,OR6C72P,OR6C72P,TNFRSF12A,RP11-423H2.3,LRCH1,RP11-83J21.3,RP11-196I18.4,IL36RN,JAK3,IL25,CERS6,DBNDD1,HK2,RP11-302I18.3,RP13-638C3.4,TNFRSF19,RP11-329N11.1,,RN7SL542P,AL022341.3,,UBE2L2,ATP6V1G2-DDX39B,AC004485.3,MTATP6P17,AL022341.3,RP11-290D2.5,CD276,CD45RO,ACADS,TXN,TLR9,MIR520F,SLC22A13,C7orf50,ADI1P3,RP13-638C3.4,ATP5MC2,ATP5F1C,SLC6A9,PRR22,STPG1,AL022341.3,TNFRSF1B,SELE,AL022341.3,RP11-6N13.1,RNU7-61P,RP11-435F13.2,CCDC144A,MIR520D,RN7SL50P,AC004485.3,ABC12-46663800M24.2,MT-TB,SHISA5,RP11-644A7.3,NFKBIZ,EPAS1,TICAM2,VEGFA,POLG2,GIMAP5,APOL2,SLC8B1,ANO2,SGCE,IGKV3D-15
TNFRSF1B,FCGR3A,IGFBP1,MMP25,CALCR,PON1,RP11-488C13.7,CASP1,DDX60,RP11-408A13.4,SOCS1,PCBD1,FBXL3,PCBD1,CTD-2302E22.4,IGFBP1,ABCB5,SLC9A3,KLRK1,FOXO1,LILRB60,EIF2AK4,CD38,AC133106.2,GABRQ,AC104532.2,NDUFS2,IGFBP1,RP11-90L1.8,ATP6V1E2,ABCD4,SDHB,SMIM32,SMIM32,TNFRSF26,RP11-19P22.3,LRRC15,SNORD28,TRAPPC2L,IL37,SOCS1,IL26,ERCC6,ALS2,PFKM,CTC-273B12.5,ABCD4,TNFRSF21,PTPRD-AS1,,PCYOX1,IGFBP1,,FAM90A23P,ZNF692,RP11-17G2.1,ATP2C2,IGFBP1,POLR2J4,IL7,CD45RB,ACADVL,TXNRD1,OAS1,MTCO2P21,UBE2F,HNRNPUL1P2,RP11-416H1.2,ABCD4,ATP5MC3,ATP5F1D,SLC38A1,RP11-525K10.5,NIPAL3,IGFBP1,DDIT4,SELL,IGFBP1,TTC29,RP5-956O18.2,CORO7,CCDC144B,C19orf57,RNA5SP282,RP11-17G2.1,ABC12-47964100C23.1,MT-TZ,SLC25A28,FAM90A23P,PRR15L,VEGFA,TRAF3,ANGPT1,SIRT1,LINC00240,HSPA2,CDIP1,ZC3H11A,EIF3H,RP11-3P22.2
TNFRSF10A,FCGR3B,RP11-363D14.1,PHTF1,DVL2,GCFC2,AC005304.1,ILF2,RTP4,TDRD12,SOCS2,PPM1J,ITGAL,PPM1J,RP11-313I2.5,RP11-363D14.1,SLC25A13,PON1,NKG7,FOXO3,LILRB61,ZBTB7C,FKBP4,DCAF4L2,MICAL3,RP11-81M19.3,NDUFS3,RP11-363D14.1,RN7SKP150,ATP6V1F,CTD-2561F5.1,UQCRC1,LLpac-136A2.1,LLpac-136A2.1,TNFRSF28,CTD-3105A11.3,LYAR,PHKG1P4,IL36B,IL4,SOCS3,IL27,CIRBP,CASP10,ALDOA,RP11-430C7.4,CTD-2561F5.1,TNFRSF25,RNU6-447P,,RP11-1B20.1,RP11-363D14.1,,RNU2-4P,RP11-460M2.1,H2BC16P,DROSHA,RP11-363D14.1,STK19B,TNFRSF10A,CD45RC,SLC2A1,TXNRD2,MX1,RP11-1281K21.9,DARS1-AS1,SMC4P1,KCNA1,CTD-2561F5.1,ATP5PB,ATP5F1E,SLC2A1,C3orf67,ENPP4,RP11-363D14.1,GZMA,ICAM1,RP11-363D14.1,SPHK2,RP11-383G6.4,CNR1,CCDC144CP,FAM184A,RNA5SP298,H2BC16P,ABC13-47656900H15.1,MT-TS,LINC00900,LTBP4,RP11-439A17.6,KDR,TRAF5,ANGPT2,SIRT3,C11orf68,LINC02288,SLC9A1,NTN1,BAX,RP4-736I12.1
TNFRSF10B,CD16,ENPP6,USP37,PRSS22,WDR54,LINC00678,TOMM7,TRIM22,MIR219A2,SOCS3,PREX1,PDK2,PREX1,TRIM64,ENPP6,ST7,IFITM2,CD8A,FOXO4,LILRB62,GLIPR1,KDM1A,ISG20,MSANTD3,MIR550A3,NDUFS4,ENPP6,SMC3,ATP6V1G1,RP11-250B2.5,UQCRC2,RP11-163O19.16,RP11-163O19.16,TNFRSF29,MIR4732,MAPKAPK2,CTBP1-DT,HSPA8P5,IL4I1,PIK3CD,IL27RA,NNT,CFLAR,GAPDH,RP11-742D12.1,RP11-250B2.5,TNFRSF27,SORCS2,,RP11-90P5.5,ENPP6,,SNORD69,RP11-113K21.5,RP11-372K20.1,ATP6V0CP4,ENPP6,EMC3-AS1,CD37,CD45R,SLC2A4,NFE2L2,IFIH1,PRPF40B,MIR449C,RP11-70C1.1,RP11-863P13.5,RP11-250P21.2,ATP5PD,ATP5MC1,GLS,SPRYD7,SEMA3F,ENPP6,FOXP3,VCAM1,ENPP6,FAM184B,RP3-424M6.4,LMO7DN,CCDC144NL,SLC4A8,RNA5SP296,RP11-372K20.1,ABC13-48845200J1.1,IL6,FPR1,RP11-505E24.2,PRSS1,FLT1,TRAF2,TEK,PPARGC1A,RABAC1,NDUFB5,PDCD7,CASP8,CRYAB,HMGB3P20
TNFRSF11A,CD56,RP11-644A7.2,RP11-168E1.2,UPF1,CROT,SPATA31A5,ATP5PB,DPM1,KRT13,SOCS4,PSG8,ITGA3,PSG8,LYZ,RP11-644A7.2,CDC27,C6orf62,CD4,FOXO6,LILRB63,SLC22A25,RBM6,RP11-583F2.6,RALYL,CPSF1,NDUFS5,RP11-644M7.5,TRAF3IP3,ATP6V1G2,PCBD1,COX4I1,DIAPH1,DIAPH1,TNFRSF30,MIR4712,MARCHF7,LINC00869,HMGN2P26,IL4R,MTOR,IL2RA,RAB14,TFPI,ENO1,MTCYBP24,PCBD1,TNFRSF29,NPC1,,PCED1A,RP11-644A7.2,,RP11-553K8.5,TRGV2,RP11-231E19.1,HAGLROS,RP11-644A7.2,FAM222A,IL4I1,CD45,HK1,KEAP1,DDIT3,RP11-671J11.7,RP11-543H12.1,MGC24103,PAGR1,RP11-71F7.7,ATP5PF,ATP5MC2,ATP1A2,AC097523.1,CFTR,RP11-644A7.2,ATP2A3,PECAM1,RP11-644A7.2,RNU6-774P,C1orf189,RP11-25K19.1,CCDC144NL-AS1,APOL6,RNA5SP292,RP11-231E19.1,ABC14-1188822O7.1,IL10,RNU6-1161P,LIPT1P1,TNFRSF21,ANGPT1,TRAF1,NR3C1,PPARGC1B,RP11-61G22.1,MTND1P8,CD209,SEMA3B,ATP6V1F,LINC01509
TNFRSF11B,CD57,ZNF646P1,SEPTIN9,SKAP2,ABCB4,RP11-468N14.1,MRPS18B,SCYL3,RP11-461O14.3,SOCS5,RAB11FIP5,ITGA2B,RAB11FIP5,ZNF438,ZNF646P1,SLC4A1,DUSP13,CD28,SOD1,LILRB64,RP11-1415C14.4,CAMKK1,RALGPS1,MAP1LC3C,RP11-498C9.12,NDUFS6,RP11-46H11.7,RP11-252P18.1,ATP6V1G3,CTD-2066L21.3,COX5A,RP11-386G11.8,RP11-386G11.8,TNFRSF31,RP11-118A18.5,MCEMP1,TRBV1,RNU6-347P,IL5,AKT1,IL2RB,TULP2,NDUFAF7,PKM,CTC-518B2.9,CTD-2066L21.3,TNFRSF6B,RP11-332H17.1,,GASK1B,ZNF646P1,,RP11-484D2.3,RPSAP58,MIR1206,ATP13A5-AS1,ZNF646P1,H2AFY,CCDC130,CD45R,HK2,GCLC,NLRP3,SPTBN4,DAPL1,HIST2H2AA4,HMGN2P5,SLC8A3,ATP5PO,ATP5MC3,ATP2A2,DNAH1,ANKIB1,ZNF646P1,TXN,ANGPT1,ZNF646P1,PLLP,ATP1A2,RP11-193F5.4,CCDC146,ACSS2,RNA5SP291,MIR1206,ABC14-1188822O7.2,IL12A,RNU6-101P,CTC-235G5.3,SPRR3,ANGPT2,TRAF4,CRH,NRF1,PLEKHO1,TPM2,SLC26A4,RNF14,FBXO11,HCG22
TNFRSF12A,CD8A,RP11-417O11.5,KCNT2,MCUB,KMT2E,RP5-930J4.2,TMEM205,C1orf112,CTD-3035D6.3,SOCS6,RAB39A,ASB4,RAB39A,APOC3,RP11-417O11.5,CALCR,HOXD4,CTLA4,SOD2,LILRB65,RP11-1114A10.3,RECQL,PHBP12,TUBB2A,MIR378F,NDUFS7,MRPL42P5,LINC01114,ATP6V1H,CEACAM20,COX5B,SPATA13-AS1,SPATA13-AS1,TNFRSF32,MIR3174,MEDAG,THRB,ZNF276,IL5RA,AKT3,IL3,PEA15,RBM5,LDHA,HDHD3,CEACAM20,TNFRSF9,RP11-136L23.2,,RNU6-1267P,RP11-417O11.5,,OR5B3,CHMP2A,KRT8P21,GNPATP,RP11-417O11.5,TXNL4B,LILRB1,CD45RO,PFKM,GCLM,GZMB,AP001048.4,ZNF512,AC097103.1,LINC00989,RP11-353B6.1,ATP5ME,ATP5PB,CACNA1C,LINC01201,CYP51A1,RP11-417O11.5,IL7R,ANGPT2,RP11-417O11.5,OR13C5,THEMIS,U3,CCDC148,TMSB4X,RNA5SP290,LINC01134,ABC7-42391500H16.4,IL18,RNU6-1142P,RP11-65D24.2,SMIM12,TEK,TRAF7,CRHR1,NRF2,HSD17B1,LINC01353,SLC26A3,HFE,LMAN2,MTND4P20
TNFRSF13B,CD8B,ATXN7L2,NDUFAF3,HOXA11,RHBDD2,RP11-510J16.5,VDAC1,FGR,BMS1P2,SOCS7,RASSF8-AS1,GDE1,RASSF8-AS1,MIR1302-6,ATXN7L2,DVL2,PHPT1,PDCD1,SOD3,LILRB66,C12orf56,VPS50,EXOSC10-AS1,SOX30,RP11-294N21.3,NDUFS8,SIRT2,TBCEL-TECTA,ATP6V1J,SH2D5,COX6A1,AC025750.7,AC025750.7,TNFRSF33,MIR4264,METTL13,CTD-2647L4.1,LINC01824,IL6,FOXO1,IL31,MXRA7,MTMR7,PDHB,DST-AS1,SH2D5,TNFRSF10A,RN7SKP36,,CAPNS1,ATXN7L2,,RP11-60J17.5,LENG8,LINC00351,ATP5MK,ATXN7L2,SRSF10,LILRA1,CD45RA,PFKP,NQO1,CD40LG,QSOX2,POLR1F,RP11-498D14.1,RP11-360O14.3,RN7SL466P,ATP5MF,ATP5PD,HIF1A,DOK6,KRIT1,ATXN7L2,IFITM1,TEK,ATXN7L2,ZKSCAN7,MIR1282,,CCDC148-AS1,OR5H14,RNA5SP29,RP11-170M17.2,ABC7-42404400C24.1,IL1B,IFITM2,RNU6-427P,SNORD94,NOS3,BIRC2,POMC,UCP2,SLC7A8,NDUFA9,IL5RA,WDR18,TPBG,RP11-452D2.2
TNFRSF13C,CD4,RP11-383J24.2,KATNBL1,POLR2J,SOX8,RP11-184M15.1,NDUFB10,CFH,ENSG10010136217.1,PIK3CA,REG1A,REX1BD,REG1A,DEFB115,RP11-383J24.2,PRSS22,CDK20,LAG3,CAT,LILRB67,MICALCL,HSPB6,NASPP1,CD300LB,MIR4659B,NDUFV1,RNU6-11P,ENSG10010140147.1,ATP6V1K,GASK1B,COX6B1,CTA-390C10.9,CTA-390C10.9,TNFRSF34,CTD-2576D22.2,MICALL2,ENSG10010139663.1,BOLA3P1,IL6-AS1,GATA3,IL31RA,F11,SLC7A2,NFE2L2,RP11-144O23.22,GASK1B,TNFRSF10B,TAF5,,ZNF33BP1,RP11-383J24.2,,C1orf189,ZKSCAN4,MORF4,ATP5F1EP2,RP11-383J24.2,NAPG,CCDC61,CD45RB,PFKL,HMOX1,CD28,RP11-435J,GOLPH3,RNU1-86P,RP11-561G12.1,ZNF208,ATP5MG,ATP5PF,EPAS1,VWC2L,RAD52,RP11-383J24.2,ALOX15,NR3C1,RP11-383J24.2,SNHG19,MIR4644,,CCDC149,RP11-555O3.1,RNA5SP286,HLA-DMA,ABC7-42418200C9.1,IL4,TNFRSF25,LINC00571,RPL19,EDN1,BIRC3,MC2R,UCP3,KIF5A,AC005022.1,CDV3,MAST4,GLUL,RP1-138B7.4
TNFRSF14,CD3D,GLRX3P2,ZC3H6,DHX33,IBTK,NCF1B,UBXN1,FUCA2,RP11-784K9.1,PIK3CB,RN7SKP242,CRLF1,RN7SKP242,RAD21-AS1,GLRX3P2,UPF1,CTD-2583A14.2,HAVCR2,GPX1,LILRB68,RP11-379K17.4,ARHGAP33,VEPH1,FAM110B,RP11-344E13.1,NDUFV2,AC099850.3,MIR1265,ATP6V1L,RPS28P4,COX6C,AC009310.1,AC009310.1,TNFRSF35,LINC00670,MIDN,RBPJP2,MRE11,IL6R,BCL6,IL32,VPS13C,ARF5,KEAP1,RNU6-77P,RPS28P4,TNFRSF10C,RP11-685M7.3,,ENSG10010139002.1,GLRX3P2,,MIR3148,RP11-76P2.4,CAMK2A,ATP6V0A2,GLRX3P2,TADA2B,IL27RA,CD45RC,ALDOA,IL6R,CD69,,RIBC2,C3orf49,E2F3,RP1-310J20.7,ATP5MH,ATP5PO,ARNT,RP11-356I2.4,MYH16,GLRX3P2,C10orf10,CRH,GLRX3P2,CEACAM5,RP1-168L15.6,,CCDC15,CTD-2006P9.2,RNA5SP285,AC073043.1,ABC7-481722F1.1,TNF,CH25H,ADAMTS10,RP11-506M13.2,EDNRA,BIRC5,NR3C2,ATP5F1A,NFATC3,AC093157.2,SLC17A6,PDK2,RANBP17,ZNF879
TNFRSF17,CD3E,MIR323B,PRPF38B,MEOX1,ZNF195,TLK1P1,ELF1,NFYA,CTD-2369P2.10,PIK3CD,RN7SKP36,OSBPL7,RN7SKP36,OR1AB1P,MIR323B,SKAP2,RP11-246L10.2,ENTPD1,GPX2,LILRB69,LENG8,NDUFAB1,RN7SL554P,FAM234A,USP5,NDUFV3,RP11-392M1.4,ARHGAP26,ATP6V1M,SRP68P2,COX7A2,RP11-503C24.4,RP11-503C24.4,TNFRSF36,MIR4759,MINDY3,NDUFS5,ST6GALNAC4P1,IL6R-AS1,IKZF3,IL33,RPS3A,SARM1,GCLC,CTBP2P3,SRP68P2,TNFRSF10D,AC092625.1,,IGKV3D-7,MIR323B,,BCL2L13,ACSM2B,CTD-2014B16.5,ATP5F1AP8,MIR323B,RP11-197N18.2,ILVBL,CD45,ALDOB,IL6ST,CTLA4,,TEKT4P2,BMS1P20,RP11-777O22.2,RN7SL583P,ATP5MPL,ATP5ME,PPARGC1A,RP11-307E17.7,BAD,MIR323B,STOML2,CRHR1,MIR323B,RP11-157C21.2,ANKRD20A7P,,CCDC15-DT,GABRA5,RNA5SP283,KCNIP4,ABC7-481722F1.2,TNFSF10,LINC02457,SNORD68,RP11-135F9.3,EDNRB,XIAP,HSD11B1,ATP5F1B,RBM7,NDUFA1,CD200,SPHK2,SLC25A19,BNC2-AS1
TNFRSF18,CD3G,RP11-114G22.1,NUP37,THSD7A,MYCBP2,MIR4507,BAG6,STPG1,WDR89,PIK3CG,RN7SKP86,TMEM98,RN7SKP86,PCDHA8,RP11-114G22.1,MCUB,LINC00607,CD38,GPX3,LILRB70,RNU6-56P,PDK4,RP11-543D5.2,PLEKHJ1,PDE8B,COX1,FCRL4,GGTLC2,ATP6V1N,RNU4-59P,COX7B,LINC02805,LINC02805,TNFRSF37,MIR3687,MIR21,TMED10P1,RP11-334E6.4,IL6RP1,BCL2,IL34,SCARF2,POLDIP2,GCLM,RP11-11L12.2,RNU4-59P,TNFRSF11A,ZNF417,,RP11-47A8.5,RP11-114G22.1,,DUSP6,TMEM105,PYCARD-AS1,ATP1B2,RP11-114G22.1,MIB1,PDCD5,CD45R,ALDOC,TNFRSF1A,HIF3A,,ARHGAP27P1-BPTFP1-KPNA2P3,RP11-432J24.4,KCNMB1,SNORD92,ATP5S,ATP5MF,NRF1,TBC1D30,LAP3,RP11-114G22.1,ZFP36,CRHR2,RP11-114G22.1,SNHG3,DBT,,CCDC150,RP11-342K6.2,RNA5SP280,RP11-585P18.1,ABC8-43014700C16.1,TNFSF13B,CTB-128K4.1,RNU6-274P,FAM13A,ADRB1,CASP8,HSD11B2,ATP5F1C,PPARGC1A,FTH1,CCDC80,BAIAP3,WASF1,RP5-837I24.2
TNFRSF19,CD2,CTA-992D9.10,RFXANK,LIG3,FBXL3,AC008154.4,NDUFA6,NIPAL3,RP11-1078H9.6,AKT1,RNA5SP209,YBX2,RNA5SP209,RP11-545E17.13,CTA-992D9.10,HOXA11,ABCC3,CD39,GPX4,LILRB71,SH3PXD2A,SLC22A16,RP11-313F23.4,DECR2,INMT-MINDY4,COX2,RP11-474P9.2,RP5-903G2.2,ATP6V1O,RP11-96K14.1,COX8A,NFKBIZ,NFKBIZ,TNFRSF38,MIR3909,MLXIP,BBS9,AC010642.2,IL6ST,BAX,IL36A,PTPRN,PLXND1,TXN,RP11-380I10.2,RP11-96K14.1,TNFRSF11B,RP4-799G3.1,,RNU6-627P,CTA-992D9.10,,TNFRSF11A,MT-ND5,PM20D1,PROSER2,CTA-992D9.10,RP11-543P15.1,CCDC9,CD45RO,GPI,TNFRSF1B,NR1H3,,BCRP1,RP11-40D22.2,RNU6-1186P,SLC10A4,ATP5L,ATP5MG,TFAM,RP11-539L10.3,HS3ST1,CTA-992D9.10,PSME1,POMC,CTA-992D9.10,SYT17,RP11-425A6.6,,CCDC152,ARMCX2,RNA5SP306,RNU6-243P,ABCA1,IFNG,IL2RA,RP11-58G5.2,LINC00960,ADRB2,CASP10,FKBP5,ATP5F1D,PGPEP1,MTND3P1,SLC7A8,DDX20,ASAH1,RP3-417L20.4
TNFRSF21,CD5,LINC02750,RPL7AP53,RPAP3,ITGAL,C1QTNF9B,PARK7,ENPP4,H3C1,AKT2,RNA5SP259,KRT33A,RNA5SP259,RPL7AP53,LINC02750,POLR2J,BEX2,TIM3,GPX5,LILRB72,CEBPE,ZMYND10,RP11-157P1.4,KCNK13,RP11-746M1.8,COX3,RP11-17M16.3,C1orf226,ATP6V1P,CTB-191K22.5,NDUFA1,KCNT1,KCNT1,TNFRSF39,MIR4475,MMP25,PSMB10,CTD-2639E6.11,IL6STP1,FASLG,IL36B,DCUN1D4,AK2,TXNRD1,KLHL26,CTB-191K22.5,TNFRSF12A,HMGB1P42,,RNU6-1038P,LINC02750,,PCSK6,MUC1,RNU4-2,MTATP6P26,LINC02750,ARL2,CD79A,CD45RA,TPI1,IFNAR1,TFRC,,FAM157B,H2AFZP3,RP11-327F22.1,KCNH2,ATP5J,ATP5MH,CREB1,VPS13D,AOC1,LINC02750,KLRK1,MC2R,LINC02750,KLHDC4,RN7SL402P,,CCDC153,SEMA6A,RNA5SP272,MIR30C2,ABCA10,IFNGR1,ZFP57,ANKRD36BP1,PHTF1,ADRA1A,FADD,PTGS2,ATP5F1E,KIF1B,IL7,SLC22A17,POLD1,ATP5ME,RPSAP16
TNFRSF25,CD6,RP11-144G6.13,THAP3,ACSM3,PDK2,FOXD3-AS1,VDAC3,SEMA3F,RP11-244H18.4,AKT3,RNA5SP27,MAP3K14,RNA5SP27,CTD-2561J22.3,RP11-144G6.13,DHX33,C7orf73,HLA-DR,GPX6,LILRB73,MS4A6A,ABCB5,ELOBP2,ARMC4,PHLDB3,COX4I1,RNU6-433P,RP1-287H17.1,ATP6V1Q,LINC00967,NDUFA2,RP4-755G17.1,RP4-755G17.1,TNFRSF40,MIR4650-1,MNX1-AS1,CTD-2537I9.13,RP3-388E23.2,IL7,CASP3,IL36G,PRKRA,FKBP4,PRDX1,CTBP1-AS,LINC00967,TNFRSF13B,RP3-436N22.3,,KRT5,RP11-144G6.13,,RP11-374I15.4,RP11-142A22.4,MIR618,ATP8B5P,RP11-144G6.13,RPLP1,CD33,CD45RB,GAPDH,IFNAR2,ABCB1,,RNA5SP434,RP11-473M20.16,HNRNPA1P3,RP11-100C15.1,ATP5I,ATP5I,MAPK1,FAM170A,WNT16,RP11-144G6.13,MT-CYB,AVP,RP11-144G6.13,KCNK4,ZNF236,,CCDC154,RP11-365B9.2,RNA5SP27,CD151,ABCA11P,IFNGR2,PIM2,CCDC112,SNORD114-4,ADRA1B,RIPK1,ALOX5,ATP5MC1,UNC13D,AC093010.2,CDC45,HSF2,CD59,AC010987.5
TNFRSF4,CD7,SNORD18A,SLIT2,REXO5,ITGA3,RP11-489E7.1,MFF,CFTR,PDZPH1P,MTOR,RNA5SP374,ABCC8,RNA5SP374,IGKJ5,SNORD18A,MEOX1,GNB3,NKG2A,GPX7,LILRB74,ZNF718,SLC25A13,ZNF37A,GABRA3,USP32P3,COX4I2,RP11-672E1.1,INS-IGF2,ATP6V1R,GOLGA8CP,NDUFA3,GTF2H2,GTF2H2,TNFRSF41,RP11-27I1.2,MPZL2,PAX9,RP11-57A19.6,IL7R,CASP8,IL36RN,NEK6,KDM1A,CAT,CTD-2542C24.8,GOLGA8CP,TNFRSF13C,KRT86,,ABT1P1,SNORD18A,,PAG1,ZNF667,TAL2,ATP2B1,SNORD18A,RPS6,CDC37,CD45RC,PGK1,IL10RA,PRKAA1,,MIR3936,RP11-473M20.3,LRRC66,CSF2RA,ATP5H,ATP5J,MAPK3,RP11-243M5.2,HECW1,SNORD18A,ICOS,AVPR1A,SNORD18A,TRAF3IP1,PHETA2,,CCDC157,LINC00657,RNA5SP265,RPL23AP75,ABCA12,CXCL10,HNRNPA2B1,DCAF4L1,RNU6-378P,ADRA1D,RIPK3,ALOX15,ATP5MC2,MAPK8,ATP5MC1,CDC6,TLE2,NME4,RP11-272D20.2
TNFRSF6B,CD19,METTL21C,RIN1,CIAPIN1,ITGA2B,THOC1-DT,COX6B1,ANKIB1,ARL14,RPTOR,RNA5SP381,CACNG3,RNA5SP443,MIR4744,METTL21C,THSD7A,RP11-85G21.2,CD107A,GPX8,LILRB75,POLR1A,ST7,SHCBP1,HNRNPA3P1,RNU6-1271P,COX5A,AC093673.6,RP11-106M3.5,ATP6V1S,CTD-2587H24.1,NDUFA4,AC084121.20,AC084121.20,TNFRSF42,RP11-256I9.2,MRGBP,PER3,RP11-564C24.1,IL9,CASP9,IL37,HINT1,CAMKK1,SOD1,RP11-349F21.2,CTD-2587H24.1,TNFRSF14,NPR3,,GIPR,METTL21C,,FAIM,DPPA5,RP5-1067M6.3,ATP5MGP7,METTL21C,AC025165.1,GCDH,CD45,PGAM1,IL10RB,KLF4,,LGALS14,RPS15AP15,SYT7,RP11-564J8.6,ATP5G1,ATP5L,AKT1,FAM86HP,MAD1L1,METTL21C,CST7,AVPR1B,METTL21C,SNORD3D,RP11-455F5.6,,CCDC158,TMEM186,RNA5SP264,LINC02447,ABCA13,CXCL9,HIF1A,ZBTB37,NUP205,ADRA2A,MLKL,CNR1,ATP5MC3,FZD3,NDUFA3,CDC23,IARS2,C1QB,SETD4-AS1
TNFRSF8,CD20,LINC00375,PSMA3,SPPL2B,ASB4,RP11-115A15.4,MRPS5,CYP51A1,LPGAT1-AS1,RICTOR,RNA5SP385,TMEM132A,RNU1-75P,RP11-350A1.2,LINC00375,LIG3,RPS6KA2,PD-1,PRDX1,LILRB76,NDUFA11,CDC27,KIAA1614,ZDHHC13,ATP6V0E1P3,COX5B,IRF1-AS1,CLDN22,ATP6V1T,VN1R13P,NDUFA5,RPS29P9,RPS29P9,TNFRSF43,MIR4686,MT1E,EPOR,CDKN1A,IL9RP1,CYBB,IL4,PTPRT,RECQL,GPX4,MTCO3P28,VN1R13P,TNFRSF17,RP11-616K6.3,,STARD7,LINC00375,,H2AFZP2,AC245505.2,RP11-45M22.4,ROS1,LINC00375,CIRH1A,LILRB5,CD45R,ENO1,IL1R1,BDNF,,RP11-393N4.2,RP11-345P4.2,RNU6-253P,GOLT1B,ATP5G2,ATP5O,PIK3CA,RP11-37B2.1,LASP1,LINC00375,C1QA,AVPR2,LINC00375,IFITM1,NKIRAS1,,CCDC159,TTC7A,RNA5SP261,MIR6511A3,ABCA17P,CXCL8,IRF4,RP11-98C17.5,AC135782.1,ADRA2B,ZBP1,CNR2,ATP5PB,MAPK14,ATP5MC3,IL11,TDP1,VPS39,LINC02008
TNFRSF9,CD22,RP11-766F14.1,TTLL3,FAM214B,GDE1,CCDC32,RPL6,KRIT1,VPS25P1,TSC1,RNA5SP389,AP2B1,RNU2-4P,RP11-497K15.1,RP11-766F14.1,RPAP3,P2RX5,IL2,PRDX2,LILRB77,NPAS1,SLC4A1,SEMA4C,XKRX,LINC02795,COX6A1,AC010536.1,RNU7-102P,ATP6V1U,RP11-438H24.3,NDUFA6,OR5AC1,OR5AC1,TNFRSF44,MIR4417,MT1G,TRAFD1,EFCC1,IL9RP2,NOX4,IL4I1,S1PR5,VPS50,MPO,INSYN1,RP11-438H24.3,TNFRSF18,HMGB1P29,,RNA5SP482,RP11-766F14.1,,ARL5CP,CYP2A13,NPRL3,MTATP6P22,RP11-766F14.1,RPL18A,CDK6,CD45RO,ENO2,IL1R2,SLC1A3,,AC023590.1,LINC01726,RP11-125K21.1,RP11-307E17.2,ATP5G3,ATP5S,FOXO3,RPL7P28,SNX11,RP11-766F14.1,CD38,NR3C2,RP11-766F14.1,LYRM1,SCD5,,CCDC162P,C9orf85,RNA5SP26,RP11-494M8.4,ABCA2,CCL2,IRF7,CABLES2,CTD-2356P5.3,ADRA2C,PYGL,GABRA1,ATP5PD,ZNF800,NDUFB7,CDC5L,IPO5,BCL6,RP11-680B3.2
TNFSF10,CD24,LINC00551,ZNF467,COPZ2,REX1BD,CARM1P1,PTPRC,RAD52,LINC01435,TSC2,RNA5SP392,TAC1,RNU4-32P,RPL35AP34,LINC00551,ACSM3,RP11-386G11.2,IL21,PRDX3,LILRB78,RNU6-940P,CALCR,MIR4719,INTS13,EXO1,COX6A2,TTTY3,ENOX1-AS2,ATP6V1V,RP11-170K4.2,NDUFA7,RNU6-662P,RNU6-662P,TNFRSF45,MIR3163,MT1H,CD96,FGF5,IL9RP3,DUOX2,IL4R,RELL1,HSPB6,LPO,RP11-927P21.4,RP11-170K4.2,TNFRSF19,CHAMP1,,RNF4,LINC00551,,TSNAX-DISC1,OCLN,RP11-440G2.2,ATPAF1,LINC00551,ZNF382,PTCD1,CD45RA,ENO3,IL4R,SLC25A20,,RP4-680D5.2,MIR4532,RPL12P26,RNU6-1290P,ATP5F1,ATP5H,MTOR,PPP2R2D,TMEM176A,LINC00551,DUSP6,HSD11B1,LINC00551,RP11-373C23.3,LINC01615,,CCDC163,RPL5P3,RNA5SP256,KIAA0319,ABCA3,CCL3,S100A9,ZNF304,RP11-319G2.1,SLC6A2,PYGM,GABRB1,ATP5PF,KIAA1147,APAF1,IL12RB1,TRAM1,BRAF,RP11-88H10.2
TNFSF11,CD38,RPL32P4,FAM83H-AS1,PRKAR2B,CRLF1,LRRTM3,EIF3E,MYH16,AC000374.1,PTEN,RNA5SP393,ZNF263,RNU4-59P,CCDC102A,RPL32P4,REXO5,SLC12A7,IFNG,PRDX4,LILRB79,RP11-108F13.1,DVL2,COX7A1,PRSS48,METTL6,COX6B1,RP11-504I14.1,MTCO3P41,ATP6V1W,CTD-2621I17.8,NDUFA8,RN7SKP273,RN7SKP273,TNFRSF46,MIR4527,MT1M,LINC02149,FAM166AP4,IL9RP4,PRDX1,IL5,HYOU1,ARHGAP33,DUOX1,AMZ2P2,CTD-2621I17.8,TNFRSF21,RP11-489O18.1,,RP11-134E15.1,RPL32P4,,RNU6-833P,RPL23AP53,CSNK1G1,MTATP6P25,RPL32P4,FAM120AOS,TNFSF8,CD45RB,PKM,IL2RA,PDK4,,RN7SL326P,RP11-357C5.2,SYBU,LINC01303,ATP5J2,ATP5G1,RPTOR,UBE3C,M6PR,RPL32P4,GABBR1,HSD11B2,RPL32P4,GABRA6,CCDC11P1,,CCDC166,PSPC1,RNA5SP249,CD99P1,ABCA4,CCL4,NAMPT,FGF18,LINC00265,SLC6A3,PYGB,GABRG2,ATP5PO,ARHGEF17,LINC02272,CDC7,NSMAF,GABARAPL2,RP11-320N21.2
TNFSF12,CD45,RP11-337L12.1,PDXK,CREBBP,OSBPL7,RP11-14A10.1,CYP1B1,BAD,RP11-218E20.2,FOXO1,RNA5SP403,CX3CL1,RNU6-1199P,RP11-553D4.3,RP11-337L12.1,CIAPIN1,RP11-350G6.3,GZMB,PRDX5,LILRB80,HLA-DOA,PRSS22,RHOC,KCTD17,RP11-417J1.7,COX6B2,RP11-305L7.2,RP11-195C7.3,ATP6V1X,CPSF6,NDUFA9,RP11-626H12.2,RP11-626H12.2,TNFRSF47,MIR4779,MT1X,PRR5,RHCE,ILDR1,PRDX2,IL5RA,PHF12,PDK4,DUOX2,FAM102A,CPSF6,TNFRSF25,DEFB106A,,HSPA14,RP11-337L12.1,,AL139384.1,RP11-445K13.1,C2orf42,ATP10D,RP11-337L12.1,TRUB1,CDC37L1,CD45RC,LDHA,IL2RB,ACADL,,RP11-223P11.3,RP11-23N2.4,RP11-504A14.1,RP11-302L7.1,ATP5O,ATP5G2,ULK1,RP11-482A16.1,CYP26B1,RP11-337L12.1,EIF2AK2,FKBP5,RP11-337L12.1,RP11-408H1.3,AL136419.6,,CCDC167,RP11-706O15.1,RNA5SP244,GPR137C,ABCA5,CCL5,RNU6-38P,RNU6-590P,RP11-728F11.3,SLC6A4,GYS1,SLC6A4,ATP5ME,GLYATL2,ATP5PO,SCD,NGEF,COX6A1,RP11-91P24.5
TNFSF13,CD45RA,AC099535.4,ZNF646,TSPOAP1,TMEM98,RP11-730N24.2,POLR2C,LAP3,GSTZ1,FOXO3,RNA5SP414,SPATA20,RNU6-317P,RP5-1180E21.5,AC099535.4,SPPL2B,RP11-552F3.1,FOXP3,PRDX6,LILRB81,LCE2C,UPF1,ZNF404,TBC1D24,LINC01342,COX6C,HSPA1A,ALG9,ATP6V1Y,SUMO3,NDUFA10,AC005034.2,AC005034.2,TNFRSF48,MIR4724,MYD88,BHLHE41,UBA3,ILDR2,TXN,IL6,10-Sep,ZMYND10,NOX3,HSPA1L,SUMO3,TNFRSF27,RP1-77N19.1,,VN1R54P,AC099535.4,,RP11-155H21.1,FAM90A22P,RP5-1011O1.3,ATP5MC1P8,AC099535.4,CHTOP,CDH23,CD45,LDHB,IL2RG,COX7A2,,CCDC107,RNU6-821P,SMAD2,KCNK12,ATP5A1,ATP5G3,BECN1,GTF3C6,ICA1,AC099535.4,CREM,NRIP1,AC099535.4,LINC00670,SAMMSON,,CCDC168,POLD2,RNA5SP304,RNU6-932P,ABCA6,CCR5,CXCL10,RP11-469H8.1,RGS14,,GYS2,HTR1A,ATP5MF,PPP4R1L,ATP5MG,CDC34,MEF2A,SELENOS,RP11-58K22.1
TNFSF13B,CD45RO,ANKRD20A17P,GRK1,MPO,YBX2,LGALS4,RPS20,HS3ST1,PACERR,FOXO4,RNA5SP422,CACNA1G,RNU6-992P,RNU6-216P,ANKRD20A17P,FAM214B,RP11-690J15.1,GATA3,GSR,LILRB82,NLGN4Y,SKAP2,IGKV2-10,ZNF587,CHSY1,COX7A1,AC012306.3,ZNF718,ATP6V1Z,RP11-644A7.3,NDUFA11,LLPHP2,LLPHP2,TNFRSF49,MIR4429,NDUFA2,LINC01619,RP1-187B23.1,ILF2,TXNRD1,IL6-AS1,RGS2,ABCB5,NOX5,GCNT1P5,RP11-644A7.3,TNFRSF29,EIF3A,,CPPED1,ANKRD20A17P,,AL158824.1,MALSU1,AC104978.1,MTATP6P4,ANKRD20A17P,CHMP5,CCDC6,CD45R,PDHA1,TGFB1I1,ATP5PB,,RNU1-134P,NDUFB9P1,RP11-45A22.1,ARL6IP1,ATP5B,ATP5A1,SQSTM1,RP11-214O1.3,DBNDD1,ANKRD20A17P,LINC00861,SLC6A4,ANKRD20A17P,HSP90AB2P,RP3-357D13.5,,CCDC169,FEM1C,RNA5SP308,RP11-631N16.2,ABCA7,CCR7,CCL2,ACBD3,FAM71B,,PHKA1,HTR2A,ATP5MG,RP3-486D24.1,ATP5PD,CDHR5,MYH16,ZCCHC11,RP11-617B3.2
TNFSF14,CD69,B3GALNT1,TTC7B,PON1,KRT33A,PRR13P7,CCT5,AOC1,RP11-160E2.21,FOXO6,RNA5SP429,TNFRSF12A,RNU6ATAC22P,SAP30-DT,B3GALNT1,COPZ2,FAM214A,RORC,GSS,LILRB83,RNU1-104P,MCUB,CTC-467M3.2,KIF13B,SIX4,COX7A2,PHTF2,EIF4A1P9,ATP6V1AA,C22orf31,NDUFA12,ENSG10010134782.1,ENSG10010134782.1,TNFRSF50,MIR4420,NDUFB11,TNFRSF1B,TNFSF11,ILF2P1,GSTP1,IL6R,PAIP2,ST7,DUOXA1,SNORA19,C22orf31,TNFRSF6B,MAP1LC3B,,PIAS1,B3GALNT1,,TSPAN14,AC138408.3,RP11-533E19.5,ATP2B2-IT1,B3GALNT1,YWHAE,CDK5RAP3,CD45RO,PDHB,CCL3,UQCRC2,,NENFP1,RP11-389J3.5,FAAP24,RP11-344D15.6,ATP5C1,ATP5B,ATG5,CSNK2A1P,ALS2,B3GALNT1,FYN,HTR1A,B3GALNT1,TCHHL1,RP11-182M20.2,,CCDC169-SOHLH2,RP11-177C3.1,RNA5SP239,PLPP4,ABCA8,CD4,RFXANK,C1orf43,SNORD52,,PHKA2,DRD2,ATP5MD,ZNF770,IL15,SLC7A4,CFLAR,CYBB,LINC02414
TNFSF15,CD25,MIR3683,CLEC9A,GCFC2,MAP3K14,MAP3K4,RPL35,WNT16,RP11-432I5.8,SIRT1,RNA5SP430,DLX6,RNU7-116P,OR4L1,MIR3683,PRKAR2B,PSMB10,TBX21,GCLC,LILRB84,DNAJC15,HOXA11,PROSER1,SULT4A1,EIF4A1P6,COX7B,RP11-114D2.4,GABPB1,ATP6V1AB,RP4-604P14.2,NDUFB1,RNU6-835P,RNU6-835P,TNFRSF51,MIR3606,NEB,FAM83B,RP11-449H3.3,ILF2P2,GPX3,IL6R-AS1,HSPA1A,CDC27,CRHR1,MTRES1P1,RP4-604P14.2,TNFRSF9,RP11-367L7.1,,RNU7-103P,MIR3683,,RP11-287I15.3,RP11-444D3.1,RP11-1315F8.2,ATP6V0E1P3,MIR3683,LYRM7,CCDC47,CD45RA,DLAT,CCL4,COX5A,,MIR6850,AC093642.1,ATXN2,RP11-702K11.1,ATP5D,ATP5C1,ATG7,NFX1,CASP10,MIR3683,RGS1,HTR2A,MIR3683,RNU6-948P,ASPSCR1,,CCDC17,CEP57,RNA5SP337,POTEM,ABCA9,CD8A,HSPD1,SRSF5,TRIM65,,PHKB,DRD3,ATP5MPL,LY96,IFITM1,PPIL2,ATP11B,JAK1,DND1
TNFSF18,CD28,SNHG28,CCDC127,WDR54,ABCC8,RP11-282A11.4,RPL19,HECW1,AC093642.4,SIRT3,RNA5SP432,MAP3K9,RP1-153P14.3,PGAM1P11,SNHG28,CREBBP,CCDC97,PRF1,GCLM,LILRB85,CDH11,POLR2J,ABCA7,PABPC5-AS1,ENSG10010139793.1,COX7C,RNU6-85P,RP11-241F15.9,ATP6V1AC,MANEALP1,NDUFB2,TTC12,TTC12,TNFRSF52,MIR4519,NFE2L1,KLHL5,RNU2-51P,ILF3,NFE2L2,IL6RP1,CDKN2C,CALCR,CRHR2,IL17RD,MANEALP1,TNFRSF10A,RP11-264L1.4,,DDX19A,SNHG28,,FAM86HP,PPIAL4A,NBPF22P,ATP13A4-AS1,SNHG28,RPL23A,SMARCD2,CD45RB,DLD,CCL5,RPL13A,,KB-208E9.3,RP11-667M21.2,CTC-510F12.4,ZNF862,ATP5E,ATP5D,IL18,RP11-95P22.1,CFLAR,SNHG28,IL2RB,HTR2C,SNHG28,DNAJC28,HSPE1P3,,CCDC170,ADAMTS14,RNA5SP356,RNU6-939P,ABCA9-AS,CD8B,MAPK14,PTPN23,GATA3,,PHKG1,OPRM1,ATP5I,C12orf29,NDUFB6,SLC35E4,ADGRF5,ALOX5AP,RP11-278C7.2
TNFSF4,CD137,RP11-109D24.2,HSPB7,CROT,CACNG3,TAF5,SOD3,MAD1L1,TRMT112P2,SIRT5,RNA5SP449,RALA,RP1-197B17.4,RPH3AL-AS1,RP11-109D24.2,TSPOAP1,MYO5A,GZMB,NFE2L2,LILRB86,GIMAP5,DHX33,RP11-494O16.3,SULT1C2,GS1-72M22.1,COX8A,AC005273.3,RP3-436N22.3,ATP6V1AD,AC004854.5,NDUFB3,URB2,URB2,TNFRSF53,MIR4645,NFKB1,NDUFB10,RP11-388M20.1,ILF3-DT,KEAP1,IL6ST,BAG3,DVL2,NR3C2,SYT14P1,AC004854.5,TNFRSF10B,CPTP,,RP11-593P24.4,RP11-109D24.2,,RP11-148K17.1,RP11-255C15.3,GEMIN4,ATP5MC1P5,RP11-109D24.2,AP1G2,TNFAIP1,CD45RC,CS,CXCL9,TOMM22,,DIDO1,RP11-484D2.2,BIRC6,RN7SL184P,ATP5F1B,ATP5E,CASP1,FAM86EP,TFPI,RP11-109D24.2,ADORA2A,TDO2,RP11-109D24.2,CDC45,LINC02305,,CCDC171,DEDD,RNA5SP354,NDUFAF2,ABCB1,CD3D,SOCS3,RP11-144H23.2,RP11-199K6.2,,PHKG2,PENK,ATP5J,RERE,ATP5F1E,SLC25A1,VCAN,CAMK1D,RP11-248E9.4
TNFSF8,CD152,PON1,BCL2L1,ABCB4,TMEM132A,LINC02214,ATP6V1E1,LASP1,TRDD2,PPARGC1A,RNA5SP453,BAIAP2L1,RP1-33B19.1,AC011901.2,PON1,MPO,MEST,KLRK1,KEAP1,LILRB87,RP11-26H16.1,MEOX1,TFAP2A-AS2,CEP41,OR14A2,COX8C,PLCL1,RP11-168O16.2,ATP6V1AE,RN7SKP36,NDUFB4,USP17L28,USP17L28,TNFRSF54,RP11-177H13.1,NIPAL3,ZNF101,AP000439.1,ILK,HMOX1,IL6STP1,NUP50,PRSS22,HSD11B1,KIF19BP,RN7SKP36,TNFRSF10C,FEM1AP1,,CTD-3096M3.2,PON1,,RNU6-340P,RP11-368J21.1,TRAF2,HPAT5,PON1,ARID4A,CDR2L,CD45,ACO2,CXCL11,ATP6V0C,,PDIA4,KRT8P8,CST3,RP11-33B1.3,ATP5F1C,ATP5F1,NLRP3,RP11-362K2.2,NDUFAF7,PON1,FASLG,IDO1,PON1,OR13C4,RP11-676J12.4,,CCDC172,RP11-89P4.8,RNA5SP353,WASHC3,ABCB10,CD3E,RNU6-1127P,CTD-2311B13.1,RP11-383D7.3,,PP1,PDYN,ATP5L,BCL2L13,ATP5F1B,CCDC134,HERPUD1,PRDX6,RP11-467L19.6
TNFSF9,CD154,RN7SL260P,RPL21P12,KMT2E,AP2B1,CTC-441N14.4,RPL34,SNX11,RP11-420K14.8,PPARGC1B,RNA5SP456,KDM7A,RP11-1084J3.1,RN7SKP25,RN7SL260P,PON1,RP1-290I10.3,NKG7,HMOX1,LILRB88,ZNF763,THSD7A,RP11-411B10.2,SCEL,CPQ,CYCS,SCN4A,OR2C3,ATP6V1AF,IVNS1ABP,NDUFB5,RP11-539L10.6,RP11-539L10.6,TNFRSF55,MIR3173,NLRP3,VASH2,MEPCE,ILKAP,SLC25A20,IL7,CITED2,UPF1,HSD11B2,RP1-163O16.1,IVNS1ABP,TNFRSF10D,FAM111B,,BMS1P3,RN7SL260P,,RNU1-57P,LINC01470,METTL15P1,CRH,RN7SL260P,RPL22,CRACD,CD45R,IDH3A,CCR1,SDHA,,TMOD4,RNU6-1068P,CHURC1,RPS27P20,ATP5F1D,ATP5J2,PYCARD,AC008033.3,RBM5,RN7SL260P,LYN,IDO2,RN7SL260P,RP11-467N16.3,DDX12P,,CCDC173,HNRNPA0,RNA5SP351,RP11-333A23.2,ABCB10P1,CD3G,OAS1,DLX5,ZNF429,,PPP1R3A,POMC,ATP5H,HSPD1,ATP5ME,SLC16A8,KCNH2,RHOQ,RP11-672L10.3
NR3C1,CD178,RP11-417N10.5,NUP88,RHBDD2,TAC1,MIR548AK,GUSB,TMEM176A,NOP10,NRF1,RNA5SP460,ETV1,RP11-1156I21.2,RP11-68D16.1,RP11-417N10.5,GCFC2,LRP4,CD8A,HMOX2,LILRB89,FZD1,LIG3,HECA,SMPDL3A,ACACB,SOD1,ANXA1,CTC-339O9.2,ATP6V1AG,H2BC2P,NDUFB6,LINC01471,LINC01471,TNFRSF56,MIR4419B,NMU,IL18RAP,C2CD4A,ILRUN,ACADL,IL7R,PPP1R14B,SKAP2,POMC,AC002472.8,H2BC2P,TNFRSF11A,RP11-256B12.2,,RBM26-AS1,RP11-417N10.5,,RNU1-68P,RP11-431K24.4,SMR3A,ATP5ME,RP11-417N10.5,MROH8,IL2,CD45RO,IDH3B,CCR2,GLUD1,,HMGN2P46,RP11-585C20.1,RP11-540L20.5,SERTAD4,ATP5F1E,ATP5K,TXNIP,LINC01272,MTMR7,RP11-417N10.5,OAS1,KMO,RP11-417N10.5,SMIM19,RP11-20B24.2,,CCDC174,CTD-2614A3.4,RNA5SP349,AC083843.1,ABCB11,CD28,PSMB8,GABBR1,RP11-175I6.1,,PPP1R3B,LEP,ATP5K,RP3-506O5.4,HSPD1,SLC5A1,BAZ1B,STAT5A,TBX2-AS1
CRH,CD279,KRT77,CALML6,SOX8,ZNF263,RP11-362I1.1,RPS3,M6PR,LGI1,NRF2,RNA5SP462,AGK,RP11-155G14.5,CTD-2335I23.3,KRT77,WDR54,CLEC4G,CD4,HMOX3,LILRB90,MAFTRR,RPAP3,KLF7-IT1,FRMPD4,RP11-752L20.3,SOD2,ATP6V0E2-AS1,RAB11A,ATP6V1AH,KB-1980E6.2,NDUFB7,TANC1,TANC1,TNFRSF57,MIR3150A,NOS1,RP11-1000B17.2,RNU6-1011P,ILRUN-AS1,ACADM,IL9,GPX4,MCUB,MC2R,NME5,KB-1980E6.2,TNFRSF11B,MIR1295B,,LINC00381,KRT77,,CRNKL1,ASXL1,RP11-331N16.1,NEUROD6,KRT77,RPL10A,NEIL3,CD45RA,IDH3G,CCR3,HK2,,AC016710.1,AL138960.1,RP11-81P5.2,RN7SKP271,ATP5F1A,ATP5L2,S100A8,AL592188.3,SLC7A2,KRT77,BST2,KYNU,KRT77,MT1B,MIR194-2,,CCDC175,RP11-23P24.1,RNA5SP347,RP11-95I16.2,ABCB1P1,CD40,STAT1,RP11-336K24.12,RP11-278M11.1,,PPP1R3C,LEPR,ATP5O,PRDM2,AC005270.2,SLC5A4,ACP3,CSF3R,AC006116.21
CRHR1,CD357,ZMIZ1,ZKSCAN7,IBTK,CX3CL1,ST3GAL2,ARPC2,CYP26B1,RP11-396D16.1,TFAM,RNA5SP471,ALDH3B1,RP11-157D6.2,PRRT3,ZMIZ1,CROT,SYTL2,CD28,NQO1,LILRB91,RNU6-1287P,ACSM3,RAB25,TMEM155,RNU1-18P,GPX1,BCL2L13,NR1H5P,ATP6V1AI,RP11-497D6.5,NDUFB8,KB-1410C5.1,KB-1410C5.1,TNFRSF58,RP11-111K18.1,NR2C2AP,SIRT1,FAM178B,ILRUNP1,CPT1A,IL9RP1,GPR37,HOXA11,AVPR1A,UGT2B11,RP11-497D6.5,TNFRSF12A,RNU1-151P,,RNA5SP254,ZMIZ1,,RNU1-32P,RPSAP9,RP11-80B9.1,ATP5MF-PTCD1,ZMIZ1,GTPBP4,CCDC34,CD45RB,OGDH,CCR4,PKM,,RP1-37N7.5,RNU6-216P,RP11-109F3.2,TMEM182,ATP5F1,ATP5MPL,S100A9,NEDD4,ARF5,ZMIZ1,AIF1,AADAT,ZMIZ1,BLOC1S6,ZNF408,,CCDC177,RBBP9,RNA5SP346,AP002748.1,ABCB4,CD40LG,ISG15,RP11-254K24.5,HMGCS1,,PPP1R3D,INS,ATP5A1,ATP6V1A,ATP5MC2,SLC25A17,YTHDC2,SYK,AC020915.2
CRHR2,CD278,KLHL31,MRPL19,ZNF195,SPATA20,GAS5,HSP90AA1,ICA1,RP11-481E6.1,UCP1,RNA5SP485,TTC22,RP11-15A1.4,BCRP6,KLHL31,ABCB4,TCEAL5,CTLA4,TXN,LILRB92,ABCA1,REXO5,RP11-360A10.1,MAPK15,CORO2B,GPX3,AC004540.4,RP11-119H12.5,ATP6V1AJ,SEPHS1P6,NDUFB9,RP11-28B23.1,RP11-28B23.1,TNFRSF59,MIR4635,NR3C1,LINC01948,RP11-393I2.2,ILVBL,CPT2,IL9RP2,CLDN1,DHX33,OXTR,FGGY-DT,SEPHS1P6,TNFRSF13B,RP11-142O6.1,,RP11-94C24.11,KLHL31,,AC020763.1,OR5B21,CTD-2535P7.1,ATP6V1G1P4,KLHL31,RPL5,CCDC86,CD45RC,SUCLG1,CCR6,ENO1,,RNA5SP528,RP11-274B21.4,RNU6-15P,RNU6-1,ATP5F1C,ATP5MPLP1,HMGB1,RP11-398K22.12,SARM1,KLHL31,GIMAP5,QPRT,KLHL31,FGD1,RP3-434P1.9,,CCDC178,CCDC28A,RNA5SP339,RP11-480D1.2,ABCB5,CD86,DUSP1,MTATP6P12,SHISA4,,PPP1R3E,IGF1,ATP5B,ARMCX6,AC015813.2,IL2RB,FARP2,TNFSF13,C10orf95-AS1
POMC,CD273,NOS2P1,ATP8B4,MYCBP2,CACNA1G,PRM3,MRPL16,DBNDD1,RP11-305P14.1,UCP2,RNA5SP498,PHTF2,RP11-170K4.2,THORLNC,NOS2P1,KMT2E,RP11-342I10.5,PDCD1,TXNRD1,LILRB93,RNU1-104P,CIAPIN1,CTD-2371O3.2,CNTNAP2,HSP90AA2P,CAT,SIRPB1,RP11-1143G9.5,ATP6V1AK,RAB39A,NDUFB10,MIR6839,MIR6839,TNFRSF60,MIR3921,NUB1,MIR7844,RP11-806K15.1,ILVBL-AS1,ETFA,IL9RP3,MEST,MEOX1,NPY,RP11-269G24.2,RAB39A,TNFRSF13C,MIP,,LINC02508,NOS2P1,,RNU6-312P,TRAPPC12,NEURL3,ATP2C2-AS1,NOS2P1,FAM96A,IL10RA,CD45,SUCLG2,CCR7,ALDOA,,C1QA,RP11-452L6.2,RP11-14N7.2,TXNDC5,ATP5F1D,ATP5MPLP2,ALOX5,DCAF5,POLDIP2,NOS2P1,IFNG,GPR65,NOS2P1,RP11-172B1.2,MIR6879,,CCDC179,CLIC6,RNA5SP338,IL15,ABCB6,CD80,JUN,PTENP1,TMEM70,,PPP1R3F,IGF1R,ATP5C1,TGFBR2,ATP5PB,CDKL1,KMT2E,BCL10,RP11-529E10.7
MC2R,CD270,PPP1CB,ENSG00000260382.1,FBXL3,TNFRSF12A,ITGA4,ATP6V1F,ALS2,RN7SL67P,UCP3,RNA5SP499,CCL26,RP11-175E9.1,TUBB1,PPP1CB,RHBDD2,CTD-2007D21.1,LAG3,TXNRD2,LILRB94,RP11-408A13.5,SPPL2B,USP17L12,C20orf85,OR52Q1P,PRDX1,ITM2A,MTND2P26,ATP6V1AL,MIR4457,NDUFB11,LINC01484,LINC01484,TNFRSF61,RP11-776H12.1,NUPR1,SERPING1,RP11-395E19.2,LILRA1,SDHA,IL9RP4,SLC25A16,THSD7A,IL17A,DUX4L33,MIR4457,TNFRSF14,POU5F1P6,,RP11-35N6.6,PPP1CB,,ZNF827,PPIAL4B,RPSAP21,NEUROD4,PPP1CB,RPL23,CD5,CD45R,FH,CCR8,LDHA,,MBNL1-AS1,RP11-362N3.2,TMEM129,RP11-234P23.1,ATP5F1E,ATP5MPLP3,PTGS2,RP11-19E11.1,PLXND1,PPP1CB,MT-ND2,GPR132,PPP1CB,TMED1,RP11-178C3.6,,CCDC18,LINC01741,RNA5SP336,CHST9,ABCB7,HLA-A,BATF,ABRACL,ZNF502,,PPP1R3G,GH1,ATP5D,IL10RA,BAX-AS1,CDKN3,CASP10,CYCS,RP11-435O5.6
AVP,CD272,RP11-434D2.9,RIPK2,ITGAL,DLX6,CTD-3001H11.2,TOMM40,CASP10,POU6F1,ATP5F1A,RNA5SP505,FARP2,RP11-207C16.4,BCAN-AS1,RP11-434D2.9,SOX8,PLEKHA5,HAVCR2,TXNRD3,LILRB95,STK11IP,FAM214B,SRD5A3P1,RIMS1,NF1,PRDX2,AIF1,KMO,ATP6V1AM,RP11-649A16.1,NDUFC1,ASB14,ASB14,TNFRSF62,MIR4780,OR5K2,PRKCQ,AP000354.2,LILRA2,UQCRC1,ILDR1,WARS1,LIG3,IL23A,SNORD18A,RP11-649A16.1,TNFRSF17,NEFH,,RNU6-374P,RP11-434D2.9,,AC011297.1,H3P6,SNORD88B,ATP5MG,RP11-434D2.9,ATP5F1C,CD81,CD45RO,MDH2,CCR9,PDHB,,AC013460.1,GATD3B,DDA1,RP11-69E11.4,ATP5F1A,ATP5MPLP4,FABP5,RP11-352D13.2,AK2,RP11-434D2.9,PTPN22,FFAR2,RP11-434D2.9,LINC02249,UBXN8,,CCDC18-AS1,RP11-20J15.3,RNA5SP31,PRR23A,ABCB8,HLA-B,PTPN22,CTB-90H12.5,RP11-152F13.2,,PPP1R3H,GHR,ATP5E,SOD2,ATP5MF,CCDC198,CACNA2D2,AKT1,RP11-74E22.6
AVPR1A,CD274,IPO5,SLC4A5,PDK2,MAP3K9,GAPDHP21,ATP5MG,CFLAR,GGA3,ATP5F1B,RNA5SP506,USH1C,RP11-216N21.1,NUF2,IPO5,IBTK,GPR137,ENTPD1,PARK7,LILRB96,LCE3D,COPZ2,XXyac-YX60D10.1,SMIM2,CTB-58E17.2,PRDX3,ATP2C1-AS1,FAM13A-AS1,ATP6V1AN,RP1-153P14.3,NDUFC2,ENSG10010136497.1,ENSG10010136497.1,TNFRSF63,RP11-1103G23.2,ORAI1,ATP2B1,CTTN,LILRA4,NDUFB6,ILDR2,CERS1,RPAP3,RORC,AURKA,RP1-153P14.3,TNFRSF18,RP4-606D23.1,,RP11-357N13.2,IPO5,,CD244,RP11-379D23.2,CRLF3P2,ATP8A2P3,IPO5,PSMB6,CD69,CD45RA,SOD1,CCR10,ACADM,,DNM1P51,RNU6-1275P,RP11-42L20.5,MMP27,ATP5F1,ATP5MPLP5,PLIN2,CYP4F22,CD38,IPO5,IRF1,FFAR3,IPO5,RPL24P7,PHKG1P4,,CCDC180,RP11-348F1.3,RNA5SP335,NDUFS3,ABCB9,HLA-C,B2M,RP11-1H14.1,RP11-513I15.3,,PPP1R3I,PRL,ATP5F1,RAC1,IFITM2,SLC10A1,MKS1,FYN,RP11-1275H24.2
AVPR1B,CD275,RNA5SP144,TMEM156,ITGA3,RALA,PPIAP75,EIF1AX,TFPI,ADAR,ATP5F1C,RNA5SP514,GGCT,RP11-250B2.5,RP11-20F18.1,RNA5SP144,ZNF195,LINC01426,CD38,MAPT,LILRB97,RNU6-1108P,PRKAR2B,KLK9,UNC93A,RP11-846F4.6,PRDX4,ADAMTS2,RP11-502F1.2,ATP6V1AO,VPS9D1-AS1,NDUFS1,CENPT,CENPT,TNFRSF64,RP11-445P7.6,PAF1,TRAF3,EMP2P1,LILRA5,NDUFS1,ILF2,LRP10,ACSM3,CCR6,COMMD10,VPS9D1-AS1,TNFRSF19,CASP12,,CENPNP2,RNA5SP144,,PPP2R2B,ZNF18,AC134915.1,ATP6V1B1-AS1,RNA5SP144,WDR43,IL23A,CD45RB,SOD2,CXCR1,CPT1A,,AP000889.2,SLC16A12,MCM3,RNU6-312P,ATP5F1C,ATP5MPLP6,DGAT1,LINC01435,FKBP4,RNA5SP144,HMOX1,TLR2,RNA5SP144,SNORA15,RP11-168K11.3,,CCDC181,RP11-244I11.3,RNA5SP334,ACVR1C,ABCC1,HLA-DRA,RNU6-201P,AC011462.4,GPC2,,PPP1R3J,PRLR,ATP5G1,MTHFR,AC011294.1,SLC8A3,ASB1,MT-ND2,RP11-517H2.6
,CD276,MIR338,TMEM184B,ITGA2B,BAIAP2L1,MBD3L2B,MTCH1,NDUFAF7,SNORD127,ATP5F1D,RNA5SP516,DBF4,RP11-252E2.2,AC007193.8,MIR338,MYCBP2,FOSB,CD39,SNCA,LILRB98,RNU6-1273P,CREBBP,RP11-450D21.4,KCNQ2,MIR376C,PRDX5,RP11-31E13.4,RP11-416N4.4,ATP6V1AP,RP11-85O21.2,NDUFS2,LINC01592,LINC01592,TNFRSF65,MIR3115,PARP14,MIR190A,ERCC8,LILRA6,ATP5F1,ILF2P1,NR2F6,REXO5,CD3E,RP11-396J6.1,RP11-85O21.2,TNFRSF21,CTD-2028E8.2,,CTC-325H20.4,MIR338,,PRR30,RPS9,ENSG10010136505.1,ATP2A1,MIR338,PAIP1,CDKN1B,CD45RC,CAT,CXCR2,SLC25A3,,MIR4732,ENSG00000274733,GAPDH,SNORA27,ATP5F1D,ATP5MPLP7,LPL,AC093010.3,KDM1A,MIR338,TAP1,TLR5,MIR338,RPL34,ZNF72P,,CCDC182,RP11-78B4.2,RNA5SP333,MIR103A1,ABCC10,HLA-DRB1,RNU6-1302P,CTD-3037I5.4,C1orf54,,PPP1R3K,TPO,ATP5G2,TLR8,AC016044.2,CD40,SLAMF7,RELA,ZFP91P1
,CD277,AKAP13,ZNF101,ASB4,KDM7A,HMGB1P48,NDUFA4,RBM5,PUDPP2,ATP5F1E,RNA5SP519,TBXA2R,RP11-252M18.3,PAK2,AKAP13,FBXL3,MFSD12,TIM3,APP,LILRB99,RP11-335P23.6,TSPOAP1,ARHGEF35-AS1,KCNK4,TSTD3,PRDX6,PTGS2,RP11-494G9.1,ATP6V1AQ,PPM1J,NDUFS3,RUFY3,RUFY3,TNFRSF66,MIR4528,PARP9,TMEM176A,RNA5SP38,LILRB1,ATP5MC1,ILF2P2,STAT6,CIAPIN1,ZAP70,MIR4538,PPM1J,TNFRSF25,LZTS1,,PRC1-AS1,AKAP13,,UBE2D4,TRGV5,ARHGAP17,ATP2C1,AKAP13,EIF3K,CDK2AP1,CD45,GPX1,CXCR3,SLC16A3,,GTF2E1,RP11-22C11.2,RP11-314A5.1,SCGB1B2P,ATP5F1E,ATP5MPLP8,PPARA,MIR4720,RBM6,AKAP13,SOD2,TLR6,AKAP13,CYP26C1,RASGRP3-AS1,,CCDC183,DYRK1B,RNA5SP331,THBS2,ABCC11,HLA-DPA1,TRIM22,SPRR3,RP11-478C19.1,,PPP1R3L,TG,ATP5G3,CD3E,ATP5MGL,NELFCD,HHATL,ATP1A1,RNA5SP527
,CD278,RP11-449M6.3,MAPK6,GDE1,ETV1,ACMSD,SEC61B,MTMR7,RNA5SP88,ATP5MC1,RNA5SP525,IFRD1,RP11-266L9.1,PIGQ,RP11-449M6.3,ITGAL,CRYGD,HLA-DR,PSEN1,LILRB100,L1CAM,MPO,RP11-469A15.2,OSBPL10,PRSS23,NOS1,AC004947.2,NIBAN3,ATP6V1AR,RNU4-32P,NDUFS4,DIRAS2,DIRAS2,TNFRSF67,MIR4664,PBLD,GBP1,KIF27,LILRB1-AS1,ATP5PD,ILF3,RAB38,SPPL2B,LCK,RP3-474G15.1,RNU4-32P,TNFRSF27,RP11-515C16.7,,RNU6-745P,RP11-449M6.3,,RP11-691M16.2,MT-ND1,B3GALNT1P1,ATP6V0E1P4,RP11-449M6.3,EEF1E1,IL26,CD45R,GPX3,CXCR4,NDUFS3,,SNORD37,C16orf86,TP53,MIR6813,ATP5F1A,ATP5MPLP9,CPT2,AC013403.2,CAMKK1,RP11-449M6.3,HSPA1A,CD36,RP11-449M6.3,HSPA12B,HNRNPA1P15,,CCDC183-AS1,RP11-494M8.4,RNA5SP328,RP11-707A18.2,ABCC12,HLA-DPB1,RNU6-1140P,RP11-360F5.1,RNF157,,PPP1R3M,TSHR,ATP5H,IL6R,GSTM1,SLCO4A1,CENPQ,MAPK8,BMS1P14
,CD279,XXbac-BPGBPG34I8.5,TEX10,REX1BD,AGK,CTD-2555K7.1,COX6C,SLC7A2,RP4-536B24.2,ATP5MC2,RNA5SP530,LGALS14,RP11-322E11.2,CTC-273B12.5,XXbac-BPGBPG34I8.5,PDK2,ZFP3,NKG2A,PSEN2,LILRB101,RNU6-1027P,PON1,SPOCK1,TMC7,SNORA16A,NOS2,GSTM3,RP5-1057I20.6,ATP6V1AS,FRMD1,NDUFS5,ZFP57,ZFP57,TNFRSF68,RP11-457J19.1,PDCD5,GATA3,SNORD43,LILRB2,COX4I1,ILF3-DT,TRAPPC6A,FAM214B,CD28,SLC9A4,FRMD1,TNFRSF29,SMOC2,,CITF22-92A6.1,XXbac-BPGBPG34I8.5,,RP11-476K15.1,AC004947.2,AC009120.3,GCATP1,XXbac-BPGBPG34I8.5,NOP58,CDCA3,CD45RO,GPX4,CXCR5,HSPA1A,,RP11-628O18.1,RP11-12M5.1,RP11-327J17.2,RP11-164J1.2,ATP5F1,ATP5MPLP10,ACSL1,GIMAP2,RECQL,XXbac-BPGBPG34I8.5,RORA,CD14,XXbac-BPGBPG34I8.5,RNU6-167P,LINC01393,,CCDC184,BIRC3,RNA5SP327,LYPD6B,ABCC13,HLA-DQA1,IFI44L,LCE1C,SPAG6,,PPP1R3N,PTH,ATP5I,PTPN6,IFITM3,SLC17A9,RELT,MT-CO2,KB-68A7.2
,CD280,RP11-481A20.11,IGF1R,CRLF1,ALDH3B1,LAP3P2,AP2M1,ARF5,BIRC6,ATP5MC3,RNA5SP531,COX10,RP11-347C12.8,VSTM2A,RP11-481A20.11,ITGA3,PCDHAC2,CD107A,BACE1,LILRB102,PCBP1-AS1,GCFC2,LIMS2,ADCYAP1,MIR639,NOS3,SLC25A38,RP11-313J2.1,ATP6V1AT,ZNF34,NDUFS6,ENSG10010139297.1,ENSG10010139297.1,TNFRSF69,MIR4698,PDLIM1,SOD2,SIGLEC8,LILRB3,COX5A,ILK,STK10,COPZ2,ICOS,TSPYL5,ZNF34,TNFRSF6B,HPSE2,,CTC-523E23.10,RP11-481A20.11,,CTD-2540I13.2,LINC01539,RN7SKP120,PROS1,RP11-481A20.11,BOP1,C2CD5,CD45RA,PRDX1,CXCR6,HSPA1B,,RN7SL480P,FAM204BP,RP11-172E9.2,RP11-93H18.2,ATP5F1C,ATP5MPLP11,ACOX1,TBC1D30P1,VPS50,RP11-481A20.11,HLA-DRA,NOD2,RP11-481A20.11,MAPK3,FAM131B,,CCDC185,DEFB106B,RNA5SP323,TXNL1,ABCC2,HLA-DQB1,IFIT1,DLG5,GUCY1B3,,PPP1R3O,PTH1R,ATP5J,MAP3K8,MTND1P24,CDC25B,HGF,MT-CYB,MIR8074
,CD281,PRKAG2,ORC5,OSBPL7,TTC22,RP11-375N9.2,C1QC,SARM1,ATRAID,ATP5PB,RNA5SP541,GTF2IRD1,RP11-380D15.2,RNY1P3,PRKAG2,ITGA2B,RIMS3,PD-1,BACE2,LILRB103,MEF2A,WDR54,RP11-385J1.3,PRRT1,RP11-732A21.3,IL1RN,GABRR2,MAPK13,ATP6V1AU,AC124789.1,NDUFS7,RP11-831A10.1,RP11-831A10.1,TNFRSF70,RP11-22L13.1,PDZD7,IRF1,RP11-178C3.8,LILRB4,COX6C,ILKAP,ZFP36,PRKAR2B,CD40LG,FGF7P4,AC124789.1,TNFRSF9,LDHAP4,,GPR35,PRKAG2,,AL121908.1,RP11-314A5.1,ZBTB8OS,ATP5MC2,PRKAG2,GEMIN6,AICDA,CD45RB,PRDX2,CD3D,DNAJA1,,FNTA,RP11-630I15.2,RNU6-296P,RP11-219A15.2,ATP5F1D,ATP5MPLP12,SLC27A1,LINC01943,HSPB6,PRKAG2,IL10,CARD9,PRKAG2,ACYP2,LINC01164,,CCDC186,PTPN2,RNA5SP322,RPL17P22,ABCC3,HLA-E,IFIH1,C20orf27,RP11-1070N10.2,,PPP1R3P,CALCA,ATP5J2,AKT3,ATP5F1C,SLC52A3,COASY,CD3E,SOWAHCP5
,CD282,IQGAP3,ABCB8,TMEM98,PHTF2,LINC01761,COX7B,POLDIP2,AC073626.2,ATP5PD,RNA5SP545,PAF1,RP11-380F14.2,RN7SL305P,IQGAP3,ASB4,S100A16,IL2,GRIN1,LILRB104,ALDH18A1,CROT,RP11-108P20.2,PCLO,ADAM18,IL6R,C1QTNF9,TBL1XR1,ATP6V1AV,IGKV1OR22-1,NDUFS8,HTD2,HTD2,TNFRSF71,MIR3117,PEMT,HSPA1A,PDE2A,LILRB5,COX7A2,ILRUN,PCMT1,CREBBP,RP11-545A16.1,RP11-274B18.3,IGKV1OR22-1,TNFRSF10A,DDX39B-AS1,,SENP6,IQGAP3,,RNU1-38P,RP11-553M8.5,MIR4795,ATP6V1G1P2,IQGAP3,PPP1CC,IL17A,CD45RC,PRDX3,CD3E,HSP90AA1,,NBPF6,AL121601.1,RP11-513M16.7,RNU6-999P,ATP5F1E,ATP5MPLP13,FABP4,RP11-407N6.2,ARHGAP33,IQGAP3,STAT1,CLEC7A,IQGAP3,GNG5,COL5A2,,CCDC187,AQP1,RNA5SP311,ANKRD33B,ABCC4,HLA-F,GZMB,ZFYVE9,RP11-297N6.3,,PPP1R3Q,,ATP5L,IFIH1,NDUFB9,CDS2,GAS7,ATP2B1,RP11-667K14.13
,CD283,LINC01600,ACAP2,YBX2,CCL26,CTB-14A14.2,NDUFS4,PLXND1,ANGPTL5,ATP5PF,RNA5SP552,VPS41,RP11-411B10.2,RP3-467N11.2,LINC01600,GDE1,RP11-34O13.2,IL21,GRIN2A,LILRB105,UBOX5,ABCB4,HCAR3,KIAA0319,MIR4431,IL6ST,NCKIPSD,RNU6-244P,ATP6V1AW,RP11-54F2.1,NDUFV1,DUX4L35,DUX4L35,TNFRSF72,MIR3136,PHACTR3,CSF1R,ACOT2,LILRP1,COX17,ILRUN-AS1,TRIB3,TSPOAP1,AMIGO2,RP11-164O23.5,RP11-54F2.1,TNFRSF10B,PROM2,,ZSCAN1,LINC01600,,RNU6-129P,RP11-353N14.2,JPT1P1,ATP4B,LINC01600,BTF3,IL17F,CD45,PRDX4,CD3G,TXN,,RNA5SP443,RP11-294I12.3,RNU6-208P,AL589743.1,ATP5F1A,ATP5MPLP14,SLC16A1,RP11-499D5.3,NDUFAB1,LINC01600,NDUFA4,MUC2,LINC01600,FTH1P17,RP11-978I15.10,,CCDC188,TUBA3E,RNA5SP240,RP11-259K15.1,ABCC5,HLA-G,LINC02273,EIF4ENIF1,LINC01255,,PPP1R3R,,ATP5O,NDUFS3,ATP5PF,CDK5RAP1,LAMC3,TUBA1C,RP5-1024N4.6
,CD284,RP11-73G16.1,DIO2-AS1,KRT33A,FARP2,SCARNA3,AKR1C3,AK2,RPL35AP29,ATP5PO,RNA5SP553,ARHGAP44,RP11-438H24.3,RNA5SP338,RP11-73G16.1,REX1BD,RP11-466A19.1,IFNG,GRIN2B,LILRB106,RP11-14N7.2,KMT2E,PABPC1P13,PCDH17,MIR576,TNFRSF1A,FAM110C,INPP4B,ATP6V1AX,RNA5SP374,NDUFV2,RASA2-IT1,RASA2-IT1,TNFRSF73,RP11-54A14.2,PIF1,FOS,TMEM132B,LILRP2,UQCRFS1,ILRUNP1,PSMB5,MPO,PDRG1,RNU6ATAC7P,RNA5SP374,TNFRSF10C,MYO16,,RANP1,RP11-73G16.1,,RNU6-497P,AC008870.2,DENND5B-AS1,ATP8B4,RP11-73G16.1,TIMM10,CILK1,CD45R,PRDX5,CD28,TXNRD1,,MFAP1P1,LINC01592,RP11-217G2.3,NPM1P29,ATP5F1,ATP5MPLP15,CD36,ANKRD66,PDK4,RP11-73G16.1,CD28,REG3A,RP11-73G16.1,ZC3H12A,CTC-422A18.1,,CCDC189,CCT7,RNA5SP23,RNU6-1329P,ABCC5-AS1,NKG7,TRAC,TRIB2,LINC00571,,PPP1R3S,,ATP5S,RAB11FIP5,ATP5F1D,SLC32A1,CYP46A1,IL18R1,RP13-977J11.3
,CD285,RP11-148O21.2,RNF216,MAP3K14,USH1C,CTB-111H14.1,RPL23A,CD38,LINC02683,COX4I1,RNA5SP558,ELAC2,RP11-44D5.1,PRR33,RP11-148O21.2,CRLF1,LRFN1,GZMB,GRIN2C,LILRB107,PTH2R,RHBDD2,GSTA6P,TSHZ2,MIR548F1,TNFRSF1B,AC006033.2,TBC1D3P1-DHX40P1,ATP6V1AY,AL133243.2,NDUFV3,CCDC9B,CCDC9B,TNFRSF74,MIR4691,PKM,NR3C1,MIR548Y,MAILR,ALAS1,ILVBL,BCL2L1,PON1,ENSG10010139807.1,RP11-829H16.2,AL133243.2,TNFRSF10D,WDR61,,AF241725.6,RP11-148O21.2,,TSPO,RP11-229D11.1,EPHB4,MTATP6P29,RP11-148O21.2,RPL4,CD83,CD45RO,PRDX6,CD40,GSR,,RNU2-19P,SLC38A5,C20orf197,RP11-397C24.6,ATP5F1C,ATP5MPLP16,ABCA1,RP11-707A18.2,SLC22A16,RP11-148O21.2,TIGIT,DE,RP11-148O21.2,PDE1B,TNFAIP3,,CCDC190,RP11-404F10.1,RNA5S4,FAM90A20P,ABCC6,KLRK1,HLA-B,RPS18,C1orf101,,PPP1R3T,,ATP5J,TXN,ATP5F1G,CDH20,ATP2B4,PTPRC,FLJ42393
,CD286,FAM204DP,CDC20,ABCC8,GGCT,LINC02178,ATP5ME,FKBP4,LINC01549,COX4I2,RNA5SP568,SCIN,RP11-477N3.1,NF1P5,FAM204DP,OSBPL7,RPS6KL1,FOXP3,GRIN2D,LILRB108,HCG22,SOX8,RP11-217B19.1,TENM3,CTD-3247F14.3,IFNAR1,RP11-288L9.3,CTD-2124B8.2,ATP6V1AZ,RP11-708L7.7,SOD1,RP11-589C21.6,RP11-589C21.6,TNFRSF75,MIR3150BHG,PLA2G4A,CST7,CH17-268I9.2,MILR1,SLC16A1,ILVBL-AS1,HSP90AA1,GCFC2,TMEM244,RP11-379J13.1,RP11-708L7.7,TNFRSF11A,APBB2,,MEMO1,FAM204DP,,C12orf40,RNU6-17P,AC090960.1,MTATP6P8,FAM204DP,ANKRD36BP1,PCDHB2,CD45RA,NOS1,CD40LG,PRDX1,,RP11-977G19.14,AC012555.1,DLX1,RP13-459P17.4,ATP5F1D,ATP5MPLP17,NPC1,STX7,ZMYND10,FAM204DP,PDCD1,,FAM204DP,LINC02797,ZNF17,,CCDC191,RP11-71H4.1,RNA5SP126,FAM160A1,ABCC8,KLRD1,CD8A,PRSS41,HNRNPUL1,,PPP1R3U,,ATP5L,NDUFA4,NDUFA10,CDADC1,CYP24A1,JUNB,MIR7978
,CD287,JPH4,ANKHD1,CACNG3,DBF4,RP11-728K20.2,MAPK8IP3,KDM1A,CYP21A1P,COX5A,RNA5SP573,MYH13,RP11-497D6.5,ENSG10010137623.1,JPH4,TMEM98,TMEM8A,GATA3,GRIN3A,LILRB109,RP11-84A18.3,IBTK,KRTAP5-9,GABRG3,OR7E90P,IFNAR2,LINC02004,LIPT1P1,ATP6V1BA,RP11-380F14.2,SOD2,LINC00588,LINC00588,TNFRSF76,MIR3158-1,PLCD3,IFITM1,CYB5AP5,NEIL1,SLC25A11,LILRA1,DUSP1,WDR54,XRCC6,IGLV2-34,RP11-380F14.2,TNFRSF11B,RP11-444B5.1,,IGKV3-34,JPH4,,RNA5SP295,C2orf78,RP11-686F15.2,ATP6V0A4,JPH4,RPL15,CDH9,CD45RB,NOS2,CD80,PRDX2,,MIR548H5,RP11-161K4.3,MIR4280,SLC6A15,ATP5F1E,ATP5MPLP18,APOE,SNRPCP9,ABCB5,JPH4,MT-ATP6,,JPH4,RP11-226E5.6,FAM181A-AS1,,CCDC192,CLIC3,RNA5SP156,RP11-135F9.1,ABCC9,KLRC1,CD3D,POLR3K,SNHG16,,PPP1R3V,,ATP5H,BCL2,CYP2E1,SLC25A15,TIE1,NFE2L2,NCOA5LP
,CD288,RNU4-40P,TFAM,TMEM132A,TBXA2R,HNF4G,COX4I1,RBM6,MTND6P24,COX5B,RNA5SP576,ADIPOR2,RP11-497G19.1,RP11-881L2.1,RNU4-40P,YBX2,ZNF468,RORC,GRIN3B,LILRB110,LINC01207,ZNF195,DNAJC19P4,LRRC55,LA16c-380H5.6,IFNGR1,RP11-25K19.1,USP39,ATP6V1BB,MED28P5,GPX1,CKAP2L,CKAP2L,TNFRSF77,MIR3617,PLEKHG3,STAT1,SLC8A3,NEIL2,PDK4,LILRA2,DNAJA1,CROT,MARCHF11,SGCZ,MED28P5,TNFRSF12A,RP11-477J21.6,,LINC01123,RNU4-40P,,ATG7,IL10,CCND1,ATP5MFP4,RNU4-40P,FAM234B,PCDHB3,CD45RC,NOS3,CD86,PRDX6,,RP11-373D23.2,RP11-661A12.6,TRIM15,RNU6-736P,ATP5F1A,ATP5MPLP19,LRP1,GPR83,SLC25A13,RNU4-40P,NFE2L2,,RNU4-40P,LINC02171,AC159540.3,,CCDC194,SLC7A1,RNA5SP154,ADAM28,ABCD1,KLRC2,NKG7,RP11-161M6.2,FAM106A,,PPP1R3W,,ATP5K,ATP6AP2,NDUFB2,CCL22,CYBA,SOD2,MIR4524A
,CD289,GIMAP3P,GALNT6,AP2B1,IFRD1,CTC-429P9.4,PRDX2,CAMKK1,PRRT2,COX6A1,RNA5SP580,CDKL3,RP11-497H16.9,NSUN5P1,GIMAP3P,KRT33A,AC005682.7,TBX21,CAMK2A,LILRB111,FGF9,MYCBP2,VAT1,ZMAT4,MIR517A,IFNGR2,RP11-456P18.1,FKBP14,ATP6V1BC,LIPT1P1,GPX3,MARCHF11,MARCHF11,TNFRSF78,RP11-785D18.1,PLK1S1,MT-ND1,RP11-1166P10.6,NEIL3,PGC1A,LILRA4,PPP1R15A,KMT2E,CYP4Z2P,RP3-461F17.1,LIPT1P1,TNFRSF13B,AC010524.4,,DPY19L2P2,GIMAP3P,,RP11-314N24.10,RP11-574A11.1,RNU6-1031P,ATP5F1AP3,GIMAP3P,EEF1G,PCDHB5,CD45,NFE2L2,CD274,GPX1,,ARGLU1,RP11-84C13.3,HIVEP3,SNORA17,ATP5F1,ATP5MPLP20,APOC1,FOXP2,ST7,GIMAP3P,HSPD1,,GIMAP3P,LINC01107,NKAIN1P2,,CCDC195,RP11-284F21.2,RNA5SP150,TP73,ABCD2,KLRC3,KLRF1,AC104807.2,ZNF74,,PPP1R3X,,ATP5O,FOXP3,ATP5IF1,CCL17,MPHOSPH9,MT-ATP6,MIR937
,CD290,OR8C1P,FAM20C,TAC1,LGALS14,SNORA10B,CASP4,RECQL,RNA5SP72,COX6A2,RNA5SP584,UPP2,RP11-503G7.1,GALT,OR8C1P,MAP3K14,LYPLA1,PRF1,CAMK2B,LILRB112,RPS27AP8,FBXL3,ANKRD44,CRACR2A,RP11-737H13.1,IL10RA,RGS5,ZNF880,ATP6V1BD,LINC00489,CAT,TOMM40P1,TOMM40P1,TNFRSF79,MIR4756,PLPP3,BCL2,IGHVIII-82,NFIL3,PPARA,LILRA5,IER3,RHBDD2,MIR6745,RP11-449O16.2,LINC00489,TNFRSF13C,CSK,,SGO1-AS1,OR8C1P,,RNU6-53P,RP11-1092A1.3,CWC25,CRHR1,OR8C1P,RP11-505G18.1,PCDHB6,CD45R,KEAP1,ICOS,GPX4,,KANSL1L,RNU1-22P,RP11-55D17.3,TBC1D9B,ATP5F1C,ATP5MPLP21,ANGPTL4,ZNF707,CDC27,OR8C1P,NR3C1,,OR8C1P,LMAN2,RP11-513D4.1,,CCDC196,RP11-642D13.1,RNA5SP148,TMEM155,ABCD3,KLRC4,GNLY,CTD-2541M15.5,LINC00645,,PPP1R3Y,,ATP5A1,MAP3K5,COX4I1,ACD,GCLC,CREB1,MIR6843
,CD291,AC021218.2,CTSC,ZNF263,COX10,AC005160.3,PPIF,VPS50,CUEDC2,COX6B1,RNA5SP589,PRSS21,RP11-505E24.2,RP11-73F12.2,AC021218.2,ABCC8,MTX1,GZMB,CAMK2D,LILRB113,RP11-638O9.2,ITGAL,RP11-264A11.1,ZNF804A,PRSS57,IL10RB,GPR15,RP11-666O2.7,ATP6V1BE,CLDN7,PRDX1,MTCO3P42,MTCO3P42,TNFRSF80,MIR3935,PMVK,CX3CR1,TMEM104,NFILZ,PPARG,LILRA6,KLF6,SOX8,GPR45,FTSJ3,CLDN7,TNFRSF14,NFIC,,AC011525.4,AC021218.2,,RP11-1020K5.3,CTC-548K16.2,RP11-141J10.2,ATP6V0B,AC021218.2,RPS14,PCDHB7,CD45RO,GCLC,ICOSLG,SOD1,,BACE2-IT1,RP11-459K17.1,MRPL2,RP11-336K24.12,ATP5F1D,ATP5MPLP22,LEP,LINC01436,SLC4A1,AC021218.2,RGS2,,AC021218.2,CTSZ,POU6F2-AS2,,CCDC197,NRXN1,RNA5SP141,RP11-307C12.4,ABCD4,GZMA,PRF1,ZNF492,TMEM59,,PPP1R3Z,,ATP5B,RELA,ATP5MC3P1,CCDC113,USP36,TRAF6,RP11-542M13.4
,CD292,RP11-260L6.2,SHMT2,CX3CL1,GTF2IRD1,RP11-725F23.1,PTPN6,HSPB6,NPM1P13,COX6B2,RNA5SP591,MARK4,RP11-517P14.7,RP11-605F20.1,RP11-260L6.2,CACNG3,RP11-13N12.1,KLRK1,CAMK2G,LILRB114,GABPB2,PDK2,RP11-554A11.5,PCDHA9,MIR3175,IL2RA,ANXA6,FADS2B,ATP6V1BF,CAPSL,PRDX2,SNX29P1,SNX29P1,TNFRSF81,MIR3140,PNPLA7,P2RX7,PSG7,NKILA,PPARGC1A,LILRB1,HSPB1,IBTK,RP11-1096D5.2,SNORA22B,CAPSL,TNFRSF17,AVPR1A,,RPL32P7,RP11-260L6.2,,PTPN7,RP11-179A16.1,PFN1,ATP5MGP8,RP11-260L6.2,RPL12,PCDHB15,CD45RA,GCLM,BTLA,NQO1,,RP11-92A5.2,RP11-630B18.3,CHTOP,IL7,ATP5F1E,ATP5MPLP23,IL33,CTD-2006K23.1,CALCR,RP11-260L6.2,CCL2,,RP11-260L6.2,LINC01547,AL022393.9,,CCDC198,THNSL2,RNA5SP137,GABARAPL3,ABCE1,GZMB,GZMK,SMURF2,RP11-471J23.4,,PPP1R3AA,,ATP5C1,HMOX1,COX6C,SLC38A7,SARS1,NFKBIA,RP11-169L18.2
,CD293,PRRC2C,RPLP1,SPATA20,PAF1,RP11-202D18.2,NDUFB4,ARHGAP33,FLT1,COX6C,RNA5SP592,PROM1,RP11-54F2.1,SETBP1-DT,PRRC2C,TMEM132A,GRIA3,NKG7,MAPK1,LILRB115,TAF10,ITGA3,MC5R,SEZ6,RP11-340L3.1,IL2RB,RP11-79B8.4,PCARE,ATP6V1BG,CTC-235G5.3,PRDX3,LAMTOR3P1,LAMTOR3P1,TNFRSF82,MIR4286,PPARG,CASP1,RP11-747H12.4,PDILT,RXRA,LILRB1-AS1,HSPA8,ZNF195,MIR941-5,RP13-452N2.1,CTC-235G5.3,TNFRSF18,SCAMP1,,IRAG1-AS1,PRRC2C,,RNU6-86P,IL27RA,NTAN1P3,ATP1A2,PRRC2C,RPS5,IL12B,CD45RB,GSR,CD27,CASP1,,RP11-463D19.2,RP11-730F19.2,SPTLC2,RP11-167N10.1,ATP5F1A,ATP5MPLP24,IL1RL1,FAM227B,DVL2,PRRC2C,CD40LG,,PRRC2C,SLC17A1,TFEB,,CCDC200,WDR53,RNA5SP136,SLC6A8,ABCF1,GZMH,CCL4,RPL23AP7,HNRNPUL2,,PPP1R3AB,,ATP5D,BAX,COX6A1,SLC7A6OS,WNT16,CD14,RP11-674P19.3
,CD294,OAZ1,SERPINB6,CACNA1G,VPS41,PCDHA9,IL1RN,NDUFAB1,MCCD1,COX7A1,RNA5SP595,CCDC124,RP11-54O7.11,RP11-700F16.3,OAZ1,AP2B1,ARPC1B,CD8A,MAPK3,LILRB116,RP11-408A13.2,ITGA2B,MIR655,RYR3,UPK1A-AS1,IL2RG,MMP25,RP11-79E3.1,ATP6V1BH,CTD-2161E19.1,PRDX4,ENSG10010135103.1,ENSG10010135103.1,TNFRSF83,MIR3654,PPP1R14D,CYCS,CTD-2201E18.7,PILRA,ESRRA,LILRB2,RBX1,MYCBP2,RNU6-1101P,LINC01666,CTD-2161E19.1,TNFRSF19,MTMR11,,SLC43A3,OAZ1,,RNU6-107P,RPL27A,SNORD114-1,NATP,OAZ1,HNRNPC,CDH6,CD45RC,GSS,CD70,IL1RN,,MIR6790,PRIM1,GNB2,RNU6-970P,ATP5F1,ATP5MPLP25,SPP1,RP11-380N23.2,PRSS22,OAZ1,IL6ST,,OAZ1,RNU6-9P,CTB-180A7.3,,CCDC201,TMEFF1,RNA5SP133,CCNI2,ABCF2,GZMK,GZMA,RP11-713P17.3,RP11-148L4.3,,PPP1R3AC,,ATP5E,NFE2L2,NDUFA2,SLC7A6,NCKAP1,IL1B,RP11-273B20.5
,CD295,RN7SKP182,FAM71E2,TNFRSF12A,ARHGAP44,RP11-973N13.3,CYC1,PDK4,UBE2V1P12,COX7A2,RNA5SP599,CEACAM21,RP11-57G10.8,RPN1,RN7SKP182,TAC1,PPP1R27,CD4,MAPK8,LILRB117,FANCI,ASB4,RP11-572M14.1,SLC30A3,LINC00945,IL4R,RP11-98F18.2,RNU6-1072P,ATP6V1BI,LAMA5,PRDX5,FOXH1,FOXH1,TNFRSF84,MIR4693,PRAME,IL7R,CDK2AP2P3,PILRB,NRF1,LILRB3,MCL1,FBXL3,VPS13C,SLC19A2,LAMA5,TNFRSF21,RP4-671G15.2,,SYT14P1,RN7SKP182,,RP11-408N14.1,HNRNPA2B1,ENSG10010136773.1,ATP5F1E,RN7SKP182,SNRNP40,IL4,CD45,HMOX1,CD137,IL1R1,,RORA,RP11-707A18.1,RP11-364P22.3,EIF3J,ATP5F1C,ATP5MPLP26,MMP9,RP11-792A8.6,UPF1,RN7SKP182,TLR4,,RN7SKP182,PRDM15,HOXB6,,CCDC24,AC012354.1,RNA5SP131,RP11-203N24.3,ABCF3,PRF1,HLA-E,NCK1-AS1,TMEM198,,PPP1R3AD,,ATP5F1,NR3C1,ATP5MC1P1,MLYCD,RRP15,FOXP3,CTD-2337L2.1
,CD296,RP11-158I3.1,C1orf56,DLX6,ELAC2,MTND5P27,MRPL15,SLC22A16,RP11-96K19.4,COX7A2L,RNA5SP604,PAFAH1B1,RP11-58A17.2,UNQ6494,RP11-158I3.1,ZNF263,BASP1,CD28,MAPK9,LILRB118,RP11-152F13.2,GDE1,CTA-243E7.3,RGS7,CTD-2195B23.3,IL12RB1,SCARNA9L,TGFBI,ATP6V1BJ,ENSG10010135342.1,PRDX6,AC090505.5,AC090505.5,TNFRSF85,MIR4258,PRDM1,NDUFB3,RP11-359H18.2,PIWIL1,NRF2,LILRB4,DNAJB1,ITGAL,SMIM3,SNORD8,ENSG10010135342.1,TNFRSF25,DPY19L3,,CTD-2562J17.2,RP11-158I3.1,,CYP2F1,FBXO6,AC009784.4,NRROS,RP11-158I3.1,HNRNPH3,IL5,CD45R,NQO1,CD137L,TNFRSF10A,,SIGLEC9,ZCCHC7,SLC2A4,RP11-191L7.4,ATP5F1D,ATP5MPLP27,LGALS3,NIPSNAP1,SKAP2,RP11-158I3.1,CXCL10,,RP11-158I3.1,RNU6-571P,CHST13,,CCDC25,RP11-49O7.4,RNA5SP122,PMS2P11,ABCG1,STAT1,RNU6-867P,RP11-440D17.3,PRDM2,,PPP1R3AE,,ATP5G1,GATA3,NDUFB8,SLC7A5,SLC6A7,HLA-DRA,RP11-1415G13.1
,CD297,GASK1A,LINC00493,MAP3K9,SCIN,RP11-569D9.7,STAT1,ZMYND10,RBAK,COX7B,RNA5SP605,NOS2,RP11-644A7.3,FOXS1,GASK1A,CX3CL1,RP11-17A19.1,CTLA4,MAPK10,LILRB119,RP11-111E5.3,REX1BD,AC017104.2,SHISA6,RP11-536C5.2,IL12RB2,RP11-194P7.4,TNFAIP3,ATP6V1BK,GIMAP2,TXN,CPA5,CPA5,TNFRSF86,MIR4702,PRKAA1,NQO1,RP11-98I9.4,PIWIL2,CREB1,LILRB5,NR4A1,ASB4,AC103564.6,COA4,GIMAP2,TNFRSF27,NAA35,,PTOV1-AS2,GASK1A,,RP11-1094M14.1,RP11-356J5.2,ZNF638,ATP8B1,GASK1A,NDUFAF4P3,PCDHGA1,CD45RO,MAPK1,CD134,CXCL8,,RNU6-1227P,RP11-369C8.5,RNU6-1227P,RNU6-89P,ATP5F1E,ATP5MPLP28,CHI3L1,RP11-472A10.2,MCUB,GASK1A,CD4,,GASK1A,RP11-167N24.1,SNORD116-18,,CCDC26,MIR3178,RNA5SP159,LINC00324,ABCG2,STAT3,RNU6-196P,GPR85,POLE4,,PPP1R3AF,,ATP5G2,SLC25A4,ATP5POP1,CDIPT,SIKE1,CXCL8,RP11-76P17.4
,CD298,PHC2-AS1,HDAC6,RALA,MYO1F,RP11-336N8.1,NDUFA10,ABCB5,RP1-81D8.7,COX7B2,RNA5SP611,DNAH9,RP11-644F5.17,RN7SL554P,PHC2-AS1,SPATA20,ESM1,PDCD1,MAPK11,LILRB120,RNU6-775P,CRLF1,AADAC,FAM81B,FTH1P13,IL17RA,RP11-34P13.3,NF1P8,ATP6V1BL,ABCG5,TXNRD1,HERPUD2-AS1,HERPUD2-AS1,TNFRSF87,MIR3178,PRKCA,UCP2,CTD-2326C4.1,PIWIL3,HIF1A,LILRP1,GADD45B,GDE1,PACSIN2,LMO7DN-IT1,ABCG5,TNFRSF29,ADAD1,,CTD-2026J24.1,PHC2-AS1,,PPP2R5A,C6orf58,TRDN-AS1,UQCRHP2,PHC2-AS1,PSMA6,PCDHGA3,CD45RA,MAPK3,CD134L,CCL5,,KRTAP8-3P,LINC01686,RPL7AP15,RNF182,ATP5F1A,ATP5MPLP29,SAA1,RP11-542M13.3,HOXA11,PHC2-AS1,CD8A,,PHC2-AS1,LINC01315,MTG2,,CCDC27,EVA1C,RNA5SP120,ATP1A4,ABCG4,STAT5A,RNU6-942P,PARD3,RP11-295G20.2,,PPP1R3AG,,ATP5G3,CASP3,ATP5PDL,IL21R,MCF2L2,GZMA,RP11-47L11.1
,CD299,ACTR1B,ENPP5,BAIAP2L1,SLC35B4,RP5-1022I14.2,MRPL12,SLC25A13,ENSG10010138018.1,COX7C,RNA5SP612,KIAA0319,RP11-649A16.1,RP11-230C9.2,ACTR1B,CACNA1G,NECAP1,LAG3,MAPK12,LILRB121,KRT14,OSBPL7,C8orf37,FAM155A,GDF3,IL17RC,UBE2E2,RP11-1252D15.1,ATP6V1BM,LRRC14,TXNRD2,CTD-3118D11.2,CTD-3118D11.2,TNFRSF88,MIR3156-2,PRR11,HSPA8,RP11-103C3.4,PIWIL4,VEGFA,LILRP2,XBP1,CRLF1,IGFALS,RP11-166M16.1,LRRC14,TNFRSF6B,PPIAP8,,RP11-168F9.2,ACTR1B,,RNU6-1160P,WASF1,RN7SKP296,ATPSCKMT,ACTR1B,RPS9,PCDHGA4,CD45RB,MAPK8,CD30,CX3CR1,,LINC00686,MIR3661,CNPY3,RNU6-355P,ATP5F1,ATP5MPLP30,ORM1,FAM163A,POLR2J,ACTR1B,CX3CR1,,ACTR1B,THAP6,OR2B2,,CCDC28A,UBE2E3,RNA5SP119,RP11-799O7.2,ABCG5,STAT5B,RNU6-753P,RP11-455F5.4,ATP6V0E2,,PPP1R3AH,,ATP5H,UCP2,MTND4P12,SLC6A2,ERLEC1,NKG7,RP11-485G7.8
,CD300,RP11-162N7.1,FOXP1,KDM7A,ZFP64,RP11-113E21.3,NDUFV2,ST7,MIR6515,COX8A,RNA5SP616,NRBP1,RP11-708L7.7,RP11-761N21.2,RP11-162N7.1,TNFRSF12A,RP11-383D7.3,HAVCR2,MAPK13,LILRB122,PTPRC,TMEM98,CTB-179I1.2,PCDHAC1,SMYD5,TGFB1,AL137145.2,RPSAP12,ATP6V1BN,CTD-2547G23.2,TXNRD3,TMEM130,TMEM130,TNFRSF89,MIR4707,PSMG3,ATF4,GRIK1,PPIL1,NOS3,MAILR,MAP3K8,OSBPL7,JCHAIN,LINC01485,CTD-2547G23.2,TNFRSF9,GNAI3,,MGC16275,RP11-162N7.1,,PRKCA,COX7B,RAET1K,ATP5MF,RP11-162N7.1,RPL10,PCDHGA5,CD45RC,MAPK9,CD30L,CCR5,,RP11-155N3.4,RP11-73E3.4,RNU6-460P,RNU6-1088P,ATP5F1C,ATP5MPLP31,TJP1,AC091925.1,DHX33,RP11-162N7.1,IFNGR1,,RP11-162N7.1,RP11-247B23.2,RP11-374M1.5,,CCDC28A-AS1,RP11-37C7.1,RNA5SP116,MEGF11,ABCG8,IRF1,RNU6-1032P,RAB20,ARHGEF38,,PPP1R3AI,,ATP5I,STAT1,NDUFB1,CD276,NSUN2,IL7R,RP11-297L6.3
,CD301,RP13-895J2.6,TPST1,ETV1,CD300A,GYG1P1,MRPS17,CDC27,DRG1P1,COX8C,RNA5SP621,SRD5A1,RP11-715F3.2,KAT8,RP13-895J2.6,DLX6,EEF1A1P31,ENTPD1,MAPK14,LILRB123,RP11-66N24.2,YBX2,DDX11L5,GABRA5,FAM227A,TGFBR1,STOML1,IQCE,ATP6V1BO,FCRL4,GSR,SRP14P2,SRP14P2,TNFRSF90,MIR3934,PSTPIP2,TNF,RP4-552O12.3,PPIL1P1,EDN1,MILR1,JUNB,YBX2,NLRP10,H2BC2P,FCRL4,TNFRSF10A,NODAL,,NDUFAF6,RP13-895J2.6,,RP11-442H21.1,MT2A,RP11-793K1.1,ATP6V1G1,RP13-895J2.6,RPL9,PCDHGA6,CD45,MAPK14,CD19,CCR7,,OR4F8BP,RP11-152P17.1,C15orf39,C7orf69,ATP5F1D,ATP5MPLP32,OCLN,RP11-499K18.5,MEOX1,RP13-895J2.6,SOCS1,,RP13-895J2.6,RP11-1004B15.1,MPZL1,,CCDC28B,FAM89A,RNA5SP112,IFITM10,ABHD1,IRF3,RNU6-395P,FAM3B,VPS13C,,PPP1R3AJ,,ATP5J,TNFRSF1A,ATP5MG2,SLC30A4,INSRR,CCL2,RP11-79K3.1
,CD302,RN7SL233P,SPTBN1,AGK,CD300LF,SLC27A2,PRKCD,SLC4A1,AJ006998.2,NDUFA1,RNA5SP622,KLHL20,RP11-763B22.11,SRSF9,RN7SL233P,MAP3K9,RP11-57A20.2,CD38,MAP2K1,LILRB124,TBC1D3F,KRT33A,DLEU2L,KCNV1,LINC02413,TGFBR2,CYP4F11,RN7SL199P,ATP6V1BP,TCAF2C,GCLC,RNA5SP106,RNA5SP106,TNFRSF91,MIR4762,PTGES,GZMB,MIR6080,PPIL2,ADRA1B,NEIL1,TXNIP,KRT33A,KRT26,AC005197.2,TCAF2C,TNFRSF10B,FAM221A,,RP11-138A23.2,RN7SL233P,,EPHB2,CD8A,CTB-139P11.2,ATP5F1D,RN7SL233P,VPS37B,PCDHGA7,CD45R,JUN,CD20,TLR2,,ADAM18,RNU6-1371P,MIR6746,RP11-200C7.1,ATP5F1E,ATP5MPLP33,CLDN3,LINC01062,THSD7A,RN7SL233P,S100A8,,RN7SL233P,HEATR5A,KIF3A,,CCDC3,RP11-264B14.3,RNA5SP108,RP11-480A16.2,ABHD10,IRF5,RNU6-295P,TUBA1C,ACBD3,,PPP1R3AK,,ATP5J2,CD14,MTND6P10,IL7,EHD3,TNF,CAPN1
,CD303,RP11-1110F20.1,ACADM,ALDH3B1,TNFRSF1A,RP11-329B9.4,ARPC1B,CALCR,XXbac-BPG258E24.10,NDUFA2,RNA5SP625,WNT8A,RP11-810K23.7,LINC02645,RP11-1110F20.1,RALA,PDLIM2,CD39,MAP2K2,LILRB125,RNU6-83P,MAP3K14,AC004899.3,TENM2,MED6,TGFBR3,HIVEP3,SKAP1-AS1,ATP6V1BQ,ADGRL1-AS1,GCLM,IRX3,IRX3,TNFRSF92,MIR4296,PTGFR,NOS2,S100A7A,PPIL3,ADRA2A,NEIL2,PPP1R10,MAP3K14,RP11-894P9.1,RPS20P13,ADGRL1-AS1,TNFRSF10C,RP11-346D19.1,,JAG1,RP11-1110F20.1,,GTF2H5,RP11-216F4.1,LINC00028,ATP5F1BP1,RP11-1110F20.1,SNRNP48,PCDHGA8,CD45RO,FOS,CD22,NOD2,,C5AR1,BMS1P7,RNU6-1028P,RP11-112M7.1,ATP5F1A,ATP5MPLP34,CLDN4,AC109786.1,LIG3,RP11-1110F20.1,TNF,,RP11-1110F20.1,FAM90A25P,MIR592,,CCDC30,KCNMA1,RNA5SP106,RP11-562L8.1,ABHD11,IRF7,GADD45A,DCAF6,EEF1DP3,,PPP1R3AL,,ATP5L,HSPD1P2,ATP5PB2,SLC39A14,CNTN1,IL2RA,FAS
,CD304,BTF3L4,GJA1,TTC22,TNFSF13B,ID1,EEF1A1,DVL2,CTC-367F4.1,NDUFA3,RNA5SP629,CELSR3,RP11-85O21.2,SSTR4,BTF3L4,BAIAP2,RP11-322M19.1,TIM3,MAP2K3,LILRB126,RNU6-1246P,ABCC8,ODAD3,PCDH11X,DDX50P2,ADRB1,RPL22L1,VENTXP6,ATP6V1BR,MTCO1P14,GSS,ACTA2-AS1,ACTA2-AS1,TNFRSF93,MIR4725,PTGIR,ITGAX,ZNF350,PPIL4,AGTR1,NEIL3,MKNK2,CACNG3,RP11-290L1.4,MAL,MTCO1P14,TNFRSF10D,AC092573.2,,LMX1A,BTF3L4,,RP11-640M9.1,GPR88,MTND6P3,ATP6V1B1,BTF3L4,NDUFAF4,PCDHGA9,CD45RA,FOSB,CD24,RIGI,,RNU6-100P,AC012476.1,MIR548V,TNNI3,ATP5F1,ATP5MPLP35,CLDN1,AL355916.1,RPAP3,BTF3L4,TLR9,,BTF3L4,ACBD4,CEND1P1,,CCDC32,RP11-73M18.1,RNA5SP105,C3orf80,ABHD11-AS1,IRF8,MT-ND1,RPL23AP32,SNORA21,,PPP1R3AM,,ATP5O,IL1R1,ATP5F1AL1,SLC17A7,C2orf83,IFNG,ISOC2
,CD305,RNU6-1170P,PTPN6,PHTF2,TNFSF14,RP3-477M7.5,TOMM20,PRSS22,RP11-644N4.1,NDUFA4,RNA5SP630,CPEB1,RP11-874G11.1,TRAPPC12,RNU6-1170P,,NIPAL1,HLA-DR,MAP2K4,LILRB127,ACOT11,CACNG3,STARD13,NEGR1,RP11-532F6.3,ADRB2,SUSD5,RN7SKP37,ATP6V1BS,MTRNR2L7,GSTP1,FAM8A6P,FAM8A6P,TNFRSF94,MIR4533,PTP4A3,MMP9,XPO7,PPIL6,SLC6A2,NFIL3,OSGIN1,AP2B1,FETUB,ANKRD26P2,MTRNR2L7,TNFRSF11A,RN7SKP193,,IGHV3OR16-15,RNU6-1170P,,RP11-527P18.1,NR4A1,SPOCK1,ATP8A2,RNU6-1170P,RPS7,PCDHGA10,CD45RB,FOSL1,CD38,IFI27,,PGAM1P8,RNU6-484P,RNU6-271P,SLC12A8,ATP5F1C,ATP5MPLP36,DEFA1,LINC00467,ACSM3,RNU6-1170P,IRF7,,RNU6-1170P,RP11-88K21.2,RP11-75C10.6,,CCDC33,TCTEX1D4,RNA5SP100,AC015712.2,ABHD12,IRF9,NDUFA6,CLMN,CEP68,,PPP1R3AN,,ATP5S,RPTOR,ATP5ME2,CD37,PYGM,IL10,UFD1
,CD306,PPIL1P1,CEP162,CCL26,MAPK14,FAM205C,SDHB,UPF1,PEX6,NDUFA5,RNA5SP637,CYP27B1,RP11-96K14.1,MIR345,PPIL1P1,,ATP11A,NKG2A,MAP2K5,LILRB128,RP11-12M5.1,TMEM132A,RP11-740D6.3,CUX2,FAM180A,ADRA1A,PRMT2,RP11-388E23.2,ATP6V1BT,REG1A,GSTT1,RN7SKP239,RN7SKP239,TNFRSF95,MIR4723,PTPRC,IL6,CYCSP30,RAB3IL1,SLC6A3,NFILZ,CDC42EP1,TAC1,IGLV7-35,RP1-46C2.3,REG1A,TNFRSF11B,ZNF252P-AS1,,RP11-697B24.1,PPIL1P1,,RNU1-75P,MYO1G,RNU1-89P,ATP5MC1P3,PPIL1P1,RPL27,PCDHGA11,CD45RC,FOSL2,CD72,IFI44L,,RP3-495K2.5,PGR,SLC6A14,RNU6-86P,ATP5F1D,ATP5MPLP37,REG3A,RBAK,REXO5,PPIL1P1,CEBPB,,PPIL1P1,GSTA1,TACC1,,CCDC34,STARD3,RNA5S6,MCUB,ABHD13,JAK1,UQCRB,PDK1,GSTM5,,PPP1R3AO,,ATP5J,VEGFA,COX6CP1,IL4I1,NFYA,STAT1,NT5C2
,CD307,RP11-495K9.9,SUGP2,FARP2,STAT1,RP11-340I6.13,NDUFA3,SKAP2,CLSPN,NDUFA6,RNA5SP639,USP44,RP13-1039J1.3,TPO,RP11-495K9.9,,C16orf86,CD107A,MAP2K6,LILRB129,RP11-23P21.2,,PIK3CB,RIT2,RP11-297C4.2,ADRA1B,MIR3142HG,RP11-498D10.3,ATP6V1BU,RP4-640E24.1,GSTM1,RP11-145A3.1,RP11-145A3.1,TNFRSF96,MIR4653,PVRIG,CXCL10,MIR4427,RADIL,CACNA1C,NFKBIL1,TNFAIP3,CX3CL1,CA1,AIG1,RP4-640E24.1,TNFRSF12A,MTOR,,SDAD1,RP11-495K9.9,,MTATP6P1,EFCAB14,LINC02616,ATP5PF,RP11-495K9.9,RPS17,PCDHGA12,CD45,EGR1,CD79A,ISG15,,H6PD,RP11-382A18.2,TRMT1,TRIM38,ATP5F1E,ATP5MPLP38,LTF,RP11-408E5.7,CIAPIN1,RP11-495K9.9,IL1B,,RP11-495K9.9,PLS3,RP11-375N9.4,,CCDC34P1,SNRPA,RNA5SP158,MUC22,ABHD14A,JAK2,ATP5F1E,CYP2J2,GABPB2,,PPP1R3AP,,ATP5L,BCL10,NDUFS6,CCDC130,GPRC5A,MX1,LRCH4
,CD308,RN7SL526P,PRKAG2,USH1C,STAT3,RP11-100G15.12,MRPL3,MCUB,CHD7,NDUFA7,RNA5SP642,CCNO,RP13-638C3.4,RP11-312J18.6,RN7SL526P,,ANKRD17,PD-1,MAP2K7,LILRB130,RP11-408A13.1,,RP5-991C6.4,CDH10,RP11-509E10.1,ADRA1D,UQCC3,HIF1A-AS3,ATP6V1BV,MTND2P30,GSTK1,RP11-1149M10.2,RP11-1149M10.2,TNFRSF97,MIR3919,PYDC1,IDO1,RP11-701H24.12,RILP,KCNQ1,NKILA,CHORDC1,SPATA20,ZPBP,RP11-309L6.1,MTND2P30,TNFRSF13B,DOHH,,RP11-99E15.3,RN7SL526P,,SPOCD1,RP11-89K21.1,ALDH8A1,ATP13A4,RN7SL526P,DDX17,PCDHGA13,CD45R,EGR2,CD79B,OAS3,,GNG13,RP11-478D10.1,PPP1R3B,HSPA2,ATP5F1A,ATP5MPLP39,LYZ,C12orf42,SPPL2B,RN7SL526P,CASP1,,RN7SL526P,ENSG10010143456.1,ZEB2P1,,CCDC37-DT,EIF4E3,RNA5SP162,RP11-80H5.7,ABHD14B,JAK3,COX7A2,PSMB4,MAF,,PPP1R3AQ,,ATP5H,CD38,ATP5MC2P1,LILRB1,PNKP,ISG15,LRP2
,CD309,RN7SL484P,XPA,GGCT,BCL2L11,LINC02088,SLC25A5,HOXA11,COX5BP7,NDUFA8,RNA5SP648,ANKS1B,RP13-895J2.7,CTD-2325A15.5,RN7SL484P,,MRPL16,IL2,MAP3K1,LILRB131,TMEM41A,,LL22NC03-N95F10.1,GABBR2,RP4-811M8.1,ADRA2A,RP11-287L23.2,RP5-902P8.12,ATP6V1BW,RP11-503G7.1,NOS1,RP11-832N8.1,RP11-832N8.1,TNFRSF98,MIR4786,QRICH1,IL1B,LRRC36,RILPL1,KCNH2,PDILT,PPP1R14A,TNFRSF12A,NLGN4Y,CTB-191K22.5,RP11-503G7.1,TNFRSF13C,C3orf36,,OTX2P1,RN7SL484P,,CTD-2353A12.1,TADA1,RASGRF2-AS1,PPATP1,RN7SL484P,RPL3,PCDHGA14,CD45RO,EGR3,CD81,RNASEL,,FGF7P8,RP11-18I14.4,FCRLA,RP11-50A6.1,ATP5F1,ATP5MPLP40,RP4-564M11.4,NUP98,FAM214B,RN7SL484P,MAPK14,,RN7SL484P,FGFBP2,MALT1-AS1,,CCDC38,TRIM9,RNA5SP227,STK35,ABHD15,TYK2,NDUFS5,RP11-419J21.3,ADORA1,,PPP1R3AR,,ATP5K,IL7R,NDUFA4,LILRA1,RNF10,IFI27,C20orf194
,CD310,FGFR1OP2,SH3BP1,DBF4,NDUFA10,LINC02736,RPS8,POLR2J,RP11-341N18.1,NDUFA9,RNA5SP653,PTGES2,RP4-604P14.2,HSP90AA2P,FGFR1OP2,,HTR1D,IL21,MAP3K2,LILRB132,SRP9,,SLC35D1,TRPC4,LL22NC03-102D1.16,ADRA2B,RP11-416B14.3,RP11-849N15.5,ATP6V1BX,IRGM,NOS2,RNA5-8SN2,RNA5-8SN2,TNFRSF99,MIR4647,RASL11A,CXCL9,LPAR5,RILPL2,HCN4,PILRA,PIM1,DLX6,RPL13AP7,C10orf67,IRGM,TNFRSF14,CD44,,RNU6-563P,FGFR1OP2,,RP11-521N3.5,MT-ND3,SNRPD2P2,CRHBP,FGFR1OP2,RPS4X,PCDHGB1,CD45RA,EGR4,CD83,TREX1,,RP11-361H10.3,GPR173,RP11-525D5.3,RP11-732K21.1,ATP5F1C,ATP5MPLP41,CLC,USP21,COPZ2,FGFR1OP2,NOS2,,FGFR1OP2,SYNGR1,RP11-689B22.2,,CCDC39,TGFBR1,RNA5SP192,AC093609.1,ABHD16A,SOCS1,UQCRH,LINC01426,AC104135.3,,PPP1R3AS,,ATP5O,ZAP70,ATP5J,CCDC61,SDK2,OAS1,MYO3A
,CD311,RP11-849F2.4,PLK1,TBXA2R,UQCRC2,RP3-377H17.4,SEC61G,DHX33,CSF2RBP1,NDUFA10,RNA5SP655,PEAR1,RP4-640E24.1,CTD-2302E22.6,RP11-849F2.4,,GLIS2,IFNG,MAP3K3,LILRB133,LINC01761,,MIR6826,NCS1,MIR3618,ADRA2C,GOLGA6L10,SNORD113-1,ATP6V1BY,AC079776.6,NOS3,RP11-450H6.3,RP11-450H6.3,TNFRSF100,MIR3671,RCAN3,PTGS2,RP11-363P13.2,SIL1,SCN5A,PILRB,KLF10,RALA,ZNF787,SNORA40,AC079776.6,TNFRSF17,YWHAQ,,OR1E1,RP11-849F2.4,,TMEM141,CDKN1A,TAF11,ATP8A2P2,RP11-849F2.4,EXOSC5,PCDHGB2,CD45RB,NFKBIA,CD86,FOXP1,,MPPED2,RP11-90P2.5,RP11-320H14.4,RP11-555D20.1,ATP5F1D,ATP5MPLP42,OR2W1,ARMCX5-GPRASP2,PRKAR2B,RP11-849F2.4,PTGS2,,RP11-849F2.4,TGFBI,MB,,CCDC39-AS1,WARS2,RNA5SP225,RP11-732G13.1,ABHD16B,SOCS3,ATP5MC1,RP11-439A17.9,RP11-122M14.1,,PPP1R3AT,,ATP5A1,MT-ATP6,COX7A2,IL27RA,GRAMD1B,CXCL10,SUSD6
,CD312,RNA5SP156,AKAP8L,IFRD1,SOD2,LINC00836,MRPL13,MEOX1,IGHD1OR15-1A,NDUFA11,RNA5SP660,GP1BB,RP5-1173I20.1,MS4A4A,RNA5SP156,,TMEM191A,GZMB,MAP3K4,LILRB134,RNU6-1143P,,RP13-1039J1.3,TRPM3,SCAMP2,SLC6A2,NDUFAF6,VAV3,ATP6V1BZ,GSTK1,CYBA,XRRA1,XRRA1,TNFRSF101,MIR4418,RELL2,SOCS3,STAT5A,SILC1,RYR2,PIWIL1,CREM,BAIAP2L1,KCNK10,FAM83B,GSTK1,TNFRSF18,AC073987.1,,RNU6-1090P,RNA5SP156,,RP11-38F22.2,GSTM3,REG4,ATP5IF1,RNA5SP156,RPS3A,PCDHGB3,CD45RC,NFKBIB,CD95,FOXP2,,ZNF580,RP11-20F24.3,NDUFB2,RNU6-1038P,ATP5F1E,ATP5MPLP43,RP4-742C19.12,C5orf34,CREBBP,RNA5SP156,RELA,,RNA5SP156,SERPINE1,RNF11P1,,CCDC40,RNF166,RNA5SP222,BCLAF3,ABHD17A,FOXP3,NDUFB2,CMTM3,LYSMD2,,PPP1R3AU,,ATP5B,SIRT1,NDUFS4,ILVBL,KCNG1,IRF7,SGK2
,CD313,RP11-120K19.3,HNRNPAB,LGALS14,NFE2L2,MUC4,GZMA,THSD7A,OR10Q2P,NDUFA12,RNA5SP667,ATP5F1E,RP5-931K24.3,CTD-2313J17.1,RP11-120K19.3,,RP11-255H23.2,FOXP3,MAP3K5,LILRB135,GPR50,,AC018880.1,LRRTM1,OSBPL1A,SLC6A3,PLA2G4F,TG,ATP6V1CA,RNU7-116P,CYBB,RPS26P39,RPS26P39,TNFRSF102,MIR4271,RETREG3,IFNG,MIR4707,SKIL,CACNB2,PIWIL2,ZFP36L1,ETV1,RPL23AP88,RAD17,RNU7-116P,TNFRSF19,SLC45A3,,RP11-890B15.3,RP11-120K19.3,,FIGN,GAPDH,RP11-40H20.4,MTATP6P7,RP11-120K19.3,GNB2L1,PCDHGB4,CD45,NFKBIE,CD95L,STAT5A,,RP3-527G5.1,RP11-379F4.4,ARHGAP12,RP11-179A4.1,ATP5F1A,ATP5MPLP44,MYO18A,CTD-2310F17.1,TSPOAP1,RP11-120K19.3,HLA-DRB1,,RP11-120K19.3,RP11-308D16.1,RP11-65E10.1,,CCDC42,KRTCAP3,RNA5SP217,CD46P1,ABHD17AP1,TIGIT,ATP5IF1,KLRC3,RNU1-81P,,PPP1R3AV,,ATP5C1,CSF1R,ATP5G3,SLC1A6,RGPD5,RSAD2,TSNAXIP1
,CD314,CDV3P1,TTLL6,COX10,NRF1,LINC02826,CCT7,LIG3,MC1R,NDUFA13,RNA5SP672,IL18R1,RPL12P5,RP11-19E18.2,CDV3P1,,CUX2,GATA3,MAP3K6,LILRB136,RP11-408A13.6,,GCC2,CNTN6,VDAC2P4,SLC6A4,NLRP3,SLC66A3,ATP6V1CB,DNAJC25,NCF1,AC074019.1,AC074019.1,TNFRSF103,MIR4745,RFX1,CD14,RP11-90J7.2,SMILR,PLN,PIWIL3,BHLHE40,AGK,AL157778.1,AC010240.2,DNAJC25,TNFRSF21,RP11-67L14.2,,LINC01999,CDV3P1,,RNU6-8P,AC011445.1,NBPF7,ATP5F1CP1,CDV3P1,RPL11,PCDHGB5,CD45R,IL6R,CD152,SOCS1,,MIR2392,GOLGA6L2,DPY19L4P2,RNU6-1249P,ATP5F1,ATP5MPLP45,CTD-2195M15.3,FAM98A,MPO,CDV3P1,FOXP1,,CDV3P1,TMEM256,GP5,,CCDC43,OR2T12,RNA5SP216,TUBGCP6,ABHD17AP2,CTLA4,COX6C,RP11-472N24.5,RP11-344B23.2,,PPP1R3AW,,ATP5D,S100A8,ATP5L,PDCD5,APBA2,IFI44,CLCN7
,CD315,NFYAP1,RPL19P6,GTF2IRD1,IL6,RP11-302L19.4,COX6A1,RPAP3,RP11-139E5.1,NDUFB1,RNA5SP676,ARID5A,RPL27AP4,SCGB1C1,NFYAP1,,CTC-432M15.3,RORC,MAP3K7,LILRB137,RP11-404M15.3,,RP5-1125M8.2,MIR7-3HG,RP11-677M14.8,HTR1A,VIM-AS1,RP11-445H22.5,ATP6V1CC,RP11-411B10.2,NCF2,HNRNPA3P8,HNRNPA3P8,TNFRSF104,MIR4701,RGL3,ICAM1,XXbac-BPG55C20.7,STAG3L5P-PVRIG2P-PILRB,GNAS,PIWIL4,BTG1,ALDH3B1,RPS3AP54,RP5-899E9.2,RP11-411B10.2,TNFRSF25,ATE1-AS1,,RPL32P20,NFYAP1,,RP11-445K23.1,HLA-DPB1,RP11-477L16.2,UQCRHP1,NFYAP1,RPS8,PCDHGB6,CD45RO,IL6ST,CD154,SOCS3,,RP3-416H24.7,RP11-265D24.6,SPINT1,RNU6-210P,ATP5F1C,ATP5MPLP46,OBI1-AS1,CTD-2253E19.4,PON1,NFYAP1,HLA-A,,NFYAP1,RP11-484D2.3,GRIK4,,CCDC47,TRIOBP,RNA5SP214,STK19B,ABHD17B,PDCD1,COX7C,FAM76A,RP11-145M9.4,,PPP1R3AX,,ATP5E,CX3CR1,ATP5I,SLC1A5,SS18L2,IFIT3,DHDH
,CD316,CTB-113I20.1,NR2C2,PAF1,IL10,NNMT,MRPS23,ACSM3,ADAMTS19,NDUFB2,RNA5SP682,MTHFD2,RPS28P4,AP006748.1,CTB-113I20.1,,RP11-669E14.1,TBX21,MAP3K8,LILRB138,RP11-1034M5.4,,DDX10P1,VSTM2A,KSR1P1,HTR1B,LRRK1,RNU1-100P,ATP6V1CD,LINC02266,NCF4,CTB-98M4.1,CTB-98M4.1,TNFRSF105,MIR4694,RGS2,ISG15,RP4-568F9.6,STIL,MC2R,PPIL1,GADD45G,TTC22,ENSG00000286206.1,GPR162,LINC02266,TNFRSF27,RP11-168F16.1,,LINC02022,CTB-113I20.1,,RP11-3K24.3,MT-ND6,RP11-609L3.3,ATP6V1E1P3,CTB-113I20.1,RPL13,PCDHGB7,CD45RA,LEP,CD178,CREB1,,FUT1,RNU6-41P,RNU6-62P,MIR4251,ATP5F1D,ATP5MPLP47,RP11-66N24.3,RP11-1106N20.2,GCFC2,CTB-113I20.1,NFKBIA,,CTB-113I20.1,SPDEF,GTF2IP4,,CCDC50,RP11-497E19.1,RNA5SP203,RP11-730K11.1,ABHD17C,LAG3,NDUFB6,DCAF17,AC005552.1,,PPP1R3AY,,ATP5F1,IL10,ATP5J2,CCDC9,CC2D2A,OAS3,CADM4
,CD317,CTD-2357A8.2,OGT,VPS41,IFNG,SOBP,ATP5MC3,REXO5,ENTPD7,NDUFB3,RNA5SP689,CD180,SCN3A,RP11-665E10.2,CTD-2357A8.2,,SLC30A8,PRF1,MAP3K9,LILRB139,CYP26C1,,RP11-1046B16.3,DPP10,SLC9A9-AS1,HTR2A,RP11-630A16.2,ENSG10010137697.1,ATP6V1CE,WDR20,P2RX7,CATIP-AS2,CATIP-AS2,TNFRSF106,MIR3612,RNF141,HIF1A,RP11-485M7.5,SVIL,CRHR1,PPIL1P1,NFKBIA,PHTF2,RP11-693M3.2,MED15P9,WDR20,TNFRSF29,LINC01229,,MOB4P2,CTD-2357A8.2,,GGT5,RAB8A,ZNF383,ATP5MGP5,CTD-2357A8.2,RPL7,PCDHGB8,CD45RB,LEPR,CD279,ADCYAP1,,MTND6P7,CTD-2191J4.2,C5orf22,LINC00630,ATP5F1E,ATP5MPLP48,TAS2R62P,BOD1L1,WDR54,CTD-2357A8.2,BCL2,,CTD-2357A8.2,SNORA24,MTCO3P30,,CCDC51,RP11-161L1.1,RNA5SP197,SNORD54,ABHD18,HAVCR2,COX6A1,S100A14,GNPDA2,,PPP1R3AZ,,ATP5G1,NDUFB8,COX5BP1,CD79A,FAM114A2,IFIT1,CCSER2
,CD318,KTI12,RAB3B,ARHGAP44,TNF,LPL,MRPS12,CIAPIN1,CH17-112M04.1,NDUFB4,RNA5SP691,MTRF1L,SEC62,CDCP1,KTI12,,GABRA5,GZMB,MAP3K10,LILRB140,GJA4,,GAPDHP66,NRXN1,HMGB1P9,HTR2C,CHMP1A,MTND5P24,ATP6V1CF,CTC-459F4.6,P2RY2,ID1,ID1,TNFRSF107,MIR3621,RNF5,CCL2,TRAJ14,SVIL-AS1,CRHR2,PPIL2,IER2,CCL26,CYP4F26P,BOLA2P3,CTC-459F4.6,TNFRSF6B,RP11-468F18.5,,AC092684.1,KTI12,,RNU6-856P,NDFIP2,HOOK3,PROSER2-AS1,KTI12,RPL8,PCDHGB9,CD45RC,CRH,CD357,NR3C2,,RNU4ATAC4P,RP11-1102L8.3,WNT2,HSPA5,ATP5F1A,ATP5MPLP49,RN7SKP227,RP11-524K10.3,CROT,KTI12,FOS,,KTI12,RN7SL738P,RP11-269C4.2,,CCDC54,TP53INP1,RNA5SP195,ZNF292,ABHD2,TOX,CYCS,RP11-89N17.2,RP11-315N14.4,,PPP1R3BA,,ATP5G2,CRP,COX5A2,CD33,MAP4K3,DDX58,CD5
,CD319,UBQLN1P1,SUSD4,ELAC2,TGFB1,CTD-2040G12.2,NDUFA1,SPPL2B,TTYH3,NDUFB5,RNA5SP699,CARD14,SEPHS1P6,COL8A2,UBQLN1P1,,SLC35B4,KLRK1,MAP3K11,LILRB141,CD22,,ZNHIT3,PCDH20,MIR2117,HTR3A,RP11-113O24.2,RP13-131K19.8,ATP6V1CG,LINC02600,AIF1,POLL,POLL,TNFRSF108,MIR4513,RORA,MX1,EML4,SVIL2P,NR3C2,PPIL3,CSRNP1,FARP2,AL451085.2,ACSS1,LINC02600,TNFRSF9,AC004691.5,,LINC01017,UBQLN1P1,,GPR15,HNRNPM,RP11-543D5.2,MTATP6P23,UBQLN1P1,RPL30,PCDHGB10,CD45,CRHR1,CD358,CRH,,LINC02099,RP11-20E21.4,MIR3923,STK24,ATP5F1,ATP5MPLP50,RP11-69L16.5,AL512294.2,ABCB4,UBQLN1P1,VEGFA,,UBQLN1P1,OR5B21,RP11-98D18.2,,CCDC57,H3P47,RNA5SP193,SLC24A2,ABHD3,BATF,MT-CO2,ELOVL7,WDR25,,PPP1R3BB,,ATP5G3,CTLA4,NDUFB4,CDC37,NISCH,TRIM22,TBX18
,CD320,MARVELD2,MED24,SCIN,IL1B,AC055764.1,TIMM13,FAM214B,PLA2G12AP2,NDUFB6,RNA5SP704,ANXA5,SETBP1-DT,ADAM10,MARVELD2,,SYTL5,NKG7,MAP3K12,LILRB142,RNU6-682P,,CNTNAP3P5,CASC3,RP11-167N4.2,HTR3B,KDM4B,RP11-123C21.1,ATP6V1CH,RNU2-4P,CD68,MNX1-AS1,MNX1-AS1,TNFRSF109,MIR3936,RPS15,IL10,EHD1,TBILA,HSD11B2,PPIL4,SOCS3,USH1C,RP11-420K6.1,RNU6-1128P,RNU2-4P,TNFRSF10A,RP5-856G1.1,,ADCYAP1R1,MARVELD2,,AC091057.2,RPS28,IL1RAP,ATP5MFP2,MARVELD2,RPL13A,PCDHGB11,CD45R,CRHR2,CD360,AVP,,AC013271.5,RP11-48B3.2,ASB3,RP11-128C4.4,ATP5F1C,ATP5MPLP51,PPIB,RP11-473L15.2,KMT2E,MARVELD2,EDN1,,MARVELD2,ARHGAP26,RN7SL322P,,CCDC59,RP11-275B21.1,RNA5SP188,SPRY4,ABHD4,EOMES,SDHB,CTD-2015H3.5,RP11-556A6.3,,PPP1R3BC,,ATP5H,TLR2,NDUFC2,GCDH,CLK1,MX2,ATP6V0E1
,CD321,AC002128.5,FAM102B,MYH13,CXCL10,AC018865.5,TUBB4B,COPZ2,XXbac-B562F10.11,NDUFB7,RNA5SP707,SLC25A20,SH2D5,RPS21P2,AC002128.5,,FAM13A,CD8A,MAP3K13,LILRB143,MEGF10,,RP11-27M24.2,ANO3,UFM1P3,HTR4,RP11-384J4.2,RP11-190A12.11,ATP6V1CI,SNORD18,ITGAM,CCNB1IP1P2,CCNB1IP1P2,TNFRSF110,MIR3620,RRM2,ARG1,MIR1292,THRIL,HSD3B2,PPIL6,PPP1R15B,GGCT,HIST1H2AI,RNU6-339P,SNORD18,TNFRSF10B,RNU6-668P,,AGAP2,AC002128.5,,RP11-172D8.2,C19orf12,GMIP,ATP1B3P1,AC002128.5,RPLP0,PCDHGB12,CD45RO,NR3C1,CD361,FKBP5,,RP11-109E12.10,RP11-112D24.1,ACER3,BCL11B,ATP5F1D,ATP5MPLP52,FOXF2,RP11-255H23.2,RHBDD2,AC002128.5,ICAM1,,AC002128.5,P2RY11,DYRK1B,,CCDC6,ZNF616,RNA5SP163,TTN-AS1,ABHD5,TBX21,SOD2,SLC27A2,MIR4323,,PPP1R3BD,,ATP5I,PINK1,NDUFA5,LILRB5,TMEM132A,LY6E,INO80D
,CD322,PPP2R1A,TTC7A,ADIPOR2,CCL2,CTD-2332E11.2,MRPL20,PRKAR2B,LINC02577,NDUFB8,RNA5SP709,PPM1D,SIGLEC8,FPR1,PPP2R1A,,RP11-285A1.5,CD4,MAP3K14,LILRB144,RP11-70C1.2,,LINC02285,SYT4,MIR4771-1,HTR5A,PHF21B,HMGN2P13,ATP6V1CJ,ENSG00000279336,ITGB2,LINC00896,LINC00896,TNFRSF111,MIR3157,RTKN2,IFIT1,CTC-508F8.1,TLR1,CYP21A2,RAB3IL1,ATF3,DBF4,ABCB10P2,RP11-567F11.1,ENSG00000279336,TNFRSF10C,RP11-90M2.5,,RAB5A,PPP2R1A,,RP11-728F11.2,AC093323.2,ZMYND15,ATP7BP1,PPP2R1A,RPL6,PCDHGB13,CD45RA,NR3C2,CD362,CHRNA7,,ABCG2,CTD-3074O7.3,LINC01555,RNU6-1013P,ATP5F1E,ATP5MPLP53,ENSG10010137176.1,LRRC3,SOX8,PPP2R1A,VWF,,PPP2R1A,HIST2H3A,AC007879.2,,CCDC60,RASSF2,RNA5SP185,FAM27E3,ABHD6,NFATC1,GPX1,LINC00494,ZNF331,,PPP1R3BE,,ATP5J,BAXP1,ATP5B,SLC5A5,AP3D1,EPSTI1,SLC35F5
,CD323,RP11-632K20.2,TRIM2,CDKL3,CXCL8,OR2X1P,CFL1,CREBBP,IGLL3P,NDUFB9,RNA5SP710,SYNGR3,SLC12A5-AS1,AC013727.1,RP11-632K20.2,,CLMN,CD28,MAP4K1,LILRB145,RN7SL729P,,LYNX1,ADCY2,PMP2,HTR6,KRT4,PXMP4,ATP6V1CK,RP11-347C12.8,PTGS2,CES1,CES1,TNFRSF112,MIR4539,SAMD3,CD3D,RP11-567M21.3,TLR10,PCSK1,RADIL,DUSP5,TBXA2R,ZDHHC1,OR2W6P,RP11-347C12.8,TNFRSF10D,MLLT10P1,,TP53BP1,RP11-632K20.2,,LINC01272,STAT4,RP11-114G11.5,ATP6V1A,RP11-632K20.2,RPLP2,PCDHGB14,CD45RB,POMC,CD363,GABRA1,,RNU1-84P,RP11-5P4.2,RP11-416B14.1,CDK6,ATP5F1A,ATP5MPLP54,LA16c-2F2.5,AL121603.2,IBTK,RP11-632K20.2,NRXN1,,RP11-632K20.2,LINC02615,PHAX,,CCDC61,RP11-730K11.1,RNA5SP184,RP11-454P21.1,ABHD8,NFATC2,CAT,RP11-335G11.1,RP11-671J11.2,,PPP1R3BF,,ATP5J2,CYCS,NDUFV2,CDK6,MAT2B,IFI6,TTF2
,CD324,AGBL5,RPP21,UPP2,CCR5,ZNF705CP,SLC25A6,TSPOAP1,GID4,NDUFB10,RNA5SP711,AKR1B1,SLC26A9,RP11-618I10.4,AGBL5,,RP11-302K17.2,CTLA4,MAP4K2,LILRB146,ATP6V0D2,,LINC01392,HCN4,PIGS,HTR7,RNU6-83P,PDE4DIPP8,ATP6V1CL,RNA5SP209,PLA2G4A,RNU6-1095P,RNU6-1095P,TNFRSF113,MIR3941,SARM1,MALAT1,RP5-963E22.5,TLR12P,LEP,RILP,JUN,IFRD1,MIR6076,PART1,RNA5SP209,TNFRSF11A,DHX9,,RP11-528A4.5,AGBL5,,ZNF197,FAM83A-AS1,SLC66A1,ATP5F1AP1,AGBL5,,IL13RA1,CD45RC,MC2R,CD364,SLC6A4,,LINC01502,RP11-71N10.2,CTD-2562J17.5,RNU6-237P,ATP5F1,ATP5MPLP55,RP11-10A2.1,RP11-283G6.4,ZNF195,AGBL5,SCN5A,,AGBL5,RP11-20J15.3,NUF2,,CCDC62,PDLIM4,RNA5SP183,AC005523.2,ABHD9,NFAT5,PRDX6,NRG2,SLC27A2,,PPP1R3BG,,ATP5L,NDUFV1,ATP5A1,CCL24,DGAT2,,FGF23
,CD325,RP5-1057J7.1,ZNF683,PRSS21,CXCR3,CH17-132F21.5,NDUFB6,MPO,RP11-211A18.3,NDUFB11,RNA5SP719,STOM,SLC39A11,RP11-731J8.3,RP5-1057J7.1,,RP11-403C2.1,PDCD1,MAP4K3,LILRB147,PTPN4,,AC009299.4,GRIN3A,PIP4K2C,CRH,KCNH4,PPM1D,ATP6V1CM,BMP2K,ALOX5,C19orf18,C19orf18,TNFRSF114,MIR4755,SATB1,CD8A,IGHV3-48,TLR2,INSR,RILPL1,ZC3H12A,LGALS14,AL160408.1,RP11-192H23.7,BMP2K,TNFRSF11B,HOXA2,,GREB1L-DT,RP5-1057J7.1,,RNU6-181P,ZNF516,AC226119.5,MTATP6P14,RP5-1057J7.1,,IL13RA2,CD45,MC5R,CD365,MAOA,,RP11-860B13.3,RP11-1059N10.3,RP11-479E22.1,RP11-16C20.1,ATP5F1C,ATP5MPLP56,OR4C14P,AC112220.3,MYCBP2,RP5-1057J7.1,ADRB2,,RP5-1057J7.1,MUC5B,AB019438.66,,CCDC63,CCT8,RNA5SP182,RNU6-697P,ABI1,NFKB1,TXN,PAQR6,RUFY4,,PPP1R3BH,,ATP5O,NOS2,NDUFS2,PTCD1,GUCY1B1,,SLIRP
,CD326,RP11-626K17.3,NFYB,MARK4,HSPA1A,OR2B7P,ATP5PO,PON1,LINC01331,NDUFC1,RNA5SP721,SLC38A2,SNORA70C,RP11-203P2.2,RP11-626K17.3,,LY86,LAG3,MAP4K4,LILRB148,RNU6-253P,,RP11-567P17.5,EPB41L1,RP11-563M4.1,CRHR1,RP11-136K7.2,KCNA10,ATP6V1CN,SNORA70C,ALOX5AP,TRBV6-5,TRBV6-5,TNFRSF115,MIR3141,SCAF11,CD4,RP11-769O8.1,TLR3,IGF1,RILPL2,NFKBIZ,COX10,RNU6-1299P,RHOT1P2,SNORA70C,TNFRSF12A,MIR575,,AC008060.8,RP11-626K17.3,,AL355075.4,HLA-C,MIR8074,MTATP6P27,RP11-626K17.3,,IL15,CD45R,AVP,CD366,MAOB,,LINC02309,CTD-2021K17.2,MIR1277,RP11-217H8.1,ATP5F1D,ATP5MPLP57,LINC01774,RP11-154P5.2,FBXL3,RP11-626K17.3,NPY,,RP11-626K17.3,OR52K1,MYL6P4,,CCDC65,DNAH12,RNA5SP181,MMP27,ABI2,NFKB2,NFE2L2,RNU6-1016P,C10orf35,,PPP1R3BI,,ATP5S,CD8A,,SLC1A1,ZNF76,,GJA8
,CD327,RP11-433J8.1,BCL7B,PROM1,HSP90AA1,FAM166AP1,PTGES3,GCFC2,SIGMAR1,NDUFC2,RNA5SP722,ABHD5,SNORA70E,VRK1,RP11-433J8.1,,NEIL3,HAVCR2,MAP4K5,LILRB149,CYP2J2,,RP11-734K21.3,GABRB2,CALY,CRHR2,RP11-327J17.5,RP11-426A6.5,ATP6V1CO,RPL27AP4,LTC4S,ENSG10010138831.1,ENSG10010138831.1,TNFRSF116,MIR3663,SELP,TGFBR1,EEF1AKMT4,TLR4,IGF1R,RTEL1-TNFRSF6B,TRIB1,GTF2IRD1,MTND2P17,RP11-524G24.2,RPL27AP4,TNFRSF13B,RP1-142L7.5,,CTD-3162L10.4,RP11-433J8.1,,IFITM10,MIR663AHG,RP11-740N7.3,LINC02210-CRHR1,RP11-433J8.1,,IL15RA,CD45RO,OXTR,CD367,SLC18A1,,RP11-408O19.5,RNU6-122P,USP30,AKAP3,ATP5F1E,ATP5MPLP58,TRIM49D1,RP11-304N5.1,ITGAL,RP11-433J8.1,OXTR,,RP11-433J8.1,IGHE,FGFR4,,CCDC66,RPS6,RNA5SP178,RPSAP50,ABI3,RELA,MAPK8,TBC1D7,,,PPP1R3BJ,,ATP5J,KLF4,,CDC37L1,ANKS1A,,SARDH
,CD328,DMGDH,ATP1B1,CCDC124,NR3C1,LINC00313,TIMM10B,WDR54,RP11-572N21.1,NDUFS1,RNA5SP723,MAK,SNORD18,LINC00921,DMGDH,,RP11-404F10.2,ENTPD1,MAP4K6,LILRB150,RP11-383C5.2,,TOPBP1,GRM1,VWCE,NR3C1,MIR29B2CHG,RN7SL554P,ATP6V1CP,INHBB,CYP2E1,FNDC4,FNDC4,TNFRSF117,MIR3143,SFRP5,NLRP3,CCNB1,TLR5,IRS1,SIL1,GADD45A,PAF1,AC092491.1,NCKAP5,INHBB,TNFRSF13C,VN1R84P,,GPX8,DMGDH,,AC011933.1,LINC01279,MIR580,ATP6V1F,DMGDH,,IL16,CD45RA,SLC6A4,CD368,TPH2,,BCL7A,LINC01370,LINC01134,RP11-199G9.1,ATP5F1A,ATP5MPLP59,RNU6-175P,,PDK2,DMGDH,FKBP5,,DMGDH,SLC30A6,RP11-298J20.4,,CCDC68,RP11-492E16.1,RNA5SP176,RP11-355N15.1,ABI3BP,IKBKB,MAP3K5,ENSG00000279947,,,PPP1R3BK,,ATP5L,FOXO3,,CXCL12,PLEKHG6,,VASP
,CD329,RNU6-1267P,ZNF768,CEACAM21,CRH,RNVU1-32,MRPL37,CROT,RNA5SP223,NDUFS2,RNA5SP724,NEK7,SRP68P2,COL28A1,RNU6-1267P,,PVRIG,CD38,MAPKAPK2,LILRB151,IL3RA,,EYA4,SLC1A2,RP11-197N18.8,NR3C2,RGS10,PPAN,ATP6V1CQ,RP11-517P14.7,CYP1A1,NBPF14,NBPF14,TNFRSF118,MIR3661,SH3BP1,STAT3,ENSG10010136633.1,TLR6,IRS2,SILC1,,ELAC2,AL445663.2,CTD-3154N5.1,RP11-517P14.7,TNFRSF14,RN7SL488P,,GPR4,RNU6-1267P,,RNA5SP203,CYP3A4,ABC7-481722F1.1,ATP6V0E1P1,RNU6-1267P,,IL17C,CD45RB,HTR1A,CD369,HTR2A,,LINC02724,RNU6-142P,RP11-14N7.4,SLC5A1,ATP5F1,ATP5MPLP60,BSNDP2,,ITGA3,RNU6-1267P,CRH,,RNU6-1267P,LINC00908,MIR181A1HG,,CCDC69,AC008608.2,RNA5SP169,MIR519A1,ABL1,IKBKG,TNF,RNU6-177P,,,PPP1R3BL,,ATP5H,TNF,,CDH23,MTHFD2,,PCSK2
,CD330,SERBP1P6,MED20,PAFAH1B1,AVP,RNU6-1296P,TIMM8A,ABCB4,RP11-58N22.1,NDUFS3,RNA5SP726,NCAPH,SUMO3,MTND4P19,SERBP1P6,,WDR33,CD39,MAPKAPK3,LILRB152,RP11-333O24.2,,MIR422A,NRXN3,IGHVIII-38-1,POMC,IGHV3OR16-13,POTEM,ATP6V1CR,SEC62,CYP1B1,RP11-541M12.6,RP11-541M12.6,TNFRSF119,MIR3124,SIGLEC10,VEGFA,AC009498.1,TLR9,PIK3R1,SKIL,,SCIN,RN7SL774P,RP11-749H17.1,SEC62,TNFRSF17,RN7SKP297,,RP11-527J8.1,SERBP1P6,,RNU1-3P,ATP6V1F,RNU6-526P,ATP6V0D2,SERBP1P6,,IL17D,CD45RC,HTR2A,CD370,HTR1A,,SNORD115-24,RP11-366O5.1,RP11-1137I24.1,RNU6-441P,ATP5F1C,ATP5MPLP61,RNF182,,ITGA2B,SERBP1P6,AVPR1A,,SERBP1P6,RNU6-1271P,INCA1,,CCDC7,FANCI,RNA5SP165,NAGK,ABL2,MAPK1,IL6,RP11-159D12.5,,,PPP1R3BM,,ATP5K,MT-ND1,,CCDC6,FBXL3,,SNRPN
,CD331,RP11-106J23.1,RAB11FIP1,NOS2,POMC,MAN2A1,MRPL40,KMT2E,IFT140,NDUFS4,RNA5SP727,NT5DC2,TAS2R16,OR51J1,RP11-106J23.1,,RP11-680H7.1,TIM3,MAPKAPK5,LILRB153,ANKRD46,,RP11-360P21.2,JPH3,CTB-191K22.6,MC2R,AL391822.1,RTN2,ATP6V1CS,RP11-57G10.8,CYP3A4,CHRM4,CHRM4,TNFRSF120,MIR4433B,SIGLEC14,FAS,CTD-2587H24.4,TRIL,FOXO3,SMILR,,ADIPOR2,RPL34P12,RP1-102E24.10,RP11-57G10.8,TNFRSF18,MIR7157,,MIR1285-1,RP11-106J23.1,,RP11-512B7.1,UBN2,RNU6-950P,MTATP8P2,RP11-106J23.1,,IL17E,CD45,HTR2C,CD371,IL17A,,TRAV12-1,RP11-91H12.1,TAF5,MAST2,ATP5F1D,ATP5MPLP62,LINC02218,,ASB4,RP11-106J23.1,MC2R,,RP11-106J23.1,PPP2R3C,RP11-295P9.6,,CCDC70,LRRC71,RN7SL523P,SNORD91A,ABLIM1,MAPK3,IL1B,AC104457.2,,,PPP1R3BN,,ATP5O,SLC25A3,,CDK5RAP3,BID,,ATP8B3
,CD332,WDFY3-AS2,MAP2K5,DNAH9,TLR4,RP11-61D1.2,COX7A2,RHBDD2,MRM3,NDUFS5,RNA5SP728,HSP90AB1,TCAF2C,LINC01943,WDFY3-AS2,,ADAM33,HLA-DR,MAPKAPK6,LILRB154,DHX30,,SMIM17,GNAO1,TBC1D3E,MC3R,RP11-166P13.3,MTND2P41,ATP6V1CT,RP11-155G14.5,CYP3A5,PPIAL4D,PPIAL4D,TNFRSF121,MIR3131,SIGLEC5,HSPA6,UBXN4,UMLILO,MAPK1,STAG3L5P-PVRIG2P-PILRB,,CDKL3,AL445988.1,RHBDL2,RP11-155G14.5,TNFRSF19,RNA5SP137,,TDP1,WDFY3-AS2,,CCDC107,AL390728.3,MIR548F4,ATP8B2,WDFY3-AS2,,IL17RA,CD45R,BDNF,CD372,RORC,,LINC01170,RP11-1315F6.4,RP11-265P11.1,SLC12A1,ATP5F1E,ATP5MPLP63,LLNLR-249E10.1,,GDE1,WDFY3-AS2,MAOA,,WDFY3-AS2,LINC02289,SMYD4,,CCDC71,UBXN7,RN7SL509P,DAPL1,ABLIM2,MAPK8,PTGS2,PPP1R35,,,PPP1R3BO,,ATP5A1,C1QB,,SLC25A11,PTPRN,,KIF3A
,CD333,MYCBP2,UTP11,KIAA0100,TLR7,RP11-550C4.6,ATP6V1B2,SOX8,FANK1-AS1,NDUFS6,RNA5SP729,C6orf223,TPSAB1,ANKRD11,MYCBP2,,SPIN4,NKG2A,MAPKAPK7,LILRB155,RNU6-59P,,SLC9A3P3,GNG3,MAPK6P5,MC4R,CD86,RP11-385D13.1,ATP6V1CU,RNA5SP443,NR3C1,NCOA4P2,NCOA4P2,TNFRSF122,MIR4536-2,SIGLEC7,CXCL8,LCN9,VIL1,MAPK3,STIL,,UPP2,KRTAP4-5,RP11-525E9.1,RNA5SP443,TNFRSF21,SNRPFP2,,CTA-204B4.2,MYCBP2,,RP11-355N15.1,HLA-B,RP11-893F2.5,ATP1B1,MYCBP2,,IL17RC,CD45RO,NTRK2,CD373,IL23A,,MRPL57P1,RP11-179C8.1,SPATS2L,SPATA1,ATP5F1A,ATP5MPLP64,FAS,,REX1BD,MYCBP2,TPH2,,MYCBP2,C4A,ZNF236-DT,,CCDC71L,RP11-469H8.1,RNA5SP36,CTD-3184A7.4,ABLIM3,MAPK14,TLR4,RP11-100C24.2,,,PPP1R3BP,,ATP5B,CCL2,,SLC6A4,BAK1,,PRPF38B
,CD334,PEX11A,MAPK3,SLC13A2,MYD88,MTCO3P44,NDUFA7,IBTK,NDUFAF5,NDUFS7,RNA5SP731,TUBA3E,UBE2E2,SPINK8,PEX11A,,NRN1,CD107A,MAPKAPK8,LILRB156,RP11-579A4.1,,RP11-511H23.2,CNTNAP4,RP1-125I3.2,MC5R,RP11-392M1.2,EFCAB2,ATP6V1CV,RPL12P5,NR3C2,RP11-410C4.5,RP11-410C4.5,TNFRSF123,MIR3122,SIRPB1,TGFB1,IGKV2OR2-8,VILL,MAPK8,SVIL,,MARK4,KRTAP9-9,SNORA54,RPL12P5,TNFRSF25,BRWD1P2,,SLX1B,PEX11A,,HLA-B,GUSB,PRRC2C,ATP5MGP4,PEX11A,,IL17RD,CD45RA,SLC1A2,CD374,TNFSF13B,,DOCK1,RP11-179C8.2,B3GALT6,RP11-366L9.4,ATP5F1,ATP5MPLP65,CATSPERZ,,CRLF1,PEX11A,TAC1,,PEX11A,RNU6-280P,IGHV1-2,,CCDC73,PRSS21,RN7SKP51,FAM215B,ABO,MAP2K1,RNU6-1367P,LRRC43,,,PPP1R3BQ,,ATP5C1,FASLG,,CCDC47,YBX1,,RAB1A
,CD335,IFNLR1,IFITM2,GAS7,NFKB1,RP11-177H13.2,RPL36A,ZNF195,LINC01029,NDUFS8,RNA5SP734,NOL6,UBE2L2,ZDHHC22,IFNLR1,,RP11-476K15.1,PD-1,MAPKAPK9,LILRB157,RNU6-728P,,SNORD33,KCNMA1,OR5AK1P,AVP,DDX5,MIR7515,ATP6V1CW,CTD-2054H24.1,FKBP5,RP11-241F15.7,RP11-241F15.7,TNFRSF124,MIR3667,SLC25A23,TNFRSF10B,OR6W1P,ZWILCH,DUSP1,SVIL-AS1,,PROM1,,RP11-562A8.1,CTD-2054H24.1,TNFRSF27,RP11-7C6.1,,ERRFI1,IFNLR1,,RP11-429G19.3,AC073610.3,TXNRD3,ATP5MJ,IFNLR1,,IL17RE,CD45RB,SLC1A3,CD375,BAFF,,PSMC1P11,RP11-62D24.1,TPRG1L,SNORA23,ATP5F1C,ATP5MPLP66,RP11-545M17.4,,OSBPL7,IFNLR1,SLC6A4,,IFNLR1,MTND5P16,RP11-588F10.1,,CCDC74A,RP11-275B5.2,RN7SKP82,AL354692.1,,MAP2K2,NR3C1,KCNH3,,,PPP1R3BR,,ATP5D,CXCL10,,SMARCD2,SCN4A,,SPPL2A
,CD336,CLCN6,HERC1,TRAPPC6A,RELA,HSPE1P10,MRPL10,MYCBP2,LINC00622,NDUFV1,RNA5SP735,,VN1R13P,YRDCP1,CLCN6,,,IL2,MAPKAPK10,LILRB158,LINC02140,,RP11-382A20.5,SLC6A1,LINC01565,AVPR1A,RP11-774O3.3,BRPF1,ATP6V1CX,MAPK1IP1L,CRH,PRR20D,PRR20D,TNFRSF125,MIR3655,SLC6A8,CD274,TRAJ55,ABCD1P2,FKBP4,SVIL2P,,CCDC124,,RP3-393E18.2,MAPK1IP1L,TNFRSF29,ANO1-AS1,,AC008746.9,CLCN6,,RP11-320D4.3,AL451085.2,RNU6-205P,ATP8A1,CLCN6,,IL18,CD45RC,SLC6A1,CD376,MOG,,RP4-803A2.1,RP11-405M3.2,RNU6-37P,RNU6-935P,ATP5F1D,ATP5MPLP67,ENSG10010136798.1,,TMEM98,CLCN6,TLR2,,CLCN6,SH2B3,RP11-498M14.1,,CCDC74B,STOML1,RN7SKP80,RP11-211H1.2,,MAP2K4,CRH,MTND4LP18,,,PPP1R3BS,,ATP5E,HSPA1A,,CCL7,MIPEP,,IL21
,CD337,AC087499.4,SEC16A,MATK,PTGS2,DUSP12P1,SNRPG,FBXL3,RP11-234K24.3,NDUFV2,RNA5SP737,,VPS25,FCHO2,AC087499.4,,,IL21,MAPKAPK11,LILRB159,TMEM192,,RP11-70D24.1,SCN3A,RP11-225N10.3,AVPR1B,KCNK6,NUP50P1,ATP6V1CY,RASSF8-AS1,CRHR1,PHBP18,PHBP18,TNFRSF126,MIR3658,SLC9A3R1,CD40,RP11-474C8.5,ABCD1P3,STOML2,TBILA,,CEACAM21,,GJB4,RASSF8-AS1,TNFRSF6B,AC114808.3,,RPS29P10,AC087499.4,,RP11-75C23.2,AKR1C3,RP11-323I15.2,MTATP6P31,AC087499.4,,IL18R1,CD45,SLC6A11,CD377,CXCL12,,AC083822.2,RNU6-1020P,RP11-334B21.3,RP11-314A11.5,ATP5F1E,ATP5MPLP68,MAGI1-IT1,,YBX2,AC087499.4,CD14,,AC087499.4,FRMD6,RP11-517O13.1,,CCDC74BP1,SNRNP27,RN7SKP67,FAM184B,,MAP2K6,POMC,ATP2B2,,,PPP1R3BT,,ATP5F1,IFNG,,CCL2,KARS1,,MDGA2
,CD338,RP11-874G11.1,STK16,CEACAM7,NOS2,LA16c-352F7.1,PRDX3,ITGAL,RP11-116D17.5,NDUFV3,RNA5SP741,,VPS9D1-AS1,RP11-498E11.2,RP11-874G11.1,,,IFNG,MAPKAPK12,LILRB160,RP11-23J18.1,,IFT172,KCNH3,LINC01725,AVPR2,RNU6-57P,SLC25A42,ATP6V1CZ,NCBP1,CRHR2,RNU6-856P,RNU6-856P,TNFRSF127,MIR3177,SLFN12,IL2RA,GSTM3P2,ABCD1P4,LRP1,THRIL,,NOS2,,KRTCAP2,NCBP1,TNFRSF9,RN7SL38P,,CTC-320C6.1,RP11-874G11.1,,RP11-161M6.2,PDK1,RP11-348N17.2,ATP10B,RP11-874G11.1,,IL18RAP,CD45R,GABRA1,CD378,CCL19,,RP11-356O24.1,RP11-72B14.2,HOMER2,RP11-555M16.3,ATP5F1A,ATP5MPLP69,OR2AT4,,KRT33A,RP11-874G11.1,IL1RN,,RP11-874G11.1,FCGBP,RNU4ATAC7P,,CCDC75P1,ZNF226,RN7SKP66,RNU6-965P,,DUSP1,FKBP5,FAM149A,,,PPP1R3BU,,ATP5G1,CXCL8,,CCL8,SLC25A39,,CDH13
,CD339,ENSG10010134734.1,RNASE6,CD79B,ALOX5,RP11-63E16.1,GAPDH,PDK2,IRS2,SDHA,RNA5SP744,,WDR20,AC006133.7,ENSG10010134734.1,,,GZMB,MAPKAPK13,LILRB161,RP11-180K3.4,,TUBBP6,STXBP5L,RP11-91J19.2,OXTR,RP11-1C8.7,UBTFL8,ATP6V1DA,RP11-505E24.2,POMC,AP001347.6,AP001347.6,TNFRSF128,MIR3924,SLX4,,HCAR1,ABCD1P5,TJP1,TLR1,,DNAH9,,RNU6-430P,RP11-505E24.2,TNFRSF10A,MIR4703,,GPHN,ENSG10010134734.1,,LINC01347,RP11-459K18.1,TRIM60P15,ATP5POP1,ENSG10010134734.1,,IL19,CD45RO,GABRB1,CD379,CCR6,,CTD-2311B13.10,RP11-536K7.1,RP11-383H13.1,RP11-386E11.4,ATP5F1,ATP5MPLP70,RP11-1094H24.3,,MAP3K14,ENSG10010134734.1,MYD88,,ENSG10010134734.1,ENSG10010140412.1,TRGJP1,,CCDC77,RP11-288N11.2,RN7SKP65,RP11-631N16.1,,DUSP6,TAC1,RN7SL9P,,,PPP1R3BV,,ATP5G2,IL1B,,CCL1,TTC27,,NPC1
,CD340,RP11-66B24.2,FAM90A1,SCN4A,CYBB,ELFN1,TIMM9,ITGA3,CEP44,SDHB,RNA5SP745,,ZNF34,GOT1L1,RP11-66B24.2,,,FOXP3,MAPKAPK14,LILRB162,C1orf194,,NPIPB2,PCDH9,CTC-559E9.12,NPS,AC113402.1,MTND1P7,ATP6V1DB,MIR153-2,MC2R,BRK1,BRK1,TNFRSF129,MIR3190,SOCS1,,OR5AP2,ABCD2,CLDN5,TLR10,,KIAA0100,,PLAC9P1,MIR153-2,TNFRSF10B,RP5-1186N24.3,,RP11-680E19.2,RP11-66B24.2,,MIR3911,DDX3X,RP11-73M7.9,ATP6V0CP2,RP11-66B24.2,,IL1A,CD45RA,GABRG2,CD380,CXCR3,,CMB9-22P13.4,CTD-3252C9.4,RP11-571M6.6,RP11-167H9.1,ATP5F1C,ATP5MPLP71,PSMD8,,ABCC8,RP11-66B24.2,NOD2,,RP11-66B24.2,HSPB8,RN7SKP286,,CCDC78,RP11-16L9.2,RN7SKP63,MIR6089,,NR3C1,HTR3A,RP11-439K1.6,,,PPP1R3BW,,ATP5G3,NLRP3,,SLC16A6,MYLK,,CBX4
,CD341,,EIF4E3,,CD3D,,,,,SDHC,RNA5SP746,,,,,,,GATA3,MAPKAPK15,LILRB163,PPP1R1C,,,SHANK3,,NPSR1,RP11-273G15.2,,ATP6V1DC,,HSD11B1,,,TNFRSF130,MIR3162,SOX5,,,,OCLN,,,,,,,TNFRSF10C,,,,,,RP11-524K22.1,,,,,,IL1B,CD45RB,GRIA1,CD381,CXCR4,,,,RNU6-469P,PSMC4,ATP5F1D,ATP5MPLP72,,,,,TREM2,,,MAPKAPK2,,,,ATP1A1,,RP11-500E3.2,,FKBP5,NPY,C9orf116,,,PPP1R3BX,,ATP5H,CD4,,,,,
,CD342,,IL16,,CD4,,,,,SDHD,RNA5SP747,,,,,,,RORC,MAPKAPK16,LILRB164,MAFB,,,,,NPSR2,EEF1DP5,,ATP6V1DD,,HSD11B2,,,TNFRSF131,MIR4782,SP100,,,,PECAM1,,,,,,,TNFRSF10D,,,,,,RP11-49I15.3,,,,,,IL1R1,CD45RC,GRIA2,CD382,NOS1,,,,,SNORD47,ATP5F1E,ATP5MPLP73,,,,,GPR183,,,CCND2,,,,AC073957.1,,RP11-552E20.2,,CRH,MAOA,ENSG00000261552,,,PPP1R3BY,,ATP5I,IL2RA,,,,,
,CD343,,GPR37L1,,CD8A,,,,,UQCRB,RNA5SP748,,,,,,,TBX21,MAPKAPK17,LILRB165,SH3RF2,,,,,NTRK1,KIAA0513,,ATP6V1DE,,SLC6A4,,,TNFRSF132,MIR3146,SPAG4,,,,CDH5,,,,,,,TNFRSF11A,,,,,,SLC35B4,,,,,,IL1R2,CD45,GRIA3,CD383,NOS3,,,,,LINC00488,ATP5F1A,ATP5MPLP74,,,,,CX3CL1,,,RP11-199I3.1,,,,RP11-13K12.2,,RP11-475B24.5,,CRHR1,ADRA2A,RP11-37A24.1,,,PPP1R3BZ,,ATP5J,CD40,,,,,
,CD344,,PA2G4,,NCAM1,,,,,UQCRQ,RNA5SP750,,,,,,,PRF1,MAPKAPK18,LILRB166,RP11-157L3.2,,,,,NTRK2,RNU6-904P,,ATP6V1DF,,HTR1A,,,TNFRSF133,MIR3180-3,SRD5A1,,,,ICAM1,,,,,,,TNFRSF11B,,,,,,PRSS23,,,,,,IL1RAP,CD45R,GRIA4,CD384,EDN1,,,,,NCKAP5,ATP5F1,ATP5MPLP75,,,,,CLEC7A,,,IGFBP1,,,,MIR146B,,,,CRHR2,SLC6A4,MTRF1L,,,PPP1R3CA,,ATP5J2,IL18,,,,,
,CD345,,ZNF696,,KLRD1,,,,,UQCR10,RNA5SP751,,,,,,,GZMB,MAPKAPK19,LILRB167,EIF4G3,,,,,NTRK3,,,ATP6V1DG,,HTR2A,,,TNFRSF134,MIR3132,SREBF1,,,,VCAM1,,,,,,,TNFRSF12A,,,,,,,,,,,,IL1RN,CD45RO,GRIN1,CD385,ANGPT1,,,,,,ATP5F1C,ATP5MPLP76,,,,,,,,TSEN2,,,,TMEM69,,,,POMC,TLR2,RNU6-1310P,,,PPP1R3CB,,ATP5L,,,,,,
,CD346,,KIAA0556,,GZMB,,,,,UQCR11,RNA5SP753,,,,,,,KLRK1,MAPKAPK20,LILRB168,ZNF254,,,,,BDNF,,,ATP6V1DH,,HTR3A,,,TNFRSF135,MIR3154,STAG2,,,,SELE,,,,,,,TNFRSF13B,,,,,,,,,,,,IL20,CD45RA,GRIN2A,CD386,ANGPT2,,,,,,ATP5F1D,ATP5MPLP77,,,,,,,,GLIS1,,,,MIR92A1,,,,AVP,CD14,ACOT9,,,PPP1R3CC,,ATP5O,,,,,,
,CD347,,PPP2R5A,,PRF1,,,,,UQCRC1,RNA5SP757,,,,,,,NKG7,MAPKAPK21,LILRB169,RNU6-1306P,,,,,NGF,,,ATP6V1DI,,HTR4,,,TNFRSF136,MIR4433A,STK24,,,,ANGPT1,,,,,,,TNFRSF13C,,,,,,,,,,,,IL21,CD45RB,GRIN2B,CD387,FLT1,,,,,,ATP5F1E,ATP5MPLP78,,,,,,,,FZD3,,,,,,,,ADRA1A,MYD88,RP11-119K6.10,,,PPP1R3CD,,ATP5S,,,,,,
,CD348,,TAF11,,LAG3,,,,,UQCRC2,RNA5SP758,,,,,,,CD8A,MAPKAPK22,LILRB170,RP11-459E5.1,,,,,NTF3,,,ATP6V1DJ,,HTR5A,,,TNFRSF137,MIR3657,SUSD2,,,,ANGPT2,,,,,,,TNFRSF14,,,,,,,,,,,,IL22,CD45RC,GRIN2C,CD388,KDR,,,,,,ATP5F1A,ATP5MPLP79,,,,,,,,IGHV3-21,,,,,,,,ADRA2A,RELA,RP11-203N12.3,,,PPP1R3CE,,ATP5J,,,,,,
,CD349,,SYNGR1,,PDCD1,,,,,CYC1,RNA5SP759,,,,,,,CD4,MAPKAPK23,LILRB171,PRDM5,,,,,NTF4,,,ATP6V1DK,,HTR6,,,TNFRSF138,MIR3179,TAS2R14,,,,TEK,,,,,,,TNFRSF17,,,,,,,,,,,,IL22RA1,CD45,GRIN2D,CD389,PECAM1,,,,,,ATP5F1,ATP5MPLP80,,,,,,,,RP11-451L4.5,,,,,,,,ADRB1,NFKB1,RNU6-1079P,,,PPP1R3CF,,ATP5L,,,,,,
,CD350,,SMARCA4,,HAVCR2,,,,,CYCS,RNA5SP763,,,,,,,CD28,MAPKAPK24,LILRB172,RP11-2C24.1,,,,,GDNF,,,ATP6V1DL,,HTR7,,,TNFRSF139,MIR3932,TCF7,,,,NTRK1,,,,,,,TNFRSF18,,,,,,,,,,,,IL22RA2,CD45R,GRM1,CD390,ICAM1,,,,,,ATP5F1C,ATP5MPLP81,,,,,,,,RASSF3,,,,,,,,ADRB2,TLR9,,,,PPP1R3CG,,ATP5H,,,,,,
,CD351,,DYRK2,,,,,,,,RNA5SP764,,,,,,,CTLA4,MAPKAPK25,LILRB173,NR3C1,,,,,GFRA1,,,ATP6V1DM,,SLC6A2,,,TNFRSF140,MIR3607,THOC1,,,,GFAP,,,,,,,TNFRSF19,,,,,,,,,,,,IL23R,CD45RO,GRM5,CD391,VCAM1,,,,,,ATP5F1D,ATP5MPLP82,,,,,,,,SMAD5,,,,,,,,SLC6A2,,,,,PPP1R3CH,,ATP5K,,,,,,
,CD352,,,,,,,,,,RNA5SP768,,,,,,,PDCD1,MAPKAPK26,LILRB174,RP11-559K7.2,,,,,GFRA2,,,ATP6V1DN,,ADRA1A,,,TNFRSF141,MIR3123,TICAM1,,,,S100B,,,,,,,TNFRSF21,,,,,,,,,,,,IL24,CD45RA,DRD1,CD392,NFATC1,,,,,,ATP5F1E,ATP5MPLP83,,,,,,,,RNU6-192P,,,,,,,,SLC6A3,,,,,PPP1R3CI,,ATP5O,,,,,,
,CD353,,,,,,,,,,RNA5SP770,,,,,,,LAG3,MAPKAPK27,LILRB175,,,,,,GFRA3,,,ATP6V1DO,,ADRA2A,,,TNFRSF142,MIR4752,TMEM101,,,,AQP4,,,,,,,TNFRSF25,,,,,,,,,,,,IL25,CD45RB,DRD2,CD393,ARHGAP24,,,,,,ATP5F1A,ATP5MPLP84,,,,,,,,RNU6-21P,,,,,,,,SLC6A4,,,,,PPP1R3CJ,,ATP5A1,,,,,,
,CD354,,,,,,,,,,RNA5SP771,,,,,,,HAVCR2,MAPKAPK28,LILRB176,,,,,,GFRA4,,,ATP6V1DP,,ADRB1,,,TNFRSF143,MIR4783,TMEM184B,,,,TSPO,,,,,,,TNFRSF27,,,,,,,,,,,,IL27,CD45RC,DRD3,CD394,RGS5,,,,,,ATP5F1,ATP5MPLP85,,,,,,,,,,,,,,,,,,,,,PPP1R3CK,,ATP5B,,,,,,
,CD355,,,,,,,,,,RNA5SP774,,,,,,,ENTPD1,MAPKAPK29,LILRB177,,,,,,RET,,,ATP6V1DQ,,ADRB2,,,TNFRSF144,MIR3937,TNFAIP3,,,,C3,,,,,,,TNFRSF29,,,,,,,,,,,,IL2RA,CD45,DRD4,CD395,PTGER3,,,,,,ATP5F1C,ATP5MPLP86,,,,,,,,,,,,,,,,,,,,,PPP1R3CL,,ATP5C1,,,,,,
,CD356,,,,,,,,,,RNA5SP775,,,,,,,CD38,MAPKAPK30,LILRB178,,,,,,,,,ATP6V1DR,,ADRB3,,,TNFRSF145,MIR3152,TNFRSF1B,,,,C4A,,,,,,,TNFRSF6B,,,,,,,,,,,,IL2RG,CD45R,DRD5,CD396,AVPR1A,,,,,,ATP5F1D,ATP5MPLP87,,,,,,,,,,,,,,,,,,,,,PPP1R3CM,,ATP5D,,,,,,
,CD357,,,,,,,,,,RNA5SP776,,,,,,,CD39,MAPKAPK31,LILRB179,,,,,,,,,ATP6V1DS,,CHRNA7,,,TNFRSF146,MIR4508,TRAF3,,,,C5AR1,,,,,,,TNFRSF9,,,,,,,,,,,,IL3,CD45RO,TH,CD397,NR3C1,,,,,,ATP5F1E,ATP5MPLP88,,,,,,,,,,,,,,,,,,,,,PPP1R3CN,,ATP5E,,,,,,
,CD358,,,,,,,,,,RNA5SP777,,,,,,,TIM3,MAPKAPK32,LILRB180,,,,,,,,,ATP6V1DT,,CHRM2,,,TNFRSF147,,TRAPPC6B,,,,,,,,,,,TNFRSF10A,,,,,,,,,,,,IL31,CD45RA,DBH,CD398,FKBP4,,,,,,ATP5F1A,ATP5MPLP89,,,,,,,,,,,,,,,,,,,,,PPP1R3CO,,ATP5F1,,,,,,
,CD359,,,,,,,,,,RNA5SP779,,,,,,,HLA-DR,MAPKAPK33,LILRB181,,,,,,,,,ATP,,CHRM3,,,TNFRSF148,,TREM1,,,,,,,,,,,TNFRSF10B,,,,,,,,,,,,IL31RA,CD45RB,SLC18A2,CD399,CORT,,,,,,ATP5F1,ATP5MPLP90,,,,,,,,,,,,,,,,,,,,,PPP1R3CP,,ATP5G1,,,,,,
,CD360,,,,,,,,,,RNA5SP782,,,,,,,NKG2A,MAPKAPK34,LILRB182,,,,,,,,,,,CHRM4,,,TNFRSF149,,TRIM31,,,,,,,,,,,TNFRSF10C,,,,,,,,,,,,IL33,CD45RC,SLC6A3,CD400,CRHR1,,,,,,ATP5F1C,ATP5MPLP91,,,,,,,,,,,,,,,,,,,,,PPP1R3CQ,,ATP5G2,,,,,,
,CD361,,,,,,,,,,RNA5SP785,,,,,,,CD107A,MAPKAPK35,LILRB183,,,,,,,,,,,CHRM5,,,TNFRSF150,,TRPM2,,,,,,,,,,,TNFRSF10D,,,,,,,,,,,,IL34,CD45,SLC6A2,,TDO2,,,,,,ATP5F1D,ATP5MPLP92,,,,,,,,,,,,,,,,,,,,,PPP1R3CR,,ATP5G3,,,,,,
,CD362,,,,,,,,,,RNA5SP787,,,,,,,PD-1,MAPKAPK36,LILRB184,,,,,,,,,,,,,,TNFRSF151,,TTC39C,,,,,,,,,,,TNFRSF11A,,,,,,,,,,,,IL36A,CD45R,MAOA,,IDO1,,,,,,ATP5F1E,ATP5MPLP93,,,,,,,,,,,,,,,,,,,,,PPP1R3CS,,ATP5H,,,,,,
,CD363,,,,,,,,,,RNA5SP788,,,,,,,IL2,MAPKAPK37,LILRB185,,,,,,,,,,,,,,TNFRSF152,,USP18,,,,,,,,,,,TNFRSF11B,,,,,,,,,,,,IL36B,CD45RO,MAOB,,AHRR,,,,,,ATP5F1A,ATP5MPLP94,,,,,,,,,,,,,,,,,,,,,PPP1R3CT,,ATP5I,,,,,,
,CD364,,,,,,,,,,RNA5SP789,,,,,,,IL21,MAPKAPK38,LILRB186,,,,,,,,,,,,,,TNFRSF153,,USP42,,,,,,,,,,,TNFRSF12A,,,,,,,,,,,,IL36G,CD45RA,COMT,,,,,,,,ATP5F1,ATP5MPLP95,,,,,,,,,,,,,,,,,,,,,PPP1R3CU,,ATP5J,,,,,,
,CD365,,,,,,,,,,RNA5SP791,,,,,,,IFNG,MAPKAPK39,LILRB187,,,,,,,,,,,,,,TNFRSF154,,VDAC1,,,,,,,,,,,TNFRSF13B,,,,,,,,,,,,IL37,CD45RB,,,,,,,,,ATP5F1C,ATP5MPLP96,,,,,,,,,,,,,,,,,,,,,PPP1R3CV,,ATP5J2,,,,,,
,CD366,,,,,,,,,,RNA5SP794,,,,,,,GZMB,MAPKAPK40,LILRB188,,,,,,,,,,,,,,TNFRSF155,,VPS26C,,,,,,,,,,,TNFRSF13C,,,,,,,,,,,,IL4R,CD45RC,,,,,,,,,ATP5F1D,ATP5MPLP97,,,,,,,,,,,,,,,,,,,,,PPP1R3CW,,ATP5L,,,,,,
,CD367,,,,,,,,,,RNA5SP796,,,,,,,,MAPKAPK41,LILRB189,,,,,,,,,,,,,,TNFRSF156,,WDR54,,,,,,,,,,,TNFRSF14,,,,,,,,,,,,IL5RA,CD45,,,,,,,,,ATP5F1E,ATP5MPLP98,,,,,,,,,,,,,,,,,,,,,PPP1R3CX,,ATP5O,,,,,,
,CD368,,,,,,,,,,RNA5SP799,,,,,,,,MAPKAPK42,LILRB190,,,,,,,,,,,,,,TNFRSF157,,ZC3H12A,,,,,,,,,,,TNFRSF17,,,,,,,,,,,,IL6,CD45R,,,,,,,,,ATP5F1A,ATP5MPLP99,,,,,,,,,,,,,,,,,,,,,PPP1R3CY,,ATP5S,,,,,,
,CD369,,,,,,,,,,RNA5SP803,,,,,,,,MAPKAPK43,LILRB191,,,,,,,,,,,,,,TNFRSF158,,ZEB2,,,,,,,,,,,TNFRSF18,,,,,,,,,,,,IL6R,CD45RO,,,,,,,,,ATP5F1,ATP5MPLP100,,,,,,,,,,,,,,,,,,,,,PPP1R3CZ,,ATP5J,,,,,,
,CD370,,,,,,,,,,RNA5SP805,,,,,,,,MAPKAPK44,LILRB192,,,,,,,,,,,,,,TNFRSF159,,ZFP69B,,,,,,,,,,,TNFRSF19,,,,,,,,,,,,IL6ST,CD45RA,,,,,,,,,ATP5F1C,ATP5MPLP101,,,,,,,,,,,,,,,,,,,,,PPP1R3DA,,ATP5L,,,,,,
,CD371,,,,,,,,,,RNA5SP806,,,,,,,,MAPKAPK45,LILRB193,,,,,,,,,,,,,,TNFRSF160,,ZNF503,,,,,,,,,,,TNFRSF21,,,,,,,,,,,,IL7R,CD45RB,,,,,,,,,ATP5F1D,ATP5MPLP102,,,,,,,,,,,,,,,,,,,,,PPP1R3DB,,ATP5H,,,,,,
,CD372,,,,,,,,,,RNA5SP807,,,,,,,,MAPKAPK46,LILRB194,,,,,,,,,,,,,,TNFRSF161,,ZNF622,,,,,,,,,,,TNFRSF25,,,,,,,,,,,,IL9,CD45RC,,,,,,,,,ATP5F1E,ATP5MPLP103,,,,,,,,,,,,,,,,,,,,,PPP1R3DC,,ATP5K,,,,,,
,CD373,,,,,,,,,,RNA5SP808,,,,,,,,MAPKAPK47,LILRB195,,,,,,,,,,,,,,TNFRSF162,,,,,,,,,,,,,TNFRSF27,,,,,,,,,,,,IL9R,CD45,,,,,,,,,ATP5F1A,ATP5MPLP104,,,,,,,,,,,,,,,,,,,,,PPP1R3DD,,ATP5O,,,,,,
,CD374,,,,,,,,,,,,,,,,,,MAPKAPK48,LILRB196,,,,,,,,,,,,,,TNFRSF163,,,,,,,,,,,,,TNFRSF29,,,,,,,,,,,,,CD45R,,,,,,,,,ATP5F1,ATP5MPLP105,,,,,,,,,,,,,,,,,,,,,PPP1R3DE,,,,,,,,
,CD375,,,,,,,,,,,,,,,,,,MAPKAPK49,LILRB197,,,,,,,,,,,,,,TNFRSF164,,,,,,,,,,,,,TNFRSF6B,,,,,,,,,,,,,CD45RO,,,,,,,,,ATP5F1C,ATP5MPLP106,,,,,,,,,,,,,,,,,,,,,PPP1R3DF,,,,,,,,
,CD376,,,,,,,,,,,,,,,,,,MAPKAPK50,LILRB198,,,,,,,,,,,,,,TNFRSF165,,,,,,,,,,,,,TNFRSF9,,,,,,,,,,,,,CD45RA,,,,,,,,,ATP5F1D,ATP5MPLP107,,,,,,,,,,,,,,,,,,,,,PPP1R3DG,,,,,,,,
,CD377,,,,,,,,,,,,,,,,,,MAPKAPK51,LILRB199,,,,,,,,,,,,,,TNFRSF166,,,,,,,,,,,,,TNFRSF10A,,,,,,,,,,,,,CD45RB,,,,,,,,,ATP5F1E,ATP5MPLP108,,,,,,,,,,,,,,,,,,,,,PPP1R3DH,,,,,,,,
,CD378,,,,,,,,,,,,,,,,,,MAPKAPK52,LILRB200,,,,,,,,,,,,,,TNFRSF167,,,,,,,,,,,,,TNFRSF10B,,,,,,,,,,,,,CD45RC,,,,,,,,,ATP5F1A,ATP5MPLP109,,,,,,,,,,,,,,,,,,,,,PPP1R3DI,,,,,,,,
,CD379,,,,,,,,,,,,,,,,,,MAPKAPK53,,,,,,,,,,,,,,,TNFRSF168,,,,,,,,,,,,,TNFRSF10C,,,,,,,,,,,,,CD45,,,,,,,,,ATP5F1,ATP5MPLP110,,,,,,,,,,,,,,,,,,,,,PPP1R3DJ,,,,,,,,
,CD380,,,,,,,,,,,,,,,,,,MAPKAPK54,,,,,,,,,,,,,,,TNFRSF169,,,,,,,,,,,,,TNFRSF10D,,,,,,,,,,,,,CD45R,,,,,,,,,ATP5F1C,ATP5MPLP111,,,,,,,,,,,,,,,,,,,,,PPP1R3DK,,,,,,,,
,CD381,,,,,,,,,,,,,,,,,,MAPKAPK55,,,,,,,,,,,,,,,TNFRSF170,,,,,,,,,,,,,TNFRSF11A,,,,,,,,,,,,,CD45RO,,,,,,,,,ATP5F1D,ATP5MPLP112,,,,,,,,,,,,,,,,,,,,,PPP1R3DL,,,,,,,,
,CD382,,,,,,,,,,,,,,,,,,MAPKAPK56,,,,,,,,,,,,,,,TNFRSF171,,,,,,,,,,,,,TNFRSF11B,,,,,,,,,,,,,CD45RA,,,,,,,,,ATP5F1E,ATP5MPLP113,,,,,,,,,,,,,,,,,,,,,PPP1R3DM,,,,,,,,
,CD383,,,,,,,,,,,,,,,,,,MAPKAPK57,,,,,,,,,,,,,,,TNFRSF172,,,,,,,,,,,,,TNFRSF12A,,,,,,,,,,,,,CD45RB,,,,,,,,,ATP5F1A,ATP5MPLP114,,,,,,,,,,,,,,,,,,,,,PPP1R3DN,,,,,,,,
,CD384,,,,,,,,,,,,,,,,,,MAPKAPK58,,,,,,,,,,,,,,,TNFRSF173,,,,,,,,,,,,,TNFRSF13B,,,,,,,,,,,,,CD45RC,,,,,,,,,ATP5F1,ATP5MPLP115,,,,,,,,,,,,,,,,,,,,,PPP1R3DO,,,,,,,,
,CD385,,,,,,,,,,,,,,,,,,MAPKAPK59,,,,,,,,,,,,,,,TNFRSF174,,,,,,,,,,,,,TNFRSF13C,,,,,,,,,,,,,CD45,,,,,,,,,ATP5F1C,ATP5MPLP116,,,,,,,,,,,,,,,,,,,,,PPP1R3DP,,,,,,,,
,CD386,,,,,,,,,,,,,,,,,,MAPKAPK60,,,,,,,,,,,,,,,TNFRSF175,,,,,,,,,,,,,TNFRSF14,,,,,,,,,,,,,CD45R,,,,,,,,,ATP5F1D,ATP5MPLP117,,,,,,,,,,,,,,,,,,,,,PPP1R3DQ,,,,,,,,
,CD387,,,,,,,,,,,,,,,,,,MAPKAPK61,,,,,,,,,,,,,,,TNFRSF176,,,,,,,,,,,,,TNFRSF17,,,,,,,,,,,,,CD45RO,,,,,,,,,ATP5F1E,ATP5MPLP118,,,,,,,,,,,,,,,,,,,,,PPP1R3DR,,,,,,,,
,CD388,,,,,,,,,,,,,,,,,,MAPKAPK62,,,,,,,,,,,,,,,TNFRSF177,,,,,,,,,,,,,TNFRSF18,,,,,,,,,,,,,CD45RA,,,,,,,,,ATP5F1A,ATP5MPLP119,,,,,,,,,,,,,,,,,,,,,PPP1R3DS,,,,,,,,
,CD389,,,,,,,,,,,,,,,,,,MAPKAPK63,,,,,,,,,,,,,,,TNFRSF178,,,,,,,,,,,,,TNFRSF19,,,,,,,,,,,,,CD45RB,,,,,,,,,ATP5F1,ATP5MPLP120,,,,,,,,,,,,,,,,,,,,,PPP1R3DT,,,,,,,,
,CD390,,,,,,,,,,,,,,,,,,MAPKAPK64,,,,,,,,,,,,,,,TNFRSF179,,,,,,,,,,,,,TNFRSF21,,,,,,,,,,,,,CD45RC,,,,,,,,,ATP5F1C,ATP5MPLP121,,,,,,,,,,,,,,,,,,,,,PPP1R3DU,,,,,,,,
,CD391,,,,,,,,,,,,,,,,,,MAPKAPK65,,,,,,,,,,,,,,,TNFRSF180,,,,,,,,,,,,,TNFRSF25,,,,,,,,,,,,,CD45,,,,,,,,,ATP5F1D,ATP5MPLP122,,,,,,,,,,,,,,,,,,,,,PPP1R3DV,,,,,,,,
,CD392,,,,,,,,,,,,,,,,,,MAPKAPK66,,,,,,,,,,,,,,,TNFRSF181,,,,,,,,,,,,,TNFRSF27,,,,,,,,,,,,,CD45R,,,,,,,,,ATP5F1E,ATP5MPLP123,,,,,,,,,,,,,,,,,,,,,PPP1R3DW,,,,,,,,
,CD393,,,,,,,,,,,,,,,,,,MAPKAPK67,,,,,,,,,,,,,,,TNFRSF182,,,,,,,,,,,,,TNFRSF29,,,,,,,,,,,,,CD45RO,,,,,,,,,ATP5F1A,ATP5MPLP124,,,,,,,,,,,,,,,,,,,,,PPP1R3DX,,,,,,,,
,CD394,,,,,,,,,,,,,,,,,,MAPKAPK68,,,,,,,,,,,,,,,TNFRSF183,,,,,,,,,,,,,TNFRSF6B,,,,,,,,,,,,,CD45RA,,,,,,,,,ATP5F1,ATP5MPLP125,,,,,,,,,,,,,,,,,,,,,PPP1R3DY,,,,,,,,
,CD395,,,,,,,,,,,,,,,,,,MAPKAPK69,,,,,,,,,,,,,,,TNFRSF184,,,,,,,,,,,,,TNFRSF9,,,,,,,,,,,,,CD45RB,,,,,,,,,ATP5F1C,ATP5MPLP126,,,,,,,,,,,,,,,,,,,,,PPP1R3DZ,,,,,,,,
,CD396,,,,,,,,,,,,,,,,,,MAPKAPK70,,,,,,,,,,,,,,,TNFRSF185,,,,,,,,,,,,,TNFRSF10A,,,,,,,,,,,,,CD45RC,,,,,,,,,ATP5F1D,ATP5MPLP127,,,,,,,,,,,,,,,,,,,,,PPP1R3EA,,,,,,,,
,CD397,,,,,,,,,,,,,,,,,,MAPKAPK71,,,,,,,,,,,,,,,TNFRSF186,,,,,,,,,,,,,TNFRSF10B,,,,,,,,,,,,,CD45,,,,,,,,,ATP5F1E,ATP5MPLP128,,,,,,,,,,,,,,,,,,,,,PPP1R3EB,,,,,,,,
,CD398,,,,,,,,,,,,,,,,,,MAPKAPK72,,,,,,,,,,,,,,,TNFRSF187,,,,,,,,,,,,,TNFRSF10C,,,,,,,,,,,,,CD45R,,,,,,,,,ATP5F1A,ATP5MPLP129,,,,,,,,,,,,,,,,,,,,,PPP1R3EC,,,,,,,,
,CD399,,,,,,,,,,,,,,,,,,MAPKAPK73,,,,,,,,,,,,,,,TNFRSF188,,,,,,,,,,,,,TNFRSF10D,,,,,,,,,,,,,CD45RO,,,,,,,,,ATP5F1,ATP5MPLP130,,,,,,,,,,,,,,,,,,,,,PPP1R3ED,,,,,,,,
,CD400,,,,,,,,,,,,,,,,,,MAPKAPK74,,,,,,,,,,,,,,,TNFRSF189,,,,,,,,,,,,,TNFRSF11A,,,,,,,,,,,,,CD45RA,,,,,,,,,ATP5F1C,ATP5MPLP131,,,,,,,,,,,,,,,,,,,,,PPP1R3EE,,,,,,,,
,CD401,,,,,,,,,,,,,,,,,,MAPKAPK75,,,,,,,,,,,,,,,TNFRSF190,,,,,,,,,,,,,TNFRSF11B,,,,,,,,,,,,,CD45RB,,,,,,,,,ATP5F1D,,,,,,,,,,,,,,,,,,,,,,PPP1R3EF,,,,,,,,
,CD402,,,,,,,,,,,,,,,,,,MAPKAPK76,,,,,,,,,,,,,,,TNFRSF191,,,,,,,,,,,,,TNFRSF12A,,,,,,,,,,,,,CD45RC,,,,,,,,,ATP5F1E,,,,,,,,,,,,,,,,,,,,,,PPP1R3EG,,,,,,,,
,CD403,,,,,,,,,,,,,,,,,,MAPKAPK77,,,,,,,,,,,,,,,TNFRSF192,,,,,,,,,,,,,TNFRSF13B,,,,,,,,,,,,,CD45,,,,,,,,,ATP5F1A,,,,,,,,,,,,,,,,,,,,,,PPP1R3EH,,,,,,,,
,CD404,,,,,,,,,,,,,,,,,,MAPKAPK78,,,,,,,,,,,,,,,TNFRSF193,,,,,,,,,,,,,TNFRSF13C,,,,,,,,,,,,,CD45R,,,,,,,,,ATP5F1,,,,,,,,,,,,,,,,,,,,,,PPP1R3EI,,,,,,,,
,CD405,,,,,,,,,,,,,,,,,,MAPKAPK79,,,,,,,,,,,,,,,TNFRSF194,,,,,,,,,,,,,TNFRSF14,,,,,,,,,,,,,CD45RO,,,,,,,,,ATP5F1C,,,,,,,,,,,,,,,,,,,,,,PPP1R3EJ,,,,,,,,
,CD406,,,,,,,,,,,,,,,,,,MAPKAPK80,,,,,,,,,,,,,,,TNFRSF195,,,,,,,,,,,,,TNFRSF17,,,,,,,,,,,,,CD45RA,,,,,,,,,ATP5F1D,,,,,,,,,,,,,,,,,,,,,,PPP1R3EK,,,,,,,,
,CD407,,,,,,,,,,,,,,,,,,MAPKAPK81,,,,,,,,,,,,,,,TNFRSF196,,,,,,,,,,,,,TNFRSF18,,,,,,,,,,,,,CD45RB,,,,,,,,,ATP5F1E,,,,,,,,,,,,,,,,,,,,,,PPP1R3EL,,,,,,,,
,CD408,,,,,,,,,,,,,,,,,,MAPKAPK82,,,,,,,,,,,,,,,TNFRSF197,,,,,,,,,,,,,TNFRSF19,,,,,,,,,,,,,CD45RC,,,,,,,,,ATP5F1A,,,,,,,,,,,,,,,,,,,,,,PPP1R3EM,,,,,,,,
,CD409,,,,,,,,,,,,,,,,,,MAPKAPK83,,,,,,,,,,,,,,,TNFRSF198,,,,,,,,,,,,,TNFRSF21,,,,,,,,,,,,,CD45,,,,,,,,,ATP5F1,,,,,,,,,,,,,,,,,,,,,,PPP1R3EN,,,,,,,,
,CD410,,,,,,,,,,,,,,,,,,MAPKAPK84,,,,,,,,,,,,,,,TNFRSF199,,,,,,,,,,,,,TNFRSF25,,,,,,,,,,,,,CD45R,,,,,,,,,ATP5F1C,,,,,,,,,,,,,,,,,,,,,,PPP1R3EO,,,,,,,,
,CD411,,,,,,,,,,,,,,,,,,MAPKAPK85,,,,,,,,,,,,,,,TNFRSF200,,,,,,,,,,,,,TNFRSF27,,,,,,,,,,,,,CD45RO,,,,,,,,,ATP5F1D,,,,,,,,,,,,,,,,,,,,,,PPP1R3EP,,,,,,,,
,CD412,,,,,,,,,,,,,,,,,,MAPKAPK86,,,,,,,,,,,,,,,,,,,,,,,,,,,,TNFRSF29,,,,,,,,,,,,,CD45RA,,,,,,,,,ATP5F1E,,,,,,,,,,,,,,,,,,,,,,PPP1R3EQ,,,,,,,,
,CD413,,,,,,,,,,,,,,,,,,MAPKAPK87,,,,,,,,,,,,,,,,,,,,,,,,,,,,TNFRSF6B,,,,,,,,,,,,,CD45RB,,,,,,,,,ATP5F1A,,,,,,,,,,,,,,,,,,,,,,PPP1R3ER,,,,,,,,
,CD414,,,,,,,,,,,,,,,,,,MAPKAPK88,,,,,,,,,,,,,,,,,,,,,,,,,,,,TNFRSF9,,,,,,,,,,,,,CD45RC,,,,,,,,,ATP5F1,,,,,,,,,,,,,,,,,,,,,,PPP1R3ES,,,,,,,,
,CD415,,,,,,,,,,,,,,,,,,MAPKAPK89,,,,,,,,,,,,,,,,,,,,,,,,,,,,TNFRSF10A,,,,,,,,,,,,,CD45,,,,,,,,,ATP,,,,,,,,,,,,,,,,,,,,,,PPP1R3ET,,,,,,,,
,CD416,,,,,,,,,,,,,,,,,,MAPKAPK90,,,,,,,,,,,,,,,,,,,,,,,,,,,,TNFRSF10B,,,,,,,,,,,,,CD45R,,,,,,,,,,,,,,,,,,,,,,,,,,,,,,,PPP1R3EU,,,,,,,,
,CD417,,,,,,,,,,,,,,,,,,MAPKAPK91,,,,,,,,,,,,,,,,,,,,,,,,,,,,TNFRSF10C,,,,,,,,,,,,,CD45RO,,,,,,,,,,,,,,,,,,,,,,,,,,,,,,,PPP1R3EV,,,,,,,,
,CD418,,,,,,,,,,,,,,,,,,MAPKAPK92,,,,,,,,,,,,,,,,,,,,,,,,,,,,TNFRSF10D,,,,,,,,,,,,,CD45RA,,,,,,,,,,,,,,,,,,,,,,,,,,,,,,,PPP1R3EW,,,,,,,,
,CD419,,,,,,,,,,,,,,,,,,MAPKAPK93,,,,,,,,,,,,,,,,,,,,,,,,,,,,TNFRSF11A,,,,,,,,,,,,,CD45RB,,,,,,,,,,,,,,,,,,,,,,,,,,,,,,,PPP1R3EX,,,,,,,,
,CD420,,,,,,,,,,,,,,,,,,MAPKAPK94,,,,,,,,,,,,,,,,,,,,,,,,,,,,TNFRSF11B,,,,,,,,,,,,,CD45RC,,,,,,,,,,,,,,,,,,,,,,,,,,,,,,,PPP1R3EY,,,,,,,,
,CD421,,,,,,,,,,,,,,,,,,MAPKAPK95,,,,,,,,,,,,,,,,,,,,,,,,,,,,TNFRSF12A,,,,,,,,,,,,,CD45,,,,,,,,,,,,,,,,,,,,,,,,,,,,,,,PPP1R3EZ,,,,,,,,
,CD422,,,,,,,,,,,,,,,,,,MAPKAPK96,,,,,,,,,,,,,,,,,,,,,,,,,,,,TNFRSF13B,,,,,,,,,,,,,CD45R,,,,,,,,,,,,,,,,,,,,,,,,,,,,,,,PPP1R3FA,,,,,,,,
,CD423,,,,,,,,,,,,,,,,,,MAPKAPK97,,,,,,,,,,,,,,,,,,,,,,,,,,,,TNFRSF13C,,,,,,,,,,,,,CD45RO,,,,,,,,,,,,,,,,,,,,,,,,,,,,,,,PPP1R3FB,,,,,,,,
,CD424,,,,,,,,,,,,,,,,,,MAPKAPK98,,,,,,,,,,,,,,,,,,,,,,,,,,,,TNFRSF14,,,,,,,,,,,,,CD45RA,,,,,,,,,,,,,,,,,,,,,,,,,,,,,,,,,,,,,,,
,CD425,,,,,,,,,,,,,,,,,,MAPKAPK99,,,,,,,,,,,,,,,,,,,,,,,,,,,,TNFRSF17,,,,,,,,,,,,,CD45RB,,,,,,,,,,,,,,,,,,,,,,,,,,,,,,,,,,,,,,,
,CD426,,,,,,,,,,,,,,,,,,MAPKAPK100,,,,,,,,,,,,,,,,,,,,,,,,,,,,TNFRSF18,,,,,,,,,,,,,CD45RC,,,,,,,,,,,,,,,,,,,,,,,,,,,,,,,,,,,,,,,
,CD427,,,,,,,,,,,,,,,,,,MAPKAPK101,,,,,,,,,,,,,,,,,,,,,,,,,,,,TNFRSF19,,,,,,,,,,,,,CD45,,,,,,,,,,,,,,,,,,,,,,,,,,,,,,,,,,,,,,,
,CD428,,,,,,,,,,,,,,,,,,MAPKAPK102,,,,,,,,,,,,,,,,,,,,,,,,,,,,TNFRSF21,,,,,,,,,,,,,CD45R,,,,,,,,,,,,,,,,,,,,,,,,,,,,,,,,,,,,,,,
,CD429,,,,,,,,,,,,,,,,,,MAPKAPK103,,,,,,,,,,,,,,,,,,,,,,,,,,,,TNFRSF25,,,,,,,,,,,,,CD45RO,,,,,,,,,,,,,,,,,,,,,,,,,,,,,,,,,,,,,,,
,CD430,,,,,,,,,,,,,,,,,,MAPKAPK104,,,,,,,,,,,,,,,,,,,,,,,,,,,,TNFRSF27,,,,,,,,,,,,,CD45RA,,,,,,,,,,,,,,,,,,,,,,,,,,,,,,,,,,,,,,,
,CD431,,,,,,,,,,,,,,,,,,MAPKAPK105,,,,,,,,,,,,,,,,,,,,,,,,,,,,TNFRSF29,,,,,,,,,,,,,CD45RB,,,,,,,,,,,,,,,,,,,,,,,,,,,,,,,,,,,,,,,
,CD432,,,,,,,,,,,,,,,,,,MAPKAPK106,,,,,,,,,,,,,,,,,,,,,,,,,,,,TNFRSF6B,,,,,,,,,,,,,CD45RC,,,,,,,,,,,,,,,,,,,,,,,,,,,,,,,,,,,,,,,
,CD433,,,,,,,,,,,,,,,,,,MAPKAPK107,,,,,,,,,,,,,,,,,,,,,,,,,,,,TNFRSF9,,,,,,,,,,,,,CD45,,,,,,,,,,,,,,,,,,,,,,,,,,,,,,,,,,,,,,,
,CD434,,,,,,,,,,,,,,,,,,MAPKAPK108,,,,,,,,,,,,,,,,,,,,,,,,,,,,TNFRSF10A,,,,,,,,,,,,,CD45R,,,,,,,,,,,,,,,,,,,,,,,,,,,,,,,,,,,,,,,
,CD435,,,,,,,,,,,,,,,,,,MAPKAPK109,,,,,,,,,,,,,,,,,,,,,,,,,,,,TNFRSF10B,,,,,,,,,,,,,CD45RO,,,,,,,,,,,,,,,,,,,,,,,,,,,,,,,,,,,,,,,
,CD436,,,,,,,,,,,,,,,,,,MAPKAPK110,,,,,,,,,,,,,,,,,,,,,,,,,,,,TNFRSF10C,,,,,,,,,,,,,CD45RA,,,,,,,,,,,,,,,,,,,,,,,,,,,,,,,,,,,,,,,
,CD437,,,,,,,,,,,,,,,,,,MAPKAPK111,,,,,,,,,,,,,,,,,,,,,,,,,,,,TNFRSF10D,,,,,,,,,,,,,CD45RB,,,,,,,,,,,,,,,,,,,,,,,,,,,,,,,,,,,,,,,
,CD438,,,,,,,,,,,,,,,,,,MAPKAPK112,,,,,,,,,,,,,,,,,,,,,,,,,,,,TNFRSF11A,,,,,,,,,,,,,CD45RC,,,,,,,,,,,,,,,,,,,,,,,,,,,,,,,,,,,,,,,
,CD439,,,,,,,,,,,,,,,,,,MAPKAPK113,,,,,,,,,,,,,,,,,,,,,,,,,,,,TNFRSF11B,,,,,,,,,,,,,CD45,,,,,,,,,,,,,,,,,,,,,,,,,,,,,,,,,,,,,,,
,CD440,,,,,,,,,,,,,,,,,,MAPKAPK114,,,,,,,,,,,,,,,,,,,,,,,,,,,,TNFR,,,,,,,,,,,,,CD45R,,,,,,,,,,,,,,,,,,,,,,,,,,,,,,,,,,,,,,,
,CD441,,,,,,,,,,,,,,,,,,MAPKAPK115,,,,,,,,,,,,,,,,,,,,,,,,,,,,,,,,,,,,,,,,,CD45RO,,,,,,,,,,,,,,,,,,,,,,,,,,,,,,,,,,,,,,,
,CD442,,,,,,,,,,,,,,,,,,MAPKAPK116,,,,,,,,,,,,,,,,,,,,,,,,,,,,,,,,,,,,,,,,,CD45RA,,,,,,,,,,,,,,,,,,,,,,,,,,,,,,,,,,,,,,,
,CD443,,,,,,,,,,,,,,,,,,MAPKAPK117,,,,,,,,,,,,,,,,,,,,,,,,,,,,,,,,,,,,,,,,,CD45RB,,,,,,,,,,,,,,,,,,,,,,,,,,,,,,,,,,,,,,,
,CD444,,,,,,,,,,,,,,,,,,MAPKAPK118,,,,,,,,,,,,,,,,,,,,,,,,,,,,,,,,,,,,,,,,,CD45RC,,,,,,,,,,,,,,,,,,,,,,,,,,,,,,,,,,,,,,,
,CD445,,,,,,,,,,,,,,,,,,MAPKAPK119,,,,,,,,,,,,,,,,,,,,,,,,,,,,,,,,,,,,,,,,,CD45,,,,,,,,,,,,,,,,,,,,,,,,,,,,,,,,,,,,,,,
,CD446,,,,,,,,,,,,,,,,,,MAPKAPK120,,,,,,,,,,,,,,,,,,,,,,,,,,,,,,,,,,,,,,,,,CD45R,,,,,,,,,,,,,,,,,,,,,,,,,,,,,,,,,,,,,,,
,CD447,,,,,,,,,,,,,,,,,,MAPKAPK121,,,,,,,,,,,,,,,,,,,,,,,,,,,,,,,,,,,,,,,,,CD45RO,,,,,,,,,,,,,,,,,,,,,,,,,,,,,,,,,,,,,,,
,CD448,,,,,,,,,,,,,,,,,,MAPKAPK122,,,,,,,,,,,,,,,,,,,,,,,,,,,,,,,,,,,,,,,,,CD45RA,,,,,,,,,,,,,,,,,,,,,,,,,,,,,,,,,,,,,,,
,CD449,,,,,,,,,,,,,,,,,,MAPKAPK123,,,,,,,,,,,,,,,,,,,,,,,,,,,,,,,,,,,,,,,,,CD45RB,,,,,,,,,,,,,,,,,,,,,,,,,,,,,,,,,,,,,,,
,CD450,,,,,,,,,,,,,,,,,,MAPKAPK124,,,,,,,,,,,,,,,,,,,,,,,,,,,,,,,,,,,,,,,,,CD45RC,,,,,,,,,,,,,,,,,,,,,,,,,,,,,,,,,,,,,,,
,CD451,,,,,,,,,,,,,,,,,,MAPKAPK125,,,,,,,,,,,,,,,,,,,,,,,,,,,,,,,,,,,,,,,,,CD45,,,,,,,,,,,,,,,,,,,,,,,,,,,,,,,,,,,,,,,
,CD452,,,,,,,,,,,,,,,,,,MAPKAPK126,,,,,,,,,,,,,,,,,,,,,,,,,,,,,,,,,,,,,,,,,CD45R,,,,,,,,,,,,,,,,,,,,,,,,,,,,,,,,,,,,,,,
,CD453,,,,,,,,,,,,,,,,,,MAPKAPK127,,,,,,,,,,,,,,,,,,,,,,,,,,,,,,,,,,,,,,,,,CD45RO,,,,,,,,,,,,,,,,,,,,,,,,,,,,,,,,,,,,,,,
,CD454,,,,,,,,,,,,,,,,,,MAPKAPK128,,,,,,,,,,,,,,,,,,,,,,,,,,,,,,,,,,,,,,,,,CD45RA,,,,,,,,,,,,,,,,,,,,,,,,,,,,,,,,,,,,,,,
,CD455,,,,,,,,,,,,,,,,,,MAPKAPK129,,,,,,,,,,,,,,,,,,,,,,,,,,,,,,,,,,,,,,,,,CD45RB,,,,,,,,,,,,,,,,,,,,,,,,,,,,,,,,,,,,,,,
,CD456,,,,,,,,,,,,,,,,,,MAPKAPK130,,,,,,,,,,,,,,,,,,,,,,,,,,,,,,,,,,,,,,,,,CD45RC,,,,,,,,,,,,,,,,,,,,,,,,,,,,,,,,,,,,,,,
,CD457,,,,,,,,,,,,,,,,,,MAPKAPK131,,,,,,,,,,,,,,,,,,,,,,,,,,,,,,,,,,,,,,,,,CD45,,,,,,,,,,,,,,,,,,,,,,,,,,,,,,,,,,,,,,,
,CD458,,,,,,,,,,,,,,,,,,MAPKAPK132,,,,,,,,,,,,,,,,,,,,,,,,,,,,,,,,,,,,,,,,,CD45R,,,,,,,,,,,,,,,,,,,,,,,,,,,,,,,,,,,,,,,
,CD459,,,,,,,,,,,,,,,,,,MAPKAPK133,,,,,,,,,,,,,,,,,,,,,,,,,,,,,,,,,,,,,,,,,CD45RO,,,,,,,,,,,,,,,,,,,,,,,,,,,,,,,,,,,,,,,
,CD460,,,,,,,,,,,,,,,,,,MAPKAPK134,,,,,,,,,,,,,,,,,,,,,,,,,,,,,,,,,,,,,,,,,CD45RA,,,,,,,,,,,,,,,,,,,,,,,,,,,,,,,,,,,,,,,
,CD461,,,,,,,,,,,,,,,,,,MAPKAPK135,,,,,,,,,,,,,,,,,,,,,,,,,,,,,,,,,,,,,,,,,CD45RB,,,,,,,,,,,,,,,,,,,,,,,,,,,,,,,,,,,,,,,
,CD462,,,,,,,,,,,,,,,,,,MAPKAPK136,,,,,,,,,,,,,,,,,,,,,,,,,,,,,,,,,,,,,,,,,CD45RC,,,,,,,,,,,,,,,,,,,,,,,,,,,,,,,,,,,,,,,
,CD463,,,,,,,,,,,,,,,,,,MAPKAPK137,,,,,,,,,,,,,,,,,,,,,,,,,,,,,,,,,,,,,,,,,,,,,,,,,,,,,,,,,,,,,,,,,,,,,,,,,,,,,,,,
,CD464,,,,,,,,,,,,,,,,,,MAPKAPK138,,,,,,,,,,,,,,,,,,,,,,,,,,,,,,,,,,,,,,,,,,,,,,,,,,,,,,,,,,,,,,,,,,,,,,,,,,,,,,,,
,CD465,,,,,,,,,,,,,,,,,,MAPKAPK139,,,,,,,,,,,,,,,,,,,,,,,,,,,,,,,,,,,,,,,,,,,,,,,,,,,,,,,,,,,,,,,,,,,,,,,,,,,,,,,,
,CD466,,,,,,,,,,,,,,,,,,MAPKAPK140,,,,,,,,,,,,,,,,,,,,,,,,,,,,,,,,,,,,,,,,,,,,,,,,,,,,,,,,,,,,,,,,,,,,,,,,,,,,,,,,
,CD467,,,,,,,,,,,,,,,,,,MAPKAPK141,,,,,,,,,,,,,,,,,,,,,,,,,,,,,,,,,,,,,,,,,,,,,,,,,,,,,,,,,,,,,,,,,,,,,,,,,,,,,,,,
,CD468,,,,,,,,,,,,,,,,,,MAPKAPK142,,,,,,,,,,,,,,,,,,,,,,,,,,,,,,,,,,,,,,,,,,,,,,,,,,,,,,,,,,,,,,,,,,,,,,,,,,,,,,,,
,CD469,,,,,,,,,,,,,,,,,,MAPKAPK143,,,,,,,,,,,,,,,,,,,,,,,,,,,,,,,,,,,,,,,,,,,,,,,,,,,,,,,,,,,,,,,,,,,,,,,,,,,,,,,,
,CD470,,,,,,,,,,,,,,,,,,MAPKAPK144,,,,,,,,,,,,,,,,,,,,,,,,,,,,,,,,,,,,,,,,,,,,,,,,,,,,,,,,,,,,,,,,,,,,,,,,,,,,,,,,
,CD471,,,,,,,,,,,,,,,,,,MAPKAPK145,,,,,,,,,,,,,,,,,,,,,,,,,,,,,,,,,,,,,,,,,,,,,,,,,,,,,,,,,,,,,,,,,,,,,,,,,,,,,,,,
,CD472,,,,,,,,,,,,,,,,,,MAPKAPK146,,,,,,,,,,,,,,,,,,,,,,,,,,,,,,,,,,,,,,,,,,,,,,,,,,,,,,,,,,,,,,,,,,,,,,,,,,,,,,,,
,CD473,,,,,,,,,,,,,,,,,,MAPKAPK147,,,,,,,,,,,,,,,,,,,,,,,,,,,,,,,,,,,,,,,,,,,,,,,,,,,,,,,,,,,,,,,,,,,,,,,,,,,,,,,,
,CD474,,,,,,,,,,,,,,,,,,MAPKAPK148,,,,,,,,,,,,,,,,,,,,,,,,,,,,,,,,,,,,,,,,,,,,,,,,,,,,,,,,,,,,,,,,,,,,,,,,,,,,,,,,
,CD475,,,,,,,,,,,,,,,,,,MAPKAPK149,,,,,,,,,,,,,,,,,,,,,,,,,,,,,,,,,,,,,,,,,,,,,,,,,,,,,,,,,,,,,,,,,,,,,,,,,,,,,,,,
,CD476,,,,,,,,,,,,,,,,,,MAPKAPK150,,,,,,,,,,,,,,,,,,,,,,,,,,,,,,,,,,,,,,,,,,,,,,,,,,,,,,,,,,,,,,,,,,,,,,,,,,,,,,,,
,CD477,,,,,,,,,,,,,,,,,,,,,,,,,,,,,,,,,,,,,,,,,,,,,,,,,,,,,,,,,,,,,,,,,,,,,,,,,,,,,,,,,,,,,,,,,,,,,,,,,,
,CD478,,,,,,,,,,,,,,,,,,,,,,,,,,,,,,,,,,,,,,,,,,,,,,,,,,,,,,,,,,,,,,,,,,,,,,,,,,,,,,,,,,,,,,,,,,,,,,,,,,
,CD479,,,,,,,,,,,,,,,,,,,,,,,,,,,,,,,,,,,,,,,,,,,,,,,,,,,,,,,,,,,,,,,,,,,,,,,,,,,,,,,,,,,,,,,,,,,,,,,,,,
,CD480,,,,,,,,,,,,,,,,,,,,,,,,,,,,,,,,,,,,,,,,,,,,,,,,,,,,,,,,,,,,,,,,,,,,,,,,,,,,,,,,,,,,,,,,,,,,,,,,,,
,CD481,,,,,,,,,,,,,,,,,,,,,,,,,,,,,,,,,,,,,,,,,,,,,,,,,,,,,,,,,,,,,,,,,,,,,,,,,,,,,,,,,,,,,,,,,,,,,,,,,,
,CD482,,,,,,,,,,,,,,,,,,,,,,,,,,,,,,,,,,,,,,,,,,,,,,,,,,,,,,,,,,,,,,,,,,,,,,,,,,,,,,,,,,,,,,,,,,,,,,,,,,
,CD483,,,,,,,,,,,,,,,,,,,,,,,,,,,,,,,,,,,,,,,,,,,,,,,,,,,,,,,,,,,,,,,,,,,,,,,,,,,,,,,,,,,,,,,,,,,,,,,,,,
,CD484,,,,,,,,,,,,,,,,,,,,,,,,,,,,,,,,,,,,,,,,,,,,,,,,,,,,,,,,,,,,,,,,,,,,,,,,,,,,,,,,,,,,,,,,,,,,,,,,,,
,CD485,,,,,,,,,,,,,,,,,,,,,,,,,,,,,,,,,,,,,,,,,,,,,,,,,,,,,,,,,,,,,,,,,,,,,,,,,,,,,,,,,,,,,,,,,,,,,,,,,,
,CD486,,,,,,,,,,,,,,,,,,,,,,,,,,,,,,,,,,,,,,,,,,,,,,,,,,,,,,,,,,,,,,,,,,,,,,,,,,,,,,,,,,,,,,,,,,,,,,,,,,
,CD487,,,,,,,,,,,,,,,,,,,,,,,,,,,,,,,,,,,,,,,,,,,,,,,,,,,,,,,,,,,,,,,,,,,,,,,,,,,,,,,,,,,,,,,,,,,,,,,,,,
,CD488,,,,,,,,,,,,,,,,,,,,,,,,,,,,,,,,,,,,,,,,,,,,,,,,,,,,,,,,,,,,,,,,,,,,,,,,,,,,,,,,,,,,,,,,,,,,,,,,,,
,CD489,,,,,,,,,,,,,,,,,,,,,,,,,,,,,,,,,,,,,,,,,,,,,,,,,,,,,,,,,,,,,,,,,,,,,,,,,,,,,,,,,,,,,,,,,,,,,,,,,,
,CD490,,,,,,,,,,,,,,,,,,,,,,,,,,,,,,,,,,,,,,,,,,,,,,,,,,,,,,,,,,,,,,,,,,,,,,,,,,,,,,,,,,,,,,,,,,,,,,,,,,
,CD491,,,,,,,,,,,,,,,,,,,,,,,,,,,,,,,,,,,,,,,,,,,,,,,,,,,,,,,,,,,,,,,,,,,,,,,,,,,,,,,,,,,,,,,,,,,,,,,,,,
,CD492,,,,,,,,,,,,,,,,,,,,,,,,,,,,,,,,,,,,,,,,,,,,,,,,,,,,,,,,,,,,,,,,,,,,,,,,,,,,,,,,,,,,,,,,,,,,,,,,,,
,CD493,,,,,,,,,,,,,,,,,,,,,,,,,,,,,,,,,,,,,,,,,,,,,,,,,,,,,,,,,,,,,,,,,,,,,,,,,,,,,,,,,,,,,,,,,,,,,,,,,,
,CD494,,,,,,,,,,,,,,,,,,,,,,,,,,,,,,,,,,,,,,,,,,,,,,,,,,,,,,,,,,,,,,,,,,,,,,,,,,,,,,,,,,,,,,,,,,,,,,,,,,
,CD495,,,,,,,,,,,,,,,,,,,,,,,,,,,,,,,,,,,,,,,,,,,,,,,,,,,,,,,,,,,,,,,,,,,,,,,,,,,,,,,,,,,,,,,,,,,,,,,,,,
,CD496,,,,,,,,,,,,,,,,,,,,,,,,,,,,,,,,,,,,,,,,,,,,,,,,,,,,,,,,,,,,,,,,,,,,,,,,,,,,,,,,,,,,,,,,,,,,,,,,,,
,CD497,,,,,,,,,,,,,,,,,,,,,,,,,,,,,,,,,,,,,,,,,,,,,,,,,,,,,,,,,,,,,,,,,,,,,,,,,,,,,,,,,,,,,,,,,,,,,,,,,,
,CD498,,,,,,,,,,,,,,,,,,,,,,,,,,,,,,,,,,,,,,,,,,,,,,,,,,,,,,,,,,,,,,,,,,,,,,,,,,,,,,,,,,,,,,,,,,,,,,,,,,
,CD499,,,,,,,,,,,,,,,,,,,,,,,,,,,,,,,,,,,,,,,,,,,,,,,,,,,,,,,,,,,,,,,,,,,,,,,,,,,,,,,,,,,,,,,,,,,,,,,,,,
,CD500,,,,,,,,,,,,,,,,,,,,,,,,,,,,,,,,,,,,,,,,,,,,,,,,,,,,,,,,,,,,,,,,,,,,,,,,,,,,,,,,,,,,,,,,,,,,,,,,,,
,CD501,,,,,,,,,,,,,,,,,,,,,,,,,,,,,,,,,,,,,,,,,,,,,,,,,,,,,,,,,,,,,,,,,,,,,,,,,,,,,,,,,,,,,,,,,,,,,,,,,,
,CD502,,,,,,,,,,,,,,,,,,,,,,,,,,,,,,,,,,,,,,,,,,,,,,,,,,,,,,,,,,,,,,,,,,,,,,,,,,,,,,,,,,,,,,,,,,,,,,,,,,
,CD503,,,,,,,,,,,,,,,,,,,,,,,,,,,,,,,,,,,,,,,,,,,,,,,,,,,,,,,,,,,,,,,,,,,,,,,,,,,,,,,,,,,,,,,,,,,,,,,,,,
,CD504,,,,,,,,,,,,,,,,,,,,,,,,,,,,,,,,,,,,,,,,,,,,,,,,,,,,,,,,,,,,,,,,,,,,,,,,,,,,,,,,,,,,,,,,,,,,,,,,,,
,CD505,,,,,,,,,,,,,,,,,,,,,,,,,,,,,,,,,,,,,,,,,,,,,,,,,,,,,,,,,,,,,,,,,,,,,,,,,,,,,,,,,,,,,,,,,,,,,,,,,,
,CD506,,,,,,,,,,,,,,,,,,,,,,,,,,,,,,,,,,,,,,,,,,,,,,,,,,,,,,,,,,,,,,,,,,,,,,,,,,,,,,,,,,,,,,,,,,,,,,,,,,
,CD507,,,,,,,,,,,,,,,,,,,,,,,,,,,,,,,,,,,,,,,,,,,,,,,,,,,,,,,,,,,,,,,,,,,,,,,,,,,,,,,,,,,,,,,,,,,,,,,,,,
,CD508,,,,,,,,,,,,,,,,,,,,,,,,,,,,,,,,,,,,,,,,,,,,,,,,,,,,,,,,,,,,,,,,,,,,,,,,,,,,,,,,,,,,,,,,,,,,,,,,,,
,CD509,,,,,,,,,,,,,,,,,,,,,,,,,,,,,,,,,,,,,,,,,,,,,,,,,,,,,,,,,,,,,,,,,,,,,,,,,,,,,,,,,,,,,,,,,,,,,,,,,,
,CD510,,,,,,,,,,,,,,,,,,,,,,,,,,,,,,,,,,,,,,,,,,,,,,,,,,,,,,,,,,,,,,,,,,,,,,,,,,,,,,,,,,,,,,,,,,,,,,,,,,
,CD511,,,,,,,,,,,,,,,,,,,,,,,,,,,,,,,,,,,,,,,,,,,,,,,,,,,,,,,,,,,,,,,,,,,,,,,,,,,,,,,,,,,,,,,,,,,,,,,,,,
,CD512,,,,,,,,,,,,,,,,,,,,,,,,,,,,,,,,,,,,,,,,,,,,,,,,,,,,,,,,,,,,,,,,,,,,,,,,,,,,,,,,,,,,,,,,,,,,,,,,,,
,CD513,,,,,,,,,,,,,,,,,,,,,,,,,,,,,,,,,,,,,,,,,,,,,,,,,,,,,,,,,,,,,,,,,,,,,,,,,,,,,,,,,,,,,,,,,,,,,,,,,,
,CD514,,,,,,,,,,,,,,,,,,,,,,,,,,,,,,,,,,,,,,,,,,,,,,,,,,,,,,,,,,,,,,,,,,,,,,,,,,,,,,,,,,,,,,,,,,,,,,,,,,
,CD515,,,,,,,,,,,,,,,,,,,,,,,,,,,,,,,,,,,,,,,,,,,,,,,,,,,,,,,,,,,,,,,,,,,,,,,,,,,,,,,,,,,,,,,,,,,,,,,,,,
,CD516,,,,,,,,,,,,,,,,,,,,,,,,,,,,,,,,,,,,,,,,,,,,,,,,,,,,,,,,,,,,,,,,,,,,,,,,,,,,,,,,,,,,,,,,,,,,,,,,,,
,CD517,,,,,,,,,,,,,,,,,,,,,,,,,,,,,,,,,,,,,,,,,,,,,,,,,,,,,,,,,,,,,,,,,,,,,,,,,,,,,,,,,,,,,,,,,,,,,,,,,,
,CD518,,,,,,,,,,,,,,,,,,,,,,,,,,,,,,,,,,,,,,,,,,,,,,,,,,,,,,,,,,,,,,,,,,,,,,,,,,,,,,,,,,,,,,,,,,,,,,,,,,
,CD519,,,,,,,,,,,,,,,,,,,,,,,,,,,,,,,,,,,,,,,,,,,,,,,,,,,,,,,,,,,,,,,,,,,,,,,,,,,,,,,,,,,,,,,,,,,,,,,,,,
,CD520,,,,,,,,,,,,,,,,,,,,,,,,,,,,,,,,,,,,,,,,,,,,,,,,,,,,,,,,,,,,,,,,,,,,,,,,,,,,,,,,,,,,,,,,,,,,,,,,,,
,CD521,,,,,,,,,,,,,,,,,,,,,,,,,,,,,,,,,,,,,,,,,,,,,,,,,,,,,,,,,,,,,,,,,,,,,,,,,,,,,,,,,,,,,,,,,,,,,,,,,,
,CD522,,,,,,,,,,,,,,,,,,,,,,,,,,,,,,,,,,,,,,,,,,,,,,,,,,,,,,,,,,,,,,,,,,,,,,,,,,,,,,,,,,,,,,,,,,,,,,,,,,
,CD523,,,,,,,,,,,,,,,,,,,,,,,,,,,,,,,,,,,,,,,,,,,,,,,,,,,,,,,,,,,,,,,,,,,,,,,,,,,,,,,,,,,,,,,,,,,,,,,,,,
,CD524,,,,,,,,,,,,,,,,,,,,,,,,,,,,,,,,,,,,,,,,,,,,,,,,,,,,,,,,,,,,,,,,,,,,,,,,,,,,,,,,,,,,,,,,,,,,,,,,,,
,CD525,,,,,,,,,,,,,,,,,,,,,,,,,,,,,,,,,,,,,,,,,,,,,,,,,,,,,,,,,,,,,,,,,,,,,,,,,,,,,,,,,,,,,,,,,,,,,,,,,,
,CD526,,,,,,,,,,,,,,,,,,,,,,,,,,,,,,,,,,,,,,,,,,,,,,,,,,,,,,,,,,,,,,,,,,,,,,,,,,,,,,,,,,,,,,,,,,,,,,,,,,
,CD527,,,,,,,,,,,,,,,,,,,,,,,,,,,,,,,,,,,,,,,,,,,,,,,,,,,,,,,,,,,,,,,,,,,,,,,,,,,,,,,,,,,,,,,,,,,,,,,,,,
,CD528,,,,,,,,,,,,,,,,,,,,,,,,,,,,,,,,,,,,,,,,,,,,,,,,,,,,,,,,,,,,,,,,,,,,,,,,,,,,,,,,,,,,,,,,,,,,,,,,,,
,CD529,,,,,,,,,,,,,,,,,,,,,,,,,,,,,,,,,,,,,,,,,,,,,,,,,,,,,,,,,,,,,,,,,,,,,,,,,,,,,,,,,,,,,,,,,,,,,,,,,,
,CD530,,,,,,,,,,,,,,,,,,,,,,,,,,,,,,,,,,,,,,,,,,,,,,,,,,,,,,,,,,,,,,,,,,,,,,,,,,,,,,,,,,,,,,,,,,,,,,,,,,
,CD531,,,,,,,,,,,,,,,,,,,,,,,,,,,,,,,,,,,,,,,,,,,,,,,,,,,,,,,,,,,,,,,,,,,,,,,,,,,,,,,,,,,,,,,,,,,,,,,,,,
,CD532,,,,,,,,,,,,,,,,,,,,,,,,,,,,,,,,,,,,,,,,,,,,,,,,,,,,,,,,,,,,,,,,,,,,,,,,,,,,,,,,,,,,,,,,,,,,,,,,,,
,CD533,,,,,,,,,,,,,,,,,,,,,,,,,,,,,,,,,,,,,,,,,,,,,,,,,,,,,,,,,,,,,,,,,,,,,,,,,,,,,,,,,,,,,,,,,,,,,,,,,,
,CD534,,,,,,,,,,,,,,,,,,,,,,,,,,,,,,,,,,,,,,,,,,,,,,,,,,,,,,,,,,,,,,,,,,,,,,,,,,,,,,,,,,,,,,,,,,,,,,,,,,
,CD535,,,,,,,,,,,,,,,,,,,,,,,,,,,,,,,,,,,,,,,,,,,,,,,,,,,,,,,,,,,,,,,,,,,,,,,,,,,,,,,,,,,,,,,,,,,,,,,,,,
,CD536,,,,,,,,,,,,,,,,,,,,,,,,,,,,,,,,,,,,,,,,,,,,,,,,,,,,,,,,,,,,,,,,,,,,,,,,,,,,,,,,,,,,,,,,,,,,,,,,,,
,CD537,,,,,,,,,,,,,,,,,,,,,,,,,,,,,,,,,,,,,,,,,,,,,,,,,,,,,,,,,,,,,,,,,,,,,,,,,,,,,,,,,,,,,,,,,,,,,,,,,,
,CD538,,,,,,,,,,,,,,,,,,,,,,,,,,,,,,,,,,,,,,,,,,,,,,,,,,,,,,,,,,,,,,,,,,,,,,,,,,,,,,,,,,,,,,,,,,,,,,,,,,
,CD539,,,,,,,,,,,,,,,,,,,,,,,,,,,,,,,,,,,,,,,,,,,,,,,,,,,,,,,,,,,,,,,,,,,,,,,,,,,,,,,,,,,,,,,,,,,,,,,,,,
,CD540,,,,,,,,,,,,,,,,,,,,,,,,,,,,,,,,,,,,,,,,,,,,,,,,,,,,,,,,,,,,,,,,,,,,,,,,,,,,,,,,,,,,,,,,,,,,,,,,,,
,CD541,,,,,,,,,,,,,,,,,,,,,,,,,,,,,,,,,,,,,,,,,,,,,,,,,,,,,,,,,,,,,,,,,,,,,,,,,,,,,,,,,,,,,,,,,,,,,,,,,,
,CD542,,,,,,,,,,,,,,,,,,,,,,,,,,,,,,,,,,,,,,,,,,,,,,,,,,,,,,,,,,,,,,,,,,,,,,,,,,,,,,,,,,,,,,,,,,,,,,,,,,
,CD543,,,,,,,,,,,,,,,,,,,,,,,,,,,,,,,,,,,,,,,,,,,,,,,,,,,,,,,,,,,,,,,,,,,,,,,,,,,,,,,,,,,,,,,,,,,,,,,,,,
,CD544,,,,,,,,,,,,,,,,,,,,,,,,,,,,,,,,,,,,,,,,,,,,,,,,,,,,,,,,,,,,,,,,,,,,,,,,,,,,,,,,,,,,,,,,,,,,,,,,,,
,CD545,,,,,,,,,,,,,,,,,,,,,,,,,,,,,,,,,,,,,,,,,,,,,,,,,,,,,,,,,,,,,,,,,,,,,,,,,,,,,,,,,,,,,,,,,,,,,,,,,,
,CD546,,,,,,,,,,,,,,,,,,,,,,,,,,,,,,,,,,,,,,,,,,,,,,,,,,,,,,,,,,,,,,,,,,,,,,,,,,,,,,,,,,,,,,,,,,,,,,,,,,
,CD547,,,,,,,,,,,,,,,,,,,,,,,,,,,,,,,,,,,,,,,,,,,,,,,,,,,,,,,,,,,,,,,,,,,,,,,,,,,,,,,,,,,,,,,,,,,,,,,,,,
,CD548,,,,,,,,,,,,,,,,,,,,,,,,,,,,,,,,,,,,,,,,,,,,,,,,,,,,,,,,,,,,,,,,,,,,,,,,,,,,,,,,,,,,,,,,,,,,,,,,,,
,CD549,,,,,,,,,,,,,,,,,,,,,,,,,,,,,,,,,,,,,,,,,,,,,,,,,,,,,,,,,,,,,,,,,,,,,,,,,,,,,,,,,,,,,,,,,,,,,,,,,,
,CD550,,,,,,,,,,,,,,,,,,,,,,,,,,,,,,,,,,,,,,,,,,,,,,,,,,,,,,,,,,,,,,,,,,,,,,,,,,,,,,,,,,,,,,,,,,,,,,,,,,
,CD551,,,,,,,,,,,,,,,,,,,,,,,,,,,,,,,,,,,,,,,,,,,,,,,,,,,,,,,,,,,,,,,,,,,,,,,,,,,,,,,,,,,,,,,,,,,,,,,,,,
,CD552,,,,,,,,,,,,,,,,,,,,,,,,,,,,,,,,,,,,,,,,,,,,,,,,,,,,,,,,,,,,,,,,,,,,,,,,,,,,,,,,,,,,,,,,,,,,,,,,,,
,CD553,,,,,,,,,,,,,,,,,,,,,,,,,,,,,,,,,,,,,,,,,,,,,,,,,,,,,,,,,,,,,,,,,,,,,,,,,,,,,,,,,,,,,,,,,,,,,,,,,,
,CD554,,,,,,,,,,,,,,,,,,,,,,,,,,,,,,,,,,,,,,,,,,,,,,,,,,,,,,,,,,,,,,,,,,,,,,,,,,,,,,,,,,,,,,,,,,,,,,,,,,
,CD555,,,,,,,,,,,,,,,,,,,,,,,,,,,,,,,,,,,,,,,,,,,,,,,,,,,,,,,,,,,,,,,,,,,,,,,,,,,,,,,,,,,,,,,,,,,,,,,,,,
,CD556,,,,,,,,,,,,,,,,,,,,,,,,,,,,,,,,,,,,,,,,,,,,,,,,,,,,,,,,,,,,,,,,,,,,,,,,,,,,,,,,,,,,,,,,,,,,,,,,,,
,CD557,,,,,,,,,,,,,,,,,,,,,,,,,,,,,,,,,,,,,,,,,,,,,,,,,,,,,,,,,,,,,,,,,,,,,,,,,,,,,,,,,,,,,,,,,,,,,,,,,,
,CD558,,,,,,,,,,,,,,,,,,,,,,,,,,,,,,,,,,,,,,,,,,,,,,,,,,,,,,,,,,,,,,,,,,,,,,,,,,,,,,,,,,,,,,,,,,,,,,,,,,
,CD559,,,,,,,,,,,,,,,,,,,,,,,,,,,,,,,,,,,,,,,,,,,,,,,,,,,,,,,,,,,,,,,,,,,,,,,,,,,,,,,,,,,,,,,,,,,,,,,,,,
,CD560,,,,,,,,,,,,,,,,,,,,,,,,,,,,,,,,,,,,,,,,,,,,,,,,,,,,,,,,,,,,,,,,,,,,,,,,,,,,,,,,,,,,,,,,,,,,,,,,,,
,CD561,,,,,,,,,,,,,,,,,,,,,,,,,,,,,,,,,,,,,,,,,,,,,,,,,,,,,,,,,,,,,,,,,,,,,,,,,,,,,,,,,,,,,,,,,,,,,,,,,,
,CD562,,,,,,,,,,,,,,,,,,,,,,,,,,,,,,,,,,,,,,,,,,,,,,,,,,,,,,,,,,,,,,,,,,,,,,,,,,,,,,,,,,,,,,,,,,,,,,,,,,
,CD563,,,,,,,,,,,,,,,,,,,,,,,,,,,,,,,,,,,,,,,,,,,,,,,,,,,,,,,,,,,,,,,,,,,,,,,,,,,,,,,,,,,,,,,,,,,,,,,,,,
,CD564,,,,,,,,,,,,,,,,,,,,,,,,,,,,,,,,,,,,,,,,,,,,,,,,,,,,,,,,,,,,,,,,,,,,,,,,,,,,,,,,,,,,,,,,,,,,,,,,,,
,CD565,,,,,,,,,,,,,,,,,,,,,,,,,,,,,,,,,,,,,,,,,,,,,,,,,,,,,,,,,,,,,,,,,,,,,,,,,,,,,,,,,,,,,,,,,,,,,,,,,,
,CD566,,,,,,,,,,,,,,,,,,,,,,,,,,,,,,,,,,,,,,,,,,,,,,,,,,,,,,,,,,,,,,,,,,,,,,,,,,,,,,,,,,,,,,,,,,,,,,,,,,
,CD567,,,,,,,,,,,,,,,,,,,,,,,,,,,,,,,,,,,,,,,,,,,,,,,,,,,,,,,,,,,,,,,,,,,,,,,,,,,,,,,,,,,,,,,,,,,,,,,,,,
,CD568,,,,,,,,,,,,,,,,,,,,,,,,,,,,,,,,,,,,,,,,,,,,,,,,,,,,,,,,,,,,,,,,,,,,,,,,,,,,,,,,,,,,,,,,,,,,,,,,,,
,CD569,,,,,,,,,,,,,,,,,,,,,,,,,,,,,,,,,,,,,,,,,,,,,,,,,,,,,,,,,,,,,,,,,,,,,,,,,,,,,,,,,,,,,,,,,,,,,,,,,,
,CD570,,,,,,,,,,,,,,,,,,,,,,,,,,,,,,,,,,,,,,,,,,,,,,,,,,,,,,,,,,,,,,,,,,,,,,,,,,,,,,,,,,,,,,,,,,,,,,,,,,
,CD571,,,,,,,,,,,,,,,,,,,,,,,,,,,,,,,,,,,,,,,,,,,,,,,,,,,,,,,,,,,,,,,,,,,,,,,,,,,,,,,,,,,,,,,,,,,,,,,,,,
,CD572,,,,,,,,,,,,,,,,,,,,,,,,,,,,,,,,,,,,,,,,,,,,,,,,,,,,,,,,,,,,,,,,,,,,,,,,,,,,,,,,,,,,,,,,,,,,,,,,,,
,CD573,,,,,,,,,,,,,,,,,,,,,,,,,,,,,,,,,,,,,,,,,,,,,,,,,,,,,,,,,,,,,,,,,,,,,,,,,,,,,,,,,,,,,,,,,,,,,,,,,,
,CD574,,,,,,,,,,,,,,,,,,,,,,,,,,,,,,,,,,,,,,,,,,,,,,,,,,,,,,,,,,,,,,,,,,,,,,,,,,,,,,,,,,,,,,,,,,,,,,,,,,
,CD575,,,,,,,,,,,,,,,,,,,,,,,,,,,,,,,,,,,,,,,,,,,,,,,,,,,,,,,,,,,,,,,,,,,,,,,,,,,,,,,,,,,,,,,,,,,,,,,,,,
,CD576,,,,,,,,,,,,,,,,,,,,,,,,,,,,,,,,,,,,,,,,,,,,,,,,,,,,,,,,,,,,,,,,,,,,,,,,,,,,,,,,,,,,,,,,,,,,,,,,,,
,CD577,,,,,,,,,,,,,,,,,,,,,,,,,,,,,,,,,,,,,,,,,,,,,,,,,,,,,,,,,,,,,,,,,,,,,,,,,,,,,,,,,,,,,,,,,,,,,,,,,,
,CD578,,,,,,,,,,,,,,,,,,,,,,,,,,,,,,,,,,,,,,,,,,,,,,,,,,,,,,,,,,,,,,,,,,,,,,,,,,,,,,,,,,,,,,,,,,,,,,,,,,
,CD579,,,,,,,,,,,,,,,,,,,,,,,,,,,,,,,,,,,,,,,,,,,,,,,,,,,,,,,,,,,,,,,,,,,,,,,,,,,,,,,,,,,,,,,,,,,,,,,,,,
,CD580,,,,,,,,,,,,,,,,,,,,,,,,,,,,,,,,,,,,,,,,,,,,,,,,,,,,,,,,,,,,,,,,,,,,,,,,,,,,,,,,,,,,,,,,,,,,,,,,,,
,CD581,,,,,,,,,,,,,,,,,,,,,,,,,,,,,,,,,,,,,,,,,,,,,,,,,,,,,,,,,,,,,,,,,,,,,,,,,,,,,,,,,,,,,,,,,,,,,,,,,,
,CD582,,,,,,,,,,,,,,,,,,,,,,,,,,,,,,,,,,,,,,,,,,,,,,,,,,,,,,,,,,,,,,,,,,,,,,,,,,,,,,,,,,,,,,,,,,,,,,,,,,
,CD583,,,,,,,,,,,,,,,,,,,,,,,,,,,,,,,,,,,,,,,,,,,,,,,,,,,,,,,,,,,,,,,,,,,,,,,,,,,,,,,,,,,,,,,,,,,,,,,,,,
,CD584,,,,,,,,,,,,,,,,,,,,,,,,,,,,,,,,,,,,,,,,,,,,,,,,,,,,,,,,,,,,,,,,,,,,,,,,,,,,,,,,,,,,,,,,,,,,,,,,,,
,CD585,,,,,,,,,,,,,,,,,,,,,,,,,,,,,,,,,,,,,,,,,,,,,,,,,,,,,,,,,,,,,,,,,,,,,,,,,,,,,,,,,,,,,,,,,,,,,,,,,,
,CD,,,,,,,,,,,,,,,,,,,,,,,,,,,,,,,,,,,,,,,,,,,,,,,,,,,,,,,,,,,,,,,,,,,,,,,,,,,,,,,,,,,,,,,,,,,,,,,,,,