seed_1_all,seed_2_all,seed_3_all,seed_4_all,seed_5_all,seed_6_all,seed_7_all,seed_8_all,seed_9_all,seed_10_all,seed_11_all,seed_12_all,seed_13_all,seed_14_all,seed_15_all,seed_16_all,seed_17_all,seed_18_all,seed_19_all,seed_20_all,seed_21_all,seed_22_all,seed_23_all,seed_24_all,seed_25_all,seed_26_all,seed_27_all,seed_28_all,seed_29_all,seed_30_all,seed_31_all,seed_32_all,seed_33_all,seed_34_all,seed_35_all,seed_36_all,seed_37_all,seed_38_all,seed_39_all,seed_40_all,seed_41_all,seed_42_all,seed_43_all,seed_44_all,seed_45_all,seed_46_all,seed_47_all,seed_48_all,seed_49_all,seed_50_all,seed_51_all,seed_52_all,seed_53_all,seed_54_all,seed_55_all,seed_56_all,seed_57_all,seed_58_all,seed_59_all,seed_60_all,seed_61_all,seed_62_all,seed_63_all,seed_64_all,seed_65_all,seed_66_all,seed_67_all,seed_68_all,seed_69_all,seed_70_all,seed_71_all,seed_72_all,seed_73_all,seed_74_all,seed_75_all,seed_76_all,seed_77_all,seed_78_all,seed_79_all,seed_80_all,seed_81_all,seed_82_all,seed_83_all,seed_84_all,seed_85_all,seed_86_all,seed_87_all,seed_88_all,seed_89_all,seed_90_all,seed_91_all,seed_92_all,seed_93_all,seed_94_all,seed_95_all,seed_96_all,seed_97_all,seed_98_all,seed_99_all,seed_100_all
IL10,IL1B,IL10,IL6,TLR4,IL1B,IL1B,IL1B,IL1B,IL1B,IL1B,IL1B,TGFB1,IL1B,IL10,IL10,IL1B,IL10,IL6,IL10,IL1B,IL10,IL6,IL10,IL6,IL10,IL6,IL10,IL10,IL6,TLR4,TNF,IL1B,IL1B,IL1B,IL1B,IL6,PDK1,IL1B,IL1B,PPARGC1A,TLR4,IL1B,IL6,IL10,IL1B,IL17A,IL10,MTHFR,MAVS,IL10,IL6,IL10,CTLA4,IL6,IL1B,TLR4,IL6,IL6,IL6,IL1B,IL10,IL10,ATP5F1A,TRPM3,IL10,IL10,IL6,IL10,IL1B,CAT,IL10,IL7R,PPARGC1A,IL1B,IL10,IL10,IL10,IL10,IL1B,IL10,NFKB1,IL10,IL6,IL6,PPARGC1A,TNF,IL6,IL1B,IL10,IL6,IL1B,IL10,IFNG,IL6,SOD2,C1QA,IL1B,IL1B,TGFB1
IFNG,IL6,TNF,TNF,BDNF,IL6,IL6,IL6,IL6,IL6,IL6,IL6,IL10,GSR,IL6,INFG,IL6,IFNG,IL1B,IFNG,IL6,IFNG,IL1B,IL6,TNF,IL6,TGFB1,IL6,TNF,TNF,COMT,IL6,PPARGC1A,TNF,IL6,IL6,TNF,PDK4,IL6,IL6,TFAM,IL6,IL6,TNF,IFNG,IL6,IFNG,IL6,COMT,PDK1,IL1B,TNF,IL1B,TLR4,TNF,IL6,SLC6A4,IL1B,TNF,TNF,IL6,TNF,IFNG,CD4,VDR,IFNG,TGFB1,IL10,IL1B,TLR4,GPX1,IFNG,IL2RA,PPARA,IL10,IL6,IFNG,IL6,IFNG,IL6,IFNG,MYD88,IL6,TNF,IL10,ACE,HTR2A,TNF,IL6,TNF,IL1B,IL6,IL1B,NOS3,IL1B,IL6,C1QB,TNF,IL6,IL1B
TNF,TNF,IDO1,IFNG,SLC6A4,TNF,TNF,IL10,CCL2,TNF,TNF,IL10,SIRT1,TGFB1,IL1B,TNF,IL10,TNF,TNF,TNF,TNF,TNF,TNF,TNF,IFNG,IL1B,CCL2,TNF,IL6,IL10,SLC6A4,IL1B,SOD2,NFE2L2,IL10,IL10,IFNG,STAT1,TNF,TNF,NRF1,IL1B,TNF,IFNG,TNF,IL10,TNF,IL1B,IL10,PDK4,IL6,IFNG,IL6,PDCD1,IFNG,IL10,TPH2,TNF,IL1B,IL1B,IL10,IFNG,TNF,CD8A,NLRP3,TNF,TNF,TNF,IL6,NOS3,IL1B,TNF,IFNG,IL10,IL18,TNF,TNF,TNF,TNF,TNF,TNF,IRAK4,TNF,IL1B,IL17A,CACNA1C,ADRB2,STAT3,TNF,IL6,TNF,IL10,IL6,TNF,TNF,GPX1,C1QC,IFNG,IL10,IL6
IL6,IFNG,IL6,IL10,CCL2,TLR4,IFNG,IL17A,CXCL10,SOD2,IFNG,IL17A,PPARGC1A,SOD2,TNF,IL6,TNF,IL6,IFNG,IL6,IFNG,IL6,IFNG,IFNG,IL10,TNF,HIF1A,IFNG,IFNG,IFNG,IL1B,CXCL10,CX3CR1,IL6,TNF,TNF,MX1,COMT,SDHA,IFNG,ATP5F1A,TNF,IFNG,IL10,IL6,TNF,IL10,TNF,TNF,CPT1A,TNF,IL10,TNF,ICOS,IL10,IL17A,HTR1A,IFNG,CXCL10,CCL2,TNF,IL6,IL6,CRH,IL1B,IL6,NFKB1,IFNG,TNF,BDNF,IL6,IL6,TNF,IL6,NLRP3,IFNG,NDUFS1,IFNG,IL6,KLRK1,IL6,IRF3,IFNG,IFNG,TNF,COMT,TLR2,TLR2,IFNG,NFKB1,IFNG,TNF,TNF,NFKB1,STAT1,GPX4,IL1B,IL6,TNF,IL10
IL1B,IL10,IFNG,IL1B,NFKB1,IL10,IL10,TNF,SLC6A4,SLC6A4,TLR4,TNF,SOD2,IL6,IFNG,TGFB1,IFNG,IL1B,IL10,IL1B,TGFB1,IL1B,NFKB1,TLR4,IL17A,IFNG,TLR2,NFKB1,IL1B,IL1B,IL6,TLR4,ADRB1,CXCL10,IFNG,IFNG,OAS1,ADRB2,SDHB,IL10,ATP5F1B,IL10,TGFB1,IL1B,IL1B,IFNG,IL6,IFNG,IL6,SIRT1,IFNG,NFKB1,IFNG,BTLA,NFKB1,IFNG,HTR2A,IL10,NFKB1,CXCL10,IFNG,NFKB1,TGFB1,FKBP5,IL6,IL1B,IL6,IL1B,IFNG,IL6,TNF,IL1B,TGFB1,PDK4,TNFRSF1A,IL1B,ATP5F1B,IL1B,IL1B,KLRD1,NFKB1,IRF7,STAT1,IL10,IFNG,IDO1,TLR4,TLR4,IL10,IFNG,NFKB1,IFNG,IFNG,IL1B,SOD2,SOD1,IL6,IL10,IFNG,CXCL10
TGFB1,TGFB1,IL1B,NFKB1,IL1B,TGFB1,IFNA1,IFNG,SOD1,BDNF,NFKB1,IFNG,STAT1,TNF,STAT1,IL1B,IFNA1,IL17A,TGFB1,NFKB1,IL10,NFKB1,SOD2,NFKB1,TGFB1,TGFB1,TLR4,TLR4,NFKB1,NFKB1,TNF,TGFB1,CRH,IL10,NFKB1,TLR4,ISG15,NR3C1,SLC6A4,TGFB1,COX4I1,TGFB1,KLRK1,STAT1,TGFB1,IFNB1,NFKB1,TLR4,IL1B,STAT1,IFNA1,IL1B,TGFB1,CD244,STAT1,TLR3,COMT,IL17A,STAT1,TGFB1,TGFB1,TGFB1,IL1B,GPX1,IL10,TGFB1,IL1B,TGFB1,IFNAR1,TNF,NOS3,NFKB1,IL6,TNF,IL6,CXCL10,SOD2,STAT1,NFKB1,NCR1,STAT3,CTLA4,NFKB1,FOXP3,IFNB1,IL1B,STAT1,NLRP3,TGFB1,IL1B,NLRP3,IFNA1,TGFB1,IL6,PDK4,CCL2,TNF,TGFB1,TNFRSF1A,TNF
PDCD1,CD4,SOD2,STAT3,IL6,SOD2,IFNB1,TGFB1,SOD2,GPX1,STAT1,IFNA1,IRF3,GPX1,STAT3,NFKB1,CXCL10,TGFB1,CD4,STAT1,NFE2L2,TGFB1,CAT,SOD2,IL1B,CD8A,NLRP3,CD4,TGFB1,MAPK1,IFNG,PRF1,TPH1,NR3C1,STAT1,CD4,IFI27,FKBP5,TPH1,CD4,COX5A,NFKB1,CRP,PDK1,FOXP3,IFNAR1,TGFB1,IL17A,IFNG,NFKB1,NFKB1,CASP1,CXCL10,TIGIT,STAT3,TLR4,MTHFR,IL4,PDCD1,IL1A,IL17A,IL1B,PGK1,HMOX1,PPARGC1A,IL17A,IFNG,IL17A,IFNAR2,IFNG,SLC6A4,STAT1,IL10,TFAM,TNF,PDCD1,PRDX3,STAT3,STAT1,TFAM,IL17A,PDCD1,SOD2,TGFB1,IFNA1,IL6,STAT3,CASP1,PDCD1,IDO1,TGFB1,IFNB1,IL17A,IL10,UCP2,IL1B,IFNG,CD8A,IL17A,NOS3
CTLA4,CD8A,GPX1,TGFB1,ITGAM,GPX1,NFKB1,CCL5,CAT,PPARGC1A,CXCL10,IFNB1,IL6,SLC6A4,TGFB1,MAPK1,PDCD1,CD4,CD8A,STAT3,SOD2,IL17A,GPX1,CAT,CD4,CD4,IL10,FOXP3,IL17A,JAK1,IL10,PDCD1,IL6,IFNG,IRF3,CD8A,EIF2AK2,CRHR1,TPH2,CD8A,NDUFV1,STAT3,NLRP3,MTOR,STAT1,CD4,IL1B,SOD2,NFKB1,NOS1,STAT1,NLRP3,IL17A,LAG3,IRF3,TLR9,IL1B,IL13,IL10,CCL11,IL4,HLA-DRB1,PDHA1,IFNG,NRF1,CD4,IL17A,CD4,TLR3,IL10,ADRB2,STAT3,IL17A,IFNG,TLR4,CD274,GPX1,TLR3,STAT3,PPARA,TGFB1,LAG3,CAT,STAT3,TGFB1,KMO,STAT5A,IL18,CTLA4,TGFB1,SOD2,TGFB1,CD4,CTLA4,CAT,TNF,IL10,PDCD1,TGFB1,EIF2AK2
CD4,CTLA4,SOD1,IL17A,MYD88,CAT,STAT1,CXCL10,GPX1,IFNG,CD4,TNFRSF1A,IRF7,IFNG,CD4,HLA-DRB1,KLRK1,CD8A,CD19,PDCD1,CAT,PDCD1,HMOX1,GPX1,CD8A,STAT1,CXCL8,PDCD1,CASP1,STAT3,NFKB1,NLRP3,NRF1,CCL2,IRF7,PDCD1,PPARGC1A,BDNF,CCL2,NFKB1,UQCRC1,NLRP3,CASP1,ATP5F1A,STAT3,CD8A,IL8,TGFB1,TGFB1,IRF3,TLR3,STAT1,NFKB1,TNF,IRF7,CD4,NLRP3,TLR4,IFNG,IL15,IL13,MAPK1,SOD2,IL10,TFAM,CD8A,FOXP3,CD8A,TLR4,CTLA4,NPY,CD4,FOXP3,NDUFS1,TLR2,KLRK1,BDNF,TLR4,IRF3,PPARG,IL1B,HAVCR2,GPX1,SOD2,CD4,KYNU,PPARA,CXCL10,LAG3,TLR4,GPX1,IL17A,CD8A,FCGR3A,GPX1,CAT,IL17A,STAT3,CD4,TRPM3
CD8A,NFKB1,NLRP3,GCLC,TNF,NFKB1,STAT3,TLR4,GSR,NR3C1,CD8A,IL12A,TNF,IL10,CD8A,STAT3,TLR3,GZMB,CTLA4,CTLA4,GPX1,CTLA4,NOS2,GCLM,KLRK1,JAK1,RELA,CTLA4,NLRP3,FOXP3,CXCL10,NFKB1,CAT,TLR4,PPARGC1A,PPARGC1A,TFAM,TRPV1,TLR2,STAT1,IL1B,CXCL10,PPARGC1A,SOD2,NFKB1,PDCD1,FOXP3,BDNF,IL17A,IRF7,TLR4,IL17A,STAT1,IL6,KLRK1,CD8A,CASP1,TLR9,TLR4,IFNG,IL2,TNFA,NDUFS1,IL1B,PRKAA1,PDCD1,PDCD1,NLRP3,STAT1,PDCD1,CCL2,CD8A,CD4,IL1B,CCL2,GZMB,CX3CR1,NLRP3,IRF7,NFE2L2,TLR4,BTLA,PPARGC1A,NFKB1,CD8A,NOS3,LDHA,CCL2,TIGIT,IL17A,PPARGC1A,STAT1,PRF1,ICAM1,HMOX1,IL17A,IL12A,NFKB1,CD8A,OAS1
KLRK1,STAT1,CXCL10,BDNF,OAS1,CCL2,TLR3,NFKB1,IL10,CRH,PDCD1,IL12B,HIF1A,HMOX1,HLA-DRB1,IL17A,TLR4,PRF1,PDCD1,HAVCR2,PPARGC1A,CD70,BDNF,HMOX1,GZMB,TLR3,PPARGC1A,IL17A,HLA-DRB1,HLA-DRB1,CCL2,IL10,P2RY12,STAT1,SOD2,NRF1,PDK4,TLR4,TLR4,STAT3,STAT1,CCL2,SOD2,HMOX1,TLR4,CTLA4,STAT3,COMT,GRIK2,JAK1,CD4,FOXP3,STAT3,IL1B,PRF1,CD19,IL10,NDUFS1,PRF1,IL10,CD4,IL17A,MAPK1,IL6,PRKAA2,CTLA4,CTLA4,TLR4,IRF3,GZMB,SOD2,KLRK1,CD8A,SDHA,IL22,PRF1,NR3C1,NFKB1,PPARGC1A,KEAP1,CD19,GPX1,CX3CR1,HMOX1,CD28,PDK4,VEGFA,SOD2,KLRK1,FOXP3,ATP5F1A,STAT3,GZMB,SIRT1,CRHR1,TGFB1,IL12B,PRF1,CD19,IDO1
NCAM1,STAT3,CX3CR1,HIF1A,NGF,CXCL10,TLR4,STAT1,CCL5,FKBP5,CTLA4,CXCL8,NRF1,NFE2L2,TLR4,FOXP3,NFKB1,KLRK1,LAG3,PPARGC1A,PRKAA1,HLA-DRB1,NGF,NFE2L2,PRF1,TLR4,NRF1,HLA-DRB1,CD4,CD4,SOD2,IFNG,SLC6A4,PPARGC1A,CAT,TFAM,IL1B,ISG15,MYD88,TLR4,CCL2,SOCS3,GPX1,BDNF,CCL2,GZMA,CXCL10,TLR3,GRIN2A,JAK2,CD8A,MT-ND1,CD4,SOD1,GZMB,CTLA4,IL6,NDUFS2,OAS1,IL17A,CD8A,SOD2,STAT3,KLRD1,PPARA,IRF7,LAG3,TLR9,IRF7,PRF1,CXCL10,PDCD1,GZMB,IL17A,CASP1,NDUFS1,FKBP5,KLRK1,TFAM,HMOX1,PTPRC,GPX4,TREM2,NOS2,CTLA4,PRKAA1,OCLN,MPO,NCR1,CXCL10,ATP5F1B,NFKB1,KLRK1,GZMB,NR3C1,TLR4,IL13,GZMB,STAT1,RNASEL
NDUFS1,TLR3,SIRT1,SOD2,TLR2,IFNG,TLR9,IRF3,TLR4,NFKB1,KLRK1,CXCL10,NFKB1,CAT,MYD88,IL2RA,STAT1,NCR1,HAVCR2,NRF1,TFAM,NLRP3,CX3CR1,NR3C1,TLR4,NFKB1,TFAM,PTPN22,CD8A,CD8A,GPX1,GZMB,ADRB2,PRKAA1,GPX1,SOD2,STAT1,OAS1,NFKB1,CCL2,CXCL10,SOD2,NFE2L2,NR3C1,CXCL10,GZMB,CD4,STAT1,TRPM3,DDX58,PDCD1,MT-ATP6,CD8A,SOD2,CD3E,NFKB1,TNF,NDUFS3,MX1,TLR4,CTLA4,NOS2,POMC,NDUFS1,SOD1,STAT1,TIGIT,MYD88,NFKB1,KLRK1,TGFB1,CTLA4,PRF1,UQCRC1,CXCL9,SDHA,TRPM3,NCR1,SOD2,PRKAA1,CD4,PRDX1,NLRP3,HIF1A,PDCD1,PRKAA2,SLC6A4,CHRM1,FCGR3A,CD4,NDUFS1,TLR3,PDCD1,GSR,FKBP5,IFNAR1,IL4,KLRK1,STAT3,CD4
ATP5F1B,TLR4,CAT,NOS3,GDNF,MYD88,CD14,IRF7,MYD88,STAT1,GZMB,CCL2,IFNG,SOD1,NFKB1,CD4,IRF3,FCGR3A,TIGIT,TFAM,NDUFS1,CXCL10,AIF1,CRHR1,NFKB1,NLRP3,PRKAA1,PGC1A,FOXP3,IL2RA,HMOX1,CTLA4,CRHR1,SOD2,HMOX1,GPX1,NFKB1,MX1,TRAF6,CXCL10,IRF7,GPX1,HMOX1,KLRK1,IL17A,PRF1,CD8A,STAT3,BDNF,IFIH1,IL17A,SOD2,TLR4,CAT,CD247,STAT1,IFNG,SDHA,IRF7,FKBP5,KLRK1,GPX1,HLA-DRB1,NFKB1,SOD2,NFKB1,HLA-DRB1,IRF3,CD4,NCAM1,NFKB1,LAG3,FASLG,COX4I1,CXCL10,COX4I1,IDO1,GZMB,GPX1,PRKAA2,CD8A,PRDX3,CASP1,CCL2,LAG3,TNF,IL10,CHRM2,PRF1,CD8A,SDHA,TLR4,CTLA4,TGFB1,HSD11B1,CCR2,CXCL10,CCL2,NFKB1,SDHA
COX4I1,MYD88,HMOX1,VEGFA,MTOR,IL17A,TGFB1,CD4,TNF,CD274,PRF1,CCL5,NR3C1,NQO1,IRF3,CD8A,IRF7,CCL2,NFKB1,SOD2,SDHA,CCL2,NLRP3,FKBP5,STAT1,CASP1,PRKAA2,SOD2,IDO1,CTLA4,NFE2L2,CCL5,TNF,HMOX1,NOS2,PRKAA1,IL10,TRPM3,DBH,CD14,MX1,CAT,NQO1,IFNB1,IL2RA,KLRK1,HLA-DRB1,CD4,NRG1,PPARGC1A,CXCL10,GPX1,TLR9,GPX1,ZAP70,STAT3,IL17A,SDHB,NLRP3,NR3C1,GZMB,CAT,ADRB2,NR3C1,SOD3,TLR4,CCL2,IRF7,CD8A,IL2RA,IL10,TGFB1,KLRK1,CTLA4,CCL4,ATP5F1A,IL1B,PRF1,CAT,PRKAB1,FOXP3,PRDX6,IL1B,CXCL10,TIGIT,AADAT,IL6,CHRM3,GZMB,IL2RA,COX4I1,TLR9,HLA-DRB1,SLC6A4,IL10,IL15RA,CCL2,CXCL10,RELA,GZMB
SOD2,IRF3,COMT,IL4,NOS1,IFNA1,IL17A,CD8A,COMT,ADRA2A,IDO1,TLR3,NFE2L2,CCL2,IRF7,IL7,MX1,CXCL10,STAT1,GPX1,UQCRC1,FOXP3,TLR4,BDNF,STAT3,ATP5F1A,MTOR,GPX1,PTGS2,PD1,CRH,CCL2,TFAM,LDHA,CX3CR1,SIRT1,CXCL10,ASIC3,CHRM2,IL17A,OAS1,NOS1,BDNF,TLR4,IL7R,TLR3,TNFRSF1A,CD8A,HTR2A,NRF1,CCL2,CAT,PDCD1,GPX4,ATP5F1A,JAK1,NFKB1,UQCRC1,CD4,COMT,PRF1,HMOX1,IDO1,PDK1,CX3CR1,MYD88,CXCL10,STAT1,CTLA4,STAT1,BDNF,PRF1,HLA-DRB1,ATP5F1A,P2RX7,PPARGC1A,IL6,PDCD1,TLR4,CX3CR1,HLA-DRB1,TXN,NR3C1,IL17A,STAT3,ACTN3,IL1B,POMC,SOD2,MAPK1,PDK1,CD4,HLA-A,CCL2,TLR4,KLRK1,CCL5,NDUFS1,TLR3,HIF1A
GPX1,IRF7,SLC6A4,GSR,AVP,SLC6A2,IL12A,KLRK1,NFKB1,ATP5F1A,PPARGC1A,TLR4,TP53,CXCL10,CXCL10,IL15,OAS1,IL2RA,STAT3,CAT,COX4I1,CD4,CD14,IDO1,IRF3,NDUFS1,EPAS1,NDUFS1,NOS2,CXCR3,NR3C1,CASP1,GPX1,PDCD1,BDNF,CPT1A,CCL2,P2RX7,CHRM3,CTLA4,ISG15,NOS3,ADRB2,NFKB1,IRF7,TLR4,INFR1,IL15,ADRB2,TFAM,IL2RA,PPARGC1A,CTLA4,PRDX1,SDHA,JAK2,CD4,UQCRC2,CD8A,CXCL8,NDUFS1,IDO1,ACE,PDK4,CX3CL1,GZMB,CXCL8,STAT3,KLRK1,STAT3,GCLC,GZMB,HLA-A,CD4,ADRB1,TFAM,CD4,CTLA4,MYD88,CX3CL1,CTLA4,HMOX1,FKBP5,NLRP3,STAT5A,ADRB1,IL17A,NPY,CAT,SOD2,HMOX1,CD8A,CCL2,PPARGC1A,SIRT1,TLR9,CD4,NDUFS2,TLR4,IFNG
CAT,CXCL10,TPH1,PDK4,HTR2A,SLC6A4,IL12B,NLRP3,TPH1,ADRB2,ATP5F1A,TLR9,AKT1,TLR4,CCL2,KLRD1,ISG15,STAT1,TNFRSF1A,NFE2L2,ATP5F1A,CD8A,CD4,PDCD1,IRF7,SOD2,VIP,ATP5F1A,SOD2,CCR5,FKBP5,PPARGC1A,TREM2,STAT3,GFAP,ACADM,CD4,IL1B,NPY,ATP5F1A,SIRT1,HTR1A,CRH,PRF1,MX1,NLRP3,CCL2,KLRK1,POMC,MTOR,KLRK1,COX5A,LAG3,PRDX3,NDUFV1,IRAK4,CD8A,COX4I1,KLRK1,CXCL9,SDHA,FOXP3,TNFRSF1A,PPARGC1A,TMEM119,PRF1,CD4,NFKB1,GZMB,TLR3,GSR,ATP5F1A,IDO1,CPT1A,TSPO,PDK1,CD8A,LAG3,PDCD1,P2RY12,PD1,CRH,ADRA2A,TREM2,KLRK1,ADRB2,IL18,SLC6A4,GPX1,GPX1,NFE2L2,CD19,CXCL10,SOD2,SIRT3,POMC,CD8A,NDUFS3,TLR9,COX4I1
NR3C1,CCL2,TPH2,IL2,NPY,POMC,IL18,CRP,TPH2,PDCD1,SOD2,MYD88,STAT3,NOS3,CRP,PRF1,FOXP3,STAT3,IL17A,KEAP1,MFN2,GZMB,CD8A,CD274,NLRP3,GPX1,NPY,CPT1A,HMOX1,IL17A,OCLN,TXNRD1,ADRA2A,NFKB1,CRH,PDK4,CD8A,IL6,NPY1R,ATP5F1B,SOD2,HTR2A,CRHR1,GZMB,OAS1,CASP1,IL12B,PDCD1,NR3C1,NFE2L2,GZMB,NDUFS1,TIGIT,GSR,PPARGC1A,MYD88,CTLA4,COX5A,CXCL8,IL13,UQCRC1,STAT3,COMT,PRF1,ADRB1,PPARGC1A,CD8A,NFKBIA,PRF1,CXCL10,NR3C1,ATP5F1B,CTLA4,CD8A,TRPA1,PDK4,PDCD1,TIGIT,CTLA4,CRH,IL2RA,CRHR1,ADRB2,PPARGC1A,KLRD1,CHRM3,IFNG,IL1B,GPX4,STAT1,NOS3,KLRK1,ATP5F1A,STAT1,LDHA,GZMB,CTLA4,SOD2,MYD88,CD8A
FKBP5,CCL5,TLR4,TLR4,CHRM3,NOS2,CCL2,HLA-DRB1,IFNG,CD4,GPX1,IRF3,HSF1,BDNF,NLRP3,GZMA,CTLA4,TLR4,IL18,CX3CR1,OPA1,PRF1,GZMB,TBX21,CASP1,HMOX1,IL1B,PDK1,GPX1,TGFB1,CLDN1,TLR2,NR3C1,NLRP3,NR3C1,NOS2,FOXP3,TNF,NPY2R,COX4I1,GPX1,COMT,NR3C1,IL17A,PDK1,IL18,IL17RA,IL7R,FKBP5,KEAP1,PRF1,PDK1,HAVCR2,TXN,NRF1,TRAF6,PDCD1,ATP5F1A,CCL2,IL4,COX4I1,PDCD1,CRP,SOD2,ADRB2,TFAM,GZMA,CTLA4,FASLG,CD28,PRDX1,ATP5F1C,PD1,ACADM,TGFB1,SOD2,GZMB,PPARGC1A,HAVCR2,CRHR1,GZMB,CRHR2,SLC6A4,STAT1,NCR1,CHRNA7,IFNA1,IFNG,ATP5F1A,STAT3,CRH,NCR1,NDUFS1,CAT,CCL2,CTLA4,PDCD1,PPARGC1A,NFKBIA,NDUFV1
CRH,IL17A,MYD88,CRP,ADRA2A,NLRP3,CCL5,GZMB,IL17A,TREM2,HMOX1,IRF7,MTOR,CASP1,IL18,GZMB,CD4,MYD88,CCL2,TMEM119,DNM1L,MAPK1,PRF1,PPARGC1A,NDUFS1,NFE2L2,CCL5,PRKAA1,CAT,IL4,TJP1,SOD2,HTR3A,NDUFS1,FKBP5,SOD1,PDCD1,NFKB1,VIP,COX5A,CAT,SLC6A4,FKBP5,CCL2,PDK2,CCL2,GATA3,GZMB,CRH,CX3CR1,TBX21,HIF1A,CD274,TXNRD1,TFAM,IRF3,CD274,SOD1,PPARGC1A,IL5,ATP5F1A,CD27,IL17A,STAT1,ADRA1A,NRF1,GZMB,CD40,IL2RA,ATP5F1B,ADRA2A,NDUFS1,PDCD1LG2,KLRK1,ADRB2,GPX1,PRF1,TFAM,CD4,CRHR2,PRF1,NR3C1,TPH2,CASP1,NCR3,CSF1,IFNB1,IL10,NDUFS1,GATA3,CRHR1,GZMB,SDHA,PRKAA1,OAS1,IL10,LAG3,GPX1,IRF3,PRF1
ADRB2,IL23A,IL18,NLRP3,ADRB2,STAT1,CXCL8,PRF1,KLRK1,HMOX1,KEAP1,STAT1,GPX1,IL18,CD40,PDCD1,CD8A,NFKB1,CXCL10,P2RY12,IDH2,STAT1,ATP5F1A,NDUFS1,SDHA,NOS2,CXCL10,TREM2,CYCS,IL12A,MAPK1,SOD1,IFNG,SOD1,TLR3,GPX3,CD274,NLRP3,VIPR1,CYCS,PDK4,TRPV1,SLC6A4,CXCL10,PDK3,CXCL10,TBX21,PRF1,CRHR1,TREM2,IRF7,AMPK,BTLA,TXNRD2,SOD1,IRF7,HLA-DRB1,SOD2,NDUFS1,CCL5,PPARGC1A,CD70,NFKB1,TGFB1,CRH,COX4I1,PRF1,CXCL10,IL7R,NDUFS1,NQO1,NDUFS2,TIGIT,SLC25A4,TRPV1,GPX4,IL17A,SOD2,CD8A,ADRA1A,KLRK1,NR3C2,CRH,IL18,FCGR3A,EIF2AK2,CD4,TGFB1,CRH,TBX21,NR3C1,PRF1,UQCRC1,KLRD1,OAS2,TOLLIP,HAVCR2,HMOX1,IRF7,PDCD1
NOS3,IFNAR1,PPARGC1A,IL1A,HTR1A,STAT3,CXCL10,PPARGC1A,NCR1,TJP1,NQO1,STAT3,COMT,NLRP3,CTLA4,CTLA4,LAG3,NFKBIA,IL12A,BDNF,CKM,STAT3,COX4I1,ATP5F1B,COX4I1,CX3CR1,GSTM1,CX3CR1,MAPK1,GATA3,MAPK3,NFE2L2,GSR,IDO1,TLR4,NFE2L2,HAVCR2,SOD2,VIPR2,NDUFB1,SDHA,TRPA1,HTR2A,PER1,PDK4,STAT1,CTLA4,FCGR3A,ADRA2A,TRPV1,MX1,NRF2,KLRK1,NOS1,SOD2,CCR5,PPARGC1A,CAT,ATP5F1B,CRHR1,NRF1,CTLA4,GPX1,TLR3,CRHR1,ATP5F1A,KLRK1,CCL2,CD28,NDUFS2,COMT,NDUFS3,LAG3,NCR1,IFNGR1,NFE2L2,CTLA4,NDUFS1,KLRK1,ADRA1B,NCR1,FKBP4,VIP,CX3CR1,PRF1,FKBP5,CD8A,IL17A,NR3C1,CCL5,FKBP5,FASLG,COX4I1,TXN,OAS3,IFNAR2,TIGIT,ATP5F1A,CXCL10,KLRK1
TGFB3,IFNAR2,PRDX3,MYD88,CHRM2,TLR9,IL1RN,MTOR,NCR2,NFE2L2,PRDX3,NFKB1,POMC,TLR9,PDCD1,LAG3,HAVCR2,PTGS2,IL12B,NGF,LDHA,JAK1,TFAM,TFAM,ATP5F1A,BDNF,TNF,NLRP3,MAPK8,TBET,MAPK8,MYD88,AIF1,ADRB2,MTOR,HMOX1,LAG3,GPX1,POMC,SDHA,SDHB,IFNG,IDO1,CLOCK,AMPK,OAS1,PD1,IL2RA,TPH2,TRPA1,OAS1,NOX4,NCR1,NOS2,CAT,CXCL10,PRKAA1,GPX1,PDK1,CRHR2,SOD1,IL2RA,ATP5F1A,TLR4,CRHR2,SDHA,KLRD1,CCL5,HLA-DRB1,PPARGC1A,POMC,COX4I1,BTLA,UCP2,SLC6A4,HMOX1,PPARGC1A,SDHA,NCR1,ADRA1D,FASLG,FKBP5,NPY,BDNF,GZMB,IFNB1,CTLA4,IL4,FKBP5,CASP1,SLC6A4,CTLA4,TFAM,SOD1,MX1,CD19,CD3E,ATP5F1B,CCL2,CCL2
IL17A,JAK1,GSR,CCL2,PDK4,CTLA4,IL1R1,SOD2,TLR3,CD8A,CRH,RELA,PDK4,KEAP1,KLRK1,HAVCR2,NDUFS1,CCL5,TLR4,ADRB2,PDK4,JAK2,PPARA,COX4I1,PPARGC1A,IDO1,ADRB1,BDNF,AKT1,TLR4,MAPK14,HMOX1,CHRM2,NOS3,CLDN1,CX3CR1,GZMB,CAT,TH,UQCRC1,TLR4,CD4,ASIC3,TRPM3,PRKAA1,MX1,BTLA,IL2RB,SLC6A4,HIF1A,PPARGC1A,IDO1,GZMB,NOS3,GPX1,CCL2,PRKAA2,GPX4,PDK4,IL18,SOD2,PTPN22,IL4,TNF,TLR2,SOD2,CD56,CCR5,NDUFS1,NFE2L2,TLR4,COX5A,HAVCR2,PTPRC,NFKB1,NQO1,NFE2L2,COX4I1,PRF1,SLC6A4,TNFRSF1A,POMC,OCLN,NRF2,NFAT5,IFNG,PDCD1,IL13,TLR4,NLRP3,COMT,PDCD1,PPRC1,VCAM1,IFIT1,CXCL10,CD28,SDHA,CCL5,TREM2
CCL2,JAK2,TXN,CASP1,UQCRC1,PDCD1,TNFRSF1A,GPX1,TLR9,OCLN,CRHR1,CD3D,TAC1,GPX4,GZMB,CD274,NDUFS3,CXCL9,TLR9,CHRM2,HIF1A,TLR4,PDK1,PRDX1,NRF1,MAPK1,ADRB2,GFAP,STAT1,TLR7,TP53,GPX1,FKBP5,FKBP5,PRKAA1,TREM2,IL2,PDK2,COMT,PPARGC1A,NOS3,CD8A,COMT,CRH,PRKAA2,ISG15,IL2RA,PPARGC1A,DRD2,ATF4,TFAM,TGFB1,PRF1,TLR2,GSR,GZMB,HSPA1A,GSR,TFAM,IL23A,CAT,TLR4,BDNF,ADRB2,TLR4,UCP2,FASLG,IL2RA,NDUFS3,SIRT1,PDK4,SDHA,NFKB1,MTOR,IFNG,CX3CR1,HMOX1,CAT,GZMB,TPH1,CASP1,IL7R,TJP1,TLR4,IL15,IL10,LAG3,CD4,MYD88,PPARGC1A,BDNF,CD274,POLG,NLRP3,IFIT2,HAVCR2,ICOS,SDHB,KLRK1,HMOX1
CXCL10,TYK2,TXNRD1,GPX1,CD4,CD274,TNFRSF1B,HMOX1,STAT1,KLRK1,NR3C1,CD4,KEAP1,HTR2A,PRF1,MT-ND1,SDHA,HLA-DRB1,MYD88,NR3C1,EPAS1,TLR7,CS,CX3CR1,TFAM,MAPK14,ADRA2A,ADRB2,STAT3,MYD88,BCL2,GCLM,VIP,CRH,HIF1A,BDNF,KLRK1,IL10,IL10,NRF1,SCN10A,STAT1,DRD2,ASIC3,MTOR,NDUFS1,CD14,TFAM,SOD2,XBP1,NFE2L2,CD4,KLRD1,PTGES3,NFE2L2,PRF1,HSPA1B,GCLC,IDH2,JAK1,GPX1,TLR7,FOXP3,BDNF,LBP,SOD1,IL15,IL15,SDHA,SIRT3,CD4,SDHB,STAT1,TLR4,IL1R1,TREM2,KLRK1,GPX1,CRH,TPH2,NLRP3,CD27,GFAP,VEGFA,IL2RB,IL17A,TIGIT,CD8A,NLRP3,PDCD1,TRPV1,HAVCR2,SOD2,STAT3,ISG15,IRF7,TGFB1,CRP,GZMB,GSR
CD27,SOCS1,NFE2L2,SOD1,NDUFS1,HAVCR2,IL2RA,NFE2L2,STAT3,CCL2,FKBP5,CD8A,HSP90AA1,IDO1,FCGR3A,MT-CO1,COX4I1,HLA-A,IRAK4,FKBP5,NR3C1,MYD88,NFE2L2,TREM2,MFN2,IL18,CHRM2,CHRM2,JAK1,IRF3,BAX,CAT,IL10,MTOR,IL17A,NLRP3,COX4I1,IFNG,IL17A,TFAM,IGF1,GZMB,IL10,SLC6A4,AKT1,NDUFS3,TLR4,NRF1,GPX1,HSPA5,SIRT1,CD8A,ATP5F1A,IL10,KEAP1,KLRK1,HSPA5,GCLM,SIRT1,JAK2,GPX4,TLR9,NOS2,CD274,CXCL10,GPX1,IL2RA,IL15RA,COX4I1,SOD2,CS,UQCRC1,STAT3,HIF1A,IFNAR1,P2RY12,TLR4,NFE2L2,NR3C1,INSR,ATP5F1A,CD28,STAT3,JAK1,CD19,IL1A,HAVCR2,CTLA4,NOS2,CD274,TLR4,LAG3,CAT,PRF1,DDX58,CD4,KLRK1,IL17A,PRF1,SOD2
TFAM,SOCS3,NQO1,IL18,ACADVL,LAG3,CD40,NOS2,STAT4,CAT,ADRB2,CD19,HSP90AB1,HTR1A,NCR1,COX4I1,ATP5F1A,TNFRSF1A,TRAF6,CLOCK,FKBP5,IRAK4,KEAP1,P2RY12,OPA1,GSDMD,TLR9,NOS3,JAK2,IRF7,CASP3,NOS3,GSTP1,HIF1A,CD40,GFAP,UQCRC1,TLR3,IFNG,SOD1,SLC6A4,PRF1,IL17A,IDO1,PIK3CA,SDHA,TLR2,SIRT1,CAT,IL6,SIRT3,CD19,ATP5F1B,IFNG,CX3CR1,NCR1,HSPA8,GSS,SIRT3,NPY,PRDX1,IFNA1,COX4I1,CRHR1,CXCL11,CAT,STAT1,KLRK1,ATP5F1A,GPX1,GZMB,UQCRC2,JAK1,TLR3,IL6R,TSPO,NFKB1,TGFB1,FKBP5,IRS1,COX4I1,KLRG1,GATA3,JAK2,CD27,IRF3,TOX,PDCD1,NOS3,NOS2,CCL2,TIGIT,GPX1,PDCD1,IFIH1,CD8A,NCR1,NCR1,FASLG,NFE2L2
HMOX1,CD19,OCLN,IRF3,SDHA,TIGIT,HLA-DRB1,BDNF,JAK1,TLR4,ADRA2A,CTLA4,HTR2A,MYD88,CD3E,ATP5F1A,ATP5F1B,CD69,IRF3,PER2,CRH,IRF3,NRF1,TSPO,DNM1L,IFNB1,COMT,CRH,TLR4,STING,CASP8,NOS1,NOS3,IFNA1,TGFB1,ADRB2,ATP5F1A,SIRT1,IFNA1,SOD2,NOS1,CD247,CD4,FKBP5,SOD2,SDHB,MYD88,SIRT3,GSR,TNF,PRKAA1,CD56,NDUFS1,IL17A,TREM2,LAG3,HSP90AA1,TXN,CS,STAT1,TXN,IFNB1,IL2RA,CTLA4,CXCL9,PRDX1,STAT3,KLRD1,ATP5F1B,HMOX1,PPARGC1A,CYCS,JAK2,PDK1,IFNB1,ADRB2,CXCL10,CX3CR1,BDNF,IRS2,NDUFA9,CD160,TBX21,SOD1,IGHM,IRF7,EOMES,NFKB1,HMOX1,TNF-R1,GPX4,CXCL10,GSR,MTOR,TGFB1,ATP5PO,FCGR3A,CD4,CTLA4,GFAP
NFE2L2,KLRK1,TJP1,CAT,PTPRC,IFNB1,HLA-A,AQP4,JAK2,SOD1,COMT,BTLA,SLC6A4,UQCRC1,ITGAM,SOD2,PPARGC1A,CTLA4,IRF7,CRY1,BDNF,IRF7,VEGFA,SLC6A4,PDK1,IL2,DBH,FKBP5,TLR7,NLRP3,CASP9,BDNF,BDNF,IFNB1,ATP5F1A,ADRA2A,SOD2,SIRT3,IFNB1,CAT,CALCA,IL2RA,CD8A,TFAM,GPX1,COX4I1,TRAF6,TRPM3,HMOX1,IFNG,COX4I1,MAPK1,NDUFS3,CD27,AIF1,TIGIT,DBH,CX3CR1,SOD2,CAT,GSR,IRF3,MAPK8,CX3CR1,IFNAR1,TXN,JAK1,GZMB,SLC25A4,VEGFA,CPT1A,PDK1,MAPK1,MYD88,IFNA1,NOS3,CCL5,NOS3,NGF,IFNG,SDHA,KLRK1,NDUFB1,CAT,IGHG1,NDUFS1,BATF,STAT1,PER1,TNFRSF1B,PRDX3,CCL2,TXN,KLRK1,ADRA2A,STAT3,KLRD1,STAT1,ATP5F1A,CX3CR1
ACE,PRF1,CRH,GFAP,HADHA,IRF7,HLA-B,GFAP,TYK2,HTR4,NOS3,HAVCR2,CCL2,CD4,ZAP70,PPARGC1A,TFAM,PDCD1,JAK1,OCLN,IDO1,NDUFS1,ACE,COMT,PDK4,IL4,TH,NR3C1,TLR9,CASP1,ATG5,SIRT1,HSP90AA1,TLR2,SIRT1,NOS1,GPX1,PPARA,CD4,GPX1,IFNG,IL7R,CTLA4,CTLA4,CAT,ATP5F1A,IRAK4,CXCL10,NFE2L2,IL1B,CYCS,mTOR,COX4I1,CD28,CSF1R,CD38,TH,CX3CL1,GPX1,GPX1,NFE2L2,IRF7,CRHR1,DNM1L,IFNAR2,HMOX1,JAK2,PRF1,UCP2,CRH,IFNG,PPARA,MAPK3,SOD2,TLR9,EDN1,STAT1,ADRB2,VEGFA,SCN9A,UQCRC1,NCR1,NDUFS1,GPX1,MS4A1,NR3C1,KLRK1,TLR9,CLOCK,BDNF,PDK4,IL2RA,HMOX1,GPX1,CHRM2,IFNG,PRF1,IFNB1,ATP5F1B,BDNF
EDN1,GZMB,NR3C1,TLR2,LAG3,ISG15,B2M,S100B,IRF3,HTR3A,BDNF,LAG3,CALCA,SDHA,FASLG,NRF1,PDK1,LAG3,JAK2,TJP1,KMO,ATP5F1A,NR3C1,ADRB2,CS,CTLA4,CHRNA7,SERPINA6,MYD88,CASP3,ATG7,NR3C1,OCLN,TLR3,SIRT3,VEGFA,IL18,NRF1,CD8A,GPX4,TNF,CTLA4,KLRD1,PDCD1,GSR,DNM1L,IRF3,CCL2,ATP5F1A,CXCL10,SDHA,PRKAA1,COX5B,CD40,IL1B,HLA-DRB1,DDC,P2RY12,GPX4,POMC,HMOX1,MYD88,GFAP,GZMB,RNF11,NFE2L2,TLR3,FASLG,PDK1,CRHR1,IL17A,PPARG,NDUFA1,STAT1,TNFRSF1B,NR3C1,STAT3,EDN1,HIF1A,SCN10A,CYCS,NCR2,SDHA,NFE2L2,CD40,QPRT,KLRD1,MYD88,ARNTL,HMOX1,IL10,IL7R,NFE2L2,PDK4,RELA,TFAM,GZMB,TXN,ATP5F1C,GPX1
BDNF,FASLG,EIF2AK2,IL7,SIRT1,MX1,PTGS2,CX3CL1,IRF7,GPX4,TREM2,KLRK1,IL17A,PPARGC1A,FAS,TFAM,PDK4,HAVCR2,PTPRC,CLDN1,KYNU,COX4I1,FKBP5,NOS3,SDHB,STAT3,HTR1A,SLC6A4,IRAK4,HMGB1,BECN1,FKBP5,TGFB1,TLR9,NOX4,ACE,NOS3,TFAM,CD8B,TXN,IL6,PDCD1,NFKB1,LAG3,HMOX1,MFN2,IRF7,CAT,NDUFS1,CCL2,NDUFS1,SIRT1,CYCS,CD80,BDNF,CD69,NR3C1,TREM2,CAT,SOD2,NR3C1,IRAK4,SDHB,HTR2A,HSPA2,GSR,TLR4,FAS,PDK4,NR3C1,STAT1,PRKAA1,NDUFB6,CAT,IL7,FKBP5,NRF1,CRH,IDO1,SCN11A,CS,NCR3,SOD1,CD4,TLR2,SCN10A,KLRC1,CD19,BDNF,CRP,CD4,IL15,NQO1,CX3CL1,IRF3,PDCD1,FASLG,NOS3,ATP5F1D,ICAM1
NGF,KLRD1,OAS1,CX3CR1,POLRMT,OAS1,CTLA4,TSPO,NDUFB6,MYD88,IL10,KLRD1,HDAC1,CPT1A,CASP3,CPT1A,SOD2,CD274,HLA-DRB1,SLC2A1,TPH2,PPARGC1A,CRH,TH,PINK1,CXCL10,HTR2A,CLDN1,TRAF6,NFE2L2,MAP1LC3A,CYP21A2,NQO1,PRKAA2,GSR,CRH,TLR4,GCLC,CD3D,PRDX1,IL10,LAG3,STAT1,COX4I1,NFE2L2,PPARGC1A,STAT1,GPX1,PPARGC1A,TLR4,PDK1,IL2RA,PPARGC1A,CD86,ADRB1,CD27,CRH,TMEM119,NFE2L2,AIF1,CRH,TRAF6,NR3C1,IFNB1,SOCS3,NOS2,TLR7,ATP5F1A,CS,FKBP5,ACADM,SOD1,NDUFS1,STAT3,IL10RA,CRH,TFAM,NR3C1,ADAR,IL10,IDH2,FCGR3A,SOD3,CD8A,TLR3,SCN11A,KLRB1,CD14,NGF,MT-ND1,CD8A,IL15RA,CX3CR1,CRY1,IRF7,MYD88,CD19,NOS2,ATP5F1E,FKBP5
IDO1,NCAM1,MX1,CASP3,GZMB,GZMB,PDCD1,GRIN2A,SDHA,CCL5,CCL2,GZMB,NPY,ATP5F1B,BCL2,ACADM,GPX1,CD28,CD14,PDK4,HTR2A,NRF1,POMC,TPH2,PRKN,CCL2,DRD2,MUC2,NFE2L2,SOD1,SQSTM1,CRHR1,GFAP,GPX1,TXN,CRHR1,TLR9,GCLM,CD3E,NQO1,TGFB1,HAVCR2,STAT3,UQCRC2,TFAM,TFAM,JAK1,GSR,TFAM,MYD88,PDK4,CTLA4,UCP2,FASLG,ADRB2,CD28,POMC,CSF1R,HMOX1,CX3CL1,CRHR1,NFKBIA,MAOA,IL17A,PTPN22,NOX4,TLR9,ATP5F1B,ACO2,OCLN,COX4I1,SOD2,SDHA,GPX1,IL17A,CRHR1,MFN2,FKBP5,OAS1,TGFB1,PGC1A,FCGR3B,GPX4,GZMB,TLR4,SCN9A,NCR1,CD40,GDNF,IL4,STAT1,CRP,TSPO,ADRB1,EPSTI1,IL15,MS4A1,GCLC,ATP5MC1,VEGFA
KYNU,CD244,IL17A,CD4,CD40,PRF1,CD274,P2RX7,SDHB,GCLC,STAT3,PRF1,IL1B,STAT1,BAX,GPX1,SOD1,CD80,CD40,SIRT1,COMT,TFAM,TRPA1,TLR2,SOD2,GZMB,OCLN,DEFB1,KEAP1,SOD2,PINK1,TYK2,EDN1,GCLM,P2RX7,NR3C1,DDX58,HMOX1,CD3G,HMOX1,STAT3,CD38,TLR2,NDUFB9,PPARGC1A,HSPA9,NDUFS1,GCLC,IDH2,STING1,CPT1A,PD1,TFAM,TLR3,CRH,ICOS,BDNF,CSF1,NQO1,GFAP,FKBP5,RELA,VIP,KEAP1,PTPN2,TREM2,MYD88,ATP5F1C,IDH2,TJP1,KLRD1,GPX1,SDHB,NFKB1,IL17F,ATF4,CPT1A,OCLN,MX1,NFKB1,PPARGC1A,GZMB,CX3CL1,PRF1,TLR9,SOD2,FCGR3A,IFNA1,TRPM3,IL13,IRF3,MBL2,GFAP,CS,MAPK14,PRF1,CD79A,CRH,ATP5MC2,NR3C1
TLR3,CD226,NRF1,PPARGC1A,IL7,PPARGC1A,IL7R,TRPV1,UQCRC1,FKBP4,IRF3,FASLG,TPH1,COX4I1,SDHA,CAT,CAT,CD86,CD80,SIRT3,TSPO,SOD1,TRPV1,NLRP3,CAT,PRF1,TJP1,FFAR2,GSR,GSTP1,DNM1L,TPH2,HSPA5,OCLN,TREM2,FKBP5,IFIH1,CX3CR1,NCR1,NFE2L2,NFKB1,CD69,TLR4,PRKAA1,NRF1,HSPD1,COX5B,CX3CR1,CS,IFIT1,UCP2,IRF7,SOD2,TLR9,TLR4,IL2RA,ADRB2,IL34,GSR,IL1RN,HSD11B1,MAPK14,CCL2,KLRK1,IRF5,CX3CR1,IRF3,COX4I1,PPARGC1A,IDO1,ATP5F1A,GPX4,COX4I1,GSR,IL4,DDIT3,CAT,CLDN1,CX3CR1,STAT1,TFAM,GZMH,P2RY12,TLR7,NOD1,TLR9,GZMB,IFNB1,TRPM7,COX5B,IRF7,C3,CCL2,PKM,CMPK2,SDHB,CD79B,BDNF,ATP5MC3,IRF3
TLR4,CD96,TFAM,HMOX1,TGFB1,NRF1,IL15,COMT,COX5A,CX3CL1,IRF7,ATP5F1A,CHRM3,ATP5F1A,UQCRC1,NQO1,GPX3,CD19,CD86,KLRD1,TLR4,SOD2,ADRB2,CLDN1,GPX1,COX4I1,VIPR1,AMPK,GSTP1,NOS1,MFN1,TOX,TJP1,TJP1,CSF1R,POMC,IRF7,TREM2,KLRK1,GCLC,TLR9,HLA-DRB1,MYD88,CPT1A,SOD1,PDK1,ATP5F1A,TREM2,ACO2,IFIT3,SOD1,TLR4,GPX1,IRF3,PRKAA1,IL7R,ACE,ITGAM,NOS2,MAPK1,HSD11B2,MAPK8,HIF1A,MC2R,IRF7,ITGAM,IRF7,COX5A,TFAM,MAPK1,CD8A,CAT,COX5A,IRF3,IL5,HSPA5,GCLC,TJP1,TMEM119,STAT3,NRF1,GZMA,TMEM119,CXCR3,NOD2,TRPM3,PRF1,ATP5F1A,HSPA1A,NDUFS1,TLR3,C4A,NLRP3,EDN1,IFIT3,KLRD1,IGHM,NR3C1,COX4I1,CRH
MAPK1,TIGIT,GPX4,NDUFS1,NRF1,TFAM,IFNGR1,NOS3,NQO1,NOS2,IL17A,ATP5F1B,TLR4,CD8A,COX4I1,PRDX1,GSR,CD14,ICAM1,KLRK1,IRF3,CAT,ADRA2A,OCLN,GSR,CYCS,VIPR2,AKT1,CCL2,NOS2,MFN2,TNFRSF1B,NDUFS1,VEGFA,ADRB1,TJP1,IRF3,ADRA2A,KLRD1,NOS2,CD4,IFNB1,IRF3,NFE2L2,GPX3,PDK4,UQCRC1,TYROBP,OGDH,OAS1,SOD2,TLR7,GPX4,IRF7,DNMT1,IL15RA,AGTR1,HEXB,NOX4,MAPK14,POMC,JAK1,APOE,MFN2,IRF9,AIF1,IFIH1,COX5B,NRF1,MAPK14,CTLA4,GSR,ATP5F1A,IRF7,IL1A,BECN1,GCLM,PRKAA1,P2RY12,TLR4,AMPK,PRF1,ADRA1A,IRF3,NLRP3,TRPV1,NFAT5,ATP5F1B,HSPA5,APT5F1,CTLA4,NLRP3,BDNF,LAG3,OASL,LAG3,IGHA1,HK1,COX5A,NDUFA11
MAPK3,CD160,CX3CL1,CXCL10,DDX58,PDK4,JAK1,ADRB2,NOS2,GCLM,CD19,ATP5F1C,TPH2,CPT2,ATP5F1A,HMOX1,HMOX1,TLR2,VCAM1,NCR1,IRF7,GPX1,SLC6A4,TJP1,TXN,NRF1,NPY1R,INSR,CCL5,PTGS2,OPA1,TNFRSF1A,HMOX1,CD4,ADRB2,OCLN,B2M,IRF3,GZMB,TREM2,CD8A,JAK1,IRF7,GPX1,GSTP1,LDHA,SDHA,C1QA,SUCLA2,CD4,CAT,GNAS,SOD1,MYD88,CACNA1C,IL21R,EDN1,CRH,NR3C1,MAPK3,MC2R,JAK2,MAOB,MMP9,IRAK4,GFAP,DDX58,CYCS,SIRT1,MX1,STAT3,NFE2L2,ATP5F1B,KEAP1,IL18R1,MTOR,NQO1,MTOR,NOS2,TLR9,SIRT1,ATP5F1A,ADRA1B,IRF7,STING1,TRPV4,CD19,ATP5F1C,HSP90AA1,CYTB,GZMB,TNFRSF1A,TREM2,COMT,EIF2AK2,KLRC1,IGHG1,HK2,COX5B,IRF7
SLC6A4,KLRG1,CASP1,PDCD1,TFAM,SIRT1,JAK2,ACE,SLC6A2,ADRB1,NRF1,COX4I1,SIRT3,CTLA4,NRF1,GSR,NFE2L2,TLR3,ITGAL,IFNA1,ISG15,NOS2,HTR2A,AHR,PRDX3,PPARG,NPY2R,SLC2A4,CXCL8,COX2,CYCS,TLR9,S100B,CD8A,NOS3,TLR2,HLA-DRB1,IRF7,GZMA,CX3CR1,GZMB,JAK2,CXCL10,CAT,TXN,HK2,SOD2,C3,PDK1,CD8A,GPX1,ADRA2A,CAT,NFKB1,TP53,TGFB1,EDNRA,CRHR1,FKBP5,MAPK8,SERPINA6,STAT1,NLRP3,NFE2L2,TRAF3,S100B,STING1,NDUFB8,SIRT3,OAS1,CD19,HMOX1,PDK1,OAS1,IL21,HIF1A,NOX4,PDK1,NOS3,CD4,NOS2,ATP5F1B,ADRA1D,SIRT1,MYD88,ACADM,MS4A1,ATP5F1D,ADRB1,COX1,PRF1,TNFRSF1B,MTOR,FKBP5,RSAD2,NRF1,TLR2,LDHA,COX6A1,TLR9
TPH2,KIR2DL1,NOS3,EDN1,IL2,SIRT3,TYK2,CCL2,PRDX1,HSPA5,TFAM,COX5A,VIP,STAT3,TFAM,NFE2L2,NQO1,CD3E,ITGB2,TGFB1,MX1,HMOX1,TPH1,DNMT1,NFE2L2,PPARGC1A,SLC6A4,TP53,CXCL10,ALOX5,APAF1,TLR3,VEGFA,CTLA4,CRHR1,SLC6A4,RSAD2,CD14,PRF1,TMEM119,PRF1,SOCS1,CCL2,ADRB1,PRDX1,CPT1A,GPX1,HMGB1,PDK4,KLRK1,GPX4,ADRB2,GPX3,STAT1,IL17A,HDAC1,EDNRB,CRHR2,CRH,ADRB2,STAR,SOCS1,MMP9,NOS2,MAVS,BDNF,NDUFA1,NDUFS1,SOD1,ISG15,PRF1,PRDX1,PDK2,HMOX1,IL15,IDO1,PARP1,CS,SLC25A4,CD8A,SOD1,ATP5F1C,CRHR1,SIRT3,CCL2,ACADVL,CD27,ATP5F1E,ADRB2,ATP5A,KLRK1,CD40,HIF1A,TSPO,USP18,NDUFS1,TLR3,GAPDH,COX6B1,COMT
IFNA1,KIR3DL1,CRHR1,GRIN1,PPARGC1A,PRKAA1,CD4,TLR3,TXN,CYBA,ATP5F1B,COX5B,JAK1,GCLC,SOD1,KEAP1,PKM,TRAF6,KLRK1,CD4,OAS1,KEAP1,TPH2,DNMT3A,HMOX1,AKT1,IL17A,BCL2,CXCR3,MPO,BCL2L1,TIGIT,ATF4,PRF1,POMC,TPH1,IFIT1,HLA-DRB1,PDCD1,CSF1R,KLRK1,IL17A,CCL5,ADRB2,KEAP1,CPT2,CAT,TSPO,PRKAA1,KLRD1,GSR,ACE,PRDX1,STAT3,IL4,HDAC2,ADRB1,POMC,CRHR1,FKBP4,TREM2,SOCS3,CASP1,NOS3,CGAS,CX3CL1,NDUFB6,NDUFS2,SOD2,IL18,IGHM,PRDX3,PDK4,MX1,IL13,PER1,TMEM119,SCN9A,UCP2,CD19,SOD2,ATP5F1D,CRHR2,NOS3,CCL5,ADAR,CD79A,ATP5MC1,TLR2,NRF1,IL17A,ICAM1,SIRT1,SLC6A2,HERC5,ATP5F1E,TLR4,ENO1,COX7A2,TLR4
IFNB1,EOMES,FKBP5,HTR2A,CPT1A,SOD1,CD8A,CD14,ADRB1,GLP2R,ATP5F1C,COX6A1,NOS3,CX3CL1,SOD2,BDNF,LDHA,IRF3,KLRD1,CD8A,PDCD1,NFE2L2,OCLN,HDAC1,NQO1,MTOR,IL18,CASP3,CCR5,MT1A,MCL1,TBX21,MUC2,GZMB,AVP,IFNA1,IFI44L,MTOR,CTLA4,BDNF,KLRD1,IL15,TFAM,NOS3,NOS2,ACADM,NRF2,ADRB1,SIRT1,GZMB,GCLC,NOS3,HMOX1,JAK1,IL13,SIRT1,ADRA2A,MC2R,POMC,IL6R,CX3CR1,IL4,PPARGC1A,OPA1,OAS1,CCL2,NDUFS1,SDHA,CAT,IL17A,NOS2,TXNRD1,AMPK,NQO1,IL10RB,CLOCK,TREM2,TRPV1,HMOX1,CXCL10,CAT,ATP5F1E,POMC,IDO1,CXCL10,AMPD1,CD79B,ATP5MC2,IL17A,NRF2,IL4,VCAM1,PPARA,TJP1,HERC6,IRF3,TLR9,PRKAA1,COX8A,MYD88
IL4,RUNX3,ADAR,CTLA4,IL23A,GPX4,KLRD1,NFKBIA,ADRB2,DRD4,ATP5F1D,CYCS,CXCL10,NOX4,CAT,CX3CR1,PRKAA1,IRF7,NLRP3,LAG3,CTLA4,MT-ND1,CLDN1,SIRT1,CX3CR1,CAT,IFNG,HSPA5,BDNF,MT2A,BBC3,STAT6,CTLA4,MYD88,TJP1,IFNB1,PTPRC,IDO1,LAG3,GFAP,NCR1,CD28,COX4I1,ARNTL,NOS3,SLC25A4,KEAP1,ADRA2A,FOXO3,PRF1,TXN,EDN1,NFE2L2,JAK2,CXCL8,KIR2DL1,CHRM2,NR3C1,HSD11B1,NR3C2,P2RY12,IL13,CAT,PDCD1,OAS2,ADRB1,NDUFS3,SDHB,GPX1,CCL2,NOX4,GCLC,PPARGC1A,ISG15,UQCRC1,ARNTL,CX3CL1,HLA-DRB1,NFE2L2,CCL2,GPX1,ATP5MC1,TPH1,TRPM3,CXCL9,AQP4,IGHM,ATP5MC3,STAT1,TFAM,IL13,SELE,PDK1,NRF1,PARP9,STAT1,NDUFB8,MTOR,UQCRC1,TRAF6
IL13,LAG3,OAS2,ADRB2,ATP5F1B,GSR,KLRK1,STAT3,VEGFA,ACADVL,ATP5F1E,UQCRC1,MYD88,TREM2,GPX1,P2RX7,MTOR,ATP5F1A,BTLA,TIGIT,CD27,PRKN,TJP1,ARID1A,P2RY12,GSR,IFNA1,DNMT1,NGF,PRDX1,PMAIP1,STAT4,SDHA,RELA,OCLN,NFKB1,STAT3,IFIT1,TIGIT,S100B,CD19,CD80,CYCS,PER2,CRH,SOD1,PGC1A,CHRM3,HIF1A,NCAM1,PRDX1,CRH,KEAP1,MAPK1,CCL2,KIR3DL1,CHRM3,NR3C2,HSD11B2,TNFRSF1A,TMEM119,CCR5,GSR,POMC,OAS3,ADRB2,ATP5F1A,PPARGC1A,GPX4,NOS1,HMOX1,GCLM,PPARGC1B,PRDX1,CD4,IL17A,OCLN,PTPN22,TGFB1,IL17A,GSR,ATP5MC2,HTR3A,CD19,CCR5,ARNTL,IGHG1,ATP5ME,STAT3,MTCO1,CXCL10,MIF,LDHA,TFAM,IFI44,NFKB1,NDUFS1,CD28,UQCRC2,CCL5
CCL5,BTLA,OAS3,KLRK1,IFNG,HMOX1,NCAM1,JAK1,TGFB1,KEAP1,UCP2,UQCRC2,CHRNA7,C3,SLC25A4,TSPO,HK1,ATP5F1B,CD244,CD274,CD70,PINK1,MUC2,ACE,TMEM119,TXN,IFNA2,HDAC1,GDNF,GPX1,ENO1,STAT3,NFE2L2,CASP1,IDO1,STAT1,EOMES,DDX58,HAVCR2,TSPO,CD38,CD86,SIRT1,COMT,CRHR1,SOD2,HIF1A,HTR2A,PPARA,NCR1,HMOX1,CRHR1,NOS2,MAPK3,CCL5,COX4I1,NOS1,FKBP4,BDNF,TNFRSF1B,ITGAM,CXCR3,HMOX1,TLR9,EIF2AK2,ADRA2A,COX4I1,TFAM,GSR,NGF,MMP9,TREM2,MT-ND1,CXCL10,NDUFS1,CCL2,S100B,CX3CL1,IL17A,IL12A,GCLC,ATP5MC3,HTR3B,IL2,CCR7,BMPR2,CD274,ATP5MF,NFKB1,MTCO2,JAK1,HLA-DRB1,PKM,VEGFA,IFI44L,ATP5F1B,NDUFS3,CTLA4,UQCRFS1,CX3CL1
IL2,CD27,DDX58,NRF1,COX6A1,NFE2L2,GZMA,JAK2,CXCL8,CHRNA3,UCP3,NDUFB6,HTR1A,GFAP,CPT1A,GFAP,PRKAA2,ATP5F1C,ICOS,FCGR3A,CD38,BNIP3,MTOR,VEGFA,TREM2,PRDX1,IFNB1,SIRT1,GFAP,CAT,GAPDH,STAT1,SLC1A2,IL18,AKT1,STAT3,TBX21,IFIH1,CD19,TLR2,CTLA4,PPARGC1A,SIRT3,TPH2,NR3C1,CAT,SIRT1,NOS1,TLR3,KLRC1,NQO1,POMC,CX3CR1,MAPK8,CXCL10,COX5A,NOS2,FKBP5,GRIN1,TRPV1,AIF1,CXCL10,HTR2A,TREM2,DDX58,NOS3,COX5B,NRF1,TXN,NTRK2,NFE2L2,CX3CR1,MT-ND3,TXN,SDHA,IL15,ADRB2,SCN5A,NLRP3,IL12B,HMOX1,ATP5ME,DGUOK,CCL5,CX3CR1,C4A,PDCD1LG2,ATP5MG,CXCR4,MFN2,JAK2,HLA-A,CPT1A,NR3C1,IFI6,SDHA,SDHA,LAG3,UQCRH,NOS2
IL7,CD28,IFIH1,IGF1,IL17A,NOS1,GZMB,MYD88,CCR5,HSP90AA1,PDK1,SDHB,CHRM2,CX3CR1,PDK1,AIF1,CX3CR1,ATP5F1D,CD27,IRF3,KLRK1,MFN2,SIRT1,IL1B,GFAP,NQO1,IL2RA,SCN9A,CD14,KEAP1,ALDOA,SLC6A4,ICAM1,SDHA,PIK3CA,TLR9,RORC,HLA-DQB1,IGHG1,CD200,PDCD1,NRF1,CAT,NGF,FKBP5,GPX1,PPARGC1A,NOS3,TLR4,KLRB1,GSTM1,ACTH,TREM2,MAPK14,TNFRSF1A,COX6A1,NOS3,MAPK8,GRIA1,CX3CR1,CD68,CCL2,KMO,ARNTL,IFIH1,EDN1,UQCRC1,PPARA,PRDX1,CXCL8,C3,P2RY12,MT-ND4,CCL2,JAK2,CD4,ADRA2A,HLA-DQA1,CASP1,IL23A,NFE2L2,ATP5MF,MPV17,IL6R,CCL3,C4B,CD276,ATP5PB,IFNAR1,DRP1,STAT3,HLA-B,NR3C1,NFE2L2,IFI16,CYCS,SDHB,TIGIT,NDUFAB1,SLC6A4
IL15,ICOS,PARP1,PRDX1,IL12B,NOS3,PRF1,IFNB1,TLR2,HADHA,PDK4,SDHA,HDAC2,P2RY12,PDK4,CCL2,GFAP,ATP5F1E,CD28,IRF7,KLRD1,DNM1L,SIRT3,CXCL8,S100B,KEAP1,IL6R,TRPV1,CD19,TXNRD1,TGFB1,RORC,XBP1,COX4I1,VEGFA,GATA3,NCAM1,TGFB1,IGHA1,HMGB1,LAG3,TFAM,PRDX1,GDNF,FKBP4,GPX4,HMOX1,ACE,IL2,FCGR3A,NOX4,GR,CSF1R,TRAF6,IL2RA,COX7A2,IDO1,ADRB1,HTR2A,AMPD1,BDNF,CRP,HDAC1,CAT,TLR3,TRPV1,CYCS,PPARD,PRDX3,POMC,CD68,IL1A,MT-ND5,TXNRD1,ATP5F1D,CD8A,NOS3,IL17A,OCLN,IL18,KEAP1,GPX3,POLG,IL1R1,CCL4,CCL2,CXCL8,ATP5PD,IFNAR2,PARK2,MAPK1,PTGS2,FKBP5,CRHR1,TRIM22,GSR,UQCRC1,IL1R1,NDUFA2,TPH1
IL18,CD69,AHR,IL13,IFIH1,CX3CR1,FASLG,PTGS2,NOS1,NOX4,MTOR,PPARA,GCLC,C1QA,IDH1,PTGS2,BDNF,CYCS,TNFRSF9,TLR3,GZMB,BDNF,PER1,CCL2,AQP4,TREM2,IL7R,P2RX7,CD56,HIF1A,KLRD1,NFKBIA,REG3A,ATP5F1A,CD28,TBX21,PRF1,CTLA4,MS4A1,C3,TIGIT,UCP2,UCP2,OAS1,HSP90AA1,PRDX1,NLRP3,CRHR1,IL4,IL2RA,NOS2,FKBP5,BDNF,TNFRSF1A,IL7R,CYCS,IDO2,ADRB2,ADRB2,APOL1,NGF,APOE,FGF21,CLDN5,TLR9,SCN10A,PPARGC1A,CPT1A,NFE2L2,CD3D,GFAP,IL1RN,MT-ND6,ICAM1,TYK2,CTLA4,EDN1,IL4,TJP1,NLRP3,PARK7,PRDX2,POLG2,CD40,NDUFS1,CHRM1,CXCL9,ATP5PF,IRF3,PINK1,MAPK3,IL18,CRH,CRY2,BST2,ATP5F1C,UQCRC2,IL6R,PPARGC1A,TPH2
IL12A,PPARGC1A,IDO2,CD8A,STAT1,P2RY12,FAS,IL1R1,NOS3,NOS1,SOD1,PPARG,CD38,TMEM119,NOS2,CD200,IL1A,COX4I1,EOMES,TLR4,PRF1,NGF,PER2,CCL5,OCLN,CRH,IL10RA,GRIA1,KLRK1,VEGFA,GZMB,NFKB2,PDCD1,CS,CTLA4,CTLA4,FASLG,CXCL10,TLR3,NLRP3,TOX,COX4I1,CPT1A,IFITM3,HSD11B1,PRDX3,CASP1,POMC,IL13,IL7R,PTGS2,BDNF,CX3CL1,TNFRSF1B,CD40,UQCRC1,KYNU,ADRA1A,COMT,APOL2,GDNF,BDNF,P2RX7,CLOCK,MAP3K7,CACNA1C,NRF1,CPT2,HMOX1,CD4,IDO1,NLRP3,MT-CO1,NOX4,NRF1,LAG3,ACE,IL13,MTOR,CASP1,PRDX1,PRDX5,TWNK,MYD88,NDUFS3,CKM,CXCL10,ATP5PO,IRF7,OPA1,CD19,IL12A,POMC,GFAP,SERPING1,NQO1,COX4I1,TNFRSF1A,NRF1,DRD2
IL12B,NRF1,KMO,ITGAM,ACADM,TMEM119,NLRP3,IL6R,RELA,LAG3,CAT,NRF1,FKBP4,AIF1,NCF1,CX3CL1,S100B,COX5A,TBX21,TLR9,CD19,GFAP,CLOCK,CXCL10,CLDN5,CRHR1,IL15RA,IL1B,GZMA,PDGFA,PRF1,NCR3,UQCRC1,NRF1,PDCD1,IL2RA,CD3E,IL2RA,TLR9,IL18,IL17A,NDUFB6,PRKAA1,TYK2,HSD11B2,TXN,IL18,NPAS2,CTLA4,IL15RA,BDNF,NGF,CCL2,CD274,CTLA4,UQCRC2,KMO,ADRA2A,SLC6A4,ASIC3,NOS3,GFAP,OPRM1,COX4I1,MAP2K4,HCN4,TFAM,ACADM,NOX4,CD8A,TXN,CASP1,MT-CO2,VCAM1,CXCL12,TIGIT,CRH,CD4,AKT1,JAK1,TXNRD1,TRAF6,TFAM,FASLG,SDHA,CLOCK,CXCL13,COX4I1,JAK1,UCP2,HLA-DRB1,IL12B,HSD11B1,PER2,IFNG,UQCRC2,COX5A,AIF1,TFAM,TJP1
LAG3,TFAM,CD4,TXN,SDHB,TREM2,CASP1,CD19,NTRK2,LYZ,GPX4,TFAM,KDM1A,ADRB1,HMOX1,ADRB2,NR3C1,NDUFB6,TOX,MYD88,CD79A,IBA1,ARNTL,CD4,BDNF,FKBP5,IL18R1,STAT1,GZMB,KDR,STAT1,NCR2,TXN,TFAM,CD274,IL7R,MS4A1,SLC6A4,NFKB2,ADRB1,IL23A,NDUFS1,KEAP1,IL1A,SLC6A4,TXNRD1,IL1A,NPY,CD274,CD69,NGF,GDNF,CRH,PDCD1LG2,PDCD1,NDUFA2,AADAT,CHRM2,DRD2,C4A,EDN1,TSPO,GNAS,CRY1,MAPK8,CRH,SOD1,ACADL,CX3CR1,IL7R,SOD1,GFAP,MT-CO3,BDNF,TWNK,TRAC,CRHR1,CD8A,IL2RA,JAK2,MAPK1,TBK1,SIRT1,CD80,UQCRC1,CPT1A,CCL2,COX5A,JAK2,HIF1A,NDUFB8,IL23A,PER1,ARNTL,TLR3,ATP5F1D,ATP5F1A,TSPO,SLC25A4,CHRM3
TIGIT,SIRT1,CD8A,BCL2,IRF3,AIF1,PYCARD,CTLA4,BDNF,COMT,PRDX1,SOD1,CX3CL1,FKBP5,NFE2L2,ADRA1A,FKBP5,UQCRC1,NFATC1,TNFSF13B,IGHA1,CX3CR1,IDO1,CD8A,ADRB1,MMP9,IFNAR1,STAT3,PRF1,FLT1,ICOS,NCR1,VCAM1,MFN2,HAVCR2,CCL2,CD19,PDCD1,RELA,ADRB2,CXCL8,SDHB,GCLC,STAT4,TPH1,NFE2L2,GSDMD,TPH1,PDCD1,CD27,NTRK1,MBP,CRHR1,KLRD1,LAG3,NDUFB5,HAAO,CHRM3,OCLN,CAMK2D,ADRB1,P2RX7,TPH2,CS,MAPK9,CRHR1,SOD2,UCP2,TREM2,IRF3,CX3CR1,S100B,MT-ATP6,CD40,TFAM,KLRD1,HSD11B1,PDCD1LG2,IL7R,RELA,MAPK3,NFKB2,SIRT3,CD86,COX4I1,CPT2,CCL5,COX5B,TYK2,VEGFA,SDHB,PPARGC1A,CLOCK,LDHA,STAT3,COX5B,ATP5F1B,CX3CR1,SOD1,CXCL8
HAVCR2,SIRT3,STAT1,COX5A,COX4I1,GFAP,IL1A,ICOS,GABBR1,HSP90AB1,GSR,SOD2,NOS2,NR3C1,KEAP1,CHRM2,CRH,SDHB,BATF,IL17A,IGHG1,P2RX7,KYNU,GZMB,ADRB2,IL17A,IFNAR2,TLR3,FASLG,ANGPT1,CTLA4,MS4A1,DEFA5,OPA1,PRDX1,CCL5,IL17A,RSAD2,C1QA,ADRA1A,CCR5,ATP5F1A,GSR,STAT3,TPH2,HMOX1,CASP8,TPH2,HAVCR2,CD28,NTRK2,GFAP,NR3C1,KLRK1,TIGIT,NDUFB6,QPRT,CHRNA7,TJP1,CAMKK2,ADRB2,MTOR,NOS1,GPX3,MAPK10,NR3C1,CAT,UCP3,ITGAM,IRF7,ITGAM,BDNF,MT-ATP8,NGF,PPARGC1A,NCR1,HSD11B2,CD274,CD28,IKBKB,JUN,REL,PRKN,CTLA4,COX5A,CRY1,CCR2,COX6A1,IL2RA,TERT,UQCRC1,TFAM,ARNTL,CLOCK,NFKB1,COX4I1,MFN1,P2RX7,SOD2,CHRM2
TOX,SOD2,STAT3,CYCS,NDUFA2,S100B,TNFSF13B,CASP1,GABBR2,SIRT1,TXN,GPX1,UQCRC1,POMC,TXN,NOS3,CRHR1,IDH2,PRDM1,CXCL10,CCL2,IL1R1,KMO,PRF1,NOS3,CD19,IFNGR1,TLR7,BCL2,ANGPT2,PDCD1,MAPK8,CD8A,DNM1L,PRDX3,CXCL10,CXCL8,TNFSF13B,C1QB,ADRA2A,IL15,MFN2,TXNRD1,CD4,OCLN,NQO1,BCL2,SLC6A4,LAG3,CTLA4,GFAP,TREM2,FKBP5,GZMB,HAVCR2,NDUFS1,TDO2,HTR1A,CLDN1,CBS,ADRA2A,NOTCH1,TLR4,JAK1,MAPK14,FKBP5,GPX1,SLC25A4,AIF1,MYD88,CHRM2,PYCARD,SOD1,CD19,NDUFS8,FCGR3A,TJP1,STAT5A,CD40,MAPK1,FOS,RELA,PINK1,PD1,ATP5F1A,CRY2,CCR5,COX6B1,IL7R,SPP1,UQCRC2,NRF1,HSP90AA1,HAVCR2,NDUFS1,KEAP1,MFN2,TREM2,CAT,OCLN
EOMES,GPX1,IRF3,IL15,PRKAA1,APP,CR1,TREM2,HTR1A,ATP5F1D,TXNRD1,GPX4,CD4,HSD11B1,TXNRD1,EDN1,ADRB1,CS,ID2,CCL2,CCL5,IL18,AADAT,KLRK1,EDN1,CD3E,IFNGR2,CD8A,BAX,TEK,CD274,MAPK3,COX4I1,PINK1,UCP2,CD14,CCL5,TPH2,C1QC,DBH,IL12A,OPA1,GPX3,CD8A,TJP1,GCLC,BAX,NFKB1,TIGIT,PDCD1,S100B,AQP4,SERPINA6,GZMA,TOX,NDUFS2,TPH1,HTR2A,TLR2,CCL4,ACE,PD-L1,IL1RN,JAK2,MAPK11,POMC,GPX4,PDK1,CSF1R,NFKB1,TMEM119,ADRB1,SOD2,NTRK2,IL23A,NFATC1,MUC2,IRF3,CXCL10,MAPK3,TP53,RELB,BNIP3,LAG3,ATP5F1B,CSF2,TLR3,COX6C,CD4,ICAM1,COX5B,SIRT1,HSPA5,CRH,COX4I1,UQCRC1,OPA1,AMPD1,GPX1,EIF2AK1
TBX21,CAT,IRF7,HAVCR2,HAVCR2,BDNF,CR2,HLA-A,HTR2A,TSPO,CX3CR1,GSR,TYROBP,CRHR1,GSS,VEGFA,ADRB2,ACADM,IKZF2,CCL5,CXCL10,HMGB1,QPRT,NCR1,VCAM1,KLRK1,TNFRSF1A,CCL2,CASP3,NOS3,HAVCR2,MAPK1,PRDX3,PRKN,UCP3,CD19,CD40,IFNB1,C3,TH,IL12B,PINK1,NOS3,IRF3,MUC2,CX3CR1,TNF-R1,HLA-DRB1,CD8A,LAG3,CX3CL1,CCL2,ADRB1,GZMM,TOX2,NDUFS3,HTR2B,DRD1,NOD2,CD14,AGTR1,FOXO3,TPH1,OCLN,MAPK12,PER1,PRDX1,PDK4,BDNF,NFKB2,AIF1,ADRB2,SOD3,TGFB1,ATP5F1B,KIR2DL4,TLR2,IRF7,CCL2,MAPK8,AKT1,TRPM3,DNM1L,PRDM1,CYCS,CSF3,TLR9,COX7A1,CD8A,VCAM1,ATP5F1C,SIRT3,HSPB1,ADRA2A,TFAM,PPARGC1A,DNM1L,P2RX3,GPX4,CYP2D6
ICOS,UCP2,NFKB1,CCL5,IL10,RELA,C3,CRHR1,CALM1,NCF4,P2RY12,CAT,NDUFS1,CHRM3,GCLM,HIF1A,NOS3,CPT1A,NCR1,PTGS2,CCR5,TLR2,ACMSD,HLA-DRB1,ICAM1,FCGR3A,TNFRSF1B,CXCL10,CASP8,EDN1,LAG3,LAG3,KLRK1,CPT1A,NGF,KLRK1,CD80,MYD88,C4A,COMT,JAK1,PRKN,TREM2,IRF7,ADRB1,TMEM119,FAS,IL12B,CD4,TIGIT,CX3CR1,CXCL10,ADRB2,PRF1,NFKB2,SDHA,HTR3A,TLR2,MUC2,CXCL1,VIP,BECN1,DRD2,PER1,MAPK13,CLOCK,NOS2,HIF1A,GFAP,NFKBIA,ADRB1,ADRA2A,GPX1,CX3CR1,COX6A1,CD19,VIP,TLR9,CCL5,MAPK14,PTEN,TRPA1,MFN1,PPARA,MFN1,CYP19A1,JAK1,COX7A2,KLRD1,SELP,NRF1,SOD2,ATF4,PDK1,SOD1,NDUFB8,FIS1,P2RX4,GSR,AHCY
CD28,CYCS,KLRK1,KEAP1,HADHB,IL1A,C4A,NR3C1,AVP,GZMB,TMEM119,PRDX1,GCLM,CRH,GSTP1,KDR,OCLN,PPARGC1A,KLRB1,NLRP3,CX3CR1,S100B,HAAO,HLA-A,VWF,KLRD1,CD4,CXCL8,MT-ND1,ICAM1,JAK1,KLRK1,ATP5F1A,CAT,S100B,NCR1,CD86,CCL2,C4B,SLC6A2,JAK2,MTOR,CX3CR1,HAVCR2,ADRB2,GFAP,FASL,IL23A,KLRK1,HAVCR2,CCR2,CD86,ADRA2A,NCR1,STAT5A,SDHB,HTR7,MYD88,FFAR2,CXCL11,CALCRL,ATG5,TAC1,PER2,IL10RA,ARNTL,NOX4,SOD1,S100B,JAK1,EDN1,NOS1,GPX4,IL4,COX7A2,MS4A1,ASIC3,RELA,IFNA1,IL1R1,PIK3CA,TRPV1,MFN2,TFAM,MFN2,CYP1B1,JAK2,COX7C,KLRC1,PTGS2,TFAM,PRKAA1,DDIT3,HK2,NFE2L2,COX5A,PINK1,CD19,GSTP1,QPRT
ZAP70,COX4I1,NCR1,HSP90AA1,CD27,TLR2,CFB,FKBP5,AVPR1A,GSS,GFAP,PRDX3,ANK1,ADRA2A,MPO,VWF,CLDN1,PPARGC1B,KLRC1,HLA-DRB1,ICAM1,NOS1,PDCD1,CTLA4,CRH,IL12A,CD8A,IL23A,MT-CO1,VCAM1,PPARGC1A,KLRD1,NOX4,GPX4,MBP,GZMB,CTLA4,GZMA,C5,NOS3,IFNAR1,SIRT1,GFAP,BTLA,ADRA2A,S100B,CYCS,IL12A,KLRD1,BTLA,TREM2,CD40,NOS3,NCR2,TLR3,NRF1,MTR,OCLN,FFAR3,CXCL2,BDKRB2,MFN2,OPRK1,PRDX1,IL10RB,OCLN,HMOX1,SOD2,NOS1,JAK2,NOS1,NOS2,CAT,P2RX7,NDUFS7,CD27,IFNB1,MYD88,IFNB1,IL6R,MTOR,TRPV4,OPA1,NRF1,OPA1,ESR1,JAK3,COX8A,KLRC2,MPO,PPARA,PRKAA2,XBP1,CLDN1,CX3CR1,TXN,PRKN,CD27,TXN,DDX58
LCK,COX5A,GZMB,CD19,POLG,ADRB1,ATP5F1A,TFAM,CRH,MMP9,S100B,UCP2,ADRB1,ADRB2,NOX4,CRH,TJP1,TFAM,KLRC2,FOXO3,VCAM1,GRIN2B,CD274,LAG3,CRHR1,IL12B,CD28,IFNA1,MT-ATP6,SELE,TFAM,JAK3,PRF1,PRDX1,ADRA1A,PRF1,GATA3,PRF1,CFB,TRPV1,IFNAR2,SIRT3,S100B,AMPD1,CHRM2,BDNF,APAF1,PTPRC,NCR1,CD244,CD200,IL4,ACE,NCR3,TLR9,TFAM,MTRR,CLDN1,NOS3,CXCL3,NFKB1,DRP1,CXCL8,SDHA,IFNGR1,TJP1,NFE2L2,CAT,NOS2,IFNAR1,FKBP5,NOS3,PRDX1,IL13,STAT1,IGHM,IFNA1,TRAF6,JAK1,TNFRSF1A,TRAF6,P2RX7,FIS1,SDHB,DNM1L,ESR2,SOCS1,CYCS,LAMP1,NOX4,CPT1A,NDUFB8,EIF2AK3,CX3CR1,TMEM119,NDUFS2,BNIP3,CD40,TXNRD1,SEPTIN4
BATF,NDUFV1,PRF1,TFAM,UQCRC2,ADRB2,ATP5F1B,NRF1,CRHR1,AVP,NGF,CPT1A,HSPA5,HSD11B2,BDNF,POMC,SLC6A4,NRF1,FCGR3A,PRDX1,NOS3,GRIA2,CTLA4,HAVCR2,NR3C1,IL15,CTLA4,IFNAR1,PPARGC1A,MMP9,NRF1,JAK2,CS,TXN,ADRA2A,FASLG,TIGIT,KLRK1,CFD,SCN5A,IRF3,CPT1A,ADRB1,ADCY5,BDNF,TGFB1,PTEN,CTLA4,FCGR3A,TOX,AIF1,IL13,COMT,KIR2DL1,MYD88,POLG,CBS,MUC2,EDN1,HMGB1,STAT1,PINK1,SCN9A,SDHB,IFNGR2,MUC2,KEAP1,GPX1,NOS3,IFNAR2,MAPK1,COMT,PRDX3,TSPO,SDHB,IGHG1,TGFB1,IFIT1,JAK2,CD40,MYD88,RYR1,ITPKC,COX5A,FIS1,GFAP,SOCS3,NDUFA2,FASLG,GCLC,ACADM,UQCRC2,NOS3,ADRB2,GFAP,GCLC,PPARGC1A,IL15,PRDX1,OAS3
NFATC1,SDHA,CTLA4,NR3C1,SIRT3,ADRA2A,ATP5F1C,UQCRC1,CRHR2,CHRNA4,GDNF,CPT2,CYBA,CHRM2,NGF,CRHR1,TPH1,SOD2,GZMB,UCP2,VEGFA,HTR2A,CD28,CD28,FKBP5,CD69,PDCD1,IFNAR2,NRF1,TIMP1,PDK1,JAK1,NOS2,TXNRD1,EDN1,HLA-DRB1,TOX,CASP1,CFH,SCN10A,SIRT3,ACADM,ADRA2A,ADCY6,NGF,IL1R1,TP53,LAG3,GZMB,EOMES,NLRP3,IL5,PRKAA1,KIR2DL3,TRAF6,DNM1L,CTH,MUC5AC,ACE,IFNA1,STAT3,PRKN,TRPV1,SLC6A4,IL6R,SLC6A4,IL18,GPX4,EDN1,CD19,SLC6A2,DBH,NRF2,CCR5,CCR2,TLR3,LAG3,IFIT2,SOCS1,CD28,NFKBIA,RYR2,CAMK2A,ATP5F1A,PINK1,GNB3,TGM6,NDUFA3,CD69,SOD1,ACADVL,SDHB,EDN1,PER1,PRKAA1,ATP5F1A,PPARGC1B,CD80,PRDX3,OAS2
FCGR3A,UQCRC1,PDCD1,SDHA,IFNAR1,CHRM2,ATP5F1D,ATP5F1A,NR3C1,HTR2A,NLRP3,SLC25A4,KCNQ1,SCN5A,NTRK1,CRHR2,CD28,GPX1,PRF1,PRKAA1,KDR,ADRA2A,ICOS,CD40,HSD11B1,HLA-DRB1,CD274,IRF3,TFAM,AQP4,PDK4,IL4,GZMB,GSR,CRHR2,HLA-A,KLRD1,CYCS,CCL3,CRH,PRKAA1,IDH2,VEGFA,PDE4D,GDNF,OCLN,FOXO3,HAVCR2,PRF1,BATF,CASP1,CCR5,MTOR,KIR2DL4,IRAK4,MFN1,BHMT,REG3A,VCAM1,IFNA2,STAT5A,NLRP3,HSPA1A,SOCS1,IL6ST,HTR3A,IL1R1,GSR,VEGFA,MS4A1,TJP1,SLC6A2,KEAP1,GFAP,ATP5F1E,TLR4,TIGIT,OAS1,SOCS3,CTLA4,STAT1,SCN9A,CAMK2B,SLC25A4,BNIP3,GPER1,PRKAR2B,NDUFA4,KIR2DL1,CAT,SLC25A4,COX4I1,VEGFA,TIGIT,PRKAA2,CNTF,NRF1,CD86,PRDX5,IFIH1
NCR1,ATP5F1A,CD274,TJP1,SLC25A4,DBH,ATP5F1E,NDUFA2,FKBP5,SLC6A2,CASP1,SLC25A20,KCNH2,RYR2,CX3CR1,FKBP5,ICOS,CAT,LAMP1,PPARA,ACE,ADRB2,CD80,TNFRSF1A,OCLN,HLA-A,LAG3,IRF7,ATP5F1A,BDNF,IDO1,IL23A,IDH2,GCLC,NR3C2,HLA-B,IL15,CD4,CCL4,CRHR1,PRKAA2,GFAP,HIF1A,VIP,GFAP,CLDN5,MAPK1,TIGIT,STAT1,NFATC1,IL18,CXCR3,AKT1,KIR3DL1,IFNA1,MFN2,MAT1A,DEFA5,ICAM1,IFNB1,TLR4,CASP1,HSPA5,SOCS3,TNFRSF1A,VIP,CRP,GCLC,ICAM1,CCL5,HSD11B1,SLC6A4,NOS1,S100B,COX6B1,TLR9,HAVCR2,OAS2,BAX,PDCD1,IRF3,SCN10A,CAMK2G,MT-CO1,PGAM5,GPR15,ACBD5,SOD1,KIR3DL1,GSR,UCP2,CYCS,KDR,OCLN,MTOR,BDNF,TFAM,FKBP5,NQO1,KYNU
NCR3,CS,SDHA,IDO1,ATP5F1A,TH,ATP5MC1,SDHA,IDO1,GSR,IL18,PDK1,CS,MAVS,ITGB2,NR3C1,TIGIT,PRDX3,PPARGC1A,COX4I1,BDKRB2,CHRM2,CD86,FAS,TJP1,B2M,TIGIT,MX1,ATP5F1B,GDNF,KMO,IL1R1,TBX21,KEAP1,FKBP4,CD40,TRAC,CD8A,CCL5,POMC,UCP2,S100B,POMC,IL23A,CX3CR1,CSF1R,MAPK3,CD27,STAT3,ID2,HMGB1,CD28,PDK1,CD3D,IFNB1,OPA1,AHCY,DEFA6,VEGFA,IL10RA,CD19,IL18,DDIT3,SOD1,TNFRSF1B,NPY,NLRP3,GCLM,VCAM1,CD69,CRHR1,CRH,NOS2,IL2RA,IRF3,MYD88,TOX,MX1,BCL2,CD274,IRF7,SCN11A,MAPK1,MT-ATP6,PPARGC1A,GPX1,BRCA1,SOD3,ITGAM,TXNRD1,SLC25A20,PDK1,ANGPT1,MUC2,HIF1A,PRDX1,ESRRA,GSR,HMOX1,MTR
KIR2DL4,ACO2,SDHB,MTOR,PDK1,COMT,ATP5MC2,COX4I1,KYNU,TJP3,ADRB1,PDK4,PKM,SPTLC1,GFAP,MC2R,NCR1,UCP2,NRF1,NDUFS1,OCLN,NOS3,LAG3,FASLG,MUC2,TAP1,GATA3,OAS1,PDK1,NGF,KYNU,IL18,EOMES,NQO1,MUC2,CAT,TRBC1,CD19,CXCL9,MC2R,UCP3,TREM2,HSPA1A,CCL5,TREM2,TREM2,PRKAA1,CD28,RELA,IL10,NOS3,IL7R,PDK4,CD3E,IFNAR1,FIS1,GRIK2,LYZ,ADRB1,IL10RB,NCR1,ACE2,XBP1,STAT3,TNF,CCK,CASP1,NQO1,ADRA1A,HLA-DRA,TPH1,CRHR1,NOS3,TREM2,COX7C,IRF3,EOMES,HLA-A,FASLG,LAG3,MAVS,UCN,MAPK3,CYCS,PPARGC1B,GPX4,IL7R,CAT,ITGAX,CYP1B1,CS,PDK4,ANGPT2,IL2RA,GDF15,GDNF,ESRRG,SOD1,NFE2L2,KMO
KLRD1,IDH2,ATP5F1A,OXTR,CD8A,HTR1A,ATP5MC3,COX5B,KMO,TGFB1,CHRM2,HIF1A,PYGM,CERS4,CD200,STAR,CD19,SLC25A4,TFAM,NDUFS3,CLDN5,VEGFA,TIGIT,IL15,TLR2,TAPBP,TBX21,CD19,PDK2,GFAP,HAAO,IL17A,PRKAA1,CX3CR1,SLC6A4,PRKAA2,CD27,IL17A,CXCL10,STAR,CPT1A,CX3CR1,AVP,IL12A,TSPO,NOS2,MTOR,CD69,TLR9,TGFB1,EDN1,IL15,LDHA,CD3G,IFNAR2,UCP2,GRIK3,HK1,CHRM2,IL12A,CD69,MAOA,MAPK14,TFAM,IFNG,CD19,GSDMD,HMOX1,ADRA2A,HLA-DRB1,AKT1,NR3C1,CASP1,HLA-DRB1,COX4I1,IRF7,TBX21,HLA-B,PRKAA1,HAVCR2,IFIT1,UCN2,MAPK8,PDK1,NRF1,HAAO,COMT,GPX1,CD244,CYP2E1,ACO2,HMGCS2,TEK,NOS1,CXCL10,GCLM,PRKAA1,CAT,KEAP1,IFIT3
KLRC1,OGDH,ATP5F1B,CHRNA7,PPARGC1B,HTR2A,NDUFB6,CYCS,HAAO,VIPR2,ADRA1A,SIRT1,GAL,COMT,P2RX7,COMT,MS4A1,DNM1L,POLG,ATP5F1A,TJP1,EDN1,HAVCR2,IL17A,TLR4,PINK1,RORC,CD14,PKM,S100B,QPRT,IL15,TOX,TREM2,TPH1,SIRT3,IGHM,IL15,CXCL11,CYP11A1,ACADM,P2RY12,TPH1,IL12B,CD68,ADRB1,AKT1,CD38,MYD88,EGR2,ACE,CD14,HK2,CD4,CD4,UCP3,GRIK4,HK2,CLOCK,IL12B,HLA-DRB1,COMT,PRDX1,TJP1,IL17A,IFNAR1,ACHE,NFE2L2,ADRB1,IL15,CRH,FKBP4,CASP3,TMEM119,ATP5MC2,IFNA1,KLRD1,IFNB1,SIRT1,TIGIT,MX1,UCN3,MAPK9,PDK4,TFAM,IFNA1,FAAH,GPX2,CD226,GSTM1,IDH2,HMGCL,ADRB2,NPY,CD8A,TXNRD1,PRKAA2,PRDX1,CYBA,IFIT2
KLRC2,DLD,PRDX1,KDR,MS4A1,DRD1,NDUFS1,PDHB,QPRT,CRHR2,HTR1A,SIRT3,CHAT,QPRT,GRIN1,SLC6A4,CD27,MFN2,POLG2,ATP5F1B,MUC2,ACE,EIF2AK1,IL12A,VIP,NOX4,KLRK1,JAK1,HIF1A,BACE1,VEGFA,IL13,CPT1A,CX3CL1,PPARA,UCP2,IGHD,IL7,CCR5,HSD11B1,HADHA,TMEM119,TPH2,IL15,CD4,ADRB2,PI3K,HLA-A,IRAK4,DUSP4,VEGFA,LBP,PFKM,CD8A,CD8A,SLC25A4,GRIA1,PFKM,ARNTL,IL1RAP,IL7,TPH2,MT-CO1,TXN,IL12B,IFNAR2,CHRNA7,KEAP1,ADRB2,TGFB1,CLDN1,FKBP5,NLRP3,CD80,COX5B,IFNA2,NCR1,IFNA1,SIRT3,FCGR3A,OAS1,IL6,MAPK10,PDHA1,POLG,IFNE,CNR1,GPX3,CD96,NQO1,SOD1,ACAT1,ADRB1,TLR4,CD4,NFE2L2,MTOR,PRDX2,NCF1,MTRR
CD19,SUCLA2,P2RX7,CLDN5,CPT2,DRD2,NDUFS3,CS,TDO2,HSPB1,HTR2A,VDAC1,SREBF1,SLC6A2,GRIA1,HTR1A,CD38,OPA1,TWNK,CYCS,MYD88,KDR,EIF2AK2,IL12B,NPY,NOS1,KLRD1,JAK2,VEGFA,APP,HIF1A,IL12B,LAG3,CLDN5,PPARG,SDHA,SLC25A4,CCL5,NDUFA2,NR3C1,DNM1L,ITGAM,KMO,IL18,CD8A,ADRA2A,GSK3B,HLA-B,IRF3,DUSP6,KDR,TRAF6,MX1,CD8B,CD19,CPT1A,GRIA2,PFKL,PER1,LBP,CXCL10,SLC6A4,UCP2,VEGFA,IL23A,TLR9,CHRNB2,TXN,CRH,FOXO3,HTR3A,HSD11B1,ASC,IL1R1,POLG,IFNB1,FCGR3A,IFNAR1,ATP5F1A,GZMB,ISG15,TNF,MAPK14,FOXO1,POLRMT,IL12A,CNR2,GPX4,HAVCR2,TP53,SOD3,BDH1,ADRA2A,VIP,CTLA4,PRDX2,SIRT1,PRDX3,NCF2,EIF2AK4
MS4A1,SUCLG1,TREM2,NGF,MX1,TRPV1,SDHA,ACO2,ACMSD,NRF1,DBH,IDH1,SDHA,ASAH1,SLC6A4,HTR2A,TLR7,PINK1,UQCRC1,VDAC1,NLRP3,HIF1A,EIF2AK3,IL23A,TPH1,NOS3,NCR1,TYK2,EPAS1,P2RX7,EPAS1,IL12A,ACADM,GFAP,FOXO1,SDHB,COX5B,CCR5,NDUFA3,FKBP5,MFN2,CD68,KYNU,HLA-DQB1,KLRK1,NOS3,AMPK,HLA-C,IRF7,DHX58,PDGFA,MYD88,OAS1,ZAP70,GATA3,CPT2,GRIA4,PFKP,PER2,MTHFR,CCL2,SCN9A,AHR,ACE,TGFB1,STAT3,BDNF,TXNRD1,CRHR1,ICOS,TH,HSD11B2,IL1B,CD86,UQCRC2,STAT1,KIR2DL4,IFNAR2,COX4I1,PRF1,CXCL10,IFNG,AHR,FOXO3,ESRRA,IL12B,BMP2,GSR,BTLA,ATM,CAT,CPT1A,CHRM2,IL7R,GZMB,HMOX1,SIRT3,TXNRD1,NCF4,RSAD2
CD79A,FH,GFAP,IL33,NDUFS2,CRH,SDHB,IDH2,PDXK,TFAM,NOS1,IDH2,PTGS2,IL17A,HTR1A,TLR4,TLR9,SIRT1,UQCRC2,SLC25A4,PYCARD,CRH,EIF2AK4,TGFB1,SLC6A4,MSRA,FCGR3A,PTGS2,TGFBR1,CX3CR1,MYD88,IGLC1,TIGIT,S100B,IFNAR1,COX4I1,COX7A2,AGTR1,NDUFB1,AVP,OPA1,AIF1,HSF1,EIF4G1,MT-ATP6,EDN1,LDH,B2M,IFNA1,PPARA,PDGFRA,IRF3,IFIH1,LCK,TBX21,ACADVL,HSPA6,GAPDH,CRY1,MTR,CCL5,ASIC3,PRKAA1,ACHE,CTLA4,IRF3,NGF,PRDX1,NR3C1,ATP5F1A,OCLN,SERPINA6,IL18,NLRP3,SDHC,ISG15,NCAM1,JAK1,NDUFV1,FASLG,CCL2,IL1B,ARNT,MFN2,ESRRB,IL13,OPRD1,GCLC,CD160,BRCA1,GPX3,CPT2,DBH,MYD88,PRF1,TREM2,SOD1,NFE2L2,CX3CR1,IFITM3
CD79B,MDH2,S100B,TNFSF13B,IFNAR2,CRHR1,UQCRC1,OGDH,PNPO,SOD3,EDN1,FH,EDN1,COX7A2,DRD2,LBP,DDX58,SIRT3,NDUFA9,CPT1A,CASP1,CRHR1,EIF2A,IRF3,INSR,GSTP1,FCGR3B,LAG3,TGFBR2,CCL2,IL17A,IGKC,SLC25A4,KMO,IFNAR2,COX5A,PDK1,NOS3,NDUFB2,AVPR1B,PINK1,TLR3,ATF4,NPAS2,MT-CO1,VEGFA,PDK1,JAK1,IFNB1,ESRRA,HIF1A,IFNAR1,DDX58,FYN,RORC,ACADM,HSPA9,PKM,CRY2,MTRR,MX1,TRPV1,OXTR,ACO2,PDCD1,CXCL10,GDNF,PRDX3,FKBP4,ATP5F1C,DRD2,POMC,GFAP,PDCD1,NDUFS6,NDUFB8,CD19,JAK2,SDHA,NCAM1,IL8,IL10,CYP1A1,OPA1,ESRRG,IL15,TRPM3,GCLM,EOMES,PRKDC,GSR,ACADM,COMT,NOS2,GPX4,GSS,SOD2,UCP2,P2RY12,BHMT
IGHM,CPT1A,BDNF,LAG3,ITGB2,MC2R,COX4I1,UCP2,ALDH7A1,HSPA8,TRPV1,ACADVL,SLC1A3,IL1A,COMT,OCLN,NLRP3,HIF1A,NDUFB8,ACADVL,IL18,POMC,EIF2S1,IRF7,IRS1,P2RY12,KLRB1,HAVCR2,SMAD2,CCL5,ATP5F1A,IGHM,HAVCR2,ADRB1,STAT3,ATP5F1A,SLC25A1,VIP,NDUFS1,OCLN,PRKN,TLR9,XBP1,IL7,MT-ND1,ACE,PKM,JAK2,ISG15,ESRRG,ADRB1,ISG15,TLR3,ITK,NLRP3,HADHA,IL18,LDHA,ASIC3,P2RX7,OAS1,TRPA1,ARG1,ADRA1A,CD27,HLA-DRB1,CD200,PRDX5,FKBP5,ATP5F1D,MS4A1,TPH1,IBA1,CASP1,ATP5F1A,SDHB,MS4A1,TYK2,PDK1,CD2,CXCR3,CD4,CYP1B1,PINK1,SIRT1,IL18,ACBD3,GSS,TOX,XRCC5,GSS,ACADL,SLC6A2,CYBA,ADRB2,NGF,CAT,UCP3,TMEM119,MAT1A
IGHG1,CPT2,EDN1,EOMES,CCR5,NR3C1,COX5A,CPT1A,PDK1,CPT1A,TRPV4,ACADM,NCOA1,NDUFS7,ADRB1,ZO1,CCL2,ISCU,SDHA,CS,IL33,ACTH,ATF4,STAT1,SLC2A1,TMEM119,NCAM1,TIGIT,SMAD3,CXCL10,ATP5F1B,IGHG1,NFKB1,ADRA2A,CXCL10,ATP5F1B,SLC25A3,TRPA1,NDUFS2,CLDN1,PPARGC1B,MYD88,DNMT1,IL2,IL15,REN,PPAR,TNFSF13B,MX1,SOD2,ADRB2,MX1,IRF3,LAT,PYCARD,HADHB,PYCARD,LDHB,TRPV1,PLK1,TRIM21,ADRB2,CNTF,ADRA2A,CD70,IL2RA,CX3CR1,NOX4,HSPA1A,ATP5F1E,PDCD1,TPH2,CX3CR1,LAG3,CD8A,UQCRC1,CD27,SIRT1,PDK4,CD3D,CCR5,CD8A,EPHX1,PARK2,PDK1,IL2,USP33,GSTP1,NFATC1,ERCC2,GSTM1,ACADVL,SLC6A4,CHAT,NOS3,SOD3,GPX1,IDH1,ITGAM,MX1
IGHA1,ACADM,ADRA2A,OCLN,PRKAA2,FKBP5,COX6A1,CPT2,PDK2,CCKBR,POMC,HMOX1,DNAJA1,KYNU,ADRB2,CLDN1,CCL5,FXN,SDHB,IDH2,IL1RL1,FKBP5,ATF6,STAT3,SLC2A4,ITGAM,CD19,CD274,SMAD4,CXCL12,ATP5F1C,IGHA1,STAT1,NOS1,CCL2,IDH1,MTOR,PPARGC1A,NDUFS3,TJP1,ESRRA,CASP1,CLOCK,TLR3,PTGS2,AGT,IDH1,TNFRSF13B,OAS1,GPX1,ADRA2A,OAS1,IRF7,HAVCR2,CASP1,PDK1,CD14,PDK1,P2RX7,PLK2,MAPK1,ADRB1,ACHE,ADRB1,MYD88,IL7R,P2RX7,CYBA,TLR2,ATP5MC1,UQCRC1,IDO1,P2RY12,AIF1,ATP5MC3,UQCRC2,IGHM,SIRT3,PCK1,CD3E,CD28,STAT1,GSTM1,NOX4,PDK4,IL4,CD24,GSTA1,BATF,BCL2,NQO1,ACOX1,OPRM1,SDHA,ACE,CD200R1,GPX4,IDH2,TREM2,CBS
HLA-DRB1,ACADL,ADRB2,ICAM1,CTLA4,TPH2,PPARA,ACADVL,PDK4,ATP5F1B,MC2R,NOS2,NOX4,ATP5PB,ADRA2A,MUC2,JAK1,NDUFS1,COX4I1,OGDH,BAX,NR3C1,XBP1,GABBR1,HK2,AIF1,CD22,CD40,MMP9,CXCL8,ATP5F1D,IFNB1,STAT3,EDN1,CCL5,IDH2,SIRT1,TH,SDHC,MUC2,ESRRG,CCL5,PER2,TLR9,NLRP3,NR3C1,TXNRD1,ICOS,NDUFB6,GPX4,CRH,PARP1,ISG15,TOX,IL18,PDK4,LY96,ASPH,MTHFR,PLK3,MAPK3,CHRNA7,SLC6A4,AGT,IRF3,KLRK1,TSPO,NOS1,NOD1,ATP5MC2,SIRT1,IDO2,TMEM119,HAVCR2,NDUFS2,COX5A,IGHG1,PPARGC1B,SOD1,CD3G,CD80,STAT3,NAT1,DUOX1,HK2,IL5,MTHFR,GSTM1,PRDM1,BAX,KEAP1,SLC25A4,OPRD1,PTGS2,CRH,GPX3,TXN,CS,BDNF,ADAR
HLA-A,ACADVL,VEGFA,NDUFS8,IL15,IDO1,PPARG,ACADM,PDHB,IL17A,FKBP4,GCLC,ACHE,KMO,CHRM2,REG3G,JAK2,SDHA,COX5A,SDHA,BCL2,MC2R,ERN1,GRIN1,PKM,CSF1R,CD27,CD40LG,TIMP1,CX3CL1,ATP5F1E,IFNA1,IRF3,CRHR1,IL18,CS,SIRT3,IFIT3,SDHD,DEFB1,GABPA,CX3CL1,CRY1,GSR,CD19,CRHR1,GSR,UQCRC1,NDUFS3,CAT,CRHR1,HMGB1,IFNA1,EOMES,IL1R1,PDHB,LBP,EIF2AK1,CYP2D6,PLK4,JAK1,CHRM2,CRHR2,AGTR1,STAT1,FASLG,MAOB,NOS2,NOD2,ATP5MC3,OGDH,TDO2,TSPO,CX3CL1,ATP5MC1,ATP5F1B,TLR3,NRF1,SOD3,CD247,CD86,TLR4,NAT2,CYBB,PFKM,IL7,NDUFA2,TXN,MAF,CASP3,TXN,SLC25A20,OPRK1,TBX21,HSD11B2,PMP22,TXNRD1,ACO2,NGF,TLR3
HLA-B,HADHB,ICAM1,NOS1,COX6C,KMO,NRF1,PDK4,DLAT,GLP1R,HSP90AA1,GCLM,BAX,NDUFB3,CHRNA7,TJP1,RELA,SOD1,SOD1,NOX4,CASP3,COMT,HSPA5,GRIA1,LDHA,CSF1,MS4A1,MT-ND1,FN1,IL6R,ATP5MC1,HAVCR2,IRF7,HSPA1A,PTGS2,NOS3,FOXO1,NLRC4,UQCRC1,SLC6A4,TFB2M,CCR2,IL4,MCM5,CD28,CRH,NQO1,UQCRC2,SDHA,ATP5F1A,NR3C1,RAGE,IFNB1,BATF,KLRD1,IDH1,EBF3,EIF2AK2,IL17A,S100A12,JAK2,CRH,ADCYAP1,AIF1,STAT3,CCR5,IDO1,NOS3,OCLN,COX4I1,NRF1,OCLN,CASP8,TIGIT,NDUFV3,MFN1,TLR9,TFB2M,GPX3,ZAP70,ICOS,TLR9,APOE,NCF1,PKM,LTA,NDUFB10,TXNRD1,NR4A1,CASP8,TXNRD1,UCP1,TRPV1,GSK3B,CPT1A,ADRA2A,GSR,OGDH,GDNF,EIF2AK3
NDUFS2,SLC25A4,POMC,FASLG,ATP5F1C,HAAO,TFAM,SLC25A4,DLD,CD86,SLC6A4,GSS,DNM1L,ATP5F1E,ACHE,LGR5,IFIT1,SOD3,SOD2,NOS2,CASP8,TPH2,DDIT3,SLC1A2,PDK4,GFAP,IGHG1,MT-ND4,COL1A1,TNFRSF1A,ATP5MC2,GSTM1,TLR3,HSP90AA1,NLRP3,NOX4,FOXO3,AIM2,UQCRC2,TPH1,ATP5F1C,TSPO,IL13,IFNA1,CTLA4,FKBP5,GCLM,NDUFA9,SDHB,ATP5F1B,FKBP4,S100B,DNMT1,ID2,KLRC1,IDH2,EBF4,EIF2AK3,IL4,S100A8,TYK2,CRHR1,CHRM2,AKR1C3,NFKB1,IL18,KMO,CX3CR1,CLDN1,COX5A,TFAM,CLDN1,TNFRSF1A,ADRB2,CCR5,MFN2,MYD88,SOD1,TXN,LCK,GATA3,CD274,MTHFR,NCF2,LDHA,MBL2,NDUFS4,TXNRD2,SDHA,FASLG,PRDX1,UCP2,SCN9A,ACHE,ACADVL,GFAP,PRDX1,DLST,GFAP,MTHFR
NDUFS3,VDAC1,MC2R,CD69,NDUFV1,KYNU,PRKAA1,SLC25A20,PDHX,VIPR1,HSD11B1,GSTP1,DNMT3B,IRF3,DBH,FGF19,IFIT2,GPX4,GPX1,NOS3,CASP9,SLC6A4,IFNA1,SLC1A3,CPT1A,S100B,IGHA1,MT-CO1,ICAM1,IL1R1,ATP5MC3,GATA3,TLR4,CLDN1,IL1R1,CYBA,HSP90AA1,BCL2,UQCRFS1,TPH2,ATP5F1D,BDNF,TIGIT,IFNA2,PD1,HSD11B1,TFAM,NDUFB8,UQCRC1,ATP5F1C,FKBP5,GABA,DNMT3A,ID3,KLRC2,MDH1,PRKAR1A,EIF2AK4,CDH5,S100A9,IRF3,POMC,CHRNA7,AKR1D1,RELA,NLRP3,GFAP,P2RY12,TJP1,COX5B,SDHB,TJP1,TNFRSF1B,ADRA2A,JAK1,OPA1,NLRP3,GPX4,TXNRD1,FYN,TBX21,TIGIT,MTR,NOS1,GPI,MC2R,SDHA,PRDX1,SDHB,RHOA,PRDX2,UCP3,SCN10A,PTGS1,IL17A,TSPO,PRDX3,SUCLG1,S100B,ACAD9
NDUFV1,SOD1,TLR2,FIS1,STAT3,OCLN,PRKAA2,FOXO1,IFIT1,IL1A,HSD11B2,GSTM1,MAVS,COX5B,TH,SLC5A8,TOX,GSR,GPX4,HMOX1,ATG5,HTR1A,IFNA2,NOS1,ACADM,ALDH1L1,IGHM,MT-ATP6,VCAM1,IFNGR1,SOD1,FCGR3B,NLRP3,S100A8,IL6R,SOD3,HSP90AB1,BAX,UQCRH,HTR3A,ATP5F1E,NTRK2,LAG3,CCL11,TLR7,HSD11B2,PPARG,SDHA,COX4I1,COX4I1,HSP90AA1,GLUT1,TET1,NFATC1,KLRB1,MDH2,PRKAR1B,DDIT3,CLDN5,SERPINA1,IRF7,FKBP5,GABRA1,ALDOA,CD8A,CASP1,S100B,TMEM119,SLC6A4,NDUFV1,PRKAA1,MUC2,FAS,CHRM2,IL23R,DNM1L,STING1,PRDX1,GCLC,ITK,RORC,FCGR2B,MTRR,XDH,ENO1,MTHFR,SDHB,PRDX2,SDHC,CDC42,NOX4,IDH1,NGF,CD40,MAVS,DBH,NOX4,IFNA1,MBP,PRKRA
SDHA,SOD3,REG3A,CASP8,IL12A,CLDN1,SIRT1,PRKAA1,IFIT2,POMC,OCLN,TXN,OAS1,SMPD4,TPH1,IDO1,EOMES,GCLC,CAT,GSR,ATG7,MAOA,IFNB1,NOS2,CLOCK,ICAM1,TLR3,NDUFS2,SELP,IL10RA,SOD3,FCGR3A,IL18,S100A9,TNFRSF1A,GPX4,IL12A,TP53,UQCRQ,TRPA1,ATP5MC1,MAPK1,TLR9,USP18,TLR9,CLOCK,PPARA,SDHB,COX5A,COX5A,PER1,SLC1A2,HDAC1,NFATC2,NCR1,CS,PRKAR2A,ATF4,NOS1,STAT3,TLR3,NR3C1,CYP2D6,AMT,CD4,PTPRC,TREM2,TREM2,IDO1,NDUFV2,SIRT3,DEFA5,ADRB1,ACE,CTLA4,FIS1,MAVS,PRDX3,GCLM,VAV1,FOXO3,CD19,CBS,PTGS2,GAPDH,MTNR1A,UQCRC1,PRDX3,SDHD,RAC1,CX3CR1,IDH2,NTRK1,IL2,NDUFB6,MBP,CYBA,CCL5,MOG,MX2
SDHB,GPX4,ISG15,SLC6A4,UQCRFS1,TJP1,SIRT3,PRKAB1,IFIT3,NCF2,CLDN1,TXNRD1,NOS1,CASP5,NOS1,TRYPTASE,TBX21,GCLM,PRDX1,GCLC,BECN1,IDO1,ATP5F1B,CYP11A1,ARNTL,OCLN,PYCARD,SDHA,CRP,PDCD1,CAT,FASLG,CXCL10,TPH1,IL13,GSR,IL12B,FOXO3,COX4I1,GCG,ATP5MC2,MAPK8,CXCL8,CIITA,CD40LG,PER1,ACSL1,COX4I1,ATP5F1B,CYCS,PER2,SLC6A4,SIRT1,PRDM1,NCR2,ACO2,PRKAR2B,ATF6,NPY,STAT5A,TLR9,OXTR,MTNR1A,ANG,GZMA,ITGAX,AQP4,ITGAM,ADAR,NDUFS3,UCP2,IFNA1,ADRB2,NOS3,NDUFS4,MIEF1,IRF3,GSR,GSTP1,LAT,BAX,COX4I1,COMT,GPX4,CPT1A,MTNR1B,UQCRC2,PRDX5,COX4I1,MMP9,CX3CL1,ACO2,BDKRB1,CPT1A,SDHA,COMT,NQO1,FCGR3A,MAG,IFITM2
UQCRC1,GSR,IFIT1,AHR,CXCL10,MUC2,UCP2,PPARA,OAS1,ACADM,MUC2,NFE2L2,LAG3,SLC6A3,CALCRL,MAOA,PRDM1,GSS,PRDX3,GCLM,MAP1LC3B,KYN,ATP5F1C,CYP11B1,PER1,HTR1A,CASP1,UQCRC1,HMGB1,CD274,GPX4,CD8A,IL17A,SLC6A4,IL4,GSTP1,IL23A,NFKBIA,COX5A,CCK,ATP5MC3,MAPK14,IL18,CBS,MAPK1,PER2,CPT1A,COX5A,ATP5F1C,UQCRC1,CLOCK,COMT,SIRT3,CD160,NCR3,SDHC,PRKACA,XBP1,SDHA,STAT5B,MYD88,SLC6A2,BDKRB2,ANGPT1,GZMB,JAK1,MBP,AIF1,DDX58,NDUFS4,IDH2,IFNB1,CHRM2,EDN1,UQCRQ,MIEF2,IRF7,GCLC,PRDX1,PTPN6,BCL2,COX5A,PEMT,GSR,CPT2,MX1,COX4I1,PRDX6,COX5A,TIMP1,TSPO,CS,BDKRB2,IL1R1,SDHB,NOS3,HMOX1,FCGR3B,GRIA1,IFIT1
UQCRC2,TXN,IFIT2,CXCL8,CD14,DEFB1,UCP3,SLC6A4,OAS2,PRDX1,REG3A,KEAP1,ICAM1,CERS2,CRH,TPH1,NDUFB8,HMOX1,TXN,TXNRD1,HDAC1,AADAT,ATP5F1D,HSD11B1,PER2,HTR2A,IL1A,COX4I1,S100A8,HAVCR2,GSR,CD79B,CD4,NOD2,IL12A,GCLC,IL1RN,TLR9,COX5B,VIPR1,ATP5PB,RELA,NRF1,PON1,MAPK3,MUC2,ACADM,PDK1,PPARGC1B,NDUFV1,ARNTL,MAO,TPH1,PTPN2,CD244,SDHD,PRKACB,ERN1,FH,TRPM3,IRAK4,ADRA2A,ADORA2A,ANGPT2,GZMK,JAK2,SLC6A2,TSPO,IFIT1,SDHB,NCR1,TLR3,CHRM3,VEGFA,COX6C,PPARGC1B,C3,GCLM,PRDX3,SPN,CASP3,COX5B,BHMT,GSS,ACADVL,NOS1,COX5A,NQO1,COX6A1,ACE,GFAP,OGDH,OCLN,ACADM,PPARA,CHRM2,NFE2L2,FASLG,GRIA2,IFITM1
COX5A,TXNRD1,IFIT3,CHAT,IFNB1,REG3G,SOD1,TPH2,OAS3,FASLG,TPH1,NOX4,LYZ,HTR7,CRHR1,HLA-A,NDUFS4,NQO1,TXN2,TXN,SIRT1,AMACR,SOD1,HSD11B2,CRY1,ADRB1,C1QA,SLC25A4,S100A9,LAG3,TXN,CD79A,KLRD1,HK2,IL12B,GCLM,IL1RAP,TRAF6,COX6A1,NPY,ATP5PD,SOD1,COX5B,CYP21A2,CD274,CLDN1,ACOX1,PDK4,NRF1,SDHA,TPH1,TPH2,SLC6A4,PTPN6,FCGR3A,PPARA,TRPM3,NRF1,ACO2,TSPO,TRAF6,KMO,AVPR1A,ATP5F1B,PRF1,SYK,SLC6A4,C1QA,IFIT2,PPARGC1B,FCGR3A,TLR4,ADRA1A,KDR,ATP5F1C,NRF1,C4A,NDUFV1,NOX4,EOMES,CASP8,NDUFB8,APOB,GCLC,ACADM,OAS1,COX5B,HMOX1,COX7A2,ACE2,P2RY12,SUCLA2,CLDN1,SDHB,PDK1,P2RX7,KEAP1,ICOS,GRIN1,ISG15
COX5B,PRDX1,TLR3,PRF1,CYCS,SLC5A8,SOD2,CAT,MX1,PRDX6,HTR3A,NQO1,DLD,TDO2,POMC,HLA-B,SDHB,PRDX1,TXNRD1,PRDX3,DNMT1,ACADS,SOD3,AVP,DNMT1,ADRB2,C1QB,CPT2,TNFRSF1A,CD27,TXNRD1,CD4,BTLA,PFKM,IL23A,KEAP1,CXCL9,RELA,COX6B1,SIRT1,ATP5PF,GPX4,NDUFA2,CD19,PTPRC,SLC6A4,SLC25A4,PRKAA1,SOD1,SDHB,SLC6A4,DRD2,IDO1,SLA2,GZMA,PPARG,TRPA1,CYCS,OGDH,CASP1,TFAM,IDO2,TSPO,ATP5F1C,CD69,SLC25A4,ADRA2A,C1QB,IFIT3,PRKAA1,IGHA1,TLR9,ADRA2A,AQP4,NDUFV1,ESRRA,C1QA,NDUFV2,CYBA,TBX21,TNFSF10,NDUFS1,LDLR,GCLM,HADHA,OAS2,ATP5F1A,FTH1,ATP5F1B,MAS1,TMEM119,SDHA,TJP1,TPH1,CS,CD200,GSS,GATA3,GRIN2A,IDO2
COX6A1,KEAP1,TLR9,MFN2,UQCRH,IL13,GPX1,SOD1,RSAD2,CHRNB4,HTR4,MT1A,TREM2,ACMSD,MC2R,IL4,SDHC,PRDX2,TXNRD2,PRDX6,DNMT3A,TLR9,GPX3,OXT,DNMT3A,ADRA2A,C1QC,ACADM,TNFRSF1B,CD70,NQO1,CD28,STAT5A,PKM,CSF1,NQO1,CXCL11,SOD1,COX7A2,SIRT3,ATP5PO,GSR,NDUFB8,TIGIT,CD56,HTR3A,UCP2,PRKAA2,SUCLG1,CS,HTR3A,OXTR,TDO2,CBLB,GZMK,MTOR,TRPV1,CASP9,CPT1A,CD19,PRDX3,KYNU,TRPA1,ATP5F1D,HLA-DRB1,ACADM,ADRB1,C3,OAS1,PRKAA2,IGHG1,PTPRC,NOS1,CACNA1C,STAT3,ESRRG,CFB,NDUFS2,GFAP,GATA3,TNFRSF10A,NDUFS2,CETP,TXN,HADHB,OAS3,ATP5F1B,FTL,ATP5F1C,AGTR1,IL1R1,FH,MUC2,PPARG,ACO2,CX3CR1,GCLC,TBX21,GRIN2B,ASPH
COX6B1,HMOX1,MAVS,ACE,CD19,CD4,GPX4,SOD3,IFITM1,TJP2,VIP,MT2A,FKBP5,HAAO,NR3C1,IL13,UQCRC1,PRDX5,GSR,SOD1,TET1,IL23A,CX3CL1,CRH,TET1,ACE,C3,HADH,IL1R1,CD40,KEAP1,CD27,TLR9,AKT1,CSF2,TXN,CXCL12,GPX4,COX8A,IRF3,COX5B,GSTP1,SDHA,ATP5F1B,IL15RA,NOD1,COX4I1,UCP2,SDHAF2,ACO2,HTR4,AVPR1A,KMO,PPARGC1A,FASLG,FOXO1,TRPV4,NLRP3,MDH2,CD22,UCP2,ACOT7,CALCA,ATP5F1E,CCL2,CPT1A,ADRB2,C4A,OAS2,PRKAB1,CYBA,NCR1,ACE,SCN10A,NDUFS5,ATP5MC1,CR1,NDUFS3,S100B,RORC,TRADD,NDUFS3,HLA-A,TXNRD1,ACOX1,P2RX7,ATP5F1C,NOX3,ATP5F1D,AGTR2,CCR2,MDH2,DEFB1,CHRM3,IDH2,MPZ,GCLM,RORC,GAD1,CD38
COX6C,NQO1,RIPK1,SDHC,CD28,CD8A,CAT,GPX4,IFITM2,CRHR1,CCK,CYBA,JAK2,SGMS2,FKBP5,CD19,UQCRFS1,TXN,GCLC,SOD3,TET2,IL12B,P2RX7,POMC,HDAC1,VEGFA,C4A,CS,IL6R,CD40LG,GCLC,CD244,MYD88,PIK3CA,CSF3,TXNRD1,CXCL13,GSR,ATP5F1A,IRF7,COX6A1,HMOX1,UQCRC1,COX5A,CD80,NOD2,NOX4,UCP3,SLC25A4,IDH2,COMT,NTRK2,BCL2,PPARGC1B,CD69,FOXO3,PIK3CA,NOD1,CPT2,CD38,CPT1A,ACOT8,TACR1,ATP5MC1,CCL5,CS,CHRM2,BDNF,OAS3,PRKAB2,TREM2,IL15,VEGFA,SCN9A,UQCRFS1,ATP5MC2,CCL2,NDUFS7,GRIN1,SIRT1,FADD,SDHA,HLA-B,PRDX1,SLC25A20,PDK1,PPARGC1A,NOX4,ATP5F1E,NOS3,NGF,LDHA,REG3A,CASP1,OGDH,ADRB2,GPX3,STAT4,GAD2,PDK4
COX8A,GCLC,RIPK3,GRIN2A,COX5A,IL23A,PRDX1,GSR,IL1A,ADRA1A,MX1,GPX3,XBP1,NDUFS4,HSP90AA1,CD3E,COX5A,TXNRD1,GCLM,GPX4,RORC,IL7R,TREM2,MC2R,SIRT1,KDR,C4B,IDH2,IFNGR1,NDUFS1,GCLM,CD19,IRAK4,ATF4,ICAM1,P2RX7,CX3CL1,TXN,ATP5F1B,MYD88,COX6B1,TXN,UQCRFS1,COX5B,CD86,PPARA,DUOX2,CPT1A,SOD3,OGDH,TH,CHRNA7,BAX,NRF1,CD38,SOD1,PIK3CB,NOD2,SUCLG1,CD4,ACADVL,CD38,MT-ATP6,ATP5MC2,CD19,IDH2,CHRM3,NGF,MX1,PRKAG1,TSPO,IL15RA,VEGFR2,NR3C1,CXCL8,ATP5MC3,CCR5,NDUFS8,GRIN2A,SIRT3,RIPK1,SDHB,HLA-C,PRDX3,ACSL1,PER1,TFAM,TREM2,NRF1,EDN1,CNTF,LDHB,MX1,AKT1,FH,ACE,SOD3,STAT5A,ADRB1,PDK2
ATP5F1A,GCLM,MLKL,CRH,PRF1,CD28,PRDX3,GSS,IL2,NPY,OAS1,SOD3,HMOX1,TLR3,HSPA1A,STAT1,ATP5MC1,NFE2L2,NFE2L2,GSS,TBX21,CD19,ADRB1,CMPK2,EZH2,HIF1A,CFB,NRF1,ESR1,NDUFS2,GSS,BTLA,TRAF6,XBP1,VCAM1,TSPO,IDO1,PRDX1,ATP5F1C,TGFBR1,COX6C,TXNRD1,PRDX3,CYCS,CCR5,CKM,HRAS,ACADM,GPX4,MDH2,ACHE,ALOX5,CASP3,TFAM,HLA-DRA,SOD2,PIK3CD,RIPK1,CD14,CD8A,PDK4,CD157,MT-ND1,ATP5MC3,CD38,NDUFS1,HRH1,GDNF,ISG15,TFAM,GSTM1,IL2RA,EDN1,FKBP5,CYCS,ATP5PD,IL2RA,SDHB,SLC6A4,NRF1,CFLAR,UQCRC1,HLA-DRB1,KEAP1,FASN,PER2,NRF1,TMEM119,TFAM,KNG1,LIF,PKM,OAS1,RORC,MDH2,AIF1,PRDX2,STAT6,ADRB2,UQCRC1
ATP5F1C,GSS,CASP8,DRD2,TIGIT,KLRK1,GSR,GCLC,IL4,DBH,OAS2,CX3CR1,TXN2,SMPD1,HSD11B1,IFNAR1,MFN1,KEAP1,KEAP1,GSTA1,GATA3,MS4A1,ADRA1A,EPSTI1,CKM,VCAM1,CFH,TFAM,AR,NDUFS3,GSTP1,UQCRC2,CASP1,DDIT3,SELP,CD200,TDO2,PRDX3,ATP5F1D,TGFBR2,COX7A2,NFE2L2,SLC25A4,PPARA,CXCR3,RYR1,NRAS,HADHA,GCLC,ACADM,DRD2,LTA4H,PARP1,POLG,HLA-DRB1,SOD3,PIK3CG,RIPK3,VIP,CHRM3,PDK1,ITPR1,POLG,BACH1,IL2RA,UQCRC1,HTR1A,NTRK2,EIF2AK2,NRF1,TLR2,IL7R,EDNRA,CRH,MYD88,ATP5ME,NFKBIA,SDHC,HTR1A,SOD1,XIAP,UQCRC2,HLA-DQA1,SQSTM1,SOD1,PER3,ESRRA,P2RY12,SOD1,BDKRB1,TREM2,HK1,EIF2AK2,IL18,TLR2,EDNRA,PRDX5,KLRD1,ADRA1A,NDUFS1
ATP5F1D,NOX4,BCL2,TREM2,NDUFB1,NCR1,SLC25A4,GCLM,IL5,ATP5F1E,OAS3,TREM2,PYGL,CXCL8,AVP,IFNAR2,MFN2,NOS1,HSP90AA1,MGST1,SLC6A4,LCK,ADRA1B,IFI44L,AMPD1,VWF,CFI,UCP2,NR3C1,SDHA,GSTA1,UQCRC1,IL1R1,DNMT1,LAG3,CD200R1,KMO,PRDX5,ATP5MC1,DNM1L,COX7C,NOS2,CPT2,SIRT1,MT-ATP8,MAPK1,RAC1,IDO1,GCLM,ACADVL,SLC6A3,PTGS2,TP53,POLG2,CD3G,CAT,AKT1,MLKL,PPARA,CTLA4,CS,ITPR2,OGG1,BAG1,IL7R,CYCS,HTR2A,GFAP,RSAD2,IDH2,GRIA1,TIGIT,eNOS,CRHR1,UQCRH,ATP5MG,NDUFB9,SDHD,HTR2A,SOD2,APAF1,PPARGC1A,HLA-DQB1,CYP1B1,SOD2,PGR,POLG,CX3CR1,PRDX1,BDKRB2,HK1,HK2,TLR3,CD8A,HTR1A,BDKRB2,PRDX6,NCR2,ADRA2A,NDUFB4
ATP5F1E,DUOX1,BAX,CD3D,IRF7,FCGR3A,CPT1A,TXN,IL7,CD70,IFIT1,P2RY12,PCK2,IRF7,TJP1,MX1,OPA1,NOS2,HSPA1A,GSTP1,TPH1,ZAP70,CRHR1,IFI6,PYGM,SERPINE1,CCL3,UCP3,CRH,SDHB,BDNF,TWNK,CCL2,DNMT3A,TNFRSF9,NGF,KYNU,CYBA,ATP5MC2,FKBP4,COX8A,PRDX1,ACADM,SIRT3,MT-ND2,MAPK14,NOS2,ADAR,GSS,UCP2,DEFB1,NOS2,IL2,COX4I1,CD3D,GPX1,AKT2,SERPINA1,CFH,HAVCR2,ACO2,ITPR3,PARP1,BCAT1,LCK,PPARA,DRD1,S100B,IFI44,PDK1,S100B,CD27,PTGS2,POMC,TRAF6,PDK2,SDHA,UQCRC1,DRD1,CAT,PARP1,TFAM,HLA-DPA1,CYP2E1,CAT,PNPLA2,POLG2,AIF1,PRDX3,MYLK,HK2,PFKM,IFIH1,PRKAA2,HTR2A,NR3C2,TXN2,NCR3,CHRM2,ACADVL
PPARGC1A,CYBA,KYNU,FKBP5,IFIT1,CCR5,CPT2,TXNRD1,IL12A,C3,IFIT2,TMEM119,GSS,CASP4,OCLN,OAS1,DNM1L,NOS3,HSPD1,NQO1,NPY,CD28,CRHR2,IFIT1,PFKM,PECAM1,CCL4,PDK4,POMC,UQCRC1,NGF,TFAM,CCR5,HDAC1,CD80,GDNF,FCGR2A,TLR2,ATP5MC3,CX3CL1,UQCRC2,PRDX3,ACADVL,NRF1,MT-ND3,JAK1,PTGS2,APOBEC3A,GSTP1,UCP3,MUC2,IL18,IL4,COX5A,LCK,GPX4,AKT3,EGR1,GCLC,IFNAR1,IDH2,ME1,GRIN1,BCAT2,ZAP70,SIRT1,DRD2,COMT,IFI44L,PDK4,GPX4,CD28,BDNF,AVPR1A,NDUFV2,HK1,SDHB,UQCRC2,DRD2,GPX1,ATM,NRF1,HLA-DPB1,ALDH2,GPX1,POMC,OPA1,ITGAM,GSR,ROCK1,PFKM,GAPDH,DDX58,ICOS,DRD1,UCN,TXNRD2,IGHM,CHRM3,PTGS2
NRF1,NCF1,FOXO3,MFN1,TNFRSF4,HLA-DRB1,ACADM,PRDX1,IL12B,FFAR2,IFIT3,ITGAM,AVP,SGMS1,CLDN1,ISG15,PPARGC1B,CYBA,PINK1,MT1A,NPY1R,ICOS,MC2R,ISG15,IL6,CDH5,CXCL9,PRKAA2,ACTH,COX4I1,GDNF,SUCLG2,CD14,SIRT1,ATP5F1B,CASP1,FCGR3A,AQP4,MFN1,MGST1,UQCRFS1,GCLC,HADHA,PPARG,MT-ND4,STAT3,ALOX5,EIF2AK2,TXN,SLC25A4,OCLN,IL33,IL13,COX6A1,LAT,GSR,MTOR,FOS,CX3CL1,IFNAR2,OGDH,ME2,GRM5,BDKRB1,LAT,SIRT3,COMT,MAPT,IFI6,UCP2,GDNF,CD38,NGF,OXTR,COX5A,SOD1,UQCRC1,CYC1,ADRA2A,GSR,BRCA1,ESRRA,ACE,GFAP,GPX4,RNASEL,MFN1,CD68,TXN,ADRA1A,PFKP,ENO1,IRF3,IL15,DRD2,FFAR3,GSTP1,IGHG1,ACE,TBX21
MFN1,NCF2,NAMPT,GZMA,ISG15,HLA-A,ACADVL,PRDX6,IL13,PRDX5,IFI44,AIF1,OXT,NPY,MUC2,IRF7,NRF1,NCF1,LONP1,MT2A,VIP,TRAF6,CLDN3,RSAD2,HSP90AA1,ANGPT1,CXCL11,PPARG,CRHR1,ATP5F1A,NTRK1,SUCLG1,CD19,CLOCK,ATP5F1C,AIF1,C1QA,HTR1A,MFN2,NDUFS1,UQCRH,ADRB1,HADHB,SDHA,MT-ND5,NFKB1,PTGS1,OAS1,TXNRD1,VDAC1,CLDN1,GZMB,FASLG,COX7A1,ITK,GSTP1,RELA,MTOR,TBXA2R,IFNGR1,SUCLG1,ME3,GABBR1,BDKRB2,KLRK1,MFN2,MAOA,APP,IFIH1,UCP3,MYD88,HLA-DRB1,NTRK1,SLC6A4,IRF7,CAT,UQCRC2,UQCRFS1,ADRB1,UCP1,TP73,CPT1A,AGT,S100B,PRDX1,SDHA,MFN2,CD163,TXNRD1,ADRA2A,PKM,SOD1,IRF7,HTR3A,ADRB1,MC2R,GSTA1,TLR2,AGT,HADHA
MFN2,NCF4,CD38,JAK1,PDCD1,FASLG,PDK1,NQO1,IL15,IRF3,IFI44L,CSF1R,CTCF,TPH1,LYZ,TLR3,PRKN,NCF2,CLPP,FTH1,VIPR1,FASLG,CLDN4,SIGLEC1,HSPA1A,ANGPT2,CCR2,PPARA,MC2R,ATP5F1B,NTRK2,SUCLA2,HLA-DRB1,ARNTL,ATP5F1D,TMEM119,C3,HTR2A,OPA1,GCLM,UQCRQ,ADRB2,PDK1,SDHB,MT-ND6,RELA,CRP,IRF7,PRDX1,SIRT3,TJP1,PRF1,CD3E,UQCRC1,PLCG1,HMOX1,IL2RA,TSC1,ADIPOR2,IFNGR2,SIRT1,MDH1,SLC1A3,CALCA,IL15,OPA1,DBH,IL18,IRF9,CPT1A,C1QA,FCGR3A,NTRK2,TPH2,TLR5,GPX3,COX4I1,COX5A,ADRB2,UCP2,CDKN1A,CPT2,AGTR1,AQP4,PRDX3,SDHB,DNM1L,CSF1R,UCP2,ADRB1,LDHA,SOD3,ISG15,GPX4,OCLN,AVPR1B,GSTM1,TLR3,AGTR1,MAVS
OPA1,RAC1,CCL2,NQO1,NCR1,FAS,PDK4,KEAP1,IL18,RAC2,IFI6,BDNF,SLC6A2,TPH2,DEFB1,TLR7,PINK1,NCF4,OPA1,FTL,IL17A,CASP3,CLDN5,USP18,LDHA,AVPR1A,CCR5,SIRT3,TPH2,CS,GRIN1,SIRT3,HLA-A,PER1,ATP5F1E,S100B,C4A,DRD1,DNM1L,CYBA,NDUFV2,ADRA2A,PDK4,FH,MT-CO2,AKT1,MMP9,MX1,PRDX3,MFN2,CDH1,KLRK1,CD3D,UQCRC2,VAV1,NQO1,HLA-A,TSC2,SELE,IL1R1,SIRT3,MDH2,GAD1,CASP1,IL18,PINK1,TH,IL33,TRPM3,CPT2,CSF1R,CD19,CREB1,IDO1,NCR1,PRDX1,COX5A,COX5B,ACE,UCP3,MDM2,ACADM,NOS3,CCL2,TXN,SLC6A4,FIS1,CSF1,CPT1A,ADRB2,LDHB,GPX1,RSAD2,FASN,CHRM3,UCN3,NLRP3,TLR4,NOS3,LAG3
DNM1L,RAC2,TGFB1,CD2,IFNA1,COX5A,DLAT,NOX4,IL23A,TPH1,ISG15,NGF,TJP1,NDUFS1,SLC5A1,TLR9,SQSTM1,RAC1,MFN1,CX3CL1,IFNB1,CASP8,PPP1R1A,XAF1,SLC16A1,OXTR,CXCR4,PINK1,HTR1A,ACO2,GRIN2A,SDHB,HLA-B,PER2,ATP5MC1,COMT,C5,DRD2,FIS1,KCNQ1,NDUFS1,CHRM2,CS,MDH2,MT-CO3,MTOR,ICAM1,MTHFR,PRDX5,OPA1,STAT3,NCR1,ATP5F1C,ATP5F1A,MAPK1,PRDX1,HLA-B,RPTOR,UQCRC1,IRF3,MFN2,PCK1,CHAT,CBS,JAK1,PRKN,NOS1,CASP1,TRPA1,ACADM,AVP,CD14,CRH,TLR2,CD3E,PRDX2,ATP5F1A,COX6A1,AGTR1,SDHA,GADD45A,ACADL,EDN1,CXCL12,TXNRD1,TLR3,MFF,IL1A,CPT2,CHRM2,PDHB,GPX3,NFKB1,BDNF,NOS1,NR3C1,APOE,TLR9,EDN1,NDUFB2
FIS1,CX3CL1,ITGAM,GSS,FCGR3A,UQCRC1,DLD,CYBA,IFNA1,CD68,RSAD2,TGFB1,GSR,JAK2,GCG,MYD88,PDHA1,RAC2,MFN2,HEXB,IL12A,BCL2,GYS1,PLAC8,IFNA1,SLC6A4,JAK1,PRKN,HTR2A,IDH2,GRIN2B,SDHA,NDUFS2,SLC16A1,ATP5MC2,TPH2,GFAP,NPY,PPARGC1A,KCNH2,NDUFS2,CHRNA7,IDH2,ACADM,MT-CYB,ADCY2,VCAM1,CYP2D6,NQO1,TLR3,CCL5,KLRC1,ATP5F1D,ATP5F1B,MAPK3,PRDX2,HLA-C,RICTOR,ALOX5,IRF7,OPA1,PCK2,ALDH2,CCK,JAK2,MTOR,NOS3,ADRB1,ASIC3,ACADL,HTR2A,CXCL10,CRHR1,OCLN,SDHD,PRDX3,ESRRA,COX7A2,EDN1,SDHB,DDIT3,ACADVL,VEGFA,CX3CL1,GSR,TLR4,TOMM20,CCL5,ACADM,CHRM3,PDK2,GPX4,RELA,CD28,VIP,NLRP6,CX3CL1,MYD88,EDNRA,BLNK
PINK1,CX3CR1,SIRT3,EPAS1,NDUFS3,NDUFS1,NFE2L2,NOS1,IFNB1,GFAP,HERC5,GDNF,GYS1,MAPK1,GLP1R,IRAK4,PDHB,NOX4,FIS1,TREM2,IL12B,BAX,GYS2,ANKRD22,IFNB1,TPH1,JAK2,MFN2,DRD2,GLUT1,GRIA1,PRKN,NDUFS3,IRF3,ATP5MC3,HTR1A,MBP,IL18,PPARGC1B,CALCRL,NDUFS3,DRD2,OGDH,ACADVL,POLG,DNMT1,SELP,TRPV1,KEAP1,TLR9,IFNB1,ITGAM,ATP5F1E,ATP5F1C,AKT1,PRDX3,HLA-DQA1,PTEN,GCGR,KLRD1,PINK1,PGLS,MTHFR,CCL2,JAK3,HIF1A,EDN1,ADRB2,P2RX7,ACADVL,LEPR,CCL2,MC2R,CLDN1,NDUFS3,PRDX5,ESRRG,COX8A,EDNRA,SDHC,ATF4,ACOX1,ICAM1,TREM2,NOX4,ACACA,TOMM40,BDNF,ACADVL,HRH1,PDP1,CAT,STAT1,PPARA,NPY,NOS1,CX3CR1,NFKBIA,VEGFA,NCR2
PRKN,P2RY12,GSS,CD200,KLRK1,SDHB,KEAP1,MPO,LTA,PRKAA1,EIF2AK2,MPZ,BBC3,IL7,CCK,RELA,OGDH,NOX5,CYCS,TYROBP,IL1A,TP53,PER3,AIM2,IRF3,TPH2,JAK3,DNM1L,COMT,HK1,GRIA2,PRKAA2,SDHB,IRF7,PPARGC1B,ADRB1,BDNF,IFNAR1,NRF1,TNFRSF1A,NDUFS4,DBH,SUCLA2,KEAP1,NDUFS1,DNMT3A,VEGFA,ASIC3,NOX4,IFNA1,CTLA4,ITGB2,SOD3,ATP5F1D,ATP5F1B,PRDX5,HLA-DQB1,PIK3CA,PER3,KLRK1,BNIP3,PHGDH,CBS,CCL5,TYK2,LONP1,EDNRA,CHRM2,HIF1A,SLC25A4,DBH,CCL5,POMC,MUC2,KLRK1,PRDX6,ATP5MC1,SOD3,AVPR1A,SDHD,EIF2AK3,SLC25A4,VCAM1,CD33,DUOX1,ACADL,TOMM70,NGF,HADHA,HTR1A,PDP2,PRDX1,STAT3,NCR1,POMC,DEFB1,P2RY12,RELA,ANGPT1,SIRT1
CS,TMEM119,KEAP1,UCP2,TLR9,ATP5F1A,HMOX1,XDH,CSF1,DDC,DDX58,MBP,TYK2,NFKB1,SCN9A,CXCL10,PRDX3,DUOX1,CASP9,AIF1,IL2,MDM2,CRY1,SAMD9L,IRF7,COMT,STAT1,OPA1,MAOA,PKM,GABBR1,PRKAA1,UQCRC2,ISG15,NRF1,ADRA1A,CHRM3,IFNAR2,TFAM,PTGS2,NDUFS5,TH,FH,TXN,NDUFS2,TET1,EDN1,P2RX7,CYBA,IFNA2,IL23A,ITGA4,GPX2,ATP5F1E,ATP5F1C,PRDX6,HLA-DPA1,AKT1,KCNQ1,LAG3,DNM1L,PKLR,CNR1,CD19,NFAT5,HSPD1,ICAM1,CHRM3,RYR1,SOD1,FFAR2,CXCL8,ACTH,REG3G,POLG2,GSR,ATP5MC2,GPX3,OXTR,COX4I1,XBP1,UCP2,SELP,CSF1,DUOX2,ACLY,TIMM17A,GDNF,HADHB,HTR2A,PRKAA1,PRDX2,FOS,HLA-DRB1,LDHB,HTR2A,TREM2,TRAF6,ANGPT2,NDUFB7
ACO2,TREM2,GSTA1,OXT,ATP5PO,SLC25A4,NQO1,DUOX1,CSF2,CHRM3,IFIH1,GFAP,CRHR2,JAK1,SCN10A,CCR5,TXN2,CX3CR1,CASP3,ITGAM,IL4,BRCA1,CRY2,EIF2AK2,STAT1,TLR2,STAT3,FIS1,SLC6A4,LDHA,GABBR2,PPARGC1B,COX5A,MX1,TFAM,CHRM2,VIP,STAT3,CS,EDN1,NDUFS6,SLC6A2,MDH2,PRDX1,NDUFS3,HDAC1,NOS3,GRIN1,NOS1,IFNB1,CD69,SELP,PRDX2,DNM1L,ATP5F1D,TXN,HLA-DPB1,INSR,KCNH2,MYD88,FIS1,PKM,TH,CD27,NFATC1,HSPA9,VCAM1,CHRNA7,RYR2,CAT,PYY,CCR5,NR3C1,LYZ,CCL5,GSS,ATP5MC3,GSS,TLR2,COX5A,ERN1,UCP3,IL17A,CSF1R,XDH,ACO1,TIMM23,NTF3,PDK1,SLC6A4,PRKAA2,PRDX3,JUN,TXNRD1,LAMP3,OCLN,TYROBP,NLRP3,CRH,CD79A
IDH2,CD68,GSTM1,DLD,CX3CL1,CPT1A,GCLC,GSTM1,CSF3,NGF,TLR3,NTRK1,HSPB1,PDHB,TRPV1,CCR7,TXNRD1,CX3CL1,BCL2,CSF1R,IL13,PARP1,SCN9A,CEACAM6,MX1,LBP,STAT4,POLG,BDNF,CPT1A,HTR1A,POLG2,ATP5F1B,OAS1,SOD1,CHRNA7,VIPR1,TRAF3,ACO2,ADCYAP1R1,NDUFS7,EDNRA,PRKAA2,GCLC,ATP5F1A,SIRT1,ACE,GRIN2A,NOS2,IFNAR1,IL7R,VCAM1,P2RY12,FIS1,ATP5F1E,TXNRD1,SIRT1,IRS1,ATG5,NCR1,SOD3,PFKM,DBH,CDH5,FASLG,VDAC1,SELE,CHRNB4,NFKB2,GPX4,NGF,CCR7,FKBP5,DEFA5,CCL3,GCLC,MFN1,GSTP1,MUC2,ATP5F1A,HSP90AA1,SOD1,IL17F,CD200,ALOX5,ACO2,PDK1,NTF4,PDK4,MAOA,PRKAB1,PRDX6,CREB1,ACACA,XAF1,NLRP3,CSF1R,CASP1,CRHR1,NRF1
OGDH,AIF1,MAPK8,IL23A,HEXB,ACADM,GCLM,GSTP1,CXCL9,KLRD1,TLR9,NTRK2,EZH2,IFNB1,TRPV4,CD40LG,PRDX1,P2RY12,BAX,GDNF,IL15,XRCC1,SCN10A,RTP4,OAS1,CD14,STAT5A,IMMP2L,IL18,ACADM,HTR2A,POLG,ACO2,RSAD2,GPX4,EDN1,POMC,NFKB2,IDH2,KEAP1,NDUFS8,EDN1,GCLM,GSS,ATP5F1B,GLS,BDNF,SOD1,NOS3,IFNAR2,CD14,ICAM1,TMEM119,MFN1,ATP5MC1,TXNRD2,SIRT3,MAPK1,NGFR,NFKB1,PRDX2,HK1,GABRD,CHAT,FAS,SOD3,VWF,ADORA1,RELA,PRDX1,STAR,ATP5F1D,HSP90AA1,SLC6A4,GCLC,GCLM,OPA1,PRDX2,CLDN1,ATP5F1B,HSPA5,SOD2,IL23A,CD200R,ALOX12,ADRA1A,PDK4,NTRK1,SIRT1,COMT,ADRB1,GSR,PPARGC1A,CFH,PLSCR1,UCN2,CSF1,IL18,CRHR2,GATA3
SOD1,CSF1R,MAPK14,FLT1,CYBA,HIF1A,GSS,MGST1,CXCL11,KLRC1,TP53,NTRK3,DDX58,PDCD1LG2,TRPA1,CD40,PRDX2,TMEM119,PDHB,NGFR,CD4,ATM,SCN11A,IFITM3,RSAD2,CLDN1,STAT5B,DGUOK,IL12A,ACOX1,DRD1,PKM,OGDH,DDX58,UCP1,AGTR1,SLC6A4,IKBKB,IDH3A,CHRNA3,NDUFA2,ACE,GPX4,GRIA1,ATP5F1C,GLUD1,NGF,SOD3,MPO,ISG15,FCGR3A,CD40LG,ITGAM,MFN2,ATP5MC2,NFE2L2,TGFB1,MAPK3,PKM,NFKB2,TXNRD1,HK2,TRPM8,CHRM2,IL12A,GPX4,VEGFA,ADORA2A,STAT3,PRDX2,EDNRA,ATP5F1E,HSP90AB1,HTR3A,PDK4,GSTP1,DNM1L,PRDX5,CCK,ATP5F1C,CALR,CAT,IL12A,NGF,ALOX15,ADRA1B,PKM,NTRK2,SIRT3,DBH,ADRB2,GSS,FOXO3,GCLC,DDX60,CHRNB4,IL1A,IL1A,POMC,TFAM
GPX3,CSF1,HSP90AA1,GZMB,SIRT2,PPARA,TXN,SIRT1,CCL3,HTR2B,BAX,IL1R1,BAG1,IFNA1,ASIC1,IL12A,GCLC,TREM2,CS,GFAP,CD8A,ATR,IL10,LY6E,DDX58,IFNA1,STAT6,SUCLA2,IL12B,PPARA,DRD2,PINK1,DLAT,IFIH1,PDK1,BDKRB2,TPH1,IRAK4,OGDH,GSTP1,NDUFA3,AGTR1,GSS,GRIA2,COX4I1,FASN,NTRK1,GPX4,CX3CR1,MX1,NCAM1,FAS,ADRA1A,OPA1,ATP5MC3,KEAP1,IL2,JAK1,RORA,NLRP3,NQO1,PDHA1,HTR1A,CHRM3,IL13,PRDX3,KDR,EDN1,JAK1,PRDX3,GHRL,ATP5MC1,TLR2,VIP,PDK2,GSTM1,FIS1,PRDX6,GCG,ATP5F1D,DDIT4,TXNRD1,IL12B,GDNF,NOS2,ADRA1D,HK2,NTRK3,PPARA,TH,ADRA1A,GCLC,TP53,FKBP4,DHX58,HTR4,CASP1,PYCARD,MC2R,NDUFC1
GPX4,CXCL12,CCL5,PRDX3,KEAP1,PPARG,TXNRD1,NGF,CCL4,RAC1,BCL2,IL6R,MAPK8,CD38,ASIC3,NLRP3,GCLM,CSF1R,ACO2,NTRK2,LAG3,PTEN,IL17A,OAS1,IFIH1,JAK2,SOCS1,SUCLG1,IL23A,PPARGC1A,TPH1,PFKP,DLD,ACO2,PDK2,ADORA1,NDUFB2,CD3D,SUCLG1,NOX4,NDUFA4,P2RX3,SOD1,NTRK1,COX5A,SCD,NTRK2,GCLM,P2RY12,MX2,CD19,FASLG,CHRM2,UCP1,SDHB,GCLC,IL7,JAK2,CHAT,NOS1,KEAP1,PDHB,ADRA2A,CHRNA7,IL4,TXNRD1,ANGPT1,VEGFA,JAK2,PRDX5,CYP11B1,ATP5MC2,TLR4,CCK,CX3CL1,GSTA1,MFF,TXN,PYY,ATP5F1E,FOXO1,GSR,RORC,IGF1,GSS,ADRA2A,PFKM,GFAP,PPARG,TPH1,ADRA2A,GCLM,MYC,MPO,PLAC8,TPH1,AIF1,IRF3,NR3C1,UCP1
GSR,BDNF,NOS2,OPA1,GSTP1,UCP2,TXNRD2,CNTF,CCL11,IL10,CASP3,TNFRSF1B,TFAM,DNM1L,PIEZO1,PYCARD,GSTP1,CSF1,IDH2,ADCY1,HAVCR2,AKT1,IL12A,OAS2,TLR3,TLR9,SOCS3,SOD1,IL15,AMPK,TPH2,PDHB,PCK1,IDH2,PDK4,ADORA2A,IDH2,CD3E,SUCLG2,P2RX7,NDUFA5,ASIC3,SOD3,NTRK2,COX5B,MTHFR,GDNF,TXN,TMEM119,OAS2,MS4A1,BAX,CHRM3,UCP2,SDHC,GCLM,IL15,JAK3,SREBF1,PDCD1,NOS1,FH,CORIN,CHRNB2,IL5,GCLC,TEK,KDR,TYK2,GSR,HCRT,ATP5MC3,MYD88,HSP90AA1,GCLM,KEAP1,CPT2,TXNRD1,GHRL,ATP5MC1,GSK3B,NQO1,IRF4,IL4,GCLC,AGTR1,LDHB,S100B,FOXO1,TPH2,CHRM2,TXN,PRKAA1,FBXL3,RTP4,AVPR1A,ITGAM,IRF7,NR3C2,PPARGC1A
TXN,NGF,ADORA2A,DNM1L,NOX4,UCP3,TXNIP,GDNF,IDH3A,TXN,CASP8,CCR2,KAT2A,LAG3,P2RX3,CASP1,KEAP1,IL1A,OGDH,CAMK2A,TIGIT,PIK3CA,IL12B,OAS3,IL4,MYD88,NFKB1,SOD3,IFNA1,SIRT1,SLC6A2,OPA1,PCK2,ACADM,IDH1,EDNRA,SDHB,CD3G,FH,NOS1,NDUFA6,SCN9A,PRDX2,CRHR1,CYCS,IL17A,GFAP,TXNRD1,ITGAM,OAS3,TCF7,BCL2,CRHR2,UCP3,SDHD,GSS,STAT1,TYK2,ACADL,RELA,NOS2,SDHA,SCN10A,CHRNB4,ICOS,GCLM,HIF1A,FLT1,TRAF3,TXNRD1,NLRP3,ATP5ME,TRAF6,HSPA5,CYBA,TXNRD1,ACADVL,HMOX1,TRPA1,ATP5MC2,HIF1A,NFE2L2,BATF,IL13,GCLM,AKT1,CPT1A,ACE,FOXO3,ASIC1,CHRM3,TXNRD1,AKT1,TAC1,SAMD9,ADRA1A,CD68,MAVS,FKBP5,CPT1A
TXNRD1,GDNF,HTR1A,TPH1,TREM2,PRKAA2,PRDX2,CX3CR1,IDH2,TLR2,CASP9,CX3CL1,HSPA8,SIRT1,KCNQ2,IL18,GSTA1,IL18,SUCLA2,CREB1,CD28,MTOR,CD19,MX1,IL13,IRF3,NFKB2,CAT,IFNB1,SIRT3,SLC6A3,OGDH,FBP1,PRDX3,IDH2,EDNRB,PDP1,CD8B,MDH2,NDUFB2,NDUFA7,CRH,PRDX5,CRHR2,UQCRC1,CD3D,CD200,PRDX1,AIF1,RSAD2,LEF1,TP53,POMC,PRKAA1,UQCRC1,NOS1,STAT3,PTPN22,XRCC1,RELB,NOX4,SDHB,TRPV4,CLDN1,TNFRSF9,GSS,EPAS1,ANGPT1,CD40,TXNRD2,UCN,ATP5MF,IRAK1,XBP1,PRDM1,SQSTM1,ACADM,NQO1,TRPV1,ATP5MC3,VEGFA,KEAP1,CTLA4,ARG1,GSTP1,ALDOA,CPT2,AGT,NOX4,ASIC2,CHRNA7,TXNRD2,MAPK1,TBXA2R,FBXO6,HTR1A,TMEM119,DDX58,FKBP4,NDUFS8
PRDX1,NTF3,HTR2A,TJP2,MAPK1,CYCS,PRDX5,GRIN1,ACO2,CASP1,PARP1,ADRB1,CPT1A,GZMB,CACNA1A,VCAM1,NOX2,NLRP3,SUCLG1,DLG4,BTLA,TSC1,CD3E,IFI27,IL2,IRF7,RELB,GPX3,IRF3,FOXO3,CRHR1,NRF1,PFKM,GSTP1,MDH1,CALCRL,DLD,LAG3,CPT1A,ICAM1,NDUFA8,CRHR1,TXN,NR3C2,UQCRC2,CD19,CX3CR1,PRDX3,TREM2,IFIT2,EOMES,CDKN1A,MC2R,PRKAA2,UQCRC2,NOS2,IFNB1,PTPN2,PTGS2,TIGIT,CYBA,SDHC,FAAH,CNTF,CD40,GSTP1,ACE,ANGPT2,HLA-A,TXN,HTR4,ATP5MG,IRAK4,ATF4,ASNS,MAFG,HADHA,KEAP1,CNR1,NQO1,PTGS2,NOX4,CD274,MBP,GSTM1,ALOX12,ACADVL,AGTR1,DUOX1,ASIC3,DBH,NQO1,MAPK3,SELE,CD163,CRH,HEXB,IFIH1,SERPINA6,CD69
PRDX2,NTF4,DRD1,AGTR1,HMOX1,CASP9,PRDX6,GRIA1,MPO,DUOX1,BIRC5,ADRB2,SLC1A2,TNFSF13B,DNMT1,ICAM1,NOX4,CASP1,SOD3,GRIA1,CD160,TSC2,CD3D,IFI44,IL12A,NFKBIA,NFKBIA,GSR,IRF7,MTCO1,POMC,NDUFS3,PKM,TMEM119,MDH2,RAMP1,PDHB,CD69,CPT2,LYZ,NDUFB1,POMC,TXNIP,MAPK1,SIRT1,NCAM1,P2RX7,PRDX6,CX3CL1,BST2,LAG3,CDKN2A,TPH2,PRKAB1,UQCRFS1,NOS3,IFNA1,IRF5,ENO1,TLR3,NCF1,SDHD,SCN11A,COMT,BTLA,NQO1,ACE2,TEK,HLA-B,TXN2,SERPINA6,ATP5PB,NLRP1,ATF6,ACADVL,NOX4,ACOX1,NOX4,CNR2,GCLC,NOS3,DUOX1,PDCD1,NEFL,GSTA1,ALOX15,PRKAA1,NOS1,DUOX2,P2RX7,TH,HMOX1,MAPK8,MLXIPL,CD36,ADRB1,BDNF,NDUFA2,HSD11B1,COX6A1
PRDX3,NTRK1,DRD2,LCK,MAPK3,BCL2,SOD3,GRIA2,FCGR3A,HADHB,NFKBIA,ADRA1A,PTGES3,NRF1,DNMT3A,NOS2,CYBA,BDNF,GPX3,GRIA2,CD244,RHEB,CD3G,OASL,IL12B,CCL5,IKBKB,GSTP1,CXCL9,MTCO2,MC2R,NDUFS1,LDHA,ITGAM,CS,VIP,IL7R,CD38,ACADVL,JAK2,NDUFB2,MC2R,GSTA1,MAPK8,SIRT3,LAG3,GRIN1,NFE2L2,IL1A,IFI27,TIGIT,ATM,HTR1A,PRKAB2,UQCRH,CYBA,TLR3,IRF8,SLC1A3,TYK2,NCF2,ATP5A1,CALB1,COX5A,TIGIT,KEAP1,AGTR1,ACE,NLRP3,NQO1,LEP,ATP5PD,NLRP3,EIF2AK2,NOX3,TMEM119,HK2,CYBA,EIF2AK2,GCLM,EDN1,DUOX2,HAVCR2,ADRB1,GGT1,ALOX5,PRKAA2,NOS2,NOS1,TRPV1,DDC,NFE2L2,MAPK14,UQCRC1,IL10RA,TPH2,NGF,NDUFA3,HSD11B2,IL17A
PRDX5,NTRK2,GRIA1,TXNRD1,GSR,BAX,CYBA,HTR1A,KLRD1,IDH1,SIRT1,ADRA2A,TRPV4,TFAM,TET1,IL5,CYBB,NGF,GSS,GRIN1,TCF7,RPTOR,TLR2,HERC5,IL15,CD40,HAVCR2,GSTM1,CCR2,MTND1,NR3C2,NDUFB8,PRKAA2,AIF1,SDHA,VIPR1,IL2RA,HLA-A,ACADM,ATP5F1D,NDUFB3,NR3C1,GSTM1,FOS,NRF2,HAVCR2,GRIN2A,KEAP1,CCL2,IFI44,CD38,BRCA1,HTR2A,PRKAG1,CYCS,NCF1,MYD88,CD38,KEAP1,VIP,NCF4,ATP5F1,CYP1A2,COX6A1,LAG3,NOS1,NR3C1,AGT,IL18,GCLC,HTR1A,ATP5PF,NOD1,DDIT3,ACAT1,ITGAM,PKM,NCF1,EIF2S1,GSS,ACE,CX3CR1,LAG3,ADRB2,GSTK1,ASIC1,SIRT1,NOS3,XDH,TRPV4,SLC6A2,KEAP1,PDK4,CD4,TNFRSF1A,CHRNA3,GDNF,NDUFB5,SRD5A1,COX7A2
PRDX6,NGFR,GRIA2,HLA-DRB1,MAPK8,DNM1L,NCF1,HTR2A,CD247,CD27,SIRT3,CHRM2,OAS3,ACADL,HDAC1,CLEC7A,PTGS1,GDNF,GSTP1,GRIN2A,KLRC1,RICTOR,TLR3,HERC6,IL18,PTPRC,BTLA,GSTT1,CXCR4,MTND4,HSP90AA1,MTHFR,CPT2,KYNU,SDHB,CRHR2,CCR5,HLA-B,HADHA,NCF4,NDUFB4,FKBP5,GSTP1,JUN,PRDX3,TIGIT,GRIN2B,HMOX1,CCL5,IFI44L,CD27,PTEN,PRKAA2,PRKAG2,COX4I1,NCF2,IRF3,ENTPD1,HSP90AA1,ATP5F1A,GSS,ATP5O,MAPT,COX7A2,HAVCR2,CYBA,NR3C2,AGTR1,IL17A,GCLM,DRD1,ATP5PO,NOD2,BCL2,KEAP1,AIF1,IDH2,NCF2,MAPK1,GSTM1,AGTR1,P2RY12,TIGIT,ADRA2A,GSTO1,ASIC3,SIRT3,EDN1,SOD3,TRPA1,TACR1,NOX4,ACADVL,ALOX5,COMT,LYZ,MBP,NDUFB6,AVP,IL12B
NQO1,APP,GRIN1,TBX21,UCP1,MFN2,NCF2,DRD1,GZMB,TPH2,NAMPT,CHRNA7,OAS2,MFN2,SIRT1,MAPK14,PTGS2,GFAP,PRDX2,GRIN2B,KLRC2,ESR1,TLR9,LAMP3,IL23A,NCR1,CD160,TXN,IL4,CYP11A1,TLR2,MFN2,ACADL,DEFA5,NOX3,MC2R,CXCR4,CASP3,HADHB,GZMB,NDUFB5,HSPA1A,MSRA,CRY1,TXN2,TLR2,SLC1A2,NQO1,CXCL10,IFI6,CD28,PIK3CA,PRKAB1,PRKAG3,COX5A,NCF4,IRF7,NT5E,CACNA1S,ATP5F1B,GCLC,MT-ATP6,HTR7,CRHR2,CASP1,MPO,CRHR1,VCAM1,IL23A,GSS,MC2R,COX5B,LPS,PARP1,P2RX5,HEXB,ACO2,NCF4,MAPK8,GSTP1,CRP,TMEM119,CD28,CHRM2,MGST1,ATF4,PPARD,EDNRA,GPX3,TRPM8,NOS1,CYBA,GDF15,NDUFS1,TXNRD1,HSD11B1,MOG,SDHC,AVPR1A,ZAP70
GSS,GFAP,GRIN2A,STAT1,SOD3,OPA1,NCF4,DRD2,PRF1,DUOX2,CD38,CHRNB2,GAPDH,ACADM,KDM1A,HSP90AA1,P2RY12,AQP4,PRDX5,ADRB1,NCR1,ESR2,NFKB2,SERPING1,IL6R,PSMB8,CD244,TXNRD1,IL13,CYP21A2,TLR5,MFN1,ACADVL,REG3G,NOX5,NR3C2,CD69,CASP8,HK1,BDKRB1,NDUFB6,HSPA5,MSRB1,CRY2,LONP1,TLR9,SLC1A3,GSS,CXCL12,IFITM1,IRF9,AKT1,PRKAB2,MTOR,COX5B,RAC1,CXCL10,ADORA2A,GSK3B,BNIP3,GCLM,MT-ATP8,CHRNA4,CRY2,IL1A,XDH,CRHR2,ICAM1,IL12A,GSTP1,CCK,COX6A1,IL1R1,MAPK1,GSTP1,CSF1R,CS,CCL2,MAPK14,GPX3,MMP9,TREM2,CD8A,DBH,P2RY12,ATF6,SOD1,EDNRB,PRDX2,SCN9A,EDNRA,NCF1,CDCP1,GCLM,GCLC,CRHR1,GFAP,SDHD,TPH1,NDUFS7
GCLC,S100B,NOS1,CRHR1,MAPK14,PINK1,RAC1,GABRA1,FASLG,PNMT,PARP2,NOS1,CHD4,CD160,EZH2,HSPA5,TMEM119,TSPO,PRDX6,ADRA1A,NCR2,AR,STAT1,DDX58,IL1R1,PSMB9,EOMES,HMOX1,IL5,HSD11B1,NLRP3,LDHB,SOD1,TET1,DUOX1,FKBP4,ITGAL,PYCARD,HK2,GSS,NDUFB7,HSP90AA1,NOX4,FKBP4,CS,PYCARD,GAD1,GSTP1,NLRP3,IFITM3,MAVS,SRC,DNMT3B,RPTOR,COX6A1,RAC2,CCL2,ADORA2B,GSTP1,BNIP3L,GSTP1,MT-CYB,SCNN1A,CSF1R,CCR5,ALOX5,POMC,SELE,IL12B,KEAP1,AVPR1B,COX6B1,IL6R,MAPK8,ABCB1,CX3CL1,SUCLA2,CCR2,MMP2,GPX4,TGFBR1,ITGAM,CD4,TH,TREM2,ATP5F1A,SOD2,VEGFA,PRDX5,SCN10A,EDNRB,NCF2,LIF,TNFRSF1B,REG3G,IL22,ALDH1L1,COX4I1,TPH2,ACADM
GCLM,COMT,DDC,PRDX2,SOD2,BNIP3,RAC2,SLC6A3,MAVS,SIRT3,ACADSB,NOS3,GYS2,FASLG,CLOCK,HSPD1,ITGAM,ITGAM,HMOX1,ADRA2A,NCR3,PRDM1,STAT3,CARD9,TNFRSF1A,ATP5F1B,TOX,NQO1,CCL11,HSD11B2,MUC1,LDHA,SOD3,HDAC2,DUOX2,PTGES3,ITGB2,GZMB,PFKM,OXT,NDUFB8,PER1,DUOX1,HSP90AA1,ACO2,IL1A,GAD2,GSTA1,CASP1,EIF2AK2,RNASEL,JAK1,TET2,RICTOR,COX6B1,NOX4,CCL5,HIF1A,HADHB,COX4I1,CD86,MT-CO1,CHRFAM7A,CTH,CCR7,ALOX12,CRH,PECAM1,IL15,BACH1,CALM1,COX6C,TNFR1,MAPK14,NOX4,CD68,SOD1,TSPO,MMP9,PRDX1,SMAD2,AIF1,KLRK1,COMT,ITGAM,ATP5F1B,CAT,VEGFB,TXNRD2,OPRM1,CRHR2,NCF4,IL18,FLT4,UQCRH,MUC5AC,SLC1A2,COX5A,SLC6A4,SDHB
GSR,DBH,NPY,GRIA1,IL1A,FIS1,MPO,TAC1,IFNAR1,IFNAR1,HADH,ACE,LDHB,CD244,ARNTL,HSPA1A,AIF1,ADAR,NQO1,CHRM3,FCGR3A,TCF7,KLRK1,CARD11,CTLA4,ATP5F1C,PPARA,NRF2,CCL17,NR3C1,MUC2,IDH2,GPX4,CRY1,NQO1,HSP90AA1,CD38,FASLG,PFKP,GSR,NDUFB9,PER2,NOS2,HSPA4,IDH2,C3,GABBR1,GSTM1,GFAP,NOX4,DDX58,JAK2,TET3,AKT1,COX6C,DUOX1,CCR5,VEGFA,MTIF2,COX5A,CD40,MT-CO2,ADORA1,CX3CL1,PTPRC,ALOX15,ACTH,CRH,CD69,NOX4,GCLM,COX7A2,TNFR2,PIK3CA,HMOX1,CD86,GPX4,TREM2,IL18,PRDX2,SMAD3,TSPO,KLRD1,MAOA,CD68,AVP,GPX1,VEGFC,GCLC,OPRD1,POMC,RAC1,OSM,PER3,COX5B,TJP1,SLC1A3,COX5B,HTR1A,NDUFB3
GSTP1,TH,TNFRSF1A,NOX4,NFE2L2,SOD3,EPX,TACR1,IFNAR2,SLC6A3,CPT1A,VEGFA,MAPK14,PRDX5,PER1,TERT,CD68,MBP,NOX4,CHRNA7,NFATC1,LEF1,NCR1,NLRC4,TIGIT,ATP5F1D,PPARD,KEAP1,CCL22,NR3C2,MMP9,HK2,GSTM1,IL17A,GSTA1,HSP90AB1,HLA-DRA,FAS,PKM,TJP3,NDUFB10,CLOCK,P2RY12,TLR2,SDHA,C4A,GABBR2,XDH,ADRB1,HK1,PPARD,SOCS1,MX2,AKT2,COX7A2,DUOX2,IL12A,NOTCH1,MMP2,CS,CNTF,MT-CO3,HTR3A,CXCL10,CD28,CYP1A1,FKBP5,CRHR1,CD38,DUOX1,CHRM3,COX7C,IFNAR1,AKT1,GSS,TREM1,PRDX1,P2RY12,CXCL8,PRDX3,SMAD4,GFAP,CD19,TPH1,AIF1,AVPR1A,GPX4,FLT1,GCLM,OPRK1,MC2R,RAC2,CCL11,CUL1,NDUFS5,FFAR2,ADRA1A,COX6A1,HTR2A,NDUFA8
GSTA1,DDC,CD19,ADRA2A,PRDX1,GPX3,NOS1,CALCA,STAT2,S100A8,CPT2,KDR,HSPA9,NDUFA9,PER2,TERC,TREM2,DLG4,CYBA,ACE,FASLG,RUNX3,HLA-A,CASP1,LAG3,ATP5F1E,MSTN,NOX1,FOXO3,POMC,AKT1,HK1,KEAP1,CCL5,GSTM1,HSPA1A,HLA-DQA1,CXCL8,LDHA,VIPR2,NDUFC1,ARNTL,TMEM119,MYD88,SDHB,CCL3,HTR1A,NOX4,ADRA1A,GPI,NRF1,SOCS3,OAS2,AKT3,COX7C,CX3CR1,IL23A,DLL1,GNAS,DNM1L,NTF3,MT-ND1,HTR4,CXCL12,GPX1,CYP1B1,FKBP4,CRHR2,CD3E,DUOX2,VIP,COX8A,IFNAR2,CLOCK,ABCC1,TYROBP,TXN,CSF1R,CCL4,TXNRD1,ID1,S100B,MS4A1,TPH2,CSF1R,AVPR1B,GSR,KDR,GSS,TAAR1,NR3C2,DUOX1,CCL19,PRDM1,COX7C,AVP,ADRA2A,ATP5F1C,HTR3A,COX6B1
GSTM1,SLC6A4,PTPRC,IFNA1,FOXO3,TXN,NOS2,OPRM1,CD4,REG3G,ACAD9,EDN1,KAT2B,CD27,CRY1,AQP4,S100A9,GRIN1,NCF1,AGT,MS4A1,CREB1,HLA-B,CASP4,CD3E,ATP5MC1,MYF5,NOX4,SIRT1,CRHR1,PIK3CA,FIS1,TXNRD1,PRKAB1,GSTP1,HSPA5,TAP1,JAK1,LDHB,CRHR2,NDUFC2,CRY1,CSF1R,CLDN1,GPX4,CCL5,HTR2A,CYBA,CHRM2,DUOX1,PRKAA2,IL6R,OAS3,INSR,COX8A,P2RY12,NLRC4,DLL4,DNM1L,MFN1,NTF4,MT-ND2,TRPC1,CYBA,GPX4,CYP2E1,HSPA5,POMC,PTPRC,XDH,MAPK3,NDUFA2,IFNGR1,ARNTL,QPRT,ITGAX,TXNRD1,TMEM119,ADIPOQ,TXN,SERPINE1,BDNF,CD3E,SLC6A4,TMEM119,BAG1,TXN,FLT4,KEAP1,ADCY1,FKBP4,DUOX2,IL13,CALCRL,SNRPD1,CLDN1,ADRB1,NRF1,HTR4,COX7C
GSTO1,SLC6A3,JAK1,NOS2,CAT,TXNRD1,NOS3,OPRD1,CD8A,AGTR1,ACADM,EDNRA,GCG,POLG,NR1D1,SNCA,SLC1A3,GRIN2A,NCF2,AGTR1,CD79B,NFATC1,HLA-C,CASP5,NCR1,ATP5MC2,MYF6,CYBA,SIRT3,CRHR2,MTOR,DNM1L,PRDX1,PRKAG1,TXNRD1,HSPA8,TAP2,JAK2,SOD1,CALCA,NDUFA9,NR1D1,CSF1,OCLN,GSS,CXCL9,ADRA2A,NCF1,CHRM3,DUOX2,UQCRC1,TNFRSF1A,BAK1,IRS1,NDUFV2,TMEM119,AIM2,SOCS1,DNMT3B,MFN2,NTRK1,MT-ND3,SNCA,CYP11A1,CAT,MT1A,HSP90AA1,MC2R,CD19,SRXN1,MAPK8,NDUFA3,IFNGR2,PER2,GSR,HLA-DRA,TXNRD2,HEXB,LEP,TXN2,ICAM1,NGF,HLA-DRA,HTR1A,HEXB,BAX,TXNRD1,ICAM1,NQO1,ADCY5,HSP90AA1,CX3CR1,PRMT5,GLP2R,POLR2G,TLR5,ADRB2,TFAM,TTR,UQCR11
NOX4,SLC6A2,JAK2,LYZ,C3,GSTP1,XDH,DBH,CD19,UCN2,ACADVL,EDNRB,IFIH1,SIRT3,RORA,HTR2C,AQP4,GRIA1,NCF4,EDN1,IGHM,ELK1,HLA-DRB1,GSDMD,FCGR3A,ATP5MC3,MYOD1,CYBB,IDH2,AVP,SIRT1,CS,PRDX2,VCAM1,KEAP1,SGK1,PSMB8,TYK2,SOD2,CD69,NDUFA10,AVPR1A,NGF,TJP1,NQO1,OAS2,DRD2,NCF2,CHRNA3,NOS2,UQCRC2,IL2,BCL2L1,IRS2,NDUFV3,ITGAM,RIPK1,SOCS3,LAG3,NRF1,NTRK2,MT-ND4,PNOC,CYP11B1,UCP1,MT2A,HSPA1A,NR3C1,NDUFB8,GSTA1,PIK3CA,NDUFA4,CD14,CRY1,CCL24,SLC6A4,GSR,GFAP,PPARA,CYBA,VCAM1,GDNF,IL2RA,HTR2A,C1QA,BCL2,PRDX1,VCAM1,GSTA1,PRKACA,HSP90AB1,P2RY12,USP18,TNFRSF1A,PSMC6,MUC2,CHRM2,POLG,TDO2,NDUFA5
DUOX1,HTR1A,FASLG,HTR1A,PRDX5,GSTM1,DUOX1,CARTPT,PDCD1,VIP,PC,NPPA,HSPE1,SLC25A4,IDO1,TPH2,NGF,GRIA2,TREM2,EDNRA,TLR2,XBP1,HLA-DQB1,IL1A,CD19,COX5A,MYOG,XDH,COX4I1,AVPR1A,FAS,COX5A,PRDX6,ICAM1,NFE2L2,PER1,PSMB9,SOCS1,CAT,IL23A,NDUFA11,OXT,GDNF,S100A8,NOX1,IFIT1,COMT,P2RY12,CHRNA7,NOS3,COX5A,TGFBR1,MCL1,PIK3CA,NDUFS1,AIF1,RIPK3,CXCL8,LYZ,OPA1,NGFR,MT-ND4L,PDYN,CYP17A1,UCP2,FOXO3,DNAJB1,NR3C2,SDHB,GSTM1,ACE,NDUFA5,CD16,MTNR1A,TGFBR1,HTR1A,KEAP1,S100B,PPARG,NCF1,SELP,CNTF,TLR3,DRD1,OCLN,BDKRB1,PRDX3,SELE,GSTM1,PRKCB,HSPA1A,TMEM119,EPSTI1,PYGM,EIF4G1,FKBP4,CHRM3,POLG2,IDO1,NDUFA10
DUOX2,HTR2A,ICOS,AQP4,CD68,GCLC,DUOX2,CNR1,CTLA4,LCN2,ACLY,NPPB,MFN2,MS4A1,ADAR,MAOB,NTF3,GABBR1,CX3CR1,EDNRB,TLR3,ATF6,CRP,IL18,MS4A1,COX5B,IGF1,G6PD,SDHA,AVPR1B,FASLG,COX4I1,CYBA,HSPA5,GPX2,PER2,IRF1,SOCS3,GPX1,TRPV4,NDUFA12,TPH1,AQP4,S100A9,NOX4,IFIT2,MAOA,TMEM119,CHRNB4,CYBA,SDHB,SMAD3,CD24,PIK3CB,NDUFS2,TREM2,KLRK1,CXCL9,ANGPT2,PINK1,IL1A,MT-ND5,OPRD1,CYP21A2,UCP3,SIRT2,TLR2,FKBP5,UQCRC1,NOS2,TNFSF13B,NDUFA6,CD19,ADRB1,SOD3,HTR2A,GSTA1,ALDH1L1,CPT1A,NCF2,ITGB2,IL1A,TLR4,DRD2,CLDN5,BDKRB2,PRDX6,SELP,GSTP1,PRKCD,HSPA1B,TREM2,IFI44L,GAL,MAP2K4,REG3A,NOS1,DNM1L,KMO,NFATC1
XDH,DRD1,NFATC1,ADRB1,APOE,GCLM,NOX4,FAAH,TIGIT,MSRB2,FASN,NPR1,GADD45A,PINK1,IFIT1,CACNA1C,CCL3,GAD1,P2RY12,BDKRB2,TLR9,ERN1,CXCL8,IL33,CD27,COX6A1,IGF1R,PRDX1,SDHB,AVPR2,TNFRSF1A,COMT,NOS1,TGFB1,GPX3,CLOCK,OAS2,IL7R,GPX4,COX6A1,NDUFA13,TPH2,MBP,NPY,CYBA,UQCRC1,DBH,AIF1,HTR1A,NCF1,NDUFS2,VEGFA,CD47,PIK3CD,NDUFS3,CSF1R,FASLG,CCL3,PTGS1,PPARA,IL18,MT-ND6,ADRA1A,DEFA5,ATP5F1A,TP53,MYC,FKBP4,UQCRC2,MPO,CD274,NDUFA7,CD45,CD28,CPT1A,DRD2,GSTM1,SLC1A3,CPT2,NCF4,ITGAL,IL1R1,MYD88,TRPV1,TJP1,BDNF,GSS,PECAM1,CX3CR1,PRKCG,AVP,CSF1R,IFIT1,RORA,MAPK10,FKBP5,NOS3,MFN1,KYNU,NDUFA2
CYBA,DRD2,NFATC2,EDNRA,GFAP,NQO1,CX3CR1,ADRB1,LAG3,DRD2,IGHG1,TRPA1,ACADM,ATP5F1C,IFIT3,SCN9A,CCL4,SLC1A3,TMEM119,KNG1,TICAM1,EIF2AK3,CXCL10,HMGB1,CD38,COX6B1,FOXO1,PRDX3,UQCRC1,OXTR,TNFRSF1B,BNIP3L,CX3CL1,LAG3,SOD3,CLDN1,OAS3,CD27,GSR,GLP1R,SOD1,HTR3A,NPTX2,HTR3A,CYBB,COX5A,TPH1,ITGAM,DRD1,NCF2,CPT2,FGF2,CD53,PIK3R1,NDUFS4,CD200R1,GZMB,CCL4,TREM2,PPARGC1A,IL33,UCP1,GRIA1,DEFA6,ATP5F1B,BAX,HLA-A,HSP90AA1,COX5A,PTGS2,TNFSF13,NDUFA8,CD56,IFNB1,TRPV4,COMT,GSTP1,GJA1,SLC2A1,RAC1,ITGAM,CSF1R,IRF3,VEGFR2,CDH5,CALCA,GCLC,VWF,TREM2,MAPK8,AVPR1A,AIF1,PLSCR1,SREBF1,RIPK1,CRHR2,EDNRA,MFN2,HAAO,IL2RA
AIF1,ACE,IL2RA,LCN2,GSTM1,KEAP1,CX3CL1,ADRA1A,TBX21,IL18,IGHA1,TRPV1,KDM5B,PRDX3,OAS1,TRPV1,IL12A,SLC1A2,ITGAM,VEGFA,STAT1,HSPA5,CCL2,TLR3,IGHM,COX6C,FOXO3,PRDX6,UQCRC2,ADRB1,IL1R1,BNIP3,TMEM119,TIGIT,CX3CL1,MUC2,IFIT2,CD28,GCLC,COX7A2,SOD3,HTR4,C1QA,CHRM2,NCF1,ATP5PO,TPH2,ITGAX,DBH,SOD1,ACADVL,EGF,CD63,SIRT1,NDUFS5,CD200,PRF1,IL12A,JAK2,PRKN,CASP1,UCP2,GCH1,DRD1,ATP5F1C,P2RY12,HLA-B,HSP90AB1,ATP5F1C,ALOX5,KLRK1,NDUFA9,CD68,IL7R,LDHB,OCLN,DUOX1,AQP4,SLC2A4,RAC2,CD55,CSF2,IRF7,ACE,ABCB1,CALCB,GCLM,THBS1,TMEM119,MAPK14,AVPR1B,ITGAM,PPARG,FCGR2B,CASP8,SLC6A4,EDN1,OPA1,QPRT,KLRD1
CD68,AGT,IL4,PTPN11,TXN,NOX4,P2RY12,ADRA2A,GATA3,DRD3,IGKC,TRPV4,SLC2A1,NDUFB8,OAS2,NTRK2,TGFB1,ADRB1,CD68,KDR,STAT3,CALR,CCL5,TLR9,IGHG1,COX7A2,IL15,GCLC,ATP5MC1,ADRB2,IL1RN,ATP5F1B,CD68,BTLA,P2RY12,TFF3,IFIT3,ICOS,GCLM,IL12B,GPX4,VIP,C1QB,PARP1,NCF2,MFN1,SLC6A4,C1QB,TH,SOD3,ACADM,EGFR,CD83,SIRT3,NDUFS6,CX3CL1,CD69,IL12B,POLRMT,SDHA,NLRP3,UCP3,CYP3A4,DRD2,ATP5F1D,TMEM119,HLA-C,HSPA1A,ATP5PO,ALOX12,CFTR,NDUFA10,CD80,IL15,SOD2,CLDN5,DUOX2,BDNF,HK2,NOX4,CD59,CSF3,IFNAR1,ACE2,ABCG2,CALCRL,GSTP1,THBD,P2RY12,CTLA4,UCN,CD68,ACADM,ACADVL,TRAF2,HTR3A,BDKRB2,FIS1,SLC6A3,HAVCR2
ITGAM,AGTR1,IFNA1,IFNB1,CASP1,CYBA,CSF1R,CHRM2,RORC,NR3C2,IGLC1,CACNA1C,PRDX1,MFN1,MX1,NTS,CLDN5,ADRB2,AIF1,FLT1,NFKB1,APOE,IL2RA,SELL,TLR9,COX7C,CRP,GCLM,SLC2A1,CHRNA7,IL6R,ATP5F1A,CSF1R,CD27,TMEM119,ALPI,IFI44,ICAM1,GSS,CD86,GSR,VIPR1,C3,ATM,NCF4,OPA1,POMC,C1QC,DDC,GPX3,UCP1,HGF,IL7R,IDH1,NDUFS7,BDNF,CD38,IL23A,GADD45B,SDHB,HMGB1,CPT1A,KCNJ6,DUOX1,ATP5F1E,CSF1R,B2M,HSPA1B,ATP5ME,CX3CR1,FAS,NDUFA11,CD86,IL21,HMGCS1,TJP1,OGG1,NGF,LDHA,PRKAB2,SERPING1,CCL2,IFNAR2,AGT,VCAM1,CASP3,GSTM1,F2,HEXB,LAG3,UCN2,HEXB,HADHA,TIPIN,TBK1,HSD11B2,ACE,GPX4,DRD1,COX5B
CX3CR1,NOS1,IFNB1,PRDX5,DUOX1,MPO,CSF1,CHRNA7,IL2RA,SLC25A4,KIT,SCN5A,HSD11B1,CYCS,ISG15,ACE,CDH5,ADRA1A,TSPO,ANGPT1,NFKBIA,APP,IL7R,SELP,MYD88,COX8A,IL1RN,GSS,SLC2A4,CHRM2,IL6ST,ACO2,CSF1,CD28,ITGAM,LYZ,TLR3,VCAM1,TXN,IL1A,GSTP1,NPY,C4A,ATR,PRDX2,NRF1,CRH,C4A,PNMT,PRDX1,UCP3,IGF1,IL15,IDH2,NDUFS8,NGF,CD19,IL27,SERPIND1,SLC25A4,S100B,CPT2,RELN,DUOX2,ATP5MC1,CCR2,TAPBP,HSPA5,CPT1A,CX3CL1,TRPM3,NDUFA12,TBX21,CCR7,HMGCR,ADRB1,APEX1,GDNF,PKM,PRKAG1,CFH,CCL5,CXCL10,AGTR1,ICAM1,CASP9,NFE2L2,SERPINE1,CSF1R,TIGIT,UCN3,TSPO,TRPM3,KEAP1,IKBKE,LINCADL,AGT,GCLM,DRD2,NDUFB5
P2RY12,NOS2,HLA-DRB1,PINK1,DUOX2,PRDX1,TREM2,AGT,IL7R,SST,TPSB2,HCN4,ARID1A,RELA,IFI44L,ACE2,VCAM1,ADRA2A,C1QA,TEK,TRAF6,MAPT,TGFB1,ICAM1,NFKBIA,UQCRC1,MMP9,NFE2L2,CPT1A,CHRM3,IFNAR1,TXNRD2,NGF,CD38,CD200,DEFB1,CXCR3,NDUFA2,TXNRD1,IL1R1,GSTM1,NPY1R,SERPINA3,TP53,PRDX4,ESRRA,CRHR1,C4B,SLC6A2,PRDX2,ESRRA,IGFBP3,IL18,IDH3A,NDUFA2,GDNF,MS4A1,JUN,GGT1,TFAM,TSPO,ACADVL,VMAT2,EDN1,ATP5MC2,NGF,TAP1,HSPB1,CPT2,TMEM119,GSTP1,NDUFA13,GATA3,JAK1,ACADL,ADRA1A,P2RY12,NTRK2,APP,PRKAG2,C3,CX3CL1,CCL2,EDN1,PECAM1,CAT,KEAP1,PLAT,AIF1,HAVCR2,STAR,TGM2,TRPM2,HSP90AA1,IRF9,RP11-227G15.11,AGTR1,GSS,COMT,HADHB
TMEM119,NOS3,HLA-A,P2RX7,ITGAX,PRDX6,ITGAM,AGTR1,IRAK4,NRG1,CPA3,KCNH2,ATF6,UCP3,IFI27,AGTR1,ICAM1,CHRM2,C1QB,CDH5,C1QA,SNCA,JAK1,LCK,CCL2,UQCRC2,NDUFA2,BACH1,ACADVL,TPH1,IFNAR2,TXN,GDNF,CD69,CD200R1,REG3A,ITLN1,NDUFB6,NQO1,MFN2,GSTK1,CCK,TSPO,RAD51,PRDX5,LONP1,MC2R,NGF,ACE,PRDX3,ESRRG,LEP,CCL5,IDH3B,NDUFA3,GRIN2A,ATP5F1A,JUNB,GZMB,UCP2,GFAP,ACADM,GABRB3,EDNRA,ATP5MC3,GDNF,IL7,DUSP1,ACADM,P2RY12,ABCB1,NDUFAB1,FOXP3,JAK2,GLS,ADRA2A,AIF1,COMT,APOE,PRKAG3,C5,CXCL10,IL18,NPY,VWF,CCK,HMOX1,PLAU,CD68,CD28,TLR2,BDNF,TRPM7,PTPRC,STAT2,HECW2-AS1,VEGFA,NQO1,AHR,NDUFA9
TREM2,EDN1,HLA-B,RIPK1,SOD1,CX3CL1,CD68,EDN1,TRAF6,CPT2,FCER1A,KCNQ1,FOXO3,UCP2,EIF2AK2,AGTR2,ADRA1A,CHRM3,C1QC,VCAM1,C1QB,PARK7,JAK2,FYN,CCL5,UQCRFS1,NDUFA3,P2RY12,ACADM,TPH2,IFNGR1,SLC25A10,NTRK1,KLRK1,IL34,HTR3A,PPARA,NDUFS1,HMOX1,NCF2,TXN,GCG,ITGAM,ERCC1,PRDX6,CLPP,NR3C1,GDNF,CRHR2,PRDX5,CS,LEPR,CCR5,PDHB,NDUFA4,GRIN2B,ATP5F1B,JUND,BDKRB1,UQCRC1,ALDH1L1,HADHA,CACNA1C,EDNRB,ATP5PD,NTRK2,IL7R,SGK1,ACADVL,TREM2,BAX,NDUFB1,RORC,GZMB,KYNU,CHRM2,ITGAM,SLC6A4,TPH1,PPARGC1A,IL17F,CXCL12,IL1R1,VIP,IL1A,CCKBR,NQO1,CRH,CD14,ICOS,LBP,NGF,TRPA1,GSTP1,MX2,RP11-67M24.7,KDR,PRDX5,OCLN,CD27
CSF1R,EDNRA,TAP1,F11R,AKT1,ITGAM,AIF1,EDNRA,CD40,NCF1,HDC,KCNE1,DNMT3A,CD19,RSAD2,AHCY,ADRA2A,CHRNA7,C3,ICAM1,C1QC,LRRK2,JAK3,ZAP70,CXCL10,UQCRH,NDUFA4,TMEM119,HADHA,HTR1A,IFNGR2,PRDX5,NTRK2,KLRD1,GDNF,HTR4,PPARG,NDUFS2,NFE2L2,SDHB,TXNRD1,GLP1R,ITGAX,APEX1,GCLC,PDK2,FKBP5,CNTF,MC2R,PRDX6,ACO2,ADIPOQ,IL18R1,PDK1,NDUFA5,GABRA1,ATP5F1C,FOSB,APEX1,UQCRC2,ADRA1A,HADHB,NPS,FKBP4,ATP5PF,HTR1A,CD19,PER1,HADHA,TYROBP,CYP2D6,NDUFB2,BCL6,PRF1,NCF2,CHRNA7,NGF,SLC6A2,TPH2,PPARGC1B,IL22,MBP,IL6R,CRH,CXCL8,CCL5,GSTA1,CRHR1,CCL2,CD80,CD14,GDNF,P2RX7,NCOA1,RNF213,BST1,FLT1,KEAP1,MTOR,POLG
TYROBP,EDNRB,TAPBP,JAK2,SNCA,CSF1R,TMEM119,VEGFA,CD80,IFNAR2,HPGDS,CRH,IFIT3,COX5A,CD38,AHCYL1,CHRM2,ACE,C4A,SELE,C2,REST,ATP5F1E,LAT,CXCL8,UQCRQ,NDUFA5,AIF1,HADHB,HTR2A,CCR2,PRDX3,NGFR,NCAM1,CNTF,CCK,AMPD1,SDHA,KEAP1,FASLG,PRDX1,SST,CD68,OGG1,GCLM,PDHB,FKBP4,S100B,NR3C2,TXN,IDH2,PPARG,CXCR4,PDK2,NDUFA6,GABRA2,ATP5F1D,ATF3,PCK2,CYBA,CHRM2,ACAT1,GRIA2,FLT1,ATP5MG,HTR2A,CD20,PER2,HADHB,CSF1R,AHCY,NDUFB3,MHC-I,FASLG,ACADM,ACE,GDNF,SLC6A3,CHRNA7,HK1,IL23A,MOG,TGFB1,CRHR1,CSF1,CCR2,NOX4,CRHR2,CCL5,CD86,MYD88,CNTF,NALCN,NOX4,PARP10,RP1-29C18.8,HIF1A,NOX4,AKT1,UQCRC2
GFAP,ADRA1A,CD14,SLC1A3,IL18,ALDH1L1,GFAP,KDR,CD86,C1QC,PTGS2,CRHR1,IFIT2,PRF1,MAPK1,APOE,CHRM3,AGT,C4B,PECAM1,C3,SIRT1,COX5A,PLCG1,CCR5,UQCR10,NDUFA6,CSF1R,ACLY,MAOA,CCR5,PRDX1,MBP,FCGR3A,TGFBR1,NPY,TRAP1,SDHB,PRDX1,PRDX6,PRDX2,TRPV4,CD163,HIF1A,SRXN1,LDHB,HSP90AA1,CSF1R,FKBP4,TXNRD1,OGDH,NR3C1,STAT4,PDK4,NDUFA7,GRIA1,ATP5F1E,CREB1,NFKBIA,DUOX1,CHRM3,HMGCS2,GRIK1,GABBR1,ATP5ME,DRD1,CD27,CLOCK,DLAT,CSF1,IL7,NDUFB4,MHC-II,CD274,PRDX1,BDNF,NTF3,DRD1,IFI44L,HK2,IL12A,MAG,JAK1,POMC,CSF2,CD19,CYBA,MC2R,CXCL10,CD40,TRAF6,NTF3,ABCD4,LYZ,PARP14,RP11-356I18.1,EPAS1,MPO,PIK3CA,NDUFB10
S100B,ADRA2A,CD86,PTPN6,FOXO1,MAPT,S100B,HIF1A,CD28,ACE,HIF1A,CRHR2,CRHR1,TIGIT,MAPK14,APOB,EDN1,AGTR1,GFAP,VWF,C4A,SIRT3,COX5B,ITK,C3,UQCR11,NDUFB1,CSF1,ACACA,SLC6A4,TDO2,NQO1,SNAP25,FCGR3B,TGFBR2,GCG,HSPA1A,UQCRFS1,PRDX2,CHRNB4,PRDX3,OCLN,MRC1,PRKAA2,TXNIP,PKM,HSPA1A,CSF1,HSP90AA1,TXNRD2,SUCLA2,ESR1,JAK1,ACLY,NDUFA8,GRIA2,ATP5MC1,NFKB1,GSS,DUOX2,AGT,HMGCL,GABRA2,GABRA1,ATP5PB,DRD2,IGJ,ARNTL,DLD,IL34,EBF3,NDUFB5,TAP1,CD27,PRDX6,NOS1,CNTF,DRD2,IFI44,GPI,IL12B,MMP9,JAK2,MC2R,ADRB1,CD200,OGG1,NR3C1,CX3CL1,CD40LG,OCLN,NTF4,ACTR3,FH,DTX3L,RGS4,VWF,UCP1,PTEN,SIRT3
AQP4,ADRB1,CD80,CD226,C1QC,NGF,BDNF,EPAS1,NDUFS1,S100B,EPAS1,POMC,CD274,BTLA,AKT1,APP,EDNRA,EDN1,S100B,CRH,C4B,PGC1A,COX6A1,MAPK1,C4A,NDUFV1,NDUFB2,ITGAM,FASN,DBH,ACMSD,NOS2,DLG4,GZMA,AIF1,SST,HSPD1,COX4I1,PRDX3,CASQ2,PRDX6,CLDN1,IL1A,VEGFA,GLRX,HK1,EIF2AK2,IL34,HSP90AB1,GSR,PPARA,AR,JAK2,ACACA,NDUFA9,SLC1A2,ATP5MC2,STAT1,MMP9,GCLC,EDNRA,BDH1,GABRG2,GABRB2,ATP5PO,CHRNA7,IGHG1,CRY1,OGDH,CD68,ALDH2,NDUFB6,TAP2,CD3E,ABCG2,NOS2,GFAP,HTR1A,IFI27,PFKM,IL18,CASP1,TYK2,STAR,ADRB2,CD200R1,APEX1,NR3C2,GFAP,BTLA,CLDN1,NTRK1,AKAP10,HSP90AB1,GBP1,RP11-470M1.2,MAPK8,CD200,HIF1A,SDHC
ALDH1L1,ADRB2,ITGAX,IL1RN,S100B,GDNF,NGF,VWF,NDUFS2,CHRNB2,VEGFA,MC2R,ADRA1A,OPA1,PIK3CA,BIN1,VEGFA,EDNRA,ALDH1L1,CRHR1,C5,PPP3CA,COX6B1,MAPK3,C1QA,NDUFV2,NDUFB3,CD68,DGAT1,COMT,IL2RA,NCF2,GRIA1,KLRB1,MOBP,MTOR,IL18BP,COX5A,PRDX5,TJP2,NOS2,TJP1,ADRA1A,INSR,GSTA1,PFKM,EIF2S1,CX3CL1,HSPA1A,GSS,GSS,MMP9,SOCS1,ACACB,SOD3,SLC1A3,ATP5MC3,STAT3,PROCR,GCLM,EDNRB,SLC16A1,CHRNA5,GAD1,COX4I1,CHRM1,IGHD,CRY2,SUCLA2,ITGAM,VDR,NDUFB7,TAPBP,ICOS,ACAT2,EDNRA,AQP4,HTR2A,IFI6,ALDOA,IL15,NLRP3,SOCS1,CYP11A1,ADRA1A,CD274,GADD45A,FKBP4,S100B,CD160,TJP1,NTRK2,ANAPC11,JAK2,GBP2,SCN1A-AS1,MAPK14,CD200R1,EPAS1,RORC
SLC1A2,CHRM2,CCR5,MICA,NLRP3,MMP9,GDNF,ICAM1,NDUFS3,PRKAA2,VEGFB,NR3C1,CAT,KLRK1,MTOR,BDKRB1,KDR,BDKRB2,SLC1A2,CRHR2,CFB,ITPR1,CYCS,MAPK8,C5,NDUFV3,NDUFB4,TLR2,PLIN1,ACHE,CD28,NCF1,GRIA2,NCR1,MAG,AKT1,IL1R2,PPARG,PRDX6,CD274,HMOX1,MUC2,CHRM2,IRS1,GSTM1,ACADVL,ATF4,CCL5,HSPA1B,GCLC,GPX3,TIMP1,SOCS3,CPT1A,CX3CL1,TNF,COX4I1,CTLA4,FLT1,GPX2,BDKRB1,SLC16A7,KCNK9,GAD2,COX5A,GABRA1,TRBC1,TLR2,SUCLG1,AIF1,MAPK14,NDUFB8,HIF1A,TNFRSF9,CAT,EDNRB,CLDN5,HAVCR2,OASL,TPI1,CCL5,ADRB1,SOCS3,CYP17A1,ADRA2A,CD38,GADD45B,FKBP5,TSPO,IL7,MUC2,NGFR,APP,ATP5F1D,IFI35,RP5-1142A6.9,CRH,TMEM119,SIRT1,NDUFS6
SLC1A3,CHRM3,CCR7,GJA1,PRDX3,PTGS2,NTRK1,VCAM1,UQCRC2,NLRP3,VEGFC,NR3C2,DBH,FIS1,PPARA,BDKRB2,TEK,PTGIS,SLC1A3,POMC,CFH,RYR1,UQCRC1,MAPK14,IL1A,NDUFS2,NDUFB5,S100B,ADIPOQ,BCHE,DOCK8,ME2,GRIN1,NCR3,ADRA1B,FOXO1,CCL11,UCP1,MSRA,GRIA2,NFE2L2,REG3A,CHRM3,IGF1,GSTT1,HADHA,XBP1,IL1A,HSPA8,GCLM,KEAP1,ICAM2,ICOS,CPT1B,ADRA1A,IL1A,COX5A,CD40,TSC2,GPX3,VIPR1,SLC25A20,AQP4,GCG,COX5B,GRIN1,TRAC,MUC2,FH,GFAP,MTR,NDUFB9,HIF1B,BTLA,C3,VEGFA,CDH5,BTLA,ISG15,GAPDH,CXCL9,ADRB2,SDHB,CYP21A2,CHRM2,CD4,TP53,SERPINA6,C1QA,IL7R,REG3G,GFAP,ARPC5,HMOX1,IFITM1,DNAJB8-AS1,CRHR1,ITGAM,SIRT3,GZMA
OCLN,CHRNB4,IL7R,CD200R1,GPX4,PTGES,NTRK2,PECAM1,COX4I1,S100A9,KDR,FKBP4,PCK1,MIF,SIRT3,BCL2,ANGPT1,TBXA2R,BDNF,MC2R,CFI,CACNA1C,UQCRC2,JUN,IL1RN,NDUFS3,SDHA,NGF,LEP,SLC18A2,STAT5A,ME1,GRIN2A,CD19,ADRA2B,FOXO3,CCL17,UCP2,MSRB1,KCNJ5,KEAP1,LYZ,NOS1,IGF1R,ITGAM,VDAC1,HSPA5,TNFRSF1A,AVP,NQO1,GCLM,VCAM2,CD27,CPT2,CRHR1,NLRP3,COX5B,CD80,PLAT,GPX4,RAMP1,PPARGC1A,CACNG2,GCLC,COX6A1,GRIN2A,BCL2,OCLN,MDH2,S100B,FASLG,NDUFB10,EPAS1,CD247,PRDX5,KDR,CCL21,CD160,IFIT1,PGAM1,IFNAR1,ADRA1A,UQCRC1,HSD11B1,CHRM3,CD69,ATM,HSD11B1,C1QB,IL15,DEFA5,S100B,ARPC1B,ACO2,IFITM2,SUPT4H1P1,CRHR2,CRHR1,PDK1,NDUFB9
CLDN5,CHRNA7,IL15,ZAP70,CX3CR1,ALOX5,NTRK3,BMPR2,COX6A1,CLDN1,FLT1,FKBP5,ZBP1,NOS2,FOXO3,BAX,REN,VIP,NGF,NR3C2,CD55,SCN5A,SDHA,FOS,NDUFS2,NDUFS4,SDHB,GDNF,LEPR,TH,STAT5B,KEAP1,GRIN2B,CD22,ADRA2C,HIF1A,CCL19,UCP3,MSRB2,CD80,CYBA,CD3E,EDN1,PIK3CA,P2RY12,GSR,ERN1,GFAP,AVPR1A,HMOX1,TXNRD1,CCL5,CD28,ACADM,TLR2,CASP1,COX6A1,CD86,BNIP3L,GSR,NPY,PPARA,GRIK2,GCLM,COX6B1,GRIN2B,BAX,CLDN1,GOT2,GDNF,MTRR,NDUFC1,SIRT1,IL12A,GFAP,FLT1,IL1R1,CD244,IFIT3,ENO1,IFNAR2,ADRA2A,COX4I1,HSD11B2,DRD1,CD8A,CX3CR1,HSD11B2,C1QC,IL15RA,DEFA6,MBP,BRD1,BDKRB1,IFITM3,RNU6-809P,POMC,CRHR2,LDHA,NCAM1
TJP1,NPY,IL12A,COX4I1,P2RY12,ALOX12,MBP,NPPA,ATP5F1A,CTLA4,EDNRA,SERPINA6,CDKN1A,TYROBP,PINK1,CASP3,AGT,VIPR1,GDNF,FKBP4,CD59,KCNQ1,SDHB,CD69,NDUFS3,NDUFS5,SDHC,NTF3,PPARA,DRD1,JAK3,GSTP1,GABRA1,CD79A,CHRM1,EPAS1,CCL22,CPT1A,MSRB3,ATP5F1E,NOX4,IDO1,ACE,AKT1,TMEM119,PRDX2,ATF6,ALDH1L1,AVPR1B,GSTA1,TXN2,CXCL8,CD38,ACADL,PRKAA2,PYCARD,COX6B1,HLA-DRB1,GPI,GSS,NPY1R,PPARG,OXTR2,GDNF,COX6C,GRIA1,FAS,GCG,SLC25A20,IL1A,APOE,NDUFC2,SIRT3,IL12B,IDO1,AGT,TNFRSF1A,EOMES,CD24,PKM,IFNGR1,CHRM2,ATP5F1A,NR3C1,DRD2,CDNF,P2RY12,AVPR1A,C3,IL21,HTR3A,MAG,CD2BP2,NFKBIA,TRIM5,HMGB3P23,MC2R,POMC,LDHB,IL18
CDH5,VIP,IL12B,DRD1,C1QB,MAPK1,CXCL12,NPPB,ATP5F1B,UCN,AQP4,HSD11B1,C3,GCLM,PTGS2,CASP8,ACE,CALCRL,CDNF,HSPA1A,PPARGC1B,HCN4,SDHC,CD80,NDUFS7,NDUFS6,SDHD,CNTF,PPARG,DRD2,PTPN22,GSS,GABRB2,CD79B,CHRM2,ESRRA,CD46,CPT2,NOX4,FFAR2,NCF1,KYNU,KDR,AKT2,AIF1,PRDX5,DDIT3,SLC1A2,TLR2,GSTM1,PRDX3,IL12B,LCK,ACADVL,DNMT3A,P2RX7,COX6C,HLA-A,TGFB1,GSTP1,TAC1,TFAM,CHRM1,GIP,COX7A1,GRIA2,CASP3,CCK,ESRRA,IL1R1,CYP1A1,NDUFS4,PGC1A,IL23A,GSTM1,NR3C2,IL6ST,TOX,CD38,LDHA,IFNGR2,CHRM3,NRF1,FKBP5,HTR1A,CHRM2,TMEM119,AVPR1B,C4A,IL21R,HTR4,MOG,CHD1L,GSS,TRIM25,RP4-738P15.6,NR3C1,MC2R,PKM,NDUFC2
ICAM1,CALCRL,IL23A,GCLM,C1QA,MAPK3,CXCR4,NPR1,ATP5F1C,NPY1R,SLC1A2,HSD11B2,FFAR2,HEXB,TMPRSS2,FAS,AGTR1,RAMP1,MANF,HSPA1B,NRF1,NPPA,SDHD,CD86,NDUFS8,NDUFS7,UQCRC1,CASP1,IGF1,DRD4,DIABLO,GSR,SLC1A3,MS4A1,CHRM3,ESRRG,CD55,ACADM,DUOX1,PRDX5,NCF2,KMO,FLT1,PTEN,HEXB,TXNRD2,CREB1,SLC1A3,OCLN,GSTP1,GSTA1,IL23A,ZAP70,HADHA,CACNA1D,GFAP,COX7A1,HLA-B,CD79A,HMOX1,TACR1,NRF1,GRIN2B,GLP1R,COX7C,SLC6A3,CASP8,PYY,FOXO3,IL1RN,TP53,NDUFS5,TFAM,IL18,HMGCS2,FKBP4,KYNU,BATF,FOXO1,LDHB,JAK1,CHRNA7,ESRRA,FKBP51,HTR2A,CHRNB2,TREM2,OXT,C4B,KLRK1,VIP,OLIG1,ETS1,OXT,TRIM56,RP11-1191J2.5,NR3C2,NR3C2,HK1,PDK1
VCAM1,RAMP1,CD3D,RIPK3,TRAF6,MAPK8,TLR2,REN,ATP5F1D,TLR3,SLC1A3,AVPR1A,SMARCA4,CYBA,BST2,FASLG,TRPV1,NPY,CXCL8,HSPA5,TFB1M,NPPB,NDUFA2,ICOS,NDUFV1,NDUFS8,UQCRC2,IL18,IGF1R,ADRA1A,HTRA2,GPX4,SLC6A3,BLNK,NOS1,PDK1,CD59,ACADVL,DUOX2,IL22,CX3CR1,AADAT,EPAS1,CPT2,CSF1R,KEAP1,CREB3,AQP4,CLDN1,MGST1,GSTP1,RORC,NFATC1,HADHB,MDM2,S100B,NDUFB1,TGFB1,DBP,KEAP1,HTR1A,NRF2,GRIA4,GPX4,COX8A,SLC6A2,TP53,NPY,MTOR,CCL3,BHMT,NDUFS6,NAMPT,IL2,NGF,HSP90AA1,KMO,KLRD1,FOXO3,PDK1,JAK2,ACE,PRKAA1,SGK1,NOS3,CLDN1,CSF1R,OXTR,ADRA1A,KIR2DL1,NPY,OLIG2,EIF4G1,HTR2A,SAMHD1,ABTB2,FKBP5,FKBP4,HK2,BATF
SELE,VEGFA,CD3E,GZMK,UCP3,MAPK14,MYD88,EDNRB,ATP5F1E,DEFA5,ANXA2,AVPR1B,ATF4,GSTP1,IFITM3,TP53,KCNQ1,NPY1R,CCL5,HSP90AA1,TFB2M,NPR1,NDUFB1,PDCD1LG2,NDUFV2,NDUFA2,UQCRFS1,TGFB1,INSR,ADRA2A,VHL,GCLC,SLC6A2,TICAM1,EDNRA,PDK2,TSPO,HADH,IDO1,RAC2,P2RY12,ACMSD,VWF,MDH1,C1QA,GCLM,MAPK8,MBP,CLDN5,CX3CL1,CYBA,TBX21,NFATC2,HK1,PDK1,TSPO,NDUFB2,CD19,JAK3,NFE2L2,HTR2A,SIRT1,KCNK3,GRIA1,CYCS,COMT,MDM2,TPH1,CD247,CCL4,HNMT,NDUFS7,SIRT1,IL7,LDHA,CRHR2,HAAO,NCR3,SLC1A3,PDK2,TYK2,BDKRB1,PRKAA2,PER1,EDN1,CLDN5,AIF1,UCN,ADRA2A,KIR3DL1,CCK,RBFOX3,FBXL13,TNFSF13B,APOBEC3F,RP11-370B11.4,FKBP4,SGK1,GPI,UQCRB
SELP,FLT1,CD3G,POMC,UCP2,JUN,TRAF6,POMC,ATP5MC1,DEFB1,ANXA5,OXT,GAD1,NOS1,APOE,MDM2,NR3C2,POMC,CX3CL1,HSP90AB1,POLG,EDNRA,NDUFB2,TIGIT,SDHC,NDUFA3,UQCRH,BIN1,IRS1,NPY,EGLN1,CYBA,ADRA1A,IRAK4,EDNRB,LDHA,TGFB1,CS,IDO2,PYY,TREM2,QPRT,ICAM1,NOX4,C1QB,GSTA1,MAPK9,ADRB2,TJP1,P2RY12,NCF1,GATA3,SDHA,HK2,TXN,TPH1,NDUFB3,CD3E,NOD1,NOX4,DRD1,SIRT3,KCNQ1,GRIA2,UQCRC1,ACHE,PARP1,TPH2,BCL2,CXCL9,MAT1A,NDUFS8,AUTOPHAGY,IL15RA,P2RX4,POMC,QPRT,FCGR3A,SLC1A2,PDK4,SOCS1,BDKRB2,SLC25A4,PER2,EDNRA,CNR1,ITGAM,UCN2,CHRM2,KIR2DS1,EDN1,SNAP25,GABPA,FLT1,APOBEC3G,RP3-359N14.1,BAG1,NGF,PFKM,CPT2
GRIN1,KDR,LCK,SRC,NQO1,FOS,MAPK1,CRH,ATP5MC2,NOS3,ENO1,OXTR,CD68,TXN2,TAP1,CDKN1A,HSP90AA1,PENK,CSF1,HSPB1,POLG2,EDNRB,PPARG,CD244,SDHD,NDUFA4,COX4I1,CD33,PTEN,NPYR1,EGLN2,TREM2,ADRA2C,TRAF6,ACE,LDHB,TGFB2,ACO2,TDO2,NFATC1,CSF1R,HAAO,VCAM1,TXNRD1,C1QC,GSTP1,NREP,ADRA1A,TJP2,CSF1R,NCF2,FOXO3,SDHB,PFKM,HMOX1,TPH2,NDUFB4,CD4,CRHR2,NQO1,DRD2,CD4,KCNK2,GRIN1,UQCRC2,BCHE,XRCC5,SLC6A4,BAX,CXCL12,NAT2,NDUFV1,PINK1,IL21R,GLS2,MC2R,ADRB1,FCGR3B,GABBR1,CS,SOCS3,NOS1,CPT1A,CLOCK,VEGFA,CNR2,BDNF,UCN3,CHRM3,KLRC1,VEGFA,DLG4,PEX16,TSC2,CD55,CYP4Z2P,HSP90AA1,NTRK1,GAPDH,NDUFS2
GRIN2A,HIF1A,ZAP70,S100B,CSF1R,CASP1,MAPK3,CRHR2,ATP5MC3,CLDN3,IFIT5,UCN,PARP2,NCF4,CCL5,PTEN,HSPA1A,PDYN,CSF1R,BAG1,TWNK,PTGS2,PDP1,BTLA,UQCRC1,NDUFA5,COX5A,MBP,PIK3CA,NPYR2,EGLN3,TMEM119,CHRM3,JAK1,AGT,PKM,TGFBR1,IDH1,KYNU,NDUFA2,TMEM119,NAMPT,SELE,TRPM7,C3,GSTM1,MTHFR,CHRM2,MUC2,CSF1,NCF4,SIRT3,ATP5MC1,PFKP,NR3C1,HTR1A,NDUFB5,CD8A,SERPINE1,PRDX1,COMT,CD8A,NPY,GSR,UQCRFS1,TPH1,XRCC6,HTR3A,CASP1,CXCR4,CBS,NDUFV2,PRKN,CCL5,TXN,STAT5A,ADRA1A,GZMA,GABRA1,ACO1,PIAS1,NOS2,CPT1B,ARNTL,KDR,CNTF,GDNF,NPY1R,ACE,KLRD1,VEGFB,GRIN1,POLR2G,TRPA1,CD59,MTCO2P18,HSPA1A,NTRK2,ENO1,NDUFV3
ADRA1A,EPAS1,LAT,IRF7,TMEM119,IL33,MAPK8,MC2R,ATP5PB,ATP5F1C,ITGB1,UCN2,BST2,GSS,CXCL9,PIK3CA,HSP90AB1,OPRD1,CSF2,STIP1,NDUFA2,PTGIR,PDK2,CD160,UQCRC2,NDUFA6,COX5B,MOG,MTOR,TRPV1,SLC2A1,S100B,CHRNA7,JAK2,AGTR1,ENO1,TGFBR2,IDH2,KMO,RAMP1,HEXB,PARP1,ANGPT1,TRPA1,C4A,P2RY12,MTR,CHRNA7,MUC5AC,TYROBP,RAC1,ATG5,COX7C,PKM,FKBP5,HTR2A,NDUFB6,KLRK1,NRF1,PRDX2,DBH,CD19,POMC2,GSS,UQCRH,ADRA1A,ATM,HTR4,CASP3,MMP9,CCR5,NDUFV3,BNIP3,CCL3,DUOX1,STAT5B,CHRM2,FASLG,HTR3A,ACO2,IDO1,NOS3,ACADM,CRY1,FLT1,COX4I1,TGFB1,NPY2R,AGT,NCR1,VEGFC,GRIN2A,PDCD2,PLAT,CFH,RP1-29K1.6,JUN,HTR1A,PGAM1,NLRP3
ADRA1B,CRH,CD28,TICAM1,TXNRD2,ADRA1A,MAPK14,NR3C2,ATP5PD,PRDX3,KIF5B,UCN3,DNMT1,SOD3,CD69,AKT1,CRHR2,OPRM1,CSF3,HSD11B1,NDUFA3,TBXA2R,PDK4,EOMES,UQCRFS1,NDUFA7,COX6A1,SYP,RPTOR,OPRM1,LDHA,P2RY12,ACE,STAT5A,BDKRB1,GAPDH,MPO,OGDH,MTOR,DDC,AIF1,DPP4,ANGPT2,TRPC3,C4B,ITGAM,MTRR,DBH,REG3A,C1QA,RAC2,BECN1,VDAC1,LDHA,FKBP4,COMT,NDUFB7,KLRD1,EZH2,PRDX3,NR3C2,CD56,CHRM3,HCN4,UQCRQ,CHRM2,BRCA1,FFAR2,TRPV1,NLRP3,CYP3A4,SDHC,NIX,CCL4,DUOX2,AVPR1A,CHRM3,NCAM1,ASIC3,IDH1,KYNU,EDN1,ACADVL,AVP,ANGPT1,COX5A,NLRP3,NPY5R,AGTR1,NCR2,KDR,GRIA1,KHSRP,GYS1,CFB,RP11-740N7.4,SLC6A4,HTR2A,ACLY,EOMES
ADRA2A,CRHR1,UCP2,DLAT,NTF3,CHRM3,ADRB1,FKBP4,ATP5PF,AVPR1A,NDUFS8,TJP1,GFAP,NCF2,IFIH1,MTOR,POMC,OPRK1,CSF3R,HSD11B2,NDUFB1,FGF2,PDHB,GZMA,UQCRH,NDUFA8,COX7A2,DLG4,TSC1,OPRD1,NDUFB3,OLIG2,AGTR1,STAT5B,MC2R,EIF2AK1,IDO2,DLST,AKT1,CHRM3,GFAP,AGER,TEK,ACE,S100B,AIF1,MMADHC,TH,DEFB1,C1QB,NOS1,SQSTM1,CPT1A,LDHB,OCLN,DRD2,NDUFB8,NCR1,C5,PRDX5,CRHR2,GZMB,KCNH2,HSD11B1,SDHA,CHRM3,MTOR,FFAR3,VHL,CASP1,CASP3,SDHD,ULK1,CXCL9,SOD1,AVPR1B,CHRNB2,KIR2DL1,TSPO,IDH2,HAAO,EDNRA,ECHS1,AVPR1A,ANGPT2,CRH,CASP1,PENK,EDN1,NCR3,FLT1,GABBR1,REPIN1,TYK2,C1S,RP11-256L6.2,COMT,DRD1,DNMT1,CTLA4
ADRA2B,CRHR2,SLC25A4,GRIN2B,TXNRD1,CHRNA7,ADRB2,HSP90AA1,ATP5PO,HSP90B1,PDIA3,OCLN,COX4I1,NGF,DDX58,PRKAA1,MC2R,HTR1A,ADRB1,AVP,NDUFB2,FGFR1,ACO2,GZMH,COX5A,NDUFA9,ATP5F1A,GRIN1,TSC2,BDKRB1,NDUFS1,OLIG1,EDNRA,SOCS1,AVPR1A,EIF2AK2,HAAO,SUCLG1,PIK3CA,NGF,S100B,S100A8,PDGFA,AGTR1,ALDH1L1,AQP4,MMACHC,DDC,LYZ,C1QC,XDH,PARK2,PDK2,PCK1,MTOR,DRD3,NDUFA2,GZMB,BAG1,PRDX6,FKBP4,PRF1,KCNMA1,HSD11B2,SDHB,ACE,PIK3CA,VIP,EPAS1,P2RX7,CYP2C19,UQCR10,ATG5,CXCL11,TRPM8,OXTR,EDNRA,KIR2DL3,DRD4,OGDH,KMO,EDNRB,HADHA,OXT,TEK,CRHR1,IL1R1,PDYN,EDNRA,FCGR3A,ANG,GAD1,UQCRH,DBP,C2,ANKRD20A4P,TPH1,DRD2,DNMT3A,IL15
ADRA2C,POMC,CYCS,ALDH1L1,AIF1,ACHE,ADRA1A,STAT5B,NRF1,PRDX2,PSMA1,CLDN1,DNAJB1,TXN,DHX58,SIRT1,NGFR,HTR2A,ADRB2,AVPR1A,NDUFS2,IGF1,IDH2,CCR5,COX5B,NDUFA10,ATP5F1B,GRIN2A,AMPK,CALCA,UQCRC1,NGF,EDNRB,SOCS3,AVPR1B,EIF2AK3,ACMSD,SUCLA2,PTEN,IL2RA,ALDH1L1,S100A9,PDGFB,EDN1,SLC1A3,NGF,CBS,HTR1A,LCN2,CD200,MPO,PINK1,IDH1,PCK2,SIRT1,OPRM1,NDUFA3,PRF1,TWNK,SOD1,CYP11A1,CD16,GRIK5,HSP90AA1,SDHC,AGT,AKT1,VIPR1,SLC16A1,C1QA,IL7R,UQCR11,LC3,CXCL13,TNIP1,UCN,AGT,KIR3DL1,CACNA1C,SUCLA2,QPRT,VEGFA,HADHB,BDNF,PDGFB,CRHR2,GFAP,PNOC,EDNRB,PRF1,ANGPT1,SLC1A2,NDUFB9,OGDH,C3,PGPEP1,TPH2,ADRB1,DNMT3B,NDUFS4
ADRB1,MC2R,IDH2,NDUFS7,GPX3,CHAT,ADRA2A,AVPR1B,TFAM,CX3CR1,HLA-DRB1,CLDN3,PPARG,IL34,PSMB8,SIRT3,SGK1,CRH,ADRA1A,AVPR1B,NDUFS3,IGF1R,IDH3A,CXCL9,COX6A1,NDUFA11,ATP5F1C,GRIA2,PRKAA1,TAC1,UQCRC2,MOG,KDR,NFKB2,UCN,EIF2AK4,QPRT,SDHC,MAPK1,ATP5MC2,SLC1A3,S100A12,PDGFRB,EDNRA,SLC1A2,IL6R,CTH,BDKRB1,TPH1,CD200R1,ALOX5,MAPK8,MDH1,FBP1,HDAC1,CNR1,NDUFA4,FASLG,ALOX12,SOD3,CYP21A2,CD3E,VGLL3,HSP90AB1,SDHD,AGTR1,MAPK1,VIPR2,SLC16A3,C1QB,NAT1,UQCRB,P62,CCR4,GSTO1,UCN2,AGTR1,KIR3DL2,HDAC1,SUCLG1,TDO2,KDR,ACADS,NTRK2,ACE,CS,S100B,OPRK1,VEGFA,GZMB,ANGPT2,SLC1A3,NDUFA11,CRHR2,C4BPA,RIT2,HTR3A,ADRB2,TET1,UQCRQ
ADRB3,NR3C1,SDHC,RELB,C4B,SLC18A3,CHRM2,AVPR1A,PPARA,STIP1,IL12A,CLDN4,KDM6B,XDH,PSMB9,STUB1,MUC2,CRHR1,ADRA2A,TLR2,SDHB,TGFBR1,OGDH,CXCL11,COX6B1,NDUFA12,ATP5F1D,C1QA,PRKAA2,TACR1,COX4I1,MBP,FLT1,RELB,UCN2,CAMK2A,FCGR2B,SDHD,MAPK3,COX5B,BDNF,HMGB1,PECAM1,CACNA1C,IL8,TNFRSF1A,GSS,BDKRB2,HTR3A,ITGAM,ALOX12,MAPK14,CS,PYGM,EZH2,FAAH,NDUFA5,CASP3,HLF,TXN,CYP11B1,CD14,ASIC3,HSPA1A,NDUFV1,EDNRA,MAPK3,CALCA,SLC16A7,C1QC,BCL2,UQCRFS1,NLRX1,CCR6,TDO2,UCN3,VEGFA,PRKAA2,HDAC2,SUCLG2,TPH1,FLT1,ACAT1,MAOA,AGT,CSF1R,ALDH1L1,OPRM1,KDR,GZMA,TEK,AQP4,COX8A,RHEB,C4BPB,TRUB2,HTR4,ADRA1A,TET2,COX6C
CHRM1,NR3C2,SDHD,CRHR2,GPX1,ACE,CHRM3,UCN,PPARG,CHRM1,IL12B,MUC2,CRP,NCF1,TAP2,PINK1,REG3A,CRHR2,CHRM2,MUC2,SDHC,TGFBR2,SUCLA2,CCL3,COX7A2,NDUFA13,ATP5F1E,C3,APP,NMB,COX5A,MAG,TEK,IKBKB,UCN3,MAPK1,C1QB,UQCRC1,MAPK8,RAC1,NGF,MBL2,CDH5,SCN5A,MBP,TJP1,AHCY,AGTR1,HTR4,TMEM119,ALOX15,NFE2L2,ACLY,GYS1,BCL2,TRPV1,NDUFA6,CASP8,SLC1A2,TXNRD1,AVP,TBX21,TBX21,HSPA8,NDUFV2,BDKRB2,MAPK8,CALCB,PPARA,C3,MTHFR,UQCRH,TRIM5,IL1R2,PDK1,CLDN1,KDR,PRKAB1,CRP,FH,TPH2,TEK,ACAT2,COMT,AGTR1,CTLA4,SLC1A2,OPRD1,FLT1,GZMH,PRRX1,COMT,NDUFB3,TGFBR1,CR1,RAB11A,VIP,ADRA2A,TET3,NDUFB6
CHRM2,FKBP4,COX4I1,RELA,C4A,AGT,CHRNA7,UCN2,PPARGC1A,STAT3,CCR5,DEFB1,CASP9,C1QC,HLA-E,PARK2,VIP,MC2R,CHRM3,DEFA5,SDHD,SMAD2,SUCLG1,CCL4,COX8A,NDUFB1,ATP5PB,C4A,BACE1,NMBR,COX6A1,ITGAM,ANGPT1,NFKBIA,CRHBP,MAPK3,C1QC,NOX4,MAPK14,CASP1,GDNF,FCN1,THY1,KCNQ1,MOG,CDH5,MAT1A,EDN1,PCK1,HEXB,PTGS1,KEAP1,ACACA,GYS2,CASP3,CACNA1C,NDUFA7,BCL2,CALCA,XDH,AVPR1A,GATA3,GATA3,HTR3A,NDUFV3,CALCRL,MAPK14,IDO1,PPARD,ADRB1,NRXN1,UQCRQ,BST2,IL1RN,CPT2,TJP2,FLT1,PRKAB2,IL1RN,MDH1,SLC6A4,ICAM1,PDK1,DBH,REN,CX3CL1,SLC1A3,TLR5,ICAM1,FASLG,NOTCH1,DBH,COX7C,BAG1,CR2,WBP1LP1,VIPR1,CHRM1,HDAC1,NDUFB8
CHRM3,FKBP5,COX5A,CD244,FKBP4,AGTR1,EDN1,UCN3,PPARGC1B,GDNF,KLRC1,LYZ,NTS,S100B,CD14,DRD1,NPY,NR3C1,CHRNA3,DEFA6,UQCRC2,SMAD3,SLC25A4,NFATC1,ATP5F1B,NDUFB2,ATP5MC1,CX3CL1,MAPT,GRIA1,COX6B1,IL1A,ANGPT2,PYCARD,SERPINA6,MAPK8,C1R,DUOX1,STAT1,DUOX1,NTRK2,C1QA,EDNRA,TH,PLP1,CSF1,BHMT,EDNRA,PCK2,MRC1,BACH1,TXNRD1,FASN,NFE2L2,NDUFA10,ADRA1A,NDUFA8,BAX,VWF,ATF4,AVPR1B,RORC,IL23A,HTR4,NDUFS1,RAMP1,SLC2A1,MTHFR,PPARG,ADRB2,HLA-DRB1,PDHB,MX1,NLRC4,NCF1,MUC2,KCNJ5,PRKAG1,IL10RA,MDH2,HTR1A,VCAM1,PDK2,TLR2,BDKRB1,CX3CR1,CLDN5,NOD1,VCAM1,TNFSF10,HIF1A,TH,NDUFA6,GATA3,PTGER4,RP11-757G1.5,VIPR2,CHRM2,HDAC2,NDUFS5
CHRM4,HSP90AA1,UQCRC1,PLCG1,TAC1,EDN1,EDNRA,CYP11A1,UCP1,CXCL10,JAK1,LCN2,NGF,GDNF,TLR3,DRD2,CALCA,NR3C2,CHRNA7,LYZ,COX5A,SMAD4,CPT1A,NFATC2,ATP5F1C,NDUFB3,ATP5MC2,CCL5,APOE,GRIK1,COX7A2,IDO1,VWF,IL1A,HSD11B1,MAPK14,C1S,DUOX2,STAT3,HCN4,HTR1A,C1QB,EDNRB,DBH,MAG,CD33,NOS1,EDNRB,FBP1,MSR1,MAF,GSR,SLC25A1,KEAP1,NDUFA11,ADRA2A,UQCRB,TNFRSF1A,TRPV4,ATF6,TLR2,FOXP3,CD3E,KCNH2,NDUFS2,SCN9A,SLC2A4,CYP1A1,CPS1,ADRA1A,MTOR,DLD,OAS1,IL1A,C1QC,MUC5AC,SCN5A,PRKAG2,IL10RB,SLC2A1,HTR2A,SELE,PDK4,MUC2,BDKRB2,CXCL10,ABCB1,NOD2,SELE,CX3CL1,EPAS1,TPH1,FASLG,ALOX12,PTGS2,RP11-123K3.4,NPY,CHRNA7,HDAC3,IL7R
CHRM5,HSP90AB1,UQCRC2,PDHB,ADRB1,EDNRA,EDNRB,CYP11B1,UCP2,P2RY12,JAK2,REG3A,RSAD2,ITGAM,JAK1,OPRM1,GAL,FKBP5,NOS1,REG3A,COX5B,BMP2,CPT2,RUNX3,ATP5F1D,NDUFB4,ATP5MC3,CCR2,TREM2,GRIN1,LDHB,GRIN2B,THBD,NDUFS2,HSD11B2,NFKBIA,C4B,SOD3,JAK1,DUOX2,HTR2A,C1QC,CRHR2,COMT,NRGN,PTGS2,APP,VEGFA,PYGM,BDNF,MAFF,G6PD,SLC25A4,SOD3,NDUFA12,ADRB1,UQCRC1,CD14,GAPDH,BDNF,MUC2,CTLA4,CD19,KCNJ11,NDUFS3,KCNQ1,LDHA,CYP2D6,ASS1,ADRA2A,ACADVL,DLAT,IFIT1,IL33,S100B,TFF3,HCN4,PRKAG3,TGFBR1,SLC2A4,CRH,SELP,PDHB,REG3G,MAS1,CYCS,ABCG2,OCLN,SELP,CCL2,VWF,TPH2,KLRD1,HLF,PTGDS,SNORA74C-2,NPY1R,OCLN,SIRT6,IL12A
CHRNB2,HSPA4,ATP5F1C,NFKB2,GUCA2B,BDKRB2,ACE,CYP21A2,UCP3,CXCL8,TYK2,REG3G,LDHA,C1QB,JAK2,OPRD1,TPH2,FKBP4,NOS2,FFAR2,ATP5F1B,BMPR2,ACADM,GATA3,ATP5F1E,NDUFB5,CS,ADRB1,P2RX7,GAD1,PFKM,GRIN2A,TFPI,NDUFS3,CYP11A1,RELA,NRF1,GPX3,JAK2,UQCRC2,CHRM1,C3,MC2R,AVP,GAP43,ADRA1A,MAPT,HIF1A,PYGL,NGF,MAFG,GCLM,SLC25A20,GPX2,NDUFA13,ADRB2,UQCRC2,CXCL10,TPI1,CCR2,OCLN,PDCD1,CD4,KCNQ1,NDUFS4,KCNH2,PDK1,GSTM1,ASL,CHRM2,PTGS2,PDP1,ISG15,IL5,HAAO,IL22,RYR2,RPTOR,TGFBR2,CPT1A,CRHR1,VWF,DLD,LYZ,KNG1,CYP1A2,HTR1A,CLDN1,VWF,CXCR3,THBD,DDC,NCR1,UCP1,ALOX5,CCN2,SLC32A1,CLDN5,KAT2A,UQCRFS1
CHRNA7,HSPA5,ATP5F1D,PDCD1,HSPA5,CACNA1C,AGTR1,HSD11B1,DNM1L,DRD5,MYD88,TFF3,IL2RA,CSF1R,NFATC1,OPRK1,HTR1A,HSP90AA1,NOS3,FFAR3,ATP5F1C,GDF15,ACADL,RORC,ATP5MC1,NDUFB6,ACO2,ADRA1A,NLRC4,GAD2,PKM,GRIN1,PLAU,NDUFV1,TLR2,MAPKAPK2,ESRRA,GSS,TYK2,ADCYAP1,CHRNA7,C4A,NR3C2,GABBR1,CHRM3,CHRM2,PSEN1,EPO,GYS1,GDNF,ACLY,HMOX1,PNPT1,GPX3,NDUFB1,CHRM2,UQCRFS1,CCL2,LDHB,CREB1,CLDN1,HAVCR2,CD8A,KDR,NDUFS5,KCNJ11,HK2,APOE,ARG1,CHRM3,DNM1L,PDK2,IFIH1,IL9,TGFBR2,IL22RA1,ADM,RICTOR,TGFBR3,CPT1B,POMC,THBD,DLAT,NOD2,NR3C1,CYP2C19,DRD1,CLDN3,THBD,CCR5,TFPI,SLC6A4,CD226,SOD3,LTC4S,CHAF1B,SLC6A1,TJP1,EP300,NDUFA3
DRD1,HSPB1,ATP5F1E,VAV1,EIF2AK2,SCN5A,BDKRB1,HSD11B2,MFN1,ITGAM,TRAF6,SLC6A4,KLRD1,CSF1,IL15,ADRA2A,HTR2A,AVP,EDN1,SLC5A8,ATP5F1D,SCN10A,ACADVL,COX5B,ATP5MC2,NDUFB7,IDH2,ADRA2A,GRIA1,SLC32A1,GPI,GRIA2,SERPINE1,SDHB,MYD88,TRAF6,ATP5F1B,GSTP1,PER1,PNMT,GAD1,C4B,FKBP4,GRIN1,CHRNA7,CHRM3,PSEN2,EPOR,GYS2,IGF1,IDH1,NQO1,GCLC,GSS,NDUFB2,CHRM3,UQCRH,CCR5,PRKAB1,CSF1R,LBP,LAG3,FOXP2,LYZ,NDUFS6,AVPR1A,PKM,TRPM3,ARG2,CHRNA3,IL4,PDK4,DDX58,IL22,PRDX3,REG3G,CALCRL,AKT1,CD69,CPT2,NR3C1,PROC,CS,IL22,NR3C2,CYP2C9,DRD2,CLDN4,TFPI,CXCR5,F3,SLC6A2,FCGR3A,VWF,TRPA1,RP11-597A11.11,TACR1,CDH5,CREBBP,IFNB1
DRD2,PER1,CPT1A,HLA-A,GLP2R,RYR2,BDKRB2,SERPINA6,MFN2,HSPA4,ICOS,HTR3A,HAVCR2,TXNRD1,IL7,ADRB1,HTR3A,AVPR1A,EDNRA,TPH1,ATP5F1E,SCN11A,UCP1,NDUFA4,ATP5MC3,NDUFB8,IDH3A,ADRA2C,GRIA2,SLC6A1,TPI1,GRIA1,SELP,UQCRC1,LBP,FAAH,ATP5F1C,TXNRD1,PER2,SDHC,GAD2,CFB,HSP90AA1,POMC,DRD1,KDR,APOE,ANGPT1,PHKG1,FGF2,ME1,UCP2,GCLM,GCLC,NDUFB3,DBH,UQCRQ,MX1,KLRB1,EIF2AK3,CD14,CXCR5,GZMB,MAFG,NDUFS7,CRHR2,G6PD,ACADSB,PTGS2,CHRNB4,MFN2,CS,TLR3,IL24,GPX4,DEFA5,RAMP1,AKT2,KLRG1,ACADVL,FKBP5,PROS1,ACO2,IL23,FKBP4,CYP2D6,SLC6A3,TJP1,PLAT,CXCL13,PLAT,SLC6A3,IFNA1,IL23A,TRPV1,GAL,TACR2,AQP4,KMT2A,CYCS
DRD3,PER2,CPT2,GSR,PKM,KCNH2,VEGFA,SRD5A1,OPA1,IFNB1,LAG3,TPH1,OASL,C4A,IL2RA,CHRNA4,NLRP6,AVPR1B,EDNRB,TPH2,ATP5MC1,TRPA1,UCP2,NDUFA13,PPARGC1B,NDUFB9,IDH3B,CHRNA7,GRIN1,SLC17A7,PGAM1,GFAP,SELE,UQCRC2,CD14,CNR1,ATP5F1D,TXNRD2,PER3,S100A8,SLC6A2,CFH,AVPR1A,HSP90AB1,DRD2,ANGPT1,SNCA,ANGPT2,PHKG2,IL6ST,TGFB1,CPT1A,GSR,GCLM,NDUFB4,TH,SDHB,OAS1,PPARD,FOS,IL22,IL21,PRF1,MC4R,NDUFS8,MC2R,GSR,PDK2,ALOX5,ACE,IRF3,ACO2,TLR7,IL25,PRDX2,DEFA6,NPR1,AKT3,ENTPD1,ACADM,NR3C2,F2,IDH1,IL23R,FKBP5,CYP3A4,GAD1,TJP2,SERPINE1,CSF1,SCN9A,ADRA1A,IFNB1,ATP5F1B,TRPV4,RP11-227D13.1,IDO1,PFKM,CLOCK,ESRRA
DRD4,PER3,ACADM,BTLA,GAL,KCNQ1,HIF1A,TPH1,SOD3,REG3A,HAVCR2,TPH2,MDM2,CCL5,IL7R,CHRNB2,IL18,OXTR,AGT,SLC6A4,ATP5MC2,TRPV1,UCP3,NDUFB3,TFB1M,NDUFB10,OGDH,CHRNB2,GRIN2A,SLC1A1,IL1A,GDNF,PECAM1,COX5A,CLDN3,CNR2,ATP5F1E,PRDX2,CLOCK,AGTR1,SLC6A3,CD55,AVPR1B,IL4,HTR1A,TEK,DJ1,TEK,PDK2,GFAP,IL1A,ACADM,GSTP1,PRDX2,NDUFB5,DDC,SDHA,IFNB1,GLP1R,GDNF,REG3G,IL21R,IFNB1,MPO,NDUFA2,NR3C2,GSS,AMPD1,ALOX12,AGT,CRP,IDH2,TLR8,IL27,CX3CR1,LYZ,VIPR1,PIK3CA,NT5E,ACADS,AVP,PLAT,IDH2,RORC,POMC,DAGLA,GAD2,TJP3,BDKRB1,CSF2,SCN10A,ADRA2A,TLR4,PTGES3,TRPM7,RP11-63A11.2,AASS,ALDOA,ARNTL,UQCRH
DRD5,CLOCK,ACADL,CHRM2,GUCY2C,KCNE1,VCAM1,NPY,GPX2,C1QB,TIGIT,IDO1,AGT,FKBP4,MAPK8,UCP1,IL22,UCN,AGTR1,HTR3A,ATP5MC3,OPRM1,GPX4,NDUFB8,TFB2M,NDUFC1,DLST,CHRNA3,GRIA3,SLC1A2,IL2,CX3CR1,CRHR2,ATP5F1B,CLDN4,TRPV1,ATP5MC1,PRDX6,ARNTL,UCN2,COMT,CD59,UCN,IL13,HTR2A,AGTR1,PINK1,KDR,PDHB,S100B,JAK1,CS,GSTM1,PRDX5,NDUFB6,PNMT,SDHC,IFNA1,HSPA9,IL6ST,DEFA5,TLR3,INFAR1,MUC2,NDUFA3,FKBP4,GCLM,PRKAB1,ALOX15,AGTR1,CASP1,IDH3A,STING,IL32,P2RY12,TPH1,CRHR2,PIK3CB,P2RX7,CSF1R,AVPR1A,MC2R,IDH3A,GPR41,CRH,DAGLB,SLC1A1,MUC1,BDKRB2,CSF3,SCN11A,ADRB1,ATP5F1B,TIMELESS,P2RX7,CRAT,KYNU,PKM,PER1,UCP3
HTR1A,ARNTL,ACADVL,COX7A1,TACR2,HCN4,ICAM1,HTR3A,GPX3,C1QA,PINK1,KYNU,TXN,ATP1A2,JUN,UCP2,NOD1,UCN2,ACE,HTR4,MFN1,OPRD1,GSR,NDUFS5,POLG,NDUFC2,SUCLG1,ACE,GRIN2B,SLC1A3,IL4,CX3CL1,POMC,OGDH,MUC5AC,MTHFR,ATP5MC2,NQO1,CRY1,VIP,DRD1,PLG,UCN2,CD40LG,SLC6A2,EDNRA,LRRK2,FLT1,PRKAA2,TSPO,JAK2,FH,TXNRD1,PRDX6,NDUFB7,ACHE,SDHD,IRF3,OGG1,ITGAM,DEFA6,DDX58,JAK1,MUC5AC,NDUFA4,HSP90AA1,TXNRD1,PRKAG1,PTGER2,VEGFB,IL18,IDH3B,TREX1,IL34,ITGAM,TPH2,POMC,PIK3CD,TRPM2,TREM2,AVPR1B,PTGES3,OGDH,GPR43,CRHR1,DBH,GRIN1,MUC2,CALCRL,TREM2,TRPV2,ADRB2,ATP5F1C,LDHB,IFNA1,KCTD7,KMO,LDHB,PER2,UCP2
CRHR1,CRY1,HADHA,GDNF,ACACB,NPPA,SELE,HTR4,GPX4,MSRB3,MFN1,KMO,TLR2,KCNQ1,FOS,GABRA1,NOD2,UCN3,KNG1,NOS1,FIS1,CCR5,GSS,NDUFS8,POLRMT,PGAM5,SUCLG2,NOS1,GABBR1,GABBR1,IL5,CSF1R,MC2R,SUCLA2,PRKAA2,CBS,ATP5MC3,HMOX2,CRY2,LCN2,DRD2,PLAU,UCN3,HLA-A,NPY,BDKRB2,PARK7,VWF,SIRT3,TGFBR1,GDNF,IDH1,SRXN1,HMOX1,NDUFB8,CHAT,PDK1,IRF7,IL1A,JUN,SLC6A4,IFIH1,JAK2,NCF1,NDUFA5,HSP90AB1,TXN,PIK3CA,PTGER4,VEGFC,SLC25A4,OGDH,MB21D1,NRF1,NPAS2,DDC,MC2R,PIK3R1,PYCARD,TYROBP,OXTR,HSP90AA1,SUCLA2,HTR3A,CRHR2,DDC,GRIN2A,MUC3A,RAMP1,CX3CR1,TRPV3,CHRM2,ATP5F1D,PPARD,IFNA2,ELAC2,HAAO,PCK1,PER3,COX8A
CRHR2,CRY2,HADHB,SOD3,EDN1,NPPB,SELP,OCLN,GCLC,CHRNA7,MFN2,CCKAR,TET1,KCNH2,CREB1,GABRA2,FFAR2,STAR,BDKRB1,VIP,MFF,CCL5,GSTM1,NDUFV2,MFN1,SDHB,FH,NPPA,GABBR2,GABRB3,IL12A,CNP,NR3C2,SUCLG1,PRKAB1,MTR,NDUFB8,NFE2L2,ERBB2,CYP17A1,GRIN1,SERPINE1,NPY,HLA-DRB1,VIP,NR3C2,HTT,ICAM1,FOXO1,TGFBR2,CNTF,OGDH,NQO1,HMOX2,NDUFB9,VEGFA,PDK2,IRAK4,GCG,NGF,TPH1,MAVS,STAT1,NCF2,NDUFA6,PER2,APP,AKT1,MAPK1,FLT1,PRKAA2,SUCLA2,AHR,SIRT1,PTGER4,TH,NR3C2,SLC2A1,EPAS1,ITGAM,OXT,HSP90AB1,SUCLG1,HTR4,CRHBP,DDIT3,GRIA1,MUC4,TAC1,P2RY12,TRPV4,CHRM3,SOD1,IL17A,IFNB1,PPIAP23,AADAT,PCK2,CRY1,CD19
POMC,AVP,ETFDH,CLDN4,HSP90AA1,NPR1,VWF,CLDN1,GCLM,UCP3,OPA1,CCKBR,CD27,EDN1,APP,GRIN2A,HK2,CYP11A1,BDKRB2,NPY,MIEF1,IL2RA,GSTP1,UQCRB,FIS1,SDHD,MDH2,NPPB,TPH1,AHR,IL12B,CD69,FKBP4,FH,PRKAB2,MTRR,NDUFS1,KEAP1,ERBB3,CACNA1C,GRIN2A,F2,OPRM1,F11R,ACE,POMC,SOD1,VCAM1,EPAS1,AIF1,NTF3,PCK1,NLRP3,NQO1,NDUFB10,EDN1,PDK4,TRAF6,ACADM,NTF3,TPH2,STING,GZMK,NCF4,NDUFA7,CRY1,SNCA,MTOR,MAPK3,KDR,IL13,SUCLG1,CYP1A1,SIRT3,CCL11,XBP1,FKBP4,SLC2A4,SLC16A1,TMEM119,BDNF,BAG1,FH,VIP,UCN,DEFA5,ADRB1,MUC5AC,TACR1,EGR1,TRPA1,CHRNA7,GPX3,GLP1R,CCL5,AGBL3,QPRT,FBP1,CRY2,NDUFV2
MC2R,AVPR1A,PINK1,NDUFA2,EIF2AK1,ADORA1,PECAM1,TJP1,GSS,UCP2,SLC25A4,VIP,IGF1R,BDKRB1,PTPN22,GRIN2B,GPI,HSD3B1,VEGFA,CCK,MIEF2,CD40,TXN,UQCRQ,MFF,TFAM,ACADVL,NPR1,SLC6A3,CYP1A1,IL13,CD14,HSP90AB1,MDH2,PRKAG1,DBH,NDUFA1,GSTM1,ERBB4,EDNRA,GRIN2B,F3,OPRD1,LYZ,EDN1,CRHR2,IDO1,SELE,DNMT1,PFKM,NTRK3,FBP1,MYD88,GSTA1,NDUFC1,EDNRA,PRKAB1,IL18,PROC,NTF4,HTR3A,HMGB1,CCR5,NLRP6,NDUFA8,CRY2,PARK7,MAPK1,MAPK8,ANGPT1,UCP3,SUCLG2,NQO1,PRKAA1,C1QB,ATF6,BAG1,HK1,NRF1,HEXB,NTRK2,NCOA1,MDH2,VIPR1,HSP90AA1,DEFA6,ADRA1A,MUC13,CRHR1,DUSP1,TRPM8,HTR1A,GPX4,IL12B,IL12A,RP11-227H4.1,IL18,ACACA,NPAS2,CD28
NR3C2,AVPR1B,DNM1L,CLDN1,ACHE,ADORA2A,ANGPT1,MUC2,GSTP1,MSRA,IDH1,VIPR1,CYP11A1,AVP,LCK,OXTR,PFKM,TPH1,VEGFB,GCG,PRKAA2,CD40LG,TXNRD1,ACADS,MIEF1,PDK1,ACADM,REN,CHRNA7,CYP1B1,IL15,CCR5,HSPA4,PPARGC1B,CD4,TH,CX3CR1,GSTM2,EGF,NR3C2,GRIA1,F7,OPRK1,CAMP,VEGFA,UCN,TDO2,SELP,DNMT3A,ALDOA,NGFR,G6PC,IRAK4,GSTM1,NDUFC2,EDNRB,PRKAB2,IL2,LEPR,NTRK1,HTR4,S100A8,CXCR3,NOD1,NDUFA9,RORA,LRRK2,MAPK3,MAPK9,ANGPT2,IRF7,FH,GSTM1,PRKAA2,C1QA,EIF2AK3,CYP11B1,HK2,UCP3,AIF1,NGF,NCOR1,MDH1,NPY,HSPA1A,DLAT,ADRA2A,REG3A,CRHR2,FOS,ASIC1,HTR2A,CX3CL1,SKP1,IL12B,ESYT1,IL1R1,FASN,NR1D1,COX5A
FKBP4,OXTR,MFN1,SDHD,LYZ,CRHR2,ANGPT2,TFF3,GSTM1,CD19,IDH2,VIPR2,NCOR1,ATP1A3,PLCG1,NPY,ALDOA,TPH2,VEGFC,SST,PRKAB1,CD80,TXNRD2,ACADM,MIEF2,PDK2,ACADS,AGT,CHRNB2,BRCA1,IL18,C1QC,HSPB1,POLG,CD8A,IDO1,NLRP3,GSTT2,EGFR,ATP5MC3,GABBR1,F10,HTR1A,DEFA5,KDR,FKBP4,KMO,CRH,DNMT3B,ADRB1,AQP4,PFKM,HLA-DRB1,GSTP1,PDK2,ACE,SOD1,IL7,MFN2,NTRK2,CHRM1,S100A9,TNFSF13B,NOD2,NDUFA10,RORB,PINK1,MAPK8,MAPK10,TEK,OPA1,MDH2,GSTT1,CS,GPX2,ERN1,CYP11A1,GCK,VDAC1,CD68,NGFR,HDAC1,GOT2,TRPA1,HSPA5,DLD,CHRM2,REG3G,POMC,JUNB,ASIC2,DRD1,P2RY12,CD86,IL23A,RP11-189B4.7,PYCARD,ACSL1,NR1D2,TIGIT
AVPR1A,TRH,MFN2,PAK1,COMT,NR3C2,TEK,DEFA5,PRDX2,CD163,GSS,NPY,IFITM3,CRHR2,KRAS,NPY1R,GAPDH,SLC6A4,FLT1,PDK1,PRKAB2,CD86,PRDX1,ACADVL,PDK2,PDK4,ECHS1,AGTR1,ACHE,TP53,IL21,C1QB,ATF6,POLRMT,CD8B,TDO2,ADRB2,MGST1,TP53,GRIA1,CNR1,SERPINC1,HTR3A,GLP1R,FLT1,CYP11A1,QPRT,CRHR2,TET1,CRH,TSPO,PKM,CD14,MGST1,PDK4,AGTR1,SOD2,IL15,CDK5,NTRK3,CCK,IL12A,IL15,NOS1,NDUFA11,RORC,MAPT,MAPK14,MAPK11,EDN1,TLR9,PRKAA2,GSTP1,IDH2,BDNF,HSP90B1,CYP21A2,PFKM,VDAC2,CD14,ADRA2A,HDAC2,GSR,MCHR1,HSPB1,DNM1L,CHRM3,DEFA5,MC2R,SOCS3,ASIC3,DRD2,CD68,POMC,FASLG,RP11-138A9.1,EIF2AK1,FABP1,PDCD1,LCK
AVPR1B,TRHR,OPA1,CD160,FKBP5,FKBP4,TIE1,LCN2,PRDX3,HTR1A,GCLC,NPY1R,SOD1,VEGFA,RAF1,ADIPOQ,PGK1,HTR3A,KDR,MTOR,PRKAG1,ICAM1,PRDX2,CPT1A,PDHB,IDH1,HADHA,BDKRB2,NOS1,PTEN,IL23A,C1QA,EIF2AK3,MFN1,CD19,KMO,CRH,MGST2,MDM2,SST,FAAH,PROC,HTR4,MLH1,ANGPT1,CYP17A1,ACMSD,MC2R,TET2,CRHR1,TMEM119,LDHA,ICAM1,SRXN1,PDHB,BDKRB1,SOD3,IL21,APOE,P2RY12,CCKBR,IL12B,IL12B,NOX3,NDUFA12,AVP,TARDBP,STAT5A,MAPK14,EDNRA,MPO,SLC25A4,NAT1,FH,SLC25A20,MAP1LC3A,MRAP,PFKL,IDH1,TLR2,ADRB2,SRC,TXNRD1,KMO,HSPA8,DRD1,CHRNA3,DEFA6,NR3C2,PTEN,CACNA1S,NOS1,ADRA1A,GCG,NCR1,RAC1P7,EIF2AK2,FABP3,LAG3,NDUFB1
COMT,TSHR,FIS1,GABBR1,SLC5A1,HSP90AA1,CRH,REG3G,PRDX5,UCN3,GCLM,NPY2R,PARP1,ADRA1A,MAP2K1,ADIPOR1,ENO1,HTR4,TEK,PIK3CA,PRKAG2,VCAM1,PRDX3,CPT2,DLAT,IDH2,HADHB,EDN1,NOS3,IRF1,IFNA1,AQP4,EIF2A,FIS1,CD3D,KYNU,NR3C1,GSTA1,CDKN1A,XDH,SLC1A2,PROS1,HAAO,MSH2,ANGPT2,PER3,KYNU,NR3C1,TET3,TLR2,P2RY12,HK2,CD40,SESN1,DLAT,BDKRB2,CAT,CD28,FBP1,S100B,GCG,IL23A,CXCR4,NOX4,NDUFA13,AVPR1B,FUS,JAK1,AKT1,EDNRB,CX3CL1,UCP1,NAT2,MDH2,NQO1,MAP1LC3B,CLDN1,PFKP,IDH2,MYD88,COMT,MAPK1,TXNRD2,QPRT,HSF1,DRD2,HRH1,LCN2,FKBP4,AKT1,CACNA1C,NOS2,ADRA2B,IFIH1,KIR2DL4,NT5C2,EIF2AK3,FABP4,HAVCR2,UQCR10
TPH1,DIO1,MTOR,UCN,HIF1A,HSPA1A,CRHR1,SLC5A8,PRDX6,TH,GPX3,CALCA,HSPD1,KCNJ2,MAP2K2,LEP,CS,VIPR2,ANGPT1,AKT1,PRKAG3,SELP,PRDX5,ACOX1,DLD,IDH3A,CPT1A,EDNRA,ADRA2A,IFNB1,IFNB1,AIF1,DDIT3,MFF,CD3E,SLC6A2,FKBP5,GSTA2,CDKN2A,NCF1,C3,TFPI,QPRT,BRCA1,TEK,CRY1,HAAO,NR3C2,HDAC1,CD14,ITGAM,SLC2A4,CD80,SESN2,DLD,PTGIR,GPX1,ICOS,G6PC,TMEM119,GLP1R,TNFRSF1A,KLRD1,NOX5,NDUFB1,OXT,HTT,JAK2,PIK3CA,BDKRB1,SLC1A3,UCP2,CYP3A4,UCP3,CSF1R,ATG5,TJP2,PKM,MDH1,TRAF6,DBH,MAPK3,PRDX1,HAAO,DDIT3,DRD3,EDN1,IRF3,HSP90AB1,PIK3CA,CACNA1D,NOS3,ADRA2C,ACADL,KLRK1,NCKAP5-AS2,EIF2AK4,SLC27A1,UCP2,NDUFA12
HTR2A,DIO2,SOD3,CHRM3,OXT,LHCGR,CRHR2,VIP,TXNRD1,SSTR2,SOD3,CALCB,AGTR1,KDR,YY1,LEPR,ACO2,CCK,ANGPT2,INSR,MTOR,SELE,PRDX6,EHHADH,ACO2,IDH3B,CPT2,EDNRB,ADRB2,IFNA1,LTA,VWF,AVP,BNIP3,CD3G,SLC6A3,TJP1,GSTO1,HDAC1,F11R,C4A,VWF,AADAT,XRCC5,PECAM1,TJP2,KAT1,FKBP5,HDAC2,LBP,HEXB,INSR,CD86,PARK7,OGDH,PTGIS,GPX2,BTLA,PPP3CA,TREM2,GLP2R,TNFRSF1B,CX3CR1,NPY,NDUFB2,OXTR,PSEN1,PTPN22,PTEN,BDKRB2,KEAP1,UCP3,CYP2D6,SLC16A1,TMEM119,ATG7,MUC5AC,LDHA,CS,NFKBIA,TH,TPH1,PRDX2,AADAT,ATF4,DRD4,NOS1,IRF7,HSPA1B,MTOR,KCNQ1,EDN1,CRHR1,PROC,KLRC1,TLR6,EIF2S1,SLC27A2,CPT1A,NDUFA6
HSD11B1,DIO3,GPX3,SDHB,SLC6A2,FSHR,POMC,VIPR1,TXNRD2,PRF1,PRDX2,CALCRL,SLC10A6,AGT,HDAC2,IGF1,IDH1,CCKBR,PECAM1,IRS1,RPTOR,CXCR4,NQO1,HADHA,IDH2,PDHB,SLC25A20,SCN5A,ADRB1,IFNAR1,LTB,VEGFC,AVPR1A,BNIP3L,MS4A1,OPRM1,MUC2,XDH,HDAC2,PINK1,C1QA,SELP,CCK,POLB,CDH5,TPH1,KAT2,FKBP4,HDAC3,SCN9A,CSF1R,IRS1,CD3G,CCS,SUCLA2,CRH,GPX3,HAVCR2,GSTM1,TYROBP,PYY,FAS,NOD2,NR1D1,NDUFB3,NPY1R,APOE,IL23R,CCL2,TBXA2R,NCF4,CPT1A,MDR1,LDHA,CSF1,ATG12,RORC,LDHB,ACO2,BDNF,DDC,TPH2,PRDX3,AMPK,ATF6,DUOX1,NOS3,CCR5,HSPA8,RICTOR,KCNH2,EDNRA,CRHR2,CD160,CD19,UPK3BP1,MYD88,EDN1,ACADVL,NDUFA13
HSD11B2,TJP1,GCLC,MAVS,TJP1,GNRH1,MC2R,VIPR2,HMOX1,CHRM4,PRDX5,ACSL3,SETD7,AGTR1,HDAC3,IGF1R,IDH2,GCG,CDH5,IRS2,RICTOR,CXCL12,NOX4,HADHB,IDH3A,DLAT,ACSL1,KCNQ1,ACE,IFNAR2,CCL3,VEGFB,AVPR1B,OPTN,CCR5,OPRK1,TRPA1,NCF1,HDAC3,NDUFS2,CX3CL1,SELE,CCKBR,NAMPT,VCAM1,TPH2,ASMT,HSP90AA1,KAT2A,SCN10A,CSF1,SHC1,GATA3,FTH1,SUCLG1,CRHR1,GPX4,LAG3,TXNRD1,ACE,NAMPT,FASLG,TLR2,NR3C2,NDUFB4,UCN,CLU,IL17F,CCL5,PTGIR,GSS,CPT1B,MRP1,LDHB,TXNRD2,PINK1,IL22,PDK2,GSTM1,NGF,MAOA,SLC6A4,PRDX5,mTOR,XBP1,DUOX2,VEGFB,HLA-DRB1,HSPB1,RPTOR,CD69,BDKRB1,UCN,CR2,CD27,RP11-852E15.2,IRAK4,EDNRA,PDK4,NDUFA4
CYP11B1,OCLN,GCLM,NOTCH1,TRPA1,GNRHR,NR3C1,NPY1R,KEAP1,OXTR,PRDX6,ACTB,CRH,UCN2,ATF3,INSR,SUCLA2,GLP1R,VWF,SLC2A4,AKT1,CCR7,DUOX1,SLC25A20,OGDH,DLD,ACSL3,KCNH2,AGT,IFI27,CCL4,VEGFA,TPH2,SQSTM1,CCR7,OPRD1,HMOX1,NCF2,SIRT1,C1QC,ADRB1,ICAM1,VIP,PCK1,ICAM1,HTR4,TPH1,HSP90AB1,KAT2B,SCN11A,TLR2,GRB2,TBX21,FTL,SUCLG2,CRHR2,GSR,TIGIT,PRDX1,ADM,CD38,BAX,TLR7,PER3,NDUFB5,UCN2,TREM1,IL6R,CXCL10,NPY,SOD3,CPT2,BCRP,ACADVL,ZFP90,PRKN,REG3G,PDK4,KEAP1,GDNF,SLC6A2,HTR1A,PRDX6,TRPC,CLDN1,EDN1,VEGFC,HLA-A,SGK1,TSC1,CD38,BDKRB2,TPH1,SLC2A1,IGHM,RP11-128P17.2,TRAF6,EDNRB,NOX4,NCR1
CYP21A2,CLDN1,PRDX2,TNFSF10,VIPR2,LHB,NR3C2,GCG,NFE2L2,NQO1,NOX4,AHR,LCN2,NTRK2,HSF1,FTO,FH,NPY2R,CRH,HK1,AKT2,CX3CL1,DUOX2,ACSL1,SUCLA2,PDHX,PPARGC1B,KCNE1,AGTR1,MX1,CCL5,VCAM1,HTR4,CPT1B,CXCR4,CYP1A1,GCLM,NCF4,SIRT3,KCNE2,ADRB2,VCAM1,VIPR1,SLC2A1,SELE,NLRP6,TPH2,HSPA1A,EP300,DNMT1,MYD88,SOS1,RORC,BACH1,FH,POMC,NFE2L2,ATP5F1B,PGRMC1,ADRA1A,PARP1,BCL2,MBP,PLAT,NDUFB6,UCN3,CD14,IL6ST,GCLC,NPY1R,OPRM1,SOD3,UGT1A1,ACSL1,CARD9,TP53,DEFA5,PDP1,NOS1,NTRK1,SLC6A3,HTR2A,TXN,IL7,MUC2,EDNRA,FLT1,GZMB,PER2,TSC2,HLA-DQB1,ACE,TPH2,PRDX1,IGHG1,PPIAP8,NFKB1,ACE,NOS1,ESRRG
CYP11A1,CLDN3,PRDX5,MC2R,CRHR2,FSHB,FKBP4,GLP1R,CYBA,CHRM2,DUOX1,AHSA1,DRD2,CACNA1C,HSPA8,GHRL,MDH1,GUCA2A,CRHR1,HK2,AKT3,TYMP,XDH,ACSL3,SUCLG1,CS,TFB1M,KCNE2,AGTR2,OAS1,CXCL8,THBD,,ACADVL,IL2,CYP1A2,GCLC,RAC1,PPARA,ATP5MC1,ADRA1A,ANXA1,VIPR2,SLC2A4,SELP,GCG,DDC,HSPA1B,KMT2A,DNMT3A,RELA,HRAS,EOMES,MAFF,MDH2,MC2R,KEAP1,ATP5F1C,HSPH1,ADRA2A,IDO1,MCL1,S1PR1,PLAU,NDUFB7,TLR2,CD68,TGFBR1,GCLM,NPY2R,NCF2,GPX2,HMGCR,FASN,MBP,GADD45A,DEFB1,PDP2,GDNF,NTRK2,ACHE,HTR2B,TXN2,IL15,MUC5AC,EDNRB,KDR,PRF1,PER3,AMPK,IL15,AGT,,FASLG,TLR9,RNU6-599P,RELA,AGT,NOS2,IFNA1
STAR,CLDN5,PRDX6,,HSPB1,AVP,FKBP5,GLP2R,NCF1,IDH2,DUOX2,AKT1,ALDOA,EDNRA,STUB1,CARTPT,MDH2,GUCY2C,CRHR2,ARNTL,PIK3CA,MTHFR,CYBA,ACSL5,SUCLG2,ACO2,TFB2M,,EDN1,ISG15,CXCL9,TEK,,HADHA,IL2RA,CYP2D6,,RAC2,PPARD,ACE,ADRA2A,ANXA2,GCG,SLC16A1,CRHR2,CCK,TH,HSPB1,KMT2C,DNMT3B,TRAF6,RAF1,IKZF2,MAFG,CS,AVPR1A,HMOX1,SLC25A4,AKT1,ADRB1,QPRT,TP53,,PROCR,NDUFB8,,IRF8,TGFBR2,,VIP,KMO,GPX3,LDLR,ACACA,TXNRD1,GADD45B,CHAT,ACO1,NTRK1,MBP,CHRNA7,HTR3A,GLRX,IL21,TFF3,EHHADH,ANGPT1,KLRK1,CRY1,FOXO1,IL7,AGTR1,,PRDX6,RNASEL,ENSG10010139845.1,IFNA1,AGTR1,MPO,IRAK4
,,,,,,,,,,,,,,,IRS1,,,,PER1,,MTRR,,,,,,,EDNRA,IFIT1,,,,,,,,,,,,,,PPARGC1A,UCN,,PAH,,,,,MAP2K1,,,,,,,APOA1,,,GAPDH,,,,,CSF1R,,,,,,APOE,,,,,,,,P2RX7,,,KIR2DL,,,,,,FOXO3,,,,,,,,VEGFA,,
,,,,,,,,,,,,,,,IRS2,,,,PER3,,MTR,,,,,,,EDNRB,GBP1,,,,,,,,,,,,,,ESRRA,POMC,,QDPR,,,,,MAPK3,,,,,,,AIF1,,,ACTB,,,,,TMEM119,,,,,,CETP,,,,,,,,P2RY1,,,ASIC3,,,,,,SIRT1,,,,,,,,KDR,,
,,,,,,,,,,,,,,,IL32,,,,CRY2,,FOLR1,,,,,,,NPPA,OAS2,,,,,,,,,,,,,,IL32,MC2R,,GCH1,,,,,JUN,,,,,,,KCNJ11,,,LDH,,,,,ITGAM,,,,,,PON1,,,,,,,,GRIN1,,,P2X7,,,,,,NR3C1,,,,,,,,FLT1,,
,,,,,,,,,,,,,,,IL22,,,,,,SHMT1,,,,,,,NPR1,ZBP1,,,,,,,,,,,,,,IL4R,NR3C2,,PTS,,,,,FOS,,,,,,,,,,HPRT1,,,,,CCR2,,,,,,SERPINE1,,,,,,,,GRIN2A,,,MTHFR,,,,,,CRHR1,,,,,,,,,,
,,,,,,,,,,,,,,,IL23A,,,,,,EAAT2,,,,,,,AVP,TLR3,,,,,,,,,,,,,,IFNAR1,BAG1,,SPR,,,,,SP1,,,,,,,,,,PGK1,,,,,CX3CL1,,,,,,PAI-1,,,,,,,,GRIN2B,,,MTR,,,,,,POMC,,,,,,,,,,
,,,,,,,,,,,,,,,IFNA1,,,,,,SLC1A3,,,,,,,AVPR1A,MAVS,,,,,,,,,,,,,,IFNAR2,HSP90AB1,,IL23A,,,,,HSF1,,,,,,,,,,PPIA,,,,,NLGN3,,,,,,ACE,,,,,,,,GRIA1,,,APOE,,,,,,FKBP5,,,,,,,,,,
,,,,,,,,,,,,,,,CXCL8,,,,,,PKM,,,,,,,AVPR2,RIG-I,,,,,,,,,,,,,,CXCR3,STIP1,,IL22,,,,,HSP90AA1,,,,,,,,,,TBP,,,,,NLGN4X,,,,,,,,,,,,,,GRIA2,,,APOB,,,,,,GILZ,,,,,,,,,,
,,,,,,,,,,,,,,,CCL5,,,,,,LDHA,,,,,,,VIP,MDA5,,,,,,,,,,,,,,CCR5,PPID,,IL21,,,,,HSPA1A,,,,,,,,,,B2M,,,,,SHANK3,,,,,,,,,,,,,,GAD1,,,VDR,,,,,,,,,,,,,,,,
,,,,,,,,,,,,,,,VEGFB,,,,,,HK2,,,,,,,VIPR1,DDX3X,,,,,,,,,,,,,,,POU1F1,,STAT5,,,,,HSP90B1,,,,,,,,,,VEGFA,,,,,FMR1,,,,,,,,,,,,,,GAD2,,,CYP27B1,,,,,,,,,,,,,,,,
,,,,,,,,,,,,,,,VEGFC,,,,,,PDK1,,,,,,,VIPR2,NRLP3,,,,,,,,,,,,,,,,,CCR5,,,,,HSPA5,,,,,,,,,,KDR,,,,,MET,,,,,,,,,,,,,,SLC1A2,,,HLA-DRB1,,,,,,,,,,,,,,,,
,,,,,,,,,,,,,,,CRP,,,,,,CPT1A,,,,,,,NPY,AIM2,,,,,,,,,,,,,,,,,CXCR3,,,,,EIF2AK3,,,,,,,,,,HIF1A,,,,,MECP2,,,,,,,,,,,,,,SLC1A3,,,,,,,,,,,,,,,,,,,
,,,,,,,,,,,,,,,FGB,,,,,,ACOX1,,,,,,,POMC,PYCARD,,,,,,,,,,,,,,,,,,,,,,ATF4,,,,,,,,,,EPO,,,,,GABRB3,,,,,,,,,,,,,,MBP,,,,,,,,,,,,,,,,,,,
,,,,,,,,,,,,,,,F2,,,,,,SCD,,,,,,,AGRP,IL18,,,,,,,,,,,,,,,,,,,,,,XBP1,,,,,,,,,,EPOR,,,,,GABRA5,,,,,,,,,,,,,,MOG,,,,,,,,,,,,,,,,,,,
,,,,,,,,,,,,,,,PTGDS,,,,,,FASN,,,,,,,BDNF,IL-33,,,,,,,,,,,,,,,,,,,,,,ERN1,,,,,,,,,,ACE,,,,,GABRG1,,,,,,,,,,,,,,MAG,,,,,,,,,,,,,,,,,,,
,,,,,,,,,,,,,,,ALOX5,,,,,,ALOX5,,,,,,,NGFR,,,,,,,,,,,,,,,,,,,,,,,BBC3,,,,,,,,,,IGF1,,,,,OXTR,,,,,,,,,,,,,,PLP1,,,,,,,,,,,,,,,,,,,
,,,,,,,,,,,,,,,,,,,,,PTGS1,,,,,,,GDNF,,,,,,,,,,,,,,,,,,,,,,,CASP3,,,,,,,,,,IGF1R,,,,,,,,,,,,,,,,,,,GFAP,,,,,,,,,,,,,,,,,,,
,,,,,,,,,,,,,,,,,,,,,ALOX15,,,,,,,NTRK1,,,,,,,,,,,,,,,,,,,,,,,CASP8,,,,,,,,,,,,,,,,,,,,,,,,,,,,,AQP4,,,,,,,,,,,,,,,,,,,
,,,,,,,,,,,,,,,,,,,,,ALOX12,,,,,,,NTRK2,,,,,,,,,,,,,,,,,,,,,,,TNFRSF10A,,,,,,,,,,,,,,,,,,,,,,,,,,,,,CX3CR1,,,,,,,,,,,,,,,,,,,
,,,,,,,,,,,,,,,,,,,,,GATA3,,,,,,,NTRK3,,,,,,,,,,,,,,,,,,,,,,,TNFRSF10B,,,,,,,,,,,,,,,,,,,,,,,,,,,,,TMEM119,,,,,,,,,,,,,,,,,,,
,,,,,,,,,,,,,,,,,,,,,TBX21,,,,,,,KLF2,,,,,,,,,,,,,,,,,,,,,,,BCL2L11,,,,,,,,,,,,,,,,,,,,,,,,,,,,,TREM2,,,,,,,,,,,,,,,,,,,
,,,,,,,,,,,,,,,,,,,,,RORC,,,,,,,KLF4,,,,,,,,,,,,,,,,,,,,,,,MCL1,,,,,,,,,,,,,,,,,,,,,,,,,,,,,,,,,,,,,,,,,,,,,,,,
,,,,,,,,,,,,,,,,,,,,,FOXO3,,,,,,,EGR1,,,,,,,,,,,,,,,,,,,,,,,MDM2,,,,,,,,,,,,,,,,,,,,,,,,,,,,,,,,,,,,,,,,,,,,,,,,
,,,,,,,,,,,,,,,,,,,,,SOCS1,,,,,,,CREB1,,,,,,,,,,,,,,,,,,,,,,,ATR,,,,,,,,,,,,,,,,,,,,,,,,,,,,,,,,,,,,,,,,,,,,,,,,
,,,,,,,,,,,,,,,,,,,,,SOCS3,,,,,,,CREBBP,,,,,,,,,,,,,,,,,,,,,,,DDIT3,,,,,,,,,,,,,,,,,,,,,,,,,,,,,,,,,,,,,,,,,,,,,,,,
,,,,,,,,,,,,,,,,,,,,,NFE2,,,,,,,RELA,,,,,,,,,,,,,,,,,,,,,,,,,,,,,,,,,,,,,,,,,,,,,,,,,,,,,,,,,,,,,,,,,,,,,,,
,,,,,,,,,,,,,,,,,,,,,CEBPA,,,,,,,FOXO1,,,,,,,,,,,,,,,,,,,,,,,,,,,,,,,,,,,,,,,,,,,,,,,,,,,,,,,,,,,,,,,,,,,,,,,