seed_1_all,seed_2_all,seed_3_all,seed_4_all,seed_5_all,seed_6_all,seed_7_all,seed_8_all,seed_9_all,seed_10_all,seed_11_all,seed_12_all,seed_13_all,seed_14_all,seed_15_all,seed_16_all,seed_17_all,seed_18_all,seed_19_all,seed_20_all,seed_21_all,seed_22_all,seed_23_all,seed_24_all,seed_25_all,seed_26_all,seed_27_all,seed_28_all,seed_29_all,seed_30_all,seed_31_all,seed_32_all,seed_33_all,seed_34_all,seed_35_all,seed_36_all,seed_37_all,seed_38_all,seed_39_all,seed_40_all,seed_41_all,seed_42_all,seed_43_all,seed_44_all,seed_45_all,seed_46_all,seed_47_all,seed_48_all,seed_49_all,seed_50_all,seed_51_all,seed_52_all,seed_53_all,seed_54_all,seed_55_all,seed_56_all,seed_57_all,seed_58_all,seed_59_all,seed_60_all,seed_61_all,seed_62_all,seed_63_all,seed_64_all,seed_65_all,seed_66_all,seed_67_all,seed_68_all,seed_69_all,seed_70_all,seed_71_all,seed_72_all,seed_73_all,seed_74_all,seed_75_all,seed_76_all,seed_77_all,seed_78_all,seed_79_all,seed_80_all,seed_81_all,seed_82_all,seed_83_all,seed_84_all,seed_85_all,seed_86_all,seed_87_all,seed_88_all,seed_89_all,seed_90_all,seed_91_all,seed_92_all,seed_93_all,seed_94_all,seed_95_all,seed_96_all,seed_97_all,seed_98_all,seed_99_all,seed_100_all
PDCD1,TOX,CCL4,IL8,IFNA4,IFNG,IL8,ESRRA,IL1B,PDCD1,PDCD1,NFKB1,PDCD1,TGFB1,TGFB1,PDCD1,IL8,TRPM3,PDCD1,TLR4,TNF,TNF,PDCD1,PDCD1,CCL4,CD38,CXCL8,CTLA4,CD38,NDUFA3,PRF1,TNF,IFNG,PDCD1,IL8,IL8,NDUFS1,NFKBIA,PDCD1,ESRRA,TOX,IFNG,TOX,PDCD1,PDCD1,PDCD1,PRF1,NFKBIA,CCL4,IL1B,ESRRA,NFKB1,TIGIT,CD38,TNF,TOX,CD8A,IL8,CD8A,PDCD1,CCR7,TRPM3,NFKB1,CCL4,PDCD1,CD8A,IL6,CCL4,CD38,IL8,PDCD1,ESRRA,IL8,CTLA4,NDUFS1,PDCD1,TNF,WASF3,ATP5A1,IFNG,TNF,PDCD1,CD8A,IL8,PRF1,PDCD1,NFKB1,PDCD1,PRF1,PRF1,PDCD1,PDCD1,IL8,IFNG,NFKB1,PDCD1,CD79A,NFKBIA,PRF1,IL1B
CTLA4,PDCD1,CXCR4,NFKBIA,IFNA7,IL1B,NFKBIA,PDCD1,IL6,CTLA4,CTLA4,TLR4,CTLA4,IL10,IL1B,CTLA4,TNFAIP3,TRPM2,CTLA4,NLRP3,IL1B,IL1B,CTLA4,CTLA4,CSF2,CTLA4,NFKBIA,PDCD1,CTLA4,NDUFB8,GZMB,IL6,TNF,CTLA4,NFKBIA,NFKBIA,NDUFS2,TNFAIP3,CTLA4,CD38,PDCD1,TNF,PDCD1,CTLA4,HAVCR2,CTLA4,GZMB,TNFAIP3,CCL5,TNF,APP,TNF,PDCD1,PDCD1,IFNG,PDCD1,CD8B,NFKBIA,CD8B,CTLA4,CD28,PDCD1,TNF,CSF2,CTLA4,GZMB,TNF,CSF2,PDCD1,NFKBIA,CTLA4,APP,TNF,PDCD1,NDUFS2,CTLA4,IL1B,PPARGC1A,ATP5B,TNF,NFKB1,CTLA4,CD8B,NFKBIA,GZMB,CTLA4,TNF,CTLA4,GZMB,GZMB,LAG3,CTLA4,NFKBIA,TNF,TNF,CTLA4,EBF1,TNFAIP3,GZMB,IL6
LAG3,CTLA4,CSF2,TNFAIP3,IFNA10,TNF,TNFAIP3,IL8,TNF,LAG3,LAG3,TNF,LAG3,TNF,TNF,LAG3,NFKBIA,TRPM7,HAVCR2,IL1B,IL6,IL6,HAVCR2,LAG3,CCL5,PDCD1,TNFAIP3,CD38,PDCD1,NDUFS1,GZMA,IL1B,IL10,HAVCR2,TNFAIP3,TNFAIP3,NDUFS3,IL1B,LAG3,PRF1,CTLA4,KLRC2,CTLA4,LAG3,LAG3,CD38,GZMA,TNF,CCL3,IL6,CD74,IL1B,LAG3,CTLA4,IL1B,CTLA4,CD4,TNFAIP3,CD4,LAG3,LCK,CTLA4,IL1B,CCL3,LAG3,PRF1,IFNG,CXCR4,CTLA4,TNFAIP3,HAVCR2,CD74,NFKBIA,CD38,NDUFS3,HAVCR2,IL6,COX4I1,COX4I1,IL1B,IL6,LAG3,CD4,TNFAIP3,GZMA,CD38,IL6,LAG3,GZMA,GZMA,HAVCR2,TOX,TNFAIP3,IL1B,IL1B,CD38,FLT3,TNF,KLRG1,TNF
HAVCR2,LAG3,CCL20,CD4,IFNA17,IL6,CCR7,NFKBIA,IFNG,HAVCR2,TIGIT,IL1B,HAVCR2,IFNG,IL6,TIGIT,CCL4,TRPM8,LAG3,TNF,IFNG,IFNG,LAG3,HAVCR2,CCL3,HAVCR2,GZMA,HAVCR2,HAVCR2,NDUFS3,GZMK,IFNG,IL6,LAG3,IL1B,CCR7,NDUFS4,TNF,HAVCR2,GZMA,HAVCR2,TPPP,LAG3,TIGIT,CTLA4,HAVCR2,GZMK,IL1B,CCL20,IFNG,IL8,IL6,HAVCR2,HAVCR2,IL6,HAVCR2,GZMB,TNF,CD3E,TIGIT,SMAD3,LAG3,IL6,CCL5,TIGIT,EOMES,IL2,CCL20,HAVCR2,IL1B,LAG3,PRF1,TNFAIP3,HAVCR2,NDUFS4,CD38,IL10,COX5A,COX6B1,IL6,IL1B,HAVCR2,CD3E,TNF,KLRG1,CD39,IL1B,TIGIT,GZMH,GZMK,CTLA4,CD8A,TNF,CTLA4,IL6,HAVCR2,TNFRSF13C,IL1B,PDCD1,IFNG
TIGIT,HAVCR2,CCL5,CD8A,IFNA21,IL10,CD28,TNFAIP3,IL10,TIGIT,HAVCR2,IL6,TIGIT,IL6,IL10,CD38,CCL5,TRPA1,TIGIT,IL6,IL10,CD8A,CD38,TIGIT,CCL20,LAG3,PRF1,LAG3,LAG3,NDUFS8,NCAM1,IL10,IL1B,TIGIT,CCR7,CD28,NDUFS5,IL6,TIGIT,GZMB,LAG3,HLA-C,TIGIT,HAVCR2,TIGIT,LAG3,KLRG1,IL6,CXCR4,IL10,NFKBIA,IFNG,CTLA4,LAG3,IL10,LAG3,PRF1,IL1B,CD3D,CD244,EZR,TIM3,IFNG,CCL20,CD38,TOX,IL10,CCL5,KLRG1,TNFA,TIGIT,GZMA,IL1B,LAG3,NDUFS7,IFNG,IFNG,COX5B,NDUFS1,CD38,IFNG,TIGIT,CD3D,IL1B,KLRD1,HAVCR2,IFNG,HAVCR2,GZMK,GZMH,TIGIT,CD8B,IL6,CD38,IFNG,ENTPD1,CXCR5,IL6,LAG3,IL10
CD244,TIGIT,CCL3,CD8B,IFNG,CXCL10,LCK,CTLA4,TGFB1,CD226,CD244,IFNG,BTLA,IL1B,IFNG,CD69,CXCL9,TRPV1,CD38,IFNG,TLR4,GZMB,CD39,CD244,CXCR4,TIGIT,CD8A,TIGIT,TIGIT,ATP5A1,FCGR3A,TGFB1,CD8A,CD274,CD28,LCK,NDUFS6,IL10,BTLA,APP,TIGIT,HLA-DQB1,HAVCR2,TOX,TOX,CD274,NCAM1,IFNG,CSF2,CCL2,TNFAIP3,TLR4,CD274,TIGIT,IL2,TIGIT,NCAM1,IL6,CD3G,CD69,CSK,TIGIT,TLR4,CXCR4,CD39,TBX21,TGFB1,CCL3,CD4,IL6,BTLA,GZMB,IL6,TIGIT,NDUFS8,TNF,IL2,COX6A1,NDUFS3,NFKB1,IL10,CD244,CD3G,IL6,KLRF1,CD244,TLR4,CD38,NKG7,GNLY,BTLA,CD4,IL1B,CD274,TLR4,LAG3,CD19,CCL2,TIGIT,IL2
CD160,CD38,CD14,FOXP3,IL1B,CCL4,SMAD3,CD38,IL4,CD160,BTLA,CD8A,CD244,IL4,CCL2,IL2,GZMB,TRPC3,CD244,IL10,NFKB1,PRF1,HLA-DRA,BTLA,IL8,CD8A,CD4,TNF,CD274,ATP5B,KLRC1,IL4,CD4,PDCD1LG2,LCK,SMAD3,NDUFS7,IFNG,CD38,CD74,CD244,MTHFR,CD38,TOX2,CD244,TIGIT,FCGR3A,IL10,IL1B,CCL4,TNF,TLR3,PDCD1LG2,TOX,IL4,CD244,KLRG1,IL10,CD28,CD38,ACTB,TOX,TLR3,CD28,HAVCR2,IFNG,IL1B,CCR7,CD8A,CCL3,CD38,GZMK,IFNG,CD274,NDUFV1,GZMB,NFKB1,COX6B1,NDUFA5,IL10,TLR4,TOX,CD28,IL10,NCAM1,KLRG1,IL10,TOX,KLRD1,NKG7,CD244,HAVCR2,IL10,IL10,TLR3,TIGIT,MS4A1,CCL5,IL1B,IL17A
TOX,ENTPD1,CD68,CD25,IL6,CSF2,CCL4,CD39,IL13,BTLA,KLRD1,PRF1,PRF1,IL8,CXCL10,IL21,PRF1,TRPC6,TOX,IL17A,CCL4,IL10,HLA-DRB1,CD8A,NFKBIA,CD8B,IL2,TNFAIP3,KLRC1,ATP5C1,KLRK1,IL13,CXCR4,TOX,SMAD3,EZR,NDUFS8,CCL4,HLA-DRA,NDUFA3,KLRG1,ESRRA,CD39,CD38,ENTPD1,CD244,KLRC1,TLR4,TNF,CCL5,IL1B,CD8A,CD28,EOMES,IL17A,BTLA,CD69,TLR4,CTLA4,TNF,ITGB7,CD38,CD8A,LCK,CD244,TNF,IL4,CD28,CD3E,CCL4,TOX,TNF,IL1A,ENTPD1,NDUFV2,PRF1,STAT1,COX7A2,SDHB,TLR4,CD8A,EOMES,CTLA4,IL17A,FCGR3A,LAG3,CD8A,EOMES,KLRG1,FASLG,CD160,LAG3,CD8A,IL6,CD8A,KLRG1,PAX5,CXCL10,TNF,IL12B
TOX2,CD160,CD163,KLRG1,IL10,IL17A,CXCR4,HLA-DR,IL17A,IFNG,KLRG1,GZMB,GZMB,CCL2,NLRP3,IFNG,PDCD1,NCR1,EOMES,CD8A,CCL5,IL2,CD244,CD8B,TNFAIP3,CD4,IL10,NFKBIA,CD160,ATP5F1,NCR1,IL17A,CCL2,EOMES,STAT3,CSK,SDHA,CCL5,HLA-DRB1,NDUFB8,CD38,NFE2L2,BTLA,ENTPD1,EOMES,KLRG1,KLRD1,STAT3,IL6,CXCL10,IFNG,CD4,LCK,TBX21,CD8A,CD160,CD3E,IFNG,PDCD1,IFNG,GATA3,CD39,CD4,CCR7,CD160,PD1,IL17A,LCK,FOXP3,CCL5,EOMES,IL1B,IL2,CD244,NDUFA3,CD8A,STAT3,NDUFS1,UQCRC1,FOXP3,PRF1,TBX21,ICOS,IFNG,ZAP70,TIGIT,PRF1,TBX21,KLRC1,KIR2DL1,TOX,TIGIT,CD4,IFNA4,PRF1,CD244,CD79B,IL10,IL6,IL4
EOMES,CD244,TLR4,NKG2C,IL17A,CXCL8,CSF2,CD107a,IL17F,TNF,PRF1,CD4,GZMA,CXCL10,IL1A,CD8A,LAG3,NCR3,TBX21,CD4,CCL3,FOXP3,KLRC1,CD4,CD68,IFNG,TNF,IL6,CD244,COX4I1,KIR2DL3,IL12A,IL2,TBX21,EZR,ACTB,SDHB,CCL20,KLRC1,NDUFB4,ENTPD1,TSPO,CD160,NT5E,TBX21,CD160,KLRK1,NFKB1,CXCL8,IL17A,NOS2,GZMB,ZAP70,TCF7,CD4,KLRG1,CD3D,NFKB1,LAG3,IL1B,ZFPM1,HLA-DR,PRF1,IL18BP,IL8,CTLA4,CD8A,SMAD3,IL8,CXCL13,TBX21,IL6,IL4,LAMP1,NDUFB3,CD8B,CD8A,NDUFS2,CYC1,IL2,GZMB,BATF,PDCD1,CCL2,LCK,CD160,GZMB,GZMB,KLRB1,KIR2DL3,TOX2,CD38,FOXP3,IFNA17,GZMB,FCGR3A,CD22,IFNG,IFNG,NFKB1
TBX21,BTLA,TLR2,CD69,IL21,CD14,CCL20,TIGIT,CCL2,IL2,GZMA,FOXP3,GZMH,CD8A,CSF2,CD4,TIGIT,KLRC1,PRDM1,FOXP3,CCL20,NFKB1,CD107A,CD3E,HLA-DR,IL2,IFNG,IL10,IFNA4,COX5A,KIR2DL1,IL12B,FOXP3,TCF7,CSK,ITGB7,SDHC,CCL3,KLRC2,ATP5J2,NT5E,CRH,CD244,BTLA,BATF,IFNG,PDCD1,IL1A,IL10,IL18,TLR4,PRF1,ITK,LEF1,CD3E,NCR1,CD3G,CCR7,TIGIT,IL6,MYC,NKG2A,GZMA,TNFRSF4,NFKBIA,TIM3,CD4,IRF1,NFKBIA,IL10,GATA3,IL10,IL10,GZMB,NDUFB7,CD4,CD4,NDUFS3,PDK1,PRF1,NFKB2,PRDM1,CCR7,CCL5,PDCD1,BTLA,IL2,PRF1,CD8A,KIR2DL4,EOMES,CD39,PRF1,TBX21,KLRD1,IFNA4,PDCD1,IL17A,SOD2,RELA
GZMB,VSIR,IL1B,CD16,IL22,TLR4,CCL5,LAG3,CCL5,GZMB,GZMB,IL10,GZMK,CD8B,CCL5,CD3E,NR3C1,KLRD1,BATF,GZMB,CSF2,STAT1,IFNA4,CD3D,TLR4,IL21,IL6,IL1B,IFNA7,COX6B1,KIR3DL1,IL23A,GZMB,BLIMP1,ACTB,GATA3,SDHD,CCL2,KLRK1,COX5B,EOMES,POMC,KLRG1,CD244,IRF4,TNF,HAVCR2,IL2,IL18,IL4,CD14,KLRD1,CD3E,PRF1,CD8B,NCR2,CD28,CD28,CCR7,IL10,LEF1,TNFA,GZMB,IRF1,TNFAIP3,LAG3,CD3E,KLF2,TNFAIP3,IFNG,IL2,IL17A,TLR4,PRF1,NDUFB10,IL2,PDCD1,NDUFS4,PDK4,GZMB,IL17A,KLRD1,LCK,CXCL10,HAVCR2,CD274,FOXP3,IFNG,CD8B,KIR2DS4,TBX21,KLRG1,GZMB,TOX,KLRG1,IFNA7,CTLA4,IL4,GPX1,STAT1
PRF1,EOMES,TNF,CD56,TNF,TLR2,CCL3,HAVCR2,CCL4,PRF1,GZMK,IL17A,GNLY,CD4,CXCL8,CD3D,FKBP5,KLRK1,BATF2,PRF1,CD40LG,JAK1,IFNA6,CD3G,NLRP3,GZMB,IL1B,IL18,IFNA10,UQCRC1,CD2,TNFRSF1A,PRF1,GZMA,ITGB7,ZFPM1,COQ2,CXCL10,PRF1,DBI,TBX21,NR3C1,EOMES,CD160,PRDM1,IL2,LAG3,IL4,IFNG,IL5,PDCD1,NCR1,CD3D,GZMB,GZMB,NCR3,LCK,LCK,LCK,IL17A,XBP1,IFNG,PDCD1,SMAD3,CD8A,TIGIT,FOXP3,FOS,IL6,IL1A,IL21,IFNG,TLR3,IL2,NDUFA5,IL10,LAG3,NDUFS5,LDHA,CD8A,IL2,KLRG1,ZAP70,CD38,LAG3,PDCD1LG2,PDCD1,TNF,CD4,KIR3DL1,PRDM1,CD244,IFNG,LAG3,LAG3,IFNA10,LAG3,IL13,GCLC,STAT3
IFNG,TBX21,IL6,GZMB,TGFB1,CCL5,CD38,CD244,CCL3,CD8A,GNLY,STAT1,KLRG1,FOXP3,IL2,CD3G,CRHR1,KLRB1,NFATC1,KLRG1,STAT1,JAK2,IFNA7,CD28,IL1B,PRF1,TBX21,NDUFA3,IFNA17,UQCRC2,ITGB2,TNFRSF1B,CD69,GZMB,GATA3,MYC,COQ7,CXCR4,GZMA,PSMA3,BATF,CD8A,TBX21,KLRG1,ID2,IL10,CTLA4,IL17A,IL17A,IL13,CTLA4,IL2,CD3G,IFNG,PRF1,KLRC1,ZAP70,SMAD3,ZAP70,IL2,CXCL8,IL2,CTLA4,KLF2,CD8B,CD38,KLRG1,ZBTB7A,IL10,IL2,IFNG,IFNA1,TLR7,IL21,NDUFA9,TGFB1,PRF1,UQCRC1,CS,CD4,CD4,KLRC1,GZMB,CD69,CTLA4,CD86,CTLA4,IL2,CD3D,KIR3DL2,NR4A1,CD160,CD3E,HAVCR2,PDCD1,IFNA17,HAVCR2,TGFB1,NR3C1,STAT4
TNF,TCF7,CXCL8,PRF1,CTLA4,CCL3,CD39,TOX,CCL11,CD8B,NKG7,JAK2,KLRC1,PRF1,IL4,GZMB,IL1B,PRF1,NFATC2,PDCD1,IRF1,TLR4,IFNA10,ICOS,IL6,IL2RA,GATA3,NDUFB1,IFNA21,UQCRFS1,PDCD1,IL6R,CTLA4,GZMK,ZFPM1,LEF1,COQ9,CSF2,GZMB,PSMA4,PRDM1,CD8B,PRDM1,CD8A,TCF7,CCL3,TIGIT,NDUFA2,IL2,CSF2,LAG3,IL10,CD4,TNF,FASLG,KLRK1,CTLA4,CD4,GATA3,IL4,NFKBIA,IL21,LAG3,FOS,CD4,CD39,CTLA4,FLT1,TGFB1,PRF1,TNF,IFNB1,STAT1,IFNG,NDUFA10,IL6,GZMB,UQCRC2,IDH2,CTLA4,STAT1,KLRC2,PRF1,CD28,TIGIT,CD80,LAG3,IL10,CD3E,NCR1,NR4A2,PRF1,CD28,TIGIT,CTLA4,IFNA21,TIGIT,IL18,FKBP5,IRF4
CD38,LEF1,IL10,CD107A,PDCD1,CCL20,HAVCR2,EOMES,CXCL10,CD4,CD8A,IRF7,KLRD1,GZMA,IL17A,PRF1,IL6,GZMB,NCR1,CTLA4,CXCR4,CD14,IFNA17,GZMB,TNF,IL7R,IL17A,NDUFB3,IFNA6,SDHB,CTLA4,IL1R1,PDCD1,PRF1,MYC,XBP1,COQ10A,TLR4,GZMK,STAT5A,PRF1,PDCD1,PRF1,CD8B,LEF1,CCL4,CD244,NDUFA3,IL4,TGFB1,HAVCR2,TGFB1,CD8A,IL2,PDCD1,KLRD1,PDCD1,CD8A,TBX21,NCR1,TNFAIP3,GZMB,TIGIT,JUND,CD3E,KLRG1,PD1,RELA,TNF,GZMA,PRF1,IRF3,JAK2,IFNA4,ATP5A1,IL1B,KLRD1,UQCRB,SUCLA2,PDCD1,IRF7,NKG7,IFNG,CTLA4,CD244,PRF1,TIGIT,IL21,CD3G,NCR2,NR4A3,GZMB,LCK,GZMB,HAVCR2,IFNG,CD244,CCL3,NLRP3,IRF8
ENTPD1,KLRC1,TGFB1,IFNG,CD38,CXCR4,CTLA4,TBX21,CXCL8,KLRC2,CD8B,TBX21,KLRK1,GZMB,CD74,FASLG,TNF,GZMA,NCR2,LAG3,IL18BP,IRF3,IFNA21,GZMA,IFNG,KLRG1,RORC,NDUFS1,IFNB1,SDHC,HAVCR2,IFNGR1,LAG3,CD56,LEF1,NDUFA3,COQ10B,TLR2,NCR1,ARHC,GZMB,LAG3,GZMB,CXCL8,IL1B,CCL5,BTLA,NDUFA4,CXCL10,IL1A,TIGIT,STAT1,CD8B,IL21,CTLA4,PRF1,LAG3,CD8B,EOMES,NCR3,TLR4,PRF1,TBX21,ZBTB7A,CD3D,NKG2A,TBX21,KDM5A,IL1B,GZMB,GZMB,IRF7,CD69,IFNA7,ATP5B,NFKBIA,NCAM1,SDHB,FH,IL17A,CXCL10,NCR1,TNF,PDCD1,BTLA,GZMB,TBX21,CD8A,CD247,NCR3,BATF,GZMA,CTLA4,PRF1,TIGIT,IRF7,TOX,CCL4,TLR4,IRF3
HLA-DRA,KLRC2,CSF1,TNF,CD39,CD163,PDCD1,IL2,CXCL9,KLRK1,CD38,GATA3,NCR1,CD3E,APP,TNFRSF9,TGFB1,GZMH,NCR3,TIGIT,IL2,IRF7,IFNG,GZMK,IL10,IL10,CD3E,NDUFS2,IFNG,SDHA,LAG3,IFNGR2,TBX21,NKG2D,XBP1,NDUFB4,UQCRC1,TLR3,NCR3,HINT1,GZMA,HAVCR2,KLRC1,NFKBIA,IL1A,CXCR4,CD160,NDUFA5,CCL11,IL2,CD38,IRF7,JAK3,CD8A,LAG3,GZMB,HAVCR2,FOXP3,TCF7,KLRD1,CD14,CCR7,EOMES,RELA,CD3G,NKG2C,GATA3,JUND,IL18,GZMK,CD8A,TLR3,CCR7,IFNA10,ATP5C1,TNFAIP3,CCL2,SDHA,MDH2,IL4,CCL2,FCGR3A,IL2,LAG3,ATP5F1A,GZMA,GATA3,CD8B,CTLA4,KLRK1,IRF4,CD107A,PDCD1,CD8A,CD244,STAT1,EOMES,CCL20,VEGFA,IRF7
HLA-DRB1,KLRK1,CSF1R,IL2RB,HAVCR2,ITGAM,KLRG1,IL21,CXCL1,KLRC1,CD69,RORC,NCR3,CD3G,HLA-DRB1,CD27,IL10,FASLG,KLRD1,TBX21,IL4,CXCL8,IRF7,PRF1,IL17A,TGFB1,CD3D,SDHA,IRF3,PGC1A,TIGIT,IL10RA,GATA3,NKG2A,PD1,NDUFB8,UQCRC2,TLR9,FCGR3A,PDCD1,GZMK,CTLA4,KLRC2,TNFAIP3,IL6,CX3CR1,EOMES,NDUFA6,TLR4,IL8,CD39,MX1,STAT1,CD8B,CD38,FCGR3A,TIGIT,PRF1,LEF1,PRF1,CD68,CD28,TOX,USF2,CD2,FOXP3,CCR7,USF2,IFNA4,GZMH,CD8B,TLR4,CD28,IFNA17,ATP5D,HLA-DRA,CCL5,SDHC,OGDH,TGFB1,CD38,GZMB,IL10,TIGIT,ATP5F1B,GZMK,RORC,CD4,PDCD1,KLRD1,NFATC1,NCAM1,TBX21,CD3E,EOMES,MX1,TBX21,CXCL9,NCR1,TLR4
KLRC1,NCAM1,CX3CR1,CCR7,LAG3,FCGR3A,NKG2A,IFNG,CD4,CD69,IFNG,IL2,NKG7,CTLA4,HLA-DQA1,CD28,SOD1,CD226,KLRK1,GATA3,IL17A,CCL3,IRF3,GNLY,STAT1,KLRD1,CD3G,SDHB,IRF7,TFAM,CD38,IL10RB,IL17A,KIR2DL1,CTLA4,NDUFS2,UQCRB,NOD2,TNF,CTLA4,KLRD1,TIGIT,KLRD1,TNF,TNF,IL6,TBX21,NDUFA7,TLR2,IL12A,TOX,ISG15,STAT3,CD4,CD69,CD69,IFNG,GZMB,IL2RA,GZMB,IL1B,LCK,TCF7,KDM5A,CD28,IL2RA,CD28,EZR,IFNA6,PDCD1,CD4,TLR7,LCK,IFNA21,ATP5F1,HLA-DRB1,CXCL10,SDHD,ACO2,CD3E,LAG3,GZMA,IL6,HAVCR2,ATP6,GZMH,IL17A,KLRG1,LAG3,KLRC1,NFATC2,KLRK1,STAT1,CD4,TBX21,ISG15,KLRB1,PDCD1,FCGR3A,TLR9
LAMP1,FCGR3A,CD4,CD28,TIGIT,PDCD1,IFNG,TNF,CD8A,NCAM1,TNF,TGFB1,TNF,PDCD1,HLA-A,NCR1,GPX1,CD244,KLRC1,RORC,TLR2,CCL4,ISG15,FASLG,IRF7,KLRC1,CD28,COX4I1,KLRD1,NRF1,ENTPD1,IL4R,IL4,KIR2DL3,LAG3,NDUFS3,UQCRQ,NOD1,IFNG,CD27,NCR1,KLRD1,LAMP1,IL1B,IFNG,IL1B,WASF3,NDUFA8,TLR3,IL12B,PRF1,OAS1,STAT4,CD3E,CD28,AKAP1,TNF,IFNGR1,IL2RB,GZMA,CCL2,SMAD3,IL2,CD19,ICOS,CD25,LCK,CSK,IFNA7,HAVCR2,CCR7,TLR8,SMAD3,IFNA6,ATP5O,KLRK1,TLR4,IDH1,CD3D,NCR1,PDCD1,GZMK,IL1B,NCR1,COX1,FASLG,IL4,KLRC1,TBX21,KLRC2,TCF7,KLRC1,STAT3,NFKB1,FOXP3,ATP5A1,KLRC1,CTLA4,CTLA4,MYD88
IL2,NCR1,CD8A,LCK,CD244,CTLA4,TNF,GZMB,CD3E,FCGR3A,IL2,CCL2,IL1B,HAVCR2,HLA-C,NCR2,CAT,CD96,KLRC2,STAT1,TLR7,CCL5,ATP5A1,FAS,IFIT1,KLRC2,CTLA4,COX5A,KLRK1,NRF2,BTLA,TGFBR1,IFNA1,KIR3DL1,TIM3,NDUFS6,CYC1,NLRP3,IL1B,CD28,KLRC1,NCR1,FCGR3A,IL6,IL2,IFNA1,ATP5A1,NDUFA9,TLR9,IL23A,GZMB,IFIT1,STAT5A,CD3D,CD244,ATP5F1A,IL2,IFNGR2,IFNG,FCGR3A,CD86,CSK,IL10,MS4A1,GZMB,CD4,SMAD3,ACTB,IFNA10,LAG3,CD28,MAVS,CD4,IRF7,COX4I1,NDUFA3,MYD88,IDH2,CD3E,CD16,CTLA4,PRF1,IL18,PRF1,COX2,CD107A,IL13,KLRK1,EOMES,CD244,LEF1,KLRD1,CCR7,RELA,IL10,ATP5B,KLRD1,LAG3,TOX,TRAF6
IL21,NCR3,CD8B,SMAD3,CD247,LAG3,IL6,PRF1,PRF1,B3GAT1,STAT1,CXCL10,IL1A,LAG3,HLA-B,NCR3,NRF2,CD160,KLRF1,STAT3,TLR9,HLA-DRB1,ATP5B,IFNG,ISG15,KLRC3,PDCD1,CS,NCR1,PPARGC1B,TOX,TGFBR2,IFNB1,FCGR3A,TIGIT,ATP5A1,CYCS,IL1A,IL6,CD39,KLRC2,NCR3,NCR1,IFNG,IL4,IFNA4,ATP5B,NDUFA10,MYD88,IFNA1,FOXP3,DDX58,STAT5B,CD3G,COX4I1,NDUFA11,IL2RB,IL2RB,TNF,NDUFA2,IFNG,FYN,TGFB1,PAX5,PRF1,KLRF1,EZR,ITGB7,IFNA17,TIGIT,LCK,TICAM1,CD8A,STAT1,COX5A,NDUFA4,IRF7,IDH3A,CD4,CD56,TIGIT,GNLY,IL17A,GZMB,PDHA1,IFNG,CCL2,NCR1,GATA3,CD96,ID2,NCR1,SMAD3,IL2,TGFB1,COX7A2,NCR1,HAVCR2,EOMES,CXCL10
GZMA,KLRB1,CCR7,CSK,CD8A,TIGIT,IL10,CD8A,GZMA,KIR2DL1,NDUFS1,CCR5,IL6,TIGIT,TYK2,KLRK1,ATP5F1A,PDCD1,PRF1,JAK2,NLRP3,HLA-DQB1,ATP5C1,TNF,MX1,FCGR3A,LAG3,IDH1,NCR2,POLG,EOMES,IL6ST,TLR4,KLRG1,CD38,ATP5B,COX4I1,IL1R1,IL10,CD73,KLRB1,FCGR3A,NCR2,IL2,IL10,IFNA6,COX4I1,NDUFS1,NFKB1,IFNB1,IL10,MAVS,TBX21,FOXP3,COX5A,NDUFB8,TBX21,CTLA4,IL2,NDUFA4,TNF,ZAP70,FOXP3,BCL6,GNLY,KLRC1,CSK,HAVCR2,IFNA21,CTLA4,SMAD3,MYD88,CD8B,ISG15,COX5B,NDUFA9,PPARGC1A,MDH1,CD8A,IL12B,HAVCR2,IFNG,TBX21,KLRC2,PDHB,IL2,CCL5,LAMP1,RORC,TIGIT,ID3,NCR3,CSK,IL17A,IL2RA,NDUFS1,FCGR3A,TIGIT,HAVCR2,CCL2
GNLY,KIR2DL1,CD28,ACTB,CD4,TBX21,IL17A,CD8B,GZMB,KIR2DL3,NDUFS2,CXCR3,IFNG,CD28,JAK2,KLRC1,NDUFA1,CTLA4,GZMB,NFKB1,IL1RN,CD38,NDUFA1,IL2,OAS1,NCR1,HAVCR2,IDH2,NCR3,PARK2,TBX21,PRF1,TLR7,NCR1,CD39,ATP5F1,COX5A,IL2,IL17A,IFNG,KLRF1,CD69,NCR3,IL10,IL18,IFNA7,COX5A,NDUFS2,RELA,IL1RN,IL4,TBK1,GATA3,IL10,COX5B,LONP1,GATA3,CD69,IL10,NDUFA5,IL6,TESPA1,IL17A,AICDA,GZMA,KLRC2,ACTB,LAG3,IL2,CD274,ZAP70,NFE2L2,PRF1,IFIT1,COX6A1,NDUFB3,NFE2L2,MDH2,CD8B,IL23A,CD244,TNF,GATA3,KLRK1,PDK1,IL21,CXCL10,CD69,IL2,PDCD1,IL1B,IL8,EZR,CCL2,CD4,NDUFV1,PRF1,CD28,CCL4,CCL5
NCR1,KIR2DL3,LCK,ITGB7,FOXP3,GATA3,IL22,CCR7,NCAM1,KIR3DL1,NDUFS3,CD86,IL2,LCK,STAT1,KLRC2,SDHA,LAG3,GZMA,RELA,IL8,TNFRSF1A,NDUFA4,IL2RA,IFIH1,NCR2,TIGIT,CRH,FCGR3A,PINK1,TCF7,GZMB,MYD88,NCR2,HLA-DRA,COX7C,COX5B,IL4,IL2,TNF,FCGR3A,NDUFS6,NKG2A,TGFB1,IL17A,TLR4,COX5B,NDUFS3,RELB,TNFAIP3,KLRG1,IRF3,RORC,TGFB1,NDUFS1,UCP2,RORC,CD56,IL17A,NDUFA6,IL10,EZR,CCL2,NDUFA3,GZMH,KLRB1,ITGB7,PDCD1,IL21,ENTPD1,ICOS,KEAP1,GZMB,IFIT2,COX7A2,NDUFB7,TFAM,CS,PRF1,CD69,KLRG1,IL2,RORC,CD244,PDK2,TNF,CXCR3,NCAM1,IL2RA,CTLA4,IL1A,NFKBIA,ACTB,CXCL10,HLA-DRB1,SDHA,GZMB,LCK,CXCL10,CCR5
NCR3,KIR3DL1,SMAD3,GATA3,CCL4,RORC,TGFB1,CD28,KLRD1,NCR1,NDUFS4,HLA-DRB1,IL10,ZAP70,STAT3,KLRC3,COX4I1,HAVCR2,GZMH,IRF3,CXCL10,IL1R1,NDUFB1,IL2RB,DDX58,NCR3,CD244,CRHR1,PRF1,SOD1,NDUFS1,GNLY,NFKB1,NCR3,HLA-DRB1,UQCRC1,COX6A1,IL12A,IL21,IL2,NCAM1,COX6A1,NKG2D,CCL4,IL23A,TLR9,NDUFS1,NDUFS4,IRF1,NFKBIA,KLRC2,CXCL10,IL2,CD39,NDUFV1,TFAM,CD19,NCAM1,IL21,NDUFA7,IL17A,ACTB,CCL5,NDUFB1,GZMK,NKG2D,IRF1,CTLA4,GZMB,TOX,CD27,SOD1,NCAM1,IFIT3,SDHA,NDUFS1,ATP5A1,ACO2,GZMB,CD25,EOMES,IL6,STAT1,CD16,PDK4,IL1B,CCR5,NDUFA11,IL2RB,HAVCR2,IL1RN,TNFAIP3,ITGB7,IL8,HLA-DQB1,SDHB,IFNG,SMAD3,STAT1,CCR2
KLRK1,B3GAT1,GATA3,LEF1,CCL5,FOXP3,PRF1,LCK,KLRK1,NCR2,NDUFS6,CD40,IL18,NFKB1,NFKB1,KLRC4,UCP2,TIGIT,GZMK,IRF7,IL12B,IL2RA,NDUFS1,IL10,CGAS,NKG2D,KLRG1,POMC,GZMB,SOD2,NDUFS2,NCR1,RELA,CD226,NKG2A,UQCRC2,COX6B1,IL12B,IL22,KLRG1,IFNG,ATP6V1A,NKG2C,CCL2,IL12A,NLRP3,NDUFB8,NDUFS5,IRF3,NFKB1,KLRC1,CCL2,IFNG,CD274,SDHA,POLG,MS4A1,NKG2C,PRF1,NDUFA8,STAT3,ITGB7,CXCL10,NDUFS3,GZMM,IL2,KLF2,TIGIT,CCL4,EOMES,FASLG,SOD2,FCGR3A,MX1,SDHB,NDUFS3,NDUFS1,PDCD1,IFNG,IL21,TBX21,IL10,STAT3,FCGR3A,DLAT,IL6,CD4,NDUFS1,IL7R,LAG3,IL6,TNF,GATA3,CSF1,B2M,UQCRC1,IFNA2,CD3E,STAT3,PDCD1
NDUFA2,CD69,LEF1,XBP1,CCR7,CD4,GZMB,SMAD3,NCR1,NCR3,NDUFS7,ICOS,IL12A,NFKB2,MAPK1,KLRD1,PDK1,BTLA,FASLG,TLR7,IL23A,CD4,NDUFS3,IL6,STING1,NCAM1,CD69,NR3C1,GNLY,GPX1,NDUFS3,KLRK1,IRF3,IL2RB,CD107A,SDHB,COX7A1,IL15,TGFB1,CD244,GNLY,GPC5,KIR2DL1,CCL3,IL12B,NFKB1,SDHB,NDUFS6,IRF7,RELA,NCAM1,CCL5,TNF,BTLA,SDHB,PPARGC1A,CD27,NKG2D,GZMB,NDUFB1,ADA,ATXN2L,CXCR3,NDUFV1,IFNG,IL21,FOS,TBX21,CXCL9,TCF7,FAS,CAT,KIR2DL1,OAS1,SDHC,COX4I1,COX4I1,CTLA4,TNF,CD107A,GATA3,IL1B,STAT4,ATP5A1,DLD,IL10,CD3E,NDUFS3,IL10,CD160,IL10,IFNG,ZFPM1,CD14,STAT1,CYCS,IFNB1,CD4,NDUFS1,CD274
NDUFA4,LAMP1,XBP1,CD3E,CXCR4,CD8A,CD107A,CSK,TBX21,IL10,NDUFS8,CTLA4,IL12B,RELA,MAPK3,KLRF1,LDHA,CD274,GNLY,TLR9,CD86,CD19,COQ10B,IL1B,CD14,IFNA1,IL2RA,FKBP5,FASLG,GPX4,NDUFA2,KLRD1,IRF7,CD244,IFN,IDH3A,PRF1,IL17A,ATP5F1A,CD160,NKG7,APP,IFNG,CCL5,IL21,NFKB2,UQCRC1,NDUFS7,STAT1,STAT1,SLC12A2,CXCR3,IL10,CD244,UQCRC1,SIRT1,CD38,CD16,GZMA,NDUFB2,ITGB1,FUS,CCR5,NDUFA4,IL2,CD16,ZBTB7A,EOMES,CXCL10,TBX21,NCR1,GPX1,KIR3DL1,TNF,UQCRC1,COX5B,CYTC,HAVCR2,IL2,HLA-DRB1,FOXP3,IL17A,ATP5F1A,ATP5B,SIRT4,IL17A,CD19,NDUFS4,IL10RA,BTLA,IL18,IL1B,MYC,CD68,STAT3,COQ10A,IL1B,CD8A,SOD1,CTLA4
NDUFA5,KLRD1,IL2,CD3G,HLA-DRA,FLT3,ATP5F1A,EZR,GATA3,TGFB1,SDHA,PD1,IL17A,RELB,TRPM3,FCGR3A,CLOCK,PDCD1LG2,IL1B,IL18,CD80,CD56,COQ2,IL1A,PRF1,IFNA2,CD38,SGK1,IL1B,CAT,NDUFA3,FCGR3A,STAT1,IL2,GZMB,CS,GZMB,IL18,ATP5F1B,KLRC1,COX4I1,KEAP1,SOD2,CSF2,IL22,RELA,NFE2L2,NDUFS8,STAT3,STAT3,ATP5A1,CD69,TGFB1,CD160,UQCRC2,SOD1,SDC1,NDUFA3,GNLY,NDUFB3,MS4A1,OPTN,HLA-DRB1,NDUFS8,IL21,CD56,RELA,KLRC1,CCL2,ATP5A1,NCR2,GPX4,NCR1,TGFB1,UQCRC2,COX7A2,CPT1A,LAG3,IL4,CCL2,IL12A,IL18,ATP5F1B,NDUFS1,SIRT3,CD14,CD56,NDUFS7,IL10RB,CD274,IL12A,IL6,LEF1,NLRP3,JAK1,SOD1,IL6,GATA3,CAT,HAVCR2
NDUFA6,CD8A,IFNG,CD19,HLA-DRB1,EBF1,ATP5F1B,ACTB,RORC,IL2RA,SDHB,TIGIT,TGFB1,MAPK1,TRPV1,NCAM1,PER2,TOX,IL6,IL1RN,HLA-DRB1,NCAM1,COQ7,IL18,GZMB,IFNA4,HLA-DRA,KLRG1,IL6,PRDX1,NDUFA9,KLRC1,STAT3,IL6,FOXP3,OGDH,GZMA,IL21,ATP5F1C,KLRK1,COX5A,SOD2,GPX1,CXCR4,TGFB1,NDUFS1,KEAP1,ATP5F1A,JAK1,JAK2,COX6A1,CD38,IL6,KLRG1,TFAM,SOD2,IGHG1,NDUFB8,KIR2DL1,NDUFB4,PLEKHA2,PSMC5,HLA-DQB1,SDHA,TNF,CD57,CCR5,KLRD1,CCL5,ATP5B,NCR3,GSR,KLRK1,IL10,UQCRFS1,SDHA,PDHA1,TOX,IL6,CXCL8,IL12B,TGFB1,ATP5F1C,NDUFS2,PRKAA1,CD16,NCAM1,NDUFB8,IL6,PDCD1LG2,IL12B,IL10,XBP1,IL1A,JAK2,SOD2,TNF,TBX21,GSR,LAG3
NDUFA7,CD8B,IL17A,MS4A1,HLA-A,CXCR5,NDUFA1,ITGB7,STAT1,CD3E,COX4I1,LAG3,IL4,MAPK3,CACNA1C,KIR2DL1,CRY1,TOX2,CXCL8,CXCL10,JAK2,KLRG1,DLD,IL15,GZMA,IFNA7,HLA-DRB1,KLRC1,TNF,PRDX3,NDUFB3,KLRC2,JAK1,IL10,IL2,ACO2,GZMH,IL23A,ATP5F1D,NCAM1,NDUFA11,GPX4,CAT,PRF1,CCL4,NDUFS2,GCLC,ATP5F1B,JAK2,IRF7,COX7A2L,LAG3,IL1B,KLRC1,NRF1,CAT,IGHG2,NDUFA4,KIR2DL3,NDUFB5,ATP5F1A,MAP2K2,B2M,SDHB,IL6,ATP5A1,CXCR3,NCR1,HLA-DRA,ATP5C1,KLRK1,GCLC,KLRD1,IL6,CYC1,UQCRC1,CS,TOX2,IL10,IL15,IL18,CXCL10,NDUFA2,NDUFS3,SOD2,CD68,KIR2DL1,SDHA,IL6R,CD80,TNF,IL17A,CD19,IL18,IRF7,GPX1,IL10,EOMES,HMOX1,TIGIT
NDUFA8,CD4,IL4,PLEKHA2,HLA-B,TNFRSF13C,NDUFA3,GATA3,STAT3,CD3D,COX5A,TIM3,CCL2,STAT1,SCN9A,KIR3DL1,ARNTL,EOMES,IL10,CCL2,STAT3,KLRF1,PDHA1,IL7,GZMK,IFNB1,CD14,KLRD1,IL10,GSR,NDUFB6,CD3D,JAK2,IL15,IL21,FH,GZMK,TGFB1,ATP5F1E,FCGR3A,NDUFB8,AIF1,NFE2L2,GZMB,CCL3,NDUFS3,GCLM,ATP5F1C,MAPK1,TLR4,NDUFS7,PDCD1,IL18,KLRC2,PPARA,GPX1,IGHG3,NDUFB1,KLRD1,NDUFB6,ATP5F1B,SDHA,TAP1,UQCRC1,IL10,ATP5B,MBIP,PRF1,HLA-DRB1,ATP5D,KLRD1,GCLM,CD3E,IL1B,CS,UQCRC2,ACO2,NR4A1,TGFB1,CCR7,IL15,CCL5,NDUFA3,NDUFS7,SOD1,CD163,KIR3DL1,SDHB,IL1B,CD86,TNFAIP3,IL2,CD20,CASP1,IRF3,GPX4,IL2,TOX,CRH,CD244
NDUFA9,CD3E,IL5,IL1B,HLA-C,CD70,NDUFB3,ZFPM1,STAT4,CD3G,UQCRC1,CD244,CCL3,STAT3,P2RX3,CCL2,ICAM1,TBX21,TNF,CCL5,IL18,PD1,PDHB,IL12A,GZMH,IFNAR1,FCGR3A,NCAM1,TGFB1,GCLC,ATP5F1A,CD3E,SOCS1,IL21,IL18,MDH2,GZMM,CD14,NDUFS1,LAMP1,NDUFS3,CX3CR1,KEAP1,GZMA,CCL5,NDUFS4,HMOX1,ATP5F1D,MAPK3,TLR2,NDUFV1,CTLA4,IL18BP,KLRD1,SOD1,GPX4,IGHG4,NDUFA2,KLRC1,NDUFS1,ATP5F1C,SIGMAR1,NLRP3,UQCRFS1,TGFB1,ATP5C1,ATP5A1,GZMB,NDUFA3,ATP5E,KLRC1,NQO1,CD3G,IL1A,ACO2,CS,SOD2,NR4A2,FOXP3,CD27,IL7,CCL2,NDUFA4,NDUFV1,GPX1,CSF1R,KLRG1,UQCRC1,IL1A,ICOS,NFKBIA,IL21,MS4A1,TLR4,MAVS,CAT,IL4,BATF,CRHR1,BTLA
NDUFA10,CD3D,IL13,IL6,TLR4,CD19,NDUFB4,MYC,JAK1,CTNNB1,PPARGC1A,KLRG1,CCL4,JAK1,ATP2B1,CCL3,VCAM1,TCF7,IFNG,CXCR3,IL15,PDCD1,CS,IL12B,GNLY,IFNAR2,TLR4,FCGR3A,IL17A,GCLM,ATP5F1B,CD8A,NDUFA1,IL8,NLRP3,SOD2,NCAM1,CD163,NDUFS2,NCR1,UQCRB,TREM2,HMOX1,NCR1,CCL20,NDUFS7,NQO1,ATP5F1E,MAPK8,TLR3,UQCRC1,TIM3,IL17A,KLRK1,SOD2,GSR,IGHM,NDUFS1,KLRC2,NDUFS2,ATP5F1D,VCP,IL1RN,COX5A,IL1B,ATP5D,ATP5B,GNLY,NDUFB4,ATP5F1,KIR2DL1,HMOX1,CD19,IL1RN,IDH2,TFAM,SOD1,NR4A3,IL2RA,CD28,IL21,CCL3,NDUFB1,UQCRC1,GPX4,CCL2,NKG2D,UQCRC2,IL1R1,CD28,NFKB1,IL4,PLEKHA2,TLR3,DDX58,GSR,IL12A,TCF7,CASP1,TOX
NDUFA11,CD3G,CTLA4,IL4,TLR7,MS4A1,NDUFB8,LEF1,JAK2,CD19,NRF1,EOMES,CCL5,JAK2,SLC8A1,CCL4,PECAM1,PRDM1,TGFB1,CCR5,IL21,CTLA4,OGDH,IL23A,NKG7,IRF3,TLR2,GNLY,IL2,NFE2L2,ATP5F1C,CD4,NDUFA3,NFKBIA,CASP1,GPX4,FCGR3A,STAT1,NDUFS3,NCR3,UQCRC1,FKBP5,NQO1,KLRK1,CCL2,NDUFS8,GPX1,ATP5PB,JUN,TLR7,SDHB,TIGIT,IL17F,NCR1,CAT,GCLC,IGHA1,NDUFS2,NCR1,NDUFS3,ATP5F1E,SDHD,CASP1,COX7C,IL17A,ATP5E,ATP5C1,FCGR3A,NDUFB6,ATP5G1,KIR3DL1,PRDX1,CD20,CCL4,IDH3A,PPARGC1A,CAT,TIGIT,CD69,ICOS,IL23A,CCL4,NDUFB2,UQCRC2,CAT,CCL3,KLRC1,COX4I1,TNF,TNFRSF9,RELA,CCL2,ADA,TLR7,IFIH1,GCLC,IL17A,LEF1,IL18,TOX2
NDUFA12,CD2,PDCD1,IL10,TLR9,CD79A,NDUFS1,XBP1,JAK3,MS4A1,TFAM,TOX,CCL20,TYK2,NCX1,CCL5,CASP3,BATF,IL17A,CD69,CD28,TIM3,SDHA,KLRD1,NCAM1,IRF7,TLR9,GZMA,IL21,KEAP1,ATP5F1D,CD28,NDUFA9,TNFAIP3,ASC,CAT,FCGR3B,STAT3,NDUFS4,CD57,SDHB,IL1B,GCLC,KLRD1,CXCL10,NDUFV1,GPX3,ATP5PD,FOS,MYD88,ATP6V1A1,HAVCR2,CCL4,NCR3,GPX1,GCLM,IGHA2,NDUFS3,NCR3,NDUFS4,ATP5MC1,NDUFB2,PYCARD,ATP5A1,IL22,ATP5F1,ATP5D,CD16,NDUFS3,ATP5G2,FCGR3A,PRDX3,MS4A1,CCL5,OGDH,SIRT3,GPX1,CD244,KLRC2,CD40LG,TNFRSF1A,CXCR3,NDUFB3,COX4I1,GSR,CCL4,KLRD1,COX5B,TNFRSF1A,TNFRSF4,CCL2,CCL5,ITGB1,TLR9,MX1,NQO1,IL22,BTLA,CX3CR1,EOMES
NDUFA13,CD5,CD274,TGFB1,MYD88,IGHG1,NDUFS3,NCR1,CD19,CD27,POLG,TCF7,CXCL9,IRF3,CD8A,CXCL8,BCL2,ATP5F1A,IL22,CD38,LCK,HAVCR2,SDHB,KLRG1,FCGR3A,STAT1,MYD88,GZMB,CCL4,TNF,ATP5PB,CTLA4,NDUFB3,TNF,IL6,HMOX1,KIR2DL1,JAK1,NDUFS7,NOS2,SDHC,IL6,GCLM,NCAM1,CSF2,NDUFV2,SOD1,PDCD1,CD14,IRAK4,CYCS,TOX,CCL5,FCGR3A,GPX4,NFE2L2,CD14,NDUFS4,CD69,SOD1,ATP5MC2,ATP5PO,AIM2,ATP5B,IL4,ATP5G1,NDUFA3,NKG2D,NDUFS5,ATP5G3,NCAM1,TXNRD1,CD27,CXCL10,SUCLA2,SOD2,GCLC,BTLA,KLRK1,STAT1,TNFRSF1B,CCR5,SDHA,COX5A,GCLC,CCL5,ATP5A1,UCP2,IFNG,IL1B,CCL3,CXCL10,IL2,TGFB1,OAS1,HMOX1,IL23A,CD160,NOS3,TBX21
NDUFAB1,GATA3,NCAM1,STAT3,NFKB1,NCAM1,SDHA,NCR2,MS4A1,CD38,PINK1,LEF1,CXCL10,IRF7,CD4,CXCL10,BAX,ATP5F1B,ATP5F1A,HLA-DRB1,SMAD3,LAG3,SOD2,KLRK1,KLRC1,NDUFA2,STAT1,CD14,CXCL10,IL1B,ATP5PD,PDCD1,NDUFB5,IFNG,TNF,NQO1,KIR2DL3,JAK2,NDUFS8,SOD2,SDHA,IL10,GSR,CD69,CSF1,NDUFB3,SOD2,CD274,ATP5F1A,CD14,SOD2,EOMES,CCL3,NCAM1,GSR,KEAP1,FCGR3A,NDUFA5,FCGR3A,SOD2,ATP5MC3,NDUFA1,STAT1,PDK1,IL5,ATP5G2,NDUFB5,NKG2A,NDUFS6,ATP5H,CD244,SIRT1,CD38,CCL11,SUCLG1,GPX4,GSR,EOMES,NCAM1,STAT3,CD80,ATP5A1,SDHB,SDHA,GSTM1,CXCL10,ATP5B,LONP1,IFNGR1,IL6,CCL4,NDUFA3,IL2RB,FOXP3,ISG15,NFE2L2,TGFB1,CD244,TLR2,TCF7
NDUFB1,RORC,FCGR3A,ATP5F1A,NFKB2,KLRD1,SDHB,NCR3,CD79A,TNFSF13B,DNM1L,ID2,CCR2,TLR3,PDCD1,CD14,FAS,ATP5F1C,ATP5F1B,HLA-DQB1,CCR7,TIGIT,SOD1,KLRC1,KLRC2,NDUFA3,ATP5F1A,CD68,NDUFA3,IL6,IFNG,CD274,NDUFS1,IL17A,CD86,GSR,KIR2DL4,IRF3,NDUFV1,GPX1,ACADVL,TGFB1,PRDX3,CD19,CD3E,NDUFB5,CSF1R,CTLA4,ATP5F1B,CD4,SOD1,TBX21,CCL20,KIR2DL1,GCLC,TNF,CD68,ATP5A1,FCGR3B,CAT,COX4I1,NDUFA2,STAT3,PDK2,IL13,ATP5G3,NDUFB8,NKG2C,NDUFS8,ATP5I,CD226,SIRT3,CD138,NDUFA3,FH,CAT,PRDX3,TBX21,GPX1,JAK2,CD86,ATP5B,SDHC,SDHB,GSTT1,CX3CL1,COX4I1,TFAM,IFNGR2,TNF,CCL5,NDUFB3,NKG2C,IL2RA,RSAD2,TSPO,CCL2,CD274,MYD88,LEF1
NDUFB2,IL2,KLRK1,ATP5F1B,RELA,KLRC1,UQCRC1,KLRK1,CD79B,TNFSF13,NFE2L2,PRDM1,CCR7,TLR7,CTLA4,TLR4,CSF2,ATP5F1D,ATP5F1C,B2M,TNFRSF1A,CD28,GPX4,KLRC2,KLRD1,NDUFA4,ATP5F1B,CCL2,NDUFB3,IL8,TNF,LAG3,NDUFS3,IL1B,ICAM1,GCLC,KIR3DL1,IRF7,NDUFV2,GPX4,HADHA,CD4,TXN,CD27,CD3D,UQCRC1,TSPO,HAVCR2,ATP5F1C,CD8A,NFE2L2,GATA3,CXCR4,KIR2DL2,HMOX1,IL1B,CSF1R,ATP5B,NDUFA2,GPX1,COX5A,NDUFA3,JAK2,PCK1,IL7,ATP5H,NDUFS1,NCAM1,NDUFA1,ATP5J,ATP5F1A,PPARGC1A,SDC1,NDUFB3,MDH2,NFE2L2,HMOX1,PRDM1,GPX3,IRF7,CD28,ATP5F1,SDHD,PDK4,NFE2L2,CX3CR1,COX5A,PPARGC1A,TLR3,NFKB1,CCL20,NDUFS1,NKG2A,PDCD1,IFIT1,AIF1,CCL5,CD80,KLRK1,ID2
NDUFB3,IL21,PRF1,ATP5F1C,IRF3,PRF1,UQCRC2,KLRD1,PAX5,CD40,KEAP1,BATF,CX3CR1,TLR9,LAG3,TLR2,MIF,COX4I1,ATP5PF,TAP1,IFNAR1,CD86,GPX1,KLRC3,KIR2DL1,NDUFA5,ATP5F1C,CCL4,NDUFB7,IL10,IL1B,TIGIT,NDUFV1,CXCL10,VCAM1,GCLM,KIR3DL2,NFKB1,SDHA,CAT,HADHB,IL2RA,ATP5F1A,XBP1,CD3G,UQCRC2,AIF1,LAG3,COX7A1,CD8B,KEAP1,FOXP3,CCR7,KIR2DL3,NQO1,IL6,CSF2,ATP5C1,NDUFA3,GPX4,COX5B,NDUFA4,SOCS1,CS,IL15,ATP5I,NDUFS3,CD19,NDUFA2,ATP5J2,ATP5F1B,TFAM,IRF4,NDUFB6,PPARGC1A,HMOX1,NQO1,ID2,GPX4,IFNA1,HLA-DRB1,COX4I1,COX4I1,SOD1,KEAP1,ESRRA,NDUFB8,NRF1,TLR4,NFKB2,CXCL10,NDUFS2,CD16,CD86,BST2,CX3CR1,CXCL10,CD86,CD244,ID3
NDUFB4,IFNG,GZMB,NDUFA3,IRF7,GZMB,COX4I1,KLRC1,EBF1,IL1B,NQO1,IRF4,CD19,MYD88,TIGIT,CD68,HMGB1,COX5A,ATP5PO,TAP2,IL2RG,CD80,GSR,KLRF1,KIR3DL1,NDUFB1,COX5B,CSF1,NDUFS1,IL12A,IL6,HAVCR2,SDHA,CCL2,SELE,GSS,KIR3DL3,RELA,SDHB,GSR,ECHS1,CD3E,COX6A1,PRDM1,CD4,UQCRFS1,CD68,TIGIT,COX4I1,CD3E,HMOX1,IL17A,CSF2,KIR3DL1,PRDX1,IL10,CCL2,ATP5D,NDUFA4,GSR,COX6A1,NDUFA5,SOCS3,IDH2,IL12A,ATP5J,NDUFS4,CD20,NDUFA4,ATP5L,ATP5F1C,POLG,BLIMP1,NDUFB8,NRF1,NQO1,NR3C1,BATF,SOD1,CD80,HLA-DQB1,COX5A,COX5A,SOD2,NLRP3,APP,NDUFS1,SOD1,TLR9,RELA,CXCL13,NDUFS3,CD56,CD80,CXCL10,TREM2,MX1,KLRG1,TBX21,PRDM1
NDUFB5,GZMB,LAMP1,NDUFB3,IRAK4,NKG7,COX5A,NKG2A,TCF3,IL1A,HMOX1,BCL6,MS4A1,IRAK4,HAVCR2,CD163,S100A8,COX6C,NDUFS1,EOMES,CD3E,IL12A,CAT,NCR1,NCR1,NDUFB2,COX4I1,FTL,NDUFS2,IL12B,IL10,CD27,SDHB,CCL5,SOD2,TXN,NCR1,RELB,SDHC,GSS,ETFA,CD3G,COX7A2L,IRF4,CD8A,COX4I1,ITGAM,BTLA,COX5A,CD3G,NQO1,IL23A,CD19,NDUFS1,PRDX3,TGFB1,CCL3,ATP5E,NDUFA5,PRDX1,COX6B1,NDUFA6,IRF3,OGDH,IL12B,ATP5J2,NDUFV1,MS4A1,NDUFS1,ATP5O,ATP5F1D,MT-CO1,XBP1,NDUFS1,TFAM,GSR,FKBP5,IRF4,SOD2,CD86,HLA-A,COX7A2,COX5B,CAT,IL1B,CD74,UQCRC2,SOD2,MYD88,TLR4,CXCR4,NDUFS7,CD69,HLA-DRA,CCL5,CD68,OAS1,PRF1,BTLA,CD3E
NDUFB6,PRF1,NCR1,NDUFB8,STAT1,NCR1,COX6A1,CD16,FLT3,IL6,GCLC,MAF,CD27,TRAF6,BTLA,HLA-DRA,S100A9,COX7A2,NDUFS2,TOX,CD4,IL12B,NFE2L2,NCR2,NCR3,NDUFB3,COX6C,NCF1,NDUFS3,IL17A,IL17A,GATA3,UQCRC1,TLR4,GPX1,TXNRD1,NCR2,MYD88,SDHD,GCLC,GLUD1,CD3D,NDUFS7,PAX5,CD8B,COX5A,CX3CR1,TBX21,COX5B,FOXP3,GCLC,IL12B,MS4A1,NDUFS2,TXN,IFNG,CCL4,ATP5F1,NDUFA6,PRDX2,COX7A1,NDUFA7,IRF7,SOD1,IL23A,ATP5L,NDUFV2,CD27,NDUFS2,ATP5S,ATP5F1E,MT-CO2,PAX5,NDUFS2,POLG,PRDX3,CRH,MAF,CAT,IL18,HLA-B,NDUFA9,COX6A1,GPX1,IL18,CD19,SDHB,CAT,IRF3,TLR2,CCR7,NDUFS8,CD107A,HLA-DRB1,CCL2,P2RY12,OAS2,GZMA,CD160,CD4
NDUFB7,FASLG,FCGR3B,NDUFS1,STAT3,KIR2DL1,PDK1,FCGR3A,CD27,IL17A,GCLM,IL21,CD38,CD14,TOX,HLA-DRB1,CD14,NDUFA1,NDUFA4,TCF7,CD8A,IL23A,KEAP1,NCR3,CD69,NDUFS1,COX7A2,SOD1,NDUFS4,IFNG,IL2,TBX21,UQCRB,TLR7,GPX4,PRDX1,NCR3,GZMK,UQCRB,TXNRD1,GLS,CD244,NDUFV1,BCL6,CD28,COX5B,P2RY12,EOMES,NDUFS1,CTLA4,GCLM,HLA-DRB1,CD22,NDUFS3,TXNRD1,IL17A,CCL5,ATP5G1,NDUFA8,PRDX3,COX7A2,NDUFA8,MAVS,SOD2,IL18,ATP5O,COX5A,CD38,NDUFB1,NDUFA1,NDUFA3,MT-CO3,BCL6,NDUFS3,PDK4,TXN,POMC,NFATC1,GSR,NLRP3,HLA-C,NDUFB8,COX7A2,GPX4,CASP1,CD20,PINK1,GPX1,IRF7,TLR3,CSF2,NDUFV1,TIM3,CD19,CXCR3,ITGAM,ISG15,GZMB,ENTPD1,CD8A
NDUFB8,CCR7,KLRD1,NDUFS3,JAK1,KIR3DL1,PDK4,KIR2DL1,CD38,IL4,GSR,IL7R,TNFRSF17,CD86,EOMES,CSF1R,TLR4,NDUFA2,SDHA,LEF1,FOXP3,IL17A,NQO1,FCGR3A,LAMP1,NDUFS2,NDUFA2,SOD2,NDUFS7,TGFB1,IL21,RORC,COX4I1,TLR9,CAT,PRDX3,KLRK1,GZMA,UQCRC1,PRDX1,GOT2,KLRG1,UQCRC1,MS4A1,ICOS,COX6A1,TREM2,TCF7,NDUFS2,PDCD1,GPX1,HLA-DQB1,CD79A,NDUFS4,NFE2L2,IL22,CCR2,ATP5G2,NDUFA9,PRDX5,COX7C,NDUFA9,STING1,CAT,NDUFA1,NDUFA1,COX6C,IGHG1,NDUFB2,NDUFA2,NDUFB4,MT-ATP6,BACH2,NDUFS4,CPT1A,TXNRD1,ADRB2,NFATC2,GCLC,CASP1,B2M,NDUFS3,UQCRC1,GSR,TNF,MS4A1,PARKIN,GPX4,ATP5F1A,TLR9,IFNG,NDUFV2,LAG3,MS4A1,CCR5,TLR4,IFIT1,FCGR3A,CCL2,GZMB
NDUFB9,CD28,CD19,UQCRC1,JAK2,NDUFA3,CS,ATP6V1A,NDUFA3,IL12A,SOD1,IL2RG,TNFRSF13B,HLA-DRA,TBX21,COX4I1,TLR2,NDUFA4,SDHB,ID2,NFATC1,IL18,HMOX1,NCAM1,FASLG,COX4I1,NDUFA3,CAT,NDUFA9,IL2,IFNA1,NFKB1,COX5A,MYD88,GSR,KEAP1,KLRD1,GZMB,UQCRC2,PRDX3,BCKDHA,TCF7,UQCRC2,CD14,LCK,COX6B1,TYROBP,TOX,NDUFS3,LAG3,CAT,B2M,CD79B,NDUFS7,CX3CR1,IL4,CCR5,ATP5G3,NDUFA10,PRDX6,NDUFAF1,NDUFA10,IFNA1,GPX1,NDUFA2,NDUFA2,SDHB,IGHM,ATP5F1A,NDUFA3,NDUFS1,MT-ATP8,BATF2,NDUFS6,CPT2,NOS2,NOS3,TCF7,GCLM,IL1A,TAP1,SDHA,PDK1,PRDX1,TNFRSF1A,CD27,MFN2,GSR,ATP5F1B,CXCL8,IRF1,SDHA,CD38,IGHG1,CD14,TLR2,IFIT3,NCAM1,CCL3,PRF1
NDUFB10,LCK,MS4A1,UQCRC2,SOCS1,NDUFB3,IDH2,COX6A1,NDUFB3,IL12B,SOD2,CD27,CD14,HLA-DRB1,PRF1,COX5A,MYD88,NDUFA11,COX4I1,PRDM1,GATA3,IL1RN,PRDX1,NKG7,TNFSF10,COX5A,NDUFA4,GPX1,NDUFAB1,IL4,IFNB1,RELA,ATP5A1,IRF7,GSTM1,NFE2L2,KLRC1,PRF1,COX4I1,HMOX1,CPT1A,TOX,CYCS,FCGR3A,ZAP70,COX7A1,CD14,TOX2,NDUFA4,TBX21,PRDX1,TAP1,NCAM1,NDUFS8,CX3CL1,IL13,CX3CR1,ATP5H,NDUFA11,TXN,NDUFA2,NDUFA11,IFNB1,GPX4,NDUFA3,NDUFA3,UQCRC1,CD79A,ATP5F1B,NDUFA4,NDUFS2,MT-ND1,BHLHA15,NDUFS7,SLC25A4,NOX4,EDN1,IKZF2,GSS,TBX21,TAP2,SDHB,PDK2,PRDX3,NFKB1,CD138,OPA1,GCLC,ATP5F1C,IL10,IRF7,SDHB,CD39,CD27,CD16,NLRP3,DDX58,KLRK1,CCL5,GATA3
NDUFC1,ZAP70,CD22,COX5A,SOCS3,NDUFS1,ACO2,COX7A2L,NDUFB7,IL18,CAT,CD28,FCGR3A,NDUFA1,GZMB,COX5B,IRF7,NDUFB3,COX5A,BCL6,TBX21,TGM2,PRDX3,GZMM,XCL1,COX5B,NDUFB3,GPX4,UQCRC1,IL13,CCL2,STAT1,ATP5B,STAT1,GSTP1,NOS2,KLRC2,KLRG1,COX5A,NFE2L2,CPT2,TOX2,IL1B,CCR2,LAT,COX7A2,NR3C1,PRDM1,NDUFB8,GATA3,TXN,PSMB8,KLRK1,NDUFV1,CSF1R,AIF1,CXCR4,UQCRC1,NDUFB1,TXN2,NDUFA4,NDUFA12,OAS1,GSR,NDUFA4,NDUFA4,UQCRC2,CD79B,ATP5F1C,NDUFA5,NDUFS3,MT-ND2,EZH2,NDUFS8,NCAM1,PTGS2,VEGFA,CD38,TXN,GATA3,FCGR3A,UQCRC1,PDK4,TXN,RELA,CD79A,DRP1,GCLM,ATP5F1D,TGFB1,ATP5F1A,UQCRC1,NLRP3,CD70,LBP,TNF,IFIH1,KLRD1,IL10,RORC
NDUFC2,ITK,CD27,COX6C,NDUFA3,NDUFS2,MDH2,NDUFS7,NDUFS1,CXCL10,GPX1,TNFRSF4,CD68,NDUFA2,GZMA,COX6A1,IFNA1,NDUFS1,UQCRC1,MAF,RORC,NDUFS1,TXN,GZMH,XCL2,COX6A1,NDUFB5,HMOX1,UQCRC2,IL15,CCL5,STAT3,ATP5C1,STAT3,NQO1,NOS3,KLRC3,NCAM1,COX5B,KEAP1,ACOX1,EOMES,IL1A,CX3CR1,GATA3,ATP5A1,FKBP5,PRF1,SDHA,RORC,TXNRD1,NLRP3,KLRC1,NDUFV2,TREM2,CX3CR1,COX4I1,UQCRC2,NDUFB2,TXNRD1,NDUFA5,NDUFA13,MX1,NQO1,NDUFA5,NDUFA5,UQCRFS1,PAX5,ATP5F1D,NDUFA6,NDUFS4,MT-ND3,WHSC1,NDUFV1,KLRK1,GCLC,IL4,KLRG1,TXN2,RORC,FCGR3B,UQCRC2,IDH1,HMOX1,NR3C1,CD79B,TFAM,GSS,ATP5F1E,IFNG,ATP5F1B,UQCRC2,CXCL8,TNFRSF1A,MYD88,IL1B,TLR3,KLRC1,NFKB1,BCL6
NDUFS1,THEMIS,CD38,SDHA,NDUFB7,NDUFS3,PKM,NDUFV1,NDUFS3,CCL2,GPX4,CD69,CD163,NDUFA3,FASLG,COX7A2,IFNB1,NDUFS2,UQCRC2,BATF,IL7R,NDUFA3,TSPO,XCL1,FGFBP2,COX7A1,NDUFS1,NQO1,UQCRB,IL21,CXCL10,JAK1,SOD1,NFKB1,PRDX1,ARG1,KLRC4,FCGR3A,COX6A1,NOX2,ACACA,TBX21,IL6,CD163,RORC,ATP5B,CRHR1,GZMA,SDHB,IL2RA,CRH,CASP1,KLRC2,SDHA,NLRP3,TREM2,COX5A,UQCRFS1,NDUFB3,TXNRD2,NDUFA6,NDUFB1,ISG15,HMOX1,NDUFA6,NDUFA6,CYCS,IRF4,ATP5F1E,NDUFA7,UQCRC1,MT-ND4,ATP5A1,NDUFV2,KLRD1,TREM2,IL8,KLRC1,TXNRD1,EOMES,CD16,PPARGC1A,IDH2,NQO1,NR3C2,PAX5,NRF1,NQO1,ATP5PB,IL2,ATP5F1C,COX4I1,CXCL10,TNFRSF1B,IRAK4,IL6,TLR4,NCR1,RELA,PPARGC1A
NDUFS2,CD14,TNFRSF13B,SDHB,NDUFS1,NDUFA9,LDHA,ATP5A1,SDHA,CCL5,PRDX1,CD25,MERTK,NDUFA4,CD69,NDUFA2,ISG15,NDUFS3,CS,IRF4,CD27,NDUFB1,AIF1,XCL2,S1PR5,PDK1,NDUFS3,TXNRD1,ATP5A1,CCL2,NR3C1,JAK2,SOD2,RELA,PRDX3,IDO1,CD226,FCGR3B,COX7A2,MPO,FASN,GATA3,TNF,CD68,STAT3,ATP5C1,CRHR2,GZMB,UQCRC1,CD25,CRHR1,IL18,KLRB1,SDHB,IL18,TSPO,COX6A1,UQCRB,NDUFB4,AIF1,NDUFA7,NDUFB3,RSAD2,NFE2L2,NDUFA7,NDUFA7,PDK1,BLIMP1,ATP5PB,NDUFA8,UQCRC2,MT-ND5,ATP5B,UQCRC1,KLRC1,AIF1,IL18,KLRK1,PRDX1,RUNX3,CD56,NRF1,CS,NFE2L2,CRHR1,IRF4,PGC1A,PRDX1,ATP5PD,IL4,ATP5F1D,COX5A,CCL2,FASLG,NFKBIA,IL10,TLR7,CD226,NDUFS2,PPARGC1B
NDUFS3,CCL2,PAX5,IDH2,NDUFS2,NDUFB8,ENO1,UQCRC1,SDHB,CCR5,PRDX3,CD38,SIRPA,NDUFA5,CD38,NDUFA4,MX1,UQCRC1,IDH2,RUNX3,ICOS,NDUFB9,CX3CR1,CCL3,SELL,PDK2,NDUFS4,IFNA1,ATP5B,CCL5,NR3C2,JAK3,CAT,ATP5A1,TXN,TDO2,CD96,CD2,SOD1,ALOX5,SOD1,PRF1,NFKB1,AIF1,CD14,ATP5D,CRH,NCR1,UQCRC2,CD127,CRHR2,IL1A,KLRD1,SDHC,IL1A,CD68,COX7A2,UQCRQ,NDUFB5,CD68,NDUFA8,NDUFB4,IFIT1,KEAP1,NDUFA8,NDUFA8,PDK2,CD14,PDHA1,NDUFA9,COX4I1,MT-ND6,NDUFS1,UQCRC2,KLRC2,CX3CR1,CTLA4,KLRD1,PRDX3,IL22,NCR1,TFAM,ACO2,TSPO,CRHR2,PRDM1,PPARGC1B,PRDX3,ATP5PF,IL17A,ATP5F1E,ATP5A1,CCL5,FAS,RELA,TGFB1,TLR9,FASLG,SDHA,NRF1
NDUFS4,CCL3,EBF1,CS,NDUFS3,NDUFA13,HK2,SDHA,UQCRB,CSF2,TXN,HLA-A,NDUFS1,NDUFA6,CD57,NDUFB1,OAS1,UQCRC2,OGDH,ZEB2,CTLA4,NDUFS8,P2RX7,CCL4,FLT3,PDK4,SDHA,IFNB1,ATP5C1,CXCL10,CRHR1,TYK2,GPX1,ATP5B,TXNRD1,KYNU,PDCD1,KLRC1,SOD2,PTGS2,SOD2,GZMB,RELA,ITGAM,FCGR3A,ATP5F1,POMC,NCR2,UQCRB,CD28,POMC,PYCARD,NCR1,SDHD,CCL2,GFAP,NDUFS1,UQCRH,NDUFB8,TSPO,NDUFA9,NDUFB5,DDX58,PRDX1,NDUFA9,NDUFA9,PDK3,CCR2,PDHB,NDUFA10,COX5A,MT-CYB,NDUFV1,CYC1,NKG7,P2RY12,HAVCR2,NCR1,NFE2L2,IL13,KLRC1,PINK1,OGDH,AIF1,FKBP5,IGHG1,SOD1,HMOX1,ATP5PO,IL23A,ATP5PO,ATP5B,VEGFA,NCR1,JUN,CCL2,NLRP3,GNLY,PPARGC1A,NFE2L2
NDUFS5,CCL4,IRF4,ACO2,NDUFS4,NDUFB11,PFKM,SDHB,UQCRC1,IFNB1,NOX4,HLA-B,NDUFS7,NDUFA7,KLRG1,NDUFB2,STAT1,UQCRB,SUCLA2,IKZF2,PDCD1,NDUFV1,TREM2,CCL5,EBF1,PDHB,SDHB,IRF3,ATP5D,CXCL9,CRHR2,MAPK1,GPX4,ATP5C1,KEAP1,HAAO,HAVCR2,KLRD1,SOD3,NR3C1,CAT,GZMA,IL17A,NDUFA3,CD68,ATP5G1,AVP,NCR3,SLC25A4,ICOS,MC2R,AIM2,NCR2,UQCRC1,CCL3,S100B,NDUFS2,UQCR10,NDUFB9,CX3CR1,NDUFB1,NDUFB6,IFIH1,PRDX2,NDUFA10,NDUFA10,PDK4,CX3CR1,PDK4,NDUFA11,COX5B,SDHA,SDHA,UQCRFS1,PRF1,C1QA,CCL3,NCR2,KEAP1,IL5,KLRD1,PARK2,FH,CX3CR1,POMC,IGHG2,SOD2,NOS2,ATP5MF,CCL2,ATP5PB,ATP5C1,TGFB1,KLRK1,FOS,CCL4,CASP1,NKG7,TFAM,TFAM
NDUFS6,CCL5,NDUFA3,FH,NDUFS7,NDUFS8,NFE2L2,SDHC,COX5A,IFNA1,NCF1,HLA-C,NDUFV1,NDUFA8,CD160,NDUFS1,JAK1,UCP2,FH,NR4A1,LAG3,ATP5A1,TYROBP,COX4I1,PAX5,CS,SDHC,IRF7,ATP5F1,CSF1,FKBP5,MAPK3,GSR,ATP5D,NFE2L2,QPRT,LAG3,KLRK1,CAT,CRH,GPX1,KLRC1,IL8,NDUFA4,CD163,ATP5G2,NR3C2,KLRD1,CS,PRF1,NR3C1,GSDMD,NCR3,UQCRC2,CCL5,MBP,NDUFS3,UQCR11,NDUFB10,CX3CL1,NDUFB2,NDUFB7,TLR7,TXN,NDUFB1,NDUFA11,CS,HLA-DR,PDK1,NDUFA12,COX6A1,SDHB,SDHB,ATP5F1A,GZMA,CSF1R,CCL4,NCR3,HMOX1,CCL5,NKG2D,MFN1,SOD1,CD68,NOS3,IGHG3,CAT,TSPO,COX4I1,CCL3,NDUFA2,CS,IL4,KLRD1,ATF3,CXCL10,IL18,NDUFA2,GPX3,TFB1M
NDUFS7,CCL20,NDUFB8,MDH2,NDUFS8,SDHA,KEAP1,SDHD,COX5B,NDUFS1,NCF2,B2M,SDHA,NDUFA9,CD244,NDUFS2,SOCS3,LONP1,MDH2,NR4A2,TIGIT,ATP5B,CSF1R,COX5A,CD19,IDH1,SDHD,STAT1,ATP5O,CD38,HSP90AA1,MAPK8,GSS,ATP5F1,HMOX1,CD38,CTLA4,NCR1,GPX1,CRHBP,GPX4,KLRC3,CCL2,NDUFA5,CCR2,ATP5G3,CORT,KLRK1,IDH2,GZMA,NR3C2,P2RX7,PRF1,COX4I1,CXCL10,MOG,NDUFS4,COX4I1,NDUFS1,P2RY12,NDUFB3,NDUFB8,TLR9,TXNRD1,NDUFB2,NDUFA12,IDH2,CD86,PDK2,NDUFA13,COX7A2,SDHC,COX5A,ATP5F1B,GZMB,CD68,JAK2,GZMB,NQO1,CXCL10,GZMK,MFN2,SOD2,ITGAM,NOS2,IGHG4,GPX1,AIF1,COX5A,CCL4,NDUFA4,IDH2,IL17A,FCGR3A,EGR1,CSF1,HLA-A,NDUFA3,GPX4,TFB2M
NDUFS8,CSF2,NDUFS1,OGDH,NDUFV1,SDHB,SOD1,IDH1,COX7A2,NDUFS7,NOS2,TAP1,SDHB,NDUFA10,FCGR3A,NDUFS3,RIPK2,TFAM,ACO2,NR4A3,HAVCR2,ATP5J2,ITGAM,COX5B,MS4A1,IDH2,UQCRC1,STAT2,MT-ATP6,CD4,POMC,MAPK14,PRDX1,ATP5G1,COX2,CD39,TIGIT,NCR2,GPX4,POMC,GSR,KLRC4,CCL5,NDUFB1,CX3CR1,ATP5H,FKBP4,KIR2DL1,IDH3A,GZMB,FKBP5,HMGB1,GZMB,COX5A,CXCL9,OLIG2,NDUFS7,COX5A,NDUFS2,TMEM119,NDUFB4,NDUFB9,CD86,AIF1,NDUFB3,NDUFA13,IDH3A,CD80,PDK3,NDUFB1,SDHA,SDHD,COX5B,ATP5F1C,GZMH,ITGAM,RELA,GZMA,G6PD,CD19,GNLY,DNM1L,CAT,PTPRC,VEGFA,ATP5A1,GPX4,CD68,COX5B,CCL5,NDUFB1,MDH2,IL22,IFNA1,HMGB1,CSF2,HLA-B,NDUFA4,GCLM,COX4I1
NDUFV1,CSF1,NDUFS3,SUCLA2,NDUFV2,COX6A1,SOD2,IDH2,TFAM,NDUFV1,MPO,NLRP3,UQCRC1,NDUFB1,CD16,UQCRC1,JUN,PGC1A,SOD1,HAVCR2,PRF1,COX5B,CD68,COX6A1,CD22,IDH3A,UQCRC2,MX1,PDK4,CD8A,CRH,AKT1,PRDX3,ATP5O,MPO,HAVCR2,TOX,NCR3,GSR,AVP,HMOX1,KLRB1,CXCL10,NDUFB3,ITGAM,ATP5J,NOS3,KIR2DL3,OGDH,GZMK,HSD11B1,S100A8,GZMA,COX5B,HLA-DRA,CRH,NDUFS8,COX5B,NDUFS3,TREM2,NDUFB5,NDUFB10,CD80,CX3CR1,NDUFB4,NDUFAB1,OGDH,ITGAM,CS,NDUFB2,SDHB,UQCRC1,UQCRC1,ATP5F1D,GNLY,IL34,FOXP3,GZMH,AIF1,CD20,CCL5,NFE2L2,GPX1,P2RY12,VWF,ATP5B,GSR,CX3CR1,COX6A1,CXCL10,NDUFB2,PDHA1,IRF3,IFNB1,S100B,NOS3,HLA-C,NDUFA5,GSS,COX5A
NDUFV2,CSF1R,NDUFV1,COMT,UQCRC1,COX7A2,CAT,SOD1,NRF1,NDUFB1,AIF1,CASP1,COX4I1,NDUFB2,NCR1,UQCRC2,FOS,SIRT1,SOD2,ENTPD1,GZMB,COX7A2,CRH,COX6B1,CD79A,SOD1,UQCRB,ISG15,PDHA1,CD56,TREM2,MTOR,NCF1,NDUFA1,NOS2,CTLA4,TOX2,ITGAL,GSS,FKBP5,NQO1,KLRF1,CXCL9,NDUFS1,CXCR4,SOD1,EDN1,KIR3DL1,SUCLA2,KLRK1,HSD11B2,S100A9,GZMH,ATP5A1,HLA-DRB1,CRHR1,NDUFV1,COX6A1,NDUFS4,CSF1R,NDUFB6,NDUFB11,CD40,TSPO,NDUFB5,NDUFB1,SUCLA2,ITGAX,ACO2,NDUFB3,SDHC,UQCRC2,UQCRFS1,ATP5F1E,FCGR3A,APOE,IL2RA,GZMK,CX3CR1,MS4A1,CXCR3,KEAP1,GPX2,SPP1,EDN1,ATP5C1,GCLC,TREM2,COX6B1,CXCL13,NDUFS1,PDK1,IRF7,MX1,NLRP3,EDN1,HLA-DRB1,NDUFB1,CRHR2,COX6A1
NDUFV3,CXCR4,NDUFV2,POLG,UQCRC2,CYCS,GPX1,SOD2,PPARGC1A,NDUFC1,TSPO,IL18,COX5A,NDUFB3,KLRC2,SDHA,CREB1,SIRT3,CAT,CD244,NCAM1,SDHA,CRHR1,COX7A1,CD79B,SOD2,UQCRQ,OAS1,PDHB,NKG2D,P2RY12,NDUFS1,NCF2,NDUFA2,NOX2,PDCD1,BTLA,ITGB2,GCLC,NR3C2,NCF1,NCR2,TGFB1,NDUFS2,CCR5,SOD2,EDN2,CRH,MDH2,NCAM1,AVP,ATP5A1,GZMK,ATP5B,CRH,POMC,NDUFV2,COX6B1,NDUFS6,IL1A,NDUFB7,NDUFC1,CD40LG,CD68,NDUFB6,NDUFB2,FH,TLR4,IDH2,NDUFB4,SDHD,COX4I1,SLC25A4,IDH1,IFNG,IRF8,CXCR3,PRF1,TSPO,CD79A,CCR5,HMOX1,GPX3,NR3C1,EDNRA,ATP5F1,GCLM,P2RY12,COX7A1,CRP,NDUFS2,TFAM,TLR3,OAS1,IL1A,VEGFA,HLA-DQB1,NDUFB3,POMC,COX7A1
COX4I1,CX3CR1,UQCRC1,TFAM,UQCRFS1,UQCRC1,GPX4,CAT,PPARGC1B,SDHA,P2RY12,AIM2,COX6A1,NDUFB4,NKG2C,SDHB,ATF3,NRF1,GPX1,CD160,KLRK1,SDHB,POMC,COX7A2,IGHM,CAT,CPT1A,OAS2,CS,NKG2A,CX3CR1,NDUFS2,CYBB,NDUFA3,NOX4,LAG3,CD244,ITGAX,GCLM,HSD11B1,NCF2,FCGR3B,IL10,SDHA,CCR7,GPX1,EDNRA,CRHR1,FH,CD69,AVPR1A,ATP5B,FASLG,ATP5C1,CRHR1,NR3C1,UQCRB,COX6C,NDUFS7,IL1RN,NDUFB8,NDUFC2,ICOS,TREM2,NDUFB7,NDUFB3,MDH2,TLR2,IDH3A,NDUFB5,IDH1,COX5A,SLC25A5,IDH2,TNF,SPI1,CCR5,FCGR3A,P2RY12,IGM,CCR7,NQO1,GPX4,NR3C2,FLT1,COX4I1,NQO1,CSF1R,COX7A2,TNFAIP3,SDHA,SOD1,TLR4,ISG15,IL18,FLT1,HLA-DPA1,NDUFS1,HSP90AA1,NDUFA2
COX5A,CCR2,UQCRC2,PGC1A,COX5A,UQCRC2,GSR,GPX1,SIRT1,SDHB,CX3CR1,PYCARD,COX7A2,NDUFB5,KLRD1,SDHC,EGR1,POLG,GPX4,KLRD1,NKG2D,CYCS,MC2R,NDUFA4,IGHG1,GPX1,CPT2,IFIT1,IDH2,KLRK1,CSF1R,NDUFS3,NRF2,NDUFA4,NCF1,TIGIT,CD160,CD244,NQO1,HSD11B2,NCF4,NCAM1,IL4,SDHB,HLA-DRA,GPX4,EDNRB,AVP,ACO2,KIR2DL1,SGK1,COX4I1,TNFSF10,CS,NR3C1,NR3C2,UQCRC1,COX7A1,NDUFS8,S100B,NDUFS1,NDUFS1,ICOSL,P2RY12,NDUFB8,NDUFB4,ACO2,NDUFB8,OGDH,NDUFB6,IDH2,ATP5A1,VDAC1,IDH3A,IL1B,NR3C1,TLR7,CD226,TREM2,IGG1,CD69,SOD1,GSR,FKBP5,KDR,COX5A,HMOX1,ITGAM,COX7C,NFKBIA,SDHB,SOD2,TLR7,STAT1,CASP1,ADRB2,NDUFS1,NDUFS2,PYCARD,NDUFB1
COX5B,CCR5,COX4I1,NRF1,COX6C,MT-CO1,GCLC,GPX4,SIRT3,SDHC,TREM2,GSDMD,ATP5F1A,NDUFB6,NKG2D,SDHD,MYC,AKAP1,GSR,NCR1,NKG2C,VDAC1,NR3C1,NDUFS1,CD27,GPX4,ACADVL,IFIT3,OGDH,KLRC1,ITGAM,NDUFS4,KEAP1,NDUFA5,NCF2,TOX,VSIR,CD226,HMOX1,SGK1,PRDX1,KIR2DL1,CD274,SDHC,HLA-DRB1,CAT,VEGFA,AVPR1A,PDK1,KIR2DL2,ADRA1A,COX5B,CD226,ACO2,FKBP5,FKBP5,UQCRC2,COX7A2,NDUFV1,GFAP,NDUFS2,NDUFS2,TNFRSF4,ITGAM,NDUFB9,NDUFB5,LDHA,NDUFV1,SDHA,NDUFB7,CS,ATP5B,VDAC2,IDH3B,IL6,FKBP5,TLR9,CD96,CD68,CD22,CD25,SOD2,GCLC,HSP90AA1,ADRB1,COX6A1,KEAP1,GFAP,COX8A,MYD88,SDHC,CAT,TLR9,JAK1,AIM2,ADRA1A,NDUFS2,NDUFS3,TREM2,SDHB
COX6A1,CCR1,COX5A,NRF2,COX7A2,ACO2,GCLM,PRDX1,UCP2,SDHD,CSF1R,HMGB1,ATP5F1B,NDUFB7,KLRC1,CYC1,HIF1A,SOD1,GCLC,FCGR3A,KLRF1,PPARGC1A,NR3C2,NDUFS2,CD38,GSR,HADHA,BST2,SUCLA2,NCR1,CD68,NDUFS7,HO1,NDUFA6,CYBB,EOMES,SOD1,TIGIT,TSPO,SLC6A4,PRDX2,KIR2DL3,NLRP3,SDHD,CD86,PRDX1,VEGFB,POMC,PDK2,KIR3DL1,ADRA2A,NDUFS1,CD96,IDH2,HSP90AA1,HSP90AA1,UQCRFS1,COX7B,NDUFV2,CRH,NDUFS3,NDUFS3,TNFSF4,TYROBP,NDUFB10,NDUFB6,LDHB,NDUFS1,SDHB,NDUFB8,ACO2,VDAC1,DLD,OGDH,IL10,CRH,IRF3,KIR2DL1,ITGAM,CD138,ICOS,CAT,GCLM,CRHR1,ADRB2,COX7A2,NFE2L2,S100B,NDUFA2,IRAK4,SDHD,GPX1,MAVS,IRF3,PYCARD,CHRM3,NDUFA3,COX4I1,CSF1R,SDHC
COX6B1,CD163,ATP5F1A,PINK1,ATP5A1,IDH2,GSS,PRDX3,UCP3,UQCRC1,IL1B,S100A8,PPARGC1A,NDUFB8,NKG2A,SOD1,VEGFA,SOD2,NFE2L2,CD16,NCR1,TFAM,FKBP5,NDUFS3,PRDM1,GCLC,HADHB,ITGA2B,SDHB,PRF1,AIF1,NDUFS8,NQO1,NDUFA7,NDUFB1,TBX21,SOD2,CD96,AIF1,HTR1A,PRDX3,KIR3DL1,CASP1,UQCRC1,CD80,PRDX2,FLT1,MC2R,PDK4,KLRG1,ADRB1,NDUFB8,KIR2DL1,IDH3A,HSPA1A,HSPA1A,SOD1,COX7C,UQCRC1,CRHR1,NDUFS4,NDUFS4,IL12A,CSF1R,NDUFS1,NDUFB7,SLC25A4,SDHA,SUCLA2,NDUFB9,FH,ANT1,OGDH,SUCLA2,TGFB1,CRHR1,IL1A,KIR2DL3,TLR4,IL7R,PD1,GPX1,NQO1,MC2R,ADRA1A,NDUFS1,PRDX1,IL1B,NDUFA3,STAT1,UQCRC1,GPX4,MX1,IRF7,GSDMD,SCN9A,NDUFB1,COX5A,VCAM1,SDHD
COX6C,NDUFA4,ATP5F1B,PARK2,ATP5B,CS,NQO1,NFE2L2,SOD1,UQCRB,NLRP3,S100A9,NRF1,NDUFB9,NCAM1,SOD2,TFRC,SOD3,HMOX1,GZMK,FCGR3A,NRF1,HSP90AA1,NDUFS4,XBP1,GCLM,DBI,ITGB3,FH,GZMA,TMEM119,NDUFV1,TXN,NDUFA8,NDUFA3,KLRG1,SOD3,NDUFS1,CD68,HTR2A,TXNRD1,KIR3DL2,IL18,UQCRC2,TLR4,PRDX3,KDR,NR3C1,PDHB,CD16,ADRB2,SDHB,KIR2DL3,OGDH,HSPA1B,HSPA1B,SOD2,COX8A,UQCRC2,CRHR2,SDHA,NDUFS5,IL12B,CRH,NDUFS2,NDUFB8,SLC25A5,SDHB,FH,NDUFB10,MDH2,UCP2,IDH1,SUCLG1,IL2,POMC,IL12A,KLRB1,TLR2,RAG1,TIM3,GPX4,PRDX1,POMC,CHRM2,NDUFS2,PRDX3,IL6,NDUFA4,STAT3,UQCRC2,GSR,OAS1,MAPK1,ATP5A1,SCN10A,COX4I1,COX5B,ICAM1,SDHA
COX7A2,NDUFB1,ATP5F1C,MFN1,ATP5C1,MDH2,HMOX1,KEAP1,SOD2,UQCRQ,CASP1,MYD88,TFAM,NDUFB10,ADCC1,SOD3,SLC11A2,CAT,AIF1,GNLY,ATP5A1,NRF2,TNF,NDUFB1,IRF4,NFE2L2,SLC25A20,SELP,MDH2,GZMB,IRF8,NDUFV2,TXNRD1,NDUFA9,NDUFB6,CD244,CAT,NDUFS2,CX3CR1,TPH1,NFE2L2,NDUFS1,IL1RN,COX4I1,CD19,PRDX5,PECAM1,NR3C2,DLD,CD56,ADRB3,UQCRC2,KIR3DL1,FH,AVP,HSPA4,GPX1,SDHB,UQCRB,POMC,SDHB,NDUFS6,IL23A,CRHR1,NDUFS3,NDUFB9,SLC25A6,UQCRC2,MDH2,NDUFB11,OGDH,PINK1,IDH2,SDHA,IL4,HSP90AA1,IL12B,IL2RB,MYD88,RAG2,COX4I1,GSR,PRDX2,TLR2,CHRM3,NDUFS3,TXN,IL18,NDUFA5,JAK1,UQCRB,GCLC,ISG15,MAPK3,ATP5B,CACNA1C,COX5A,COX6A1,MUC2,UQCRC1
COX7C,NDUFB8,ATP5F1D,MFN2,ATP5D,OGDH,TXN,HMOX1,SOD3,COX4I1,PYCARD,IRAK4,POLG,NDUFS1,CD56,CAT,FTH1,GPX1,CD68,FASLG,ATP5B,NFE2L2,IL1B,NDUFB2,PDCD1,KEAP1,PDK1,PF4,SOD2,GZMK,NOS3,SDHA,CX3CR1,NDUFA10,NDUFB11,NKG2A,GPX1,NDUFS3,P2RY12,TPH2,KEAP1,NDUFS2,CRH,PDK1,MS4A1,GSR,TLR4,FKBP5,PPARGC1A,NKG2A,DBH,MT-CO1,FCGR3A,MDH2,POMC,ADRA1A,GPX4,SDHA,UQCRQ,NR3C1,SDHC,NDUFS7,IL27,POMC,NDUFS4,NDUFB10,VDAC1,COX4I1,COX4I1,NDUFS1,SUCLA2,PARK2,ACO2,SDHB,IL12A,HSPA5,IFNA1,IL1B,NLRP3,ATP5A1,COX5B,GCLC,PRDX3,TLR4,HTR1A,NDUFS4,TXNRD1,NLRP3,NDUFB1,JAK2,COX4I1,GSS,CGAS,MAPK14,NDUFS1,CRH,ATP5B,COX7A2,CD2,UQCRC2
COX8A,NDUFS1,CS,OPA1,ATP5F1,PDHA1,TXNRD1,NQO1,CAT,COX5A,IL18,TRAF6,UCP2,NDUFS2,NDUFS1,GPX1,FTL,GPX3,CX3CR1,TRAIL,MT-ATP6,POLG,IL6,SDHA,CTLA4,HMOX1,PDK2,THBS1,GPX1,FASLG,EDN1,SDHB,CD68,NDUFA11,NDUFS2,NKG2D,GPX2,NDUFS4,TREM2,IDO1,PARK7,NDUFS3,CRHR1,PDK2,CD79A,GCLC,TLR2,CYP11A1,NRF1,FCGR3A,COMT,MT-ND1,FCGR3B,PDK1,HSF1,ADRA2A,CAT,SDHC,UQCRH,NR3C2,SDHD,NDUFS8,EBI3,MC2R,NDUFS5,NDUFB11,PPARGC1A,COX5B,COX5A,NDUFS2,ME2,DNM1L,FH,CS,IL15,SGK1,IFNB1,IL1A,IL1B,ATP5B,NDUFS1,GCLM,PRDX5,TLR9,NPY,NDUFS7,GFAP,CRH,NDUFB2,COX6C,COX5A,NFE2L2,STING1,JUN,NDUFS3,CRHR1,ATP5A1,SDHA,KIR2DL1,CYC1
UQCRC1,NDUFS2,IDH2,DNM1L,ATP5O,PKM,PRDX1,GCLC,GPX1,COX6A1,GSDMD,MAPK1,VDAC1,NDUFS3,NDUFS7,GPX2,HLA-DRA,GPX4,P2RY12,CD27,MT-CO1,PINK1,IL10,SDHB,LAG3,NQO1,PDK4,VWF,GPX4,FAS,VEGFA,SDHC,CD86,NDUFA12,NDUFS3,NCAM1,GPX3,NDUFS6,CSF1R,IDO2,GSS,NDUFS4,CRHR2,PDK4,CD79B,GCLM,IL1B,CYP17A1,SOD1,SOD1,MAOA,MT-ATP6,SH2D1B,PDK2,HSPB1,ADRB1,PRDX1,SDHD,COX4I1,FKBP5,UQCRC1,SDHA,IL15,NR3C1,NDUFS6,NDUFC1,TFAM,ATP5A1,COX5B,NDUFS3,PC,MFN1,MDH2,ACO2,IL17A,MAPK14,CD3E,IL1RN,IL18,NDUFAB1,NDUFA1,TXN,TXN,MYD88,TLR4,NDUFV1,AIF1,CRHR1,NDUFB3,COX7C,COX5B,KEAP1,NDUFA3,FOS,NDUFV1,POMC,ATP5C1,SDHB,KIR2DL3,ATP5F1A
UQCRC2,NDUFS3,IDH3A,VDAC1,CS,LDHA,PRDX2,GCLM,GPX3,COX7A2,IL6,MAPK3,NFE2L2,NDUFS4,NDUFV1,GPX3,HLA-DRB1,GSR,TMEM119,CD70,MT-CO2,PRKN,IL2,SDHC,HAVCR2,TXNRD1,PDP1,SERPINE1,CAT,TRAIL,PECAM1,SDHD,HLA-DRA,NDUFA13,NDUFS4,PRF1,GPX4,NDUFS7,ITGAM,TDO2,GCLC,NDUFS5,POMC,PDHB,PAX5,NFE2L2,IL6,HSD11B1,SOD2,SOD2,TH,PPARGC1A,CD244,PDK3,ADRB1,ADRB2,PRDX2,IDH2,COX5A,SGK1,UQCRC2,SDHB,IL18,NR3C2,NDUFS7,NDUFC2,NRF1,ATP5B,COX6A1,NDUFS4,PDK1,MFN2,SUCLG1,SOD1,IL18,DUSP1,CD19,TNF,CASP1,NDUFA3,NDUFA2,TXNRD1,TXN2,IRAK4,TLR2,SDHA,CX3CR1,POMC,NDUFS1,COX7A2,COX6A1,HMOX1,NDUFB8,ATF2,SDHA,MC2R,PDK1,UQCRC1,KIR3DL1,ATP5F1B
UQCRB,SDHA,OGDH,ANT1,IDH2,HK1,CX3CR1,GSS,GPX4,ATP5F1A,IL10,JUN,KEAP1,NDUFS5,NDUFAB1,GPX4,CD86,GCLC,TREM2,ICOS,MT-CO3,SOD2,IL21,SDHD,TIGIT,PRDX1,PDP2,PROS1,NFE2L2,TNFRSF10A,ICAM1,UQCRC1,HLA-DRB1,NDUFB1,NDUFA9,GZMA,GSR,NDUFS8,PTPRC,KMO,AIF1,NDUFS7,NR3C1,IDH1,IRF8,KEAP1,TNF,HSD11B2,CAT,CAT,VEGFA,NRF1,ATP5F1A,PDK4,ADRB2,COMT,GSR,IDH3A,COX5B,HSPA1A,UQCRB,SDHC,IL21,FKBP4,NDUFS8,NDUFS1,NRF2,MT-CO1,COX6C,NDUFS5,PDK2,OPA1,PGC1A,SOD2,CCL2,ADRB2,KLRF1,TNFRSF1A,GFAP,NDUFS3,NDUFB1,PRDX1,TXNRD1,TRAF6,MYD88,SDHB,TREM2,MC2R,NDUFS2,COX4I1,COX7A1,NQO1,NDUFS1,EGR1,SDHB,NR3C1,PDK2,UQCRC2,IL17A,ATP5F1D
UQCRQ,SDHB,SDHA,CYC1,IDH3A,HK2,TSPO,AIF1,GSR,ATP5F1B,TGFB1,FOS,HMOX1,NDUFS6,COX6A1,GSR,CD80,GCLM,CSF1R,CD40LG,MT-CYB,GPX1,TGFB1,UQCRC1,CD244,PRDX3,CS,PDK1,KEAP1,TNFRSF10B,VCAM1,UQCRC2,ITGAM,NDUFB2,NDUFA10,GZMB,GSS,NDUFA3,CRH,KYNU,CX3CR1,NDUFS8,NR3C2,IDH2,SPIB,NQO1,IL10,NOS3,GPX1,GPX1,FLT1,TFAM,ATP5F1B,PDHA1,ADRA1A,DBH,GCLC,IDH3B,COX6A1,HSPA1B,UQCRQ,SDHD,IL7,FKBP5,ATP5F1A,NDUFS2,POLG,MT-CO2,COX7A2,NDUFS6,PDHB,TSPO,NRF1,CAT,CCL5,ADRA2A,CCR2,TNFRSF1B,CRH,COX7A2,SDHA,PRDX2,KEAP1,NFKB1,NOD2,SDHC,CD68,NR3C1,SDHA,COX5A,COX7A2,TXN,COX7A2,MYC,COX4I1,NR3C2,PDK3,CYCS,TGFB1,UCP2
CYC1,SDHC,SDHB,CYCS,OGDH,SOD2,AIF1,CD68,GCLC,PPARGC1A,IL17A,RELA,NQO1,NDUFS7,COX7A2L,GSTM1,CD40,GSS,CRH,OX40,NDUFS1,CAT,CCL4,UQCRC2,KLRG1,PRDX5,IDH1,PDK4,HMOX1,ZAP70,VWF,COX4I1,TREM2,NDUFB3,NDUFV1,IFNG,GCLC,NDUFB1,CRHR1,HAAO,TREM2,NDUFV1,FKBP5,CS,EBF1,HMOX1,IL17A,EDN1,GPX4,GPX4,KDR,POLG,ATP5F1C,PDHB,DRD2,TH,GCLM,IDH3G,COX6B1,HSP90AA1,UQCRFS1,UQCRC1,IL2RG,ADRB1,ATP5F1B,NDUFS3,SIRT1,MT-ATP6,CYCS,NDUFS7,DLD,AIF1,TFAM,GPX1,CXCL8,COMT,STAT4,IL6,CRHR1,COX4I1,SDHB,PRDX3,NFE2L2,RELA,IL10,SDHD,CSF1R,NR3C2,SDHB,COX5B,CYCS,TXNRD1,ATP5A1,HIF1A,COX7A2,FKBP5,PDK4,CYC1,IL1R1,UCP3
CYCS,SDHD,FH,SOD1,SDHA,SOD1,ITGAM,CX3CR1,GCLM,NRF1,IL21,NFKBIA,GCLC,NDUFS8,ATP5A1,GSTP1,CD28,NQO1,CRHR1,4-1BB,NDUFS4,GSR,CCL5,UQCRB,CD57,TXN,IDH2,PC,NQO1,LCK,FLT1,COX5A,AIF1,NDUFB4,NDUFV2,TNF,GCLM,NDUFB3,CRHR2,QPRT,TYROBP,NDUFV2,HSP90AA1,ACO2,CD22,TXN,IFNG,VEGFA,GSR,PRDX3,NOS3,PINK1,ATP5F1D,SLC25A4,HTR1A,NPY,NFE2L2,ACO2,COX6C,HSP90AB1,UQCR10,UQCRC2,CD69,ADRB2,ATP5F1C,NDUFS4,SIRT3,MT-ND1,SOD2,NDUFS8,DLAT,CD68,SOD2,GPX4,CXCL9,DBH,STAT6,IL6R,CRHR2,CYCS,SDHC,AIF1,AIF1,MAPK1,IL6,UQCRC1,P2RY12,FKBP5,SDHC,COX6A1,VDAC1,PRDX1,ATP5B,VEGFA,UQCRC1,HSP90AA1,PDHA1,SLC25A4,IL1R2,SLC25A4
ATP5F1A,UQCRC1,MDH2,SOD2,SDHB,GPX1,TLR4,TMEM119,NFE2L2,TFAM,IL23A,IKBKB,GCLM,ATP5F1A,ATP5B,KEAP1,CTLA4,HMOX1,POMC,GITR,UQCRC1,GSTP1,CXCL10,PPARGC1A,EOMES,GSS,OGDH,PCK1,GCLC,ERK1,KDR,COX5B,CSF1R,NDUFB5,ATP5A1,CD8A,PRDX1,NDUFB5,POMC,NDUFS1,CD68,SDHA,HSP90AB1,OGDH,CD72,TXNRD1,NLRP3,VWF,GCLC,PRDX5,EDN1,PRKN,ATP5F1E,SLC25A5,HTR2A,VIP,KEAP1,CS,COX7A2,VEGFA,UQCR11,UQCRFS1,CD25,CHRM3,ATP5F1D,NDUFS5,UCP2,MT-ND4,GPX4,NDUFV1,SOD1,CX3CR1,SOD1,GSR,CXCL10,NET1,JAK1,IL6ST,POMC,UQCRC1,SDHD,CD68,TSPO,MAPK3,IL17A,UQCRC2,ITGAM,HSP90AA1,SDHD,COX6B1,PPARGC1A,TSPO,SDHA,EDN1,UQCRB,HSPA1A,PDHB,VDAC1,TNFRSF1A,PINK1
ATP5F1B,UQCRC2,ACO2,CAT,SDHC,CAT,TLR2,P2RY12,KEAP1,MFN1,IFNB1,TLR7,GPX1,ATP5F1B,UQCRC1,HMOX1,ICOS,NFE2L2,MC2R,PD-L1,UQCRFS1,NOS2,NCR1,TFAM,TBX21,GSTP1,SUCLA2,ACO2,GSR,ERK2,TLR4,VDAC1,P2RY12,NDUFB6,ATP5B,CD4,PRDX2,NDUFB8,NR3C1,NDUFS2,TSPO,SDHB,HSPA1A,LDHA,BANK1,PARK7,CASP1,PECAM1,GCLM,GSR,EDNRA,MFN2,COX6A1,VDAC1,NOS3,CALCRL,CRH,FH,PDHB,VEGFB,CYC1,UQCRB,CD38,CHRM4,ATP5F1E,NDUFS6,SOD1,POLG,GCLC,NDUFV2,SOD2,TREM2,CAT,NFE2L2,CD4,HTR1A,JAK3,NFKB1,NR3C1,SDHA,UQCRC1,ITGAM,CX3CR1,MAPK8,TGFB1,CS,TMEM119,SGK1,UQCRC1,NDUFA3,NRF1,AIF1,SDHB,NOS3,CYC1,CRHBP,CS,PPARGC1A,TNFRSF1B,BNIP3
ATP5F1C,UQCRFS1,SUCLA2,GPX1,SDHD,GSR,NLRP3,TREM2,HMOX1,MFN2,CCL2,TLR9,GPX4,ATP5F1C,SDHB,TSPO,CD3E,KEAP1,NR3C1,PD-L2,SDHA,NOS3,NCR3,NRF1,TOX,GSTA1,SOD1,SUCLG1,NR3C1,MEK1,TLR2,PPARGC1A,TSPO,NDUFB7,ATP5C1,FOXP3,PRDX3,NDUFV1,NR3C2,NDUFS3,P2RY12,SDHC,HSPA1B,PKM,BLK,SIRT1,STAT1,ICAM1,TXN,GCLC,EDNRB,OPA1,COX7A2L,SOD1,NOS2,TLR4,CRHR1,MDH2,CS,FLT1,SOD1,UQCRQ,CD27,DBH,ATP5PB,NDUFS7,SOD2,TFAM,GSR,NDUFV3,CAT,TMEM119,GPX1,KEAP1,CD8A,EDN1,RELB,NFKB2,NR3C2,SDHB,UQCRC2,CX3CR1,TREM2,MAPK14,CD19,IDH2,IRF8,PER1,UQCRC2,NDUFA6,SOD1,CX3CR1,ACO2,EDNRA,CYCS,TJP1,ACO2,TFAM,NFKB2,BNIP3L
ATP5F1D,COX4I1,SUCLG1,GPX4,FH,GCLC,IL1B,TYROBP,NQO1,OPA1,CCL3,DDX58,CAT,ATP5F1D,SDHC,CX3CR1,CD4,TXNRD1,NR3C2,VISTA,SDHB,NOX2,KLRK1,ESRRA,NR4A1,TSPO,SOD2,FH,NR3C2,MEK2,NOD2,TFAM,GFAP,NDUFB8,ATP5D,IL10,PRDX5,NDUFV2,FKBP5,NDUFS4,TMEM119,SDHD,HSPB1,HK2,IGHM,SIRT3,STAT3,VCAM1,TXNRD1,GCLM,ACE,DNM1L,COX7A2,SOD2,EDN1,TLR2,CRHR2,OGDH,ACO2,KDR,SOD2,UQCRH,KLRG1,COMT,ATP5PD,NDUFS8,CAT,NRF1,CAT,SDHA,GPX1,P2RY12,GPX4,TXN,CD8B,VEGFA,NFKBIA,RELA,FKBP5,CS,UQCRB,P2RY12,TYROBP,PIK3CA,MS4A1,PPARGC1A,NLRP3,PER2,UQCRB,NDUFB1,SOD2,P2RY12,IDH2,GUCY1A1,SLC25A4,OCLN,IDH1,NRF1,REL,MFN1
ATP5F1E,COX5A,PC,GSR,MDH2,GCLM,IL18,CSF1R,TXN,DNM1L,CCL4,IFIH1,SOD1,ATP5F1E,SDHD,CX3CL1,CD8A,PRDX1,FKBP5,BTLA,COX4I1,CYBB,PRF1,SIRT1,NR4A2,AIF1,CAT,CD19,CRH,JNK1,MYD88,NRF1,S100B,NDUFB9,ATP5F1,TGFB1,PRDX6,COX4I1,FKBP4,NDUFS7,IRF8,UQCRC1,BAG1,PFKM,IGHG1,PPARGC1A,JAK1,ACE,PRDX1,NFE2L2,ACE2,FIS1,COX4I1,CAT,VEGFA,NOD2,POMC,SUCLA2,IDH1,NOS3,CAT,UQCR10,PD1,SLC6A2,ATP5PF,NDUFV1,GPX1,PPARGC1A,PRDX3,SDHB,GPX4,ITGAM,GSS,TXNRD1,CD3D,KDR,IKBKB,RELB,HSP90AA1,IDH3A,ATP5A1,TMEM119,CD68,AKT1,CD79A,TFAM,IL1A,CLOCK,UQCRQ,NDUFS5,SOD3,TMEM119,CS,PDE5A,SLC25A5,CLDN5,IDH2,POLG,FOS,MFN2
ATP5PB,COX5B,PDK1,GSS,ACO2,NFE2L2,CXCL10,ITGAM,TXNRD1,FIS1,CCL5,MAVS,SOD2,COX4I1,IDH1,TREM2,CD19,PRDX2,SGK1,CD200,COX5A,NCF1,GZMB,SIRT3,BATF,CD68,GPX1,MS4A1,CRHR1,JNK2,NLRP3,POLG,NLRP3,NDUFB10,UQCRC1,IL2,TXN,COX5A,VIP,NDUFS8,CSF1R,UQCRC2,TSPO,GAPDH,CD27,TFAM,JAK2,SIRT1,PRDX2,KEAP1,F2R,VDAC1,COX5A,GPX1,FLT1,MUC2,MC2R,SUCLG1,IDH2,EDN1,GPX1,UQCR11,TIM3,ADORA1,SDHA,NDUFV2,GPX4,SIRT1,HMOX1,SDHC,GSR,GFAP,GSR,PRDX1,CD3E,ANGPT1,CHUK,NFKBIA,SGK1,ACO2,ATP5B,TREM2,P2RY12,MTOR,CD79B,NRF1,IL18,ARNTL,UQCRH,NDUFS1,CAT,TREM2,MDH2,ACE,SLC25A6,CDH1,OGDH,PINK1,JUN,OPA1
ATP5MC1,COX6A1,PDK4,GCLC,PDHA1,KEAP1,CCL2,TSPO,PRDX1,HK1,CXCL9,IRF3,PRDX1,COX5A,IDH2,TYROBP,CD20,CRH,NOS3,CD200R1,COX6C,MPO,FCGR3A,PINK1,MAF,ITGAM,GPX4,CD27,POMC,P38,IL1R1,SIRT1,IL18,NDUFB11,UQCRC2,IL7R,TXN2,COX5B,NPY,NDUFV1,ITGAM,UQCRFS1,AIF1,SOD1,CD38,NRF1,NFKB1,F3,PRDX3,HMOX1,THBD,CYCS,COX5B,GPX4,ANGPT1,OCLN,NR3C1,SUCLG2,IDH3A,EDNRA,GPX4,CYC1,BTLA,NOS3,SDHB,NDUFV3,GSR,SIRT3,TXN,SDHD,GCLC,S100B,GCLC,PRDX2,CD28,LAG3,ATP5B,NFKBIB,TGFBR3,FH,ATP5C1,GFAP,TMEM119,PRKAA1,PAX5,PPARA,CASP1,TLR2,FH,NDUFS2,GPX1,CSF1R,OGDH,AGT,VDAC1,MUC2,SUCLA2,DNM1L,COX7A2,DNM1L
ATP5MC2,COX7A2,PDHB,GCLM,PDHB,NQO1,PTGS2,HLA-DRA,PRDX2,HK2,CXCL10,IFNB1,AIF1,COX5B,CS,AIF1,CD56,CRHR1,EDN1,SOCS1,COX7A2,HMOX1,NCAM1,SOD1,ATP5F1A,P2RY12,GSR,IGHG1,MC2R,FOXP3,CD79A,SIRT3,CASP1,NDUFS1,UQCRFS1,IL21,TXNRD1,COX6A1,BDNF,NDUFV2,HEXB,COX4I1,CX3CR1,SOD2,NCR1,POLG,RELA,SERPINE1,PRDX5,NQO1,PROCR,APAF1,NDUFS1,GSR,TLR4,CLDN1,NR3C2,PDK1,OGDH,VCAM1,GSR,COX4I1,CD244,EDN1,SDHC,UQCRC1,GCLC,SOD2,SOD1,UQCRC1,GCLM,ALDH1L1,GCLM,PRDX3,CTLA4,TIGIT,NDUFA9,TNFAIP3,ADRB1,MDH2,ATP5D,S100B,ITGAM,SIRT1,IFNG,PPARG,PYCARD,TLR4,SOD1,NDUFS3,GPX4,CD68,SUCLG1,FLT1,PPARGC1A,DEFA5,SDHB,SOD1,NDUFS3,SOD1
ATP5MC3,SOD1,SOD1,NQO1,PDK1,TSPO,CRH,HLA-DRB1,PRDX6,PKM,CRH,ISG15,GFAP,COX6A1,MDH2,P2RY12,NCR1,CRHR2,VEGFA,SOCS3,CS,PRDX1,CD14,SOD2,ATP5F1B,CX3CR1,GCLC,IGHG2,FKBP5,CTLA4,CD79B,PRKAA1,KLRC2,NDUFS2,COX4I1,CCL5,TXNRD2,COX6B1,HTR1A,SDHA,SPI1,COX5A,CX3CL1,CAT,KLRC1,PINK1,IRF3,CX3CR1,NQO1,TXN,SERPINE1,BCL2,NDUFS2,GSS,TLR2,TJP1,FKBP4,PDK2,SUCLA2,ICAM1,GCLC,COX5A,CD160,EDNRA,SDHD,UQCRC2,GCLM,FXN,GPX1,UQCRC2,NQO1,AQP4,PRDX1,HMOX1,PDCD1,IL21,NDUFB5,TLR4,ADRB2,OGDH,ATP5E,AQP4,PTPRC,SIRT3,IFNA1,SLC25A4,CRH,MYD88,SOD2,UQCRH,GSR,GFAP,FH,KDR,NRF1,REG3A,FH,SOD2,NDUFS4,SOD2
ATP5MF,SOD2,SOD2,HMOX1,PDK2,AIF1,CRHR1,CD74,CRH,LDHA,CRHR1,MX1,S100B,COX6B1,OGDH,TMEM119,KIR2DL1,POMC,VCAM1,CISH,IDH2,TXN,CCR2,CAT,MT-CO1,CSF1R,GCLM,IGHG3,HSP90AA1,PD1,MS4A1,PRKAA2,KLRD1,NDUFS3,COX5A,CXCL10,NFE2L2,COX7A2,HTR2A,SDHB,CXCL10,COX5B,TREM2,GPX1,KLRD1,PRKN,IRF7,CX3CL1,HMOX1,TXNRD1,PLAU,BAX,NDUFS3,GCLC,MYD88,AHR,FKBP5,PDK3,SDHA,SELE,GCLM,COX5B,HAVCR2,VEGFA,UQCRC1,UQCRFS1,GSS,PMAIP1,GCLM,UQCRFS1,HMOX1,SLC1A2,PRDX3,NOS3,FOXP3,IL1A,SDHA,TLR2,ADRA1A,SUCLG1,ATP5F1,NLRP3,IRF8,STAT1,IFNB1,SLC25A5,CRHR1,NFKB1,SOD3,UQCRB,GCLC,S100B,ME2,PECAM1,TFAM,IL22,MDH2,GPX1,NDUFS5,SOD3
ATP5PD,SOD3,SOD3,PRDX1,PDK4,GFAP,POMC,IL1B,CRHR1,LDHB,POMC,OAS1,TREM2,COX6C,FH,IRF8,KIR3DL1,MC2R,ICAM1,PTPN22,OGDH,TXNRD1,SELL,GPX1,MT-CO2,TREM2,GSS,GFAP,HSPA1A,PDL1,TNFRSF13C,SOD1,KLRK1,NDUFS4,COX5B,CX3CR1,KEAP1,COX8A,TPH1,SDHC,CCL2,COX6B1,CD68,GPX4,KLRK1,MFN1,MAPK1,TSPO,NOS2,ATP5A1,HIF1A,SOD1,NDUFS4,GCLM,NFKB1,IL22RA1,HSP90AA1,PDK4,SDHB,SELP,NFE2L2,COX6A1,NKG2D,FLT1,UQCRC2,UQCRB,TXN,PMPCB,KEAP1,UQCRB,TXN,SLC1A3,TXN,SIRT1,STAT1,IL4,COX5A,TLR9,ADRA2A,PDHA1,ATP5G1,CASP1,CSF1R,STAT3,IFNAR1,VDAC1,POMC,RELA,CAT,UQCRC1,GCLM,CRH,PCK2,VCAM1,POLG,IL17A,CPT1A,GPX4,NDUFB2,CAT
ATP5PF,CAT,CAT,PRDX3,SOD1,S100B,MC2R,IL6,CRHR2,PDK1,NR3C1,IFIT1,TYROBP,COX7A1,ACO2,MERTK,EOMES,NR3C1,PECAM1,SHP1,FH,KEAP1,ITGAX,GPX4,COX4I1,TMEM119,NFE2L2,AIF1,HSPA5,TBX21,EBF1,SOD2,NKG2C,NDUFS5,COX6A1,CD69,HMOX1,CS,TPH2,SDHD,CCL3,COX7A2,P2RY12,PRDX1,NKG7,MFN2,MAPK3,AIF1,NOS3,ATP5B,EPAS1,SOD2,NDUFS7,NFE2L2,RELA,REG3G,HSP90AB1,PDHA1,SDHC,VWF,KEAP1,COX6B1,NKG2A,KDR,UQCRFS1,UQCRQ,TXNRD1,JUN,PRDX1,UQCRQ,TXNRD1,CRH,TXNRD1,VEGFA,STAT3,IL18,UQCRC1,AIF1,CHRM3,PDHB,ATP5G2,IL1A,TLR2,JAK2,JAK1,SOD1,NR3C1,TJP1,GPX1,UQCRC2,GSS,CRHR1,PDK1,ICAM1,MT-CO1,SLC6A4,CPT2,CAT,SDHB,GPX1
ATP5PO,GPX1,GPX1,TXN,SOD2,CX3CR1,NR3C1,CCL2,NR3C1,PDK4,FKBP5,RSAD2,P2RY12,COX7A2,SUCLG1,GAS6,TBX21,NR3C2,VWF,SHP2,MDH2,CRH,TLR4,GSR,NDUFS1,PTPRC,KEAP1,TSPO,AIF1,GATA3,FLT3,CAT,NKG2D,NDUFS6,COX7A2,CD25,NQO1,IDH2,IDO1,UQCRC1,CCL4,ATP6V1B1,TMEM119,PRDX3,GNLY,OPA1,CD19,P2RX7,NCF1,ATP5F1,MYD88,CAT,NDUFV1,KEAP1,CD14,PRKAA1,SGK1,PDHB,SDHD,THBD,NQO1,COX6C,KLRC1,VWF,COX4I1,UQCRH,PRDX1,PGC1A,PRDX2,UQCRH,PRDX1,CRHR1,NQO1,EDN1,JAK1,CCL2,NRF1,CX3CR1,CHRM4,PKM,ATP5G3,PYCARD,TLR4,IRF1,STAT1,SOD2,FKBP5,OCLN,GPX2,UQCRFS1,NQO1,CRHR2,PDK4,SELE,MT-CO2,IDO1,ACADM,NFE2L2,SDHC,GPX4
SDHB,GPX3,GPX3,TXNRD1,CAT,P2RY12,NR3C2,CXCL10,NR3C2,CS,HSD11B1,CGAS,VCAM1,COX7B,PDK4,CRH,GATA3,FKBP5,CD19,LCK,ACO2,POMC,TLR2,GCLC,NDUFS3,IL1B,HMOX1,CX3CR1,CX3CR1,RORC,SOD2,GPX1,NKP46,NDUFS7,SDHA,HLA-DRA,TSPO,IDH3A,IDO2,UQCRC2,CCL5,ATP6V1B2,ITGAM,TXN,GZMB,DNM1L,MS4A1,TREM2,NCF2,NDUFS1,IRAK1,GPX1,NDUFV2,HMOX1,LBP,MTOR,TSPO,SOD1,FH,LDHA,HMOX1,COX7A2,KLRD1,SELE,COX5A,UQCR10,PRDX3,PARK2,TXNRD1,UQCR10,PRDX2,CRHR2,HMOX1,CRH,JAK2,CCL5,CPT1B,TREM2,DBH,HK2,ATP5H,NR3C1,MYD88,IRF7,CCL2,SOD3,HSD11B1,CLDN1,GPX3,CYC1,HMOX1,POMC,PDHA1,VWF,MT-CO3,IDO2,ACADVL,KEAP1,SDHD,PRDX1
SDHC,GPX4,GPX4,KEAP1,GPX1,TREM2,FKBP5,S100B,FKBP5,IDH1,HSD11B2,STING1,ICAM1,COX7C,SOD1,CRHR1,RORC,FKBP4,MS4A1,ZAP70,SUCLG1,ACTH,NOD2,GCLM,NDUFV1,IL6,NQO1,TREM2,P2RY12,CRH,GPX1,GPX4,FCGR3A,NDUFS8,SDHB,HLA-DRB1,AIF1,OGDH,TDO2,UQCRFS1,CCL20,UCP1,IRF8,NQO1,PRF1,FIS1,CD27,GFAP,NOX4,NDUFS2,IRAK4,GPX4,UQCRC1,NQO1,OCLN,PIK3CA,AIF1,SOD2,MDH2,LDHB,PRDX1,COX7B,NCR1,SELP,COX5B,UQCR11,HMOX1,PINK1,PRDX5,UQCR11,PRDX3,ACTH,KEAP1,CRHR1,NFKB1,CXCL10,ACADM,CD68,TH,PFKM,ATP5I,NR3C2,NFKB1,TBX21,CCL3,CAT,HSD11B2,CLDN5,GPX4,CYCS,TXNRD1,NR3C1,PDHB,THBD,MT-ND1,TDO2,SOD2,PRDX1,UQCRB,PRDX3
SDHD,GSR,GSR,NFE2L2,GPX4,TMEM119,HSP90AA1,GFAP,FKBP4,IDH2,ADRB1,ZBP1,SELE,UQCRB,SOD2,CRHR2,FOXP3,AVP,CD27,ITK,PDHA1,MC2R,MUC2,NQO1,SDHA,TNF,TXNRD1,TLR4,TREM2,CRHR1,CAT,GSR,GZMK,NDUFV1,SDHC,B2M,CX3CR1,SDHA,ADRB1,COX4I1,CSF2,UCP2,CSF1R,HMOX1,GZMA,TSPO,CD38,S100B,NFE2L2,NDUFS3,TRAF6,GSR,UQCRC2,PRDX1,CLDN1,AKT1,CX3CL1,CAT,SLC25A1,PKM,PRDX2,COX7C,FCGR3A,VCAM1,COX6C,COX4I1,NQO1,MFN2,TSPO,COX4I1,PRDX6,NR3C1,NFE2L2,CRHR2,NFKB2,STAT1,PDK4,PTGS2,DDC,GAPDH,ATP5J,FKBP5,RELA,GATA3,CCL4,GPX1,AVP,VIP,GSR,SDHA,TXNRD2,NR3C2,DLD,F3,MT-ND4,KMO,SOD1,PRDX3,UQCRC1,PRDX5
SDHA,GCLC,GSS,NOX2,GSR,CD68,HSPA1A,VIM,POMC,IDH3A,ADRB2,RIPK3,SELP,UQCRC1,CAT,POMC,IL17A,AVPR1A,SDC1,PI3K,PDHB,NR3C1,OCLN,HMOX1,SDHB,IL18,PRDX1,TLR2,CD68,CRHR2,NFE2L2,GCLC,LAMP1,NDUFV2,SDHD,CD74,CX3CL1,SDHB,ADRB2,COX5A,CXCR4,UCP3,CD163,GCLC,GZMK,AIF1,IGHG1,CCL2,KEAP1,NDUFB3,RELA,GCLC,UQCRB,PRDX2,CLDN5,MAPK1,ITGAM,GPX1,SLC25A3,HK1,PRDX3,COX8A,GZMK,ICAM1,COX7A2,COX5A,KEAP1,GPX1,NLRP3,COX4I2,NFE2L2,NR3C2,NOX2,POMC,RELA,JAK1,IDH2,SOD1,COMT,ENO1,ATP5J2,FKBP4,JUN,FOXP3,CCL5,GPX4,ACTH,VIPR1,GCLC,SDHB,PRDX1,FKBP5,DLAT,SERPINE1,MT-ATP6,KYNU,CAT,TXN,UQCRC2,GSR
FH,GCLM,GCLC,NOX4,GCLC,MBP,SGK1,CRH,AVP,OGDH,DBH,MLKL,VWF,UQCRC2,GPX1,NR3C1,IL17F,AVPR1B,XBP1,AKT1,DLD,FKBP5,CLDN5,NFE2L2,UQCRC1,NLRP3,PRDX2,MUC2,ITGAM,POMC,HMOX1,GCLM,CD107A,NDUFV3,IDH1,ESRRA,GFAP,FH,ADRA1A,COX6A1,CD14,RYR1,MRC1,GCLM,KLRB1,CX3CL1,IGHM,CCL3,GSTP1,NDUFB8,NFKB1,NQO1,CYCS,PRDX3,TJP1,MAPK3,P2RY12,GPX4,SLC25A4,HK2,PRDX6,ATP5F1A,GNLY,THBS1,COX7B,COX5B,NFE2L2,GPX4,CASP1,COX5A,KEAP1,FKBP5,CYBB,NR3C1,TLR2,IRF1,MDH2,SOD2,TLR5,LDHA,ATP5L,CRH,FOS,HLA-DRB1,CXCL10,GSR,MC2R,HTR3A,GCLM,SDHC,PRDX2,AVPR1A,DLST,PLAT,MT-CYB,QPRT,GPX1,TXNRD1,NRF1,GCLC
MDH2,GSS,GCLM,NCF1,GCLM,CRH,PER1,CRHR1,MC2R,FH,TH,FADD,EDN1,UQCRFS1,GPX3,NR3C2,IL22,AIF1,IRF4,MTOR,DLAT,CRHR1,TPH1,KEAP1,UQCRFS1,CASP1,PRDX3,OCLN,TSPO,ACTH,NQO1,NQO1,KIR2DL1,UQCRC1,IDH2,APP,P2RY12,MDH2,ADRA2A,COX7A2,TLR4,RYR2,ARG1,GSS,KLRF1,CSF1R,CD40,CCL4,GSTM1,NDUFA9,IKBKG,HMOX1,SLC25A10,PRDX6,MTOR,MAPK8,TREM2,GSR,SOD1,PFKM,TXN,ATP5F1B,FASLG,ADAMTS13,COX7C,COX6A1,JUN,CAT,PYCARD,COX5B,GSTP1,HSD11B1,NCF1,FKBP5,TLR4,IRF7,FH,SOD3,NOD2,G6PD,ATP5O,CRHR1,NOS1,HLA-DQB1,CXCL13,GSS,COMT,TPH1,GSS,SDHD,PRDX3,HSPA1A,PPARGC1A,ATP5A1,PINK1,HAAO,GPX4,GSR,NFE2L2,GCLM
CS,NQO1,NFE2L2,NCF2,GSS,CRHR1,CLOCK,CRHR2,AIF1,MDH2,COMT,CASP8,NOS3,UQCRH,GPX4,FKBP5,IL23A,CX3CR1,CD81,AMPK,DLST,CRHR2,IDO1,PRDX1,PDHA1,IL1A,PRDX5,CLDN1,CSF1R,MC2R,GCLC,HMOX1,KIR2DL3,UQCRC2,CS,TFAM,P2RX7,ACO2,CHRM2,ATP5A1,IL1B,SOD1,GFAP,GSR,NCAM1,TREM2,CD40LG,CCL5,MGST1,SDHB,CHUK,NFE2L2,SLC25A4,TXN,AKT1,MAPK14,CSF1,GSS,SOD2,PDK1,TXN2,ATP5F1C,TRAIL,TLR4,PPARGC1A,COX6B1,AIF1,SOD1,AIF1,COX6A1,GSTM1,HSD11B2,NCF2,AVPR1A,TLR7,TLR3,ATP5C1,CAT,MUC2,PGK1,MT-CO1,HSP90AA1,NOS2,B2M,MAPK1,GCLC,MAOA,SLC6A4,PRDX1,IDH2,NFE2L2,HSPA1B,NRF1,ATP5B,PRKN,TPH1,GSR,GCLC,NQO1,GSS
ACO2,HMOX1,KEAP1,MPO,TXN,POMC,ARNTL,POMC,TSPO,SLC25A10,NOS3,BID,VEGFA,UQCRQ,GSR,HSP90AA1,IL12B,CX3CL1,CCL2,SIRT1,GPX1,AVP,NOS3,PRDX2,CS,IL12A,PRDX6,SLC6A4,CD40,NR3C1,BAX,NFE2L2,KIR3DL1,UQCRB,ACO2,PPARGC1A,TREM2,SOD1,CHRM3,ATP5B,IL6,SOD3,PRKAA1,NFE2L2,FCGR3B,CD68,CD79A,CXCL10,EPHX1,SDHC,IKBKB,KEAP1,SLC25A12,TXNRD1,PIK3CA,NFKB1,IL1B,GCLC,SOD3,PDK2,TXNRD1,ATP5F1D,TNFSF10,MYD88,TFAM,COX6C,CD68,GSR,GFAP,COX6A2,CYP1A1,AVP,TSPO,AVPR1B,TLR9,TLR4,ATP5F1,GPX1,OCLN,TPI1,MT-CO2,HSPA1A,NOS3,TAP1,MAPK3,GCLM,DBH,EDN1,PRDX2,IDH3A,KEAP1,NOS3,NRF2,ATP5C1,MFN1,TPH2,NFE2L2,HMOX1,PRDX1,TXNRD1
IDH2,PRDX1,HMOX1,NOS2,TXNRD1,MC2R,AHR,MC2R,P2RX7,UCP1,EDN1,BCL2,FLT1,CYC1,GCLC,HSP90AB1,IL4,P2RY12,CCL3,SIRT3,GPX4,AVPR1A,EDN1,PRDX3,IDH2,IL12B,MPO,C3,CD86,NR3C2,BCL2,KEAP1,NKG2A,UQCRQ,FH,SIRT1,TYROBP,SOD2,NOS1,ATP5C1,TNF,CAT,SIRT1,KEAP1,ATP5F1A,CD86,CD79B,PTGS2,NUDT1,UQCRC1,MAP3K7,PRDX1,SLC25A13,NOX2,MAPK1,RELA,IL1A,GCLM,CAT,PDK4,TXNRD2,ATP5F1E,BCL2,CD14,NRF1,COX7A1,CX3CR1,GSS,S100B,COX6B1,CYP2E1,MC2R,AIF1,TPH1,MYD88,MYD88,ATP5G1,GPX2,TJP1,ALDOA,MT-CO3,HSPA4,EDN1,TAP2,MAP2K1,NQO1,SLC6A2,EDNRA,PRDX3,CS,PARK7,EDN1,TFAM,NDUFA1,MFN2,DDC,KEAP1,NQO1,PRDX2,TXNRD2
IDH3A,PRDX2,NQO1,NOS3,PRDX1,AVP,IDO1,NR3C1,P2RY12,SOD1,VEGFA,MCL1,KDR,MT-CO1,GCLM,SGK1,IL5,TMEM119,CCL4,PGC1A,SOD1,CRHBP,VEGFA,TXNRD1,OGDH,IL23A,NOX4,C4A,NOS3,FKBP5,CASP3,PRDX1,CD56,UQCRH,MDH2,SIRT3,CD68,SOD3,NOS2,ATP5D,IL10,GPX1,SIRT3,TSPO,ATP5F1B,HLA-DRA,PPARGC1A,NOS2,AIF1,UQCRC2,TAB1,PRDX3,UCP1,NOS2,MAPK3,ATG7,IL6,HMOX1,GPX1,CS,GSS,ATP5PB,BAX,LBP,POLG,COX7A2,TSPO,GCLC,CX3CR1,COX6B2,TSPO,POMC,CX3CR1,TPH2,SOD1,NLRP3,ATP5H,GPX3,CLDN1,GPI,MT-ND1,NOS3,EDNRA,BCL2,MAP2K2,HMOX1,ADRB2,NOS3,PRDX5,ACO2,SRXN1,VEGFA,POLG,NDUFB1,OPA1,PPARGC1A,HMOX1,GSTP1,PRDX3,TXN
OGDH,PRDX3,TXNRD1,TSPO,PRDX3,AVPR1A,IDO2,NR3C2,CX3CR1,SOD2,FLT1,XIAP,PECAM1,MT-CO2,NFE2L2,PER1,IL13,TSPO,CCL5,NRF1,SOD2,HSP90AA1,ACE,TXN,SUCLA2,CXCL10,NOS2,C5,EDN1,AVP,HSPA1A,PRDX2,CD16,COX4I1,OGDH,SIRT5,CSF1R,CAT,NOS3,ATP5E,TGFB1,GPX2,PPARGC1A,CX3CL1,ATP5F1C,HLA-DRB1,NRF1,CD14,CD68,COX5B,TAB2,TXN,UCP2,MPO,MAPK14,ATG5,NFKB1,NQO1,GPX2,ACO2,GSTP1,ATP5MC1,CASP3,CLDN1,SOD1,COX7B,ITGAM,GCLM,P2RY12,COX6C,AIF1,NANOS,TREM2,SLC6A4,SOD2,B2M,NDUFA1,GPX4,CLDN5,SOD2,MT-ND2,NOS2,EDNRB,FAS,MAPK14,PRDX1,ADRB1,GUCY1A1,PRDX6,NFE2L2,GPX3,FLT1,PINK1,NDUFS1,DNM1L,PPARA,NQO1,GSTM1,PRDX5,TXN2
SUCLA2,TXN,PRDX1,AIF1,NRF2,NR3C1,TDO2,FKBP5,CX3CL1,CAT,KDR,BIRC3,ADRB1,MT-CO3,KEAP1,CLOCK,IL2,CSF1R,CCL20,NRF2,CAT,HSPA1A,AGTR1,GSS,FH,CCL2,NOS3,C9,EDNRA,AVPR1A,DDIT3,PRDX3,EOMES,COX5A,SUCLA2,AMPK,ITGAM,GPX1,EDN1,ATP5F1,IFNA1,GPX3,TFAM,TREM2,ATP5F1D,ITGAM,TFAM,LBP,ITGAM,COX7A2,IRF3,TXNRD1,UCP3,G6PD,STAT1,BECN1,RELA,NFE2L2,GPX3,IDH2,GSTM1,ATP5MC2,CASP8,OCLN,SOD2,COX7C,TREM2,NFE2L2,TMEM119,COX7A1,CX3CR1,ADRB1,ITGAM,HTR1A,SOD3,CD3E,NDUFA2,GSR,LBP,CAT,MT-ND3,GUCY1A3,ACE,FASLG,JUN,PRDX2,TH,GUCY1B1,TXN,KEAP1,AIF1,KDR,PARK2,NDUFA4,FIS1,PRKAA1,GCLC,MPO,TXN,HMOX1
SUCLG1,TXNRD1,PRDX3,CD68,KEAP1,NR3C2,TPH1,FKBP4,CSF1R,GPX1,ANGPT1,TNFAIP3,ADRB2,MT-CYB,HMOX1,TPH1,IL7,TREM2,CXCL10,TFAM,GSR,HSPA2,ADRB2,GSTP1,MDH2,CCL5,CX3CR1,CFH,EDNRB,AVPR1B,CD4,TXN,ADRB2,COX5B,SUCLG1,MTOR,ITGAX,GPX2,EDNRA,ATP5O,IFNB1,GSR,NRF1,TYROBP,ATP5F1E,SELPLG,POLG,HMGB1,CX3CR1,MT-CO1,IRF7,NOS2,PPARGC1A,IL1B,STAT3,MAP1LC3B,TLR2,KEAP1,GPX4,MDH2,MGST1,ATP5MC3,CASP9,TJP1,SOD3,COX8A,P2RY12,KEAP1,MBP,COX7A2,TREM2,ADRB2,P2RY12,HTR2A,CAT,NCR1,NDUFA4,GCLC,CD14,GPX1,MT-ND4,VEGFA,AGT,CASP3,FOS,PRDX3,NPY,ADRA1A,TXN2,SOD1,CX3CR1,ADRA1A,MFN1,COX5B,SOD1,SIRT1,GCLM,NOS2,TXNRD1,HMOX2
SOD1,NFE2L2,PRDX5,CX3CR1,HMOX1,FKBP5,HTR2A,HSP90AA1,TREM2,GPX4,ANGPT2,CYLD,ADRA1A,SDHA,NQO1,TPH2,IL15,TYROBP,CCR7,POLG,GCLC,HTR1A,ADRB1,GSTM1,PCK2,CXCL8,CX3CL1,CFB,ADRA1A,HSD11B1,CD8A,TXNRD1,COMT,COX6A1,ACOX1,HIF1A,CRH,GPX3,VEGFA,CS,IL18,GCLC,PPARG,P2RY12,NDUFS1,ITGAL,COX6A1,S100A8,CX3CL1,MT-CO2,TBK1,NOS3,PPARGC1B,IL6,JAK1,SQSTM1,TLR4,TXN,GSR,ATG5,AIF1,ATP5PD,APAF1,MUC2,CAT,SDHA,TMEM119,HMOX1,MOG,COX7A2L,CD68,CHRM1,TMEM119,DRD2,GPX1,FCGR3A,NDUFA5,GCLM,REG3G,GSR,MT-ND5,KDR,AGTR1,BAX,ORAI1,TXN,VIP,ADRA2A,TXNRD1,SOD2,P2RY12,ADRA2A,MFN2,COX4I1,SOD2,SIRT3,TXNRD1,CRH,KEAP1,NQO1
SOD2,KEAP1,GSTM1,P2RY12,NQO1,CYP11A1,HTR3A,HSPA1A,CD68,GSR,BCL2,OTULIN,ADRA2A,SDHB,TXN,SLC6A4,IL21,CD68,CXCR4,COX4I1,GCLM,HTR2A,CHRM3,CX3CL1,GOT2,CCR5,CCL2,CD4,ADRA2A,HSD11B2,CD14,NOX4,DBH,COX6B1,ACADVL,PKM2,CRHR1,GPX4,NFKB1,ACO2,NLRP3,GCLM,HIF1A,C1QA,NDUFS2,ICAM1,COX6B1,S100A9,TSPO,MT-ATP6,MAVS,NOX2,NRF1,IL8,JAK2,ADRM1,TLR9,TXN2,GSS,ATG7,CX3CR1,ATP5PF,CYCS,JAK2,GPX1,SDHB,GFAP,NQO1,NLRP1,COX7B,ITGAM,CHRM2,GFAP,COMT,GPX4,NDUFA2,NDUFA10,GSS,NFKB1,PRDX1,MT-ND6,FLT1,VEGFA,NLRP3,STIM1,TXNRD1,CGRP,ADRB1,TXNRD2,SOD3,TMEM119,ADRB1,OPA1,UQCRC1,CAT,UCP2,NOX2,CRHR1,AVP,GSTM1
SOD3,SRXN1,AIF1,TREM2,G6PD,ADRB1,VDR,HSPA1B,ITGAM,GCLC,BAX,LUBAC,NPY,SDHC,TXNRD1,HTR1A,IFNG,CD163,CD28,COX5B,GSS,SLC6A4,FAS,CX3CR1,GLUD1,CXCR4,CCR2,CD8A,ADRB1,STAR,CD19,NOS2,NET1,COX6C,HADHA,LDHA,CRHR2,GSR,RELA,IDH2,NR3C1,GSS,LDHA,C1QB,NDUFA9,VCAM1,COX7A1,TJP1,P2RY12,VDAC1,DDX58,NOX4,TFAM,TNFAIP3,SIRT1,PSMD2,MYD88,TXNRD1,GCLC,ATG12,TREM2,ATP5PO,DIABLO,STAT1,GPX2,SDHC,S100B,PRDX1,AIM2,COX7C,P2RY12,CHRM3,S100B,TSPO,GSR,NDUFA5,NDUFB1,GSTM1,RELA,NRF2,MT-ATP6,ADRA1A,FLT1,IL1R1,TRPM3,KEAP1,EDNRB,ADRB2,NFE2L2,GPX1,TREM2,ADRB2,DNM1L,CYCS,GPX1,CPT1A,CYBB,POMC,CRHBP,GSTP1
CAT,TSPO,TSPO,ITGAM,CYBB,ADRB2,FFAR2,HSPA5,ITGAX,GCLM,CASP3,SHARPIN,VIP,SDHD,PRDX1,HTR1B,CCL2,GFAP,LCK,NDUFB8,NRF2,TPH1,FASLG,CCL2,GLS,CCL3,TREM2,CD3E,ADRB2,CYP11A1,CD3E,PTGS2,NPY,COX7A1,HADHB,PDK1,POMC,GSS,STAT1,IDH3A,FKBP5,NQO1,PKM,HEXB,SDHA,PECAM1,NDUFA2,OCLN,TREM2,ANT1,IFIH1,MPO,POLG,NFKBIA,HLA-B,UBB,IRAK4,TXNRD2,GCLM,ATG16L1,TYROBP,GPX1,XIAP,STAT3,GPX3,SDHD,MBP,PRDX2,NR3C1,COX8A,TMEM119,SCN9A,VIMENTIN,AIF1,GCLC,NDUFA6,NDUFB3,GSTP1,JAK1,KEAP1,MT-ATP8,ADRA2A,KDR,IL18,ATP2A2,NFE2L2,NOS3,NET1,KEAP1,GPX4,TYROBP,COMT,FIS1,SDHA,GPX4,ACADVL,CX3CR1,MC2R,FKBP4,KEAP1
GPX1,P2RY12,P2RY12,TLR4,NCF1,ADRA1A,FFAR3,HSP90AB1,GFAP,NFE2L2,CASP9,HOIP,CRH,IDH1,PRDX2,HTR2A,CCL3,S100B,SMAD3,NDUFS1,KEAP1,TPH2,BCL2,CCR2,CPT1A,CCL4,TYROBP,CD247,ACE,CYP11B1,CD86,MPO,CHRNA7,COX7B,ECHS1,PDK4,MC2R,GCLC,STAT3,OGDH,CRHR1,HMOX1,PDK1,ICAM1,SDHB,CDH5,NDUFS2,CLDN1,CSF1R,UCP2,STAT1,EPX,POLG2,CCL2,HLA-C,UBC,NOS3,PRDX1,KEAP1,BECN1,P2RY12,GPX4,MCL1,NFKB1,GPX4,IDH1,OLIG2,TXNRD1,FKBP5,COX8C,IRF8,SCN10A,AQP4,CX3CR1,GCLM,NDUFA10,NDUFB6,NFE2L2,JAK2,HMOX1,MT-CYB,ADRB1,TEK,IDO1,ATP2B1,BACH1,VEGFA,SLC6A2,NQO1,CAT,CD68,TPPP,SOD1,SDHB,GSR,PDK4,CX3CL1,NR3C1,HSP90AB1,FTH1
GPX2,TMEM119,TMEM119,TLR2,NCF2,ADRA2A,TJP1,ADRA1A,S100B,KEAP1,TP53,HOIL1L,CRHR1,IDH2,PRDX3,HTR3A,CCL7,VIM,NFKB1,SDHB,HMOX1,DDC,BAX,TREM2,CPT2,CX3CL1,AIF1,LCK,AGT,CYP11B2,HLA-DRA,CRH,CHRM3,COX8A,ETFA,PDHA1,NR3C1,GCLM,IRF3,SUCLA2,CRHR2,TXNRD1,PDK4,VCAM1,SDHC,NOS3,NDUFS3,CLDN5,CSF1,PINK1,STAT2,XDH,OPA1,CCL4,HLA-DQA1,PARK2,EDN1,PRDX2,HMOX1,MAP1LC3B,P2RY13,SOD1,BCL2L1,MAPK1,GSR,IDH2,CNP,TXN,CRH,COX10,CSF1R,ELP1,SLC1A2,CSF1R,GSTP1,NDUFB1,NDUFB8,KEAP1,STAT1,NQO1,SOD1,ADRB2,ANGPT1,IDO2,ICAM1,SRXN1,FLT1,DBH,HMOX1,GSR,CD86,MAP7,SOD2,IDH1,PRDX1,LDHA,TREM2,FKBP4,HSPA4,FTL
GPX3,TREM2,CX3CL1,NLRP3,NOS2,NOS3,CLDN1,ADRA1B,MBP,HMOX1,BECN1,TRADD,POMC,ACO2,SRXN1,HTR4,CXCL1,IL1B,RELA,UQCRC2,NQO1,MAOA,CASP3,TYROBP,HADHA,TLR2,CD68,ZAP70,TLR4,CYP21A2,HLA-DRB1,CRHR1,HTR2A,SDHA,SLC25A1,PDHB,NR3C2,GSTM1,IRF7,SUCLG1,POMC,TXNRD2,CS,ITGB2,SDHD,EDN1,CAT,MUC2,GFAP,PARKIN,STAT3,CYP2E1,MFN1,CCL5,HLA-DQB1,NOS3,EDNRA,PRDX3,NQO1,SQSTM1,TMEM119,SOD2,BID,MAPK3,GSS,IDH3A,MAG,CYBB,CRHR1,COX11,SPP1,IKBKAP,SLC1A3,TREM2,TXN,NDUFB4,NDUFB10,HMOX1,STAT3,GSS,SOD2,CD3E,ANGPT2,TDO2,VCAM1,TSPO,KDR,COMT,FTH1,GCLC,HLA-DRA,GRIK3,CAT,IDH2,PRDX3,MAPK1,AIF1,FKBP5,DNAJB1,MAF
GPX4,TYROBP,TREM2,CASP1,NOS3,EDN1,OCLN,ADRA2A,MOG,NQO1,ATG5,TRAF2,NR3C1,CS,GSS,HTR7,CXCL8,IL1A,NFKBIA,ATP5A1,TXN,COMT,CASP8,AIF1,HADHB,TLR4,TSPO,TP53,TLR2,BDNF,LDHA,CRHR2,DRD2,SDHB,SLC25A4,DLD,FKBP5,GSTP1,MAPK1,FH,AVP,PRDX1,IDH2,ITGB7,UQCRC1,VEGFA,PRDX1,VIP,S100B,MFN2,JAK1,ALOX5,MFN2,CXCL10,B2M,NOS2,EDNRB,PRDX4,PRDX1,ULK1,HEXB,CAT,PUMA,MAPK14,GCLC,IDH3B,MOG,NCF1,POMC,COX15,APOE,NTRK1,ALDH1L1,P2RY12,TXNRD1,NDUFB8,NDUFS2,NQO1,SOCS1,GCLC,CAT,CD3D,VWF,KYNU,SELE,AIF1,ANGPT1,NPY,FTL,GCLM,HLA-DRB1,P2RX7,GPX1,CS,NQO1,MAPK3,GFAP,HSP90AA1,AIM2,MAFK
GSR,AIF1,CD33,IL18,PTGS2,EDNRA,NOS3,ADRB1,COMT,TXN,PDK4,TNFRSF1A,NR3C2,FH,G6PD,BDNF,CXCL10,IL1R1,TNFAIP3,ATP5B,TXNRD1,DRD2,HSPA1A,CD68,ACADVL,TLR9,P2RX7,BCL2,NOD2,NTRK2,PKM,POMC,SCN9A,SDHC,SLC25A5,DLAT,FKBP4,NQO1,MAPK3,MDH2,CRH,PRDX2,OGDH,CD44,UQCRC2,FLT1,PRDX2,NPY,TGFB1,OPA1,JAK2,PTGS2,DNM1L,AIF1,TAP1,EDN1,VEGFA,PRDX5,PRDX2,MTOR,CSF1R,GSR,NOXA,IL6R,GCLM,IDH3G,NOS3,NCF2,HSP90AA1,COX17,TGFB1,NGF,CRH,TMEM119,PRDX1,NDUFS2,NDUFS3,PRDX1,SOCS3,GCLM,GPX1,CD3G,SELE,KMO,SELP,P2RY12,TEK,AVP,NCF1,GSS,MSR1,TRPM3,GPX4,OGDH,HMOX1,MAPK14,S100B,AVP,P2RX7,AIF1
GSS,CD68,ITGAM,PYCARD,MPO,NPR1,SIRT1,ADRB2,DBH,TXNRD1,CS,TNFRSF1B,FKBP5,MDH2,GLUL,NTRK2,CX3CL1,IL1RN,TLR2,VDAC1,PRDX1,DRD4,HSPB1,CD163,ACADM,MYD88,P2RY12,BAX,MYD88,NGF,SLC2A1,NR3C1,CACNA1C,SDHD,SLC25A6,SLC2A1,HSP90AA1,HMOX1,MAPK8,PDK4,SGK1,PRDX3,CDKN1A,CCR7,COX4I1,KDR,TXNRD1,SLC6A4,TGFB2,DRP1,TYK2,NRF2,FIS1,CD68,TAP2,EDNRA,KDR,PRDX6,PRDX3,PRKAA1,CD33,GCLC,P53,IL10RA,NFE2L2,CS,EDN1,AIF1,NR3C2,SOD1,IL1B,BDNF,CRHR1,ADRA1A,PRDX3,NDUFS4,NDUFS4,PRDX2,IRF1,TXN,GPX4,CD4,VCAM1,VEGFA,CDH1,TMEM119,PECAM1,TGFB1,NCF2,TXN,CD163,DPM1,GSR,FH,NFE2L2,JUN,TSPO,AVPR1B,CX3CL1,ITGAM
GCLC,ITGAM,GFAP,GFAP,XDH,COMT,EDN1,DBH,SLC6A2,PRDX1,IDH2,LTB,TLR2,OGDH,CRH,CREB1,CCR2,IL2,TLR4,ANT1,PRDX3,ADRA1A,CD19,CSF1R,PPARGC1A,IRAK4,ITGAM,CASP3,NFKB1,NTRK1,PDK1,NR3C2,FYN,CS,VDAC1,SLC16A1,HSP90AB1,TXN,MAPK14,PDHA1,HSPA4,PRDX5,CDKN2A,EZR,COX5A,ADRB1,GSR,SOD1,BDNF,CRH,SOCS1,HIF1A,PINK1,TSPO,IRF1,VEGFA,ANGPT1,AIF1,PRDX5,PRKAA2,ITGAM,GCLM,MDM2,TGFB1,KEAP1,ACO2,VEGFA,TSPO,CRHR2,SOD2,IL6,VEGFA,POMC,ADRA1B,PRDX6,NDUFS7,NDUFS7,PRDX3,IRF3,TXNRD1,GSR,CD8A,ICAM1,NOS2,HDAC1,ITGAM,CDH5,IL4,CX3CR1,TXNRD1,MRC1,NTRK1,GCLC,MDH2,KEAP1,FOS,CCR2,CRHBP,AIF1,CD68
GCLM,ITGAX,S100B,S100B,AIF1,DBH,EDNRA,COMT,SLC6A4,PRDX3,MDH2,LTBR,TLR4,SUCLG1,CRHR1,IL1B,CCR5,IL2RA,MYD88,UCP2,CYC1,ADRA2A,MS4A1,GFAP,SOD1,TRAF6,ITGAX,CASP8,RELA,GDNF,CS,FKBP5,ADRA1A,IDH2,VDAC2,CPT1A,TLR4,TXNRD1,LDHA,DLD,BAG1,PRDX6,TP53,ACTB,PPARGC1A,ADRB2,G6PD,SOD2,NGF,AVP,SOCS3,VEGFA,PARK7,TREM2,IRF3,FLT1,ANGPT2,CD68,PRDX6,CD3E,TSPO,GSS,CDKN1A,TGFBR1,NQO1,OGDH,FLT1,CD68,HSPA1A,SOD3,IL10,VEGFB,MC2R,ADRA2A,NFE2L2,SDHB,NDUFS8,PRDX5,IFNA1,GSTP1,GSS,CD8B,PECAM1,ARG1,HDAC2,ITGAX,SELE,IL13,CX3CL1,PRDX1,TSPO,DST,GCLM,ACO2,TXN,NFKB1,TLR2,SGIP1,CD68,CX3CR1
TXN,SPP1,MBP,MBP,CD68,OCLN,VEGFA,SLC6A2,TH,CRH,LDHA,RELB,MYD88,SUCLA2,POMC,IL2,CXCR3,IL2RB,OCLN,SOD1,CYCS,ADRB1,CD27,S100B,SOD2,NFKB1,CSF1R,FASLG,IL22,GFRA1,IDH2,FKBP4,ADRA2A,OGDH,ANT1,CPT2,TLR2,PRDX1,LDHB,SLC16A1,NCOA1,CX3CL1,RB1,CD3E,NRF1,ADRB3,GPX2,CAT,GDNF,POMC,ISG15,EPAS1,NFE2L2,CX3CR1,IRF7,KDR,TEK,CX3CR1,TXN,CD4,SPI1,NRF2,GADD45A,HSP90AA1,HMOX1,SUCLA2,KDR,TREM2,HSPA1B,CAT,CCL2,FLT1,AVP,ADRB1,KEAP1,SDHC,SDHB,TXN,IFNB1,SOD1,GCLC,CD28,CRH,SLC7A5,SIRT1,TLR2,VCAM1,IL17A,CSF1R,PRDX2,GFAP,RYR2,NFE2L2,PDHA1,TXNRD1,RELA,NOS3,SKA2,PTPRC,CX3CL1
TXN2,GFAP,MOG,MAG,CX3CR1,TJP1,FLT1,NOS1,DDC,CRHR1,PKM,NFKB2,NFKB1,SOD1,MC2R,IL4,CXCR4,IL2RG,CLDN5,SOD2,SLC25A4,ADRB2,IGHG1,NLRP3,GPX1,RELA,CSF1,CXCL9,IL23A,CNTF,COX4I1,HSP90AA1,NR3C1,SUCLA2,CPT1A,ACADVL,TLR5,PRDX2,PKM,SLC16A3,NCOA2,CSF1R,MAPK14,CD3D,TFAM,ADRA1A,GPX4,GPX1,CNTF,NR3C1,IFIT1,AIF1,KEAP1,CX3CL1,IFNAR1,ANGPT1,PECAM1,TSPO,TXN2,CD8A,IRF8,KEAP1,ATM,HSPA1A,PRDX1,SUCLG1,THBS1,TYROBP,HSPA5,GPX1,CXCL10,KDR,AVPR1B,ADRB2,NQO1,UQCRB,SDHC,TXNRD1,IFNAR1,GPX4,GCLM,ICOS,CRHR1,GLS,DNMT1,TLR4,ICAM1,IL23A,CSF1,PRDX3,S100B,FLNC,KEAP1,PDHB,NOS2,CREB1,EDN1,NCOA1,ITGAM,P2RY12
TXNRD1,S100B,OLIG2,MOG,P2RY12,CLDN1,KDR,NOS2,ADRB1,CRHR2,SIRT1,MAP3K7,RELA,SOD2,NR3C1,IL6,CD69,IL4,TJP1,CAT,SLC25A5,DBH,IGHG3,PYCARD,GPX4,IKBKB,IL34,CXCL10,CLDN2,CNTFR,COX5B,HSP90AB1,CRH,SUCLG1,CPT2,HADHA,TLR9,PRDX3,HK1,LDHA,CLOCK,CD68,MAPK8,CD4,POLG,ADRA2A,PRDX3,GPX4,IL1R1,NR3C2,OAS1,CX3CR1,MAF,S100B,IFNGR1,TEK,CDH5,IRF8,TXNRD1,CD8B,TLR2,NQO1,ATR,HSPB1,PRDX2,SUCLG2,SERPINE1,CSF1R,HSPB1,GPX2,S100B,NOS3,NR3C1,ADRB3,HMOX1,UQCRQ,SDHD,CRH,IFNAR2,MPO,NFE2L2,CD69,CRHR2,GLUL,TET2,MYD88,TFRC,CCL2,IL34,PRDX6,NOS3,STAT1,HMOX1,PKM,NOS3,ATF4,EDNRA,NCOR1,VEGFB,TMEM119
TXNRD2,SLC1A3,CNP,OLIG2,TMEM119,CLDN5,PECAM1,NOS3,ADRB2,AVP,SIRT3,TAB1,FAS,CAT,FKBP5,IL10,CD25,IL4R,MUC2,GPX1,VDAC1,PNMT,CD40,CASP1,CAT,ADRA1A,NLRP3,CCL5,OCLN,VIP,CYCS,HSD11B1,CRHR1,FH,ACSL1,HADHB,MYD88,PRDX5,HK2,LDHB,ARNTL,ITGAM,JUN,CD28,PINK1,CHRM2,PRDX5,PRDX1,TNFRSF1A,FKBP5,MX1,P2RY12,BACH1,GFAP,IL2RA,PECAM1,ICAM1,CSF1R,TXNRD2,CD14,TLR9,HMOX1,CHEK1,ATF4,PRDX3,FH,ICAM1,P2RY12,HSP90AB1,GPX3,GFAP,EDN1,NR3C2,SCN9A,NOX2,COX5A,SUCLA2,CRHR1,ISG15,NOX2,KEAP1,CD25,POMC,BDNF,EOMES,NFKB1,HIF1A,CCL3,AIF1,HMOX1,NOS2,STAT3,NQO1,HK1,EDN1,XBP1,VEGFA,AIF1,VEGFC,TREM2
PRDX1,SLC1A2,MAG,CRH,ITGAM,MUC2,CDH5,EDN1,ADRB3,AVPR1A,PRKAA1,TAB2,FASLG,GPX1,AVPR1B,IL17A,CD127,IL6,IDO1,GPX4,PPARGC1A,SLC6A2,CD40LG,IL1RN,GSR,ADRA2A,CASP1,IL17A,IDO1,VIPR1,UQCRC1,HSD11B2,ACTH,MDH2,PPARA,ACADM,TICAM1,PRDX6,PFKM,HK1,PER1,TYROBP,FOS,LCK,PRKN,CHRM3,ICAM1,PRDX3,TNFRSF1B,FKBP4,RSAD2,TREM2,CUL3,NR3C1,IL6R,TRPM3,VCAM1,ITGAM,MPO,CD19,CRH,TXN,CHEK2,XBP1,PRDX4,MDH2,VCAM1,TMEM119,HSP90B1,GPX4,MBP,EDNRA,FKBP5,SCN10A,NOX4,COX6A1,SUCLG1,CRHR2,MX1,PARK7,HMOX1,IL2RA,MC2R,NGF,TBX21,RELA,EPO,CCL5,ITGAM,NQO1,VEGFA,JAK1,TXN,HK2,VEGFA,TRPM3,FLT1,CX3CR1,FLT1,TYROBP
PRDX2,NR3C1,CXCL10,CRHR1,ITGAX,DEFA5,ICAM1,EDNRA,ADRA2A,AVPR1B,PRKAA2,CHUK,CASP3,GPX4,CYP11B1,IL18,CD45RA,IL6R,IDO2,GSR,TFAM,NET,LDHA,BDNF,GCLC,ADRB1,IL18,IL2,IDO2,VIPR2,UQCRC2,AVP,POMC,PDK4,PPARGC1A,ACADS,TICAM2,TREM2,PFKL,HK2,PER2,P2RY12,MYC,ZAP70,MFN1,HTR1A,VCAM1,NFE2L2,COMT,CRHR1,CCL2,CD68,SQSTM1,NR3C2,IL10RA,TRPA1,SELE,TREM2,NCF1,CD28,CRHR1,TXNRD1,BRCA1,DDIT3,PRDX5,PDK1,SELE,CD11B,AVPR1A,GPX5,MOG,EDNRB,HSP90AA1,AHR,CYBA,COX7C,COX5B,POMC,OAS1,PINK1,NQO1,IL7R,NR3C1,VIP,GATA3,IRF3,TLR2,CXCL10,ITGAX,SRXN1,VEGFB,JAK2,TXNRD1,LDHA,FLT1,TRPV1,KDR,CX3CL1,KDR,CSF1R
PRDX3,NR3C2,CCL2,CRHR2,TSPO,REG3A,VCAM1,EDNRB,VEGFA,POMC,MTOR,IKBKG,CASP8,GSR,CYP21A2,TNF,CD45RO,IL6ST,TDO2,GSTP1,NRF1,DAT,PKM,NGF,GCLM,ADRB2,PYCARD,IL21,TDO2,NPY,VDAC1,MC2R,AVP,PPARGC1A,TFAM,ETFA,NFKB1,TYROBP,ENO1,PFKM,CRY1,P2RY13,TERT,ICOS,MFN2,HTR2A,SELL,COX4I1,DBH,CRHR2,CCL3,CSF1R,SOD1,FKBP5,TGFB1,TRPV1,SELP,P2RY12,NCF2,CD40,CRHR2,PRDX1,RAD51,PPARA,PRDX6,PDK2,SELP,CD45,AVPR1B,GPX6,OLIG2,ICAM1,HSPA1A,IDO1,CYBB,PDK1,COX6A1,NR3C1,EIF2AK2,GLUL,PRDX1,FOXP3,NR3C2,CALCA,FOXP3,IRF7,TLR5,CCR2,P2RY12,FTH1,KDR,MAPK1,PRDX1,SLC2A1,KDR,TRPA1,ADRB1,P2RY12,EDN1,IL1RN
PRDX5,FKBP5,CCL11,CRHBP,TREM2,LBP,SELE,ACE,VEGFB,NR3C1,RPTOR,CARD9,BCL2,GCLC,CYP11A1,IFNA1,CD62L,IL8,TPH1,NQO1,POLG,VIP,HK2,NTRK1,NFE2L2,NOS3,GFAP,IL7R,KMO,NPY1R,TFAM,AIF1,AVPR1A,NRF1,POLG,ETFB,NFKB2,AIF1,PDK1,PKM,CRY2,TMEM119,CLOCK,HLA-DRA,NFE2L2,NPY,ITGAL,COX5A,TH,MC2R,CCL4,ITGAM,SOD2,HSP90AA1,TGFBR1,P2RX7,VWF,TMEM119,NCF4,CD80,POMC,PRDX2,XRCC1,PPARG,TXN,PDK3,VWF,HLA-DRA,FKBP4,GPX7,CRH,VCAM1,HSPA1B,IDO2,NCF1,PDK4,COX6C,NR3C2,DDX58,GLUD1,PRDX2,GATA3,FKBP5,TAC1,TCF7,GFAP,TLR9,CCR5,P2RX7,FTL,FLT1,MAPK3,PRDX3,CPT1A,HIF1A,P2RX7,ADRB2,TMEM119,EDNRA,NLRP3
PRDX6,FKBP4,CXCL1,AVP,CSF1R,CD36,ADRB1,AGT,NOS3,NR3C2,ULK1,MALT1,BAX,GCLM,STAR,IFNB1,CCR7,CXCL8,AADAT,HMOX1,PINK1,VIPR1,PFKM,GDNF,KEAP1,EDN1,S100B,SIRT1,KYNU,NPY2R,C3,CX3CR1,FKBP5,TFAM,CRH,ETFDH,RELA,CX3CR1,PDK4,G6PD,NR1D1,HEXB,ARNTL,HSP90AA1,KEAP1,COMT,ITGB2,COX5B,DDC,ARNTL,CCL5,TSPO,SOD3,HSP90AB1,SMAD3,CACNA1C,THBD,GFAP,ALOX5,CD86,MC2R,PRDX3,PARP1,PPARGC1A,TXN2,PDK4,F8,HLA-DRB1,NOS3,GPX8,CRHR1,SELE,CREB1,TDO2,NCF2,ACO2,COX7A1,FKBP5,IFIH1,GOT1,PRDX3,RORC,HSPA4,NPY,ID2,S100B,MYD88,MAPK1,TMEM119,MT1A,VWF,MAPK14,CRH,CPT2,EPAS1,CACNA1A,ADRA1A,TREM2,EDNRB,PYCARD
NQO1,HSP90AA1,IL1A,AVPR1A,IRF8,SLC2A2,ADRB2,AGTR1,EDN1,FKBP5,TBX21,BCL10,HSPA1A,GSS,NR3C2,IFNG,KLRG1,CXCL10,KMO,PRDX1,PRKN,VIPR2,ENO1,CRH,NQO1,ACE,MBP,SIRT3,HAAO,ADRB1,C4A,CX3CL1,HSP90AA1,POLG,CRHR1,COQ10A,RELB,CX3CL1,TRPM3,ENO1,RORC,SALL1,PER1,HSPA1A,SOD1,DBH,CDH5,COX6A1,SLC6A2,CLOCK,CXCL10,GFAP,CAT,HSPA1A,BCL2,SCN9A,F3,S100B,ALOX12,CD163,NR3C1,PRDX4,COX1,SIRT1,TXNRD1,SOD1,PLAT,TNF,VEGFA,GSR,CRHR2,SELP,CREM,KMO,NOS2,IDH2,COX8A,FKBP4,BCL2,GPT,PRDX5,STAT1,HSPA5,HTR1A,MTOR,VIM,NOD2,MAPK3,TREM2,MT2A,PECAM1,JUN,CRHR1,ACADVL,VHL,KCNJ2,ADRA2A,CSF1R,SELE,CASP1
HMOX1,HSP90AB1,CRH,AVPR1B,GFAP,JAK1,ADRA1A,REN,ANGPT1,HSPA1A,GATA3,CARD11,HSPA1B,NFE2L2,IL1R1,TGFB1,PD1,IL10,KYNU,PRDX3,MFN2,PACAP,PGK1,CRHR1,HMOX1,AGTR1,OLIG2,MTOR,QPRT,ADRB2,CFH,CSF1R,SGK1,SOD1,CRHR2,VDAC1,IL1B,P2RY12,TRPV1,ENO2,SIRT1,IRF8,PER2,HSPA8,SOD2,TH,SELE,COX6B1,SLC6A3,PER1,CXCR3,S100B,GPX1,HSPA1B,BAX,KCNJ2,SERPINE1,VIMENTIN,ALOX15,HLA-DRA,NR3C2,PRDX5,COX2,AMPK,TXNRD2,SOD2,PLAUR,IL1B,EDN1,GSS,POMC,PECAM1,ATF2,KYNU,NOS3,OGDH,CYC1,HSP90AA1,BAX,GLS,TXN,STAT3,AVP,HTR2A,HIF1A,ALDH1L1,NLRC4,MAPK8,TYROBP,CRH,CDH5,FOS,CRHR2,HADHA,EGLN1,GRIA1,CRH,CD68,SELP,S100B
NFE2L2,HSPA1A,CRHR1,POMC,S100B,JAK2,ADRA2A,AVP,ANGPT2,HSPA1B,RORC,SYK,HSPB1,KEAP1,IL1R2,CSF2,TIM3,IL10RA,NPAS2,TXN,OPA1,ADCYAP1,GAPDH,CRHR2,PRDX1,CACNA1C,NR3C1,HIF1A,TPH1,ADRB3,SERPINA1,TREM2,GILZ,SOD2,ACTH,ANT1,IL1A,TMEM119,CACNA1C,PGK1,SIRT3,SPI1,CRY1,HSPB1,CAT,CRH,SELP,COX7A1,ADRA1A,PER2,CCR5,MBP,GPX2,HSPA5,CASP3,KCNH2,TLR1,ALDH1L1,PTGS1,HLA-DRB1,FKBP5,PRDX6,COX3,MTOR,GLRX,CAT,ACE,IL6,VWF,GCLC,PCSK1,CDH5,HIF1A,ICAM1,AIF1,MDH2,UQCRC2,HSP90AB1,FASLG,SLC1A5,TXNRD1,STAT4,AVPR1A,DRD2,PPARA,SLC1A2,IRAK4,MAPK14,CD68,CRHR1,ICAM1,NFKB1,CRHBP,PPARA,F2,GRIN1,CRHR1,ITGAM,VWF,GFAP
KEAP1,HSPA1B,POMC,MC2R,VIMENTIN,STAT1,CHRM2,SIRT1,TEK,HSP90AA1,STAT3,BTK,HSP90AA1,HMOX1,IL1RN,CSF3,CD27,IL10RB,GRIK2,TXNRD1,DNM1L,ADCYAP1R1,C3,POMC,PRDX3,SCN5A,NR3C2,PRKAA1,TPH2,ADRA1A,CXCL8,TYROBP,PER1,CAT,MC2R,UCP2,IL1RN,CSF1R,SCN9A,GAPDH,SIRT4,GFAP,CRY2,ATF4,GPX1,POMC,CD44,COX7A2,ADRA2A,PER3,IL6,MOG,GPX3,CRH,CASP8,CHRNA7,TLR5,SLC1A2,PTGS2,FAS,CRHBP,CRH,COX4I1,CLOCK,KLRB1,GPX1,ACE2,IL10,ACE,GCLM,MC2R,CLDN5,VEGFA,VCAM1,CD68,SLC25A4,UQCRFS1,AVP,FAS,ASNS,CX3CR1,STAT5A,AVPR1B,COMT,PPARG,SLC1A3,TRAF6,AKT1,CD163,CRHR2,VCAM1,RELA,POMC,PPARG,F3,GABRA1,CRHR2,TSPO,THBD,VIM
NOX4,HSPA4,MC2R,NR3C1,TNFRSF1A,STAT3,CHRM3,SIRT3,PECAM1,HSP90AB1,STAT4,LYN,LDHA,NQO1,TNFRSF1A,PTPN22,CD28,IL17A,NR4A1,KEAP1,FIS1,NPY,C4A,MC2R,TXN,SCN9A,FKBP5,TLR3,DDC,ADRA2A,CXCR4,CD68,BMAL1,GPX1,NR3C1,PGC1A,TNF,ITGAM,KCNJ11,TPI1,PPARGC1A,S100B,NR1D1,EIF2AK3,GPX4,AVP,MADCAM1,SDHA,ADRB1,CRY1,IL6R,OLIG2,GPX4,CRHR1,CASP9,CHRNA4,TLR6,SLC1A3,NOS1,FASLG,AVP,POMC,COX5A,BMAL1,KLRC1,GPX4,NOS2,TGF-B1,EDNRA,GSTM1,AVPR1A,OCLN,EPO,PECAM1,TREM2,VDAC1,GPX4,AVPR1A,CASP3,ASS1,CX3CL1,JAK1,SGK1,ADRB1,IDO1,TNFRSF1A,IRF3,PIK3CA,TSPO,POMC,SELE,IRF3,ACTH,NRF1,SERPINE1,HTR1A,POMC,C1QA,PECAM1,ALDH1L1
CX3CR1,CRHR1,NR3C1,NR3C2,TNFRSF1B,NFKB1,SCN9A,PPARGC1A,VCAM1,TSPO,IRF7,ZAP70,PKM,TXN,TNFRSF1B,CTLA4,TNFRSF9,IL17F,KRT20,CYP1A1,ATG5,NPY1R,C1Q,NR3C1,TXNRD1,KCNQ1,CRHR1,DDX58,SELL,TH,CCR5,TSPO,CLOCK,GPX4,NR3C2,TFEB,IL6,CD68,ATP1A1,ALDOA,PPARA,VIM,RORA,DDIT3,GSR,NR3C1,LDHA,SDHB,ADRB2,CRY2,IL1R1,CNP,GPX7,POMC,APAF1,SLC6A4,NOD1,GJA1,NOS2,CASP3,AVPR1A,NR3C1,COX6C,PER1,KLRD1,GSR,ARG1,CCL2,EDNRB,GSTP1,AVPR1B,TJP1,BNIP3,SELE,CX3CR1,NRF1,SOD3,AVPR1B,CASP8,ASL,AIF1,JAK2,PER1,ADRB2,IDO2,NOS3,IRF7,MTOR,GFAP,NR3C1,SELP,IRF7,NR3C1,TFAM,PLAT,TLR3,NR3C1,C1QB,CDH5,AQP4
CX3CL1,CRHR2,NR3C2,FKBP5,RIPK1,RELA,SCN10A,PPARA,ICAM1,AIF1,TLR3,LCK,HK2,TXNRD1,IL6R,FCRL3,TNFRSF4,IL17RA,EZR,CYP1B1,ATG7,GAL,CFH,NR3C2,CYBB,RYR2,CRHR2,IFIH1,ICAM1,DBH,IL15,GFAP,CRY1,GSR,FKBP5,ATG5,IL10,CD86,SLC6A4,GPI,NAMPT,AQP4,RORB,ERN1,GCLC,NR3C2,LDHB,SDHC,CHRM2,NR1D1,IL1RN,MAG,GSR,MC2R,CYCS,HTR1A,NOD2,GJB1,NOS3,CASP7,AVPR1B,NR3C2,COX7A2,PER2,KLRG1,GSS,HIF1A,CXCL10,AGT,GSTT1,NR3C1,MMP2,PDK1,SELP,CX3CL1,SIRT1,GSTP1,MC2R,CASP9,ARG1,CD68,JAK3,CRY1,ADRA2A,TDO2,EDN1,IFNA1,STAT1,S100B,NR3C2,EDN1,CD19,NR3C2,POLG,THBD,TLR7,NR3C2,GFAP,TIRAP,SLC1A2
TSPO,POMC,AVP,HSP90AA1,RIPK3,IKBKB,CACNA1C,PPARG,FUT2,CX3CR1,TLR4,ITK,PDK1,PRDX1,IL6ST,STAT4,IDO1,TNF,CSK,ALDH2,MAP1LC3B,GALR1,HLA-A,FKBP5,NCF1,TRPM3,POMC,MAVS,VCAM1,PNMT,IL4,P2RX7,REV-ERBA,GSS,HSP90AA1,ATG7,CD14,HLA-DRA,PTPN22,PGM1,CD19,CRHR1,TIMELESS,ATG5,GCLM,FKBP5,PKM,SDHD,CHRM3,NR1D2,TNFRSF1A,PLP1,GSS,AVP,IDO1,HTR2A,NLRP3,AQPR4,XDH,CASP8,SGK1,FKBP5,COX8A,CRY1,NCR1,GCLC,EPAS1,NFKB1,AGTR1,NFE2L2,NR3C2,MMP9,LDHA,SELL,P2RY12,UCP2,PRDX1,STAR,PARP1,OTC,TSPO,IRF1,CLOCK,CHRM3,KYNU,VEGFA,IFNB1,STAT3,BDNF,FKBP5,EDNRA,MS4A1,FKBP5,SIRT1,PROC,TLR9,FKBP5,S100B,CLDN1,SLC1A3
AIF1,MC2R,AVPR1A,SGK1,NLRP3,MYD88,KCNQ1,PPARD,NOD2,CX3CL1,MYD88,PLCg2,IDH1,PRDX2,IFNGR1,IRF5,PTGS2,TNFRSF1A,ACTB,ADH1B,SQSTM1,ACHE,HLA-B,HSP90AA1,NCF2,TRPV1,MC2R,ICAM1,ITGB2,COMT,TGFB1,P2RY12,FLT3,GCLC,HSP90AB1,BECN1,LBP,HLA-DRB1,FCRL3,ADRA1A,MS4A1,CRHR2,NOS3,ATG7,GSS,CRHR1,HK1,UQCRC1,ACHE,RORA,TNFRSF1B,NR3C1,GCLC,AVPR1A,HK2,DRD2,IL17A,CRH,PARK7,CASP9,PER1,CYP11A1,NDUFA1,CACNA1C,NCR2,GCLM,EGLN1,STAT3,ADRB1,KEAP1,FKBP5,TIMP1,ENO1,TCF7,TMEM119,SOD1,TXN,CYP11A1,APAF1,CPS1,GFAP,IRF4,ARNTL,CACNA1C,C3,FLT1,STAT1,JAK1,NGF,HSPA1A,ANGPT1,CD22,HSP90AA1,SIRT3,VWF,MAVS,CYP11A1,MBP,OCLN,BDNF
CD68,STAR,AVPR1B,GILZ,CASP1,IRAK4,TP53,PDK1,TLR2,CSF1R,IRF3,PKC,ESRRA,PRDX3,IFNGR2,TNFAIP3,NOS2,TNFRSF1B,ITGB7,GSTM1,ULK1,CHAT,HLA-C,HSP90AB1,MPO,TRPA1,STAR,VCAM1,CCR2,MAO,ATG5,NLRP3,EBF1,GCLM,ADRB1,MAP1LC3B,ADRA1A,CRH,TNFAIP3,ADRA2A,CD27,AVP,EDN1,BECN1,NQO1,CRHR2,HK2,UQCRC2,CRH,RORB,CD40,CRH,GCLM,ADRB1,PKM,DRD4,IL22,CRHR1,PINK1,BCL2,CRY1,CYP17A1,NDUFA4,SCN9A,NCR3,NRF2,EGLN2,CRH,ADRB2,NRF1,FKBP4,TIMP2,PKM,LEF1,ITGAM,GPX1,NOX4,CYP11B1,TP53,NAGS,S100B,IRF7,NR1D1,TRPM3,C4A,KDR,STAT2,JAK2,CRH,HSPA8,ANGPT2,CD79A,SGK1,UCP2,ICAM1,DDX58,CYP17A1,MAG,TJP1,NGF
TREM2,CYP11A1,OXTR,PER1,IL1R1,TRAF6,CDKN1A,PDK2,TLR4,TREM2,MAPK1,CALM1,APP,PRDX5,TGFBR1,BLK,ARG1,IFNG,GATA3,GSTT1,MTOR,CHRM3,HLA-DQA1,HSPA1A,TSPO,ATP2A2,CYP11A1,PECAM1,CCR5,SLC6A2,ATG7,CASP1,CD79A,TXN,ADRB2,SQSTM1,ADRA1B,CRHR1,TRAF1,ADRB1,CD38,AVPR1A,EDNRA,MAP1LC3B,HMOX1,MC2R,PFKM,CS,CRHR1,DBP,CD40LG,POMC,NQO1,ADRB2,LDHA,GRIN1,IL23A,POMC,SIRT1,BCL2L1,NOS3,CYP21A2,NDUFB8,KCNJ2,FCGR3A,KEAP1,EGLN3,CRHR1,ADRA1A,PPARGC1A,HSP90AA1,HIF1A,HK2,TBX21,CSF1R,GPX3,KEAP1,CYP11B2,PRKAA1,SLC25A13,IL1A,IRF9,TLR5,TRPV1,C1QA,PECAM1,JAK1,BCL2,CRHR1,HSP90AA1,TEK,CD79B,DUSP1,SOD1,VCAM1,IFIH1,CYP11B1,MOG,CDH1,GDNF
TYROBP,CYP17A1,HTR1A,CLOCK,MYO9B,C3,BCL2,PDK4,TLR9,CD68,MAPK3,CAMK2A,CD74,PRDX6,TGFBR2,BANK1,IL1RN,IFNGR1,MYC,EPHX1,RPS6KB1,CHRNA7,HLA-DQB1,HSPA1B,AIF1,PLN,CYP11B1,SELL,CX3CL1,SLC6A4,SQSTM1,IL18,CXCR5,TXN2,TH,PINK1,ADRA1D,POMC,IFNA1,ADRB2,IGHG1,AVPR1B,EDNRB,SQSTM1,PRDX1,HSD11B1,PDK1,IDH1,POMC,TEF,FAS,ACTH,HMOX1,ADRA1A,PDK1,GRIN2B,RORC,ACTH,SIRT3,BAX,EDN1,HSD3B2,NDUFS1,SLC25A4,FCGR3B,HMOX1,VHL,CRHR2,ADRA2A,PPARGC1B,CYP11A1,EPAS1,PFKM,GATA3,TSPO,GCLM,GPX2,HSD11B1,SIRT1,SLC25A15,TNF,TLR3,NOD2,ATP1A1,CD55,CDH5,JAK2,BAX,CRHR2,HSP90AB1,CRH,IGHG1,PER1,SOD2,SELE,TMEM173,HSD11B1,OLIG2,DEFA5,CNTF
CSF1R,CYP21A2,HTR2A,ARNTL,TJP1,C4A,BAX,PDHX,IL22,CD86,MAPK8,NFAT5,CSF2,NCF1,CCR2,LYN,TGFBR1,IFNGR2,LEF1,MPO,EIF4EBP1,OPRM1,B2M,HSPA5,CX3CR1,SLC9A3,CYP11B2,ITGAL,MMP9,HTR1A,MAP1LC3B,PYCARD,TNFRSF13C,TXNRD1,DBH,PRKN,ADRB1,MC2R,IFNB1,DBH,IGHM,MC2R,VEGFA,ULK1,PRDX2,HSD11B2,PDK4,IDH2,NR3C1,VEGFA,FASLG,CORT,PRDX1,ADRA2A,PDK4,GRIA1,TGFB1,NR3C1,SIRT5,BAK1,EDNRA,HSD11B1,NDUFS3,SLC25A5,NKG7,NQO1,PTGS2,POMC,DBH,TFAM,CYP17A1,VHL,G6PD,RORC,GFAP,PRDX1,GPX3,HSD11B2,PPARGC1A,NR3C1,MBP,TLR4,NLRP3,SLC6A4,CD274,VWF,TYK2,CASP3,POMC,HSPB1,CRHR1,IGHG3,CRY1,CAT,SELP,OAS1,HSD11B2,SCN10A,DEFA6,NTRK1
P2RY12,HSD3B2,ADRA1A,DBH,OCLN,CFH,CASP3,PDHB,IL23A,P2RY12,MAPK14,NFATC1,KLF2,NCF2,CXCR3,PRDM1,TGFBR2,IFNA1,COMT,XDH,AMPK,OPRD1,TAP1,HSPB1,CSF1R,CRH,HSD11B1,HLA-A,TIMP1,HTR2A,HDAC1,C1QA,CD19,PRDX1,PNMT,MFN1,ADRB2,NR3C1,MX1,TH,CD40,NR3C2,FLT1,MTOR,TXN,STAR,IDH1,IDH3A,NR3C2,VEGFB,CD86,FKBP5,PRDX2,ACE,CPT1A,GAD1,IL10,NR3C2,FOXO1,BID,EDNRB,HSD11B2,NDUFS4,FN1,KLRF1,TXN,ALOX5,MC2R,COMT,POLG,CYP21A2,SLC2A1,TKT,RORA,S100B,PRDX2,GPX7,SGK1,PPARA,NR3C2,MOG,TLR7,IL22,OCLN,CD273,SELP,ISG15,CASP9,MC2R,HSPH1,CRHR2,IGHM,CLOCK,GPX1,PECAM1,EIF2AK2,TLR5,SCN9A,REG3A,NTRK2
TMEM119,HSD11B1,ADRA2A,TH,CLDN1,F2,CASP9,LDHA,MUC2,TMEM119,MAP2K1,CREB1,IRF1,CYBB,TLR3,PKM,SMAD2,IFNA2,RORA,NOX2,SIRT1,PENK,CLOCK,HSF1,TREM2,CRHR1,HSD11B2,HLA-B,CD62E,DRD2,DNMT1,C3,CD20,PRDX2,COMT,MFN2,ADRB3,NR3C2,OAS1,COMT,AICDA,FKBP4,KDR,XBP1,AIF1,CYP11A1,IDH2,OGDH,FKBP5,FLT1,CD80,HSP90AA1,PRDX3,ACE2,ACADVL,SLC1A2,IDO1,FKBP5,FOXO3,APAF1,VEGFA,AVPR1A,NDUFS8,COL1A1,KLRK1,TXNRD1,LTA4H,NR3C1,NET1,POLG2,CYP11B1,LDHA,TALDO1,STAT3,AQP4,PRDX5,GSS,IFNG,PPARG,CRH,MAG,TLR9,IL23A,CLDN5,CD80,SELE,MX1,TP53,NR3C1,BAG1,POMC,IL2RB,ARNTL,GPX4,CRH,RSAD2,MUC2,SLC6A2,REG3G,NTRK3
ITGAM,HSD11B2,ADRB1,DDC,CLDN5,VWF,FAS,LDHB,REG3A,HEXB,C1QA,ATF4,IDO1,NOX2,TLR4,LDHA,SMAD3,IFNB1,CD4,NOX4,SIRT3,POMC,ARNTL,AVP,TYROBP,POMC,AVP,HLA-C,DNMT1,DRD3,TET2,C3AR1,MS4A1,PRDX3,MAO,OPA1,CHRM1,FKBP4,OAS2,MAO,XBP1,HSP90AA1,ADRA2A,STAT1,CX3CL1,CYP11B1,ATG5,MDH2,HSP90AA1,KDR,CD28,HSPA1A,PRDX5,AGT,GLS,CLOCK,IDO2,HSPA1A,TP53,TLR2,VEGFC,CRHR1,NDUFV1,ITGB1,CD19,PRDX1,LTC4S,NR3C2,SLC6A2,OGG1,CYP11B2,PKM,RPE1,STAT4,ALDH1L1,TXN2,GCLM,IFNGR1,CPT1A,CRHR1,OLIG2,HLA-DRA,IL25,TJP1,CD86,ICAM1,OAS1,ATG13,NR3C2,NCOA1,NR3C1,TLR4,REV-ERBA,GSR,CRHR1,DNMT1,CLDN1,COMT,CD8A,CRH
PTPRC,NOS3,ADRB2,PNMT,VIL1,SERPINE1,FASLG,PKM,DEFA5,ITGAM,C3,EIF2AK3,CD86,MPO,TLR7,LDHB,SMAD7,IFNAR1,CD8A,NCF1,UCP2,BDNF,PER1,AVPR1A,P2RY12,MC2R,AVPR1A,HLA-DRA,DNMT3A,OPRM1,STAT1,IFNB1,IGHG1,PRDX5,SLC6A2,DRP1,CHRM2,FKBP5,OAS3,NET1,IRF4,HSP90AB1,ADRB2,STAT3,CX3CR1,CYP21A2,ATG7,PDK1,TJP1,NOS3,ICOS,HSPA5,PRDX6,AGTR1,GLUD1,ARNTL,TPH1,HSPA1B,TSPO,TLR4,FLT1,CRHR2,SDHA,ITGB7,MS4A1,PRDX2,CRH,FKBP5,CD19,MUTYH,HSD3B2,ENO1,ME1,NFKB1,SLC1A2,TXNRD2,GSTA1,IFNGR2,ACADVL,POMC,TREM2,HLA-DRB1,TSLP,MUC2,ICOS,VCAM1,IFIT1,ATG5,FKBP5,GFAP,NR3C2,TLR2,ROR,GCLC,POMC,DNMT3A,CLDN2,DBH,CD8B,CRHR1
SPI1,EDN1,NPY,ADRB1,DEFA5,THBD,DNMT1,HK1,NFKB1,GFAP,C4A,ERN1,CD80,DUOX1,TLR9,PDK1,MAPK1,IFNAR2,CD8B,NCF2,UCP3,NTRK2,PER2,AVPR1B,TMEM119,NR3C1,AVPR1B,HLA-DRB1,TET2,PENK,STAT3,IFNA1,IGHM,HMOX1,SCN9A,FIS1,CHRM3,HSP90AA1,ISG15,NPY,PAX5,CRHBP,COMT,NFKB1,TREM2,SLC6A4,BECN1,PDK4,OCLN,NOS2,CD274,HSF1,TXN,EDN1,CRP,PER1,TPH2,HSP90AA1,CX3CR1,TLR5,KDR,TNFRSF1A,SDHB,CDH1,CD22,PRDX3,CRHR1,FKBP4,CD27,NEIL1,HSD11B1,PDK1,ME2,RELA,SLC1A3,NOS3,GSTM1,IL2,HADHA,ACTH,TYROBP,CD19,REG3A,DEFA5,P2RX7,THBS1,DDX58,ATG7,FKBP4,AIF1,FKBP5,MYD88,MELATONIN,GCLM,NR3C1,TET1,OCLN,ADRB1,CD4,CRHR2
IRF8,EDNRA,NPY1R,ADRB2,REG3A,PROC,DNMT3A,HK2,NFKB2,S100B,CFH,ATF6,C3,DUOX2,MYD88,PDK2,MAPK3,TGFB1,ADRB1,CYBB,CRH,NGF,CRY1,PKM,HEXB,NR3C2,ADRB1,HLA-DPA1,HDAC1,PDYN,JAK2,IFNA2,BLNK,NQO1,TRPV1,CRH,CHRM4,HSP90AB1,IFIT1,NOS1,CD79A,OXT,CD19,RELA,TYROBP,TPH1,MAP1LC3B,PDHB,CLDN1,EDN1,CD3E,DDIT3,TXN2,NOS1,IL12B,PER2,SLC6A4,HSP90AB1,CX3CL1,TLR9,ADRA1A,TNFRSF1B,SDHC,C3,CD79A,PRDX4,POMC,SGK1,CD28,NEIL2,HSD11B2,PDK4,IDH3A,DNMT1,C1QA,ALOX5,GSTM2,IL2RA,ECHS1,MC2R,P2RY12,MS4A1,REG3G,VIL1,ENTPD1,SERPINE1,IFIH1,BECN1,STUB1,CD68,FKBP4,NLRP3,BDNF,GSS,FKBP5,HDAC1,TJP1,ADRB2,CD3E,POMC
GFAP,EDNRB,NPY2R,ADRA1A,REG3G,F8,TET1,PFKM,RELA,MBP,CD55,HSPA5,C4A,NOS2,IRAK1,IDH1,MAPK14,TGFBR1,ADRB2,DUOX1,POMC,NTRK1,CRY2,LDHA,C1QA,FKBP5,ADRB2,JAK1,HDAC2,GAD1,MAPK1,IRF3,SYK,KEAP1,CACNA1C,POMC,CHRM5,HSPA1A,IFIT3,NOS3,FAS,OXTR,MS4A1,JUN,TSPO,TPH2,SQSTM1,PPARA,CLDN5,EDN2,CD4,ATF4,TXNRD1,NOS3,IL23A,CRY1,HTR1A,HSPB1,P2RY12,MYD88,ADRA2A,IL1B,SDHD,C4A,CD79B,PRDX5,MC2R,GILZ,CD40,NEIL3,TJP1,IDH1,IDH3B,DNMT3A,C1QB,PTGS1,GSTT1,IL4,ACAA2,STAR,CSF1R,CD22,DEFA5,C3,NT5E,F3,MAVS,MAP1LC3B,HSP90AA1,TSPO,HSP90AA1,CASP1,NGF,NFE2L2,AVP,HDAC2,CDH1,ADRA2A,CD3D,MC2R
S100B,VEGFA,VIP,ADRA2A,MUC2,FGB,HDAC1,PFKL,MAPK1,APP,CD59,HSP90B1,CFH,NOS3,TRAF6,IDH2,AKT1,TGFBR2,ADRA1A,DUOX2,ACTH,GDNF,TRPM3,LDHB,C3,HSP90AA1,ADRA1A,JAK2,KDM1A,GAD2,MAPK3,IRF7,BTK,NFE2L2,KCNJ2,NR3C1,ARNTL,HSPA1B,CASP3,EDN1,FASLG,IL1A,CD27,FOS,P2RY12,IDO1,PINK1,PPARG,F11R,EDNRA,CD8A,EIF2AK3,TXNRD2,EDNRA,IL27,CRY2,HTR2A,CORT,TMEM119,IRAK4,ADRB1,IL6,UQCRC1,CFH,CD27,PRDX6,NR3C1,HSD11B1,CD40LG,XRCC1,OCLN,IDH2,SIRT1,TET1,C3,GSTP1,PRDX2,IL4R,NOS3,CYP11A1,ITGAM,CD79A,MUC2,C4A,G3BP1,PLAT,STING1,SQSTM1,HSP90AB1,P2RX7,HSP90AB1,IL1A,GDNF,KEAP1,AVPR1A,KDM6A,AHR,NET1,CD3G,STAR
VIM,KDR,TLR5,NPY,CRH,CASP1,HDAC2,NFKB1,MAPK3,TLR2,F3,CALR,CD55,PTGS2,IRF3,IDH3A,PIK3CA,CSF2,CHRM3,P2RX7,NR3C1,GFAP,CACNA1S,PDK1,S100B,HSPA1A,ADRA2A,TYK2,EZH2,GABA,AKT1,STAT2,ENTPD1,NOS2,KCNH2,NR3C2,CLOCK,HSPA4,CASP8,EDNRA,BCL2,IL1RN,IGHM,MYC,TMEM119,KYNU,PRKN,PPARGC1A,CDH1,VCAM1,CD8B,ERN1,SRXN1,VIP,CCR5,NR1D1,HTR3A,AVP,AIF1,TRAF6,ADRB2,IL10,UQCRC2,CD55,IGHG1,TSPO,NR3C2,HSD11B2,CD80,XRCC3,CLDN1,CS,SIRT3,TET2,C3AR1,ALDH2,PRDX4,IL10,VEGFA,CYP17A1,ITGAX,CD79B,FUT2,CFH,TIA1,PROS1,CGAS,ULK1,HSPA1A,P2RY12,HSPA1A,IL18,CNTF,TXN,AVPR1B,EZH2,SLC6A4,KCNQ1,CD19,CYP11A1
AQP4,FLT1,NOD2,VIP,CRHR1,CASP3,KMT2A,NFKB2,MAPK8,TLR4,TFPI,PDIA3,CD59,ALOX5,IRF7,OGDH,MTOR,CCL11,SCN9A,P2RY12,NR3C2,AIF1,SCN9A,PDK2,GFAP,HSPA1B,COMT,STAT3,SIRT1,SLC1A1,MTOR,MX1,NT5E,NOX2,ATP1A1,FKBP5,NPAS2,HSPA5,CASP9,EDNRB,BAX,IL2,IGHG1,HIF1A,NLRP3,KMO,ATG3,NRF1,VIP,ICAM1,TCF7,XBP1,CYBA,VIPR1,CCR7,RORA,CLOCK,AVPR1A,CD68,NFKB1,ADRB3,TGFB1,UQCRFS1,CD59,IGHG2,GFAP,FKBP5,AVP,CD86,XRCC4,CLDN5,ACO2,SIRT5,HDAC1,CFH,CX3CL1,PRDX5,IL10RA,EDN1,CYP21A2,TLR2,CD27,SLC6A4,F2,TIAL1,ADAMTS13,HMGB1,ADRM1,HSPA1B,CX3CR1,HSPA1B,CLDN1,GFAP,TXNRD1,MC2R,MECP2,HTR3A,CACNA1C,MS4A1,CYP17A1
ALDH1L1,PECAM1,MUC2,PACAP,POMC,NLRP3,EZH2,RELA,MAPK14,TLR5,SERPINE1,P4HB,IL2RA,LTA4H,MAVS,ACLY,PTEN,CCL2,TRPV1,PANX1,FKBP5,TREM2,KCNJ2,PDK4,MBP,CYP11A1,DBH,STAT4,SIRT3,SLC1A2,ZAP70,OAS1,ADORA2A,XDH,ATP1A3,SGK1,PER1,CD19,BCL2,VEGFA,CASP3,IL4,CD40,BATF,CASP1,HAAO,ATG12,TFAM,NPY,SELE,LEF1,DNAJB9,NCF1,NPY,CD40,RORB,ARNTL,AVPR1B,TREM2,RELA,NET1,NLRP3,CYC1,BCL2,IGHG3,AIF1,HSP90AA1,AVPR1A,ICOS,XRCC5,MUC2,OGDH,AMPK,HDAC2,NLRP3,TYROBP,PRDX6,IL10RB,VCAM1,HSD3B2,TLR3,CD38,HTR1A,CD4,ATG5,ACE2,S100B,PSMD2,HSPA5,CX3CL1,HSPB1,OCLN,AIF1,PRDX1,ACTH,BRD4,HTR4,HTR1A,CD14,HSD11B1
SLC1A2,CDH5,DEFA5,NOS1,NR3C1,PYCARD,JUN,RELB,JUN,TLR9,VWF,DNAJB9,IL6R,CRH,STING1,ACO2,GSK3B,CCL5,CD3E,ADORA1,HSP90AA1,P2RX7,FOXP3,HK1,CD163,CYP17A1,PNMT,SOCS1,MECP2,GRIN1,LCK,OAS2,P2RX7,MPO,NOS1,GILZ,PER2,MS4A1,BAX,FLT1,CASP8,IL12A,CD40LG,BATF2,IL1RN,QPRT,ULK1,CCR7,CCK,PECAM1,EOMES,ADRB2,NCF2,NPY1R,CD80,NPAS2,PER1,HSD11B1,TYROBP,NLRP3,COMT,CASP1,ATP5A1,BAX,IGHG4,CX3CR1,AVP,AVPR1B,IL7,XRCC6,MUC13,SUCLA2,PRKAA1,LDHA,PYCARD,ITGAX,TXN2,TGFB1,ICAM1,CYP11B1,TLR7,IGHM,HTR2A,CD8A,ATG7,CRH,TLR3,LDHA,HSPA8,CSF1,BAG1,TJP1,TSPO,HMOX1,CORT,EP300,TPH1,HTR2A,NCAM1,HSD11B2
SLC1A3,VWF,DEFA6,EDNRB,NR3C2,BCL2,FOS,TLR2,FOS,MYD88,THBD,XBP1,TNFRSF1A,CRHR1,EIF2AK2,CS,NFKB1,NFKB1,CD3G,ADORA2A,HSPA1A,P2RY12,IL2RA,HK2,CRH,CYP21A2,SLC6A2,SOCS3,PRKAA1,GRIN2A,SYK,OAS3,SLC7A5,TSPO,NOS3,PER1,PER3,CD22,FAS,KDR,CASP9,IL12B,AICDA,EOMES,PTGS2,TDO2,C3,CD28,GCG,VWF,TBX21,ADRB1,NCF4,HTR1A,CD86,DNMT1,PER2,HSD11B2,CSF1R,CASP1,DBH,IL1R1,ATP5B,CASP3,IGHM,P2RY12,AVPR1A,ACTH,IL7R,PARP1,CDH1,FH,PRKAA2,LDHB,CASP1,TMEM119,TXNRD1,TGFBR1,SELE,CYP11B2,TLR8,IGHG1,TPH1,CD3E,BECN1,CRHR1,TLR7,LDHB,HSPB1,CSF1R,STIP1,HLA-DRA,CX3CR1,NQO1,HSD11B1,CD274,TPH2,NPY,CD27,NR3C1
CRH,ICAM1,REG3A,ACE,FKBP5,BAX,MYC,TLR3,ATF3,NFKB1,CACNA1C,DDIT3,IFNGR1,POMC,PKR,FH,RELA,NFKB2,CD14,CX3CR1,CRHR1,CX3CR1,TGFBR2,PFKM,CRHR1,HSD3B2,NOS1,MAPK1,PRKAA2,GRIA1,CD244,RNASEL,SLC1A5,AIF1,EDN1,CRY1,CRY1,CD79A,FASLG,HIF1A,APAF1,IL17A,XBP1,TBX21,NOS2,GAD1,C4A,LCK,PYY,THBD,GATA3,CHRM3,NOX4,HTR2A,CD274,DNMT3A,PER3,CYP11A1,IL1B,STAT1,ACE,IL6R,ATP5C1,CASP8,IGHA1,TMEM119,AVPR1B,CRHBP,IL12A,PARP2,TLR2,MDH2,MTOR,PKM,IL1R1,C1QB,TXNRD2,TGFBR2,VWF,FKBP5,TLR9,C1QA,TPH2,CD19,MAP1LC3B,CRHR2,TLR8,HK2,DNAJB1,TREM2,TLR4,HLA-DRB1,CX3CL1,PTGS2,HSD11B2,BTLA,IDO1,VIP,CD28,NR3C2
CRHR1,VCAM1,REG3G,ACE2,HSP90AA1,TP53,CREB1,TLR4,HSP90AA1,NFKB2,SCN9A,GADD34,IL10RA,MC2R,OAS1,MDH2,IKBKG,RELA,CD16,CX3CL1,AVP,CX3CL1,STAT1,PFKL,CRHR2,HSD11B1,EDNRA,MAPK3,MTOR,GRIA2,CD160,EIF2AK2,ASCT2,CX3CR1,EDNRA,CLOCK,CRY2,CD79B,C3,EPAS1,TP53,IL17F,TJP1,GATA3,ARG1,GAD2,C4B,SMAD3,TPH1,F3,RORC,NTRK1,NOX5,HTR3A,ICOS,TET1,CRY1,CYP17A1,IL1A,STAT3,AGT,NFKB1,ATP5D,FASLG,IGHA2,ITGAM,STAR,NOS3,IL15,ATM,TLR4,GLS,AKT1,HK1,NR3C1,C3,NOX1,CCL2,PECAM1,HSP90AA1,MYD88,C1QB,DDC,CD56,HSPA1A,POMC,CD86,PFKFB3,BAG1,APP,TLR2,CD14,CCL11,ALOX5,SGK1,CD160,PRKAA1,TLR4,LCK,FKBP5
CRHR2,SELE,OCLN,AGTR1,HSPA1A,HSPA1A,STAT1,TLR7,HSPA1A,RELA,KCNQ1,TRIB3,TNFRSF12A,NR3C1,MX1,MAPK1,CHUK,NFKBIA,FOXP3,TREM2,MC2R,CSF1R,STAT3,PFKP,POMC,HSD11B2,EDNRB,MAPK8,AKT1,VEGFA,SLAMF6,ISG15,HIF1A,TREM2,EDNRB,BMAL1,NR1D1,PAX5,C4A,VHL,MDM2,IL18,OCLN,LEF1,CD33,SLC1A2,C1QA,EZR,TPH2,HTR2A,BCL6,BDNF,DUOX1,HTR4,BTLA,TET2,CRY2,CYP21A2,IL6,STAT4,AGTR1,RELA,ATP5F1,DNMT1,AIF1,CD68,CYP11A1,EDN1,IL23A,ATR,TLR5,GLUD1,MAPK1,HK2,FKBP4,C3AR1,NOX2,CCL3,CDH5,HSPA1A,IRAK1,C3,COMT,CD14,HSPB1,NR3C1,CD80,TKT,NOS1,MAPT,MYD88,FCGR3A,P2RX7,MPO,PER1,KLRC1,PRKAA2,MYD88,ZAP70,FKBP4
POMC,SELP,CLDN5,VEGFA,AVPR1A,HSPB1,STAT3,TLR9,HSPB1,VDR,ATP1A1,CHAC1,IL32,NR3C2,ISG15,MAPK3,IKBKB,NFKBIB,CD25,TYROBP,STAR,CD68,JAK1,GAPDH,NR3C1,STAR,EDN1,MAPK14,PIK3CA,VEGFR2,NLRP1,IFIT1,VEGFA,CD68,ACE,REV-ERBA,NR1D2,IRF4,C1QA,FIH1,GADD45A,IL23A,CLDN5,SMAD3,ITGAX,SLC1A3,C1QB,CSK,SLC6A4,HTR3A,CD19,NGF,DUOX2,SLC6A4,PINK1,HDAC1,NR1D1,CYP11B1,IL18,STAT6,AGTRAP,IKBKG,ATP5G1,HDAC1,CX3CR1,TREM2,CYP17A1,EDNRA,STAT1,CHEK1,NOD1,GOT1,MAPK3,PFKFB3,FKBP5,TGFBR1,CYBB,CCL4,ACE2,CRHBP,IRAK4,C4A,CD19,CD163,HSP90AA1,NR3C2,CD40,TALDO1,NOS2,SNCA,CD14,CD163,P2RY12,NOX2,PER2,KLRB1,SIRT1,NFKB1,ITK,HSP90AA1
MC2R,ACE,F11R,FLT1,AVPR1B,HMGB1,IRF7,MYD88,DNAJB1,CLDN1,TRPV1,HERPUD1,IL20RA,FKBP5,ADRB2,MAPK8,NLRP3,TNFAIP3,IL2RA,AIF1,CYP11A1,ITGAM,JAK2,ENO1,NR3C2,POR,VEGFA,JUN,PTEN,NOS2,PTGS2,IFIT2,EPO,ITGAM,ACE2,ELP1,RORA,PRDM1,CD55,P4HA1,DDIT3,TGFB2,MUC2,TCF7,CRH,GRIN1,C5,ACTB,HTR1A,HTR1A,MS4A1,GDNF,CRH,TPH1,PRKN,HDAC2,NR1D2,CYP11B2,NLRP3,JAK1,REN,TLR4,ATP5H,HDAC2,TREM2,NR3C1,CYP21A2,EDNRB,STAT3,CHEK2,NOD2,GOT2,MAPK8,ENO1,CRH,CSF1,CYBA,CCL5,CACNA1C,AVP,TRAF6,C5,CD22,TGM2,PER2,FKBP5,CD40LG,IDH1,NOS3,BDNF,LBP,CCR7,TREM2,NOX4,CLOCK,CD107A,SIRT3,RELA,SYK,AVP
NR3C1,AGT,CDH1,KDR,MC2R,PPARG,RELA,IRAK4,CLOCK,CLDN5,SLC2A1,EDEM1,TNFRSF1B,HSP90AA1,ADRA1A,MAPK14,CASP1,MAPK1,CTLA4,CD68,CYP11B1,TSPO,SIRT1,PCK1,FKBP5,AVP,FLT1,FOS,STK11,NOS3,NOS2,IFIT3,LDHA,P2RY12,MMP2,IKBKAP,RORB,XBP1,CD59,EGLN1,TJP1,TGFB3,TLR4,IFIT1,CRHR1,GRIN2A,CD46,ITGB7,HTR2A,ADRB2,CR2,CNTF,CRHR1,TPH2,ATG5,SIRT3,RORA,STAR,CASP1,JAK2,VWF,TLR7,ATP5J,EZH2,TYROBP,NR3C2,HSD3B2,ADRA1A,JAK1,CRH,MYD88,SLC25A4,JUN,PDK1,CRHR1,CD86,NCF1,CXCL8,SCN9A,AVPR1A,NR3C1,C3AR1,CD79A,ABCE1,CLOCK,AVP,ICOS,IDH2,VEGFA,NGF,DEFB1,CD28,CD33,XDH,ARNTL,GZMB,PPARGC1A,TJP1,CSK,AVPR1A
NR3C2,AGTR1,PIGR,TLR5,ACTH,PPARGC1A,NFKB1,STAT1,ARNTL,OCLN,SLC16A1,OS9,TNFRSF9,HSPA1A,CHRM3,AKT1,IL18,MAPK3,HSP90AA1,CSF1R,CYP21A2,S100B,HDAC1,PCK2,HSP90AA1,AVPR1A,KDR,NFKB1,PPARGC1A,EDN1,MPO,DDX58,PKM2,TMEM119,MMP9,EDN1,RORC,CD38,CD69,MMP2,OCLN,CCL2,TLR2,ISG15,CRHR2,GRIN2B,CD55,GATA3,HTR3A,ADRB1,CD22,EDN1,CRHR2,MAOA,ATG7,KDM4A,RORB,MC2R,PYCARD,JAK3,SELP,TLR9,VDAC1,PRF1,CD68,CRHR1,HSD11B1,ADRA2A,JAK2,CRHR1,NFKB1,SLC25A5,FOS,PDK2,CRHR2,MRC1,NCF2,CXCL10,KCNQ1,TSPO,FKBP5,C5AR1,CD79B,PHKA2,ARNTL,AVPR1A,ICOSL,ACLY,VEGFB,NTF3,REG3A,LCK,SPI1,NOS2,CRY1,PRF1,HSPA1A,OCLN,FYN,AVPR1B
FKBP5,REN,SLC6A4,TLR9,HSD11B1,SIRT1,CD19,STAT3,PER1,TJP1,SLC25A4,SEL1L,IL17RB,HSPA1B,CHRM4,MTOR,PYCARD,MAPK8,HSP90AB1,CSF1,HSD11B1,MBP,HDAC2,FBP1,HSPA4,TJP1,ANGPT1,RELA,PPARA,EDNRA,PPARGC1A,IFIH1,G6PD,CSF1R,TIMP1,EDNRA,CSNK1D,SDC1,CD27,MMP9,CLDN1,CCL3,MYD88,MX1,POMC,GRIA1,CD59,MYC,HTR4,ADRA2A,PAX5,NOS1,AVP,COMT,BECN1,EZH2,RORC,MRAP,IL1R1,SOCS1,PECAM1,MYD88,ANT1,GZMB,CSF1R,CRHR2,HSD11B2,ADRB1,IRF7,CRHR2,RELA,SLC25A6,MYC,PDK4,POMC,TLR2,HMOX2,PPARA,ATP1A1,GFAP,CRH,CFH,PAX5,IL2RB,CACNA1C,AVPR1B,BTLA,FASN,VEGFC,CD19,REG3G,ZAP70,IRF8,CYBB,CRY2,IL2,HSPA1B,CLDN5,LYN,OXT
FKBP4,CALCRL,TPH1,MYD88,HSD11B2,SIRT3,MS4A1,JAK1,PER2,CDH1,ICAM1,SYVN1,IL4R,HSPA5,P2RX7,NFKB1,AIM2,MAPK14,HSPA1A,IL34,HSD11B2,MOG,DNMT1,PRKAA1,BAG1,OCLN,TJP1,RELB,PPARG,EDNRB,SIRT1,TLR3,HK2,GFAP,TIMP2,NOS1,CSNK1E,IGHG1,CD28,TIMP1,CLDN5,CCL4,NLRP6,OAS1,MC2R,GABRA1,CFH,XBP1,IDO1,COMT,IRF4,COMT,AVPR1A,DRD2,SQSTM1,BRD4,DBP,HSD3B2,IL6R,SOCS3,TLR5,IRAK4,UCP2,IFNG,P2RY12,POMC,SLC6A4,ADRB2,IRF9,POMC,IL22,CPT1A,TP53,CLOCK,AVP,NFKB1,NQO2,PPARG,ATP2A2,AIF1,CRHR1,BCL2,EBF1,EIF2AK3,SCN5A,MC2R,CD274,DNMT1,FLT1,MS4A1,MUC2,GATA3,RUNX1,NCF1,NR1D1,IL21,HSP90AA1,CDH1,IL1RN,OXTR
HSP90AA1,TLR2,TPH2,IRAK4,DBH,PRKAA1,CD27,JAK2,CRY1,MUC2,VCAM1,DERL1,IL12RB2,HSPB1,SLC1A2,RELA,HMOX1,JUN,HSPA5,ITGAM,SGK1,OLIG2,ICAM1,PRKAA2,NCOA1,CLDN1,OCLN,MAP3K7,C3,ACE,SIRT3,TLR9,PFKM,S100B,TLR2,GUCY1A3,NOS3,IGHM,CD86,ICAM1,CLDN15,CCL5,NOD2,RSAD2,NR3C1,GABRB2,CD274,E2F1,IDO2,SLC6A4,PRDM1,MAO-A,AVPR1B,DRD4,C3,ICAM1,TEF,POU1F1,TNFRSF1A,IRF3,NOD2,TRAF6,UCP3,IL2,TMEM119,MC2R,HTR1A,COMT,TLR3,ACTH,IL17A,CPT2,CDKN1A,ARNTL,AVPR1A,RELA,CUL3,PPARD,SLC9A1,CX3CR1,CRHR2,BCL2L1,BLNK,ATF4,KCNJ2,MRAP,PDCD1LG2,DNMT3A,KDR,CD22,TJP1,TBX21,ABCE1,CYP1A1,DBP,HK2,HSPB1,MUC2,IL2RA,NPY
HSP90AB1,TLR4,DDC,NFKB1,TH,MTOR,CD79A,TYK2,CRY2,ADRB1,PECAM1,VCP,IL5RA,CYP11A1,SLC1A3,JUN,NQO1,FOS,ATF4,ITGAX,ADRA1A,MAG,VCAM1,MTOR,NCOR1,CLDN5,CLDN1,TRAF6,C4A,ACE2,PRKAA1,MYD88,ENO1,MBP,TLR4,PDE5A,NOS2,CD27,CD80,VCAM1,MUC2,CXCL8,CARD9,BST2,NR3C2,BDNF,PDCD1LG2,MS4A1,KMO,TH,XBP1,DBH,POMC,SLC6A3,C3AR1,VCAM1,HSPA1A,TBX19,NFKB1,IRF7,MUC2,IRF3,PPARGC1A,IL4,ITGAM,CRH,HTR2A,DBH,TLR4,NR3C1,REG3A,ACADVL,BCL2,PER1,HSP90AA1,CRHR2,GFAP,PRKAA1,TRPM3,P2RY12,POMC,MCL1,SYK,XBP1,FAS,CYP11A1,HAVCR2,TET1,FLT4,CD79A,OCLN,RORC,PHKA2,CYP2E1,SLC6A4,PKM,BAX,REG3A,IL2RB,NPY1R
SGK1,TLR5,HTR3A,RELA,DDC,AKT1,IGHG1,SOCS1,NR1D1,ADRB2,ITGB2,ATXN3,IL11,CYP11B1,GRIA1,FOS,GCLC,JAK1,DDIT3,TSPO,ADRA2A,TJP1,PECAM1,NOS3,SGK1,MUC2,CLDN5,MYD88,C1Q,AGT,SELE,TICAM1,TPI1,OLIG2,TLR7,ADRA1A,NOS1,TNFRSF13B,ICOS,SELE,DEFA5,CXCL10,IFNA1,IRF3,FKBP5,NTRK2,CD276,ADA,EDN1,DBH,CD27,TH,NR3C1,GAD1,C5,SELL,HSPA1B,ESRRA,RELA,IL12A,REG3A,IRF7,NRF1,IL17A,ITGAX,AVP,TPH2,TH,TLR7,NR3C2,DEFA5,HADHA,BAX,PER2,HSP90AB1,AVP,AIF1,PRKAA2,TRPV1,TREM2,ACTH,BAX,SIRT1,HSPA5,FASLG,CYP17A1,LGALS9,TET2,ANGPT1,CD79B,CLDN1,FOXP3,RNASE2,EPHX1,HTR1A,G6PD,BCL2,DEFA5,IL4R,NPY2R
ADRB1,TLR9,HTR4,ZO1,COMT,PIK3CA,IGHM,SOCS3,RORA,ADRB3,SELE,PARK2,IL12RB1,CYP11B2,GRIN1,MYC,GCLM,JAK2,HDAC1,GFAP,ADRB1,CLDN5,SELE,NOS2,TSC22D3,DEFA5,MUC2,ATG5,CFH,AGTR1,SELP,TH,GAPDH,TGM2,TLR9,ADRB1,VEGFA,CD3D,CD40,SELP,DEFA6,CSF2,IFNB1,IRF7,FKBP4,CREB1,ICOS,ITGB1,EDNRA,DDC,CD70,SLC6A4,NR3C2,GAD2,C5AR1,ITGAL,HSPB1,APP,TLR2,IL12B,REG3G,STAT1,NRF2,FOXP3,TSPO,FKBP5,MAOA,NET1,TLR9,FKBP4,DEFA6,HADHB,CASP3,CRY1,HSPA5,NR3C2,CX3CR1,PRKAB1,P2RX7,C1QA,MC2R,BAK1,SIRT3,DDIT3,BCL2,CYP21A2,CD276,HDAC1,ANGPT2,PAX5,F11R,SIRT1,RNASE3,ALDH2,HTR2A,ENO1,C3,SLC6A4,IL6R,ADRB1
ADRB2,MYD88,VDR,OCLN,SLC6A2,INSR,CD40,TP53,CSF2,ADRA1A,HSPA1A,PINK1,IL2RB,CYP17A1,BDNF,TP53,GSR,STAT1,HDAC2,S100B,ADRB2,OCLN,ACAD9,NOS1,PER1,REG3A,LCN2,ATG7,CD55,AGTR2,CDH5,DBH,PGK1,CRH,MYD88,ADRB2,VEGFB,CD3E,PRKAA1,PECAM1,REG3A,CSF3,IFNAR1,TLR3,HSP90AA1,FOS,CD28,ESRRA,EDNRB,MAO-A,TNFSF13B,HTR2A,FKBP4,GRIN1,C1QA,ITGB2,ATF4,CD74,TLR4,IL18,DEFA5,STAT3,TFAM,CTLA4,GFAP,ADRB2,COMT,SLC6A2,CXCR3,FKBP5,LCN2,DECR1,CASP9,CRY2,HSD11B1,FKBP4,CD68,SIRT1,ASIC3,C3,HSD11B1,BID,PPARGC1A,PINK1,BAX,CYP11B1,TNFRSF9,HDAC2,TEK,EBF1,TLR9,SIRT3,APP,ADH1B,COMT,GAPDH,C4A,TPH1,IL6ST,ADRB2
ADRB3,TRAF6,NFKB1,CLDN1,ADRB2,IGF1R,CD40LG,CDKN1A,CSF3,ADRA2A,HSPA5,MFN2,TNFSF13B,CYP21A2,NGF,ATF4,TXN,STAT3,SIRT1,MBP,NPY,CDH5,HADHA,EDN1,COMT,REG3G,S100A8,BECN1,CD59,REN,EDNRA,COMT,PDK1,CRHR1,IRAK1,CHRM3,VEGFC,CD3G,PRKAA2,CDH5,REG3G,NFKB1,IFNGR1,TLR4,HSP90AB1,JUN,CD80,CD74,VEGFA,MAO-B,TNFSF13,DRD2,FKBP5,GRIN2A,C1QB,CD44,XBP1,MAP7,TLR9,IL23A,DEFA6,JAK1,POLG,PDCD1,S100B,CHRNA7,BDNF,CACNA1C,CCR5,HSP90AA1,S100A8,ECH1,APAF1,BTLA,HSD11B2,HSP90AB1,ITGAM,SIRT3,KLF2,C4A,HSD11B2,CASP3,TFAM,PRKN,TPPP,HSD11B1,TNFSF9,SIRT1,EDN1,AICDA,ITGB1,PRKAA1,ESRRA,MAOA,MAOA,PGK1,C1QA,HTR3A,IL10RA,ADRB3
ADRA1A,NFKB1,RELA,CLDN5,CHRM2,CLOCK,C3,CDKN2A,LIF,DRD2,HSP90AA1,OPA1,IL21R,HSD3B2,NTRK2,NOS3,PRDX1,TJP1,EZH2,OLIG2,COMT,PECAM1,IDH2,EDNRA,ADRB2,FUT2,S100A9,MAP1LC3B,FCGR2A,MMP2,CRHBP,SLC6A2,PDHA1,POMC,IRAK4,AGTR1,EDN1,CD4,MTOR,VWF,FABP2,NFKB2,STAT1,MYD88,HSPA4,EGR1,CD86,ARG1,KDR,DRD2,TNFRSF13C,CACNA1C,HSP90AA1,GRIA1,TNFRSF1A,CDH1,DDIT3,GRIK3,MYD88,TGFB1,LYZ,JAK2,POLG2,LAG3,VIM,HTR1A,NTRK2,SCN5A,IFI27,HSP90AB1,S100A9,ACAA2,PARP1,CD28,PER1,HSPA1A,BDNF,SIRT5,KLF13,CD68,SGK1,CASP7,POLG,SQSTM1,GRIK3,HSD11B2,IDO1,SIRT3,EDNRA,XBP1,ITGB2,MTOR,CD74,COMT,BDNF,ACACA,C5,FUT2,IL10RB,ADRA1A
ADRA2A,RELA,STAT1,MUC2,HTR1A,ARNTL,C4A,BCL2,OSM,DRD4,HSPB1,DNM1L,IL7,HSD11B1,VDR,VEGFA,KEAP1,OCLN,DNMT1,NG2,DBH,ICAM1,MDH2,EDNRB,ADRB1,TLR5,CAMP,SQSTM1,FCGR3B,MMP9,AVP,ADR,PDHB,ACTH,TRAF6,AVP,EDN2,CD8A,SIRT1,SERPINE1,LBP,RELA,STAT2,NLRP3,HSPA5,ARC,CD3D,CD163,PECAM1,AIF1,PIK3CA,SCN9A,HSP90AB1,TLR2,IL12RB1,CXCR3,EIF2AK3,PHKA2,IRAK4,CXCL10,OCLN,NOS3,SOD1,EIF2AK3,BDNF,HTR2A,DBH,KCNH2,IFI44,CLOCK,NOS1,SLC16A1,ATM,CD80,PER2,HSPA8,COMT,ACADS,ZBTB7A,ITGAM,GILZ,CASP8,OPA1,MAP1LC3B,MAP7,HSD3B2,ARG1,EZH2,EDNRB,PRDM1,ITGB7,HIF1A,EIF2AK2,CRH,NTRK2,FASN,CD55,BCL2,IFNGR1,ADRA1B
ADRA2B,IL1B,STAT3,REG3A,HTR2A,PER1,C1QA,BCL2L1,IL15,SLC6A2,CD4,FIS1,TNFRSF10A,HSD11B2,CYP27B1,EDN1,BACH1,CLDN1,TET2,NFASC,TH,VCAM1,P2RX4,VEGFA,ADRA2A,NOD2,VDR,B2M,IGHG1,TIMP1,MC2R,,CS,NR3C1,IRF3,AVPR1A,EDN3,CD8B,SIRT3,THBD,ADRB1,RELB,IRF3,CASP1,BAG1,CAMK2A,CD3E,CD80,CDH5,GFAP,PIK3CD,TRPV1,MC2R,TLR4,IL23R,CCR5,ERN1,ABCE1,TRAF6,CCL5,CLDN1,EDN1,SOD2,HSPA5,NGF,NOS3,TH,RYR2,IFI44L,BMAL1,NOS2,SLC16A3,ATR,CD86,CRY1,CREBBP,S1PR1,ACADM,YAP1,MRC1,TSC22D3,CASP9,MFN1,ATG7,SLC25A5,STAR,TGFB1,CD3E,ACE,IRF4,ITGAL,PPARA,EIF2AK3,POMC,CREB1,SLC2A1,CD46,BAX,IFNGR2,ADRA2A
ADRA2C,IL6,JAK1,DEFA5,SLC6A4,PER2,CFH,BAX,IL18,SLC6A3,CD3E,PPARGC1A,IL4I1,AVP,CYP24A1,EDNRA,MAF,CLDN5,TP53,MAG,SLC6A2,SELE,ADORA2A,VEGFB,NOS3,CARD9,CYP27B1,TAP1,IGHG3,TIMP2,PPARG,,IDH1,NR3C2,IRF7,SCN9A,VWF,CD28,CS,F2R,ADRB2,REL,IRF7,PYCARD,NCOA1,MAPK1,CD3G,CD86,VWF,TREM2,AKT1,ASIC3,MRAP,TLR7,IL33,CCR7,ATF6,MSN,IRF3,CCL2,CLDN5,VEGFA,GPX1,PDIA3,GDNF,EDN1,DDC,ATP1A3,IFIT1,PER1,NOS3,PDHA1,BRCA1,ICOS,CRY2,MAPK1,TMEM119,ACADL,NFE2,TNFRSF1A,DUSP1,FASLG,MFN2,BECN1,UCP2,TLR5,TGFBR1,CD3G,AGT,CD38,ITGAM,PPARG,ATF4,ACTHR,FMR1,SLC16A1,CD59,CASP3,TGFBR1,ADRA2B
DRD2,IL10,JAK2,LBP,TPH1,CRY1,ATG5,BAK1,IL12A,COMT,CD3D,NRF1,IL27RA,AVPR1A,MTHFR,EDNRB,PPARGC1A,MUC2,BCL2,PLP1,HTR1A,MMP9,ENTPD1,KDR,NOS1,IL22,TLR5,TAP2,ACOX1,ICAM1,IL18,,IDH2,FKBP5,IFNA1,TRPV1,THBS1,CTLA4,ACO2,F3,ADRA1A,DBH,MX1,AIM2,NCOA2,MAPK3,PYCARD,CD226,SELE,CSF1R,MTOR,P2X3,STAR,TLR9,TSLP,IDO1,GADD45A,EZR,IRF7,CCL3,CLDN11,FLT1,GPX4,ACACA,NTF3,VEGFA,ADRB2,ATP2B1,ISG15,PER2,ADRA1A,PDHB,BRCA2,CD40,CLOCK,MAPK8,P2RY12,CPT1A,JUN,CD200,PER1,FAS,DNM1L,ULK1,TFAM,NOD2,SMAD3,CD19,AGTR1,SDC1,ITGAX,PPARGC1A,ATF6,NR3C1,GFAP,HSPA4,APOBEC3A,CASP9,TGFBR2,DRD1
HTR1A,IL17A,MAPK1,CD14,TPH2,CRY2,ATG7,CASP3,IL12B,DBH,IL2RA,TFAM,TNFSF8,AVPR1B,COMT,ACE,SIRT1,DEFA5,BAX,CNP,HTR2A,MMP2,ELP1,FLT1,SLC6A2,IL17A,NOD2,PSMB8,ACOX2,VCAM1,TNFRSF1A,,OGDH,HSD11B1,IFNB1,PIEZO2,THBS2,PDCD1,IDH2,PLAT,NOS3,TH,OAS1,IL21,ADRB1,MAPK8,IL18,CD96,SELP,CX3CR1,RPTOR,KCNJ5,CYP11A1,IRF3,IL25,IDO2,GADD45B,CSK,STAT1,CCL4,TJP1,KDR,CAT,FASN,CNTF,FLT1,ADRA2A,TLR5,MX1,PER3,ADRA1B,DLD,GADD45A,CD19,ARNTL,MAP2K1,TREM2,CPT2,FOS,CD200R1,CLOCK,ATG5,PINK1,PPARA,POLG,MUC2,MTOR,MS4A1,MTOR,MAPK1,CD44,ABCE1,XBP1,NR3C2,AIF1,HSPB1,PLSCR1,TP53,ITGB1,DRD2
HTR2A,IL22,MAPK3,FFAR2,IDO1,NR1D1,BECN1,CASP8,IL27,TH,CCR7,POLG,TNFAIP1,OXT,MAOA,CD80,AMPK,REG3A,CASP3,MOG,BDNF,TIMP1,WASF3,ANGPT1,DBH,VDR,CARD9,PSMB9,HSD17B4,SELE,IFNAR1,,SUCLG1,HSD11B2,IFNAR1,ZO1,ICAM1,LAG3,OGDH,PLAU,EDN1,DDC,DNMT1,IL17A,ADRB2,MAPK14,CCL2,CD244,ICAM1,CD68,MAPK1,KCNQ1,CYP11B1,IRF7,CSF1,TDO2,TRPM3,ACTB,STAT3,CXCL8,F11R,ICAM1,PRDX1,CPT1A,CRH,KDR,SLC18A2,TLR9,OAS1,CRY1,ADRA2A,DLAT,XRCC1,MS4A1,BDNF,ADRB1,ITGAX,PDK4,CEBPB,SLC7A11,ARNTL,ATG7,ATG5,PPARG,OGG1,DEFA5,MAPK1,CD14,PIK3CA,MAPK3,SELL,PHKA2,HSPA5,FKBP5,CX3CR1,BAG3,IL1RN,ATF4,ITGB2,DRD3
CHRNA7,IL23A,JUN,FFAR3,KMO,RORA,MAP1LC3B,CASP9,CCL7,DDC,NDUFA9,SIRT1,IL23A,OXTR,TPH2,CD86,ADIPOQ,LBP,CASP8,CLDN5,NGF,VEGFA,PRKACA,ANGPT2,TH,AHR,CLEC7A,NLRP3,SCP2,SELP,IFNGR1,,FH,AVP,IFNAR2,OCLN,VCAM1,HAVCR2,SUCLA2,TLR2,COMT,PNMT,DNMT3A,IL4,ADRA1A,AKT1,CCL3,CD160,VCAM1,CD11B,MAPK3,HCN2,HSD11B1,STAT1,FLT3,KYNU,TRPM7,ITGB7,JAK1,CXCL9,IDO1,VCAM1,PRDX3,HADHA,CRHR1,ICAM1,ADORA1,MYD88,OAS2,CRY2,ADRB1,PDK2,OGG1,CD22,NTRK2,ADRA1A,CD86,NOS3,CEBPD,ADRA2A,CRY1,BECN1,ATG7,PGC1A,PARP1,DEFA6,MAPK3,FCGR3A,PIK3CB,MAPK8,ALCAM,MSN,DDIT3,FKBP4,CX3CL1,STUB1,LTF,DDIT3,ITGA4,TH
CHRNB2,TNF,FOS,GPR41,KYNU,AANAT,SQSTM1,FAS,CCL20,NOS3,NDUFB8,SIRT3,IL26,TSPO,SLC6A4,CD40,LEP,CD14,LDHA,OCLN,NTRK2,FLT1,NFKB1,TEK,NPY,SLC6A4,STAT3,PYCARD,ABCD1,CD31,CD163,,MDH2,AVPR1A,JAK1,CLDN1,SELE,CCR7,FH,TLR4,DBH,ADRB1,DNMT3B,IL12A,ADRA2A,PIK3CA,CCL4,KLRG1,MMP2,ITGAM,MAPK14,RYR1,HSD11B2,STAT3,PDGFRA,KMO,TRPV1,GATA3,JAK2,IL15,IDO2,SELE,GSR,TPH1,CRHR2,VCAM1,ADORA2A,NLRP3,RSAD2,NR1D1,ADRB2,PDK3,APEX1,CD79A,NGF,ADRA2B,CD80,NOS2,EGR1,ADRB2,CRY2,MAP1LC3B,BECN1,TFAM,CD38,REG3A,AKT1,HLA-DRA,AKT1,MAPK14,NCAM1,EZR,PERK,HSP90AA1,P2RX7,USP14,CXCR4,HSPA5,ITGAL,DBH
NOS1,TNFRSF1A,IRF3,GPR43,HAAO,MTNR1A,UBE2D3,FASLG,CCL19,EDN1,COX6C,SOD2,IL17F,GFAP,HTR1A,ICOS,RETN,TLR4,PKM,TJP1,CREB1,KDR,RELA,ADRB1,VIP,TPH1,STAT5A,CASP1,AGPS,VWF,GATA3,,ACO2,AVPR1B,JAK2,CLDN2,SELP,IL7R,MDH2,TLR7,NET1,ADRB2,TET2,IL18,DBH,MTOR,CXCL8,FCGR3A,MMP9,P2RY12,MAP2K1,ATP2A1,CRHBP,JAK1,IGF1,QPRT,TRPA1,ZFPM1,CCL2,IL27,TPH1,SELP,GCLC,TPH2,POMC,SELE,P2RX7,IL1A,PEX1,NR1D2,NET1,PDP1,LIG3,CD79B,SLC6A4,CHRM2,CD40,EDN1,DRD2,HTR1A,NR1D1,SQSTM1,MAP1LC3B,NRF1,SLAMF6,REG3G,PI3K,HLA-DRB1,AKT2,AKT1,EZR,CSK,IRE1,HSPA1A,P2RY12,PARK7,ITGA2B,EIF2AK3,SELL,PNMT
NOS3,TNFRSF1B,IRF7,SLC5A8,QPRT,SLC6A4,TRPM3,TNFRSF1A,CCL21,EDNRA,SDHC,CAT,IL5,AIF1,DRD2,CD274,ESRRA,TLR2,HK2,VE-CAD,FOS,HIF1A,CPT1A,ADRB2,CALCRL,IDO1,JAK1,AIM2,GNPAT,F8,RORC,,ACLY,CD40,TYK2,MUC2,F2,IL2RA,PCK2,TLR9,SCN5A,ADRB3,HDAC1,CD80,COMT,AMPK,IL1A,KLRC1,TIMP2,TMEM119,MAP2K2,PLN,HSPA1A,JAK2,IGF1R,GLS,CACNA1C,MYC,CCL3,C3,TPH2,VWF,GCLM,DDC,MC2R,SELP,NLRP3,IL18,PEX5,RORA,COMT,PDP2,POLB,TLR2,COMT,CHRM3,CD14,EDNRA,HTR1A,HTR2A,PRKAA1,ULK1,SQSTM1,POLG,CD226,CLDN1,AMPK,B2M,PTEN,MTOR,ACTB,ACTB,CHOP,HSPB1,TREM2,PRDX1,ITGB3,XBP1,SELPLG,COMT
EDN1,IFNA1,TBX21,ABCE1,CACNA1C,HTR1A,TRPV1,TNFRSF1B,CXCL12,VEGFA,SDHD,GPX1,IL1R2,CX3CR1,GABA,PDCD1LG2,APP,NOD2,PFKFB3,PECAM1,JUN,EPO,CPT2,ADRA1A,RAMP1,SIRT1,JAK2,CD28,PEX1,TLR2,RUNX3,,FASN,CD40LG,STAT1,REG3G,F3,GATA3,ME2,MYD88,HCN4,ADRA1A,HDAC2,CD86,PNMT,PRKAA1,IL1R1,KLRC2,ACE,IRF8,JUN,CASQ1,HSPA1B,IL1A,BDNF,GLUL,CACNA1D,LEF1,CCL5,C4A,SLC6A4,THBD,NQO1,MAOA,NR3C1,VWF,CASP1,IL22,PEX6,RORB,DBH,PC,ERCC1,TLR3,MAOA,HTR2A,NGF,EDNRB,HTR2A,DRD2,PRKAA2,MTOR,ULK1,FIS1,CD96,CLDN2,SIRT1,C3,PRKAA1,LCK,CD19,ITGB7,GRP78,BAG1,TYROBP,PRDX2,DEFA1,CD19,CD44,CHRNA4
EDNRA,IFNB1,RORC,PHKA2,CACNA1G,HTR2A,ATP2A2,IDO1,SELL,KDR,PRDX2,PRDX3,IL1R1,P2RY12,SLC6A1,HAVCR2,CD74,ADRB1,SLC2A1,ICAM1,EGR1,EPOR,ACSL1,ADRA2A,EDN1,SIRT3,TYK2,ICOS,PEX5,TLR3,BCL6,,PPARA,CD80,STAT2,DEFA5,F5,TBX21,ACLY,IRAK1,CACNA1C,ADRA1B,HDAC3,CD40,TH,PRKAA2,IL2,IFNGR1,AGT,SALL1,FOS,TRPC3,BAG1,IL17A,NTRK2,SLC2A1,CACNA1S,XBP1,CXCL10,C4B,HTR1A,SERPINE1,HMOX1,PECAM1,NR3C2,THBD,IL18,IL23A,PEX7,RORC,TH,PCK1,ERCC2,TLR4,TH,DRD2,NTF3,VEGFA,GRIN1,COMT,MTOR,CLOCK,MTOR,MFN1,KLRK1,OCLN,SIRT3,C4A,PRKAA2,ZAP70,CD22,SMAD3,CALR,SGK1,CSF1R,TXN,PTPRC,CD79A,CXCR4,CHRNB2
EDNRB,IFNAR1,AHR,MSN,SCN9A,DRD2,SLC6A4,IDO2,SELP,FLT1,PRDX5,KEAP1,IL1RL2,TMEM119,GAD1,CEACAM1,MAPT,ADRB2,C3,VCAM1,ARC,FGF2,GFAP,PTGS2,EDNRA,PPARGC1A,MAPK1,IL2RA,PEX7,TLR4,IRF4,,PPARG,CD86,ISG15,IAP,IFNG,RORC,APP,IRAK4,KCNQ1,ADRA1D,EZH2,B2M,NOS3,STK11,IL4,IFNGR2,PRF1,HEXB,CREB1,ITPR1,STUB1,IL23A,LEP,HK2,SCN9A,TPPP,CRH,C5,HTR2A,F2R,KEAP1,CDH5,FKBP5,F8,IL1R1,IL17A,PEX10,C3,DDC,PCK2,MLH1,TLR9,DBH,TH,GDNF,KDR,GRIA1,MAOA,RPTOR,ARNTL,AKT1,MFN2,PIK3CA,TJP1,NAMPT,C4B,SIRT1,SYK,CD79A,LEF1,CANX,CREB1,CD68,TXNRD1,CD3E,PAX5,CCR5,CHRM1
ACE,IFNAR2,ESRRA,E2F1,KCNQ2,GABRA1,PRKAA1,TPH1,SELE,ANGPT1,PRDX6,NFE2L2,IL1RL1,ITGAM,HIF1A,HK1,SNCA,ADRA1A,C4A,SELE,VIP,IGF1,S100B,PTGES,ACE,TFAM,MAPK3,PRF1,CLOCK,TLR7,CCR4,,PGC1A,CD28,MX1,LBP,IFNGR1,BCL6,CD74,TRAF6,IL2RA,ADRA2A,KDM6A,SELL,EDN1,UCP1,FOXP3,IL1R1,GZMB,MERTK,ATF2,CALM1,GFAP,CSF1,LEPR,CD3E,SCN10A,RIN3,CRHR1,CFH,HTR3A,PLAT,NFE2L2,ANGPT1,FKBP4,F2,PYCARD,AHR,PEX11A,C4A,NPY,G6PC,MSH2,MYD88,ADRB1,SLC6A2,CNTF,ICAM1,GABRA1,SLC6A4,RICTOR,PER1,C3,OPA1,AKT1,CDH1,PARP1,PRKAA1,MAPK14,ITK,CD79B,XBP1,PDIA3,CREM,ITGAM,DRD2,CD4,IGHG1,CCR7,CHRM2
AGT,CD19,APP,RNL,KCNQ3,CACNA1C,PPARA,TPH2,ITGB2,ANGPT2,TXN2,HMOX1,IL18R1,ITGAX,VEGFA,HK2,PRNP,ADRA2A,C1QA,SELP,AGRP,IGF1R,MBP,JAK1,AGT,POLG,MAPK8,DNMT1,ARNTL,TLR9,CCR6,,TFAM,ICOS,OAS1,TLR4,IFNGR2,MAF,ESRRA,NFKB1,ICOS,ADRA2B,SIRT6,S1PR1,EDNRA,UCP2,GATA3,IL6R,GZMA,HLA-DRA,EGR1,CAMK2A,AIF1,CSF1R,ADIPOQ,CD4,KCNJ2,IGFBP1,CRHR2,CFI,SLC6A2,ADRA1A,PARK7,TEK,HSP90AA1,SERPINE1,AIM2,IDO1,PEX13,C4B,VIP,FBP1,PMS2,C3,ADRB2,SLC6A4,LIF,VCAM1,SLC6A4,TPH2,PIK3CA,PER2,C4A,DRP1,PTEN,IL22,CD38,HIF1A,PPARGC1A,CSK,PAX5,MYC,P4HB,PER1,ITGAX,COMT,CD8A,IGHM,S1PR1,CHRM3
AGTR1,MS4A1,CD74,ESRRA,ANO1,SCN9A,PPARG,DDC,ITGAL,TEK,TXNRD1,NQO1,IL18RAP,CD68,NOS3,PFKM,TDP43,CHRM2,C1QB,VWF,CALCA,EGF,TIGIT,JAK2,AGTR1,PRKAA1,MAPK14,HDAC1,PER1,MYD88,CCR7,,POLG,FAS,PKR,MYD88,IL2,ZAP70,HLA-E,RELA,BTLA,ADRA2C,NPY,CCL7,VEGFA,UCP3,RORC,TNFRSF1A,GZMH,HLA-DRB1,MYC,PKA,CX3CR1,CCR2,INSR,CD8A,KCNQ1,IGFBP3,AVP,CFB,SLC6A3,ADRA2A,PINK1,CDKN1A,HSP90AB1,THBS1,RIPK1,IDO2,PEX14,CFH,CALCA,PFKM,CLOCK,C4A,ADRA2A,EDNRA,NTRK1,SELE,SLC6A3,DDC,PIK3CB,CRY1,C4B,VDAC1,IL2,IL23A,SLC7A5,VEGFA,PPARA,PRKCB,EBF1,ACAD9,SEC61A1,CLOCK,SPP1,MAOA,FOXP3,CD38,PDK1,ACHE
TLR2,CD22,HLA-DRA,APP,TRPV1,TRPV1,PPARGC1A,SLC6A4,CD44,PECAM1,GSS,GCLC,TNFSF4,CD163,EDN1,PFKL,SOD2,CHRM3,SELE,THBD,TRPV1,EGFR,CD96,JAK3,REN,MTOR,JUN,HDAC2,PER2,IRAK1,SELL,,ESRRA,FASLG,MAVS,IRAK4,IL2RA,LCK,KIR2DL1,NLRP3,CD274,NET1,BDNF,CCL20,FLT1,SLC2A1,BCL6,TNFRSF1B,FASLG,HLA-DQA1,TP53,MAPK1,CX3CL1,CCR5,IRS1,CD19,KCNH2,IZUMO1,AVPR1A,CFD,HSP90AA1,ADRB1,PRKN,CDKN2A,HSPA1A,EPAS1,RIPK3,TDO2,ABCD1,CFI,EDN1,PFKL,ARNTL,C4B,TLR5,VEGFB,NTRK2,VWF,MAOA,DBH,AKT1,CRY2,C5,ANT1,IL4,IDO1,SLC1A5,EPO,PPARG,PRKCA,AICDA,SUCLA2,SLC2A1,ARNTL,MBP,SLC6A3,SELL,TNFRSF13B,PDK2,CHAT
TLR4,CD27,HLA-DRB1,CD74,TRPM8,KCNJ11,IL2,HTR1A,ALCAM,CDH5,GFAP,GSR,TNFAIP3,CSF1R,ACE,GAPDH,PINK1,NPY,SELP,F3,P2RX7,TGFB1,BTLA,TYK2,AVP,HIF1A,FOS,COMT,CRY1,IRAK4,ITGAL,,SIRT1,TRAIL,RIG1,TRAF6,IL2RB,ADRB1,KIR2DL3,CASP1,PDCD1LG2,SLC6A2,NGF,CSK,KDR,SLC2A4,BATF,IL4R,CD69,HLA-DQB1,BCL2,MAPK3,P2RX7,CXCR3,GH1,CD14,ESRRA,FUT1,AVPR1B,C1QA,HSP90AB1,ADRB2,MFN1,MKI67,HSPA5,HIF1A,MLKL,TPH1,ABCD3,CFB,EDN3,ALDOA,PER1,C1QA,NOD2,FLT1,NTRK3,THBD,BDNF,GABRA1,AKT2,NR1D1,CFH,CYC1,IL13,IDO2,SLC2A1,FGF21,MAPK1,CLOCK,IGHG1,FH,SLC2A4,CRY1,MOG,ACHE,CD69,TNFRSF13C,PDK4,HTR1A
TLR5,CD38,IL15,MBIP,P2RX3,P2RX7,IL4,HTR2A,C3,ICAM1,S100B,TXN,IFNA6,IL1R1,ACE2,PGAM1,PRKN,NPY1R,THBD,PLAT,ADORA1,TGFBR1,UQCRC1,STAT1,HTR3A,VEGFA,MYC,SLC6A3,CRY2,TRAF6,ITGA4,,SIRT3,TNFRSF10B,MDA5,RELA,IL4,ADRB2,KLRC4,IL1B,IDO1,COMT,NTRK2,EZH2,ANGPT1,HK1,BATF2,IL10RA,CD38,HLA-A,MCL1,MAPK8,P2RY12,CXCR4,GHR,CD163,APP,ZBTB46,POMC,C1QB,HSPA1A,CHRM2,MFN2,EGR1,TLR2,,TLR4,TPH2,ACOX1,CFD,EDNRA,GAPDH,PER2,BCL2,MUC2,PDGFB,GFRA1,SERPINE1,CTLA4,GABRB2,MAPK1,PRKAA1,CFB,CYTB,CXCR5,TDO2,HK2,GATA3,MAPK3,ARNTL,IGHM,OGDH,HK1,DBP,MAG,CHRNA7,CD25,MS4A1,LDHA,HTR1B
TLR9,SDC1,IL18,PDK1,ASIC3,IL1A,IL13,BDNF,C4A,VCAM1,MBP,TXNRD1,IFNA8,TNFRSF1A,AGT,ENO1,DNAJC6,NOS1,FLT1,SERPINE1,ADORA2A,BMP2,UQCRC2,STAT2,HTR4,EPO,TP53,BDNF,NR1D1,IRF3,CD44,,AMPK,IDO1,STING,NFKB1,IL4R,ADRA1A,KLRD1,IL6,ARG1,NOS1,HTR2A,DNMT1,TEK,HK2,TCF7,IL10RB,KLRG1,HLA-B,CASP3,MAPK14,TREM2,SIRT1,S100A8,CD86,CD74,GPC5,MC2R,C1QC,HSPA5,CHRM3,OPA1,JUN,TLR4,,TLR7,SLC6A4,ACOX2,CFP,EDNRB,PGK1,CRY1,BCL2L1,OCLN,PMAIP1,MAOA,F3,PDCD1,GRIN1,MAPK3,PRKAA2,CD55,COX2,LDHA,TPH1,PKM,RORC,MAPK8,PER1,CD27,BTLA,HK2,HSD11B1,OLIG2,GABBR1,IL2RA,STAT1,LDHB,HTR2A
MYD88,IGHG1,IL21,PDK2,CALCA,IL2,IL21,NTRK2,C5,SELE,MAG,GLRX,TNFSF18,TNFRSF1B,REN,ENO2,VCP,NOS3,KDR,NOS3,NOS1,BMPR1A,MT-CO1,STAT3,TPH1,CYP51A1,RELA,NOS3,RORA,IRF7,CD69,,MTOR,TDO2,FASLG,NLRP3,IL13,ADRA2A,NCR2,IL10,CD47,NOS2,DRD2,TET2,TLR2,PFKM,LEF1,TGFBR1,KLRD1,HLA-C,CASP8,AKT1,TYROBP,SIRT3,S100A9,HLA-DRA,MAPK1,IL8R,NR3C1,SDHA,HSPB1,HTR1A,DRP1,MYC,TLR5,,TLR9,HTR1A,HSD17B4,CD46,VEGFA,PGAM1,CRY2,BAX,CLDN5,PPP1R15A,MAOB,PLAT,CD274,GRIN2B,MAPK8,SIRT1,CD46,ND1,PKM,DDC,LDHA,IL12A,MAPK9,PER2,NCR1,ICOS,GPI,HSD11B2,SOX10,GLUL,CD38,STAT3,PKM,HTR3A
NFKB1,IGHM,IL22,PDK3,TAC1,IL4,FOXP3,CREB1,C1QA,SELP,MOG,PRDX1,TNFSF11,CXCR3,APOE,HSPA1A,SQSTM1,EDN1,MIR21,EDN1,NOS2,WNT3A,MT-CO2,STAT4,SLC6A4,CYP26B1,NFKB1,EDN1,RORB,STAT1,IL2RA,,RPTOR,TPH1,FAS,CASP1,IL17A,COMT,TBX21,IL17A,SIRPA,NOS3,SLC6A4,HDAC1,MYD88,PKM,ID2,TGFBR2,NCR1,B2M,CASP9,MTOR,CD68,MTOR,HMGB1,HLA-DRB1,MAPK3,CXCR1,NR3C2,SDHB,BAX,HTR2A,FIS1,TP53,TLR9,,MYD88,HTR2A,SCP2,CD55,FLT1,ENO2,NR1D1,FAS,TJP1,RIPK2,SLC6A2,NLRP3,LAG3,SLC1A1,MAPK14,SIRT3,C1QA,ND4,SLC2A1,SLC6A4,PDK1,IL12B,JUN,PER3,NCR2,CD274,PFK1,AVP,NRGN,GAD1,CD40,JAK2,HK1,SLC6A4
NFKB2,CD79A,IL23A,PDK4,OPRM1,IL12A,NAMPT,FOS,C1QB,VWF,TLR2,CYBB,TNFRSF10B,CCR5,PRNP,HSPA1B,MAP1LC3B,EDNRA,MIR146A,EDNRA,NOS3,CTNNB1,GCLC,STAT5A,MAOA,CASP10,IRF3,VEGFA,MTNR1A,STAT3,CD274,,RICTOR,TPH2,BCL2,IL1B,IL17F,DBH,CYP51A1,IL18,CD28,EDN1,ATF4,HDAC2,NFKB1,LDHA,IRF4,HSP90AA1,CD3E,TAP1,APAF1,AMPK,CD33,ATG5,MMP9,B2M,MAPK4,CXCR2,FKBP4,SDHC,BCL2,DRD2,BNIP3,ACTN3,MYD88,,IRAK1,VIP,GNPAT,CD59,SIRT1,PKM2,RORA,FASLG,VEGFA,SOCS3,SLC6A3,CASP1,HAVCR2,SLC1A2,JUN,PPARA,C1QB,SURF1,NFATC1,ATG5,CS,IL23R,FOS,CRY1,NCR3,PDCD1LG2,ALDOA,AVPR1A,SYN1,SLC1A2,CD40LG,SOCS1,HK2,TPH1
RELA,CD79B,IL27,LDHA,OPRD1,IL12B,SIRT3,CLOCK,CFH,TPH1,TLR5,NCF1,TNFRSF8,CCR7,PINK1,HSPB1,BECN1,COMT,MIR155,ADRA1A,EDN1,NOTCH1,GCLM,STAT6,TRPV1,SLC7A2,PRKAA1,FLT1,GP1BA,JAK1,ICOS,,ULK1,SLC6A4,BAX,IL18,IL17RA,TH,CYP26B1,TGFB1,STAT1,EDNRA,DDIT3,SIRT1,RELA,LDHB,SDHA,HSP90AB1,CD4,TAP2,BAX,SIRT1,TLR2,ATG7,VWF,CD28,ARRB1,CCL2,FKBP5,SDHD,CASP3,COMT,BNIP3L,MYH7,NLRP3,,TRAF6,VIPR1,ATG5,CR1,SIRT3,LDH,RORB,CASP3,FLT1,JUN,SLC6A4,IL18,BTLA,GRIA1,FOS,PPARG,HLA-DRB1,SCO2,IRF4,ATG7,IDH2,IL6R,STAT1,CRY2,KLRK1,TGFB1,GAPDH,CRHR1,DLG4,NHLRC1,ICOS,IRF1,IDH1,TPH2
IL1B,PAX5,IL33,LDHB,NGF,IL15,TFAM,ARNTL,CD55,TPH2,OCLN,NCF2,TNFSF10,S100B,PARK2,DNAJB1,ATG5,DBH,MIR223,ADRB1,VEGFA,DLL4,GSS,TLR2,CALCA,HSPB6,MTOR,S100A8,GP1BB,JAK2,CD28,,ATG5,HTR1A,APAF1,IL6,TGFB1,DDC,HSPB6,CCL2,STAT2,EDNRB,HSPA5,ZFPM1,CLDN1,PDK1,SDHC,HSPA1A,CD8A,PSMB8,BAK1,PPARA,TLR4,BECN1,F3,ICOS,GOLGA4,CCL5,HSP90AA1,UQCRC1,CASP9,MAO,FUNDC1,MYBPC3,IL1R1,,IKBKG,VIPR2,ATG7,CR2,PPARA,,DBP,ATG5,EDN1,CREM,HTR1A,IL18R1,CD28,GRIK2,EGR1,HIF1A,HLA-DQB1,COQ2,BATF,ATG12,OGDH,IL1R1,STAT3,NR1D1,KLRC1,IL12A,PGK1,UCN,GRIN1,GABPB1,PD1,IRF3,IDH2,NOS3
IL6,IRF4,CXCL9,PKM2,BDNF,IL18,TOX,PER1,CD59,IDO1,CLDN5,RAC1,TNFAIP6,MBP,,BAG3,ATG7,BCL2,STAT1,ADRB2,FLT1,SHH,IL6R,TLR3,TAC1,SLC22A16,SIRT1,S100A9,ITGA2B,SOCS1,CD80,,ATG7,HTR2A,CASP3,CCL2,TGFB2,SLC6A2,TNFRSF12A,CCL5,IRF3,CLOCK,ERN1,MAF,OCLN,PDK4,SDHD,HSPA1B,CD28,PSMB9,PARP1,PGC1A,TLR9,MAP1LC3B,SERPINE1,COX4I1,ABCE1,CXCL10,HSP90AB1,UQCRC2,APAF1,TPH1,AMBRA1,HIF1A,CASP1,,MAP3K7,ICAM1,ATG12,HLA-A,PPARG,,TEF,ATG7,VCAM1,NAMPT,HTR2A,STAT1,CD80,CHRM3,MYC,ATP1A1,HLA-B,PDHA1,VDAC1,BECN1,FH,TNFRSF1A,STAT5A,NR1D2,KLRC2,IL23A,ENO1,OPRM1,GRIA1,TIMMDC1,PDCD1LG2,IRF7,IDH3A,NOS2
IL10,PRDM1,CXCL11,HIF1A,GDNF,IL21,LAG3,PER2,CTLA4,IDO2,TJP1,NOX4,IL17C,MAG,,STAT1,ULK1,BAX,STAT3,CHRM3,KDR,PTCH1,TNFRSF1A,TLR4,VDR,ABCB5,SIRT3,HMGB1,ITGB3,SOCS3,FAS,,LC3B,VDR,CASP9,CXCL8,TGFB3,NOS3,COX10,CXCL8,IRF7,ARNTL,HMGB1,MAPK1,TJP1,PDHB,UQCRB,HSPA5,CTLA4,CD86,ATM,CLOCK,MYD88,TP53,ALB,SDHA,HLA-DQA1,HLA-DRA,NCOA1,UQCRB,CYCS,TPH2,BECN1,EPAS1,AHR,,MAPK1,VCAM1,BECN1,HLA-B,ESRRA,,HLF,BECN1,ICAM1,ZC3H12A,DRD2,STAT3,CD86,CHRNA7,HIF1A,ATP2B1,B2M,CS,SLC25A4,MAP1LC3B,MDH2,TNFRSF1B,STAT5B,TJP1,KLRD1,CXCL8,PKM2,OPRK1,GABRA1,SLC25A15,BTLA,MAPK1,IDH3B,NOS1
IL17A,XBP1,CXCL12,EPAS1,NTRK1,IL22,COMT,CRY1,PDCD1,TDO2,MUC2,DUOX2,IL37,MOG,,STAT3,TFEB,NAMPT,JAK1,NPY,ANGPT1,MYC,IL1R1,TLR9,FGF19,SLC25A13,PPARA,ESRRA,P2RY1,NLRP3,FASLG,,SQSTM1,CYP27B1,P53,ICAM1,CD4,NOS2,COX15,CXCL10,MX1,PER1,ESRRA,MAPK14,MUC2,ACO2,UQCRQ,HSPB1,PDCD1,CD80,ATR,BMAL1,NFKB1,BCL2,VDR,PRDX1,PRG4,HLA-DRB1,NCOA2,COX4I1,DIABLO,SLC6A4,ATG5,VHL,IDO1,,MAPK3,SELE,MAP1LC3A,HLA-C,APP,,NPAS2,MAP1LC3B,PECAM1,UBE2D3,CRHR1,STAT4,HLA-DRB1,NOS3,VEGFA,CACNA1C,TAP1,ACO2,PINK1,SQSTM1,ACO2,FASLG,JAK1,OCLN,GZMB,ACE,LDHA,HTR1A,SLC1A2,MRPS6,CD28,MAPK14,CS,ARG1
IL22,TNFRSF13B,CCL7,VHL,NTRK2,IL23A,BDNF,CRY2,CD274,KMO,HTR1A,XDH,TNFSF9,PLP1,,JAK1,LAMP1,IDO1,JAK2,NPY1R,TEK,TP53,VWF,MYD88,BCKDHA,SLC4A1,PPARG,APP,TBXA2R,IL1R1,TNFSF10,,PINK1,HLA-DRB1,PUMA,VCAM1,CD8A,EDN1,ATP2C1,MUC2,ISG15,PER2,APP,AKT1,DEFA5,IDH2,ATP5C1,JAK1,LAG3,CD40,CDK1,PER1,RELA,BAX,NFKBIA,TXN,OGG1,B2M,NCOA3,COX5A,MCL1,IGHV3-30,ATG7,EGLN1,IDO2,,MAPK8,SELP,MAP1LC3B,HLA-DRB1,CD74,,TIMELESS,PRKAA1,ACE2,RBBP6,CYP11B1,JAK1,MTOR,EDN1,EPO,SCN1A,TAP2,IDH2,GZMK,ULK1,SDHA,FAS,JAK2,CLDN1,C3,AGT,LDHB,HTR2A,SLC1A3,SGTB,CD86,PIK3CA,ACO2,ARG2
IL23A,PRKAA1,CCL17,SIRT1,RET,IL27,ANGPT1,NR1D1,CD80,KYNU,HTR2A,MPO,TNFSF14,,,JAK2,LAMP2,KYNU,MAPK1,NPY2R,ICAM1,RB1,SIRT3,TICAM1,BCKDHB,ABCB4,PPARGC1A,CD74,VWF,CASP1,GZMH,,PRKN,HLA-DQB1,NOXA,SELE,CD8B,ACE,ATP1A2,TJP1,OAS1,PER3,CD74,PIK3CD,DEFA6,OGDH,ATP5D,JAK2,TIGIT,CD40LG,CDK2,PER2,NLRP3,CASP3,TRAF2,NLRP3,FXN,CD14,HDAC1,COX5B,BCL2L1,IGHV3-30-3,ATG12,ACTB,TDO2,,MAPK14,PECAM1,SQSTM1,HLA-DQB1,HLA-DRA,,FBXL3,PRKAA2,LDHA,MTHFR,HSP90AA1,JAK2,HIF1A,VEGFA,SLC2A1,KCNJ2,PSMB8,OGDH,CD69,MTOR,SUCLG1,TNFSF10,JAK3,CLDN5,C4A,ATF4,G6PD,SLC6A4,KCNJ10,ELAVL4,STAT1,CSF2,FH,DDAH1
TGFB1,PRKAA2,CCL19,SIRT3,FGF2,TGFB1,TEK,CD19,CD86,QPRT,SLC6A4,EPX,IL22,,,IRF1,CTSB,KMO,MAPK3,VIP,VCAM1,CDKN1A,NLRP3,IRF3,G6PD,ABCC8,ESRRA,CLOCK,F2R,PYCARD,GNLY,,MFN1,HLA-B27,,SELP,ESRRA,AGTR1,CYP24A1,OCLN,IFIT1,CRY1,IL2RB,PTEN,REG3A,SDHA,TXN,STAT1,HAVCR2,IDO1,CCND1,CRY1,CASP1,CASP9,TRAF6,CASP1,LAYN,PTGS2,HDAC2,COX6A1,BID,IGHD,LC3B,EZR,TPH1,,FUT1,CDH1,ULK1,HLA-DPB1,HLA-DRB1,,CSNK1D,MTOR,PKM,MTR,AVP,JAK3,MAPK1,FLT1,PDK1,TNFRSF1A,PSMB9,SUCLA2,IL2RA,RPS6KB1,,IDO1,TYK2,MUC2,C4B,DDIT3,,TPH1,AQP4,CDK13,STAT3,IL2,MDH2,DDAH2
IFNA1,SIRT1,CCL21,NAMPT,VEGFA,IFNB1,PLAT,MS4A1,ICOS,PTPRC,TPH1,NOS2,IL17B,,,IRF3,CTSD,PINK1,MTOR,VIPR1,SELE,BCL2,IL18,IRF7,ELANE,TNFRSF12A,PSMA3,PER2,F2RL3,HLA-DRB1,IL12A,,MFN2,TH,,VWF,CD74,VEGFA,CYP3A43,CLDN1,DDX58,CRY2,CCR4,TRAF6,REG3G,SDHB,CD4,MAPK1,CD27,IDO2,CCNE1,CRY2,IL1A,PARP1,IL13,LDHA,CLEC4D,,CREBBP,COX6B1,CLOCK,IGHJ,SQSTM1,CSK,NOS3,,SLC9A3,CDH2,MTOR,,B2M,,CSNK1E,PIK3CA,HK2,MTRR,NPY,MAPK1,PIK3CA,KDR,LDHA,TNFRSF1B,CCL2,FH,IL7R,EIF4EBP1,,IDO2,SOCS1,DEFA5,C1QA,ESRRA,,TPH2,S100A8,SLC35C1,JAK1,IL12A,HSPA1A,EDN1
IFNB1,SIRT3,,PARP1,EGF,CCL2,ESRRA,CD27,CD40,STAT1,TPH2,NOS3,TNFRSF19,,,IRF7,GBA,ATP9A,PIK3CA,PACAP,SELL,BAX,CASP1,NFKB1,CD53,CCL26,PSMA4,GSR,SELP,HLA-DQA1,IL12B,,DRP1,DBH,,THBD,IDO1,AKT1,TNFRSF1B,CLDN2,IFIH1,NR1D1,HLA-DQA1,IRAK4,LCN2,FH,CD8A,MAPK3,CD70,TDO2,RB1,REV-ERBA,PYCARD,ATM,IL5,PKM,CFTR,,EDN1,COX7A1,ARNTL,CD19,NBR1,HAVCR2,VEGFA,,SLC26A3,ITGB1,RPTOR,,NLRP3,,GSK3B,AKT1,SIRT1,GSS,CRHR2,MAPK3,PTGS2,ANGPT1,PKM,CD40LG,CCL3,MDH2,PTPRC,PRKAA1,,KYNU,SOCS3,DEFA6,CFH,CD74,,DDC,S100A9,DNAJB1,JAK2,IL12B,HSPA1B,EDNRA
,,,,IGF1,CCL7,,MAPK1,,,,ARG1,,,,,LRRK2,,,CALCRL,PECAM1,CASP3,,,,,,,,HLA-DQB1,,,OPA1,COMT,,F3,,,,FABP2,,,,,,MDH2,,,,KYNU,E2F1,ROR-A,,ATR,,,,,,,,CD20,OPTN,,ACE2,,TJP1,,AKT1,,,,E2F1,ELP1,SIRT3,,MC2R,,,TEK,ENO1,IL12A,,PC,,,,,,,,,,DBH,HMGB1,,IRF7,,,
,,,,MMP9,CCL11,,MAPK3,,,,IDO1,,,,,ACADM,,,RAMP1,CDH5,CASP8,,,,,,,,HLA-A,,,FIS1,ADORA2A,,PLAT,,,,SLC2A1,,,,,,CS,,,,KMO,HDAC1,,,VEGFA,,,,,,,,CD22,TBK1,,,,OCLN,,PIK3CA,,,,RB1,CYP11A1,PINK1,,STAR,,,ICAM1,GAPDH,IL12B,,PCK1,,,,,,,,,,SLC6A3,RAGE,,IRF3,,,
,,,,TIMP1,CCL17,,NGF,,,,PTGS2,,,,,ACADVL,,,CGRP,CLDN5,APAF1,,,,,,,,HLA-B,,,,P2RX7,,SERPINE1,,,,SLC5A1,,,,,,SLC25A4,,,,QPRT,HDAC2,,,HIF1A,,,,,,,,CD79A,,,,,CLDN1,,PTEN,,,,CDK4,CYP17A1,PRKN,,CYP11A1,,,VCAM1,PGK1,MYD88,,G6PC,,,,,,,,,,SLC6A2,AGER,,,,,
,,,,,CXCL1,,,,,,ALOX5,,,,,HADHA,,,TRPV1,OCLN,RIPK3,,,,,,,,HLA-C,,,,SLC6A3,,,,,,AKR1B1,,,,,,SLC25A5,,,,HSPA1A,SIRT1,,,EPO,,,,,,,,CD79B,,,,,MUC2,,HTR1A,,,,CCND1,HSP90AA1,,,CYP17A1,,,SELE,PGAM1,,,PFKM,,,,,,,,,,ADORA1,CD36,,,,,
,,,,,CXCL2,,,,,,LTA4H,,,,,HADHB,,,TRPA1,TJP1,,,,,,,,,B2M,,,,,,,,,,ALDH2,,,,,,SLC25A6,,,,HSPA1B,SIRT3,,,SLC2A1,,,,,,,,,,,,,DEFA5,,HTR2A,,,,,,,,CYP21A2,,,SELP,,,,PKM2,,,,,,,,,,ADORA2A,MSR1,,,,,
,,,,,CXCL9,,,,,,LTC4S,,,,,CPT1A,,,ASIC1,F2,,,,,,,,,TAP1,,,,,,,,,,,,,,,,VDAC1,,,,HSP90AA1,PPARG,,,LDHA,,,,,,,,,,,,,REG3G,,HTR3A,,,,,,,,CYP11B2,,,VWF,,,,LDHA,,,,,,,,,,P2RX7,TLR2,,,,,
,,,,,CXCL11,,,,,,CYP2E1,,,,,CPT2,,,ASIC3,F3,,,,,,,,,TAP2,,,,,,,,,,,,,,,,PPARA,,,,DNAJB1,PPARA,,,PKM,,,,,,,,,,,,,TFF3,,HTR4,,,,,,,,FKBP4,,,THBD,,,,SLC2A1,,,,,,,,,,P2RY1,TLR9,,,,,
,,,,,CXCL12,,,,,,</parameter>,,,,,SLC25A20,,,PIEZO1,F5,,,,,,,,,,,,,,,,,,,,,,,,,PPARG,,,,BAG1,NR1H3,,,PPARA,,,,,,,,,,,,,,,SLC6A4,,,,,,,,HSP90AB1,,,F2R,,,,SLC2A4,,,,,,,,,,TRPV1,MUC2,,,,,
,,,,,CD3E,,,,,,</invoke>,,,,,ETFA,,,PIEZO2,F8,,,,,,,,,,,,,,,,,,,,,,,,,,,,,STUB1,NR1H2,,,PPARG,,,,,,,,,,,,,,,TPH1,,,,,,,,AVPR1A,,,PECAM1,,,,CPT1A,,,,,,,,,,TRPA1,OCLN,,,,,
,,,,,CD3G,,,,,,,,,,,ETFB,,,SCN9A,VWF,,,,,,,,,,,,,,,,,,,,,,,,,,,,,ACE2,,,,PPARGC1A,,,,,,,,,,,,,,,TPH2,,,,,,,,AVPR1B,,,CDH5,,,,CPT2,,,,,,,,,,SCN9A,CLDN1,,,,,
,,,,,CD28,,,,,,,,,,,ETFDH,,,SCN10A,SERPINE1,,,,,,,,,,,,,,,,,,,,,,,,,,,,,TMPRSS2,,,,ESRRA,,,,,,,,,,,,,,,,,,,,,,,OXT,,,CLDN5,,,,ACADM,,,,,,,,,,CACNA1B,TJP1,,,,,
,,,,,CD40,,,,,,,,,,,,,,KCNQ2,PLAT,,,,,,,,,,,,,,,,,,,,,,,,,,,,,,,,,NRF1,,,,,,,,,,,,,,,,,,,,,,,OXTR,,,OCLN,,,,HADHA,,,,,,,,,,KCNJ6,,,,,,
,,,,,CD40LG,,,,,,,,,,,,,,KCNQ3,THBD,,,,,,,,,,,,,,,,,,,,,,,,,,,,,,,,,TFAM,,,,,,,,,,,,,,,,,,,,,,,AGRP,,,TJP1,,,,ACAA2,,,,,,,,,,GABRA1,,,,,,
,,,,,CD80,,,,,,,,,,,,,,HCN2,PROC,,,,,,,,,,,,,,,,,,,,,,,,,,,,,,,,,,,,,,,,,,,,,,,,,,,,,,,,CART,,,ENG,,,,,,,,,,,,,,GRIN1,,,,,,
,,,,,CD86,,,,,,,,,,,,,,HCN4,MUC2,,,,,,,,,,,,,,,,,,,,,,,,,,,,,,,,,,,,,,,,,,,,,,,,,,,,,,,,MC4R,,,CAV1,,,,,,,,,,,,,,GRIA1,,,,,,
,,,,,CD274,,,,,,,,,,,,,,,TFF3,,,,,,,,,,,,,,,,,,,,,,,,,,,,,,,,,,,,,,,,,,,,,,,,,,,,,,,,LEPR,,,,,,,,,,,,,,,,,,,,,,,
,,,,,HAVCR2,,,,,,,,,,,,,,,DEFA5,,,,,,,,,,,,,,,,,,,,,,,,,,,,,,,,,,,,,,,,,,,,,,,,,,,,,,,,ADRB1,,,,,,,,,,,,,,,,,,,,,,,
,,,,,CD69,,,,,,,,,,,,,,,REG3A,,,,,,,,,,,,,,,,,,,,,,,,,,,,,,,,,,,,,,,,,,,,,,,,,,,,,,,,ADRA2A,,,,,,,,,,,,,,,,,,,,,,,
,,,,,NDUFA1,,,,,,,,,,,,,,,LCN2,,,,,,,,,,,,,,,,,,,,,,,,,,,,,,,,,,,,,,,,,,,,,,,,,,,,,,,,CHRM2,,,,,,,,,,,,,,,,,,,,,,,
,,,,,NDUFA2,,,,,,,,,,,,,,,,,,,,,,,,,,,,,,,,,,,,,,,,,,,,,,,,,,,,,,,,,,,,,,,,,,,,,,,NOS1,,,,,,,,,,,,,,,,,,,,,,,
,,,,,NDUFB1,,,,,,,,,,,,,,,,,,,,,,,,,,,,,,,,,,,,,,,,,,,,,,,,,,,,,,,,,,,,,,,,,,,,,,,EDNRA,,,,,,,,,,,,,,,,,,,,,,,
,,,,,NDUFB2,,,,,,,,,,,,,,,,,,,,,,,,,,,,,,,,,,,,,,,,,,,,,,,,,,,,,,,,,,,,,,,,,,,,,,,KDR,,,,,,,,,,,,,,,,,,,,,,,
,,,,,COX4I1,,,,,,,,,,,,,,,,,,,,,,,,,,,,,,,,,,,,,,,,,,,,,,,,,,,,,,,,,,,,,,,,,,,,,,,ADRB3,,,,,,,,,,,,,,,,,,,,,,,
,,,,,VDAC1,,,,,,,,,,,,,,,,,,,,,,,,,,,,,,,,,,,,,,,,,,,,,,,,,,,,,,,,,,,,,,,,,,,,,,,ADRA1A,,,,,,,,,,,,,,,,,,,,,,,
,,,,,GPX4,,,,,,,,,,,,,,,,,,,,,,,,,,,,,,,,,,,,,,,,,,,,,,,,,,,,,,,,,,,,,,,,,,,,,,,ADRA1B,,,,,,,,,,,,,,,,,,,,,,,
,,,,,PRDX3,,,,,,,,,,,,,,,,,,,,,,,,,,,,,,,,,,,,,,,,,,,,,,,,,,,,,,,,,,,,,,,,,,,,,,,ADRA2B,,,,,,,,,,,,,,,,,,,,,,,
,,,,,TXN2,,,,,,,,,,,,,,,,,,,,,,,,,,,,,,,,,,,,,,,,,,,,,,,,,,,,,,,,,,,,,,,,,,,,,,,ADRA2C,,,,,,,,,,,,,,,,,,,,,,,
,,,,,HMOX1,,,,,,,,,,,,,,,,,,,,,,,,,,,,,,,,,,,,,,,,,,,,,,,,,,,,,,,,,,,,,,,,,,,,,,,CHRM1,,,,,,,,,,,,,,,,,,,,,,,
,,,,,,,,,,,,,,,,,,,,,,,,,,,,,,,,,,,,,,,,,,,,,,,,,,,,,,,,,,,,,,,,,,,,,,,,,,,,CHRM3,,,,,,,,,,,,,,,,,,,,,,,
,,,,,,,,,,,,,,,,,,,,,,,,,,,,,,,,,,,,,,,,,,,,,,,,,,,,,,,,,,,,,,,,,,,,,,,,,,,,ACHE,,,,,,,,,,,,,,,,,,,,,,,
,,,,,,,,,,,,,,,,,,,,,,,,,,,,,,,,,,,,,,,,,,,,,,,,,,,,,,,,,,,,,,,,,,,,,,,,,,,,CHAT,,,,,,,,,,,,,,,,,,,,,,,
,,,,,,,,,,,,,,,,,,,,,,,,,,,,,,,,,,,,,,,,,,,,,,,,,,,,,,,,,,,,,,,,,,,,,,,,,,,,EDNRB,,,,,,,,,,,,,,,,,,,,,,,
,,,,,,,,,,,,,,,,,,,,,,,,,,,,,,,,,,,,,,,,,,,,,,,,,,,,,,,,,,,,,,,,,,,,,,,,,,,,EDN2,,,,,,,,,,,,,,,,,,,,,,,
,,,,,,,,,,,,,,,,,,,,,,,,,,,,,,,,,,,,,,,,,,,,,,,,,,,,,,,,,,,,,,,,,,,,,,,,,,,,EDN3,,,,,,,,,,,,,,,,,,,,,,,
,,,,,,,,,,,,,,,,,,,,,,,,,,,,,,,,,,,,,,,,,,,,,,,,,,,,,,,,,,,,,,,,,,,,,,,,,,,,ECE1,,,,,,,,,,,,,,,,,,,,,,,
,,,,,,,,,,,,,,,,,,,,,,,,,,,,,,,,,,,,,,,,,,,,,,,,,,,,,,,,,,,,,,,,,,,,,,,,,,,,NOS2,,,,,,,,,,,,,,,,,,,,,,,
,,,,,,,,,,,,,,,,,,,,,,,,,,,,,,,,,,,,,,,,,,,,,,,,,,,,,,,,,,,,,,,,,,,,,,,,,,,,ARG1,,,,,,,,,,,,,,,,,,,,,,,