seed_1_all,seed_2_all,seed_3_all,seed_4_all,seed_5_all,seed_6_all,seed_7_all,seed_8_all,seed_9_all,seed_10_all,seed_11_all,seed_12_all,seed_13_all,seed_14_all,seed_15_all,seed_16_all,seed_17_all,seed_18_all,seed_19_all,seed_20_all,seed_21_all,seed_22_all,seed_23_all,seed_24_all,seed_25_all,seed_26_all,seed_27_all,seed_28_all,seed_29_all,seed_30_all,seed_31_all,seed_32_all,seed_33_all,seed_34_all,seed_35_all,seed_36_all,seed_37_all,seed_38_all,seed_39_all,seed_40_all,seed_41_all,seed_42_all,seed_43_all,seed_44_all,seed_45_all,seed_46_all,seed_47_all,seed_48_all,seed_49_all,seed_50_all,seed_51_all,seed_52_all,seed_53_all,seed_54_all,seed_55_all,seed_56_all,seed_57_all,seed_58_all,seed_59_all,seed_60_all,seed_61_all,seed_62_all,seed_63_all,seed_64_all,seed_65_all,seed_66_all,seed_67_all,seed_68_all,seed_69_all,seed_70_all,seed_71_all,seed_72_all,seed_73_all,seed_74_all,seed_75_all,seed_76_all,seed_77_all,seed_78_all,seed_79_all,seed_80_all,seed_81_all,seed_82_all,seed_83_all,seed_84_all,seed_85_all,seed_86_all,seed_87_all,seed_88_all,seed_89_all,seed_90_all,seed_91_all,seed_92_all,seed_93_all,seed_94_all,seed_95_all,seed_96_all,seed_97_all,seed_98_all,seed_99_all,seed_100_all
IFNG,IL6,IL6,CXCL10,IL2,PDCD1,IL6,STAT1,IL6,IFNG,STAT1,PDCD1,IL6,IFNG,PDCD1,PDCD1,PDCD1,IL6,IL6,PDCD1,IL6,PDCD1,PDCD1,IL6,PDCD1,IL6,IL6,IFNG,IL6,IL6,NR3C1,IL1B,IL6,IL6,IL6,IL6,IFNG,IFI44,IL6,IL6,IL6,TNF,CXCL8,IL6,IL6,IL6,IFNG,PDCD1,IL6,IL1B,IL6,CXCL10,STAT1,PDCD1,IFI27,PDCD1,PDCD1,CXCL10,CXCL10,IL6,PDCD1,IL6,IL6,IFNG,IL1B,IL6,PDCD1,PDCD1,IL2RA,IFNG,CD4,PDCD1,PDCD1,IL6,IFNG,TNF,STAT1,IFI27,PDCD1,PDCD1,PDCD1,ARL4C,GZMB,IL6,STAT1,IL6,IL6,PDCD1,IFNG,TNF,IL6,IL6,PDCD1,IL6,IFI27,PDCD1,IL6,IFNG,TNF,IL6
IL6,CXCL8,IFNG,IL6,IL4,CTLA4,TNF,IFNG,IFNG,IL6,STAT2,CTLA4,IFNG,IL6,CTLA4,CTLA4,CTLA4,TNF,TNF,CTLA4,TNF,CTLA4,CTLA4,IL1B,CTLA4,IL8,TNF,IL6,IL1B,TNF,IFNG,IL6,IFNG,TNF,TNF,TNF,TNF,IFI44L,TNF,IL8,IL1B,IFNG,IL6,TNF,TNF,IL1B,IL6,LAG3,TNF,IL6,TNF,CXCL9,STAT3,LAG3,ISG15,LAG3,CTLA4,STAT1,IL6,IFNG,LAG3,CXCL8,TNF,IL6,IFNG,TNF,LAG3,LAG3,IFNG,TNF,CD8A,CTLA4,CTLA4,TNF,TNF,IL6,IFNG,NKG7,CTLA4,CTLA4,CTLA4,ANAPC11,PRF1,TNF,IRF7,IL1B,IL1B,CTLA4,IL6,IFNG,IL1B,TNF,CTLA4,CXCL8,ISG15,CTLA4,IFNG,IL6,IL6,TNF
IL10,CXCL10,TNF,TNF,IL6,LAG3,IFNG,IL6,TNF,TNF,IRF7,LAG3,TNF,IL1B,LAG3,LAG3,IFNG,IFNG,IFNG,LAG3,IFNG,LAG3,LAG3,TNF,LAG3,TNF,IFNG,TNF,TNF,IL10,TNF,TNF,TNF,IFNG,IFNG,IFNG,IL6,IFIT1,IFNG,TNF,TNF,IL6,TNF,IFNG,IL1B,TNF,TNF,TIGIT,IFNG,IL10,IFNG,IL6,IL7R,TIGIT,CXCL10,HAVCR2,TIGIT,IFNG,IL8,TNF,HAVCR2,TNF,IFNG,IL1B,TNF,IL1B,CTLA4,CTLA4,TNF,IL6,LCK,LAG3,LAG3,IFNG,IL1B,IL1B,IL6,STAT1,LAG3,LAG3,HAVCR2,MX1,NKG7,IFNG,IFNG,IFNG,TNF,LAG3,TNF,IL6,TNF,IFNG,TIGIT,TNF,OAS1,IL6,TNF,IL1B,CXCL8,IFNG
TNF,TNF,CXCL10,IFNG,IL7,TIGIT,IL1B,TNF,CXCL10,IL1B,IRF9,TIGIT,IL1B,TNF,TIGIT,HAVCR2,TNF,PDCD1,IL1B,TIGIT,CXCL10,HAVCR2,HAVCR2,IFNG,TIGIT,IFNG,IL1B,IL1B,IFNG,IFNG,IL6,IFNG,CXCL8,IL1B,CXCL10,IL1B,IL1B,IFIT3,CXCL10,IFNG,IFNG,IL1B,IFNG,IL1B,IFNG,IFNG,PDCD1,HAVCR2,IL1B,TNF,IL1B,IL1B,IL17A,CTLA4,OAS1,TIGIT,LAG3,CXCL9,TNF,IL10,CTLA4,IFNG,IL1B,TNF,CXCL10,IFNG,HAVCR2,TIGIT,IRF1,CXCL10,ZAP70,TIGIT,TIGIT,IL1B,IL6,IFNG,IL1B,NFE2L2,HAVCR2,TIGIT,LAG3,OAS2,GNLY,IL1B,IL6,TNF,IFNG,TIGIT,IL1B,IL1B,IFNG,IL1B,LAG3,IFNG,OAS2,IFNG,IL1B,TNF,CXCL10,IL1B
IL1B,IFNG,CXCL9,IL1B,IL10,HAVCR2,CXCL10,CXCL10,STAT3,IL10,OAS1,HAVCR2,CXCL10,CXCL10,HAVCR2,TIGIT,IL6,CTLA4,IL10,HAVCR2,IL1B,TIGIT,TIGIT,CXCL10,HAVCR2,IL1B,CXCL10,CXCL10,IL10,IL1B,IL1B,STAT1,CXCL10,CXCL8,CXCL9,CXCL10,IL10,MX1,CXCL9,STAT1,CXCL8,IL10,IL1B,CXCL10,IL10,IL10,CTLA4,CTLA4,CXCL10,IFNG,CXCL10,IFNG,PDCD1,HAVCR2,IFIT3,CTLA4,HAVCR2,TNF,IFNG,CXCL10,TIGIT,IL1B,IL2,IL10,CXCL8,STAT1,TIGIT,IL6,STAT1,CXCL9,PDCD1,HAVCR2,HAVCR2,IL10,IL8,CXCL10,TNF,NR3C1,TIGIT,HAVCR2,TIGIT,STAT1,KLRD1,CXCL10,IL1B,TGFB1,TGFB1,HAVCR2,IL10,IL10,CXCL8,STAT1,HAVCR2,NR3C1,OAS3,TNF,IL10,CXCL10,IFNG,CXCL8
IL2,IL2,IL10,STAT1,IL13,TOX,CXCL9,STAT3,PDCD1,TGFB1,OAS2,TOX,IL17A,CXCL9,HLA-DRA,TNFRSF9,CXCL9,LAG3,CXCL10,CD274,IL10,CD28,CD274,CXCL8,CD8A,CXCL10,CXCL9,CXCL9,IL17A,NFKB1,IL10,STAT3,CXCL9,IL10,CCL2,CXCL9,CXCL9,OAS1,CXCL8,STAT3,CXCL10,IL4,IL10,CXCL9,IL17A,IL2,TIGIT,ICOS,CXCL9,IFNA1,CXCL9,CXCL11,NKG7,TOX,MX1,IFNG,IFNG,IL6,CCL2,CCL2,CD274,IL10,TGFB1,IL17A,IL6,STAT3,TOX,TNF,CXCL10,IL1B,LAG3,TOX,TBX21,CXCL8,IL10,CXCL9,CXCL10,PPARGC1A,TNF,BTLA,TOX,CXCL10,IFNG,CCL2,TNF,CXCL10,IL17A,CD274,IL17A,IL18,CXCL9,STAT3,TOX,PDK4,MX1,CXCL10,CXCL10,CXCL9,IL1B,CXCL10
IL4,IL1B,CCL5,STAT3,TNF,GZMB,STAT1,IL1B,CTLA4,PDCD1,OAS3,EOMES,IL10,CXCL8,HLA-DRB1,TNF,CXCL10,TIGIT,CXCL9,PDCD1LG2,IL2,CD3D,ICOS,CCL2,CD4,STAT1,STAT1,OAS1,IL21,STAT3,PDCD1,IRF1,IL1B,TGFB1,CCL5,CCL2,CXCL10,OAS2,OAS1,STAT5B,CCL2,IL2,CXCL10,IL8,IL2,IL4,LAG3,CXCL10,IL8,IFNB1,HLA-DRA,CCL20,PPARGC1A,EOMES,OAS2,GZMB,IL2,CXCL11,CCL5,CCL5,IFNG,IL17A,IL12B,IL2,IL18,IRF7,EOMES,IFNG,CXCL9,PDCD1,TIGIT,TOX2,EOMES,TGFB1,IL12B,IL10,PRF1,IL6,IL6,ICOS,NR3C1,IRF7,CXCL10,GZMB,IL10,CXCL8,CXCR4,LGALS9,IL2,IL12A,CXCL10,JAK1,EOMES,SOD2,MX2,OAS1,CXCL9,CXCL11,TGFB1,CCL2
IL17A,OAS1,CCR7,IL2,IFNG,PRF1,STAT3,CCL2,PPARGC1A,CTLA4,OASL,TBX21,STAT1,ISG15,HLA-DQA1,IFNG,CXCL11,HAVCR2,CCL2,CD244,IL17A,CD3E,BTLA,CCL5,CXCR3,STAT3,STAT3,MX1,CXCL8,STAT1,LAG3,IRF7,IL18,CCL2,IL1B,CXCL8,CXCL11,OAS3,ISG15,PRF1,CCL5,IL17A,CXCL9,IL17A,IL4,IL17A,HAVCR2,CXCL9,CXCL11,CXCL9,PDCD1,CCL4,NFE2L2,XBP1,STAT1,PRF1,TNF,IRF9,IL1B,PDCD1,IL6,IL21,CXCL10,IL4,STAT1,CXCL10,BATF,CXCL10,CCL5,CTLA4,CTLA4,EOMES,PRDM1,NFKB1,IL17A,STAT3,GZMB,TNF,IFNG,CD28,PPARGC1A,TNF,CXCL9,NKG7,CXCL10,IL10,CXCL10,IL1B,IL21,IL12B,CXCL11,JAK3,FOXP3,HMOX1,IFIT1,ISG15,IL8,CCL2,PDCD1,CCL5
CXCL10,OAS2,PDCD1,IL10,IFNA1,NKG7,NFKB1,PDCD1,NR3C1,LAG3,MX1,BATF,ISG15,OAS1,HLA-DQB1,IL2,IL12B,FOXP3,CCL5,PRF1,IL21,CD4,PTPN22,IL17A,CCR7,OAS1,IRF7,ISG15,CXCL10,CXCL10,CTLA4,OAS1,PDCD1,CXCL10,IL10,CCL5,CCL2,ISG15,MX1,GZMB,CXCL9,IL17F,CX3CL1,TGFB1,IL21,IL17F,LCK,IFNG,OAS1,CXCL10,LAG3,CCL5,PDK4,IFNG,STAT3,IL6,ISG15,STAT3,IL10,LAG3,TNF,IL13,CXCL9,IL12A,STAT3,CXCL9,IRF4,CXCL9,GZMB,LAG3,HAVCR2,TBX21,KLRD1,STAT1,IL21,STAT1,GNLY,PDCD1,IL1B,CD27,TFAM,IFNG,IL2RA,PDCD1,CXCL9,PDCD1,CCL2,IL6,CXCL9,IL2,CCL2,STAT5A,CXCL10,NFE2L2,IFIT2,IFIT3,ISG15,CCL5,CTLA4,CXCL9
CXCL8,ISG15,CTLA4,GZMB,IFNB1,IFNG,NR3C1,LAG3,NDUFS7,TIGIT,MX2,CXCL13,PDCD1,MX1,STAT1,IL10,LAG3,STAT1,PDCD1,GZMB,CCL2,CD8A,ZAP70,IFITM3,CD28,IRF7,IRF1,STAT1,CXCL9,IL7,TIGIT,OAS2,CTLA4,PDCD1,TGFB1,CXCL12,CCL5,STAT1,NFKB1,GZMA,IL10,IL22,CCL2,STAT3,CXCL10,IL21,ZAP70,TNF,OAS2,CCL2,CTLA4,PDCD1,ATP5F1A,TNF,TNF,TNF,MX1,IL1B,IL15,TOX,IL1B,CXCL10,CCL5,CXCL10,IRF7,HLA-DRA,PRDM1,CCL2,PRF1,TIGIT,CXCL10,IL7R,KLRK1,STAT3,TGFB1,OAS1,PDCD1,CTLA4,CXCL10,CD3D,NRF1,IL6,CTLA4,CPT1A,OAS1,CTLA4,CCL5,TNF,CXCL10,IL17A,CCL5,IL10,CXCL9,CXCL10,IFIT3,MX1,OAS1,OAS1,LAG3,CXCL11
CCL2,IFIT1,LAG3,PRF1,IFNL1,IL8,PPARGC1A,HAVCR2,OAS1,HAVCR2,ISG15,IL6,NFE2L2,STAT1,IRF7,IL6,TIGIT,STAT3,CTLA4,GNLY,CCL5,KLRD1,HLA-DRA,OAS1,PRF1,IL10,PDCD1,STAT2,CCL2,IL2,HAVCR2,OAS3,LAG3,GZMB,STAT1,PDCD1,CTLA4,STAT2,STAT1,KLRK1,STAT1,CXCL9,STAT1,STAT1,CXCL9,IL22,GZMB,IL6,OAS3,CCL5,TIGIT,CSF2,SOD2,IL6,IL6,NR3C1,OAS1,CCL2,LIF,EOMES,IL10,CXCL9,CCL2,CXCL9,OAS1,HLA-DRB1,GZMB,ISG15,NKG7,GZMB,CXCL9,IFNG,GZMB,IRF7,CXCL10,ISG15,CTLA4,GZMB,CXCL9,CD3E,NFE2L2,IL1B,PDCD1,ATP5F1A,ISG15,LAG3,TLR4,IFNG,CXCL11,STAT1,PDCD1,CXCL10,IRF7,STAT1,IFITM1,STAT1,MX1,OAS2,HAVCR2,LAG3
CCL5,MX1,TIGIT,PDCD1,CXCL9,IL6,ATP5F1B,TIGIT,MX1,TOX,IFIT1,IL1B,SOD2,STAT3,CXCL10,IL1B,HAVCR2,IRF7,LAG3,NKG7,CXCL8,KLRC1,HLA-DRB1,RNASEL,GZMB,TGFB1,CTLA4,IRF7,CCL5,PDCD1,NKG7,MX1,TIGIT,PRF1,STAT3,CTLA4,PDCD1,IRF7,STAT3,NKG7,STAT3,CXCL10,STAT3,IRF7,CCL2,IL23A,PRF1,IL1B,IFI27,HLA-DRA,HAVCR2,CXCL8,HMOX1,CXCL10,CXCL9,SOD2,OAS2,CCL5,PDCD1,PRF1,IL2,CCL2,PDCD1,CXCL11,ISG15,NKG7,PRF1,OAS1,LILRB2,PRF1,CCL2,GZMB,PRF1,CXCL10,CXCL9,OAS3,LAG3,PRF1,CXCL8,CD3G,KEAP1,SOCS3,TIGIT,NDUFS1,MX1,HAVCR2,TLR2,IL17A,CCL2,STAT3,CTLA4,CXCL9,STAT1,STAT3,IFITM2,IRF7,IFIT1,OASL,TIGIT,TIGIT
CCL3,STAT1,HAVCR2,CTLA4,CXCL10,TNF,SOD2,GZMB,FKBP5,EOMES,IFIT2,TNF,PPARGC1A,IRF7,CXCL9,CXCL9,CD274,OAS1,TIGIT,IFNG,GZMB,NKG7,HLA-A,STAT1,IFNG,PDCD1,LAG3,PDCD1,CCL19,CTLA4,GZMB,CXCL10,GZMB,STAT1,NFKB1,LAG3,LAG3,PDCD1,TLR4,CXCL9,RELA,CXCL11,IRF1,OAS1,CCL5,IL27,NKG7,GZMB,IFI44,HLA-DRB1,PRF1,CTLA4,TLR4,CXCL9,GZMB,NDUFS1,IFIT1,PDCD1,CTLA4,GZMB,IL7R,CCL5,CTLA4,CCL2,MX1,GZMB,CXCL10,STAT1,HLA-DRA,NKG7,CXCL13,PRF1,GNLY,CCL2,CCL2,IRF7,TIGIT,SOD2,OAS1,TRAC,NLRP3,CXCL9,LAG3,SOD2,HLA-DRA,TIGIT,NLRP3,IL18,CCL5,STAT5A,LAG3,CCL2,OAS1,PDCD1,IFITM3,LAG3,IFIT3,IFI44L,CD38,PDCD1
CCL4,STAT3,PRF1,LAG3,CCL5,CXCL10,GPX1,PRF1,TLR4,BATF,IFIT3,IFNG,NR3C1,IFI27,CCL2,CXCL10,FOXP3,MX1,HAVCR2,IL2,PRF1,GZMB,HLA-B,STAT3,IL2,CTLA4,TIGIT,CTLA4,IFNAR1,CXCL9,PRF1,CCL2,PRF1,STAT2,RELA,TIGIT,HAVCR2,CTLA4,ADRB2,CXCL10,IRF7,CXCL8,IRF7,ISG15,CCR7,CXCL8,KLRD1,PRF1,IFI44L,NKG7,GZMB,LAG3,CXCL10,CCL2,PRF1,ATP5F1A,IFIT3,CTLA4,TIGIT,NKG7,CCR7,CCL4,LAG3,CCL5,PDCD1,PRF1,CXCL9,IRF7,HLA-DRB1,GNLY,IL2RA,CXCL10,FCGR3A,CXCL9,CCL5,IRF1,EOMES,NOS3,OAS2,IL2RA,PYCARD,OAS1,HAVCR2,GPX1,HLA-DRB1,TOX,CD14,CXCL10,CXCR3,STAT5B,HAVCR2,CCL5,ISG15,TIGIT,STAT1,HAVCR2,IFI27,MX1,CD8A,CTLA4
PRF1,IRF7,GZMB,TIGIT,CCR5,ISG15,PRDX3,KLRD1,VEGFA,PRF1,IFIT5,IL10,CXCL9,IFI44,IL21,CCL2,PTPN22,CXCL10,CD3D,IL2RA,CD3D,GZMA,HLA-C,IRF7,IL6,LAG3,FOXP3,LAG3,IFNGR1,CCL2,STAT1,CCL5,STAT1,STAT3,IRF7,HAVCR2,TIGIT,LAG3,ADRA2A,CTLA4,PDCD1,CCL2,JAK1,PDCD1,CXCR3,CXCL9,CXCL10,CD8A,ISG15,GZMB,NKG7,TIGIT,IFNAR1,CXCL8,PDCD1,CXCL10,IFI27,LAG3,LAG3,FCGR3A,CXCL8,CXCL12,TIGIT,CCL4,CTLA4,CXCR3,IFNG,GZMB,CD38,KLRD1,IL7R,CXCL9,IL6,PDCD1,CCR5,MX1,TBX21,NDUFS1,OAS3,GZMB,CASP1,OAS3,STAT1,TREM2,HLA-B,EOMES,HLA-DRA,CXCL9,CCR7,JAK1,TIGIT,PDCD1,IFIT1,PRF1,STAT2,TIGIT,PDCD1,MX2,CD4,HAVCR2
GZMB,JAK1,GNLY,HAVCR2,CD4,MX1,HIF1A,NKG7,NOS3,GZMB,RSAD2,IL18,TNFRSF1A,HLA-DRA,IFNG,CCL5,IL2RA,CXCL9,CD28,IL7R,CD3E,PRF1,IFNG,TLR4,TNF,HAVCR2,PRF1,TIGIT,STAT1,CCR7,STAT3,TLR4,IRF7,IRF7,JAK1,TOX,GZMB,TIGIT,NR3C1,PDCD1,CTLA4,CCL5,JAK2,CTLA4,PDCD1,CXCL10,CCL2,CD4,MX1,PRF1,STAT1,HAVCR2,JAK1,PRF1,CD274,CXCL9,IFI6,TIGIT,HAVCR2,KLRD1,CXCL10,PDCD1,HAVCR2,CCL7,LAG3,CCR5,CXCL13,PRF1,CD69,KLRK1,IFNG,CCR7,IL1B,LAG3,CD38,FOXP3,NDUFS1,NLRP3,RNASEL,PRF1,TNF,ISG15,STAT3,VEGFA,HLA-A,PRDM1,HLA-DRB1,CXCL8,PDCD1,JAK2,PRF1,CTLA4,IFIT3,NKG7,IRF7,JAK1,LAG3,ISG15,KLRK1,GZMB
GZMA,SOCS3,NKG7,OAS1,CD8A,OAS1,ADRB2,GNLY,SOD2,KLRK1,IFI27,IL17A,IL2,PDCD1,TNF,GZMB,PRF1,PRF1,KLRD1,IL15,CD4,IFNG,IL2,TLR2,IL1B,TIGIT,GZMB,HAVCR2,STAT3,NKG7,STAT5B,TLR3,IL10,HLA-DRB1,JAK2,CD38,PRF1,HAVCR2,PDK4,LAG3,LAG3,CCL7,PDCD1,LAG3,CTLA4,CXCL11,CCR2,CD28,STAT1,LAG3,STAT3,STAT3,IRF7,GZMB,LAG3,VEGFA,KLRD1,HAVCR2,CD38,GNLY,CCL2,CTLA4,JAK1,CCL8,HAVCR2,OAS1,CD244,NKG7,PDCD1,KLRC1,IL6,CCR5,TNF,CTLA4,CD69,IL2,NDUFS2,ADRB2,MX1,GNLY,IL6,IFI27,JAK1,NR3C1,PDCD1,PRF1,HLA-DQA1,CCL2,CTLA4,TYK2,GZMB,LAG3,MX1,OAS1,IRF9,JAK2,TIGIT,STAT1,PRF1,PRF1
GNLY,CTLA4,KLRD1,ISG15,CD8B,IFITM3,VEGFA,CD38,HMOX1,KLRC1,IFI44,CCL5,IL2RA,CTLA4,IL6,PRF1,GZMB,GZMB,NKG7,IL21,CD8A,IL2,IL10,NLRP3,CXCL8,KLRK1,GNLY,PRF1,STAT5A,PRF1,HLA-DRA,CD4,IL12B,KLRD1,IRF9,HLA-DRA,NKG7,TOX,PDK1,TIGIT,TIGIT,CCL19,CTLA4,TIGIT,TIGIT,CCL2,IL1B,IL2RA,STAT3,PDCD1,IRF7,STAT1,TREM2,GNLY,TIGIT,HIF1A,PRF1,TOX,GNLY,TIGIT,CCL5,LAG3,JAK3,CCR5,TIGIT,OAS2,CD38,NCR1,LAG3,NCR1,TNF,STAT1,IFNG,HAVCR2,PDCD1,PDCD1,ATP5F1A,CRH,ISG15,NKG7,IL1B,IFI44,JAK2,CRH,CTLA4,GZMB,HLA-DQB1,CCL5,LAG3,CXCL10,KLRD1,TIGIT,NDUFS2,OAS2,RSAD2,STAT3,PRF1,IRF7,GZMB,NKG7
NKG7,PDCD1,TOX,MX1,CD3D,EIF2AK2,NOS3,OAS1,ACE,STAT1,IFI44L,CXCL10,TLR4,LAG3,IL1B,NKG7,NKG7,KLRK1,GZMB,STAT1,CTLA4,TNF,TNF,CD38,CCL2,PRF1,HLA-DRA,GZMB,STAT6,GZMB,CXCL10,CD8A,IL12A,NKG7,IRF3,HLA-DRB1,CD3D,EOMES,COX7A2,FOXP3,HAVCR2,CCL20,LAG3,HAVCR2,LAG3,CCL4,IL18,PTPRC,IRF7,CTLA4,SOCS3,JAK1,GZMB,NKG7,TLR4,TREM2,GZMB,EOMES,GZMB,HAVCR2,CXCL9,HAVCR2,STAT1,CXCR3,TOX,MX1,CCR7,GNLY,TIGIT,NCR3,IL1B,STAT3,IL10,TIGIT,CTLA4,CTLA4,ATP5F1B,TLR4,STAT1,KLRD1,CXCL10,HLA-DQB1,IL7R,TLR4,LAG3,KLRD1,KLRD1,PRF1,TIGIT,CXCL9,KLRC1,HAVCR2,COX5A,MX1,CMPK2,SOCS3,GZMB,IRF9,STAT1,KLRD1
KLRD1,LAG3,EOMES,RSAD2,CD3E,STAT1,PDCD1,ISG15,CXCL9,STAT3,IFI6,CXCL9,IFI27,HAVCR2,CD38,KLRD1,GNLY,NKG7,PRF1,STAT3,PDCD1,CXCL9,CXCL10,LAG3,TLR4,GZMB,HLA-DRB1,NKG7,JUN,CD8A,CCL5,CD8B,CCL2,CCL5,STAT2,CD3D,CD3E,PRDM1,ATP5F1A,IL2RA,TOX,CCR7,HAVCR2,TOX,HAVCR2,CCL5,STAT1,CCR5,IRF9,TIGIT,CD38,TNF,GNLY,KLRD1,HLA-DRA,NFE2L2,NKG7,TBX21,PRF1,CTLA4,CX3CR1,TIGIT,STAT3,CD3D,EOMES,ISG15,CX3CR1,CD3D,TOX,CD3D,IL10,SOCS3,CXCL10,PRF1,LAG3,LAG3,SDHB,NOD2,STAT3,KLRK1,TLR4,HLA-DRB1,IL6,NLRP3,TIGIT,NCR1,KLRK1,GZMB,HAVCR2,CCL2,NKG7,TOX,ATP5F1A,TLR4,DDX58,IFNAR1,KLRK1,SOCS3,STAT3,GNLY
KLRK1,HAVCR2,BATF,KLRD1,CD3G,STAT3,CTLA4,NDUFS1,PDHA1,IRF7,CXCL10,CXCL11,OAS1,TIGIT,CD8A,STAT1,CX3CR1,KLRD1,GNLY,STAT5A,LAG3,CXCL10,CXCL9,PDCD1,TLR2,GZMA,HLA-A,NKTR,FOS,CD4,PPARGC1A,CD3D,CCL5,GNLY,IFNAR1,CD3E,CD8A,KLRD1,NDUFS7,IL10,EOMES,CCR5,TIGIT,GZMB,CD274,CCL7,STAT3,CXCR3,KLRD1,FOXP3,PPARGC1A,IL10,PRF1,KLRK1,PDK4,TOX,CX3CL1,PRF1,HLA-DRA,PPARGC1A,NCR1,TOX,NFKB1,CD4,PRF1,IFIT1,STAT1,CD4,EOMES,CD4,IL12B,IL2RA,CXCL9,GZMB,TIGIT,TIGIT,UQCRC1,IFIT1,IRF7,KLRB1,TLR2,PDCD1,TNF,IL10,HAVCR2,CXCR3,PRF1,KLRK1,PRF1,CCL5,STAT1,PRF1,PINK1,TLR7,LCK,IFNGR1,STAT1,PDCD1,PPARGC1A,CD38
PDCD1,TIGIT,STAT1,KLRK1,PTPRC,FOXP3,LAG3,NDUFS8,PDK4,ISG15,CXCL11,PRF1,OAS2,GZMB,CD4,STAT3,KLRD1,GNLY,HLA-DRA,STAT5B,TIGIT,CCL5,CXCL11,CTLA4,NLRP3,NKG7,HLA-B,KLRD1,RELA,TLR4,TFAM,CD3E,CCL4,CTLA4,IFNGR1,PRF1,CD8B,KLRB1,PRF1,IL1B,TBX21,CXCR4,NKG7,PRF1,IDO1,CCL22,IRF7,CCL5,KLRK1,STAT1,TFAM,GZMB,NLRP3,KLRC1,NDUFS1,TOX2,CXCL9,GZMB,HLA-DRB1,TFAM,KLRD1,TOX2,RELA,CD8A,GZMB,IFIT3,STAT3,CD8A,TBX21,CD8A,STAT1,TNF,CCL2,GNLY,HAVCR2,HAVCR2,COX4I1,IFIT3,IRF9,KLRC1,ISG15,CTLA4,IL1B,TGFB1,TOX,CCR5,GZMB,KLRD1,GZMB,CXCR3,STAT3,GZMB,SOD2,TLR9,ZAP70,OAS3,STAT3,CTLA4,SIRT1,HLA-DRA
CTLA4,TOX,IRF7,NKG7,NCAM1,IL10,TIGIT,SDHB,CPT1B,OAS1,CXCL9,GZMB,MX1,PRF1,GZMB,STAT5A,KLRC1,IFIT3,HLA-DRB1,JAK1,HAVCR2,CCR7,CCR7,TIGIT,STAT1,GNLY,HLA-C,KLRK1,NFKB1,TLR2,NFE2L2,LCK,CX3CL1,LAG3,PDCD1,GZMB,FOXP3,KLRK1,GZMB,TLR4,GZMB,PDCD1,PRF1,KLRD1,SOCS3,CXCR3,ISG15,HLA-DRA,PRF1,STAT3,COX4I1,PRF1,SIRT1,CD28,NDUFS2,TCF7,CXCL10,GNLY,HLA-B,MT-ND1,GZMB,EOMES,DDX58,GZMB,KLRD1,GBP1,NFATC1,NR3C1,PRDM1,CD8B,STAT3,TNFRSF9,CCL5,NKG7,FCGR3A,GZMB,COX5B,ISG15,CCL2,FCGR3A,STAT1,LAG3,IL10,IL18,EOMES,STAT1,PDCD1,NCR1,GNLY,CXCR4,STAT5A,NKG7,HMOX1,HLA-DRA,PRF1,IFIT1,IRF7,LAG3,TFAM,PTPRC
LAG3,GZMB,CX3CR1,GNLY,KLRD1,TGFB1,HAVCR2,UQCRC1,TFAM,CXCL10,CCL5,NKG7,IFIT1,NKG7,PRF1,IRF1,KLRB1,ISG15,ISG15,JAK3,TBX21,CXCR3,CXCR3,HAVCR2,STAT3,CXCR3,MX1,CXCR3,SOCS1,TLR3,SOD2,PRF1,TNFSF10,TIGIT,CTLA4,NKG7,TBX21,FCGR3A,GNLY,TLR2,PRF1,CTLA4,GZMB,NKG7,STAT1,CCR5,OAS1,HLA-DRB1,GZMB,IRF7,NDUFS1,GNLY,PRKAA1,CCR7,ATP5F1A,GZMA,IL10,FCGR3A,HLA-A,MT-ND2,PRF1,TBX21,MAVS,PRF1,NKG7,CD8A,NFATC2,FKBP5,BATF,CD28,STAT5B,TNFRSF4,TGFB1,CD8A,GNLY,PRF1,SOD2,MX1,CCL5,TRDC,IRF1,TIGIT,CXCL11,CXCL9,TBX21,STAT3,FOXP3,CD8A,NKG7,PDCD1,IRF7,NCR3,NFE2L2,HLA-DRB1,GZMB,IFI44,HLA-DRA,HAVCR2,NDUFS1,CD3D
HAVCR2,PRF1,CCR5,CD38,NKG7,STAT5B,PRF1,COX5A,ATP5F1B,CXCL9,CCL4,KLRK1,IRF7,FOXO3,FOXP3,IRF7,CCR7,NLRC5,IFIT3,SOCS3,EOMES,IL7R,CCR5,ENTPD1,IRF7,CCR7,OAS1,CCR5,SOCS3,MYD88,HMOX1,GZMB,IFITM3,SOCS3,LAG3,FCGR3A,STAT1,GNLY,KLRD1,CCR5,FCGR3A,LAG3,GNLY,FCGR3A,STAT3,CCR7,MX1,HLA-A,GZMA,IRF9,ATP5F1A,FCGR3A,IL1B,CD69,SDHB,KLRK1,IL6,KLRG1,HLA-C,MT-CO1,TBX21,PRDM1,PIK3CA,NKG7,GNLY,CD4,RELA,CRHR1,IL7R,IL2RA,SOCS1,KLRG1,STAT1,CD4,GZMB,CD8A,GPX1,OAS1,CCR5,IFNG,SDHB,HAVCR2,CCR7,IL21,PRF1,IRF7,STAT1,CD3D,KLRD1,CTLA4,IRF1,KLRK1,GPX4,KLRD1,GZMA,IFI44L,TLR4,TIGIT,NDUFS3,CD4
TIGIT,NKG7,NDUFS1,SOCS3,PRF1,CCR7,GZMB,ATP5F1A,SDHB,MT-ND1,USP18,KLRC1,CTLA4,KLRD1,CCR5,TBX21,CCR5,HLA-DQB1,PPARGC1A,CXCL9,FOXP3,ITK,STAT1,PRF1,SOCS3,IL2RA,ISG15,CCR7,PDCD1,IRF7,GPX1,NKG7,GNLY,NFKBIA,TIGIT,KLRB1,STAT3,GZMB,PDCD1,CXCR3,KLRK1,HAVCR2,KLRK1,GNLY,IRF7,STAT1,IFNAR1,HLA-B,GZMK,JAK1,ATP5MC1,KLRD1,TNF,CD247,CPT1B,KLRC1,CXCL8,NKG7,NKG7,NDUFS1,EOMES,NR4A1,AKT1,LAG3,FCGR3A,CD3D,NFKBIA,HSD11B1,CD27,IL2RB,SOCS3,KLRC1,STAT3,CD3E,PRF1,CD4,NFE2L2,OAS2,CXCR3,TNF,SDHA,PRF1,CXCR3,STAT1,GZMB,ISG15,STAT3,TLR4,KLRK1,LAG3,JAK1,KLRC1,CYCS,LCK,GZMH,CXCL11,NLRP3,CD244,COX4I1,CD8A
STAT1,KLRK1,SDHB,TNFAIP3,GZMB,CXCR4,NDUFS1,PPARGC1A,COX4I1,MT-ND2,BST2,KLRD1,LAG3,CCR5,CXCR3,FOXP3,CXCR3,HLA-DQA1,MFN2,CXCL10,IKZF2,ZAP70,STAT3,GZMB,JAK1,IL7R,IL17A,CD38,CTLA4,IRF3,CAT,KLRD1,KLRK1,RELA,HAVCR2,KLRD1,STAT4,GZMA,LAG3,CCR7,NKG7,TIGIT,KLRD1,HLA-DRA,MX1,STAT3,PPARGC1A,STAT1,CD8A,JAK2,UQCRC1,HLA-DRA,IL6,CD3E,TFAM,CX3CR1,CCL2,IL2RA,STAT1,NDUFS7,CD27,NR4A2,SIRT1,PDCD1,CX3CR1,TNFSF13B,FOS,AVP,CD28,IFNAR1,TLR4,KLRK1,SOCS3,STAT5A,KLRD1,CCR7,HMOX1,RSAD2,GZMB,IL1B,COX4I1,GZMB,KLRK1,STAT3,NKG7,MX1,IRF7,TLR2,FCGR3A,TIGIT,JAK2,KLRC2,PPARGC1A,ZAP70,KLRD1,IL1B,NOS3,KLRD1,ATP5F1A,FCGR3A
STAT3,GNLY,UQCRC1,NFKB1,GZMK,CXCR3,COX4I1,PINK1,UQCRC1,MT-ND4,DDX58,GNLY,HAVCR2,CXCR5,OAS1,CD28,CCL5,HLA-DRB1,NDUFS1,CXCL11,STAT1,PTPRC,IRF1,NKG7,MAPKAPK2,HLA-DRA,IL18,CD27,LAG3,IFNA1,NDUFS3,KLRK1,KLRC1,ZBTB7A,CXCR3,STAT1,JAK1,PRF1,TOX,CXCL13,KLRD1,ENTPD1,KLRB1,HLA-DRB1,OAS1,STAT4,NRF1,STAT3,CD8B,MX1,SDHA,HLA-DRB1,IFNG,CD3D,PPARGC1A,CXCR3,NR3C1,IL7R,STAT3,COX4I1,CD28,NFATC1,HIF1A,TIGIT,CCL2,LTA,JUN,POMC,CD3D,STAT1,TLR7,KLRD1,IRF7,IL2,KLRC1,CCR5,TXN,IRF7,PRF1,IL6,UQCRC2,NKG7,KLRB1,IRF1,KLRD1,OAS1,MYD88,TLR3,STAT1,TOX,SOCS1,CD4,PRF1,CD4,KLRK1,CXCL8,VEGFA,KLRB1,ATP5F1B,TLR4
JAK1,FCGR3A,COX4I1,RELA,GZMA,CCR5,UQCRC2,PRKN,SLC25A4,MT-CO1,TLR3,STAT1,TIGIT,CXCL11,ISG15,CD40LG,CCL2,B2M,NDUFS2,CCL2,STAT3,STAT1,IRF7,FOXP3,CSNK1G3,HLA-DRB1,CCL2,CD28,TIGIT,IFNB1,COX4I1,GNLY,KLRD1,KLF2,CCR5,STAT3,JAK2,IL1B,TIGIT,CCL2,NCR3,NCR1,FCGR3A,CD38,OAS2,STAT5A,TFAM,JAK1,CCR5,ISG15,SLC25A4,CD274,CXCL8,CD3G,UCP2,CCL5,CRH,CCR7,IRF7,ATP5F1A,ICOS,GZMB,IL10,HAVCR2,CCL5,LTB,MYC,IFITM3,CD8A,STAT3,TLR3,NKG7,OAS1,IL7,KLRC3,CCL2,KEAP1,STAT2,KLRD1,IL18,ATP5F1A,KLRK1,SOCS1,IRF7,KLRK1,IFIT3,IKBKB,NOD2,STAT3,EOMES,SOCS3,CD8A,GZMB,CD8A,NKG7,CCL2,NR3C1,KLRC1,SDHB,TLR2
JAK2,HLA-DRA,ATP5F1A,PTGS2,STAT1,NCR3,SDHB,MFN2,LAG3,ATP6,TRIM25,STAT3,FCGR3A,KLRG1,KLRD1,HLA-DRA,CCL4,TAP1,SDHA,CCL4,IRF7,STAT3,IRF8,IL2RA,CAMK1D,B2M,CCL5,CD69,HAVCR2,TLR7,SDHA,ICAM1,NKG7,CEBPB,CCR7,IRF1,IFNAR1,TNF,CTLA4,CCL5,NLRP3,KLRD1,HLA-DRA,CD69,OAS3,STAT6,NDUFS1,JAK3,CCR7,OAS1,TOMM20,ICOS,CCL2,ZAP70,NFE2L2,IL2RA,CRHR1,CXCR4,IRF9,UQCRC1,STAT1,PRF1,IFNAR1,CTLA4,CCL4,IRF9,IDO1,OAS3,CD8B,SOCS1,TLR9,GNLY,IFIT1,IL15,NKG7,CXCL11,AIF1,IRF9,NKG7,IL17A,CYCS,FCGR3A,SOCS3,IRF9,FCGR3A,USP18,JAK1,NLRP3,STAT5A,GZMB,NDUFS1,CD8B,GNLY,CD8B,GNLY,NKG7,PDK4,GZMB,SDHC,TLR7
ISG15,HLA-DRB1,NDUFA4,PPARGC1A,STAT3,KLRK1,NFE2L2,OPA1,HAVCR2,ATP5F1A,NDUFS1,STAT4,PRF1,KLRB1,PPARGC1A,HLA-DRB1,CCL3,TAP2,SDHB,CCL5,IRF5,JAK1,NDUFS1,NFATC1,PRKACA,PRKAA1,CD38,PPARGC1A,NDUFS1,TLR9,KLRD1,HLA-DRA,HLA-DRA,S100A8,CCR2,IRF7,IFNGR1,IL6,IRF7,CD38,PPARGC1A,FCGR3A,HLA-DRB1,TLR4,IFI27,IRF1,NDUFS2,NDUFS1,PDCD1,OAS2,CPT1A,TOX,CCL5,LCK,SOD2,IL7R,POMC,NDUFS1,OAS1,DNM1L,STAT3,NKG7,IRF7,STAT1,CCR5,OASL,HLA-DRA,MX1,KLRK1,SOCS3,OAS1,CXCR6,MX1,NFKBIA,STAT1,PPARGC1A,TREM2,KLRD1,CD38,IL17F,SOD2,GNLY,HLA-DRA,CTLA4,NCR1,NDUFS7,JAK3,OAS1,STAT5B,PRF1,SDHB,PTPN11,NKG7,GZMB,EOMES,GZMB,CTLA4,PRF1,UQCRC1,TLR9
MX1,HLA-A,NDUFB1,TFAM,STAT5A,KLRD1,NOX4,SLC25A4,TIGIT,NDUFS1,NDUFS3,IRF7,GZMB,RELA,NFE2L2,CCR7,NDUFS1,PSMB9,UQCRC1,TNF,IFI27,JAK3,NDUFS2,CD3D,RIPK1,PPARGC1A,CD69,PRKAA1,NDUFS2,RELA,KLRC1,HLA-DRB1,HLA-DRB1,S100A9,CXCR4,OAS1,OAS1,TGFB1,DDX58,HLA-DRA,TFAM,PRF1,CD38,TLR2,IFI44,IRF7,NDUFV1,NDUFS3,CTLA4,OAS3,PDK4,EOMES,IL10,LAT,HMOX1,PTPRC,AVP,SDHA,OAS2,SLC25A4,IRF1,KLRD1,IRF1,STAT4,TLR4,IFIH1,HLA-DRB1,RSAD2,KLRD1,JAK1,OAS2,NDUFS1,OAS3,RELA,STAT3,TFAM,CX3CR1,KLRC2,CD3D,IL22,GPX1,CD38,HLA-DRB1,LAG3,CX3CR1,NDUFB8,SOCS1,IRF7,JAK1,NKG7,UQCRC1,LCK,CPT1A,GFAP,TBX21,GNLY,HAVCR2,GNLY,UQCRC2,NLRP3
MX2,HLA-B,NDUFS2,NDUFS1,STAT5B,GNLY,CAT,CPT1A,STAT1,NDUFS2,NDUFA3,IRF5,KLRD1,NFKBIA,NRF1,CXCR3,NDUFB8,PSMB8,COX4I1,FAS,ISG15,PPARGC1A,NDUFS7,CD4,TGFBR1,SIRT1,NKG7,PRKAA2,NDUFA1,LAG3,IL2RA,HLA-B,IL7,CCR5,PRF1,ISG15,OAS3,CCL2,IFIH1,HLA-DRB1,NRF1,GZMB,CD69,TLR9,ISG15,IRF8,ATP5F1A,SDHA,LAG3,CXCL11,CS,TBX21,CTLA4,JAK1,GPX1,CD3D,ADRB2,SDHB,OAS3,PDHA1,IRF7,KLRK1,TYK2,IRF7,TLR2,DDX58,HLA-DPB1,DDX58,KLRC1,IL12B,ISG15,NDUFS2,DDX58,IRF1,IRF7,NDUFS1,C1QA,KLRK1,CD4,IL10,GPX4,CD69,B2M,TIGIT,CCR7,ATP5F1A,SOCS3,STAT1,JAK2,CD8A,COX4I1,ZAP70,DNM1L,AIF1,PDCD1,PRF1,CXCL11,NKG7,NDUFA1,CASP1
OAS1,HLA-C,COX6B1,SDHB,SOCS1,ZAP70,IL6R,ACADVL,IRF7,SDHA,NDUFB5,IRF9,NKG7,TNFAIP3,ATP5F1A,ICOS,NDUFS3,ERAP1,ATP5F1A,FASLG,OAS1,PDK1,SDHA,CD8A,CSK,ATP5F1A,KLRD1,NFE2L2,NDUFA2,TIGIT,CXCL9,LILRB2,IL2,CCR7,GZMB,MX1,MX1,CXCL8,OAS2,CD274,SIRT1,GZMA,CXCR4,NOD2,GZMB,NFKB1,ATP5PF,SDHB,TIGIT,CXCL13,IDH3A,KLRC1,HAVCR2,JAK2,CAT,CD3E,CHRM2,UQCRC1,MX1,CPT1A,MX1,FCGR3A,STAT5A,OAS1,NOD2,JAK1,HLA-DQA1,NLRP3,KLRC2,IL12A,MX1,NDUFS7,ISG15,CXCL11,IRF9,NDUFS2,C1QB,GNLY,CD8A,TGFB1,CAT,TRIM25,CD3D,HAVCR2,CXCR3,COX4I1,CTLA4,ISG15,SOCS1,CD8B,ATP5F1A,IL17A,PRKN,TREM2,CTLA4,CD274,CCL2,IL2RB,NDUFB8,NLRC5
OAS2,CXCL9,ATP5F1B,ATP5F1A,SOCS3,CD3E,TNFRSF1A,PDHA1,ISG15,SDHB,UQCRC1,SOCS1,HLA-DRA,SOCS3,ATP5F1B,CD69,NDUFV1,IFIH1,ATP5MC3,BCL2,MX1,PDHA1,SDHB,CD19,IKBKE,NDUFS1,PPARGC1A,SOD2,NDUFA5,HAVCR2,CXCL12,ITGAM,IL15,CD8A,GZMA,IFIT1,ISG15,TLR4,RSAD2,HLA-A,SIRT3,GNLY,SELL,CX3CL1,PRF1,RELA,ATP5ME,SDHC,HAVCR2,CCR7,LDHA,KLRC2,TIGIT,STAT1,TXNRD1,CD8A,NOS3,COX4I1,ISG15,ACADL,ISG15,GNLY,IFIT3,MX1,MYD88,JAK2,HLA-DOA,IL1B,CD244,CXCL11,IFIT1,NDUFV1,CD19,CCL5,OAS1,NDUFS7,ITGAM,LAG3,FOXP3,CXCL9,PRDX3,BST2,CD8A,KLRD1,CXCR4,CYCS,LAG3,MX1,SOCS3,CD4,ATP5MC3,IL17F,MFN2,CX3CR1,LAG3,ICOS,CCL5,IL7R,MFN1,STAT1
OAS3,CXCL11,PINK1,COX4I1,LAG3,CD4,TLR4,SCO2,IL1B,UQCRC1,UQCRC2,JAK1,HLA-DRB1,NDUFS1,NDUFS1,CD38,MT-ND1,DDX58,CPT1A,BCL2L1,CMPK2,NDUFS1,UQCRC1,CD14,RIPK2,SDHB,NRF1,SOD1,SDHA,CD274,CCL2,ITGAL,NR3C1,CD4,NKG7,IFIT3,IRF7,NLRP3,CXCL11,B2M,NDUFS1,CD69,ITGAM,CX3CR1,KLRD1,TLR2,TOMM40,UQCRC1,IL2RA,CXCR3,HK2,NKG7,LAG3,STAT3,PRDX3,CD4,EDN1,ATP5F1B,IFIT1,SDHB,OAS1,IL2RB,OAS1,NDUFS1,IL10,TYK2,SELL,IL18,CD247,CCL5,IFI44L,NDUFB3,CD79A,KLRD1,ISG15,NDUFB8,TLR4,TIGIT,CCR7,CXCL10,PRDX5,RSAD2,CD4,PRF1,TAP1,TFAM,HAVCR2,IFITM3,ISG15,CD3E,ACADVL,CXCL8,SDHB,P2RY12,TIGIT,CD28,CCR5,NDUFA1,OPA1,STAT3
IFI27,CCL2,PRKN,UQCRC1,PDCD1,CD8A,TLR3,COX4I1,SOCS3,COX5A,SDHB,JAK3,HLA-A,NDUFV2,NDUFA5,CD80,MT-ND2,RSAD2,ACADVL,BAX,CXCL9,NDUFA5,COX4I1,HLA-DRA,ADRBK1,UQCRC2,TFAM,CAT,SDHB,PTPRC,NLRP3,PTPN22,FKBP5,IL17A,KLRD1,IFI44L,IRF9,HMGB1,CCR5,FCGR3A,NDUFS2,KLRK1,ITGB2,CCL2,NKG7,TLR3,UQCRC1,COX4I1,IL7R,CD4,PFKP,PTPN22,JAK2,STAT5B,NQO1,IL1B,VEGFA,ATP5F1A,IFIT3,SLC25A20,OAS2,IFITM3,MX1,NDUFS2,FOXP3,SOCS1,CD160,TLR4,IL15,CCL2,IRF1,SDHA,MS4A1,IL21,MX1,COX5B,TLR2,HAVCR2,HLA-DRA,CXCL11,HMOX1,DDX58,CD38,GNLY,TAPBP,PPARGC1A,TIGIT,IFIT1,MX1,CD28,CPT1A,SOD2,SDHC,TMEM119,HAVCR2,CD27,CCR7,NDUFA4,PINK1,IFIT1
IFI44,CCL5,MFN2,SLC25A4,CTLA4,CD8B,TLR2,ATP5MC3,IL2RA,TFAM,SDHA,IL2,HLA-B,NDUFA9,NDUFA10,CD86,MT-ND3,IFI27,PDHB,CASP3,CCR7,SDHB,COX5A,HLA-DRB1,CDK9,COX4I1,MT-ND1,GPX3,UQCRC1,ZAP70,TLR4,PPARGC1A,CRHR1,IRF1,GNLY,CXCR3,ATP5F1A,ADRB2,CXCR3,FCGR2A,NDUFB8,KLRB1,ICAM1,CCL4,CD3D,TLR4,SDHA,ATP5F1A,CXCR3,CD8A,SLC2A3,CD40,SOCS3,IRF7,GCLC,ICAM1,FLT1,TFAM,IFI44,PDK4,OAS3,ISG15,ISG15,NDUFS3,RORC,SOCS3,IKZF2,TLR2,IL15RA,CCR7,IRF7,SDHB,CD27,IFITM3,IFI44L,COX6A1,TLR9,TNFSF10,HLA-DRB1,CCL2,NCF1,OASL,CD14,CXCL13,PPARGC1A,PINK1,GNLY,IFI27,OAS1,SOCS1,CPT2,CAT,NDUFV1,CCL2,TOX,TNFRSF4,CXCR3,NDUFB3,PARK2,ISG15
IFI44L,IL10,DNM1L,MFN2,TIGIT,HLA-DRA,TLR9,NFE2L2,LCK,PPARGC1A,COX4I1,IL7,HLA-C,NDUFA10,NDUFS2,FCGR3A,MT-CO1,IFI44L,SLC25A3,CASP8,CCR5,SDHD,ATP5F1A,NDUFS1,YES1,CYCS,MT-ND4,GPX4,COX4I1,LCK,TLR2,NRF1,SGK1,KLF13,HLA-DRA,CCR7,ATP5F1B,ADRA1D,TLR7,CD3D,NDUFA6,HLA-DRA,CEACAM1,CCL5,CD8A,TLR7,SDHB,ATP5F1B,CXCR6,CD8B,PRKAA1,PTPRC,STAT5B,ISG15,CYBB,STAT1,KDR,PPARGC1A,IFI44L,NRF1,IFIT1,OAS1,SIGLEC1,NDUFA5,CD4,NFKB1,TOX2,NOD2,CXCR3,CCL19,IRF9,UQCRC1,TNFSF13B,OAS1,IFIT1,ATP5F1B,IL18,CD244,TLR4,CCL5,ADRB2,IFIT3,CD19,OAS3,PRKAA1,PARK2,GZMA,IFI44,IFI44L,SOCS3,PPARGC1A,GPX1,ATP5F1B,CCL19,TNFRSF9,TNFRSF9,FOXP3,NDUFS1,TOMM20,OAS1
IFIT1,IL12B,OPA1,OPA1,MT-ND1,HLA-DRB1,CXCL11,SOD2,ZAP70,NRF1,COX5A,IL15,NLRP3,ATP5F1A,UQCRC1,FCGR2A,MT-CO2,SOCS3,TIMM44,CASP9,NKG7,UQCRC1,ATP5F1B,NDUFB8,MAP3K8,CPT1A,MT-CO1,GSR,COX5A,HLA-DRA,CD14,TFAM,DUSP1,CEBPD,HLA-DPB1,FCGR3B,ATP6V1A,NOS3,TLR9,CD4,SDHB,HLA-DRB1,B2M,CCL19,KLRK1,NLRP3,COX5A,SLC25A4,CXCR4,CD3D,SOD2,CD38,STAT5A,IFIT1,NOX4,STAT3,TEK,SLC25A3,S100A8,TOMM20,IFIT2,MX1,CXCL11,NDUFA9,CD8A,RELA,GNLY,MYD88,CCR5,IL10,NKG7,UQCRC2,CXCL8,MX1,IFIT3,ATP5F1A,IL2RA,CX3CR1,TLR7,CXCL8,ADRA2A,MRPL23,TBX21,MX1,PRKAB1,DNM1L,NKG7,RSAD2,IFIT1,IL7R,TFAM,HMOX1,ATP5MC1,NOS3,CD27,TNFRSF18,IL2RA,SDHA,TIMM23,MX1
IFIT3,IL15,VDAC1,DNM1L,MT-ND2,HLA-DPA1,CCL2,CAT,GZMB,PDHA1,ATP5F1A,IL21,TLR2,ATP5MC3,UQCRC2,MT-ND1,MT-ATP6,IL10,TOMM20,NDUFS1,NDUFA1,COX4I1,ATP5MC1,COX4I1,ABL1,CPT2,MT-CO3,TXN,COX7C,HLA-DRB1,AIF1,NDUFA1,BDNF,CXCL9,TLR4,PPARGC1A,CYCS,ACE,MAVS,CD8A,SDHA,HLA-DRB5,LYZ,IL12A,NDUFS1,HLA-DRA,COX17,CPT1A,HLA-DRA,CD3E,SOD1,NOS3,NDUFS1,NDUFS1,BDNF,TBX21,PTGS2,CPT1A,S100A9,SOD2,IFIT3,IFI27,TRAF3,SDHA,CD28,IKBKB,NDUFS2,RELA,SOD2,NFE2L2,KLRB1,UQCRH,IL7R,ISG15,CXCL13,UQCRC1,CXCL9,IL10,TLR9,CXCL13,NOS3,PKN1,FOXP3,TLR3,MTOR,MFN2,CD3D,OASL,IFIT3,IL2RA,PINK1,NFE2L2,UQCRC2,VEGFA,KLRF1,FAS,NDUFS1,SDHB,SOD1,PPARGC1A
RSAD2,IL18,SLC25A5,NDUFV1,MT-ND3,HLA-DPB1,CCL4,GPX1,PRF1,PDHB,ATP5F1B,IFNAR1,TLR3,COX4I1,SDHA,MT-ND2,ATP5F1A,IL2RA,COX6C,NDUFB8,NDUFA2,COX7A2,SLC25A4,SDHA,INSR,ACADVL,MT-CYB,TXNRD1,ATP5F1A,HLA-A,CSF1R,NDUFA2,NTRK2,NDUFS1,TLR3,PPARGC1B,COX4I1,EDN1,STAT5A,CD8B,UQCRC1,HLA-DPA1,CTSB,IL12B,NDUFS2,HLA-DRB1,COX7C,CPT2,HLA-DRB1,CD28,GPX1,EDN1,NDUFS2,SDHB,CX3CR1,EOMES,SIRT1,ACADM,S100A12,GPX3,RSAD2,IFIT1,B2M,SDHB,ICOS,TNFRSF1A,NDUFA1,IL17A,GPX1,KEAP1,KLRD1,CYC1,CXCR3,IFIH1,IL18,SDHB,CXCL11,IL1B,IL10,CCL20,VEGFA,ADD3,IRF1,TLR7,RPTOR,SLC25A4,CD4,IFIH1,CX3CR1,IL2RB,PRKN,KEAP1,NDUFA5,KDR,KLRB1,FASLG,NDUFS2,UQCRC1,SOD2,TFAM
DDX58,OASL,TOMM20,PPARGC1B,MT-ND4,HLA-B,CCL5,GPX3,KLRK1,ACADVL,ATP5MC1,IFNGR1,STAT3,COX5A,SDHB,MT-ND4,SDHB,IL2RB,COX7A2,NDUFA5,NDUFS1,ATP5F1A,CPT1A,ATP5F1A,RIOK3,PDK4,ATP6,HMOX1,ATP5F1B,HLA-B,GFAP,NDUFB6,PPARGC1A,NDUFS2,TLR7,NDUFS1,COX6A1,NR3C1,JAK1,CD19,COX4I1,HLA-DPB1,CTSS,IL23A,NDUFS7,CD38,SLC25A4,ACADM,CCL4,CD40,CAT,VEGFA,NDUFV1,COX4I1,P2RX7,IRF7,PRKAA1,HADHB,LYZ,GPX1,IFI44,IFIT3,GZMB,COX4I1,IL2RA,TNFRSF1B,NDUFB3,IDO1,GPX3,HMOX1,KLRC1,COX4I1,CCR7,DDX58,IL18BP,PINK1,CCL2,IFNG,IL2,CCR7,FLT1,ADIPOR1,IRF7,TLR8,NDUFS1,ACADVL,CD8A,DDX58,NDUFS1,IL21,DNM1L,NRF1,NDUFB8,EDN1,KLRG1,TLR4,NDUFA1,CYC1,GPX1,NDUFS1
IFIH1,IFIT2,TIMM23,NRF1,MT-ND4L,HLA-C,CD38,TXN,NKG7,CPT1B,ATP5ME,TNFRSF1A,CAT,SDHB,COX4I1,NDUFS1,UQCRC1,IL7R,DNM1L,SDHB,NDUFS2,ATP5MC1,CPT2,ATP5MC1,STK39,SLC25A20,ATP5F1A,NQO1,ATP5MC1,NDUFS1,TREM2,NDUFS1,TFAM,NDUFS3,TLR8,NDUFS2,NDUFS1,CRH,JAK3,NCAM1,COX5A,HLA-DQA1,SERPINA1,IL18,NDUFS8,CD69,CPT1A,PDHA1,CCL5,CD14,NFE2L2,FLT1,SDHB,ATP5F1A,TMEM119,IRF8,PRKAA2,PDHB,FCGR3A,GSR,IFI44L,STAT1,PRF1,COX6C,BATF,CASP3,NDUFS4,KYNU,PRDX3,SOD2,KLRC2,COX5A,LILRB2,BST2,PPARGC1A,PARK7,CCL5,CXCL9,CXCL13,CCR6,KDR,CYP2E1,IRF4,DDX58,NDUFS3,CPT1A,CD28,PPARGC1A,NDUFS2,IL23A,MFN1,PPARGC1A,COX4I1,ICAM1,KLRC1,TLR2,NDUFV1,COX4I1,GPX3,NDUFS2
NLRC5,IFIT3,SOD2,NDUFS2,MT-ND5,HLA-A,CD8A,TXNRD1,CD38,SLC25A4,SLC25A4,TNFRSF1B,GPX1,SDHC,COX6A1,NDUFS2,UQCRFS1,CCR7,UCP2,UQCRC1,NDUFV1,CPT1A,TFAM,SLC25A4,STK10,VDAC1,NDUFS1,PRDX3,ATP5PO,NDUFS2,CX3CR1,SDHB,NRF1,NDUFS7,TLR9,NDUFA1,NDUFS2,AVP,SOCS3,NDUFS3,CYCS,HLA-DQB1,CCL19,IL21,NDUFA1,CD27,PDK1,PPARGC1A,CX3CR1,TLR4,KEAP1,KDR,UQCRC1,ATP5F1B,TREM2,OAS3,MTOR,CS,CD14,PRDX3,LILRB1,IRF7,NKG7,ATP5F1A,NFATC1,CASP8,SDHB,SOD2,CAT,GPX1,KLRF1,ATP5F1A,NKG7,TRIM22,NDUFS1,MFN2,CXCR3,CXCL10,SIGLEC1,STAT1,PECAM1,DYM,EOMES,IFIH1,NDUFA5,SDHB,ICOS,NDUFA1,NDUFA5,IL22,MFN2,TFAM,ATP5PB,VCAM1,KLRC2,TLR7,SDHB,COX5A,GPX4,NDUFV2
IRF1,STAT5A,ATP5MC1,CYCS,MT-ND6,TYK2,CD4,HMOX1,HLA-DRA,PKM,SLC25A3,IL1R1,HMOX1,UQCRC2,MFN2,NDUFA1,COX6C,CD28,NDUFA1,COX4I1,COX4I1,ACADVL,PPARGC1A,POLG,PRKD2,SOD2,NDUFS2,PRDX5,SLC25A3,NDUFS3,NOS3,UQCRC1,NDUFS1,SDHB,MYD88,NDUFA2,NDUFV1,FKBP5,IL1B,NDUFA1,ATP5F1A,STAT1,CCL21,IL10,NDUFA2,CD40LG,PDK4,TFAM,BST2,NLRP3,HIF1A,AGT,UQCRFS1,CYCS,S100B,ISG15,RPTOR,IDH3A,TLR4,PRDX5,FCGR3A,OASL,KLRD1,ATP5MC3,P2RY12,BAX,UQCRC1,SOD1,NFE2L2,GSR,FCGR3A,ATP5F1B,HLA-DRA,OAS3,NDUFV1,MFN1,STAT4,CCL2,ATP5F1A,STAT3,ICAM1,EIF2B4,TREM2,SERPINB9,NDUFV1,UQCRC1,CCR7,NDUFA2,NDUFB8,IL27,SOD2,NDUFS1,ATP5F1C,FKBP5,KLRC3,TLR9,UQCRC1,ATP5F1A,CAT,SDHB
IRF3,IRF1,ATP5MC3,ATP5MC1,MT-CO1,IRF7,FOXP3,GCLC,HLA-DRB1,LDHA,PPARGC1A,TLR7,KEAP1,UQCRFS1,OPA1,NDUFA2,SLC25A4,CD40LG,NDUFV1,ATP5F1A,COX5B,ACSL1,NRF1,UQCRC1,DYRK1B,GPX1,SDHA,ATP5F1A,SLC25A24,NDUFS7,VEGFA,UQCRC2,NDUFS2,ATP5F1A,TRAF6,NDUFB8,SDHA,NDUFS7,IL1RN,NDUFA2,ATP5F1B,STAT3,CCR7,IFIT3,NDUFA5,GZMB,PDHX,NRF1,GBP1,LYZ,CYBA,AGTR1,COX4I1,NDUFV1,GFAP,MX1,MLST8,SOD2,MT-ND1,NQO1,HLA-DRA,NDUFS1,KLRC1,ATP5PO,AIF1,BCL2,UQCRC2,GPX3,HMOX1,CAT,GNLY,ATP5MC1,HLA-DRB1,CXCL12,SDHB,SLC25A4,IRF1,CCL4,ATP5F1B,STAT5B,EDN1,EIF4G1,TYROBP,LILRB2,SDHA,SOD2,CXCL9,NDUFB8,COX4I1,IL15,GPX1,NDUFS2,SLC25A4,HSD11B1,KLRC4,DDX58,COX4I1,ATP5F1B,PRDX1,UQCRC2
IRF7,TYK2,ATP5MG,ATP5F1B,MT-CO2,IRF1,HLA-DRA,GCLM,CX3CR1,CS,PPARGC1B,TLR8,TXN,PPARGC1A,SLC25A4,NDUFB3,CPT1A,CXCL13,CYCS,ATP5F1B,ATP5F1A,SIRT1,MFN2,UQCRC2,MAP3K3,GPX3,UQCRC1,NDUFS1,TFAM,NDUFS8,EDN1,COX4I1,NDUFS7,NDUFA9,TRAF3,SDHA,SDHB,NDUFV1,IL10,NDUFB5,ATP5MC3,STAT4,CXCL11,MX1,SDHA,PRF1,ACADM,MFN1,GBP5,GNLY,GSR,REN,COX6C,UQCRC1,IL1R1,IFIT1,PDK4,GPX3,MT-ND2,HMOX1,HLA-DRB1,NDUFS2,FCGR3A,ATP5F1B,C1QA,FASLG,UQCRB,GPX1,KEAP1,PRDX3,PRF1,ACADVL,CD3D,CCL19,UQCRC1,TOMM20,IRF7,CXCL8,ATP5MC1,IRF7,SLC6A2,FLJ42943,CX3CR1,HLA-DRA,SDHB,GPX1,IL10,NDUFS4,COX7A2,IL5,HMOX1,ATP5F1A,ACADVL,HSD11B2,FCGR3A,IFIH1,ATP5F1A,ATP5MC3,PRDX2,UQCRQ
IRF9,SOCS1,ATP5PB,CYC1,MT-CO3,IRF3,HLA-DRB1,PRDX3,AIF1,IDH3A,NRF1,TLR3,GSTP1,NRF1,SLC25A5,SDHA,PPARGC1A,TNFSF13B,ATP5PF,ATP5MC1,ATP5MC1,PRKAA1,OPA1,SOD2,GATA3,HMOX1,COX4I1,SDHA,PPARGC1A,NDUFV1,ADM,COX5A,UQCRC2,NDUFV1,DDX58,SDHB,UQCRC1,SDHB,TGFB1,NDUFB8,CPT1A,IRF1,CXCL13,PKR,SDHB,GNLY,ACADL,MFN2,TNFRSF1A,KLRD1,PRDX3,ADRB2,ATP5F1B,COX5A,C1QA,IFIT3,CPT1A,CAT,MT-ND3,TXN,PPARGC1A,NDUFA2,GNLY,CPT1A,TREM2,IL10,COX4I1,CAT,NQO1,PRDX6,GZMB,CPT1A,CD4,CCR7,COX4I1,TIMM23,MX1,CCL5,ATP5MC2,IRF5,NR3C2,FUCA2,ITGAM,HLA-DRB1,COX5B,NFE2L2,IL18,SDHA,ATP5F1A,IL4,NFE2L2,ATP5F1B,ACO2,KEAP1,IL15RA,NFKB1,ATP5F1B,ATP5ME,PRDX3,COX4I1
STAT2,ATP5F1A,NDUFA1,UQCRC2,MT-CYB,OAS2,HLA-A,PRDX5,GFAP,ATP5MC1,TFAM,CD28,TREM2,TFAM,CPT1A,SDHB,PRKAA1,STAT5B,UCP3,ATP5IF1,ATP5ME,PRKAA2,DNM1L,GPX1,LEF1,NQO1,SLC25A4,COX4I1,NRF1,SDHB,TEK,ATP5F1A,COX4I1,COX4I1,IFIH1,UQCRC2,UQCRC2,UQCRC1,CCL2,NDUFAF1,CPT2,IRF7,TNFSF13B,NR3C1,UQCRC1,NKG7,ACADVL,DNM1L,ICAM1,TRAC,TXNRD1,ADM,ATP5MC1,SDHC,TNFRSF1A,RSAD2,ACADVL,HMOX1,MT-ND4,TXNRD1,TFAM,ATP5F1A,PTPRC,ACSL1,CD68,TGFB1,COX5A,HMOX1,OXR1,TXNRD1,GZMA,MFN1,ENTPD1,TLR4,ATP5F1A,DNM1L,ISG15,CX3CL1,ATP5MC3,MX1,FKBP5,GCLC,C1QA,HLA-A,COX6A2,KEAP1,IL22,UQCRC1,ATP5F1B,IL33,PRDX3,COX4I1,LDHB,OXR1,NDUFS1,RELA,CYCS,PPARGC1A,PRDX5,COX6C
NDUFS1,ATP5F1B,SOD1,SOD2,MT-ATP6,OAS3,HLA-B,NOX4,BDNF,SOD2,PINK1,ICOS,AIF1,CPT1B,CPT1B,UQCRC1,TFAM,JAK1,SOD2,TFAM,SDHA,MTOR,SIRT1,NQO1,NDUFS1,GSR,MFN2,UQCRC2,PRDX3,SDHA,PECAM1,ATP5MC1,ATP5F1A,COX5B,OAS1,UQCRFS1,UQCRFS1,COX4I1,CCL5,SDHA,ACADVL,IRF9,TNFSF14,FKBP5,UQCRC2,KLRD1,ACACA,SLC25A20,VCAM1,TRBC1,TXN,VWF,TFAM,SOD2,NOS3,MT-ND1,SDHA,GSR,MT-ND5,TLR4,POLG,ATP5F1B,CD3D,ACADVL,PPARGC1A,STAT5A,COX6C,NQO1,NOS3,TXN,GZMK,OPA1,TOX,TLR2,ATP5F1B,SLC25A19,OAS1,NDUFS2,NDUFA1,OAS1,CRH,GUSB,C1QB,KLRK1,ATP5F1A,CAT,TNFRSF1A,COX4I1,CPT1A,NFKB1,PRDX5,SDHB,PDHA1,CAT,NDUFS2,IKBKB,CPT1A,TFAM,NFE2L2,ATP5F1A
NDUFV1,ATP5MC1,CAT,GPX1,MT-ATP8,RNASEL,B2M,DUOX2,CCL2,GPX1,PDHA2,CD40LG,CSF1R,ACADVL,ACADVL,UQCRC2,NRF1,TYK2,GPX1,PPARGC1A,SDHB,RPTOR,SIRT3,HMOX1,NDUFS2,CAT,OPA1,CYCS,PRDX5,UQCRC2,VWF,ATP5F1B,ATP5F1B,UQCRC1,MX1,COX4I1,SLC25A11,ATP5F1A,IL12B,SDHB,HADHB,TBX21,IL18,CRH,CYCS,KLRC1,FASN,PRKAA1,FCGR3A,TRBC2,GCLC,PECAM1,SLC25A4,GPX1,VEGFA,MT-ND2,SDHB,NQO1,MT-ND6,TLR2,NDUFA1,ATP5MC1,CD3E,AK2,ATP5F1A,STAT5B,ATP5F1A,GCLC,EDN1,GCLC,HLA-DRA,PINK1,NDUFS1,TLR3,SLC25A4,SOD2,OAS2,NDUFS3,NDUFA2,ISG15,CRHR1,HSPA1A,AIF1,CLEC2B,ATP5F1B,PRDX3,PPARGC1A,ATP5F1A,ACADM,RELA,CAT,UQCRC1,PDHB,GPX1,NDUFS3,IRAK1,PPARGC1A,POLG,KEAP1,ATP5MC3
NDUFA9,ATP5PD,GPX1,CAT,ATP5F1A,DDX58,GSR,SIRT3,CCL3,CAT,PDHB,CD3D,GFAP,HADHB,ACADM,COX4I1,SOD2,NFKB1,GPX4,MFN1,UQCRC1,TSC1,PDK4,TXNRD1,NDUFA10,TXN,SLC25A23,SLC25A4,TOMM20,UQCRC1,SELE,ATP5PF,ATP5MC1,UQCRC2,ISG15,COX5B,CPT1A,ATP5MC1,IL21,UQCRC1,PDHB,EOMES,MAPK8,CRHR1,COX4I1,FOXP3,HK2,PRKAA2,SLAMF7,GZMA,GCLM,HIF1A,CPT1A,GCLC,EDN1,MT-ND3,NDUFS1,PRDX1,MT-CO1,IL1B,NDUFA5,COX4I1,CD3G,PPARGC1A,NDUFS1,PTPN11,ATP5F1B,GCLM,ACE2,GCLM,HLA-DRB1,PRKN,NDUFS2,TLR7,ACAD9,SOD1,OAS3,NDUFA9,NDUFA4,IFIT1,AVP,IL1RN,NLRP3,CD38,ATP5MC1,NOX4,NRF1,ATP5F1B,TFAM,TNFRSF1A,GSTP1,SLC25A4,LDHA,GPX4,NDUFV1,MYD88,SOD2,SLC25A4,TXN,ATP5PO
SDHB,NDUFA1,PRDX1,NFE2L2,ATP5F1B,IFIH1,TXN,SIRT1,TREM2,PRDX3,PDK4,CD3E,CX3CR1,PDHA2,PDHA1,COX5B,CAT,NFKBIA,PRDX3,MFN2,UQCRC2,SOD2,PDK1,GCLC,SDHB,TXNRD1,NDUFV1,NRF1,MFN2,COX4I1,ICAM1,SDHC,SDHB,TFAM,RSAD2,ATP5F1A,CPT2,VDAC1,IL15,UQCRC2,LDHB,IKZF2,MAPK14,POMC,COX5A,PDCD1,PFKP,HK2,PTPRC,MT-ND1,PRDX1,P2RX7,MFN2,NFE2L2,ICAM1,MT-ND4,NDUFS2,TXN,MT-CO2,NLRP3,NDUFB8,CYCS,CD4,NRF1,SDHB,SHC1,ATP5PO,KEAP1,AGT,NQO1,CIITA,SLC25A4,NDUFB8,TLR9,CPT1A,GPX1,HLA-DRA,NDUFA10,NDUFA9,DDX58,HSD11B1,IRF1,TLR4,CD69,SLC25A4,GCLC,TFAM,ATP5F1C,PPARGC1A,TNFRSF1B,TXN,MFN2,HSPA1A,GSR,NDUFA13,TRAF1,GPX1,SLC25A3,TXN2,SLC25A4
SDHA,NDUFA2,PRDX3,HMOX1,ATP5MC1,TLR4,PRDX1,KEAP1,TYROBP,PRDX5,CPT1A,CD4,C1QA,PDHB,PDHB,COX6A1,GPX1,REL,PRDX1,OPA1,CYCS,GPX1,LDHA,GCLM,SDHA,PRDX1,MT-ND5,COX6A1,OPA1,ATP5F1A,ACE2,NDUFV1,SDHC,PPARGC1A,EIF2AK2,ATP5F1B,ACADVL,TOMM40,CD38,COX4I1,HK2,IKZF3,TLR4,AVP,COX6A1,NDUFA1,PKM,LDHA,CD48,MT-ND2,NQO1,P2RY13,OPA1,KEAP1,VWF,MT-CO1,UQCRC1,TXNRD1,MT-CO3,TNFSF13B,NDUFS1,SDHB,CD8A,TFAM,UQCRC1,GRB2,ATP5MC3,NFE2L2,ADRB2,DUOX1,ICAM1,SLC25A11,NDUFA9,TLR5,PDK4,GPX3,HLA-DRB1,MT-ND1,NDUFS1,IFIH1,NR4A1,LAMP3,IL18,BCL2L11,CPT1B,GSR,NDUFS1,ATP5MC1,MFN2,FAS,TXNRD1,DNM1L,DNAJB1,NQO1,NDUFA5,TRAF2,PRDX3,CPT1A,TXNRD1,SLC25A5
UQCRC1,NDUFB3,TXN,TXNIP,SLC25A4,TLR2,PRDX2,NRF1,C1QA,PRDX6,CPT1B,CD8A,C1QB,PDK4,PDK4,ATP5F1A,PRDX3,MAPK8,PRDX5,DNM1L,CPT1A,GPX3,PKM,PRDX1,UQCRC1,PRDX3,MT-ND6,COX5B,PINK1,ATP5F1B,FKBP5,NDUFV2,SDHD,SLC25A4,SOCS3,ATP5MC1,PDHA1,PPARGC1A,CD40LG,COX5A,PFKM,IL2RA,TLR2,HSD11B1,ATP5F1A,NDUFA2,LDHA,HMOX1,NKG7,MT-ND3,DUOX1,RYR2,DNM1L,CAT,ANGPT2,MT-CO2,COX4I1,NFE2L2,ATP5F1A,CX3CR1,SDHA,UQCRC1,CD8B,SLC25A20,COX4I1,TRAF6,ATP5MG,SIRT1,ADRB1,CYBA,NDUFS1,PDHA2,SDHA,P2RX7,PDHA1,CAT,B2M,MT-ND2,NDUFS3,OAS2,TREM2,LGALS3BP,CCR2,FASLG,CPT2,TXNRD1,NDUFS2,ATP5PO,OPA1,CASP8,TLR4,SLC16A1,DDIT3,PFKFB3,NDUFB6,TRAF3,HMOX1,CPT2,GSR,TFB2M
UQCRC2,NDUFS1,TXNRD1,TXN,PPARGC1A,TLR9,TXNRD1,ALDH2,C1QB,HMOX1,CS,CD8B,C3,SLC25A20,TOMM20,ATP5F1B,TXN,MAPK14,NQO1,PINK1,CPT2,CAT,HIF1A,CAT,CYCS,PRDX6,MT-ND2,NDUFB8,DNM1L,ATP5MC1,CRH,CYCS,ACAD9,DNM1L,NFKBIA,ATP5PF,PDK1,CPT1A,CD3D,ATP5F1A,PKM,IL7R,NLRP3,HSD11B2,ATP5F1B,NDUFA3,CS,NFE2L2,LILRB2,MT-ND4,DUOXA1,CACNA1C,SOD1,HMOX1,PECAM1,MT-ATP6,ATP5F1A,KEAP1,ATP5F1B,P2RY12,SDHB,CYC1,LCK,SLC25A4,CYC1,MYD88,CPT1A,NAMPT,KCNJ8,CYBB,NDUFS3,PDHB,SDHB,HLA-DRA,MT-ND1,HMOX1,NDUFS7,SDHA,SDHA,OAS3,TSPO,MAP4K4,CD68,TRAF3,ACADVL,TSPO,NDUFB8,CPT1A,SLC25A20,CASP3,NLRP3,HK2,EIF2AK3,PFKM,NDUFB2,CCR1,NQO1,ACADVL,NOS2,POLG
COX4I1,NDUFA5,NFE2L2,NOX4,NRF1,TLR5,NQO1,ACO2,C1QC,NQO1,IDH3A,ZAP70,C4A,TOMM40,TIMM17A,ATP5MC3,NFE2L2,TRAF6,TXN,PRKN,ACADVL,NFE2L2,MTOR,CYCS,COX4I1,GCLC,SOD2,UQCRC1,RHOT1,ATP5PF,CRHR1,CYC1,ACADVL,OPA1,FOS,TOMM20,PPARGC1A,SOD2,CD4,ATP5F1B,IDH3A,CD3D,P2RX7,HSP90AA1,ATP5MC1,NDUFA4,IDH3A,KEAP1,ITGAL,MT-ND4L,TLR4,SCN5A,GPX1,SOD1,SELE,UQCRC1,ATP5F1B,GCLC,ATP5MC1,TMEM119,UQCRC1,ACADVL,ZAP70,SLC25A12,SLC25A4,IRAK1,CPT2,PRKAA1,HIF1A,NOX4,NDUFV1,PDK4,UQCRC1,HLA-DRB1,MT-CO1,NFE2L2,NDUFS8,SDHB,SDHB,IFIT2,AIF1,MRFAP1,CSF1R,TRAF6,MFN1,TREM2,SDHB,CPT2,SLC25A4,BAX,AIF1,PDK4,ATF4,LDHA,COX4I1,CCR2,NOS2,PDHA1,NOS3,ACADVL
COX5A,NDUFA9,HMOX1,PRDX3,TFAM,NOD2,NOS2,MT-ND1,SPP1,GSR,ACADM,LCK,ADRB2,TIMM17A,ATP5MC3,ATP5ME,KEAP1,IRAK4,TXNRD1,SOD1,PPARGC1A,HMOX1,PRKAA1,NOS3,COX5A,GCLM,SOD1,ATP5MC1,CYCS,MFN2,POMC,NDUFAF2,CPT1B,MFN1,JUN,TIMM22,NFE2L2,GPX1,CD8A,ATP5MC1,ACO2,CD3E,CX3CR1,NR3C2,ATP5ME,NDUFB3,MDH2,SOD2,SELL,MT-ND5,TLR2,PPARGC1A,PRDX1,PRDX1,FLT1,UQCRC2,HK2,SIRT1,ATP5PF,AIF1,UQCRC2,CPT1B,HLA-DRA,MFN1,PDHA1,TICAM1,PDK4,PRKAB1,VEGFA,NOX1,SDHA,UCP2,COX4I1,HLA-DPA1,MRPS18B,KEAP1,NDUFB8,UQCRC1,UQCRC1,IFIT3,ITGAM,MRRF,P2RY12,JAK1,MFN2,CSF1R,SDHA,ACADVL,UCP2,BCL2,CX3CR1,LDHA,HSPA1B,LDHB,COX5A,CCR5,NFE2L2,PDHB,HMOX1,CPT1A
ATP5F1A,NDUFA10,KEAP1,PRDX2,ACADVL,P2RX7,KDR,MT-CO1,CSF1R,GCLC,ACADVL,PTPRC,NOS3,SIRT1,CYCS,ATP5PO,HMOX1,TLR4,CAT,SOD2,NRF1,NOX4,SLC2A1,EDN1,ATP5F1A,NOX4,GPX1,LDHA,COX6C,OPA1,MC2R,TIMM17A,CPT2,CS,ATF3,SLC25A4,HIF1A,CAT,CD28,ATP5PB,SUCLG1,CD247,CCR5,PDK4,ATP5MG,NDUFB6,FH,GPX1,ITGAX,MT-ND6,C1QA,TFAM,CAT,PRDX2,KDR,NDUFS7,PFKFB3,SIRT3,SDHB,CSF1R,CYC1,PPARGC1A,HLA-DRB1,MFN2,CS,MAP3K7,SLC25A4,PRKAG2,PTGS2,SLC2A1,SDHB,UCP3,COX6A1,HLA-DPB1,HSPA9,NQO1,UQCRC2,UQCRC2,UQCRC2,GATA3,CX3CR1,NDUFA1,B3GAT1,JAK3,OPA1,AIF1,UQCRC1,ACADM,UCP3,TNFSF10,TSPO,AMPD3,FGF21,HK1,COX6A1,CCR6,KEAP1,DLAT,HMOX2,PDK4
ATP5F1B,NDUFB5,GCLM,PRDX1,CPT1A,CX3CR1,FLT1,TLR4,NOS2,GCLM,LDHA,CXCR3,EDN1,SIRT3,SOD2,PRKAA1,NQO1,TLR2,HMOX1,GPX1,TFAM,TXN,SOD1,ADRB2,ATP5F1B,DUOX2,GPX3,PDK4,SOD1,PINK1,HSD11B1,TOMM20,SLC25A4,CPT1A,EGR1,MFN1,SOD2,TXN,HLA-DRA,ATP5ME,OGDH,CD4,FASLG,NDUFS7,SLC25A3,NDUFS1,SOD2,GPX3,NDUFA1,MT-CO1,C3,NRF1,GCLC,GPX3,NR3C1,NDUFS8,LDHA,TREM2,SDHC,NOS3,COX4I1,TFAM,HLA-DPA1,OPA1,ACO2,MAPK14,SLC25A20,PPARGC1A,ICAM1,PDK4,UQCRC1,SOD1,COX7A2,HLA-A,SIRT3,GCLC,UQCRFS1,CYC1,COX5A,TBX21,P2RY12,NUFIP2,PPARGC1A,ATP5F1B,PINK1,C1QA,UQCRFS1,HADHA,SOD2,TRAF6,MMP9,PRKAA1,NQO1,HK2,ATP5F1A,CCR7,SOD1,MPC1,GFAP,SOD1
ATP5MC3,NDUFS3,GCLC,GPX3,CPT2,CCL2,TEK,TLR2,EDN1,TXN,SOD1,CCR7,VEGFA,STK11,GPX1,PRKAB1,CYBA,NOD2,NFE2L2,GPX4,SLC25A3,TXNRD1,SOD2,GUCY1A1,ATP5MC1,TLR4,CAT,HK2,SOD2,PRKN,CYP11B1,SLC25A4,SLC25A20,PDK1,IL17A,MFN2,PRDX3,NQO1,HLA-DRB1,SLC25A4,PDK4,CD8A,CD40,NDUFB8,SLC25A4,NDUFS2,SOD1,CAT,NDUFA2,MT-CO2,AIF1,SIRT1,GCLM,TFAM,FKBP5,NDUFV1,ENO1,TYROBP,UQCRC1,EDN1,COX5A,SLC25A4,HLA-DPB1,DNM1L,IDH3A,CX3CR1,ACADM,TFAM,SELP,PDHA1,COX4I1,SOD2,ATP5F1A,HLA-B,TFAM,GCLM,CYC1,COX4I1,COX5B,MYC,C1QA,PDCD4,TFAM,NDUFA5,PRKN,C3,CYC1,HADHB,CAT,TRAF3,PTGS2,PRKAA2,GPX1,PDHA1,ATP5F1B,CXCR3,GPX4,MPC2,AIF1,SOD2
ATP5PO,NDUFS7,GSR,KEAP1,HADHA,CCL5,ANGPT2,CX3CR1,KDR,TXNRD1,SOD2,CXCR5,KDR,PRKAA1,GPX4,PPARGC1A,NOX4,IL1B,KEAP1,CAT,SLC25A4,GSR,GPX1,VWF,SLC25A3,TREM2,PRDX1,PFKFB3,GPX1,POLG,CYP17A1,SOD2,PDHA2,PDK4,IL21,DNM1L,GPX4,GSR,TAP1,SLC25A5,DLD,CD8B,ZAP70,SDHB,PDHA1,NDUFS3,GPX1,PRDX3,NDUFA3,MT-CO3,ITGAM,SIRT3,TXN,MFN2,CRHBP,SDHB,ALDOA,CX3CR1,CYC1,VEGFA,COX6A1,SLC25A12,IL7R,UCP2,MT-ND1,CD68,ACADL,NRF1,VEGFB,ATP5F1A,COX5A,GPX1,ATP5F1B,HLA-C,NRF1,PRDX1,COX5A,COX5B,COX6A1,LEF1,C3,POLR2G,NDUFS1,NDUFB8,TOMM20,HLA-DRA,COX4I1,PDK4,GPX1,IRAK1,NOS3,MTOR,CAT,PDHB,ATP5MC1,CXCR4,PRDX1,PDK1,TLR4,GPX1
MFN1,NDUFV1,DUOX2,DUOX1,HADHB,CCL11,PECAM1,AIF1,FLT1,NFE2L2,GPX1,CCR5,PECAM1,SOD2,CAT,PINK1,NOS3,CRH,NOX4,TXN,PDHA1,GCLC,GPX3,KDR,SLC25A24,CX3CR1,PRDX2,PKM,GPX3,TFAM,AVP,SOD1,PDHB,ACADM,IL23A,CPT1A,SOD1,NFE2L2,TAP2,SLC25A6,FASN,NKG7,LCK,UQCRC1,PDHB,NDUFS7,GPX4,PRDX5,NDUFA4,MT-ATP6,P2RY12,NDUFS1,TXNRD1,DNM1L,POMC,SDHC,ACO2,AIF1,NDUFS1,FLT1,COX7A2,NDUFAF1,CCR7,UCP3,MT-ND2,CD163,ACAD9,TOMM20,ANGPT2,NDUFS1,ATP5F1A,GPX3,ATP5MC1,C1QA,SOD2,PRDX2,COX6A1,COX6A1,COX7A2,XBP1,KLRD1,RBM17,SDHB,SDHA,TIMM23,CX3CR1,COX5A,HK2,GPX3,MAPK8,VEGFA,RPTOR,SOD1,ATP5F1A,ATP5ME,CCL5,PRDX2,PDK4,TLR2,GPX4
MFN2,MT-ND1,DUOXA2,PRDX5,PDHA1,CCL17,ICAM1,HLA-DRA,ADRB2,KEAP1,GPX4,CXCR6,ICAM1,SOD1,HMOX1,PRKN,TLR4,NR3C1,CYBA,TXNIP,PDHB,TLR4,GPX4,PECAM1,TFAM,AIF1,PRDX3,VEGFA,GSS,SOD2,OCLN,GPX1,CS,ACADVL,IL12A,CPT2,GPX1,HMOX1,HLA-A,MFN1,ACACA,CCR6,ICOS,COX5B,ACADVL,NDUFV1,CAT,TXN,NDUFA5,MT-ATP8,CX3CR1,NDUFS2,CYBB,OPA1,CRH,COX4I1,IDH3A,ITGAM,NDUFS2,KDR,ATP5F1A,COX7A2,CXCR3,FOXO1,MT-ND4,HLA-A,POLG,MFN2,MMP9,NDUFB8,ATP5F1B,CAT,ATP5ME,C1QB,CAT,PRDX3,COX6C,COX6C,COX8A,EZR,KLRK1,RNASEL,COX4I1,SDHB,PDHA1,GFAP,ATP5F1A,LDHB,PRDX1,MAPK14,EDN1,SIRT1,TXNRD1,ATP5F1B,ATP5PO,CCL19,TXN,HK1,TLR3,CAT
OPA1,COX4I1,CYBB,CX3CR1,PDHB,CCL19,VCAM1,C1QA,ADRB1,CYBA,CAT,NDUFS1,VCAM1,GPX1,KEAP1,MFN2,TLR3,FKBP5,DUOX2,PRDX1,PDK4,TLR2,CAT,VEGFA,PPARGC1A,CSF1R,NQO1,NOS3,GSR,GPX3,CLDN1,GPX3,IDH3A,CLPP,IL12B,ACADM,GPX3,PRDX1,HLA-B,MFN2,SOD2,CXCR6,ICOSLG,ATP5MC3,CPT1A,SDHA,GSR,TXNIP,NDUFS1,NDUFAF1,TSPO,NDUFA2,NOX4,PINK1,LBP,COX5A,MDH2,C1QA,NDUFV1,GUCY1A1,ATP5F1B,NDUFS7,CCR5,SOD1,MT-CYB,HLA-B,POLG2,NDUFS1,HSPA1A,COX4I1,ATP5MC1,TXN,ATP5PO,C1QC,GPX1,TXNRD1,ATP5MC1,ATP5F1A,CYCS,CSK,NCR1,SLC4A3,ATP5F1A,UQCRC1,PDHB,BDNF,ATP5MC1,PKM,PRDX3,AKT1,REN,SIRT3,TXN,COX5A,SDHA,CCL20,TXNRD1,SOD1,C1QA,PRDX3
DNM1L,COX5A,CYBA,TREM2,SDHB,CCL22,SELE,C1QB,ADRA2A,CYBB,PRDX1,NDUFV1,SELE,CAT,GCLC,OPA1,TLR7,HMOX1,GCLC,PRDX3,DLAT,TLR7,PRDX1,ENG,PINK1,CSF1,HMOX1,EDN1,GCLC,CAT,CLDN5,CAT,IDH3B,POLRMT,IL27,ACADVL,CAT,PRDX2,HLA-C,OPA1,SOD1,CXCL13,CD3D,ATP5F1A,CPT2,SDHB,NQO1,GSR,NDUFS2,NDUFAF2,GFAP,NDUFB3,CD68,CPT1A,CLDN2,COX6A1,SOD2,C1QB,ACADVL,GUCY1B1,ATP5MC1,SOD2,MT-ND1,SOD2,MT-CO1,HLA-C,TFAM,NDUFS7,FKBP5,UQCRC1,ATP5PB,TXNRD1,CPT1A,C3,GSR,TXN,ATP5MC2,ATP5F1B,SLC25A3,ACTB,GNLY,SNRPB,UQCRC1,COX5A,PDHX,TNFRSF1A,ATP5ME,ACLY,NFE2L2,PIK3CD,ACE,HIF1A,PRDX1,SDHB,SDHB,CXCL9,CAT,SOD2,C3,HMOX1
PINK1,COX6A1,NOS2,TYROBP,SDHC,CCL26,SELP,C1QC,NPPA,NOX4,PRDX3,NDUFV2,TEK,CYBA,GCLM,SLC25A4,NLRP3,NFE2L2,GCLM,NFE2L2,SOD2,NLRP3,PRDX3,F2RL3,PARK7,C1QA,GSR,ADM,GCLM,NFE2L2,TJP1,NQO1,DLAT,TIMM50,IL2,PDHA1,PRDX1,PDK4,B2M,PPARGC1A,GPX1,BCL6,CD3E,TFAM,TFAM,SDHC,NFE2L2,GCLC,NDUFS3,NDUFS1,MAPT,SDHA,ITGAM,CPT2,OCLN,ATP5F1B,SOD1,C1QC,ACADM,ADRB2,ATP5PF,GPX3,MT-ND2,GPX1,MT-ATP6,IFNAR1,MFN1,NDUFV1,NR3C1,SDHA,ATP5PO,HMOX1,PDK4,CFH,HMOX1,OGG1,ATP5MC3,ATP5MC3,SLC25A4,ITGB7,PRF1,SPRY4,NDUFV1,COX6C,LDHA,IL18,ATP5PB,IDH3A,KEAP1,PIK3CA,AGT,NOS3,PRDX3,SDHC,UQCRC1,CXCL13,GSR,CAT,CD68,NQO1
PRKN,COX6C,SQSTM1,AIF1,SDHD,CCL28,EPAS1,GFAP,NPPB,DUOX1,PRDX5,NDUFS2,FKBP5,NOX4,PRDX1,SLC25A3,P2RX7,KEAP1,GSR,HMOX1,PRDX3,TNFAIP3,PRDX5,NR3C1,ACADM,C1QB,GCLC,ANGPT2,NFE2L2,KEAP1,REG3A,GSR,OGDH,TOMM40,IL2RA,PDHB,PRDX2,HK2,HSPA1A,CPT1A,GPX3,GZMH,CD4,SLC25A24,PPARGC1A,UQCRC1,KEAP1,GCLM,NDUFV1,NDUFS2,IL18,SDHB,TMEM119,ACADVL,IL17A,ATP5MC1,GPX1,GFAP,CPT1B,AGTR1,ATP5ME,PRDX1,MT-ND4,GPX4,SDHA,IFNAR2,MFN2,SDHA,CRH,ACADVL,TOMM20,NFE2L2,TFAM,SERPING1,NFE2L2,APEX1,ATP5ME,ATP5PO,SLC25A5,NDUFS1,GZMB,STK17A,NDUFS3,PPARGC1A,LDHB,TLR4,SLC25A4,TFAM,HMOX1,PRKAA1,AGTR1,NOS2,PRDX5,NDUFS2,UQCRC2,IL10,GCLM,GPX1,CSF1R,GSR
CPT1A,SDHA,NQO1,GFAP,UQCRC1,IL1B,EGLN1,S100B,REN,DUOX2,TXN,NDUFS3,CRH,NFE2L2,PRDX2,PDHB,IL1B,SOD2,POR,GSR,GPX4,CX3CR1,GSR,CRH,CPT1A,C3,GCLM,ANGPT1,KEAP1,HMOX1,LCN2,HMOX1,MDH2,FIS1,IL7R,CS,PRDX5,LDHA,HSPA1B,CPT2,CAT,GZMK,CD8A,CPT1A,NRF1,UQCRC2,TXN,NOX4,SDHA,SDHA,TNFRSF1A,COX4I1,CX3CR1,ACADS,IL23A,ACADVL,GPX3,HMGB1,CPT2,RYR2,ATP5PB,PRDX3,MT-CO1,CAT,FH,OAS3,OPA1,SDHB,POMC,CPT1A,TIMM23,KEAP1,PPARGC1A,CX3CR1,PRDX3,GSR,TFAM,SLC25A4,MFN1,NDUFS2,NKG7,TIMP3,SDHA,TFAM,IDH3A,TLR2,SLC25A3,NRF1,GCLC,PRKAA2,NR3C1,EDN1,GSTP1,NDUFA1,CPT1A,TGFB1,NOX4,GPX3,ITGAM,GSTP1
ACADM,SDHB,AHR,TNFSF10,UQCRC2,IL18,P2RX7,IL18,AGT,PON1,TXNIP,NDUFS7,CRHR1,KEAP1,PRDX3,PDHA1,IL18,GPX4,ALOX5,GCLC,CAT,C1QA,GCLM,CRHR1,TOMM40,GFAP,TXN,TREM2,HMOX1,GSR,FFAR3,PRDX1,FH,ATP5MC1,IL15,IDH3A,GSR,PFKM,HSP90AA1,ACADVL,GSR,NDUFA2,CD8B,CPT2,SOD2,UQCRH,PRDX1,CYBA,SDHB,SDHB,MERTK,COX5A,ADRB2,PDK4,IL22,CPT1A,CAT,NOS3,PDHA1,NR3C1,ATP5PD,PRDX5,MT-CO2,GSR,NDUFA1,ISG20,DNM1L,UQCRC1,TPH1,TFAM,SLC25A4,PRDX1,POLG,AIF1,TXN,SOD3,POLG,SLC25A20,MFN2,NDUFS3,HLA-DRA,TLK2,SLC25A3,ACADM,IDH3B,ADRB2,CPT1A,SIRT1,GCLM,MTOR,CRH,VEGFA,GSR,SLC25A4,CPT2,IL17A,AIF1,TXN,IL18,AIF1
ACADVL,SDHC,GSTP1,CASP1,NDUFS1,IL12B,NLRP3,IL12B,VWF,SLC7A11,NQO1,NDUFA9,POMC,PRDX3,PRDX6,IDH3A,TNFRSF1A,PRDX3,ALOX15B,GCLM,GPX1,AIF1,GCLC,FKBP5,VDAC1,APP,TXNRD1,C1QA,NOX4,GCLC,FFAR2,PRDX2,ATP6V1A,ATP5MC2,IL15RA,SDHC,NQO1,PKM,HSP90AB1,ACADS,GCLC,NDUFA3,KLRG1,ACADM,GPX1,COX4I1,PRDX2,CYBB,UQCRC1,SDHC,CXCL12,COX6C,NOS3,HK2,TJP1,HADHA,GSR,VEGFA,PDHB,CRH,DNM1L,TXN,MT-CO3,GCLC,NDUFB8,BTN3A1,PPARGC1A,UQCRFS1,AHR,PPARGC1A,CPT1A,PRDX3,MFN2,CSF1R,TXNRD2,TXN2,MFN1,ACADVL,OPA1,NDUFV1,HLA-DRB1,TMEM5,ATP5F1B,ACADVL,SDHAF2,ADRA2A,ACADVL,PINK1,TXN,RPTOR,CRHR1,KDR,GCLC,SLC25A3,PDK4,IL22,GFAP,TXNRD1,NLRP3,CX3CR1
ACADS,SDHD,GSTA1,NLRP3,NDUFS2,IL15,P2RY12,IL10,PECAM1,G6PD,HMOX1,NDUFB8,HSD11B1,PRDX1,TXN,IDH3B,C1QA,GPX1,IREB2,TLR4,GPX3,CCL2,NQO1,HSD11B1,UCP2,MAPT,NFE2L2,C1QB,DUOX1,GCLM,LBP,PRDX3,ATP6V1B2,ATP5PF,CX3CR1,ACO2,TXN,G6PD,EIF2AK2,CS,GCLM,NDUFA4,KLRF1,ACO2,CAT,COX5A,PRDX3,DUOX2,UQCRC2,SDHD,CCR5,UQCRC1,VEGFA,LDHA,REG3A,CS,PRDX3,FLT1,PDK4,CRHR1,MFN1,TXNRD1,NDUFS1,GCLM,UQCRC2,C1QA,PINK1,COX4I1,MAOA,SIRT1,CPT2,PRDX5,OPA1,TNFRSF1A,NOX4,TLR4,MFN2,CPT1A,PPARGC1A,NDUFB8,ENTPD1,TRIM22,COX5A,HADHB,UQCRC1,EDN1,HADHA,PARK2,TXNRD1,RHEB,FKBP5,FLT1,GCLM,CPT1A,ACADVL,IL12B,TREM2,HMOX1,CCL2,C1QA
PDHB,UQCRC1,NOX4,IL1R1,NDUFV1,IL21,AIF1,CSF1R,ICAM1,FTH1,GCLC,SDHB,AVP,HMOX1,TXNRD1,ACADVL,C1QB,TXNRD1,G6PD,TLR2,PRDX1,CXCL1,HMOX1,AVP,GPD2,BACE1,CYBA,C1QC,CAT,PRDX3,SLC25A4,PRDX5,COQ7,SOD2,CSF1R,SLC25A20,TXNRD1,AKT1,GATA3,PDHA1,PRDX3,NDUFA5,KLRC2,CS,HMOX1,COX6B1,PRDX5,ATF4,COX4I1,UQCRC1,CSF1R,UQCRC2,ANGPT2,PFKFB3,MUC2,PDHA1,NQO1,KDR,SLC25A4,POMC,MFN2,GSTP1,NDUFS2,NQO1,ATP5F1B,C3,PARK2,COX6C,SLC6A4,PRKAA1,ACO2,GCLC,DNM1L,TNFAIP3,CYBA,TLR2,OPA1,KEAP1,TFAM,NDUFB9,NT5E,TXN,CPT1A,SLC25A3,UQCRB,NOS3,PDHA1,UCP2,SIRT1,STK11,HSD11B1,VWF,CYBB,CPT2,ACADM,IL23A,TYROBP,NQO1,CCR2,C1QB
PKM,UQCRC2,PRDX2,C1QA,SOD1,IL17A,GFAP,P2RY12,SELE,FTL,GCLM,SDHA,TLR5,GSR,CYBB,HSPD1,C1QC,CAT,SOD1,NLRP3,PRDX2,OSM,KEAP1,POMC,GLS,CXCL12,CYBB,AIF1,PRDX1,NQO1,SLC25A5,TXN,COQ3,SOD3,TYROBP,PDK4,GCLC,PRKAA1,TBX21,PDHB,PRDX5,NDUFA6,NDUFS1,TOMM40,NFE2L2,COX6C,GCLC,DDIT3,COX5A,UQCRC2,S100B,ATP5F1A,CLDN5,PKM,DEFA5,PDHB,NFE2L2,EDN1,SLC25A3,AVP,OPA1,HMOX1,NDUFA10,PRDX1,MT-ND5,C5AR1,SLC25A12,ATP5F1A,OCLN,MTOR,CS,GCLM,SLC25A4,IL1R1,CX3CR1,TLR9,PINK1,SOD1,CPT1A,NDUFB5,CD38,USP15,ACADM,SLC25A5,NFE2L2,VEGFA,PDHB,UCP3,SIRT3,SIRT1,TLR2,ICAM1,NOX4,HADHA,ACAD9,IL7R,C1QA,GCLM,CX3CR1,CSF1R
HK2,UQCRFS1,TREM2,C1QB,SOD2,IL22,CX3CR1,SIGLEC1,VCAM1,TREM2,GSR,SDHC,LBP,GCLC,NQO1,HSPA9,C3,PPARGC1A,AIF1,IL1B,PRDX5,IL1B,NFE2L2,NR1I2,FIS1,CCR5,KEAP1,CX3CR1,TXN,NOX4,ATP5F1A,TXNRD1,NFE2L2,SOD1,AIF1,HADHA,GCLM,SLC2A4,RORC,PHB,HMOX1,NDUFA7,NDUFS2,POLG,NOX4,ATP5F1A,GCLM,TREM2,COX6A1,CYCS,NLRP3,ATP5F1B,ICAM1,PRKAA1,OAS3,SLC25A4,KEAP1,VWF,TFAM,FKBP5,PINK1,NQO1,SDHA,PRDX2,NDUFV1,CXCL12,SOD2,ATP5MC1,CLDN2,AKT1,PDHA1,NRF1,SLC25A11,IL6R,P2RY12,TREM2,SOD1,CAT,ACADM,SDHB,EOMES,XPO1,PDHA1,HK2,KEAP1,ACE,CS,SOD2,TLR4,SIRT3,IL17A,VCAM1,IL6,ACADVL,CS,RORC,C1QB,GCLC,P2RY12,ITGAM
PFKP,UQCRQ,AIF1,C1QC,GPX1,IL23A,CSF1R,TREM2,SERPINE1,CX3CR1,NOX4,SDHD,REG3A,TXN,GSR,SOD1,C4A,NRF1,CX3CR1,IL6,PRDX6,CASP1,TXN,NTRK2,MFN2,NOS3,NOX2,CSF1R,TXNRD1,CX3CR1,CS,GCLC,KEAP1,CAT,C1QA,HADHB,TLR4,SLC6A4,FOXP3,PHB2,NFE2L2,NDUFA8,NDUFV1,PPARGC1A,SOD1,ATP5F1B,DUOX1,CX3CR1,ATP5F1A,COX4I1,PTGS2,ATP5MC1,VCAM1,PRKAA2,IFIT1,SLC25A6,TREM2,PLAT,SOD2,HSD11B1,PRKN,NOX4,SDHB,TXN,NDUFS3,CCR2,SOD1,ATP5PF,MUC2,PPARG,PDHB,PPARGC1A,SLC25A12,VEGFA,TMEM119,CX3CR1,GPX3,GPX1,ACADVL,SDHC,TBX21,ZNF331,PDHB,PFKM,HMOX1,AGT,IDH3A,SOD1,TLR2,ULK1,IL23A,SELE,TNF,CS,IDH3A,STAT4,C3,SLC7A11,SLC2A3,P2RY12
GAPDH,CYCS,TYROBP,CFH,GPX3,IL27,TREM2,TYROBP,GUCY1A3,P2RY12,DUOX2,COX4I1,IL22,TXNRD1,GSTP1,SOD2,APOE,TFAM,CX3CL1,TGFB1,NFE2L2,PIK3CD,TXNRD1,BDNF,DNM1L,VEGFA,NOX4,IL10,ALOX5,P2RY12,IDH3A,GCLM,TXNRD1,GPX1,C1QB,TFAM,TLR2,TLR2,EOMES,TIMM17A,KEAP1,NDUFA9,NDUFV2,NRF1,PRDX1,ATP5MC1,NOX4,P2RY12,ATP5F1B,COX6A1,EDN1,ATP5PF,SELE,SIRT1,IRF7,PPARGC1A,CX3CR1,SERPINE1,SOD1,HTR3A,SOD1,CAT,SDHC,TXNRD1,UQCRB,CXCR4,GPX1,ATP5PO,IL22,PPARA,ACADM,ACOX1,SLC25A24,VEGFB,AIF1,CSF1R,CAT,GPX3,PDK4,SDHA,IL17A,ZNF385B,CS,PKM,SOD2,REN,HK2,CAT,TLR3,BECN1,REG3A,PECAM1,IL10,CFH,MDH2,TREM2,CX3CR1,CYBB,TNFRSF1A,TREM2
LDHA,SLC25A3,C1QA,P2RX7,CAT,IL32,BDNF,NLRP3,PRKG1,AIF1,ALDH2,COX5B,SLC6A4,SOD3,GSTM1,GPX1,TYROBP,SIRT3,TREM2,CX3CR1,KEAP1,NOS3,TXN2,AIF1,OPA1,EDN1,G6PD,TGFB1,NOS2,CSF1R,UQCRC1,KEAP1,GPX1,GPX3,CD14,NRF1,MYD88,TLR9,PRDM1,TIMM23,TXN,NDUFA10,NDUFA2,MT-ND1,PRDX2,ATP5MC2,TLR4,TMEM119,ATP5MC1,COX7A2,NOS3,CPT1A,NR3C1,SIRT3,IRF9,TFAM,AIF1,ACE,GPX1,MC2R,SOD2,GCLC,UQCRC1,HMOX1,NDUFAF2,TLR4,GPX3,ACADVL,TGFB1,CPT2,ACADVL,CYBA,SLC25A31,FLT1,CD68,AIF1,GSR,GPX4,PRKAA1,UQCRC1,IL22,ZNFX1,IDH3A,LDHA,SOD1,KCNQ1,PFKM,GPX1,NLRP3,ATG5,LGALS3,ANGPT2,IL2,C1QA,TOMM40,CX3CR1,CSF1R,NOX4,RELA,TYROBP
UCP2,SLC25A4,C1QB,TNFRSF1A,PRDX1,NR3C1,NTRK2,CASP1,CACNA1C,ITGAM,FOXO3,COX6A1,MAOA,TLR4,SRXN1,GPX4,VEGFA,NDUFS1,C1QA,CSF1R,HMOX1,NOS2,TNFRSF1A,GFAP,POLG,ANGPT2,IDH1,NR3C1,NOS3,TYROBP,UQCRC2,NFE2L2,GPX3,PRDX1,ITGAM,FOXO3,NLRP3,MYD88,NDUFA1,TOMM20,TXNIP,NDUFA11,CYCS,MT-ND2,PRDX3,ATP5PF,TLR2,AIF1,ATP5MC2,ATP5F1A,VEGFA,ACADVL,FKBP5,NFKB1,STAT2,NDUFAF5,C1QA,ADRB2,GPX3,ARRB1,CAT,GCLM,UQCRC2,KEAP1,TMEM70,TLR2,GPX4,ACADM,TGFBR1,ACADM,HADH,NQO1,ACADVL,KDR,TSPO,P2RX7,NQO1,PRDX1,PDHA1,UQCRC2,IL23A,NDUFS1,MDH2,LDHB,GPX1,HCN4,PKM,GPX3,P2RX7,ATG7,FOXO3,TEK,IFNG,C1QB,SOD2,AIF1,ITGAM,OXR1,NFATC2,SIGLEC1
SOD1,PPARGC1A,C1QC,NOS3,PRDX2,FKBP5,NOD2,NOS3,CACNB2,ITGB2,NFE2L2,COX7A2,MAOB,TLR2,OXR1,CAT,VEGFC,NDUFV1,C1QB,AIF1,GCLC,EDN1,IL1B,MAPK14,SOD1,KDR,IDH2,CRH,TREM2,AIF1,NDUFB8,AIF1,SOD2,PRDX3,ICAM1,SOD1,IL1R1,NOD2,NDUFA2,PINK1,CYBB,NDUFA12,COX4I1,MT-CO1,PRDX5,ATP5PO,NLRP3,C1QA,ATP5PF,ATP5F1B,VEGFB,PDHA2,CRH,RELA,CCL2,SOD1,C1QB,CRH,GPX4,TLR9,GPX1,GLRX,COX4I1,NFE2L2,SLC25A3,TLR5,CAT,CPT1A,FOXP3,ACADS,PDK4,DUOX2,HADHA,NOS3,TLR4,NLRP3,GCLC,PRDX3,PDHB,UQCRFS1,NOD2,NDUFA10,FH,PDHA1,GPX4,NR3C1,LDHA,PRDX1,NFKB1,SQSTM1,CYCS,CRH,IL17A,C1QC,SOD1,C1QA,TSPO,GFAP,ADRB2,NOS3
SOD2,NRF1,HLA-DRA,EDN1,PRDX3,CRH,IL17A,EDN1,CRH,CD68,KEAP1,COX7C,BDNF,MYD88,SOD1,PRDX1,EDN1,SDHB,C1QC,CD68,GCLM,VWF,IL1R1,IL1R1,SOD2,FLT1,CX3CR1,CRHR1,TYROBP,C1QA,COX5B,P2RY12,SOD1,PRDX2,VCAM1,SOD2,P2RX7,CD14,NDUFS1,PRKN,NOX4,NDUFA13,COX7A2,MT-ATP6,GSR,CYCS,GSK3B,C1QB,MRPL12,ATP5MC1,ANGPT2,PDHB,CRHR1,IKBKB,CCL5,GPX1,C3,CRHR1,CAT,TLR5,GPX3,GPX4,COX6C,G6PD,MPC1,P2RX7,PRDX3,SLC25A20,RORC,FABP3,PPARGC1A,NOX4,ACADM,EDN1,TLR7,C1QA,GCLM,HMOX1,ATP5F1C,COX4I1,REG3A,SDHA,POLG,CS,CAT,CRH,NFE2L2,PRDX2,RELA,NDUFS1,COX6C,CRHR1,IL17F,IL1B,GPX1,C1QB,CD68,AIF1,ADRA2A,EDN1
GPX1,TFAM,HLA-DRB1,ADRB2,PRDX5,CRHR1,IL17F,VEGFA,CRHBP,C1QA,GLRX,ATP5F1A,STAT5A,NLRP3,SELENOP,PRDX3,ACE,UQCRC1,C3,P2RY12,NOX4,VEGFA,PTGS2,TNFRSF1A,CAT,TEK,CCR2,POMC,CSF1R,C1QB,NDUFA6,CX3CR1,PRDX1,NFE2L2,SELE,CAT,CX3CR1,OCLN,NDUFV1,MT-CO1,GSTP1,NDUFB1,UQCRC1,SOD2,GSS,TFAM,MAPK8,C1QC,MRPL37,ATP5ME,AGT,DLD,POMC,SOCS3,IL1B,GPX3,ITGAM,NR3C1,PRDX1,IL17A,GSR,TLR4,ATP5F1A,AIFM1,HK1,IL1R1,PRDX5,PDK4,IL17A,FABP4,NRF1,OSGIN1,ACADL,VWF,IL1R1,C1QB,PRDX1,TXN,NDUFB8,COX5B,LBP,SDHB,MGME1,IDH3A,GCLC,CRHR1,KEAP1,PRDX3,MAPK8,NDUFS2,SDHD,AVP,IL22,IL10,GPX3,CSF1R,IL18,C3,ADRA1A,VEGFA
GPX4,TOMM20,NLRP3,VEGFA,GSR,POMC,IL22,FLT1,CRHR1,C1QB,MPST,ATP5F1B,STAT5B,P2RX7,G6PD,PRDX6,AGT,COX4I1,C4A,TMEM119,DUOX2,ANGPT2,TLR4,CX3CR1,GPX1,ICAM1,TLR4,FKBP5,CX3CR1,C1QC,SDHB,C1QA,PRDX3,KEAP1,SELL,GPX1,AIF1,CLDN5,COX4I1,MT-ND1,GSTM1,NDUFB2,ATP5F1A,GPX3,TXN,PPARGC1A,CX3CR1,PTGS2,TOMM20,ATP5PD,KDR,HADHA,TLR3,MAPK14,IL18,GPX4,TYROBP,FKBP5,PRDX3,IL22,PRDX1,TLR2,ATP5F1B,CYBA,PFKM,TSPO,NQO1,HK2,IL23R,SLC25A3,TFAM,SESN2,ETFDH,ACE2,TNFRSF1A,C1QC,PRDX3,TXNRD1,COQ6,COX6A1,FUT2,COX4I1,PPARGC1B,ACO2,TXN,POMC,SOD2,PRDX5,CX3CL1,NDUFA9,UQCRQ,NR3C1,IL1B,IL17A,GPX4,TSPO,MAPK14,C1QA,NOS1,KDR
CAT,TIMM23,TLR2,FLT1,NFE2L2,AVP,MUC2,ANGPT2,CRHR2,C1QC,GPX3,ATP5F1C,CXCR3,IL18,IDH1,NFE2L2,ADRB2,ATP5F1A,C4B,PTGS2,TXN,TEK,TLR7,C1QA,GPX4,VCAM1,AIF1,TLR4,AIF1,NLRP3,ACO2,C1QB,PRDX5,HMOX1,PECAM1,GPX3,GFAP,IL17A,COX6A1,MT-ND4,ALDH2,NDUFB3,ATP5MC1,GPX4,TXNRD1,BCS1L,CSF1R,NLRP3,TIMM17A,ATP5PO,FLT1,CS,TLR9,MAPK8,KLRD1,CAT,MAPK14,POMC,PRDX5,REG3A,PRDX2,TLR3,ATP5MC1,CYBB,PKM,AIF1,GSR,LDHA,CD14,SLC25A22,MFN1,HIF1A,NFE2L2,AGT,C3,C3,PRDX5,NQO1,HK2,COX6B1,MUC2,ATP5F1A,SLC25A4,SDHC,TXNRD1,FKBP5,SOD1,TXN,C1QA,NDUFA12,ATP5PF,FKBP5,CCL2,IL22,CAT,GFAP,SPP1,C1QB,EDN1,PECAM1
NQO1,PRKAA1,TLR4,KDR,KEAP1,OXTR,REG3A,ICAM1,POMC,HLA-DRA,SELENOP,ATP5MC1,CXCR4,CCL2,AIF1,HMOX1,ADRA1A,CPT1A,TYROBP,NOS3,TXNRD1,FLT1,TLR9,C1QB,PRDX1,SELE,GFAP,TLR2,HLA-DRA,IL18,GPD2,TMEM119,CAT,TXN,CD36,GPX4,S100B,IL23A,COX7B,MT-ND5,ALOX5,NDUFB4,ATP5F1B,CAT,GCLC,CPT1A,NOS2,CASP1,VDAC1,POLG,VWF,OGDH,TLR5,NOS3,KLRK1,GSR,MAPK8,NR3C2,TXN,MUC2,PRDX3,TREM2,ATP5PO,NOX4,LDHA,GFAP,HMOX1,PFKFB3,LBP,PDHB,MFN2,TREM2,SOD2,REN,C1QA,C4A,TXNRD1,GSR,LDHA,ATP5F1A,OCLN,ATP5MC1,NDUFA1,COX4I1,PRDX3,AVP,GPX1,TXNIP,C1QB,SDHA,NDUFV1,POMC,CCL3,TGFB1,NFE2L2,S100B,CD86,TREM2,EDNRA,ICAM1
GSR,SIRT1,TLR7,ICAM1,TXN,SLC6A4,REG3G,VCAM1,HSD11B1,HLA-DRB1,GPX2,ATP5MC3,CCR5,CCL5,CX3CR1,GSR,SLC6A2,CPT2,ITGAM,ENG,ALDH2,KDR,NLRP3,C1QC,PRDX3,PECAM1,S100B,TLR9,HLA-DRB1,IL1R1,PDK4,CD68,HMOX1,TXNRD1,CD40,GSR,TNFRSF1A,CX3CR1,SDHA,SOD1,NOS2,NDUFB5,ATP5PO,PRDX6,GCLM,ACADVL,NOS3,GFAP,VDAC2,TFAM,ICAM1,PFKM,DEFA5,EDN1,CD38,HMOX1,RELA,MTOR,TXNRD1,OCLN,TXN,C1QA,SLC25A4,DUOX1,LDHB,STAT6,GCLC,CCL5,TLR5,PDK1,OPA1,TYROBP,SOD1,ADRB2,C1QB,C4B,S100B,CYBB,PFKFB3,ATP5F1B,TJP1,PDHA1,NDUFA2,PRKAA1,PRDX6,OXT,GPX3,NFE2L2,C3,SDHB,NDUFA5,CYP11B1,CCL4,TGFBR1,HMOX1,NLRP3,CD163,CX3CR1,EDNRB,VCAM1
TXN,SIRT3,IL1B,VCAM1,TXNIP,BDNF,SLC6A4,SELE,AVP,HLA-DPA1,CYBA,ATP5ME,CCL2,CSF1R,TREM2,TXN,COMT,ACADVL,ITGAX,KDR,GSR,ADRA2A,CX3CR1,TREM2,GSR,VWF,CD68,CD14,C1QA,SOCS3,CPT1A,TSPO,NOS2,NQO1,CD80,GCLC,ITGAM,CX3CL1,SDHB,SOD2,PON1,NDUFB6,SLC25A4,NOX4,PRDX6,SLC25A20,VEGFA,MBP,PINK1,PPARGC1A,PECAM1,PKM,REG3A,VEGFA,CD69,PRDX1,STAT1,PRKAA1,NQO1,TJP1,TXN2,C1QB,SLC25A20,DUOX2,G6PD,NLRC5,GCLM,CXCL11,REG3A,NDUFA1,DNM1L,AIF1,GPX1,AVPR1A,HLA-DRA,IL6ST,CXCL12,CYBA,SOD1,ATP5MC1,SLC5A8,PDHB,SDHC,PRKAB1,NQO1,MC2R,CAT,KEAP1,AQP4,SDHC,UQCRC2,STAR,CXCL8,TGFBR2,PRDX3,P2RX7,ITGAX,P2RY12,VWF,SELE
TXNRD1,PDK4,IL1R1,PECAM1,GCLC,NTRK2,MAOA,PECAM1,NR3C2,HLA-DPB1,SIRT3,ATP5MG,CCL5,TNFRSF1A,P2RY12,TXN2,MAOA,PDHA1,CD68,FLT1,SLC7A11,ADRB2,P2RX7,TLR5,NQO1,PROCR,CD163,NOD2,C1QB,GFAP,ACADVL,TLR2,NOX4,GSR,CD86,GCLM,CD68,CCL5,ATP5F1B,CAT,SELENOP,NDUFB7,PPARGC1A,NFE2L2,GPX3,SLC25A24,KDR,MOG,PARK7,NRF1,SELE,LDHA,LBP,FLT1,CD27,PRDX2,STAT3,PRKAA2,HMOX1,CLDN2,TXNIP,P2RY12,CPT1A,HSPD1,PRKAA1,NDUFS1,NFE2L2,CCL19,DEFA5,COX6C,PINK1,CX3CR1,GPX3,EDNRB,HLA-DRB1,TNFRSF1A,CXCL8,NOX4,SOD2,ATP5MC2,PRKAA1,CPT1B,UQCRC2,PPARG,GSR,HSD11B1,PRDX3,CYBB,GFAP,UQCRC1,IFI27,TLR4,CXCL11,TLR2,PRDX5,NOS3,C1QC,IL1R1,PECAM1,ANGPT2
PRDX1,PPARG,OSM,ANGPT2,GCLM,ADRB2,MAOB,VWF,HSD11B2,TSPO,UCP2,ATP5PF,CCL19,ITGAM,C1QA,GCLC,CACNA1C,PDK4,TSPO,VEGFA,AKR1B1,AGT,AIF1,FFAR2,KEAP1,THBD,C1QA,LBP,C3,S100B,HADHA,NLRP3,DUOX1,GSS,HIF1A,NQO1,NOS3,CXCL10,ATP5MC1,GPX1,AIF1,NDUFB8,MFN2,HMOX1,TREM2,TOMM20,FLT1,OLIG2,PPARGC1A,ALDH2,VCAM1,HK2,MUC2,PTGS2,CD28,PRDX3,IRF7,HIF1A,GCLC,CXCL8,NFE2L2,CX3CR1,CPT2,HSPA1A,SOD2,NDUFS2,KEAP1,CCL21,TLR4,COX7A2,PARK2,P2RY12,CAT,PGF,CD40,TNFRSF1B,MMP9,DUOXA1,GPX1,ATP5PF,PRKAA2,ACADVL,COX6C,NRF1,GSTP1,NR3C2,PRDX5,CYBA,IL18,UQCRC2,ISG15,TLR2,CXCL13,TLR5,TXN,ACE2,IL1R1,IL6R,ICAM1,SERPINE1
PRDX2,PPARA,OSMR,NR3C1,HMOX1,ADRB1,TPH1,KDR,JUN,CCL2,TLR4,ATP5PO,CCR7,CX3CR1,C1QB,GCLM,KCNQ1,SLC25A20,P2RY12,VEGFC,AIF1,ACE,GFAP,MMP9,NFE2L2,ITGA5,C3,REG3A,APOE,NOS3,PRDX3,IL1R1,ALOX5,GCLC,VEGFA,HMOX1,EDN1,CCR7,ATP5PD,GPX3,TREM2,NDUFB9,PINK1,GSR,AIF1,TIMM23,HIF1A,APP,MFN1,DLD,ADM,GLS,PFKP,ADRB2,ICOS,PRDX5,IRF9,IL17A,GCLM,HK2,HMOX1,AIF1,ACADM,HSP90AA1,SOD1,NDUFS7,AHR,CX3CR1,TLR2,TIMM22,SOD2,C1QA,HMOX1,CRH,CD86,CD68,NOS3,NOS2,GPX3,ATP5PO,MTOR,ACADM,SOD2,PRKAG2,PARK7,SGK1,GCLC,GSR,NOS3,COX4I1,OAS1,MYD88,CCR7,TLR3,TXNRD1,ADRB2,EDN1,TLR2,VCAM1,NR3C1
PRDX3,MTOR,CCL2,FKBP5,NOS2,NOS3,CRH,SLC2A1,FOS,CCL3,TLR2,PPARGC1A,IL7,GFAP,C1QC,NOS2,KCNH2,LDHA,GRN,EDN1,CX3CR1,REN,S100B,SLC6A4,HMOX1,NR3C1,SERPINA3,IL17A,GFAP,VEGFA,TXN,IL6R,ALOX15,GCLM,FLT1,PRDX1,ADM,CXCR3,UQCRC1,PRDX1,TYROBP,NDUFB10,TFAM,TXN,CX3CR1,PINK1,EDN1,BACE1,MFN2,PDHA1,ADRB2,SLC25A1,HK2,ADRB1,HLA-DRB1,NOS2,TLR4,IL22,GSR,PFKFB3,NQO1,HLA-DRA,ACADVL,SESN2,GPX1,NDUFV2,NOX4,TREM2,TLR7,TOMM40,GPX1,C1QB,NOX4,NR3C1,ITGAM,GFAP,EDN1,TLR7,CAT,PPARGC1A,RPTOR,MFN2,GPX3,TOMM20,CYBA,NR4A1,GCLM,GSTA1,ADRB2,COX5A,MX1,NOD2,CXCR3,OASL,GSR,ADRA2A,EDNRA,TLR4,SELE,NR3C2
PRDX5,RPTOR,CCR2,CRHR1,NOS3,ACE2,CRHR1,SOD3,NFKB1,CCL4,TLR1,TFAM,IL7R,AIF1,C3,CYBB,PIK3CA,PKM,LILRB4,ADRB2,TLR4,NPPA,S100A8,ADRA2A,TXN,FKBP5,IL10,IL22,S100B,KDR,TXNRD1,IL1RN,PTGS2,GLRX,NOS3,PRDX2,VEGFA,IL15,UQCRC2,PRDX3,CSF1R,NDUFC1,SLC25A11,TXNRD1,CD68,PARK2,VCAM1,P2RX7,OPA1,PDHB,PRKG1,SLC25A4,ENO1,ADRB3,HLA-DRB5,CYBA,TLR2,REG3A,NOX4,LDHA,GCLC,CD68,PGC1A,FTH1,GPX4,SDHB,CYBB,AIF1,NLRP3,HLA-DRA,PRDX3,C1QC,TXN,FKBP5,MAPK14,S100B,VEGFA,TLR9,GSR,PPARGC1B,AKT1,PPARGC1A,CAT,TIMM23,NOX4,NR4A3,TXN,GSTP1,ADRA1A,COX7A2,IFIT1,NLRC4,CCR5,IFI27,GSS,ADRB1,VEGFB,NLRP3,KLF2,FKBP5
PARK7,RHEB,STAT6,CRHBP,TLR4,AGT,CRHR2,AQP1,NFKBIA,CXCL8,NLRP3,CPT1A,IL15,MAPK14,IL18,DUOX2,AKT1,UCP2,GAS6,CACNA1C,TLR2,NPPB,S100A9,IGF1,TXNRD1,CRH,TNFSF13B,HIF1A,IL18,FLT1,GSR,GFAP,CX3CR1,PRDX5,EDN1,PRDX3,FLT1,IL12B,CYCS,GSR,C1QA,NDUFC2,UCP2,GCLC,C1QA,MFN2,ICAM1,TRPV1,SLC25A4,ACADM,NOS2,TOMM20,PKM,ADCYAP1,IKZF2,CYBB,TLR5,TLR4,DUOX2,PKM,GCLM,ITGAM,NRF1,FTL,CAT,UQCRC1,DUOX2,P2RY12,IL1B,HLA-DRB1,NFE2L2,HLA-DRA,TXNRD1,CRHR1,NLRP3,HLA-DRA,ANGPT2,MYD88,PRDX1,TFAM,AKT2,PDK4,NFE2L2,MFN1,AIFM1,STAR,TXNRD1,HMOX1,EDN1,ATP5F1A,IFIT3,IFIH1,CCR6,IFI44,GCLC,EDN1,VEGFC,CASP1,KCNJ2,CRH
NFE2L2,AKT1,HSPB1,HSD11B1,TLR2,AGTR1,FKBP5,S1PR1,IKBKB,IL18,P2RY12,CPT1B,IL15RA,MAPK1,NLRP3,ALOX5,MAPK1,HIF1A,MERTK,SCN5A,NLRP3,NR3C1,NOS3,LEP,CYBB,CRHR1,APP,BCL2,CCL3,EDN1,NQO1,S100B,TREM2,TSPO,ACE2,PRDX5,KDR,ITGAM,CPT1A,GSTM1,C1QB,NDUFS1,ACADM,GCLM,C1QB,DNM1L,ADRB1,ASIC3,SLC25A5,ACADVL,NRP1,HSPD1,LDHA,TREM2,FOXP3,NCF1,NOD2,TLR2,AHR,SLC2A3,GSTP1,GFAP,TFAM,GPX3,GSR,UQCRC2,TXNRD1,OSM,AIF1,C1QA,KEAP1,HLA-DRB1,PRDX1,HSD11B1,ADRB2,HLA-DRB1,ADM,CASP1,PRDX2,NRF1,PIK3CA,SLC25A3,KEAP1,DNM1L,TREM2,MYD88,NQO1,HMOX2,VEGFA,ATP5F1B,RSAD2,DDX58,CXCR5,IFIT1,NQO1,VEGFA,VWF,PTGS2,SCN5A,POMC
TREM2,LDHA,GFAP,CYP11B1,TLR3,EDN1,POMC,KCNQ5,RELA,IL1RN,CX3CR1,PDK4,IL12A,TLR5,TNFRSF1A,PTGS2,PLCG1,VEGFA,B2M,GJA1,P2RY12,FKBP5,EDN1,LPL,DUOX2,POMC,MAPT,CASP3,CCL4,ANGPT2,PRDX1,MAPT,P2RY12,TREM2,ADRA2A,TXN,ANGPT2,ITGB2,CPT2,GCLC,C1QC,NDUFS2,ACADVL,TNFSF13B,CSF1R,OPA1,ADRB2,NOS3,CPT1B,CPT1A,NR3C1,CLPP,LDHB,CX3CR1,NDUFA1,NCF2,LBP,TLR9,KEAP1,SLC2A1,AIF1,TNFRSF1A,PRKAA1,TGFB1,NFE2L2,ATP5F1A,TXN,VEGFA,C3,C1QB,SOD1,CCL2,PRDX3,HSD11B2,ADRA2A,MARCO,HIF1A,IL18,NFE2L2,NFE2L2,PIK3R1,SLC25A4,HMOX1,VDAC1,AIF1,NOD2,CYBB,NQO1,HIF1A,ATP5MC1,CD38,NLRP3,IL7R,IFIT2,HSPD1,FLT1,ICAM1,MAPK14,CACNA1C,AVP
AIF1,PKM,S100B,POMC,NLRP3,VEGFA,HSD11B1,CACNA1C,SIRT3,OSM,AIF1,IDH3A,IL12B,TREM1,CXCL8,CX3CR1,CRH,FLT1,OLR1,KCNJ2,TNFRSF1A,HSD11B1,VEGFA,CPT1A,GSTP1,AVP,SNCA,CASP1,CXCL12,TEK,GPX3,MBP,ITGAM,AIF1,ADRB2,TXNRD1,ICAM1,CD3D,ACADVL,GCLM,C3,NDUFS3,ACAD9,C1QA,GFAP,CYC1,GCH1,EDN1,ACADVL,SOD1,CRH,MFN2,ACADVL,P2RY12,NDUFB8,TXN,CD14,NOD2,NFE2L2,SLC16A3,TREM2,CXCL13,PRKAA2,TGFB2,HMOX1,ATP5MC1,MPO,EDN1,C1QA,C3,GPX4,IL1B,GCLC,POMC,NOS3,NOS3,ACE2,TNFSF13B,GCLC,SOD2,PTEN,UCP2,PRDX3,CAT,C1QA,IL17A,DUOX1,ALDH2,SERPINE1,ATP5PF,CD27,P2RX7,STAT2,IFIT3,HSPA5,KDR,VCAM1,TNFRSF1A,HCN4,HSD11B1
CD68,PFKM,SERPINA3,SIRT1,IL1B,KDR,HSD11B2,ADRB2,NRF1,S100A8,TSPO,UQCRC1,IL23A,IL17A,IL10,AIF1,NR3C1,NOS3,SERPINF1,SLC6A2,PTGS2,CRH,FLT1,ACADM,GSTM1,HSD11B1,BDNF,NLRP3,P2RY12,ADRB2,SOD1,NEFL,ITGAX,CX3CL1,CHRM3,KEAP1,VCAM1,CD4,PDHA1,NFE2L2,GFAP,NDUFS4,CPT1A,C1QB,S100B,NDUFAF1,PRKG1,VWF,PDHA1,SOD2,POMC,DNM1L,HADHA,AIF1,SDHA,TXN2,FUT2,MUC2,CYB5R3,PDHB,P2RY12,NOS3,PDK4,CX3CR1,TXN,ATP5PF,ALDH2,NOS3,C1QB,C4A,PRDX1,NLRP3,GCLM,MC2R,EDN1,NOS1,AGT,CSF1R,GCLM,GPX1,FOXO3,UCP3,PRDX5,PRDX3,C1QB,IL22,HMOX1,ALOX5,ANGPT2,ATP5F0B,CD69,C3,STAT3,IRF7,HSP90AB1,ANGPT1,SELE,BDNF,P2RX7,HSD11B2
CX3CR1,SOD1,APP,PRKAA1,IL18,FLT1,AVP,AGTR1,NFE2L2,S100A9,TNF,UQCRC2,IL21,IL22,CCL5,C1QA,FKBP5,EDN1,LILRB1,NR3C1,SLC1A2,CRHR1,KDR,PPARGC1A,GCLC,MC2R,GRIN2B,IL18,NLRP3,PECAM1,DUOX2,TNFRSF1A,CD68,CX3CR1,SLC6A2,NFE2L2,SELE,CD8A,PDHB,KEAP1,S100B,NDUFS5,CPT1B,C3,TNFAIP3,SOD1,NR3C1,SELE,CS,CAT,FKBP5,SOD2,HADHB,TNFRSF1A,UQCRC1,TXNRD1,IL17A,IL10,GSTP1,SDHC,C1QA,VEGFA,HADHB,TREM2,TXNRD1,COX4I1,OGG1,ICAM1,C1QC,C5AR1,PRDX2,SPP1,KEAP1,AVP,ACE2,VEGFA,REN,P2RX7,HMOX1,PRDX3,SIRT3,HSPD1,SOD1,NOX4,C3,GCG,NOS2,PTGS2,KDR,ATP5F0A,CXCR6,C1QA,STAT4,IRF8,DNAJB1,TEK,KDR,SLC1A2,GJA1,MC2R
CCR2,SOD2,P2RY12,MTOR,GFAP,ANGPT2,ADCY3,PTGIR,KEAP1,SPP1,IL6,UQCRFS1,IL17F,TLR3,CCL11,C1QB,HSD11B1,GUCY1A3,HLA-A,CRH,GRIN2B,LBP,ACE,PPARG,GCLM,BDNF,NRG1,IFIT1,TMEM119,VCAM1,NOX4,NOS3,CD36,CSF1R,SLC6A3,AHR,SELP,CD8B,CS,NOX4,CX3CR1,NDUFS6,PPARA,TREM2,NLRP3,SOD2,FKBP5,ICAM1,SDHC,GPX1,AVP,SOD1,MDH2,ITGAM,UQCRC2,PON1,TNFRSF1A,IL12B,GSTT1,UCP2,C1QB,EDN1,PDHB,AIF1,PRDX3,COX5A,TREM2,VCAM1,TYROBP,AIF1,PRDX5,GFAP,NQO1,SOD2,VEGFA,FLT1,PTGIS,ITGAM,NOS2,PINK1,DNM1L,SOD2,GPX1,TXN,CFH,GLP1R,NOS3,DUOX1,PECAM1,ATP5C1,CXCR4,C1QB,STAT5B,IRF5,TNF,AGTR1,FLT1,SLC1A3,ACE2,CYP19A1
HLA-E,GPX1,NOS3,TLR4,AIF1,AKT1,PDE4B,NR3C1,GPX1,NOS3,IL1B,CYCS,IFIT3,ADRB2,CCL19,C1QC,CYP11A1,NR4A1,ADRB2,CRHR1,BDNF,OCLN,AGT,UCP2,ACOX1,NOD2,PLP1,IFIT3,EDN1,ICAM1,EOMES,EDN1,C3,ITGAM,SLC6A4,CYBA,CRH,CD28,IDH3A,CYBB,ITGAM,NDUFS7,PPARG,TMEM119,P2RX7,SOD3,CRH,VCAM1,SOD1,GPX3,HSD11B1,CAT,CS,CSF1R,COX4I1,PON3,TNFRSF1B,TGFB1,GSTO1,PINK1,C1QC,ADM,IDH3A,P2RY12,PRDX5,COX6C,CSF1R,SELE,CX3CR1,TREM2,HMOX1,SERPINA3,ALOX5,SOD1,KDR,KDR,SCN5A,AIF1,NOS3,MFN1,OPA1,GPX4,NQO1,TXNRD1,CD68,GHSR,PPARA,C3,NR3C1,CPT1A,CFH,TREM2,SOCS3,STAT2,IL6,PECAM1,SERPINE1,NOS3,CRH,FOXP3
GFAP,GPX4,EDN1,TLR2,CD68,PRKAA1,MC2R,CRHR1,GPX3,NOS2,IL1R1,SLC25A4,IFI44,ADRA2A,CSF1R,TLR4,POMC,NR4A2,CHRM2,POMC,RELN,CLDN1,REN,UCP3,ALDH2,MUC2,MBP,IFI44L,VEGFA,SELE,TOX,VEGFA,C1QA,CD68,MAOA,TREM2,CRHR1,ICOS,ACO2,CYBA,APOE,NDUFS8,HIF1A,P2RY12,IL1R1,GPX1,CRHR1,CDH5,SOD2,GPX4,SERPINA6,GPX1,ACO2,NR3C1,COX5A,GCLC,KLRG1,SMAD3,NOS2,PRKN,TYROBP,ANGPT2,SUCLA2,IL18,GSTP1,TOMM20,C1QA,ANGPT2,ITGAM,CX3CR1,NOX4,C3,NOS2,CAT,FLT1,EDN1,RYR2,IL1RN,NOX4,MFN2,MFN2,CAT,TXN,HMOX1,NLRP3,TPH1,PPARG,GFAP,CRH,CPT2,C1QA,CX3CR1,PTPN22,JAK1,IL1B,ICAM1,ANGPT2,NOS2,CRHR1,IL17A
MAP2,CAT,EDNRA,NOD2,CSF1R,PRKAB1,PRKAA1,CRH,GPX4,NOS1,IL18,SLC25A5,OAS3,NOS3,CD68,TLR2,AVP,NR4A3,NOS3,FKBP5,OCLN,FUT2,ADRB2,CPT2,FTH1,FFAR2,OLIG2,RSAD2,VEGFB,SELP,TBX21,KDR,C1QB,P2RY12,COMT,CX3CR1,CRHR2,SLAMF1,MFN1,TXN,SERPINA3,NDUFV1,PRKAA1,AIF1,MAPK14,GPX3,AVP,ADRB1,CAT,GSR,MC2R,GPX4,IDH3A,FKBP5,COX7A2,GCLM,KIR2DL1,STAT6,NOS3,BNIP3,ITGAM,SELE,SLC25A3,IL1R1,NOX4,MFN1,C1QB,ADRB2,P2RY12,CSF1R,GCLC,TNFSF10,CYBA,GPX3,VWF,EDNRA,CACNA1C,OSM,NRF1,OPA1,PINK1,PRDX3,TXNRD1,NQO1,P2RX7,IDO1,RELA,AIF1,CRHR1,SLC25A20,C1QB,TMEM119,IKZF1,JAK2,IL1R1,VCAM1,ANGPT1,EDN1,NR3C1,RORC
NEFL,PRDX1,EDNRB,FUT2,C1QA,SIRT1,PRKAA2,POMC,CAT,VEGFA,CCL2,MFN1,GNLY,EDN1,ITGAM,ITGAM,CRHR1,ACE2,EDN1,HSD11B1,CLDN5,IL17A,ADRB1,ACADVL,FTL,FFAR3,BACE1,GBP1,KDR,CLDN5,BATF,FLT1,C1QC,GFAP,DAO,AIF1,NR3C1,TNFSF13B,MFN2,TXN2,CHI3L1,NDUFV2,PRKAA2,CSF1R,TLR2,GPX4,POMC,ADRB2,GPX1,GSTA1,CRHR1,PRDX3,ME1,CRH,ATP5F1B,GSS,KLRC2,IL4,ALOX5,BNIP3L,ITGAX,ICAM1,TIMM17A,IL1RL1,CYBA,MFN2,C1QC,ADRA2A,CSF1R,TMEM119,GSR,CSF1R,DUOX1,GPX1,PECAM1,EDNRB,KCNJ3,GRN,KEAP1,CPT1A,PRKN,TXNIP,GSR,KEAP1,IL18,SLC6A4,NFKB1,CX3CR1,POMC,SLC25A4,C1QC,CSF1R,IKZF2,JAK3,IL1R2,HIF1A,TEK,EDNRB,NR3C2,TLR5
MAG,PRDX3,VEGFA,OCLN,C1QB,PPARGC1A,SIRT1,FKBP5,GSR,VEGFB,CCL3,MFN2,GZMA,ACE,TMEM119,HLA-B,NR3C2,AGT,VEGFA,HSD11B2,GFAP,RORC,ADRA1A,ETFDH,SLC40A1,GPR41,ADRB2,SERPING1,FLT1,OCLN,BCL2L1,ACE,GFAP,MBP,CYCS,C1QA,FKBP5,TNFRSF13C,OPA1,TXNRD1,ICAM1,NDUFV3,SOD2,CD68,TLR4,CAT,HSD11B1,CHRM2,GPX3,NQO1,NR3C2,PRDX5,G6PD,POMC,ATP5MC1,KEAP1,GNLY,IL13,PTGS2,ATG5,CD68,VWF,TOMM20,IFITM3,NQO1,OPA1,P2RY12,ADRB1,SPP1,P2RX7,TXN,SYK,TREM2,NFE2L2,SELE,ICAM1,KCNN4,CCL3,FOXO3,CPT2,SQSTM1,NQO1,GSTA1,GSR,TNFRSF1A,FUT2,CX3CR1,TREM2,FKBP5,SLC25A3,C3,AIF1,OAS3,CCR7,CCL2,EGLN1,PECAM1,VEGFA,FKBP5,DEFA5
CSF1R,GSR,VWF,CLDN1,C1QC,PPARA,SIRT3,HSD11B1,NQO1,VEGFC,C3,OPA1,GZMK,KCNJ3,SPI1,C3,IL17A,AGTR1,FLT1,PDE4B,MAPK8,IL22,ADRA2A,SLC16A1,AIF1,GPR43,ADRB1,CFH,ANGPT1,GJA1,IL7R,ACE2,AIF1,SLC1A2,COX4I1,C1QB,POMC,B2M,SLC25A4,HMOX1,VCAM1,SDHA,GPX1,ITGAM,C1QC,GSR,HSD11B2,PIEZO1,PRDX1,HMOX1,TLR5,GSR,HIF1A,AVP,ATP5PF,ALOX5,GZMK,TLR8,TSPO,ATG7,CSF1R,PECAM1,POLG,ICAM1,GCLC,SLC25A20,AIF1,CHRM2,CD68,IL1R1,TXNRD1,NOS3,CX3CR1,KEAP1,ICAM1,VCAM1,CRH,STAT3,TXN,ACADM,ULK1,KEAP1,GCLC,SOD1,CCL2,MUC2,AIF1,ITGAM,AVP,PPARGC1A,CFI,P2RY12,OASL,CCR5,CCL5,CRH,PLAT,VEGFB,HSD11B1,REG3A
TYROBP,GCLC,ICAM1,IL17A,C3,CPT1A,SIRT6,AVP,PRDX3,FLT1,C1QA,SOD2,KLRK1,KCNH2,IRF8,GFAP,IL22,ADRB2,KDR,TLR5,MAPK14,LILRB4,KCNMA1,SIRT1,C1QA,TPH1,ACE,C1R,ANGPT2,SLC2A1,IL2RB,AGTR1,MS4A6A,C1QA,ATP5F1A,C1QC,AVP,HLA-A,POLG,HMOX2,VWF,SDHB,CAT,ITGB2,APOE,GCLC,MC2R,KCNQ1,PRDX2,NOX4,TLR9,GCLM,SIRT3,CRHBP,SLC25A24,DUOX1,TRPM3,TLR7,GFAP,SQSTM1,C3AR1,KLF2,OXA1L,VCAM1,GCLM,SLC25A4,TSPO,GPR37,CXCL12,IL1RL1,GSTP1,EDN1,AIF1,TXN,IL6R,SELE,CRHR1,ADRB1,TXNRD1,ACADVL,ATG5,NFE2L2,GCLM,PRDX1,CXCL12,HK2,P2RY12,ITGB2,MC2R,NRF1,IL10,NOS1,IFIT2,CCR6,CXCL10,CRHR1,NPPA,ANGPT1,HSD11B2,MUC2
TGFBR2,GCLM,VCAM1,SLC22A5,C4A,CPT2,RHOBTB3,MC2R,PRDX5,KDR,C1QB,SOD1,NCR1,CACNA1C,C4A,TNFRSF1A,IL23A,ADRB1,ANGPT2,MYD88,CAMKK2,TGFBR1,CACNA1C,CXCL9,C1QB,IDO1,ACE2,C3,ADRA1B,AQP4,IL17RA,ADRA1A,TLR4,C1QB,UQCRC1,NLRP3,TLR5,HLA-B,TFAM,ALOX5,VEGFA,SDHC,NQO1,PLA2G7,CXCL12,GCLM,NR3C2,KCNH2,PRDX3,DUOX1,IL17A,GCLC,PRKAA2,HSD11B1,SLC25A4,DUOX2,OXTR,IRAK4,AIF1,MAP1LC3B,C5AR1,NOS2,SOD1,SPP1,SRXN1,CPT1A,IL1B,S1PR1,CCL2,OLR1,CAT,VEGFA,P2RY12,TXNIP,NR3C1,SELL,NR3C1,ADRA1A,CX3CR1,HADHA,BECN1,GCLM,NOX4,PRDX2,ITGAM,PFKP,TREM2,P2RY12,HSD11B1,TFAM,TGFB1,ADRB2,DDX58,CRH,CXCL9,CRHR2,NPPB,ANGPT2,AVP,OCLN
C1QA,NFE2L2,SELE,SLC7A5,C4B,ACADVL,CKMT1A,NR3C2,TXNRD2,ICAM1,C1QC,GPX1,CD14,SCN10A,C4B,IL18,IL10,SLC6A2,ANGPT1,NOD2,CSF1R,TGFBR2,PDE4D,CXCL11,C3,AHR,NOS3,C4A,ADRB2,CRH,CCR5,ADRB2,TLR2,C3,SDHB,PYCARD,FUT2,HLA-C,TOMM40,PTGS2,ANGPT2,SDHD,GSR,PROS1,MMP9,NQO1,SLC6A2,SCN5A,PRDX5,TXN,IL22,HMOX1,MYD88,TLR4,SLC25A5,NRF1,SLC2A1,MYD88,CSF1R,ULK1,NOS3,PROCR,SOD2,GFAP,KEAP1,CPT2,TNFRSF1A,PLPP3,CSF3,NOS3,NQO1,VEGFB,CSF1R,PRDX1,CRH,S1PR1,FKBP5,ADRA2A,CSF1R,HADHB,MAP1LC3B,HMOX1,CYBA,GSTP1,CSF1R,PKM,CD68,CSF1R,CYP11A1,TOMM20,IL2,ADRB1,IFIH1,CRHR1,CXCL11,POMC,STAT5A,FLT1,POMC,CLDN1
C1QB,KEAP1,KDR,TLR9,ADRB1,NDUFS1,CKMT1B,SGK1,PON1,VCAM1,CD68,GPX3,LILRB2,SLC6A2,C5AR1,IL1R1,OCLN,P2RX7,TEK,LYZ,TREM2,TGFB1,ICAM1,CCL7,C4A,IL17A,NOS1,CXCL11,GCH1,CRHR1,CCR7,VWF,TLR3,ITGAX,MFN2,CASP1,MUC2,HLA-DRA,TIMM23,DUOX1,ADRB2,UQCRC1,TXN,GAS6,ADRB2,HMOX1,SLC6A3,RYR2,GSR,TXNRD1,IL23A,NFE2L2,TRAF6,TLR2,SLC25A20,OXSR1,SLC25A3,TRAF6,CX3CR1,FIS1,VEGFA,THBD,GPX1,MBP,NOS3,ACADM,NRG1,LPL,TNFRSF1B,VEGFA,G6PD,FLT1,SIGLEC1,PRDX3,CRHR1,EGR1,HSD11B1,KDR,C1QA,ACAA2,IDO1,PRDX1,DUOX2,GCLC,TMEM119,LDHA,C1QA,CD68,STAR,TIMM23,IL7,ADRA2A,BCL2,AVP,TLR4,NR3C1,STAT5B,KDR,MC2R,LBP
NOS3,HMOX1,FLT1,KLRC2,ADRB2,NDUFV1,HK1,HSD11B2,PON3,SELE,CSF1R,CAT,S100A8,NPY,ADRB2,SIGLEC1,TJP1,TREM2,VWF,OCLN,ADRB2,IL10,VCAM1,CCL3,TREM2,RORC,EDN1,CCL2,COMT,NR3C1,CXCR3,SELE,NLRP3,ALOX5,OPA1,IL18,REG3A,HLA-DRB1,FIS1,DUOX2,ADRA2A,UQCRC2,TXNRD1,NOS3,ADRA1A,KEAP1,OCLN,CACNA1C,GSS,PRDX1,RORC,KEAP1,OAS1,TLR5,CPT2,AIF1,SLC25A4,SOCS3,C1QA,TOX2,FLT1,TEK,GPX3,MAP2,EDN1,ACADVL,SLC2A3,FOXP1,PPARGC1A,EDN1,SLC7A11,KDR,C1QA,PRDX6,FKBP5,ANGPT2,AVPR1A,FLT1,C1QB,SLC25A20,ARG1,PRDX5,NOS3,GCLM,NOS3,PDHA1,C1QB,S100B,LBP,MFN1,IL21,RYR2,BAX,POMC,TLR3,NR3C2,IRF1,PECAM1,CYP11B1,PRKAA1
VEGFA,NOX4,ANGPT1,NCR1,ADRA1A,NDUFA9,HK2,PDE8B,GCLC,SELP,GJA1,NQO1,S100A9,NRG1,ADRA2A,LY86,CLDN1,P2RY12,PECAM1,CLDN5,ADRA1A,UCP2,SELE,ICAM1,CD68,SLC6A4,EDNRA,CCL5,MAOA,FKBP5,CXCR4,SELPLG,NOD2,C1QC,PINK1,IL18BP,IL22,HLA-DQB1,SOD1,CX3CL1,ADRB1,CYC1,PRDX3,NOS1,NOS3,NFE2L2,TJP1,CACNA1D,GCLC,PRDX2,AHR,TXNRD1,OAS2,TLR9,ACADM,TSPO,SLC52A3,MIR155HG,C1QB,NR4A1,KDR,FLT1,CAT,APP,VWF,PDK4,APOE,CRHBP,NRF1,ANGPT2,TREM2,TEK,C1QB,GCLC,HSD11B1,ANGPT1,POMC,VEGFA,C1QC,SLC2A1,NOS2,TXNRD1,VEGFA,SEPP1,EDN1,CS,C1QC,APP,CD14,MFN2,IL12B,CACNA1C,CASP3,NDUFAF2,NLRP3,FKBP5,IRF3,ICAM1,CYP11A1,PRKAA2
VEGFB,TXN,ANGPT2,FCGR3A,AVPR1A,NDUFB8,PFKP,MTNR1B,GCLM,EDN1,GFAP,HMOX1,NOD2,P2RY12,NOS3,CD68,MUC2,CX3CR1,SELE,TJP1,NOS3,UCP3,SELPLG,SELE,ITGAM,SLC6A3,AGT,ICAM1,SLC6A2,HSD11B1,IRF1,ICAM2,SIGLEC1,MOBP,PRKN,TNFRSF1A,LBP,HLA-DQA1,SOD2,CX3CR1,AGT,UQCRH,PRDX5,EDN1,EDN1,PRDX1,CLDN5,KCNJ3,GCLM,PRDX3,MUC2,TXN,OAS3,NOD2,ACADL,TNFRSF1A,FGF21,BATF,C3,NR4A2,ANGPT2,NR3C1,GSR,BDNF,ICAM1,PPARGC1A,PLA2G7,HSP90AA1,TFAM,KDR,C3,PECAM1,TMEM119,GCLM,AVP,TEK,NOD2,EDN1,TNFRSF1A,HK1,GCH1,NOX4,ANGPT2,GPX4,VEGFA,IDH3A,CSF1R,MAPT,ALDH1A1,OPA1,IKZF2,OPA1,CASP8,ATP5MC1,CASP1,AVP,OAS2,VCAM1,CYP17A1,MTOR
VEGFC,TXNRD1,TEK,NCR3,EDN1,SDHA,PKM,DUSP1,GSTP1,EDNRA,MAPK14,GSR,IRF1,P2RY13,ACE2,P2RY12,FUT2,AIF1,SELPLG,LTA4H,EDN1,CYCS,ITGB2,VCAM1,TYROBP,IDO2,AGTR1,VCAM1,TH,POMC,IRF7,PECAM1,CCR2,SLC1A3,SIRT1,S100B,CD14,FOXP3,GPX1,CCL3,REN,UQCRB,GPX4,EDNRB,EDNRB,PRDX2,LBP,SLC6A2,HMOX1,PRDX6,DAO,CYBA,ISG15,IL17A,CS,IL1R1,PPARGC1A,FOXP3,C4A,NR4A3,TEK,CRH,NFE2L2,STAT3,SELE,NRF1,GFAP,HSPB1,NDUFS1,FLT1,CX3CR1,ANGPT1,IL1R1,GSR,POMC,NPPA,IL10,ACE,IL1R1,HK2,IL10,CYBB,EDN1,GPX3,ANGPT2,OGDH,MAPK14,CCR2,MAF,DNM1L,RORC,FIS1,BIRC5,ATP5PF,PTGS2,OXT,OAS3,SERPINE1,STAR,SIRT1
FLT1,HSPD1,PECAM1,CD8A,EDNRB,SDHB,LDHA,RORA,GSTM1,EDNRB,PTGS2,TXN,NFATC1,P2RY1,VEGFA,PLCG1,LBP,CD68,ACE,SLC6A4,VEGFA,ACAD9,NR3C1,ITGAL,GFAP,SLC25A3,REN,SELE,DBH,AVP,OAS1,VCAM1,IL1R1,ADRB2,PPARGC1A,S100A8,TJP1,IL10,GPX3,CCL4,ACE,UQCRFS1,HMOX1,ADRB2,ACE2,PRDX3,CD14,ARHGEF1,NQO1,KEAP1,SLC6A4,NQO1,IFIT1,IL22,IDH3A,CCL2,PPARA,S100A8,TNFSF13B,CD244,EDN1,CRHBP,KEAP1,SOCS3,VCAM1,TFAM,S100B,DUOX1,NDUFA5,TEK,TYROBP,ANGPT2,SLC1A2,GSS,MC2R,ADRB2,IL17A,ACE2,GFAP,PFKP,TGFB1,AIF1,KDR,CYBA,TEK,SDHA,IL1R1,CXCL12,MAFF,PINK1,TBX21,GPX3,MAPK8,COX7B,NOX4,MC2R,IFITM1,SELE,PGRMC1,RPTOR
KDR,HSPE1,THBD,CD4,VEGFA,UQCRC2,LDHB,TLR5,NOX4,ADRB2,VEGFA,TXNRD1,NFATC2,AVPR1A,FLT1,MAPK8,REG3A,CD14,ACE2,MAOA,KDR,CS,CRH,ITGAM,IL10,GAPDH,PECAM1,PECAM1,ACE2,TLR5,IFIT1,PLAT,TNFRSF1A,ADRB1,PRKAA1,S100A9,KLRD1,IL2,CAT,CCR1,ACE2,COX4I1,PRDX1,ADRA2A,KCNJ2,PRDX5,REG3A,NR3C1,TXN,NFE2L2,NOD2,FTH1,IFIT3,IL10,IDH3B,IL18,PPARG,S100A9,IL18,CD160,EDNRA,POMC,HMOX1,NFKBIA,PECAM1,HSPD1,SLC1A2,TXN,NDUFB8,ICAM1,ITGAM,SLC6A2,GFAP,CYBB,STAR,PLAUR,IL22,REN,AIF1,PFKM,CLEC7A,S100B,FLT1,DUOX2,GUCY1A3,MDH2,TLR7,C1QA,LDHA,PARK2,GATA3,PRDX3,MAPK14,SDHA,CD68,NOD2,IFITM2,AQP1,SGK1,ULK1
ANGPT1,HSPA1A,PLAT,CD3D,KDR,COX4I1,CPT1A,NOD2,CYBA,ADRA1A,ANGPT2,TXNIP,STAT6,CRH,KDR,NLRP3,SOD1,CD36,REN,MAOB,FLT1,IDH3A,CRHR1,SELL,IL1RN,LDHA,CAV1,VWF,AGT,NOD2,ISG15,PROCR,TNFRSF1B,ADRA2A,MT-ND1,BDNF,KLRC1,IL2RA,PRDX1,CCR2,NOS3,COX5A,PRDX2,ACE2,CACNA1C,TXN,MUC2,CRH,TXNRD1,FOS,CD14,FTL,MX1,IL18,MDH2,GFAP,HIF1A,ALOX5,IL18R1,EGR2,ADRB2,FKBP5,PRDX1,JUN,VEGFA,HSPA1A,MAOB,TXNRD1,SDHB,VCAM1,CD68,ADRB2,S100B,DUOX2,NOD2,SERPINE1,LBP,AGT,P2RY12,ALDOC,SIGLEC1,TSPO,HIF1A,CX3CR1,PDE5A,ACLY,TLR8,C1QB,PDK4,HSPD1,PDHA2,TXNRD1,TLR4,SLC16A1,CD86,STAT5A,IFITM3,ADRB2,DUSP1,PRKAB1
ANGPT2,HSPA9,HIF1A,CD3E,ANGPT1,ATP5F1A,CPT2,REG3A,NCF1,ADRA2A,ADM,PRDX1,TNFRSF1B,CRHR1,VWF,PYDCARD,GPX4,CD163,AGT,DAO,GUCY1A1,MDH2,POMC,MTOR,P2RY12,LDHB,VEGFA,ITGAM,CACNA1C,RORC,MX1,PDHA1,TNFRSF11B,NOS3,MT-ND2,GFAP,KLRC2,IL7R,PRDX2,TNFRSF1A,KDR,COX5B,NFE2L2,AGT,RYR2,TXNRD1,DEFA5,CRHR1,KEAP1,JUN,CSF3,OSGIN1,RSAD2,IL23A,OGDH,S100B,HSPA1A,ALOX15,CXCL12,CXCL13,VCAM1,HSD11B1,PRDX3,FOS,FLT1,HSP90AA1,ITGAM,GSR,SDHA,SELE,AIF1,ADRA1B,VIM,HMOX1,MYD88,PLPP3,CD14,AGTR1,TLR2,PKM,FCGR3A,TREM2,PTGIS,P2RY12,ADRB2,ACACA,GFAP,SIGLEC1,PDHA1,HSPA8,PDHB,GCLC,TLR2,SLC1A3,AIF1,STAT5B,TLR7,ADRA2A,PER1,PPARG
EDN1,TSPO,EGLN1,ZAP70,ANGPT2,ATP5MC1,ACADM,IL17A,DUOX2,SLC6A2,ALOX5,PRDX2,TNFSF14,NR3C1,PECAM1,CASP1,PRDX1,SIGLEC10,PRKG1,TLR9,GUCY1B1,SLC2A1,FKBP5,PRKAA1,CSF1R,PFKM,KDR,ITGB2,SCN10A,IL17A,IFI44L,PDHB,NOS3,NOS2,MT-ND6,OXTR,KLRB1,STAT3,PRDX3,TNFRSF1B,EDN1,COX6A1,KEAP1,REN,SLC6A2,G6PD,ATG5,CRHR2,NFE2L2,ALOX5,REG3A,FOXO3,C1QA,IL1RN,PDHA1,CD68,HSPA1B,PTGS2,CAMK2A,ICOS,ICAM1,AVP,PRDX5,TNFAIP3,HIF1A,SIRT1,TMEM119,C1QA,UQCRC1,SELP,IRF8,ADRA2A,PTGS2,NQO1,TLR2,NR3C1,CLDN1,SLC6A2,TLR3,LDHA,CD14,C1QA,GUCY1A1,CSF1R,AVPR1A,FASN,S100B,SPI1,ACADL,SOD2,LDHA,GCLM,TLR5,SLC2A1,ITGAM,NDUFS1,TLR9,ADRB1,PER2,FOXO3
ADRB2,AIF1,CYSLTR1,LCK,TEK,MFN2,ACAD9,IL22,CYBB,CACNA1C,ALOX5AP,PRDX3,CXCL8,FKBP5,ICAM1,HMGB1,TXNRD1,FCGR3A,NOS2,NLRP6,ACE2,HK2,HSD11B2,AKT1,CX3CR1,PKM,FLT1,COL1A1,EDNRB,IL17F,RSAD2,CS,EDN1,VEGFA,MT-CO1,NOS3,NCR1,SMAD3,PRDX5,IL1R1,EPO,COX6B1,SOD1,RGS2,FUT2,GSTP1,BECN1,POMC,ACO2,AIF1,DEFA5,ACO2,C1QB,DEFB1,PDHB,CSF1R,DNAJB1,FOS,SLC1A2,CD69,SELE,MC2R,TXN,PTGS2,ADRB2,SIRT3,CCL2,C1QB,CYCS,VWF,P2RY12,AVPR1A,PLCG1,MT-ND4,TLR5,FKBP5,OCLN,SLC6A3,NLRP3,LDHB,CD40,C3,PIEZO1,AIF1,KCNH2,CPT1B,B2M,PTGS1,HK2,SOD1,LDHB,TXN,MYD88,SLC2A3,NOS3,NDUFV1,TLR3,GJA1,ARNTL,HIF1A
SLC6A2,P2RY12,REN,PIK3CD,ICAM1,OPA1,UCP2,MUC2,TLR2,PLCB1,CRH,PRDX4,NDUFS1,POMC,VCAM1,S100B,GCLC,FCGR2A,PTGS2,IL22,AGTR1,LDHA,AVP,PIK3CG,HMGB1,ENO1,VWF,COL1A2,NR3C1,IL22,NRF1,ACO2,VEGFA,EDN1,MT-CO2,NOS2,NCR3,JAK1,TXN,IL1R2,ADM,COX6C,P2RY12,KCNH2,HIF1A,ALOX5,MFN1,MC2R,CYBB,TMEM119,CXCL13,ALDH2,C1QC,REG3A,PINK1,P2RY12,DNAJC3,JUN,SLC17A7,ATP5MC1,PECAM1,NR3C2,TXNRD1,PLA2G4A,ADRB1,PRKAA1,CXCL12,C3,COX4I1,PECAM1,TMEM119,NPPA,MAPK14,MT-ND5,TLR9,CRH,MUC2,IGF1,NFKB1,PDHB,CD86,C4A,ADRB2,TMEM119,HCN4,CD4,OPRM1,NOS3,PFKM,GPX1,PKM,TXN2,NOD2,NLRP3,EDN1,SDHB,AIM2,NR3C1,TLR5,BECN1
SLC6A3,CX3CR1,ACE,AKT1,VCAM1,SLC25A20,UCP3,LBP,TLR9,PRKCA,CRHR1,PRDX5,NDUFS2,AVP,SELE,ADRA2A,GCLM,SYK,SIRT1,IL17A,PLXND1,PFKFB3,MC2R,FOXO1,CCR5,PGK1,SELE,MMP9,CRH,FUT2,SIRT1,IDH3A,FLT1,ACE,COX6C,EDN1,TRAC,JAK3,TXNRD1,IL6R,PTGIS,COX7A2,AIF1,CACNA1C,EGLN1,CYBB,MFN2,FKBP5,DUOX1,CX3CR1,IL10,PARK7,C3,SLC6A4,PRKN,ITGAM,EIF2AK4,HSPA1A,GRIA1,ATP5F1B,PTGS2,CRHR1,NQO1,CXCL12,CACNA1C,PRKAA2,CX3CL1,STAT3,COX5A,ADRA2A,HLA-E,NPR3,NFKB1,MT-ND2,IL23A,CRHR1,REG3A,NOS1,RELA,PDK1,CD163,GJA1,ADRA2A,ITGAM,CACNA1C,CD8A,GABRA1,ADRB2,SLC2A3,GPX4,GAPDH,NDUFA5,TREM1,CASP1,VEGFA,SDHA,CCL7,FKBP5,TLR9,ATG5
ACE,ITGAM,ACE2,AKT2,PECAM1,CYCS,PPARA,OCLN,TLR5,RGS2,NR3C1,PRDX6,NDUFS7,MC2R,EDN1,ADRB1,GSR,LYN,KLF2,MX1,NPY1R,ALDOA,MRAP,SLC2A4,SPP1,HK2,ICAM1,TIMP1,CRHR1,MUC2,SIRT3,IDH3B,KDR,AGT,ATP5F1B,VEGFA,CD2,RELA,NQO1,IL18R1,SLC6A2,COX8A,TMEM119,SLC6A2,VEGFA,NOX4,OPA1,AVP,DUOX2,TREM2,TGFB1,AIFM2,C4A,IFITM1,SLC16A1,STAT6,EIF4G1,HSPA1B,GRIN2B,NDUFA1,VWF,MYD88,GSTP1,CXCR4,KCNQ1,MTOR,IL6,STAT5A,ATP5F1A,ADRB1,BDNF,EDNRB,RELA,MT-ND1,IL22,NR3C2,ATP1A1,SLC6A4,CCL11,PRKAA1,MRC1,CX3CR1,CACNA1C,CCL5,SCN5A,CD28,GRIN1,ADRA2A,IL8,GPX3,ENO1,NDUFB8,TREM2,PYCARD,VEGFB,SDHC,CCL19,CRH,MYD88,SQSTM1
AGT,TREM2,ADRB2,AKT3,SELE,COX7A2,PPARD,CLDN1,LBP,HIF1A,NR3C2,TLR4,NDUFA1,NR3C2,AGT,ADRB2,PINK1,VIM,PROCR,OAS1,SLC6A2,PKM,NR3C2,HK2,TRPV1,SLC2A1,VCAM1,S100A8,POMC,REG3A,PRKAA1,DLAT,TEK,REN,SDHA,VEGFB,CD27,NFKB1,HMOX1,GFAP,GJA1,ATP5F1A,GFAP,GUCY1A3,FLT1,DUOX1,DNM1L,OXTR,PON1,GFAP,ITLN1,TREM2,C4B,MX1,SDHC,IL10,RPL13A,HSP90AA1,BDNF,NDUFV1,NR3C1,NOD2,GCLC,OPRK1,SCN5A,RICTOR,ITGAX,TBX21,ATP5F1B,ADRB2,NRG1,REN,JAK2,MT-CO1,REG3A,HSD11B1,ATP1A2,HTR3A,CCR2,PRKAA2,TLR9,CSF1R,RYR2,CCL3,RYR2,ICOS,ADRB2,EDN1,IL12B,CAT,ALDOA,SDHD,CX3CR1,RELA,ANGPT2,ATP5F1A,CCL21,CRHR1,TRAF6,MAP1LC3B
REN,C1QA,NOS1,RPTOR,SELP,COX6A1,PPARG,TJP1,CD14,ANGPT1,FKBP5,TLR2,NDUFA2,HSD11B1,ACE,CHRM3,PRKN,ACTB,IL6R,OAS2,CACNA1C,SDHA,GHRL,PFKFB3,S100B,SLC2A3,PTGS2,S100A9,FKBP5,LBP,PRKAA2,DLST,SELE,PTGS2,SDHC,ANGPT1,CD28,NFKBIA,GSTM1,AIF1,PTGS2,ATP5F1B,MBP,SOCS3,KDR,DUOX2,MTOR,BDNF,PON3,S100B,PRKAA2,CX3CR1,CFB,OAS3,UCP3,TGFB1,RPS6,DNAJA1,NTRK2,COX5A,FKBP5,IL17RA,GCLM,GRM5,EDNRA,RPS6KB1,SERPINA3,EOMES,ATP5MC1,SLC6A2,NGF,ACE,NOS3,SDHA,MUC2,HSD11B2,ATP1B1,CRHR1,CXCL12,PRKAB1,JAK1,IL1R1,SCN5A,IL1R1,KCNQ1,CD69,ADRA2A,EDNRA,IL23A,PRDX1,ACLY,UQCRC2,CSF1R,NFKB1,ANGPTL4,ATP5C1,PTPRC,POMC,NOD2,CASP3
NR3C1,C1QB,CRH,ULK1,ACE2,MT-CO1,IL10,FUT2,NOD2,CRH,FKBP4,CD14,NDUFA9,HSD11B2,AGTR1,CHRM5,MFN2,GAPDH,NR3C1,OAS3,KCNN4,G6PD,IL6,LDHA,AGER,PDHA1,BDKRB2,S100A12,HSD11B1,PDHA1,ATP5MC3,SDHA,ICAM1,NPY,SLC25A4,ANGPT2,IL2RA,IKBKB,GSTP1,MAPK14,SELE,ATP5F1C,SERPINA3,SOCS1,PIEZO1,AIF1,RPTOR,XBP1,AIF1,S100A8,SIRT1,C1QA,CCR5,IFNAR1,SOD1,B2M,RPLP0,AKT1,NRXN1,COX6A1,CRH,IL22,ALOX5AP,ADRB1,SLC6A2,EIF4E,NOS3,IL10,SLC25A4,NR3C1,TNFRSF1A,CRH,EDN1,SDHB,FUT2,POMC,SLC25A20,POMC,IL18,PRKAG1,JAK3,MAPK14,NR3C1,PTGS2,SERPINE1,IL2RA,EDN1,VEGFA,IL27,PRDX3,ACACA,CYC1,AIF1,NFKBIA,ICAM1,ATP5MC1,CD4,AVP,NLRC4,BCL2
CRH,CSF1R,CRHR1,ATG5,ACE,MT-ND1,TGFB1,GPR183,PGLYRP2,CRHR1,HSD11B1,ITGAM,SDHA,CYP11B1,NOS2,NOS3,OPA1,ICAM1,FKBP5,ISG15,KCNJ2,TP53I3,IL6R,ACOX1,APOE,PDHB,NPY,ALOX5,HSD11B2,PDHB,ATP5F1B,MDH2,VCAM1,CACNA1C,SLC25A24,TEK,IL7R,MAPK1,GCLC,NLRP3,FLT1,ATP5F1D,NOS3,JAK1,ADRB1,CX3CR1,PRKAA1,HSPA5,TREM2,S100A9,FASN,C1QB,CCR7,IFNGR1,GPX3,CD14,RPL10,AKT2,DLG4,UQCRFS1,AVP,REG3A,DUOX2,ADRB2,COMT,DDIT4,NOS2,IL2,SLC25A12,FKBP5,IL1R1,CRHR1,ADRB2,NDUFS1,DEFA5,AVP,SLC25A22,AVP,TNFSF10,HMOX1,SOCS1,NLRP3,FKBP5,MERTK,VWF,ENTPD1,VEGFA,VEGFB,ICAM1,PRDX5,COX7A2,COX5A,TMEM119,IKBKB,VCAM1,ATP5D,CD8A,HSD11B1,IL17A,BAX
CRHR1,CD68,CRHR2,ATG7,REN,MT-ND4,GADD45A,FFAR2,REG3A,CRHR2,HSD11B2,AIF1,SDHB,CYP17A1,NOS1,EDN1,BECN1,VCAM1,CRH,IFI44,TEK,HIF1A,IL13,SOD1,PLA2G7,PC,NPY1R,PTGS2,MC2R,PDK4,NDUFA5,ME1,VWF,RYR2,SLC25A3,SELE,IL21R,MAPK14,GCLM,CASP1,HIF1A,ATP5F1E,ADRA2A,JAK2,EDNRA,TREM2,PRKAB1,HSP90B1,TYROBP,C1QA,ACLY,C1QC,CXCR4,PDCD1LG2,GSR,CCR2,RPL23A,PIK3CA,SYT1,CYCS,POMC,OCLN,NOX4,ADRA1A,MAOA,PDPK1,EDN1,CD28,CPT1A,CRH,CASP1,CRHR2,ADRB1,NDUFA1,SLC6A4,MC2R,SERPINF1,FKBP5,ADRB1,GCLC,TYK2,IL18,CRH,TYROBP,PECAM1,FOXP3,ACE,VEGFC,VCAM1,PRDX6,COX7C,ATP5MC1,P2RY12,CYBA,SELE,ATP5G1,CD3D,HSD11B2,IL22,PINK1
POMC,NR3C1,POMC,BACH2,AGT,MT-ATP6,DDIT4,AHR,MUC1,POMC,POMC,CD68,COX4I1,STAR,KCNH2,VEGFA,SQSTM1,ITGAL,CRHR1,IFI44L,SELE,FOXP3,IL4R,GPX3,PTGS2,FBP1,SLC6A2,NOS2,AVP,LDHA,UQCRFS1,ACADM,ANGPT1,SLC6A2,ACADM,VCAM1,CXCR3,CYCS,NFE2L2,PTGS1,PPARG,ATP5MC1,ADRB2,AKT1,REN,P2RY12,NFKB1,EDEM1,C1QA,C1QB,PFKFB3,AIF1,CCL19,CD274,PRDX5,CCR5,CCR7,PTEN,ADRB2,LONP1,HSD11B1,CLDN1,TLR4,ADRA1B,NR4A1,SOD2,EDNRA,ICOS,CPT2,CRHR1,NLRP3,NR3C1,VEGFA,ATP5F1A,SLC22A4,CYP11B1,CXCR4,HSD11B1,ADRB2,GCLM,GCLC,APOE,CRHR1,CD68,ICAM1,GATA3,AGT,FLT1,ITGAX,GSR,NDUFB8,SLC25A5,C1QA,CYBB,SELPLG,COX4I1,CD38,NR3C2,IL23A,PARK2
AVP,CRH,NR3C1,IKZF2,AGTR1,CAT,ATF3,BCL6,OCLN,NR3C1,MC2R,HLA-DRA,COX5B,TGFB1,GJA1,ACE2,ATG5,ITGAM,AVP,RSAD2,VCAM1,TCF7,STAT5A,ALOX5,S100A8,ACLY,NR3C1,ARG1,OXT,LDHB,COX6A1,CPT1A,ANGPT2,SLC6A3,ACADVL,ICAM1,CCR7,SLC25A20,GFAP,PLA2G4A,CRH,ATP5MC2,EDN1,MTOR,NR3C1,TMEM119,NFKBIA,ERN1,C1QB,C1QC,ALDH2,TSPO,CCL20,ENTPD1,PRDX6,TYROBP,SELL,MAPK14,ADRA2A,COX7A2,HSD11B2,TLR5,TLR2,NOS3,NR4A2,SOD1,VEGFA,CD274,ACADM,AVP,GFAP,FKBP5,ICAM1,ATP5F1B,ALDH1A1,CYP17A1,CCR7,HSD11B2,EDN1,NOX4,GCLM,GFAP,POMC,SIGLEC1,SELE,KLRC1,REN,KDR,CXCL12,GSTA1,NDUFA13,MFN1,C1QB,NOS2,PECAM1,COX5A,CD69,MRAP,IL10,BNIP3
FKBP5,CRHR1,NR3C2,TBX21,AGTR2,SOD2,JUN,HK2,CLDN4,NR3C2,AVP,HLA-DRB1,COX6A1,GPR183,NR3C1,GUCY1A3,SIRT1,PECAM1,POMC,IFIT1,CRH,BATF,SOCS3,ALOX15,NOS3,CPT1B,CRH,IDO1,SGK1,CPT1A,MRPL12,CPT2,PDGFB,KCNH2,CPT1A,VWF,CCR5,ACADM,AQP4,CSF1R,CRHR1,ATP5MC3,NOS2,RPTOR,NR3C2,C1QA,BCL2,TLR4,C1QC,CD68,MTHFR,CSF1R,RORC,ICAM1,TXN,ADRB1,CD40,MAPK1,NOS1,SOD1,CRHR1,DMBT1,NLRP3,ACE,NR3C1,GPX1,KDR,TNFRSF1A,HADHB,CLOCK,SLC1A2,POMC,VCAM1,MT-ATP6,PRKAA1,STAR,ITGAL,CYP11A1,GCH1,CAT,GSR,PLP1,AVP,CXCL12,FLT1,GNLY,SLC6A2,ANGPT1,CCR5,GSTP1,SDHC,OGDH,APOE,DUOX2,FLT1,MT-ND1,KLRD1,LBP,LBP,IDH3A
SGK1,AVP,FKBP5,GATA3,CRH,GPX1,FOS,PFKFB3,SLC6A4,FKBP5,OXTR,HLA-DPA1,COX6C,FFAR3,NR3C2,GUCY1B3,FOXO3,SELL,NR3C2,IFIT3,CRHR1,EOMES,JAK1,PLA2G4A,NOS2,G6PD,CRHR1,STAT3,DDIT4,CPT2,PINK1,HADHA,PDGFRB,KCNMA1,CPT2,PECAM1,CCR6,HADHA,IL33,ITGAM,NR3C1,ATP5ME,VEGFA,ULK1,CRH,C1QB,BAX,TLR2,CD68,ITGAM,GAD1,ITGAM,BECN1,VCAM1,GCLM,ADRB2,CD19,MAPK3,EDN1,CAT,SGK1,TJP1,CASP1,ACE2,FKBP5,GPX3,FLT1,TGFBR1,ACO2,ARNTL,SLC1A3,AVP,SELE,MT-ATP8,PRKAB1,CLOCK,ITGB2,STAR,DBH,SOD1,PRDX2,MBP,HSD11B1,ITGAX,KDR,STAT5B,TH,ANGPT2,CXCR4,GCLM,UQCRH,DLST,NLRP3,PRDX1,TEK,MT-CO1,NCR1,CD14,CD14,CS
HSD11B1,FKBP5,AVP,RORC,CRHR1,GPX4,JAK1,PKM,LCN2,HSD11B1,ADCYAP1,HLA-DPB1,UQCRC1,FFAR2,CRH,KCNJ3,AHR,GJA1,HSD11B1,IRF7,CRHR2,IRF1,JAK2,PTGS2,VEGFA,PPP1R3B,CRHR2,SOCS3,PER1,SLC25A4,PARK2,HADHB,COL4A1,PDE4B,NRF1,AQP4,CXCR5,HADHB,CX3CL1,TREM2,FKBP5,ATP5MG,VEGFB,SIRT1,CRHR1,C1QC,CASP3,TLR9,ITGAM,MAPT,UGT1A1,P2RY12,ATG5,ITGB7,SEPP1,CHRM2,MS4A1,JAK1,EDNRA,PRDX1,DUSP1,MUC2,P2RX7,EDN1,CRH,GPX4,ANGPT1,TGFBR2,CS,PER2,SLC6A11,HSD11B1,PECAM1,COX4I1,PRKAG1,ARNTL,PLCG1,MC2R,TH,TXN,NDUFS1,MOG,MC2R,C1QA,CRH,IRF1,GNAS,TEK,CCL19,GCLC,ATP5F1B,MDH2,GFAP,PRDX2,KDR,UQCRC1,GZMA,TLR5,REG3A,MDH2
HSD11B2,SLC6A4,MC2R,CCR7,CRHR2,PRDX3,JAK2,LDHA,IL22,HSD11B2,BDNF,HLA-E,UQCRC2,REG3A,CRHR1,KCNJ5,IRF7,NPPA,HSD11B2,IRF9,NR3C1,IRF7,MAPK1,PTGER4,KDR,PPARGC1B,POMC,IL23A,PER2,SLC2A4,BNIP3,PFKM,COL4A2,ADRA2B,NFE2L2,KCNJ5,ICAM3,MCU,CX3CR1,NOS3,HSD11B1,ATP5PF,FLT1,PRKAA1,POMC,GFAP,CASP8,NOD2,CSF1R,APP,GPT2,TMEM119,ATG7,MMP9,GSTM1,EDN1,IKZF1,JAK2,VEGFA,GPX4,TLR2,NCF2,CSF1R,EDNRB,CRHR1,CAT,ANGPT2,P2RX7,OGDH,CRY1,MAOB,HSD11B2,FLT1,CPT1A,PPARA,PER1,RASGRP1,MC4R,COMT,TXNRD1,NDUFB8,TSLP,NR3C2,C3,CRHR1,IFIT1,F2,SELE,CCL20,NFE2L2,BECN1,IDH3A,BDNF,PRDX3,CAV1,CYC1,GZMH,NOD2,ALDH1A1,OGDH
PTGS2,HTR1A,HSD11B1,CXCR5,POMC,PRDX5,TYK2,LDHB,IL17A,CYP11B1,NPY,CX3CR1,CYCS,MKI67,CRHR2,NPY,STAT1,OXT,CYP11A1,HSPA1A,FKBP5,REL,TPH2,ALOX12,FLT1,COX5A,AVP,IL12B,CLOCK,HK2,BNIP3L,PKM,SERPINE1,NR3C1,KEAP1,ADRA2A,ITGAL,CAMK2B,TREM2,EDN1,HSD11B2,ATP5PO,KDR,PRKAB1,FKBP5,S100B,FCGR3A,DEFA5,P2RY12,PSEN1,PCK1,OLR1,ULK1,SERPINE1,GSTP1,NOS3,LTA,IL2,FLT1,GLRX,TLR4,DEFA5,AIF1,GJA1,CRHR2,PRDX1,ICAM1,NLRP1,PDHB,NLRP3,APP,MC2R,KDR,CPT2,PPARG,PER2,CAMK2D,OXTR,SLC6A2,CX3CR1,COX5B,NOS3,SGK1,CD14,NR3C1,IFI44,F5,ICAM1,TNFRSF4,KEAP1,ATG5,GLUD1,SPHK1,TXN,CAV2,CS,GZMK,MYD88,FFAR3,SDHA
TLR4,OXTR,HSD11B2,CCR6,MC2R,NFE2L2,STAT5A,PDHB,IL23A,CYP11B2,SLC6A2,TREM2,ATP5F1A,LYZ,POMC,VIP,STAT3,AVP,CYP17A1,HSPA1B,POMC,NFKB1,TPH1,GSTM1,EDN1,COX6C,MC2R,IL2RA,TLR2,PFKM,SQSTM1,LDHA,ADRB1,CRH,SOD2,ADRB2,ATP5MC1,PPARA,NLRP3,EDNRB,POMC,ATP5PB,SELE,PRKAG2,HSD11B1,ITGAM,NCR1,REG3A,CCR2,SNCA,ACADM,LPL,MAP1LC3B,PLAUR,GSTT1,VEGFB,CXCL11,IL18,KDR,MSRA,TLR9,PRKAA1,CX3CR1,SLC6A2,AVP,PRDX2,VCAM1,NKTR,HK2,CASP1,ADRB2,TLR4,TEK,ACADM,SLC2A1,PER3,PPARGC1A,CREB1,NPY,AIF1,COX6B1,EDN1,NOD2,TLR9,FKBP5,IFI44L,VCAM1,VCAM1,ICOS,HMOX1,MAP1LC3B,ACO2,NOS3,TXNRD1,NOS2,IDH3A,HLA-DRB1,TLR9,FFAR2,FH
TLR2,FKBP4,SGK1,CCR4,NR3C1,KEAP1,REL,ACADM,AHR,AVP,SLC6A3,CD36,ATP5F1B,DEFA5,PCSK1,AVPR1A,JAK1,POMC,CYP21A2,HSPB1,AVP,NFKBIA,SLC6A4,GSTM3,ICAM1,CYC1,FKBP5,IL2RB,TLR4,ACADM,MAP1LC3B,LDHB,ADRB2,CRHR1,GPX1,GNAS,ATP5MC2,PPARG,P2RY12,VEGFA,AVP,ACADVL,PECAM1,HK2,HSD11B2,ITGAX,NCR3,LCN2,CCL2,NOS3,ACADVL,GRN,SQSTM1,HSPA1A,KEAP1,VEGFC,CXCL13,CCL19,PECAM1,GSTP1,NOD2,PRKAA2,C1QA,DBH,POMC,PRDX3,PECAM1,KLRD1,PFKFB3,GSDMD,ADRA2A,TLR2,REN,ACADL,SLC2A4,NPAS2,PPARGC1B,DDIT3,AVPR1A,ITGAM,ATP5MC1,VEGFA,IL17A,NOS3,POMC,RSAD2,SELP,MMP9,IL7R,TXN,SQSTM1,ETFDH,VEGFA,GCLC,ADM,IDH2,HLA-DPA1,REG3A,SLC4A1,DLAT
TLR3,HSD11B1,STAR,IL21,NR3C2,GCLC,RELA,ACAT1,FOXP3,OXTR,SLC6A4,CCL2,ATP5MC1,MUC2,AVP,P2RX7,SOCS3,CRHR1,MC2R,DNAJB1,OPRM1,STAT5A,IDO1,GSTM4,VCAM1,NDUFV1,HSD11B1,IL7R,TLR9,ACADVL,KEAP1,G6PD,ADRA2A,FKBP5,CAT,KDR,ATP5MC3,RXRA,TLR2,FLT1,SSTR2,CPT1A,TEK,PFKFB3,PDE4B,CD68,CD160,SLC6A4,CCL11,NOS2,GLUD1,SPP1,HSPA1A,HSPB1,FOXO3,TEK,CCL5,CXCL13,VWF,ALDH2,MYD88,PRKAB1,C1QB,TH,NR3C2,NFE2L2,VWF,KLRK1,PKM,BECN1,ADRA1A,TLR9,AGTR1,PPARGC1A,HK2,DUSP1,P2RX7,TLR2,VEGFA,C1QA,CPT1A,KLF2,IL22,EDN1,AVP,GBP1,ICAM1,MMP2,KITLG,TXNRD1,SELE,HADH,KDR,GCLM,AVPR1A,OGDH,P2RX7,IL22,SLC15A1,PDHA1
TLR9,ADRB2,ADCYAP1,BATF,FKBP5,GCLM,NFKB2,SLC16A1,RORC,MRAP,COMT,CXCL12,ATP5ME,CLDN5,OXT,CACNA1C,TYK2,CRHR2,STAR,HSP90AA1,HSD11B1,STAT5B,KYNU,GSTM5,SELE,MT-ND1,HSD11B2,IL15RA,CD14,GLUL,GCLC,NR3C1,ACE,POMC,NOX4,PTGS2,ATP5ME,SIRT1,NOS2,KDR,MC2R,SLC25A4,MMP9,LDHA,AVP,SIGLEC1,CD244,TPH1,CXCL12,NOS1,PDHB,TNFRSF1A,HSP90AA1,HSPD1,MT1E,KDR,OAS3,CCR5,SELE,GCLC,IL17A,PRKAB2,C1QC,MAOA,HSD11B1,HMOX1,SELE,OASL,LDHA,ATG5,ADRB1,CD14,ACE,SIRT1,LDHA,DDIT4,BCL2,TLR5,ICAM1,C1QB,CPT2,KDR,MUC2,ADRB2,HSD11B1,CXCL11,KLF2,PDGFB,CSF2,TLR4,ICAM1,ACOX1,FLT1,HBM,SLC6A2,DLST,LRG1,MUC2,MUC2,ACADL
NOD2,EDN1,SLC6A3,EOMES,HSD11B1,ALDH2,CXCL8,PDK4,ALDH1A1,STAR,DRD2,NOS3,SLC25A4,CDH1,FKBP5,RYR2,IL1R1,IL18,NR4A1,HSPD1,HSD11B2,CXCL13,IL17A,GSTP1,SERPINE1,MT-ND2,CYP11A1,GATA3,LBP,GLUD1,GCLM,CRH,AGT,AVP,NOS2,CRH,ATP5MF,SIRT3,S100B,PPARG,CYP11B1,SLC25A20,ANGPT2,LDHB,NOD2,TNFRSF1A,ENTPD1,ARNTL,CXCL1,ADRB2,DLAT,IL1R1,DNAJB1,CLPX,MT2A,VWF,IFI44,CXCR5,ICAM1,GCLM,IL22,MTOR,C3,MAOB,HSD11B2,GSR,SELP,IFI44L,SLC2A4,ATG7,ADRA2B,NOD2,ACE2,SIRT3,ENO1,SGK1,BAX,NOD1,ACE,C1QC,ACADVL,ANGPT2,CLDN2,PIEZO1,HSD11B2,SELE,KLF4,PDGFRA,CSF3,TLR7,VCAM1,CPT1A,TEK,HBD,CRH,FH,NCAM1,DEFB1,TJP1,ACADM
FUT2,NOS3,MAOA,HK2,HSD11B2,GSR,CXCL12,CPT2,IDH3A,MC2R,DRD3,EDN1,CPT1A,CXCL1,HSD11B1,PDE3A,IL18R1,IL12RB1,NR4A2,PFKM,SGK1,ITGAM,IL22,GSTA1,VWF,MT-ND3,CYP17A1,TBX21,NOD2,ALDH2,GPX4,CRHR1,PPARG,HSD11B1,HMOX1,CRHR1,ATP5MG,UCP2,TNFRSF1A,ADRB2,CYP17A1,TOMM20,VCAM1,PGC1B,LBP,B2M,IL12B,CLOCK,GFAP,ADRA1A,ACAT1,IL18,MTOR,CLOCK,NOS2,PECAM1,IFITM3,BCL2,VCAM1,STAT1,AHR,RPTOR,C3AR1,P2RX4,LBP,GCLC,GJA1,IFI27,PDK4,MAP1LC3B,NOS3,FUT2,PTGER3,PRKAA1,PGK1,NOD2,SLC2A1,FUT2,ACE2,TREM2,IDH3A,VWF,OCLN,KCNJ3,STAR,SELL,VWF,PTGIS,CSF1,TLR9,PECAM1,CPT2,PECAM1,HBB,CRHR1,ACADVL,POMC,SLC6A4,HK2,RYR1
LBP,VEGFA,MAOB,PFKFB3,CYP17A1,TXN,CCR5,HADH,CS,ABCB1,GABRA1,ACE,ACADVL,CXCL2,HSD11B2,CAV1,TLR2,IL12RB2,HSP90AA1,PFKP,STAR,ITGAL,REG3A,GSTA4,PECAM1,MT-ND4,STAR,RORC,MUC2,ACAT1,PRDX5,CRHR2,IL17A,HSD11B2,GPX4,NR3C1,COX7A2,UCP3,TNFRSF1B,ADRA1B,STAR,SOD1,NR3C1,CPT1B,CD14,CCR2,IL15,PER2,SLC1A2,ADRA2A,IL7R,IFI16,TSC2,ARNTL,ALOX5,ESM1,RSAD2,BAX,ANGPT2,STAT3,REG3A,RHEB,TNFSF13B,P2RX7,ALDH1A1,GCLM,AQP1,OAS2,UCP2,PINK1,NOS1,REG3A,PTGFR,PRKAA2,PKM,TLR5,SLC2A3,CD14,NOS1,TLR4,ACO2,ICAM1,TJP1,HIF1A,NR3C2,ITGAL,NR3C1,ACE,ADA,TLR2,VWF,SLC25A11,VWF,HBA1,NR3C1,CPT1A,CRH,OCLN,PFKFB3,CACNA1S
CD14,FLT1,PRKACA,PFKM,IL17A,TXNRD1,CCR7,UCP2,MDH2,ANXA1,GABRB2,ADRB2,NRF1,CXCL3,CRHBP,PECAM1,TLR9,IL21R,SGK1,PKM,MC2R,SELL,OCLN,GSTT1,AQP1,MT-ND5,PDK4,FOXP3,OCLN,ACOX1,HSPA1A,POMC,IL22,PRKACA,PRDX1,NR3C2,COX7C,HIF1A,CCL3,AVPR1A,SERPINA6,SOD2,CRH,ACAA2,MYD88,CXCL12,TGFB1,PER3,GRIA1,ADRB1,IL2RA,NLRP3,RHEB,PER2,ALOX15B,ANGPT1,DDX58,CASP3,TEK,JAK1,MUC2,HK2,CD68,HTR2A,IL17A,TXN,ACE,MX2,UCP3,PARK2,NOS2,LBP,NR3C1,MTOR,G6PD,IL17A,GADD45B,LBP,NR3C1,TLR2,MDH2,VCAM1,MAOA,SLC6A2,TLR4,ITGB2,CRH,REN,DPP4,TLR5,F2,SLC25A20,SELE,HBA2,FKBP5,CPT2,CRHR1,CLDN1,PFKM,ATP2A1
CLEC7A,KDR,CREB1,PKM,IL22,HMOX1,CD3D,UCP3,ACO2,SERPINA6,GABRG2,AVPR1A,TFAM,DUOX2,MC2R,ICAM1,DUOX2,STAT4,TSC22D3,LDHA,BDKRB2,ICAM1,CLDN1,GSTZ1,ADRB2,MT-ND6,DUSP1,EOMES,CLDN1,JUN,DNAJB1,AVP,RORC,ADCYAP1,PRDX6,FKBP5,UQCRQ,RORA,CCL4,PRKCA,SGK1,GPX1,CRHR1,FASN,IL23A,CXCR4,TGFBR1,IL22,GRIN1,ACE,CCR7,NFKB1,SLC2A4,PER3,AQP4,ANGPT2,IFIH1,CASP8,GUCY1A3,SOCS3,OCLN,PFKFB3,GFAP,HTR2C,IL22,TXNRD1,ACE2,HLA-DRA,MFN2,TLR4,EDN1,CLDN1,FKBP5,RHEB,PFKFB3,IL22,DDX58,IL17A,CRH,NLRP3,GAPDH,SELE,VIP,SLC6A3,TLR2,CD3D,CRHR1,AGTR1,ENTPD1,NLRP3,F13A1,UCP2,ICAM1,CYCS,HSD11B1,CPT1B,CRHR2,TJP1,ENO1,CAMK2A
NLRP3,ANGPT1,BDNF,LDHA,FOXP3,NOX4,CD3E,FABP3,COQ10B,SGK1,CORT,SLC6A2,PRDX1,C3,STAR,SELE,DUOXA2,STAT2,MAPK8,LDHB,GALR1,VCAM1,CLDN2,EGR1,AGTR1,SLC25A4,SGK1,RUNX3,TJP1,FOS,HSP90AA1,MC2R,GATA3,MAPK8,GSR,HSD11B1,UQCRH,RORC,NOS3,PRKCZ,TLR5,GPX3,FKBP5,SCD,IL12B,HK2,RORA,IL17A,IL1R1,ACE2,KLRB1,RELA,KDR,GCLM,PTGS2,SLC6A2,MAVS,CASP1,GUCY1B3,RELA,CLDN1,PKM,ITGAM,HTR1A,P2RX7,FTH1,AGT,HLA-DRB1,DNM1L,TLR2,EDNRB,OCLN,CRH,TSC1,ACADM,REG3A,IFIH1,IL22,CRHR1,CD68,LDHA,SELPLG,SLC6A4,REN,TLR9,CD38,POMC,CCL21,SELPLG,P2RX7,GP1BA,CYCS,VCAM1,FTH1,HSD11B2,UCP2,FKBP5,FFAR3,PKM,CAMK2B
BECN1,ANGPT2,DUSP1,LDHB,IL23R,DUOX1,CD8B,FABP4,MFN2,MAPK8,PCSK1,COMT,PRDX2,C4A,CYP11B1,VCAM1,NOS2,STAT5A,SST,PDK1,TLR9,PECAM1,LCN2,NFE2L2,ACE2,ATP5F1B,NFKB1,BATF,IL22,ATF3,BDNF,FKBP5,SLC6A4,JUN,GSTM1,HSD11B2,NDUFA2,ARNTL,EDN1,CAMK2A,NOD2,GPX4,POMC,DGAT1,RORA,PFKM,CLOCK,IL6R,IL1RAP,EDN1,GATA3,MAPK14,FLT1,NDUFS2,CD68,TH,PTPN22,NLRP3,SLC6A2,NFKBIA,ALDH1A1,LDHA,APOE,CRHR1,OCLN,FTL,IL8,HLA-A,SLC16A1,TLR9,ACE2,IL17A,CRHR1,TSC2,ACAT1,MUC2,OGT,RORC,POMC,CD74,HK2,PECAM1,PRKAA1,ACE,FUT2,HLA-DPA1,AVP,NR3C1,FOS,P2RX4,SLC6A3,GPX4,ANGPT1,FTL,POMC,UCP3,HSD11B1,PRKAA1,LDHA,CALM1
MAP1LC3B,VWF,MAPK8,SLC2A1,SLC6A4,DUOX2,KLRD1,FASN,OPA1,MAPK14,CYP11B1,VEGFA,PRDX3,C4B,CYP17A1,NR3C1,NOS1,JAK3,GHRL,PDHA1,TLR5,SELE,FUT2,KEAP1,CYP1B1,ATP5MC1,NR3C2,IRF5,REG3A,BCL2,NTRK2,HSD11B1,HTR1A,FOS,GCLC,POMC,NDUFA5,PER2,ADM,CAMK2B,CLEC7A,CAT,AVP,UCP2,RORC,PFKL,ARNTL,IL1R1,TLR4,KDR,EOMES,JAK2,PECAM1,NDUFS3,ITGAM,DBH,JAK1,PYCARD,NET1,IRF7,IDO1,PDK1,TREM2,CRHR2,CLDN1,ALOX5,PLAT,HLA-B,FASN,NOD2,SLC6A2,IL22,HSD11B1,UCP2,ACOX1,OCLN,MYC,MAP1LC3B,FKBP5,HLA-DRA,PFKM,APLNR,SIRT1,ACE2,LCN2,HLA-DPB1,FKBP5,HSD11B1,JUN,CX3CR1,SLC6A4,GSTP1,ANGPT2,VEGFB,AVP,SLC25A24,HSD11B2,PRKAA2,LDHB,CACNA1C
SQSTM1,PECAM1,JUN,SLC2A3,CCK,XDH,KLRK1,ACACA,DNM1L,JUN,CYP17A1,FLT1,PRDX5,C1QA,MRAP,CRH,PTGS2,SOCS1,DDIT4,GAPDH,TLR7,SELP,AHR,BACH1,ACKR3,SDHA,TSC22D3,IRF8,DEFA5,BAX,MAOA,HSD11B2,HTR2A,DUSP1,GCLM,AVP,NDUFA9,CLOCK,ADRA1A,CAMK2D,FUT2,PRDX1,AVPR1A,UCP3,GPR35,PFKP,STAT5B,TNFRSF1A,CASP1,VEGFA,TBX21,SOCS3,ANGPTL4,NDUFS7,TYROBP,NPY,JAK2,GSDMD,NR3C1,IFIT1,FOXP3,PDHX,IL18,AVPR1A,MUC2,ALOX15B,F2R,ICAM3,ACACA,IL17A,SLC6A3,IL23A,AVP,UCP3,HADH,CLDN1,ZFP36,SQSTM1,HSD11B1,HLA-DRB1,PKM,TEK,MTOR,NPR3,REG3A,NDUFA2,HSD11B1,FKBP5,DUSP1,AIF1,GAD1,NFKBIA,ADRB2,ANGPT1,OXTR,SLC25A12,AVP,MTOR,PDHA1,ATP2B1
ATG5,ICAM1,FOS,HIF1A,CCKBR,NOS2,MT-ND1,G6PD,TOMM20,FOS,STAR,KDR,GPX3,C1QB,POU1F1,CRHR1,ALOX5,BACH2,MTOR,SLC2A1,NOD2,LYZ,NOS2,HIF1A,SLC2A1,SDHC,SERPINA6,CXCL13,LCN2,CASP3,SLC6A4,NR3C2,HTR3A,STAR,TXNRD1,OXT,NDUFA10,CRY1,ACE,CACNA1C,MAOA,PRDX2,HSD11B1,KEAP1,PPARG,ALDOA,SOCS3,TNFRSF1B,NOS2,FLT1,BACH2,NR3C1,NOS2,NDUFA9,SERPINA3,REN,SOCS1,IL1A,FKBP5,ISG15,RORC,SLC2A1,ADRB2,AVPR1B,REG3A,NOS3,TEK,CD40LG,SIRT1,IL22,P2RX4,IL6,POMC,PDK4,SDHA,CLDN2,SOCS3,ATG5,HSD11B2,AQP4,HSPD1,NOTCH4,RPTOR,PTGIR,IL22,NDUFAF2,PRKACA,CRH,EGR1,NOS3,COMT,MAPK8,ADRB1,ANGPT2,SLC6A4,PPARGC1A,OXT,AKT1,PDHB,SLC8A1
ATG7,VCAM1,NR4A1,EGLN1,OCLN,PFKM,MT-ND2,SLC2A4,SLC25A3,DDIT4,CRHBP,VWF,GPX4,C1QC,HSD3B2,POMC,GSTP1,DUSP1,TLR4,SLC2A4,IL22,MMP9,ARG1,EPAS1,CACNA1C,UQCRC1,TSHB,CXCL5,SLC15A2,CASP8,COMT,CNR1,COMT,MC2R,TXN,TLR2,SDHC,BHLHE40,ACE2,RYR2,TPH1,PRDX3,NR3C2,BACH1,MUC2,ALDOB,FOXP1,IL10RB,PLA2G4A,TEK,FOXO1,CRH,DUOX2,NDUFV2,C3,ACE2,SOCS3,BIRC3,CRH,OAS1,SLC6A4,GPI,ADRA2A,AVPR2,FUT2,NOS2,PDGFB,CD86,SIRT3,REG3A,P2RX7,SOCS1,MC2R,SLC2A4,BECN1,TJP1,IL1RN,ATG7,AVP,GFAP,HSPA9,FLT1,ULK1,GUCY1A1,IL17A,ATP5F1B,PDE4B,CRHR1,ATF3,EDN1,GFAP,MAPK14,CAV1,FLT1,TLR2,TFAM,SGK1,AKT3,PC,PPP3CA
ULK1,SELE,TLR5,GPX4,CLDN1,PFKL,MT-ND3,TH,UQCRC2,TLR4,NOS3,ICAM1,SOD1,CFH,TLR4,AVP,GSTM1,DUSP5,TLR2,PRKAA1,REG3A,ITGA4,SLC22A5,VEGFB,HIF1A,NFE2L2,SLC22A5,CXCL6,HK2,CASP9,OXTR,CNR2,DAO,NR1I2,FTH1,TLR4,SDHD,VEGFA,AGT,ATP1A1,AHR,PRDX5,PDE4B,GPX1,MUC1,GAPDH,FOXO3,SOCS1,PTGS2,PTGIS,NDUFAB1,CRHR1,NQO1,UQCRB,C4A,CRH,NFKBIA,COL1A1,CRHR1,MFN1,HK2,ENO1,NOS3,NR3C1,TFF3,EDN1,NR3C1,TICAM1,SIRT6,LBP,CACNA1C,PFKFB3,SGK1,HK2,MAP1LC3B,S100A8,IL18BP,BECN1,MC2R,S100B,ATF4,PDGFB,BECN1,KDR,MUC2,ATP5MC1,MC2R,CRHR2,PLCG1,ACE,IL1RN,TBK1,CAV2,SELE,LBP,NRF1,DDIT4,SIRT1,CS,SCN9A
GABARAPL1,SELP,TLR9,GCLM,CLDN4,HK1,MT-ND4,DDC,CYCS,TLR2,NOS2,SELE,GSR,CFI,TLR2,FKBP5,GSTT1,ATF3,TLR5,ACADVL,REG1B,CCR5,ABCB1,VEGFC,OCLN,KEAP1,CRHBP,CXCL1,PFKFB3,TP53,ANGPT2,TLR5,TAC1,OXT,FTL,TLR5,COQ10A,FLT1,REN,ATP1A2,IL17A,TXN,NOD2,ALOX5,SLC15A1,ENO1,IL23A,SOCS3,STAT6,AVPR1A,ATP5PF,POMC,GSR,COX6C,C1QB,CRHR1,IKBKB,FN1,CRHR2,MFN2,PKM,GDF15,EDN1,CRH,TPH1,VEGFA,NR3C2,IRF1,TXN,OXTR,KCNH2,HK2,DUSP1,PFKFB3,SQSTM1,S100A9,IDO1,ULK1,SGK1,APP,DDIT3,NOS2,MAP1LC3B,FLT1,TJP1,COX5B,STAR,AVP,PIK3CD,AGT,IL6R,TRAF6,EDN1,SELP,REG3A,PRKAA1,SLC25A3,SIRT3,IDH3A,TRPV1
DDIT3,PLAT,NOD2,GCLC,TJP1,HK2,MT-ND5,SLC6A2,SDHA,TLR5,EDN1,SELPLG,TXNRD1,CFB,NOD2,HSD11B1,ALDH2,EGR1,TLR9,CPT1A,SLC6A4,CXCR4,ABCG2,FLT1,CLDN5,HIF1A,DDIT4,CXCL2,PKM,HSPA1A,TIE1,NOD2,GAL,TLR4,SLC40A1,MYD88,COQ10B,KDR,AVP,SLC6A2,IL22,TXNRD1,LBP,PTGS2,FABP2,ENO2,CXCL11,NFATC1,SOCS3,NPY,SDHB,FKBP5,SOD3,COX7A2,C1QC,CRHR2,CLOCK,ITGA4,POMC,OPA1,LDHA,CXCL11,ANGPT2,POMC,SLC6A4,FLT1,CRH,IRF3,TXNRD1,HSPA1A,SCN5A,LDHA,FOS,PFKM,ULK1,AHR,APOE,PINK1,NOD2,MAPT,BDNF,PPARG,SQSTM1,SELE,OCLN,COX7A2,CYP11A1,POMC,AKT1,ADRB1,PRKAA1,IRAK4,HIF1A,VWF,IL17A,SIRT1,SLC25A1,SIRT6,IDH3B,TRPA1
ATF4,NOS2,CLEC7A,SELENOP,MUC2,GPI,MT-ND6,COMT,NDUFA9,TLR9,EDNRB,PECAM1,HSPA1A,CD55,IL17A,HSD11B2,CYP1A1,FOS,NOD2,CPT2,CHRNA7,BCL2L11,GLUL,KLB,MYLK,VEGFB,TLR2,CCL19,LDHA,HSP90AA1,FGF2,LBP,VIP,TLR2,TFRC,NOD2,SLC25A3,ANGPT1,OXTR,SLC6A4,CCR6,NFE2L2,REG3A,PLA2G4A,REG3A,ENO3,ALOX5,FOXP3,HSPA1A,CAV1,SDHD,HSD11B1,AIF1,ATP5MC1,PLP1,POMC,ARNTL,ITGB1,AVP,MFF,PDK1,IL18,VEGFA,FKBP5,HTR3A,KDR,CRHR1,IRF9,PRDX1,HSPA5,HIF1A,SLC2A1,JUN,LDHA,ATG5,CHRNA7,HK1,PRKN,TLR5,CLU,NGF,NRP1,ATG5,ICAM1,CLDN1,SLC25A3,CYP11B1,MC2R,MTOR,ADRB2,PRKAB2,IL6R,SLC2A1,ICL,IL17F,FOXO3,SLC25A4,FOXO1,ACO2,P2RX7
HSPA5,HSP90AA1,LBP,SOD1,LCN2,PFKFB3,MT-CO1,MAOA,UQCRFS1,NOD2,KDR,TEK,HSF1,CD46,IL17F,NR3C2,CYP1B1,JUN,NLRP3,SLC25A20,MAOA,BCL2,IFNAR1,FGF21,TEK,ANGPT1,MYD88,CCL21,LDHB,EIF4G1,PDGFB,REG3A,GCG,NOD2,CYBB,FUT2,TIMM17A,TEK,VEGFA,ACE,IDO1,KEAP1,SLC6A4,LEP,IL22,PKM,ALOX15,TBX21,HSPB1,SLC6A2,COX7A2,HSD11B2,GFAP,ATP5MC2,MBP,NR3C2,PER2,MMP2,MC2R,SLC25A37,PDK4,TRAF6,PECAM1,HSD11B1,HTR2A,PECAM1,CRHBP,TLR7,G6PD,DICER1,VEGFA,PDK1,CREB1,LDHB,ATG7,GPR35,HK2,BNIP3,CARD9,NOS3,NTRK2,CRH,ATG7,VCAM1,FFAR3,MFN1,CYP17A1,HSD11B2,NFATC1,ADRA1B,SIRT1,TNFRSF1A,HK1,IDH3A,IL22,PPARA,ATP5MC1,FOXO3,SDHA,CCL19
PRKAA1,MAPK8,REG3A,PRDX6,REG3A,GAPDH,MT-CO2,MAOB,COX6B1,NLRP3,FLT1,ANGPT1,PRDX6,CR1,IL22,MC2R,COX7A2L,MYC,REG3A,IL10,TPH1,BAX,IFNAR2,SERPINE1,CRH,KLF2,NOD2,CCR2,PDHA1,EIF4A1,THBD,REG3G,FUT2,NLRP3,CYBA,REG3A,TIMM17B,NOS2,KDR,ACE2,FFAR3,HMOX1,OCLN,ADIPOQ,TFF3,LDHA,PTGS2,GATA3,ADRB1,SLC6A3,COX8A,CYP17A1,FUT2,IDH3A,OLIG2,FKBP5,CRY1,MMP9,HSD11B1,ABCB10,ACADM,MAPK14,ICAM1,HSD11B2,TRPM3,VWF,POMC,TLR9,ACAT1,SOD1,ARNT,PRKAA2,TLR4,PDHA1,ATG12,FFAR2,PFKM,BNIP3L,IL17A,NOS2,SIGLEC10,NR3C1,DDIT3,PLAU,FFAR2,CPT2,OCLN,SGK1,NFATC2,NPPA,SIRT3,TNFRSF1B,HK2,ACO2,RORC,PPARD,ATP5MC2,HIF1A,FH,CCR7
PRKAB2,MAPK14,ALPI,ABCG2,PYY,ENO1,MT-CO3,ADRB1,NDUFB8,FUT2,SELE,PLAT,PDK4,MTOR,IL23A,STAT5B,SLC25A20,DNAJC9,DEFA5,IL18,TPH2,CASP3,OAS1,SERPINA1,CRHR1,NOS2,CARD9,CXCR4,PDK4,EEF1A1,PROCR,LCN2,TLR5,IL22,BAX,REG3G,TIMM23,ICAM1,FLT1,AGTR1,SLC6A4,GCLC,CLDN1,MMP9,DEFA5,LDHB,LRG1,RORC,ADRB2,CRH,ATP5MG,MC2R,CRHBP,SDHA,NRG1,AVP,SLC6A4,CXCL8,HSD11B2,ACO2,CPT1A,HSPA1A,VCAM1,CYP11B1,ARRB1,ICAM1,FKBP5,AHR,DUOX1,PRDX1,TEK,SIRT1,TLR2,PDHB,GABARAPL1,IL23R,PFKFB3,TFEB,IL22,EDN1,FCGR2A,FKBP5,XBP1,POMC,AHR,GPX4,CLDN1,PER1,BCL2,NPPB,PPARA,IL18,PFKFB3,SDHD,CASP8,PPARG,ATP5ME,PFKFB3,MDH2,CXCR3
SIRT1,TLR4,MUC2,ABCC1,GLP1R,PKM,MT-ATP6,CHRM2,ATP5MC3,MUC1,ICAM1,THBD,LDHB,PPARG,RELA,JAK2,CPT2,OTUD7B,MUC2,IL12B,OPRL1,CASP8,OAS2,SERPINA3,AVP,PTGS2,IL22,CXCR5,CPT1A,MTOR,SERPINE1,PLA2G2A,REG3A,REG3A,BCL2,MUC2,TIMM44,VCAM1,PECAM1,REN,OCLN,GCLM,MUC2,MMP2,LCT,PDHA1,COMT,IL7R,CHRM2,CRHBP,ATP5PO,AVP,NR3C2,CS,GRIA1,AVPR1B,HTR3A,SLC2A1,TLR2,SIRT3,CPT2,HSPD1,SELE,CYP11B2,EIF2AK4,VCAM1,HSD11B1,MUC2,PARP1,DUOX2,FLT1,SIRT3,CD14,ALDOA,CLEC7A,RORC,GAPDH,MTOR,REG3G,EDNRA,ITGAX,HSD11B1,HSPA5,FKBP5,CYP1A1,PRDX5,TJP1,CLOCK,BAX,ENG,PPARD,IL18RAP,PDK1,UCP2,DEFA5,SOD2,ATP5PF,PFKM,CPT1A,CXCR4
SIRT3,TLR2,MUC13,ABCB1,PRKAA1,LDHA,MT-ATP8,CHRM3,ATP5ME,MUC2,VCAM1,SERPINE1,PRKAA1,FOXO1,RELB,SGK1,ACADVL,IKBKB,IL22,IL23A,GPR35,CASP9,MX1,SOCS1,POMC,IL18,IL23A,ICAM3,CPT2,PRKAA1,NR3C2,AHR,DEFA5,OCLN,BCL2L1,MUC13,SLC2A1,BCL2,VWF,CRH,CLDN2,GSTM1,DEFA5,ICAM1,SLC5A1,PDHB,SLC2A1,IL17RA,CHRM3,POMC,SOD3,OXTR,IL2,MDH2,GRIN2A,MC2R,SLC1A2,HK2,TLR5,SIRT1,SLC2A1,UCP2,KDR,MC2R,EIF4G1,SELE,HSD11B2,REG3A,ATM,GPX3,NR3C1,ACACB,LBP,ENO1,CLEC4A,CCL20,PKM,PRKAA1,MUC2,VEGFA,NCF2,POMC,HSP90B1,MC2R,SLC10A2,CYBB,REG3A,STAR,CASP3,VEGFA,PPARG,CXCL12,CRH,UCP3,DEFA6,GPX1,ATP5PO,LDHA,CPT2,IL7R
HIF1A,TLR5,IL22,SLC16A1,PRKAA2,PDHA1,ATP5F1A,CHRNA7,COX7A2,CLDN2,VWF,NR3C1,PRKAA2,HIF1A,NFKB1,MITF,ACADM,IKBKE,IL17F,IL27,GCG,PPP3CA,ISG15,SOCS3,NR3C1,CXCL9,TGFB1,ITGAL,ACADM,PRKAB1,HSPA8,IL17A,MUC2,CLDN1,MCL1,CLDN2,HK1,BAX,SELE,CRHR1,MUC2,GSTM2,TLR5,VCAM1,PRKAA1,PDP1,SLC2A3,TRAF6,NOS3,NR3C1,PRDX5,SLC6A4,IL4,PPARGC1A,CACNA1C,STAR,GLUL,PFKFB3,TLR9,PRKAA1,SLC2A3,SLC25A36,FLT1,STAR,CDKN1A,SELP,SLC6A4,PER2,NFE2L1,IL18,CRH,CPT2,MYD88,GPI,CD14,SLC6A4,LDHA,STK11,PPARG,VEGFB,NOX4,AVP,EIF2AK3,AVP,SLC6A4,GCLM,FUT2,CYP11B1,CASP8,FLT1,CLOCK,CXCR4,CRHR1,VDAC1,MUC2,GPX4,TIMM23,LDHB,ACADM,ICOS
NRF1,NOD2,IL17F,C3,SIRT1,PDHB,ATP5MC2,SLC18A2,GZMA,TJP1,ANGPT1,CRH,CPT2,PIK3CA,TNFSF13B,ARNTL,ACO2,MAP3K14,IL17RA,IL1RN,INS,NFATC1,BST2,JAK1,NR3C2,CXCL11,FUT2,ITGAX,ACADVL,PIGR,DUSP1,IL22,MUC13,CD14,NLRP3,CLDN15,HK2,CASP3,ICAM1,CRHR2,LBP,GSTM3,PDK4,SELE,PRKAA2,PDP2,SLC2A4,C3,VEGFA,NR3C2,GPX4,COMT,IL2RA,IL2,CACNA1H,HSD11B1,GFAP,LDHA,NOD2,BDNF,SLC2A4,NLRP3,NRP1,ARNTL,SERPINA1,TEK,AVP,ARNTL,CHRNA7,IL1RN,CRHR1,PPARA,NOD2,PKM,LY96,SQSTM1,LDHB,FOXO3,SLC22A5,KDR,IL18,CRHR1,DNMT1,CYP11B1,SIRT1,SOD1,MUC2,PGR,CASP1,KDR,ARNTL,CCR5,CRHR2,VDAC3,MUC13,CAT,TOMM20,PKM,NKG7,IRF7
PPARGC1A,MYD88,ITGAX,SLC6A2,SIRT3,DLAT,ATP5PF,OPRM1,LILRB2,IL17A,ANGPTL4,CRHR1,SLC25A20,AKT1,REG3A,NOD2,FH,IRF3,IDO1,TNFSF13B,PPY,NFATC2,SIGLEC1,JAK2,FKBP5,ISG15,OCLN,LYN,ACSS2,DUOX1,JUNB,IL23A,PRKAA1,LBP,CASP1,IL17A,PFKP,CASP8,VCAM1,POMC,CASP1,GSTM4,PDHB,SELPLG,PRKAB1,PDK1,BDNF,C4A,EDN1,FKBP5,TXNIP,BDNF,IL2RB,IL7,KCNJ2,HSD11B2,S100B,PKM,NLRP3,NTRK2,PPARA,P2RX7,S1PR1,CLOCK,GDF15,ANGPT1,OXT,CLOCK,CHRM3,TNFSF14,CRHR2,PPARD,IL22,GAPDH,ASIC3,BECN1,PDK4,ICAM1,DEFA5,FLT1,IL18R1,CRHR2,DNMT3A,HSD11B1,ULK1,DICER1,TLR5,AR,PPARA,SELE,PER2,CCR7,NR3C1,SLC25A5,CLDN1,HMOX1,COX5B,ALDOA,GZMA,IRF9
AKT1,TRAF6,CXCL8,NOS1,SIRT6,DLST,NDUFS2,GABRB2,SIGLEC10,IL22,TEK,CRHR2,SDHC,AKT2,CXCL14,LBP,IDH2,IRF1,AHR,TNFSF13,LEP,SOCS1,TRIM25,IL10,HSD11B1,IFIT1,CLDN1,SYK,SLC2A1,SLC15A4,FOS,IL10,PRKAA2,PPARG,PYCARD,IL22,ALDOA,CASP9,GUCY1A3,NR3C1,PYY,GSTA1,HK2,CD44,PRKAB2,PDK2,NGF,C4B,ACE2,HSD11B1,HMOX1,NTRK2,IL7,IL15,SCN2A,CYP17A1,AQP4,PDK1,IL22,SLC6A4,PPARD,CALM1,TEK,PER1,ATP8A2,ANGPT2,ARRB2,CSNK1E,GNB3,TNFRSF9,POMC,PPARG,REG3A,COMT,TRPV1,ATG5,TOMM40,VCAM1,SLC2A4,ANGPT1,CARD9,NR3C2,DNMT3B,CRHR1,ATG5,DROSHA,TLR9,NR3C2,PPARD,ICAM1,CRY1,RGS2,NR3C2,DNAJA1,OCLN,NFE2L2,COX6A1,GAPDH,GZMH,RELA
AKT2,IL17A,CXCL1,ANGPT1,PPARA,IDH3A,NDUFS3,GRIN1,BST2,IL23A,EPO,POMC,SDHD,TSC1,MUC2,OCLN,OGDH,OAS2,SLC6A4,TNFRSF1A,IL18,SOCS3,DDX58,TGFB1,HSD11B2,IFIT3,CLDN2,ZAP70,SLC2A4,IL1RN,EGR1,TGFB1,PRKAB1,AHR,IL1RN,IL23R,GAPDH,TP53,GUCY1B3,NR3C2,GLP1R,GSTA2,PFKFB3,COL1A1,MTOR,PDK3,ADCYAP1,CFH,KCNQ1,HSD11B2,GGT1,TLR4,CX3CL1,IL21,THBD,HSD3B2,OCLN,SLC16A1,IL17A,MAOA,SIRT1,PDE4B,PLVAP,PER2,SLC25A20,ADM,MAOA,SIRT3,ARNTL,HAVCR2,AVP,FASN,DEFA5,MAOA,SCN9A,ATG7,NDUFA9,SELE,CPT2,ANGPT2,MAVS,NR4A1,EZH2,CRHR2,SQSTM1,AGO2,NLRP6,IDO1,PPARG,VCAM1,NR1D1,RGS5,POMC,HSPA1A,CDH1,KEAP1,COX7B,PGK1,GNLY,NFKB1
AKT3,IL22,CCL20,TEK,PPARG,IDH3B,NDUFV1,NRG1,IFIT3,REG3A,HIF1A,FKBP5,UQCRB,TSC2,MUC1,CLDN1,DLAT,IFIT1,TAC1,TNFRSF1B,IL12B,IL6ST,IFIH1,IL12B,MC2R,OAS3,MUC2,CD3D,SDHC,IL33,ATF3,MUC2,PRKAG1,LGR5,IL18,IL10,ENO1,MCL1,NOS1,FKBP5,PRKAA1,TLR2,PFKM,COL3A1,RPTOR,PDK4,ADCYAP1R1,CFHR3,CACNA1C,AVP,CYCS,TLR2,CCL3,IL12A,ANGPT1,CYP21A2,CLDN5,MFN1,IL17F,HTR2A,PRKAA1,ADCY9,VWF,CRY1,CPT1A,REN,SLC6A2,PRDX3,CLOCK,KLRB1,FKBP5,ACADM,CXCL13,MAOB,CACNA1A,MAP1LC3B,NDUFB5,SELP,ACACA,TEK,IFIH1,LBP,KDM6B,STAR,MAP1LC3B,XBP1,DAO,TDO2,SLC25A11,CRH,NPY,CAMK2A,FKBP5,HSP90AA1,FUT2,PRDX3,UQCRC2,G6PD,KLRD1,STAT2
MTOR,IL23A,IDO1,PRKN,PPARD,CS,NDUFV2,F2,IFIT1,LCN2,EPAS1,AVP,UQCRH,LDHA,AHR,TJP1,DLST,IFIT2,VIP,IL1R1,CXCL11,IL6R,MYD88,IDO1,MRAP,DDX58,REG3A,CD4,MTOR,EP300,PDK1,DEFA5,MTOR,IL17F,IL18R1,IL6R,PKM,XIAP,PPP3CA,HSD11B1,PRKAB1,TLR3,LDHA,FN1,SIRT1,IDH1,IDO1,SERPINA1,RYR2,MC2R,BCL2L1,TLR5,CCL4,IL12B,EDNRA,DDIT4,COL4A1,MFN2,RORA,GABRB2,PRKAB1,BCL2,APLN,CRY2,CPT2,ACE,ADCYAP1,SLC1A2,PER3,KLRC2,HSD11B1,ETFDH,ALPI,BDNF,CACNA1E,LAMP2,COX7A2,PECAM1,FASN,VCAM1,DDX58,TLR4,EP300,NR3C2,BECN1,MTOR,SI,AHR,SLC25A3,CRHR1,IDO1,CAMK2B,AVP,HSP90AB1,DUOX2,PRDX5,NDUFA2,ATG5,NCR1,JAK1
EIF2AK4,BATF,OCLN,PINK1,AMPD1,ACO2,NDUFV3,F5,IFITM3,DEFA5,ARG1,OXTR,CYC1,LDHB,ALDH1A1,MUC2,CS,GBP1,GCG,IL1RL1,IFITM3,IL6,IRAK1,TDO2,CYP17A1,TLR7,DEFA5,CD8A,RPTOR,CREBBP,HK2,PRKAA1,RPTOR,RORC,PLA2G4A,LBP,LDHA,GPR183,NR3C2,HSD11B2,MTOR,TLR4,PKM,VWF,SIRT3,IDH2,CD3D,SERPINE1,SCN5A,PCSK1,BAX,NOD2,HLA-DRA,CCR5,EDNRB,SGK1,VCAM1,OPA1,CCR6,GAD1,CLOCK,BAX,PDGFB,AVP,ACADVL,ACE2,PCSK1,GFAP,HCRT,KLRC3,HSD11B2,GOT2,MMP9,ADORA2A,GRIN1,ULK1,COX7B,CDH5,PPARA,ICAM1,SOCS3,TLR2,CREBBP,SGK1,BNIP3,PRKAA1,ALPI,IL22,SDHB,CRHR2,TDO2,PPP3CA,OXTR,HSPD1,DUOXA2,PRDX1,MTFMT,ATG7,NCR3,JAK2
EIF2S1,BCL6,CLDN1,MFN1,ADK,SDHC,SDHC,FGA,RSAD2,PGLYRP2,ARG2,HSD11B1,ATP5PO,GAPDH,RORC,DEFA5,MDH2,GBP2,CHRNA7,IL6R,IFIT1,GSTP1,TRAF6,KMO,CYP11A1,TLR9,SLC15A1,CD8B,MLST8,BATF,LDHA,PRKAA2,AKT1,TNFRSF13B,ALOX5,SLC15A1,LDHB,S1PR1,CRH,MC2R,ULK1,NLRP3,CS,PECAM1,PGAM5,CS,CD4,FGA,AGT,PCSK2,APOE,NLRC3,HLA-DRB1,CCR6,SERPINE1,JUN,ICAM1,DNM1L,FOXP3,NPY,ARNTL,HIF1A,MMP9,DUSP1,HADHA,AGTR1,PCSK2,APOE,ADCYAP1,KLRC4,NR3C2,MDH2,MMP2,XBP1,GRIA2,FUNDC1,SOD3,TEK,PDK1,SELE,IL17F,NOD2,TET2,DUSP1,PIK3C3,PRKAB1,SLC6A4,MUC2,SUCLG1,NR3C1,KYNU,PPP3R1,HSD11B1,HSPE1,TNFSF13B,PRDX2,ACO2,BECN1,IL2RB,SOCS3
EIF4E,EOMES,FUT2,CAMKK2,ADSL,SDHD,SDHD,SERPINE1,OAS3,SLC6A4,GPR15,HSD11B2,ATP5PF,ENO1,MMP9,REG3A,MAP1LC3B,GBP5,SLC22A5,IL6ST,IRF9,SOD1,MAPK3,AHR,CYP11B1,MYD88,SLC15A2,SELL,ULK1,CXCL11,PFKFB3,MTOR,AKT2,MUC2,PTGS2,PRKAA1,PRDX6,CCR2,CRHR1,AVP,ATG5,P2RX7,IDH3A,KDR,UCP2,MDH1,CD8A,FGB,AGTR1,SGK1,APP,LBP,HLA-DPB1,CXCR4,PDGFB,FOS,SERPINE1,CPT2,REG3A,TAC1,PER1,EGLN1,NR3C1,SGK1,ETFDH,NR3C1,NR4A1,CLU,OXT,IL2RG,FFAR2,PGD,PRKAA1,ATF4,SLC17A7,STAT2,GPX4,THBD,AKT1,VWF,FFAR3,REG3A,HDAC2,MAPK8,GSK3B,IL17F,CHRNA7,SLC6A4,DLAT,NR3C2,GCLC,CREB1,REG3A,HSPB1,MMP9,PRDX6,IDH3A,MAP1LC3B,IL15RA,ETS1
EIF4EBP1,PRDM1,DEFA5,MAPK14,GYS1,FH,UQCRC1,SERPINA1,OASL,MAOA,ADRB2,NR3C2,ATP5MG,PKM,OCLN,PPARG,ATG7,GCLC,FUT2,KLRK1,STAT2,GSTM1,SOCS1,CYBB,STAR,TRAF6,ALOX5,SELPLG,ATG5,CCL5,GAPDH,SIRT1,FOXO1,FUT2,SPHK1,PRKAA2,GPX2,CCR5,CRHR2,OXTR,ATG7,AIF1,SDHA,FLT1,UCP3,MDH2,SPHK1,FGG,NPY,INSR,SNCA,LY96,FCGR3A,CCL3,SELPLG,EGR1,FGA,UCP2,MUC2,CGA,PER2,VEGFB,FKBP5,TSC22D3,UCP2,NR3C2,NR4A2,BDNF,AVP,STAT5A,FFAR3,ALDH2,PRKAA2,DDIT3,SLC1A2,JAK1,PRDX2,PROCR,MTOR,PECAM1,FFAR2,CLDN2,MECP2,MAPK14,EIF2AK3,IL12B,PRKAA1,HTR1A,CYCS,POMC,GCLM,FOS,DEFA5,PPARGC1A,ADIPOR2,TXN,MDH1,SQSTM1,CXCR3,GATA3
SLC2A4,KLRB1,SLC15A1,MAPK8,PFKFB3,MDH2,CYCS,PLG,GBP1,DRD2,ADRA1B,TLR5,NDUFS3,ALDOA,STAT3,SLC6A4,STAT5A,GCLM,LYZ,KLRC1,SOCS1,MAPK1,CXCR4,CYBA,SGK1,NFKB1,ALOX15,HLA-DRA,ATG7,CCL19,ALDOB,PPARGC1B,SIRT1,CCL20,S1PR1,PRKAB1,GPX6,CXCR4,FKBP5,SLC12A5,BECN1,TSPO,ULK1,VEGFA,PKM,ACADM,TLR9,MAP1LC3B,CRH,IGF1R,GFRA1,OCLN,CD19,CCL4,TEK,TLR4,FGB,UCP3,CEACAM6,ICAM1,CRY1,IL12RB1,CRH,TLR4,UCP3,CRH,DDIT4,NTRK2,KCNH2,IFNAR2,MYD88,ATF3,PRKAB1,CHAC1,FOS,JAK2,HSPA1A,EDNRB,SIRT1,ADM,CLDN4,IL17A,ISG15,JUN,DDIT3,IL23A,PRKAB1,HTR2A,COX5A,AVP,SLC7A11,JUN,LBP,PPARA,PPARA,TXNRD1,OGDH,PINK1,CXCR4,SIRT3
SLC2A1,KLRD1,PGLYRP1,MAPK9,PFKM,SLC2A1,COX5A,PLAT,TAP1,GABBR1,ADRA2A,TLR9,NDUFS4,PDK1,STAT5B,HTR3A,STAT5B,NQO1,CLDN2,KLRC2,SOCS3,MAPK3,CCR2,NOX4,HSPA1A,RELA,PTGER2,PRDM1,SQSTM1,CCL20,TPI1,CLOCK,SIRT2,SLC15A1,HSD11B1,SIRT1,GSTM1,CCR6,HSD11B1,SLC12A2,MAP1LC3B,C1QA,BECN1,ANGPT1,LDHA,ACADS,IL10,BECN1,CRHR1,IGF1,CXCL1,CLDN1,MS4A1,CCL5,HSD11B1,TLR2,FGG,APOE,TFF3,VCAM1,CRY2,IL12RB2,CRHR1,TLR2,HSPA1A,CRHR1,SGK1,CCR7,KCNH3,IL7R,NOD2,DDIT3,PRKAB2,BECN1,JUN,SOCS1,HSP90AA1,MUC2,IRS1,ADRB2,CCL5,IL22,MX1,FOS,HSPA5,IL23R,PRKAG1,CHRNA7,COX6A1,FKBP5,KDR,FOSB,CD14,PPARD,PPARGC1A,GCLM,PDHA1,PRKN,CCR5,GPX3
SLC16A1,HMGB1,CEACAM1,DUSP1,HK2,SLC16A1,COX5B,THBS1,TAP2,SLC22A5,SLC8A1,NOD2,NDUFV1,PDK2,LCK,FFAR2,SOCS1,TXN,CLDN5,KLRC3,LGALS3,MAPK14,CCR6,DUOX1,DDIT4,JAK1,GPR35,BCL6,PRKAA1,CXCR3,ENO1,ARNTL,SIRT3,HK1,NR3C1,SIRT3,GSTP1,CXCR5,HSD11B2,SLC6A3,SQSTM1,C1QB,MAP1LC3B,ANGPT2,LDHB,CPT1B,SLC11A2,SQSTM1,POMC,IGFBP3,CCL4,CLDN3,CD79A,MYC,HSD11B2,TLR9,F3,ABCA1,DEFA5,SELE,NR1D1,PTGS2,POMC,TLR5,HSPD1,POMC,MTNR1B,CCR5,KCNQ1,PTPRC,GPR35,HSPA1A,AKT1,MAP1LC3B,EGR1,SOCS3,CSF1R,CLDN2,TRANK1,SLC6A2,CXCL8,AHR,OAS1,EGR1,ATF4,MAOA,SIRT1,SLC7A5,GPX4,FFAR3,FLT1,JUNB,C3,FOXO3,SIRT1,GCLC,PDHB,BNIP3L,CXCR6,PRDX1
SLC25A1,PINK1,CDH1,JUN,HK1,SLC16A3,COX6A1,COL1A1,B2M,DAO,RYR2,IL22,NDUFV2,PGK2,ZAP70,FFAR3,JAK2,PRDX5,OCLN,KLRD1,NDUFAF5,MAP2K1,CXCR5,DUOX2,DBI,STAT2,CXCR3,XBP1,PRKAA2,CXCR4,PKM,PER1,MFN1,HK2,FKBP5,MTOR,SOD3,CCR10,POMC,BDNF,PINK1,C1QC,SQSTM1,TEK,PDK1,CPT2,GLUL,ATG5,NR3C1,TLR2,CCL5,REG3A,ZNF683,LEF1,AVP,NOD2,CAV1,LPL,FUT2,SELP,DBP,ALOX5,AVP,TLR9,DNAJA1,FKBP5,PER1,PTGS2,SCN5A,CCR5,IL17A,HSPA1B,AKT2,SQSTM1,HIF1A,FOXP1,TSPO,TJP1,IFI27,NPY,CXCL9,ITLN1,OAS2,BDNF,GRM5,MAOB,SIRT3,ALDH1A1,PRDX2,FFAR2,ITGAL,DUSP1,C4A,PRKAA1,PRKAA1,GSR,CPT2,FUNDC1,SH2D1A,TXN
SLC25A3,PARK2,PPARG,FOS,LDHA,SLC25A1,COX6C,COL3A1,HLA-A,OCLN,HRH1,REG3A,NDUFB3,SLC2A1,SYK,IL22,SH2B3,HLA-E,STAT1,KLRB1,NDUFB8,MAP2K4,FOXP3,PPP3CA,PDE4B,IRF9,CCR6,MZB1,PRKAB1,CCR5,G6PD,NR1D1,MFN2,PFKM,CRH,ULK1,CYBB,PTGER2,PCSK1,NPY,PARK2,C3,OPTN,NOS2,G6PD,ACADL,GLS,ATG7,NR3C2,TLR5,IL12B,LCN2,EOMES,GATA3,OXTR,NLRP3,RHOA,NPC1,SLC6A4,PECAM1,CSNK1E,PLA2G4A,MC2R,NOD2,ATF4,HSD11B1,PER2,PLA2G4A,SCN10A,CCR6,IL22,HSP90AA1,FOXO1,ATG5,SIRT1,IRF9,VEGFB,SLC15A1,HSP90AA1,NR3C1,CXCL11,DEFA5,IFITM3,SLC6A4,GRIN2B,SLC6A3,MFN1,CYP1A1,PRDX6,HCAR2,ITGAM,EIF2AK3,CFH,PRKAA2,PRKAA2,NQO1,ACADM,ULK1,EOMES,TXNRD1
RYR1,MAP1LC3B,IL12B,ATF3,LDHB,SLC25A4,TFAM,MMP9,HLA-B,,HRH2,FUT2,NDUFAF2,SLC2A4,IL2RA,IL17A,ITGAM,HLA-F,STAT3,KLRF1,ATP5H,GSK3B,GATA3,CREB1,CLDN1,SOCS1,CCR9,CD79A,PRKAB2,STAT5A,TALDO1,CXCL8,DNM1L,PFKP,CRHR1,ATG5,DUOX1,ATP2A2,PCSK2,TPH1,FOXO3,C4A,TBK1,PTPRC,HK2,UCP2,PPARGC1B,ULK1,HSD11B1,TLR9,IL21,IL17A,TBX21,ZFPM1,NR3C2,IL17A,ROCK1,SLC27A1,MAOA,COL4A1,SCN5A,CAV1,NR3C2,NLRP3,ATF6,HSD11B2,TLR4,FASN,KCNJ2,CCL4,RORC,DNAJA1,SIRT1,ATG7,SOD1,OAS2,FLT1,SLC5A1,HSPA1A,CRH,STAT3,MUC2,IFITM1,HTR2A,CACNA1A,IDO2,MFN2,CYP1B1,APOE,NOD2,ITGB2,ATF4,KLRD1,ADORA2A,MTOR,MDH2,EDNRB,MCU,TBX21,PPARGC1B
CACNA1S,SQSTM1,IL18,CREB1,PDK1,AMPD1,NRF1,TIMP1,HLA-C,,CACNA1C,LCN2,GCLC,HK2,IL7R,IDO1,ITGB2,HLA-G,IRF7,SIRT1,MFN1,MAOA,TBX21,ATF3,CLDN2,SOCS3,TLR5,CD79B,PRKAG1,STAT6,SLC2A1,IL2,OPA1,PKM,POMC,ATG7,DUOX2,RYR1,NOD2,TPH2,SIRT6,C4B,BAX,CD3E,PFKFB3,UCP3,CPT2,MTOR,HSD11B2,NOD2,NOS1,IL22,BCL2L11,ACOX1,TLR5,IL22,ACTB,GADD45A,SLC6A3,MMP2,KCNQ1,ITGB2,HSD11B1,MYD88,DDIT3,AVP,TLR2,SLC2A4,KCNMA1,CXCR3,MAOA,ATF4,SIRT3,CPT1B,GPX3,IFI44,KDR,ALPI,HSPA2,CRHR1,OAS1,SLC5A1,DDX58,TLR2,CLCN3,SLC6A19,OPA1,FUT2,CLU,TFF3,ITGA2,DDIT3,KLRC1,RORA,AKT1,ATP5MF,CLDN1,MICU1,BCL2,CPT2
ATP2A1,TXNIP,CXCL13,STAT2,PDK4,CKMT2,SLC25A4,TGFB1,LAMP3,,SCN5A,MUC2,GCLM,PFKFB3,CXCR4,TGFB1,CSF1R,PDCD1LG2,JAK1,SIRT3,MFN2,CFH,RORC,ATF4,CLDN3,PIK3CA,FOS,MS4A1,SIRT1,IRF1,SLC16A1,IL4,LETM1,LDHA,AVP,MAP1LC3B,TRAF6,RYR2,NLRP6,NOD2,SIRT2,GFAP,BCL2,CD4,ACLY,NOS1,HADHA,RPTOR,FKBP5,IL17A,EDNRB,IL23A,GZMA,HADHA,CD14,REG3A,VIM,CD38,CXCL9,MMP9,CACNA1C,ITGAL,HSD11B2,TICAM1,XBP1,MC2R,MYD88,HIF1A,KCNIP2,CXCR4,SLC6A4,EIF2AK3,PPARA,MRPL3,MPO,GBP1,ADRB1,REG3A,HSPA8,POMC,IFITM3,GCG,IFIH1,TLR5,APP,EPOR,DNM1L,GPR35,BACE1,CLDN2,TREM2,HSP90AA1,KLRC2,RORB,PIK3CA,HNRNPA1,OCLN,ITPR1,MCL1,ACAT1
CASQ1,SLC2A1,CD40LG,IRF9,CPT1B,CKM,SLC25A5,IGF1,XBP1,,KCNQ1,MUC13,TXNIP,PGAM1,CCR2,IL12B,CXCL12,CD274,JAK2,MAP1LC3B,DNM1L,C3,EOMES,E2F1,CLDN4,AKT1,JUN,TNFSF13B,PIK3CA,TICAM1,SLC25A20,IL12A,CRH,LDHB,BDNF,BNIP3,TAB2,CALM1,IL17A,NOD1,TFEB,S100B,CASP3,CD8A,CS,NOS3,HADHB,RPS6KB1,AVP,IL17F,ROBO4,PINK1,GZMH,PRDX3,CLDN15,MUC2,FN1,CD3D,CXCL11,VWF,CACNA1H,VCAM1,SGK1,TRAF6,NFKB1,NOD2,NOD2,PDK1,RYR2,GHRL,PRKAA1,XBP1,PPARG,MRPL12,CYBB,TNFAIP3,ADRB2,DUOX2,APOBEC3A,FKBP5,PDK4,NEUROD1,BST2,NOD2,CREBBP,EPO,PINK1,FFAR3,CXCR5,ESR1,CSF1R,HSPA1A,KLRK1,RORC,JAK1,EIF4G1,TJP1,ATP2A2,IKZF1,HADHB
CD274,SLC2A3,ICOSLG,MYD88,CPT1C,CKB,GCLM,ANGPT1,ATF4,,HCN4,DEFA5,IDH3A,TPI1,IFITM3,IL21,CXCR4,CD8A,PIK3CD,SQSTM1,OPA1,C4A,BCL2,MYC,TJP1,FOXO3,JUNB,TNFRSF13C,FOXO3,SDHC,ALDH2,IL21,CRHBP,GPI,ELAVL1,PINK1,MAP3K7,CAMK4,IL22,MYD88,CXCR3,P2RY12,CASP8,CD19,CLOCK,NOS2,SLC25A20,PIK3C3,OXT,IL22,TEK,PRKN,PPARA,CSK,MUC13,CLDN2,ITGB1,CD3E,GBP1,SERPINE1,KCNN4,GLUL,DUSP1,IRAK4,RELA,LBP,ALDH1A1,UCP2,CACNA1C,PRKAA2,PRKAB1,HSPD1,ULK1,MRPS12,IL1RN,NFKBIA,ADRA1A,DEFA5,APOBEC3B,HSD11B1,SLC2A4,SIRT1,TRIM22,LBP,GNAS,EDNRA,GPX4,FFAR2,ICOSLG,ESR2,HLA-DRA,HSPD1,CD247,PKM,JAK2,UBE2N,CLDN2,ATP2B1,STAT5B,FABP3
VTCN1,GAPDH,CCL19,CYLD,UCP2,SLC22A5,GCLC,JAK1,PPP1R15A,,TLR5,DEFB1,SDHAF2,VEGFA,NDUFB8,CD3E,VEGFB,CD8B,PIK3R1,MTOR,UCP2,SERPINA1,BAX,FOS,MUC2,SIRT3,ATF3,TNFRSF17,IL12B,SDHD,GSTP1,IFIT1,AVP,ENO1,YY1,PARK2,NFKB1,GDNF,REG3A,TLR9,CXCR5,TMEM119,CASP1,MS4A1,ARNTL,VEGFA,SCN10A,PDK1,MC2R,IL23A,THBD,SQSTM1,PPARD,SMAD3,REG1A,FFAR3,TEAD1,CD3G,GBP5,IL2RA,HLA-A,FASN,MAPK8,IL22,IKBKB,CD14,ALDH1A2,PPARG,FOXO1,NR3C2,MTOR,BECN1,BECN1,MUC2,IL7R,RELA,JAK1,OCLN,EIF2AK2,STAR,ABCA1,HIF1A,GAPDH,REG3A,PDCD2,EDNRB,SOD3,SLC15A1,SLAMF6,AR,CD68,DNAJB1,IL2RB,PGK1,SOCS3,APEX1,MUC2,SLC2A1,NDUFA13,F2
ICOS,PKLR,CXCR3,OTUD7B,UCP3,BBOX1,PRDX5,JAK3,DDIT3,,TLR9,CLEC7A,REN,FLT1,SLC25A3,CD2,PIK3CG,CCR5,MAPK1,RPTOR,ALOX5,SERPINE1,CASP3,JUN,REG3A,HSPA1A,EGR1,MKI67,IL23A,UQCRFS1,MGST1,IFIT3,POMC,ENO2,PARK7,FIS1,NFKBIA,BDNF,DEFA5,TLR5,ICOS,CX3CR1,DIABLO,CD27,PER2,ADM,KCNN3,PDK4,STAR,RORC,PROCR,ATG5,IKBKB,FCGR3A,REG1B,FFAR2,YAP1,CD69,SOCS3,IL7R,HLA-B,ACACA,MAPK14,IL23A,MAPK14,REG3A,ALDH1A3,NR1H3,FOXO3,HSD11B1,RPTOR,ATG5,MAP1LC3B,REG3A,CCR7,CXCL8,JAK3,HK2,GABRA2,CYP11A1,ABCD3,PKM,LDHA,MUC2,PDCD6,PTGDR2,NOX4,SLC15A2,SH2D1A,CLOCK,GPR35,BCL2,KLRB1,GPI,GSK3B,DDX24,MUC13,SLC2A4,NDUFB5,F5
ICOSLG,ENO1,FOXP3,ITGAM,HLA-DRA,SIRT3,GPX3,SOCS3,CPT2,,DEFA5,MTOR,AGT,KDR,UQCRB,HLA-A,AKT2,CCR6,MAPK3,ULK1,CYP1A1,PLAU,CASP8,RELA,TLR5,HSP90AA1,MEF2D,TOP2A,ICAM1,COX5A,AHR,RSAD2,HSD11B1,ALDOA,PARP1,OPA1,RELA,NGF,MUC2,IL17A,SLAMF7,ITGAM,MCL1,CCR7,CRY1,EDN1,PRKG2,UCP2,CYP11A1,TGFB1,KLF2,ATG7,RELA,EZR,ALPI,SLC6A4,LATS2,NCR1,IL12B,CCR7,HLA-C,ACADM,JUNB,RORC,JAK1,DEFA5,IL17A,SLC16A1,BCL2,SERPINE1,RHEB,ATG7,SQSTM1,FUT2,CXCR3,IL18,STAT3,PFKFB3,BCL2,CYP17A1,SESN3,LDHA,LDHB,FUT2,CPT1A,PTGER3,IL2,SLC22A5,ATP1A1,ARNTL,FFAR2,BAX,SLC7A11,ALDOA,CREB1,GNB2L1,LCN2,SLC16A1,NDUFAF1,SERPINA1
BTLA,ENO2,GATA3,ITGB2,HLA-DRB1,UCP2,SOD1,IL2RA,ACADM,,REG3A,PRKAA1,ACE,SELE,COX7A2,CCR5,EIF2AK4,XCL1,PRKCA,BCL2L11,CYP2E1,THBS1,MMP2,NFKB1,NOD2,HSPD1,HSPA1A,CCNA2,VCAM1,COX6A1,CYP1A1,C3,HSD11B2,ALDOB,FBXO32,SLC2A1,STAT2,NTRK2,AHR,IL22,IL18,ITGAX,CFH,DUSP1,SLC2A1,ADRB1,PLA2G4A,UCP3,CYP17A1,REG3A,KLF4,CGAS,NFKB1,NOS1,IL10,MAOA,GADD45A,NCR3,IL21,CXCR3,HLA-E,SLC7A5,CLDN1,STAT6,JAK2,MUC1,IL22,PPARGC1B,BAK1,ICOS,SIRT1,MAP1LC3B,PINK1,ALPI,CXCR4,CXCL13,SOCS1,PKM,BAX,CYP21A2,NRIP1,LDHB,PKM,IL22,HK2,VEGFB,IL7,OCLN,ATP1B1,PER1,FFAR3,CASP3,IDH1,GAPDH,FOS,BCL2,REG3A,SLC16A3,UQCRH,SERPINA3
ENTPD1,PGK1,RORA,CCR2,B2M,UCP3,NOS1,IL7R,SLC25A20,,MUC2,PRKAA2,ACE2,VCAM1,SDHD,CXCL13,MAPK14,KLRB1,PRKCQ,TRAF3,GSTP1,FN1,MMP9,IRAK4,IL17A,RBL2,HSPA8,CCNB1,SELL,ATP5PO,CLOCK,C4A,STAR,ALDOC,TRIM21,SLC2A3,STAT5A,GFAP,FFAR2,IL23A,CSF2,CD68,C3,FOS,SLC2A4,ADRB2,HSPA1A,CS,CYP21A2,DEFA5,EGR1,STING1,CASP3,ACTB,TNFSF13B,MAOB,ATF4,KLRC1,IL23A,CXCR5,HLA-F,SLC1A5,OCLN,FOXP3,SOCS3,MUC2,RORC,STING1,MCL1,ICOSLG,SIRT3,SQSTM1,PRKN,OCLN,FOXP3,NDUFA5,PTPN6,LDHA,CASP3,AVP,KCNN4,PDK1,PFKFB3,IL17A,PFKFB3,ADRB1,GZMK,CLDN1,NRF1,PER2,B2M,SOD1,IDH2,SLC44A1,JUN,BAX,REG1A,SLC1A5,COX6C,PLAU
KEAP1,DLD,STAT4,CCL2,CD38,MTOR,EDN1,IL15,HSPA5,,FFAR2,PRKAB1,ADRA1B,ICAM1,PRDX4,GATA3,PTPN11,GZMA,LGALS3,IKBKB,GSTM1,FAS,TIMP1,MAPK8,IL22,CDKN1A,DNAJB1,CDK1,ITGAL,ATP6V1A,ARNTL,C1R,MC2R,CPT1B,TRIM25,HK2,STAT5B,AQP4,SLC6A4,RORC,OAS1,EDN1,C4A,JUN,IL18,ADRA1B,HSP90AA1,TRPA1,TLR2,MMP9,JUNB,IRF7,CASP8,GZMK,PRKAA1,IL6R,DDIT3,KLRD1,TGFB1,CXCR4,HLA-G,SLC6A9,TJP1,CTNNB1,B2M,TFF3,FFAR3,IFIH1,CASP3,ITGAX,AKT1,ULK1,BNIP3L,CLDN1,STAT5A,NDUFA10,TLR5,PDHA1,CASP8,NR3C2,SLC25A4,GAPDH,PFKM,IL23A,NDUFB8,NOS2,HLA-A,TJP1,ATF4,IRF1,HLA-A,PRDX5,MDH2,SLC2A4,NRF1,CASP3,DEFA5,DDIT3,COX7A2,HSPA1A
UCP3,FASN,SDHC,CSF1R,CD40LG,RPTOR,EDNRA,IL21,DUSP1,,FFAR3,SIRT1,ADRB1,PECAM1,PRDX5,CPT1A,PECAM1,GZMH,HOXA9,GDNF,CXCL12,FASLG,TIMP2,MAPK1,IL23A,TP53,HYOU1,AURKB,CD40LG,MFN1,PER2,C1S,MAPK8,CPT1C,UBA7,LDHA,SOCS1,SLC17A7,MAOA,TGFB1,MX1,NOS3,C4B,EGR1,CXCL13,ADRA2A,DNAJB1,SCN9A,TLR5,MMP2,CRHBP,IRF3,CLEC7A,TFB2M,MTOR,IL23A,XBP1,CD244,FOXP1,CCR6,B2M,SLC16A1,LBP,CLDN1,LGALS3,IL17A,FFAR2,IL1R1,CASP8,ITGAL,AKT2,MTOR,FUNDC1,CLDN2,STAT5B,NDUFB3,TLR7,PDHB,S100A8,NR4A1,SLC25A20,ENO1,SLC2A1,OCLN,ATP5PO,IL1R2,HLA-B,IL10,DRD2,IRF7,HLA-B,STAT2,GLS,GLUL,TFAM,CASP1,DEFA6,ATF4,COX7B,HSP90AA1
CLPP,ACACA,SDHD,CSF1,CXCR3,ULK1,EDNRB,HLA-B,MAPK14,,HCAR2,SIRT3,ADRA2A,ANGPT1,GPX3,ACAT1,VWF,GZMK,NRON,BDNF,CCR2,TRAF1,COL4A1,MAPK3,RORC,SLC15A4,HIF1A,PCNA,CD80,NDUFA5,CRY1,NDUFS2,JUN,ACSL1,UBB,PFKFB3,SOCS3,SLC1A2,MAOB,TNFSF13B,MRPL12,VEGFA,SERPING1,ATF3,CLEC7A,RYR2,GSTP1,SCN10A,NOD2,MUC2,SGK1,ADRB1,HCAR1,ADRA2A,RPTOR,IL12B,HSPA5,CD160,CD69,CCR2,CFH,CXCR4,CD14,OCLN,PTPRC,RORC,LBP,FGR,CASP1,LILRB1,PIK3CA,RPTOR,ATG5,NOD2,BCL2,COX7A2L,TLR8,CS,S100A9,NR4A2,SLC25A26,FASN,HK2,CLDN2,CCL5,TGFBR1,HLA-C,STAT3,SLC6A3,IRF9,HLA-C,OAS1,GSTT1,CTSB,BCL2,LEP,IL17A,XBP1,CYCS,DNAJB1
LONP1,CPT1A,NDUFV1,PRKCQ,CCR7,ATG5,IL2,HLA-A,STAT5B,,SLC16A1,FOXO3,CHRNA7,ANGPT2,NQO2,GLS,THBD,CLDN5,RPL23A,NRG1,TLR3,TRAF2,COL5A1,ERBB2,AHR,OASL,VEGFB,HSPA1A,GZMB,NDUFA9,NR1D1,NDUFS3,FOS,ACSS2,UBA1,PKM,FOXO1,SLC6A1,TPH1,TNFSF14,PDK1,VEGFB,CFB,REG3A,DDX58,CACNA1C,DUOX2,NALCN,CD14,CLDN2,DUSP1,PRKAA1,IDO1,ACADM,MAP1LC3B,STAT4,CALR,CXCL12,CD27,CCR5,C3,CCR7,TLR5,MUC2,HLA-A,IL22,REG3A,CFH,BAX,MS4A1,PIK3R1,PRKAB1,ATG7,TREM2,BAX,ATP5MC2,HLA-DPB1,IDH3A,S100A12,MC2R,COX7A2L,ACACA,PDK1,CLDN15,CCL19,TGFBR2,TMEM119,STAT4,SLC6A4,BATF,CD74,IFIT3,SIRT1,CTSL,BAX,FABP4,IL22,HSPA1A,ATP5MC1,BAG3
HSPA9,CPT2,UQCRQ,PPP3CA,IL2RA,SQSTM1,IL7R,CD274,STAT5A,,SLC16A3,FOXO1,CHRM2,TEK,TXNIP,SLC25A20,ANGPT1,FUT2,RPS12,NRG2,IL1R1,RIPK1,PLAUR,EGFR,FUT2,MX2,VEGFC,HSP90AA1,PRF1,NDUFV2,KLRG1,NDUFB8,HLA-DPA1,GLUL,UBA52,CLOCK,FOXO3,GLUL,SLC15A1,IL21,PRDX1,FLT1,CRP,MUC2,TLR7,CACNA1D,CYBB,NGF,IL17A,OCLN,USP18,FFAR3,TDO2,IL1B,SQSTM1,RORC,PTPRC,ACKR3,CD40LG,CXCL9,C4A,CCR5,NOD2,PIGR,HLA-B,IL23A,MUC2,DPM1,BID,S100A8,SLC2A4,SLC25A12,DNMT1,TYROBP,ATP6V1B2,COX4I1,HLA-DPA1,SDHC,SERPINE1,TLR5,UQCRFS1,CPT1A,SLC2A3,SLC15A1,IFIT1,STAT2,TLR3,IRF9,MAOA,BACH2,HLA-DPA1,MX1,SIRT3,CTSS,CASP3,ACACA,IL23R,HSPA5,ATP5ME,UBQLN1
HSPD1,SLC25A20,COX7A2,PPP3CB,IL2RB,BECN1,CXCR3,CXCL9,IL6R,,IDO1,ULK1,CHRM3,PDGFB,GFAP,OXR1,ANGPT2,LCN2,SNORA27,PPARA,EDNRB,RIPK3,CSF1,GRB2,DEFA5,IFI44L,ANGPT1,DNAJB1,KLRD1,ATP5F1C,KLRC2,COX6C,HLA-DPB1,GLUD1,HSPD1,ARNTL,MTOR,GLUD1,GCG,FFAR2,GPX4,KDR,SCN9A,DEFA5,IFIH1,HIF1A,AIF1,NRXN1,IL22,TJP1,ISG15,FFAR2,QPRT,IRF9,CLOCK,HLA-DRA,HLA-DRA,PTGER3,ICOS,HSPA1A,C4B,S1PR1,IL22,MTOR,HLA-DRB1,SLC25A5,OCLN,SCYL3,TRAF6,S100A9,SLC2A1,CXCL13,TET2,ICAM1,ATP6V1A,TIMM10,TLR3,CACNA1C,GUCY1A3,TLR9,SDHC,ACOX1,ICAM1,SLC7A5,IFIT3,OAS2,NOS1,BCL2,COMT,TBX21,HLA-DPB1,ISG15,GPX3,LCN2,CASP7,FASN,AHR,CCR7,ATP5PF,DNM1L
MSRA,FABP3,COX7B,PPP3CC,IL21,MAP1LC3B,CXCL13,CCL19,TNFRSF1A,,TDO2,ATG5,PPARG,PDGFRA,S100B,NRF1,TEK,MUC2,LINC01158,PPARD,PRKG1,IL18,CSF2,SOS1,FPR2,ISG20,ANGPT2,HSF1,NCR3,ATP5F1E,KIR2DL4,COX7A2,STAT3,SLC2A1,HSPE1,PER2,PRKAA1,GOT1,HK2,FFAR3,NLRP1,TEK,TRPV1,OCLN,IFIT3,P2RX3,ITGAM,NLGN1,REG3A,PPARA,OAS1,SLC16A1,NOS1,STAT5A,ARNTL,HLA-DRB1,HLA-DRB1,ADORA2A,EOMES,HSPA5,C5,XBP1,REG3A,PRKAA1,GZMA,CPT1B,CLDN1,C1orf112,MAPK14,ALDH2,HK2,IL10,EZH2,PECAM1,ATP5MC1,TIMM8A,IFI27,CACNA1H,LRP8,NOD1,ATP5PB,ACSL1,VCAM1,AHR,OAS3,OAS3,COMT,FOXP3,IL33,GATA3,HLA-DRB1,CXCL11,ATP5MG,S100A8,CYCS,SCD,CCL20,CXCR3,SLC25A4,MFN2
MSRB1,PFKFB3,ATP5PO,CAMK4,IL21R,PINK1,TMEM119,CCR7,TNFRSF1B,,IL17A,PPARA,NOS2,PTPN22,APOE,TREM2,GAD1,REG3A,TAP1,ESRRA,ATP1A2,IL18R1,CSF3,RASGRP1,LGALS3,TRIM21,ICAM2,EIF2AK3,TRAF6,ATP5ME,NCR1,SDHD,STAT4,SLC2A4,DNAJA1,CRY1,PRKAA2,IDH3A,LDHA,CCR6,EDNRB,ANGPT1,ASIC3,CLDN1,OASL,CRHR2,ITGB2,SLC2A3,MUC2,PPARG,MX1,IL6R,SLC6A4,TXNRD1,NLRP3,HLA-A,HLA-B,ADRB1,GZMA,HSPB1,SERPING1,ATF4,MUC2,PRKAA2,GBP5,UCP2,CLDN2,CD3E,MAPK8,NOS2,PFKFB3,IL21,HDAC3,SELE,ATP5ME,TOMM22,IFIT1,TRPM2,CRY1,NOD2,ATP5PF,SLC2A4,SELE,IL6R,HSP90AA1,ISG20,ESR1,TBX21,IL1RL1,RORC,NDUFB3,CCL19,COX5A,S100A9,FOXO3,LDHA,S100A8,ICOS,SLC25A20,OPA1
NOS1,HIF1A,PRDX6,HSPA1A,IL27,PRKN,TLR5,BATF,OSM,,IL17F,SCN5A,VEGFB,TYK2,LILRB4,GRN,GAD2,TLR8,TAP2,FOXO3,SCN5A,IL18BP,CSF1R,HRAS,LYZ,PIK3C3,SELP,DDIT3,TLR7,NCR1,NCR3,ATP5PO,STAT5A,SLC2A3,DNAJB1,AMPD3,PRKAB1,SUCLG1,PFKM,REG3A,CRHR2,ANGPT2,P2RX4,LBP,IFITM1,EDNRB,CCR7,SLC2A4,MUC1,FFAR2,IFI27,CXCL13,ADRB1,FYN,IL1RN,HLA-B,HLA-A,DRD2,GZMH,DNAJB1,ATG5,DDIT3,SLC6A4,AKT1,TAP1,UCP3,CDH1,CD3G,STAT3,ARG1,LDHA,TNFSF14,SIN3A,HLA-DMB,NDUFB8,VDAC1,IFIT3,TRPM3,CLOCK,LBP,CLUH,HK2,SELPLG,IL7R,HSP90AB1,HSD11B2,NR3C2,EOMES,IL4,FOXP3,NDUFV2,ICOS,IL15,CXCL9,FOXO1,PKM,S100A9,IL21,PPARGC1B,ATF4
KCNJ5,P4HB,GSTM1,HSPA1B,TNFRSF1A,HSPA1A,AHR,EOMES,PLAUR,,IL22,RYR2,VEGFC,IL2RA,EDNRB,APOE,SLC6A4,OASL,GZMA,HIF1A,ARRB2,IRAK1,IL12B,KRAS,LBP,MAP1LC3B,CXCL8,ATF4,IRF7,IL21,ZAP70,ATP5ME,IRF1,SLC16A1,HSPA1A,RNASEL,PRKAB2,TGFBI,PFKFB3,REG3G,SLC16A1,SELE,CACNA1C,FUT2,TRAF6,AVP,CCR5,ATP1A1,CCL20,GPR41,TLR3,CCL19,GADD45B,GZMA,TRAF6,HLA-E,TAP1,GHSR,KLRD1,HSP90AA1,ATG7,EIF2AK3,MAOA,AKT3,TAP2,SGK1,DEFA5,NFE2L1,STAT5B,IDO1,LDHB,MMP9,MRPL13,CD28,UQCRFS1,CYCS,RSAD2,TRPA1,IL21,CD14,IDO2,IL10,PECAM1,CXCR3,ZAP70,PPARA,IL17F,SOCS3,IL13,LRRK2,SDHA,BACH2,IL21,CXCL11,SIRT3,PDK1,FUT2,IL18,NRF1,XBP1
KCNH2,VIM,SOD3,HSP90AA1,TNFRSF1B,HSP90AA1,PDK1,TBX21,CXCL11,,RORC,CACNA1C,EDNRB,STAT4,NOSIP,PHOX2B,GRIN2A,PDK1,ARID5A,RELA,NR3C2,MYD88,IL23A,RAF1,S100A9,SQSTM1,S100A8,ATF6,JAK1,IL15,CD3D,ATP5MG,COX5A,PRKAA1,HSPA8,EIF2AK2,IL18,COL1A1,ALDOC,DEFB1,CPT1B,VWF,EIF2AK3,CXCL1,RELA,OXTR,CXCL9,ATP1A3,FUT2,GPR43,IFIH1,CCL21,STAT2,TXN,SIRT1,KIR2DL1,TAP2,AGTR1,KLRK1,SLC25A11,BECN1,NDUFB8,DAO,PIK3CA,OAS2,HSD17B4,DEFA6,ATG5,IL6,PDK2,PDK1,ICAM1,MRPS22,CD8B,SDHC,UQCRQ,OASL,TRPV1,IL12A,IL23A,MX1,IL7,PRKAB1,CCR7,LCK,PDK4,FFAR2,NFKB1,KLRB1,COMT,CXCL13,CD3D,TOX2,CCL5,AMPD3,PDK4,AHRR,IL10,FOXO3,DDIT3
STAT5A,LGALS3,DUOX1,DNAJB1,CXCL11,S100A8,PRDX6,FOXP3,CXCL13,,CXCL8,CACNA1D,ANGPT1,HLA-DQA1,IL6R,TH,GRIA2,SLC25A4,BCO2,CREB1,CRHBP,TRAF6,CXCL8,MAP2K1,TLR9,ATG5,S100A9,SQSTM1,JAK2,PRDX1,CD28,NOX4,COX6A1,PRKAA2,RPL13A,DDX58,IL18R1,COL3A1,PKM,MUC2,SDHC,ICAM1,ATF4,CXCL5,FOXP3,NPY,CCL5,F2,SLC15A1,CXCL8,DDX58,OSM,IFITM1,UQCRC2,SIRT3,KIR3DL1,B2M,NPY,LILRB2,MPC1,MAP1LC3B,COX5B,PPARG,PIK3R1,IFIT1,SLC2A4,CXCL14,BECN1,IL10,GDAP1,CPT1B,VCAM1,GFM1,CXCL5,COX5A,PRDX5,IFI44,CAMK2A,IL23A,RORC,ENG,IL12B,PRKAG1,FOXP3,PTPRC,SLC2A4,FFAR3,RELA,NKTR,MAOA,CCR7,CD3E,TBX21,CCL4,HK2,PDHA1,PRKAA1,SOCS1,HIF1A,NAMPT
TYK2,CFH,NOX1,NLRC5,CXCL13,S100A9,GLRX,CRP,CCR7,,CXCL1,HCN4,SELP,HLA-DQB1,CLDN2,CRHR2,GABRA1,ACADSB,CSF1R,TBX21,DDIT4,IFI44L,CXCL12,ELAVL1,MYD88,ATG7,SAA1,MAP1LC3B,TYK2,PRDX2,LCK,DUOX2,ATP5PO,MTOR,RPLP0,P2RX7,CASP1,MMP2,PER2,MUC3A,NDUFV1,VCAM1,DDIT3,S100A8,BATF,POMC,CX3CL1,THBD,SLC5A1,CCR9,STAT2,BCL2L11,IFITM3,NOS2,HIF1A,BCL2,GAPDH,NPY1R,LGALS3,ACAT2,SQSTM1,JAK1,IL17A,HIF1A,IFITM3,HK2,PPARG,SQSTM1,IL4,MAF,PPARA,S100A8,TSFM,CCL20,COX6C,MSRA,IFI44L,CAMK2B,PECAM1,TGFB2,VWF,IL23A,SIRT3,RORC,MICA,SIRT1,SDHC,P2RX7,RAE1,MAOB,SOD1,CD3G,IKZF3,CCL7,PFKP,PDHB,NOS1,JAK1,SIRT3,NFE2L2
CXCR4,C3,ITGAM,TAP1,MIF,MMP9,LRG1,SERPINA3,PTPN22,,CXCL2,BECN1,ICOS,TNFSF13B,TLR5,MYD88,GABRB2,SDHA,LY86,EOMES,MUC2,OAS1,OASL,HNRNPA1,RELA,BECN1,SAA2,BECN1,HLA-B,PRDX5,PTPN22,GPX4,ALDH2,RPTOR,RPS18,HSPD1,CASP3,MMP9,IGF1,SLC5A8,ADM2,PECAM1,HSPA1A,S100A9,BCL2,GDNF,HLA-DRA,PLAT,AHR,GPR65,IRF9,SOD3,HLA-A,GZMH,GPX4,BAX,ACTG1,AVP,CLEC7A,FADS2,SLC25A11,JAK3,MTHFR,HIF1B,RSAD2,LDHA,SLC15A1,MAP1LC3B,IL12A,IL21,PPARD,S100A9,TARS2,CCL22,COX7C,TRPM2,GBP1,ATP2A2,HLA-A,TGFBR2,CD68,CCL2,SIRT6,GATA3,MICB,SIRT3,SDHD,TLR9,STAT2,SCN9A,HSPD1,GZMA,STAT6,CCL8,SLC2A4,ALDOA,CYBA,STAT3,SLC25A5,KEAP1
GZMH,C4B,ITGB2,TAP2,ADM,NFKB1,SLC25A20,SAA1,SH2D1A,,FUT2,PPARG,CD40LG,TNFRSF13C,CLDN1,KEAP1,PPARGC1B,SDHD,SERPINE1,ZBTB16,TSLP,ISG15,ISG20,PTEN,SLC15A1,GABARAPL1,HP,LAMP2,CXCL13,GSTP1,,PRDX6,UGT1A1,PFKL,GAPDH,GNB1,BAX,TIMP1,SOD3,FUT2,DUSP1,PLVAP,HSPA5,S100A12,EOMES,EPAS1,IFIT3,F13A1,IDO1,GPR35,OASL,IL7,HLA-B,SLC6A2,ADRB2,CASP3,RPL32,OXTR,PTPN22,PFKM,,,SLC25A5,SIRT1,TRIM21,PPARA,FUT2,PRKN,IL12B,HSPA9,PPARG,CTSL,MTRNR2L8,CXCL13,PYGL,TRPA1,GBP5,ORAI1,HLA-B,MYLK,SELE,CCL5,FOXO3,IL2RA,SLA2,NRIP1,NDUFA9,DDIT4,IRF1,TRPV1,HSPA1A,GNLY,IFITM3,CSF1R,HIF1A,GAPDH,PON1,PTPN11,OGDH,GCLC
HLA-A,,,,,,,,,,,,,,,,,,,,IL33,MX1,,,,,ORM1,,,,,SOD3,,,ACTB,,,IL18,,,,,,,,PDE3A,,,,,INSR,,,,,,,,,,,,,,,,,,,,ADIPOQ,,,IL18,,,,,,,,,,,,,,,,,,,OAS2,,,,,,,
HLA-B,,,,,,,,,,,,,,,,,,,,,HLA-DRA,,,,,,,,,,CCL3,,,ALAS1,,,IL18R1,,,,,,,,PLCB1,,,,,IGF1R,,,,,,,,,,,,,,,,,,,,LEP,,,IL12B,,,,,,,,,,,,,,,,,,,PRDX2,,,,,,,
HLA-C,,,,,,,,,,,,,,,,,,,,,IL15,,,,,,,,,,CCL4,,,,,,IL18RAP,,,,,,,,NR3C1,,,,,IRS1,,,,,,,,,,,,,,,,,,,,AMPD1,,,IL23A,,,,,,,,,,,,,,,,,,,SOD3,,,,,,,
HLA-DRA,,,,,,,,,,,,,,,,,,,,,CXCL11,,,,,,,,,,CXCL12,,,,,,IL1R1,,,,,,,,CRH,,,,,PIK3R1,,,,,,,,,,,,,,,,,,,,MAVS,,,NOS2,,,,,,,,,,,,,,,,,,,,,,,,,,
HLA-DRB1,,,,,,,,,,,,,,,,,,,,,B2M,,,,,,,,,,,,,,,,IL1R2,,,,,,,,CRHR1,,,,,AKT1,,,,,,,,,,,,,,,,,,,,IL18,,,GSK3B,,,,,,,,,,,,,,,,,,,,,,,,,,
HLA-DRB5,,,,,,,,,,,,,,,,,,,,,LYN,,,,,,,,,,,,,,,,IL1RN,,,,,,,,FKBP5,,,,,MTOR,,,,,,,,,,,,,,,,,,,,CXCL11,,,SERPINE1,,,,,,,,,,,,,,,,,,,,,,,,,,
HLA-DPA1,,,,,,,,,,,,,,,,,,,,,ACTB,,,,,,,,,,,,,,,,IRAK1,,,,,,,,HSD11B1,,,,,RPTOR,,,,,,,,,,,,,,,,,,,,CYBA,,,PTGS2,,,,,,,,,,,,,,,,,,,,,,,,,,
HLA-DPB1,,,,,,,,,,,,,,,,,,,,,SOD3,,,,,,,,,,,,,,,,SOCS1,,,,,,,,HSD11B2,,,,,TSC1,,,,,,,,,,,,,,,,,,,,,,,CFTR,,,,,,,,,,,,,,,,,,,,,,,,,,
TAP1,,,,,,,,,,,,,,,,,,,,,,,,,,,,,,,,,,,,,SOCS3,,,,,,,,SLC6A4,,,,,TSC2,,,,,,,,,,,,,,,,,,,,,,,GSTP1,,,,,,,,,,,,,,,,,,,,,,,,,,
TAP2,,,,,,,,,,,,,,,,,,,,,,,,,,,,,,,,,,,,,CISH,,,,,,,,HTR1A,,,,,SLC2A1,,,,,,,,,,,,,,,,,,,,,,,UGT1A1,,,,,,,,,,,,,,,,,,,,,,,,,,
B2M,,,,,,,,,,,,,,,,,,,,,,,,,,,,,,,,,,,,,DUSP1,,,,,,,,HTR2A,,,,,PPARA,,,,,,,,,,,,,,,,,,,,,,,UGT1A6,,,,,,,,,,,,,,,,,,,,,,,,,,
CD3D,,,,,,,,,,,,,,,,,,,,,,,,,,,,,,,,,,,,,DUSP6,,,,,,,,HTR3A,,,,,ACOX1,,,,,,,,,,,,,,,,,,,,,,,GSTM1,,,,,,,,,,,,,,,,,,,,,,,,,,
,,,,,,,,,,,,,,,,,,,,,,,,,,,,,,,,,,,,,PTPN6,,,,,,,,BDNF,,,,,CPT2,,,,,,,,,,,,,,,,,,,,,,,GSTA1,,,,,,,,,,,,,,,,,,,,,,,,,,
,,,,,,,,,,,,,,,,,,,,,,,,,,,,,,,,,,,,,PTPN11,,,,,,,,MAOA,,,,,SDC2,,,,,,,,,,,,,,,,,,,,,,,HMGB1,,,,,,,,,,,,,,,,,,,,,,,,,,
,,,,,,,,,,,,,,,,,,,,,,,,,,,,,,,,,,,,,CCL19,,,,,,,,COMT,,,,,SLC16A1,,,,,,,,,,,,,,,,,,,,,,,BATF,,,,,,,,,,,,,,,,,,,,,,,,,,
,,,,,,,,,,,,,,,,,,,,,,,,,,,,,,,,,,,,,CXCL13,,,,,,,,DUSP1,,,,,MPC1,,,,,,,,,,,,,,,,,,,,,,,EGR1,,,,,,,,,,,,,,,,,,,,,,,,,,
,,,,,,,,,,,,,,,,,,,,,,,,,,,,,,,,,,,,,CXCL9,,,,,,,,JUN,,,,,MPC2,,,,,,,,,,,,,,,,,,,,,,,JUNB,,,,,,,,,,,,,,,,,,,,,,,,,,
,,,,,,,,,,,,,,,,,,,,,,,,,,,,,,,,,,,,,CXCL11,,,,,,,,FOS,,,,,IDH2,,,,,,,,,,,,,,,,,,,,,,,FOS,,,,,,,,,,,,,,,,,,,,,,,,,,
,,,,,,,,,,,,,,,,,,,,,,,,,,,,,,,,,,,,,CCL22,,,,,,,,NPY1R,,,,,GSTM1,,,,,,,,,,,,,,,,,,,,,,,STAT4,,,,,,,,,,,,,,,,,,,,,,,,,,
,,,,,,,,,,,,,,,,,,,,,,,,,,,,,,,,,,,,,CCL17,,,,,,,,NR3C2,,,,,GSTP1,,,,,,,,,,,,,,,,,,,,,,,TBX21,,,,,,,,,,,,,,,,,,,,,,,,,,
,,,,,,,,,,,,,,,,,,,,,,,,,,,,,,,,,,,,,CCL18,,,,,,,,AR,,,,,GSTA1,,,,,,,,,,,,,,,,,,,,,,,RUNX3,,,,,,,,,,,,,,,,,,,,,,,,,,
,,,,,,,,,,,,,,,,,,,,,,,,,,,,,,,,,,,,,CCL20,,,,,,,,ESR1,,,,,UGT2B7,,,,,,,,,,,,,,,,,,,,,,,EOMES,,,,,,,,,,,,,,,,,,,,,,,,,,
,,,,,,,,,,,,,,,,,,,,,,,,,,,,,,,,,,,,,GSTM1,,,,,,,,TLR5,,,,,ALDH1A1,,,,,,,,,,,,,,,,,,,,,,,PRDM1,,,,,,,,,,,,,,,,,,,,,,,,,,
,,,,,,,,,,,,,,,,,,,,,,,,,,,,,,,,,,,,,GSTP1,,,,,,,,TLR9,,,,,ALDH1B1,,,,,,,,,,,,,,,,,,,,,,,RORA,,,,,,,,,,,,,,,,,,,,,,,,,,
,,,,,,,,,,,,,,,,,,,,,,,,,,,,,,,,,,,,,GSTA1,,,,,,,,AHR,,,,,ADI1,,,,,,,,,,,,,,,,,,,,,,,PPARA,,,,,,,,,,,,,,,,,,,,,,,,,,
,,,,,,,,,,,,,,,,,,,,,,,,,,,,,,,,,,,,,ALDH2,,,,,,,,OCLN,,,,,ASS1,,,,,,,,,,,,,,,,,,,,,,,PPARG,,,,,,,,,,,,,,,,,,,,,,,,,,
,,,,,,,,,,,,,,,,,,,,,,,,,,,,,,,,,,,,,ALDH1L1,,,,,,,,TJP1,,,,,ARG1,,,,,,,,,,,,,,,,,,,,,,,NR4A1,,,,,,,,,,,,,,,,,,,,,,,,,,
,,,,,,,,,,,,,,,,,,,,,,,,,,,,,,,,,,,,,ALDH1A1,,,,,,,,CLDN1,,,,,ARG2,,,,,,,,,,,,,,,,,,,,,,,SIRT6,,,,,,,,,,,,,,,,,,,,,,,,,,
,,,,,,,,,,,,,,,,,,,,,,,,,,,,,,,,,,,,,MPO,,,,,,,,MUC2,,,,,IL6ST,,,,,,,,,,,,,,,,,,,,,,,FOXO1,,,,,,,,,,,,,,,,,,,,,,,,,,
,,,,,,,,,,,,,,,,,,,,,,,,,,,,,,,,,,,,,LTF,,,,,,,,DEFA5,,,,,IL1R1,,,,,,,,,,,,,,,,,,,,,,,FOXO3,,,,,,,,,,,,,,,,,,,,,,,,,,
,,,,,,,,,,,,,,,,,,,,,,,,,,,,,,,,,,,,,SERPINA1,,,,,,,,REG3A,,,,,IL1RN,,,,,,,,,,,,,,,,,,,,,,,HSPA1A,,,,,,,,,,,,,,,,,,,,,,,,,,
,,,,,,,,,,,,,,,,,,,,,,,,,,,,,,,,,,,,,SERPINE1,,,,,,,,LTA4H,,,,,CXCL11,,,,,,,,,,,,,,,,,,,,,,,HSP90AA1,,,,,,,,,,,,,,,,,,,,,,,,,,
,,,,,,,,,,,,,,,,,,,,,,,,,,,,,,,,,,,,,PLAU,,,,,,,,PPARA,,,,,CCR1,,,,,,,,,,,,,,,,,,,,,,,CALM1,,,,,,,,,,,,,,,,,,,,,,,,,,
,,,,,,,,,,,,,,,,,,,,,,,,,,,,,,,,,,,,,PLAT,,,,,,,,PPARG,,,,,CCR2,,,,,,,,,,,,,,,,,,,,,,,CAMK2A,,,,,,,,,,,,,,,,,,,,,,,,,,
,,,,,,,,,,,,,,,,,,,,,,,,,,,,,,,,,,,,,F3,,,,,,,,RORC,,,,,CXCR4,,,,,,,,,,,,,,,,,,,,,,,CAMK2D,,,,,,,,,,,,,,,,,,,,,,,,,,
,,,,,,,,,,,,,,,,,,,,,,,,,,,,,,,,,,,,,FUT2,,,,,,,,NOD2,,,,,IL18R1,,,,,,,,,,,,,,,,,,,,,,,CREB1,,,,,,,,,,,,,,,,,,,,,,,,,,
,,,,,,,,,,,,,,,,,,,,,,,,,,,,,,,,,,,,,MUC2,,,,,,,,SLC22A5,,,,,IL2RB,,,,,,,,,,,,,,,,,,,,,,,ELK1,,,,,,,,,,,,,,,,,,,,,,,,,,
,,,,,,,,,,,,,,,,,,,,,,,,,,,,,,,,,,,,,MUC13,,,,,,,,IDO1,,,,,,,,,,,,,,,,,,,,,,,,,,,,,,,,,,,,,,,,,,,,,,,,,,,,,,
,,,,,,,,,,,,,,,,,,,,,,,,,,,,,,,,,,,,,MUC16,,,,,,,,TDO2,,,,,,,,,,,,,,,,,,,,,,,,,,,,,,,,,,,,,,,,,,,,,,,,,,,,,,
,,,,,,,,,,,,,,,,,,,,,,,,,,,,,,,,,,,,,ATP1A1,,,,,,,,,,,,,,,,,,,,,,,,,,,,,,,,,,,,,,,,,,,,,,,,,,,,,,,,,,,,,,
,,,,,,,,,,,,,,,,,,,,,,,,,,,,,,,,,,,,,ATP1B1,,,,,,,,,,,,,,,,,,,,,,,,,,,,,,,,,,,,,,,,,,,,,,,,,,,,,,,,,,,,,,
,,,,,,,,,,,,,,,,,,,,,,,,,,,,,,,,,,,,,SCN5A,,,,,,,,,,,,,,,,,,,,,,,,,,,,,,,,,,,,,,,,,,,,,,,,,,,,,,,,,,,,,,
,,,,,,,,,,,,,,,,,,,,,,,,,,,,,,,,,,,,,KCNQ1,,,,,,,,,,,,,,,,,,,,,,,,,,,,,,,,,,,,,,,,,,,,,,,,,,,,,,,,,,,,,,
,,,,,,,,,,,,,,,,,,,,,,,,,,,,,,,,,,,,,KCNA1,,,,,,,,,,,,,,,,,,,,,,,,,,,,,,,,,,,,,,,,,,,,,,,,,,,,,,,,,,,,,,
,,,,,,,,,,,,,,,,,,,,,,,,,,,,,,,,,,,,,CACNA1C,,,,,,,,,,,,,,,,,,,,,,,,,,,,,,,,,,,,,,,,,,,,,,,,,,,,,,,,,,,,,,
,,,,,,,,,,,,,,,,,,,,,,,,,,,,,,,,,,,,,APOA1,,,,,,,,,,,,,,,,,,,,,,,,,,,,,,,,,,,,,,,,,,,,,,,,,,,,,,,,,,,,,,
,,,,,,,,,,,,,,,,,,,,,,,,,,,,,,,,,,,,,APOB,,,,,,,,,,,,,,,,,,,,,,,,,,,,,,,,,,,,,,,,,,,,,,,,,,,,,,,,,,,,,,
,,,,,,,,,,,,,,,,,,,,,,,,,,,,,,,,,,,,,LDLR,,,,,,,,,,,,,,,,,,,,,,,,,,,,,,,,,,,,,,,,,,,,,,,,,,,,,,,,,,,,,,
,,,,,,,,,,,,,,,,,,,,,,,,,,,,,,,,,,,,,PCSK9,,,,,,,,,,,,,,,,,,,,,,,,,,,,,,,,,,,,,,,,,,,,,,,,,,,,,,,,,,,,,,
,,,,,,,,,,,,,,,,,,,,,,,,,,,,,,,,,,,,,CETP,,,,,,,,,,,,,,,,,,,,,,,,,,,,,,,,,,,,,,,,,,,,,,,,,,,,,,,,,,,,,,
,,,,,,,,,,,,,,,,,,,,,,,,,,,,,,,,,,,,,FAS,,,,,,,,,,,,,,,,,,,,,,,,,,,,,,,,,,,,,,,,,,,,,,,,,,,,,,,,,,,,,,
,,,,,,,,,,,,,,,,,,,,,,,,,,,,,,,,,,,,,FASLG,,,,,,,,,,,,,,,,,,,,,,,,,,,,,,,,,,,,,,,,,,,,,,,,,,,,,,,,,,,,,,
,,,,,,,,,,,,,,,,,,,,,,,,,,,,,,,,,,,,,TNFSF10,,,,,,,,,,,,,,,,,,,,,,,,,,,,,,,,,,,,,,,,,,,,,,,,,,,,,,,,,,,,,,
,,,,,,,,,,,,,,,,,,,,,,,,,,,,,,,,,,,,,TNFRSF1A,,,,,,,,,,,,,,,,,,,,,,,,,,,,,,,,,,,,,,,,,,,,,,,,,,,,,,,,,,,,,,
,,,,,,,,,,,,,,,,,,,,,,,,,,,,,,,,,,,,,TNFRSF1B,,,,,,,,,,,,,,,,,,,,,,,,,,,,,,,,,,,,,,,,,,,,,,,,,,,,,,,,,,,,,,
,,,,,,,,,,,,,,,,,,,,,,,,,,,,,,,,,,,,,CD40,,,,,,,,,,,,,,,,,,,,,,,,,,,,,,,,,,,,,,,,,,,,,,,,,,,,,,,,,,,,,,
,,,,,,,,,,,,,,,,,,,,,,,,,,,,,,,,,,,,,CD40LG,,,,,,,,,,,,,,,,,,,,,,,,,,,,,,,,,,,,,,,,,,,,,,,,,,,,,,,,,,,,,,
,,,,,,,,,,,,,,,,,,,,,,,,,,,,,,,,,,,,,GATA3,,,,,,,,,,,,,,,,,,,,,,,,,,,,,,,,,,,,,,,,,,,,,,,,,,,,,,,,,,,,,,
,,,,,,,,,,,,,,,,,,,,,,,,,,,,,,,,,,,,,TBX21,,,,,,,,,,,,,,,,,,,,,,,,,,,,,,,,,,,,,,,,,,,,,,,,,,,,,,,,,,,,,,
,,,,,,,,,,,,,,,,,,,,,,,,,,,,,,,,,,,,,BCL6,,,,,,,,,,,,,,,,,,,,,,,,,,,,,,,,,,,,,,,,,,,,,,,,,,,,,,,,,,,,,,
,,,,,,,,,,,,,,,,,,,,,,,,,,,,,,,,,,,,,RUNX3,,,,,,,,,,,,,,,,,,,,,,,,,,,,,,,,,,,,,,,,,,,,,,,,,,,,,,,,,,,,,,
,,,,,,,,,,,,,,,,,,,,,,,,,,,,,,,,,,,,,MAF,,,,,,,,,,,,,,,,,,,,,,,,,,,,,,,,,,,,,,,,,,,,,,,,,,,,,,,,,,,,,,
,,,,,,,,,,,,,,,,,,,,,,,,,,,,,,,,,,,,,IRF5,,,,,,,,,,,,,,,,,,,,,,,,,,,,,,,,,,,,,,,,,,,,,,,,,,,,,,,,,,,,,,
,,,,,,,,,,,,,,,,,,,,,,,,,,,,,,,,,,,,,IRF9,,,,,,,,,,,,,,,,,,,,,,,,,,,,,,,,,,,,,,,,,,,,,,,,,,,,,,,,,,,,,,
,,,,,,,,,,,,,,,,,,,,,,,,,,,,,,,,,,,,,IFNAR1,,,,,,,,,,,,,,,,,,,,,,,,,,,,,,,,,,,,,,,,,,,,,,,,,,,,,,,,,,,,,,
,,,,,,,,,,,,,,,,,,,,,,,,,,,,,,,,,,,,,IFNAR2,,,,,,,,,,,,,,,,,,,,,,,,,,,,,,,,,,,,,,,,,,,,,,,,,,,,,,,,,,,,,,
,,,,,,,,,,,,,,,,,,,,,,,,,,,,,,,,,,,,,ALOX5,,,,,,,,,,,,,,,,,,,,,,,,,,,,,,,,,,,,,,,,,,,,,,,,,,,,,,,,,,,,,,
,,,,,,,,,,,,,,,,,,,,,,,,,,,,,,,,,,,,,PTGS2,,,,,,,,,,,,,,,,,,,,,,,,,,,,,,,,,,,,,,,,,,,,,,,,,,,,,,,,,,,,,,
,,,,,,,,,,,,,,,,,,,,,,,,,,,,,,,,,,,,,LTA4H,,,,,,,,,,,,,,,,,,,,,,,,,,,,,,,,,,,,,,,,,,,,,,,,,,,,,,,,,,,,,,
,,,,,,,,,,,,,,,,,,,,,,,,,,,,,,,,,,,,,PLA2G7,,,,,,,,,,,,,,,,,,,,,,,,,,,,,,,,,,,,,,,,,,,,,,,,,,,,,,,,,,,,,,
,,,,,,,,,,,,,,,,,,,,,,,,,,,,,,,,,,,,,BIRC3,,,,,,,,,,,,,,,,,,,,,,,,,,,,,,,,,,,,,,,,,,,,,,,,,,,,,,,,,,,,,,
,,,,,,,,,,,,,,,,,,,,,,,,,,,,,,,,,,,,,CARD9,,,,,,,,,,,,,,,,,,,,,,,,,,,,,,,,,,,,,,,,,,,,,,,,,,,,,,,,,,,,,,
,,,,,,,,,,,,,,,,,,,,,,,,,,,,,,,,,,,,,NOD1,,,,,,,,,,,,,,,,,,,,,,,,,,,,,,,,,,,,,,,,,,,,,,,,,,,,,,,,,,,,,,
,,,,,,,,,,,,,,,,,,,,,,,,,,,,,,,,,,,,,VDR,,,,,,,,,,,,,,,,,,,,,,,,,,,,,,,,,,,,,,,,,,,,,,,,,,,,,,,,,,,,,,
,,,,,,,,,,,,,,,,,,,,,,,,,,,,,,,,,,,,,CYP27B1,,,,,,,,,,,,,,,,,,,,,,,,,,,,,,,,,,,,,,,,,,,,,,,,,,,,,,,,,,,,,,
,,,,,,,,,,,,,,,,,,,,,,,,,,,,,,,,,,,,,MAOA,,,,,,,,,,,,,,,,,,,,,,,,,,,,,,,,,,,,,,,,,,,,,,,,,,,,,,,,,,,,,,
,,,,,,,,,,,,,,,,,,,,,,,,,,,,,,,,,,,,,MAOB,,,,,,,,,,,,,,,,,,,,,,,,,,,,,,,,,,,,,,,,,,,,,,,,,,,,,,,,,,,,,,