seed_1_all,seed_2_all,seed_3_all,seed_4_all,seed_5_all,seed_6_all,seed_7_all,seed_8_all,seed_9_all,seed_10_all,seed_11_all,seed_12_all,seed_13_all,seed_14_all,seed_15_all,seed_16_all,seed_17_all,seed_18_all,seed_19_all,seed_20_all,seed_21_all,seed_22_all,seed_23_all,seed_24_all,seed_25_all,seed_26_all,seed_27_all,seed_28_all,seed_29_all,seed_30_all,seed_31_all,seed_32_all,seed_33_all,seed_34_all,seed_35_all,seed_36_all,seed_37_all,seed_38_all,seed_39_all,seed_40_all,seed_41_all,seed_42_all,seed_43_all,seed_44_all,seed_45_all,seed_46_all,seed_47_all,seed_48_all,seed_49_all,seed_50_all,seed_51_all,seed_52_all,seed_53_all,seed_54_all,seed_55_all,seed_56_all,seed_57_all,seed_58_all,seed_59_all,seed_60_all,seed_61_all,seed_62_all,seed_63_all,seed_64_all,seed_65_all,seed_66_all,seed_67_all,seed_68_all,seed_69_all,seed_70_all,seed_71_all,seed_72_all,seed_73_all,seed_74_all,seed_75_all,seed_76_all,seed_77_all,seed_78_all,seed_79_all,seed_80_all,seed_81_all,seed_82_all,seed_83_all,seed_84_all,seed_85_all,seed_86_all,seed_87_all,seed_88_all,seed_89_all,seed_90_all,seed_91_all,seed_92_all,seed_93_all,seed_94_all,seed_95_all,seed_96_all,seed_97_all,seed_98_all,seed_99_all,seed_100_all
IFNG,IFNG,IFNG,IFNG,DPM1,IFNG,IFNG,IFNG,IFNG,IFNG,IFNG,IFNG,IFNG,IFNG,IFNG,IFNG,IFNG,CXCL10,IFNG,IFNG,IFNG,IFNG,IFNG,IFNG,CXCL10,IL6,IL21,IFNG,IFNG,CXCL10,IFNG,IFNG,IFNG,IFNG,IFNG,CXCL10,IFNG,IFNG,IFNG,IFNG,CXCL10,IFNG,IFNG,IFNG,IFNG,IFNG,IFNG,CXCL10,IFNG,CXCL10,IFNG,IFNG,CXCL10,IFNGR1,IFNG,IFNG,IFNG,IL6,NOS2,RYR3,IFNG,IFNG,IFNG,IFNG,IFNG,IFNG,CXCL10,IFNG,IFNG,IFNG,IFNG,IFNG,IFNG,IFNG,DPM1,CXCL10,IFNG,IFNG,IFNG,IFNG,IFNG,CXCL10,IFNG,IFNG,IFNG,IFNG,IFNG,IFNG,IFNG,IFNG,IFNG,IFNG,IFNG,DPM1,IFNG,TLR2,DPM1,IFNG,IL1B,IFNG
TNF,TNF,TNF,IL12B,SCYL3,TNF,TNF,IL1B,IL12B,IL12B,TNF,IL12B,TNF,TNF,TNF,TNF,IL12B,IFNG,IL12B,TNF,TNF,TNF,IL12B,TNF,IFNG,TNF,AURKA,TNF,TNF,IFNG,IL1B,TNF,TNF,TNF,TNF,IFNG,TNF,TNF,TNF,TNF,IFNG,IL12B,TNF,TNF,TNF,TNF,TNF,IFNG,IL12B,IFNG,TNF,IL12B,IFNG,IL10,TNF,IL12B,TNF,TNF,IFNG,MIR6835,TNF,TNF,TNF,IL12B,TNF,TNF,IFNG,TNF,IL12B,IL12B,TNF,TNF,TNF,TNF,SCYL3,IFNG,IL12B,IL12B,TNF,TNF,TNF,IFNG,TNF,TNF,TNF,IL12B,IL12B,TNF,IL12B,IL12B,TNF,TNF,TNF,SCYL3,TNF,XCR4,SCYL3,TNF,TNF,TNF
IL1B,IL1B,IL1B,TNF,C1orf112,IL1B,IL1B,TNF,IL1B,IL10,IL1B,TNF,IL1B,IL1B,IL1B,IL1B,TNF,IL1B,TNF,IL1B,IL1B,IL1B,IL10,IL1B,IL1B,IFNG,FAM43B,IL1B,IL1B,IL1B,TNF,IL1B,IL1B,IL1B,IL1B,TNF,IL1B,IL1B,IL1B,IL1B,IL1B,TNF,IL1B,IL1B,IL1B,IL1B,IL1B,IL1B,IL10,TNF,IL1B,IL10,IL1B,TNF,IL1B,TNF,IL1B,IFNG,TNF,SLC17A9,IL1B,IL1B,IL1B,TNF,IL1B,IL1B,TNF,IL1B,IL10,TNF,IL1B,IL1B,IL1B,IL1B,C1orf112,IL1B,IL10,IL10,IL1B,IL1B,IL1B,IL1B,IL1B,IL1B,IL1B,TNF,TNF,IL1B,TNF,TNF,IL1B,IL1B,IL1B,C1orf112,IL1B,MMP8,C1orf112,IL1B,IFNG,IL1B
IL6,IL6,IL6,IL1B,FGR,IL6,IL6,IL6,TNF,TNFRSF1A,IL6,IL1B,IL6,IL6,IL6,IL6,IL1B,TNF,IL1B,IL6,IL6,IL6,TNF,IL6,TNF,IL1B,SCN3A,IL6,IL6,TNF,CRP,IL6,IL6,IL6,IL6,IL1B,IL6,IL6,IL6,IL6,TNF,IL1B,IL6,IL6,IL6,IL6,IL6,TNF,IL6,IL1B,IL6,TNF,TNF,IL6,IL6,IL1B,IL6,IL1B,IL1B,RSU1P3,IL6,IL6,IL6,IL1B,IL6,IL6,IL1B,IL6,TNF,IL1B,IL6,IL6,IL6,IL6,FGR,TNF,TNF,TNFA,IL6,IL6,IL6,TNF,IL6,IL6,IL6,IL1B,IL1B,IL6,IL1B,IL1B,IL6,IL6,IL6,FGR,IL6,CD40LG,FGR,IL6,IL6,IL6
IL12B,IL12B,IL12B,IL6,CFH,IL12B,IL12B,IL12B,CCL2,TGFB1,IL10,IL6,IL12B,IL10,IL12B,IL10,IL6,IL6,IL6,IL12B,IL12B,IL12B,IL6,IL12B,IL6,IL10,RAB11FIP5,IL12B,IL12B,IL6,S100A8,IL12B,IL10,IL10,IL12B,IL6,IL12B,IL12B,IL12B,IL12B,IL6,IL6,IL12B,IL10,IL12B,IL12B,IL12B,IL6,IL1B,IL6,IL12B,IL6,IL6,IL1B,IL12B,IL6,IL10,IL10,IL6,CTD-2308N23.4,IL12B,IL12B,IL12B,IL6,IL10,IL12B,IL6,IL12B,IL6,IL6,IL12B,IL12B,IL10,IL12B,CFH,IL6,IL6,IL6,IL10,IL10,IL10,IL6,IL12B,IL12B,IL12B,IL6,IL6,IL10,IL6,IL6,IL10,IL12B,IL12B,CFH,IL12B,CASP1,CFH,IL10,IL10,IL12B
IL10,IL10,IL10,IL10,FUCA2,IL10,IL10,IL10,CXCL10,STAT1,CXCL10,IL10,IL10,IL12B,IL10,TGFB1,IL10,IL12B,IL10,IL10,IL10,IL10,IL1B,IL10,CCL2,TGFB1,UBE2L2,IL10,IL10,CCL2,IL6,CCL2,CCL2,CXCL10,IL10,IL8,IL10,IL10,IL10,IL10,CCL2,IL10,IL10,IL12B,IL10,IL10,IL10,CCL2,IRF1,IL12B,IL10,CCL2,CCL2,CCL2,IL10,IL10,IL12B,CXCL10,IL12B,RP11-386G21.2,IL10,IL10,IL10,IL10,CXCL10,IL10,IL8,IL10,CCL2,IL10,IL10,IL10,TGFB1,IL10,FUCA2,CCL2,CCL2,IL1B,TGFB1,IL12B,IL12B,CCL2,IL10,IL10,IL10,CCL2,CCL2,IL12B,IL10,IL10,IL12B,IL10,IL10,FUCA2,CCL2,CXCR2,FUCA2,IL12B,CCL2,IL10
TGFB1,TGFB1,TGFB1,TGFB1,GCLC,CXCL10,CCL2,TGFB1,IDO1,STAT3,CCL2,CCL2,TGFB1,CCL2,CCL2,CCL2,CCL2,CCL2,CCL2,CCL2,TGFB1,TGFB1,IDO1,TGFB1,CXCR4,CCL2,ATP6V0C,CCL2,CCL2,IL12B,IL10,CCL5,CCL5,CCL2,TGFB1,CCL2,TGFB1,TGFB1,CCL2,TGFB1,IL12B,CCL2,TGFB1,CCL2,TGFB1,TGFB1,CCL2,IL12B,STAT1,IL10,TGFB1,CXCL10,CXCL9,CXCL10,TGFB1,TGFB1,CCL2,CCL2,IL10,RP11-163O19.1,TGFB1,TGFB1,CXCL10,CCL2,CCL2,TGFB1,CCL2,CCL2,CXCL10,CCL2,CCL2,TGFB1,CCL2,CCL2,GCLC,CXCL9,CCR5,CCL2,CCL2,CCL2,CCL2,IL12B,CCL2,TGFB1,TGFB1,CXCL10,CXCL10,CCL2,TGFB1,CCL2,CCL2,TGFB1,CCL2,GCLC,CXCL10,XCR8,GCLC,CCL2,CCL5,CCL2
CCL2,CCL2,CCL2,CCL2,NFYA,CCL2,CCL5,CCL2,STAT1,NFKB1,CCL5,CXCL10,CCL2,CCL5,CCL5,CCL5,CXCL10,CCL5,CXCL10,CCL5,CCL2,CCL2,STAT1,CCL2,CCR5,CXCL10,LTBP4,CCL5,CCL5,IL18,CCL2,CXCL10,CXCL10,CCL5,CCL2,CCL5,CCL2,CCL2,CCL5,CCL2,IL1A,CXCL10,CCL2,CCL5,CCL2,CCL2,CXCL10,IL1A,STAT3,TGFB1,CCL2,IDO1,CXCL11,IDO1,CCL2,CCL2,CCL5,CCL5,TGFB1,LOXL1,CCL2,CCL2,CCL2,CXCL10,TGFB1,CCL2,CCL5,CCL5,IDO1,CCL5,CXCL10,CCL2,CXCL10,CCL5,NFYA,IL12B,CXCR4,CXCL10,CCL5,CCL5,CCL5,IL18,CXCL10,CCL2,CCL2,IDO1,IDO1,CCL5,CCL2,CCL5,CCL5,CCL2,CXCL10,NFYA,IDO1,CFP,NFYA,CCL5,CXCL10,CCL5
CCL5,CXCL10,CCL5,CXCL10,STPG1,CCL5,CXCL10,CXCL10,IRF1,REL,TGFB1,IDO1,CCL5,CXCL10,CXCL10,CXCL10,IDO1,CXCR4,IDO1,CXCL10,CCL5,CCL5,STAT3,CCL5,IDO1,IDO1,SLC26A9,CXCL10,CXCL10,CXCL9,CXCL10,CXCL9,CXCL9,TGFB1,CCL5,CXCR4,CXCL10,CXCL10,CXCL10,CXCL10,IL10,IDO1,CCL5,CXCL10,CXCL10,CCL5,CCL5,IL10,NFKB1,CCL2,CCL5,STAT1,IDO1,STAT1,CCL5,CCL5,CXCL10,CRP,CCL2,RP4-705F19.1,CCL5,CCL5,IDO1,IDO1,STAT1,CCL5,IDO1,CXCL10,STAT1,CXCL10,CXCR4,CXCL10,CXCL9,CXCL10,STPG1,IL1A,STAT1,TGFB1,CXCL10,CXCL10,CXCL10,CXCR4,CXCL9,CCL5,CCL5,STAT1,STAT1,CXCL10,CXCL10,CXCL10,CXCL10,CCL5,CXCL9,STPG1,STAT1,CCR2,STPG1,CXCL10,CXCL9,CXCL10
CXCL10,IDO1,CXCL10,CXCR4,NIPAL3,TGFB1,CXCL9,CXCL9,GZMB,IRF1,STAT1,STAT1,CXCL10,CXCL9,CXCR4,CXCL9,NOS2,CCR5,STAT1,CXCR4,CXCL10,CXCL10,NFKB1,CXCL10,STAT1,MMP9,UBE2E2,CXCR4,CXCL9,CCL5,SLC2A1,CCR5,CXCR4,IDO1,CXCL10,CCR5,CCR5,IDO1,CXCL9,CCL5,TGFB1,STAT1,CXCL10,CXCR4,CXCL9,CXCL10,TGFB1,TGFB1,CD4,CCL5,CXCL10,STAT3,IRF1,IRF1,CXCL10,CXCL10,CXCR4,SAA1,CCL5,LINC01889,CXCL10,CXCL10,NOS2,NOS2,STAT3,CXCL10,NOS2,CXCL9,STAT3,CXCL9,STAT1,CCL5,CXCL11,CXCR4,NIPAL3,CCL5,STAT3,STAT1,IDO1,CXCL9,CXCL9,CCR5,IDO1,CXCL10,CXCL10,IRF1,IRF1,CXCL9,CXCL9,CXCL9,CXCL9,CXCL10,CCL5,NIPAL3,IRF1,C1QA,NIPAL3,CXCL9,CXCR4,CXCL9
CXCL9,STAT1,CXCL9,IDO1,ENPP4,IDO1,IDO1,CCR5,PRF1,IRF8,STAT3,IRF1,CXCL9,TGFB1,STAT1,IDO1,IRF1,IDO1,IRF1,TBX21,IDO1,CXCL9,CCL2,CXCR4,IRF1,VEGF,LINC01049,CCR5,IDO1,IDO1,ARG1,IDO1,CCR5,NOS2,CXCL9,IDO1,STAT1,NOS2,IDO1,IDO1,CXCR4,IRF1,IDO1,TGFB1,IDO1,CXCL9,STAT1,IL8,CD8A,CXCL9,CXCR4,CRP,GBP1,GZMA,CXCL11,CXCR4,IDO1,MMP9,CXCL10,LINC00489,CXCL9,CXCL9,IRF1,STAT1,IRF1,CXCL9,IRF1,CXCR4,CRP,IDO1,IRF1,IDO1,IDO1,STAT1,ENPP4,CXCR4,CRP,CRP,NOS2,CXCR4,IDO1,STAT1,STAT1,IDO1,CXCL9,IL10,IL10,IDO1,IDO1,IDO1,CXCR4,CXCL9,TGFB1,ENPP4,NOS2,COLEC11,ENPP4,IDO1,CCR5,IDO1
CXCR3,STAT3,CCR5,NOS2,SEMA3F,NOS2,NOS2,IDO1,FOXP3,SOCS3,NFKB1,GZMB,CXCR4,STAT1,STAT3,NOS2,STAT1,IDO2,GZMB,STAT1,NOS2,CXCR4,CXCL10,STAT1,GZMB,CRP,KCNG1,TGFB1,NOS2,IRF1,LYZ,STAT1,TGFB1,IRF1,IDO1,IDO2,STAT3,STAT1,STAT1,NOS2,CCR5,GZMB,NOS2,STAT1,NOS2,CCR5,STAT3,CCL5,CTLA4,CXCL11,CCR5,S100A8,STAT1,PRF1,CXCL9,CCR5,NOS2,VEGF,CXCL11,ENSG10010135223.1,IDO1,IDO1,STAT1,IRF1,IRF8,IDO1,STAT1,CCR5,S100A8,NOS2,GZMB,NOS2,NOS2,STAT3,SEMA3F,CCR5,SAA1,S100A8,LYZ,CCR5,NOS2,STAT3,STAT3,NOS2,CXCR4,TGFB1,TGFB1,NOS2,NOS2,IRGM,CCR5,CXCL11,VEGF,SEMA3F,TGFB1,AMPK,SEMA3F,NOS2,IDO1,NOS2
CCR5,NFKB1,STAT1,IRF1,CFTR,IRGM,IRF1,NOS2,TGFB1,PTGS2,RELA,PRF1,CCR5,STAT3,NFKB1,IRF1,STAT3,IRGM,PRF1,STAT3,STAT1,CCR5,TGFB1,STAT3,PRF1,SAA1,ARPC2,STAT1,IRF1,GBP1,DEFB4,STAT3,MMP9,STAT1,NOS2,IRGM,NFKB1,STAT3,STAT3,STAT1,IDO1,PRF1,STAT1,STAT3,MMP9,TLR2,NFKB1,IDO1,PDCD1,IDO1,STAT1,S100A9,IL12B,FOXP3,IDO1,IDO1,IRF1,TGFB1,CXCL9,OR52X1P,NOS2,STAT1,NFKB1,GZMB,NFKB1,STAT1,STAT3,IDO1,S100A9,IRF1,PRF1,STAT1,IRGM,NFKB1,CFTR,IL8,MMP9,S100A9,DEFB4,TGFB1,IRGM,NFKB1,NFKB1,IRF1,CCR5,VEGF,VEGF,IRGM,IRF1,LY96,IDO1,IDO1,MMP9,CFTR,VEGFA,APOC4,CFTR,IRF1,NOS2,IRF1
IDO1,RELA,STAT3,STAT1,ANKIB1,LY96,STAT1,IRGM,IL10,TLR2,IRF1,MMP9,IDO1,IRF1,RELA,STAT1,TGFB1,NOS2,MMP9,NFKB1,STAT3,IDO1,MMP9,NFKB1,LYZ,PTGS2,LZIC,STAT3,STAT1,STAT1,MMP9,NFKB1,MMP2,STAT3,MMP9,LY96,RELA,NFKB1,NFKB1,STAT3,NOS2,LYZ,STAT3,IRF1,VEGF,TLR4,RELA,NOS2,LAG3,NOS2,STAT3,MMP9,IL18,TGFB1,NOS2,NOS2,STAT1,STAT1,IDO1,RP11-325K2.1,IRF1,STAT3,MAPK14,PRF1,RELA,STAT3,NFKB1,NOS2,MMP9,STAT1,IDO1,STAT3,LYZ,RELA,ANKIB1,IL10,VCAM1,MMP9,MMP9,MMP9,LYZ,RELA,RELA,STAT1,STAT1,MMP9,MMP9,LYZ,STAT1,MMP9,NOS2,NOS2,MMP2,ANKIB1,MMP9,APOR1,ANKIB1,STAT1,MMP9,STAT1
NOS2,IRF1,NFKB1,STAT3,CYP51A1,TLR2,STAT3,LYZ,ARG1,TLR4,IRF5,VEGF,NOS2,IRF8,IRF1,STAT3,VEGF,LYZ,VEGF,RELA,NFKB1,NOS2,VCAM1,RELA,MMP9,TLR2,ALX1,NFKB1,STAT3,SOCS3,VCAM1,RELA,VEGF,NFKB1,MMP2,MMP9,IRF1,RELA,RELA,NFKB1,MMP9,MMP9,NFKB1,IRF5,PTGS2,MYD88,IRF1,MMP9,HAVCR2,IRF1,NFKB1,TGFB1,CHI3L1,VEGF,IRF1,IRF1,STAT3,STAT3,IRGM,SPATA12,STAT1,NFKB1,TGFB1,CTLA4,TLR2,NFKB1,RELA,IRGM,VCAM1,STAT3,NOS2,NFKB1,DEFB4,IRF1,CYP51A1,TGFB1,ICAM1,VCAM1,VEGF,MMP2,MMP9,IRF1,IRF1,STAT3,STAT3,MMP2,MMP2,MMP9,STAT3,NOS2,IRGM,IRF1,STAT1,CYP51A1,TIMP1,APOR3,CYP51A1,STAT3,MMP2,STAT3
IRF1,IRF8,RELA,VEGF,KRIT1,TLR4,NFKB1,MMP9,MRC1,CD14,IRF7,TGFB1,IRF1,NFKB1,IRF8,NFKB1,MMP9,DEFB4,TGFB1,IRF3,RELA,IRF1,ICAM1,IRF1,VEGF,TLR4,LTV1,RELA,NFKB1,IL10,ICAM1,TLR2,STAT1,RELA,VCAM1,NOS2,IRF8,IRF1,IRF1,RELA,VEGFA,MMP1,RELA,NFKB1,STAT1,NFKB1,IRF8,VEGF,TGFB1,STAT1,RELA,IL1B,MMP9,MMP9,IRF5,STAT1,NFKB1,NFKB1,LYZ,RP11-296I10.5,STAT3,RELA,VEGFA,PDCD1,TLR4,RELA,MAPK14,LYZ,ICAM1,TGFB1,TGFB1,IRF1,CAMP,IRF8,KRIT1,IDO1,IL1B,ICAM1,,VEGFA,MMP1,IRF8,IRF5,NFKB1,IRF1,TIMP1,TIMP1,MMP2,SOCS3,STAT1,LYZ,STAT1,STAT3,KRIT1,CTLA4,APOQ,KRIT1,NFKB1,VEGFA,NFKB1
STAT1,MAPK14,IRF1,MMP9,RAD52,MYD88,RELA,MMP1,VEGFA,LY96,TLR2,ARG1,STAT1,RELA,TLR2,RELA,MMP2,LTB4R,ARG1,IRF7,IRF1,STAT1,CRP,IRF8,ANGPT2,MYD88,VPS25,IRF1,RELA,TGFB1,STAT1,TLR4,STAT3,APOE,ICAM1,S100A8,APOE,IRF5,IRF8,IRF1,PTGS2,TIMP1,IRF1,RELA,STAT3,RELA,MAPK14,CXCR4,IL2RA,STAT3,IRF1,PTGS2,VEGFA,TIMP1,IRF8,STAT3,RELA,RELA,MMP9,SLC39A12-AS1,NFKB1,IRF1,MMP9,LAG3,MYD88,TLR2,MAPK8,DEFB4,TGFB1,VEGF,VEGF,IRF5,MMP9,MAPK14,RAD52,STAT1,IL2,PTGS2,,PTGS2,VEGF,APOE,SOCS3,RELA,IRF8,TIMP2,TIMP2,TIMP1,TLR2,STAT3,MMP9,STAT3,NFKB1,RAD52,PDCD1,CCR3,RAD52,NFKB2,PTGS2,RELA
STAT3,MAPK8,IRF8,MMP2,MYH16,NFKB1,MAPK14,TIMP1,MMP9,MYD88,TLR4,NOS2,STAT3,MAPK1,TLR4,MAPK14,TIMP1,PTGS2,NOS2,TLR2,IRF8,STAT3,SAA1,TLR2,FGF2,NFKB1,SLC39A11,IRF8,MAPK14,VEGF,IRF1,MYD88,IRF1,CRP,SELE,S100A9,S100A8,IRF8,TLR2,IRF8,SAA1,VEGF,IRF8,APOE,NFKB1,STAT1,MAPK8,CCR5,IL4,NFKB1,IRF8,NFKB1,TGFB1,CTLA4,STAT1,NFKB1,MAPK14,IRF1,MMP2,RP11-621K7.1,RELA,IRF8,TIMP1,TGFB1,TRAF6,TLR4,MMP9,S100A8,ARG1,MMP9,MMP9,TLR2,MMP1,MAPK1,MYH16,STAT3,IL4,NFKB1,,NOS2,FGF2,SAA1,PTGS2,TLR2,NFKB1,FGB,FGB,VCAM1,TLR4,TGFB1,MMP2,NFKB1,RELA,MYH16,LAG3,APOR2,MYH16,RELA,SAA1,TLR2
NFKB1,PIK3CA,TLR2,TIMP1,BAD,RELA,MAPK8,VEGFA,TIMP1,TRAF6,MYD88,SOD2,NFKB1,MAPK14,MYD88,MAPK1,TIMP2,MMP9,PTGS2,TLR4,APOE,NFKB1,PTGS2,TLR4,PDGFB,STAT1,NPTXR,TLR2,MAPK8,MMP9,GZMB,IRF3,IRF8,SAA1,SELP,STAT1,S100A9,SOCS1,TLR4,TLR2,CRP,FGF2,APOE,CRP,RELA,STAT3,TLR2,STAT1,CRP,RELA,TLR2,RELA,PTGS2,PDCD1,STAT3,RELA,MAPK8,IRF7,VCAM1,RAB34,TLR2,TLR2,CRP,VEGFA,MAPK14,MYD88,VEGFA,S100A9,PTGS2,MMP2,TIMP1,TLR4,VEGF,AKT1,BAD,IRF1,IL17A,RELA,,IDO1,TGFB1,CRP,MMP9,TLR4,RELA,FGA,FGA,ICAM1,MYD88,TLR2,TGFB1,RELA,TLR2,BAD,FOXP3,APOR9,BAD,RELB,CRP,TLR4
RELA,AKT1,TLR4,TIMP2,LAP3,STAT1,TGFB1,PTGS2,PTGS2,MAPK14,TRAF6,CRP,RELA,JUN,TRAF6,MAPK8,S100A8,MMP2,SAA1,MYD88,CRP,RELA,LTB4R,MYD88,TGFB1,IRF1,SIGLEC8,TLR4,JUN,MMP2,PRF1,IRF5,NFKB1,MMP9,ITGB2,STAT3,MMP9,SOCS3,MYD88,TLR4,CEACAM1,TGFB1,CRP,SAA1,IRF1,IRF3,TLR4,STAT3,SAA1,MAPK14,TLR4,JAK1,SAA1,LAG3,NFKB1,MAPK14,TGFB1,TLR2,ICAM1,IGHV3-16,TLR4,TLR4,SAA1,MMP9,MAPK8,IRF3,ANGPT2,MMP9,NFKB1,TIMP1,CTLA4,MYD88,ANGPT2,PTEN,LAP3,IRF5,FGF2,TLR2,,STAT1,ARG1,VCAM1,MMP2,MYD88,TLR2,PROC,PROC,SELE,NFKB1,TLR4,STAT1,MAPK1,TLR4,LAP3,ARG1,APOE,LAP3,MAPK1,SERPINA1,MYD88
APOE,PTEN,MYD88,CTSS,HS3ST1,STAT3,VEGFA,SAA1,CXCL8,MAPK1,MAPK14,SAA1,TLR2,FOS,MAPK14,TBX21,S100A9,VEGFA,CRP,CD14,SAA1,APOE,IL2RA,TRAF6,MMP1,IRF8,IL17RD,MYD88,FOS,TIMP1,NOS2,VEGF,RELA,MMP2,MRC1,VEGF,MMP2,PTGS2,TRAF6,MYD88,LYZ,CTLA4,SAA1,MMP9,IRF5,IRF7,CD14,NFKB1,MMP9,MAPK8,MYD88,JAK2,CRP,CD4,NFKB2,TLR2,MMP9,TLR4,STAT1,RP11-434H14.1,MYD88,MYD88,DEFB4,MMP2,PTGS2,IRF7,PTGS2,MMP1,IL1B,TIMP2,PDCD1,S100A8,FGF2,TGFB1,HS3ST1,NFKB1,TGFB1,IL2RA,,STAT3,INHBA,ICAM1,VEGF,CD14,TLR4,SERPINA1,SERPINA1,SELL,RELA,VDR,STAT3,MAPK14,MYD88,HS3ST1,MRC1,CD80,HS3ST1,MAPK14,FGG,CHI3L1
CRP,MTOR,TRAF6,GZMB,AOC1,IRF1,MMP9,CRP,IL6,MAPK8,MAPK8,PTX3,TLR4,APOE,MAPK1,GATA3,LYZ,ANGPT2,LBP,CD4,MMP9,CRP,IL4R,MAPK14,MMP2,APOE,PREX1,TRAF6,APOE,TIMP2,IDO1,MMP9,APOE,TIMP1,CD68,ARG1,TIMP2,MMP9,MAPK14,TRAF6,DEFB4A,PDCD1,MMP9,MMP2,SOCS3,IDO1,CD4,NFKB2,MMP2,JUN,TRAF6,IRF3,LBP,CD8A,RELA,TLR4,MMP2,MYD88,STAT3,RP11-646E18.4,TRAF6,TRAF6,LYZ,TIMP1,CRP,MAPK14,SAA1,VEGFA,IL2,CTLA4,LAG3,S100A9,PDGFB,VEGFA,AOC1,NFKB2,MMP2,IL4R,,NFKB1,CHI3L1,MMP9,FGF2,CD4,MYD88,CRP,CRP,TLR2,APOE,CXCR4,NFKB1,MYD88,IRF3,AOC1,PTGS2,CD19,AOC1,MAPK8,FGB,MMP9
SAA1,HIF1A,MAPK14,PRF1,WNT16,IRF8,MMP2,APOE,CRP,JUN,MAPK1,CXCR4,MYD88,CRP,JNK1,FOXP3,DEFB1,FGF2,CD14,CD8A,MMP2,SAA1,IL6R,MAPK8,TIMP1,ARG1,JPT2,MAPK1,S100A8,CTLA4,CTLA4,MMP2,S100A8,VEGF,LYZ,CEACAM1,TBX2,MMP1,MAPK8,MAPK14,LTF,LAG3,MMP2,VEGF,MYD88,NOS2,CD8A,RELA,VCAM1,FOS,MAPK14,IRF7,CD14,CD14,RELB,MYD88,VEGFA,TRAF6,NFKB1,RP11-812E19.12,MAPK14,MAPK14,MPO,TIMP2,SAA1,MAPK8,CRP,FGF2,IL4,PDCD1,HAVCR2,MMP9,HGF,MMP9,WNT16,RELA,SLC2A1,IL6R,,RELA,SAA1,MMP2,TGFB1,CD8A,TRAF6,SAA1,SAA1,TLR4,CRP,CCR5,RELA,TLR2,IRF7,WNT16,LTB4R,CASP10,WNT16,TBX21,FGA,MMP2
MMP9,VEGFA,MAPK1,NKG2D,HECW1,GZMA,TIMP1,HP,SAA1,FOS,JUN,CCR5,TRAF6,SAA1,P38,IL12B,CAMP,PDGFB,TLR2,CD68,VEGFA,MMP9,IL10RA,JUN,TIMP2,NOS2,TPSAB1,MAPK14,S100A9,PDCD1,PDCD1,TGFB1,S100A9,EGFR,CTSD,CD14,ELN,VEGFA,JUN,MAPK8,MPO,HAVCR2,VEGFA,EGFR,TLR2,VEGF,CD68,RELB,ICAM1,APOE,MAPK8,TLR2,TLR2,CD68,MAPK1,TRAF6,PTGS2,MAPK14,RELA,IL13,MAPK1,MAPK8,LTF,SAA1,MMP9,JUN,APOE,TGFB1,IL5,LAG3,FOXP3,MMP2,EGFR,MMP2,HECW1,RELB,HK2,IL10RA,,IRF1,CRP,TIMP1,CTGF,FOXP3,MAPK1,PTX3,PTX3,MYD88,SAA1,SELL,APOE,TLR4,IDO1,HECW1,ALOX5,CD4,HECW1,GATA3,PLAU,VEGF
MMP2,MMP9,JNK1,HLA-DRA,MAD1L1,PRF1,CTSS,ORM1,HP,APOE,FOS,TLR2,MAPK14,MMP9,TGFB1,IL23A,TLR2,SERPINE1,TLR4,CD163,FGF2,MMP2,TNFRSF1A,FOS,CTSB,MRC1,MYB,JNK1,MMP9,LAG3,LAG3,CTGF,LYZ,PDGFB,PDCD1,CD36,COL1A1,ANGPT2,FOS,JUN,S100A8,FOXP3,FGF2,PDGFB,TLR4,MMP9,CD80,IRF1,CXCL8,CRP,AKT1,TLR4,TLR4,CD163,MAPK14,CASP1,SAA1,MAPK8,MAPK14,RP11-640N20.9,JNK1,JUN,S100A8,CRP,MMP2,FOS,AGT,ARG1,IL13,HAVCR2,SOCS3,VEGF,STAT1,TIMP1,MAD1L1,MAPK1,PKM,IL17A,,IRF5,PTX3,TIMP2,COL1A1,IL2RA,MAPK14,NOS2,NOS2,NFKB1,VCAM1,ICAM1,CRP,CD14,NOS2,MAD1L1,TBX21,C5AR2,MAD1L1,FOXP3,PAI1,FGF2
TIMP1,MMP2,P38,HLA-DRB1,LASP1,CTLA4,GZMB,SERPINA1,CEACAM1,ARG1,AP1,TLR4,MAPK1,MMP2,VEGF,IFNGR1,TLR4,FGA,MYD88,MRC1,HIF1A,VEGFA,TNFRSF1B,APOE,CTSD,SOD2,ANKRD7,P38,MMP2,HAVCR2,TIMP1,ARG1,DEFB1,FGF2,CTLA4,CD40,ACTA2,FGF2,APOE,FOS,S100A9,IL17A,EGFR,FGF2,CD14,MMP2,CD86,IRF5,CXCL10,SAA1,PTEN,MMP2,LYZ,S100A8,MAPK8,NLRP3,CRP,JUN,MAPK8,SPTBN2,P38,FOS,S100A9,PTX3,VEGFA,PTGS2,FGA,MRC1,IL17A,FOXP3,NFKB1,ANGPT2,STAT3,CTSS,LASP1,MAPK14,LDHA,IL17R,,TLR2,HP,VEGF,FN1,CTLA4,JNK1,ARG1,ARG1,RELA,ICAM1,VCAM1,SAA1,LY96,ARG1,LASP1,GATA3,IL33,LASP1,IL2,TF,TGFB1
VEGF,TIMP1,PTGS2,CD14,SNX11,PDCD1,PRF1,FGA,CD14,IDO1,PTGS2,MYD88,JNK1,TIMP1,MMP9,TNFRSF1A,MYD88,FGB,NFKB1,MMP1,SLC2A1,ANGPT2,JAK1,S100A8,CTSS,CAT,FOXD4L1,FOXP3,VEGF,FOXP3,TIMP2,NOS2,CAMP,ANGPT2,LAG3,CD86,FGF2,PDGFB,CRP,APOE,NGAL,IL22,PDGFB,ESR1,LYZ,TIMP1,HLA-DRA,IRF8,CCL2,PTGS2,FOXO3,CXCL12,DEFB4,S100A9,TLR2,AIM2,SERPINA1,FOS,TLR2,FIGNL2,AP1,APOE,VCAM1,LBP,FGF2,MMP9,FGB,CD14,IL23A,IL2RA,RELA,PTGS2,NFKB1,GZMB,SNX11,MAPK8,ARG1,IFNGR1,,TLR4,ORM1,EGFR,TLR2,PDCD1,P38,SOD2,SOD2,STAT1,MMP9,SELE,PTGS2,MRC1,SOD2,SNX11,RORC,C8B,SNX11,IL4,VWF,ARG1
EGFR,CTSS,NOS2,CD4,TMEM176A,LAG3,FOXP3,FGB,TLR2,CTLA4,NOS2,NFKB1,PIK3CA,VEGFA,MMP2,TLR2,NFKB1,FGG,RELA,MMP9,HK2,PTGS2,JAK2,S100A9,NKG2D,GCLM,SPIRE2,CTLA4,FGF2,ARG1,TGFB1,SLC2A1,NOS2,PTGS2,HAVCR2,CRP,NOS2,ESR1,SAA1,CRP,MMP1,IL23A,ESR1,PGR,DEFB1,TIMP2,HLA-DRB1,APOE,CCL5,MMP9,HIF1A,FGF2,HAMP,CRP,TLR4,PYCARD,FGA,AP1,TLR4,REV1,JUN,S100A8,ICAM1,CD14,PDGFB,MMP2,FGG,CD163,IFNGR1,GZMA,MAPK14,CXCL8,RELA,PRF1,TMEM176A,JUN,S100B,IFNGR2,,MYD88,APOE,PDGFB,TLR4,LAG3,AKT1,CAT,CAT,STAT3,MMP2,PTPN22,HP,MMP9,CAT,TMEM176A,IL17A,FCN2,TMEM176A,IL17A,PROC,INDO
PDGFB,GZMB,IDO1,CD8A,M6PR,HAVCR2,IL17A,FGG,MYD88,PDCD1,IDO1,RELA,AKT1,EGFR,TIMP1,TLR4,RELA,CRP,APOE,VEGF,PKM,TBX21,TYK2,MMP9,NLRX1,GCLC,PSG8,PDCD1,PDGFB,NOS2,VEGF,HK2,IDO1,ALB,CD38,DEFB4A,ARG1,ESR2,VCAM1,SAA1,MMP8,NLRX1,PGR,NR3C1,S100A8,CTGF,HLA-E,S100A8,CXCR4,MMP2,VEGFA,PDGFB,FTL,SAA1,MYD88,S100A8,FGB,HIF1A,CD14,SPNS2,FOS,S100A9,SELE,TLR2,COL1A1,VEGFA,SERPINE1,TLR2,IL10RA,GZMB,JUN,CCL3,MAPK14,CASP1,M6PR,FOS,GFAP,TNFRSF1A,,TRAF6,TLR2,FGF2,MYD88,HAVCR2,PIK3CA,GCLM,GCLM,MAPK1,TIMP1,CTLA4,ORM1,MMP2,GCLM,M6PR,IL22,CRTH2,M6PR,IL22,THBD,CRP
FGF2,PRF1,MMP9,FOXP3,CYP26B1,FOXP3,IL22,PROC,NFKB1,CRP,MMP9,APOE,PTEN,PDGFB,CTGF,MYD88,MAPK14,SAA1,AGT,FGF2,LDHA,GATA3,IRF3,MMP2,AIM2,HMOX1,KLHDC8B,LAG3,TGFB1,INHBA,FGF2,PGK1,PTX3,HP,HLA-DRB1,HP,SLC2A1,VDR,ICAM1,VCAM1,TIMP1,TLR2,AR,NR3C2,S100A9,FN1,MRC1,S100A9,CCR5,VEGFA,MMP9,SLC2A1,FTH1,VCAM1,TRAF6,S100A9,FGG,NOS2,CD4,KLHL2,PTGS2,CRP,SELL,TLR4,COL3A1,ANGPT2,TF,TLR4,TNFRSF1A,PRF1,FOS,CCR5,MAPK8,CASP3,CYP26B1,AP1G1,BDNF,TNFRSF1B,,MAPK14,TLR4,TGFB1,TRAF6,TBX21,PTEN,GCLC,GCLC,MAPK14,VEGF,PDCD1,CEACAM1,TIMP1,GCLC,CYP26B1,IL23A,IDO1,CYP26B1,IL23R,EPOR,SAA1
ESR1,FOXP3,MMP2,TBX21,ICA1,MMP1,CXCR4,PLAU,RELA,SAA1,MMP2,ACE,FOXO3,FGF2,FGF2,TRAF6,MAPK1,SAA2,ACE,TGFB1,ARG1,FOXP3,VEGF,VEGFA,NLRP3,NQO1,DTX1,TIM3,CTGF,INHBB,HIF1A,S100A8,CRP,TF,CD4,ICAM1,HK2,NR3C1,ESR1,ICAM1,TIMP2,TLR4,VDR,PTGS2,CRP,COL1A1,MMP1,MMP1,PTGS2,ANGPT2,MMP2,HK2,SLC11A1,ICAM1,LY96,MMP9,TF,IDO1,CD8A,SNORD22,COX2,SAA1,ESR1,MYD88,FN1,ESR1,VWF,MYD88,VEGFA,CASP1,APOE,CXCR4,TLR2,APOE,ICA1,TLR2,ALB,VEGFA,,MAPK1,MYD88,CTLA4,CASP1,GATA3,VEGF,NQO1,NQO1,JUN,EGFR,LAG3,CD14,VEGFA,HMOX1,ICA1,IL10,CXCL10,ICA1,TGFB1,HAMP,VCAM1
PGR,IL2RA,VEGFA,GATA3,DBNDD1,MMP9,CCR5,PAI1,APOE,IL6,VEGFA,AGT,SIRT1,ESR1,PDGFB,IRAK1,JNK1,APOE,F3,CTGF,INHBA,IL4,PDGFB,FGF2,CASP1,SLC11A1,BLID,IDO1,COL1A1,ACVR1,EPO,S100A9,SAA1,FGA,CD8A,IL10,PFKFB3,NR3C2,PGR,SELE,CTSB,MYD88,RXRA,ALB,SAA1,COL3A1,MMP9,MMP2,ALB,FGA,TIMP1,PFKM,NOS2,ESR1,CD14,MMP2,F5,ARG1,FOXP3,LINC01046,LTB4,VCAM1,PGR,NFKB1,VWF,PGR,PROC,NFKB1,MMP2,NLRP3,SAA1,SLAMF1,TLR4,S100A8,DBNDD1,TLR4,FGA,MMP2,,JNK1,NFKB1,PDCD1,NLRP3,RORC,ANGPT2,HMOX1,HMOX1,FOS,PDGFB,HAVCR2,TLR2,FGF2,PTGS2,DBNDD1,SOCS3,CFH,DBNDD1,MMP9,SLC11A1,ICAM1
NR3C1,CD4,FGF2,RORC,ALS2,TIMP1,TLR2,TF,AGT,IL1B,ANGPT2,FGA,HIF1A,PGR,COL1A1,IRAK4,p38,ARG1,FGB,COL1A1,IL2RA,IL13,FGF2,EGFR,PYCARD,CTLA4,OPA1-AS1,ARG1,FN1,ACVR2A,ANGPT2,CRP,SAA2,FGB,FOXP3,IL12B,LDHA,APOE,NR3C1,SELL,CTSD,NFKB1,PPARG,FGA,HP,HIF1A,TIMP1,MMP7,FGG,FGB,CTGF,PKM,ARG1,PGR,CRP,VEGF,F10,CTLA4,GZMB,RP11-248M19.2,PGE2,ICAM1,NR3C1,RELA,FGA,NR3C1,ICAM1,RELA,MMP7,AIM2,CRP,SLAMF8,MYD88,S100A9,ALS2,CD14,FGB,MMP7,,AKT1,RELA,LAG3,AIM2,RARA,MMP9,SLC11A1,SLC11A1,APOE,FGF2,FOXP3,TLR4,EGFR,ALB,ALS2,NFKB1,BNP,ALS2,MMP2,SLC2A1,SELE
NR3C2,CD8A,EGFR,IL17A,CASP10,VEGF,TLR4,VWF,ACE,TNF,FGB,FGB,VEGFA,NR3C1,FN1,IL1R1,ERK1,INHBA,PLAU,FN1,IL2RB,IL17A,MMP2,PDGFB,IL18,PDCD1,BDH2,NOS2,ITGB1,ACVR2B,PTGS2,SAA1,VCAM1,FGG,IL2RA,IL1R1,PCK1,APP,NR3C2,PTGS2,CTSS,RELA,PPARD,FGB,ORM1,ANGPT2,VEGF,TIMP1,FGA,FGG,PDGFB,LDHA,MPO,AR,SAA1,ANGPT2,PLAU,PDCD1,PRF1,C10orf55,MMP9,MMP9,NR3C2,APOE,FGB,NR3C2,VCAM1,STAT1,TIMP1,PYCARD,PTX3,CD14,TNFAIP3,CRP,CASP10,LY96,FGG,TIMP1,,PIK3CA,STAT1,HAVCR2,PYCARD,PPARG,MMP2,TLR2,TLR2,CRP,ANGPT2,GATA3,MYD88,PDGFB,CRP,CASP10,RELA,IL1F7,CASP10,VEGFA,HK2,SELL
PTGS2,CD14,PDGFB,IL22,CFLAR,ANGPT2,MYD88,ESR1,NOS2,CCL2,FGA,FGG,MMP9,NR3C2,VCAM1,IL6R,AKT1,INHBB,SERPINE1,VCAM1,IL2RG,IL22,MMP7,ESR1,IL12B,LAG3,IL10RB-DT,MMP9,ITGA5,BMPR1A,COX2,PTX3,ICAM1,PLAU,CSF2,IL6R,FBP1,BACE1,PPARG,MMP9,CTSL,MAPK14,RXRG,FGG,FGG,PTGS2,FGF2,TIMP2,FGB,SERPINE1,FGF2,NOS2,LTF,NR3C1,MMP9,PTGS2,PLAT,LAG3,CTLA4,RP11-46F15.2,MMP2,MMP2,PPARG,AGT,FGG,PPARG,SELE,STAT3,FN1,S100A8,VCAM1,CD36,PTGS2,SAA1,CFLAR,MYD88,PLAT,TIMP2,,PTEN,STAT3,IDO1,GZMA,RXRA,TIMP1,TLR4,TLR4,SAA1,ESM1,TBX21,TRAF6,ANGPT2,SAA1,CFLAR,IKBKG,CLU,CFLAR,PTGS2,PFK1,PTGS2
ALB,CD68,ESR1,IL23R,TFPI,FGB,TRAF6,PGR,INDO,CCL5,PROC,PROC,MMP2,PTGS2,ICAM1,IL10R,PIK3CA,TGFB1,PAI1,ICAM1,IL4,IL23R,TIMP1,PGR,IL23A,HAVCR2,PARD6G,MMP2,VCAM1,BMPR1B,LTB4R1,BDNF,SELE,SERPINE1,CSF1R,LBP,CXCL8,MAPT,RXRA,MMP2,GZMA,MAPK8,NR3C1,TF,FGA,PTGES,EGFR,TIMP3,HP,PAI1,EGF,ARG1,NGP,NR3C2,MMP2,ALB,PAI1,HAVCR2,PDCD1,EGLN3,TIMP1,VEGF,RXRA,ACE,PLAT,RXRA,SELL,JAK1,COL1A1,S100A9,ICAM1,ITGAM,SAA1,VCAM1,TFPI,TRAF6,CXCL10,FGF2,,FOXO3,IRF1,ARG1,PRF1,NR3C1,TIMP2,MYD88,MYD88,HP,SELE,RORC,MAPK14,MMP1,VCAM1,TFPI,MAPK14,LTF,TFPI,CXCR4,PKM,LTB4R
AGT,CD163,PGR,IL12RB1,NDUFAF7,FGG,SOD2,AR,SOD2,CXCL10,SERPINE1,SERPINA1,TIMP1,NOS2,SELE,TGFBR1,PTEN,TGFB2,PROC,SELE,IL5,IFNGR1,TIMP2,NR3C1,IL1A,FOXP3,ERFL,VEGF,ICAM1,BMPR2,LTB4R2,NGF,SELL,PAI1,STAT1,MSR1,CCL5,SFTPA1,RARA,TIMP1,GZMB,JUN,NR3C2,F8,FGB,TBXAS1,PDGFB,CD14,ORM1,TF,EGFR,BDNF,MMP1,VDR,TIMP1,SAA1,TIMP1,FOXP3,LAG3,HS6ST1,VEGF,FGB,VDR,NOS3,PAI1,VDR,SELPLG,JAK2,PDGFB,LYZ,SELE,ITGB2,CRP,ICAM1,NDUFAF7,IRAK1,CCL5,PDGFB,,SIRT1,IRF5,NOS2,CXCR4,NR3C2,CTGF,NFKB1,NFKB1,ORM1,SELL,IL17A,MAPK1,MMP8,ICAM1,NDUFAF7,MAPK8,XCR7,NDUFAF7,CCR5,LDHA,LTB4
ACE,CD80,NR3C1,IFNGR1,RBM5,PLAU,CAT,NR3C1,CAT,CXCL9,CRP,SERPINE1,TIMP2,ARG1,SELPLG,CD14,FOXO3,TGFB3,THBD,SELPLG,IL13,TNFRSF1A,CXCR4,NR3C2,IL1R1,IL2RA,ABCD4,ANGPT2,SELE,SMAD2,TBXAS1,GDNF,ESM1,F3,STAT3,MUC5B,CXCR4,SFTPB,RARB,VEGF,PRF1,FOS,HIF1A,F9,SERPINA1,ALOX5,ESR1,TLR2,JAK1,F5,KDR,S100B,MMP8,RXRA,TIMP2,CRP,TIMP2,IL12A,HAVCR2,ERVK-28,ANGPT2,FGA,MYD88,FGA,TF,APOE,CD40,TYK2,FGF2,DEFB1,SELPLG,FCGR1A,SERPINA1,SELE,RBM5,IRAK4,GZMB,COL1A1,,HIF1A,CEBPB,INDO,CCR5,VDR,FN1,RELA,RELA,ORM2,SELP,IL22,MAPK8,MMP13,SELE,RBM5,JNK1,CCL3,RBM5,CD4,ENO1,TXA2R
AGT,CD86,NR3C2,TNFRSF1A,MTMR7,SERPINE1,GSR,NR3C2,GPX1,CXCL8,SAA1,PLAT,CTSB,IDO1,ITGB2,CD80,HIF1A,BDNF,VWF,ESR1,IL17A,TLR2,CCR5,VDR,IL6R,IL4,GCNAP1,PTGS2,SELL,SMAD3,PTGDR,GFAP,F3,VWF,IRF1,PTGS2,TLR2,SFTPC,RARG,FGF2,CASP1,APOE,FOXO3,F10,APOE,LTB4R1,PGR,TLR4,JAK2,PROC,FLT1,GFAP,TIMP1,PPARG,VEGF,HP,ICAM1,IL12B,TBX21,TMEM154,PDGFB,PROC,TLR2,FGB,PROC,LDLR,CD40LG,SOCS3,ESM1,CAMP,FGA,FCGR2B,FGG,SELL,MTMR7,CASP1,PRF1,COL3A1,,APOE,MAPK14,SLC2A1,ICAM1,ESR1,COL1A1,IRAK1,IRAK1,CD14,CD40,IL23A,JUN,CTGF,SELB,MTMR7,P38,FP,MTMR7,CD8A,PGAM1,PTGER2
FGA,HLA-DRA,VDR,TNFRSF1B,SLC7A2,PROC,GCLM,VDR,SLC11A1,MMP9,CEACAM1,PLAU,CTSD,SLC2A1,ITGAM,CD86,ARG1,NGF,SELE,ESR2,IL22,TLR4,ITGB1,RXRA,TNFRSF1A,IL12B,PCBD1,LTB4R,SELPLG,SMAD4,PTGER2,IL10,F5,PROC,IRF8,SAA1,TLR4,SFTPD,VDR,EGFR,CASP4,S100A8,SIRT1,PLAU,ARG1,PTGER2,NR3C1,MYD88,TYK2,NR3C1,ICAM1,F3,TIMP2,PPARD,EGFR,TF,VCAM1,IL23A,GATA3,RNA5SP323,FGF2,SERPINE1,TLR4,FGG,THBD,HMGCR,CD80,PTGS2,SELE,LTB4R,FGB,C3,FGA,ESM1,SLC7A2,NLRP3,IDO1,FN1,,SAA1,MAPK8,HK2,VCAM1,ESR2,COL3A1,TRAF6,TRAF6,CD36,CD40LG,IL4,FOS,COL1A1,SELP,SLC7A2,ERK1,APOO,SLC7A2,CD14,TPI1,PTGER4
FGB,HLA-DRB1,RXRA,CCR5,ARF5,THBD,GCLC,PPARG,NRAMP1,MMP2,MUC5B,PAI1,CTSL,HK2,ITGAX,HLA-DRA,INOS,S100A8,ICAM1,NR3C1,IL23A,MYD88,SLC2A1,PPARG,TNFRSF1B,IL17A,SH2D5,ALOX5,PTGS2,SMAD5,ALOX5,NR3C1,FGA,THBD,TLR2,SERPINA1,MYD88,ABCA1,MMP9,PDGFB,CASP8,S100A9,MTOR,PLAT,MRC1,PTGER4,NR3C2,TRAF6,STAT4,HSD11B1,VCAM1,TFPI,ELANE,PPARA,PDGFB,FGA,SELE,IL17A,RORC,C1orf52,EGFR,F3,CD14,VWF,NOS2,FASN,CD86,HP,SLC2A1,PTGER2,FGG,C5,FGB,FGA,ARF5,AIM2,IRF1,SLC2A1,,CRP,JUN,PFK1,SELE,MMP1,SAA1,MAPK14,MAPK14,CD163,CD80,IL13,ARG1,COL3A1,FGA,ARF5,JUN,SAA1,ARF5,TLR2,ALDOA,ALOX5
FGG,TLR2,PPARG,CCR7,SARM1,VWF,NQO1,RXRA,CTLA4,TIMP2,LTB4R,BDNF,GZMA,PFK1,CD14,HLA-DRB1,MRC1,S100A9,VCAM1,NR3C2,IL1A,TRAF6,HK2,PPARA,TRAF2,IL22,GASK1B,LTB4,COX2,SMAD9,ALOX15,HSP90AA1,FGB,SELE,TLR4,TLR2,TRAF6,ABCA3,MMP2,ESR1,CASP9,CRP,RPTOR,SERPINE1,MSR1,S100A8,PPARG,MAPK1,STAT6,SLC2A1,SELE,PLAT,AZU1,APOE,FGF2,FGB,SELL,IL17F,IL17A,RP11-349L8.1,PDGFR,TF,CD4,PLAT,ARG1,SREBF1,TLR2,SAA1,HK2,ALOX5,PLAT,C5AR1,PLAU,FGB,SARM1,PYCARD,IRF5,HK2,,VCAM1,FOS,PKM,SELL,MMP2,CRP,MAPK1,MAPK1,MRC1,CD86,IL5,MPO,ACTA2,FGB,SARM1,FOS,C6,SARM1,TLR4,FBP1,ALOX15
VWF,TLR4,SREBF1,CXCR3,POLDIP2,CRP,HMOX1,RARA,PDCD1,FGF2,CXCR4,NGF,GZMB,PKM,CD4,HLA-DQA1,CD14,TLR2,ESM1,PPARG,IL1R1,MAPK14,PFKM,LXRB,TRAF6,IL23A,ARHGEF7-AS2,PGE2,LTB4R1,MAPK1,CYP2E1,HSPA1A,FGG,SELL,MYD88,TLR4,MAPK14,AGER,TIMP1,PGR,CASP3,SAA1,EIF2AK3,PAI1,SLC2A1,S100A9,RXRA,MAPK8,SOCS1,HK2,SEL,MYC,CTSG,LDLR,ESR1,FGG,SELPLG,IL22,IL22,HACD3,FGFR,VWF,CD8A,PAI1,IDO1,PPARGC1A,TLR4,CRP,PFK1,CYBA,PAI1,CFB,PAI1,FGG,POLDIP2,IL18,GBP1,PKM,,ICAM1,AKT1,LDHA,ESR1,MMP9,PTX3,MAPK8,MAPK8,ITGAM,HLA-DRA,CSF2,LTF,FN1,FGG,POLDIP2,AP1,APOR4,POLDIP2,MYD88,PCK1,CYBB
PLAU,MYD88,HIF1A,CX3CR1,PLXND1,SAA1,ARG1,RARB,LAG3,HGF,CCR5,S100B,PRF1,LDHA,CD8A,HLA-DQB1,CD36,TLR4,ANGPT2,RXRA,IL6R,MAPK1,PGK1,FXR,RIPK1,CXCR4,CCL27,TBXAS1,LTB4R2,MAPK3,CYP1A2,HSPA1B,PLAT,ICAM1,NFKB1,TREM1,MAPK1,AKAP12,TIMP2,NR3C1,NLRP3,VCAM1,ATF4,VCAM1,HK2,CRP,VDR,MAPK14,SOCS3,PFK1,ESAM,HIF1A,PRTN3,HMGCR,ESR2,PLAU,CD40,IL4,IFNG,VN1R91P,AKT1,PLAT,CD19,PROC,SLC2A1,MTOR,MYD88,FGA,PGK1,NCF1,TF,MBL2,TF,PLAT,PLXND1,IL33,GBP2,LDHA,,ESR1,MTOR,ENO1,PGR,MMP12,VCAM1,JUND,JUND,ITGB2,HLA-DRB1,CSF3,DEFB1,VCAM1,PLAT,PLXND1,HIF1A,CXCL14,PLXND1,TRAF6,G6PC,NCF1
SERPINE1,TRAF6,SLC2A1,CXCL9,AK2,PTX3,ARG2,RARG,HAVCR2,EGFR,HLA-DRB1,GFAP,FAS,PCK1,CD68,HLA-DPA1,CD163,MYD88,HIF1A,PPARA,IL6ST,MAPK8,PKM,HIF1A,IKBKB,CCR5,CPSF6,ITGAM,TBXAS1,MAPK14,CYP3A4,HSPB1,PAI1,VCAM1,JAK1,VCAM1,BDNF,CCL18,VEGFA,NR3C2,AIM2,ICAM1,DDIT3,ICAM1,PFKFB3,SAA1,APOE,JNK1,IL1R1,PKM,ITGB1,TP53,S100A8,FASN,PGR,PAI1,CD40LG,IL5,IL4,AC008984.2,PIK3CA,PLAU,CD16,THBD,HK2,RPS6KB1,TRAF6,FGB,PKM,SOD2,VWF,CRP,VWF,PAI1,AK2,STING1,GBP5,IDH1,,PGR,HIF1A,PGK1,NR3C1,TIMP1,ICAM1,FOS,FOS,FCGR1A,CD14,CCL11,S100A8,ICAM1,PAI1,AK2,MTOR,MMP1,AK2,RIPK1,GSK3B,NCF2
TF,LY96,HK2,CCL5,CD38,LBP,SLC2A1,MYD88,CD274,NOS2,HLA-DRA,IL8,FASLG,PCK2,CD163,HLA-DPB1,CD206,NFKB1,SLC2A1,SREBF1,IL12A,JUN,LDHA,NOS2,NFKB1,CX3CR1,SUMO3,ITGB2,PTGDR,MAPK8,NQO1,FGA,TFPI,ESM1,JAK2,MMP1,NGF,CD36,VEGFR2,RXRA,PYCARD,SELE,HSPA1A,SELE,PGK1,VCAM1,S100A8,p38,IL6R,LDHA,ITGA5,LYZ,S100A9,SREBF1,AR,PROC,CD80,IL13,IL5,TNKS2-AS1,MTOR,PAI1,CD56,MYH7,PKM,EIF4EBP1,IRAK1,FGG,LDHA,MPO,PROC,SAA1,PROC,TF,CD38,IFNB1,GBP6,ACLY,,NR3C1,VEGFA,TPI1,NR3C2,TIMP2,SELE,JUN,JUN,FCGR2A,CD163,CCL17,S100A9,SELE,TF,CD38,SREBF1,CD16,CD38,CASP1,MAPK14,CYBA
F5,SLAMF1,PKM,CCL19,FKBP4,CD14,SLC2A4,TLR2,PDL1,MPO,B2M,CXCL8,CASP3,G6PD,MRC1,CTLA4,HLA-DRA,NFKB2,HK2,FASN,IL12RB1,FOS,NOS2,PTGS2,RELA,ITGAM,C22orf31,CD14,PTGER2,MAPK9,GSTM1,FGB,THBD,CD40,STAT5A,MMP2,GDNF,CHI3L1,FGF2,PPARG,IL18,SELPLG,HSP90AA1,SELL,LDHA,ICAM1,S100A9,ERK1,TNFRSF1A,ENO1,FBN1,CTSL,S100A12,SREBF2,NR3C1,THBD,CD86,GATA3,IL13,RN7SKP152,HIF1A,BDNF,FOXP3,TNNT2,LDHA,ATG5,IRAK4,TF,NOS2,CTSB,F5,HP,THBD,VWF,FKBP4,OAS1,CXCL9,FASN,,NR3C2,PDGFB,GAPDH,PPARG,VEGFA,SELL,APOE,APOE,FCGR2B,MRC1,CCL22,VCAM1,SELL,VWF,FKBP4,PPARGC1A,MASP1,FKBP4,NLRP3,MAPK8,SOD2
F10,ITGAM,LDHA,CCL21,KDM1A,CD36,HK2,TLR4,PDL2,LTB4R,CD4,CXCR1,CASP8,FBP1,NOS2,PDCD1,HLA-DRB1,RELA,PKM,ACACA,IL18,AKT1,ARG1,ALB,MAPK14,ITGB2,GTF2IP12,CD4,ALOX5,MAPK10,GSTP1,FGG,PROC,CD40LG,STAT5B,MMP3,NTF3,COL4A1,PDGFB,PPARD,IL33,FGA,DNAJB1,SELPLG,ENO1,SELE,CRP,ERK2,TNFRSF1B,PGK1,ELN,GZMB,VCAM1,ACACA,NR3C2,SELE,TLR2,TBX21,IL9,AC008154.4,PPAR,NGF,CTLA4,TNNI3,PGK1,ATG7,TBX21,ALB,ARG2,CTSD,F2,ORM1,SELE,PROC,KDM1A,OAS2,CXCL11,PPARG,,ARG1,EGFR,ALB,RXRA,VEGFR2,ESM1,APP,APP,FCGR3A,LYZ,CCR4,ICAM1,SELPLG,F5,KDM1A,INS,CEACAM1,KDM1A,AIM2,MAPK1,CAT
PROC,ITGB2,PDHA1,CCL4,RBM6,MRC1,PFK1,TLR9,CD80,CYBA,CD8A,CXCR2,CASP9,FBP2,IDO1,LAG3,CTLA4,RELB,LDHA,LEP,IL18R1,PIK3CA,MTOR,CRP,MAPK8,CD14,LINC02607,CD8A,ALOX15,NFKB1,SOD2,THBD,PRC,CD80,SOCS1,MMP7,NTF4,CXCL5,TGFB1,SREBF1,STING1,FGB,HSPB1,TLR2,PKM,SELB,SAA1,FOXO3,IFNGR1,TPI1,COL1A1,PRF1,ICAM1,CPT1A,PTGS2,ICAM1,TLR4,RORC,IL21,LINC01518,SREBF1,GDNF,PDCD1,MYBPC3,ENO1,BECN1,GATA3,AGT,MTOR,CTSS,PLAU,ORM2,ICAM1,ENG,RBM6,RNaseL,IDO2,PPARGC1A,,NOS3,FGFR1,TF,APOE,FGF2,FGG,BDNF,BDNF,C3,MPO,CCR3,SELE,ITGB1,F10,RBM6,LEP,MAPK1,RBM6,PYCARD,ERK1,GSR
THBD,FCGR1A,PCK1,CXCL1,CAMKK1,MSR1,PKM,NFKB1,CD86,NCF1,CD14,CCL5,BCL2,GCLC,ARG1,HAVCR2,PDCD1,STAT1,PFKFB3,ADIPOQ,IFNGR1,PTEN,HIF1A,SAA1,MAPK1,CD36,IVNS1ABP,CD68,CYBB,NFKB2,CAT,TF,VWF,CD86,SOCS3,MMP8,IL34,CXCL8,TGFBR1,SREBF2,IRF3,FGG,SOD2,TLR4,SLC16A3,SELL,VCAM1,HIF1A,IL10RA,ALB,COL3A1,CD14,SELE,PGC1A,ALB,VCAM1,MYD88,CD4,IL23A,RP5-1096D14.3,FASN,NTF3,LAG3,SLC11A1,G6PD,LC3,FOXP3,ACE,HIF1A,APOE,SERPINE1,APCS,VCAM1,NOS2,CAMKK1,MX1,IL1RN,MTOR,,SOD2,TGFBR1,FGA,APOC3,PDGFB,FGA,NGF,NGF,C5,LTF,CXCR3,SELL,ITGA5,PROC,CAMKK1,ADIPOQ,CD40,CAMKK1,IL18,JNK1,GCLM
EPOR,FCGR2B,G6PC,CXCL2,RECQL,APOE,LDHA,RELA,CD40,SOD2,CD68,CCR7,BCL2L1,GCLM,SLC2A1,TIGIT,LAG3,STAT3,G6PD,INS,IFNGR2,MTOR,S100B,VCAM1,JNK1,MUC1,RAB39A,CD163,NCF1,RELA,GPX1,ACE,MYD88,TLR2,PIK3CA,MMP12,CSF1R,ELANE,CTGF,HIF1A,IRF7,PLAT,CAT,MYD88,SLC16A1,ESM1,ICAM1,PTGS2,IL12RB1,AGT,FN1,CD36,SELL,PPARGC1B,FGA,APOE,TRAF6,CD8A,IL1A,Y_RNA,ACACA,NRG1,HAVCR2,CTSD,PFKFB3,CASP1,IL10,AGT,BDNF,APOC1,HP,FGA,ESM1,NOS3,RECQL,MX2,MMP1,BDNF,,CAT,SMAD3,FGB,LBP,ANGPT2,FGB,S100B,S100B,CFB,DEFA1,CXCR6,FGA,ITGB3,THBD,RECQL,CRP,NKG2D,RECQL,IL33,p38,GPX1
EPO,FCGR3A,FBP1,CXCL8,VPS50,ITGAM,PGK1,STAT1,CD40LG,IL2,CD163,CCR9,BAX,GSR,HK2,CD28,HAVCR2,STAT4,FBP1,INSR,TNFRSF1A,HIF1A,GFAP,ICAM1,p38,MUC5AC,PPM1J,CD206,NCF2,RELB,GSR,AGT,TLR2,TLR4,AKT1,MMP13,CCL11,EREG,FN1,MTOR,STAT1,PAI1,GPX1,TRAF6,SLC2A3,ENG,SELE,COX2,IL12RB2,REN,VWF,CD4,SELP,SIRT1,FGB,LDLR,IRAK1,CD14,IL1R1,CCNDBP1,PCK1,CHAT,GZMB,LAMP1,FBP1,CASP3,TGFB1,BDKRB2,NGF,APOC2,ORM1,FGB,APOE,HIF1A,VPS50,ISG15,MMP3,NGF,,GPX1,CTGF,FGG,CRP,TEK,THBD,GFAP,GFAP,BF,S100A8,CX3CR1,FGB,ITGAL,EPOR,VPS50,SAA1,XCR9,VPS50,STING1,STAT1,G6PD
HBB,C1QA,PFK1,CXCL13,HSPB6,ITGB2,TPI1,STAT3,CD28,IL4,CD80,CX3CL1,BAK1,GPX1,PKM,ICOS,TIGIT,STAT6,PCK1,IGF1,TNFRSF1B,ARG1,BDNF,SELE,ERK2,MUC5B,FRMD1,MRC1,NCF4,IKBKG,TXN,NOS3,TLR4,MYD88,MAPK1,MMP14,CCL24,FCN1,COL1A1,RPTOR,STAT3,TF,GSR,MAPK1,SLC2A5,CDH5,SELPLG,LTB4,IL4R,ACE,FGA,CD8A,ESM1,MTOR,FGG,INS,IRAK4,CD68,IL1R2,HMGN2P27,G6PC,HTR2A,PRF1,LYZ,PCK1,CASP8,IL12A,F3,S100B,APOC3,AGP1,FGG,AGRP,EPO,HSPB6,CCL19,MMP7,S100B,,GSR,COL1A1,PLG,SAA1,VWF,TF,IL1RN,IL1RN,CFI,S100A9,XCR1,FGG,ITGAM,EPO,HSPB6,VCAM1,FCN3,HSPB6,IFNAR1,STAT3,PKM
HBA1,C1QB,PGK1,CXCR5,ARHGAP33,ICAM1,GAPDH,STAT4,ICOS,IL5,CD86,CX3CR1,P53,CAT,LDHA,CD40,BTLA,JAK1,PCK2,IGF1R,LTB,INHBA,NGF,SELB,MAP2K1,LTB4R,ZNF34,LYZ,RAC2,CHUK,TXNRD1,SOD1,CD14,TRAF6,MAPK14,MMP15,CCL17,FN1,COL3A1,EIF2AK4,NFKB1,VWF,NQO1,MAPK14,SLC7A1,PECAM1,ITGAM,PGE2,OSM,AGT,FGB,RORC,PECAM1,RPS6KB1,PLAU,IRS1,AKT1,CD163,IL6R,RP11-521D12.1,FOXO1,DRD2,IL2RA,MPO,PCK2,CASP9,IL12B,PAI1,GFAP,SAA1,SAA4,PLAT,LEP,ANGPT2,ARHGAP33,CCL21,MMP8,GFAP,,G6PD,FN1,PAI1,PTX3,FGA,PAI1,IL4,IL4,MBL2,ORM1,LTA,PLAU,ITGAX,ANGPT2,ARHGAP33,ICAM1,CCR11,ARHGAP33,IFNGR1,NFKB1,HK2
HBA2,C1QC,TPI1,LTB,NDUFAB1,VCAM1,ENO1,STAT6,BTLA,IL13,CD40,CCL19,MDM2,SOD1,PFKFB3,CD40LG,ICOS,JAK2,GCLC,MTOR,LTBR,INHBB,IL8,SELP,MAP2K4,CYSLTR1,YJEFN3,MPO,CYBA,IKBKB,PRDX1,CAT,CD36,RIPK2,CCL3,MMP16,F3,HGF,HIF1A,ATF4,NFKB2,PROC,TXN,JNK1,SLC7A5,VWF,ITGB2,PGF2A,LIF,BDNF,FGG,TBX21,CDH5,EIF4EBP1,PLAT,SLC2A4,PIK3CA,CD80,IL12RB1,SEC16A,PGC1A,ADRA2A,IL4,DEFB1,GCLC,IL18,IL23A,PLAT,IL8,CRP,LBP,PAI1,PPARG,NRF2,NDUFAB1,CCR7,MMP12,IL8,,HK2,TIMP1,THBD,HP,FGB,PROC,IL5,IL5,FGA,HP,LTB,SERPINE1,ITGA2B,TIE2,NDUFAB1,SELE,APOR12,NDUFAB1,JAK1,RELA,PFK1
G6PD,C3,GAPDH,LTBR,PDK4,SELE,PGAM1,JAK1,TNFRSF9,IL17A,CD40LG,CCL21,CD4,SOD2,G6PD,CD8A,CD28,TYK2,GPX1,PIK3CA,CD40,FGF2,CXCL8,CD4,MAP3K1,PTGFR,IGHVII-60-1,DEFB1,MPO,TRAF6,PRDX2,GPX1,CD40,NOD2,CCL4,MMP17,FGB,ICAM1,EPO,SLC2A1,RELA,THBD,TXNRD1,P38,SLC7A8,F3,FCGR1A,TXA2,VEGFA,NGF,THBD,GATA3,VWF,ATG5,PAI1,PPARG,PIK3R1,CD86,IL12RB2,NOTCH2NLC,SIRT1,CHRNA7,IL5,HAMP,GCLM,NLRP3,IL17A,PLAU,CXCL8,FGA,CD14,PROC,RXRA,MTOR,PDK4,SELL,MMP13,CXCL8,,PFK1,TIMP2,PROC,ORM1,FGG,ENG,IL13,IL13,FGB,CP,TNFRSF1A,PAI1,CD40,FLT1,PDK4,SELB,MASP2,PDK4,JAK2,IRF3,PGK1
PKLR,C5,ENO1,LTA,SLC22A16,SELL,PGAM2,JAK2,41BB,IL23A,FOXP3,CCL17,CD8A,MT1,FASN,CD4,CD80,MAPK1,CAT,AKT1,CD40LG,PDGFB,CCL5,CD8A,MAP3K5,TBXAS1,SILC1,HAMP,ELANE,RIPK1,PRDX6,APOE,CD40LG,NLRP3,CXCL8,MMP19,FGA,IL1A,TF,HK2,RELB,NOS2,PRDX1,AKT1,SLC7A11,F5,FCGR2A,TBXAS1,PDGFB,S100B,PROC,IL17A,F3,ATG7,TF,LEP,PTEN,HLA-DRA,IL23R,C11orf91,NRF2,GRIA1,IL13,FTH1,GSR,AIM2,IL17F,SERPINE1,CCL5,FGB,TLR2,THBD,NR3C1,AMPK,SLC22A16,ICAM1,MMP14,CCL5,,PKM,MMP2,CRP,FGA,THBD,NOS2,CCL5,CCL5,FGG,TF,TNFRSF1B,TF,CD40LG,KDR,SLC22A16,SELP,BDNF,SLC22A16,TYK2,IRF7,LDHA
SLC2A1,CFB,PKLR,LTC4S,ZMYND10,SELPLG,ENPP1,JAK3,OX40,IL1A,IL2RA,CCL22,CD14,MT2,SREBF1,CD3E,CD86,MAPK3,SOD2,PTEN,CD80,EGF,CASP1,CD14,MAP3K7,ALOX5,LIMS1-AS1,TF,PRTN3,MYD88,MGST1,LDLR,CD80,CASP1,CX3CL1,MMP20,PROC,IL1R1,FGA,PKM,MAPK1,ARG1,PRDX2,PIK3CA,SLC1A1,FGB,FCGR3A,PTGDR,FGF2,GFAP,SERPINE1,IL22,F5,LC3B,VWF,ADIPOQ,FOXO3,HLA-DRB1,IL10R,RP11-638I2.2,HO1,GRIN2B,IL17A,FTL,SOD2,PYCARD,IL22,PROC,CXCR4,FGG,TLR4,VWF,NR3C2,FOXO3,ZMYND10,VCAM1,MMP15,CX3CL1,,LDHA,MMP7,SAA1,FGB,PROC,ARG1,CCR5,CCR5,F8,FGA,TNFRSF6,VWF,CD80,PDGFB,ZMYND10,F3,CX3CR1,ZMYND10,SOCS1,TLR2,ENO1
HK2,CFD,PDK1,PLA2G2A,ABCB5,FGR,NT5E,TYK2,GITR,IL1R1,CTLA4,CCR4,CD68,HMOX1,PPARGC1A,CD3G,CD40,MAPK8,NQO1,FOXO3,CD86,EGFR,NLRP3,CD68,TBK1,ALOX15,CLDN7,SLC11A1,CTSG,TLR2,MGST2,HMGCR,CD86,IL18,CCR5,MMP21,SERPINE1,IL2RA,FGB,LDHA,MAPK3,SLC2A1,PRDX3,PTEN,SLC1A5,FGA,C1QA,PTGER,MMP1,VIM,PAI1,IL4,FGA,SQSTM1,PROC,BDNF,HIF1A,HLA-DQB1,TGFBR1,DAAM2,GPX1,SYP,IL22,TFRC,CAT,GZMA,IL4,THBD,CCR5,PLAU,MYD88,SELE,ARG1,PGC1A,ABCB5,SELE,MMP16,NOS2,,SLC2A1,MMP12,APCS,FGG,SERPINE1,IDO1,CXCR4,CXCR4,F9,FGB,TNFSF6,PROC,CD86,PDGFC,ABCB5,FGB,C8G,ABCB5,SOCS3,TLR4,PCK1
PFKM,CRP,PDHX,PTGS2,SLC25A13,HCK,ADORA2A,MAPK1,ICOSLG,IL6R,PDCD1,CCR10,CD163,NRF2,MTOR,CD3D,CD40LG,MAPK9,HMOX1,SIRT1,CTLA4,KDR,HMGB1,CD80,IKBKG,PLA2G2A,CAPSL,NRAMP1,DEFA1,TLR4,MGST3,INS,HLA-DRA,IL33,CXCR4,MMP23B,THBD,IL6R,FGG,PCK1,MAPK8,HK2,PRDX4,FOXO3,SLC1A6,PROC,C3,PTGFR,MMP13,ACTA2,TF,IL5,FGB,CASP3,F5,NGF,APOE,HLA-DQA1,TGFBR2,ENSG10010140082.1,CAT,SNAP25,IL23A,ALB,GPX1,GZMB,IL5,VWF,APOE,PLAT,TRAF6,SELP,SLC2A1,LDHA,SLC25A13,PTPRC,MMP17,APOE,,SLC2A4,MMP13,LTF,PLAU,PAI1,SLC2A1,CX3CL1,CX3CL1,F10,FGG,TNFSF10,THBD,HLA-DRA,PDGFD,SLC25A13,FGA,STAT1,SLC25A13,APOE,MYD88,FBP1
PGK1,SAA1,CS,ALOX5,ST7,LCK,ADORA2B,MAPK3,CD27,IL12RB1,LAG3,CXCL13,CD11B,TXN,ULK1,CD19,CD27,MAPK14,NRF2,HIF1A,PDCD1,FLT1,F3,CD86,CHUK,PTGS1,LAMA5,FTL,DEFB1,TLR9,ADH1B,IRS1,HLA-DRB1,STING1,CXCR3,MMP24,VWF,IL8,F10,G6PC,MAPK14,PFKFB3,PRDX5,MTOR,SLC38A1,SERPINE1,C5,PTGIR,TGFBR1,COL1A1,F7,IL13,FGG,CASP9,F10,GDNF,ALB,CXCR4,CCR5,LINC00304,SOD2,SNCG,IL21,RBP4,NRF2,PRF1,IL13,F5,F3,PAI1,IRAK1,ICAM1,HK2,HK2,ST7,CD4,MMP19,F3,,ATP5B,ELANE,MPO,PAI1,TF,HK2,CX3CR1,CX3CR1,F13A1,PLAU,FASLG,EPOR,HLA-DRB1,FGFR1,ST7,PF4,APOC3,ST7,SAA1,TRAF6,GYS1
LDHA,PTX3,ACO2,ALOX15,CDC27,LYN,PTGS2,MAPK14,CD30,IL12RB2,HAVCR2,CXCR5,CD11C,TXNRD1,ATG5,CD20,CD70,PIK3CA,BDNF,EPO,PDCD1LG1,NRP1,TFPI,CD40,IKBGA,PTGES,GIMAP2,FTH1,LBP,CD14,ALDH2,PIK3R1,HLA-DQA1,TBX21,IL1R1,MMP25,TFPI,LBP,F13A1,FBP1,JUN,PGK1,PRDX6,HIF1A,SLC38A2,PAI1,CFB,ALOX5,TGFBR2,COL3A1,F10,CCL5,PLAU,BCL2,F2,S100B,HP,CXCR5,CXCR4,FAM193A,BDNF,UCHL1,IL9,GC,HMOX1,FOXP3,IL9,F10,FGB,THBD,IRAK4,VCAM1,PFKFB3,SLC2A1,CDC27,CD8A,MMP20,TFPI,,UQCRC1,PRTN3,DEFA1,TF,F7,PFKFB3,ICAM1,ICAM1,PLAT,SERPINE1,FAS,HBA1,HLA-DQA1,FGFR2,CDC27,VWF,CCL19,CDC27,CRP,RIPK2,PYGL
PCK1,VCAM1,IDH1,LTB4R1,SLC4A1,MAPK1,PTGES,MAPK8,CD137,IFNGR1,TIGIT,CCL25,CD80,TXNIP,LC3B,CD56,CXCR4,PIK3CB,NGF,EPOR,PDCD1LG2,ESR1,PLAT,CD40LG,NFKBIA,PTGDS,ABCG5,VCAM1,TLR2,LY96,ADH7,AKT1,HLA-DQB1,GATA3,IL6R,MMP26,PLAT,LTB4R1,PLAT,PC,FOS,LDHA,MGST1,NOS2,SLC38A3,PLAT,BF,LTB4R,COL1A1,FN1,F13A1,CCR5,PLAT,BAX,F13A1,GFAP,AGT,CCR7,CX3CR1,SCN8A,NGF,PARK7,IL3,CRP,ALB,CTLA4,IL21,F11,FGA,PROC,LY96,ESM1,PKM,ARG1,SLC4A1,CD8B,MMP21,PLAT,,CYC1,MPO,DEFA4,F5,F10,LDHA,VCAM1,VCAM1,PLAU,PAI1,CASP8,HBB,HLA-DQB1,FGFR3,SLC4A1,PLAT,CASP4,SLC4A1,FGA,NOD2,GSK3B
PCK2,ICAM1,OGDH,LTB4R2,CALCR,MAPK14,TBXAS1,MAPK9,TRAIL,IFNGR2,ENTPD1,CCR6,CD86,PRDX1,CASP1,CD16,CCR5,PIK3CD,S100B,NOS2,LAG3,PGR,PAI1,HLA-DRA,NFKBIB,TBXA2R,LRRC14,ICAM1,TLR4,CEBPB,ADH1C,MTOR,HLA-DPA1,FOXP3,TNFRSF1A,MMP27,CRP,LYZ,PAI1,PDHA1,AP1,PCK1,MGST2,INOS,SLC38A5,PLAU,CFH,BLT1,COL1A2,MMP1,PLG,CXCR4,PAI1,CYCS,SERPINA1,IL8,ACE,CCR5,CXCR3,SMIM34B,NTF3,PINK1,CSF2,SAA1,APOA1,PDCD1,IL33,F12,TF,F5,CD86,ENG,LDHA,IDO1,CALCR,CD19,MMP23B,PAI1,,NDUFB8,LTF,S100A8,F7,F13A1,PDHA1,SELE,SELE,SERPINE1,THBD,CASP3,ALB,HLA-DPA1,FGFR4,CALCR,PAI1,TIMP2,CALCR,FGB,NLRP3,MTOR
GCLM,SELE,SDHA,BLT1,DVL2,MAPK8,ITGB1,MAPK10,FAS,TNFRSF1B,ARG1,CCL27,HLA-DRA,PRDX2,NLRP3,FCGR1A,CCR7,PIK3R1,GFAP,NOS3,HAVCR2,AR,VWF,HLA-DRB1,NFKBIE,F2,FCRL4,SELE,MYD88,STAT3,ADH4,RPS6KB1,HLA-DPB1,RORC,APOE,MMP28,SAA1,MSR1,PROC,PDHB,TBX21,G6PC,MGST3,ARG1,SLC38A7,HRG,CFI,BLT2,FN1,TIMP1,PLAT,CX3CR1,THBD,APAF1,SERPINA3,CXCL8,ACE2,SELL,CXCR2,GADD45A,NTF4,LRRK2,CSF3,AGP1,APOA2,LAG3,ST2,F13A1,PAI1,F10,CD80,NOS3,ENO1,IL4R,DVL2,CD20,MMP24,VWF,,SDHA,DEFA1,S100A9,F8,F13B,PCK1,SELPLG,SELPLG,PAI1,PROC,BCL2,AGT,HLA-DPB1,EGFR,DVL2,BDNF,PTGER2,DVL2,FGG,AIM2,RPS6KB1
GCLC,SELPLG,FH,BLT2,PRSS22,MAPK9,ITGB3,PIK3CA,FASL,TGFBR1,MRC1,CCR1,HLA-DRB1,PRDX3,AIM2,FCGR2A,CX3CR1,AKT1,IL8,PTGS2,BTLA,NR3C1,THBD,HLA-DQA1,NFKB2,F3,REG1A,SELPLG,TRAF6,JUN,ADH5,CASP3,CTLA4,IL17A,LDLR,MMP10,PTX3,MUC5AC,THBD,DLAT,GATA3,FASN,GSTP1,IDO1,SLC38A9,APOE,PLAU,CYSLTR1,ITGB1,TIMP2,SERPINC1,ICAM1,PROC,FAS,SERPINC1,CXCR3,AGT,SELE,TLR9,FAM13B,GDNF,SNCA,KITLG,HP,APOB,HAVCR2,IL1R1,FGB,DVT,F11,HLA-DRA,EDN1,PGAM1,IL17A,PRSS22,CD3E,MMP25,PROC,,FH,S100A8,NGAL,F9,PLG,G6PD,ITGB2,ITGAM,VEGFA,F5,BCL2L1,REN,CD38,ERBB2,PRSS22,NGF,CX3CL1,PRSS22,SERPINA1,CASP1,EIF2AK4
GSR,ESM1,MDH2,CYBB,UPF1,JNK1,ITGA2,PIK3R1,CASP8,TGFBR2,IDO2,CCR2,HLA-DQB1,PRDX4,PYCARD,FCGR2B,ITGAM,AKT2,CXCL8,COX1,ICOS,NR3C2,PROC,HLA-DQB1,RELB,F5,GAPDHP54,ESM1,IRAK1,FOS,ADH6,CASP9,PDCD1,IL22,SREBF1,MMP11,VCAM1,MUC5B,NOS2,OGDH,FOXP3,ACACA,GSTM1,SLC2A1,SLC39A1,APOC3,PLAT,CYSLTR2,ITGA5,CTGF,AT3,VCAM1,PROS1,FASLG,HP,CCL3,ATF6,ICAM1,TLR1,MIR4507,S100B,SLC6A4,FLT3LG,ORM1,APOC3,CD28,IL18,GP1BA,MYC,F12,HLA-DRB1,AGT,TPI1,IL23R,UPF1,CD3G,MMP26,THBD,,MDH2,S100A9,MMP8,F10,PLAT,FAS,ITGAM,ITGB2,PDGFB,F10,BCL2L11,ACE,CD163,ERBB3,UPF1,NTF3,APOL3,UPF1,SERPINA3,CASP3,EIF2A
SOD1,ENG,ACLY,NCF1,SKAP2,JNK2,ITGA5,AKT1,CASP3,JAK1,IL12B,CCR3,MRC1,PRDX5,IL18,FCGR3A,ITGB2,AKT3,CXCL9,ALB,ICOSLG,RXRA,ENG,CTLA4,REL,F7,ATP13A5-AS1,THBD,IRAK4,AP1G1,ADH1A,BCL2,LAG3,IL23R,PPARGC1A,ELANE,ICAM1,PLA2G2A,NOS3,SDHA,RORC,CPT1A,GSTM2,HK2,SLC39A4,LBP,PAI1,IL17A,THBS1,PDGFB,APOE,SELE,NR1I2,TNFRSF1A,ORM1,CCL4,XBP1,VCAM1,Myd88,RP11-370A5.1,GFAP,SLC17A5,TNFSF10,ORM2,HAMP,CD80,IL15,GP9,HSPA1A,HRG,B2M,ACE,ALDOA,IL22,SKAP2,CD3D,MMP27,MYD88,,OGDH,VCAM1,MMP9,F11,PLAU,FASLG,CD4,CD4,FGF2,F13A1,MCL1,AGT,CD68,ERBB4,SKAP2,NTF4,CXCL7,SKAP2,PLAU,CASP8,EIF2S1
CAT,NOS2,FASN,NCF2,MCUB,p38,VIM,MTOR,BCL2,JAK2,IL23A,IL1A,LYZ,PRDX6,IL33,ITGAM,ICAM1,MTOR,CCL5,CRP,CXCR4,PPARG,NOS3,PDCD1,IRF3,F8,CYP2F1,PLAU,RIPK2,AP1M2,ALDH1A1,BAX,HAVCR2,IL12B,MTOR,CTSG,ESM1,PPARG,ARG1,SDHB,IL17A,PPARGC1A,GSTM3,PFK1,SLC39A5,CD14,F3,IL17F,ANGPT2,TGFBR1,APOC3,SELPLG,CYP24A1,TNFRSF1B,ORM2,CCL19,DDIT3,ESM1,TRAF6,GOLGA6L6,VIM,SLC18A2,TNFSF11,TF,TFRC,CD86,IL1A,PF4,HSPB1,KNG1,TAP1,ACE2,FBP1,IL1R1,MCUB,CD3Z,MMP28,TLR4,,ACO2,ICAM1,ELANE,F12,HRG,CASP3,CD8A,CD8A,EGFR,VWF,BAX,CFH,CXCR4,IGF1R,MCUB,S100B,S100A9,MCUB,PAI1,CASP9,HIF1A
GPX1,ARG1,ACACA,NCF4,HOXA11,ERK1,FN1,HIF1A,BAX,JAK3,IL17A,IL1R1,MPO,CTSB,HMGB1,ITGB2,VCAM1,HIF1A,CCR5,SAA1,CXCR5,PPARD,ACE,LAG3,IRF7,F9,DNAJC25,PLAT,NOD2,AP1S1,ALDH1A2,CYCS,FOXP3,IL12RB1,HIF1A,PRTN3,SELE,S100A8,ARG2,SDHC,IL22,MTOR,GSTM4,PKM,SLC39A6,LY96,F5,IL22,TEK,TGFBR2,LDLR,ITGB2,VDR,TRAF2,APOE,CCL21,EIF2AK3,ANGPT2,IRAK1,AC104532.3,IL1RN,SLC19A2,TNFSF12,C3,FTH1,ICOS,IL1RN,PPBP,BNP,BDKRB2,PSMB8,AGTR1,G6PC,TLR2,HOXA11,CD16,VEGFA,CASP1,,IDH1,SELE,AZU1,F13A1,APOE,CASP9,CD14,CD14,KDR,ITGB3,BAK1,C3,CXCR5,IGF1,HOXA11,GFAP,CCR6,HOXA11,TF,PYCARD,EPO
GSS,SLC2A1,CPT1A,SOD2,POLR2J,ERK2,COL1A1,VEGFB,BCL2L1,TYK2,IL22,IL1R2,S100A8,CTSD,S100A8,LTA,SELE,APEX1,CX3CL1,FGA,CCR7,PPARA,MDR1,HAVCR2,TLR2,F10,WDR20,PAI1,NLRP3,AP2A1,ALDH1A3,TP53,IL2RA,IFNGR1,SLC11A1,MPO,SELP,S100A9,SLC2A1,SDHD,IL23R,RPS6KB1,GSTT1,LDHA,SLC39A7,MRC1,FGB,IL23R,ESM1,EGF,ABCA1,ITGAM,GC,TRAF6,APOL1,CCR7,IL18,PTGS2,IRAK4,RP11-347H15.3,IL18,SLC22A1,TNFSF13,C4,FTL,CD40,TNFRSF1A,ITGA2B,CD4,AGT,PSMB9,AGTR2,PCK1,TLR4,POLR2J,CD56,VEGFB,LYZ,,IDH2,SELL,MPO,VWF,LDLR,BCL2,CD68,CD68,FLT1,ITGA2B,P53,C5,CCR5,IGF2,POLR2J,IL8,APOL6,POLR2J,F5,IL18,EPOR
NQO1,SLC2A4,CPT2,CAT,DHX33,PIK3CA,COL1A2,PDGFB,MCL1,STAT4,IL4,IL1RN,S100A9,CTSL,S100A9,LTB,SELP,OGG1,CX3CR1,FGB,CCR5,SREBF1,TLR2,FOXP3,TLR4,F11,LGALS16,FGA,AIM2,AP2A2,ALDH1B1,MDM2,IL12B,IFNGR2,NRAMP1,LTF,CD40,SERPINA1,SLC2A4,FH,IL12RB1,EIF2AK4,GSTA1,PCK1,SLC39A8,MSR1,FGA,IL17R,SELE,EGFR,ABCG1,ITGAX,AGT,RIPK1,LBP,LTB,IL33,ALOX5,PIK3CA,SRIP1,IL23A,SLC29A1,TNFSF13B,C5,SLC11A1,CD40LG,TNFRSF1B,ITGB3,CD8A,ACE,CTSS,REN,PCK2,CD14,DHX33,CD68,VEGFC,defensin 1,,GOT1,PECAM1,LTF,PROC,HMGCR,BAX,CD80,CD80,ANGPT2,GP1BA,MDM2,C5AR1,CCR7,IGFBP3,DHX33,CXCL8,NOS2,DHX33,F10,IL12B,VEGFA
HMOX1,HK2,FABP1,GPX1,MEOX1,PIK3R1,ACTA2,FGF1,AIFM1,STAT5A,IL5,IL2,CRP,CTSS,SAA1,CXCR4,SEL,UNG,CCL19,FGG,CX3CL1,FASN,TLR4,GATA3,MYD88,F12,NORAD,FGB,CASP1,AP2B1,ALDH1L1,CDKN1A,IL23A,TNFRSF1A,VEGFA,DEFA1,CD14,SFTPA2,HK2,MDH2,IL12RB2,ATF4,GSTA2,G6PD,SLC39A9,SRGN,PROC,RORC,SELP,FGF1,NR1H3,LTA,REN,IKBKB,CD36,LTBR,ST2,LTB4R1,AKT1,RP4-749H3.3,IL17A,SLC44A1,TNFSF14,CFH,NRAMP1,CD14,TNFRSF6,SELE,CD14,ADRB1,CTSB,CYP11B2,FOXO1,CD4,MEOX1,CD163,EGFR,defensin 5,,GOT2,ESM1,CTSG,PROS1,FASN,P53,CD86,CD86,TEK,GP9,CD40,BDNF,CCR2,IGFBP5,MEOX1,CXCR1,CASP3,MEOX1,F13A1,IL23A,FLT1
BLVRB,PFK1,FABP2,MPO,THSD7A,AKT1,MMP1,FGFR1,ENDOG,STAT5B,IL13,IL2RA,SAA1,MPO,CRP,CCR5,ESAM,APOE,CCL21,THBD,CX3CR1,ACACA,CD14,TBX21,TICAM1,F13A1,BMP2K,FGG,PYCARD,AP2B2,ALDH1L2,RB1,IFNGR1,TNFRSF1B,FGF2,DEFA3,CD36,SLC2A1,PFK1,ACO2,IL23A,DDIT3,GSTA3,GCLC,SLC39A10,CTSS,THBD,RORγt,SELL,FGFR1,RXRA,LTB,ACE,NFKB1,SRD5A1,TNFRSF1A,NLRP3,CYBB,MTOR,RN7SL542P,IL22,SLC45A2,TNFSF15,CFI,CTLA4,CD68,TNFRSF10B,SELL,CD68,ADRB2,CTSD,NR3C2,FOXO3,CD8A,THSD7A,MMP9,ERBB2,defensin 6,,GPT,VWF,PRTN3,THBD,SREBF1,MDM2,HLA-DRA,HLA-DRB1,ESM1,GP5,CD40LG,NGF,CCR3,BDNF,THSD7A,CXCR2,MMP2,THSD7A,VWF,IL17A,KDR
FTL,PKM,FABP3,ELANE,LIG3,MTOR,MMP13,EGFR,CYCS,STAT6,GATA3,IL2RB,PTX3,LTF,PTX3,CCR7,PECAM1,APOL1,CCR7,TF,CCL19,ACACB,LY96,RORC,TICAM2,FGA,INHBB,F5,IL18,AP2C1,ALDH2L1,EGFR,IFNGR2,IL1R1,ANGPT2,DEFA4,CD80,SLC2A3,PKM,IDH2,IL4,HIF1A,GSTA4,GCLM,SLC39A11,CTSB,NOS2,IL4,SLC2A1,KDR,PPARG,LTBR,ACE2,RELA,HSD11B1,TNFRSF1B,CASP1,NCF1,HIF1A,RP11-196I18.3,CCL17,SLC46A1,TNFSF18,CFB,PDCD1,CD163,FASLG,ICAM1,CD80,NR3C1,LAMP1,HSD11B1,MTOR,CD68,LIG3,MMP2,ERBB3,CAMP,,GLUD1,F8,CEACAM8,EPCR,SREBF2,CDKN1A,HLA-DRB1,HLA-DQB1,ADAMTS1,PF4,CD28,GDNF,CX3CR1,NGF,LIG3,CCL5,CD83,LIG3,BDNF,IL22,ENG
FTH1,LDHA,FABP4,PRTN3,RPAP3,RPS6KB1,VEGFR2,ERBB2,PARP1,SOCS1,TBX21,IL2RG,VCAM1,DEFA1,LBP,CX3CR1,VWF,APOL2,CXCR4,PAI1,CCL21,CPT1A,MYD88,IL17A,CD14,FGB,SEC62,F8,IL33,AP2M1,ALDH3A1,ERBB2,TNFRSF1A,IL6R,THBS1,DEFB1,CD86,SPP1,LDHA,GCLC,IL13,VEGFA,GSTA5,NQO1,SLC39A12,CTSD,NOS3,IL5,HK2,FLT1,SREBF1,TNFRSF1A,AGTR1,JUN,HSD11B2,IL1R1,GSDMD,MPO,VEGFA,HNRNPCP8,CCL22,SLC51B,TNLG1,BF,LAG3,MRC1,CASP8,VCAM1,CD86,NR3C2,RAB7,HSD11B2,RPTOR,CD163,RPAP3,MMP1,ERBB4,CTLA4,,GLS,FGA,CEACAM1,NOS2,ACACA,RB1,CTLA4,HLA-DPB1,ADAMTS4,PPBP,CD80,GFAP,IL1R1,NTF3,RPAP3,CCR5,SOCS3,RPAP3,NGF,IL1A,NOS3
TFRC,PCK1,APOE,MMP8,ACSM3,EIF2AK4,PDGFB,IGF1,TP53,SOCS2,RORC,IL4,ICAM1,DEFA5,APOE,SELL,F3,APOL3,CXCR3,VWF,CCL17,CPT1B,TRAF6,IL22,CD36,FGG,ARPC1A,VWF,HMGB1,AP2S1,ALDH3A2,KRAS,TNFRSF1B,IL10R,MMP7,DEFB4,HLA-DRB1,TF,PCK1,GCLM,IL5,ANGPT2,GSTO1,SOD2,SLC39A13,CTSL,ARG1,IL13,PKM,TEK,FASN,TNFRSF1B,AGTR2,FOS,CYP11B1,IL1R2,PYCARD,ELANE,PTGS2,HMGN2P28,CCR4,SLC5A1,TNLG2,ITGAM,HAVCR2,S100A8,CASP3,PECAM1,HLA-DRB1,HSD11B1,ATG5,GC,EIF2AK4,FOXP3,ACSM3,TIMP1,PDGFRA,PDCD1,,PC,FGB,PADI4,NOS3,ACACB,E2F1,PDCD1,CTLA4,MMP1,SELPLG,CD86,IL1R1,IL1R2,NTF4,ACSM3,CX3CL1,APOR10,ACSM3,S100A8,TNFRSF1A,EDN1
SLC11A1,PCK2,APOA1,MMP1,REXO5,EIF2A,ANGPT2,IGF1R,MDM2,CCL3,AHR,IL4R,SELE,DEFA6,ACE,SELE,F5,APOL4,CXCR2,PROC,CCL22,SLC2A1,IRAK1,IL23A,MRC1,VWF,,PROC,AGER,AP2S2,ALDH3B1,MAPK1,IL1R1,CCR5,TIMP1,DEFB103A,HLA-DQB1,TLR2,PCK2,G6PD,IL10RA,TEK,GSTO2,CAT,SLC39A14,CTSK,ARG2,IL4R,LDHA,TIE1,ACACA,FAS,NOS3,MAPK1,CYP11B2,IL6R,AIM2,PRTN3,PTGES,RP11-276H1.2,CCR7,SLC6A1,LTA,ITGB2,FOXP3,S100A9,BCL2,CD36,TLR2,HSD11B2,ATG7,VDR,EIF2S1,RORA,REXO5,TIMP2,PDGFRB,LAG3,,PEPCK1,FGG,PTX3,EDN1,CPT1A,APOE,LAG3,PDCD1,MMP13,PSGL1,CD4,IL6R,IL6R,GDNF,REXO5,CX3CR1,MBL2,REXO5,S100A9,TNFRSF1B,AGT
SLC40A1,G6PC,APOB,MMP13,CIAPIN1,EIF2S1,THBD,IGF2,CDKN1A,CCL4,MPO,IL5,SELPLG,S100A8,AGT,SELPLG,F7,HP,CXCL13,F5,CXCL12,SLC2A4,IRAK4,IL4,MARCO,SERPINE1,,PROS1,RAGE,AP3B1,ALDH3B2,MAPK14,IL6R,CXCR4,F3,DEFB103B,CTLA4,TLR4,G6PC,GSR,IL10RB,TIE1,GSTO3,GPX1,SLC8A1,MPO,SLC2A1,IL13R,IDH1,ITGB1,LPL,TRAF2,EDN1,MAPK14,CYP19A1,IL6ST,IL1A,S100A8,ALOX5,UCKL1,CCR5,SLC7A1,LTB,CD11B,IL2RA,CRP,BCL2L1,SRB1,TLR4,CYP11B1,ATG12,CYP27B1,EIF4E,RORC,CIAPIN1,VEGFA,FGFR1,HAVCR2,,FBP1,PROC,LYZ,AGT,CPT1B,APP,HAVCR2,LAG3,COL1A1,CD41,CD8A,IL10R,IL6ST,GDNFR,CIAPIN1,CCL19,XCR5,CIAPIN1,CX3CR1,TNFRSF10B,ACE
FBP1,FBP1,LDLR,MMP7,SPPL2B,HIF1A,F3,IGF2R,BAK1,CXCL11,ELANE,IL5R,ESM1,S100A9,NOS3,ICAM1,F8,ORM1,CXCR5,F2,CXCL13,HK2,TBX21,IL13,SCARB1,THBD,,THBS1,ESR1,AP3B2,ALDH4A1,JNK1,IL10R,CX3CR1,FGB,DEFB104A,PDCD1,TNFAIP3,FBP1,GPX1,IFNGR1,FLT1,GSTZ1,GSR,SLC8A2,LTF,SLC2A4,STAT6,IDH2,ITGA1,INS,TRAF6,EDNRA,MAPK8,CYP21A2,IL10R,IL1F6,S100A9,LTB4R1,TSG101,CXCR4,SLC9A1,TRAF1,CD18,IL2RB,SAA1,BAX,APOE,LYZ,CYP11B2,LC3B,CYP24A1,EIF4G1,GATA3,SPPL2B,VEGFR2,FGFR2,BTLA,,PCK2,THBD,CHI3L1,ACE,PPARGC1A,BACE1,FOXP3,HAVCR2,COL1A2,CD61,CD14,TNFRSF1A,IL10R,GFAP,SPPL2B,CCR7,IFI16,SPPL2B,GFAP,CD40,ACE2
PCK1,PC,HMGCR,MMP12,FAM214B,VEGFA,SERPINE1,BDNF,PUMA,MMP1,AZU1,IL9,ENG,S100A12,EDN1,VCAM1,F9,ORM2,IL2,F10,CXCL9,PFK1,GATA3,IL5,LBP,PROCR,,SERPINC1,ESR2,AP3D1,ALDH5A1,ELANE,CCR7,CCL19,FGA,DEFB104B,LAG3,VCAM1,PC,CAT,IFNGR2,KDR,GSTE1,GSSG,SLC8A3,DEFA1,HK2,GATA3,ACLY,ITGAM,INSR,RIPK1,EDNRB,MAPK9,CYP1A1,TGFBR1,IL1F9,LCN2,LTB4R2,CTD-2545G14.4,CX3CR1,ABCA1,TRAF2,SELL,IL2RG,VCAM1,BAK1,LRP1,CCL3,SLC2A1,SQSTM1,FASN,EIF4EBP1,TBX21,FAM214B,ANGPT2,FGFR3,GZMA,,G6PC,PAI1,CHI3L2,AGTR1,PGC1A,PSEN1,PTPN22,FOXP3,FN1,CD62P,CD68,TNFRSF1B,IL12RB1,VIM,FAM214B,CCL21,CCL18,FAM214B,VIM,CD40LG,ATRX
PCK2,PDHA1,SCAP,CTSB,COPZ2,SLC2A1,PAI1,NGF,NOXA,MMP12,S100A8,IL9R,CD31,LCN2,THBD,MMP9,F10,LBP,IL4,F13A1,CXCL11,PKM,FOXP3,IL9,PTX3,EPCR,,CRP,PGR,AP3D2,ALDH6A1,PRTN3,CXCR3,CCL21,TFPI,DEFB105A,HAVCR2,MPO,PDH,SOD1,TNFRSF1A,PDGFRB,GSTK1,GSTM1,SLC9A1,DEFA4,PFK1,FOXP3,FASN,ITGB3,IRS1,CHUK,ADRB1,ERK1,CYP1A2,TGFBR2,IL36A,MMP1,CYBB,ACTL7A,SLAMF1,ABCB1,TRAF3,SELE,IL4,ICAM1,P53,LDLR,CCL4,SLC2A4,CASP1,SREBF1,HMOX1,EOMES,COPZ2,NOS2,FGFR4,GZMB,,GS,PLAT,RETN,AGTR2,SLC2A4,PSEN2,ATG5,PTPN22,THBS1,CD36,CD163,TNFRSF6,IFNGR1,NES,COPZ2,CCL17,CCL28,COPZ2,ACTA2,CD80,ATXN1
G6PC,PDHB,INS,CTSD,PRKAR2B,HK2,TFPI,NTF3,BID,PDGFB,S100A9,IL13,VWF,NGAL,F3,MMP2,F11,CD14,IL5,FGB,CXCR3,LDHA,RORC,IL21,CRP,TMEM119,,SAA1,AR,AP3G1,ALDH7A1,MPO,CX3CR1,CXCR3,PLAT,DEFB105B,IL2RA,LTF,CS,SOD2,TNFRSF1B,PDGFRA,GSTT2,GSTP1,SLC9A3R1,CAMP,PKM,IL2,SREBF1,CDH5,IGF1,IKBKB,ADRB2,ERK2,CYP1B1,JAK1,IL36B,MMP2,NCF1,TNFRSF25,CD40,ABCC1,TRAF4,SELPLG,IL5,SELE,MDM2,HMGCR,CXCR3,HK2,NLRP3,SREBF2,SOD2,TBX2,PRKAR2B,ARG1,KIT,PRF1,,GP,PLAU,LEP,ADRB1,GLUT4,MAPT,ATG7,ATG5,SPP1,SRB1,CD206,FAS,IFNGR2,NCAM1,PRKAR2B,CCR4,CFI,PRKAR2B,COL1A1,CD86,ATXN2
GSK3B,CS,INSR,CTSL,CREBBP,PFKFB3,PROC,NTF4,BAD,TGFB2,LTF,IL13RA1,FGB,MMP8,TFPI,TIMP1,F12,CD36,IL13,FGG,XCR1,PDHA1,IL17A,IL15,SAA1,TREM1,,APCS,NR3C1,AP3G2,ALDH8A1,LTB4R,CCL19,CXCR6,SERPINE1,DEFB106,CD4,DEFB1,ACO2,NQO1,TNFRSF6,ACTA2,GSTD1,GSTT1,SLC9A6,LCN2,LDHA,IL2RA,PPARGC1A,CD31,IGF1R,NFKBIA,ADRB3,JNK1,CYP2A6,JAK2,IL36G,MMP3,SOD2,RNU7-35P,CD40LG,ABCD1,TRAF5,VCAM1,IL12A,SELL,CDKN1A,FASN,CCR7,PFK1,PYCARD,ACACA,CAT,TBX1,CREBBP,MPO,FLT3,FASLG,,UGP2,SERPINA1,ADIPOQ,ADRB2,INS,TAU,LC3B,ATG7,CTGF,ABCA1,MRC1,FASLG,TNFRSF1A,NCAM2,CREBBP,CCL22,CXCL3,CREBBP,COL1A2,CTLA4,ATXN3
MTOR,ACO2,IGF1,CTSH,TSPOAP1,PKM,PROS1,GDNF,BIM,TGFB3,NGP,IL13RA2,FGA,MMP1,SERPINE1,TIMP2,F13A1,CD163,IL17A,FGA,TBX21,PDHB,IL22,IL2,SAA2,TREM2,,HP,NR3C2,AP3M1,ALDH9A1,PTGER2,CCL21,CCL17,VWF,DEFB107P,CD8A,HAMP,IDH1,TXN,TNFRSF10B,COL1A1,GSTD2,GSTA1,SLC9A9,NGAL,PCK1,IL2RB,PPARGC1B,PECAM1,MTOR,REL,GNB3,JNK2,CYP2C9,STAT4,IL37,TIMP1,CAT,RP11-153M7.3,CD80,ABCE1,TRAF6,ICAM1,IL12B,PTPN22,RB1,ACACA,CCR2,PKM,IL18,ACACB,GPX1,RUNX1,TSPOAP1,LTF,CSF1R,FAS,,PYGL,SERPINA3,RESISTIN,ADRA1A,INSR,GFAP,SQSTM1,LC3B,TGFB1,ABCG1,MSR1,CASP3,TNFRSF1B,NCAM3,TSPOAP1,CD4,FGB,TSPOAP1,FN1,PDCD1,HTT
PIK3CA,IDH1,IGF1R,CTSK,MPO,LDHA,FGA,CNTF,HRK,ANGPT1,DEFA1,IL15,FGG,MMP13,PAI1,VEGF,PLAT,MSR1,IL21,PLG,GATA3,CS,IL23R,IL7R,APOA1,TYROBP,,ORM1,PPARG,AP3M2,ALDH18A1,TBXAS1,XBP1,CCL22,S100B,DEFB108P,CD19,CRP,IDH2,TXNRD1,CD40,COL3A1,GSTD3,CTSB,SLC9B1,MMP8,PCK2,IL2RG,MTOR,SELE,RPS6KB1,RELB,GNAQ,P38,CYP2C19,STAT6,IL38,TIMP2,GSR,ABHD1,CD86,ABCF1,TRAF7,MADCAM1,IL23A,IL2RA,E2F1,CPT1A,CX3CL1,LDHA,IL1A,CPT1A,GSR,SPI1,MPO,S100A8,MET,CXCR4,,PYGM,SERPINC1,VISFATIN,ADRA1B,IGF1,VIM,CASP1,SQSTM1,TGFB2,LCAT,SR-A,CASP8,TNFRSF10B,MAPT,MPO,CD8A,FN1,MPO,ITGB1,PDL1,APP
AKT1,IDH2,IRS1,CTSS,PON1,ENO1,FGB,LIF,AKT1,ANGPT2,DEFA3,IL15RA,PROC,ADAM17,VWF,VEGFR2,PAI1,MRC1,IL22,PLAT,RORC,ACO2,CCR7,IL1R1,APOA2,P2RY12,,AGP,RXRA,AP3S1,ALDH16A1,ALB,HIF1A,CXCL13,GFAP,DEFB109P,CD38,SAA1,OGDH,PRDX1,CD40LG,FN1,GSTD4,CTSD,SLC9B2,ELANE,G6PC,STAT5A,HIF1A,SELL,EIF4EBP1,MAPK1,GNA11,PIK3CA,CYP2D6,IRF3,CX3CL1,COL1A1,GSS,LRRC24,CTLA4,ABCG1,TNFRSF1A,PECAM1,IL17A,IL2RB,CCND1,PPARGC1A,CX3CR1,PDHA1,IL33,CPT1B,PRDX1,CEBPA,PON1,S100A9,RET,CXCR5,,PHKA1,F2,APOE,ADRA1D,IGF1R,S100B,NLRP3,MTOR,TGFB3,CETP,MARCO,CASP9,CASP1,TAU,PON1,CD14,CCR4,PON1,ITGA2,PDL2,PSEN1
MAPK1,IDH3,IRS2,CTSW,GCFC2,PGK1,FGG,OSM,MTOR,TEK,CAMP,IL17A,SERPINE1,ADAMTS4,FGB,ANGPT2,THBD,ITGAM,IL23A,SERPINE1,FOXP3,IDH1,CD4,IL6R,APOA4,ITGAX,,PTX3,VDR,AP3S2,ALDH1A1,CRP,ARG1,CXCL9,IL8,DEFB110,CD68,SAA2,SDHA,PRDX2,CD80,MMP2,GSTD5,CTSL,SLC9C1,PRTN3,FBP1,STAT5B,ENO1,ICAM1,ULK1,MAPK3,PLCB1,PIK3R1,CYP2E1,IRF7,CX3CR1,COL1A2,GCLM,RP1-90J20.2,PDCD1,ABHD1,TNFRSF1B,ESM1,IL17F,IL2RG,CCNE1,SLC2A1,XCL1,PDHB,HMGB1,PPARGC1A,TXN,CEBPB,GCFC2,CRP,ROS1,CCR7,,PHKA2,F5,LBP,ATP2A2,IGF2,BDNF,PYCARD,PIK3CA,INHBA,APOB,ITGAM,BCL2,CASP3,APP,GCFC2,CD68,STAT3,GCFC2,ITGA5,LAG3,PSEN2
MAPK14,OGDH,MTOR,CTSV,WDR54,TPI1,CRP,IL1R1,PIK3CA,VWF,LBP,IL17F,PAI1,ADAMTS5,FGA,THBS1,PROC,ITGAX,IL27,SERPINC1,RBPJ,IDH2,CD8A,IL10RA,APOC3,ITGB1,,LBP,THRB,AP4B1,ALDH1A2,SAA1,SLC2A1,CXCL11,CXCL1,DEFB111,CD163,CEACAM1,SDHB,PRDX3,CD86,MMP14,GSTD6,CTSS,SLC9C2,AZU1,PC,IL15,TPI1,VCAM1,ATG5,MAPK14,PLCB2,AKT1,CYP3A4,IKBKG,CCL21,FN1,GCLC,PPP6R2,PD1,ABL1,TNFRSF2,VWF,IL22,IL7R,CDK2,SLC2A4,XCR1,CS,S100A8,PPARGC1B,TXNRD1,MYD88,WDR54,SAA1,ALK,CCR5,,PHKB,F10,CD14,RYR2,IGF2R,NGF,IL18,AKT1,INHBB,APOA1,ITGB2,BAX,CASP8,BACE1,WDR54,CD80,BLT1,WDR54,ITGB3,HAVCR2,MAPT
JNK1,SDHA,PIK3CA,CTSX,CROT,GAPDH,SAA1,IL1R2,PTEN,SELE,LYZ,IL17R,TF,ADAMTS1,PROC,FGF2,PROS1,ITGB2,IL33,F8,NOTCH1,OGDH,CD28,IL12RB1,ALB,CD44,,CD163,TRHR,AP4E1,ALDH1A3,SAA2,SLC2A4,CCR7,CCL20,DEFB112,MPO,CEACAM8,SDHC,PRDX4,HLA-DRA,TIMP2,GSTD7,CTSB,SLC9C3,CEACAM8,PDHA1,IL15RA,ALDOA,ESM1,ATG7,MAPK8,PLCB3,AKT2,CYP3A5,CHUK,CCL19,ACTA2,GSTA1,RIF1,LAG3,ABL2,TNFRSF3,THBS1,IL21,IL15RA,CDK4,HK2,ITGAM,ACO2,S100A9,PPARA,NQO1,TRAF6,CROT,SAA2,NTRK1,CCR2,,PHKG2,F11,TLR2,CACNA1C,MTOR,NTF3,IL33,STAT3,INHBC,APOC3,LFA1,BCL2L1,CASP9,BACE2,CROT,CD86,PRF1,CROT,VCAM1,FOXP3,SNCA
p38,SDHB,AKT1,CTSC,ABCB4,ALB,SAA2,IL6R,MAPK1,SELP,ORM1,IL21,F13A1,ADAMTS8,MYC,PDGFB,SERPINC1,ICAM1,TNFRSF1A,F9,JAG1,SDHA,CTLA4,IL17RA,FGA,CDH5,,CD14,TSHR,AP4M1,ALDH1B1,HP,MTOR,CCR9,BDNF,DEFB113,LTF,CD14,SDHD,PRDX5,HLA-DRB1,TIMP3,GSTD8,CTSH,SLC10A1,CEACAM1,PDHB,IL15R,S100A8,VWF,BECN1,MAPK9,PLCB4,PTEN,CYP3A7,IKBKB,CCR7,ACTB,GSTM1,THBD,TIM3,ACAA1,TNFRSF4,ANGPT1,IL9,IL4R,CDK6,PFKM,ITGB2,IDH2,MMP1,PPARD,GCLC,RIPK2,ABCB4,PTGS2,NTRK2,HLA-DRA,,PHLPP,F12,TLR4,CACNB2,PIK3CA,NTF4,STING1,SOCS3,ACVR1,LPL,MAC1,MCL1,BCL2,PSEN1,ABCB4,CD40,CTGF,ABCB4,ICAM1,TGFB1,UCHL1
ELANE,SDHC,AKT2,CTSF,KMT2E,TF,APCS,IL6ST,MAPK14,ICAM1,HP,IL21R,HP,ADAMTS9,HIF1A,COL1A1,PLAU,VCAM1,TNFRSF1B,F11,DLL4,SDHB,PDCD1,IL23R,FGB,TEK,,TLR2,GHR,AP4S1,ALDH1L1,ORM1,RPS6KB1,CCR10,NPPB,DEFB114,DEFA1,CD163,FH,PRDX6,HLA-DQA1,TGFBR1,GSTD9,MPO,SLC10A2,CEACAM3,DLAT,IL21,S100A9,PLG,LC3,JUN,PRKCA,TSC1,SLC6A4,MAPK1,CCR5,VIM,GSTP1,CTD-2054N24.2,CD28,ACACB,TNFRSF5,ANGPT2,IL15,IL13RA,PCNA,PKM,PECAM1,OGDH,MMP2,PPARG,GCLM,NOD2,KMT2E,COX2,NTRK3,HLA-DRB1,,PPP1CA,F13A1,MYD88,SCN5A,AKT1,GDNF,IRF3,JAK2,ACVR2A,INS,CR3,VEGFA,BCL2L1,PSEN2,KMT2E,CD40LG,DP1,KMT2E,SELE,TGFBR1,LRRK2
MPO,SDHD,GSK3B,CTSG,RHBDD2,HP,LBP,TNFRSF1A,JNK1,VCAM1,TF,IL22,ORM1,ADAMTS15,VEGFA,COL1A2,LTB4R1,SELE,IL1R1,F12,WNT5A,SDHC,LAG3,TNFRSF1A,FGG,FLT1,,TLR4,IGF1R,AP5B1,ALDH1L2,ORM2,EIF2AK4,CX3CL1,TNNT2,DEFB115,AZU1,CD68,MDH2,HMOX1,HLA-DQB1,TGFBR2,GSTD10,LTB4,SLC10A3,CEACAM4,OGDH,IL21R,BDNF,PLAT,SQSTM1,FOS,PRKCB,TSC2,SLC6A2,MAPK3,CCR2,MKI67,GSTO1,MBNL1,ICOS,ACADL,TNFRSF6,TEK,CXCL9,IL5RA,MKI67,LDHA,ALCAM,SDHA,MMP3,LEP,GSTA1,NLRP3,RHBDD2,PGE2,IGF1R,HLA-DPA1,,PPP1CB,VIM,TRAF6,KCNH2,AKT2,IL8,TBK1,TYK2,ACVR2B,IRS1,CR4,FLT1,BAX,APOE,RHBDD2,CD28,C1QC,RHBDD2,SELL,TGFBR2,PINK1
CTSG,FH,PTEN,CTSZ,SOX8,ORM1,PTX3,TNFRSF1B,ERK1,CCR5,ALB,IL22R,ORM2,ADAMTSL1,ANGPT2,FN1,LTB4R2,SEL P,IL1R2,HRG,FZD4,SDHD,HAVCR2,TNFRSF1B,F5,FLT4,,MYD88,INSR,AP5B2,ALDH2L1,TF,ATF4,XCL1,MYH7,DEFB116,S100A12,CD86,OXCT1,BLVRB,HLA-DPA1,SMAD2,GSTD11,PGE2,SLC10A4,CEACAM6,SDHA,IL9,NGF,PLAU,CASP3,ATF2,PRKCG,RHEB,SLC6A3,MAPK8,CCR1,PCNA,MGST1,GIT1,BTLA,ACADM,TNFRSF7,FLT1,CXCL11,CSF2RA,TOP2A,PDHA1,MADCAM1,SDHB,MMP7,LEPR,GSTM1,AIM2,SOX8,PGF2A,INSR,HLA-DPB1,,PPP1CC,ACTA2,IRAK1,HIF1A,MAPK1,CXCL8,CXCL13,IL17A,ACVR1B,IRS2,ITGAX,KDR,BAK1,S100B,SOX8,ICOS,CCL24,SOX8,SELPLG,IL4,PRKN
PRTN3,MDH2,FOXO1,CTTN,IBTK,ORM2,VCAM1,TNFRSF5,ERK2,SLC2A1,AGT,IL23A,SAA4,ADAMTSL6,TEK,ACTA2,TBXAS1,SELL,IL6R,APOE,LRP5,FH,BTLA,FAS,F10,KDR,,TRAF6,PDGFRB,AP5M1,ALDH3A1,CP,DDIT3,XCL2,IL18,DEFB117,LCN2,CD40,OXCT2,FTL,HLA-DPB1,SMAD3,GSTD12,TXA2,SLC10A5,CEACAM7,SDHB,IL9R,NTF3,TFPI,CASP9,CREB1,PRKCD,RPTOR,HTR1A,MAPK9,CXCR3,CCND1,NQO1,PDLIM5,TNFRSF1A,ACADS,TNFRSF8,KDR,CCL5,CSF2RB,AURKA,PDHB,SELP,SDHC,MMP8,ADIPOQ,GSTP1,PYCARD,IBTK,TXA2,INSRR,HLA-DQA1,,PPP2CA,MYH11,IRAK4,EPO,MAPK3,CXCR1,CXCR5,IL22,ACVR1C,PIK3R1,ITGB1,PDGFB,P53,IL8,IBTK,ICOSLG,ELANE,IBTK,CD36,IL13,PARK7
S100A8,GOT1,FOXO3,VIM,ZNF195,AGT,ICAM1,TNFRSF6,P38,HK2,ACE,IL23R,AGP,VCAM1,CD31,MYH11,PTGDS,MADCAM1,IL6ST,LDLR,CTNNB1,MDH2,ICOS,FASLG,TF,ENG,,MAPK1,FLT1,AP5M2,ALDH3A2,VCAM1,NRF2,LTB,CRP,DEFB118,MMP8,CD40LG,ACAT1,FTH1,CD14,SMAD4,GSTD13,PGD2,SLC10A6,CEACAM5,SDHC,IL3,NTF4,THBD,BCL2,MYD88,PRKCE,MLST8,HTR1B,MAPK10,CXCR5,CCNE1,HMOX1,RP11-328K2.1,TNFRSF1B,ACAT1,TNFRSF9,PDGFB,CCL19,CSF3R,AURKB,CS,SELB,SDHD,MMP12,INS,GSTT1,ASC,ZNF195,TBXAS1,IGF1,IDO1,,PPP2R1A,CNN1,RIPK2,EPOR,MAPK14,CXCR2,ICOS,IL23A,ALK1,AKT1,VLA4,PDGFRB,MDM2,CXCL8,ZNF195,OX40,IFNG,ZNF195,CD40,IL5,GRN
S100A9,GOT2,ULK1,FN1,MYCBP2,ACE,SELE,TNFRSF10B,JUN,LDHA,ADAM17,IL27,APOA1,ICAM1,PECAM1,MYL9,PTGES,CCL19,IL10R,HMGCR,GSK3B,GLUD1,CD40,CASP3,PLG,ESM1,,MAPK14,FLT4,AP5S1,ALDH3B1,ICAM1,GCLM,LTA,SAA1,DEFB119,ELANE,CX3CR1,ACAT2,SLC11A1,CD36,SMAD7,GSTD14,PTGDR,SLC10A7,CEACAM20,SDHD,IL3RA,GFAP,EPOR,BAX,TICAM1,PRKCN,DEPTOR,HTR1D,TLR1,CXCR6,CDK2,ARG1,VSTM5,FAS,ACAT2,TNFRSF10A,FGF2,CCL21,KIT,PLK1,ACO2,NOS3,FH,MMP13,INSR,GSTO1,AIM2,MYCBP2,FGA,IGF2,ARG1,,PPP2R1B,TAGLN,NOD2,VEGFA,MAPK8,CCL3,ICOSLG,IL17F,ENG,MTOR,VLA5,ANGPT2,MDM4,CXCR1,MYCBP2,OX40L,TGFB1,MYCBP2,CD40LG,IL9,C9orf72
LTF,GPT,ATG5,COL1A1,FBXL3,ACE2,SELB,CXCR4,FOS,PDHB,ADAMTS13,IL27RA,APOA2,SELE,ESM1,VIM,PTGER2,CCL21,IL12RB1,PCSK9,APC,GLS,CD40LG,CASP8,PAI1,PECAM1,,JNK1,KDR,AP5S2,ALDH3B2,SELE,GPX2,LTBR,LTB4R,DEFB120P,CTSG,CCR5,HMGCR,NRAMP1,TLR2,JUNB,GSTD15,TBXAS1,SLC11A1,CEACAM21,FH,IL7,VIM,EPO,P53,TLR1,PRKCZ,PRAS40,HTR2A,TLR3,CXCR1,CDK4,ARG2,ARL15,FASL,ACE,TNFRSF10B,EGFR,CCR5,FLT3,BUB1,IDH1,SOD2,MDH2,MMP14,IRS1,MGST1,CASP8,FBXL3,FGB,IGFBP1,NOS2,,PPP2R2,LUM,NLRP3,FLT1,MAPK9,CCL4,BTLA,CCL20,BMPR1A,HIF1A,VLA6,TEK,PTEN,CXCR2,FBXL3,GITR,ICAM1,FBXL3,CD80,IL21,SOD1
NGP,GLS,ATG7,COL1A2,ITGAL,AGTR1,SELP,CXCR5,MYC,CS,PLAU,IL33,APOB,SELB,ENG,S100A8,ALOX5,CCR7,IL12RB2,LPL,PTEN,GOT1,CD80,CASP9,SERPINE1,VIM,,P38,EGFR,APBA1,ALDH4A1,SELB,HMOX1,CD4,ALOX5,DEFB121P,PRTN3,CCR7,FASN,CTLA4,TLR4,FOSB,GSTD16,ALOX5,SLC12A1,CEACAM16,MDH2,IL7R,CXCL1,CSF3,MDM2,TLR6,MAPK1,FOXO1,HTR2C,TLR5,CXCR2,CDKN1A,NOS3,RP11-793L10.2,TRAIL,ACE2,TNFRSF11B,ERBB2,CCR7,MPO,BUB1B,IDH2,CAT,ATP5F1A,MMP15,IRS2,ADH1A,FADD,ITGAL,FGG,IGFBP2,PTGS2,,PPP2R5A,DCN,AIM2,KDR,MAPK10,CCR7,CD28,CCR6,BMPR1B,VEGFA,ITGAL,CD31,PIK3CA,CCR5,ITGAL,GITRL,CCL5,ITGAL,CD86,IL31,TARDBP
MMP8,GLUL,LC3B,COL3A1,PDK2,NOS3,ESM1,CXCR6,VEGF,ACO2,PLAT,IL18,APOC3,SELL,FLT1,S100A9,ALOX15,CXCL12,IFNGR1,CETP,PIK3CA,GOT2,CD86,BCL2,PROC,ACTA2,,FOXP3,ERBB2,APBA2,ALDH5A1,SELL,SOD2,CD8A,PTGS2,DEFB122P,LYZ,CXCR4,SREBF1,PDCD1,MYD88,EGR1,GSTD17,ALOX12,SLC12A2,CEACAM18,ACO2,CCR4,CCL3,GMCSF,CDKN1A,TLR10,MAPK3,FOXO3,HTR3A,TLR6,CX3CR1,CDKN1B,NOS1,AC010096.1,TRAILR,ACHE,TNFRSF12A,ERBB3,CX3CR1,ELANE,MAD2L1,OGDH,GSR,ATP5F1B,MMP16,IGF1,ALDH1A1,IKBKG,PDK2,F5,IGFBP3,COX2,,PPP2R5B,TNC,CASP1,ENG,JNK1,CCR2,TNFRSF1B,DEFB1,BMPR2,EPO,CD11a,PECAM1,PIK3R1,CCR7,PDK2,BTLA,TNFRSF1A,PDK2,CTLA4,IL33,FUS
MMP9,CAD,SQSTM1,COL4A1,ITGA3,EDN1,ENG,CX3CR1,ANGPT1,IDH1,PAI1,IL18R1,LBP,PECAM1,KDR,CRP,CYP1A1,CXCR5,IFNGR2,ABCA1,AKT1,GPT,CD163,BAX,PROS1,COL1A1,,CTLA4,ERBB3,APBA3,ALDH6A1,PECAM1,CAT,CD14,LTB4R2,DEFB123P,CHI3L1,CXCR2,SREBF2,LAG3,TRAF6,NR4A1,GSTD18,ALOX15,SLC12A3,CEACAM19,IDH1,CCR6,CCL4,IL3,RB1,NOD2,MAPK14,FOXO4,DRD1,TLR7,CCR9,TP53,ADA,TOX4,CASP3,ACLY,TNFRSF13B,ERBB4,CXCR3,PRTN3,CDC20,SDHA,GCLC,ATP5F1C,MMP17,IGF1R,ALDH2,CHUK,ITGA3,F10,IGFBP4,CXCL9,,PPP2R5C,SPARC,IL1A,TGFBR1,JNK2,CX3CL1,TNFRSF1A,CAMP,BMP4,EPOR,CD18,HIF1A,AKT1,CCR9,ITGA3,HVEM,CXCL9,ITGA3,PDCD1,TSLP,VCP
DEFA1,UMPS,CASP1,COL4A2,ITGA2B,APLN,EDN1,CCL5,ANGPT2,IDH2,THBD,IL18RAP,CD36,CDH5,PDGFRA,SAA1,CYP1B1,CXCR3,TLR3,ABCG1,MTOR,ALDOA,MARCO,P53,THBD,COL1A2,,PDCD1,MET,APBB1,ALDH7A1,VWF,GSR,CD68,CYBB,DEFB124P,MRC1,CXCR1,APOA1,HAVCR2,IRAK1,NR4A2,GSTD19,CYP1A2,SLC12A4,CEACAM11,IDH2,CCR7,CSF1,IL5,E2F1,NLRP3,MAPK8,GSK3B,DRD2,TLR8,CCR10,MDM2,ADK,EFCAB6,CASP8,ACO1,TNFRSF14,IGF1R,CXCR4,MME,CDC25C,SDHB,GCLM,ATP5F1D,MMP19,IGF2,ALDH3A1,IKBKB,ITGA2B,F13A1,IGFBP5,CXCL11,,PPP6C,OAS1,IL1B,TGFBR2,P38,CX3CR1,FAS,LYZ,BMP7,SLC2A1,CD11b,SLC2A1,MTOR,CCR10,ITGA2B,LIGHT,CXCR1,ITGA2B,PDCD1LG1,AREG,SQSTM1
DEFA3,DHODH,CASP3,COL5A1,ASB4,ADRA2A,NOS3,CCL19,TEK,OGDH,EPCR,TNFAIP3,SRF1,ESM1,PDGFRB,SAA2,CYP2E1,CCL17,TLR7,SCARB1,RHEB,ALDOB,SRF1,MDM2,EPOR,MMP2,,LAG3,FGFR1,APBB1IP,ALDH8A1,F8,TXN,CD163,NCF1,DEFB125P,CD209,ITGAM,APOB,BTLA,IRAK4,BDNF,GSTD20,CYP2E1,SLC12A5,CEACAM10,IDH3,CCR9,CSF2,IL13,CCND1,AIM2,MAPK9,WNT1,DRD3,TLR9,CCR3,BAX,ENTPD1,AL121657.4,CASP9,ACO2,TNFRSF16,IGF2R,CXCR5,ACE,WEE1,SDHC,G6PD,ATP5F1E,MMP20,IGF2R,CYP1A1,TNFAIP3,ASB4,PLAT,IGFBP6,CCL19,,PPM1A,OAS2,IL18,SMAD2,ERK1,XCL1,FASLG,MPO,GDF15,GLUT1,CD11c,HK2,RHEB,CX3CL1,ASB4,CD27,C1QB,ASB4,PDCD1LG2,EREG,OPTN
CAMP,RRM1,CASP8,COL5A2,GDE1,ADRB2,ACE,CCL21,TIE2,SDHA,SELE,TNFAIP6,PPARG,VWF,FGFR1,PTGS2,CYP3A4,CCL22,TLR8,ITGB1,TSC1,TPI1,ITGAM,RB1,HBA1,MMP7,,TIM3,FGFR2,APBB2,ALDH9A1,F9,TXNRD1,CD11B,CYBA,DEFB126P,CLEC4E,ITGB2,APOC3,ICOS,CD8A,NGF,GSTD21,CYP3A4,SLC12A6,CEACAM12,CS,CCR10,IL17A,IL4,MYC,CASP1,MAPK10,WNT3A,DRD4,MYD88,CCR4,BCL2,NT5C2,RP1-28C20.1,BCL2,ACOT1,TNFRSF17,INSR,ICAM1,AGT,CHEK1,SDHD,PKLR,UQCRC1,MMP21,MTOR,CYP1A2,TNIP1,GDE1,PAI1,IGFBP7,CCL21,,PPM1B,OAS3,IL33,SMAD3,ERK2,XCR1,CASP8,LTF,LTB,HK2,CD62L,PFK1,TSC1,CX3CR1,GDE1,CD70,CFD,GDE1,CD274,IL1R1,TBK1
LYZ,RRM2,CASP9,COL6A1,REX1BD,GABBR1,AGT,CCL27,VWF,SDHB,SELL,TNFSF10,RXRA,F3,FGFR2,ALB,CYP2C9,CCR4,TLR9,ITGB3,TSC2,GAPDH,ITGAX,E2F1,HBA2,MMP14,,IDO1,FGFR3,APBB3,ALDH18A1,F10,PRDX1,CD11C,MPO,DEFB127P,MSR1,SELL,APOE,CD28,CD8B,NTF3,GSTD22,ADH1B,SLC12A7,CEACAM17,ACLY,CXCR3,IL17F,IL9,VEGFB,CASP8,JNK1,CTNNB1,DRD5,TICAM1,CXCR7,CASP3,ADORA2A,HRAS,BCL2L1,ACOT11,TNFRSF18,IRS1,VCAM1,REN,CHEK2,FH,FBP1,UQCRC2,MMP23B,PIK3CA,CYP1B1,NFKBIA,REX1BD,SERPINE1,CCL3,CCL27,,PPM1D,RNASEL,HMGB1,SMAD4,JUN,LTB,CASP3,SFTPA1,LTA,PFKM,L-selectin,PKM,TSC2,CCL19,REX1BD,CD122,COLEC10,REX1BD,LAG3,IL6R,CHMP2B
ORM1,TK1,PYCARD,COL6A2,CRLF1,HTR2A,REN,XCL1,F8,SDHC,ICAM1,TRAF1,NR3C1,F5,EGFR,FGA,CYP2D6,CX3CL1,NOD2,ITGA2B,AMPK,PGK1,FCGR1A,CCND1,HBB,TIMP1,,ARG1,FGFR4,APBB4,ALDH16A1,F11,PRDX2,CD19,ELANE,DEFB128P,SCARB2,SELE,LDLR,CD80,CD4,NTF4,GSTD23,ALDH2,SLC12A8,CEACAM13,FASN,CXCR5,IL22,IL21,PDGFRA,CASP3,JNK2,APC,OPRM1,TICAM2,CXCR9,CASP9,ADORA2B,SCGB1D4,BAX,ACOT12,TNFRSF19,IRS2,SELE,NOS2,ATM,MDH2,PCK1,CYC1,MMP24,PIK3R1,CYP2A6,RELB,CRLF1,TF,CCL4,LTB4R,,PPM1E,MX1,RAGE,SMAD7,FOS,LTA,BCL2,SFTPB,LTBR,PKM,E-selectin,LDHA,FOXO3,CCL21,CRLF1,IL2RG,IL1F8,CRLF1,HAVCR2,IL10R,VPS4A
HP,TYMS,NLRP3,COL6A3,OSBPL7,DRD2,AGTR1,XCL2,F9,SDHD,VCAM1,TRAF2,NR3C2,F7,ERBB2,FGB,GSTM1,CX3CR1,NLRP3,ITGAL,SIRT1,PGAM1,FCGR2A,CDKN1A,HBD,TIMP2,,NOS2,NTRK1,APBE1,SLC4A1,F12,PRDX3,CD20,CTSB,DEFB129,FCGR1A,SELPLG,SCARB1,CD86,CD3E,GDNF,GSTD24,XDH,SLC12A9,CEACAM14,ACACA,CXCR6,IL23A,IL22,FGFR1,PYCARD,JNK3,AXIN1,PDYN,TRAF2,CXCR10,PTPN6,ADORA1,RP11-981G7.6,BAK1,ACOT13,TNFRSF21,PIK3CA,SELL,NOS3,ATR,ATP5F1A,BCL2,COX1,MMP25,AKT1,CYP2B6,IKZF1,OSBPL7,VWF,CCL11,BLT1,,PPM1F,MX2,AGER,FOXO3,MYC,LTB4R,BAX,SFTPC,TNFRSF1A,LDHA,P-selectin,ENO1,HIF1A,CCL17,OSBPL7,IL7R,FCN1,OSBPL7,TNFRSF1A,IL12RB1,TARDBP
CP,DHFR,AIM2,MMP3,TMEM98,OPRM1,AGTR2,KIT,F10,FH,PECAM1,TRAF3,ARG1,F8,MET,FGG,GSTP1,XCL1,CASP1,ITGAM,FOXO3,ENO1,FCGR2B,CDKN2A,GYPA,TIMP3,,MMP9,NTRK2,APBP1,SLC4A2,F13A1,PRDX4,CD25,CTSS,DEFB130,FCGR2A,CD44,ABCA1,CD40,CD3D,GFAP,GSTD25,ADA,SLC13A1,CEACAM15,PPARA,CX3CR1,IL23R,IL17A,FGFR2,IL18,ERK1,GSK3A,POMC,RIPK1,CXCR11,PTPN22,ADORA3,FAM133DP,BID,ACOT2,TNFRSF22,PIK3CB,MADCAM1,PTAFR,BRCA1,ATP5F1B,BAX,COX2,MMP26,AKT2,CYP2C8,IKZF2,TMEM98,BDNF,CCL13,LTB4,,PPM1G,IFIH1,TLR9,FOXO1,BCL2,LTB4R2,BCL2L1,SFTPD,TNFRSF1B,PCK1,PECAM1,PGAM1,VEGFB,CCL22,TMEM98,IL15RA,ALB,TMEM98,TNFRSF1B,IL23R,FUS
A2M,MTHFR,IL18,MMP10,YBX2,CHRNA7,NR3C1,CSF1,F11,MDH2,CD31,TRAF4,ARG2,F9,IGF1R,F2,GSTT1,XCL2,PYCARD,ITGA1,ULK1,PYGB,FCGR3A,PTEN,ALAS2,ADAM17,,MMP2,NTRK3,APC,SLC4A3,F13B,PRDX5,CD38,GZMA,DEFB131P,FCGR2B,CD24,ABCG1,CD40LG,CD3G,VIM,GSTD26,PDE4,SLC13A2,CEACAM22,PPARD,CCL17,F3,IL17F,KIT,IL33,ERK2,TCF7L2,CNR1,CASP8,CXCR12,SOCS1,SLC2A1,LINC02059,BAD,ACOT4,TNFRSF23,PIK3CD,ITGAM,TXA2R,BRCA2,ATP5F1C,CASP3,COX3,MMP27,AKT3,CYP2C9,IKZF3,YBX2,NGF,CCL17,CYSLTR1,,PPM1H,DDX58,IFNB1,MTOR,BAX,CYSLTR1,MCL1,ABCA3,TNFRSF10B,PCK2,CD31,PGK1,PDGFC,CCL11,YBX2,IL4R,APOR6,YBX2,TNFRSF6,IL17R,EIF4E
ITIH4,MTR,IL1A,MMP11,KRT33A,BDNF,NR3C2,CSF2,F12,PC,ESM1,TRAF5,OTC,F10,INSR,F5,SOD1,NRP1,AIM2,ITGA2,ATG5,G6PD,C1QA,PIK3CA,FECH,ADAMTS4,,VEGF,RET,APCDD1,SLC4A4,PLAT,PRDX6,CD56,PRF1,DEFB132,PRF1,CD38,CYP51A1,CD19,CD19,NES,GSTD27,PDE5,SLC13A3,CEACAM23,PPARG,CCL22,TFPI,IL23A,FLT3,HMGB1,p38,MYC,CNR2,CASP3,CXCR13,SOCS3,SLC2A3,RP11-61D3.1,P53,ACOT6,TNFRH1,PIK3R1,ITGB2,TBXAS1,RAD51,ATP5F1D,CASP9,COX4I1,MMP28,GSK3B,CYP2C19,IKZF4,KRT33A,NTF3,CCL18,CYSLTR2,,PPM1J,IFIT1,IFNA1,PIK3CA,CASP3,CYSLTR2,XIAP,AGER,FAS,G6PC,VEGF,TPI1,PDGFRA,CCL24,KRT33A,IL13,CCL26,KRT33A,TNFRSF9,IL22R,EIF4G1
C3,MTRR,IL33,MMP14,MAP3K14,NGF,HSD11B1,CSF3,F13A1,PCK1,EGFL7,TRAF6,ASS1,F11,PTEN,F7,SOD2,NRP2,IL18,ITGA3,ATG7,PFKM,C1QB,AKT1,UROD,ADAMTS5,,ANGPT2,ALK,APCS,SLC4A5,PLAU,GLRX,CD16,CSTB,DEFB133,GZMA,CD3D,INS,CD20,CD20,S100B,GSTD28,PDE10A,SLC13A4,CEACAM24,SREBF1,CCL19,PLAT,IL23R,TGFBR1,ALB,c-Jun,CCND1,GABRA1,NLRC4,CXCR14,JAK1,SLC2A4,TMEM38A,MDM2,ACOX1,TNFRH2,PIK3R2,CD4,PTGIR,XRCC1,ATP5F1E,FAS,COX4I2,ADAM10,MAPK1,CYP2D6,IKZF5,MAP3K14,NTF4,CCL22,LTB4R2,,PPM1K,IFIT2,IFNG,AKT1,CASP9,TBXAS1,CYBB,RAGE,FASLG,FBP1,VEGFR2,GAPDH,ANGPT1,CCL26,MAP3K14,IL5,MTOR,MAP3K14,TNFRSF10B,IL31R,EIF4EBP1
C5,SHMT1,HMGB1,MMP15,ABCC8,NTF3,HSD11B2,PDGFRA,FGA,PCK2,TEK,TRAF7,ASL,F12,PIK3CA,F8,CAT,PLG,IL37,ITGA4,LC3B,PKLR,C1QC,MTOR,UROD,ADAMTS13,,PTGS2,ROS1,APEX1,SLC4A7,PAI1,MGST1,HLA-DRA,CHI3L1,DEFB134,GZMB,CD3E,INSR,CD3E,CD56,IL8,GSTD29,ADORA2A,SLC13A5,CEACAM25,SREBF2,CCL21,VWF,IL27,TGFBR2,AGT,c-Fos,CDK4,GABRB1,NOD2,IL1R1,JAK2,HK2,C4orf47,CDKN1A,ACP1,TNFRH3,PIK3R3,CD8A,PTGER2,PARP1,ATP5F1F,FASLG,MT-ATP6,ADAM17,MAPK3,CYP2E1,IKZF6,ABCC8,GDNF,CCL26,TBXA2R,,PPM1L,IFIT3,IL12A,GSK3B,APAF1,PTGDS,NCF1,ESR1,CASP3,PYCR1,KDR,SLC2A4,MMP7,CCL13,ABCC8,CSF2,APOR7,ABCC8,TNFRSF12A,IL33R,JUN
CFB,SHMT2,S100A8,MMP16,CACNG3,NTF4,CYP11B1,PDGFRB,FGB,FBP1,TIE1,TRAFD1,GLS,F13A1,AKT1,F9,GPX1,PLAT,IRF3,ITGA5,SQSTM1,PCK1,C3,RHEB,CPOX,MKI67,,LTB4R,NTRK1,APEX2,SLC4A8,PROC,MGST2,HLA-DRB1,ARG1,DEFB135,GZMH,CD3G,IGF1,CD4,CD16,CXCL8,GSTD30,ADORA2B,SLC13B1,CEACAM26,HMGCR,CXCL13,THBD,IL33,SMAD2,ACE,NFKB1,RB1,GABRG1,NAIP,IL1R2,TYK2,PFK1,MIR376C,P21,ACP2,TNFRH4,AKT1,CD14,PTGER4,MGMT,ATP5F1G,TNFRSF1B,MT-ATP8,ADAMTS4,MAPK14,CYP3A4,IKZF7,CACNG3,IL1RN,CCL27,TXA2R,,PPM1M,ISG15,IL12B,MAPK1,CYCS,PTGES,MPO,ESR2,CASP8,GLS,FLT1,INS,MMP12,CCL18,CACNG3,GMCSF,CCL25,CACNG3,TNFRSF17,IFNGR1,FOS
CFH,UMPS,S100A9,MMP17,TMEM132A,GDNF,CYP11B2,FLT3,FGG,PYGL,FLT1,TRAIP,GLUL,FGB,GSK3B,F10,GSR,PLAU,IRF7,ITGA6,CASP1,PCK2,C5,TSC1,PPOX,PCNA,,ALOX5,EGFR,APLF,SLC4A9,PROS1,MGST3,HLA-DQA1,INHBA,DEFB136,KLRK1,CD8A,IGF1R,CD8A,FCGR1A,CXCR1,GSTD31,ADORA1,SLC14A1,CEACAM27,SCAP,CCL20,PROC,ST2,SMAD3,AGTR1,NFKB2,TP53,GABRA2,AIM2,IL1RAP,SYK,PKM,SRP14-AS1,RB1,ACP5,TNFRH5,AKT2,CD68,EDN1,MLH1,ATP5F1H,TRAF2,MT-ND1,ADAMTS5,MAPK8,CYP3A5,IKZF8,TMEM132A,IL4,CCL28,TBAS1,,PPM1N,RSAD2,IL23A,MAPK3,TP53,PTGER,ELANE,PGR,CASP9,GLUL,FLT4,IRS1,MMP14,CCL3,TMEM132A,CSF3,MMP9,TMEM132A,TNFRSF18,IFNGR2,MYC
CFI,UMPS,SAA1,MMP24,AP2B1,S100B,SGK1,FLT4,THBD,GSK3B,KDR,TRADD,SLC2A1,FGA,WNT5A,F13A1,NFE2L2,PAI1,IRF9,ITGA7,CASP3,FBP1,CFB,TSC2,HMOX1,CCND1,,LTB4,ERBB2,APLP1,SLC4A10,THBD,GSTP1,HLA-DQB1,INHBB,DEFB137,KIR2DL1,CD4,IGF2,FOXP3,FCGR2A,CXCR2,GSTD32,ADORA3,SLC14A2,CEACAM28,INSIG1,XCR1,PROS1,TLR2,SMAD4,BDKRB2,RELA,MDM2,GABRB2,IFI16,IL1RAPL1,ZAP70,LDHA,LYPD9P,E2F1,ACPP,TNFRH6,AKT3,CD80,EDNRA,MSH2,ATP5F1J,TRAF6,MT-ND2,ADAMTS1,MAPK9,CYP3A7,IKZF9,AP2B1,IL5,CCR1,TXAS1,,PPM1R1,HERC5,IL17A,MAPK14,MDM2,TXN,PRTN3,AR,BCL2,ARG1,ANGPT1,PIK3R1,ELANE,CCL4,AP2B1,GCSF,CTSG,AP2B1,TNFRSF21,CXCR3,BCL2
MASP2,UMPS,CRP,MMP25,TAC1,GFAP,SGK2,KDR,PROC,MTOR,FLT4,TRIM14,SLC2A4,PLAU,CTNNB1,PLAT,HMOX1,THBD,ISG15,ITGA8,CASP8,FBP2,CFD,AMPK,HMOX2,CCNE1,,PGE2,ERBB3,APLP2,SLC4A11,EPOR,GSTM1,HLA-DPA1,ACVR1B,DEFB138P,KIR2DL3,FOXP3,IGF2R,RORC,FCGR2B,CCL3,GSTD33,HRH1,SLC15A1,CEACAM29,INSIG2,LTα,F5,TLR4,BMP4,EDN1,RELB,BAX,GABRG2,IL18,IL1RAPL2,LCK,PDHA1,RP11-646D13.1,MYC,ACR,TNFRH7,MTOR,CD86,EDNRB,MSH6,ATP5F1L,ATG5,MT-ND3,ADAMTS8,MAPK10,CYP4A11,IKZF10,TAC1,IL13,CCR2,ALOX5,,PPM1R2,PARP9,IL17F,MAPK8,CDKN1A,TXNRD1,LTB4R,VDR,BCL2L1,OTC,ANGPT2,AKT1,CTSB,XCL1,TAC1,IFNA1,C3AR1,TAC1,LTB,CCR7,BCL2L1
FCN1,UMPS,PTX3,MMP28,ZNF263,VIM,SGK3,FLT1,PROS1,S100A8,LYVE1,TRIM21,HK2,PLAT,APC,PLAU,NRF2,PROCR,OAS1,ITGA9,CASP9,GYS1,CFH,ULK1,BLVRB,CDK2,,TBXAS1,MET,APLN,SLC4A1,EPO,GSTM2,HLA-DPB1,BMP2,DEFB139P,KIR3DL1,IL2,IRS1,TBX21,FCGR3A,CCL4,GSTD34,HRH2,SLC15A2,CEACAM30,MTOR,LTβ,F10,TLR9,BMPR2,NOS3,REL,PUMA,GABRA3,IL1A,IL1RL1,CD3Z,PDHB,TUNAR,MAX,ACRV1,TNFRH8,RPS6KB1,CD40,ADRB2,PMS2,ATP5F1O,ATG7,MT-ND4,ADAMTS15,JUN,CYP4F2,IKZF11,ZNF263,IL9,CCR3,ALOX12,,PPM1S,BST2,IL22,MAPK9,P21,SOD1,LTB4R2,GC,BCL2L2,CPS1,TEK,MTOR,CTSD,XCL2,ZNF263,IFNB1,APOR11,ZNF263,LTA,CCR6,BAX
MBL2,UMPS,VCAM1,ADAM17,CX3CL1,NES,ATP1A1,NRP1,SERPINA1,S100A9,PROX1,TRIM22,PFK1,PAI1,TP53,PAI1,APOE,F5,MX1,ITGA10,PYCARD,GYS2,CFI,ATG5,FTL,CDK4,,ITGAM,FGFR1,APLNR,SLC4A2,HBB,GSTM3,B2M,BMP4,DEFB140P,ITGAM,IL4,IRS2,GATA3,C1QA,CCR5,GSTD35,HRH3,SLC16A4,CEACAM31,RPTOR,TNFRSF1A,F2,MYD88,ENG,PTGIS,IKBKG,NOXA,GABRB3,IL33,IL1RL2,CD28,PDHX,PLPP1,APOE,ACTA1,TNFRH9,EIF4EBP1,CD40LG,ADRA2A,ERCC1,ATP5F1P,BECN1,MT-ND4L,ADAMTS2,FOS,CYP11A1,IKZF12,CX3CL1,IL17A,CCR4,ALOX15,,PPM1T,CXCL13,IL10,MAPK10,RB1,SOD2,ALOX5,CYP27B1,BAX,ASS1,TIE2,HMGCR,CTSL,CXCL12,CX3CL1,IFNG,IL10,CX3CL1,LTBR,CCR4,BAK1
LBP,UMPS,ICAM1,ADAM10,SPATA20,TUBB3,ATP1A2,NRP2,SERPINC1,GFAP,CCL19,TRIM25,PKM,THBD,MDM2,TF,APOC1,F10,RSAD2,ITGA11,NLRP3,GPPA,CFHR1,ATG7,FTH1,CDKN1A,,ITGB2,FGFR2,APLNRAP,SLC4A3,HBA1,GSTA1,TAP1,ENG,DEFB141P,ITGB2,IL5,MTOR,ZAP70,C1QB,CCR2,GSTD36,HRH4,SLC16A5,CEACAM32,TSC1,TNFRSF1B,F13A1,TRAF6,ALK1,TBXA2R,CHUK,BIRC5,GABRD,HMGB1,IL2RA,ICOS,CS,RP11-74D7.3,ACE,ACTA2,TNFRH10,MAPK1,CD28,ADRA2B,ERCC4,ATP5F1Q,LC3,MT-ND5,ADAMTS9,NRF2,CYP11B1,IKZF13,SPATA20,IL17F,CCR6,LTB4R,,PPM1F,CXCR5,TGFB1,JNK1,E2F1,CAT,PTGES,CYP24A1,BAK1,ASL,PDGF,FASN,CTSS,CXCR4,SPATA20,TLR2,CD206,SPATA20,CD27,CCR10,CASP3
CD14,UMPS,SELE,ADAMTS4,CACNA1G,MAPT,ATP1A3,ANGPT1,PLG,BDNF,CCL21,TRIM5,LDHA,PROCR,CDKN1A,EPOR,APOC2,F11,IFIH1,ITGAD,AIM2,GPAM,CFHR2,LC3B,SLC11A1,CDKN1B,,CD14,FGFR3,APLP1,SLC4A4,HBA2,GSTA2,TAP2,CDH5,DEFB142P,PECAM1,IL13,PIK3CA,LCK,C1QC,CX3CL1,GSTD37,HTR1A,SLC16A6,CEACAM33,TSC2,TNFRSF10B,FGB,RIPK2,ACVRL1,F2,IKBKB,CCNB1,GABRE,AGER,IL2RB,CD40,ACO2,PTENP1-AS,AGT,ACTB,TNFRH11,MAPK3,ICOS,HRH1,ERCC5,ATP5F2,SQSTM1,MT-ND6,ADAMTS18,HMOX1,CYP11B2,IKZF14,CACNA1G,IL22,CCR7,BLT1,,PPM2C,CCL19,TGFB2,JNK2,CCND1,GPX1,TXA2R,REN,P53,ARG2,PDGFR,ACACA,CTSK,CXCR3,CACNA1G,TLR4,APOL2,CACNA1G,CD30,CX3CR1,CASP9
TLR2,UMPS,SELPLG,ADAMTS5,TNFRSF12A,APP,ATP1B1,ANGPT2,PLAT,NGF,CCR7,TRIM69,PDHA1,EPCR,RB1,HAMP,APOC3,F12,DDX58,ITGAE,IFI16,AGPAT1,CFHR3,SQSTM1,SLC40A1,CDKN2A,,CD4,FGFR4,APLP2,SLC4A5,GYPA,GSTA3,PSMB8,ESM1,DEFB143P,CX3CR1,IL17A,AKT1,CD3Z,C1R,CX3CR1,GSTD38,HTR2A,SLC16A7,CEACAM34,AKT1,FAS,MYH7,NOD2,NOS3,F5,IKBKA,CDC20,GABRP,PTX3,IL2RG,CD40LG,IDH1,NPIPB4,REN,ACTC1,TNFRH12,MAPK14,CD38,HRH2,XPA,UQCRC1,ULK1,SLC6A4,ADAMTS19,SOD1,CYP17A1,IKZF15,TNFRSF12A,IL23A,CCR8,IL18,,PPM2D,CCL21,TGFB3,JNK3,CyclinD1,GSR,P2RX7,AGT,MDM2,NOS1,FGFR,CPT1A,CTSL1,CXCR5,TNFRSF12A,MYD88,CEACAM8,TNFRSF12A,CD70,ITGAM,CASP8
TLR4,UMPS,CD44,ADAMTS1,DLX6,PSEN1,ATP1B2,TEK,PAI1,NTF3,CXCR3,TRIML1,PDHB,CD40,E2F1,HP,APOA1,F13A1,MAVS,ITGAL,STING1,AGPAT2,CFHR4,PINK1,TFRC,CDKN2B,,CD8A,NTRK1,APLN,SLC4A7,CD36,GSTT1,PSMB9,FLT1,DEFB144P,CCR2,IL21,AKT2,CD247,C1S,CCL5,GSTD39,HTR2C,SLC16A8,CEACAM35,AKT2,FASLG,MYL2,NLRP3,EDN1,F7,TRAF6,CDC25C,GABRQ,LTF,IL3RA,TNFRSF1A,IDH2,RAB28P1,NOS3,ACTG1,TNFRH13,MAPK8,CD16,HTR2A,XPC,UQCRC2,APOB,HTR2A,ADAMTSL1,SOD2,CYP19A1,IKZF16,DLX6,IL21,CCR9,IL33,,PPM2E,CCR7,IL4,P38MAPK,CCNE1,GCLM,ADORA2A,ACE,MDM4,NOS3,EGFR,PPARGC1A,CTSB1,CXCR6,DLX6,TRAF6,TNF,DLX6,CD137,ITGB2,FAS
MYD88,UMPS,CDH5,ADAMTS8,MAP3K9,PSEN2,ATP1B3,TIE1,TFPI,NTF4,CX3CR1,TRIMN,CS,CD40LG,CCND1,AGT,APOA2,F13B,TRAF6,ITGAM,TMEM173,CDS1,CFHR5,PARK2,HAMP,TP53,,CD68,NTRK2,APLNR,SLC4A8,ITGB3,GSTT2,PSMB10,KDR,DEFB145P,CCR3,IL22,GSK3B,ITGAM,C2,CCR7,GSTD40,HTR3A,SLC16A9,CEACAM36,AKT3,CASP3,TNNT2,AIM2,ACE,F10,TRAF2,PLK1,GABRR1,MPO,IL3RB,TNFRSF1B,IDH3,RP11-1149M3.2,EDN1,ACTG2,TNFRH14,MAPK9,CD56,HTR2C,DDB2,CYC1,APOC3,HTR2C,ADAMTSL2,CAT,CYP21A2,IKZF17,MAP3K9,IL2,CCR10,ST2,,PPM3A,CCR9,IL5,ERK1,CyclinE1,GCLC,ADORA2B,AGTR1,CDKN1A,ADA,ERBB2,SIRT1,CTSD1,CXCR7,MAP3K9,RIPK2,ARG1,MAP3K9,CD137L,ICAM1,FASLG
TRAF6,UMPS,PECAM1,ADAMTS9,RALA,BACE1,SLC9A1,ITGB1,EPCR,GDNF,XCR1,RIPK1,ACO2,CD80,CCNE1,REN,APOB,TF,IKBKG,ITGAV,CGAS,CDS2,C6,PINK1,FADS1,MDM2,,CD163,NTRK3,APLNRAP,SLC4A9,ITGA2B,GSTO1,CTSS,TEK,DEFB146P,CCR4,IL23A,PTEN,ITGB2,C3,CCR9,GSTD41,HTR4,SLC16A10,CEACAM37,PIK3CA,CASP8,TNNI3,CASP1,AGT,F13A1,TRAF5,AURKA,GABRR2,ELANE,IL4R,FAS,OGDH,ZNF773,ET1,ACTL6A,TNFRH15,MAPK10,PRF1,DRD2,POLG,CYCS,LDLR,DRD2,ADAMTSL3,GPX1,CYP24A1,IKZF18,RALA,IL15,CX3CL1,IL1RL1,,PPM3B,CX3CL1,IL13,ERK2,CDK2,NQO1,HRH1,NOS3,CDKN2A,ADK,MET,NRF2,CSTB,CXCR8,RALA,NOD2,NRF2,RALA,FAS,VCAM1,TNFRSF1A
IRAK1,UMPS,THBD,ADAMTS15,BAIAP2L1,APOE,SLC9A2,ITGB2,THBS1,CREB1,SLAMF1,RIPK2,IDH1,CD86,BAX,ACE,LDLR,TFPI,CHUK,ITGB2,DDX58,PCYT1A,C7,DJ1,FADS2,MDM4,,CD206,RET,APOA1,SLC4A10,PF4,GSTO2,CTSB,CD31,DEFB147P,CCR6,IL27,TSC1,LFA1,C4,CCR10,GSTD42,HTR5A,SLC16A11,CEACAM38,PIK3R1,CASP9,TNNC1,IL18,AGTR1,FGB,MyD88,AURKB,GABRR3,CTSG,IL5RA,FASLG,SDHA,AC108463.1,TXA2R,ACTL7A,TNFRH16,JNK1,GZMA,DRD4,POLH,COX1,ABCA1,DRD3,ADAMTSL4,GPX2,CYP26A1,IKZF19,BAIAP2L1,IL7,CX3CR1,IL1RAP,,PPM3C,CX3CR1,CCL2,JUN,CDK4,HMOX1,HRH2,EDN1,RB1,NT5C,HGF,HMOX1,CSTC,CXCR9,BAIAP2L1,NLRP3,JAK1,BAIAP2L1,FASLG,SELE,TNFRSF1B
IRAK4,UMPS,VWF,TIMP3,KDM7A,IL1RN,SLC9A3,ITGB3,ITGA2B,HMOX1,SLAMF6,RIPK3,IDH2,CD28,BCL2,ACE2,LRP1,VWF,IKBKB,ITGB4,IFIH1,PCYT1B,C8A,LRRK2,FASN,BAX,,MRC1,ALK,APOA2,SLC4A11,PPBP,GSTM4,CTSD,PECAM1,DEFB148P,CCR7,IL33,TSC2,MAC1,C5,CCL11,GSTD43,HTR6,SLC16A12,CEACAM39,PTEN,BCL2,ACTC1,IL1A,NR3C1,FGA,TICAM1,BUB1,GABRZ,ARG1,IL6R,TRAIL,SDHB,MIR4274,TBXAS1,ACTN1,TNFRH17,JNK2,GZMB,OPRM1,POLK,COX2,ABCG1,DRD4,ADAMTSL5,GCLC,CYP26B1,IKZF20,KDM7A,IL3,XCL1,IRF3,,PPM3D,XCR1,CCL3,FOS,CDK6,HIF1A,HRH3,TBXAS1,E2F1,ENTPD1,IGF1R,SOD1,CSTD,CXCR10,KDM7A,AIM2,CD86,KDM7A,TRAIL,SEL,TRAF2
IKBKB,UMPS,F3,TIMP4,ETV1,IL18,SLC9A4,ITGB4,ITGB3,ALB,SLAMF7,RIPK4,OGDH,CTLA4,CASP9,ATF6,PCSK9,F2,MAPK1,ITGB5,TLR2,PEMT,C8B,SNCA,ACACA,BCL2,,LYZ,ROS1,APOA4,SLC9A1,THPO,GSTM5,CTSL,SELE,DEFB149P,CCR9,ICOS,RHEB,CR1,C6,CCL17,GSTD44,HTR7,SLC16A13,CEACAM40,FOXO1,BCL2L1,ACTA1,TNFRSF1A,NR3C2,PROC,TICAM2,MAD2L1,GRIA1,ARG2,IL6ST,TRAILR1,SDHC,RN7SKP97,PTGIS,ACTN2,TNFRH18,JNK3,FAS,OPRD1,POLL,COX3,SCARB1,GABRA1,ADAMTSL6,GCLM,CYP26C1,IKZF21,ETV1,CSF2,XCL2,IRF7,,PPM3E,XCL1,CCL4,MYC,PTEN,EPO,HRH4,PTGIS,CCND1,CD38,IGF1,CAT,CSTE,CXCR11,ETV1,PYCARD,DP2,ETV1,TRAILR1,PTPRC,RIPK1
CHUK,UMPS,FGB,SERPINE1,AGK,IL33,SLC9A5,ITGB5,GP1BA,APOA1,CD244,IKBKB,SDHA,PDCD1,CASP3,HSPA5,ABCA1,F9,MAPK14,ITGB6,TLR4,PISD,C8G,APP,ACACB,BCL2L1,,MPO,PDGFRA,APOB,SLC9A2,MPL,CYBB,CTSH,PTPRC,DEFB150P,CCR10,CTLA4,FOXO1,CR2,C7,CCL22,GSTD45,DRD1,SLC16A14,CEACAM41,FOXO3,BCL2L2,LYZ,TNFRSF1B,HSD11B1,PROS1,TRIF,CHEK1,GRIA2,NOS1,IL7R,LTB,SDHD,MLXIP,PLA2G2A,ACTN3,TNFRH19,P38,FASLG,OPRK1,PRIM1,COX4I1,LPL,GABRB1,ADAMTSL7,NQO1,CYP27A1,IKZF22,AGK,GM-CSF,CXCR1,IRF9,,PPM3F,XCL2,CCL5,BCL2,INPP5D,EPOR,C3,PTGIR,CCNE1,CD73,IGF2,GPX1,CSTF,CXCR12,AGK,CASP1,CCL20,AGK,TRAILR2,CD3E,IKBKG
IKBKG,UMPS,FGA,SERPINA1,ALDH3B1,ST2,SLC9A6,ITGB6,GP1BB,APOA2,CD160,IKBKG,SDHB,PDL1,APAF1,HSP90B1,ABCG1,PROC,MAPK8,ITGB7,TLR9,PISY,C9,BACE1,CPT1A,CASP3,,DEFB1,PDGFRB,APOBEC1,SLC9A3,CSF3R,CYBA,CTSK,CD45,DEFB4A,CXCR5,PDCD1,FOXO3,CR3,C8A,CCR4,GSTD46,DRD2,SLC17A1,CEACAM42,FOXO4,BAX,,TNFRSF6,HSD11B2,SERPINE1,TRAM,CHEK2,GRIA3,NOS3,IL9R,LTA,FH,PRXL2B,PTAFR,ACTN4,TNFRH20,ERK1,TNFRSF1A,OPRL1,PRIM2,COX4I2,LIPG,GABRG1,ADAMTSL8,TXN,CYP27B1,IKZF23,ALDH3B1,CSF3,CXCR2,TBK1,,PPM3G,IL2RA,CCL11,BCL2L1,SHIP1,VEGFA,C5,ADRB1,CDK2,ADA2,IGFBP3,IL17A,CSTG,CXCR13,ALDH3B1,CASP3,ANPEP,ALDH3B1,NGFR,CD4,CHUK
RELA,UMPS,FGG,SERPINA3,TTC22,TNFRSF1A,SLC9A7,ITGB7,GP9,APOB,BTLA,CHUK,SDHC,PDL2,FAS,DNAJB1,NPC1L1,PROS1,MAPK9,ITGB8,MYD88,PSAT1,MASP1,PSEN1,CPT1B,CASP8,,HAMP,FLT1,APOBEC2,SLC9A4,CSF3,NCF1,CTSB,CD19,DEFB9,AREG,LAG3,FOXO4,C1QA,C8B,CXCL12,GSTD47,DRD3,SLC17A2,CEACAM43,GSK3B,BAK1,,FAS,CYP11B1,SERPINC1,IRAK1,BRCA1,GRIA4,HIF1A,IL10RA,LTBR,MDH2,DIAPH3-AS2,HRG,ACVR1,TNFRH21,ERK2,TNFRSF1B,CNR1,RFC1,COX5A,COL3A1,GRIA1,ADAMTSL9,TXNIP,CYP27C1,IKZF24,TTC22,G-CSF,CXCR5,IKBKE,,PPM3H,IL2RB,CCL17,BAX,INPP4B,VEGFR2,C5AR1,ADRB2,CDK4,ADARB1,INS,IL23A,CSTH,CXCR14,TTC22,CASP8,LYZ,TTC22,NTRK1,CD8A,IKBKB
NFKB1,UMPS,PLAT,SERPINB1,PHTF2,TNFRSF1B,SLC9A8,ITGB8,GP5,TF,LAIR1,IRAK1,SDHD,LAG3,FADD,DNAJA1,SCARB1,SERPINC1,MAP3K7,ITGB1,TRAF6,PSPH,MASP2,PSEN2,CPT2,CASP9,,TF,FLT4,APOBEC3A,SLC9A5,GM-CSF,NCF2,MHC2TA,CD20,HAMP,EGF,HAVCR2,SIRT1,C1QB,C8G,CXCR4,GSTD48,DRD4,SLC17A3,CEACAM44,MAPK1,MCL1,,FASLG,CYP11B2,THBD,IRAK2,BRCA2,GRID1,EPAS1,IL10RB,CX3CL1,MDH1,EEF1B2P4,CRP,ACVR1B,TNFRH22,FOS,TNFRSF6,CNR2,RFC2,COX5B,COL4A1,GRIB1,ADAMTSL10,APOE,CYP39A1,IKZF25,PHTF2,IFNG-AS1,CXCR6,TRAF6,,PPM3J,IL2RG,CCL22,BAK1,GSK3B,FLT1,C5AR2,ADRB3,CDK6,ADAR,INSR,IL17F,CSTI1,CXCR15,PHTF2,CASP9,XCR1,PHTF2,NTRK2,CD14,IKBAB
NFKB2,UMPS,PLAU,SERPINB2,CCL26,TNFRSF10B,SLC9A9,ITGA1,GP6,FGA,PILRA,IRAK2,FH,HAVCR2,TNFRSF1A,HSPB1,CETP,F1,TAB1,ITGB1BP1,IRAK1,AGXT,FCN1,MAPT,PPARGC1A,CASP10,,SLC11A1,KDR,APOBEC3B,SLC9A6,IL3,NCF4,CIITA,CD14,LTB4R1,EGFR,TNFRSF1A,SIRT2,C1QC,C9,CXCL13,GSTD49,DRD5,SLC17A4,CEACAM45,MAPK3,APAF1,,CD40,SIRT1,VWF,IRAK4,ATM,GRID2,SLC11A1,IL11R,CX3CR1,GOT1,RP11-10F11.2,SAA1,ACVR2A,TNFRH23,JUN,TNFRSF10B,GABRA1,RFC3,COX6A1,LAMA1,GRIN1,ADAMTSL11,APP,CYP46A1,IKZF26,CCL26,MIR155,TLR1,TRAF3,,PPM3K,IL7R,CXCL8,CASP3,APC,KDR,CFB,GNAQ,PCNA,RNASEL,IRS1,IL22,CSTP,CXCR16,CCL26,FAS,TF,CCL26,NTRK3,CD68,NFKBIA
RELB,UMPS,PAI1,SERPINB3,FARP2,FAS,SLC9B1,ITGA2,GP2B,FGB,SIGLEC10,IRAK3,MDH2,BTLA,TNFRSF1B,HSPH1,MTOR,F3,TAB2,ITGB1P,IRAK4,AMT,FCN2,TAU,PPARGC1B,PARP1,,NRAMP1,NRP1,APOBEC3C,SLC9A7,IL5,RAC2,RFX5,CD16,LTB4R2,HBEGF,TNFRSF1B,SIRT3,C1R,CFB,CXCR5,GSTD50,OPRM1,SLC17A5,CEACAM46,MAPK11,CYCS,,CD40LG,SIRT2,ADAMTS13,TBK1,ATR,GRIK1,SLC11A2,IL12RB1,XCL1,GOT2,MIR489,SAA2,ACVR2B,TNFRH24,MYC,CASP3,GABRB2,RFC4,COX6A2,LAMB1,GRIN2A,ADAMTSL12,BACE1,CYP51A1,IKZF27,FARP2,MIR21,TLR2,TRAF2,,PPM3L,IL15RA,CXCL9,CASP7,CTNNB1,FLT4,CFH,GNAI3,BRCA1,OAS1,IRS2,IL4,CSTA,CXCR17,FARP2,FASLG,CXCR5,FARP2,APAF1,CD163,REL
RELC,UMPS,SERPINE1,SERPINB4,USH1C,FASLG,SLC9B2,ITGA3,GP3A,FGG,CLEC4E,IRAK4,ATP5F1A,ICOS,TRAIL,FOS,AMPK,F7,RIPK1,ITGB2L,IKBKB,CBS,FCN3,GFAP,PPARA,PARP2,,FTL,NRP2,APOBEC3D,SLC9A8,KIT,RAC1,IRF8,CD80,ALOX5,TGFA,TNFSF10,SIRT4,C1S,CFD,CCL19,GSTD51,OPRD1,SLC17A6,CEACAM47,MAPK12,P53,,CD80,SIRT3,PLG,IKBKE,RAD51,GRIK2,SLC29A1,IL12RB2,XCL2,GPT,TRIM11,VCAM1,ACVRL1,TNFRH25,BCL2,CASP8,GABRG2,RFC5,COX6B1,VCAN,GRIN2B,ADAMTSL13,BACE2,CYP7A1,IKZF28,USH1C,MIR146A,TLR3,RIPK1,,PPM3M,IL21R,CXCL10,CASP8,WNT3A,PDGFB,CFI,ADORA2A,BRCA2,OAS2,AKT1,IL5,CST1,CXCR18,USH1C,TNFRSF1A,APOR5,USH1C,BCL2,CD11c,RELA
IL1R1,UMPS,PROC,SERPINB5,GGCT,CASP3,SLC9C1,ITGA4,PF4,F3,CLEC5A,TBK1,ATP5F1B,ICOSLG,TRAILR1,JUN,PGC1A,F8,RIPK3,ITGB3,CHUK,CTH,MBL2,VIM,PPARD,PARP3,,FTH1,VEGFA,APOBEC3F,SLC9A9,FLT3,RAC3,IRF4,CD86,ALOX5AP,VEGFA,TNFSF11,SIRT5,C2,CFH,CCL21,GSTD52,OPRK1,SLC17A7,CEACAM48,MAPK13,MDM2,,CD86,SIRT6,HRG,RIPK1,XRCC1,GRIK3,SLC29A2,IL13RA1,KITLG,GLUD1,ARMC5,ICAM1,ACY1,TNFRH26,BCL2L1,CASP9,GRIA1,CCNA2,COX6C,MMP1,BDNF,ADAMTSL14,PSEN1,CYP7B1,IKZF29,GGCT,MIR29A,TLR4,RIPK2,,PPM3N,IL23R,CXCL11,CASP9,WNT5A,PDGFRB,CFTR,ADORA2B,ATM,OAS3,AKT2,IL13,CST2,CXCR19,GGCT,TNFRSF1B,CXCL17,GGCT,BCL2L1,CD19,RELB
IL6R,UMPS,PROS1,SERPINB6,DBF4,CASP8,SLC9C2,ITGA5,PPBP,F5,CLEC7A,MAPK1,ATP5F1C,OX40,TRAILR2,EGR1,SIRT1,FGB,MLKL,ITGB3BP,IKBKG,GLDC,COLEC10,NES,PPARG,SIRT1,,VCAM1,VEGFB,APOBEC3G,SLC9A1,MPO,PAK1,IRF5,CD40,PTGES,VEGFB,TNFSF13B,SIRT6,C3,CFI,CCR6,GSTD53,OPRL1,SLC17A8,CEACAM49,MAPK14,CDKN1A,,CTLA4,SIRT7,APOE,RIPK2,LIG4,GRIK4,SLC7A1,IL13RA2,CSF2,GLS,LINC02620,SELE,ACYP1,TNFRH27,BCL2L2,BCL2,GRIA2,CCNB1,COX7A1,MMP3,NGF,ADAMTSL15,PSEN2,CYP8B1,IKZF30,DBF4,MIR29B,TLR5,MAPK14,,PPM3R1,IL17A,CXCL12,APAF1,FZD1,PDGFRA,ACE,HRH1,ATR,RNaseL,AKT3,GATA3,CST3,CXCR20,DBF4,TRAIL,APOC1,DBF4,BCL2L11,CD20,NFKB2
TNFRSF1A,UMPS,THBS1,SERPINB7,TBXA2R,CASP9,SLC4A1,ITGA6,SELPLG,F7,FCGR1A,MAPK3,ATP5F1D,OX40L,DR5,NR3C1,PPAR,FGA,FAS,ITGB4BP,RELA,GCSH,COLEC11,OLIG2,SREBF1,SIRT2,,ICAM1,VEGFC,APOBEC3H,SLC9A2,ELANE,PAK2,IRF7,CD40LG,TBXAS1,VEGFC,TNFSF14,SIRT7,C4,MBL2,CCL20,GSTD54,CHRM1,SLC17A9,CEACAM50,JNK1,P21,,PDCD1,NAMPT,LRP1,RIPK3,PARP1,GRIN1,SLC7A2,IL15RA,CSF3,GLUL,MMP2,SELB,ADAM10,TNFRH28,BAX,BCL2L1,GRIA3,CCNB2,COX7A2,ADAM17,NTF3,ADAMTSL16,MAPT,BDNF,IKZF31,TBXA2R,MIR29C,TLR6,MAPK1,,PPM3R2,IL17F,CXCL13,CYCS,FZD2,FGFR1,AGT,HRH2,CHEK1,IFIH1,PIK3CA,FOXP3,CST4,CXCR21,TBXA2R,TRAILR1,VCAM1,TBXA2R,BAX,CD56,P53
TNFRSF1B,UMPS,COL1A1,SERPINB8,IFRD1,BCL2,SLC4A2,ITGA7,SELE,F10,FCGR2A,MAPK8,ATP5F1E,GITR,FASLG,NR3C2,RXRA,FGG,FASLG,ITGB5BP,MAPK14,GCSP,COLEC12,MBP,SREBF2,SIRT3,,SELE,VEGFD,APOBR,SLC9A3,AZU1,PAK3,IRF3,ICOS,PLA2G2A,PDGFA,LTA,AMPK,C5,FGA,CD40,GSTD55,CHRM2,SLC18A1,CEACAM51,JNK2,RB1,,PD1,PARP1,LDLR,NLRP3,MGMT,GRIN2A,SLC16A1,IL17RA,GM-CSF,GS,RN7SL58P,SELP,ADAM12,TNFRH29,BAK1,BCL2L11,GRIA4,CCND2,COX7B,ADAMTS4,NTF4,ADAMTSL17,SNCA,NGF,IKZF32,IFRD1,MIR125A,TLR9,MAPK3,,PPM3R3,IL22,CXCR3,P53,LRP5,FGFR2,AGTR1,HRH3,CHEK2,MDA5,PIK3R1,TBX21,CST5,CXCR22,IFRD1,TRAILR2,S100A8,IFRD1,BAK1,CD16,MDM2
IL18R1,UMPS,COL1A2,SERPINB9,LGALS14,BAX,SLC4A3,ITGA8,SELP,F11,FCGR2B,MAPK9,ATP5F1F,GITRL,CD95,APOE,NR1H3,,TNFSF10,ITGB6BP,MAPK1,GCST,CTSB,MOG,SREBF1,SIRT4,,SELPLG,PGF,APOL1,SLC9A4,PRTN3,PAK4,IRF9,ICOSLG,PLA2G4A,MKI67,LTB,PRKAA1,C6,FGB,CD40LG,GSTD56,CHRM3,SLC18A2,CEACAM52,JNK3,E2F1,,PDL1,PARP2,SCARB1,AIM2,ERCC1,GRIN2B,SLC16A2,IL17RB,M-CSF,PC,CYBA,ESM1,ADAM15,TNFRH30,CASP3,BAX,GRIN1,CCND3,COX7C,EGFR,GDNF,ADAMTSL18,UCHL1,NTF3,IKZF33,LGALS14,MIR125B1,TLR10,MAPK8,,PPM3R4,IL23A,CXCR4,MDM2,LRP6,FGFR3,AGTR2,HRH4,RAD51,RIGI,PTEN,GZMA,CST6,CXCR23,LGALS14,LTB,CXCL1,LGALS14,CASP3,NKG2D,CDKN1A
IL12RB1,UMPS,COL3A1,SERPINB10,COX10,CYCS,SLC4A4,ITGA9,ICAM1,F12,FCGR3A,MAPK10,ATP5F1G,CD27,GZMA,APOC3,NR1H2,,TRAIL,ITGB7BP,MAPK3,SHMT1,CTSD,PLP1,IRS1,SIRT5,,ESM1,ANGPT1,APOL2,SLC9A5,CTSG,PAK5,IRF2,BTLA,PLA2G4C,PCNA,PRF1,PRKAA2,C7,FGG,CD80,GSTD57,CHRM4,SLC18A3,CEACAM53,P38,CCND1,,PDL2,PARP3,ABCA1,NLRC4,XPA,GRIN2C,SLC17A5,IL17RC,SCF,PEPCK1,IGKV2D-24,THBD,ADAM17,TNFRH31,CASP7,BAK1,GRIN2A,CCNE2,COX8A,PDGFRA,S100B,ADAMTSL19,LRRK2,NTF4,IKZF34,COX10,MIR125B2,MYD88,MAPK9,,PPM3R5,IL1R1,CXCR5,CDKN1A,DKK1,EGFR,EDN1,HTR1A,XRCC1,DDX58,MTOR,PRF1,CST7,CXCR24,COX10,LTA,IL12B,COX10,CASP7,NKp46,CDKN2A
IL12RB2,UMPS,COL4A1,SERPINB11,GTF2IRD1,APAF1,SLC4A5,ITGA10,VCAM1,F13A1,C1QA,MAPK14,ATP5F1H,CD70,PRF1,LDLR,FXR,,TNFRSF10B,ITGB8BP,JNK1,SHMT2,CTSS,MAG,IRS2,SIRT6,,THBD,ANGPT2,APOL3,SLC9A6,CEACAM8,PAK6,IRF10,VTCN1,PLA2G4D,CCND1,GZMA,PRKAB1,C8,F5,CD86,GSTD58,CHRM5,SLC19A1,CEACAM54,ERK1,CyclinD1,,LAG3,CD36,ABCG1,PYCARD,XPC,GRIN2D,SLC17A6,IL17RD,EPO,PEPCK2,ADIPOR1P2,VWF,ADAM8,TNFRH32,CASP8,MCL1,GRIN2B,CDK1,COX8B,TGFBR1,GFAP,ADAMTSL20,PINK1,GDNF,IKZF35,GTF2IRD1,MIR223,TRAF6,JNK1,,PPM3R6,IL1R2,CCR2,RB1,SFRP1,ERBB2,EDNRA,HTR2A,PARP1,IFI44,RHEB,CD8A,CST8,CXCR25,GTF2IRD1,LTBR,GZMB,GTF2IRD1,CASP8,NCR1,RB1
IL10R1,UMPS,FN1,SERPINB12,PAF1,XIAP,SLC4A7,ITGA11,PECAM1,PLAT,C1QB,MAPKAPK2,ATP5F1J,CD30,NKG2D,ABCA1,LXR,,CD40,ITGB9BP,JNK2,TYMS,CTSL,PRNP,INSR,SIRT7,,PLAU,TEK,APOL4,SLC9A7,CEACAM1,PIK3CA,IRF6,CD27,PLA2G4E,CCNE1,GZMB,PRKAB2,C9,F10,CD28,GSTD59,ADRB1,SLC19A2,CEACAM55,ERK2,CCNE1,,HAVCR2,SRF,CETP,CASP1,TFDP1,GRIN3A,SLC18A1,IL17RE,THPO,FBP1,LINC00707,FGB,ADAM9,TNFRH33,CASP9,AIFM1,GRIN2C,CDK5,NDUFA1,EGF,VIM,ADAMTSL21,PARK7,NTN,IKZF36,PAF1,MIR142,IRAK2,JNK2,,PPM3R7,IL1RN,CCR5,E2F1,BMP4,ERBB3,EDNRB,HTR2C,MGMT,IFIT1,TSC1,CD4,CST9,CXCR26,PAF1,TNFSF14,CCR1,PAF1,CASP9,KLRK1,E2F1
IL10R2,UMPS,ITGB1,SERPINB13,VPS41,TRAF2,SLC4A8,ITGAD,ESM1,PLAU,C1QC,MAP3K7,ATP5F1L,CD30L,NKP46,ABCG1,RXR,,CD40LG,ITGBL1,JNK3,DHFR,CTSK,SOD1,IGF1R,AMPK,,PLAT,TIE1,APOL5,SLC9A8,DEFA1,PIK3CB,IRF11,CD70,PLA2G4F,CDK2,GZMH,PRKAG1,CFB,F13A1,ICOS,GSTD60,ADRB2,SLC19A3,CEACAM56,MAPKAPK2,CyclinE1,,TIM3,MYOCD,LPL,CASP4,E2F1,GRIN3B,SLC18A2,IL17RF,BDNF,FBP2,RP11-510D21.1,FGA,ADAMTS1,TNFRH34,CASP10,ENDOG,GRIN2D,CDK7,NDUFA2,PDGF,ACTA2,ADAMTSL22,ATG5,SEMA3A,IKZF37,VPS41,MIR144,IRAK4,p38,,PPM3R8,IL18,CCR7,CCND1,BMPR1A,ERBB4,NOS3,DRD1,MLH1,IFIT2,TSC2,CD28,CST10,CXCR27,VPS41,TNFSF9,APOA2,VPS41,CYCS,KIR2DL1,CCND1
TGFBR1,UMPS,ITGB3,SERPINB14,ARHGAP44,TRAF6,SLC4A9,ITGAM,VIM,SERPINE1,C3,MAP3K8,UQCRC1,CD137,CD16,CYP1A1,VDR,,BAX,ITGB1,P38MAPK,TK1,CTSH,GRN,IGF1,MTOR,,PAI1,VWF,APOL6,SLC9A9,DEFA4,PIK3CD,IRF12,CD28,PLA2G6,CDK4,GZMK,PRKAG2,CFD,PLAT,ICOSLG,GSTD61,ADRB3,SLC20A1,CEACAM57,MAPKAPK3,CDK2,,BTLA,ACTA1,APOB,CASP5,E2F2,GRM1,SLC19A1,IL18R1,NGF,G6PC,AC007106.1,FGG,ADAMTS10,TNFRH35,CASP1,PARP1,GRIK1,CDK9,NDUFA3,TGFA,MYH11,ADAMTSL23,ATG7,SEMA3C,IKZF38,ARHGAP44,MIR16,TBK1,ERK1,,PPM3R9,IL18R1,CCR9,CCNE1,BMPR2,IGF1R,PTGIS,DRD2,MSH2,IFIT3,AMPK,CTLA4,CST11,CXCR28,ARHGAP44,41BB,APOL7A,ARHGAP44,P53,KIR2DL3,CCNE1
TGFBR2,UMPS,ITGA2,SERPINB15,ELAC2,RIPK1,SLC26A1,ITGAX,FN1,THBD,C5,MAP4K1,UQCRC2,CD137L,FCGR3A,CYP1A2,GCGR,,BCL2,ITGB2,ERK1,TK2,CTSW,TARDBP,IGF2,PI3K,,FGA,F8,APOL9A,SLC12A1,LTF,PIK3CG,IRF2BP1,CD82,PLA2G10,CDKN1A,NKG2D,ULK1,CFH,PLAU,PDCD1LG1,GSTD62,ADRA1A,SLC20A2,CEACAM58,MAPKAPK5,CDK4,,ICOS,ACTA2,APOA1,CASP8,E2F3,GRM2,SLC19A2,IL18RAP,NTF3,G6P,CTD-2561B21.11,PLAT,ADAMTS12,TNFRH36,CASP4,PARP2,GRIK2,CDK10,NDUFA4,FGFR1,COL1A1,ADAMTSL24,BECN1,SEMA3F,IKZF39,ELAC2,MIR15A,IKBKB,ERK2,,PPM3S,IL18RAP,CCR10,CDK2,SMAD2,IGF1,TBXAS1,DRD3,MSH6,ISG15,SREBP1,PDCD1,CST12,CXCR29,ELAC2,41BBL,CCL27,ELAC2,MDM2,KIR3DL1,CCNB1
CCR2,UMPS,ITGA5,SERPINB16,SCIN,RIPK3,SLC26A2,ICAM1,COL1A1,PROC,C5AR1,MAP4K2,UQCRFS1,CD152,FCGR2A,CYP1B1,FGF21,,BCL2L1,ITGB3,ERK2,RRM1,CTSO,FUS,PIK3CA,AKT1,,FGB,F9,APOL9B,SLC12A2,NGP,AKT1,IRF2BP2,CXCR5,PLA2G12A,CDKN1B,NKP46,BECN1,CFI,PAI1,PDCD1LG2,GSTD63,ADRA1B,SLC22A1,CEACAM59,HSPB1,CDK6,,ICOSL,MYH11,SAA1,CASP9,DP1,GRM3,SLC19A3,IL18R2,NTF4,GPAT,RHOG,PAI1,ADAMTS13,TNFRH37,CASP5,TP53,GRIK3,CDK11A,NDUFA4L2,IGF1R,COL1A2,ADAMTSL25,LC3,SEMA4D,IKZF40,MYH13,MIR15B,CHUK,AKT1,,PPM3T,IL33,TNF,CDK4,SMAD3,IGF2,THBD,HTR3A,PMS2,MX1,FASN,PDL1,CST13,CXCR30,SCIN,CD27L,PTGER4,SCIN,CDKN1A,KIR3DL2,CCNA2
CCR5,UMPS,MMP1,SERPINB17,MYH13,MLKL,SLC26A3,ICAM2,COL1A2,PROS1,C5AR2,MAP4K3,UQCRB,CD154,FCGR1A,CYP2E1,ADIPOQ,,CASP3,ITGB4,MAPK8,RRM2,CTSC,C9orf72,PIK3CB,AKT2,,FGG,F10,APOM,SLC12A3,MMP8,AKT2,IRF2BP3,CCR7,PLA2G12B,TP53,KLRD1,ATG5,CFP,SERPINE1,BTLA,GSTD64,ADRA1D,SLC22A2,CEACAM60,HSPA1A,BRCA1,,CD28,CNN1,SAA2,CASP10,RBBP4,GRM4,SLC20A1,IL19R,GDNF,AGPAT,CTC-789J18.1,TF,ADAMTS14,TNFRH38,CASP12,MDM2,GRIK4,CDK11B,NDUFA5,NGFR,COL3A1,ADAMTSL26,SQSTM1,SEMA5A,IKZF41,SCIN,MIR19B1,NFKBIA,AKT2,,PPM3F,ST2,TNFAIP3,CDK6,SMAD4,IGFBP3,VWF,HTR4,ERCC1,MX2,ACC1,LAG3,CST14,CXCR31,MYH13,CD30,CXCR6,MYH13,RB1,LTA,AURKA
CXCR4,UMPS,MMP3,SERPINB18,ADIPOR2,PYCARD,SLC26A4,ICAM3,COL3A1,ENG,CFI,MAP4K4,UQCRQ,CD272,C1QA,CYP3A4,LEP,,CASP7,ITGB5,MAPK9,RRM2B,CTSA,HTT,PIK3CD,AKT3,,F5,F11,APOPT1,SLC12A4,MMP9,AKT3,IRF2BPL,CCR4,PLA2G15,RB1,KLRK1,ATG7,MASP1,PROC,CD200,GSTD65,ADRA2A,SLC22A3,CEACAM61,HSPA1B,BRCA2,,CD4,LMOD1,HP,CASP3,HDAC1,GRM5,SLC20A2,IL20R1,CNTF,CDS1,HOMER2P2,TFPI,ADAMTS15,TNFRH39,FAS,CDKN1A,GRM1,CDK12,NDUFA6,NFKB2,COL4A1,ADAMTSL27,CASP3,SEMA6A,IKZF42,ADIPOR2,MIR19B2,NFKBIB,PIK3CA,,PPM4A,TLR1,TNFRSF1A,PTEN,SMAD7,IGFBP5,SELP,HTR6,XPA,OASL,ACLY,HAVCR2,CST15,CXCR32,ADIPOR2,CD30L,IL1A,ADIPOR2,E2F1,LTB,AURKB
CX3CR1,UMPS,MMP7,SERPINB19,CDKL3,NLRP3,SLC26A5,VCAM1,COL4A1,NOS3,CFH,MAP4K5,CYC1,CD273,C3,CYP2C9,INS,,CASP8,ITGB6,MAPK10,POLA1,CTTZ,ATXN1,PIK3R1,PTEN,,F8,F12,APOPT1L,SLC12A5,MMP25,MAPK1,IRF2BPL1,CXCR6,PLA2G16,BCL2,KLRB1,ATG12,MASP2,THBD,CD200R1,GSTD66,ADRA2B,SLC22A4,CEACAM62,HSPA6,ATM,,CD8A,LMCD1,ORM1,CASP6,HDAC2,GRM6,SLC22A1,IL20R2,LIF,CDS2,THOC1,PROC,ADAMTS16,TNFRH40,FASLG,CDKN2A,GRM2,CDK15,NDUFA7,REL,COL4A2,ADAMTSL28,CASP8,SEMA6D,IKZF43,CDKL3,MIR20A,NFKBID,PIK3R1,,PPM4B,TLR3,TNFRSF1B,TP53,TGFBR1,INSR,SELPLG,HTR7,XPB,RSAD2,HMGCR,TIM3,CST16,CXCR33,CDKL3,CD40,CD56,CDKL3,MYC,LTBR,PLK1
SELL,UMPS,MMP13,SERPINB20,UPP2,AIM2,SLC26A6,PECAM1,COL4A2,ACE,CFB,MAP4K6,COX1,CD274,C5,SOD1,GHRL,,CASP9,ITGB7,CREB1,POLA2,CTTN,ATXN2,AKT1,TSC1,,VWF,F13A1,APOPT1L2,SLC12A6,TIMP1,MAPK3,IRF2BPL2,CX3CR1,PLA2G1B,BCL2L1,KIR2DL1,LC3B,F3,VWF,TNFSF10,GSTD67,ADRA2C,SLC22A5,CEACAM63,HSPA8,ATR,,CD14,DES,ORM2,CASP7,HDAC8,GRM7,SLC22A2,IL21R,OSM,PCYT1,RP11-455F5.6,PROS1,ADAMTS17,TNFRH41,TNFRSF1A,RB1,GRM3,CDK16,NDUFA8,RELA,FN1,ADAMTSL29,CASP9,SEMA7A,IKZF44,UPP2,MIR92A1,NFKBIE,PTEN,,PPM4C,TLR5,LTB,EGFR,TGFBR2,IRS1,PECAM1,OPRM1,XPC,Viperin,LDLR,CD40,CST17,CXCR34,UPP2,CD40L,CXCL6,UPP2,JUN,TNFSF11,CDC20
SELE,UMPS,TIMP1,SERPINB21,PRSS21,CASP1,SLC26A7,SELE,COL5A1,AGT,CFD,MAP4K7,COX2,CD276,C5AR1,SOD2,PPARG,,CYCS,ITGB8,JUN,POLD1,CTNNA1,ATXN3,AKT2,TSC2,,PROC,F13B,APOPT1L3,SLC12A7,TIMP2,MAPK14,IRF2BPL3,XCR1,PLA2G2C,BCL2L2,KIR2DL3,GABARAP,F5,SELE,TNFRSF10B,GSTD68,HTN1,SLC22A6,CEACAM64,HSPA9,CHEK1,,CD68,TTN,TF,GSDMD,KAT2A,GRM8,SLC22A3,IL22R,IFNA1,PCYT2,KB-1589B1.4,THBS1,ADAMTS18,TNFRH42,TNFRSF1B,E2F1,GRM4,CDK17,NDUFA9,IRF3,VEGFA,ADAMTSL30,BCL2,NRP1,IKZF45,PRSS21,MIR92A2,NFKBIL1,FOXO3,,PPM4D,TLR6,LTA,ERBB2,INHBA,IRS2,CDH5,OPRD1,XPD,BST2,APOE,CD40LG,CST18,CXCR35,PRSS21,CD95,CD20,PRSS21,FOS,TNFRSF11B,CDC25C
SELPLG,UMPS,TIMP2,SERPINB22,MARK4,IL18,SLC26A8,SEL P,COL5A2,AGTR1,MASP1,MAPK11,COX3,CD278,C5AR2,CAT,RXRG,,APAF1,ITGB9,FOS,POLD2,CTNNA2,ATXN8OS,AKT3,RHEB,,PROS1,PROC,APOPT1L4,SLC12A8,TIMP3,MAPK8,IRF2BPL4,IL1A,PLA2G2D,BAX,KIR3DL1,SQSTM1,F7,SELP,FAS,GSTD69,HTN3,SLC22A7,CEACAM65,HSPB6,CHEK2,,CD163,DMD,LTF,GSDME,KAT2B,BDNF,SLC25A1,IL22RA1,IFNA2,PISD,RN7SL292P,COL1A1,ADAMTS19,TNFRH43,TNFRSF21,MYC,GRM5,CDK18,NDUFA10,IRF7,PDGFB,ADAMTSL31,BAX,NRP2,IKZF46,MARK4,MIR17,NFKB2,FOXO1,,PPM4E,TLR7,VEGF,KRAS,ActivinA,GRB2,FLT1,OPRK1,XPF,Tetherin,APOB,CD80,CST19,CXCR36,MARK4,CD95L,APOC2,MARK4,CREB1,RANKL,CHEK1
ICAM1,UMPS,TIMP3,SERPINB23,PROM1,GSDMD,SLC26A9,SELL,MMP2,NPPA,MASP2,MAPK12,COX4I1,CD279,CFI,GPX1,NR1I2,,P53,ITGB10,ATF2,POLE,CTNNA3,ATXN10,MTOR,ULK1,,THBS1,PROS1,APOPT1L5,SLC12A9,TIMP4,MAPK9,IRF2BPL5,IL1F6,PLA2G2E,BAK1,KIR3DL2,OPTN,F8,ICAM1,FASLG,GSTD70,HTN4,SLC22A8,CEACAM66,HSPB8,RAD50,,CD11B,SGCD,MPO,NEK7,CREBBP,NGF,SLC25A2,IL22RA2,IFNB1,PISN,ECRG4,COL1A2,ADAMTS2,TNFRH44,TRAF1,JUN,GRM6,CDK19,NDUFA11,AP1,PDGFRB,ADAMTSL32,P53,PLXNA1,IKZF47,PROM1,MIR18A,RELA,FOXO4,,PPM4F,TLR8,VEGFA,NRAS,INHBB,SOS1,KDR,OPRL1,XPG,CXCL13,MTTP,CD86,CST20,CXCR37,PROM1,CD178,XCR6,PROM1,CREBBP,RANK,CHEK2
VCAM1,UMPS,TIMP4,SERPINB24,CCDC124,NEK7,SLC26A10,MADCAM1,MMP7,NPPB,FCN1,MAPK13,COX4I2,CD36,CFH,GSR,NR1I3,,MDM2,ITGB1L,ELK1,PCNA,CTNNB1,FXN,RPS6KB1,ATG5,,SERPINC1,SERPINA1,APOPT1L6,SLC12A1,ADAM17,MAPK10,IRF2BPL6,IL1F9,PLA2G2F,CASP3,HLA-DRA,CALCOCO2,F9,VCAM1,TNFSF1A,GSTD71,HTR1B,SLC22A9,CEACAM67,HSPH1,RAD51,,CD11C,SGCG,ELANE,ASC,EP300,NTF3,SLC25A3,IL23R,IFNG,CHKA,MIRLET7D,COL3A1,ADAMTS20,TNFRH45,TRAF2,FOS,GRM7,CDK20,NDUFA12,JUN,TGFBR1,ADAMTSL33,MDM2,PLXNA2,IKZF48,CCDC124,MIR19A,RELB,FOXP3,,PPM4G,TLR9,VEGFB,HRAS,ActivinB,HRAS,TEK,CNR1,DDB2,CXCR5,ABCA1,HLA-DRA,CST21,CXCR38,CCDC124,CD25,APOR8,CCDC124,EP300,OPG,ATM
PECAM1,UMPS,CTGF,SERPINB25,CEACAM21,ASC,SLC26A11,ALCAM,MMP12,MYH7,MBL2,MAPK4,COX5A,CD68,CFB,NQO1,CAR,,CDKN1A,ITGB2L1,SRF,RFC1,CTNND1,DMPK,EIF4EBP1,ATG7,,CRP,SERPINC1,APOPT1L7,SLC12A2,ADAM10,MAP2K1,IRF2BPL7,IL1RAP,PLA2G3,CASP8,HLA-DRB1,NBR1,F10,ESM1,TNFRSF1A,GSTD72,HTR1D,SLC22A10,CEACAM68,DNAJA1,NBN,,CD19,SGCB,PRTN3,IL1A,PCAF,NTF4,SLC25A4,IL27R,IL2RA,CHKB,PEX2,FN1,ADAMTS3,TNFRH46,TRAF3,CREB1,GRM8,CDK21,NDUFA13,FOS,TGFBR2,ADAMTSL34,CDKN1A,PLXNA3,IKZF49,CEACAM21,MIR106A,REL,STAT3,,PPM4H,NOD2,VEGFC,BRAF,NOD2,KRAS,ANGPT1,CNR2,CETN2,CCL19,ABCG1,HLA-DRB1,CST22,CXCR39,CEACAM21,IL2RA,CP,CEACAM21,HIF1A,MIF,ATR
CD44,UMPS,PDGFRA,SERPINB26,PAFAH1B1,NLRP1,CFTR,CD44,MMP13,,COLEC11,MAPK6,COX5B,CD163,MBL2,NQO2,PXR,,CDKN2A,ITGB2L2,MYC,RFC2,CTNND2,CNBP,GSK3B,ATG12,,SAA1,SERPINE1,APOPT1L8,SLC12A3,ADAMTS1,MAP2K2,IRF2BPL8,IL1RL1,PLA2G5,CASP9,HLA-DRB5,P62,F11,ANGPT2,TNFSF1B,GSTD73,HTR1E,SLC22A11,CEACAM69,DNAJA2,MRE11A,,CD20,DTNA,CTSG,IL33,SRC,GDNF,SLC25A5,IL28RA,IL2RB,PLD1,MIR3929,ITGB1,ADAMTS4,TNFRH47,TRAF4,ATF2,SLC6A4,CDK22,NDUFB1,MYD88,ENG,ADAMTSL35,CDKN2A,PLXNA4,IKZF50,PAFAH1B1,MIR106B,NFKB1,STAT4,,PPM4J,NLRP3,VEGFD,MET,RIPK2,NRAS,ANGPT2,TRPV1,POLG,CCL21,NRF2,HLA-DRB5,CST23,CXCR40,PAFAH1B1,IL2RB,XCL1,PAFAH1B1,VEGFB,CXCL13,BRCA1
CDH5,UMPS,PDGFRB,SERPINB27,NOS2,NLRC4,ATP7A,CDH1,MMP14,,COLEC12,MAPK7,COX6A1,CD206,FCN1,GCLC,AHR,,RB1,ITGB3L,MAX,RFC3,CTNNDL1,CSTB,GSK3A,LC3,,APCS,PAI1,APOPT1L9,SLC12A4,ADAMTS4,MAP2K3,IRF2BPL9,IL1RN,PLA2G7,FAS,HLA-DPA1,PINK1,F12,TEK,TNFRSF1B,GSTD74,IL2,SLC22A12,CEACAM70,DNAJB1,FANCA,,CD3,DAG1,MMP1,HMGB1,ABL1,NTN,SLC25A6,IL31RA,IL2RG,PLD2,AC000120.7,ITGA1,ADAMTS5,TNFRH48,TRAF5,ELK1,SLC6A2,CDK23,NDUFB2,IKBKG,THBS1,ADAMTSL36,RB1,PLXNB1,IKZF51,NOS2,MIR93,,STAT5A,,PPM4K,AIM2,PDGFB,ALK,CARD9,BRAF,PDGFB,TRPV4,POLG2,CCR7,HMOX1,HLA-DQA1,CST24,CXCR41,NOS2,IL2,APOM,NOS2,VEGFC,CCL19,BRCA2
ESM1,UMPS,TGFBR1,SERPINB28,DNAH9,NAIP,ATP7B,CDH2,MMP1,,PTX3,MAPKAP1,COX6A2,CLEC4E,LYZ,GCLM,ARNT,,E2F1,ITGB4L,HIF1A,RFC4,CTNNDL2,PRNP,PTEN,SQSTM1,,HP,PLAT,APOPT1L10,SLC12A5,ADAMTS5,MAP2K4,IRF2BPL10,IL2,PLA2R1,ABCB1,HLA-DPB1,PRKN,F13A1,TIE1,LTB,GSTD75,IL4,SLC22A13,CEACAM71,DNAJB4,FANCC,,CD25,COL6A1,MMP3,CCL3,EGFR,NRTN,SLC25A10,IL36R,IL4R,PLA2G4A,PRPSAP2,ITGAM,ADAMTS6,TNFRH49,TRAF6,SRF,SLC6A3,CDK24,NDUFB3,HSP90AA1,VWF,ADAMTSL37,E2F1,PLXNB2,IKZF52,DNAH9,MIR25,,STAT5B,,PPM4L,CASP1,PDGFC,ROS1,NLRP3,MAP2K1,PDGFRB,TRPA1,POLH,CCR4,SOD1,HLA-DQB1,CST25,CXCR42,DNAH9,IL4,CCR8,DNAH9,FLT1,CCL21,RAD51
ENG,UMPS,TGFBR2,SERPINB29,KIAA0100,CFI,ATP13A1,CDH3,MMP3,,APCS,MAPKAPK3,COX6B1,CLEC5A,MPO,GSTA1,HIF1A,,MYC,ITGB5L,VEGFA,RFC5,CTNNAL1,SOD1,FOXO1,PINK1,,ORM1,PLAU,APOPT1L11,SLC12A6,ADAMTS13,MAP2K5,IRF2BPL11,IL4,PTGER1,ABCC1,HLA-DQA1,PARK7,FGB,TIE2,LTBR,GSTD76,IL5,SLC22A14,CEACAM72,DNAJB6,FANCG,,FOXP3,COL6A2,MMP7,CCL4,ERBB2,ARTN,SLC25A11,IL36RN,IL7R,PLA2G4B,CXCL8,ITGAX,ADAMTS7,TNFRH50,TRAF7,EGR1,SLC6A1,CDK25A,NDUFB4,DNAJB1,SELE,ADAMTSL38,E2F2,PLXNB3,IKZF53,KIAA0100,MIR32,,STAT6,,PPM4M,PYCARD,PDGFRA,RET,AIM2,MAP2K2,EGFR,TRPM8,POLI,CCR10,CAT,HLA-DPA1,CST26,CXCR43,KIAA0100,IL12A,NGAL,KIAA0100,KDR,CXCR5,XRCC1
FLT1,UMPS,SMAD2,SERPINB30,SLC13A2,CFB,ATP13A2,CDH4,MMP8,,LTF,MAPKAPK5,COX6C,CLEC7A,ELANE,GSTM1,VEGFA,,VEGFA,ITGB6L,ANGPT1,CCNA1,CTNNBIP1,APOE,FOXO3,PARK2,,AGP,MME,APOPT1L12,SLC12A7,MMP1,MAP2K6,IRF2BPL12,IL5,PTGER2,ABCG2,HLA-DQB1,SNCA,FGA,FLT1,TNFSF11,GSTD77,IL9,SLC22A15,CEACAM73,DNAJB8,PALB2,,RORC,COL6A3,MMP8,CCL5,MET,PSEN1,SLC25A12,TGFBR1,IL9R,PLA2G4C,RP5-1031D4.3,CDH5,ADAMTS8,TNFRH51,RIPK1,NFATC1,SLC17A5,CDK25B,NDUFB5,HSF1,SELP,ADAMTSL39,E2F3,PLXNC1,IKZF54,SLC13A2,MIR99A,,SOCS1,,PPM4N,NLRC4,PDGFRB,PDGFRA,CASP1,MEK1,ERBB2,TRPC6,REV1,CCR6,GPX1,HLA-DPB1,CST27,CXCR44,SLC13A2,IL12B,TIMP1,SLC13A2,FLT4,LTB4R1,LIG1
KDR,UMPS,SMAD3,SERPINB31,GAS7,CFD,ATP13A3,CDH5,MMP10,,MPO,MAPKBP1,COX7A1,CLEC9A,CTSB,GSTP1,BDNF,,FLT1,ITGB7L,ANGPT2,CCNA2,CTNNBIP1L,APP,FOXO4,DJ1,,PTX3,ACE,APOPT1L13,SLC12A8,MMP3,MAP2K7,IRF2BPL13,IL9,PTGER3,SLC22A1,HLA-DQA2,UCHL1,PLAU,KDR,TNFRSF11A,GSTD78,IL13,SLC22A16,CEACAM74,DNAJC1,BARD1,,TBX21,COL4A1,MMP12,CCL11,FGFR1,PSEN2,SLC25A13,TGFBR2,IL10R,PLA2G4D,RP11-304M2.6,CDH1,ADAMTS9,TNFRH52,RIPK2,NFATC2,SLC17A6,CDK26,NDUFB6,GRP78,SEL E,ADAMTSL40,MYC,PLXND1,IKZF55,GAS7,MIR100,,SOCS3,,PPM4R1,NLRP1,FGF1,PDGFRB,IL18,MEK2,ERBB3,TRPC3,FEN1,CCR9,GCLM,CX3CR1,CST28,CXCR45,GAS7,IL18,CCL22,GAS7,ANGPT1,LTB4R2,LIG3
TEK,UMPS,SMAD4,SERPINB32,TRAPPC6A,C3,ATP13A4,CDH6,MMP11,,PRTN3,MAP2K1,COX7A2,CLEC10A,CTSD,GSTT1,NGF,,KDR,ITGB8L,TEK,CCNB1,CTNNBIPL,MAPT,HIF1A,LRRK2,,LBP,AGT,APOPT1L14,SLC12A9,MMP7,MAP3K1,IRF2BPL14,IL13,PTGER4,SLC22A2,HLA-DQB2,LRRK2,PLAT,FLT4,TNFSF13B,GSTD79,IL15,SLC22A17,CEACAM75,DNAJC2,PTEN,,GATA3,COL4A2,MMP13,CCL17,FGFR2,APP,SLC25A14,TGFBR3,IL15RA,PLA2G4E,RP11-615I16.1,CDH2,ADCY1,TNFRH53,RIPK3,NFATC3,SLC17A7,CDK27,NDUFB7,HMOX1,ICAM1,ADAMTSL41,MYCN,PLXND2,IKZF56,TRAPPC6A,MIR126,,SOCS5,,PPM4R2,IFI16,FGF2,KIT,IL1A,ERK1,HGF,TRPC1,UNG,CX3CR1,NQO1,CCL11,CST29,CXCR46,TRAPPC6A,IL33,APOL1,TRAPPC6A,ANGPT2,TBX21,LIG4
THBS1,UMPS,SMAD7,SERPINB33,MATK,C5,ATP5AP1,CDH7,MMP15,,ELANE,MAP2K2,COX7B,CLEC11A,CTSS,MT1A,NTF3,,FLT4,ITGB9L,VWF,CCNB2,CTNNBIP1P1,SNCA,HIF1B,SNCA,,SAA4,REN,APOPT1L15,SLC25A1,MMP10,MAP3K2,IRF2BPL15,IL15,PTGDS,SLC22A3,HLA-DMA,ATP1A1,SERPINE1,PDGFB,TNFRSF13B,GSTD80,IL17A,SLC22A18,CEACAM76,DNAJC3,PIK3CA,,AHR,COL4A3,MMP14,CCL22,FGFR3,MAPT,SLC25A15,SMAD2,IL21R,PLA2G4F,RP11-483F11.7,CDH11,ADCY10,TNFRH54,RIPK4,NFATC4,SLC17A8,CDK28,NDUFB8,SOD1,VCAM1,ADAMTSL42,MYCL,PLXNE1,IKZF57,MATK,MIR199A1,,SOCS6,,PPM4R3,CGAS,FGFR1,FLT3,PYCARD,ERK2,MET,TRPM2,OGG1,XCR1,TXN,CCL17,CST30,CXCR47,MATK,ST2,CXCL12,MATK,TEK,GATA3,PARP1
SPP1,UMPS,ACTA2,SERPINB34,CEACAM7,C5AR1,ATP5AP2,CDH8,MMP16,,CTSG,MAP2K3,COX7C,CLEC14A,CTSK,MT1G,NTF4,,TEK,ITGB10L,F8,CCND1,CTNNBIP1P2,GBA,VEGFA,UCHL1,,MMP1,AGTR1,APOPT1L16,SLC25A2,MMP12,MAP3K3,IRF2BPL16,IL21,PTGDR,SLC47A1,HLA-DMB,ATP1A2,PAI1,PDGFC,TNFSF14,GSTD81,IL17F,SLC22A24,CEACAM77,DNAJC5,PIK3R1,,ARNT,LAMB1,ADAM17,CCL19,PDGFRA,SNCA,SLC25A16,SMAD3,IL23R,PLA2G4G,PPP5C,CDH13,ADCY2,TNFRH55,CHUK,NFAT5,SLC17A9,CDC14A,NDUFB9,GPX1,ESAM,ADAMTSL43,KRAS,PLXNA1,IKZF58,CEACAM7,MIR199A2,,IKBKG,,PPM4R4,STING1,FGFR2,JAK1,ASC,MAPK3,FGFR1,TRPM4,MYC,CCL17,TXNRD1,CCL22,CST31,CXCR48,CEACAM7,HMGB1,VTN,CEACAM7,TIE1,RORC,MGMT
FN1,UMPS,MYH11,SERPINB35,CD79B,C5AR2,ATP5AP3,CDH9,MMP17,,AZU1,MAP2K4,COX8A,CLEC16A,CTSL,MT2A,GDNF,,TIE1,ITGB11L,F9,CCND2,CTNNBIP1P3,VPS35,VEGFB,MAPT,,MMP3,AGTR2,APOPT1L17,SLC25A3,MMP13,MAP3K4,IRF2BPL17,IL22,PTGDR2,ALB,HLA-DOA,ATP1A3,PROC,PDGFRB,TNFRSF14,GSTD82,IL21,SLC23A1,CEACAM78,DNAJC6,AKT1,,HIF1A,LAMA2,ADAM10,CCL21,PDGFRB,UCHL1,SLC25A17,SMAD4,IL1R1,PLA2G4H,RNY1,CDH15,ADCY3,TNFRH56,IKBKB,AP1,SLC17A1,CDC14B,NDUFB10,MGST1,JAM2,ADAMTSL44,HRAS,PLXNA2,IKZF59,CD79B,MIR210,,CHUK,,PPM4R5,TBK1,EGFR,JAK2,NLRC4,MAPK4,FGFR2,TRPM5,FOXM1,CCL22,GCLC,CCR4,CST32,CXCR49,CD79B,SIRT1,APOL4,CD79B,PDGFRA,FOXP3,APEX1
COL1A1,UMPS,MYL9,SERPINB36,SCN4A,C3AR1,ATP5AP4,CDH10,MMP19,,DEFA1,MAP2K5,MTCO1,CLEC18A,CTSB,SLC2A1,NTN1,,ANGPT1,ITGB12L,F10,CCND3,CTNNBIP1P4,LRRK2,VEGFC,APP,,MMP7,NOS3,APOPT1L18,SLC25A4,MMP19,MAP3K5,IRF2BPL18,IL23A,PTGFS,AFP,HLA-DOB,ATP1A4,PROS1,EGF,TNFSF15,GSTD83,IL22,SLC23A2,CEACAM79,DNAJC7,AKT2,,HMOX1,LAMA4,ADAM12,CCR5,VEGFR1,PARK7,SLC25A18,SMAD7,IL1R2,PLA2G4I,PYURF,CDH19,ADCY4,TNFRH57,IKBKG,AP2,SLC17A2,CDC14C,NDUFB11,ALDOA,PECAM1,ADAMTSL45,NRAS,PLXNA3,IKZF60,SCN4A,MIR214,,IKBKB,,PPM4R6,IKBKG,EGF,JAK3,NAIP,MAPK6,FGFR3,TRPML1,AURKA,CCR3,GSR,CCR3,CST33,CXCR50,SCN4A,FOXO3,AIM2,SCN4A,PDGFRB,IL2RA,OGG1
COL1A2,UMPS,CNN1,SERPINB37,ST7L,C4BPA,ATP5AP5,CDH11,MMP20,,DEFA3,MAP2K6,MTCO2,CLEC19A,CTSH,SLC2A4,NTN2,,EFNB2,ITGB13L,F11,CDK1,CTNNBIP1P5,PINK1,VEGFD,PSEN1,,MMP8,EDN1,APOPT1L19,SLC25A5,MMP20,MAP3K6,IRF2BPL19,IL24,PTGFR,TF,TAP1,ATP1B1,THBD,EGFR,TNFRSF15,GSTD84,IL23A,SLC23A3,CEACAM80,DNAJC8,AKT3,,ARG1,ITGB4,ADAM15,CCR7,VEGFR2,PINK1,SLC25A19,SMAD9,IL6R,PLA2G4J,LINC01015,CDH20,ADCY5,TNFRH58,IKBKA,AP4,SLC17A3,CDC16,NDUFC1,TPI1,CDH5,ADAMTSL46,BRAF,PLXNA4,IKZF61,ST7L,MIR31,,NFKBIA,,PPM4R7,CHUK,HGF,TYK2,CIITA,MAPK7,PDGFRA,TRPML2,AURKB,CCR8,PRDX1,CCR8,CST34,CXCR51,ST7L,GSK3B,PGK1,ST7L,EGF,IL2RB,UNG
COL4A1,UMPS,ELN,SERPINB38,PAX6,C1QA,ATP5F1A,CDH12,MMP21,,DEFA4,MAP2K7,MTCO3,CLEC1A,CTSB,SLC11A1,NTN3,,EFN,ITGB14L,F12,CDK2,CTNNBIP1P6,PARK7,KDR,PSEN2,,MMP12,EDNRA,APOPT1L20,SLC25A6,MMP21,MAP3K7,IRF2BPL20,IL26,PTGFRN,CP,TAP2,ATP1B2,VWF,FGFR1,TNFSF18,GSTD85,IL23R,SLC23A4,CEACAM81,DNAJC9,MTOR,,MPO,ITGA6,ADAMTS1,CCR4,KDR,LRRK2,SLC25A20,LTB,IL6ST,PLA2G4K,RNU6-875P,CDH22,ADCY6,TNFRH59,NFKBIA,AP5,SLC17A4,CDC23,NDUFC2,GAPDH,OCLN,ADAMTSL47,EGFR,PLXNB1,IKZF62,PAX6,MIR181A1,,IKBKG,,PPM4R8,IKBKB,MET,STAT4,RFX5,MAPK10,KIT,TRPML3,PLK1,CCL5,PRDX2,XBP1,CST35,CXCR52,PAX6,AMPK,CASP8,PAX6,EGFR,IL2RG,FEN1
COL4A2,UMPS,OXT,SERPINB39,RPUSD1,C1QB,ATP5F1B,CDH13,MMP23B,,DEFB1,MAP3K1,MTCYB,CLEC1B,CTSB,SLC16A1,NTN4,,NRP1,ITGB15L,F13A1,CDK4,CTNNBIP1P7,UCHL1,FLT1,BACE1,,MMP13,EDNRB,APOPT1L21,SLC25A1,MMP23B,MAP3K8,IRF2BPL21,IL27,PTGIR,HP,PSMB8,ATP1B3,ADAMTS13,FGFR2,TNFRSF18,GSTD86,IL27,SLC23A1,CEACAM82,DNAJC10,TSC1,,LTB4R,DST,ADAMTS4,CX3CL1,FLT1,ATP1A1,SLC25A21,LTA,TNFRSF10A,PLA2G4L,RP11-408H20.3,CDH24,ADCY7,TNFRH60,NFKBIB,SP1,SLC18A1,CDC26,NDUFS1,ENO1,CLDN5,ADAMTSL48,ERBB2,PLXNB2,IKZF63,RPUSD1,MIR181A2,,CHUK,,PPM4R9,RELA,ANGPT1,STAT5A,RFXAP,MAPK11,FLT3,TRPP2,TTK,CCR5,PRDX3,ATF6,CST36,CXCR53,RPUSD1,PGC1A,F3,RPUSD1,ERBB2,IL7R,RFC1
MMP1,UMPS,AVPR1A,SERPINB40,RHBDF1,C1QC,ATP5F1C,CDH14,MMP24,,DEFB4,MAP3K10,ND1,CLEC2A,CTSB,SLC38A2,SEMA3A,,NRP2,ITGB16L,F13B,CDK6,CTNNBIP1P8,NIPA1,FLT4,BACE2,,MMP19,NPPA,APOPT1L22,SLC25A2,MMP24,MAP3K9,IRF2BPL22,IL31,TBXA2R,GC,PSMB9,ATP1B4,ITGA2B,FGFR3,TNFSF4,GSTD87,IL31,SLC23A2,CEACAM83,DNAJC11,TSC2,,BLT1,PKP1,ADAMTS5,CX3CR1,FLT4,ATP1A2,SLC25A22,LTBR,TNFRSF10B,PLA2G4M,AMZ2P1,CDH26,ADCY8,TNFRH61,NFKBIC,SP3,SLC18A2,CDC27,NDUFS2,PGAM1,ZO1,ADAMTSL49,ERBB3,PLXNB3,IKZF64,RHBDF1,MIR181B1,,IKBKB,,PPM4S,NFKB2,ANGPT2,STAT5B,RFXANK,MAPK12,CSF1,PKD1,BUB1,CX3CL1,PRDX4,HSPA5,CST37,CXCR54,RHBDF1,PPAR,C1S,RHBDF1,ERBB3,IL15RA,PCNA
MMP13,UMPS,AVPR1B,SERPINB41,LUC7L,C1R,ATP5F1D,CDH15,MMP25,,S100A8,MAP3K11,ND2,CLEC2B,CTSB,SLC40A1,SEMA3F,,PDGFB,ITGB17L,PROC,CDKN1A,CTNNBIP1P9,ATP13A2,NRP1,TAU,,MMP20,NPPB,APOPT1L23,SLC25A3,MMP26,MAP3K10,IRF2BPL23,IL33,TXNIP,ORM1,PSMB10,CACNA1S,ITGB3,FGFR4,TNFRSF4,GSTD88,IL33,SLC23A3,CEACAM84,DNAJC12,AMPK,,CYBB,DSP,ADAMTS9,XCL1,KIT,ATP1A3,SLC25A23,TNFRSF1A,TNFRSF11A,PLA2G4N,PACERR,CDH4,ADCY9,TNFRH62,NFKBID,SP4,SLC18A3,ANAPC1,NDUFS3,PGAM2,ZO2,ADAMTSL50,ERBB4,PLXNC1,IKZF65,LUC7L,MIR181B2,,NFKBIA,,PPM4T,NFKBIA,TEK,STAT6,MHCII,MAPK13,CSF2,PKD2,BUB1B,CD4,PRDX5,GRP78,CST38,CXCR55,LUC7L,RXRA,CCL2,LUC7L,ERBB4,IL15RB,POLE
TIMP2,UMPS,AVPR2,SERPINB42,CACNA2D2,C1S,ATP5F1E,CDH16,MMP26,,S100A9,MAP3K12,ND3,CLEC2D,CTSB,HK2,SEMA4D,,PDGFRB,ITGB18L,PROS1,CDKN1B,CTNNBIP1P10,PLA2G6,NRP2,GFAP,,MMP21,NPPC,APOPT1L24,SLC25A4,MMP27,MAP3K11,IRF2BPL24,LTA,HK2,ORM2,ERAP1,CACNA1A,GP1BA,HGF,TNFSF5,GSTD89,CCL3,SLC23A4,CEACAM85,DNAJC13,PRKAA1,,CYBA,DSG2,ADAMTS15,XCL2,RET,ATP1A4,SLC25A24,TNFRSF1B,TNFRSF11B,PLA2G4O,Y_RNA,CDH7,ADD1,TNFRH63,NFKBIE,KLF4,SLC19A1,ANAPC2,NDUFS4,ENO2,MMP1,ADAMTSL51,MET,PLXND1,IKZF66,CACNA2D2,,,MYC,,PPM4F,NFKBIB,VWF,IRAK1,HLA-DRA,MAPK15,CSF3,PKD1L1,CENPE,CD8A,PRDX6,DDIT3,CST39,CXCR56,CACNA2D2,LXR,CASP7,CACNA2D2,IGF1R,IL15RG,POLD1
CTGF,UMPS,OXTR,SERPINB43,BAIAP3,MASP1,ATP5F1F,CDH17,MMP27,,S100A12,MAP3K13,ND4,CLEC2L,CTSB,PFKM,PLXNA1,,PDGFC,ITGB19L,SERPINC1,CDKN2A,CTNNBIP1P11,FBXO7,EGLN1,VIM,,MMP23B,NPR1,APOPT1L25,SLC25A5,MMP28,MAP3K12,IRF2BPL25,LTB,PFKFB3,AHSG,ERAP2,CACNA1B,GP1BB,MET,TNFRSF5,GSTD90,CCL4,SLC25A1,CEACAM86,DNAJC14,PRKAA2,,NOX2,DSC2,TIMP2,KITLG,ALK,ATP1B1,SLC25A25,TNFRSF2,TNFRSF12A,PLA2G4P,RP11-323K10.2,CDH9,ADD2,TNFRH64,NFKBIL1,KLF5,SLC19A2,ANAPC4,NDUFS5,ALDH2,MMP3,ADAMTSL52,FGFR1,PLXND2,IKZF67,BAIAP3,,,JUN,,PPM5A,NFKBID,SELE,IRAK4,HLA-DRB1,MAPKAPK2,GM-CSF,PKD1L2,CENPF,CD3E,MGST1,CHOP,CST40,CXCR57,BAIAP3,FXR,IL36G,BAIAP3,IGF2R,IL21R,POLG
PDGFRA,UMPS,CRH,SERPINB44,TSR3,MASP2,ATP5F1G,CDH18,MMP28,,LCN2,MAP3K14,ND4L,CLEC3A,CTSB,PKLR,PLXNA2,,PDGFRA,ITGB20L,THBD,CDKN2B,CTNNBIP1P12,DNAJC6,EGLN2,DES,,MMP24,NPR2,APOPT1L26,SLC25A6,COL1A1,MAP3K13,IRF2BPL26,LTBR,PGK1,SAA4,NLRP3,CACNA1C,GP9,TGFBR1,TNFSF6,GSTD91,CCL11,SLC25A2,CEACAM87,DNAJC15,ULK1,,SOD2,CDH1,TIMP3,CSF2,ROS1,ATP1B2,SLC25A26,TNFRSF9,TNFRSF12B,PLA2G4Q,RP11-384B12.2,CDH10,ADD3,TNFRH65,NFKBIL2,KLF6,SLC19A3,ANAPC5,NDUFS6,ADH1B,MMP7,ADAMTSL53,FGFR2,PLXNE1,IKZF68,TSR3,,,FOS,,PPM5B,NFKBIE,SELP,TRAF2,HLA-DPA1,MKK3,M-CSF,PKD1L3,KIF11,CD19,MGST2,EIF2AK3,CST41,CXCR58,TSR3,VDR,CXCR3,TSR3,INSR,IL4R,POLH
PDGFRB,UMPS,CRHR1,SERPINB45,PIGQ,FCN1,ATP5F1H,CDH19,ADAM17,,NGP,MAP3K2,ND5,CLEC3B,CTSB,LDHA,PLXNA3,,FGFR1,ITGB21L,PLG,RB1,CTNNBIP1P13,SYNJ1,EGLN3,NES,,MMP25,NPR3,APOPT1L27,SLC29A1,COL1A2,MAP3K14,IRF2BPL27,TNFSF10,PKM,C5,AIM2,CACNA1D,PF4,TGFBR2,TNFRSF6,GSTD92,CCL17,SLC25A3,CEACAM88,DNAJC16,ATG5,,CAT,CDH2,TIMP4,CSF3,NTRK1,ATP1B3,SLC25A27,TNFRSF10A,TNFRSF13B,PLA2G4R,Y_RNA,CDH12,ADGRB1,TNFRH66,NFKBIL3,KLF7,SLC19A4SLC22A1,ANAPC7,NDUFS7,PIK3CA,MMP8,ADAMTSL54,FGFR3,APP,IKZF69,PIGQ,,,EGR1,,PPM5C,NFKBIL1,SELE,TRAF3,HLA-DPB1,MKK6,G-CSF,PKD2L1,KIF20A,CD20,MGST3,PERK,CST42,CXCR59,PIGQ,NRF2,CXCL8,PIGQ,IRS1,IL13R,REV1
FGFR1,UMPS,CRHR2,SERPINB46,CRAMP1,MBL2,ATP5F1I,CDH20,ADAM10,,MMP8,MAP3K3,ND6,CLEC4A,CTSB,ENO1,PLXNA4,,FGFR2,ITGB22L,PLAT,E2F1,CTNNBIP1P14,EIF4G1,EPO,TUBB3,,MMP26,ADRB1,APOPT1L28,SLC29A2,COL3A1,MAP3K15,IRF2BPL28,TNFSF11,TPI1,C6,CASP1,CACNA1E,PPBP,BMP4,TNFSF7,GSTD93,CCL18,SLC25A4,CEACAM89,DNAJC17,ATG7,,GPX1,CDH5,COL1A1,IL2,NTRK2,ATP1B4,SLC25A28,TNFRSF10B,TNFRSF13C,PLA2G4S,RP11-395C3.1,CDH14,ADGRB2,TNFRH67,NFKBIL4,KLF8,SLC22A2,ANAPC10,NDUFS8,AKT1,MMP12,ADAMTSL55,FGFR4,BACE1,IKZF70,CRAMP1,,,HIF1A,,PPM5D,NFKBIL2,ICAM1,TRAF5,HLA-DQA1,MKK4,CCL19,PKD2L2,KIF2C,CD34,GSTP1,IRE1,CST43,CXCR60,CRAMP1,HO1,CCR9,CRAMP1,IRS2,IL5R,REV3L
FGFR2,UMPS,UCN,SERPINB47,TEAD3,LMAN1,ATP5J,CDH22,ADAM12,,MMP9,MAP3K4,CYTB,CLEC4C,CTSB,PGK1,NRP1,,FGFR3,ITGB23L,PAI1,E2F2,CTNNBIP1P15,PANK2,EPOR,MAP2,,MMP27,ADRB2,APOPT1L29,SLC29A3,COL4A1,MAP3K16,IRF2BPL29,TNFSF13B,ENO1,C7,PYCARD,CACNA1F,TBXA2R,BMPR1A,TNFRSF7,GSTD94,CCL19,SLC25A5,CEACAM90,DNAJC18,ATG12,,GSR,TJP1,COL1A2,IL4,NTRK3,ATP1G1,SLC25A29,TNFRSF10C,TNFRSF14,PLA2G4T,CTD-2619J13.17,CDH16,ADGRB3,TNFRH68,NFKBIL5,KLF9,SLC22A3,ANAPC11,NDUFV1,MAPK1,MMP13,ADAMTSL56,PDGFRA,BACE2,IKZF71,TEAD3,,,VEGFA,,PPM5E,NFKBIZ,ICAM2,TRAF6,HLA-DQB1,MKK7,CCL21,PKD2L3,CDC20,CD11b,GSTM1,ERN1,CST44,CXCR61,TEAD3,SOD2,BLT2,TEAD3,MTOR,IL9R,PMS2
VEGFR2,UMPS,POMC,SERPINB48,SELE,ERGIC1,ATP5L,CDH24,ADAM15,,MMP1,MAP3K5,RNR1,CLEC4D,CTSB,TPI1,NRP2,,FGFR4,ITGB24L,TAFI,E2F3,CTNNBIP1P16,COQ2,NOS2,MBP,,MMP28,ADRB3,APOPT1L30,SLC29A4,COL4A2,MAP3K17,IRF2BPL30,TNFSF14,LDHA,C9,IL18,CACNA1G,PTGIR,BMPR1B,TNFSF8,GSTD95,CCL20,SLC25A6,CEACAM91,DNAJC19,LC3B,,G6PD,TJP2,COL3A1,IL5,IGF1R,ATP1G2,SLC25A30,TNFRSF10D,TNFRSF17,PLA2G4U,MBD2,CDH17,ADGRB4,TNFRH69,NFKBIL6,KLF10,SLC22A4,ANAPC13,NDUFV2,MAPK3,MMP14,ADAMTSL57,PDGFRB,PSEN1,IKZF72,SELE,,,ANGPT2,,PPM5F,REL,VCAM1,IKBKB,TAP1,MLK3,CCR7,PKDREJ,CDC25C,CD11c,GSTM2,JUNB,CST45,CXCR62,SELE,CAT,DVT,SELE,PIK3CA,IL31R,MLH1
VEGFR3,UMPS,MC2R,SERPINB49,DNAJC11,ERGIC2,ATP5O,CDH26,ADAMTS1,,MMP3,MAP3K6,RNR2,CLEC4M,CTSB,ALDOA,EGFR,,EGFR,ITGB25L,BDNF,TP53,CTNNBIP1P17,ADIPOQ,NOS3,MOG,,TIMP1,ADRA1A,APOPT1L31,SLC29A5,COL5A1,MAP3K18,IRF2BPL31,TNFSF18,SLC2A1,CFB,IL37,CACNA1H,EDN1,BMPR2,TNFRSF8,GSTD96,CCL21,SLC25A7,CEACAM92,DNAJC20,SQSTM1,,PTEN,TJP3,COL4A1,IL10,IGF1,ATP1G3,SLC25A31,TNFRSF11A,TNFRSF18,PLA2G4V,CTD-2013N17.6,CDH18,ADGRB5,TNFRH70,NFKBIL7,KLF11,SLC22A5,ANAPC15,MTATP6,MAPK14,MMP15,ADAMTSL58,VEGFR1,PSEN2,IKZF73,DNAJC11,,,ANGPT1,,PPM5G,RELB,PECAM1,CHUK,TAP2,ASK1,CCL17,PKHD1,CCNA2,CD16,GSTM3,FOSB,CST46,CXCR63,DNAJC11,GPX1,PAI1,DNAJC11,PIK3CB,IL33R,MSH2
EGF,UMPS,ADCYAP1,SERPINB50,FMO3,ERGIC3,ATP5S,CDH27,ADAMTS4,,MMP12,MAP3K9,PRDX1,CD14,CTSB,GAPDH,ERBB2,,ERBB2,ITGB26L,NGF,MDM2,CTNNBIP1P18,LEP,NOS1,PLP1,,TIMP2,ADRA1B,APOPT1L32,SLC29A1,COL5A2,MAP3K19,IRF2BPL32,TNFRSF1B,SLC2A3,CFD,GSDMD,CACNA1I,EDNRA,ENG,TNFSF9,GSTD97,CCL22,SLC25A8,CEACAM93,DNAJC21,p62,,PIK3CA,CLDN1,COL4A2,IL13,IGF2,ATP2A1,SLC25A32,TNFRSF11B,TNFRSF19,PLA2G4W,RP4-734G22.3,CDH3,ADGRC1,TNFRH71,NFKBIL8,KLF12,SLC22A6,APC,MTATP8,JNK1,MMP16,ADAMTSL59,VEGFR2,APOE,IKZF74,FMO3,,,MMP1,,PPM5H,TNFAIP3,ESM1,IKBKG,PSMB8,ASK2,CCL22,PKHD1L1,CCNB1,CD56,GSTM4,EGR1,CST47,CXCR64,FMO3,GCLC,CD3E,FMO3,PIK3CD,IFNLR1,MSH6
IGF1,UMPS,VIP,SERPINB51,MYLIP,ERGICL,ATP6AP1,FAT1,ADAMTS5,,MMP13,MAP4K1,PRDX2,TLR2,CTSB,PGAM1,ERBB3,,ERBB3,ITGB27L,NT3,BAX,CTNNBIP1P19,INS,ARG1,CNP,,TIMP3,ADRA1D,APOPT1L33,SLC29A2,COL6A1,MAP3K20,IRF2BPL33,TNFRSF10B,SLC2A4,CFH,RIPK1,CACNA2D1,EDNRB,ACVRL1,TNFRSF9,GSTD98,CCL24,SLC25A9,CEACAM94,DNAJC22,NRF2,,AKT1,CLDN5,COL5A1,IL23A,INSR,ATP2A2,SLC25A33,TNFRSF12A,TNFRSF21,PLA2G4X,CTD-2517M22.16,CDH6,ADGRC2,TNFRH72,NFKBIL9,KLF13,SLC22A7,APCC,MTCO1,P38,MMP17,ADAMTSL60,VEGFR3,IL1RN,IKZF75,MYLIP,,,MMP3,,PPM5J,TNFAIP2,MADCAM1,NFKB2,PSMB9,TAK1,CCR4,PKHD1L2,CCNB2,CD57,GSTM5,NR3C1,CST48,CXCR65,MYLIP,GCLM,KIR2DL1,MYLIP,PIK3R1,IFNLR2,EXO1
IGF1R,UMPS,PACAP,SERPINB52,E2F2,ERGICL2,ATP6AP2,FAT2,ADAMTS13,,TIMP1,MAP4K2,PRDX3,TLR4,CTSB,PGAM2,ERBB4,,ERBB4,ITGB28L,NT4,BCL2,CTNNBIP1P20,GCGR,ARG2,MAG,,TIMP4,ADRA2A,APOPT1L34,SLC29A3,COL6A2,MAP3K21,IRF2BPL34,TNFRSF11B,SLC2A5,CFI,RIPK3,CACNA2D2,NOS3,ALK1,IL1R1,GSTD99,CCL25,SLC25A10,CEACAM95,DNAJC23,KEAP1,,MTOR,OCLN,COL5A2,IL17A,IRS1,ATP2A3,SLC25A34,TNFRSF13B,TNFRSF22,PLA2G4Y,RP11-932A10.3,CDH8,ADGRC3,TNFRH73,NFKBIL10,KLF14,SLC22A8,,MTCO2,ERK1,MMP24,ADAMTSL61,KIT,IL18,IKZF76,E2F2,,,MMP8,,PPM5K,TNFAIP6,ITGAM,RELB,PSMB10,TAB1,CCL20,PKHD1L3,CCNE1,CD68,GSTT1,NR3C2,CST49,CXCR66,E2F2,NQO1,CXCL2,E2F2,AKT1,IFNLR3,DUT
IGF2,UMPS,GHRH,SERPINB53,PSMB1,ERGICL3,ATP6V0A1,FAT3,TIMP2,,TIMP2,MAP4K3,PRDX4,MYD88,CTSB,ENO2,IGF1R,,MET,ITGB29L,GDNF,BCL2L1,CTNNBIP1P21,PPARG,SLC2A1,OLIG2,,ELANE,ADRA2B,APOPT1L35,SLC29A4,COL6A3,WNT1,IRF2BPL35,TNFRSF12A,SLC2A6,F10,MLKL,CACNA2D3,ACE,ALK5,IL1R2,GSTD100,CCL26,SLC25A11,CEACAM96,DNAJC24,NQO1,,TSC1,ZO1,COL6A1,IL17F,IRS2,ATP2B1,SLC25A35,TNFRSF13C,TNFRSF23,PLA2G4Z,PRADC1P1,CDH23,ADGRD1,TNFRH74,NFKBIL11,KLF15,SLC22A9,,MTCO3,ERK2,ADAM10,ADAMTSL62,FLT3,CASP1,IKZF77,PSMB1,,,MMP13,,PPM5L,TNFAIP8,ITGB2,REL,UBE1L,TAB2,CCR6,PKHD1L4,CCNE2,CD1a,GSTA1,POMC,CST50,CXCR67,PSMB1,TXN,MPO,PSMB1,AKT2,IFNAR1,TK1
IGF2R,UMPS,SST,SERPINB54,JARID2,ERGICL4,ATP6V0A2,FAT4,TIMP3,,TIMP3,MAP4K4,PRDX5,TRAF6,CTSB,PKM,IGF2R,,IGF1R,ITGB30L,CNTF,CASP3,CTNNBIP1P22,SREBF1,SLC2A4,PDGFRA,,PRTN3,ADRA2C,APOPT1L36,SLC29A5,COL7A1,WNT2,IRF2BPL36,TNFRSF13B,SLC2A7,F11,CHUK,CACNA2D4,AGT,EDN1,IL1RL1,GSTD101,CCL27,SLC25A12,CEACAM97,DNAJC25,HMOX1,,TSC2,ZO2,COL6A2,IL22,GRB2,ATP2B2,SLC25A36,TNFRSF14,TNFRSF25,PLA2G1B,LCE2D,CDH27,ADGRD2,TNFRH75,NFKBIL12,KLF16,SLC22A10,,MTCYB,IL3,ADAM17,ADAMTSL63,ALK,NLRP3,IKZF78,JARID2,,,TIMP3,,PPM5M,TNFAIP1,ITGAX,IKBα,UBA52,NIK,CCL25,PKHD1L5,CDK1,CD1c,GSTA2,CRH,CST51,CXCR68,JARID2,TXNRD1,XCR2,JARID2,AKT3,IFNAR2,TYMS
HGF,UMPS,NPY,SERPINB55,CAMK1G,ERGICL5,ATP6V0A4,DCHS1,TIMP4,,TIMP4,MAP4K5,PRDX6,IRAK1,CTSB,LDHB,INSR,,IGF2R,ITGB31L,LIF,CASP7,CTNNBIP1P23,FASN,HK2,PDGFRB,,CTSG,HTR1A,APOPT1L37,SLC30A1,COL8A1,WNT2B,IRF2BPL37,TNFRSF14,SLC2A8,F12,IKBKB,CACNB1,AGTR1,EDNRA,IL1RL2,GSTD102,CCL28,SLC25A13,CEACAM98,DNAJC26,SOD1,,AMPK,ZO3,COL6A3,IL9,SOS1,ATP2B3,SLC25A37,TNFRSF17,TNFRSF26,PLA2G1C,H2AC19,CDH28,ADGRE1,TNFRH76,NFKBIL13,KLF17,SLC22A11,,IL18,IL9,ADAMTS4,ADAMTSL64,ROS1,AIM2,IKZF79,CAMK1G,,,TIMP4,,PPM5N,TNFAIP5,SELL,NFKBIA,UBB,IKK,CCR9,PKHD1L6,CDK2,CD1d,GSTA3,AVPR1A,CST52,CXCR69,CAMK1G,PRDX1,APON,CAMK1G,PTEN,IFNAR3,DHFR
MET,UMPS,AGRP,SERPINB56,CDK11A,ERGICL6,ATP6V0B,DCHS2,ELANE,,ADAM10,MAP4K6,SOD1,IRAK4,CTSB,PCK1,PDGFR,,INSR,ITGB32L,OSM,CASP8,CTNNBIP1P24,ACACA,PFKM,VEGFA,,MME,HTR1B,APOPT1L38,SLC30A2,COL8A2,WNT3,IRF2BPL38,TNFRSF17,SLC2A9,F13A1,IKBKG,CACNB2,AGTR2,EDNRB,IL1RAP,GSTD103,CXCL1,SLC25A14,CEACAM99,DNAJC27,SOD2,,SIRT1,JAM2,COL7A1,IL21,HRAS,ATP2B4,SLC25A38,TNFRSF18,TNFRSF27,PLA2G1D,RP5-908D6.1,CDH29,ADGRE2,TNFRH77,NFKBIL14,KLF18,SLC22A12,,IL1RN,IL15,ADAMTS5,ADAMTSL65,RET,PYCARD,IKZF80,CDK11A,,,ELANE,,PPM5R1,TNFAIP7,CD44,IKBβ,UBC,IKB,CCL27,PKHD1L7,CDK4,DPP4,GSTA4,AVPR2,CST53,CXCR70,CDK11A,PRDX2,CXCL13,CDK11A,MAP2K1,IL1RL1,RRM1
AXL,UMPS,POMC,SERPINB57,NADK,ERGICL7,ATP6V0C,PCDH1,PRTN3,,ADAM12,MAP4K7,SOD2,IKBKG,CTSB,PCK2,FGFR,,INSRR,ITGB33L,IL34,CASP9,CTNNBIP1P25,CPT1A,ALDOA,VEGFB,,ACE,HTR1D,APOPT1L39,SLC30A3,COL9A1,WNT3A,IRF2BPL39,TNFRSF18,SLC2A10,F13B,TRAF6,CACNB3,REN,NOS3,IL18R1,GSTD104,CXCL2,SLC25A15,CEACAM100,DNAJC28,CAT,,PGC1A,JAM3,COL8A1,OSM,KRAS,ATP2C1,SLC25A39,TNFRSF19,TNFRSF4,PLA2G1E,RNU7-102P,CDH30,ADGRE5,TNFRH78,NFKBIL15,KLF2,SLC22A13,,CCL3,IL21,ADAMTS13,ADAMTSL66,NTRK1,,IKZF81,NADK,,,PRTN3,,PPM5R2,TNFAIP9,CDH5,NFKBIB,NEDD8,IKBKG,CCR10,PKHD1L8,CDK6,ACE2,GSTA5,OXTR,CST54,CXCR71,NADK,PRDX3,CCR5,NADK,MAP2K2,IL1RL2,RRM2
MERTK,UMPS,CARTPT,SERPINB58,TFAP2B,ERGICL8,ATP6V0D1,PCDH10,MPO,,ADAM15,MAP4,CAT,CHUK,CTSB,FBP1,KIT,,IRS1,ITGB34L,CSF1,FAS,CTNNBIP1P26,PPARGC1A,ALDOB,VEGFC,,ACE2,HTR1E,APOPT1L40,SLC30A4,COL9A2,WNT4,IRF2BPL40,TRAF1,SLC2A11,THBD,TRAF3,CACNB4,CYBA,PTGIS,IL18RAP,GSTD105,CXCL3,SLC25A16,CEACAM101,DNAJC30,GPX1,,PPAR,PECAM1,COL8A2,LIF,NRAS,ATP2C2,SLC25A40,TNFRSF21,TNFRSF8,PLA2G1F,BAZ2A,CDH31,ADGRF1,TNFRH79,NFKBIL16,KLF3,SLC22A14,,CCL4,IL22,TIMP3,ADAMTSL67,NTRK2,,IKZF82,TFAP2B,,,CTSB,,PPM5R3,TNFAIP12,CDH1,IKBε,SUMO1,CHUK,CCL28,PKHD1L9,CDK7,TMPRSS2,GPX2,HTR2A,CST55,CXCR72,TFAP2B,PRDX4,CD163,TFAP2B,MAP2K3,IL1RAP,CDK1
TYRO3,UMPS,LEP,SERPINB59,TFAP2D,ERGICL9,ATP6V0D2,PCDH11X,LTF,,ADAM17,MAPBP,GPX1,IKBKB,CTSB,FBP2,FLT3,,IRS2,ITGB35L,GCSF,FASL,CTNNBIP1P27,NRF2,TPI1,VEGFD,,ADAM17,HTR1F,APOPT1L41,SLC30A5,COL9A3,WNT5A,IRF2BPL41,TRAF2,SLC2A12,PROC,TRAF2,RYR1,NCF1,TBXAS1,IL18BP,GSTD106,CXCL5,SLC25A17,CEACAM102,DNAJC5B,GCLC,,RXRA,CD31,COL9A1,CNTF,BRAF,ATP2C3,SLC25A41,TNFRSF25,TNFRSF9,PLA2G1G,LINC02458,CDH32,ADGRF2,TNFRH80,NFKBIL17,KLF1,SLC22A15,,CXCL1,IL26,TIMP4,ADAMTSL68,NTRK3,,IKZF83,TFAP2D,,,CTSD,,PPM5R4,TNFAIP14,CDH2,NFKBIE,SUMO2,IKBKB,CCR11,PKHD1L10,CDK9,NRP1,GPX3,HTR2C,CST56,CXCR73,TFAP2D,PRDX5,HK2,TFAP2D,MAP2K4,IL1R2,CDK2
,UMPS,LEPR,SERPINB60,DLEC1,ERGICA,ATP6V0E1,PCDH11Y,DEFA1,,ADAMTS1,MAPKAP1,GPX2,REL,CTSB,G6PC,RET,,GRB2,ITGB36L,GMCSF,TNFRSF1B,CTNNBIP1P28,HO1,GAPDH,IGF1,,ADAM10,HTR2A,APOPT1L42,SLC30A6,COL10A1,WNT5B,IRF2BPL42,TRAF3,SLC2A13,PROS1,MYD88,RYR2,NCF2,TXA2R,IL36RN,GSTD107,CXCL6,SLC25A18,CEACAM103,DNASE1L1,GCLM,,VDR,CDH11,COL9A2,NGF,MAP2K1,ATP2D1,SLC25A42,TNFSF14,TNFSF10,PLA2G1H,ENSG10010139651.1,CDH33,ADGRF3,TNFRH81,NFKBIL18,ZFP36,SLC22A16,,CXCL2,IL27,CTGF,ADAMTSL69,PTEN,,IKZF84,DLEC1,,,CTSL,,PPM5R5,TNFAIP18,ZO1,IKBγ,SUMO3,REL,CXCL9,PKHD1L11,CDK11B,BSG,GPX4,DRD2,CST57,CXCR74,DLEC1,PRDX6,TLR4,DLEC1,MAP2K6,IL18R1,CDK4
,UMPS,GHRL,SERPINB61,CYTH3,ERGICB,ATP6V0E2,PCDH12,DEFA5,,ADAMTS4,MAPKAP2,GPX3,RELA,CTSB,G6PC2,MET,,SOS1,ITGB37L,EPO,TRAIL,CTNNBIP1P29,NQO1,PGK1,IGF1R,,ADAMTS4,HTR2B,APOPT1L43,SLC30A7,COL11A1,WNT6,IRF2BPL43,TRAF4,SLC2A14,SERPINC1,TICAM1,RYR3,NCF4,PTGDS,IL36R,GSTD108,CXCL8,SLC25A19,CEACAM104,DNASE1L2,GSTA1,,NRF2,NCAM1,COL9A3,BDNF,MAP2K2,ATP2E1,SLC25A43,TNFSF15,TNFSF11,PLA2G1I,RP11-257P3.3,CDH34,ADGRF4,TNFRH82,NFKBIL19,ZFP36L1,SLC22A17,,CXCL3,IL32,PDGFRA,ADAMTSL70,TP53,,IKZF85,CYTH3,,,CTSS,,PPM5R6,TNFAIP20,OCLN,NFKBIG,UBE2I,NFKB2,CXCR3,PKHD1L12,CDK12,EMMPRIN,GPX5,ADRA1A,CST58,CXCR75,CYTH3,MPO,CD28,CYTH3,MAP2K7,IL18R2,CDK6
,UMPS,GHSR,SERPINB62,ADAM22,ERGICC,ATP6V1A,PCDH15,DEFA6,,ADAMTS5,MAPKAP3,GPX4,RELB,CTSB,PYGL,ROS1,,HRAS,ITGB38L,THPO,TRAILR1,CTNNBIP1P30,GCLC,PGAM1,IGF2,,ADAMTS5,HTR2C,APOPT1L44,SLC30A8,COL11A2,WNT7A,IRF2BPL44,TRAF5,SLC2A1,AGT,TICAM2,ITPR1,RAC2,PTGES,IL36B,GSTD109,CXCL9,SLC25A20,CEACAM105,DNASE2,GSTM1,,KEAP1,NCAM2,COL10A1,NTF3,MEK1,ATP2F1,SLC25A44,TNFSF18,TNFSF12,PLA2G1J,AP000563.2,CDH35,ADGRF5,TNFRH83,NFKBIL20,ZFP36L2,SLC22A18,,CXCL5,LTA,FGF1,ADAMTSL71,BRCA1,,IKZF86,ADAM22,,,GZMA,,PPM5R7,TNFAIP25,CLDN5,IKBζ,UBA1,NFKBIB,CXCL11,PKHD1L13,CDK13,,GPX6,ADRB2,CST59,CXCR76,ADAM22,NOX2,XCR10,ADAM22,MAP3K1,IL12RB2,CDK7
,UMPS,GHR,SERPINB63,SYPL1,ERGICD,ATP6V1B1,PCDH17,DEFA4,,ADAMTS9,MAPKAP4,GSR,RELN,CTSB,PYGB,ALK,,KRAS,ITGB39L,PDGF,TRAILR2,CTNNBIP1P31,GCLM,PGAM2,IGF2R,,ADAMTS1,HTR3A,APOPT1L45,SLC30A9,COL12A1,WNT7B,IRF2BPL45,TRAF6,,ACE,TRIF,ITPR2,CYBB,PTGER1,IL36G,GSTD110,CXCL11,SLC25A21,CEACAM106,DNASE2B,GSTP1,,NQO1,NCAM3,COL11A1,NTF4,MEK2,ATP5F1A,SLC25A45,TNFSF4,TNFSF13,PLA2G1K,FAM27E3,CDH36,ADGRG1,TNFRH84,NFKBIL21,TTP,SLC22A19,,CX3CL1,LTB,FGF2,ADAMTSL72,BRCA2,,IKZF87,SYPL1,,,GZMB,,PPM5R8,TNFAIP28,MMP2,NFKBIZ,CUL1,NFKBIE,CXCR6,PKHD1L14,CDK14,,GPX7,CHRNA7,CST60,CXCR77,SYPL1,NOX4,CXCR7,SYPL1,MAP3K2,IL23R,CDK9
,UMPS,IGFBP3,SERPINB64,CYB561,ERGICE,ATP6V1B2,PCDH18,DEFB1,,ADAMTS13,MAPKAP5,GSS,NFKB2,CTSB,PYGM,NTRK1,,NRAS,ITGB40L,EGF,CYCS,CTNNBIP1P32,GSTA1,ENO1,EGF,,ADAMTS12,HTR3B,APOPT1L46,SLC30A1,COL13A1,WNT8A,IRF2BPL46,RIPK1,,AGTR1,TBK1,ITPR3,DUOX1,PTGER2,IL37,GSTD111,CXCL12,SLC25A22,CEACAM107,DNASE1,GSTT1,,GCLC,NRXN1,COL11A2,GDNF,RAF1,ATP5F1B,SLC25A46,TNFSF5,TNFSF13B,PLA2G1L,SSR4P1,CDH37,ADGRG2,TNFRH85,NFKBIL22,AREG,SLC22A20,,CCR2,CCL1,FGFR1,ADAMTSL73,ATM,,IKZF88,CYB561,,,PRF1,,PPM5R9,TNFAIP32,MMP9,NEMO,CUL2,NFKBIA,CXCL12,PKHD1L15,CDK15,,GPX8,CHAT,CST61,CXCR78,CYB561,CYBB,LTB4R,CYB561,MAP3K3,IL17RC,CDK11A
,UMPS,IGFBP1,SERPINB65,SPAG9,ERGICF,ATP6V1C1,PCDH19,DEFB4,,VEGFA,MAPKBP1,TXN,NFKB1,CTSB,GPPA,NTRK2,,BRAF,ITGB41L,TGFB1,APAF1,CTNNBIP1P33,GSTM1,PKM,EGFR,,ADAMTS13,HTR3C,APOPT1L47,SLC30A2,COL14A1,WNT8B,IRF2BPL47,RIPK2,,REN,IKBKE,SLC8A1,DUOX2,PTGER3,IL38,GSTD112,CXCL13,SLC25A23,CEACAM108,DNASE1L3,ALDH2,,GCLM,NRXN2,COL12A1,NGFR,ARAF,ATP5F1C,SLC25A47,TNFSF6,TNFSF14,PLA2G1M,TRMT44,CDH38,ADGRG3,TNFRH86,NFKBIL23,EGR2,SLC22A21,,CCR7,CCL11,FGFR2,ADAMTSL74,ATR,,IKZF89,SPAG9,,,FASLG,,PPM5S,TNFAIP36,MMP1,IKBKG,CUL3,NFKBIC,CXCR7,PKHD1L16,CDK16,,CATALASE,BCHE,CST62,CXCR79,SPAG9,CYBA,C3AR2,SPAG9,MAP3K4,IL17RD,CDK12
,UMPS,IGFBP2,SERPINB66,CELSR3,ERGICG,ATP6V1C2,PCDH20,CTSG,,VEGFB,MAPKSP1,TXNRD1,NFKBIA,CTSB,GPAM,NTRK3,,MAP2K1,ITGB42L,TGFB2,DIABLO,CTNNBIP1P34,GSTP1,LDHA,FGFR1,,ADAMTS14,HTR3D,APOPT1L48,SLC30A3,COL15A1,WNT9A,IRF2BPL48,RIPK3,,NOS3,IRAK1,SLC8A2,MPO,PTGER4,IL15,GSTD113,CXCL14,SLC25A24,CEACAM109,DNASE2L,ADH1B,,GSTA1,NRXN3,COL13A1,NTRK1,BRAF,ATP5F1D,SLC25A48,TNFSF7,TNFSF15,PLA2G1N,TRAJ26,CDH39,ADGRG4,TNFRH87,NFKBIL24,EGR3,SLC22A22,,CX3CR1,CCL17,EGFR,ADAMTSL75,CHEK1,,IKZF90,CELSR3,,,CASP3,,PPM5T,TNFAIP8L1,MMP3,IκB kinase,CUL4A,NFKBID,CX3CR1,PKHD1L17,CDK17,,SOD2,APOE4,CST63,CXCR80,CELSR3,NCF1,CCL17,CELSR3,MAP3K5,IL17RE,CDK13
,UMPS,IGFBP5,SERPINB67,AASS,ERGICH,ATP6V1D,PCDH24,AZU1,,VEGFC,MAPKSP1,TXNRD2,NFKBIB,CTSB,AGPAT1,,,MAP2K2,ITGB43L,TGFB3,XIAP,CTNNBIP1P35,CAT,LDHB,FGFR2,,ADAMTS15,HTR3E,APOPT1L49,SLC30A4,COL16A1,WNT9B,IRF2BPL49,IKBKB,,EDN1,IRAK4,SLC8A3,ELANE,CYP1A1,IL15RA,GSTD114,CXCL16,SLC25A25,CEACAM110,DNASE2L2,ADH1C,,GSTM1,NLGN1,COL14A1,NTRK2,CRAF,ATP5F1E,SLC25A49,TNFSF8,TNFSF18,PLA2G1O,LINC02508,CDH40,ADGRG5,TNFRH88,NFKBIL25,EGR4,SLC22A23,,LTB4R1,CCL18,ERBB2,ADAMTSL76,CHEK2,,IKZF91,AASS,,,CASP7,,PPM5F,TNFAIP8L2,MMP7,IKK,CUL4B,NFKBIL1,XCR1,PKHD1L18,CDK18,,SOD3,APP,CST64,CXCR81,AASS,NCF2,C3,AASS,MAP3K6,IL17RF,CDK14
,UMPS,IGFBP7,SERPINB68,PLEKHG6,ERGICI,ATP6V1E1,PCDHA1,BPI,,VEGFD,MAPKSP1,TXNRD3,NFKBID,CTSB,AGPAT2,,,MAP2K3,ITGB44L,BMP2,BIRC5,CTNNBIP1P36,SOD1,PC,FGFR3,,ADAMTS16,HTR4,APOPT1L50,SLC30A5,COL17A1,WNT10A,IRF2BPL50,CHUK,,EDNRA,MAP3K7,SLC8B1,PRTN3,CYP1A2,IL2RA,GSTD115,CXCR3,SLC25A26,CEACAM111,DNASE2L3,CYP1A1,,GSTP1,NLGN2,COL15A1,NTRK3,MAPK1,ATP5F1F,SLC25A50,TNFSF9,TNFSF4,PLA2G1P,IGHVIII-67-2,CDH41,ADGRG6,TNFRH89,NFKBIL26,FOSB,SLC22A24,,LTB4R2,CCL19,ERBB3,ADAMTSL77,RAD51,,IKZF92,PLEKHG6,,,CASP8,,PPM6A,TNFAIP8L3,MMP12,IKKα,CUL5,NFKBIL2,XCR2,PKHD1L19,CDK19,,SOD2-like,PSEN1,CST65,CXCR82,PLEKHG6,NCF4,C9,PLEKHG6,MAP3K7,IL22R,CDK15
,UMPS,BDNF,SERPINB69,SS18L2,ERGICJ,ATP6V1E2,PCDHA10,LBP,,FLT1,MAPKSP1,NQO1,NFKBIE,CTSB,AGPAT3,,,MAP2K4,ITGB45L,BMP4,BIRC2,CTNNBIP1P37,SOD2,PDHA1,FGFR4,,ADAMTS17,HTR5A,APOPT1L51,SLC30A6,COL18A1,WNT10B,IRF2BPL51,IKBKG,,EDNRB,MAPK14,SLC8B2,AZU1,CYP1B1,IL2RB,GSTD116,CXCR5,SLC25A27,CEACAM112,DNASE2L4,CYP1A2,,GSTT1,NLGN3,COL16A1,EGFR,MAPK3,ATP5MG,SLC25A51,TNFSF10,TNFSF5,PLA2G1Q,BX322559.3,CDH42,ADGRG7,TNFRH90,NFKBIL27,FOSL1,SLC22A25,,ALOX5AP,CCL20,ERBB4,ADAMTSL78,XRCC1,,IKZF93,SS18L2,,,CASP9,,PPM6B,TNFAIP8L4,MMP13,IKKβ,CUL7,NFKBIL3,XCR3,PKHD1L20,CDK20,,SOD2L,PSEN2,CST66,CXCR83,SS18L2,RAC1,AZU1,SS18L2,MAP3K8,IL17A,CDK16
,UMPS,NGF,SERPINB70,MPND,ERGICK,ATP6V1F,PCDHA11,S100A8,,FLT4,MAPKSP1,NQO2,NFKBIL1,CTSB,AGPAT4,,,MAP2K5,ITGB46L,BMP7,BIRC3,CTNNBIP1P38,GPX1,PDHB,NGF,,ADAMTS18,HTR5B,APOPT1L52,SLC30A7,COL18A2,WNT11,IRF2BPL52,RELA,,MYH6,MAPK1,SLC8B3,LTF,CYP2A6,IL2RG,GSTD117,CXCR6,SLC25A28,CEACAM113,DNASE2L5,CYP1B1,,SOD1,NLGN4X,COL17A1,ERBB2,ERK1,ATP5MC1,SLC25A52,TNFSF11,TNFSF6,PLA2G1R,TMEM208,CDH43,ADGRG8,TNFRH91,NFKBIL28,FOSL2,SLC22A26,,PTGER2,CCL22,HGF,ADAMTSL79,PARP1,,IKZF94,MPND,,,BCL2,,PPM6C,TNFAIP8L5,MMP14,IKKγ,FBXW7,NFKBIL4,XCR4,PKHD1L21,CDK5R1,,SODD,MAPT,CST67,CXCR84,MPND,RAC2,CASP12,MPND,MAP3K9,IL17F,CDK17
,UMPS,NTF3,SERPINB71,MGST1,ERGICL10,ATP6V1G1,PCDHA12,S100A9,,KDR,MAPKSP1,GCLM,NFKBIL2,CTSB,LPIN1,,,MAP2K6,ITGB47L,FGF1,BAG1,,GPX4,PDHX,NGFR,,ADAMTS19,HTR6,APOPT1L53,SLC30A8,COL19A1,WNT16,IRF2BPL53,RELB,,,MAPK3,SLC8B4,S100A8,CYP2B6,IL4R,GSTD118,CCR1,SLC25A29,CEACAM114,DNASE2L6,CYP2C9,,SOD3,NLGN4Y,,ERBB3,ERK2,ATP5MC2,SLC25A53,TNFSF12,TNFSF7,PLA2G1S,,CDH44,ADGRG9,TNFRH92,NFKBIL29,JUNB,SLC22A27,,PTGER4,,MET,ADAMTSL80,MGMT,,IKZF95,,,,BCL2L1,,PPM6D,TNFAIP8L6,TIMP1,RIPK1,SKP1,NFKBIL5,XCR5,PKHD1L22,CDK5R2,,SODB,TAU,CST68,CXCR85,,RAC3,,,MAP3K10,IL17B,CDK18
,UMPS,NTF4,SERPINB72,CRY1,ERGICL11,ATP6V1G2,PCDHA13,S100A12,,KDR,MAPKSP1,GCLC,NFKBIL3,CTSB,LPIN2,,,MAP2K7,ITGB48L,FGF2,HSPA1A,,PRDX1,CS,BDNF,,ADAMTS2,HTR7,APOPT1L54,SLC30A9,COL20A1,FZD1,IRF2BPL54,REL,,,MAPK8,SLC9A1,S100A9,CYP2C8,IL7R,GSTD119,CCR2,SLC25A30,CEACAM115,DNASE2L7P,CYP2D6,,CAT,GRIN1,,ERBB4,JUN,ATP5MC3,SLC25A54,TNFSF13,TNFSF8,PLA2G1T,,CDH45,ADGRV1,TNFRH93,NFKBIL30,JUND,SLC22A28,,TBXAS1,,IGF1,ADAMTSL81,MSH2,,IKZF96,,,,BCL2L2,,PPM6E,TNFAIP8L8,TIMP2,RIPK2,SKP2,NFKBIL6,XCR6,PKHD1L23,CDK5R3,,SODC,SNCA,CST69,CXCR86,,CDC42,,,MAP3K11,IL17C,CDK19
,UMPS,GDNF,SERPINB73,PGLYRP1,ERGICL12,ATP6V1H,PCDHAC1,MMP18,,NRP1,MAPKSP1,GSTA1,NFKBIZ,CTSB,LPIN3,,,MAPK11,ITGB49L,FGF7,HSPA1B,,PRDX2,ACO1,NTRK1,,ADAMTS20,DRD1,APOPT1L55,TLR4,COL21A1,FZD2,IRF2BPL55,NFKB2,,,MAPK9,SLC9A2,MMP8,CYP2C9,IL9R,GSTD120,CCR3,SLC25A31,CEACAM116,DNASE2L8,CYP2E1,,GPX4,GRIN2A,,PDGFRA,FOS,ATP5PD,SLC25A55,TNFSF13B,TNFSF9,PLA2G1U,,CDH46,ADGRV1,TNFRH94,NFKBIL31,JDP2,SLC22A29,,TBXA2R,,IGF1R,ADAMTSL82,MLH1,,IKZF97,,,,BCL2A1,,PPM6F,TNFAIP8L9,TIMP3,RIPK3,BTRC,NFKBIL7,XCR7,PKHD1L24,,,SODC2,UCHL1,CST70,CXCR87,,PAK1,,,MAP3K12,IL17D,CDK20
,UMPS,NTN,SERPINB74,NFIX,ERGICL13,ATP6V1I,PCDHAC2,MMP9,,NRP2,MAPKSP1,GSTA2,TNFAIP3,CTSB,DGAT1,,,MAPK12,ITGB50L,FGF10,HSPA4,,PRDX3,ACO2,NTRK2,,ADAMTSL1,DRD2,APOPT1L56,TLR2,COL22A1,FZD3,IRF2BPL56,MAPK3,,,MAPK10,SLC9A3,MMP1,CYP2C19,IL13RA1,GSTD121,CCR4,SLC25A32,CEACAM117,DNASE2L9,CYP3A4,,PRDX1,GRIN2B,,PDGFRB,MYC,ATP5PF,SLC25A56,TNFSF14,CCL1,PLA2G1V,,CDH47,ADK,TNFRH95,NFKBIL32,ATF3,SLC22A30,,PTGIR,,IGF2,ADAMTSL83,PMS2,,IKZF98,,,,BAX,,PPM6G,TNFAIP8L10,TIMP4,MLKL,APC/C,NFKBIL8,XCR8,PKHD1L25,,,SODC1,PARK7,CST71,CXCR88,,PAK2,,,MAP3K13,IL17E,CDK5R1
,UMPS,NRTN,SERPINB75,ST3GAL1,ERGICL14,ATP6V1H,PCDHB1,MMP1,,ANGPT1,MAPKSP1,GSTA3,TNFAIP2,CTSB,DGAT2,,,MAPK13,ITGB51L,EGF,HSPA5,,PRDX4,IDH3G,NTRK3,,ADAMTSL5,DRD3,APOPT1L57,TLR9,COL23A1,FZD4,IRF2BPL57,MAPK8,,,JNK1,SLC9A4,MMP3,CYP2D6,IL13RA2,GSTD122,CCR5,SLC25A33,CEACAM118,DNASE2L10,CYP3A5,,PRDX2,GRIN2C,,FGFR1,ELK1,ATP5PO,SLC25A57,TNFSF18,CCL11,PLA2G1W,,CDH48,ADM,TNFRH96,NFKBIL33,ATF4,SLC22A31,,PTGDR,,IGF2R,ADAMTSL84,EPCAM,,IKZF99,,,,BAK1,,PPM6H,TNFAIP8L11,COL1A1,PGAM5,ANAPC1,NFKBIL9,XCR9,PKHD1L26,,,SOD-like,PINK1,CST72,CXCR89,,PAK3,,,MAP3K14,IL22R1,CDK5R2
,UMPS,ARTN,SERPINB76,MMP25,ERGICL15,ATP7A,PCDHB10,MMP2,,ANGPT2,,GSTA4,TNFAIP6,CTSB,MGAT1,,,MAPK4,ITGB52L,EGFR,HSPA8,,PRDX5,IDH3B,GDNF,,CASP1,DRD4,APOPT1L58,MYD88,COL24A1,FZD5,IRF2BPL58,MAPK9,,,JNK2,SLC9A5,MMP12,CYP2E1,IL21R,GSTD123,CCR6,SLC25A34,CEACAM119,DNASE2L11,CYP3A7,,PRDX3,GRIN2D,,FGFR2,SRF,ATP5S,SLC25A58,TNFSF8,CCL13,PLA2G1X,,CDH49,ADORA1,TNFRH97,NFKBIL34,ATF5,SLC22A32,,PTGES,,,ADAMTSL85,,,IKZF100,,,,BID,,PPM6J,TNFAIP8L12,COL1A2,FADD,ANAPC2,NFKBILA,XCR10,PKHD1L27,,,SOD,PRKN,CST73,CXCR90,,ROCK1,,,,IL22R2,CDK5R3
,UMPS,PSEN1,SERPINB77,IL32,ERGICL16,ATP7B,PCDHB11,MMP3,,TEK,,GSTA5,TNFAIP8,CTSB,MGAT2,,,MAPK6,ITGB53L,ERBB2,HSP90AA1,,PRDX6,IDH3A,GFRA1,,CASP3,DRD5,APOPT1L59,TRAF6,COL25A1,FZD6,IRF2BPL59,MAPK10,,,JNK3,SLC9A6,MMP13,CYP3A4,IL17RA,GSTD124,CCR7,SLC25A35,CEACAM120,DNASE2L12,ABCB1,,PRDX4,GRIA1,,FGFR3,STAT3,ATP6AP1,SLC25A59,TNFSF1A,CCL15,PLA2G1Y,,CDH50,ADORA2A,TNFRH98,NFKBIL35,ATF6,SLC22A33,,PTGES2,,,ADAMTSL86,,,IKZF101,,,,BAD,,PPM6K,TNFAIP8L13,COL3A1,TRADD,ANAPC4,NFKBILB,XCR11,PKHD1L28,,,SOD1-like,LRRK2,CST74,CXCR91,,ROCK2,,,,IL22BP,CDK5R4
,UMPS,PSEN2,SERPINB78,PKD1,ERGICL17,ATP8A1,PCDHB12,MMP7,,TIE1,,GSTP1,TNFAIP1,CTSB,MGAT3,,,MAPK7,ITGB54L,ERBB3,HSP90AB1,,TXN,AKG2,GFRA2,,CASP8,HTR1A,APOPT1L60,IRAK1,COL26A1,FZD7,IRF2BPL60,MAP2K1,,,P38,SLC9A7,MMP14,CYP3A5,IL17RC,GSTD125,CCR8,SLC25A36,CEACAM121,DNASE2L13,MDR1,,PRDX5,GRIA2,,FGFR4,STAT5A,ATP6AP2,SLC25A60,TNFSF1B,CCL16,PLA2G1Z,,CDH51,ADORA2B,TNFRH99,NFKBIL36,ATF7,SLC22A34,,PTGES3,,,ADAMTSL87,,,IKZF102,,,,P53,,PPM6L,TNFAIP8L14,COL4A1,TNFR1,ANAPC5,NFKBILC,XCR12,PKHD1L29,,,SOD1L,ATP1A3,CST75,CXCR92,,LIMK1,,,,IL17REL,CDK5R5
,UMPS,APP,SERPINB79,MAPK8IP2,ERGICL18,ATP8A2,PCDHB13,MMP8,,TIE2,,GSTT1,TNFAIP5,CTSB,ACACA,,,PIK3CA,ITGB55L,ERBB4,HSPB1,,TXNRD1,AKG1,GFRA3,,CASP9,HTR1B,APOPT1L61,IRAK4,COL27A1,FZD8,IRF2BPL61,MAP2K4,,,ERK1,SLC9A8,MMP15,CYP3A7,IL17RD,GSTD126,CCR9,SLC25A37,CEACAM122,DNASE2L14,ABCC1,,PRDX6,GRIA3,,IGF1R,STAT5B,ATP6V0A1,SLC25A61,TNFSF2,CCL17,PLA2G1A,,CDH52,ADORA3,TNFRH100,NFKBIL37,ATF1,SLC22A35,,PTGIS,,,ADAMTSL88,,,IKZF103,,,,MDM2,,PPM6M,TNFAIP8L15,FN1,TNFR2,ANAPC7,NFKBILD,XCR13,PKHD1L30,,,SOD1P,SCN1A,CST76,CXCR93,,LIMK2,,,,IL17RA,CDK5R6
,UMPS,APLP1,SERPINB80,MED24,ERGICL19,ATP8B1,PCDHB14,,,ESM1,,GSTT2,TNFAIP7,CTSB,ACACB,,,PIK3CB,ITGB56L,IGF1,HSPB6,,TXNRD2,AKG3,GFRA4,,CASP10,HTR1D,APOPT1L62,NFKB1,COL28A1,FZD9,IRF2BPL62,MAP2K7,,,ERK2,SLC9A9,MMP16,CYP4A11,IL17RE,GSTD127,CCR10,SLC25A38,CEACAM123,DNASE2L15,MRP1,,TXN,GRIA4,,IGF2R,JAK1,ATP6V0A2,SLC25A62,TNFSF3,CCL18,PLA2G1,,CDH53,ADRA1A,,NFKBIL38,ATF6B,SLC22A36,,TBXAS1,,,ADAMTSL89,,,IKZF104,,,,CDKN1A,,PPM6N,TNFAIP8L16,CTGF,FAS,ANAPC10,NFKBIL0,XCR14,PKHD1L31,,,SOD1P1,GABRA1,CST77,CXCR94,,COFILIN1,,,,IL17RB,CDK5R7
,UMPS,APLP2,SERPINB81,RHOBTB2,ERGICL20,ATP8B2,PCDHB15,,,EGFL7,,GSTM1,TNFAIP4,CTSB,FASN,,,PIK3CD,ITGB57L,IGF1R,HSPB8,,TXNRD3,SARDH,NTF3,,CASP14,HTR1E,APOPT1L63,RELA,IL1R1,FZD10,IRF2BPL63,MAP3K1,,,JUN,SLC9A10,MMP17,CYP4B1,IL17F,GSTD128,CCR11,SLC25A39,CEACAM124,DNASE2L16,ABCG2,,TXNRD1,GRIK1,,INSR,JAK2,ATP6V0A4,SLC25A63,TNFSF4,CCL19,PLA2G2A,,CDH54,ADRA1B,,NFKBIL39,ATF6L,SLC22A37,,TBXA2R,,,ADAMTSL90,,,IKZF105,,,,CDKN2A,,PPM6R1,TNFAIP8L17,PDGFB,FASL,ANAPC11,NFKBIP1,XCR15,PKHD1L32,,,SOD1P2,GABRB3,CST78,CXCR95,,COFILIN2,,,,IL22RA1,CDK5R8
,UMPS,MAPT,SERPINB82,HEATR5B,ERGICL21,ATP8B3,PCDHB16,,,CD31,,GSTM2,TNFAIP9,CTSB,SCD,,,PIK3CG,ITGB58L,IGF2,DNAJA1,,TXNIP,SCSG,NTF4,,CASP4,HTR1F,APOPT1L64,RELC,IL1R2,SMAD2,IRF2BPL64,MAP4K1,,,FOS,SLC9A11,MMP19,CYP11A1,IL17B,GSTD129,XCR1,SLC25A40,CEACAM125,DNASE2L17,BCRP,,TXNRD2,GRIK2,,EPHA1,TYK2,ATP6V0B,SLC25A64,TNFSF5,CCL20,PLA2G2B,,CDH55,ADRA1D,,NFKBIL40,CREB3,SLC22A38,,PTGIR,,,ADAMTSL91,,,IKZF106,,,,RB1,,PPM6R2,TNFAIP8L18,TGFB1,TNFSF10,CDC20,NFKBIP2,XCR16,PKHD1L33,,,SOD1P3,GAD1,CST79,CXCR96,,ACTIN,,,,IL22RA2,CDK5R9
,UMPS,TAU,SERPINB83,SEC62,ERGICL22,ATP8B4,PCDHB17,,,PECAM1,,GSTM3,TNFAIP10,CTSB,ELOVL5,,,AKT1,ITGB59L,IGF2R,DNAJA2,,TRXR1,SCSA,BMP2,,CASP5,HTR2A,APOPT1L65,MAPK14,IL2RA,SMAD3,IRF2BPL65,MAP4K2,,,ATF2,SLC9B1,MMP20,CYP11B1,IL17C,GSTD130,XCR2,SLC25A41,CEACAM126,DNASE2L18,SLC22A1,,TXNRD3,GRIK3,,EPHA2,SYK,ATP6V0C,SLC25A65,TNFSF6,CCL21,PLA2G2C,,CDH56,ADRA2B,,NFKBIL41,CREB5,SLC22A39,,PTGDR,,,ADAMTSL92,,,IKZF107,,,,E2F1,,PPM6R3,TNFAIP8L19,ACTA2,TRAILR1,CDH1,NFKBIP3,XCR17,PKHD1L34,,,SOD1P4,GAD2,CST80,CXCR97,,MYOSIN,,,,IL22RA3,CDK5R10
,UMPS,SNCA,SERPINB84,CSDE1,ERGICL23,ATP9A,PCDHB18,,,VWF,,GSTM4,TNFAIP11,CTSB,ELOVL6,,,AKT2,ITGB60L,PDGFRA,DNAJB1,,TRXR2,FUMH,BMP4,,CASP6,HTR2B,APOPT1L66,MAPK8,IL2RB,SMAD4,IRF2BPL66,MAP4K3,,,CREB1,SLC9B2,MMP21,CYP11B2,IL17D,GSTD131,,SLC25A42,CEACAM127,DNASE2L19,1-Oct,,GR,GRIK4,,EPHA3,ZAP70,ATP6V0D1,SLC25A66,TNFSF7,CCL22,PLA2G2D,,CDH57,ADRB1,,NFKBIL42,CREBBP,SLC22A40,,PTGES,,,ADAMTSL93,,,IKZF108,,,,CCND1,,PPM6R4,TNFAIP8L20,MYH11,TRAILR2,MAD2L1,NFKBIP4,XCR18,PKHD1L35,,,SOD1P5,GRIA1,CST81,CXCR98,,TUBULIN,,,,IL22R5,CDK5R11
,UMPS,UCHL1,SERPINB85,UBE3C,ERGICL24,ATP9B,PCDHGA1,,,SELE,,GSTM5,TNFAIP12,CTSB,FADS1,,,AKT3,ITGB61L,PDGFRB,DNAJB2,,TRXR3,MDH2,BMP7,,CASP7,HTR2C,APOPT1L67,MAPK1,IL2RG,SMAD5,IRF2BPL67,MAP3K7,,,ELK1,SLC9C1,MMP23B,CYP17A1,IL17E,GSTD132,,SLC25A43,CEACAM128,DNASE2L20,SLC22A2,,,GRIN3A,,EPHA4,LCK,ATP6V0D2,SLC25A67,TNFSF8,CCL23,PLA2G2E,,CDH58,ADRB2,,NFKBIL43,EP300,SLC22A41,,PTGES2,,,ADAMTSL94,,,IKZF109,,,,CCNE1,,PPM6R5,TNFAIP8L21,MYL9,DR4,BUB1,NFKBIP5,XCR19,PKHD1L36,,,SOD1P6,GRIN1,CST82,CXCR99,,VIMENTIN,,,,IL22R6,CDK5R12
,UMPS,LRRK2,SERPINB86,REV3L,ERGICL25,ATP10A,PCDHGA10,,,SELP,,GSTZ1,TNFAIP14,CTSB,FADS2,,,MTOR,ITGB62L,FLT1,DNAJB4,,GLRX,MDH1,SMAD1,,CASP12,HTR3A,APOPT1L68,MAPK3,IL4R,SMAD6,IRF2BPL68,MAP3K11,,,SRF,SLC9C2,MMP24,CYP19A1,IL22R,GSTD133,,SLC25A44,CEACAM129,DNASE2L21,2-Oct,,,GRIN3B,,EPHA5,FYN,ATP6V0E1,SLC25A68,TNFSF9,CCL24,PLA2G2F,,CDH59,ADRB3,,NFKBIL44,PCAF,SLC22A42,,PTGES3,,,ADAMTSL95,,,IKZF110,,,,AURKA,,PPM6R6,TNFAIP8L22,ROCK1,DR5,BUB1B,NFKBIP6,XCR20,PKHD1L37,,,SOD1P7,GRIN2A,CST83,CXCR100,,GFAP,,,,IL22R7,CDK5R13
,UMPS,PINK1,SERPINB87,PAX7,ERGICL26,ATP10B,PCDHGA11,,,SELL,,MGST1,TNFAIP16,CTSB,CPT1A,,,RHEB,ITGB63L,FLT4,DNAJB6,,GLRX2,OGDH,SMAD2,,CASP2,HTR3B,APOPT1L69,JNK,IL5R,SMAD7,IRF2BPL69,MAPKAPK2,,,EGR1,SLC9C3,MMP25,CYP21A2,IL22RA1,GSTD134,,SLC25A45,CEACAM130,DNASE2L22,SLC22A6,,,GRIN3C,,EPHA6,HCK,ATP6V0E2,SLC25A69,TNFSF10,CCL25,PLA2G2G,,CDH60,ADRM1,,NFKBIL45,NCOA1,SLC22A43,,PTGIS,,,ADAMTSL96,,,IKZF111,,,,AURKB,,PPM6R7,TNFAIP8L23,ROCK2,CD40,BUB3,NFKBIP7,XCR21,PKHD1L38,,,SOD1P8,GRIN2B,CST84,,,NFKBIA,,,,IL22R8,CDK5R14
,UMPS,PRKN,SERPINB88,MASP2,ERGICL27,ATP11A,PCDHGA12,,,ICAM1,,MGST2,TNFAIP18,CTSB,CPT1B,,,TSC1,ITGB64L,KDR,DNAJC1,,GLRX3,DLST,SMAD3,,CASP11,HTR3C,APOPT1L70,ERK,IL6R,SMAD9,IRF2BPL70,MAPKAPK3,,,NFATC1,SLC9D1,MMP26,CYP24A1,IL22RA2,GSTD135,,SLC25A46,CEACAM131,DNASE2L23,OAT1,,,GRM1,,EPHA7,LYN,ATP6V1A,SLC25A70,TNFSF11,CCL26,PLA2G2H,,CDH61,ADRM2,,NFKBIL46,NCOA2,SLC22A44,,,,,ADAMTSL97,,,IKZF112,,,,PLK1,,PPM6R8,TNFAIP8L24,PAK1,CD40L,CCNB1,NFKBIP8,XCR22,PKHD1L39,,,SOD1P9,GRM1,CST85,,,,,,,IL22R9,CDK5R15
,UMPS,PARK2,SERPINB89,IYD,ERGICL28,ATP11B,PCDHGC3,,,ICAM2,,MGST3,TNFAIP20,CTSB,CPT2,,,TSC2,ITGB65L,KIT,DNAJC2,,GLRX5,DLD,SMAD4,,CASP13,HTR3D,APOPT1L71,P38,IL6ST,SMAD1,IRF2BPL71,MAPKAPK5,,,NFATC2,SLC9D2,MMP27,CYP26A1,IL22BP,GSTD136,,SLC25A47,CEACAM132,DNASE2L24,SLC22A7,,,GRM2,,EPHA8,YES1,ATP6V1B1,SLC25A71,TNFSF12,CCL27,PLA2G2I,,CDH62,ADRM3,,NFKBIL47,NCOA3,SLC22A45,,,,,ADAMTSL98,,,IKZF113,,,,PLK2,,PPM6R9,TNFAIP8L25,PAK2,BAFF,CyclinB1,NFKBIP9,XCR23,PKHD1L40,,,SOD1P10,GRM5,CST86,,,,,,,IL22R10,CDK5R16
,UMPS,DJ1,SERPINB90,FAM76A,ERGICL29,ATP11C,DSCAM,,,ICAM3,,ALDH1A1,TNFAIP21,CTSB,ACAA1,,,PTEN,ITGB66L,CSF1R,DNAJC3,,GLRX6,PDHA1,SMAD5,,PYCARD,HTR3E,APOPT1L72,FOXO3,IL7R,BMP2,IRF2BPL72,P38MAPK,,,NFATC3,SLC9D3,MMP28,CYP26B1,IL24,GSTD137,,SLC25A48,CEACAM133,DNASE2L25,OAT2,,,GRM3,,EPHA10,SRC,ATP6V1B2,SLC25A72,TNFSF13,CCL28,PLA2G2J,,CDH63,ADRM4,,NFKBIL48,NCOA4,SLC22A46,,,,,ADAMTSL99,,,IKZF114,,,,BRCA1,,PPM6S,TNFAIP8L26,PAK4,APRIL,CDC2,NFKBIPA,XCR24,PKHD1L41,,,SOD1P11,SLC6A4,CST87,,,,,,,IL22R11,CDK5R17
,UMPS,PARK7,SERPINB91,TRAF3IP3,ERGICL30,ATP12A,DSCAML1,,,ICAM4,,ALDH1A2,TNFAIP25,CTSB,ACAA2,,,FOXO1,ITGB67L,MERTK,DNAJC5,,SRXN1,PDHB,SMAD6,,NLRP3,HTR4,APOPT1L73,FOXO1,IL9R,BMP4,IRF2BPL73,JNK,,,NFATC4,SLC9E1,ADAM10,CYP27A1,IL26,GSTD138,,SLC25A49,CEACAM134,DNASE2L26,SLC47A1,,,GRM4,,EPHB1,FGR,ATP6V1C1,SLC25A73,,CCRL2,PLA2G2K,,CDH64,ADRM5,,NFKBIL49,NCOA5,SLC22A47,,,,,ADAMTSL100,,,IKZF115,,,,BRCA2,,PPM6T,TNFAIP8L27,PAK6,TACI,CDK1,NFKBIPB,XCR25,PKHD1L42,,,SOD1P12,SLC18A2,CST88,,,,,,,IL22R12,CDK5R18
,UMPS,ATP1A3,SERPINB92,POMT2,ERGICL31,ATP12B,NLGN1,,,VCAM1,,ALDH1A3,TNFAIP26,CTSB,ACAA3,,,FOXO3,ITGB68L,AXL,DNAJC6,,,PDHX,SMAD7,,AIM2,HTR5A,APOPT1L74,FOXP3,IL10RA,BMP7,IRF2BPL74,ERK,,,NFAT5,SLC9E2,ADAM17,CYP27B1,IL27,GSTD139,,SLC25A50,CEACAM135,DNASE2L27,MATE1,,,GRM5,,EPHB2,PTK2,ATP6V1C2,SLC25A74,,CCR1,PLA2G2L,,CDH65,ADRM6,,NFKBIL50,NCOA6,SLC22A48,,,,,ADAMTSL101,,,IKZF116,,,,ATM,,PPM6F,TNFAIP8L28,,BCMA,PLK1,NFKBIPC,XCR26,PKHD1L43,,,SOD1P13,SLC6A3,CST89,,,,,,,IL22R13,CDK5R19
,UMPS,ATP1A2,SERPINB93,VTA1,ERGICL32,ATP13A1,NLGN2,,,CD44,,ALDH1B1,TNFAIP27,CTSB,ACAA4,,,FOXO4,ITGB69L,TYRO3,DNAJC7,,,PKM,SMAD9,,NLRC4,HTR5B,APOPT1L75,,IL10RB,BMPR1A,IRF2BPL75,MAPKAP Kinase,,,NFKBIA,SLC9F1,ADAM8,CYP27C1,IL27RA,GSTD140,,SLC25A51,CEACAM136,DNASE2L28,SLC47A2,,,GRM6,,EPHB3,FAK,ATP6V1D,SLC25A75,,CCR10,PLA2G2M,,CDH66,ADRM7,,NFKBIL51,NCOA7,SLC22A49,,,,,ADAMTSL102,,,IKZF117,,,,ATR,,PPM7A,TNFAIP8L29,,CD27,AURKA,NFKBIPD,XCR27,PKHD1L44,,,SOD1P14,SLC17A5,CST90,,,,,,,IL22R14,CDK5R20
,UMPS,ATP1A1,SERPINB94,MLXIPL,ERGICL33,ATP13A2,NLGN3,,,CDH5,,ALDH2,TNFAIP28,CTSB,ACAA1,,,GSK3B,ITGB70L,NTRK1,DNAJC8,,,,WNT1,,IL1A,HTR6,APOPT1L76,,IL11R,BMPR1B,IRF2BPL76,PIK3R1,,,NFKBIB,SLC9F2,ADAM9,CYP39A1,IL28A,GSTD141,,SLC25A52,CEACAM137,DNASE2L29,MATE2,,,GRM7,,EPHB4,PYK2,ATP6V1E1,SLC25A76,,CCR2,PLA2G2N,,CDH67,ADRM8,,NFKBIL52,NCOA8,SLC22A50,,,,,ADAMTSL103,,,IKZF118,,,,CHEK1,,PPM7B,TNFAIP8L30,,CD70,AURKB,NFKBIPE,XCR28,PKHD1L45,,,SOD1P15,SLC1A2,CST91,,,,,,,IL22R15,
,UMPS,SCN1A,SERPINB95,BAZ1B,ERGICL34,ATP13A3,NLGN4X,,,CLDN5,,ALDH3A1,TNFAIP30,CTSB,ACAA2,,,CTNNB1,ITGB71L,NTRK2,DNAJC9,,,,WNT2,,IL1R1,HTR7,APOPT1L77,,IL12RB1,BMPR2,IRF2BPL77,PIK3R2,,,NFKBIE,SLC9G1,ADAMTS1,CYP46A1,IL28B,GSTD142,,SLC25A53,CEACAM138,DNASE2L30,,,,GRM8,,EPHB6,FRK,ATP6V1E2,SLC25A77,,CCR3,PLA2G2O,,CDH68,ADRM9,,NFKBIL53,NCOR1,SLC22A51,,,,,ADAMTSL104,,,IKZF119,,,,CHEK2,,PPM7C,,,CD30,CENPE,NFKBIPF,XCR29,PKHD1L46,,,SOD1P16,SLC1A3,CST92,,,,,,,IL22R16,
,UMPS,SCN2A,SERPINB96,RANBP9,ERGICL35,ATP13A4,NLGN4Y,,,OCLN,,ALDH3A2,TNFAIP32,CTSB,ACAA3,,,WNT3A,ITGB72L,NTRK3,DNAJC10,,,,WNT3A,,IL1R2,DRD1,APOPT1L78,,IL12RB2,ACVR1,IRF2BPL78,PIK3R3,,,NFKBID,SLC9G2,ADAMTS2,CYP51A1,IL29,GSTD143,,SLC25A54,CEACAM139,DNASE2L31,,,,HTR1A,,,CSK,ATP6V1F,SLC25A78,,CCR4,PLA2G2P,,CDH69,ADRMT1,,NFKBIL54,NCOR2,SLC22A52,,,,,ADAMTSL105,,,IKZF120,,,,RAD51,,PPM7D,,,CD30L,KIF11,,XCR30,PKHD1L47,,,SOD1P17,SLC7A5,CST93,,,,,,,IL22R17,
,UMPS,SCN3A,SERPINB97,ETV7,ERGICL36,ATP14,NRXN1,,,JAM2,,ALDH3B1,TNFAIP36,CTSB,ACAA4,,,WNT5A,ITGB73L,RET,DNAJC11,,,,WNT3,,IL18,DRD2,APOPT1L79,,IL13RA1,ACVR1B,IRF2BPL79,PIK3AP1,,,NFKBIL1,SLC9G3,ADAMTS3,CYP7A1,IL2RA,GSTD144,,SLC25A55,CEACAM140,DNASE2L32,,,,HTR1B,,,ABL1,ATP6V1G1,SLC25A79,,CCR6,PLA2G2Q,,CDH70,ADSS,,NFKBIL55,SIRT1,SLC22A53,,,,,ADAMTSL106,,,IKZF121,,,,XRCC1,,PPM7E,,,CD154,KIF20A,,XCR31,PKHD1L48,,,SOD1P18,SLC7A11,CST94,,,,,,,IL22R18,
,UMPS,SCN8A,SERPINB98,SPRTN,ERGICL37,ATP1B1,NRXN2,,,JAM3,,ALDH4A1,TNFAIP38,CTSB,HMGCS1,,,FZD1,ITGB74L,MET,DNAJC12,,,,WNT4,,IL18R1,DRD3,APOPT1L80,,IL13RA2,ACVR2A,IRF2BPL80,PIK3C2A,,,NFKBIL2,SLC9G4,ADAMTS4,CYP7B1,IL2RB,GSTD145,,SLC25A56,CEACAM141,DNASE2L33,,,,HTR1D,,,ABL2,ATP6V1G2,SLC25A80,,CCR8,PLA2G2R,,CDH71,ADSSL1,,NFKBIL56,SIRT2,SLC22A54,,,,,ADAMTSL107,,,IKZF122,,,,PARP1,,PPM7F,,,CD4,KIF23,,XCR32,PKHD1L49,,,SOD1P19,SLC6A1,CST95,,,,,,,IL22R19,
,UMPS,SCN9A,SERPINB99,EEF1AKNMT,ERGICL38,ATP1B2,NRXN3,,,CXCL8,,ALDH5A1,,CTSB,HMGCS2,,,FZD2,ITGB75L,ROS1,DNAJC13,,,,WNT5A,,IL18RAP,DRD4,APOPT1L81,,IL15RA,ACVR2B,IRF2BPL81,PIK3C2B,,,,SLC9G5,ADAMTS5,CYP8B1,IL2RG,GSTD146,,SLC25A57,CEACAM142,DNASE2L34,,,,HTR1E,,,BCR,ATP6V1H,SLC25A81,,CCR9,PLA2G2S,,CDH72,ADSSL2,,NFKBIL57,SIRT3,SLC22A55,,,,,ADAMTSL108,,,IKZF123,,,,PARP2,,PPM7G,,,CD8A,KIF2C,,XCR33,PKHD1L50,,,SOD1P20,SLC6A2,CST96,,,,,,,IL22R20,
,UMPS,CACNA1A,SERPINB100,DYRK4,ERGICL39,ATP1B3,,,,CXCL9,,ALDH6A1,,CTSB,HMGCR,,,FZD3,ITGB76L,ALK,DNAJC14,,,,WNT5B,,IL33,DRD5,APOPT1L82,,IL17R,TGFBR1,IRF2BPL82,PIK3C2G,,,,SLC9G6,ADAMTS6,CYP4F2,IL4R,GSTD147,,SLC25A58,CEACAM143,DNASE2L35,,,,HTR1F,,,CRKL,,SLC25A82,,XCR1,PLA2G2T,,CDH73,AEN,,NFKBIL58,SIRT4,SLC22A56,,,,,ADAMTSL109,,,IKZF124,,,,MGMT,,PPM7H,,,CD8B,KIF4A,,XCR34,PKHD1L51,,,SOD1P21,SLC6A8,CST97,,,,,,,IL22R21,
,UMPS,CACNA1B,,ZNF207,ERGICL40,ATP1B4,,,,CXCL10,,ALDH7A1,,CTSB,MVK,,,FZD4,ITGB77L,NTRK1,DNAJC15,,,,WNT6,,IL33R,SLC6A4,APOPT1L83,,IL17RA,TGFBR2,IRF2BPL83,PIK3CD,,,,SLC9G7,ADAMTS7,CYP4F3,IL7R,GSTD148,,SLC25A59,CEACAM144,DNASE2L36,,,,HTR2A,,,,,SLC25A83,,XCR2,PLA2G2U,,CDH74,AEP,,NFKBIL59,SIRT5,SLC22A57,,,,,ADAMTSL110,,,IKZF125,,,,ERCC1,,PPM7J,,,CD19,KIF15,,XCR35,PKHD1L52,,,SOD1P22,SLC12A2,CST98,,,,,,,IL22R22,
,UMPS,CACNA1C,,UQCRC1,ERGICL41,ATP1G1,,,,CXCL11,,ALDH8A1,,CTSB,MVD,,,FZD5,ITGB78L,NTRK2,DNAJC16,,,,WNT7A,,ST2,SLC6A2,APOPT1L84,,IL17RC,TGFBR3,IRF2BPL84,PIK3CG,,,,SLC9G8,ADAMTS9,CYP4F8,IL9R,GSTD149,,SLC25A60,CEACAM145,DNASE2L37,,,,HTR2B,,,,,SLC25A84,,,PLA2G2V,,CDH75,AES,,NFKBIL60,SIRT6,SLC22A58,,,,,ADAMTSL111,,,IKZF126,,,,XPA,,PPM7K,,,CD20,KIF22,,XCR36,PKHD1L53,,,SOD1P23,SLC12A5,CST99,,,,,,,IL22R23,
,UMPS,CACNA1D,,STARD3NL,ERGICL42,ATP1G2,,,,CXCL12,,ALDH9A1,,CTSB,IDI1,,,FZD6,ITGB79L,NTRK3,DNAJC17,,,,WNT7B,,CXCL8,SLC6A3,APOPT1L85,,IL20R1,,IRF2BPL85,PIK3CA,,,,SLC9G9,ADAMTS10,CYP4F11,IL13RA1,GSTD150,,SLC25A61,CEACAM146,DNASE2L38,,,,HTR2C,,,,,SLC25A85,,,PLA2G2W,,CDH76,AFAP1,,NFKBIL61,SIRT7,SLC22A59,,,,,ADAMTSL112,,,IKZF127,,,,XPC,,PPM7L,,,CD22,KIF2B,,XCR37,PKHD1L54,,,SOD1P24,SLC12A6,CST100,,,,,,,IL22R24,
,UMPS,,,CD9,ERGICL43,ATP1G3,,,,CXCL13,,ALDH18A1,,CTSB,IDI2,,,FZD7,ITGB80L,RET,DNAJC18,,,,WNT8A,,CXCR1,SLC6A1,APOPT1L86,,IL20R2,,IRF2BPL86,PIK3CB,,,,SLC9GA,ADAMTS12,CYP4V2,IL13RA2,GSTD151,,SLC25A62,CEACAM147,DNASE2L39,,,,HTR3A,,,,,SLC25A86,,,PLA2G2X,,CDH77,AFAP1L1,,NFKBIL62,FOXO1,SLC22A60,,,,,ADAMTSL113,,,IKZF128,,,,XPD,,PPM7M,,,CD79A,KIFC1,,XCR38,PKHD1L55,,,SOD1P25,SLC17A7,,,,,,,,IL22R25,
,UMPS,,,HHATL,ERGICL44,ATP1G4,,,,CXCR1,,ALDH1L1,,CTSB,FDPS,,,FZD8,ITGB81L,MET,DNAJC19,,,,WNT8B,,CXCR2,SLC18A1,APOPT1L87,,IL21R,,IRF2BPL87,PIK3R5,,,,SLC9GB,ADAMTS14,CYP4X1,IL21R,GSTD152,,SLC25A63,CEACAM148,DNASE2L40,,,,HTR3B,,,,,SLC25A87,,,PLA2G2Y,,CDH78,AFAP1L2,,NFKBIL63,FOXO3,SLC22A61,,,,,ADAMTSL114,,,IKZF129,,,,XPF,,PPM7N,,,CD79B,KIFC3,,XCR39,PKHD1L56,,,SOD1P26,SLC17A8,,,,,,,,IL22R26,
,UMPS,,,NCAPD2,ERGICL45,ATP2A1,,,,CXCR2,,ALDH1L2,,CTSB,GGPPS1,,,FZD9,ITGB82L,ROS1,DNAJC20,,,,WNT9A,,CXCL1,SLC18A2,APOPT1L88,,IL22R,,IRF2BPL88,PDK1,,,,SLC9GC,ADAMTS15,CYP4Z1,IL17RA,GSTD153,,SLC25A64,CEACAM149,DNASE2L41,,,,HTR3C,,,,,SLC25A88,,,PLA2G2Z,,CDH79,AFF1,,NFKBIL64,FOXO4,SLC22A62,,,,,ADAMTSL115,,,IKZF130,,,,PCNA,,PPM7R1,,,MS4A1,KIF1B,,XCR40,PKHD1L57,,,SOD1P27,SLC17A6,,,,,,,,IL22R27,
,UMPS,,,IFFO1,ERGICL46,ATP2A2,,,,CXCR3,,ADH1A,,CTSB,SQLE,,,FZD10,ITGB83L,ALK,DNAJC21,,,,WNT9B,,CXCL2,SLC18A3,APOPT1L89,,IL22RA1,,IRF2BPL89,PDPK1,,,,SLC9GD,ADAMTS16,CYP4F12,IL17RC,GSTD154,,SLC25A65,CEACAM150,DNASE2L42,,,,HTR3D,,,,,SLC25A89,,,PLA2G2,,CDH80,AFF2,,NFKBIL65,FOXO6,SLC22A63,,,,,ADAMTSL116,,,IKZF131,,,,RFC1,,PPM7R2,,,PTPRC,KIF1A,,XCR41,PKHD1L58,,,SOD1P28,SLC38A1,,,,,,,,IL22R28,
,UMPS,,,GIPR,ERGICL47,ATP2A3,,,,CXCR4,,ADH1B,,CTSB,LSS,,,FZD11,ITGB84L,NTRK1,DNAJC22,,,,WNT10A,,CXCL3,SLC18B1,APOPT1L90,,IL23R,,IRF2BPL90,AKT2,,,,SLC9GE,ADAMTS17,CYP4A11,IL17RD,GSTD155,,SLC25A66,CEACAM151,DNASE2L43,,,,HTR3E,,,,,SLC25A90,,,PLA2G3,,CDH81,AFF3,,NFKBIL66,STAT4,SLC22A64,,,,,ADAMTSL117,,,IKZF132,,,,RFC2,,PPM7R3,,,CD3D,KIF1C,,XCR42,PKHD1L59,,,SOD1P29,SLC38A2,,,,,,,,IL22R29,
,UMPS,,,PHF7,ERGICL48,ATP2B1,,,,CXCR5,,ADH1C,,CTSB,DHCR7,,,SMAD2,ITGB85L,NTRK2,DNAJC23,,,,WNT10B,,CXCL5,SLC18B2,APOPT1L91,,IL24,,IRF2BPL91,AKT3,,,,SLC9GF,ADAMTS18,CYP4F22,IL17RE,GSTD156,,SLC25A67,CEACAM152,DNASE2L44,,,,HTR4,,,,,SLC25A91,,,PLA2G5,,CDH82,AFF4,,NFKBIL67,STAT5A,SLC22A65,,,,,ADAMTSL118,,,IKZF133,,,,RFC3,,PPM7R4,,,CD3E,KIF13A,,XCR43,PKHD1L60,,,SOD1P30,SLC38A3,,,,,,,,IL22R30,
,UMPS,,,SEMA3G,ERGICL49,ATP2B2,,,,CXCR6,,ADH4,,CTSB,DHCR24,,,SMAD3,ITGB86L,NTRK3,DNAJC24,,,,WNT11,,CXCL6,SLC18B3,APOPT1L92,,IL31RA,,IRF2BPL92,PTEN,,,,SLC9GG,ADAMTS19,CYP4F3,IL17F,GSTD157,,SLC25A68,CEACAM153,DNASE2L45,,,,HTR5A,,,,,SLC25A92,,,PLA2G6,,CDH83,AFG1L,,NFKBIL68,STAT5B,SLC22A66,,,,,ADAMTSL119,,,IKZF134,,,,POLA1,,PPM7R5,,,CD3G,KIF13B,,XCR44,PKHD1L61,,,SOD1P31,,,,,,,,,IL22R31,
,UMPS,,,NISCH,ERGICL50,ATP2B3,,,,CCR1,,ADH5,,CTSB,CYP51A1,,,SMAD4,ITGB87L,RET,DNAJC25,,,,FZD1,,CXCL11,SLC18C1,APOPT1L93,,IL33,,IRF2BPL93,INPP5D,,,,SLC9GH,ADAMTS20,CYP4F4,IL17B,GSTD158,,SLC25A69,CEACAM154,DNASE2L46,,,,HTR5B,,,,,SLC25A93,,,PLA2G7,,CDH84,AFMID,,NFKBIL69,STAT6,SLC22A67,,,,,ADAMTSL120,,,IKZF135,,,,POLD1,,PPM7R6,,,CD28,KIF14,,XCR45,PKHD1L62,,,SOD1P32,,,,,,,,,IL22R32,
,UMPS,,,STAB1,ERGICL51,ATP2B4,,,,CCR2,,ADH6,,CTSB,,,,SMAD5,ITGB88L,MET,DNAJC26,,,,FZD2,,CXCL12,SLC18C2,APOPT1L94,,IL1RL1,,IRF2BPL94,MTORC1,,,,SLC9GI,ADAMTSL1,CYP4F5,IL17C,GSTD159,,SLC25A70,CEACAM155,DNASE2L47,,,,HTR6,,,,,SLC25A94,,,PLA2G10,,CDH85,AFM,,NFKBIL70,SOCS1,SLC22A68,,,,,ADAMTSL121,,,IKZF136,,,,POLE,,PPM7R7,,,CTLA4,KIF16B,,XCR46,PKHD1L63,,,SOD1P33,,,,,,,,,IL22R33,
,UMPS,,,FUZ,ERGICL52,ATP2C1,,,,CCR3,,ADH7,,CTSB,,,,SMAD6,ITGB89L,ROS1,DNAJC27,,,,FZD3,,CXCL13,SLC18C3,APOPT1L95,,IL1RAP,,IRF2BPL95,RPTOR,,,,SLC9GJ,ADAMTSL5,CYP4F6,IL17D,GSTD160,,SLC25A71,CEACAM156,DNASE2L48,,,,HTR7,,,,,SLC25A95,,,PLA2G12A,,CDH86,AFP,,NFKBIL71,SOCS2,SLC22A69,,,,,ADAMTSL122,,,IKZF137,,,,FEN1,,PPM7R8,,,PDCD1,KIF17,,XCR47,PKHD1L64,,,SOD1P34,,,,,,,,,IL22R34,
,UMPS,,,SLC6A13,ERGICL53,ATP2C2,,,,CCR4,,,,CTSB,,,,SMAD7,ITGB90L,ALK,DNAJC28,,,,FZD4,,CXCL14,SLC18D1,APOPT1L96,,IL18R1,,IRF2BPL96,MLST8,,,,SLC9GK,ADAMTSL6,CYP4F12,IL17E,GSTD161,,SLC25A72,CEACAM157,DNASE2L49,,,,DRD1,,,,,SLC25A96,,,PLA2G12B,,CDH87,AGA,,NFKBIL72,SOCS3,SLC22A70,,,,,ADAMTSL123,,,IKZF138,,,,UNG,,PPM7R9,,,PD-1,KIF18A,,XCR48,PKHD1L65,,,SOD1P35,,,,,,,,,IL22R35,
,UMPS,,,PRSS3,ERGICL54,ATP2C3,,,,CCR5,,,,CTSB,,,,SMAD9,ITGB91L,NTRK1,DNAJC29,,,,FZD5,,CXCL16,SLC18D2,APOPT1L97,,IL18RAP,,IRF2BPL97,DEPTOR,,,,SLC9GL,,CYP4F22,IL22R,GSTD162,,SLC25A73,CEACAM158,DNASE2L50,,,,DRD2,,,,,SLC25A97,,,PLA2G12,,CDH88,AGAP1,,NFKBIL73,SOCS4,SLC22A71,,,,,ADAMTSL124,,,IKZF139,,,,OGG1,,PPM7S,,,PDCD1LG1,KIF18B,,XCR49,PKHD1L66,,,SOD1P36,,,,,,,,,IL22R36,
,UMPS,,,ZNF200,ERGICL55,ATP2C4,,,,CCR6,,,,CTSB,,,,BMP2,ITGB92L,NTRK2,DNAJC30,,,,FZD6,,CXCL17,SLC18D3,APOPT1L98,,IL1RAPL1,,IRF2BPL98,PRAS40,,,,SLC9GM,,,IL22RA1,GSTD163,,SLC25A74,CEACAM159,DNASE2L51,,,,DRD3,,,,,SLC25A98,,,PLA2G15,,CDH89,AGAP2,,NFKBIL74,SOCS5,SLC22A72,,,,,ADAMTSL125,,,IKZF140,,,,MYH,,PPM7T,,,PD-L1,KIF19,,XCR50,PKHD1L67,,,SOD1P37,,,,,,,,,IL22R37,
,UMPS,,,CD4,ERGICL56,ATP2D1,,,,CCR7,,,,CTSB,,,,BMP4,ITGB93L,NTRK3,DNAJC31,,,,FZD7,,CXCL5,SLC18E1,APOPT1L99,,IL1RAPL2,,IRF2BPL99,MTORC2,,,,SLC9GN,,,IL22RA2,GSTD164,,SLC25A75,CEACAM160,DNASE2L52,,,,DRD4,,,,,SLC25A99,,,PLA2G16,,CDH90,AGAP3,,NFKBIL75,SOCS6,SLC22A73,,,,,ADAMTSL126,,,IKZF141,,,,MUTYH,,PPM7F,,,PDCD1LG2,KIF20B,,XCR51,PKHD1L68,,,SOD1P38,,,,,,,,,IL22R38,
,UMPS,,,LRRC23,ERGICL57,ATP2E1,,,,CCR8,,,,CTSB,,,,BMP7,ITGB94L,RET,DNAJC32,,,,FZD8,,CXCL6,SLC18E2,APOPT1L100,,,,IRF2BPL100,RICTOR,,,,SLC9GO,,,IL22BP,GSTD165,,SLC25A76,CEACAM161,DNASE2L53,,,,DRD5,,,,,SLC25A100,,,PLA2G17,,CDH91,AGAP4,,NFKBIL76,SOCS7,SLC22A74,,,,,ADAMTSL127,,,IKZF142,,,,MSH2,,PPM8A,,,PD-L2,KIF21A,,XCR52,PKHD1L69,,,SOD1P39,,,,,,,,,IL22R39,
,UMPS,,,HFE,ERGICL58,ATP2F1,,,,CCR9,,,,CTSB,,,,ACVR1,ITGB95L,MET,DNAJC33,,,,FZD9,,CXCL11,SLC18E3,,,,,,MAPKAP1,,,,SLC9GP,,,IL24,GSTD166,,SLC25A77,CEACAM162,DNASE2L54,,,,HTR1P,,,,,,,,PLA2G18,,CDH92,AGAP5,,NFKBIL77,SOCS8,SLC22A75,,,,,ADAMTSL128,,,IKZF143,,,,MSH6,,PPM8B,,,CD80,KIF21B,,XCR53,PKHD1L70,,,SOD1P40,,,,,,,,,IL22R40,
,UMPS,,,SCMH1,ERGICL59,ATP3A1,,,,CCR10,,,,CTSB,,,,ACVR2A,ITGB96L,ROS1,DNAJC34,,,,FZD10,,CXCL12,SLC18F1,,,,,,SIN1,,,,SLC9GQ,,,IL26,GSTD167,,SLC25A78,CEACAM163,DNASE2L55,,,,HTR2P,,,,,,,,PLA2G19,,CDH93,AGAP6,,NFKBIL78,PIAS1,SLC22A76,,,,,ADAMTSL129,,,IKZF144,,,,MLH1,,PPM8C,,,CD86,KIF22,,XCR54,PKHD1L71,,,SOD1P41,,,,,,,,,IL22R41,
,UMPS,,,FYN,ERGICL60,ATP4A,,,,,,,,CTSB,,,,ACVR2B,ITGB97L,ALK,DNAJC35,,,,LRP5,,CXCL13,SLC18F2,,,,,,PROTOR1,,,,SLC9GR,,,IL27,GSTD168,,SLC25A79,CEACAM164,DNASE2L56,,,,,,,,,,,,PLA2G2A,,CDH94,AGAP7,,NFKBIL79,PIAS2,SLC22A77,,,,,ADAMTSL130,,,IKZF145,,,,PMS2,,PPM8D,,,ICOS,KIF23,,XCR55,PKHD1L72,,,SOD1P42,,,,,,,,,IL22R42,
,UMPS,,,HIVEP2,ERGICL61,ATP4B,,,,,,,,CTSB,,,,TGFBR1,ITGB98L,NTRK1,DNAJC36,,,,LRP6,,CXCL14,SLC18F3,,,,,,RHEB,,,,SLC9GS,,,IL27RA,GSTD169,,SLC25A80,CEACAM165,DNASE2L57,,,,,,,,,,,,PLA2G2B,,CDH95,AGAP8,,NFKBIL80,PIAS3,SLC22A78,,,,,ADAMTSL131,,,IKZF146,,,,LIG1,,PPM8E,,,ICOSL,KIF24,,XCR56,PKHD1L73,,,SOD1P43,,,,,,,,,IL22R43,
,UMPS,,,FMO1,ERGICL62,ATP4C,,,,,,,,CTSB,,,,TGFBR2,ITGB99L,NTRK2,DNAJC37,,,,CTNNB1,,CXCL16,SLC18G1,,,,,,TSC1,,,,SLC9GT,,,IL28A,GSTD170,,SLC25A81,CEACAM166,DNASE2L58,,,,,,,,,,,,PLA2G2C,,CDH96,AGAP9,,NFKBIL81,PIAS4,SLC22A79,,,,,ADAMTSL132,,,IKZF147,,,,LIG3,,PPM8F,,,BTLA,KIF25,,XCR57,PKHD1L74,,,SOD1P44,,,,,,,,,IL22R44,
,UMPS,,,ELOA,ERGICL63,ATP5A1,,,,,,,,CTSB,,,,ALK1,ITGB100L,NTRK3,DNAJC38,,,,AXIN1,,CXCL17,SLC18G2,,,,,,TSC2,,,,SLC9GU,,,IL28B,GSTD171,,SLC25A82,CEACAM167,DNASE2L59,,,,,,,,,,,,PLA2G2D,,CDH97,AGBL1,,NFKBIL82,SUPT5H,SLC22A80,,,,,ADAMTSL133,,,IKZF148,,,,LIG4,,PPM8G,,,BTNL2,KIF26A,,XCR58,PKHD1L75,,,SOD1P45,,,,,,,,,IL22R45,
,UMPS,,,LYPLA2,ERGICL64,ATP5B,,,,,,,,CTSB,,,,ALK2,ITGB101L,RET,DNAJC39,,,,AXIN2,,CCL1,SLC18G3,,,,,,AMPK,,,,SLC9GV,,,IL29,GSTD172,,SLC25A83,CEACAM168,DNASE2L60,,,,,,,,,,,,PLA2G2E,,CDH98,AGBL2,,NFKBIL83,SUPT4H1,SLC22A81,,,,,ADAMTSL134,,,IKZF149,,,,LIG5,,PPM8H,,,HAVCR2,KIF26B,,XCR59,PKHD1L76,,,SOD1P46,,,,,,,,,IL22R46,
,UMPS,,,CLCN6,ERGICL65,ATP5C1,,,,,,,,CTSB,,,,ALK4,ITGB102L,MET,DNAJC40,,,,APC,,CCL3,SLC18H1,,,,,,ULK1,,,,SLC9GW,,,IL29R,GSTD173,,SLC25A84,CEACAM169,DNASE2L61,,,,,,,,,,,,PLA2G2F,,CDH99,AGBL3,,NFKBIL84,SUPT6H,SLC22A82,,,,,ADAMTSL135,,,IKZF150,,,,DNA2,,PPM8J,,,TIM-3,KIF27,,XCR60,PKHD1L77,,,SOD1P47,,,,,,,,,IL22R47,
,UMPS,,,MRC2,ERGICL66,ATP5D,,,,,,,,CTSB,,,,ALK5,ITGB103L,ROS1,DNAJC41,,,,GSK3B,,CCL4,SLC18H2,,,,,,ATG13,,,,SLC9GX,,,IL31,GSTD174,,SLC25A85,CEACAM170,DNASE2L62,,,,,,,,,,,,PLA2G2G,,CDH100,AGBL4,,NFKBIL85,SUPT7L,SLC22A83,,,,,ADAMTSL136,,,IKZF151,,,,EXO1,,PPM8K,,,LAG3,KIF2C,,XCR61,PKHD1L78,,,SOD1P48,,,,,,,,,IL22R48,
,UMPS,,,NME1-NME2,ERGICL67,ATP5E,,,,,,,,CTSB,,,,ALK6,ITGB104L,ALK,DNAJC42,,,,CSNK1A1,,CCL7,SLC18H3,,,,,,FGF1,,,,SLC9GY,,,IL31RA,GSTD175,,SLC25A86,CEACAM171,DNASE2L63,,,,,,,,,,,,PLA2G2H,,,AGBL5,,NFKBIL86,SUPT16H,SLC22A84,,,,,ADAMTSL137,,,IKZF152,,,,EXO5,,PPM8L,,,TIGIT,KIF4A,,XCR62,PKHD1L79,,,SOD1P49,,,,,,,,,IL22R49,
,UMPS,,,SLC6A7,ERGICL68,ATP5F1,,,,,,,,CTSB,,,,ALK7,ITGB105L,NTRK1,DNAJC43,,,,DVL1,,CCL8,SLC18I1,,,,,,FGFR1,,,,SLC9GZ,,,IL33,GSTD176,,SLC25A87,CEACAM172,DNASE2L64,,,,,,,,,,,,PLA2G2I,,,AGBL6,,NFKBIL87,SUPT20H,SLC22A85,,,,,ADAMTSL138,,,IKZF153,,,,EXO10,,PPM8M,,,CEACAM1,KIF5A,,XCR63,PKHD1L80,,,SOD1P50,,,,,,,,,IL22R50,
,UMPS,,,TSPAN9,ERGICL69,,,,,,,,,CTSB,,,,,ITGB106L,NTRK2,DNAJC44,,,,DVL2,,CCL11,SLC18I2,,,,,,FGFR2,,,,,,,IL1RL1,GSTD177,,SLC25A88,CEACAM173,DNASE2L65,,,,,,,,,,,,PLA2G2J,,,AGBL7,,NFKBIL88,SUPT3H,SLC22A86,,,,,ADAMTSL139,,,IKZF154,,,,TOPO1,,PPM8N,,,SIGLEC7,KIF5B,,XCR64,PKHD1L81,,,SOD1P51,,,,,,,,,,
,UMPS,,,BTBD7,ERGICL70,,,,,,,,,CTSB,,,,,ITGB107L,NTRK3,DNAJC45,,,,DVL3,,CCL13,SLC18I3,,,,,,FGFR3,,,,,,,IL1RL2,GSTD178,,SLC25A89,CEACAM174,DNASE2L66,,,,,,,,,,,,PLA2G2K,,,AGBL8,,NFKBIL89,SUPT3YH,SLC22A87,,,,,ADAMTSL140,,,IKZF155,,,,TOPO2A,,PPM8R1,,,SIGLEC9,KIF5C,,XCR65,PKHD1L82,,,SOD1P52,,,,,,,,,,
,UMPS,,,APBA3,ERGICL71,,,,,,,,,CTSB,,,,,ITGB108L,RET,DNAJC46,,,,,,CCL17,SLC18J1,,,,,,FGFR4,,,,,,,IL1RAP,GSTD179,,SLC25A90,CEACAM175,DNASE2L67,,,,,,,,,,,,PLA2G2L,,,AGBL9,,NFKBIL90,SUPT5HL,SLC22A88,,,,,ADAMTSL141,,,IKZF156,,,,TOPO2B,,PPM8R2,,,LAIR1,KIF9,,XCR66,PKHD1L83,,,SOD1P53,,,,,,,,,,
,UMPS,,,MKS1,ERGICL72,,,,,,,,,CTSB,,,,,ITGB109L,MET,DNAJC47,,,,,,CCL18,SLC18J2,,,,,,PDGFRA,,,,,,,IL34,GSTD180,,SLC25A91,CEACAM176,DNASE2L68,,,,,,,,,,,,PLA2G2M,,,AGFG1,,NFKBIL91,SUPT6HL,SLC22A89,,,,,ADAMTSL142,,,IKZF157,,,,TOPO3A,,PPM8R3,,,KIR2DL1,KIF6,,XCR67,PKHD1L84,,,SOD1P54,,,,,,,,,,
,UMPS,,,ABHD5,ERGICL73,,,,,,,,,CTSB,,,,,ITGB110L,ROS1,DNAJC48,,,,,,CCL19,SLC18J3,,,,,,PDGFRB,,,,,,,IL36RN,GSTD181,,SLC25A92,CEACAM177,DNASE2L69,,,,,,,,,,,,PLA2G2N,,,AGFG2,,NFKBIL92,SUPT7HL,SLC22A90,,,,,ADAMTSL143,,,IKZF158,,,,H2AX,,PPM8R4,,,KIR2DL2,KIF7,,XCR68,PKHD1L85,,,SOD1P55,,,,,,,,,,
,UMPS,,,AKAP8L,ERGICL74,,,,,,,,,CTSB,,,,,ITGB111L,ALK,DNAJC49,,,,,,CCL20,SLC18K1,,,,,,IGF1R,,,,,,,IL36R,GSTD182,,SLC25A93,CEACAM178,DNASE2L70,,,,,,,,,,,,PLA2G2O,,,AGFG3,,NFKBIL93,SUPT16HL,SLC22A91,,,,,ADAMTSL144,,,IKZF159,,,,H2AZ,,PPM8R5,,,KIR2DL3,KIFAP3,,XCR69,PKHD1L86,,,SOD1P56,,,,,,,,,,
,UMPS,,,MBTD1,ERGICL75,,,,,,,,,CTSB,,,,,ITGB112L,,DNAJC50,,,,,,CCL21,SLC18K2,,,,,,IGF2R,,,,,,,IL36B,GSTD183,,SLC25A94,CEACAM179,DNASE2L71,,,,,,,,,,,,PLA2G2P,,,AGFG4,,NFKBIL94,SUPT20HL,SLC22A92,,,,,ADAMTSL145,,,IKZF160,,,,H2AFX,,PPM8R6,,,KIR3DL1,KIFBP,,XCR70,PKHD1L87,,,SOD1P57,,,,,,,,,,
,UMPS,,,UTP18,ERGICL76,,,,,,,,,CTSB,,,,,ITGB113L,,DNAJC51,,,,,,CCL22,SLC18K3,,,,,,EGF,,,,,,,IL36G,GSTD184,,SLC25A95,CEACAM180,DNASE2L72,,,,,,,,,,,,PLA2G2Q,,,AGFG5,,NFKBIL95,SUPT3HL,SLC22A93,,,,,ADAMTSL146,,,IKZF161,,,,H2AFV,,PPM8R7,,,KIR3DL2,KIFC2,,XCR71,PKHD1L88,,,SOD1P58,,,,,,,,,,
,UMPS,,,RNF216,ERGICL77,,,,,,,,,CTSB,,,,,ITGB114L,,DNAJC52,,,,,,CCL23,SLC18L1,,,,,,EGFR,,,,,,,IL37,GSTD185,,SLC25A96,CEACAM181,DNASE2L73,,,,,,,,,,,,PLA2G2R,,,AGFG6,,NFKBIL96,SUPT3YHL,SLC22A94,,,,,ADAMTSL147,,,IKZF162,,,,SIRT1,,PPM8R8,,,KIR3DL3,KIFC3,,XCR72,PKHD1L89,,,SOD1P59,,,,,,,,,,
,UMPS,,,TTC19,ERGICL78,,,,,,,,,CTSB,,,,,ITGB115L,,DNAJC53,,,,,,CCL24,SLC18L2,,,,,,ERBB2,,,,,,,IL38,GSTD186,,SLC25A97,CEACAM182,DNASE2L74,,,,,,,,,,,,PLA2G2S,,,AGFG7,,NFKBIL97,,SLC22A95,,,,,ADAMTSL148,,,IKZF163,,,,SIRT2,,PPM8R9,,,NKG2A,KIFL1,,XCR73,PKHD1L90,,,SOD1P60,,,,,,,,,,
,UMPS,,,PTBP1,ERGICL79,,,,,,,,,CTSB,,,,,ITGB116L,,DNAJC54,,,,,,CCL25,SLC18L3,,,,,,ERBB3,,,,,,,IL15,GSTD187,,SLC25A98,CEACAM183,DNASE2L75,,,,,,,,,,,,PLA2G2T,,,AGFG8,,NFKBIL98,,SLC22A96,,,,,ADAMTSL149,,,IKZF164,,,,SIRT3,,PPM8S,,,KLRC1,KIFL10,,XCR74,PKHD1L91,,,SOD1P61,,,,,,,,,,
,UMPS,,,DPF1,ERGICL80,,,,,,,,,CTSB,,,,,ITGB117L,,DNAJC55,,,,,,CCL26,SLC18M1,,,,,,ERBB4,,,,,,,IL15RA,GSTD188,,SLC25A99,CEACAM184,DNASE2L76,,,,,,,,,,,,PLA2G2U,,,AGFG9,,NFKBIL99,,SLC22A97,,,,,ADAMTSL150,,,IKZF165,,,,SIRT4,,PPM8T,,,NKG2C,KIFL11,,XCR75,PKHD1L92,,,SOD1P62,,,,,,,,,,
,UMPS,,,SYT7,ERGICL81,,,,,,,,,CTSB,,,,,ITGB118L,,DNAJC56,,,,,,CCL27,SLC18M2,,,,,,HGF,,,,,,,IL4,GSTD189,,SLC25A100,CEACAM185,DNASE2L77,,,,,,,,,,,,PLA2G2V,,,AGK,,NFKBIL100,,SLC22A98,,,,,ADAMTSL151,,,IKZF166,,,,,,PPM8F,,,KLRC2,KIFL12,,XCR76,PKHD1L93,,,SOD1P63,,,,,,,,,,
,UMPS,,,LARS2,ERGICL82,,,,,,,,,CTSB,,,,,ITGB119L,,DNAJC57,,,,,,CCL28,SLC18M3,,,,,,MET,,,,,,,IL5,GSTD190,,SLC25A101,CEACAM186,DNASE2L78,,,,,,,,,,,,PLA2G2W,,,AGL,,,,SLC22A99,,,,,ADAMTSL152,,,IKZF167,,,,,,PPM9A,,,NKG2D,KIFL13,,XCR77,PKHD1L94,,,SOD1P64,,,,,,,,,,
,UMPS,,,PIK3C2A,ERGICL83,,,,,,,,,CTSB,,,,,ITGB120L,,DNAJC58,,,,,,XCL1,SLC18N1,,,,,,NTRK1,,,,,,,IL13,GSTD191,,SLC25A102,CEACAM187,DNASE2L79,,,,,,,,,,,,PLA2G2X,,,AGMAT,,,,SLC22A100,,,,,ADAMTSL153,,,IKZF168,,,,,,PPM9B,,,KLRK1,KIFL14,,XCR78,PKHD1L95,,,SOD1P65,,,,,,,,,,
,UMPS,,,PLAUR,ERGICL84,,,,,,,,,CTSB,,,,,ITGB121L,,DNAJC59,,,,,,XCL2,SLC18N2,,,,,,NTRK2,,,,,,,IL3,GSTD192,,SLC25A103,CEACAM188,DNASE2L80,,,,,,,,,,,,PLA2G2Y,,,AGMO,,,,SLC22A101,,,,,ADAMTSL154,,,IKZF169,,,,,,PPM9C,,,NKp30,KIFL15,,XCR79,PKHD1L96,,,SOD1P66,,,,,,,,,,
,UMPS,,,ANLN,ERGICL85,,,,,,,,,CTSB,,,,,ITGB122L,,,,,,,,CX3CL1,SLC18N3,,,,,,NTRK3,,,,,,,IL9,GSTD193,,SLC25A104,CEACAM189,DNASE2L81,,,,,,,,,,,,PLA2G2Z,,,AGO1,,,,SLC22A102,,,,,ADAMTSL155,,,IKZF170,,,,,,PPM9D,,,NCR3,KIFL16,,XCR80,PKHD1L97,,,SOD1P67,,,,,,,,,,
,UMPS,,,WIZ,ERGICL86,,,,,,,,,CTSB,,,,,ITGB123L,,,,,,,,CX3CR1,SLC18O1,,,,,,ROS1,,,,,,,IL16,GSTD194,,SLC25A105,CEACAM190,DNASE2L82,,,,,,,,,,,,PLA2G2,,,AGO2,,,,SLC22A103,,,,,ADAMTSL156,,,IKZF171,,,,,,PPM9E,,,NKp44,KIFL17,,XCR81,PKHD1L98,,,SOD1P68,,,,,,,,,,
,UMPS,,,RABGAP1,ERGICL87,,,,,,,,,CTSB,,,,,ITGB124L,,,,,,,,CCL2,SLC18O2,,,,,,ALK,,,,,,,IL24,GSTD195,,SLC25A106,CEACAM191,DNASE2L83,,,,,,,,,,,,PLA2G4A,,,AGO3,,,,SLC22A104,,,,,ADAMTSL157,,,IKZF172,,,,,,PPM9F,,,NCR2,,,XCR82,PKHD1L99,,,SOD1P69,,,,,,,,,,
,UMPS,,,DCN,ERGICL88,,,,,,,,,CTSB,,,,,ITGB125L,,,,,,,,CCL5,SLC18O3,,,,,,RET,,,,,,,IL25,GSTD196,,SLC25A107,CEACAM192,DNASE2L84,,,,,,,,,,,,PLA2G4B,,,AGO4,,,,SLC22A105,,,,,ADAMTSL158,,,IKZF173,,,,,,PPM9G,,,NKp46,,,XCR83,PKHD1L100,,,SOD1P70,,,,,,,,,,
,UMPS,,,QPCTL,ERGICL89,,,,,,,,,CTSB,,,,,ITGB126L,,,,,,,,CCR1,SLC18P1,,,,,,ROR1,,,,,,,IL31,GSTD197,,SLC25A108,CEACAM193,DNASE2L85,,,,,,,,,,,,PLA2G4C,,,AGPAT1,,,,SLC22A106,,,,,ADAMTSL159,,,IKZF174,,,,,,PPM9H,,,NCR1,,,XCR84,PKHD1L101,,,SOD1P71,,,,,,,,,,
,UMPS,,,PPP5C,ERGICL90,,,,,,,,,CTSB,,,,,ITGB127L,,,,,,,,CCR2,SLC18P2,,,,,,ROR2,,,,,,,IL34,GSTD198,,SLC25A109,CEACAM194,DNASE2L86,,,,,,,,,,,,PLA2G4D,,,AGPAT2,,,,SLC22A107,,,,,ADAMTSL160,,,IKZF175,,,,,,PPM9J,,,CD16,,,XCR85,PKHD1L102,,,SOD1P72,,,,,,,,,,
,UMPS,,,CEP68,ERGICL91,,,,,,,,,CTSB,,,,,ITGB128L,,,,,,,,CCR3,SLC18P3,,,,,,KIT,,,,,,,IL36A,GSTD199,,SLC25A110,CEACAM195,DNASE2L87,,,,,,,,,,,,PLA2G4E,,,AGPAT3,,,,SLC22A108,,,,,ADAMTSL161,,,IKZF176,,,,,,PPM9K,,,FCGR3A,,,XCR86,PKHD1L103,,,SOD1P73,,,,,,,,,,
,UMPS,,,MAP4K3,ERGICL92,,,,,,,,,CTSB,,,,,ITGB129L,,,,,,,,CCR4,SLC18Q1,,,,,,FLT3,,,,,,,IL36B,GSTD200,,SLC25A111,CEACAM196,DNASE2L88,,,,,,,,,,,,PLA2G4F,,,AGPAT4,,,,SLC22A109,,,,,ADAMTSL162,,,IKZF177,,,,,,PPM9L,,,CD64,,,XCR87,PKHD1L104,,,SOD1P74,,,,,,,,,,
,UMPS,,,ZBTB32,ERGICL93,,,,,,,,,CTSB,,,,,ITGB130L,,,,,,,,CCR5,SLC18Q2,,,,,,CSF1,,,,,,,IL36G,,,SLC25A112,CEACAM197,DNASE2L89,,,,,,,,,,,,PLA2G4G,,,AGPAT5,,,,SLC22A110,,,,,ADAMTSL163,,,IKZF178,,,,,,PPM9M,,,FCGR1A,,,XCR88,PKHD1L105,,,SOD1P75,,,,,,,,,,
,UMPS,,,TYROBP,ERGICL94,,,,,,,,,CTSB,,,,,ITGB131L,,,,,,,,CCR6,SLC18Q3,,,,,,CSF1R,,,,,,,IL37,,,SLC25A113,CEACAM198,DNASE2L90,,,,,,,,,,,,PLA2G4H,,,AGPAT6,,,,SLC22A111,,,,,ADAMTSL164,,,IKZF179,,,,,,PPM9N,,,CD32,,,XCR89,PKHD1L106,,,SOD1P76,,,,,,,,,,
,UMPS,,,TMEM159,ERGICL95,,,,,,,,,CTSB,,,,,ITGB132L,,,,,,,,CCR7,SLC18R1,,,,,,,,,,,,,IL38,,,SLC25A114,CEACAM199,DNASE2L91,,,,,,,,,,,,PLA2G4I,,,AGPAT9,,,,SLC22A112,,,,,ADAMTSL165,,,IKZF180,,,,,,PPM9R1,,,FCGR2A,,,XCR90,PKHD1L107,,,SOD1P77,,,,,,,,,,
,UMPS,,,BRCA1,ERGICL96,,,,,,,,,CTSB,,,,,ITGB133L,,,,,,,,CCR8,SLC18R2,,,,,,,,,,,,,IL4I1,,,SLC25A115,CEACAM200,DNASE2L92,,,,,,,,,,,,PLA2G4J,,,AGR2,,,,SLC22A113,,,,,ADAMTSL166,,,IKZF181,,,,,,PPM9R2,,,FCGR2B,,,XCR91,PKHD1L108,,,SOD1P78,,,,,,,,,,
,UMPS,,,ERCC1,ERGICL97,,,,,,,,,CTSB,,,,,ITGB134L,,,,,,,,CCR9,SLC18R3,,,,,,,,,,,,,ILK,,,SLC25A116,,DNASE2L93,,,,,,,,,,,,PLA2G4K,,,AGR3,,,,SLC22A114,,,,,ADAMTSL167,,,IKZF182,,,,,,PPM9R3,,,FCGR2C,,,XCR92,PKHD1L109,,,SOD1P79,,,,,,,,,,
,UMPS,,,CD22,ERGICL98,,,,,,,,,CTSB,,,,,ITGB135L,,,,,,,,CCR10,SLC18S1,,,,,,,,,,,,,INHA,,,SLC25A117,,DNASE2L94,,,,,,,,,,,,PLA2G4L,,,AGRN,,,,SLC22A115,,,,,ADAMTSL168,,,IKZF183,,,,,,PPM9R4,,,CD89,,,XCR93,PKHD1L110,,,SOD1P80,,,,,,,,,,
,UMPS,,,SEMA3B,ERGICL99,,,,,,,,,CTSB,,,,,ITGB136L,,,,,,,,CCR11,SLC18S2,,,,,,,,,,,,,INHBA,,,SLC25A118,,DNASE2L95,,,,,,,,,,,,PLA2G4M,,,AGRP,,,,SLC22A116,,,,,ADAMTSL169,,,IKZF184,,,,,,PPM9R5,,,FCAR,,,XCR94,PKHD1L111,,,SOD1P81,,,,,,,,,,
,UMPS,,,LTF,ERGICL100,,,,,,,,,CTSB,,,,,ITGB137L,,,,,,,,CCR12,SLC18S3,,,,,,,,,,,,,INHBB,,,SLC25A119,,DNASE2L96,,,,,,,,,,,,PLA2G4N,,,AGTR1,,,,SLC22A117,,,,,ADAMTSL170,,,IKZF185,,,,,,PPM9R6,,,IGHA1,,,XCR95,PKHD1L112,,,SOD1P82,,,,,,,,,,
,UMPS,,,EXTL3,ERGICL101,,,,,,,,,CTSB,,,,,ITGB138L,,,,,,,,CCR13,SLC18T1,,,,,,,,,,,,,INSL3,,,SLC25A120,,DNASE2L97,,,,,,,,,,,,PLA2G4O,,,AGTR2,,,,SLC22A118,,,,,ADAMTSL171,,,IKZF186,,,,,,PPM9R7,,,IGHA2,,,XCR96,PKHD1L113,,,SOD1P83,,,,,,,,,,
,UMPS,,,NR1H4,ERGICL102,,,,,,,,,CTSB,,,,,ITGB139L,,,,,,,,CCR14,SLC18T2,,,,,,,,,,,,,INSL4,,,SLC25A121,,DNASE2L98,,,,,,,,,,,,PLA2G4P,,,AGXT,,,,SLC22A119,,,,,ADAMTSL172,,,IKZF187,,,,,,PPM9R8,,,IGHG1,,,XCR97,PKHD1L114,,,SOD1P84,,,,,,,,,,
,UMPS,,,ELOVL5,ERGICL103,,,,,,,,,CTSB,,,,,ITGB140L,,,,,,,,CCR15,SLC18T3,,,,,,,,,,,,,INSL5,,,SLC25A122,,DNASE2L99,,,,,,,,,,,,PLA2G4Q,,,AHCTF1,,,,SLC22A120,,,,,ADAMTSL173,,,IKZF188,,,,,,PPM9R9,,,IGHG2,,,XCR98,PKHD1L115,,,SOD1P85,,,,,,,,,,
,UMPS,,,ALOX5,ERGICL104,,,,,,,,,CTSB,,,,,ITGB141L,,,,,,,,CCR16,,,,,,,,,,,,,,INSL6,,,SLC25A123,,DNASE2L100,,,,,,,,,,,,PLA2G4R,,,AHCTF1P1,,,,SLC22A121,,,,,ADAMTSL174,,,IKZF189,,,,,,PPM9S,,,IGHG3,,,XCR99,PKHD1L116,,,SOD1P86,,,,,,,,,,
,UMPS,,,CALCOCO1,ERGICL105,,,,,,,,,CTSB,,,,,ITGB142L,,,,,,,,CCR18,,,,,,,,,,,,,,INSL6-PAM1,,,SLC25A124,,DNASE2L101,,,,,,,,,,,,PLA2G4S,,,AHCYL1,,,,SLC22A122,,,,,ADAMTSL175,,,IKZF190,,,,,,PPM9T,,,IGHG4,,,XCR100,PKHD1L117,,,SOD1P87,,,,,,,,,,
,UMPS,,,UBR7,ERGICL106,,,,,,,,,CTSB,,,,,ITGB143L,,,,,,,,CCR19,,,,,,,,,,,,,,INSL4-PAM1,,,SLC25A125,,DNASE2L102,,,,,,,,,,,,PLA2G4T,,,AHCYL2,,,,SLC22A123,,,,,ADAMTSL176,,,IKZF191,,,,,,PPM9F,,,IGHM,,,,PKHD1L118,,,SOD1P88,,,,,,,,,,
,UMPS,,,MAP4K5,ERGICL107,,,,,,,,,CTSB,,,,,ITGB144L,,,,,,,,CCR20,,,,,,,,,,,,,,INSM1,,,SLC25A126,,DNASE2L103,,,,,,,,,,,,PLA2G4U,,,AHR,,,,SLC22A124,,,,,ADAMTSL177,,,IKZF192,,,,,,,,,IGHE,,,,PKHD1L119,,,SOD1P89,,,,,,,,,,
,UMPS,,,EHD3,ERGICL108,,,,,,,,,CTSB,,,,,ITGB145L,,,,,,,,CCR21,,,,,,,,,,,,,,INSM2,,,SLC25A127,,DNASE2L104,,,,,,,,,,,,PLA2G4V,,,AHSG,,,,SLC22A125,,,,,ADAMTSL178,,,IKZF193,,,,,,,,,IGD,,,,PKHD1L120,,,SOD1P90,,,,,,,,,,
,UMPS,,,PSMC4,ERGICL109,,,,,,,,,CTSB,,,,,ITGB146L,,,,,,,,CCR22,,,,,,,,,,,,,,INSR,,,SLC25A128,,DNASE2L105,,,,,,,,,,,,PLA2G4W,,,AHSA1,,,,SLC22A126,,,,,ADAMTSL179,,,IKZF194,,,,,,,,,IGHGP,,,,PKHD1L121,,,SOD1P91,,,,,,,,,,
,UMPS,,,MAN2B2,ERGICL110,,,,,,,,,CTSB,,,,,ITGB147L,,,,,,,,CCR23,,,,,,,,,,,,,,INSRR,,,SLC25A129,,DNASE2L106,,,,,,,,,,,,PLA2G4X,,,AHSA2,,,,SLC22A127,,,,,ADAMTSL180,,,IKZF195,,,,,,,,,IGHV,,,,PKHD1L122,,,SOD1P92,,,,,,,,,,
,UMPS,,,SLC7A14,ERGICL111,,,,,,,,,CTSB,,,,,ITGB148L,,,,,,,,CCR24,,,,,,,,,,,,,,INTS1,,,SLC25A130,,DNASE2L107,,,,,,,,,,,,PLA2G4Y,,,AIDA,,,,SLC22A128,,,,,ADAMTSL181,,,IKZF196,,,,,,,,,IGHJ,,,,PKHD1L123,,,SOD1P93,,,,,,,,,,
,UMPS,,,CLDN11,ERGICL112,,,,,,,,,CTSB,,,,,ITGB149L,,,,,,,,CCR25,,,,,,,,,,,,,,INTS2,,,SLC25A131,,DNASE2L108,,,,,,,,,,,,PLA2G4Z,,,AIF1,,,,SLC22A129,,,,,ADAMTSL182,,,IKZF197,,,,,,,,,IGHD,,,,PKHD1L124,,,SOD1P94,,,,,,,,,,
,UMPS,,,SLC25A39,ERGICL113,,,,,,,,,CTSB,,,,,ITGB150L,,,,,,,,CCR26,,,,,,,,,,,,,,INTS3,,,SLC25A132,,DNASE2L109,,,,,,,,,,,,PLA2G4,,,AIF1L,,,,SLC22A130,,,,,ADAMTSL183,,,IKZF198,,,,,,,,,IGKC,,,,PKHD1L125,,,SOD1P95,,,,,,,,,,
,UMPS,,,MVP,ERGICL114,,,,,,,,,CTSB,,,,,ITGB151L,,,,,,,,CCR27,,,,,,,,,,,,,,INTS4,,,SLC25A133,,DNASE2L110,,,,,,,,,,,,PLA2G1B,,,AIFM1,,,,SLC22A131,,,,,ADAMTSL184,,,IKZF199,,,,,,,,,IGLC,,,,PKHD1L126,,,SOD1P96,,,,,,,,,,
,UMPS,,,NUB1,ERGICL115,,,,,,,,,CTSB,,,,,ITGB152L,,,,,,,,CCR28,,,,,,,,,,,,,,INTS5,,,SLC25A134,,DNASE2L111,,,,,,,,,,,,PLA2G1C,,,AIFM2,,,,SLC22A132,,,,,ADAMTSL185,,,IKZF200,,,,,,,,,IGLC1,,,,PKHD1L127,,,SOD1P97,,,,,,,,,,
,UMPS,,,PGM3,ERGICL116,,,,,,,,,CTSB,,,,,ITGB153L,,,,,,,,CCR29,,,,,,,,,,,,,,INTS6,,,SLC25A135,,DNASE2L112,,,,,,,,,,,,PLA2G1D,,,AIG1,,,,SLC22A133,,,,,ADAMTSL186,,,,,,,,,,,,IGLC2,,,,PKHD1L128,,,SOD1P98,,,,,,,,,,
,UMPS,,,RWDD2A,ERGICL117,,,,,,,,,CTSB,,,,,ITGB154L,,,,,,,,CCR30,,,,,,,,,,,,,,INTS7,,,SLC25A136,,DNASE2L113,,,,,,,,,,,,PLA2G1E,,,AILIM,,,,SLC22A134,,,,,ADAMTSL187,,,,,,,,,,,,IGLC3,,,,PKHD1L129,,,SOD1P99,,,,,,,,,,
,UMPS,,,CLK1,ERGICL118,,,,,,,,,CTSB,,,,,ITGB155L,,,,,,,,CCR31,,,,,,,,,,,,,,INTS8,,,SLC25A137,,DNASE2L114,,,,,,,,,,,,PLA2G1F,,,AIM1,,,,SLC22A135,,,,,ADAMTSL188,,,,,,,,,,,,IGLC4,,,,PKHD1L130,,,SOD1P100,,,,,,,,,,
,UMPS,,,POLR3B,ERGICL119,,,,,,,,,CTSB,,,,,ITGB156L,,,,,,,,CCR32,,,,,,,,,,,,,,INTS9,,,SLC25A138,,DNASE2L115,,,,,,,,,,,,PLA2G1G,,,AIM2,,,,SLC22A136,,,,,ADAMTSL189,,,,,,,,,,,,IGLC5,,,,PKHD1L131,,,,,,,,,,,,,
,UMPS,,,ANGEL1,ERGICL120,,,,,,,,,CTSB,,,,,ITGB157L,,,,,,,,CCR33,,,,,,,,,,,,,,INTS10,,,SLC25A139,,DNASE2L116,,,,,,,,,,,,PLA2G1H,,,,,,,SLC22A137,,,,,ADAMTSL190,,,,,,,,,,,,IGLC6,,,,PKHD1L132,,,,,,,,,,,,,
,UMPS,,,RNF14,ERGICL121,,,,,,,,,CTSB,,,,,ITGB158L,,,,,,,,CCR34,,,,,,,,,,,,,,INTS11,,,SLC25A140,,DNASE2L117,,,,,,,,,,,,PLA2G1I,,,,,,,SLC22A138,,,,,ADAMTSL191,,,,,,,,,,,,IGLC7,,,,PKHD1L133,,,,,,,,,,,,,
,UMPS,,,DDX11,ERGICL122,,,,,,,,,CTSB,,,,,ITGB159L,,,,,,,,CCR35,,,,,,,,,,,,,,INTS12,,,SLC25A141,,DNASE2L118,,,,,,,,,,,,PLA2G1J,,,,,,,SLC22A139,,,,,ADAMTSL192,,,,,,,,,,,,IGLC8,,,,PKHD1L134,,,,,,,,,,,,,
,UMPS,,,HEBP1,ERGICL123,,,,,,,,,CTSB,,,,,ITGB160L,,,,,,,,CCR36,,,,,,,,,,,,,,INTS13,,,SLC25A142,,DNASE2L119,,,,,,,,,,,,PLA2G1K,,,,,,,SLC22A140,,,,,ADAMTSL193,,,,,,,,,,,,IGLV,,,,PKHD1L135,,,,,,,,,,,,,
,UMPS,,,GPRC5A,ERGICL124,,,,,,,,,CTSB,,,,,ITGB161L,,,,,,,,CCR37,,,,,,,,,,,,,,INTS14,,,SLC25A143,,DNASE2L120,,,,,,,,,,,,PLA2G1L,,,,,,,SLC22A141,,,,,ADAMTSL194,,,,,,,,,,,,IGLJ,,,,PKHD1L136,,,,,,,,,,,,,
,UMPS,,,CD6,ERGICL125,,,,,,,,,CTSB,,,,,ITGB162L,,,,,,,,CCR38,,,,,,,,,,,,,,INTS15,,,SLC25A144,,DNASE2L121,,,,,,,,,,,,PLA2G1M,,,,,,,SLC22A142,,,,,ADAMTSL195,,,,,,,,,,,,IGLC@loci,,,,PKHD1L137,,,,,,,,,,,,,
,UMPS,,,TACC3,ERGICL126,,,,,,,,,CTSB,,,,,ITGB163L,,,,,,,,CCR39,,,,,,,,,,,,,,INTS6L,,,SLC25A145,,DNASE2L122,,,,,,,,,,,,PLA2G1N,,,,,,,SLC22A143,,,,,ADAMTSL196,,,,,,,,,,,,IGKC@loci,,,,PKHD1L138,,,,,,,,,,,,,
,UMPS,,,UFL1,ERGICL127,,,,,,,,,CTSB,,,,,ITGB164L,,,,,,,,CCR40,,,,,,,,,,,,,,INVS,,,SLC25A146,,DNASE2L123,,,,,,,,,,,,PLA2G1O,,,,,,,SLC22A144,,,,,ADAMTSL197,,,,,,,,,,,,IGH@,,,,PKHD1L139,,,,,,,,,,,,,
,UMPS,,,POLA2,ERGICL128,,,,,,,,,CTSB,,,,,ITGB165L,,,,,,,,CCR41,,,,,,,,,,,,,,IQCA1,,,SLC25A147,,DNASE2L124,,,,,,,,,,,,PLA2G1P,,,,,,,SLC22A145,,,,,ADAMTSL198,,,,,,,,,,,,IGL@,,,,PKHD1L140,,,,,,,,,,,,,
,UMPS,,,ZC3H3,ERGICL129,,,,,,,,,CTSB,,,,,ITGB166L,,,,,,,,CCR42,,,,,,,,,,,,,,IQCA2,,,SLC25A148,,DNASE2L125,,,,,,,,,,,,PLA2G1Q,,,,,,,SLC22A146,,,,,ADAMTSL199,,,,,,,,,,,,TRA@,,,,PKHD1L141,,,,,,,,,,,,,
,UMPS,,,CAPN1,ERGICL130,,,,,,,,,CTSB,,,,,ITGB167L,,,,,,,,CCR43,,,,,,,,,,,,,,IQGAP1,,,SLC25A149,,DNASE2L126,,,,,,,,,,,,PLA2G1R,,,,,,,SLC22A147,,,,,ADAMTSL200,,,,,,,,,,,,TRB@,,,,PKHD1L142,,,,,,,,,,,,,
,UMPS,,,ACP3,ERGICL131,,,,,,,,,CTSB,,,,,ITGB168L,,,,,,,,CCR44,,,,,,,,,,,,,,IQGAP2,,,SLC25A150,,DNASE2L127,,,,,,,,,,,,PLA2G1S,,,,,,,SLC22A148,,,,,,,,,,,,,,,,,TRG@,,,,PKHD1L143,,,,,,,,,,,,,
,UMPS,,,MDH1,ERGICL132,,,,,,,,,CTSB,,,,,ITGB169L,,,,,,,,CCR45,,,,,,,,,,,,,,IQGAP3,,,SLC25A151,,DNASE2L128,,,,,,,,,,,,PLA2G1T,,,,,,,SLC22A149,,,,,,,,,,,,,,,,,TRD@,,,,PKHD1L144,,,,,,,,,,,,,
,UMPS,,,SLC30A9,ERGICL133,,,,,,,,,CTSB,,,,,ITGB170L,,,,,,,,CCR46,,,,,,,,,,,,,,IQSEC1,,,SLC25A152,,DNASE2L129,,,,,,,,,,,,PLA2G1U,,,,,,,SLC22A150,,,,,,,,,,,,,,,,,TCRα,,,,PKHD1L145,,,,,,,,,,,,,
,UMPS,,,MTMR11,ERGICL134,,,,,,,,,CTSB,,,,,ITGB171L,,,,,,,,CCR47,,,,,,,,,,,,,,IQSEC2,,,SLC25A153,,DNASE2L130,,,,,,,,,,,,PLA2G1V,,,,,,,SLC22A151,,,,,,,,,,,,,,,,,TCRβ,,,,PKHD1L146,,,,,,,,,,,,,
,UMPS,,,COX15,ERGICL135,,,,,,,,,CTSB,,,,,ITGB172L,,,,,,,,CCR48,,,,,,,,,,,,,,IQSEC3,,,SLC25A154,,DNASE2L131,,,,,,,,,,,,PLA2G1W,,,,,,,SLC22A152,,,,,,,,,,,,,,,,,TCRγ,,,,PKHD1L147,,,,,,,,,,,,,
,UMPS,,,CCDC88C,ERGICL136,,,,,,,,,CTSB,,,,,ITGB173L,,,,,,,,CCR49,,,,,,,,,,,,,,IRAK1,,,SLC25A155,,DNASE2L132,,,,,,,,,,,,PLA2G1X,,,,,,,SLC22A153,,,,,,,,,,,,,,,,,TCRδ,,,,PKHD1L148,,,,,,,,,,,,,
,UMPS,,,YAF2,ERGICL137,,,,,,,,,CTSB,,,,,ITGB174L,,,,,,,,CCR50,,,,,,,,,,,,,,IRAK1BP1,,,SLC25A156,,DNASE2L133,,,,,,,,,,,,PLA2G1Y,,,,,,,SLC22A154,,,,,,,,,,,,,,,,,TCRAV,,,,PKHD1L149,,,,,,,,,,,,,
,UMPS,,,ZMYND11,ERGICL138,,,,,,,,,CTSB,,,,,ITGB175L,,,,,,,,CCR51,,,,,,,,,,,,,,IRAK2,,,SLC25A157,,DNASE2L134,,,,,,,,,,,,PLA2G1Z,,,,,,,SLC22A155,,,,,,,,,,,,,,,,,TCRAJ,,,,PKHD1L150,,,,,,,,,,,,,
,UMPS,,,DPEP1,ERGICL139,,,,,,,,,CTSB,,,,,ITGB176L,,,,,,,,CCR52,,,,,,,,,,,,,,IRAK3,,,SLC25A158,,DNASE2L135,,,,,,,,,,,,PLA2G1A,,,,,,,SLC22A156,,,,,,,,,,,,,,,,,TCRBV,,,,PKHD1L151,,,,,,,,,,,,,
,UMPS,,,BID,ERGICL140,,,,,,,,,CTSB,,,,,ITGB177L,,,,,,,,CCR53,,,,,,,,,,,,,,IRAK4,,,SLC25A159,,DNASE2L136,,,,,,,,,,,,PLA2G1,,,,,,,SLC22A157,,,,,,,,,,,,,,,,,TCRBJ,,,,PKHD1L152,,,,,,,,,,,,,
,UMPS,,,MATR3,ERGICL141,,,,,,,,,CTSB,,,,,ITGB178L,,,,,,,,CCR54,,,,,,,,,,,,,,IRF1,,,SLC25A160,,DNASE2L137,,,,,,,,,,,,PLA2G3,,,,,,,SLC22A158,,,,,,,,,,,,,,,,,TCGD,,,,PKHD1L153,,,,,,,,,,,,,
,UMPS,,,NPC1L1,ERGICL142,,,,,,,,,CTSB,,,,,ITGB179L,,,,,,,,CCR55,,,,,,,,,,,,,,IRF2,,,SLC25A161,,DNASE2L138,,,,,,,,,,,,PLA2G5,,,,,,,SLC22A159,,,,,,,,,,,,,,,,,TCGA,,,,PKHD1L154,,,,,,,,,,,,,
,UMPS,,,XYLT2,ERGICL143,,,,,,,,,CTSB,,,,,ITGB180L,,,,,,,,CCR56,,,,,,,,,,,,,,IRF2BP1,,,SLC25A162,,DNASE2L139,,,,,,,,,,,,PLA2G6,,,,,,,SLC22A160,,,,,,,,,,,,,,,,,TGCG,,,,PKHD1L155,,,,,,,,,,,,,
,UMPS,,,RGPD5,ERGICL144,,,,,,,,,CTSB,,,,,ITGB181L,,,,,,,,CCR57,,,,,,,,,,,,,,IRF2BP2,,,SLC25A163,,DNASE2L140,,,,,,,,,,,,PLA2G7,,,,,,,SLC22A161,,,,,,,,,,,,,,,,,TGCJ,,,,PKHD1L156,,,,,,,,,,,,,
,UMPS,,,STMN4,ERGICL145,,,,,,,,,CTSB,,,,,ITGB182L,,,,,,,,CCR58,,,,,,,,,,,,,,IRF2BPL,,,SLC25A164,,DNASE2L141,,,,,,,,,,,,PLA2G10,,,,,,,SLC22A162,,,,,,,,,,,,,,,,,TCRV,,,,PKHD1L157,,,,,,,,,,,,,
,UMPS,,,NUDCD3,ERGICL146,,,,,,,,,CTSB,,,,,ITGB183L,,,,,,,,CCR59,,,,,,,,,,,,,,IRF3,,,SLC25A165,,DNASE2L142,,,,,,,,,,,,PLA2G12A,,,,,,,SLC22A163,,,,,,,,,,,,,,,,,TCRJ,,,,PKHD1L158,,,,,,,,,,,,,
,UMPS,,,ISL1,ERGICL147,,,,,,,,,CTSB,,,,,ITGB184L,,,,,,,,CCR60,,,,,,,,,,,,,,IRF4,,,SLC25A166,,DNASE2L143,,,,,,,,,,,,PLA2G12B,,,,,,,SLC22A164,,,,,,,,,,,,,,,,,TCRD,,,,PKHD1L159,,,,,,,,,,,,,
,UMPS,,,CHDH,ERGICL148,,,,,,,,,CTSB,,,,,ITGB185L,,,,,,,,CCR61,,,,,,,,,,,,,,IRF5,,,SLC25A167,,DNASE2L144,,,,,,,,,,,,PLA2G12,,,,,,,SLC22A165,,,,,,,,,,,,,,,,,TCRG,,,,PKHD1L160,,,,,,,,,,,,,
,UMPS,,,IL20RA,ERGICL149,,,,,,,,,CTSB,,,,,ITGB186L,,,,,,,,CCR62,,,,,,,,,,,,,,IRF6,,,SLC25A168,,DNASE2L145,,,,,,,,,,,,PLA2G15,,,,,,,SLC22A166,,,,,,,,,,,,,,,,,TCR@,,,,PKHD1L161,,,,,,,,,,,,,
,UMPS,,,CLCA1,ERGICL150,,,,,,,,,CTSB,,,,,ITGB187L,,,,,,,,CCR63,,,,,,,,,,,,,,IRF7,,,SLC25A169,,DNASE2L146,,,,,,,,,,,,PLA2G16,,,,,,,SLC22A167,,,,,,,,,,,,,,,,,TCL1A,,,,PKHD1L162,,,,,,,,,,,,,
,UMPS,,,CLCA4,ERGICL151,,,,,,,,,CTSB,,,,,ITGB188L,,,,,,,,CCR64,,,,,,,,,,,,,,IRF8,,,SLC25A170,,DNASE2L147,,,,,,,,,,,,PLA2G17,,,,,,,SLC22A168,,,,,,,,,,,,,,,,,TCL1B,,,,PKHD1L163,,,,,,,,,,,,,
,UMPS,,,GLT8D1,ERGICL152,,,,,,,,,CTSB,,,,,ITGB189L,,,,,,,,CCR65,,,,,,,,,,,,,,IRF9,,,SLC25A171,,DNASE2L148,,,,,,,,,,,,PLA2G18,,,,,,,SLC22A169,,,,,,,,,,,,,,,,,TCL1,,,,PKHD1L164,,,,,,,,,,,,,
,UMPS,,,ATP2C1,ERGICL153,,,,,,,,,CTSB,,,,,ITGB190L,,,,,,,,CCR66,,,,,,,,,,,,,,IRGC,,,SLC25A172,,DNASE2L149,,,,,,,,,,,,PLA2G19,,,,,,,SLC22A170,,,,,,,,,,,,,,,,,TCL2,,,,PKHD1L165,,,,,,,,,,,,,
,UMPS,,,IGF1,ERGICL154,,,,,,,,,CTSB,,,,,ITGB191L,,,,,,,,CCR67,,,,,,,,,,,,,,IRGQ,,,SLC25A173,,DNASE2L150,,,,,,,,,,,,PLA2G2A,,,,,,,SLC22A171,,,,,,,,,,,,,,,,,TCL6,,,,PKHD1L166,,,,,,,,,,,,,
,UMPS,,,RALBP1,ERGICL155,,,,,,,,,CTSB,,,,,ITGB192L,,,,,,,,CCR68,,,,,,,,,,,,,,IRID1,,,SLC25A174,,DNASE2L151,,,,,,,,,,,,PLA2G2B,,,,,,,SLC22A172,,,,,,,,,,,,,,,,,TCL7A1,,,,PKHD1L167,,,,,,,,,,,,,
,UMPS,,,RUFY3,ERGICL156,,,,,,,,,CTSB,,,,,ITGB193L,,,,,,,,CCR69,,,,,,,,,,,,,,IRIT1,,,SLC25A175,,DNASE2L152,,,,,,,,,,,,PLA2G2C,,,,,,,SLC22A173,,,,,,,,,,,,,,,,,TCL7A2,,,,PKHD1L168,,,,,,,,,,,,,
,UMPS,,,CNTN1,ERGICL157,,,,,,,,,CTSB,,,,,ITGB194L,,,,,,,,CCR70,,,,,,,,,,,,,,IRKN,,,SLC25A176,,DNASE2L153,,,,,,,,,,,,PLA2G2D,,,,,,,SLC22A174,,,,,,,,,,,,,,,,,TCL7B,,,,PKHD1L169,,,,,,,,,,,,,
,UMPS,,,SLC11A1,ERGICL158,,,,,,,,,CTSB,,,,,ITGB195L,,,,,,,,CCR71,,,,,,,,,,,,,,IRX1,,,SLC25A177,,DNASE2L154,,,,,,,,,,,,PLA2G2E,,,,,,,SLC22A175,,,,,,,,,,,,,,,,,TCL8,,,,PKHD1L170,,,,,,,,,,,,,
,UMPS,,,WWTR1,ERGICL159,,,,,,,,,CTSB,,,,,ITGB196L,,,,,,,,CCR72,,,,,,,,,,,,,,IRX2,,,SLC25A178,,DNASE2L155,,,,,,,,,,,,PLA2G2F,,,,,,,SLC22A176,,,,,,,,,,,,,,,,,TCL9A,,,,PKHD1L171,,,,,,,,,,,,,
,UMPS,,,AGPS,ERGICL160,,,,,,,,,CTSB,,,,,ITGB197L,,,,,,,,CCR73,,,,,,,,,,,,,,IRX3,,,SLC25A179,,DNASE2L156,,,,,,,,,,,,PLA2G2G,,,,,,,SLC22A177,,,,,,,,,,,,,,,,,TCL9B,,,,PKHD1L172,,,,,,,,,,,,,
,UMPS,,,ZNF806,ERGICL161,,,,,,,,,CTSB,,,,,ITGB198L,,,,,,,,CCR74,,,,,,,,,,,,,,IRX4,,,SLC25A180,,DNASE2L157,,,,,,,,,,,,PLA2G2H,,,,,,,SLC22A178,,,,,,,,,,,,,,,,,TCL10,,,,PKHD1L173,,,,,,,,,,,,,
,UMPS,,,ATP1A2,ERGICL162,,,,,,,,,CTSB,,,,,ITGB199L,,,,,,,,CCR75,,,,,,,,,,,,,,IRX5,,,SLC25A181,,DNASE2L158,,,,,,,,,,,,PLA2G2I,,,,,,,SLC22A179,,,,,,,,,,,,,,,,,TCL11A,,,,PKHD1L174,,,,,,,,,,,,,
,UMPS,,,TTC27,ERGICL163,,,,,,,,,CTSB,,,,,ITGB200L,,,,,,,,CCR76,,,,,,,,,,,,,,IRX6,,,SLC25A182,,DNASE2L159,,,,,,,,,,,,PLA2G2J,,,,,,,SLC22A180,,,,,,,,,,,,,,,,,TCL11B,,,,PKHD1L175,,,,,,,,,,,,,
,UMPS,,,ZNF582,ERGICL164,,,,,,,,,CTSB,,,,,,,,,,,,,CCR77,,,,,,,,,,,,,,IS1,,,SLC25A183,,DNASE2L160,,,,,,,,,,,,PLA2G2K,,,,,,,SLC22A181,,,,,,,,,,,,,,,,,TCL12,,,,PKHD1L176,,,,,,,,,,,,,
,UMPS,,,VSIG2,ERGICL165,,,,,,,,,CTSB,,,,,,,,,,,,,CCR78,,,,,,,,,,,,,,IS2,,,SLC25A184,,DNASE2L161,,,,,,,,,,,,PLA2G2L,,,,,,,SLC22A182,,,,,,,,,,,,,,,,,TCL13,,,,PKHD1L177,,,,,,,,,,,,,
,UMPS,,,PHLDB1,ERGICL166,,,,,,,,,CTSB,,,,,,,,,,,,,CCR79,,,,,,,,,,,,,,ISCU,,,SLC25A185,,DNASE2L162,,,,,,,,,,,,PLA2G2M,,,,,,,SLC22A183,,,,,,,,,,,,,,,,,TCL14A,,,,PKHD1L178,,,,,,,,,,,,,
,UMPS,,,MARCO,ERGICL167,,,,,,,,,CTSB,,,,,,,,,,,,,CCR80,,,,,,,,,,,,,,ISG15,,,SLC25A186,,DNASE2L163,,,,,,,,,,,,PLA2G2N,,,,,,,SLC22A184,,,,,,,,,,,,,,,,,TCL14B,,,,PKHD1L179,,,,,,,,,,,,,
,UMPS,,,CYP24A1,ERGICL168,,,,,,,,,CTSB,,,,,,,,,,,,,CCR81,,,,,,,,,,,,,,ISL1,,,SLC25A187,,DNASE2L164,,,,,,,,,,,,PLA2G2O,,,,,,,SLC22A185,,,,,,,,,,,,,,,,,TCL15,,,,PKHD1L180,,,,,,,,,,,,,
,UMPS,,,PRDM11,ERGICL169,,,,,,,,,CTSB,,,,,,,,,,,,,CCR82,,,,,,,,,,,,,,ISL2,,,SLC25A188,,DNASE2L165,,,,,,,,,,,,PLA2G2P,,,,,,,SLC22A186,,,,,,,,,,,,,,,,,TCL16,,,,PKHD1L181,,,,,,,,,,,,,
,UMPS,,,SYT13,ERGICL170,,,,,,,,,CTSB,,,,,,,,,,,,,CCR83,,,,,,,,,,,,,,ISLR,,,SLC25A189,,DNASE2L166,,,,,,,,,,,,PLA2G2Q,,,,,,,SLC22A187,,,,,,,,,,,,,,,,,TCL17,,,,PKHD1L182,,,,,,,,,,,,,
,UMPS,,,SNAI2,ERGICL171,,,,,,,,,CTSB,,,,,,,,,,,,,CCR84,,,,,,,,,,,,,,ISM1,,,SLC25A190,,DNASE2L167,,,,,,,,,,,,PLA2G2R,,,,,,,SLC22A188,,,,,,,,,,,,,,,,,TCL18,,,,PKHD1L183,,,,,,,,,,,,,
,UMPS,,,CD74,ERGICL172,,,,,,,,,CTSB,,,,,,,,,,,,,CCR85,,,,,,,,,,,,,,ISM2,,,SLC25A191,,DNASE2L168,,,,,,,,,,,,PLA2G2S,,,,,,,SLC22A189,,,,,,,,,,,,,,,,,TCL19,,,,PKHD1L184,,,,,,,,,,,,,
,UMPS,,,HGF,ERGICL173,,,,,,,,,CTSB,,,,,,,,,,,,,CCR86,,,,,,,,,,,,,,ISOC1,,,SLC25A192,,DNASE2L169,,,,,,,,,,,,PLA2G2T,,,,,,,SLC22A190,,,,,,,,,,,,,,,,,TCL20,,,,PKHD1L185,,,,,,,,,,,,,
,UMPS,,,ZRANB1,ERGICL174,,,,,,,,,CTSB,,,,,,,,,,,,,CCR87,,,,,,,,,,,,,,ISOC2,,,SLC25A193,,DNASE2L170,,,,,,,,,,,,PLA2G2U,,,,,,,SLC22A191,,,,,,,,,,,,,,,,,TCL21,,,,PKHD1L186,,,,,,,,,,,,,
,UMPS,,,NCDN,ERGICL175,,,,,,,,,CTSB,,,,,,,,,,,,,CCR88,,,,,,,,,,,,,,ISPD,,,SLC25A194,,DNASE2L171,,,,,,,,,,,,PLA2G2V,,,,,,,SLC22A192,,,,,,,,,,,,,,,,,TCL22,,,,PKHD1L187,,,,,,,,,,,,,
,UMPS,,,ADGRA2,ERGICL176,,,,,,,,,CTSB,,,,,,,,,,,,,CCR89,,,,,,,,,,,,,,ISX,,,SLC25A195,,DNASE2L172,,,,,,,,,,,,PLA2G2W,,,,,,,SLC22A193,,,,,,,,,,,,,,,,,TCL23,,,,PKHD1L188,,,,,,,,,,,,,
,UMPS,,,CCT8L1P,ERGICL177,,,,,,,,,CTSB,,,,,,,,,,,,,CCR90,,,,,,,,,,,,,,ISY1,,,SLC25A196,,DNASE2L173,,,,,,,,,,,,PLA2G2X,,,,,,,SLC22A194,,,,,,,,,,,,,,,,,TCL24,,,,PKHD1L189,,,,,,,,,,,,,
,UMPS,,,ZFP64,ERGICL178,,,,,,,,,CTSB,,,,,,,,,,,,,CCR91,,,,,,,,,,,,,,ISY1-RAB43,,,SLC25A197,,DNASE2L174,,,,,,,,,,,,PLA2G2Y,,,,,,,SLC22A195,,,,,,,,,,,,,,,,,TCL25,,,,PKHD1L190,,,,,,,,,,,,,
,UMPS,,,MNAT1,ERGICL179,,,,,,,,,CTSB,,,,,,,,,,,,,CCR92,,,,,,,,,,,,,,ISY2,,,SLC25A198,,DNASE2L175,,,,,,,,,,,,PLA2G2Z,,,,,,,SLC22A196,,,,,,,,,,,,,,,,,TCL26,,,,PKHD1L191,,,,,,,,,,,,,
,UMPS,,,SAMD4A,ERGICL180,,,,,,,,,CTSB,,,,,,,,,,,,,CCR93,,,,,,,,,,,,,,ITGA1,,,SLC25A199,,DNASE2L176,,,,,,,,,,,,PLA2G2,,,,,,,SLC22A197,,,,,,,,,,,,,,,,,TCL27,,,,PKHD1L192,,,,,,,,,,,,,
,UMPS,,,RUNX3,ERGICL181,,,,,,,,,CTSB,,,,,,,,,,,,,CCR94,,,,,,,,,,,,,,ITGA2,,,SLC25A200,,DNASE2L177,,,,,,,,,,,,PLA2G4A,,,,,,,SLC22A198,,,,,,,,,,,,,,,,,TCL28,,,,PKHD1L193,,,,,,,,,,,,,
,UMPS,,,MRE11,ERGICL182,,,,,,,,,CTSB,,,,,,,,,,,,,CCR95,,,,,,,,,,,,,,ITGA3,,,,,DNASE2L178,,,,,,,,,,,,PLA2G4B,,,,,,,SLC22A199,,,,,,,,,,,,,,,,,TCL29,,,,PKHD1L194,,,,,,,,,,,,,
,UMPS,,,PLEKHB1,ERGICL183,,,,,,,,,CTSB,,,,,,,,,,,,,CCR96,,,,,,,,,,,,,,ITGA4,,,,,DNASE2L179,,,,,,,,,,,,PLA2G4C,,,,,,,SLC22A200,,,,,,,,,,,,,,,,,TCL30A,,,,PKHD1L195,,,,,,,,,,,,,
,UMPS,,,SERPINB1,ERGICL184,,,,,,,,,CTSB,,,,,,,,,,,,,CCR97,,,,,,,,,,,,,,ITGA5,,,,,DNASE2L180,,,,,,,,,,,,PLA2G4D,,,,,,,,,,,,,,,,,,,,,,,,TCL30B,,,,PKHD1L196,,,,,,,,,,,,,
,UMPS,,,CYP3A43,ERGICL185,,,,,,,,,CTSB,,,,,,,,,,,,,CCR98,,,,,,,,,,,,,,ITGA6,,,,,DNASE2L181,,,,,,,,,,,,PLA2G4E,,,,,,,,,,,,,,,,,,,,,,,,TCL31,,,,PKHD1L197,,,,,,,,,,,,,
,UMPS,,,SLC7A9,ERGICL186,,,,,,,,,CTSB,,,,,,,,,,,,,CCR99,,,,,,,,,,,,,,ITGA7,,,,,DNASE2L182,,,,,,,,,,,,PLA2G4F,,,,,,,,,,,,,,,,,,,,,,,,TCL32,,,,PKHD1L198,,,,,,,,,,,,,
,UMPS,,,SPAST,ERGICL187,,,,,,,,,CTSB,,,,,,,,,,,,,CCR100,,,,,,,,,,,,,,ITGA8,,,,,DNASE2L183,,,,,,,,,,,,PLA2G4G,,,,,,,,,,,,,,,,,,,,,,,,TCL33,,,,PKHD1L199,,,,,,,,,,,,,
,UMPS,,,NRXN3,ERGICL188,,,,,,,,,CTSB,,,,,,,,,,,,,,,,,,,,,,,,,,,ITGA9,,,,,DNASE2L184,,,,,,,,,,,,PLA2G4H,,,,,,,,,,,,,,,,,,,,,,,,TCL34,,,,PKHD1L200,,,,,,,,,,,,,
,UMPS,,,OSBPL5,ERGICL189,,,,,,,,,CTSB,,,,,,,,,,,,,,,,,,,,,,,,,,,ITGA10,,,,,DNASE2L185,,,,,,,,,,,,PLA2G4I,,,,,,,,,,,,,,,,,,,,,,,,TCL35,,,,,,,,,,,,,,,,,
,UMPS,,,AQR,ERGICL190,,,,,,,,,CTSB,,,,,,,,,,,,,,,,,,,,,,,,,,,ITGA11,,,,,DNASE2L186,,,,,,,,,,,,PLA2G4J,,,,,,,,,,,,,,,,,,,,,,,,TCL36,,,,,,,,,,,,,,,,,
,UMPS,,,CPS1,ERGICL191,,,,,,,,,CTSB,,,,,,,,,,,,,,,,,,,,,,,,,,,ITGAD,,,,,DNASE2L187,,,,,,,,,,,,PLA2G4K,,,,,,,,,,,,,,,,,,,,,,,,TCL37,,,,,,,,,,,,,,,,,
,UMPS,,,C8B,ERGICL192,,,,,,,,,CTSB,,,,,,,,,,,,,,,,,,,,,,,,,,,ITGAE,,,,,DNASE2L188,,,,,,,,,,,,PLA2G4L,,,,,,,,,,,,,,,,,,,,,,,,TCL38,,,,,,,,,,,,,,,,,
,UMPS,,,RTF2,ERGICL193,,,,,,,,,CTSB,,,,,,,,,,,,,,,,,,,,,,,,,,,ITGAL,,,,,DNASE2L189,,,,,,,,,,,,PLA2G4M,,,,,,,,,,,,,,,,,,,,,,,,TCL39,,,,,,,,,,,,,,,,,
,UMPS,,,GABRA1,ERGICL194,,,,,,,,,CTSB,,,,,,,,,,,,,,,,,,,,,,,,,,,ITGAM,,,,,DNASE2L190,,,,,,,,,,,,PLA2G4N,,,,,,,,,,,,,,,,,,,,,,,,TCL40,,,,,,,,,,,,,,,,,
,UMPS,,,NLRP2,ERGICL195,,,,,,,,,CTSB,,,,,,,,,,,,,,,,,,,,,,,,,,,ITGAV,,,,,DNASE2L191,,,,,,,,,,,,PLA2G4O,,,,,,,,,,,,,,,,,,,,,,,,TCL41,,,,,,,,,,,,,,,,,
,UMPS,,,SLC45A4,ERGICL196,,,,,,,,,CTSB,,,,,,,,,,,,,,,,,,,,,,,,,,,ITGAX,,,,,DNASE2L192,,,,,,,,,,,,PLA2G4P,,,,,,,,,,,,,,,,,,,,,,,,TCL42,,,,,,,,,,,,,,,,,
,UMPS,,,RNF10,ERGICL197,,,,,,,,,CTSB,,,,,,,,,,,,,,,,,,,,,,,,,,,ITGB1,,,,,DNASE2L193,,,,,,,,,,,,PLA2G4Q,,,,,,,,,,,,,,,,,,,,,,,,TCL43,,,,,,,,,,,,,,,,,
,UMPS,,,ZNF839,ERGICL198,,,,,,,,,CTSB,,,,,,,,,,,,,,,,,,,,,,,,,,,ITGB1BP1,,,,,DNASE2L194,,,,,,,,,,,,PLA2G4R,,,,,,,,,,,,,,,,,,,,,,,,TCL44,,,,,,,,,,,,,,,,,
,UMPS,,,ZDHHC6,ERGICL199,,,,,,,,,CTSB,,,,,,,,,,,,,,,,,,,,,,,,,,,ITGB2,,,,,DNASE2L195,,,,,,,,,,,,PLA2G4S,,,,,,,,,,,,,,,,,,,,,,,,TCL45,,,,,,,,,,,,,,,,,
,UMPS,,,GRAMD1B,ERGICL200,,,,,,,,,CTSB,,,,,,,,,,,,,,,,,,,,,,,,,,,ITGB3,,,,,DNASE2L196,,,,,,,,,,,,PLA2G4T,,,,,,,,,,,,,,,,,,,,,,,,TCL46,,,,,,,,,,,,,,,,,
,UMPS,,,RNH1,,,,,,,,,,CTSB,,,,,,,,,,,,,,,,,,,,,,,,,,,ITGB4,,,,,DNASE2L197,,,,,,,,,,,,PLA2G4U,,,,,,,,,,,,,,,,,,,,,,,,TCL47,,,,,,,,,,,,,,,,,
,UMPS,,,NDUFS1,,,,,,,,,,CTSB,,,,,,,,,,,,,,,,,,,,,,,,,,,ITGB5,,,,,DNASE2L198,,,,,,,,,,,,PLA2G4V,,,,,,,,,,,,,,,,,,,,,,,,TCL48,,,,,,,,,,,,,,,,,
,UMPS,,,RB1CC1,,,,,,,,,,CTSB,,,,,,,,,,,,,,,,,,,,,,,,,,,ITGB6,,,,,DNASE2L199,,,,,,,,,,,,PLA2G4W,,,,,,,,,,,,,,,,,,,,,,,,TCL49,,,,,,,,,,,,,,,,,
,UMPS,,,ERP44,,,,,,,,,,CTSB,,,,,,,,,,,,,,,,,,,,,,,,,,,ITGB7,,,,,DNASE2L200,,,,,,,,,,,,PLA2G4X,,,,,,,,,,,,,,,,,,,,,,,,TCL50,,,,,,,,,,,,,,,,,
,UMPS,,,ALAS1,,,,,,,,,,CTSB,,,,,,,,,,,,,,,,,,,,,,,,,,,ITGB8,,,,,,,,,,,,,,,,,PLA2G4Y,,,,,,,,,,,,,,,,,,,,,,,,TCL51,,,,,,,,,,,,,,,,,
,UMPS,,,BIRC3,,,,,,,,,,CTSB,,,,,,,,,,,,,,,,,,,,,,,,,,,ITGB1LP,,,,,,,,,,,,,,,,,PLA2G4Z,,,,,,,,,,,,,,,,,,,,,,,,TCL52,,,,,,,,,,,,,,,,,
,UMPS,,,AKAP11,,,,,,,,,,CTSB,,,,,,,,,,,,,,,,,,,,,,,,,,,ITGBL1,,,,,,,,,,,,,,,,,PLA2G4,,,,,,,,,,,,,,,,,,,,,,,,TCL53,,,,,,,,,,,,,,,,,
,UMPS,,,GLRX2,,,,,,,,,,CTSB,,,,,,,,,,,,,,,,,,,,,,,,,,,ITIH1,,,,,,,,,,,,,,,,,PLA2G1B,,,,,,,,,,,,,,,,,,,,,,,,TCL54,,,,,,,,,,,,,,,,,
,UMPS,,,SNAPC1,,,,,,,,,,CTSB,,,,,,,,,,,,,,,,,,,,,,,,,,,ITIH2,,,,,,,,,,,,,,,,,PLA2G1C,,,,,,,,,,,,,,,,,,,,,,,,TCL55,,,,,,,,,,,,,,,,,
,UMPS,,,DERA,,,,,,,,,,CTSB,,,,,,,,,,,,,,,,,,,,,,,,,,,ITIH3,,,,,,,,,,,,,,,,,PLA2G1D,,,,,,,,,,,,,,,,,,,,,,,,TCL56,,,,,,,,,,,,,,,,,
,UMPS,,,STRAP,,,,,,,,,,CTSB,,,,,,,,,,,,,,,,,,,,,,,,,,,ITIH4,,,,,,,,,,,,,,,,,PLA2G1E,,,,,,,,,,,,,,,,,,,,,,,,TCL57,,,,,,,,,,,,,,,,,
,UMPS,,,ABCC2,,,,,,,,,,CTSB,,,,,,,,,,,,,,,,,,,,,,,,,,,ITIH5,,,,,,,,,,,,,,,,,PLA2G1F,,,,,,,,,,,,,,,,,,,,,,,,TCL58,,,,,,,,,,,,,,,,,
,UMPS,,,DEF6,,,,,,,,,,CTSB,,,,,,,,,,,,,,,,,,,,,,,,,,,ITIH6,,,,,,,,,,,,,,,,,PLA2G1G,,,,,,,,,,,,,,,,,,,,,,,,TCL59,,,,,,,,,,,,,,,,,
,UMPS,,,PLEKHO1,,,,,,,,,,CTSB,,,,,,,,,,,,,,,,,,,,,,,,,,,ITIH7,,,,,,,,,,,,,,,,,PLA2G1H,,,,,,,,,,,,,,,,,,,,,,,,TCL60,,,,,,,,,,,,,,,,,
,UMPS,,,GCLM,,,,,,,,,,CTSB,,,,,,,,,,,,,,,,,,,,,,,,,,,ITIH1-ITIH3,,,,,,,,,,,,,,,,,PLA2G1I,,,,,,,,,,,,,,,,,,,,,,,,TCL61,,,,,,,,,,,,,,,,,
,UMPS,,,UBR2,,,,,,,,,,CTSB,,,,,,,,,,,,,,,,,,,,,,,,,,,ITK,,,,,,,,,,,,,,,,,PLA2G1J,,,,,,,,,,,,,,,,,,,,,,,,TCL62,,,,,,,,,,,,,,,,,
,UMPS,,,EHD2,,,,,,,,,,CTSB,,,,,,,,,,,,,,,,,,,,,,,,,,,ITM2A,,,,,,,,,,,,,,,,,PLA2G1K,,,,,,,,,,,,,,,,,,,,,,,,TCL63,,,,,,,,,,,,,,,,,
,UMPS,,,DEPDC1,,,,,,,,,,CTSB,,,,,,,,,,,,,,,,,,,,,,,,,,,ITM2B,,,,,,,,,,,,,,,,,PLA2G1L,,,,,,,,,,,,,,,,,,,,,,,,TCL64,,,,,,,,,,,,,,,,,
,UMPS,,,CCDC28A,,,,,,,,,,CTSB,,,,,,,,,,,,,,,,,,,,,,,,,,,ITM2C,,,,,,,,,,,,,,,,,PLA2G1M,,,,,,,,,,,,,,,,,,,,,,,,TCL65,,,,,,,,,,,,,,,,,
,UMPS,,,RRAGD,,,,,,,,,,CTSB,,,,,,,,,,,,,,,,,,,,,,,,,,,ITPR1,,,,,,,,,,,,,,,,,PLA2G1N,,,,,,,,,,,,,,,,,,,,,,,,TCL66,,,,,,,,,,,,,,,,,
,UMPS,,,HSF2,,,,,,,,,,CTSB,,,,,,,,,,,,,,,,,,,,,,,,,,,ITPR2,,,,,,,,,,,,,,,,,PLA2G1O,,,,,,,,,,,,,,,,,,,,,,,,TCL67,,,,,,,,,,,,,,,,,
,UMPS,,,PHF20,,,,,,,,,,CTSB,,,,,,,,,,,,,,,,,,,,,,,,,,,ITPR3,,,,,,,,,,,,,,,,,PLA2G1P,,,,,,,,,,,,,,,,,,,,,,,,TCL68,,,,,,,,,,,,,,,,,
,UMPS,,,HSD17B6,,,,,,,,,,CTSB,,,,,,,,,,,,,,,,,,,,,,,,,,,ITPK1,,,,,,,,,,,,,,,,,PLA2G1Q,,,,,,,,,,,,,,,,,,,,,,,,TCL69,,,,,,,,,,,,,,,,,
,UMPS,,,NR1H3,,,,,,,,,,CTSB,,,,,,,,,,,,,,,,,,,,,,,,,,,ITPKB,,,,,,,,,,,,,,,,,PLA2G1R,,,,,,,,,,,,,,,,,,,,,,,,TCL70,,,,,,,,,,,,,,,,,
,UMPS,,,TYMP,,,,,,,,,,CTSB,,,,,,,,,,,,,,,,,,,,,,,,,,,ITPKA,,,,,,,,,,,,,,,,,PLA2G1S,,,,,,,,,,,,,,,,,,,,,,,,TCL71,,,,,,,,,,,,,,,,,
,UMPS,,,NCAPH2,,,,,,,,,,CTSB,,,,,,,,,,,,,,,,,,,,,,,,,,,ITPKC,,,,,,,,,,,,,,,,,PLA2G1T,,,,,,,,,,,,,,,,,,,,,,,,TCL72,,,,,,,,,,,,,,,,,
,UMPS,,,TOMM34,,,,,,,,,,CTSB,,,,,,,,,,,,,,,,,,,,,,,,,,,ITPKE,,,,,,,,,,,,,,,,,PLA2G1U,,,,,,,,,,,,,,,,,,,,,,,,TCL73,,,,,,,,,,,,,,,,,
,UMPS,,,SEC63,,,,,,,,,,CTSB,,,,,,,,,,,,,,,,,,,,,,,,,,,ITPN,,,,,,,,,,,,,,,,,PLA2G1V,,,,,,,,,,,,,,,,,,,,,,,,TCL74,,,,,,,,,,,,,,,,,
,UMPS,,,KPNA6,,,,,,,,,,CTSB,,,,,,,,,,,,,,,,,,,,,,,,,,,ITPP,,,,,,,,,,,,,,,,,PLA2G1W,,,,,,,,,,,,,,,,,,,,,,,,TCL75,,,,,,,,,,,,,,,,,
,UMPS,,,VIM,,,,,,,,,,CTSB,,,,,,,,,,,,,,,,,,,,,,,,,,,ITPRID1,,,,,,,,,,,,,,,,,PLA2G1X,,,,,,,,,,,,,,,,,,,,,,,,TCL76,,,,,,,,,,,,,,,,,
,UMPS,,,RTEL1-TNFRSF6B,,,,,,,,,,CTSB,,,,,,,,,,,,,,,,,,,,,,,,,,,ITSI,,,,,,,,,,,,,,,,,PLA2G1Y,,,,,,,,,,,,,,,,,,,,,,,,TCL77,,,,,,,,,,,,,,,,,
,UMPS,,,FAS,,,,,,,,,,CTSB,,,,,,,,,,,,,,,,,,,,,,,,,,,ITSN1,,,,,,,,,,,,,,,,,PLA2G1Z,,,,,,,,,,,,,,,,,,,,,,,,TCL78,,,,,,,,,,,,,,,,,
,UMPS,,,RNASET2,,,,,,,,,,CTSB,,,,,,,,,,,,,,,,,,,,,,,,,,,ITSN2,,,,,,,,,,,,,,,,,PLA2G1A,,,,,,,,,,,,,,,,,,,,,,,,TCL79,,,,,,,,,,,,,,,,,
,UMPS,,,CD44,,,,,,,,,,CTSB,,,,,,,,,,,,,,,,,,,,,,,,,,,ITIH1-ITIH3,,,,,,,,,,,,,,,,,PLA2G1,,,,,,,,,,,,,,,,,,,,,,,,TCL80,,,,,,,,,,,,,,,,,
,UMPS,,,KCNG1,,,,,,,,,,CTSB,,,,,,,,,,,,,,,,,,,,,,,,,,,ITK,,,,,,,,,,,,,,,,,PLA2G3,,,,,,,,,,,,,,,,,,,,,,,,TCL81,,,,,,,,,,,,,,,,,
,UMPS,,,AGPAT4,,,,,,,,,,CTSB,,,,,,,,,,,,,,,,,,,,,,,,,,,ITM2A,,,,,,,,,,,,,,,,,PLA2G5,,,,,,,,,,,,,,,,,,,,,,,,TCL82,,,,,,,,,,,,,,,,,
,UMPS,,,SLAMF7,,,,,,,,,,CTSB,,,,,,,,,,,,,,,,,,,,,,,,,,,ITM2B,,,,,,,,,,,,,,,,,PLA2G6,,,,,,,,,,,,,,,,,,,,,,,,TCL83,,,,,,,,,,,,,,,,,
,UMPS,,,BTN3A1,,,,,,,,,,CTSB,,,,,,,,,,,,,,,,,,,,,,,,,,,ITM2C,,,,,,,,,,,,,,,,,PLA2G7,,,,,,,,,,,,,,,,,,,,,,,,TCL84,,,,,,,,,,,,,,,,,
,UMPS,,,MIPEP,,,,,,,,,,CTSB,,,,,,,,,,,,,,,,,,,,,,,,,,,ITPR1,,,,,,,,,,,,,,,,,PLA2G10,,,,,,,,,,,,,,,,,,,,,,,,TCL85,,,,,,,,,,,,,,,,,
,UMPS,,,PRKCH,,,,,,,,,,CTSB,,,,,,,,,,,,,,,,,,,,,,,,,,,ITPR2,,,,,,,,,,,,,,,,,PLA2G12A,,,,,,,,,,,,,,,,,,,,,,,,TCL86,,,,,,,,,,,,,,,,,
,UMPS,,,INSRR,,,,,,,,,,CTSB,,,,,,,,,,,,,,,,,,,,,,,,,,,ITPR3,,,,,,,,,,,,,,,,,PLA2G12B,,,,,,,,,,,,,,,,,,,,,,,,TCL87,,,,,,,,,,,,,,,,,
,UMPS,,,IFNGR1,,,,,,,,,,CTSB,,,,,,,,,,,,,,,,,,,,,,,,,,,ITPK1,,,,,,,,,,,,,,,,,PLA2G12,,,,,,,,,,,,,,,,,,,,,,,,TCL88,,,,,,,,,,,,,,,,,
,UMPS,,,B4GALT7,,,,,,,,,,CTSB,,,,,,,,,,,,,,,,,,,,,,,,,,,ITPKB,,,,,,,,,,,,,,,,,PLA2G15,,,,,,,,,,,,,,,,,,,,,,,,TCL89,,,,,,,,,,,,,,,,,
,UMPS,,,SH2D2A,,,,,,,,,,CTSB,,,,,,,,,,,,,,,,,,,,,,,,,,,ITPKA,,,,,,,,,,,,,,,,,PLA2G16,,,,,,,,,,,,,,,,,,,,,,,,TCL90,,,,,,,,,,,,,,,,,
,UMPS,,,VRK2,,,,,,,,,,CTSB,,,,,,,,,,,,,,,,,,,,,,,,,,,ITPKC,,,,,,,,,,,,,,,,,PLA2G17,,,,,,,,,,,,,,,,,,,,,,,,TCL91,,,,,,,,,,,,,,,,,
,UMPS,,,TNFRSF1B,,,,,,,,,,CTSB,,,,,,,,,,,,,,,,,,,,,,,,,,,ITPKE,,,,,,,,,,,,,,,,,PLA2G18,,,,,,,,,,,,,,,,,,,,,,,,TCL92,,,,,,,,,,,,,,,,,
,UMPS,,,VEZT,,,,,,,,,,CTSB,,,,,,,,,,,,,,,,,,,,,,,,,,,ITPN,,,,,,,,,,,,,,,,,PLA2G19,,,,,,,,,,,,,,,,,,,,,,,,TCL93,,,,,,,,,,,,,,,,,
,UMPS,,,POU2F2,,,,,,,,,,CTSB,,,,,,,,,,,,,,,,,,,,,,,,,,,ITPP,,,,,,,,,,,,,,,,,PLA2G2A,,,,,,,,,,,,,,,,,,,,,,,,TCL94,,,,,,,,,,,,,,,,,
,UMPS,,,BRD9,,,,,,,,,,CTSB,,,,,,,,,,,,,,,,,,,,,,,,,,,ITPRID1,,,,,,,,,,,,,,,,,PLA2G2B,,,,,,,,,,,,,,,,,,,,,,,,TCL95,,,,,,,,,,,,,,,,,
,UMPS,,,SNX1,,,,,,,,,,CTSB,,,,,,,,,,,,,,,,,,,,,,,,,,,ITSI,,,,,,,,,,,,,,,,,PLA2G2C,,,,,,,,,,,,,,,,,,,,,,,,TCL96,,,,,,,,,,,,,,,,,
,UMPS,,,TBPL1,,,,,,,,,,CTSB,,,,,,,,,,,,,,,,,,,,,,,,,,,ITSN1,,,,,,,,,,,,,,,,,PLA2G2D,,,,,,,,,,,,,,,,,,,,,,,,TCL97,,,,,,,,,,,,,,,,,
,UMPS,,,ARNTL2,,,,,,,,,,CTSB,,,,,,,,,,,,,,,,,,,,,,,,,,,ITSN2,,,,,,,,,,,,,,,,,PLA2G2E,,,,,,,,,,,,,,,,,,,,,,,,TCL98,,,,,,,,,,,,,,,,,
,UMPS,,,BCLAF1,,,,,,,,,,CTSB,,,,,,,,,,,,,,,,,,,,,,,,,,,,,,,,,,,,,,,,,,,,PLA2G2F,,,,,,,,,,,,,,,,,,,,,,,,TCL99,,,,,,,,,,,,,,,,,
,UMPS,,,SLC39A9,,,,,,,,,,CTSB,,,,,,,,,,,,,,,,,,,,,,,,,,,,,,,,,,,,,,,,,,,,PLA2G2G,,,,,,,,,,,,,,,,,,,,,,,,TCL100,,,,,,,,,,,,,,,,,
,UMPS,,,ANK1,,,,,,,,,,CTSB,,,,,,,,,,,,,,,,,,,,,,,,,,,,,,,,,,,,,,,,,,,,PLA2G2H,,,,,,,,,,,,,,,,,,,,,,,,,,,,,,,,,,,,,,,,,
,UMPS,,,IBSP,,,,,,,,,,CTSB,,,,,,,,,,,,,,,,,,,,,,,,,,,,,,,,,,,,,,,,,,,,PLA2G2I,,,,,,,,,,,,,,,,,,,,,,,,,,,,,,,,,,,,,,,,,
,UMPS,,,TFB1M,,,,,,,,,,CTSB,,,,,,,,,,,,,,,,,,,,,,,,,,,,,,,,,,,,,,,,,,,,PLA2G2J,,,,,,,,,,,,,,,,,,,,,,,,,,,,,,,,,,,,,,,,,
,UMPS,,,RABEP1,,,,,,,,,,CTSB,,,,,,,,,,,,,,,,,,,,,,,,,,,,,,,,,,,,,,,,,,,,PLA2G2K,,,,,,,,,,,,,,,,,,,,,,,,,,,,,,,,,,,,,,,,,
,UMPS,,,NUP160,,,,,,,,,,CTSB,,,,,,,,,,,,,,,,,,,,,,,,,,,,,,,,,,,,,,,,,,,,PLA2G2L,,,,,,,,,,,,,,,,,,,,,,,,,,,,,,,,,,,,,,,,,
,UMPS,,,BAK1,,,,,,,,,,CTSB,,,,,,,,,,,,,,,,,,,,,,,,,,,,,,,,,,,,,,,,,,,,PLA2G2M,,,,,,,,,,,,,,,,,,,,,,,,,,,,,,,,,,,,,,,,,
,UMPS,,,MUSK,,,,,,,,,,CTSB,,,,,,,,,,,,,,,,,,,,,,,,,,,,,,,,,,,,,,,,,,,,PLA2G2N,,,,,,,,,,,,,,,,,,,,,,,,,,,,,,,,,,,,,,,,,
,UMPS,,,IKZF2,,,,,,,,,,CTSB,,,,,,,,,,,,,,,,,,,,,,,,,,,,,,,,,,,,,,,,,,,,PLA2G2O,,,,,,,,,,,,,,,,,,,,,,,,,,,,,,,,,,,,,,,,,
,UMPS,,,GRN,,,,,,,,,,CTSB,,,,,,,,,,,,,,,,,,,,,,,,,,,,,,,,,,,,,,,,,,,,PLA2G2P,,,,,,,,,,,,,,,,,,,,,,,,,,,,,,,,,,,,,,,,,
,UMPS,,,FAM13B,,,,,,,,,,CTSB,,,,,,,,,,,,,,,,,,,,,,,,,,,,,,,,,,,,,,,,,,,,PLA2G2Q,,,,,,,,,,,,,,,,,,,,,,,,,,,,,,,,,,,,,,,,,
,UMPS,,,ARHGAP31,,,,,,,,,,CTSB,,,,,,,,,,,,,,,,,,,,,,,,,,,,,,,,,,,,,,,,,,,,PLA2G2R,,,,,,,,,,,,,,,,,,,,,,,,,,,,,,,,,,,,,,,,,
,UMPS,,,CENPQ,,,,,,,,,,CTSB,,,,,,,,,,,,,,,,,,,,,,,,,,,,,,,,,,,,,,,,,,,,PLA2G2S,,,,,,,,,,,,,,,,,,,,,,,,,,,,,,,,,,,,,,,,,
,UMPS,,,SARS1,,,,,,,,,,CTSB,,,,,,,,,,,,,,,,,,,,,,,,,,,,,,,,,,,,,,,,,,,,PLA2G2T,,,,,,,,,,,,,,,,,,,,,,,,,,,,,,,,,,,,,,,,,
,UMPS,,,RANBP3,,,,,,,,,,CTSB,,,,,,,,,,,,,,,,,,,,,,,,,,,,,,,,,,,,,,,,,,,,PLA2G2U,,,,,,,,,,,,,,,,,,,,,,,,,,,,,,,,,,,,,,,,,
,UMPS,,,ARID4A,,,,,,,,,,CTSB,,,,,,,,,,,,,,,,,,,,,,,,,,,,,,,,,,,,,,,,,,,,PLA2G2V,,,,,,,,,,,,,,,,,,,,,,,,,,,,,,,,,,,,,,,,,
,UMPS,,,EIPR1,,,,,,,,,,CTSB,,,,,,,,,,,,,,,,,,,,,,,,,,,,,,,,,,,,,,,,,,,,PLA2G2W,,,,,,,,,,,,,,,,,,,,,,,,,,,,,,,,,,,,,,,,,
,UMPS,,,PNPLA6,,,,,,,,,,CTSB,,,,,,,,,,,,,,,,,,,,,,,,,,,,,,,,,,,,,,,,,,,,PLA2G2X,,,,,,,,,,,,,,,,,,,,,,,,,,,,,,,,,,,,,,,,,
,UMPS,,,IFT88,,,,,,,,,,CTSB,,,,,,,,,,,,,,,,,,,,,,,,,,,,,,,,,,,,,,,,,,,,PLA2G2Y,,,,,,,,,,,,,,,,,,,,,,,,,,,,,,,,,,,,,,,,,
,UMPS,,,ALG1,,,,,,,,,,CTSB,,,,,,,,,,,,,,,,,,,,,,,,,,,,,,,,,,,,,,,,,,,,PLA2G2Z,,,,,,,,,,,,,,,,,,,,,,,,,,,,,,,,,,,,,,,,,
,UMPS,,,ZCCHC8,,,,,,,,,,CTSB,,,,,,,,,,,,,,,,,,,,,,,,,,,,,,,,,,,,,,,,,,,,PLA2G2,,,,,,,,,,,,,,,,,,,,,,,,,,,,,,,,,,,,,,,,,
,UMPS,,,ABCF2,,,,,,,,,,CTSB,,,,,,,,,,,,,,,,,,,,,,,,,,,,,,,,,,,,,,,,,,,,PLA2G4A,,,,,,,,,,,,,,,,,,,,,,,,,,,,,,,,,,,,,,,,,
,UMPS,,,CHPF2,,,,,,,,,,CTSB,,,,,,,,,,,,,,,,,,,,,,,,,,,,,,,,,,,,,,,,,,,,PLA2G4B,,,,,,,,,,,,,,,,,,,,,,,,,,,,,,,,,,,,,,,,,
,UMPS,,,LRRC7,,,,,,,,,,CTSB,,,,,,,,,,,,,,,,,,,,,,,,,,,,,,,,,,,,,,,,,,,,PLA2G4C,,,,,,,,,,,,,,,,,,,,,,,,,,,,,,,,,,,,,,,,,
,UMPS,,,FUT8,,,,,,,,,,CTSB,,,,,,,,,,,,,,,,,,,,,,,,,,,,,,,,,,,,,,,,,,,,PLA2G4D,,,,,,,,,,,,,,,,,,,,,,,,,,,,,,,,,,,,,,,,,
,UMPS,,,UBA6,,,,,,,,,,CTSB,,,,,,,,,,,,,,,,,,,,,,,,,,,,,,,,,,,,,,,,,,,,PLA2G4E,,,,,,,,,,,,,,,,,,,,,,,,,,,,,,,,,,,,,,,,,
,UMPS,,,GAB2,,,,,,,,,,CTSB,,,,,,,,,,,,,,,,,,,,,,,,,,,,,,,,,,,,,,,,,,,,PLA2G4F,,,,,,,,,,,,,,,,,,,,,,,,,,,,,,,,,,,,,,,,,
,UMPS,,,ATP6V0A1,,,,,,,,,,CTSB,,,,,,,,,,,,,,,,,,,,,,,,,,,,,,,,,,,,,,,,,,,,PLA2G4G,,,,,,,,,,,,,,,,,,,,,,,,,,,,,,,,,,,,,,,,,
,UMPS,,,PIAS1,,,,,,,,,,CTSB,,,,,,,,,,,,,,,,,,,,,,,,,,,,,,,,,,,,,,,,,,,,PLA2G4H,,,,,,,,,,,,,,,,,,,,,,,,,,,,,,,,,,,,,,,,,
,UMPS,,,SLC4A7,,,,,,,,,,CTSB,,,,,,,,,,,,,,,,,,,,,,,,,,,,,,,,,,,,,,,,,,,,PLA2G4I,,,,,,,,,,,,,,,,,,,,,,,,,,,,,,,,,,,,,,,,,
,UMPS,,,APBA2,,,,,,,,,,CTSB,,,,,,,,,,,,,,,,,,,,,,,,,,,,,,,,,,,,,,,,,,,,PLA2G4J,,,,,,,,,,,,,,,,,,,,,,,,,,,,,,,,,,,,,,,,,
,UMPS,,,MAP2K3,,,,,,,,,,CTSB,,,,,,,,,,,,,,,,,,,,,,,,,,,,,,,,,,,,,,,,,,,,PLA2G4K,,,,,,,,,,,,,,,,,,,,,,,,,,,,,,,,,,,,,,,,,
,UMPS,,,EFCAB1,,,,,,,,,,CTSB,,,,,,,,,,,,,,,,,,,,,,,,,,,,,,,,,,,,,,,,,,,,PLA2G4L,,,,,,,,,,,,,,,,,,,,,,,,,,,,,,,,,,,,,,,,,
,UMPS,,,TMSB10,,,,,,,,,,CTSB,,,,,,,,,,,,,,,,,,,,,,,,,,,,,,,,,,,,,,,,,,,,PLA2G4M,,,,,,,,,,,,,,,,,,,,,,,,,,,,,,,,,,,,,,,,,
,UMPS,,,ASTE1,,,,,,,,,,CTSB,,,,,,,,,,,,,,,,,,,,,,,,,,,,,,,,,,,,,,,,,,,,PLA2G4N,,,,,,,,,,,,,,,,,,,,,,,,,,,,,,,,,,,,,,,,,
,UMPS,,,RNF19A,,,,,,,,,,CTSB,,,,,,,,,,,,,,,,,,,,,,,,,,,,,,,,,,,,,,,,,,,,PLA2G4O,,,,,,,,,,,,,,,,,,,,,,,,,,,,,,,,,,,,,,,,,
,UMPS,,,PEX3,,,,,,,,,,CTSB,,,,,,,,,,,,,,,,,,,,,,,,,,,,,,,,,,,,,,,,,,,,PLA2G4P,,,,,,,,,,,,,,,,,,,,,,,,,,,,,,,,,,,,,,,,,
,UMPS,,,GABARAPL2,,,,,,,,,,CTSB,,,,,,,,,,,,,,,,,,,,,,,,,,,,,,,,,,,,,,,,,,,,PLA2G4Q,,,,,,,,,,,,,,,,,,,,,,,,,,,,,,,,,,,,,,,,,
,UMPS,,,MYOC,,,,,,,,,,CTSB,,,,,,,,,,,,,,,,,,,,,,,,,,,,,,,,,,,,,,,,,,,,PLA2G4R,,,,,,,,,,,,,,,,,,,,,,,,,,,,,,,,,,,,,,,,,
,UMPS,,,SH3YL1,,,,,,,,,,CTSB,,,,,,,,,,,,,,,,,,,,,,,,,,,,,,,,,,,,,,,,,,,,PLA2G4S,,,,,,,,,,,,,,,,,,,,,,,,,,,,,,,,,,,,,,,,,
,UMPS,,,FAM136A,,,,,,,,,,CTSB,,,,,,,,,,,,,,,,,,,,,,,,,,,,,,,,,,,,,,,,,,,,PLA2G4T,,,,,,,,,,,,,,,,,,,,,,,,,,,,,,,,,,,,,,,,,
,UMPS,,,VCL,,,,,,,,,,CTSB,,,,,,,,,,,,,,,,,,,,,,,,,,,,,,,,,,,,,,,,,,,,PLA2G4U,,,,,,,,,,,,,,,,,,,,,,,,,,,,,,,,,,,,,,,,,
,UMPS,,,DEPDC1B,,,,,,,,,,CTSB,,,,,,,,,,,,,,,,,,,,,,,,,,,,,,,,,,,,,,,,,,,,PLA2G4V,,,,,,,,,,,,,,,,,,,,,,,,,,,,,,,,,,,,,,,,,
,UMPS,,,DAPK2,,,,,,,,,,CTSB,,,,,,,,,,,,,,,,,,,,,,,,,,,,,,,,,,,,,,,,,,,,PLA2G4W,,,,,,,,,,,,,,,,,,,,,,,,,,,,,,,,,,,,,,,,,
,UMPS,,,NSMAF,,,,,,,,,,CTSB,,,,,,,,,,,,,,,,,,,,,,,,,,,,,,,,,,,,,,,,,,,,PLA2G4X,,,,,,,,,,,,,,,,,,,,,,,,,,,,,,,,,,,,,,,,,
,UMPS,,,ADSS2,,,,,,,,,,CTSB,,,,,,,,,,,,,,,,,,,,,,,,,,,,,,,,,,,,,,,,,,,,PLA2G4Y,,,,,,,,,,,,,,,,,,,,,,,,,,,,,,,,,,,,,,,,,
,UMPS,,,STAP1,,,,,,,,,,CTSB,,,,,,,,,,,,,,,,,,,,,,,,,,,,,,,,,,,,,,,,,,,,PLA2G4Z,,,,,,,,,,,,,,,,,,,,,,,,,,,,,,,,,,,,,,,,,
,UMPS,,,TIMP2,,,,,,,,,,CTSB,,,,,,,,,,,,,,,,,,,,,,,,,,,,,,,,,,,,,,,,,,,,PLA2G4,,,,,,,,,,,,,,,,,,,,,,,,,,,,,,,,,,,,,,,,,
,UMPS,,,RFC1,,,,,,,,,,CTSB,,,,,,,,,,,,,,,,,,,,,,,,,,,,,,,,,,,,,,,,,,,,PLA2G1B,,,,,,,,,,,,,,,,,,,,,,,,,,,,,,,,,,,,,,,,,
,UMPS,,,TBC1D23,,,,,,,,,,CTSB,,,,,,,,,,,,,,,,,,,,,,,,,,,,,,,,,,,,,,,,,,,,PLA2G1C,,,,,,,,,,,,,,,,,,,,,,,,,,,,,,,,,,,,,,,,,
,UMPS,,,CUL3,,,,,,,,,,CTSB,,,,,,,,,,,,,,,,,,,,,,,,,,,,,,,,,,,,,,,,,,,,PLA2G1D,,,,,,,,,,,,,,,,,,,,,,,,,,,,,,,,,,,,,,,,,
,UMPS,,,MYOM2,,,,,,,,,,CTSB,,,,,,,,,,,,,,,,,,,,,,,,,,,,,,,,,,,,,,,,,,,,PLA2G1E,,,,,,,,,,,,,,,,,,,,,,,,,,,,,,,,,,,,,,,,,
,UMPS,,,CYP46A1,,,,,,,,,,CTSB,,,,,,,,,,,,,,,,,,,,,,,,,,,,,,,,,,,,,,,,,,,,PLA2G1F,,,,,,,,,,,,,,,,,,,,,,,,,,,,,,,,,,,,,,,,,
,UMPS,,,ZZZ3,,,,,,,,,,CTSB,,,,,,,,,,,,,,,,,,,,,,,,,,,,,,,,,,,,,,,,,,,,PLA2G1G,,,,,,,,,,,,,,,,,,,,,,,,,,,,,,,,,,,,,,,,,
,UMPS,,,SLC18A1,,,,,,,,,,CTSB,,,,,,,,,,,,,,,,,,,,,,,,,,,,,,,,,,,,,,,,,,,,PLA2G1H,,,,,,,,,,,,,,,,,,,,,,,,,,,,,,,,,,,,,,,,,
,UMPS,,,USP2,,,,,,,,,,CTSB,,,,,,,,,,,,,,,,,,,,,,,,,,,,,,,,,,,,,,,,,,,,PLA2G1I,,,,,,,,,,,,,,,,,,,,,,,,,,,,,,,,,,,,,,,,,
,UMPS,,,CASR,,,,,,,,,,CTSB,,,,,,,,,,,,,,,,,,,,,,,,,,,,,,,,,,,,,,,,,,,,PLA2G1J,,,,,,,,,,,,,,,,,,,,,,,,,,,,,,,,,,,,,,,,,
,UMPS,,,TUBG2,,,,,,,,,,CTSB,,,,,,,,,,,,,,,,,,,,,,,,,,,,,,,,,,,,,,,,,,,,PLA2G1K,,,,,,,,,,,,,,,,,,,,,,,,,,,,,,,,,,,,,,,,,
,UMPS,,,FLT4,,,,,,,,,,CTSB,,,,,,,,,,,,,,,,,,,,,,,,,,,,,,,,,,,,,,,,,,,,PLA2G1L,,,,,,,,,,,,,,,,,,,,,,,,,,,,,,,,,,,,,,,,,
,UMPS,,,NSUN2,,,,,,,,,,CTSB,,,,,,,,,,,,,,,,,,,,,,,,,,,,,,,,,,,,,,,,,,,,PLA2G1M,,,,,,,,,,,,,,,,,,,,,,,,,,,,,,,,,,,,,,,,,
,UMPS,,,FBXO42,,,,,,,,,,CTSB,,,,,,,,,,,,,,,,,,,,,,,,,,,,,,,,,,,,,,,,,,,,PLA2G1N,,,,,,,,,,,,,,,,,,,,,,,,,,,,,,,,,,,,,,,,,
,UMPS,,,MFAP3,,,,,,,,,,CTSB,,,,,,,,,,,,,,,,,,,,,,,,,,,,,,,,,,,,,,,,,,,,PLA2G1O,,,,,,,,,,,,,,,,,,,,,,,,,,,,,,,,,,,,,,,,,
,UMPS,,,MRI1,,,,,,,,,,CTSB,,,,,,,,,,,,,,,,,,,,,,,,,,,,,,,,,,,,,,,,,,,,PLA2G1P,,,,,,,,,,,,,,,,,,,,,,,,,,,,,,,,,,,,,,,,,
,UMPS,,,METTL1,,,,,,,,,,CTSB,,,,,,,,,,,,,,,,,,,,,,,,,,,,,,,,,,,,,,,,,,,,PLA2G1Q,,,,,,,,,,,,,,,,,,,,,,,,,,,,,,,,,,,,,,,,,
,UMPS,,,HOXC8,,,,,,,,,,CTSB,,,,,,,,,,,,,,,,,,,,,,,,,,,,,,,,,,,,,,,,,,,,PLA2G1R,,,,,,,,,,,,,,,,,,,,,,,,,,,,,,,,,,,,,,,,,
,UMPS,,,AGA,,,,,,,,,,CTSB,,,,,,,,,,,,,,,,,,,,,,,,,,,,,,,,,,,,,,,,,,,,PLA2G1S,,,,,,,,,,,,,,,,,,,,,,,,,,,,,,,,,,,,,,,,,
,UMPS,,,PI4K2B,,,,,,,,,,CTSB,,,,,,,,,,,,,,,,,,,,,,,,,,,,,,,,,,,,,,,,,,,,PLA2G1T,,,,,,,,,,,,,,,,,,,,,,,,,,,,,,,,,,,,,,,,,
,UMPS,,,BOD1L1,,,,,,,,,,CTSB,,,,,,,,,,,,,,,,,,,,,,,,,,,,,,,,,,,,,,,,,,,,PLA2G1U,,,,,,,,,,,,,,,,,,,,,,,,,,,,,,,,,,,,,,,,,
,UMPS,,,MAT2B,,,,,,,,,,CTSB,,,,,,,,,,,,,,,,,,,,,,,,,,,,,,,,,,,,,,,,,,,,PLA2G1V,,,,,,,,,,,,,,,,,,,,,,,,,,,,,,,,,,,,,,,,,
,UMPS,,,TLL1,,,,,,,,,,CTSB,,,,,,,,,,,,,,,,,,,,,,,,,,,,,,,,,,,,,,,,,,,,PLA2G1W,,,,,,,,,,,,,,,,,,,,,,,,,,,,,,,,,,,,,,,,,
,UMPS,,,EDC4,,,,,,,,,,CTSB,,,,,,,,,,,,,,,,,,,,,,,,,,,,,,,,,,,,,,,,,,,,PLA2G1X,,,,,,,,,,,,,,,,,,,,,,,,,,,,,,,,,,,,,,,,,
,UMPS,,,TRIO,,,,,,,,,,CTSB,,,,,,,,,,,,,,,,,,,,,,,,,,,,,,,,,,,,,,,,,,,,PLA2G1Y,,,,,,,,,,,,,,,,,,,,,,,,,,,,,,,,,,,,,,,,,
,UMPS,,,VCAN,,,,,,,,,,CTSB,,,,,,,,,,,,,,,,,,,,,,,,,,,,,,,,,,,,,,,,,,,,PLA2G1Z,,,,,,,,,,,,,,,,,,,,,,,,,,,,,,,,,,,,,,,,,
,UMPS,,,CLEC16A,,,,,,,,,,CTSB,,,,,,,,,,,,,,,,,,,,,,,,,,,,,,,,,,,,,,,,,,,,PLA2G1A,,,,,,,,,,,,,,,,,,,,,,,,,,,,,,,,,,,,,,,,,
,UMPS,,,MSR1,,,,,,,,,,CTSB,,,,,,,,,,,,,,,,,,,,,,,,,,,,,,,,,,,,,,,,,,,,PLA2G1,,,,,,,,,,,,,,,,,,,,,,,,,,,,,,,,,,,,,,,,,
,UMPS,,,CDH1,,,,,,,,,,CTSB,,,,,,,,,,,,,,,,,,,,,,,,,,,,,,,,,,,,,,,,,,,,PLA2G3,,,,,,,,,,,,,,,,,,,,,,,,,,,,,,,,,,,,,,,,,
,UMPS,,,MTREX,,,,,,,,,,CTSB,,,,,,,,,,,,,,,,,,,,,,,,,,,,,,,,,,,,,,,,,,,,PLA2G5,,,,,,,,,,,,,,,,,,,,,,,,,,,,,,,,,,,,,,,,,
,UMPS,,,DNAH5,,,,,,,,,,CTSB,,,,,,,,,,,,,,,,,,,,,,,,,,,,,,,,,,,,,,,,,,,,PLA2G6,,,,,,,,,,,,,,,,,,,,,,,,,,,,,,,,,,,,,,,,,
,UMPS,,,ZFYVE16,,,,,,,,,,CTSB,,,,,,,,,,,,,,,,,,,,,,,,,,,,,,,,,,,,,,,,,,,,PLA2G7,,,,,,,,,,,,,,,,,,,,,,,,,,,,,,,,,,,,,,,,,
,UMPS,,,RIPOR1,,,,,,,,,,CTSB,,,,,,,,,,,,,,,,,,,,,,,,,,,,,,,,,,,,,,,,,,,,PLA2G10,,,,,,,,,,,,,,,,,,,,,,,,,,,,,,,,,,,,,,,,,
,UMPS,,,C6,,,,,,,,,,CTSB,,,,,,,,,,,,,,,,,,,,,,,,,,,,,,,,,,,,,,,,,,,,PLA2G12A,,,,,,,,,,,,,,,,,,,,,,,,,,,,,,,,,,,,,,,,,
,UMPS,,,RAI14,,,,,,,,,,CTSB,,,,,,,,,,,,,,,,,,,,,,,,,,,,,,,,,,,,,,,,,,,,PLA2G12B,,,,,,,,,,,,,,,,,,,,,,,,,,,,,,,,,,,,,,,,,
,UMPS,,,SOX30,,,,,,,,,,CTSB,,,,,,,,,,,,,,,,,,,,,,,,,,,,,,,,,,,,,,,,,,,,PLA2G12,,,,,,,,,,,,,,,,,,,,,,,,,,,,,,,,,,,,,,,,,
,UMPS,,,PNKP,,,,,,,,,,CTSB,,,,,,,,,,,,,,,,,,,,,,,,,,,,,,,,,,,,,,,,,,,,PLA2G15,,,,,,,,,,,,,,,,,,,,,,,,,,,,,,,,,,,,,,,,,
,UMPS,,,BEST2,,,,,,,,,,CTSB,,,,,,,,,,,,,,,,,,,,,,,,,,,,,,,,,,,,,,,,,,,,PLA2G16,,,,,,,,,,,,,,,,,,,,,,,,,,,,,,,,,,,,,,,,,
,UMPS,,,PHLPP2,,,,,,,,,,CTSB,,,,,,,,,,,,,,,,,,,,,,,,,,,,,,,,,,,,,,,,,,,,PLA2G17,,,,,,,,,,,,,,,,,,,,,,,,,,,,,,,,,,,,,,,,,
,UMPS,,,SPDL1,,,,,,,,,,CTSB,,,,,,,,,,,,,,,,,,,,,,,,,,,,,,,,,,,,,,,,,,,,PLA2G18,,,,,,,,,,,,,,,,,,,,,,,,,,,,,,,,,,,,,,,,,
,UMPS,,,STAU2,,,,,,,,,,CTSB,,,,,,,,,,,,,,,,,,,,,,,,,,,,,,,,,,,,,,,,,,,,PLA2G19,,,,,,,,,,,,,,,,,,,,,,,,,,,,,,,,,,,,,,,,,
,UMPS,,,SLC66A1,,,,,,,,,,CTSB,,,,,,,,,,,,,,,,,,,,,,,,,,,,,,,,,,,,,,,,,,,,PLA2G2A,,,,,,,,,,,,,,,,,,,,,,,,,,,,,,,,,,,,,,,,,
,UMPS,,,CTNS,,,,,,,,,,CTSB,,,,,,,,,,,,,,,,,,,,,,,,,,,,,,,,,,,,,,,,,,,,PLA2G2B,,,,,,,,,,,,,,,,,,,,,,,,,,,,,,,,,,,,,,,,,
,UMPS,,,RTN4R,,,,,,,,,,CTSB,,,,,,,,,,,,,,,,,,,,,,,,,,,,,,,,,,,,,,,,,,,,PLA2G2C,,,,,,,,,,,,,,,,,,,,,,,,,,,,,,,,,,,,,,,,,
,UMPS,,,PHF23,,,,,,,,,,CTSB,,,,,,,,,,,,,,,,,,,,,,,,,,,,,,,,,,,,,,,,,,,,PLA2G2D,,,,,,,,,,,,,,,,,,,,,,,,,,,,,,,,,,,,,,,,,
,UMPS,,,CDH10,,,,,,,,,,CTSB,,,,,,,,,,,,,,,,,,,,,,,,,,,,,,,,,,,,,,,,,,,,PLA2G2E,,,,,,,,,,,,,,,,,,,,,,,,,,,,,,,,,,,,,,,,,
,UMPS,,,INPP4A,,,,,,,,,,CTSB,,,,,,,,,,,,,,,,,,,,,,,,,,,,,,,,,,,,,,,,,,,,PLA2G2F,,,,,,,,,,,,,,,,,,,,,,,,,,,,,,,,,,,,,,,,,
,UMPS,,,RAB27B,,,,,,,,,,CTSB,,,,,,,,,,,,,,,,,,,,,,,,,,,,,,,,,,,,,,,,,,,,PLA2G2G,,,,,,,,,,,,,,,,,,,,,,,,,,,,,,,,,,,,,,,,,
,UMPS,,,PSMA4,,,,,,,,,,CTSB,,,,,,,,,,,,,,,,,,,,,,,,,,,,,,,,,,,,,,,,,,,,PLA2G2H,,,,,,,,,,,,,,,,,,,,,,,,,,,,,,,,,,,,,,,,,
,UMPS,,,MYO16,,,,,,,,,,CTSB,,,,,,,,,,,,,,,,,,,,,,,,,,,,,,,,,,,,,,,,,,,,PLA2G2I,,,,,,,,,,,,,,,,,,,,,,,,,,,,,,,,,,,,,,,,,
,UMPS,,,LSG1,,,,,,,,,,CTSB,,,,,,,,,,,,,,,,,,,,,,,,,,,,,,,,,,,,,,,,,,,,PLA2G2J,,,,,,,,,,,,,,,,,,,,,,,,,,,,,,,,,,,,,,,,,
,UMPS,,,PARP3,,,,,,,,,,CTSB,,,,,,,,,,,,,,,,,,,,,,,,,,,,,,,,,,,,,,,,,,,,PLA2G2K,,,,,,,,,,,,,,,,,,,,,,,,,,,,,,,,,,,,,,,,,
,UMPS,,,TNC,,,,,,,,,,CTSB,,,,,,,,,,,,,,,,,,,,,,,,,,,,,,,,,,,,,,,,,,,,PLA2G2L,,,,,,,,,,,,,,,,,,,,,,,,,,,,,,,,,,,,,,,,,
,UMPS,,,THAP3,,,,,,,,,,CTSB,,,,,,,,,,,,,,,,,,,,,,,,,,,,,,,,,,,,,,,,,,,,PLA2G2M,,,,,,,,,,,,,,,,,,,,,,,,,,,,,,,,,,,,,,,,,
,UMPS,,,RIPOR3,,,,,,,,,,CTSB,,,,,,,,,,,,,,,,,,,,,,,,,,,,,,,,,,,,,,,,,,,,PLA2G2N,,,,,,,,,,,,,,,,,,,,,,,,,,,,,,,,,,,,,,,,,
,UMPS,,,TDP1,,,,,,,,,,CTSB,,,,,,,,,,,,,,,,,,,,,,,,,,,,,,,,,,,,,,,,,,,,PLA2G2O,,,,,,,,,,,,,,,,,,,,,,,,,,,,,,,,,,,,,,,,,
,UMPS,,,AIFM2,,,,,,,,,,CTSB,,,,,,,,,,,,,,,,,,,,,,,,,,,,,,,,,,,,,,,,,,,,PLA2G2P,,,,,,,,,,,,,,,,,,,,,,,,,,,,,,,,,,,,,,,,,
,UMPS,,,C2orf83,,,,,,,,,,CTSB,,,,,,,,,,,,,,,,,,,,,,,,,,,,,,,,,,,,,,,,,,,,PLA2G2Q,,,,,,,,,,,,,,,,,,,,,,,,,,,,,,,,,,,,,,,,,
,UMPS,,,SPATA7,,,,,,,,,,CTSB,,,,,,,,,,,,,,,,,,,,,,,,,,,,,,,,,,,,,,,,,,,,PLA2G2R,,,,,,,,,,,,,,,,,,,,,,,,,,,,,,,,,,,,,,,,,
,UMPS,,,MED17,,,,,,,,,,CTSB,,,,,,,,,,,,,,,,,,,,,,,,,,,,,,,,,,,,,,,,,,,,PLA2G2S,,,,,,,,,,,,,,,,,,,,,,,,,,,,,,,,,,,,,,,,,
,UMPS,,,RETSAT,,,,,,,,,,CTSB,,,,,,,,,,,,,,,,,,,,,,,,,,,,,,,,,,,,,,,,,,,,PLA2G2T,,,,,,,,,,,,,,,,,,,,,,,,,,,,,,,,,,,,,,,,,
,UMPS,,,CAPG,,,,,,,,,,CTSB,,,,,,,,,,,,,,,,,,,,,,,,,,,,,,,,,,,,,,,,,,,,PLA2G2U,,,,,,,,,,,,,,,,,,,,,,,,,,,,,,,,,,,,,,,,,
,UMPS,,,AP2S1,,,,,,,,,,CTSB,,,,,,,,,,,,,,,,,,,,,,,,,,,,,,,,,,,,,,,,,,,,PLA2G2V,,,,,,,,,,,,,,,,,,,,,,,,,,,,,,,,,,,,,,,,,
,UMPS,,,USH2A,,,,,,,,,,CTSB,,,,,,,,,,,,,,,,,,,,,,,,,,,,,,,,,,,,,,,,,,,,PLA2G2W,,,,,,,,,,,,,,,,,,,,,,,,,,,,,,,,,,,,,,,,,
,UMPS,,,ZPBP,,,,,,,,,,CTSB,,,,,,,,,,,,,,,,,,,,,,,,,,,,,,,,,,,,,,,,,,,,PLA2G2X,,,,,,,,,,,,,,,,,,,,,,,,,,,,,,,,,,,,,,,,,
,UMPS,,,TG,,,,,,,,,,CTSB,,,,,,,,,,,,,,,,,,,,,,,,,,,,,,,,,,,,,,,,,,,,PLA2G2Y,,,,,,,,,,,,,,,,,,,,,,,,,,,,,,,,,,,,,,,,,
,UMPS,,,ADAM28,,,,,,,,,,CTSB,,,,,,,,,,,,,,,,,,,,,,,,,,,,,,,,,,,,,,,,,,,,PLA2G2Z,,,,,,,,,,,,,,,,,,,,,,,,,,,,,,,,,,,,,,,,,
,UMPS,,,BARX2,,,,,,,,,,CTSB,,,,,,,,,,,,,,,,,,,,,,,,,,,,,,,,,,,,,,,,,,,,PLA2G2,,,,,,,,,,,,,,,,,,,,,,,,,,,,,,,,,,,,,,,,,
,UMPS,,,DCUN1D1,,,,,,,,,,CTSB,,,,,,,,,,,,,,,,,,,,,,,,,,,,,,,,,,,,,,,,,,,,PLA2G4A,,,,,,,,,,,,,,,,,,,,,,,,,,,,,,,,,,,,,,,,,
,UMPS,,,JADE2,,,,,,,,,,CTSB,,,,,,,,,,,,,,,,,,,,,,,,,,,,,,,,,,,,,,,,,,,,PLA2G4B,,,,,,,,,,,,,,,,,,,,,,,,,,,,,,,,,,,,,,,,,
,UMPS,,,ZIC2,,,,,,,,,,CTSB,,,,,,,,,,,,,,,,,,,,,,,,,,,,,,,,,,,,,,,,,,,,PLA2G4C,,,,,,,,,,,,,,,,,,,,,,,,,,,,,,,,,,,,,,,,,
,UMPS,,,LCP2,,,,,,,,,,CTSB,,,,,,,,,,,,,,,,,,,,,,,,,,,,,,,,,,,,,,,,,,,,PLA2G4D,,,,,,,,,,,,,,,,,,,,,,,,,,,,,,,,,,,,,,,,,
,UMPS,,,TRIT1,,,,,,,,,,CTSB,,,,,,,,,,,,,,,,,,,,,,,,,,,,,,,,,,,,,,,,,,,,PLA2G4E,,,,,,,,,,,,,,,,,,,,,,,,,,,,,,,,,,,,,,,,,
,UMPS,,,ADRB1,,,,,,,,,,CTSB,,,,,,,,,,,,,,,,,,,,,,,,,,,,,,,,,,,,,,,,,,,,PLA2G4F,,,,,,,,,,,,,,,,,,,,,,,,,,,,,,,,,,,,,,,,,
,UMPS,,,GUCA2B,,,,,,,,,,CTSB,,,,,,,,,,,,,,,,,,,,,,,,,,,,,,,,,,,,,,,,,,,,PLA2G4G,,,,,,,,,,,,,,,,,,,,,,,,,,,,,,,,,,,,,,,,,
,UMPS,,,CUL7,,,,,,,,,,CTSB,,,,,,,,,,,,,,,,,,,,,,,,,,,,,,,,,,,,,,,,,,,,PLA2G4H,,,,,,,,,,,,,,,,,,,,,,,,,,,,,,,,,,,,,,,,,
,UMPS,,,CTNNA1,,,,,,,,,,CTSB,,,,,,,,,,,,,,,,,,,,,,,,,,,,,,,,,,,,,,,,,,,,PLA2G4I,,,,,,,,,,,,,,,,,,,,,,,,,,,,,,,,,,,,,,,,,
,UMPS,,,CNTLN,,,,,,,,,,CTSB,,,,,,,,,,,,,,,,,,,,,,,,,,,,,,,,,,,,,,,,,,,,PLA2G4J,,,,,,,,,,,,,,,,,,,,,,,,,,,,,,,,,,,,,,,,,
,UMPS,,,EPHA3,,,,,,,,,,CTSB,,,,,,,,,,,,,,,,,,,,,,,,,,,,,,,,,,,,,,,,,,,,PLA2G4K,,,,,,,,,,,,,,,,,,,,,,,,,,,,,,,,,,,,,,,,,
,UMPS,,,HSPA5,,,,,,,,,,CTSB,,,,,,,,,,,,,,,,,,,,,,,,,,,,,,,,,,,,,,,,,,,,PLA2G4L,,,,,,,,,,,,,,,,,,,,,,,,,,,,,,,,,,,,,,,,,
,UMPS,,,DSG2,,,,,,,,,,CTSB,,,,,,,,,,,,,,,,,,,,,,,,,,,,,,,,,,,,,,,,,,,,PLA2G4M,,,,,,,,,,,,,,,,,,,,,,,,,,,,,,,,,,,,,,,,,
,UMPS,,,PREX2,,,,,,,,,,CTSB,,,,,,,,,,,,,,,,,,,,,,,,,,,,,,,,,,,,,,,,,,,,PLA2G4N,,,,,,,,,,,,,,,,,,,,,,,,,,,,,,,,,,,,,,,,,
,UMPS,,,WDR37,,,,,,,,,,CTSB,,,,,,,,,,,,,,,,,,,,,,,,,,,,,,,,,,,,,,,,,,,,PLA2G4O,,,,,,,,,,,,,,,,,,,,,,,,,,,,,,,,,,,,,,,,,
,UMPS,,,YTHDC2,,,,,,,,,,CTSB,,,,,,,,,,,,,,,,,,,,,,,,,,,,,,,,,,,,,,,,,,,,PLA2G4P,,,,,,,,,,,,,,,,,,,,,,,,,,,,,,,,,,,,,,,,,
,UMPS,,,ATP6V1H,,,,,,,,,,CTSB,,,,,,,,,,,,,,,,,,,,,,,,,,,,,,,,,,,,,,,,,,,,PLA2G4Q,,,,,,,,,,,,,,,,,,,,,,,,,,,,,,,,,,,,,,,,,
,UMPS,,,POLR2B,,,,,,,,,,CTSB,,,,,,,,,,,,,,,,,,,,,,,,,,,,,,,,,,,,,,,,,,,,PLA2G4R,,,,,,,,,,,,,,,,,,,,,,,,,,,,,,,,,,,,,,,,,
,UMPS,,,FAM214A,,,,,,,,,,CTSB,,,,,,,,,,,,,,,,,,,,,,,,,,,,,,,,,,,,,,,,,,,,PLA2G4S,,,,,,,,,,,,,,,,,,,,,,,,,,,,,,,,,,,,,,,,,
,UMPS,,,ARAP2,,,,,,,,,,CTSB,,,,,,,,,,,,,,,,,,,,,,,,,,,,,,,,,,,,,,,,,,,,PLA2G4T,,,,,,,,,,,,,,,,,,,,,,,,,,,,,,,,,,,,,,,,,
,UMPS,,,TPR,,,,,,,,,,CTSB,,,,,,,,,,,,,,,,,,,,,,,,,,,,,,,,,,,,,,,,,,,,PLA2G4U,,,,,,,,,,,,,,,,,,,,,,,,,,,,,,,,,,,,,,,,,
,UMPS,,,CP,,,,,,,,,,CTSB,,,,,,,,,,,,,,,,,,,,,,,,,,,,,,,,,,,,,,,,,,,,PLA2G4V,,,,,,,,,,,,,,,,,,,,,,,,,,,,,,,,,,,,,,,,,
,UMPS,,,KATNIP,,,,,,,,,,CTSB,,,,,,,,,,,,,,,,,,,,,,,,,,,,,,,,,,,,,,,,,,,,PLA2G4W,,,,,,,,,,,,,,,,,,,,,,,,,,,,,,,,,,,,,,,,,
,UMPS,,,DTNBP1,,,,,,,,,,CTSB,,,,,,,,,,,,,,,,,,,,,,,,,,,,,,,,,,,,,,,,,,,,PLA2G4X,,,,,,,,,,,,,,,,,,,,,,,,,,,,,,,,,,,,,,,,,
,UMPS,,,ANO2,,,,,,,,,,CTSB,,,,,,,,,,,,,,,,,,,,,,,,,,,,,,,,,,,,,,,,,,,,PLA2G4Y,,,,,,,,,,,,,,,,,,,,,,,,,,,,,,,,,,,,,,,,,
,UMPS,,,C12orf4,,,,,,,,,,CTSB,,,,,,,,,,,,,,,,,,,,,,,,,,,,,,,,,,,,,,,,,,,,PLA2G4Z,,,,,,,,,,,,,,,,,,,,,,,,,,,,,,,,,,,,,,,,,
,UMPS,,,FAM184B,,,,,,,,,,CTSB,,,,,,,,,,,,,,,,,,,,,,,,,,,,,,,,,,,,,,,,,,,,PLA2G4,,,,,,,,,,,,,,,,,,,,,,,,,,,,,,,,,,,,,,,,,
,UMPS,,,MAP4,,,,,,,,,,CTSB,,,,,,,,,,,,,,,,,,,,,,,,,,,,,,,,,,,,,,,,,,,,PLA2G1B,,,,,,,,,,,,,,,,,,,,,,,,,,,,,,,,,,,,,,,,,
,UMPS,,,GOPC,,,,,,,,,,CTSB,,,,,,,,,,,,,,,,,,,,,,,,,,,,,,,,,,,,,,,,,,,,PLA2G1C,,,,,,,,,,,,,,,,,,,,,,,,,,,,,,,,,,,,,,,,,
,UMPS,,,ROS1,,,,,,,,,,CTSB,,,,,,,,,,,,,,,,,,,,,,,,,,,,,,,,,,,,,,,,,,,,PLA2G1D,,,,,,,,,,,,,,,,,,,,,,,,,,,,,,,,,,,,,,,,,
,UMPS,,,USP28,,,,,,,,,,CTSB,,,,,,,,,,,,,,,,,,,,,,,,,,,,,,,,,,,,,,,,,,,,PLA2G1E,,,,,,,,,,,,,,,,,,,,,,,,,,,,,,,,,,,,,,,,,
,UMPS,,,HDAC9,,,,,,,,,,CTSB,,,,,,,,,,,,,,,,,,,,,,,,,,,,,,,,,,,,,,,,,,,,PLA2G1F,,,,,,,,,,,,,,,,,,,,,,,,,,,,,,,,,,,,,,,,,
,UMPS,,,TSPAN17,,,,,,,,,,CTSB,,,,,,,,,,,,,,,,,,,,,,,,,,,,,,,,,,,,,,,,,,,,PLA2G1G,,,,,,,,,,,,,,,,,,,,,,,,,,,,,,,,,,,,,,,,,
,UMPS,,,NOP16,,,,,,,,,,CTSB,,,,,,,,,,,,,,,,,,,,,,,,,,,,,,,,,,,,,,,,,,,,PLA2G1H,,,,,,,,,,,,,,,,,,,,,,,,,,,,,,,,,,,,,,,,,
,UMPS,,,CC2D2A,,,,,,,,,,CTSB,,,,,,,,,,,,,,,,,,,,,,,,,,,,,,,,,,,,,,,,,,,,PLA2G1I,,,,,,,,,,,,,,,,,,,,,,,,,,,,,,,,,,,,,,,,,
,UMPS,,,RRM2B,,,,,,,,,,CTSB,,,,,,,,,,,,,,,,,,,,,,,,,,,,,,,,,,,,,,,,,,,,PLA2G1J,,,,,,,,,,,,,,,,,,,,,,,,,,,,,,,,,,,,,,,,,
,UMPS,,,ZNF800,,,,,,,,,,CTSB,,,,,,,,,,,,,,,,,,,,,,,,,,,,,,,,,,,,,,,,,,,,PLA2G1K,,,,,,,,,,,,,,,,,,,,,,,,,,,,,,,,,,,,,,,,,
,UMPS,,,TNFRSF17,,,,,,,,,,CTSB,,,,,,,,,,,,,,,,,,,,,,,,,,,,,,,,,,,,,,,,,,,,PLA2G1L,,,,,,,,,,,,,,,,,,,,,,,,,,,,,,,,,,,,,,,,,
,UMPS,,,SNX29,,,,,,,,,,CTSB,,,,,,,,,,,,,,,,,,,,,,,,,,,,,,,,,,,,,,,,,,,,PLA2G1M,,,,,,,,,,,,,,,,,,,,,,,,,,,,,,,,,,,,,,,,,
,UMPS,,,LMO3,,,,,,,,,,CTSB,,,,,,,,,,,,,,,,,,,,,,,,,,,,,,,,,,,,,,,,,,,,PLA2G1N,,,,,,,,,,,,,,,,,,,,,,,,,,,,,,,,,,,,,,,,,
,UMPS,,,GUCA1A,,,,,,,,,,CTSB,,,,,,,,,,,,,,,,,,,,,,,,,,,,,,,,,,,,,,,,,,,,PLA2G1O,,,,,,,,,,,,,,,,,,,,,,,,,,,,,,,,,,,,,,,,,
,UMPS,,,RSF1,,,,,,,,,,CTSB,,,,,,,,,,,,,,,,,,,,,,,,,,,,,,,,,,,,,,,,,,,,PLA2G1P,,,,,,,,,,,,,,,,,,,,,,,,,,,,,,,,,,,,,,,,,
,UMPS,,,VPS13D,,,,,,,,,,CTSB,,,,,,,,,,,,,,,,,,,,,,,,,,,,,,,,,,,,,,,,,,,,PLA2G1Q,,,,,,,,,,,,,,,,,,,,,,,,,,,,,,,,,,,,,,,,,
,UMPS,,,CELF2,,,,,,,,,,CTSB,,,,,,,,,,,,,,,,,,,,,,,,,,,,,,,,,,,,,,,,,,,,PLA2G1R,,,,,,,,,,,,,,,,,,,,,,,,,,,,,,,,,,,,,,,,,
,UMPS,,,FAM120A,,,,,,,,,,CTSB,,,,,,,,,,,,,,,,,,,,,,,,,,,,,,,,,,,,,,,,,,,,PLA2G1S,,,,,,,,,,,,,,,,,,,,,,,,,,,,,,,,,,,,,,,,,
,UMPS,,,R3HDM1,,,,,,,,,,CTSB,,,,,,,,,,,,,,,,,,,,,,,,,,,,,,,,,,,,,,,,,,,,PLA2G1T,,,,,,,,,,,,,,,,,,,,,,,,,,,,,,,,,,,,,,,,,
,UMPS,,,COL9A2,,,,,,,,,,CTSB,,,,,,,,,,,,,,,,,,,,,,,,,,,,,,,,,,,,,,,,,,,,PLA2G1U,,,,,,,,,,,,,,,,,,,,,,,,,,,,,,,,,,,,,,,,,
,UMPS,,,KITLG,,,,,,,,,,CTSB,,,,,,,,,,,,,,,,,,,,,,,,,,,,,,,,,,,,,,,,,,,,PLA2G1V,,,,,,,,,,,,,,,,,,,,,,,,,,,,,,,,,,,,,,,,,
,UMPS,,,ERCC8,,,,,,,,,,CTSB,,,,,,,,,,,,,,,,,,,,,,,,,,,,,,,,,,,,,,,,,,,,PLA2G1W,,,,,,,,,,,,,,,,,,,,,,,,,,,,,,,,,,,,,,,,,
,UMPS,,,ADAMTS6,,,,,,,,,,CTSB,,,,,,,,,,,,,,,,,,,,,,,,,,,,,,,,,,,,,,,,,,,,PLA2G1X,,,,,,,,,,,,,,,,,,,,,,,,,,,,,,,,,,,,,,,,,
,UMPS,,,H6PD,,,,,,,,,,CTSB,,,,,,,,,,,,,,,,,,,,,,,,,,,,,,,,,,,,,,,,,,,,PLA2G1Y,,,,,,,,,,,,,,,,,,,,,,,,,,,,,,,,,,,,,,,,,
,UMPS,,,VAMP3,,,,,,,,,,CTSB,,,,,,,,,,,,,,,,,,,,,,,,,,,,,,,,,,,,,,,,,,,,PLA2G1Z,,,,,,,,,,,,,,,,,,,,,,,,,,,,,,,,,,,,,,,,,
,UMPS,,,PER3,,,,,,,,,,CTSB,,,,,,,,,,,,,,,,,,,,,,,,,,,,,,,,,,,,,,,,,,,,PLA2G1A,,,,,,,,,,,,,,,,,,,,,,,,,,,,,,,,,,,,,,,,,
,UMPS,,,UTS2,,,,,,,,,,CTSB,,,,,,,,,,,,,,,,,,,,,,,,,,,,,,,,,,,,,,,,,,,,PLA2G1,,,,,,,,,,,,,,,,,,,,,,,,,,,,,,,,,,,,,,,,,
,UMPS,,,TNFRSF9,,,,,,,,,,CTSB,,,,,,,,,,,,,,,,,,,,,,,,,,,,,,,,,,,,,,,,,,,,PLA2G3,,,,,,,,,,,,,,,,,,,,,,,,,,,,,,,,,,,,,,,,,
,UMPS,,,EPN3,,,,,,,,,,CTSB,,,,,,,,,,,,,,,,,,,,,,,,,,,,,,,,,,,,,,,,,,,,PLA2G5,,,,,,,,,,,,,,,,,,,,,,,,,,,,,,,,,,,,,,,,,
,UMPS,,,LTBP1,,,,,,,,,,CTSB,,,,,,,,,,,,,,,,,,,,,,,,,,,,,,,,,,,,,,,,,,,,PLA2G6,,,,,,,,,,,,,,,,,,,,,,,,,,,,,,,,,,,,,,,,,
,UMPS,,,RCN1,,,,,,,,,,CTSB,,,,,,,,,,,,,,,,,,,,,,,,,,,,,,,,,,,,,,,,,,,,PLA2G7,,,,,,,,,,,,,,,,,,,,,,,,,,,,,,,,,,,,,,,,,
,UMPS,,,ELN,,,,,,,,,,CTSB,,,,,,,,,,,,,,,,,,,,,,,,,,,,,,,,,,,,,,,,,,,,PLA2G10,,,,,,,,,,,,,,,,,,,,,,,,,,,,,,,,,,,,,,,,,
,UMPS,,,RFC2,,,,,,,,,,CTSB,,,,,,,,,,,,,,,,,,,,,,,,,,,,,,,,,,,,,,,,,,,,PLA2G12A,,,,,,,,,,,,,,,,,,,,,,,,,,,,,,,,,,,,,,,,,
,UMPS,,,ARID1B,,,,,,,,,,CTSB,,,,,,,,,,,,,,,,,,,,,,,,,,,,,,,,,,,,,,,,,,,,PLA2G12B,,,,,,,,,,,,,,,,,,,,,,,,,,,,,,,,,,,,,,,,,
,UMPS,,,CLPTM1L,,,,,,,,,,CTSB,,,,,,,,,,,,,,,,,,,,,,,,,,,,,,,,,,,,,,,,,,,,PLA2G12,,,,,,,,,,,,,,,,,,,,,,,,,,,,,,,,,,,,,,,,,
,UMPS,,,NEDD4L,,,,,,,,,,CTSB,,,,,,,,,,,,,,,,,,,,,,,,,,,,,,,,,,,,,,,,,,,,PLA2G15,,,,,,,,,,,,,,,,,,,,,,,,,,,,,,,,,,,,,,,,,
,UMPS,,,HEXB,,,,,,,,,,CTSB,,,,,,,,,,,,,,,,,,,,,,,,,,,,,,,,,,,,,,,,,,,,PLA2G16,,,,,,,,,,,,,,,,,,,,,,,,,,,,,,,,,,,,,,,,,
,UMPS,,,PTCD2,,,,,,,,,,CTSB,,,,,,,,,,,,,,,,,,,,,,,,,,,,,,,,,,,,,,,,,,,,PLA2G17,,,,,,,,,,,,,,,,,,,,,,,,,,,,,,,,,,,,,,,,,
,UMPS,,,JKAMP,,,,,,,,,,CTSB,,,,,,,,,,,,,,,,,,,,,,,,,,,,,,,,,,,,,,,,,,,,PLA2G18,,,,,,,,,,,,,,,,,,,,,,,,,,,,,,,,,,,,,,,,,
,UMPS,,,DKK3,,,,,,,,,,CTSB,,,,,,,,,,,,,,,,,,,,,,,,,,,,,,,,,,,,,,,,,,,,PLA2G19,,,,,,,,,,,,,,,,,,,,,,,,,,,,,,,,,,,,,,,,,
,UMPS,,,ARHGEF5,,,,,,,,,,CTSB,,,,,,,,,,,,,,,,,,,,,,,,,,,,,,,,,,,,,,,,,,,,PLA2G2A,,,,,,,,,,,,,,,,,,,,,,,,,,,,,,,,,,,,,,,,,
,UMPS,,,NFE2L3,,,,,,,,,,CTSB,,,,,,,,,,,,,,,,,,,,,,,,,,,,,,,,,,,,,,,,,,,,PLA2G2B,,,,,,,,,,,,,,,,,,,,,,,,,,,,,,,,,,,,,,,,,
,UMPS,,,MCUR1,,,,,,,,,,CTSB,,,,,,,,,,,,,,,,,,,,,,,,,,,,,,,,,,,,,,,,,,,,PLA2G2C,,,,,,,,,,,,,,,,,,,,,,,,,,,,,,,,,,,,,,,,,
,UMPS,,,LIMA1,,,,,,,,,,CTSB,,,,,,,,,,,,,,,,,,,,,,,,,,,,,,,,,,,,,,,,,,,,PLA2G2D,,,,,,,,,,,,,,,,,,,,,,,,,,,,,,,,,,,,,,,,,
,UMPS,,,LETMD1,,,,,,,,,,CTSB,,,,,,,,,,,,,,,,,,,,,,,,,,,,,,,,,,,,,,,,,,,,PLA2G2E,,,,,,,,,,,,,,,,,,,,,,,,,,,,,,,,,,,,,,,,,
,UMPS,,,SLC4A8,,,,,,,,,,CTSB,,,,,,,,,,,,,,,,,,,,,,,,,,,,,,,,,,,,,,,,,,,,PLA2G2F,,,,,,,,,,,,,,,,,,,,,,,,,,,,,,,,,,,,,,,,,
,UMPS,,,LAMC3,,,,,,,,,,CTSB,,,,,,,,,,,,,,,,,,,,,,,,,,,,,,,,,,,,,,,,,,,,PLA2G2G,,,,,,,,,,,,,,,,,,,,,,,,,,,,,,,,,,,,,,,,,
,UMPS,,,PTGER3,,,,,,,,,,CTSB,,,,,,,,,,,,,,,,,,,,,,,,,,,,,,,,,,,,,,,,,,,,PLA2G2H,,,,,,,,,,,,,,,,,,,,,,,,,,,,,,,,,,,,,,,,,
,UMPS,,,TNIP3,,,,,,,,,,CTSB,,,,,,,,,,,,,,,,,,,,,,,,,,,,,,,,,,,,,,,,,,,,PLA2G2I,,,,,,,,,,,,,,,,,,,,,,,,,,,,,,,,,,,,,,,,,
,UMPS,,,MAPK9,,,,,,,,,,CTSB,,,,,,,,,,,,,,,,,,,,,,,,,,,,,,,,,,,,,,,,,,,,PLA2G2J,,,,,,,,,,,,,,,,,,,,,,,,,,,,,,,,,,,,,,,,,
,UMPS,,,COL23A1,,,,,,,,,,CTSB,,,,,,,,,,,,,,,,,,,,,,,,,,,,,,,,,,,,,,,,,,,,PLA2G2K,,,,,,,,,,,,,,,,,,,,,,,,,,,,,,,,,,,,,,,,,
,UMPS,,,BCAR1,,,,,,,,,,CTSB,,,,,,,,,,,,,,,,,,,,,,,,,,,,,,,,,,,,,,,,,,,,PLA2G2L,,,,,,,,,,,,,,,,,,,,,,,,,,,,,,,,,,,,,,,,,
,UMPS,,,FAM160A2,,,,,,,,,,CTSB,,,,,,,,,,,,,,,,,,,,,,,,,,,,,,,,,,,,,,,,,,,,PLA2G2M,,,,,,,,,,,,,,,,,,,,,,,,,,,,,,,,,,,,,,,,,
,UMPS,,,HERPUD1,,,,,,,,,,CTSB,,,,,,,,,,,,,,,,,,,,,,,,,,,,,,,,,,,,,,,,,,,,PLA2G2N,,,,,,,,,,,,,,,,,,,,,,,,,,,,,,,,,,,,,,,,,
,UMPS,,,HOMER3,,,,,,,,,,CTSB,,,,,,,,,,,,,,,,,,,,,,,,,,,,,,,,,,,,,,,,,,,,PLA2G2O,,,,,,,,,,,,,,,,,,,,,,,,,,,,,,,,,,,,,,,,,
,UMPS,,,RAD51,,,,,,,,,,CTSB,,,,,,,,,,,,,,,,,,,,,,,,,,,,,,,,,,,,,,,,,,,,PLA2G2P,,,,,,,,,,,,,,,,,,,,,,,,,,,,,,,,,,,,,,,,,
,UMPS,,,POLQ,,,,,,,,,,CTSB,,,,,,,,,,,,,,,,,,,,,,,,,,,,,,,,,,,,,,,,,,,,PLA2G2Q,,,,,,,,,,,,,,,,,,,,,,,,,,,,,,,,,,,,,,,,,
,UMPS,,,PIK3CB,,,,,,,,,,CTSB,,,,,,,,,,,,,,,,,,,,,,,,,,,,,,,,,,,,,,,,,,,,PLA2G2R,,,,,,,,,,,,,,,,,,,,,,,,,,,,,,,,,,,,,,,,,
,UMPS,,,CYBA,,,,,,,,,,CTSB,,,,,,,,,,,,,,,,,,,,,,,,,,,,,,,,,,,,,,,,,,,,PLA2G2S,,,,,,,,,,,,,,,,,,,,,,,,,,,,,,,,,,,,,,,,,
,UMPS,,,THOC3,,,,,,,,,,CTSB,,,,,,,,,,,,,,,,,,,,,,,,,,,,,,,,,,,,,,,,,,,,PLA2G2T,,,,,,,,,,,,,,,,,,,,,,,,,,,,,,,,,,,,,,,,,
,UMPS,,,HEBP2,,,,,,,,,,CTSB,,,,,,,,,,,,,,,,,,,,,,,,,,,,,,,,,,,,,,,,,,,,PLA2G2U,,,,,,,,,,,,,,,,,,,,,,,,,,,,,,,,,,,,,,,,,
,UMPS,,,MPHOSPH9,,,,,,,,,,CTSB,,,,,,,,,,,,,,,,,,,,,,,,,,,,,,,,,,,,,,,,,,,,PLA2G2V,,,,,,,,,,,,,,,,,,,,,,,,,,,,,,,,,,,,,,,,,
,UMPS,,,PLEKHA5,,,,,,,,,,CTSB,,,,,,,,,,,,,,,,,,,,,,,,,,,,,,,,,,,,,,,,,,,,PLA2G2W,,,,,,,,,,,,,,,,,,,,,,,,,,,,,,,,,,,,,,,,,
,UMPS,,,PRSS8,,,,,,,,,,CTSB,,,,,,,,,,,,,,,,,,,,,,,,,,,,,,,,,,,,,,,,,,,,PLA2G2X,,,,,,,,,,,,,,,,,,,,,,,,,,,,,,,,,,,,,,,,,
,UMPS,,,SIKE1,,,,,,,,,,CTSB,,,,,,,,,,,,,,,,,,,,,,,,,,,,,,,,,,,,,,,,,,,,PLA2G2Y,,,,,,,,,,,,,,,,,,,,,,,,,,,,,,,,,,,,,,,,,
,UMPS,,,RRP12,,,,,,,,,,CTSB,,,,,,,,,,,,,,,,,,,,,,,,,,,,,,,,,,,,,,,,,,,,PLA2G2Z,,,,,,,,,,,,,,,,,,,,,,,,,,,,,,,,,,,,,,,,,
,UMPS,,,FNIP2,,,,,,,,,,CTSB,,,,,,,,,,,,,,,,,,,,,,,,,,,,,,,,,,,,,,,,,,,,PLA2G2,,,,,,,,,,,,,,,,,,,,,,,,,,,,,,,,,,,,,,,,,
,UMPS,,,MSMO1,,,,,,,,,,CTSB,,,,,,,,,,,,,,,,,,,,,,,,,,,,,,,,,,,,,,,,,,,,PLA2G4A,,,,,,,,,,,,,,,,,,,,,,,,,,,,,,,,,,,,,,,,,
,UMPS,,,TTC17,,,,,,,,,,CTSB,,,,,,,,,,,,,,,,,,,,,,,,,,,,,,,,,,,,,,,,,,,,PLA2G4B,,,,,,,,,,,,,,,,,,,,,,,,,,,,,,,,,,,,,,,,,
,UMPS,,,ALX4,,,,,,,,,,CTSB,,,,,,,,,,,,,,,,,,,,,,,,,,,,,,,,,,,,,,,,,,,,PLA2G4C,,,,,,,,,,,,,,,,,,,,,,,,,,,,,,,,,,,,,,,,,
,UMPS,,,FSTL4,,,,,,,,,,CTSB,,,,,,,,,,,,,,,,,,,,,,,,,,,,,,,,,,,,,,,,,,,,PLA2G4D,,,,,,,,,,,,,,,,,,,,,,,,,,,,,,,,,,,,,,,,,
,UMPS,,,FOXN3,,,,,,,,,,CTSB,,,,,,,,,,,,,,,,,,,,,,,,,,,,,,,,,,,,,,,,,,,,PLA2G4E,,,,,,,,,,,,,,,,,,,,,,,,,,,,,,,,,,,,,,,,,
,UMPS,,,METTL24,,,,,,,,,,CTSB,,,,,,,,,,,,,,,,,,,,,,,,,,,,,,,,,,,,,,,,,,,,PLA2G4F,,,,,,,,,,,,,,,,,,,,,,,,,,,,,,,,,,,,,,,,,
,UMPS,,,AKR7A2,,,,,,,,,,CTSB,,,,,,,,,,,,,,,,,,,,,,,,,,,,,,,,,,,,,,,,,,,,PLA2G4G,,,,,,,,,,,,,,,,,,,,,,,,,,,,,,,,,,,,,,,,,
,UMPS,,,MRTO4,,,,,,,,,,CTSB,,,,,,,,,,,,,,,,,,,,,,,,,,,,,,,,,,,,,,,,,,,,PLA2G4H,,,,,,,,,,,,,,,,,,,,,,,,,,,,,,,,,,,,,,,,,
,UMPS,,,NNAT,,,,,,,,,,CTSB,,,,,,,,,,,,,,,,,,,,,,,,,,,,,,,,,,,,,,,,,,,,PLA2G4I,,,,,,,,,,,,,,,,,,,,,,,,,,,,,,,,,,,,,,,,,
,UMPS,,,USE1,,,,,,,,,,CTSB,,,,,,,,,,,,,,,,,,,,,,,,,,,,,,,,,,,,,,,,,,,,PLA2G4J,,,,,,,,,,,,,,,,,,,,,,,,,,,,,,,,,,,,,,,,,
,UMPS,,,MCF2L2,,,,,,,,,,CTSB,,,,,,,,,,,,,,,,,,,,,,,,,,,,,,,,,,,,,,,,,,,,PLA2G4K,,,,,,,,,,,,,,,,,,,,,,,,,,,,,,,,,,,,,,,,,
,UMPS,,,NRIP2,,,,,,,,,,CTSB,,,,,,,,,,,,,,,,,,,,,,,,,,,,,,,,,,,,,,,,,,,,PLA2G4L,,,,,,,,,,,,,,,,,,,,,,,,,,,,,,,,,,,,,,,,,
,UMPS,,,LAMA3,,,,,,,,,,CTSB,,,,,,,,,,,,,,,,,,,,,,,,,,,,,,,,,,,,,,,,,,,,PLA2G4M,,,,,,,,,,,,,,,,,,,,,,,,,,,,,,,,,,,,,,,,,
,UMPS,,,AP5M1,,,,,,,,,,CTSB,,,,,,,,,,,,,,,,,,,,,,,,,,,,,,,,,,,,,,,,,,,,PLA2G4N,,,,,,,,,,,,,,,,,,,,,,,,,,,,,,,,,,,,,,,,,
,UMPS,,,ANAPC4,,,,,,,,,,CTSB,,,,,,,,,,,,,,,,,,,,,,,,,,,,,,,,,,,,,,,,,,,,PLA2G4O,,,,,,,,,,,,,,,,,,,,,,,,,,,,,,,,,,,,,,,,,
,UMPS,,,KCNQ1,,,,,,,,,,CTSB,,,,,,,,,,,,,,,,,,,,,,,,,,,,,,,,,,,,,,,,,,,,PLA2G4P,,,,,,,,,,,,,,,,,,,,,,,,,,,,,,,,,,,,,,,,,
,UMPS,,,TRAPPC3,,,,,,,,,,CTSB,,,,,,,,,,,,,,,,,,,,,,,,,,,,,,,,,,,,,,,,,,,,PLA2G4Q,,,,,,,,,,,,,,,,,,,,,,,,,,,,,,,,,,,,,,,,,
,UMPS,,,THRAP3,,,,,,,,,,CTSB,,,,,,,,,,,,,,,,,,,,,,,,,,,,,,,,,,,,,,,,,,,,PLA2G4R,,,,,,,,,,,,,,,,,,,,,,,,,,,,,,,,,,,,,,,,,
,UMPS,,,PHPT1,,,,,,,,,,CTSB,,,,,,,,,,,,,,,,,,,,,,,,,,,,,,,,,,,,,,,,,,,,PLA2G4S,,,,,,,,,,,,,,,,,,,,,,,,,,,,,,,,,,,,,,,,,
,UMPS,,,ENTPD2,,,,,,,,,,CTSB,,,,,,,,,,,,,,,,,,,,,,,,,,,,,,,,,,,,,,,,,,,,PLA2G4T,,,,,,,,,,,,,,,,,,,,,,,,,,,,,,,,,,,,,,,,,
,UMPS,,,LY75,,,,,,,,,,CTSB,,,,,,,,,,,,,,,,,,,,,,,,,,,,,,,,,,,,,,,,,,,,PLA2G4U,,,,,,,,,,,,,,,,,,,,,,,,,,,,,,,,,,,,,,,,,
,UMPS,,,ARID4B,,,,,,,,,,CTSB,,,,,,,,,,,,,,,,,,,,,,,,,,,,,,,,,,,,,,,,,,,,PLA2G4V,,,,,,,,,,,,,,,,,,,,,,,,,,,,,,,,,,,,,,,,,
,UMPS,,,OPN3,,,,,,,,,,CTSB,,,,,,,,,,,,,,,,,,,,,,,,,,,,,,,,,,,,,,,,,,,,PLA2G4W,,,,,,,,,,,,,,,,,,,,,,,,,,,,,,,,,,,,,,,,,
,UMPS,,,SDCCAG8,,,,,,,,,,CTSB,,,,,,,,,,,,,,,,,,,,,,,,,,,,,,,,,,,,,,,,,,,,PLA2G4X,,,,,,,,,,,,,,,,,,,,,,,,,,,,,,,,,,,,,,,,,
,UMPS,,,PTPRN,,,,,,,,,,CTSB,,,,,,,,,,,,,,,,,,,,,,,,,,,,,,,,,,,,,,,,,,,,PLA2G4Y,,,,,,,,,,,,,,,,,,,,,,,,,,,,,,,,,,,,,,,,,
,UMPS,,,HHAT,,,,,,,,,,CTSB,,,,,,,,,,,,,,,,,,,,,,,,,,,,,,,,,,,,,,,,,,,,PLA2G4Z,,,,,,,,,,,,,,,,,,,,,,,,,,,,,,,,,,,,,,,,,
,UMPS,,,KIF1B,,,,,,,,,,CTSB,,,,,,,,,,,,,,,,,,,,,,,,,,,,,,,,,,,,,,,,,,,,PLA2G4,,,,,,,,,,,,,,,,,,,,,,,,,,,,,,,,,,,,,,,,,
,UMPS,,,FOXC1,,,,,,,,,,CTSB,,,,,,,,,,,,,,,,,,,,,,,,,,,,,,,,,,,,,,,,,,,,PLA2G1B,,,,,,,,,,,,,,,,,,,,,,,,,,,,,,,,,,,,,,,,,
,UMPS,,,TBC1D22A,,,,,,,,,,CTSB,,,,,,,,,,,,,,,,,,,,,,,,,,,,,,,,,,,,,,,,,,,,PLA2G1C,,,,,,,,,,,,,,,,,,,,,,,,,,,,,,,,,,,,,,,,,
,UMPS,,,SYNE2,,,,,,,,,,CTSB,,,,,,,,,,,,,,,,,,,,,,,,,,,,,,,,,,,,,,,,,,,,PLA2G1D,,,,,,,,,,,,,,,,,,,,,,,,,,,,,,,,,,,,,,,,,
,UMPS,,,PLEKHH1,,,,,,,,,,CTSB,,,,,,,,,,,,,,,,,,,,,,,,,,,,,,,,,,,,,,,,,,,,PLA2G1E,,,,,,,,,,,,,,,,,,,,,,,,,,,,,,,,,,,,,,,,,
,UMPS,,,ATP9A,,,,,,,,,,CTSB,,,,,,,,,,,,,,,,,,,,,,,,,,,,,,,,,,,,,,,,,,,,PLA2G1F,,,,,,,,,,,,,,,,,,,,,,,,,,,,,,,,,,,,,,,,,
,UMPS,,,SPO11,,,,,,,,,,CTSB,,,,,,,,,,,,,,,,,,,,,,,,,,,,,,,,,,,,,,,,,,,,PLA2G1G,,,,,,,,,,,,,,,,,,,,,,,,,,,,,,,,,,,,,,,,,
,UMPS,,,CBLN4,,,,,,,,,,CTSB,,,,,,,,,,,,,,,,,,,,,,,,,,,,,,,,,,,,,,,,,,,,PLA2G1H,,,,,,,,,,,,,,,,,,,,,,,,,,,,,,,,,,,,,,,,,
,UMPS,,,CHRDL2,,,,,,,,,,CTSB,,,,,,,,,,,,,,,,,,,,,,,,,,,,,,,,,,,,,,,,,,,,PLA2G1I,,,,,,,,,,,,,,,,,,,,,,,,,,,,,,,,,,,,,,,,,
,UMPS,,,FAM168A,,,,,,,,,,CTSB,,,,,,,,,,,,,,,,,,,,,,,,,,,,,,,,,,,,,,,,,,,,PLA2G1J,,,,,,,,,,,,,,,,,,,,,,,,,,,,,,,,,,,,,,,,,
,UMPS,,,RELT,,,,,,,,,,CTSB,,,,,,,,,,,,,,,,,,,,,,,,,,,,,,,,,,,,,,,,,,,,PLA2G1K,,,,,,,,,,,,,,,,,,,,,,,,,,,,,,,,,,,,,,,,,
,UMPS,,,GALC,,,,,,,,,,CTSB,,,,,,,,,,,,,,,,,,,,,,,,,,,,,,,,,,,,,,,,,,,,PLA2G1L,,,,,,,,,,,,,,,,,,,,,,,,,,,,,,,,,,,,,,,,,
,UMPS,,,NOP58,,,,,,,,,,CTSB,,,,,,,,,,,,,,,,,,,,,,,,,,,,,,,,,,,,,,,,,,,,PLA2G1M,,,,,,,,,,,,,,,,,,,,,,,,,,,,,,,,,,,,,,,,,
,UMPS,,,SZRD1,,,,,,,,,,CTSB,,,,,,,,,,,,,,,,,,,,,,,,,,,,,,,,,,,,,,,,,,,,PLA2G1N,,,,,,,,,,,,,,,,,,,,,,,,,,,,,,,,,,,,,,,,,
,UMPS,,,KCNH2,,,,,,,,,,CTSB,,,,,,,,,,,,,,,,,,,,,,,,,,,,,,,,,,,,,,,,,,,,PLA2G1O,,,,,,,,,,,,,,,,,,,,,,,,,,,,,,,,,,,,,,,,,
,UMPS,,,CUL1,,,,,,,,,,CTSB,,,,,,,,,,,,,,,,,,,,,,,,,,,,,,,,,,,,,,,,,,,,PLA2G1P,,,,,,,,,,,,,,,,,,,,,,,,,,,,,,,,,,,,,,,,,
,UMPS,,,FAM114A2,,,,,,,,,,CTSB,,,,,,,,,,,,,,,,,,,,,,,,,,,,,,,,,,,,,,,,,,,,PLA2G1Q,,,,,,,,,,,,,,,,,,,,,,,,,,,,,,,,,,,,,,,,,
,UMPS,,,CYFIP2,,,,,,,,,,CTSB,,,,,,,,,,,,,,,,,,,,,,,,,,,,,,,,,,,,,,,,,,,,PLA2G1R,,,,,,,,,,,,,,,,,,,,,,,,,,,,,,,,,,,,,,,,,
,UMPS,,,TAB2,,,,,,,,,,CTSB,,,,,,,,,,,,,,,,,,,,,,,,,,,,,,,,,,,,,,,,,,,,PLA2G1S,,,,,,,,,,,,,,,,,,,,,,,,,,,,,,,,,,,,,,,,,
,UMPS,,,GINM1,,,,,,,,,,CTSB,,,,,,,,,,,,,,,,,,,,,,,,,,,,,,,,,,,,,,,,,,,,PLA2G1T,,,,,,,,,,,,,,,,,,,,,,,,,,,,,,,,,,,,,,,,,
,UMPS,,,EIF2AK2,,,,,,,,,,CTSB,,,,,,,,,,,,,,,,,,,,,,,,,,,,,,,,,,,,,,,,,,,,PLA2G1U,,,,,,,,,,,,,,,,,,,,,,,,,,,,,,,,,,,,,,,,,
,UMPS,,,USP36,,,,,,,,,,CTSB,,,,,,,,,,,,,,,,,,,,,,,,,,,,,,,,,,,,,,,,,,,,PLA2G1V,,,,,,,,,,,,,,,,,,,,,,,,,,,,,,,,,,,,,,,,,
,UMPS,,,KMT2C,,,,,,,,,,CTSB,,,,,,,,,,,,,,,,,,,,,,,,,,,,,,,,,,,,,,,,,,,,PLA2G1W,,,,,,,,,,,,,,,,,,,,,,,,,,,,,,,,,,,,,,,,,
,UMPS,,,MCOLN3,,,,,,,,,,CTSB,,,,,,,,,,,,,,,,,,,,,,,,,,,,,,,,,,,,,,,,,,,,PLA2G1X,,,,,,,,,,,,,,,,,,,,,,,,,,,,,,,,,,,,,,,,,
,UMPS,,,CCDC85A,,,,,,,,,,CTSB,,,,,,,,,,,,,,,,,,,,,,,,,,,,,,,,,,,,,,,,,,,,PLA2G1Y,,,,,,,,,,,,,,,,,,,,,,,,,,,,,,,,,,,,,,,,,
,UMPS,,,PUM2,,,,,,,,,,CTSB,,,,,,,,,,,,,,,,,,,,,,,,,,,,,,,,,,,,,,,,,,,,PLA2G1Z,,,,,,,,,,,,,,,,,,,,,,,,,,,,,,,,,,,,,,,,,
,UMPS,,,ITIH4,,,,,,,,,,CTSB,,,,,,,,,,,,,,,,,,,,,,,,,,,,,,,,,,,,,,,,,,,,PLA2G1A,,,,,,,,,,,,,,,,,,,,,,,,,,,,,,,,,,,,,,,,,
,UMPS,,,ITIH1,,,,,,,,,,CTSB,,,,,,,,,,,,,,,,,,,,,,,,,,,,,,,,,,,,,,,,,,,,PLA2G1,,,,,,,,,,,,,,,,,,,,,,,,,,,,,,,,,,,,,,,,,
,UMPS,,,HPF1,,,,,,,,,,CTSB,,,,,,,,,,,,,,,,,,,,,,,,,,,,,,,,,,,,,,,,,,,,PLA2G3,,,,,,,,,,,,,,,,,,,,,,,,,,,,,,,,,,,,,,,,,
,UMPS,,,ZFR,,,,,,,,,,CTSB,,,,,,,,,,,,,,,,,,,,,,,,,,,,,,,,,,,,,,,,,,,,PLA2G5,,,,,,,,,,,,,,,,,,,,,,,,,,,,,,,,,,,,,,,,,
,UMPS,,,NPFFR2,,,,,,,,,,CTSB,,,,,,,,,,,,,,,,,,,,,,,,,,,,,,,,,,,,,,,,,,,,PLA2G6,,,,,,,,,,,,,,,,,,,,,,,,,,,,,,,,,,,,,,,,,
,UMPS,,,PHF21B,,,,,,,,,,CTSB,,,,,,,,,,,,,,,,,,,,,,,,,,,,,,,,,,,,,,,,,,,,PLA2G7,,,,,,,,,,,,,,,,,,,,,,,,,,,,,,,,,,,,,,,,,
,UMPS,,,TRAF1,,,,,,,,,,CTSB,,,,,,,,,,,,,,,,,,,,,,,,,,,,,,,,,,,,,,,,,,,,PLA2G10,,,,,,,,,,,,,,,,,,,,,,,,,,,,,,,,,,,,,,,,,
,UMPS,,,RC3H2,,,,,,,,,,CTSB,,,,,,,,,,,,,,,,,,,,,,,,,,,,,,,,,,,,,,,,,,,,PLA2G12A,,,,,,,,,,,,,,,,,,,,,,,,,,,,,,,,,,,,,,,,,
,UMPS,,,IL17RB,,,,,,,,,,CTSB,,,,,,,,,,,,,,,,,,,,,,,,,,,,,,,,,,,,,,,,,,,,PLA2G12B,,,,,,,,,,,,,,,,,,,,,,,,,,,,,,,,,,,,,,,,,
,UMPS,,,TRAF3IP2,,,,,,,,,,CTSB,,,,,,,,,,,,,,,,,,,,,,,,,,,,,,,,,,,,,,,,,,,,PLA2G12,,,,,,,,,,,,,,,,,,,,,,,,,,,,,,,,,,,,,,,,,
,UMPS,,,DCBLD2,,,,,,,,,,CTSB,,,,,,,,,,,,,,,,,,,,,,,,,,,,,,,,,,,,,,,,,,,,PLA2G15,,,,,,,,,,,,,,,,,,,,,,,,,,,,,,,,,,,,,,,,,
,UMPS,,,SERPINB3,,,,,,,,,,CTSB,,,,,,,,,,,,,,,,,,,,,,,,,,,,,,,,,,,,,,,,,,,,PLA2G16,,,,,,,,,,,,,,,,,,,,,,,,,,,,,,,,,,,,,,,,,
,UMPS,,,SOAT1,,,,,,,,,,CTSB,,,,,,,,,,,,,,,,,,,,,,,,,,,,,,,,,,,,,,,,,,,,PLA2G17,,,,,,,,,,,,,,,,,,,,,,,,,,,,,,,,,,,,,,,,,
,UMPS,,,PKP2,,,,,,,,,,CTSB,,,,,,,,,,,,,,,,,,,,,,,,,,,,,,,,,,,,,,,,,,,,PLA2G18,,,,,,,,,,,,,,,,,,,,,,,,,,,,,,,,,,,,,,,,,
,UMPS,,,MSH4,,,,,,,,,,CTSB,,,,,,,,,,,,,,,,,,,,,,,,,,,,,,,,,,,,,,,,,,,,PLA2G19,,,,,,,,,,,,,,,,,,,,,,,,,,,,,,,,,,,,,,,,,
,UMPS,,,F7,,,,,,,,,,CTSB,,,,,,,,,,,,,,,,,,,,,,,,,,,,,,,,,,,,,,,,,,,,PLA2G2A,,,,,,,,,,,,,,,,,,,,,,,,,,,,,,,,,,,,,,,,,
,UMPS,,,GDI2,,,,,,,,,,CTSB,,,,,,,,,,,,,,,,,,,,,,,,,,,,,,,,,,,,,,,,,,,,PLA2G2B,,,,,,,,,,,,,,,,,,,,,,,,,,,,,,,,,,,,,,,,,
,UMPS,,,PRDM1,,,,,,,,,,CTSB,,,,,,,,,,,,,,,,,,,,,,,,,,,,,,,,,,,,,,,,,,,,PLA2G2C,,,,,,,,,,,,,,,,,,,,,,,,,,,,,,,,,,,,,,,,,
,UMPS,,,ATG5,,,,,,,,,,CTSB,,,,,,,,,,,,,,,,,,,,,,,,,,,,,,,,,,,,,,,,,,,,PLA2G2D,,,,,,,,,,,,,,,,,,,,,,,,,,,,,,,,,,,,,,,,,
,UMPS,,,TMCC3,,,,,,,,,,CTSB,,,,,,,,,,,,,,,,,,,,,,,,,,,,,,,,,,,,,,,,,,,,PLA2G2E,,,,,,,,,,,,,,,,,,,,,,,,,,,,,,,,,,,,,,,,,
,UMPS,,,PITHD1,,,,,,,,,,CTSB,,,,,,,,,,,,,,,,,,,,,,,,,,,,,,,,,,,,,,,,,,,,PLA2G2F,,,,,,,,,,,,,,,,,,,,,,,,,,,,,,,,,,,,,,,,,
,UMPS,,,MTA3,,,,,,,,,,CTSB,,,,,,,,,,,,,,,,,,,,,,,,,,,,,,,,,,,,,,,,,,,,PLA2G2G,,,,,,,,,,,,,,,,,,,,,,,,,,,,,,,,,,,,,,,,,
,UMPS,,,USP13,,,,,,,,,,CTSB,,,,,,,,,,,,,,,,,,,,,,,,,,,,,,,,,,,,,,,,,,,,PLA2G2H,,,,,,,,,,,,,,,,,,,,,,,,,,,,,,,,,,,,,,,,,
,UMPS,,,ATP11B,,,,,,,,,,CTSB,,,,,,,,,,,,,,,,,,,,,,,,,,,,,,,,,,,,,,,,,,,,PLA2G2I,,,,,,,,,,,,,,,,,,,,,,,,,,,,,,,,,,,,,,,,,
,UMPS,,,LAMC2,,,,,,,,,,CTSB,,,,,,,,,,,,,,,,,,,,,,,,,,,,,,,,,,,,,,,,,,,,PLA2G2J,,,,,,,,,,,,,,,,,,,,,,,,,,,,,,,,,,,,,,,,,
,UMPS,,,CDK14,,,,,,,,,,CTSB,,,,,,,,,,,,,,,,,,,,,,,,,,,,,,,,,,,,,,,,,,,,PLA2G2K,,,,,,,,,,,,,,,,,,,,,,,,,,,,,,,,,,,,,,,,,
,UMPS,,,SEC61A1,,,,,,,,,,CTSB,,,,,,,,,,,,,,,,,,,,,,,,,,,,,,,,,,,,,,,,,,,,PLA2G2L,,,,,,,,,,,,,,,,,,,,,,,,,,,,,,,,,,,,,,,,,
,UMPS,,,PPP1R12A,,,,,,,,,,CTSB,,,,,,,,,,,,,,,,,,,,,,,,,,,,,,,,,,,,,,,,,,,,PLA2G2M,,,,,,,,,,,,,,,,,,,,,,,,,,,,,,,,,,,,,,,,,
,UMPS,,,RASGRF1,,,,,,,,,,CTSB,,,,,,,,,,,,,,,,,,,,,,,,,,,,,,,,,,,,,,,,,,,,PLA2G2N,,,,,,,,,,,,,,,,,,,,,,,,,,,,,,,,,,,,,,,,,
,UMPS,,,CAMK2B,,,,,,,,,,CTSB,,,,,,,,,,,,,,,,,,,,,,,,,,,,,,,,,,,,,,,,,,,,PLA2G2O,,,,,,,,,,,,,,,,,,,,,,,,,,,,,,,,,,,,,,,,,
,UMPS,,,CROCC,,,,,,,,,,CTSB,,,,,,,,,,,,,,,,,,,,,,,,,,,,,,,,,,,,,,,,,,,,PLA2G2P,,,,,,,,,,,,,,,,,,,,,,,,,,,,,,,,,,,,,,,,,
,UMPS,,,POLR3E,,,,,,,,,,CTSB,,,,,,,,,,,,,,,,,,,,,,,,,,,,,,,,,,,,,,,,,,,,PLA2G2Q,,,,,,,,,,,,,,,,,,,,,,,,,,,,,,,,,,,,,,,,,
,UMPS,,,ATP2B4,,,,,,,,,,CTSB,,,,,,,,,,,,,,,,,,,,,,,,,,,,,,,,,,,,,,,,,,,,PLA2G2R,,,,,,,,,,,,,,,,,,,,,,,,,,,,,,,,,,,,,,,,,
,UMPS,,,ZC3H11A,,,,,,,,,,CTSB,,,,,,,,,,,,,,,,,,,,,,,,,,,,,,,,,,,,,,,,,,,,PLA2G2,,,,,,,,,,,,,,,,,,,,,,,,,,,,,,,,,,,,,,,,,
,UMPS,,,RIOK2,,,,,,,,,,CTSB,,,,,,,,,,,,,,,,,,,,,,,,,,,,,,,,,,,,,,,,,,,,,,,,,,,,,,,,,,,,,,,,,,,,,,,,,,,,,,,,,,,,,
,UMPS,,,YIPF1,,,,,,,,,,CTSB,,,,,,,,,,,,,,,,,,,,,,,,,,,,,,,,,,,,,,,,,,,,,,,,,,,,,,,,,,,,,,,,,,,,,,,,,,,,,,,,,,,,,
,UMPS,,,NDC1,,,,,,,,,,CTSB,,,,,,,,,,,,,,,,,,,,,,,,,,,,,,,,,,,,,,,,,,,,,,,,,,,,,,,,,,,,,,,,,,,,,,,,,,,,,,,,,,,,,
,UMPS,,,DGKG,,,,,,,,,,CTSB,,,,,,,,,,,,,,,,,,,,,,,,,,,,,,,,,,,,,,,,,,,,,,,,,,,,,,,,,,,,,,,,,,,,,,,,,,,,,,,,,,,,,
,UMPS,,,FLYWCH1,,,,,,,,,,CTSB,,,,,,,,,,,,,,,,,,,,,,,,,,,,,,,,,,,,,,,,,,,,,,,,,,,,,,,,,,,,,,,,,,,,,,,,,,,,,,,,,,,,,
,UMPS,,,UNKL,,,,,,,,,,CTSB,,,,,,,,,,,,,,,,,,,,,,,,,,,,,,,,,,,,,,,,,,,,,,,,,,,,,,,,,,,,,,,,,,,,,,,,,,,,,,,,,,,,,
,UMPS,,,TBXAS1,,,,,,,,,,CTSB,,,,,,,,,,,,,,,,,,,,,,,,,,,,,,,,,,,,,,,,,,,,,,,,,,,,,,,,,,,,,,,,,,,,,,,,,,,,,,,,,,,,,
,UMPS,,,PARP12,,,,,,,,,,CTSB,,,,,,,,,,,,,,,,,,,,,,,,,,,,,,,,,,,,,,,,,,,,,,,,,,,,,,,,,,,,,,,,,,,,,,,,,,,,,,,,,,,,,
,UMPS,,,ALDH18A1,,,,,,,,,,CTSB,,,,,,,,,,,,,,,,,,,,,,,,,,,,,,,,,,,,,,,,,,,,,,,,,,,,,,,,,,,,,,,,,,,,,,,,,,,,,,,,,,,,,
,UMPS,,,TARBP1,,,,,,,,,,CTSB,,,,,,,,,,,,,,,,,,,,,,,,,,,,,,,,,,,,,,,,,,,,,,,,,,,,,,,,,,,,,,,,,,,,,,,,,,,,,,,,,,,,,
,UMPS,,,GATB,,,,,,,,,,CTSB,,,,,,,,,,,,,,,,,,,,,,,,,,,,,,,,,,,,,,,,,,,,,,,,,,,,,,,,,,,,,,,,,,,,,,,,,,,,,,,,,,,,,
,UMPS,,,MXD1,,,,,,,,,,CTSB,,,,,,,,,,,,,,,,,,,,,,,,,,,,,,,,,,,,,,,,,,,,,,,,,,,,,,,,,,,,,,,,,,,,,,,,,,,,,,,,,,,,,
,UMPS,,,CDK17,,,,,,,,,,CTSB,,,,,,,,,,,,,,,,,,,,,,,,,,,,,,,,,,,,,,,,,,,,,,,,,,,,,,,,,,,,,,,,,,,,,,,,,,,,,,,,,,,,,
,UMPS,,,DNAJC25,,,,,,,,,,CTSB,,,,,,,,,,,,,,,,,,,,,,,,,,,,,,,,,,,,,,,,,,,,,,,,,,,,,,,,,,,,,,,,,,,,,,,,,,,,,,,,,,,,,
,UMPS,,,SLC2A3,,,,,,,,,,CTSB,,,,,,,,,,,,,,,,,,,,,,,,,,,,,,,,,,,,,,,,,,,,,,,,,,,,,,,,,,,,,,,,,,,,,,,,,,,,,,,,,,,,,
,UMPS,,,PSD,,,,,,,,,,CTSB,,,,,,,,,,,,,,,,,,,,,,,,,,,,,,,,,,,,,,,,,,,,,,,,,,,,,,,,,,,,,,,,,,,,,,,,,,,,,,,,,,,,,
,UMPS,,,CTDP1,,,,,,,,,,CTSB,,,,,,,,,,,,,,,,,,,,,,,,,,,,,,,,,,,,,,,,,,,,,,,,,,,,,,,,,,,,,,,,,,,,,,,,,,,,,,,,,,,,,
,UMPS,,,YBX3,,,,,,,,,,CTSB,,,,,,,,,,,,,,,,,,,,,,,,,,,,,,,,,,,,,,,,,,,,,,,,,,,,,,,,,,,,,,,,,,,,,,,,,,,,,,,,,,,,,
,UMPS,,,STYK1,,,,,,,,,,CTSB,,,,,,,,,,,,,,,,,,,,,,,,,,,,,,,,,,,,,,,,,,,,,,,,,,,,,,,,,,,,,,,,,,,,,,,,,,,,,,,,,,,,,
,UMPS,,,WNK1,,,,,,,,,,CTSB,,,,,,,,,,,,,,,,,,,,,,,,,,,,,,,,,,,,,,,,,,,,,,,,,,,,,,,,,,,,,,,,,,,,,,,,,,,,,,,,,,,,,
,UMPS,,,CCAR1,,,,,,,,,,CTSB,,,,,,,,,,,,,,,,,,,,,,,,,,,,,,,,,,,,,,,,,,,,,,,,,,,,,,,,,,,,,,,,,,,,,,,,,,,,,,,,,,,,,
,UMPS,,,OGFR,,,,,,,,,,CTSB,,,,,,,,,,,,,,,,,,,,,,,,,,,,,,,,,,,,,,,,,,,,,,,,,,,,,,,,,,,,,,,,,,,,,,,,,,,,,,,,,,,,,
,UMPS,,,GNA15,,,,,,,,,,CTSB,,,,,,,,,,,,,,,,,,,,,,,,,,,,,,,,,,,,,,,,,,,,,,,,,,,,,,,,,,,,,,,,,,,,,,,,,,,,,,,,,,,,,
,UMPS,,,CREB3L3,,,,,,,,,,CTSB,,,,,,,,,,,,,,,,,,,,,,,,,,,,,,,,,,,,,,,,,,,,,,,,,,,,,,,,,,,,,,,,,,,,,,,,,,,,,,,,,,,,,
,UMPS,,,PIGV,,,,,,,,,,CTSB,,,,,,,,,,,,,,,,,,,,,,,,,,,,,,,,,,,,,,,,,,,,,,,,,,,,,,,,,,,,,,,,,,,,,,,,,,,,,,,,,,,,,
,UMPS,,,PTPRU,,,,,,,,,,CTSB,,,,,,,,,,,,,,,,,,,,,,,,,,,,,,,,,,,,,,,,,,,,,,,,,,,,,,,,,,,,,,,,,,,,,,,,,,,,,,,,,,,,,
,UMPS,,,SNRNP40,,,,,,,,,,CTSB,,,,,,,,,,,,,,,,,,,,,,,,,,,,,,,,,,,,,,,,,,,,,,,,,,,,,,,,,,,,,,,,,,,,,,,,,,,,,,,,,,,,,
,UMPS,,,RIMBP2,,,,,,,,,,CTSB,,,,,,,,,,,,,,,,,,,,,,,,,,,,,,,,,,,,,,,,,,,,,,,,,,,,,,,,,,,,,,,,,,,,,,,,,,,,,,,,,,,,,
,UMPS,,,COL11A1,,,,,,,,,,CTSB,,,,,,,,,,,,,,,,,,,,,,,,,,,,,,,,,,,,,,,,,,,,,,,,,,,,,,,,,,,,,,,,,,,,,,,,,,,,,,,,,,,,,
,UMPS,,,QSER1,,,,,,,,,,CTSB,,,,,,,,,,,,,,,,,,,,,,,,,,,,,,,,,,,,,,,,,,,,,,,,,,,,,,,,,,,,,,,,,,,,,,,,,,,,,,,,,,,,,
,UMPS,,,MPC1,,,,,,,,,,CTSB,,,,,,,,,,,,,,,,,,,,,,,,,,,,,,,,,,,,,,,,,,,,,,,,,,,,,,,,,,,,,,,,,,,,,,,,,,,,,,,,,,,,,
,UMPS,,,ACAA1,,,,,,,,,,CTSB,,,,,,,,,,,,,,,,,,,,,,,,,,,,,,,,,,,,,,,,,,,,,,,,,,,,,,,,,,,,,,,,,,,,,,,,,,,,,,,,,,,,,
,UMPS,,,BCAT1,,,,,,,,,,CTSB,,,,,,,,,,,,,,,,,,,,,,,,,,,,,,,,,,,,,,,,,,,,,,,,,,,,,,,,,,,,,,,,,,,,,,,,,,,,,,,,,,,,,
,UMPS,,,HDAC7,,,,,,,,,,CTSB,,,,,,,,,,,,,,,,,,,,,,,,,,,,,,,,,,,,,,,,,,,,,,,,,,,,,,,,,,,,,,,,,,,,,,,,,,,,,,,,,,,,,
,UMPS,,,LZTS1,,,,,,,,,,CTSB,,,,,,,,,,,,,,,,,,,,,,,,,,,,,,,,,,,,,,,,,,,,,,,,,,,,,,,,,,,,,,,,,,,,,,,,,,,,,,,,,,,,,
,UMPS,,,PRDM6,,,,,,,,,,CTSB,,,,,,,,,,,,,,,,,,,,,,,,,,,,,,,,,,,,,,,,,,,,,,,,,,,,,,,,,,,,,,,,,,,,,,,,,,,,,,,,,,,,,
,UMPS,,,WNT8A,,,,,,,,,,CTSB,,,,,,,,,,,,,,,,,,,,,,,,,,,,,,,,,,,,,,,,,,,,,,,,,,,,,,,,,,,,,,,,,,,,,,,,,,,,,,,,,,,,,
,UMPS,,,SPAG4,,,,,,,,,,CTSB,,,,,,,,,,,,,,,,,,,,,,,,,,,,,,,,,,,,,,,,,,,,,,,,,,,,,,,,,,,,,,,,,,,,,,,,,,,,,,,,,,,,,
,UMPS,,,NCKAP1,,,,,,,,,,CTSB,,,,,,,,,,,,,,,,,,,,,,,,,,,,,,,,,,,,,,,,,,,,,,,,,,,,,,,,,,,,,,,,,,,,,,,,,,,,,,,,,,,,,
,UMPS,,,GUCY1B1,,,,,,,,,,CTSB,,,,,,,,,,,,,,,,,,,,,,,,,,,,,,,,,,,,,,,,,,,,,,,,,,,,,,,,,,,,,,,,,,,,,,,,,,,,,,,,,,,,,
,UMPS,,,SFSWAP,,,,,,,,,,CTSB,,,,,,,,,,,,,,,,,,,,,,,,,,,,,,,,,,,,,,,,,,,,,,,,,,,,,,,,,,,,,,,,,,,,,,,,,,,,,,,,,,,,,
,UMPS,,,TNK2,,,,,,,,,,CTSB,,,,,,,,,,,,,,,,,,,,,,,,,,,,,,,,,,,,,,,,,,,,,,,,,,,,,,,,,,,,,,,,,,,,,,,,,,,,,,,,,,,,,
,UMPS,,,MON2,,,,,,,,,,CTSB,,,,,,,,,,,,,,,,,,,,,,,,,,,,,,,,,,,,,,,,,,,,,,,,,,,,,,,,,,,,,,,,,,,,,,,,,,,,,,,,,,,,,
,UMPS,,,CDH3,,,,,,,,,,CTSB,,,,,,,,,,,,,,,,,,,,,,,,,,,,,,,,,,,,,,,,,,,,,,,,,,,,,,,,,,,,,,,,,,,,,,,,,,,,,,,,,,,,,
,UMPS,,,GPBP1,,,,,,,,,,CTSB,,,,,,,,,,,,,,,,,,,,,,,,,,,,,,,,,,,,,,,,,,,,,,,,,,,,,,,,,,,,,,,,,,,,,,,,,,,,,,,,,,,,,
,UMPS,,,DGAT2,,,,,,,,,,CTSB,,,,,,,,,,,,,,,,,,,,,,,,,,,,,,,,,,,,,,,,,,,,,,,,,,,,,,,,,,,,,,,,,,,,,,,,,,,,,,,,,,,,,
,UMPS,,,ZNF112,,,,,,,,,,CTSB,,,,,,,,,,,,,,,,,,,,,,,,,,,,,,,,,,,,,,,,,,,,,,,,,,,,,,,,,,,,,,,,,,,,,,,,,,,,,,,,,,,,,
,UMPS,,,CS,,,,,,,,,,CTSB,,,,,,,,,,,,,,,,,,,,,,,,,,,,,,,,,,,,,,,,,,,,,,,,,,,,,,,,,,,,,,,,,,,,,,,,,,,,,,,,,,,,,
,UMPS,,,LTK,,,,,,,,,,CTSB,,,,,,,,,,,,,,,,,,,,,,,,,,,,,,,,,,,,,,,,,,,,,,,,,,,,,,,,,,,,,,,,,,,,,,,,,,,,,,,,,,,,,
,UMPS,,,ELMO2,,,,,,,,,,CTSB,,,,,,,,,,,,,,,,,,,,,,,,,,,,,,,,,,,,,,,,,,,,,,,,,,,,,,,,,,,,,,,,,,,,,,,,,,,,,,,,,,,,,
,UMPS,,,WAPL,,,,,,,,,,CTSB,,,,,,,,,,,,,,,,,,,,,,,,,,,,,,,,,,,,,,,,,,,,,,,,,,,,,,,,,,,,,,,,,,,,,,,,,,,,,,,,,,,,,
,UMPS,,,VMP1,,,,,,,,,,CTSB,,,,,,,,,,,,,,,,,,,,,,,,,,,,,,,,,,,,,,,,,,,,,,,,,,,,,,,,,,,,,,,,,,,,,,,,,,,,,,,,,,,,,
,UMPS,,,APPBP2,,,,,,,,,,CTSB,,,,,,,,,,,,,,,,,,,,,,,,,,,,,,,,,,,,,,,,,,,,,,,,,,,,,,,,,,,,,,,,,,,,,,,,,,,,,,,,,,,,,
,UMPS,,,POLD1,,,,,,,,,,CTSB,,,,,,,,,,,,,,,,,,,,,,,,,,,,,,,,,,,,,,,,,,,,,,,,,,,,,,,,,,,,,,,,,,,,,,,,,,,,,,,,,,,,,
,UMPS,,,SEZ6,,,,,,,,,,CTSB,,,,,,,,,,,,,,,,,,,,,,,,,,,,,,,,,,,,,,,,,,,,,,,,,,,,,,,,,,,,,,,,,,,,,,,,,,,,,,,,,,,,,
,UMPS,,,EIF4B,,,,,,,,,,CTSB,,,,,,,,,,,,,,,,,,,,,,,,,,,,,,,,,,,,,,,,,,,,,,,,,,,,,,,,,,,,,,,,,,,,,,,,,,,,,,,,,,,,,
,UMPS,,,SLC6A16,,,,,,,,,,CTSB,,,,,,,,,,,,,,,,,,,,,,,,,,,,,,,,,,,,,,,,,,,,,,,,,,,,,,,,,,,,,,,,,,,,,,,,,,,,,,,,,,,,,
,UMPS,,,BICRA,,,,,,,,,,CTSB,,,,,,,,,,,,,,,,,,,,,,,,,,,,,,,,,,,,,,,,,,,,,,,,,,,,,,,,,,,,,,,,,,,,,,,,,,,,,,,,,,,,,
,UMPS,,,SPHK2,,,,,,,,,,CTSB,,,,,,,,,,,,,,,,,,,,,,,,,,,,,,,,,,,,,,,,,,,,,,,,,,,,,,,,,,,,,,,,,,,,,,,,,,,,,,,,,,,,,
,UMPS,,,CA11,,,,,,,,,,CTSB,,,,,,,,,,,,,,,,,,,,,,,,,,,,,,,,,,,,,,,,,,,,,,,,,,,,,,,,,,,,,,,,,,,,,,,,,,,,,,,,,,,,,
,UMPS,,,ISOC2,,,,,,,,,,CTSB,,,,,,,,,,,,,,,,,,,,,,,,,,,,,,,,,,,,,,,,,,,,,,,,,,,,,,,,,,,,,,,,,,,,,,,,,,,,,,,,,,,,,
,UMPS,,,U2AF2,,,,,,,,,,CTSB,,,,,,,,,,,,,,,,,,,,,,,,,,,,,,,,,,,,,,,,,,,,,,,,,,,,,,,,,,,,,,,,,,,,,,,,,,,,,,,,,,,,,
,UMPS,,,EPN1,,,,,,,,,,CTSB,,,,,,,,,,,,,,,,,,,,,,,,,,,,,,,,,,,,,,,,,,,,,,,,,,,,,,,,,,,,,,,,,,,,,,,,,,,,,,,,,,,,,
,UMPS,,,MED29,,,,,,,,,,CTSB,,,,,,,,,,,,,,,,,,,,,,,,,,,,,,,,,,,,,,,,,,,,,,,,,,,,,,,,,,,,,,,,,,,,,,,,,,,,,,,,,,,,,
,UMPS,,,AHRR,,,,,,,,,,CTSB,,,,,,,,,,,,,,,,,,,,,,,,,,,,,,,,,,,,,,,,,,,,,,,,,,,,,,,,,,,,,,,,,,,,,,,,,,,,,,,,,,,,,
,UMPS,,,GSC2,,,,,,,,,,CTSB,,,,,,,,,,,,,,,,,,,,,,,,,,,,,,,,,,,,,,,,,,,,,,,,,,,,,,,,,,,,,,,,,,,,,,,,,,,,,,,,,,,,,
,UMPS,,,GPC1,,,,,,,,,,CTSB,,,,,,,,,,,,,,,,,,,,,,,,,,,,,,,,,,,,,,,,,,,,,,,,,,,,,,,,,,,,,,,,,,,,,,,,,,,,,,,,,,,,,
,UMPS,,,ADCK1,,,,,,,,,,CTSB,,,,,,,,,,,,,,,,,,,,,,,,,,,,,,,,,,,,,,,,,,,,,,,,,,,,,,,,,,,,,,,,,,,,,,,,,,,,,,,,,,,,,
,UMPS,,,HAGH,,,,,,,,,,CTSB,,,,,,,,,,,,,,,,,,,,,,,,,,,,,,,,,,,,,,,,,,,,,,,,,,,,,,,,,,,,,,,,,,,,,,,,,,,,,,,,,,,,,
,UMPS,,,RNF4,,,,,,,,,,CTSB,,,,,,,,,,,,,,,,,,,,,,,,,,,,,,,,,,,,,,,,,,,,,,,,,,,,,,,,,,,,,,,,,,,,,,,,,,,,,,,,,,,,,
,UMPS,,,CASP8,,,,,,,,,,CTSB,,,,,,,,,,,,,,,,,,,,,,,,,,,,,,,,,,,,,,,,,,,,,,,,,,,,,,,,,,,,,,,,,,,,,,,,,,,,,,,,,,,,,
,UMPS,,,LIMCH1,,,,,,,,,,CTSB,,,,,,,,,,,,,,,,,,,,,,,,,,,,,,,,,,,,,,,,,,,,,,,,,,,,,,,,,,,,,,,,,,,,,,,,,,,,,,,,,,,,,
,UMPS,,,INTS13,,,,,,,,,,CTSB,,,,,,,,,,,,,,,,,,,,,,,,,,,,,,,,,,,,,,,,,,,,,,,,,,,,,,,,,,,,,,,,,,,,,,,,,,,,,,,,,,,,,
,UMPS,,,TM7SF3,,,,,,,,,,CTSB,,,,,,,,,,,,,,,,,,,,,,,,,,,,,,,,,,,,,,,,,,,,,,,,,,,,,,,,,,,,,,,,,,,,,,,,,,,,,,,,,,,,,
,UMPS,,,DLX3,,,,,,,,,,CTSB,,,,,,,,,,,,,,,,,,,,,,,,,,,,,,,,,,,,,,,,,,,,,,,,,,,,,,,,,,,,,,,,,,,,,,,,,,,,,,,,,,,,,
,UMPS,,,SPA17,,,,,,,,,,CTSB,,,,,,,,,,,,,,,,,,,,,,,,,,,,,,,,,,,,,,,,,,,,,,,,,,,,,,,,,,,,,,,,,,,,,,,,,,,,,,,,,,,,,
,UMPS,,,TSPAN32,,,,,,,,,,CTSB,,,,,,,,,,,,,,,,,,,,,,,,,,,,,,,,,,,,,,,,,,,,,,,,,,,,,,,,,,,,,,,,,,,,,,,,,,,,,,,,,,,,,
,UMPS,,,CCN5,,,,,,,,,,CTSB,,,,,,,,,,,,,,,,,,,,,,,,,,,,,,,,,,,,,,,,,,,,,,,,,,,,,,,,,,,,,,,,,,,,,,,,,,,,,,,,,,,,,
,UMPS,,,DMRT3,,,,,,,,,,CTSB,,,,,,,,,,,,,,,,,,,,,,,,,,,,,,,,,,,,,,,,,,,,,,,,,,,,,,,,,,,,,,,,,,,,,,,,,,,,,,,,,,,,,
,UMPS,,,ST3GAL6,,,,,,,,,,CTSB,,,,,,,,,,,,,,,,,,,,,,,,,,,,,,,,,,,,,,,,,,,,,,,,,,,,,,,,,,,,,,,,,,,,,,,,,,,,,,,,,,,,,
,UMPS,,,ATP2C2,,,,,,,,,,CTSB,,,,,,,,,,,,,,,,,,,,,,,,,,,,,,,,,,,,,,,,,,,,,,,,,,,,,,,,,,,,,,,,,,,,,,,,,,,,,,,,,,,,,
,UMPS,,,NGFR,,,,,,,,,,CTSB,,,,,,,,,,,,,,,,,,,,,,,,,,,,,,,,,,,,,,,,,,,,,,,,,,,,,,,,,,,,,,,,,,,,,,,,,,,,,,,,,,,,,
,UMPS,,,CDON,,,,,,,,,,CTSB,,,,,,,,,,,,,,,,,,,,,,,,,,,,,,,,,,,,,,,,,,,,,,,,,,,,,,,,,,,,,,,,,,,,,,,,,,,,,,,,,,,,,
,UMPS,,,TAF2,,,,,,,,,,CTSB,,,,,,,,,,,,,,,,,,,,,,,,,,,,,,,,,,,,,,,,,,,,,,,,,,,,,,,,,,,,,,,,,,,,,,,,,,,,,,,,,,,,,
,UMPS,,,HIPK2,,,,,,,,,,CTSB,,,,,,,,,,,,,,,,,,,,,,,,,,,,,,,,,,,,,,,,,,,,,,,,,,,,,,,,,,,,,,,,,,,,,,,,,,,,,,,,,,,,,
,UMPS,,,TNPO3,,,,,,,,,,CTSB,,,,,,,,,,,,,,,,,,,,,,,,,,,,,,,,,,,,,,,,,,,,,,,,,,,,,,,,,,,,,,,,,,,,,,,,,,,,,,,,,,,,,
,UMPS,,,BORCS8-MEF2B,,,,,,,,,,CTSB,,,,,,,,,,,,,,,,,,,,,,,,,,,,,,,,,,,,,,,,,,,,,,,,,,,,,,,,,,,,,,,,,,,,,,,,,,,,,,,,,,,,,
,UMPS,,,RFXANK,,,,,,,,,,CTSB,,,,,,,,,,,,,,,,,,,,,,,,,,,,,,,,,,,,,,,,,,,,,,,,,,,,,,,,,,,,,,,,,,,,,,,,,,,,,,,,,,,,,
,UMPS,,,TMEM161A,,,,,,,,,,CTSB,,,,,,,,,,,,,,,,,,,,,,,,,,,,,,,,,,,,,,,,,,,,,,,,,,,,,,,,,,,,,,,,,,,,,,,,,,,,,,,,,,,,,
,UMPS,,,LPAR2,,,,,,,,,,CTSB,,,,,,,,,,,,,,,,,,,,,,,,,,,,,,,,,,,,,,,,,,,,,,,,,,,,,,,,,,,,,,,,,,,,,,,,,,,,,,,,,,,,,
,UMPS,,,CTSA,,,,,,,,,,CTSB,,,,,,,,,,,,,,,,,,,,,,,,,,,,,,,,,,,,,,,,,,,,,,,,,,,,,,,,,,,,,,,,,,,,,,,,,,,,,,,,,,,,,
,UMPS,,,SUGP2,,,,,,,,,,CTSB,,,,,,,,,,,,,,,,,,,,,,,,,,,,,,,,,,,,,,,,,,,,,,,,,,,,,,,,,,,,,,,,,,,,,,,,,,,,,,,,,,,,,
,UMPS,,,SLC12A2,,,,,,,,,,CTSB,,,,,,,,,,,,,,,,,,,,,,,,,,,,,,,,,,,,,,,,,,,,,,,,,,,,,,,,,,,,,,,,,,,,,,,,,,,,,,,,,,,,,
,UMPS,,,SNX24,,,,,,,,,,CTSB,,,,,,,,,,,,,,,,,,,,,,,,,,,,,,,,,,,,,,,,,,,,,,,,,,,,,,,,,,,,,,,,,,,,,,,,,,,,,,,,,,,,,
,UMPS,,,EYA2,,,,,,,,,,CTSB,,,,,,,,,,,,,,,,,,,,,,,,,,,,,,,,,,,,,,,,,,,,,,,,,,,,,,,,,,,,,,,,,,,,,,,,,,,,,,,,,,,,,
,UMPS,,,CNN2,,,,,,,,,,CTSB,,,,,,,,,,,,,,,,,,,,,,,,,,,,,,,,,,,,,,,,,,,,,,,,,,,,,,,,,,,,,,,,,,,,,,,,,,,,,,,,,,,,,
,UMPS,,,ABCA7,,,,,,,,,,CTSB,,,,,,,,,,,,,,,,,,,,,,,,,,,,,,,,,,,,,,,,,,,,,,,,,,,,,,,,,,,,,,,,,,,,,,,,,,,,,,,,,,,,,
,UMPS,,,SNCAIP,,,,,,,,,,CTSB,,,,,,,,,,,,,,,,,,,,,,,,,,,,,,,,,,,,,,,,,,,,,,,,,,,,,,,,,,,,,,,,,,,,,,,,,,,,,,,,,,,,,
,UMPS,,,DDX20,,,,,,,,,,CTSB,,,,,,,,,,,,,,,,,,,,,,,,,,,,,,,,,,,,,,,,,,,,,,,,,,,,,,,,,,,,,,,,,,,,,,,,,,,,,,,,,,,,,
,UMPS,,,BTBD1,,,,,,,,,,CTSB,,,,,,,,,,,,,,,,,,,,,,,,,,,,,,,,,,,,,,,,,,,,,,,,,,,,,,,,,,,,,,,,,,,,,,,,,,,,,,,,,,,,,
,UMPS,,,FAR2,,,,,,,,,,CTSB,,,,,,,,,,,,,,,,,,,,,,,,,,,,,,,,,,,,,,,,,,,,,,,,,,,,,,,,,,,,,,,,,,,,,,,,,,,,,,,,,,,,,
,UMPS,,,BCAS1,,,,,,,,,,CTSB,,,,,,,,,,,,,,,,,,,,,,,,,,,,,,,,,,,,,,,,,,,,,,,,,,,,,,,,,,,,,,,,,,,,,,,,,,,,,,,,,,,,,
,UMPS,,,POU1F1,,,,,,,,,,CTSB,,,,,,,,,,,,,,,,,,,,,,,,,,,,,,,,,,,,,,,,,,,,,,,,,,,,,,,,,,,,,,,,,,,,,,,,,,,,,,,,,,,,,
,UMPS,,,CHI3L2,,,,,,,,,,CTSB,,,,,,,,,,,,,,,,,,,,,,,,,,,,,,,,,,,,,,,,,,,,,,,,,,,,,,,,,,,,,,,,,,,,,,,,,,,,,,,,,,,,,
,UMPS,,,SBNO2,,,,,,,,,,CTSB,,,,,,,,,,,,,,,,,,,,,,,,,,,,,,,,,,,,,,,,,,,,,,,,,,,,,,,,,,,,,,,,,,,,,,,,,,,,,,,,,,,,,
,UMPS,,,PMS1,,,,,,,,,,CTSB,,,,,,,,,,,,,,,,,,,,,,,,,,,,,,,,,,,,,,,,,,,,,,,,,,,,,,,,,,,,,,,,,,,,,,,,,,,,,,,,,,,,,
,UMPS,,,HMG20B,,,,,,,,,,CTSB,,,,,,,,,,,,,,,,,,,,,,,,,,,,,,,,,,,,,,,,,,,,,,,,,,,,,,,,,,,,,,,,,,,,,,,,,,,,,,,,,,,,,
,UMPS,,,CALCRL,,,,,,,,,,CTSB,,,,,,,,,,,,,,,,,,,,,,,,,,,,,,,,,,,,,,,,,,,,,,,,,,,,,,,,,,,,,,,,,,,,,,,,,,,,,,,,,,,,,
,UMPS,,,TAF11,,,,,,,,,,CTSB,,,,,,,,,,,,,,,,,,,,,,,,,,,,,,,,,,,,,,,,,,,,,,,,,,,,,,,,,,,,,,,,,,,,,,,,,,,,,,,,,,,,,
,UMPS,,,ANKS1A,,,,,,,,,,CTSB,,,,,,,,,,,,,,,,,,,,,,,,,,,,,,,,,,,,,,,,,,,,,,,,,,,,,,,,,,,,,,,,,,,,,,,,,,,,,,,,,,,,,
,UMPS,,,AP3D1,,,,,,,,,,CTSB,,,,,,,,,,,,,,,,,,,,,,,,,,,,,,,,,,,,,,,,,,,,,,,,,,,,,,,,,,,,,,,,,,,,,,,,,,,,,,,,,,,,,
,UMPS,,,ZNF76,,,,,,,,,,CTSB,,,,,,,,,,,,,,,,,,,,,,,,,,,,,,,,,,,,,,,,,,,,,,,,,,,,,,,,,,,,,,,,,,,,,,,,,,,,,,,,,,,,,
,UMPS,,,SLC9A3R2,,,,,,,,,,CTSB,,,,,,,,,,,,,,,,,,,,,,,,,,,,,,,,,,,,,,,,,,,,,,,,,,,,,,,,,,,,,,,,,,,,,,,,,,,,,,,,,,,,,
,UMPS,,,NTHL1,,,,,,,,,,CTSB,,,,,,,,,,,,,,,,,,,,,,,,,,,,,,,,,,,,,,,,,,,,,,,,,,,,,,,,,,,,,,,,,,,,,,,,,,,,,,,,,,,,,
,UMPS,,,UHRF1BP1,,,,,,,,,,CTSB,,,,,,,,,,,,,,,,,,,,,,,,,,,,,,,,,,,,,,,,,,,,,,,,,,,,,,,,,,,,,,,,,,,,,,,,,,,,,,,,,,,,,
,UMPS,,,GNAI3,,,,,,,,,,CTSB,,,,,,,,,,,,,,,,,,,,,,,,,,,,,,,,,,,,,,,,,,,,,,,,,,,,,,,,,,,,,,,,,,,,,,,,,,,,,,,,,,,,,
,UMPS,,,IPO5,,,,,,,,,,CTSB,,,,,,,,,,,,,,,,,,,,,,,,,,,,,,,,,,,,,,,,,,,,,,,,,,,,,,,,,,,,,,,,,,,,,,,,,,,,,,,,,,,,,
,UMPS,,,OAT,,,,,,,,,,CTSB,,,,,,,,,,,,,,,,,,,,,,,,,,,,,,,,,,,,,,,,,,,,,,,,,,,,,,,,,,,,,,,,,,,,,,,,,,,,,,,,,,,,,
,UMPS,,,WDR3,,,,,,,,,,CTSB,,,,,,,,,,,,,,,,,,,,,,,,,,,,,,,,,,,,,,,,,,,,,,,,,,,,,,,,,,,,,,,,,,,,,,,,,,,,,,,,,,,,,
,UMPS,,,PKN2,,,,,,,,,,CTSB,,,,,,,,,,,,,,,,,,,,,,,,,,,,,,,,,,,,,,,,,,,,,,,,,,,,,,,,,,,,,,,,,,,,,,,,,,,,,,,,,,,,,
,UMPS,,,WDR18,,,,,,,,,,CTSB,,,,,,,,,,,,,,,,,,,,,,,,,,,,,,,,,,,,,,,,,,,,,,,,,,,,,,,,,,,,,,,,,,,,,,,,,,,,,,,,,,,,,
,UMPS,,,TRAM2,,,,,,,,,,CTSB,,,,,,,,,,,,,,,,,,,,,,,,,,,,,,,,,,,,,,,,,,,,,,,,,,,,,,,,,,,,,,,,,,,,,,,,,,,,,,,,,,,,,
,UMPS,,,NTN1,,,,,,,,,,CTSB,,,,,,,,,,,,,,,,,,,,,,,,,,,,,,,,,,,,,,,,,,,,,,,,,,,,,,,,,,,,,,,,,,,,,,,,,,,,,,,,,,,,,
,UMPS,,,GLP2R,,,,,,,,,,CTSB,,,,,,,,,,,,,,,,,,,,,,,,,,,,,,,,,,,,,,,,,,,,,,,,,,,,,,,,,,,,,,,,,,,,,,,,,,,,,,,,,,,,,
,UMPS,,,MCM10,,,,,,,,,,CTSB,,,,,,,,,,,,,,,,,,,,,,,,,,,,,,,,,,,,,,,,,,,,,,,,,,,,,,,,,,,,,,,,,,,,,,,,,,,,,,,,,,,,,
,UMPS,,,DGKA,,,,,,,,,,CTSB,,,,,,,,,,,,,,,,,,,,,,,,,,,,,,,,,,,,,,,,,,,,,,,,,,,,,,,,,,,,,,,,,,,,,,,,,,,,,,,,,,,,,
,UMPS,,,ERBB3,,,,,,,,,,CTSB,,,,,,,,,,,,,,,,,,,,,,,,,,,,,,,,,,,,,,,,,,,,,,,,,,,,,,,,,,,,,,,,,,,,,,,,,,,,,,,,,,,,,
,UMPS,,,ROPN1,,,,,,,,,,CTSB,,,,,,,,,,,,,,,,,,,,,,,,,,,,,,,,,,,,,,,,,,,,,,,,,,,,,,,,,,,,,,,,,,,,,,,,,,,,,,,,,,,,,
,UMPS,,,ANKRD44,,,,,,,,,,CTSB,,,,,,,,,,,,,,,,,,,,,,,,,,,,,,,,,,,,,,,,,,,,,,,,,,,,,,,,,,,,,,,,,,,,,,,,,,,,,,,,,,,,,
,UMPS,,,KARS1,,,,,,,,,,CTSB,,,,,,,,,,,,,,,,,,,,,,,,,,,,,,,,,,,,,,,,,,,,,,,,,,,,,,,,,,,,,,,,,,,,,,,,,,,,,,,,,,,,,
,UMPS,,,ADAT1,,,,,,,,,,CTSB,,,,,,,,,,,,,,,,,,,,,,,,,,,,,,,,,,,,,,,,,,,,,,,,,,,,,,,,,,,,,,,,,,,,,,,,,,,,,,,,,,,,,
,UMPS,,,PDIA5,,,,,,,,,,CTSB,,,,,,,,,,,,,,,,,,,,,,,,,,,,,,,,,,,,,,,,,,,,,,,,,,,,,,,,,,,,,,,,,,,,,,,,,,,,,,,,,,,,,
,UMPS,,,TBC1D22B,,,,,,,,,,CTSB,,,,,,,,,,,,,,,,,,,,,,,,,,,,,,,,,,,,,,,,,,,,,,,,,,,,,,,,,,,,,,,,,,,,,,,,,,,,,,,,,,,,,
,UMPS,,,NDUFB4,,,,,,,,,,CTSB,,,,,,,,,,,,,,,,,,,,,,,,,,,,,,,,,,,,,,,,,,,,,,,,,,,,,,,,,,,,,,,,,,,,,,,,,,,,,,,,,,,,,
,UMPS,,,SPEN,,,,,,,,,,CTSB,,,,,,,,,,,,,,,,,,,,,,,,,,,,,,,,,,,,,,,,,,,,,,,,,,,,,,,,,,,,,,,,,,,,,,,,,,,,,,,,,,,,,
,UMPS,,,MYLK,,,,,,,,,,CTSB,,,,,,,,,,,,,,,,,,,,,,,,,,,,,,,,,,,,,,,,,,,,,,,,,,,,,,,,,,,,,,,,,,,,,,,,,,,,,,,,,,,,,
,UMPS,,,ZC3H15,,,,,,,,,,CTSB,,,,,,,,,,,,,,,,,,,,,,,,,,,,,,,,,,,,,,,,,,,,,,,,,,,,,,,,,,,,,,,,,,,,,,,,,,,,,,,,,,,,,
,UMPS,,,MAP2K4,,,,,,,,,,CTSB,,,,,,,,,,,,,,,,,,,,,,,,,,,,,,,,,,,,,,,,,,,,,,,,,,,,,,,,,,,,,,,,,,,,,,,,,,,,,,,,,,,,,
,UMPS,,,PACC1,,,,,,,,,,CTSB,,,,,,,,,,,,,,,,,,,,,,,,,,,,,,,,,,,,,,,,,,,,,,,,,,,,,,,,,,,,,,,,,,,,,,,,,,,,,,,,,,,,,
,UMPS,,,SNAP91,,,,,,,,,,CTSB,,,,,,,,,,,,,,,,,,,,,,,,,,,,,,,,,,,,,,,,,,,,,,,,,,,,,,,,,,,,,,,,,,,,,,,,,,,,,,,,,,,,,
,UMPS,,,SLK,,,,,,,,,,CTSB,,,,,,,,,,,,,,,,,,,,,,,,,,,,,,,,,,,,,,,,,,,,,,,,,,,,,,,,,,,,,,,,,,,,,,,,,,,,,,,,,,,,,
,UMPS,,,CYB5R4,,,,,,,,,,CTSB,,,,,,,,,,,,,,,,,,,,,,,,,,,,,,,,,,,,,,,,,,,,,,,,,,,,,,,,,,,,,,,,,,,,,,,,,,,,,,,,,,,,,
,UMPS,,,COL17A1,,,,,,,,,,CTSB,,,,,,,,,,,,,,,,,,,,,,,,,,,,,,,,,,,,,,,,,,,,,,,,,,,,,,,,,,,,,,,,,,,,,,,,,,,,,,,,,,,,,
,UMPS,,,GSTO2,,,,,,,,,,CTSB,,,,,,,,,,,,,,,,,,,,,,,,,,,,,,,,,,,,,,,,,,,,,,,,,,,,,,,,,,,,,,,,,,,,,,,,,,,,,,,,,,,,,
,UMPS,,,SEC61A2,,,,,,,,,,CTSB,,,,,,,,,,,,,,,,,,,,,,,,,,,,,,,,,,,,,,,,,,,,,,,,,,,,,,,,,,,,,,,,,,,,,,,,,,,,,,,,,,,,,
,UMPS,,,PRKCQ,,,,,,,,,,CTSB,,,,,,,,,,,,,,,,,,,,,,,,,,,,,,,,,,,,,,,,,,,,,,,,,,,,,,,,,,,,,,,,,,,,,,,,,,,,,,,,,,,,,
,UMPS,,,TLE2,,,,,,,,,,CTSB,,,,,,,,,,,,,,,,,,,,,,,,,,,,,,,,,,,,,,,,,,,,,,,,,,,,,,,,,,,,,,,,,,,,,,,,,,,,,,,,,,,,,
,UMPS,,,ASB1,,,,,,,,,,CTSB,,,,,,,,,,,,,,,,,,,,,,,,,,,,,,,,,,,,,,,,,,,,,,,,,,,,,,,,,,,,,,,,,,,,,,,,,,,,,,,,,,,,,
,UMPS,,,FAM107B,,,,,,,,,,CTSB,,,,,,,,,,,,,,,,,,,,,,,,,,,,,,,,,,,,,,,,,,,,,,,,,,,,,,,,,,,,,,,,,,,,,,,,,,,,,,,,,,,,,
,UMPS,,,ME1,,,,,,,,,,CTSB,,,,,,,,,,,,,,,,,,,,,,,,,,,,,,,,,,,,,,,,,,,,,,,,,,,,,,,,,,,,,,,,,,,,,,,,,,,,,,,,,,,,,
,UMPS,,,TBC1D1,,,,,,,,,,CTSB,,,,,,,,,,,,,,,,,,,,,,,,,,,,,,,,,,,,,,,,,,,,,,,,,,,,,,,,,,,,,,,,,,,,,,,,,,,,,,,,,,,,,
,UMPS,,,CDK13,,,,,,,,,,CTSB,,,,,,,,,,,,,,,,,,,,,,,,,,,,,,,,,,,,,,,,,,,,,,,,,,,,,,,,,,,,,,,,,,,,,,,,,,,,,,,,,,,,,
,UMPS,,,MTHFD2,,,,,,,,,,CTSB,,,,,,,,,,,,,,,,,,,,,,,,,,,,,,,,,,,,,,,,,,,,,,,,,,,,,,,,,,,,,,,,,,,,,,,,,,,,,,,,,,,,,
,UMPS,,,FOXJ2,,,,,,,,,,CTSB,,,,,,,,,,,,,,,,,,,,,,,,,,,,,,,,,,,,,,,,,,,,,,,,,,,,,,,,,,,,,,,,,,,,,,,,,,,,,,,,,,,,,
,UMPS,,,YBX1,,,,,,,,,,CTSB,,,,,,,,,,,,,,,,,,,,,,,,,,,,,,,,,,,,,,,,,,,,,,,,,,,,,,,,,,,,,,,,,,,,,,,,,,,,,,,,,,,,,
,UMPS,,,PDE4A,,,,,,,,,,CTSB,,,,,,,,,,,,,,,,,,,,,,,,,,,,,,,,,,,,,,,,,,,,,,,,,,,,,,,,,,,,,,,,,,,,,,,,,,,,,,,,,,,,,
,UMPS,,,PPP2R5A,,,,,,,,,,CTSB,,,,,,,,,,,,,,,,,,,,,,,,,,,,,,,,,,,,,,,,,,,,,,,,,,,,,,,,,,,,,,,,,,,,,,,,,,,,,,,,,,,,,
,UMPS,,,CTNNA2,,,,,,,,,,CTSB,,,,,,,,,,,,,,,,,,,,,,,,,,,,,,,,,,,,,,,,,,,,,,,,,,,,,,,,,,,,,,,,,,,,,,,,,,,,,,,,,,,,,
,UMPS,,,ELAVL1,,,,,,,,,,CTSB,,,,,,,,,,,,,,,,,,,,,,,,,,,,,,,,,,,,,,,,,,,,,,,,,,,,,,,,,,,,,,,,,,,,,,,,,,,,,,,,,,,,,
,UMPS,,,TIE1,,,,,,,,,,CTSB,,,,,,,,,,,,,,,,,,,,,,,,,,,,,,,,,,,,,,,,,,,,,,,,,,,,,,,,,,,,,,,,,,,,,,,,,,,,,,,,,,,,,
,UMPS,,,DIP2B,,,,,,,,,,CTSB,,,,,,,,,,,,,,,,,,,,,,,,,,,,,,,,,,,,,,,,,,,,,,,,,,,,,,,,,,,,,,,,,,,,,,,,,,,,,,,,,,,,,
,UMPS,,,SMARCD1,,,,,,,,,,CTSB,,,,,,,,,,,,,,,,,,,,,,,,,,,,,,,,,,,,,,,,,,,,,,,,,,,,,,,,,,,,,,,,,,,,,,,,,,,,,,,,,,,,,
,UMPS,,,KDM4A,,,,,,,,,,CTSB,,,,,,,,,,,,,,,,,,,,,,,,,,,,,,,,,,,,,,,,,,,,,,,,,,,,,,,,,,,,,,,,,,,,,,,,,,,,,,,,,,,,,
,UMPS,,,NFYC,,,,,,,,,,CTSB,,,,,,,,,,,,,,,,,,,,,,,,,,,,,,,,,,,,,,,,,,,,,,,,,,,,,,,,,,,,,,,,,,,,,,,,,,,,,,,,,,,,,
,UMPS,,,ZMYND12,,,,,,,,,,CTSB,,,,,,,,,,,,,,,,,,,,,,,,,,,,,,,,,,,,,,,,,,,,,,,,,,,,,,,,,,,,,,,,,,,,,,,,,,,,,,,,,,,,,
,UMPS,,,SLC9A3,,,,,,,,,,CTSB,,,,,,,,,,,,,,,,,,,,,,,,,,,,,,,,,,,,,,,,,,,,,,,,,,,,,,,,,,,,,,,,,,,,,,,,,,,,,,,,,,,,,
,UMPS,,,NGEF,,,,,,,,,,CTSB,,,,,,,,,,,,,,,,,,,,,,,,,,,,,,,,,,,,,,,,,,,,,,,,,,,,,,,,,,,,,,,,,,,,,,,,,,,,,,,,,,,,,
,UMPS,,,ASPM,,,,,,,,,,CTSB,,,,,,,,,,,,,,,,,,,,,,,,,,,,,,,,,,,,,,,,,,,,,,,,,,,,,,,,,,,,,,,,,,,,,,,,,,,,,,,,,,,,,
,UMPS,,,CD84,,,,,,,,,,CTSB,,,,,,,,,,,,,,,,,,,,,,,,,,,,,,,,,,,,,,,,,,,,,,,,,,,,,,,,,,,,,,,,,,,,,,,,,,,,,,,,,,,,,
,UMPS,,,ELOVL1,,,,,,,,,,CTSB,,,,,,,,,,,,,,,,,,,,,,,,,,,,,,,,,,,,,,,,,,,,,,,,,,,,,,,,,,,,,,,,,,,,,,,,,,,,,,,,,,,,,
,UMPS,,,SPI1,,,,,,,,,,CTSB,,,,,,,,,,,,,,,,,,,,,,,,,,,,,,,,,,,,,,,,,,,,,,,,,,,,,,,,,,,,,,,,,,,,,,,,,,,,,,,,,,,,,
,UMPS,,,POLR1H,,,,,,,,,,CTSB,,,,,,,,,,,,,,,,,,,,,,,,,,,,,,,,,,,,,,,,,,,,,,,,,,,,,,,,,,,,,,,,,,,,,,,,,,,,,,,,,,,,,
,UMPS,,,MPPED2,,,,,,,,,,CTSB,,,,,,,,,,,,,,,,,,,,,,,,,,,,,,,,,,,,,,,,,,,,,,,,,,,,,,,,,,,,,,,,,,,,,,,,,,,,,,,,,,,,,
,UMPS,,,CLDN18,,,,,,,,,,CTSB,,,,,,,,,,,,,,,,,,,,,,,,,,,,,,,,,,,,,,,,,,,,,,,,,,,,,,,,,,,,,,,,,,,,,,,,,,,,,,,,,,,,,
,UMPS,,,ZBTB11,,,,,,,,,,CTSB,,,,,,,,,,,,,,,,,,,,,,,,,,,,,,,,,,,,,,,,,,,,,,,,,,,,,,,,,,,,,,,,,,,,,,,,,,,,,,,,,,,,,
,UMPS,,,ATXN3,,,,,,,,,,CTSB,,,,,,,,,,,,,,,,,,,,,,,,,,,,,,,,,,,,,,,,,,,,,,,,,,,,,,,,,,,,,,,,,,,,,,,,,,,,,,,,,,,,,
,UMPS,,,GOLGA5,,,,,,,,,,CTSB,,,,,,,,,,,,,,,,,,,,,,,,,,,,,,,,,,,,,,,,,,,,,,,,,,,,,,,,,,,,,,,,,,,,,,,,,,,,,,,,,,,,,
,UMPS,,,FGFR2,,,,,,,,,,CTSB,,,,,,,,,,,,,,,,,,,,,,,,,,,,,,,,,,,,,,,,,,,,,,,,,,,,,,,,,,,,,,,,,,,,,,,,,,,,,,,,,,,,,
,UMPS,,,LRRC40,,,,,,,,,,CTSB,,,,,,,,,,,,,,,,,,,,,,,,,,,,,,,,,,,,,,,,,,,,,,,,,,,,,,,,,,,,,,,,,,,,,,,,,,,,,,,,,,,,,
,UMPS,,,ISOC1,,,,,,,,,,CTSB,,,,,,,,,,,,,,,,,,,,,,,,,,,,,,,,,,,,,,,,,,,,,,,,,,,,,,,,,,,,,,,,,,,,,,,,,,,,,,,,,,,,,
,UMPS,,,EML1,,,,,,,,,,CTSB,,,,,,,,,,,,,,,,,,,,,,,,,,,,,,,,,,,,,,,,,,,,,,,,,,,,,,,,,,,,,,,,,,,,,,,,,,,,,,,,,,,,,
,UMPS,,,TRMT11,,,,,,,,,,CTSB,,,,,,,,,,,,,,,,,,,,,,,,,,,,,,,,,,,,,,,,,,,,,,,,,,,,,,,,,,,,,,,,,,,,,,,,,,,,,,,,,,,,,
,UMPS,,,THUM,,,,,,,,,,CTSB,,,,,,,,,,,,,,,,,,,,,,,,,,,,,,,,,,,,,,,,,,,,,,,,,,,,,,,,,,,,,,,,,,,,,,,,,,,,,,,,,,,,,
,UMPS,,,,,,,,,,,,,CTSB,,,,,,,,,,,,,,,,,,,,,,,,,,,,,,,,,,,,,,,,,,,,,,,,,,,,,,,,,,,,,,,,,,,,,,,,,,,,,,,,,,,,,
,UMPS,,,,,,,,,,,,,CTSB,,,,,,,,,,,,,,,,,,,,,,,,,,,,,,,,,,,,,,,,,,,,,,,,,,,,,,,,,,,,,,,,,,,,,,,,,,,,,,,,,,,,,
,UMPS,,,,,,,,,,,,,CTSB,,,,,,,,,,,,,,,,,,,,,,,,,,,,,,,,,,,,,,,,,,,,,,,,,,,,,,,,,,,,,,,,,,,,,,,,,,,,,,,,,,,,,
,UMPS,,,,,,,,,,,,,CTSB,,,,,,,,,,,,,,,,,,,,,,,,,,,,,,,,,,,,,,,,,,,,,,,,,,,,,,,,,,,,,,,,,,,,,,,,,,,,,,,,,,,,,
,UMPS,,,,,,,,,,,,,CTSB,,,,,,,,,,,,,,,,,,,,,,,,,,,,,,,,,,,,,,,,,,,,,,,,,,,,,,,,,,,,,,,,,,,,,,,,,,,,,,,,,,,,,
,UMPS,,,,,,,,,,,,,CTSB,,,,,,,,,,,,,,,,,,,,,,,,,,,,,,,,,,,,,,,,,,,,,,,,,,,,,,,,,,,,,,,,,,,,,,,,,,,,,,,,,,,,,
,UMPS,,,,,,,,,,,,,CTSB,,,,,,,,,,,,,,,,,,,,,,,,,,,,,,,,,,,,,,,,,,,,,,,,,,,,,,,,,,,,,,,,,,,,,,,,,,,,,,,,,,,,,
,UMPS,,,,,,,,,,,,,CTSB,,,,,,,,,,,,,,,,,,,,,,,,,,,,,,,,,,,,,,,,,,,,,,,,,,,,,,,,,,,,,,,,,,,,,,,,,,,,,,,,,,,,,
,UMPS,,,,,,,,,,,,,CTSB,,,,,,,,,,,,,,,,,,,,,,,,,,,,,,,,,,,,,,,,,,,,,,,,,,,,,,,,,,,,,,,,,,,,,,,,,,,,,,,,,,,,,
,UMPS,,,,,,,,,,,,,CTSB,,,,,,,,,,,,,,,,,,,,,,,,,,,,,,,,,,,,,,,,,,,,,,,,,,,,,,,,,,,,,,,,,,,,,,,,,,,,,,,,,,,,,
,UMPS,,,,,,,,,,,,,CTSB,,,,,,,,,,,,,,,,,,,,,,,,,,,,,,,,,,,,,,,,,,,,,,,,,,,,,,,,,,,,,,,,,,,,,,,,,,,,,,,,,,,,,
,UMPS,,,,,,,,,,,,,CTSB,,,,,,,,,,,,,,,,,,,,,,,,,,,,,,,,,,,,,,,,,,,,,,,,,,,,,,,,,,,,,,,,,,,,,,,,,,,,,,,,,,,,,
,UMPS,,,,,,,,,,,,,CTSB,,,,,,,,,,,,,,,,,,,,,,,,,,,,,,,,,,,,,,,,,,,,,,,,,,,,,,,,,,,,,,,,,,,,,,,,,,,,,,,,,,,,,
,UMPS,,,,,,,,,,,,,CTSB,,,,,,,,,,,,,,,,,,,,,,,,,,,,,,,,,,,,,,,,,,,,,,,,,,,,,,,,,,,,,,,,,,,,,,,,,,,,,,,,,,,,,
,UMPS,,,,,,,,,,,,,CTSB,,,,,,,,,,,,,,,,,,,,,,,,,,,,,,,,,,,,,,,,,,,,,,,,,,,,,,,,,,,,,,,,,,,,,,,,,,,,,,,,,,,,,
,UMPS,,,,,,,,,,,,,CTSB,,,,,,,,,,,,,,,,,,,,,,,,,,,,,,,,,,,,,,,,,,,,,,,,,,,,,,,,,,,,,,,,,,,,,,,,,,,,,,,,,,,,,
,UMPS,,,,,,,,,,,,,CTSB,,,,,,,,,,,,,,,,,,,,,,,,,,,,,,,,,,,,,,,,,,,,,,,,,,,,,,,,,,,,,,,,,,,,,,,,,,,,,,,,,,,,,
,UMPS,,,,,,,,,,,,,CTSB,,,,,,,,,,,,,,,,,,,,,,,,,,,,,,,,,,,,,,,,,,,,,,,,,,,,,,,,,,,,,,,,,,,,,,,,,,,,,,,,,,,,,
,UMPS,,,,,,,,,,,,,CTSB,,,,,,,,,,,,,,,,,,,,,,,,,,,,,,,,,,,,,,,,,,,,,,,,,,,,,,,,,,,,,,,,,,,,,,,,,,,,,,,,,,,,,
,UMPS,,,,,,,,,,,,,CTSB,,,,,,,,,,,,,,,,,,,,,,,,,,,,,,,,,,,,,,,,,,,,,,,,,,,,,,,,,,,,,,,,,,,,,,,,,,,,,,,,,,,,,
,UMPS,,,,,,,,,,,,,CTSB,,,,,,,,,,,,,,,,,,,,,,,,,,,,,,,,,,,,,,,,,,,,,,,,,,,,,,,,,,,,,,,,,,,,,,,,,,,,,,,,,,,,,
,UMPS,,,,,,,,,,,,,CTSB,,,,,,,,,,,,,,,,,,,,,,,,,,,,,,,,,,,,,,,,,,,,,,,,,,,,,,,,,,,,,,,,,,,,,,,,,,,,,,,,,,,,,
,UMPS,,,,,,,,,,,,,CTSB,,,,,,,,,,,,,,,,,,,,,,,,,,,,,,,,,,,,,,,,,,,,,,,,,,,,,,,,,,,,,,,,,,,,,,,,,,,,,,,,,,,,,
,UMPS,,,,,,,,,,,,,CTSB,,,,,,,,,,,,,,,,,,,,,,,,,,,,,,,,,,,,,,,,,,,,,,,,,,,,,,,,,,,,,,,,,,,,,,,,,,,,,,,,,,,,,
,UMPS,,,,,,,,,,,,,CTSB,,,,,,,,,,,,,,,,,,,,,,,,,,,,,,,,,,,,,,,,,,,,,,,,,,,,,,,,,,,,,,,,,,,,,,,,,,,,,,,,,,,,,
,UMPS,,,,,,,,,,,,,CTSB,,,,,,,,,,,,,,,,,,,,,,,,,,,,,,,,,,,,,,,,,,,,,,,,,,,,,,,,,,,,,,,,,,,,,,,,,,,,,,,,,,,,,
,UMPS,,,,,,,,,,,,,CTSB,,,,,,,,,,,,,,,,,,,,,,,,,,,,,,,,,,,,,,,,,,,,,,,,,,,,,,,,,,,,,,,,,,,,,,,,,,,,,,,,,,,,,
,UMPS,,,,,,,,,,,,,CTSB,,,,,,,,,,,,,,,,,,,,,,,,,,,,,,,,,,,,,,,,,,,,,,,,,,,,,,,,,,,,,,,,,,,,,,,,,,,,,,,,,,,,,
,UMPS,,,,,,,,,,,,,CTSB,,,,,,,,,,,,,,,,,,,,,,,,,,,,,,,,,,,,,,,,,,,,,,,,,,,,,,,,,,,,,,,,,,,,,,,,,,,,,,,,,,,,,
,UMPS,,,,,,,,,,,,,CTSB,,,,,,,,,,,,,,,,,,,,,,,,,,,,,,,,,,,,,,,,,,,,,,,,,,,,,,,,,,,,,,,,,,,,,,,,,,,,,,,,,,,,,
,UMPS,,,,,,,,,,,,,CTSB,,,,,,,,,,,,,,,,,,,,,,,,,,,,,,,,,,,,,,,,,,,,,,,,,,,,,,,,,,,,,,,,,,,,,,,,,,,,,,,,,,,,,
,UMPS,,,,,,,,,,,,,CTSB,,,,,,,,,,,,,,,,,,,,,,,,,,,,,,,,,,,,,,,,,,,,,,,,,,,,,,,,,,,,,,,,,,,,,,,,,,,,,,,,,,,,,
,UMPS,,,,,,,,,,,,,CTSB,,,,,,,,,,,,,,,,,,,,,,,,,,,,,,,,,,,,,,,,,,,,,,,,,,,,,,,,,,,,,,,,,,,,,,,,,,,,,,,,,,,,,
,UMPS,,,,,,,,,,,,,CTSB,,,,,,,,,,,,,,,,,,,,,,,,,,,,,,,,,,,,,,,,,,,,,,,,,,,,,,,,,,,,,,,,,,,,,,,,,,,,,,,,,,,,,
,UMPS,,,,,,,,,,,,,CTSB,,,,,,,,,,,,,,,,,,,,,,,,,,,,,,,,,,,,,,,,,,,,,,,,,,,,,,,,,,,,,,,,,,,,,,,,,,,,,,,,,,,,,
,UMPS,,,,,,,,,,,,,CTSB,,,,,,,,,,,,,,,,,,,,,,,,,,,,,,,,,,,,,,,,,,,,,,,,,,,,,,,,,,,,,,,,,,,,,,,,,,,,,,,,,,,,,
,UMPS,,,,,,,,,,,,,CTSB,,,,,,,,,,,,,,,,,,,,,,,,,,,,,,,,,,,,,,,,,,,,,,,,,,,,,,,,,,,,,,,,,,,,,,,,,,,,,,,,,,,,,
,UMPS,,,,,,,,,,,,,CTSB,,,,,,,,,,,,,,,,,,,,,,,,,,,,,,,,,,,,,,,,,,,,,,,,,,,,,,,,,,,,,,,,,,,,,,,,,,,,,,,,,,,,,
,UMPS,,,,,,,,,,,,,CTSB,,,,,,,,,,,,,,,,,,,,,,,,,,,,,,,,,,,,,,,,,,,,,,,,,,,,,,,,,,,,,,,,,,,,,,,,,,,,,,,,,,,,,
,UMPS,,,,,,,,,,,,,CTSB,,,,,,,,,,,,,,,,,,,,,,,,,,,,,,,,,,,,,,,,,,,,,,,,,,,,,,,,,,,,,,,,,,,,,,,,,,,,,,,,,,,,,
,UMPS,,,,,,,,,,,,,CTSB,,,,,,,,,,,,,,,,,,,,,,,,,,,,,,,,,,,,,,,,,,,,,,,,,,,,,,,,,,,,,,,,,,,,,,,,,,,,,,,,,,,,,
,UMPS,,,,,,,,,,,,,CTSB,,,,,,,,,,,,,,,,,,,,,,,,,,,,,,,,,,,,,,,,,,,,,,,,,,,,,,,,,,,,,,,,,,,,,,,,,,,,,,,,,,,,,
,UMPS,,,,,,,,,,,,,CTSB,,,,,,,,,,,,,,,,,,,,,,,,,,,,,,,,,,,,,,,,,,,,,,,,,,,,,,,,,,,,,,,,,,,,,,,,,,,,,,,,,,,,,
,UMPS,,,,,,,,,,,,,CTSB,,,,,,,,,,,,,,,,,,,,,,,,,,,,,,,,,,,,,,,,,,,,,,,,,,,,,,,,,,,,,,,,,,,,,,,,,,,,,,,,,,,,,
,UMPS,,,,,,,,,,,,,CTSB,,,,,,,,,,,,,,,,,,,,,,,,,,,,,,,,,,,,,,,,,,,,,,,,,,,,,,,,,,,,,,,,,,,,,,,,,,,,,,,,,,,,,
,UMPS,,,,,,,,,,,,,CTSB,,,,,,,,,,,,,,,,,,,,,,,,,,,,,,,,,,,,,,,,,,,,,,,,,,,,,,,,,,,,,,,,,,,,,,,,,,,,,,,,,,,,,
,UMPS,,,,,,,,,,,,,CTSB,,,,,,,,,,,,,,,,,,,,,,,,,,,,,,,,,,,,,,,,,,,,,,,,,,,,,,,,,,,,,,,,,,,,,,,,,,,,,,,,,,,,,
,UMPS,,,,,,,,,,,,,CTSB,,,,,,,,,,,,,,,,,,,,,,,,,,,,,,,,,,,,,,,,,,,,,,,,,,,,,,,,,,,,,,,,,,,,,,,,,,,,,,,,,,,,,
,UMPS,,,,,,,,,,,,,CTSB,,,,,,,,,,,,,,,,,,,,,,,,,,,,,,,,,,,,,,,,,,,,,,,,,,,,,,,,,,,,,,,,,,,,,,,,,,,,,,,,,,,,,
,UMPS,,,,,,,,,,,,,CTSB,,,,,,,,,,,,,,,,,,,,,,,,,,,,,,,,,,,,,,,,,,,,,,,,,,,,,,,,,,,,,,,,,,,,,,,,,,,,,,,,,,,,,
,UMPS,,,,,,,,,,,,,CTSB,,,,,,,,,,,,,,,,,,,,,,,,,,,,,,,,,,,,,,,,,,,,,,,,,,,,,,,,,,,,,,,,,,,,,,,,,,,,,,,,,,,,,
,UMPS,,,,,,,,,,,,,CTSB,,,,,,,,,,,,,,,,,,,,,,,,,,,,,,,,,,,,,,,,,,,,,,,,,,,,,,,,,,,,,,,,,,,,,,,,,,,,,,,,,,,,,
,UMPS,,,,,,,,,,,,,CTSB,,,,,,,,,,,,,,,,,,,,,,,,,,,,,,,,,,,,,,,,,,,,,,,,,,,,,,,,,,,,,,,,,,,,,,,,,,,,,,,,,,,,,
,UMPS,,,,,,,,,,,,,CTSB,,,,,,,,,,,,,,,,,,,,,,,,,,,,,,,,,,,,,,,,,,,,,,,,,,,,,,,,,,,,,,,,,,,,,,,,,,,,,,,,,,,,,
,UMPS,,,,,,,,,,,,,CTSB,,,,,,,,,,,,,,,,,,,,,,,,,,,,,,,,,,,,,,,,,,,,,,,,,,,,,,,,,,,,,,,,,,,,,,,,,,,,,,,,,,,,,
,UMPS,,,,,,,,,,,,,CTSB,,,,,,,,,,,,,,,,,,,,,,,,,,,,,,,,,,,,,,,,,,,,,,,,,,,,,,,,,,,,,,,,,,,,,,,,,,,,,,,,,,,,,
,UMPS,,,,,,,,,,,,,CTSB,,,,,,,,,,,,,,,,,,,,,,,,,,,,,,,,,,,,,,,,,,,,,,,,,,,,,,,,,,,,,,,,,,,,,,,,,,,,,,,,,,,,,
,UMPS,,,,,,,,,,,,,CTSB,,,,,,,,,,,,,,,,,,,,,,,,,,,,,,,,,,,,,,,,,,,,,,,,,,,,,,,,,,,,,,,,,,,,,,,,,,,,,,,,,,,,,
,UMPS,,,,,,,,,,,,,CTSB,,,,,,,,,,,,,,,,,,,,,,,,,,,,,,,,,,,,,,,,,,,,,,,,,,,,,,,,,,,,,,,,,,,,,,,,,,,,,,,,,,,,,
,UMPS,,,,,,,,,,,,,CTSB,,,,,,,,,,,,,,,,,,,,,,,,,,,,,,,,,,,,,,,,,,,,,,,,,,,,,,,,,,,,,,,,,,,,,,,,,,,,,,,,,,,,,
,UMPS,,,,,,,,,,,,,CTSB,,,,,,,,,,,,,,,,,,,,,,,,,,,,,,,,,,,,,,,,,,,,,,,,,,,,,,,,,,,,,,,,,,,,,,,,,,,,,,,,,,,,,
,UMPS,,,,,,,,,,,,,CTSB,,,,,,,,,,,,,,,,,,,,,,,,,,,,,,,,,,,,,,,,,,,,,,,,,,,,,,,,,,,,,,,,,,,,,,,,,,,,,,,,,,,,,
,UMPS,,,,,,,,,,,,,CTSB,,,,,,,,,,,,,,,,,,,,,,,,,,,,,,,,,,,,,,,,,,,,,,,,,,,,,,,,,,,,,,,,,,,,,,,,,,,,,,,,,,,,,
,UMPS,,,,,,,,,,,,,CTSB,,,,,,,,,,,,,,,,,,,,,,,,,,,,,,,,,,,,,,,,,,,,,,,,,,,,,,,,,,,,,,,,,,,,,,,,,,,,,,,,,,,,,
,UMPS,,,,,,,,,,,,,CTSB,,,,,,,,,,,,,,,,,,,,,,,,,,,,,,,,,,,,,,,,,,,,,,,,,,,,,,,,,,,,,,,,,,,,,,,,,,,,,,,,,,,,,
,UMPS,,,,,,,,,,,,,CTSB,,,,,,,,,,,,,,,,,,,,,,,,,,,,,,,,,,,,,,,,,,,,,,,,,,,,,,,,,,,,,,,,,,,,,,,,,,,,,,,,,,,,,
,UMPS,,,,,,,,,,,,,CTSB,,,,,,,,,,,,,,,,,,,,,,,,,,,,,,,,,,,,,,,,,,,,,,,,,,,,,,,,,,,,,,,,,,,,,,,,,,,,,,,,,,,,,
,UMPS,,,,,,,,,,,,,CTSB,,,,,,,,,,,,,,,,,,,,,,,,,,,,,,,,,,,,,,,,,,,,,,,,,,,,,,,,,,,,,,,,,,,,,,,,,,,,,,,,,,,,,
,UMPS,,,,,,,,,,,,,CTSB,,,,,,,,,,,,,,,,,,,,,,,,,,,,,,,,,,,,,,,,,,,,,,,,,,,,,,,,,,,,,,,,,,,,,,,,,,,,,,,,,,,,,
,UMPS,,,,,,,,,,,,,CTSB,,,,,,,,,,,,,,,,,,,,,,,,,,,,,,,,,,,,,,,,,,,,,,,,,,,,,,,,,,,,,,,,,,,,,,,,,,,,,,,,,,,,,
,UMPS,,,,,,,,,,,,,CTSB,,,,,,,,,,,,,,,,,,,,,,,,,,,,,,,,,,,,,,,,,,,,,,,,,,,,,,,,,,,,,,,,,,,,,,,,,,,,,,,,,,,,,
,UMPS,,,,,,,,,,,,,CTSB,,,,,,,,,,,,,,,,,,,,,,,,,,,,,,,,,,,,,,,,,,,,,,,,,,,,,,,,,,,,,,,,,,,,,,,,,,,,,,,,,,,,,
,UMPS,,,,,,,,,,,,,CTSB,,,,,,,,,,,,,,,,,,,,,,,,,,,,,,,,,,,,,,,,,,,,,,,,,,,,,,,,,,,,,,,,,,,,,,,,,,,,,,,,,,,,,
,UMPS,,,,,,,,,,,,,CTSB,,,,,,,,,,,,,,,,,,,,,,,,,,,,,,,,,,,,,,,,,,,,,,,,,,,,,,,,,,,,,,,,,,,,,,,,,,,,,,,,,,,,,
,UMPS,,,,,,,,,,,,,CTSB,,,,,,,,,,,,,,,,,,,,,,,,,,,,,,,,,,,,,,,,,,,,,,,,,,,,,,,,,,,,,,,,,,,,,,,,,,,,,,,,,,,,,
,UMPS,,,,,,,,,,,,,CTSB,,,,,,,,,,,,,,,,,,,,,,,,,,,,,,,,,,,,,,,,,,,,,,,,,,,,,,,,,,,,,,,,,,,,,,,,,,,,,,,,,,,,,
,UMPS,,,,,,,,,,,,,CTSB,,,,,,,,,,,,,,,,,,,,,,,,,,,,,,,,,,,,,,,,,,,,,,,,,,,,,,,,,,,,,,,,,,,,,,,,,,,,,,,,,,,,,
,UMPS,,,,,,,,,,,,,CTSB,,,,,,,,,,,,,,,,,,,,,,,,,,,,,,,,,,,,,,,,,,,,,,,,,,,,,,,,,,,,,,,,,,,,,,,,,,,,,,,,,,,,,
,UMPS,,,,,,,,,,,,,CTSB,,,,,,,,,,,,,,,,,,,,,,,,,,,,,,,,,,,,,,,,,,,,,,,,,,,,,,,,,,,,,,,,,,,,,,,,,,,,,,,,,,,,,
,UMPS,,,,,,,,,,,,,CTSB,,,,,,,,,,,,,,,,,,,,,,,,,,,,,,,,,,,,,,,,,,,,,,,,,,,,,,,,,,,,,,,,,,,,,,,,,,,,,,,,,,,,,
,UMPS,,,,,,,,,,,,,CTSB,,,,,,,,,,,,,,,,,,,,,,,,,,,,,,,,,,,,,,,,,,,,,,,,,,,,,,,,,,,,,,,,,,,,,,,,,,,,,,,,,,,,,
,UMPS,,,,,,,,,,,,,CTSB,,,,,,,,,,,,,,,,,,,,,,,,,,,,,,,,,,,,,,,,,,,,,,,,,,,,,,,,,,,,,,,,,,,,,,,,,,,,,,,,,,,,,
,UMPS,,,,,,,,,,,,,CTSB,,,,,,,,,,,,,,,,,,,,,,,,,,,,,,,,,,,,,,,,,,,,,,,,,,,,,,,,,,,,,,,,,,,,,,,,,,,,,,,,,,,,,
,UMPS,,,,,,,,,,,,,CTSB,,,,,,,,,,,,,,,,,,,,,,,,,,,,,,,,,,,,,,,,,,,,,,,,,,,,,,,,,,,,,,,,,,,,,,,,,,,,,,,,,,,,,
,UMPS,,,,,,,,,,,,,CTSB,,,,,,,,,,,,,,,,,,,,,,,,,,,,,,,,,,,,,,,,,,,,,,,,,,,,,,,,,,,,,,,,,,,,,,,,,,,,,,,,,,,,,
,UMPS,,,,,,,,,,,,,CTSB,,,,,,,,,,,,,,,,,,,,,,,,,,,,,,,,,,,,,,,,,,,,,,,,,,,,,,,,,,,,,,,,,,,,,,,,,,,,,,,,,,,,,
,UMPS,,,,,,,,,,,,,CTSB,,,,,,,,,,,,,,,,,,,,,,,,,,,,,,,,,,,,,,,,,,,,,,,,,,,,,,,,,,,,,,,,,,,,,,,,,,,,,,,,,,,,,
,UMPS,,,,,,,,,,,,,CTSB,,,,,,,,,,,,,,,,,,,,,,,,,,,,,,,,,,,,,,,,,,,,,,,,,,,,,,,,,,,,,,,,,,,,,,,,,,,,,,,,,,,,,
,UMPS,,,,,,,,,,,,,CTSB,,,,,,,,,,,,,,,,,,,,,,,,,,,,,,,,,,,,,,,,,,,,,,,,,,,,,,,,,,,,,,,,,,,,,,,,,,,,,,,,,,,,,
,UMPS,,,,,,,,,,,,,CTSB,,,,,,,,,,,,,,,,,,,,,,,,,,,,,,,,,,,,,,,,,,,,,,,,,,,,,,,,,,,,,,,,,,,,,,,,,,,,,,,,,,,,,
,UMPS,,,,,,,,,,,,,CTSB,,,,,,,,,,,,,,,,,,,,,,,,,,,,,,,,,,,,,,,,,,,,,,,,,,,,,,,,,,,,,,,,,,,,,,,,,,,,,,,,,,,,,
,UMPS,,,,,,,,,,,,,CTSB,,,,,,,,,,,,,,,,,,,,,,,,,,,,,,,,,,,,,,,,,,,,,,,,,,,,,,,,,,,,,,,,,,,,,,,,,,,,,,,,,,,,,
,UMPS,,,,,,,,,,,,,CTSB,,,,,,,,,,,,,,,,,,,,,,,,,,,,,,,,,,,,,,,,,,,,,,,,,,,,,,,,,,,,,,,,,,,,,,,,,,,,,,,,,,,,,
,UMPS,,,,,,,,,,,,,CTSB,,,,,,,,,,,,,,,,,,,,,,,,,,,,,,,,,,,,,,,,,,,,,,,,,,,,,,,,,,,,,,,,,,,,,,,,,,,,,,,,,,,,,
,UMPS,,,,,,,,,,,,,CTSB,,,,,,,,,,,,,,,,,,,,,,,,,,,,,,,,,,,,,,,,,,,,,,,,,,,,,,,,,,,,,,,,,,,,,,,,,,,,,,,,,,,,,
,UMPS,,,,,,,,,,,,,CTSB,,,,,,,,,,,,,,,,,,,,,,,,,,,,,,,,,,,,,,,,,,,,,,,,,,,,,,,,,,,,,,,,,,,,,,,,,,,,,,,,,,,,,
,UMPS,,,,,,,,,,,,,CTSB,,,,,,,,,,,,,,,,,,,,,,,,,,,,,,,,,,,,,,,,,,,,,,,,,,,,,,,,,,,,,,,,,,,,,,,,,,,,,,,,,,,,,
,UMPS,,,,,,,,,,,,,CTSB,,,,,,,,,,,,,,,,,,,,,,,,,,,,,,,,,,,,,,,,,,,,,,,,,,,,,,,,,,,,,,,,,,,,,,,,,,,,,,,,,,,,,
,UMPS,,,,,,,,,,,,,CTSB,,,,,,,,,,,,,,,,,,,,,,,,,,,,,,,,,,,,,,,,,,,,,,,,,,,,,,,,,,,,,,,,,,,,,,,,,,,,,,,,,,,,,
,UMPS,,,,,,,,,,,,,CTSB,,,,,,,,,,,,,,,,,,,,,,,,,,,,,,,,,,,,,,,,,,,,,,,,,,,,,,,,,,,,,,,,,,,,,,,,,,,,,,,,,,,,,
,UMPS,,,,,,,,,,,,,CTSB,,,,,,,,,,,,,,,,,,,,,,,,,,,,,,,,,,,,,,,,,,,,,,,,,,,,,,,,,,,,,,,,,,,,,,,,,,,,,,,,,,,,,
,UMPS,,,,,,,,,,,,,CTSB,,,,,,,,,,,,,,,,,,,,,,,,,,,,,,,,,,,,,,,,,,,,,,,,,,,,,,,,,,,,,,,,,,,,,,,,,,,,,,,,,,,,,
,UMPS,,,,,,,,,,,,,CTSB,,,,,,,,,,,,,,,,,,,,,,,,,,,,,,,,,,,,,,,,,,,,,,,,,,,,,,,,,,,,,,,,,,,,,,,,,,,,,,,,,,,,,
,UMPS,,,,,,,,,,,,,CTSB,,,,,,,,,,,,,,,,,,,,,,,,,,,,,,,,,,,,,,,,,,,,,,,,,,,,,,,,,,,,,,,,,,,,,,,,,,,,,,,,,,,,,
,UMPS,,,,,,,,,,,,,CTSB,,,,,,,,,,,,,,,,,,,,,,,,,,,,,,,,,,,,,,,,,,,,,,,,,,,,,,,,,,,,,,,,,,,,,,,,,,,,,,,,,,,,,
,UMPS,,,,,,,,,,,,,CTSB,,,,,,,,,,,,,,,,,,,,,,,,,,,,,,,,,,,,,,,,,,,,,,,,,,,,,,,,,,,,,,,,,,,,,,,,,,,,,,,,,,,,,
,UMPS,,,,,,,,,,,,,CTSB,,,,,,,,,,,,,,,,,,,,,,,,,,,,,,,,,,,,,,,,,,,,,,,,,,,,,,,,,,,,,,,,,,,,,,,,,,,,,,,,,,,,,
,UMPS,,,,,,,,,,,,,CTSB,,,,,,,,,,,,,,,,,,,,,,,,,,,,,,,,,,,,,,,,,,,,,,,,,,,,,,,,,,,,,,,,,,,,,,,,,,,,,,,,,,,,,
,UMPS,,,,,,,,,,,,,CTSB,,,,,,,,,,,,,,,,,,,,,,,,,,,,,,,,,,,,,,,,,,,,,,,,,,,,,,,,,,,,,,,,,,,,,,,,,,,,,,,,,,,,,
,UMPS,,,,,,,,,,,,,CTSB,,,,,,,,,,,,,,,,,,,,,,,,,,,,,,,,,,,,,,,,,,,,,,,,,,,,,,,,,,,,,,,,,,,,,,,,,,,,,,,,,,,,,
,UMPS,,,,,,,,,,,,,CTSB,,,,,,,,,,,,,,,,,,,,,,,,,,,,,,,,,,,,,,,,,,,,,,,,,,,,,,,,,,,,,,,,,,,,,,,,,,,,,,,,,,,,,
,UMPS,,,,,,,,,,,,,CTSB,,,,,,,,,,,,,,,,,,,,,,,,,,,,,,,,,,,,,,,,,,,,,,,,,,,,,,,,,,,,,,,,,,,,,,,,,,,,,,,,,,,,,
,UMPS,,,,,,,,,,,,,CTSB,,,,,,,,,,,,,,,,,,,,,,,,,,,,,,,,,,,,,,,,,,,,,,,,,,,,,,,,,,,,,,,,,,,,,,,,,,,,,,,,,,,,,
,UMPS,,,,,,,,,,,,,CTSB,,,,,,,,,,,,,,,,,,,,,,,,,,,,,,,,,,,,,,,,,,,,,,,,,,,,,,,,,,,,,,,,,,,,,,,,,,,,,,,,,,,,,
,UMPS,,,,,,,,,,,,,CTSB,,,,,,,,,,,,,,,,,,,,,,,,,,,,,,,,,,,,,,,,,,,,,,,,,,,,,,,,,,,,,,,,,,,,,,,,,,,,,,,,,,,,,
,UMPS,,,,,,,,,,,,,CTSB,,,,,,,,,,,,,,,,,,,,,,,,,,,,,,,,,,,,,,,,,,,,,,,,,,,,,,,,,,,,,,,,,,,,,,,,,,,,,,,,,,,,,
,UMPS,,,,,,,,,,,,,CTSB,,,,,,,,,,,,,,,,,,,,,,,,,,,,,,,,,,,,,,,,,,,,,,,,,,,,,,,,,,,,,,,,,,,,,,,,,,,,,,,,,,,,,
,UMPS,,,,,,,,,,,,,CTSB,,,,,,,,,,,,,,,,,,,,,,,,,,,,,,,,,,,,,,,,,,,,,,,,,,,,,,,,,,,,,,,,,,,,,,,,,,,,,,,,,,,,,
,UMPS,,,,,,,,,,,,,CTSB,,,,,,,,,,,,,,,,,,,,,,,,,,,,,,,,,,,,,,,,,,,,,,,,,,,,,,,,,,,,,,,,,,,,,,,,,,,,,,,,,,,,,
,UMPS,,,,,,,,,,,,,CTSB,,,,,,,,,,,,,,,,,,,,,,,,,,,,,,,,,,,,,,,,,,,,,,,,,,,,,,,,,,,,,,,,,,,,,,,,,,,,,,,,,,,,,
,UMPS,,,,,,,,,,,,,CTSB,,,,,,,,,,,,,,,,,,,,,,,,,,,,,,,,,,,,,,,,,,,,,,,,,,,,,,,,,,,,,,,,,,,,,,,,,,,,,,,,,,,,,
,UMPS,,,,,,,,,,,,,CTSB,,,,,,,,,,,,,,,,,,,,,,,,,,,,,,,,,,,,,,,,,,,,,,,,,,,,,,,,,,,,,,,,,,,,,,,,,,,,,,,,,,,,,
,UMPS,,,,,,,,,,,,,CTSB,,,,,,,,,,,,,,,,,,,,,,,,,,,,,,,,,,,,,,,,,,,,,,,,,,,,,,,,,,,,,,,,,,,,,,,,,,,,,,,,,,,,,
,UMPS,,,,,,,,,,,,,CTSB,,,,,,,,,,,,,,,,,,,,,,,,,,,,,,,,,,,,,,,,,,,,,,,,,,,,,,,,,,,,,,,,,,,,,,,,,,,,,,,,,,,,,
,UMPS,,,,,,,,,,,,,CTSB,,,,,,,,,,,,,,,,,,,,,,,,,,,,,,,,,,,,,,,,,,,,,,,,,,,,,,,,,,,,,,,,,,,,,,,,,,,,,,,,,,,,,
,UMPS,,,,,,,,,,,,,CTSB,,,,,,,,,,,,,,,,,,,,,,,,,,,,,,,,,,,,,,,,,,,,,,,,,,,,,,,,,,,,,,,,,,,,,,,,,,,,,,,,,,,,,
,UMPS,,,,,,,,,,,,,CTSB,,,,,,,,,,,,,,,,,,,,,,,,,,,,,,,,,,,,,,,,,,,,,,,,,,,,,,,,,,,,,,,,,,,,,,,,,,,,,,,,,,,,,
,UMPS,,,,,,,,,,,,,CTSB,,,,,,,,,,,,,,,,,,,,,,,,,,,,,,,,,,,,,,,,,,,,,,,,,,,,,,,,,,,,,,,,,,,,,,,,,,,,,,,,,,,,,
,UMPS,,,,,,,,,,,,,CTSB,,,,,,,,,,,,,,,,,,,,,,,,,,,,,,,,,,,,,,,,,,,,,,,,,,,,,,,,,,,,,,,,,,,,,,,,,,,,,,,,,,,,,
,UMPS,,,,,,,,,,,,,CTSB,,,,,,,,,,,,,,,,,,,,,,,,,,,,,,,,,,,,,,,,,,,,,,,,,,,,,,,,,,,,,,,,,,,,,,,,,,,,,,,,,,,,,
,UMPS,,,,,,,,,,,,,CTSB,,,,,,,,,,,,,,,,,,,,,,,,,,,,,,,,,,,,,,,,,,,,,,,,,,,,,,,,,,,,,,,,,,,,,,,,,,,,,,,,,,,,,
,UMPS,,,,,,,,,,,,,CTSB,,,,,,,,,,,,,,,,,,,,,,,,,,,,,,,,,,,,,,,,,,,,,,,,,,,,,,,,,,,,,,,,,,,,,,,,,,,,,,,,,,,,,
,UMPS,,,,,,,,,,,,,CTSB,,,,,,,,,,,,,,,,,,,,,,,,,,,,,,,,,,,,,,,,,,,,,,,,,,,,,,,,,,,,,,,,,,,,,,,,,,,,,,,,,,,,,
,UMPS,,,,,,,,,,,,,CTSB,,,,,,,,,,,,,,,,,,,,,,,,,,,,,,,,,,,,,,,,,,,,,,,,,,,,,,,,,,,,,,,,,,,,,,,,,,,,,,,,,,,,,
,UMPS,,,,,,,,,,,,,CTSB,,,,,,,,,,,,,,,,,,,,,,,,,,,,,,,,,,,,,,,,,,,,,,,,,,,,,,,,,,,,,,,,,,,,,,,,,,,,,,,,,,,,,
,UMPS,,,,,,,,,,,,,CTSB,,,,,,,,,,,,,,,,,,,,,,,,,,,,,,,,,,,,,,,,,,,,,,,,,,,,,,,,,,,,,,,,,,,,,,,,,,,,,,,,,,,,,
,UMPS,,,,,,,,,,,,,CTSB,,,,,,,,,,,,,,,,,,,,,,,,,,,,,,,,,,,,,,,,,,,,,,,,,,,,,,,,,,,,,,,,,,,,,,,,,,,,,,,,,,,,,
,UMPS,,,,,,,,,,,,,CTSB,,,,,,,,,,,,,,,,,,,,,,,,,,,,,,,,,,,,,,,,,,,,,,,,,,,,,,,,,,,,,,,,,,,,,,,,,,,,,,,,,,,,,
,UMPS,,,,,,,,,,,,,CTSB,,,,,,,,,,,,,,,,,,,,,,,,,,,,,,,,,,,,,,,,,,,,,,,,,,,,,,,,,,,,,,,,,,,,,,,,,,,,,,,,,,,,,
,UMPS,,,,,,,,,,,,,CTSB,,,,,,,,,,,,,,,,,,,,,,,,,,,,,,,,,,,,,,,,,,,,,,,,,,,,,,,,,,,,,,,,,,,,,,,,,,,,,,,,,,,,,
,UMPS,,,,,,,,,,,,,CTSB,,,,,,,,,,,,,,,,,,,,,,,,,,,,,,,,,,,,,,,,,,,,,,,,,,,,,,,,,,,,,,,,,,,,,,,,,,,,,,,,,,,,,
,UMPS,,,,,,,,,,,,,CTSB,,,,,,,,,,,,,,,,,,,,,,,,,,,,,,,,,,,,,,,,,,,,,,,,,,,,,,,,,,,,,,,,,,,,,,,,,,,,,,,,,,,,,
,UMPS,,,,,,,,,,,,,CTSB,,,,,,,,,,,,,,,,,,,,,,,,,,,,,,,,,,,,,,,,,,,,,,,,,,,,,,,,,,,,,,,,,,,,,,,,,,,,,,,,,,,,,
,UMPS,,,,,,,,,,,,,CTSB,,,,,,,,,,,,,,,,,,,,,,,,,,,,,,,,,,,,,,,,,,,,,,,,,,,,,,,,,,,,,,,,,,,,,,,,,,,,,,,,,,,,,
,UMPS,,,,,,,,,,,,,CTSB,,,,,,,,,,,,,,,,,,,,,,,,,,,,,,,,,,,,,,,,,,,,,,,,,,,,,,,,,,,,,,,,,,,,,,,,,,,,,,,,,,,,,
,UMPS,,,,,,,,,,,,,CTSB,,,,,,,,,,,,,,,,,,,,,,,,,,,,,,,,,,,,,,,,,,,,,,,,,,,,,,,,,,,,,,,,,,,,,,,,,,,,,,,,,,,,,
,UMPS,,,,,,,,,,,,,CTSB,,,,,,,,,,,,,,,,,,,,,,,,,,,,,,,,,,,,,,,,,,,,,,,,,,,,,,,,,,,,,,,,,,,,,,,,,,,,,,,,,,,,,
,UMPS,,,,,,,,,,,,,CTSB,,,,,,,,,,,,,,,,,,,,,,,,,,,,,,,,,,,,,,,,,,,,,,,,,,,,,,,,,,,,,,,,,,,,,,,,,,,,,,,,,,,,,
,UMPS,,,,,,,,,,,,,CTSB,,,,,,,,,,,,,,,,,,,,,,,,,,,,,,,,,,,,,,,,,,,,,,,,,,,,,,,,,,,,,,,,,,,,,,,,,,,,,,,,,,,,,
,UMPS,,,,,,,,,,,,,CTSB,,,,,,,,,,,,,,,,,,,,,,,,,,,,,,,,,,,,,,,,,,,,,,,,,,,,,,,,,,,,,,,,,,,,,,,,,,,,,,,,,,,,,
,UMPS,,,,,,,,,,,,,CTSB,,,,,,,,,,,,,,,,,,,,,,,,,,,,,,,,,,,,,,,,,,,,,,,,,,,,,,,,,,,,,,,,,,,,,,,,,,,,,,,,,,,,,
,UMPS,,,,,,,,,,,,,CTSB,,,,,,,,,,,,,,,,,,,,,,,,,,,,,,,,,,,,,,,,,,,,,,,,,,,,,,,,,,,,,,,,,,,,,,,,,,,,,,,,,,,,,
,UMPS,,,,,,,,,,,,,CTSB,,,,,,,,,,,,,,,,,,,,,,,,,,,,,,,,,,,,,,,,,,,,,,,,,,,,,,,,,,,,,,,,,,,,,,,,,,,,,,,,,,,,,
,UMPS,,,,,,,,,,,,,CTSB,,,,,,,,,,,,,,,,,,,,,,,,,,,,,,,,,,,,,,,,,,,,,,,,,,,,,,,,,,,,,,,,,,,,,,,,,,,,,,,,,,,,,
,UMPS,,,,,,,,,,,,,CTSB,,,,,,,,,,,,,,,,,,,,,,,,,,,,,,,,,,,,,,,,,,,,,,,,,,,,,,,,,,,,,,,,,,,,,,,,,,,,,,,,,,,,,
,UMPS,,,,,,,,,,,,,CTSB,,,,,,,,,,,,,,,,,,,,,,,,,,,,,,,,,,,,,,,,,,,,,,,,,,,,,,,,,,,,,,,,,,,,,,,,,,,,,,,,,,,,,
,UMPS,,,,,,,,,,,,,CTSB,,,,,,,,,,,,,,,,,,,,,,,,,,,,,,,,,,,,,,,,,,,,,,,,,,,,,,,,,,,,,,,,,,,,,,,,,,,,,,,,,,,,,
,UMPS,,,,,,,,,,,,,CTSB,,,,,,,,,,,,,,,,,,,,,,,,,,,,,,,,,,,,,,,,,,,,,,,,,,,,,,,,,,,,,,,,,,,,,,,,,,,,,,,,,,,,,
,UMPS,,,,,,,,,,,,,CTSB,,,,,,,,,,,,,,,,,,,,,,,,,,,,,,,,,,,,,,,,,,,,,,,,,,,,,,,,,,,,,,,,,,,,,,,,,,,,,,,,,,,,,
,UMPS,,,,,,,,,,,,,CTSB,,,,,,,,,,,,,,,,,,,,,,,,,,,,,,,,,,,,,,,,,,,,,,,,,,,,,,,,,,,,,,,,,,,,,,,,,,,,,,,,,,,,,
,UMPS,,,,,,,,,,,,,CTSB,,,,,,,,,,,,,,,,,,,,,,,,,,,,,,,,,,,,,,,,,,,,,,,,,,,,,,,,,,,,,,,,,,,,,,,,,,,,,,,,,,,,,
,UMPS,,,,,,,,,,,,,CTSB,,,,,,,,,,,,,,,,,,,,,,,,,,,,,,,,,,,,,,,,,,,,,,,,,,,,,,,,,,,,,,,,,,,,,,,,,,,,,,,,,,,,,
,UMPS,,,,,,,,,,,,,CTSB,,,,,,,,,,,,,,,,,,,,,,,,,,,,,,,,,,,,,,,,,,,,,,,,,,,,,,,,,,,,,,,,,,,,,,,,,,,,,,,,,,,,,
,UMPS,,,,,,,,,,,,,CTSB,,,,,,,,,,,,,,,,,,,,,,,,,,,,,,,,,,,,,,,,,,,,,,,,,,,,,,,,,,,,,,,,,,,,,,,,,,,,,,,,,,,,,
,UMPS,,,,,,,,,,,,,CTSB,,,,,,,,,,,,,,,,,,,,,,,,,,,,,,,,,,,,,,,,,,,,,,,,,,,,,,,,,,,,,,,,,,,,,,,,,,,,,,,,,,,,,
,UMPS,,,,,,,,,,,,,CTSB,,,,,,,,,,,,,,,,,,,,,,,,,,,,,,,,,,,,,,,,,,,,,,,,,,,,,,,,,,,,,,,,,,,,,,,,,,,,,,,,,,,,,
,UMPS,,,,,,,,,,,,,CTSB,,,,,,,,,,,,,,,,,,,,,,,,,,,,,,,,,,,,,,,,,,,,,,,,,,,,,,,,,,,,,,,,,,,,,,,,,,,,,,,,,,,,,
,UMPS,,,,,,,,,,,,,CTSB,,,,,,,,,,,,,,,,,,,,,,,,,,,,,,,,,,,,,,,,,,,,,,,,,,,,,,,,,,,,,,,,,,,,,,,,,,,,,,,,,,,,,
,UMPS,,,,,,,,,,,,,CTSB,,,,,,,,,,,,,,,,,,,,,,,,,,,,,,,,,,,,,,,,,,,,,,,,,,,,,,,,,,,,,,,,,,,,,,,,,,,,,,,,,,,,,
,UMPS,,,,,,,,,,,,,CTSB,,,,,,,,,,,,,,,,,,,,,,,,,,,,,,,,,,,,,,,,,,,,,,,,,,,,,,,,,,,,,,,,,,,,,,,,,,,,,,,,,,,,,
,UMPS,,,,,,,,,,,,,CTSB,,,,,,,,,,,,,,,,,,,,,,,,,,,,,,,,,,,,,,,,,,,,,,,,,,,,,,,,,,,,,,,,,,,,,,,,,,,,,,,,,,,,,
,UMPS,,,,,,,,,,,,,CTSB,,,,,,,,,,,,,,,,,,,,,,,,,,,,,,,,,,,,,,,,,,,,,,,,,,,,,,,,,,,,,,,,,,,,,,,,,,,,,,,,,,,,,
,UMPS,,,,,,,,,,,,,CTSB,,,,,,,,,,,,,,,,,,,,,,,,,,,,,,,,,,,,,,,,,,,,,,,,,,,,,,,,,,,,,,,,,,,,,,,,,,,,,,,,,,,,,
,UMPS,,,,,,,,,,,,,CTSB,,,,,,,,,,,,,,,,,,,,,,,,,,,,,,,,,,,,,,,,,,,,,,,,,,,,,,,,,,,,,,,,,,,,,,,,,,,,,,,,,,,,,
,UMPS,,,,,,,,,,,,,CTSB,,,,,,,,,,,,,,,,,,,,,,,,,,,,,,,,,,,,,,,,,,,,,,,,,,,,,,,,,,,,,,,,,,,,,,,,,,,,,,,,,,,,,
,UMPS,,,,,,,,,,,,,CTSB,,,,,,,,,,,,,,,,,,,,,,,,,,,,,,,,,,,,,,,,,,,,,,,,,,,,,,,,,,,,,,,,,,,,,,,,,,,,,,,,,,,,,
,UMPS,,,,,,,,,,,,,CTSB,,,,,,,,,,,,,,,,,,,,,,,,,,,,,,,,,,,,,,,,,,,,,,,,,,,,,,,,,,,,,,,,,,,,,,,,,,,,,,,,,,,,,
,UMPS,,,,,,,,,,,,,CTSB,,,,,,,,,,,,,,,,,,,,,,,,,,,,,,,,,,,,,,,,,,,,,,,,,,,,,,,,,,,,,,,,,,,,,,,,,,,,,,,,,,,,,
,UMPS,,,,,,,,,,,,,CTSB,,,,,,,,,,,,,,,,,,,,,,,,,,,,,,,,,,,,,,,,,,,,,,,,,,,,,,,,,,,,,,,,,,,,,,,,,,,,,,,,,,,,,
,UMPS,,,,,,,,,,,,,CTSB,,,,,,,,,,,,,,,,,,,,,,,,,,,,,,,,,,,,,,,,,,,,,,,,,,,,,,,,,,,,,,,,,,,,,,,,,,,,,,,,,,,,,
,UMPS,,,,,,,,,,,,,CTSB,,,,,,,,,,,,,,,,,,,,,,,,,,,,,,,,,,,,,,,,,,,,,,,,,,,,,,,,,,,,,,,,,,,,,,,,,,,,,,,,,,,,,
,UMPS,,,,,,,,,,,,,CTSB,,,,,,,,,,,,,,,,,,,,,,,,,,,,,,,,,,,,,,,,,,,,,,,,,,,,,,,,,,,,,,,,,,,,,,,,,,,,,,,,,,,,,
,UMPS,,,,,,,,,,,,,CTSB,,,,,,,,,,,,,,,,,,,,,,,,,,,,,,,,,,,,,,,,,,,,,,,,,,,,,,,,,,,,,,,,,,,,,,,,,,,,,,,,,,,,,
,UMPS,,,,,,,,,,,,,CTSB,,,,,,,,,,,,,,,,,,,,,,,,,,,,,,,,,,,,,,,,,,,,,,,,,,,,,,,,,,,,,,,,,,,,,,,,,,,,,,,,,,,,,
,UMPS,,,,,,,,,,,,,CTSB,,,,,,,,,,,,,,,,,,,,,,,,,,,,,,,,,,,,,,,,,,,,,,,,,,,,,,,,,,,,,,,,,,,,,,,,,,,,,,,,,,,,,
,UMPS,,,,,,,,,,,,,CTSB,,,,,,,,,,,,,,,,,,,,,,,,,,,,,,,,,,,,,,,,,,,,,,,,,,,,,,,,,,,,,,,,,,,,,,,,,,,,,,,,,,,,,
,UMPS,,,,,,,,,,,,,CTSB,,,,,,,,,,,,,,,,,,,,,,,,,,,,,,,,,,,,,,,,,,,,,,,,,,,,,,,,,,,,,,,,,,,,,,,,,,,,,,,,,,,,,
,UMPS,,,,,,,,,,,,,CTSB,,,,,,,,,,,,,,,,,,,,,,,,,,,,,,,,,,,,,,,,,,,,,,,,,,,,,,,,,,,,,,,,,,,,,,,,,,,,,,,,,,,,,
,UMPS,,,,,,,,,,,,,CTSB,,,,,,,,,,,,,,,,,,,,,,,,,,,,,,,,,,,,,,,,,,,,,,,,,,,,,,,,,,,,,,,,,,,,,,,,,,,,,,,,,,,,,
,UMPS,,,,,,,,,,,,,CTSB,,,,,,,,,,,,,,,,,,,,,,,,,,,,,,,,,,,,,,,,,,,,,,,,,,,,,,,,,,,,,,,,,,,,,,,,,,,,,,,,,,,,,
,UMPS,,,,,,,,,,,,,CTSB,,,,,,,,,,,,,,,,,,,,,,,,,,,,,,,,,,,,,,,,,,,,,,,,,,,,,,,,,,,,,,,,,,,,,,,,,,,,,,,,,,,,,
,UMPS,,,,,,,,,,,,,CTSB,,,,,,,,,,,,,,,,,,,,,,,,,,,,,,,,,,,,,,,,,,,,,,,,,,,,,,,,,,,,,,,,,,,,,,,,,,,,,,,,,,,,,
,UMPS,,,,,,,,,,,,,CTSB,,,,,,,,,,,,,,,,,,,,,,,,,,,,,,,,,,,,,,,,,,,,,,,,,,,,,,,,,,,,,,,,,,,,,,,,,,,,,,,,,,,,,
,UMPS,,,,,,,,,,,,,CTSB,,,,,,,,,,,,,,,,,,,,,,,,,,,,,,,,,,,,,,,,,,,,,,,,,,,,,,,,,,,,,,,,,,,,,,,,,,,,,,,,,,,,,
,UMPS,,,,,,,,,,,,,CTSB,,,,,,,,,,,,,,,,,,,,,,,,,,,,,,,,,,,,,,,,,,,,,,,,,,,,,,,,,,,,,,,,,,,,,,,,,,,,,,,,,,,,,
,UMPS,,,,,,,,,,,,,CTSB,,,,,,,,,,,,,,,,,,,,,,,,,,,,,,,,,,,,,,,,,,,,,,,,,,,,,,,,,,,,,,,,,,,,,,,,,,,,,,,,,,,,,
,UMPS,,,,,,,,,,,,,CTSB,,,,,,,,,,,,,,,,,,,,,,,,,,,,,,,,,,,,,,,,,,,,,,,,,,,,,,,,,,,,,,,,,,,,,,,,,,,,,,,,,,,,,
,UMPS,,,,,,,,,,,,,CTSB,,,,,,,,,,,,,,,,,,,,,,,,,,,,,,,,,,,,,,,,,,,,,,,,,,,,,,,,,,,,,,,,,,,,,,,,,,,,,,,,,,,,,
,UMPS,,,,,,,,,,,,,CTSB,,,,,,,,,,,,,,,,,,,,,,,,,,,,,,,,,,,,,,,,,,,,,,,,,,,,,,,,,,,,,,,,,,,,,,,,,,,,,,,,,,,,,
,UMPS,,,,,,,,,,,,,CTSB,,,,,,,,,,,,,,,,,,,,,,,,,,,,,,,,,,,,,,,,,,,,,,,,,,,,,,,,,,,,,,,,,,,,,,,,,,,,,,,,,,,,,
,UMPS,,,,,,,,,,,,,CTSB,,,,,,,,,,,,,,,,,,,,,,,,,,,,,,,,,,,,,,,,,,,,,,,,,,,,,,,,,,,,,,,,,,,,,,,,,,,,,,,,,,,,,
,UMPS,,,,,,,,,,,,,CTSB,,,,,,,,,,,,,,,,,,,,,,,,,,,,,,,,,,,,,,,,,,,,,,,,,,,,,,,,,,,,,,,,,,,,,,,,,,,,,,,,,,,,,
,UMPS,,,,,,,,,,,,,CTSB,,,,,,,,,,,,,,,,,,,,,,,,,,,,,,,,,,,,,,,,,,,,,,,,,,,,,,,,,,,,,,,,,,,,,,,,,,,,,,,,,,,,,
,UMPS,,,,,,,,,,,,,CTSB,,,,,,,,,,,,,,,,,,,,,,,,,,,,,,,,,,,,,,,,,,,,,,,,,,,,,,,,,,,,,,,,,,,,,,,,,,,,,,,,,,,,,
,UMPS,,,,,,,,,,,,,CTSB,,,,,,,,,,,,,,,,,,,,,,,,,,,,,,,,,,,,,,,,,,,,,,,,,,,,,,,,,,,,,,,,,,,,,,,,,,,,,,,,,,,,,
,UMPS,,,,,,,,,,,,,CTSB,,,,,,,,,,,,,,,,,,,,,,,,,,,,,,,,,,,,,,,,,,,,,,,,,,,,,,,,,,,,,,,,,,,,,,,,,,,,,,,,,,,,,
,UMPS,,,,,,,,,,,,,CTSB,,,,,,,,,,,,,,,,,,,,,,,,,,,,,,,,,,,,,,,,,,,,,,,,,,,,,,,,,,,,,,,,,,,,,,,,,,,,,,,,,,,,,
,UMPS,,,,,,,,,,,,,CTSB,,,,,,,,,,,,,,,,,,,,,,,,,,,,,,,,,,,,,,,,,,,,,,,,,,,,,,,,,,,,,,,,,,,,,,,,,,,,,,,,,,,,,
,UMPS,,,,,,,,,,,,,CTSB,,,,,,,,,,,,,,,,,,,,,,,,,,,,,,,,,,,,,,,,,,,,,,,,,,,,,,,,,,,,,,,,,,,,,,,,,,,,,,,,,,,,,
,UMPS,,,,,,,,,,,,,CTSB,,,,,,,,,,,,,,,,,,,,,,,,,,,,,,,,,,,,,,,,,,,,,,,,,,,,,,,,,,,,,,,,,,,,,,,,,,,,,,,,,,,,,
,UMPS,,,,,,,,,,,,,CTSB,,,,,,,,,,,,,,,,,,,,,,,,,,,,,,,,,,,,,,,,,,,,,,,,,,,,,,,,,,,,,,,,,,,,,,,,,,,,,,,,,,,,,
,UMPS,,,,,,,,,,,,,CTSB,,,,,,,,,,,,,,,,,,,,,,,,,,,,,,,,,,,,,,,,,,,,,,,,,,,,,,,,,,,,,,,,,,,,,,,,,,,,,,,,,,,,,
,UMPS,,,,,,,,,,,,,CTSB,,,,,,,,,,,,,,,,,,,,,,,,,,,,,,,,,,,,,,,,,,,,,,,,,,,,,,,,,,,,,,,,,,,,,,,,,,,,,,,,,,,,,
,UMPS,,,,,,,,,,,,,CTSB,,,,,,,,,,,,,,,,,,,,,,,,,,,,,,,,,,,,,,,,,,,,,,,,,,,,,,,,,,,,,,,,,,,,,,,,,,,,,,,,,,,,,
,UMPS,,,,,,,,,,,,,CTSB,,,,,,,,,,,,,,,,,,,,,,,,,,,,,,,,,,,,,,,,,,,,,,,,,,,,,,,,,,,,,,,,,,,,,,,,,,,,,,,,,,,,,
,UMPS,,,,,,,,,,,,,CTSB,,,,,,,,,,,,,,,,,,,,,,,,,,,,,,,,,,,,,,,,,,,,,,,,,,,,,,,,,,,,,,,,,,,,,,,,,,,,,,,,,,,,,
,UMPS,,,,,,,,,,,,,CTSB,,,,,,,,,,,,,,,,,,,,,,,,,,,,,,,,,,,,,,,,,,,,,,,,,,,,,,,,,,,,,,,,,,,,,,,,,,,,,,,,,,,,,
,UMPS,,,,,,,,,,,,,CTSB,,,,,,,,,,,,,,,,,,,,,,,,,,,,,,,,,,,,,,,,,,,,,,,,,,,,,,,,,,,,,,,,,,,,,,,,,,,,,,,,,,,,,
,UMPS,,,,,,,,,,,,,CTSB,,,,,,,,,,,,,,,,,,,,,,,,,,,,,,,,,,,,,,,,,,,,,,,,,,,,,,,,,,,,,,,,,,,,,,,,,,,,,,,,,,,,,
,UMPS,,,,,,,,,,,,,CTSB,,,,,,,,,,,,,,,,,,,,,,,,,,,,,,,,,,,,,,,,,,,,,,,,,,,,,,,,,,,,,,,,,,,,,,,,,,,,,,,,,,,,,
,UMPS,,,,,,,,,,,,,CTSB,,,,,,,,,,,,,,,,,,,,,,,,,,,,,,,,,,,,,,,,,,,,,,,,,,,,,,,,,,,,,,,,,,,,,,,,,,,,,,,,,,,,,
,UMPS,,,,,,,,,,,,,CTSB,,,,,,,,,,,,,,,,,,,,,,,,,,,,,,,,,,,,,,,,,,,,,,,,,,,,,,,,,,,,,,,,,,,,,,,,,,,,,,,,,,,,,
,UMPS,,,,,,,,,,,,,CTSB,,,,,,,,,,,,,,,,,,,,,,,,,,,,,,,,,,,,,,,,,,,,,,,,,,,,,,,,,,,,,,,,,,,,,,,,,,,,,,,,,,,,,
,UMPS,,,,,,,,,,,,,CTSB,,,,,,,,,,,,,,,,,,,,,,,,,,,,,,,,,,,,,,,,,,,,,,,,,,,,,,,,,,,,,,,,,,,,,,,,,,,,,,,,,,,,,
,UMPS,,,,,,,,,,,,,CTSB,,,,,,,,,,,,,,,,,,,,,,,,,,,,,,,,,,,,,,,,,,,,,,,,,,,,,,,,,,,,,,,,,,,,,,,,,,,,,,,,,,,,,
,UMPS,,,,,,,,,,,,,CTSB,,,,,,,,,,,,,,,,,,,,,,,,,,,,,,,,,,,,,,,,,,,,,,,,,,,,,,,,,,,,,,,,,,,,,,,,,,,,,,,,,,,,,
,UMPS,,,,,,,,,,,,,CTSB,,,,,,,,,,,,,,,,,,,,,,,,,,,,,,,,,,,,,,,,,,,,,,,,,,,,,,,,,,,,,,,,,,,,,,,,,,,,,,,,,,,,,
,UMPS,,,,,,,,,,,,,CTSB,,,,,,,,,,,,,,,,,,,,,,,,,,,,,,,,,,,,,,,,,,,,,,,,,,,,,,,,,,,,,,,,,,,,,,,,,,,,,,,,,,,,,
,UMPS,,,,,,,,,,,,,CTSB,,,,,,,,,,,,,,,,,,,,,,,,,,,,,,,,,,,,,,,,,,,,,,,,,,,,,,,,,,,,,,,,,,,,,,,,,,,,,,,,,,,,,
,UMPS,,,,,,,,,,,,,CTSB,,,,,,,,,,,,,,,,,,,,,,,,,,,,,,,,,,,,,,,,,,,,,,,,,,,,,,,,,,,,,,,,,,,,,,,,,,,,,,,,,,,,,
,UMPS,,,,,,,,,,,,,CTSB,,,,,,,,,,,,,,,,,,,,,,,,,,,,,,,,,,,,,,,,,,,,,,,,,,,,,,,,,,,,,,,,,,,,,,,,,,,,,,,,,,,,,
,UMPS,,,,,,,,,,,,,CTSB,,,,,,,,,,,,,,,,,,,,,,,,,,,,,,,,,,,,,,,,,,,,,,,,,,,,,,,,,,,,,,,,,,,,,,,,,,,,,,,,,,,,,
,UMPS,,,,,,,,,,,,,CTSB,,,,,,,,,,,,,,,,,,,,,,,,,,,,,,,,,,,,,,,,,,,,,,,,,,,,,,,,,,,,,,,,,,,,,,,,,,,,,,,,,,,,,
,UMPS,,,,,,,,,,,,,CTSB,,,,,,,,,,,,,,,,,,,,,,,,,,,,,,,,,,,,,,,,,,,,,,,,,,,,,,,,,,,,,,,,,,,,,,,,,,,,,,,,,,,,,
,UMPS,,,,,,,,,,,,,CTSB,,,,,,,,,,,,,,,,,,,,,,,,,,,,,,,,,,,,,,,,,,,,,,,,,,,,,,,,,,,,,,,,,,,,,,,,,,,,,,,,,,,,,
,UMPS,,,,,,,,,,,,,CTSB,,,,,,,,,,,,,,,,,,,,,,,,,,,,,,,,,,,,,,,,,,,,,,,,,,,,,,,,,,,,,,,,,,,,,,,,,,,,,,,,,,,,,
,UMPS,,,,,,,,,,,,,CTSB,,,,,,,,,,,,,,,,,,,,,,,,,,,,,,,,,,,,,,,,,,,,,,,,,,,,,,,,,,,,,,,,,,,,,,,,,,,,,,,,,,,,,
,UMPS,,,,,,,,,,,,,CTSB,,,,,,,,,,,,,,,,,,,,,,,,,,,,,,,,,,,,,,,,,,,,,,,,,,,,,,,,,,,,,,,,,,,,,,,,,,,,,,,,,,,,,
,UMPS,,,,,,,,,,,,,CTSB,,,,,,,,,,,,,,,,,,,,,,,,,,,,,,,,,,,,,,,,,,,,,,,,,,,,,,,,,,,,,,,,,,,,,,,,,,,,,,,,,,,,,
,UMPS,,,,,,,,,,,,,CTSB,,,,,,,,,,,,,,,,,,,,,,,,,,,,,,,,,,,,,,,,,,,,,,,,,,,,,,,,,,,,,,,,,,,,,,,,,,,,,,,,,,,,,
,UMPS,,,,,,,,,,,,,CTSB,,,,,,,,,,,,,,,,,,,,,,,,,,,,,,,,,,,,,,,,,,,,,,,,,,,,,,,,,,,,,,,,,,,,,,,,,,,,,,,,,,,,,
,UMPS,,,,,,,,,,,,,CTSB,,,,,,,,,,,,,,,,,,,,,,,,,,,,,,,,,,,,,,,,,,,,,,,,,,,,,,,,,,,,,,,,,,,,,,,,,,,,,,,,,,,,,
,UMPS,,,,,,,,,,,,,CTSB,,,,,,,,,,,,,,,,,,,,,,,,,,,,,,,,,,,,,,,,,,,,,,,,,,,,,,,,,,,,,,,,,,,,,,,,,,,,,,,,,,,,,
,UMPS,,,,,,,,,,,,,CTSB,,,,,,,,,,,,,,,,,,,,,,,,,,,,,,,,,,,,,,,,,,,,,,,,,,,,,,,,,,,,,,,,,,,,,,,,,,,,,,,,,,,,,
,UMPS,,,,,,,,,,,,,CTSB,,,,,,,,,,,,,,,,,,,,,,,,,,,,,,,,,,,,,,,,,,,,,,,,,,,,,,,,,,,,,,,,,,,,,,,,,,,,,,,,,,,,,
,UMPS,,,,,,,,,,,,,CTSB,,,,,,,,,,,,,,,,,,,,,,,,,,,,,,,,,,,,,,,,,,,,,,,,,,,,,,,,,,,,,,,,,,,,,,,,,,,,,,,,,,,,,
,UMPS,,,,,,,,,,,,,CTSB,,,,,,,,,,,,,,,,,,,,,,,,,,,,,,,,,,,,,,,,,,,,,,,,,,,,,,,,,,,,,,,,,,,,,,,,,,,,,,,,,,,,,
,UMPS,,,,,,,,,,,,,CTSB,,,,,,,,,,,,,,,,,,,,,,,,,,,,,,,,,,,,,,,,,,,,,,,,,,,,,,,,,,,,,,,,,,,,,,,,,,,,,,,,,,,,,
,UMPS,,,,,,,,,,,,,CTSB,,,,,,,,,,,,,,,,,,,,,,,,,,,,,,,,,,,,,,,,,,,,,,,,,,,,,,,,,,,,,,,,,,,,,,,,,,,,,,,,,,,,,
,UMPS,,,,,,,,,,,,,CTSB,,,,,,,,,,,,,,,,,,,,,,,,,,,,,,,,,,,,,,,,,,,,,,,,,,,,,,,,,,,,,,,,,,,,,,,,,,,,,,,,,,,,,
,UMPS,,,,,,,,,,,,,CTSB,,,,,,,,,,,,,,,,,,,,,,,,,,,,,,,,,,,,,,,,,,,,,,,,,,,,,,,,,,,,,,,,,,,,,,,,,,,,,,,,,,,,,
,UMPS,,,,,,,,,,,,,CTSB,,,,,,,,,,,,,,,,,,,,,,,,,,,,,,,,,,,,,,,,,,,,,,,,,,,,,,,,,,,,,,,,,,,,,,,,,,,,,,,,,,,,,
,UMPS,,,,,,,,,,,,,CTSB,,,,,,,,,,,,,,,,,,,,,,,,,,,,,,,,,,,,,,,,,,,,,,,,,,,,,,,,,,,,,,,,,,,,,,,,,,,,,,,,,,,,,
,UMPS,,,,,,,,,,,,,CTSB,,,,,,,,,,,,,,,,,,,,,,,,,,,,,,,,,,,,,,,,,,,,,,,,,,,,,,,,,,,,,,,,,,,,,,,,,,,,,,,,,,,,,
,UMPS,,,,,,,,,,,,,CTSB,,,,,,,,,,,,,,,,,,,,,,,,,,,,,,,,,,,,,,,,,,,,,,,,,,,,,,,,,,,,,,,,,,,,,,,,,,,,,,,,,,,,,
,UMPS,,,,,,,,,,,,,CTSB,,,,,,,,,,,,,,,,,,,,,,,,,,,,,,,,,,,,,,,,,,,,,,,,,,,,,,,,,,,,,,,,,,,,,,,,,,,,,,,,,,,,,
,UMPS,,,,,,,,,,,,,CTSB,,,,,,,,,,,,,,,,,,,,,,,,,,,,,,,,,,,,,,,,,,,,,,,,,,,,,,,,,,,,,,,,,,,,,,,,,,,,,,,,,,,,,
,UMPS,,,,,,,,,,,,,CTSB,,,,,,,,,,,,,,,,,,,,,,,,,,,,,,,,,,,,,,,,,,,,,,,,,,,,,,,,,,,,,,,,,,,,,,,,,,,,,,,,,,,,,
,UMPS,,,,,,,,,,,,,CTSB,,,,,,,,,,,,,,,,,,,,,,,,,,,,,,,,,,,,,,,,,,,,,,,,,,,,,,,,,,,,,,,,,,,,,,,,,,,,,,,,,,,,,
,UMPS,,,,,,,,,,,,,CTSB,,,,,,,,,,,,,,,,,,,,,,,,,,,,,,,,,,,,,,,,,,,,,,,,,,,,,,,,,,,,,,,,,,,,,,,,,,,,,,,,,,,,,
,UMPS,,,,,,,,,,,,,CTSB,,,,,,,,,,,,,,,,,,,,,,,,,,,,,,,,,,,,,,,,,,,,,,,,,,,,,,,,,,,,,,,,,,,,,,,,,,,,,,,,,,,,,
,UMPS,,,,,,,,,,,,,CTSB,,,,,,,,,,,,,,,,,,,,,,,,,,,,,,,,,,,,,,,,,,,,,,,,,,,,,,,,,,,,,,,,,,,,,,,,,,,,,,,,,,,,,
,UMPS,,,,,,,,,,,,,CTSB,,,,,,,,,,,,,,,,,,,,,,,,,,,,,,,,,,,,,,,,,,,,,,,,,,,,,,,,,,,,,,,,,,,,,,,,,,,,,,,,,,,,,
,UMPS,,,,,,,,,,,,,CTSB,,,,,,,,,,,,,,,,,,,,,,,,,,,,,,,,,,,,,,,,,,,,,,,,,,,,,,,,,,,,,,,,,,,,,,,,,,,,,,,,,,,,,
,UMPS,,,,,,,,,,,,,CTSB,,,,,,,,,,,,,,,,,,,,,,,,,,,,,,,,,,,,,,,,,,,,,,,,,,,,,,,,,,,,,,,,,,,,,,,,,,,,,,,,,,,,,
,UMPS,,,,,,,,,,,,,CTSB,,,,,,,,,,,,,,,,,,,,,,,,,,,,,,,,,,,,,,,,,,,,,,,,,,,,,,,,,,,,,,,,,,,,,,,,,,,,,,,,,,,,,
,UMPS,,,,,,,,,,,,,CTSB,,,,,,,,,,,,,,,,,,,,,,,,,,,,,,,,,,,,,,,,,,,,,,,,,,,,,,,,,,,,,,,,,,,,,,,,,,,,,,,,,,,,,
,UMPS,,,,,,,,,,,,,CTSB,,,,,,,,,,,,,,,,,,,,,,,,,,,,,,,,,,,,,,,,,,,,,,,,,,,,,,,,,,,,,,,,,,,,,,,,,,,,,,,,,,,,,
,UMPS,,,,,,,,,,,,,CTSB,,,,,,,,,,,,,,,,,,,,,,,,,,,,,,,,,,,,,,,,,,,,,,,,,,,,,,,,,,,,,,,,,,,,,,,,,,,,,,,,,,,,,
,UMPS,,,,,,,,,,,,,CTSB,,,,,,,,,,,,,,,,,,,,,,,,,,,,,,,,,,,,,,,,,,,,,,,,,,,,,,,,,,,,,,,,,,,,,,,,,,,,,,,,,,,,,
,UMPS,,,,,,,,,,,,,CTSB,,,,,,,,,,,,,,,,,,,,,,,,,,,,,,,,,,,,,,,,,,,,,,,,,,,,,,,,,,,,,,,,,,,,,,,,,,,,,,,,,,,,,
,UMPS,,,,,,,,,,,,,CTSB,,,,,,,,,,,,,,,,,,,,,,,,,,,,,,,,,,,,,,,,,,,,,,,,,,,,,,,,,,,,,,,,,,,,,,,,,,,,,,,,,,,,,
,UMPS,,,,,,,,,,,,,CTSB,,,,,,,,,,,,,,,,,,,,,,,,,,,,,,,,,,,,,,,,,,,,,,,,,,,,,,,,,,,,,,,,,,,,,,,,,,,,,,,,,,,,,
,UMPS,,,,,,,,,,,,,CTSB,,,,,,,,,,,,,,,,,,,,,,,,,,,,,,,,,,,,,,,,,,,,,,,,,,,,,,,,,,,,,,,,,,,,,,,,,,,,,,,,,,,,,
,UMPS,,,,,,,,,,,,,CTSB,,,,,,,,,,,,,,,,,,,,,,,,,,,,,,,,,,,,,,,,,,,,,,,,,,,,,,,,,,,,,,,,,,,,,,,,,,,,,,,,,,,,,
,UMPS,,,,,,,,,,,,,CTSB,,,,,,,,,,,,,,,,,,,,,,,,,,,,,,,,,,,,,,,,,,,,,,,,,,,,,,,,,,,,,,,,,,,,,,,,,,,,,,,,,,,,,
,UMPS,,,,,,,,,,,,,CTSB,,,,,,,,,,,,,,,,,,,,,,,,,,,,,,,,,,,,,,,,,,,,,,,,,,,,,,,,,,,,,,,,,,,,,,,,,,,,,,,,,,,,,
,UMPS,,,,,,,,,,,,,CTSB,,,,,,,,,,,,,,,,,,,,,,,,,,,,,,,,,,,,,,,,,,,,,,,,,,,,,,,,,,,,,,,,,,,,,,,,,,,,,,,,,,,,,
,UMPS,,,,,,,,,,,,,CTSB,,,,,,,,,,,,,,,,,,,,,,,,,,,,,,,,,,,,,,,,,,,,,,,,,,,,,,,,,,,,,,,,,,,,,,,,,,,,,,,,,,,,,
,UMPS,,,,,,,,,,,,,CTSB,,,,,,,,,,,,,,,,,,,,,,,,,,,,,,,,,,,,,,,,,,,,,,,,,,,,,,,,,,,,,,,,,,,,,,,,,,,,,,,,,,,,,
,UMPS,,,,,,,,,,,,,CTSB,,,,,,,,,,,,,,,,,,,,,,,,,,,,,,,,,,,,,,,,,,,,,,,,,,,,,,,,,,,,,,,,,,,,,,,,,,,,,,,,,,,,,
,UMPS,,,,,,,,,,,,,CTSB,,,,,,,,,,,,,,,,,,,,,,,,,,,,,,,,,,,,,,,,,,,,,,,,,,,,,,,,,,,,,,,,,,,,,,,,,,,,,,,,,,,,,
,UMPS,,,,,,,,,,,,,CTSB,,,,,,,,,,,,,,,,,,,,,,,,,,,,,,,,,,,,,,,,,,,,,,,,,,,,,,,,,,,,,,,,,,,,,,,,,,,,,,,,,,,,,
,UMPS,,,,,,,,,,,,,CTSB,,,,,,,,,,,,,,,,,,,,,,,,,,,,,,,,,,,,,,,,,,,,,,,,,,,,,,,,,,,,,,,,,,,,,,,,,,,,,,,,,,,,,
,UMPS,,,,,,,,,,,,,CTSB,,,,,,,,,,,,,,,,,,,,,,,,,,,,,,,,,,,,,,,,,,,,,,,,,,,,,,,,,,,,,,,,,,,,,,,,,,,,,,,,,,,,,
,UMPS,,,,,,,,,,,,,CTSB,,,,,,,,,,,,,,,,,,,,,,,,,,,,,,,,,,,,,,,,,,,,,,,,,,,,,,,,,,,,,,,,,,,,,,,,,,,,,,,,,,,,,
,UMPS,,,,,,,,,,,,,CTSB,,,,,,,,,,,,,,,,,,,,,,,,,,,,,,,,,,,,,,,,,,,,,,,,,,,,,,,,,,,,,,,,,,,,,,,,,,,,,,,,,,,,,
,UMPS,,,,,,,,,,,,,CTSB,,,,,,,,,,,,,,,,,,,,,,,,,,,,,,,,,,,,,,,,,,,,,,,,,,,,,,,,,,,,,,,,,,,,,,,,,,,,,,,,,,,,,
,UMPS,,,,,,,,,,,,,CTSB,,,,,,,,,,,,,,,,,,,,,,,,,,,,,,,,,,,,,,,,,,,,,,,,,,,,,,,,,,,,,,,,,,,,,,,,,,,,,,,,,,,,,
,UMPS,,,,,,,,,,,,,CTSB,,,,,,,,,,,,,,,,,,,,,,,,,,,,,,,,,,,,,,,,,,,,,,,,,,,,,,,,,,,,,,,,,,,,,,,,,,,,,,,,,,,,,
,UMPS,,,,,,,,,,,,,CTSB,,,,,,,,,,,,,,,,,,,,,,,,,,,,,,,,,,,,,,,,,,,,,,,,,,,,,,,,,,,,,,,,,,,,,,,,,,,,,,,,,,,,,
,UMPS,,,,,,,,,,,,,CTSB,,,,,,,,,,,,,,,,,,,,,,,,,,,,,,,,,,,,,,,,,,,,,,,,,,,,,,,,,,,,,,,,,,,,,,,,,,,,,,,,,,,,,
,UMPS,,,,,,,,,,,,,CTSB,,,,,,,,,,,,,,,,,,,,,,,,,,,,,,,,,,,,,,,,,,,,,,,,,,,,,,,,,,,,,,,,,,,,,,,,,,,,,,,,,,,,,
,UMPS,,,,,,,,,,,,,CTSB,,,,,,,,,,,,,,,,,,,,,,,,,,,,,,,,,,,,,,,,,,,,,,,,,,,,,,,,,,,,,,,,,,,,,,,,,,,,,,,,,,,,,
,UMPS,,,,,,,,,,,,,CTSB,,,,,,,,,,,,,,,,,,,,,,,,,,,,,,,,,,,,,,,,,,,,,,,,,,,,,,,,,,,,,,,,,,,,,,,,,,,,,,,,,,,,,
,UMPS,,,,,,,,,,,,,CTSB,,,,,,,,,,,,,,,,,,,,,,,,,,,,,,,,,,,,,,,,,,,,,,,,,,,,,,,,,,,,,,,,,,,,,,,,,,,,,,,,,,,,,
,UMPS,,,,,,,,,,,,,CTSB,,,,,,,,,,,,,,,,,,,,,,,,,,,,,,,,,,,,,,,,,,,,,,,,,,,,,,,,,,,,,,,,,,,,,,,,,,,,,,,,,,,,,
,UMPS,,,,,,,,,,,,,CTSB,,,,,,,,,,,,,,,,,,,,,,,,,,,,,,,,,,,,,,,,,,,,,,,,,,,,,,,,,,,,,,,,,,,,,,,,,,,,,,,,,,,,,
,UMPS,,,,,,,,,,,,,CTSB,,,,,,,,,,,,,,,,,,,,,,,,,,,,,,,,,,,,,,,,,,,,,,,,,,,,,,,,,,,,,,,,,,,,,,,,,,,,,,,,,,,,,
,UMPS,,,,,,,,,,,,,CTSB,,,,,,,,,,,,,,,,,,,,,,,,,,,,,,,,,,,,,,,,,,,,,,,,,,,,,,,,,,,,,,,,,,,,,,,,,,,,,,,,,,,,,
,UMPS,,,,,,,,,,,,,CTSB,,,,,,,,,,,,,,,,,,,,,,,,,,,,,,,,,,,,,,,,,,,,,,,,,,,,,,,,,,,,,,,,,,,,,,,,,,,,,,,,,,,,,
,UMPS,,,,,,,,,,,,,CTSB,,,,,,,,,,,,,,,,,,,,,,,,,,,,,,,,,,,,,,,,,,,,,,,,,,,,,,,,,,,,,,,,,,,,,,,,,,,,,,,,,,,,,
,UMPS,,,,,,,,,,,,,CTSB,,,,,,,,,,,,,,,,,,,,,,,,,,,,,,,,,,,,,,,,,,,,,,,,,,,,,,,,,,,,,,,,,,,,,,,,,,,,,,,,,,,,,
,UMPS,,,,,,,,,,,,,CTSB,,,,,,,,,,,,,,,,,,,,,,,,,,,,,,,,,,,,,,,,,,,,,,,,,,,,,,,,,,,,,,,,,,,,,,,,,,,,,,,,,,,,,
,UMPS,,,,,,,,,,,,,CTSB,,,,,,,,,,,,,,,,,,,,,,,,,,,,,,,,,,,,,,,,,,,,,,,,,,,,,,,,,,,,,,,,,,,,,,,,,,,,,,,,,,,,,
,UMPS,,,,,,,,,,,,,CTSB,,,,,,,,,,,,,,,,,,,,,,,,,,,,,,,,,,,,,,,,,,,,,,,,,,,,,,,,,,,,,,,,,,,,,,,,,,,,,,,,,,,,,
,UMPS,,,,,,,,,,,,,CTSB,,,,,,,,,,,,,,,,,,,,,,,,,,,,,,,,,,,,,,,,,,,,,,,,,,,,,,,,,,,,,,,,,,,,,,,,,,,,,,,,,,,,,
,UMPS,,,,,,,,,,,,,CTSB,,,,,,,,,,,,,,,,,,,,,,,,,,,,,,,,,,,,,,,,,,,,,,,,,,,,,,,,,,,,,,,,,,,,,,,,,,,,,,,,,,,,,
,UMPS,,,,,,,,,,,,,CTSB,,,,,,,,,,,,,,,,,,,,,,,,,,,,,,,,,,,,,,,,,,,,,,,,,,,,,,,,,,,,,,,,,,,,,,,,,,,,,,,,,,,,,
,UMPS,,,,,,,,,,,,,CTSB,,,,,,,,,,,,,,,,,,,,,,,,,,,,,,,,,,,,,,,,,,,,,,,,,,,,,,,,,,,,,,,,,,,,,,,,,,,,,,,,,,,,,
,UMPS,,,,,,,,,,,,,CTSB,,,,,,,,,,,,,,,,,,,,,,,,,,,,,,,,,,,,,,,,,,,,,,,,,,,,,,,,,,,,,,,,,,,,,,,,,,,,,,,,,,,,,
,UMPS,,,,,,,,,,,,,CTSB,,,,,,,,,,,,,,,,,,,,,,,,,,,,,,,,,,,,,,,,,,,,,,,,,,,,,,,,,,,,,,,,,,,,,,,,,,,,,,,,,,,,,
,UMPS,,,,,,,,,,,,,CTSB,,,,,,,,,,,,,,,,,,,,,,,,,,,,,,,,,,,,,,,,,,,,,,,,,,,,,,,,,,,,,,,,,,,,,,,,,,,,,,,,,,,,,
,UMPS,,,,,,,,,,,,,CTSB,,,,,,,,,,,,,,,,,,,,,,,,,,,,,,,,,,,,,,,,,,,,,,,,,,,,,,,,,,,,,,,,,,,,,,,,,,,,,,,,,,,,,
,UMPS,,,,,,,,,,,,,CTSB,,,,,,,,,,,,,,,,,,,,,,,,,,,,,,,,,,,,,,,,,,,,,,,,,,,,,,,,,,,,,,,,,,,,,,,,,,,,,,,,,,,,,
,UMPS,,,,,,,,,,,,,CTSB,,,,,,,,,,,,,,,,,,,,,,,,,,,,,,,,,,,,,,,,,,,,,,,,,,,,,,,,,,,,,,,,,,,,,,,,,,,,,,,,,,,,,
,UMPS,,,,,,,,,,,,,CTSB,,,,,,,,,,,,,,,,,,,,,,,,,,,,,,,,,,,,,,,,,,,,,,,,,,,,,,,,,,,,,,,,,,,,,,,,,,,,,,,,,,,,,
,UMPS,,,,,,,,,,,,,CTSB,,,,,,,,,,,,,,,,,,,,,,,,,,,,,,,,,,,,,,,,,,,,,,,,,,,,,,,,,,,,,,,,,,,,,,,,,,,,,,,,,,,,,
,UMPS,,,,,,,,,,,,,CTSB,,,,,,,,,,,,,,,,,,,,,,,,,,,,,,,,,,,,,,,,,,,,,,,,,,,,,,,,,,,,,,,,,,,,,,,,,,,,,,,,,,,,,
,UMPS,,,,,,,,,,,,,CTSB,,,,,,,,,,,,,,,,,,,,,,,,,,,,,,,,,,,,,,,,,,,,,,,,,,,,,,,,,,,,,,,,,,,,,,,,,,,,,,,,,,,,,
,UMPS,,,,,,,,,,,,,CTSB,,,,,,,,,,,,,,,,,,,,,,,,,,,,,,,,,,,,,,,,,,,,,,,,,,,,,,,,,,,,,,,,,,,,,,,,,,,,,,,,,,,,,
,UMPS,,,,,,,,,,,,,CTSB,,,,,,,,,,,,,,,,,,,,,,,,,,,,,,,,,,,,,,,,,,,,,,,,,,,,,,,,,,,,,,,,,,,,,,,,,,,,,,,,,,,,,
,UMPS,,,,,,,,,,,,,CTSB,,,,,,,,,,,,,,,,,,,,,,,,,,,,,,,,,,,,,,,,,,,,,,,,,,,,,,,,,,,,,,,,,,,,,,,,,,,,,,,,,,,,,
,UMPS,,,,,,,,,,,,,CTSB,,,,,,,,,,,,,,,,,,,,,,,,,,,,,,,,,,,,,,,,,,,,,,,,,,,,,,,,,,,,,,,,,,,,,,,,,,,,,,,,,,,,,
,UMPS,,,,,,,,,,,,,CTSB,,,,,,,,,,,,,,,,,,,,,,,,,,,,,,,,,,,,,,,,,,,,,,,,,,,,,,,,,,,,,,,,,,,,,,,,,,,,,,,,,,,,,
,UMPS,,,,,,,,,,,,,CTSB,,,,,,,,,,,,,,,,,,,,,,,,,,,,,,,,,,,,,,,,,,,,,,,,,,,,,,,,,,,,,,,,,,,,,,,,,,,,,,,,,,,,,
,UMPS,,,,,,,,,,,,,CTSB,,,,,,,,,,,,,,,,,,,,,,,,,,,,,,,,,,,,,,,,,,,,,,,,,,,,,,,,,,,,,,,,,,,,,,,,,,,,,,,,,,,,,
,UMPS,,,,,,,,,,,,,CTSB,,,,,,,,,,,,,,,,,,,,,,,,,,,,,,,,,,,,,,,,,,,,,,,,,,,,,,,,,,,,,,,,,,,,,,,,,,,,,,,,,,,,,
,UMPS,,,,,,,,,,,,,CTSB,,,,,,,,,,,,,,,,,,,,,,,,,,,,,,,,,,,,,,,,,,,,,,,,,,,,,,,,,,,,,,,,,,,,,,,,,,,,,,,,,,,,,
,UMPS,,,,,,,,,,,,,CTSB,,,,,,,,,,,,,,,,,,,,,,,,,,,,,,,,,,,,,,,,,,,,,,,,,,,,,,,,,,,,,,,,,,,,,,,,,,,,,,,,,,,,,
,UMPS,,,,,,,,,,,,,CTSB,,,,,,,,,,,,,,,,,,,,,,,,,,,,,,,,,,,,,,,,,,,,,,,,,,,,,,,,,,,,,,,,,,,,,,,,,,,,,,,,,,,,,
,UMPS,,,,,,,,,,,,,CTSB,,,,,,,,,,,,,,,,,,,,,,,,,,,,,,,,,,,,,,,,,,,,,,,,,,,,,,,,,,,,,,,,,,,,,,,,,,,,,,,,,,,,,
,UMPS,,,,,,,,,,,,,CTSB,,,,,,,,,,,,,,,,,,,,,,,,,,,,,,,,,,,,,,,,,,,,,,,,,,,,,,,,,,,,,,,,,,,,,,,,,,,,,,,,,,,,,
,UMPS,,,,,,,,,,,,,CTSB,,,,,,,,,,,,,,,,,,,,,,,,,,,,,,,,,,,,,,,,,,,,,,,,,,,,,,,,,,,,,,,,,,,,,,,,,,,,,,,,,,,,,
,UMPS,,,,,,,,,,,,,CTSB,,,,,,,,,,,,,,,,,,,,,,,,,,,,,,,,,,,,,,,,,,,,,,,,,,,,,,,,,,,,,,,,,,,,,,,,,,,,,,,,,,,,,
,UMPS,,,,,,,,,,,,,CTSB,,,,,,,,,,,,,,,,,,,,,,,,,,,,,,,,,,,,,,,,,,,,,,,,,,,,,,,,,,,,,,,,,,,,,,,,,,,,,,,,,,,,,
,UMPS,,,,,,,,,,,,,CTSB,,,,,,,,,,,,,,,,,,,,,,,,,,,,,,,,,,,,,,,,,,,,,,,,,,,,,,,,,,,,,,,,,,,,,,,,,,,,,,,,,,,,,
,UMPS,,,,,,,,,,,,,CTSB,,,,,,,,,,,,,,,,,,,,,,,,,,,,,,,,,,,,,,,,,,,,,,,,,,,,,,,,,,,,,,,,,,,,,,,,,,,,,,,,,,,,,
,UMPS,,,,,,,,,,,,,CTSB,,,,,,,,,,,,,,,,,,,,,,,,,,,,,,,,,,,,,,,,,,,,,,,,,,,,,,,,,,,,,,,,,,,,,,,,,,,,,,,,,,,,,
,UMPS,,,,,,,,,,,,,CTSB,,,,,,,,,,,,,,,,,,,,,,,,,,,,,,,,,,,,,,,,,,,,,,,,,,,,,,,,,,,,,,,,,,,,,,,,,,,,,,,,,,,,,
,UMPS,,,,,,,,,,,,,CTSB,,,,,,,,,,,,,,,,,,,,,,,,,,,,,,,,,,,,,,,,,,,,,,,,,,,,,,,,,,,,,,,,,,,,,,,,,,,,,,,,,,,,,
,UMPS,,,,,,,,,,,,,CTSB,,,,,,,,,,,,,,,,,,,,,,,,,,,,,,,,,,,,,,,,,,,,,,,,,,,,,,,,,,,,,,,,,,,,,,,,,,,,,,,,,,,,,
,UMPS,,,,,,,,,,,,,CTSB,,,,,,,,,,,,,,,,,,,,,,,,,,,,,,,,,,,,,,,,,,,,,,,,,,,,,,,,,,,,,,,,,,,,,,,,,,,,,,,,,,,,,
,UMPS,,,,,,,,,,,,,CTSB,,,,,,,,,,,,,,,,,,,,,,,,,,,,,,,,,,,,,,,,,,,,,,,,,,,,,,,,,,,,,,,,,,,,,,,,,,,,,,,,,,,,,
,UMPS,,,,,,,,,,,,,CTSB,,,,,,,,,,,,,,,,,,,,,,,,,,,,,,,,,,,,,,,,,,,,,,,,,,,,,,,,,,,,,,,,,,,,,,,,,,,,,,,,,,,,,
,UMPS,,,,,,,,,,,,,CTSB,,,,,,,,,,,,,,,,,,,,,,,,,,,,,,,,,,,,,,,,,,,,,,,,,,,,,,,,,,,,,,,,,,,,,,,,,,,,,,,,,,,,,
,UMPS,,,,,,,,,,,,,CTSB,,,,,,,,,,,,,,,,,,,,,,,,,,,,,,,,,,,,,,,,,,,,,,,,,,,,,,,,,,,,,,,,,,,,,,,,,,,,,,,,,,,,,
,UMPS,,,,,,,,,,,,,CTSB,,,,,,,,,,,,,,,,,,,,,,,,,,,,,,,,,,,,,,,,,,,,,,,,,,,,,,,,,,,,,,,,,,,,,,,,,,,,,,,,,,,,,
,UMPS,,,,,,,,,,,,,CTSB,,,,,,,,,,,,,,,,,,,,,,,,,,,,,,,,,,,,,,,,,,,,,,,,,,,,,,,,,,,,,,,,,,,,,,,,,,,,,,,,,,,,,
,UMPS,,,,,,,,,,,,,CTSB,,,,,,,,,,,,,,,,,,,,,,,,,,,,,,,,,,,,,,,,,,,,,,,,,,,,,,,,,,,,,,,,,,,,,,,,,,,,,,,,,,,,,
,UMPS,,,,,,,,,,,,,CTSB,,,,,,,,,,,,,,,,,,,,,,,,,,,,,,,,,,,,,,,,,,,,,,,,,,,,,,,,,,,,,,,,,,,,,,,,,,,,,,,,,,,,,
,UMPS,,,,,,,,,,,,,CTSB,,,,,,,,,,,,,,,,,,,,,,,,,,,,,,,,,,,,,,,,,,,,,,,,,,,,,,,,,,,,,,,,,,,,,,,,,,,,,,,,,,,,,
,UMPS,,,,,,,,,,,,,CTSB,,,,,,,,,,,,,,,,,,,,,,,,,,,,,,,,,,,,,,,,,,,,,,,,,,,,,,,,,,,,,,,,,,,,,,,,,,,,,,,,,,,,,
,UMPS,,,,,,,,,,,,,CTSB,,,,,,,,,,,,,,,,,,,,,,,,,,,,,,,,,,,,,,,,,,,,,,,,,,,,,,,,,,,,,,,,,,,,,,,,,,,,,,,,,,,,,
,UMPS,,,,,,,,,,,,,CTSB,,,,,,,,,,,,,,,,,,,,,,,,,,,,,,,,,,,,,,,,,,,,,,,,,,,,,,,,,,,,,,,,,,,,,,,,,,,,,,,,,,,,,
,UMPS,,,,,,,,,,,,,CTSB,,,,,,,,,,,,,,,,,,,,,,,,,,,,,,,,,,,,,,,,,,,,,,,,,,,,,,,,,,,,,,,,,,,,,,,,,,,,,,,,,,,,,
,UMPS,,,,,,,,,,,,,CTSB,,,,,,,,,,,,,,,,,,,,,,,,,,,,,,,,,,,,,,,,,,,,,,,,,,,,,,,,,,,,,,,,,,,,,,,,,,,,,,,,,,,,,
,UMPS,,,,,,,,,,,,,CTSB,,,,,,,,,,,,,,,,,,,,,,,,,,,,,,,,,,,,,,,,,,,,,,,,,,,,,,,,,,,,,,,,,,,,,,,,,,,,,,,,,,,,,
,UMPS,,,,,,,,,,,,,CTSB,,,,,,,,,,,,,,,,,,,,,,,,,,,,,,,,,,,,,,,,,,,,,,,,,,,,,,,,,,,,,,,,,,,,,,,,,,,,,,,,,,,,,
,UMPS,,,,,,,,,,,,,CTSB,,,,,,,,,,,,,,,,,,,,,,,,,,,,,,,,,,,,,,,,,,,,,,,,,,,,,,,,,,,,,,,,,,,,,,,,,,,,,,,,,,,,,
,UMPS,,,,,,,,,,,,,CTSB,,,,,,,,,,,,,,,,,,,,,,,,,,,,,,,,,,,,,,,,,,,,,,,,,,,,,,,,,,,,,,,,,,,,,,,,,,,,,,,,,,,,,
,UMPS,,,,,,,,,,,,,CTSB,,,,,,,,,,,,,,,,,,,,,,,,,,,,,,,,,,,,,,,,,,,,,,,,,,,,,,,,,,,,,,,,,,,,,,,,,,,,,,,,,,,,,
,UMPS,,,,,,,,,,,,,CTSB,,,,,,,,,,,,,,,,,,,,,,,,,,,,,,,,,,,,,,,,,,,,,,,,,,,,,,,,,,,,,,,,,,,,,,,,,,,,,,,,,,,,,
,UMPS,,,,,,,,,,,,,CTSB,,,,,,,,,,,,,,,,,,,,,,,,,,,,,,,,,,,,,,,,,,,,,,,,,,,,,,,,,,,,,,,,,,,,,,,,,,,,,,,,,,,,,
,UMPS,,,,,,,,,,,,,CTSB,,,,,,,,,,,,,,,,,,,,,,,,,,,,,,,,,,,,,,,,,,,,,,,,,,,,,,,,,,,,,,,,,,,,,,,,,,,,,,,,,,,,,
,UMPS,,,,,,,,,,,,,CTSB,,,,,,,,,,,,,,,,,,,,,,,,,,,,,,,,,,,,,,,,,,,,,,,,,,,,,,,,,,,,,,,,,,,,,,,,,,,,,,,,,,,,,
,UMPS,,,,,,,,,,,,,CTSB,,,,,,,,,,,,,,,,,,,,,,,,,,,,,,,,,,,,,,,,,,,,,,,,,,,,,,,,,,,,,,,,,,,,,,,,,,,,,,,,,,,,,
,UMPS,,,,,,,,,,,,,CTSB,,,,,,,,,,,,,,,,,,,,,,,,,,,,,,,,,,,,,,,,,,,,,,,,,,,,,,,,,,,,,,,,,,,,,,,,,,,,,,,,,,,,,
,UMPS,,,,,,,,,,,,,CTSB,,,,,,,,,,,,,,,,,,,,,,,,,,,,,,,,,,,,,,,,,,,,,,,,,,,,,,,,,,,,,,,,,,,,,,,,,,,,,,,,,,,,,
,UMPS,,,,,,,,,,,,,CTSB,,,,,,,,,,,,,,,,,,,,,,,,,,,,,,,,,,,,,,,,,,,,,,,,,,,,,,,,,,,,,,,,,,,,,,,,,,,,,,,,,,,,,
,UMPS,,,,,,,,,,,,,CTSB,,,,,,,,,,,,,,,,,,,,,,,,,,,,,,,,,,,,,,,,,,,,,,,,,,,,,,,,,,,,,,,,,,,,,,,,,,,,,,,,,,,,,
,UMPS,,,,,,,,,,,,,CTSB,,,,,,,,,,,,,,,,,,,,,,,,,,,,,,,,,,,,,,,,,,,,,,,,,,,,,,,,,,,,,,,,,,,,,,,,,,,,,,,,,,,,,
,UMPS,,,,,,,,,,,,,CTSB,,,,,,,,,,,,,,,,,,,,,,,,,,,,,,,,,,,,,,,,,,,,,,,,,,,,,,,,,,,,,,,,,,,,,,,,,,,,,,,,,,,,,
,UMPS,,,,,,,,,,,,,CTSB,,,,,,,,,,,,,,,,,,,,,,,,,,,,,,,,,,,,,,,,,,,,,,,,,,,,,,,,,,,,,,,,,,,,,,,,,,,,,,,,,,,,,
,UMPS,,,,,,,,,,,,,CTSB,,,,,,,,,,,,,,,,,,,,,,,,,,,,,,,,,,,,,,,,,,,,,,,,,,,,,,,,,,,,,,,,,,,,,,,,,,,,,,,,,,,,,
,UMPS,,,,,,,,,,,,,CTSB,,,,,,,,,,,,,,,,,,,,,,,,,,,,,,,,,,,,,,,,,,,,,,,,,,,,,,,,,,,,,,,,,,,,,,,,,,,,,,,,,,,,,
,UMPS,,,,,,,,,,,,,CTSB,,,,,,,,,,,,,,,,,,,,,,,,,,,,,,,,,,,,,,,,,,,,,,,,,,,,,,,,,,,,,,,,,,,,,,,,,,,,,,,,,,,,,
,UMPS,,,,,,,,,,,,,CTSB,,,,,,,,,,,,,,,,,,,,,,,,,,,,,,,,,,,,,,,,,,,,,,,,,,,,,,,,,,,,,,,,,,,,,,,,,,,,,,,,,,,,,
,UMPS,,,,,,,,,,,,,CTSB,,,,,,,,,,,,,,,,,,,,,,,,,,,,,,,,,,,,,,,,,,,,,,,,,,,,,,,,,,,,,,,,,,,,,,,,,,,,,,,,,,,,,
,UMPS,,,,,,,,,,,,,CTSB,,,,,,,,,,,,,,,,,,,,,,,,,,,,,,,,,,,,,,,,,,,,,,,,,,,,,,,,,,,,,,,,,,,,,,,,,,,,,,,,,,,,,
,UMPS,,,,,,,,,,,,,CTSB,,,,,,,,,,,,,,,,,,,,,,,,,,,,,,,,,,,,,,,,,,,,,,,,,,,,,,,,,,,,,,,,,,,,,,,,,,,,,,,,,,,,,
,UMPS,,,,,,,,,,,,,CTSB,,,,,,,,,,,,,,,,,,,,,,,,,,,,,,,,,,,,,,,,,,,,,,,,,,,,,,,,,,,,,,,,,,,,,,,,,,,,,,,,,,,,,
,UMPS,,,,,,,,,,,,,CTSB,,,,,,,,,,,,,,,,,,,,,,,,,,,,,,,,,,,,,,,,,,,,,,,,,,,,,,,,,,,,,,,,,,,,,,,,,,,,,,,,,,,,,
,UMPS,,,,,,,,,,,,,CTSB,,,,,,,,,,,,,,,,,,,,,,,,,,,,,,,,,,,,,,,,,,,,,,,,,,,,,,,,,,,,,,,,,,,,,,,,,,,,,,,,,,,,,
,UMPS,,,,,,,,,,,,,CTSB,,,,,,,,,,,,,,,,,,,,,,,,,,,,,,,,,,,,,,,,,,,,,,,,,,,,,,,,,,,,,,,,,,,,,,,,,,,,,,,,,,,,,
,UMPS,,,,,,,,,,,,,CTSB,,,,,,,,,,,,,,,,,,,,,,,,,,,,,,,,,,,,,,,,,,,,,,,,,,,,,,,,,,,,,,,,,,,,,,,,,,,,,,,,,,,,,
,UMPS,,,,,,,,,,,,,CTSB,,,,,,,,,,,,,,,,,,,,,,,,,,,,,,,,,,,,,,,,,,,,,,,,,,,,,,,,,,,,,,,,,,,,,,,,,,,,,,,,,,,,,
,UMPS,,,,,,,,,,,,,CTSB,,,,,,,,,,,,,,,,,,,,,,,,,,,,,,,,,,,,,,,,,,,,,,,,,,,,,,,,,,,,,,,,,,,,,,,,,,,,,,,,,,,,,
,UMPS,,,,,,,,,,,,,CTSB,,,,,,,,,,,,,,,,,,,,,,,,,,,,,,,,,,,,,,,,,,,,,,,,,,,,,,,,,,,,,,,,,,,,,,,,,,,,,,,,,,,,,
,UMPS,,,,,,,,,,,,,CTSB,,,,,,,,,,,,,,,,,,,,,,,,,,,,,,,,,,,,,,,,,,,,,,,,,,,,,,,,,,,,,,,,,,,,,,,,,,,,,,,,,,,,,
,UMPS,,,,,,,,,,,,,CTSB,,,,,,,,,,,,,,,,,,,,,,,,,,,,,,,,,,,,,,,,,,,,,,,,,,,,,,,,,,,,,,,,,,,,,,,,,,,,,,,,,,,,,
,UMPS,,,,,,,,,,,,,CTSB,,,,,,,,,,,,,,,,,,,,,,,,,,,,,,,,,,,,,,,,,,,,,,,,,,,,,,,,,,,,,,,,,,,,,,,,,,,,,,,,,,,,,
,UMPS,,,,,,,,,,,,,CTSB,,,,,,,,,,,,,,,,,,,,,,,,,,,,,,,,,,,,,,,,,,,,,,,,,,,,,,,,,,,,,,,,,,,,,,,,,,,,,,,,,,,,,
,UMPS,,,,,,,,,,,,,CT,,,,,,,,,,,,,,,,,,,,,,,,,,,,,,,,,,,,,,,,,,,,,,,,,,,,,,,,,,,,,,,,,,,,,,,,,,,,,,,,,,,,,
,UMPS,,,,,,,,,,,,,,,,,,,,,,,,,,,,,,,,,,,,,,,,,,,,,,,,,,,,,,,,,,,,,,,,,,,,,,,,,,,,,,,,,,,,,,,,,,,,,,,,,,
,UMPS,,,,,,,,,,,,,,,,,,,,,,,,,,,,,,,,,,,,,,,,,,,,,,,,,,,,,,,,,,,,,,,,,,,,,,,,,,,,,,,,,,,,,,,,,,,,,,,,,,
,UMPS,,,,,,,,,,,,,,,,,,,,,,,,,,,,,,,,,,,,,,,,,,,,,,,,,,,,,,,,,,,,,,,,,,,,,,,,,,,,,,,,,,,,,,,,,,,,,,,,,,
,UMPS,,,,,,,,,,,,,,,,,,,,,,,,,,,,,,,,,,,,,,,,,,,,,,,,,,,,,,,,,,,,,,,,,,,,,,,,,,,,,,,,,,,,,,,,,,,,,,,,,,
,UMPS,,,,,,,,,,,,,,,,,,,,,,,,,,,,,,,,,,,,,,,,,,,,,,,,,,,,,,,,,,,,,,,,,,,,,,,,,,,,,,,,,,,,,,,,,,,,,,,,,,
,UMPS,,,,,,,,,,,,,,,,,,,,,,,,,,,,,,,,,,,,,,,,,,,,,,,,,,,,,,,,,,,,,,,,,,,,,,,,,,,,,,,,,,,,,,,,,,,,,,,,,,
,UMPS,,,,,,,,,,,,,,,,,,,,,,,,,,,,,,,,,,,,,,,,,,,,,,,,,,,,,,,,,,,,,,,,,,,,,,,,,,,,,,,,,,,,,,,,,,,,,,,,,,
,UMPS,,,,,,,,,,,,,,,,,,,,,,,,,,,,,,,,,,,,,,,,,,,,,,,,,,,,,,,,,,,,,,,,,,,,,,,,,,,,,,,,,,,,,,,,,,,,,,,,,,
,UMPS,,,,,,,,,,,,,,,,,,,,,,,,,,,,,,,,,,,,,,,,,,,,,,,,,,,,,,,,,,,,,,,,,,,,,,,,,,,,,,,,,,,,,,,,,,,,,,,,,,
,UMPS,,,,,,,,,,,,,,,,,,,,,,,,,,,,,,,,,,,,,,,,,,,,,,,,,,,,,,,,,,,,,,,,,,,,,,,,,,,,,,,,,,,,,,,,,,,,,,,,,,
,UMPS,,,,,,,,,,,,,,,,,,,,,,,,,,,,,,,,,,,,,,,,,,,,,,,,,,,,,,,,,,,,,,,,,,,,,,,,,,,,,,,,,,,,,,,,,,,,,,,,,,
,UMPS,,,,,,,,,,,,,,,,,,,,,,,,,,,,,,,,,,,,,,,,,,,,,,,,,,,,,,,,,,,,,,,,,,,,,,,,,,,,,,,,,,,,,,,,,,,,,,,,,,
,UMPS,,,,,,,,,,,,,,,,,,,,,,,,,,,,,,,,,,,,,,,,,,,,,,,,,,,,,,,,,,,,,,,,,,,,,,,,,,,,,,,,,,,,,,,,,,,,,,,,,,
,UMPS,,,,,,,,,,,,,,,,,,,,,,,,,,,,,,,,,,,,,,,,,,,,,,,,,,,,,,,,,,,,,,,,,,,,,,,,,,,,,,,,,,,,,,,,,,,,,,,,,,
,UMPS,,,,,,,,,,,,,,,,,,,,,,,,,,,,,,,,,,,,,,,,,,,,,,,,,,,,,,,,,,,,,,,,,,,,,,,,,,,,,,,,,,,,,,,,,,,,,,,,,,
,UMPS,,,,,,,,,,,,,,,,,,,,,,,,,,,,,,,,,,,,,,,,,,,,,,,,,,,,,,,,,,,,,,,,,,,,,,,,,,,,,,,,,,,,,,,,,,,,,,,,,,
,UMPS,,,,,,,,,,,,,,,,,,,,,,,,,,,,,,,,,,,,,,,,,,,,,,,,,,,,,,,,,,,,,,,,,,,,,,,,,,,,,,,,,,,,,,,,,,,,,,,,,,
,UMPS,,,,,,,,,,,,,,,,,,,,,,,,,,,,,,,,,,,,,,,,,,,,,,,,,,,,,,,,,,,,,,,,,,,,,,,,,,,,,,,,,,,,,,,,,,,,,,,,,,
,UMPS,,,,,,,,,,,,,,,,,,,,,,,,,,,,,,,,,,,,,,,,,,,,,,,,,,,,,,,,,,,,,,,,,,,,,,,,,,,,,,,,,,,,,,,,,,,,,,,,,,
,UMPS,,,,,,,,,,,,,,,,,,,,,,,,,,,,,,,,,,,,,,,,,,,,,,,,,,,,,,,,,,,,,,,,,,,,,,,,,,,,,,,,,,,,,,,,,,,,,,,,,,
,UMPS,,,,,,,,,,,,,,,,,,,,,,,,,,,,,,,,,,,,,,,,,,,,,,,,,,,,,,,,,,,,,,,,,,,,,,,,,,,,,,,,,,,,,,,,,,,,,,,,,,
,UMPS,,,,,,,,,,,,,,,,,,,,,,,,,,,,,,,,,,,,,,,,,,,,,,,,,,,,,,,,,,,,,,,,,,,,,,,,,,,,,,,,,,,,,,,,,,,,,,,,,,
,UMPS,,,,,,,,,,,,,,,,,,,,,,,,,,,,,,,,,,,,,,,,,,,,,,,,,,,,,,,,,,,,,,,,,,,,,,,,,,,,,,,,,,,,,,,,,,,,,,,,,,
,UMPS,,,,,,,,,,,,,,,,,,,,,,,,,,,,,,,,,,,,,,,,,,,,,,,,,,,,,,,,,,,,,,,,,,,,,,,,,,,,,,,,,,,,,,,,,,,,,,,,,,
,UMPS,,,,,,,,,,,,,,,,,,,,,,,,,,,,,,,,,,,,,,,,,,,,,,,,,,,,,,,,,,,,,,,,,,,,,,,,,,,,,,,,,,,,,,,,,,,,,,,,,,
,UMPS,,,,,,,,,,,,,,,,,,,,,,,,,,,,,,,,,,,,,,,,,,,,,,,,,,,,,,,,,,,,,,,,,,,,,,,,,,,,,,,,,,,,,,,,,,,,,,,,,,
,UMPS,,,,,,,,,,,,,,,,,,,,,,,,,,,,,,,,,,,,,,,,,,,,,,,,,,,,,,,,,,,,,,,,,,,,,,,,,,,,,,,,,,,,,,,,,,,,,,,,,,
,UMPS,,,,,,,,,,,,,,,,,,,,,,,,,,,,,,,,,,,,,,,,,,,,,,,,,,,,,,,,,,,,,,,,,,,,,,,,,,,,,,,,,,,,,,,,,,,,,,,,,,
,UMPS,,,,,,,,,,,,,,,,,,,,,,,,,,,,,,,,,,,,,,,,,,,,,,,,,,,,,,,,,,,,,,,,,,,,,,,,,,,,,,,,,,,,,,,,,,,,,,,,,,
,UMPS,,,,,,,,,,,,,,,,,,,,,,,,,,,,,,,,,,,,,,,,,,,,,,,,,,,,,,,,,,,,,,,,,,,,,,,,,,,,,,,,,,,,,,,,,,,,,,,,,,
,UMPS,,,,,,,,,,,,,,,,,,,,,,,,,,,,,,,,,,,,,,,,,,,,,,,,,,,,,,,,,,,,,,,,,,,,,,,,,,,,,,,,,,,,,,,,,,,,,,,,,,
,UMPS,,,,,,,,,,,,,,,,,,,,,,,,,,,,,,,,,,,,,,,,,,,,,,,,,,,,,,,,,,,,,,,,,,,,,,,,,,,,,,,,,,,,,,,,,,,,,,,,,,
,UMPS,,,,,,,,,,,,,,,,,,,,,,,,,,,,,,,,,,,,,,,,,,,,,,,,,,,,,,,,,,,,,,,,,,,,,,,,,,,,,,,,,,,,,,,,,,,,,,,,,,
,UMPS,,,,,,,,,,,,,,,,,,,,,,,,,,,,,,,,,,,,,,,,,,,,,,,,,,,,,,,,,,,,,,,,,,,,,,,,,,,,,,,,,,,,,,,,,,,,,,,,,,
,UMPS,,,,,,,,,,,,,,,,,,,,,,,,,,,,,,,,,,,,,,,,,,,,,,,,,,,,,,,,,,,,,,,,,,,,,,,,,,,,,,,,,,,,,,,,,,,,,,,,,,
,UMPS,,,,,,,,,,,,,,,,,,,,,,,,,,,,,,,,,,,,,,,,,,,,,,,,,,,,,,,,,,,,,,,,,,,,,,,,,,,,,,,,,,,,,,,,,,,,,,,,,,
,UMPS,,,,,,,,,,,,,,,,,,,,,,,,,,,,,,,,,,,,,,,,,,,,,,,,,,,,,,,,,,,,,,,,,,,,,,,,,,,,,,,,,,,,,,,,,,,,,,,,,,
,UMPS,,,,,,,,,,,,,,,,,,,,,,,,,,,,,,,,,,,,,,,,,,,,,,,,,,,,,,,,,,,,,,,,,,,,,,,,,,,,,,,,,,,,,,,,,,,,,,,,,,
,UMPS,,,,,,,,,,,,,,,,,,,,,,,,,,,,,,,,,,,,,,,,,,,,,,,,,,,,,,,,,,,,,,,,,,,,,,,,,,,,,,,,,,,,,,,,,,,,,,,,,,
,UMPS,,,,,,,,,,,,,,,,,,,,,,,,,,,,,,,,,,,,,,,,,,,,,,,,,,,,,,,,,,,,,,,,,,,,,,,,,,,,,,,,,,,,,,,,,,,,,,,,,,
,UMPS,,,,,,,,,,,,,,,,,,,,,,,,,,,,,,,,,,,,,,,,,,,,,,,,,,,,,,,,,,,,,,,,,,,,,,,,,,,,,,,,,,,,,,,,,,,,,,,,,,
,UMPS,,,,,,,,,,,,,,,,,,,,,,,,,,,,,,,,,,,,,,,,,,,,,,,,,,,,,,,,,,,,,,,,,,,,,,,,,,,,,,,,,,,,,,,,,,,,,,,,,,
,UMPS,,,,,,,,,,,,,,,,,,,,,,,,,,,,,,,,,,,,,,,,,,,,,,,,,,,,,,,,,,,,,,,,,,,,,,,,,,,,,,,,,,,,,,,,,,,,,,,,,,
,UMPS,,,,,,,,,,,,,,,,,,,,,,,,,,,,,,,,,,,,,,,,,,,,,,,,,,,,,,,,,,,,,,,,,,,,,,,,,,,,,,,,,,,,,,,,,,,,,,,,,,
,UMPS,,,,,,,,,,,,,,,,,,,,,,,,,,,,,,,,,,,,,,,,,,,,,,,,,,,,,,,,,,,,,,,,,,,,,,,,,,,,,,,,,,,,,,,,,,,,,,,,,,
,UMPS,,,,,,,,,,,,,,,,,,,,,,,,,,,,,,,,,,,,,,,,,,,,,,,,,,,,,,,,,,,,,,,,,,,,,,,,,,,,,,,,,,,,,,,,,,,,,,,,,,
,UMPS,,,,,,,,,,,,,,,,,,,,,,,,,,,,,,,,,,,,,,,,,,,,,,,,,,,,,,,,,,,,,,,,,,,,,,,,,,,,,,,,,,,,,,,,,,,,,,,,,,
,UMPS,,,,,,,,,,,,,,,,,,,,,,,,,,,,,,,,,,,,,,,,,,,,,,,,,,,,,,,,,,,,,,,,,,,,,,,,,,,,,,,,,,,,,,,,,,,,,,,,,,
,UMPS,,,,,,,,,,,,,,,,,,,,,,,,,,,,,,,,,,,,,,,,,,,,,,,,,,,,,,,,,,,,,,,,,,,,,,,,,,,,,,,,,,,,,,,,,,,,,,,,,,
,UMPS,,,,,,,,,,,,,,,,,,,,,,,,,,,,,,,,,,,,,,,,,,,,,,,,,,,,,,,,,,,,,,,,,,,,,,,,,,,,,,,,,,,,,,,,,,,,,,,,,,
,UMPS,,,,,,,,,,,,,,,,,,,,,,,,,,,,,,,,,,,,,,,,,,,,,,,,,,,,,,,,,,,,,,,,,,,,,,,,,,,,,,,,,,,,,,,,,,,,,,,,,,
,UMPS,,,,,,,,,,,,,,,,,,,,,,,,,,,,,,,,,,,,,,,,,,,,,,,,,,,,,,,,,,,,,,,,,,,,,,,,,,,,,,,,,,,,,,,,,,,,,,,,,,
,UMPS,,,,,,,,,,,,,,,,,,,,,,,,,,,,,,,,,,,,,,,,,,,,,,,,,,,,,,,,,,,,,,,,,,,,,,,,,,,,,,,,,,,,,,,,,,,,,,,,,,
,UMPS,,,,,,,,,,,,,,,,,,,,,,,,,,,,,,,,,,,,,,,,,,,,,,,,,,,,,,,,,,,,,,,,,,,,,,,,,,,,,,,,,,,,,,,,,,,,,,,,,,
,UMPS,,,,,,,,,,,,,,,,,,,,,,,,,,,,,,,,,,,,,,,,,,,,,,,,,,,,,,,,,,,,,,,,,,,,,,,,,,,,,,,,,,,,,,,,,,,,,,,,,,
,UMPS,,,,,,,,,,,,,,,,,,,,,,,,,,,,,,,,,,,,,,,,,,,,,,,,,,,,,,,,,,,,,,,,,,,,,,,,,,,,,,,,,,,,,,,,,,,,,,,,,,
,UMPS,,,,,,,,,,,,,,,,,,,,,,,,,,,,,,,,,,,,,,,,,,,,,,,,,,,,,,,,,,,,,,,,,,,,,,,,,,,,,,,,,,,,,,,,,,,,,,,,,,
,UMPS,,,,,,,,,,,,,,,,,,,,,,,,,,,,,,,,,,,,,,,,,,,,,,,,,,,,,,,,,,,,,,,,,,,,,,,,,,,,,,,,,,,,,,,,,,,,,,,,,,
,UMPS,,,,,,,,,,,,,,,,,,,,,,,,,,,,,,,,,,,,,,,,,,,,,,,,,,,,,,,,,,,,,,,,,,,,,,,,,,,,,,,,,,,,,,,,,,,,,,,,,,
,UMPS,,,,,,,,,,,,,,,,,,,,,,,,,,,,,,,,,,,,,,,,,,,,,,,,,,,,,,,,,,,,,,,,,,,,,,,,,,,,,,,,,,,,,,,,,,,,,,,,,,
,UMPS,,,,,,,,,,,,,,,,,,,,,,,,,,,,,,,,,,,,,,,,,,,,,,,,,,,,,,,,,,,,,,,,,,,,,,,,,,,,,,,,,,,,,,,,,,,,,,,,,,
,UMPS,,,,,,,,,,,,,,,,,,,,,,,,,,,,,,,,,,,,,,,,,,,,,,,,,,,,,,,,,,,,,,,,,,,,,,,,,,,,,,,,,,,,,,,,,,,,,,,,,,
,UMPS,,,,,,,,,,,,,,,,,,,,,,,,,,,,,,,,,,,,,,,,,,,,,,,,,,,,,,,,,,,,,,,,,,,,,,,,,,,,,,,,,,,,,,,,,,,,,,,,,,
,UMPS,,,,,,,,,,,,,,,,,,,,,,,,,,,,,,,,,,,,,,,,,,,,,,,,,,,,,,,,,,,,,,,,,,,,,,,,,,,,,,,,,,,,,,,,,,,,,,,,,,
,UMPS,,,,,,,,,,,,,,,,,,,,,,,,,,,,,,,,,,,,,,,,,,,,,,,,,,,,,,,,,,,,,,,,,,,,,,,,,,,,,,,,,,,,,,,,,,,,,,,,,,
,UMPS,,,,,,,,,,,,,,,,,,,,,,,,,,,,,,,,,,,,,,,,,,,,,,,,,,,,,,,,,,,,,,,,,,,,,,,,,,,,,,,,,,,,,,,,,,,,,,,,,,
,UMPS,,,,,,,,,,,,,,,,,,,,,,,,,,,,,,,,,,,,,,,,,,,,,,,,,,,,,,,,,,,,,,,,,,,,,,,,,,,,,,,,,,,,,,,,,,,,,,,,,,
,UMPS,,,,,,,,,,,,,,,,,,,,,,,,,,,,,,,,,,,,,,,,,,,,,,,,,,,,,,,,,,,,,,,,,,,,,,,,,,,,,,,,,,,,,,,,,,,,,,,,,,
,UMPS,,,,,,,,,,,,,,,,,,,,,,,,,,,,,,,,,,,,,,,,,,,,,,,,,,,,,,,,,,,,,,,,,,,,,,,,,,,,,,,,,,,,,,,,,,,,,,,,,,
,UMPS,,,,,,,,,,,,,,,,,,,,,,,,,,,,,,,,,,,,,,,,,,,,,,,,,,,,,,,,,,,,,,,,,,,,,,,,,,,,,,,,,,,,,,,,,,,,,,,,,,
,UMPS,,,,,,,,,,,,,,,,,,,,,,,,,,,,,,,,,,,,,,,,,,,,,,,,,,,,,,,,,,,,,,,,,,,,,,,,,,,,,,,,,,,,,,,,,,,,,,,,,,
,UMPS,,,,,,,,,,,,,,,,,,,,,,,,,,,,,,,,,,,,,,,,,,,,,,,,,,,,,,,,,,,,,,,,,,,,,,,,,,,,,,,,,,,,,,,,,,,,,,,,,,
,UMPS,,,,,,,,,,,,,,,,,,,,,,,,,,,,,,,,,,,,,,,,,,,,,,,,,,,,,,,,,,,,,,,,,,,,,,,,,,,,,,,,,,,,,,,,,,,,,,,,,,
,UMPS,,,,,,,,,,,,,,,,,,,,,,,,,,,,,,,,,,,,,,,,,,,,,,,,,,,,,,,,,,,,,,,,,,,,,,,,,,,,,,,,,,,,,,,,,,,,,,,,,,
,UMPS,,,,,,,,,,,,,,,,,,,,,,,,,,,,,,,,,,,,,,,,,,,,,,,,,,,,,,,,,,,,,,,,,,,,,,,,,,,,,,,,,,,,,,,,,,,,,,,,,,
,UMPS,,,,,,,,,,,,,,,,,,,,,,,,,,,,,,,,,,,,,,,,,,,,,,,,,,,,,,,,,,,,,,,,,,,,,,,,,,,,,,,,,,,,,,,,,,,,,,,,,,
,UMPS,,,,,,,,,,,,,,,,,,,,,,,,,,,,,,,,,,,,,,,,,,,,,,,,,,,,,,,,,,,,,,,,,,,,,,,,,,,,,,,,,,,,,,,,,,,,,,,,,,
,UMPS,,,,,,,,,,,,,,,,,,,,,,,,,,,,,,,,,,,,,,,,,,,,,,,,,,,,,,,,,,,,,,,,,,,,,,,,,,,,,,,,,,,,,,,,,,,,,,,,,,
,UMPS,,,,,,,,,,,,,,,,,,,,,,,,,,,,,,,,,,,,,,,,,,,,,,,,,,,,,,,,,,,,,,,,,,,,,,,,,,,,,,,,,,,,,,,,,,,,,,,,,,
,UMPS,,,,,,,,,,,,,,,,,,,,,,,,,,,,,,,,,,,,,,,,,,,,,,,,,,,,,,,,,,,,,,,,,,,,,,,,,,,,,,,,,,,,,,,,,,,,,,,,,,
,UMPS,,,,,,,,,,,,,,,,,,,,,,,,,,,,,,,,,,,,,,,,,,,,,,,,,,,,,,,,,,,,,,,,,,,,,,,,,,,,,,,,,,,,,,,,,,,,,,,,,,
,UMPS,,,,,,,,,,,,,,,,,,,,,,,,,,,,,,,,,,,,,,,,,,,,,,,,,,,,,,,,,,,,,,,,,,,,,,,,,,,,,,,,,,,,,,,,,,,,,,,,,,
,UMPS,,,,,,,,,,,,,,,,,,,,,,,,,,,,,,,,,,,,,,,,,,,,,,,,,,,,,,,,,,,,,,,,,,,,,,,,,,,,,,,,,,,,,,,,,,,,,,,,,,
,UMPS,,,,,,,,,,,,,,,,,,,,,,,,,,,,,,,,,,,,,,,,,,,,,,,,,,,,,,,,,,,,,,,,,,,,,,,,,,,,,,,,,,,,,,,,,,,,,,,,,,
,UMPS,,,,,,,,,,,,,,,,,,,,,,,,,,,,,,,,,,,,,,,,,,,,,,,,,,,,,,,,,,,,,,,,,,,,,,,,,,,,,,,,,,,,,,,,,,,,,,,,,,
,UMPS,,,,,,,,,,,,,,,,,,,,,,,,,,,,,,,,,,,,,,,,,,,,,,,,,,,,,,,,,,,,,,,,,,,,,,,,,,,,,,,,,,,,,,,,,,,,,,,,,,
,UMPS,,,,,,,,,,,,,,,,,,,,,,,,,,,,,,,,,,,,,,,,,,,,,,,,,,,,,,,,,,,,,,,,,,,,,,,,,,,,,,,,,,,,,,,,,,,,,,,,,,
,UMPS,,,,,,,,,,,,,,,,,,,,,,,,,,,,,,,,,,,,,,,,,,,,,,,,,,,,,,,,,,,,,,,,,,,,,,,,,,,,,,,,,,,,,,,,,,,,,,,,,,
,UMPS,,,,,,,,,,,,,,,,,,,,,,,,,,,,,,,,,,,,,,,,,,,,,,,,,,,,,,,,,,,,,,,,,,,,,,,,,,,,,,,,,,,,,,,,,,,,,,,,,,
,UMPS,,,,,,,,,,,,,,,,,,,,,,,,,,,,,,,,,,,,,,,,,,,,,,,,,,,,,,,,,,,,,,,,,,,,,,,,,,,,,,,,,,,,,,,,,,,,,,,,,,
,UMPS,,,,,,,,,,,,,,,,,,,,,,,,,,,,,,,,,,,,,,,,,,,,,,,,,,,,,,,,,,,,,,,,,,,,,,,,,,,,,,,,,,,,,,,,,,,,,,,,,,
,UMPS,,,,,,,,,,,,,,,,,,,,,,,,,,,,,,,,,,,,,,,,,,,,,,,,,,,,,,,,,,,,,,,,,,,,,,,,,,,,,,,,,,,,,,,,,,,,,,,,,,
,UMPS,,,,,,,,,,,,,,,,,,,,,,,,,,,,,,,,,,,,,,,,,,,,,,,,,,,,,,,,,,,,,,,,,,,,,,,,,,,,,,,,,,,,,,,,,,,,,,,,,,
,UMPS,,,,,,,,,,,,,,,,,,,,,,,,,,,,,,,,,,,,,,,,,,,,,,,,,,,,,,,,,,,,,,,,,,,,,,,,,,,,,,,,,,,,,,,,,,,,,,,,,,
,UMPS,,,,,,,,,,,,,,,,,,,,,,,,,,,,,,,,,,,,,,,,,,,,,,,,,,,,,,,,,,,,,,,,,,,,,,,,,,,,,,,,,,,,,,,,,,,,,,,,,,
,UMPS,,,,,,,,,,,,,,,,,,,,,,,,,,,,,,,,,,,,,,,,,,,,,,,,,,,,,,,,,,,,,,,,,,,,,,,,,,,,,,,,,,,,,,,,,,,,,,,,,,
,UMPS,,,,,,,,,,,,,,,,,,,,,,,,,,,,,,,,,,,,,,,,,,,,,,,,,,,,,,,,,,,,,,,,,,,,,,,,,,,,,,,,,,,,,,,,,,,,,,,,,,
,UMPS,,,,,,,,,,,,,,,,,,,,,,,,,,,,,,,,,,,,,,,,,,,,,,,,,,,,,,,,,,,,,,,,,,,,,,,,,,,,,,,,,,,,,,,,,,,,,,,,,,
,UMPS,,,,,,,,,,,,,,,,,,,,,,,,,,,,,,,,,,,,,,,,,,,,,,,,,,,,,,,,,,,,,,,,,,,,,,,,,,,,,,,,,,,,,,,,,,,,,,,,,,
,UMPS,,,,,,,,,,,,,,,,,,,,,,,,,,,,,,,,,,,,,,,,,,,,,,,,,,,,,,,,,,,,,,,,,,,,,,,,,,,,,,,,,,,,,,,,,,,,,,,,,,
,UMPS,,,,,,,,,,,,,,,,,,,,,,,,,,,,,,,,,,,,,,,,,,,,,,,,,,,,,,,,,,,,,,,,,,,,,,,,,,,,,,,,,,,,,,,,,,,,,,,,,,
,UMPS,,,,,,,,,,,,,,,,,,,,,,,,,,,,,,,,,,,,,,,,,,,,,,,,,,,,,,,,,,,,,,,,,,,,,,,,,,,,,,,,,,,,,,,,,,,,,,,,,,
,UMPS,,,,,,,,,,,,,,,,,,,,,,,,,,,,,,,,,,,,,,,,,,,,,,,,,,,,,,,,,,,,,,,,,,,,,,,,,,,,,,,,,,,,,,,,,,,,,,,,,,
,UMPS,,,,,,,,,,,,,,,,,,,,,,,,,,,,,,,,,,,,,,,,,,,,,,,,,,,,,,,,,,,,,,,,,,,,,,,,,,,,,,,,,,,,,,,,,,,,,,,,,,
,UMPS,,,,,,,,,,,,,,,,,,,,,,,,,,,,,,,,,,,,,,,,,,,,,,,,,,,,,,,,,,,,,,,,,,,,,,,,,,,,,,,,,,,,,,,,,,,,,,,,,,
,UMPS,,,,,,,,,,,,,,,,,,,,,,,,,,,,,,,,,,,,,,,,,,,,,,,,,,,,,,,,,,,,,,,,,,,,,,,,,,,,,,,,,,,,,,,,,,,,,,,,,,
,UMPS,,,,,,,,,,,,,,,,,,,,,,,,,,,,,,,,,,,,,,,,,,,,,,,,,,,,,,,,,,,,,,,,,,,,,,,,,,,,,,,,,,,,,,,,,,,,,,,,,,
,UMPS,,,,,,,,,,,,,,,,,,,,,,,,,,,,,,,,,,,,,,,,,,,,,,,,,,,,,,,,,,,,,,,,,,,,,,,,,,,,,,,,,,,,,,,,,,,,,,,,,,
,UMPS,,,,,,,,,,,,,,,,,,,,,,,,,,,,,,,,,,,,,,,,,,,,,,,,,,,,,,,,,,,,,,,,,,,,,,,,,,,,,,,,,,,,,,,,,,,,,,,,,,
,UMPS,,,,,,,,,,,,,,,,,,,,,,,,,,,,,,,,,,,,,,,,,,,,,,,,,,,,,,,,,,,,,,,,,,,,,,,,,,,,,,,,,,,,,,,,,,,,,,,,,,
,UMPS,,,,,,,,,,,,,,,,,,,,,,,,,,,,,,,,,,,,,,,,,,,,,,,,,,,,,,,,,,,,,,,,,,,,,,,,,,,,,,,,,,,,,,,,,,,,,,,,,,
,UMPS,,,,,,,,,,,,,,,,,,,,,,,,,,,,,,,,,,,,,,,,,,,,,,,,,,,,,,,,,,,,,,,,,,,,,,,,,,,,,,,,,,,,,,,,,,,,,,,,,,
,UMPS,,,,,,,,,,,,,,,,,,,,,,,,,,,,,,,,,,,,,,,,,,,,,,,,,,,,,,,,,,,,,,,,,,,,,,,,,,,,,,,,,,,,,,,,,,,,,,,,,,
,UMPS,,,,,,,,,,,,,,,,,,,,,,,,,,,,,,,,,,,,,,,,,,,,,,,,,,,,,,,,,,,,,,,,,,,,,,,,,,,,,,,,,,,,,,,,,,,,,,,,,,
,UMPS,,,,,,,,,,,,,,,,,,,,,,,,,,,,,,,,,,,,,,,,,,,,,,,,,,,,,,,,,,,,,,,,,,,,,,,,,,,,,,,,,,,,,,,,,,,,,,,,,,
,UMPS,,,,,,,,,,,,,,,,,,,,,,,,,,,,,,,,,,,,,,,,,,,,,,,,,,,,,,,,,,,,,,,,,,,,,,,,,,,,,,,,,,,,,,,,,,,,,,,,,,
,UMPS,,,,,,,,,,,,,,,,,,,,,,,,,,,,,,,,,,,,,,,,,,,,,,,,,,,,,,,,,,,,,,,,,,,,,,,,,,,,,,,,,,,,,,,,,,,,,,,,,,
,UMPS,,,,,,,,,,,,,,,,,,,,,,,,,,,,,,,,,,,,,,,,,,,,,,,,,,,,,,,,,,,,,,,,,,,,,,,,,,,,,,,,,,,,,,,,,,,,,,,,,,
,UMPS,,,,,,,,,,,,,,,,,,,,,,,,,,,,,,,,,,,,,,,,,,,,,,,,,,,,,,,,,,,,,,,,,,,,,,,,,,,,,,,,,,,,,,,,,,,,,,,,,,
,UMPS,,,,,,,,,,,,,,,,,,,,,,,,,,,,,,,,,,,,,,,,,,,,,,,,,,,,,,,,,,,,,,,,,,,,,,,,,,,,,,,,,,,,,,,,,,,,,,,,,,
,UMPS,,,,,,,,,,,,,,,,,,,,,,,,,,,,,,,,,,,,,,,,,,,,,,,,,,,,,,,,,,,,,,,,,,,,,,,,,,,,,,,,,,,,,,,,,,,,,,,,,,
,UMPS,,,,,,,,,,,,,,,,,,,,,,,,,,,,,,,,,,,,,,,,,,,,,,,,,,,,,,,,,,,,,,,,,,,,,,,,,,,,,,,,,,,,,,,,,,,,,,,,,,
,UMPS,,,,,,,,,,,,,,,,,,,,,,,,,,,,,,,,,,,,,,,,,,,,,,,,,,,,,,,,,,,,,,,,,,,,,,,,,,,,,,,,,,,,,,,,,,,,,,,,,,
,UMPS,,,,,,,,,,,,,,,,,,,,,,,,,,,,,,,,,,,,,,,,,,,,,,,,,,,,,,,,,,,,,,,,,,,,,,,,,,,,,,,,,,,,,,,,,,,,,,,,,,
,UMPS,,,,,,,,,,,,,,,,,,,,,,,,,,,,,,,,,,,,,,,,,,,,,,,,,,,,,,,,,,,,,,,,,,,,,,,,,,,,,,,,,,,,,,,,,,,,,,,,,,
,UMPS,,,,,,,,,,,,,,,,,,,,,,,,,,,,,,,,,,,,,,,,,,,,,,,,,,,,,,,,,,,,,,,,,,,,,,,,,,,,,,,,,,,,,,,,,,,,,,,,,,
,UMPS,,,,,,,,,,,,,,,,,,,,,,,,,,,,,,,,,,,,,,,,,,,,,,,,,,,,,,,,,,,,,,,,,,,,,,,,,,,,,,,,,,,,,,,,,,,,,,,,,,
,UMPS,,,,,,,,,,,,,,,,,,,,,,,,,,,,,,,,,,,,,,,,,,,,,,,,,,,,,,,,,,,,,,,,,,,,,,,,,,,,,,,,,,,,,,,,,,,,,,,,,,
,UMPS,,,,,,,,,,,,,,,,,,,,,,,,,,,,,,,,,,,,,,,,,,,,,,,,,,,,,,,,,,,,,,,,,,,,,,,,,,,,,,,,,,,,,,,,,,,,,,,,,,
,UMPS,,,,,,,,,,,,,,,,,,,,,,,,,,,,,,,,,,,,,,,,,,,,,,,,,,,,,,,,,,,,,,,,,,,,,,,,,,,,,,,,,,,,,,,,,,,,,,,,,,
,UMPS,,,,,,,,,,,,,,,,,,,,,,,,,,,,,,,,,,,,,,,,,,,,,,,,,,,,,,,,,,,,,,,,,,,,,,,,,,,,,,,,,,,,,,,,,,,,,,,,,,
,UMPS,,,,,,,,,,,,,,,,,,,,,,,,,,,,,,,,,,,,,,,,,,,,,,,,,,,,,,,,,,,,,,,,,,,,,,,,,,,,,,,,,,,,,,,,,,,,,,,,,,
,UMPS,,,,,,,,,,,,,,,,,,,,,,,,,,,,,,,,,,,,,,,,,,,,,,,,,,,,,,,,,,,,,,,,,,,,,,,,,,,,,,,,,,,,,,,,,,,,,,,,,,
,UMPS,,,,,,,,,,,,,,,,,,,,,,,,,,,,,,,,,,,,,,,,,,,,,,,,,,,,,,,,,,,,,,,,,,,,,,,,,,,,,,,,,,,,,,,,,,,,,,,,,,
,UMPS,,,,,,,,,,,,,,,,,,,,,,,,,,,,,,,,,,,,,,,,,,,,,,,,,,,,,,,,,,,,,,,,,,,,,,,,,,,,,,,,,,,,,,,,,,,,,,,,,,
,UMPS,,,,,,,,,,,,,,,,,,,,,,,,,,,,,,,,,,,,,,,,,,,,,,,,,,,,,,,,,,,,,,,,,,,,,,,,,,,,,,,,,,,,,,,,,,,,,,,,,,
,UMPS,,,,,,,,,,,,,,,,,,,,,,,,,,,,,,,,,,,,,,,,,,,,,,,,,,,,,,,,,,,,,,,,,,,,,,,,,,,,,,,,,,,,,,,,,,,,,,,,,,
,UMPS,,,,,,,,,,,,,,,,,,,,,,,,,,,,,,,,,,,,,,,,,,,,,,,,,,,,,,,,,,,,,,,,,,,,,,,,,,,,,,,,,,,,,,,,,,,,,,,,,,
,UMPS,,,,,,,,,,,,,,,,,,,,,,,,,,,,,,,,,,,,,,,,,,,,,,,,,,,,,,,,,,,,,,,,,,,,,,,,,,,,,,,,,,,,,,,,,,,,,,,,,,
,UMPS,,,,,,,,,,,,,,,,,,,,,,,,,,,,,,,,,,,,,,,,,,,,,,,,,,,,,,,,,,,,,,,,,,,,,,,,,,,,,,,,,,,,,,,,,,,,,,,,,,
,UMPS,,,,,,,,,,,,,,,,,,,,,,,,,,,,,,,,,,,,,,,,,,,,,,,,,,,,,,,,,,,,,,,,,,,,,,,,,,,,,,,,,,,,,,,,,,,,,,,,,,
,UMPS,,,,,,,,,,,,,,,,,,,,,,,,,,,,,,,,,,,,,,,,,,,,,,,,,,,,,,,,,,,,,,,,,,,,,,,,,,,,,,,,,,,,,,,,,,,,,,,,,,
,UMPS,,,,,,,,,,,,,,,,,,,,,,,,,,,,,,,,,,,,,,,,,,,,,,,,,,,,,,,,,,,,,,,,,,,,,,,,,,,,,,,,,,,,,,,,,,,,,,,,,,
,UMPS,,,,,,,,,,,,,,,,,,,,,,,,,,,,,,,,,,,,,,,,,,,,,,,,,,,,,,,,,,,,,,,,,,,,,,,,,,,,,,,,,,,,,,,,,,,,,,,,,,
,UMPS,,,,,,,,,,,,,,,,,,,,,,,,,,,,,,,,,,,,,,,,,,,,,,,,,,,,,,,,,,,,,,,,,,,,,,,,,,,,,,,,,,,,,,,,,,,,,,,,,,
,UMPS,,,,,,,,,,,,,,,,,,,,,,,,,,,,,,,,,,,,,,,,,,,,,,,,,,,,,,,,,,,,,,,,,,,,,,,,,,,,,,,,,,,,,,,,,,,,,,,,,,
,UMPS,,,,,,,,,,,,,,,,,,,,,,,,,,,,,,,,,,,,,,,,,,,,,,,,,,,,,,,,,,,,,,,,,,,,,,,,,,,,,,,,,,,,,,,,,,,,,,,,,,
,UMPS,,,,,,,,,,,,,,,,,,,,,,,,,,,,,,,,,,,,,,,,,,,,,,,,,,,,,,,,,,,,,,,,,,,,,,,,,,,,,,,,,,,,,,,,,,,,,,,,,,
,UMPS,,,,,,,,,,,,,,,,,,,,,,,,,,,,,,,,,,,,,,,,,,,,,,,,,,,,,,,,,,,,,,,,,,,,,,,,,,,,,,,,,,,,,,,,,,,,,,,,,,
,UMPS,,,,,,,,,,,,,,,,,,,,,,,,,,,,,,,,,,,,,,,,,,,,,,,,,,,,,,,,,,,,,,,,,,,,,,,,,,,,,,,,,,,,,,,,,,,,,,,,,,
,UMPS,,,,,,,,,,,,,,,,,,,,,,,,,,,,,,,,,,,,,,,,,,,,,,,,,,,,,,,,,,,,,,,,,,,,,,,,,,,,,,,,,,,,,,,,,,,,,,,,,,
,UMPS,,,,,,,,,,,,,,,,,,,,,,,,,,,,,,,,,,,,,,,,,,,,,,,,,,,,,,,,,,,,,,,,,,,,,,,,,,,,,,,,,,,,,,,,,,,,,,,,,,
,UMPS,,,,,,,,,,,,,,,,,,,,,,,,,,,,,,,,,,,,,,,,,,,,,,,,,,,,,,,,,,,,,,,,,,,,,,,,,,,,,,,,,,,,,,,,,,,,,,,,,,
,UMPS,,,,,,,,,,,,,,,,,,,,,,,,,,,,,,,,,,,,,,,,,,,,,,,,,,,,,,,,,,,,,,,,,,,,,,,,,,,,,,,,,,,,,,,,,,,,,,,,,,
,UMPS,,,,,,,,,,,,,,,,,,,,,,,,,,,,,,,,,,,,,,,,,,,,,,,,,,,,,,,,,,,,,,,,,,,,,,,,,,,,,,,,,,,,,,,,,,,,,,,,,,
,UMPS,,,,,,,,,,,,,,,,,,,,,,,,,,,,,,,,,,,,,,,,,,,,,,,,,,,,,,,,,,,,,,,,,,,,,,,,,,,,,,,,,,,,,,,,,,,,,,,,,,
,UMPS,,,,,,,,,,,,,,,,,,,,,,,,,,,,,,,,,,,,,,,,,,,,,,,,,,,,,,,,,,,,,,,,,,,,,,,,,,,,,,,,,,,,,,,,,,,,,,,,,,
,UMPS,,,,,,,,,,,,,,,,,,,,,,,,,,,,,,,,,,,,,,,,,,,,,,,,,,,,,,,,,,,,,,,,,,,,,,,,,,,,,,,,,,,,,,,,,,,,,,,,,,
,UMPS,,,,,,,,,,,,,,,,,,,,,,,,,,,,,,,,,,,,,,,,,,,,,,,,,,,,,,,,,,,,,,,,,,,,,,,,,,,,,,,,,,,,,,,,,,,,,,,,,,
,UMPS,,,,,,,,,,,,,,,,,,,,,,,,,,,,,,,,,,,,,,,,,,,,,,,,,,,,,,,,,,,,,,,,,,,,,,,,,,,,,,,,,,,,,,,,,,,,,,,,,,
,UMPS,,,,,,,,,,,,,,,,,,,,,,,,,,,,,,,,,,,,,,,,,,,,,,,,,,,,,,,,,,,,,,,,,,,,,,,,,,,,,,,,,,,,,,,,,,,,,,,,,,
,UMPS,,,,,,,,,,,,,,,,,,,,,,,,,,,,,,,,,,,,,,,,,,,,,,,,,,,,,,,,,,,,,,,,,,,,,,,,,,,,,,,,,,,,,,,,,,,,,,,,,,
,UMPS,,,,,,,,,,,,,,,,,,,,,,,,,,,,,,,,,,,,,,,,,,,,,,,,,,,,,,,,,,,,,,,,,,,,,,,,,,,,,,,,,,,,,,,,,,,,,,,,,,
,UMPS,,,,,,,,,,,,,,,,,,,,,,,,,,,,,,,,,,,,,,,,,,,,,,,,,,,,,,,,,,,,,,,,,,,,,,,,,,,,,,,,,,,,,,,,,,,,,,,,,,
,UMPS,,,,,,,,,,,,,,,,,,,,,,,,,,,,,,,,,,,,,,,,,,,,,,,,,,,,,,,,,,,,,,,,,,,,,,,,,,,,,,,,,,,,,,,,,,,,,,,,,,
,UMPS,,,,,,,,,,,,,,,,,,,,,,,,,,,,,,,,,,,,,,,,,,,,,,,,,,,,,,,,,,,,,,,,,,,,,,,,,,,,,,,,,,,,,,,,,,,,,,,,,,
,UMPS,,,,,,,,,,,,,,,,,,,,,,,,,,,,,,,,,,,,,,,,,,,,,,,,,,,,,,,,,,,,,,,,,,,,,,,,,,,,,,,,,,,,,,,,,,,,,,,,,,
,UMPS,,,,,,,,,,,,,,,,,,,,,,,,,,,,,,,,,,,,,,,,,,,,,,,,,,,,,,,,,,,,,,,,,,,,,,,,,,,,,,,,,,,,,,,,,,,,,,,,,,
,UMPS,,,,,,,,,,,,,,,,,,,,,,,,,,,,,,,,,,,,,,,,,,,,,,,,,,,,,,,,,,,,,,,,,,,,,,,,,,,,,,,,,,,,,,,,,,,,,,,,,,
,UMPS,,,,,,,,,,,,,,,,,,,,,,,,,,,,,,,,,,,,,,,,,,,,,,,,,,,,,,,,,,,,,,,,,,,,,,,,,,,,,,,,,,,,,,,,,,,,,,,,,,
,UMPS,,,,,,,,,,,,,,,,,,,,,,,,,,,,,,,,,,,,,,,,,,,,,,,,,,,,,,,,,,,,,,,,,,,,,,,,,,,,,,,,,,,,,,,,,,,,,,,,,,
,UMPS,,,,,,,,,,,,,,,,,,,,,,,,,,,,,,,,,,,,,,,,,,,,,,,,,,,,,,,,,,,,,,,,,,,,,,,,,,,,,,,,,,,,,,,,,,,,,,,,,,
,UMPS,,,,,,,,,,,,,,,,,,,,,,,,,,,,,,,,,,,,,,,,,,,,,,,,,,,,,,,,,,,,,,,,,,,,,,,,,,,,,,,,,,,,,,,,,,,,,,,,,,
,UMPS,,,,,,,,,,,,,,,,,,,,,,,,,,,,,,,,,,,,,,,,,,,,,,,,,,,,,,,,,,,,,,,,,,,,,,,,,,,,,,,,,,,,,,,,,,,,,,,,,,
,UMPS,,,,,,,,,,,,,,,,,,,,,,,,,,,,,,,,,,,,,,,,,,,,,,,,,,,,,,,,,,,,,,,,,,,,,,,,,,,,,,,,,,,,,,,,,,,,,,,,,,
,UMPS,,,,,,,,,,,,,,,,,,,,,,,,,,,,,,,,,,,,,,,,,,,,,,,,,,,,,,,,,,,,,,,,,,,,,,,,,,,,,,,,,,,,,,,,,,,,,,,,,,
,UMPS,,,,,,,,,,,,,,,,,,,,,,,,,,,,,,,,,,,,,,,,,,,,,,,,,,,,,,,,,,,,,,,,,,,,,,,,,,,,,,,,,,,,,,,,,,,,,,,,,,
,UMPS,,,,,,,,,,,,,,,,,,,,,,,,,,,,,,,,,,,,,,,,,,,,,,,,,,,,,,,,,,,,,,,,,,,,,,,,,,,,,,,,,,,,,,,,,,,,,,,,,,
,UMPS,,,,,,,,,,,,,,,,,,,,,,,,,,,,,,,,,,,,,,,,,,,,,,,,,,,,,,,,,,,,,,,,,,,,,,,,,,,,,,,,,,,,,,,,,,,,,,,,,,
,UMPS,,,,,,,,,,,,,,,,,,,,,,,,,,,,,,,,,,,,,,,,,,,,,,,,,,,,,,,,,,,,,,,,,,,,,,,,,,,,,,,,,,,,,,,,,,,,,,,,,,
,UMPS,,,,,,,,,,,,,,,,,,,,,,,,,,,,,,,,,,,,,,,,,,,,,,,,,,,,,,,,,,,,,,,,,,,,,,,,,,,,,,,,,,,,,,,,,,,,,,,,,,
,UMPS,,,,,,,,,,,,,,,,,,,,,,,,,,,,,,,,,,,,,,,,,,,,,,,,,,,,,,,,,,,,,,,,,,,,,,,,,,,,,,,,,,,,,,,,,,,,,,,,,,
,UMPS,,,,,,,,,,,,,,,,,,,,,,,,,,,,,,,,,,,,,,,,,,,,,,,,,,,,,,,,,,,,,,,,,,,,,,,,,,,,,,,,,,,,,,,,,,,,,,,,,,
,UMPS,,,,,,,,,,,,,,,,,,,,,,,,,,,,,,,,,,,,,,,,,,,,,,,,,,,,,,,,,,,,,,,,,,,,,,,,,,,,,,,,,,,,,,,,,,,,,,,,,,
,UMPS,,,,,,,,,,,,,,,,,,,,,,,,,,,,,,,,,,,,,,,,,,,,,,,,,,,,,,,,,,,,,,,,,,,,,,,,,,,,,,,,,,,,,,,,,,,,,,,,,,
,UMPS,,,,,,,,,,,,,,,,,,,,,,,,,,,,,,,,,,,,,,,,,,,,,,,,,,,,,,,,,,,,,,,,,,,,,,,,,,,,,,,,,,,,,,,,,,,,,,,,,,
,UMPS,,,,,,,,,,,,,,,,,,,,,,,,,,,,,,,,,,,,,,,,,,,,,,,,,,,,,,,,,,,,,,,,,,,,,,,,,,,,,,,,,,,,,,,,,,,,,,,,,,
,UMPS,,,,,,,,,,,,,,,,,,,,,,,,,,,,,,,,,,,,,,,,,,,,,,,,,,,,,,,,,,,,,,,,,,,,,,,,,,,,,,,,,,,,,,,,,,,,,,,,,,
,UMPS,,,,,,,,,,,,,,,,,,,,,,,,,,,,,,,,,,,,,,,,,,,,,,,,,,,,,,,,,,,,,,,,,,,,,,,,,,,,,,,,,,,,,,,,,,,,,,,,,,
,UMPS,,,,,,,,,,,,,,,,,,,,,,,,,,,,,,,,,,,,,,,,,,,,,,,,,,,,,,,,,,,,,,,,,,,,,,,,,,,,,,,,,,,,,,,,,,,,,,,,,,
,UMPS,,,,,,,,,,,,,,,,,,,,,,,,,,,,,,,,,,,,,,,,,,,,,,,,,,,,,,,,,,,,,,,,,,,,,,,,,,,,,,,,,,,,,,,,,,,,,,,,,,
,UMPS,,,,,,,,,,,,,,,,,,,,,,,,,,,,,,,,,,,,,,,,,,,,,,,,,,,,,,,,,,,,,,,,,,,,,,,,,,,,,,,,,,,,,,,,,,,,,,,,,,
,UMPS,,,,,,,,,,,,,,,,,,,,,,,,,,,,,,,,,,,,,,,,,,,,,,,,,,,,,,,,,,,,,,,,,,,,,,,,,,,,,,,,,,,,,,,,,,,,,,,,,,
,UMPS,,,,,,,,,,,,,,,,,,,,,,,,,,,,,,,,,,,,,,,,,,,,,,,,,,,,,,,,,,,,,,,,,,,,,,,,,,,,,,,,,,,,,,,,,,,,,,,,,,
,UMPS,,,,,,,,,,,,,,,,,,,,,,,,,,,,,,,,,,,,,,,,,,,,,,,,,,,,,,,,,,,,,,,,,,,,,,,,,,,,,,,,,,,,,,,,,,,,,,,,,,
,UMPS,,,,,,,,,,,,,,,,,,,,,,,,,,,,,,,,,,,,,,,,,,,,,,,,,,,,,,,,,,,,,,,,,,,,,,,,,,,,,,,,,,,,,,,,,,,,,,,,,,
,UMPS,,,,,,,,,,,,,,,,,,,,,,,,,,,,,,,,,,,,,,,,,,,,,,,,,,,,,,,,,,,,,,,,,,,,,,,,,,,,,,,,,,,,,,,,,,,,,,,,,,
,UMPS,,,,,,,,,,,,,,,,,,,,,,,,,,,,,,,,,,,,,,,,,,,,,,,,,,,,,,,,,,,,,,,,,,,,,,,,,,,,,,,,,,,,,,,,,,,,,,,,,,
,UMPS,,,,,,,,,,,,,,,,,,,,,,,,,,,,,,,,,,,,,,,,,,,,,,,,,,,,,,,,,,,,,,,,,,,,,,,,,,,,,,,,,,,,,,,,,,,,,,,,,,
,UMPS,,,,,,,,,,,,,,,,,,,,,,,,,,,,,,,,,,,,,,,,,,,,,,,,,,,,,,,,,,,,,,,,,,,,,,,,,,,,,,,,,,,,,,,,,,,,,,,,,,
,UMPS,,,,,,,,,,,,,,,,,,,,,,,,,,,,,,,,,,,,,,,,,,,,,,,,,,,,,,,,,,,,,,,,,,,,,,,,,,,,,,,,,,,,,,,,,,,,,,,,,,
,UMPS,,,,,,,,,,,,,,,,,,,,,,,,,,,,,,,,,,,,,,,,,,,,,,,,,,,,,,,,,,,,,,,,,,,,,,,,,,,,,,,,,,,,,,,,,,,,,,,,,,
,UMPS,,,,,,,,,,,,,,,,,,,,,,,,,,,,,,,,,,,,,,,,,,,,,,,,,,,,,,,,,,,,,,,,,,,,,,,,,,,,,,,,,,,,,,,,,,,,,,,,,,
,UMPS,,,,,,,,,,,,,,,,,,,,,,,,,,,,,,,,,,,,,,,,,,,,,,,,,,,,,,,,,,,,,,,,,,,,,,,,,,,,,,,,,,,,,,,,,,,,,,,,,,
,UMPS,,,,,,,,,,,,,,,,,,,,,,,,,,,,,,,,,,,,,,,,,,,,,,,,,,,,,,,,,,,,,,,,,,,,,,,,,,,,,,,,,,,,,,,,,,,,,,,,,,
,UMPS,,,,,,,,,,,,,,,,,,,,,,,,,,,,,,,,,,,,,,,,,,,,,,,,,,,,,,,,,,,,,,,,,,,,,,,,,,,,,,,,,,,,,,,,,,,,,,,,,,
,UMPS,,,,,,,,,,,,,,,,,,,,,,,,,,,,,,,,,,,,,,,,,,,,,,,,,,,,,,,,,,,,,,,,,,,,,,,,,,,,,,,,,,,,,,,,,,,,,,,,,,
,UMPS,,,,,,,,,,,,,,,,,,,,,,,,,,,,,,,,,,,,,,,,,,,,,,,,,,,,,,,,,,,,,,,,,,,,,,,,,,,,,,,,,,,,,,,,,,,,,,,,,,
,UMPS,,,,,,,,,,,,,,,,,,,,,,,,,,,,,,,,,,,,,,,,,,,,,,,,,,,,,,,,,,,,,,,,,,,,,,,,,,,,,,,,,,,,,,,,,,,,,,,,,,
,UMPS,,,,,,,,,,,,,,,,,,,,,,,,,,,,,,,,,,,,,,,,,,,,,,,,,,,,,,,,,,,,,,,,,,,,,,,,,,,,,,,,,,,,,,,,,,,,,,,,,,
,UMPS,,,,,,,,,,,,,,,,,,,,,,,,,,,,,,,,,,,,,,,,,,,,,,,,,,,,,,,,,,,,,,,,,,,,,,,,,,,,,,,,,,,,,,,,,,,,,,,,,,
,UMPS,,,,,,,,,,,,,,,,,,,,,,,,,,,,,,,,,,,,,,,,,,,,,,,,,,,,,,,,,,,,,,,,,,,,,,,,,,,,,,,,,,,,,,,,,,,,,,,,,,
,UMPS,,,,,,,,,,,,,,,,,,,,,,,,,,,,,,,,,,,,,,,,,,,,,,,,,,,,,,,,,,,,,,,,,,,,,,,,,,,,,,,,,,,,,,,,,,,,,,,,,,
,UMPS,,,,,,,,,,,,,,,,,,,,,,,,,,,,,,,,,,,,,,,,,,,,,,,,,,,,,,,,,,,,,,,,,,,,,,,,,,,,,,,,,,,,,,,,,,,,,,,,,,
,UMPS,,,,,,,,,,,,,,,,,,,,,,,,,,,,,,,,,,,,,,,,,,,,,,,,,,,,,,,,,,,,,,,,,,,,,,,,,,,,,,,,,,,,,,,,,,,,,,,,,,
,UMPS,,,,,,,,,,,,,,,,,,,,,,,,,,,,,,,,,,,,,,,,,,,,,,,,,,,,,,,,,,,,,,,,,,,,,,,,,,,,,,,,,,,,,,,,,,,,,,,,,,
,UMPS,,,,,,,,,,,,,,,,,,,,,,,,,,,,,,,,,,,,,,,,,,,,,,,,,,,,,,,,,,,,,,,,,,,,,,,,,,,,,,,,,,,,,,,,,,,,,,,,,,
,UMPS,,,,,,,,,,,,,,,,,,,,,,,,,,,,,,,,,,,,,,,,,,,,,,,,,,,,,,,,,,,,,,,,,,,,,,,,,,,,,,,,,,,,,,,,,,,,,,,,,,
,UMPS,,,,,,,,,,,,,,,,,,,,,,,,,,,,,,,,,,,,,,,,,,,,,,,,,,,,,,,,,,,,,,,,,,,,,,,,,,,,,,,,,,,,,,,,,,,,,,,,,,
,UMPS,,,,,,,,,,,,,,,,,,,,,,,,,,,,,,,,,,,,,,,,,,,,,,,,,,,,,,,,,,,,,,,,,,,,,,,,,,,,,,,,,,,,,,,,,,,,,,,,,,
,UMPS,,,,,,,,,,,,,,,,,,,,,,,,,,,,,,,,,,,,,,,,,,,,,,,,,,,,,,,,,,,,,,,,,,,,,,,,,,,,,,,,,,,,,,,,,,,,,,,,,,
,UMPS,,,,,,,,,,,,,,,,,,,,,,,,,,,,,,,,,,,,,,,,,,,,,,,,,,,,,,,,,,,,,,,,,,,,,,,,,,,,,,,,,,,,,,,,,,,,,,,,,,
,UMPS,,,,,,,,,,,,,,,,,,,,,,,,,,,,,,,,,,,,,,,,,,,,,,,,,,,,,,,,,,,,,,,,,,,,,,,,,,,,,,,,,,,,,,,,,,,,,,,,,,
,UMPS,,,,,,,,,,,,,,,,,,,,,,,,,,,,,,,,,,,,,,,,,,,,,,,,,,,,,,,,,,,,,,,,,,,,,,,,,,,,,,,,,,,,,,,,,,,,,,,,,,
,UMPS,,,,,,,,,,,,,,,,,,,,,,,,,,,,,,,,,,,,,,,,,,,,,,,,,,,,,,,,,,,,,,,,,,,,,,,,,,,,,,,,,,,,,,,,,,,,,,,,,,
,UMPS,,,,,,,,,,,,,,,,,,,,,,,,,,,,,,,,,,,,,,,,,,,,,,,,,,,,,,,,,,,,,,,,,,,,,,,,,,,,,,,,,,,,,,,,,,,,,,,,,,
,UMPS,,,,,,,,,,,,,,,,,,,,,,,,,,,,,,,,,,,,,,,,,,,,,,,,,,,,,,,,,,,,,,,,,,,,,,,,,,,,,,,,,,,,,,,,,,,,,,,,,,
,UMPS,,,,,,,,,,,,,,,,,,,,,,,,,,,,,,,,,,,,,,,,,,,,,,,,,,,,,,,,,,,,,,,,,,,,,,,,,,,,,,,,,,,,,,,,,,,,,,,,,,
,UMPS,,,,,,,,,,,,,,,,,,,,,,,,,,,,,,,,,,,,,,,,,,,,,,,,,,,,,,,,,,,,,,,,,,,,,,,,,,,,,,,,,,,,,,,,,,,,,,,,,,
,UMPS,,,,,,,,,,,,,,,,,,,,,,,,,,,,,,,,,,,,,,,,,,,,,,,,,,,,,,,,,,,,,,,,,,,,,,,,,,,,,,,,,,,,,,,,,,,,,,,,,,
,UMPS,,,,,,,,,,,,,,,,,,,,,,,,,,,,,,,,,,,,,,,,,,,,,,,,,,,,,,,,,,,,,,,,,,,,,,,,,,,,,,,,,,,,,,,,,,,,,,,,,,
,UMPS,,,,,,,,,,,,,,,,,,,,,,,,,,,,,,,,,,,,,,,,,,,,,,,,,,,,,,,,,,,,,,,,,,,,,,,,,,,,,,,,,,,,,,,,,,,,,,,,,,
,UMPS,,,,,,,,,,,,,,,,,,,,,,,,,,,,,,,,,,,,,,,,,,,,,,,,,,,,,,,,,,,,,,,,,,,,,,,,,,,,,,,,,,,,,,,,,,,,,,,,,,
,UMPS,,,,,,,,,,,,,,,,,,,,,,,,,,,,,,,,,,,,,,,,,,,,,,,,,,,,,,,,,,,,,,,,,,,,,,,,,,,,,,,,,,,,,,,,,,,,,,,,,,
,UMPS,,,,,,,,,,,,,,,,,,,,,,,,,,,,,,,,,,,,,,,,,,,,,,,,,,,,,,,,,,,,,,,,,,,,,,,,,,,,,,,,,,,,,,,,,,,,,,,,,,
,UMPS,,,,,,,,,,,,,,,,,,,,,,,,,,,,,,,,,,,,,,,,,,,,,,,,,,,,,,,,,,,,,,,,,,,,,,,,,,,,,,,,,,,,,,,,,,,,,,,,,,
,UMPS,,,,,,,,,,,,,,,,,,,,,,,,,,,,,,,,,,,,,,,,,,,,,,,,,,,,,,,,,,,,,,,,,,,,,,,,,,,,,,,,,,,,,,,,,,,,,,,,,,
,UMPS,,,,,,,,,,,,,,,,,,,,,,,,,,,,,,,,,,,,,,,,,,,,,,,,,,,,,,,,,,,,,,,,,,,,,,,,,,,,,,,,,,,,,,,,,,,,,,,,,,
,UMPS,,,,,,,,,,,,,,,,,,,,,,,,,,,,,,,,,,,,,,,,,,,,,,,,,,,,,,,,,,,,,,,,,,,,,,,,,,,,,,,,,,,,,,,,,,,,,,,,,,
,UMPS,,,,,,,,,,,,,,,,,,,,,,,,,,,,,,,,,,,,,,,,,,,,,,,,,,,,,,,,,,,,,,,,,,,,,,,,,,,,,,,,,,,,,,,,,,,,,,,,,,
,UMPS,,,,,,,,,,,,,,,,,,,,,,,,,,,,,,,,,,,,,,,,,,,,,,,,,,,,,,,,,,,,,,,,,,,,,,,,,,,,,,,,,,,,,,,,,,,,,,,,,,
,UMPS,,,,,,,,,,,,,,,,,,,,,,,,,,,,,,,,,,,,,,,,,,,,,,,,,,,,,,,,,,,,,,,,,,,,,,,,,,,,,,,,,,,,,,,,,,,,,,,,,,
,UMPS,,,,,,,,,,,,,,,,,,,,,,,,,,,,,,,,,,,,,,,,,,,,,,,,,,,,,,,,,,,,,,,,,,,,,,,,,,,,,,,,,,,,,,,,,,,,,,,,,,
,UMPS,,,,,,,,,,,,,,,,,,,,,,,,,,,,,,,,,,,,,,,,,,,,,,,,,,,,,,,,,,,,,,,,,,,,,,,,,,,,,,,,,,,,,,,,,,,,,,,,,,
,UMPS,,,,,,,,,,,,,,,,,,,,,,,,,,,,,,,,,,,,,,,,,,,,,,,,,,,,,,,,,,,,,,,,,,,,,,,,,,,,,,,,,,,,,,,,,,,,,,,,,,
,UMPS,,,,,,,,,,,,,,,,,,,,,,,,,,,,,,,,,,,,,,,,,,,,,,,,,,,,,,,,,,,,,,,,,,,,,,,,,,,,,,,,,,,,,,,,,,,,,,,,,,
,UMPS,,,,,,,,,,,,,,,,,,,,,,,,,,,,,,,,,,,,,,,,,,,,,,,,,,,,,,,,,,,,,,,,,,,,,,,,,,,,,,,,,,,,,,,,,,,,,,,,,,
,UMPS,,,,,,,,,,,,,,,,,,,,,,,,,,,,,,,,,,,,,,,,,,,,,,,,,,,,,,,,,,,,,,,,,,,,,,,,,,,,,,,,,,,,,,,,,,,,,,,,,,
,UMPS,,,,,,,,,,,,,,,,,,,,,,,,,,,,,,,,,,,,,,,,,,,,,,,,,,,,,,,,,,,,,,,,,,,,,,,,,,,,,,,,,,,,,,,,,,,,,,,,,,
,UMPS,,,,,,,,,,,,,,,,,,,,,,,,,,,,,,,,,,,,,,,,,,,,,,,,,,,,,,,,,,,,,,,,,,,,,,,,,,,,,,,,,,,,,,,,,,,,,,,,,,
,UMPS,,,,,,,,,,,,,,,,,,,,,,,,,,,,,,,,,,,,,,,,,,,,,,,,,,,,,,,,,,,,,,,,,,,,,,,,,,,,,,,,,,,,,,,,,,,,,,,,,,
,UMPS,,,,,,,,,,,,,,,,,,,,,,,,,,,,,,,,,,,,,,,,,,,,,,,,,,,,,,,,,,,,,,,,,,,,,,,,,,,,,,,,,,,,,,,,,,,,,,,,,,
,UMPS,,,,,,,,,,,,,,,,,,,,,,,,,,,,,,,,,,,,,,,,,,,,,,,,,,,,,,,,,,,,,,,,,,,,,,,,,,,,,,,,,,,,,,,,,,,,,,,,,,
,UMPS,,,,,,,,,,,,,,,,,,,,,,,,,,,,,,,,,,,,,,,,,,,,,,,,,,,,,,,,,,,,,,,,,,,,,,,,,,,,,,,,,,,,,,,,,,,,,,,,,,
,UMPS,,,,,,,,,,,,,,,,,,,,,,,,,,,,,,,,,,,,,,,,,,,,,,,,,,,,,,,,,,,,,,,,,,,,,,,,,,,,,,,,,,,,,,,,,,,,,,,,,,
,UMPS,,,,,,,,,,,,,,,,,,,,,,,,,,,,,,,,,,,,,,,,,,,,,,,,,,,,,,,,,,,,,,,,,,,,,,,,,,,,,,,,,,,,,,,,,,,,,,,,,,
,UMPS,,,,,,,,,,,,,,,,,,,,,,,,,,,,,,,,,,,,,,,,,,,,,,,,,,,,,,,,,,,,,,,,,,,,,,,,,,,,,,,,,,,,,,,,,,,,,,,,,,
,UMPS,,,,,,,,,,,,,,,,,,,,,,,,,,,,,,,,,,,,,,,,,,,,,,,,,,,,,,,,,,,,,,,,,,,,,,,,,,,,,,,,,,,,,,,,,,,,,,,,,,
,UMPS,,,,,,,,,,,,,,,,,,,,,,,,,,,,,,,,,,,,,,,,,,,,,,,,,,,,,,,,,,,,,,,,,,,,,,,,,,,,,,,,,,,,,,,,,,,,,,,,,,
,UMPS,,,,,,,,,,,,,,,,,,,,,,,,,,,,,,,,,,,,,,,,,,,,,,,,,,,,,,,,,,,,,,,,,,,,,,,,,,,,,,,,,,,,,,,,,,,,,,,,,,
,UMPS,,,,,,,,,,,,,,,,,,,,,,,,,,,,,,,,,,,,,,,,,,,,,,,,,,,,,,,,,,,,,,,,,,,,,,,,,,,,,,,,,,,,,,,,,,,,,,,,,,
,UMPS,,,,,,,,,,,,,,,,,,,,,,,,,,,,,,,,,,,,,,,,,,,,,,,,,,,,,,,,,,,,,,,,,,,,,,,,,,,,,,,,,,,,,,,,,,,,,,,,,,
,UMPS,,,,,,,,,,,,,,,,,,,,,,,,,,,,,,,,,,,,,,,,,,,,,,,,,,,,,,,,,,,,,,,,,,,,,,,,,,,,,,,,,,,,,,,,,,,,,,,,,,
,UMPS,,,,,,,,,,,,,,,,,,,,,,,,,,,,,,,,,,,,,,,,,,,,,,,,,,,,,,,,,,,,,,,,,,,,,,,,,,,,,,,,,,,,,,,,,,,,,,,,,,
,UMPS,,,,,,,,,,,,,,,,,,,,,,,,,,,,,,,,,,,,,,,,,,,,,,,,,,,,,,,,,,,,,,,,,,,,,,,,,,,,,,,,,,,,,,,,,,,,,,,,,,
,UMPS,,,,,,,,,,,,,,,,,,,,,,,,,,,,,,,,,,,,,,,,,,,,,,,,,,,,,,,,,,,,,,,,,,,,,,,,,,,,,,,,,,,,,,,,,,,,,,,,,,
,UMPS,,,,,,,,,,,,,,,,,,,,,,,,,,,,,,,,,,,,,,,,,,,,,,,,,,,,,,,,,,,,,,,,,,,,,,,,,,,,,,,,,,,,,,,,,,,,,,,,,,
,UMPS,,,,,,,,,,,,,,,,,,,,,,,,,,,,,,,,,,,,,,,,,,,,,,,,,,,,,,,,,,,,,,,,,,,,,,,,,,,,,,,,,,,,,,,,,,,,,,,,,,
,UMPS,,,,,,,,,,,,,,,,,,,,,,,,,,,,,,,,,,,,,,,,,,,,,,,,,,,,,,,,,,,,,,,,,,,,,,,,,,,,,,,,,,,,,,,,,,,,,,,,,,
,UMPS,,,,,,,,,,,,,,,,,,,,,,,,,,,,,,,,,,,,,,,,,,,,,,,,,,,,,,,,,,,,,,,,,,,,,,,,,,,,,,,,,,,,,,,,,,,,,,,,,,
,UMPS,,,,,,,,,,,,,,,,,,,,,,,,,,,,,,,,,,,,,,,,,,,,,,,,,,,,,,,,,,,,,,,,,,,,,,,,,,,,,,,,,,,,,,,,,,,,,,,,,,
,UMPS,,,,,,,,,,,,,,,,,,,,,,,,,,,,,,,,,,,,,,,,,,,,,,,,,,,,,,,,,,,,,,,,,,,,,,,,,,,,,,,,,,,,,,,,,,,,,,,,,,
,UMPS,,,,,,,,,,,,,,,,,,,,,,,,,,,,,,,,,,,,,,,,,,,,,,,,,,,,,,,,,,,,,,,,,,,,,,,,,,,,,,,,,,,,,,,,,,,,,,,,,,
,UMPS,,,,,,,,,,,,,,,,,,,,,,,,,,,,,,,,,,,,,,,,,,,,,,,,,,,,,,,,,,,,,,,,,,,,,,,,,,,,,,,,,,,,,,,,,,,,,,,,,,
,UMPS,,,,,,,,,,,,,,,,,,,,,,,,,,,,,,,,,,,,,,,,,,,,,,,,,,,,,,,,,,,,,,,,,,,,,,,,,,,,,,,,,,,,,,,,,,,,,,,,,,
,UMPS,,,,,,,,,,,,,,,,,,,,,,,,,,,,,,,,,,,,,,,,,,,,,,,,,,,,,,,,,,,,,,,,,,,,,,,,,,,,,,,,,,,,,,,,,,,,,,,,,,
,UMPS,,,,,,,,,,,,,,,,,,,,,,,,,,,,,,,,,,,,,,,,,,,,,,,,,,,,,,,,,,,,,,,,,,,,,,,,,,,,,,,,,,,,,,,,,,,,,,,,,,
,UMPS,,,,,,,,,,,,,,,,,,,,,,,,,,,,,,,,,,,,,,,,,,,,,,,,,,,,,,,,,,,,,,,,,,,,,,,,,,,,,,,,,,,,,,,,,,,,,,,,,,
,UMPS,,,,,,,,,,,,,,,,,,,,,,,,,,,,,,,,,,,,,,,,,,,,,,,,,,,,,,,,,,,,,,,,,,,,,,,,,,,,,,,,,,,,,,,,,,,,,,,,,,
,UMPS,,,,,,,,,,,,,,,,,,,,,,,,,,,,,,,,,,,,,,,,,,,,,,,,,,,,,,,,,,,,,,,,,,,,,,,,,,,,,,,,,,,,,,,,,,,,,,,,,,
,UMPS,,,,,,,,,,,,,,,,,,,,,,,,,,,,,,,,,,,,,,,,,,,,,,,,,,,,,,,,,,,,,,,,,,,,,,,,,,,,,,,,,,,,,,,,,,,,,,,,,,
,UMPS,,,,,,,,,,,,,,,,,,,,,,,,,,,,,,,,,,,,,,,,,,,,,,,,,,,,,,,,,,,,,,,,,,,,,,,,,,,,,,,,,,,,,,,,,,,,,,,,,,
,UMPS,,,,,,,,,,,,,,,,,,,,,,,,,,,,,,,,,,,,,,,,,,,,,,,,,,,,,,,,,,,,,,,,,,,,,,,,,,,,,,,,,,,,,,,,,,,,,,,,,,
,UMPS,,,,,,,,,,,,,,,,,,,,,,,,,,,,,,,,,,,,,,,,,,,,,,,,,,,,,,,,,,,,,,,,,,,,,,,,,,,,,,,,,,,,,,,,,,,,,,,,,,
,UMPS,,,,,,,,,,,,,,,,,,,,,,,,,,,,,,,,,,,,,,,,,,,,,,,,,,,,,,,,,,,,,,,,,,,,,,,,,,,,,,,,,,,,,,,,,,,,,,,,,,
,UMPS,,,,,,,,,,,,,,,,,,,,,,,,,,,,,,,,,,,,,,,,,,,,,,,,,,,,,,,,,,,,,,,,,,,,,,,,,,,,,,,,,,,,,,,,,,,,,,,,,,
,UMPS,,,,,,,,,,,,,,,,,,,,,,,,,,,,,,,,,,,,,,,,,,,,,,,,,,,,,,,,,,,,,,,,,,,,,,,,,,,,,,,,,,,,,,,,,,,,,,,,,,
,UMPS,,,,,,,,,,,,,,,,,,,,,,,,,,,,,,,,,,,,,,,,,,,,,,,,,,,,,,,,,,,,,,,,,,,,,,,,,,,,,,,,,,,,,,,,,,,,,,,,,,
,UMPS,,,,,,,,,,,,,,,,,,,,,,,,,,,,,,,,,,,,,,,,,,,,,,,,,,,,,,,,,,,,,,,,,,,,,,,,,,,,,,,,,,,,,,,,,,,,,,,,,,
,UMPS,,,,,,,,,,,,,,,,,,,,,,,,,,,,,,,,,,,,,,,,,,,,,,,,,,,,,,,,,,,,,,,,,,,,,,,,,,,,,,,,,,,,,,,,,,,,,,,,,,
,UMPS,,,,,,,,,,,,,,,,,,,,,,,,,,,,,,,,,,,,,,,,,,,,,,,,,,,,,,,,,,,,,,,,,,,,,,,,,,,,,,,,,,,,,,,,,,,,,,,,,,
,UMPS,,,,,,,,,,,,,,,,,,,,,,,,,,,,,,,,,,,,,,,,,,,,,,,,,,,,,,,,,,,,,,,,,,,,,,,,,,,,,,,,,,,,,,,,,,,,,,,,,,
,UMPS,,,,,,,,,,,,,,,,,,,,,,,,,,,,,,,,,,,,,,,,,,,,,,,,,,,,,,,,,,,,,,,,,,,,,,,,,,,,,,,,,,,,,,,,,,,,,,,,,,
,UMPS,,,,,,,,,,,,,,,,,,,,,,,,,,,,,,,,,,,,,,,,,,,,,,,,,,,,,,,,,,,,,,,,,,,,,,,,,,,,,,,,,,,,,,,,,,,,,,,,,,
,UMPS,,,,,,,,,,,,,,,,,,,,,,,,,,,,,,,,,,,,,,,,,,,,,,,,,,,,,,,,,,,,,,,,,,,,,,,,,,,,,,,,,,,,,,,,,,,,,,,,,,
,UMPS,,,,,,,,,,,,,,,,,,,,,,,,,,,,,,,,,,,,,,,,,,,,,,,,,,,,,,,,,,,,,,,,,,,,,,,,,,,,,,,,,,,,,,,,,,,,,,,,,,
,UMPS,,,,,,,,,,,,,,,,,,,,,,,,,,,,,,,,,,,,,,,,,,,,,,,,,,,,,,,,,,,,,,,,,,,,,,,,,,,,,,,,,,,,,,,,,,,,,,,,,,
,UMPS,,,,,,,,,,,,,,,,,,,,,,,,,,,,,,,,,,,,,,,,,,,,,,,,,,,,,,,,,,,,,,,,,,,,,,,,,,,,,,,,,,,,,,,,,,,,,,,,,,
,UMPS,,,,,,,,,,,,,,,,,,,,,,,,,,,,,,,,,,,,,,,,,,,,,,,,,,,,,,,,,,,,,,,,,,,,,,,,,,,,,,,,,,,,,,,,,,,,,,,,,,
,UMPS,,,,,,,,,,,,,,,,,,,,,,,,,,,,,,,,,,,,,,,,,,,,,,,,,,,,,,,,,,,,,,,,,,,,,,,,,,,,,,,,,,,,,,,,,,,,,,,,,,
,UMPS,,,,,,,,,,,,,,,,,,,,,,,,,,,,,,,,,,,,,,,,,,,,,,,,,,,,,,,,,,,,,,,,,,,,,,,,,,,,,,,,,,,,,,,,,,,,,,,,,,
,UMPS,,,,,,,,,,,,,,,,,,,,,,,,,,,,,,,,,,,,,,,,,,,,,,,,,,,,,,,,,,,,,,,,,,,,,,,,,,,,,,,,,,,,,,,,,,,,,,,,,,
,UMPS,,,,,,,,,,,,,,,,,,,,,,,,,,,,,,,,,,,,,,,,,,,,,,,,,,,,,,,,,,,,,,,,,,,,,,,,,,,,,,,,,,,,,,,,,,,,,,,,,,
,UMPS,,,,,,,,,,,,,,,,,,,,,,,,,,,,,,,,,,,,,,,,,,,,,,,,,,,,,,,,,,,,,,,,,,,,,,,,,,,,,,,,,,,,,,,,,,,,,,,,,,
,UMPS,,,,,,,,,,,,,,,,,,,,,,,,,,,,,,,,,,,,,,,,,,,,,,,,,,,,,,,,,,,,,,,,,,,,,,,,,,,,,,,,,,,,,,,,,,,,,,,,,,
,UMPS,,,,,,,,,,,,,,,,,,,,,,,,,,,,,,,,,,,,,,,,,,,,,,,,,,,,,,,,,,,,,,,,,,,,,,,,,,,,,,,,,,,,,,,,,,,,,,,,,,
,UMPS,,,,,,,,,,,,,,,,,,,,,,,,,,,,,,,,,,,,,,,,,,,,,,,,,,,,,,,,,,,,,,,,,,,,,,,,,,,,,,,,,,,,,,,,,,,,,,,,,,
,UMPS,,,,,,,,,,,,,,,,,,,,,,,,,,,,,,,,,,,,,,,,,,,,,,,,,,,,,,,,,,,,,,,,,,,,,,,,,,,,,,,,,,,,,,,,,,,,,,,,,,
,UMPS,,,,,,,,,,,,,,,,,,,,,,,,,,,,,,,,,,,,,,,,,,,,,,,,,,,,,,,,,,,,,,,,,,,,,,,,,,,,,,,,,,,,,,,,,,,,,,,,,,
,UMPS,,,,,,,,,,,,,,,,,,,,,,,,,,,,,,,,,,,,,,,,,,,,,,,,,,,,,,,,,,,,,,,,,,,,,,,,,,,,,,,,,,,,,,,,,,,,,,,,,,
,UMPS,,,,,,,,,,,,,,,,,,,,,,,,,,,,,,,,,,,,,,,,,,,,,,,,,,,,,,,,,,,,,,,,,,,,,,,,,,,,,,,,,,,,,,,,,,,,,,,,,,
,UMPS,,,,,,,,,,,,,,,,,,,,,,,,,,,,,,,,,,,,,,,,,,,,,,,,,,,,,,,,,,,,,,,,,,,,,,,,,,,,,,,,,,,,,,,,,,,,,,,,,,
,UMPS,,,,,,,,,,,,,,,,,,,,,,,,,,,,,,,,,,,,,,,,,,,,,,,,,,,,,,,,,,,,,,,,,,,,,,,,,,,,,,,,,,,,,,,,,,,,,,,,,,
,UMPS,,,,,,,,,,,,,,,,,,,,,,,,,,,,,,,,,,,,,,,,,,,,,,,,,,,,,,,,,,,,,,,,,,,,,,,,,,,,,,,,,,,,,,,,,,,,,,,,,,
,UMPS,,,,,,,,,,,,,,,,,,,,,,,,,,,,,,,,,,,,,,,,,,,,,,,,,,,,,,,,,,,,,,,,,,,,,,,,,,,,,,,,,,,,,,,,,,,,,,,,,,
,UMPS,,,,,,,,,,,,,,,,,,,,,,,,,,,,,,,,,,,,,,,,,,,,,,,,,,,,,,,,,,,,,,,,,,,,,,,,,,,,,,,,,,,,,,,,,,,,,,,,,,
,UMPS,,,,,,,,,,,,,,,,,,,,,,,,,,,,,,,,,,,,,,,,,,,,,,,,,,,,,,,,,,,,,,,,,,,,,,,,,,,,,,,,,,,,,,,,,,,,,,,,,,
,UMPS,,,,,,,,,,,,,,,,,,,,,,,,,,,,,,,,,,,,,,,,,,,,,,,,,,,,,,,,,,,,,,,,,,,,,,,,,,,,,,,,,,,,,,,,,,,,,,,,,,
,UMPS,,,,,,,,,,,,,,,,,,,,,,,,,,,,,,,,,,,,,,,,,,,,,,,,,,,,,,,,,,,,,,,,,,,,,,,,,,,,,,,,,,,,,,,,,,,,,,,,,,
,UMPS,,,,,,,,,,,,,,,,,,,,,,,,,,,,,,,,,,,,,,,,,,,,,,,,,,,,,,,,,,,,,,,,,,,,,,,,,,,,,,,,,,,,,,,,,,,,,,,,,,
,UMPS,,,,,,,,,,,,,,,,,,,,,,,,,,,,,,,,,,,,,,,,,,,,,,,,,,,,,,,,,,,,,,,,,,,,,,,,,,,,,,,,,,,,,,,,,,,,,,,,,,
,UMPS,,,,,,,,,,,,,,,,,,,,,,,,,,,,,,,,,,,,,,,,,,,,,,,,,,,,,,,,,,,,,,,,,,,,,,,,,,,,,,,,,,,,,,,,,,,,,,,,,,
,UMPS,,,,,,,,,,,,,,,,,,,,,,,,,,,,,,,,,,,,,,,,,,,,,,,,,,,,,,,,,,,,,,,,,,,,,,,,,,,,,,,,,,,,,,,,,,,,,,,,,,
,UMPS,,,,,,,,,,,,,,,,,,,,,,,,,,,,,,,,,,,,,,,,,,,,,,,,,,,,,,,,,,,,,,,,,,,,,,,,,,,,,,,,,,,,,,,,,,,,,,,,,,
,UMPS,,,,,,,,,,,,,,,,,,,,,,,,,,,,,,,,,,,,,,,,,,,,,,,,,,,,,,,,,,,,,,,,,,,,,,,,,,,,,,,,,,,,,,,,,,,,,,,,,,
,UMPS,,,,,,,,,,,,,,,,,,,,,,,,,,,,,,,,,,,,,,,,,,,,,,,,,,,,,,,,,,,,,,,,,,,,,,,,,,,,,,,,,,,,,,,,,,,,,,,,,,
,UMPS,,,,,,,,,,,,,,,,,,,,,,,,,,,,,,,,,,,,,,,,,,,,,,,,,,,,,,,,,,,,,,,,,,,,,,,,,,,,,,,,,,,,,,,,,,,,,,,,,,
,UMPS,,,,,,,,,,,,,,,,,,,,,,,,,,,,,,,,,,,,,,,,,,,,,,,,,,,,,,,,,,,,,,,,,,,,,,,,,,,,,,,,,,,,,,,,,,,,,,,,,,
,UMPS,,,,,,,,,,,,,,,,,,,,,,,,,,,,,,,,,,,,,,,,,,,,,,,,,,,,,,,,,,,,,,,,,,,,,,,,,,,,,,,,,,,,,,,,,,,,,,,,,,
,UMPS,,,,,,,,,,,,,,,,,,,,,,,,,,,,,,,,,,,,,,,,,,,,,,,,,,,,,,,,,,,,,,,,,,,,,,,,,,,,,,,,,,,,,,,,,,,,,,,,,,
,UMPS,,,,,,,,,,,,,,,,,,,,,,,,,,,,,,,,,,,,,,,,,,,,,,,,,,,,,,,,,,,,,,,,,,,,,,,,,,,,,,,,,,,,,,,,,,,,,,,,,,
,UMPS,,,,,,,,,,,,,,,,,,,,,,,,,,,,,,,,,,,,,,,,,,,,,,,,,,,,,,,,,,,,,,,,,,,,,,,,,,,,,,,,,,,,,,,,,,,,,,,,,,
,UMPS,,,,,,,,,,,,,,,,,,,,,,,,,,,,,,,,,,,,,,,,,,,,,,,,,,,,,,,,,,,,,,,,,,,,,,,,,,,,,,,,,,,,,,,,,,,,,,,,,,
,UMPS,,,,,,,,,,,,,,,,,,,,,,,,,,,,,,,,,,,,,,,,,,,,,,,,,,,,,,,,,,,,,,,,,,,,,,,,,,,,,,,,,,,,,,,,,,,,,,,,,,
,UMPS,,,,,,,,,,,,,,,,,,,,,,,,,,,,,,,,,,,,,,,,,,,,,,,,,,,,,,,,,,,,,,,,,,,,,,,,,,,,,,,,,,,,,,,,,,,,,,,,,,
,UMPS,,,,,,,,,,,,,,,,,,,,,,,,,,,,,,,,,,,,,,,,,,,,,,,,,,,,,,,,,,,,,,,,,,,,,,,,,,,,,,,,,,,,,,,,,,,,,,,,,,
,UMPS,,,,,,,,,,,,,,,,,,,,,,,,,,,,,,,,,,,,,,,,,,,,,,,,,,,,,,,,,,,,,,,,,,,,,,,,,,,,,,,,,,,,,,,,,,,,,,,,,,
,UMPS,,,,,,,,,,,,,,,,,,,,,,,,,,,,,,,,,,,,,,,,,,,,,,,,,,,,,,,,,,,,,,,,,,,,,,,,,,,,,,,,,,,,,,,,,,,,,,,,,,
,UMPS,,,,,,,,,,,,,,,,,,,,,,,,,,,,,,,,,,,,,,,,,,,,,,,,,,,,,,,,,,,,,,,,,,,,,,,,,,,,,,,,,,,,,,,,,,,,,,,,,,
,UMPS,,,,,,,,,,,,,,,,,,,,,,,,,,,,,,,,,,,,,,,,,,,,,,,,,,,,,,,,,,,,,,,,,,,,,,,,,,,,,,,,,,,,,,,,,,,,,,,,,,
,UMPS,,,,,,,,,,,,,,,,,,,,,,,,,,,,,,,,,,,,,,,,,,,,,,,,,,,,,,,,,,,,,,,,,,,,,,,,,,,,,,,,,,,,,,,,,,,,,,,,,,
,UMPS,,,,,,,,,,,,,,,,,,,,,,,,,,,,,,,,,,,,,,,,,,,,,,,,,,,,,,,,,,,,,,,,,,,,,,,,,,,,,,,,,,,,,,,,,,,,,,,,,,
,UMPS,,,,,,,,,,,,,,,,,,,,,,,,,,,,,,,,,,,,,,,,,,,,,,,,,,,,,,,,,,,,,,,,,,,,,,,,,,,,,,,,,,,,,,,,,,,,,,,,,,
,UMPS,,,,,,,,,,,,,,,,,,,,,,,,,,,,,,,,,,,,,,,,,,,,,,,,,,,,,,,,,,,,,,,,,,,,,,,,,,,,,,,,,,,,,,,,,,,,,,,,,,
,UMPS,,,,,,,,,,,,,,,,,,,,,,,,,,,,,,,,,,,,,,,,,,,,,,,,,,,,,,,,,,,,,,,,,,,,,,,,,,,,,,,,,,,,,,,,,,,,,,,,,,
,UMPS,,,,,,,,,,,,,,,,,,,,,,,,,,,,,,,,,,,,,,,,,,,,,,,,,,,,,,,,,,,,,,,,,,,,,,,,,,,,,,,,,,,,,,,,,,,,,,,,,,
,UMPS,,,,,,,,,,,,,,,,,,,,,,,,,,,,,,,,,,,,,,,,,,,,,,,,,,,,,,,,,,,,,,,,,,,,,,,,,,,,,,,,,,,,,,,,,,,,,,,,,,
,UMPS,,,,,,,,,,,,,,,,,,,,,,,,,,,,,,,,,,,,,,,,,,,,,,,,,,,,,,,,,,,,,,,,,,,,,,,,,,,,,,,,,,,,,,,,,,,,,,,,,,
,UMPS,,,,,,,,,,,,,,,,,,,,,,,,,,,,,,,,,,,,,,,,,,,,,,,,,,,,,,,,,,,,,,,,,,,,,,,,,,,,,,,,,,,,,,,,,,,,,,,,,,
,UMPS,,,,,,,,,,,,,,,,,,,,,,,,,,,,,,,,,,,,,,,,,,,,,,,,,,,,,,,,,,,,,,,,,,,,,,,,,,,,,,,,,,,,,,,,,,,,,,,,,,
,UMPS,,,,,,,,,,,,,,,,,,,,,,,,,,,,,,,,,,,,,,,,,,,,,,,,,,,,,,,,,,,,,,,,,,,,,,,,,,,,,,,,,,,,,,,,,,,,,,,,,,
,UMPS,,,,,,,,,,,,,,,,,,,,,,,,,,,,,,,,,,,,,,,,,,,,,,,,,,,,,,,,,,,,,,,,,,,,,,,,,,,,,,,,,,,,,,,,,,,,,,,,,,
,UMPS,,,,,,,,,,,,,,,,,,,,,,,,,,,,,,,,,,,,,,,,,,,,,,,,,,,,,,,,,,,,,,,,,,,,,,,,,,,,,,,,,,,,,,,,,,,,,,,,,,
,UMPS,,,,,,,,,,,,,,,,,,,,,,,,,,,,,,,,,,,,,,,,,,,,,,,,,,,,,,,,,,,,,,,,,,,,,,,,,,,,,,,,,,,,,,,,,,,,,,,,,,
,UMPS,,,,,,,,,,,,,,,,,,,,,,,,,,,,,,,,,,,,,,,,,,,,,,,,,,,,,,,,,,,,,,,,,,,,,,,,,,,,,,,,,,,,,,,,,,,,,,,,,,
,UMPS,,,,,,,,,,,,,,,,,,,,,,,,,,,,,,,,,,,,,,,,,,,,,,,,,,,,,,,,,,,,,,,,,,,,,,,,,,,,,,,,,,,,,,,,,,,,,,,,,,
,UMPS,,,,,,,,,,,,,,,,,,,,,,,,,,,,,,,,,,,,,,,,,,,,,,,,,,,,,,,,,,,,,,,,,,,,,,,,,,,,,,,,,,,,,,,,,,,,,,,,,,
,UMPS,,,,,,,,,,,,,,,,,,,,,,,,,,,,,,,,,,,,,,,,,,,,,,,,,,,,,,,,,,,,,,,,,,,,,,,,,,,,,,,,,,,,,,,,,,,,,,,,,,
,UMPS,,,,,,,,,,,,,,,,,,,,,,,,,,,,,,,,,,,,,,,,,,,,,,,,,,,,,,,,,,,,,,,,,,,,,,,,,,,,,,,,,,,,,,,,,,,,,,,,,,
,UMPS,,,,,,,,,,,,,,,,,,,,,,,,,,,,,,,,,,,,,,,,,,,,,,,,,,,,,,,,,,,,,,,,,,,,,,,,,,,,,,,,,,,,,,,,,,,,,,,,,,
,UMPS,,,,,,,,,,,,,,,,,,,,,,,,,,,,,,,,,,,,,,,,,,,,,,,,,,,,,,,,,,,,,,,,,,,,,,,,,,,,,,,,,,,,,,,,,,,,,,,,,,
,UMPS,,,,,,,,,,,,,,,,,,,,,,,,,,,,,,,,,,,,,,,,,,,,,,,,,,,,,,,,,,,,,,,,,,,,,,,,,,,,,,,,,,,,,,,,,,,,,,,,,,
,UMPS,,,,,,,,,,,,,,,,,,,,,,,,,,,,,,,,,,,,,,,,,,,,,,,,,,,,,,,,,,,,,,,,,,,,,,,,,,,,,,,,,,,,,,,,,,,,,,,,,,
,UMPS,,,,,,,,,,,,,,,,,,,,,,,,,,,,,,,,,,,,,,,,,,,,,,,,,,,,,,,,,,,,,,,,,,,,,,,,,,,,,,,,,,,,,,,,,,,,,,,,,,
,UMPS,,,,,,,,,,,,,,,,,,,,,,,,,,,,,,,,,,,,,,,,,,,,,,,,,,,,,,,,,,,,,,,,,,,,,,,,,,,,,,,,,,,,,,,,,,,,,,,,,,
,UMPS,,,,,,,,,,,,,,,,,,,,,,,,,,,,,,,,,,,,,,,,,,,,,,,,,,,,,,,,,,,,,,,,,,,,,,,,,,,,,,,,,,,,,,,,,,,,,,,,,,
,UMPS,,,,,,,,,,,,,,,,,,,,,,,,,,,,,,,,,,,,,,,,,,,,,,,,,,,,,,,,,,,,,,,,,,,,,,,,,,,,,,,,,,,,,,,,,,,,,,,,,,
,UMPS,,,,,,,,,,,,,,,,,,,,,,,,,,,,,,,,,,,,,,,,,,,,,,,,,,,,,,,,,,,,,,,,,,,,,,,,,,,,,,,,,,,,,,,,,,,,,,,,,,
,UMPS,,,,,,,,,,,,,,,,,,,,,,,,,,,,,,,,,,,,,,,,,,,,,,,,,,,,,,,,,,,,,,,,,,,,,,,,,,,,,,,,,,,,,,,,,,,,,,,,,,
,UMPS,,,,,,,,,,,,,,,,,,,,,,,,,,,,,,,,,,,,,,,,,,,,,,,,,,,,,,,,,,,,,,,,,,,,,,,,,,,,,,,,,,,,,,,,,,,,,,,,,,
,UMPS,,,,,,,,,,,,,,,,,,,,,,,,,,,,,,,,,,,,,,,,,,,,,,,,,,,,,,,,,,,,,,,,,,,,,,,,,,,,,,,,,,,,,,,,,,,,,,,,,,
,UMPS,,,,,,,,,,,,,,,,,,,,,,,,,,,,,,,,,,,,,,,,,,,,,,,,,,,,,,,,,,,,,,,,,,,,,,,,,,,,,,,,,,,,,,,,,,,,,,,,,,
,UMPS,,,,,,,,,,,,,,,,,,,,,,,,,,,,,,,,,,,,,,,,,,,,,,,,,,,,,,,,,,,,,,,,,,,,,,,,,,,,,,,,,,,,,,,,,,,,,,,,,,
,UMPS,,,,,,,,,,,,,,,,,,,,,,,,,,,,,,,,,,,,,,,,,,,,,,,,,,,,,,,,,,,,,,,,,,,,,,,,,,,,,,,,,,,,,,,,,,,,,,,,,,
,UMPS,,,,,,,,,,,,,,,,,,,,,,,,,,,,,,,,,,,,,,,,,,,,,,,,,,,,,,,,,,,,,,,,,,,,,,,,,,,,,,,,,,,,,,,,,,,,,,,,,,
,UMPS,,,,,,,,,,,,,,,,,,,,,,,,,,,,,,,,,,,,,,,,,,,,,,,,,,,,,,,,,,,,,,,,,,,,,,,,,,,,,,,,,,,,,,,,,,,,,,,,,,
,UMPS,,,,,,,,,,,,,,,,,,,,,,,,,,,,,,,,,,,,,,,,,,,,,,,,,,,,,,,,,,,,,,,,,,,,,,,,,,,,,,,,,,,,,,,,,,,,,,,,,,
,UMPS,,,,,,,,,,,,,,,,,,,,,,,,,,,,,,,,,,,,,,,,,,,,,,,,,,,,,,,,,,,,,,,,,,,,,,,,,,,,,,,,,,,,,,,,,,,,,,,,,,
,UMPS,,,,,,,,,,,,,,,,,,,,,,,,,,,,,,,,,,,,,,,,,,,,,,,,,,,,,,,,,,,,,,,,,,,,,,,,,,,,,,,,,,,,,,,,,,,,,,,,,,
,UMPS,,,,,,,,,,,,,,,,,,,,,,,,,,,,,,,,,,,,,,,,,,,,,,,,,,,,,,,,,,,,,,,,,,,,,,,,,,,,,,,,,,,,,,,,,,,,,,,,,,
,UMPS,,,,,,,,,,,,,,,,,,,,,,,,,,,,,,,,,,,,,,,,,,,,,,,,,,,,,,,,,,,,,,,,,,,,,,,,,,,,,,,,,,,,,,,,,,,,,,,,,,
,UMPS,,,,,,,,,,,,,,,,,,,,,,,,,,,,,,,,,,,,,,,,,,,,,,,,,,,,,,,,,,,,,,,,,,,,,,,,,,,,,,,,,,,,,,,,,,,,,,,,,,
,UMPS,,,,,,,,,,,,,,,,,,,,,,,,,,,,,,,,,,,,,,,,,,,,,,,,,,,,,,,,,,,,,,,,,,,,,,,,,,,,,,,,,,,,,,,,,,,,,,,,,,
,UMPS,,,,,,,,,,,,,,,,,,,,,,,,,,,,,,,,,,,,,,,,,,,,,,,,,,,,,,,,,,,,,,,,,,,,,,,,,,,,,,,,,,,,,,,,,,,,,,,,,,
,UMPS,,,,,,,,,,,,,,,,,,,,,,,,,,,,,,,,,,,,,,,,,,,,,,,,,,,,,,,,,,,,,,,,,,,,,,,,,,,,,,,,,,,,,,,,,,,,,,,,,,
,UMPS,,,,,,,,,,,,,,,,,,,,,,,,,,,,,,,,,,,,,,,,,,,,,,,,,,,,,,,,,,,,,,,,,,,,,,,,,,,,,,,,,,,,,,,,,,,,,,,,,,
,UMPS,,,,,,,,,,,,,,,,,,,,,,,,,,,,,,,,,,,,,,,,,,,,,,,,,,,,,,,,,,,,,,,,,,,,,,,,,,,,,,,,,,,,,,,,,,,,,,,,,,
,UMPS,,,,,,,,,,,,,,,,,,,,,,,,,,,,,,,,,,,,,,,,,,,,,,,,,,,,,,,,,,,,,,,,,,,,,,,,,,,,,,,,,,,,,,,,,,,,,,,,,,
,UMPS,,,,,,,,,,,,,,,,,,,,,,,,,,,,,,,,,,,,,,,,,,,,,,,,,,,,,,,,,,,,,,,,,,,,,,,,,,,,,,,,,,,,,,,,,,,,,,,,,,
,UMPS,,,,,,,,,,,,,,,,,,,,,,,,,,,,,,,,,,,,,,,,,,,,,,,,,,,,,,,,,,,,,,,,,,,,,,,,,,,,,,,,,,,,,,,,,,,,,,,,,,
,UMPS,,,,,,,,,,,,,,,,,,,,,,,,,,,,,,,,,,,,,,,,,,,,,,,,,,,,,,,,,,,,,,,,,,,,,,,,,,,,,,,,,,,,,,,,,,,,,,,,,,
,UMPS,,,,,,,,,,,,,,,,,,,,,,,,,,,,,,,,,,,,,,,,,,,,,,,,,,,,,,,,,,,,,,,,,,,,,,,,,,,,,,,,,,,,,,,,,,,,,,,,,,
,UMPS,,,,,,,,,,,,,,,,,,,,,,,,,,,,,,,,,,,,,,,,,,,,,,,,,,,,,,,,,,,,,,,,,,,,,,,,,,,,,,,,,,,,,,,,,,,,,,,,,,
,UMPS,,,,,,,,,,,,,,,,,,,,,,,,,,,,,,,,,,,,,,,,,,,,,,,,,,,,,,,,,,,,,,,,,,,,,,,,,,,,,,,,,,,,,,,,,,,,,,,,,,
,UMPS,,,,,,,,,,,,,,,,,,,,,,,,,,,,,,,,,,,,,,,,,,,,,,,,,,,,,,,,,,,,,,,,,,,,,,,,,,,,,,,,,,,,,,,,,,,,,,,,,,
,UMPS,,,,,,,,,,,,,,,,,,,,,,,,,,,,,,,,,,,,,,,,,,,,,,,,,,,,,,,,,,,,,,,,,,,,,,,,,,,,,,,,,,,,,,,,,,,,,,,,,,
,UMPS,,,,,,,,,,,,,,,,,,,,,,,,,,,,,,,,,,,,,,,,,,,,,,,,,,,,,,,,,,,,,,,,,,,,,,,,,,,,,,,,,,,,,,,,,,,,,,,,,,
,UMPS,,,,,,,,,,,,,,,,,,,,,,,,,,,,,,,,,,,,,,,,,,,,,,,,,,,,,,,,,,,,,,,,,,,,,,,,,,,,,,,,,,,,,,,,,,,,,,,,,,
,UMPS,,,,,,,,,,,,,,,,,,,,,,,,,,,,,,,,,,,,,,,,,,,,,,,,,,,,,,,,,,,,,,,,,,,,,,,,,,,,,,,,,,,,,,,,,,,,,,,,,,
,UMPS,,,,,,,,,,,,,,,,,,,,,,,,,,,,,,,,,,,,,,,,,,,,,,,,,,,,,,,,,,,,,,,,,,,,,,,,,,,,,,,,,,,,,,,,,,,,,,,,,,
,UMPS,,,,,,,,,,,,,,,,,,,,,,,,,,,,,,,,,,,,,,,,,,,,,,,,,,,,,,,,,,,,,,,,,,,,,,,,,,,,,,,,,,,,,,,,,,,,,,,,,,
,UMPS,,,,,,,,,,,,,,,,,,,,,,,,,,,,,,,,,,,,,,,,,,,,,,,,,,,,,,,,,,,,,,,,,,,,,,,,,,,,,,,,,,,,,,,,,,,,,,,,,,
,UMPS,,,,,,,,,,,,,,,,,,,,,,,,,,,,,,,,,,,,,,,,,,,,,,,,,,,,,,,,,,,,,,,,,,,,,,,,,,,,,,,,,,,,,,,,,,,,,,,,,,
,UMPS,,,,,,,,,,,,,,,,,,,,,,,,,,,,,,,,,,,,,,,,,,,,,,,,,,,,,,,,,,,,,,,,,,,,,,,,,,,,,,,,,,,,,,,,,,,,,,,,,,
,UMPS,,,,,,,,,,,,,,,,,,,,,,,,,,,,,,,,,,,,,,,,,,,,,,,,,,,,,,,,,,,,,,,,,,,,,,,,,,,,,,,,,,,,,,,,,,,,,,,,,,
,UMPS,,,,,,,,,,,,,,,,,,,,,,,,,,,,,,,,,,,,,,,,,,,,,,,,,,,,,,,,,,,,,,,,,,,,,,,,,,,,,,,,,,,,,,,,,,,,,,,,,,
,UMPS,,,,,,,,,,,,,,,,,,,,,,,,,,,,,,,,,,,,,,,,,,,,,,,,,,,,,,,,,,,,,,,,,,,,,,,,,,,,,,,,,,,,,,,,,,,,,,,,,,
,UMPS,,,,,,,,,,,,,,,,,,,,,,,,,,,,,,,,,,,,,,,,,,,,,,,,,,,,,,,,,,,,,,,,,,,,,,,,,,,,,,,,,,,,,,,,,,,,,,,,,,
,UMPS,,,,,,,,,,,,,,,,,,,,,,,,,,,,,,,,,,,,,,,,,,,,,,,,,,,,,,,,,,,,,,,,,,,,,,,,,,,,,,,,,,,,,,,,,,,,,,,,,,
,UMPS,,,,,,,,,,,,,,,,,,,,,,,,,,,,,,,,,,,,,,,,,,,,,,,,,,,,,,,,,,,,,,,,,,,,,,,,,,,,,,,,,,,,,,,,,,,,,,,,,,
,UMPS,,,,,,,,,,,,,,,,,,,,,,,,,,,,,,,,,,,,,,,,,,,,,,,,,,,,,,,,,,,,,,,,,,,,,,,,,,,,,,,,,,,,,,,,,,,,,,,,,,
,UMPS,,,,,,,,,,,,,,,,,,,,,,,,,,,,,,,,,,,,,,,,,,,,,,,,,,,,,,,,,,,,,,,,,,,,,,,,,,,,,,,,,,,,,,,,,,,,,,,,,,
,UMPS,,,,,,,,,,,,,,,,,,,,,,,,,,,,,,,,,,,,,,,,,,,,,,,,,,,,,,,,,,,,,,,,,,,,,,,,,,,,,,,,,,,,,,,,,,,,,,,,,,
,UMPS,,,,,,,,,,,,,,,,,,,,,,,,,,,,,,,,,,,,,,,,,,,,,,,,,,,,,,,,,,,,,,,,,,,,,,,,,,,,,,,,,,,,,,,,,,,,,,,,,,
,UMPS,,,,,,,,,,,,,,,,,,,,,,,,,,,,,,,,,,,,,,,,,,,,,,,,,,,,,,,,,,,,,,,,,,,,,,,,,,,,,,,,,,,,,,,,,,,,,,,,,,
,UMPS,,,,,,,,,,,,,,,,,,,,,,,,,,,,,,,,,,,,,,,,,,,,,,,,,,,,,,,,,,,,,,,,,,,,,,,,,,,,,,,,,,,,,,,,,,,,,,,,,,
,UMPS,,,,,,,,,,,,,,,,,,,,,,,,,,,,,,,,,,,,,,,,,,,,,,,,,,,,,,,,,,,,,,,,,,,,,,,,,,,,,,,,,,,,,,,,,,,,,,,,,,
,UMPS,,,,,,,,,,,,,,,,,,,,,,,,,,,,,,,,,,,,,,,,,,,,,,,,,,,,,,,,,,,,,,,,,,,,,,,,,,,,,,,,,,,,,,,,,,,,,,,,,,
,UMPS,,,,,,,,,,,,,,,,,,,,,,,,,,,,,,,,,,,,,,,,,,,,,,,,,,,,,,,,,,,,,,,,,,,,,,,,,,,,,,,,,,,,,,,,,,,,,,,,,,
,UMPS,,,,,,,,,,,,,,,,,,,,,,,,,,,,,,,,,,,,,,,,,,,,,,,,,,,,,,,,,,,,,,,,,,,,,,,,,,,,,,,,,,,,,,,,,,,,,,,,,,
,UMPS,,,,,,,,,,,,,,,,,,,,,,,,,,,,,,,,,,,,,,,,,,,,,,,,,,,,,,,,,,,,,,,,,,,,,,,,,,,,,,,,,,,,,,,,,,,,,,,,,,
,UMPS,,,,,,,,,,,,,,,,,,,,,,,,,,,,,,,,,,,,,,,,,,,,,,,,,,,,,,,,,,,,,,,,,,,,,,,,,,,,,,,,,,,,,,,,,,,,,,,,,,
,UMPS,,,,,,,,,,,,,,,,,,,,,,,,,,,,,,,,,,,,,,,,,,,,,,,,,,,,,,,,,,,,,,,,,,,,,,,,,,,,,,,,,,,,,,,,,,,,,,,,,,
,UMPS,,,,,,,,,,,,,,,,,,,,,,,,,,,,,,,,,,,,,,,,,,,,,,,,,,,,,,,,,,,,,,,,,,,,,,,,,,,,,,,,,,,,,,,,,,,,,,,,,,
,UMPS,,,,,,,,,,,,,,,,,,,,,,,,,,,,,,,,,,,,,,,,,,,,,,,,,,,,,,,,,,,,,,,,,,,,,,,,,,,,,,,,,,,,,,,,,,,,,,,,,,
,UMPS,,,,,,,,,,,,,,,,,,,,,,,,,,,,,,,,,,,,,,,,,,,,,,,,,,,,,,,,,,,,,,,,,,,,,,,,,,,,,,,,,,,,,,,,,,,,,,,,,,
,UMPS,,,,,,,,,,,,,,,,,,,,,,,,,,,,,,,,,,,,,,,,,,,,,,,,,,,,,,,,,,,,,,,,,,,,,,,,,,,,,,,,,,,,,,,,,,,,,,,,,,
,UMPS,,,,,,,,,,,,,,,,,,,,,,,,,,,,,,,,,,,,,,,,,,,,,,,,,,,,,,,,,,,,,,,,,,,,,,,,,,,,,,,,,,,,,,,,,,,,,,,,,,
,UMPS,,,,,,,,,,,,,,,,,,,,,,,,,,,,,,,,,,,,,,,,,,,,,,,,,,,,,,,,,,,,,,,,,,,,,,,,,,,,,,,,,,,,,,,,,,,,,,,,,,
,UMPS,,,,,,,,,,,,,,,,,,,,,,,,,,,,,,,,,,,,,,,,,,,,,,,,,,,,,,,,,,,,,,,,,,,,,,,,,,,,,,,,,,,,,,,,,,,,,,,,,,
,UMPS,,,,,,,,,,,,,,,,,,,,,,,,,,,,,,,,,,,,,,,,,,,,,,,,,,,,,,,,,,,,,,,,,,,,,,,,,,,,,,,,,,,,,,,,,,,,,,,,,,
,UMPS,,,,,,,,,,,,,,,,,,,,,,,,,,,,,,,,,,,,,,,,,,,,,,,,,,,,,,,,,,,,,,,,,,,,,,,,,,,,,,,,,,,,,,,,,,,,,,,,,,
,UMPS,,,,,,,,,,,,,,,,,,,,,,,,,,,,,,,,,,,,,,,,,,,,,,,,,,,,,,,,,,,,,,,,,,,,,,,,,,,,,,,,,,,,,,,,,,,,,,,,,,
,UMPS,,,,,,,,,,,,,,,,,,,,,,,,,,,,,,,,,,,,,,,,,,,,,,,,,,,,,,,,,,,,,,,,,,,,,,,,,,,,,,,,,,,,,,,,,,,,,,,,,,
,UMPS,,,,,,,,,,,,,,,,,,,,,,,,,,,,,,,,,,,,,,,,,,,,,,,,,,,,,,,,,,,,,,,,,,,,,,,,,,,,,,,,,,,,,,,,,,,,,,,,,,
,UMPS,,,,,,,,,,,,,,,,,,,,,,,,,,,,,,,,,,,,,,,,,,,,,,,,,,,,,,,,,,,,,,,,,,,,,,,,,,,,,,,,,,,,,,,,,,,,,,,,,,
,UMPS,,,,,,,,,,,,,,,,,,,,,,,,,,,,,,,,,,,,,,,,,,,,,,,,,,,,,,,,,,,,,,,,,,,,,,,,,,,,,,,,,,,,,,,,,,,,,,,,,,
,UMPS,,,,,,,,,,,,,,,,,,,,,,,,,,,,,,,,,,,,,,,,,,,,,,,,,,,,,,,,,,,,,,,,,,,,,,,,,,,,,,,,,,,,,,,,,,,,,,,,,,
,UMPS,,,,,,,,,,,,,,,,,,,,,,,,,,,,,,,,,,,,,,,,,,,,,,,,,,,,,,,,,,,,,,,,,,,,,,,,,,,,,,,,,,,,,,,,,,,,,,,,,,
,UMPS,,,,,,,,,,,,,,,,,,,,,,,,,,,,,,,,,,,,,,,,,,,,,,,,,,,,,,,,,,,,,,,,,,,,,,,,,,,,,,,,,,,,,,,,,,,,,,,,,,
,UMPS,,,,,,,,,,,,,,,,,,,,,,,,,,,,,,,,,,,,,,,,,,,,,,,,,,,,,,,,,,,,,,,,,,,,,,,,,,,,,,,,,,,,,,,,,,,,,,,,,,
,UMPS,,,,,,,,,,,,,,,,,,,,,,,,,,,,,,,,,,,,,,,,,,,,,,,,,,,,,,,,,,,,,,,,,,,,,,,,,,,,,,,,,,,,,,,,,,,,,,,,,,
,UMPS,,,,,,,,,,,,,,,,,,,,,,,,,,,,,,,,,,,,,,,,,,,,,,,,,,,,,,,,,,,,,,,,,,,,,,,,,,,,,,,,,,,,,,,,,,,,,,,,,,
,UMPS,,,,,,,,,,,,,,,,,,,,,,,,,,,,,,,,,,,,,,,,,,,,,,,,,,,,,,,,,,,,,,,,,,,,,,,,,,,,,,,,,,,,,,,,,,,,,,,,,,
,UMPS,,,,,,,,,,,,,,,,,,,,,,,,,,,,,,,,,,,,,,,,,,,,,,,,,,,,,,,,,,,,,,,,,,,,,,,,,,,,,,,,,,,,,,,,,,,,,,,,,,
,UMPS,,,,,,,,,,,,,,,,,,,,,,,,,,,,,,,,,,,,,,,,,,,,,,,,,,,,,,,,,,,,,,,,,,,,,,,,,,,,,,,,,,,,,,,,,,,,,,,,,,
,UMPS,,,,,,,,,,,,,,,,,,,,,,,,,,,,,,,,,,,,,,,,,,,,,,,,,,,,,,,,,,,,,,,,,,,,,,,,,,,,,,,,,,,,,,,,,,,,,,,,,,
,UMPS,,,,,,,,,,,,,,,,,,,,,,,,,,,,,,,,,,,,,,,,,,,,,,,,,,,,,,,,,,,,,,,,,,,,,,,,,,,,,,,,,,,,,,,,,,,,,,,,,,
,UMPS,,,,,,,,,,,,,,,,,,,,,,,,,,,,,,,,,,,,,,,,,,,,,,,,,,,,,,,,,,,,,,,,,,,,,,,,,,,,,,,,,,,,,,,,,,,,,,,,,,
,UMPS,,,,,,,,,,,,,,,,,,,,,,,,,,,,,,,,,,,,,,,,,,,,,,,,,,,,,,,,,,,,,,,,,,,,,,,,,,,,,,,,,,,,,,,,,,,,,,,,,,
,UMPS,,,,,,,,,,,,,,,,,,,,,,,,,,,,,,,,,,,,,,,,,,,,,,,,,,,,,,,,,,,,,,,,,,,,,,,,,,,,,,,,,,,,,,,,,,,,,,,,,,
,UMPS,,,,,,,,,,,,,,,,,,,,,,,,,,,,,,,,,,,,,,,,,,,,,,,,,,,,,,,,,,,,,,,,,,,,,,,,,,,,,,,,,,,,,,,,,,,,,,,,,,
,UMPS,,,,,,,,,,,,,,,,,,,,,,,,,,,,,,,,,,,,,,,,,,,,,,,,,,,,,,,,,,,,,,,,,,,,,,,,,,,,,,,,,,,,,,,,,,,,,,,,,,
,UMPS,,,,,,,,,,,,,,,,,,,,,,,,,,,,,,,,,,,,,,,,,,,,,,,,,,,,,,,,,,,,,,,,,,,,,,,,,,,,,,,,,,,,,,,,,,,,,,,,,,
,UMPS,,,,,,,,,,,,,,,,,,,,,,,,,,,,,,,,,,,,,,,,,,,,,,,,,,,,,,,,,,,,,,,,,,,,,,,,,,,,,,,,,,,,,,,,,,,,,,,,,,
,UMPS,,,,,,,,,,,,,,,,,,,,,,,,,,,,,,,,,,,,,,,,,,,,,,,,,,,,,,,,,,,,,,,,,,,,,,,,,,,,,,,,,,,,,,,,,,,,,,,,,,
,UMPS,,,,,,,,,,,,,,,,,,,,,,,,,,,,,,,,,,,,,,,,,,,,,,,,,,,,,,,,,,,,,,,,,,,,,,,,,,,,,,,,,,,,,,,,,,,,,,,,,,
,UMPS,,,,,,,,,,,,,,,,,,,,,,,,,,,,,,,,,,,,,,,,,,,,,,,,,,,,,,,,,,,,,,,,,,,,,,,,,,,,,,,,,,,,,,,,,,,,,,,,,,
,UMPS,,,,,,,,,,,,,,,,,,,,,,,,,,,,,,,,,,,,,,,,,,,,,,,,,,,,,,,,,,,,,,,,,,,,,,,,,,,,,,,,,,,,,,,,,,,,,,,,,,
,UMPS,,,,,,,,,,,,,,,,,,,,,,,,,,,,,,,,,,,,,,,,,,,,,,,,,,,,,,,,,,,,,,,,,,,,,,,,,,,,,,,,,,,,,,,,,,,,,,,,,,
,UMPS,,,,,,,,,,,,,,,,,,,,,,,,,,,,,,,,,,,,,,,,,,,,,,,,,,,,,,,,,,,,,,,,,,,,,,,,,,,,,,,,,,,,,,,,,,,,,,,,,,
,UMPS,,,,,,,,,,,,,,,,,,,,,,,,,,,,,,,,,,,,,,,,,,,,,,,,,,,,,,,,,,,,,,,,,,,,,,,,,,,,,,,,,,,,,,,,,,,,,,,,,,
,UMPS,,,,,,,,,,,,,,,,,,,,,,,,,,,,,,,,,,,,,,,,,,,,,,,,,,,,,,,,,,,,,,,,,,,,,,,,,,,,,,,,,,,,,,,,,,,,,,,,,,
,UMPS,,,,,,,,,,,,,,,,,,,,,,,,,,,,,,,,,,,,,,,,,,,,,,,,,,,,,,,,,,,,,,,,,,,,,,,,,,,,,,,,,,,,,,,,,,,,,,,,,,
,UMPS,,,,,,,,,,,,,,,,,,,,,,,,,,,,,,,,,,,,,,,,,,,,,,,,,,,,,,,,,,,,,,,,,,,,,,,,,,,,,,,,,,,,,,,,,,,,,,,,,,
,UMPS,,,,,,,,,,,,,,,,,,,,,,,,,,,,,,,,,,,,,,,,,,,,,,,,,,,,,,,,,,,,,,,,,,,,,,,,,,,,,,,,,,,,,,,,,,,,,,,,,,
,UMPS,,,,,,,,,,,,,,,,,,,,,,,,,,,,,,,,,,,,,,,,,,,,,,,,,,,,,,,,,,,,,,,,,,,,,,,,,,,,,,,,,,,,,,,,,,,,,,,,,,
,UMPS,,,,,,,,,,,,,,,,,,,,,,,,,,,,,,,,,,,,,,,,,,,,,,,,,,,,,,,,,,,,,,,,,,,,,,,,,,,,,,,,,,,,,,,,,,,,,,,,,,
,UMPS,,,,,,,,,,,,,,,,,,,,,,,,,,,,,,,,,,,,,,,,,,,,,,,,,,,,,,,,,,,,,,,,,,,,,,,,,,,,,,,,,,,,,,,,,,,,,,,,,,
,UMPS,,,,,,,,,,,,,,,,,,,,,,,,,,,,,,,,,,,,,,,,,,,,,,,,,,,,,,,,,,,,,,,,,,,,,,,,,,,,,,,,,,,,,,,,,,,,,,,,,,
,UMPS,,,,,,,,,,,,,,,,,,,,,,,,,,,,,,,,,,,,,,,,,,,,,,,,,,,,,,,,,,,,,,,,,,,,,,,,,,,,,,,,,,,,,,,,,,,,,,,,,,
,UMPS,,,,,,,,,,,,,,,,,,,,,,,,,,,,,,,,,,,,,,,,,,,,,,,,,,,,,,,,,,,,,,,,,,,,,,,,,,,,,,,,,,,,,,,,,,,,,,,,,,
,UMPS,,,,,,,,,,,,,,,,,,,,,,,,,,,,,,,,,,,,,,,,,,,,,,,,,,,,,,,,,,,,,,,,,,,,,,,,,,,,,,,,,,,,,,,,,,,,,,,,,,
,UMPS,,,,,,,,,,,,,,,,,,,,,,,,,,,,,,,,,,,,,,,,,,,,,,,,,,,,,,,,,,,,,,,,,,,,,,,,,,,,,,,,,,,,,,,,,,,,,,,,,,
,UMPS,,,,,,,,,,,,,,,,,,,,,,,,,,,,,,,,,,,,,,,,,,,,,,,,,,,,,,,,,,,,,,,,,,,,,,,,,,,,,,,,,,,,,,,,,,,,,,,,,,
,UMPS,,,,,,,,,,,,,,,,,,,,,,,,,,,,,,,,,,,,,,,,,,,,,,,,,,,,,,,,,,,,,,,,,,,,,,,,,,,,,,,,,,,,,,,,,,,,,,,,,,
,UMPS,,,,,,,,,,,,,,,,,,,,,,,,,,,,,,,,,,,,,,,,,,,,,,,,,,,,,,,,,,,,,,,,,,,,,,,,,,,,,,,,,,,,,,,,,,,,,,,,,,
,UMPS,,,,,,,,,,,,,,,,,,,,,,,,,,,,,,,,,,,,,,,,,,,,,,,,,,,,,,,,,,,,,,,,,,,,,,,,,,,,,,,,,,,,,,,,,,,,,,,,,,
,UMPS,,,,,,,,,,,,,,,,,,,,,,,,,,,,,,,,,,,,,,,,,,,,,,,,,,,,,,,,,,,,,,,,,,,,,,,,,,,,,,,,,,,,,,,,,,,,,,,,,,
,UMPS,,,,,,,,,,,,,,,,,,,,,,,,,,,,,,,,,,,,,,,,,,,,,,,,,,,,,,,,,,,,,,,,,,,,,,,,,,,,,,,,,,,,,,,,,,,,,,,,,,
,UMPS,,,,,,,,,,,,,,,,,,,,,,,,,,,,,,,,,,,,,,,,,,,,,,,,,,,,,,,,,,,,,,,,,,,,,,,,,,,,,,,,,,,,,,,,,,,,,,,,,,
,UMPS,,,,,,,,,,,,,,,,,,,,,,,,,,,,,,,,,,,,,,,,,,,,,,,,,,,,,,,,,,,,,,,,,,,,,,,,,,,,,,,,,,,,,,,,,,,,,,,,,,
,UMPS,,,,,,,,,,,,,,,,,,,,,,,,,,,,,,,,,,,,,,,,,,,,,,,,,,,,,,,,,,,,,,,,,,,,,,,,,,,,,,,,,,,,,,,,,,,,,,,,,,
,UMPS,,,,,,,,,,,,,,,,,,,,,,,,,,,,,,,,,,,,,,,,,,,,,,,,,,,,,,,,,,,,,,,,,,,,,,,,,,,,,,,,,,,,,,,,,,,,,,,,,,
,UMPS,,,,,,,,,,,,,,,,,,,,,,,,,,,,,,,,,,,,,,,,,,,,,,,,,,,,,,,,,,,,,,,,,,,,,,,,,,,,,,,,,,,,,,,,,,,,,,,,,,
,UMPS,,,,,,,,,,,,,,,,,,,,,,,,,,,,,,,,,,,,,,,,,,,,,,,,,,,,,,,,,,,,,,,,,,,,,,,,,,,,,,,,,,,,,,,,,,,,,,,,,,
,UMPS,,,,,,,,,,,,,,,,,,,,,,,,,,,,,,,,,,,,,,,,,,,,,,,,,,,,,,,,,,,,,,,,,,,,,,,,,,,,,,,,,,,,,,,,,,,,,,,,,,
,UMPS,,,,,,,,,,,,,,,,,,,,,,,,,,,,,,,,,,,,,,,,,,,,,,,,,,,,,,,,,,,,,,,,,,,,,,,,,,,,,,,,,,,,,,,,,,,,,,,,,,
,UMPS,,,,,,,,,,,,,,,,,,,,,,,,,,,,,,,,,,,,,,,,,,,,,,,,,,,,,,,,,,,,,,,,,,,,,,,,,,,,,,,,,,,,,,,,,,,,,,,,,,
,UMPS,,,,,,,,,,,,,,,,,,,,,,,,,,,,,,,,,,,,,,,,,,,,,,,,,,,,,,,,,,,,,,,,,,,,,,,,,,,,,,,,,,,,,,,,,,,,,,,,,,
,UMPS,,,,,,,,,,,,,,,,,,,,,,,,,,,,,,,,,,,,,,,,,,,,,,,,,,,,,,,,,,,,,,,,,,,,,,,,,,,,,,,,,,,,,,,,,,,,,,,,,,
,UMPS,,,,,,,,,,,,,,,,,,,,,,,,,,,,,,,,,,,,,,,,,,,,,,,,,,,,,,,,,,,,,,,,,,,,,,,,,,,,,,,,,,,,,,,,,,,,,,,,,,
,UMPS,,,,,,,,,,,,,,,,,,,,,,,,,,,,,,,,,,,,,,,,,,,,,,,,,,,,,,,,,,,,,,,,,,,,,,,,,,,,,,,,,,,,,,,,,,,,,,,,,,
,UMPS,,,,,,,,,,,,,,,,,,,,,,,,,,,,,,,,,,,,,,,,,,,,,,,,,,,,,,,,,,,,,,,,,,,,,,,,,,,,,,,,,,,,,,,,,,,,,,,,,,
,UMPS,,,,,,,,,,,,,,,,,,,,,,,,,,,,,,,,,,,,,,,,,,,,,,,,,,,,,,,,,,,,,,,,,,,,,,,,,,,,,,,,,,,,,,,,,,,,,,,,,,
,UMPS,,,,,,,,,,,,,,,,,,,,,,,,,,,,,,,,,,,,,,,,,,,,,,,,,,,,,,,,,,,,,,,,,,,,,,,,,,,,,,,,,,,,,,,,,,,,,,,,,,
,UMPS,,,,,,,,,,,,,,,,,,,,,,,,,,,,,,,,,,,,,,,,,,,,,,,,,,,,,,,,,,,,,,,,,,,,,,,,,,,,,,,,,,,,,,,,,,,,,,,,,,
,UMPS,,,,,,,,,,,,,,,,,,,,,,,,,,,,,,,,,,,,,,,,,,,,,,,,,,,,,,,,,,,,,,,,,,,,,,,,,,,,,,,,,,,,,,,,,,,,,,,,,,
,UMPS,,,,,,,,,,,,,,,,,,,,,,,,,,,,,,,,,,,,,,,,,,,,,,,,,,,,,,,,,,,,,,,,,,,,,,,,,,,,,,,,,,,,,,,,,,,,,,,,,,
,UMPS,,,,,,,,,,,,,,,,,,,,,,,,,,,,,,,,,,,,,,,,,,,,,,,,,,,,,,,,,,,,,,,,,,,,,,,,,,,,,,,,,,,,,,,,,,,,,,,,,,
,UMPS,,,,,,,,,,,,,,,,,,,,,,,,,,,,,,,,,,,,,,,,,,,,,,,,,,,,,,,,,,,,,,,,,,,,,,,,,,,,,,,,,,,,,,,,,,,,,,,,,,
,UMPS,,,,,,,,,,,,,,,,,,,,,,,,,,,,,,,,,,,,,,,,,,,,,,,,,,,,,,,,,,,,,,,,,,,,,,,,,,,,,,,,,,,,,,,,,,,,,,,,,,
,UMPS,,,,,,,,,,,,,,,,,,,,,,,,,,,,,,,,,,,,,,,,,,,,,,,,,,,,,,,,,,,,,,,,,,,,,,,,,,,,,,,,,,,,,,,,,,,,,,,,,,
,UMPS,,,,,,,,,,,,,,,,,,,,,,,,,,,,,,,,,,,,,,,,,,,,,,,,,,,,,,,,,,,,,,,,,,,,,,,,,,,,,,,,,,,,,,,,,,,,,,,,,,
,UMPS,,,,,,,,,,,,,,,,,,,,,,,,,,,,,,,,,,,,,,,,,,,,,,,,,,,,,,,,,,,,,,,,,,,,,,,,,,,,,,,,,,,,,,,,,,,,,,,,,,
,UMPS,,,,,,,,,,,,,,,,,,,,,,,,,,,,,,,,,,,,,,,,,,,,,,,,,,,,,,,,,,,,,,,,,,,,,,,,,,,,,,,,,,,,,,,,,,,,,,,,,,
,UMPS,,,,,,,,,,,,,,,,,,,,,,,,,,,,,,,,,,,,,,,,,,,,,,,,,,,,,,,,,,,,,,,,,,,,,,,,,,,,,,,,,,,,,,,,,,,,,,,,,,
,UMPS,,,,,,,,,,,,,,,,,,,,,,,,,,,,,,,,,,,,,,,,,,,,,,,,,,,,,,,,,,,,,,,,,,,,,,,,,,,,,,,,,,,,,,,,,,,,,,,,,,
,UMPS,,,,,,,,,,,,,,,,,,,,,,,,,,,,,,,,,,,,,,,,,,,,,,,,,,,,,,,,,,,,,,,,,,,,,,,,,,,,,,,,,,,,,,,,,,,,,,,,,,
,UMPS,,,,,,,,,,,,,,,,,,,,,,,,,,,,,,,,,,,,,,,,,,,,,,,,,,,,,,,,,,,,,,,,,,,,,,,,,,,,,,,,,,,,,,,,,,,,,,,,,,
,UMPS,,,,,,,,,,,,,,,,,,,,,,,,,,,,,,,,,,,,,,,,,,,,,,,,,,,,,,,,,,,,,,,,,,,,,,,,,,,,,,,,,,,,,,,,,,,,,,,,,,
,UMPS,,,,,,,,,,,,,,,,,,,,,,,,,,,,,,,,,,,,,,,,,,,,,,,,,,,,,,,,,,,,,,,,,,,,,,,,,,,,,,,,,,,,,,,,,,,,,,,,,,
,UMPS,,,,,,,,,,,,,,,,,,,,,,,,,,,,,,,,,,,,,,,,,,,,,,,,,,,,,,,,,,,,,,,,,,,,,,,,,,,,,,,,,,,,,,,,,,,,,,,,,,
,UMPS,,,,,,,,,,,,,,,,,,,,,,,,,,,,,,,,,,,,,,,,,,,,,,,,,,,,,,,,,,,,,,,,,,,,,,,,,,,,,,,,,,,,,,,,,,,,,,,,,,
,UMPS,,,,,,,,,,,,,,,,,,,,,,,,,,,,,,,,,,,,,,,,,,,,,,,,,,,,,,,,,,,,,,,,,,,,,,,,,,,,,,,,,,,,,,,,,,,,,,,,,,
,UMPS,,,,,,,,,,,,,,,,,,,,,,,,,,,,,,,,,,,,,,,,,,,,,,,,,,,,,,,,,,,,,,,,,,,,,,,,,,,,,,,,,,,,,,,,,,,,,,,,,,
,UMPS,,,,,,,,,,,,,,,,,,,,,,,,,,,,,,,,,,,,,,,,,,,,,,,,,,,,,,,,,,,,,,,,,,,,,,,,,,,,,,,,,,,,,,,,,,,,,,,,,,
,UMPS,,,,,,,,,,,,,,,,,,,,,,,,,,,,,,,,,,,,,,,,,,,,,,,,,,,,,,,,,,,,,,,,,,,,,,,,,,,,,,,,,,,,,,,,,,,,,,,,,,
,UMPS,,,,,,,,,,,,,,,,,,,,,,,,,,,,,,,,,,,,,,,,,,,,,,,,,,,,,,,,,,,,,,,,,,,,,,,,,,,,,,,,,,,,,,,,,,,,,,,,,,
,UMPS,,,,,,,,,,,,,,,,,,,,,,,,,,,,,,,,,,,,,,,,,,,,,,,,,,,,,,,,,,,,,,,,,,,,,,,,,,,,,,,,,,,,,,,,,,,,,,,,,,
,UMPS,,,,,,,,,,,,,,,,,,,,,,,,,,,,,,,,,,,,,,,,,,,,,,,,,,,,,,,,,,,,,,,,,,,,,,,,,,,,,,,,,,,,,,,,,,,,,,,,,,
,UMPS,,,,,,,,,,,,,,,,,,,,,,,,,,,,,,,,,,,,,,,,,,,,,,,,,,,,,,,,,,,,,,,,,,,,,,,,,,,,,,,,,,,,,,,,,,,,,,,,,,
,UMPS,,,,,,,,,,,,,,,,,,,,,,,,,,,,,,,,,,,,,,,,,,,,,,,,,,,,,,,,,,,,,,,,,,,,,,,,,,,,,,,,,,,,,,,,,,,,,,,,,,
,UMPS,,,,,,,,,,,,,,,,,,,,,,,,,,,,,,,,,,,,,,,,,,,,,,,,,,,,,,,,,,,,,,,,,,,,,,,,,,,,,,,,,,,,,,,,,,,,,,,,,,
,UMPS,,,,,,,,,,,,,,,,,,,,,,,,,,,,,,,,,,,,,,,,,,,,,,,,,,,,,,,,,,,,,,,,,,,,,,,,,,,,,,,,,,,,,,,,,,,,,,,,,,
,UMPS,,,,,,,,,,,,,,,,,,,,,,,,,,,,,,,,,,,,,,,,,,,,,,,,,,,,,,,,,,,,,,,,,,,,,,,,,,,,,,,,,,,,,,,,,,,,,,,,,,
,UMPS,,,,,,,,,,,,,,,,,,,,,,,,,,,,,,,,,,,,,,,,,,,,,,,,,,,,,,,,,,,,,,,,,,,,,,,,,,,,,,,,,,,,,,,,,,,,,,,,,,
,UMPS,,,,,,,,,,,,,,,,,,,,,,,,,,,,,,,,,,,,,,,,,,,,,,,,,,,,,,,,,,,,,,,,,,,,,,,,,,,,,,,,,,,,,,,,,,,,,,,,,,
,UMPS,,,,,,,,,,,,,,,,,,,,,,,,,,,,,,,,,,,,,,,,,,,,,,,,,,,,,,,,,,,,,,,,,,,,,,,,,,,,,,,,,,,,,,,,,,,,,,,,,,
,UMPS,,,,,,,,,,,,,,,,,,,,,,,,,,,,,,,,,,,,,,,,,,,,,,,,,,,,,,,,,,,,,,,,,,,,,,,,,,,,,,,,,,,,,,,,,,,,,,,,,,
,UMPS,,,,,,,,,,,,,,,,,,,,,,,,,,,,,,,,,,,,,,,,,,,,,,,,,,,,,,,,,,,,,,,,,,,,,,,,,,,,,,,,,,,,,,,,,,,,,,,,,,
,UMPS,,,,,,,,,,,,,,,,,,,,,,,,,,,,,,,,,,,,,,,,,,,,,,,,,,,,,,,,,,,,,,,,,,,,,,,,,,,,,,,,,,,,,,,,,,,,,,,,,,
,UMPS,,,,,,,,,,,,,,,,,,,,,,,,,,,,,,,,,,,,,,,,,,,,,,,,,,,,,,,,,,,,,,,,,,,,,,,,,,,,,,,,,,,,,,,,,,,,,,,,,,
,UMPS,,,,,,,,,,,,,,,,,,,,,,,,,,,,,,,,,,,,,,,,,,,,,,,,,,,,,,,,,,,,,,,,,,,,,,,,,,,,,,,,,,,,,,,,,,,,,,,,,,
,UMPS,,,,,,,,,,,,,,,,,,,,,,,,,,,,,,,,,,,,,,,,,,,,,,,,,,,,,,,,,,,,,,,,,,,,,,,,,,,,,,,,,,,,,,,,,,,,,,,,,,
,UMPS,,,,,,,,,,,,,,,,,,,,,,,,,,,,,,,,,,,,,,,,,,,,,,,,,,,,,,,,,,,,,,,,,,,,,,,,,,,,,,,,,,,,,,,,,,,,,,,,,,
,UMPS,,,,,,,,,,,,,,,,,,,,,,,,,,,,,,,,,,,,,,,,,,,,,,,,,,,,,,,,,,,,,,,,,,,,,,,,,,,,,,,,,,,,,,,,,,,,,,,,,,
,UMPS,,,,,,,,,,,,,,,,,,,,,,,,,,,,,,,,,,,,,,,,,,,,,,,,,,,,,,,,,,,,,,,,,,,,,,,,,,,,,,,,,,,,,,,,,,,,,,,,,,