seed_1_all,seed_2_all,seed_3_all,seed_4_all,seed_5_all,seed_6_all,seed_7_all,seed_8_all,seed_9_all,seed_10_all,seed_11_all,seed_12_all,seed_13_all,seed_14_all,seed_15_all,seed_16_all,seed_17_all,seed_18_all,seed_19_all,seed_20_all,seed_21_all,seed_22_all,seed_23_all,seed_24_all,seed_25_all,seed_26_all,seed_27_all,seed_28_all,seed_29_all,seed_30_all,seed_31_all,seed_32_all,seed_33_all,seed_34_all,seed_35_all,seed_36_all,seed_37_all,seed_38_all,seed_39_all,seed_40_all,seed_41_all,seed_42_all,seed_43_all,seed_44_all,seed_45_all,seed_46_all,seed_47_all,seed_48_all,seed_49_all,seed_50_all,seed_51_all,seed_52_all,seed_53_all,seed_54_all,seed_55_all,seed_56_all,seed_57_all,seed_58_all,seed_59_all,seed_60_all,seed_61_all,seed_62_all,seed_63_all,seed_64_all,seed_65_all,seed_66_all,seed_67_all,seed_68_all,seed_69_all,seed_70_all,seed_71_all,seed_72_all,seed_73_all,seed_74_all,seed_75_all,seed_76_all,seed_77_all,seed_78_all,seed_79_all,seed_80_all,seed_81_all,seed_82_all,seed_83_all,seed_84_all,seed_85_all,seed_86_all,seed_87_all,seed_88_all,seed_89_all,seed_90_all,seed_91_all,seed_92_all,seed_93_all,seed_94_all,seed_95_all,seed_96_all,seed_97_all,seed_98_all,seed_99_all,seed_100_all
IFNG,IL6,IFNG,IFNG,IFNG,IFNG,STAT1,IFNG,IFNG,IFNG,IFNG,IFNG,IFNG,IFNG,IFNG,IFNG,STAT1,IFNG,IFNG,IFNG,IFNG,IFNG,IFNG,TNF,TNF,IFNG,IFNG,GBP5,IFNG,IFNG,IFNG,IL1B,GBP5,IFNG,STAT1,IFNG,IFNG,IFNG,GBP5,IFNG,IFNG,STAT1,GBP5,IFNG,IFNG,IFNG,IFNG,TNF,IFNG,IFNG,IFNG,IFNG,IFNG,IFNG,IFNG,TNF,IFNG,CXCL10,IFNG,IFNG,GBP5,IFNG,IFNG,IFNG,IFNG,IFNG,TNF,IFNG,IFNG,IFNG,STAT1,IFNG,STAT1,HLA-DRB5,IFNG,IFNG,IFNG,IFNG,IFNG,IFNG,IFNG,GBP5,IFNG,IFNG,IFNG,IFNG,IFNG,IFNG,IFNG,IFNG,IFNG,IFNG,IL27,GBP5,IFNG,IL27,TNF,IFNG,IFNG,IFNG
TNF,TNF,TNF,TNF,TNF,TNF,IRF1,TNF,TNF,TNF,TNF,TNF,TNF,TNF,TNF,TNF,GBP5,TNF,IFNGR1,TNF,TNF,IFIT1,TNF,IL1B,IFNG,TNF,TNF,BNIP3L,TNF,IL27,TNF,TNF,BNIP3L,TNF,IRF1,TNF,TNF,TNF,BNIP3L,TNF,TNF,IFNG,STAT1,TNF,TNF,TNF,TNF,IL6,TNF,TNF,TNF,TNF,TNF,TNF,TNF,IL1B,IL12A,TNF,TNF,TNF,DUSP3,TNF,TNF,TNF,TNF,TNF,IL1B,TNF,TNF,TNF,IRF1,TNF,IRF1,IRF1,TNF,TNF,TNF,TNF,TNF,TNF,TNF,BNIP3L,TNF,TNF,TNF,TNF,TNF,IL12B,TNF,TNF,TNF,TNF,STAT1,BNIP3L,TNF,STAT1,IL6,TNF,IFNGR1,TNF
IL6,TNFRSF1A,IL1B,IL1B,IL6,IL1B,IFIT1,IL1B,IL1B,IL1B,IL1B,IL1B,IL1B,IL12B,IL1B,IL1B,GBP1,IL1B,IFNGR2,IL1B,IL1B,IFIT3,IL6,IL6,IL1B,IL6,IL1B,KLF6,IL1B,STAT1,IL1B,IL6,KLF6,IL1B,GBP5,IL6,IL1B,IL1B,KLF6,IL1B,IL1B,IFNGR1,IRF1,IL1B,IL6,IL27,IL6,IL10,IL1B,IL1B,IL1B,IL1B,IL6,IL1B,IL1B,IL6,IL12B,IL6,IL12B,IL6,KLF2,IL1B,IL1B,IL1B,IL1B,IL1B,IL6,IL1B,IL6,IL1B,TLR4,IL12B,TLR4,TNF,IL12B,IL12B,IL12B,IL1B,IL1A,IL6,IL12B,KLF6,IL1B,IL1B,IL1B,IL1B,IL12B,TNF,IL12B,IL1B,IL1B,IL12B,IRF1,KLF6,IL1B,TLR4,IL1B,IL1B,IFNGR2,IL12B
IL1B,TNFRSF1B,IL6,IL6,IL1B,IL6,IFIT2,IL6,IL6,IL6,IL6,IL1A,IL6,IL12A,IL6,IL6,GBP2,IL6,IFNAR1,IL6,IL6,OAS1,IL1B,IFNG,IL6,IL1B,IL6,DYSF,IL6,TLR4,IL6,IL27,DYSF,IL6,IL27,IL1B,IL6,IL1A,DYSF,IL6,IL6,IFNGR2,GBP1,IL6,CXCL10,STAT1,IL1B,IFNG,IL12B,IL1A,IL6,IL10,IL1B,IL6,IL6,IFNG,IL12RB1,IL1B,IL12RB1,IL1B,IDO1,IL6,IL6,STAT1,IL6,IL6,IFNG,IL6,IL1B,IL12B,IL27,IL12A,IL27,IL1B,IL12A,IL12A,IL12A,IL6,IL1B,IL1B,IL12A,DYSF,IL6,IL6,IL6,IL12B,IL12A,STAT1,IL12A,IL6,IL10,IL12RB1,TLR4,DYSF,IL6,IRF1,CXCL10,IL6,TNF,IL12A
IL10,IL1B,IL2,IL10,IL10,IL10,IFIT3,IL10,IL10,IL10,IL10,IL6,IL10,IL1B,IL10,IL10,IFITM3,IL10,IFNAR2,IL12B,IL10,GBP5,HLA-DRB1,IL12A,IL10,IL10,IL10,LASP1,IL10,IL1B,IL10,STAT1,LASP1,IL12B,TLR4,CXCL10,IL10,IL6,LASP1,IL10,IL10,IRF1,IFIT1,IL10,IL27,TLR4,IL10,IL1B,IL12A,IL6,IL10,IL6,IL12A,IL10,IL10,IL10,IL12RB2,IFNG,STAT1,IL10,IL1B,IL12B,IL12A,IRF1,IL12A,IL10,CCL2,IL10,IL1A,IL12A,HLA-DRB5,IL1B,HLA-DRB5,IL6,IL6,STAT1,IL1B,IL12A,IL6,IL12B,IL23A,LASP1,IL10,IL10,IL10,IL18,STAT1,IL1B,IL23A,IL10,IL6,IL23R,TNF,LASP1,IL10,IL15,CXCL9,IL10,TNFRSF1A,IL1B
IL12B,IL10,IL10,IFNGR1,IL12B,IL12A,ISG15,IL12A,IL12A,STAT1,IL17A,IL10,IL12B,STAT1,STAT1,STAT1,ISG15,IL12B,IFIT1,IL10,IL12B,GBP1,HLA-DRB5,IL12B,IL12A,IL12A,IL2,PCBP1,IL12B,TNF,IL17A,IRF1,PCBP1,IL10,CXCR4,IL10,IL12A,IL10,PCBP1,IL12A,IL12A,IRF9,OAS1,IL2,STAT1,IL12B,CXCL10,IL12B,IL6,IL10,IL17A,IL18,IL12B,IL12A,IL17A,IL12A,IFNGR1,IRF1,IRF1,IFNAR1,IFNG,IL12A,IL12B,IL27,IL12B,IL2,TLR2,IL12A,IL2,IL10,IL15,IL6,TNFA,IFNG,IL1B,IRF1,IL6,IL12B,IL10,IL12A,IL1B,PCBP1,IL27,IL12A,IL27,IL6,IRF1,IL12RB1,IFNGR1,IL12B,IL12B,TYK2,IFNG,PCBP1,IL12B,IL24,CCL2,IL4,TNFRSF1B,IL6
IL12A,IFNG,IL12A,IFNGR2,IL12A,IL12B,MX1,IL12B,IL12B,JAK2,IL12A,IL17A,IL12A,JAK2,STAT3,JAK2,OAS1,IL12A,IFIT2,TGFB1,IL23A,FCGR1A,TLR2,IRF1,IL12B,IL12B,IL17A,BATF2,IL23A,IL6,STAT1,TLR4,IFNG,TGFB1,VEGFA,CCL5,IL12B,IL12B,BATF2,IL12B,IL12B,ISG15,IFNG,IL17A,IRF1,IL10,CCL2,IL12A,IL10,IL12A,IL12B,IL12A,IL10,IL12B,IL12B,IL12B,IFNGR2,HLA-DRB5,IL1B,IFNAR2,TNF,IL23A,IL10,CXCL10,IL10,IL12B,HIF1A,IL12B,IL10,IL6,IL12B,CXCL8,IFNG,CXCL10,IL10,IRF8,IL10,TLR2,IL12A,IL10,IL1A,IFNG,IL17A,IL12B,IL17A,IL10,NOS2,TYK2,IFNGR2,IRF1,IL12A,IRF1,IL12B,BATF2,IL12A,IL2RA,CCL5,IL2,IL1B,IL10
IL23A,IL17A,IL12B,STAT1,IL23A,IL23A,OAS1,IL23A,IL17A,IL12B,IL12B,IL23A,IL23A,IFNGR1,IL12A,SOCS3,OAS2,IL18,IFIT3,IFNGR1,IL17A,ANKRD22,TLR4,HLA-DRB1,IL23A,IL18,IFNGR1,GBP1,IL17A,IL12B,STAT3,IL15,TNF,IL18,HIF1A,CCL2,IL18,IL12A,GBP1,IL18,IL18,ISG20,GBP2,IL1A,TLR4,IL1B,CXCL9,IL23A,IL2,IL12B,IL12A,IL12B,IL18,IL18,IL18,IL18,STAT1,CXCL9,IL6,STAT1,IL6,IL17A,IL17A,IL6,IL17A,IL12A,VEGFA,IL18,IL17A,IL2,IFNG,IL10,IL15,FCGR1A,IL23A,JAK2,IL17A,TLR4,IL12B,TGFB1,IL6,TNF,IL2,IL2,IL2,IL27,IL1B,IL23A,IL1B,HLA-DRB5,CXCL10,STAT1,IL1B,GBP1,IL18,TGFβ1,IL10,IL12A,IL1A,TLR2
IL27,IL17F,CXCL10,JAK2,IL27,IFNGR1,OAS2,IL17A,IL23A,IL12A,IL18,IL27,IL17A,IFNGR2,IL12B,ISG15,OAS3,IL27,OAS1,TNFRSF1A,CXCL10,SERPING1,IRF1,HLA-DRB5,IL17A,IL1A,TNFRSF1A,GBP2,STAT1,IL18,JAK1,IFNG,IL1B,IL17A,IL1B,IL12B,IL2,IL23A,GBP2,IL17A,TGFB1,OAS1,IFIT2,CXCL10,IL15,IL6,CCL5,IL17A,IL17A,IL18,IL2,CXCL8,CXCL10,IFNAR1,IL2,IL23A,STAT4,CCL5,IL10,STAT2,IL12B,IL10,STAT1,CCL5,STAT1,CXCL10,MMP2,IL23A,CXCL10,IL4,TNF,IL17A,IL1B,GBP5,IL17A,JAK1,IL2,TLR9,IL17A,IL17A,IL10,IL1B,IL12B,IL4,IL12B,IL15,IL6,NOS2,IL6,CXCL10,IL23A,IL10,IL6,GBP2,IL23A,CD80,IFNG,IL12B,IL1R1,TLR4
IL17A,CXCL10,CCL2,SOCS3,IL17A,IFNGR2,OAS3,IFNGR1,IL27,IL23A,IL23A,IL12A,IFNGR1,IL12RB1,IL18,IFIT1,IFIT1,IL4,OAS2,IL1R1,CXCL9,ETV7,STAT1,SOS1,TGFB1,CXCL10,IL1R1,GBP4,STAT3,IL10,JAK2,IL12A,IL6,IL2,TNF,IL12A,IL4,IL18,GBP4,IL17F,IL17A,OAS2,MX1,CXCL9,IL12B,CD274,IL12B,IL27,IL17F,IL17A,IL4,CCL2,CCL2,IFNAR2,STAT1,IL27,JAK1,CCL2,IL27,IRF9,IL10,TGFB1,IRF1,CXCL9,IRF1,IL17A,MMP9,IL17A,CXCL9,IL18,IL6,IL18,CD38,C1QB,IL18,IL1B,IL4,MYD88,IL17F,IL23A,IL18,IL1A,IL12A,IL17A,IL12A,IL2,IL27,CYBB,IL17A,CXCL9,CCL2,IL1B,CXCL10,IFNG,IL27,CD28,IL12B,IL18,IL12A,NOD2
IL2,CCL2,CCL5,VEGFA,IL2,TNFRSF1A,IFITM1,IFNGR2,IFNGR1,IL17A,IFNGR1,IL12B,IFNGR2,IL6,TLR2,OAS1,IFIT2,IL13,OAS3,JAK2,CCL5,BATF2,IL27,CXCL10,IL4,CCL2,TLR2,FCGR1A,JAK2,MMP1,SOCS3,IL12B,IL10,IL4,IFNG,CXCL9,TGFB1,IL2,FCGR1A,IFNGR1,CCL2,OAS3,ISG15,CCL2,IL12RB1,IDO1,IL18,TNFRSF1A,IL23A,IFNGR1,IL18,CCL5,STAT1,TLR2,STAT3,IL17A,JAK2,SOS1,TLR2,OAS1,GBP1,IFNGR1,GBP1,IFIT1,GBP1,IL1A,IL10,IL1A,CCL2,IL23A,IL1B,IL23A,TLR2,C1QC,CCL2,IL23A,IL5,NFKB1,IL18,CCL2,STAT1,IL6,IL15,IL18,IL15,IL23A,IL18,JAK2,IL10,CXCL11,FCGR1A,TLR2,IDO1,TNF,IFNGR1,NFATC1,IL1A,IL23A,IL12B,CD4
IL4,CCL5,CXCL8,VEGFC,IL4,TNFRSF1B,IFITM2,TNFRSF1A,IFNGR2,IL18,IFNGR2,IL18,TNFRSF1A,IL10,MYD88,MX1,IFIT3,IL17A,MX1,STAT1,CCL2,45904,IL17A,CXCL9,IL18,IL17A,TLR4,FCGR1B,TYK2,CCL7,SOCS1,IL18,IL12A,IL8,IL6,IL2,IL17A,IL17A,FCGR1B,IFNGR2,CCL3,OASL,TNF,CXCL11,IL23A,IL12A,IL12A,TNFRSF1B,IL23R,IFNGR2,IFNGR1,CXCL10,JAK2,TLR4,JAK1,IL17F,IRF1,NEMF,TLR4,OAS2,GBP2,IFNGR2,GBP2,IFIT3,GBP2,IL5,CCL3,IL2,CCL5,IL17A,IL10,TLR2,NOD2,SERPING1,CCL5,IL10,CXCL8,STAT1,IL23A,CXCL8,JAK1,IL12A,IL18,CXCL10,IL18,IL17A,IL23A,IRF1,IL2,CCL2,TLR2,TLR4,CD163,IL1B,IFNGR2,PTPRC,IL18,IL17A,IL12RB1,CD8A
IL15,CXCL9,IL17A,VEGFR2,IL15,IL1R1,IFITM3,TNFRSF1B,STAT1,CXCL10,IL1R1,IFNGR1,IL1R1,IL18,JAK1,GBP5,FCGR1A,IL17F,MX2,STAT3,CCL3,C1QC,IL2,CCL2,IL1A,IL23A,MYD88,STAT1,SOCS3,CCL8,IL12B,IL23A,IL12B,IL12A,IL10,IFNAR1,IL23A,IL17F,IFNG,IL1R1,CCL4,MX1,IL1B,CCL5,CD163,IL23A,CXCL8,IL6R,IL27,TNFRSF1A,IFNGR2,CXCL9,IRF1,NOD2,JAK2,IL2,IRF8,ASUN,NOS2,OAS3,GBP4,TNFRSF1A,GBP4,OAS1,GBP4,IL4,TLR4,IL4,CXCL8,IL17F,CD14,TLR4,IL12B,OAS1,CXCL10,IL6,CXCL10,JAK2,TGFB1,CCL5,JAK2,IL12B,IL23A,CCL2,IL23A,IL1A,CXCL10,SOCS3,IL18,CCL5,TLR4,TLR9,IL10,IL6,TNFRSF1A,NEMF,IL2,IL27,IL12RB2,GZMB
IL18,CXCL8,IL17F,CXCR4,IL18,IL1R2,IFI44,IL1R1,STAT3,CXCL9,IL6R,IFNGR2,IL6R,IL23A,JAK2,BATF2,FCGR1B,IL23A,IRF1,STAT4,CCL4,C1QB,IL10,CCL7,IL2,TGFB1,NFKB1,IFNG,SOCS1,SLC11A1,IL18,IL17A,IL18,IL15,CD274,IFNAR2,IL15,IL15,TNF,IL6R,CCL5,MX2,IL6,CXCL8,CD14,IL2RA,CCL3,IL6ST,IL15,TNFRSF1B,IL1A,IL2,NFKB1,NLRP3,NFKB1,IL4,TBX21,DHX29,CXCL10,OASL,STAT1,TNFRSF1B,GBP5,MX1,GBP5,IL13,CXCL8,IL27,CCL3,IL27,TLR2,NOD2,IL6,IFIT1,CXCL9,IL2,CCL2,IL10,TGFB2,CXCL10,TYK2,IL23A,IL1A,CCL5,IL1A,IL12A,CXCL9,IL6,TNFRSF1A,IL17A,TLR9,NOD2,TGFB1,IL10,TNFRSF1B,ASUN,IL17A,CXCL9,IL6,PRF1
IL36A,CCL18,IL23A,CCL2,IL36A,IDO1,IFI44L,IL6R,JAK1,CCL2,IL10RA,IL1R1,IL10RA,IL27,HIF1A,ANKRD22,BATF2,IL23R,IRF7,NFKB1,CXCL8,C1QA,IL12B,CCL8,IL15,IL4,STAT1,IRF1,IFNGR1,OLR1,IL23A,IL10,IL23A,IL21,PDCD1LG2,IL1A,IL27,IL27,IL1B,IL10RA,CXCL8,IFIT1,CXCL8,CCL7,IL2RA,IRF1,VEGFA,IL10RA,IL18,IL1R1,TNFRSF1A,IL4,TLR2,CASP1,RELA,IL5,TNF,PTPRC,CCL2,MX1,IRF1,IL1R1,FCGR1A,IFNB1,FCGR1A,CCL2,NOD2,TGFB1,CCL4,IL15,FCGR1A,NLRP3,NOS2,IFIT3,CCL3,TBX21,CCL5,VEGFA,CCL2,CXCL9,SOCS3,IL17A,CXCL10,CXCL8,CXCL10,CSF2,CCL2,IFNGR1,IL1A,VEGFA,CD274,CD14,IL15,IL12A,IL1R1,DHX29,IL23A,CXCL10,IL6R,FASLG
TGFB1,IL12A,IL23R,CCL5,TGFB1,NOS2,IFI35,IL10RA,JAK2,CCL5,IL17RA,IL1R2,JAK1,CCL2,VEGFA,TNFAIP6,TAP1,TGFB1,IRF9,RELA,HIF1A,MMP1,CXCL10,NEMF,IL21,IL13,JAK2,IRF3,IFNGR2,MMP8,TLR2,TGFB1,IL27,IL22,SOCS3,CCL4,CCL2,STAT1,IL1A,IL10RB,CXCL10,IFIT2,IL27,CCL8,IL24,IL1A,HIF1A,IL10RB,IL7,IL6R,JAK1,IL17A,TLR4,IRF1,MYD88,IL13,TNFRSF1A,CD274,MMP9,MX2,IFNGR1,IL6R,FCGR1B,ISG15,FCGR1B,CCL5,IL12B,IL15,IL12A,IL21,NLRP3,HLA-DRB1,IL10,STAT1,CCL4,CXCL10,IL18,CXCL10,CCL5,CD14,SOCS1,IL10,CCL2,IL1A,CCL2,CXCL10,CCL5,IL12A,CXCL10,VEGFC,PDCD1LG2,IRGM,IL2RA,IL12B,IL6R,TNF,IRF1,CXCL13,IL10,STAT1
IFNGR1,IL12B,IL27,CXCL10,IFNGR1,STAT1,IFI6,JAK1,SOCS1,MMP9,IL12RB1,IL6R,JAK2,CCL5,VEGFC,SCARF1,EPSTI1,TGFB2,STAT1,TLR2,TLR2,CCL7,CCL2,ASUN,IL27,IL27,IRF1,IRF5,IL1R1,MMP9,TLR4,IL1A,IL17A,IL23A,CXCL10,CCL3,CCL3,IRF1,IL6,IL12RB1,CXCL9,IFIT3,TLR4,VEGFA,TGFB1,IL1RN,IL1A,IFNGR1,IL4,IL10RA,JAK2,IL23A,CD14,IRF7,SOCS1,IL21,TNFRSF1B,CEACAM1,FCGR1A,IFIT1,IFNGR2,IL12RB1,BATF2,CXCL11,BATF2,CXCL9,IL23A,IL21,IL12B,IL22,CASP1,HLA-DQB1,JAK2,JAK2,CXCL8,CXCL9,IL27,CCL2,CCL19,TLR2,SOCS2,TGFB1,CCL4,TLR2,CCL4,CXCL9,TLR2,CXCL10,CXCL9,FGR,STAT1,VDR,NFKB1,IL17A,IL10RA,IL1B,STAT1,CCL2,IL10RA,JAK2
IFNGR2,IL27,TGFB1,MMP9,IFNGR2,JAK2,IFI27,JAK2,SOCS3,MMP1,IL18R1,IL10RA,STAT1,CXCL10,SOCS3,CDC42,ANKRD22,TGFB3,STAT2,TLR4,TLR4,CCL8,IL1RN,DHX29,CXCL8,IL15,IRF3,TBK1,IL6R,VEGFA,MYD88,IL2,IL4,IL27,CCL2,IL23A,CCL4,TLR2,IL10,IL12RB2,CCL19,IFI44,IL15,HIF1A,IFNGR1,CSF3,TLR2,IFNGR2,IL5,IL10RB,STAT1,CD274,FCGR1A,STAT1,SOCS3,IL22,NFKB1,CR1,CD14,IFIT2,IL12RB1,IL12RB2,SCARF1,CCL2,SCARF1,IL18,MMP1,IL22,IL18,TBX21,IL18,HLA-DRB5,STAT3,TLR2,CCL11,CXCL11,IL23A,CD14,CXCL8,TLR4,MYD88,IL18,CCL5,TLR4,CCL5,CXCL11,TLR4,CCL2,CXCL11,CFH,JAK2,NRAMP1,HLA-DRB5,IL18,IL12RB1,IL6,NFKB1,CCL19,IL10RB,IRF1
IL1R1,TGFB1,CD274,MMP2,IL1R1,IRF1,IFIH1,JAK3,IRF1,MMP2,IL23R,JAK1,STAT3,CCR2,SOCS1,IDO1,EIF2AK2,CCL2,JAK1,MYD88,TLR9,OLR1,VEGFA,PTPRC,CCL2,IFNA1,CXCL10,IFNAR1,IL10RA,S100A8,NFKB1,IL5,IL13,CXCL8,CCL5,IRF1,CCL5,TLR4,IL12A,TNFRSF1A,CXCL13,IFI44L,IL12B,ANGPT1,IFNGR2,IL18,TLR4,IL1R1,IL13,CXCL8,STAT3,PDCD1LG2,HLA-DRB1,STAT3,SOCS2,CSF2,NFKB2,FCGR1A,HLA-DRB1,IFIT3,JAK2,IL10RA,ANKRD22,CCL7,ANKRD22,STAT1,CXCL10,IL32,IL23A,RORC,CD80,IRF1,IL2RA,TLR4,TLR2,CCL2,TGFB1,IRGM,CXCL10,NOS2,TLR2,IL27,CXCL9,NFKB1,CXCL9,CCL2,CD274,TLR2,CCL2,SOS1,IFIT1,SLC11A1,CCL2,IL27,IFNB1,CXCL10,TLR2,CD4,IL17A,NFKB1
IL10RA,TGFB2,PDCD1,PECAM1,IL10RA,IRF8,DDX58,STAT1,IRF8,NOS2,TNFRSF1A,JAK2,STAT5A,CCR5,SOCS2,TLR2,SERPING1,CCL3,JAK2,IRAK4,NOD2,FAM124A,IL15,CCL1,CCL3,IFNB1,CCL2,IFNAR2,IL12RB1,S100A9,RELA,IL1RN,TGFB1,CXCL10,IL12B,HLA-DRB1,CXCL10,TLR9,IL12B,TNFRSF1B,CCR7,IFI6,JAK1,ANGPT2,CCL1,TLR2,CD14,IL1R2,IL21,CXCL9,STAT4,TLR2,HLA-DRA,STAT4,SOCS4,CSF3,RELA,FCGR1B,JAK2,ISG15,CXCL10,IL10RB,sept4,IL15,SEPT4,JAK2,CCL5,IL37,IL27,STAT1,IL2RA,STAT1,CD80,CD38,TLR4,CCL5,IL1A,SLC11A1,CXCL12,ARG1,TLR4,CXCL8,STAT1,STAT1,STAT1,CCL5,PDCD1LG2,IL17A,CCL5,PTPRC,IFIT3,HLA-DRB1,IL23A,CXCL8,IFNAR1,CCL5,TLR4,CD8A,IL17RA,RELA
STAT1,IL4,HIF1A,HIF1A,STAT1,IL2,IL6,STAT3,UBE2L6,IDO1,JAK1,STAT1,TBX21,TLR2,IL17A,TLR4,MX1,CCL4,IL1B,SOCS3,FCGR1A,LGALS17A,IL2RA,IL23A,CCL4,IRF1,CCL5,ISG15,IL23R,PTPRC,CD14,NFKB1,IL2,CCL2,IL15,HLA-DRB5,CXCL9,CD14,IL18,CCL2,TLR2,IFI27,IL12RB2,TGFB1,CCL2,IL15,FCGR1A,IL1RN,IL22,CXCL10,TLR2,TLR4,VEGFA,NFKB1,SOCS5,CXCL10,RELB,IFITM1,IL23A,ISG20,CCL2,TGFBR1,CXCL9,IL10,CXCL9,NFKB1,IL1A,TLR2,IL4,STAT3,CD86,STAT3,NFKB1,IL12B,NOD2,CD4,STAT1,VDR,CXCL13,MMP9,TLR9,CCL2,IRF1,JAK2,IRF1,CCL3,IDO1,STAT4,CXCL8,NEMF,OAS1,HLA-DRB5,IL17A,CXCL13,IL17A,CXCL9,MMP1,CD14,IL23A,IL18
STAT3,IL13,VEGFA,LDHA,STAT3,IL4,TNF,STAT4,BATF2,SOCS3,JAK2,STAT3,GATA3,TLR4,CD14,NOD2,MX2,CCL5,IL1A,IL27,CD14,IDO1,CD274,IL23R,CCL5,IRF3,CXCL8,IFIT1,TLR2,CD28,CD68,RELA,IL15,CCL3,IL18,CD4,CXCL8,IFNGR1,IL23A,CCL3,TLR4,IFI35,IL18,SLC2A1,CCL3,CD80,NLRP3,IL12RB1,IL32,CXCL11,TLR4,TLR9,HIF1A,NFKB2,CISH,CXCL9,TRADD,IRAK3,IL17A,IFI27,CCL5,TGFBR2,CXCL10,IL2,CXCL10,NFKB2,IFNAR1,TLR4,IL13,STAT4,CD28,JAK2,IL23A,IL12RB1,TLR9,CD8A,JAK2,IL1A,JAK1,MMP2,NFKB1,CXCL10,IRF9,IRF1,IRF9,CCL4,HIF1A,MYD88,CCL3,ASUN,GBP5,NOS2,GBP5,CCL19,IL1A,CXCL11,MMP9,CD33,IL23R,IL23A
STAT4,IL2,NOS2,HK2,STAT4,IL5,IL1B,STAT5A,SERPING1,SOCS1,STAT1,STAT4,RORC,NOD2,CD68,NLRP3,IFI27,CCL8,IL1R1,IL23A,IFIT1,IL1B,CTLA4,IL10,CXCL10,IRF7,CCL19,IFIT2,TLR4,CD80,CD163,MYD88,IL21,CCL4,IL23A,CD8A,CCL19,TNFRSF1A,IL27,CCL4,TLR9,IFIH1,IFNGR1,LDHA,CCL4,CD28,IL17A,IL12RB2,IL1A,CXCL13,TLR9,NOS2,MMP1,RELA,TLR2,CCL2,TRAF2,LILRA6,IL2,IFI44,CXCL9,IL2,CXCL11,IL12B,CXCL11,TLR2,IRF1,TLR9,SOCS3,JAK1,CTLA4,NFKB1,CXCL10,IFNGR1,TLR1,CD8B,NFKB1,IL1RN,JAK2,MMP1,RELA,CXCL13,IFIT1,CD4,IFIT1,CCL7,VEGFA,IL18,CCL4,DHX29,GBP1,CYBB,NLRP3,CCR2,TNFAIP3,HLA-DRB5,MMP3,CD40,IL18,IL17A
STAT5A,IL5,ARG1,PKM,STAT5A,IL13,IL1A,STAT5B,VAMP5,IRF1,STAT3,STAT5A,SOCS1,NLRP3,CCL2,AIM2,IFI35,CCL19,IL1R2,IL17A,IFIT2,ISG15,PDCD1,TGFB1,CXCL9,STAT1,CXCL13,IFIT3,NFKB1,CD86,CCL2,TLR2,IL22,CCL5,NFKB1,TBX21,CXCL13,GBP5,IL17A,CCL5,CD14,DDX58,CXCL10,PKM,CXCL1,NFATC1,TGFB1,IL18,IL1RN,CCL2,MYD88,ARG1,MMP9,RELB,TLR4,CCL3,RIPK1,MAPK14,IFNGR1,IFI44L,CXCL11,IL2RA,CCL2,IL17A,CCL2,TLR4,NFKB1,NOD2,SOCS1,JAK2,PDCD1,RELA,CCL2,IFNGR2,TLR6,GZMB,RELA,TNFRSF1A,STAT1,TIMP1,IRF1,CCL19,IFIT2,CD8A,IFIT2,CCL12,SLC11A1,NFKB1,CXCR3,IL2,GBP2,NCF1,IL4,CCR5,IL10RB,IFNG,MMP12,CD80,IL18R1,IL17F
STAT5B,IL1A,IDO1,SLC2A1,STAT5B,IL15,IL27,STAT6,GBP1,TLR2,STAT4,STAT5B,SOCS3,NOS2,CCL3,MMP1,IFI44,CXCL8,TNF,IL18,IFIT3,IRF7,IL24,NOS2,CCR2,STAT3,CD4,RSAD2,RELA,CD274,CXCL9,JAK2,IL36A,CXCR4,NFKB2,GATA3,CXCL1,LASP1,IL17F,CCL7,NOD2,IFITM1,CCL2,HK2,CXCL2,PTGDR2,IL23A,IL18R1,IFNGR1,CCL3,IRAK1,HIF1A,CCL7,REL,TLR9,CCL4,MAP3K7,PDCD1LG2,IFNGR2,IFI6,CD274,IL4,CCL3,TGFB1,CCL3,TLR9,STAT1,MYD88,SOCS2,IFNGR1,LAG3,IL2,CCL5,CD4,MYD88,PRF1,IRF1,TNFRSF1B,STAT3,ICAM1,IRF3,CCL5,IFIT3,IFNGR1,IFIT3,CCL8,GPX4,IL10,CCR2,IL4,ANKRD22,NCF2,IL13,CCR7,IL12RB2,IL10,VEGFA,CD86,IL2,CXCL10
IRF1,STAT1,JAK1,PDK1,IRF1,IL17A,IL15,SOCS1,GBP5,MYD88,STAT5A,SOCS1,IRF1,HIF1A,CXCL10,MMP9,IFI44L,CXCL9,TNFRSF1A,IL15,MX1,IRF3,TGFB1,IDO1,CCR5,JAK2,CD8A,IRG1,MYD88,PDCD1LG2,CXCL10,STAT3,STAT1,CCR2,RELA,STAT1,CXCL2,KLF6,TGFB1,CCL8,NLRP3,IFITM3,CCL5,PDK1,CXCL9,IL24,IL4,IL23R,IFNGR2,CCL4,MAPK1,VEGFA,CCL8,NFKBIA,NOD2,CCL5,IKBKB,C1QB,TBX21,IFIH1,LAG3,IL13,CCL4,CD274,CCL4,IRF1,CD14,IRAK4,CISH,IFNGR2,HAVCR2,IL27,IFIT1,CD8A,VEGFA,GNLY,TBX21,IL18,STAT4,VCAM1,IRF7,CXCR3,MX1,IFNGR2,MX1,CCL1,CEACAM1,IL1A,CCR5,TGFB1,SERPING1,PARK2,CXCL8,CXCR4,TNFAIP2,CD274,HIF1A,HLA-DRB1,IL2RA,CCL2
NFKB1,STAT3,JAK2,PFKM,NFKB1,IL17F,IL2RA,SOCS2,FCGR1A,NFKB1,SOCS1,SOCS2,IRF3,VEGFA,CXCL8,VEGFA,IFI6,CXCL10,TNFRSF1B,IL2RA,OAS1,STING1,CD80,TNFRSF1A,CCR7,SOCS1,TBX21,CXCL10,IRAK4,LAG3,MMP9,SOCS3,STAT2,CCR5,JAK2,STAT4,CCL7,DYSF,TGFB2,CCL19,IRGM,GBP1,IFITM3,PDCD1,CXCL11,TGFB1,IL13,IL17RA,TNFRSF1A,CCL5,MAPK3,MMP9,CCL19,IKBKB,NLRP3,CCL19,IL1B,C2,GATA3,DDX58,PDCD1,IL18,CCL5,PDCD1,CCL5,IRF4,NLRP3,TRAF6,SOCS5,IL12RB1,TIGIT,TGFB1,ISG15,GZMB,VEGFC,NOS2,GATA3,IL23A,STAT5A,CCR2,NOS2,CCR2,MX2,IL1R1,MX2,CXCL1,HAVCR2,CCL5,CXCR4,NOS2,ETV7,LRRK2,CCL5,TLR2,TNFRSF9,JAK2,PDGFB,HLA-DRA,IL4,CCL5
NFKB2,JAK2,STAT1,G6PD,NFKB2,IL18,IL24,SOCS3,FCGR1B,RELA,SOCS3,SOCS3,IRF7,SLC11A1,IL23A,HIF1A,IFIH1,CXCL11,IL6,CD38,OAS2,CGAS,CD28,TNFRSF1B,CXCR3,SOCS3,GATA3,OAS1,TRAF6,CTLA4,MMP1,SOCS1,JAK1,CCR7,STAT3,JAK1,STAT1,PCBP1,STAT1,CCL22,MYD88,GBP2,EPSTI1,CTLA4,CCL11,HLA-DRB5,STAT1,STAT1,TNFRSF1B,CCL19,MAPK14,MMP2,CXCL8,IKBKG,GBP5,CCL21,IL1A,CCR2,SOCS3,DDX60,CTLA4,CXCL8,CCL7,CTLA4,CCL7,SOCS1,IL18,NFKB1,SOCS4,IL12RB2,NFKB1,CCL2,IFIT3,PRF1,VEGFD,ARG1,RORC,IL27,STAT5B,CCR5,CYBB,STAT1,OAS1,IL6R,OAS1,CXCL2,LAG3,GBP5,CXCL12,CD4,BATF2,ATG16L1,MMP1,TLR4,TNFSF12,STAT3,FGF2,TLR2,IL4R,CCL7
REL,TLR2,STAT3,IDH1,REL,IL21,IFNG,SOCS4,ISG15,CD14,SOCS5,SOCS4,NFKB1,VDR,IL22,HK2,DDX58,CXCL13,IL6R,PTPRC,DDX58,TBK1,NFATC1,TLR2,CX3CR1,TLR2,RORC,OAS2,CCL2,ICOS,MMP3,NFATC1,JAK2,CXCL12,STAT4,JAK2,STAT3,BNIP3L,STAT3,CXCL8,NFKB1,GBP4,TAP1,LAG3,VEGFA,SOS1,JAK2,STAT3,IL1R1,CXCR1,CD14,MMP1,CXCL12,MYD88,GBP1,CXCL8,IL1RN,CCRL2,IL18,EIF2AK2,TLR2,CCL2,CCL8,LAG3,CCL8,SOCS3,IL17A,RELA,SOCS7,TNFRSF1A,NFKB2,CCL5,IFI44L,FASLG,FLT1,CD68,FOXP3,IFNGR1,STAT6,CCR7,NCF1,JAK2,OAS2,TNFRSF1A,OAS2,CXCL8,STAT4,CD274,TLR2,CD8A,SEPT4,IRGM1,MMP9,TLR9,IFNA1,IL17A,ANGPT1,TLR4,IL5,CCL8
RELA,TLR4,STAT4,SDHB,RELA,IL22,IL10,SOCS5,ISG20,CD68,SOCS2,SOCS5,RELA,CYP27B1,NFKB1,PKM,DDX60,CX3CR1,IL10,CD80,IFIH1,STAT1,PTGDR2,TLR4,CXCL13,TLR4,FOXP3,OAS3,CCL5,CD40,MMP2,JUN,IRF1,CXCL13,TBX21,NFKB1,STAT4,BATF2,STAT4,CXCL9,RELA,GBP5,FCGR1A,TIGIT,MMP2,IKBKG,NFKB1,STAT4,IL12RB1,CXCR2,NFKB1,TIMP1,CXCL13,TRAF6,GBP2,CXCL1,IL6,LILRB4,HIF1A,RSAD2,TLR4,CCL5,CXCL13,TLR4,CXCL13,TBX21,IL15,IRF3,MMP1,TNFRSF1B,RELA,CXCL10,RSAD2,CCL2,KDR,CD163,CD4,IFNGR2,NFKB1,CX3CR1,NCF2,STAT3,ISG15,TNFRSF1B,ISG15,CXCL5,IRF8,IL27,TLR4,TBX21,MX1,P2RX7,CD80,NOD2,IFNAR2,IL17F,ANGPT2,TLR9,IL5RA,CXCL8
TLR2,TLR1,IL1R1,TLR2,TLR2,IL27,CCL2,SOCS6,MMP9,HIF1A,SOCS4,SOCS6,TLR2,IL12RB2,RELA,LDHA,CXCL10,TLR2,IL12A,CD274,STAT1,JAK1,IL23A,NOD2,CCL19,TLR8,CTLA4,MX1,CXCL8,IRF1,VEGFA,IL6R,IRF3,CCL19,GATA3,RELA,NFKB1,C1QA,STAT5A,CXCL10,CD4,RSAD2,IFIT3,HAVCR2,MMP9,RETN,MYD88,IRF1,IL12RB2,CXCR4,RELA,ICAM1,IL23A,CXCL8,GBP4,CXCL2,IL6R,MSR1,NFKB1,GBP1,TLR1,CXCL10,TLR2,HIF1A,TLR2,GATA3,CD64,TLR1,MMP9,CCL2,MYD88,CXCL9,OAS1,CCL5,FLT4,TLR2,CD8A,IL12RB1,RELA,STAT1,NCF4,JAK1,ISG20,IL10RA,ISG20,STAT1,CXCL11,HIF1A,TLR9,GATA3,IRF1,LTA4H,CD28,NLRP3,IL17F,IL23A,TIMP1,CR1,TGFB1,CXCL9
TLR4,TLR6,IL1RN,TLR4,TLR4,IL33,CCL5,SOCS7,MMP1,VEGFA,SOCS6,SOCS7,TLR4,JAK1,MAPK14,NOS2,CXCL9,TLR4,IL12B,PDCD1,JAK2,TYK2,TLR8,NLRP3,TLR2,MYD88,PDCD1,MX2,CXCL10,IRF7,HIF1A,TNFRSF1A,IRF7,TLR2,RORC,IL17A,RELA,C1QB,STAT5B,CXCL11,CD8A,HERC5,ISG20,F3,TIMP2,NEMF,IL2,IRF4,IL7R,CCR2,IL23A,VCAM1,IL17A,CXCL10,IRF1,CD4,IL6ST,SLC7A2,RELA,GBP2,TLR6,CXCL9,TLR4,LDHA,TLR4,RORC,AIM2,TLR6,MMP2,CCL5,IRAK4,CCR5,MX1,CXCL9,HIF1A,TLR4,CD3E,IL12RB2,MYD88,JAK2,IL17A,STAT4,IFNAR1,IL10RB,IFNAR1,IRF1,CCL3,IFNGR2,NOD2,RORC,IRF7,CCL2,SPP1,IRF1,IL1RN,IL1A,TIMP2,FCGR1A,TGFBR1,CXCL11
TLR8,TLR9,MYD88,TLR9,TLR8,TGFB1,CXCL10,CISH,MMP2,IL1R1,SOCS7,CISH,TLR9,STAT4,MAPK8,CD274,CXCL11,TLR9,IL12RB1,HLA-DRB1,IRF1,MX1,TLR9,SLC11A1,TLR4,NFKB1,LAG3,IFI44,CXCL9,IRF9,IL1A,TNFRSF1B,IRF9,TLR4,FOXP3,IL17F,IRF1,C1QC,JAK1,CXCR4,CD8B,USP18,IFI44,SERPINE1,SPP1,ASUN,CD4,IRF7,TLR2,CCR5,IL27,SELE,IL27,CCL2,IRF7,CD8A,IL10,HMGB1,MAPK8,GBP5,MYD88,CCL3,TLR8,PKM,TLR8,FOXP3,TLR9,TLR8,MMP3,CCL7,TRAF6,CCR2,IFITM1,CXCR3,CXCR4,MYD88,CD14,STAT4,TLR2,NFKB1,IL17F,TLR2,JAK1,IL12RB1,JAK1,TLR4,CCL4,VEGFA,CD14,FOXP3,NFKB1,CCL5,S100A9,IRF7,TLR2,IL1RN,COL1A1,FCGR2A,TGFBR2,CCR2
TLR9,CD14,TLR2,MYD88,TLR9,TGFB2,CXCL9,CXCL8,VEGFA,TNFRSF1A,CISH,GBP5,MYD88,IRF1,MAPK1,CTLA4,CCL2,NOD2,IL12RB2,HLA-DQB1,IRF7,MX2,NOD2,VDR,TLR9,RELA,TIM3,IFI44L,CXCL5,STAT2,IL1RN,IL1R1,IFNAR1,TLR9,CD4,RORC,IRF3,CXCL10,JAK2,CCR1,CD3E,TNF,GBP4,F2,FN1,DHX29,CD8A,IRF8,TLR4,CCR7,IL1R1,F3,TGFB1,CCL5,ISG15,CD8B,IL10RA,S100A8,IL1A,FCGR1A,IRAK1,CCL4,NOD2,SLC2A1,NOD2,CD14,C3,CARD9,MMP12,CCL8,TAB1,CXCR3,IFITM3,CD19,LDHA,IFNGR1,CD68,TBX21,TLR4,RELA,IL23R,TLR4,JAK2,IL12RB2,JAK2,TLR2,IL10,MMP9,MYD88,STAT1,RELA,CXCL10,S100A8,STAT1,TLR4,IFNA1,COL3A1,FCGR3A,IL27,CCR5
NOD2,MARCO,TLR4,NFKB1,NOD2,CSF2,CXCL11,CXCL9,TGFB1,IFNGR1,VEGFA,BNIP3L,IRAK4,IRF8,MAPK3,C3,CCL5,NLRP3,IL17A,HLA-A,NFKB1,IFI44,IRGM,MBL2,TLR8,HLA-DRB1,NOS2,IFI27,MMP9,JAK1,TNFRSF1A,IFNGR1,IFNGR1,MYD88,CD8A,IL22,IRF7,CCL2,SOCS1,CCR2,CD3D,IL1B,OAS2,FGA,COL1A1,PTPRC,GZMB,NFKB1,TLR3,TLR2,IL6R,SERPINE1,IL2,CCL19,MX1,GZMB,IL17A,S100A9,CXCL9,FCGR1B,IRAK4,CCR2,NLRP3,PDK1,NLRP3,CD16,CXCL9,CLEC7A,TIMP1,CCL19,TAB2,CD14,GBP1,CD3E,PKM,IFNGR2,CD163,GATA3,NOD2,IRF1,TGFB1,TLR9,SOCS1,IRGM,SOCS1,MYD88,TGFB1,SOCS1,IRAK4,STAT3,CASP1,CCR5,NFATC1,JAK2,TLR9,IFNB1,FN1,HIF1A,IL27RA,CXCR3
NLRP3,CLEC7A,TLR9,RELA,NLRP3,CSF3,CCL19,CXCL10,CCL2,IL6R,VEGFB,KLF6,TRAF6,TBX21,NOS2,CRP,CCL3,PYCARD,IL17F,HLA-B,RELA,IFI44L,SLC11A1,FCGR2A,MYD88,HLA-DRB5,IDO1,IFIH1,MMP2,JAK2,TNFRSF1B,IFNGR2,CCL2,NFKB1,CD3E,IL18,IRF9,CCL5,SOCS2,CCR5,CD3G,IL6,MX2,FGB,COL1A2,TNFRSF1A,PRF1,NFKB2,TLR9,TLR4,IL10RA,PLAT,CD4,CXCL13,OAS1,PRF1,IL17F,S100A12,CCL5,CD274,NF-KAPPAB1,CCR5,CD209,VEGFA,CD209,CD68,IL2,IFNGR1,TIMP2,CCL20,MAP3K7,CD163,GBP5,CD14,HK2,GBP1,TLR2,RORC,SOCS1,HIF1A,TGFB2,NOD2,SOCS3,NLRP3,SOCS3,NFKB1,ARG1,IL23R,NFKB1,STAT4,NLRP3,CXCR3,PTGDR2,IRGM,MYD88,CXCR3,MRC1,PKM,STAT1,IL2
AIM2,CLEC4D,NFKB1,NLRP3,AIM2,CCL2,CCL20,CXCL11,CCL3,ARG1,VEGFC,DYSF,CD14,CD4,ARG1,IFNGR1,CCL4,CASP1,IL23A,FCGR1A,MYD88,IFI27,MBL2,CD209,IRAK4,HLA-DQB1,ARG1,TNF,MMP1,TYK2,CCL5,IL12RB1,CCL3,NFKB2,CD19,IL15,TBX21,MMP1,SOCS3,CCR7,GZMB,IL10,IL12A,FGG,CD4,CD163,FOXP3,RELA,TLR1,TLR9,SOCS1,THBD,CD8A,CCR2,CD68,GNLY,IL17RA,S100B,ICAM1,SOCS1,RELA,JAK1,MRC1,ENO1,MRC1,CD163,CCL4,IFNGR2,VEGFA,CXCL9,CHUK,MRC1,APOE,TBX21,PDK1,GBP2,TLR4,CD4,SOCS2,VEGFA,FOXP3,MYD88,IFI44,CASP1,IFI44,RELA,IL1A,TLR4,RELA,JAK1,AIM2,CD40LG,IL24,HIF1A,TLR1,CCR5,CD163,PFKM,STAT3,IL15
CARD9,CLEC4E,NFKBIA,CASP1,CARD9,CCL3,CXCL8,CXCL13,CCL4,ICAM1,KDR,LASP1,CD68,CD8A,ARG2,IFNGR2,CCL7,IRGM,IL23R,ITGAM,IRAK1,IFIH1,VDR,MRC1,NFKB1,CD4,SOCS1,TNFRSF1A,VEGFA,SOCS1,CCL8,IL12RB2,CCL4,RELA,CD14,CD274,GATA3,MMP9,SOCS4,VEGFA,PRF1,IL12A,JAK2,IL12A,CD8A,CD16,IL2RA,JAK1,TLR6,CD14,SOCS3,VWF,GZMB,CCR5,CD163,GZMA,IL23A,RAGE,VCAM1,SOCS3,TNFAIP3,JAK2,CLEC7A,PFKFB3,CLEC7A,CD209,CCL20,TNFRSF1A,VEGFB,CXCL10,IKBKB,FCGR1A,APOA1,GATA3,SLC2A1,GBP5,TLR9,CD8A,SOCS3,FGA,IL27,SOCS3,TLR2,AIM2,TLR2,MAPK1,CXCL8,IRGM,CLEC7A,JAK2,IL18,FCGR2A,HIF1A,MTOR,TLR6,IL12B,CD206,LDHA,STAT4,IL21
CLEC7A,IRAK3,CD14,IL18,CLEC7A,CCL4,CXCL2,CCL2,CCL5,VCAM1,FLT1,PCBP1,CD163,IL2,IDO1,IL1A,CCL8,CD4,IL27,CCL2,PTPRC,DDX58,SP110,SP110,RELA,CD8A,SOCS3,TNFRSF1B,TIMP1,SOCS3,CCL3,IL27RA,CCL5,IRF1,CD16,PDCD1,HIF1A,VEGFA,SOCS5,VEGFB,FASLG,IL12B,IFNGR2,IL12B,CD8B,CD14,CTLA4,JAK2,MYD88,CD68,CCL2,PLG,PRF1,CCR7,CD14,GZMH,IL23R,TLR2,IL15,CXCL10,CCL1,JAK3,MYD88,IDH1,MYD88,VEGFA,TNFRSF1A,TNFRSF1B,SPP1,CXCL11,IKBKG,SOCS1,LDLR,RORC,ENO1,GBP4,MYD88,CD3E,SOCS4,FGB,EBI3,SOCS2,TLR4,IL1RN,TLR4,MAPK3,CCL7,CCR2,CD209,NFKB1,PYCARD,MBL2,CXCR4,AKT1,CD14,IL12A,SPP1,HK1,JAK1,IL27
MR1,MYD88,CD68,IRGM,MR1,CCL5,CCL3,CCL3,CXCL10,TGFB1,FLT4,UBE2L6,NOS2,IL17A,MMP1,TGFB1,CCL19,CD8A,TGFB1,CCL5,CD19,TRIM22,NOS2,TYK2,STAT1,CD3E,CISH,IL1B,FGF2,ISG15,CCL4,IL10RA,CXCL8,IRF3,CD68,CTLA4,JUN,HIF1A,SOCS6,VEGFC,CD28,IL15,STAT4,IL18,CD3E,CXCL10,CCL4,TYK2,TIRAP,CD163,CCL3,FGA,FASLG,CXCR3,NOS2,GZMK,IL18,TLR4,CD4,CXCL9,CCL3,TYK2,CARD9,SERPIND1,CARD9,HIF1A,TNFRSF1B,IL1R1,FN1,CCR1,CCL2,SOCS3,CD36,IL17A,PFKL,IFI27,IRAK4,HLA-DRB1,SOCS5,FGG,CXCL8,SOCS1,TLR8,SOCS1,TLR8,JUN,CCL8,IL1R1,MRC1,RELA,C1QA,SP110,CXCL12,PKM2,IRAK4,MMP9,TGFB1,HK2,JAK2,CD40
CCL2,NFKB1,CD163,CD4,CCL2,CCL19,STAT2,CCL4,HIF1A,IL27,CXCR4,BATF2,ARG1,CCL3,MMP9,TGFB2,TNF,CD8B,CXCL1,CXCL10,CD3E,BST2,CCR5,JAK2,STAT4,GZMB,HLA-DRA,IL1R1,ICAM1,NLRP3,CXCL8,CXCL10,CXCL9,IRF7,CD163,TLR2,FOS,NOS2,SOCS7,FLT1,CD68,IL18,IRF7,IL23A,CD3D,CCL2,CCL19,SOCS1,VDR,MARCO,CCL4,FGB,IL15,VEGFA,ARG1,GZMM,IL18R1,TLR9,CD8A,CCL2,CCL4,STAT1,NOS2,FGA,NOS2,NOS2,IL12A,IL6R,COL1A1,CCR2,CCL5,IFI44L,FABP4,IL23A,MAP1LC3B,IFI44,HLA-DRB1,HLA-DQB1,SOCS6,F2,CXCL10,SOCS5,NOD2,SOCS3,NOD2,FOS,IRF3,NLRP3,CARD9,MAPK1,C1QB,CARD15,IL4R,LDHA,NFKB1,MMP1,LDHA,ENO1,TYK2,CD40LG
CCL5,NFKB2,CD206,CD8A,CCL5,CCL21,STAT3,CCL5,SLC2A1,CD274,CXCL12,SERPING1,IDO1,CCL4,MMP3,IL12A,IL1B,PDCD1,CXCL2,CXCL9,CD4,APOBEC3G,MMP1,STAT1,JAK2,PRF1,HLA-DRB1,IL1RN,VCAM1,CASP1,NOD2,CCL2,CXCL10,STAT1,CD206,TLR4,MYC,IL2RA,IRF1,KDR,CD163,IL23A,IRF8,IL22,CD3G,CCL5,CCL21,SOCS3,CYP27B1,MSR1,CCL5,FGG,IL21,VEGFB,HLA-DRA,FASLG,IL2,NOD2,GZMB,CCL5,IL18,STAT3,ARG1,FGB,ARG1,ARG1,IFNGR1,IL10RA,COL1A2,CCR4,CXCL10,IFI27,PPARG,IL23R,ATG5,IFI44L,HLA-DRB5,MMP9,SOCS7,F7,CCL2,CISH,NLRP3,TBX21,NLRP3,HLA-DRB5,IRF7,TNFRSF1A,VEGFA,MAPK3,C1QC,TIRAP,ARG1,PDK1,RELA,MMP3,HK2,GAPDH,NFKB1,ICOS
CCL1,RELA,HLA-DRA,IL2,CCL1,CXCL8,STAT4,CXCR4,HK2,PDCD1,HIF1A,VAMP5,CCL2,CX3CR1,MMP10,IL12B,IL6,CTLA4,CXCL8,CXCL8,CD8A,RSAD2,MMP9,STAT4,IRF1,FASLG,CD14,IL6,HIF1A,PYCARD,NLRP3,CXCL9,CXCL11,STAT3,ARG1,MYD88,TLR2,IL10RA,IRF7,FLT4,CD86,IL17A,BATF2,IL27,GZMB,CD69,CXCL11,TLR2,CYP24A1,MYD88,CXCL8,PROC,IL1A,FLT1,HLA-DRB1,CD3E,IL2RA,MYD88,PRF1,CCL19,IL23A,STAT4,IDO1,FGG,IDO1,MMP9,IFNGR2,IL10RB,HIF1A,CCR5,CCL3,ISG15,PPARA,IL10,IRGM,IFIT1,HLA-DQB1,MMP2,VEGFA,SERPINE1,CCL5,CD38,AIM2,GATA3,AIM2,HLA-DRB1,STAT3,CASP1,VEGFC,MAPK14,C2,MYD88,ESAT6,HK2,TIRAP,MMP12,PKM2,ALDOA,RELA,CTLA4
CXCL10,RELB,HLA-DRB1,IL12A,CXCL10,CXCL9,NFKB1,CCR2,PFKM,CTLA4,ARNT,VEGFA,CCL3,CCR7,MMP2,IL23A,IFNG,CD274,CXCL9,CCR5,CD40,OAS2,IFNAR1,IL1RN,IRF3,FAS,CD16,IL6R,LDHA,IL1A,IRAK4,CXCL8,CXCL13,STAT4,NOS2,IRAK4,TLR4,IL12RB1,IRF9,HIF1A,CD80,IL17F,CXCL9,IL4,PRF1,TBX21,CXCL1,TLR4,CAMP,NFKB1,CXCL9,PROS1,IL1RN,KDR,CXCL10,CD3D,IL2RB,NFKB1,FASLG,CXCL8,IL17A,STAT5A,CAMP,SERPINC1,CAMP,MMP2,TLR1,IL12RB1,LDHA,CCR6,CCR2,MX1,FASN,TGFB1,ATG16L1,IFIT2,FCGR1A,MMP1,VEGFB,PLAT,CXCL9,PTPRC,PYCARD,RORC,PYCARD,HLA-DRA,JAK2,ARG1,HIF1A,JUN,CD163,IRAK4,CFP10,PFKM,RELB,VEGFA,PDK1,IDO1,TLR2,PDCD1
CXCL9,MMP9,FCGR1A,IL12B,CXCL9,CXCL10,NFKB2,CCR5,PKM,HAVCR2,NFATC2,MMP1,CCL4,CXCL8,MMP7,IL18,IL10,PDCD1LG2,CXCL10,CCR2,CD86,OAS3,FCGR2A,IL2,IRF7,CD14,CD68,IL12B,PKM,IL1RN,TGFB1,CCL5,CCL19,JAK1,IDO1,TRAF6,TLR9,IL12RB2,NFKB1,EPAS1,HLA-DRA,IL22,CXCL11,IL5,CTLA4,GATA3,CXCL2,TLR9,DEFB4A,NFKB2,CXCL10,F7,CSF2,MMP2,CXCL9,CD3G,IL15,STAT1,CTLA4,CXCL13,IL27,STAT5B,S100A8,SERPINE1,S100A8,TIMP1,TLR6,IL12RB2,PKM,CCR7,CCR5,OAS1,ACSL1,FOXP3,BECN1,IFIT3,FCGR2A,TIMP1,MMP1,THBD,CCL19,CD14,CASP1,FOXP3,CASP1,CD80,TLR1,IL6R,FLT1,FOS,MRC1,TRAF6,LTA4H,SLC2A1,LY96,HIF1A,SLC2A1,MTOR,TLR4,CD274
CXCL11,MMP1,FCGR2A,IL23A,CXCL11,CXCL11,RELA,CCR7,LDHA,LAG3,ANGPT1,MMP2,CCL5,TLR9,MMP12,IL27,IL12A,LAG3,CXCL11,CXCR3,HLA-DRA,OASL,CD14,IL4,IRF8,CD16,CD163,IL12RB1,PFKM,IL1R1,TGFBR1,CCR2,CCR2,JAK2,HLA-DRA,CD14,NOD2,STAT3,NFKB2,ANGPT1,HLA-DRB1,IL27,IL2,CSF2,PDCD1,FOXP3,CCL7,TLR1,DEFB4B,RELA,CXCL11,F12,TNFRSF1A,MMP9,CCL2,CTLA4,IL15RA,STAT3,PDCD1,CD14,IL15,STAT6,S100A9,PLAT,S100A9,FN1,MYD88,IL17RA,HK2,CXCR4,CXCR3,IFIT1,CPT1A,PDCD1,ATG7,OAS1,FCGR3A,CCL5,MMP2,PROC,CCL21,FCGR3A,IL1RN,CD3E,IL1RN,CD86,TLR6,GBP1,KDR,HIF1A,ARG1,NFKB1,TLR2,G6PD,NFKB2,LDHA,SLC2A3,AKT1,MYD88,LAG3
CXCL8,MMP3,FCGR3A,IL17A,CXCL8,CXCL12,RELB,TLR2,PDK1,CD4,ANGPT2,MMP9,CXCL8,CARD9,SLC11A1,IL15,IL12B,TIGIT,CCL2,VEGFA,HLA-DRB1,GBP2,LTA4H,IL5,ISG15,CD68,CD206,IL18,HK2,MYD88,TGFBR2,CCR5,CCR5,SOCS1,HLA-DRB1,FCGR1A,NLRP3,STAT4,RELA,ANGPT2,NOS2,CXCL9,IFI44L,LTA,CD274,IL17A,CCL8,TLR6,SLC11A1,RELB,CXCL13,TFPI,IFNGR1,TIMP1,CCL5,PDCD1,IL21,JAK2,LAG3,CD16,IL2,SOCS1,S100A12,F3,S100A12,COL1A1,IRAK4,IL18R1,SLC2A1,CXCR5,CX3CR1,IFIT3,ACADM,CTLA4,SQSTM1,OAS2,NCF1,CXCL8,MMP3,PROS1,CXCR3,CD68,CARD9,CD3G,CARD9,CD28,CD86,MAPK14,ANGPT1,SLC11A1,NOS2,RELA,SOCS1,VEGFA,TLR10,PKM,ENO1,SLC2A1,MAPK14,HAVCR2
CXCL13,MMP12,CCR2,TGFB1,CXCL13,CXCL13,NFATC1,TLR4,SLC7A2,CD8A,TEK,TIMP2,CXCL9,CLEC7A,IRGM,IL21,IL18,KLRG1,CCL3,MMP9,CCR7,GBP4,TNFRSF1A,IL13,NOS2,CD163,CD11B,IL23A,SLC2A1,IRAK4,CSF2,CXCL13,CX3CR1,SOCS3,HLA-DRB5,MRC1,AIM2,JAK1,CRP,TEK,ARG1,CXCL10,IFI16,TLR2,PDCD1LG2,IL17F,CCL12,MYD88,IRGM,FCGR1A,CCR1,NPPB,IFNGR2,TIMP2,CXCL8,LAG3,IL21R,AKT1,IL4,CD38,IL4,SOCS2,LCN2,THBD,LCN2,COL3A1,TRAF6,IL18RAP,ENO1,CX3CR1,VEGFA,GBP1,ACAT1,LAG3,F3,OAS3,NCF2,CXCL9,MMP9,SERPINC1,CCR7,CD4,CLEC7A,CD28,CLEC7A,CTLA4,CD80,TGFB1,ANGPT2,FCGR1A,IDO1,MAP3K7,SOCS3,VEGFC,CCL2,ENO1,PFKL,SLC2A3,MAPK8,TIGIT
CCR2,VEGFA,CCR5,FOXP3,CCR2,CX3CL1,BATF2,TLR9,NOS2,PRF1,CCL2,CCL2,CXCL10,MRC1,LRRK2,IL17A,IL23A,TBX21,CCL4,MMP2,CXCR3,IFITM1,TNFRSF1B,IL17A,NCF1,MARCO,CD11C,CXCL8,SLC7A2,TRAF6,IL2,CCL19,TLR2,HLA-DRB1,TAP1,CD209,DDX58,JAK2,SAA1,NFATC2,MRC1,CXCL11,OAS3,TLR4,TBX21,RORC,CCR5,TIRAP,NOS2,FCGR2A,CCR2,NPPA,IL6R,ICAM1,CXCL11,TIGIT,CCL2,MTOR,IL13,TLR2,IL13,SOCS3,DEFB4A,PROC,DEFB4A,SPP1,IL1R1,IL23R,PFKL,TLR1,VEGFB,GBP5,HMGCR,HAVCR2,FGB,MX1,CYBB,CCL3,MMP12,VWF,CD4,CD8A,CD14,CTLA4,CD14,PDCD1,CD40,S100A8,TEK,TLR2,PTGS2,TAB1,CD44,VEGFD,CXCL10,HK2,MTOR,IDH1,MAPK1,IDO1
CCR5,VEGFB,CCR7,BATF2,CCR5,SPP1,JUNB,MYD88,ARG1,GZMB,CCL5,CCL19,CXCL13,CD209,VDR,IL17F,IL27,GATA3,CCL5,TIMP1,CCR5,IFITM3,JAK2,IL17F,NCF2,MSR1,CSF1R,CXCL9,IDO1,NFKB1,IL4,VEGFA,TLR4,HLA-DQB1,TAP2,NOS2,IFIH1,NFKB1,SAA2,P2RX7,CD38,CCL2,GBP3,NOD2,GATA3,IL22,CCR2,CD14,CYBA,FCGR3A,CCR5,BNP,IL6ST,VCAM1,CD3E,HAVCR2,CCL3,HIF1A,TGFB1,TLR4,TGFB1,SOCS4,CYBB,CASP3,CYBB,CD36,IL1RN,IL27RA,PDK1,TLR2,FLT1,AIM2,SREBF1,NOS2,FGA,MX2,MPO,CCL4,MMP13,CD40,CD8A,FOXP3,CD36,PDCD1,CD36,LAG3,TNFSF4,IRF8,FGF2,TLR4,MMP1,TAB2,CD14,KDR,CCL5,PFKL,AKT1,IDH2,MAPK3,ARG1
CD14,VEGFC,CXCR3,NOS2,CD14,CCR1,TLR4,IRAK4,TLR2,IL2RA,CXCL8,CXCL8,CCR2,ATG5,CYP27B1,IL22,TLR2,RORC,CCL19,NOS2,IL7R,AIM2,STAT4,IL22,NCF4,FCGR1A,CSF2RA,CXCL11,NOS2,IFNA1,IL13,VEGFB,TLR9,CD14,PSMB8,ARG1,CLEC7A,RELA,S100A8,IL1A,VEGFA,CCL3,HIF1A,CD40,RORC,IL2,CXCR3,LY96,NCF1,CD3E,CXCR3,EDN1,SOCS3,CD4,CD4,CD274,CCL4,VEGFA,IL22,TLR9,TGFB2,SOCS5,PRF1,CASP8,PRF1,MSR1,CSF2,JAK1,PDK4,TLR4,KDR,PYCARD,SREBF2,ARG1,FGG,ISG15,MMP9,CSF2,MMP14,CD40LG,CD8B,CD19,MARCO,CD274,MARCO,HAVCR2,IL2RA,IRAK1,PDGFB,MYD88,MMP9,JAK2,SCD14,FLT1,CXCL9,SLC2A1,HIF1A,SDHB,SOCS1,NOS2
FCGR3A,FLT1,CD4,ARG1,FCGR3A,CCR2,TLR2,TRAF6,TLR4,CD40,CXCL10,CXCL13,CCR5,ATG7,IL1R1,IL2,TLR4,CD68,CCL20,ARG1,GZMB,NLRP3,MAPK14,IL27,CYBB,FCGR1B,VEGFA,CCL2,CYBB,IFNA2,CD4,VEGFC,MYD88,CD16,PSMB9,IDO1,CD14,CCL3,S100A9,PKM,VEGFC,CCL4,SLC2A1,CD80,HIF1A,NFKB1,CXCR4,CCL2,NCF2,CD3D,CXCR5,ACE,CXCR4,CD8A,CD8A,PDCD1LG2,CCL5,MMP1,RORC,MYD88,IFNA1,SOCS6,GZMA,HMGB1,GZMA,LDLR,CD163,JAK2,SLC1A5,TLR6,HIF1A,CASP1,NPC1,IL18,PLG,RSAD2,MMP2,GMCSF,HIF1A,IL18,GZMB,VEGFA,MSR1,HLA-DRA,MSR1,IL2RA,IL2RB,CXCL8,EPAS1,IRAK4,MMP3,STAT3,CSF2,FLT4,CCL3,PDK1,PRKAA1,FH,SOCS3,HMOX1
CD68,KDR,CD8A,CD163,CD68,CCR5,CD80,NLRP3,MYD88,CD40LG,CXCL13,CXCR2,CXCR3,ATG16L1,IL1RN,IL4,TLR9,CD163,CXCR4,IDO1,PRF1,CASP1,MAPK8,IRGM,CYBA,CR1,VEGFR2,CCL3,NCF1,IFNB1,CD8A,KDR,NFKB1,CD86,NLRP3,NCF1,GBP1,CCL4,S100A12,PFKM,FLT1,CCL5,LDHA,CD86,SLC2A1,MYD88,NOS2,CCL3,NCF4,CD3G,CD4,AGT,CCR2,CD8B,GZMB,KLRD1,CCR2,MMP9,IL12A,IRAK4,IFNB1,SOCS7,GZMB,NLRP3,GZMB,APOE,CD40,JAK3,SLC7A5,TLR9,EPAS1,IL1R1,NPC2,IL1RN,SERPINE1,IFI6,MMP1,IL2,MTOR,NLRP3,PRF1,VEGFB,FCGR1A,HLA-DRB1,FCGR1A,IL2RB,IL2RG,PDCD1LG2,VHL,CD14,MMP12,STAT4,CXCL9,ANGPT1,CCL4,IDH1,PPARG,MDH2,IRAK4,CYBB
CD163,FLT4,CD3E,MRC1,CD163,CCR7,CD86,PYCARD,NLRP3,TBX21,CCR2,PDCD1,ICAM1,IRGM,IL18R1,IL13,NOD2,MRC1,CCR1,SLC7A2,GNLY,PYCARD,CD36,LRRK2,MPO,C1QB,HIF1A,CCL4,NCF2,IFNAR1,GZMB,FLT1,RELA,CD80,CASP1,NCF2,GBP2,CXCL9,MMP8,PFKL,KDR,CCL7,PKM,CD274,PFKM,CARD9,ARG1,CCL4,ARG1,CD4,CD8A,REN,CCR7,TBX21,PRF1,KLRK1,CCR5,PYCARD,TNFRSF1A,NOS2,ISG15,CISH,GZMH,IL18,GZMH,ADFP,CD86,TYK2,MYC,MYD88,EGLN1,MYD88,ABCA1,CCR2,F2,IFI16,TIMP1,PTPN22,AKT1,CASP1,FASL,FGF2,FCGR2A,CD14,FCGR2A,IL2RG,GZMB,FCGR1A,LDHA,LY96,TIMP1,SOCS1,CXCL11,ANGPT2,CCL7,IDH2,SLC16A1,VEGFA,TRAF6,NCF1
MRC1,TIMP2,GZMA,CD68,MRC1,CXCR1,CD28,CASP1,CASP1,FOXP3,CCR5,CTLA4,VCAM1,BECN1,IL18BP,CCL2,CARD9,CD14,CCR2,SLC11A1,CTLA4,IL18,PLIN2,ATG16L1,SOD2,C2,VHL,CCL5,NCF4,IFNAR2,PRF1,HIF1A,MAPK1,CD40,IL1A,CYBB,GBP5,CXCL11,MMP9,PFKP,FLT4,CCL8,PDK1,PDCD1LG2,PKM,IL33,IDO1,CCL5,ATG5,CD8A,CD3E,ALDH2,CCR5,GATA3,CD27,NCR1,CCR7,AIM2,TNFRSF1B,ARG1,ISG20,TLR2,GZMK,GSDMD,GZMK,ACSL1,CD80,STAT1,PPARG,TIRAP,EGLN3,IRAK4,ABCG1,CCR5,NPPA,IFI35,TIMP2,TIRAP,AKT2,IL1A,CD40LG,PDGFB,FCGR3A,CD16,FCGR3A,IFNGR1,PRF1,S100A9,PDK1,NLRP3,VEGFA,SOCS3,CCL19,TEK,CCL8,SERPINE1,SLC16A3,VEGFB,MAP2K1,NCF2
NOS2,TIMP3,GZMB,MARCO,NOS2,CXCR2,CD40,IL1A,IL18,IL4,CXCR1,LAG3,SELE,MAP1LC3B,TLR4,CCL3,CLEC7A,FCGR3A,CCR5,NCF1,PDCD1,GSDMD,CPT2,CARD9,ATG5,C3,SLC2A1,CCR2,CAMP,MX1,FASLG,CXCR4,MAPK3,CD83,AIM2,PTGS2,FCGR1A,CCL7,MMP2,HK1,HIF1A,CCL19,HK2,CD14,LDHA,IL1RL1,IRF1,CCL7,ATG7,CD8B,TBX21,CYP11B2,CD274,RORC,IL7R,NCR2,CXCL8,NLRP3,IL6R,IDO1,OAS1,TLR4,GNLY,BCL2,GNLY,PSAP,IL4,STAT3,CXCR3,NOD2,VHL,TRAF6,LIPA,CXCR4,NPPB,BST2,NOS2,IRAK1,PKM,IL27,ICOS,MMP9,CD3E,CD68,CD3E,IFNGR2,FASLG,NCF1,HK2,CASP1,HIF1A,IL6,CXCL13,PECAM1,CXCL11,F3,IDH1,VEGFC,MAP3K7,NCF4
ARG1,PDGFA,PRF1,CD36,ARG1,CXCR4,CD274,IL18,CARD9,IL13,CXCR2,TIGIT,SELP,SQSTM1,TLR9,CCL4,CD36,ITGAM,CCR7,CYBB,LAG3,CXCL10,FATP1,DECTIN1,ATG7,C4A,HK2,CCR5,DEFB4A,OAS1,IL17F,CXCL12,MAPK14,CD68,PYCARD,ALOX5,FCGR1B,IL4,MMP3,HK2,CXCR4,CCL20,ENO1,CD68,HK2,FCGR1A,IRF8,CCL20,ATG16L1,CD69,GATA3,LDHA,PDCD1LG2,FOXP3,CASP1,NCR3,CXCL9,CASP1,CD40,TGFB1,OAS2,TLR9,FASLG,BAX,FASLG,PPARG,IL5,STAT4,CCR2,CARD9,SLC11A1,MAPK14,LIPG,VEGFA,MYH7,IFITM1,ARG1,NFKBIA,PFKM,IL4,CTLA4,MMP2,CD4,CD163,CD4,TNFRSF1A,FAS,STAT3,PKM,IL18,EGLN1,IL6R,IP10,F3,CCR2,THBS1,IDH2,FLT1,HLA-DRB1,LAMP1
MARCO,PDGFB,FASLG,FCGR1A,MARCO,CX3CR1,PDCD1,VEGFA,CLEC7A,RORC,CCL19,BTLA,MMP1,ULK1,TLR1,CCL5,MARCO,ITGAX,TLR1,RAC2,HAVCR2,CXCL9,PPARG,CD14,ATG16L1,CFB,PKM,TLR2,FAS,OAS2,IL22,MMP2,CD14,CD163,GSDMD,MMP1,ANKRD22,IL5,TIMP2,LDHA,CXCL12,CXCL8,GAPDH,CD4,ACSL1,FCGR3A,SPI1,CXCL8,BECN1,CD27,RORC,PKM,CTLA4,IL2,CASP3,FCGR3A,CXCL10,IL18,CD40LG,IL12A,OAS3,MYD88,TRAIL,TNFRSF1A,TRAIL,LIPA,MRC1,STAT5A,CCR5,CLEC7A,NCF1,MAPK8,LPL,VEGFC,ACTC1,IFITM3,IDO1,REL,PFKL,IL13,PDCD1,TIMP1,CD8A,FCGR1A,CD8A,TNFRSF1B,CASP1,CCL3,SLC2A1,AIM2,ITGAM,IL17A,TNFRSF1A,FGA,CCR5,VWF,ACO2,KDR,HLA-DRA,LAMP2
MSR1,FGF2,BCL2,ITGAM,MSR1,TLR1,FCGR1A,VEGFB,NCF1,CCL3,CCL21,CD27,MMP2,HK2,TLR6,CXCL8,C1QA,CD209,TLR2,TYK2,IDO1,CXCL11,LDLR,LTA,IRGM,NLRP3,LDHA,TLR4,FASLG,IFIT1,IL27,MMP9,CD68,CD206,IFNGR1,MMP3,SERPING1,IL21,VEGFA,LDHB,ANGPT1,TLR1,PFKM,CD8A,PLIN2,NLRP3,MARCO,CXCL9,MAP1LC3B,CTLA4,FOXP3,PFKM,LAG3,IL2RA,CASP8,FCGR3B,CXCL11,IL10,IL21,IL12B,MX1,IRAK4,CD107A,FASLG,CD107A,FABP4,CLEC7A,STAT5B,CCR1,CD14,NCF2,JUN,PLIN2,KDR,GFAP,DDX58,SOCS1,RELA,PFKFB3,IL2,CD274,COL1A1,CTLA4,MARCO,CTLA4,IL1R1,NLRP3,CCL4,ENO1,PYCARD,ITGB2,IL17F,TNFRSF1B,FGB,SPP1,PLAT,CS,MMP1,HLA-DQA1,RAB7A
CD36,HIF1A,CASP3,ITGAX,CD36,TLR2,FCGR1B,FLT1,NCF2,CCL4,CCL3,CD38,MMP9,PFKM,NOD2,CXCL9,C1QB,NOS2,TLR4,IRF1,ARG1,CCL2,ABCA1,IFNGR1,GBP1,CASP1,PDK1,TLR8,BCL2,IFIT3,IFNB1,LDHA,CD163,MARCO,IFNGR2,MMP9,BATF2,IL22,VEGFB,PDK1,ANGPT2,TLR2,MMP1,ITGAM,CD36,AIM2,MSR1,CXCL10,SQSTM1,PDCD1,HLA-DRA,PFKL,TBX21,IL17A,FAS,NCAM1,CXCR4,TGFB1,IL23R,IL18,MX2,NFKB1,NKG2D,MMP9,NKG2D,SLC2A1,IL21,STAT6,CXCR1,CD36,NCF4,FOS,DGAT1,FLT1,AIF1,DDX60,SOCS3,TRAF6,LDHA,GZMB,IFNGR1,FN1,PDCD1,MSR1,PDCD1,IL1RN,IL1R1,HLA-DRB1,PFKM,CXCR3,ICAM1,IL22,IL12A,FGG,CCL19,PLAU,MDH2,MMP2,HLA-DQB1,ATG5
CD3E,EPAS1,CASP8,ATG5,CD3E,TLR4,NLRP3,KDR,CD4,CCL19,CCL4,HIF1A,TIMP1,LDHA,CARD9,CXCL10,C1QC,ARG1,TLR6,IRF8,NOS2,CCL3,HMGCR,IFNGR2,GBP2,PYCARD,PFKM,TLR9,CASP1,TBX21,STAT4,PKM,CD209,ICAM1,IL12RB1,MMP12,SCARF1,IL24,VEGFC,PDK2,LDHA,TLR4,MMP9,GZMB,APOE,NOD2,CD36,CXCL11,NLRP3,LAG3,HLA-DRB1,PFKP,GATA3,CD68,FASLG,CD14,CX3CR1,IL12B,IL17F,IL23A,IFIT1,RELA,MMP1,MMP1,MMP1,HK2,IL22,SOCS1,CXCR2,MARCO,CYBB,ATF3,SCD,MMP2,CX3CR1,NFKB1,PDCD1,TLR1,SLC2A1,PRF1,IFNGR2,HIF1A,CD28,CD36,CD28,IL10RA,MYD88,CEACAM1,PGK1,CCR1,VCAM1,IL23A,IL27RA,SERPINE1,CCL20,CD36,CD4,MMP3,HLA-A,ATG7
CD4,LDHA,MAPK1,ATG7,CD4,TLR6,NOD2,MMP1,CD8A,CCL20,CXCL1,LDHA,TIMP2,PDK1,CLEC7A,CXCL11,C3,MMP1,TLR9,NFATC1,CSF2,CCL4,SREBF1,IL18,GBP5,AIM2,G6PD,MYD88,BECN1,GATA3,STAT5A,HK2,ITGAM,VCAM1,IL12RB2,TIMP1,TAP1,IRF7,FGF2,ENO1,HK2,TLR6,MMP2,PRF1,NOS2,TLR9,CLEC7A,CCR2,PYCARD,TBX21,TAP1,HK2,RORC,CD163,BCL2,CD68,TLR2,IL12RB1,CXCR3,IL17A,IFIT2,NFKBIA,MMP2,COL1A1,MMP2,PKM,IL27,SOCS2,CCL19,MSR1,MPO,EGR1,ELOVL6,MMP9,TSPO,RELA,CD274,TLR6,PDK1,FASLG,IL12RB1,LDHA,ICOS,NOS2,ICOS,IL10RB,IRAK4,MMP2,ALDOA,CCR5,SELL,IFNGR1,EBI3,PLAT,CCR7,CD47,CD8A,MMP9,HLA-B,BECN1
CD8A,LDHB,MAPK3,BECN1,CD8A,TLR9,PTGDR2,MMP2,CD14,CXCL13,CXCL2,TKT,VDR,SLC2A1,MR1,CXCL13,C4A,MMP2,MYD88,MAPK1,CSF1,CCL5,HIF1A,IL18BP,LAMP1,ICAM1,PGK1,TIRAP,ATG5,RORC,IRF1,ENO1,ITGAX,VEGFA,IL23R,VEGFA,PSMB9,IRF8,PDGFA,ENO2,PKM,TLR9,MMP3,GZMA,NCF1,TLR7,MRC1,CCR5,AIM2,GATA3,TAP2,HK1,FOXP3,CD86,BAX,CD163,TLR4,IL23A,CCR5,IL27,IFIT3,NOD2,MMP3,FN1,MMP3,LDHA,JAK2,SOCS3,CCL7,NLRP3,NOS2,HIF1A,FADS1,TIMP1,MMP9,NFKBIA,CTLA4,TLR8,PDK2,CD8A,IL12RB2,PKM,LAG3,ARG1,LAG3,IL12RB1,TRAF6,CD4,IDO1,CCR2,PECAM1,IFNGR2,IL35,PLAUR,CXCL8,NPPA,CD3E,MMP12,HLA-C,MAP1LC3B
CD8B,PKM,MAPK14,MAP1LC3B,CD8B,NOD1,MARCO,MMP9,CD27,CCR2,CXCL9,PFKFB3,SLC11A1,PPARGC1A,NLRP3,CCL19,C4B,MMP9,IRAK4,MAPK3,VEGFA,CCL19,VEGFB,TICAM1,HLA-DRA,VCAM1,ENO1,NOD2,ATG7,FOXP3,IRF3,PFKM,CD3D,VEGFC,IL27RA,HIF1A,DUSP3,TBX21,PDGFB,GAPDH,SLC2A1,TLR10,VEGFA,FASLG,NCF2,TLR8,CD209,CCR6,IFI16,RORC,B2M,ENO1,NOS2,CD206,BNIP3L,TLR1,TLR9,CD14,CCR2,IL15,IFIH1,CARD9,MMP7,ITGB1,MMP7,PFK1,STAT3,SOCS4,CCL8,AIM2,ARG1,VEGFA,FADS2,TIMP2,MMP2,NLRP3,LAG3,NOD2,F3,CD4,IL1R1,G6PD,TIGIT,IDO1,TIGIT,IL12RB2,NFKB1,IL10RA,G6PD,MMP9,CD44,IL12RB2,PD1,THBD,CX3CL1,NPPB,CD3G,MMP13,B2M,IRGM
PTPRC,HK2,JUN,SQSTM1,PTPRC,NOD2,SCARF1,TIMP2,CD38,CCR5,CXCL11,IDH1,IRGM,PKM,CASP1,CCL20,F2,MMP12,TRAF6,MAPK14,MMP9,CXCL8,ANG,MYD88,HLA-DRB1,SELE,GPI,NLRP3,GBP5,IL2,IRF7,GAPDH,CD3E,VEGFR1,IL10RA,SLC2A1,KREMEN1,GATA3,ANGPT1,GPI,SLC2A3,MYD88,VEGFB,NOS2,SOD2,IFNGR1,SIGLEC1,CCR7,NLRC4,EOMES,CD1D,GAPDH,ARG1,NOS2,HIF1A,TLR2,MYD88,CD16,CXCL8,IL21,DDX58,CLEC7A,MMP9,TGFBR1,MMP9,ENO1,STAT4,SOCS5,CCL12,PYCARD,ARG2,FLT1,VDR,TNFRSF1A,TIMP1,CASP1,HAVCR2,NLRP3,SERPINE1,FOXP3,IL1R2,ACSL1,HAVCR2,CYBB,HAVCR2,IL23R,RELA,TLR1,TDO2,MMP2,SELE,IL27,PDL1,PROC,CX3CR1,BNP,GZMB,TIMP2,TAP1,GBP1
CD27,PFKFB3,FOS,BCL2,CD27,NLRP3,MSR1,TBX21,CD69,CCR7,MMP9,IDH2,CARD9,VEGFB,PYCARD,CCL22,FGA,TIMP2,NFKB1,JUN,MMP2,IL6,MMP2,IRAK4,HLA-DQA1,SELP,GAPDH,CASP1,GBP1,IL2RA,SOCS2,ALDOA,CD4,VEGFR2,IL10RB,LDHA,RAB20,RORC,ANGPT2,ALDOA,PFKM,IRAK2,F3,CCL1,HMOX1,IFNGR2,S100A8,CXCR1,CASP1,HLA-DRA,MR1,G6PD,IDO1,ARG1,SLC2A1,TLR4,IRAK4,CD68,S100A8,IL22,MAVS,CLEC4E,MMP12,SMAD3,MMP12,G6PD,CCR2,SOCS6,CXCL11,NOS2,IDO1,KDR,CYP27B1,TNFRSF1B,TGFB1,IL18,TIGIT,CASP1,PLAT,CTLA4,IL6R,CPT1A,CD274,NCF1,CD274,IL17RA,MAP3K7,IFITM1,CD4,MMP1,CCL5,IL18,PDL2,SERPINC1,CCL21,MYD88,PRF1,TGFB1,TAP2,GBP2
CD28,ENO1,REL,BAX,CD28,NLRC4,CD14,GATA3,PDCD1,CXCL8,MMP2,ACLY,DECTIN1,ANGPT1,AIM2,CCR7,FGB,TIMP3,RELA,FOS,TIMP1,TNF,MMP14,TRAF6,HLA-DQB1,MMP1,TPI1,NFKB1,GBP2,IL21,SOCS4,SLC2A1,CD8A,FLT4,TGFB1,PKM,INSL3,TNFRSF1B,TEK,ALDOB,ENO1,IRAK3,SERPINE1,CCL3,GPX1,JAK1,S100A9,CXCR2,CASP3,HLA-DRB1,FCGR1A,PGK1,CYBB,CD14,HK2,TLR6,NOD2,ICAM1,S100A9,IL9,IRF3,CD14,TIMP1,ACTA2,TIMP1,GAPDH,CCR5,SOCS7,CXCL1,ARG1,TDO2,MMP1,CYP24A1,NFKB1,CD4,IL1A,TNFRSF4,IL1R1,PLAU,PDL1,TNFRSF1A,CPT2,PDCD1LG2,NCF2,PDCD1LG2,IL6R,MAPK14,CXCR3,CD8A,TIMP1,CXCL8,IL18BP,CTLA4,NPPB,ATG5,IRAK4,FASLG,TGFB2,CD4,GBP5
CTLA4,GAPDH,SOCS1,CASP3,CTLA4,AIM2,CD163,RORC,CD274,CXCL1,MMP1,FASN,DC-SIGN,ANGPT2,GSDMD,CCR2,FGG,TIMP4,CD14,SP1,CASP1,IL10,FGF2,NFKB1,CD1A,MMP2,PGAM1,NFKB2,FCGR1A,IL22,SOCS5,PDK1,CD8B,HIF1A,TGFBR1,HK2,ICAM1,IL1R1,KDR,ALDOC,GAPDH,IRAK4,THBS1,CCL4,CAT,JAK2,S100B,CXCR4,CASP8,HLA-DQA1,FCGR2A,TPI1,NCF1,CD16,PFKM,TLR9,NLRP3,VCAM1,MMP1,CD4,IRF7,LBP,TIMP2,VIM,TIMP2,PGK1,CXCR3,CISH,CXCL2,ARG2,GCLC,MMP2,VEGFA,RELA,CD8A,PYCARD,TNFRSF9,IL18R1,FGA,PDL2,TNFRSF1B,FASN,CD80,MPO,CD80,IL6ST,JUN,PTGS2,CD3E,TNFRSF1A,CXCL1,NLRP3,TIM3,NPPA,BECN1,TRAF6,TNFSF10,PDGFB,CD8A,LRG47
PDCD1,PDK1,SOCS3,CASP8,PDCD1,PYCARD,CD68,CD4,CTLA4,CXCL2,MMP3,CPT1A,CLEC7A,TEK,SOCS4,CCR5,PLAU,VEGFA,NOD1,EGR1,NLRP3,IL17A,PDGFB,RELA,CD1C,MMP8,PGM1,RELA,ANKRD22,IL23A,NFKB2,CD4,CD69,SLC2A1,TGFBR2,PFKFB3,VCAM1,IL6R,FLT1,TPI1,ALDOA,TRAF6,FGA,CCL19,CAMP,IRF9,GFAP,CXCR5,CCL2,HLA-DQB1,FCGR3A,PGAM1,NCF2,CD11B,PKM,MYD88,CASP1,SELE,MMP3,CD8A,IRF9,CD36,SPP1,CAMP,SPP1,PGAM1,CD4,HIF1A,CD4,IDO1,GCLM,MMP3,HIF1A,JUN,TBX21,CRP,ICOS,TNFAIP3,FGB,TBX21,CD14,SLC2A1,CD86,ELANE,CD86,HIF1A,FOS,TIMP1,STAT1,TNFRSF1B,CXCL2,CASP1,LAG3,TNNT2,ATG7,NFKB1,CD274,PDGFRB,CD3D,APOE
LAG3,PDK4,CIITA,RIPK1,LAG3,MYD88,CD36,CD8A,LAG3,MMP3,MMP7,CPT2,SP110,FLT1,SOCS5,JAK1,PLAUR,VEGFB,NOD2,CEBPB,IL18,IL17F,ANGPT1,MAP3K7,CD1D,MMP9,PKLR,RELB,BATF2,IL17A,RELB,CD8A,CTLA4,SLC2A3,SMAD2,PDK1,PECAM1,IL6ST,FLT4,PGAM1,PGK1,CD14,FGB,CCL22,DEFB1,STAT2,AQP4,CXCR6,CCL3,HLA-DPA1,NOS2,GPI,SLC11A1,CD11C,LDHA,IRAK4,PYCARD,IDO1,TIMP1,CD8B,SOCS1,MARCO,FN1,DEFB1,FN1,TPI1,CD8A,MTOR,CD8A,SOCS1,GSR,MMP9,MMP9,FOS,STAT1,SAA1,CD40,CD68,FGG,GATA3,CD16,PDK4,CD40,DEFB4A,CD40,LDHA,CEBPB,NCF2,STAT3,CD40,CCR2,IL1RN,NEMF,TNNI3,MAP1LC3B,RELA,PDCD1,ANGPT1,CD3E,LDLR
HLA-DRA,SLC2A1,TAP1,FGA,HLA-DRA,TIRAP,MMP9,CD8B,IDO1,MMP7,MMP8,PDK1,LRRK2,KDR,SOCS6,JAK3,HLA-DRA,VEGFC,VEGFA,PPARG,AIM2,IL23A,ANGPT2,MAPK1,CD4,TIMP1,ME1,CD14,EPSTI1,NOS2,TBX21,CD14,PDCD1,HK1,SMAD3,ENO1,ALCAM,IL23R,CDH5,IFIT1,F3,LBP,FGG,CXCL1,LCN2,ISG15,MMP9,HIF1A,CCL4,HLA-DPB1,ARG1,ALDOA,CD36,HIF1A,PDK1,STAT1,AIM2,ARG1,VDR,GZMB,SOCS3,MSR1,VEGFA,LTF,VEGFA,ALDOA,GZMB,AKT1,CD3E,SOCS3,GPX1,TIMP1,MMP2,MAPK1,STAT4,SAA2,CD40LG,CD163,THBD,RORC,CD68,PPARG,CD40LG,CAMP,CD40LG,PKM,SPI1,STAT5A,STAT4,CD40LG,CCR5,IL4,ASUN,MYH7,SQSTM1,MAP2K1,CTLA4,ANGPT2,CTLA4,CD36
HLA-DRB1,SLC2A3,TAP2,FGB,HLA-DRB1,TRAF6,MMP1,CD3E,IDO2,MMP12,MMP12,PDK4,PARK7,NCF1,SOCS7,TYK2,HLA-DRB1,FGF2,VEGFB,NR3C1,PYCARD,IL12B,TEK,MAPK3,CD8A,TIMP2,PCK1,CD68,SERPING1,ARG1,GATA3,CD27,LAG3,HK2,SMAD7,GAPDH,MCAM,IL2RB,PECAM1,IFIT2,F7,CLEC7A,VWF,CXCL2,S100A8,ISG20,MMP2,EPAS1,CCL5,B2M,IDO1,SLC2A1,MSR1,PFKM,ENO1,STAT2,CLEC4E,NOS2,CYP27B1,PRF1,CD14,CD209,VEGFB,NOS2,VEGFB,PFKFB3,PRF1,AKT2,FOXP3,IRF1,SOD1,CXCL12,TIMP1,MAPK3,PDCD1,STAT3,CD86,CD206,SERPINC1,IL6R,CD86,PPARA,ZAP70,S100A8,ZAP70,ENO1,RUNX1,CD8A,JAK1,ICAM1,CXCR3,IL13,DHX29,ACTC1,IRGM,MAPK1,LAG3,TEK,PDCD1,MSR1
HLA-DQA1,SLC2A4,PSMB9,FGG,HLA-DQA1,SLC11A1,MMP3,CD3G,ARG2,TIMP1,MMP13,CCL11,CYBB,NCF2,CIS,STAT2,HLA-DQA1,PDGFB,VEGFC,VDR,GSDMD,IL12A,HGF,MAPK8,CD3E,F2,FBP1,CD163,TAP1,CD163,RORC,CD28,TBX21,PFKM,MMP2,SLC16A3,SELE,IL2RG,VWF,IFIT3,FGA,CLEC4E,F2,CXCL13,S100A9,IFI44,TIMP1,LDHA,CXCL9,TAP1,CYBB,SLC2A4,MARCO,PFKL,IL1A,IRF1,CLEC7A,CYBB,CYP2R1,CTLA4,CD163,CD68,FLT1,ATG5,FLT1,PDK1,FASLG,PIK3CA,IL7R,IRF4,SOD2,CXCR4,COL1A1,MAPK8,LAG3,STAT4,CD80,MARCO,F2R,SOCS3,CD80,NR1H3,LCK,S100A9,LCK,GAPDH,GATA3,IRAK3,JAK2,VCAM1,CX3CR1,TGFB1,PTPRC,ICAM1,ATG16L1,MAPK3,TIM3,NOS2,CCL2,MARCO
HLA-DQB1,PCK2,NLRP3,F2,HLA-DQB1,NCF1,MMP12,CTLA4,NOS3,TIMP2,TIMP2,S100B,NCF1,SOD2,S100A8,STAT3,HLA-DQB1,HIF1A,KDR,CYP27B1,HMGB1,IL1A,CXCR3,MAPK14,CD28,F3,GLUT1,CD206,TAP2,MRC1,FOXP3,CD80,GATA3,PFKL,MMP9,ATP6V1B2,SELP,CCR2,THBS1,OAS1,FGB,NLRP3,PLAT,CRP,LYZ,IFI27,SERPINE1,LDHB,CXCL10,TAP2,NCF1,PDK1,CD163,PFKP,IL4,IRF3,IRGM,NCF1,IL37,PDCD1,CD86,CD163,KDR,ATG7,KDR,PCK2,PDCD1,PIK3CD,CD19,IRF5,CAT,IL1A,COL3A1,MAPK14,CTLA4,SOCS1,ICAM1,MSR1,ICAM1,IL1R1,HLA-DRA,ABCA1,ITK,MMP9,ITK,PFKL,TBX21,BATF2,TBX21,SELE,S100A8,IL2,NOS2,VCAM1,ATG12,MAPK8,TIGIT,ARG1,CCL3,SCARB1
CD80,CS,AIM2,F5,CD80,NCF2,MMP2,PDCD1,HMGB1,FN1,TIMP3,GFAP,NCF2,HMOX1,S100A9,STAT4,CD74,PFKM,FLT1,CYP24A1,45904,TNFRSF1A,CCL5,JUN,CTLA4,F5,MCT4,MARCO,APOL1,IL4,IL2RA,CD86,RORC,PKM2,TIMP1,GBP1,ITGAM,CCR5,THBS2,OAS2,FGG,AIM2,F13A1,SAA1,MBL2,OAS1,F3,PKM,CXCL11,CD80,NCF2,PDK4,MRC1,PKM,IL13,IRF7,ATG5,NCF2,NLRP3,LAG3,CD80,CD80,ANGPT1,BECN1,ANGPT1,IDH1,CTLA4,PRKAA1,CD14,IRF8,PRDX1,CSF2,FN1,AKT1,CD68,SOCS3,VCAM1,FCGR1A,VCAM1,IL1RN,HLA-DRB1,CD36,TGFB1,MMP2,TGFB1,HK2,RORC,CD40,GATA3,SELL,S100A9,IL2RA,VDR,SELE,ULK1,MAPK14,CD27,FGF2,CCL4,PPARG
CD86,IDH1,PYCARD,F8,CD86,NCF4,VEGFA,CD274,S100A8,COL1A1,TIMP4,MBP,NCF4,NFE2L2,S100A12,STAT5A,CIITA,PFKL,FLT4,CAMP,SOCS1,TNFRSF1B,CCL7,FOS,PDCD1,F7,SLC16A3,MSR1,IRF1,IL13,CTLA4,CTLA4,VEGFA,LDHA,TIMP2,GBP5,ITGAX,CXCR3,CCL2,OAS3,SERPINE1,PYCARD,CSF1,SAA2,ATG5,OAS2,THBD,HK1,CCL7,CD86,NCF4,PDHX,CLEC7A,LDHA,IL17F,IRF9,ATG7,NCF4,AIM2,TIGIT,CD40,CD86,ANGPT2,MAP1LC3B,ANGPT2,IDH2,LAG3,LDHA,FCGR1A,SPI1,NFE2L2,CSF3,TGFB1,PIK3CA,CD163,AIM2,SELE,CYBB,PECAM1,CXCL13,CIITA,MSR1,IL4,TIMP1,IL4,PGK1,FOXP3,MMP1,RORC,ITGAM,LCN2,CD4,MBL2,SELP,RAB7A,AKT1,CD28,CXCR4,CCL5,PLIN2
CD40,IDH2,IL18,VWF,CD40,RAB7A,VEGFB,PDCD1LG2,S100A9,COL3A1,COL4A1,MOG,HLA-DRB1,GPX1,LTF,STAT5B,CD86,PFKP,MMP1,DEFB1,SOCS3,TLR2,CCL8,EGR1,LAG3,F8,MMP2,VEGFA,IRF7,TGFB1,PDCD1,PDCD1,VEGFB,LDHB,SERPINE1,IRGM,ITGB2,IL18R1,CCL3,OASL,PLAT,CD4,CSF1R,HP,ATG7,MX1,PLAU,HK2,CCL8,CD40,LAMP1,IDH1,DECTIN1,SLC2A1,IL12A,JAK1,ATG16L1,ALOX5,CASP1,HAVCR2,HLA-DRA,CD40,TEK,SQSTM1,TEK,ACLY,TIM3,PKM,FCGR1B,CEBPA,KEAP1,S100A8,TGFBR1,MTOR,NOS2,HP,SELP,NCF1,SELE,CCL19,TAP1,PLIN2,IL5,ICAM1,IL5,ALDOA,BCL6,FLT1,FOXP3,ITGB2,CAMP,CD8A,NRAMP1,CDH1,FOXO1,MTOR,CD40,F2,CXCL8,FABP4
CD40LG,NLRP3,IL1A,SELP,CD40LG,LAMP1,FGF2,CD19,S100A12,LDHA,COL4A2,CD14,HLA-DQB1,FTH1,LCN2,STAT6,CD80,PKM,MMP2,LTF,PIK3CA,TLR4,CXCL9,EGR2,HAVCR2,FGA,MMP9,VEGFB,IRF8,TGFB2,CD274,HLA-DRA,FLT1,ENO1,PLAU,LTA4H,NOS2,IL18RAP,CCL4,MX1,PLAU,CD8A,CSF2,ORM1,BECN1,CXCL9,ICAM1,SLC2A1,CCL19,ICOS,LAMP2,IDH2,CD1D,PDK1,IL23A,JAK2,MAP1LC3B,ALOX15,IL1RN,ICAM1,HLA-DRB1,HLA-DRA,FGF2,ULK1,FGF2,FASN,IL13,PDK1,CD64,CEBPB,HMOX1,S100A9,SMAD3,HIF1A,ARG1,FGA,VEGFA,NCF2,SELP,CD68,TAP2,APOE,IL13,VCAM1,IL13,G6PD,CXCR5,HLA-DRA,F3,CD86,DEFB4A,CTLA4,SLC11A1,ITGB2,GABARAP,RPS6KB1,CD40LG,F5,CXCL9,LIPA
B2M,AIM2,CXCL13,ITGA2B,B2M,ATG5,TGFB1,CD22,LCN2,PKM,LAMA1,TLR2,BTNL2,TF,FGA,SOCS1,CD163,LDHA,MMP3,LCN2,AKT1,TLR8,CXCL11,PPAR-γ,CD68,FGB,TIMP1,VEGFC,EBF3,CSF1,LAG3,HLA-DRB1,KDR,GAPDH,PLAUR,ESAT6,ARG1,C3,CCL5,MX2,THBD,CD8B,CD274,LCN2,MAP1LC3B,CXCL11,VCAM1,SLC2A3,CCL20,VEGFA,RAB5A,ACO1,CD1A,PDK3,TGFB1,TYK2,SQSTM1,PTGS2,IDO1,VCAM1,HLA-DQA1,HLA-DRB1,PDGFB,CD36,PDGFB,SCD1,IL9,SLC2A1,MARCO,KLF2,NQO1,LCN2,SERPINE1,SLC2A1,MRC1,FGB,VEGFC,NCF4,CDH5,CD11B,B2M,LDLR,IL21,SELE,IL21,SLC2A1,ICOS,SOCS2,FGB,CD80,ELANE,PDCD1,IFNGR1,ATG5,MAP1LC3A,EIF4EBP1,CD86,F10,CXCL10,NPC1
TAP1,CASP1,CCL19,ITGB3,TAP1,ATG7,TGFB2,CD79A,CAMP,HK2,LAMB1,TLR4,TAP1,TFRC,FGB,SOCS2,CD14,LDHB,MMP9,S100A8,MTOR,TLR9,CCR2,CD36,CD163,FGG,TIMP2,VEGFR1,PGM5,CSF2,HAVCR2,HLA-DQA1,MMP1,ALDOA,FN1,CFP10,IDO1,C5,CCL19,IRF1,PROC,TBX21,CD40,NPPB,SQSTM1,CCL19,SELE,SLC2A4,CXCL8,VEGFB,RAB7A,ACO2,CD1B,AMPK,IL15,SOCS1,BECN1,LTA4H,TLR9,PECAM1,HLA-DQB1,CD1D,HIF1A,PPARG,HIF1A,SREBF1,CXCL11,HK2,TLR2,KLF4,TXN,HP,PDGFB,LDHA,CAMP,FGG,FLT1,NOS2,CLDN5,CD11C,CD1D,IDO1,IL22,VEGFA,IL22,SLC2A3,IL21,CCL19,FGA,CD28,MPO,CD28,IFNGR2,ATG7,SIRT1,FOXO3,CD80,FGA,CXCL11,NPC2
VEGFA,CASP4,CCL21,CLDN5,VEGFA,ATG16L1,HIF1A,CD79B,IL1R1,SLC2A1,LAMC1,MYD88,TAP2,HAMP,FGG,SOCS4,CD68,PGD,MMP10,S100A9,HK2,NOD2,CCR7,MSR1,CD206,SERPINE1,COL1A1,VEGFR2,TNFRSF10C,CXCL10,TIGIT,HLA-DQB1,MMP2,PGK1,COL1A1,SOCS1,NCF1,CFH,CCL20,IRF3,JAK2,GATA3,CD80,NPPA,RAB7A,CCL21,SELP,PFKFB3,CXCL1,VEGFC,ATG5,CS,CD1C,ADFP,IL27,SOCS3,GBP1,PLA2G4A,MYD88,SELE,CIITA,ARG1,F3,FABP4,F3,SREBF2,CCL19,PFKM,TLR4,MAF,TXNRD1,CRP,FGF2,PKM,DEFB1,CCL19,KDR,ARG1,OCLN,CD163,MR1,NOS2,IL24,VEGFC,IL24,MCT4,IL17A,GBP2,FGG,CTLA4,PGLYRP1,ICOS,IL12RB1,ATG16L1,RAB5A,PTEN,ICAM1,FGB,CCR2,HIF1A
VEGFB,IL18,CD19,OCLN,VEGFB,IRGM,LDHA,CD14,IL6R,CPT1A,HK2,F2,CD4,FTL,SERPINE1,SOCS5,MERTK,IDH1,TIMP2,MPO,PKM2,CD14,IL8,MARCO,MARCO,PLAT,COL3A1,VEGFR3,A2ML1,CCL2,IL12A,CD1D,MMP9,PGAM1,COL3A1,SOCS3,NCF2,CD46,CXCL1,IRF7,STAT1,RORC,CD86,STAT1,LAMP1,CD83,VWF,PFKM,CXCL2,FLT1,ATG7,OGDH,APOE,ACSL1,JAK3,OAS1,GBP2,F2,IRAK4,VEGFA,TAP1,NOS2,FGA,LDLR,FGA,NR1H3,CCL21,ENO1,STAT1,MAFB,PTGS2,SAA1,EGF,ENO1,DEFB4A,CCL21,FLT4,IDO1,TJP1,CD206,SLC11A1,ARG1,IL36A,FLT1,IL36A,PDK1,IL17F,TGFBR1,SERPINE1,PDCD1,CD14,GZMB,IL12RB2,BECN1,PIK3C3,TSC1,VCAM1,FGG,CCR5,VEGFA
FGF2,GZMB,MS4A1,TJP1,FGF2,GBP1,LDHB,CD68,IL10RA,CPT2,PFKM,F3,CD8A,CYP24A1,PROC,SOCS6,MSR1,IDH2,HIF1A,ELANE,LDHA,MARCO,CCL3,LY96,MSR1,PLAU,FN1,HIF1A,DUSP3,CCL5,IL23R,MR1,TIMP2,GCLC,COL4A1,CISH,MPO,CD55,CXCL2,IRF9,STAT3,CTLA4,PDCD1,STAT3,CASP1,CD86,FGG,ENO1,CCR2,KDR,BECN1,SDHA,APOC1,PSAP,STAT4,OAS2,GBP5,F3,TRAF6,HIF1A,TAP2,IDO1,FGB,APOE,FGB,ABCA1,CXCL13,GPI,STAT3,CSF1,ALOX5,ORM1,CXCR4,GAPDH,NLRP3,CCL3,ANGPT1,HMOX1,CD4,CD209,VDR,GZMB,CSF2,KDR,CSF2,BNIP3,IL22,NCF4,PLAU,CD274,LBP,PRF1,TBX21,MAP1LC3B,FOXO3,TSC2,SELE,SERPINC1,CXCR4,VEGFB
PDGFB,PRF1,IGHG1,CDH5,PDGFB,GBP2,PKM,CD163,IL12RB1,PLIN2,PFKL,PLAT,CD8B,GC,PROS1,SOCS7,MRC1,SLC2A1,EPAS1,CTSG,SLC2A1,MSR1,CCL4,TIRAP,ARG1,VWF,LAMA1,EPAS1,KLF2,CXCL9,IL6R,TAP1,COL1A1,NOS2,LAMA1,FOXP3,LCN2,CD59,CXCL5,STAT1,STAT4,IL2RA,CTLA4,STAT4,CASP3,HLA-DRA,FGA,GAPDH,CCR5,FLT4,MAP1LC3B,SDHB,LDLR,FATP1,STAT5A,OAS3,CAMP,FGA,MAPK1,MTOR,PSMB8,IL23R,FGG,LIPA,FGG,ABCG1,CD1D,GAPDH,STAT4,CSF2,LTA4H,FGA,CXCL12,ACACA,CASP1,CCL4,ANGPT2,SOD2,CD8A,ITGAM,CYP27B1,PRF1,LIF,FLT4,LIF,NOS2,CSF2,IL17F,SERPINC1,LAG3,MYD88,FASLG,GATA3,SQSTM1,AMBRA1,PIK3CA,SELP,PROC,ICAM1,ANGPT1
MMP9,FASLG,IGHM,ICAM1,MMP9,GBP5,PFKM,CD209,IL23R,CD36,PFKP,PLAU,GZMB,CAMP,THBD,PIAS1,SIGLEC1,HK2,VHL,AZU1,G6PD,CD163,CX3CL1,TOLLIP,IDO1,THBD,TGFB1,ARNT,METTL7B,CXCL11,IL10RA,TAP2,COL3A1,ARG1,ITGB1,IL2RA,S100A8,FGA,CXCL8,STAT2,IRF1,PDCD1,IDO1,IRF1,CASP8,HLA-DQA1,FGB,PDK1,CCR1,HIF1A,SQSTM1,FH,ABCA1,PLIN2,STAT5B,MX1,DEFB4A,FGB,MAPK3,AKT1,PSMB9,IL1RL1,SERPINE1,NPC1,SERPINE1,CYP27A1,MR1,PGAM1,NFKB1,CSF3,LTB4R,FGB,ANGPT1,FASN,PYCARD,CCL7,TEK,CAT,CD8B,ITGB2,CYP24A1,CASP1,EDN1,ANGPT1,EDN1,ARG1,CSF1,LILRA6,PROC,HAVCR2,TRAF6,TNFRSF1A,RORC,NFE2L2,GABARAPL1,PIK3R1,CDH5,PROS1,VCAM1,ANGPT2
MMP2,CD40,C3,VCAM1,MMP2,CD3E,PFKP,CAMP,IL27RA,FASN,PKM,SERPINE1,PRF1,DEFB4A,PROCR,ISG20,CASP1,GPI,ANGPT1,PRDX1,PGK1,MRC1,THBS1,SOCS1,SOCS3,PROC,TGFBR1,CXCR4,CD3E,CX3CL1,TGFB2,PSMB9,FN1,IDO1,ITGB2,TGFB1,S100A9,FGB,CXCL9,JAK1,IRF7,CD274,ARG1,IRF4,BCL2,HLA-DQB1,HLA-DRA,PDK2,CCR4,ARNT,IRGM,MDH1,FABP4,CPT2,STAT6,MX2,LTF,FGG,JUN,PIK3CA,PSME1,ITGAM,THBD,SCARB1,THBD,CH25H,MTOR,IDO1,RELA,CD3E,LTB4R2,FGG,ANGPT2,SCD,IL1A,CCL17,PDGFB,GPX1,GZMB,IFNGR1,LTA4H,CASP3,TNFAIP3,TEK,TNFAIP3,IDO1,CSF1R,CD3E,THBD,NCF1,MAPK14,TNFRSF1B,FOXP3,KEAP1,GABARAPL2,PDPK1,CLDN5,THBD,ITGAL,TIE1
MMP1,CD86,C5,SELE,MMP1,CD3D,PFKFB3,DEFB1,STAT4,ACACA,LDHA,NPPB,FASLG,MMP1,F2R,IFIT2,CASP4,ENO1,ANGPT2,SOD2,ENO1,MRC2,F2,SOCS3,MMP2,PROS1,SMAD3,CXCL12,CD4,CCR2,TGFBR3,CD74,SPP1,CYBB,ICAM1,TGFB2,S100A12,FGG,CXCL10,JAK2,IRF8,PDCD1LG2,NOS2,IRF7,BAX,CD40,HLA-DRB1,PDK4,CCR7,ANGPT1,GBP1,MDH2,PPARG,PPARA,SOCS6,ISG15,HLA-DRB1,SERPINE1,FOS,AMPK,PSME2,ITGAX,PROC,ACSL1,PROC,PLIN2,AKT1,HMOX1,IRF1,CD4,PTGES,SERPINC1,TEK,SREBF1,CASP3,CCL22,PDGFRB,PRKAA1,PRF1,IFNGR2,ALOX5,BCL2,NFKB1,HIF1A,NFKB1,TGM2,CSF2RA,IL27RA,VWF,NCF2,MAPK8,LTBR,CD4,HMOX1,HIF1A,S100A8,OCLN,VWF,ITGB2,TIE2
TIMP1,CD80,C1QA,MBP,TIMP1,CD3G,HK2,DEFB4A,STAT5A,PPARG,PDK1,NPPA,PDCD1,MMP9,VWF,IFIT3,CASP5,GAPDH,TEK,GPX1,PFKL,CLEC7A,F3,PRDM1,MMP9,TFPI,BMP2,NFATC2,CD8A,CCR5,CSF1,CASP8,TGFBR1,NCF1,VCAM1,IL4,GZMB,MBL2,CXCL11,TYK2,SOCS1,ICOS,TLR2,TBX21,NLRP3,CD40LG,HLA-DQA1,IDH1,CXCR1,ANGPT2,GBP2,ME1,ADIPOQ,PPARG,SOCS7,ISG20,HLA-DQB1,PLAT,NFATC1,MAPK14,B2M,CD3E,PROS1,CPT1A,PROS1,CPT1A,PIK3CA,NQO1,IRF4,CD8A,PTGER2,PROC,ICAM1,PPARG,CASP8,CXCL1,FGF2,MTOR,IFNGR1,IL10RA,ALOX5AP,TNFRSF1A,RELA,EPAS1,RELA,MMP9,CCR2,COL1A1,PLAT,CYBB,JUN,CD40,CD8A,NQO1,LDHA,S100A9,TJP1,PLAT,CASP1,MMP1
TIMP2,CD28,CFH,GFAP,TIMP2,CD4,HK3,NOS2,TYK2,FGA,PDK2,EDN1,CTLA4,MMP2,HK2,IFIT5,NLRP3,ATG5,LDHA,CAT,GPI,CLEC4E,SERPINE1,BCL6,TIMP1,AT3,ACTA2,S100A8,CD27,CXCR3,CSF1R,CASP3,TGFBR2,NCF2,SELE,IL5,PRF1,TLR1,CXCL13,TLR2,SOCS3,CD28,TLR9,GATA3,PYCARD,ICOS,HLA-DQB1,IDH2,CXCR2,TEK,GBP5,ME2,LEP,PGC1A,IRAK4,IFIT1,HLA-DPB1,PLAUR,STAT3,MAPK1,CD8A,CD4,VWF,CD4,VWF,CPT2,PIK3CB,VEGFA,TBX21,CD8B,PTGER4,PROS1,VCAM1,PPARA,BCL2,CXCL2,TGFB2,HIF1A,IFNGR2,TGFBR1,PTGS2,ATG5,MAPK8,VHL,MAPK8,MMP1,CCR5,VEGFB,F2R,CYBA,FOS,TNFSF13B,CD8B,SOD2,PKM,CXCL1,MMP2,PLAU,CASP3,MMP2
COL1A1,CTLA4,MBL2,AIF1,COL1A1,CD8A,ENO1,ARG1,NFKB1,FGB,SLC2A1,NOS2,LAG3,MMP13,PKM,IFITM1,AIM2,ATG7,LDHB,HMOX1,GAPDH,SOCS1,PLAU,TBX21,TIMP2,PLG,VIM,S100A9,FOXP3,CX3CR1,CD86,BCL2,HIF1A,MPO,SELP,IL13,CASP1,TLR6,CCR2,TLR4,IRAK4,CD86,NOD2,RORC,GSDMD,CTLA4,TAP1,SDHA,CX3CR1,PECAM1,LTA4H,PC,LPL,PGC1B,NFKB2,IFIT2,TAP1,VWF,STAT4,MAPK3,CD4,CD8A,TFPI,CD8A,TFPI,ACACA,HK2,VEGFB,GATA3,GATA3,TBXA2R,F8,SELE,CD36,BAX,CXCL8,EGF,VEGFC,IL12RB1,PPARG,VEGFA,ATG7,MAPK14,CXCR4,MAPK14,SERPINE1,CCR7,IL10RB,NOS2,MPO,NFKBIA,APRIL,PRF1,CAT,HK2,CXCL2,AQP4,SERPINE1,CASP8,MMP9
HIF1A,PDCD1,MASP2,C3,HIF1A,CD8B,PDK1,IDO1,RELA,FGG,SLC2A3,NOS3,TIM3,TIMP1,LDHA,IFITM2,PYCARD,ATG16L1,HK2,NQO1,FN1,SOCS3,FGA,GATA3,COL1A1,BNP,CDH1,MMP1,IL2RA,TLR2,CD80,BCL2L1,LDHA,CTSD,PECAM1,IL33,CASP3,TLR8,CCR5,TLR9,ICAM1,CD80,NLRP3,NFKB1,NFKB1,PDCD1,TAP2,SDHB,CD4,CDH5,ALOX5,PCK1,PLIN2,ATG5,RELB,IFIT3,TAP2,THBD,STAT6,JUN,CD3E,CTLA4,STAT3,TBX21,STAT3,ACACB,PKM,VEGFC,RORC,TGFB1,PTGDR2,THBD,SELP,FABP4,RIPK1,CXCL13,HIF1A,VEGFR1,IL12RB2,PPARA,HIF1A,BECN1,JUN,CXCL12,JUN,PLAU,CXCR3,ARG2,ARG1,EPX,IKBKB,BAFF,GZMB,NOS2,PFKL,CXCL8,S100B,SERPINF2,NLRP3,MMP12
LDHA,CD274,CD46,C5,LDHA,CD28,SLC2A1,PPARG,CXCL8,F2,SLC2A4,ATG5,FOXP3,TIMP2,SLC2A1,IFITM3,IL1RN,BECN1,PKM,GSR,FGA,NOS2,FGB,RORC,COL3A1,NPPB,CDH2,MMP2,CTLA4,TLR9,CD40,FAS,PKM,CTSL,CDH5,TSLP,CASP8,MYD88,CXCR4,MYD88,VCAM1,CD68,AIM2,RELA,RELA,LAG3,B2M,VEGFA,CD8A,VWF,PTGS2,ACSL1,HK2,ATG7,REL,IFITM1,TAPBP,PROC,IL2RA,FOS,GZMA,PDCD1,STAT4,GATA3,STAT4,HADHA,LDHA,FLT1,EOMES,TGFB2,F2,PLAT,PECAM1,LPL,NFE2L2,CCR2,EPAS1,VEGFR2,TNFRSF1A,SLC11A1,EPAS1,MAP1LC3B,FOS,PECAM1,FOS,TIMP1,CXCR4,CRP,CD68,PRF1,CHUK,CD86,GZMA,ARG1,PDK1,CCL2,GFAP,GP1BA,PYCARD,TIMP1
PKM,PDCD1LG2,CD55,CRP,PKM,ICOS,SLC2A6,PPARA,CXCL9,F3,ENO1,ATG7,IL2,CASP1,PDK1,OAS2,HMGB1,MAP1LC3B,PFKM,GCLC,FGB,ARG1,FGG,FOXP3,FN1,TNNI3,SERPINE1,MMP9,CD14,CLEC7A,CD40LG,FASLG,HK2,CTSB,VWF,CSF2,BCL2,IRAK4,CD68,CD14,SELE,CD163,NFKB1,REL,JUN,TIM3,IL27,VEGFB,CD8B,ICAM1,VEGFA,ADFP,PKM,ATG16L1,IKBKB,IFITM3,B2M,PROS1,IL7,NFKB1,GZMB,CD274,IRF8,RORC,IRF8,HADHB,SLC2A1,KDR,RUNX3,CTLA4,F3,VWF,CASP1,ADIPOQ,KEAP1,CCR5,VHL,CXCR4,TNFRSF1B,LAMP1,NRP1,SQSTM1,MMP1,CDH5,MMP1,FGA,CX3CR1,LILRB4,CD163,GZMB,REL,CD80,FASL,ARG2,SLC2A1,CCL7,AIF1,ITGA2B,GSDMD,TIMP2
HK2,LAG3,SLC11A1,SAA1,HK2,CTLA4,NAMPT,ABCA1,CXCL11,SERPINE1,ENO2,BECN1,IL7,CASP3,ENO1,OAS3,APOE,SQSTM1,PFKL,GCLM,FGG,ARG2,VWF,EOMES,VEGFA,TNNT2,F2,TIMP1,CD16,CLEC4E,ICAM1,TNFSF10,PGAM1,LAMP1,THBD,CSF3,BAX,NOD2,CD163,CD68,SELP,MRC1,RELA,MMP1,FOS,TIGIT,IL35,VEGFC,CD3E,VCAM1,HIF1A,PSAP,LDHA,BECN1,CHUK,VEGFA,CD1A,SERPINC1,IL7R,RELA,PRF1,PDCD1LG2,NFKB1,IL2RA,NFKB1,F2,ENO1,FLT4,BCL6,PDCD1,F5,P2RX7,CASP3,LEP,HMOX1,CCR7,F2,FGF2,TBX21,RAB7A,FLT1,RAB7A,MMP2,PDGFB,MMP2,FGB,SELL,ADAM17,MSR1,GNLY,NCF2,HLA-DQB1,FAS,CYBB,ENO1,CCL12,CX3CR1,ITGB3,BCL2,COL1A1
PFKM,HAVCR2,VDR,ORM1,PFKM,PDCD1,NAPRT,ABCG1,CXCL13,VWF,GAPDH,SQSTM1,IL15,BCL2,PFKL,OASL,APOA1,RIPK1,PFKP,SLC2A1,PLG,SLC11A1,P2RY12,CD4,ICAM1,MYH7,F3,FGA,CD68,NOD2,VCAM1,BIRC3,ENO1,LAMP2,F3,CXCL8,FAS,NLRP3,CD14,CD163,ITGAM,MARCO,IL10,MMP2,ATF3,CD244,IL9,FLT1,CD3D,SELE,SLC11A1,APOE,PFKM,MAP1LC3B,GBP6,VEGFB,CD1B,CD36,FOXP3,CREB1,FASLG,ICOS,RELA,CD69,RELA,F3,PFKM,ANGPT1,BCL2,LAG3,F7,P2RY2,BCL2,APOE,SOD2,CXCR3,F3,PDGFA,GATA3,APOE,KDR,NFKB1,MMP3,PDGFRB,MMP3,FGG,SELP,NOD2,MARCO,FASLG,NCF1,HLA-DQA1,CD3E,NCF1,GAPDH,CCL3,CCR2,P2RY12,BAX,COL3A1
SLC2A1,CRP,CYP27B1,HP,SLC2A1,CD274,NMNAT1,CD36,CCR2,THBD,PGAM1,CASP1,IL18,BCL2L1,PGAM1,MX2,APOB,RIPK3,ENO1,HK2,SERPINE1,NCF1,SELP,CD8A,VCAM1,ACTC1,FGA,FGB,CD163,NLRC4,SELE,MCL1,PDK1,RAB5A,F8,CXCL1,FASLG,CASP1,MARCO,MARCO,ITGAX,MSR1,TGFB1,MMP9,CEBPB,KLRG1,IL22,KDR,CD3G,SELP,VDR,APOA1,PFKL,SQSTM1,IRF9,VEGFC,CD1C,LDLR,CTNNB1,SLC7A2,TNFSF10,CD28,TBX21,GZMB,TBX21,F5,GAPDH,ANGPT2,BAX,TIGIT,F8,ATP6V0A1,BAX,LDLR,CAT,CD3D,F5,TGFB1,RORC,LDLR,MMP9,RELA,MMP9,FGF2,MMP9,THBS1,SELE,CXCL13,SP110,FAS,CYBB,HLA-DPB1,CD3G,MPO,HK1,CCL4,P2RY12,AIF1,ATG5,FN1
PDK1,SAA1,CYP24A1,FN1,PDK1,PDCD1LG2,IDH1,MSR1,CCR5,PROC,PGK2,CASP3,IL27,BAX,GPI,IFI44,ABCA1,MLKL,PDK1,PKM,THBD,NCF2,ITGB3,CD8B,SELE,CRP,FGB,FGG,CD209,AIM2,SELP,NOS2,SLC2A1,RAB7A,PROC,CCL7,TNFRSF1A,CASP4,MSR1,MSR1,PECAM1,ARG1,IL4,MMP12,EGR1,PRF1,IL21,MMP1,CD28,SLC2A1,CYP27B1,LDLR,PFKP,BNIP3L,OAS2,HIF1A,CD1D,APOE,WNT5A,SLC2A1,MMP1,TBX21,RORC,PRF1,RORC,F8,GPI,TEK,CASP3,HAVCR2,F9,ATP6V1A,NLRP3,HMGCR,FTH1,CD3E,F7,TGFBR1,IRF1,CD36,MMP2,IRF1,MMP12,FGFR1,MMP12,VWF,ICAM1,CD40LG,IRGM,TRAIL,CYBA,TAP1,TCF7,C3,IDH1,CSF2,TREM2,CX3CR1,ATG7,VIM
PDK4,SAA2,CAMP,SERPINA1,PDK4,LAG3,IDH2,FASN,CX3CR1,NPPA,GPI,CASP8,TGFB1,TAP1,CCR2,IFI44L,ABCG1,CASP3,SLC2A1,LDHA,F3,NCF4,PTGS2,CD3E,SELL,SAA1,FGG,SERPINE1,CD86,TMEM173,ITGAM,ARG1,SLC2A3,ATG5,PROS1,CCL8,TNFRSF1B,PTPRC,TLR2,CD209,CDH1,ARG2,IL13,TIMP2,SP1,GZMA,IL15,MMP2,CTLA4,SLC2A3,CAMP,SCARB1,ENO1,PINK1,IFIT1,EPAS1,CD1E,APOA1,PTGS2,SLC2A3,MMP2,GATA3,FOXP3,CD19,FOXP3,FGA,ALDOA,NRP1,CASP8,CD274,F10,SLC11A1,AIM2,CYP51A1,FTL,CD28,F8,SMAD3,IRF4,MSR1,MMP1,IRF3,TIMP1,TGFB1,TIMP1,PROC,VCAM1,SOCS4,ATG5,BCL2,SOD2,TAP2,LEF1,C5,EPAS1,SPP1,CSF1R,CX3CL1,BECN1,ACTA2
ACACA,S100A8,DEFB4A,A2M,ACACA,TIGIT,NOS2,ACACA,SPP1,NPPB,TLR2,NLRP3,TGFBR1,TAP2,CCR5,IFI35,LDLR,CASP8,SLC2A3,PDK1,F5,CYBB,IDO1,CD3G,SELP,HP,PLAT,THBD,CD80,MB21D1,ITGAX,NCF1,IDH1,ATG7,SERPINC1,CCL12,RIPK1,CD4,TLR4,CLEC7A,FN1,NOS2,SOCS1,ICAM1,TLR2,GZMB,CD40,MMP9,PDCD1,HK1,DEFB1,CD36,GAPDH,PRKN,IFIT2,VHL,MR1,LIPA,ALOX5,LDHA,MMP9,RORC,JUN,MS4A1,JUN,FGB,PGK1,MMP1,CASP1,PDCD1LG2,F11,NCF1,PYCARD,SOAT1,SLC11A1,CTLA4,F9,BMP4,IRF8,MARCO,TIMP1,IRF7,TIMP2,TGFBR1,TIMP2,PROS1,PECAM1,VHL,ATG7,BAX,CAT,LMP2,EOMES,C1QA,PDK4,SOCS3,IL1RN,TREM2,MAP1LC3B,TGFB1
FASN,S100A9,LTA4H,APCS,FASN,HAVCR2,ARG1,CPT1A,FN1,SP110,TLR4,AIM2,SMAD3,PSMB8,CX3CR1,IFI6,SREBF1,CASP9,SLC2A4,PDK4,F8,CYBA,ARG1,CD3D,PECAM1,ORM1,PLAU,F3,GFAP,DDX58,CD209,MPO,IDH2,BECN1,PLG,CCL19,ATG5,CD8A,TLR9,FCGR1A,MMP9,IDO1,SOCS3,VCAM1,TLR9,GZMK,CD40LG,MMP12,LAG3,HK2,LTF,FABP4,PGK1,IRGM,IFIT3,FLT1,CD4,NPC1,LTA4H,PKM,MMP13,CD27,FOS,CD79A,FOS,FGG,PGAM1,MMP2,FAS,ICOS,PLAT,NCF2,IL18,ACAT2,HAMP,PDCD1,F10,LTBR,NR4A1,PLIN2,TIMP2,TBX21,ADAMTS1,TGFBR2,ADAMTS1,F8,ITGAM,MMP8,LAMP1,CASP3,GPX1,LMP7,RUNX3,C1QB,LDHB,TGFBR1,IL6ST,TYROBP,SQSTM1,TGFB2
APOE,S100A12,ALOX5,SELL,APOE,TBX21,ARG2,CPT2,F2,SLC11A1,TLR9,DEFB4A,VEGFA,B2M,CXCR4,IFI16,SREBF2,BCL2,PPARA,CS,VWF,MPO,GCLC,CD19,CDH1,LBP,SERPINC1,PLAU,AIF1,IFIH1,FCGR3A,CAMP,SIRT1,LC3B,FGA,CCL21,ATG7,CD3E,MYD88,FCGR1B,DEFB1,IDO2,IL23A,SELE,MYD88,FASLG,CD80,TIMP2,CD274,GPI,S100A8,LPL,GPI,CASP3,FCGR1A,KDR,CD8A,NPC2,PTGES,HK2,TIMP1,KLRG1,IL1A,IGHG1,IL1A,PLAT,TPI1,MMP3,FASLG,CD28,PLAU,CYBB,TNFRSF1A,PLIN2,C3,CD274,FGA,LTA,NR4A2,LIPA,ICAM1,GATA3,CTSS,SMAD3,CTSS,F3,ITGAX,C1QB,RAB7A,CASP8,PRDX1,B2M,BATF,C1QC,VHL,TGFBR2,F3,CSF1,LAMP1,SMAD3
APOA1,HMGB1,PTGS2,CD44,APOA1,GATA3,CAMP,PLIN2,F3,VDR,MYD88,CAMP,FGF2,CD1D,CD4,IFI27,CH25H,BAX,PPARG,IDH2,ICAM1,ELANE,GSR,CD20,ITGAM,PCT,PROC,PLAUR,S100B,MAVS,CD16,DEFB4A,SIRT3,IRGM,FGB,CXCR3,ATG16L1,CD68,NOS2,FCGR2A,DEFB4A,SOCS1,IL17A,SELP,NOD2,TRAIL,CD86,TIMP3,HAVCR2,PFKL,S100A9,LIPA,TPI1,CASP8,FCGR3A,FLT4,CD3E,ABCA1,PLA2G4A,PFKM,TIMP2,NCR1,IL2,IGHM,IL2,SERPINE1,FBP1,MMP9,TNFRSF1A,CD80,SERPINE1,RAC2,TNFRSF1B,CPT1A,C5,ICOS,FGB,CD40,NR4A3,NPC1,VCAM1,RORC,VEGFA,SMAD7,VEGFA,TFPI,FCGR1A,ANGPT2,NLRP3,XIAP,TXN,CIITA,IRF4,CFB,SLC2A3,SMAD2,F2,CSF1R,HIF1A,BMP4
LDLR,HP,HMOX1,ITGB1,LDLR,RORC,DEFB4A,ATG5,F5,CYP27B1,IRAK4,LTF,PDGFB,HLA-A,CD8A,IRF1,CYP27A1,SREBF1,BCL2,OGDH,VCAM1,CTSG,SOD2,NCAM1,CASP1,CALCA,PROS1,HK2,MBP,TANK,HLA-DRA,LYZ,PPARG,APOE,FGG,CCR5,BECN1,CD163,ARG1,FCGR2B,CAMP,SOCS3,IL22,PDK4,NLRC4,CD107a,CD28,FGF2,TBX21,PFKM,MMP9,PLIN1,ALDOA,CASP9,CD86,ANGPT1,CD3G,ABCG1,HK2,PDK1,VEGFA,KLRK1,IL15,CD38,IL15,PLAUR,PCK1,MMP10,TNFRSF1B,CD86,SERPINC1,MPO,FASLG,CPT2,C1QA,CD40LG,FGG,CD40LG,CD28,NPC2,SELE,C3,VEGFC,BMP2,VEGFC,PLAT,FCGR3A,IFNB1,CASP1,MCL1,HMOX1,PSMB8,BCL6,CD68,ENO2,SMAD3,FGA,CD68,NOS2,WNT5A
ABCA1,ORM1,SOD2,ITGB2,ABCA1,STAT3,LCN2,ATG7,F7,P2RX7,NFKB1,LCN2,HIF1A,HLA-B,CD3E,IRF3,VEGFA,SREBF2,BCL2L1,SDHA,SELE,PRDX1,CAT,KLRB1,CASP3,S100B,THBD,PKM,CD43,TBK1,HLA-DRB1,LTF,PPARA,C1QA,D2HGDH,CCR2,MAP1LC3B,CD80,IDO1,FCGR3A,LCN2,NCF1,CXCL1,PDK2,DDX58,NKG2D,ICOS,FGFR1,GATA3,ALDOA,MMP2,DGAT1,FBP1,BCL2,CD80,ANGPT2,CD28,CD1D,PKM,PDK3,VEGFB,KLRD1,IL18,TNFRSF13B,IL18,THBD,G6PD,MMP12,RIPK1,CD40,SERPIND1,NOS2,FAS,ACOX1,FCGR1A,CD69,SERPINE1,ICOS,CTLA4,FABP4,SELP,C5,FLT1,ACVR1,FLT1,PLAUR,MRC1,CXCR4,PYCARD,F2,FTH1,PSMB9,MAF,CD163,PFKM,SMAD4,FGB,ITGAM,ARG1,CTNNB1
PPARG,ORM2,GPX1,CDH1,PPARG,STAT4,S100A8,BECN1,F10,NLRP3,RELA,S100A8,EPAS1,CD28,CD19,IRF7,VEGFB,HMGCR,MCL1,ATP5F1A,SELP,SOD1,GPX1,KLRD1,CASP8,NSE,VWF,LDHA,ITGAM,IRF3,HLA-DQA1,S100A8,NR1H3,C1QB,LDHA,CD40,SQSTM1,CD86,IDO2,CD4,S100A8,NCF2,CXCL2,ENO1,MAVS,NKG2A,PDCD1,PDGFA,RORC,GAPDH,TIMP1,ATGL,G6PD,BAX,CCR2,TEK,CTLA4,PPARG,LDHA,PTGS2,FGF2,KLRC1,IL23A,CXCR5,IL23A,PROC,IDH1,MMP13,RIPK3,CD19,THBD,ARG1,TRAIL,UCP2,FCGR2A,CD25,PLAT,CTLA4,PDCD1,ADIPOQ,F3,CFH,KDR,ENG,KDR,CD36,CD163,TIMP2,IL1RN,F3,FTL,UBE2L6,AHR,CD86,IDH2,FOXP3,FGG,ITGAX,IDO1,SOCS1
PPARA,AGT,CAT,PTPRC,PPARA,STAT6,S100A9,MAP1LC3B,VWF,AIM2,CD14,S100A9,EGLN1,CTLA4,CD27,IRF9,HIF1A,CYP27A1,BAX,COX4I1,CDH5,SOD2,HMOX1,NKG2D,NLRP3,ENO2,P2RX7,PFKM,ITGAX,DHX58,HLA-DQB1,C3,ABCA1,C3,PKM,CD40LG,IRGM,CD28,CD3E,CD8A,S100A9,NCF4,CCL3,GAPDH,HLA-DRB5,CD94,CD274,PDGFB,FOXO3,PGAM1,CASP1,HSL,PGLS,FAS,CCR5,TIE1,PDCD1,PPARA,SLC2A1,MMP9,ANGPT1,GZMB,IL27,IL21,IL27,PROS1,IDH2,TIMP2,MLKL,CD22,PROCR,IDO1,TP53,SOD2,CD14,FOXP3,PLAU,PDCD1,CD274,LEP,SERPINE1,F2,ANGPT1,THBS1,ANGPT1,CD163,CD68,GBP4,AIM2,F5,SLC11A1,IRF8,CCR5,MRC1,SLC11A1,CTLA4,SERPINC1,HMGB1,LDHA,SOCS3
NR1H3,ACE,NCF1,CD14,NR1H3,BATF,S100A12,SQSTM1,SERPINE1,CASP1,LY96,NCF1,PTGS2,PDCD1,FCGR1A,GBP1,EDN1,CH25H,BAK1,ACSL1,PECAM1,CAT,NCF1,GNLY,AIM2,GFAP,CASP1,ENO1,F3,DDX3X,CIITA,C5,ABCG1,C5,HK2,ICOS,MLKL,CD274,CD3D,CD8B,LTF,MMP1,CCL4,PFKM,NEMF,CD56,PDCD1LG2,TGFB1,STAT1,ENO1,CASP3,CPT1A,PGD,FASLG,NCR1,PDGFA,LAG3,NR1H3,G6PD,MMP2,ANGPT2,PRF1,IL32,AICDA,IL32,SERPINC1,SDHA,TIMP3,SERPINE1,CD79A,PROS1,HMOX1,CDKN1A,CAT,TLR8,GATA3,PLAUR,CD274,PDCD1LG2,FASN,PLAU,F3,ANGPT2,MMP14,ANGPT2,MSR1,MARCO,CD36,GSDMD,F7,SLC11A2,SPI1,CCR6,MARCO,VDR,PDCD1,PROC,NLRP3,PKM,CISH
SREBF1,REN,CYBB,FCGR3A,SREBF1,IRF4,CHI3L1,RIPK1,SERPINC1,IL1A,CARD9,NCF2,HMOX1,LAG3,FCGR2A,GBP2,ANGPT1,ABCA1,CASP1,FASN,CLDN5,GPX1,NCF2,PRF1,PYCARD,MBP,NLRP3,GAPDH,SERPINE1,DHX29,TAP1,CRP,CD36,CFH,ENO1,ICOSL,PKM,CTLA4,CD3G,CD3E,SLPI,MMP2,CCL19,IDH1,DHX29,CD8A,BTLA,TGFB2,STAT3,PKM,GSDMD,CPT2,TKT,TNFRSF1A,KLRK1,PDGFB,TIGIT,SREBF1,PFKM,TIMP1,TIE1,FASLG,TGFB1,CD14,TGFB1,VWF,SDHB,ADAM17,F2,CD79B,TFPI,SOD2,MDM2,GPX1,ICAM1,RORC,VWF,HAVCR2,LAG3,ACACA,THBS1,SERPINE1,TEK,PLAU,TEK,MARCO,MSR1,PPARG,BCL2,F8,TFRC,CEBPB,CXCR3,MSR1,STAT1,LAG3,PROS1,IL1A,HK2,IL4
SREBF2,AGTR1,MPO,CCR2,SREBF2,NFKB1,C1QA,RIPK3,P2RY12,PYCARD,CLEC7A,NCF4,SOD2,CD274,FCGR3A,NLRC4,ANGPT2,ABCG1,CASP3,ACAT1,OCLN,HIF1A,CYBB,GZMA,GSDMD,NEFL,AIM2,PGK1,PLAT,TRIM25,TAP2,SAA1,MSR1,CFB,PFKM,CD86,PFKM,PDCD1,CD4,CD3D,ELANE,MMP3,CCL20,SOD1,PTPRC,CD4,TIGIT,TGFBR1,STAT4,LDHA,NLRP3,ACADVL,TALDO1,TNFRSF1B,KLRD1,PDGFRA,ICOS,FASN,ENO1,SERPINE1,HIF1A,VEGFA,TGFB2,CD68,TGFB2,P2RY12,FH,CCL2,F3,PAX5,VWF,CAT,GADD45A,NRF2,VCAM1,IL17A,THBD,LAG3,HAVCR2,SCD1,LDLR,VWF,PECAM1,SERPINE1,PECAM1,MRC1,CD36,IL22,BAX,F9,LRP1,BATF3,CCR7,CD4,IRF1,HAVCR2,PLAT,CASP1,PFKM,IL13
SCARB1,NOS2,MMP1,CD19,SCARB1,RELA,C1QB,MLKL,ITGA2B,CARD9,CLEC4E,MPO,CAT,PDCD1LG2,TGFB1,PYCARD,TEK,NR1H3,CASP8,HMGCR,TJP1,VEGFA,NRF2,GZMB,BCL2,NEFM,PYCARD,ALDOA,NPPA,RNF135,B2M,HP,MARCO,MBL2,PFKL,CD80,HK2,CD40,CD8A,CD3G,MPO,MMP7,ATG5,SOD2,SOS1,TCF7,LAG3,TGFBR2,EOMES,LDHB,AIM2,HADHA,SLC2A1,RIPK1,CTLA4,PDGFRB,CD27,SCD,GAPDH,F3,EPAS1,VEGFB,IFNA1,CD163,IFNA1,P2RY13,MDH2,CCL3,FGA,BLK,P2RY12,GPX1,PARP1,KEAP1,SELE,IL22,PROCR,BTLA,TIGIT,SREBF1,APOE,HMOX1,ICAM1,F2,ICAM1,CLEC7A,CD14,TNFRSF1B,TNFAIP3,F10,LDLR,ID2,CCL3,CD8A,P2RX7,TIGIT,SERPINE1,PYCARD,SLC2A1,IL5
SOD1,NOS3,MMP9,CXCL8,SOD1,JUN,C1QC,NFE2L2,ITGB3,NOD2,NOD2,CD4,GPX1,CD14,TGFBR1,CASP1,KDR,NR1H2,CASP9,LDLR,ACE,VEGFR2,KEAP1,FASLG,PPARG,TAU,IL18,SLC2A1,NPPB,CASP3,CD1A,ORM1,SCARB1,FCN1,GAPDH,CD28,LDHA,CD40LG,CD8B,CD28,C3,MMP9,ATG7,CAT,CTSZ,LEF1,HAVCR2,F3,NFKB1,PDK1,PYCARD,HADHB,SLC2A3,HLA-DRA,PDCD1,FGF2,CD69,ACACA,MTOR,THBD,VHL,VEGFC,CD4,MRC1,CD4,TMEM119,CS,CCL4,FGB,IGHM,ITGA2B,PRDX1,XRCC1,HMOX1,IL2,IL21,PROS1,CD80,CD19,PPARGC1A,APOC1,SOD2,HIF1A,F3,HIF1A,SIGLEC1,TLR9,TLR9,HMGB1,F11,APOE,IRF4,CCL4,CD3E,STAT3,CD86,VWF,GFAP,SLC11A1,GATA3
SOD2,ARG1,TIMP1,CXCL9,SOD2,FOS,C3,KEAP1,SELP,ATG5,NLRP3,CD8A,NQO1,CD68,SMAD2,CASP4,HK2,PPARG,NLRP3,APOE,EDNRB,ANGPT2,HSPA5,TNFSF10,PPARA,MAPT,GSDMD,SLC2A3,MYH7,CASP8,CD1D,FGB,CASP1,FCN2,PGK1,TNFRSF1A,PDK1,ICAM1,CD27,CTLA4,C5,MMP10,BECN1,GPX1,TYK2,IL7R,TNFRSF4,F2,RELA,TKT,TGFB1,ACADM,SLC2A4,HLA-DRB1,CD274,FGFR1,CD19,CPT1A,AMPK,VWF,LDHA,FLT1,CD8A,MSR1,CD8A,CX3CR1,ACO2,CCL5,FGG,IGHD,ITGB3,TXN,ATM,NQO1,IL4,IL15,PROC,CD86,MS4A1,PPARGC1B,MSR1,GPX1,LDHA,F5,LDHA,FCGR1A,CLEC7A,MSR1,CASP4,F12,APOA1,KLF4,JAK1,CTLA4,JAK1,CD40,THBD,S100B,SOD2,STAT6
CAT,ARG2,COL1A1,CXCL11,CAT,MYC,C4A,HMOX1,SELE,ATG7,PYCARD,CD3E,KEAP1,CD163,SMAD3,CASP5,PKM,PPARA,PYCARD,APOA1,NOS3,ANGPTL4,HSP90B1,PDCD1,LXR,SLC2A1,CARD9,PDK1,TNNT2,RIPK1,MR1,F2,CASP3,S100A8,ALDOA,TNFRSF1B,SLC2A1,VCAM1,CD28,PDCD1,C1QA,MMP12,MAP1LC3B,NCF1,CD80,CD62L,TNFRSF9,F5,IRF1,IRGM,TGFBR1,ECHS1,MCT1,HLA-DQA1,PDCD1LG2,TGFB1,CD22,CPT2,PIK3CA,NPPA,PKM,KDR,CD14,MARCO,CD14,CSF1R,OGDH,CCL7,PLAT,IGHG1,GP1BA,GCLC,CHEK2,GSR,IL13,IL27,SERPINC1,CD28,CD79A,NR1H3,CD36,CAT,PKM,F7,PKM,FCGR2A,CLEC4E,EBI3,AIF1,FGA,FABP4,MYC,JAK2,PDCD1,JAK2,CD40LG,PROCR,OLIG1,CAT,IL33
GPX1,F2,COL3A1,CCL3,GPX1,HIF1A,C4B,SOD1,SELL,ATG16L1,CD4,CD3D,NFE2L2,CD86,SMAD7,CASP8,LDHA,HSPA1A,AIM2,PSAP,HMOX1,CXCR4,PERK,CTLA4,LDLR,SLC2A3,DECTIN1,PDK4,IL1A,RIPK3,KLRK1,SERPINE1,CASP8,S100A9,GPI,FAS,SLC2A3,FCGR1A,CTLA4,CD274,C1QB,MMP13,ATG16L1,NCF2,CD28,CD45RA,TNFRSF18,F7,IRF3,ATG5,TGFBR2,HMGCR,MCT4,HLA-DQB1,SLC2A3,TGFB2,CD79A,PLIN2,AKT1,NPPB,HK2,FLT4,CD3E,FCGR1A,CD3E,AIF1,DLST,CXCL8,PLAU,HIF1A,SELP,GSR,BRCA1,TXN,IL15,LAG3,GP1BA,TNFSF13B,CD79B,ABCA1,PPARG,HSPA1A,HK2,F8,HK2,FCGR3A,DECTIN1,SOCS5,GFAP,FGB,ACSL1,BCL6,STAT3,CD274,IRF8,ICOS,F8,OLIG2,GPX1,ST2
PRDX1,F3,FN1,CCL4,PRDX1,PKM,CRP,SOD2,ICAM1,IRGM,CD8A,CD3G,MAPK1,CD80,IRF1,IL1RN,SLC2A1,HSPA1B,GSDMD,ADFP,SOD2,CXCL12,ATF4,LAG3,SCARB1,HK1,FCGR1A,HIF1AN,IL18,MLKL,NCR1,PLAUR,NLRP3,S100A12,TPI1,FASLG,ENO1,FCGR1B,PDCD1,LAG3,C1QC,TIMP2,BCL2,MPO,CD40,CD45RO,FAS,F10,IRF7,ATG7,SMAD2,HMGCS1,PDK1,CD1A,GAPDH,TGFBR1,CD79B,FATP1,SREBF1,BNP,ENO1,ANGPT1,CD274,FCGR3A,CD274,ITGAM,DLD,CXCL9,SERPINF2,LDHA,CD40,NFE2L2,RAD51,PRDX1,IL21,TIGIT,GP1BB,TNFRSF13B,CD27,ABCG1,PPARA,HSPB1,PFKM,F9,PFKM,ITGAM,MBL2,HLA-DQB1,S100B,FGG,CPT1A,RORC,STAT4,CD19,CARD9,ICOSL,F5,MBP,HMOX1,IL25
NCF1,F5,TGFBR1,CCR5,NCF1,LDHA,SAA1,CAT,VCAM1,CLEC7A,CD3E,PRF1,MAPK3,MERTK,IRF3,GSDMD,SLC2A3,HSPB1,RIPK1,CD36,CAT,MMP9,DDIT3,TIM3,CD36,HK2,FCGR2A,VHL,IL2,ATG5,XCL1,TBX21,AIM2,MMP9,PGAM1,TRAIL,GAPDH,GBP1,LAG3,HAVCR2,C4A,TIMP3,BCL2L1,BECN1,TNFAIP3,CCR7,FASLG,FGA,IRF8,ATG16L1,SMAD3,SQLE,PDK4,CD1B,PPARGC1A,TGFBR2,FCGR1A,ACSL1,FASN,CRP,PFKM,ANGPT2,PDCD1,CSF1R,PDCD1,PTPRC,SUCLA2,CXCL10,THBD,PDK1,CD40LG,KEAP1,MLH1,IL1A,IL22,CD14,GP9,IL21,CD38,CPT1A,PPARD,XBP1,ENO1,F10,ENO1,ITGAX,C3,SLC11A1,CX3CL1,PLAT,PPARA,GATA3,STAT5A,CD20,PTPN22,HLA-DRA,F7,NPPA,NFE2L2,TSLP
NCF2,F10,SMAD3,CXCR3,NCF2,HK1,SAA2,GPX1,EDN1,MRC1,CD3D,GZMA,MAPK8,NFKB1,IRF7,GSDME,PDK1,HSP90AA1,RIPK3,MSR1,GPX1,MMP8,XBP1,PD-L1,FABP4,PKM,FCGR3A,EGLN1,IL4,ATG7,XCL2,GATA3,PYCARD,MMP2,PDK1,TRAILR2,ALDOA,GBP2,GZMB,TIGIT,C4B,TIMP4,MCL1,ATG5,CD209,CD127,TRAIL,FGB,HLA-A,BECN1,IL13,CYP51A1,ACLY,CD1C,PPARA,F3,FCGR2A,PDK1,ACACA,SAA1,PFKL,TEK,CTLA4,ELANE,CTLA4,GFAP,SUCLG1,CXCL11,PROCR,PDK2,TNFRSF1A,PKM,MSH2,IL33,IL27,FCGR3A,ITGA2B,IL22,CD14,CPT2,SREBF1,ICAM1,SLC2A1,F11,SLC2A1,CD14,C5,FN1,CX3CR1,PLAU,PPARG,TBX21,STAT5B,CD79A,IRF7,HLA-DRB1,F10,NPPB,VEGFA,EOMES
CYBB,FGA,ACTA2,CX3CL1,CYBB,HK2,ORM1,F2,AGTR1,CD163,CD3G,GZMB,MAPK14,RELA,IRF8,NLRP1,PDK4,HSP90AB1,MLKL,SCARB1,TXN,TIMP1,ERN1,PD-L2,PLIN2,LDHA,C3,EGLN3,IL13,BECN1,CXCL11,RORC,BCL2,TIMP1,PDK3,HMGB1,TPI1,GBP4,GZMA,CD69,CFB,COL1A1,CASP1,ATG7,ITGAM,CD25,TNFRSF10A,FGG,HLA-B,MAP1LC3B,IL5,DHCR7,FASN,TAP1,PPARG,F2,FCGR3A,PDK4,CPT1A,HP,PFKFB3,HIF1A,CD38,MPO,CD38,S100B,SUCLG2,CX3CL1,TFPI,PKM,TNFRSF1B,LDHA,ERCC1,NLRP3,IFNB1,CD206,ITGB3,IL17A,CD68,ACSL1,SREBF2,VCAM1,PDK1,SERPINC1,PDK1,CD68,C5AR1,CD3D,ICAM1,SERPINE1,NR1H3,EOMES,STAT6,IGHG1,TYK2,HLA-DQA1,TFPI,NPPC,KDR,TBX21
NFE2L2,FGB,VIM,CX3CR1,NFE2L2,PFKM,CD19,F3,ACE,ITGAM,CD28,GZMH,AKT1,NFKBIA,TBX21,NLRP6,PFKFB3,HSPH1,HLA-A,ABCA1,PRDX1,S100A8,EDEM1,CXCR3,HMGCR,G6PD,C5,NPPA,IL4R,MAP1LC3B,CXCL13,IL17F,BAX,TIMP2,SLC2A1,S100A8,MMP1,GBP6,PRF1,TBX21,CFH,COL3A1,CASP3,MAP1LC3B,ITGAX,CD38,CASP3,SERPINE1,HLA-C,SQSTM1,CCL11,FDFT1,SCD,TAP2,CPT1A,F5,C1QA,LDHA,PPARG,FGA,SLC2A1,EPAS1,CD69,LCN2,CD69,AQP4,FXN,CCR2,VWF,HK2,FAS,HK2,POLB,CASP1,IFNAR1,MRC1,PF4,IL17F,CD163,HADHA,FASN,SELL,ACOD1,PROC,ACOD1,CD33,C3AR1,SPP1,VCAM1,SERPINC1,ABCA1,RUNX3,MAPK1,IGHM,STAT4,HLA-DQB1,PLG,NPR1,MMP2,RORC
KEAP1,FGG,CDH1,CCL19,KEAP1,PFKL,MS4A1,F5,NPPA,ITGAX,CTLA4,GNLY,PIK3CA,IRF3,IL4,CARD8,NOS2,NFKB1,HLA-B,ABCG1,NFE2L2,S100A9,DNAJB9,CCR2,SREBF1,PGK1,CR1,NPPB,IL7R,SQSTM1,CCL17,IL22,BID,NLRP3,SLC2A3,S100A9,MMP2,ANKRD22,FASLG,GATA3,CD55,COL4A1,CASP8,SQSTM1,LAG3,HLA-DR,CASP8,SERPINC1,HLA-DRB1,GBP1,PDCD1,MVK,ACACA,B2M,PLIN2,F7,C1QB,PKM2,PPARA,FGB,SLC2A3,VHL,CD25,S100A8,CD25,SLC1A2,SOD2,CCR5,ATG5,PFKFB3,FASLG,PFKFB3,LIG3,PYCARD,IFNGR1,MARCO,PPBP,IL23R,MARCO,HADHB,ACACA,ITGAM,MTOR,PROS1,MTOR,TREM2,DEFB1,TLR8,MMP9,PROC,CD36,FOXP3,MAPK3,ELANE,JAK3,B2M,SERPINF2,NPR2,MMP9,FOXP3
CASP1,SERPINC1,SNAI1,ENO1,CASP1,PFKP,CD79A,FGA,RIPK1,S100A8,PDCD1,CD68,MTOR,IRF7,IL4R,CARD9,NCF1,NFKB2,HLA-C,NPC1,KEAP1,S100A12,CALR,CCR5,SREBF2,ENO1,CR3,BNP,IL15,CRP,CCL19,IL4,ATG5,CASP1,SLC16A1,CAMP,MMP3,SERPING1,HIF1A,RORC,ATG5,FN1,C1QA,JAK1,FAS,CD71,CASP1,PLAT,HLA-DQB1,GBP2,CTLA4,MVD,CPT1A,C3,ACSL1,F10,C3,HK2,NR1H3,FGG,PDK1,FGF2,ATG5,S100A9,ATG5,SLC1A3,CAT,CCR7,ATG7,IDH1,TNFSF10,ENO1,APEX1,AIM2,CD19,MSR1,SELPLG,IL22RA1,MSR1,IDO1,CPT1A,ITGAX,RPTOR,TFPI,RPTOR,TYROBP,DEFB4A,IL21,MMP2,PROS1,ADIPOQ,IKZF1,MAPK8,PRTN3,CAMP,TAP1,CXCL8,NPR3,COL1A1,CD25
CASP3,PROC,CTNNB1,GAPDH,CASP3,PFKFB3,CD79B,FGB,RIPK3,S100A9,CD27,CD163,AMPK,STAT3,IL13,RIPK1,NCF2,RELA,HLA-DRA,NPC2,CYP1B1,CAMP,CANX,CCR7,FASN,GAPDH,CD46,GFAP,IL21,SAA1,CCL20,IL13,ATG7,CASP4,SLC16A3,DEFB1,MMP9,APOL1,SLC2A1,ICAM1,ATG7,VIM,C3,JAK2,TICAM1,KI67,IL1R1,PLAU,HLA-DPB1,GBP5,LAG3,PMVK,CPT2,C5,PSAP,F11,C5,PFKFB3,ABCA1,ALB,PDK3,PDGFB,ATG7,CEACAM8,ATG7,ALDH1L1,GPX1,CXCR4,BECN1,IDH2,TNFRSF10A,G6PD,OGG1,GSDMD,MS4A1,CD36,P2RY12,CCR7,CAMP,IDO2,CPT2,CD44,RICTOR,FGA,RICTOR,APOE,CAMP,PECAM1,TIMP1,THBD,LEP,IKZF3,MAPK14,DEFA1,DEFB4A,TAP2,CCL3,CORIN,FN1,CD127
CASP8,PROS1,WNT5A,PGK1,CASP8,SLC2A1,IGHG1,FGG,MLKL,HMGB1,IL7R,ARG1,PRKAA1,STAT5A,IL5,RIPK3,NCF4,RELB,HLA-DRB1,TFEB,CYBB,LCN2,P4HB,CXCL8,ACACA,TPI1,CD55,S100B,IL22,LBP,CCL22,IL21,BECN1,IL1R1,MCT4,DEFB4A,MMP12,IDO1,HK2,VCAM1,ATG16L1,VEGFA,C5,JAK3,IRAK4,BCL2,IL1RN,PLG,CD86,CASP1,HAVCR2,IDI1,HADHA,C1QA,FABP4,F12,CR1,G6PD,APOE,APCS,CS,CXCR4,BECN1,CXCR2,BECN1,VIM,NOS2,CX3CR1,MAP1LC3B,ACLY,TNFRSF10B,TKT,NEIL1,P2RX7,CD79A,TLR7,TBXA2R,CCR5,DEFB4A,TDO2,PLIN2,CAMP,AKT1,FGB,AKT1,SPP1,LTF,IRAK4,SELE,VWF,RETN,MAF,PI3K,LTF,S100A8,PSMB8,CCL4,GDF15,VDR,CTNNB1
BCL2,PLAT,NOTCH1,PGAM1,BCL2,SLC2A3,IGHG3,SERPINE1,CASP8,LCN2,TBX21,MARCO,SLC2A1,C1QA,ATG5,MLKL,SOD2,REL,HLA-DRB5,LAMP1,NCF1,DEFA1,PDIA3,MCP1,CPT1A,PFKL,ITGAM,AQP4,TGFB1,C3,CXCR3,BCL6,SQSTM1,IL18R1,CA9,LCN2,TIMP2,ARG1,PKM,SELE,BECN1,VEGFB,CFB,TYK2,TRAF6,BCL6,IRAK4,THBD,CD80,CASP3,TIGIT,GGPS1,HADHB,C1QB,CD36,F13A1,CD55,TKT,LDLR,ORM1,ACO2,CXCL12,MAP1LC3B,CSF3R,MAP1LC3B,LGMN,ARG1,CD4,SQSTM1,FASN,BCL2,TALDO1,UNG,ICAM1,CD1A,TLR8,PTGS1,CXCR3,S100A8,AHR,DGAT1,DEFB1,PIK3CA,FGG,PIK3CA,LPL,LCN2,CCR5,CDH5,C3,IGFBP2,JUN,AKT1,LCN2,S100A9,PSMB9,CCL7,AGTR1,SP110,BCL2
BCL2L1,PLAU,HES1,TPI1,BCL2L1,SLC16A1,IGHM,PLAT,ATG5,CAMP,GATA3,MSR1,HK2,C3,ATG7,TLR1,CAT,STAT1,HLA-DQA1,LAMP2,NCF2,DEFA3,UGGT1,RANTES,CPT2,PFKM,ITGAX,LCN2,IL12A,C5,CCR5,CD19,DEFB1,PYCARD,EPAS1,APCS,VEGFA,PFKM,LDHA,SELP,MAP1LC3B,FLT1,CAMP,SOCS1,C3,CXCR5,TRAF6,PROC,CD40,CASP8,CD274,FDPS,ACOX1,C1QC,APOE,F13B,CD14,TALDO1,CD36,ORM2,IDH1,MMP2,SQSTM1,SELL,SQSTM1,TREM2,IDO1,CD8A,ULK1,CPT1A,BCL2L1,PDK1,CYCS,VCAM1,CD209,TLR9,PTGS2,CCL19,S100A9,KYNU,LIPA,LYZ,PTEN,VWF,PTEN,CH25H,S100A8,HK2,C3,C4A,FASN,FOS,MTOR,S100A8,LYZ,CD8A,CCL17,ACE,IRGM,BCL2L1
MCL1,SERPINE1,PPARG,ALDOA,MCL1,SLC16A3,CD38,PLAUR,ATG7,ALOX5,RORC,CD36,PKM,C5,BECN1,TLR3,GPX1,STAT3,HLA-DQB1,CTSD,RAC2,BPI,SEC61A1,MIP1A,ACSL1,ACSL1,ICAM1,HADHA,IL27,CFB,CCR7,MS4A1,CAMP,AIM2,VHL,CRP,FGF2,PKM,LDHB,SELL,SQSTM1,KDR,DEFA1,SOCS3,C5,IL21,RELA,NPPB,TAP1,CASP9,PDCD1LG2,NPC1,PPARA,CFH,MMP1,SERPINE1,CD68,ENO1,MSR1,HMGB1,IDH2,MMP9,CASP1,ITGAM,CASP1,TYROBP,TDO2,CD8B,PINK1,PPARA,MCL1,PDK3,DIABLO,SELE,CD83,TICAM1,TBXAS1,CCL21,S100A12,KMO,NPC1,LCN2,TSC1,P2RY12,TSC1,CYP27A1,S100A9,LDLR,C5,C5,SCD,JUNB,NFE2L2,S100A9,DEFB1,CD8B,CCL22,EDN1,LTA4H,MCL1
BECN1,THBD,ADIPOQ,GPI,BECN1,PDK1,CD27,NPPB,BECN1,LTA4H,AHR,CD19,LDHA,CFB,MAP1LC3B,TLR5,CD3E,STAT4,HLA-DPA1,LGMN,S100A8,LTF,STX5,MIP1B,HIF1A,ACSL4,VCAM1,APOE,VDR,CFH,CX3CR1,CD38,LTF,GSDMD,PHD2,SAA1,COL1A1,LDHA,PDK1,ITGAM,CASP1,ANGPT1,DEFB4A,MAPK1,CFH,IL21R,RELB,NPPA,TAP2,FAS,ICOS,NPC2,GLUL,CFB,MMP2,SERPINC1,CD163,GAPDH,CD68,S100A8,OGDH,TIMP2,CASP3,C3,CASP3,SPI1,KYNU,CD3E,PRKN,PPARG,BAX,SLC2A1,XIAP,SELP,NFKB1,IRAK4,PKA,SELL,FAS,HMOX1,NPC2,S100A8,TSC2,ITGA2B,TSC2,SCARB1,MMP1,CCRL2,CFB,C1QA,ACACA,FOSL1,KEAP1,CD1A,LTF,CD4,CXCL11,NOS3,ALOX5,CASP3
ATG5,VWF,LEP,PCK2,ATG5,PDK4,TNFRSF13B,NPPA,MAP1LC3B,PTGS2,CD69,CD22,PDK1,F3,SQSTM1,TLR6,CD4,STAT6,HLA-DPB1,CTSB,S100A9,CD68,GOSR2,EOTAXIN,SLC2A1,CPT1A,PECAM1,C3,MBL2,SERPING1,CX3CL1,IGHG1,LCN2,P2RX7,PHD3,HP,FN1,SLC2A1,PDK2,ITGAX,CASP3,ANGPT2,CRP,MAPK3,C1QA,CD19,NFKB2,NPR1,TAPBP,FASLG,CD28,ABCA1,GLS,CD55,MMP9,SERPIND1,MARCO,PGK1,CD163,S100A9,SUCLA2,CDH5,BCL2,C5,BCL2,RUNX1,HMOX1,CD3D,LAMP1,SREBF1,BAK1,SLC2A3,HSP90AA1,ITGAM,RELA,CD80,GLKA,ITGAL,FASLG,NQO1,ABCA1,S100A9,EIF4EBP1,ITGB3,EIF4EBP1,ABCA1,MMP2,MMP13,CFH,C1QB,PDK4,NFATC1,HMOX1,CD83,DEFA1,CD3E,CXCL12,MYH7,PPARG,CASP8
ATG7,GP1BA,RETN,CS,ATG7,ENO1,CD3D,TNNI3,GZMB,IL1RN,ICOS,CD79A,CS,SERPINE1,BCL2,TLR9,CD8A,IRF1,B2M,CTSL,ELANE,CD86,BET1,S100A8,HK2,CPT2,SELE,C4A,SP110,PTX3,S100A8,IGHM,S100A8,NFATC2,FIH1,ORM1,FGA,TGFB1,PDK4,ITGB2,BCL2,TEK,NPPB,MAPK14,C1QB,CD20,IKBKG,TNNI3,CIITA,BCL2,CD86,ABCG1,GOT1,CD59,MMP12,SERPINF2,MSR1,GPI,MRC1,CALCA,SDHA,PECAM1,BAX,CFB,BAX,C3,MPO,CD3G,LAMP2,MYC,BID,MCT4,HSPA5,ITGAX,JUN,CD86,ENO1,ICAM1,BCL2,SOD2,ABCG1,AQP4,ATG5,GP1BA,ATG5,ABCG1,MMP9,FGF2,MBL2,CFB,PEPCK,NFATC2,GPX1,CLEC7A,DEFA3,CD3D,CXCL13,TNNT2,ACSL1,CASP9
MAP1LC3B,ITGA2B,SLC2A1,ACO2,MAP1LC3B,GAPDH,CD3E,TNNC1,PRF1,IL10RA,NOS2,CD79B,IDH2,S100A8,BAX,TLR10,CTLA4,IRF3,TAP1,ATG5,MPO,CD80,SQSTM1,S100A9,PKM,FASN,SELP,C4B,P2RX7,ORM1,S100A9,CD40,S100A9,CARD9,BNIP3,FN1,FGB,MMP2,PPARA,PECAM1,BAX,PECAM1,NPPA,RELB,C3AR1,MS4A1,MAPK1,TNNT2,CD14,BCL2L1,CD80,PPARA,GOT2,C3AR1,TIMP2,SERPING1,CD209,ALDOA,MARCO,CALCB,FH,VWF,BID,CFH,BID,C1QA,LTF,CD28,RAB7A,MTOR,CASP3,MTOR,HSPA8,CD86,FOS,CD40,ENO2,VCAM1,BCL2L1,GPX1,LDLR,GFAP,ATG7,SELP,ATG7,NPC1,TIMP1,ICAM1,SFTPA1,CFD,G6PC,REL,SOD1,CD209,CASP1,CD3G,CX3CL1,ACTC1,CPT1A,FAS
SOCS1,ITGB3,HK2,IRF1,SOCS1,GPI,CD4,MYH7,IDH1,TNFRSF1B,ARG1,IGHG1,SDHA,S100A9,CASP3,NOD1,PDCD1,IRF7,TAP2,ATG7,LTF,CD40,OPTN,MMP1,LDHA,ACACA,NCF1,CFB,SFTPA1,F3,LCN2,AICDA,SLPI,DECTIN1,BNIP3L,COL1A1,FGG,TIMP1,PPARG,CDH1,GBP1,CDH5,TNNT2,NFKB2,C5AR1,CD22,MAPK3,S100B,CD36,MCL1,CD40,PPARG,GPT,MBP,VEGFA,THBS1,CD86,TPI1,TLR8,ADM,MDH2,ICAM1,HK2,CRP,HK2,C1QB,DEFA1,CTLA4,HLA-DRA,BCL2,CASP8,AKT1,HSPB1,CD80,IRF1,CD19,GAPDH,PECAM1,MCL1,CAT,LPL,AIF1,BECN1,CD40,BECN1,NPC2,TIMP2,STAT2,SFTPD,MBL2,FBP1,NFKB2,SOD2,FCER1A,CASP3,ZAP70,IL4,NFKB1,PLIN2,TNFRSF1A
SOCS2,SELP,PKM,IRF3,SOCS2,ALDOA,CD8A,ACTC1,CS,IFNGR2,CD68,IGHM,ATP5A1,AIF1,CASP8,CLEC4E,LAG3,IRF8,PSMB8,BECN1,DEFA1,HLA-DRA,NBR1,MMP2,PDK1,SCD,NCF2,CFH,SFTPB,SERPINE1,CAMP,PRDM1,ELANE,CLEC7A,VDAC1,COL3A1,VWF,SOCS1,PPARD,CDH2,GBP2,HIF1A,TNNI3,NFKBIA,F3,CD138,MAPK8,S100A8,MRC1,DEFA1,CD40LG,RXRA,ASNS,GFAP,VEGFB,THBS2,CD80,MDH1,CLEC7A,EDN1,F3,VCAM1,PFKM,SAA1,PFKM,C1QC,DEFA3,PDCD1,HLA-DRB1,BCL2L1,CASP9,PIK3CA,DNAJB1,CD40,IRF3,MS4A1,LDHA,CDH1,CASP3,NCF1,APOA1,CX3CR1,MAP1LC3B,CD40LG,MAP1LC3B,LIPA,COL1A1,PDGFB,FCN1,MASP1,HK2,RELB,CAT,NCR1,BCL2,LCK,IL5,NFKB2,CD36,TNFRSF1B
SOCS3,AIF1,LDHA,IRF7,SOCS3,PGAM1,CD8B,ICAM1,ACO2,IL6ST,CD163,IGHA1,PPARA,CX3CL1,FAS,CLEC7A,HAVCR2,JUN,PSMB9,MAP1LC3B,CAMP,HLA-DRB1,MAP1LC3B,MMP9,PFKFB3,ELOVL6,CYBB,CR1,SFTPC,PLAT,DEFB1,XBP1,MPO,MRC1,PPARGC1A,SERPINE1,THBD,SOCS3,SREBF1,CLDN1,GBP5,EPAS1,MYH7,MYD88,SERPINE1,BLIMP1,MAPK14,S100A9,CLEC7A,DEFA3,CSF2,NR1H3,SLC1A5,AQP4,FLT1,THBD,CD83,MDH2,NLRC4,TNFRSF1A,F2,SELE,PKM,ORM1,PKM,CFH,DEFA4,CD274,HLA-DQA1,MCL1,XIAP,AMPK,BAG3,CD40LG,IRF7,CD79A,LDHB,MUC1,CASP8,CYBB,FABP4,P2RY12,SQSTM1,IL23A,SQSTM1,NCEH1,COL3A1,GBP3,FCN2,MASP2,PFKFB3,IRF3,PRDX1,KLRK1,CASP8,FYN,IL13,RELA,FASN,TRADD
SOCS4,CX3CR1,PDK1,STAT3,SOCS4,PGAM2,CD69,VCAM1,SDHB,CD80,MRC1,IGKC,PPARG,TREM2,FASLG,CD209,CD274,FOS,CD3D,SQSTM1,LCN2,CD274,GABARAPL2,MMP12,G6PD,PPARG,RAC2,CD46,SFTPD,PLAU,NOS2,ARG2,LYZ,MRC2,SIRT1,PLAUR,SERPINE1,NEMF,SREBF2,OCLN,IFITM1,EDN1,ACTC1,TICAM1,VWF,XBP1,JUN,S100A12,CLEC4E,DEFA4,CSF3,NR1H2,SLC7A5,CLDN5,KDR,PROC,ITGAM,CS,PYCARD,TNFRSF1B,FGA,SELP,LDHA,ORM2,LDHA,CFB,CAMP,TBX21,HLA-DQB1,BAX,DIABLO,PPARG,PARK7,HLA-DRA,GAPDH,CD79B,PKM,DEFB1,CASP9,PRKAA1,ADRB2,TREM2,BNIP3,IL23R,BNIP3,SOAT1,FN1,CD68,COLEC11,CD55,PKM,IRF7,TXN,KLRD1,FAS,ITK,IL15,STAT1,SREBF1,TRAF2
SOCS5,CX3CL1,CS,STAT4,SOCS5,PGD,CTLA4,SELE,MDH2,CD86,MARCO,IGLC1,CPT1A,IL4,PDCD1,MRC1,PDCD1LG2,ICAM1,CD3E,OPTN,ITGAM,PDCD1LG2,ATG5,TIMP1,C3,PPARA,MPO,CD59,HSPA1A,PLAUR,ARG1,CD163,F2,SIGLEC1,SIRT3,F2,F3,DHX29,FASN,TJP1,IFITM3,NOS3,MYL2,C3,THBD,IRF4,FOS,GFAP,NOD2,DEFB1,MIF,SREBF1,SLC3A2,OCLN,ANGPT1,PROS1,ITGAX,ACO2,GSDMD,IL1R1,FGB,SLC2A1,SLC2A1,HP,SLC2A1,CD74,S100A8,GATA3,CD74,BAK1,CYCS,PPARGC1A,SOD1,HLA-DRB1,PGK1,CD27,PFKM,CAMP,BECN1,PRKAA2,ATP6V0A1,NEMF,PINK1,IL22,PINK1,HMGCR,SERPINE1,PYCARD,MASP1,CD46,LDHA,MAVS,GSR,GZMB,FASLG,PLCG1,IL21,STAT3,APOE,RIPK1
SOCS6,CCR2,IDH1,STAT6,SOCS6,TKT,ICOS,SELP,ACLY,CD28,MSR1,C1QA,ACOX1,IL22,CTLA4,MARCO,CD19,VCAM1,CD3G,CALCOCO2,ITGAX,CTLA4,ATG7,ICAM1,C5,SREBF1,EPX,NCAM1,HSPA1B,VWF,IDO1,MARCO,F3,FN1,AMPK,F3,SERPINC1,AIM2,ACACA,NOS2,OAS1,THBS1,ICOS,C5,SELP,AICDA,ATF2,MBP,NOD1,DEFB4A,HMGB1,SREBF2,IDH1,TJP1,ANGPT2,PLAT,VEGFA,IDH1,CD209,IL1R2,FGG,SLC2A3,PDK1,LBP,PDK1,HLA-DRA,S100A9,RORC,CD86,CASP1,APAF1,SIRT1,SOD2,CIITA,ALDOA,CD38,PFKL,LCN2,ATG5,MTOR,ATP6V1B2,ASUN,PRKN,IL27,PRKN,HMGCS1,PLAU,VCAM1,TGFB1,CR1,SLC2A1,DDX58,ALOX5,PRF1,CFLAR,NFATC2,IL22,STAT4,LDLR,S100A8
SOCS7,CSF1,OGDH,SOCS1,SOCS7,TALDO1,GZMB,CDH5,FASN,KLRG1,CD36,C1QB,HADHA,CD3E,LAG3,MSR1,CD22,SELE,CD4,IRGM,FCGR3A,LAG3,BECN1,VCAM1,C1QA,NR1H3,PRG2,ITGAM,HSP90AA1,THBS1,IL18BP,MSR1,F5,COL1A1,MTOR,THBD,ISG15,CARD9,SCD,ARG1,OAS2,THBS2,CD28,CFH,GFAP,IGG1,CEBPB,MOG,CD209,CAMP,S100B,SCAP,IDH2,CDH5,C3,PLAU,VEGFB,IDH2,SFTPB,IL1RN,SERPINE1,HK1,IDH1,FTH1,IDH1,HLA-DRB1,S100A12,BCL6,CD80,CASP3,PARP1,FOXO1,CAT,TAP1,TPI1,FCGR1A,PFKP,S100A8,ATG7,ULK1,ATP6V0D1,DHX29,BCL2,EBI3,BCL2,SQLE,F2,IFNA1,EGF,PPARG,SLC16A1,IFIH1,PTGS2,MMP2,BAX,GATA3,IL27,STAT5A,ABCA1,S100A9
CISH,CSF1R,SDHA,SOCS2,CISH,ACO1,GZMA,CLDN5,SCD,TIGIT,FCGR1A,C3,FASN,MARCO,TIGIT,CD36,BLK,SELP,CD8A,GBP1,CD36,TIM3,ULK1,SELE,C1QB,ABCA1,ELANE,ITGAX,HSPB1,PROCR,NLRC4,CD209,F7,COL3A1,RICTOR,PROC,ISG20,CLEC7A,DGAT1,ARG2,MX1,LDHA,IFI27,S100A8,AIF1,IGG4,LDHA,CD68,CLEC4D,LTF,GFAP,INSIG1,OGDH,PECAM1,C5,VWF,FLT1,OGDH,SFTPC,IL6R,PLAT,HK2,CS,FTL,CS,CD40,LCN2,PRDM1,CD40,CASP8,RIPK1,MYC,GPX1,TAP2,ULK1,FCGR2A,G6PD,S100A9,MAP1LC3B,ATG5,LAMP1,FCGR1A,BCL2L1,IL35,BCL2L1,LSS,F3,HLA-DPA1,IGF1,PPARA,GLUL,MX1,LTB4R,MMP9,MCL1,TBX21,IFNB1,STAT6,NPC1,S100A12
PTPN22,TREM2,ATP5A1,CISH,PTPN22,ACO2,PRF1,OCLN,SREBF1,PDCD1LG2,FCGR3A,C4A,ACACA,OPTN,CD274,MMP2,BLNK,SELL,CD8B,GBP5,MSR1,CD11B,MTOR,SELP,C1QC,APOE,CTSG,CD40,HSPA5,F2R,AIM2,CLEC7A,FGA,COL4A1,RAPTOR,PLAT,MX1,MRC1,DGAT2,NCF1,ISG15,PKM,IFI35,S100A9,CX3CR1,IGHA1,PKM2,AIF1,CARD9,LCN2,ITGAM,CEBPA,SUCLA2,SELE,CFH,FGB,KDR,SUCLA2,AGER,IL6ST,PLAUR,PFKM,ACLY,SLC11A1,ACLY,CD80,ELANE,NOS2,CD40LG,GSDMD,RIPK3,TP53,GPX4,B2M,ATG12,FCGR2B,PGD,CXCL1,SQSTM1,ATG7,LAMP2,GBP1,MCL1,NLRC4,MCL1,DHCR7,F5,VDR,BDNF,LDLR,GLS,OAS1,LTC4S,MMP1,CASP9,RORC,IFNA1,IRF1,LIPA,CALR
DUSP1,TYROBP,UCP2,PIAS1,DUSP1,IDH1,FASLG,TJP1,PPARG,NCR1,CD209,C5,HMGCR,ATG4B,PDCD1LG2,MMP3,MPO,PECAM1,CTLA4,SERPING1,MARCO,CD11C,AMPK,VEGFA,CFH,APOA1,AZU1,CD40LG,SOCS2,SELP,PYCARD,ITGAM,FGB,TGFBR1,AKT1,PLG,MX2,CD209,APOE,NCF2,BST2,PFKM,OASL,CAMP,CX3CL1,IGM,HK2,CX3CR1,JAK2,S100A8,ITGAX,CEBPB,SDHB,SELP,CFB,FGA,FGF2,SDHB,MPO,IFNGR1,THBD,PFKL,FASN,TF,FASN,CD86,CTSG,ARG1,ICAM1,MLKL,MLKL,BCL2,GSR,F2,ATG16L2,FCRL3,TKT,CXCL2,HSPA5,BECN1,CTSD,GBP2,BAX,PYCARD,BAX,CYP51A1,F8,SLC2A1,NGF,APOE,ASS1,OAS2,CYP27B1,TIMP1,BCL2L1,BCL6,TNFSF13B,IRF3,F3,HSP90AA1
CAMP,P2RY12,CPT1A,SPP1,CAMP,IDH2,TBX21,C3,NR1H3,CD69,SIGLEC1,CFH,LDLR,SLC2A3,HAVCR2,MMP7,ELANE,CDH5,PDCD1,C3,CD163,CD18,PINK1,VEGFB,CFB,LDLR,DEFA1,CD80,SOCS4,HIF1A,CASP1,ITGAX,FGG,TGFBR2,PI3K,FGA,OAS1,IRF3,APOA1,NCF4,SOD2,PFKL,GBP6,DEFB4A,TREM2,CD27,G6PD,CX3CL1,TYK2,S100A9,CD68,STAT3,FH,F2,C3AR1,FGG,PDGFB,FH,NCF1,IFNGR2,PROC,PFKP,CCR2,TFRC,CCR2,ICAM1,AZU1,CD68,VCAM1,RIPK1,GSDMD,BCL2L1,TXNRD1,F3,GABARAPL2,IGHG1,TALDO1,CEACAM1,DDIT3,MAP1LC3A,CTSL,OAS1,BAK1,GSDMD,BAK1,FDFT1,F10,IL33,PDGFA,LIPA,ARG2,ISG15,CYP24A1,TIMP2,CASP7,CD19,ITGAM,IRF7,SERPINE1,HSP70
DEFB1,TMEM119,ACACA,CTGF,DEFB1,SDHA,GATA3,C5,CPT1A,CD44,ATG5,CFB,APOE,SLC16A1,IL2,MMP8,PRTN3,C3,CD274,C5,MRC1,CD62L,PRKN,ANGPT1,CD46,HMGCR,DEFA3,CD86,SOCS5,LDHA,CASP4,FCGR1A,SERPINE1,SMAD2,PTEN,FGB,OAS2,IRF9,APOB,MPO,CAT,PFKP,GBP7,CASP1,IL1B,TNFRSF13B,PGK1,ITGAM,TRAF6,S100A12,CD163,STAT1,MDH2,F3,C5AR1,HK2,ANGPT1,ME1,CYBB,CXCR3,PROS1,PKM,CCR5,HAMP,CCR5,VCAM1,BPI,CD163,DEFB1,RIPK3,GSDME,BAX,PRDX1,SERPINE1,ELANE,IGHG3,CS,SFTPA1,ERN1,SQSTM1,LGMN,MX1,CASP3,HMGB1,CASP3,MVK,VWF,FASLG,CTGF,PLIN2,ODC1,IFIT1,VDR,AIF1,BID,MS4A1,ITGAX,IRF9,PLAT,DNAJB1
DEFB4A,ITGAM,FASN,PDGFB,DEFB4A,SDHB,RORC,C1QA,ACOX1,IL10RB,ATG7,CFD,CYP27B1,VEGFC,IL2RA,MMP12,CTSG,C5,PDCD1LG2,CFB,MRC2,CD44,BNIP3,ANGPT2,DEFB1,ACAT1,DEFA4,CD28,SOCS6,PKM,IL1R1,CD68,PLAT,SMAD3,TP53,FGG,OAS3,BATF,LDLR,LTF,GPX1,HK1,TAP2,CASP3,IL18,TNFRSF13C,ENO1,ITGAX,IRAK4,NOS2,CD206,STAT5A,CS,F5,F3,PKM,ANGPT2,ME2,RAC2,CCR5,TFPI,LDHA,CCR7,SLC40A1,CCR7,SELE,MBL2,MRC1,DEFB4A,ATG5,HLA-DRA,CASP3,KEAP1,PLAT,MPO,IGHA1,ACO2,SFTPD,EIF2AK3,TFEB,TFEB,ISG15,CASP8,TLR9,CASP8,PMVK,THBD,HLA-DQA1,HGF,CPT1A,SRM,IFIT3,CAMP,GFAP,BAD,CD79A,ITGA4,JUN,PLAU,HMGB1
LYZ,GFAP,SCD,TGFB2,LYZ,FH,IL17A,C1QB,ALOX5,CCL7,BECN1,CD55,CYP24A1,PECAM1,IL2RB,MMP13,LCN2,CFH,LAG3,CFH,CD209,ICAM1,FUNDC1,TIE2,DEFB4A,PLIN2,LTF,CTLA4,SOCS7,G6PD,MYD88,HSPA1A,PLAU,EGR1,MDM2,VWF,IFIT1,JUN,SCARB1,CAMP,GSR,HK2,FCGR1B,CASP8,CD19,CD1D,PFKM,NOS2,MAPK1,NCF1,MARCO,STAT5B,ACO2,F8,F7,LDHA,TEK,PC,ITGAM,CCR7,VWF,LDHB,CXCR3,HMOX1,CXCR3,SELP,C4A,CD80,CAMP,ATG7,HLA-DRB1,CASP8,NFE2L2,PLAU,LTF,CD22,IDH1,MBL2,XBP1,CTSB,MCOLN1,PDCD1,CASP9,MYD88,CASP9,MVD,PROC,CASP8,VEGFB,CPT2,SAT1,HERC5,DEFB1,S100B,APAF1,CD79B,ITGB1,FOS,THBD,TLR7
LTF,VIM,HMGCR,TIMP1,LTF,MDH1,CASP1,C1QC,ALOX15,CCL8,MAP1LC3A,CD59,GC,CDH5,IL15,TIMP2,S100A8,CFB,TIGIT,CFI,CLEC7A,VCAM1,UCP2,FGF2,CAMP,DGAT1,LCN2,PDCD1,CISH,IDO1,TICAM1,HSPB1,SERPINC1,EGR2,CDKN1A,SELP,IFIT2,FOS,CD36,DEFB1,HMOX1,ENO1,CARD17,GFAP,MS4A1,MR1,PDK1,ARG1,MAPK3,NCF2,MSR1,JAK1,ME1,FGB,SERPINE1,LDHB,MMP2,PCK1,ITGAX,CD86,P2RX7,PDK1,CXCR4,LCN2,CXCR4,CDH5,C4B,CD86,LTF,BECN1,HLA-DQA1,CASP9,HMOX1,FGA,CCL7,CD138,IDH2,C3,FTH1,CTSD,ATG5,CTLA4,FASLG,IRAK4,FASLG,IDI1,SERPINC1,NR1H3,FGF7,FASN,HMGCR,USP18,LCN2,TSPO,CASP10,BTK,ITGB2,MYC,VWF,TLR8
S100A8,S100B,LDLR,TIMP2,S100A8,MDH2,CASP3,CFB,PTGS2,CCL18,MAP1LC3B,FTH1,ALOX5,NCF4,IL15RA,TIMP3,S100A9,F2,TBX21,CD55,SIGLEC1,PECAM1,SLC2A1,PDGFB,LTF,LIPA,S100A8,PDCD1LG1,MMP3,IDO2,MAVS,HSP90AA1,PROC,FOS,CDKN2A,SELE,IFIT3,NFKB2,FABP4,DEFB4A,NQO1,GAPDH,STAT3,S100B,CD38,TRAV1-2,SLC2A1,ARG2,MAPK14,NCF4,CLEC7A,JAK2,ME2,FGA,VWF,SLC2A1,MMP9,GOT1,SELL,CD80,SLC11A1,PGAM1,CX3CR1,BMP6,CX3CR1,PECAM1,C5,HLA-DRA,LCN2,SQSTM1,HLA-DQB1,APAF1,NQO1,FGB,CCL8,MMP9,OGDH,C5,FTL,LGALS3,ATG7,LAG3,TNFRSF1A,TRAF6,TNFRSF1A,GGPS1,PLG,ITGB2,NTF3,ACACA,SQLE,BST2,S100A12,CX3CR1,VWF,SYK,CD44,SP1,GP1BA,TLR9
S100A9,MBP,APOE,COL1A1,S100A9,CS,CASP8,CFH,PTGES,CCL22,SQSTM1,FTL,LTA4H,SOD1,IL21,TIMP4,S100A12,F3,GATA3,CD46,CD68,SELE,SLC2A4,HIF1A,LCN2,HSL,S100A9,HLA-DRA,MMP8,HMOX1,DDX58,HMOX1,PROS1,JUN,BCL2,ICAM1,IFITM1,REL,FABP5,DEFA1,GCLC,GPI,STAT5A,MBP,IGHG1,IL26,SLC2A3,PTGS2,AKT1,MPO,CLEC4E,TYK2,PC,FGG,FGA,SLC2A3,TIMP2,GOT2,SELP,CD40,VDR,ENO1,CCR1,SOD1,CCR1,VE-CAD,CFB,HLA-DRB1,S100A8,BNIP3,HLA-A,CYTC,GCLC,FGG,CCL19,MMP1,SDHA,CFB,SLC11A1,LGALS9,BECN1,TIGIT,SOD1,MAPK1,SOD1,FDPS,FGA,HMGCR,HMOX1,HK2,CYP51A1,RSAD2,MMP3,NFKB1,FGA,BLNK,CD62L,CEBPA,ITGA2B,MYD88
S100A12,MOG,APOA1,COL3A1,S100A12,CD36,BCL2,CD55,TDO2,CXCL11,CASP1,TF,PTGES,CAT,CSF2,COL1A1,MMP1,F5,RORC,CR1,CD1A,SELP,PKM,EPAS1,S100A8,ATGL,CAMP,HLA-DRB1,MMP7,NQO1,IFIH1,SOD2,THBD,MYC,BCL2L1,VCAM1,IFITM3,RELB,LPL,DEFA3,GCLM,TPI1,STAT6,AQP4,CD27,CCR6,HIF2A,HMOX1,PIK3CA,MMP1,MRC1,SOCS1,PCK1,VWF,FGB,SLC2A4,COL1A1,GPT,SELE,CD40LG,CYP27B1,GAPDH,CXCR1,SOD2,CXCR1,TJP1,CFH,CD14,S100A9,PINK1,HLA-B,FASLG,GCLM,VWF,CCL20,MMP2,SDHB,CFH,SLC11A2,CD1D,MAP1LC3B,HAVCR2,SOD2,MAPK3,SOD2,SREBF1,FGB,AIM2,SOD2,PKM,DHCR7,CGAS,MMP12,RELA,FGB,CD22,CD11B,CEBPB,ITGB3,IRAK4
HMOX1,MAG,NPC1,COL4A1,HMOX1,MSR1,BAX,CD59,KMO,CXCL12,CASP3,TFRC,ANXA1,SLC40A1,CSF3,COL3A1,MMP2,F7,CD68,MASP2,CD1C,F3,LDHA,VHL,S100A9,IDO1,DEFB1,TAP1,TIMP2,SLC2A1,TMEM173,CAT,GFAP,HLA-A,MCL1,ITGAM,RSAD2,IL15RA,LIPC,S100A8,GSS,ALDOA,IRF9,COL1A1,SLC11A1,CCR4,EPAS1,NEMF,MTOR,MMP2,PPARG,SOCS3,PCK2,THBD,FGG,PFKL,HIF1A,GPT2,CD44,BTLA,CYP24A1,ALDOA,CXCR2,CAT,CXCR2,OCLN,CD46,DEFB1,GFAP,CAMP,HLA-C,FAS,GSS,THBS1,CXCL1,MMP3,FH,CD55,HAMP,MR1,SQSTM1,MS4A1,CAT,MAPK8,CAT,SREBF2,FGG,CPT1A,CAT,LDHA,SOAT1,STING1,TIMP1,JUN,FGG,FCGR2A,CD18,TBX21,SELP,TRAF6
IDO1,OLIG2,NPC2,ELN,IDO1,MARCO,BAD,TGFB1,ASS1,CX3CL1,CASP8,SLC11A1,SERPINE1,HFE,GM-CSF,COL4A1,MMP3,F10,CD163,MBL2,FCER1A,F5,HK2,NRP1,SLPI,IDO2,DEFB4A,TAP2,TIMP3,SLC7A5,TLR7,GPX1,S100B,HLA-B,BAX,ITGAX,EIF2AK2,IL27RA,LIPG,S100A9,TXN,SLC2A1,NFKB2,COL3A1,FTH1,CXCR3,VHL,DHX29,ICAM1,MMP9,PPARGC1A,CISH,COX2,SERPINE1,NPPA,PFKM,EPAS1,GLUD1,SPP1,ICOS,IL37,IDH1,CCR6,GPX1,CCR6,CLDN5,CD55,CAMP,AIF1,DEFB1,B2M,TNFRSF1A,SLC7A11,CD9,CXCL2,MMP7,MDH2,CD59,APOE,BTNL2,NBR1,CD79A,GPX1,MAPK14,GPX1,NR1H3,BNP,CD14,GPX1,G6PD,ACAT1,PYCARD,TIMP2,FOS,THBD,FCGR2B,PECAM1,GATA3,PF4,MAPK1
ASUN,BDNF,ABCA1,F3,ASUN,PPARG,BNIP3,TGFB2,GFAP,CCR1,CASP9,HAMP,F3,LCN2,SPP1,FN1,MMP9,SERPINE1,MARCO,FCN1,CCL19,F8,PFKFB3,FLT1,VDR,TDO2,CCR2,PSMB8,COL1A1,NR1H3,TLR8,PRDX1,UCHL1,HLA-C,BAK1,CD36,IFNB1,CXCL8,PLIN2,S100A12,GFAP,SLC2A3,REL,FN1,TFRC,CCR5,EGLN1,PTPRC,VCAM1,MMP12,PPARGC1B,IRF1,COX4I1,ITGA2B,NPPB,PFKP,VHL,GLS,VEGFA,ICOSL,IL1RN,IDH2,C1QA,GCLC,C1QA,ANGPT1,CD59,LTF,CX3CL1,DEFB4A,TAP1,TNFRSF1B,GLRX,CD63,CXCL12,MMP12,ICL1,CR1,APOA1,HLA-DRB1,CALCOCO2,IGHG1,NQO1,JUN,NQO1,NR1H2,NPPA,SREBF1,GPX4,PGK1,LIPA,AIM2,COL1A1,CEBPB,SERPINE1,FCGR3A,MADCAM1,RORC,GFAP,MAPK3
DHX29,NPPA,ABCG1,F7,DHX29,PPARA,BNIP3L,TGFBR1,AIF1,CCR3,BCL2,HMOX1,F7,CP,EGR1,VEGFB,MMP12,PLAT,MSR1,FCN3,CCL21,VWF,PDK1,KDR,CYP27B1,KYNA,CCR5,PSMB9,FN1,ABCA1,TLR9,NFE2L2,MAPT,HLA-E,APAF1,MSR1,CD3E,CX3CL1,CPT1A,CASP1,S100B,PDK1,RELB,FGF2,HAMP,CCR2,VEGFB,HLA-DRB5,ITGAM,TIMP2,NR3C1,IRF3,COX5A,ITGB3,TNNT2,ENO1,SLC2A1,ASS1,FLT1,CD28,IL1R1,ACO1,C1QB,GSR,C1QB,ANGPT2,MASP1,LCN2,CX3CR1,S100A8,TAP2,RIPK1,TXN,CD81,MMP1,TIMP1,ICL2,SERPING1,LDLR,HLA-DQB1,OPTN,IGHM,HMOX1,FOS,HMOX1,PPARG,EDN1,TIMP3,GSR,ENO1,LIPG,IFI16,COL3A1,HSPA1A,ADAMTS13,C1QA,ALCAM,NEMF,AIF1,MAPK8
NEMF,NPPB,ACSL1,F9,NEMF,NR1H3,RIPK3,TGFBR2,CD68,CCR4,BCL2L1,HSPA1A,F10,PTX3,EGR2,FGF2,TIMP2,PLAU,CD36,COLEC11,CXCL13,SERPINE1,PDK4,PECAM1,CYP24A1,KYNU,CXCR3,B2M,FASN,ABCG1,CD36,KEAP1,NEFL,CD1A,CYCS,MARCO,CD4,CCL19,CPT1B,CASP3,ENO2,PDK2,TBX21,PDGFB,HSPA5,CX3CR1,VEGFC,SOS1,ITGAX,COL1A1,NR1H3,IRF7,ATP5A1,GP1BA,GFAP,ENO2,SLC2A3,ASL,KDR,CTNNB1,IL1RAP,ACO2,C3,TXN,C3,TEK,MASP2,S100A8,CSF1,S100A9,PSMB8,RIPK3,TXNIP,ANXA2,MMP3,TIMP2,ACLY,F2,HMGCR,TAP1,ULK1,CSF1,NRF2,NFKBIA,NRF2,PPARA,ACE,CD80,PRDX1,GPI,PLA2G2A,ZBP1,FN1,HSPB1,F2,C1QB,NCAM1,DHX29,CX3CR1,MAPK14
FCGR1A,TNNT2,PLIN2,F10,FCGR1A,SREBF1,MLKL,EGF,ITGAM,CCR6,BAX,HSPB1,PROC,TREM1,FOS,PFKM,NFKB1,VWF,FCGR1A,F2,IFNA1,PLAT,CS,CDH5,GC,HAAO,CX3CR1,CIITA,ACACA,CD36,MSR1,TIMP2,MBP,CD1B,DIABLO,TLR8,CD8A,CCL21,CPT2,CASP7,UCHL1,PDK4,IL21,VEGFB,XBP1,CX3CL1,FLT1,LCN10,SELL,COL3A1,ABCA1,IRF9,ATP5B,PF4,S100B,GAPDH,HK2,ARG2,ANGPT1,WNT5A,NLRP3,CS,C5,PRDX1,C5,KDR,C1QA,S100A9,CSF1R,LCN2,PSMB9,MLKL,ACE,S100A8,MMP7,VEGFA,FASN,F3,SREBF1,TAP2,PIK3C3,CSF2,KEAP1,RELA,KEAP1,ACACA,ACE2,ACACA,NFE2L2,PFKL,PLA2G4A,RIPK3,VEGFA,HSP90AA1,F5,C1QC,L1CAM,PTPRC,CX3CL1,JUN
GBP1,TNNI3,CD36,SERPINC1,GBP1,ABCA1,F3,EGFR,C1QA,SELE,BAK1,HSP90AA1,PROS1,FCN1,JUN,PFKL,NFKB2,HLA-DRA,FCGR2A,F3,IFNB1,PLAU,ACO2,OCLN,SLC11A1,QPRT,CCR7,CD4,CPT1A,MSR1,MARCO,COL1A1,MOG,CD1C,XIAP,TLR9,CD28,CCL20,ACADM,CASP8,BDNF,PDHB,IL17F,VEGFC,ATF6,S100A8,KDR,SHC1,SELP,FN1,ABCG1,IRGM,NDUFS1,SELPLG,MBP,PGAM1,PKM,ODC1,TEK,NOTCH1,CASP1,OGDH,CFB,NFE2L2,CFB,FLT1,C1QB,HAMP,ITGAM,HAMP,NLRC4,HMGB1,ACE2,S100A9,COL1A1,FGF2,ACC1,FGA,SREBF2,B2M,RUBCN,CSF3,C1QA,SPI1,C1QA,FASN,AGT,IDO1,KEAP1,PCK1,PLA2G7,MLKL,ANGPT1,HSPA5,PROC,C3,CD99,GBP5,S100B,FOS
GBP2,MYH7,MSR1,PROC,GBP2,ABCG1,F5,FGF2,C1QB,SELP,RIPK1,DNAJB1,THBD,MMP3,MYC,PFKP,RELA,HLA-DRB1,FCGR3A,F5,ISG15,FGB,IDH2,CLDN5,FTH1,NAMPT,BATF2,CD8A,PPARA,SCARB1,CLEC7A,COL3A1,C3,CD1D,FASLG,CLEC7A,CD40,CFB,HADHA,CASP9,NGF,CS,CXCL3,TGFB2,DDIT3,S100A9,ANGPT1,RETN,PECAM1,TGFB1,CD36,ATG5,UQCRC1,CD40LG,KLF6,PDK1,LDHA,SMS,PDGFB,JAG1,PYCARD,SDHA,CRP,KEAP1,CRP,NRP1,C1QC,GNLY,ITGAX,LTF,AIM2,ANXA1,AGT,HMGB1,COL3A1,ANGPT2,ACC2,FGB,SOD1,FCGR1A,STX17,SPI1,C1QB,CEBPA,C1QB,SCD,AGTR1,THBS1,TXNRD1,PDK1,ALOX5,GSDMD,ANGPT2,HSPD1,PROS1,C5,JAM1,FCGR1B,BDNF,EGR1
GBP5,MYBPC3,MARCO,PROS1,GBP5,APOE,FGA,FGFR1,C3,MMP13,RIPK3,GPX1,PLAT,MMP7,ALOX5,PDK1,RELB,HLA-DQA1,NOS2,F7,RSAD2,FGA,OGDH,TJP1,FTL,NNMT,GBP1,GZMB,PPARG,PPARG,CLEC4E,FN1,C4A,MICA,FAS,NLRP3,CD80,C4A,FGA,BCL2,NTRK1,ACO2,CXCL5,F5,PTGS2,LCN2,ANGPT2,ACE,C3,TGFB2,LDLR,ATG7,UQCRFS1,PDGFB,DYSF,PDK2,LDHB,SAT1,PDGFRB,TREM1,AIM2,FH,SAA1,CDKN1A,SAA1,PDGFB,FCN1,PRF1,ITGB2,SLPI,PYCARD,ICAM1,AGTR1,RAGE,MAPK1,COL1A1,SCD1,FGG,SOD2,FCGR2A,IRGM,SLC2A4,C4A,CEBPB,C4A,DGAT1,APOE,TLR6,PRDX3,IDH1,ALOX15,PARP1,TIE1,BCL2,PLAT,CD55,JAM2,SERPING1,NGF,MYC
IFIT1,ACTC1,MTOR,TFPI,IFIT1,LDLR,FGB,MTOR,C5,TIMP3,HLA-DRA,SOD1,PLAU,MMP8,PTGS2,PDK4,JUN,HLA-DQB1,ARG1,F8,BST2,C3,SDHA,APOE,TFRC,OAS1,GBP2,PRF1,LDLR,FABP4,MRC1,TGFBR1,C5,MICB,TNFRSF1A,CASP1,CD86,C4B,FGB,BCL2L1,NTRK2,IDH2,CXCL6,F7,ALOX5,CAMP,TEK,CHIT1,C5,TGFBR1,APOE,ATG16L1,SIRT1,THBS1,LASP1,PDK4,PDK1,SLC3A2,FGF2,TREM2,GSDMD,MDH2,ORM1,CDKN2A,ORM1,PDGFRB,FCN2,GZMA,PECAM1,ELANE,IL1A,VCAM1,EDN1,TLR9,MAPK3,COL3A1,CPT1A,PLAT,CAT,FCGR3A,GBP1,SLC16A1,C5,PPARG,C5,DGAT2,APOA1,C2,IL15,IDH2,PTGES,PARP14,TEK,BAX,F10,CD46,JAM3,ANKRD22,NPPB,CCND1
IFIT3,TPM1,RPTOR,PLAT,IFIT3,SCARB1,FGG,HIF1A,CFB,LAMA1,HLA-DRB1,SOD2,PLG,MMP12,PTGES,SLC2A1,FOS,B2M,IDO1,F10,APOBEC3G,C4A,COX4I1,LDLR,HAMP,OAS2,GBP5,FASLG,CCR2,LIPA,FCGR1A,TGFBR2,CFH,NKG2D,TNFRSF1B,PYCARD,CD274,C2,FGG,MCL1,IL1RN,OGDH,CXCL12,PLAT,LTA4H,DEFB4A,PDGFB,CSF1,C1QA,TGFBR2,SREBF1,BECN1,SIRT3,CD36,PCBP1,IDH1,ENO1,SLC7A5,FGFR1,SIGLEC1,RIPK1,F3,HP,TP53,HP,TGFB1,FCN3,ATG5,SELE,VDR,IL1RN,SELE,NOS3,MYD88,MAPK8,TGFB1,CPT2,SERPINE1,GPX1,C3,GBP2,ACACA,CFH,NR3C1,CFH,PLIN2,LDLR,SELP,IL21,CS,HPGD,ADAR,FGF2,CASP3,PLAU,CR1,CD146,BATF2,NPPA,CDK4
OAS1,MYL2,EIF2AK4,SERPINE1,OAS1,FABP4,PLAT,EPAS1,CFH,LAMB1,HLA-DQA1,CAT,FGA,CASP8,LTA4H,SLC2A3,SP1,TAP1,SOCS1,SERPINE1,SAMHD1,C4B,ATP5A1,CD1D,SLC40A1,OAS3,GBP6,GNLY,CCR5,PLIN2,FCGR2A,SMAD2,CFB,F3,TRADD,AIM2,PDCD1,MASP2,F2,BAX,IL4,F2,CXCL13,PLAU,ANXA1,ELANE,PDGFRB,CSF1R,C1QB,ACTA2,FASN,MAP1LC3B,SIRT6,CD61,BATF2,IDH2,PFKM,SLC7A11,MMP2,CD163,RIPK3,F2R,LBP,MYC,LBP,TGFBR1,COLEC11,ATG7,SELP,CYP27B1,IL1R1,SELP,NPPA,IRAK4,MAPK14,FN1,HADHA,PROC,PRDX1,C5,GBP5,HMGCR,F2,VDR,F2,CPT1A,ADIPOQ,IL15,IL22,ACO2,FGA,APOBEC3G,PDGFA,CASP8,NPPB,ITGAM,CEACAM1,SCARF1,TNNT2,CDKN1A
C3,MYL3,ATF4,S100B,C3,CRP,SERPINE1,SIRT1,RSAD2,LAMC1,HLA-DQB1,PRDX1,FGB,MCL1,LTB4R,IDH1,SP3,TAP2,SOCS3,PLAT,TRIM5,C2,NDUFAB1,MR1,F2,IFIT1,IFIT1,NKG2D,CCR7,DEFA1,FCGR2B,SMAD3,C1QA,FGA,TRAF2,IL1R1,CTLA4,CR3,F3,BAK1,NPPA,F3,MMP7,CD8B,IDO1,MPO,FGF2,CSF3,C1QC,PDGFA,SCD,SQSTM1,AMPK,NPPA,FCGR1B,IDO1,PFKL,SLC1A5,MMP7,CD206,MLKL,F7,TLR1,CCND1,TLR1,TGFBR2,CR1,BECN1,TGFB1,CYP24A1,IL1R2,ITGAM,NPPB,TRAF6,AKT1,HLA-DRB1,HADHB,PROS1,NQO1,CFB,LRG47,TGFBR1,F3,CYP27B1,F3,ACADVL,LEP,ABCA1,IL27,OGDH,FGB,SAMHD1,PDGFB,CASP1,TNNT2,ITGAX,CD14,BLK,TNNI3,TP53
C5,PLN,DDIT3,NCAM1,C5,SAA1,THBD,PPARGC1A,IRGM,HLA-DRB1,HLA-DPA1,NFKB1,FGG,BAK1,NCF1,IDH2,CD40,CD80,F2,PLAU,ZBP1,CFB,NDUFS1,MAIT,F3,IFIT2,IFIT2,LAMP1,CXCR3,DEFA3,C3,SMAD7,C1QB,FGB,RIPK1,IL1RN,IL2RA,CD11B,F5,BNIP3,NPPB,F5,MMP8,PCK1,KYNU,MMP9,FGFR1,CSF3R,TGFB1,PDGFB,ACACA,BNIP3,MTOR,NPPB,ANKRD22,IDO2,SOD1,SLC38A2,MMP12,MARCO,HMGB1,F10,TLR6,CDK4,TLR6,SMAD3,CR2,SQSTM1,TGFB2,GC,NFATC1,ITGAX,MYH7,NFKBIA,PIK3CA,HLA-DRA,ACOX1,THBD,C3,MASP1,S100A8,SMAD3,SERPIND1,CYP24A1,SERPIND1,HADHA,RETN,EDNRA,IL1R1,SDHA,FGG,TRIM5,TGFA,FTH1,TNNI3,ITGB2,MD2,GBP1,MYH7,MDM2
CFH,GDF15,HSPA5,APP,CFH,SAA2,PROC,PPARGC1B,IFITM3,HLA-DQB1,HLA-DPB1,RELA,VWF,RIPK1,NCF2,ACO2,ICOS,CD86,F3,PLAUR,STING1,CFH,SLC25A5,HMOX1,SERPINE1,IFIT3,IFIT3,RAB7A,CXCR4,DEFB1,C3AR1,GFAP,C1QC,FGG,RIPK3,IL6R,FCGR2A,CD18,F7,BNIP3L,TNNI3,F7,MMP12,PCK2,GLS,MMP2,NOTCH1,SPP1,VEGFA,F3,CPT1A,BNIP3L,MYC,MYH7,GAS6,TDO2,SOD2,MYC,ADAM17,MSR1,S100A8,FGA,TLR7,RB1,TLR7,EGF,ITGAM,IRGM,TGFBR1,CALCA,NFATC2,CD86,TNNT2,IKBKB,HDAC1,HLA-DQA1,EHHADH,VWF,C4A,MBL2,S100A9,CTGF,CRP,GC,CRP,HADHB,PPARG,F3,IL6R,SDHB,SERPINE1,TRIM22,EGF,FTL,NPPA,ICAM1,MYD88,GBP2,CASP10,RB1
CFB,FABP3,XBP1,MAPT,CFB,ORM1,NPPB,IL2,TLR9,IRF8,CD80,IRF1,P2RX7,RIPK3,NCF4,CS,TNFSF4,CD28,F5,THBD,TBK1,CFI,SLC16A1,SOD2,PLAT,ISG15,OAS1,ATG5,CX3CR1,CAMP,C5AR1,AIF1,CD19,F2,MLKL,IL6ST,FCGR3A,SERPINE1,F10,MLKL,TNNT2,F10,MMP13,IL15,NAMPT,TIMP1,DLL4,CD163,CSF2,F2,HADHA,PARK2,TP53,ACTC1,HP,CD19,CAT,MYCN,COL1A1,CD36,S100A9,FGB,TLR9,E2F1,TLR9,EGFR,ITGAX,GBP1,TGFBR2,CALCB,GATA3,CD80,TNNI3,CHUK,DNMT1,HLA-DQB1,DECR1,P2RX7,C4B,DEFB1,CAMP,SPP1,SAA1,TNFAIP3,SAA1,ACAA2,PPARA,HSPA1A,IL6ST,FH,PLAU,SIRT1,IGF1,TFRC,MYH7,VCAM1,IRAK4,GBP4,SLC7A2,E2F1
F2,CKM,ERN1,SYP,F2,ORM2,NPPA,IL2RA,IRAK4,TLR4,CD86,IRF3,NLRP3,PSMB9,CYBA,MDH2,TNFRSF4,CD40,F10,PROCR,MAVS,CD55,SLC16A3,CAT,THBD,ISG20,OAS2,ATG7,C3,LTF,CFB,CX3CR1,CD22,F5,HMGB1,IFNGR1,CD68,PLAU,SERPINC1,RIPK1,MYH7,F11,TIMP2,IL21,ACMSD,LTF,MMP3,CD163L1,MMP9,F5,HK2,PINK1,BCL2,TNNI3,CD1C,MS4A1,GPX1,E2F1,COL3A1,CD68,CAMP,FGG,NOD1,PCNA,NOD1,IGF1,VSIG4,GBP2,EGF,CALR,TBX21,CD40,ACTC1,REL,TET2,HLA-DPA1,ECH1,ADORA2A,C5,CAMP,DEFB4A,CD274,ORM1,RIPK1,ORM1,ECHS1,NR3C1,APOE,IL10RA,MDH2,PLAUR,SIRT3,IGFBP3,SLC11A1,ACTC1,SELE,TRAF6,GBP6,CD38,MTOR
F3,ALDOA,SQSTM1,NEFH,F3,HP,EDN1,IL4,TRAF6,TLR9,CD40,IRF7,CASP1,CIITA,HMOX1,FH,SLAMF1,ICOS,FGA,TFPI,DHX58,CD46,FASN,GPX1,PROC,MX1,OAS3,BECN1,C5,LYZ,MASP2,CX3CL1,CD79A,F8,S100A8,IFNGR2,CD163,F2,PROC,RIPK3,ACTC1,F12,VEGFC,CSF3,CASP10,ARG1,MMP12,CXCL13,MMP2,F7,PKM,OPTN,BCL2L1,TNNT2,MARCO,CD22,NOS2,E2F3,FN1,CD11B,DEFB4A,SERPINE1,AIM2,MKI67,AIM2,IGF1R,SERPINA1,GBP5,EGFR,CALM1,RORC,CD83,PLN,NFKB2,F5,HLA-DPB1,PRKAA1,AGER,CFB,S100A8,TFRC,CD80,ORM2,RIPK3,ORM2,ACOX1,VDR,IL4,IL17RA,SLC2A1,F3,PPARG,ADIPOQ,HAMP,TPM1,SELP,NOD2,IL1R1,SLC22A16,AKT1
SERPINE1,ENO3,MAP1LC3B,NEFL,SERPINE1,LBP,NOS3,IL4R,AIM2,JAK1,CD1A,CREB1,IL1A,HLA-C,NQO1,SDHA,PECAM1,DEFB1,FGB,ANTXR2,RIG1,CR1,ACACA,NRF2,VWF,MX2,MX1,SQSTM1,C3AR1,S100A7,MBL2,BDNF,CD79B,SERPINE1,S100A9,TNFAIP3,CD209,F3,PROS1,ATG5,CRP,FGA,F5,LTB,CDC27,NOS2,MMP13,SLAMF1,TIMP2,F10,LDHA,NBR1,BAX,CRP,MSR1,CD79A,NCF1,CDKN1A,LAMA1,CD11C,LTF,PLAT,CLEC4E,HDAC1,CLEC4E,FGF2,SERPINA3,RAB7A,IGF1,CAMK2A,FOXP3,HLA-DR,RYR2,SP1,F8,B2M,PRKAA2,HMGB1,CFH,S100A9,FTH1,CD86,HP,MLKL,HP,EHHADH,CYP27B1,PKM,IL23R,SLC2A4,THBD,PPARA,LEP,APOE,CSF2,SELL,NLRP3,IL1RN,SLC25A13,PI3K
PLAT,CD4,BECN1,ENO2,PLAT,AGT,ACE,IL5,PYCARD,STAT3,CD1B,FOS,IL18BP,TIGIT,SOD2,SDHB,ATG5,DEFB4A,FGG,VWF,NLRP1,CR3,ACSL1,KEAP1,EDN1,RSAD2,ISG15,CYBB,C5AR1,S100A12,APCS,NGF,IGHM,PLAUR,RAGE,NFKBIA,MRC1,MMP3,THBD,ATG7,SAA1,FGB,F7,CCL11,TNFRSF12A,SLC11A1,ADAMTS1,SLAMF6,SPP1,FGA,SLC2A1,NDP52,CASP3,SAA1,CLEC7A,CD79B,NCF2,CDKN2A,ITGA4,ITGAM,LYZ,PLAU,TICAM1,HDAC2,TICAM1,FGFR1,SERPING1,ULK1,IGF1R,CAMK4,IL17A,CIITA,ATP2A2,EGR1,VWF,TAP1,MTOR,TLR7,CRP,LCN2,FTL,CD40,FGA,XIAP,FGA,SLC25A20,CYP24A1,PPARA,IL12RB1,SLC16A1,PROC,PPARGC1A,RETN,LDLR,CSF1,CCR2,AIM2,IL2RA,SLC4A1,PTEN
VWF,CD8A,ATG5,BDNF,VWF,C1QA,AGT,IL13,FCGR2A,MAP3K7,CD1C,JUN,GSDMD,HAVCR2,CAT,PGD,ATG7,CAMP,PLAT,SELP,NLRP2,CR4,CPT1A,PINK1,GFAP,IFITM1,RSAD2,NCF1,CFB,SLPI,CRP,GDNF,IGHG1,THBD,TLR2,IKBKG,CCR7,MMP7,PLAT,ATG12,IL2,FGG,F10,ITGAX,CCL26,SLC7A2,COL1A1,SLAMF7,HIF1A,FGB,SLC2A4,TAX1BP1,CASP8,SAA2,NAMPT,PAX5,CYBA,RB1,ITGB1,ITGAX,MPO,SERPINC1,IRAK4,SIRT1,IRAK4,BMP2,F2,CASP1,HGF,F3,IL17F,TAP1,SCN5A,CREB1,THBD,TAP2,PPARA,CLEC7A,SAA1,ELANE,SLC40A1,CD40LG,FGB,BCL2,FGB,ACSL1,GC,PFKM,IL12RB2,ATP5A1,PROS1,NRF2,RBP4,ABCA1,CSF3,CCR1,CARD9,IL2RB,MAP3K14,TSC1
THBD,CD8B,ATG7,NGF,THBD,C1QB,AGTR1,IL15,FCGR3A,RIPK2,CD1D,EGR1,RIPK1,ICOS,GPX1,TKT,ATG16L1,LTF,PLAU,SELE,CASP8,C5AR1,HADH,PARK2,AIF1,IFITM3,IFI44,NCF2,CD19,ELANE,SAA1,NTF3,PTGS2,PROC,TLR9,MAP3K7,CCR5,MMP12,PLAU,ATG16L1,IL4R,SERPINE1,F11,ORM2,CDKL3,CYBB,COL3A1,CD27,IDO1,FGG,PDK1,VCP,CASP9,HSPA1A,PIM1,BLK,PRDX1,TP53,ITGB2,LYVE1,NCF1,PROC,TRAF6,KDM6B,TRAF6,BMP4,F3,CASP3,MET,F2,IL22,TAP2,KCNQ1,ATF3,HSPA1A,CD1D,PPARG,CLEC4E,SAA2,MPO,HAMP,NLRP3,FGG,BCL2L1,FGG,FABP4,HMOX1,SCD,ITGAM,ATP5B,ITGA2B,KEAP1,APOA1,PPARG,IL2,CX3CR1,CLEC7A,IL4R,TNFRSF12A,TSC2
SPP1,CD3E,BNIP3,IL1A,SPP1,C1QC,VCAM1,IL21,FCGR3B,PFKFB3,B2M,SP1,RIPK3,CD27,GCLC,TALDO1,IRGM,LYZ,SERPINE1,ICAM1,RIPK3,MASP1,ACOX1,LC3B,CX3CL1,GBP1,IFI44L,NCF4,MS4A1,EGF,HP,MAPK14,NOS2,PROS1,MYD88,MAPK14,CCR2,TIMP2,GP1BA,BECN1,IL13,SERPINC1,PLAU,OLIG2,CD79B,NCF1,FN1,CD38,HMOX1,SERPINC1,PDHA1,TFEB,RIPK1,SOD1,BCL3,BANK1,TXNRD1,BCL2,CD47,STAB1,NCF2,PROS1,APOE,EZH2,APOE,NOTCH1,F5,CASP8,PDGFA,FGA,IL23A,B2M,KCNH2,SIRT1,HSPB1,HIF1A,NR1H3,CARD9,ORM1,LTF,LCN2,PYCARD,SERPINA1,BAX,SERPINA1,FABP5,NQO1,SERPING1,ITGB2,COX4I1,SELP,HMOX1,APOE,SREBF1,IL4,CXCR4,CLEC4E,IL6R,MAP3K9,ULK1
LTA4H,CD3D,BNIP3L,IL1R1,LTA4H,C2,ICAM1,IL22,IL7R,SLC2A3,TAP1,ICAM1,MLKL,CD40,GCLM,IDO2,LAMP1,S100A8,PLAUR,VCAM1,MLKL,MASP2,SCD,SQSTM1,CSF1R,GBP2,IFIH1,NOS2,CD22,FGF2,ORM1,MAPK8,ARG1,VWF,IRAK1,MAPK8,HLA-A,FGF2,ITGA2B,MAP1LC3A,IL15,PROC,SERPINC1,NCF4,CDK11A,NCF2,LAMA1,CD40,SOD2,SERPINE1,CS,LAMP1,RIPK3,SOD2,CDH1,SYK,HMOX1,BCL2L1,SIRPA,CLEC7A,CYBB,THBD,APOA1,DNMT1,APOA1,DLL4,F7,NLRP3,PDGFB,FGB,IL12A,CD1D,GJA1,TP53,HSP90AA1,IDO1,SREBF1,SYK,HP,HP,MBL2,IL1RN,SERPINA3,FASLG,SERPINA3,CD36,SOD1,CCR7,SELL,NDUFS1,VWF,NQO1,LPL,LDH,IL5,S100A12,CD209,IL10RA,CCL26,STK11
ALOX5,CD3G,TFEB,IL4,ALOX5,C3,SELE,IL27,HAVCR2,SLC2A4,TAP2,VCAM1,TNFAIP3,FCGR3A,GSR,KYNU,BCL2,S100A9,THBD,PECAM1,BCL2,FCN1,DGAT1,BNIP3,TREM2,GBP5,DDX58,ARG1,CD79A,PDGFB,ORM2,F3,ARG2,P4HB,IRAK4,JUN,HLA-B,COL1A1,ITGB3,MAP1LC3B,IL21,PROS1,SERPINE2,TIMP1,MMP25,NCF4,ITGA4,MARCO,SOCS1,PLAT,IDH1,LAMP2,MLKL,CAT,CLDN5,LYN,NQO1,MCL1,CD200,CLEC4E,NOS2,PROCR,LDLR,TET2,LDLR,JAG1,F8,PYCARD,CD163,FGG,TGFB1,MR1,GJA5,CDKN1A,APOE,HK2,SREBF2,NLRC4,AGT,SAA1,MASP2,MAPK1,S100A8,TNFSF10,S100A8,LPL,SOD2,IL2,SELP,VEGFR1,P2RY12,SOD2,LDLR,CK,IL13,DEFB1,CD207,IL10RB,SLC13A2,AMPK
CYSLTR1,CD19,LAMP1,IL13,CYSLTR1,C4A,ATG5,IFNB1,TIGIT,FABP4,FGA,SELE,XIAP,AXL,TXN,QPRT,BCL2L1,S100A12,PROC,CDH5,MCL1,FCN3,LIPE,LAMP1,P2RY12,GBP6,MAVS,IDO1,CD79B,IGF1,SERPINA1,VWF,HMOX1,NPPB,TRAF6,FOS,HLA-C,COL3A1,NPPA,SQSTM1,IL22,PLAT,IDO2,IDH2,IL32,RAC2,ITGB1,MSR1,SOCS3,PLAU,IDH2,CTSD,NLRP3,GPX1,OCLN,CD40,CASP3,BAX,CD200R1,MRC1,ARG1,SERPIND1,SCARB1,BRD4,SCARB1,WNT3A,F9,FASLG,CD206,PLAT,TGFB2,KLRK1,DSG2,BCL2,LDLR,PKM,SLC2A1,AIM2,ITGAM,CRP,C3,MAPK3,S100A9,CASP3,S100A9,ANGPTL4,CAT,FABP4,CD44,VEGFR2,TBXA2R,CAT,HMGCR,ALT,IL15,CAMP,MBL2,IL12RB1,CD79B,SIRT1
LTBR,MS4A1,LAMP2,IL15,LTBR,C4B,ATG7,IFNA1,ICOS,SCD,FGB,SELP,BCL2,CSF1R,TXNRD1,HMOX1,BAX,CCR5,PROS1,CLDN5,XIAP,HK2,PNPLA2,LAMP2,TMEM119,BATF2,STING1,SOCS1,NLRP3,TGFA,ITIH4,THBD,SOD1,NPPA,MAP3K7,ATF3,HLA-DRA,FN1,NPPB,IRGM,IL23A,PLAU,TDO2,ACO1,CD9,ITGAM,ITGAM,CLEC7A,PTPN22,THBD,OGDH,CTSB,IL18BP,GPX4,TJP1,TNFRSF13B,CASP8,BAK1,HAVCR2,MRC2,ALOX5,CLDN5,ABCA1,EP300,ABCA1,CTNNB1,F10,FAS,ARG1,PLAU,TGFB3,GZMB,PKP2,BCL2L1,CD36,LDHA,SLC2A4,GSDMD,ITGAX,AGT,C4A,MAPK14,S100A12,CASP8,S100A12,PNPLA2,PRDX1,CD86,PECAM1,ANGPT1,PTGS1,GPX1,SREBF1,AST,IL21,LCN2,FCN1,IL12RB2,MMP25,PPARGC1A
TNFRSF1A,CD38,CTSD,IL21,TNFRSF1A,C5,ATG12,IFNL1,TNFRSF4,IDH1,FGG,PECAM1,BCL2L1,NFKBIB,PRDX1,SERPING1,BAK1,CCR7,C1QA,OCLN,TNFRSF1A,PKM,CD68,RAB5A,CLDN5,45904,NEMF,SOCS3,NLRC4,HGF,LBP,PROC,SOD2,EDN1,MAPK8,EGR1,HLA-DRB1,SLC2A3,MYH7,LAMP1,IL27,VWF,ARG2,ACO2,RABGAP1,ITGAX,ITGAX,FCGR1A,CD163,PROCR,SDHA,CTSL,GSDMD,NRF2,ICAM1,TNFRSF13C,CASP9,CASP3,CEACAM1,NLRP3,PTGS2,OCLN,CD36,CREBBP,CD36,MYC,F11,BCL2,NOS2,SERPINE1,SMAD2,PRF1,DSP,MCL1,IDO1,SLC2A1,HK1,NFKB2,ITGB2,ACE,C5,AKT1,S100B,PARP1,S100B,LIPE,TXN,CTLA4,ITGAL,ANGPT2,F2R,GSR,SREBF2,GGT,IL22,NOS2,FCN2,IL18R1,IL32,NRF2
TNFRSF1B,RORC,CTSB,IL22,TNFRSF1B,F3,BECN1,IRF3,TNFRSF18,CS,F2,ITGAM,MCL1,REL,P2RX7,FCGR1A,FASLG,EPCAM,C1QB,TJP1,TNFRSF1B,PFKM,CD163,RAB7A,OCLN,ANKRD22,ASUN,PTGS2,AIM2,CTGF,AGT,PROS1,CAT,NOS3,MAPK14,MYC,HLA-DQA1,PDK1,TNNT2,RAB5A,IL32,THBD,C1QB,CS,CD22,FCGR2A,SPP1,FCGR2A,CD68,PROS1,SDHB,NLRP3,F2,KEAP1,VCAM1,IGHM,BCL2,CASP7,SIGLEC1,NLRC4,PTGES,TJP1,MSR1,NPPB,MSR1,JUN,F12,BAX,IDO1,THBD,SMAD3,FASL,DMD,BAX,FOXP3,FASN,HK2,RELB,ITGA4,ACE2,CD46,MTOR,ANXA1,ATG5,ANXA1,MGLL,TXNRD1,PLAU,ITGA4,TEK,GP1BA,G6PD,PPARA,DROSHA,TGFB1,ARG1,C3,IL23R,MAPK8IP2,KEAP1
RIPK1,TBX21,P2RX7,IL27,RIPK1,F7,MAP1LC3B,IRF7,TBX21,ACO2,F3,ITGAX,BAX,RELB,ADORA2A,FCGR1B,FAS,NCAM1,C1QC,ZO2,TRAF6,LDHA,MARCO,EEA1,TJP1,ETV7,DHX29,ALOX5,PYCARD,BMP2,ACE,SERPINC1,GPX1,ACE,JUN,TP53,C1QA,PDK4,TNNI3,RAB7A,SPP1,GFAP,CFD,MDH1,CD6,FCGR2B,CD44,FCGR3A,FCGR1A,PROC,FH,CASP1,F3,HMOX1,PECAM1,IGHD,BCL2L1,CASP8,KLRB1,AIM2,LTA4H,CDH2,PPARG,NPPA,PPARG,FOS,F13A1,TP53,IDO2,PROCR,SMAD4,IFNGR1,MYBPC3,BAK1,LGALS3,PPARG,GCK,MAP3K7,ITGB1,EDN1,CD55,HDAC1,ANXA2,ATG7,ANXA2,ABHD5,NFE2L2,ITGAM,CD86,FLT1,ITGB3,IDO1,PPARG,DICER1,TGFB2,IDO1,C5,IFNGR1,CD9,SOD1
RIPK3,GATA3,ADORA2A,IFNA1,RIPK3,F10,SQSTM1,IRF9,GATA3,MDH2,F5,ITGB2,BAK1,NFKB2,NT5E,FCGR3A,TNFRSF1A,LTA4H,C3,VE-PTP,MAP3K7,SLC2A1,MSR1,VPS34,CDH5,SERPING1,PTPRC,LTA4H,IL1RN,TIMP1,ACE2,PLG,CTSK,AGT,FOS,BCL2,C1QB,IDH1,MYL2,F3,MMP1,S100B,DEFA3,MDH2,IL20RA,CD33,HYAL2,CTLA4,MS4A1,GFAP,MDH2,CASP4,F5,NQO1,CD19,IGHA1,BAX,CASP9,KLRD1,PYCARD,CCR2,GFAP,NR1H3,MYH7,NR1H3,BCL2,PLAT,F2,PTGS2,VWF,SMAD7,IFNGR2,MYL2,CYCS,LGALS9,FTH1,GPI,MAPK1,ITGAL,EDNRA,CFH,KDM1A,GZMB,BECN1,GZMB,PLIN1,KEAP1,IL13,CD80,KDR,CD40,IDO2,NR1H3,AGO2,TGFBR1,KYNU,CFB,IFNGR2,SLC6A13,SOD2
MLKL,BCL6,NLRX1,IFNB1,MLKL,F2,PINK1,ITGAM,RORC,APOE,F7,CD44,CASP3,IKBKB,CD36,CD163,TNFRSF1B,ALOX5,C3AR1,ANGPT1,MAPK14,PDK1,CD206,PIKFYVE,MMP3,LAP3,AK5,PTGES,JAK1,TIMP2,AGTR1,PLAT,CTSS,AGTR1,EGR1,BCL2L1,C3,IDH2,ACE,F5,MMP3,S100A8,DEFA4,CYBB,CD74,CD64,TNC,PDCD1,LCN2,S100B,ACO2,PYCARD,F7,TXNRD1,MS4A1,IGHA2,BAK1,XIAP,KLRK1,CASP1,CCR5,AIF1,FABP4,TNNT2,FABP4,BCL2L1,PLAU,F3,ALOX5,SELP,IL4,IL12RB1,TTN,APAF1,DICER1,FTL,TPI1,MAPK3,CSF1,EDNRB,SERPING1,DNMT1,PRF1,MAP1LC3B,PRF1,PTGS2,SLC7A11,HLA-C,CD40,PECAM1,CD40LG,KYNU,NR1H2,DGCR8,TGFBR2,CGAS,CFH,TNFRSF1A,SLC6A7,CAT
GFAP,IL2RA,STING1,NFKB2,GFAP,F5,PRKN,ITGAX,BCL6,APOA1,F10,NEMF,CASP8,CHUK,MSR1,PDCD1,CARD17,ALOX5AP,C5,ANGPT2,JUN,IDH1,CD209,CYBB,ICAM2,FCRL6,VAMP5,HMOX1,JAK3,ASUN,EDN1,PLAU,CTSB,CRP,EGR2,BAX,C5,ACOD1,AGT,F10,TIMP2,S100A9,DEFB1,PGK1,CD44,CD32,THBS1,LAG3,S100A8,AIF1,G6PD,AIM2,F8,IL1A,CD79A,IGHG1,FASLG,BIRC3,NCR1,CASP4,CCR7,CX3CR1,ETV7,TNNI3,ETV7,MCL1,PLAUR,F5,LTA4H,SELE,IL5,IL12RB2,LMNA,XIAP,AGO2,C1QA,ALDOA,MAPK8,CSF2,NOS3,TF,BATF2,GNLY,SQSTM1,GNLY,ALOX5,ACSL4,G6PD,CD40LG,CDH5,CD80,QPRT,ABCA1,HDAC1,HMGB1,STING1,SOD2,TNFRSF1B,MAP4K3,GPX1
AIF1,CD69,TBK1,REL,AIF1,FGA,OPTN,ITGB2,MAF,LDLR,F11,DHX29,CASP9,STAT5B,MARCO,LAG3,BHLHE40,PTGS2,C5AR1,TEK,FOS,IDH2,CLEC7A,NCF1,HSPA1A,CD64,KLHDC8B,FTH1,STAT2,NEMF,EDNRA,NEMF,CTSL,SAA1,CEBPB,CASP3,C3AR1,ARG2,AGTR1,F11,COL1A1,S100A12,MYL3,PFKL,TNFRSF1B,VEGFA,LGALS3,HAVCR2,S100A9,TSPO,PGD,IL1R1,F9,IL1RN,IL21,IGHG2,FAS,TNFRSF1A,CD1D,IL1A,CXCR3,CX3CL1,SAMD9L,CKM,SAMD9L,BAX,SERPINE1,F10,PTGES,ICAM1,IL13,IL18R1,DES,PARP1,TFAM,C1QB,ALDOB,MAPK14,CSF3,PTGS2,F2,SERPING1,KLRK1,ULK1,KLRK1,ALOX15,ALOX5,TLR7,CTLA4,CXCL12,CD86,HAAO,ABCG1,HDAC2,NLRP3,IRF3,CAT,CCL3,CD22,GSR
CX3CL1,CD44,IRF3,RELB,CX3CL1,FGB,NBR1,PECAM1,GNLY,SCARB1,VWF,PTPRC,PARP1,STAT6,SCARB1,TIGIT,BTN3A1,NPC1,CFB,KDR,CEBPB,ACO2,MINCLE,NCF2,HSPA5,CD38,FAM20A,FTL,STAT4,BATF2,PTGS2,DHX29,ADAM17,HP,SPI1,CASP8,SOCS1,TDO2,CASP1,F13A1,COL3A1,HMGB1,TNNI1,PFKP,BCLAF1,FGF2,ANXA1,CD274,IFNA1,CX3CL1,TKT,IL18R1,F10,IL15,IL22,IGHG3,TNFSF10,TNFRSF1B,B2M,IL33,CXCR4,S100B,TAP1,MB,TAP1,CASP3,SERPINF2,FGA,IL1RN,VCAM1,IL4R,IL23R,VCL,BECN1,PPARGC1A,C3,GFAP,JUN,PDGFA,ALOX5,F8,TAP1,KLRD1,MTOR,KLRD1,LTA4H,ALOX15,SPP2,PDCD1,CXCR4,CTLA4,KMO,CD36,SIRT1,AIM2,IRF7,GPX1,CCL4,MAP4K5,PRDX1
CX3CR1,CCR7,IRF7,JUN,CX3CR1,FGG,HDAC1,CD44,TNFSF10,NR1H3,SERPINE1,FCN1,ATG5,GATA3,CD163,KLRG1,VAMP5,NPC2,CFD,FLT1,EGR1,CS,LY96,NCF4,HSP90AA1,CD69,FBLN2,SLC11A1,STAT5A,GBP5,ALOX5,PTPRC,ADAMTS1,ORM1,RUNX1,XIAP,SOCS3,CD3D,CASP3,FGA,LOX,TLR3,CASP9,ENO2,RABEP1,PDGFB,HMGB1,CD3E,IFNB1,CX3CR1,TALDO1,MYD88,F11,IL23A,IL32,IGHG4,TNFRSF10A,TRADD,TAP1,GSDMD,CX3CR1,MBP,TAP2,ACTC1,TAP2,CASP8,FGA,FGB,C3,PECAM1,IL24,IL17RA,FLNC,ATG5,P2RX7,C3AR1,AIF1,FOS,PDGFB,LTA4H,vWF,DUSP3,NCR1,AKT1,NCR1,LTC4S,PTGS2,FAS,CD274,IL1RN,ICOS,ACOD1,MSR1,DNMT1,PYCARD,IFIH1,GSR,CCL5,SLC7A14,TXN
P2RX7,BCL2,IFNB1,FOS,P2RX7,SERPINE1,HDAC2,NFKB1,EOMES,HMOX1,PLAT,GBP1,ATG7,RORC,AKT1,HSPA1A,UBE2L6,RAB7A,CFH,PDGFB,ATF3,OGDH,CD44,MPO,DNAJB1,CD274,APOE,SLC11A2,STAT5B,SCARF1,LTA4H,GBP5,ICAM1,LBP,BATF,MCL1,JAK1,CD3G,CASP8,FGB,TGFBR1,CGAS,STAT5B,PGAM1,CDH1,ANGPT1,CALR,CD4,LTA,CSF1,ENO1,IRAK4,F12,IL27,CSF2,BCL2,TNFRSF10B,TRAF2,TAP2,TBK1,ITGAM,MOG,PSMB8,MYL2,PSMB8,CASP9,FGB,FGG,C5,CDH5,IL26,IL10RA,BAG3,ATG7,TNFRSF1A,C5AR1,S100B,EGR1,FGF2,PTGES,FGA,KLF2,CD69,PIK3CA,CD69,CYP2E1,LTA4H,CSF2,HAVCR2,IL1R1,CD28,SLC7A11,MARCO,TET2,CD40,DDX58,PRDX1,CCR1,SLC25A39,TXNRD1
P2RY12,BCL2L1,IFNAR1,EGR1,P2RY12,PLAT,HDAC3,RELA,RUNX3,SOD2,PLAU,GBP2,BECN1,CEBPB,MTOR,HSPA1B,PARP9,LAMP1,CFI,PDGFRB,,SDHA,ICAM1,EPX,XBP1,PDCD1,SPP1,ZIP8,STAT6,FCGR1A,LTB4R,ANKRD22,VCAM1,APCS,BATF3,PARP1,JAK2,CD19,CASP9,FGG,NFYA,STING1,MMP13,PRDX1,CDH10,ANGPT2,HSP90AA1,CD8A,LTB,CSF1R,GAPDH,TRAF6,TFPI,IL32,ATG5,BCL2L1,RIPK3,RIPK1,PSMB8,STING1,ITGAX,MAG,PSMB9,DES,PSMB9,PARP1,FGG,SERPINE1,CFB,VEGFA,IL19,TGFBR1,CRYAB,LC3B,TNFRSF1B,CFB,NTRK2,MYC,IRGM,ANXA1,FGB,SOCS4,CD38,PTEN,CD38,CYP3A4,IDO2,ABCG1,SOCS1,IL6R,HLA-DRA,SLC7A5,CLEC7A,TIGIT,CD80,TLR2,NQO1,CCR2,CD6,SLC11A1
TSPO,MCL1,IFNAR2,SP1,TSPO,PLAU,KDM6B,RELB,ID2,F5,THBD,GBP4,MAP1LC3B,SPI1,PTEN,HSPB1,SAMD9L,SLC11A1,MPO,TGFBR1,,SDHB,VCAM1,LTF,ATF4,CTLA4,SERPINA1,TF,TLR1,LIF,PTGES,BATF2,SELE,SERPINA3,NOTCH1,HMOX1,STAT2,MS4A1,BCL2,PLAT,CASP10,NFKB1,CCL20,PRDX2,RAB27B,TIE2,HSPA1A,CD19,FASLG,IL34,PGK1,NFKB1,THBD,TGFB1,ATG7,MCL1,GFAP,MLKL,PSMB9,CGAS,ICAM1,OLIG2,WARS,GFAP,WARS,TP53,VWF,VWF,CFH,FGF2,IL20,CCL19,FHL1,SQSTM1,MKI67,CFH,BDNF,PPARG,GBP1,FPR2,FGG,SOCS6,CD27,AMPK,CD27,EPHX2,TDO2,ACE2,SOCS3,IL6ST,HLA-DRB1,SLC3A2,MRC1,LAG3,CD86,TLR7,HMOX1,CCR5,SLC30A9,SLC11A2
CSF1,BAX,ISG15,EPAS1,CSF1,THBD,EZH2,NFKB2,ZEB2,F10,PROC,FCGR1A,SQSTM1,RUNX1,TSC1,HSP90AA1,TRIM22,SLC7A11,ELANE,TGFBR2,,FH,SELE,DEFA1,DDIT3,LAG3,HP,TFRC,TLR6,SIRT2,HPGDS,FCGR1B,SELP,GFAP,NOTCH2,SOD2,CEBPB,CD8B,BAX,PLAU,SLC7A2,RELA,CD86,PRDX3,TNFRSF17,HIF1A,HSPA8,MS4A1,PRF1,TREM2,ALDOA,RELA,PROC,TGFBR1,BECN1,BCL2A1,AIF1,ATG5,NLRP1,MAVS,VCAM1,AQP4,APOL1,S100B,APOL1,MDM2,THBD,THBD,CFI,ANGPT1,IFNA1,CCL21,TCAP,ULK1,PCNA,F3,NGF,PPARGC1A,GBP2,ADORA2A,PLG,SOCS7,SELL,SLC2A1,SELL,PTGES,KYNU,SERPINE1,MAPK14,IFNGR1,HLA-DQA1,SLC1A5,CD209,TIM3,CTLA4,TLR8,NOS2,CCR7,IL20RA,FTH1
CSF1R,BAK1,MX1,CREB1,CSF1R,PROC,DNMT1,REL,PRDM1,PLAT,PROS1,FCGR2A,ULK1,C1QB,TSC2,HSP90AB1,PLSCR1,SLC1A5,PRTN3,SMAD2,,MDH2,PECAM1,DEFA3,DROSHA,TIM3,ORM1,LCN2,TLR7,EIF4EBP1,TBXAS1,SERPING1,PECAM1,S100B,DLL4,GPX1,RORC,NCAM1,TP53,SERPINE1,SLC22A16,RELB,PDCD1,PRDX6,TNFRSF9,VHL,HSPD1,CD79A,GZMB,C1QA,GPI,IKBKB,PROS1,TGFBR2,MAP1LC3B,BAX,S100B,ATG7,NLRP6,RIG1,SELE,SLC1A2,APOL6,AIF1,APOL6,ATM,PROC,PLAT,CD55,GBP5,IFNB1,CXCL13,CSRP3,BNIP3,CD163L1,SERPINE1,GDNF,NRF2,GBP5,ADORA2B,MYH7,ACOD1,SELP,HK2,SELP,PTGDS,KMO,MARCO,MAPK8,IFNGR2,HLA-DQB1,SLC38A2,TLR1,BTLA,PDCD1,TLR9,NCF1,CXCR1,CD74,FTL
IL34,BID,OAS1,NFATC1,IL34,SERPINC1,DNMT3A,JUN,CLEC4E,PLAU,SERPINC1,FCGR3A,GBP1,CFH,PPARG,HSPH1,XAF1,ATP6V0A1,CTSG,SMAD3,,ACLY,CDH5,CAMP,DGCR8,TIGIT,CRP,HAMP,TLR8,GDNF,THBS1,SCARF1,CDH1,UCHL1,JAG1,CAT,BATF,JAK3,CDKN1A,SERPINC1,SLC25A13,NFKB2,C5,THBD,IL17RB,EPAS1,HSPE1,TBX21,APAF1,C1QB,TPI1,CHUK,SERPINC1,CSF2,ALDOA,BAK1,CLDN5,BECN1,NLRP12,TRIM25,SELP,SLC1A3,SERPING1,TSPO,SERPING1,CHEK2,PROS1,SERPINC1,CD59,DUSP3,IFNAR1,CD4,LDB3,PINK1,SIGLEC1,PLAU,CNTF,KEAP1,IFITM1,SPP1,NPPA,CYBB,ITGAM,PKM,ITGAM,PTGIS,HAAO,MBL2,JUN,SOCS1,TAP1,SLC2A1,TLR6,ICOS,CD274,MYC,CYBB,CXCR2,SLC7A9,TF
KLRG1,CASP3,IFIT1,CD86,KLRG1,VEGFA,TET2,FOS,CLEC4D,SERPINC1,CLDN5,TAP1,GBP5,F2,RXRA,DNAJB1,SOCS1,ATP6V1A,LCN2,SMAD7,,FASN,FLT1,DEFB1,AGO2,CD25,SAA1,CP,TLR9,IL15,TIMP1,STAT4,EGF,NSE,HES1,PRDX1,HSPA1A,TYK2,GADD45A,THBD,CDC27,REL,IDO1,PROCR,CDK14,EGLN1,PRDX1,GATA3,BCL2,C1QC,F2,NFKBIA,PLG,CD40,IDH2,BID,OCLN,MAP1LC3B,TLR1,BATF2,SELL,ABCB1,ICAM1,CX3CR1,ICAM1,MAPK1,TFPI,AIF1,NOD2,NEMF,IFNAR2,CD8A,MYOZ2,PRKN,CD274,FAS,MAP2,PARK7,IFITM3,RUNX2,NPPB,NCF1,ITGAX,LDHA,ITGAX,TBXAS1,QPRT,CD1D,FOS,SOCS3,TAP2,HK2,TLR9,NLRP1,PDCD1LG2,TP53,KEAP1,CXCL1,SLC45A4,TFRC
TIGIT,CASP8,RELA,CD80,TIGIT,FLT1,SIRT1,CREB1,NCF4,TFPI,OCLN,TAP2,BNIP3L,THBD,SIRT1,BAG3,SOCS3,MAPK1,CAMP,ACTA2,,HMGCR,KDR,HAMP,DICER1,FOXP3,AGT,HP,CEBPB,IL24,TIMP2,STAT5A,FGF2,MBP,HEY1,NRF2,HSP90AA1,PIAS1,HSPA1A,PROC,SLC4A1,CASP1,,PROS1,CDK17,F3,SOD2,RORC,BAX,C3,F3,MAP3K7,PLAT,CD80,ACO2,CASP1,TJP1,SQSTM1,TLR6,KLF2,CD36,ABCG2,VCAM1,P2RY12,VCAM1,MAPK3,CD36,GFAP,NLRP3,DHX29,STAT2,CD3E,ANKRD1,MFN2,HAVCR2,FASLG,MAPT,PINK1,ELANE,TGFB2,BNP,RAC2,CD44,PDK1,CD44,HMOX1,NAMPT,LDHA,AKT1,ISG15,B2M,PFKM,MYD88,AIM2,NOS2,CDKN1A,NFE2L2,CXCL2,CD44,HFE
HAVCR2,CASP9,IKBKB,CD40,HAVCR2,KDR,RSAD2,BCL2,RAC2,PROS1,TJP1,PSMB9,KLF6,S100B,SIRT2,ATF3,CTNNB1,MAPK3,LTF,COL1A1,,PPARG,NRP1,FTH1,NFKB2,CD39,REN,LBP,SPI1,NFATC1,MMP8,STAT5B,PDGFA,SERPINA1,WNT5A,KEAP1,GFAP,CISH,HSPA1B,PROS1,TNFRSF12A,CASP3,,PROC,CDH3,F7,CAT,BCL6,CD79A,C4A,F7,MAPK1,PLAU,CD274,COL1A1,CASP3,ICAM1,NBR1,TLR5,DUSP3,MSR1,CASP1,SELE,TREM2,SELE,MAPK8,MSR1,S100B,AIM2,PTPRC,STAT3,TCR,TRIM63,OPA1,CEACAM1,BCL2,SYP,ATG5,MPO,TGFB3,CRP,HLA-DRB1,CCR2,G6PD,CCR2,SOD2,CD38,CD163,MTOR,MX1,CD1D,PKM2,IRAK4,PYCARD,ARG1,BCL2,HSP90AA1,CXCL11,SLC39A9,HAMP
CD274,BIRC5,RIPK1,CD40LG,CD274,ANGPT2,GBP1,BCL2L1,DEFB1,DEFB1,CDH5,APOL1,DYSF,GFAP,HDAC1,ATF4,GZMA,MAPK14,S100A8,COL3A1,,PPARA,NOTCH1,FTL,REL,CD73,ACE,SAA1,BATF,PTGDR2,MMP12,STAT6,PDGFB,A2M,CTNNB1,NQO1,AIF1,SOCS2,HSP90AA1,GFAP,CCL26,CASP8,,TFPI,CDON,F8,GPX1,PRDM1,GZMA,C4B,F10,MAPK3,PAI1,PDCD1,COL3A1,CASP7,VCAM1,OPTN,TLR7,ASUN,MARCO,CASP3,SELP,CSF1,SELP,MAPK14,MARCO,CLDN5,PYCARD,IFIT2,STAT4,CD28,FBXO32,DNM1L,ITGAM,MCL1,SYN1,ATG7,PRTN3,BMP2,SAA1,HLA-DQB1,CCR5,TKT,CCR5,CAT,BST1,BCL2,,OAS1,MR1,LDHA,TRAF6,GSDMD,ARG2,BCL2L1,HSPA1A,CXCL12,SLC4A7,BNP
PDCD1LG2,TNFRSF10A,RIPK3,CD28,PDCD1LG2,TEK,GBP2,BAX,DEFB4A,MARCO,PECAM1,RSAD2,LASP1,CSF1,PI3KCA,ATF6,GZMB,MAPK8,S100A9,FN1,,PPARGC1A,DLL4,TF,RELB,CEACAM1,ACE2,CRP,JUN,FAM124A,PLAT,SOCS2,IGF1,TNFRSF1A,GSK3B,GSR,CX3CR1,PYCARD,HSP90AB1,AIF1,CDKL3,GSDMD,,F2R,CDK13,VWF,NRF2,IL2,ISG15,C5,PLAT,MAPK8,VWF,CTLA4,FN1,CASP8,SELE,CALCOCO2,LY96,NEMF,CD68,CASP8,ITGAM,IL34,ITGAM,AKT1,CD68,OCLN,CLEC7A,IFIT3,STAT5A,CTLA4,MURF1,TFAM,ITGAX,BAX,DLG4,BECN1,CTSG,BMP4,AGT,B2M,CCR7,FASN,CCR7,GPX1,SLC2A1,IL32,,IFIT1,KLRK1,PDK1,TAB1,SP110,IDO1,CASP3,HSPB1,TLR1,MAP2K3,NT-proBNP
ICOS,TNFRSF10B,MLKL,CTLA4,ICOS,PECAM1,GBP5,BAK1,APOBEC3G,MSR1,ICAM1,IFI44,PCBP1,APOE,RIPK1,XBP1,PRF1,AKT1,S100A12,LTBP1,,SIRT1,JAG1,TFRC,JUN,PDCD1LG2,AGTR1,ORM1,FOS,LGALS17A,PLAU,SOCS4,CSF1,TNFRSF1B,TCF7,G6PD,TREM2,GSDMD,HSPB1,CX3CR1,SLC13A2,MLKL,,F2RL1,CD84,SERPINE1,KEAP1,IL2RA,OAS1,CFB,PLAU,MAPK14,SELP,ICOS,ZEB2,CASP9,PECAM1,ULK1,CD86,DHX29,FCGR1A,NLRP3,ITGAX,SPP1,ITGAX,MTOR,CD206,TJP1,MBL2,ANKRD22,STAT5B,PD1,FOXO3,NRF1,S100A8,HMOX1,GRIN1,MAP1LC3B,AZU1,SMAD2,ACE,,CXCR3,ACACA,CXCR3,PRDX1,HK1,VWF,,GBP1,NCR1,HIF1A,TAB2,LRRK2,NCF1,CASP8,ATF4,TLR3,SLC18A1,NPPA
ICOSLG,TP53,GSDMD,PDCD1,ICOSLG,CDH5,APOBEC3A,CASP3,BST2,ALOX15,VCAM1,IFI44L,,IL33,RIPK3,ERN1,IRF1,MTOR,CD19,DCN,,SIRT6,EFNB2,SLC40A1,FOS,IRAK3,AGTR2,AGP,NFATC1,SPP1,SERPINE1,SOCS5,CSF2,FASLG,LEF1,TKT,P2RY14,BCL2,ATF4,CX3CL1,CD79B,RIPK1,,DEFA1,ATG2B,PLAT,HMOX1,IL2RB,IFITM1,CFD,SERPINE1,JUN,SELE,LAG3,AHNAK,APAF1,CDH5,TFEB,CD80,PTPRC,FCGR2A,PYCARD,ITGB2,FCGR2A,ITGB2,PTEN,SIGLEC1,C3,JUN,CD38,STAT6,PDL1,MTOR,PPARGC1A,S100A9,SOD2,GRIA1,SQSTM1,DEFA1,SMAD3,ACE2,,ASUN,CPT1A,ASUN,GCLC,HK2,IL5,,BNP,PRF1,VEGFA,RELA,VDR,NCF2,FASLG,DDIT3,TLR5,SLC66A1,NPPB
BATF,MDM2,PARP1,CD274,BATF,VWF,TRIM22,CASP8,HERC5,GSDMD,SELE,IFIT1,,MAPK14,MLKL,EIF2AK3,IRF3,PIK3CA,CD22,BGN,,MTOR,EPHB4,HEPH,EGR1,LILRA6,MAS1,FN1,NCR1,CD14,PLG,SOCS6,CSF3,FAS,,TALDO1,GNLY,BCL2L1,DDIT3,CSF1,CDK11A,RIPK3,,DEFA3,TNFRSF1A,PLAUR,NQO1,IL4,GBP1,CFH,THBD,FOS,ICAM1,TIGIT,TGFB2,CYCS,VWF,LAMP1,CD28,METTL7B,FCGR3A,IL1A,PECAM1,FCGR2B,PECAM1,GSK3B,FCGR1A,C5,FOS,ITGAL,JAK1,TIM3,,SDHB,LYZ,GPX1,GABBR1,ULK1,NCR1,SMAD4,EDN1,,NEMF,PPARA,NEMF,GCLM,PKM,NLRC4,,NPPA,GZMB,ANGPT1,RELB,CYP27B1,NCF4,FAS,XBP1,TLR6,MAP4,EDN1
TBX21,CDKN1A,HMGB1,LAG3,TBX21,ICAM1,IRF7,CASP9,TRIM22,CASP4,SELP,IFIT3,,MAPK8,ACOD1,DDIT3,IRF6,PIK3CB,CD79A,VCAN,,HK1,TIE1,CP,SP1,LILRB4,NPPA,SPP1,NCR2,ITGAM,F2,SOCS7,JUN,TRAIL,,,CAMP,BAX,BECN1,CSF1R,NFIX,FADD,,DEFB1,BCL3,FGA,CYBB,IL4R,KLRK1,CFI,PROC,EGR1,VCAM1,TIM3,F12,BIRC2,AGER,LAMP2,ICOS,HBA1,C1QA,BCL2,CD44,TLR2,CD44,CREB1,FCGR2A,CD55,ETS1,ITGA3,JAK2,LAG3,,COX4I1,CYBB,TXN,SLC1A2,BNIP3,KLRK1,,EDNRA,,DHX29,NRF2,DHX29,GSR,LDHA,JAK1,,NPPB,GNLY,ANGPT2,NFKB2,CAMP,SOD1,,ERN1,NOD1,TNFRSF17,NOS3
GATA3,ATG5,S100A8,HAVCR2,GATA3,VCAM1,IRF9,PKM,SLC11A1,KEAP1,MBP,OAS1,,MAPK1,IRG1,GADD45A,IRF2BPL,JAK1,CD79B,,,SLC7A11,,ACO1,CEBPB,CCR2,NPPB,MMP7,NCR3,SELL,F3,IL2RA,FOS,TNFRSF10A,,,CD19,FASLG,ATG5,TREM2,MMP25,BCL2,,,TGFBR3,FGB,NCF1,IL13,CD69,NPPB,PROS1,SP1,PECAM1,BTLA,PLAT,BIRC3,F2,CTSD,CD274,HBA2,C1QB,BCL2L1,L1CAM,TLR9,L1CAM,,FCGR3A,ICAM1,SPI1,ITGA2B,TYK2,TIGIT,,ATP5A1,NCF1,CYBB,SLC1A3,TFEB,KLRD1,,AGTR1,,PTPRC,KEAP1,PTPRC,GSS,PDK1,HSPD1,,CRP,FASLG,TIE2,IKBKG,DEFB4A,SOD2,,EIF2AK3,NOD2,TNFRSF9,ACE2
CD74,,S100A9,,CD74,,,,,NFE2L2,,,,TGFB1,</parameter>,,,,,,,GPX4,,IREB2,,CCRL2,BNP,TIMP2,KLRK1,,FGA,,,,,,,FAS,,,,,,,,FGG,NCF2,,,,TFPI,CREB1,CDH5,,,,,CTSB,PDCD1LG2,ANKRD22,C3,,,,,,FCGR3B,,CEBPB,,SOCS1,,,VDAC1,,FCGR1B,GAD1,LAMP1,,,REN,,,HMOX1,,NFE2L2,CS,THBD,,SAA1,TRAIL,FGF2,CHUK,,,,,,,AGTR1
CIITA,,ANXA1,,CIITA,,,,,CAT,,,,TGFBR1,</invoke>,,,,,,,ACSL4,,HFE,,MAPK14,EDN1,SERPINA3,,,FGB,,,,,,,GZMB,,,,,,,,THBD,RAC2,,,,VWF,ATF4,CLDN5,,,,,CTSL,BTLA,SERPING1,C5,,,,,,CD16,,ATF3,,SOCS3,,,ANT1,,IL32,GAD2,LAMP2,,,,,,NQO1,,KEAP1,IDH1,EDN1,,HP,BCL2,PDGFB,IKBKB,,,,,,,MYH7
PSMB9,,NAMPT,,PSMB9,,,,,GPX1,,,,SMAD2,,,,,,,,PTGS2,,HJV,,NEMF,NOS3,PTX3,,,FGG,,,,,,,PRF1,,,,,,,,PROC,,,,,FGA,XBP1,OCLN,,,,,LGMN,TNFRSF4,CASP5,CFB,,,,,,CD32,,,,PIAS1,,,,,IL37,TH,RAB7A,,,,,,GPX1,,NQO1,IDH2,ADAMTS13,,FN1,MCL1,MMP2,,,,,,,,ACTN2
TAP2,,SIRT1,,TAP2,,,,,SDHB,,,,SMAD3,,,,,,,,ALOX5,,BMP6,,ASUN,HMOX1,,,,VWF,,,,,,,,,,,,,,,PROS1,,,,,FGB,HSPA5,TJP1,,,,,GRN,TNFRSF9,CD64,CFH,,,,,,TFR1,,,,MMP1,,,,,S100A8,DDC,EEA1,,,,,,SOD2,,TXNRD1,OGDH,,,,BCL2L1,MMP9,,,,,,,,TNNT2
JAK1,,,,JAK1,,,,,FH,,,,PTGS2,,,,,,,,HMOX1,,,,DHX29,SOD1,,,,THBD,,,,,,,,,,,,,,,SERPINC1,,,,,FGG,DDIT3,MMP2,,,,,PSAP,TNFRSF18,LY86,,,,,,,SLC11A1,,,,MMP2,,,,,S100A9,DBH,STX11,,,,,,CAT,,TXN,SDHA,,,,BAX,TIMP1,,,,,,,,TNNI3
JAK2,,,,JAK2,,,,,OGDH,,,,ALOX5,,,,,,,,NRF2,,,,PTPRC,SOD2,,,,PROC,,,,,,,,,,,,,,,TFPI,,,,,CREB1,EIF2AK3,MMP3,,,,,NPC1L1,CD27,,,,,,,,SLC11A2,,,,MMP9,,,,,S100A12,SLC6A3,VAMP8,,,,,,PRDX1,,PRDX5,COX4I1,,,,CASP3,TIMP2,,,,,,,,
MAPK14,,,,MAPK14,,,,,IDH2,,,,LTA4H,,,,,,,,KEAP1,,,,,CAT,,,,SERPINC1,,,,,,,,,,,,,,,CD9,,,,,,ERN1,MMP12,,,,,SCARB1,CD70,,,,,,,,,,,,TIMP1,,,,,LTF,SLC6A4,SNAP23,,,,,,,,CYBB,ATP5A1,,,,CASP8,COL1A1,,,,,,,,
JUN,,,,JUN,,,,,,,,,ICAM1,,,,,,,,ATG5,,,,,GPX1,,,,PROS1,,,,,,,,,,,,,,,CD63,,,,,,ATF6,MMP13,,,,,,,,,,,,,,,,,,TIMP2,,,,,CAMP,HTR1A,PIK3CA,,,,,,,,NCF1,UCP2,,,,CASP9,COL3A1,,,,,,,,
FOS,,,,FOS,,,,,,,,,VCAM1,,,,,,,,ATG7,,,,,GSR,,,,F5,,,,,,,,,,,,,,,CD81,,,,,,TGFB1,TIMP1,,,,,,,,,,,,,,,,,,,,,,,DEFB1,HTR2A,PIK3R1,,,,,,,,NCF2,CPT1A,,,,XIAP,FN1,,,,,,,,
IRF8,,,,IRF8,,,,,,,,,SELE,,,,,,,,BECN1,,,,,PRDX1,,,,F7,,,,,,,,,,,,,,,TSG101,,,,,,TGFBR1,TIMP2,,,,,,,,,,,,,,,,,,,,,,,ELANE,DRD1,AKT1,,,,,,,,MPO,ACACA,,,,TNFRSF1A,LAMA1,,,,,,,,
,,,,,,,,,,,,,,,,,,,,,MAP1LC3B,,,,,TXN,,,,F8,,,,,,,,,,,,,,,,,,,,,TGFBR2,S100A8,,,,,,,,,,,,,,,,,,,,,,,,DRD2,GSK3B,,,,,,,,EPX,FASN,,,,TNFRSF1B,ITGAM,,,,,,,,
,,,,,,,,,,,,,,,,,,,,,SQSTM1,,,,,,,,,F10,,,,,,,,,,,,,,,,,,,,,SMAD2,S100A9,,,,,,,,,,,,,,,,,,,,,,,,COMT,FOXO1,,,,,,,,LTF,SCD,,,,RIPK1,ITGAX,,,,,,,,
,,,,,,,,,,,,,,,,,,,,,TFEB,,,,,,,,,PROCR,,,,,,,,,,,,,,,,,,,,,SMAD3,LCN2,,,,,,,,,,,,,,,,,,,,,,,,MAO,SREBF1,,,,,,,,LCN2,HMGCR,,,,RIPK3,ICAM1,,,,,,,,
,,,,,,,,,,,,,,,,,,,,,RIPK1,,,,,,,,,CD36,,,,,,,,,,,,,,,,,,,,,SMAD4,TNNT2,,,,,,,,,,,,,,,,,,,,,,,,TPH1,ACACA,,,,,,,,S100A8,SQLE,,,,MLKL,VCAM1,,,,,,,,
,,,,,,,,,,,,,,,,,,,,,RIPK3,,,,,,,,,GP1BA,,,,,,,,,,,,,,,,,,,,,SMAD7,NPPB,,,,,,,,,,,,,,,,,,,,,,,,TPH2,FASN,,,,,,,,S100A9,,,,,GSDMD,SELE,,,,,,,,
,,,,,,,,,,,,,,,,,,,,,MLKL,,,,,,,,,ITGA2B,,,,,,,,,,,,,,,,,,,,,BMP2,CRP,,,,,,,,,,,,,,,,,,,,,,,,,SCD1,,,,,,,,DEFB1,,,,,IL1R1,SELP,,,,,,,,
,,,,,,,,,,,,,,,,,,,,,BCL2,,,,,,,,,ITGB3,,,,,,,,,,,,,,,,,,,,,BMP4,SAA1,,,,,,,,,,,,,,,,,,,,,,,,,LDHA,,,,,,,,CAMP,,,,,IL1RN,PECAM1,,,,,,,,
,,,,,,,,,,,,,,,,,,,,,BCL2L1,,,,,,,,,SELPLG,,,,,,,,,,,,,,,,,,,,,ACVR1,HMGB1,,,,,,,,,,,,,,,,,,,,,,,,,PKM2,,,,,,,,SLPI,,,,,IL1RAP,CDH1,,,,,,,,
,,,,,,,,,,,,,,,,,,,,,MCL1,,,,,,,,,,,,,,,,,,,,,,,,,,,,,,BMPR2,HSP70,,,,,,,,,,,,,,,,,,,,,,,,,HK2,,,,,,,,PI3,,,,,SIGIRR,VWF,,,,,,,,
,,,,,,,,,,,,,,,,,,,,,BAX,,,,,,,,,,,,,,,,,,,,,,,,,,,,,,NOTCH1,HSP90,,,,,,,,,,,,,,,,,,,,,,,,,GLUT1,,,,,,,,ELANE,,,,,MYC,F3,,,,,,,,
,,,,,,,,,,,,,,,,,,,,,BAK1,,,,,,,,,,,,,,,,,,,,,,,,,,,,,,NOTCH2,,,,,,,,,,,,,,,,,,,,,,,,,,PFKM,,,,,,,,CTSG,,,,,,SERPINE1,,,,,,,,
,,,,,,,,,,,,,,,,,,,,,APAF1,,,,,,,,,,,,,,,,,,,,,,,,,,,,,,DLL4,,,,,,,,,,,,,,,,,,,,,,,,,,ENO1,,,,,,,,AZU1,,,,,,PLAU,,,,,,,,
,,,,,,,,,,,,,,,,,,,,,CASP3,,,,,,,,,,,,,,,,,,,,,,,,,,,,,,JAG1,,,,,,,,,,,,,,,,,,,,,,,,,,GAPDH,,,,,,,,PRTN3,,,,,,PLAUR,,,,,,,,
,,,,,,,,,,,,,,,,,,,,,CASP7,,,,,,,,,,,,,,,,,,,,,,,,,,,,,,HES1,,,,,,,,,,,,,,,,,,,,,,,,,,PGK1,,,,,,,,BPI,,,,,,THBS1,,,,,,,,
,,,,,,,,,,,,,,,,,,,,,CASP8,,,,,,,,,,,,,,,,,,,,,,,,,,,,,,HEY1,,,,,,,,,,,,,,,,,,,,,,,,,,IDH1,,,,,,,,RNASE3,,,,,,THBD,,,,,,,,
,,,,,,,,,,,,,,,,,,,,,CASP9,,,,,,,,,,,,,,,,,,,,,,,,,,,,,,,,,,,,,,,,,,,,,,,,,,,,,,,,OGDH,,,,,,,,CHIT1,,,,,,,,,,,,,,
,,,,,,,,,,,,,,,,,,,,,PARP1,,,,,,,,,,,,,,,,,,,,,,,,,,,,,,,,,,,,,,,,,,,,,,,,,,,,,,,,FH,,,,,,,,CHI3L1,,,,,,,,,,,,,,
,,,,,,,,,,,,,,,,,,,,,,,,,,,,,,,,,,,,,,,,,,,,,,,,,,,,,,,,,,,,,,,,,,,,,,,,,,,,,MDH2,,,,,,,,MBL2,,,,,,,,,,,,,,
,,,,,,,,,,,,,,,,,,,,,,,,,,,,,,,,,,,,,,,,,,,,,,,,,,,,,,,,,,,,,,,,,,,,,,,,,,,,,CS,,,,,,,,MASP1,,,,,,,,,,,,,,
,,,,,,,,,,,,,,,,,,,,,,,,,,,,,,,,,,,,,,,,,,,,,,,,,,,,,,,,,,,,,,,,,,,,,,,,,,,,,ACO2,,,,,,,,C1QA,,,,,,,,,,,,,,
,,,,,,,,,,,,,,,,,,,,,,,,,,,,,,,,,,,,,,,,,,,,,,,,,,,,,,,,,,,,,,,,,,,,,,,,,,,,,SDHA,,,,,,,,C1QB,,,,,,,,,,,,,,
,,,,,,,,,,,,,,,,,,,,,,,,,,,,,,,,,,,,,,,,,,,,,,,,,,,,,,,,,,,,,,,,,,,,,,,,,,,,,COX4I1,,,,,,,,C1QC,,,,,,,,,,,,,,
,,,,,,,,,,,,,,,,,,,,,,,,,,,,,,,,,,,,,,,,,,,,,,,,,,,,,,,,,,,,,,,,,,,,,,,,,,,,,ATP5A1,,,,,,,,C3,,,,,,,,,,,,,,
,,,,,,,,,,,,,,,,,,,,,,,,,,,,,,,,,,,,,,,,,,,,,,,,,,,,,,,,,,,,,,,,,,,,,,,,,,,,,CPT1A,,,,,,,,C5,,,,,,,,,,,,,,
,,,,,,,,,,,,,,,,,,,,,,,,,,,,,,,,,,,,,,,,,,,,,,,,,,,,,,,,,,,,,,,,,,,,,,,,,,,,,ACADVL,,,,,,,,CR1,,,,,,,,,,,,,,
,,,,,,,,,,,,,,,,,,,,,,,,,,,,,,,,,,,,,,,,,,,,,,,,,,,,,,,,,,,,,,,,,,,,,,,,,,,,,HADHA,,,,,,,,CD55,,,,,,,,,,,,,,
,,,,,,,,,,,,,,,,,,,,,,,,,,,,,,,,,,,,,,,,,,,,,,,,,,,,,,,,,,,,,,,,,,,,,,,,,,,,,EHHADH,,,,,,,,CD46,,,,,,,,,,,,,,
,,,,,,,,,,,,,,,,,,,,,,,,,,,,,,,,,,,,,,,,,,,,,,,,,,,,,,,,,,,,,,,,,,,,,,,,,,,,,ACOX1,,,,,,,,CFH,,,,,,,,,,,,,,
,,,,,,,,,,,,,,,,,,,,,,,,,,,,,,,,,,,,,,,,,,,,,,,,,,,,,,,,,,,,,,,,,,,,,,,,,,,,,,,,,,,,,CFI,,,,,,,,,,,,,,
,,,,,,,,,,,,,,,,,,,,,,,,,,,,,,,,,,,,,,,,,,,,,,,,,,,,,,,,,,,,,,,,,,,,,,,,,,,,,,,,,,,,,CFB,,,,,,,,,,,,,,
,,,,,,,,,,,,,,,,,,,,,,,,,,,,,,,,,,,,,,,,,,,,,,,,,,,,,,,,,,,,,,,,,,,,,,,,,,,,,,,,,,,,,CFD,,,,,,,,,,,,,,
,,,,,,,,,,,,,,,,,,,,,,,,,,,,,,,,,,,,,,,,,,,,,,,,,,,,,,,,,,,,,,,,,,,,,,,,,,,,,,,,,,,,,C4A,,,,,,,,,,,,,,
,,,,,,,,,,,,,,,,,,,,,,,,,,,,,,,,,,,,,,,,,,,,,,,,,,,,,,,,,,,,,,,,,,,,,,,,,,,,,,,,,,,,,C4B,,,,,,,,,,,,,,