seed_1_all,seed_2_all,seed_3_all,seed_4_all,seed_5_all,seed_6_all,seed_7_all,seed_8_all,seed_9_all,seed_10_all,seed_11_all,seed_12_all,seed_13_all,seed_14_all,seed_15_all,seed_16_all,seed_17_all,seed_18_all,seed_19_all,seed_20_all,seed_21_all,seed_22_all,seed_23_all,seed_24_all,seed_25_all,seed_26_all,seed_27_all,seed_28_all,seed_29_all,seed_30_all,seed_31_all,seed_32_all,seed_33_all,seed_34_all,seed_35_all,seed_36_all,seed_37_all,seed_38_all,seed_39_all,seed_40_all,seed_41_all,seed_42_all,seed_43_all,seed_44_all,seed_45_all,seed_46_all,seed_47_all,seed_48_all,seed_49_all,seed_50_all,seed_51_all,seed_52_all,seed_53_all,seed_54_all,seed_55_all,seed_56_all,seed_57_all,seed_58_all,seed_59_all,seed_60_all,seed_61_all,seed_62_all,seed_63_all,seed_64_all,seed_65_all,seed_66_all,seed_67_all,seed_68_all,seed_69_all,seed_70_all,seed_71_all,seed_72_all,seed_73_all,seed_74_all,seed_75_all,seed_76_all,seed_77_all,seed_78_all,seed_79_all,seed_80_all,seed_81_all,seed_82_all,seed_83_all,seed_84_all,seed_85_all,seed_86_all,seed_87_all,seed_88_all,seed_89_all,seed_90_all,seed_91_all,seed_92_all,seed_93_all,seed_94_all,seed_95_all,seed_96_all,seed_97_all,seed_98_all,seed_99_all,seed_100_all
CD177,CD177,IL15,CD177,STAT1,DPM1,IL6,CD177,CD177,CD177,IL1B,IL6,SELE,IL15,CD177,TNFAIP3,CD177,CD177,CD177,CD177,CD177,HERV-W,CD177,CD177,ADAMTS2,DPM1,IL15RA,CD177,CD177,CD177,MTCO1P10,DPM1,IL1B,DPM1,TNFAIP3,DPM1,CD177,CD177,CFH,CD177,DPM1,CD177,IL6,CD177,CD177,CD177,CD177,CD177,DPM1,CD177,CD177,CD177,CD177,IL15,CD177,IL15,CD177,HSPBAP1,MYH16,IL6,CD177,IL6,ITPKC,CD177,CD177,IL6,IL6,CD177,DPM1,CD177,CD177,CD177,CD177,CD177,CD177,CD177,CD177,DPM1,CD177,CD177,CD177,MPO,IL6,DPM1,CD177,IL6,CD177,DPM1,CD177,IL15,TNF,CD177,IL1B,CD177,DPM1,CD177,CD177,IL15,IFNGR1,CD177
S100A12,TLR4,IL15RA,S100A12,S100A8,SCYL3,TNF,S100A12,S100A12,S100A12,TNF,TNF,OAS1,IL15RA,S100A12,NFKBIA,S100A12,S100A12,S100A12,S100A12,S100A12,HERV-K,TLR4,S100A12,CD177,SCYL3,IL6,S100A12,S100A12,S100A12,PIPOX,SCYL3,CD177,SCYL3,NFKBIA,SCYL3,S100A12,S100A12,MPO,S100A12,SCYL3,S100A12,TNF,S100A12,S100A12,S100A12,S100A12,S100A12,SCYL3,IL15,S100A12,S100A12,S100A12,IL15RA,S100A12,IL15RA,IL15,VPS37C,CASP10,TNF,S100A12,TNF,CD177,S100A12,S100A12,TNF,TNF,S100A12,SCYL3,S100A12,S100A12,ITPKC,S100A12,S100A12,S100A12,IL15RA,S100A12,SCYL3,S100A12,HSPBAP1,S100A12,SELE,TNF,SCYL3,TLR4,TNF,S100A12,SCYL3,S100A12,IL15RA,NFKB1,S100A12,IL6,S100A12,SCYL3,S100A12,S100A12,IL15RA,IFNG,S100A12
TLR4,IL6,NTproBNP,IL1B,IFITM3,C1orf112,IFNG,TSPO,TLR4,TSPO,IL6,IL1B,ICAM1,CD177,TSPO,NFKB2,MMP9,TSPO,TSPO,TLR4,MMP9,Syn-1,IL6,TSPO,TRBV11-2,C1orf112,TNF,TSPO,TSPO,TSPO,RN7SL260P,C1orf112,TNF,C1orf112,RELA,C1orf112,TLR4,TSPO,NOS2,S100A8,C1orf112,IL15,IL1B,MMP8,MMP9,TSPO,TLR4,S100A8,C1orf112,IL15RA,TLR4,TSPO,MMP9,TNF,S100A8,CD177,IL15RA,TGFB1,ZNF263,CXCL10,TSPO,IFNG,S100A12,ANXA3,MMP9,IL1B,IFNG,MMP9,C1orf112,TSPO,IL15,IL15,IL6,TSPO,MMP9,IL15,TSPO,C1orf112,TLR4,VPS37C,TSPO,OAS1,IFNG,C1orf112,IL6,CXCL10,TSPO,C1orf112,TSPO,CD177,IL6,TSPO,TNF,TSPO,C1orf112,TSPO,IL1B,CD177,IFNA6,MMP9
IL6,IL10,TnI,IL6,IRF7,FGR,CXCL10,IL6,IL6,IL6,CXCL8,CXCL10,LYZ,S100A12,IL15,RELA,NCF4,IL15,HERV-W,IL6,NCF4,ASCT-1,IL10,SPI1,SIGLEC1,FGR,IFNG,IL6,HERV-W,HERV-W,LINC01082,FGR,NFKB1,FGR,NFKB1,FGR,IL6,MFSD2A,SELE,S100A9,FGR,IL15RA,CD177,NCF4,NCF4,IL15,IL6,S100A9,FGR,S100A12,IL1B,IL6,NCF4,NFKB1,S100A9,S100A8,S100A12,MX2,TNFRSF12A,CCL2,IL6,IL1B,TSPO,ALPL,ALOX5AP,CCL2,IL1B,NCF4,FGR,IL10,IL15RA,IL15RA,IL10,IL6,NCF4,S100A12,ITPKC,FGR,IL6,TGFB1,IL6,ICAM1,IL1B,FGR,IL10,CCL2,FCGR2A,FGR,HERV-W,S100A12,IL10,IL6,CXCL10,CXCL9,FGR,IL6,TNF,ADAMTS2,IFNA8,NCF4
IL10,TNF,ACE2,TNF,OAS1,CFH,CCL2,IL10,IL10,IL10,CCL2,CCL2,MYH7,TSPO,IL15RA,IKBKB,ALOX5AP,IL15RA,HERV-K,IL10,ALOX5AP,ASCT-2,CCL4,HCLS1,ISG15,CFH,CXCL10,IL10,HERV-K,HERV-K,TAS2R18,CFH,NFKBIA,CFH,NFKB2,CFH,IL10,HERV-W,PLAUR,IL1B,CFH,HERV-W,S100A12,ALOX5AP,ALOX5AP,IL15RA,IL10,ANXA3,CFH,TSPO,IL6,IL10,ALPL,CD177,ANXA3,S100A9,S100A8,TRBV11-2,PHTF2,IL1B,IL10,CXCL10,IL15,NCF4,FPR1,CXCL10,IL10,ALOX5AP,CFH,IL6,SPI1,FCER1A,CCL4,IL10,ALOX5AP,S100A8,FCGR2A,CFH,IL10,MX2,IL10,LYZ,CXCL10,CFH,TNF,IL1B,CASP3,CFH,HERV-K,TSPO,IL1B,IL10,IFNG,IL6,CFH,IL10,IL6,ISG15,IFNA21,ALOX5AP
TNF,IFNG,TMEM173,CXCL8,VEGFA,FUCA2,IL1B,TNF,CCL4,TNF,ICAM1,IFNG,PLAT,SPI1,HERV-W,MAP3K14,FPR1,FCER1A,Syn-1,TNF,FPR1,Syn-2,SPI1,HMGB2,IFIT2,FUCA2,IL1B,HERV-W,Syn-1,Syncytin-1,RP11-401E14.3,FUCA2,IL6,FUCA2,TNIP1,FUCA2,CCL4,HERV-K,LTF,IL6,FUCA2,HERV-K,MMP9,ANXA3,FPR1,HERV-W,TNF,ALPL,FUCA2,SPI1,TNF,CCL4,ALOX5AP,IL1B,ALPL,S100A12,S100A9,CD177,CCL26,CD177,CCL4,CCL2,IL15RA,CFL1,NCF4,IFNG,IL17A,TLR4,FUCA2,TLR4,TSPO,ADAMTS2,CXCL9,CCL4,FPR1,S100A9,CASP3,FUCA2,TNF,TRBV11-2,TNF,MYH7,CCL2,FUCA2,CCR7,IFNG,BLK,FUCA2,Syn-1,SPI1,IL15,TNF,CCL2,IL10,FUCA2,TNF,IL10,SIGLEC1,IFNAR1,FPR1
NLRP3,CXCL10,NF-κB,MMP9,MYH7,GCLC,IL10,CCL4,CXCL9,IL1B,VCAM1,CD177,CCL2,UBD,HERV-K,TRAF6,ANXA3,ADAMTS2,ASCT-1,NLRP3,ANXA3,MFSD2A,S100A12,NFE2,IFI27,GCLC,IL8,HERV-K,ASCT-1,ERVW-1,KCNJ1,GCLC,IL10,GCLC,IKBKB,GCLC,HERV-W,Syn-1,BID,TNF,GCLC,Syn-1,NCF4,FPR1,ANXA3,HERV-K,IFNG,NCF4,GCLC,PECAM1,CXCL8,TLR4,FPR1,IL6,NCF4,TNF,TNF,S100A12,GTF2IRD1,S100A12,TLR4,VEGFA,FCGR2A,FPR1,S100A8,IL10,CXCL10,IL6,GCLC,HERV-W,S100A8,LMOD1,PCSK9,TLR4,ANXA3,ANXA3,BLK,GCLC,CCL4,FCER1A,NLRP3,PLAT,IL10,GCLC,CXCL10,IL10,ITPKC,GCLC,ASCT-1,UBD,IL15RA,TLR4,CCL3,CCL4,GCLC,CCL4,TLR3,TRBV11-2,IFNA5,ANXA3
IL1B,CCL2,IRF-3,TLR4,IL6,NFYA,IL17A,HERV-W,PCSK9,CXCL8,SELE,S100A12,IFNG,EBI3,Syn-1,IKBKG,ALPL,LMOD1,ASCT-2,MMP9,ALPL,CCL4,TSPO,BCL6,IFI44L,NFYA,CCL2,Syn-1,ASCT-2,ASCT-1,PPP6R2P1,NFYA,CXCL8,NFYA,IKBKG,NFYA,HERV-K,Syn-2,FAS,CXCL8,NFYA,ASCT-1,ALOX5AP,ALPL,ALPL,Syn-1,CXCL10,CFL1,NFYA,PDPN,MMP9,HERV-W,ANXA3,IL18,CFL1,NFKB1,IL6,TSPO,MYH13,MMP9,TLR2,SELE,CASP3,ALOX5AP,S100A9,IL17A,CCL2,IL10,NFYA,HERV-K,S100A9,KCNA5,HERV-W,TLR7,ALPL,ALPL,CD40,NFYA,CD163,ADAMTS2,CXCL9,JAK3,IL17A,NFYA,CXCL9,IL18,CD40,NFYA,ASCT-2,EBI3,CD177,TLR2,CCL4,TLR4,NFYA,CXCL9,TLR4,KLRF1,IFNA16,ALPL
CXCL8,IL1B,IL6,NLRP3,NLRP3,STPG1,IL18,HERV-K,HERV-W,MMP9,SELPLG,MMP9,VEGFA,SQSTM1,ASCT-1,TICAM1,CFL1,KCNA5,Syn-2,NCF4,CFL1,IL-6,HERV-W,S100A8,IFIT3,STPG1,CCL3,Syn-2,Syn-2,SLC1A5,OR5M13P,STPG1,CCL2,STPG1,MAP3K7,STPG1,Syn-1,ASCT-1,C6,MMP9,STPG1,ASCT-2,FPR1,CFL1,CFL1,ASCT-1,CCL2,FPR1,STPG1,CXCL8,NCF4,HERV-K,CFL1,IFNG,FPR1,NFKBIA,IL10,ITPKC,SELE,NCF1,NLRP3,ICAM1,BLK,MMP9,ANXA3,IL18,CCL3,TNF,STPG1,Syn-1,ANXA3,OLAH,HERV-K,TLR9,CFL1,NCF4,ORAI1,STPG1,CXCL9,LMOD1,CXCL10,SERPINE1,IL18,STPG1,CCL2,CD177,ORAI1,STPG1,Syn-2,SQSTM1,S100A12,CXCL9,CCL5,TLR2,STPG1,CD163,TLR7,KLRB1,IFNK,CFL1
CCR2,IL18,TNF-α,CASP1,CCL2,NIPAL3,CD177,Syn-1,HERV-K,NCF4,CD40LG,CD14,IFIH1,PECAM1,ASCT-2,IRAK4,S100A8,OLA1,MFSD2A,ALOX5AP,TLR4,IL-10,HERV-K,S100A9,ITGA7,NIPAL3,CCL4,ASCT-1,MFSD2A,ASCT-2,SLC46A3,NIPAL3,ICAM1,NIPAL3,CHUK,NIPAL3,ASCT-1,ASCT-2,CASP8,NCF1,NIPAL3,Syn-2,ANXA3,S100A8,S100A8,ASCT-2,IL1B,ALOX5AP,NIPAL3,MMP8,ALOX5AP,Syn-1,SPI1,STAT1,ALOX5AP,SQSTM1,TLR3,FCGR2A,E2F2,TLR4,TNF,VCAM1,CD40,IL1B,ALPL,IL8,CCL4,CCL4,NIPAL3,ASCT-1,ALPL,OTOF,Syn-1,HERV-W,S100A8,CFL1,HLA-DRB1,NIPAL3,PCSK9,KCNA5,CXCL11,DDX58,IL2RA,NIPAL3,CCL3,S100A12,UBD,NIPAL3,MFSD2A,S100A8,S100A8,CXCL10,CXCL8,HERV-W,NIPAL3,PCSK9,TLR9,IFIT2,IFNAR2,S100A8
CXCR1,NLRP3,IL1β,SPI1,IFNG,ENPP4,S100A12,ASCT-1,Syn-1,ALOX5AP,CD69,TLR4,STAT1,PDPN,Syn-2,MYD88,S100A9,OTOF,IL6,FPR1,IL6,IFN-γ,Syn-1,ANXA3,PGF,ENPP4,CCL5,ASCT-2,IL6,SLC1A5,LINC00571,ENPP4,VCAM1,ENPP4,TRAF6,ENPP4,ASCT-2,IL6,TBX21,TLR4,ENPP4,MFSD2A,ALPL,S100A9,S100A9,Syn-2,IL18,MMP9,ENPP4,ADAMTS2,FPR1,ASCT-1,HERV-W,CXCL10,MMP9,UBD,TLR4,CASP3,IL32,NLRP3,CXCL8,S100A8,ORAI1,IL6,TLR4,IL12B,CCL5,PECAM1,ENPP4,ASCT-2,NCF4,TIFAB,Syn-2,HERV-K,S100A9,FPR1,HLA-MICA,ENPP4,HERV-W,OLAH,CCL2,CCL2,CD14,ENPP4,CCL4,TLR4,EBI3,ENPP4,CCL4,S100A9,S100A9,CCL2,IL10,HERV-K,ENPP4,HERV-W,CX3CR1,IFI27,IFNGR2,S100A9
CXCR2,CASP1,CXCL10,ALOX5AP,MX1,SEMA3F,CD14,ASCT-2,ASCT-1,FPR1,CD80,NLRP3,F3,TNF,MFSD2A,TLR2,TLR4,TIFAB,IL10,ANXA3,IL10,TNF-α,ASCT-1,ALPL,ERFE,SEMA3F,CXCL9,MFSD2A,IL10,Syncytin-2,AC016903.1,SEMA3F,PECAM1,SEMA3F,TAB2,SEMA3F,Syn-2,IL10,BAX,TLR2,SEMA3F,IL-6,TLR4,TSPO,IL1B,MFSD2A,NLRP3,TSPO,SEMA3F,IFIT2,ANXA3,ASCT-2,HERV-K,CXCL9,TSPO,EBI3,TLR7,BLK,TRAF3IP3,PTX3,IFNG,S100A9,HLA-DRB1,IL10,IL6,IL4,CXCL8,PDPN,SEMA3F,Syn-2,CFL1,B3GALT2,ASCT-1,Syn-1,TSPO,ALOX5AP,HLA-B*46:01,SEMA3F,HERV-K,OTOF,CCL3,NFKB1,CD68,SEMA3F,CCL5,TLR2,SQSTM1,SEMA3F,IL-6,ANXA3,SPI1,CCL3,IL18,Syn-1,SEMA3F,HERV-K,IL15,IFI44L,IFNB1,TSPO
MMP9,PTGS2,CCL2,FPR1,NPPA,CFTR,TLR4,Syn-2,ASCT-2,ANXA3,CD86,IL10,TNNT2,NFKB1,IL6,TLR4,IL6,B3GALT2,TLR4,ALPL,IL1B,IL-1β,ASCT-2,NCF4,MMP8,CFTR,CXCL11,CCL4,TLR4,ERVFRD-1,IGHV1-17,CFTR,SELE,CFTR,TAB3,CFTR,MFSD2A,TLR4,OAS1,TLR7,CFTR,IL-10,TLR2,SPI1,IL6,IL1B,CASP1,SPI1,CFTR,SIGLEC1,ALPL,Syn-2,Syn-1,CCL2,IL1B,CASP3,TLR9,CD40,ZNF207,SERPINA1,IL1B,NLRP3,HLA-MICA,TNF,IL10,IL13,CXCL9,TSPO,CFTR,MFSD2A,FPR1,ITGA7,ASCT-2,ASCT-1,IL1B,MMP9,TLR4,CFTR,Syn-1,TIFAB,CCL4,VWF,CD163,CFTR,IL1B,NLRP3,S100A8,CFTR,IL-10,ALPL,TSPO,CCL4,S100A8,ASCT-1,CFTR,Syncytin-1,IL15RA,IFIT3,IFNW1,SPI1
MMP8,S100A12,CD14,ANXA3,S100A9,ANKIB1,NLRP3,MFSD2A,Syn-2,ALPL,CD274,IL18,NPPB,NFKBIA,IL10,TLR7,IL10,ITGA7,NF-kB,CFL1,TNF,IL-8,Syn-2,CFL1,KLRF1,ANKIB1,CXCL13,CD163,CCL4,MFSD2A,LINC01168,ANKIB1,SELPLG,ANKIB1,CYLD,ANKIB1,TSPO,NCF4,ICAM1,TLR9,ANKIB1,TNF-α,TLR7,PECAM1,TNF,TNF,IL17A,HCLS1,ANKIB1,IFI27,CFL1,MFSD2A,ASCT-1,CCL3,IL6,ITPKC,CX3CR1,ORAI1,ZNF200,CRP,IL18,IL18,HLA-B*46:01,TLR2,TNF,IL2,CXCL11,HERV-W,ANKIB1,CCL4,ALOX5AP,PLA2G7,MFSD2A,ASCT-2,IL6,SPI1,TLR2,ANKIB1,ASCT-1,B3GALT2,CCL5,IFNG,S100A12,ANKIB1,IL18,CASP1,S100A9,ANKIB1,TLR-4,NCF4,FCGR2A,CCL5,S100A9,ASCT-2,ANKIB1,ASCT-1,CD64,ITGA7,IFNL1,IL6
MPO,S100A8,TLR4,ALPL,PLAT,CYP51A1,CASP1,TLR4,MFSD2A,CFL1,PDCD1LG2,CXCL8,IL1B,CASP3,TNF-α,TLR9,TNF,IFI27,PECAM1,SPI1,CCL4,IL-17,MFSD2A,FPR1,KLRB1,CYP51A1,IL18,CXCL9,NTproBNP,IL6,7SK,CYP51A1,PTGS2,CYP51A1,A20,CYP51A1,PECAM1,MMP9,HMOX1,NLRP3,CYP51A1,TLR-3,TLR9,PDPN,CXCL8,IL6,IL12B,HMGB2,CYP51A1,IFI44L,TSPO,NTproBNP,ASCT-2,CCL4,IL10,CD40,CD64,S100A8,RNF216,IL10,MPO,PTX3,TLR4,TLR4,IL1B,IL7,IL18,HERV-K,CYP51A1,PECAM1,MMP9,IFI27,TLR4,Syn-2,TNF,TSPO,NLRP3,CYP51A1,ASCT-2,ITGA7,IL1B,VEGFA,MMP9,CYP51A1,IL12B,IL17A,ANXA3,CYP51A1,NTproBNP,CFL1,CASP3,CCR1,S100A12,Syn-2,CYP51A1,ASCT-2,S100A8,CDHR1,IFNL2,IL10
CEACAM8,S100A9,NLRP3,NCF4,THBD,KRIT1,CRP,SPI1,TNF,HERV-W,IFNG,CSF3,F10,BLK,TLR3,IL6,IL1B,UBD,PDPN,TSPO,HERV-W,IL-18,NTproBNP,ALOX5AP,AKAP12,KRIT1,IL10,PCSK9,TnI,IL10,RP11-609L23.3,KRIT1,MMP9,KRIT1,BCL3,KRIT1,PDPN,ALOX5AP,PROCR,CASP1,KRIT1,TLR-4,IFNG,TLR4,CXCL10,IL10,TGFB1,BCL6,KRIT1,ISG15,S100A8,TnI,Syn-2,CCL5,TNF,ORAI1,CD69,S100A9,ANGEL1,IFNG,ELANE,NPPB,TLR7,HERV-W,CCL4,IL15,IL12B,Syn-1,KRIT1,PDPN,FCER1A,S100A12,TNF,MFSD2A,CXCL8,FCER1A,IL15,KRIT1,Syn-2,PLA2G7,IL18,IFIH1,TREM1,KRIT1,IFNG,IL12B,ALPL,KRIT1,Troponin,FPR1,BLK,CCR2,FCGR2A,MFSD2A,KRIT1,Syncytin-2,S100A9,PGF,IFNE,TNF
FCGR3B,MMP9,CASP1,CFL1,F5,RAD52,SERPINE1,ALPL,IL1B,HERV-K,IL12B,PTX3,RSAD2,ITPKC,TLR4,IL1B,IL18,EBI3,SPI1,S100A8,HERV-K,IL-2R,TnI,MMP9,CNN3,RAD52,IL12B,NTproBNP,PECAM1,TLR4,LINC01952,RAD52,VEGFA,RAD52,NFKBIE,RAD52,SPI1,FPR1,PLAT,IL18,RAD52,TLR-7,CXCL10,IL6,CCL2,TLR3,STAT1,NFE2,RAD52,IFIT3,S100A9,PECAM1,MFSD2A,CXCR3,CXCL8,HLA-DRB1,CD38,ANXA3,YAF2,STAT1,PRTN3,TNNT2,TLR9,HERV-K,CXCL8,IL21,IL23A,ASCT-1,RAD52,SPI1,ADAMTS2,TSPO,NLRP3,NTproBNP,CXCL10,ADAMTS2,IL15RA,RAD52,MFSD2A,IFI27,IL1RN,STAT1,NLRP3,RAD52,STAT1,STAT1,NCF4,RAD52,CD163,ALOX5AP,ITPKC,CCR5,FCGR3B,NTproBNP,RAD52,MFSD2A,ANXA3,ERFE,IFNLR1,IL1B
ELANE,ICAM1,GZMB,TSPO,IFI44,MYH16,F3,ANXA3,NLRP3,Syn-1,IL18,CRP,IL6,CD40,TLR7,IL10,IFNG,SQSTM1,TRBV11-2,S100A9,Syn-1,IL-4,PECAM1,IL15,FZD4,MYH16,IL23A,TnI,PDPN,PECAM1,EMC1-AS1,MYH16,FLT1,MYH16,NFKBIZ,MYH16,TNF,CFL1,LILRB1,IL10,MYH16,TLR-9,CCL2,IL10,CCL3,TLR4,STAT3,GMFG,MYH16,ITGA7,SPI1,PDPN,IL6,CCR5,CXCL10,HLA-DRB5,HERV-W,ALPL,IL20RA,IRF7,CEACAM8,MYH7,NLRP3,Syn-1,SPI1,IL22,TGFB1,ASCT-2,MYH16,TNF,LMOD1,SPI1,IL1B,TnI,CCL2,LMOD1,TNF,MYH16,NTproBNP,S100A12,IL1R1,F3,TLR2,MYH16,STAT3,STAT3,CFL1,MYH16,CXCL9,MMP9,CD40,IL1B,NLRP3,TnI,MYH16,TLR4,ALPL,MMP8,IFNA10,IL18
PRTN3,VCAM1,PRF1,S100A8,SELE,BAD,THBD,NCF4,IL18,ASCT-1,IL10,SERPINE1,GATA4,ORAI1,TLR9,IL18,CXCL10,SNAI1,KLRF1,PECAM1,ASCT-1,IL-5,PDPN,IL15RA,GAS7,BAD,IL17A,TLR4,S100A8,PDPN,RNA5SP450,BAD,KDR,BAD,NFKBIB,BAD,IL1B,ANXA3,TGFB1,IFNG,BAD,IL1B,CCL4,HERV-W,CCL4,TLR7,IRF7,PECAM1,BAD,CDHR1,PECAM1,SPI1,IL10,CCR1,CCL2,HLA-DQB1,HERV-K,NCF4,RTF2,OAS1,FCGR3B,GATA4,IL1B,ASCT-1,TSPO,IL23A,STAT1,Syn-2,BAD,IL1B,KCNA5,S100A8,IL18,PECAM1,CCL3,KCNA5,NFKB1,BAD,TnI,TSPO,IL1R2,NPPB,TLR4,BAD,JAK1,JAK1,FPR1,BAD,PCSK9,PECAM1,ORAI1,IL18,TLR4,PECAM1,BAD,NLRP3,NCF4,S100A8,IFNA2,CXCL9
AZU1,PECAM1,FASLG,S100A9,ICAM1,LAP3,VCAM1,CFL1,IFNG,ASCT-2,TGFB1,F3,TLR4,HLA-DRB1,PECAM1,TNF,CCL2,TNF,KLRB1,PDPN,ASCT-2,IL-13,TNF,IL6,FEZ1,LAP3,IL17F,NF-κB,S100A9,SPI1,RP11-331G2.6,LAP3,NOS3,LAP3,NFKBID,LAP3,CXCL8,ALPL,TYK2,STAT1,LAP3,S100A8,CD14,HERV-K,CCR1,TLR9,IRF3,PDPN,LAP3,PGF,PDPN,S100A9,TLR4,CCR2,CCL3,HLA-DQA1,Syncytin-1,CFL1,NLRP2,MX1,ITGAM,F2,IL6,ASCT-2,HERV-W,IL27,STAT3,MFSD2A,LAP3,CXCL8,OLAH,S100A9,IFNG,PDPN,CCL4,OLAH,SQSTM1,LAP3,IL1B,S100A8,IL1RAP,IL1B,TLR7,LAP3,JAK2,JAK2,ALOX5AP,LAP3,PECAM1,PDPN,PECAM1,NLRP3,IFITM3,PDPN,LAP3,SPI1,CFL1,S100A9,IFNL3,CD163
LTF,SELE,IL10,MPO,TNNI3,HS3ST1,ICAM1,FPR1,STAT1,Syn-2,STAT1,TFPI,TLR2,HLA-MICA,PDPN,IFNG,CXCL8,NFKB1,ISG15,IFNG,Syn-2,IL-12,IL1B,MIP1A,VAT1,HS3ST1,IL21,IRF-3,ANXA3,S100A8,RP11-346I3.5,HS3ST1,EDN1,HS3ST1,IRAK1,HS3ST1,MMP9,PECAM1,JAK3,STAT3,HS3ST1,S100A9,CD68,Syn-1,CCR2,CX3CR1,MYD88,IL15,HS3ST1,ERFE,HERV-W,S100A8,PECAM1,CCR3,CCL4,HLA-DPB1,Syncytin-2,FPR1,HSF2,RSAD2,SELL,F5,TNF,Syn-2,HERV-K,IL31,JAK1,SPI1,HS3ST1,IFNG,OTOF,ANXA3,STAT1,SPI1,CCL5,OTOF,UBD,HS3ST1,NLRP3,S100A9,IL6R,TNNI3,TLR8,HS3ST1,SOCS1,SOCS3,MMP9,HS3ST1,PDPN,TNF,PDPN,CASP1,IFI27,TNF,HS3ST1,MMP9,FPR1,ANXA3,IFNA1,PCSK9
DEFA1,SELPLG,IFN-γ,CEACAM8,DPM1,AOC1,PECAM1,ALOX5AP,STAT3,MFSD2A,STAT3,THBD,S100A8,HLA-B*46:01,S100A8,CXCL10,CCR5,CASP3,SIGLEC1,IL1B,MFSD2A,IL-23,CXCL8,IP10,FSCN1,AOC1,IL22,ACE2,ALPL,S100A9,TCEA1P3,AOC1,SERPINE1,AOC1,IRAK2,AOC1,CEACAM8,PDPN,SERPINE1,CXCL10,AOC1,ANXA3,CD163,ASCT-1,CCR5,S100A8,TRAF6,IL15RA,AOC1,KLRF1,HERV-K,CD31,PDPN,CCR4,CCL5,HLA-DPA1,ASCT-1,ALOX5AP,PHF20,IFIH1,SELE,PLAT,IFNG,MFSD2A,Syn1,IL33,JAK2,S100A8,AOC1,IL17A,TIFAB,ALPL,STAT3,CXCL9,CXCR1,TIFAB,EBI3,AOC1,SPI1,ANXA3,IL6ST,RSAD2,IFIH1,AOC1,SOCS3,CXCL9,PECAM1,AOC1,SPI1,NFKB1,TLR3,GSDMD,IFI44L,IFNG,AOC1,ALOX5AP,ALOX5AP,ALPL,IFNA7,HERV-W
DEFA3,NOS3,STAT1,ITGAM,SCYL3,WNT16,SELE,MMP9,IRF7,PECAM1,JAK1,PLAT,IL18,TLR2,S100A9,CCL2,CD14,BLK,IFIT2,IL18,TSPO,IL-27,IFNG,IL10,AFAP1L1,WNT16,IL27,SPI1,NCF4,CEACAM8,AC114814.4,WNT16,F3,WNT16,IRAK3,WNT16,ITGAM,S100A8,C5,CCL2,WNT16,ALPL,FCGR3A,ASCT-2,TLR2,S100A9,IKBKB,IFI27,WNT16,KLRB1,Syncytin-1,IL1B,TSPO,CCR7,CCL20,HLA-B,ASCT-2,MMP9,RTEL1-TNFRSF6B,DDX58,VCAM1,SERPINE1,CXCL10,TSPO,ASCT1,TGFB1,TYK2,S100A9,WNT16,IL2RA,B3GALT2,NCF4,JAK1,CD163,CXCR2,B3GALT2,SNAI1,WNT16,TSPO,ALPL,IL10RA,OASL,DDX58,WNT16,NLRP3,CCL3,PDPN,WNT16,TNF-α,NFKBIA,TLR4,MYD88,OAS1,IL1B,WNT16,FPR1,MMP9,NCF4,IFNWP18,HERV-K
BPI,VEGFA,JAK1,ITGB2,C1orf112,HECW1,CD40LG,PECAM1,IRF9,PDPN,JAK2,VCAM1,MX1,TLR4,ANXA3,CCL3,CD68,ITPKC,IFI27,CXCL10,PECAM1,IL-33,STAT1,IL16,ITGA9,HECW1,IL1RN,S100A8,CFL1,MMP9,CEP170,HECW1,TFPI,HECW1,IRAK4,HECW1,FCGR3B,S100A9,GATA3,CCL3,HECW1,NCF4,FCGR2A,Syn-2,TLR4,ANXA3,RELA,ADAMTS2,HECW1,TRBV11-2,ASCT-1,TNF,S100A8,CCR8,CSF3,HLA-C,MFSD2A,PECAM1,IFNGR1,TLR3,PECAM1,MX1,CCL2,PECAM1,ASCT2,CSF2,SOCS1,ANXA3,HECW1,FOXP3,ITGA7,CFL1,JAK2,PCSK9,TLR2,ITGA7,PECAM1,HECW1,MMP9,NCF4,IL10RB,IL6,OAS1,HECW1,CASP1,CCL4,IL15,HECW1,IL-1β,RELA,TLR7,IRAK4,MX1,IL18,HECW1,CFL1,TSPO,CFL1,IFNA22P,Syncytin-1
OLFM4,FLT1,TYK2,FCGR3B,FGR,MAD1L1,CD80,PDPN,MX1,SPI1,TYK2,ICAM1,VCAM1,TLR7,ALPL,CCL4,CD163,CD40,IFI44L,CCL2,PDPN,GM-CSF,IRF7,MIP1B,TGM2,MAD1L1,IL1R1,S100A9,FPR1,RETN,CTD-2313J17.6,MAD1L1,THBD,MAD1L1,MYD88,MAD1L1,ELANE,SPI1,CCL7,CCL4,MAD1L1,CFL1,NLRP3,MFSD2A,TLR7,ALPL,NFKBIA,CD177,MAD1L1,TLR4,ASCT-2,CXCL8,S100A9,CCR9,CSF2,HLA-A,ADAMTS2,PDPN,TNFRSF1B,TLR7,PDPN,IFI44,CCL3,PDPN,Syn2,CSF3,SOCS3,ALPL,MAD1L1,GATA3,PLA2G7,FPR1,SOCS1,IL1B,TLR4,IFI27,PDPN,MAD1L1,ALOX5AP,CFL1,TNFRSF1A,IL10,MX1,MAD1L1,GSDMD,CCL5,IL15RA,MAD1L1,IL-8,IL6,TLR9,TRAF6,IRF7,IL17A,MAD1L1,NCF4,HERV-W,FPR1,IFNWP4,ASCT-1
CSF3R,KDR,MX1,LTF,CFH,LASP1,CD86,S100A8,OAS1,NTproBNP,SOCS1,SELE,NLRP3,TLR9,NCF4,CXCL8,CD86,ORAI1,IFIT3,CXCL8,SPI1,MCP-1,IRF9,IL8,RSAD2,LASP1,IL1R2,ANXA3,ALOX5AP,OLFM4,RNU1-74P,LASP1,PLAT,LASP1,TIRAP,LASP1,MPO,TNF,CCL2,CCL5,LASP1,FPR1,CASP1,IFNγ,TLR9,NCF4,JAK1,LMOD1,LASP1,HERV-W,Syncytin-2,CXCL10,IL1B,CCR10,IFNG,TGFBR2,TIFAB,SPI1,POU2F2,TLR8,CD34,LYZ,CCL4,SPI1,MFSD2A,CCL3,IRF1,CFL1,LASP1,RORC,IFI27,ALOX5AP,SOCS3,TNF,TLR7,UBD,S100A8,LASP1,FPR1,FPR1,TNFRSF1B,TLR4,ISG15,LASP1,S100A12,ICAM1,TNF,LASP1,IFN-γ,IL1B,HLA-DRB1,NFκB1,IRF9,IL8,LASP1,ALPL,HERV-K,ALOX5AP,IFNA20P,ASCT-2
ITGAM,ANGPT1,OAS1,ELANE,FUCA2,SNX11,HLA-DRA,S100A9,RSAD2,TnI,SOCS3,NOS3,S100A9,IFNA1,CFL1,CXCL9,HLA-DRB1,HLA-DRB1,ITGA7,IL17A,S100A8,MIP-1α,OAS1,IL1RA,IL15,SNX11,IL1RAP,ALPL,MMP9,DEFA4,RP11-578F21.4,SNX11,PLAU,SNX11,TICAM1,SNX11,PRTN3,IL1B,CALCA,CCR2,SNX11,ALOX5AP,IL18,IL-17,NLRP3,CFL1,JAK2,KCNA5,SNX11,HERV-K,MFSD2A,CXCL9,TNF,CXCR1,TGFB1,SMAD3,OLA1,IL15,IKZF2,TLR9,CDH5,DEFA1,CCL5,S100A8,PECAM1,CCL4,IRF3,FPR1,SNX11,STAT3,UBD,MMP9,CXCL10,IFNG,TLR8,EBI3,S100A9,SNX11,CFL1,ALOX5AP,TNFRSF10A,IFITM3,STAT1,SNX11,TSPO,VCAM1,NFKB1,SNX11,IL-17,CXCL8,HLA-MICA,RELA,STAT1,CCL2,SNX11,ANXA3,Syncytin-1,MMP9,IFNWP9,Syncytin-2
ITGB2,ANGPT2,RSAD2,PRTN3,GCLC,TMEM176A,HLA-DRB1,IL1B,IFIH1,IL18,NFKB1,VEGFA,PTX3,IFNB1,FPR1,CXCL11,HLA-DRA,HLA-MICA,CDHR1,IL12B,S100A9,MIP-1β,MX1,TNFA,IL15RA,TMEM176A,IL1RL1,NCF4,SPI1,ELANE,SNORA70G,TMEM176A,IL15,TMEM176A,TICAM2,TMEM176A,LTF,CXCL8,VWF,CCR5,TMEM176A,MMP9,IL10,IL-1β,CASP1,FPR1,TYK2,OLAH,TMEM176A,Syncytin-1,IL10,CCL2,CXCL8,CXCR2,TLR2,IL4,PECAM1,IL15RA,ABCF2,CLEC4E,NOS3,IFIT1,CXCL8,S100A9,PDPN,CCL5,IRF7,TLR2,TMEM176A,JAK3,EBI3,UBD,CCL2,IL17A,MYD88,SQSTM1,ANXA3,TMEM176A,NCF4,MMP9,TNFRSF10B,S100A8,STAT3,TMEM176A,CD14,SELE,IFNG,TMEM176A,IL-18,CCL2,HLA-B,STAT1,JAK1,CCL3,TMEM176A,S100A8,ASCT-1,TSPO,IFNA14,MFSD2A
SELL,TEK,IFIH1,AZU1,NFYA,M6PR,HLA-DQA1,NADPH,DDX58,IFNG,RELA,ANGPT2,NOD2,IFNG,ALOX5AP,ICAM1,HLA-DQB1,HLA-B*46:01,PGF,IL23A,TLR2,RANTES,ISG15,IL2RA,CXCL9,M6PR,IL1RL2,CFL1,CD31,LTF,RNA5SP217,M6PR,IL15RA,M6PR,TRAF3,M6PR,AZU1,CSF3R,SELPLG,CXCR3,M6PR,TSPO,IL17A,TRBV11-2,IL18,ALOX5AP,SOCS1,OTOF,M6PR,ASCT-1,IL18,CCL3,CCL2,CXCR4,TLR4,FCGR2A,PDPN,IFNG,CHPF2,CLEC7A,VEGFA,IFIT3,CXCL9,MPO,IL18,CCL7,IRF9,IL1B,M6PR,IL12B,SQSTM1,EBI3,CCL3,IL18,IRAK4,PECAM1,ALPL,M6PR,ALPL,PECAM1,TNFRSF11A,MX1,JAK1,M6PR,CD68,SELPLG,IL6,M6PR,IL-2R,ICAM1,HERV-W,STAT3,TYK2,CCL5,M6PR,S100A9,ASCT-2,S100A12,IFNNP1,TLR4
SELE,EDN1,DDX58,CTSD,STPG1,CYP26B1,HLA-DQB1,PI3K,TLR7,TLR4,NFKBIA,EDN1,STAT3,CXCL10,MMP9,VCAM1,HLA-DMA,TLR3,ERFE,IL1RN,TLR3,IP-10,RSAD2,MDC,CXCL10,CYP26B1,IL18R1,FPR1,CD163,MPO,LINC00837,CYP26B1,IFNG,CYP26B1,TRAF5,CYP26B1,CSF3R,CEACAM8,IL23A,CXCR4,CYP26B1,SPI1,IL23A,KLRF1,IL18R1,MMP9,SOCS3,TIFAB,CYP26B1,ASCT-2,IL1RN,CCL5,CCL4,CXCR5,TLR7,BLK,SPI1,IL6,FLT4,FCGR1A,FLT1,OAS1,CXCL11,ELANE,IFNG,CCL8,TLR2,IL18,CYP26B1,IL23A,SNAI1,SQSTM1,CCL5,IL2RA,TRAF6,PDPN,NCF4,CYP26B1,ANXA3,PDPN,TNFRSF12A,ACTC1,JAK2,CYP26B1,CD163,PECAM1,IL1B,CYP26B1,IL-4,VCAM1,HERV-K,JAK1,ICAM1,CXCL10,CYP26B1,PECAM1,Syncytin-2,PECAM1,IFNA11P,TLR7
SELPLG,ACE2,TLR3,CTSB,NIPAL3,ICA1,HLA-DPA1,IFNG,TLR8,TLR2,IKBKB,PECAM1,CXCL10,CCL2,SPI1,PECAM1,HLA-DOA,TLR4,MMP8,IL6R,TLR7,E-selectin,IFIH1,PECAM1,CXCL11,ICA1,IL18RAP,ALOX5AP,CXCL9,AZU1,HSP90AA4P,ICA1,STAT1,ICA1,TRAF2,ICA1,OLFM4,MPO,IFNG,CD14,ICA1,PECAM1,TGFB1,KLRB1,IL18BP,PECAM1,OAS1,B3GALT2,ICA1,Syncytin-2,IL1R1,IFNG,IL18,CXCR6,TLR9,PDPN,TSPO,TNF,PHF23,FCGR2A,KDR,STAT1,IL10,PRTN3,IL17A,CCL11,TLR3,IFNG,ICA1,IL6R,CASP3,PECAM1,CCR1,IL6R,NFKB1,S100A6,CFL1,ICA1,S100A8,IL15,NOD1,VCAM1,SOCS1,ICA1,ITGAM,PDPN,CXCL10,ICA1,IL-5,SELE,SYNCYTIN-1,JAK2,VCAM1,CXCL11,ICA1,PDPN,MFSD2A,PDPN,IFNWP5,TLR9
PTX3,AGT,TLR7,CTSL,ENPP4,DBNDD1,HLA-DPB1,CXCL10,TLR9,TLR3,MAPK1,PDPN,NPPA,CCL3,VEGFA,SELE,HLA-DPA1,TLR7,ADAMTS2,IL6ST,TLR9,P-selectin,DDX58,PDPN,CCL19,DBNDD1,IL6R,MMP9,PCSK9,CTSG,ENSG10010139651.1,DBNDD1,IRF1,DBNDD1,TRAF1,DBNDD1,DEFA1,ELANE,IL17A,CD16,DBNDD1,PDPN,STAT1,ISG15,IL1RN,PDPN,MX1,ITGA7,DBNDD1,MFSD2A,IL1R2,STAT1,IL17A,IL2,NLRP3,PECAM1,CXCL10,IL1B,TNFRSF17,FCGR3A,ANGPT1,IRF7,IL12B,CTSG,IL2RA,CCL17,TLR4,CXCL10,DBNDD1,IL6ST,BLK,PDPN,CCR2,IL1RN,RELA,S100A11,FPR1,DBNDD1,S100A9,IL15RA,NOD2,S100A9,SOCS3,DBNDD1,ITGB2,VEGFA,CCL2,DBNDD1,IL-12,SELL,ASCT1,SOCS1,SELE,CXCL8,DBNDD1,IL1B,VEGFA,SPI1,IFNWP15,IFNG
CRP,REN,TLR8,LGALS3,SEMA3F,ALS2,CD3E,CXCL9,MYD88,TLR7,MAPK3,CD40LG,THBD,CCL4,VEGFB,SELPLG,HLA-DPB1,TLR9,CD177,IL7R,IFNG,VCAM-1,TLR7,DPM1,CCL21,ALS2,IL6ST,PECAM1,,PRTN3,IFT80,ALS2,IRF7,ALS2,TRAF4,ALS2,DEFA3,PRTN3,C7,CD64,ALS2,FCER1A,STAT3,SIGLEC1,IL10,SPI1,IFIH1,PLA2G7,ALS2,IL6,IL1RAP,STAT3,IL12B,IL2RA,NLRC4,TSPO,CCL2,CXCL10,CELF2,CD14,ANGPT2,DPM1,IL18,LTF,IL1RN,CCL19,TLR7,CXCL8,ALS2,SOCS3,ITPKC,HLA-DRB1,CCR5,IL1R1,STAT1,S100A7,ALOX5AP,ALS2,PECAM1,TLR4,TLR1,DEFA4,IRF7,ALS2,PECAM1,FLT1,CCL3,ALS2,IL-13,TLR4,ASCT2,SOCS3,SELPLG,S100A8,ALS2,IFNG,VEGFB,TNF,IFNA13,NLRP3
SAA1,ACE,MAVS,RETN,CFTR,CASP10,CD4,CCL2,TRAF6,TLR8,MAPK14,ITGB3,IRF7,IL1B,NTproBNP,CD177,HLA-DQA1,IL1B,TRBV11-2,IL15,IL1RN,ICAM-1,TLR8,SCYL3,CCR7,CASP10,TNFRSF1A,PDPN,,BPI,MIR548AK,CASP10,IFIH1,CASP10,TRAF7,CASP10,BPI,LTF,IL12B,CD11b,CASP10,ADAMTS2,JAK1,IFIT2,IL10RA,FCER1A,DDX58,FCER1A,CASP10,IL10,IL1RL1,NFKB1,IL1RN,IL2RB,AIM2,SPI1,CCL3,CCL2,TNFRSF9,CD16,TEK,SCYL3,IL18R1,DEFA1,IL12B,CCL20,TLR8,CCL2,CASP10,NFKB1,CD40,HLA-MICA,CXCR3,IL1R2,STAT3,S100A13,MMP9,CASP10,PDPN,TLR7,TLR2,CXCL10,IRF9,CASP10,PDPN,KDR,CCL4,CASP10,IL-15,TLR2,SYNCYTIN-2,IFNG,PECAM1,S100A9,CASP10,IL18,FCER1A,IL6,IFNA17,IL1RN
SAA2,AGTR1,TRAF3,OLFM4,ANKIB1,CFLAR,CD8A,CCL3,NFKB1,TLR9,MAP2K1,GP1BA,TNF,IL6,Troponin-I,S100A12,HLA-DQB2,IL6,KLRF1,IL15RA,IL18,PECAM-1,MYD88,C1orf112,CD8A,CFLAR,TNFRSF1B,IL1B,,HP,RP11-603J24.9,CFLAR,DDX58,CFLAR,TRADD,CFLAR,S100A8,DEFA1,C9,CD11c,CFLAR,LMOD1,JAK2,IFI27,IL10RB,ADAMTS2,TLR3,S100A6,CFLAR,CCL4,IL1RL2,RELA,IFNG,IL2RG,CASP1,ANXA3,CCL4,CXCL8,MCF2L2,CD64,EDN1,C1orf112,IL18BP,DEFA3,IL15,CCL21,TLR9,CCL3,CFLAR,RELA,ORAI1,HLA-B*46:01,CXCR4,IL1RAP,JAK1,S100P,SPI1,CFLAR,IL18,TLR8,TLR3,SELP,BCL2,CFLAR,VCAM1,NOS3,CXCL8,CFLAR,IL-21,MYD88,MFSD2A,IFNGR1,CD86,S100A7,CFLAR,IL1RN,ADAMTS2,IL10,IFNA12P,IL6R
ORM1,AGTR2,IRF7,DEFA1,CYP51A1,TFPI,CD19,CCL5,RELA,NLRP3,MAP2K4,CD36,PECAM1,IL8,IFI27,ITPKC,HLA-DQB3,IL10,KLRB1,IL18R1,CXCL10,VEGF,TRAF6,FGR,CD8B,TFPI,TNFRSF11A,TNF,,ORM1,SORBS2,TFPI,TLR3,TFPI,FADD,TFPI,S100A9,DEFA4,CD86,CD62L,TFPI,KCNA5,TYK2,IFI44L,STAT1,LMOD1,TLR7,S100A11,TFPI,NF-κB,IL1RL2,IRF3,STAT1,IL4,CASP4,ALPL,CCL5,IL10,EIF2AK2,CD32,ADM,FGR,IL1RN,CEACAM8,IL23A,CCL22,MYD88,CCL5,TFPI,IRAK1,HLA-DRB1,TLR1,SELL,IL1RL1,JAK2,CASP3,FCER1A,TFPI,IFNG,IL6,TLR4,NPPA,CASP1,TFPI,ICAM1,EDN1,CXCL9,TFPI,IL-22,IRAK4,EBI3,IFNGR2,HLA-DRA,S100A6,TFPI,IL17A,LMOD1,IL17,IFNA4,IL17A
ORM2,PLAT,IRF9,DEFA3,KRIT1,NDUFAF7,CD20,IL1RN,MAPK14,CASP1,MAP2K7,CD47,,IL10,ADAMTS2,CASP3,HLA-DRB5,TNFA,ISG15,IL18RAP,CXCL8,Angiopoietin-2,NFKB1,CFH,GZMA,NDUFAF7,TNFRSF12A,IFNG,,ORM2,LINC02349,NDUFAF7,TLR4,NDUFAF7,CASP8,NDUFAF7,S100A11,AZU1,IFIH1,CD31,NDUFAF7,OLAH,SOCS1,IFIT3,STAT3,KCNA5,TLR8,S100A13,NDUFAF7,IRF-3,IL1RL2,IRF7,STAT3,IL4R,CASP5,NCF4,IL1B,IL12B,PHF21B,CD89,SERPINE1,CFH,IL1R1,FCGR3B,IL27,CCL24,TRAF6,IL17A,NDUFAF7,MYD88,HLA-MICA,TLR2,SELP,IL1RL2,SOCS1,BLK,ADAMTS2,NDUFAF7,IL1RN,IL10,TLR5,THBD,CASP3,NDUFAF7,SELE,ANGPT2,IL10,NDUFAF7,IL-23,TRAF6,SQSTM1,IRF1,HLA-DQB1,S100A4,NDUFAF7,IL12B,KCNA5,CXCL10,IFNWP2,IL17F
HP,SERPINE1,SOCS1,DEFA4,RAD52,RBM5,CD56,IL18,MAPK8,GSDMD,MAPKAPK2,CD69,,IL17A,TIFAB,BLK,HLA-DRB6,MCP1,SIGLEC1,IL21,CCR5,Endoglin,RELA,FUCA2,GZMB,RBM5,TNFRSF13B,IL17A,,SAA1,LINC01088,RBM5,TLR7,RBM5,CASP10,RBM5,S100A7,BPI,STAT1,CD40,RBM5,OTOF,SOCS3,ITGA7,IRF1,OLAH,TLR9,S100P,RBM5,TREM1,IL1RL2,MYD88,JAK1,IL5,GSDMD,CFL1,IFNG,IL18,IL17RB,CD163,PLAT,FUCA2,IL1R2,ITGAM,IL6R,CXCL1,NFKB1,IL12B,RBM5,TRAF6,HLA-B*46:01,TLR3,ICAM1,IL1RL2,SOCS3,ITPKC,LMOD1,RBM5,IL2RA,VEGFA,TLR6,ISG15,CASP8,RBM5,SELPLG,TEK,IL12B,RBM5,IL-27,MAP3K7,UBD,IRF3,HLA-DRB1,S100A2,RBM5,IL23A,OLAH,CCL2,IFNWP19,IL23A
HAMP,F3,SOCS3,BPI,MYH16,MTMR7,CD16,IL12B,JUN,IL1RN,FOS,CD80,,IL18,B3GALT2,CD40,HLA-DRB7,IFNG,IFIT2,IL21R,CXCR3,Tie-2,IL12B,GCLC,PRF1,MTMR7,TNFRSF13C,IL18,,SAA2,ANKRD9,MTMR7,TLR8,MTMR7,RIPK1,MTMR7,S100A6,OLFM4,FASLG,CD80,MTMR7,TIFAB,IRF1,CDHR1,IRF3,OTOF,CLEC7A,S100A7,MTMR7,IL-6,IL1RL2,TRAF6,JAK2,IL5RA,PTGS2,FPR1,GZMB,IL17A,TRAF3IP2,CD68,F3,GCLC,IL1RAP,ITGB2,IL6ST,CXCL2,RELA,IL23A,MTMR7,MAP3K7,TLR2,TLR4,VCAM1,IL1RL2,IFNG,CD40,KCNA5,MTMR7,IL7R,VEGFB,TLR7,TNF,GZMB,MTMR7,PTGS2,CDH5,IL18,MTMR7,IL-33,IKBKB,SNAI1,IRF7,PTGS2,S100A1,MTMR7,IL2RA,OTOF,CCL3,IFNG-AS1,IL12B
FTH1,F2,PIK3CA,PGLYRP1,BAD,SLC7A2,CD25,IL17A,FOS,IL1R1,JUN,CD86,,IL23A,ITGA7,ORAI1,HLA-DRB8,S100A8,IFI27,IL22,CXCR4,CD31,IL23A,NFYA,GNLY,SLC7A2,TNFRSF14,IL1RN,,CRP,RP11-488C13.8,SLC7A2,MYD88,SLC7A2,RIPK3,SLC7A2,S100A4,FCGR3B,ARG1,CD86,SLC7A2,B3GALT2,IRF3,PGF,IRF7,TIFAB,CLEC4E,S100A10,SLC7A2,IL-8,IL1RL2,MAPK1,TYK2,IL7,PLA2G4A,ALOX5AP,PRF1,IL2RA,U2AF2,CD36,THBD,NFYA,IL1RL1,CXCR1,IL7R,CXCL3,IKBKB,IL1RN,SLC7A2,IKBKB,TLR4,TLR5,PECAM1,IL1RL2,IFNAR1,ORAI1,OLAH,SLC7A2,CXCL10,,TLR8,PECAM1,PRF1,SLC7A2,NOS2,VWF,TGFB1,SLC7A2,GM-CSF,STAT1,ALPL,MX1,NOS2,S100A3,SLC7A2,IL6R,TIFAB,CCL4,IFNL3P1,CSF3
FTL,FGA,AKT1,NAMPT,LAP3,ARF5,FOXP3,IL23A,PTGS2,IL1R2,ATF2,CD274,,IL1RN,PLA267,FCGR2A,HLA-DRB9,S100A9,IFI44L,IL22RA1,NLRP3,CD34,JAK2,STPG1,NKG7,ARF5,TNFRSF17,IL2RA,,SERPINA1,RP11-141M1.3,ARF5,TRAF6,ARF5,MLKL,ARF5,S100A2,ITGAM,CD80,CD163,ARF5,ITGA7,IRF7,ERFE,SPI1,B3GALT2,FCGR1A,S100A14,ARF5,FAK,IL1RL2,MAPK3,SOCS1,IL7R,ALOX5,MMP9,FASLG,IL2RB,CASP8,CD11b,PROS1,STPG1,IL2RA,CXCR2,IL10RA,CXCL5,MAPK1,IL6R,ARF5,IKBKG,TLR7,TLR6,PDPN,IL1RL2,IFNAR2,HLA-DRB1,OTOF,ARF5,CCL2,,TLR9,DPM1,FASLG,ARF5,ARG1,F8,CSF3,ARF5,MCP-1,STAT3,NCF4,OAS1,ARG1,S100A5,ARF5,IL10RA,B3GALT2,CXCL8,IFNL4P1,CSF2
TFRC,FGB,MTOR,PLAU,HS3ST1,SARM1,GATA3,IL4,PLA2G4A,IL6R,CREB1,PDCD1LG2,,MMP9,FCER1A,HLA-DRB1,HLA-DRB2,ANXA3,IFIT3,IL22RA2,CASP1,CD40L,TYK2,NIPAL3,KLRD1,SARM1,TNFRSF18,IL4,,SERPINA3,RP11-63E16.1,SARM1,CASP1,SARM1,FAS,SARM1,S100A1,ITGB2,CCR2,CD206,SARM1,IFI27,MYD88,ADAMTS2,CEBPB,ITGA7,FCGR2A,S100A16,SARM1,IL-1,IL1RL2,JUN,SOCS3,IL9,CYBB,IL1B,KLRK1,IL2RG,TM7SF3,CD11c,PROC,NIPAL3,IL2RB,CXCL8,IL10RB,CXCL9,MAPK3,IL6ST,SARM1,CHUK,TLR9,TLR7,CD14,IL1RL2,IFIH1,HLA-MICA,TIFAB,SARM1,CCL3,,MYD88,SCYL3,FAS,SARM1,MMP9,F2,CSF2,SARM1,MIP-1α,IRF3,CFL1,OAS2,IDO1,S100A11,SARM1,IL10RB,ITGA7,ICAM1,IFNL4,CCR2
TF,FGG,FOXO3,PLAUR,AOC1,POLDIP2,TBX21,IL13,ALOX5,IL6ST,ELK1,HLA-DRA,,ALOX5AP,LMOD1,HLA-B*46:01,HLA-DRB3,ALPL,ITGA7,IL27,GSDMD,CD62E,STAT3,LAS1L,KLRK1,POLDIP2,TNFRSF19,IL5,,FGA,RRP7A,POLDIP2,CASP3,POLDIP2,FASLG,POLDIP2,S100A14,CD14,IRF1,CD36,POLDIP2,VEGFA,TRAF6,CD31,CEBPD,PLA2G7,FCGR3A,S100A2,POLDIP2,CD31,IL1RL2,FOS,IRF1,IL9R,NOX1,TNFAIP3,NKG7,STAT1,TAF2,CD18,F5,ENPP4,IL2RG,CSF3R,IL13RA1,CXCL11,MAPK8,STAT3,POLDIP2,NFKBIA,IL6,TLR8,CD16,IL1RL2,DDX58,HLA-B*46:01,B3GALT2,POLDIP2,CCL5,,TICAM1,C1orf112,BAX,POLDIP2,MMP8,F3,IFNAR1,POLDIP2,MIP-1β,IRF7,FPR1,OAS3,CD163,S100A13,POLDIP2,TNFRSF1A,IFI27,VCAM1,DPM1,CCR5
ALB,THBD,BCL2,SERPINA1,WNT16,PLXND1,RORC,IL2RA,CYBB,STAT3,MYC,HLA-DRB1,,NCF4,KCNA5,MICA,HLA-DRB4,NCF4,CDHR1,IL27RA,PYDC1,CD62P,SOCS3,ENPP4,KLRF2,PLXND1,TNFRSF19L,IL13,,FGB,LINC02261,PLXND1,CASP8,PLXND1,TNFRSF1A,PLXND1,S100A16,TLR2,IL1B,CD44,PLXND1,VEGFB,IKBKB,CD177+,BCL2A1,IFI27,ITGAM,S100A3,PLXND1,PDPN,IL1RL2,IL18,IRF3,IL10,NOX2,CX3CR1,GNLY,STAT3,BORCS8-MEF2B,CD62L,F2,SEMA3F,IL4,OLR1,IL17RA,CXCL12,MAPK14,JAK2,PLXND1,NFKBIB,TNF,TLR9,CD19,IL1RL2,OAS1,TLR1,ITGA7,PLXND1,CCR1,,IRAK1,FGR,BCL2L1,PLXND1,MMP2,F5,IFNAR2,PLXND1,RANTES,JAK1,ALOX5AP,RSAD2,MRC1,S100A14,PLXND1,TNFRSF1B,PECAM1,SELE,SCYL3,CXCR3
APOA1,PROS1,BAX,SERPINB1,HECW1,AK2,STAT1,IL2RB,NOX2,JAK1,EGR1,HLA-DQA1,,FPR1,OTOF,TLR3,HLA-DRB10,CFL1,PGF,IL31,NLRC4,CD80,IL17A,SLC25A33,KLRF3,AK2,TNFRSF21,IL15,,FGG,IRS3P,AK2,BCL2,AK2,TNFRSF1B,AK2,S100B,TLR8,C3,CD47,AK2,NTproBNP,NFKB1,S100A8/9,BAX,VEGFA,ITGB2,S100A4,AK2,CD177,IL1RL2,IL12B,IRF7,IL10RA,NOX4,CXCL9,IL18,STAT4,KIF26A,CD62P,PLG,CFTR,IL4R,RETN,IL17RC,CXCL13,FOS,SOCS3,AK2,NFKBIE,IFNG,TLR10,CD20,IL1RL2,OAS2,TLR2,IFI27,AK2,CCR2,,IRAK2,CFH,PTGS2,AK2,MMP7,F9,JAK1,AK2,E-selectin,JAK2,MMP9,IFIH1,CD14,S100A15,AK2,TNFRSF10A,PDPN,SELPLG,C1orf112,CXCR4
APOA2,PROC,CASP3,SERPINB10,MAD1L1,CD38,STAT3,IL2RG,SOD2,JAK2,SP1,HLA-DQB1,,CFL1,OLA,TLR8,HLA-DRB11,FPR1,ERFE,IL31RA,AIM2,CD86,IL17F,CYP2U1,KLRF4,CD38,TNFRSF25,IL21,,FGL1,MMP2-AS1,CD38,BAX,CD38,TNFRSF10A,CD38,S100G,NLRP3,F10,CD55,CD38,Troponin,RELA,MMP9,BCL2L11,VEGFB,SELL,S100A5,CD38,S100A12,IL1RL2,IL23A,IRF9,IL10RB,DUOX1,CXCL10,IL18R1,STAT5A,TNFRSF1A,CD31,SERPINF2,ANKIB1,IL5,NAMPT,IL18R1,CXCL16,JUN,MYD88,CD38,TLR2,CXCL10,NOD1,CD3E,IL1RL2,MX1,TLR3,CXCL10,CD38,CCR5,,IRAK3,FUCA2,PLA2G2A,CD38,RETN,F10,JAK2,CD38,P-selectin,SOCS1,CD31,DDX58,CD68,S100A16,CD38,TNFRSF10B,CD117,CD40,FGR,CCL2
APOB,PLG,CASP8,SERPINB6,LASP1,FKBP4,STAT4,IL7R,GPX1,SOCS3,IRF1,HLA-DPA1,,ANXA3,ACE2,TLR5,HLA-DRB12,ALOX5AP,MMP8,IL33,PYCARD,CD137,RORC,SLC35E2,KLRF5,FKBP4,TNFRSF4,IL22,,F2,CENPH,FKBP4,CYCS,FKBP4,TNFRSF10B,FKBP4,S100P,CASP1,FGL2,CD59,FKBP4,G-CSF,MAPK1,FPR1,FAS,NTproBNP,SELE,S100A1,FKBP4,TSPO,IL1RL2,IL17A,MYD88,IL12A,DUOX2,CXCL11,IL18BP,STAT5B,MEF2A,CD34,APOA1,CYP51A1,IL5RA,ARG1,IL18RAP,CCR1,ATF2,IRAK4,FKBP4,TLR3,CCL2,NOD2,CD4,IL1RL2,ISG15,TLR4,CXCL9,FKBP4,CXCR3,,IRAK4,GCLC,ALOX5,FKBP4,LEP,F12,STAT1,FKBP4,VCAM-1,SOCS3,ANXA3,RIGI,LYZ,S100P,FKBP4,TNFRSF10C,CD34,CD86,CFH,CCL3
APOC1,SERPINF2,CASP9,SERPINB9,SNX11,KDM1A,STAT6,IL15,CAT,MYD88,IRF3,HLA-DPB1,,ALPL,CX3CR1,TLR6,HLA-DRB13,MMP9,ADAMTS2,IL33R,IL12B,CD154,CCR6,SMPD1,KLRF6,KDM1A,TNFRSF6B,IL23A,,F3,RP3-476K8.4,KDM1A,APAF1,KDM1A,TNFRSF10C,KDM1A,S100Z,IL18,LILRB2,CD95,KDM1A,CD117,MAPK3,ALOX5AP,FASLG,TnI,VCAM1,S100A15,KDM1A,SPI1,IL1RL2,IL17F,TRAF6,IL12B,PRTN3,CCL2,IL1RN,STAT6,STON1-GTF2A1L,CD40,APOB,KRIT1,IL7,NOS2,IL1R1,CCR2,ELK1,TRAF6,KDM1A,TLR7,IL1B,RIGI,CD8A,IL1RL2,RSAD2,TLR5,CXCL8,KDM1A,CXCR4,,TRAF6,NFYA,CYBB,KDM1A,ADIPOQ,PLG,STAT2,KDM1A,ICAM-1,IFNAR1,IFI27,MDA5,CSF1R,S100Z,KDM1A,TNFRSF10D,CD66b,CD80,FUCA2,CCL4
APOC2,TFPI,FADD,SERPINB8,TMEM176A,RBM6,IRF1,IL21,GSR,TRAF6,IRF7,IL2RA,,S100A8,IL1B,TLR1,HLA-DRB14,PECAM1,CD177,IL34,IL23A,CD163,CXCL10,TUBB,KLRF7,RBM6,TNFRSF8,IL27,,F5,ZGPAT,RBM6,FAS,RBM6,TNFRSF10D,RBM6,ANXA1,IL12B,CRP,CD105,RBM6,CD34,MAPK14,ANXA3,TNFRSF1A,IL1RA,ICAM1,S100A17,RBM6,PECAM1,IL1RL2,IL22,IKBKB,IL12RB1,ELANE,CCL3,IL1R1,JAK1,KIF2A,CD40LG,APOE,RAD52,IL7R,PTGS2,IL1R2,CCR3,CREB1,NFKB1,RBM6,TLR8,IL10,MDA5,CD8B,IL1RL2,IRF3,TLR6,CCL2,RBM6,ICAM1,,MAP3K7,STPG1,NOX2,RBM6,FABP4,PLAT,IRF1,RBM6,VEGF,IFNAR2,ADAMTS2,TLR3,SERPINE1,NLRP3,RBM6,TNFRSF11A,G-CSF,CD28,GCLC,CCL5
APOC3,CD40LG,FAS,SERPINB2,M6PR,CAMKK1,IRF3,IL22,PRDX1,IRAK4,IRF9,IL7R,,S100A9,TNF,TLR10,HLA-DRB15,PDPN,TRBV11-2,IL36A,IL17A,CD206,CXCL9,PRKAR2A,KLRF8,CAMKK1,TNFRSF9,IL33,,F7,FRG1BP,CAMKK1,FASLG,CAMKK1,TNFRSF11A,CAMKK1,ANXA3,IFNG,CASP9,CD137,CAMKK1,CD66b,MAP2K1,ALPL,TNFRSF1B,G-CSF,PECAM1,S100A18,CAMKK1,PDPN,IL1RL2,IL21,NFKBIA,IL12RB2,MPO,CCL4,IL1R2,JAK2,FGF22,CD80,LPL,MYH16,IL9,IL18,IL1RAP,CCR4,NFKBIA,RELA,CAMKK1,TLR9,IL17A,IFIH1,CD28,IL1RL2,IRF7,TLR7,CCL3,CAMKK1,VCAM1,,MAPK1,NIPAL3,NOS2,CAMKK1,PLIN1,SERPINE1,IRF3,CAMKK1,PDGF,IFIH1,LMOD1,TLR7,PLAU,NLRC4,CAMKK1,TNFRSF12A,IL1RN,CTLA4,NFYA,CCL20
APOE,ITGB3,TRADD,SERPINB3,CYP26B1,RECQL,IRF5,IL27,PRDX2,IRF3,IFIH1,IL12RB1,,CD31,IL-6,IL12B,HLA-DRB16,TSPO,KLRF1,IL36B,IL17F,CD209,CXCL11,CAB39L,KLRF9,RECQL,TNFSF10,CSF2,,F8,CCL22,RECQL,CD40,RECQL,TNFRSF11B,RECQL,ANXA5,STAT1,IL6,CD226,RECQL,CD64,MAP2K4,NCF4,TRAF2,CD66b,PDPN,S100A19,RECQL,CXCL8,IL1RL2,IL4,RELA,IL13,CTSG,CCL5,IL1RAP,TYK2,EIF2B3,CD86,CETP,BAD,IL9R,IFNG,IL1RL1,CCR5,BCL2,IKBKB,RECQL,MYD88,IL18,DDX58,CD40,IL1RL2,IRF9,TLR8,CCL4,RECQL,SELE,,MAPK3,ENPP4,ARG1,RECQL,LPL,SERPINF2,IRF7,RECQL,FGF,DDX58,KCNA5,TLR8,F3,AIM2,RECQL,TNFRSF13B,IL18,PDCD1,STPG1,CXCL10
APOH,GP1BA,TNFRSF1A,SERPINB4,ICA1,VPS50,IRF7,IL33,TXN,IRF7,DDX58,IL15RA,,SNAI1,IL-10,IL17A,HLA-DRB17,S100A12,KLRB1,IL36G,RORC,CD274,CCL2,CDK2AP1,KLRF10,VPS50,TNFSF11,CSF3,,F9,TMEM72,VPS50,CD40LG,VPS50,TNFRSF12A,VPS50,ANXA6,STAT3,IL10,CD244,VPS50,CX3CR1,MAP2K7,CFL1,TRAF6,CD117,VEGFA,S100A20,VPS50,MMP8,IL1RL2,IL13,MAPK1,IL13RA1,LTF,CCL20,IL1RL1,SOCS1,TCF3,CD28,SCARB1,LAP3,IL13,STAT1,IL21R,CCR6,BAX,MAPK14,VPS50,TRAF3,IL12B,IRF3,CD40LG,IL1RL2,CEBPB,TLR9,CCL5,VPS50,SELL,,MAPK8,SEMA3F,SOD2,VPS50,APOE,THBD,IRF9,VPS50,EGF,OAS1,OLAH,TLR9,TFPI,CASP1,VPS50,TNFRSF13C,CXCL10,CD274,NIPAL3,CXCL11
APOM,GP1BB,TNFRSF1B,SERPINB5,DBNDD1,HSPB6,IRF9,IFNA1,TXNRD1,NFATC1,TLR1,IL18R1,,CASP8,MCP-1,IL23A,HLA-DRB18,CD31,ISG15,IL36RN,STAT3,CD276,CCL3,RABEP1,KLRF11,HSPB6,TNFSF12,CCL2,,F10,CABLES1,HSPB6,CD80,HSPB6,TNFRSF13B,HSPB6,ANXA11,IRF7,TLR4,CD274,HSPB6,IL-1Ra,MAP3K7,TSPO,NFKB1,CD34,FLT1,S100A21,HSPB6,ADAMTS2,IL1RL2,IL5,MAPK3,IL13RA2,AZU1,CCR1,IL1RL2,SOCS3,SELENOO,CTLA4,ABCA1,HS3ST1,IL13RA1,STAT3,IL22RA1,CCR7,CASP3,MAPK8,HSPB6,IRF3,IL23A,IRF7,CD80,IL1RL2,CEBPD,TLR10,IL6,HSPB6,CD14,,MAPK9,CFTR,GPX1,HSPB6,APOC1,PROS1,MYD88,HSPB6,ANGPT1,MX1,OTOF,CD14,THBD,CASP4,HSPB6,TNFRSF14,CCL2,LAG3,ENPP4,ICAM1
PLTP,GP9,BID,SERPINB7,ALS2,ARHGAP33,MYD88,IFNB1,GCLC,NFATC2,TLR2,IL1R1,,CASP9,TLR-1,IL1RN,HLA-DRB19,PDPN,SIGLEC1,IL37,JAK3,CD40,CCL5,ZDHHC5,KLRF12,ARHGAP33,TNFSF13,CCL3,,F11,RP11-10O22.1,ARHGAP33,CD86,ARHGAP33,TNFRSF13C,ARHGAP33,ANXA13,IRF9,CASP1,CD276,ARHGAP33,S100A,MAP4K4,S100A12,NFKB2,CD64,KDR,S100A22,ARHGAP33,IFIT2,IL1RL2,GATA3,MAPK8,IL17A,DEFA1,CCR2,IL17A,IRF1,IGF2BP2,PDCD1,ABCG1,AOC1,IL13RA2,JAK1,IL22RA2,CCR8,CASP8,MAPK1,ARHGAP33,IRF7,IL4,IRF9,CD86,IL1RL2,CEBPE,NOD1,IL1B,ARHGAP33,CD40,,MAPK14,ANKIB1,CAT,ARHGAP33,APOC2,PROC,TICAM1,ARHGAP33,ANGPT2,RSAD2,TIFAB,CD68,PROCR,CASP5,ARHGAP33,TNFRSF17,CCL3,HAVCR2,SEMA3F,VCAM1
LCN2,GP6,BAD,SERPINB11,CASP10,NDUFAB1,TRAF6,IFNL1,GCLM,NFATC3,TLR3,IL1R2,,BCL2,TLR-5,IL1R1,HLA-DRB20,S100A8,IFIT2,IL38,TYK2,CD44,CCR1,MYL12A,KLRF13,NDUFAB1,TNFSF13B,CCL5,,F12,RN7SL107P,NDUFAB1,CD28,NDUFAB1,TNFRSF14,NDUFAB1,FPR1,MX1,CXCL9,CD300a,NDUFAB1,IL-1β,MAPK8,SPI1,RELA,CD31,ANGPT1,S100A23,NDUFAB1,SIGLEC1,IL1RL2,RORC,MAPK14,IL17F,DEFA3,CCR5,IL17F,IRF3,ZNF37A,PDL1,NR1H3,WNT16,IL17A,JAK2,IL23R,CCR9,CASP9,MAPK3,NDUFAB1,IFNAR1,IL13,STAT1,CD163,IL1RL2,SPI1,NOD2,IL10,NDUFAB1,CD80,,STAT1,CYP51A1,PRDX1,NDUFAB1,APOC3,PROCR,TRAF6,NDUFAB1,Tie2,ISG15,B3GALT2,CD163,VWF,GSDMD,NDUFAB1,TNFRSF18,CCL4,TIGIT,CFTR,SELE
FABP4,PLA2G2A,BAK1,SERPINB12,CFLAR,PDK4,IKBKB,IFNAR1,HMOX1,NFATC4,TLR4,IL1RL1,,BAX,TLR-8,IL1R2,HLA-DRB21,S100A9,IFI27,IFNAR1,SOCS3,CD69,CCR2,RPL36,KLRF14,PDK4,TNFSF14,CCL7,,F13A1,MIR376A1,PDK4,CTLA4,PDK4,TNFRSF19,PDK4,FPR2,OAS1,FCGR2A,CD303,PDK4,IL-6,MAPK9,PECAM1,RELB,CD177,ANGPT2,S100A24,PDK4,IFI27,IL1RL2,TBX21,TNFAIP3,IL17RA,BPI,CCR7,IL17RA,IRF5,ICAM3,PDL2,PPARG,HECW1,IL17F,TYK2,IL27RA,CCR10,GZMB,JUN,PDK4,IFNAR2,IL2RA,STAT2,CD206,IL1RL2,ELANE,RIG-I,IL12B,PDK4,CD86,,STAT2,KRIT1,PRDX2,PDK4,APOA1,TFPI,IKBKB,PDK4,Notch1,IFI27,ITGA7,CD11b,GP1BA,IL1RN,PDK4,TNFRSF19,CCL5,BTLA,ANKIB1,SELPLG
FABP5,PLA2G4A,BCL2L1,SERPINB13,TFPI,SLC22A16,NFKB1,IFNAR2,NFE2L2,NFKB1,TLR5,IL1RN,,BCL2L1,TLR-2,IL6R,HLA-DRB22,ANXA3,IFI44L,IFNAR2,IRF1,CD70,CCR5,RPL23A,KLRF15,SLC22A16,TNFSF15,CCL8,,F13B,RP3-425C14.7,SLC22A16,PDCD1,SLC22A16,TNFRSF21,SLC22A16,FPR3,RSAD2,RORC,CD304,SLC22A16,TNF-α,MAPK10,PDPN,IKBKB,CD66b,TEK,S100A25,SLC22A16,IFI44L,IL1RL2,FOXP3,NLRP3,IL17RC,CEACAM8,CXCR3,IL17RC,IRF7,TM9SF3,LAG3,RXRA,MAD1L1,IL17RA,SOCS1,IL2RB,CXCR1,PRF1,FOS,SLC22A16,IFNGR1,IL7R,STAT3,CD209,IL1RL2,MPO,MDA5,IL18,SLC22A16,CD274,,STAT3,RAD52,PRDX3,SLC22A16,APOA2,SFTPD,RELA,SLC22A16,Notch2,IFI44,PLA2G7,ITGAM,GP6,IL18BP,SLC22A16,TNFRSF19L,CXCL8,CD27,CYP51A1,PECAM1
FABP7,ALOX5,MCL1,SERPINB14,NDUFAF7,ZMYND10,RELA,IFNGR1,KEAP1,NFKB2,TLR6,IL6R,,BID,TLR-6,IL10RA,HLA-DRB23,ALPL,IFIT3,IFNGR1,IRF7,CD83,CXCR3,RPL3,KLRF16,ZMYND10,TNFSF18,CCL11,,PLG,MTATP6P30,ZMYND10,PDCD1LG2,ZMYND10,TNFRSF25,ZMYND10,CXCR1,IFIH1,S100A8,CD305,ZMYND10,IL-10,FOS,TLR4,IKBKG,CD117,NOS3,S100A26,ZMYND10,ISG15,IL1RL2,CTLA4,CASP1,IL21,ITGAM,CXCR4,IL12B,IRF9,GTF3C1,TIM3,SREBF1,LASP1,IL17RC,SOCS3,IL2RG,CXCR2,FAS,ATF2,ZMYND10,IFNGR2,IL21R,JAK1,CD274,IL1RL2,PRTN3,LGP2,IFNG,ZMYND10,PDCD1,,STAT4,MYH16,PRDX4,ZMYND10,APOA4,MBL2,NFKBIA,ZMYND10,Jagged1,IFI44L,S100A8,ITGB2,ITGA2B,PYDC1,ZMYND10,TNFRSF21,CXCL9,CD70,KRIT1,PDPN
PLIN2,ALOX12,CYCS,SERPINB15,RBM5,ABCB5,JAK1,IFNGR2,BACH1,RELA,TLR7,IL6ST,,BAD,TLR-10,IL10RB,HLA-DRB24,NCF4,ITGA7,IFNGR2,IRF9,CD95,CXCR4,RPL3L,KLRF17,ABCB5,TNFSF4,CCL13,,SERPINF2,RNF139,ABCB5,LAG3,ABCB5,LTBR,ABCB5,CXCR2,DDX58,FCGR1A,CD314,ABCB5,MCP-1,JUN,IL6,CHUK,CD34,EDN1,S100A27,ABCB5,IFIT3,IL1RL2,PDCD1,GSDMD,IL21R,ITGB2,CXCR5,IL12RB1,TLR2,IL4R,GAL9,SREBF2,SNX11,IL21,IRF1,IL4R,CXCR3,FASLG,CREB1,ABCB5,JAK1,IL22RA1,JAK2,PDCD1,IL1RL2,CTSG,IFIH1,IFNB1,ABCB5,PDCD1LG2,,STAT5A,BAD,PRDX5,ABCB5,APOB,CRP,NFKBIB,ABCB5,Jagged2,IFIT1,S100A9,ICAM1,MYH9,PYCARD,ABCB5,TNFRSF25,CXCL11,CD137,RAD52,CD14
PLIN3,PTGS1,APAF1,SERPINB16,MTMR7,SLC25A13,JAK2,STAT1,MAFF,RELB,TLR8,TNFRSF1A,,FAS,CD64,IFNAR1,HLA-DRB25,CFL1,CDHR1,JAK1,MYD88,CD96,SELL,RPL4,KLRF18,SLC25A13,TNFSF8,CCL17,,APOH,RNU6-33P,SLC25A13,HAVCR2,SLC25A13,CD40,SLC25A13,CXCR4,TLR3,C8A,CD335,SLC25A13,TLR-1,ATF2,IL10,MAP3K7,CD64,PTGS2,S100A28,SLC25A13,ITGA7,IL1RL2,LAG3,PTGS2,IL22,SELL,CXCR6,IL12RB2,TLR3,FGF20,KLRG1,INSR,TMEM176A,IL21R,IRF7,IL5RA,CXCR4,CD40,ELK1,SLC25A13,JAK2,IL27,TYK2,CTLA4,IL1RL2,AZU1,DDX58,IFNA1,SLC25A13,LAG3,,STAT5B,LAP3,PRDX6,SLC25A13,APOA5,SAA1,NFKBIE,SLC25A13,DLL1,IFIT2,S100A12,VCAM1,ACTN1,NOD1,SLC25A13,TNFRSF4,CCR1,ICOS,MYH16,CD16
PLIN4,PTGS2,DIABLO,SERPINB17,SLC7A2,ST7,TYK2,STAT2,MAFG,MAPK1,TLR9,TNFRSF1B,,FASLG,IL-1β,IFNAR2,HLA-DRB26,FPR1,PGF,JAK2,TRAF6,CD97,SELE,RPL5,KLRF19,ST7,TNFSF9,CCL18,,PROC,CTD-2325P2.5,ST7,TIGIT,ST7,CD40LG,ST7,CCR1,TLR7,MX1,CD336,ST7,TLR-5,ELK1,HERV-W,MAPK1,CD31,PLAT,S100A29,ST7,CDHR1,IL1RL2,HAVCR2,NOS2,IL22RA1,SELE,IFNG,IL23A,TLR4,MYH7B,NKG2A,IGF1R,M6PR,IL22,MYD88,IL9R,CXCR5,CD40LG,ETS1,ST7,STAT1,IL32,SOCS1,FOXP3,IL1RL2,LTF,IRF3,JAK1,ST7,HAVCR2,,STAT6,HS3ST1,TXN,ST7,ANGPTL4,SAA2,MAP3K7,ST7,DLL4,IFIT3,IL1RN,SELE,TLR2,NOD2,ST7,TNFRSF6,CCR2,ICOSLG,BAD,CD19
PLIN5,PTGES,XIAP,SERPINB18,ARF5,CDC27,SOCS1,STAT3,MMP9,MAPK3,MYD88,TNFRSF10A,,TRAF2,S100A8,IFNGR1,HLA-DRB27,ALOX5AP,ERFE,TYK2,IKBKB,CD99,ICAM1,RPL6,KLRF20,CDC27,IFNAR1,CCL19,,PROS1,OR4A49P,CDC27,KLRD1,CDC27,CD27,CDC27,CCR2,TLR9,FCER1G,CD337,CDC27,TLR-8,CREB1,HERV-K,MAPK3,CD177,SERPINE1,S100A30,CDC27,PGF,IL1RL2,CD274,CYBB,IL22RA2,SELPLG,IFNGR1,IL23R,TLR7,RAPGEF3,NKG2C,LEPR,CYP26B1,IL22RA1,TRAF6,IFNAR1,CXCR6,CD80,SP1,CDC27,STAT2,IL33,SOCS3,GATA3,IL1RL2,DEFA1,IRF7,JAK2,CDC27,CTLA4,,JAK1,AOC1,TXN2,CDC27,ANGPT1,SAA3,MAPK14,CDC27,NLRP3,IFIT5,IL18,SELPLG,TLR3,RIPK2,CDC27,TNFRSF6B,CCR5,TNFRSF4,LAP3,CD20
ADIPOQ,PTGIR,NAIP,SERPINB19,SARM1,SLC4A1,SOCS3,STAT4,MMP8,MAPK8,TICAM1,TNFRSF10B,,TRAF6,S100A9,IFNGR2,HLA-DRB28,MMP9,MMP8,STAT1,NFKB1,CD100,VCAM1,RPL7,KLRF21,SLC4A1,IFNAR2,CCL20,,SERPINC1,RP11-574O16.2,SLC4A1,KLRK1,SLC4A1,CD70,SLC4A1,CCR5,MYD88,ITGB2,CD338,SLC4A1,CD31,STAT5A,Syn-1,MAPK8,CD66b,F3,S100A31,SLC4A1,ERFE,IL1RL2,CD276,CTSS,IL23A,PECAM1,IFNGR2,IL27,TLR8,KIF22,NKG2D,ADIPOR1,ICA1,IL22RA2,NFKB1,IFNAR2,IRF1,CD86,GATA3,SLC4A1,OAS1,IL36G,MYD88,RORC,IL1RL2,DEFA3,IRF9,STAT1,SLC4A1,FOXP3,,JAK2,WNT16,TXNIP,SLC4A1,ANGPT2,SAA4,MAPK8,SLC4A1,ASC,GBP1,CXCL10,PECAM1,TLR9,CARD9,SLC4A1,TNFRSF8,CCR7,TNFSF4,HS3ST1,CD4
LEP,PTGER2,NLRC4,SERPINB20,POLDIP2,CALCR,PIK3CA,STAT5A,TIMP1,MAPK14,TRAF3,TNFRSF10C,,MAP3K7,ANXA3,JAK1,HLA-DRB29,PECAM1,ADAMTS2,STAT2,RELA,CD101,CD40,RPL7A,KLRF22,CALCR,IFNGR1,CCL22,,TFPI,RBM8A,CALCR,GZMB,CALCR,CD30,CALCR,CCR7,TRAF6,CCR5,CD339,CALCR,CD177,STAT5B,ASCT-1,MAPK14,CD117,F2,S100A32,CALCR,KLRF1,IL1RL2,ICOS,CTSB,IL23R,PDPN,IFNA1,IL27RA,MYD88,CARMIL1,KIR2DL1,ADIPOR2,DBNDD1,IL23A,RELA,IFNGR1,IRF3,CD28,FOXP3,CALCR,OAS2,IL37,TRAF6,TBX21,IL1RL2,BPI,MYD88,STAT2,CALCR,GZMB,,JAK3,HECW1,GSR,CALCR,VEGFA,ORM1,MAPK1,CALCR,Caspase-1,GBP2,CCL2,PDPN,SIGLEC1,CARD8,CALCR,TNFRSF9,CXCR3,TNFRSF9,AOC1,CD8A
RETN,PTGER4,NLRP1,SERPINB21,PLXND1,DVL2,AKT1,STAT5B,TIMP2,FOS,TRAF6,TNFRSF10D,,MAPK8,ALPL,JAK2,HLA-DRB30,PDPN,CD177,STAT3,MAPK1,CD102,CD80,RPL8,KLRF23,DVL2,IFNGR2,CCL24,,THBD,PLD3,DVL2,PRF1,DVL2,CD30LG,DVL2,CCR9,IRAK4,JAK1,CD340,DVL2,S100A12,GATA3,ASCT-2,JUN,CD34,F5,S100A33,DVL2,KLRB1,IL1RL2,CD40LG,CTSD,IL27,VCAM1,IFNB1,IL21,TRAF6,CXCL2,KIR2DL2,TNFRSF1A,ALS2,IL23R,IKBKB,IFNGR2,IRF5,CTLA4,RORC,DVL2,OAS3,IL38,IKBKG,AHR,IL1RL2,HP,TRAF6,STAT3,DVL2,PRF1,,TYK2,MAD1L1,GSS,DVL2,VEGFB,ORM2,MAPK3,DVL2,GSDMD,GBP5,CCL3,VEGFA,CD36,CARD6,DVL2,TLR1,CXCR4,TNFSF9,WNT16,CD8B
TNFRSF1A,PTGFR,NLRP6,SERPINB22,AK2,PRSS22,MTOR,STAT6,ICAM1,JUN,NOD1,TNFRSF11A,,MAPK9,NCF4,STAT1,HLA-DRB31,TSPO,TRBV11-2,STAT4,MAPK3,CD103,CD86,RPL9,KLRF24,PRSS22,IFNLR1,CCL25,,VWF,VPS8,PRSS22,GNLY,PRSS22,CD137,PRSS22,TLR2,IKBKB,VCAM1,CD341,PRSS22,IL15,TBX21,Syn-2,FOS,CD64,F8,S100A34,PRSS22,TRBV11-2,IL1RL2,CD28,CTSL,IL27RA,ICAM1,IFNL1,IL21R,NFKB1,MEF2C,KIR2DL3,TNFRSF1B,CASP10,IL27,IKBKG,JAK1,IRF7,PDCD1,TBX21,PRSS22,MX1,IFNAR1,NFKB1,IL2RA,IL1RL2,ORM1,TRIF,IRF1,PRSS22,KLRK1,,IFNA1,LASP1,GCLC,PRSS22,FLT1,HP,MAP2K4,PRSS22,HMGB1,CXCL10,CCL4,VEGFR1,CD44,CARD4,PRSS22,TLR2,CXCR5,GZMB,HECW1,CD28
TNFRSF1B,PTGDR,NLRP9,SERPINB23,CD38,UPF1,MAPK1,JAK1,VCAM1,ATF2,NOD2,TNFRSF12A,,MAPK14,CFL1,STAT3,HLA-DRB32,S100A12,KLRF1,STAT5A,MAPK14,CD104,CD28,RPL10,KLRF25,UPF1,JAK1,CCL26,,GP1BA,RPL28P2,UPF1,NCR1,UPF1,CD137LG,UPF1,TLR5,NFKBIA,NLRP3,CD342,UPF1,IL15RA,RORC,MFSD2A,ATF2,CD31,F9,S100A35,UPF1,TLR4,IL1RL2,CD80,ELANE,IL31,CD14,IFNAR1,IL22,RELA,IL12RB2,KIR2DS1,IL6R,CFLAR,IL27RA,MAPK1,JAK2,IRF9,PDCD1LG2,STAT1,UPF1,MX2,IFNAR2,RELA,IL2RB,IL1RL2,ORM2,IKBKE,IRF3,UPF1,NKG7,,IFNB1,SNX11,GCLM,UPF1,KDR,HPX,MAP2K7,UPF1,S100A8,CXCL9,CCL5,VEGFR2,SELL,CARD3,UPF1,TLR3,CXCR6,PRF1,MAD1L1,CD40LG
IL1R1,TBXAS1,PYCARD,SERPINB24,FKBP4,SKAP2,MAPK3,JAK2,SELE,CREB1,NLRC4,TNFRSF13B,,RELA,FPR1,STAT4,HLA-DRB33,CD31,KLRB1,STAT5B,JUN,CD105,CTLA4,RPL10A,KLRF26,SKAP2,JAK2,CCL27,,GP1BB,RNU6-75P,SKAP2,FCGR2A,SKAP2,OX40,SKAP2,TLR7,RELA,S100A9,CD343,SKAP2,HERV-W,FOXP3,IFNγ,ELK1,CD177,F10,S100A36,SKAP2,HERV-W,IL1RL2,CD86,PRTN3,IL31RA,CD16,IFNAR2,IL22RA1,NFKBIA,C1QTNF3,KIR2DS2,IL6ST,TFPI,IL31,MAPK3,JAK3,STAT1,LAG3,STAT4,SKAP2,ISG15,IFNGR1,TNFAIP3,IL2RG,IL1RL2,CRP,TBK1,IRF7,SKAP2,GNLY,,IFNG,TMEM176A,GSTP1,SKAP2,NRP1,FGA,MAP2K1,SKAP2,S100A9,CXCL11,CXCL8,ANGPT1,CCR2,CARD2,SKAP2,TLR5,IFNG,FASLG,LASP1,CD69
IL1R2,TBXA2R,CARD8,SERPINB25,KDM1A,MCUB,MAPK8,TYK2,SELPLG,BCL2,AIM2,TNFRSF13C,,STAT1,ALOX5AP,STAT5A,HLA-DRB34,PDPN,ISG15,STAT6,FOS,CD106,PDCD1,RPL11,KLRF27,MCUB,JAK3,CXCL1,,GP9,MTND1P3,MCUB,FCGR3A,MCUB,OX40LG,MCUB,TLR8,JAK1,PTX3,CD344,MCUB,HERV-K,BCL6,IL-17,MYC,CD66b,F11,S100A37,MCUB,HERV-K,IL1RL2,CD83,MPO,IL32,CD32,STAT1,IL22RA2,NLRP3,ZNF324,KIR3DL1,JAK1,NDUFAF7,IL31RA,MAPK14,TYK2,STAT2,HAVCR2,STAT5A,MCUB,IFIH1,IFNGR2,TNFRSF1A,IL4,IL1RL2,SAA1,NFKB1,IRF9,MCUB,IFITM1,,IFNAR1,M6PR,GSTT1,MCUB,NRP2,FGB,MAP2K2,MCUB,S100A11,CCL5,CXCL9,ANGPT2,CCR5,CARD1,MCUB,TLR6,STAT1,FAS,SNX11,CD80
IL1RL1,CYSLTR1,CASP4,SERPINB26,RBM6,HOXA11,MAPK14,SOCS1,PECAM1,BAX,CASP1,TNFRSF14,,STAT3,MMP9,STAT5B,HLA-DRB35,S100A8,SIGLEC1,IRF1,STAT1,CD107a,PDL1,RPL12,KLRF28,HOXA11,TYK2,CXCL2,,GP5,RP11-150C16.2,HOXA11,ITGAM,HOXA11,HVEM,HOXA11,TLR9,JAK2,CASP3,CD345,HOXA11,Syn-1,PRDM1,IL-1β,EGR1,CD117,F12,S100A38,HOXA11,Syncytin-1,IL1RL2,CD69,LTF,IL33,CD64,STAT2,IL10RA,CASP1,ZNF264,KIR3DL2,JAK2,RBM5,IL33,MAP2K1,STAT1,STAT3,KLRK1,STAT5B,HOXA11,DDX58,STAT1,IL1R1,IL5,IL1RL2,SAA2,RELA,MYD88,HOXA11,IFITM2,,IFNAR2,CYP26B1,GSTO1,HOXA11,PDGFA,FGG,MAPKAPK2,HOXA11,S100A14,CCL3,CXCL11,TEK,CXCR4,CARD10,HOXA11,TLR7,STAT3,CASP3,TMEM176A,CD86
IL6R,CYSLTR2,CASP5,SERPINB27,CAMKK1,POLR2J,ERK1,SOCS3,PDPN,BCL2L1,CASP4,TNFRSF17,,JAK1,S100A8,STAT6,HLA-DRB36,S100A9,IFIT2,IRF3,STAT2,CD107b,PDL2,RPL13,KLRF29,POLR2J,STAT1,CXCL3,,ITGA2B,HSPE1P8,POLR2J,ITGB2,POLR2J,LIGHT,POLR2J,NOD1,TYK2,SYK,CD346,POLR2J,ASCT-1,AICDA,TRBV11-2,KLF6,CD34,PLG,S100A39,POLR2J,ASCT-1,IL1RL2,CD25,AZU1,IL33R,CD68,STAT3,IL10RB,GSDMD,EIF3I,KIR3DL3,STAT1,MTMR7,IL33R,MAP2K4,STAT2,STAT4,KLRD1,IL2RA,POLR2J,RIGI,STAT2,IL1R2,IL7,IL1RL2,FGA,STAT1,TRAF6,POLR2J,IFITM3,,IFNGR1,ICA1,GSTM1,POLR2J,PDGFB,AHSG,MAPKAPK3,POLR2J,S100A16,CCL4,CXCL12,FLT1,CCR7,CARD11,POLR2J,TLR8,JAK1,CASP8,M6PR,CD274
IL6ST,LTC4S,GSDMD,SERPINB28,RECQL,DHX33,ERK2,IRF1,CD34,MCL1,CASP5,TNFRSF18,,JAK2,S100A9,MAPK1,HLA-DRB37,ANXA3,IFI27,IRF4,IFNAR1,CD108,LAG3,RPL13A,KLRF30,DHX33,STAT2,CXCL5,,ITGB3,RN7SL645P,DHX33,SELL,DHX33,BAFF,DHX33,NOD2,SOCS1,STAT3,CD347,DHX33,ASCT-2,CD40LG,KLRF1,KLF10,CD64,PLAU,S100A40,DHX33,ASCT-2,IL1RL2,CD38,DEFA1,IFNA1,CD80,IRF1,IL2,IL1RN,KIF3C,KIR3DS1,STAT3,SLC7A2,IL36A,MAP3K7,STAT3,STAT5A,NCR1,IL2RB,DHX33,MAVS,STAT3,IL1RL1,IL12A,IL1RL2,FGB,STAT2,IKBKB,DHX33,OAS1,,IFNGR2,DBNDD1,GSTM2,DHX33,PDGFRA,APOA1,MAPKAPK5,DHX33,SAA1,CCR1,CXCL13,KDR,XCL1,CARD14,DHX33,TLR9,JAK2,CASP9,CYP26B1,PDCD1
IL10RA,LTA4H,IL18,SERPINB29,VPS50,MEOX1,JUN,IRF3,VWF,CASP3,GSDMD,TNFRSF19,,TYK2,ANXA3,MAPK3,HLA-DRB38,ALPL,IFI44L,IRF5,IFNAR2,CD109,HAVCR2,RPL14,KLRF31,MEOX1,STAT3,CXCL6,,CD36,BRD7P2,MEOX1,SELPLG,MEOX1,BAFFR,MEOX1,NLRC4,SOCS3,CXCL10,CD348,MEOX1,Syn-2,CD40,KLRB1,GATA3,CD31,PLAUR,S100A41,MEOX1,Syncytin-2,IL1RL2,CD44,DEFA4,IFNA2,CD86,IRF3,IL2RA,PTGS2,PILRA,GZMB,SOCS1,ARF5,IL36B,MAP4K4,STAT4,STAT5B,FCGR3A,IL2RG,MEOX1,TBK1,STAT4,IL6R,IL12B,IL1RL2,FGG,STAT3,RELA,MEOX1,OAS2,,OAS1,ALS2,GSTM3,MEOX1,PDGFRB,APOA2,DUSP1,MEOX1,SAA2,CCR2,CCR1,NOS3,XCL2,CARD15,MEOX1,TLR10,TYK2,BAX,ICA1,CTLA4
IL10RB,ALOX15,IL18R1,SERPINB30,HSPB6,THSD7A,FOS,IRF7,F8,CASP8,IL1RN,TNFRSF21,,SOCS1,ALPL,MAPK8,HLA-DRB39,NCF4,IFIT3,IRF7,IFNGR1,CD110,TIGIT,RPL15,KLRF32,THSD7A,STAT4,CXCL8,,CD47,AC008278.3,THSD7A,CD44,THSD7A,APRIL,THSD7A,NLRP3,PIK3CA,CXCL11,CD349,THSD7A,MFSD2A,CD80,ISG15,FOXP3,CD177,THBD,S100A42,THSD7A,MFSD2A,IL1RL2,CD62L,BPI,IFNA4,CD163,IRF7,IL2RB,NOS2,ZNF213,PRF1,SOCS3,SARM1,IL36G,TAB1,STAT5A,STAT6,FCGR2A,IL4R,THSD7A,IKBKE,STAT5A,IL6ST,IL13,IL1RL2,SERPINA1,STAT4,NFKBIA,THSD7A,OAS3,,OAS2,CASP10,GSTM4,THSD7A,FGF2,APOB,DUSP2,THSD7A,CRP,CCR5,CCR2,EDN1,GZMB,CARD16,THSD7A,NOD1,SOCS1,BAK1,DBNDD1,FOXP3
IFNAR1,ALOX15B,IL18BP,SERPINB31,ARHGAP33,LIG3,ATF2,IRF9,F9,CASP9,S100A8,TNFRSF25,,SOCS3,NCF4,MAPK14,HLA-DRB40,CFL1,ITGA7,IRF9,IFNGR2,CD111,ENTPD1,RPL17,KLRF33,LIG3,STAT5A,CXCL10,,CD63,RNA5SP76,LIG3,CD62L,LIG3,TACI,LIG3,AIM2,AKT1,CD14,CD350,LIG3,IL-6,CD86,SIGLEC1,RORC,CD66b,PROS1,S100A43,LIG3,IL6,IL1RL2,SELL,CEACAM8,IFNA5,CD206,IRF9,IL2RG,SOD2,MTIF2,GNLY,PIK3CA,POLDIP2,IL36RN,TAB2,STAT5B,JAK1,FCGR2B,IL7R,LIG3,IRF1,STAT5B,IL10RA,IL15,IL1RL2,SERPINA3,STAT5A,NFKBIB,LIG3,MX1,,OAS3,CFLAR,GSTM5,LIG3,FGFR1,APOC1,DUSP4,LIG3,Fibrinogen,CXCR3,CCR3,ETBR,PRF1,CARD17,LIG3,NOD2,SOCS3,BCL2,ALS2,GATA3
IFNAR2,ALOX12B,IL33,SERPINB32,NDUFAB1,RPAP3,ELK1,MYD88,F10,GATA3,S100A9,TNFRSF4,,IRF3,CFL1,MAP2K1,HLA-DRB41,FPR1,CDHR1,MYD88,OAS1,CD112,FOXP3,RPL18,KLRF34,RPAP3,STAT5B,CXCL11,,CD9,RP11-58C22.2,RPAP3,CD11A,RPAP3,BCMA,RPAP3,IFI16,MTOR,BCL2L1,CD351,RPAP3,IL-10,CD28,IFIT2,TBX21,CD117,PROC,S100A44,RPAP3,IL10,IL1RL2,SELP,FCGR3B,IFNA6,CD209,JAK1,IL4,CYBB,EIF2AK1,FAS,PIK3CB,PLXND1,IL37,TAB3,STAT6,JAK2,ITGAM,IL12RB1,RPAP3,IRF5,STAT6,IL10RB,IL17A,IL1RL2,SERPINF2,STAT5B,NFKBIE,RPAP3,MX2,,OASL,TFPI,GSTZ1,RPAP3,FGFR2,APOC2,DUSP5,RPAP3,D-dimer,CXCR4,CCR5,ACE2,KLRD1,CARD18,RPAP3,RIGI,IRF1,BCL2L1,CASP10,TBX21
IFNGR1,ALOX12E,ST2,SERPINB33,PDK4,ACSM3,CREB1,TRAF6,F2,TBX21,S100A12,TNFRSF6,,IRF7,FPR1,MAP2K4,HLA-DRB42,ALOX5AP,PGF,TRAF6,MX1,CD113,IL2RA,RPL18A,KLRF35,ACSM3,STAT6,CXCL12,,CD151,CYP39A1,ACSM3,CD11B,ACSM3,EDAR,ACSM3,STING1,FOXO3,FGG,CD352,ACSM3,TNF-α,CTLA4,IFI27,RUNX1,CD34,PROZ,S100A45,ACSM3,CCL4,IL1RL2,SELE,ITGAM,IFNA7,CD274,JAK2,IL4R,CYBA,SF3B2,FASLG,AKT1,AK2,IL38,TAK1,IRF1,TYK2,ITGB2,IL12RB2,ACSM3,IRF9,JAK1,IL17RA,IL17F,IL1RL2,PLG,STAT6,BCL2,ACSM3,RSAD2,,MX1,NDUFAF7,GPX2,ACSM3,FGFR3,APOC3,DUSP6,ACSM3,Procalcitonin,BCL2,CCR7,AGTR1,KLRF1,CARD19,ACSM3,MDA5,IRF3,MCL1,CFLAR,RORC
IFNGR2,ALOXE3,MYD88,SERPINB34,SLC22A16,REXO5,NFATC1,IKBKB,F3,RORC,CRP,TNFRSF8,,IRF9,ALOX5AP,MAP2K7,HLA-DRB43,MMP9,ERFE,IKBKB,ISG15,CD114,IL2RB,RPL19,KLRF36,REXO5,IRF1,CXCL13,,CD81,RP11-457P14.6,REXO5,CD18,REXO5,EDARADD,REXO5,TMEM173,GSK3B,FGA,CD353,REXO5,TLR-3,PDCD1,IFI44L,RUNX3,CD64,SERPINC1,S100A46,REXO5,NF-κB,IL1RL2,VCAM1,ITGB2,IFNA8,CD276,TYK2,IL5,NCF1,ZNF343,CASP3,AKT2,CD38,IL1A,IKK,IRF3,SOCS1,SELL,IL15RA,REXO5,CXCL10,JAK2,IL17RC,IL21,IL1RL2,PLAT,JAK1,BAX,REXO5,IFI44,,MX2,RBM5,GPX3,REXO5,FGFR4,APOE,DUSP7,REXO5,Ferritin,BAX,CXCR1,AGTR2,KLRC1,CARD20,REXO5,LGP2,IRF7,BID,TFPI,STAT1
JAK1,CYP4F3,TICAM1,SERPINB35,ZMYND10,CIAPIN1,NFATC2,NFKB1,F5,FOXP3,SERPINE1,TNFRSF9,,MYD88,MMP9,MAP3K7,HLA-DRB44,PECAM1,MMP8,NFKB1,RSAD2,CD115,IL2RG,RPL21,KLRF37,CIAPIN1,IRF2,CXCL16,,CD82,AC009784.3,CIAPIN1,CD29,CIAPIN1,XEDAR,CIAPIN1,CGAS,MAPK1,FGB,CD354,CIAPIN1,TLR-4,LAG3,IFIT3,GZMB,CD31,SERPINF2,S100A47,CIAPIN1,IRF-3,IL1RL2,ICAM1,SELL,IFNA10,CD40,SOCS1,IL5RA,NCF2,ZNF302,CASP8,MTOR,FKBP4,IL1F10,NFATC1,IRF5,SOCS3,SELE,IL18R1,CIAPIN1,CCL2,JAK3,IL18R1,IL22,IL1RL2,SERPINE1,JAK2,CASP8,CIAPIN1,IFI44L,,RSAD2,MTMR7,GPX4,CIAPIN1,EGF,APOF,DUSP8,CIAPIN1,Transferrin,CASP3,CXCR2,REN,NCAM1,CARD21,CIAPIN1,STING1,IRF9,BIM,NDUFAF7,STAT3
JAK2,CYP4F2,IRAK1,SERPINB36,ABCB5,SPPL2B,BCL2,RELA,F7,IL12A,F3,CD27,,TRIF,S100A8,MAP3K8,HLA-DRB45,PDPN,ADAMTS2,RELA,IFIH1,CD116,IL7R,RPL22,KLRF38,SPPL2B,IRF3,CXCL17,,CD53,PPIC,SPPL2B,CD49D,SPPL2B,NGFR,SPPL2B,DDX58,MAPK3,BCL2,CD355,SPPL2B,TLR-7,HAVCR2,ITGA7,PRF1,CD177,APOA1,S100A48,SPPL2B,TREM1,IL1RL2,ITGA4,SELE,IFNA13,CD40LG,SOCS3,IL13,NCF4,MLF2,CASP9,RPTOR,KDM1A,IL1F5,NFATC2,IRF7,TLR1,VCAM1,IL18RAP,SPPL2B,CCL3,TYK2,IL18RAP,IL23A,IL1RL2,THBD,JAK3,CASP9,SPPL2B,ISG15,,IFIH1,SLC7A2,GPX5,SPPL2B,EGFR,APOH,DUSP9,SPPL2B,Haptoglobin,CASP8,CXCR3,AGT,B2M,CARD22,SPPL2B,IRF3,MYD88,PUMA,RBM5,STAT4
STAT1,CYP4A11,IRAK4,SERPINB37,SLC25A13,FAM214B,BAX,NFKBIA,F12,IL12B,TFPI,CD30,,TICAM1,S100A9,MAP4K4,HLA-DRB46,TSPO,CD177,NFKBIA,DDX58,CD117,IL15,RPL22L1,KLRF39,FAM214B,IRF4,CCR1,,CD37,RP11-249L21.6,FAM214B,CD54,FAM214B,NGF,FAM214B,IFIH1,MAPK8,IFNB1,CD356,FAM214B,TLR-9,TIGIT,CDHR1,KLRK1,CD66b,APOA2,S100A49,FAM214B,IL-6,IL1RL2,ITGB1,VCAM1,IFNA14,CD80,MYD88,IL13RA1,PLCG1,ICAM1,BCL2,RICTOR,RBM6,IL1F6,NFATC3,IRF9,TLR2,ICAM1,IFNAR1,FAM214B,CCL5,MYD88,IL12RB1,IL27,IL1RL2,F2,TYK2,FAS,FAM214B,STAT1,,DDX58,ARF5,GPX6,FAM214B,ERBB2,APOM,DUSP10,FAM214B,Albumin,CASP9,CXCR4,PLAT,HLA-B,CARD23,FAM214B,IRF7,TRAF6,NOXA,MTMR7,STAT6
STAT2,CYP4A22,TRAF6,SERPINB38,ST7,COPZ2,CASP3,MAPK1,PLAT,IL23A,THBD,CD40,,IKBKB,ANXA3,MAPKAPK2,HLA-DRB47,S100A12,TRBV11-2,NFKBIB,TLR8,CD118,IL15RA,RPL23,KLRF40,COPZ2,IRF5,CCR2,,CD24,MTRF1,COPZ2,CD58,COPZ2,BDNF,COPZ2,IRF3,MAPK14,CEBPB,CD357,COPZ2,IL1B,KLRG1,PGF,NKG7,CD117,APOB,S100A50,COPZ2,IL-8,IL1RL2,ITGB2,ICAM1,IFNA16,CD86,TICAM1,IL13RA2,PLCG2,FLT3LG,BAX,EIF4EBP1,CAMKK1,IL1F7,NFATC4,MYD88,TLR3,PECAM1,IFNAR2,COPZ2,CCL7,TRAF6,IL12RB2,IFNA1,IL1RL2,F3,SOCS1,FASLG,COPZ2,STAT2,,IFI16,SARM1,GPX7,COPZ2,ERBB3,LPA,DUSP16,COPZ2,Ceruloplasmin,FAS,CXCR5,SERPINE1,HLA-C,CARD24,COPZ2,IRF9,IKBKB,CYCS,SLC7A2,JAK1
STAT3,CYP2J2,MAP3K7,SERPINB39,CDC27,PRKAR2B,CASP8,MAPK3,PLAU,IL17A,PROS1,CD95,,IKBKG,ALPL,MAPKAPK3,HLA-DRB48,CD31,KLRF1,NFKBIE,TLR5,CD119,KLRK1,RPL24,KLRF41,PRKAR2B,IRF6,CCR3,,CD14,SNAPC4,PRKAR2B,CD63,PRKAR2B,NTF3,PRKAR2B,IRF7,FOS,CD163,CD358,PRKAR2B,S100A8,KLRD1,ERFE,GNLY,CD34,APOC1,S100A51,PRKAR2B,FAK,IL1RL2,ITGB3,CD44,IFNA17,CD28,TIRAP,IL9,PRKCD,ZNF268,BAK1,EIF4E,RECQL,IL1F8,GATA3,TRAF6,TLR4,CDH5,IFNGR1,PRKAR2B,CCL8,IRAK1,IFNAR1,IFNB1,IL1RL2,F5,SOCS3,BID,PRKAR2B,IRF1,,AIM2,POLDIP2,GPX8,PRKAR2B,ERBB4,PLTP,FOS,PRKAR2B,α1-Antitrypsin,FASLG,CXCR6,F3,HLA-G,CARD25,PRKAR2B,MYD88,NFKB1,DIABLO,ARF5,JAK2
STAT4,EPO,MAPK1,SERPINB40,SLC4A1,CREBBP,CASP9,MAPK8,SERPINE1,IL17F,PROC,CD137,,CHUK,NCF4,MAPKAPK5,HLA-DRB49,PDPN,KLRB1,NFKBIZ,CLEC7A,CD120a,KLRC1,RPL26,KLRF42,CREBBP,IRF7,CCR4,,CD68,CTD-2620I22.3,CREBBP,CD64,CREBBP,NTF4,CREBBP,IRF9,JUN,THBD,CD359,CREBBP,S100A9,KIR2DL1,ADAMTS2,FCGR3A,CD64,APOC2,S100A52,CREBBP,IL-1,IL1RL2,PTGS2,CD47,IFNA21,CTLA4,TRAF6,IL9R,PRKCE,POU4F3,BID,RPS6KB1,VPS50,IL1F9,FOXP3,TICAM1,TLR5,VEGFA,IFNGR2,CREBBP,CCL13,IRAK4,IFNAR2,IFNL1,IL1RL2,F10,PIK3CA,BAD,CREBBP,IRF3,,CASP1,PLXND1,SOD1,CREBBP,HGF,CETP,JUN,CREBBP,α1-Acid,BID,IL2RA,F2,PDCD1,CARD26,CREBBP,TRAF6,RELA,AIFM1,SARM1,TYK2
STAT5A,EPOR,MAPK3,SERPINB41,CALCR,TSPOAP1,FAS,MAPK14,SERPINF2,IL21,F2,CD154,,NLRP3,CFL1,FOS,HLA-DRB50,S100A8,ISG15,MAP3K7,CLEC4E,CD120b,KLRC2,RPL26L1,KLRF43,TSPOAP1,IRF8,CCR5,,CD163,ZNF236,TSPOAP1,CD66B,TSPOAP1,GDNF,TSPOAP1,STAT1,ATF2,HLA-DQB1,CD360,TSPOAP1,ANXA3,KIR3DL1,CD31,FCGR2A,CD31,APOC3,S100A53,TSPOAP1,CD31,IL1RL2,PLA2G2A,CD69,IFNB1,PDCD1,IKBKB,IL3,PRKCH,IL5RA,BAD,RPS6KB2,HSPB6,IL2,RORC,NFKB1,TLR6,FLT1,TNFRSF1A,TSPOAP1,CCL19,IKBKB,IFNGR1,IFNAR1,IL1RL2,PROC,PIK3CB,BCL2L11,TSPOAP1,IRF7,,CASP4,AK2,SOD3,TSPOAP1,MET,SCARB1,ATF2,TSPOAP1,Complement,BAD,IL7R,F2R,CTLA4,CARD27,TSPOAP1,TRAF3,NFKBIA,ENDOG,POLDIP2,SOCS1
STAT5B,HIF1A,MAPK8,SERPINB42,DVL2,MPO,FASLG,MAP2K1,SERPINA1,IL22,F5,CD178,,NLRC4,FPR1,JUN,HLA-DRB51,S100A9,SIGLEC1,MAP2K4,CD14,CD121a,KLRC3,RPL27,KLRF44,MPO,IRF9,CCR6,,CD86,MIR5696,MPO,CD95,MPO,RET,MPO,STAT2,CREB1,F2,CD361,MPO,ALPL,KIR2DS1,CD177+,FCGR2B,CD177,APOE,S100A54,MPO,PDPN,IL1RL2,ALOX5,CD86,IFNE,LAG3,IKBKG,IL3RA,PRKCQ,NLRP1,BCL2L1,RPS6,ARHGAP33,IL3,TBX21,NFKB2,TLR7,KDR,TNFRSF1B,MPO,CCL21,NFKB1,IFNGR2,IFNAR2,IL1RL2,PROS1,PIK3CD,CYCS,MPO,IRF9,,CASP5,CD38,NFE2L2,MPO,TGFA,CD36,ELK1,MPO,Complement,BCL2L11,IL12RB1,F10,LAG3,CARD28,MPO,TRAF2,IKBKG,GZMA,PLXND1,SOCS3
STAT6,EPAS1,MAPK14,SERPINB43,PRSS22,PON1,BID,MAP2K4,SERPINA5,IL4,F9,CD252,,AIM2,ALOX5AP,ATF2,HLA-DRB52,ANXA3,IFIT2,MAP2K7,CD68,CD121b,KLRD1,RPL27A,KLRF45,PON1,MYD88,CCR7,,CD80,RP11-338K17.5,PON1,CD117,PON1,GFRA1,PON1,STAT3,ELK1,SOCS3,CD362,PON1,NCF4,KIR3DS1,S100A8/9,CD14,CD66b,LPA,S100A55,PON1,CD177,IL1RL2,ALOX12,CD274,IFNK,HAVCR2,RELA,CSF2,MAPK1,ANGPT2,MCL1,EIF2AK4,NDUFAB1,IL11,BCL6,RELA,TLR8,ANGPT1,TNFRSF4,PON1,CXCL9,RELA,CXCL10,IFIH1,IL1RL2,VWF,PIK3CG,DIABLO,PON1,JAK1,,GSDMD,FKBP4,KEAP1,PON1,TGFBR1,MSR1,EGR1,PON1,Complement,CYCS,IL12RB2,F11,HAVCR2,CARD29,PON1,TRAF5,CASP1,GZMH,AK2,PIK3CA
SOCS1,ARNT,JUN,SERPINB44,UPF1,GCFC2,BAD,MAP2K7,SERPINC1,IL5,F10,CD272,,CASP1,MMP9,CREB1,HLA-DRB53,ALPL,IFI27,MAPK8,ITGAM,CD122,NCR1,RPL28,KLRF46,GCFC2,TICAM1,CCR8,,CD40,FAM30C,GCFC2,CD34,GCFC2,GFRA2,GCFC2,JAK1,STAT5A,SOCS1,CD363,GCFC2,CFL1,NCR1,MMP9,CD16,CD117,LP(a),S100A56,GCFC2,S100A12,IL1RL2,ALOX15,PDCD1LG2,IFNL1,TIGIT,RELB,CSF2RA,MAPK3,MYH7,CYCS,EIF2S1,PDK4,IL16,PRDM1,RELB,TLR9,ANGPT2,TNFRSF8,GCFC2,CXCL11,NFKBIA,CXCL9,IRF1,IL1RL2,SELE,AKT1,XIAP,GCFC2,JAK2,,NLRC4,KDM1A,MAPK1,GCFC2,TGFBR2,OLR1,SP1,GCFC2,Complement,DIABLO,IL18R1,F12,IL2RA,CARD30,GCFC2,TRAF1,CASP3,GZMK,CD38,PIK3CD
SOCS2,EGLN1,FOS,SERPINB45,SKAP2,WDR54,BCL2L1,MAP3K7,PROS1,IL13,FGA,CD273,,GSDMD,S100A8,ELK1,HLA-DRB54,NCF4,IFI44L,MAPK9,ITGB2,CD123,FCGR3A,RPL29,KLRF47,WDR54,TIRAP,CCR9,,CD83,RP11-883G14.3,WDR54,CD66B,WDR54,GFRA3,WDR54,JAK2,STAT5B,IRF7,CD364,WDR54,FPR1,NCR3,FPR1,CD19,CD34,LDLR,S100A57,WDR54,TSPO,IL1RL2,CYBB,LGALS3,IFNL2,KLRG1,NFKB2,CSF2RB,MAPK8,RNF31,DIABLO,ATF4,SLC22A16,IL19,AICDA,MAPK1,MYD88,TEK,TNFRSF9,WDR54,CXCL12,IKBKG,CCL2,IRF3,IL1RL2,SELPLG,AKT2,BIRC3,WDR54,TYK2,,NLRP1,RBM6,MAPK3,WDR54,ACVRL1,ABCA1,STAT3,WDR54,Complement,AIFM1,IL18RAP,PROS1,TNFRSF18,CARD31,WDR54,TRADD,CASP8,GZMM,FKBP4,AKT1
SOCS3,EGLN2,ATF2,SERPINB46,MCUB,CROT,MCL1,MAPKAPK2,PROC,IL2,FGB,CD278,,PYDC1,S100A9,EGR1,HLA-DRB55,CFL1,IFIT3,MAPK14,SELPLG,CD124,FCGR2A,RPL30,KLRF48,CROT,TRAF6,CCR10,,CD209,NPM1P48,CROT,CD182,CROT,GFRA4,CROT,TYK2,IL2RA,SELL,CD365,CROT,ALOX5AP,FCER1G,ALOX5AP,CD20,CD64,PCSK9,S100A58,CROT,SPI1,IL1RL2,CYBA,LGALS9,IFNL3,NKG2A,CHUK,CSF1,MAPK9,TINF2,AIFM1,DDIT3,ZMYND10,IL20,CD40LG,MAPK3,TRAF6,NOS3,TNFRSF11A,CROT,CXCL13,MAP3K7,CCL3,IRF7,IL1RL2,ICAM1,AKT3,MCL1,CROT,SOCS1,,NLRP2,CAMKK1,MAPK8,CROT,ENG,ABCG1,STAT4,CROT,C1q,ENDOG,IL23R,PROC,TNFRSF4,CARD32,CROT,FADD,CASP9,KLRD1,KDM1A,AKT2
PIK3CA,EGLN3,ELK1,SERPINB47,HOXA11,ABCB4,CYCS,ELK1,PROZ,IL7,FGG,CD279,,IL18R1,ANXA3,SP1,HLA-DRB56,FPR1,ITGA7,MAPK1,SELP,CD125,FCGR2B,RPL31,KLRF49,ABCB4,TRAF3,CCR11,,CD1C,RP11-252H14.1,ABCB4,CD95,ABCB4,NTRK1,ABCB4,SOCS1,IL2RB,HLA-DRB1,CD366,ABCB4,MMP9,FCER2,ANXA3,CD27,CD31,ABCA1,S100A59,ABCB4,PECAM1,IL1RL2,NOX1,HMGB1,IFNAR1,NKG2C,MAP3K7,CSF1R,MAPK14,IL11,ENDOG,XBP1,ABCB5,IL24,CD28,MAPK8,NFKB1,EDN1,TNFRSF13B,ABCB4,CCR1,MAPK1,CCL4,IRF9,IL1RL2,VCAM1,MTOR,PYCARD,ABCB4,SOCS3,,NLRP6,RECQL,MAPK9,ABCB4,NOTCH1,NPC1,STAT5A,ABCB4,C1r,GZMB,IL27RA,SERPINC1,TNFRSF9,CARD33,ABCB4,CASP1,GZMB,KLRK1,RBM6,AKT3
PIK3CB,PHD1,CREB1,SERPINB48,POLR2J,KMT2E,DIABLO,FOS,THBD,IL15,PLG,CD357,,IL18BP,ALPL,NFATC1,HLA-DRB57,ALOX5AP,CDHR1,MAPK3,VCAM1,CD126,FCGR1A,RPL32,KLRF50,KMT2E,TRAF2,CXCR1,,CD1D,MIR3192,KMT2E,S100A12,KMT2E,NTRK2,KMT2E,SOCS3,IL2RG,SERPINA3,CD367,KMT2E,TSPO,FCGR1A,ALPL,CD28,CD177,ABCG1,S100A60,KMT2E,PDPN,IL1RL2,NOX2,S100A11,IFNAR2,NKG2D,MAP3K8,CSF3,PIK3CA,BRPF3,HIF1A,ERN1,SLC25A13,IL26,CTLA4,MAPK14,NFKB2,SELP,TNFRSF13C,KMT2E,CCR2,MAPK3,CCL5,MX1,IL1RL2,PECAM1,PTEN,GSDMD,KMT2E,TRAF3,,NLRP7,VPS50,MAPK14,KMT2E,JAG1,NPC2,STAT5B,KMT2E,C1s,PRF1,IL1R1,TFPI,GATA3,CARD34,KMT2E,CASP3,PRF1,NCR1,CAMKK1,MTOR
PIK3CD,PHD2,NFKBIA,SERPINB49,DHX33,RHBDD2,APAF1,JUN,TFPI,IL9,PLAT,CD358,,IL18RAP,NCF4,NFATC2,HLA-DRB58,MMP9,PGF,MAPK11,ICAM1,CD127,FCGR1B,RPL34,KLRF51,RHBDD2,TRAF5,CXCR2,,CD207,AC006486.10,RHBDD2,TSPO,RHBDD2,NTRK3,RHBDD2,MYD88,IL7R,HLA-DQA1,CD368,RHBDD2,SPI1,FCGR1B,NCF4,CD38,CD66b,CETP,S100A61,RHBDD2,CXCL8,IL1RL2,NOX4,S100A7,IFNGR1,KIR2DL1,MAPK1,CSF3R,PIK3CB,IL12RB1,VEGFA,EIF2AK3,ST7,IL28A,PDCD1,MAP2K1,RELA,PLAT,TNFRSF14,RHBDD2,CCR3,MAPK8,CCL7,OAS1,IL1RL2,PDPN,FOXO1,NLRC4,RHBDD2,TRAF6,,NLRP9,HSPB6,MAP2K1,RHBDD2,DLL4,LDLR,STAT6,RHBDD2,C2,KLRK1,IL1R2,THBD,TBX21,CARD35,RHBDD2,CASP8,FAS,NCR3,RECQL,MAPK1
PIK3CG,PHD3,NFKBIB,SERPINB50,MEOX1,SOX8,PYCARD,ATF2,TFPI2,IL25,SERPINF2,CD360,,IL1R1,CFL1,NFATC3,HLA-DRB59,PECAM1,ERFE,MAPK12,CD40,CD128,FCRL3,RPL35,KLRF52,SOX8,TRAF1,CXCR3,,CD274,SIGLEC10,SOX8,SPI1,SOX8,SORT1,SOX8,TRAF6,IL15RA,SERPINA1,CD369,SOX8,PECAM1,FCGR2B,CFL1,CD40,CD117,SCARB1,S100A62,SOX8,MMP8,IL1RL2,DUOX1,S100A8,IFNGR2,KIR2DL2,MAPK3,IFNA1,PIK3CD,MARCHF2,ANGPT1,HSPA5,CDC27,IL28B,CD274,MAP2K4,RELB,PLAU,TNFRSF17,SOX8,CCR5,MAPK14,CCL8,OAS2,IL1RL2,CD34,FOXO3,AIM2,SOX8,MYD88,,NLRP12,ARHGAP33,MAP2K2,SOX8,HEY1,VLDLR,SOCS1,SOX8,C5,NKG7,IL1RAP,PLG,RORC,CARD36,SOX8,CASP9,FASLG,FCGR3A,VPS50,MAPK3
AKT1,VHL,RELA,SERPINB51,THSD7A,IBTK,NOD1,CREB1,PLG,IL33,SERPINA1,CD361,,IL1R2,FPR1,NFATC4,HLA-DRB60,PDPN,MMP8,MAPK13,CD40LG,CD129,FCRL5,RPL35A,KLRF53,IBTK,TRAF4,CXCR4,,CD276,HIGD1AP4,IBTK,S100A8,IBTK,SORCS1,IBTK,IKBKB,CSF2RA,IFNA1,CD370,IBTK,PDPN,FCGR3B,TSPO,CD40LG,CD34,SREBF1,S100A63,IBTK,ADAMTS2,IL1RL2,DUOX2,S100A9,JAK1,KIR2DL3,MAPK8,IFNA2,PIK3CG,IGF2-AS,ANGPT2,DNAJC3,SLC4A1,IL29,CD80,MAP2K7,MAPK1,SERPINE1,TNFRSF18,IBTK,CCR7,FOS,CCL13,OAS3,IL1RL2,CD40,FOXO4,CASP1,IBTK,TICAM1,,PYCARD,NDUFAB1,MAP2K3,IBTK,HEY2,LRP1,SOCS3,IBTK,C6,GNLY,IL1RL1,PLAU,RUNX3,CARD37,IBTK,CASP10,BCL2,FCGR3B,HSPB6,MAPK8
AKT2,HMOX1,REL,SERPINB52,LIG3,ZNF195,NOD2,NFATC1,CPB2,CSF2,APOA1,CD362,,IL1RAP,ALOX5AP,GATA3,HLA-DRB61,TSPO,ADAMTS2,MAPK15,CD80,CD130,SLAMF7,RPL36A,KLRF54,ZNF195,TRAF7,CXCR5,,CD70,CFAP221,ZNF195,S100A9,ZNF195,SORCS2,ZNF195,NFKB1,CSF2RB,F5,CD371,ZNF195,FCER1A,CD19,S100A12,CD69,CD64,SREBF2,S100A64,ZNF195,IFIT2,IL1RL2,SOD1,S100A12,JAK2,KIR2DS1,MAPK14,IFNA4,AKT1,SF3A1,TEK,HERPUD1,CALCR,IL32,CD86,MAP3K7,MAPK3,F3,TNFRSF19,ZNF195,CXCR3,JUN,CCL20,RSAD2,IL1RL2,CD40LG,FOXO6,CASP4,ZNF195,TIRAP,,MEFV,PDK4,MAP2K4,ZNF195,HES1,LRP2,PIK3CA,ZNF195,C7,FCGR3A,IL1RL2,PLAUR,CCL17,CARD38,ZNF195,CASP12,BAX,FCGR2A,ARHGAP33,MAPK14
AKT3,HMOX2,NFKB2,SERPINB53,RPAP3,MYCBP2,RIPK2,NFATC2,C1QA,CSF3,APOA2,CD363,,IL6R,MMP9,FOXP3,HLA-DRB62,S100A12,CD177,MAPKAPK2,CD86,CD131,CD38,RPL36AL,KLRF55,MYCBP2,MAP3K7,CXCR6,,CD27,CYCSP38,MYCBP2,S100A12,MYCBP2,SORCS3,MYCBP2,RELA,CSF1R,FCGR3A,CD372,MYCBP2,ADAMTS2,CD20,SPI1,CD80,CD31,HMGCR,S100A65,MYCBP2,SIGLEC1,IL1RL2,SOD2,S100A13,JAK3,KIR2DS2,MAP2K1,IFNA5,AKT2,RNF215,FLT1,MBTPS1,DVL2,IL34,CD19,MAP4K4,MAPK8,F2,TNFRSF21,MYCBP2,CXCR4,ATF2,CCR1,ISG15,IL1RL2,CD80,GATA3,CASP5,MYCBP2,IRAK1,,PSTPIP1,SLC22A16,MAP2K6,MYCBP2,HES5,LRP6,PIK3CB,MYCBP2,C8,FCGR2A,IL36RN,ITGA2B,CCL22,CARD39,MYCBP2,BCL2,BAK1,FCGR2B,NDUFAB1,NFATC1
MTOR,NFE2L2,IKBKB,SERPINB54,ACSM3,FBXL3,CARD9,NFATC3,C1QB,IFNAR1,APOB,CD364,,IL6ST,S100A8,RORC,HLA-DRB63,CD31,TRBV11-2,MAPKAPK3,CD28,CD132,CD19,RPL37,KLRF56,FBXL3,MAP3K8,CXCR7,,CD30,MOB4,FBXL3,MPO,FBXL3,SORL1,FBXL3,NFKBIA,FLT3,HLA-DRA,CD373,FBXL3,LMOD1,CD21,PECAM1,CD86,CD177,MVK,S100A66,FBXL3,IFI27,IL1RL2,CAT,S100A14,TYK2,KIR3DL1,MAP2K3,IFNA6,AKT3,PPIL2,KDR,MBTPS2,PRSS22,IL35,CD20,MAPKAPK2,MAPK14,F2R,TNFRSF25,FBXL3,CXCR5,CREB1,CCR2,USP18,IL1RL2,CD86,TBX21,IL1A,FBXL3,IRAK4,,SAA1,ZMYND10,MAP2K7,FBXL3,GATA2,SORL1,PIK3CD,FBXL3,C9,KIR2DL1,TNFRSF1A,ITGB3,CCR4,CARD40,FBXL3,BAX,BID,FCGR1A,PDK4,NFATC2
PTEN,KEAP1,IKBKG,SERPINB55,REXO5,ITGAL,MAVS,NFATC4,C1QC,IFNAR2,APOC3,CD365,,IL10RA,S100A9,TBX21,HLA-DRB64,PDPN,KLRF1,MAPKAPK5,CTLA4,CD133,CD20,RPL37A,KLRF57,ITGAL,MAP3K14,CXCR8,,CD30L,RNA5SP474,ITGAL,ELANE,ITGAL,LIF,ITGAL,NFKBIB,KIT,CFI,CD374,ITGAL,KCNA5,CD22,PDPN,CD95,CD66b,MVD,S100A67,ITGAL,IFI44L,IL1RL2,GPX1,S100A16,STAT2,KIR3DL2,MAP2K4,IFNA7,MTOR,EIF3L,NOS3,SLC2A1,UPF1,IL39,CD21,MAPKAPK3,PIK3CA,F2RL1,TNFRSF6B,ITGAL,IL1A,ELK1,CCR5,BST2,IL1RL2,CD28,RORC,IL18R1,ITGAL,IKBKB,,SAA2,ABCB5,MAP3K1,ITGAL,FOXC2,PCSK9,PIK3CG,ITGAL,MASP1,KIR3DL1,TNFRSF1B,GP1BA,CCR6,CARD41,ITGAL,BAK1,BCL2L1,CD16,SLC22A16,NFKB1
FOXO1,GCLC,CHUK,SERPINB56,CIAPIN1,PDK2,STING1,GATA3,C2,IFNGR1,APOE,CD366,,IL10RB,ANXA3,IKZF1,HLA-DRB65,S100A8,KLRB1,MAPKAPK6,PDCD1,CD134,CD27,RPL38,KLRF58,PDK2,MAP2K1,CD14,,CD40LG,CTD-2555A7.2,PDK2,CTSG,PDK2,LIFR,PDK2,NFKBIE,PDGFRA,IRF9,CD375,PDK2,OLAH,CD27,TLR4,CD95L,CD117,FDPS,S100A68,PDK2,ISG15,IL1RL2,GPX3,ANXA1,STAT3,KIR3DL3,MAP2K6,IFNA8,RPTOR,TCF20,SELE,SLC2A4,SKAP2,IFNA1,CD22,MAPKAPK5,PIK3CB,THBD,TNFSF10,PDK2,IL18,ETS1,CCR7,TRIM25,IL1RL2,CTLA4,FOXP3,IL18BP,PDK2,NFKB1,,CRP,SLC25A13,MAP3K2,PDK2,PROX1,ANGPTL3,AKT1,PDK2,MASP2,KIR2DS1,TNFRSF4,GP1BB,IL21,CARD42,PDK2,BID,MCL1,CD32,ZMYND10,NFKB2
FOXO3,GCLM,IKBKE,SERPINB57,SPPL2B,ITGA3,TMEM173,TBX21,C3,IFNGR2,LPA,CD367,,IL17RA,ALPL,IKZF3,HLA-DRB66,S100A9,ISG15,MAPKAPK7,PDCD1LG2,CD135,CD70,RPL39,KLRF59,ITGA3,MAP2K2,CD16,,CD70,H3C10,ITGA3,PRTN3,ITGA3,OSM,ITGA3,IKBKE,PDGFRB,HLA-DPB1,CD376,ITGA3,OTOF,CD38,IL6,CD137,CD34,FDFT1,S100A69,ITGA3,IFIT3,IL1RL2,PRDX1,ANXA2,STAT4,KIR3DS1,MAPKAPK2,IFNA10,RICTOR,LMF2,VCAM1,HK1,MCUB,IFNA2,CD23,AKT1,PIK3CD,PROS1,TNFSF11,ITGA3,IL33,GATA3,CXCR3,DDX58,IL1RL2,CD274,IL2,TNFRSF1A,ITGA3,RELA,,SERPINA1,ST7,MAP3K3,ITGA3,SOX18,ANGPTL4,AKT2,ITGA3,Properdin,KIR3DS1,TNFRSF8,GP9,IL23A,CARD43,ITGA3,BAD,CYCS,CD64,ABCB5,RELA
FOXO4,GSR,TBK1,SERPINB58,FAM214B,ITGA2B,IFIH1,RORC,C4A,JAK3,LDLR,CD368,,IL17RC,NCF4,IKZF4,HLA-DRB67,ANXA3,SIGLEC1,MAPKAPK8,LAG3,CD136,CD30,RPL39L,KLRF60,ITGA2B,MAP2K3,CD19,,CD27,Metazoa_SRP,ITGA2B,AZU1,ITGA2B,OSMR,ITGA2B,TBK1,VEGFA,HLA-DPA1,CD377,ITGA2B,TIFAB,CD138,IL10,CD154,CD64,SQLE,S100A70,ITGA2B,ITGA7,IL1RL2,PRDX2,ANXA5,STAT5A,FCGR1A,MAPKAPK3,IFNA13,FOXO1,MYH9,ICAM1,HK2,HOXA11,IFNA4,CD24,AKT2,PIK3CG,PROC,TNFSF12,ITGA2B,CASP1,TBX21,CXCR4,IFI44,IL1RL2,PDCD1,IL2RA,TNFRSF1B,ITGA2B,NFKBIA,,SERPINA3,CDC27,MAP3K4,ITGA2B,NR2F2,ANGPTL8,AKT3,ITGA2B,Mannose-binding,HLA-A,TNFRSF9,VWF,IL12B,CARD44,ITGA2B,BCL2L1,DIABLO,CD89,SLC25A13,RELB
FOXO6,GSS,STING1,SERPINB59,COPZ2,ASB4,DDX58,FOXP3,C4B,TYK2,SCARB1,CD369,,IL23R,CFL1,BCL6,HLA-DRB68,ALPL,IFIT2,MAPKAPK9,HAVCR2,CD137L,CD40LG,RPL40,KLRF61,ASB4,MAP2K4,CD20,,CD28,MARK4,ASB4,LTF,ASB4,IL6,ASB4,MAP3K7,VEGFB,TNF,CD378,ASB4,B3GALT2,CD5,HERV-W,CD163,CD31,LSS,S100A71,ASB4,CDHR1,IL1RL2,PRDX3,ANXA6,STAT5B,FCGR2A,DUSP1,IFNA14,FOXO3,EIF3D,PECAM1,PFKM,POLR2J,IFNA5,CD27,AKT3,AKT1,SERPINC1,TNFSF13,ASB4,NLRP3,RORC,CXCR6,IFI44L,IL1RL2,LAG3,IL2RB,TRADD,ASB4,NFKBIB,,FGA,SLC4A1,MAP3K5,ASB4,COX4I1,FABP4,MTOR,ASB4,Ficolin-1,HLA-B,TNFRSF11A,ADAMTS13,IL27,CARD45,ASB4,BCL2L11,AIFM1,CD11B,ST7,IRAK1
GSK3A,GGT1,TMEM173,SERPINB60,PRKAR2B,GDE1,TLR3,CTLA4,C5,STAT1,CD36,CD370,,TNFRSF1A,FPR1,PRDM1,HLA-DRB69,NCF4,IFI27,MAPKAPK10,TIGIT,CD138,CD137,RPL41,KLRF62,GDE1,MAP2K5,CD21,,CTLA4,RP11-521D12.5,GDE1,DEFA1,GDE1,IL6R,GDE1,MAPK1,VEGFC,PECAM1,CD379,GDE1,ITGA7,CD23,HERV-K,CD206,CD177,DHCR7,S100A72,GDE1,PGF,IL1RL2,PRDX4,ANXA7,IRF1,FCGR2B,DUSP2,IFNA16,FOXO4,CSF2RB,VWF,PFKP,DHX33,IFNA6,CD38,PIK3CA,AKT2,PLG,TNFSF13B,GDE1,PYCARD,FOXP3,CD14,IFIT1,IL1RL2,HAVCR2,IL2RG,FADD,GDE1,MAP3K7,,FGB,CALCR,MAP3K6,GDE1,COX5A,FABP5,PTEN,GDE1,Ficolin-2,HLA-C,TNFRSF12A,FGA,IL15,CARD46,GDE1,BCL2A1,ENDOG,CD18,CDC27,IRAK4
GSK3B,GGT5,CGAS,SERPINB61,CREBBP,REX1BD,TLR7,PDCD1,C6,STAT2,ABCA1,CD371,,TNFRSF1B,ALOX5AP,AICDA,HLA-DRB70,CFL1,IFI44L,MAPKAPK11,KLRD1,CD139,CD154,RPL42,KLRF63,REX1BD,MAP2K6,CD23,,ICOS,snoZ196,REX1BD,DEFA3,REX1BD,IL6ST,REX1BD,MAPK3,KDR,CCL5,CD380,REX1BD,IFI27,CD11b,Syn-1,CD209,CD66b,DHCR24,S100A73,REX1BD,ERFE,IL1RL2,PRDX5,ANXA11,IRF2,FCGR3A,DUSP4,IFNA17,FOXP3,IL2RB,F8,ALDOA,MEOX1,IFNA7,CD40,PIK3CB,AKT3,CFH,TNFSF14,REX1BD,GSDMD,BCL6,CD16,IFIT2,IL1RL2,ENTPD1,IL4,RIPK1,REX1BD,MAP2K4,,FGG,DVL2,MAP3K7,REX1BD,COX6A1,FABP7,FOXO1,REX1BD,Ficolin-3,HLA-DRB1,TNFRSF13B,FGB,IL7R,CARD47,REX1BD,MCL1,DFFA,CD29,SLC4A1,MYD88
MAPK1,GGT7,IFI16,SERPINB62,TSPOAP1,CRLF1,TLR8,CD274,C7,STAT4,ABCG1,CD372,,TNFRSF10A,MMP9,CD19,HLA-DRB71,FPR1,IFIT3,MAPKAPK12,KLRK1,CD140a,CD244,RPL43,KLRF64,CRLF1,MAP2K7,CD25,,ICOSLG,RP11-416I2.1,CRLF1,BPI,CRLF1,IL11,CRLF1,MAPK8,FLT1,CCL4,CD381,CRLF1,VEGFA,CD11c,ASCT-1,CD274,CD117,CYP51A1,S100A74,CRLF1,KLRF1,IL1RL2,PRDX6,ANXA13,IRF3,FCGR3B,DUSP5,IFNA21,CTLA4,RANGAP1,F9,ALDOC,THSD7A,IFNA8,CD44,PIK3CD,MTOR,C3,TNFSF15,CRLF1,HMGB1,AIRE,CD19,IFIT3,IL1RL2,ADORA2A,IL4R,RIPK3,CRLF1,MAP2K7,,F2,PRSS22,MAP3K8,CRLF1,COX7A2,FABP9,FOXO3,CRLF1,Pentraxins,HLA-DQB1,TNFRSF13C,FGG,STAT3,CARD48,CRLF1,BIRC2,DFFB,CD49D,CALCR,TRAF6
MAPK3,GGTLC1,DDX41,SERPINB63,MPO,OSBPL7,TLR9,CD80,C8A,STAT5A,CETP,CD373,,TNFRSF10B,S100A8,CD20,HLA-DRB72,ALOX5AP,ITGA7,MAPKAPK13,KLRC1,CD140b,CD48,RPL44,KLRF65,OSBPL7,MAPK1,CD27,,PDCD1,BNIP3P20,OSBPL7,CEACAM8,OSBPL7,IL11RA,OSBPL7,MAPK14,NRP1,CCL3,CD382,OSBPL7,VEGFB,CD18,ASCT-2,CD276,CD34,MSMO1,S100A75,OSBPL7,KLRB1,IL1RL2,TXN,ALDOA,IRF4,FCRL1,DUSP6,IFNB1,CD28,ARFGAP1,F10,GPI,LIG3,IFNA10,CD45,PIK3CG,PTEN,C5,TNFSF18,OSBPL7,S100A8,CTLA4,CD20,IFIT5,IL1RL2,IL2RA,IL6,MLKL,OSBPL7,MAPK8,,F3,UPF1,MAP3K9,OSBPL7,COX8A,FABP12,FOXO4,OSBPL7,PTX3,HLA-DQA1,TNFRSF14,CRP,STAT5A,CARD49,OSBPL7,BIRC3,GATA3,CD49E,DVL2,TRAF3
MAPK8,GGTLC2,TREX1,SERPINB64,PON1,TMEM98,CGAS,CD86,C8B,STAT5B,LCAT,CD374,,TNFRSF10C,S100A9,CD22,HLA-DRB73,MMP9,CDHR1,MAPKAPK14,KLRC2,CD141,CD58,RPL45,KLRF66,TMEM98,MAPK3,CD28,,PDCD1LG2,RP11-680C21.1,TMEM98,CEACAM6,TMEM98,IL27,TMEM98,MAP2K1,NRP2,DPM1,CD383,TMEM98,NTproBNP,CD29,Syn-2,CD8A,CD64,HSD17B7,S100A76,TMEM98,TRBV11-2,IL1RL2,TXNRD1,ALDOB,IRF5,FCRL2,DUSP7,IFNE,CD80,RNF24,F11,TPI1,RPAP3,IFNA13,CD69,PTEN,FOXO1,C5AR1,TNFSF4,TMEM98,S100A9,PDCD1,CD21,GBP1,IL1RL2,IL2RB,IL6R,ZBP1,TMEM98,MAPK9,,F5,SKAP2,MAP3K10,TMEM98,MT-CO1,PPARG,FOXO6,TMEM98,SAP,HLA-DPB1,TNFRSF17,SAA1,STAT5B,CARD50,TMEM98,BIRC5,TBX21,CD51,PRSS22,IKBKB
MAPK9,GGTLC3,SAMHD1,SERPINB65,GCFC2,YBX2,MB21D1,CD28,C8G,SOCS1,LIPC,CD375,,TNFRSF10D,ANXA3,CD27,HLA-DRB74,PECAM1,PGF,MAPKAPK15,KLRC3,CD142,CD84,RPL46,KLRF67,YBX2,MAPK8,CD30,,LAG3,RP11-56B16.6,YBX2,CEACAM1,YBX2,IL27RA,YBX2,MAP2K3,ANGPT1,SCYL3,CD384,YBX2,Troponin,CD49d,MFSD2A,CD8B,CD31,EBP,S100A77,YBX2,TLR4,IL1RL2,TXNRD2,ALDOC,IRF6,FCRL3,DUSP8,IFNG,CD86,RASSF2,F12,GAPDH,ACSM3,IFNA14,CD70,MTOR,FOXO3,C9,TNFSF8,YBX2,S100A11,CD274,CD23,GBP2,IL1RL2,IL2RG,IL6ST,TICAM1,YBX2,MAPK14,,F7,MCUB,MAP3K11,YBX2,MT-CO2,PPARA,GSK3B,YBX2,ApoA1,HLA-DPA1,TNFRSF18,SAA2,SOCS1,CARD51,YBX2,BIRC6,RORC,CD61,UPF1,IKBKG
MAPK14,GGTLC4,RNASEH2B,SERPINB66,WDR54,KRT33A,C3,ICOS,C9,SOCS2,LPL,CD376,,TNFRSF11A,ALPL,CD38,HLA-DRB75,PDPN,ERFE,MAPKAPK16,NCR1,CD143,CD226,RPL47,KLRF68,KRT33A,MAPK9,CD31,,HAVCR2,MTND1P16,KRT33A,FPR1,KRT33A,IL31,KRT33A,MAP2K6,ANGPT2,C1orf112,CD385,KRT33A,G-CSF,CD54,IFNγ,CD4,CD177,NSDHL,S100A78,KRT33A,HERV-W,IL1RL2,GSR,ENO1,IRF7,FCRL4,DUSP10,IFNK,CD40LG,ANGPT4,F13A1,PGK1,REXO5,IFNA16,CD80,FOXO1,FOXP3,CFD,TNFSF9,KRT33A,S100A14,CD276,CD25,GBP5,IL1RL2,IL4R,IL10,TIRAP,KRT33A,FOS,,F8,HOXA11,MAP3K12,KRT33A,MT-CO3,PPARD,CTNNB1,KRT33A,ApoB,CD4,TNFRSF19,ORM1,SOCS3,CARD52,KRT33A,XIAP,FOXP3,CD62L,SKAP2,CHUK
ERK1,GGTLC5,RNASEH2C,SERPINB67,CROT,MAP3K14,C5,LAG3,CFB,IRF1,ANGPTL3,CD377,,TNFRSF12A,NCF4,CD40LG,HLA-DRB76,TSPO,MMP8,MAPKAPK17,NCR3,CD144,CD276,RPL48,KLRF69,MAP3K14,MAPK10,CD32,,TNFRSF4,RP11-144G7.2,MAP3K14,FPR2,MAP3K14,IL31RA,MAP3K14,MAPKAPK2,TEK,FGR,CD386,MAP3K14,CD117,CD62L,IL-17,CD3D,CD66b,SC5D,S100A79,MAP3K14,HERV-K,IL1RL2,GSS,ENO2,IRF8,FCRL5,DUSP16,IFNL1,CD27,KIF3B,F13B,PGAM1,CIAPIN1,IFNA17,CD83,FOXO3,GATA3,CRP,IL1A,MAP3K14,S100A16,HAVCR2,CD27,STAT2,IL1RL2,IL6R,IL10RA,TRAM1,MAP3K14,JUN,,F9,POLR2J,MAP3K13,MAP3K14,CYCS,RXRA,APC,MAP3K14,ApoC3,CD8A,TNFRSF21,ORM2,PIK3CD,CARD53,MAP3K14,DIABLO,IL2,CD62P,MCUB,NFKBIA
ERK2,GGTLC6,RNASEH2A,SERPINB68,ABCB4,ABCC8,CFD,HAVCR2,CFD,IRF5,ANGPTL4,CD378,,TNFRSF13B,CFL1,CD69,HLA-DRB77,S100A12,ADAMTS2,MAPKAPK18,FCGR3A,CD145,CD300A,RPL49,KLRF70,ABCC8,MAPK11,CD33,,TNFRSF18,RP3-417L20.4,ABCC8,CXCR1,ABCC8,IL12A,ABCC8,MAPKAPK3,EPO,FUCA2,CD387,ABCC8,CD34,CD62P,IL-1β,CD3E,CD117,FDFT1,S100A80,ABCC8,Syncytin-1,IL1RL2,GCLC,ENO3,IRF9,FCRL6,PTGS2,IFNL2,CD70,TNFSF13B,F2,ENO1,SPPL2B,IFNA21,CD86,FOXO4,RORC,SAA1,IL1F10,ABCC8,ANXA1,LAG3,CD28,JAK3,IL1RL2,IL6ST,IL10RB,TLR3,ABCC8,ATF2,,F10,DHX33,MAP3K14,ABCC8,CYB5A,RXRB,AXIN1,ABCC8,ApoE,CD8B,TNFRSF25,HP,AKT1,CARD54,ABCC8,CYCS,IL4,CD62E,HOXA11,NFKBIB
JNK1,GGTLC7,ADAR,SERPINB69,KMT2E,CACNG3,CFH,TIGIT,CFH,IRF9,PCSK9,CD379,,TNFRSF13C,FPR1,CD70,HLA-DRB78,CD31,CD177,MAPKAPK19,FCGR2A,CD146,CD300C,RPL50,KLRF71,CACNG3,MAPK12,CD34,,TNFRSF9,DHX40,CACNG3,CXCR2,CACNG3,IL12B,CACNG3,CREB1,EPOR,GCLC,CD388,CACNG3,CD66b,CD69,TRBV11-2,CD3G,CD34,SQLE,S100A81,CACNG3,ASCT-1,IL1RL2,GCLM,GAPDH,MYD88,SLAMF1,PLA2G4A,IFNL3,CD137,FLT1,F3,ENO2,FAM214B,IFNB1,CD95,FOXP3,TBX21,SAA2,IL1F5,CACNG3,ANXA2,TIGIT,CD32,TYK2,IL1RL2,IL7R,IL12A,TLR7,CACNG3,CREB1,,F11,MEOX1,MAP4K1,CACNG3,CYB5R3,RXRG,AXIN2,CACNG3,Lipoprotein(a),CD28,TNFRSF6B,HPX,MTOR,CARD55,CACNG3,APAF1,IL5,CD31,POLR2J,NFKBIE
JNK2,GGTLC8,ZBP1,SERPINB70,RHBDD2,TMEM132A,C1QA,CD3E,CFI,OAS1,IL17A,CD380,,TNFRSF14,ALOX5AP,CD80,HLA-DRB79,PDPN,TRBV11-2,MAPKAPK20,FCGR2B,CD147,CD300E,RPL51,KLRF72,TMEM132A,MAPK13,CD35,,TNFRSF25,RP11-1147P1.1,TMEM132A,CXCR4,TMEM132A,IL12RB1,TMEM132A,ATF2,FGF2,NFYA,CD389,TMEM132A,CD64,CD71,KLRF1,CD2,CD64,LSS,S100A82,TMEM132A,ASCT-2,IL1RL2,NFE2L2,LDHA,TRAF6,SLAMF6,ALOX5,IFNAR1,CD137L,NUTF2,F5,PKM,COPZ2,IFNE,CD137,GATA3,BCL6,ORM1,IL1F6,TMEM132A,ANXA3,VTCN1,CD40,TLR1,IL1RL2,IL10RA,IL12B,TLR8,TMEM132A,ELK1,,F12,THSD7A,MAP4K2,TMEM132A,CYBA,NR1H3,DKK1,TMEM132A,LDL,CD40LG,TNFRSF9,ALB,RPTOR,CARD56,TMEM132A,PYCARD,IL9,CD34,DHX33,BCL10
JNK3,GGTLC9,PARP1,SERPINB71,SOX8,AP2B1,C1QB,CD4,CR1,OAS2,IL17F,CD381,,TNFRSF17,MMP9,CD86,HLA-DRB80,S100A8,KLRF1,MAPKAPK21,FCGR1A,CD148,CD300LF,RPL52,KLRF73,AP2B1,MAPK14,CD36,,TNFRSF1A,RNA5SP57,AP2B1,CCR1,AP2B1,IL12RB2,AP2B1,FOS,FGFR1,STPG1,CD390,AP2B1,CX3CR1,CD81,KLRB1,CD5,CD31,DHCR7,S100A83,AP2B1,Syncytin-2,IL1RL2,KEAP1,LDHB,TRAF3,SLAMF7,ALOX12,IFNAR2,ICOS,CCL22,F7,LDHA,PRKAR2B,IFNK,CD154,RORC,PRDM1,HP,IL1F7,AP2B1,ANXA5,CD40LG,CD44,TLR2,IL1RL2,IL10RB,IL12RB1,TLR9,AP2B1,ETS1,,F13A1,LIG3,MAP4K3,AP2B1,CYBB,NR1H2,DKK2,AP2B1,Scavenger,CD69,TNFRSF10A,TF,RHEB,CARD57,AP2B1,NLRP1,IL13,CD36,MEOX1,CARD11
p38,GGTLC10,PARP9,SERPINB72,IBTK,TAC1,C1QC,CD8A,CR2,OAS3,IL21,CD382,,TNFRSF18,S100A8,CD95,HLA-DRB81,S100A9,KLRB1,MAPKAPK22,FCGR1B,CD149,CD302,RPL53,KLRF74,TAC1,NFKB1,CD38,,TNFRSF1B,RP11-524C21.1,TAC1,CCR2,TAC1,IL23A,TAC1,JUN,FGFR2,NIPAL3,CD391,TAC1,IL-1Ra,CD95,ISG15,CD7,CD177,DHCR24,S100A84,TAC1,MFSD2A,IL1RL2,HMOX1,PKM,TRAF2,CD2,ALOX15,IFNGR1,ICOSLG,CCL17,FGA,LDHB,CREBBP,IFNL1,CD178,TBX21,IKZF1,FGA,IL1F8,TAC1,ANXA6,CD80,CD45,TLR3,IL1RL2,IL12RB1,IL12RB2,IFIH1,TAC1,SP1,,F13B,RPAP3,MAP4K4,TAC1,CYBC1,NR1I2,DKK3,TAC1,Scavenger,CD80,TNFRSF10B,CP,FOXO1,CARD58,TAC1,NLRP2,IL17A,CD44,THSD7A,MALT1
NFATC1,GGTLC11,PARP14,SERPINB73,ZNF195,ZNF263,C2,CD19,CRP,MX1,IL22,CD383,,TNFRSF19,S100A9,CD137,HLA-DRB82,ANXA3,ISG15,MAPKAPK23,CD16,CD150,CD320,RPL54,KLRF75,ZNF263,NFKB2,CD40,,TNFRSF10A,RNU6-1339P,ZNF263,CCR5,ZNF263,IL23R,ZNF263,JUNB,FGFR3,ENPP4,CD392,ZNF263,S100A,CD95L,SIGLEC1,CD28,CD66b,CYP51A1,S100A85,ZNF263,IL6,IL1RL2,HMOX2,TPI1,TRAF1,CD3D,PTGES,IFNGR2,PDCD1,TANGO6,FGB,PDK1,TSPOAP1,IFNL2,CD226,BCL6,IKZF3,FGB,IL1F9,ZNF263,ANXA7,CD86,CD56,TLR5,IL1RL2,IL12RB2,IL17A,DDX58,ZNF263,CEBPB,,PLG,ACSM3,MAP4K5,ZNF263,NDUFA1,NR1I3,DKK4,ZNF263,CD36,CD86,TNFRSF10C,APOA1,FOXO3,CARD59,ZNF263,NLRP4,IL17F,CD47,LIG3,BIRC2
NFATC2,GGTLC12,SIRT1,SERPINB74,MYCBP2,CX3CL1,C4A,CD20,SAA1,MX2,RORC,CD384,,TNFRSF21,ANXA3,CD154,HLA-DRB83,ALPL,SIGLEC1,MAPKAPK24,CD32,CD151,CD352,RPL55,KLRF76,CX3CL1,RELA,CD41,,TNFRSF10B,ZFPM2-AS1,CX3CL1,CCR7,CX3CL1,IL17A,CX3CL1,JUND,FGFR4,SEMA3F,CD393,CX3CL1,IL-1β,CD107a,IFIT2,CD45,CD117,MSMO1,S100A86,CX3CL1,IL10,IL1RL2,NQO1,GPI,TRAF5,CD3E,PTGER1,STAT1,PDCD1LG2,EEF2K,FGG,PDHA1,MPO,IFNL3,CD244,PRDM1,IKZF4,FGG,IL2,CX3CL1,ANXA11,CD28,CD69,TLR7,IL1RL2,IL15RA,IL17F,DHX58,CX3CL1,CEBPD,,PLAT,REXO5,MAP4K6,CX3CL1,NDUFA2,NR1C1,WNT1,CX3CL1,LOX-1,CTLA4,TNFRSF10D,APOB,BCL2,CARD60,CX3CL1,NLRP5,IL21,CD54,RPAP3,BIRC3
NFATC3,GGTLC13,SIRT2,SERPINB75,FBXL3,SPATA20,C4B,CD27,SAA2,RSAD2,STAT5A,CD385,,TNFRSF25,ALPL,CD278,HLA-DRB84,NCF4,IFIT2,MAPKAPK25,CD64,CD152,CD360,RPL56,KLRF77,SPATA20,RELB,CD43,,TNFRSF10C,SPATA33,SPATA20,IL1R1,SPATA20,IL17F,SPATA20,FOSB,HGF,CFTR,CD394,SPATA20,IL-6,CD107b,IFI27,CD45RA,CD34,HSD17B7,S100A87,SPATA20,CCL4,IL1RL2,G6PD,PGK1,TRAF4,CD3G,PTGER2,STAT2,LAG3,IL21R,PLG,PDHB,PON1,IFNL4,CD247,IKZF1,CTLA4,FN1,IL3,SPATA20,PLA2G2A,ICOS,CD80,TLR8,IL1RL2,IL18R1,IL17RA,MAVS,SPATA20,CEBPE,,SERPINF2,CIAPIN1,MAPK11,SPATA20,NDUFA3,NR1C2,WNT2,SPATA20,ABCA1,PDCD1,TNFRSF11B,APOE,BCL6,CARD61,SPATA20,NLRP6,IL22,CD58,ACSM3,CASP1
NFATC4,GGTLC14,SIRT3,SERPINB76,ITGAL,CACNA1G,CFI,CD38,HP,IFIH1,STAT5B,CD386,,FADD,NCF4,CD279,HLA-DRB85,CFL1,IFI27,MAPKAPK26,CD55,CD153,CD366,RPL57,KLRF78,CACNA1G,REL,CD44,,TNFRSF10D,TBC1D10C,CACNA1G,IL1R2,CACNA1G,IL17RA,CACNA1G,FOSL1,MET,ANKIB1,CD395,CACNA1G,TNF-α,CD122,IFI44L,CD45RO,CD64,EBP,S100A88,CACNA1G,NF-κB,IL1RL2,PGD,PGAM1,TRAF7,CD4,PTGER3,STAT3,HAVCR2,EIF3J,PLAT,DLAT,GCFC2,IFNAR1,CD274,IKZF3,PDCD1,ALB,IL4,CACNA1G,PLA2G4A,ICOSLG,CD86,TLR9,IL1RL2,IL18RAP,IL17RC,TBK1,CACNA1G,BCL2,,SERPINE1,SPPL2B,MAPK12,CACNA1G,NDUFA4,NR1C3,WNT3,CACNA1G,ABCG1,PDCD1LG2,TNFRSF19L,APOC3,MCL1,CARD62,CACNA1G,NLRP7,IL23A,CD59,REXO5,CASP3
NFKB1,GGTLC15,SIRT6,SERPINB77,PDK2,TNFRSF12A,CFP,CD40,ORM1,DDX58,FOXP3,CD387,,RIPK1,CFL1,CD282,HLA-DRB86,FPR1,IFI44L,MAPKAPK27,CD59,CD154,CD371,RPL58,KLRF79,TNFRSF12A,CHUK,CD45,,TNFRSF11A,MEF2C,TNFRSF12A,IL1RL1,TNFRSF12A,IL17RC,TNFRSF12A,FOSL2,EGF,CYP51A1,CD396,TNFRSF12A,IL-10,CD127,IFIT3,CD56,CD31,NSDHL,S100A89,TNFRSF12A,IRF-3,IL1RL2,TKT,PGAM2,IKBKB,CD8A,PTGER4,STAT4,TIGIT,MYEF2,SERPINE1,DLD,WDR54,IFNAR2,CD278,IKZF4,LAG3,TF,IL5,TNFRSF12A,PTGS2,CD27,CD95,MYD88,IL1RL2,IL1R1,IL18,IKBKE,TNFRSF12A,BAX,,PROC,FAM214B,MAPK13,TNFRSF12A,NDUFA5,NR3C1,WNT4,TNFRSF12A,SR-BI,LAG3,TNFRSF21,LPA,BAX,CARD63,TNFRSF12A,NLRP8,IL12A,CD63,CIAPIN1,CASP8
NFKB2,GGTLC16,FOXO1,SERPINB78,ITGA3,DLX6,CD46,CD40LG,ORM2,TLR1,CTLA4,CD388,,RIPK3,FPR1,CD283,HLA-DRB87,ALOX5AP,IFIT3,MAPKAPK28,CD46,CD155,CD372,RPL59,KLRF80,DLX6,IKBKB,CD46,,TNFRSF11B,KIAA0586,DLX6,IL1RAP,DLX6,IL17RE,DLX6,EGR1,EGFR,KRIT1,CD397,DLX6,MCP-1,CD132,ITGA7,CD57,CD177,SC5D,S100A90,DLX6,TREM1,IL1RL2,TALDO1,PDHA1,IKBKG,CD8B,PTGIR,STAT5A,BTLA,BRF2,SERPINF2,OGDH,CROT,IFNGR1,CD279,IKZF5,HAVCR2,APOA1,IL9,DLX6,ALOX5,CD70,CD137,TRAF6,IL1RL2,IL1R2,IL18R1,NOD1,DLX6,CASP1,,PROS1,COPZ2,MAPK15,DLX6,NDUFA6,NR3C2,WNT5A,DLX6,PCSK9,HAVCR2,TNFRSF4,LDLR,BAD,CARD64,DLX6,NLRP9,IL12B,CD69,SPPL2B,CASP9
RELA,GGTLC17,FOXO4,SERPINB79,ITGA2B,MAP3K9,CD55,CD69,FGA,TLR5,GATA3,CD389,,MLKL,ALOX5AP,CD284,HLA-DRB88,MMP9,ITGA7,MAPKAPK29,C3,CD156,CD373,RPL60,KLRF81,MAP3K9,IKBKG,CD47,,TNFRSF12A,RNU1-91P,MAP3K9,IL18R1,MAP3K9,IL17C,MAP3K9,EGR2,TGFA,RAD52,CD398,MAP3K9,TLR-1,CD137,CDHR1,CD62L,CD66b,ALOX5,S100A91,MAP3K9,IL-6,IL1RL2,PRPS1,PDHB,IKBKE,CD19,TBXA2R,STAT5B,FAS,PLAT,THBD,OGDHL,ABCB4,IFNGR2,CD300A,RUNX1,CD274,APOB,IL11,MAP3K9,ALOX12,CD137,CD154,IRAK1,IL1RL2,IL1RL1,IL18RAP,NOD2,MAP3K9,CASP3,,VWF,PRKAR2B,MAPK16,MAP3K9,NDUFA7,NR4A1,WNT5B,MAP3K9,LPL,TIGIT,TNFRSF6,PCSK9,BID,CARD65,MAP3K9,NLRP10,IL23R,CD81,FAM214B,GZMB
RELB,GGTLC18,FOXO6,SERPINB80,ASB4,RALA,CD59,CD70,FGB,TLR6,TBX21,CD390,,CYLD,MMP9,CD285,HLA-DRB89,PECAM1,CDHR1,MAPKAPK30,C5,CD157,CD374,RPL61,KLRF82,RALA,IKBKE,CD48,,TNFRSF13B,MSLNL,RALA,IL18RAP,RALA,IL17B,RALA,EGR3,TGFB1,MYH16,CD399,RALA,TLR-5,CD154,PGF,CD62P,CD117,ALOX12,S100A92,RALA,IL-8,IL1RL2,PRPS2,PDHX,IKBKA,CD20,LTB4R,STAT6,FASLG,EIF3E,PROS1,SUCLG1,KMT2E,JAK1,CD300C,RUNX3,CD276,APOE,IL13,RALA,ALOX15,CD137L,CD163,IRAK4,IL1RL2,IL1RL2,IL1A,CARD9,RALA,CASP8,,GP1BA,CREBBP,MAPK17,RALA,NDUFA8,NR4A2,WNT7A,RALA,CETP,FOXP3,TNFRSF8,ABCA1,PMAIP1,CARD66,RALA,NLRP11,IL27,CD82,COPZ2,PRF1
CREB1,GGTLC19,AKT2,SERPINB81,GDE1,BAIAP2L1,FCGR1A,CD95,FGG,TLR10,PRF1,CD391,,NEMO,S100A8,CD286,HLA-DRB90,PDPN,PGF,MAPKAPK31,C5AR1,CD158a,CD375,RPL62,KLRF83,BAIAP2L1,IKBKA,CD49,,TNFRSF13C,RP11-495O10.1,BAIAP2L1,IL33R,BAIAP2L1,IL17D,BAIAP2L1,EGR4,TGFBR1,BAD,CD400,BAIAP2L1,TLR-8,CD244,ERFE,CD11A,CD34,ALOX15,S100A93,BAIAP2L1,FAK,IL1RL2,RPE,DLAT,CHUK,CD21,CYSLTR1,JAK1,TNFRSF1A,IL7,PROC,SUCLA2,RHBDD2,JAK2,CD300E,EOMES,VTCN1,S100A8,IL16,BAIAP2L1,CYBB,OX40,CD206,NFKB1,IL1RL2,IL1RAP,IL1B,CARD11,BAIAP2L1,CASP9,,GP1BB,TSPOAP1,MAPK18,BAIAP2L1,NDUFA9,NR4A3,WNT7B,BAIAP2L1,PLTP,IL2RA,TNFRSF9,ABCG1,CCNA2,CARD67,BAIAP2L1,NLRP12,IL27RA,CD86,PRKAR2B,FASLG
CREBBP,GGTLC20,AKT3,SERPINB82,REX1BD,KDM7A,FCGR2A,CD95L,ALB,NOD1,GZMB,CD392,,TAB1,S100A9,CD287,HLA-DRB91,TSPO,ERFE,MAPKAPK32,C3AR1,CD158b,CD376,RPL63,KLRF84,KDM7A,NFKBIA,CD50,,TNFRSF14,CTD-2196E14.5,KDM7A,IL36R,KDM7A,IL22,KDM7A,CEBPB,TGFBR2,LAP3,CD401,KDM7A,CD31,CD247,ADAMTS2,CD11B,CD64,PTGS1,S100A94,KDM7A,IL-1,IL1RL2,RPIA,DLD,NFKBIA,CD22,CYSLTR2,JAK2,TNFRSF1B,TNFRSF10A,PROZ,SUCLG2,SOX8,JAK3,CD300LF,BLIMP1,CD80,S100A9,IL17B,KDM7A,CYBA,OX40L,CD209,NFKB2,IL1RL2,IL1RAPL1,IL1R1,CARD14,KDM7A,GATA3,,GP9,PON1,MAPK19,KDM7A,NDUFA10,NR5A1,WNT10A,KDM7A,HL,IL2RB,TNFSF10,SREBF1,CCNB1,CARD68,KDM7A,NLRP13,TGFB1,CD96,CREBBP,FAS
EP300,GGTLC21,PIK3CB,SERPINB83,CRLF1,ETV1,FCGR3A,CD137,TF,NOD2,KLRK1,CD393,,TAB2,ANXA3,CD288,HLA-DRB92,S100A12,MMP8,MAPKAPK33,CFH,CD158c,CD377,RPL64,KLRF85,ETV1,NFKBIB,CD51,,TNFRSF17,RP1-127D3.4,ETV1,IL36RN,ETV1,IL22RA1,ETV1,CEBPD,BMP2,HS3ST1,CD402,ETV1,CD177,CD274,CD31,CD18,CD31,PTGS2,S100A95,ETV1,CD31,IL1RL2,GPI,CS,NFKBIB,CD23,FPR2,JAK3,TNFRSF4,SF3A2,TFPI,SDHA,IBTK,TYK2,CD302,BACH2,CD86,S100A12,IL17C,ETV1,NCF1,GZMB,CD274,RELA,IL1RL2,IL17RA,IL1R2,BCL10,ETV1,TBX21,,ITGA2B,GCFC2,MAPK20,ETV1,NDUFA11,NR5A2,WNT10B,ETV1,EL,IL2RG,TNFSF11,SREBF2,CCND1,CARD69,ETV1,NLRP14,TGFB2,CD97,TSPOAP1,TNFRSF1A
SP1,GGTLC22,PIK3CD,SERPINB84,OSBPL7,AGK,FCGR3B,CD137L,HPX,RIPK2,NCR1,CD394,,TAB3,ALPL,CD289,HLA-DRB93,CD31,ADAMTS2,MAPKAPK34,CFI,CD158d,CD378,RPL65,KLRF86,AGK,NFKBID,CD52,,TNFRSF19,MIR1249,AGK,IL36G,AGK,IL22RA2,AGK,CEBPE,BMPR1A,AOC1,CD403,AGK,S100A12,CD276,CD177+,CD29,CD177,PTGES,S100A96,AGK,PDPN,IL1RL2,PFKFB3,ACO2,NFKBIE,CD24,FPR3,TYK2,TNFRSF8,IL4I1,TFPI2,SDHB,ZNF195,STAT1,CD320,BCL2,CD40,MMP1,IL17D,AGK,NCF2,PRF1,CD278,RELB,IL1RL2,IL17RB,IL1RAP,MALT1,AGK,RORC,,ITGB3,WDR54,MAPK21,AGK,NDUFA12,NR6A1,WNT11,AGK,ANGPTL3,IL7R,TNFSF12,HMGCR,CCNE1,CARD70,AGK,AIM2,TGFB3,CD99,MPO,TNFRSF1B
SP3,GGTLC23,PIK3CG,SERPINB85,TMEM98,ALDH3B1,FCER1G,CD154,APOA1,CARD9,FCGR3A,CD395,,TAK1,NCF4,CD290,HLA-DRB94,PDPN,CD177,MAPKAPK35,CFB,CD158e,CD379,RPL66,KLRF87,ALDH3B1,NFKBIE,CD53,,TNFRSF21,RP5-865N13.1,ALDH3B1,IL36A,ALDH3B1,IL20,ALDH3B1,SPIB,BMPR2,WNT16,CD404,ALDH3B1,IL15,CD278,S100A8/9,CD49D,CD66b,PTGDS,S100A97,ALDH3B1,CD177,IL1RL2,PFKFB4,IDH3A,NFKBIZ,CD25,TLR1,SOCS1,TNFRSF9,LILRB1,CPB2,SDHC,MYCBP2,STAT2,CD352,BAX,CD40LG,MMP2,IL17E,ALDH3B1,NCF4,FASLG,CD279,MAPK1,IL1RL2,IL17RC,IL1RL1,MAP3K7,ALDH3B1,AHR,,CD36,CROT,MAPK22,ALDH3B1,NDUFA13,NR0B1,WNT16,ALDH3B1,ANGPTL4,IL12RB1,TNFSF13,LDLRAP1,CDK1,CARD71,ALDH3B1,IFI16,TGFBR1,CD100,PON1,TRADD
FOS,GGTLC24,MTORC1,SERPINB86,YBX2,TTC22,FCRL3,CD178,APOA2,MAVS,FCGR3B,CD396,,IKKA,CFL1,CD291,HLA-DRB95,S100A8,TRBV11-2,MAPKAPK36,CD35,CD158f,CD380,RPL67,KLRF88,TTC22,NFKBIZ,CD54,,TNFRSF6B,TRBJ2-4,TTC22,IL36B,TTC22,IL20RA,TTC22,SPIC,ACVRL1,HECW1,CD405,TTC22,IL15RA,CD279,MMP9,CD49E,CD117,PTGIS,S100A98,TTC22,S100A12,IL1RL2,PKM,IDH3B,RELA,CD27,TLR2,SOCS2,TNFRSF18,LILRA1,F2R,SDHD,FBXL3,STAT3,CD355,CASP1,CD28,MMP3,IL17F,TTC22,RAC1,FAS,CD282,MAPK3,IL1RL2,IL17RD,IL1RL2,MAP3K8,TTC22,IL12A,,CD47,ABCB4,MAPK23,TTC22,NDUFB1,NR0B2,FZD1,TTC22,ANGPTL8,IL12RB2,TNFSF13B,SCARB1,CDK2,CARD72,TTC22,IL36A,TGFBR2,CD101,GCFC2,FADD
JUN,GGTLC25,MTORC2,SERPINB87,KRT33A,PHTF2,KIR2DL1,CD226,APOB,STING1,CD16,CD397,,IKKB,FPR1,CD292,HLA-DRB96,S100A9,KLRF1,MAPKAPK37,CD21,CD158g,CD381,RPL68,KLRF89,PHTF2,NFKBIL1,CD55,,TNFSF4,TSPAN5,PHTF2,IL37,PHTF2,IL20RB,PHTF2,ELF1,ENG,MAD1L1,CD406,PHTF2,HERV-W,CD282,FPR1,CD54,CD34,TBXAS1,S100A99,PHTF2,TSPO,IL1RL2,LDHA,IDH3G,RELB,CD28,TLR3,SOCS3,TRAF1,IL27RA,F2RL1,FH,ITGAL,STAT4,CD360,CASP3,ICOS,MMP9,IL19,PHTF2,RAC2,CASP8,CD284,MAPK8,IL1RL2,IL17RE,TNF,MAPK1,PHTF2,IL12B,,CD40LG,KMT2E,MAPK24,PHTF2,NDUFB2,NFKB1,FZD2,PHTF2,GPIHBP1,IL18R1,TNFSF14,CD36,CDK4,CARD73,PHTF2,IL36B,SMAD2,CD102,WDR54,BID
JUNB,GGTLC26,RPTOR,SERPINB88,MAP3K14,CCL26,KIR2DL2,CD244,APOC1,TMEM173,CD32,CD398,,IKKE,ALOX5AP,CD293,HLA-DRB97,ANXA3,KLRB1,MAPKAPK38,CD19,CD158h,CD382,RPL69,KLRF90,CCL26,TLR1,CD56,,TNFSF8,LARGE-AS1,CCL26,IL38,CCL26,IL19,CCL26,ELF4,NOTCH1,LASP1,CD407,CCL26,HERV-K,CD283,ALOX5AP,CD58,CD64,CYP2C8,S100A100,CCL26,SPI1,IL1RL2,LDHB,OGDH,NFKB2,CD30,TLR4,SOCS4,TRAF2,TNNT1,F2RL2,MDH1,PDK2,STAT5A,CD361,CASP8,ICOSLG,MMP12,IL20,CCL26,RAC3,CASP9,CD286,MAPK14,IL1RL2,IL22RA1,TNFRSF1A,MAPK3,CCL26,IL23A,,CD63,RHBDD2,MAPK25,CCL26,NDUFB3,NFKB2,FZD3,CCL26,FABP4,IL18RAP,TNFSF15,MSR1,CDK6,CARD74,CCL26,IL36G,SMAD3,CD103,CROT,BAX
JUND,GGTLC27,RPS6KB1,SERPINB89,ABCC8,FARP2,KIR2DL3,CD247,APOC2,CGAS,CD64,CD399,,TBK1,MMP9,CD294,HLA-DRB98,ALPL,ISG15,MAPKAPK39,CD20,CD158i,CD383,RPL70,KLRF91,FARP2,TLR2,CD57,,TNFSF9,PKIA,FARP2,IL17A,FARP2,IL24,FARP2,ETS1,NOTCH2,SNX11,CD408,FARP2,Syn-1,CD284,ANXA3,CD69,CD31,CYP2C9,S100A101,FARP2,PECAM1,IL1RL2,PDK1,DLST,NFKB3,CD31,TLR5,SOCS5,TRAF3,ILVBL,F2RL3,MDH2,ITGA3,STAT5B,CD362,CASP9,CD27,TIMP1,IL21,FARP2,RHOG,CASP10,CD303,PIK3CA,IL1RL2,IL22RA2,TNFRSF1B,MAPK8,FARP2,IL27,,CD81,SOX8,MAPK26,FARP2,NDUFB4,RELA,FZD4,FARP2,FABP5,IL10RA,TNFSF18,OLR1,E2F1,CARD75,FARP2,IL36RN,SMAD4,CD104,ABCB4,BAK1
ATF2,GGTLC28,EIF4EBP1,SERPINB90,CACNG3,USH1C,KIR2DL4,CD276,APOC3,MB21D1,CD89,CD400,,IRAK1,S100A8,CD295,HLA-DRB99,NCF4,SIGLEC1,MAPKAPK40,CD22,CD158j,CD384,RPL71,KLRF92,USH1C,TLR3,CD58,,TNFSF10,PTPRB,USH1C,IL17F,USH1C,IL26,USH1C,ETV3,DLL1,TMEM176A,CD409,USH1C,ASCT-1,CD286,ALPL,CD70,CD177,CYP2J2,S100A102,USH1C,PDPN,IL1RL2,PDK2,DLD,NFKB4,CD32,TLR6,SOCS6,TRAF5,CASP14,F2RL4,IDH1,ITGA2B,STAT6,CD366,GZMB,CD70,TIMP2,IL22,USH1C,RHOF,BAX,CD304,PIK3CB,IL1RL2,IL23R,LTA,MAPK9,USH1C,IL15,,CD82,IBTK,MAPK27,USH1C,NDUFB5,RELB,FZD5,USH1C,CD14,IL10RB,TNFSF4,LOX1,RB1,CARD76,USH1C,IL37,SMAD7,CD105,KMT2E,BCL2
ATF3,GGTLC29,ULK1,SERPINB91,TMEM132A,GGCT,KIR3DL1,CD300A,APOE,IFI16,FCER1A,CD401,,IRAK2,S100A9,CD296,HLA-DRB100,CFL1,IFIT2,MAPKAPK41,CD79A,CD158k,CD385,RPL72,KLRF93,GGCT,TLR4,CD59,,TNFSF11,RP11-204M4.4,GGCT,IL17RA,GGCT,IL28A,GGCT,ETV5,JAG1,M6PR,CD410,GGCT,ASCT-2,CD303,NCF4,CD71,CD66b,CYP4A11,S100A103,GGCT,CXCL8,IL1RL2,PDK3,SDHA,NFKB5,CD33,TLR7,SOCS7,TRAF6,MYH14,GP1BA,IDH2,ASB4,SOCS1,CD367,PRF1,CD137,SERPINA1,IL24,GGCT,RHOB,BAK1,CD335,PIK3CD,IL1RL2,IL27RA,LTB,MAPK14,GGCT,IL15RA,,CD151,ZNF195,MAPK28,GGCT,NDUFB6,REL,FZD6,GGCT,CD16,IL17RA,TNFSF6,CX3CR1,TP53,CARD77,GGCT,IL38,FOXO1,CD106,RHBDD2,BCL2L1
ATF4,GGTLC30,ATG13,SERPINB92,AP2B1,DBF4,KIR3DL2,CD300C,APOH,AIM2,FCER1G,CD402,,IRAK3,ANXA3,CD297,HLA-DRB101,FPR1,IFI27,MAPKAPK42,CD79B,CD158l,CD386,RPL73,KLRF94,DBF4,TLR5,CD61,,TNFSF12,AC004054.1,DBF4,IL17RC,DBF4,IL28B,DBF4,GATA1,JAG2,CYP26B1,CD411,DBF4,Syn-2,CD304,CFL1,CD80,CD117,CYP4F2,S100A104,DBF4,MMP8,IL1RL2,PDK4,SDHB,NFKB6,CD34,TLR8,PIK3CA,BCL2,ICAM4,GP1BB,IDH3A,GDE1,SOCS2,CD368,KLRK1,CD137L,SERPINA3,IL26,DBF4,RHOC,BCL2,CD336,AKT1,IL1RL2,IL31RA,FAS,MAP2K1,DBF4,IL21,,PECAM1,MYCBP2,MAPK29,DBF4,NDUFB7,IKBKB,FZD7,DBF4,CD11b,IL17RC,TNFSF8,CX3CL1,MDM2,CARD78,DBF4,IL33,FOXO3,CD107a,SOX8,MCL1
ATF6,GGTLC31,BECN1,SERPINB93,TAC1,TBXA2R,KIR3DL3,CD300E,LPA,PYHIN1,MS4A1,CD403,,IRAK4,ALPL,CD298,HLA-DRB102,ALOX5AP,IFI44L,MAPKAPK43,MS4A1,CD158m,CD387,RPL74,KLRF95,TBXA2R,TLR6,CD62L,,TNFSF13,LINC00348,TBXA2R,IL22,TBXA2R,IL28RA,TBXA2R,GATA2,HES1,ICA1,CD412,TBXA2R,MFSD2A,CD335,TSPO,CD86,CD34,CYP4F3,S100A105,TBXA2R,ADAMTS2,IL1RL2,PDHA1,SDHC,NFKB7,CD35,TLR9,PIK3CB,BCL2L1,ICAM5,GP9,IDH3B,REX1BD,SOCS3,CD370,NCR1,CD134,PIK3CA,IL27,TBXA2R,RHOD,BCL2L1,CD337,AKT2,IL1RL2,IL33R,FASLG,MAP2K3,TBXA2R,IL21R,,SELE,FBXL3,MAPK30,TBXA2R,NDUFB8,IKBKG,FZD8,TBXA2R,CD18,IL23R,TNFSF9,CCR7,CDKN1A,CARD79,TBXA2R,IL32,FOXO4,CD107b,IBTK,PYCARD
CEBPB,GGTLC32,MAP1LC3B,SERPINB94,ZNF263,IFRD1,KIR2DS1,CD300LF,LDLR,DHX9,CD19,CD404,,TRAF3,NCF4,CD299,HLA-DRB103,MMP9,IFIT3,MAPKAPK44,CD3D,CD158n,CD388,RPL75,KLRF96,IFRD1,TLR7,CD63,,TNFSF13B,RNU6-966P,IFRD1,IL22RA1,IFRD1,IL29,IFRD1,GATA3,HEY1,DBNDD1,CD413,IFRD1,IL-6,CD336,S100A12,CD95,CD64,CYP4F8,S100A106,IFRD1,IFIT2,IL1RL2,PDHB,SDHD,NFKB8,CD36,TLR10,PIK3CD,BAX,FGF21,GP5,IDH3G,CRLF1,SOCS4,CD371,NKG7,CD134L,PIK3CB,IL31,IFRD1,RHOG,MCL1,CD352,AKT3,IL1RL2,IL36RN,TRADD,MAP2K4,IFRD1,IL22,,SELL,ITGAL,MAPK31,IFRD1,NDUFB9,CHUK,FZD9,IFRD1,CD11c,RORC,TNFSF10,CCL19,CDKN1B,CARD80,IFRD1,IL31,FOXP1,CD108,ZNF195,AIM2
CEBPD,GGTLC33,SQSTM1,SERPINB95,CX3CL1,LGALS14,KIR2DS2,CD302,VLDLR,DHX36,CD20,CD405,,TRAF5,CFL1,CD300,HLA-DRB104,PECAM1,ITGA7,MAPKAPK45,CD3E,CD158o,CD389,RPL76,KLRF97,LGALS14,TLR8,CD64,,TNFSF14,KCTD2,LGALS14,IL22RA2,LGALS14,IFNA1,LGALS14,GATA4,GATA2,ALS2,CD414,LGALS14,IL-10,CD337,SPI1,CD95L,CD31,CYP4F12,S100A107,LGALS14,SIGLEC1,IL1RL2,DLAT,FH,NFKB9,CD37,NOD1,PIK3CG,BAK1,LILRB5,ITGA2B,CS,OSBPL7,SOCS5,CD372,GNLY,CD30,AKT1,IL32,LGALS14,RHOT1,BID,CD355,MTOR,IL1RL2,IL37,FADD,MAP2K6,LGALS14,IL22RA1,,SELP,PDK2,MAPK32,LGALS14,NDUFB10,MAP3K7,FZD10,LGALS14,CD62L,TBX21,TNFSF11,CCL21,CDKN2A,CARD81,LGALS14,IL29,FOXP2,CD109,MYCBP2,NLRC4
CEBPE,GGTLC34,GABARAP,SERPINB96,SPATA20,COX10,KIR2DS3,CD320,SCARB1,DDX41,CD27,CD406,,TRAF7,FPR1,CD301,HLA-DRB105,PDPN,CDHR1,MAPKAPK46,CD3G,CD158p,CD390,RPL77,KLRF98,COX10,TLR9,CD66,,TNFSF15,RP4-555D20.3,COX10,IL23A,COX10,IFNA2,COX10,GATA5,FOXC2,CASP10,CD415,COX10,TNF-α,CD352,PECAM1,CD96,CD177,CYP4F22,S100A108,COX10,IFI27,IL1RL2,DLD,MDH1,NFKB10,CD38,NOD2,AKT1,BAD,PRPF31,ITGB3,ACO2,TMEM98,SOCS6,CD373,KIR2DL1,CD30L,AKT2,IL33,COX10,RHOT2,BAD,CD357,PTEN,IL1RL2,IL38,CASP8,MAPKAPK2,COX10,IL22RA2,,ICAM1,ITGA3,MAPK33,COX10,NDUFB11,MAP3K8,LRP5,COX10,CD69,GATA3,TNFSF12,CXCR3,CDKN2B,CARD82,COX10,IL28A,FOXP4,CD112,FBXL3,NOD1
IRF1,GGTLC35,GABARAPL1,SERPINB97,CACNA1G,GTF2IRD1,KIR2DS4,CD36,CD36,ZBP1,CD38,CD407,,TRADD,ALOX5AP,CD302,HLA-DRB106,TSPO,PGF,MAPKAPK47,CD4,CD158q,CD391,RPL78,KLRF99,GTF2IRD1,TLR10,CD68,,TNFSF18,BFSP2,GTF2IRD1,IL23R,GTF2IRD1,IFNA4,GTF2IRD1,GATA6,PROX1,CFLAR,CD416,GTF2IRD1,TLR-3,CD357,PDPN,CD97,CD66b,CYP5A1,S100A109,GTF2IRD1,IFI44L,IL1RL2,OGDH,MDH2,NFKB11,CD39,NLRC4,AKT2,BID,USF2,ITGA2,ACLY,YBX2,SOCS7,CD374,KIR2DL2,CD19,MTOR,IL34,GTF2IRD1,RHOH,BCL2A1,CD358,FOXO1,IL1RL2,TGFB1,CASP10,MAPKAPK3,GTF2IRD1,IL26,,ICAM2,ITGA2B,MAPK34,GTF2IRD1,NDUFC1,MAP3K14,LRP6,GTF2IRD1,CD80,IKZF1,TNFSF13,CXCL11,MYC,CARD83,GTF2IRD1,IL28B,CTLA4,CD113,ITGAL,NOD2
IRF2,GGTLC36,GABARAPL2,SERPINB98,TNFRSF12A,PAF1,KIR2DS5,CD44,MSR1,TRIM25,CD138,CD408,,FASR,MMP9,CD303,HLA-DRB107,S100A12,ERFE,MAPKAPK48,CD8A,CD158r,CD392,RPL79,KLRF100,PAF1,CD14,CD69,,TNFSF9,ZNF875,PAF1,IL12B,PAF1,IFNA5,PAF1,RUNX1,SOX18,TFPI,CD417,PAF1,TLR-4,CD360,TLR4,CD99,CD117,CYP7A1,S100A110,PAF1,ISG15,IL1RL2,OGDHL,PC,NFKB12,CD40,NLRP1,AKT3,BIM,RNF32,ITGA5,ACACA,KRT33A,PIK3CA,CD375,KIR2DL3,CD20,RPTOR,CSF1,PAF1,RHOU,BCL2L11,CD360,FOXO3,IL1RL2,TGFB2,BCL2,CREB1,PAF1,TGFB1,,ICAM3,ASB4,MAPK35,PAF1,NDUFC2,MAP2K1,GSK3A,PAF1,CD86,IKZF3,TNFSF13B,CXCL13,NPM1,CARD84,PAF1,IL27,PDCD1,CD114,PDK2,IFIH1
IRF3,GGTLC37,ATG5,SERPINB99,DLX6,VPS41,KIR3DS1,CD47,ABCA1,TRAF3,MZB1,CD409,,FASL,S100A8,CD304,HLA-DRB108,CD31,MMP8,MAPKAPK49,CD8B,CD158s,CD393,RPL80,KLRF101,VPS41,LY96,CD70,,TNFSF10,RP11-416A14.2,VPS41,IL12RB1,VPS41,IFNA6,VPS41,RUNX2,NR2F2,NDUFAF7,CD418,VPS41,TLR-7,CD366,IL6,CD100,CD34,CYP7B1,S100A111,VPS41,IFIT3,IL1RL2,SUCLG1,PCK1,NFKB13,CD41,NLRP3,MTOR,PUMA,CASP2,ITGB1,ACACB,MAP3K14,PIK3CB,CD376,KIR2DL4,CD21,RPS6KB1,CSF2,VPS41,RHOQ,BIRC2,CD362,GSK3B,IL1RL2,TGFB3,BAX,ELK1,VPS41,TGFBR1,,VCAM1,GDE1,MAPK36,VPS41,NDUFS1,MAP2K2,GSK3B,VPS41,CD40,STAT4,TNFSF14,CXCR5,BIRC5,CARD85,VPS41,IL26,CD274,CD115,ITGA3,DDX58
IRF4,GGTLC38,ATG7,SERPINB100,MAP3K9,ARHGAP44,NCR1,CD48,ABCG1,TRAF2,XBP1,CD410,,CD40LG,S100A9,CD305,HLA-DRB109,PDPN,ADAMTS2,MAPKAPK50,CD2,CD158t,CD394,RPL81,KLRF102,ARHGAP44,MYD88,CD71,,TNFSF11,RNU6-1326P,ARHGAP44,IL12RB2,ARHGAP44,IFNA7,ARHGAP44,RUNX3,KLF2,RBM5,CD419,ARHGAP44,TLR-9,CD371,IL10,CD101,CD64,CYP8B1,S100A112,ARHGAP44,ITGA7,IL1RL2,SUCLG2,PCK2,NFKB14,CD42,AIM2,RPTOR,NOXA,CCL24,ITGB2,FASN,ABCC8,PIK3CD,CD377,KIR3DL1,CD22,EIF4EBP1,CSF3,ARHGAP44,RHOV,BIRC3,CD366,CREB1,IL1RL2,TGFBR1,BAK1,FOS,ARHGAP44,TGFBR2,,JAM1,REX1BD,MAPK37,ARHGAP44,NDUFS2,MAP2K3,CSNK1A1,ARHGAP44,CD40L,STAT5A,TNFSF15,CXCL12,CASP3,CARD86,ARHGAP44,IL25,PDCD1LG2,CD116,ITGA2B,DHX58
IRF5,GGTLC39,ATG12,,RALA,ELAC2,NCR2,CD5,NPC1,TRAF5,IRAK1,CD411,,CD80,ANXA3,CD306,HLA-DRB110,S100A8,CD177,MAPKAPK51,CD5,CD158u,CD395,RPL82,KLRF103,ELAC2,TICAM1,CD72,,TNFSF12,RP11-292E2.2,ELAC2,IL27,ELAC2,IFNA8,ELAC2,KLF1,KLF4,MTMR7,CD420,ELAC2,IL1B,CD372,HERV-W,CD102,CD31,CYP11A1,S100A113,ELAC2,CDHR1,IL1RL2,SUCLA2,G6PD,NFKB15,CD43,IFI16,RICTOR,MCL1,EIF3B,ITGB7,SCD,CACNG3,PIK3CG,CD378,KIR3DL2,CD23,FOXO1,LTA,ELAC2,RHOBTB1,BIRC5,CD371,BCL2,IL1RL2,TGFBR2,BID,JUN,ELAC2,SMAD2,,JAM2,CRLF1,MAPK38,ELAC2,NDUFS3,MAP2K4,CSNK1D,ELAC2,CD28,STAT5B,TNFSF18,CXCR4,CASP8,CARD87,ELAC2,IL24,LAG3,CD117,ASB4,IRF1
IRF6,GGTLC40,ATG16L1,,BAIAP2L1,SCIN,NCR3,CD52,NPC2,IKBKE,IRAK4,CD412,,CD86,ALPL,CD307,HLA-DRB111,S100A9,TRBV11-2,MAPKAPK52,CD7,CD158v,CD396,RPL83,KLRF104,SCIN,TIRAP,CD73,,TNFSF13,RN7SL398P,SCIN,IL27RA,SCIN,IFNA10,SCIN,KLF2,ERG,SLC7A2,CD421,SCIN,S100A8,CD373,HERV-K,CD103,CD177,CYP11B1,S100A114,SCIN,PGF,IL1RL2,SDHA,PGD,NFKB16,CD44,CGAS,TSC1,XIAP,SERPINE1,ITGAM,ELOVL6,TMEM132A,AKT1,CD379,KIR3DL3,CD24,FOXO3,LTB,SCIN,RHOBTB2,XIAP,CD372,BAX,IL1RL2,SMAD2,BCL2L1,ATF2,SCIN,SMAD3,,JAM3,OSBPL7,MAPK39,SCIN,NDUFS4,MAP2K5,CSNK1E,SCIN,CTLA-4,STAT6,TNFSF4,IL2RA,CASP9,CARD88,SCIN,IL22,HAVCR2,CD118,GDE1,IRF3
IRF7,GGTLC41,RB1CC1,,KDM7A,MYH13,KLRK1,CD53,SREBF1,TBK1,TRAF2,CD413,,CD28,NCF4,CD308,HLA-DRB112,ANXA3,KLRF1,MAPKAPK53,CD28,CD158w,CD397,RPL84,KLRF105,MYH13,IRAK1,CD74,,TNFSF13B,Y_RNA,MYH13,IL21,MYH13,IFNA13,MYH13,KLF4,ETV2,ARF5,CD422,MYH13,S100A9,CD374,Syn-1,CD104,CD66b,CYP11B2,S100A115,MYH13,ERFE,IL1RL2,SDHB,TKT,NFKB17,CD45,STING1,TSC2,CASP8,POU6F2,ITGAX,ELOVL7,AP2B1,AKT2,CD380,KIR2DS1,CD25,GATA3,TGFB1,MYH13,RHOBTB3,DIABLO,CD373,CASP1,IL1RL2,SMAD3,MCL1,STAT5A,MYH13,SMAD4,,ESAM,TMEM98,MAPK40,MYH13,NDUFS5,MAP2K6,CSNK2A1,MYH13,PD-1,GZMA,TNFSF6,IL2RB,FAS,CARD89,MYH13,IL21,TNFRSF4,CD119,REX1BD,IRF5
IRF8,GGTLC42,WIPI1,,ETV1,ADIPOR2,KLRC1,CD55,SREBF2,IRAK1,TRAF5,CD414,,CTLA4,CFL1,CD309,HLA-DRB113,ALPL,KLRB1,MAPKAPK54,CD27,CD158x,CD398,RPL85,KLRF106,ADIPOR2,IRAK2,CD80,,TNFSF14,CACNA1E,ADIPOR2,IL21R,ADIPOR2,IFNA14,ADIPOR2,KLF6,TIE1,SARM1,CD423,ADIPOR2,ANXA3,CD375,ASCT-1,CD105,CD117,CYP17A1,S100A116,ADIPOR2,KLRF1,IL1RL2,FH,TALDO1,NFKB18,CD46,DDX58,PTEN,CASP9,TNFSF8,ITGAL,FADS1,TAC1,AKT3,CD381,KIR2DS2,CD38,TBX21,TGFB2,ADIPOR2,RHOBTB4,CYCS,CD374,CASP3,IL1RL2,SMAD4,CYCS,STAT5B,ADIPOR2,SMAD7,,CDH5,YBX2,MAPK41,ADIPOR2,NDUFS6,MAP2K7,CSNK2A2,ADIPOR2,PD-L1,GZMH,TNFSF8,IL2RG,FASLG,CARD90,ADIPOR2,IL20,TNFRSF9,CD120a,CRLF1,IRF7
IRF9,GGTLC43,WIPI2,,AGK,CDKL3,KLRC2,CD58,INSR,IRAK2,TRAF1,CD415,,PDCD1,FPR1,CD310,HLA-DRB114,NCF4,ISG15,MAPKAPK55,CD70,CD158y,CD399,RPL86,KLRF107,CDKL3,IRAK3,CD81,,TNFSF15,Y_RNA,CDKL3,IL2,CDKL3,IFNA16,CDKL3,KLF9,ROBO4,POLDIP2,CD424,CDKL3,ALPL,CD376,ASCT-2,CD106,CD34,CYP19A1,S100A117,CDKL3,KLRB1,IL1RL2,MDH1,RPIA,NFKB19,CD47,IFIH1,FOXO1,CASP10,CXCL12,ITGA4,FADS2,ZNF263,MTOR,CD382,KIR2DS3,CD40,RORC,TGFB3,CDKL3,RHOBTB5,APAF1,CD375,CASP8,IL1RL2,SMAD7,DIABLO,STAT6,CDKL3,FOXO1,,VEGFA,KRT33A,MAPK42,CDKL3,NDUFS7,MAPK1,CSNK2B,CDKL3,LAG3,GZMK,TNFSF9,IL7R,TNFRSF10B,CARD91,CDKL3,IL19,TNFRSF18,CD120b,OSBPL7,IRF9
MYD88,GGTLC44,AMBRA1,,ALDH3B1,UPP2,KLRC3,CD59,IGF1R,IRAK3,TRAF4,CD416,,PDCD1LG2,ALOX5AP,CD311,HLA-DRB115,CFL1,SIGLEC1,MAPKAPK56,CD30,CD158z,CD400,RPL87,KLRF108,UPP2,IRAK4,CD83,,TNFSF18,B4GALT4-AS1,UPP2,IL2RA,UPP2,IFNA17,UPP2,KLF10,SLIT2,PLXND1,CD425,UPP2,NCF4,CD377,Syn-2,CD107A,CD64,CYP21A2,S100A118,UPP2,TRBV11-2,IL1RL2,MDH2,RPE,NFKB20,CD48,MAVS,FOXO3,CASP3,EIF3A,ITGAE,DGAT1,CX3CL1,PTEN,CD383,KIR2DS4,CD45,FOXP3,TGFB4,UPP2,RHOBTB6,NLRP3,CD376,CASP9,IL1RL2,FOXP3,AIFM1,SOCS1,UPP2,FOXO3,,VEGFB,MAP3K14,MAPK43,UPP2,NDUFS8,MAPK3,PPP2CA,UPP2,TIM3,PRF1,TNFSF10,IL15RA,TNFRSF1A,CARD92,UPP2,IL17B,KLRG1,CD121a,TMEM98,OAS1
TICAM1,GGTLC45,UVRAG,,TTC22,PRSS21,KLRD1,CD6,LEPR,IKBKB,TRAF7,CD417,,LAG3,MMP9,CD312,HLA-DRB116,FPR1,IFIT2,MAPKAPK57,CD40,CD159a,CD401,RPL88,KLRF109,PRSS21,TRAF6,CD86,,IL1A,SLC1A4,PRSS21,IL2RB,PRSS21,IFNA21,PRSS21,KLF11,EFNB2,AK2,CD426,PRSS21,CFL1,CD378,MFSD2A,CD107B,CD31,CYP24A1,S100A119,PRSS21,TLR4,IL1RL2,IDH1,PRPS1,NFKB21,CD49,TBK1,FOXO4,CASP6,EBF3,ITGAD,DGAT2,SPATA20,FOXO1,CD384,KIR2DS5,CD56,IKZF1,IFNA1,PRSS21,RHOBTB7,NLRC4,CD377,FAS,IL1RL2,RORC,ENDOG,SOCS3,PRSS21,FOXO4,,VEGFC,ABCC8,MAPK44,PRSS21,NDUFV1,MAPK8,PPP2CB,PRSS21,VISTA,KLRD1,TNFSF11,CD3D,TNFRSF1B,CARD93,PRSS21,IL17C,KIR2DL1,CD121b,YBX2,OAS2
TIRAP,GGTLC46,RUBCN,,PHTF2,MARK4,CD244,CD63,ADIPOR1,CHUK,TRADD,CD418,,HAVCR2,S100A8,CD313,HLA-DRB117,ALOX5AP,IFI27,MAPKAPK58,CD45,CD159b,CD402,RPL89,KLRF110,MARK4,MAP3K7,CD89,,IL1B,CTB-96E2.2,MARK4,IL2RG,MARK4,IFNB1,MARK4,KLF13,EPHB4,CD38,CD427,MARK4,FPR1,CD379,IFNγ,CD108,CD177,CYP26A1,S100A120,MARK4,HERV-W,IL1RL2,IDH2,PRPS2,NFKB22,CD50,IRF5,FOXO6,CASP7,CSF3,ITGA6,GPAM,CACNA1G,FOXO3,CD385,KIR3DS1,CD69,IKZF3,IFNA2,MARK4,RHOBTB8,AIM2,CD378,FASLG,IL1RL2,GATA3,GZMB,PIK3CA,MARK4,FOXO6,,FLT1,CACNG3,MAPK45,MARK4,NDUFV2,MAPK9,PPP2R1A,MARK4,BTLA,KLRC1,TNFSF12,CD3E,RELA,CARD94,MARK4,IL17D,KIR2DL2,CD122,KRT33A,OAS3
TRAF6,GGTLC47,PIK3R4,,CCL26,PROM1,CD48,CD7,ADIPOR2,IKBKG,FADD,CD419,,BTLA,S100A9,CD314,HLA-DRB118,MMP9,IFI44L,MAPKAPK59,PTPRC,CD159c,CD403,RPL90,KLRF111,PROM1,MAP3K8,CD90,,IL1R1,SSNA1,PROM1,IL4,PROM1,IFNW1,PROM1,KLF15,ADAM17,FKBP4,CD428,PROM1,ALOX5AP,CD380,IL-17,CD109,CD66b,CYP26B1,S100A121,PROM1,HERV-K,IL1RL2,IDH3A,PFKFB1,NFKB23,CD51,IRF8,NFATC1,CYCS,ZNF29P,ITGB4,AGPAT1,TNFRSF12A,FOXO4,CD386,FCGR3A,CD80,BCL6,IFNA4,PROM1,RHOBTB9,PYCARD,CD379,TNFRSF1A,IL1RL2,TBX21,PRF1,PIK3CB,PROM1,PIK3CA,,KDR,TMEM132A,MAPK46,PROM1,NDUFV3,MAPK10,PPP2R1B,PROM1,2B4,KLRC2,TNFSF13,CD3G,NFKB1,CARD95,PROM1,IL17E,KIR2DL3,CD123,MAP3K14,MX1
TRAF3,GGTLC48,PIK3C3,,FARP2,CCDC124,CD160,CD72,PPARG,NFKBIA,CASP8,CD420,,VISTA,ANXA3,CD315,HLA-DRB119,PECAM1,IFIT3,MAPKAPK60,CD45RA,CD159d,CD404,RPL91,KLRF112,CCDC124,MAP3K14,CD91,,IL1R2,FRAS1,CCDC124,IL4R,CCDC124,IFNE,CCDC124,NFATC1,MMP2,KDM1A,CD429,CCDC124,MMP9,CD381,IL-1β,CD110,CD117,CYP26C1,S100A122,CCDC124,Syncytin-1,IL1RL2,IDH3B,PFKFB2,NFKB24,CD52,IRF2,NFATC2,APAF1,ICAM2,ITGA3,AGPAT2,DLX6,FOXO6,CD387,FCGR3B,CD86,PRDM1,IFNA5,CCDC124,RHOBTB10,CASP1,CD380,TNFRSF1B,IL1RL2,BCL6,KLRK1,PIK3CD,CCDC124,PIK3CB,,FLT4,AP2B1,MAPK47,CCDC124,SDHA,MAPK11,PPP2R2A,CCDC124,NKp30,KLRC3,TNFSF13B,CD4,NFKB2,CARD96,CCDC124,IL17F,KIR2DL4,CD124,ABCC8,MX2
TRAF2,GGTLC49,TBC1D14,,USH1C,CEACAM21,SLAMF1,CD74,NR1H3,NFKBIB,CASP10,CD421,,CD27,ALPL,CD316,HLA-DRB120,PDPN,ITGA7,MAPKAPK61,CD45RO,CD159e,CD405,RPL92,KLRF113,CEACAM21,MAP2K1,CD95,,,TMEM105,CEACAM21,IL13,CEACAM21,IFNK,CEACAM21,NFATC2,MMP7,RBM6,CD430,CEACAM21,TSPO,CD382,TRBV11-2,CD111,CD34,CYP27A1,S100A123,CEACAM21,ASCT-1,IL1RL2,IDH3G,PFKFB3,NFKB25,CD53,IRF4,NFATC3,DIABLO,CCL7,ITGB5,LPIN1,MAP3K9,GSK3B,CD388,CD16,CD95,AICDA,IFNA6,CEACAM21,RHOBTB11,CASP4,CD381,TRADD,IL1RL2,PRDM1,NKG7,PIK3CG,CEACAM21,PIK3CD,,ANGPT1,TAC1,MAPK48,CEACAM21,SDHB,MAPK12,PPP2R2B,CEACAM21,NKp44,KLRF1,TNFSF14,CD8A,IKBKB,CARD97,CEACAM21,IL15,KIR3DL1,CD125,CACNG3,IFI16
TRAF1,GGTLC50,NRBF2,,GGCT,PAFAH1B1,SLAMF6,CD79A,NR1H2,NFKBIE,BID,CD422,,CD70,NCF4,CD317,HLA-DRB121,TSPO,CDHR1,MAPKAPK62,CD62L,CD159f,CD406,RPL93,KLRF114,PAFAH1B1,MAP2K2,CD96,,,RP4-597N16.1,PAFAH1B1,IL13RA1,PAFAH1B1,IFNL1,PAFAH1B1,NFATC3,MMP14,CAMKK1,CD431,PAFAH1B1,SPI1,CD383,KLRF1,CD112,CD64,CYP27B1,S100A124,PAFAH1B1,ASCT-2,IL1RL2,GLUD1,PFKFB4,NFKB26,CD54,IRF6,NFATC4,AIFM1,CCL2,ITGA8,LPIN2,RALA,MAPK1,CD389,CD56,CD96,CD19,IFNA7,PAFAH1B1,RHOBTB12,CASP5,CD382,FADD,IL1RL2,AIRE,GNLY,AKT1,PAFAH1B1,PIK3CG,,ANGPT2,ZNF263,MAPK49,PAFAH1B1,SDHC,MAPK13,PPP2R2C,PAFAH1B1,NKp46,KLRG1,TNFSF15,CD8B,MAPK1,CARD98,PAFAH1B1,IL14,KIR3DL2,CD126,TMEM132A,IFI27
TRAF5,GGTLC51,VPS34,,DBF4,NOS2,LY9,CD79B,RXRA,NFKBIZ,BAX,CD423,,CD30,CFL1,CD318,HLA-DRB122,S100A12,PGF,MAPKAPK63,SELL,CD159g,CD407,RPL94,KLRF115,NOS2,MAP2K3,CD97,,,TVP23C,NOS2,IL13RA2,NOS2,IFNL2,NOS2,NFATC4,TIMP1,RECQL,CD432,NOS2,PECAM1,CD384,KLRB1,CD113,CD31,CYP39A1,S100A125,NOS2,Syncytin-2,IL1RL2,GLUD2,PFK1,NFKB27,CD55,IRF10,NFKB1,ENDOG,CCL8,ITGB6,PLPP1,BAIAP2L1,MAPK3,CD390,CD57,CD137,CD20,IFNA8,NOS2,RHOBTB13,GSDMD,CD383,BID,IL1RL2,IKZF1,KLRD1,AKT2,NOS2,AKT1,,TEK,CX3CL1,MAPK50,NOS2,SDHD,MAPK14,PPP2R2D,NOS2,NKG2D,NCR1,TNFSF18,CD19,MAPK3,CARD99,NOS2,IL13,KIR3DL3,CD127,AP2B1,IFI44
TRAF4,GGTLC52,VPS15,,TBXA2R,DNAH9,CD2,CD81,RXRB,BIRC2,BAK1,CD424,,CD30L,FPR1,CD319,HLA-DRB123,CD31,ERFE,MAPKAPK64,CCR7,CD159h,CD408,RPL95,KLRF116,DNAH9,MAP2K4,CD98,,,RP11-350G24.1,DNAH9,IL5,DNAH9,IFNL3,DNAH9,FOXP1,TIMP2,VPS50,CD433,DNAH9,PDPN,CD385,ISG15,CD114,CD177,CYP46A1,S100A126,DNAH9,MFSD2A,IL1RL2,GLS,PFK2,NFKB28,CD56,JUN,NFKB2,DFFA,CCL1,ITGA9,PLPP2,KDM7A,MAPK8,CD391,CD69,CD226,CD21,IFNA10,DNAH9,RHOBTB14,IL18R1,CD384,BAD,IL1RL2,IKZF3,KLRF1,AKT3,DNAH9,AKT2,,PDGFA,SPATA20,MAPK51,DNAH9,UQCRC1,CREB1,PPP2R3A,DNAH9,KIR2DL1,NCR3,TNFSF4,CD20,MAPK8,CARD100,DNAH9,IL12A,KIR2DS1,CD128a,TAC1,IFI44L
TRAF7,GGTLC53,VPS18,,IFRD1,KIAA0100,CD58,CD83,RXRG,BIRC3,BCL2,CD425,,OX40,ALOX5AP,CD320,HLA-DRB124,PDPN,MMP8,MAPKAPK65,CXCR5,CD159i,CD409,RPL96,KLRF117,KIAA0100,MAP2K5,CD99,,,RP11-503N18.4,KIAA0100,IL5RA,KIAA0100,IFNAR1,KIAA0100,FOXP3,SERPINE1,HSPB6,CD434,KIAA0100,FCER1A,CD386,SIGLEC1,CD115,CD66b,CYP51A1,S100A127,KIAA0100,IL6,IL1RL2,GLS2,PFK3,NFKB29,CD57,FOS,RELA,DFFB,SMURF2,ITGB8,PLPP3,ETV1,MAPK9,CD392,CD80,CD244,CD22,IFNA13,KIAA0100,RHOBTB15,IL18BP,CD385,BCL2L1,IL1RL2,IKZF4,KIR2DL1,PTEN,KIAA0100,AKT3,,PDGFB,CACNA1G,MAPK52,KIAA0100,UQCRC2,ATF1,PPP2R3B,KIAA0100,KIR2DL2,FCER1G,TNFSF6,CD21,MAPK14,CARD101,KIAA0100,IL11,KIR2DS2,CD128b,ZNF263,ISG15
IKBKB,GGTLC54,VPS11,,LGALS14,SLC13A2,CD84,CD84,PPARA,XIAP,BCL2L1,CD426,,OX40L,MMP9,CD321,HLA-DRB125,S100A8,ADAMTS2,MAPKAPK66,CXCL13,CD159j,CD410,RPL97,KLRF118,SLC13A2,MAP2K6,CD100,,,RP11-124G5.2,SLC13A2,IL9,SLC13A2,IFNAR2,SLC13A2,FOXP4,PLAT,ARHGAP33,CD435,SLC13A2,ADAMTS2,CD387,IFIT2,CD116,CD117,FASN,S100A128,SLC13A2,IL10,IL1RL2,SLC1A3,PKLR,NFKB30,CD58,ATF2,RELB,GZMB,RANGRF,ITGA10,PLA2G4A,AGK,MAPK10,CD393,CD86,CD247,CD27,IFNA14,SLC13A2,RHOBTB16,TNFRSF1A,CD386,MCL1,IL1RL2,IKZF5,KIR2DL2,MTOR,SLC13A2,MTOR,,PDGFRA,TNFRSF12A,MAPK53,SLC13A2,UQCRB,ATF2,PPP2R3C,SLC13A2,KIR2DL3,CD3D,TNFSF8,CD22,JUN,CARD102,SLC13A2,IL9,KIR2DS3,CD129,CX3CL1,RSAD2
IKBKG,GGTLC55,VPS16,,COX10,GAS7,CD226,CD86,PPARD,CASP4,MCL1,CD427,,4-1BB,S100A8,CD322,HLA-DRB126,S100A9,CD177,MAPKAPK67,CXCL9,CD159k,CD411,RPL98,KLRF119,GAS7,MAP2K7,CD101,,,HLA-K,GAS7,IL9R,GAS7,IFNGR1,GAS7,BACH1,PLAUR,NDUFAB1,CD436,GAS7,LMOD1,CD388,IFI27,CD117,CD34,ACACA,S100A129,GAS7,CCL4,IL1RL2,SLC1A2,PKM2,NFKB31,CD59,CREB1,CREBBP,PRF1,MYH1,ITGA11,PLA2G6,ALDH3B1,MAPK11,CD394,CD40,CD274,CD38,IFNA16,GAS7,RHOBTB17,TNFRSF1B,CD387,XIAP,IL1RL2,IKZF6,KIR2DL3,RHEB,GAS7,RPTOR,,PDGFRB,DLX6,MAPK54,GAS7,UQCRQ,ATF3,PPP2R5A,GAS7,KIR2DL4,CD3E,TNFSF9,CD27,FOS,CARD103,GAS7,IL8,KIR2DS4,CD130,SPATA20,LY6E
CHUK,GGTLC56,VPS33A,,GTF2IRD1,TRAPPC6A,TIGIT,CD8B,PPARGC1A,CASP5,XIAP,CD428,,4-1BBL,S100A9,CD323,HLA-DRB127,ANXA3,TRBV11-2,MAPKAPK68,CXCL11,CD159l,CD412,RPL99,KLRF120,TRAPPC6A,MAPK1,CD102,,,LRRTM1,TRAPPC6A,IL3,TRAPPC6A,IFNGR2,TRAPPC6A,BACH2,PLAU,PDK4,CD437,TRAPPC6A,KCNA5,CD389,IFI44L,CD118,CD64,ACACB,S100A130,TRAPPC6A,NF-κB,IL1RL2,SLC1A1,HK1,NFKB32,CD60,ELK1,EP300,KLRK1,MYH3,ITGAV,PLA2G2A,TTC22,MAPK12,CD395,CD40LG,CD276,CD40,IFNA17,TRAPPC6A,RHOBTB18,FADD,CD388,DIABLO,IL1RL2,IKZF7,KIR2DL4,RPTOR,TRAPPC6A,RPS6KB1,,FGF1,MAP3K9,MAPK55,TRAPPC6A,CYC1,ATF4,PPP2R5B,TRAPPC6A,KIR3DL1,CD3G,TNFSF10,CD28,ATF2,CARD104,TRAPPC6A,IL7,KIR2DS5,CD131,CACNA1G,BST2
NEMO,GGTLC57,VPS39,,PAF1,MATK,PVR,CD9,PPARGC1B,CASP11,DIABLO,CD429,,GITR,ANXA3,CD324,HLA-DRB128,ALPL,KLRF1,MAPKAPK69,CCL19,CD159m,CD413,RPL100,KLRF121,MATK,MAPK3,CD103,,,RP11-554D14.4,MATK,IL3RA,MATK,JAK1,MATK,MAF,F3,SLC22A16,CD438,MATK,OLAH,CD390,IFIT3,CD119,CD31,SCD,S100A131,MATK,IRF-3,IL1RL2,SLC1A6,HK2,NFKB33,CD61,ETS1,MAPK1,KLRC1,TNFAIP1,ITGA7,PLA2G10,PHTF2,MAPK13,CD396,CD28,CD278,CD69,IFNA21,MATK,RHOBTB19,RIPK1,CD389,CYCS,IL1RL2,IKZF8,KIR2DS1,MLST8,MATK,EIF4EBP1,,FGF2,RALA,MAPK56,MATK,COX5B,ATF5,PPP2R5C,MATK,KIR3DL2,CD2,TNFSF11,CD40,CREB1,CARD105,MATK,IL5,KIR3DS1,CD132,TNFRSF12A,USP18
IKBA,GGTLC58,VPS41,,VPS41,CEACAM7,NECTIN2,CD96,UCP2,CASP12,CYCS,CD430,,GITRL,ALPL,CD325,HLA-DRB129,NCF4,KLRB1,MAPKAPK70,CCL21,CD159n,CD414,RPL101,KLRF122,CEACAM7,MAPK8,CD104,,,CTD-2001J20.1,CEACAM7,CSF2,CEACAM7,JAK2,CEACAM7,MAFB,F2,ZMYND10,CD439,CEACAM7,OTOF,CD391,ITGA7,CD120A,CD177,ELOVL1,S100A132,CEACAM7,TREM1,IL1RL2,SLC1A7,HK3,NFKB34,CD62,SP1,MAPK3,KLRC2,ELF2,ITGB2L,PTGS1,CCL26,MAPK14,CD397,CTLA4,CD279,CD70,IFNB1,CEACAM7,RHOBTB20,RIPK3,CD390,APAF1,IL1RL2,IKZF9,KIR2DS2,EIF4EBP1,CEACAM7,PTEN,,FGFR1,BAIAP2L1,MAPK57,CEACAM7,COX6B1,JUN,PPP2R5D,CEACAM7,KIR3DL3,CD5,TNFSF12,CD40LG,NR3C1,CARD106,CEACAM7,IL4,NCR1,CD133,DLX6,GBP1
IKBB,GGTLC59,LYN,,ARHGAP44,CD79B,SIGLEC7,CD99,UCP3,GSDME,APAF1,CD431,,LIGHT,NCF4,CD326,HLA-DRB130,CFL1,ISG15,MAPKAPK71,CCL22,CD159o,CD415,RPL102,KLRF123,CD79B,MAPK9,CD105,,,RP11-1017G21.3,CD79B,CSF2RA,CD79B,JAK3,CD79B,MAFF,F2R,ABCB5,CD440,CD79B,TIFAB,CD392,CDHR1,CD120B,CD66b,ELOVL2,S100A133,CD79B,IL-6,IL1RL2,SLC1A4,GCK,NFKB35,CD63,SP3,MAPK8,KLRC3,ZNF330,ITGBL1,PTGS2,FARP2,NFATC1,CD398,PDCD1,CD280,CD80,IFND,CD79B,RHOBTB21,MLKL,CD391,NOD1,IL1RL2,IKZF10,KIR2DS3,RPS6KB1,CD79B,PDPK1,,FGFR2,KDM7A,MAPK58,CD79B,COX6C,FOS,PPP2R5E,CD79B,KIR2DS1,CD6,TNFSF13,CD45,GATA2,CARD107,CD79B,IL3,NCR2,CD134,MAP3K9,GBP2
IKBE,GGTLC60,FYN,,ELAC2,SCN4A,SIGLEC9,CD99L2,CPT1A,GSDMC,CASP3,CD432,,HVEM,CFL1,CD327,HLA-DRB131,FPR1,SIGLEC1,MAPKAPK72,CCL17,CD159p,CD416,RPL103,KLRF124,SCN4A,MAPK10,CD106,,,ASB16,SCN4A,CSF2RB,SCN4A,TYK2,SCN4A,MAFG,F5,SLC25A13,CD441,SCN4A,B3GALT2,CD393,PGF,CD121A,CD117,ELOVL3,S100A134,SCN4A,IL-8,IL1RL2,SLC38A1,GPI,NFKB36,CD64,KLF4,MAPK9,KIR2DL1,IL2,ITGBL2,ALOX5,USH1C,NFATC2,CD399,PDCD1LG2,CD281,CD86,IFNE,SCN4A,RHOBTB22,HMGB1,CD392,NOD2,IL1RL2,IKZF11,KIR2DS4,RPS6KB2,SCN4A,PRKAA1,,FGFR3,ETV1,MAPK59,SCN4A,COX7B,FOSB,AXIN1,SCN4A,KIR2DS2,CD7,TNFSF13B,PTPRC,SPI1,CARD108,SCN4A,IL2,NCR3,CD135,RALA,GBP5
BCL2,GGTLC61,SRC,,SCIN,ST7L,SIGLEC10,CD101,CPT1B,GSDMB,CASP7,CD433,,CD137,FPR1,CD328,HLA-DRB132,ALOX5AP,IFIT2,MAPKAPK73,CCL2,CD159q,CD417,RPL104,KLRF125,ST7L,MAPK11,CD107a,,,SCP2D1,ST7L,CSF3,ST7L,STAT1,ST7L,MAFK,F8,ST7,CD442,ST7L,ITGA7,CD394,ERFE,CD121B,CD34,ELOVL4,S100A135,ST7L,FAK,IL1RL2,SLC38A2,ALDOA,NFKB37,CD65,KLF6,MAPK10,KIR2DL2,NEIL3,ITGBL3,ALOX12,GGCT,NFATC3,CD400,LAG3,CD282,CD95,IFNK,ST7L,RHOBTB23,S100A11,CD393,RIPK2,IL1RL2,IKZF12,KIR2DS5,GSK3B,ST7L,PRKAA2,,FGFR4,AGK,MAPK60,ST7L,COX7C,FOSL1,AXIN2,ST7L,KIR2DS3,CD19,TNFSF14,CD69,CEBPA,CARD109,ST7L,IL1A,FCGR3A,CD136,BAIAP2L1,ADAR
BCL2L1,GGTLC62,HCK,,MYH13,PAX6,LAIR1,CD102,ACADM,GSDMA,CASP9,CD434,,CD137L,ALOX5AP,CD329,HLA-DRB133,MMP9,IFI27,MAPKAPK74,CCL3,CD159r,CD418,RPL105,KLRF126,PAX6,MAPK12,CD107b,,,RNU7-26P,PAX6,CSF3R,PAX6,STAT2,PAX6,NFE2,F9,CDC27,CD443,PAX6,IFI27,CD395,ADAMTS2,CD122,CD64,ELOVL5,S100A136,PAX6,IL-1,IL1RL2,SLC38A3,ALDOB,NFKB38,CD66,KLF10,MAPK14,KIR2DL3,RAPGEF2,ITGBL4,ALOX15,DBF4,NFATC4,CD401,HAVCR2,CD283,CD95L,IFNL1,PAX6,RHOBTB24,S100A7,CD394,CARD9,IL1RL2,IKZF13,KIR3DL1,FOXO1,PAX6,PRKAB1,,TGFB1,ALDH3B1,MAPK61,PAX6,COX8B,FOSL2,APC,PAX6,KIR2DS4,CD20,TNFSF15,CD70,CEBPB,CARD110,PAX6,IL1F10,FCGR3B,CD137,KDM7A,APOBEC3G
BAX,GGTLC63,LCK,,ADIPOR2,RPUSD1,PDCD1,CD103,ACADL,IL18R1,PYCARD,CD435,,CD134,MMP9,CD330,HLA-DRB134,PECAM1,IFI44L,MAPKAPK75,CCL5,CD159s,CD419,RPL106,KLRF127,RPUSD1,MAPK13,CD108,,,RP11-137F15.1,RPUSD1,CSF1,RPUSD1,STAT3,RPUSD1,NFE2L1,F10,SLC4A1,CD444,RPUSD1,VEGFA,CD396,CD31,CD123,CD31,ELOVL6,S100A137,RPUSD1,CD31,IL1RL2,SLC38A4,ALDOC,NFKB39,CD67,KLF11,MAP2K1,KIR2DL4,KLF3,ITGBL5,CYSLTR1,TBXA2R,NFKB1,CD402,TIGIT,CD284,CD137,IFNL2,RPUSD1,RHOBTB25,S100A14,CD395,MAVS,IL1RL2,IKZF14,KIR3DL2,FOXO3,RPUSD1,PRKAB2,,TGFB2,TTC22,MAPK62,RPUSD1,ATP5F1A,MYC,CTNNB1,RPUSD1,KIR2DS5,CD21,TNFSF18,CD80,DPM1,CARD111,RPUSD1,IL1F5,CD16,CD138,ETV1,TREX1
BAK1,GGTLC64,BLK,,CDKL3,RHBDF1,CD274,CD104,ACADS,IL18BP,NLRP3,CD436,,CD134L,S100A8,CD331,HLA-DRB135,PDPN,IFIT3,MAPKAPK76,CCL20,CD159t,CD420,RPL107,KLRF128,RHBDF1,MAPK14,CD109,,,RNU6-619P,RHBDF1,CSF1R,RHBDF1,STAT4,RHBDF1,NFE2L2,F11,CALCR,CD445,RHBDF1,VEGFB,CD397,CD177+,CD124,CD177,ELOVL7,S100A138,RHBDF1,PDPN,IL1RL2,SLC38A5,TPI1,NFKB40,CD68,BCL2,MAP2K2,KIR3DL1,IL10RA,ITGBL6,CYSLTR2,IFRD1,NFKB2,CD403,VISTA,CD285,CD154,IFNL3,RHBDF1,RHOBTB26,S100A16,CD396,STING1,IL1RL2,IKZF15,KIR3DL3,FOXO4,RHBDF1,PRKAG1,,TGFB3,PHTF2,MAPK63,RHBDF1,ATP5F1B,MAX,TCF7,RHBDF1,KIR3DS1,CD22,TNFSF4,CD86,SCYL3,CARD112,RHBDF1,IL1F6,CD56,CD139,AGK,SAMHD1
BAD,GGTLC65,YES1,,UPP2,LUC7L,PDCD1LG2,CD105,ACADVL,IL18RAP,NLRC3,CD437,,CD252,S100A9,CD332,HLA-DRB136,TSPO,ITGA7,MAPKAPK77,CCL25,CD159u,CD421,RPL108,KLRF129,LUC7L,CASP1,CD110,,,FAM131B,LUC7L,KITLG,LUC7L,STAT5A,LUC7L,NFE2L3,F12,DVL2,CD446,LUC7L,NTproBNP,CD398,S100A8/9,CD125,CD66b,FADS1,S100A139,LUC7L,CD177,IL1RL2,SLC38A6,GAPDH,NFKB41,CD69,BAX,MAP2K3,KIR3DL2,SLC35F2,ITGBL7,LTC4S,LGALS14,RELA,CD404,BTLA,CD286,CD178,IFNW1,LUC7L,RHOBTB27,S100B,CD397,TMEM173,IL1RL2,IKZF16,KIR3DS1,FOXO6,LUC7L,PRKAG2,,TGFBR1,CCL26,MAPK64,LUC7L,ATP5F1C,MXD1,LEF1,LUC7L,FcγRIIA,CD24,TNFSF6,CTLA4,C1orf112,CARD113,LUC7L,IL1F7,CD57,CD140a,ALDH3B1,MOV10
BID,GGTLC66,CSK,,PRSS21,CACNA2D2,CTLA4,CD106,HADHA,IL1RL1,NLRC5,CD438,,CD275,ANXA3,CD333,HLA-DRB137,S100A12,CDHR1,MAPKAPK78,CCL28,CD159v,CD422,RPL109,KLRF130,CACNA2D2,CASP4,CD111,,,RNU6-853P,CACNA2D2,KIT,CACNA2D2,STAT5B,CACNA2D2,NR4A1,F13A1,PRSS22,CD447,CACNA2D2,Troponin,CD399,MMP9,CD126,CD117,FADS2,S100A140,CACNA2D2,S100A12,IL1RL2,SLC38A7,PGK1,NFKB42,CD70,BCL2L1,MAP2K4,KIR3DL3,GTF2H1,ITGBL8,LTA4H,COX10,RELB,CD405,CD27,CD287,CD279,CCL11,CACNA2D2,RHOBTB28,S100P,CD398,CGAS,IL1RL2,IKZF17,NCAM1,BRAF,CACNA2D2,PRKAG3,,TGFBR2,FARP2,MAPK65,CACNA2D2,ATP5F1D,MXI1,MYC,CACNA2D2,FcγRIIB,CD27,TNFSF8,PDCD1,FGR,CARD114,CACNA2D2,IL1F8,CD69,CD140b,TTC22,ZBP1
BIM,GGTLC67,SYK,,MARK4,BAIAP3,CD28,CD107A,HADHB,IL1RL2,NLRP1,CD439,,CD276,ALPL,CD334,HLA-DRB138,CD31,PGF,MAPKAPK79,IL2,CD159w,CD423,RPL110,KLRF131,BAIAP3,CASP5,CD112,,,LINC01471,BAIAP3,FLT3LG,BAIAP3,STAT6,BAIAP3,NR4A2,F13B,UPF1,CD448,BAIAP3,G-CSF,CD400,FPR1,CD127,CD34,FADS3,S100A141,BAIAP3,TSPO,IL1RL2,SLC38A8,PGAM1,NFKB43,CD71,BCL2L11,MAP2K6,KIR2DS1,IL23A,ITGBL9,PTGES,GTF2IRD1,CREB1,CD406,CD70,CD288,CD274,CCL13,BAIAP3,RHOBTB29,ANXA1,CD399,IFI16,IL1RL2,IKZF18,CD244,RAF1,BAIAP3,STK11,,SMAD2,USH1C,MAPK66,BAIAP3,ATP5F1E,MNT,CCND1,BAIAP3,FcγRIIIA,CD38,TNFSF9,PDL1,CFH,CARD115,BAIAP3,IL1F9,CD25,CD141,PHTF2,DDX41
PUMA,GGTLC68,ZAP70,,PROM1,TSR3,ICOS,CD107B,ACAT1,IL1RL2,NLRP6,CD440,,CD278,NCF4,CD335,HLA-DRB139,PDPN,ERFE,MAPKAPK80,IL4,CD159x,CD424,RPL111,KLRF132,TSR3,CASP8,CD113,,,RP11-561B11.6,TSR3,FLT3,TSR3,IRF1,TSR3,NR4A3,VWF,SKAP2,CD449,TSR3,CD117,CD401,ALOX5AP,CD128,CD64,SREBF1,S100A142,TSR3,SPI1,IL1RL2,SLC38A9,PGAM2,NFKB44,CD72,MCL1,MAP2K7,KIR2DS2,GTF2H3,ITGBL10,PTGDS,PAF1,CREBBP,CD407,CD137,CD289,CD276,CCL14,TSR3,RHOBTB30,ANXA2,CD400,DDX41,IL1RL2,IKZF19,CD48,KRAS,TSR3,AMPD1,,SMAD3,GGCT,MAPK67,TSR3,ATP5MC1,SP1,CDK2,TSR3,FcγRIIIB,CD40,TNFSF10,PDL2,FUCA2,CARD116,TSR3,IL1R1,CD28,CD142,CCL26,TMEM173
NOXA,GGTLC69,BTK,,CCDC124,PIGQ,BTLA,CD109,ACAT2,IL1RL2,NLRP12,CD441,,CD279,CFL1,CD336,HLA-DRB140,S100A8,MMP8,MAPKAPK81,IL5,CD159y,CD425,RPL112,KLRF133,PIGQ,CASP9,CD114,,,RP11-69J7.1,PIGQ,M-CSF,PIGQ,IRF2,PIGQ,PPARG,GP1BA,MCUB,CD450,PIGQ,CD34,CD402,ANXA3,CD129,CD31,SREBF2,S100A143,PIGQ,PECAM1,IL1RL2,SLC7A5,ENO1,NFKB45,CD73,BAD,MAP3K1,KIR2DS3,EIF2B1,ITGBL11,PTGIS,VPS41,EP300,CD408,CD137L,CD290,CD278,CCL15,PIGQ,RHOBTB31,ANXA5,,TREX1,IL1RL2,IKZF20,CD160,HRAS,PIGQ,AMPD2,,SMAD4,DBF4,MAPK68,PIGQ,ATP5MC2,SP2,CDK4,PIGQ,FcεRI,CD45,TNFSF11,LAG3,GCLC,CARD117,PIGQ,IL1R2,CD38,CD143,FARP2,CGAS
CASP3,GGTLC70,TEC,,CEACAM21,CRAMP1,HAVCR2,CD112,HMGCR,IL1RL2,CARD8,CD442,,CD283,FPR1,CD337,HLA-DRB141,S100A9,ADAMTS2,MAPKAPK82,IL9,CD159z,CD426,RPL113,KLRF134,CRAMP1,CASP3,CD115,,,RP11-157G21.2,CRAMP1,GM-CSF,CRAMP1,IRF3,CRAMP1,PPARA,GP1BB,HOXA11,CD451,CRAMP1,CD66b,CD403,ALPL,CD130,CD177,INSIG1,S100A144,CRAMP1,PDPN,IL1RL2,SLC7A8,ENO2,NFKB46,CD74,BID,MAP3K2,KIR2DS4,IL26,ITGBL12,PTGER1,ARHGAP44,FOS,CD409,OX40,CD291,CD357,CCL16,CRAMP1,RHOBTB32,ANXA6,,SAMHD1,IL1RL2,IKZF21,CD96,NRAS,CRAMP1,AMPD3,,SMAD5,TBXA2R,MAPK69,CRAMP1,ATP5MC3,SP3,CDK6,CRAMP1,FcαRI,CD56,TNFSF12,HAVCR2,NFYA,CARD118,CRAMP1,IL1RAP,CD40,CD144,USH1C,MB21D1
CASP7,GGTLC71,ITK,,PAFAH1B1,TEAD3,LAG3,CD117,MVK,IL1RL2,CARD9,CD443,,CD284,ALOX5AP,CD338,HLA-DRB142,ANXA3,CD177,MAPKAPK83,IL13,CD160,CD427,RPL114,KLRF135,TEAD3,CASP6,CD116,,,ZBTB1,TEAD3,G-CSF,TEAD3,IRF4,TEAD3,PPARD,GP9,POLR2J,CD452,TEAD3,CD64,CD404,NCF4,CD131,CD66b,INSIG2,S100A145,TEAD3,CXCL8,IL1RL2,SLC7A11,ENO3,NFKB47,CD75,BIRC2,MAP3K3,KIR2DS5,IFNG,ITGBL13,PTGER2,ELAC2,FOSB,CD410,OX40L,CD292,CD366,CCL17,TEAD3,RHOBTB33,ALDOA,,RNASEL,IL1RL2,IKZF22,TIGIT,SOS1,TEAD3,ADORA1,,SMAD6,IFRD1,MAPK70,TEAD3,ATP5ME,SP4,CDKN1A,TEAD3,FcμR,CD79A,TNFSF13,TIGIT,STPG1,CARD119,TEAD3,IL1RL1,CD40LG,CD145,GGCT,TREX2
CASP8,GGTLC72,TXK,,NOS2,SELE,ENTPD1,CD118,PMVK,IL1RL2,CARD10,CD444,,CD285,MMP9,CD339,HLA-DRB143,ALPL,TRBV11-2,MAPKAPK84,IL15,CD161,CD428,RPL115,KLRF136,SELE,CASP7,CD117,,,IFI30,SELE,TPO,SELE,IRF5,SELE,RXRA,GP5,DHX33,CD453,SELE,CX3CR1,CD405,CFL1,CD132,CD117,SCAP,S100A146,SELE,MMP8,IL1RL2,SLC7A1,PKM,NFKB48,CD76,BIRC3,MAP3K4,KIR3DS1,SRSF3,ITGBL14,PTGER3,SCIN,FOSL1,CD411,ICOS,CD293,CD370,CCL18,SELE,RHOBTB34,ALDOB,,ADAR,IL1RL2,IKZF23,LILRB1,SOS2,SELE,ADORA2A,,SMAD7,LGALS14,MAPK71,SELE,ATP5MF,ELK1,CDKN1B,SELE,FcRL1,CD79B,TNFSF13B,BTLA,NIPAL3,CARD120,SELE,IL1RL2,CD80,CD146,DBF4,RNASEL
CASP9,GGTLC73,RLK,,DNAH9,DNAJC11,ADORA2A,CD119,MVD,IL1RL2,CARD11,CD445,,CD286,S100A8,CD340,HLA-DRB144,NCF4,KLRF1,MAPKAPK85,IL21,CD162,CD429,RPL116,KLRF137,DNAJC11,GZMA,CD118,,,EIF3B,DNAJC11,MPL,DNAJC11,IRF6,DNAJC11,RXRB,ITGA2B,MEOX1,CD454,DNAJC11,IL-1Ra,CD406,TSPO,CD133,CD34,MBTPS1,S100A147,DNAJC11,ADAMTS2,IL1RL2,SLC7A2,LDHA,NFKB49,CD77,XIAP,MAP3K5,NCR1,IL17A,ITGBL15,PTGER4,MYH13,FOSL2,CD412,ICOSLG,CD294,CD371,CCL19,DNAJC11,RHOBTB35,ALDOC,,PKR,IL1RL2,IKZF24,LILRB2,GRB2,DNAJC11,ADORA2B,,NOTCH1,COX10,MAPK72,DNAJC11,ATP5MG,ELK3,CDKN2A,DNAJC11,FcRL2,CD81,TNFSF14,ICOS,ENPP4,CARD121,DNAJC11,IL1RL2,CD86,CD147,TBXA2R,ELANE
CASP10,GGTLC74,JAK2,,KIAA0100,FMO3,SIRPA,CD120A,IDI1,IL1RL2,CARD14,CD446,,CD287,S100A9,CD341,HLA-DRB145,CFL1,KLRB1,MAPKAPK86,IL22,CD163,CD430,RPL117,KLRF138,FMO3,GZMB,CD119,,,RN7SL634P,FMO3,EPO,FMO3,IRF7,FMO3,RXRG,ITGB3,THSD7A,CD455,FMO3,S100A,CD407,S100A12,CD134,CD64,MBTPS2,S100A148,FMO3,IFIT2,IL1RL2,SLC7A3,LDHB,NFKB50,CD78,CASP1,MAP3K7,NCR2,IL17F,ITGBL16,PTGFR,ADIPOR2,JUN,CD413,CD30,CD295,CD372,CCL20,FMO3,RHOBTB36,ENO1,,EIF2AK2,IL1RL2,IKZF25,LILRB3,SHC1,FMO3,ADORA3,,NOTCH2,GTF2IRD1,MAPK73,FMO3,ATP5PB,ELK4,CDKN2B,FMO3,FcRL3,CD86,TNFSF15,ICOSLG,SEMA3F,CARD122,FMO3,IL1RL2,CD137,CD148,IFRD1,MPO
CASP12,GGTLC75,JAK3,,SLC13A2,MYLIP,CD47,CD120B,FDPS,IL1RL2,CARD15,CD447,,CD288,ANXA3,CD342,HLA-DRB146,FPR1,ISG15,MAPKAPK87,IL24,CD164,CD431,RPL118,KLRF139,MYLIP,GZMH,CD120a,,,RNU6-1319P,MYLIP,EPOR,MYLIP,IRF8,MYLIP,VDR,CD36,LIG3,CD456,MYLIP,IL-1β,CD408,SPI1,CD135,CD31,MTOR,S100A149,MYLIP,SIGLEC1,IL1RL2,SLC7A4,PDHA1,NFKB51,CD79,CASP4,MAP4K1,NCR3,CILK1,ITGBL17,PTGIR,CDKL3,JUNB,CD414,CD30L,CD296,CD373,CCL21,MYLIP,RHOBTB37,ENO2,,EIF2A,IL1RL2,IKZF26,LILRB4,CBL,MYLIP,SLC2A1,,NOTCH3,PAF1,MAPK74,MYLIP,ATP5PD,ETS1,RB1,MYLIP,FcRL4,CD95,TNFSF18,TNFRSF4,CFTR,CARD123,MYLIP,IL1RL2,CD137L,CD149,LGALS14,PRTN3
FADD,GGTLC76,TYK2,,GAS7,E2F2,ITIM1,CD121A,FDFT1,IL1RL2,IFI16,CD448,,CD289,ALPL,CD343,HLA-DRB147,ALOX5AP,SIGLEC1,MAPKAPK88,IL26,CD165,CD432,RPL119,KLRF140,E2F2,GZMK,CD120b,,,NUCB2,E2F2,IFNAR1,E2F2,IRF9,E2F2,RORC,CD47,RPAP3,CD457,E2F2,IL-6,CD409,PECAM1,CD136,CD177,AKT1,S100A150,E2F2,IFI27,IL1RL2,SLC7A6,PDHB,NFKB52,CD80,CASP5,MAP4K2,FCGR3A,E2F3,ITGBL18,TBXA2R,UPP2,JUND,CD415,GITR,CD297,CD374,CCL22,E2F2,RHOBTB38,ENO3,,ATF4,IL1RL2,IKZF27,LILRB5,CRK,E2F2,SLC2A3,,NOTCH4,VPS41,MAPK75,E2F2,ATP5PF,ETS2,E2F1,E2F2,FcRL5,CD96,TNFSF4,TNFRSF9,ANKIB1,CARD124,E2F2,IL1RL2,CD154,CD150,COX10,CTSG
FAS,GGTLC77,STAT2,,TRAPPC6A,PSMB1,ITIM2,CD121B,SQLE,IL1RL2,PYHIN1,CD449,,CD290,NCF4,CD344,HLA-DRB148,MMP9,IFIT2,MAPKAPK89,IL31,CD166,CD433,RPL120,KLRF141,PSMB1,PRF1,CD121a,,,MZF1-AS1,PSMB1,IFNAR2,PSMB1,SOCS1,PSMB1,RORA,CD40LG,ACSM3,CD458,PSMB1,TNF-α,CD410,PDPN,CD137,CD66b,AKT2,S100A151,PSMB1,IFI44L,IL1RL2,SLC7A7,PDHX,NFKB53,CD81,CASP6,MAP4K3,FCGR3B,ARFGEF3,ITGBL19,TBXAS1,PRSS21,ATF1,CD416,GITRL,CD298,CD375,CCL23,PSMB1,RHOBTB39,GPI,,CHOP,IL1RL2,IKZF28,LILRA1,CRKL,PSMB1,SLC2A4,,JAG1,ARHGAP44,MAPK76,PSMB1,ATP5PO,ETV1,E2F2,PSMB1,FcRL6,CD97,TNFSF6,TNFRSF18,CYP51A1,CARD125,PSMB1,IL1RL2,CD226,CD151,GTF2IRD1,LTF
FASLG,GGTLC78,STAT3,,MATK,JARID2,ITIM3,CD122,LSS,IL1RL2,MNDA,CD450,,CD291,CFL1,CD345,HLA-DRB149,PECAM1,IFI27,MAPKAPK90,IL33,CD167,CD434,RPL121,KLRF142,JARID2,FAS,CD121b,,,LINC00317,JARID2,IFNGR1,JARID2,SOCS2,JARID2,ROR1,SELE,REXO5,CD459,JARID2,IL-10,CD411,TLR4,CD138,CD117,AKT3,S100A152,JARID2,ISG15,IL1RL2,SLC7A9,DLAT,NFKB54,CD82,CASP7,MAP4K4,CD16,VEGFA,ITGBL20,PPBP,MARK4,ATF2,CD417,4-1BB,CD299,CD376,CCL24,JARID2,RHOBTB40,PFKFB3,,XBP1,IL1RL2,IKZF29,LILRA2,VAV1,JARID2,HK1,,JAG2,ELAC2,MAPK77,JARID2,ATP5S,ETV2,E2F3,JARID2,TCRα,CD99,TNFSF8,GZMB,KRIT1,CARD126,JARID2,IL1RL2,CD244,CD152,PAF1,AZU1
TRADD,GGTLC79,STAT4,,CEACAM7,CAMK1G,ITIM4,CD123,DHCR7,IL1RL2,AIM2,CD451,,CD292,FPR1,CD346,HLA-DRB150,PDPN,IFI44L,MAPKAPK91,IL34,CD168,CD435,RPL122,KLRF143,CAMK1G,FASLG,CD122,,,LRFN3,CAMK1G,IFNGR2,CAMK1G,SOCS3,CAMK1G,ROR2,SELPLG,CIAPIN1,CD460,CAMK1G,MCP-1,CD412,IL6,CD139,CD34,PIK3CA,S100A153,CAMK1G,IFIT3,IL1RL2,SLC7A10,DLD,NFKB55,CD83,CASP8,MAP4K5,CD56,KIF20A,ITGBL21,PF4,PROM1,ATF3,CD418,4-1BBL,CD300,CD377,CCL25,CAMK1G,RHOBTB41,PFKL,,ERN1,IL1RL2,IKZF30,LILRA3,VAV2,CAMK1G,HK2,,DLL1,SCIN,MAPK78,CAMK1G,ATP5SL,ETV3,E2F4,CAMK1G,TCRβ,CD100,TNFSF9,PRF1,RAD52,CARD127,CAMK1G,IL1RL2,CD247,CD153,VPS41,DEFA1
TNFSF10,GGTLC80,STAT5A,,CD79B,CDK11A,ITIM5,CD124,DHCR24,IL1RL2,ZBP1,CD452,,CD293,ALOX5AP,CD347,HLA-DRB151,TSPO,IFIT3,MAPKAPK92,IL36G,CD169,CD436,RPL123,KLRF144,CDK11A,FADD,CD123,,,RP11-157D6.2,CDK11A,JAK1,CDK11A,SOCS4,CDK11A,ROR3,ICAM1,SPPL2B,CD461,CDK11A,TLR-1,CD413,IL10,CD140A,CD64,PIK3CB,S100A154,CDK11A,ITGA7,IL1RL2,SLC7A12,CS,NFKB56,CD84,CASP9,MAPKAPK2,CD57,FAF2,ITGBL22,CXCL4L1,CCDC124,ATF4,CD419,LIGHT,CD301,CD378,CCL26,CDK11A,RHOBTB42,PGK1,,HSPA5,IL1RL2,IKZF31,LILRA4,VAV3,CDK11A,HK3,,DLL3,MYH13,MAPK79,CDK11A,ATP5IF1,ETV4,E2F5,CDK11A,TCRγ,CD101,TNFSF10,FAS,MYH16,CARD128,CDK11A,IL1RL2,CD27,CD154,ARHGAP44,DEFA3
TNFRSF10A,GGTLC81,STAT5B,,SCN4A,NADK,SH2D1A,CD125,CYP51A1,IL1RL2,DHX9,CD453,,CD294,MMP9,CD348,HLA-DRB152,S100A12,ITGA7,MAPKAPK93,IL37,CD170,CD437,RPL124,KLRF145,NADK,BID,CD124,,,HAGLR,NADK,JAK2,NADK,SOCS5,NADK,ROR4,VCAM1,FAM214B,CD462,NADK,TLR-5,CD414,HERV-W,CD140B,CD31,PIK3CD,S100A155,NADK,CDHR1,IL1RL2,SLC7A13,ACO2,NFKB57,CD85,CASP10,MAPKAPK3,CD69,IL12B,ITGBL23,CXCL7,CEACAM21,ATF5,CD420,HVEM,CD302,CD379,CCL27,NADK,RHOBTB43,PKM,,EIF2S1,IL1RL2,IKZF32,LILRA5,RAC1,NADK,PFKFB1,,DLL4,ADIPOR2,MAPK80,NADK,ATP6V0A1,ETV5,E2F6,NADK,TCRδ,CD102,TNFSF11,FASLG,LAP3,CARD129,NADK,IL1RL2,CD70,CD155,ELAC2,DEFA4
TNFRSF10B,GGTLC82,STAT6,,ST7L,TFAP2B,SH2D1B,CD126,SC5D,IL1RL2,DHX36,CD454,,CD295,S100A8,CD349,HLA-DRB153,CD31,CDHR1,MAPKAPK94,IL38,CD171,CD438,RPL125,KLRF146,TFAP2B,BAX,CD125,,,MIR5692C2,TFAP2B,TYK2,TFAP2B,SOCS6,TFAP2B,NOTCH1,PECAM1,COPZ2,CD463,TFAP2B,TLR-8,CD415,HERV-K,CD141,CD177,PIK3CG,S100A156,TFAP2B,PGF,IL1RL2,SLC7A14,IDH3A,NFKB58,CD86,CASP12,MAPKAPK5,CD25,RASGRF2,ITGBL24,CXCL5,PAFAH1B1,ATF6,,TRAIL,CD303,CD380,CCL28,TFAP2B,RHOBTB44,TPI1,,GADD34,IL1RL2,IKZF33,LILRA6,RAC2,TFAP2B,PFKFB2,,HES1,CDKL3,MAPK81,TFAP2B,ATP6V0A2,ETV6,E2F7,TFAP2B,CD3ε,CD103,TNFSF12,CASP3,HS3ST1,CARD130,TFAP2B,,CD95,CD156a,SCIN,HAMP
TNFRSF10C,GGTLC83,SOCS2,,PAX6,TFAP2D,SAP,CD127,NSDHL,IL1RL2,DDX41,CD455,,CD296,S100A9,CD350,HLA-DRB154,PDPN,PGF,MAPKAPK95,IL1A,CD172a,CD439,RPL126,KLRF147,TFAP2D,BAK1,CD126,,,RP11-122M14.1,TFAP2D,STAT2,TFAP2D,SOCS7,TFAP2D,NOTCH2,CDH5,PRKAR2B,CD464,TFAP2D,CD31,CD416,Syn-1,CD142,CD66b,PTEN,S100A157,TFAP2D,ERFE,IL1RL2,SLC7A15,IDH3B,NFKB59,CD87,GZMB,RPS6KA1,CD122,IL4,ITGBL25,CXCL1,NOS2,ATF7,,TRAILR1,CD304,CD381,CXCL1,TFAP2D,RHOBTB45,LDHA,,PPP1R15A,IL1RL2,IKZF34,SIGLEC7,CDC42,TFAP2D,PFKFB3,,HES5,UPP2,MAPK82,TFAP2D,ATP6V0A3,ETV7,E2F8,TFAP2D,CD3δ,CD104,TNFSF13,CASP8,AOC1,CARD131,TFAP2D,,CD95L,CD156b,MYH13,HP
TNFRSF10D,GGTLC84,SOCS4,,RPUSD1,DLEC1,EAT2,CD128,HSD17B7,IL1RL2,IFI204,CD456,,CD297,ANXA3,CD351,HLA-DRB155,S100A8,ERFE,MAPKAPK96,IL1F10,CD172b,CD440,RPL127,KLRF148,DLEC1,BCL2,CD127,,,PPIAP3,DLEC1,STAT3,DLEC1,PIAS1,DLEC1,NOTCH3,CLDN5,CREBBP,CD465,DLEC1,CD177,CD417,ASCT-1,CD143,CD117,TSC1,S100A158,DLEC1,KLRF1,IL1RL2,SLC7A16,IDH3G,NFKB60,CD88,PRF1,RPS6KA2,CD132,IL5,ITGBL26,CXCL2,DNAH9,EGR1,,TRAILR2,CD305,CD382,CXCL2,DLEC1,RHOBTB46,LDHB,,PPP1CA,IL1RL2,IKZF35,SIGLEC9,RHOG,DLEC1,PFKFB4,,HEY1,PRSS21,MAPK83,DLEC1,ATP6V0A4,ERG,TP53,DLEC1,CD3γ,CD105,TNFSF13B,CASP9,WNT16,CARD132,DLEC1,,CD11a,CD157,ADIPOR2,ORM1
TRAIL,GGTLC85,SOCS5,,RHBDF1,CYTH3,DOK1,CD129,EBP,IL1RL2,IFI205,CD457,,CD298,ALPL,CD352,HLA-DRB156,S100A9,MMP8,MAPKAPK97,IL1F5,CD172c,CD441,RPL128,KLRF149,CYTH3,BCL2L1,CD128,,,RP11-104J23.1,CYTH3,STAT4,CYTH3,PIAS2,CYTH3,NOTCH4,JAM1,TSPOAP1,CD466,CYTH3,S100A12,CD418,ASCT-2,CD144,CD34,TSC2,S100A159,CYTH3,KLRB1,IL1RL2,SLC7A17,OGDH,NFKB61,CD89,FAS,RPS6KA3,CD45RA,ZNF346,ITGBL27,CXCL3,KIAA0100,EGR2,,FAS,CD306,CD383,CXCL3,CYTH3,RHOBTB47,GAPDH,,PPP1CB,IL1RL2,IKZF36,SIGLEC10,RHOC,CYTH3,PFKM,,HEY2,MARK4,MAPK84,CYTH3,ATP6V0B,FLI1,MDM2,CYTH3,CD3ζ,CD106,TNFSF14,BCL2,HECW1,CARD133,CYTH3,,CD11b,CD158a,CDKL3,ORM2
DR4,GGTLC86,SOCS6,,LUC7L,ADAM22,DOK2,CD130,TM7SF2,IL1RL2,IFI206,CD458,,CD299,NCF4,CD353,HLA-DRB157,ANXA3,ADAMTS2,MAPKAPK98,IL1F6,CD172d,CD442,RPL129,KLRF150,ADAM22,BCL2L11,CD129,,,LYN,ADAM22,STAT5A,ADAM22,PIAS3,ADAM22,DLL1,ESAM,PON1,CD467,ADAM22,IL15,CD419,Syn-2,CD145,CD64,RHEB,S100A160,ADAM22,TRBV11-2,IL1RL2,SLC7A18,DLST,NFKB62,CD90,FASLG,RPS6KA4,CD45RO,SELENOK,ITGBL28,CXCL6,SLC13A2,EGR3,,FASLG,CD307,CD384,CXCL4,ADAM22,RHOBTB48,PGAM1,,PPP1CC,IL1RL2,IKZF37,SIGLEC11,RHOA,ADAM22,ALDOA,,NRP1,PROM1,MAPK85,ADAM22,ATP6V0C,FOS,MDM4,ADAM22,CD4,CD107A,TNFSF15,BAX,MAD1L1,CARD134,ADAM22,,CD11c,CD158b,UPP2,SAA1
DR5,GGTLC87,SOCS7,,CACNA2D2,SYPL1,DOK3,CD131,DHCR14,,IFI207,CD459,,CD300A,CFL1,CD354,HLA-DRB158,ALPL,CD177,MAPKAPK99,IL1F7,CD172e,CD443,RPL130,KLRF151,SYPL1,MCL1,CD130,,,CYP3A52P,SYPL1,STAT5B,SYPL1,PIAS4,SYPL1,DLL3,OCLN,GCFC2,CD468,SYPL1,IL15RA,CD420,MFSD2A,CD146,CD31,RPTOR,S100A161,SYPL1,TLR4,IL1RL2,SLC7A19,DLD,NFKB63,CD91,TNFRSF1A,RPS6KA5,CD62L,HHLA2,ITGBL29,CXCL9,GAS7,EGR4,,TNFRSF1A,CD308,CD385,CXCL5,SYPL1,RHOBTB49,PGAM2,,ATF6,IL1RL2,IKZF38,SIGLEC14,ROCK1,SYPL1,ALDOB,,NRP2,CCDC124,MAPK86,SYPL1,ATP6V0D1,JUN,ATM,SYPL1,CD8α,CD107B,TNFSF18,BAK1,LASP1,CARD135,SYPL1,,CD18,CD158c,PRSS21,SAA2
DcR1,GGTLC88,PIAS1,,BAIAP3,CYB561,DOK4,CD132,MSMO1,,IFI208,CD460,,CD300C,FPR1,CD355,HLA-DRB159,NCF4,TRBV11-2,MAPKAPK100,IL1F8,CD172f,CD444,RPL131,KLRF152,CYB561,BAD,CD131,,,OR4A9P,CYB561,STAT6,CYB561,USP18,CYB561,DLL4,TJP1,WDR54,CD469,CYB561,HERV-W,CD421,IFNγ,CD147,CD177,MLST8,S100A162,CYB561,HERV-W,IL1RL2,SLC7A20,SDHA,NFKB64,CD92,TNFRSF1B,RPS6KA6,CCR7,ARHGEF26,ITGBL30,CXCL10,TRAPPC6A,SP1,,TNFRSF1B,CD309,CD386,CXCL6,CYB561,RHOBTB50,TALDO1,,ATF3,IL1RL2,IKZF39,SIGLEC15,ROCK2,CYB561,ALDOC,,EFNB2,CEACAM21,MAPK87,CYB561,ATP6V0D2,JUND,ATR,CYB561,CD8β,CD109,TNFSF4,MCL1,SNX11,CARD136,CYB561,,CD29,CD158d,MARK4,CRP
DcR2,GGTLC89,PIAS2,,TSR3,SPAG9,DOK5,CD133,,,IFI209,CD461,,CD300E,ALOX5AP,CD356,HLA-DRB160,CFL1,KLRF1,MAPKAPK101,IL1F9,CD172g,CD445,RPL132,KLRF153,SPAG9,BAG1,CD132,,,RNU2-20P,SPAG9,SOCS1,SPAG9,ISG15,SPAG9,JAG1,ZO1,CROT,CD470,SPAG9,HERV-K,CD422,IL-17,CD148,CD66b,DEPTOR,S100A163,SPAG9,HERV-K,IL1RL2,SLC7A21,SDHB,NFKB65,CD93,TRADD,RPS6KB1,CXCR3,IL1A,ITGBL31,CXCL11,MATK,SP2,,LTBR,CD310,CD387,CXCL7,SPAG9,RHOBTB51,TKT,,DDIT3,IL1RL2,IKZF40,CEACAM1,ARHGEF1,SPAG9,GPI,,EPHB4,PAFAH1B1,MAPK88,SPAG9,ATP6V0E1,JUNB,CHEK1,SPAG9,CD19,CD110,TNFSF6,BID,TMEM176A,CARD137,SPAG9,,CD49d,CD158e,PROM1,FGA
,GGTLC90,PIAS3,,PIGQ,CELSR3,DOK6,CD134,,,IFI210,CD462,,CD300F,MMP9,CD357,HLA-DRB161,FPR1,KLRB1,MAPKAPK102,IL2RA,CD172h,CD446,RPL133,KLRF154,CELSR3,BAG3,CD133,,,CTC-510F12.7,CELSR3,SOCS3,CELSR3,MX1,CELSR3,JAG2,GJA4,ABCB4,CD471,CELSR3,Syn-1,CD423,IL-1β,CD149,CD117,RICTOR,S100A164,CELSR3,Syncytin-1,IL1RL2,SLC7A22,SDHC,NFKB66,CD94,FADD,RPS6KB2,CCR5,CCL20,ITGBL32,CCL2,CEACAM7,SP3,,NOD1,CD311,CD388,CXCL9,CELSR3,RHOBTB52,G6PD,,HERPUD1,IL1RL2,IKZF41,CEACAM3,ARHGEF2,CELSR3,TPI1,,ROBO4,NOS2,MAPK89,CELSR3,ATP6V0E2,MMP1,CHEK2,CELSR3,CD20,CD111,TNFSF8,BIM,M6PR,CARD138,CELSR3,,CD49e,CD158f,CCDC124,FGB
,GGTLC91,PIAS4,,CRAMP1,AASS,,CD135,,,IFI211,CD463,,CD300G,S100A8,CD358,HLA-DRB162,ALOX5AP,ISG15,MAPKAPK103,IL2RB,CD172i,CD447,RPL134,KLRF155,AASS,BAG4,CD134,,,RNY4P20,AASS,PIK3CA,AASS,MX2,AASS,HES1,GJA5,KMT2E,CD472,AASS,ASCT-1,CD424,TRBV11-2,CD150,CD34,PRKAA1,S100A165,AASS,ASCT-1,IL1RL2,SLC7A23,SDHD,NFKB67,CD95,RIPK1,RPS6KC1,CXCR5,SF3B6,ITGBL33,CCL3,CD79B,SP4,,NOD2,CD312,CD389,CXCL11,AASS,RHOBTB53,PGLS,,DNAJB9,IL1RL2,IKZF42,CEACAM4,ARHGEF6,AASS,GAPDH,,SLIT2,DNAH9,MAPK90,AASS,ATP6V1A,MMP2,BRCA1,AASS,CD21,CD112,TNFSF9,PUMA,CYP26B1,CARD139,AASS,,CD54,CD158g,CEACAM21,FGG
,GGTLC92,CBL,,TEAD3,PLEKHG6,,CD136,,,IFI212,CD464,,CD300H,S100A9,CD359,HLA-DRB163,MMP9,SIGLEC1,MAPKAPK104,IL2RG,CD172j,CD448,RPL135,KLRF156,PLEKHG6,BAG5,CD135,,,LINC02369,PLEKHG6,PIK3CB,PLEKHG6,OAS1,PLEKHG6,HES5,VEZT,RHBDD2,CD473,PLEKHG6,ASCT-2,CD425,KLRF1,CD151,CD64,PRKAA2,S100A166,PLEKHG6,ASCT-2,IL1RL2,SLC7A24,FH,NFKB68,CD96,RIPK3,RPS6KL1,CX3CR1,GTF3C2,ITGBL34,CCL5,SCN4A,SP5,,RIPK2,CD313,CD390,CXCL12,PLEKHG6,RHOBTB54,H6PD,,DNAJC3,IL1RL2,IKZF43,CEACAM5,ARHGEF7,PLEKHG6,PGK1,,FOXC1,KIAA0100,MAPK91,PLEKHG6,ATP6V1B1,MMP3,BRCA2,PLEKHG6,CD22,CD113,TNFSF10,NOXA,ICA1,CARD140,PLEKHG6,,CD62L,CD158h,PAFAH1B1,PLG
,GGTLC93,CBLB,,DNAJC11,SS18L2,,CD137,,,IFI213,CD465,,CD301,ANXA3,CD360,HLA-DRB164,PECAM1,IFIT2,MAPKAPK105,IL4R,CD172k,CD449,RPL136,KLRF157,SS18L2,BAG6,CD136,,,OR8B4,SS18L2,PIK3CD,SS18L2,OAS2,SS18L2,HEY1,PLVAP,SOX8,CD474,SS18L2,Syn-2,CD426,KLRB1,CD152,CD31,PRKAB1,S100A167,SS18L2,Syncytin-2,IL1RL2,SLC7A25,MDH1,NFKB69,CD97,MLKL,,GZMA,EIF2B4,ITGBL35,CCL7,ST7L,SP6,,CARD9,CD314,CD391,CXCL13,SS18L2,RHOBTB55,PRPS1,,HSP90B1,IL1RL2,IKZF44,CEACAM6,ARHGEF10,SS18L2,PGAM1,,FOXC2,SLC13A2,MAPK92,SS18L2,ATP6V1B2,MMP7,RAD51,SS18L2,CD23,CD114,TNFSF11,CYCS,DBNDD1,CARD141,SS18L2,,CD62P,CD158i,NOS2,SERPINA1
,GGTLC94,CBLC,,FMO3,MPND,,CD138,,,IFI214,CD466,,CD302,ALPL,CD361,HLA-DRB165,PDPN,IFI27,MAPKAPK106,IL6R,CD172l,CD450,RPL137,KLRF158,MPND,BIRC2,CD137,,,RP5-1039K5.16,MPND,PIK3CG,MPND,OAS3,MPND,HEY2,MCAM,IBTK,CD475,MPND,MFSD2A,CD427,ISG15,CD153,,PRKAB2,S100A168,MPND,MFSD2A,IL1RL2,SLC7A26,MDH2,NFKB70,CD98,CYLD,,GZMH,STAT1,ITGBL36,CCL8,PAX6,SP7,,MALT1,CD315,CD392,CXCL14,MPND,RHOBTB56,PRPS2,,HSP90AA1,IL1RL2,IKZF45,CEACAM7,ARHGEF12,MPND,ENO1,,SOX7,GAS7,MAPK93,MPND,ATP6V1C1,MMP8,RAD52,MPND,CD24,CD115,TNFSF12,DIABLO,ALS2,CARD142,MPND,,CD103,CD158j,DNAH9,SERPINA3
,GGTLC95,CBLD,,,,,CD139,,,IFI215,CD467,,CD303,NCF4,CD362,HLA-DRB166,TSPO,IFI44L,MAPKAPK107,IL6ST,CD172m,,RPL138,KLRF159,,BIRC3,CD138,,,,,AKT1,,OASL,,NRARP,CD34,,CD476,,IL-6,CD428,SIGLEC1,CD154,,PRKAG1,S100A169,,IL6,IL1RL2,SLC7A27,PC,NFKB71,CD99,NLRP6,,GZMK,,ITGBL37,CCL11,,SP8,,BCL10,CD316,CD393,CXCL16,,RHOBTB57,IMPDH1,,HSP90AB1,IL1RL2,IKZF46,CEACAM8,DOCK2,,ENO2,,SOX17,,MAPK94,,ATP6V1C2,MMP9,RAD54L,,CD25,CD116,TNFSF13,AIFM1,,CARD143,,,CD106,CD158k,,SERPINF2
,GGTLC96,GRB2,,,,,CD140A,,,IFI216,CD468,,CD304,CFL1,CD363,HLA-DRB167,S100A12,IFIT3,MAPKAPK108,IL7R,CD172n,,RPL139,KLRF160,,BIRC5,CD139,,,,,AKT2,,RNASEL,,,CD31,,CD477,,IL-10,CD429,IFIT2,CD155,,PRKAG2,S100A170,,IL10,IL1RL2,SLC7A28,PCK1,NFKB72,CD100,NLRP9,,GZMM,,ITGBL38,CCL13,,SP9,,NLRP3,CD317,CD394,CXCL17,,RHOBTB58,IMPDH2,,HSPA1A,IL1RL2,IKZF47,,DOCK8,,ENO3,,GATA2,,MAPK95,,ATP6V1D,MMP10,RAD54B,,CD27,CD117,TNFSF13B,ENDOG,,CARD144,,,CD117,CD158l,,SERPINE1
,GGTLC97,SOS1,,,,,CD140B,,,IFI217,CD469,,CD305,FPR1,CD364,HLA-DRB168,CD31,ITGA7,MAPKAPK109,IL10RA,CD172o,,RPL140,KLRF161,,BIRC6,CD140a,,,,,AKT3,,EIF2AK2,,,CD146,,CD478,,TNF-α,CD430,IFI27,CD156,,PRKAG3,S100A171,,CCL4,IL1RL2,SLC7A29,PCK2,NFKB73,CD101,NLRP12,,PRF1,,ITGBL39,CCL17,,SP10,,NLRP1,CD318,CD395,,,RHOBTB59,GMPS,,HSPA1B,IL1RL2,IKZF48,,DOCK9,,PKM,,KLF2,,MAPK96,,ATP6V1E1,MMP12,NBN,,CD30,CD118,TNFSF14,DFFA,,CARD145,,,CD122,CD158m,,TFPI
,GGTLC98,SOS2,,,,,CD141,,,IFI218,CD470,,CD306,ALOX5AP,CD365,HLA-DRB169,PDPN,CDHR1,MAPKAPK110,IL10RB,CD172p,,RPL141,KLRF162,,XIAP,CD140b,,,,,MTOR,,ADAR,,,CD144,,CD479,,TLR-3,CD431,IFI44L,CD157,,CAMKK2,S100A172,,NF-κB,IL1RL2,SLC7A30,G6PD,NFKB74,CD102,PYCARD,,NKG7,,ITGBL40,CCL18,,SP11,,NLRC4,CD319,CD396,,,RHOBTB60,ADSS,,HSPA8,IL1RL2,IKZF49,,DOCK10,,LDHA,,KLF4,,MAPK97,,ATP6V1E2,MMP13,MRE11,,CD31,CD119,TNFSF15,DFFB,,CARD146,,,CD132,CD158n,,THBD
,GGTLC99,SHC1,,,,,CD142,,,IFI219,CD471,,CD307A,MMP9,CD366,HLA-DRB170,S100A8,PGF,MAPKAPK111,IL11RA,CD172q,,RPL142,KLRF163,,DIABLO,CD141,,,,,PTEN,,DDX58,,,CD106,,CD480,,TLR-4,CD432,IFIT3,CD158,,STK11,S100A173,,IRF-3,IL1RL2,SLC7A31,PGD,NFKB75,CD103,IL18,,LAMP1,,ITGBL41,CCL19,,SP12,,AIM2,CD320,CD397,,,RHOBTB61,ADSL,,HSPA9,IL1RL2,IKZF50,,DOCK11,,LDHB,,ERG,,MAPK98,,ATP6V1F,MMP14,BLM,,CD32,CD120A,TNFSF18,GATA3,,CARD147,,,CD137,CD158o,,VWF
,GGTLC100,SHC2,,,,,CD143,,,IFI220,CD472,,CD307B,,CD367,HLA-DRB171,S100A9,ERFE,MAPKAPK112,IL12RB1,CD172r,,RPL143,KLRF164,,SMAC,CD142,,,,,FOXO1,,IFIH1,,,CD105,,CD481,,TLR-7,CD433,ITGA7,CD159,,LKB1,S100A174,,TREM1,IL1RL2,SLC7A32,TKT,NFKB76,CD104,IL18R1,,RUNX3,,ITGBL42,CCL20,,SP13,,PYCARD,CD321,CD398,,,RHOBTB62,AMPD1,,HSPB1,IL1RL2,IKZF51,,DOCK5,,LDHC,,ETV2,,MAPK99,,ATP6V1G1,MMP15,WRN,,CD33,CD120B,TNFSF4,TBX21,,CARD148,,,CD161,CD158p,,F2
,,SHC3,,,,,CD144,,,IFI221,CD473,,CD307C,,CD368,HLA-DRB172,ANXA3,MMP8,MAPKAPK113,IL12RB2,CD172s,,RPL144,KLRF165,,CYCS,CD143,,,,,FOXO3,,IFI16,,,CD102,,CD482,,TLR-9,CD434,CDHR1,CD160,,AMPD1,S100A175,,IL-6,IL1RL2,SLC7A33,TALDO1,NFKB77,CD105,IL18RAP,,EOMES,,ITGBL43,CCL21,,SP14,,CASP4,CD322,CD399,,,RHOBTB63,AMPD2,,HSPB8,IL1RL2,IKZF52,,DOCK1,,LDHD,,,,MAPK100,,ATP6V1G2,MMP16,FANCA,,CD34,CD121A,TNFSF6,RORC,,CARD149,,,CD226,CD158q,,F3
,,SHC4,,,,,CD145,,,IFI222,CD474,,CD307D,,CD369,HLA-DRB173,ALPL,ADAMTS2,MAPKAPK114,IL13RA1,CD172t,,RPL145,KLRF166,,AIFM1,CD144,,,,,FOXO4,,TLR1,,,CD99,,CD483,,IL1B,CD435,PGF,CD161,,AMPD2,S100A176,,IL-8,IL1RL2,SLC7A34,RPIA,NFKB78,CD106,IL1A,,TBX21,,ITGBL44,CCL22,,SP15,,CASP5,CD323,,,,RHOBTB64,AMPD3,,HSPH1,IL1RL2,IKZF53,,DOCK4,,PDK1,,,,,,ATP6V1G3,MMP17,FANCB,,CD35,CD121B,TNFSF8,FOXP3,,CARD150,,,CD244,CD158r,,F5
,,RASGRP1,,,,,CD146,,,IFI223,CD475,,CD307E,,CD370,HLA-DRB174,NCF4,,MAPKAPK115,IL13RA2,CD172u,,RPL146,KLRF167,,ENDOG,CD145,,,,,FOXO6,,TLR2,,,CD62E,,CD484,,S100A8,CD436,ERFE,CD162,,AMPD3,S100A177,,FAK,IL1RL2,SLC7A35,RPE,NFKB79,CD107,IL1R1,,GATA3,,ITGBL45,CCL23,,SP16,,CASP11,CD324,,,,RHOBTB65,NT5C,,HSPD1,IL1RL2,IKZF54,,DOCK3,,PDK2,,,,,,ATP6V1H,MMP19,FANCC,,CD37,CD122,TNFSF9,IL17A,,CARD151,,,CD247,CD158s,,F7
,,RASGRP2,,,,,CD147,,,IFI224,CD476,,CD308,,CD371,HLA-DRB175,CFL1,,MAPKAPK116,IL15RA,CD172v,,RPL147,KLRF168,,DFFA,CD146,,,,,GSK3B,,TLR3,,,CD62P,,CD485,,S100A9,CD437,ADAMTS2,CD163,,ADK,S100A178,,IL-1,IL1RL2,SLC7A36,PRPS1,NFKB80,CD108,IL1R2,,RORC,,ITGBL46,CCL24,,SP17,,CASP12,CD325,,,,RHOBTB66,NT5E,,HSPE1,IL1RL2,IKZF55,,DOCK6,,PDK3,,,,,,ATP6AP1,MMP20,FANCD2,,CD38,CD123,TNFSF10,IL17F,,CARD152,,,CD278,CD158t,,F10
,,RASGRP3,,,,,CD148,,,IFI225,CD477,,CD309,,CD372,HLA-DRB176,FPR1,,MAPKAPK117,IL17RA,CD172w,,RPL148,KLRF169,,DFFB,CD147,,,,,MAPK1,,TLR4,,,CD11A,,CD486,,ANXA3,CD438,CD31,CD164,,ADSL,S100A179,,CD31,IL1RL2,SLC7A37,PRPS2,NFKB81,CD109,IL1RL1,,BCL6,,ITGBL47,CCL25,,SP18,,GSDMD,CD326,,,,RHOBTB67,ENTPD1,,HSP90AA2P,IL1RL2,IKZF56,,DOCK7,,PDK4,,,,,,ATP6AP2,MMP21,FANCE,,CD39,CD124,TNFSF11,IL21,,CARD153,,,CD279,CD158u,,F12
,,RASGRP4,,,,,CD149,,,IFI226,CD478,,CD310,,CD373,HLA-DRB177,ALOX5AP,,MAPKAPK118,IL17RB,CD172x,,RPL149,KLRF170,,GADD45A,CD148,,,,,MAPK3,,TLR5,,,CD11B,,CD487,,ALPL,CD439,CD177+,CD165,,ADSS,S100A180,,PDPN,IL1RL2,SLC7A38,PFKFB1,NFKB82,CD110,IL1RN,,MKI67,,ITGBL48,CCL26,,SP19,,GSDME,CD327,,,,RHOBTB68,ENTPD2,,HSP90AB2P,IL1RL2,IKZF57,,DOCK13,,PDHA1,,,,,,ATP7A,MMP23B,FANCF,,CD44,CD125,TNFSF12,IL22,,CARD154,,,CD282,CD158v,,F13A1
,,RASGEF1A,,,,,CD150,,,IFI227,CD479,,CD311,,CD374,HLA-DRB178,MMP9,,MAPKAPK119,IL17RC,CD172y,,RPL150,KLRF171,,GADD45B,CD149,,,,,MAPK8,,TLR6,,,CD18,,CD488,,NCF4,CD440,S100A8/9,CD166,,ATIC,S100A181,,,IL1RL2,SLC7A39,PFKFB2,NFKB83,CD111,IL36A,,PCNA,,ITGBL49,CCL27,,SP20,,IL18BP,CD328,,,,RHOBTB69,ENTPD3,,HSP90B2P,IL1RL2,IKZF58,,DOCK14,,PDHA2,,,,,,ATP7B,MMP24,FANCG,,CD45,CD126,TNFSF13,IL23A,,CARD155,,,CD284,CD158w,,F13B
,,RASGEF1B,,,,,CD151,,,IFI228,CD480,,CD312,,CD375,HLA-DRB179,PECAM1,,MAPKAPK120,IL17RD,CD172z,,RPL151,KLRF172,,GADD45G,CD150,,,,,MAPK9,,TLR7,,,CD29,,CD489,,CFL1,CD441,MMP9,CD167,,GMPS,S100A182,,,IL1RL2,SLC7A40,PFKFB3,NFKB84,CD112,IL36B,,TOP2A,,ITGBL50,CCL28,,SP21,,IL1F10,CD329,,,,RHOBTB70,ENTPD4,,HSPA1L,IL1RL2,IKZF59,,DOCK15,,PDHB,,,,,,ATP8A1,MMP25,FANCI,,CD46,CD127,TNFSF13B,IL23R,,CARD156,,,CD294,CD158x,,PROS1
,,RASGEF1C,,,,,CD152,,,IFI229,,,CD313,,CD376,HLA-DRB180,PDPN,,MAPKAPK121,IL17RE,CD173,,RPL152,KLRF173,,TP53,CD151,,,,,MAPK14,,TLR8,,,CD49D,,CD490,,FPR1,CD442,FPR1,CD168,,GART,S100A183,,,IL1RL2,SLC7A41,PFKFB4,NFKB85,CD113,IL36G,,CCNA2,,,,,SP22,,IL36G,CD330,,,,RHOBTB71,ENTPD5,,HSPA14,IL1RL2,IKZF60,,DOCK16,,DLAT,,,,,,ATP8A2,MMP26,FANCL,,CD47,CD128,TNFSF14,IL12A,,CARD157,,,CD335,CD158y,,PROC
,,RASA1,,,,,CD153,,,IFI230,,,CD314,,CD377,HLA-DRB181,TSPO,,MAPKAPK122,IL18R1,CD174,,RPL153,KLRF174,,MDM2,CD152,,,,,ERK1,,TLR9,,,CD49E,,CD491,,ALOX5AP,CD443,ALOX5AP,CD169,,IMPDH1,S100A184,,,IL1RL2,SLC7A42,,NFKB86,CD114,IL36RN,,CCNB1,,,,,SP23,,IL37,CD331,,,,RHOBTB72,ENTPD6,,HSPA2,IL1RL2,IKZF61,,DOCK17,,DLD,,,,,,ATP8B1,MMP27,FANCM,,CD48,CD129,TNFSF15,IL12B,,CARD158,,,CD336,CD158z,,PROCR
,,RASA2,,,,,CD154,,,IFI231,,,CD315,,CD378,HLA-DRB182,S100A12,,MAPKAPK123,IL18RAP,CD175,,RPL154,KLRF175,,CDKN1A,CD153,,,,,ERK2,,TLR10,,,CD54,,CD492,,MMP9,CD444,ANXA3,CD170,,IMPDH2,S100A185,,,IL1RL2,SLC7A43,,NFKB87,CD115,IL37,,CCNB2,,,,,SP24,,IL38,CD332,,,,RHOBTB73,,,HSPA4,IL1RL2,IKZF62,,DOCK18,,PDHX,,,,,,ATP8B2,MMP28,PALB2,,CD49d,CD130,TNFSF18,IL12RB1,,CARD159,,,CD337,CD159a,,PLAT
,,RASA3,,,,,CD155,,,IFI232,,,CD316,,CD379,HLA-DRB183,CD31,,MAPKAPK124,IL20RA,CD176,,RPL155,KLRF176,,CDKN2A,CD154,,,,,JNK1,,MYD88,,,CD58,,CD493,,TSPO,CD445,ALPL,CD171,,PFAS,S100A186,,,IL1RL2,SLC7A44,,NFKB88,CD116,IL38,,CCND1,,,,,SP25,,,CD333,,,,RHOBTB74,,,HSPA6,IL1RL2,IKZF63,,DOCK19,,PDP1,,,,,,ATP8B3,,BARD1,,CD52,CD131,TNFSF4,IL12RB2,,CARD160,,,CD338,CD159b,,SERPINE2
,,RASA4,,,,,CD156,,,IFI233,,,CD317,,CD380,HLA-DRB184,PDPN,,MAPKAPK125,IL20RB,CD177,,RPL156,KLRF177,,CDK2,CD155,,,,,JNK2,,TICAM1,,,CD62L,,CD494,,SPI1,CD446,NCF4,CD172A,,PPAT,S100A187,,,IL1RL2,SLC7A45,,NFKB89,CD117,,,CCND2,,,,,SP26,,,CD334,,,,RHOBTB75,,,HSPA7,IL1RL2,IKZF64,,DOCK20,,PDP2,,,,,,ATP8B4,,BRIP1,,CD54,CD132,TNFSF6,IL4,,CARD161,,,,CD159c,,SERPINI1
,,RASA5,,,,,CD157,,,IFI234,,,CD318,,CD381,HLA-DRB185,S100A8,,MAPKAPK126,IL21R,CD178,,RPL157,KLRF178,,CDK4,CD156a,,,,,JNK3,,TICAM2,,,CD162,,CD495,,PECAM1,CD447,CFL1,CD172B,,PPAT,S100A188,,,IL1RL2,SLC7A46,,NFKB90,CD118,,,CCND3,,,,,SP27,,,CD335,,,,RHOBTB76,,,HSPA12A,IL1RL2,IKZF65,,DOCK21,,SLC16A1,,,,,,ATP9A,,MUTYH,,CD55,CD133,TNFSF8,IL5,,CARD162,,,,CD159d,,SERPING1
,,RASA6,,,,,CD158,,,IFI235,,,CD319,,CD382,HLA-DRB186,S100A9,,MAPKAPK127,IL22RA1,CD179a,,RPL158,KLRF179,,CDK6,CD156b,,,,,P38,,IRAK1,,,CD226,,CD496,,PDPN,CD448,TSPO,CD173,,PAICS,S100A189,,,IL1RL2,SLC7A47,,NFKB91,CD119,,,CCNE1,,,,,SP28,,,CD336,,,,RHOBTB77,,,HSPA12B,IL1RL2,IKZF66,,DOCK22,,SLC16A3,,,,,,ATP9B,,XRCC1,,CD56,CD134,TNFSF9,IL13,,CARD163,,,,CD159e,,SERPINA5
,,RASA7,,,,,CD159,,,IFI236,,,CD320,,CD383,HLA-DRB187,ANXA3,,MAPKAPK128,IL22RA2,CD179b,,RPL159,KLRF180,,CCND1,CD157,,,,,P38A,,IRAK2,,,CD244,,CD497,,FCER1A,CD449,S100A12,CD174,,PAICS,S100A190,,,IL1RL2,SLC7A48,,NFKB92,CD120,,,CCNE2,,,,,SP29,,,CD337,,,,RHOBTB78,,,HSPA13,IL1RL2,IKZF67,,DOCK23,,SLC16A7,,,,,,,,XRCC2,,CD57,CD135,TNFSF10,IL9,,CARD164,,,,CD159f,,SERPINA6
,,RASA8,,,,,CD160,,,IFI237,,,CD321,,CD384,HLA-DRB188,ALPL,,MAPKAPK129,IL23R,CD180,,RPL160,KLRF181,,CCND2,CD158a,,,,,P38B,,IRAK4,,,CD274,,CD498,,ADAMTS2,CD450,SPI1,CD175,,PFKFB1,S100A191,,,,SLC7A49,,NFKB93,CD121,,,CDK1,,,,,SP30,,,CD338,,,,RHOBTB79,,,HSPA15,IL1RL2,IKZF68,,DOCK24,,SLC16A8,,,,,,,,XRCC3,,CD58,CD136,TNFSF11,IL10RA,,CARD165,,,,CD159g,,SERPINA9
,,RASA9,,,,,CD161,,,IFI238,,,CD322,,CD385,HLA-DRB189,NCF4,,MAPKAPK130,IL27RA,CD181,,RPL161,KLRF182,,CCND3,CD158b,,,,,P38G,,TRAF3,,,CD276,,CD499,,LMOD1,,PECAM1,CD176,,PFKFB2,S100A192,,,,SLC7A50,,NFKB94,CD122,,,CDK2,,,,,SP31,,,CD339,,,,RHOBTB80,,,HSPA16,IL1RL2,IKZF69,,DOCK25,,SLC16A10,,,,,,,,XRCC4,,CD59,CD137,TNFSF12,IL10RB,,CARD166,,,,CD159h,,SERPINA10
,,RASA10,,,,,CD162,,,IFI239,,,CD323,,CD386,HLA-DRB190,CFL1,,MAPKAPK131,IL31RA,CD182,,RPL162,KLRF183,,CCNE1,CD158c,,,,,P38D,,TRAF6,,,CD80,,CD500,,KCNA5,,PDPN,CD177,,PFKFB3,S100A193,,,,SLC7A51,,NFKB95,CD123,,,CDK4,,,,,SP32,,,CD340,,,,RHOBTB81,,,HSPA17,IL1RL2,IKZF70,,DOCK26,,SLC16A11,,,,,,,,XRCC5,,CD61,CD138,TNFSF13,IL6R,,CARD167,,,,CD159i,,SERPINA11
,,RASA11,,,,,CD163,,,IFI240,,,CD324,,CD387,HLA-DRB191,FPR1,,MAPKAPK132,IL33R,CD183,,RPL163,KLRF184,,CCNE2,CD158d,,,,,MEK1,,NOD1,,,CD86,,,,OLAH,,TLR4,CD178,,PFKFB4,S100A194,,,,SLC7A52,,NFKB96,CD124,,,CDK6,,,,,SP33,,,CD341,,,,RHOBTB82,,,HSPA18,IL1RL2,IKZF71,,DOCK27,,SLC16A12,,,,,,,,XRCC6,,CD62P,CD139,TNFSF13B,IL6ST,,CARD168,,,,CD159j,,SERPINA12
,,RASA12,,,,,CD164,,,IFI241,,,CD325,,CD388,HLA-DRB192,ALOX5AP,,MAPKAPK133,IL34R,CD184,,RPL164,KLRF185,,CCNA1,CD158e,,,,,MEK2,,NOD2,,,CD137,,,,OTOF,,IL6,CD179A,,PFKM,S100A195,,,,SLC7A53,,NFKB97,CD125,,,CDC25A,,,,,SP34,,,CD342,,,,RHOBTB83,,,HSPA19,IL1RL2,IKZF72,,DOCK28,,SLC16A13,,,,,,,,LIG1,,CD63,CD140A,TNFSF14,,,CARD169,,,,CD159k,,SERPINA13
,,RASA13,,,,,CD165,,,IFI242,,,CD326,,CD389,HLA-DRB193,MMP9,,MAPKAPK134,,CD185,,RPL165,KLRF186,,CCNA2,CD158f,,,,,RAF1,,NLRC4,,,CD154,,,,TIFAB,,IL10,CD179B,,PFKL,S100A196,,,,SLC7A54,,NFKB98,CD126,,,CDC25B,,,,,SP35,,,CD343,,,,RHOBTB84,,,HSPA20,IL1RL2,IKZF73,,DOCK29,,SLC16A14,,,,,,,,LIG3,,CD64,CD140B,TNFSF15,,,CARD170,,,,CD159l,,SERPINA14
,,RASA14,,,,,CD166,,,IFI243,,,CD327,,CD390,HLA-DRB194,PECAM1,,MAPKAPK135,,CD186,,RPL166,KLRF187,,CCNB1,CD158g,,,,,BRAF,,NLRP1,,,CD178,,,,B3GALT2,,HERV-W,CD180,,PFKP,S100A197,,,,SLC7A55,,NFKB99,CD127,,,CDC25C,,,,,SP36,,,CD344,,,,RHOBTB85,,,HSPA21,IL1RL2,IKZF74,,DOCK30,,SLC16A2,,,,,,,,LIG4,,CD66b,CD141,TNFSF18,,,CARD171,,,,CD159m,,SERPINA15
,,RASA15,,,,,CD167,,,IFI244,,,CD328,,CD391,HLA-DRB195,PDPN,,MAPKAPK136,,CD187,,RPL167,KLRF188,,CCNB2,CD158h,,,,,KRAS,,NLRP3,,,CD40,,,,ITGA7,,HERV-K,CD181,,ALDOA,S100A198,,,,SLC7A56,,NFKB100,CD128,,,CHEK1,,,,,SP37,,,CD345,,,,RHOBTB86,,,HSPA22,IL1RL2,IKZF75,,DOCK31,,SLC16A4,,,,,,,,PARP1,,CD69,CD142,TNFSF4,,,CARD172,,,,CD159n,,SERPINA16
,,RASA16,,,,,CD168,,,IFI245,,,CD329,,CD392,HLA-DRB196,TSPO,,MAPKAPK137,,CD188,,RPL168,KLRF189,,CDC25A,CD158i,,,,,HRAS,,NLRP6,,,CD27,,,,IFI27,,Syn-1,CD182,,ALDOB,S100A199,,,,SLC7A57,,,CD129,,,CHEK2,,,,,SP38,,,CD346,,,,RHOBTB87,,,HSPA23,,IKZF76,,DOCK32,,SLC16A5,,,,,,,,PARP2,,CD70,CD143,TNFSF6,,,CARD173,,,,CD159o,,SERPINA17
,,RASA17,,,,,CD169,,,IFI246,,,CD330,,CD393,HLA-DRB197,S100A12,,MAPKAPK138,,CD189,,RPL169,KLRF190,,CDC25B,CD158j,,,,,NRAS,,NLRP7,,,CD28,,,,VEGFA,,ASCT-1,CD183,,ALDOC,S100A200,,,,SLC7A58,,,CD130,,,ATR,,,,,SP39,,,CD347,,,,RHOBTB88,,,HSPA24,,IKZF77,,DOCK33,,SLC16A6,,,,,,,,POLB,,CD71,CD144,TNFSF8,,,CARD174,,,,CD159p,,SERPINA18
,,RASA18,,,,,CD170,,,IFI247,,,CD331,,CD394,HLA-DRB198,CD31,,MAPKAPK139,,CD190,,RPL170,KLRF191,,CDC25C,CD158k,,,,,SOS1,,NLRP12,,,CD69,,,,VEGFB,,ASCT-2,CD184,,GPI,,,,,SLC7A59,,,CD131,,,ATM,,,,,SP40,,,CD348,,,,RHOBTB89,,,HSPA25,,IKZF78,,DOCK34,,SLC16A9,,,,,,,,POLD1,,CD72,CD145,TNFSF9,,,CARD175,,,,CD159q,,SERPINA19
,,RASA19,,,,,CD171,,,IFI248,,,CD332,,CD395,,PDPN,,MAPKAPK140,,CD191,,RPL171,KLRF192,,CHEK1,CD158l,,,,,SOS2,,AIM2,,,CD70,,,,NTproBNP,,Syn-2,CD185,,TPI1,,,,,SLC7A60,,,CD132,,,TP53,,,,,SP41,,,CD349,,,,RHOBTB90,,,HSPA26,,IKZF79,,DOCK35,,SLC16A1,,,,,,,,POLE,,CD74,CD146,TNFSF10,,,CARD176,,,,CD159r,,SERPINA20
,,RASA20,,,,,CD172A,,,IFI249,,,CD333,,CD396,,S100A8,,MAPKAPK141,,CD192,,RPL172,KLRF193,,CHEK2,CD158m,,,,,GRB2,,PYCARD,,,CD83,,,,Troponin,,MFSD2A,CD186,,GAPDH,,,,,SLC7A61,,,CD133,,,MDM2,,,,,SP42,,,CD350,,,,RHOBTB91,,,HSPA27,,IKZF80,,DOCK36,,SLC16A3,,,,,,,,REV3L,,CD79a,CD147,TNFSF11,,,CARD177,,,,CD159s,,SERPINA21
,,RASA21,,,,,CD172B,,,IFI250,,,CD334,,CD397,,S100A9,,MAPKAPK142,,CD193,,RPL173,KLRF194,,ATR,CD158n,,,,,SHC1,,CASP1,,,CD84,,,,G-CSF,,IFNγ,CD187,,PGK1,,,,,SLC7A62,,,CD134,,,CDKN1A,,,,,SP43,,,CD351,,,,RHOBTB92,,,HSPA28,,IKZF81,,DOCK37,,SLC16A7,,,,,,,,REV1,,CD79b,CD148,TNFSF12,,,CARD178,,,,CD159t,,SERPINA22
,,RASA22,,,,,CD172G,,,IFI251,,,CD335,,CD398,,ANXA3,,MAPKAPK143,,CD194,,RPL174,KLRF195,,ATM,CD158o,,,,,SHC2,,CASP4,,,CD96,,,,CD117,,IL-17,CD188,,PGK2,,,,,SLC7A63,,,CD135,,,CDKN1B,,,,,SP44,,,CD352,,,,RHOBTB93,,,HSPA29,,IKZF82,,DOCK38,,SLC16A8,,,,,,,,UNG,,CD81,CD149,TNFSF13,,,CARD179,,,,CD159u,,SERPINA23
,,RASA23,,,,,CD173,,,IFI252,,,CD336,,CD399,,ALPL,,MAPKAPK144,,CD195,,RPL175,KLRF196,,RAD17,CD158p,,,,,SHC3,,CASP5,,,CD160,,,,CD34,,IL-1β,CD189,,PGAM1,,,,,SLC7A64,,,CD136,,,CDKN2A,,,,,SP45,,,CD353,,,,RHOBTB94,,,HSPA30,,IKZF83,,DOCK39,,SLC16A10,,,,,,,,SMUG1,,CD83,CD150,TNFSF13B,,,CARD180,,,,CD159v,,SERPINA24
,,RASA24,,,,,CD174,,,IFI253,,,CD337,,CD400,,NCF4,,MAPKAPK145,,CD196,,RPL176,KLRF197,,RAD9A,CD158q,,,,,SHC4,,CASP12,,,CD200,,,,CD66b,,TRBV11-2,CD190,,PGAM2,,,,,SLC7A65,,,CD137,,,CDKN2B,,,,,SP46,,,CD354,,,,RHOBTB95,,,HSPA31,,IKZF84,,DOCK40,,SLC16A11,,,,,,,,MBD4,,CD86,CD151,TNFSF14,,,CARD181,,,,CD159w,,SERPINA25
,,RASA25,,,,,CD175,,,IFI254,,,CD338,,,,CFL1,,MAPKAPK146,,CD197,,RPL177,KLRF198,,RAD1,CD158r,,,,,CRP,,IL1B,,,CD244,,,,CD64,,KLRF1,CD191,,ENO1,,,,,SLC7A66,,,CD138,,,CDKN2C,,,,,SP47,,,CD355,,,,RHOBTB96,,,HSPA32,,IKZF85,,DOCK41,,SLC16A12,,,,,,,,TDG,,CD89,CD152,TNFSF15,,,CARD182,,,,CD159x,,SERPINA26
,,RASA26,,,,,CD176,,,IFI255,,,CD339,,,,FPR1,,MAPKAPK147,,CD198,,RPL178,KLRF199,,HUS1,CD158s,,,,,SAA1,,IL18,,,CD247,,,,CX3CR1,,KLRB1,CD192,,ENO2,,,,,SLC7A67,,,CD139,,,CDKN2D,,,,,SP48,,,CD356,,,,RHOBTB97,,,HSPA33,,IKZF86,,DOCK42,,SLC16A13,,,,,,,,OGG1,,CD90,CD153,TNFSF18,,,CARD183,,,,CD159y,,SERPINA27
,,RASA27,,,,,CD177,,,IFI256,,,CD340,,,,ALOX5AP,,MAPKAPK148,,CD199,,RPL179,KLRF200,,BRCA1,CD158t,,,,,SAA2,,GSDMD,,,CD252,,,,IL-1Ra,,ISG15,CD193,,ENO3,,,,,SLC7A68,,,CD140,,,CDKN2E,,,,,SP49,,,CD357,,,,RHOBTB98,,,HSPA34,,IKZF87,,DOCK43,,SLC16A14,,,,,,,,NTHL1,,CD91,CD154,TNFSF4,,,CARD184,,,,CD159z,,SERPINA28
,,RASA28,,,,,CD178,,,IFI257,,,CD341,,,,MMP9,,MAPKAPK149,,CD200,,RPL180,,,BRCA2,CD158u,,,,,SAA3,,GSDME,,,CD272,,,,S100A,,SIGLEC1,CD194,,PKM,,,,,SLC7A69,,,CD141,,,CDKN2F,,,,,SP50,,,CD358,,,,RHOBTB99,,,HSPA35,,IKZF88,,DOCK44,,SLC16A2,,,,,,,,MPG,,CD93,CD155,TNFSF6,,,CARD185,,,,,,SERPINA29
,,RASA29,,,,,CD179A,,,IFI258,,,CD342,,,,PECAM1,,MAPKAPK150,,,,RPL181,,,FANCD2,CD158v,,,,,SAA4,,GSDMA,,,CD276,,,,IL-1β,,IFIT2,CD195,,PKLR,,,,,SLC7A70,,,CD142,,,CDKN2G,,,,,SP51,,,CD359,,,,RHOBTB100,,,HSPA36,,IKZF89,,DOCK45,,SLC16A4,,,,,,,,APEX1,,CD94,CD156,TNFSF8,,,CARD186,,,,,,SERPINA30
,,RASA30,,,,,CD179B,,,IFI259,,,CD343,,,,PDPN,,MAPKAPK151,,,,RPL182,,,FANCA,CD158w,,,,,ORM1,,GSDMB,,,CD278,,,,IL-6,,IFI27,CD196,,LDHA,,,,,SLC7A71,,,CD143,,,CDKN2H,,,,,SP52,,,CD360,,,,RHOBTB101,,,HSPA37,,IKZF90,,DOCK46,,SLC16A5,,,,,,,,APEX2,,CD95,CD157,TNFSF9,,,CARD187,,,,,,SERPINA31
,,RASA31,,,,,CD180,,,IFI260,,,CD344,,,,TSPO,,MAPKAPK152,,,,RPL183,,,FANCC,CD158x,,,,,ORM2,,GSDMC,,,CD279,,,,TNF-α,,IFI44L,CD197,,LDHB,,,,,SLC7A72,,,CD144,,,CDKN2I,,,,,SP53,,,CD361,,,,RHOBTB102,,,HSPA38,,IKZF91,,DOCK47,,SLC16A6,,,,,,,,FEN1,,CD96,CD158,TNFSF10,,,CARD188,,,,,,SERPINA32
,,RASA32,,,,,CD181,,,IFI261,,,CD345,,,,S100A12,,MAPKAPK153,,,,RPL184,,,FANCE,CD158y,,,,,HP,,GSDMA3,,,CD280,,,,IL-10,,IFIT3,CD198,,LDHC,,,,,SLC7A73,,,CD145,,,CDKN2J,,,,,SP54,,,CD362,,,,RHOBTB103,,,HSPA39,,IKZF92,,DOCK48,,SLC16A9,,,,,,,,ERCC1,,CD97,CD159,TNFSF11,,,CARD189,,,,,,SERPINA33
,,RASA33,,,,,CD182,,,IFI262,,,CD346,,,,CD31,,MAPKAPK154,,,,RPL185,,,FANCF,CD158z,,,,,HPX,,GSDMA4,,,CD281,,,,MCP-1,,ITGA7,CD199,,LDHD,,,,,SLC7A74,,,CD146,,,CDKN2K,,,,,SP55,,,CD363,,,,RHOBTB104,,,HSPA40,,IKZF93,,DOCK49,,,,,,,,,,ERCC2,,CD98,CD160,TNFSF12,,,CARD190,,,,,,SERPINA34
,,RASA34,,,,,CD183,,,IFI263,,,CD347,,,,PDPN,,MAPKAPK155,,,,RPL186,,,FANCG,,,,,,FGA,,GSDMA5,,,CD282,,,,TLR-1,,CDHR1,CD200,,PDHA1,,,,,SLC7A75,,,CD147,,,CDKN2L,,,,,SP56,,,CD364,,,,RHOBTB105,,,HSPA41,,IKZF94,,DOCK50,,,,,,,,,,ERCC3,,CD99,CD161,TNFSF13,,,CARD191,,,,,,SERPINA35
,,RASA35,,,,,CD184,,,IFI264,,,CD348,,,,S100A8,,MAPKAPK156,,,,RPL187,,,FANCI,,,,,,FGB,,GSDMA6,,,CD283,,,,TLR-5,,PGF,CD201,,PDHA2,,,,,SLC7A76,,,CD148,,,CDKN2M,,,,,SP57,,,CD365,,,,RHOBTB106,,,HSPA42,,IKZF95,,DOCK51,,,,,,,,,,ERCC4,,CD100,CD162,TNFSF13B,,,CARD192,,,,,,SERPINA36
,,RASA36,,,,,CD185,,,IFI265,,,CD349,,,,S100A9,,MAPKAPK157,,,,RPL188,,,FANCL,,,,,,FGG,,GSDMA7,,,CD284,,,,TLR-8,,ERFE,CD202B,,PDHB,,,,,SLC7A77,,,CD149,,,CDKN2N,,,,,SP58,,,CD366,,,,RHOBTB107,,,HSPA43,,IKZF96,,DOCK52,,,,,,,,,,ERCC5,,CD101,CD163,TNFSF14,,,CARD193,,,,,,SERPINA37
,,RASA37,,,,,CD186,,,IFI266,,,CD350,,,,ANXA3,,MAPKAPK158,,,,RPL189,,,FANCM,,,,,,SERPINA1,,GSDMA8,,,CD285,,,,CD31,,ADAMTS2,CD203A,,DLAT,,,,,SLC7A78,,,CD150,,,CDKN2O,,,,,SP59,,,CD367,,,,RHOBTB108,,,HSPA44,,IKZF97,,DOCK53,,,,,,,,,,ERCC6,,CD102,CD164,TNFSF15,,,CARD194,,,,,,SERPINA38
,,RASA38,,,,,CD187,,,IFI267,,,CD351,,,,ALPL,,MAPKAPK159,,,,RPL190,,,BLM,,,,,,SERPINA3,,GSDMA9,,,CD286,,,,,,CD31,CD204,,DLD,,,,,SLC7A79,,,CD151,,,CDKN2P,,,,,SP60,,,CD368,,,,RHOBTB109,,,HSPA45,,IKZF98,,DOCK54,,,,,,,,,,ERCC8,,CD103,CD165,TNFSF18,,,CARD195,,,,,,SERPINA39
,,RASA39,,,,,CD188,,,IFI268,,,CD352,,,,NCF4,,MAPKAPK160,,,,RPL191,,,WRN,,,,,,SERPINC1,,GSDMA10,,,CD287,,,,,,CD177+,CD205,,PDHX,,,,,SLC7A80,,,CD152,,,CDKN2Q,,,,,SP61,,,CD369,,,,RHOBTB110,,,HSPA46,,IKZF99,,DOCK55,,,,,,,,,,XPA,,CD104,CD166,TNFSF4,,,CARD196,,,,,,SERPINA40
,,RASA40,,,,,CD189,,,IFI269,,,CD353,,,,CFL1,,MAPKAPK161,,,,RPL192,,,RECQL,,,,,,SERPINF2,,GSDMA11,,,CD288,,,,,,S100A8/9,CD206,,PDK1,,,,,SLC7A81,,,CD153,,,CDKN2R,,,,,SP62,,,CD370,,,,RHOBTB111,,,HSPA47,,IKZF100,,DOCK56,,,,,,,,,,XPB,,CD105,CD167,TNFSF6,,,CARD197,,,,,,SERPINA41
,,RASA41,,,,,CD190,,,IFI270,,,CD354,,,,FPR1,,MAPKAPK162,,,,RPL193,,,RECQL4,,,,,,C3,,GSDMA12,,,CD289,,,,,,MMP9,CD207,,PDK2,,,,,SLC7A82,,,CD154,,,CDKN2S,,,,,SP63,,,CD371,,,,RHOBTB112,,,HSPA48,,IKZF101,,DOCK57,,,,,,,,,,XPC,,CD106,CD168,TNFSF8,,,CARD198,,,,,,SERPINA42
,,RASA42,,,,,CD191,,,IFI271,,,CD355,,,,ALOX5AP,,MAPKAPK163,,,,RPL194,,,RECQL5,,,,,,C4A,,GSDMA13,,,CD290,,,,,,FPR1,CD208,,PDK3,,,,,SLC7A83,,,CD155,,,CDKN2T,,,,,SP64,,,CD372,,,,RHOBTB113,,,HSPA49,,IKZF102,,DOCK58,,,,,,,,,,XPD,,CD107a,CD169,TNFSF9,,,CARD199,,,,,,SERPINA43
,,RASA43,,,,,CD192,,,IFI272,,,CD356,,,,MMP9,,MAPKAPK164,,,,RPL195,,,TOPBP1,,,,,,C4B,,GSDMA14,,,CD291,,,,,,ALOX5AP,CD209,,PDK4,,,,,SLC7A84,,,CD156,,,CDKN2U,,,,,SP65,,,CD373,,,,RHOBTB114,,,HSPA50,,IKZF103,,DOCK59,,,,,,,,,,XPE,,CD107b,CD170,TNFSF10,,,CARD200,,,,,,SERPINA44
,,RASA44,,,,,CD193,,,IFI273,,,CD357,,,,PECAM1,,MAPKAPK165,,,,RPL196,,,MRE11,,,,,,C5,,GSDMA15,,,CD292,,,,,,ANXA3,CD210,,PDP1,,,,,SLC7A85,,,CD157,,,CDKN2V,,,,,SP66,,,CD374,,,,RHOBTB115,,,HSPA51,,IKZF104,,DOCK60,,,,,,,,,,XPF,,CD108,CD171,TNFSF11,,,,,,,,,SERPINA45
,,RASA45,,,,,CD194,,,IFI274,,,CD358,,,,PDPN,,MAPKAPK166,,,,RPL197,,,NBN,,,,,,C6,,GSDMA16,,,CD293,,,,,,ALPL,CD211,,PDP2,,,,,SLC7A86,,,CD158,,,CDKN2W,,,,,SP67,,,CD375,,,,RHOBTB116,,,HSPA52,,IKZF105,,DOCK61,,,,,,,,,,XPG,,CD109,CD172A,TNFSF12,,,,,,,,,SERPINA46
,,RASA46,,,,,CD195,,,IFI275,,,CD359,,,,TSPO,,MAPKAPK167,,,,RPL198,,,RAD50,,,,,,C7,,GSDMA17,,,CD294,,,,,,NCF4,CD212,,PDPR,,,,,SLC7A87,,,CD159,,,CDKN2X,,,,,SP68,,,CD376,,,,RHOBTB117,,,HSPA53,,IKZF106,,DOCK62,,,,,,,,,,DDB1,,CD112,CD172B,TNFSF13,,,,,,,,,SERPINA47
,,RASA47,,,,,CD196,,,IFI276,,,CD360,,,,S100A12,,MAPKAPK168,,,,RPL199,,,RPA1,,,,,,C8A,,GSDMA18,,,CD295,,,,,,CFL1,CD213A1,,SLC2A1,,,,,SLC7A88,,,CD160,,,CDKN2Y,,,,,SP69,,,CD377,,,,RHOBTB118,,,HSPA54,,IKZF107,,DOCK63,,,,,,,,,,DDB2,,CD117,CD173,TNFSF13B,,,,,,,,,SERPINA48
,,RASA48,,,,,CD197,,,IFI277,,,CD361,,,,CD31,,MAPKAPK169,,,,RPL200,,,RPA2,,,,,,C8B,,GSDMA19,,,CD296,,,,,,TSPO,CD213A2,,SLC2A2,,,,,SLC7A89,,,CD161,,,CDKN2Z,,,,,SP70,,,CD378,,,,RHOBTB119,,,HSPA55,,IKZF108,,DOCK64,,,,,,,,,,CSA,,CD118,CD174,TNFSF14,,,,,,,,,SERPINA49
,,RASA49,,,,,CD198,,,IFI278,,,CD362,,,,PDPN,,MAPKAPK170,,,,,,,RPA3,,,,,,C8G,,GSDMA20,,,CD297,,,,,,S100A12,CD214,,SLC2A3,,,,,SLC7A90,,,CD162,,,CDKN3,,,,,SP71,,,CD379,,,,RHOBTB120,,,HSPA56,,IKZF109,,DOCK65,,,,,,,,,,CSB,,CD119,CD175,TNFSF15,,,,,,,,,SERPINA50
,,RASA50,,,,,CD199,,,IFI279,,,CD363,,,,,,MAPKAPK171,,,,,,,RAD51,,,,,,C9,,GSDMA21,,,CD298,,,,,,SPI1,CD215,,SLC2A4,,,,,SLC7A91,,,CD163,,,CDKN4,,,,,SP72,,,CD380,,,,RHOBTB121,,,HSPA57,,IKZF110,,DOCK66,,,,,,,,,,RPA1,,CD120a,CD176,TNFSF18,,,,,,,,,SERPINA51
,,RASA51,,,,,CD200,,,IFI280,,,CD364,,,,,,MAPKAPK172,,,,,,,RAD51B,,,,,,CFB,,GSDMA22,,,CD299,,,,,,PECAM1,CD216,,SLC2A5,,,,,SLC7A92,,,CD164,,,CDKN5,,,,,SP73,,,CD381,,,,RHOBTB122,,,HSPA58,,IKZF111,,DOCK67,,,,,,,,,,RPA2,,CD120b,CD177,TNFSF4,,,,,,,,,SERPINA52
,,RASA52,,,,,CD201,,,IFI281,,,CD365,,,,,,MAPKAPK173,,,,,,,RAD51C,,,,,,CFD,,GSDMA23,,,CD300,,,,,,PDPN,CD217,,SLC2A6,,,,,SLC7A93,,,CD165,,,CDKN6,,,,,SP74,,,CD382,,,,RHOBTB123,,,HSPA59,,IKZF112,,DOCK68,,,,,,,,,,RPA3,,CD121a,CD178,TNFSF6,,,,,,,,,SERPINA53
,,RASA53,,,,,CD202,,,IFI282,,,CD366,,,,,,MAPKAPK174,,,,,,,RAD51D,,,,,,CFH,,GSDMA24,,,CD301,,,,,,TLR4,CD218A,,SLC2A7,,,,,SLC7A94,,,CD166,,,CDKN7,,,,,SP75,,,CD383,,,,RHOBTB124,,,HSPA60,,IKZF113,,DOCK69,,,,,,,,,,RFC1,,CD121b,CD179A,TNFSF8,,,,,,,,,SERPINA54
,,RASA54,,,,,CD203A,,,IFI283,,,CD367,,,,,,MAPKAPK175,,,,,,,DMC1,,,,,,CFI,,GSDMA25,,,CD302,,,,,,IL6,CD218B,,SLC2A8,,,,,SLC7A95,,,CD167,,,CDKN8,,,,,SP76,,,CD384,,,,RHOBTB125,,,HSPA61,,IKZF114,,DOCK70,,,,,,,,,,RFC2,,CD122,CD179B,TNFSF9,,,,,,,,,SERPINA55
,,RASA55,,,,,CD203B,,,IFI284,,,CD368,,,,,,MAPKAPK176,,,,,,,XRCC2,,,,,,C1QA,,GSDMA26,,,CD303,,,,,,IL10,CD219,,SLC2A9,,,,,SLC7A96,,,CD168,,,CDKN9,,,,,SP77,,,CD385,,,,RHOBTB126,,,HSPA62,,IKZF115,,DOCK71,,,,,,,,,,RFC3,,CD123,CD180,TNFSF10,,,,,,,,,SERPINA56
,,RASA56,,,,,CD204,,,IFI285,,,CD369,,,,,,MAPKAPK177,,,,,,,XRCC3,,,,,,C1QB,,GSDMA27,,,CD304,,,,,,HERV-W,CD220,,SLC2A10,,,,,SLC7A97,,,CD169,,,CDKN10,,,,,SP78,,,CD386,,,,RHOBTB127,,,HSPA63,,IKZF116,,DOCK72,,,,,,,,,,RFC4,,CD124,CD181,TNFSF11,,,,,,,,,SERPINA57
,,RASA57,,,,,CD205,,,IFI286,,,CD370,,,,,,MAPKAPK178,,,,,,,LIG4,,,,,,C1QC,,GSDMA28,,,CD305,,,,,,HERV-K,CD221,,SLC2A11,,,,,SLC7A98,,,CD170,,,CDKN11,,,,,SP79,,,CD387,,,,RHOBTB128,,,HSPA64,,IKZF117,,DOCK73,,,,,,,,,,RFC5,,CD125,CD182,TNFSF12,,,,,,,,,SERPINA58
,,RASA58,,,,,CD206,,,IFI287,,,CD371,,,,,,MAPKAPK179,,,,,,,PRKDC,,,,,,C1R,,GSDMA29,,,CD306,,,,,,Syn-1,CD222,,SLC2A12,,,,,SLC7A99,,,CD171,,,CDKN12,,,,,SP80,,,CD388,,,,RHOBTB129,,,HSPA65,,IKZF118,,DOCK74,,,,,,,,,,PCNA,,CD126,CD183,TNFSF13,,,,,,,,,SERPINA59
,,RASA59,,,,,CD207,,,IFI288,,,CD372,,,,,,MAPKAPK180,,,,,,,DCLRE1C,,,,,,C1S,,GSDMA30,,,CD307,,,,,,ASCT-1,CD223,,SLC2A13,,,,,SLC7A100,,,CD172,,,CDKN13,,,,,SP81,,,CD389,,,,RHOBTB130,,,HSPA66,,IKZF119,,DOCK75,,,,,,,,,,MCM2,,CD127,CD184,TNFSF13B,,,,,,,,,SERPINA60
,,RASA60,,,,,CD208,,,IFI289,,,CD373,,,,,,MAPKAPK181,,,,,,,NHEJ1,,,,,,MASP1,,GSDMA31,,,CD308,,,,,,ASCT-2,CD224,,SLC2A14,,,,,SLC7A101,,,CD173,,,CDKN14,,,,,SP82,,,CD390,,,,RHOBTB131,,,HSPA67,,IKZF120,,DOCK76,,,,,,,,,,MCM3,,CD128,CD185,TNFSF14,,,,,,,,,SERPINA61
,,RASA61,,,,,CD209,,,IFI290,,,CD374,,,,,,MAPKAPK182,,,,,,,XRCC4,,,,,,MASP2,,GSDMA32,,,CD309,,,,,,Syn-2,CD225,,SLC2A15,,,,,SLC7A102,,,CD174,,,CDKN15,,,,,SP83,,,CD391,,,,RHOBTB132,,,HSPA68,,IKZF121,,DOCK77,,,,,,,,,,MCM4,,CD129,CD186,TNFSF15,,,,,,,,,SERPINA62
,,RASA62,,,,,CD210,,,IFI291,,,CD375,,,,,,MAPKAPK183,,,,,,,XRCC5,,,,,,MBL2,,GSDMA33,,,CD310,,,,,,MFSD2A,CD226,,HK1,,,,,SLC7A103,,,CD175,,,CDKN16,,,,,SP84,,,CD392,,,,RHOBTB133,,,HSPA69,,IKZF122,,DOCK78,,,,,,,,,,MCM5,,CD130,CD187,TNFSF18,,,,,,,,,SERPINA63
,,RASA63,,,,,CD211,,,IFI292,,,CD376,,,,,,MAPKAPK184,,,,,,,XRCC6,,,,,,FCN1,,GSDMA34,,,CD311,,,,,,IFNγ,CD227,,HK2,,,,,SLC7A104,,,CD176,,,CDKN17,,,,,SP85,,,CD393,,,,RHOBTB134,,,HSPA70,,IKZF123,,DOCK79,,,,,,,,,,MCM6,,CD131,CD188,TNFSF4,,,,,,,,,SERPINA64
,,RASA64,,,,,CD212,,,IFI293,,,CD377,,,,,,MAPKAPK185,,,,,,,LIG1,,,,,,FCN2,,GSDMA35,,,CD312,,,,,,IL-17,CD228,,HK3,,,,,SLC7A105,,,CD177,,,CDKN18,,,,,SP86,,,CD394,,,,RHOBTB135,,,HSPA71,,IKZF124,,DOCK80,,,,,,,,,,MCM7,,CD132,CD189,TNFSF6,,,,,,,,,SERPINA65
,,RASA65,,,,,CD213A1,,,IFI294,,,CD378,,,,,,MAPKAPK186,,,,,,,PCNA,,,,,,FCN3,,GSDMA36,,,CD313,,,,,,IL-1β,CD229,,GCK,,,,,SLC7A106,,,CD178,,,CDKN19,,,,,SP87,,,CD395,,,,RHOBTB136,,,HSPA72,,IKZF125,,DOCK81,,,,,,,,,,MCM8,,CD133,CD190,TNFSF8,,,,,,,,,SERPINA66
,,RASA66,,,,,CD213A2,,,IFI295,,,CD379,,,,,,MAPKAPK187,,,,,,,RFC1,,,,,,,,GSDMA37,,,CD314,,,,,,TRBV11-2,CD230,,GPI,,,,,SLC7A107,,,CD179,,,CDKN20,,,,,SP88,,,CD396,,,,RHOBTB137,,,HSPA73,,IKZF126,,DOCK82,,,,,,,,,,MCM9,,CD134,CD191,TNFSF9,,,,,,,,,SERPINA67
,,RASA67,,,,,CD214,,,IFI296,,,CD380,,,,,,MAPKAPK188,,,,,,,RFC2,,,,,,,,GSDMA38,,,CD315,,,,,,KLRF1,CD231,,PFK1,,,,,SLC7A108,,,CD180,,,CDKN21,,,,,SP89,,,CD397,,,,RHOBTB138,,,HSPA74,,IKZF127,,DOCK83,,,,,,,,,,ORC1,,CD135,CD192,TNFSF10,,,,,,,,,SERPINA68
,,RASA68,,,,,CD215,,,IFI297,,,CD381,,,,,,MAPKAPK189,,,,,,,RFC3,,,,,,,,GSDMA39,,,CD316,,,,,,KLRB1,CD232,,PFK2,,,,,SLC7A109,,,CD181,,,CDKN22,,,,,SP90,,,CD398,,,,RHOBTB139,,,HSPA75,,IKZF128,,DOCK84,,,,,,,,,,ORC2,,CD136,CD193,TNFSF11,,,,,,,,,SERPINA69
,,RASA69,,,,,CD216,,,IFI298,,,CD382,,,,,,MAPKAPK190,,,,,,,RFC4,,,,,,,,GSDMA40,,,CD317,,,,,,ISG15,CD233,,ALDOA,,,,,SLC7A110,,,CD182,,,CDKN23,,,,,SP91,,,CD399,,,,RHOBTB140,,,HSPA76,,IKZF129,,DOCK85,,,,,,,,,,ORC3,,CD137,CD194,TNFSF12,,,,,,,,,SERPINA70
,,RASA70,,,,,CD217,,,IFI299,,,CD383,,,,,,MAPKAPK191,,,,,,,RFC5,,,,,,,,GSDMA41,,,CD318,,,,,,SIGLEC1,CD234,,ALDOB,,,,,SLC7A111,,,CD183,,,CDKN24,,,,,SP92,,,CD400,,,,RHOBTB141,,,HSPA77,,IKZF130,,DOCK86,,,,,,,,,,ORC4,,CD138,CD195,TNFSF13,,,,,,,,,SERPINA71
,,RASA71,,,,,CD218A,,,IFI300,,,CD384,,,,,,MAPKAPK192,,,,,,,POLD1,,,,,,,,GSDMA42,,,CD319,,,,,,IFIT2,CD235A,,ALDOC,,,,,SLC7A112,,,CD184,,,CDKN25,,,,,SP93,,,CD401,,,,RHOBTB142,,,HSPA78,,IKZF131,,DOCK87,,,,,,,,,,ORC5,,CD139,CD196,TNFSF13B,,,,,,,,,SERPINA72
,,RASA72,,,,,CD218B,,,IFI301,,,CD385,,,,,,MAPKAPK193,,,,,,,POLD2,,,,,,,,GSDMA43,,,CD320,,,,,,IFI27,CD235B,,TPI1,,,,,SLC7A113,,,CD185,,,CDKN26,,,,,SP94,,,CD402,,,,RHOBTB143,,,HSPA79,,IKZF132,,DOCK88,,,,,,,,,,ORC6,,CD140a,CD197,TNFSF14,,,,,,,,,SERPINA73
,,RASA73,,,,,CD219,,,IFI302,,,CD386,,,,,,MAPKAPK194,,,,,,,POLD3,,,,,,,,GSDMA44,,,CD321,,,,,,IFI44L,CD236,,GAPDH,,,,,SLC7A114,,,CD186,,,CDKN27,,,,,SP95,,,CD403,,,,RHOBTB144,,,HSPA80,,IKZF133,,DOCK89,,,,,,,,,,CDC6,,CD140b,CD198,TNFSF15,,,,,,,,,SERPINA74
,,RASA74,,,,,CD220,,,IFI303,,,CD387,,,,,,MAPKAPK195,,,,,,,POLD4,,,,,,,,GSDMA45,,,CD322,,,,,,IFIT3,CD237,,PGK1,,,,,SLC7A115,,,CD187,,,CDKN28,,,,,SP96,,,CD404,,,,RHOBTB145,,,HSPA81,,IKZF134,,DOCK90,,,,,,,,,,CDC45,,CD141,CD199,TNFSF18,,,,,,,,,SERPINA75
,,RASA75,,,,,CD221,,,IFI304,,,CD388,,,,,,MAPKAPK196,,,,,,,POLE,,,,,,,,GSDMA46,,,CD323,,,,,,ITGA7,CD238,,PGK2,,,,,SLC7A116,,,CD188,,,CDKN29,,,,,SP97,,,CD405,,,,RHOBTB146,,,HSPA82,,IKZF135,,DOCK91,,,,,,,,,,GINS1,,CD142,CD200,TNFSF4,,,,,,,,,SERPINA76
,,RASA76,,,,,CD222,,,IFI305,,,CD389,,,,,,MAPKAPK197,,,,,,,POLE2,,,,,,,,GSDMA47,,,CD324,,,,,,CDHR1,CD239,,PGAM1,,,,,SLC7A117,,,CD189,,,CDKN30,,,,,SP98,,,CD406,,,,RHOBTB147,,,HSPA83,,IKZF136,,DOCK92,,,,,,,,,,GINS2,,CD143,CD201,TNFSF6,,,,,,,,,SERPINA77
,,RASA77,,,,,CD223,,,IFI306,,,CD390,,,,,,MAPKAPK198,,,,,,,POLE3,,,,,,,,GSDMA48,,,CD325,,,,,,PGF,CD240,,PGAM2,,,,,SLC7A118,,,CD190,,,CDKN31,,,,,SP99,,,CD407,,,,RHOBTB148,,,HSPA84,,IKZF137,,DOCK93,,,,,,,,,,GINS3,,CD144,CD202,TNFSF8,,,,,,,,,SERPINA78
,,RASA78,,,,,CD224,,,IFI307,,,CD391,,,,,,MAPKAPK199,,,,,,,POLE4,,,,,,,,GSDMA49,,,CD326,,,,,,ERFE,CD241,,ENO1,,,,,SLC7A119,,,CD191,,,CDKN32,,,,,SP100,,,CD408,,,,RHOBTB149,,,HSPA85,,IKZF138,,DOCK94,,,,,,,,,,GINS4,,CD145,CD203,TNFSF9,,,,,,,,,SERPINA79
,,RASA79,,,,,CD225,,,IFI308,,,CD392,,,,,,MAPKAPK200,,,,,,,FEN1,,,,,,,,GSDMA50,,,CD327,,,,,,ADAMTS2,CD242,,ENO2,,,,,SLC7A120,,,CD192,,,CDKN33,,,,,SP101,,,CD409,,,,RHOBTB150,,,HSPA86,,IKZF139,,DOCK95,,,,,,,,,,CDC7,,CD146,CD204,TNFSF10,,,,,,,,,SERPINA80
,,RASA80,,,,,CD226,,,IFI309,,,CD393,,,,,,,,,,,,,LIG3,,,,,,,,GSDMA51,,,CD328,,,,,,CD31,CD243,,ENO3,,,,,SLC7A121,,,CD193,,,CDKN34,,,,,SP102,,,CD410,,,,RHOBTB151,,,HSPA87,,IKZF140,,DOCK96,,,,,,,,,,DBF4,,CD147,CD205,TNFSF11,,,,,,,,,SERPINA81
,,RASA81,,,,,CD227,,,IFI310,,,CD394,,,,,,,,,,,,,PARP1,,,,,,,,GSDMA52,,,CD329,,,,,,CD177+,CD244,,PKM,,,,,SLC7A122,,,CD194,,,CDKN35,,,,,SP103,,,CD411,,,,RHOBTB152,,,HSPA88,,IKZF141,,DOCK97,,,,,,,,,,CDT1,,CD148,CD206,TNFSF12,,,,,,,,,SERPINA82
,,RASA82,,,,,CD228,,,IFI311,,,CD395,,,,,,,,,,,,,PARP2,,,,,,,,GSDMA53,,,CD330,,,,,,S100A8/9,CD245,,PKLR,,,,,SLC7A123,,,CD195,,,CDKN36,,,,,SP104,,,CD412,,,,RHOBTB153,,,HSPA89,,IKZF142,,DOCK98,,,,,,,,,,GMNN,,CD149,CD207,TNFSF13,,,,,,,,,SERPINA83
,,RASA83,,,,,CD229,,,IFI312,,,CD396,,,,,,,,,,,,,PARP3,,,,,,,,GSDMA54,,,CD331,,,,,,MMP9,CD246,,LDHA,,,,,SLC7A124,,,CD196,,,CDKN37,,,,,SP105,,,CD413,,,,RHOBTB154,,,HSPA90,,IKZF143,,DOCK99,,,,,,,,,,CENPA,,CD150,CD208,TNFSF13B,,,,,,,,,SERPINA84
,,RASA84,,,,,CD230,,,IFI313,,,CD397,,,,,,,,,,,,,PNKP,,,,,,,,GSDMA55,,,CD332,,,,,,FPR1,CD247,,LDHB,,,,,SLC7A125,,,CD197,,,CDKN38,,,,,SP106,,,CD414,,,,RHOBTB155,,,HSPA91,,IKZF144,,DOCK100,,,,,,,,,,CENPB,,CD151,CD209,TNFSF14,,,,,,,,,SERPINA85
,,RASA85,,,,,CD231,,,IFI314,,,CD398,,,,,,,,,,,,,APEX1,,,,,,,,GSDMA56,,,CD333,,,,,,ALOX5AP,CD248,,LDHC,,,,,SLC7A126,,,CD198,,,CDKN39,,,,,SP107,,,CD415,,,,RHOBTB156,,,HSPA92,,IKZF145,,DOCK101,,,,,,,,,,CENPC,,CD152,CD210,TNFSF15,,,,,,,,,SERPINA86
,,RASA86,,,,,CD232,,,IFI315,,,CD399,,,,,,,,,,,,,APEX2,,,,,,,,GSDMA57,,,CD334,,,,,,ANXA3,CD249,,LDHD,,,,,SLC7A127,,,CD199,,,CDKN40,,,,,SP108,,,CD416,,,,RHOBTB157,,,HSPA93,,IKZF146,,DOCK102,,,,,,,,,,CENPE,,CD153,CD211,TNFSF18,,,,,,,,,SERPINA87
,,RASA87,,,,,CD233,,,IFI316,,,CD400,,,,,,,,,,,,,UNG,,,,,,,,GSDMA58,,,CD335,,,,,,ALPL,CD250,,PDHA1,,,,,SLC7A128,,,CD200,,,CDKN41,,,,,SP109,,,CD417,,,,RHOBTB158,,,HSPA94,,IKZF147,,DOCK103,,,,,,,,,,CENPF,,CD154,CD212,TNFSF4,,,,,,,,,SERPINA88
,,RASA88,,,,,CD234,,,IFI317,,,,,,,,,,,,,,,,SMUG1,,,,,,,,GSDMA59,,,CD336,,,,,,NCF4,CD251,,PDHA2,,,,,SLC7A129,,,,,,CDKN42,,,,,SP110,,,CD418,,,,RHOBTB159,,,HSPA95,,IKZF148,,DOCK104,,,,,,,,,,CENPH,,CD155,CD213,TNFSF6,,,,,,,,,SERPINA89
,,RASA89,,,,,CD235A,,,IFI318,,,,,,,,,,,,,,,,MBD4,,,,,,,,GSDMA60,,,CD337,,,,,,CFL1,CD252,,PDHB,,,,,SLC7A130,,,,,,CDKN43,,,,,SP111,,,CD419,,,,RHOBTB160,,,HSPA96,,IKZF149,,DOCK105,,,,,,,,,,CENPI,,CD156a,CD214,TNFSF8,,,,,,,,,SERPINA90
,,RASA90,,,,,CD235B,,,IFI319,,,,,,,,,,,,,,,,TDG,,,,,,,,GSDMA61,,,CD338,,,,,,TSPO,CD253,,DLAT,,,,,SLC7A131,,,,,,CDKN44,,,,,SP112,,,CD420,,,,RHOBTB161,,,HSPA97,,IKZF150,,DOCK106,,,,,,,,,,CENPJ,,CD156b,CD215,TNFSF9,,,,,,,,,SERPINA91
,,RASA91,,,,,CD236,,,IFI320,,,,,,,,,,,,,,,,OGG1,,,,,,,,GSDMA62,,,CD339,,,,,,S100A12,CD254,,DLD,,,,,SLC7A132,,,,,,CDKN45,,,,,SP113,,,CD421,,,,RHOBTB162,,,HSPA98,,IKZF151,,DOCK107,,,,,,,,,,CENPK,,CD157,CD216,TNFSF10,,,,,,,,,SERPINA92
,,RASA92,,,,,CD237,,,IFI321,,,,,,,,,,,,,,,,NTHL1,,,,,,,,GSDMA63,,,CD340,,,,,,SPI1,CD255,,PDHX,,,,,SLC7A133,,,,,,CDKN46,,,,,SP114,,,CD422,,,,RHOBTB163,,,HSPA99,,IKZF152,,DOCK108,,,,,,,,,,CENPL,,CD158a,CD217,TNFSF11,,,,,,,,,SERPINA93
,,RASA93,,,,,CD238,,,IFI322,,,,,,,,,,,,,,,,MPG,,,,,,,,GSDMA64,,,CD341,,,,,,PECAM1,CD256,,PDK1,,,,,SLC7A134,,,,,,CDKN47,,,,,SP115,,,CD423,,,,RHOBTB164,,,HSPA100,,IKZF153,,DOCK109,,,,,,,,,,CENPM,,CD158b,CD218,,,,,,,,,,SERPINA94
,,RASA94,,,,,CD239,,,IFI323,,,,,,,,,,,,,,,,NEIL1,,,,,,,,GSDMA65,,,CD342,,,,,,PDPN,CD257,,PDK2,,,,,SLC7A135,,,,,,CDKN48,,,,,SP116,,,CD424,,,,RHOBTB165,,,HSPA101,,IKZF154,,DOCK110,,,,,,,,,,CENPN,,CD158c,CD219,,,,,,,,,,SERPINA95
,,RASA95,,,,,CD240,,,IFI324,,,,,,,,,,,,,,,,NEIL2,,,,,,,,GSDMA66,,,CD343,,,,,,TLR4,CD258,,PDK3,,,,,SLC7A136,,,,,,CDKN49,,,,,SP117,,,CD425,,,,RHOBTB166,,,HSPA102,,IKZF155,,DOCK111,,,,,,,,,,CENPO,,CD158d,CD220,,,,,,,,,,SERPINA96
,,RASA96,,,,,CD241,,,IFI325,,,,,,,,,,,,,,,,NEIL3,,,,,,,,GSDMA67,,,CD344,,,,,,IL6,CD259,,PDK4,,,,,SLC7A137,,,,,,CDKN50,,,,,SP118,,,CD426,,,,RHOBTB167,,,HSPA103,,IKZF156,,DOCK112,,,,,,,,,,CENPP,,CD158e,CD221,,,,,,,,,,SERPINA97
,,RASA97,,,,,CD242,,,IFI326,,,,,,,,,,,,,,,,ERCC1,,,,,,,,GSDMA68,,,CD345,,,,,,IL10,CD260,,PDP1,,,,,SLC7A138,,,,,,CDKN51,,,,,SP119,,,CD427,,,,RHOBTB168,,,HSPA104,,IKZF157,,DOCK113,,,,,,,,,,CENPQ,,CD158f,CD222,,,,,,,,,,SERPINA98
,,RASA98,,,,,CD243,,,IFI327,,,,,,,,,,,,,,,,ERCC2,,,,,,,,GSDMA69,,,CD346,,,,,,HERV-W,CD261,,PDP2,,,,,SLC7A139,,,,,,CDKN52,,,,,SP120,,,CD428,,,,RHOBTB169,,,HSPA105,,IKZF158,,DOCK114,,,,,,,,,,CENPR,,CD158g,CD223,,,,,,,,,,SERPINA99
,,RASA99,,,,,CD244,,,IFI328,,,,,,,,,,,,,,,,ERCC3,,,,,,,,GSDMA70,,,CD347,,,,,,HERV-K,CD262,,PDPR,,,,,SLC7A140,,,,,,CDKN53,,,,,SP121,,,CD429,,,,RHOBTB170,,,HSPA106,,IKZF159,,DOCK115,,,,,,,,,,CENPS,,CD158h,CD224,,,,,,,,,,SERPINA100
,,RASA100,,,,,CD245,,,IFI329,,,,,,,,,,,,,,,,ERCC4,,,,,,,,GSDMA71,,,CD348,,,,,,Syn-1,CD263,,SLC2A1,,,,,SLC7A,,,,,,CDKN54,,,,,SP122,,,CD430,,,,RHOBTB171,,,HSPA107,,IKZF160,,DOCK116,,,,,,,,,,CENPT,,CD158i,CD225,,,,,,,,,,SERPINA101
,,RASA101,,,,,CD246,,,IFI330,,,,,,,,,,,,,,,,ERCC5,,,,,,,,GSDMA72,,,CD349,,,,,,ASCT-1,CD264,,SLC2A2,,,,,,,,,,,CDKN55,,,,,SP123,,,CD431,,,,RHOBTB172,,,HSPA108,,IKZF161,,DOCK117,,,,,,,,,,CENPU,,CD158j,CD226,,,,,,,,,,SERPINA102
,,RASA102,,,,,CD247,,,IFI331,,,,,,,,,,,,,,,,ERCC6,,,,,,,,GSDMA73,,,CD350,,,,,,ASCT-2,CD265,,SLC2A3,,,,,,,,,,,CDKN56,,,,,SP124,,,CD432,,,,RHOBTB173,,,HSPA109,,IKZF162,,DOCK118,,,,,,,,,,CENPV,,CD158k,CD227,,,,,,,,,,SERPINA103
,,RASA103,,,,,CD248,,,IFI332,,,,,,,,,,,,,,,,ERCC8,,,,,,,,GSDMA74,,,CD351,,,,,,Syn-2,CD266,,SLC2A4,,,,,,,,,,,CDKN57,,,,,SP125,,,CD433,,,,RHOBTB174,,,HSPA110,,IKZF163,,DOCK119,,,,,,,,,,CENPW,,CD158l,CD228,,,,,,,,,,SERPINA104
,,RASA104,,,,,CD249,,,IFI333,,,,,,,,,,,,,,,,XPA,,,,,,,,GSDMA75,,,CD352,,,,,,MFSD2A,CD267,,SLC2A5,,,,,,,,,,,CDKN58,,,,,SP126,,,CD434,,,,RHOBTB175,,,HSPA111,,IKZF164,,DOCK120,,,,,,,,,,CENPX,,CD158m,CD229,,,,,,,,,,SERPINA105
,,RASA105,,,,,CD250,,,IFI334,,,,,,,,,,,,,,,,XPB,,,,,,,,GSDMA76,,,CD353,,,,,,IFNγ,CD268,,SLC2A6,,,,,,,,,,,CDKN59,,,,,SP127,,,CD435,,,,RHOBTB176,,,HSPA112,,IKZF165,,DOCK121,,,,,,,,,,BUB1,,CD158n,CD230,,,,,,,,,,SERPINA106
,,RASA106,,,,,CD251,,,IFI335,,,,,,,,,,,,,,,,XPC,,,,,,,,GSDMA77,,,CD354,,,,,,IL-17,CD269,,SLC2A7,,,,,,,,,,,CDKN60,,,,,SP128,,,CD436,,,,RHOBTB177,,,HSPA113,,IKZF166,,DOCK122,,,,,,,,,,BUB1B,,CD158o,CD231,,,,,,,,,,SERPINA107
,,RASA107,,,,,CD252,,,IFI336,,,,,,,,,,,,,,,,XPD,,,,,,,,GSDMA78,,,CD355,,,,,,IL-1β,CD270,,SLC2A8,,,,,,,,,,,CDKN61,,,,,SP129,,,CD437,,,,RHOBTB178,,,HSPA114,,IKZF167,,DOCK123,,,,,,,,,,BUB3,,CD158p,CD232,,,,,,,,,,SERPINA108
,,RASA108,,,,,CD253,,,IFI337,,,,,,,,,,,,,,,,XPE,,,,,,,,GSDMA79,,,CD356,,,,,,TRBV11-2,CD271,,SLC2A9,,,,,,,,,,,CDKN62,,,,,SP130,,,CD438,,,,RHOBTB179,,,HSPA115,,IKZF168,,DOCK124,,,,,,,,,,CDC20,,CD158q,CD233,,,,,,,,,,SERPINA109
,,RASA109,,,,,CD254,,,IFI338,,,,,,,,,,,,,,,,XPF,,,,,,,,GSDMA80,,,CD357,,,,,,KLRF1,CD272,,SLC2A10,,,,,,,,,,,CDKN63,,,,,SP131,,,CD439,,,,RHOBTB180,,,HSPA116,,IKZF169,,DOCK125,,,,,,,,,,CDC23,,CD158r,CD234,,,,,,,,,,SERPINA110
,,RASA110,,,,,CD255,,,IFI339,,,,,,,,,,,,,,,,XPG,,,,,,,,GSDMA81,,,CD358,,,,,,KLRB1,CD273,,SLC2A11,,,,,,,,,,,CDKN64,,,,,SP132,,,CD440,,,,RHOBTB181,,,HSPA117,,IKZF170,,DOCK126,,,,,,,,,,CDC25A,,CD158s,CD235,,,,,,,,,,SERPINA111
,,RASA111,,,,,CD256,,,IFI340,,,,,,,,,,,,,,,,RAD23A,,,,,,,,GSDMA82,,,CD359,,,,,,ISG15,CD274,,SLC2A12,,,,,,,,,,,CDKN65,,,,,SP133,,,CD441,,,,RHOBTB182,,,HSPA118,,IKZF171,,DOCK127,,,,,,,,,,CDC25B,,CD158t,CD236,,,,,,,,,,SERPINA112
,,RASA112,,,,,CD257,,,IFI341,,,,,,,,,,,,,,,,RAD23B,,,,,,,,GSDMA83,,,CD360,,,,,,SIGLEC1,CD275,,SLC2A13,,,,,,,,,,,CDKN66,,,,,SP134,,,CD442,,,,RHOBTB183,,,HSPA119,,IKZF172,,DOCK128,,,,,,,,,,CDC25C,,CD158u,CD237,,,,,,,,,,SERPINA113
,,RASA113,,,,,CD258,,,IFI342,,,,,,,,,,,,,,,,CETN2,,,,,,,,GSDMA84,,,CD361,,,,,,IFIT2,CD276,,SLC2A14,,,,,,,,,,,CDKN67,,,,,SP135,,,CD443,,,,RHOBTB184,,,HSPA120,,IKZF173,,DOCK129,,,,,,,,,,CDC26,,CD158v,CD238,,,,,,,,,,SERPINA114
,,RASA114,,,,,CD259,,,IFI343,,,,,,,,,,,,,,,,DDB1,,,,,,,,GSDMA85,,,CD362,,,,,,IFI27,CD277,,SLC2A15,,,,,,,,,,,CDKN68,,,,,SP136,,,CD444,,,,RHOBTB185,,,HSPA121,,IKZF174,,DOCK130,,,,,,,,,,CDC27,,CD158w,CD239,,,,,,,,,,SERPINA115
,,RASA115,,,,,CD260,,,IFI344,,,,,,,,,,,,,,,,DDB2,,,,,,,,GSDMA86,,,CD363,,,,,,IFI44L,CD278,,HK1,,,,,,,,,,,CDKN69,,,,,SP137,,,CD445,,,,RHOBTB186,,,HSPA122,,IKZF175,,DOCK131,,,,,,,,,,CDC34,,CD158x,CD240,,,,,,,,,,SERPINA116
,,RASA116,,,,,CD261,,,IFI345,,,,,,,,,,,,,,,,CSA,,,,,,,,GSDMA87,,,CD364,,,,,,IFIT3,CD279,,HK2,,,,,,,,,,,CDKN70,,,,,SP138,,,CD446,,,,RHOBTB187,,,HSPA123,,IKZF176,,DOCK132,,,,,,,,,,CDC37,,CD158y,CD241,,,,,,,,,,SERPINA117
,,RASA117,,,,,CD262,,,IFI346,,,,,,,,,,,,,,,,CSB,,,,,,,,GSDMA88,,,CD365,,,,,,ITGA7,CD280,,HK3,,,,,,,,,,,CDKN71,,,,,SP139,,,CD447,,,,RHOBTB188,,,HSPA124,,IKZF177,,DOCK133,,,,,,,,,,CDC42,,CD158z,CD242,,,,,,,,,,SERPINA118
,,RASA118,,,,,CD263,,,IFI347,,,,,,,,,,,,,,,,UVSSA,,,,,,,,GSDMA89,,,CD366,,,,,,CDHR1,CD281,,GCK,,,,,,,,,,,CDKN72,,,,,SP140,,,CD448,,,,RHOBTB189,,,HSPA125,,IKZF178,,DOCK134,,,,,,,,,,CDK1,,CD159a,CD243,,,,,,,,,,SERPINA119
,,RASA119,,,,,CD264,,,IFI348,,,,,,,,,,,,,,,,POLH,,,,,,,,GSDMA90,,,CD367,,,,,,PGF,CD282,,GPI,,,,,,,,,,,CDKN73,,,,,SP141,,,CD449,,,,RHOBTB190,,,HSPA126,,IKZF179,,DOCK135,,,,,,,,,,CDK2,,CD159b,CD244,,,,,,,,,,SERPINA120
,,RASA120,,,,,CD265,,,IFI349,,,,,,,,,,,,,,,,POLI,,,,,,,,GSDMA91,,,CD368,,,,,,ERFE,CD283,,PFK1,,,,,,,,,,,CDKN74,,,,,SP142,,,CD450,,,,RHOBTB191,,,HSPA127,,IKZF180,,DOCK136,,,,,,,,,,CDK4,,CD159c,CD245,,,,,,,,,,SERPINA121
,,RASA121,,,,,CD266,,,IFI350,,,,,,,,,,,,,,,,POLK,,,,,,,,GSDMA92,,,CD369,,,,,,ADAMTS2,CD284,,PFK2,,,,,,,,,,,CDKN75,,,,,SP143,,,CD451,,,,RHOBTB192,,,HSPA128,,IKZF181,,DOCK137,,,,,,,,,,CDK5,,CD159d,CD246,,,,,,,,,,SERPINA122
,,RASA122,,,,,CD267,,,IFI351,,,,,,,,,,,,,,,,REV1,,,,,,,,GSDMA93,,,CD370,,,,,,CD31,CD285,,ALDOA,,,,,,,,,,,CDKN76,,,,,SP144,,,CD452,,,,RHOBTB193,,,HSPA129,,IKZF182,,DOCK138,,,,,,,,,,CDK6,,CD159e,CD247,,,,,,,,,,SERPINA123
,,RASA123,,,,,CD268,,,IFI352,,,,,,,,,,,,,,,,REV3L,,,,,,,,GSDMA94,,,CD371,,,,,,CD177+,CD286,,ALDOB,,,,,,,,,,,CDKN77,,,,,SP145,,,CD453,,,,RHOB,,,HSPA130,,IKZF183,,DOCK139,,,,,,,,,,CDK7,,CD159f,CD248,,,,,,,,,,SERPINA124
,,RASA124,,,,,CD269,,,IFI353,,,,,,,,,,,,,,,,REV7,,,,,,,,GSDMA95,,,CD372,,,,,,S100A8/9,CD287,,ALDOC,,,,,,,,,,,CDKN78,,,,,SP146,,,CD454,,,,,,,HSPA131,,IKZF184,,DOCK140,,,,,,,,,,CDK8,,CD159g,CD249,,,,,,,,,,SERPINA125
,,RASA125,,,,,CD270,,,IFI354,,,,,,,,,,,,,,,,MAD1L1,,,,,,,,GSDMA96,,,CD373,,,,,,MMP9,CD288,,TPI1,,,,,,,,,,,CDKN79,,,,,SP147,,,CD455,,,,,,,HSPA132,,IKZF185,,DOCK141,,,,,,,,,,CDK9,,CD159h,CD250,,,,,,,,,,SERPINA126
,,RASA126,,,,,CD271,,,IFI355,,,,,,,,,,,,,,,,MAD2L1,,,,,,,,GSDMA97,,,CD374,,,,,,FPR1,CD289,,GAPDH,,,,,,,,,,,CDKN80,,,,,SP148,,,CD456,,,,,,,HSPA133,,IKZF186,,DOCK142,,,,,,,,,,CDKN1A,,CD159i,CD251,,,,,,,,,,SERPINA127
,,RASA127,,,,,CD272,,,IFI356,,,,,,,,,,,,,,,,BUB1,,,,,,,,GSDMA98,,,CD375,,,,,,ALOX5AP,CD290,,PGK1,,,,,,,,,,,CDKN81,,,,,SP149,,,CD457,,,,,,,HSPA134,,IKZF187,,DOCK143,,,,,,,,,,CDKN1B,,CD159j,CD252,,,,,,,,,,SERPINA128
,,RASA128,,,,,CD273,,,IFI357,,,,,,,,,,,,,,,,BUB1B,,,,,,,,GSDMA99,,,CD376,,,,,,ANXA3,CD291,,PGK2,,,,,,,,,,,CDKN82,,,,,SP150,,,CD458,,,,,,,HSPA135,,IKZF188,,DOCK144,,,,,,,,,,CDKN2A,,CD159k,CD253,,,,,,,,,,SERPINA129
,,RASA129,,,,,CD274,,,IFI358,,,,,,,,,,,,,,,,BUB3,,,,,,,,GSDMA100,,,CD377,,,,,,ALPL,CD292,,PGAM1,,,,,,,,,,,CDKN83,,,,,SP151,,,CD459,,,,,,,HSPA136,,IKZF189,,DOCK145,,,,,,,,,,CDKN2B,,CD159l,CD254,,,,,,,,,,SERPINA130
,,RASA130,,,,,CD275,,,IFI359,,,,,,,,,,,,,,,,CDC20,,,,,,,,GSDMA101,,,CD378,,,,,,NCF4,CD293,,PGAM2,,,,,,,,,,,CDKN84,,,,,SP152,,,CD460,,,,,,,HSPA137,,IKZF190,,DOCK146,,,,,,,,,,CDKN2C,,CD159m,CD255,,,,,,,,,,SERPINA131
,,RASA131,,,,,CD276,,,IFI360,,,,,,,,,,,,,,,,CDH1,,,,,,,,GSDMA102,,,CD379,,,,,,CFL1,CD294,,ENO1,,,,,,,,,,,CDKN85,,,,,SP153,,,CD461,,,,,,,HSPA138,,IKZF191,,DOCK147,,,,,,,,,,CDKN2D,,CD159n,CD256,,,,,,,,,,SERPINA132
,,RASA132,,,,,CD277,,,IFI361,,,,,,,,,,,,,,,,SPDL1,,,,,,,,GSDMA103,,,CD380,,,,,,TSPO,CD295,,ENO2,,,,,,,,,,,CDKN86,,,,,SP154,,,CD462,,,,,,,HSPA139,,IKZF192,,DOCK148,,,,,,,,,,CDKN3,,CD159o,CD257,,,,,,,,,,SERPINA133
,,RASA133,,,,,CD278,,,IFI362,,,,,,,,,,,,,,,,ZW10,,,,,,,,GSDMA104,,,CD381,,,,,,S100A12,CD296,,ENO3,,,,,,,,,,,CDKN87,,,,,SP155,,,CD463,,,,,,,HSPA140,,IKZF193,,DOCK149,,,,,,,,,,CHEK1,,CD159p,CD258,,,,,,,,,,SERPINA134
,,RASA134,,,,,CD279,,,IFI363,,,,,,,,,,,,,,,,ZWILCH,,,,,,,,GSDMA105,,,CD382,,,,,,SPI1,CD297,,PKM,,,,,,,,,,,CDKN88,,,,,SP156,,,CD464,,,,,,,HSPA141,,IKZF194,,DOCK150,,,,,,,,,,CHEK2,,CD159q,CD259,,,,,,,,,,SERPINA135
,,RASA135,,,,,CD280,,,IFI364,,,,,,,,,,,,,,,,ROD1,,,,,,,,GSDMA106,,,CD383,,,,,,PECAM1,CD298,,PKLR,,,,,,,,,,,CDKN89,,,,,SP157,,,CD465,,,,,,,HSPA142,,IKZF195,,DOCK151,,,,,,,,,,CIT,,CD159r,CD260,,,,,,,,,,SERPINA136
,,RASA136,,,,,CD281,,,IFI365,,,,,,,,,,,,,,,,KNL1,,,,,,,,GSDMA107,,,CD384,,,,,,PDPN,CD299,,LDHA,,,,,,,,,,,CDKN90,,,,,SP158,,,CD466,,,,,,,HSPA143,,IKZF196,,DOCK152,,,,,,,,,,CITK,,CD159s,CD261,,,,,,,,,,SERPINA137
,,RASA137,,,,,CD282,,,IFI366,,,,,,,,,,,,,,,,MIS12,,,,,,,,GSDMA108,,,CD385,,,,,,TLR4,CD300A,,LDHB,,,,,,,,,,,CDKN91,,,,,SP159,,,CD467,,,,,,,HSPA144,,IKZF197,,DOCK153,,,,,,,,,,CLSPN,,CD159t,CD262,,,,,,,,,,SERPINA138
,,RASA138,,,,,CD283,,,IFI367,,,,,,,,,,,,,,,,NDC80,,,,,,,,GSDMA109,,,CD386,,,,,,IL6,CD300C,,LDHC,,,,,,,,,,,CDKN92,,,,,SP160,,,CD468,,,,,,,HSPA145,,IKZF198,,DOCK154,,,,,,,,,,CPSF1,,CD159u,CD263,,,,,,,,,,SERPINA139
,,RASA139,,,,,CD284,,,IFI368,,,,,,,,,,,,,,,,NUF2,,,,,,,,GSDMA110,,,CD387,,,,,,IL10,CD300E,,LDHD,,,,,,,,,,,CDKN93,,,,,SP161,,,CD469,,,,,,,HSPA146,,IKZF199,,DOCK155,,,,,,,,,,CPSF2,,CD159v,CD264,,,,,,,,,,SERPINA140
,,RASA140,,,,,CD285,,,IFI369,,,,,,,,,,,,,,,,SPC24,,,,,,,,GSDMA111,,,CD388,,,,,,HERV-W,CD300LF,,PDHA1,,,,,,,,,,,CDKN94,,,,,SP162,,,CD470,,,,,,,HSPA147,,IKZF200,,DOCK156,,,,,,,,,,CPSF3,,CD159w,CD265,,,,,,,,,,SERPINA141
,,RASA141,,,,,CD286,,,IFI370,,,,,,,,,,,,,,,,SPC25,,,,,,,,GSDMA,,,CD389,,,,,,HERV-K,CD300LG,,PDHA2,,,,,,,,,,,CDKN95,,,,,SP163,,,CD471,,,,,,,HSPA148,,,,DOCK157,,,,,,,,,,CPSF4,,CD159x,CD266,,,,,,,,,,SERPINA142
,,RASA142,,,,,CD287,,,IFI371,,,,,,,,,,,,,,,,CENPE,,,,,,,,,,,CD390,,,,,,Syn-1,CD301,,PDHB,,,,,,,,,,,CDKN96,,,,,SP164,,,CD472,,,,,,,HSPA149,,,,DOCK158,,,,,,,,,,CPSF6,,CD159y,CD267,,,,,,,,,,SERPINA143
,,RASA143,,,,,CD288,,,IFI372,,,,,,,,,,,,,,,,CENPF,,,,,,,,,,,CD391,,,,,,ASCT-1,CD302,,DLAT,,,,,,,,,,,CDKN97,,,,,SP165,,,CD473,,,,,,,HSPA150,,,,DOCK159,,,,,,,,,,CPSF7,,CD159z,CD268,,,,,,,,,,SERPINA144
,,RASA144,,,,,CD289,,,IFI373,,,,,,,,,,,,,,,,CENPA,,,,,,,,,,,CD392,,,,,,ASCT-2,CD303,,DLD,,,,,,,,,,,CDKN98,,,,,SP166,,,CD474,,,,,,,HSPA151,,,,DOCK160,,,,,,,,,,CPSF8,,CD160,CD269,,,,,,,,,,SERPINA145
,,RASA145,,,,,CD290,,,IFI374,,,,,,,,,,,,,,,,CENPB,,,,,,,,,,,CD393,,,,,,Syn-2,CD304,,PDHX,,,,,,,,,,,CDKN99,,,,,SP167,,,CD475,,,,,,,HSPA152,,,,DOCK161,,,,,,,,,,CPSF9,,CD161,CD270,,,,,,,,,,
,,RASA146,,,,,CD291,,,IFI375,,,,,,,,,,,,,,,,CENPC,,,,,,,,,,,CD394,,,,,,MFSD2A,CD305,,,,,,,,,,,,,CDKN100,,,,,SP168,,,CD476,,,,,,,HSPA153,,,,DOCK162,,,,,,,,,,CPSF10,,CD162,CD271,,,,,,,,,,
,,RASA147,,,,,CD292,,,IFI376,,,,,,,,,,,,,,,,CENPD,,,,,,,,,,,CD395,,,,,,IFNγ,CD306,,,,,,,,,,,,,CDKN101,,,,,SP169,,,CD477,,,,,,,HSPA154,,,,DOCK163,,,,,,,,,,CPSF11,,CD163,CD272,,,,,,,,,,
,,RASA148,,,,,CD293,,,IFI377,,,,,,,,,,,,,,,,CENPE,,,,,,,,,,,CD396,,,,,,IL-17,CD307,,,,,,,,,,,,,CDKN102,,,,,SP170,,,CD478,,,,,,,HSPA155,,,,DOCK164,,,,,,,,,,CPSF12,,CD164,CD273,,,,,,,,,,
,,RASA149,,,,,CD294,,,IFI378,,,,,,,,,,,,,,,,CENPF,,,,,,,,,,,CD397,,,,,,IL-1β,CD308,,,,,,,,,,,,,CDKN103,,,,,SP171,,,CD479,,,,,,,HSPA156,,,,DOCK165,,,,,,,,,,CPSF13,,CD165,CD274,,,,,,,,,,
,,RASA150,,,,,CD295,,,IFI379,,,,,,,,,,,,,,,,CENPH,,,,,,,,,,,CD398,,,,,,TRBV11-2,CD309,,,,,,,,,,,,,CDKN104,,,,,SP172,,,CD480,,,,,,,HSPA157,,,,DOCK166,,,,,,,,,,CPSF14,,CD166,CD275,,,,,,,,,,
,,RASA151,,,,,CD296,,,IFI380,,,,,,,,,,,,,,,,CENPI,,,,,,,,,,,CD399,,,,,,KLRF1,CD310,,,,,,,,,,,,,CDKN105,,,,,SP173,,,CD481,,,,,,,HSPA158,,,,DOCK167,,,,,,,,,,CPSF15,,CD167a,CD276,,,,,,,,,,
,,RASA152,,,,,CD297,,,IFI381,,,,,,,,,,,,,,,,CENPJ,,,,,,,,,,,CD400,,,,,,K,CD311,,,,,,,,,,,,,CDKN106,,,,,SP174,,,CD482,,,,,,,HSPA159,,,,DOCK168,,,,,,,,,,CPSF16,,CD167b,CD277,,,,,,,,,,
,,RASA153,,,,,CD298,,,IFI382,,,,,,,,,,,,,,,,CENPK,,,,,,,,,,,CD401,,,,,,,CD312,,,,,,,,,,,,,CDKN107,,,,,SP175,,,CD483,,,,,,,HSPA160,,,,DOCK169,,,,,,,,,,CPSF17,,CD168,CD278,,,,,,,,,,
,,RASA154,,,,,CD299,,,IFI383,,,,,,,,,,,,,,,,CENPL,,,,,,,,,,,CD402,,,,,,,CD313,,,,,,,,,,,,,CDKN108,,,,,SP176,,,CD484,,,,,,,HSPA161,,,,DOCK170,,,,,,,,,,CPSF18,,CD169,CD279,,,,,,,,,,
,,RASA155,,,,,CD300A,,,IFI384,,,,,,,,,,,,,,,,CENPM,,,,,,,,,,,CD403,,,,,,,CD314,,,,,,,,,,,,,CDKN109,,,,,SP177,,,CD485,,,,,,,HSPA162,,,,DOCK171,,,,,,,,,,CPSF19,,CD170,CD280,,,,,,,,,,
,,RASA156,,,,,CD300B,,,IFI385,,,,,,,,,,,,,,,,CENPN,,,,,,,,,,,CD404,,,,,,,CD315,,,,,,,,,,,,,CDKN110,,,,,SP178,,,CD486,,,,,,,HSPA163,,,,DOCK172,,,,,,,,,,CPSF20,,CD171,CD281,,,,,,,,,,
,,RASA157,,,,,CD300C,,,IFI386,,,,,,,,,,,,,,,,CENPO,,,,,,,,,,,CD405,,,,,,,CD316,,,,,,,,,,,,,CDKN111,,,,,SP179,,,CD487,,,,,,,HSPA164,,,,DOCK173,,,,,,,,,,CPSF21,,CD172a,CD282,,,,,,,,,,
,,RASA158,,,,,CD300D,,,IFI387,,,,,,,,,,,,,,,,CENPP,,,,,,,,,,,CD406,,,,,,,CD317,,,,,,,,,,,,,CDKN112,,,,,SP180,,,CD488,,,,,,,HSPA165,,,,DOCK174,,,,,,,,,,CPSF22,,CD172b,CD283,,,,,,,,,,
,,RASA159,,,,,CD300E,,,IFI388,,,,,,,,,,,,,,,,CENPQ,,,,,,,,,,,CD407,,,,,,,CD318,,,,,,,,,,,,,CDKN113,,,,,SP181,,,CD489,,,,,,,HSPA166,,,,DOCK175,,,,,,,,,,,,CD172c,CD284,,,,,,,,,,
,,RASA160,,,,,CD300F,,,IFI389,,,,,,,,,,,,,,,,CENPR,,,,,,,,,,,CD408,,,,,,,CD319,,,,,,,,,,,,,CDKN114,,,,,SP182,,,CD490,,,,,,,HSPA167,,,,DOCK176,,,,,,,,,,,,CD172d,CD285,,,,,,,,,,
,,RASA161,,,,,CD300G,,,IFI390,,,,,,,,,,,,,,,,CENPS,,,,,,,,,,,CD409,,,,,,,CD320,,,,,,,,,,,,,CDKN115,,,,,SP183,,,CD491,,,,,,,HSPA168,,,,DOCK177,,,,,,,,,,,,CD172e,CD286,,,,,,,,,,
,,RASA162,,,,,CD300H,,,IFI391,,,,,,,,,,,,,,,,CENPT,,,,,,,,,,,CD410,,,,,,,CD321,,,,,,,,,,,,,CDKN116,,,,,SP184,,,CD492,,,,,,,HSPA169,,,,DOCK178,,,,,,,,,,,,CD173,CD287,,,,,,,,,,
,,RASA163,,,,,CD301,,,IFI392,,,,,,,,,,,,,,,,CENPU,,,,,,,,,,,CD411,,,,,,,CD322,,,,,,,,,,,,,,,,,,SP185,,,CD493,,,,,,,HSPA170,,,,DOCK179,,,,,,,,,,,,CD174,CD288,,,,,,,,,,
,,RASA164,,,,,CD302,,,IFI393,,,,,,,,,,,,,,,,,,,,,,,,,,,CD412,,,,,,,CD323,,,,,,,,,,,,,,,,,,SP186,,,CD494,,,,,,,HSPA171,,,,DOCK180,,,,,,,,,,,,CD175,CD289,,,,,,,,,,
,,RASA165,,,,,CD303,,,IFI394,,,,,,,,,,,,,,,,,,,,,,,,,,,CD413,,,,,,,CD324,,,,,,,,,,,,,,,,,,SP187,,,CD495,,,,,,,HSPA172,,,,DOCK181,,,,,,,,,,,,CD176,CD290,,,,,,,,,,
,,RASA166,,,,,CD304,,,IFI395,,,,,,,,,,,,,,,,,,,,,,,,,,,CD414,,,,,,,CD325,,,,,,,,,,,,,,,,,,SP188,,,CD496,,,,,,,HSPA173,,,,DO,,,,,,,,,,,,CD177,CD291,,,,,,,,,,
,,RASA167 ,,,,,CD305,,,IFI396,,,,,,,,,,,,,,,,,,,,,,,,,,,CD415,,,,,,,CD326,,,,,,,,,,,,,,,,,,SP189,,,CD497,,,,,,,HSPA174,,,,,,,,,,,,,,,,CD178,CD292,,,,,,,,,,
,,,,,,,CD306,,,IFI397,,,,,,,,,,,,,,,,,,,,,,,,,,,CD416,,,,,,,CD327,,,,,,,,,,,,,,,,,,SP190,,,CD498,,,,,,,HSPA175,,,,,,,,,,,,,,,,CD179a,CD293,,,,,,,,,,
,,,,,,,CD307,,,IFI398,,,,,,,,,,,,,,,,,,,,,,,,,,,CD417,,,,,,,CD328,,,,,,,,,,,,,,,,,,SP191,,,CD499,,,,,,,HSPA176,,,,,,,,,,,,,,,,CD179b,CD294,,,,,,,,,,
,,,,,,,CD308,,,IFI399,,,,,,,,,,,,,,,,,,,,,,,,,,,CD418,,,,,,,CD329,,,,,,,,,,,,,,,,,,SP192,,,CD500,,,,,,,HSPA177,,,,,,,,,,,,,,,,CD180,CD295,,,,,,,,,,
,,,,,,,CD309,,,IFI400,,,,,,,,,,,,,,,,,,,,,,,,,,,CD419,,,,,,,CD330,,,,,,,,,,,,,,,,,,SP193,,,CD501,,,,,,,HSPA178,,,,,,,,,,,,,,,,CD181,CD296,,,,,,,,,,
,,,,,,,CD310,,,IFI401,,,,,,,,,,,,,,,,,,,,,,,,,,,CD420,,,,,,,CD331,,,,,,,,,,,,,,,,,,SP194,,,CD502,,,,,,,HSPA179,,,,,,,,,,,,,,,,CD182,CD297,,,,,,,,,,
,,,,,,,CD311,,,IFI402,,,,,,,,,,,,,,,,,,,,,,,,,,,CD421,,,,,,,CD332,,,,,,,,,,,,,,,,,,SP195,,,CD503,,,,,,,HSPA180,,,,,,,,,,,,,,,,CD183,CD298,,,,,,,,,,
,,,,,,,CD312,,,IFI403,,,,,,,,,,,,,,,,,,,,,,,,,,,CD422,,,,,,,CD333,,,,,,,,,,,,,,,,,,SP196,,,CD504,,,,,,,,,,,,,,,,,,,,,,,CD184,CD299,,,,,,,,,,
,,,,,,,CD313,,,IFI404,,,,,,,,,,,,,,,,,,,,,,,,,,,CD423,,,,,,,CD334,,,,,,,,,,,,,,,,,,SP197,,,CD505,,,,,,,,,,,,,,,,,,,,,,,CD185,CD300,,,,,,,,,,
,,,,,,,CD314,,,IFI405,,,,,,,,,,,,,,,,,,,,,,,,,,,CD424,,,,,,,CD335,,,,,,,,,,,,,,,,,,SP198,,,CD506,,,,,,,,,,,,,,,,,,,,,,,CD186,CD301,,,,,,,,,,
,,,,,,,CD315,,,IFI406,,,,,,,,,,,,,,,,,,,,,,,,,,,CD425,,,,,,,CD336,,,,,,,,,,,,,,,,,,SP199,,,CD507,,,,,,,,,,,,,,,,,,,,,,,CD187,CD302,,,,,,,,,,
,,,,,,,CD316,,,IFI407,,,,,,,,,,,,,,,,,,,,,,,,,,,CD426,,,,,,,CD337,,,,,,,,,,,,,,,,,,SP200,,,CD508,,,,,,,,,,,,,,,,,,,,,,,CD188,CD303,,,,,,,,,,
,,,,,,,CD317,,,IFI408,,,,,,,,,,,,,,,,,,,,,,,,,,,CD427,,,,,,,CD338,,,,,,,,,,,,,,,,,,,,,CD509,,,,,,,,,,,,,,,,,,,,,,,CD189,CD304,,,,,,,,,,
,,,,,,,CD318,,,IFI409,,,,,,,,,,,,,,,,,,,,,,,,,,,CD428,,,,,,,CD339,,,,,,,,,,,,,,,,,,,,,CD510,,,,,,,,,,,,,,,,,,,,,,,CD190,CD305,,,,,,,,,,
,,,,,,,CD319,,,IFI410,,,,,,,,,,,,,,,,,,,,,,,,,,,CD429,,,,,,,CD340,,,,,,,,,,,,,,,,,,,,,CD511,,,,,,,,,,,,,,,,,,,,,,,CD191,CD306,,,,,,,,,,
,,,,,,,CD320,,,IFI411,,,,,,,,,,,,,,,,,,,,,,,,,,,CD430,,,,,,,CD341,,,,,,,,,,,,,,,,,,,,,CD512,,,,,,,,,,,,,,,,,,,,,,,CD192,CD307,,,,,,,,,,
,,,,,,,CD321,,,IFI412,,,,,,,,,,,,,,,,,,,,,,,,,,,CD431,,,,,,,CD342,,,,,,,,,,,,,,,,,,,,,CD513,,,,,,,,,,,,,,,,,,,,,,,CD193,CD308,,,,,,,,,,
,,,,,,,CD322,,,IFI413,,,,,,,,,,,,,,,,,,,,,,,,,,,CD432,,,,,,,CD343,,,,,,,,,,,,,,,,,,,,,CD514,,,,,,,,,,,,,,,,,,,,,,,CD194,CD309,,,,,,,,,,
,,,,,,,CD323,,,IFI414,,,,,,,,,,,,,,,,,,,,,,,,,,,CD433,,,,,,,CD344,,,,,,,,,,,,,,,,,,,,,CD515,,,,,,,,,,,,,,,,,,,,,,,CD195,CD310,,,,,,,,,,
,,,,,,,CD324,,,IFI415,,,,,,,,,,,,,,,,,,,,,,,,,,,CD434,,,,,,,CD345,,,,,,,,,,,,,,,,,,,,,CD516,,,,,,,,,,,,,,,,,,,,,,,CD196,CD311,,,,,,,,,,
,,,,,,,CD325,,,IFI416,,,,,,,,,,,,,,,,,,,,,,,,,,,CD435,,,,,,,CD346,,,,,,,,,,,,,,,,,,,,,CD517,,,,,,,,,,,,,,,,,,,,,,,CD197,CD312,,,,,,,,,,
,,,,,,,CD326,,,IFI417,,,,,,,,,,,,,,,,,,,,,,,,,,,CD436,,,,,,,CD347,,,,,,,,,,,,,,,,,,,,,CD518,,,,,,,,,,,,,,,,,,,,,,,CD198,CD313,,,,,,,,,,
,,,,,,,CD327,,,IFI418,,,,,,,,,,,,,,,,,,,,,,,,,,,CD437,,,,,,,CD348,,,,,,,,,,,,,,,,,,,,,CD519,,,,,,,,,,,,,,,,,,,,,,,CD,CD314,,,,,,,,,,
,,,,,,,CD328,,,IFI419,,,,,,,,,,,,,,,,,,,,,,,,,,,CD438,,,,,,,CD349,,,,,,,,,,,,,,,,,,,,,CD520,,,,,,,,,,,,,,,,,,,,,,,,CD315,,,,,,,,,,
,,,,,,,CD329,,,IFI420,,,,,,,,,,,,,,,,,,,,,,,,,,,CD439,,,,,,,CD350,,,,,,,,,,,,,,,,,,,,,CD521,,,,,,,,,,,,,,,,,,,,,,,,CD316,,,,,,,,,,
,,,,,,,CD330,,,IFI421,,,,,,,,,,,,,,,,,,,,,,,,,,,CD440,,,,,,,CD351,,,,,,,,,,,,,,,,,,,,,CD522,,,,,,,,,,,,,,,,,,,,,,,,CD317,,,,,,,,,,
,,,,,,,CD331,,,IFI422,,,,,,,,,,,,,,,,,,,,,,,,,,,CD441,,,,,,,CD352,,,,,,,,,,,,,,,,,,,,,CD523,,,,,,,,,,,,,,,,,,,,,,,,CD318,,,,,,,,,,
,,,,,,,CD332,,,IFI423,,,,,,,,,,,,,,,,,,,,,,,,,,,CD442,,,,,,,CD353,,,,,,,,,,,,,,,,,,,,,CD524,,,,,,,,,,,,,,,,,,,,,,,,CD319,,,,,,,,,,
,,,,,,,CD333,,,IFI424,,,,,,,,,,,,,,,,,,,,,,,,,,,CD443,,,,,,,CD354,,,,,,,,,,,,,,,,,,,,,CD525,,,,,,,,,,,,,,,,,,,,,,,,CD320,,,,,,,,,,
,,,,,,,CD334,,,IFI425,,,,,,,,,,,,,,,,,,,,,,,,,,,CD444,,,,,,,CD355,,,,,,,,,,,,,,,,,,,,,CD526,,,,,,,,,,,,,,,,,,,,,,,,CD321,,,,,,,,,,
,,,,,,,CD335,,,IFI426,,,,,,,,,,,,,,,,,,,,,,,,,,,CD445,,,,,,,CD356,,,,,,,,,,,,,,,,,,,,,CD527,,,,,,,,,,,,,,,,,,,,,,,,CD322,,,,,,,,,,
,,,,,,,CD336,,,IFI427,,,,,,,,,,,,,,,,,,,,,,,,,,,CD446,,,,,,,CD357,,,,,,,,,,,,,,,,,,,,,CD528,,,,,,,,,,,,,,,,,,,,,,,,CD323,,,,,,,,,,
,,,,,,,CD337,,,IFI428,,,,,,,,,,,,,,,,,,,,,,,,,,,CD447,,,,,,,CD358,,,,,,,,,,,,,,,,,,,,,CD529,,,,,,,,,,,,,,,,,,,,,,,,CD324,,,,,,,,,,
,,,,,,,CD338,,,IFI429,,,,,,,,,,,,,,,,,,,,,,,,,,,CD448,,,,,,,CD359,,,,,,,,,,,,,,,,,,,,,CD530,,,,,,,,,,,,,,,,,,,,,,,,CD325,,,,,,,,,,
,,,,,,,CD339,,,IFI430,,,,,,,,,,,,,,,,,,,,,,,,,,,CD449,,,,,,,CD360,,,,,,,,,,,,,,,,,,,,,CD531,,,,,,,,,,,,,,,,,,,,,,,,CD326,,,,,,,,,,
,,,,,,,CD340,,,IFI431,,,,,,,,,,,,,,,,,,,,,,,,,,,CD450,,,,,,,CD361,,,,,,,,,,,,,,,,,,,,,CD532,,,,,,,,,,,,,,,,,,,,,,,,CD327,,,,,,,,,,
,,,,,,,CD341,,,IFI432,,,,,,,,,,,,,,,,,,,,,,,,,,,CD451,,,,,,,CD362,,,,,,,,,,,,,,,,,,,,,CD533,,,,,,,,,,,,,,,,,,,,,,,,CD328,,,,,,,,,,
,,,,,,,CD342,,,IFI433,,,,,,,,,,,,,,,,,,,,,,,,,,,CD452,,,,,,,CD363,,,,,,,,,,,,,,,,,,,,,CD534,,,,,,,,,,,,,,,,,,,,,,,,CD329,,,,,,,,,,
,,,,,,,CD343,,,IFI434,,,,,,,,,,,,,,,,,,,,,,,,,,,CD453,,,,,,,CD364,,,,,,,,,,,,,,,,,,,,,CD535,,,,,,,,,,,,,,,,,,,,,,,,CD330,,,,,,,,,,
,,,,,,,CD344,,,IFI435,,,,,,,,,,,,,,,,,,,,,,,,,,,CD454,,,,,,,CD365,,,,,,,,,,,,,,,,,,,,,CD536,,,,,,,,,,,,,,,,,,,,,,,,CD331,,,,,,,,,,
,,,,,,,CD345,,,IFI436,,,,,,,,,,,,,,,,,,,,,,,,,,,CD455,,,,,,,CD366,,,,,,,,,,,,,,,,,,,,,CD537,,,,,,,,,,,,,,,,,,,,,,,,CD332,,,,,,,,,,
,,,,,,,CD346,,,IFI437,,,,,,,,,,,,,,,,,,,,,,,,,,,CD456,,,,,,,CD367,,,,,,,,,,,,,,,,,,,,,CD538,,,,,,,,,,,,,,,,,,,,,,,,CD333,,,,,,,,,,
,,,,,,,CD347,,,IFI438,,,,,,,,,,,,,,,,,,,,,,,,,,,CD457,,,,,,,CD368,,,,,,,,,,,,,,,,,,,,,CD539,,,,,,,,,,,,,,,,,,,,,,,,CD334,,,,,,,,,,
,,,,,,,CD348,,,IFI439,,,,,,,,,,,,,,,,,,,,,,,,,,,CD458,,,,,,,CD369,,,,,,,,,,,,,,,,,,,,,CD540,,,,,,,,,,,,,,,,,,,,,,,,CD335,,,,,,,,,,
,,,,,,,CD349,,,IFI440,,,,,,,,,,,,,,,,,,,,,,,,,,,CD459,,,,,,,CD370,,,,,,,,,,,,,,,,,,,,,CD541,,,,,,,,,,,,,,,,,,,,,,,,CD336,,,,,,,,,,
,,,,,,,CD350,,,IFI441,,,,,,,,,,,,,,,,,,,,,,,,,,,CD460,,,,,,,CD371,,,,,,,,,,,,,,,,,,,,,CD542,,,,,,,,,,,,,,,,,,,,,,,,CD337,,,,,,,,,,
,,,,,,,CD351,,,IFI442,,,,,,,,,,,,,,,,,,,,,,,,,,,CD461,,,,,,,CD372,,,,,,,,,,,,,,,,,,,,,CD543,,,,,,,,,,,,,,,,,,,,,,,,CD338,,,,,,,,,,
,,,,,,,CD352,,,IFI443,,,,,,,,,,,,,,,,,,,,,,,,,,,CD462,,,,,,,CD373,,,,,,,,,,,,,,,,,,,,,CD544,,,,,,,,,,,,,,,,,,,,,,,,CD339,,,,,,,,,,
,,,,,,,CD353,,,IFI444,,,,,,,,,,,,,,,,,,,,,,,,,,,CD463,,,,,,,CD374,,,,,,,,,,,,,,,,,,,,,CD545,,,,,,,,,,,,,,,,,,,,,,,,CD340,,,,,,,,,,
,,,,,,,CD354,,,IFI445,,,,,,,,,,,,,,,,,,,,,,,,,,,CD464,,,,,,,CD375,,,,,,,,,,,,,,,,,,,,,CD546,,,,,,,,,,,,,,,,,,,,,,,,CD341,,,,,,,,,,
,,,,,,,CD355,,,IFI446,,,,,,,,,,,,,,,,,,,,,,,,,,,CD465,,,,,,,CD376,,,,,,,,,,,,,,,,,,,,,CD547,,,,,,,,,,,,,,,,,,,,,,,,CD342,,,,,,,,,,
,,,,,,,CD356,,,IFI447,,,,,,,,,,,,,,,,,,,,,,,,,,,CD466,,,,,,,CD377,,,,,,,,,,,,,,,,,,,,,CD548,,,,,,,,,,,,,,,,,,,,,,,,CD343,,,,,,,,,,
,,,,,,,CD357,,,IFI448,,,,,,,,,,,,,,,,,,,,,,,,,,,CD467,,,,,,,CD378,,,,,,,,,,,,,,,,,,,,,CD549,,,,,,,,,,,,,,,,,,,,,,,,CD344,,,,,,,,,,
,,,,,,,CD358,,,IFI449,,,,,,,,,,,,,,,,,,,,,,,,,,,CD468,,,,,,,CD379,,,,,,,,,,,,,,,,,,,,,CD550,,,,,,,,,,,,,,,,,,,,,,,,CD345,,,,,,,,,,
,,,,,,,CD359,,,IFI450,,,,,,,,,,,,,,,,,,,,,,,,,,,CD469,,,,,,,CD380,,,,,,,,,,,,,,,,,,,,,CD551,,,,,,,,,,,,,,,,,,,,,,,,CD346,,,,,,,,,,
,,,,,,,CD360,,,IFI451,,,,,,,,,,,,,,,,,,,,,,,,,,,CD470,,,,,,,CD381,,,,,,,,,,,,,,,,,,,,,CD552,,,,,,,,,,,,,,,,,,,,,,,,CD347,,,,,,,,,,
,,,,,,,CD361,,,IFI452,,,,,,,,,,,,,,,,,,,,,,,,,,,CD471,,,,,,,CD382,,,,,,,,,,,,,,,,,,,,,CD553,,,,,,,,,,,,,,,,,,,,,,,,CD348,,,,,,,,,,
,,,,,,,CD362,,,IFI453,,,,,,,,,,,,,,,,,,,,,,,,,,,CD472,,,,,,,CD383,,,,,,,,,,,,,,,,,,,,,CD554,,,,,,,,,,,,,,,,,,,,,,,,,,,,,,,,,,
,,,,,,,CD363,,,IFI454,,,,,,,,,,,,,,,,,,,,,,,,,,,CD473,,,,,,,CD384,,,,,,,,,,,,,,,,,,,,,CD555,,,,,,,,,,,,,,,,,,,,,,,,,,,,,,,,,,
,,,,,,,CD364,,,IFI455,,,,,,,,,,,,,,,,,,,,,,,,,,,CD474,,,,,,,CD385,,,,,,,,,,,,,,,,,,,,,CD556,,,,,,,,,,,,,,,,,,,,,,,,,,,,,,,,,,
,,,,,,,CD365,,,IFI456,,,,,,,,,,,,,,,,,,,,,,,,,,,CD475,,,,,,,CD386,,,,,,,,,,,,,,,,,,,,,CD557,,,,,,,,,,,,,,,,,,,,,,,,,,,,,,,,,,
,,,,,,,CD366,,,IFI457,,,,,,,,,,,,,,,,,,,,,,,,,,,CD476,,,,,,,CD387,,,,,,,,,,,,,,,,,,,,,CD558,,,,,,,,,,,,,,,,,,,,,,,,,,,,,,,,,,
,,,,,,,CD367,,,IFI458,,,,,,,,,,,,,,,,,,,,,,,,,,,CD477,,,,,,,CD388,,,,,,,,,,,,,,,,,,,,,CD559,,,,,,,,,,,,,,,,,,,,,,,,,,,,,,,,,,
,,,,,,,CD368,,,IFI459,,,,,,,,,,,,,,,,,,,,,,,,,,,CD478,,,,,,,CD389,,,,,,,,,,,,,,,,,,,,,CD560,,,,,,,,,,,,,,,,,,,,,,,,,,,,,,,,,,
,,,,,,,CD369,,,IFI460,,,,,,,,,,,,,,,,,,,,,,,,,,,CD479,,,,,,,CD390,,,,,,,,,,,,,,,,,,,,,CD561,,,,,,,,,,,,,,,,,,,,,,,,,,,,,,,,,,
,,,,,,,CD370,,,IFI461,,,,,,,,,,,,,,,,,,,,,,,,,,,CD480,,,,,,,CD391,,,,,,,,,,,,,,,,,,,,,CD562,,,,,,,,,,,,,,,,,,,,,,,,,,,,,,,,,,
,,,,,,,CD371,,,IFI462,,,,,,,,,,,,,,,,,,,,,,,,,,,CD481,,,,,,,CD392,,,,,,,,,,,,,,,,,,,,,CD563,,,,,,,,,,,,,,,,,,,,,,,,,,,,,,,,,,
,,,,,,,CD372,,,IFI463,,,,,,,,,,,,,,,,,,,,,,,,,,,CD482,,,,,,,CD393,,,,,,,,,,,,,,,,,,,,,CD564,,,,,,,,,,,,,,,,,,,,,,,,,,,,,,,,,,
,,,,,,,CD373,,,IFI464,,,,,,,,,,,,,,,,,,,,,,,,,,,CD483,,,,,,,CD394,,,,,,,,,,,,,,,,,,,,,CD565,,,,,,,,,,,,,,,,,,,,,,,,,,,,,,,,,,
,,,,,,,CD374,,,IFI465,,,,,,,,,,,,,,,,,,,,,,,,,,,CD484,,,,,,,CD395,,,,,,,,,,,,,,,,,,,,,CD566,,,,,,,,,,,,,,,,,,,,,,,,,,,,,,,,,,
,,,,,,,CD375,,,IFI466,,,,,,,,,,,,,,,,,,,,,,,,,,,CD485,,,,,,,CD396,,,,,,,,,,,,,,,,,,,,,CD567,,,,,,,,,,,,,,,,,,,,,,,,,,,,,,,,,,
,,,,,,,CD376,,,IFI467,,,,,,,,,,,,,,,,,,,,,,,,,,,CD486,,,,,,,CD397,,,,,,,,,,,,,,,,,,,,,CD568,,,,,,,,,,,,,,,,,,,,,,,,,,,,,,,,,,
,,,,,,,CD377,,,IFI468,,,,,,,,,,,,,,,,,,,,,,,,,,,CD487,,,,,,,CD398,,,,,,,,,,,,,,,,,,,,,CD569,,,,,,,,,,,,,,,,,,,,,,,,,,,,,,,,,,
,,,,,,,CD378,,,IFI469,,,,,,,,,,,,,,,,,,,,,,,,,,,CD488,,,,,,,CD399,,,,,,,,,,,,,,,,,,,,,CD570,,,,,,,,,,,,,,,,,,,,,,,,,,,,,,,,,,
,,,,,,,CD379,,,IFI470,,,,,,,,,,,,,,,,,,,,,,,,,,,,,,,,,,CD400,,,,,,,,,,,,,,,,,,,,,CD571,,,,,,,,,,,,,,,,,,,,,,,,,,,,,,,,,,
,,,,,,,CD380,,,IFI471,,,,,,,,,,,,,,,,,,,,,,,,,,,,,,,,,,CD401,,,,,,,,,,,,,,,,,,,,,CD572,,,,,,,,,,,,,,,,,,,,,,,,,,,,,,,,,,
,,,,,,,CD381,,,IFI472,,,,,,,,,,,,,,,,,,,,,,,,,,,,,,,,,,CD402,,,,,,,,,,,,,,,,,,,,,CD573,,,,,,,,,,,,,,,,,,,,,,,,,,,,,,,,,,
,,,,,,,CD382,,,IFI473,,,,,,,,,,,,,,,,,,,,,,,,,,,,,,,,,,CD403,,,,,,,,,,,,,,,,,,,,,CD574,,,,,,,,,,,,,,,,,,,,,,,,,,,,,,,,,,
,,,,,,,CD383,,,IFI474,,,,,,,,,,,,,,,,,,,,,,,,,,,,,,,,,,CD404,,,,,,,,,,,,,,,,,,,,,CD575,,,,,,,,,,,,,,,,,,,,,,,,,,,,,,,,,,
,,,,,,,CD384,,,,,,,,,,,,,,,,,,,,,,,,,,,,,,,,,,,,,CD405,,,,,,,,,,,,,,,,,,,,,CD576,,,,,,,,,,,,,,,,,,,,,,,,,,,,,,,,,,
,,,,,,,CD385,,,,,,,,,,,,,,,,,,,,,,,,,,,,,,,,,,,,,CD406,,,,,,,,,,,,,,,,,,,,,CD577,,,,,,,,,,,,,,,,,,,,,,,,,,,,,,,,,,
,,,,,,,,,,,,,,,,,,,,,,,,,,,,,,,,,,,,,,,,,,,,CD407,,,,,,,,,,,,,,,,,,,,,CD578,,,,,,,,,,,,,,,,,,,,,,,,,,,,,,,,,,
,,,,,,,,,,,,,,,,,,,,,,,,,,,,,,,,,,,,,,,,,,,,CD408,,,,,,,,,,,,,,,,,,,,,CD579,,,,,,,,,,,,,,,,,,,,,,,,,,,,,,,,,,
,,,,,,,,,,,,,,,,,,,,,,,,,,,,,,,,,,,,,,,,,,,,CD409,,,,,,,,,,,,,,,,,,,,,CD580,,,,,,,,,,,,,,,,,,,,,,,,,,,,,,,,,,
,,,,,,,,,,,,,,,,,,,,,,,,,,,,,,,,,,,,,,,,,,,,CD410,,,,,,,,,,,,,,,,,,,,,CD581,,,,,,,,,,,,,,,,,,,,,,,,,,,,,,,,,,
,,,,,,,,,,,,,,,,,,,,,,,,,,,,,,,,,,,,,,,,,,,,CD411,,,,,,,,,,,,,,,,,,,,,CD582,,,,,,,,,,,,,,,,,,,,,,,,,,,,,,,,,,
,,,,,,,,,,,,,,,,,,,,,,,,,,,,,,,,,,,,,,,,,,,,CD412,,,,,,,,,,,,,,,,,,,,,CD583,,,,,,,,,,,,,,,,,,,,,,,,,,,,,,,,,,
,,,,,,,,,,,,,,,,,,,,,,,,,,,,,,,,,,,,,,,,,,,,CD,,,,,,,,,,,,,,,,,,,,,CD584,,,,,,,,,,,,,,,,,,,,,,,,,,,,,,,,,,
,,,,,,,,,,,,,,,,,,,,,,,,,,,,,,,,,,,,,,,,,,,,,,,,,,,,,,,,,,,,,,,,,CD585,,,,,,,,,,,,,,,,,,,,,,,,,,,,,,,,,,
,,,,,,,,,,,,,,,,,,,,,,,,,,,,,,,,,,,,,,,,,,,,,,,,,,,,,,,,,,,,,,,,,CD586,,,,,,,,,,,,,,,,,,,,,,,,,,,,,,,,,,
,,,,,,,,,,,,,,,,,,,,,,,,,,,,,,,,,,,,,,,,,,,,,,,,,,,,,,,,,,,,,,,,,CD587,,,,,,,,,,,,,,,,,,,,,,,,,,,,,,,,,,
,,,,,,,,,,,,,,,,,,,,,,,,,,,,,,,,,,,,,,,,,,,,,,,,,,,,,,,,,,,,,,,,,CD588,,,,,,,,,,,,,,,,,,,,,,,,,,,,,,,,,,
,,,,,,,,,,,,,,,,,,,,,,,,,,,,,,,,,,,,,,,,,,,,,,,,,,,,,,,,,,,,,,,,,CD589,,,,,,,,,,,,,,,,,,,,,,,,,,,,,,,,,,
,,,,,,,,,,,,,,,,,,,,,,,,,,,,,,,,,,,,,,,,,,,,,,,,,,,,,,,,,,,,,,,,,CD590,,,,,,,,,,,,,,,,,,,,,,,,,,,,,,,,,,
,,,,,,,,,,,,,,,,,,,,,,,,,,,,,,,,,,,,,,,,,,,,,,,,,,,,,,,,,,,,,,,,,CD591,,,,,,,,,,,,,,,,,,,,,,,,,,,,,,,,,,
,,,,,,,,,,,,,,,,,,,,,,,,,,,,,,,,,,,,,,,,,,,,,,,,,,,,,,,,,,,,,,,,,CD592,,,,,,,,,,,,,,,,,,,,,,,,,,,,,,,,,,
,,,,,,,,,,,,,,,,,,,,,,,,,,,,,,,,,,,,,,,,,,,,,,,,,,,,,,,,,,,,,,,,,CD593,,,,,,,,,,,,,,,,,,,,,,,,,,,,,,,,,,
,,,,,,,,,,,,,,,,,,,,,,,,,,,,,,,,,,,,,,,,,,,,,,,,,,,,,,,,,,,,,,,,,CD594,,,,,,,,,,,,,,,,,,,,,,,,,,,,,,,,,,