seed_1_all,seed_2_all,seed_3_all,seed_4_all,seed_5_all,seed_6_all,seed_7_all,seed_8_all,seed_9_all,seed_10_all,seed_11_all,seed_12_all,seed_13_all,seed_14_all,seed_15_all,seed_16_all,seed_17_all,seed_18_all,seed_19_all,seed_20_all,seed_21_all,seed_22_all,seed_23_all,seed_24_all,seed_25_all,seed_26_all,seed_27_all,seed_28_all,seed_29_all,seed_30_all,seed_31_all,seed_32_all,seed_33_all,seed_34_all,seed_35_all,seed_36_all,seed_37_all,seed_38_all,seed_39_all,seed_40_all,seed_41_all,seed_42_all,seed_43_all,seed_44_all,seed_45_all,seed_46_all,seed_47_all,seed_48_all,seed_49_all,seed_50_all,seed_51_all,seed_52_all,seed_53_all,seed_54_all,seed_55_all,seed_56_all,seed_57_all,seed_58_all,seed_59_all,seed_60_all,seed_61_all,seed_62_all,seed_63_all,seed_64_all,seed_65_all,seed_66_all,seed_67_all,seed_68_all,seed_69_all,seed_70_all,seed_71_all,seed_72_all,seed_73_all,seed_74_all,seed_75_all,seed_76_all,seed_77_all,seed_78_all,seed_79_all,seed_80_all,seed_81_all,seed_82_all,seed_83_all,seed_84_all,seed_85_all,seed_86_all,seed_87_all,seed_88_all,seed_89_all,seed_90_all,seed_91_all,seed_92_all,seed_93_all,seed_94_all,seed_95_all,seed_96_all,seed_97_all,seed_98_all,seed_99_all,seed_100_all
IL1B,IL1B,IL1B,IL1B,IL1B,IL1B,IL1B,IL1B,IL1B,IL1B,IL1B,IL1B,IL1B,IL1B,IL1B,IL1B,IL1B,IL1B,IL1B,IL1B,IL1B,IL1B,IL1B,IL1B,IL1B,IL1B,IL1B,IL1B,IL1B,IL1B,IL1B,IL1B,IL1B,TLR4,IL1B,IL1B,IL1B,IL1B,IL1B,IL1B,IL1B,DPM1,IL1B,IL1B,IL1B,IL1B,IL1B,IL1B,IL1B,IL1B,IL1B,IL1B,IL1B,IL1B,IL1B,IL1B,ITGA2B,IL1B,IL1B,IL1B,IL1B,IL6,IL1B,IL1B,IL1B,IL1B,IL1B,ITGAL,IL1B,PARP8,IL1B,IL1B,IL1B,IL1B,IL1B,IL1B,IL1B,IL1B,IL1B,IL1B,IL1B,IL1B,IL1B,IL1B,IL1B,TLR4,IL1B,IL1B,IL1B,IL1B,IL1B,IL1B,IL1B,IL1B,IL1B,IL1B,IL1B,IL1B,IL-15,IL6
IL6,IL6,IL6,IL6,IL6,IL6,IL6,IL6,IL6,IL6,IL6,IL6,IL6,IL6,IL6,IL6,IL6,IL6,IL6,IL6,IL6,IL6,IL6,IL6,IL6,IL6,IL6,IL6,IL6,IL6,IL6,IL6,IL6,NFKB1,IL6,IL6,IL6,IL6,IL6,IL6,IL6,SCYL3,IL6,IL6,IL6,IL6,IL6,IL6,IL6,IL6,IL6,IL6,IL6,IL6,IL6,IL6,ITGAL,IL6,IL6,IL6,IL6,IL1B,IL6,IL6,IL6,IL6,IL6,ITGA3,IL6,NFKBIL19,IL6,IL6,IL6,IL6,IL6,IL6,IL6,IL6,IL6,IL6,IL6,IL6,IL6,IL6,IL6,IL6,IL6,IL6,IL6,IL6,IL6,IL6,IL6,IL6,IL6,IL6,IL6,IL6,IFNγ,IL1B
IL10,TNF,IL10,TNF,IL10,TNF,TNF,IL10,TNF,TNF,TNF,IL10,IL10,TNF,TNF,TNF,IL10,IL10,TNF,IL10,IL10,IL10,TNF,TNF,TNF,IL10,TNF,IL10,TNF,IL18,TNF,IL10,TNF,IL6,IL10,TNF,IL10,IL10,TNF,IL10,IL10,C1orf112,TNF,TNF,IL10,TNF,TNF,TNF,IL10,TNF,TNF,TNF,TNF,IL10,IL10,IL10,SELE,IL10,IL10,IL10,IL10,TNF,IL10,TNF,IL10,IL10,TNF,ITGA2B,TNF,DHX58,TNF,IL10,TNF,IL10,TNF,TNF,TNF,IL10,TNF,TNF,TNF,TNF,IL10,IL10,TNF,IL1B,IL10,TNF,IL10,TNF,IL10,TNF,IL10,IL10,TNF,TNF,IL10,TNF,IL-17,TNF
IL18,IFNG,TNF,IFNG,IL18,IFNG,IFNG,TNF,IFNG,IFNG,IFNG,IL18,TNF,IFNG,IFNG,IFNG,TNF,TNF,IFNG,IL18,TNF,IL18,IFNG,IFNG,IFNG,IL18,IFNG,TNF,IFNG,IFNG,IFNG,TNF,IFNG,IL1B,IL18,IFNG,IL18,TNF,IFNG,IL18,IL18,FGR,IFNG,IFNG,IL18,IFNG,IFNG,IFNG,TNF,IFNG,IFNG,IFNG,IFNG,IFNG,IL18,TNF,ICAM1,TNF,TNF,IL18,TNF,IFNG,TNF,IFNG,TNF,TNF,IFNG,SELE,IFNG,NFKBIL86,IFNG,TNF,IFNG,TNF,IFNG,IFNG,IFNG,IL18,IFNG,IFNG,IFNG,IFNG,TNF,TNF,IFNG,TNF,IFNG,IFNG,TNF,IFNG,IL18,IFNG,IL18,TNF,IFNG,IFNG,IL18,IFNG,IL-1β,IFNG
TNF,IL10,IFNG,IL10,TNF,IL10,IL10,IFNG,IL10,IL10,IL10,TNF,IFNG,IL10,CCL2,IL10,IFNG,IFNG,IL10,IL12A,IFNG,TNF,IL10,IL10,IL10,TNF,CCL2,IFNG,CCL2,TNF,CXCL8,IFNG,CXCL8,TNF,IFNG,IL10,IFNG,IFNG,IL10,IFNG,IFNG,CFH,IL10,CCL2,TNF,IL10,IL10,IL10,IFNG,CXCL10,IL10,CXCL8,CCL2,TNF,IFNG,IFNG,VCAM1,IFNG,IFNG,TNF,IFNG,IL10,IFNG,IL10,IFNG,IFNG,IL10,ICAM1,CXCL8,PARP3,IL10,IFNG,CXCL8,IFNG,IL10,IL10,IL10,IFNG,IL10,IL10,IL10,CXCL8,IFNG,IFNG,CCL2,IFNG,TNF,IL10,IFNG,IL10,TNF,IL10,TNF,IFNG,CCL2,CCL2,TNF,IL10,Endothelial injury,CCL2
IFNG,IL12A,CXCL8,IL12B,IFNG,IL17A,IL12A,IRF1,IL12A,CCL2,IL12A,IFNG,IRF5,IL12A,CXCL8,CRP,IRF5,CCL2,IL12A,IL12B,CCL2,IFNG,IL12A,IL12A,IL12A,IFNG,CCL5,IRF1,CXCL8,CXCL10,CXCL10,CXCL8,CCL2,STAT3,TNF,IL12A,TNF,CCL2,IL12A,TNF,TNF,FUCA2,IL12A,CCL5,IFNG,IL12A,IL12A,IL12A,IRF5,CCL2,IL17A,CCL2,CCL5,CCL2,TNF,CCL2,ESM1,CCL2,CXCL10,IFNG,CD40LG,CRP,CXCL8,IL12A,CCL2,CCL2,VEGFA,VCAM1,CCL2,NFKBIL11,IL17A,CCL2,CCL2,CCL2,IL12A,IL17A,IL12B,TNF,IL12A,IL12A,IL17A,CCL2,IL2,CCL2,CXCL8,IL10,CCL2,IL12A,CCL2,IL17A,IFNG,IL17A,IFNG,CCL2,CXCL8,CXCL8,IFNG,IL12B,IL-1 pathway,CXCL8
CXCL8,IL18,CCL2,IL18,CXCL8,CXCL8,IL12B,IRF3,IL12B,CXCL8,IL12B,CCL2,IRF1,IL12B,IL10,S100A8,IRF1,CCL5,IL12B,IFNG,CCL5,CCL2,IL18,IL12B,IL12B,CCL2,CXCL8,IRF3,IL10,CCL2,CCL2,CCL2,IL10,IRF3,CCL2,IL18,CCL2,CCL5,IL18,CCL2,CCL2,GCLC,IL12B,CXCL10,CXCL8,IL18,IL12B,IL12B,IRF7,CCL5,IL23A,IL10,CXCL10,CCL5,CCL2,CCL5,PECAM1,CCL5,CCL2,CCL2,ICOS,SAA1,CCL2,IL18,CCL5,CCL5,SELE,PECAM1,IL10,NFKBIL31,CXCL8,CCL5,CCL5,CCL5,IL18,IL2,IL18,CCL2,IL12B,IL12B,IL2,IL10,IL4,CCL5,IL10,ICOS,CCL5,IL12B,CCL5,IL2,IFNA1,CXCL8,CCL2,CXCL8,IL10,IL10,CCL2,IL18,Immune dysregulation,IL10
CCL2,CCL2,CCL5,CCL2,CCL2,CCL2,IL18,STAT1,IL17A,CXCL10,IL17A,CCL5,STAT1,IL17A,IL1R1,S100A9,STAT1,CXCL8,IL18,TNFA,CXCL8,CCL5,CCL2,IL17A,IL18,CCL5,CXCL9,IRF7,IL1R1,CCL5,CCL5,CXCL10,IL12A,IRF7,CCL5,CCL2,CCL5,CXCL8,CCL2,CCL5,CCL5,NFYA,IL18,CXCL9,CCL2,IL23A,IL18,IL18,STAT1,IL10,CXCL8,IL12B,CXCL9,CXCL8,CCL5,CXCL8,CD40,CXCL8,CCL5,CCL5,TNFRSF1B,VEGFA,CCL5,CCL2,CXCL8,CXCL8,ICAM1,ESM1,IL17A,NFKBIL37,CCL2,CXCL8,CXCL10,CXCL8,CCL2,IL4,IL23A,CCL5,IL18,IL18,IL4,IL12A,IL17A,CXCL8,IL17A,SELE,CXCL8,IL17A,CXCL8,IL4,IFNB1,CCL2,CCL5,CXCL10,IL12A,IL12A,CCL5,IL23A,Hyperinflammation,IL1R1
CCL5,CCL5,IL2,CCL5,CCL5,CCL5,IL23A,STAT3,IL17F,CXCL9,IL17F,CXCL8,STAT3,IL23A,IL6R,VCAM1,STAT3,CXCL10,IL23A,CCL2,CXCL10,CXCL8,CCL5,IL23A,IL23A,CXCL8,CXCL10,STAT1,TNFRSF1A,CXCL8,IL1R1,TLR4,IL18,CXCL8,CXCL8,CCL5,CXCL8,CXCL10,CCL5,CXCL8,CXCL8,STPG1,IL23A,IL10,CCL5,CCL2,IL23A,IL23A,STAT3,IL17A,CCL2,IL18,IL10,CXCL10,CXCL8,CXCL10,CD40LG,CXCL10,VEGF,CXCL8,TLR4,ICAM1,TLR4,CCL5,CXCL10,CXCL10,VCAM1,VWF,IL2,SELL,CCL5,CXCL10,CXCL9,CXCL10,CCL5,IL5,CCL2,CXCL8,IL23A,IL23A,IL23A,IL17A,IL23A,CXCL10,IL2,ICAM1,CXCL10,IL17F,CXCL10,IL5,CXCL8,CRP,CXCL8,IL1R1,IL17A,IL18,CXCL8,CCL2,Cytokine storm,IL6R
CXCL10,CXCL8,IL4,CXCL8,CXCL10,CXCL10,CCL2,NFKB1,IL23A,CCL5,IL2,CXCL10,NFKB1,CCL2,TNFRSF1A,ICAM1,NFKB1,CXCL9,CCL2,CCL5,CXCL9,CXCL9,CXCL8,IFNGR1,IL1R1,CXCL10,CXCL13,STAT3,IL6R,IL10,TLR4,TLR2,IFNA1,CCL2,CXCL9,CXCL8,CXCL9,CXCL9,CXCL8,CXCL10,CXCL10,NIPAL3,IL1R1,IL17A,CXCL10,CCL5,IL1R1,CCL2,NFKB1,IL23A,CCL5,IFNA1,IL17A,CXCL9,CXCL10,CXCL9,TNFSF12,CXCL9,ICAM1,CXCL10,TLR9,VCAM1,TLR2,CXCL8,CXCL9,CXCL9,PECAM1,NOS2,IL4,EIF2AK2,CXCL10,CXCL9,IL1RN,CXCL9,CXCL8,IL13,CCL3,CXCL9,IL1R1,CCL2,IL12B,IL23A,TGFB1,CXCL9,IFNA1,VCAM1,CXCL9,IL23A,CXCL9,IL12A,CXCL10,SAA1,CXCL10,IL6R,IL23A,IL23A,CXCL9,CCL5,CD4,TNFRSF1A
CXCL9,CXCL9,IL12A,CXCL9,CXCL9,CXCL9,CCL3,TLR4,CCL2,VEGFA,IL4,CXCL13,RELA,CCL5,IFNGR1,SELE,TLR4,IL1R1,CCL3,CXCL8,CX3CL1,CXCL10,CXCL10,IFNGR2,IL6R,CXCL9,CX3CL1,NFKB1,STAT3,IL12A,TLR2,MYD88,IFNB1,NOS3,CXCL10,CXCL9,CXCL10,IL1R1,CXCL9,CXCL13,CXCL13,ENPP4,IL1R2,IL2,CXCL13,CXCL8,IL1R2,CCL3,NFKB2,IFNA1,CXCL10,IFNB1,IL2,IL1R1,CXCL9,IL1R1,TNFRSF12A,IL1R1,VCAM1,CRP,VEGFA,TLR4,MYD88,CXCL9,VEGF,VEGFA,CRP,NOS3,IL21,NFKBIL13,CXCL9,IL1RN,IL10,IL1RN,CXCL9,CXCL8,CCL5,CXCL10,IL1R2,CCL3,CXCL8,IFNA1,STAT3,IL1RN,IFNB1,NOS3,IL1R1,CCL2,VEGFA,CXCL8,CCL2,FCGR2A,CRP,TNFRSF1A,PTGS2,IFNA1,CXCL10,CXCL8,CD8,ICAM1
CX3CL1,CXCL10,IL17A,CXCL10,IL17A,VEGFA,CCL5,TLR7,CCL3,SELE,IL5,VEGF,TLR4,CXCL8,CCL2R2,SELL,TLR2,IL6R,CCL5,CXCL9,VEGFA,CXCL13,CXCL11,TLR4,TNFRSF1A,CX3CL1,ICOSLG,NFKB2,NFKB1,IL17A,MYD88,NFKB1,CXCL10,ICAM1,CXCL13,CXCL10,CXCL13,IL6R,CXCL10,IL1R1,IL1R1,SEMA3F,IL6R,IL4,IL17A,CXCL10,IL6R,CCL4,RELA,IFNB1,CXCL9,CXCL10,IL4,IL6R,CX3CL1,IL6R,IL1B,IL6R,SELE,SAA1,SELE,TLR7,IRF3,CXCL10,NOS2,NOS2,SAA1,PTGS2,IFNA1,PTX3,ICAM1,S100A8,TGFB1,S100A8,CXCL10,CCL2,CXCL8,CXCL13,IL6R,CCL4,CXCL9,IFNB1,NFKB1,S100A8,CXCL10,PECAM1,IL6R,CCL3,NOS2,CXCL9,CCL5,ITGAM,SAA1,IFNGR1,MMP9,IFNB1,CXCL13,CXCL9,IL-6,VCAM1
VEGFA,CXCL11,IL23A,CXCL11,IL23A,ICAM1,CXCL8,MYD88,CCL5,ICAM1,IL1R1,NOS2,TLR2,CXCL9,CXCR1,SELP,MYD88,TNFRSF1A,CXCL8,CXCL10,ICAM1,CX3CL1,CXCL13,TLR2,TNFRSF1B,VEGFA,CD40LG,RELA,RELA,IL23A,NFKB1,IRF3,CCL5,VCAM1,CX3CL1,CXCL11,CX3CL1,TNFRSF1A,CXCL13,IL6R,IL6R,CFTR,TNFRSF1A,IL21,IL23A,CXCL11,IL6ST,CCL5,RELB,IFNG,CX3CL1,CCL5,IL5,TNFRSF1A,IL1R1,TNFRSF1A,IL6,TNFRSF1A,SELP,PTX3,ICAM1,CXCL8,IRF7,CXCL11,PTGS2,ICAM1,PTX3,PTGIR,IFNB1,VEGFA,VCAM1,S100A9,VEGFA,S100A9,CXCL11,CCL5,CXCL9,CRP,IL6ST,CCL5,CXCL10,IFNG,VEGFA,S100A9,CCL5,THBD,TNFRSF1A,CCL5,ICAM1,CXCL10,CCL19,ITGB2,PTGS2,TLR4,VCAM1,CXCL10,IL1R1,CXCL10,TNF-α,SELE
SELE,CX3CL1,IFNA1,VEGFA,IL12B,VCAM1,CXCL9,CD40,CXCL8,VCAM1,IL6R,TLR4,MYD88,CXCL10,CRP,ITGB2,CD40,TNFRSF1B,CXCL9,CXCL13,VCAM1,CSF2,CXCR4,NLRP3,IFNGR1,ICAM1,CD28,RELB,IRF1,IFNA1,RELA,STAT1,IL17A,SELE,CSF2,VEGFA,VEGFA,IFNGR1,CX3CL1,TNFRSF1A,TNFRSF1A,ANKIB1,TNFRSF1B,IL23A,IL12B,CX3CL1,TNFRSF1A,CXCL8,TNFAIP3,TLR4,VEGFA,CXCL9,IL13,IFNGR1,IL6R,IFNGR1,IL10,IFNGR1,ESM1,VCAM1,VWF,CXCL10,STAT1,CX3CL1,MMP9,VCAM1,LBP,TBXA2R,CXCL10,NFKBIL91,SELE,VEGF,ICAM1,VEGFA,VEGFA,CXCL10,CXCL10,SAA1,TNFRSF1A,CXCL8,CCL2,OAS1,SELE,VEGF,IL18,PLG,TNFRSF1B,CXCL8,VCAM1,CCL2,CCL21,TLR4,TLR4,TLR2,ICAM1,CCL5,IL6R,CXCL11,VEGF,CD4
ICAM1,CSF2,IFNB1,PECAM1,IFNA1,SELE,CXCL10,CD40LG,CXCL9,PECAM1,TNFRSF1A,TLR9,CD40,CXCL11,SAA1,ITGAM,CD80,IFNGR1,CXCL10,VEGFA,SELE,CSF3,CCR5,CASP1,IFNGR2,VCAM1,CD80,TLR4,IRF7,IFNB1,IRF3,STAT3,IL23A,SELP,CSF3,NOS2,NOS2,CCR5,ICOS,IL10RA,IL10RA,CYP51A1,IFNGR1,IFNA1,IFNA1,CSF2,TNFRSF1B,CXCL9,TNIP1,TLR2,ICAM1,CX3CL1,TGFB1,TLR4,TNFRSF1A,TLR4,IL18,TLR4,PECAM1,ICAM1,NOS3,CCL2,STAT3,VEGFA,MMP2,SELE,MMP9,F3,CCL5,NFKBIL45,SELL,ICAM1,VCAM1,CD40LG,NOS2,CXCL9,CXCL11,VCAM1,TNFRSF1B,CXCL9,CCL5,MX1,ICAM1,ICAM1,IL12A,CRP,TLR4,CXCL9,SELE,CCL5,IL1R1,TLR7,TLR2,NLRX1,SELE,IL1R1,TNFRSF1A,CXCR4,NOS3,CD8A
VCAM1,CSF3,CXCL10,SELE,IFNB1,SEL,CXCL11,CD80,CXCL10,CRP,TNFRSF1B,MYD88,CD40LG,CX3CL1,PTGS2,ITGAX,CD86,IFNGR2,CXCL11,NOS2,SELL,LTA,ICAM1,CCL2,STAT1,SELE,CD86,TLR2,TLR4,CXCL9,IRF7,CD40LG,IL1A,PECAM1,LTA,ICAM1,ICAM1,CXCR4,CD40LG,IFNGR1,IFNGR1,KRIT1,IFNGR2,IFNB1,IFNB1,CSF3,IFNGR1,CXCL10,SOCS1,TLR9,VCAM1,CCL19,IFNA1,TLR2,TNFRSF1B,TLR2,IL12A,TLR2,NOS2,SELE,CXCL8,IL17A,NFKB1,NOS2,TLR4,SELL,TLR4,TFPI,ICOS,S100A9,PECAM1,VCAM1,SELE,TNFSF13B,ICAM1,CX3CL1,CX3CL1,ICAM1,IFNGR1,CXCL10,CCL19,ISG15,VCAM1,VCAM1,IL12B,SAA1,TLR2,CXCL10,SELL,CCL19,IL6R,NLRP3,MYD88,NLRP3,SELL,IL6R,IFNGR1,CCR5,ICAM1,CD19
ESM1,LTA,CXCR4,ICAM1,IFNG,PECAM1,CX3CL1,CD86,CXCL11,SAA1,IFNGR1,IRF3,CD80,ICAM1,ICAM1,CD40,HLA-DRA,TLR4,CX3CL1,MMP9,PECAM1,LTB,VCAM1,CCL5,STAT3,SELL,HLA-DRA,MYD88,TLR2,CCL3,STAT1,CD28,TNFSF11,TEK,LTB,VCAM1,VCAM1,ICAM1,TNFSF13B,TLR4,TLR4,RAD52,IL10RA,CXCL8,IFNG,LTA,IFNGR2,CXCL11,SOCS3,NOD2,SELE,CCL21,IFNB1,NLRP3,ICAM1,NLRP3,IL12B,NLRP3,TLR4,SELL,CCL2,IL23A,RELA,ICAM1,TLR2,PECAM1,TLR2,PLG,CD40LG,NFKBIL32,NOS2,SELE,SELL,IL17A,VCAM1,ICAM1,ICAM1,SELE,IFNGR2,CXCL11,CCL21,STAT1,NOS3,SELE,IL23A,CXCL8,TLR9,CXCL11,PLAU,CCL21,TNFRSF1A,CASP1,NFKB1,CASP1,CD40,TNFRSF1A,JAK1,ICAM1,VCAM1,IGHG
PLAU,LTB,CCR5,VCAM1,TLR4,NOS3,CSF2,HLA-DRA,CX3CL1,PTX3,IFNGR2,IRF7,CD86,VCAM1,VCAM1,CD40LG,HLA-DRB1,TLR2,CSF2,ITGAM,ESM1,TNFRSF1A,SELE,CXCL8,NFKB1,SELP,HLA-DRB1,TRAF6,MYD88,CCL4,STAT3,ICOS,TNFRSF1A,THBD,TNFRSF1A,SELE,SELE,VCAM1,CD28,TLR2,TLR2,MYH16,IL10RB,CRP,TLR4,LTB,IL10RA,CXCL13,CD40,RIGI,SELL,IL1R1,TLR4,CASP1,VCAM1,CASP1,IL23A,CASP1,TLR2,PECAM1,IL18,IL12B,CD4,VCAM1,MYD88,ESM1,MYD88,PLAT,TNFSF13B,F3,PTGS2,SELL,PECAM1,IL23A,SELE,VCAM1,VCAM1,SELL,IL10R,CXCL13,ICAM1,IRF1,PECAM1,SELL,IL1R1,CXCL10,IFIH1,CXCL13,SERPINE1,CX3CL1,TNFRSF1B,VWF,RELA,PYCARD,CD40LG,IFNGR1,STAT1,VCAM1,CRP,MMP9
PLAT,TGFB1,ICAM1,ESM1,TLR2,PTGS2,CSF3,HLA-DRB1,CSF2,MMP9,IL10R,STAT1,HLA-DRA,SELE,SELE,TLR4,CD4,TLR9,CSF3,ITGA2B,PLAU,TNFRSF1B,SELL,CXCL10,NFKB2,ESM1,HLA-DQA1,CD40,TRAF6,CX3CL1,ICAM1,CTLA4,VWF,IL18,TNFRSF1B,SELL,SELL,SELE,CTLA4,NOD2,NOD2,BAD,IL12RB1,SAA1,TLR2,TGFB1,IL10RB,CXCR4,CD40LG,MDA5,SELP,IL6R,TLR2,IL18,SELE,IL18,IFNG,IL18,NLRP3,NOS2,IL12B,IFNGR1,CD8A,SELE,NFKB1,PTGS2,NFKB1,PLAU,BAFF,MX1,MMP9,SELP,ESM1,IL12B,SELB,SELE,SELE,CD40,IL12RB,CXCR4,VCAM1,TLR4,THBD,PECAM1,IL6R,CCL2,MDA5,CX3CL1,F3,CXCR4,IFNGR1,SELE,IRF3,NFKB1,TLR4,CCR2,STAT3,SELE,SAA1,VEGF
PAI1,TNFSF13B,VCAM1,NRP1,TLR9,MMP9,LTA,CTLA4,CSF3,MMP2,IL12RB1,STAT3,HLA-DRB1,SELL,SELL,TLR2,CD8A,NLRP3,LTA,ITGB3,SERPINE1,IL1R1,PECAM1,ICAM1,RELA,PECAM1,HLA-DQB1,CD40LG,MAPK14,IL1RN,VCAM1,PDCD1,SELE,IFNG,IL1R1,PECAM1,PECAM1,SELL,PDCD1,NLRP3,NLRP3,LAP3,IL12RB2,PTX3,TLR9,IFNA1,IL12RB1,CXCR5,CD80,IFIH1,ESM1,TNFRSF1A,NLRX1,IL12A,SELL,IL33,TNFA,IL12A,CASP1,MMP9,CSF2,TNFSF13B,CD14,SELB,RELA,PTGIR,IRF3,SERPINE1,CD40,NFKBIB,MMP2,ESM1,VWF,IFNA1,SELP,SEL,SELL,CD40LG,IL18R1,CCR5,SELE,TLR2,ESM1,NOS2,TNFRSF1A,IL18,NLR,CCR2,PROC,CXCR3,IFNGR2,ICAM1,IRF7,RELA,TLR2,CXCR4,IRF1,SELP,IL-18,TLR4
F3,APRIL,SELE,PTGS2,NLRP3,MMP2,LTB,PDCD1,IFNA1,MYC,IL12RB2,NFKB1,CTLA4,SELP,PECAM1,MYD88,VEGF,AIM2,LTB,SELE,F3,IL1R2,NOS2,VCAM1,RELB,NOS2,TLR4,CD80,MAPK1,TNFRSF1A,SELE,BTLA,ICAM1,IL12A,IL1R2,ESM1,ESM1,PECAM1,LAG3,CASP1,CASP1,HS3ST1,IL18R1,MMP9,NOD2,IFNB1,IL12RB2,CCR5,CD86,IRF3,PECAM1,TNFRSF1B,NLRP3,IL12B,PECAM1,STING1,CCL2,IL12B,F3,MMP2,TNNT2,SELE,CD19,SELP,IRF3,TBXAS1,IFIH1,CRP,CD80,NFKBIL7,VEGFA,PECAM1,PLAU,IFNB1,PECAM1,PECAM1,SELP,TLR4,IL18R2,ICAM1,SELL,TLR9,CRP,PTGS2,TNFRSF1B,OSM,NLRP3,CCR5,THBD,CCR7,CXCR4,VCAM1,STAT1,IKBKG,MYD88,IL1RN,IRF7,ESM1,NLRP3,TLR2
PROC,BAFF,SELL,PLA2G2A,AIM2,CRP,TNFRSF1A,ICOS,IFNA2,FOS,IL17RA,RELA,PDCD1,PECAM1,NOS2,NFKB1,SELE,CASP1,TNFSF13B,ICAM1,PROC,IL6R,PTGS2,SELE,IRF3,PTGS2,TLR2,CD86,MAPK8,TNFRSF1B,SELL,TNFRSF9,VCAM1,IL23A,IL6R,CD40,VWF,ESM1,HAVCR2,CASP8,CASP8,AOC1,IL18RAP,MMP2,RIGI,IFNG,IL18R1,ICOS,TLR4,IRF7,NOS2,IFNGR1,AIM2,IL23A,NOS2,IRF3,CCL5,IFNA1,F5,TIMP1,MYH6,CCL5,CD20,PECAM1,IRF7,ITGAM,DDX58,SAA1,CD86,NFKBIL14,FGF2,THBD,SERPINE1,MX1,ESM1,NOS2,ESM1,TLR2,IL23R,VCAM1,PECAM1,MYD88,SAA1,MMP9,IFNGR1,LIF,CASP1,CXCR3,CRP,ICAM1,CXCR3,CD40LG,STAT3,ICAM1,NFKB1,IL1RAP,NFKB1,PLAU,MYH6,IFIT1
THBD,CD40LG,CD40LG,MMP9,NLRC4,SAA1,TNFRSF1B,TNFRSF9,IFNB1,JUN,IL17RC,ICAM1,VEGF,CD40,MMP9,RELA,ICAM1,CASP8,APRIL,VCAM1,THBD,IL6ST,MMP9,SELL,IRF7,MMP9,TLR9,HLA-DRA,JUN,IL1R1,PECAM1,TNFRSF1B,ESM1,IL1A,IL6ST,CD40LG,F3,VWF,BTLA,CASP3,CASP9,WNT16,IL23R,TIMP1,MDA5,OAS1,IL18RAP,CD40LG,TLR7,NFKB1,PTGS2,IFNGR2,CASP1,IL17A,PTGS2,IRF7,CXCL8,IFNB1,FGB,TIMP2,MYH7,TLR9,CD25,ESM1,STAT1,ITGB2,MAVS,IL1B,CTLA4,DEFB1,PDGFB,VWF,F3,OAS1,THBD,PTGS2,PECAM1,NLRP3,TLR2,SELE,ESM1,TRAF6,PTGS2,MMP2,IFNGR2,TNNT2,CASP3,CXCR4,SAA1,VCAM1,CCR7,CD86,JAK1,VCAM1,RELA,MYD88,RELA,PLAT,MYH7,IFIH1
VWF,CD40,CD40,MMP2,CASP1,SAA2,IL1R1,VEGFA,IFIH1,NFKB1,IL2RA,VCAM1,SELE,CD40LG,MMP2,IRF3,VCAM1,CASP3,BAFF,CD40LG,VWF,IL10RA,MMP2,PECAM1,IRF9,MMP2,MYD88,HLA-DRB1,FOS,IL6R,NOS2,LY96,PECAM1,IL10,IL10RA,CD80,PROC,NOS3,VTCN1,MYD88,MMP9,HECW1,TLR2,TIMP2,STAT1,OAS2,IL23R,CD28,TLR9,RELA,MMP9,TLR4,PYCARD,IL17F,PTGES,NFKB1,CXCL9,IFNG,PLAU,VEGF,NPPA,ITGAM,FOXP3,THBD,STAT3,CD40LG,OAS1,IL6,PDCD1,IFI16,TGFB1,F3,PROC,STAT1,PLAU,MMP9,NOS2,CASP1,TLR4,SELB,NRP1,NFKB1,MMP9,TIMP1,CCR2,MYH6,CASP8,CXCR5,TLR4,SELE,TLR4,CD4,JAK2,SELE,IRF3,TLR4,RELC,SERPINE1,TNNT2,MX1
CRP,CD80,TLR4,TLR4,PYCARD,FGB,IL1R2,SELE,TLR2,RELA,IL2RB,SELE,SELP,CD80,TIMP1,IRF7,PECAM1,PYCARD,CD40LG,CD40,CRP,IL10RB,VEGF,NOS2,TLR2,TIMP1,TRAF6,CTLA4,APOE,IL18R1,PTGS2,LY86,CDH5,CSF2,IL10RB,CD86,THBD,PTGS2,CD80,TRAF6,MMP2,MAD1L1,TLR4,VEGFA,STAT3,OAS3,STAT1,CTLA4,MYD88,RELC,MMP2,TLR2,MMP9,IL21,TBXAS1,RELA,CXCL10,STAT1,SERPINE1,FGF2,NPPB,ITGB2,IL17A,PLAU,JUN,CD40,ISG15,IL18,PDL1,IL1B,MYD88,PROC,THBD,IRF1,PLAT,MMP2,PTGS2,PRF1,TLR9,SELP,FLT1,RELA,MMP2,TIMP2,CXCR4,MYH7,CASP9,TLR2,TLR2,SELB,TLR2,CD8A,MAPK1,CDH5,IRF7,TLR2,ICAM1,F3,ACTC1,OAS1
SAA1,CD86,TLR2,TLR2,IL1RN,FGG,IL6R,SELP,TLR4,TLR4,IL4R,SELB,ICAM1,CD86,TIMP2,STAT1,NOS3,IL18,CD40,TLR4,SAA1,IL18R1,FGF2,NOS3,TLR4,TIMP2,IRAK1,PDCD1,CRP,IFNGR1,MMP9,LBP,ITGA2B,CCL5,IFNGR1,TLR4,CRP,PTGIR,CD86,IRF3,VEGFA,LASP1,TLR9,ICAM1,NFKB1,MX1,STAT3,PDCD1,TRAF6,ICAM1,TIMP1,TLR9,MMP2,IL22,ITGA2B,ICAM1,CXCL13,STAT3,CD40,PDGFB,F3,CD40,IL23A,PLAT,FOS,CD80,F3,IL12A,CD28,CSF2,TLR4,SERPINA1,CRP,IRF7,SERPINE1,VEGFA,MMP9,GZMA,MYD88,ESM1,KDR,ICAM1,CXCL8,TGFB1,IL17R,NPPA,PTGS2,TLR4,MYD88,SELP,TLR9,,MAPK14,PECAM1,STAT1,NLRP3,VCAM1,PROC,F3,STAT1
PTX3,ICOSLG,MYD88,TLR7,TNFRSF1A,FGA,IL6ST,ICAM1,TLR7,TLR2,IL5R,SELP,VCAM1,TLR4,VEGFA,STAT3,THBD,IL12A,CD28,TLR2,PTX3,IL18RAP,PDGFB,PTGS2,TLR9,ADAM17,IRAK4,ICOS,SAA1,TNFSF10,MMP2,MMP9,ITGB3,CXCL9,IFNGR2,TLR2,SAA1,TBXAS1,HLA-DRA,IRF7,ICAM1,SNX11,MYD88,VCAM1,NFKB2,MX2,NFKB1,LAG3,IRAK1,VCAM1,TIMP2,NLRX1,TIMP1,IL9,ITGB3,VCAM1,CX3CL1,NFKB1,CD40LG,TGFB1,SERPINE1,CD40LG,IL12B,PAI1,MAPK14,CD86,FGB,IL12B,ITGAM,NFKBIL3,TLR2,CRP,SAA1,TLR4,F3,FGF2,MMP2,GZMB,TRAF6,PECAM1,TEK,VCAM1,CCL2,IL18,TLR4,NPPB,PTGES,TLR7,NFKB1,PECAM1,MYD88,,FOS,NOS3,STAT3,CASP1,SELE,THBD,F5,IRF1
MMP9,ICOS,TRAF6,RIGI,TNFRSF1B,PLAU,IFNGR1,VCAM1,TLR8,RIGI,CRP,ESM1,PECAM1,TLR2,FGF2,JAK1,PLG,IL12B,CTLA4,NLRP3,MMP9,IFNGR1,ANGPT2,PTGS1,MYD88,ADAMTS13,NFKB1,TNFRSF1A,PTGS2,LTA,VEGF,MMP2,THBD,CXCL10,TNFSF13B,TLR9,PTX3,ITGB2,HLA-DRB1,NFKB1,VCAM1,TMEM176A,TRAF6,SELE,RELA,IFIH1,NFKB2,HAVCR2,IRAK4,SELE,TGFB1,NLRP3,VCAM1,IL4,FGB,SELE,CSF2,RELA,CD80,ANGPT2,PROC,IL2,TNFSF13B,F3,MAPK1,TLR4,FGA,IL10,ITGB2,NFKBIL22,NFKB1,SAA1,PTX3,TLR2,F5,TGFB1,VEGFA,FAS,IRAK1,NOS2,THBD,SELE,CCL5,IL12A,TLR2,F3,PTGER2,TLR8,IRF3,ESM1,TRAF6,,JUN,AGT,JAK1,IL18BP,SELL,VWF,FGB,IRF7
MMP2,PDCD1,IRF3,MDA5,IL6R,SERPINE1,IFNGR2,ESM1,NOD2,MDA5,SAA1,PECAM1,NOS3,TLR9,PDGFB,JAK2,MMP9,IL23A,ICOS,CASP1,MMP2,IFNGR2,TEK,TBXAS1,TRAF6,F3,NFKB2,TNFRSF1B,ICAM1,LTB,ANGPT2,VEGF,PLAU,TNNT2,APRIL,MYD88,MMP9,ITGAM,HLA-C,RELA,SELE,M6PR,IRF3,SELL,RELB,DDX58,RELA,TNFRSF9,CXCL8,SELL,HGF,AIM2,ICAM1,IL5,FGG,SELL,CSF3,IRF3,CD86,TEK,THBD,IL4,ICOS,PROC,MAPK8,TLR2,TF,IL23A,SELL,NFKBIL50,RELA,MMP9,MMP9,TLR9,FGB,PDGFB,FGF2,FASLG,IRAK4,PTGS2,VWF,SELB,TNNT2,IL12B,TLR9,FGB,PTGIR,RIGI,IRF7,NOS2,IRF3,,APOE,ACE,JAK2,MMP9,PECAM1,ITGB2,FGG,CXCL10
TIMP1,PDCD1LG1,IRF7,IFIH1,IL6ST,TF,IL10R,PECAM1,ICAM1,IFIH1,SAA2,VWF,EDN1,NOD2,EGFR,TYK2,MMP2,IL17A,PDCD1,PRF1,TIMP1,CCR2,VWF,ITGA2B,RIPK1,F5,RELA,CXCL8,VCAM1,TGFB1,THBD,NOS3,SERPINE1,MYH6,BAFF,TRAF6,MMP2,ITGA2B,HLA-E,MAPK14,SEL P,CYP26B1,IRF7,SELP,IRF3,RIGI,RELB,TNFRSF18,CXCL10,PECAM1,FGF2,CASP1,SELE,IL13,FGA,PECAM1,MMP9,IRF7,HLA-DRA,VWF,IFIH1,IL18,PDCD1,PROS1,PIK3R1,TLR9,PLAU,IL1R1,SELE,NFKBIL78,IRF3,MMP2,MMP2,MYD88,FGG,MYD88,PDGFB,PTGS2,NFKB1,MMP9,F3,SELP,MYH7,IL23A,NOD2,FGA,ITGAM,MDA5,STAT1,NOS3,IRF7,,ITGAM,EDN1,TYK2,MMP2,ESM1,ITGAL,IFNAR1,CCL5
TIMP2,PDCD1LG2,STAT1,DDX58,IL10R,VWF,TLR2,NOS3,VCAM1,IRF3,PTX3,F3,THBD,NLRP3,KDR,MAPK1,ITGB3,IL17F,PD-1,GZMA,TIMP2,CCR5,F3,ITGB3,NLRP3,FGB,RELB,CXCL9,SELE,VEGFA,PLAU,ICAM1,F3,MYH7,CD40,IRF3,TIMP1,ITGB3,MICA,MAPK1,ESM1,ICA1,NFKB1,ESM1,IRF7,TLR1,IRF3,TNFSF4,CCL2,ESM1,PDGFB,CASP8,SELP,GZMA,PROC,ESM1,MMP2,ICAM1,HLA-DRB1,F8,DDX58,IL33,CTLA4,THBS1,AKT1,MYD88,ITGAM,IL1R2,ICAM1,IFNAR2,IRF7,TIMP1,TIMP1,NFKB1,CRP,TLR4,TGFB1,PTGES,NFKB2,MMP2,F5,ESM1,MYL2,IL17A,NLRP3,PROC,ITGB2,NLRP3,STAT3,PTGS2,NFKB1,,ITGB2,PTGIS,SRC,VEGFA,FLT1,TLR4,IFNAR2,IL12B
TLR4,CTLA4,STAT3,MAVS,IL10RA,PROC,TLR4,THBD,SELE,IRF7,MMP9,F5,VWF,AIM2,FLT1,MAPK14,ITGA2B,IL21,BTLA,GZMB,TLR4,CXCR1,PLAT,F3,AIM2,PLAU,STAT1,CXCL10,SELL,NOS2,SERPINE1,VCAM1,PROC,ACTC1,CD40LG,IRF7,TIMP2,F3,MICB,MAPK8,PECAM1,DBNDD1,NFKB2,PECAM1,MYD88,TLR2,IRF7,TNFSF9,CCL5,ENG,IGF1,CASP3,ESM1,GZMB,THBD,VWF,MMP1,VCAM1,PRF1,F9,OAS1,MIF,VEGFA,VWF,PTEN,IRF3,ITGB2,IL6R,VCAM1,SAA1,STAT1,TIMP2,TIMP2,RELA,SAA1,TLR2,ITGB2,TBXAS1,RELA,TIMP1,FGB,PECAM1,ACTC1,IL17F,AIM2,SERPINE1,ICAM1,NLRC4,CD40,PLA2G2A,NFKB2,,ICAM1,PTGS2,FYN,ICAM1,ENG,TLR2,STAT1,IL18
TLR2,BTLA,NFKB1,IRF3,IL10RB,PROS1,TLR9,PLG,SELB,STAT1,MMP2,FGB,ITGA2B,CASP1,TEK,MAPK8,VWF,IL22,LAG3,CRP,TLR2,CXCR2,PAI1,F5,CASP1,SERPINE1,STAT3,CCL2,PECAM1,PTGS2,F3,SELE,ENG,LAMA4,CD28,NFKB1,ADAM17,F5,NKG2D,STAT1,THBD,ALS2,RELA,CDH5,TRAF6,TLR3,IRF9,TNFSF10,CCR5,NOS3,EGF,NLRP1,PECAM1,PRF1,PLG,PLAU,TIMP1,SELE,GZMA,F10,LYZ,IFNGR2,SELE,F5,CASP1,IRF7,CD40,IL6ST,PECAM1,CXCL10,STAT3,ADAM17,TLR4,ICAM1,PTX3,TLR9,ITGAM,NOS2,RELB,TIMP2,FGA,NOS3,NPPA,IL21,CASP1,VWF,VCAM1,AIM2,CD40LG,MMP9,RELA,,VCAM1,TBXAS1,LCK,VCAM1,NOS3,TLR9,STAT2,IFNA1
MYD88,LAG3,RELA,IRF7,IL18R1,THBD,NOD2,PLAT,SELP,STAT3,TIMP1,PROC,ITGB3,CASP8,ANGPT2,MAPK9,ANGPT2,IL2,HAVCR2,SAA1,MYD88,CXCR3,PROC,F7,PYCARD,PROC,STAT4,CCL5,ESM1,MMP9,FGB,SELL,NOS3,ELN,CTLA4,NFKB2,ADAMTS13,PROC,KIR2DL1,STAT3,VWF,CASP10,RELB,THBD,MAPK1,TLR4,MYD88,TNFSF11,CX3CR1,VEGFA,KDR,NLRC4,THBD,FAS,PAI1,PLAT,TIMP2,SELL,GZMB,F13A1,S100A8,IRF5,SELL,F2,NLRP3,STAT1,CD40LG,TNF,ESM1,IKBKA,JAK1,ADAMTS13,TLR2,VCAM1,MMP9,IRF3,ITGAX,ITGB2,IKBKG,VEGFA,PROC,VEGFA,NPPB,IL22,PYCARD,MX1,SELE,IFIH1,CD80,MMP2,RELB,,SELE,ITGB2,ZAP70,SELE,VEGFA,RIGI,TLR4,IFNB1
TRAF6,HAVCR2,MAPK1,STAT1,IL18RAP,PLG,NLRP3,SERPINE1,PECAM1,JAK1,TIMP2,THBD,CXCL8,CASP3,THBD,MAPK10,TEK,IL4,TIM-3,PTGS2,NFKB1,CXCR4,THBD,FGB,ICAM1,THBD,STAT6,CCR5,VWF,MMP2,FGA,PECAM1,PTGS2,COL4A1,ICOS,RELA,TLR4,THBD,KIR2DL3,ICAM1,F3,CFLAR,CHUK,VWF,MAPK14,TLR5,TLR2,TNFSF12,SLAMF1,THBD,FLT1,PYCARD,VWF,FASLG,CRP,SERPINE1,PTGS2,PECAM1,MYD88,PLAT,STAT1,IRF7,ICAM1,F10,AIM2,STAT3,CD86,TNFRSF1A,VWF,LYZ,JAK2,TLR4,TLR9,SELE,MMP2,IRF7,CD40,ITGA2B,CHUK,FGF2,PROS1,ANGPT2,F3,IL4,IL1RN,OAS1,SELB,DDX58,CD86,TIMP1,IKBKG,,SELL,ITGAL,SYK,SELB,MMP9,MDA5,TLR2,IL2
IRF3,TIGIT,MAPK14,STAT3,IL17R,PLAT,AIM2,MMP9,ESM1,JAK2,ICAM1,PLAU,IL18,PYCARD,PROC,PIK3CA,FLT1,IL5,TIGIT,TBXA2R,IRF3,CXCR5,PLG,FGA,VCAM1,VWF,IRF3,FOXP3,F3,ICAM1,PROC,TEK,PTGIR,TGFB1,PDCD1,RELB,TLR2,PLAU,KIR3DL1,VCAM1,PROC,TFPI,IKBKB,F3,MAPK8,TLR6,TLR4,TNFSF13,SLAMF6,VWF,FLT4,IRF3,F3,CD40,SAA1,F3,PTGS1,ESM1,TRAF6,PLAU,IRF3,STAT1,VCAM1,FGA,PYCARD,NFKB1,CXCL8,TNFRSF1B,THBD,FCGR2A,TYK2,TLR2,MYD88,SELL,TIMP1,STAT1,CD40LG,ITGB3,IKBKB,PDGFB,SERPINE1,THBD,FGB,IL5,IL1RAP,IFIH1,SELP,IFNA1,HLA-DRA,TIMP2,MAPK1,,PECAM1,ITGAM,PLCG1,SELL,MMP2,IFIH1,RIGI,IL4
IRF7,CD28,JUN,NFKB1,IL23R,PAI1,IFIH1,MMP2,TEK,CD40,VCAM1,SERPINE1,IL12A,NFKB1,F3,PIK3R1,ENG,IL13,CD244,FAS,IRF7,XCL1,FGA,PROC,SELE,CRP,IRF7,IL17A,PROC,VCAM1,CRP,FLT1,TBXA2R,BMP4,LAG3,STAT1,TLR9,SERPINE1,KIR3DL2,SELE,SERPINE1,NDUFAF7,MAPK1,F5,MAPK9,TLR7,TLR9,TNFSF13B,SLAMF7,F3,TEK,IRF7,PROC,CD40LG,MMP9,PROC,TBXA2R,VWF,IRF3,PAI1,MX1,STAT3,PECAM1,FGB,IL18,NFKB2,CCL2,IFNG,PROCR,HAVCR2,MAPK1,TLR9,TRAF6,PECAM1,TIMP2,STAT3,CD80,FGB,MAPK1,TGFB1,PLAU,PLAU,FGA,IL13,IL6ST,LYZ,CD40,IFNB1,HLA-DRB1,VEGFA,MAPK14,,NOS3,ITGAX,PLCG2,ESM1,TIMP1,DDX58,MDA5,IL17A
NFKB1,CD3,FOS,NFKBIA,IL12R,F3,DDX58,TIMP1,FLT1,CD40LG,SELE,CRP,IL12B,NFKB2,PAI1,AKT1,ESM1,IFNA1,2B4,FASLG,STAT1,XCR1,FGB,PROS1,SELB,SAA1,IRF9,IL23A,THBD,SELE,SAA1,ENG,LTB4R1,FN1,HAVCR2,STAT3,RIGI,CRP,ITGAM,SELL,PLAU,RBM5,MAPK3,FGA,JNK,TLR8,CXCL8,TNFSF14,ITGAM,SERPINE1,TIE1,IRF9,SERPINE1,CD28,MMP2,THBD,NOS2,NOS3,IRF7,THBD,RIGI,NFKB1,ESM1,FGG,IL33,RELA,CXCR4,IFNGR1,NOS3,CRP,MAPK14,MYD88,IRF3,ESM1,ADAM17,NFKB1,CD86,FGG,MAPK3,CTGF,PLAT,SERPINE1,PLAU,IFNA1,IL17RA,STAT1,CD40LG,IFNG,ITGAM,PDGFB,MAPK8,,EDN1,F3,MAPK1,PECAM1,TIMP2,IFNAR1,,IL23A
NFKB2,CD4,CRP,RELA,IL12RB1,CD40LG,IRF3,TIMP2,PTGS2,CD80,SELL,SAA1,CXCL9,RELA,PLAT,AKT2,JAM2,IFNB1,SLAMF1,CD4,STAT3,CSF2RA,FGG,THBD,SELP,PTX3,MAPK1,IL12B,PLAU,SELL,PTX3,THBD,LTB4R2,F3,BTLA,JAK1,MDA5,SAA1,ITGB2,PECAM1,PLAT,MTMR7,MAPK14,FGB,ERK,TLR9,CXCL10,TNFSF15,ITGB2,PLAT,ANGPT2,STAT1,PLAU,CD80,MMP1,EPOR,NOS3,PTGS2,STAT1,PROC,MDA5,NFKB2,TEK,CRP,S100A8,RELB,CCR5,IFNGR2,PTGS2,IFIT2,MAPK8,TRAF6,IRF7,VWF,ADAMTS13,RELA,TLR4,FGA,MAPK14,MYC,MMP9,F3,SERPINE1,IFNB1,IL17RC,IRF3,CD80,IFNL1,ITGB2,FGF2,MAPK9,,VEGFA,FGB,MAPK3,THBD,F3,IFNAR2,,TGFB1
RELA,CD8A,SAA1,RELC,IL12RB2,CD40,IRF7,AGT,PTGDS,CD86,SELP,PTX3,CXCL10,RELB,PLAU,PTEN,CLDN5,IFNG,SLAMF6,CD8A,MAPK14,CSF2RB,CRP,PLG,PECAM1,LBP,MAPK3,IL2RA,SERPINE1,SELP,FERR1,PLG,CYSLTR1,FGB,TIGIT,JAK2,IFIH1,PTX3,SELL,ESM1,FGA,SLC7A2,MAPK8,FGG,P38,TLR10,CCL2,TNFSF18,CD11b,PLAU,ANGPT1,STAT3,PLAT,CD86,TIMP1,GATA1,PLAU,PTGES,STAT3,PROS1,,PECAM1,FLT1,SAA1,S100A9,INSR,CCL5,IFNA1,PTGIR,NFKBIL34,PIK3CA,IRF3,NFKB1,F3,TLR4,MAPK1,TLR2,PLAU,MAPK8,FOS,MMP2,FGB,TFPI,IFNG,TRAF6,IRF7,CD86,IFNL2,FCGR2A,EGFR,STAT1,,PDGFA,FGA,MAPK14,VWF,F5,IFNGR1,,PTGS2
RELB,CD19,PTGS2,IKBKG,IFNAR1,CD80,NFKB1,ACE,PTGIS,CD4,ESM1,MMP9,CCL2,IKBKG,SERPINE1,FOXO3,CXCL8,CX3CR1,SLAMF7,CD8B,MAPK1,CSF3R,SAA1,SERPINE1,ESM1,CD14,MAPK14,IL2RB,MMP9,ESM1,HP,SERPINE1,CYSLTR2,FGA,CD3D,TYK2,DDX58,MMP9,SELE,VWF,FGB,ARF5,MAPK9,PLAT,PTGS2,NOD1,CCL5,ICAM1,CD18,PROC,THBD,NFKB1,FGA,CTLA4,TIMP2,GATA2,PLAT,TBXAS1,CXCR4,HP,,NOS3,ENG,SAA2,CRP,IGF1R,MYC,IFNA2,TBXAS1,KIR2DL3,AKT1,IRF7,RELA,F5,TLR2,MAPK14,TLR9,SERPINE1,MAPK9,JUN,TIMP1,FGA,TLR4,MX1,IRAK1,ISG15,CD28,IFNL3,FCGR3B,KDR,STAT3,,TGFB1,PROC,MAPK8,PLAU,FGB,IFNGR2,,NOS2
STAT1,CD20,NOS2,CHUK,IFNAR2,CD86,NFKB2,EDN1,TBXAS1,CD8A,PECAM1,MMP2,CCL5,IKBKB,F5,CASP1,CXCL10,ICAM1,SLAMF8,CD19,MAPK8,LTA4H,SAA2,CRP,TEK,TLR4,MAP2K1,IL6R,MMP2,PECAM1,ORM1,ESM1,BLT1,PLAU,CD3E,MAPK1,IFI44,MMP2,VCAM1,F3,FGG,SARM1,MAPK10,PLAU,COX2,NOD2,ICAM1,VCAM1,VEGFA,PROS1,PROCR,NFKB2,FGB,PDCD1,ADAM17,ITGA2B,SERPINE1,ITGB2,CXCR2,ORM1,,THBD,NOS3,PTX3,SAA1,PDGFRB,JUN,IFNB1,ITGA2B,NFKBIL81,PTEN,STAT1,STAT1,PROC,TLR7,JUN,MYD88,TF,MAPK10,NRKB1,TIMP2,PROC,TLR7,OAS1,MYD88,MX2,CTLA4,IRF3,C1R,FLT1,STAT4,,CTGF,SERPINE1,MAPK9,SERPINE1,PLAU,STAT1,,F3
STAT3,CD22,MMP9,IKBKB,IFNGR1,CD28,RELA,IL18,NOS2,CD19,CD40,TIMP1,CX3CL1,CHUK,FGB,NLRP3,CCL2,VCAM1,SLAMF9,CD20,JUN,LTB4R1,PTX3,SAA1,TIE1,TLR2,MAP2K4,IL6ST,TIMP1,CDH5,APOA1,ANGPT2,BLT2,SERPINE1,CD3G,MAPK14,IFI44L,TIMP1,ICAM1,F5,CRP,POLDIP2,STAT1,SERPINE1,NOS2,NLRP3,VCAM1,SELE,VEGFR2,F5,VWF,RELA,FGG,PDL1,ADAMTS13,ITGB3,F3,ITGAL,CCR5,ORM2,,ESM1,THBD,LBP,ICAM1,EGF,FOS,CXCL8,ITGB3,NFKBIL82,SRC,STAT3,STAT3,THBD,TLR9,FOS,TRAF6,VWF,JNK,NFKB2,PTGS2,PTAFR,TLR9,RNaseL,RELA,PTGS2,PDCD1,IRF7,C1S,FLT4,STAT6,,MMP9,PLAU,MAPK10,F3,SERPINE1,STAT2,,FGB
JAK1,CD14,MMP2,MAPK1,IFNGR2,CTLA4,RELB,IL12A,NOS3,CD14,CD40LG,TIMP2,CSF2,MAPK1,FGA,AIM2,CCL5,SELE,SLAMF10,CD56,FOS,LTB4R2,LBP,SAA2,TIE2,MYD88,MAP3K1,VEGFA,TIMP2,PLAU,APOA4,EDN1,C5AR1,THBS1,CD4,MAPK8,IFIT1,TIMP2,PECAM1,SERPINE1,SAA1,PLXND1,STAT2,PROC,ICAM1,AIM2,SELE,SELP,TEK,FGB,F3,RELB,CRP,ICOS,TLR4,PF4,F5,ITGAM,CX3CR1,C3,,F3,PLG,CD14,VCAM1,EGFR,STAT1,CXCL9,F3,MDA5,SYK,NFKB1,MAPK14,PLG,MYD88,CRP,IRF3,PROC,ERK,RELA,PTGES,ITGB2,IFIH1,STAT1,NFKB1,MMP9,PDL1,STAT1,C3,TEK,JAK1,,MMP2,PLAT,PIK3CA,PROC,THBD,IRF3,,ITGA2B
JAK2,CD16,TIMP1,MAPK14,MYD88,PDCD1,ICAM1,IL12B,MMP2,CD16,CD80,ADAM17,CSF3,MAPK3,PLG,PYCARD,IL18,SELB,SLAMF11,CD16,AKT1,TNFRSF10B,CD14,CD4,VEGFA,IRF3,MAP3K7,SELE,ADAM17,PLAT,APOB,ITGB3,C5AR2,VWF,CD8A,MAPK9,IFIT2,ADAM17,ESM1,PLAU,PTX3,AK2,STAT3,PRC,VCAM1,CASP1,SELP,SELL,PECAM1,FGA,F5,IKBKG,SAA1,ICOSLG,TLR2,PPBP,FGB,CD40,ITGAM,C4,,FGB,PLAT,TLR4,SELE,FGF2,STAT3,CXCL10,F5,THBD,LYN,NFKB2,MAPK1,SERPINE1,TRAF6,SAA1,IRF7,THBD,p38,RELB,TBXAS1,ITGAM,DDX58,STAT2,NFKB2,MMP2,PDL2,STAT2,C5,TIE1,JAK2,,TIMP1,MMP9,PIK3R1,CRP,PROC,IRF7,,PF4
TYK2,FCGR1A,TIMP2,MAPK8,TRAF6,PDL1,VCAM1,IL23A,MMP9,FCGR1A,CD86,ACE2,LTA,MAPK14,HRG,IL18,IL12A,SELP,SLAMF12,HLA-DRA,PIK3CA,TNFRSF11B,TLR4,CD8A,FLT1,IRF7,PIK3CA,SELL,ADAMTS13,PAI1,APOE,ITGA2B,C3AR1,PROCR,CD8B,PIK3CA,IFIT3,ADAMTS13,ENG,PLAT,FERR1,CD38,STAT4,THBS1,SELE,CASP4,PECAM1,ESM1,SELE,CRP,FGB,MAPK1,PTX3,CD4,TLR9,TBXAS1,FGA,CD40LG,ITGB2,C5,,FGA,SERPINE1,TLR2,SELL,FGFR1,HLA-DRA,CXCL11,F7,PARP6,HCK,RELA,MAPK8,CRP,IRF3,PTX3,NFKB1,EPOR,JUN,IRF3,ITGAM,ITGAX,OAS1,IRF1,MAPK1,CX3CL1,CD4,STAT3,MASP2,ANGPT2,JAK3,,COL1A1,MMP2,AKT1,SAA1,CRP,IRF9,,SERPINE1
MAPK1,FCGR2A,VEGFA,MAPK9,IRAK1,PDL2,SELE,IL17A,MMP12,FCGR2A,CD28,AGT,LTB,MAPK8,VWF,IL1A,IL12B,PECAM1,SLAMF13,HLA-DRB1,PTEN,IL1RAP,TLR2,CD8B,FLT4,STAT1,PIK3R1,ICAM1,ITGB2,F3,SAA4,GP5,C3,PLAT,CD19,PIK3R1,MX1,TLR4,NOS3,PROC,HP,FKBP4,STAT5A,ITGB2,SELB,CASP8,NOS2,PECAM1,SELP,SAA1,FGA,MAPK3,HP,CD8A,MYD88,PTGS1,PROC,CD80,PTGS2,CFB,,FGG,MMP9,MYD88,PECAM1,TGFB1,HLA-DRB1,CCL2,FGB,ISG20,LCK,RELB,MAPK9,SAA1,IRF7,FERRITIN,NFKB2,JAK1,FOS,IRF7,ITGB2,CD40,MX1,IRF7,MAPK14,XCL1,CD8A,NFKB1,CFB,THBD,TYK2,,COL3A1,TIMP1,AKT2,PTX3,SAA1,OAS1,,CRP
MAPK3,FCGR2B,PDGFB,MAP3K7,IRAK4,ICOS,SELB,IL17F,ITGAM,FCGR2B,CTLA4,AGTR1,TNFRSF1A,MAPK9,ITGB3,IL33,IL23A,ESM1,SLAMF14,IGHA1,NOS2,IL1RN,TLR9,CD19,KDR,STAT3,AKT1,VCAM1,ITGAM,F5,CFB,GP6,C5,OAS1,CD20,AKT1,OAS1,TLR2,EDN1,THBD,ORM1,KDM1A,STAT5B,ITGAM,SELP,CASP9,PTGS2,CDH5,ICAM1,PTX3,PROC,MAPK14,ORM1,CD19,TRAF6,PTGS2,THBD,CD86,MMP9,CFH,,SERPINE1,MMP2,TRAF6,ESM1,TGFBR1,HLA-C,CCL3,FGA,NFKBIL85,ZAP70,INFG,JUN,PTX3,NFKB1,D-DIMER,RELA,JAK2,ATF2,STAT1,CD40,CD40LG,IFNAR1,IRF9,MAPK8,GZMA,CD8B,NFKB2,MBL2,EPAS1,SOCS1,,FBN1,TIMP2,MTOR,FERRITIN,PTX3,OAS2,,SAA1
MAPK14,FCGR3A,TGFB1,TRAF6,TBK1,ICOSL,SELP,CCL2,ITGB2,FCGR3A,PDCD1,BDNF,TNFRSF1B,MAPK10,ITGA2B,HMGB1,IL17A,TEK,SLAMF15,IGHG1,NOS3,IL6ST,MYD88,CD20,ENG,NFKB1,AKT2,PECAM1,ITGA2B,FGB,C3,GP1BA,MPO,MX1,CD22,AKT2,OAS2,MYD88,THBD,CRP,APOA1,RBM6,STAT6,ITGAX,PECAM1,PYCARD,MMP9,TEK,VCAM1,MMP9,SERPINE1,MAPK8,ORM2,CD20,IRF3,ALB,VWF,HLA-DRA,MMP2,CFI,,VWF,TIMP1,NFKB1,VWF,MMP9,B2M,CCL4,PLAU,TLR7,CD3E,IFNA1,FOS,MMP9,RELA,FGB,RELB,STAT1,CREB1,STAT3,CD40LG,CD80,IFNAR2,TLR2,MAPK9,PRF1,CD19,RELA,LY96,HIF1A,SOCS3,,ELN,CRP,RPS6KB1,D-DIMER,HP,OAS3,,LBP
MAP2K1,TLR2,FGG,MYD88,IKBKB,BTLA,PECAM1,CCL3,ITGAX,FCGR3B,PDL1,NGF,IL1R1,JNK,GP1BA,CXCL8,IL17F,FLT1,SLAMF16,IGHM,SOD2,IL10R2,TRAF6,CD14,NOS3,NFKB2,PTEN,ESM1,ITGB3,FGA,C5,VWF,ELANE,RSAD2,CD79A,PTEN,OAS3,TRAF6,VWF,SAA1,APOA4,CAMKK1,JAK1,ITGB1,ESM1,IKBKG,MMP2,TIE1,ESM1,MMP2,PAI1,MAPK9,TF,CD3E,IRF7,CRP,CRP,HLA-DRB1,TIMP1,MASP2,,PLAT,TIMP2,RELA,F3,MMP2,CD4,CCL5,PLAT,AIM2,CD4,IFNB1,AP1,MMP2,STAT1,FGA,STAT1,STAT3,STAT1,STAT5A,CD80,CD86,IRF3,TLR4,MAPK10,C5AR1,CD20,RELB,LY86,FOXO3,PTGS2,,ACTA2,SAA1,EIF2AK3,FGA,ORM1,MX1,,CD14
MAP2K4,TLR4,FGA,TICAM1,NFKB1,CD244,ESM1,CCL5,CD40,ITGAM,PDL2,NRG1,IL6R,ERK,GP6,CXCL10,OSM,FLT4,SLAMF17,IGKC,CAT,IL18RAP,IRF3,CD16,EDN1,RELA,NOS2,NOS3,CD40,PROC,C5AR1,ADAMTS13,CTSG,IFIH1,CD79B,FOXO3,STAT1,IRF3,PLAU,PTX3,APOB,RECQL,JAK2,CD40,TEK,NFKB1,FGF2,FLT1,NOS3,TIMP1,PLAU,MAPK10,FGG,ITGAM,STAT1,SAA1,SAA1,HLA-DQA1,TIMP2,FCN1,,PAI1,ITGB3,IRF3,F5,TIMP1,ACTA2,CCL19,SERPINE1,NFKBIL62,CD8A,IFIH1,IL12A,TIMP1,STAT3,PLAU,STAT3,IRF1,STAT2,STAT5B,CD86,HLA-DRA,IRF7,TLR9,JUN,ITGAM,CD14,ICAM1,CD14,NFKB1,PTGES,,MYH11,PTX3,HMOX1,FGB,APOA1,MX2,,LY96
MAP3K1,TLR9,FGB,TICAM2,NFKB2,LAG3,ENG,CXCL8,CD40LG,ITGB2,CD14,EGFR,TNNT2,P38,PF4,CCL2,LIF,KDR,SLAMF18,IGLC,GPX1,IFNGR1,IRF7,CD32,AGT,RELB,NOS3,THBD,CD40LG,PROS1,ITGAM,ITGAM,PRTN3,DDX58,IGHM,IKBKG,STAT2,IRF7,PLAT,MMP9,APOC3,VPS50,JAK3,CD40LG,TIE1,RELA,PDGFB,FLT4,EDN1,TIMP2,PLAT,MAP2K1,FGB,ITGB2,STAT3,PTX3,SAA2,HLA-DQB1,ADAM17,MBL2,,MDA5,IL18,IRF7,FGB,TIMP2,MYH11,CCL20,CRP,NFKBIL29,CD19,MDA5,IL12B,TIMP2,JAK1,PLAT,STAT4,IRF7,STAT3,JAK1,CD28,HLA-DRB1,ISG15,MYD88,FOS,DPM1,CD16,VCAM1,LBP,RELA,NOS2,,MYL4,FERR1,NOS2,FGG,ALB,RSAD2,,MYD88
IKBKG,MYD88,THBD,CD14,RELA,TIM3,NOS3,CXCL10,CD80,SELL,TLR4,PDGFB,MYH6,STAT1,TBXA2R,CCL5,CSF2,ENG,SLAMF19,TRA,HMOX1,IFNGR2,STAT1,CD64,ACE,TNFAIP3,ITGAM,PLG,CD28,THBD,ITGB2,ITGAX,S100A8,LY96,IGHD,CHUK,IRF1,NFKB1,SERPINE1,MMP2,LPA,HSPB6,TYK2,CD80,TIE2,RELB,ANGPT2,KDR,THBD,CXCL8,NR1I2,MAP2K4,FGA,SELL,NFKB1,MMP9,ORM1,HLA-DPA1,AREG,TLR2,,RIGI,IL33,STAT1,FGA,ADAM17,MYL9,CCL25,SAA1,IFITM3,CD20,RIGI,IL23A,ADAM17,JAK2,PAI1,STAT6,IRF9,STAT4,JAK2,CTLA4,HLA-C,OASL,TRAF6,STAT1,SCYL3,FCGR2A,SELE,S100A8,STAT1,ICAM1,,TNNT2,HP,PTGIR,MYC,FGG,ISG15,,TRAF6
CHUK,TRAF6,PLAU,LY96,RELB,HAVCR2,PTGIS,CXCL11,CD86,SELB,TLR2,FGF2,MYH7,STAT2,PTGIR,CCL19,CSF3,NOS3,SLAMF20,TRB,ARG1,CCR5,STAT3,HLA-DRA,ACE2,TNIP1,ITGB2,PLAT,CTLA4,VWF,CD40,CDH5,S100A9,CD14,IGHG,IKBKB,IRF7,NFKB2,F3,TIMP1,LPL,ARHGAP33,SRC,CD86,ENG,IRF3,TEK,ENG,VWF,CXCL9,PPARA,MAP3K7,PLG,SELE,NFKB2,MMP2,ORM2,HLA-DPB1,EBI3,TLR4,,IFIH1,IL1RAP,STAT3,PLAU,ADAM10,TNNT2,CCL27,PTX3,KIR2DL1,CD14,DDX58,IL17A,ADAMTS13,TYK2,PROC,JAK1,MX1,STAT5A,TYK2,PDCD1,CD4,DPM1,NFKB1,STAT3,C1orf112,FCGR2B,SELB,S100A9,STAT3,VCAM1,,TNNC1,ORM1,TBXA2R,JUN,FGA,ACE2,,RIPK2
IKBKB,IRF3,SERPINE1,FCGR2A,CHUK,TIGIT,EDN1,CXCR4,CD28,SELP,TLR9,KDR,ACTC1,STAT3,NOS3,CCL21,IL1R1,PTGS2,SLAMF21,TRD,ARG2,CXCR3,NFKB1,HLA-DRB1,AGTR1,NLRP3,ICAM1,PLAU,PDCD1,ITGB2,CD40LG,CLDN5,S100A12,LBP,IGHA,TNFAIP3,IRF9,RELA,F5,TIMP2,CETP,NDUFAB1,LCK,TLR4,FLT1,IRF7,VWF,NOS3,PLG,CCL19,PPARG,MAP3K14,APOA1,ICAM1,RELA,MMP1,HP,CD4,UBD,MYD88,,IFNAR1,IL6R,JAK1,SERPINE1,CASP1,LMNA,CCR2,LBP,RNL,CD16,MAVS,IL17F,NOS2,MAPK1,THBD,JAK2,OAS1,STAT5B,MAPK1,LAG3,CD8A,SCYL3,NFKB2,STAT4,FGR,FCGR3A,SELP,MMP9,IRF3,SELE,,TNNI3,CEACAM8,ITGB2,FOS,PLG,AGT,,NFKB1
TNFAIP3,IRF7,PROC,FCGR2B,IKBKG,CD160,VEGFA,CX3CL1,F3,VWF,MYD88,FLT1,LMNA,STAT4,EDN1,CXCR4,IL6R,PTGIR,SLAMF22,TRG,ADA,CXCR4,NFKB2,HLA-DQA1,AGTR2,AIM2,VCAM1,MMP2,PDCD1LG1,ITGAM,CD80,OCLN,MMP9,TLR2,IGLC,TNIP1,NFKB1,RELB,FGB,ADAM17,ABCA1,PDK4,ZAP70,TLR2,KDR,IRF9,F3,PTGS2,PLAT,CCL21,PPARD,MAP4K1,APOA2,VCAM1,RELB,TIMP1,APOA1,CD8A,SQSTM1,TRAF6,,IFNAR2,TNFRSF1A,JAK2,TFPI,CASP3,S100A8,CCR5,MMP9,NFKBIL4,CD56,TRAF3,IL21,NOS3,MAPK14,VWF,JAK3,OAS2,STAT6,MAPK3,HAVCR2,CD19,C1orf112,RELA,STAT6,CFH,C1S,PECAM1,MMP2,IRF7,SELB,,MYBPC3,CEACAM1,ITGAM,NFKB1,TF,AGTR1,,RELA
TNIP1,IRF9,ENG,FCGR3A,MAPK1,LAIR1,FLT1,CSF2,F5,F3,TRAF6,FLT4,TGFB1,STAT5A,AGT,CXCR2,TNFRSF1A,TBXAS1,SLAMF23,LTA,ITGAM,CSF2RB,RELA,HLA-DQB1,REN,CASP1,SELE,MMP9,PDCD1LG2,ITGAX,CD86,IL18,MMP2,IFNAR1,IGKC,NLRP3,NFKB2,STAT1,FGG,ADAMTS13,ABCG1,SLC22A16,SYK,TLR7,FLT4,STAT1,F5,PTGS1,PAI1,CCR7,RXRA,MAP4K4,APOB,PECAM1,MAPK1,TIMP2,APOA2,CD8B,,IRAK1,,OAS1,TNFRSF1B,TYK2,PROCR,CASP8,S100A9,CX3CR1,MMP2,NFKBIL54,CD68,TRAF2,IL22,PTGS2,MAPK8,ITGB3,TYK2,OAS3,IRF3,MAPK14,TIGIT,CD56,FGR,RELB,IRF3,FUCA2,C1R,ESM1,TIMP1,MYD88,SELP,,MYH7,FCGR2A,ITGA2B,RELA,C3,AGTR2,,MAPK1
NOD2,STAT1,ESM1,FCGR3B,MAPK3,SIGLEC7,KDR,CSF3,F7,TFPI,IRF3,TEK,MMP2,STAT5B,ACE,CCR7,TNFRSF1B,ITGA2B,SLAMF24,LTB,ITGB2,LTB4R1,RELB,HLA-DPA1,CRP,PYCARD,SELL,TIMP1,ICOS,ITGB1,HLA-DRA,IL12B,MMP7,IFNAR2,IGLC,AIM2,RELA,STAT3,FGA,VEGFA,LDLR,ZMYND10,PIK3CA,TLR9,VEGFA,STAT2,F7,TBXAS1,MMP2,CX3CL1,RXRB,PIK3CA,APOC3,ESM1,MAPK3,ADAM17,APOB,CD19,,IRAK4,,MX1,CSF2,MAPK1,THBD,CASP9,CALR,CX3CL1,TIMP1,NFKBIL95,CD80,TNFRSF1A,IFNA1,TBXAS1,MAPK9,ITGA2B,MAPK1,IFIH1,IRF7,MAPK8,CD247,FOXP3,CFH,TNFAIP3,IRF7,GCLC,C3,TEK,TIMP2,TLR4,CDH5,,LMNA,FCGR3B,ITGB3,STAT1,C5,NOS3,,MAPK14
NLRP3,STAT3,PECAM1,C1R,MAPK14,SIGLEC9,TEK,LIF,FGB,PLAT,IRF7,TIE1,MMP9,STAT6,ACE2,CX3CR1,IL1RN,ITGB3,SLAMF25,PRF1,CD40,TNFRSF10B,CHUK,HLA-DPB1,SAA1,IL1R1,PECAM1,TIMP2,TNFSF14,ITGA2B,HLA-DRB1,IL23A,MMP1,JAK1,TRA,CASP1,RELB,JAK1,PROC,PDGFB,PCSK9,ABCB5,PIK3CB,MYD88,VEGFB,STAT3,F10,ITGA2B,MMP9,CX3CR1,RXRG,PIK3R1,APOE,VWF,MAPK14,ADAMTS13,APOC3,CD20,,NFKB1,,ISG15,CSF3,MAPK14,PLG,IL18,HSP90AA1,TLR4,TIMP2,NFKBIL10,CD86,TNFRSF1B,IFNB1,ITGB2,PIK3CA,CD40LG,MAPK3,DDX58,IRF9,MAPK9,CD3D,IL2RA,FUCA2,NLRP3,IRF9,NFYA,C5,TIE1,ADAM17,TLR2,PECAM1,,DES,C1QA,F3,STAT3,C5AR1,EDN1,,JUN
AIM2,STAT4,VWF,C1S,MAPK8,TLR4,TIE1,OSM,FGA,PAI1,NFKB1,ANGPT1,TIMP1,IRF3,AGTR1,FAS,IL1RAP,F3,SLAMF26,GZMA,CD40LG,IL1R1,IKBKB,CD40,SAA2,IL6R,ESM1,ITGA2B,TNFRSF14,ITGB3,HLA-DQA1,IL17A,MMP8,JAK2,TRB,IL1RN,TNFAIP3,JAK2,PROS1,ANGPT2,MYD88,SLC25A13,PIK3CD,TRAF6,VEGFC,STAT4,F11,ITGB3,TIMP1,XCL1,VDR,AKT1,LPA,THBD,MAP2K1,CTSS,LBP,CD3E,,NFKB2,,TNNT2,CXCL10,MAPK8,PLAT,IL12A,HSPA1A,TLR2,COL1A1,NFKBIL83,HLA-DRA,TNFRSF6,IFNG,ITGAM,AKT1,CD40,MAPK8,MPO,CXCL8,MAPK10,CD3E,IL4R,GCLC,AIM2,ICAM1,STPG1,C5A,FLT1,ADAMTS13,TLR9,ESM1,,TCAP,C1QB,F5,IRF3,ITGAM,PTGIS,,FOS
CASP1,STAT6,ITGAM,C2,MAPK9,TLR2,ITGA2B,IL1R1,PLAU,PROC,NFKB2,ANGPT2,TIMP2,IRF7,AGTR2,FASLG,TNNT2,F5,SLAMF27,GZMB,CD80,IL1R2,MAPK1,CD40LG,PTX3,IL10RA,VWF,ITGB3,BTLA,TLR4,HLA-DQB1,IL21,TIMP1,TYK2,TRD,IL1RAP,TNFAIP6,TYK2,THPO,TGFB1,TRAF6,ST7,PIK3R1,IRF3,VEGFD,STAT5A,F12,VWF,TIMP2,XCL2,ESR1,AKT2,LPL,NOS3,MAP2K4,CTSZ,CD14,CD3D,,RELA,,MYH6,CXCL9,MAPK9,PAI1,IL12B,PRF1,TLR9,COL3A1,NCR2,HLA-DRB1,FAS,OAS1,ITGA2B,PTEN,CD80,MAPK9,LTB4R1,CXCL9,PIK3CA,CD3G,IL10RA,NFYA,CASP1,VCAM1,NIPAL3,C5AR1,FLT4,PTGS2,NOD2,VWF,,SGCD,C1QC,F7,IRF7,ITGB2,TBXAS1,,APOE
PYCARD,NFKB1,ITGB2,C3,MAPK10,TLR9,ITGB3,IL6R,SERPINE1,PROS1,RELA,S1PR1,NPPA,IRF9,REN,TNFRSF1A,MYH6,F7,SLAMF28,C1QA,CD86,IL6R,MAPK14,CD80,MMP1,IL18R1,THBD,VWF,LAG3,TLR2,CD4,IL9,TIMP2,STAT1,TRG,IL6R,TNFAIP8,MAPK1,PF4,FGF2,IRAK1,CDC27,PIK3R2,IRF7,PDGFB,STAT5B,F13A1,F3,FLT1,KLRK1,ESR2,MTOR,CETP,EDN1,AKT1,GRN,TLR4,CD3G,,RELB,,MYH7,CCL3,PIK3CA,CD4,IL23A,GZMA,MYD88,FN1,RELA,HLA-C,FASLG,OAS2,ITGB3,FOXO3,CD86,MAPK14,LTB4R2,CXCL10,PIK3R1,CD4,IL6R,STPG1,PYCARD,SELE,ENPP4,C5AR2,KDR,PTGES,NLRP3,F3,,DAG1,C3,FGA,IRF9,TLR4,PTGIR,,LPL
IL1A,NFKB2,CD36,C4,MAP2K1,TLR3,VWF,TNNT2,THBD,THBD,RELB,S1PR2,NPPB,MYD88,ATRX,TNFRSF1B,MYH7,FGB,SLAMF29,C1QB,CD28,IL10RA,MAPK8,CD86,MMP2,TNFRSF1A,PLG,ANGPT1,HAVCR2,TLR9,CD8A,IL4,TIMP3,IRF9,MHC-I,IL6ST,TNFAIP9,MAPK3,ITGA2B,NOS2,IRAK4,SLC4A1,PIK3R3,NFKB1,PDGFC,STAT6,FGB,PROC,FLT4,NKG2D,AR,PTEN,ABCA1,AGT,PIK3CA,LGALS3,TLR2,IGHG1,,IKBKB,,NPPA,CCL4,PIK3R1,CD8A,IL17A,GZMB,TRAF6,ACTA2,NFKBIL40,HLA-A,CASP8,RNASEL,CD4,IKBKG,HLA-DRA,PIK3CA,FCGR2A,CCL2,AKT1,CD8A,IL6ST,NIPAL3,GSDMD,SELL,SEMA3F,CFB,ENG,TBXA2R,AIM2,F5,,DMD,C5,FGB,MAPK1,TLR2,PTGER2,,APOC1
IL1R1,RELA,CD5L,C5,MAP2K4,TLR7,F3,MYH6,CRP,EPCR,STAT1,S1PR3,F3,TRAF6,ELN,TNFSF10,ACTC1,FGA,SLAMF30,C1QC,CTLA4,IL18R1,MAPK9,CTLA4,MMP9,IFNGR1,PLAT,ANGPT2,TIGIT,TLR3,CD19,IL5,TIMP4,ISG15,MHC-II,TNFRSF1A,TNFAIP2,MAPK14,ITGB3,NOS3,NFKB1,CALCR,AKT1,NFKB2,PDGFD,JAK1,FGA,PROS1,ENG,PRF1,PGR,NOS2,ABCG1,ACE,PIK3R1,CHI3L1,TLR9,IGHG2,,CHUK,,NPPB,XCL1,AKT1,CD19,IL17F,FASLG,IRAK1,MYH11,NFKBIL43,HLA-B,CASP3,MX1,CD8A,CHUK,HLA-DRB1,PIK3R1,FCGR2B,CCL3,AKT2,CD19,JAK1,ENPP4,C5,PECAM1,CFTR,CFH,NOS2,ITGA2B,IFIH1,F7,,DTNA,C5AR1,FGG,MAPK14,MYD88,ADAM17,,APOC3
IL1R2,RELB,FCGR2A,C6,MAP2K7,RIGI,F5,MYH7,SAA1,CD36,STAT2,APOE,F5,RIPK2,COL1A1,TNFSF11,LMNA,PROC,SLAMF31,C2,PDCD1,IFNGR1,JNK1,PDCD1,MMP12,CCR2,PAI1,TEK,CD80,TLR7,CD20,IL13,ADAM17,OAS2,HLA-A,TNFRSF1B,TRAF1,MAPK8,GP1BA,PTGS2,RELA,DVL2,AKT2,RELA,ANGPT1,JAK2,PROC,SERPINE1,CDH5,GZMA,NR3C1,NOS3,APOH,AGTR1,PTEN,MPO,MYD88,IGHG3,,MAPK1,,TNNC1,XCL2,MTOR,CD20,IL22,TNFRSF1A,IRAK4,MYL4,PKR,TRA,NLRP3,MX2,CD19,IKBKB,HLA-C,AKT1,FCGR3A,CCL4,MTOR,CD20,JAK2,SEMA3F,C3,ESM1,ANKIB1,MBL2,NOS3,ITGB3,DDX58,F8,,SGCB,CFB,SERPINE1,MAPK8,TRAF6,MMP9,,CETP
IL1RAP,IKBKG,FCGR2B,C7,MAP3K1,MDA5,F7,ACTC1,SAA2,LTA,STAT3,ITGB1,F7,LY96,COL3A1,APOE,DES,SERPINE1,SLAMF32,C3,LAG3,IFNGR2,JNK2,ICOS,MMP14,CCR5,F3,FLT1,CD86,NOD2,CD14,CSF2,ADAM10,RNASEL,HLA-B,IL18R1,TRAF2,MAPK9,GP6,TBXAS1,IKBKG,PRSS22,AKT3,RELB,ANGPT2,JAK3,PROS1,PLAU,CLDN5,GZMB,NR3C2,ICAM1,ITGAM,MMP9,FOXO1,LTB4R1,IRAK1,IGHA1,,MAPK3,,DPM1,LTA,RHOA,CD14,IL1R1,C3,NFKB1,TNNT2,TNFRSF1A,TRB,AIM2,IFIH1,CD20,NLRP3,CD4,MTOR,FCGR3B,CCL5,RHEB,CD79A,STAT3,CFTR,C5AR1,VWF,CYP51A1,CRP,EDN1,GP1BA,RIGI,F9,,SGCG,CFH,PROC,AKT1,RIPK2,MMP2,,ABCA1
IL1RN,CHUK,FCGR3A,C8,MAP3K7,DDX58,F8,LMNA,APCS,LTB,STAT4,ITGB2,FGB,CD14,FN1,LPL,TNI1,PLG,SLAMF33,C4,HAVCR2,CCR2,ERK1,TNFRSF1A,TIMP1,CXCR1,F5,FLT4,HLA-DRA,NLRP3,LY96,CSF3,ADAMTS13,CRP,HLA-C,IL18RAP,TRAF3,PIK3CA,TBXA2R,ITGB2,MAPK1,UPF1,MTOR,STAT1,THBD,TYK2,SERPINE1,PLAT,IL18,CD40LG,NR5A1,VCAM1,ITGB2,MMP2,FOXO3,LTB4R2,IRAK4,IGHA2,,MAPK14,,SCYL3,LTB,ROCK1,CD16,IL6R,C5,NFKB2,TNNI3,PDCD1LG2,TRG,PYCARD,DDX58,CD3E,AIM2,CD8A,PTEN,C1QA,CX3CL1,RPTOR,CD79B,STAT4,ANKIB1,C3AR1,THBD,KRIT1,SAA1,AGT,VWF,MAVS,F10,,SGCA,CFI,PROS1,PIK3CA,NLRP3,TIMP1,,ABCB1
IL6R,IKBKB,FCGR3B,C9,MAP4K1,IFIH1,F9,DES,LBP,LTB4R1,STAT5A,ITGB3,FGA,CRP,LAMA1,ANGPT2,TNC,TFPI,SLAMF34,C5,ICOS,CXCR1,ERK2,TNFRSF1B,TIMP2,CXCR2,F7,ENG,HLA-DRB1,AIM2,LYZ,CCL5,TLR4,SAA1,HLA-DRA,CCR2,TRAF4,PIK3R1,PTGS1,ITGAM,MAPK14,SKAP2,RPS6KB1,STAT2,PROCR,MAPK1,PLAT,PAI1,IL12A,CD40,NR5A2,SELE,CD4,TIMP1,CASP1,CYBB,TRAF6,IGHM,,MAPK8,,C1orf112,IFNA1,RAC1,FCGR2A,TNFRSF1A,C5AR1,RELA,TNNC1,LILRB2,TRD,CASP1,RIGI,CD3G,CASP1,CD19,FOXO3,C1QB,ICAM1,MLST8,IGHG,TYK2,CYP51A1,CFB,PLAU,RAD52,SAA2,ACE,PF4,TRAF6,F11,,CAV3,MASP1,THBD,PTEN,AIM2,TIMP2,,SLC2A1
IL6ST,MAPK1,C1QA,CFB,MAP4K4,NLR,F10,TGFB1,PTX3,LTB4R2,STAT5B,ITGA2,PROC,SAA1,LAMA2,TEK,FN1,VWF,SLAMF35,C6,TNFRSF1A,CXCR2,P38,TNFRSF6,TIMP3,CXCR3,F8,CDH5,HLA-DQA1,IFIH1,MPO,CCL3,TLR2,PTX3,HLA-DRB1,CCR5,TRAF5,AKT1,PTGS2,ITGA2B,MAPK8,MCUB,EIF4EBP1,STAT3,EPAS1,MAPK3,PLAU,CRP,IL12B,CD80,NR6A1,SELL,CD8A,TIMP2,CASP3,NOS2,NFKB1,IGKC,,MAPK9,,FGR,IFNA2,CDC42,FCGR3A,TNFRSF1B,CFI,RELB,MYH7,PDCD1LG1,IGHG,IL18,MDA5,CD3D,PYCARD,CD20,IKBKB,C1QC,VCAM1,EIF4EBP1,IGHA,MAPK14,KRIT1,CFI,PLAT,MYH16,APOA1,ACE2,FGB,IKBKB,F12,,ANK2,FCN1,VWF,NOS2,CASP1,CRP,,SLC2A4
IL10RA,MAPK3,C1QB,CFD,MAP4K5,NOD2,F11,TGFBR1,CEBPB,BLT1,STAT6,ITGA6,PROS1,PTX3,LAMA4,VWF,COL1A1,PF4,SLAMF36,C7,TNFRSF1B,CXCR5,JUN,FAS,TIMP4,CX3CR1,F9,IL18,HLA-DQB1,DDX58,S100A8,CCL4,TLR9,MMP9,HLA-DQA1,CXCR3,TRAF6,AKT2,ALB,ITGB3,MAPK9,HOXA11,FOXO1,JAK1,HIF1A,MAPK14,CRP,SAA1,IL23A,CD86,RORC,CDH5,CD8B,ADAM17,CASP8,ARG1,RELA,IGLC,,MAPK10,,CFH,IFNB1,ITGB1,ITGAM,TNFRSF6,CFB,IKBKG,MYBPC3,TMEM173,IGHA,IL12A,NLR,IGHG1,IL1RN,CD56,CHUK,C3,SELE,FOXO1,IGHM,MAPK1,RAD52,CD40,PAI1,BAD,APOA2,AGTR1,FGA,CHUK,F13A1,,SCN5A,MBL2,PLAU,NOS3,PYCARD,SAA1,,ADRB1
IL10RB,MAPK8,C1QC,CFH,MAP4K2,NLRP3,F12,TGFBR2,NFKB1,PTGS2,JAK1,ITGAM,SERPINE1,MMP9,ITGA5,NOS3,COL3A1,PPBP,SLAMF37,C8A,TNFRSF6,XCL1,FOS,FASLG,CXCL8,ITGAM,F10,IL33,HLA-DPA1,MAVS,S100A9,CXCL9,TLR3,CX3CR1,HLA-DQB1,CXCR4,MAPK1,MTOR,CRP,CD40,JNK1,POLR2J,FOXO3,JAK2,IL1R1,MAPK8,SAA1,SAA2,IFNA1,HLA-DRA,RORA,PECAM1,CD19,ADAMTS13,CASP9,SOD2,RELB,TRA,,JNK,,FUCA1,TNNT2,ITGB2,ITGB2,FASLG,ARG1,CHUK,LMNA,IFNB1,IGHM,IL12B,NOD2,IGHM,IL1R1,CD14,IKBKG,C5,SEL P,FOXO3,IGKC,MAPK8,MYH16,CD40LG,F3,LAP3,APOE,AGTR2,GYPA,IKBKG,PLAT,,KCNH2,LY96,PLG,SOD2,IL1A,SAA2,,ADRB2
IL18R1,MAPK9,C3,CFI,PIK3CA,AIM2,F13A1,SMAD2,STAT1,COX2,JAK2,ITGAV,PLAT,MMP2,ITGB1,EDN1,ELN,ITGAM,SLAMF38,C8B,TNFRSF9,XCR1,AP1,TRAF2,CXCL9,ITGB2,F11,NLRP3,HLA-DPB1,TRAF6,MIF,CXCL11,TLR7,XCL1,HLA-DPA1,CX3CR1,MAPK3,RPS6KB1,SAA1,CD40LG,JNK2,DHX33,FOXO4,TYK2,IL1R2,MAPK9,PTX3,APOA1,IFNB1,HLA-DRB1,RORB,ESM1,CD20,PLAU,NLRP3,CAT,STAT1,TRB,,ERK,,GCLC,MYH6,ITGAM,CD40LG,CD27,NOS2,IKBKB,SCN5A,KIR3DS1,IGHE,IL23A,NLRP3,IGHA1,IL6R,CD16,TNFAIP3,ITGAM,CD40,GSK3B,IGLC,MAPK9,BAD,CD80,F5,HS3ST1,FGA,TBXA2R,ALB,TNFAIP3,PLAU,,KCNQ1,CD14,PLAT,CAT,IL12B,PTX3,,ADRB3
IL18RAP,MAPK10,C5,MASP1,PIK3R1,IFI16,FGB,SMAD3,STAT3,ALOX5,JAK3,CDH5,PAI1,TIMP1,ITGAM,ESM1,MMP1,ITGAX,SLAMF39,C8G,TNFRSF10B,CSF2RA,ATF2,TRAF6,CXCL10,ITGA2B,F12,CASP1,TAP1,IRF3,CX3CL1,CX3CL1,NOD2,KLRB1,HLA-DPB1,ITGAM,MAPK14,EIF2AK2,SAA2,CD28,ERK1,MEOX1,GSK3B,MAPK1,IL6R,MAPK10,LBP,APOA2,OSM,HLA-DQA1,NR4A1,VWF,CD3E,PLAT,AIM2,GPX1,STAT3,TRG,,P38,,ITM2B,MYH7,ITGAX,CD40,CD28,PTGS2,MAPK14,CACNA1C,NFKBIL63,IGD,IL17A,AIM2,TRA,IL6ST,FCGR1A,TNIP1,ITGAX,CD40LG,WNT5A,TRA,MAPK10,LAP3,CD86,FGB,AOC1,FGB,PTGIR,AGT,TNIP1,SERPINE1,,KCND3,CD36,PAI1,GPX1,IL23A,LBP,,ACE
TNFRSF1A,MAPK14,C5AR1,MASP2,PIK3CB,CGAS,FGA,SMAD4,IRF1,ALOX5AP,TYK2,CDH11,THBS1,TIMP2,ITGAX,THBD,TIMP1,CD14,SLAMF40,C9,TNFRSF12A,CSF3R,CREB1,IRF3,CXCL11,ITGB3,F13A1,PYCARD,TAP2,IRF7,XCL1,XCL1,NLRP3,NKG7,TLR2,ITGB2,MAP2K1,HMOX1,APOA1,CD80,ERK2,THSD7A,PTEN,MAPK3,IL6ST,PIK3CA,S100A8,APOA4,LIF,HLA-DQB1,NR4A2,PLG,CD3D,PAI1,PYCARD,HMOX1,STAT5A,TRD,,STAT1,,LAIR1,MYL2,ITGA2B,CD80,ICOS,ALOX5,MAPK8,KCNH2,MX2,KLRK1,IL17F,CASP1,TRB,TNFRSF1A,FCGR2A,NLRP3,CD14,CD80,FZD4,TRB,PIK3CA,HS3ST1,CD28,FGA,WNT16,FGG,PTGIS,ACE,NFKBIA,THBD,,RYR2,CLEC4E,CRP,HMOX1,IL17A,CD14,,AGT
TNFRSF1B,MAP2K1,C5AR2,F3,PIK3CD,STING1,PLAU,BMP4,IRF7,CYSLTR1,SYK,CDH13,PF4,VEGF,CD40,PROCR,TGFB1,LY96,SLAMF41,CFB,TNFSF10,LTA4H,ELANE,IRF7,CCL2,CD40,FGA,AIM2,PSMB8,STAT1,CCL19,LTA,AIM2,PRF1,TLR4,ITGAX,MAP2K4,NRF2,APOA2,CD86,P38,LIG3,TSC1,MAPK14,TNFRSF1A,PIK3R1,S100A9,APOB,CSF2,HLA-DPA1,NR4A3,PLAT,CD3G,F3,IL18BP,NRF2,STAT5B,CRP,,STAT2,,LCP1,MYL4,ITGB3,CD86,PDCD1,LTB4R1,MAPK9,RYR2,NFKBIL6,NKG2D,IL21,NLRC4,TRG,TNFRSF1B,FCGR3A,AIM2,CD86,CD86,LRP5,TRG,AKT1,AOC1,CTLA4,PROC,HECW1,F2,PTGER2,APOE,IL1R1,PROC,,CACNA1C,CLEC5A,SAA1,ARG1,IL17F,CD36,,AGTR1
LTB,MAP2K4,MASP1,F5,AKT1,IRF3,PLAT,BMPR2,IRF9,TBXA2R,LYN,JAM2,GP1BA,FGF2,CD40LG,PLAU,TGFBR1,CD36,SLAMF42,CFD,TNFSF14,LTB4R2,PRTN3,STAT1,CCL3,CD40LG,FGB,IRAK1,PSMB9,STAT3,CCL21,LTB,IFIH1,GZMA,TLR7,ITGB1,MAP3K5,SOD2,APOB,CTLA4,STAT1,RPAP3,TSC2,MAPK8,TNFRSF1B,AKT1,MPO,APOC1,CSF3,HLA-DPB1,IRF3,PLAU,CD14,F5,IL1RN,FOXP3,IRF3,SAA1,,STAT3,,LILRB2,ACTC1,CD40,HLA-DRA,CTLA4,MPO,MAPK1,ANK2,IKBKG,NCR1,IL22,PYCARD,TRD,IFNGR1,IGHG,CASP1,CD80,HLA-DRA,CTNNB1,TRD,MTOR,WNT16,PDCD1,PROS1,MAD1L1,F5,PTGER4,LPL,IL6R,PROS1,,CACNB2,MPO,PTX3,MPO,IL22,CD40,,AGTR2
LTA,MAP2K7,MASP2,F7,AKT2,IRF7,SERPINE1,GATA4,JAK1,TXA2R,LCK,JAM3,OAS1,ANGPT2,CD80,PLAT,TGFBR2,MSR1,SLAMF43,CFH,LTB,TNFRSF11B,MPO,STAT3,CCL4,CD80,FGG,IRAK4,PSMB10,NFKB1,CCR7,LTB4R1,DDX58,GZMB,TLR8,CD14,MAP4K1,CAT,APOC3,PDCD1,STAT3,ACSM3,RHEB,MAPK9,IFNGR1,AKT2,LTF,APOC2,IL1R1,CD4,IRF7,SERPINE1,CD16,FGB,IL1RAP,IL2RA,IRF7,SAA2,,STAT4,,LY96,ACTA1,CD40LG,HLA-DRB1,PTPRC,ELANE,MAPK3,DSP,NFKBIL48,NKP46,IL4,IL18,FOXP3,IFNGR2,IGHA,PYCARD,HLA-DRA,HLA-DRB1,APC,MICA,RHOA,HECW1,PDCD1LG1,TFPI,LASP1,F7,ITGB1,CETP,TNFRSF1A,CRP,,ATP2A2,LTB4R1,LBP,LTB4R1,IL9,CD40LG,,NOS3
LTBR,PIK3CA,CFB,F8,AKT3,IRF9,PROC,GATA5,JAK2,TBXAS1,ZAP70,OCLN,OAS2,TEK,CD86,PAI1,SMAD2,CD163,SLAMF44,CFI,LTBR,IL1RAP,CTSG,STAT4,CCL5,CD86,CRP,MAPK1,NLRP3,NFKB2,CXCR3,LTB4R2,LBP,TNFSF13B,TLR9,CD36,JNK1,GPX1,APOE,LAG3,STAT4,REXO5,HRAS,MAPK10,IFNGR2,AKT3,DEFA1,APOC3,IL1R2,CD8A,IRF9,F3,CD56,FGA,IL6ST,IL2RB,IFNAR1,PTX3,,STAT5A,,MNDA,LMNA,CD28,HLA-DQA1,CD3D,AZU1,MAP2K1,DSG2,NLRP3,PRF1,IL5,IL1A,IL2RA,IL10R,IGHM,GSDMD,HLA-DRB1,HLA-DQA1,AXIN1,MICB,ROCK1,MAD1L1,PDCD1LG2,SERPINA1,SNX11,F8,ITGB2,APOA1,TNFRSF1B,SAA1,,PLN,LTB4R2,CD14,BLR1,IL4,CD80,,EDN1
CD40,PIK3R1,CFD,F9,MTOR,STAT1,PROS1,TBX5,TYK2,TBXAS,ITGAM,CLDN5,OAS3,VWF,CD28,F3,SMAD3,SIGLEC1,SLAMF45,MASP1,CD27,IL1RN,AZU1,STAT6,CCL19,HLA-DRA,SAA1,MAPK14,NLRC4,RELA,CXCR4,TBXA2R,CD14,CD27,RIG-I,LY96,JNK2,CAT,LBP,HAVCR2,STAT5A,CIAPIN1,KRAS,PIK3CA,TLR4,PTEN,CEACAM8,APOE,IL6R,CD8B,STAT1,PROC,CD68,PROC,IL6R,IL2RG,IFNAR2,MMP9,,STAT5B,,MS4A1,DES,CTLA4,HLA-DQB1,CD3E,CTSG,MAP2K4,DSC2,BTLA,GZMA,IL13,IL33,CTLA4,IL12RB1,TRA,S100A8,HLA-DQA1,HLA-DQB1,GSK3A,HLA-A,RAC1,LASP1,CD3D,SERPINA3,TMEM176A,F9,ITGB3,APOB,IL18R1,SAA2,,MYKBP,CYBB,LY96,CXCR5,IL5,CD86,,EDNRA
CD40LG,AKT1,CFH,F10,RPS6KB1,STAT3,THBD,MEF2A,MAPK1,PGES,ITGB2,CLDN11,MX1,F8,CTLA4,F5,F3,LBP,SLAMF46,MASP2,CD70,IL6ST,S100A8,NFKB1,CCL21,HLA-DRB1,SAA2,MAPK8,AIM2,RELB,CX3CR1,PTGS2,LY96,CD80,MDA5,LY86,JNK3,SOD1,CD14,ICOS,STAT5B,SPPL2B,NRAS,PIK3R1,TLR2,FOXO1,FCGR2A,LPA,IL6ST,CD19,STAT2,THBD,CD11b,PROS1,IL10RA,IL4R,IFNGR1,MMP2,,STAT6,,MTSS1,TTN,PDCD1,HLA-DPA1,CD4,PRTN3,MAP2K7,PKP2,DDX58,GZMB,IL9,HMGB1,PDCD1,IL18R1,TRB,S100A9,HLA-DQB1,HLA-DPA1,CSNK1E,HLA-B,CDC42,SNX11,CD3E,CRP,M6PR,F10,ITGAL,APOC3,IL18RAP,PTX3,,LDB3,NCF1,MPO,CD40,IL13,CD28,,EDNRB
CD28,AKT2,CFI,F11,EIF4EBP1,NFKB1,EPOR,MEF2C,MAPK14,PGFS,ITGA2B,ACTA2,MX2,F5,PDCD1,F7,F5,S100A8,SLAMF47,FCN1,CD30,IL10R2,S100A9,NFKB2,CX3CL1,HLA-DQA1,PTX3,MAPK9,CASP1,IKBKB,IL10,PTGDS,MYD88,CD86,NLR,S100A8,ERK1,SOD2,TLR2,TNFSF14,STAT6,FAM214B,BRAF,AKT1,TLR9,FOXO3,FCGR2B,LPB,TNFRSF1A,CD20,STAT3,CRP,CD11c,THBS1,IL10RB,IL7R,IFNGR2,TIMP1,,IRF3,,NCF1,RYR2,PDCD1LG1,HLA-DPB1,CD8A,LYZ,ERK1,JUP,NFKBIL27,FOXP3,CSF2,S100A8,LAG3,CCL2R2,TRG,S100A12,HLA-DPA1,HLA-DPB1,BMP4,HLA-C,MMP9,TMEM176A,CD3G,SAA1,CYP26B1,F11,ITGAM,CRP,IL1RAP,MMP9,,ACTN2,NCF2,S100A8,CD40LG,IL21,CTLA4,,ATF6
CTLA4,MTOR,MCP1,F12,PTEN,RELA,GATA1,F3,MAPK8,PGIS,ITGB3,MYH11,IFIH1,THBD,PDCD1LG1,F8,F7,S100A9,SLAMF48,FCN2,CD30L,IL18RAP,S100A12,RELA,CX3CR1,HLA-DQB1,MMP1,JNK,IL18,IKBKG,IL12A,PTGES,TRAF6,CD28,NOD2,S100A9,ERK2,CAT,TLR4,TNFSF18,IRF3,COPZ2,MAP2K1,AKT2,CD14,MTOR,FCGR3A,LPL,TNFRSF1B,CD14,STAT4,SAA1,CD25,SERPINA1,IFNGR1,IL10RA,JAK1,TIMP2,,IRF7,,NLRC4,CACNA1C,PDCD1LG2,CXCR4,CD19,MMP8,ERK2,CDH2,OAS2,IL2RA,CSF3,S100A9,HAVCR2,CCR5,TRD,CRP,HLA-DPB1,CRP,BMPR2,HLA-DRA,MMP2,M6PR,CD8A,SAA2,ICA1,F12,ITGAX,SAA1,IL1RN,MMP2,,ZBTB17,RAC2,S100A9,CD28,IL2,PDCD1,,EIF2AK3
PDCD1,PTEN,MCP2,F13A1,FOXO3,RELB,GATA2,F5,MAPK9,PTGER2,FGG,CNN1,DDX58,PROC,PDCD1LG2,F9,FGA,MMP9,SLAMF49,FCN3,CD137,IFNGR2,LTF,RELB,CCR2,HLA-DPA1,MMP2,ERK,IL18R1,MAPK1,IL12B,ALOX5,IRAK1,ICOS,NLRP3,S100A12,p38,GPX1,TLR9,TNFSF4,IRF7,PRKAR2B,MAP2K2,MTOR,LY96,RPS6KB1,FCGR3B,CETP,IL17A,CD16,STAT5A,PTX3,CD40,CRP,IFNGR2,IL10RB,JAK2,ADAM17,,IRF9,,P2RY10,SCN5A,ICOS,CXCR3,CD20,MMP2,JNK1,TGFB1,NFKBIL15,CTLA4,GZMA,MPO,TIGIT,CXCR1,CCL3,SAA1,TNFRSF1A,SAA1,SMAD2,HLA-DRB1,TIMP1,CYP26B1,CD8B,PTX3,DBNDD1,F13A1,ITGB7,PTX3,SOCS1,MMP1,,TBX5,RAC1,NGP,CTLA4,IL15,PDL1,,XBP1
PDCD1LG1,FOXO1,MCP3,FGA,FOXO1,NFKB2,GATA3,F7,MAPK10,PTGER4,FGA,ELN,RIGI,PROS1,BTLA,F10,FGB,MMP2,SLAMF50,MBL2,CD137L,CCR5,NGAL,MAPK1,CCR5,HLA-DPB1,MMP9,P38,PYCARD,MAPK14,IL23A,ALOX15,IRF3,PDCD1,AIM2,MMP9,AKT1,GPX2,MYD88,LTB4R1,IRF9,CREBBP,MAP2K3,RPS6KB1,LBP,EIF4EBP1,C1QA,ABCA1,IL17F,FCGR2A,STAT5B,MMP9,CD40LG,SAA1,TNFRSF1A,TGFB1,TYK2,ADAMTS13,,ISG15,,PADI4,KCNH2,ICOSLG,CCR5,IGHG1,TIMP1,JNK2,TGFBR1,IL1RN,PDCD1,GZMB,ELANE,CD28,CXCR2,CCL4,PTX3,TNFRSF1B,SAA2,SMAD3,HLA-DQA1,TIMP2,ICA1,CD4,LBP,ALS2,F13B,VWF,LTF,SOCS3,TIMP1,,GATA4,MAPK14,LTF,PDCD1,CD40LG,PDL2,,HSPA5
PDCD1LG2,FOXO3,MCP4,FGB,FOXO4,MAPK1,MYD88,F10,PIK3CA,PTGDR,FGB,COL1A1,MDA5,SERPINE1,ICOS,F11,FGG,MMP1,SLAMF51,LY96,CD154,CXCR3,DEFA1,MAPK3,CXCR3,CD4,MMP12,JUN,IFIH1,MAPK8,IL17A,TNNT2,IRF7,CTLA4,CGAS,MMP2,AKT2,GSR,TRAF6,LTB4R2,ISG15,TSPOAP1,MAP2K4,EIF2AK2,CRP,VEGFA,C1QB,ABCG1,IL21,FCGR2B,STAT6,MMP2,CD80,PTX3,TNFRSF1B,TGFBR1,MAPK1,PLAU,,MX1,,PGLYRP1,ANK2,CD80,CCR2,IGHM,TIMP2,P38,TGFBR2,RNASEL,PD-1,PRF1,PRTN3,ICOS,CXCR3,CXCL1,LBP,IL1R1,PTX3,SMAD4,HLA-DQB1,ADAM17,DBNDD1,ITGAM,MMP9,CASP10,PLAT,F3,MPO,PTPN6,TIMP2,,GATA5,MAPK1,DEFA1,ICOS,CD28,LAG3,,HSP90B1
CD80,NFATC1,MIP1A,FGG,STAT1,MAPK14,TRAF6,F13A1,PIK3R1,NOS2,F5,COL1A2,LYZ,PAI1,ICOSLG,F12,SERPINE1,MMP8,SLAMF52,CD14,CD4,CXCR4,HAMP,MAPK14,CXCR4,CD8A,MMP14,FOS,MDA5,MAPK9,IL17F,MYH6,IRF9,BTLA,STING,MMP7,AKT3,GCLM,IRAK1,CYSLTR1,MX1,MPO,MAP2K5,OAS1,SAA1,VEGFB,C1QC,MMP1,IL22,FCGR3A,NFKB1,MMP1,CD86,LBP,CD40,TGFBR2,MAPK3,PLAT,,OAS1,,PLBD1,DSP,CD86,CX3CR1,IGHA1,IGG,STAT1,SMAD2,NFKBIL1,CD28,FOXP3,CTSG,TNFRSF9,CXCR4,CXCL2,CD14,IL1R2,MMP9,SMAD7,HLA-DPA1,ADAMTS13,ALS2,ITGB2,MMP2,CFLAR,PLAU,F5,DEFA1,PTPN1,ITGAM,,GATA6,MAPK8,DEFA3,TNFSF4,ICOS,HAVCR2,,DNAJB1
CD86,NFATC2,MIP1B,THBD,STAT2,MAPK8,IRAK1,VWF,AKT1,NOS3,F8,COL3A1,S100A8,PLAT,TNFSF14,F13A1,PLAT,TIMP1,SLAMF53,LYZ,CD8A,CSF2RB,TF,MAPK8,CXCR5,CD19,TIMP1,SOCS1,RIGI,MAPK10,IL21,MYH7,STAT1,LAG3,IFIT1,TIMP1,PIK3CA,NQO1,IRAK4,CYSLTR2,OAS1,PON1,MAP2K6,OAS2,SAA2,VEGFC,C3,MMP2,IL2,FCGR3B,NFKB2,MMP8,HLA-DRA,MPO,CD40LG,CD28,MAPK8,PAI1,,RNASEL,,PSTPIP1,DSG2,HLA-DRA,XCR1,IGKC,IGA,STAT2,SMAD3,NFKBIL72,ICOS,RORC,C5,TNFRSF4,VEGFR2,CXCL3,LY96,IL6R,MMP2,TGFBR1,HLA-DPB1,CTSS,CASP10,ITGAX,MMP7,TFPI,PAI1,F7,DEFB1,MAPK1,ITGB2,,HAND1,MAPK9,HAMP,TNFSF5,CTLA4,ICOS,,DNAJA1
ICOS,NFATC3,RANTES,VWF,STAT3,JNK1,IRAK4,THBS1,MTOR,ARG1,F9,FN1,S100A9,PLAU,TNFSF18,FGB,PLAU,TIMP2,SLAMF54,MPO,CD19,LTB4R1,ALB,MAPK9,CXCR6,CD20,TIMP2,SOCS3,DDX58,JNK,IL22,MYL2,STAT2,TIGIT,IFIT2,TIMP2,PIK3R1,TXN,NFKB1,TBXA2R,RNAS E L,GCFC2,MAP2K7,OAS3,PTX3,VEGFD,C5,MMP3,IL4,ITGAM,RELA,TIMP1,HLA-DRB1,ELANE,CD28,CTLA4,MAPK14,F3,,IFIH1,,PTPRC,DSC2,HLA-DRB1,KLRK1,IGLC,IGM,STAT3,SMAD4,SELE,BTLA,TBX21,C3,TNFRSF18,NOS2A,CXCL5,MPO,IL6ST,MMP7,TGFBR2,TLR2,CTSG,CFLAR,FCGR2A,MMP1,NDUFAF7,THBD,F8,ELANE,MAPK3,CD40,,HAND2,MAP3K7,TF,TNFSF6,PDCD1,TNFRSF9,,HSPB1
ICOSLG,NFATC4,ENA78,SERPINE1,STAT4,JNK,MAPK1,PROC,RPS6KB1,ARG2,F10,LAMA1,CRP,LTB4R1,TNFRSF14,FGA,PROC,TIMP3,SLAMF55,CTSG,CD20,TNFRSF10B,HP,JUN,PRF1,CD3E,TIMP3,TNFAIP3,MAVS,ERK,IL2,MYL4,STAT3,CD244,IFIT3,TIMP3,PIK3R2,TXNRD1,NFKB2,PTGER2,IFIH1,WDR54,MAPK11,RNASEL,MMP9,FLT1,C5AR1,MMP7,IL5,ITGB2,RELB,TIMP2,HLA-DQA1,S100A8,CTLA4,PDCD1,MAP2K1,F5,,DDX58,,RAC2,JUP,HLA-DQA1,NKG2D,KLRK1,IGHG1,STAT4,VEGFA,ACTC1,TNFRSF9,GATA3,C5A,CD27,ITGAM,CXCL6,ELANE,IL10R,MMP12,INHBA,TLR4,ELANE,NDUFAF7,FCGR2B,TIMP1,RBM5,PROCR,F9,AZU1,MAPK14,CD40LG,,NKX2-5,MAP2K1,ALB,TNFSF10,LAG3,TNFRSF4,,HSPH1
CD4,JUN,GROA,PLAT,STAT5A,ERK,MAPK3,PROS1,EIF2AK3,SLC25A2,F11,LAMA2,SAA1,LTB4R2,TNFRSF18,GYPB,PROS1,TIMP4,SLAMF56,ELANE,CD22,IL1R1,ORM1,FOS,GZMA,CD3G,TIMP4,TNFAIP6,TRAF3,P38,IL4,ACTC1,NFKB1,SLAMF1,ISG15,COL1A1,PTEN,PRDX1,RELA,PTGER4,DDX58,CROT,MAPK12,MX1,MMP2,KDR,C5AR2,MMP9,IL13,ITGAL,REL,CXCR4,HLA-DQB1,S100A9,PDCD1,ICOS,MAP2K4,FGB,,RIGI,,RIPK2,PKP2,HLA-DQB1,NRP1,NKG2D,IGHM,STAT5A,VEGFR2,PARPBP,4-1BB,IL2RA,C3A,CD70,ITGB2,CX3CR1,CTSG,IL18R1,TIMP1,ACVR1,TLR7,PRTN3,RBM5,FCGR3A,TIMP2,MTMR7,NOS2,F10,CTSG,MAP2K1,CD80,,MEF2A,MAP2K4,HP,TNFSF11,HAVCR2,TNFSF9,,HSPCA
CD8A,FOS,MIG,PLAU,STAT5B,P38,MAPK8,SERPINC1,HMOX1,SLC25A3,F12,LAMA4,LBP,TBXA2R,TLR4,GP1BA,THBS1,ADAM17,SLAMF57,PRTN3,CD79A,IL1R2,ORM2,AKT1,GZMB,IGHG,ADAM17,AREG,TRAF2,JUN,IL5,ACTA1,NFKB2,SLAMF6,MX1,COL3A1,FOXO1,PRDX2,RELB,C3,MAVS,ABCB4,MAPK13,MX2,MMP7,FLT4,CFB,MMP10,GZMA,ITGAX,MAPK1,CCR5,HLA-DPA1,NGAL,PDL1,TNFSF4,MAP3K1,FGA,,MAVS,,RNASEL,TGFB1,HLA-DPA1,PLXNA1,NCR1,CD14,STAT5B,FLT1,LAMA4,OX40,CD4,CFB,CD40,CDH5,CCR5,PRTN3,IL18R2,TIMP2,ACVR2A,TLR9,MPO,MTMR7,FCGR3B,TIMP3,SLC7A2,NOS3,F11,PRTN3,MAP2K4,CD86,,MEF2C,PIK3CA,ORM1,TNFSF13,TIGIT,TNFSF4,,HSPCB
CD19,EGR1,I-TAC,PROC,STAT6,JUN,MAPK9,ITGA2B,NRF2,SLC25A4,F13A1,LAMB1,CD14,PTGIR,TLR2,GP6,PF4,ADAM10,SLAMF58,S100A8,CD79B,IL6R,AGT,AKT2,FAS,IGHA,ADAMTS13,EGR1,IKBKE,FOS,IL13,TNNC1,RELA,SLAMF7,MX2,FN1,FOXO3,PRDX3,STAT1,C5,TICAM1,KMT2E,MAPK14,IFIH1,MMP12,TEK,CFD,MMP12,GZMB,SELL,MAPK3,CX3CR1,HLA-DPB1,MMP8,PDL2,TNFSF5,MAP3K7,PROC,,TRAF3,,S100A8,F3,HLA-DPB1,MET,NCR3,CD163,STAT6,KDR,NFKBIL73,GITR,CD8A,CFD,CD40LG,CD31,CCR7,ORM1,IFNGR1,TIMP3,ACVR2B,RIGI,LTF,SLC7A2,C1QA,VEGFA,ARF5,EDN1,F12,MMP8,JNK1,CD28,,MEF2D,PIK3R1,ORM2,TNFSF13B,CD80,CD69,,HSPD1
CD20,NR3C1,SDF1,PROS1,IRF3,FOS,MAPK10,ITGB3,FOXO3,SLC25A5,F13B,LAMB2,IFNAR1,PTGER2,TLR9,PF4,GP1BA,ADAMTS13,SLAMF59,S100A9,IGHM,IL10RA,ACE,PIK3CA,FASLG,IGHM,VEGFA,HMOX1,TBK1,MYD88,TGFB1,TNI1,RELB,SLAMF8,OAS1,THBS1,FOXO4,PRDX4,STAT3,C5AR1,TICAM2,RHBDD2,MAPKAP1,DDX58,TIMP1,TIE1,CFH,MMP13,PRF1,SELE,MAPK14,ITGAM,STAT1,MMP1,CD80,TNFSF6,PIK3CA,PROS1,,TRAF2,,S100A9,F5,HLA-C,EGFR,PRF1,MRC1,JAK1,FLT4,NFKBIL98,LAG3,CD14,CFI,CD80,CDH1,CCR9,HP,IFNGR2,TIMP4,ENG,MDA5,S100A8,ARF5,C1QB,VEGFR2,SARM1,PECAM1,F13A1,MMP9,JNK2,CTLA4,,SRF,AKT1,APOA1,TNFRSF4,CD86,CD25,,HSPE1
CD3E,NR3C2,BAFF,ORM1,IRF7,MYC,MAPK14,PF4,BCL2,SLC25A6,TF,LAMB3,IFNAR2,NOS2,MYD88,ITGA2B,GP9,CRP,SLAMF60,S100A12,IGG,IL18R1,ACE2,PIK3R1,CASP8,TRA,FLT1,PTGS2,IFNA1,CD14,IFNA1,TNNI3,IL1R1,SLAMF9,OAS2,VWF,GSK3B,PRDX5,STAT4,C5AR2,LY96,SOX8,MAPKAPK2,DHX58,TIMP2,TIE2,CFI,MMP14,FAS,ICAM1,MAPK8,ITGB2,STAT2,MMP3,CD86,TNFSF10,PIK3R1,THBD,,RIPK1,,SELL,F7,HLA-A,PDGFRB,GZMA,FCGR2A,JAK2,NRP1,ADAR1,TIM3,CD16,C5AR1,CD86,VWF,CCR10,FGA,TNFR1,VEGF,ALK1,DDX58,S100A9,SARM1,C1QC,FGF2,POLDIP2,CLDN5,PLAT,MMP2,ERK1,PDCD1,,MYOCD,MTOR,APOA2,TNFRSF9,HLA-DRA,CD38,,HSPA1A
CD3D,PPARG,APRIL,ORM2,IRF9,NRF2,MAP2K1,SELPLG,BAX,SLC25A10,PLG,LAMC1,IFNGR1,NOS3,TRAF6,ITGB3,GP5,SAA1,SLAMF61,LCN2,IGA1,IFNGR1,AGTR1,PTEN,CASP3,TRB,KDR,COX2,IFNA2,LY96,IFNB1,MYBPC3,IL6R,,OAS3,FGB,MTOR,PRDX6,STAT6,C6,CD14,IBTK,MAPKAPK3,MAVS,TIMP3,PECAM1,MASP1,TIMP1,FASLG,VCAM1,MAPK9,ITGA2B,STAT3,MMP12,HLA-DRA,TNFSF11,AKT1,EPOR,,RIPK3,,SIGLEC5,F8,HLA-B,FGFR1,GZMB,FCGR3A,JAK3,NRP2,IRF7,HAVCR2,CD19,C3AR1,HLA-DRA,BDKRB2,LTB4R,FGB,TNFR2,NOS2,HGF,IFIH1,S100A12,POLDIP2,C1R,PDGFB,PLXND1,OCLN,PLAU,MMP7,ERK2,PDL1,,SMAD2,STAT1,APOB,TNFRSF17,HLA-DRB1,HLA-DRA,,HSPA1B
CD3G,PPARA,TACI,HP,JAK1,HIF1A,MAP2K4,GP1BA,CASP3,SLC25A12,PAI1,LAMC2,IFNGR2,SOD2,IRAK1,THPO,ITGA2,PTX3,SLAMF62,NGAL,IGHA1,CCR2,AGTR2,RAC1,BCL2,TRG,FLT4,LTB4R1,IFNB1,CEACAM1,OAS1,LMNA,TNFRSF1B,,STAT1,FGA,RHEB,FOS,IRF3,C7,CD36,ZNF195,MAPKAPK5,TICAM1,TIMP4,VWF,MASP2,TIMP2,MYH6,ESM1,MAPK10,ITGB3,IRF3,MMP13,HLA-DRB1,TNFSF12,AKT2,GATA1,,CASP1,,SIRPA,F9,MICA,FGFR2,GZMH,CD3E,TYK2,ANGPT1,IFNG,IDO1,CD20,ITGAM,HLA-DRB1,HRG,LTB4R2,FGG,CD28,PTGS2,MET,MYD88,CRP,PLXND1,C1S,ANGPT2,AK2,TJP1,PAI1,MMP12,P38MAPK,ICOS,,SMAD3,STAT3,APOE,TNFRSF18,HLA-C,HLA-DRB1,,HSPA6
CD14,RXRA,BCMA,SAA1,JAK2,APOE,MAP2K7,GP6,CASP9,SLC25A13,THBD,LAMC3,IRF3,CAT,IRAK4,SELE,ITGB3,HP,SLAMF63,MMP8,IGD,CXCR1,REN,CDC42,BCL2L1,TRD,PDGFB,TNNT2,IFNG,CEACAM3,OAS2,DES,IFNGR1,,STAT2,PLAU,TSC1,JUN,IRF7,C8,CD11B,MYCBP2,MAP4K1,TICAM2,ADAM17,SELE,FCN1,TIMP3,MYH7,ENG,JNK1,CD40,IRF7,CX3CR1,HLA-DQA1,TNFRSF4,MTOR,GATA2,,NLRP3,,SLC11A1,F10,MICB,FLT1,FOXP3,CD8A,IRF3,ANGPT2,NOD2,ARG1,CD25,ITGB2,HLA-DQA1,APOE,TBXA2R,THBD,CTLA4,COX2,FGFR1,TRAF6,SAA1,AK2,C2,TEK,CD38,MYD88,THBD,MMP14,AKT1,ICOSL,,SMAD4,STAT5A,LPA,TNFRSF21,CD4,HLA-C,,HSPA8
CD16,RXRB,TNFRSF1A,CRP,JAK3,LPL,PIK3CA,PLAU,CASP8,SLC25A15,PROC,HSPG2,IRF7,GPX1,NFKB1,PECAM1,SELPLG,ORM1,SLAMF64,MMP1,IGE,CXCR2,ENPEP,ROCK1,BCL2L2,FOXP3,PDGFRB,MYH6,IL12A,CEACAM6,OAS3,TTN,IFNGR2,,IRF3,PLAT,TSC2,EGR1,IRF9,C9,ITGAM,FBXL3,MAP4K2,TRIF,ADAM10,SELP,MBL2,TIMP4,TNNT2,NOS3,JNK2,CD40LG,IRF9,CX3CL1,HLA-DQB1,TNFRSF5,RHEB,GATA3,,AIM2,,SLC16A3,F11,NKG2D,FLT4,RORC,CD28,IRF7,TEK,NFKBIL17,NOS3,CD28,CD11B,HLA-DQB1,LPA,TBXAS1,PROC,ICOS,TBXAS1,FGFR2,IRF3,PTX3,CD38,C4,NOS3,FKBP4,TRAF6,PROC,MMP1,AKT2,CD4,,SMAD6,IRF3,CETP,TNFRSF25,CD8A,HLA-A,,HSPA9
CD56,RXRG,TNFRSF1B,PTX3,TYK2,CETP,PIK3R1,PAI1,TNFRSF1A,SLC25A16,PROS1,NID1,TLR3,HMOX1,NFKB2,CDH5,P2RY1,ORM2,SLAMF65,MMP3,TRA,CXCR5,ADAM17,ROCK2,BAX,IL2RA,EGF,MYH7,IL12B,S100A8,MX1,RYR2,CXCR1,,IRF7,SERPINE1,S6K1,NR3C1,IFIH1,CFB,ITGB2,ITGAL,MAP4K3,LY96,ADAMTS1,SELT,LY96,ADAM17,TNNC1,VEGFA,JNK3,CD28,NFKB1,CCL19,HLA-DPA1,TNFRSF6,RPS6KB1,KLF1,,PYCARD,,SMAD3,F12,KIR2DL1,KDR,TBX21,ICOS,IRF9,TIE1,PAI1,ENG,CD40,CD18,HLA-DPA1,LBP,PGES,PROS1,PDCD1,ITGB2,FGFR3,IRF7,LBP,FKBP4,MASP1,EDN1,KDM1A,IRAK1,PROS1,TIMP1,PIK3CA,CD8A,,SMAD7,IRF7,LDLR,TNFRSF26,CD19,HLA-B,,HSPB8
CD68,VWF,TNFRSF6,LBP,SOCS1,ABCA1,AKT1,TFPI,TNFRSF1B,SLC25A17,VWF,NID2,TLR7,NRF2,RELA,FLT1,IFIH1,LCN2,SLAMF66,MMP12,TRB,XCL1,ADAM10,MMP2,BAK1,IL4R,EGFR,MYL2,IL23A,S100A9,MX2,CACNA1C,CXCR2,,IRF9,PROC,4EBP1,NR3C2,DDX58,CFD,CD40,PDK2,MAP4K4,CD14,ADAMTS4,ICAM1,CD14,ADAMTS1,LMNA,THBD,ERK1,CD80,NFKB2,CCL21,HLA-DPB1,TNFRSF9,EIF4EBP1,KLF2,,IL1A,,SOCS1,F13A1,KIR2DL2,PDGFRA,GATA3,CTLA4,MPO,EFNB2,CHUK,THBD,CD40LG,CD40,HLA-DPB1,CD14,PTGER2,SERPINE1,BTLA,ITGAM,FGFR4,IRF9,CD14,KDM1A,F3,ACE,RBM6,IRAK4,ORM1,TIMP2,PIK3R1,CD19,,SMAD9,IRF9,PCSK9,TNFRSF10B,CD20,CD4,,HSPBAP1
CD11B,SELE,TNFRSF10B,S100A8,SOCS3,ABCG1,AKT2,EPCR,FAS,SLC25A18,NOS2,EFEMP1,TLR8,FOXO3,RELB,KDR,MDA5,MPO,SLAMF67,MMP13,TRG,XCR1,TACE,MMP9,BID,IL7R,FGF1,MYL4,IL17A,CRP,IFIH1,SCN5A,CCR2,,NFKB1,PROS1,MYD88,PPARG,RIGI,CFH,CD40L,ITGA3,MAP3K1,LBP,ADAMTS5,ICAM2,CD36,ADAMTS4,ACTC1,VWF,ERK2,CD86,RELA,CCR7,CD3D,TNFRSF10B,FLT1,KLF4,,IL1R1,,SOCS3,VWF,KIR2DL3,TGFB1,IL4,CD19,LTF,EPHB4,PARP1,VWF,CD80,CD40LG,LTA,LY96,PTGER4,PAI1,LAG3,ITGAX,PDGFRA,STAT1,LY96,RBM6,F5,ACE2,CAMKK1,NFKB1,ORM2,TIMP3,MTOR,CD20,,TGFBR1,MYD88,FBN1,TNFRSF10A,IGHG,CD8A,,HSPBP1
CD11C,SELL,FASLG,S100A9,SOCS6,LDLR,MTOR,OAS1,FASLG,SLC25A19,NOS3,EMILIN1,TLR9,BCL2,IKBKB,NRP1,RIGI,LTF,SLAMF68,MMP14,TRD,CSF2RA,ADAMTS13,MMP1,P53,IL9R,FGF2,ACTC1,IL17F,SAA1,DDX58,KCNH2,CCR5,,NFKB2,THBD,TRAF6,PPARA,MAVS,CFI,CD80,ITGA2B,MAP3K2,FCGR1A,ADAMTS13,ICAM3,CLEC4E,ADAMTS5,TNNI3,F3,P38,CTLA4,RELB,CCR9,CD3E,TNFRSF11B,KDR,CEBPA,,IL1R2,,Syk,PROS1,KIR3DL1,TGFBR1,IL5,CD20,DEFA1,DLL4,NFKBIL80,F3,CD86,CD80,LTB,MPO,ALOX5,TFPI,TIGIT,ITGB1,PDGFRB,STAT2,CEACAM8,CAMKK1,F7,AGT,RECQL,NFKB2,SAA1,TIMP4,RPS6KB1,CD3E,,TGFBR2,TRAF6,ELN,TNFRSF11B,IGHA,CD8B,,HSPB2
HLA-DRA,SELP,FAS,MPO,IKZF1,PCSK9,STAT1,OAS2,CTLA4,SLC25A20,PTGS2,EMILIN2,MAVS,BCL2L1,CHUK,NRP2,DDX58,DEFA1,SLAMF69,TIMP1,HLA-DRA,CSF3R,ITGAM,TIMP1,CD40,IL12RB1,FGFR1,ACTA1,IL22,PTX3,RIGI,GJA1,IL17RA,,RELA,EPOR,IRAK1,RXRA,TICAM1,MBL2,CD86,ASB4,MAP3K3,FCGR2A,PLAU,VCAM1,CLEC5A,ADAMTS13,MYBPC3,SERPINE1,EGFR,PDCD1,REL,CCR10,CD3G,CD40,FLT4,CEBPB,,IL1RN,,TLR2,PROC,KIR3DL2,TGFBR2,IL13,CD22,DEFA3,NOTCH1,IL23A,TF,HLA-DRA,CD86,PRF1,ELANE,ALOX5AP,VWF,CD3D,ITGA2,KIT,STAT3,FCGR2A,RECQL,F8,AGTR1,VPS50,RELA,SAA2,ADAM10,EIF4EBP1,CD3D,,ACVR1,RIPK1,COL1A1,TNFRSF11A,IGHM,CD19,,HSPB3
HLA-DRB1,ICAM1,TRAIL,LTF,IKZF3,CRP,STAT2,OAS3,PDCD1,SLC25A21,TBXAS1,FBLN1,TRAF3,BCL2L11,IKBKG,VEGFA,MAVS,DEFA3,SLAMF70,TIMP2,HLA-DRB1,LTA4H,ITGB2,TIMP2,CD40LG,IL13RA1,FGFR2,LAMA4,IL17RA,LBP,MAVS,NPPA,IL23R,,RELB,GATA1,IRAK4,RXRB,TICAM2,FCN1,HLA-DRA,GDE1,MAP3K4,FCGR2B,PLAT,ESM1,AIM2,TLR2,DES,PLAT,PDGFRB,CD274,MAPK1,CXCR3,CD4,CD40LG,TEK,CEBPD,,IL6R,,TNFAIP3,SERPINC1,KIR3DL3,SMAD2,IFNA1,CD27,S100A8,NOTCH4,NFKBIL33,F5,HLA-DRB1,HLA,GZMA,CTSG,CYBA,ADAMTS13,CD3E,ITGA1,FLT3,NFKB1,FCGR2B,VPS50,F9,AGTR2,HSPB6,RELB,CRP,ADAM17,BAD,CD3G,,BMPR2,CHUK,COL1A2,TNFRSF12A,IGKC,CD20,,HSPB6
HLA-DQA1,ICAM2,TRAILR1,DEFA1,IKZF2,SAA,STAT3,MX1,PDCD1LG1,SLC25A22,TXN,FBLN2,TRAF6,BAX,MAPK1,VEGFB,TRAF3,DEFA4,SLAMF71,TIMP3,HLA-DQA1,LTB4R2,CD11B,VEGFA,CD28,IL15RA,ANGPT1,COL4A1,IL17RC,MPO,TRAF6,NPPB,IL12RB1,,REL,GATA2,IKBKG,RXRG,TRIF,FCN2,HLA-DRB1,REX1BD,MAP3K5,FCGR3A,PAI1,THBD,NLRP3,TLR4,TGFB1,PLAU,FGFR1,PDL1,MAPK3,CXCR4,CD8A,CD80,TIE1,IRF1,,IL6ST,,TNFAIP6,THBS1,NCR1,SMAD3,IFNB1,BAFF,S100A9,JAG1,SIGLEC9,F7,HLA-DQA1,HLA-DRB1,GZMB,PRTN3,NCF1,PLG,CD3G,THBD,CSF1,NFKB2,FCGR3A,HSPB6,F10,REN,ARHGAP33,STAT1,PTX3,ADAMTS1,BCL2,IGHG1,,ENG,IKBKB,COL3A1,TNFRSF12,IGLC,CD3E,,HSPB7
HLA-DQB1,VCAM1,TRAILR2,DEFA3,IRF5,PTX3,STAT4,MX2,PDCD1LG2,SLC25A23,TXNIP,FBLN5,TBK1,CASP9,MAPK3,VEGFC,TRAF6,CAMP,SLAMF72,TIMP4,HLA-DQB1,TNFRSF11B,CD18,VEGFR2,CTLA4,IL17RA,ANGPT2,COL4A2,IL23R,ELANE,IRAK1,MYOCD,IL12RB2,,ICAM1,GATA3,CHUK,APOE,CASP1,FCN3,HLA-DQA1,CRLF1,MAP3K6,FCGR3B,SERPINE1,PROCR,NLRC4,TLR9,TGFBR1,PROC,FGFR2,CD8A,MAPK14,CXCR5,CD8B,CD86,TIE2,IRF2,,TNFRSF1A,,TNIP1,PAI1,NCR2,SMAD4,IL27,KLRK1,S100A12,ADAM17,NFKBIL36,F8,HLA-DQB1,HLA-DQB1,CD16,S100A8,NCF2,PLAT,CD8A,PLAU,CSF2,RELA,C1QA,ARHGAP33,F11,ATRX,NDUFAB1,STAT2,LBP,ADAMTS4,BCL2L1,IGHG2,,ALK1,FOXO3,MMP2,TGFB1,TRA,CD3D,,HSPB9
HLA-DPA1,PECAM1,CD28,ELANE,IRF1,MPO,STAT5A,IFIH1,CD274,SLC25A24,SOD1,MFAP2,IKBKE,APAF1,MAPK8,VEGFD,IRF3,AZU1,SLAMF73,ADAM10,HLA-DPA1,IL1RAP,CD40,ANGPT1,PDCD1,IL21R,TEK,TGFB1,IL6ST,CTSG,IRAK4,SRF,IL18R1,,VCAM1,TBX5,IKBKB,LRP1,NLRP3,MASP1,HLA-DQB1,OSBPL7,MAP3K7,C1QA,F3,NOS3,PYCARD,MYD88,TGFBR2,PROS1,FGFR3,CD4,MAPK8,CXCR6,IGHG1,HLA-DRA,ANGPT1,IRF4,,TNFRSF1B,,TREM1,TFPI,NCR3,SMAD7,CXCL13,NKG2D,MMP9,ADAM10,NFKBIL52,F9,HLA-DPA1,HLA-DQA1,CD56,S100A9,RAC2,PLAU,CD8B,PLAT,CSF3,RELB,C1QB,NDUFAB1,F12,MYH6,PDK4,STAT3,CD14,ADAMTS5,BAX,IGHG3,,NOS1,FOXO1,MMP1,TGFB2,TRB,CD3G,,HSPB11
HLA-DPB1,ESM1,CTLA4,PRTN3,IRF8,LTF,STAT5B,IFI44,TNFSF11,SLC25A25,SOD2,MFAP5,PTGS2,CYCS,MAPK14,PDGFB,IRF7,ELANE,SLAMF74,ADAM17,HLA-DPB1,IL1RN,CD40LG,ANGPT2,PDCD1LG1,IL23R,TIE1,TGFBR1,OSM,PRTN3,TBK1,GATA4,IL18RAP,,SELE,NKX2-5,IKBA,LDLR,AIM2,MASP2,HLA-DPA1,TMEM98,MAP3K8,C1QB,TF,EDN1,CASP1,TRAF6,CTGF,F5,FGFR4,CD3E,MAPK9,LTB4R1,IGHG2,HLA-DRB1,ANGPT2,IRF8,,TNFRSF6,,VCAN,EPCR,PRF1,CTGF,CCL19,NCR1,MMP2,MME,LAG3,F10,HLA-DPB1,CD14,CD57,S100A12,MPO,F5,CD4,PAI1,GM-CSF,TNFAIP3,C1QC,PDK4,F13A1,MYH7,SLC22A16,STAT4,CD36,ADAMTS13,CASP3,IGHG4,,NOS2,FOXO4,TIMP1,TGFB3,TRG,IGHG,,HSPB10
CCL3,TEK,ICOS,CTSG,CEBPB,NGAL,STAT6,RSAD2,TNFRSF11B,SLC25A26,CAT,MFAP4,PTGES2,TNFRSF1A,MAP2K1,PDGFC,OAS1,PRTN3,SLAMF75,ADAMTS1,HLA-C,IL6ST,CD80,TEK,PDCD1LG2,IL2RB,CXCR4,TGFBR2,LIF,AZU1,IKBKG,GATA5,TLR1,,SELP,MYH6,NFKBIA,SCARB1,PYCARD,C1QA,HLA-DPB1,YBX2,MAP3K9,C1QC,F5,AGT,GSDMD,IRAK1,COL1A1,FGB,KIT,CD19,MAPK10,LTB4R2,IGHG3,HLA-DQA1,VEGFA,IRF9,,FAS,,WIPF1,CD36,GZMA,ANGPT1,CCL21,NKp46,MMP1,ACE,NFKBIL51,F11,CD36,LY96,FCGR2A,DEFA1,ELANE,F2,FOXP3,F3,M-CSF,TNIP1,C3,SLC22A16,FGB,TNNT2,ZMYND10,STAT5A,CD40,MME,CASP9,IGHA1,,ARG1,GSK3B,TIMP2,SMAD2,TRD,IGHM,,HSPB12
CCL4,TIE1,PDCD1,AZU1,CEBPD,ELANE,JAK1,DDX58,CD4,SLC25A27,GPX1,LTBP1,TBXA2R,TNFRSF1B,MAP2K4,PDGFRA,MX1,CTSG,SLAMF76,ADAMTS4,HLA-A,IL10R2,CD86,VWF,CD80,IL2RG,CXCR2,SMAD2,CNTF,DEFA1,NLR,GATA6,TLR5,,SEL,MYH7,REL,ABCA1,IL1RN,C1QB,CD3D,KRT33A,MAP3K10,C1R,F7,ACE,IL1A,IRAK4,COL3A1,FGA,FLT3,IGHM,JUN,TBXA2R,IGHG4,HLA-DQB1,VEGFB,MYD88,,FASLG,,ZC3HAV1,GP1BA,GZMB,ANGPT2,CCR7,KIR2DL1,MMP3,ACE2,PARP11,F12,ITGAM,LBP,FCGR3A,DEFA3,AZU1,F10,RORC,TF,G-CSF,NLRP3,C5,ZMYND10,FGA,TNNI3,ABCB5,STAT5B,CD40LG,ENG,FAS,IGHA2,,ARG2,GSK3A,TGFB1,SMAD3,NKG2D,IGHA,,HSPB14
CCL11,FLT1,PDL1,MMP8,CEBPA,PRTN3,JAK2,RIGI,CD8A,SLC25A28,GPX2,LTBP2,C3,TNFRSF6,MAP2K7,PDGFRB,RSAD2,MME,SLAMF77,ADAMTS5,HLA-B,IL18RAP,CD28,PLAU,CD86,IL4,CCR5,SMAD3,IL11,DEFA4,family,F3,TLR6,,PECAM1,TNNI3,CD40,ABCG1,IL1RAP,C1QC,CD3E,MAP3K14,MAP3K11,C1S,F8,ACE2,IL33,NFKB1,MMP1,CRP,CSF1R,IGG,FOS,PTGER2,IGHA1,HLA-DPA1,VEGFC,TRAF6,,CD40,,AIM2,GP9,FOXP3,TEK,CXCR5,PLG,TIMP1,AGT,KIR3DL1,F13A1,ITGB2,TLR5,C1QA,CAMP,PRTN3,F11,TBX21,VWF,IL2RA,NLRC4,C5AR1,ABCB5,PROC,TNNC1,SLC25A13,STAT6,CD80,EDN1,FASLG,IGHM,,SLC2A1,JUN,TGFB2,SMAD4,NKp46,IGHE,,HSPB15
CCL17,FLT4,PDL2,MMP25,ELANE,MMP8,JAK3,MDA5,CD19,SLC25A29,GPX3,LTBP4,C5,FAS,MAP3K1,IGF1,ISG15,ACE,SLAMF78,ADAMTS8,IL12A,IFNGR2,CTLA4,PLAT,HLA-DRA,IL5,CCR2,SMAD4,IL4,CAMP,genes,F5,TLR10,,ESM1,TNNT2,CD40LG,ABCB1,IL1R1,C1R,CD3G,ABCC8,MAP3K12,C2,F9,AGTR1,HMGB1,NFKB2,TIMP3,SAA1,MERTK,TRA,MYC,PTGER4,IGHA2,HLA-DPB1,VEGFD,RIPK1,,CD40LG,,APOL1,PF4,IL2RA,TIE1,BAFF,SERPINE1,TIMP2,AGTR1,NFKBIL79,FGA,ITGA2B,NOD1,C1QB,LTF,CTSG,F12,GATA3,PROC,IL2RB,AIM2,C5AR2,SLC25A13,PROS1,ACTC1,ST7,IRF3,CD86,EDNRA,TNFSF10,IGD,,SLC2A4,FOS,TGFB3,SMAD7,KIR2DL1,IGD,,HSPB16
CCL22,KDR,CD80,ADAM17,PRTN3,MMP9,TYK2,LY96,CD20,SLC25A31,GPX4,ADAMTS1,C5AR1,FASLG,MAP3K7,IGF1R,IFITM1,AGT,SLAMF79,ADAMTS15,IL12B,CCR5,PDCD1,PAI1,HLA-DRB1,IL13,CCR3,SMAD7,IL5,LTF,NLRP3,F7,NOD1,,TEK,ACTC1,CD80,ABCC1,IL6R,C1S,CD4,CACNG3,MAP3K13,C3,F10,AGTR2,CCL3,RELA,NPPA,PTX3,AXL,TRB,ELANE,C3,IGM,CD3D,PDGFB,RIPK2,,CD28,,CASP1,OAS1,IL2RB,FOXO1,APRIL,PAI1,ADAM17,AGTR2,PARP15,FGB,ITGB3,RIPK2,C1QC,MUC5AC,S100A8,F13A1,IL4,PROS1,IL2RG,CASP1,CFB,ST7,SERPINA1,ACTA1,CDC27,IRF7,CD28,EDNRB,CD40,IGHE,,SLC5A1,EGR1,SMAD2,COL1A1,KIR2DL3,TRA,,HSPB17
CXCR3,ENG,CD86,ADAMTS13,MPO,MMP1,FOXP3,CD14,CD14,SLC25A32,HMOX1,ADAMTS4,BAFF,TNFSF10,MAP4K1,IGF2,IFITM3,AGTR1,SLAMF80,ADAMTS16,IL23A,CXCR3,PDL1,ACE,HLA-DQA1,IL17A,CX3CR1,NPPA,IL13,MME,NLRC4,F8,NLRC4,,TIE1,ACTA1,CD86,ABCG2,IL6ST,C2,CD8A,TMEM132A,MAP3K14,C4A,F11,PLAU,CCL4,RELB,NPPB,MMP9,TYRO3,IL2,PRTN3,C5,IGD,CD3E,PDGFC,IKBKB,,CTLA4,,CASP8,OAS2,IL2RG,FOXO3,CD40L,THBD,ADAM10,REN,CTLA4,FGG,GP1BA,CHUK,C1R,MUC5B,S100A9,FGB,IL5,SERPINA1,IL4R,PYCARD,CFD,CDC27,SERPINA3,ACTA2,SLC4A1,IRF9,ICOS,NOS1,CD40LG,TRA,,SLC5A2,NR3C1,SMAD3,COL1A2,KIR3DL1,TRB,,HSPB18
CXCR4,NOS3,HLA-DRA,ITGB2,AZU1,MMP3,RORC,LBP,CD16,SLC25A33,NRF2,ADAMTS5,APRIL,TRAIL,MAP4K4,IGF2R,LY96,AGTR2,SLAMF81,ADAMTS17,IL17A,CXCR4,PDL2,ACE2,HLA-DQB1,IL22,XCL1,NPPB,IL4R,ACE2,AIM2,F9,NLRP1,,FLT1,LAMA4,CTLA4,SLC2A1,IFNGR1,C4,CD8B,AP2B1,MAP3K15,C4B,F12,PLAT,CXCL1,REL,GATA4,MMP2,NTRK1,IL4,MPO,C5AR1,IGHE,CD3G,PDGFD,CHUK,,PDCD1,,CD14,OAS3,IL4,FOXO4,CX3CL1,PROC,ADAMTS13,C3,DHX9,PROC,GP9,IKBKB,C1S,MUC1,S100A12,FGG,IL13,FGB,IL7R,IL18,MBL2,SLC4A1,SERPINC1,MYL2,CALCR,MX1,PDCD1,NOS2,CD28,TRB,,SLC6A4,NR3C2,SMAD4,COL3A1,PRF1,TRG,,HSPB20
CCR5,EDN1,HLA-DRB1,ITGAM,CTSG,MMP12,TBX21,TLR2,CD56,SLC25A34,APOE,ADAMTS13,ICOS,LTB,MAPKAPK2,EGFR,CD14,REN,SLAMF82,ADAMTS18,IL17F,CSF2RB,LAG3,AGT,HLA-DPA1,IL23A,XCL2,GATA4,IL13RA1,AGT,CASP1,F10,NLRP6,,FLT4,LAMA5,PDCD1,SLC2A4,IFNGR2,C4BPA,CD19,TAC1,MAP3K16,C5,F13A1,PAI1,CXCL2,IKBKB,GATA5,TIMP1,NTRK2,IL5,CTSG,C5AR2,TRA,CD4,FGF1,IKBKG,,PDL1,,CD36,MX1,IL4R,GSK3B,CX3CR1,VWF,VEGF,C5,NFKBIL24,PROS1,GP5,IKBKG,C2,REG1A,MIF,FN1,IL17A,FGA,IL10RA,IL1A,MASP1,CALCR,PLAU,MYL4,DVL2,MX2,CTLA4,NOS3,CTLA4,TRG,,SLC9A1,PPARG,SMAD7,COL4A1,GZMA,TRD,,HSPB21
CCR7,AGT,HLA-DQA1,ITGAX,S100A8,MMP13,GZMA,TLR5,CD68,SLC25A36,LRP1,ADAMTS15,ICOSLG,LTA,MAPKAPK3,ERBB2,LBP,C3,SLAMF83,ADAMTS19,IL21,LTB4R1,HAVCR2,AGTR1,HLA-DPB1,TGFB1,CCL11,GATA5,IL9,AGTR1,PYCARD,F11,NLRP7,,ENG,LAMB1,PDCD1LG1,SLC5A1,IL10R,C4BPB,CD20,ZNF263,MAP3K17,C6,F13B,F3,CXCL5,IKBKG,GATA6,TIMP2,NTRK3,IL13,AZU1,C5A,TRB,CD8A,FGF2,MAPK1,,PDL2,,CD86,MX2,IL5,WNT5A,ITGA4,GP1BA,VEGFR1,C5AR1,NFKBIL67,SERPINA1,GP1B,NFKB2,C3,REG1B,HMGN1,ITGA2B,IL17F,PLG,IL10RB,HMGB1,MASP2,DVL2,PLAT,MYLK2,PRSS22,OAS1,LAG3,VEGFA,PDCD1,TRD,,SLC9A3R1,PPARA,CTGF,COL4A2,GZMB,NKG2D,,HSPB22
XCL1,ACE,HLA-DQB1,CD11B,S100A9,TIMP1,GZMB,NOD2,FOXP3,SLC25A37,LDLR,ADAMTS16,CD28,LTBR,MAPKAPK5,ERBB3,S100A8,C5,SLAMF84,ADAMTS20,IL22,TNFRSF10B,ICOS,AGT,CD14,TGFB2,CCL24,GATA6,IL9R,AGTR2,IL18,F12,NLRP12,,NOS2,LAMB2,PDCD1LG2,SLC5A2,IL12RB1,CFI,CD56,CX3CL1,MAP3K18,C7,VWF,F5,CXCL6,CHUK,TBX5,CXCL8,RET,IL17A,S100A8,CFB,TRG,CD8B,FGFR1,MAPK3,,CD80,,CLEC4E,IFIH1,IL5RA,WNT5B,ITGB1,GP6,VEGFR2,C5AR2,NFKB1,SERPINC1,PF4,RELB,C4,REG3A,HMGB1,ITGB3,IL21,HRG,IL12RB1,S100A8,FCN1,PRSS22,PAI1,MYBPC3,UPF1,OAS2,HAVCR2,VEGFR1,PDL1,NKG2D,,SLC11A1,RXRA,VEGFA,FN1,FOXP3,NKp46,,HSPB23
XCL2,ACE2,HLA-DPA1,CD18,S100A12,TIMP2,PRF1,NLRP3,RORC,SLC25A38,PCSK9,ADAMTS17,CD27,CD28,JUN,HGF,S100A9,C5A,SLAMF85,ADAMTSL1,IL9,IL1R1,TNFRSF1A,ADAM17,CD16,TGFB3,CCL19,TBX5,TSLP,REN,IL33,F13A1,NLRC3,,NOS3,LAMC1,ICOS,SLC9A1,IL12RB2,CD55,CD16,SPATA20,MAP3K19,C8,THBS1,F7,CX3CL1,MAPK1,NKX2-5,CXCL9,MET,IL21,S100A9,CFD,TRD,CD19,FGFR2,MAPK14,,CD86,,CX3CR1,IFI44,IL13,FZD4,ITGA5,ITGA2B,ANGPT1,C3AR1,ISG15,PLAU,PPBP,TNFAIP3,C5,REG3G,TLR1,GP1BA,IL22,APOE,IL12RB2,S100A9,FCN2,UPF1,THBD,TTN,SKAP2,OAS3,TNFRSF1A,VEGFR2,PDL2,NKp46,,SLC12A2,RXRB,VEGFR2,LAMA1,RORC,NKp30,,HSPB24
KLRK1,AGTR1,HLA-DPB1,CD40,LTF,TIMP3,FAS,AIM2,GATA3,SLC25A39,ACE,ADAMTS18,OX40,CTLA4,FOS,MET,IFNAR1,C5AR1,SLAMF86,ADAMTSL5,IL4,IL1R2,TNFRSF1B,ADAM10,CD64,INHBA,CCL21,MEF2A,IL31,APOE,STING1,FGB,AIM1,,PTGS2,LAMC2,ICOSLG,SLC9A3,IL18R1,CD59,FOXP3,CACNA1G,MAP3K20,C9,THBS2,F8,CCR2,MAPK3,F3,CCL19,ALK,IL22,S100A12,CFH,CXCR4,CD20,FGFR3,MAPK8,,ICOS,,CYBB,RSAD2,IL13RA1,FZD5,ITGB3,ITGB3,ANGPT2,CFB,IFIH1,PLAT,THPO,TNIP1,C6,CEACAM1,TLR6,GP1BB,IL23A,LDLR,IL23R,CRP,FCN3,SKAP2,EPAS1,LAMA4,MCUB,ISG15,TNFRSF1B,FLT1,LAG3,NCR1,,SLC12A3,NRF2,FLT1,LAMA2,TBX21,KLRD1,,HSPB25
NKG2D,AGTR2,CD3D,CD40LG,NGP,TIMP4,FASLG,CASP1,TBX21,SLC25A40,ACE2,ADAMTS19,OX40L,ICOS,ATF2,TGFB1,IFNAR2,C5AR2,SLAMF87,ADAMTSL6,IL5,IL6R,TNFRSF6,ADAMTS13,CD89,INHBB,CCL17,MEF2C,IL31RA,LPL,TMEM173,FGA,IFI16,,PTGIR,COL4A1,TNFSF4,SLC9A5,IL18RAP,CD46,RORC,TNFRSF12A,MAP3K21,CFB,THBS3,F9,CCR5,MAPK8,F5,CCL21,ROS1,IL23A,LTF,CFI,CXCR5,CD56,FGFR4,MAPK9,,ICOSLG,,FCN1,DDX58,IL13RA2,LRP5,THBD,ANGPT2,TEK,CFD,IL6ST,PAI-1,PLAU,TNIP2,C7,CEACAM6,TLR10,GP9,IL12A,PCSK9,IL1R1,SAA1,LTA,MCUB,HIF1A,COL4A1,HOXA11,IFIT1,TNFRSF6,KDR,HAVCR2,KLRK1,,SLC12A6,HMOX1,KDR,LAMA3,GATA3,KLRK1,,HSPB26
NCR1,PLAU,CD3E,CD80,MMP9,ADAM17,CASP3,IFNAR1,EOMES,SLC25A42,AGT,ADAMTS20,GITR,PDCD1,STAT1,TGFB2,IFNGR1,C6,SLAMF88,ADAMTSL7,IL13,IL10RA,TNFRSF12A,IL1R1,FCGR2A,BMP4,CCL22,MEF2D,CXCL10,CETP,CGAS,PROC,CGAS,,TBXA2R,COL4A2,TNFSF5,SLC9A6,CCR2,CD11B,TBX21,DLX6,MAP3K22,CFD,THBS4,F10,CXCR1,MAPK9,F7,CCR7,INSR,IL9,NGP,MASP1,CXCR3,CD14,EGFR,MAPK10,,CD4,,FCGR2A,DDX60,TGFB1,DKK1,VWF,TEK,TIE1,MBL2,NFKBIL41,TAFI,PLAT,TNIP3,C8,CEACAM8,NOD2,PF4,IL12B,ABCA1,IL1R2,SAA2,LTB,HOXA11,APOE,COL4A2,POLR2J,IFIT2,TNFRSF9,FLT4,ICOS,GZMA,,SLC16A1,SOD2,NRP1,LAMB1,IL1RN,PRF1,,HSPB27
NCR2,PLAT,CD3G,CD86,MMP2,ADAM10,CASP8,IFNAR2,ZBTB16,SLC25A43,AGTR1,ADAMTSL1,GITRL,PD1,STAT2,TGFB3,IFNGR2,C7,SLAMF89,HMGB1,IL3,IL18R1,TNFSF12,IL1R2,FCGR2B,BMP7,TNFSF10,F3,CXCL9,ABCA1,IFI16,PROS1,STING1,,EDN1,COL4A3,TNFSF6,SLC11A1,CCR5,CD11C,GATA3,MAP3K9,MAP3K23,CFH,ITGA2B,F11,CXCR2,MAPK10,F10,CX3CL1,IGF1R,IL17F,DEFA1,MASP2,CCR7,CD16,ERBB2,JNK1,,CD8A,,FCGR2B,MDA5,TGFBR1,SFRP1,F5,TIE2,TIE2,MASP1,NFKBIL88,THBS1,PAI1,TNIP4,C9,CEACAM5,RIGI,PPBP,IL2RA,ABCG1,TLR2,PTX3,LTBR,POLR2J,LPL,ITGA1,DHX33,IFIT3,TNFRSF10B,PDGFRA,BTLA,GZMB,,SLC16A3,CAT,NRP2,LAMB2,IL36G,GZMA,,HSPB28
NCR3,PAI1,CD4,CD28,MMP7,ADAMTS13,CASP9,IFNGR1,IKZF1,SLC25A44,AGTR2,ADAMTSL5,CD4,PDL1,STAT3,TGFBR1,JAK1,C8A,SLAMF90,TLR1,CSF2,IFNGR1,TNFSF10,IL6R,FCGR3A,ENG,TNFSF11,F5,CXCL11,ABCG1,CXCL13,PROZ,MAVS,,EDNRA,COL4A4,TNFSF7,SLC11A2,CXCR3,CD14,IL17A,RALA,MAP3K24,CFI,ITGB3,F12,CX3CR1,MAPK14,F13A1,CX3CR1,IGF2R,IL26,DEFA3,FCN1,CCR6,CD68,ERBB3,JNK2,,CD8B,,FCGR3B,RIGI,TGFBR2,SFRP2,F7,ENG,FLT1,MASP2,NFKBIL97,PF4,TFPI,IRAK1,CFB,FCGR2A,MDA5,THBS1,IL2RB,NR1H3,TLR4,LBP,TNFRSF1A,DHX33,AGT,ITGB1,MEOX1,RSAD2,TNFSF4,PDGFRB,VTCN1,PRF1,,SLC17A5,GPX1,ANGPT1,LAMB3,IL37,GZMB,,HSPB29
PRF1,F3,CD8A,CTLA4,MMP1,ADAMTS5,CASP10,IFNGR2,IKZF3,SLC25A45,EDN1,ADAMTSL6,CD8A,PDL2,STAT4,TGFBR2,JAK2,C8B,SLAMF91,TLR3,CSF3,CCR2,FAS,IL6ST,FCGR3B,ACVRL1,TNFSF12,F7,CCL5,LDLR,BAFF,SERPINC1,TICAM1,,EDNRB,COL4A5,TNFSF8,SLC12A1,CXCR4,CD16,IL22,BAIAP2L1,MAP3K25,MBL2,ITGAM,F13A1,ITGAM,MAP2K1,FGB,XCL1,PTK2,FOXP3,CAMP,MBL2,CCR5,CD11B,ERBB4,JNK3,,CD19,,FPR1,NLR family genes,SMAD2,CTNNB1,F8,ESM1,FLT4,FCN1,NFKBIL25,GP1BA,EPOR,IRAK4,CFD,FCGR2B,MAVS,THBS2,IL2RG,RXRA,TLR9,CD14,TNFRSF1B,MEOX1,ACE,ITGA2,THSD7A,DDX58,TNFSF5,TEK,HHLA2,C1QA,,SLC18A2,GPX4,ANGPT2,LAMC1,AREG,FOXP3,,HSPB30
GZMA,F5,CD8B,PDCD1,MMP8,ADAMTS4,CTLA4,JAK1,AIRE,SLC25A46,EDNRA,MMP1,FOXP3,CD8A,STAT5A,BMP4,TYK2,C8G,SLAMF92,TLR5,XCL1,CXCR1,FASLG,TNFR1,ITGAM,ALK1,TNFSF13,F8,CCL3,SCARB1,APRIL,THBS1,TICAM2,,AGT,COL4A6,TNFSF9,SLC12A2,CXCR5,CD32,IL4,KDM7A,MAP3K26,MASP1,ITGB2,FGB,ITGB2,MAP2K4,FGG,XCL2,SRC,RORC,MMP8,LY96,CCR4,CD11C,HRAS,ERK1,,CD20,,HMOX1,AIM2,SMAD3,APC,F9,IL1R1,PDGFB,FCN2,CX3CR1,GP9,EPO,TBK1,MBL2,FCGR3A,TRIF,CALCRL,IL4R,PPARG,NOD2,LY96,TNFSF10,THSD7A,ACE2,ITGB3,LIG3,IFI44L,TNFSF6,TIE1,TMIGD2,C1QB,,SLC19A1,TXN,TEK,LAMC2,EBI3,RORC,,HSPB31
GZMB,F7,CD19,PDCD1LG1,TIMP1,ADAMTS1,PDCD1,JAK2,HLA-DRA,SLC25A47,EDNRB,MMP3,RORC,CD4,STAT5B,BMPR1A,STAT2,C9,SLAMF93,TLR6,XCL2,CXCR2,CASP8,TNFR2,ITGB2,TGFBR1,TNFSF13B,F9,CCL4,PCSK9,TNFSF13B,THBS2,TRIF,,ACE,ITGA1,TNFSF10,SLC12A3,CX3CR1,CD64,IL5,ETV1,MAP3K27,MASP2,ITGAX,FGA,ITGAX,MAP2K7,PROC,KLRK1,ABL1,GATA3,MMP1,LY86,XBP1,CD163,KRAS,ERK2,,CD14,,HP,NLRP3,SMAD4,AXIN2,F10,IL1RN,PDGFRB,FCN3,DDX41,GP5,TPO,IKBKE,MASP1,FCGR3B,TRAF6,CALCA,IL5RA,PPARA,RIG-I,FCGR2A,TNFSF11,LIG3,AGTR1,ITGAL,RPAP3,BST2,TNFSF10,TIE2,CEACAM1,C1QC,,SLC19A2,TXNIP,TIE1,LAMC3,TNFSF11,GATA3,,HSPB32
FOXP3,F8,CD20,PDCD1LG2,TIMP2,ADAMTS8,CD28,TYK2,HLA-DRB1,SLC25A48,VEGFA,MMP7,GATA3,CD19,STAT6,BMPR2,IRF9,CFB,SLAMF94,TLR7,CCL11,CXCR5,CASP3,IL18,ITGAX,TGFBR2,TNFSF14,F10,CX3CL1,HMGCR,TNFRSF13B,PLAT,MDA5,,ACE2,ITGA2,TNFSF11,SLC12A4,CD40,CD89,IL13,AGK,MAP3K28,FCN1,ITGAL,PROC,ITGB1,PIK3CA,PROS1,NKG2D,ABL2,TBX21,MMP12,CD14,IRF4,SIGLEC1,NRAS,p38MAPK,,CD16,,IFITM3,NLRC4,SMAD7,MYC,F11,IL6R,EGF,TLR4,TICAM1,ITGA2B,ANGPT1,STAT2,MASP2,C1QA,IKBKG,RAMP1,IL13RA1,NR3C1,MDA5,FCGR2B,BAFF,RPAP3,AGTR2,ITGAM,ACSM3,LY96,TNFSF11,ANGPT1,SIGLEC10,C1R,,SLC22A1,TXNRD1,ESM1,ITGA1,TNFSF13B,TBX21,,HSPB33
RORC,F9,CD22,LAG3,TIMP3,ADAMTS9,ICOS,IRF7,HLA-DQA1,SLC25A49,VEGFR1,MMP8,TBX21,CD20,IRF3,ENG,TLR3,CFD,SLAMF95,TLR8,CCL17,XCL1,BCL2,IL18R1,SELL,SMAD2,TNFSF15,F11,CXCR3,MVK,CD27,PAI1,RIGI,,AGTR1,ITGA3,TNFSF12,SLC12A5,TNFRSF5,FCGR2A,IL9,ALDH3B1,MAP3K29,FCN2,ITGB1,PROS1,SELL,PIK3R1,SERPINA1,PRF1,YES1,EOMES,MMP13,CD36,BATF,LBP,BRAF,PIK3CA,,CD32,,IL1R1,CASP1,IL17A,JUNB,F12,IL6ST,EGFR,TLR2,STING1,ITGB3,ANGPT2,IRF9,FCN1,C1QB,CHUK,ADRB2,IL13RA2,NR3C2,IFIH1,FCGR3A,APRIL,ACSM3,ADAM17,ITGAX,REXO5,LY86,TNFSF13,ANGPT2,VSIR,C1S,,SLC22A2,PRDX1,PECAM1,ITGA2,LTB,EOMES,,HSPB34
TBX21,F10,CD14,HAVCR2,TIMP4,ADAMTS20,CD40,IRF9,HLA-DQB1,SLC25A51,VEGFR2,MMP10,AHR,CD3E,IRF7,ALK1,TLR7,CFH,SLAMF96,TLR9,CCL22,XCR1,BCL2L1,IL18RAP,CD44,SMAD3,TNFSF18,F12,CXCR4,MVD,CD30,TFPI,DDX60,,AGTR2,ITGA4,TNFSF13,SLC12A6,TNFSF13,FCGR2B,TGFB1,TTC22,MAP3K30,FCN3,CD40,SERPINC1,PTPRC,AKT1,SERPINC1,GZMA,FYN,PRF1,ADAM17,CLEC4E,GATA3,LY96,MAP2K7,PIK3R1,,CD64,,IL1RN,CASP4,IL17F,FOSB,F13A1,TNFRSF1B,FGF1,TLR9,TYK2,ITGAM,TEK,IRF1,FCN2,C1QC,IKBKB,ADRB1,IL17RA,ACE,DDX58,FCGR3B,CD27,REXO5,ADAMTS13,ITGB2,CIAPIN1,CD36,TNFSF13B,ESM1,ADORA2A,C2,,SLC22A3,PRDX2,CDH5,ITGA3,LTBR,ZAP70,,HSPB35
GATA3,F11,CD16,BTLA,VCAM1,ADAMTSL1,CD40LG,ISG15,HLA-DPA1,SLC25A52,FLT1,MMP11,IL17A,CD3G,IRF9,ACVRL1,TLR8,CFI,SLAMF97,TLR10,CCL26,CSF2RA,BAX,IL33,CD62L,SMAD4,TNFRSF1A,F13A1,CCR5,FDPS,CD28,EPCR,DHX58,,PLG,ITGA5,TNFSF13B,SLC12A7,CD28,FCGR3A,TGFBR1,PHTF2,MAP3K31,LTA,CD40LG,THBS1,CD4,AKT2,SERPINE1,GZMB,LCK,GZMA,ADAM10,CLEC5A,TBX21,MYD88,MAPK10,AKT1,,CD68,,IRAK1,CASP5,IL17RA,EGR1,PLAT,SOCS1,FGFR1,TLR3,IFI44,ITGB2,TIE1,IRF2,FCN3,C1R,IRAK1,EDN1,IL17RC,AGT,MAVS,C1QA,CD30,CIAPIN1,VWF,CD40,SPPL2B,CLEC4E,TNFSF14,PECAM1,ENTPD1,C3,,SLC23A1,PRDX5,VCL,ITGA4,TNFSF10,LCK,,HSPB36
IL4,F12,CD56,ICOS,ICAM1,ADAMTSL5,CD80,ISG20,HLA-DPB1,SLC25A53,KDR,MMP12,IL17F,CD3Z,MX1,SMAD2,TLR9,MASP1,SLAMF98,NOD1,CCL19,CSF3R,BID,IL33R,CD62P,SMAD7,TNFRSF1B,FGA,XCR1,SQLE,ICOS,CD36,IFI44,,PLAT,ITGA6,TNFSF14,SLC12A8,CTLA4,FCGR3B,TGFBR2,CCL26,MAP3K32,LTB,CD80,THBS2,CD8A,AKT3,THBS1,CD40LG,ZAP70,GZMB,ADAMTS13,SIGLEC5,RORC,TRAF6,MAPK11,AKT2,,CD11B,,IRAK4,CASP8,IL21,NR3C1,PLAU,SOCS3,FGF2,TLR7,NFKBIL64,CD40,FLT1,IRF8,LBP,C1S,IRAK4,EDNRA,IL21R,AGTR1,TRAF6,C1QB,CD28,SPPL2B,PLG,CD40LG,FAM214B,CLEC5A,TNFSF15,CDH5,NT5E,C4,,SLC25A1,APOE,ACTA2,ITGA5,CD40,CD3Z,,HSPB37
IL5,F13A1,CD68,ICOSLG,SELE,ADAMTSL6,CD86,STAT2,TAP1,SLC25A54,FLT4,MMP13,IL22,IGHG,OAS1,SMAD3,UNC93B1,MASP2,SLAMF99,NOD2,CCL21,LTA4H,BAD,ST2,CD11A,SMAD9,TNFRSF6,FGB,CX3CR1,INS,PDCD1,CD41,IFI44L,,PLAU,ITGA7,TNFSF15,SLC12A9,PDCD1,FCAR,SMAD2,FARP2,MAP3K33,LTB4R1,CD86,ITGA2B,CD8B,MTOR,THBS2,CD40,SYK,CD69,ADAMTS5,SIGLEC9,FOXP3,IRAK1,MAPK12,AKT3,,CD11C,,ITGAM,CASP9,IL21R,NR3C2,SERPINE1,PIAS1,FGFR2,NOD2,VWF,CD40LG,KDR,CXCL1,CD14,C2,TBK1,EDNRB,IL22R,AGTR2,TRAF3,C1QC,ICOS,FAM214B,HRG,CD28,COPZ2,CLEC7A,TNFSF18,VWF,CD73,C5,,SLC25A2,APOA1,MYH11,ITGA6,CD40LG,SYK,,HSPB38
IL13,FGB,CD11b,TNFRSF1A,SELB,ADAMTSL7,HLA-DRA,IRAK1,TAP2,SLC25A55,NRP1,MMP14,IL23R,IGHA,OAS2,SMAD4,STING1,FCN1,SLAMF100,NLRX1,CCL27,LTB4R2,MCL1,TLR3,CD11B,MAPK1,TNFRSF7,FGG,CCR2,GCG,CTLA4,CD42,IFIT1,,PAI1,ITGA8,TNFSF18,SLC12A10,LAG3,FCGRT,SMAD3,USH1C,MAP3K34,LTB4R2,CD28,ITGB3,CD19,STAT1,PF4,CD80,BTK,HLA-DRA,VEGFA,SIGLEC10,IL2,IRAK4,MAPK13,MTOR,,CD45,,ITGB2,CASP10,IL22,PPARG,SERPINC1,PIAS3,HGF,NLRP3,IL4,BAFF,FLT4,CXCL2,LY96,C3,IKBKE,AGTR1,IL23R,REN,TRIF,C1R,CTLA4,COPZ2,CRP,CTLA4,PRKAR2B,SIGLEC1,CX3CR1,SELE,ADA,C6,,SLC25A3,APOB,MYL9,ITGA7,CD27,LAT,,HSPB39
IL17A,FGA,CD11c,TNFRSF1B,SELP,ADAMTSL2,HLA-DRB1,IRAK4,PSMB8,SLC25A56,NRP2,MMP15,IL2RA,IGHM,OAS3,SMAD5,TMEM173,FCN2,SLAMF101,AIM2,CCL28,TNFRSF11B,XIAP,TLR7,CD11C,MAPK3,TNFRSF8,PROC,CCR1,SST,BTLA,CD62P,IFIT2,,F3,ITGA9,TNFRSF1A,SLC12A11,HAVCR2,FCER1A,SMAD4,GGCT,MAP3K35,TBXA2R,CTLA4,GP1BA,CD3E,STAT2,PPBP,CD86,ITK,HLA-DRB1,FLT1,SIGLEC1,IL4,IKBKB,RAC1,RPS6KB1,,CD45RA,,LYZ,LYZ,IL22R,PPARA,PROC,USP1,HGFR,AIM2,IKBKB,APRIL,PDGFB,CXCL3,TLR1,C4,TANK,AGTR2,CCR4,EDN1,MYD88,C1S,PDCD1,PRKAR2B,SAA1,PDCD1,CREBBP,SIGLEC5,XCR1,SELL,ITGA2B,C7,,SLC25A4,LRP1,CNN1,ITGA8,CD70,PLCG1,,HSPB40
IL17F,PROC,CD25,TNFRSF6,PECAM1,ADAMTSL3,HLA-DQA1,TRAF6,PSMB9,SLC25A57,ANGPT1,MMP16,IL2RB,IGHE,RSAD2,SMAD7,NLRP3,FCN3,SLAMF102,IFI16,CXCL1,IL1RAP,CYCS,TLR8,CD18,MAPK14,TNFRSF9,PROS1,CCR3,PPY,LAG3,PF4,IFIT3,,F5,ITGA10,TNFRSF1B,SLC12A12,BTLA,FCER2,SMAD7,DBF4,MAP3K36,PTGDS,PDCD1,GP1BB,CD3D,STAT3,GP1BA,HLA-DRA,JAK1,HLA-DQA1,KDR,SIGLEC2,IL5,CHUK,CDC42,EIF4EBP1,,CD45RO,,MMP9,MPO,IL23A,RXRB,PROS1,APOE,TGFB1,IFIH1,NFKBIL58,TACI,PDGFRA,CXCL5,TLR6,C5,OPTN,ACE,CCR6,EDNRA,TICAM1,C2,PDCD1LG1,TSPOAP1,SAA2,PDCD1LG1,TSPOAP1,SIGLEC7,XCR4,SELP,ITGB3,C8,,SLC25A5,LDLR,CALD1,ITGA9,CD38,PLCG2,,HSPB41
IL21,PROS1,FOXP3,TNFRSF10B,ESM1,ADAMTSL4,HLA-DQB1,RIPK2,PSMB10,SLC25A58,ANGPT2,MMP17,IL2RG,IGD,ISG15,SMAD9,AIM2,MBL2,SLAMF103,STING1,CXCL2,IL1RN,APAF1,TLR9,CD29,MAP2K1,TNFRSF10A,SERPINE1,CCR4,NPY,HAVCR2,GP1BB,ISG15,,F7,ITGA11,TNFRSF2,SLC12A13,VTCN1,FCER1G,CTLA4,TBXA2R,MAP3K37,PTGES,PD1,GP9,CD3G,STAT4,GP9B,HLA-DRB1,JAK2,HLA-DQB1,NRP1,SIGLEC3,IL13,MAPK1,ROCK1,FOXO1,,HLA-DRA,,MPO,S100A8,IL23R,RXRG,CREB1,LDLR,TGFBR1,DDX58,NFKBIL75,BCMA,PDGFRB,CXCL6,NOD2,C6,CYLD,ACE2,CCR7,EDNRB,TBK1,C3,PDCD1LG2,MPO,PTX3,PDCD1LG2,MPO,SIGLEC9,XCR5,ICAM1,GP1BA,C9,,SLC25A6,ABCA1,ROCK1,ITGA10,CD16,RAC1,,HSPB42
IL22,SERPINA1,RORC,TNFSF6,TEK,ADAMTS12,HLA-DPA1,MAVS,NLRP3,SLC25A59,TEK,MMP19,IL15RA,TRA,IFIH1,CTGF,CASP1,LTA,SLAMF104,DDX58,CXCL3,IL6ST,CASP9,RIGI,CD41,MAP2K4,TNFRSF10B,PAI1,CCR6,GHRL,TIGIT,BDKRB2,MX1,,F8,ITGAD,TNFRSF3,SLC12A14,CD80,FCGR1A,PDCD1,IFRD1,MAP3K38,PTGER1,ICOS,PF4,CD80,STAT5A,ITGA2B,HLA-DQA1,JAK3,HLA-DPA1,NRP2,SIGLEC4,IL17A,MAPK14,ROCK2,FOXO3,,HLA-DRB1,,MYD88,S100A9,IL27,NR1H2,MAPK14,PCSK9,TGFBR2,MAVS,PARP14,TNFSF13B,TGFB1,CXCL11,NLRP3,C7,A20,NOS3,CCR9,NOS3,IKBKB,C4,BTLA,PON1,LTB4R1,ICOS,PON1,SIGLEC10,XCL1,ICAM2,GP9,CFB,,SLC25A10,ABCG1,ROCK2,ITGA11,CD56,RAC2,,HSPB43
IL23A,SERPINC1,TBX21,TNFSF10,TIE1,ADAMTS14,HLA-DPB1,STING1,AIM2,SLC25A60,TIE1,MMP20,IL15,TRB,DDX58,FN1,PYCARD,LTB,SLAMF105,IFNAR1,CXCL5,IL10R2,GRB2,MDA5,CD49B,MAP3K1,TNFRSF11A,THBS1,CCR7,LEP,CD244,HRG,OAS1,,F9,ITGAE,TNFRSF4,SLC12A15,CD86,FCGR1B,LAG3,LGALS14,MAP3K39,PTGER2,ICOSL,PPBP,CD86,STAT5B,ITGB3,HLA-DQB1,TYK2,HLA-DPB1,ANGPT1,SIGLEC6,IL17F,MAPK8,MYLK,FOXO4,,HLA-DQA1,,NFKBIA,IFNAR1,IL27RA,NR1H3,MAPK1,CETP,CTGF,TRAF6,NFKBIL26,TNFSF10,TGFB2,CXCL13,AIM2,C8,TNFAIP3,KDR,CCR10,KDR,CHUK,C5,LAG3,GCFC2,LTB4R2,ICOSLG,GCFC2,SIGLEC11,XCL2,ICAM3,PF4,CFD,,SLC25A12,SCARB1,MLCK,ITGAD,CD64,RAC3,,HSPB44
IL23R,THBD,GATA3,LTB,FLT1,ADAMTS15,CD14,DDX60,CASP1,SLC25A1,ITGA5,MMP21,CCL3,TRG,RIGI,COL1A1,CRP,LTB4R1,SLAMF106,IFNAR2,CXCL6,IL18RAP,SOS1,MAVS,CD49D,MAP3K7,TNFRSF11B,THBS2,CCR8,ADIPOQ,NT5E,PLAU,OAS2,,F10,ITGAL,TNFRSF5,SLC12A16,HLA-DRA,FCGR1C,HAVCR2,COX10,MAP3K40,PTGER3,BTLA,SELPLG,CD40,STAT6,SELPLG,HLA-DPA1,STAT1,LTA,ANGPT2,SIGLEC7,IL21,MAPK9,MYLK4,GSK3B,,HLA-DQB1,,NLRX1,IFNAR2,IL33,NR1H4,MAPK8,LPL,EDN1,IRF3,IL6,TRAIL,TGFB3,CXCL16,IFIH1,C9,NFKBIA,FLT1,CXCR3,FLT1,IRAK1,C6,HAVCR2,WDR54,ALOX5,CD80,WDR54,SIGLEC12,LTB4R1,VCAM1,THBS1,MBL2,,SLC25A13,SR-B1,MYLK,ITGAE,CD89,CDC42,,HSPB45
IL2RA,ITGA2B,EOMES,LTA,KDR,ADAMTS16,CD36,CRP,PYCARD,SLC25A9,ITGB1,MMP23B,CCL4,TRD,MAVS,COL1A2,SAA1,LTB4R2,SLAMF107,IFNGR1,CXCL11,IFNGR2,EGFR,TRAF3,CD49E,MAP4K1,TNFRSF12A,PF4,CCR9,RESISTIN,ADA,IFIH1,OAS3,,F11,ITGAM,TNFRSF6,SLC12A17,HLA-DRB1,ITGAX,ICOS,GTF2IRD1,MAP3K41,PTGER4,BTLA,CD40,ICOS,JAK1,CD36,HLA-DPB1,STAT2,LTB,TEK,SIGLEC8,IL22,MAPK10,ACTA2,WNT1,,HLA-DPA1,,P2RX7,IFNGR1,IL1RL1,RXRA,MAPK9,ACE,EDNRA,IRF7,PARP2,FAS,BMP4,CCL3,DDX58,CFB,IKBAB,TEK,CXCR4,TEK,IRAK4,C7,TIGIT,CROT,ALOX15,CD86,CROT,SIGLEC14,LTB4R2,CD31,VWF,MASP1,,SLC25A15,CD40,MYLK4,ITGAL,LY96,PAK1,,HSPB46
IL2RB,ITGB3,ZBTB16,LTBR,FLT4,ADAMTS17,CD163,SAA1,IL18,SLC25A11,FN1,MMP24,CCL11,NKG2D,TRAF3,COL3A1,PTX3,TBXA2R,SLAMF108,IFNGR2,CXCL12,CCR5,ERBB2,TRAF5,CD49F,ERK1,TNFRSF12B,PPBP,CCR10,RETN,ITGA2B,DDX58,RSAD2,,F12,ITGB3,TNFRSF7,SLC12A18,HLA-C,ITGB1,TNFSF4,PAF1,MAP3K42,TXNIP,CD4,CD40LG,PDCD1,JAK2,IFIH1,CD4,STAT3,PRF1,TIE1,SIGLEC11,IL23A,JNK,MYH11,WNT2,,HLA-DPB1,,PTAFR,IFNGR2,ST2,PPARD,JUN,AGT,EDNRB,IRF9,NFKBIL56,FASLG,BMPR2,CCL4,MAVS,CFD,RELB,TIE1,CXCR5,TIE2,RIPK1,C8,CD244,ABCB4,CYBA,CD4,ABCB4,SIGLEC15,BLT1,CD34,FGA,MASP2,,SLC25A16,CD40LG,MYPT1,ITGAM,LY86,PAK2,,HSPB47
IL2RG,PF4,IL1R1,LTB4R1,VEGFA,ADAMTS18,MSR1,PTX3,IL1A,SLC25A14,COL1A1,MMP25,CCL17,NKP46,TRAF2,MMP2,FERRITIN,PTGER2,SLAMF109,IRF3,CXCL13,CXCR3,HRAS,IKBKG,CD61,ERK2,TNFRSF13B,GP1BA,CCR11,ADAM17,ITGB3,RIGI,HERC5,,F13A1,ITGB4,TNFRSF8,SLC12A19,HLA-E,ITGAL,TNFSF9,VPS41,MAP3K43,NLRP3,CD8A,CD28,CTLA4,JAK3,DDX58,CD8A,STAT4,GZMA,EDN1,SIGLEC12,IL23R,ERK,CNN1,WNT3A,,ACTA2,,S100A12,JAK1,TLR3,NR1I2,FOS,AGTR1,APOE,STAT1,NFKBIL20,CASP3,ENG,CCL7,TRAF6,CFH,REL,ANGPT1,CXCR6,ANGPT1,RIPK2,C9,SLAMF1,KMT2E,NCF1,CD8A,KMT2E,SIGLEC16,BLT2,CD105,FGB,FCN1,,SLC25A17,CD28,PPP1R12A,ITGAV,CD14,PAK3,,HSPB48
IL12A,PPBP,IL1R2,LTB4R2,VEGFB,ADAMTS19,S100A8,FERRITIN,IL33,SLC25A61,COL1A2,MMP26,CCL18,NCR1,TBK1,MMP9,D-DIMER,PTGER4,SLAMF110,IRF7,CXCL16,CXCR4,KRAS,CHUK,CD107A,JNK,TNFRSF14,OAS1,CXCR5,ADAM10,GP1BA,MDA5,UBE2L6,,THBD,ITGB5,TNFRSF9,SLC12A20,MICA,ITGB7,TNFSF10,ARHGAP44,MAP3K44,NLRC4,CD8B,CTLA4,TNFSF13B,TYK2,MAVS,CD8B,STAT5A,GZMB,EDNRA,SIGLEC13,IL27,P38,LMOD1,WNT3,,MYH11,,SIGLEC10,JAK2,TLR7,NR1I3,NR3C1,NOS3,LRP1,STAT2,PARP9,CASP8,NOS3,CCL8,RIPK2,CFI,NFKB2,ANGPT2,LTB4R,ANGPT2,CASP1,CFB,SLAMF6,RHBDD2,NCF2,CD8B,RHBDD2,SIGLEC17,CYSLTR1,CD144,FGG,FCN2,,SLC25A18,CTLA4,CPI,ITGAX,CD11b,MAPK1,,HSPB49
IL12B,GP1BA,IL6R,TBXAS1,VEGFC,ADAMTS2,S100A9,D-DIMER,HMGB1,SLC25A62,COL3A1,MMP27,CCL20,KIR2DL1,IKBKE,MMP1,TROPONIN,PTGFR,SLAMF111,IRF9,CXCR4,CSF2RB,NRAS,IKBKB,CD107B,P38,TNFRSF17,OAS2,CXCR6,ADAMTS13,GP1BB,MAVS,PARP9,,PROC,ITGB6,TNFRSF10A,SLC12A21,MICB,ITGA4,TNFSF14,ELAC2,MAP3K45,AIM2,CD19,ICOS,CD27,IRF3,TICAM1,CD19,STAT5B,CD36,EDNRB,SIGLEC14,IL9,STAT1,CALD1,WNT4,,CNN1,,SIGLEC9,TYK2,TLR8,NR0B2,NR3C2,EDN1,ABCA1,STAT3,TNFRSF6,CASP9,NOS2,CCL11,IRAK1,MASP1,MAP3K7,S1PR1,LTB4R2,S1PR1,NLRP3,CFD,SLAMF7,SOX8,NCF4,CD14,SOX8,SIGLEC18,CYSLTR2,JAM2,F5,FCN3,,SLC25A19,PDCD1,THBS1,ITGB1,CD11c,MAPK3,,HSPB50
IL12RB1,GP1BB,IL6ST,PTGDS,VEGFD,ADAMTS3,S100A12,TROPONIN,TLR3,SLC25A63,COL4A1,MMP28,CCL21,KIR2DL2,IRF5,MMP3,BNP,PTGDR2,SLAMF112,STAT1,CXCR5,LTB4R1,BRAF,IRAK1,CD162,FOS,TNFRSF18,OAS3,CXCR1,TIMP1,PF4,TRAF3,PARP14,,PROS1,ITGB7,TNFRSF10B,SLC12A22,NKG2D,ITGA5,TNFRSF4,SCIN,MAP3K46,CASP1,CD20,PDCD1,CD28,IRF7,TICAM2,CD20,STAT6,CD11B,NOS3,SIGLEC15,TGFB1,STAT3,S100A8,WNT5A,,ELN,,SLC11A1,STAT2,TLR9,NR1F1,NR1I2,MIF,ABCG1,JAK1,NFKBIL94,BCL2,NOS1,CCL13,IRAK4,MASP2,MAP3K14,S1PR2,PTGER2,S1PR2,AIM2,CFH,SLAMF8,IBTK,RAC1,CD16,IBTK,SIGLEC19,TBXAS1,JAM3,F10,LBP,,SLC25A20,PD-1,THBS2,ITGB2,CD18,MAPK14,,HSPB51
IL12RB2,GP9,TNFRSF1A,PTGES,ANGPT1,ADAMTS6,CRP,CKMB,TLR9,SLC25A64,COL4A2,TIMP3,CCL22,KIR2DL3,IRF8,MMP7,NT-proBNP,BLT1,SLAMF113,STAT2,CCR4,TNFRSF10B,MAP2K1,IRAK4,CD164,JUN,IL1R1,RNASEL,CXCR2,TIMP2,PPBP,TRAF6,IRF1,,SERPINC1,ITGB8,TNFRSF11A,SLC12A23,KIR2DL1,ITGAV,TNFRSF9,MYH13,MAP3K47,CASP4,CD3E,PDL1,CD69,IRF9,TBK1,CD14,SOCS1,CD14,NOS2,SIGLEC16,TGFB2,STAT4,S100A9,WNT5B,,COL1A1,,SLC2A3,IRF9,RIGI,NR1F2,NR1I3,CXCL12,CD36,JAK2,JAK1,BCL2L1,PTGS2,CCL17,IKBKB,FCN1,MAP4K1,S1PR3,PTGER4,S1PR3,PYCARD,CFI,SLAMF9,ZNF195,RAC2,CD11B,ZNF195,SIGLEC20,PTGDS,OCLN,F2,CD14,,SLC25A21,PDCD1LG1,SPP1,ITGB3,CD62L,MAPK8,,HSPB52
IFNAR1,GP5,TNFRSF1B,PTGER1,ANGPT2,ADAMTS7,SAA1,BNP,DDX58,SLC25A65,LAMA1,TIMP4,CCL25,KIR3DL1,IL12B,MMP12,CKMB,BLT2,SLAMF114,STAT3,CCR6,IL1R1,MAP2K2,MYD88,CD182,MYC,IL1R2,IFIH1,LTB4R1,TIMP3,THPO,TBK1,IRF2,,VWF,ITGB1BP1,TNFRSF11B,SLC12A24,KIR2DL3,SELPLG,TNFRSF10B,ADIPOR2,MAP3K48,CASP5,CD3D,PDL2,HLA-DRA,ISG15,IKBKE,CD16,SOCS3,LY96,NOS1,SIGLEC17,TGFB3,STAT6,S100A12,WNT6,,COL1A2,,SRGN,ISG15,MDA5,NR1F3,PPARA,SDF1,SRB1,TYK2,NFKBIL8,BAX,PTGS1,CCL18,CHUK,FCN2,MAP4K4,APLN,TBXA2R,S1PR4,ASC,MASP1,SLAMF10,MYCBP2,RAC3,CD11C,MYCBP2,SIGLEC22,ALOX5,CLDN5,PROC,LY96,,SLC25A22,PD-L1,FN1,ITGB4,CD62P,MAPK9,,HSPB53
IFNAR2,GP6,IFNGR1,PTGER2,ANGPTL4,ADAMTSL8,SAA2,NT-proBNP,MAVS,SLC25A66,LAMA2,CTGF,CCL26,KIR3DL2,IL23A,MMP13,LDH,CYSLTR1,SLAMF115,STAT4,CCR7,IL1R2,MEK1,TICAM1,CD183,NRF2,IL2RA,MDA5,LTB4R2,TIMP4,VWF,IKBKE,IRF4,,ITGA2B,ITGB1P,TNFRSF12A,SLC12A25,KIR3DL1,SELPLG,TNFRSF14,CDKL3,MAP3K49,CASP8,CD3G,CD80,HLA-DRB1,MX1,ISG15,FCGR2A,SOCS5,LY86,PTGIS,SIGLEC18,SMAD2,JAK1,MPO,WNT7A,,COL3A1,,Syk,ISG20,IFIH1,NR0B1,PPARG,CXCR7,CD40,MAPK1,OAS3,BAK1,TBXA2R,CCL19,MAPK1,FCN3,MAPK3,APLNR,P2RY1,S1PR5,IL1A,MASP2,SLAMF11,FBXL3,MPO,FOXP3,FBXL3,SIGLEC4,ALOX5AP,CLDN1,PROS1,HMOX1,,SLC25A23,CD80,VTN,ITGB5,CD69,MAPK10,,HSPB54
IFNGR1,GP1B,IFNGR2,PTGER3,THBD,ADAMTS9,PTX3,ADAMTS13,TRAF6,SLC25A67,LAMA3,TGFB1,CCL27,KIR3DL3,IL12RB1,MMP14,AST,CYSLTR2,SLAMF116,STAT5A,CCR9,IL6R,MEK2,TICAM2,CD184,HIF1A,IL2RB,RIGI,BLT1,CTGF,ADAMTS13,IRF7,IRF5,,ITGB3,ITGB2L,TNFRSF12B,SLC12A26,KIR3DL2,CLEC4E,CD28,UPP2,MAP3K50,CASP9,CD16,CD86,HLA-DQA1,OAS1,OAS1,FCGR2B,SOCS6,MSR1,TBXA2R,SIGLEC19,SMAD3,JAK2,LTF,WNT7B,,FN1,,TLR1,MX1,MAVS,NR2C1,PPARD,ACKR3,CD40LG,MAPK3,TIGIT,P53,TBXAS1,CCL20,MAPK14,MBL2,MAPK4,GJA1,P2RY12,CDH5,IL33,FCN1,SLAMF12,ITGAL,ELANE,RAG1,ITGAL,SIGLEC6,ALOX15,CLDN11,SERPINA1,ARG1,,SLC25A24,CD86,COL4A1,ITGB6,CD25,NFKB1,,HSPB55
IFNGR2,ITGAM,IL10R,PTGER4,PROCR,ADAMTSL10,MMP1,ADAM17,IRAK1,SLC25A68,LAMA4,TGFB2,CCL28,HLA-A,IL12RB2,MMP15,ALT,ALOX5,SLAMF117,STAT5B,CCR10,IL10RA,PIK3CA,TRIF,CD195,APOE,IL2RG,DDX58,BLT2,FGF1,ITGA1,IRF9,IRF6,,ITGAM,ITGB3L,TNFRSF13B,SLC12A27,ITGAM,CLEC5A,CD27,PRSS21,MAP3K51,CASP10,CD56,HLA_DRA,HLA-DQB1,OAS2,OAS2,FCGR3A,PIK3CA,SCARB1,TBXAS1,SIGLEC20,SMAD4,TYK2,DEFA1,WNT8A,,LAMA1,,TLR6,MX2,TRAF3,NR2C2,HMOX1,FOXP3,CD80,MAPK14,NFKBIL42,MDM2,TXN,CCL21,MAPK8,COLEC11,MAPK6,CDH5,P2RX1,CD144,STING1,MBL2,SLAMF13,PDK2,PRTN3,RAG2,PDK2,SIGLEC8,LTB4,CLDN23,SERPINE1,MPO,,SLC25A25,ICOS,COL4A2,ITGB7,CD122,NFKB2,,HSPB56
OAS1,ITGB2,IL10RB,TXN,NOS3,ADAMTSL11,MMP2,MPO,IRAK4,SLC25A69,LAMA5,TGFB3,CCR1,HLA-B,IL23R,MMP16,GGT,ALOX5AP,SLAMF118,STAT6,CCR3,IL18R1,PIK3R1,CD36,CD196,LPL,IL4R,IFI44,PTGER2,FGF2,ITGA2,OAS1,IRF8,,ITGB2,ITGB4L,TNFRSF13C,SLC12A28,ITGB2,CLEC2B,BTLA,MARK4,MAP3K52,CASP3,NKp46,HLA_DRB1,HLA-DPA1,OAS3,OAS3,FCGR3B,PIK3CB,FCGR2A,TXNIP,SIGLEC21,SMAD7,SOCS1,DEFA3,WNT8B,,LAMB1,,TNFAIP2,OAS1,TRAF5,NR2E1,SOD2,IL2RA,CD86,MAP2K1,NFKBIL49,CDKN1A,TXNIP,CCL22,MAPK9,COLEC12,MAPK7,CLDN5,P2RX7,PECAM1,TMEM173,APOE,SLAMF14,ITGA3,AZU1,TCR,ITGA3,SIGLEC10,TXA2,CLDN3,PAI1,ELANE,,SLC25A26,ICOSLG,COL4A3,ITGB8,CD127,RELA,,HSPB57
OAS2,CD41,IL12RB1,TXNIP,EDN1,ADAMTSL12,MMP3,ELANE,MYD88,SLC25A70,LAMB1,PDGFRA,CCR2,HLA-C,IL17A,MMP17,ALP,LTB4,SLAMF119,JAK1,CCR5,IFNGR1,AKT1,CD11B,CD197,CETP,IL5RA,IFI44L,PTGER4,FGF7,ITGAL,OAS2,STAT4,,GP1BA,ITGB5L,TNFRSF14,SLC12A29,SELL,CLEC10A,VTCN1,PROM1,MAP3K53,PYCARD,NKG2D,HLA_DQA1,HLA-DPB1,RNASEL,RNASEL,ITGAM,PIK3CD,FCGR2B,TXN,SIGLEC22,ENG,SOCS3,AZU1,WNT9A,,LAMC1,,TNFSF10,OAS2,TRAF2,NR2E3,CAT,CD25,HLA-DRA,MAP2K4,VCAM1,CDKN2A,PRDX1,CCL24,JUN,COLEC10,MAPK11,OCLN,ADRB2,ESM1,CGAS,APOC3,SLAMF15,ITGA2B,DEFA1,BCR,ITGA2B,SIGLEC11,PGD2,CLDN4,PLAT,PRTN3,,SLC25A27,BTLA,COL4A4,CDH5,CX3CR1,RELB,,HSPB58
OAS3,CD61,IL12RB2,TXNRD1,EDNRA,ADAMTSL13,MMP9,PRTN3,TICAM1,SLC25A71,LAMB2,PDGFRB,CCR3,HLA-DRA,IL17F,MMP19,AMY1,TXA2,SLAMF120,JAK2,CCR1,CCR2,AKT2,CD11C,CD209,ABCA1,IL6R,MX1,TBXA2R,FGF10,ITGA4,OAS3,STAT5A,,GP1BB,ITGB6L,TNFRSF16,SLC12A30,SELE,CLEC1B,HHLA2,CCDC124,MAP3K54,IL18,NKG2A,HLA_DQB1,HLA-C,DDX58,MX1,ITGB2,PIK3CG,FCGR3A,TXNRD1,SIGLEC23,ESM1,SOCS5,PRTN3,WNT9B,,ITGA1,,TNFSF13,OAS3,RIPK1,NR2F1,GPX1,IL17A,HLA-DRB1,MAP3K7,MYL4,RB1,PRDX2,CCL25,FOS,PTAFR,MAPK12,JAM2,ADRB3,VWF,IFI16,LPL,SLAMF16,ASB4,DEFA3,IGH,ASB4,SIGLEC12,LTE4,CLDN5,PLAU,S100A8,,SLC25A28,LAG3,COL4A5,CDH1,CCR5,IKBKB,,HSPB59
MX1,CD42B,IL17R,TXNRD2,EDNRB,ADAMTSL14,MMP12,AZU1,TICAM2,SLC25A72,LAMB3,FGFR1,CCR4,HLA-DRB1,IL17RA,MMP20,LIPA,PGD2,SLAMF121,JAK3,CCR2,CXCR1,MTOR,CD18,CLEC4E,ABCG1,IL6ST,MX2,TBXAS1,EGFR,ITGA5,RNASEL,STAT5B,,GP9B,ITGB7L,TNFRSF17,SLC12A31,VCAM1,CLEC1A,TMIGD2,CEACAM21,MAP3K55,IL18BP,KIR2DL1,HLA_DPA1,HLA-A,IFIH1,MX2,ITGAL,AKT1,C1S,GPX1,SIGLEC24,VWF,SOCS6,ELANE,WNT10A,,ITGA2,,,RNase L,RIPK3,NR2F2,NOS3,IL23R,HLA-DQA1,IKBKB,KIR3DL2,E2F1,PRDX3,CCL26,EGR1,PAFAH1B2,MAPK13,JAM3,ADRA2A,SELE,IFNB1,CETP,SLAMF17,GDE1,CAMP,IGK,GDE1,SIGLEC14,IL4,,TAFI,S100A9,,SLC25A29,HAVCR2,COL4A6,CDH2,CCR7,IKBKG,,HSPB60
MX2,CD42A,IL17RC,TXNRD3,PLA2G2A,ADAMTSL15,MMP13,S100A8,CHUK,SLC25A73,LAMB4,FGFR2,CCR5,HLA-DQA1,IL17RC,MMP21,IL2RA,PGE2,SLAMF122,TYK2,CCR8,CXCR2,RPS6KB1,ITGAM,CLEC5A,LDLR,IL7R,RSAD2,TXNIP,ERBB2,ITGA6,CMPK2,STAT6,,PF4,ITGB8L,TNFRSF18,SLC12A32,ICAM1,CLEC9A,CD244,PAFAH1B1,MAP3K56,IL1F6,KIR2DL2,HLA_DPB1,HLA-B,RIGI,RSAD2,ITGAX,AKT2,C1R,CAT,SIGLEC25,THBS1,IRF1,CTSG,WNT10B,,ITGA3,,,PKR,CASP1,NR4A1,ARG1,IRF5,HLA-DQB1,NFKB1,NFKBIL99,MYC,PRDX4,CCL27,NR3C1,LTA,MAP2K1,ESM1,ADRA2B,SELP,IFNA1,ABCA1,SLAMF18,REX1BD,SFTPA1,IGL,REX1BD,SIGLEC15,IL5,,CPB2,S100A12,,SLC25A30,TIM-3,LAMB1,CDH3,CCR9,CHUK,,HSPB61
IFIH1,CD42D,IL23R,PRDX1,PLA2G5,ADAMTSL16,TIMP1,S100A9,IKBKB,SLC25A74,LAMC1,FGFR3,CCR6,HLA-DQB1,IL21,MMP23B,IL4R,PGF2A,SLAMF123,MAPK1,ITGA2B,CXCR5,EIF4EBP1,ITGAX,CLEC7A,PCSK9,IL8RA,ISG15,FOXO3,ERBB3,ITGA7,GCH1,NFKBIA,,PPBP,TGFB1,TNFRSF19,SLC12A33,PECAM1,CLEC3B,TIGIT,NOS2,MAP3K57,IL1F7,KIR2DL3,IGHG1,IGHM,MAVS,IFIT1,IL2RG,AKT3,C2,SOD1,SIGLEC26,ANGPT1,IRF2,CAMP,WNT11,,ITGA4,,,TLR1,NLRP3,NR4A2,ARG2,IRF7,HLA-DPA1,RELA,NFKBIL21,JUN,PRDX5,CCL28,NR3C2,LTB,MAP2K2,VWF,ADRA2C,ICAM1,OAS1,ABCG1,SLAMF19,CRLF1,SFTPB,MHC,CRLF1,SIGLEC16,IL13,,HRG,CALR,,SLC25A31,TIGIT,LAMC1,CDH4,CXCR3,IKBGA,,HSPB62
DDX58,CD42C,IL23A,PRDX2,PLA2G10,ADAMTSL17,TIMP2,MMP8,RELA,SLC25A75,LAMC2,FGFR4,CCR7,HLA-DPA1,IL21R,MMP24,IL10RA,PGI2,SLAMF124,MAPK3,ITGB3,XCL1,FOXO3,ITGB2,CLEC9A,SREBF2,IL8RB,IFIT1,FOXO1,ERBB4,ITGA8,IP10,NFKBIB,,CRP,TGFB2,TNFRSF21,SLC12A34,ESM1,CLEC3A,LAIR1,DNAH9,MAP3K58,IL1F9,KIR3DL1,IGHG2,IGHD,TICAM1,IFIT2,IL7R,MTOR,C3,SOD2,SIGLEC27,ANGPT2,IRF4,HAMP,FZD1,,ITGA5,,,TLR3,AIM2,NR4A3,CRP,STAT2,HLA-DPB1,RELB,CD40LG,FOS,PRDX6,CCR1,PPARG,LTB4R1,MAP2K3,SELE,ACE,VCAM1,OAS2,PCSK9,SLAMF20,OSBPL7,SFTPC,HLA-A,OSBPL7,SIGLEC17,IL9,,PLG,HSPA1A,,SLC25A32,CD27,LAMA4,CDH6,CXCR4,AP1,,HSPB63
RIGI,CD36,IL15,PRDX3,PTGS1,ADAMTSL18,TIMP3,NGAL,RELB,SLC25A76,LAMC3,VEGFR2,CCR8,HLA-DPB1,IL22,MMP25,IL12RB1,TXA2,SLAMF125,MAPK8,ITGA5,XCR1,GSK3B,FCGR2A,CLEC10A,HMGCR,IL9R,IFIT2,AKT1,PDGFRA,ITGA9,RSAD2,NFKBIE,,SAA1,TGFB3,TNFRSF22,SLC12A35,ENG,CLEC2L,SIGLEC7,KIAA0100,MAP3K59,IL36A,HLA-DRA,IGHG3,IGHE,TICAM2,IFIT3,JAK1,RPS6KB1,C4,SOD3,SIGLEC28,TEK,IRF5,NGP,FZD2,,ITGB1,,,TLR5,PYCARD,NR5A1,SAA1,TLR7,CD3D,IKBKG,KLRB1,CREB1,SOD1,CCR2,PPARA,LTB4R2,MAP2K4,ICAM1,ACE2,CXCL8,OAS3,LDLR,SLAMF21,TMEM98,SFTPD,HLA-B,TMEM98,SIGLEC18,IL21,,APOE,HSPA1B,,SLC25A33,CD70,ITGA1,CDH7,CXCR5,JUN,,HSPB64
MAVS,CLEC1B,IL15RA,PRDX4,PTGS2,ADAMTSL19,TIMP4,LCN2,NFKB2,SLC25A77,MMP1,VEGFR3,CCR9,MICA,IL22R,MMP26,IL13RA1,IL15,SLAMF126,MAPK9,ITGB1,CSF2RA,PTEN,FCGR2B,CLEC11A,FGF2,IL10RA,IFIT3,AKT2,PDGFRB,ITGA10,MX1,NFKBID,,SAA2,TGFBR1,TNFRSF23,SLC12A36,NOS3,CLEC2L,SIGLEC9,SLC13A2,MAP3K60,IL36B,HLA-DRB1,IGHG4,IGKC,TRIF,CMPK2,JAK2,EIF4EBP1,C5,MPO,SIGLEC29,TIE1,IRF6,LCN2,FZD3,,ITGB2,,,TLR6,CASP8,NR5A2,PTX3,TLR9,CD3E,CHUK,CD80,ELANE,SOD2,CCR3,RXRA,ALOX5,MAP2K5,VCAM1,AGT,CXCL9,RNaseL,SCARB1,SLAMF22,YBX2,IL33,HLA-C,YBX2,SIGLEC19,IL22,,APOA1,HSP90AA1,,SLC25A34,OX40,ITGA2,CDH8,CX3CL1,FOS,,HSPB65
TRAF3,CLEC2B,IL2RG,PRDX5,TBXA2R,ADAMTSL20,ADAM17,VCAM2,JUN,SLC25A78,MMP3,NRP1,CCR10,MICB,IL2,MMP27,IL15RA,IL2RG,SLAMF127,MAPK14,ITGA6,CSF3R,TP53,FCGR3A,CLEC12A,FGFR1,IL10RB,LY96,PIK3R1,FLT1,ITGA11,MX2,NFKBIL1,,SAA4,TGFBR2,TNFRSF25,SLC12A37,EDN1,CLEC14A,CEACAM1,GAS7,MAP3K61,IL36G,HLA-DQA1,IGHA1,RORC,CD14,GTPBP4,JAK3,FOXO1,C6,DUOX1,SIGLEC30,VEGFA,IRF8,MMP8,FZD4,,ITGB3,,,TLR7,CASP10,NR6A1,MPO,LY96,CD3G,IRAK1,TNF,PRTN3,CAT,CCR4,RXRB,ALOX5AP,MAP2K6,PECAM1,AGTR1,CXCL10,MX1,ACTA2,SLAMF23,KRT33A,ST2,HLA-DRB1,KRT33A,SIGLEC20,IL26,,APOB,HSP90AB1,,SLC25A35,OX40L,ITGA3,CDH9,CCL19,ATF2,,HSPB66
TBK1,P2RY1,IL7,PRDX6,TXN,ADAMTSL21,ADAMTS1,ICAM2,FOS,SLC25A79,MMP7,NRP2,CX3CR1,ULBP1,IL2RA,MMP28,IL17RC,IL7R,SLAMF128,MAP2K1,ITGB4,LTA4H,MDM2,FCGR3B,CLEC14A,KDR,IL11RA,CD14,PIK3CA,FLT4,ITGAD,ISG15,NFKBIL2,,PTX3,TGFBR3,LTB,SLC12A38,THBD,CLEC16A,CEACAM3,TRAPPC6A,MAP3K62,IL36RN,HLA-DQB1,IGHA2,GATA3,CD36,LY96,STAT1,FOXO3,C7,DUOX2,SIGLEC31,KDR,IRF9,MMP25,FZD5,,ITGB4,,,TLR8,FAS,ESR1,ELANE,CD11b,CD4,IRAK4,MYH7,MPO,GPX1,CCR5,PPARD,PTGS1,MAP2K7,CXCL8,AGTR2,CCL2,MX2,MYH11,SLAMF24,MAP3K14,AREG,HLA-DQB1,MAP3K14,SIGLEC22,IL31,,LPA,DNAJB1,,SLC25A36,CD137,ITGA4,CDH10,CCL21,CREB1,,HSPB67
IKBKE,P2RY12,IL7R,SOD1,TXNRD1,ADAMTSL22,ADAMTS4,ESM2,ATF2,SLC25A80,MMP8,EGF,CXCR1,ULBP2,IL2RB,TIMP1,IL21R,CD28,SLAMF129,MAP2K4,FN1,LTB4R2,CDKN1A,C1QA,CLEC16A,FLT1,IL12RB1,LBP,PTEN,KDR,ITGAE,ISG20,RELC,,MMP1,SMAD2,LTA,SLC12A39,VWF,CLEC16A,CEACAM5,MATK,MAP3K63,IL37,HLA-DPA1,IGHM,TBX21,CD11B,CD14,STAT2,FOXO4,C8A,CYBA,SIGLEC32,FLT1,ISG15,MMP12,FZD6,,ITGB5,,,TLR9,FASLG,ESR2,LTF,ITGAM,CD8A,MYD88,PARP16,LTF,GPX2,CCR6,APOE,PTGS2,MAP3K1,CXCL10,NOS3,CCL3,ISG15,MYL9,SLAMF25,ABCC8,EREG,CD19,ABCC8,SIGLEC4,IL33,,LRP1,DNAJB4,,SLC25A37,4-1BB,ITGA5,CDH11,CCL17,ELANE,,HSPB68
ISG15,P2RX1,CCR7,SOD2,TXNRD2,ADAMTSL23,ADAMTS5,PECAM2,CREB1,SLC25A81,MMP10,TGFA,CXCR2,ULBP3,IL2RG,TIMP2,IL22R,CD80,SLAMF130,MAP2K7,COL1A1,TNFRSF11B,CDKN2A,C1QB,CLEC18A,FLT4,IL12RB2,S100A8,MTOR,ENG,ITGAM,BST2,IKBKG,,MMP2,SMAD3,LTBR,SLC12A40,PLAU,CLEC18A,PVR,CEACAM7,MAP3K64,IL38,HLA-DPB1,IGHE,EOMES,CD11C,IFNAR1,STAT3,GSK3B,C8B,CYBB,SIGLEC33,FLT4,MX1,MMP14,FZD7,,ITGB6,,,NOD1,TNFRSF1A,PGR,DEFA1,CD18,CD8B,TRIF,PARP10,S100A8,GPX3,CCR7,APOC1,TBXA2R,MAP3K2,CCL2,EDN1,CCL4,ISG20,CNN1,SLAMF26,CACNG3,TNFSF11,CD20,CACNG3,SIGLEC6,TSLP,,LDLR,DNAJC5B,,SLC25A38,CD137L,ITGA6,CDH12,CCL22,PRTN3,,HSPB69
RSAD2,P2RX7,CCR9,CAT,TXNRD3,ADAMTSL24,ADAMTS13,NOS1,ELANE,SLC25A82,MMP11,HBEGF,CXCR3,NLR,IL4,TIMP3,IL23R,CD86,SLAMF131,MAP3K1,COL1A2,IL1RAP,RB1,C1QC,CLEC1A,PDGFB,IL13RA1,S100A9,RPS6KB1,TGFBR1,ITGAV,DDX60,IKBKB,,MMP9,SMAD4,LTB4R1,SLC12A41,PLAT,CLEC18B,CD155,CD79B,MAP3K65,SIGLEC1,TCR,IGD,PRF1,CD68,IFNAR2,STAT4,MAPK1,C8G,CYBC1,SIGLEC34,PLGF,OAS1,MMP15,FZD8,,ITGB7,,,NOD2,TNFRSF1B,AR,DEFB1,ITGB2,CD19,TICAM1,NFKBIL87,S100A9,GPX4,CCR8,APOC2,TXNIP,MAP3K3,IL6,EDNRA,CCL5,STAT2,ELN,SLAMF27,TMEM132A,TNFRSF11A,CD22,TMEM132A,SIGLEC8,AREG,,PCSK9,DNAJA1,,SLC25A39,4-1BBL,ITGA7,CDH13,CCL11,MPO,,HSPB70
IRF1,TBXA2R,CCR10,GCLC,PRDX1,ADAMTSL25,ACE,NOS2,PRTN3,SLC25A83,MMP12,AREG,CXCR4,family,IL4R,TIMP4,IL27RA,CTLA4,SLAMF132,MAP3K7,COL3A1,IL1RN,E2F1,C1R,CLEC1B,PDGFRB,IL13RA2,MPO,EIF4EBP1,TGFBR2,ITGB1,DHX58,IKBKA,,MMP12,SMAD5,LTB4R2,SLC12A42,SERPINE1,CLEC18C,CD96,SCN4A,MAP3K66,SIGLEC5,BCR,TRA,GZMA,CD163,IFNGR1,STAT5A,MAPK3,C9,CYBA,SIGLEC35,EDN1,RNAS2,MMP16,FZD9,,ITGB8,,,RIGI,TNFRSF6,PTPRC,S100A8,MMP1,CD20,CD14,IL2,CRP,GSR,CCR9,APOC3,TXN,MAP3K4,IL1B,EDNRB,CX3CL1,IRF9,COL1A1,SLAMF28,AP2B1,RANK,CD38,AP2B1,SIGLEC10,EREG,,CRP,HSPB1,,SLC25A40,GITR,ITGA8,CDH14,CCL24,AZU1,,HSPB71
IRF2,PTGIR,CX3CR1,GCLM,PRDX2,ADAMTSL26,ACE2,THBD2,MPO,SLC25A84,MMP13,EPI,CXCR5,member,IL5,ELANE,IL31RA,PDCD1,SLAMF133,MAP4K1,COL4A1,IL6ST,CCND1,C1S,CLEC2B,TEK,IL15RA,LTF,GSK3B,BMP4,ITGB4,IFNAR1,CHUK,,MMP14,SMAD6,LTB4R,SLC12A43,F3,CLEC9A,CRT AM,ST7L,MAP3K67,SIGLEC7,IGH,TRB,GZMB,FCGR2A,IFNGR2,STAT5B,MAPK14,CFB,RAC1,SIGLEC36,EDNRA,DDX58,MMP17,FZD10,,S100A8,,,MDA5,TNFRSF10B,PTPN1,S100A9,MMP3,CD27,LY96,LGP2,SAA1,GSS,CCR10,APOA1,PRDX1,MAP3K5,TNF,VEGFA,IL1B,DDX60,COL1A2,SLAMF29,TAC1,RANKL,CD138,TAC1,SIGLEC11,BTC,,SAA1,CRYAB,,SLC25A41,GITRL,ITGA9,CDH15,CCL26,CTSG,,HSPB72
IRF8,PTGDR,CXCR3,GSR,PRDX3,ADAMTSL27,AGT,PLG2,AZU1,SLC25A85,MMP14,EPGN,CXCR6,X1,IL5R,PRTN3,IL33,PDL1,SLAMF134,NFKBIA,COL4A2,IL10R2,CCNE1,C3,CLEC2D,TIE1,IL15RB,DEFA1,MAPK10,BMPR1A,ITGB5,IFNAR2,MAP3K14,,TIMP1,SMAD7,C3,SLC12A44,F5,CLEC9A,NTB-A,PAX6,MAP3K68,SIGLEC9,IGK,TRG,GZMH,FCGR2B,JAK1,STAT6,MAPK8,CFD,RAC2,SIGLEC37,EDNRB,IFIH1,MMP19,FGF1,,S100A9,,,IFIH1,TNFSF10,PTPN6,S100P,MMP13,CD28,LY86,TBK1,PTX3,GCLM,CX3CL1,LPL,PRDX2,MAP3K6,IFNG,VEGFR1,IL6,DHX58,COL3A1,SLAMF30,ZNF263,OPG,BAFF,ZNF263,SIGLEC12,HB-EGF,,SAA2,BAG3,,SLC25A42,CD226,ITGA10,CDH16,XCL1,S100A8,,HSPB73
STAT2,PTGER1,CXCR5,GPX1,PRDX4,ADAMTSL28,AGTR1,PLAT2,S100A8,SLC25A86,MMP15,BTC,MPO,AIM2,IL13,MPO,ICOS,ICOS,SLAMF135,NFKBIB,LAMA1,IL18RAP,MYC,C5,CLEC2L,ANGPT1,IL17R,DEFA5,MAPK11,BMPR2,ITGB6,IFNGR1,MAP3K1,,TIMP2,SMAD9,C5,SLC12A45,FGB,CLEC3B,KIR2DL1,RPUSD1,MAP3K69,SIGLEC10,IGL,TRD,FAS,FCGR2C,JAK2,SOCS1,MAPK9,MBL2,RAC3,SIGLEC38,ACE,RIGI,MMP20,FGF2,,S100A12,,,DDX58,LTB,PTPN11,ORM1,ADAM17,ICOS,CD36,COL1A1,LBP,GCLC,CX3CR1,CETP,PRDX3,MAP3K8,IL10,VEGFR2,TNF,CMPK2,COL4A1,SLAMF31,CX3CL1,MIF,APRIL,SPATA20,SIGLEC14,EPGN,,PTX3,STUB1,,SLC25A43,DNAM-1,ITGA11,CDH17,XCL2,S100A9,,HSPB74
STAT4,PTGER2,CXCR6,GPX2,PRDX5,ADAMTSL29,AGTR2,SERPINE2,S100A9,SLC25A87,MMP16,EREG,ELANE,IFI16,IL13RA1,LTB4R1,PDCD1,ICOSL,SLAMF136,NFKBIE,LAMA2,IFNGR2,MAX,C5A,CLEC3A,ANGPT2,IL17RA,DEFA6,MAPK12,ACVR1,ITGB7,IFNGR2,MAP3K7,,TIMP3,ENG,C5AR1,SLC12A46,FGG,CLEC3A,KIR2DL3,RHBDF1,MAP3K70,SIGLEC11,MHC,CD3E,FASLG,FCGR3A,TYK2,SOCS3,MAPK10,FCN1,NCF1,SIGLEC39,ACE2,MAVS,MMP21,FGF3,,LTB4R,,,DDX60,LTA,PTPN22,ORM2,ADAMTS13,PDCD1,MSR1,RNaseL,CD11b,NQO1,XCL1,ABCA1,PRDX4,MAP3K9,CRP,TEK,IFNG,RSAD2,COL4A2,SLAMF32,SPATA20,HMGB1,TNFSF13B,CACNA1G,SIGLEC15,EPG,,LTF,UBE2L3,,SLC25A44,NKG2D,ITGAV,CDH18,PPBP,S100A12,,HSPB75
STAT5A,PTGER3,XCR1,GPX3,PRDX6,ADAMTSL30,REN,MMP10,LTB4R,SLC25A88,MMP17,NRG2,AZU1,cGAS,IL13RA2,LTB4R2,CTLA4,CD40,SLAMF137,NFKB1,LAMA3,CCR5,JUNB,C5AR1,CLEC3B,EFNB2,IL17RC,IFNAR1,MAPK13,ACVR2A,ITGB8,JAK1,MAP2K1,,TIMP4,ALK1,C5AR2,SLC12A47,FGA,CLEC2L,KIR3DL1,LUC7L,MAP3K71,SIGLEC12,TRA,CD3D,TNFRSF10A,FCGR3B,STAT2,SOCS5,JNK1,FCN2,NCF2,SIGLEC40,AGT,TRAF3,MMP23B,FGF4,,BLT1,,,LGP2,LTBR,PTPRJ,HP,HMOX1,CTLA4,MARCO,OASL,CD18,NQO2,XCR1,ABCG1,PRDX5,MAP3K10,SAA1,TIE1,IL10,HERC5,LAMA1,SLAMF33,CACNA1G,ALB,CXCR5,TNFRSF12A,SIGLEC16,NRG1,,MPO,UBE2N,,SLC25A45,NKG2A,ITGB1,CDH19,PF4,LTB4R1,,HSPB76
STAT5B,PTGER4,LTB4R1,GPX4,SOD1,ADAMTSL31,NOS1,MMP11,BLT2,SLC25A89,MMP19,NRG3,CTSG,STING1,TGFB1,LTB4,LAG3,CD40LG,SLAMF138,NFKB2,LAMA4,CXCR3,FOSB,C5AR2,CLEC4C,EPHB4,IL21R,IFNAR2,CDC42,INHBA,ITGB1BP,JAK2,MAP2K4,,MYD88,ACVRL1,C5A,SLC12A48,PROC,CLEC2L,KIR3DL2,CACNA2D2,MAP3K72,SIGLEC14,TRB,CD3G,TNFRSF10B,C1QA,IRF3,TNFRSF1A,JNK2,FCN3,NCF4,SIGLEC41,AGTR1,TRAF2,MMP24,FGF5,,BLT2,,,MAVS,CD4,PTPRK,C3,NRF2,LAG3,SR-A,IL18,CD11a,HMOX1,LTB4R1,LDLR,PRDX6,MAP3K11,PTX3,TIE2,IL12A,PARP9,LAMB1,SLAMF34,TNFRSF12A,CCL19,CCR7,DLX6,SIGLEC17,NRG2,,ELANE,UBE2I,,SLC25A46,NKp46,ITGB5,CDH20,GP1BA,LTB4R2,,HSPB77
SOCS1,TXN,LTB4R2,GPX5,SOD2,ADAMTSL32,NOS2,TIMP3,CYBA,SLC25A90,MMP20,NRG4,PRTN3,TMEM173,TGFB2,PTGS2,HAVCR2,CD69,SLAMF139,RELA,LAMA5,CXCR4,EGR1,C6,CLEC4D,APLN,IL22R,IFNGR1,RAC1,INHBB,ITGB1P,TYK2,MAP2K7,,TRAF6,BMPR1A,C5B,SLC12A49,PROS1,CLEC14A,NKG2D,BAIAP3,MAP3K73,SIGLEC15,TRG,CD8A,CCL19,C1QB,IRF9,TNFRSF1B,JNK3,MASP1,CYGB,SIGLEC42,AGTR2,RIPK1,MMP26,FGF6,,PTGER2,,,TRAF3,CD8A,PTPRM,C5,GCLC,HAVCR2,SRA1,TNNT2,CD29,HMOX2,LTB4R2,PCSK9,SOD1,MAP3K12,MMP9,PECAM1,IL12B,PARP12,LAMC1,SLAMF35,DLX6,CCL21,CXCR3,MAP3K9,SIGLEC18,NRG3,,PRTN3,UBC,,SLC25A47,NCR1,ITGB6,CDH22,GP9,BLT1,,HSPB78
SOCS3,TXNIP,BLT1,GPX6,SOD3,ADAMTSL33,NPPB,TIMP4,NCF1,SLC25A91,MMP21,EPHA2,S100A12,IFNA1,TGFB3,PTGS1,BTLA,CD25,SLAMF140,RELB,LAMB1,CSF2RB,NR4A1,C7,CLEC4M,APLNR,IL23R,IFNGR2,RHOA,GDF15,ITGB2,STAT2,MAPK1,,RIPK1,BMPR1B,C6,SLC12A50,THPO,CLEC16A,NKP46,TSR3,MAP3K74,SIGLEC16,TRD,CD8B,CCL21,C1QC,RIGI,TNFRSF6,ERK1,MASP2,HBA1,SIGLEC43,REN,RIPK3,MMP28,FGF7,,PTGER4,,,TRAF6,CD8B,PTPRT,C5aR1,NQO1,BTLA,CLEC4E,CD40,CD49d,APOE,ALOX5,HMGCR,SOD2,MAP3K13,MMP2,CDH5,IL18,PARP14,FN1,SLAMF36,MAP3K9,CCR7,CCR6,RALA,SIGLEC19,NRG4,,CTSG,SUMO1,,SLC25A48,NCR3,ITGB7,CDH23,GP5,BLT2,,HSPB79
SOCS5,PRDX1,BLT2,GPX7,CAT,ADAMTSL34,NPPA,AGT2,NCF2,SLC25A92,MMP23B,EPHA3,ENPP1,IFNA2,TGFBR1,PTGES,TNFSF14,CD38,SLAMF141,REL,LAMB2,LTB4R1,NR4A2,C8,CLEC5B,EDN1,IFNAR1,JAK1,ROCK1,MDK,ITGB3,IRF1,MAPK3,,RIPK2,BMPR2,C7,SLC12A51,PF4,CLEC16A,NCR3,PIGQ,MAP3K75,SIGLEC17P,IGHM,CD4,CCR7,C1R,MDA5,TNFRSF9,ERK2,CFI,HBA2,SIGLEC44,CRP,FADD,ADAM10,FGF8,,TBXA2R,,,TBK1,CD19,SHP1,C5AR1,SOD2,TNFSF14,CLEC5A,NCR1,CD49e,APOC3,PTGS2,MVK,CAT,MAP3K15,TIMP1,ESM1,IL23A,USP18,THBS1,SLAMF37,RALA,CXCR4,CX3CR1,BAIAP2L1,SIGLEC20,TGFA,,NGP,SUMO2,,SLC25A49,KLRK1,ITGB8,CDH24,ITGA2B,CYSLTR1,,HSPB80
SOCS6,PRDX2,CYSLTR1,GPX8,GCLC,ADAMTSL35,MYH6,ACE2,NCF4,SLC25A93,MMP24,EPHA4,LY96,IFNB1,TGFBR2,TBXA2R,TNFSF18,HLA-DRA,SLAMF142,IKBKG,LAMB3,TNFRSF10B,NFATC1,C9,CLEC6A,EDNRA,IFNAR2,JAK2,ROCK2,AREG,ITGB4,IRF2,MAPK8,,IKBKG,BMP4,C8A,SLC12A52,ITGA2B,CLEC18A,CD69,CRAMP1,MAP3K76,SIGLEC18P,IGHD,CD19,CCR4,C1S,NLR,TNFRSF10B,P38,CFH,HBB,SIGLEC45,SAA1,CASP8,ADAM12,FGF9,,TXAS1,,,IKBKE,CD20,SHP2,CFB,CASP1,TNFSF18,CLEC7A,IFIT1,CD41,LPL,PTGES,FDFT1,GPX1,MAP3K19,TIMP2,ANGPT1,TLR2,XAF1,THBS2,SLAMF38,BAIAP2L1,CX3CR1,XCR1,KDM7A,SIGLEC22,TGFB1,,LCN2,SUMO3,,SLC25A50,KLRB1,ITGB4,CDH26,ITGB3,CYSLTR2,,HSPB81
CEACAM1,PRDX3,CYSLTR2,GPX1P1,GCLM,ADAMTSL36,MYH7,EDN2,RAC2,SLC25A94,MMP25,EPHA5,LY86,IFNG,SMAD2,TBXA2,TNFSF4,HLA-DRB1,SLAMF143,IKBKB,LAMC1,IL1R1,NFATC2,,CLEC9B,EDNRB,IFNGR1,TYK2,PAK1,EREG,ITGB5,IRF8,MAPK9,,CHUK,BMP7,C8B,SLC12A53,ITGB3,CLEC18B,CD25,TEAD3,MAP3K77,SIGLEC19P,IGHG1,CD20,CCR6,C2,NLR family,TRAF2,NFKBIA,CD55,HBD,SIGLEC46,SAA2,CASP3,ADAM15,FGF10,,PGES,,,IRF3,CD3E,SOCS1,CFD,NLRP3,BTLA,CLEC2B,IFITM1,CD61,LIPA,PTGER2,SQLE,GPX2,MAP3K20,COL1A1,ANGPT2,TLR4,BST2,SPP1,SLAMF39,KDM7A,XCL1,IL4,ETV1,SIGLEC4,TGFB2,,MMP8,UBB,,SLC25A51,KIR2DL1,CD36,CDH27,VWF,ALOX5,,HSPB82
CEACAM6,PRDX4,CYSLTR3,NOS2,GSR,ADAMTSL37,MYL2,IL1F7,CYBB,SLC25A95,MMP26,EPHA6,CASP1,IFNL1,SMAD3,TXN,TNFSF5,HLA-DQA1,SLAMF144,IKBKG,LAMC2,IL1R2,NFATC3,,CLEC12B,NPPA,IFNGR2,IRF9,PAK2,HBEGF,ITGB6,IRF4,MAPK10,,IKBKB,BMP10,C8G,SLC12A54,GP1BA,CLEC18C,CD122,SELE,MAP3K78,SIGLEC20P,IGHG2,CD14,CCR9,C3,AIM2,TRAF3,NFKBIB,CD59,HBE1,SIGLEC47,APOA1,PYCARD,ADAM17,FGFR1,,PTGIS,,,IRF7,CD3D,SOCS3,CD55,PYCARD,TNFSF12,FCGR2A,NFKBIL23,TLR1,CETP,TBXA2R,LSS,GPX3,MAP3K21,COL1A2,THBS1,TLR9,LY6E,ITGA1,SLAMF40,ETV1,XCL2,IL5,AGK,SIGLEC6,TGFB3,,MMP7,UBC,,SLC25A52,KIR2DL3,CLEC4E,FBN1,SELP,PTGS1,,HSPB83
CEACAM8,PRDX5,ALOX5,NOS3,GPX1,ADAMTSL38,MYL4,IL1F9,DUOX2,SLC25A96,MMP27,EPHA7,NLRP3,IFNL2,SMAD4,TXNIP,TNFSF6,HLA-DQB1,SLAMF145,CHUK,LAMC3,IL6R,NFATC4,,CLEC14B,NPPB,JAK1,ISRE,PAK4,BTC,ITGB7,IRF5,MAPK14,,MAPK1,BMP15,C9,SLC12A55,GP6,CLEC9A,CD127,DNAJC11,MAP3K79,SIGLEC8,IGHG3,CD16,CCR10,C4A,IFI16,TRAF5,NFKBIE,C5AR1,HBG1,SIGLEC48,APOA2,AIM2,ADAM8,FGFR2,,PTGIR,,,NLRX1,CD3G,SOCS5,CD59,IL18,,FCGR2B,NLR,TLR6,ABCA1,TXNIP,DHCR7,GPX4,MAP3K22,COL3A1,THBS2,MYD88,IFITM1,ITGA2,SLAMF41,AGK,CD163,IL9,ALDH3B1,SIGLEC8,BMP2,,MMP1,UBE2D1,,SLC25A53,KIR3DL1,CLEC5A,ELN,SELB,PTGS2,,HSPB84
ENG,PRDX6,ALOX5AP,ARG1,GPX2,ADAMTSL39,MYL9,IL1F10,DUOX1,SLC25A97,MMP28,EPHA8,AIM2,IFNL3,SMAD7,TXNRD1,TNFSF10,HLA-DPA1,SLAMF146,IKBIP,MMP1,IL10RA,NFAT5,,CLEC16B,NPPC,JAK2,STAT2,MKK4,NRG1,ITGB8,IRF6,MAPKAPK2,,MAPK3,ID1,CFB,SLC12A56,TBXA2R,CLEC9A,IL2RA,FMO3,MAP3K80,SIGLEC6,IGHA1,CD56,CXCR4,C4B,CGAS,TRAF6,NFKBIZ,C3AR1,HBG2,SIGLEC49,APOA4,IFI16,ADAM9,FGFR3,,ALOX5,,,STING1,CD3Z,SOCS6,CD14,GSDMD,,FCGR3A,CD27,NOD2,ABCG1,FOXP3,SCARB1,GSR,MAP3KCA,COL4A1,MMP2,TRAF6,IFITM2,ITGA3,SLAMF42,ALDH3B1,CD68,IL13,TTC22,SIGLEC10,BMP4,,MMP12,UBE2D2,,SLC25A54,KIR3DL2,CLEC2B,ACTA2,SELPLG,TXA2R,,HSPB85
NOS2,SOD1,PTGDR,ARG2,GPX3,ADAMTSL40,MYBPC3,IL1F11,CAT,SLC25A98,ADAM10,EPHA10,PYCARD,MX1,FOXP3,TXNRD2,TNFSF11,HLA-DPB1,SLAMF147,TRAF1,MMP13,IL18R1,GATA4,,CLEC18B,GJA1,JAK3,TLR1,MKK7,NRG2,ITGB1BP,TLR1,MAPKAPK3,,MAPK14,ID2,CFD,SLC12A57,PTGS1,CLEC3B,IL2RB,MYLIP,MAP3K81,SIGLEC10,IGHA2,CD68,CXCR5,C5,STING,TRAF1,NFKBIZ,C5L2,GYPA,SIGLEC50,APOB,CGAS,ADAMTS1,FGFR4,,ALOX15,,,TMEM173,IGHM,SOCS7,LY96,LTA,,FCGR3B,CGAS,NLRP3,LDLR,RORC,NPC1L1,GCLM,MAP3KCB,COL4A2,MMP9,IRAK1,IFITM3,ITGA4,SLAMF43,TTC22,MSR1,IL21,PHTF2,SIGLEC11,BMP7,,MMP13,UBE2D3,,SLC25A55,HLA-DRA,CLEC1B,MYH11,CLEC1B,P2RX7,,HSPB86
NOS3,SOD2,PTGER1,ADA,GPX4,ADAMTSL41,TNNI3,IL1F5,SOD1,SLC25A99,ADAM12,EPHA1,NLRC4,MX2,RORC,TXNRD3,TNFSF12,TAP1,SLAMF148,TRAF2,MMP14,IFNGR1,GATA5,,CLEC1C,GJA4,TYK2,TLR3,MKK3,NRG3,ITGB1P,TLR3,MAPKAPK5,,MAPK8,ID3,CFH,SLC12A58,PTGS2,CLEC3A,IL2RG,E2F2,MAP3K82,SIGLEC1,IGHE,CD11B,CXCR6,C5A,TLR1,IKBKB,NFKBIK,C3AR2,GYPB,SIGLEC51,APOC1,STING,ADAMTS12,VEGFA,,LTB4,,,CGAS,IGHD,JAK1,LBP,LTB,,FCGR1A,NFKBIL66,AIM2,PCSK9,IL4,PCSK7,GCLC,MAP3KCC,COL5A1,MMP12,IRAK4,IFI44L,ITGA5,SLAMF44,PHTF2,CLEC4E,IL22,CCL26,SIGLEC12,GDF15,,MMP14,UBE2D4,,SLC25A56,HLA-DRB1,CLEC2D,MYL9,CLEC2B,NLRP3,,HSPB87
EDN1,CAT,PTGER2,ADA2,GPX5,ADAMTSL42,TNNT2,IL1F6,SOD2,SLC25A100,ADAM15,EPHB1,NLRP1,OAS1,GATA3,PRDX1,TNFSF13,TAP2,SLAMF149,TRAF3,MMP15,CCR2,GATA6,,CLEC2C,GJA5,SOCS1,TLR5,MKK6,NRG4,CD36,TLR7,MAPKAP1,,MAPK9,ID4,CFI,SLC12A59,ALB,CLEC2L,MICA,PSMB1,MAP3K83,,IGLC,CD11C,CX3CR1,C5AR1,TLR2,CHUK,IKBKG,C5R1,GYPC,SIGLEC52,APOC2,TBK1,ADAMTS13,VEGFB,,TXA2,,,IFI16,IGHG1,JAK2,MBL2,LTB4,,FCGR1B,NLRC4,IFIH1,MPO,IL5,FURIN,NQO1,MAP3KCD,COL5A2,MMP14,NFKB1,IFI44,ITGAV,SLAMF45,CCL26,CLEC5A,IL15,FARP2,SIGLEC14,VEGFA,,ADAM17,UCHL1,,SLC25A57,HLA-DQA1,CLEC1A,MYLK,,AIM2,,HSPB88
EDNRA,GSR,PTGER3,ITGB1,GPX6,ADAMTSL43,TNNC1,IL1F8,GPX1,SLC25A101,ADAM17,EPHB2,NLRP6,OAS2,TBX21,PRDX2,TNFSF13B,PSMB8,SLAMF150,TRAF4,ADAM17,CXCR1,TBX5,,CLEC2E,GJC1,SOCS3,TLR6,IKBKG,EGF,CD68,TLR8,MAPKAP2,,MAPK10,IDHL,MASP1,SLC12A60,CRP,CLEC2L,MICB,JARID2,MAP3K84,,IGKC,CD18,IL2RA,C5AR2,TLR3,IKBKG,IKBKB,C5R2,ALB,SIGLEC53,APOC3,IKBKG,ADAMTS16,VEGFC,,PGE2,,,DAI,IGHG2,JAK3,COLEC11,LTBR,,FCGR1C,NFKBIL68,MDA5,ELANE,IL13,SORT1,NQO2,MAP3KCE,LAMA1,TIMP1,NFKB2,IFIT1,ITGB1,SLAMF46,FARP2,CLEC7A,IL7,USH1C,SIGLEC15,VEGFB,,ADAM10,UCHL3,,SLC25A58,HLA-DQB1,CLEC4C,ROCK1,,CASP1,,HSPB89
EDNRB,GPX1,PTGER4,ITGA1,GPX7,ADAMTSL44,ACTC1,IL12AP1,GSR,SLC25A102,ADAM8,EPHB3,NLRP7,OAS3,AHR,PRDX3,TNFRSF4,PSMB9,SLAMF151,TRAF5,ADAM10,CXCR2,NKX25,,CLEC3C,GJC2,SOCS5,TLR7,IKBKB,IGF1,CD163,TLR9,MAPKAP3,,JUN,IDH2,MASP2,SLC12A61,SAA1,CLEC14A,ULBP1,CAMK1G,MAP3K85,,LTA,CD45,IL2RB,C6,TLR5,NFKBIA,CHUK,ITGAX,AFP,SIGLEC54,APOE,NLRX1,ADAMTS18,VEGFD,,PGI2,,,ZBP1,IGHG3,TYK2,COLEC12,LTB4R2,,ITGAM,CCL5,RIG-I,PRTN3,IL9,STAP1,HMOX1,MAP3KCF,LAMA2,TIMP2,RELA,IFIT2,ITGB3,SLAMF47,USH1C,LY96,IL15RA,GGCT,SIGLEC16,VEGFC,,ADAMTS13,USP5,,SLC25A59,HLA-DPA1,CLEC4D,ROCK2,,PYCARD,,HSPB90
AGTR1,GPX2,TBXA2R,ITGA2,GPX8,ADAMTSL45,ACTA1,IL12B2,GCLC,SLC25A103,ADAM9,EPHB4,NLRP9,RNase,NLRB,PRDX4,TNFRSF9,PSMB10,SLAMF152,TRAF6,ADAMTS13,CXCR5,HAND1,,CLEC4F,GJC3,SOCS6,TLR8,CHUK,IGF1R,MSR1,NOD1,MAPKAP4,,FOS,IDH3,FCN1,SLC12A62,SAA2,CLEC16A,ULBP2,CDK11A,MAP3K86,,LTB,CD45RA,IL4R,C7,TLR6,NFKBIB,I KBKA,ITGB2,GC,SIGLEC55,LPA,NOD1,ADAMTS19,KDR,,LTB4,,,DHX9,IGHG4,STAT4,MASP1,TXA2R,,ITGAX,CXCL8,MAVS,AZU1,IL2,PLTP,HMOX2,MAP3KCG,LAMA3,TIMP3,RELB,IFIT3,ITGB5,SLAMF48,GGCT,LY86,IL7R,DBF4,SIGLEC17,VEGFD,,ITGAM,USP10,,SLC25A60,HLA-DPB1,CLEC9A,CALM1,,IL1RN,,HSPB91
AGTR2,GPX3,TBXAS1,ITGA3,GPX1P1,ADAMTSL46,ACTA2,IL23B,GCLM,SLC25A104,ADAMTS1,EPHB6,NLRP12,L,NLRC4,PRDX5,TNFRSF14,STAT1,SLAMF153,TRAF7,ADAMTS5,XCL1,HAND2,,CLEC4G,GJC4,CD4,TLR9,IRAK1,IGF2,LOX1,NOD2,MAP4K1,,AKT1,IDH4,FCN2,SLC12A63,APOA1,CLEC16A,ULBP3,NADK,MAP3K87,,LTBR,CD45RO,IL7R,C8A,TLR8,NFKBID,RELA,ITGAM,HPX,SIGLEC56,F2,NOD2,ADAMTS2,FLT1,,CYBA,,,DHX36,IGHA1,STAT5A,MASP2,PTGDR,,ITGB1,STAT2,TBK1,LTB4R1,IL15,LIPG,MT1A,MAP3KCH,LAMA4,TIMP4,IKBKG,CXCL16,ITGA2B,SLAMF49,DBF4,CD14,IL4R,TBXA2R,SIGLEC18,PDGFA,,ITGB2,USP15,,SLC26A1,CD3E,CLEC10A,CALM2,,IL18BP,,HSPB92
ACE,GPX4,TXNIP,ITGA4,HMOX1,ADAMTSL47,LAMA4,IL17B,GSTA1,SLC25A105,ADAMTS10,EPHB1,NLRP14,PKR,NLRP3,PRDX6,TNFRSF17,STAT2,SLAMF154,TNFRSF1A,ADAMTS4,XCR1,MEF2A,,CLEC4N,GJC5,CD8A,NOD1,IRAK4,IGF2R,CLEC4E,RIPK2,MAP4K2,,AKT2,NOS3,FCN3,SLC12A64,APOA2,CLEC18A,NKG2A,TFAP2B,MAP3K88,,TNFSF1,CD25,IL13,C8B,CRP,NFKBIE,RELB,ITGA1,CP,SIGLEC57,F5,RIPK2,ADAMTS4,FLT4,,NCF1,,,DDX41,IGHA2,STAT5B,C1QA,PTGER2,,ITGB2,PARP4,IKBKB,LTB4R2,IL7,ANGPTL3,MT1B,MAP3KCI,LAMA5,ACTA2,CHUK,CX3CL1,ITGB3,SLAMF50,TBXA2R,CD36,IL13R,IFRD1,SIGLEC19,PDGFB,,CD11B,USP19,,SLC26A2,CD3D,CLEC11A,CALM3,,TNFRSF1A,,HSPB93
ACE2,GPX5,TXN,ITGA5,HMOX2,ADAMTSL48,COL4A1,IL17C,GSTM1,SLC25A106,ADAMTS12,EFNA1,NOD1,ISG15,NLRP6,SOD1,TNFRSF18,STAT3,SLAMF155,TNFRSF1B,ADAMTS1,CSF2RA,MEF2B,,CLEC5C,,CD8B,NOD2,RIPK1,,CLEC5A,AIM2,MAP4K3,,AKT3,NOS1,MBL2,SLC12A65,APOB,CLEC18B,KLRD1,TFAP2D,MAP3K89,,TNFSF2,CD122,IL15,C8G,SAA1,NFKBZ,REL,ITGA2,TRFE,SIGLEC58,F7,CARD9,ADAMTS5,PDGFA,,NCF2,,,IFI16,IGHE,STAT6,C1QB,PTGIR,,CD11a,SERPINE1,CGAS,ALOX5,IL15RA,ANGPTL4,MT1E,MAP3KCJ,LAMB1,MYH11,IKBKB,CCL17,,SLAMF51,IFRD1,CD11B,IL9R,LGALS14,SIGLEC20,PDGFC,,CD18,USP21,,SLC26A3,CD3G,CLEC14A,CAMK2A,,TNFRSF1B,,HSPB94
ADAM17,GPX6,PRDX1,ITGA6,NQO1,ADAMTSL49,COL4A2,CCL7,GSTP1,SLC25A107,ADAMTS13,EFNA2,NOD2,ISG20,NLRP12,SOD2,TNFRSF21,STAT4,SLAMF156,TNFRSF2,ADAMTS8,CSF3R,MEF2C,,CLEC7B,,CD14,RIPK2,RIPK2,,CLEC7A,NLRP3,MAP4K4,,PIK3CA,NOS2,LY96,SLC12A66,APOC3,CLEC18C,KIR2DS4,DLEC1,MAP3K90,,TNFSF3,CD132,IL15RA,C9,PTX3,RELB,NFKB1,ITGA3,FTH1,SIGLEC59,F10,IL15,ADAMTS9,PDGFB,,NCF4,,,MNDA,IGKC,IRF1,C1QC,TBXAS1,,CD11b,ITGB2,STING1,ALOX15,IL2RA,ANGPTL8,MT1F,MAP3KCK,LAMB2,MYL9,MAPK1,CCL22,,SLAMF52,LGALS14,CD11C,IL5RA,COX10,SIGLEC22,PDGFD,,CD14,USP25,,SLC26A4,CD4,CLEC16A,CAMK2B,,IL6R,,HSPB95
MMP1,GPX7,PRDX2,ITGA7,NQO2,ADAMTSL50,FN1,CCL8,GSTO1,SLC25A108,ADAMTS14,EFNA3,RIPK2,STAT1,NOD1,SOD3,TNFRSF25,STAT5A,SLAMF157,TNFRSF4,ADAMTS15,LTA4H,MEF2D,,CLEC9C,,CD16,CASP8,RIPK3,,CLEC9A,NLRC4,MAP4K5,,PIK3CB,SOD1,CD14,SLC12A67,APOE,,KIR3DS1,CYTH3,MAP3K91,,TNFSF4,FOXP3,IL21,CFB,,TNFAIP3,NFKB2,ITGA4,FTL,SIGLEC60,F13A1,IL21,ADAMTSL1,PDGFC,,RAC2,,,HIN200,IGLC,IRF2,C1R,C4BPA,,CD11c,CD274,OAS1,CYBA,IL2RB,MTTP,MT1G,MAP3KCL,LAMB3,CNN1,MAPK3,CCR4,,SLAMF53,COX10,LBP,IL21R,GTF2IRD1,SIGLEC4,IGF1,,CD36,USP28,,SLC26A5,CD8A,CLEC16B,CAMK2D,,IL6ST,,HSPB96
MMP3,GPX8,PRDX3,ITGA8,ADH1A,ADAMTSL51,ITGA1,CCL11,GSTO2,SLC25A109,ADAMTS15,EFNA4,CARD9,STAT2,NOD2,CAT,TNFRSF26,STAT5B,SLAMF158,TNFRSF5,ADAMTS2,LTB4R2,SRF,,CLEC12R,,CD19,CASP10,MLKL,,CLEC10A,PYCARD,MAP4K18,,PIK3CD,SOD2,HMOX1,SLC12A68,LBP,,FCGR1A,ADAM22,MAP3K92,,TNFSF5,RORC,IL21R,CFD,,TNFAIP2,TNFAIP3,ITGA5,TFRC,SIGLEC61,F13B,IL23A,ADAMTSL5,PDGFD,,CYBB,,,ALR,IGLC2,IRF4,C1S,VTN,,CD18,LILRB1,RNASEL,NCF1,IL2RG,FABP2,MT1H,MAP3KCM,LAMC1,,MAPK14,CCR7,,SLAMF54,GTF2IRD1,TLR1,IL22R,PAF1,SIGLEC6,IGF1R,,CD68,USP34,,SLC26A6,CD8B,CLEC17A,CAMK2G,,IL10RA,,HSPB97
MMP7,GPX1P2,PRDX4,ITGA9,ADH1B,ADAMTSL52,ITGA5,CCL13,TXN,SLC25A110,ADAMTS16,EFNA5,CARD11,IRF9,AIM2,GCLC,CD27,STAT6,SLAMF159,TNFRSF6,ADAMTS9,TNFRSF11B,MYH6,,CLEC14C,,CD20,FADD,CASP8,,CLEC11A,CASP1,AKT1,,PIK3R1,SOD3,ARG1,SLC12A69,CD14,,FCGR2A,SYPL1,MAP3K93,,TNFSF6,GATA3,IL4,MBL2,,TNFAIP8,TNFAIP2,ITGA6,SLC11A2,SIGLEC62,SERPINC1,IL12A,,PDGFRA,,MPO,,,POLE2,IGLC3,IRF5,C2,FHR1,,CD44,NFKBIL30,MX1,NCF2,IL4R,FABP1,MT1X,MAP3KCN,LAMC2,,MAPK8,CCR9,,SLAMF55,PAF1,TLR3,IL2RG,VPS41,SIGLEC8,IGF2,,CD163,USP36,,SLC26A7,CD19,CLEC18A,CAMK4,,IL10RB,,HSPB98
MMP8,GPX1P1,PRDX5,ITGA10,ADH1C,ADAMTSL53,ITGB1,CXCL9,TXN2,SLC25A111,ADAMTS17,EFNB1,CARD14,IRF3,CASP1,GCLM,CD30,IRF1,SLAMF160,TNFRSF7,ADAMTSL1,IL1RAP,MYH7,,CLEC16C,,CD25,TRADD,CASP10,,CLEC12A,CASP8,AKT2,,PIK3R2,CAT,ARG2,SLC12A70,TLR2,,FCGR2B,CYB561,MAP3K94,,TNFSF7,TBX21,IL5,FCN1,,TNFAIP1,TNFAIP6,ITGA7,F5,SIGLEC63,SERPINA1,IL12B,,PDGFRB,,ELANE,,,POLD3,IGLC4,IRF6,C4,CFHR1,,CD62L,ADAR,IFITM1,NCF4,IL13RA1,SLC27A1,MT2A,MAP3KCO,LAMC3,,MAPK9,CCR10,,SLAMF56,VPS41,TLR5,JAK1,ARHGAP44,SIGLEC10,IGF2R,,CD80,USP37,,SLC26A8,CD79A,CLEC18B,,,IL12RB1,,HSPB99
MMP12,GPX1P4,PRDX6,ITGA11,ADH4,ADAMTSL54,ITGB5,CXCL12,TXNRD1,SLC25A112,ADAMTS18,EFNB2,IRAK1,IRF7,PYCARD,GSR,CD40LG,IRF2,SLAMF161,TNFRSF8,ADAMTSL5,IL1RN,MYL2,,CLEC18C,,CD32,IKBKG,FADD,,CLEC14A,CASP10,AKT3,,PIK3R3,GPX1,IL1R1,SLC12A71,TLR4,,FCGR3A,SPAG9,MAP3K95,,TNFSF8,EOMES,IL9,FCN2,,TNFAIP6,TNFAIP8,ITGA8,F7,SIGLEC64,SERPINA3,IL23R,,TGFB1,,PRTN3,,,RNASEL,IGLC5,IRF8,,CFHR5,,CD62P,ITGAM,ISG15,RAC2,IL13RA2,ACSL1,,MAP3KCP,FN1,,MAPK10,CX3CR1,,SLAMF57,ARHGAP44,TLR6,JAK2,ELAC2,SIGLEC11,EGF,,CD86,USP38,,SLC26A9,CD79B,CLEC19A,,,IL12RB2,,HSPB100
MMP13,GPX1P3,SOD1,ITGAD,ADH5,ADAMTSL55,ICAM2,CXCL13,TXNRD2,SLC25A113,ADAMTS19,EFNB3,IRAK4,MDA5,IL18,GPX1,CD28,IRF3,SLAMF162,TNFRSF9,TIMP3,IL6ST,MYL4,,CLEC1D,,CD64,CHUK,TRADD,,CLEC16A,CYBB,PIK3CA,,PTEN,GPX2,IL1R2,SLC12A72,TLR9,,C1QA,CELSR3,MAP3K96,,TNFSF9,TBET,IL13,FCN3,,TNFAIP9,TNFAIP1,ITGA9,F10,SIGLEC65,SERPINF2,IL12RB1,,TGFB2,,MMP8,,,EIF2AK2,IGLC6,IRF9,,CD55,,CD62E,KIR2DS4,ACE2,RAC1,IL5RA,ACSL4,,MAP3KCQ,VIM,,JUN,XCR1,,SLAMF58,ELAC2,TLR7,JAK3,SCIN,SIGLEC12,EGFR,,CD4,USP39,,SLC26A10,IGHM,CLEC19B,,,IL23R,,
MMP14,GPX6P1,SOD2,ITGAE,ADH6,ADAMTSL56,VCAM2,CXCR5,PRDX1,SLC25A114,ADAMTS2,EFNB4,IRAKM,RIG-I,IL18R1,GPX2,CD154,IRF7,SLAMF163,TNFRSF10A,TIMP4,IL10R2,TNNI3,,CLEC2F,,CD86,IKBKB,RIPK1,,CLEC17A,NCF1,PIK3CB,,MTOR,GPX3,IL1RAP,SLC12A73,MYD88,,C1QB,AASS,MAP3K97,,TNFSF10,GZMA,TGFB1,MASP1,,TNFAIP5,TNFAIP9,ITGA10,F11,SIGLEC66,PLAU,IL12RB2,,TGFB3,,MMP9,,,PRKRA,IGLC7,TBK1,,CD59,,CX3CR1,NFKBIE,TMPRSS2,CYBB,IL9R,DGAT1,,MAP3KCR,ACTA2,,FOS,XCR2,,SLAMF59,SCIN,TLR8,TYK2,MYH13,SIGLEC14,FGFR1,,CD8A,USP40,,SLC26A11,IGHD,CLEC20A,,,CSF2,,
MMP15,GPX6P2,CAT,ITGAL,ADH7,ADAMTSL57,MCAM,CX3CL2,PRDX2,SLC25A115,ADAMTS20,EFNB1,IRAK2,TLR3,IL18RAP,GPX3,CD274,IRF9,SLAMF164,TNFRSF10B,CTGF,IL18RAP,TNNT2,,CLEC3D,,CD163,IKBA,RIPK3,,CLEC18A,NCF2,PIK3CD,,,GPX4,IL1RAPL1,SLC12A74,TRAF6,,C1QC,PLEKHG6,MAP3K98,,TNFSF11,GZMB,TGFB2,MASP2,,TNFAIP4,TNFAIP5,ITGA11,F12,SIGLEC67,PLAT,IL15RA,,TGFBR1,,MMP25,,,OASL,IGLC1,IKBKG,,DAF,,CCR5,NFKBIL2,NRP1,CYBC1,IL7R,DGAT2,,MAP3KCS,MYH11,,ATF2,XCR3,,SLAMF60,MYH13,NOD1,SOCS1,ADIPOR2,SIGLEC15,FGFR2,,CD3E,USP41,,SLC26A12,IGHG1,CLEC20B,,,CSF3,,
MMP16,GPX6P3,GPX1,ITGAM,ADH1BP,ADAMTSL58,CD31,CSF1,PRDX3,SLC25A116,ADAMTS3,FYN,IRAK3,TLR7,MBL2,GPX4,PDCD1LG1,MX1,SLAMF165,TNFRSF11A,TGFB1,IFNGR2,TNNC1,,CLEC4H,,CD209,IKBB,MLKL,,CLEC19A,NCF4,PIK3CG,,,GPX5,IL1RL1,SLC12A75,IRAK1,,C1R,SS18L2,MAP3K99,,TNFSF12,PRF1,TGFB3,,,TNFAIP7,TNFAIP4,ITGAD,F13A1,SIGLEC68,PLG,IL21R,,TGFBR2,,ADAM17,,,CMPK2,IGLJ3,CHUK,,MCP,,CCR7,STAT1,BSG,CYBA,CD3E,MGAT1,,MAP3KCT,MYL9,,CREB1,XCR4,,SLAMF61,ADIPOR2,NOD2,SOCS3,CDKL3,SIGLEC16,FGFR3,,CD19,USP42,,SLC27A1,IGHG2,CLEC21A,,,GMCSF,,
MMP17,GPX5P1,GPX2,ITGAV,ALDH1A1,ADAMTSL59,CD34,CSF1R,PRDX4,SLC25A117,ADAMTS4,LCK,IKBKB,TLR8,FCN1,GPX5,PDCD1LG2,MX2,SLAMF166,TNFRSF11B,TGFB2,CCR5,ACTC1,,CLEC4P,,FCGR2A,RELA,CASP8,,CLEC20A,RAC2,PIK3R1,,,GPX6,IL1RL2,SLC12A76,IRAK4,,C1S,MPND,MAP3K100,,TNFSF13,FAS,SMAD2,,,TNFAIP14,TNFAIP7,ITGAE,F13B,SIGLEC69,HRG,IL22,,TGFBR3,,ADAMTS13,,,HERC5,IGLJ2,IKBKB,,HRF,,CXCR4,ANGPT2,FURIN,,CD3D,MGAT2,,MAP3KCU,TNNT2,,STAT1,XCR5,,SLAMF62,,RIPK2,SOCS5,UPP2   ,SIGLEC17,FGFR4,,CD20,USP44,,SLC27A2,IGHG3,CLEC21B,,,CCL3,,
MMP19,GPX5P2,GPX3,ITGAX,,ADAMTSL60,CDH5,,PRDX5,SLC25A118,ADAMTS5,ZAP70,,DDX58,FCN2,GPX6,,OAS1,SLAMF167,TNFRSF12A,TGFB3,CXCR3,ACTA1,,CLEC5D,,FCGR2B,RELB,CASP10,,CLEC1B,,PIK3R2,,,GPX7,IL1RN,SLC12A77,NFKB1,,C2,,MAP3K101,,TNFSF14,FASLG,SMAD3,,,TNFAIP12,TNFAIP14,ITGAL,SERPINC1,SIGLEC70,ITIH4,IL17A,,BMP2,,ITGAM,,,PARP9,IGLJ1,MAP3K7,,,,CXCR3,,CTSS,,CD3G,MGAT3,,MAP3KCV,TNNI3,,STAT2,XCR6,,SLAMF63,,IKBKG,SOCS6,,SIGLEC18,KIT,,CD56,USP45,,SLC27A3,IGHG4,CLEC3A,,,CCL4,,
MMP20,GPX5P3,GPX4,ITGB3,,ADAMTSL61,CXADR,,PRDX6,SLC25A119,ADAMTS6,SYK,,IFIH1,FCN3,GPX7,,OAS2,SLAMF168,TNFRSF12B,ENG,CXCR4,ACTA2,,CLEC8A,,FCGR3A,REL,FADD,,CLEC1C,,PIK3R3,,,GPX8,IL2RA,SLC12A78,NFKB2,,C3,,MAP3K102,,TNFSF15,TNFRSF1A,SMAD4,,,TNFAIP18,TRAF1,ITGAM,,SIGLEC71,HP,IL17F,,BMP4,,ITGAX,,,PARP12,IGKV1-5,MAP3K11,,,,CCR2,,CTSL,,CD28,LIPA,,MAP3KCW,TNC,,STAT3,XCR7,,SLAMF64,,CHUK,PTPN11,,SIGLEC19,KDR,,CD16,USP46,,SLC27A4,IGHA1,CLEC3B,,,CCL11,,
MMP21,GPX5P4,GSR,ITGB4,,ADAMTSL62,JAM2,,MSR1,SLC25A120,ADAMTS7,SRC,,MAVS,MASP1,GPX8,,OAS3,SLAMF169,TNFRSF13B,FLT1,CSF2RB,LMNA,,CLEC11B,,FCGR3B,NFKBIA,TRADD,,CLEC2A,,PIK3R4,,,CATALASE,IL2RB,SLC12A79,RELA,,C4,,MAP3K103,,TNFSF18,TNFRSF1B,SMAD6,,,TNFAIP20,TRAF2,ITGAV,,SIGLEC72,CD14,IL17RA,,BMP7,,ITGB2,,,PARP14,IGKV1-9,MAP3K1,,,,CCR1,,CTSB,,CTLA4,LIPB,,MAP3KCX,CDH2,,STAT4,XCR8,,SLAMF65,,IKBKB,SHP1,,SIGLEC20,FLT1,,FOXP3,USP47,,SLC27A5,IGHA2,CLEC7A,,,CCL17,,
MMP23B,GPX5P5,GSS,ITGB5,,ADAMTSL63,JAM3,,MSRB1,SLC25A121,ADAMTS8,HCK,,TRAF3,MASP2,GSS,,ISG15,SLAMF170,TNFRSF13C,KDR,LTB4R1,DES,,CLEC13A,,C1QA,NFKBIB,,,CLEC2B,,PIK3R5,,,,IL2RG,SLC12A80,RELB,,C5,,MAP3K104,,TNFSF13B,TNFRSF6,SMAD7,,,TNFAIP21,TRAF3,ITGB1,,SIGLEC73,CD163,IL17RC,,BMPR1A,,SELL,,,PARP15,IGKV1-12,MAP3K5,,,,CXCR2,,ACE,,PDCD1,LIPC,,MAP3KCY,CDH11,,STAT5A,XCR9,,SLAMF66,,MAPK1,SHP2,,SIGLEC22,FLT4,,RORC,USP48,,SLC27A6,IGHE,CLEC6A,,,CCL22,,
MMP24,GPX5P6,GCLM,ITGB6,,ADAMTSL64,OCLN,,MSRB2,SLC25A122,ADAMTS9,LYN,,,C1QA,GGT1,,RSAD2,SLAMF171,TNFRSF14,FLT4,TNFRSF10B,TTN,,CLEC15A,,C1QB,NFKBIE,,,CLEC2D,,PIK3R6,,,,IL2R,SLC12A81,STAT1,,C6,,MAP3K105,,TNFRSF1,TNFRSF10B,SMAD9,,,TNFAIP22,TRAF4,ITGB3,,SIGLEC74,CD68,RORC,,BMPR1B,,SELPLG,,,USP18,IGKV1-16,MAP3K6,,,,CCR6,,AGT,,PDL1,PLA2G2A,,MAP3KCZ,NCAM1,,STAT5B,XCR10,,SLAMF67,,MAPK3,C3,,,NRP1,,GATA3,USP49,,SLC28A1,IGLC,CLEC8A,,,CCL26,,
MMP25,GPX5P7,GCLC,ITGB7,,ADAMTSL65,CLDN5,,MSRB3,SLC25A123,,YES1,,,C1QB,GGT2,,DDX58,SLAMF172,TNFRSF16,NRP1,IL1R1,DMD,,CLEC17A,,C1QC,NFKBIL1,,,CLEC2L,,PTEN,,,,IL3,SLC12A82,STAT3,,C7,,MAP3K106,,TNFRSF2,TNFSF6,MAPK1,,,TNFAIP24,TRAF5,ITGB4,,SIGLEC75,MSR1,RORB,,BMPR2,,PSGL1,,,USP21,IGKV1-17,MAP3K10,,,,CXCR5,,AGTR1,,ICOS,PLA2G4A,,,NCAM2,,STAT6,XCR11,,SLAMF68,,MAPK14,C5,,,NRP2,,TBX21,USP50,,SLC28A2,IGKC,CLEC12A,,,CCL19,,
MMP26,GPX5P8,NQO1,ITGB8,,ADAMTSL66,ESAM,,MSRAP,SLC25A124,,BLK,,,C1QC,GGT5,,IFIH1,SLAMF173,TNFRSF17,NRP2,IL1R2,DTYMK,,CLEC19A,,C1R,CRP,,,CLEC3A,,PDPK1,,,,IL4,SLC12A83,STAT4,,C8,,MAP3K107,,TNFRSF3,TNFSF10,MAPK3,,,TNFAIP26,TRAF6,ITGB5,,SIGLEC76,FCGR2A,IL9,,ENG,,JAM2,,,USP54,IGKV1-27,MAP3K12,,,,CCR9,,AGTR2,,CD4,PLA2G4C,,,NCAM3,,IRF3,XCR12,,SLAMF69,,MAPK8,C5AR1,,,MET,,EOMES,USP51,,SLC28A3,IGLC,CLEC12B,,,CCL21,,
MMP27,GPX5P9,NQO2,ITGB1BP1,,ADAMTSL67,PF4,,SELENOP,SLC25A125,,LCP2,,,C1R,GGT6,,RIGI,SLAMF174,TNFRSF18,ANGPT1,IL6R,POLA1,,CLEC1E,,C1S,SAA1,,,CLEC3B,,MTOR,,,,IL4R,SLC12A84,STAT6,,C9,,MAP3K108,,TNFRSF4,CCL3,MAPK14,,,TNFAIP28,TRAF7,ITGB6,,SIGLEC77,FCGR2B,IL9R,,ACVRL1,,ESAM,,,ISG12,IGKV1-33,MAP3K13,,,,CXCR6,,ADD1,,CD8A,PLA2G6,,,NRXN1,,IRF7,XCR13,,SLAMF70,,MAPK9,C3AR1,,,HGF,,ZAP70,USP52,,SLC29A1,JCHAIN,CLEC18C,,,CCR4,,
MMP28,GPX5P10,HMOX1,ITGB1P1,,ADAMTSL68,PPBP,,SELENOT,SLC25A126,,ITK,,,C1S,GGT7,,MAVS,SLAMF175,TNFRSF19,ANGPT2,IL10RA,POLG,,CLEC2M,,C2,SAA2,,,CLEC4C,,RHEB,,,,IL5,SLC12A85,IRF3,,CFB,,MAP3K109,,TNFRSF5,CCL4,MAPK8,,,TNFAIP32,TNFRSF1A,ITGB7,,SIGLEC78,FCGR3A,IL13,,ALK1,,CDH5,,,IFIT1,IGKV1D-39,MAP3K14,,,,CCR10,,SCARB2,,CD8B,PLA2G10,,,NRXN2,,IRF9,XCR14,,SLAMF71,,MAPK10,C1QA,,,ROS1,,LCK,USP53,,SLC29A2,CD56,CLEC5B,,,CCR6,,
TIMP3,GPX5P11,HMOX2,,,ADAMTSL69,THPO,,SELENOW,SLC25A127,,BTK,,,C2,PPARG,,TRAF3,SLAMF176,TNFRSF21,TEK,IL18R1,POLH,,CLEC3FE,,C3,PTX3,,,CLEC4D,,TSC1,,,,IL5RA,SLC12A86,IRF7,,CFD,,MAP3K110,,TNFRSF6,XCL1,MAPK9,,,TNFAIP33,TNFRSF1B,ITGB8,,SIGLEC79,FCGR3B,IL13RA1,,,,VE-cadherin,,,IFIT2,IGKV2-24,MAP4K1,,,,CX3CL1,,HSPG2,,CD19,PLA2G12B,,,NRXN3,,CRP,XCR15,,SLAMF72,,JUN,C1QB,,,ALK,,CD3Z,USP54,,SLC29A3,NCAM1,CLEC16C,,,CCR7,,
TIMP4,GPX5P12,NOS1,,,ADAMTSL70,GP1BA,,SELENOM,SLC25A128,,TEC,,,C3,PPARA,,TRAF6,SLAMF177,TNFRSF22,TIE1,IFNGR1,FEN1,,CLEC4H1,,C4A,APCS,,,CLEC4M,,TSC2,,,,IL9,SLC12A87,IRF9,,MBL2,,MAP3K111,,TNFRSF7,XCL2,MAPK10,,,TNFAIP36,TNFRSF2,,,SIGLEC80,C1QA,IL13RA2,,,,CLDN5,,,IFIT3,IGKV2-28,MAP4K2,,,,CCL3,,SDC1,,CD20,PLA2G16,,,CNTN1,,SAA1,XCR16,,SLAMF73,,FOS,C1QC,,,RET,,CD247,USP57,,SLC30A1,CD16,CLEC17B,,,CCR8,,
CTGF,GPX5P13,NOS2,,,ADAMTSL71,GP1BB,,SELENON,SLC25A129,,JAK1,,,C4A,PPARD,,TBK1,SLAMF178,TNFRSF23,VEGFC,CCR2,LIG1,,CLEC4P1,,C4B,LTA,,,CLEC5B,,FOXO1,,,,IL9R,SLC12A88,IFIH1,,MASP1,,MAP3K112,,TNFRSF8,CXCR3,EGFR,,,TNFAIP8L1,TNFRSF3,,,SIGLEC81,C1QB,CCR4,,,,OCLN,,,IFITM1,IGKV2-30,MAP4K3,,,,CCL4,,ANPEP,,CD22,PLA2G1B,,,CNTN2,,SAA2,XCR17,,SLAMF74,,ATF2,C1R,,,NTRK1,,IKZF1,USP60,,SLC30A2,FCGR3A,CLEC18D,,,CCR9,,
TGFB1,GPX5P14,NOS3,,,ADAMTSL72,GP9,,GPX2,SLC25A130,,JAK2,,,C4B,RXRA,,IKBKB,SLAMF179,TNFRSF25,VEGFD,CXCR1,LIG3,,CLEC5E,,C5,LTB,,,CLEC6A,,FOXO3,,,,IL12A,SLC12A89,DDX58,,MASP2,,MAP3K113,,TNFRSF9,CCR5,STAT4,,,TNFAIP8L2,TNFRSF4,,,SIGLEC82,C1QC,CCR3,,,,ZO1,,,IFITM2,IGKV4-1,MAP4K4,,,,CCL11,,DPP4,,IGHM,PLA2G1D,,,CNTN3,,PTX3,XCR18,,SLAMF75,,CREB1,C1S,,,NTRK2,,IKZF3,USP61,,SLC30A3,GZMA,CLEC20C,,,CCR10,,
TGFB2,GPX5P15,ARG1,,,ADAMTSL73,GP5,,GPX3,SLC25A131,,JAK3,,,C5,RXRB,,CHUK,SLAMF180,TNFRSF26,PDGFB,CXCR2,LIG4,,CLEC9C1,,C5AR1,LTBR,,,CLEC8A,,FOXO4,,,,IL12B,SLC12A90,RIGI,,FCN1,,MAP3K114,,TNFRSF10,CCR7,STAT5A,,,TNFAIP8L3,TNFRSF5,,,SIGLEC83,C1R,CCR8,,,,ZO2,,,IFITM3,IGKV5-2,MAP4K5,,,,CCL17,,ENPEP,,IGHD,,,,CNTN4,,MMP9,XCR19,,SLAMF76,,ELK1,CFB,,,NTRK3,,IRF4,USP62,,SLC30A4,GZMB,CLEC2D,,,CX3CR1,,
TGFB3,GPX5P16,ARG2,,,ADAMTSL74,GP6,,GPX4,SLC25A132,,TYK2,,,C5AR1,RXRG,,IKBKG,SLAMF181,TNFRSF27,PDGFC,CXCR5,XRCC1,,CLEC12P1,,C5AR2,CD28,,,CLEC9B,,IKBIP,,,,IL12RB1,SLC12A91,MAVS,,FCN2,,MAP3K115,,TNFRSF11,,STAT5B,,,TNFAIP8L4,TNFRSF6,,,SIGLEC84,C1S,CCR10,,,,JAM-A,,,LY6E,IGKV6-21,MAP4K12,,,,CCL22,,APLN,,IGHG,,,,CNTN5,,MMP2,XCR20,,SLAMF77,,EGR1,CFD,,,INSR,,BATF,USP63,,SLC30A5,PRF1,CLEC2L,,,CXCR3,,
TGFBR1,GPX5P17,ORM1,,,ADAMTSL75,CLEC1B,,GPX5,SLC25A133,,MAPK1,,,C5AR2,NR3C1,,NFKB1,SLAMF182,TNFRSF9,PDGFD,XCL1,XRCC4,,CLEC14D,,C6,CD3G,,,CLECL1,,NFKBIE1,,,,IL12RB2,SLC12A92,TICAM1,,FCN3,,MAP3K116,,TNFRSF12A,,STAT6,,,TNFAIP8L5,TNFRSF7,,,SIGLEC85,C2,CXCR3,,,,JAM-B,,,MX1,IGLV1-40,MAP4K13,,,,CCL26,,APLNR,,IGHA,,,,CNTN6,,MMP7,XCR21,,SLAMF78,,NR3C1,MBL2,,,INSRR,,STAT4,USP64,,SLC30A6,CX3CR1,CLECSF16,,,CXCR5,,
TGFBR2,GPX5P18,ORM2,,,ADAMTSL76,ITGA2,,GPX6,SLC25A134,,MAPK3,,,C6,NR3C2,,NFKB2,SLAMF183,TNFRSF10B,PDGFRA,XCR1,BRCA1,,CLEC16D,,C7,CD3D,,,CLECSF12,,NFKBIE2,,,,IL13,SLC12A93,TICAM2,,,,MAP3K117,,TNFRSF12B,,JAK1,,,TNFAIP8L6,TNFRSF8,,,SIGLEC86,C3,CXCR4,,,,JAM-C,,,MX2,IGLV1-44,MAP4K14,,,,CCL27,,EDN1,,IGKC,,,,NTNG1,,MMP12,XCR22,,SLAMF79,,NR3C2,MASP1,,,IRS1,,STAT5A,USP65,,SLC30A7,CCR5,CLECSF2,,,CXCR6,,
SMAD2,GPX5P19,HP,,,ADAMTSL77,ITGB1,,GPX7,SLC25A135,,MAPK14,,,C7,NR1I2,,RELA,SLAMF184,TNFSF1,PDGFRB,CSF2RA,BRCA2,,CLEC18D,,C8A,CD3E,,,CLECSF13,,NFKBIZ,,,,IL13RA1,SLC12A94,TRIF,,,,MAP3K118,,TNFRSF13B,,JAK2,,,TNFAIP8L7,TNFRSF9,,,SIGLEC87,C4A,CXCR6,,,,CD99,,,OAS1,IGLV1-47,MAP4K15,,,,CCL28,,EDNRA,,IGLC,,,,NTNG2,,TIMP1,XCR23,,SLAMF80,,PPARA,MASP2,,,IRS2,,STAT5B,USP66,,SLC30A8,CCR7,CLECSF5A,,,XCR1,,
SMAD3,GPX5P20,HAMP,,,ADAMTSL78,ITGAM,,GPX8,SLC25A136,,MAPK8,,,C8A,NR1I3,,RELB,SLAMF185,TNFSF4,EDN1,CSF3R,ATM,,CLEC1F,,C8B,CD4,,,CLECSF14,,REL,,,,IL13RA2,SLC12A95,CASP1,,,,MAP3K119,,TNFRSF13C,,JAK3,,,TNFAIP8L8,TNFRSF10A,,,SIGLEC88,C4B,CCL17,,,,PECAM1,,,OAS2,IGLV1-51,MAP4K16,,,,CXCL12,,EDNRB,,TRA,,,,NTN1,,TIMP2,XCR24,,SLAMF81,,PPARG,FCN1,,,IRS4,,GZMA,USP67,,SLC30A9,CCR9,CLECSF5B,,,CCR1,,
SMAD4,GPX5P21,TF,,,ADAMTSL79,ITGAX,,CATALASE,SLC25A137,,MAPK9,,,C8B,NR1H4,,REL,SLAMF186,TNFSF5,EDNRA,LTA4H,ATR,,CLEC2L1,,C8G,CD8A,,,CLECSF16,,RELN,,,,IL15,SLC12A96,NLRP3,,,,MAP3K120,,TNFRSF14,,TYK2,,,TNFAIP8L9,TNFRSF10B,,,SIGLEC89,C5,CCL22,,,,CD31,,,OAS3,IGLV2-11,MAP4K17,,,,CXCL13,,ADAM17,,TRB,,,,NTN3,,TIMP3,XCR25,,SLAMF82,,PPARD,FCN2,,,JAK1,,GZMB,USP68,,SLC30A10,CXCR3,CLECSF7,,,CCR2,,
SMAD6,GPX5P22,LTF,,,ADAMTSL80,ITGB2,,SOD3,SLC25A138,,MAPK10,,,C8G,NR1H2,,IRAK1,SLAMF187,TNFSF6,EDNRB,LTB4R2,CHEK1,,CLEC3P1,,C9,CD8B,,,CLECSF2,,RELA,,,,IL15RA,SLC12A97,AIM2,,,,MAP3K121,,TNFRSF16,,SYK,,,TNFAIP8L10,TNFRSF11A,,,SIGLEC90,C6,CCL1,,,,CD102,,,RSAD2,IGLV2-14,MAP4K18,,,,CXCL16,,ADAM10,,TRG,,,,DAG1,,TIMP4,XCR26,,SLAMF83,,RXRA,FCN3,,,JAK2,,PRF1,USP69,,SLC31A1,CXCR4,CLECSF8,,,CX3CL1,,
SMAD7,GPX5P23,MPO,,,ADAMTSL81,SELL,,GLRX,SLC25A139,,MAP2K1,,,C9,NR1H3,,IRAK4,SLAMF188,TNFSF7,ACE,TNFRSF11B,CHEK2,,CLEC4H2,,CFI,ITGAM,,,CLECSF5,,RELB,,,,IL17A,SLC12A98,PYCARD,,,,MAP3K122,,TNFRSF17,,ZAP70,,,TNFAIP8L11,TNFRSF11B,,,SIGLEC91,C7,CCL11,,,,CD146,,,VIG1,IGLV2-18,MAP4K19,,,,CXCL11,,ADAMTS13,,TRD,,,,ITGA7,,VEGF,XCR27,,SLAMF84,,RXRB,LBP,,,JAK3,,IFNG,USP7,,SLC31A2,CXCR5,CLECSF9,,,CXCL12,,
SMAD9,GPX5P24,ELANE,,,ADAMTSL82,SELPLG,,GLRX2,SLC25A140,,MAP2K2,,,CFB,NR1F1,,MYD88,SLAMF189,TNFSF8,ACE2,IL1RAP,RAD51,,CLEC4Q,,CFH,ITGAX,,,CLECSF6,,RELC,,,,IL17B,SLC12A99,IL1RN,,,,MAP3K123,,TNFRSF18,,LCK,,,TNFAIP8L12,TNFRSF12,,,SIGLEC92,C8A,CCL24,,,,MCAM,,,APOBEC3G,IGLV2-23,MEKK1,,,,CXCL9,,MME,,CD45,,,,ITGB1,,NOS2,XCR28,,SLAMF85,,RXRG,CD14,,,TYK2,,IL4,USP70,,SLC32A1,CXCR6,CLECSF10,,,CXCL13,,
COL1A1,GPX5P25,PRTN3,,,ADAMTSL83,PSGL1,,GLRX3,SLC25A141,,MAP2K3,,,CFD,NR1F2,,TICAM1,SLAMF190,TNFSF9,AGT,IL1RN,RAD50,,CLEC5L,,CFB,ITGB2,,,CLECSF7,,NFKB1,,,,IL17C,SLC12A100,IL1RAP,,,,MAP3K124,,TNFRSF19,,FYN,,,TNFAIP8L13,TNFRSF13B,,,SIGLEC93,C8B,CCL26,,,,CD105,,,APOBEC3A,IGLV3-1,MEKK2,,,,XCL1,,NEP,,PTPRC,,,,ITGB5,,PTGS2,XCR29,,SLAMF86,,,LY96,,,STAT1,,IL5,USP71,,SLC33A1,SELL,CLECSF12,,,,,
COL1A2,GPX5P26,CTSG,,,ADAMTSL84,MADCAM1,,GLRX5,SLC25A142,,MAP2K4,,,CFH,NR1F3,,TICAM2,SLAMF191,TNFSF10,AGTR1,IL6ST,MRE11A,,CLEC9L,,CFD,FCGR2A,,,CLECSF8,,NFKB2,,,,IL17D,SLC12A101,IL1R1,,,,MAP3K125,,TNFRSF21,,SRC,,,TNFAIP8L14,TNFRSF13C,,,SIGLEC94,C9,XCL1,,,,ENG,,,APOBEC3B,IGLV3-9,MEKK3,,,,XCL2,,REN,,CD38,,,,ITGB6,,TBXAS1,XCR30,,SLAMF87,,,TLR10,,,STAT2,,IL13,USP72,,SLC34A1,SELPLG,CLECSF13,,,,,
COL3A1,GPX5P27,AZU1,,,ADAMTSL85,ALCAM,,,SLC25A143,,MAP2K5,,,CFI,NR0B1,,TRIF,SLAMF192,TNFSF11,AGTR2,IL10R2,NBN,,CLEC12P2,,CR1,FCGR2B,,,CLECSF9,,,,,,IL17E,SLC12A102,IL6R,,,,MAP3K126,,TNFRSF22,,HCK,,,TNFAIP8L15,TNFRSF14,,,SIGLEC95,CFB,XCL2,,,,ALK1,,,APOBEC3C,IGLV3-10,MEKK4,,,,CCL1,,ATP6AP2,,CD69,,,,ITGB8,,ITGB2,XCR31,,SLAMF88,,,SIGLEC1,,,STAT3,,IL9,USP73,,SLC34A2,PSGL-1,CLECSF14,,,,,
COL4A1,GPX5P28,DEFA1,,,ADAMTSL86,CD44,,,SLC25A144,,MAP2K6,,,MCP1,NR0B2,,,SLAMF193,TNFSF12,NOS1,IL18RAP,PRKDC,,CLEC14E,,CR2,FCGR3A,,,CLECSF9B,,,,,,IL17F,SLC12A103,IL6ST,,,,MAP3K127,,TNFRSF23,,LYN,,,TNFAIP8L16,TNFRSF17,,,SIGLEC96,CFD,,,,,ACVRL1,,,APOBEC3D,IGLV3-12,MEKK5,,,,CCL20,,SLC5A8,,CD25,,,,SGCA,,ITGAM,XCR32,,SLAMF89,,,SIGLEC5,,,STAT4,,IL21,USP74,,SLC34A3,CD44,CLECSF15,,,,,
COL4A2,GPX5P29,DEFA1B,,,ADAMTSL87,CD99,,,SLC25A145,,MAP2K7,,,MCP2,ESR1,,,SLAMF194,TNFSF13,NOS2,IFNGR2,DNA2,,CLEC16E,,C3AR1,FCGR3B,,,CLEC1A,,,,,,IL17RA,SLC12A104,IFNGR1,,,,MAP3K128,,TNFRSF25,,,,,TNFAIP8L17,LTB,,,SIGLEC97,CFH,,,,,ENG,,,APOBEC3F,IGLV3-16,MEKK6,,,,CCL21,,SLC6A19,,CD62L,,,,SGCB,,ITGAX,XCR33,,SLAMF90,,,SIGLEC7,,,STAT5A,,IL22,USP75,,SLC35A1,CD62L,CLECSF17,,,,,
COL5A1,GPX5P30,DEFA3,,,ADAMTSL88,CD102,,,SLC25A146,,MAP2K1,,,MCP3,ESR2,,,SLAMF195,TNFSF13B,NOS3,CCR5,UNG,,CLEC19C,,C3AR2,C5,,,CLEC1B,,,,,,IL17RC,SLC12A105,IFNGR2,,,,MAP3K129,,TNFRSF26,,,,,TNFAIP8L18,LTA,,,SIGLEC98,CFI,,,,,FLT1,,,APOBEC3H,IGLV3-19,MEKK7,,,,CCL23,,SLC6A20,,SEL,,,,SGCD,,ITGB1,XCR34,,SLAMF91,,,SIGLEC9,,,STAT5B,,IL23A,USP76,,SLC35A2,CD62P,CLECSF18,,,,,
COL5A2,GPX5P31,DEFA4,,,ADAMTSL89,CD105,,,SLC25A147,,MAP3K1,,,,PGR,,,SLAMF196,TNFSF14,PTGIS,CXCR3,OGG1,,CLEC1G,,ITGA2B,C5A,,,CLEC1C,,,,,,IL17RD,SLC12A106,IL10R,,,,MAP3K130,,TNFRSF27,,,,,TNFAIP8L19,LTBR,,,SIGLEC99,MASP1,,,,,FLT4,,,SAMHD1,IGLV3-21,,,,,CCL24,,SLC6A18,,CD16,,,,SGCG,,ITGA2,XCR35,,SLAMF92,,,SIGLEC10,,,STAT6,,IL17F,USP77,,SLC35A3,CD69,CLECSF19,,,,,
COL6A1,GPX5P32,CAMP,,,ADAMTSL90,CD106,,,SLC25A148,,MAP3K2,,,,AR,,,SLAMF197,TNFSF15,PTGIR,CXCR4,MUTYH,,CLEC2L2,,ITGB3,C5AR1,,,CLEC1D,,,,,,IL17RE,SLC12A107,IL12RB1,,,,MAP3K131,,OX40,,,,,TNFAIP8L20,LTA4H,,,SIGLEC100,MASP2,,,,,KDR,,,BST2,IGLV3-22,,,,,CCL25,,SLC6A14,,FCGR3A,,,,SGCE,,ITGA1,XCR36,,SLAMF93,,,SIGLEC11,,,MAPK1,,IL26,USP78,,SLC35A4,CD25,CLECSF20,,,,,
COL6A2,GPX5P33,S100A8,,,ADAMTSL91,CD146,,,SLC25A149,,MAP3K3,,,,,,,SLAMF198,TNFSF18,TBXA2R,CSF2RB,MUTM,,CLEC3P2,,GP1BA,C5AR2,,,CLEC1E,,,,,,IL21,SLC12A108,IL12RB2,,,,MAP3K132,,OX40L,,,,,TNFAIP8L21,LTB4R,,,SIGLEC101,FCN1,,,,,VEGFR2,,,TETHERIN,IGLV3-25,,,,,CCL2,,SLC6A15,,FCGR2A,,,,SGCZ,,THBD,XCR37,,SLAMF94,,,SIGLEC12,,,MAPK3,,CCL3,USP79,,SLC35A5,IL2RA,CLECSF21,,,,,
COL6A3,GPX5P34,S100A9,,,ADAMTSL92,CD147,,,SLC25A150,,MAP3K4,,,,,,,SLAMF199,OX40,TXN,LTB4R1,MTH1,,CLEC4H3,,GP1BB,C3,,,CLEC1F,,,,,,IL21R,SLC12A109,IL18R1,,,,MAP3K133,,CD27,,,,,TNFAIP8L22,LTB4R2,,,SIGLEC102,FCN2,,,,,NRP1,,,Viperin,IGLV4-3,,,,,CCL7,,,,FCGR2B,,,,DMD,,PLAU,XCR38,,SLAMF95,,,SIGLEC14,,,MAPK14,,CCL4,USP8,,SLC35A6,CD122,CLECSF22,,,,,
FN1,GPX5P35,S100A12,,,ADAMTSL93,CD151,,,,,MAP3K5,,,,,,,SLAMF200,CD27,TXNIP,TNFRSF10B,MTHFR,,CLEC4R,,GP6,C3AR1,,,CLEC1G,,,,,,IL22,SLC12A110,IL18RAP,,,,MAP3K134,,CD30,,,,,TNFAIP8L23,LTC4S,,,SIGLEC103,FCN3,,,,,NRP2,,,DDX58,IGLV4-60,,,,,CCL8,,,,FCGR2C,,,,DTNA,,PLAT,XCR39,,SLAMF96,,,SIGLEC15,,,MAPK8,,CCL11,USP80,,SLC35A7,IL2RB,CLECSF23,,,,,
ITGA1,GPX5P36,LCN2,,,ADAMTSL94,CD166,,,,,MAP3K6,,,,,,,,CD30,PRDX1,IL1R1,TYMS,,CLEC5M,,GP9,C3AR2,,,CLEC1H,,,,,,IL22R,SLC12A111,CCR2,,,,MAP3K135,,CD30L,,,,,TNFAIP8L24,LTD4R,,,SIGLEC104,LBP,,,,,PGF,,,IFIH1,IGLV5-39,,,,,CCL13,,,,FCGR1A,,,,DYSF,,PAI1,XCR40,,SLAMF97,,,SIGLEC16,,,MAPK9,,CCL13,USP81,,SLC35A8,CD132,CLECSF24,,,,,
ITGA2ITGA3,GPX5P37,NGAL,,,ADAMTSL95,CD36,,,,,MAP3K7,,,,,,,,CD137,PRDX2,IL1R2,DHFR,,CLEC11G,,,C4,,,CLEC1I,,,,,,IL23A,SLC12A112,CCR5,,,,MAP3K136,,CD137,,,,,TNFAIP8L25,LTE4R,,,SIGLEC105,TLR1,,,,,VEGFA,,,MDA5,IGLV5-45,,,,,CCL14,,,,FCGR1B,,,,FKRP,,F3,XCR41,,SLAMF98,,,SIGLEC17,,,MAPK10,,CCL17,USP82,,SLC35A9,IL2RG,CLECSF25,,,,,
ITGA4,GPX5P38,MMP8,,,ADAMTSL96,CD62E,,,,,MAP3K8,,,,,,,,CD27L,PRDX3,IL6R,TK1,,CLEC13B,,,CFB,,,CLEC1J,,,,,,IL23R,SLC12A113,CXCR3,,,,MAP3K137,,CD137L,,,,,TNFAIP8L26,PTGDS,,,SIGLEC106,TLR6,,,,,VEGFB,,,RIGI,IGLV5-52,,,,,CCL15,,,,FCGR1C,,,,FKTN,,VWF,XCR42,,SLAMF99,,,SIGLEC18,,,MAPK11,,CCL22,USP83,,SLC35A10,IL4R,CLECSF26,,,,,
ITGA5,GPX5P39,MMP9,,,ADAMTSL97,CD62P,,,,,MAP3K9,,,,,,,,CD30L,PRDX4,IL10RA,UMPS,,CLEC15B,,,CFD,,,CLEC1K,,,,,,IL24,SLC12A114,CXCR4,,,,MAP3K138,,GITR,,,,,TNFAIP8L27,PTGES,,,SIGLEC107,NOD2,,,,,VEGFC,,,NLR family genes,IGLV5-57,,,,,CCL16,,,,C1QA,,,,ISPD,,PROC,XCR43,,SLAMF100,,,SIGLEC19,,,MAPK12,,CCL24,USP84,,SLC35A11,IL7R,CLECSF27,,,,,
ITGA6,GPX5P40,MMP1,,,ADAMTSL98,CD11A,,,,,MAP3K10,,,,,,,,CD137L,PRDX5,IL18R1,GMPS,,CLEC17B,,,CFH,,,CLEC1L,,,,,,IL26,SLC12A115,CXCR5,,,,MAP3K139,,GITRL,,,,,TNFAIP8L28,PTGER1,,,SIGLEC108,NLRX1,,,,,VEGFD,,,AIM2,IGLV7-43,,,,,CCL18,,,,C1QB,,,,LARGE1,,PROS1,XCR44,,SLAMF101,,,SIGLEC20,,,MAPK13,,CCL26,USP85,,SLC35A12,IL9R,CLECSF28,,,,,
ITGA7,GPX5P41,MMP3,,,ADAMTSL99,CD11B,,,,,MAP3K11,,,,,,,,CD40L,PRDX6,IFNGR1,IMPDH1,,CLEC19D,,,CFI,,,CLEC1M,,,,,,IL27,SLC12A116,CX3CR1,,,,MAP3K140,,LIGHT,,,,,TNFAIP8L29,PTGER2,,,SIGLEC109,AIM2,,,,,,,,NLRP3,IGLV9-54,,,,,CCL19,,,,C1QC,,,,POMT1,,SERPINA1,XCR45,,SLAMF102,,,SIGLEC22,,,MAP2K1,,CCR4,USP86,,SLC35A13,IL12RB1,CLECSF29,,,,,
ITGA8,GPX5P42,MMP7,,,ADAMTSL100,CD11C,,,,,MAP3K12,,,,,,,,CD28,SOD1,CCR2,IMPDH2,,CLEC1H,,,CFHR1,,,CLEC1N,,,,,,IL27RA,SLC12A117,CD40,,,,MAP3K141,,HVEM,,,,,TNFAIP8L30,PTGER3,,,SIGLEC110,IFIH1,,,,,,,,NLRC4,IGLV10-54,,,,,CCL5,,,,C1R,,,,POMT2,,FGB,XCR46,,SLAMF103,,,SIGLEC6,,,MAP2K2,,CCR3,USP87,,SLC35A14,IL12RB2,CLECSF30,,,,,
ITGA9,GPX5P43,MMP10,,,ADAMTSL101,CD18,,,,,MAP3K13,,,,,,,,CTLA4,SOD2,CXCR1,NT5C2,,CLEC2M1,,,CFHR2,,,CLEC1P,,,,,,IL31,SLC12A118,TNFRSF5,,,,MAP3K142,,BTLA,,,,,TNFAIP8L31,PTGER4,,,SIGLEC111,DDX58,,,,,,,,CASP1,IGLV10-67,,,,,CCL6,,,,C1S,,,,POMGNT1,,FGA,XCR47,,SLAMF104,,,SIGLEC8,,,MAP2K3,,CCR8,USP88,,SLC35A15,IL15RA,CLECSF31,,,,,
ITGA10,GPX5P44,MMP12,,,ADAMTSL102,CD49D,,,,,MAP3K14,,,,,,,,PDCD1,SOD3,CXCR2,ADA,,CLEC3P3,,,MASP1,,,CLEC1Q,,,,,,IL31RA,SLC12A119,TNFSF13,,,,MAP3K143,,CD160,,,,,TNFAIP8L32,PTGDR,,,SIGLEC112,RIGI,,,,,,,,CASP4,IGLV11-61,,,,,CCL9,,,,C2,,,,POMGNT2,,PLG,XCR48,,SLAMF105,,,,,,MAP2K4,,CCR10,USP89,,SLC35A16,IL17RA,CLECSF32,,,,,
ITGA11,GPX5P45,MMP13,,,ADAMTSL103,CD49E,,,,,MEK1,,,,,,,,PDCD1LG1,CAT,CXCR5,PNP,,CLEC4J,,,MASP2,,,CLEC1R,,,,,,IL33,SLC12A120,,,,,MAP3K144,,CD244,,,,,TNFAIP8L33,PTGIR,,,SIGLEC113,DHX58,,,,,,,,CASP5,IGLV11-67,,,,,CCL12,,,,C3,,,,POMK,,HRG,XCR49,,SLAMF106,,,,,,MAP2K5,,XCL1,USP9,,SLC35A17,IL21R,CLECSF33,,,,,
ITGAD,GPX5P46,MMP19,,,ADAMTSL104,CD49F,,,,,MEK2,,,,,,,,PDCD1LG2,GPX1,XCL1,APEX1,,CLEC4S,,,FCN1,,,CLEC1S,,,,,,IL33R,SLC12A121,,,,,MAP3K145,,CD48,,,,,TNFAIP8L34,TBXA2R,,,SIGLEC114,MDA5,,,,,,,,CASP8,IGLV11-68,,,,,CCL19,,,,C4,,,,POMT1,,APOE,XCR50,,SLAMF107,,,,,,MAP2K6,,XCL2,,,SLC35A18,IL23R,CLECSF34,,,,,
ITGAE,GPX5P47,MMP20,,,ADAMTSL105,CD29,,,,,ERK1,,,,,,,,BTLA,GPX2,XCR1,PARP1,,CLEC5N,,,FCN2,,,CLEC1T,,,,,,,SLC12A122,,,,,MAP3K146,,2B4,,,,,TNFAIP8L35,TBXAS1,,,SIGLEC115,OAS1,,,,,,,,CASP9,IGLV12-38,,,,,CCL21,,,,C5,,,,POMT2,,LDLR,,,SLAMF108,,,,,,MAP2K7,,,,,SLC35A19,IL31RA,CLECSF35,,,,,
ITGAL,GPX5P48,MMP21,,,ADAMTSL106,CD41,,,,,ERK2,,,,,,,,ICOS,GPX3,CSF2RA,PARP2,,CLEC11H,,,FCN3,,,CLEC1U,,,,,,,SLC12A123,,,,,MAP3K147,,SAP,,,,,TNFAIP8L36,ALOX5,,,SIGLEC116,OAS2,,,,,,,,CASP10,IGLV12-42,,,,,CXCL1,,,,C6,,,,,,PCSK9,,,SLAMF109,,,,,,MAP2K8,,,,,SLC35A20,IL1RL1,CLECSF36,,,,,
ITGAM,GPX5P49,MMP23B,,,ADAMTSL107,CD61,,,,,JNK1,,,,,,,,ICOSL,GPX4,CSF3R,UNG1,,CLEC13C,,,MBL2,,,CLEC1V,,,,,,,SLC12A124,,,,,MAP3K148,,EAT2,,,,,TNFAIP8L37,ALOX5AP,,,SIGLEC117,OAS3,,,,,,,,,IGLV12-48,,,,,CXCL2,,,,C7,,,,,,ABCA1,,,SLAMF110,,,,,,MAPKAPK2,,,,,SLC35A21,ST2,CLECSF37,,,,,
ITGAV,GPX5P50,MMP24,,,ADAMTSL108,,,,,,JNK2,,,,,,,,CD80,GPX5,LTA4H,UNG2,,CLEC15C,,,COLEC10,,,CLEC1W,,,,,,,SLC12A125,,,,,MAP3K149,,SHP1,,,,,TNFAIP8L38,ALOX12,,,SIGLEC118,RNASEL,,,,,,,,,IGLV12-56,,,,,CXCL3,,,,C8,,,,,,ABCG1,,,SLAMF111,,,,,,MAPKAPK3,,,,,SLC35A22,TNFRSF1B,CLECSF38,,,,,
ITGAX,GPX5P51,MMP25,,,ADAMTSL109,,,,,,JNK3,,,,,,,,CD86,GPX6,LTB4R2,SMUG1,,CLEC17C,,,COLEC11,,,CLEC1X,,,,,,,SLC12A126,,,,,MAP3K150,,SHP2,,,,,TNFAIP8L39,ALOX15,,,SIGLEC119,IFIT1,,,,,,,,,IGLV12-63,,,,,CXCL5,,,,C9,,,,,,NR1H3,,,SLAMF112,,,,,,MAPKAPK5,,,,,SLC35A23,TNFRSF1B,CLECSF39,,,,,
ITGB1,GPX5P52,MMP26,,,ADAMTSL110,,,,,,P38,,,,,,,,CD200,GPX7,TNFRSF11B,MBD4,,CLEC19E,,,COLEC12,,,CLEC1Y,,,,,,,SLC12A127,,,,,MAP3K151,,SHIP1,,,,,TNFAIP8L40,CYSLTR1,,,SIGLEC120,IFIT2,,,,,,,,,IGLV1-41,,,,,CXCL6,,,,CFB,,,,,,RXRA,,,SLAMF113,,,,,,,,,,,SLC35A24,LTBR,CLECSF40,,,,,
ITGB2,GPX5P53,MMP27,,,ADAMTSL111,,,,,,P38MAPK,,,,,,,,CD200R1,GPX8,IL1RAP,TDG,,CLEC1I,,,CTSD,,,CLEC1Z,,,,,,,SLC12A128,,,,,MAP3K152,,SHIP2,,,,,TNFAIP8L41,CYSLTR2,,,SIGLEC121,IFIT3,,,,,,,,,IGLV1-46,,,,,CXCL14,,,,CFD,,,,,,PPARG,,,SLAMF114,,,,,,,,,,,SLC35A25,TRAILR1,CLECSF41,,,,,
ITGB3,GPX5P54,MMP28,,,ADAMTSL112,,,,,,PIK3CA,,,,,,,,CD200R2,GSR,IL1RN,APE1,,CLEC2M2,,,CTSS,,,CLEC1BA,,,,,,,SLC12A129,,,,,MAP3K153,,DOK1,,,,,TNFAIP8L42,FPR1,,,SIGLEC122,MX1,,,,,,,,,IGLV1-48,,,,,CXCL15,,,,CFI,,,,,,PPARA,,,SLAMF115,,,,,,,,,,,SLC35A26,TRAILR2,CLECSF42,,,,,
ITGB4,GPX5P55,ADAM8,,,ADAMTSL113,,,,,,PIK3CB,,,,,,,,CD200R3,GCLM,IL6ST,APE2,,CLEC3P4,,,CTSB,,,CLEC1BB,,,,,,,SLC12A130,,,,,MAP3K154,,DOK2,,,,,TNFAIP8L43,FPR2,,,SIGLEC123,MX2,,,,,,,,,IGLV1-50,,,,,CXCL16,,,,MASP1,,,,,,NR3C1,,,SLAMF116,,,,,,,,,,,SLC35A27,FAS,CLECSF43,,,,,
ITGB5,GPX5P56,ADAM9,,,ADAMTSL114,,,,,,PIK3CD,,,,,,,,CD200R4,GCLC,IL10R2,PNK,,CLEC4K,,,CTSL,,,CLEC1BC,,,,,,,SLC12A131,,,,,MAP3K155,,DOK3,,,,,TNFAIP8L44,FPR3,,,SIGLEC124,RSAD2,,,,,,,,,IGLV1-56,,,,,CXCL17,,,,MASP2,,,,,,NR3C2,,,SLAMF117,,,,,,,,,,,SLC35A28,FASL,CLECSF44,,,,,
ITGB6,GPX5P57,ADAM10,,,ADAMTSL115,,,,,,PIK3CG,,,,,,,,CD200R5,GSTA1,IL18RAP,PNKP,,CLEC4S1,,,CTSH,,,CLEC1BD,,,,,,,SLC12A132,,,,,MAP3K156,,DOK4,,,,,TNFAIP8L45,CMKLR1,,,SIGLEC125,ISG15,,,,,,,,,IGLV1-69,,,,,,,,,FCN1,,,,,,ACE,,,SLAMF118,,,,,,,,,,,SLC35A29,TNFSF10,CLECSF45,,,,,
ITGB7,GPX5P58,ADAM12,,,ADAMTSL116,,,,,,PIK3R1,,,,,,,,CD200R6,GSTA2,IFNGR2,APRT,,CLEC5O,,,CTSK,,,CLEC1BE,,,,,,,SLC12A133,,,,,MAP3K157,,DOK5,,,,,TNFAIP8L46,CCR1,,,SIGLEC126,CMPK2,,,,,,,,,IGLV2-15,,,,,,,,,FCN2,,,,,,AGT,,,SLAMF119,,,,,,,,,,,SLC35A30,APRIL,CLECSF46,,,,,
ITGB8,GPX5P59,ADAM15,,,ADAMTSL117,,,,,,PIK3R2,,,,,,,,CD200R7,GSTA3,CCR5,HPRT1,,CLEC11J,,,CTSW,,,CLEC1BF,,,,,,,SLC12A134,,,,,MAP3K158,,DOK6,,,,,TNFAIP8L47,CCR2,,,SIGLEC127,DDX60,,,,,,,,,IGLV2-16,,,,,,,,,FCN3,,,,,,AGTR1,,,SLAMF120,,,,,,,,,,,SLC35A31,BAFF,CLECSF47,,,,,
SELPLG,GPX5P60,ADAM17,,,ADAMTSL118,,,,,,PIK3R3,,,,,,,,CD200R8,GSTA4,CXCR3,UMPS,,CLEC13D,,,CTSO,,,CLEC1BG,,,,,,,SLC12A135,,,,,MAP3K159,,DOK7,,,,,TNFAIP8L48,CCR3,,,SIGLEC128,PARP9,,,,,,,,,IGLV2-19,,,,,,,,,,,,,,,AGTR2,,,SLAMF121,,,,,,,,,,,SLC35A32,CD40,CLECSF48,,,,,
SELL,GPX5P61,ADAM19,,,ADAMTSL119,,,,,,PIK3R5,,,,,,,,CD200R9,GSTA5,CXCR4,GMPS,,CLEC15D,,,CTSZ,,,CLEC1BH,,,,,,,SLC12A136,,,,,MAP3K160,,DOK8,,,,,TNFAIP8L49,CCR4,,,SIGLEC129,PARP14,,,,,,,,,IGLV2-22,,,,,,,,,,,,,,,REN,,,SLAMF122,,,,,,,,,,,SLC35A33,CD40LG,CLECSF49,,,,,
SELP,GPX5P62,ADAM28,,,ADAMTSL120,,,,,,PIK3R6,,,,,,,,CD200R10,GSTP1,CSF2RB,IMPDH1,,CLEC17D,,,CTSC,,,CLEC1BI,,,,,,,SLC12A137,,,,,MAP3K161,,DOK9,,,,,TNFAIP8L50,CCR5,,,SIGLEC130,BST2,,,,,,,,,IGLV2-8,,,,,,,,,,,,,,,EDN1,,,SLAMF123,,,,,,,,,,,SLC35A34,CD27,CLECSF50,,,,,
PECAM1,GPX5P63,ADAMDEC1,,,ADAMTSL121,,,,,,AKT1,,,,,,,,CD200R11,GSTM1,LTB4R1,IMPDH2,,CLEC19F,,,,,,CLEC1BJ,,,,,,,SLC12A138,,,,,MAP3K162,,DOK10,,,,,TNFAIP8L51,CCR6,,,SIGLEC131,HERC5,,,,,,,,,IGLV3-17,,,,,,,,,,,,,,,EDNRA,,,SLAMF124,,,,,,,,,,,SLC35A35,CD70,CLECSF51,,,,,
CD31,GPX5P64,ADAMTS1,,,ADAMTSL122,,,,,,AKT2,,,,,,,,CD200R12,GSTM2,TNFRSF10B,NT5C2,,CLEC1J,,,,,,CLEC1BK,,,,,,,SLC12A139,,,,,MAP3K163,,DOK11,,,,,TNFAIP8L52,CCR7,,,SIGLEC132,UBE2L6,,,,,,,,,IGLV3-27,,,,,,,,,,,,,,,EDNRB,,,SLAMF125,,,,,,,,,,,SLC35A36,CD30,CLECSF52,,,,,
CDH5,GPX5P65,ADAMTS2,,,ADAMTSL123,,,,,,AKT3,,,,,,,,CD200R13,GSTM3,IL1R1,ADA,,CLEC2M3,,,,,,CLEC1BL,,,,,,,SLC12A140,,,,,MAP3K164,,DOK12,,,,,TNFAIP8L53,CCR8,,,SIGLEC133,USP18,,,,,,,,,IGLV3-9,,,,,,,,,,,,,,,NOS3,,,SLAMF126,,,,,,,,,,,SLC35A37,CD30L,CLECSF53,,,,,
TEK,GPX5P66,ADAMTS3,,,ADAMTSL124,,,,,,MTOR,,,,,,,,CD200R14,GSTM4,IL1R2,PNP,,CLEC3P5,,,,,,,,,,,,,SLC12A141,,,,,MAP3K165,,DOK13,,,,,TNFAIP8L54,CCR9,,,SIGLEC134,STAT2,,,,,,,,,IGLV4-51,,,,,,,,,,,,,,,KDR,,,SLAMF127,,,,,,,,,,,SLC35A38,CD154,CLECSF54,,,,,
TIE1,GPX5P67,ADAMTS4,,,ADAMTSL125,,,,,,RPS6KB1,,,,,,,,CD200R15,GSTM5,IL6R,APEX1,,CLEC4L,,,,,,,,,,,,,SLC12A142,,,,,MAP3K166,,DOK14,,,,,TNFAIP8L55,CCR10,,,SIGLEC135,IRF1,,,,,,,,,IGLV4-69,,,,,,,,,,,,,,,FLT1,,,SLAMF128,,,,,,,,,,,SLC35A39,,CLECSF55,,,,,
ANGPT1,GPX5P68,ADAMTS5,,,ADAMTSL126,,,,,,EIF4EBP1,,,,,,,,CD200R16,GSTT1,IL10RA,PARP1,,CLEC4U,,,,,,,,,,,,,SLC12A143,,,,,MAP3K167,,DOK15,,,,,TNFAIP8L56,CCR11,,,SIGLEC136,IRF2,,,,,,,,,IGLV5-48,,,,,,,,,,,,,,,TEK,,,SLAMF129,,,,,,,,,,,SLC35A40,,CLECSF56,,,,,
ANGPT2,GPX5P69,ADAMTS6,,,ADAMTSL127,,,,,,FOXO1,,,,,,,,CD200R17,GSTT2,IL18R1,PARP2,,CLEC5P,,,,,,,,,,,,,SLC12A144,,,,,MAP3K168,,DOK16,,,,,TNFAIP8L57,CXCR1,,,SIGLEC137,IRF8,,,,,,,,,IGLV5-54,,,,,,,,,,,,,,,TIE2,,,SLAMF130,,,,,,,,,,,SLC35A41,,CLECSF57,,,,,
ANGPTL4,GPX5P70,ADAMTS7,,,ADAMTSL128,,,,,,FOXO3,,,,,,,,CD200R18,GSTZ1,IFNGR1,,,CLEC11K,,,,,,,,,,,,,SLC12A145,,,,,MAP3K169,,DOK17,,,,,TNFAIP8L58,CXCR2,,,SIGLEC138,IRF9,,,,,,,,,IGLV5-56,,,,,,,,,,,,,,,ANGPT1,,,SLAMF131,,,,,,,,,,,SLC35A42,,CLECSF58,,,,,
KDR,GPX5P71,ADAMTS8,,,ADAMTSL129,,,,,,FOXO4,,,,,,,,CD200R19,HMOX1,CCR2,,,CLEC13E,,,,,,,,,,,,,SLC12A146,,,,,MAP3K170,,DOK18,,,,,TNFAIP8L59,CXCR3,,,SIGLEC139,ISGF3G,,,,,,,,,IGLV6-57,,,,,,,,,,,,,,,ANGPT2,,,SLAMF132,,,,,,,,,,,SLC35A43,,CLECSF59,,,,,
FLT1,GPX5P72,ADAMTS9,,,ADAMTSL130,,,,,,GSK3B,,,,,,,,CD200R20,HMOX2,CXCR1,,,CLEC15E,,,,,,,,,,,,,SLC12A147,,,,,MAP3K171,,DOK19,,,,,TNFAIP8L60,CXCR4,,,SIGLEC140,JAK1,,,,,,,,,IGLV7-39,,,,,,,,,,,,,,,S1PR1,,,SLAMF133,,,,,,,,,,,SLC35A44,,CLECSF60,,,,,
FLT4,GPX5P73,ADAMTS10,,,ADAMTSL131,,,,,,PTEN,,,,,,,,CD200R21,MT1A,CXCR2,,,CLEC17E,,,,,,,,,,,,,SLC12A148,,,,,MAP3K172,,DOK20,,,,,TNFAIP8L61,CXCR5,,,SIGLEC141,JAK2,,,,,,,,,IGLV7-46,,,,,,,,,,,,,,,S1PR2,,,SLAMF134,,,,,,,,,,,SLC35A45,,CLECSF61,,,,,
NRP1,GPX5P74,ADAMTS12,,,ADAMTSL132,,,,,,TSC1,,,,,,,,CD200R22,MT1B,CXCR5,,,CLEC19G,,,,,,,,,,,,,SLC12A149,,,,,MAP3K173,,DOK21,,,,,TNFAIP8L62,CXCR6,,,SIGLEC142,TYK2,,,,,,,,,IGLV7-50,,,,,,,,,,,,,,,S1PR3,,,SLAMF135,,,,,,,,,,,SLC35A46,,CLECSF62,,,,,
NRP2,GPX5P75,ADAMTS13,,,ADAMTSL133,,,,,,TSC2,,,,,,,,CD200R23,MT1E,XCL1,,,CLEC1K,,,,,,,,,,,,,SLC12A150,,,,,MAP3K174,,DOK22,,,,,TNFAIP8L63,CX3CR1,,,SIGLEC143,SOCS1,,,,,,,,,IGLV7-58,,,,,,,,,,,,,,,S1PR4,,,SLAMF136,,,,,,,,,,,SLC35A47,,CLECSF63,,,,,
PGF,GPX5P76,ADAMTS14,,,ADAMTSL134,,,,,,,,,,,,,,CD200R24,MT1F,XCR1,,,CLEC2M4,,,,,,,,,,,,,SLC12A151,,,,,MAP3K175,,DOK23,,,,,TNFAIP8L64,CXADR,,,SIGLEC144,SOCS3,,,,,,,,,IGLV7-64,,,,,,,,,,,,,,,S1PR5,,,SLAMF137,,,,,,,,,,,SLC35A48,,CLECSF64,,,,,
EFNB2,GPX5P77,ADAMTS15,,,ADAMTSL135,,,,,,,,,,,,,,CD200R25,MT1G,CSF2RA,,,CLEC3P6,,,,,,,,,,,,,SLC12A152,,,,,MAP3K176,,DOK24,,,,,TNFAIP8L65,JAM2,,,SIGLEC145,SOCS6,,,,,,,,,IGLV7-69,,,,,,,,,,,,,,,CDH5,,,SLAMF138,,,,,,,,,,,SLC35A49,,CLECSF65,,,,,
EFN receptor,GPX5P78,ADAMTS16,,,ADAMTSL136,,,,,,,,,,,,,,CD200R26,MT1H,CSF3R,,,CLEC4LA,,,,,,,,,,,,,SLC12A153,,,,,MAP3K177,,DOK25,,,,,TNFAIP8L66,JAM3,,,SIGLEC146,SOCS7,,,,,,,,,IGLV9-39,,,,,,,,,,,,,,,CD144,,,SLAMF139,,,,,,,,,,,SLC35A50,,CLECSF66,,,,,
CXCL12,GPX5P79,ADAMTS17,,,ADAMTSL137,,,,,,,,,,,,,,CD200R27,MT1J,LTA4H,,,CLEC4V,,,,,,,,,,,,,SLC12A154,,,,,MAP3K178,,DOK26,,,,,TNFAIP8L67,ESAM,,,SIGLEC147,OASL,,,,,,,,,IGLV9-40,,,,,,,,,,,,,,,PECAM1,,,SLAMF140,,,,,,,,,,,SLC35A51,,CLECSF67,,,,,
CXCR7,GPX5P80,ADAMTS18,,,ADAMTSL138,,,,,,,,,,,,,,CD200R28,MT1L,LTB4R2,,,CLEC5Q,,,,,,,,,,,,,SLC12A155,,,,,MAP3K179,,DOK27,,,,,TNFAIP8L68,CDH5,,,SIGLEC148,,,,,,,,,,IGLV9-49,,,,,,,,,,,,,,,ESM1,,,SLAMF141,,,,,,,,,,,SLC35A52,,CLECSF68,,,,,
ACKR3,GPX5P81,ADAMTS19,,,ADAMTSL139,,,,,,,,,,,,,,CD200R29,MT1M,TNFRSF11B,,,CLEC11L,,,,,,,,,,,,,SLC12A156,,,,,MAP3K180,,DOK28,,,,,TNFAIP8L69,CLDN5,,,SIGLEC149,,,,,,,,,,IGLV9-51,,,,,,,,,,,,,,,,,,SLAMF142,,,,,,,,,,,SLC35A53,,CLECSF69,,,,,
S1PR1,GPX5P82,ADAMTS20,,,ADAMTSL140,,,,,,,,,,,,,,CD200R30,MT1X,IL1RAP,,,CLEC13P1,,,,,,,,,,,,,SLC12A157,,,,,MAP3K181,,DOK29,,,,,TNFAIP8L70,OCLN,,,SIGLEC150,,,,,,,,,,IGLV9-60,,,,,,,,,,,,,,,,,,SLAMF143,,,,,,,,,,,SLC35A54,,CLECSF70,,,,,
S1PR2,GPX5P83,ADAMTSL1,,,ADAMTSL141,,,,,,,,,,,,,,CD200R31,MT2A,IL1RN,,,CLEC15F,,,,,,,,,,,,,SLC12A158,,,,,MAP3K182,,DOK30,,,,,TNFAIP8L71,TJP1,,,SIGLEC151,,,,,,,,,,IGLV10-44,,,,,,,,,,,,,,,,,,SLAMF144,,,,,,,,,,,SLC35A55,,CLECSF71,,,,,
S1PR3,GPX5P84,ADAMTSL5,,,ADAMTSL142,,,,,,,,,,,,,,CD200R32,MT3,IL6ST,,,CLEC17F,,,,,,,,,,,,,SLC12A159,,,,,MAP3K183,,DOK31,,,,,TNFAIP8L72,,,,SIGLEC152,,,,,,,,,,IGLV10-47,,,,,,,,,,,,,,,,,,SLAMF145,,,,,,,,,,,SLC35A56,,CLECSF72,,,,,
S1PR4,GPX5P85,,,,ADAMTSL143,,,,,,,,,,,,,,CD200R33,MT4,IL10R2,,,CLEC19H,,,,,,,,,,,,,SLC12A160,,,,,MAP3K184,,DOK32,,,,,TNFAIP8L73,,,,SIGLEC153,,,,,,,,,,IGLV10-57,,,,,,,,,,,,,,,,,,SLAMF146,,,,,,,,,,,SLC35A57,,CLECSF73,,,,,
S1PR5,GPX5P86,,,,ADAMTSL144,,,,,,,,,,,,,,CD200R34,ARG1,IL18RAP,,,CLEC1L,,,,,,,,,,,,,SLC12A161,,,,,MAP3K185,,DOK33,,,,,TNFAIP8L74,,,,SIGLEC154,,,,,,,,,,IGLV10-58,,,,,,,,,,,,,,,,,,SLAMF147,,,,,,,,,,,SLC35A58,,CLECSF74,,,,,
CYBB,GPX5P87,,,,ADAMTSL145,,,,,,,,,,,,,,CD200R35,ARG2,IFNGR2,,,CLEC2M5,,,,,,,,,,,,,SLC12A162,,,,,MAP3K186,,DOK34,,,,,TNFAIP8L75,,,,SIGLEC155,,,,,,,,,,IGLV10-62,,,,,,,,,,,,,,,,,,SLAMF148,,,,,,,,,,,SLC35A59,,CLECSF75,,,,,
NCF1,GPX5P88,,,,ADAMTSL146,,,,,,,,,,,,,,CD200R36,ADA,CCR5,,,CLEC3P7,,,,,,,,,,,,,SLC12A163,,,,,MAP3K187,,DOK35,,,,,TNFAIP8L76,,,,SIGLEC156,,,,,,,,,,IGLV10-64,,,,,,,,,,,,,,,,,,SLAMF149,,,,,,,,,,,SLC35A60,,CLECSF76,,,,,
NCF2,GPX5P89,,,,ADAMTSL147,,,,,,,,,,,,,,CD200R37,ADK,CXCR3,,,CLEC4LB,,,,,,,,,,,,,SLC12A164,,,,,MAP3K188,,DOK36,,,,,TNFAIP8L77,,,,SIGLEC157,,,,,,,,,,IGLV10-69,,,,,,,,,,,,,,,,,,SLAMF150,,,,,,,,,,,,,CLECSF77,,,,,
NCF4,GPX5P90,,,,ADAMTSL148,,,,,,,,,,,,,,CD200R38,AMPK,CXCR4,,,CLEC4W,,,,,,,,,,,,,SLC12A165,,,,,MAP3K189,,DOK37,,,,,TNFAIP8L78,,,,SIGLEC158,,,,,,,,,,IGLV11-45,,,,,,,,,,,,,,,,,,SLAMF151,,,,,,,,,,,,,CLECSF78,,,,,
RAC1,GPX5P91,,,,ADAMTSL149,,,,,,,,,,,,,,CD200R39,AMPKa,CSF2RB,,,CLEC5R,,,,,,,,,,,,,SLC12A166,,,,,MAP3K190,,DOK38,,,,,TNFAIP8L79,,,,SIGLEC159,,,,,,,,,,IGLV11-55,,,,,,,,,,,,,,,,,,SLAMF152,,,,,,,,,,,,,CLECSF79,,,,,
RAC2,GPX5P92,,,,ADAMTSL150,,,,,,,,,,,,,,CD200R40,AMPKb,LTB4R1,,,CLEC11M,,,,,,,,,,,,,SLC12A167,,,,,MAP3K191,,DOK39,,,,,TNFAIP8L80,,,,SIGLEC160,,,,,,,,,,IGLV11-57,,,,,,,,,,,,,,,,,,SLAMF153,,,,,,,,,,,,,CLECSF80,,,,,
RAC3,GPX5P93,,,,ADAMTSL151,,,,,,,,,,,,,,CD200R41,AMPKg,TNFRSF10B,,,CLEC13P2,,,,,,,,,,,,,SLC12A168,,,,,MAP3K192,,DOK40,,,,,TNFAIP8L81,,,,SIGLEC161,,,,,,,,,,IGLV11-60,,,,,,,,,,,,,,,,,,SLAMF154,,,,,,,,,,,,,CLECSF81,,,,,
PAK1,GPX5P94,,,,ADAMTSL152,,,,,,,,,,,,,,CD200R42,,IL1R1,,,CLEC15G,,,,,,,,,,,,,SLC12A169,,,,,MAP3K193,,DOK41,,,,,TNFAIP8L82,,,,SIGLEC162,,,,,,,,,,IGLV11-62,,,,,,,,,,,,,,,,,,SLAMF155,,,,,,,,,,,,,CLECSF82,,,,,
PAK2,GPX5P95,,,,ADAMTSL153,,,,,,,,,,,,,,CD200R43,,IL1R2,,,CLEC17G,,,,,,,,,,,,,SLC12A170,,,,,MAP3K194,,DOK42,,,,,TNFAIP8L83,,,,SIGLEC163,,,,,,,,,,IGLV11-65,,,,,,,,,,,,,,,,,,SLAMF156,,,,,,,,,,,,,CLECSF83,,,,,
PAK3,GPX5P96,,,,ADAMTSL154,,,,,,,,,,,,,,CD200R44,,IL6R,,,CLEC19I,,,,,,,,,,,,,SLC12A171,,,,,MAP3K195,,DOK43,,,,,TNFAIP8L84,,,,SIGLEC164,,,,,,,,,,IGLV11-69,,,,,,,,,,,,,,,,,,SLAMF157,,,,,,,,,,,,,CLECSF84,,,,,
PAK4,GPX5P97,,,,ADAMTSL155,,,,,,,,,,,,,,CD200R45,,IL10RA,,,CLEC1M,,,,,,,,,,,,,SLC12A172,,,,,MAP3K196,,DOK44,,,,,TNFAIP8L85,,,,SIGLEC165,,,,,,,,,,IGLV12-46,,,,,,,,,,,,,,,,,,SLAMF158,,,,,,,,,,,,,CLECSF85,,,,,
PAK5,GPX5P98,,,,ADAMTSL156,,,,,,,,,,,,,,CD200R46,,IL18R1,,,CLEC2N,,,,,,,,,,,,,SLC12A173,,,,,MAP3K197,,DOK45,,,,,TNFAIP8L86,,,,SIGLEC166,,,,,,,,,,IGLV12-52,,,,,,,,,,,,,,,,,,SLAMF159,,,,,,,,,,,,,CLECSF86,,,,,
PAK6,GPX5P99,,,,ADAMTSL157,,,,,,,,,,,,,,CD200R47,,IFNGR1,,,CLEC3P8,,,,,,,,,,,,,SLC12A174,,,,,MAP3K198,,DOK46,,,,,TNFAIP8L87,,,,SIGLEC167,,,,,,,,,,IGLV12-59,,,,,,,,,,,,,,,,,,SLAMF160,,,,,,,,,,,,,CLECSF87,,,,,
PAK7,,,,,ADAMTSL158,,,,,,,,,,,,,,CD200R48,,CCR2,,,CLEC4LC,,,,,,,,,,,,,SLC12A175,,,,,MAP3K199,,DOK47,,,,,TNFAIP8L88,,,,SIGLEC168,,,,,,,,,,IGLV12-61,,,,,,,,,,,,,,,,,,SLAMF161,,,,,,,,,,,,,CLECSF88,,,,,
PAK8,,,,,ADAMTSL159,,,,,,,,,,,,,,CD200R49,,CXCR1,,,CLEC4X,,,,,,,,,,,,,SLC12A176,,,,,MAP3K200,,DOK48,,,,,TNFAIP8L89,,,,SIGLEC169,,,,,,,,,,IGLV12-66,,,,,,,,,,,,,,,,,,SLAMF162,,,,,,,,,,,,,CLECSF89,,,,,
PAK9,,,,,ADAMTSL160,,,,,,,,,,,,,,CD200R50,,CXCR2,,,CLEC5S,,,,,,,,,,,,,SLC12A177,,,,,,,DOK49,,,,,TNFAIP8L90,,,,SIGLEC170,,,,,,,,,,IGLV12-70,,,,,,,,,,,,,,,,,,SLAMF163,,,,,,,,,,,,,CLECSF90,,,,,
,,,,,ADAMTSL161,,,,,,,,,,,,,,CD200R51,,CXCR5,,,CLEC11N,,,,,,,,,,,,,SLC12A178,,,,,,,DOK50,,,,,TNFAIP8L91,,,,SIGLEC171,,,,,,,,,,IGLV1-36,,,,,,,,,,,,,,,,,,SLAMF164,,,,,,,,,,,,,CLECSF91,,,,,
,,,,,ADAMTSL162,,,,,,,,,,,,,,CD200R52,,XCL1,,,CLEC13P3,,,,,,,,,,,,,SLC12A179,,,,,,,DOK51,,,,,TNFAIP8L92,,,,SIGLEC172,,,,,,,,,,IGLV1-49,,,,,,,,,,,,,,,,,,SLAMF165,,,,,,,,,,,,,CLECSF92,,,,,
,,,,,ADAMTSL163,,,,,,,,,,,,,,CD200R53,,XCR1,,,CLEC15H,,,,,,,,,,,,,SLC12A180,,,,,,,DOK52,,,,,TNFAIP8L93,,,,SIGLEC173,,,,,,,,,,IGLV1-52,,,,,,,,,,,,,,,,,,SLAMF166,,,,,,,,,,,,,CLECSF93,,,,,
,,,,,ADAMTSL164,,,,,,,,,,,,,,CD200R54,,CSF2RA,,,CLEC17H,,,,,,,,,,,,,SLC12A181,,,,,,,DOK53,,,,,TNFAIP8L94,,,,SIGLEC174,,,,,,,,,,IGLV1-59,,,,,,,,,,,,,,,,,,SLAMF167,,,,,,,,,,,,,CLECSF94,,,,,
,,,,,ADAMTSL165,,,,,,,,,,,,,,CD200R55,,CSF3R,,,CLEC19J,,,,,,,,,,,,,SLC12A182,,,,,,,DOK54,,,,,TNFAIP8L95,,,,SIGLEC175,,,,,,,,,,IGLV1-62,,,,,,,,,,,,,,,,,,SLAMF168,,,,,,,,,,,,,CLECSF95,,,,,
,,,,,ADAMTSL166,,,,,,,,,,,,,,CD200R56,,LTA4H,,,CLEC1N,,,,,,,,,,,,,SLC12A183,,,,,,,DOK55,,,,,TNFAIP8L96,,,,SIGLEC176,,,,,,,,,,IGLV1-67,,,,,,,,,,,,,,,,,,SLAMF169,,,,,,,,,,,,,CLECSF96,,,,,
,,,,,ADAMTSL167,,,,,,,,,,,,,,CD200R57,,LTB4R2,,,CLEC2N1,,,,,,,,,,,,,SLC12A184,,,,,,,DOK56,,,,,TNFAIP8L97,,,,SIGLEC177,,,,,,,,,,IGLV1-72,,,,,,,,,,,,,,,,,,SLAMF170,,,,,,,,,,,,,CLECSF97,,,,,
,,,,,ADAMTSL168,,,,,,,,,,,,,,CD200R58,,TNFRSF11B,,,CLEC3P9,,,,,,,,,,,,,SLC12A185,,,,,,,DOK57,,,,,TNFAIP8L98,,,,SIGLEC178,,,,,,,,,,IGLV2-10,,,,,,,,,,,,,,,,,,SLAMF171,,,,,,,,,,,,,CLECSF98,,,,,
,,,,,ADAMTSL169,,,,,,,,,,,,,,CD200R59,,IL1RAP,,,CLEC4LD,,,,,,,,,,,,,SLC12A186,,,,,,,DOK58,,,,,TNFAIP8L99,,,,SIGLEC179,,,,,,,,,,IGLV2-12,,,,,,,,,,,,,,,,,,SLAMF172,,,,,,,,,,,,,CLECSF99,,,,,
,,,,,ADAMTSL170,,,,,,,,,,,,,,CD200R60,,IL1RN,,,CLEC4Y,,,,,,,,,,,,,SLC12A187,,,,,,,DOK59,,,,,TNFAIP8L100,,,,SIGLEC180,,,,,,,,,,IGLV2-13,,,,,,,,,,,,,,,,,,SLAMF173,,,,,,,,,,,,,CLECSF100,,,,,
,,,,,ADAMTSL171,,,,,,,,,,,,,,CD200R61,,IL6ST,,,CLEC5T,,,,,,,,,,,,,SLC12A188,,,,,,,DOK60,,,,,,,,,SIGLEC181,,,,,,,,,,IGLV2-20,,,,,,,,,,,,,,,,,,SLAMF174,,,,,,,,,,,,,,,,,,
,,,,,ADAMTSL172,,,,,,,,,,,,,,CD200R62,,IL10R2,,,CLEC11P,,,,,,,,,,,,,SLC12A189,,,,,,,DOK61,,,,,,,,,SIGLEC182,,,,,,,,,,IGLV2-24,,,,,,,,,,,,,,,,,,SLAMF175,,,,,,,,,,,,,,,,,,
,,,,,ADAMTSL173,,,,,,,,,,,,,,CD200R63,,IL18RAP,,,CLEC13P4,,,,,,,,,,,,,SLC12A190,,,,,,,DOK62,,,,,,,,,SIGLEC183,,,,,,,,,,IGLV2-25,,,,,,,,,,,,,,,,,,SLAMF176,,,,,,,,,,,,,,,,,,
,,,,,ADAMTSL174,,,,,,,,,,,,,,CD200R64,,IFNGR2,,,CLEC15I,,,,,,,,,,,,,SLC12A191,,,,,,,DOK63,,,,,,,,,SIGLEC184,,,,,,,,,,IGLV2-27,,,,,,,,,,,,,,,,,,SLAMF177,,,,,,,,,,,,,,,,,,
,,,,,ADAMTSL175,,,,,,,,,,,,,,CD200R65,,CCR5,,,CLEC17I,,,,,,,,,,,,,SLC12A192,,,,,,,DOK64,,,,,,,,,SIGLEC185,,,,,,,,,,IGLV2-33,,,,,,,,,,,,,,,,,,SLAMF178,,,,,,,,,,,,,,,,,,
,,,,,ADAMTSL176,,,,,,,,,,,,,,CD200R66,,CXCR3,,,CLEC19K,,,,,,,,,,,,,SLC12A193,,,,,,,DOK65,,,,,,,,,SIGLEC186,,,,,,,,,,IGLV2-34,,,,,,,,,,,,,,,,,,SLAMF179,,,,,,,,,,,,,,,,,,
,,,,,ADAMTSL177,,,,,,,,,,,,,,CD200R67,,CXCR4,,,CLEC1O,,,,,,,,,,,,,SLC12A194,,,,,,,DOK66,,,,,,,,,SIGLEC187,,,,,,,,,,IGLV3-13,,,,,,,,,,,,,,,,,,SLAMF180,,,,,,,,,,,,,,,,,,
,,,,,ADAMTSL178,,,,,,,,,,,,,,CD200R68,,CSF2RB,,,CLEC2N2,,,,,,,,,,,,,SLC12A195,,,,,,,DOK67,,,,,,,,,SIGLEC188,,,,,,,,,,IGLV3-15,,,,,,,,,,,,,,,,,,SLAMF181,,,,,,,,,,,,,,,,,,
,,,,,ADAMTSL179,,,,,,,,,,,,,,CD200R69,,LTB4R1,,,CLEC3P10,,,,,,,,,,,,,SLC12A196,,,,,,,DOK68,,,,,,,,,SIGLEC189,,,,,,,,,,IGLV3-29,,,,,,,,,,,,,,,,,,SLAMF182,,,,,,,,,,,,,,,,,,
,,,,,ADAMTSL180,,,,,,,,,,,,,,CD200R70,,TNFRSF10B,,,CLEC4LE,,,,,,,,,,,,,SLC12A197,,,,,,,DOK69,,,,,,,,,SIGLEC190,,,,,,,,,,IGLV3-30,,,,,,,,,,,,,,,,,,SLAMF183,,,,,,,,,,,,,,,,,,
,,,,,ADAMTSL181,,,,,,,,,,,,,,CD200R71,,IL1R1,,,CLEC4Z,,,,,,,,,,,,,SLC12A198,,,,,,,DOK70,,,,,,,,,SIGLEC191,,,,,,,,,,IGLV3-32,,,,,,,,,,,,,,,,,,SLAMF184,,,,,,,,,,,,,,,,,,
,,,,,ADAMTSL182,,,,,,,,,,,,,,CD200R72,,IL1R2,,,CLEC5U,,,,,,,,,,,,,SLC12A199,,,,,,,DOK71,,,,,,,,,SIGLEC192,,,,,,,,,,IGLV3-33,,,,,,,,,,,,,,,,,,SLAMF185,,,,,,,,,,,,,,,,,,
,,,,,ADAMTSL183,,,,,,,,,,,,,,CD200R73,,IL6R,,,CLEC11Q,,,,,,,,,,,,,SLC12A200,,,,,,,DOK72,,,,,,,,,SIGLEC193,,,,,,,,,,IGLV3-36,,,,,,,,,,,,,,,,,,SLAMF186,,,,,,,,,,,,,,,,,,
,,,,,ADAMTSL184,,,,,,,,,,,,,,CD200R74,,IL10RA,,,CLEC13P5,,,,,,,,,,,,,,,,,,,,DOK73,,,,,,,,,SIGLEC194,,,,,,,,,,IGLV3-39,,,,,,,,,,,,,,,,,,SLAMF187,,,,,,,,,,,,,,,,,,
,,,,,ADAMTSL185,,,,,,,,,,,,,,CD200R75,,IL18R1,,,CLEC15J,,,,,,,,,,,,,,,,,,,,DOK74,,,,,,,,,SIGLEC195,,,,,,,,,,IGLV3-40,,,,,,,,,,,,,,,,,,SLAMF188,,,,,,,,,,,,,,,,,,
,,,,,ADAMTSL186,,,,,,,,,,,,,,CD200R76,,IFNGR1,,,CLEC17J,,,,,,,,,,,,,,,,,,,,DOK75,,,,,,,,,SIGLEC196,,,,,,,,,,IGLV3-43,,,,,,,,,,,,,,,,,,SLAMF189,,,,,,,,,,,,,,,,,,
,,,,,ADAMTSL187,,,,,,,,,,,,,,CD200R77,,CCR2,,,CLEC19L,,,,,,,,,,,,,,,,,,,,DOK76,,,,,,,,,SIGLEC197,,,,,,,,,,IGLV3-46,,,,,,,,,,,,,,,,,,SLAMF190,,,,,,,,,,,,,,,,,,
,,,,,ADAMTSL188,,,,,,,,,,,,,,CD200R78,,CXCR1,,,CLEC1P,,,,,,,,,,,,,,,,,,,,DOK77,,,,,,,,,SIGLEC198,,,,,,,,,,IGLV3-48,,,,,,,,,,,,,,,,,,SLAMF191,,,,,,,,,,,,,,,,,,
,,,,,ADAMTSL189,,,,,,,,,,,,,,CD200R79,,CXCR2,,,CLEC2N3,,,,,,,,,,,,,,,,,,,,DOK78,,,,,,,,,SIGLEC199,,,,,,,,,,,,,,,,,,,,,,,,,,,,SLAMF192,,,,,,,,,,,,,,,,,,
,,,,,ADAMTSL190,,,,,,,,,,,,,,CD200R80,,CXCR5,,,CLEC3P11,,,,,,,,,,,,,,,,,,,,DOK79,,,,,,,,,SIGLEC200,,,,,,,,,,,,,,,,,,,,,,,,,,,,SLAMF193,,,,,,,,,,,,,,,,,,
,,,,,ADAMTSL191,,,,,,,,,,,,,,CD200R81,,XCL1,,,CLEC4LF,,,,,,,,,,,,,,,,,,,,DOK80,,,,,,,,,,,,,,,,,,,,,,,,,,,,,,,,,,,,,SLAMF194,,,,,,,,,,,,,,,,,,
,,,,,ADAMTSL192,,,,,,,,,,,,,,CD200R82,,XCR1,,,CLEC5A1,,,,,,,,,,,,,,,,,,,,DOK81,,,,,,,,,,,,,,,,,,,,,,,,,,,,,,,,,,,,,SLAMF195,,,,,,,,,,,,,,,,,,
,,,,,ADAMTSL193,,,,,,,,,,,,,,CD200R83,,CSF2RA,,,CLEC5V,,,,,,,,,,,,,,,,,,,,DOK82,,,,,,,,,,,,,,,,,,,,,,,,,,,,,,,,,,,,,SLAMF196,,,,,,,,,,,,,,,,,,
,,,,,ADAMTSL194,,,,,,,,,,,,,,CD200R84,,CSF3R,,,CLEC11R,,,,,,,,,,,,,,,,,,,,DOK83,,,,,,,,,,,,,,,,,,,,,,,,,,,,,,,,,,,,,SLAMF197,,,,,,,,,,,,,,,,,,
,,,,,ADAMTSL195,,,,,,,,,,,,,,CD200R85,,LTA4H,,,CLEC13P6,,,,,,,,,,,,,,,,,,,,DOK84,,,,,,,,,,,,,,,,,,,,,,,,,,,,,,,,,,,,,SLAMF198,,,,,,,,,,,,,,,,,,
,,,,,ADAMTSL196,,,,,,,,,,,,,,CD200R86,,LTB4R2,,,CLEC15K,,,,,,,,,,,,,,,,,,,,DOK85,,,,,,,,,,,,,,,,,,,,,,,,,,,,,,,,,,,,,SLAMF199,,,,,,,,,,,,,,,,,,
,,,,,ADAMTSL197,,,,,,,,,,,,,,CD200R87,,TNFRSF11B,,,CLEC17K,,,,,,,,,,,,,,,,,,,,DOK86,,,,,,,,,,,,,,,,,,,,,,,,,,,,,,,,,,,,,SLAMF200,,,,,,,,,,,,,,,,,,
,,,,,ADAMTSL198,,,,,,,,,,,,,,CD200R88,,IL1RAP,,,CLEC19M,,,,,,,,,,,,,,,,,,,,DOK87,,,,,,,,,,,,,,,,,,,,,,,,,,,,,,,,,,,,,,,,,,,,,,,,,,,,,,,
,,,,,ADAMTSL199,,,,,,,,,,,,,,CD200R89,,IL1RN,,,CLEC1Q,,,,,,,,,,,,,,,,,,,,DOK88,,,,,,,,,,,,,,,,,,,,,,,,,,,,,,,,,,,,,,,,,,,,,,,,,,,,,,,
,,,,,ADAMTSL200,,,,,,,,,,,,,,CD200R90,,IL6ST,,,CLEC2N4,,,,,,,,,,,,,,,,,,,,DOK89,,,,,,,,,,,,,,,,,,,,,,,,,,,,,,,,,,,,,,,,,,,,,,,,,,,,,,,
,,,,,,,,,,,,,,,,,,,CD200R91,,IL10R2,,,CLEC3P12,,,,,,,,,,,,,,,,,,,,DOK90,,,,,,,,,,,,,,,,,,,,,,,,,,,,,,,,,,,,,,,,,,,,,,,,,,,,,,,
,,,,,,,,,,,,,,,,,,,CD200R92,,IL18RAP,,,CLEC4LG,,,,,,,,,,,,,,,,,,,,DOK91,,,,,,,,,,,,,,,,,,,,,,,,,,,,,,,,,,,,,,,,,,,,,,,,,,,,,,,
,,,,,,,,,,,,,,,,,,,CD200R93,,IFNGR2,,,CLEC5A2,,,,,,,,,,,,,,,,,,,,DOK92,,,,,,,,,,,,,,,,,,,,,,,,,,,,,,,,,,,,,,,,,,,,,,,,,,,,,,,
,,,,,,,,,,,,,,,,,,,CD200R94,,CCR5,,,CLEC5W,,,,,,,,,,,,,,,,,,,,DOK93,,,,,,,,,,,,,,,,,,,,,,,,,,,,,,,,,,,,,,,,,,,,,,,,,,,,,,,
,,,,,,,,,,,,,,,,,,,CD200R95,,CXCR3,,,CLEC11S,,,,,,,,,,,,,,,,,,,,DOK94,,,,,,,,,,,,,,,,,,,,,,,,,,,,,,,,,,,,,,,,,,,,,,,,,,,,,,,
,,,,,,,,,,,,,,,,,,,CD200R96,,CXCR4,,,CLEC13P7,,,,,,,,,,,,,,,,,,,,DOK95,,,,,,,,,,,,,,,,,,,,,,,,,,,,,,,,,,,,,,,,,,,,,,,,,,,,,,,
,,,,,,,,,,,,,,,,,,,CD200R97,,CSF2RB,,,CLEC15L,,,,,,,,,,,,,,,,,,,,DOK96,,,,,,,,,,,,,,,,,,,,,,,,,,,,,,,,,,,,,,,,,,,,,,,,,,,,,,,
,,,,,,,,,,,,,,,,,,,CD200R98,,LTB4R1,,,CLEC17L,,,,,,,,,,,,,,,,,,,,DOK97,,,,,,,,,,,,,,,,,,,,,,,,,,,,,,,,,,,,,,,,,,,,,,,,,,,,,,,
,,,,,,,,,,,,,,,,,,,CD200R99,,TNFRSF10B,,,CLEC19N,,,,,,,,,,,,,,,,,,,,DOK98,,,,,,,,,,,,,,,,,,,,,,,,,,,,,,,,,,,,,,,,,,,,,,,,,,,,,,,
,,,,,,,,,,,,,,,,,,,CD200R100,,IL1R1,,,CLEC1R,,,,,,,,,,,,,,,,,,,,DOK99,,,,,,,,,,,,,,,,,,,,,,,,,,,,,,,,,,,,,,,,,,,,,,,,,,,,,,,
,,,,,,,,,,,,,,,,,,,CD200R101,,IL1R2,,,CLEC2N5,,,,,,,,,,,,,,,,,,,,DOK100,,,,,,,,,,,,,,,,,,,,,,,,,,,,,,,,,,,,,,,,,,,,,,,,,,,,,,,
,,,,,,,,,,,,,,,,,,,CD200R102,,IL6R,,,CLEC3P13,,,,,,,,,,,,,,,,,,,,,,,,,,,,,,,,,,,,,,,,,,,,,,,,,,,,,,,,,,,,,,,,,,,,,,,,,,,
,,,,,,,,,,,,,,,,,,,CD200R103,,IL10RA,,,CLEC4LH,,,,,,,,,,,,,,,,,,,,,,,,,,,,,,,,,,,,,,,,,,,,,,,,,,,,,,,,,,,,,,,,,,,,,,,,,,,
,,,,,,,,,,,,,,,,,,,CD200R104,,IL18R1,,,CLEC5A3,,,,,,,,,,,,,,,,,,,,,,,,,,,,,,,,,,,,,,,,,,,,,,,,,,,,,,,,,,,,,,,,,,,,,,,,,,,
,,,,,,,,,,,,,,,,,,,CD200R105,,IFNGR1,,,CLEC5X,,,,,,,,,,,,,,,,,,,,,,,,,,,,,,,,,,,,,,,,,,,,,,,,,,,,,,,,,,,,,,,,,,,,,,,,,,,
,,,,,,,,,,,,,,,,,,,CD200R106,,CCR2,,,CLEC11T,,,,,,,,,,,,,,,,,,,,,,,,,,,,,,,,,,,,,,,,,,,,,,,,,,,,,,,,,,,,,,,,,,,,,,,,,,,
,,,,,,,,,,,,,,,,,,,CD200R107,,CXCR1,,,CLEC13P8,,,,,,,,,,,,,,,,,,,,,,,,,,,,,,,,,,,,,,,,,,,,,,,,,,,,,,,,,,,,,,,,,,,,,,,,,,,
,,,,,,,,,,,,,,,,,,,CD200R108,,CXCR2,,,CLEC15M,,,,,,,,,,,,,,,,,,,,,,,,,,,,,,,,,,,,,,,,,,,,,,,,,,,,,,,,,,,,,,,,,,,,,,,,,,,
,,,,,,,,,,,,,,,,,,,CD200R109,,CXCR5,,,CLEC17M,,,,,,,,,,,,,,,,,,,,,,,,,,,,,,,,,,,,,,,,,,,,,,,,,,,,,,,,,,,,,,,,,,,,,,,,,,,
,,,,,,,,,,,,,,,,,,,CD200R110,,XCL1,,,CLEC19O,,,,,,,,,,,,,,,,,,,,,,,,,,,,,,,,,,,,,,,,,,,,,,,,,,,,,,,,,,,,,,,,,,,,,,,,,,,
,,,,,,,,,,,,,,,,,,,CD200R111,,XCR1,,,CLEC1S,,,,,,,,,,,,,,,,,,,,,,,,,,,,,,,,,,,,,,,,,,,,,,,,,,,,,,,,,,,,,,,,,,,,,,,,,,,
,,,,,,,,,,,,,,,,,,,CD200R112,,CSF2RA,,,CLEC2N6,,,,,,,,,,,,,,,,,,,,,,,,,,,,,,,,,,,,,,,,,,,,,,,,,,,,,,,,,,,,,,,,,,,,,,,,,,,
,,,,,,,,,,,,,,,,,,,CD200R113,,CSF3R,,,CLEC3P14,,,,,,,,,,,,,,,,,,,,,,,,,,,,,,,,,,,,,,,,,,,,,,,,,,,,,,,,,,,,,,,,,,,,,,,,,,,
,,,,,,,,,,,,,,,,,,,CD200R114,,LTA4H,,,CLEC4LI,,,,,,,,,,,,,,,,,,,,,,,,,,,,,,,,,,,,,,,,,,,,,,,,,,,,,,,,,,,,,,,,,,,,,,,,,,,
,,,,,,,,,,,,,,,,,,,CD200R115,,LTB4R2,,,CLEC5A4,,,,,,,,,,,,,,,,,,,,,,,,,,,,,,,,,,,,,,,,,,,,,,,,,,,,,,,,,,,,,,,,,,,,,,,,,,,
,,,,,,,,,,,,,,,,,,,CD200R116,,TNFRSF11B,,,CLEC5Y,,,,,,,,,,,,,,,,,,,,,,,,,,,,,,,,,,,,,,,,,,,,,,,,,,,,,,,,,,,,,,,,,,,,,,,,,,,
,,,,,,,,,,,,,,,,,,,CD200R117,,IL1RAP,,,CLEC11U,,,,,,,,,,,,,,,,,,,,,,,,,,,,,,,,,,,,,,,,,,,,,,,,,,,,,,,,,,,,,,,,,,,,,,,,,,,
,,,,,,,,,,,,,,,,,,,CD200R118,,IL1RN,,,CLEC13P9,,,,,,,,,,,,,,,,,,,,,,,,,,,,,,,,,,,,,,,,,,,,,,,,,,,,,,,,,,,,,,,,,,,,,,,,,,,
,,,,,,,,,,,,,,,,,,,CD200R119,,IL6ST,,,CLEC15N,,,,,,,,,,,,,,,,,,,,,,,,,,,,,,,,,,,,,,,,,,,,,,,,,,,,,,,,,,,,,,,,,,,,,,,,,,,
,,,,,,,,,,,,,,,,,,,CD200R120,,IL10R2,,,CLEC17N,,,,,,,,,,,,,,,,,,,,,,,,,,,,,,,,,,,,,,,,,,,,,,,,,,,,,,,,,,,,,,,,,,,,,,,,,,,
,,,,,,,,,,,,,,,,,,,CD200R121,,IL18RAP,,,CLEC19P,,,,,,,,,,,,,,,,,,,,,,,,,,,,,,,,,,,,,,,,,,,,,,,,,,,,,,,,,,,,,,,,,,,,,,,,,,,
,,,,,,,,,,,,,,,,,,,CD200R122,,IFNGR2,,,CLEC1T,,,,,,,,,,,,,,,,,,,,,,,,,,,,,,,,,,,,,,,,,,,,,,,,,,,,,,,,,,,,,,,,,,,,,,,,,,,
,,,,,,,,,,,,,,,,,,,CD200R123,,CCR5,,,CLEC2N7,,,,,,,,,,,,,,,,,,,,,,,,,,,,,,,,,,,,,,,,,,,,,,,,,,,,,,,,,,,,,,,,,,,,,,,,,,,
,,,,,,,,,,,,,,,,,,,CD200R124,,CXCR3,,,CLEC3P15,,,,,,,,,,,,,,,,,,,,,,,,,,,,,,,,,,,,,,,,,,,,,,,,,,,,,,,,,,,,,,,,,,,,,,,,,,,
,,,,,,,,,,,,,,,,,,,CD200R125,,CXCR4,,,CLEC4LJ,,,,,,,,,,,,,,,,,,,,,,,,,,,,,,,,,,,,,,,,,,,,,,,,,,,,,,,,,,,,,,,,,,,,,,,,,,,
,,,,,,,,,,,,,,,,,,,CD200R126,,CSF2RB,,,CLEC5A5,,,,,,,,,,,,,,,,,,,,,,,,,,,,,,,,,,,,,,,,,,,,,,,,,,,,,,,,,,,,,,,,,,,,,,,,,,,
,,,,,,,,,,,,,,,,,,,CD200R127,,LTB4R1,,,CLEC5Z,,,,,,,,,,,,,,,,,,,,,,,,,,,,,,,,,,,,,,,,,,,,,,,,,,,,,,,,,,,,,,,,,,,,,,,,,,,
,,,,,,,,,,,,,,,,,,,CD200R128,,TNFRSF10B,,,CLEC11V,,,,,,,,,,,,,,,,,,,,,,,,,,,,,,,,,,,,,,,,,,,,,,,,,,,,,,,,,,,,,,,,,,,,,,,,,,,
,,,,,,,,,,,,,,,,,,,CD200R129,,IL1R1,,,CLEC13P10,,,,,,,,,,,,,,,,,,,,,,,,,,,,,,,,,,,,,,,,,,,,,,,,,,,,,,,,,,,,,,,,,,,,,,,,,,,
,,,,,,,,,,,,,,,,,,,CD200R130,,IL1R2,,,CLEC15O,,,,,,,,,,,,,,,,,,,,,,,,,,,,,,,,,,,,,,,,,,,,,,,,,,,,,,,,,,,,,,,,,,,,,,,,,,,
,,,,,,,,,,,,,,,,,,,CD200R131,,IL6R,,,CLEC17O,,,,,,,,,,,,,,,,,,,,,,,,,,,,,,,,,,,,,,,,,,,,,,,,,,,,,,,,,,,,,,,,,,,,,,,,,,,
,,,,,,,,,,,,,,,,,,,CD200R132,,IL10RA,,,CLEC19Q,,,,,,,,,,,,,,,,,,,,,,,,,,,,,,,,,,,,,,,,,,,,,,,,,,,,,,,,,,,,,,,,,,,,,,,,,,,
,,,,,,,,,,,,,,,,,,,CD200R133,,IL18R1,,,CLEC1U,,,,,,,,,,,,,,,,,,,,,,,,,,,,,,,,,,,,,,,,,,,,,,,,,,,,,,,,,,,,,,,,,,,,,,,,,,,
,,,,,,,,,,,,,,,,,,,CD200R134,,IFNGR1,,,CLEC2O,,,,,,,,,,,,,,,,,,,,,,,,,,,,,,,,,,,,,,,,,,,,,,,,,,,,,,,,,,,,,,,,,,,,,,,,,,,
,,,,,,,,,,,,,,,,,,,CD200R135,,CCR2,,,CLEC3P16,,,,,,,,,,,,,,,,,,,,,,,,,,,,,,,,,,,,,,,,,,,,,,,,,,,,,,,,,,,,,,,,,,,,,,,,,,,
,,,,,,,,,,,,,,,,,,,CD200R136,,CXCR1,,,CLEC4LK,,,,,,,,,,,,,,,,,,,,,,,,,,,,,,,,,,,,,,,,,,,,,,,,,,,,,,,,,,,,,,,,,,,,,,,,,,,
,,,,,,,,,,,,,,,,,,,CD200R137,,CXCR2,,,CLEC5A6,,,,,,,,,,,,,,,,,,,,,,,,,,,,,,,,,,,,,,,,,,,,,,,,,,,,,,,,,,,,,,,,,,,,,,,,,,,
,,,,,,,,,,,,,,,,,,,CD200R138,,CXCR5,,,CLEC5Z1,,,,,,,,,,,,,,,,,,,,,,,,,,,,,,,,,,,,,,,,,,,,,,,,,,,,,,,,,,,,,,,,,,,,,,,,,,,
,,,,,,,,,,,,,,,,,,,CD200R139,,XCL1,,,CLEC11W,,,,,,,,,,,,,,,,,,,,,,,,,,,,,,,,,,,,,,,,,,,,,,,,,,,,,,,,,,,,,,,,,,,,,,,,,,,
,,,,,,,,,,,,,,,,,,,CD200R140,,XCR1,,,CLEC13P11,,,,,,,,,,,,,,,,,,,,,,,,,,,,,,,,,,,,,,,,,,,,,,,,,,,,,,,,,,,,,,,,,,,,,,,,,,,
,,,,,,,,,,,,,,,,,,,CD200R141,,CSF2RA,,,CLEC15P,,,,,,,,,,,,,,,,,,,,,,,,,,,,,,,,,,,,,,,,,,,,,,,,,,,,,,,,,,,,,,,,,,,,,,,,,,,
,,,,,,,,,,,,,,,,,,,CD200R142,,CSF3R,,,CLEC17P,,,,,,,,,,,,,,,,,,,,,,,,,,,,,,,,,,,,,,,,,,,,,,,,,,,,,,,,,,,,,,,,,,,,,,,,,,,
,,,,,,,,,,,,,,,,,,,CD200R143,,LTA4H,,,CLEC19R,,,,,,,,,,,,,,,,,,,,,,,,,,,,,,,,,,,,,,,,,,,,,,,,,,,,,,,,,,,,,,,,,,,,,,,,,,,
,,,,,,,,,,,,,,,,,,,CD200R144,,LTB4R2,,,CLEC1V,,,,,,,,,,,,,,,,,,,,,,,,,,,,,,,,,,,,,,,,,,,,,,,,,,,,,,,,,,,,,,,,,,,,,,,,,,,
,,,,,,,,,,,,,,,,,,,CD200R145,,TNFRSF11B,,,CLEC2P,,,,,,,,,,,,,,,,,,,,,,,,,,,,,,,,,,,,,,,,,,,,,,,,,,,,,,,,,,,,,,,,,,,,,,,,,,,
,,,,,,,,,,,,,,,,,,,CD200R146,,IL1RAP,,,CLEC3P17,,,,,,,,,,,,,,,,,,,,,,,,,,,,,,,,,,,,,,,,,,,,,,,,,,,,,,,,,,,,,,,,,,,,,,,,,,,
,,,,,,,,,,,,,,,,,,,CD200R147,,IL1RN,,,CLEC4LL,,,,,,,,,,,,,,,,,,,,,,,,,,,,,,,,,,,,,,,,,,,,,,,,,,,,,,,,,,,,,,,,,,,,,,,,,,,
,,,,,,,,,,,,,,,,,,,CD200R148,,IL6ST,,,CLEC5A7,,,,,,,,,,,,,,,,,,,,,,,,,,,,,,,,,,,,,,,,,,,,,,,,,,,,,,,,,,,,,,,,,,,,,,,,,,,
,,,,,,,,,,,,,,,,,,,CD200R149,,IL10R2,,,CLEC5Z2,,,,,,,,,,,,,,,,,,,,,,,,,,,,,,,,,,,,,,,,,,,,,,,,,,,,,,,,,,,,,,,,,,,,,,,,,,,
,,,,,,,,,,,,,,,,,,,CD200R150,,IL18RAP,,,CLEC11X,,,,,,,,,,,,,,,,,,,,,,,,,,,,,,,,,,,,,,,,,,,,,,,,,,,,,,,,,,,,,,,,,,,,,,,,,,,
,,,,,,,,,,,,,,,,,,,CD200R151,,IFNGR2,,,CLEC13P12,,,,,,,,,,,,,,,,,,,,,,,,,,,,,,,,,,,,,,,,,,,,,,,,,,,,,,,,,,,,,,,,,,,,,,,,,,,
,,,,,,,,,,,,,,,,,,,CD200R152,,CCR5,,,CLEC15Q,,,,,,,,,,,,,,,,,,,,,,,,,,,,,,,,,,,,,,,,,,,,,,,,,,,,,,,,,,,,,,,,,,,,,,,,,,,
,,,,,,,,,,,,,,,,,,,CD200R153,,CXCR3,,,CLEC17Q,,,,,,,,,,,,,,,,,,,,,,,,,,,,,,,,,,,,,,,,,,,,,,,,,,,,,,,,,,,,,,,,,,,,,,,,,,,
,,,,,,,,,,,,,,,,,,,CD200R154,,CXCR4,,,CLEC19S,,,,,,,,,,,,,,,,,,,,,,,,,,,,,,,,,,,,,,,,,,,,,,,,,,,,,,,,,,,,,,,,,,,,,,,,,,,
,,,,,,,,,,,,,,,,,,,CD200R155,,CSF2RB,,,,,,,,,,,,,,,,,,,,,,,,,,,,,,,,,,,,,,,,,,,,,,,,,,,,,,,,,,,,,,,,,,,,,,,,,,,,,,
,,,,,,,,,,,,,,,,,,,CD200R156,,LTB4R1,,,,,,,,,,,,,,,,,,,,,,,,,,,,,,,,,,,,,,,,,,,,,,,,,,,,,,,,,,,,,,,,,,,,,,,,,,,,,,
,,,,,,,,,,,,,,,,,,,CD200R157,,TNFRSF10B,,,,,,,,,,,,,,,,,,,,,,,,,,,,,,,,,,,,,,,,,,,,,,,,,,,,,,,,,,,,,,,,,,,,,,,,,,,,,,
,,,,,,,,,,,,,,,,,,,CD200R158,,IL1R1,,,,,,,,,,,,,,,,,,,,,,,,,,,,,,,,,,,,,,,,,,,,,,,,,,,,,,,,,,,,,,,,,,,,,,,,,,,,,,
,,,,,,,,,,,,,,,,,,,CD200R159,,IL1R2,,,,,,,,,,,,,,,,,,,,,,,,,,,,,,,,,,,,,,,,,,,,,,,,,,,,,,,,,,,,,,,,,,,,,,,,,,,,,,
,,,,,,,,,,,,,,,,,,,CD200R160,,IL6R,,,,,,,,,,,,,,,,,,,,,,,,,,,,,,,,,,,,,,,,,,,,,,,,,,,,,,,,,,,,,,,,,,,,,,,,,,,,,,
,,,,,,,,,,,,,,,,,,,CD200R161,,IL10RA,,,,,,,,,,,,,,,,,,,,,,,,,,,,,,,,,,,,,,,,,,,,,,,,,,,,,,,,,,,,,,,,,,,,,,,,,,,,,,
,,,,,,,,,,,,,,,,,,,CD200R162,,IL18R1,,,,,,,,,,,,,,,,,,,,,,,,,,,,,,,,,,,,,,,,,,,,,,,,,,,,,,,,,,,,,,,,,,,,,,,,,,,,,,
,,,,,,,,,,,,,,,,,,,CD200R163,,IFNGR1,,,,,,,,,,,,,,,,,,,,,,,,,,,,,,,,,,,,,,,,,,,,,,,,,,,,,,,,,,,,,,,,,,,,,,,,,,,,,,
,,,,,,,,,,,,,,,,,,,CD200R164,,CCR2,,,,,,,,,,,,,,,,,,,,,,,,,,,,,,,,,,,,,,,,,,,,,,,,,,,,,,,,,,,,,,,,,,,,,,,,,,,,,,
,,,,,,,,,,,,,,,,,,,CD200R165,,CXCR1,,,,,,,,,,,,,,,,,,,,,,,,,,,,,,,,,,,,,,,,,,,,,,,,,,,,,,,,,,,,,,,,,,,,,,,,,,,,,,
,,,,,,,,,,,,,,,,,,,CD200R166,,CXCR2,,,,,,,,,,,,,,,,,,,,,,,,,,,,,,,,,,,,,,,,,,,,,,,,,,,,,,,,,,,,,,,,,,,,,,,,,,,,,,
,,,,,,,,,,,,,,,,,,,CD200R167,,CXCR5,,,,,,,,,,,,,,,,,,,,,,,,,,,,,,,,,,,,,,,,,,,,,,,,,,,,,,,,,,,,,,,,,,,,,,,,,,,,,,
,,,,,,,,,,,,,,,,,,,CD200R168,,XCL1,,,,,,,,,,,,,,,,,,,,,,,,,,,,,,,,,,,,,,,,,,,,,,,,,,,,,,,,,,,,,,,,,,,,,,,,,,,,,,
,,,,,,,,,,,,,,,,,,,CD200R169,,XCR1,,,,,,,,,,,,,,,,,,,,,,,,,,,,,,,,,,,,,,,,,,,,,,,,,,,,,,,,,,,,,,,,,,,,,,,,,,,,,,
,,,,,,,,,,,,,,,,,,,CD200R170,,CSF2RA,,,,,,,,,,,,,,,,,,,,,,,,,,,,,,,,,,,,,,,,,,,,,,,,,,,,,,,,,,,,,,,,,,,,,,,,,,,,,,
,,,,,,,,,,,,,,,,,,,CD200R171,,CSF3R,,,,,,,,,,,,,,,,,,,,,,,,,,,,,,,,,,,,,,,,,,,,,,,,,,,,,,,,,,,,,,,,,,,,,,,,,,,,,,
,,,,,,,,,,,,,,,,,,,CD200R172,,LTA4H,,,,,,,,,,,,,,,,,,,,,,,,,,,,,,,,,,,,,,,,,,,,,,,,,,,,,,,,,,,,,,,,,,,,,,,,,,,,,,
,,,,,,,,,,,,,,,,,,,CD200R173,,LTB4R2,,,,,,,,,,,,,,,,,,,,,,,,,,,,,,,,,,,,,,,,,,,,,,,,,,,,,,,,,,,,,,,,,,,,,,,,,,,,,,
,,,,,,,,,,,,,,,,,,,CD200R174,,TNFRSF11B,,,,,,,,,,,,,,,,,,,,,,,,,,,,,,,,,,,,,,,,,,,,,,,,,,,,,,,,,,,,,,,,,,,,,,,,,,,,,,
,,,,,,,,,,,,,,,,,,,CD200R175,,IL1RAP,,,,,,,,,,,,,,,,,,,,,,,,,,,,,,,,,,,,,,,,,,,,,,,,,,,,,,,,,,,,,,,,,,,,,,,,,,,,,,
,,,,,,,,,,,,,,,,,,,CD200R176,,IL1RN,,,,,,,,,,,,,,,,,,,,,,,,,,,,,,,,,,,,,,,,,,,,,,,,,,,,,,,,,,,,,,,,,,,,,,,,,,,,,,
,,,,,,,,,,,,,,,,,,,CD200R177,,IL6ST,,,,,,,,,,,,,,,,,,,,,,,,,,,,,,,,,,,,,,,,,,,,,,,,,,,,,,,,,,,,,,,,,,,,,,,,,,,,,,
,,,,,,,,,,,,,,,,,,,CD200R178,,IL10R2,,,,,,,,,,,,,,,,,,,,,,,,,,,,,,,,,,,,,,,,,,,,,,,,,,,,,,,,,,,,,,,,,,,,,,,,,,,,,,
,,,,,,,,,,,,,,,,,,,CD200R179,,IL18RAP,,,,,,,,,,,,,,,,,,,,,,,,,,,,,,,,,,,,,,,,,,,,,,,,,,,,,,,,,,,,,,,,,,,,,,,,,,,,,,
,,,,,,,,,,,,,,,,,,,CD200R180,,IFNGR2,,,,,,,,,,,,,,,,,,,,,,,,,,,,,,,,,,,,,,,,,,,,,,,,,,,,,,,,,,,,,,,,,,,,,,,,,,,,,,
,,,,,,,,,,,,,,,,,,,CD200R181,,CCR5,,,,,,,,,,,,,,,,,,,,,,,,,,,,,,,,,,,,,,,,,,,,,,,,,,,,,,,,,,,,,,,,,,,,,,,,,,,,,,
,,,,,,,,,,,,,,,,,,,CD200R182,,CXCR3,,,,,,,,,,,,,,,,,,,,,,,,,,,,,,,,,,,,,,,,,,,,,,,,,,,,,,,,,,,,,,,,,,,,,,,,,,,,,,
,,,,,,,,,,,,,,,,,,,CD200R183,,CXCR4,,,,,,,,,,,,,,,,,,,,,,,,,,,,,,,,,,,,,,,,,,,,,,,,,,,,,,,,,,,,,,,,,,,,,,,,,,,,,,
,,,,,,,,,,,,,,,,,,,CD200R184,,CSF2RB,,,,,,,,,,,,,,,,,,,,,,,,,,,,,,,,,,,,,,,,,,,,,,,,,,,,,,,,,,,,,,,,,,,,,,,,,,,,,,
,,,,,,,,,,,,,,,,,,,CD200R185,,LTB4R1,,,,,,,,,,,,,,,,,,,,,,,,,,,,,,,,,,,,,,,,,,,,,,,,,,,,,,,,,,,,,,,,,,,,,,,,,,,,,,
,,,,,,,,,,,,,,,,,,,CD200R186,,TNFRSF10B,,,,,,,,,,,,,,,,,,,,,,,,,,,,,,,,,,,,,,,,,,,,,,,,,,,,,,,,,,,,,,,,,,,,,,,,,,,,,,
,,,,,,,,,,,,,,,,,,,CD200R187,,IL1R1,,,,,,,,,,,,,,,,,,,,,,,,,,,,,,,,,,,,,,,,,,,,,,,,,,,,,,,,,,,,,,,,,,,,,,,,,,,,,,
,,,,,,,,,,,,,,,,,,,CD200R188,,IL1R2,,,,,,,,,,,,,,,,,,,,,,,,,,,,,,,,,,,,,,,,,,,,,,,,,,,,,,,,,,,,,,,,,,,,,,,,,,,,,,
,,,,,,,,,,,,,,,,,,,CD200R189,,IL6R,,,,,,,,,,,,,,,,,,,,,,,,,,,,,,,,,,,,,,,,,,,,,,,,,,,,,,,,,,,,,,,,,,,,,,,,,,,,,,
,,,,,,,,,,,,,,,,,,,CD200R190,,IL10RA,,,,,,,,,,,,,,,,,,,,,,,,,,,,,,,,,,,,,,,,,,,,,,,,,,,,,,,,,,,,,,,,,,,,,,,,,,,,,,
,,,,,,,,,,,,,,,,,,,CD200R191,,IL18R1,,,,,,,,,,,,,,,,,,,,,,,,,,,,,,,,,,,,,,,,,,,,,,,,,,,,,,,,,,,,,,,,,,,,,,,,,,,,,,
,,,,,,,,,,,,,,,,,,,CD200R192,,IFNGR1,,,,,,,,,,,,,,,,,,,,,,,,,,,,,,,,,,,,,,,,,,,,,,,,,,,,,,,,,,,,,,,,,,,,,,,,,,,,,,
,,,,,,,,,,,,,,,,,,,CD200R193,,CCR2,,,,,,,,,,,,,,,,,,,,,,,,,,,,,,,,,,,,,,,,,,,,,,,,,,,,,,,,,,,,,,,,,,,,,,,,,,,,,,
,,,,,,,,,,,,,,,,,,,CD200R194,,CXCR1,,,,,,,,,,,,,,,,,,,,,,,,,,,,,,,,,,,,,,,,,,,,,,,,,,,,,,,,,,,,,,,,,,,,,,,,,,,,,,
,,,,,,,,,,,,,,,,,,,CD200R195,,CXCR2,,,,,,,,,,,,,,,,,,,,,,,,,,,,,,,,,,,,,,,,,,,,,,,,,,,,,,,,,,,,,,,,,,,,,,,,,,,,,,
,,,,,,,,,,,,,,,,,,,CD200R196,,CXCR5,,,,,,,,,,,,,,,,,,,,,,,,,,,,,,,,,,,,,,,,,,,,,,,,,,,,,,,,,,,,,,,,,,,,,,,,,,,,,,
,,,,,,,,,,,,,,,,,,,CD200R197,,XCL1,,,,,,,,,,,,,,,,,,,,,,,,,,,,,,,,,,,,,,,,,,,,,,,,,,,,,,,,,,,,,,,,,,,,,,,,,,,,,,
,,,,,,,,,,,,,,,,,,,CD200R198,,XCR1,,,,,,,,,,,,,,,,,,,,,,,,,,,,,,,,,,,,,,,,,,,,,,,,,,,,,,,,,,,,,,,,,,,,,,,,,,,,,,
,,,,,,,,,,,,,,,,,,,CD200R199,,CSF2RA,,,,,,,,,,,,,,,,,,,,,,,,,,,,,,,,,,,,,,,,,,,,,,,,,,,,,,,,,,,,,,,,,,,,,,,,,,,,,,
,,,,,,,,,,,,,,,,,,,CD200R200,,CSF3R,,,,,,,,,,,,,,,,,,,,,,,,,,,,,,,,,,,,,,,,,,,,,,,,,,,,,,,,,,,,,,,,,,,,,,,,,,,,,,
,,,,,,,,,,,,,,,,,,,,,LTA4H,,,,,,,,,,,,,,,,,,,,,,,,,,,,,,,,,,,,,,,,,,,,,,,,,,,,,,,,,,,,,,,,,,,,,,,,,,,,,,
,,,,,,,,,,,,,,,,,,,,,LTB4R2,,,,,,,,,,,,,,,,,,,,,,,,,,,,,,,,,,,,,,,,,,,,,,,,,,,,,,,,,,,,,,,,,,,,,,,,,,,,,,
,,,,,,,,,,,,,,,,,,,,,TNFRSF11B,,,,,,,,,,,,,,,,,,,,,,,,,,,,,,,,,,,,,,,,,,,,,,,,,,,,,,,,,,,,,,,,,,,,,,,,,,,,,,
,,,,,,,,,,,,,,,,,,,,,IL1RAP,,,,,,,,,,,,,,,,,,,,,,,,,,,,,,,,,,,,,,,,,,,,,,,,,,,,,,,,,,,,,,,,,,,,,,,,,,,,,,
,,,,,,,,,,,,,,,,,,,,,IL1RN,,,,,,,,,,,,,,,,,,,,,,,,,,,,,,,,,,,,,,,,,,,,,,,,,,,,,,,,,,,,,,,,,,,,,,,,,,,,,,
,,,,,,,,,,,,,,,,,,,,,IL6ST,,,,,,,,,,,,,,,,,,,,,,,,,,,,,,,,,,,,,,,,,,,,,,,,,,,,,,,,,,,,,,,,,,,,,,,,,,,,,,
,,,,,,,,,,,,,,,,,,,,,IL10R2,,,,,,,,,,,,,,,,,,,,,,,,,,,,,,,,,,,,,,,,,,,,,,,,,,,,,,,,,,,,,,,,,,,,,,,,,,,,,,
,,,,,,,,,,,,,,,,,,,,,IL18RAP,,,,,,,,,,,,,,,,,,,,,,,,,,,,,,,,,,,,,,,,,,,,,,,,,,,,,,,,,,,,,,,,,,,,,,,,,,,,,,
,,,,,,,,,,,,,,,,,,,,,IFNGR2,,,,,,,,,,,,,,,,,,,,,,,,,,,,,,,,,,,,,,,,,,,,,,,,,,,,,,,,,,,,,,,,,,,,,,,,,,,,,,
,,,,,,,,,,,,,,,,,,,,,CCR5,,,,,,,,,,,,,,,,,,,,,,,,,,,,,,,,,,,,,,,,,,,,,,,,,,,,,,,,,,,,,,,,,,,,,,,,,,,,,,
,,,,,,,,,,,,,,,,,,,,,CXCR3,,,,,,,,,,,,,,,,,,,,,,,,,,,,,,,,,,,,,,,,,,,,,,,,,,,,,,,,,,,,,,,,,,,,,,,,,,,,,,
,,,,,,,,,,,,,,,,,,,,,CXCR4,,,,,,,,,,,,,,,,,,,,,,,,,,,,,,,,,,,,,,,,,,,,,,,,,,,,,,,,,,,,,,,,,,,,,,,,,,,,,,
,,,,,,,,,,,,,,,,,,,,,CSF2RB,,,,,,,,,,,,,,,,,,,,,,,,,,,,,,,,,,,,,,,,,,,,,,,,,,,,,,,,,,,,,,,,,,,,,,,,,,,,,,
,,,,,,,,,,,,,,,,,,,,,LTB4R1,,,,,,,,,,,,,,,,,,,,,,,,,,,,,,,,,,,,,,,,,,,,,,,,,,,,,,,,,,,,,,,,,,,,,,,,,,,,,,
,,,,,,,,,,,,,,,,,,,,,TNFRSF10B,,,,,,,,,,,,,,,,,,,,,,,,,,,,,,,,,,,,,,,,,,,,,,,,,,,,,,,,,,,,,,,,,,,,,,,,,,,,,,
,,,,,,,,,,,,,,,,,,,,,IL1R1,,,,,,,,,,,,,,,,,,,,,,,,,,,,,,,,,,,,,,,,,,,,,,,,,,,,,,,,,,,,,,,,,,,,,,,,,,,,,,
,,,,,,,,,,,,,,,,,,,,,IL1R2,,,,,,,,,,,,,,,,,,,,,,,,,,,,,,,,,,,,,,,,,,,,,,,,,,,,,,,,,,,,,,,,,,,,,,,,,,,,,,
,,,,,,,,,,,,,,,,,,,,,IL6R,,,,,,,,,,,,,,,,,,,,,,,,,,,,,,,,,,,,,,,,,,,,,,,,,,,,,,,,,,,,,,,,,,,,,,,,,,,,,,
,,,,,,,,,,,,,,,,,,,,,IL10RA,,,,,,,,,,,,,,,,,,,,,,,,,,,,,,,,,,,,,,,,,,,,,,,,,,,,,,,,,,,,,,,,,,,,,,,,,,,,,,
,,,,,,,,,,,,,,,,,,,,,IL18R1,,,,,,,,,,,,,,,,,,,,,,,,,,,,,,,,,,,,,,,,,,,,,,,,,,,,,,,,,,,,,,,,,,,,,,,,,,,,,,
,,,,,,,,,,,,,,,,,,,,,IFNGR1,,,,,,,,,,,,,,,,,,,,,,,,,,,,,,,,,,,,,,,,,,,,,,,,,,,,,,,,,,,,,,,,,,,,,,,,,,,,,,
,,,,,,,,,,,,,,,,,,,,,CCR2,,,,,,,,,,,,,,,,,,,,,,,,,,,,,,,,,,,,,,,,,,,,,,,,,,,,,,,,,,,,,,,,,,,,,,,,,,,,,,
,,,,,,,,,,,,,,,,,,,,,CXCR1,,,,,,,,,,,,,,,,,,,,,,,,,,,,,,,,,,,,,,,,,,,,,,,,,,,,,,,,,,,,,,,,,,,,,,,,,,,,,,
,,,,,,,,,,,,,,,,,,,,,CXCR2,,,,,,,,,,,,,,,,,,,,,,,,,,,,,,,,,,,,,,,,,,,,,,,,,,,,,,,,,,,,,,,,,,,,,,,,,,,,,,
,,,,,,,,,,,,,,,,,,,,,CXCR5,,,,,,,,,,,,,,,,,,,,,,,,,,,,,,,,,,,,,,,,,,,,,,,,,,,,,,,,,,,,,,,,,,,,,,,,,,,,,,
,,,,,,,,,,,,,,,,,,,,,XCL1,,,,,,,,,,,,,,,,,,,,,,,,,,,,,,,,,,,,,,,,,,,,,,,,,,,,,,,,,,,,,,,,,,,,,,,,,,,,,,
,,,,,,,,,,,,,,,,,,,,,XCR1,,,,,,,,,,,,,,,,,,,,,,,,,,,,,,,,,,,,,,,,,,,,,,,,,,,,,,,,,,,,,,,,,,,,,,,,,,,,,,
,,,,,,,,,,,,,,,,,,,,,CSF2RA,,,,,,,,,,,,,,,,,,,,,,,,,,,,,,,,,,,,,,,,,,,,,,,,,,,,,,,,,,,,,,,,,,,,,,,,,,,,,,
,,,,,,,,,,,,,,,,,,,,,CSF3R,,,,,,,,,,,,,,,,,,,,,,,,,,,,,,,,,,,,,,,,,,,,,,,,,,,,,,,,,,,,,,,,,,,,,,,,,,,,,,
,,,,,,,,,,,,,,,,,,,,,LTA4H,,,,,,,,,,,,,,,,,,,,,,,,,,,,,,,,,,,,,,,,,,,,,,,,,,,,,,,,,,,,,,,,,,,,,,,,,,,,,,
,,,,,,,,,,,,,,,,,,,,,LTB4R2,,,,,,,,,,,,,,,,,,,,,,,,,,,,,,,,,,,,,,,,,,,,,,,,,,,,,,,,,,,,,,,,,,,,,,,,,,,,,,
,,,,,,,,,,,,,,,,,,,,,TNFRSF11B,,,,,,,,,,,,,,,,,,,,,,,,,,,,,,,,,,,,,,,,,,,,,,,,,,,,,,,,,,,,,,,,,,,,,,,,,,,,,,
,,,,,,,,,,,,,,,,,,,,,IL1RAP,,,,,,,,,,,,,,,,,,,,,,,,,,,,,,,,,,,,,,,,,,,,,,,,,,,,,,,,,,,,,,,,,,,,,,,,,,,,,,
,,,,,,,,,,,,,,,,,,,,,IL1RN,,,,,,,,,,,,,,,,,,,,,,,,,,,,,,,,,,,,,,,,,,,,,,,,,,,,,,,,,,,,,,,,,,,,,,,,,,,,,,
,,,,,,,,,,,,,,,,,,,,,IL6ST,,,,,,,,,,,,,,,,,,,,,,,,,,,,,,,,,,,,,,,,,,,,,,,,,,,,,,,,,,,,,,,,,,,,,,,,,,,,,,
,,,,,,,,,,,,,,,,,,,,,IL10R2,,,,,,,,,,,,,,,,,,,,,,,,,,,,,,,,,,,,,,,,,,,,,,,,,,,,,,,,,,,,,,,,,,,,,,,,,,,,,,
,,,,,,,,,,,,,,,,,,,,,IL18RAP,,,,,,,,,,,,,,,,,,,,,,,,,,,,,,,,,,,,,,,,,,,,,,,,,,,,,,,,,,,,,,,,,,,,,,,,,,,,,,
,,,,,,,,,,,,,,,,,,,,,IFNGR2,,,,,,,,,,,,,,,,,,,,,,,,,,,,,,,,,,,,,,,,,,,,,,,,,,,,,,,,,,,,,,,,,,,,,,,,,,,,,,
,,,,,,,,,,,,,,,,,,,,,CCR5,,,,,,,,,,,,,,,,,,,,,,,,,,,,,,,,,,,,,,,,,,,,,,,,,,,,,,,,,,,,,,,,,,,,,,,,,,,,,,
,,,,,,,,,,,,,,,,,,,,,CXCR3,,,,,,,,,,,,,,,,,,,,,,,,,,,,,,,,,,,,,,,,,,,,,,,,,,,,,,,,,,,,,,,,,,,,,,,,,,,,,,
,,,,,,,,,,,,,,,,,,,,,CXCR4,,,,,,,,,,,,,,,,,,,,,,,,,,,,,,,,,,,,,,,,,,,,,,,,,,,,,,,,,,,,,,,,,,,,,,,,,,,,,,
,,,,,,,,,,,,,,,,,,,,,CSF2RB,,,,,,,,,,,,,,,,,,,,,,,,,,,,,,,,,,,,,,,,,,,,,,,,,,,,,,,,,,,,,,,,,,,,,,,,,,,,,,
,,,,,,,,,,,,,,,,,,,,,LTB4R1,,,,,,,,,,,,,,,,,,,,,,,,,,,,,,,,,,,,,,,,,,,,,,,,,,,,,,,,,,,,,,,,,,,,,,,,,,,,,,
,,,,,,,,,,,,,,,,,,,,,TNFRSF10B,,,,,,,,,,,,,,,,,,,,,,,,,,,,,,,,,,,,,,,,,,,,,,,,,,,,,,,,,,,,,,,,,,,,,,,,,,,,,,
,,,,,,,,,,,,,,,,,,,,,IL1R1,,,,,,,,,,,,,,,,,,,,,,,,,,,,,,,,,,,,,,,,,,,,,,,,,,,,,,,,,,,,,,,,,,,,,,,,,,,,,,
,,,,,,,,,,,,,,,,,,,,,IL1R2,,,,,,,,,,,,,,,,,,,,,,,,,,,,,,,,,,,,,,,,,,,,,,,,,,,,,,,,,,,,,,,,,,,,,,,,,,,,,,
,,,,,,,,,,,,,,,,,,,,,IL6R,,,,,,,,,,,,,,,,,,,,,,,,,,,,,,,,,,,,,,,,,,,,,,,,,,,,,,,,,,,,,,,,,,,,,,,,,,,,,,
,,,,,,,,,,,,,,,,,,,,,IL10RA,,,,,,,,,,,,,,,,,,,,,,,,,,,,,,,,,,,,,,,,,,,,,,,,,,,,,,,,,,,,,,,,,,,,,,,,,,,,,,
,,,,,,,,,,,,,,,,,,,,,IL18R1,,,,,,,,,,,,,,,,,,,,,,,,,,,,,,,,,,,,,,,,,,,,,,,,,,,,,,,,,,,,,,,,,,,,,,,,,,,,,,
,,,,,,,,,,,,,,,,,,,,,IFNGR1,,,,,,,,,,,,,,,,,,,,,,,,,,,,,,,,,,,,,,,,,,,,,,,,,,,,,,,,,,,,,,,,,,,,,,,,,,,,,,
,,,,,,,,,,,,,,,,,,,,,CCR2,,,,,,,,,,,,,,,,,,,,,,,,,,,,,,,,,,,,,,,,,,,,,,,,,,,,,,,,,,,,,,,,,,,,,,,,,,,,,,
,,,,,,,,,,,,,,,,,,,,,CXCR1,,,,,,,,,,,,,,,,,,,,,,,,,,,,,,,,,,,,,,,,,,,,,,,,,,,,,,,,,,,,,,,,,,,,,,,,,,,,,,
,,,,,,,,,,,,,,,,,,,,,CXCR2,,,,,,,,,,,,,,,,,,,,,,,,,,,,,,,,,,,,,,,,,,,,,,,,,,,,,,,,,,,,,,,,,,,,,,,,,,,,,,
,,,,,,,,,,,,,,,,,,,,,CXCR5,,,,,,,,,,,,,,,,,,,,,,,,,,,,,,,,,,,,,,,,,,,,,,,,,,,,,,,,,,,,,,,,,,,,,,,,,,,,,,
,,,,,,,,,,,,,,,,,,,,,XCL1,,,,,,,,,,,,,,,,,,,,,,,,,,,,,,,,,,,,,,,,,,,,,,,,,,,,,,,,,,,,,,,,,,,,,,,,,,,,,,
,,,,,,,,,,,,,,,,,,,,,XCR1,,,,,,,,,,,,,,,,,,,,,,,,,,,,,,,,,,,,,,,,,,,,,,,,,,,,,,,,,,,,,,,,,,,,,,,,,,,,,,
,,,,,,,,,,,,,,,,,,,,,CSF2RA,,,,,,,,,,,,,,,,,,,,,,,,,,,,,,,,,,,,,,,,,,,,,,,,,,,,,,,,,,,,,,,,,,,,,,,,,,,,,,
,,,,,,,,,,,,,,,,,,,,,CSF3R,,,,,,,,,,,,,,,,,,,,,,,,,,,,,,,,,,,,,,,,,,,,,,,,,,,,,,,,,,,,,,,,,,,,,,,,,,,,,,
,,,,,,,,,,,,,,,,,,,,,LTA4H,,,,,,,,,,,,,,,,,,,,,,,,,,,,,,,,,,,,,,,,,,,,,,,,,,,,,,,,,,,,,,,,,,,,,,,,,,,,,,
,,,,,,,,,,,,,,,,,,,,,LTB4R2,,,,,,,,,,,,,,,,,,,,,,,,,,,,,,,,,,,,,,,,,,,,,,,,,,,,,,,,,,,,,,,,,,,,,,,,,,,,,,
,,,,,,,,,,,,,,,,,,,,,TNFRSF11B,,,,,,,,,,,,,,,,,,,,,,,,,,,,,,,,,,,,,,,,,,,,,,,,,,,,,,,,,,,,,,,,,,,,,,,,,,,,,,
,,,,,,,,,,,,,,,,,,,,,IL1RAP,,,,,,,,,,,,,,,,,,,,,,,,,,,,,,,,,,,,,,,,,,,,,,,,,,,,,,,,,,,,,,,,,,,,,,,,,,,,,,
,,,,,,,,,,,,,,,,,,,,,IL1RN,,,,,,,,,,,,,,,,,,,,,,,,,,,,,,,,,,,,,,,,,,,,,,,,,,,,,,,,,,,,,,,,,,,,,,,,,,,,,,
,,,,,,,,,,,,,,,,,,,,,IL6ST,,,,,,,,,,,,,,,,,,,,,,,,,,,,,,,,,,,,,,,,,,,,,,,,,,,,,,,,,,,,,,,,,,,,,,,,,,,,,,
,,,,,,,,,,,,,,,,,,,,,IL10R2,,,,,,,,,,,,,,,,,,,,,,,,,,,,,,,,,,,,,,,,,,,,,,,,,,,,,,,,,,,,,,,,,,,,,,,,,,,,,,
,,,,,,,,,,,,,,,,,,,,,IL18RAP,,,,,,,,,,,,,,,,,,,,,,,,,,,,,,,,,,,,,,,,,,,,,,,,,,,,,,,,,,,,,,,,,,,,,,,,,,,,,,
,,,,,,,,,,,,,,,,,,,,,IFNGR2,,,,,,,,,,,,,,,,,,,,,,,,,,,,,,,,,,,,,,,,,,,,,,,,,,,,,,,,,,,,,,,,,,,,,,,,,,,,,,
,,,,,,,,,,,,,,,,,,,,,CCR5,,,,,,,,,,,,,,,,,,,,,,,,,,,,,,,,,,,,,,,,,,,,,,,,,,,,,,,,,,,,,,,,,,,,,,,,,,,,,,
,,,,,,,,,,,,,,,,,,,,,CXCR3,,,,,,,,,,,,,,,,,,,,,,,,,,,,,,,,,,,,,,,,,,,,,,,,,,,,,,,,,,,,,,,,,,,,,,,,,,,,,,
,,,,,,,,,,,,,,,,,,,,,CXCR4,,,,,,,,,,,,,,,,,,,,,,,,,,,,,,,,,,,,,,,,,,,,,,,,,,,,,,,,,,,,,,,,,,,,,,,,,,,,,,
,,,,,,,,,,,,,,,,,,,,,CSF2RB,,,,,,,,,,,,,,,,,,,,,,,,,,,,,,,,,,,,,,,,,,,,,,,,,,,,,,,,,,,,,,,,,,,,,,,,,,,,,,
,,,,,,,,,,,,,,,,,,,,,LTB4R1,,,,,,,,,,,,,,,,,,,,,,,,,,,,,,,,,,,,,,,,,,,,,,,,,,,,,,,,,,,,,,,,,,,,,,,,,,,,,,
,,,,,,,,,,,,,,,,,,,,,TNFRSF10B,,,,,,,,,,,,,,,,,,,,,,,,,,,,,,,,,,,,,,,,,,,,,,,,,,,,,,,,,,,,,,,,,,,,,,,,,,,,,,
,,,,,,,,,,,,,,,,,,,,,IL1R1,,,,,,,,,,,,,,,,,,,,,,,,,,,,,,,,,,,,,,,,,,,,,,,,,,,,,,,,,,,,,,,,,,,,,,,,,,,,,,
,,,,,,,,,,,,,,,,,,,,,IL1R2,,,,,,,,,,,,,,,,,,,,,,,,,,,,,,,,,,,,,,,,,,,,,,,,,,,,,,,,,,,,,,,,,,,,,,,,,,,,,,
,,,,,,,,,,,,,,,,,,,,,IL6R,,,,,,,,,,,,,,,,,,,,,,,,,,,,,,,,,,,,,,,,,,,,,,,,,,,,,,,,,,,,,,,,,,,,,,,,,,,,,,
,,,,,,,,,,,,,,,,,,,,,IL10RA,,,,,,,,,,,,,,,,,,,,,,,,,,,,,,,,,,,,,,,,,,,,,,,,,,,,,,,,,,,,,,,,,,,,,,,,,,,,,,
,,,,,,,,,,,,,,,,,,,,,IL18R1,,,,,,,,,,,,,,,,,,,,,,,,,,,,,,,,,,,,,,,,,,,,,,,,,,,,,,,,,,,,,,,,,,,,,,,,,,,,,,
,,,,,,,,,,,,,,,,,,,,,IFNGR1,,,,,,,,,,,,,,,,,,,,,,,,,,,,,,,,,,,,,,,,,,,,,,,,,,,,,,,,,,,,,,,,,,,,,,,,,,,,,,
,,,,,,,,,,,,,,,,,,,,,CCR2,,,,,,,,,,,,,,,,,,,,,,,,,,,,,,,,,,,,,,,,,,,,,,,,,,,,,,,,,,,,,,,,,,,,,,,,,,,,,,
,,,,,,,,,,,,,,,,,,,,,CXCR1,,,,,,,,,,,,,,,,,,,,,,,,,,,,,,,,,,,,,,,,,,,,,,,,,,,,,,,,,,,,,,,,,,,,,,,,,,,,,,
,,,,,,,,,,,,,,,,,,,,,CXCR2,,,,,,,,,,,,,,,,,,,,,,,,,,,,,,,,,,,,,,,,,,,,,,,,,,,,,,,,,,,,,,,,,,,,,,,,,,,,,,
,,,,,,,,,,,,,,,,,,,,,CXCR5,,,,,,,,,,,,,,,,,,,,,,,,,,,,,,,,,,,,,,,,,,,,,,,,,,,,,,,,,,,,,,,,,,,,,,,,,,,,,,
,,,,,,,,,,,,,,,,,,,,,XCL1,,,,,,,,,,,,,,,,,,,,,,,,,,,,,,,,,,,,,,,,,,,,,,,,,,,,,,,,,,,,,,,,,,,,,,,,,,,,,,
,,,,,,,,,,,,,,,,,,,,,XCR1,,,,,,,,,,,,,,,,,,,,,,,,,,,,,,,,,,,,,,,,,,,,,,,,,,,,,,,,,,,,,,,,,,,,,,,,,,,,,,
,,,,,,,,,,,,,,,,,,,,,CSF2RA,,,,,,,,,,,,,,,,,,,,,,,,,,,,,,,,,,,,,,,,,,,,,,,,,,,,,,,,,,,,,,,,,,,,,,,,,,,,,,
,,,,,,,,,,,,,,,,,,,,,CSF3R,,,,,,,,,,,,,,,,,,,,,,,,,,,,,,,,,,,,,,,,,,,,,,,,,,,,,,,,,,,,,,,,,,,,,,,,,,,,,,
,,,,,,,,,,,,,,,,,,,,,LTA4H,,,,,,,,,,,,,,,,,,,,,,,,,,,,,,,,,,,,,,,,,,,,,,,,,,,,,,,,,,,,,,,,,,,,,,,,,,,,,,
,,,,,,,,,,,,,,,,,,,,,LTB4R2,,,,,,,,,,,,,,,,,,,,,,,,,,,,,,,,,,,,,,,,,,,,,,,,,,,,,,,,,,,,,,,,,,,,,,,,,,,,,,
,,,,,,,,,,,,,,,,,,,,,TNFRSF11B,,,,,,,,,,,,,,,,,,,,,,,,,,,,,,,,,,,,,,,,,,,,,,,,,,,,,,,,,,,,,,,,,,,,,,,,,,,,,,
,,,,,,,,,,,,,,,,,,,,,IL1RAP,,,,,,,,,,,,,,,,,,,,,,,,,,,,,,,,,,,,,,,,,,,,,,,,,,,,,,,,,,,,,,,,,,,,,,,,,,,,,,
,,,,,,,,,,,,,,,,,,,,,IL1RN,,,,,,,,,,,,,,,,,,,,,,,,,,,,,,,,,,,,,,,,,,,,,,,,,,,,,,,,,,,,,,,,,,,,,,,,,,,,,,
,,,,,,,,,,,,,,,,,,,,,IL6ST,,,,,,,,,,,,,,,,,,,,,,,,,,,,,,,,,,,,,,,,,,,,,,,,,,,,,,,,,,,,,,,,,,,,,,,,,,,,,,
,,,,,,,,,,,,,,,,,,,,,IL10R2,,,,,,,,,,,,,,,,,,,,,,,,,,,,,,,,,,,,,,,,,,,,,,,,,,,,,,,,,,,,,,,,,,,,,,,,,,,,,,
,,,,,,,,,,,,,,,,,,,,,IL18RAP,,,,,,,,,,,,,,,,,,,,,,,,,,,,,,,,,,,,,,,,,,,,,,,,,,,,,,,,,,,,,,,,,,,,,,,,,,,,,,
,,,,,,,,,,,,,,,,,,,,,IFNGR2,,,,,,,,,,,,,,,,,,,,,,,,,,,,,,,,,,,,,,,,,,,,,,,,,,,,,,,,,,,,,,,,,,,,,,,,,,,,,,
,,,,,,,,,,,,,,,,,,,,,CCR5,,,,,,,,,,,,,,,,,,,,,,,,,,,,,,,,,,,,,,,,,,,,,,,,,,,,,,,,,,,,,,,,,,,,,,,,,,,,,,
,,,,,,,,,,,,,,,,,,,,,CXCR3,,,,,,,,,,,,,,,,,,,,,,,,,,,,,,,,,,,,,,,,,,,,,,,,,,,,,,,,,,,,,,,,,,,,,,,,,,,,,,
,,,,,,,,,,,,,,,,,,,,,CXCR4,,,,,,,,,,,,,,,,,,,,,,,,,,,,,,,,,,,,,,,,,,,,,,,,,,,,,,,,,,,,,,,,,,,,,,,,,,,,,,
,,,,,,,,,,,,,,,,,,,,,CSF2RB,,,,,,,,,,,,,,,,,,,,,,,,,,,,,,,,,,,,,,,,,,,,,,,,,,,,,,,,,,,,,,,,,,,,,,,,,,,,,,
,,,,,,,,,,,,,,,,,,,,,LTB4R1,,,,,,,,,,,,,,,,,,,,,,,,,,,,,,,,,,,,,,,,,,,,,,,,,,,,,,,,,,,,,,,,,,,,,,,,,,,,,,
,,,,,,,,,,,,,,,,,,,,,TNFRSF10B,,,,,,,,,,,,,,,,,,,,,,,,,,,,,,,,,,,,,,,,,,,,,,,,,,,,,,,,,,,,,,,,,,,,,,,,,,,,,,
,,,,,,,,,,,,,,,,,,,,,IL1R1,,,,,,,,,,,,,,,,,,,,,,,,,,,,,,,,,,,,,,,,,,,,,,,,,,,,,,,,,,,,,,,,,,,,,,,,,,,,,,
,,,,,,,,,,,,,,,,,,,,,IL1R2,,,,,,,,,,,,,,,,,,,,,,,,,,,,,,,,,,,,,,,,,,,,,,,,,,,,,,,,,,,,,,,,,,,,,,,,,,,,,,
,,,,,,,,,,,,,,,,,,,,,IL6R,,,,,,,,,,,,,,,,,,,,,,,,,,,,,,,,,,,,,,,,,,,,,,,,,,,,,,,,,,,,,,,,,,,,,,,,,,,,,,
,,,,,,,,,,,,,,,,,,,,,IL10RA,,,,,,,,,,,,,,,,,,,,,,,,,,,,,,,,,,,,,,,,,,,,,,,,,,,,,,,,,,,,,,,,,,,,,,,,,,,,,,
,,,,,,,,,,,,,,,,,,,,,IL18R1,,,,,,,,,,,,,,,,,,,,,,,,,,,,,,,,,,,,,,,,,,,,,,,,,,,,,,,,,,,,,,,,,,,,,,,,,,,,,,
,,,,,,,,,,,,,,,,,,,,,IFNGR1,,,,,,,,,,,,,,,,,,,,,,,,,,,,,,,,,,,,,,,,,,,,,,,,,,,,,,,,,,,,,,,,,,,,,,,,,,,,,,
,,,,,,,,,,,,,,,,,,,,,CCR2,,,,,,,,,,,,,,,,,,,,,,,,,,,,,,,,,,,,,,,,,,,,,,,,,,,,,,,,,,,,,,,,,,,,,,,,,,,,,,
,,,,,,,,,,,,,,,,,,,,,CXCR1,,,,,,,,,,,,,,,,,,,,,,,,,,,,,,,,,,,,,,,,,,,,,,,,,,,,,,,,,,,,,,,,,,,,,,,,,,,,,,
,,,,,,,,,,,,,,,,,,,,,CXCR2,,,,,,,,,,,,,,,,,,,,,,,,,,,,,,,,,,,,,,,,,,,,,,,,,,,,,,,,,,,,,,,,,,,,,,,,,,,,,,
,,,,,,,,,,,,,,,,,,,,,CXCR5,,,,,,,,,,,,,,,,,,,,,,,,,,,,,,,,,,,,,,,,,,,,,,,,,,,,,,,,,,,,,,,,,,,,,,,,,,,,,,
,,,,,,,,,,,,,,,,,,,,,XCL1,,,,,,,,,,,,,,,,,,,,,,,,,,,,,,,,,,,,,,,,,,,,,,,,,,,,,,,,,,,,,,,,,,,,,,,,,,,,,,
,,,,,,,,,,,,,,,,,,,,,XCR1,,,,,,,,,,,,,,,,,,,,,,,,,,,,,,,,,,,,,,,,,,,,,,,,,,,,,,,,,,,,,,,,,,,,,,,,,,,,,,
,,,,,,,,,,,,,,,,,,,,,CSF2RA,,,,,,,,,,,,,,,,,,,,,,,,,,,,,,,,,,,,,,,,,,,,,,,,,,,,,,,,,,,,,,,,,,,,,,,,,,,,,,
,,,,,,,,,,,,,,,,,,,,,CSF3R,,,,,,,,,,,,,,,,,,,,,,,,,,,,,,,,,,,,,,,,,,,,,,,,,,,,,,,,,,,,,,,,,,,,,,,,,,,,,,
,,,,,,,,,,,,,,,,,,,,,LTA4H,,,,,,,,,,,,,,,,,,,,,,,,,,,,,,,,,,,,,,,,,,,,,,,,,,,,,,,,,,,,,,,,,,,,,,,,,,,,,,
,,,,,,,,,,,,,,,,,,,,,LTB4R2,,,,,,,,,,,,,,,,,,,,,,,,,,,,,,,,,,,,,,,,,,,,,,,,,,,,,,,,,,,,,,,,,,,,,,,,,,,,,,
,,,,,,,,,,,,,,,,,,,,,TNFRSF11B,,,,,,,,,,,,,,,,,,,,,,,,,,,,,,,,,,,,,,,,,,,,,,,,,,,,,,,,,,,,,,,,,,,,,,,,,,,,,,
,,,,,,,,,,,,,,,,,,,,,IL1RAP,,,,,,,,,,,,,,,,,,,,,,,,,,,,,,,,,,,,,,,,,,,,,,,,,,,,,,,,,,,,,,,,,,,,,,,,,,,,,,
,,,,,,,,,,,,,,,,,,,,,IL1RN,,,,,,,,,,,,,,,,,,,,,,,,,,,,,,,,,,,,,,,,,,,,,,,,,,,,,,,,,,,,,,,,,,,,,,,,,,,,,,
,,,,,,,,,,,,,,,,,,,,,IL6ST,,,,,,,,,,,,,,,,,,,,,,,,,,,,,,,,,,,,,,,,,,,,,,,,,,,,,,,,,,,,,,,,,,,,,,,,,,,,,,
,,,,,,,,,,,,,,,,,,,,,IL10R2,,,,,,,,,,,,,,,,,,,,,,,,,,,,,,,,,,,,,,,,,,,,,,,,,,,,,,,,,,,,,,,,,,,,,,,,,,,,,,
,,,,,,,,,,,,,,,,,,,,,IL18RAP,,,,,,,,,,,,,,,,,,,,,,,,,,,,,,,,,,,,,,,,,,,,,,,,,,,,,,,,,,,,,,,,,,,,,,,,,,,,,,
,,,,,,,,,,,,,,,,,,,,,IFNGR2,,,,,,,,,,,,,,,,,,,,,,,,,,,,,,,,,,,,,,,,,,,,,,,,,,,,,,,,,,,,,,,,,,,,,,,,,,,,,,
,,,,,,,,,,,,,,,,,,,,,CCR5,,,,,,,,,,,,,,,,,,,,,,,,,,,,,,,,,,,,,,,,,,,,,,,,,,,,,,,,,,,,,,,,,,,,,,,,,,,,,,
,,,,,,,,,,,,,,,,,,,,,CXCR3,,,,,,,,,,,,,,,,,,,,,,,,,,,,,,,,,,,,,,,,,,,,,,,,,,,,,,,,,,,,,,,,,,,,,,,,,,,,,,
,,,,,,,,,,,,,,,,,,,,,CXCR4,,,,,,,,,,,,,,,,,,,,,,,,,,,,,,,,,,,,,,,,,,,,,,,,,,,,,,,,,,,,,,,,,,,,,,,,,,,,,,
,,,,,,,,,,,,,,,,,,,,,CSF2RB,,,,,,,,,,,,,,,,,,,,,,,,,,,,,,,,,,,,,,,,,,,,,,,,,,,,,,,,,,,,,,,,,,,,,,,,,,,,,,
,,,,,,,,,,,,,,,,,,,,,LTB4R1,,,,,,,,,,,,,,,,,,,,,,,,,,,,,,,,,,,,,,,,,,,,,,,,,,,,,,,,,,,,,,,,,,,,,,,,,,,,,,
,,,,,,,,,,,,,,,,,,,,,TNFRSF10B,,,,,,,,,,,,,,,,,,,,,,,,,,,,,,,,,,,,,,,,,,,,,,,,,,,,,,,,,,,,,,,,,,,,,,,,,,,,,,
,,,,,,,,,,,,,,,,,,,,,IL1R1,,,,,,,,,,,,,,,,,,,,,,,,,,,,,,,,,,,,,,,,,,,,,,,,,,,,,,,,,,,,,,,,,,,,,,,,,,,,,,
,,,,,,,,,,,,,,,,,,,,,IL1R2,,,,,,,,,,,,,,,,,,,,,,,,,,,,,,,,,,,,,,,,,,,,,,,,,,,,,,,,,,,,,,,,,,,,,,,,,,,,,,
,,,,,,,,,,,,,,,,,,,,,IL6R,,,,,,,,,,,,,,,,,,,,,,,,,,,,,,,,,,,,,,,,,,,,,,,,,,,,,,,,,,,,,,,,,,,,,,,,,,,,,,
,,,,,,,,,,,,,,,,,,,,,IL10RA,,,,,,,,,,,,,,,,,,,,,,,,,,,,,,,,,,,,,,,,,,,,,,,,,,,,,,,,,,,,,,,,,,,,,,,,,,,,,,
,,,,,,,,,,,,,,,,,,,,,IL18R1,,,,,,,,,,,,,,,,,,,,,,,,,,,,,,,,,,,,,,,,,,,,,,,,,,,,,,,,,,,,,,,,,,,,,,,,,,,,,,
,,,,,,,,,,,,,,,,,,,,,IFNGR1,,,,,,,,,,,,,,,,,,,,,,,,,,,,,,,,,,,,,,,,,,,,,,,,,,,,,,,,,,,,,,,,,,,,,,,,,,,,,,
,,,,,,,,,,,,,,,,,,,,,CCR2,,,,,,,,,,,,,,,,,,,,,,,,,,,,,,,,,,,,,,,,,,,,,,,,,,,,,,,,,,,,,,,,,,,,,,,,,,,,,,
,,,,,,,,,,,,,,,,,,,,,CXCR1,,,,,,,,,,,,,,,,,,,,,,,,,,,,,,,,,,,,,,,,,,,,,,,,,,,,,,,,,,,,,,,,,,,,,,,,,,,,,,
,,,,,,,,,,,,,,,,,,,,,CXCR2,,,,,,,,,,,,,,,,,,,,,,,,,,,,,,,,,,,,,,,,,,,,,,,,,,,,,,,,,,,,,,,,,,,,,,,,,,,,,,
,,,,,,,,,,,,,,,,,,,,,CXCR5,,,,,,,,,,,,,,,,,,,,,,,,,,,,,,,,,,,,,,,,,,,,,,,,,,,,,,,,,,,,,,,,,,,,,,,,,,,,,,
,,,,,,,,,,,,,,,,,,,,,XCL1,,,,,,,,,,,,,,,,,,,,,,,,,,,,,,,,,,,,,,,,,,,,,,,,,,,,,,,,,,,,,,,,,,,,,,,,,,,,,,
,,,,,,,,,,,,,,,,,,,,,XCR1,,,,,,,,,,,,,,,,,,,,,,,,,,,,,,,,,,,,,,,,,,,,,,,,,,,,,,,,,,,,,,,,,,,,,,,,,,,,,,
,,,,,,,,,,,,,,,,,,,,,CSF2RA,,,,,,,,,,,,,,,,,,,,,,,,,,,,,,,,,,,,,,,,,,,,,,,,,,,,,,,,,,,,,,,,,,,,,,,,,,,,,,
,,,,,,,,,,,,,,,,,,,,,CSF3R,,,,,,,,,,,,,,,,,,,,,,,,,,,,,,,,,,,,,,,,,,,,,,,,,,,,,,,,,,,,,,,,,,,,,,,,,,,,,,
,,,,,,,,,,,,,,,,,,,,,LTA4H,,,,,,,,,,,,,,,,,,,,,,,,,,,,,,,,,,,,,,,,,,,,,,,,,,,,,,,,,,,,,,,,,,,,,,,,,,,,,,
,,,,,,,,,,,,,,,,,,,,,LTB4R2,,,,,,,,,,,,,,,,,,,,,,,,,,,,,,,,,,,,,,,,,,,,,,,,,,,,,,,,,,,,,,,,,,,,,,,,,,,,,,
,,,,,,,,,,,,,,,,,,,,,TNFRSF11B,,,,,,,,,,,,,,,,,,,,,,,,,,,,,,,,,,,,,,,,,,,,,,,,,,,,,,,,,,,,,,,,,,,,,,,,,,,,,,
,,,,,,,,,,,,,,,,,,,,,IL1RAP,,,,,,,,,,,,,,,,,,,,,,,,,,,,,,,,,,,,,,,,,,,,,,,,,,,,,,,,,,,,,,,,,,,,,,,,,,,,,,
,,,,,,,,,,,,,,,,,,,,,IL1RN,,,,,,,,,,,,,,,,,,,,,,,,,,,,,,,,,,,,,,,,,,,,,,,,,,,,,,,,,,,,,,,,,,,,,,,,,,,,,,
,,,,,,,,,,,,,,,,,,,,,IL6ST,,,,,,,,,,,,,,,,,,,,,,,,,,,,,,,,,,,,,,,,,,,,,,,,,,,,,,,,,,,,,,,,,,,,,,,,,,,,,,
,,,,,,,,,,,,,,,,,,,,,IL10R2,,,,,,,,,,,,,,,,,,,,,,,,,,,,,,,,,,,,,,,,,,,,,,,,,,,,,,,,,,,,,,,,,,,,,,,,,,,,,,
,,,,,,,,,,,,,,,,,,,,,IL18RAP,,,,,,,,,,,,,,,,,,,,,,,,,,,,,,,,,,,,,,,,,,,,,,,,,,,,,,,,,,,,,,,,,,,,,,,,,,,,,,
,,,,,,,,,,,,,,,,,,,,,IFNGR2,,,,,,,,,,,,,,,,,,,,,,,,,,,,,,,,,,,,,,,,,,,,,,,,,,,,,,,,,,,,,,,,,,,,,,,,,,,,,,
,,,,,,,,,,,,,,,,,,,,,CCR5,,,,,,,,,,,,,,,,,,,,,,,,,,,,,,,,,,,,,,,,,,,,,,,,,,,,,,,,,,,,,,,,,,,,,,,,,,,,,,
,,,,,,,,,,,,,,,,,,,,,CXCR3,,,,,,,,,,,,,,,,,,,,,,,,,,,,,,,,,,,,,,,,,,,,,,,,,,,,,,,,,,,,,,,,,,,,,,,,,,,,,,
,,,,,,,,,,,,,,,,,,,,,CXCR4,,,,,,,,,,,,,,,,,,,,,,,,,,,,,,,,,,,,,,,,,,,,,,,,,,,,,,,,,,,,,,,,,,,,,,,,,,,,,,
,,,,,,,,,,,,,,,,,,,,,CSF2RB,,,,,,,,,,,,,,,,,,,,,,,,,,,,,,,,,,,,,,,,,,,,,,,,,,,,,,,,,,,,,,,,,,,,,,,,,,,,,,
,,,,,,,,,,,,,,,,,,,,,LTB4R1,,,,,,,,,,,,,,,,,,,,,,,,,,,,,,,,,,,,,,,,,,,,,,,,,,,,,,,,,,,,,,,,,,,,,,,,,,,,,,
,,,,,,,,,,,,,,,,,,,,,TNFRSF10B,,,,,,,,,,,,,,,,,,,,,,,,,,,,,,,,,,,,,,,,,,,,,,,,,,,,,,,,,,,,,,,,,,,,,,,,,,,,,,
,,,,,,,,,,,,,,,,,,,,,IL1R1,,,,,,,,,,,,,,,,,,,,,,,,,,,,,,,,,,,,,,,,,,,,,,,,,,,,,,,,,,,,,,,,,,,,,,,,,,,,,,
,,,,,,,,,,,,,,,,,,,,,IL1R2,,,,,,,,,,,,,,,,,,,,,,,,,,,,,,,,,,,,,,,,,,,,,,,,,,,,,,,,,,,,,,,,,,,,,,,,,,,,,,
,,,,,,,,,,,,,,,,,,,,,IL6R,,,,,,,,,,,,,,,,,,,,,,,,,,,,,,,,,,,,,,,,,,,,,,,,,,,,,,,,,,,,,,,,,,,,,,,,,,,,,,
,,,,,,,,,,,,,,,,,,,,,IL10RA,,,,,,,,,,,,,,,,,,,,,,,,,,,,,,,,,,,,,,,,,,,,,,,,,,,,,,,,,,,,,,,,,,,,,,,,,,,,,,
,,,,,,,,,,,,,,,,,,,,,IL18R1,,,,,,,,,,,,,,,,,,,,,,,,,,,,,,,,,,,,,,,,,,,,,,,,,,,,,,,,,,,,,,,,,,,,,,,,,,,,,,
,,,,,,,,,,,,,,,,,,,,,IFNGR1,,,,,,,,,,,,,,,,,,,,,,,,,,,,,,,,,,,,,,,,,,,,,,,,,,,,,,,,,,,,,,,,,,,,,,,,,,,,,,
,,,,,,,,,,,,,,,,,,,,,CCR2,,,,,,,,,,,,,,,,,,,,,,,,,,,,,,,,,,,,,,,,,,,,,,,,,,,,,,,,,,,,,,,,,,,,,,,,,,,,,,
,,,,,,,,,,,,,,,,,,,,,CXCR1,,,,,,,,,,,,,,,,,,,,,,,,,,,,,,,,,,,,,,,,,,,,,,,,,,,,,,,,,,,,,,,,,,,,,,,,,,,,,,
,,,,,,,,,,,,,,,,,,,,,CXCR2,,,,,,,,,,,,,,,,,,,,,,,,,,,,,,,,,,,,,,,,,,,,,,,,,,,,,,,,,,,,,,,,,,,,,,,,,,,,,,
,,,,,,,,,,,,,,,,,,,,,CXCR5,,,,,,,,,,,,,,,,,,,,,,,,,,,,,,,,,,,,,,,,,,,,,,,,,,,,,,,,,,,,,,,,,,,,,,,,,,,,,,
,,,,,,,,,,,,,,,,,,,,,XCL1,,,,,,,,,,,,,,,,,,,,,,,,,,,,,,,,,,,,,,,,,,,,,,,,,,,,,,,,,,,,,,,,,,,,,,,,,,,,,,
,,,,,,,,,,,,,,,,,,,,,XCR1,,,,,,,,,,,,,,,,,,,,,,,,,,,,,,,,,,,,,,,,,,,,,,,,,,,,,,,,,,,,,,,,,,,,,,,,,,,,,,
,,,,,,,,,,,,,,,,,,,,,CSF2RA,,,,,,,,,,,,,,,,,,,,,,,,,,,,,,,,,,,,,,,,,,,,,,,,,,,,,,,,,,,,,,,,,,,,,,,,,,,,,,
,,,,,,,,,,,,,,,,,,,,,CSF3R,,,,,,,,,,,,,,,,,,,,,,,,,,,,,,,,,,,,,,,,,,,,,,,,,,,,,,,,,,,,,,,,,,,,,,,,,,,,,,
,,,,,,,,,,,,,,,,,,,,,LTA4H,,,,,,,,,,,,,,,,,,,,,,,,,,,,,,,,,,,,,,,,,,,,,,,,,,,,,,,,,,,,,,,,,,,,,,,,,,,,,,
,,,,,,,,,,,,,,,,,,,,,LTB4R2,,,,,,,,,,,,,,,,,,,,,,,,,,,,,,,,,,,,,,,,,,,,,,,,,,,,,,,,,,,,,,,,,,,,,,,,,,,,,,
,,,,,,,,,,,,,,,,,,,,,TNFRSF11B,,,,,,,,,,,,,,,,,,,,,,,,,,,,,,,,,,,,,,,,,,,,,,,,,,,,,,,,,,,,,,,,,,,,,,,,,,,,,,
,,,,,,,,,,,,,,,,,,,,,IL1RAP,,,,,,,,,,,,,,,,,,,,,,,,,,,,,,,,,,,,,,,,,,,,,,,,,,,,,,,,,,,,,,,,,,,,,,,,,,,,,,
,,,,,,,,,,,,,,,,,,,,,IL1RN,,,,,,,,,,,,,,,,,,,,,,,,,,,,,,,,,,,,,,,,,,,,,,,,,,,,,,,,,,,,,,,,,,,,,,,,,,,,,,
,,,,,,,,,,,,,,,,,,,,,IL6ST,,,,,,,,,,,,,,,,,,,,,,,,,,,,,,,,,,,,,,,,,,,,,,,,,,,,,,,,,,,,,,,,,,,,,,,,,,,,,,
,,,,,,,,,,,,,,,,,,,,,IL10R2,,,,,,,,,,,,,,,,,,,,,,,,,,,,,,,,,,,,,,,,,,,,,,,,,,,,,,,,,,,,,,,,,,,,,,,,,,,,,,
,,,,,,,,,,,,,,,,,,,,,IL18RAP,,,,,,,,,,,,,,,,,,,,,,,,,,,,,,,,,,,,,,,,,,,,,,,,,,,,,,,,,,,,,,,,,,,,,,,,,,,,,,
,,,,,,,,,,,,,,,,,,,,,IFNGR2,,,,,,,,,,,,,,,,,,,,,,,,,,,,,,,,,,,,,,,,,,,,,,,,,,,,,,,,,,,,,,,,,,,,,,,,,,,,,,
,,,,,,,,,,,,,,,,,,,,,CCR5,,,,,,,,,,,,,,,,,,,,,,,,,,,,,,,,,,,,,,,,,,,,,,,,,,,,,,,,,,,,,,,,,,,,,,,,,,,,,,
,,,,,,,,,,,,,,,,,,,,,CXCR3,,,,,,,,,,,,,,,,,,,,,,,,,,,,,,,,,,,,,,,,,,,,,,,,,,,,,,,,,,,,,,,,,,,,,,,,,,,,,,
,,,,,,,,,,,,,,,,,,,,,CXCR4,,,,,,,,,,,,,,,,,,,,,,,,,,,,,,,,,,,,,,,,,,,,,,,,,,,,,,,,,,,,,,,,,,,,,,,,,,,,,,
,,,,,,,,,,,,,,,,,,,,,CSF2RB,,,,,,,,,,,,,,,,,,,,,,,,,,,,,,,,,,,,,,,,,,,,,,,,,,,,,,,,,,,,,,,,,,,,,,,,,,,,,,
,,,,,,,,,,,,,,,,,,,,,LTB4R1,,,,,,,,,,,,,,,,,,,,,,,,,,,,,,,,,,,,,,,,,,,,,,,,,,,,,,,,,,,,,,,,,,,,,,,,,,,,,,
,,,,,,,,,,,,,,,,,,,,,TNFRSF10B,,,,,,,,,,,,,,,,,,,,,,,,,,,,,,,,,,,,,,,,,,,,,,,,,,,,,,,,,,,,,,,,,,,,,,,,,,,,,,
,,,,,,,,,,,,,,,,,,,,,IL1R1,,,,,,,,,,,,,,,,,,,,,,,,,,,,,,,,,,,,,,,,,,,,,,,,,,,,,,,,,,,,,,,,,,,,,,,,,,,,,,
,,,,,,,,,,,,,,,,,,,,,IL1R2,,,,,,,,,,,,,,,,,,,,,,,,,,,,,,,,,,,,,,,,,,,,,,,,,,,,,,,,,,,,,,,,,,,,,,,,,,,,,,
,,,,,,,,,,,,,,,,,,,,,IL6R,,,,,,,,,,,,,,,,,,,,,,,,,,,,,,,,,,,,,,,,,,,,,,,,,,,,,,,,,,,,,,,,,,,,,,,,,,,,,,
,,,,,,,,,,,,,,,,,,,,,IL10RA,,,,,,,,,,,,,,,,,,,,,,,,,,,,,,,,,,,,,,,,,,,,,,,,,,,,,,,,,,,,,,,,,,,,,,,,,,,,,,
,,,,,,,,,,,,,,,,,,,,,IL18R1,,,,,,,,,,,,,,,,,,,,,,,,,,,,,,,,,,,,,,,,,,,,,,,,,,,,,,,,,,,,,,,,,,,,,,,,,,,,,,
,,,,,,,,,,,,,,,,,,,,,IFNGR1,,,,,,,,,,,,,,,,,,,,,,,,,,,,,,,,,,,,,,,,,,,,,,,,,,,,,,,,,,,,,,,,,,,,,,,,,,,,,,
,,,,,,,,,,,,,,,,,,,,,CCR2,,,,,,,,,,,,,,,,,,,,,,,,,,,,,,,,,,,,,,,,,,,,,,,,,,,,,,,,,,,,,,,,,,,,,,,,,,,,,,
,,,,,,,,,,,,,,,,,,,,,CXCR1,,,,,,,,,,,,,,,,,,,,,,,,,,,,,,,,,,,,,,,,,,,,,,,,,,,,,,,,,,,,,,,,,,,,,,,,,,,,,,
,,,,,,,,,,,,,,,,,,,,,CXCR2,,,,,,,,,,,,,,,,,,,,,,,,,,,,,,,,,,,,,,,,,,,,,,,,,,,,,,,,,,,,,,,,,,,,,,,,,,,,,,
,,,,,,,,,,,,,,,,,,,,,CXCR5,,,,,,,,,,,,,,,,,,,,,,,,,,,,,,,,,,,,,,,,,,,,,,,,,,,,,,,,,,,,,,,,,,,,,,,,,,,,,,
,,,,,,,,,,,,,,,,,,,,,XCL1,,,,,,,,,,,,,,,,,,,,,,,,,,,,,,,,,,,,,,,,,,,,,,,,,,,,,,,,,,,,,,,,,,,,,,,,,,,,,,
,,,,,,,,,,,,,,,,,,,,,XCR1,,,,,,,,,,,,,,,,,,,,,,,,,,,,,,,,,,,,,,,,,,,,,,,,,,,,,,,,,,,,,,,,,,,,,,,,,,,,,,
,,,,,,,,,,,,,,,,,,,,,CSF2RA,,,,,,,,,,,,,,,,,,,,,,,,,,,,,,,,,,,,,,,,,,,,,,,,,,,,,,,,,,,,,,,,,,,,,,,,,,,,,,
,,,,,,,,,,,,,,,,,,,,,CSF3R,,,,,,,,,,,,,,,,,,,,,,,,,,,,,,,,,,,,,,,,,,,,,,,,,,,,,,,,,,,,,,,,,,,,,,,,,,,,,,
,,,,,,,,,,,,,,,,,,,,,LTA4H,,,,,,,,,,,,,,,,,,,,,,,,,,,,,,,,,,,,,,,,,,,,,,,,,,,,,,,,,,,,,,,,,,,,,,,,,,,,,,
,,,,,,,,,,,,,,,,,,,,,LTB4R2,,,,,,,,,,,,,,,,,,,,,,,,,,,,,,,,,,,,,,,,,,,,,,,,,,,,,,,,,,,,,,,,,,,,,,,,,,,,,,
,,,,,,,,,,,,,,,,,,,,,TNFRSF11B,,,,,,,,,,,,,,,,,,,,,,,,,,,,,,,,,,,,,,,,,,,,,,,,,,,,,,,,,,,,,,,,,,,,,,,,,,,,,,
,,,,,,,,,,,,,,,,,,,,,IL1RAP,,,,,,,,,,,,,,,,,,,,,,,,,,,,,,,,,,,,,,,,,,,,,,,,,,,,,,,,,,,,,,,,,,,,,,,,,,,,,,
,,,,,,,,,,,,,,,,,,,,,IL1RN,,,,,,,,,,,,,,,,,,,,,,,,,,,,,,,,,,,,,,,,,,,,,,,,,,,,,,,,,,,,,,,,,,,,,,,,,,,,,,
,,,,,,,,,,,,,,,,,,,,,IL6ST,,,,,,,,,,,,,,,,,,,,,,,,,,,,,,,,,,,,,,,,,,,,,,,,,,,,,,,,,,,,,,,,,,,,,,,,,,,,,,
,,,,,,,,,,,,,,,,,,,,,IL10R2,,,,,,,,,,,,,,,,,,,,,,,,,,,,,,,,,,,,,,,,,,,,,,,,,,,,,,,,,,,,,,,,,,,,,,,,,,,,,,
,,,,,,,,,,,,,,,,,,,,,IL18RAP,,,,,,,,,,,,,,,,,,,,,,,,,,,,,,,,,,,,,,,,,,,,,,,,,,,,,,,,,,,,,,,,,,,,,,,,,,,,,,
,,,,,,,,,,,,,,,,,,,,,IFNGR2,,,,,,,,,,,,,,,,,,,,,,,,,,,,,,,,,,,,,,,,,,,,,,,,,,,,,,,,,,,,,,,,,,,,,,,,,,,,,,
,,,,,,,,,,,,,,,,,,,,,CCR5,,,,,,,,,,,,,,,,,,,,,,,,,,,,,,,,,,,,,,,,,,,,,,,,,,,,,,,,,,,,,,,,,,,,,,,,,,,,,,
,,,,,,,,,,,,,,,,,,,,,CXCR3,,,,,,,,,,,,,,,,,,,,,,,,,,,,,,,,,,,,,,,,,,,,,,,,,,,,,,,,,,,,,,,,,,,,,,,,,,,,,,
,,,,,,,,,,,,,,,,,,,,,CXCR4,,,,,,,,,,,,,,,,,,,,,,,,,,,,,,,,,,,,,,,,,,,,,,,,,,,,,,,,,,,,,,,,,,,,,,,,,,,,,,
,,,,,,,,,,,,,,,,,,,,,CSF2RB,,,,,,,,,,,,,,,,,,,,,,,,,,,,,,,,,,,,,,,,,,,,,,,,,,,,,,,,,,,,,,,,,,,,,,,,,,,,,,
,,,,,,,,,,,,,,,,,,,,,LTB4R1,,,,,,,,,,,,,,,,,,,,,,,,,,,,,,,,,,,,,,,,,,,,,,,,,,,,,,,,,,,,,,,,,,,,,,,,,,,,,,
,,,,,,,,,,,,,,,,,,,,,TNFRSF10B,,,,,,,,,,,,,,,,,,,,,,,,,,,,,,,,,,,,,,,,,,,,,,,,,,,,,,,,,,,,,,,,,,,,,,,,,,,,,,
,,,,,,,,,,,,,,,,,,,,,IL1R1,,,,,,,,,,,,,,,,,,,,,,,,,,,,,,,,,,,,,,,,,,,,,,,,,,,,,,,,,,,,,,,,,,,,,,,,,,,,,,
,,,,,,,,,,,,,,,,,,,,,IL1R2,,,,,,,,,,,,,,,,,,,,,,,,,,,,,,,,,,,,,,,,,,,,,,,,,,,,,,,,,,,,,,,,,,,,,,,,,,,,,,
,,,,,,,,,,,,,,,,,,,,,IL6R,,,,,,,,,,,,,,,,,,,,,,,,,,,,,,,,,,,,,,,,,,,,,,,,,,,,,,,,,,,,,,,,,,,,,,,,,,,,,,
,,,,,,,,,,,,,,,,,,,,,IL10RA,,,,,,,,,,,,,,,,,,,,,,,,,,,,,,,,,,,,,,,,,,,,,,,,,,,,,,,,,,,,,,,,,,,,,,,,,,,,,,
,,,,,,,,,,,,,,,,,,,,,IL18R1,,,,,,,,,,,,,,,,,,,,,,,,,,,,,,,,,,,,,,,,,,,,,,,,,,,,,,,,,,,,,,,,,,,,,,,,,,,,,,
,,,,,,,,,,,,,,,,,,,,,IFNGR1,,,,,,,,,,,,,,,,,,,,,,,,,,,,,,,,,,,,,,,,,,,,,,,,,,,,,,,,,,,,,,,,,,,,,,,,,,,,,,
,,,,,,,,,,,,,,,,,,,,,CCR2,,,,,,,,,,,,,,,,,,,,,,,,,,,,,,,,,,,,,,,,,,,,,,,,,,,,,,,,,,,,,,,,,,,,,,,,,,,,,,
,,,,,,,,,,,,,,,,,,,,,CXCR1,,,,,,,,,,,,,,,,,,,,,,,,,,,,,,,,,,,,,,,,,,,,,,,,,,,,,,,,,,,,,,,,,,,,,,,,,,,,,,
,,,,,,,,,,,,,,,,,,,,,CXCR2,,,,,,,,,,,,,,,,,,,,,,,,,,,,,,,,,,,,,,,,,,,,,,,,,,,,,,,,,,,,,,,,,,,,,,,,,,,,,,
,,,,,,,,,,,,,,,,,,,,,CXCR5,,,,,,,,,,,,,,,,,,,,,,,,,,,,,,,,,,,,,,,,,,,,,,,,,,,,,,,,,,,,,,,,,,,,,,,,,,,,,,
,,,,,,,,,,,,,,,,,,,,,XCL1,,,,,,,,,,,,,,,,,,,,,,,,,,,,,,,,,,,,,,,,,,,,,,,,,,,,,,,,,,,,,,,,,,,,,,,,,,,,,,
,,,,,,,,,,,,,,,,,,,,,XCR1,,,,,,,,,,,,,,,,,,,,,,,,,,,,,,,,,,,,,,,,,,,,,,,,,,,,,,,,,,,,,,,,,,,,,,,,,,,,,,
,,,,,,,,,,,,,,,,,,,,,CSF2RA,,,,,,,,,,,,,,,,,,,,,,,,,,,,,,,,,,,,,,,,,,,,,,,,,,,,,,,,,,,,,,,,,,,,,,,,,,,,,,
,,,,,,,,,,,,,,,,,,,,,CSF3R,,,,,,,,,,,,,,,,,,,,,,,,,,,,,,,,,,,,,,,,,,,,,,,,,,,,,,,,,,,,,,,,,,,,,,,,,,,,,,
,,,,,,,,,,,,,,,,,,,,,LTA4H,,,,,,,,,,,,,,,,,,,,,,,,,,,,,,,,,,,,,,,,,,,,,,,,,,,,,,,,,,,,,,,,,,,,,,,,,,,,,,
,,,,,,,,,,,,,,,,,,,,,LTB4R2,,,,,,,,,,,,,,,,,,,,,,,,,,,,,,,,,,,,,,,,,,,,,,,,,,,,,,,,,,,,,,,,,,,,,,,,,,,,,,
,,,,,,,,,,,,,,,,,,,,,TNFRSF11B,,,,,,,,,,,,,,,,,,,,,,,,,,,,,,,,,,,,,,,,,,,,,,,,,,,,,,,,,,,,,,,,,,,,,,,,,,,,,,
,,,,,,,,,,,,,,,,,,,,,IL1RAP,,,,,,,,,,,,,,,,,,,,,,,,,,,,,,,,,,,,,,,,,,,,,,,,,,,,,,,,,,,,,,,,,,,,,,,,,,,,,,
,,,,,,,,,,,,,,,,,,,,,IL1RN,,,,,,,,,,,,,,,,,,,,,,,,,,,,,,,,,,,,,,,,,,,,,,,,,,,,,,,,,,,,,,,,,,,,,,,,,,,,,,
,,,,,,,,,,,,,,,,,,,,,IL6ST,,,,,,,,,,,,,,,,,,,,,,,,,,,,,,,,,,,,,,,,,,,,,,,,,,,,,,,,,,,,,,,,,,,,,,,,,,,,,,
,,,,,,,,,,,,,,,,,,,,,IL10R2,,,,,,,,,,,,,,,,,,,,,,,,,,,,,,,,,,,,,,,,,,,,,,,,,,,,,,,,,,,,,,,,,,,,,,,,,,,,,,
,,,,,,,,,,,,,,,,,,,,,IL18RAP,,,,,,,,,,,,,,,,,,,,,,,,,,,,,,,,,,,,,,,,,,,,,,,,,,,,,,,,,,,,,,,,,,,,,,,,,,,,,,
,,,,,,,,,,,,,,,,,,,,,IFNGR2,,,,,,,,,,,,,,,,,,,,,,,,,,,,,,,,,,,,,,,,,,,,,,,,,,,,,,,,,,,,,,,,,,,,,,,,,,,,,,
,,,,,,,,,,,,,,,,,,,,,CCR5,,,,,,,,,,,,,,,,,,,,,,,,,,,,,,,,,,,,,,,,,,,,,,,,,,,,,,,,,,,,,,,,,,,,,,,,,,,,,,
,,,,,,,,,,,,,,,,,,,,,CXCR3,,,,,,,,,,,,,,,,,,,,,,,,,,,,,,,,,,,,,,,,,,,,,,,,,,,,,,,,,,,,,,,,,,,,,,,,,,,,,,
,,,,,,,,,,,,,,,,,,,,,CXCR4,,,,,,,,,,,,,,,,,,,,,,,,,,,,,,,,,,,,,,,,,,,,,,,,,,,,,,,,,,,,,,,,,,,,,,,,,,,,,,
,,,,,,,,,,,,,,,,,,,,,CSF2RB,,,,,,,,,,,,,,,,,,,,,,,,,,,,,,,,,,,,,,,,,,,,,,,,,,,,,,,,,,,,,,,,,,,,,,,,,,,,,,
,,,,,,,,,,,,,,,,,,,,,LTB4R1,,,,,,,,,,,,,,,,,,,,,,,,,,,,,,,,,,,,,,,,,,,,,,,,,,,,,,,,,,,,,,,,,,,,,,,,,,,,,,
,,,,,,,,,,,,,,,,,,,,,TNFRSF10B,,,,,,,,,,,,,,,,,,,,,,,,,,,,,,,,,,,,,,,,,,,,,,,,,,,,,,,,,,,,,,,,,,,,,,,,,,,,,,
,,,,,,,,,,,,,,,,,,,,,IL1R1,,,,,,,,,,,,,,,,,,,,,,,,,,,,,,,,,,,,,,,,,,,,,,,,,,,,,,,,,,,,,,,,,,,,,,,,,,,,,,
,,,,,,,,,,,,,,,,,,,,,IL1R2,,,,,,,,,,,,,,,,,,,,,,,,,,,,,,,,,,,,,,,,,,,,,,,,,,,,,,,,,,,,,,,,,,,,,,,,,,,,,,
,,,,,,,,,,,,,,,,,,,,,IL6R,,,,,,,,,,,,,,,,,,,,,,,,,,,,,,,,,,,,,,,,,,,,,,,,,,,,,,,,,,,,,,,,,,,,,,,,,,,,,,
,,,,,,,,,,,,,,,,,,,,,IL10RA,,,,,,,,,,,,,,,,,,,,,,,,,,,,,,,,,,,,,,,,,,,,,,,,,,,,,,,,,,,,,,,,,,,,,,,,,,,,,,
,,,,,,,,,,,,,,,,,,,,,IL18R1,,,,,,,,,,,,,,,,,,,,,,,,,,,,,,,,,,,,,,,,,,,,,,,,,,,,,,,,,,,,,,,,,,,,,,,,,,,,,,
,,,,,,,,,,,,,,,,,,,,,IFNGR1,,,,,,,,,,,,,,,,,,,,,,,,,,,,,,,,,,,,,,,,,,,,,,,,,,,,,,,,,,,,,,,,,,,,,,,,,,,,,,
,,,,,,,,,,,,,,,,,,,,,CCR2,,,,,,,,,,,,,,,,,,,,,,,,,,,,,,,,,,,,,,,,,,,,,,,,,,,,,,,,,,,,,,,,,,,,,,,,,,,,,,
,,,,,,,,,,,,,,,,,,,,,CXCR1,,,,,,,,,,,,,,,,,,,,,,,,,,,,,,,,,,,,,,,,,,,,,,,,,,,,,,,,,,,,,,,,,,,,,,,,,,,,,,
,,,,,,,,,,,,,,,,,,,,,CXCR2,,,,,,,,,,,,,,,,,,,,,,,,,,,,,,,,,,,,,,,,,,,,,,,,,,,,,,,,,,,,,,,,,,,,,,,,,,,,,,
,,,,,,,,,,,,,,,,,,,,,CXCR5,,,,,,,,,,,,,,,,,,,,,,,,,,,,,,,,,,,,,,,,,,,,,,,,,,,,,,,,,,,,,,,,,,,,,,,,,,,,,,
,,,,,,,,,,,,,,,,,,,,,XCL1,,,,,,,,,,,,,,,,,,,,,,,,,,,,,,,,,,,,,,,,,,,,,,,,,,,,,,,,,,,,,,,,,,,,,,,,,,,,,,
,,,,,,,,,,,,,,,,,,,,,XCR1,,,,,,,,,,,,,,,,,,,,,,,,,,,,,,,,,,,,,,,,,,,,,,,,,,,,,,,,,,,,,,,,,,,,,,,,,,,,,,
,,,,,,,,,,,,,,,,,,,,,CSF2RA,,,,,,,,,,,,,,,,,,,,,,,,,,,,,,,,,,,,,,,,,,,,,,,,,,,,,,,,,,,,,,,,,,,,,,,,,,,,,,
,,,,,,,,,,,,,,,,,,,,,CSF3R,,,,,,,,,,,,,,,,,,,,,,,,,,,,,,,,,,,,,,,,,,,,,,,,,,,,,,,,,,,,,,,,,,,,,,,,,,,,,,
,,,,,,,,,,,,,,,,,,,,,LTA4H,,,,,,,,,,,,,,,,,,,,,,,,,,,,,,,,,,,,,,,,,,,,,,,,,,,,,,,,,,,,,,,,,,,,,,,,,,,,,,
,,,,,,,,,,,,,,,,,,,,,LTB4R2,,,,,,,,,,,,,,,,,,,,,,,,,,,,,,,,,,,,,,,,,,,,,,,,,,,,,,,,,,,,,,,,,,,,,,,,,,,,,,
,,,,,,,,,,,,,,,,,,,,,TNFRSF11B,,,,,,,,,,,,,,,,,,,,,,,,,,,,,,,,,,,,,,,,,,,,,,,,,,,,,,,,,,,,,,,,,,,,,,,,,,,,,,
,,,,,,,,,,,,,,,,,,,,,IL1RAP,,,,,,,,,,,,,,,,,,,,,,,,,,,,,,,,,,,,,,,,,,,,,,,,,,,,,,,,,,,,,,,,,,,,,,,,,,,,,,
,,,,,,,,,,,,,,,,,,,,,IL1RN,,,,,,,,,,,,,,,,,,,,,,,,,,,,,,,,,,,,,,,,,,,,,,,,,,,,,,,,,,,,,,,,,,,,,,,,,,,,,,
,,,,,,,,,,,,,,,,,,,,,IL6ST,,,,,,,,,,,,,,,,,,,,,,,,,,,,,,,,,,,,,,,,,,,,,,,,,,,,,,,,,,,,,,,,,,,,,,,,,,,,,,
,,,,,,,,,,,,,,,,,,,,,IL10R2,,,,,,,,,,,,,,,,,,,,,,,,,,,,,,,,,,,,,,,,,,,,,,,,,,,,,,,,,,,,,,,,,,,,,,,,,,,,,,
,,,,,,,,,,,,,,,,,,,,,IL18RAP,,,,,,,,,,,,,,,,,,,,,,,,,,,,,,,,,,,,,,,,,,,,,,,,,,,,,,,,,,,,,,,,,,,,,,,,,,,,,,
,,,,,,,,,,,,,,,,,,,,,IFNGR2,,,,,,,,,,,,,,,,,,,,,,,,,,,,,,,,,,,,,,,,,,,,,,,,,,,,,,,,,,,,,,,,,,,,,,,,,,,,,,
,,,,,,,,,,,,,,,,,,,,,CCR5,,,,,,,,,,,,,,,,,,,,,,,,,,,,,,,,,,,,,,,,,,,,,,,,,,,,,,,,,,,,,,,,,,,,,,,,,,,,,,
,,,,,,,,,,,,,,,,,,,,,CXCR3,,,,,,,,,,,,,,,,,,,,,,,,,,,,,,,,,,,,,,,,,,,,,,,,,,,,,,,,,,,,,,,,,,,,,,,,,,,,,,
,,,,,,,,,,,,,,,,,,,,,CXCR4,,,,,,,,,,,,,,,,,,,,,,,,,,,,,,,,,,,,,,,,,,,,,,,,,,,,,,,,,,,,,,,,,,,,,,,,,,,,,,
,,,,,,,,,,,,,,,,,,,,,CSF2RB,,,,,,,,,,,,,,,,,,,,,,,,,,,,,,,,,,,,,,,,,,,,,,,,,,,,,,,,,,,,,,,,,,,,,,,,,,,,,,
,,,,,,,,,,,,,,,,,,,,,LTB4R1,,,,,,,,,,,,,,,,,,,,,,,,,,,,,,,,,,,,,,,,,,,,,,,,,,,,,,,,,,,,,,,,,,,,,,,,,,,,,,
,,,,,,,,,,,,,,,,,,,,,TNFRSF10B,,,,,,,,,,,,,,,,,,,,,,,,,,,,,,,,,,,,,,,,,,,,,,,,,,,,,,,,,,,,,,,,,,,,,,,,,,,,,,
,,,,,,,,,,,,,,,,,,,,,IL1R1,,,,,,,,,,,,,,,,,,,,,,,,,,,,,,,,,,,,,,,,,,,,,,,,,,,,,,,,,,,,,,,,,,,,,,,,,,,,,,
,,,,,,,,,,,,,,,,,,,,,IL1R2,,,,,,,,,,,,,,,,,,,,,,,,,,,,,,,,,,,,,,,,,,,,,,,,,,,,,,,,,,,,,,,,,,,,,,,,,,,,,,
,,,,,,,,,,,,,,,,,,,,,IL6R,,,,,,,,,,,,,,,,,,,,,,,,,,,,,,,,,,,,,,,,,,,,,,,,,,,,,,,,,,,,,,,,,,,,,,,,,,,,,,
,,,,,,,,,,,,,,,,,,,,,IL10RA,,,,,,,,,,,,,,,,,,,,,,,,,,,,,,,,,,,,,,,,,,,,,,,,,,,,,,,,,,,,,,,,,,,,,,,,,,,,,,
,,,,,,,,,,,,,,,,,,,,,IL18R1,,,,,,,,,,,,,,,,,,,,,,,,,,,,,,,,,,,,,,,,,,,,,,,,,,,,,,,,,,,,,,,,,,,,,,,,,,,,,,
,,,,,,,,,,,,,,,,,,,,,IFNGR1,,,,,,,,,,,,,,,,,,,,,,,,,,,,,,,,,,,,,,,,,,,,,,,,,,,,,,,,,,,,,,,,,,,,,,,,,,,,,,
,,,,,,,,,,,,,,,,,,,,,CCR2,,,,,,,,,,,,,,,,,,,,,,,,,,,,,,,,,,,,,,,,,,,,,,,,,,,,,,,,,,,,,,,,,,,,,,,,,,,,,,
,,,,,,,,,,,,,,,,,,,,,CXCR1,,,,,,,,,,,,,,,,,,,,,,,,,,,,,,,,,,,,,,,,,,,,,,,,,,,,,,,,,,,,,,,,,,,,,,,,,,,,,,
,,,,,,,,,,,,,,,,,,,,,CXCR2,,,,,,,,,,,,,,,,,,,,,,,,,,,,,,,,,,,,,,,,,,,,,,,,,,,,,,,,,,,,,,,,,,,,,,,,,,,,,,
,,,,,,,,,,,,,,,,,,,,,CXCR5,,,,,,,,,,,,,,,,,,,,,,,,,,,,,,,,,,,,,,,,,,,,,,,,,,,,,,,,,,,,,,,,,,,,,,,,,,,,,,
,,,,,,,,,,,,,,,,,,,,,XCL1,,,,,,,,,,,,,,,,,,,,,,,,,,,,,,,,,,,,,,,,,,,,,,,,,,,,,,,,,,,,,,,,,,,,,,,,,,,,,,
,,,,,,,,,,,,,,,,,,,,,XCR1,,,,,,,,,,,,,,,,,,,,,,,,,,,,,,,,,,,,,,,,,,,,,,,,,,,,,,,,,,,,,,,,,,,,,,,,,,,,,,
,,,,,,,,,,,,,,,,,,,,,CSF2RA,,,,,,,,,,,,,,,,,,,,,,,,,,,,,,,,,,,,,,,,,,,,,,,,,,,,,,,,,,,,,,,,,,,,,,,,,,,,,,
,,,,,,,,,,,,,,,,,,,,,CSF3R,,,,,,,,,,,,,,,,,,,,,,,,,,,,,,,,,,,,,,,,,,,,,,,,,,,,,,,,,,,,,,,,,,,,,,,,,,,,,,
,,,,,,,,,,,,,,,,,,,,,LTA4H,,,,,,,,,,,,,,,,,,,,,,,,,,,,,,,,,,,,,,,,,,,,,,,,,,,,,,,,,,,,,,,,,,,,,,,,,,,,,,
,,,,,,,,,,,,,,,,,,,,,LTB4R2,,,,,,,,,,,,,,,,,,,,,,,,,,,,,,,,,,,,,,,,,,,,,,,,,,,,,,,,,,,,,,,,,,,,,,,,,,,,,,
,,,,,,,,,,,,,,,,,,,,,TNFRSF11B,,,,,,,,,,,,,,,,,,,,,,,,,,,,,,,,,,,,,,,,,,,,,,,,,,,,,,,,,,,,,,,,,,,,,,,,,,,,,,
,,,,,,,,,,,,,,,,,,,,,IL1RAP,,,,,,,,,,,,,,,,,,,,,,,,,,,,,,,,,,,,,,,,,,,,,,,,,,,,,,,,,,,,,,,,,,,,,,,,,,,,,,
,,,,,,,,,,,,,,,,,,,,,IL1RN,,,,,,,,,,,,,,,,,,,,,,,,,,,,,,,,,,,,,,,,,,,,,,,,,,,,,,,,,,,,,,,,,,,,,,,,,,,,,,
,,,,,,,,,,,,,,,,,,,,,IL6ST,,,,,,,,,,,,,,,,,,,,,,,,,,,,,,,,,,,,,,,,,,,,,,,,,,,,,,,,,,,,,,,,,,,,,,,,,,,,,,
,,,,,,,,,,,,,,,,,,,,,IL10R2,,,,,,,,,,,,,,,,,,,,,,,,,,,,,,,,,,,,,,,,,,,,,,,,,,,,,,,,,,,,,,,,,,,,,,,,,,,,,,
,,,,,,,,,,,,,,,,,,,,,IL18RAP,,,,,,,,,,,,,,,,,,,,,,,,,,,,,,,,,,,,,,,,,,,,,,,,,,,,,,,,,,,,,,,,,,,,,,,,,,,,,,
,,,,,,,,,,,,,,,,,,,,,IFNGR2,,,,,,,,,,,,,,,,,,,,,,,,,,,,,,,,,,,,,,,,,,,,,,,,,,,,,,,,,,,,,,,,,,,,,,,,,,,,,,
,,,,,,,,,,,,,,,,,,,,,CCR5,,,,,,,,,,,,,,,,,,,,,,,,,,,,,,,,,,,,,,,,,,,,,,,,,,,,,,,,,,,,,,,,,,,,,,,,,,,,,,
,,,,,,,,,,,,,,,,,,,,,CXCR3,,,,,,,,,,,,,,,,,,,,,,,,,,,,,,,,,,,,,,,,,,,,,,,,,,,,,,,,,,,,,,,,,,,,,,,,,,,,,,
,,,,,,,,,,,,,,,,,,,,,CXCR4,,,,,,,,,,,,,,,,,,,,,,,,,,,,,,,,,,,,,,,,,,,,,,,,,,,,,,,,,,,,,,,,,,,,,,,,,,,,,,
,,,,,,,,,,,,,,,,,,,,,CSF2RB,,,,,,,,,,,,,,,,,,,,,,,,,,,,,,,,,,,,,,,,,,,,,,,,,,,,,,,,,,,,,,,,,,,,,,,,,,,,,,
,,,,,,,,,,,,,,,,,,,,,LTB4R1,,,,,,,,,,,,,,,,,,,,,,,,,,,,,,,,,,,,,,,,,,,,,,,,,,,,,,,,,,,,,,,,,,,,,,,,,,,,,,
,,,,,,,,,,,,,,,,,,,,,TNFRSF10B,,,,,,,,,,,,,,,,,,,,,,,,,,,,,,,,,,,,,,,,,,,,,,,,,,,,,,,,,,,,,,,,,,,,,,,,,,,,,,
,,,,,,,,,,,,,,,,,,,,,IL1R1,,,,,,,,,,,,,,,,,,,,,,,,,,,,,,,,,,,,,,,,,,,,,,,,,,,,,,,,,,,,,,,,,,,,,,,,,,,,,,
,,,,,,,,,,,,,,,,,,,,,IL1R2,,,,,,,,,,,,,,,,,,,,,,,,,,,,,,,,,,,,,,,,,,,,,,,,,,,,,,,,,,,,,,,,,,,,,,,,,,,,,,
,,,,,,,,,,,,,,,,,,,,,IL6R,,,,,,,,,,,,,,,,,,,,,,,,,,,,,,,,,,,,,,,,,,,,,,,,,,,,,,,,,,,,,,,,,,,,,,,,,,,,,,
,,,,,,,,,,,,,,,,,,,,,IL10RA,,,,,,,,,,,,,,,,,,,,,,,,,,,,,,,,,,,,,,,,,,,,,,,,,,,,,,,,,,,,,,,,,,,,,,,,,,,,,,
,,,,,,,,,,,,,,,,,,,,,IL18R1,,,,,,,,,,,,,,,,,,,,,,,,,,,,,,,,,,,,,,,,,,,,,,,,,,,,,,,,,,,,,,,,,,,,,,,,,,,,,,
,,,,,,,,,,,,,,,,,,,,,IFNGR1,,,,,,,,,,,,,,,,,,,,,,,,,,,,,,,,,,,,,,,,,,,,,,,,,,,,,,,,,,,,,,,,,,,,,,,,,,,,,,
,,,,,,,,,,,,,,,,,,,,,CCR2,,,,,,,,,,,,,,,,,,,,,,,,,,,,,,,,,,,,,,,,,,,,,,,,,,,,,,,,,,,,,,,,,,,,,,,,,,,,,,
,,,,,,,,,,,,,,,,,,,,,CXCR1,,,,,,,,,,,,,,,,,,,,,,,,,,,,,,,,,,,,,,,,,,,,,,,,,,,,,,,,,,,,,,,,,,,,,,,,,,,,,,
,,,,,,,,,,,,,,,,,,,,,CXCR2,,,,,,,,,,,,,,,,,,,,,,,,,,,,,,,,,,,,,,,,,,,,,,,,,,,,,,,,,,,,,,,,,,,,,,,,,,,,,,
,,,,,,,,,,,,,,,,,,,,,CXCR5,,,,,,,,,,,,,,,,,,,,,,,,,,,,,,,,,,,,,,,,,,,,,,,,,,,,,,,,,,,,,,,,,,,,,,,,,,,,,,
,,,,,,,,,,,,,,,,,,,,,XCL1,,,,,,,,,,,,,,,,,,,,,,,,,,,,,,,,,,,,,,,,,,,,,,,,,,,,,,,,,,,,,,,,,,,,,,,,,,,,,,
,,,,,,,,,,,,,,,,,,,,,XCR1,,,,,,,,,,,,,,,,,,,,,,,,,,,,,,,,,,,,,,,,,,,,,,,,,,,,,,,,,,,,,,,,,,,,,,,,,,,,,,
,,,,,,,,,,,,,,,,,,,,,CSF2RA,,,,,,,,,,,,,,,,,,,,,,,,,,,,,,,,,,,,,,,,,,,,,,,,,,,,,,,,,,,,,,,,,,,,,,,,,,,,,,
,,,,,,,,,,,,,,,,,,,,,CSF3R,,,,,,,,,,,,,,,,,,,,,,,,,,,,,,,,,,,,,,,,,,,,,,,,,,,,,,,,,,,,,,,,,,,,,,,,,,,,,,
,,,,,,,,,,,,,,,,,,,,,LTA4H,,,,,,,,,,,,,,,,,,,,,,,,,,,,,,,,,,,,,,,,,,,,,,,,,,,,,,,,,,,,,,,,,,,,,,,,,,,,,,
,,,,,,,,,,,,,,,,,,,,,LTB4R2,,,,,,,,,,,,,,,,,,,,,,,,,,,,,,,,,,,,,,,,,,,,,,,,,,,,,,,,,,,,,,,,,,,,,,,,,,,,,,
,,,,,,,,,,,,,,,,,,,,,TNFRSF11B,,,,,,,,,,,,,,,,,,,,,,,,,,,,,,,,,,,,,,,,,,,,,,,,,,,,,,,,,,,,,,,,,,,,,,,,,,,,,,
,,,,,,,,,,,,,,,,,,,,,IL1RAP,,,,,,,,,,,,,,,,,,,,,,,,,,,,,,,,,,,,,,,,,,,,,,,,,,,,,,,,,,,,,,,,,,,,,,,,,,,,,,
,,,,,,,,,,,,,,,,,,,,,IL1RN,,,,,,,,,,,,,,,,,,,,,,,,,,,,,,,,,,,,,,,,,,,,,,,,,,,,,,,,,,,,,,,,,,,,,,,,,,,,,,
,,,,,,,,,,,,,,,,,,,,,IL6ST,,,,,,,,,,,,,,,,,,,,,,,,,,,,,,,,,,,,,,,,,,,,,,,,,,,,,,,,,,,,,,,,,,,,,,,,,,,,,,
,,,,,,,,,,,,,,,,,,,,,IL10R2,,,,,,,,,,,,,,,,,,,,,,,,,,,,,,,,,,,,,,,,,,,,,,,,,,,,,,,,,,,,,,,,,,,,,,,,,,,,,,
,,,,,,,,,,,,,,,,,,,,,IL18RAP,,,,,,,,,,,,,,,,,,,,,,,,,,,,,,,,,,,,,,,,,,,,,,,,,,,,,,,,,,,,,,,,,,,,,,,,,,,,,,
,,,,,,,,,,,,,,,,,,,,,IFNGR2,,,,,,,,,,,,,,,,,,,,,,,,,,,,,,,,,,,,,,,,,,,,,,,,,,,,,,,,,,,,,,,,,,,,,,,,,,,,,,
,,,,,,,,,,,,,,,,,,,,,CCR5,,,,,,,,,,,,,,,,,,,,,,,,,,,,,,,,,,,,,,,,,,,,,,,,,,,,,,,,,,,,,,,,,,,,,,,,,,,,,,
,,,,,,,,,,,,,,,,,,,,,CXCR3,,,,,,,,,,,,,,,,,,,,,,,,,,,,,,,,,,,,,,,,,,,,,,,,,,,,,,,,,,,,,,,,,,,,,,,,,,,,,,
,,,,,,,,,,,,,,,,,,,,,CXCR4,,,,,,,,,,,,,,,,,,,,,,,,,,,,,,,,,,,,,,,,,,,,,,,,,,,,,,,,,,,,,,,,,,,,,,,,,,,,,,
,,,,,,,,,,,,,,,,,,,,,CSF2RB,,,,,,,,,,,,,,,,,,,,,,,,,,,,,,,,,,,,,,,,,,,,,,,,,,,,,,,,,,,,,,,,,,,,,,,,,,,,,,
,,,,,,,,,,,,,,,,,,,,,LTB4R1,,,,,,,,,,,,,,,,,,,,,,,,,,,,,,,,,,,,,,,,,,,,,,,,,,,,,,,,,,,,,,,,,,,,,,,,,,,,,,
,,,,,,,,,,,,,,,,,,,,,TNFRSF10B,,,,,,,,,,,,,,,,,,,,,,,,,,,,,,,,,,,,,,,,,,,,,,,,,,,,,,,,,,,,,,,,,,,,,,,,,,,,,,
,,,,,,,,,,,,,,,,,,,,,IL1R1,,,,,,,,,,,,,,,,,,,,,,,,,,,,,,,,,,,,,,,,,,,,,,,,,,,,,,,,,,,,,,,,,,,,,,,,,,,,,,
,,,,,,,,,,,,,,,,,,,,,IL1R2,,,,,,,,,,,,,,,,,,,,,,,,,,,,,,,,,,,,,,,,,,,,,,,,,,,,,,,,,,,,,,,,,,,,,,,,,,,,,,
,,,,,,,,,,,,,,,,,,,,,IL6R,,,,,,,,,,,,,,,,,,,,,,,,,,,,,,,,,,,,,,,,,,,,,,,,,,,,,,,,,,,,,,,,,,,,,,,,,,,,,,
,,,,,,,,,,,,,,,,,,,,,IL10RA,,,,,,,,,,,,,,,,,,,,,,,,,,,,,,,,,,,,,,,,,,,,,,,,,,,,,,,,,,,,,,,,,,,,,,,,,,,,,,
,,,,,,,,,,,,,,,,,,,,,IL18R1,,,,,,,,,,,,,,,,,,,,,,,,,,,,,,,,,,,,,,,,,,,,,,,,,,,,,,,,,,,,,,,,,,,,,,,,,,,,,,
,,,,,,,,,,,,,,,,,,,,,IFNGR1,,,,,,,,,,,,,,,,,,,,,,,,,,,,,,,,,,,,,,,,,,,,,,,,,,,,,,,,,,,,,,,,,,,,,,,,,,,,,,
,,,,,,,,,,,,,,,,,,,,,CCR2,,,,,,,,,,,,,,,,,,,,,,,,,,,,,,,,,,,,,,,,,,,,,,,,,,,,,,,,,,,,,,,,,,,,,,,,,,,,,,
,,,,,,,,,,,,,,,,,,,,,CXCR1,,,,,,,,,,,,,,,,,,,,,,,,,,,,,,,,,,,,,,,,,,,,,,,,,,,,,,,,,,,,,,,,,,,,,,,,,,,,,,
,,,,,,,,,,,,,,,,,,,,,CXCR2,,,,,,,,,,,,,,,,,,,,,,,,,,,,,,,,,,,,,,,,,,,,,,,,,,,,,,,,,,,,,,,,,,,,,,,,,,,,,,
,,,,,,,,,,,,,,,,,,,,,CXCR5,,,,,,,,,,,,,,,,,,,,,,,,,,,,,,,,,,,,,,,,,,,,,,,,,,,,,,,,,,,,,,,,,,,,,,,,,,,,,,
,,,,,,,,,,,,,,,,,,,,,XCL1,,,,,,,,,,,,,,,,,,,,,,,,,,,,,,,,,,,,,,,,,,,,,,,,,,,,,,,,,,,,,,,,,,,,,,,,,,,,,,
,,,,,,,,,,,,,,,,,,,,,XCR1,,,,,,,,,,,,,,,,,,,,,,,,,,,,,,,,,,,,,,,,,,,,,,,,,,,,,,,,,,,,,,,,,,,,,,,,,,,,,,
,,,,,,,,,,,,,,,,,,,,,CSF2RA,,,,,,,,,,,,,,,,,,,,,,,,,,,,,,,,,,,,,,,,,,,,,,,,,,,,,,,,,,,,,,,,,,,,,,,,,,,,,,
,,,,,,,,,,,,,,,,,,,,,CSF3R,,,,,,,,,,,,,,,,,,,,,,,,,,,,,,,,,,,,,,,,,,,,,,,,,,,,,,,,,,,,,,,,,,,,,,,,,,,,,,
,,,,,,,,,,,,,,,,,,,,,LTA4H,,,,,,,,,,,,,,,,,,,,,,,,,,,,,,,,,,,,,,,,,,,,,,,,,,,,,,,,,,,,,,,,,,,,,,,,,,,,,,
,,,,,,,,,,,,,,,,,,,,,LTB4R2,,,,,,,,,,,,,,,,,,,,,,,,,,,,,,,,,,,,,,,,,,,,,,,,,,,,,,,,,,,,,,,,,,,,,,,,,,,,,,
,,,,,,,,,,,,,,,,,,,,,TNFRSF11B,,,,,,,,,,,,,,,,,,,,,,,,,,,,,,,,,,,,,,,,,,,,,,,,,,,,,,,,,,,,,,,,,,,,,,,,,,,,,,
,,,,,,,,,,,,,,,,,,,,,IL1RAP,,,,,,,,,,,,,,,,,,,,,,,,,,,,,,,,,,,,,,,,,,,,,,,,,,,,,,,,,,,,,,,,,,,,,,,,,,,,,,
,,,,,,,,,,,,,,,,,,,,,IL1RN,,,,,,,,,,,,,,,,,,,,,,,,,,,,,,,,,,,,,,,,,,,,,,,,,,,,,,,,,,,,,,,,,,,,,,,,,,,,,,
,,,,,,,,,,,,,,,,,,,,,IL6ST,,,,,,,,,,,,,,,,,,,,,,,,,,,,,,,,,,,,,,,,,,,,,,,,,,,,,,,,,,,,,,,,,,,,,,,,,,,,,,
,,,,,,,,,,,,,,,,,,,,,IL10R2,,,,,,,,,,,,,,,,,,,,,,,,,,,,,,,,,,,,,,,,,,,,,,,,,,,,,,,,,,,,,,,,,,,,,,,,,,,,,,
,,,,,,,,,,,,,,,,,,,,,IL18RAP,,,,,,,,,,,,,,,,,,,,,,,,,,,,,,,,,,,,,,,,,,,,,,,,,,,,,,,,,,,,,,,,,,,,,,,,,,,,,,
,,,,,,,,,,,,,,,,,,,,,IFNGR2,,,,,,,,,,,,,,,,,,,,,,,,,,,,,,,,,,,,,,,,,,,,,,,,,,,,,,,,,,,,,,,,,,,,,,,,,,,,,,
,,,,,,,,,,,,,,,,,,,,,CCR5,,,,,,,,,,,,,,,,,,,,,,,,,,,,,,,,,,,,,,,,,,,,,,,,,,,,,,,,,,,,,,,,,,,,,,,,,,,,,,
,,,,,,,,,,,,,,,,,,,,,CXCR3,,,,,,,,,,,,,,,,,,,,,,,,,,,,,,,,,,,,,,,,,,,,,,,,,,,,,,,,,,,,,,,,,,,,,,,,,,,,,,
,,,,,,,,,,,,,,,,,,,,,CXCR4,,,,,,,,,,,,,,,,,,,,,,,,,,,,,,,,,,,,,,,,,,,,,,,,,,,,,,,,,,,,,,,,,,,,,,,,,,,,,,
,,,,,,,,,,,,,,,,,,,,,CSF2RB,,,,,,,,,,,,,,,,,,,,,,,,,,,,,,,,,,,,,,,,,,,,,,,,,,,,,,,,,,,,,,,,,,,,,,,,,,,,,,
,,,,,,,,,,,,,,,,,,,,,LTB4R1,,,,,,,,,,,,,,,,,,,,,,,,,,,,,,,,,,,,,,,,,,,,,,,,,,,,,,,,,,,,,,,,,,,,,,,,,,,,,,
,,,,,,,,,,,,,,,,,,,,,TNFRSF10B,,,,,,,,,,,,,,,,,,,,,,,,,,,,,,,,,,,,,,,,,,,,,,,,,,,,,,,,,,,,,,,,,,,,,,,,,,,,,,
,,,,,,,,,,,,,,,,,,,,,IL1R1,,,,,,,,,,,,,,,,,,,,,,,,,,,,,,,,,,,,,,,,,,,,,,,,,,,,,,,,,,,,,,,,,,,,,,,,,,,,,,
,,,,,,,,,,,,,,,,,,,,,IL1R2,,,,,,,,,,,,,,,,,,,,,,,,,,,,,,,,,,,,,,,,,,,,,,,,,,,,,,,,,,,,,,,,,,,,,,,,,,,,,,
,,,,,,,,,,,,,,,,,,,,,IL6R,,,,,,,,,,,,,,,,,,,,,,,,,,,,,,,,,,,,,,,,,,,,,,,,,,,,,,,,,,,,,,,,,,,,,,,,,,,,,,
,,,,,,,,,,,,,,,,,,,,,IL10RA,,,,,,,,,,,,,,,,,,,,,,,,,,,,,,,,,,,,,,,,,,,,,,,,,,,,,,,,,,,,,,,,,,,,,,,,,,,,,,
,,,,,,,,,,,,,,,,,,,,,IL18R1,,,,,,,,,,,,,,,,,,,,,,,,,,,,,,,,,,,,,,,,,,,,,,,,,,,,,,,,,,,,,,,,,,,,,,,,,,,,,,
,,,,,,,,,,,,,,,,,,,,,IFNGR1,,,,,,,,,,,,,,,,,,,,,,,,,,,,,,,,,,,,,,,,,,,,,,,,,,,,,,,,,,,,,,,,,,,,,,,,,,,,,,
,,,,,,,,,,,,,,,,,,,,,CCR2,,,,,,,,,,,,,,,,,,,,,,,,,,,,,,,,,,,,,,,,,,,,,,,,,,,,,,,,,,,,,,,,,,,,,,,,,,,,,,
,,,,,,,,,,,,,,,,,,,,,CXCR1,,,,,,,,,,,,,,,,,,,,,,,,,,,,,,,,,,,,,,,,,,,,,,,,,,,,,,,,,,,,,,,,,,,,,,,,,,,,,,
,,,,,,,,,,,,,,,,,,,,,CXCR2,,,,,,,,,,,,,,,,,,,,,,,,,,,,,,,,,,,,,,,,,,,,,,,,,,,,,,,,,,,,,,,,,,,,,,,,,,,,,,
,,,,,,,,,,,,,,,,,,,,,CXCR5,,,,,,,,,,,,,,,,,,,,,,,,,,,,,,,,,,,,,,,,,,,,,,,,,,,,,,,,,,,,,,,,,,,,,,,,,,,,,,
,,,,,,,,,,,,,,,,,,,,,XCL1,,,,,,,,,,,,,,,,,,,,,,,,,,,,,,,,,,,,,,,,,,,,,,,,,,,,,,,,,,,,,,,,,,,,,,,,,,,,,,
,,,,,,,,,,,,,,,,,,,,,XCR1,,,,,,,,,,,,,,,,,,,,,,,,,,,,,,,,,,,,,,,,,,,,,,,,,,,,,,,,,,,,,,,,,,,,,,,,,,,,,,
,,,,,,,,,,,,,,,,,,,,,CSF2RA,,,,,,,,,,,,,,,,,,,,,,,,,,,,,,,,,,,,,,,,,,,,,,,,,,,,,,,,,,,,,,,,,,,,,,,,,,,,,,
,,,,,,,,,,,,,,,,,,,,,CSF3R,,,,,,,,,,,,,,,,,,,,,,,,,,,,,,,,,,,,,,,,,,,,,,,,,,,,,,,,,,,,,,,,,,,,,,,,,,,,,,
,,,,,,,,,,,,,,,,,,,,,LTA4H,,,,,,,,,,,,,,,,,,,,,,,,,,,,,,,,,,,,,,,,,,,,,,,,,,,,,,,,,,,,,,,,,,,,,,,,,,,,,,
,,,,,,,,,,,,,,,,,,,,,LTB4R2,,,,,,,,,,,,,,,,,,,,,,,,,,,,,,,,,,,,,,,,,,,,,,,,,,,,,,,,,,,,,,,,,,,,,,,,,,,,,,
,,,,,,,,,,,,,,,,,,,,,TNFRSF11B,,,,,,,,,,,,,,,,,,,,,,,,,,,,,,,,,,,,,,,,,,,,,,,,,,,,,,,,,,,,,,,,,,,,,,,,,,,,,,
,,,,,,,,,,,,,,,,,,,,,IL1RAP,,,,,,,,,,,,,,,,,,,,,,,,,,,,,,,,,,,,,,,,,,,,,,,,,,,,,,,,,,,,,,,,,,,,,,,,,,,,,,
,,,,,,,,,,,,,,,,,,,,,IL1RN,,,,,,,,,,,,,,,,,,,,,,,,,,,,,,,,,,,,,,,,,,,,,,,,,,,,,,,,,,,,,,,,,,,,,,,,,,,,,,
,,,,,,,,,,,,,,,,,,,,,IL6ST,,,,,,,,,,,,,,,,,,,,,,,,,,,,,,,,,,,,,,,,,,,,,,,,,,,,,,,,,,,,,,,,,,,,,,,,,,,,,,
,,,,,,,,,,,,,,,,,,,,,IL10R2,,,,,,,,,,,,,,,,,,,,,,,,,,,,,,,,,,,,,,,,,,,,,,,,,,,,,,,,,,,,,,,,,,,,,,,,,,,,,,
,,,,,,,,,,,,,,,,,,,,,IL18RAP,,,,,,,,,,,,,,,,,,,,,,,,,,,,,,,,,,,,,,,,,,,,,,,,,,,,,,,,,,,,,,,,,,,,,,,,,,,,,,
,,,,,,,,,,,,,,,,,,,,,IFNGR2,,,,,,,,,,,,,,,,,,,,,,,,,,,,,,,,,,,,,,,,,,,,,,,,,,,,,,,,,,,,,,,,,,,,,,,,,,,,,,
,,,,,,,,,,,,,,,,,,,,,CCR5,,,,,,,,,,,,,,,,,,,,,,,,,,,,,,,,,,,,,,,,,,,,,,,,,,,,,,,,,,,,,,,,,,,,,,,,,,,,,,
,,,,,,,,,,,,,,,,,,,,,CXCR3,,,,,,,,,,,,,,,,,,,,,,,,,,,,,,,,,,,,,,,,,,,,,,,,,,,,,,,,,,,,,,,,,,,,,,,,,,,,,,
,,,,,,,,,,,,,,,,,,,,,CXCR4,,,,,,,,,,,,,,,,,,,,,,,,,,,,,,,,,,,,,,,,,,,,,,,,,,,,,,,,,,,,,,,,,,,,,,,,,,,,,,
,,,,,,,,,,,,,,,,,,,,,CSF2RB,,,,,,,,,,,,,,,,,,,,,,,,,,,,,,,,,,,,,,,,,,,,,,,,,,,,,,,,,,,,,,,,,,,,,,,,,,,,,,
,,,,,,,,,,,,,,,,,,,,,LTB4R1,,,,,,,,,,,,,,,,,,,,,,,,,,,,,,,,,,,,,,,,,,,,,,,,,,,,,,,,,,,,,,,,,,,,,,,,,,,,,,
,,,,,,,,,,,,,,,,,,,,,TNFRSF10B,,,,,,,,,,,,,,,,,,,,,,,,,,,,,,,,,,,,,,,,,,,,,,,,,,,,,,,,,,,,,,,,,,,,,,,,,,,,,,
,,,,,,,,,,,,,,,,,,,,,IL1R1,,,,,,,,,,,,,,,,,,,,,,,,,,,,,,,,,,,,,,,,,,,,,,,,,,,,,,,,,,,,,,,,,,,,,,,,,,,,,,
,,,,,,,,,,,,,,,,,,,,,IL1R2,,,,,,,,,,,,,,,,,,,,,,,,,,,,,,,,,,,,,,,,,,,,,,,,,,,,,,,,,,,,,,,,,,,,,,,,,,,,,,
,,,,,,,,,,,,,,,,,,,,,IL6R,,,,,,,,,,,,,,,,,,,,,,,,,,,,,,,,,,,,,,,,,,,,,,,,,,,,,,,,,,,,,,,,,,,,,,,,,,,,,,
,,,,,,,,,,,,,,,,,,,,,IL10RA,,,,,,,,,,,,,,,,,,,,,,,,,,,,,,,,,,,,,,,,,,,,,,,,,,,,,,,,,,,,,,,,,,,,,,,,,,,,,,
,,,,,,,,,,,,,,,,,,,,,IL18R1,,,,,,,,,,,,,,,,,,,,,,,,,,,,,,,,,,,,,,,,,,,,,,,,,,,,,,,,,,,,,,,,,,,,,,,,,,,,,,
,,,,,,,,,,,,,,,,,,,,,IFNGR1,,,,,,,,,,,,,,,,,,,,,,,,,,,,,,,,,,,,,,,,,,,,,,,,,,,,,,,,,,,,,,,,,,,,,,,,,,,,,,
,,,,,,,,,,,,,,,,,,,,,CCR2,,,,,,,,,,,,,,,,,,,,,,,,,,,,,,,,,,,,,,,,,,,,,,,,,,,,,,,,,,,,,,,,,,,,,,,,,,,,,,
,,,,,,,,,,,,,,,,,,,,,CXCR1,,,,,,,,,,,,,,,,,,,,,,,,,,,,,,,,,,,,,,,,,,,,,,,,,,,,,,,,,,,,,,,,,,,,,,,,,,,,,,
,,,,,,,,,,,,,,,,,,,,,CXCR2,,,,,,,,,,,,,,,,,,,,,,,,,,,,,,,,,,,,,,,,,,,,,,,,,,,,,,,,,,,,,,,,,,,,,,,,,,,,,,
,,,,,,,,,,,,,,,,,,,,,CXCR5,,,,,,,,,,,,,,,,,,,,,,,,,,,,,,,,,,,,,,,,,,,,,,,,,,,,,,,,,,,,,,,,,,,,,,,,,,,,,,
,,,,,,,,,,,,,,,,,,,,,XCL1,,,,,,,,,,,,,,,,,,,,,,,,,,,,,,,,,,,,,,,,,,,,,,,,,,,,,,,,,,,,,,,,,,,,,,,,,,,,,,
,,,,,,,,,,,,,,,,,,,,,XCR1,,,,,,,,,,,,,,,,,,,,,,,,,,,,,,,,,,,,,,,,,,,,,,,,,,,,,,,,,,,,,,,,,,,,,,,,,,,,,,
,,,,,,,,,,,,,,,,,,,,,CSF2RA,,,,,,,,,,,,,,,,,,,,,,,,,,,,,,,,,,,,,,,,,,,,,,,,,,,,,,,,,,,,,,,,,,,,,,,,,,,,,,
,,,,,,,,,,,,,,,,,,,,,CSF3R,,,,,,,,,,,,,,,,,,,,,,,,,,,,,,,,,,,,,,,,,,,,,,,,,,,,,,,,,,,,,,,,,,,,,,,,,,,,,,
,,,,,,,,,,,,,,,,,,,,,LTA4H,,,,,,,,,,,,,,,,,,,,,,,,,,,,,,,,,,,,,,,,,,,,,,,,,,,,,,,,,,,,,,,,,,,,,,,,,,,,,,
,,,,,,,,,,,,,,,,,,,,,LTB4R2,,,,,,,,,,,,,,,,,,,,,,,,,,,,,,,,,,,,,,,,,,,,,,,,,,,,,,,,,,,,,,,,,,,,,,,,,,,,,,
,,,,,,,,,,,,,,,,,,,,,TNFRSF11B,,,,,,,,,,,,,,,,,,,,,,,,,,,,,,,,,,,,,,,,,,,,,,,,,,,,,,,,,,,,,,,,,,,,,,,,,,,,,,
,,,,,,,,,,,,,,,,,,,,,IL1RAP,,,,,,,,,,,,,,,,,,,,,,,,,,,,,,,,,,,,,,,,,,,,,,,,,,,,,,,,,,,,,,,,,,,,,,,,,,,,,,
,,,,,,,,,,,,,,,,,,,,,IL1RN,,,,,,,,,,,,,,,,,,,,,,,,,,,,,,,,,,,,,,,,,,,,,,,,,,,,,,,,,,,,,,,,,,,,,,,,,,,,,,
,,,,,,,,,,,,,,,,,,,,,IL6ST,,,,,,,,,,,,,,,,,,,,,,,,,,,,,,,,,,,,,,,,,,,,,,,,,,,,,,,,,,,,,,,,,,,,,,,,,,,,,,
,,,,,,,,,,,,,,,,,,,,,IL10R2,,,,,,,,,,,,,,,,,,,,,,,,,,,,,,,,,,,,,,,,,,,,,,,,,,,,,,,,,,,,,,,,,,,,,,,,,,,,,,
,,,,,,,,,,,,,,,,,,,,,IL18RAP,,,,,,,,,,,,,,,,,,,,,,,,,,,,,,,,,,,,,,,,,,,,,,,,,,,,,,,,,,,,,,,,,,,,,,,,,,,,,,
,,,,,,,,,,,,,,,,,,,,,IFNGR2,,,,,,,,,,,,,,,,,,,,,,,,,,,,,,,,,,,,,,,,,,,,,,,,,,,,,,,,,,,,,,,,,,,,,,,,,,,,,,
,,,,,,,,,,,,,,,,,,,,,CCR5,,,,,,,,,,,,,,,,,,,,,,,,,,,,,,,,,,,,,,,,,,,,,,,,,,,,,,,,,,,,,,,,,,,,,,,,,,,,,,
,,,,,,,,,,,,,,,,,,,,,CXCR3,,,,,,,,,,,,,,,,,,,,,,,,,,,,,,,,,,,,,,,,,,,,,,,,,,,,,,,,,,,,,,,,,,,,,,,,,,,,,,
,,,,,,,,,,,,,,,,,,,,,CXCR4,,,,,,,,,,,,,,,,,,,,,,,,,,,,,,,,,,,,,,,,,,,,,,,,,,,,,,,,,,,,,,,,,,,,,,,,,,,,,,
,,,,,,,,,,,,,,,,,,,,,CSF2RB,,,,,,,,,,,,,,,,,,,,,,,,,,,,,,,,,,,,,,,,,,,,,,,,,,,,,,,,,,,,,,,,,,,,,,,,,,,,,,
,,,,,,,,,,,,,,,,,,,,,LTB4R1,,,,,,,,,,,,,,,,,,,,,,,,,,,,,,,,,,,,,,,,,,,,,,,,,,,,,,,,,,,,,,,,,,,,,,,,,,,,,,
,,,,,,,,,,,,,,,,,,,,,TNFRSF10B,,,,,,,,,,,,,,,,,,,,,,,,,,,,,,,,,,,,,,,,,,,,,,,,,,,,,,,,,,,,,,,,,,,,,,,,,,,,,,
,,,,,,,,,,,,,,,,,,,,,IL1R1,,,,,,,,,,,,,,,,,,,,,,,,,,,,,,,,,,,,,,,,,,,,,,,,,,,,,,,,,,,,,,,,,,,,,,,,,,,,,,
,,,,,,,,,,,,,,,,,,,,,IL,,,,,,,,,,,,,,,,,,,,,,,,,,,,,,,,,,,,,,,,,,,,,,,,,,,,,,,,,,,,,,,,,,,,,,,,,,,,,,