seed_1_all,seed_2_all,seed_3_all,seed_4_all,seed_5_all,seed_6_all,seed_7_all,seed_8_all,seed_9_all,seed_10_all,seed_11_all,seed_12_all,seed_13_all,seed_14_all,seed_15_all,seed_16_all,seed_17_all,seed_18_all,seed_19_all,seed_20_all,seed_21_all,seed_22_all,seed_23_all,seed_24_all,seed_25_all,seed_26_all,seed_27_all,seed_28_all,seed_29_all,seed_30_all,seed_31_all,seed_32_all,seed_33_all,seed_34_all,seed_35_all,seed_36_all,seed_37_all,seed_38_all,seed_39_all,seed_40_all,seed_41_all,seed_42_all,seed_43_all,seed_44_all,seed_45_all,seed_46_all,seed_47_all,seed_48_all,seed_49_all,seed_50_all,seed_51_all,seed_52_all,seed_53_all,seed_54_all,seed_55_all,seed_56_all,seed_57_all,seed_58_all,seed_59_all,seed_60_all,seed_61_all,seed_62_all,seed_63_all,seed_64_all,seed_65_all,seed_66_all,seed_67_all,seed_68_all,seed_69_all,seed_70_all,seed_71_all,seed_72_all,seed_73_all,seed_74_all,seed_75_all,seed_76_all,seed_77_all,seed_78_all,seed_79_all,seed_80_all,seed_81_all,seed_82_all,seed_83_all,seed_84_all,seed_85_all,seed_86_all,seed_87_all,seed_88_all,seed_89_all,seed_90_all,seed_91_all,seed_92_all,seed_93_all,seed_94_all,seed_95_all,seed_96_all,seed_97_all,seed_98_all,seed_99_all,seed_100_all
IFI44L,IFI44L,IFI44L,IFI44L,IFI44L,IFI44L,IFI44L,IFI44L,IFI44L,IFI44L,IFI44L,IFI44L,IFI44L,IFI44L,IFI44L,IFI44L,IFI44L,IFI44L,IFI44L,IFI44L,IFI44L,IFI44L,IFI44L,IFI44L,IFI44L,IFI44L,IFI44L,IFI44L,IFI44L,IFI44L,IFI44L,IFI44L,IFI44L,IFI44L,IFI44L,IFI44L,IFI44L,IFI44L,IFI44L,IFI44L,IFI44L,IFI44L,IFI44L,IFI44L,IFI44L,IFI44L,IFI44L,IFI44L,IFI44L,IFI44L,GBP5,CX3CL1,IFI44L,IFI44L,IFI44L,IFI44L,IFI44L,IFI44L,IFNG,IFI44L,IFI44L,IFI44L,IFI44L,IFI44L,IFI44L,FCGR1A,IFI44L,IFI44L,IFI44L,RP11-331H2.3,IFI44L,IFI44L,IFI44L,IFI44L,FCGR1A,IFI44L,IFI44L,IFI44L,IFI44L,IFI44L,IFI44L,IFI44L,IFI44L,IFI44L,IFI44L,IFI44L,IFI44L,IFI44L,IFI44L,IFI44L,IFI44L,FCGR1A,IFI44L,IFNG,FCGR1A,IFI44L,IFI44L,IFI44L,TLR2,IFI44L
NLRP12,NLRP12,NLRP12,NLRP12,NLRP12,NLRP12,NLRP12,NLRP12,NLRP12,NLRP12,NLRP12,NLRP12,NLRP12,NLRP12,NLRP12,NLRP12,NLRP12,NLRP12,NLRP12,NLRP12,NLRP12,NLRP12,NLRP12,NLRP12,NLRP12,NLRP3,NLRP12,NLRP12,NLRP12,NLRP12,NLRP12,NLRP12,NLRP12,NLRP12,NLRP12,NLRP12,NLRP12,NLRP12,NLRP12,NLRP12,NLRP12,NLRP12,NLRP12,NLRP12,NLRP12,BATF2,NLRP12,NLRP12,NLRP12,NLRP12,DUSP3,JAK2,NLRP12,NLRP12,NLRP12,NLRP12,NLRP12,NLRP12,IL6,NLRP12,NLRP12,NLRP12,NLRP12,NLRP12,NLRP12,IL7R,NLRP3,NLRP12,NLRP12,RP13-262C2.3,NLRP12,NLRP12,NLRP12,NLRP12,GBP5,BATF2,NLRP12,NLRP12,BATF2,NLRP12,NLRP12,NLRP12,BATF2,NLRP12,NLRP3,NLRP12,NLRP12,NLRP12,NLRP3,NLRP12,NLRP12,IL7R,NLRP12,TNF,IL7R,NLRP12,NLRP3,FCGR1A,TLR4,AIM2
NLRP11,NLRP11,NLRP11,NLRP11,NLRP11,NLRP11,IL26,NLRP11,NLRP11,NLRP11,NLRP3,NLRP11,NLRP11,NLRP11,NLRP11,IL26,IL26,NLRP11,NLRP11,NLRP11,NLRP11,NLRP11,NLRP11,NLRP11,IL26,CYR61,NLRP11,IL26,NLRP11,IL26,NLRP11,NLRP11,NLRP11,NLRP11,NLRP11,NLRP11,NLRP11,NLRP11,NLRP11,NLRP11,NLRP11,NLRP11,NLRP11,NLRP11,NLRP11,FCGR1B,NLRP11,NLRP11,NLRP11,NLRP11,KLF2,MMP9,NLRP11,NLRP11,NLRP11,IL26,NLRP11,NLRP11,IL1B,NLRP11,NLRP11,NLRP11,NLRP11,NLRP11,NLRP11,CD3E,IL1B,NLRP11,NLRP11,RP11-19A24.1,NLRP11,IL26,NLRP11,NLRP11,SEPT4,FCGR1B,NLRP11,NLRP11,FCGR1B,NLRP11,NLRP11,NLRP11,FCGR1B,NLRP11,IL1B,NLRP11,IL26,NLRP11,IL1B,NLRP11,NLRP11,CD3E,NLRP11,IL6,CD3E,NLRP11,RAGE,TLR5,TLR9,BATF2
IL23A,NLRP3,TLR4,NLRP3,TLR4,TLR4,IL27,TLR4,TLR4,TLR4,NLRP11,IL23A,TLR4,TLR4,IL23A,IL27,IL27,TLR4,TLR4,TLR4,TLR4,TLR4,IL23A,IL23A,IL27,RAGE,IL23A,IL27,NLRP3,IL27,TLR4,NLRP3,TLR4,TLR4,TLR4,TLR4,TLR4,IL23A,IL23A,IL23A,TLR4,TLR4,TLR4,IL23A,TLR4,HP,NLRP3,TLR4,TLR4,TLR4,IFI44L,SERPINE1,IL23A,TLR4,TLR4,IL27,TLR4,TLR4,TNF,TLR4,NLRP3,TLR4,TLR4,IL23A,NLRP3,IL5,IL18,TLR4,IL23A,RP5-964C11.1,TLR4,IL27,IL23A,TLR4,ANKRD22,HP,IL23A,IL23A,HP,IL23A,IL23A,IL23A,HP,TLR4,IL18,IL23A,IL27,TLR4,IL6,TLR4,TLR4,IL5,TLR4,IL1B,IL5,TLR4,CYR61,NLRP12,NOD2,FCGR1B
NLRP3,IL23A,NLRP3,IL23A,NLRP3,NLRP3,STING1,NLRP3,NLRP3,NLRP3,IL23A,NLRP3,NLRP3,NLRP3,NLRP3,TMEM173,STING1,NLRP3,NLRP3,NLRP3,NLRP3,NLRP3,NLRP3,NLRP3,STING1,S100A12,NLRP3,STING1,IL23A,STING1,IL1B,IL23A,NLRP3,NLRP3,IL6,NLRP3,NLRP3,NLRP3,IL6,NLRP3,NLRP3,IL1B,IL1B,NLRP3,NLRP3,AIM2,IL23A,IL12B,NLRP3,NLRP3,NLRP12,CCL2,NLRP3,NLRP3,IL6,STING1,NLRP3,NLRP3,CXCL10,NLRP3,IL23A,NLRP3,NLRP3,NLRP3,IL23A,NLRP1,CASP1,NLRP3,NLRP3,ATP6V1FNB,NLRP3,STING1,NLRP3,NLRP3,BATF2,AIM2,NLRP3,NLRP3,AIM2,NLRP3,NLRP3,NLRP3,AIM2,IL6,CASP1,NLRP3,STING1,NLRP3,TNF,NLRP3,NLRP3,NLRP1,NLRP3,CXCL10,NLRP1,NLRP3,S100A8,IL26,Dectin-1,HP
AIM2,TNF,AIM2,IL1B,AIM2,AIM2,AIM2,IL1B,AIM2,AIM2,TNF,AIM2,AIM2,AIM2,AIM2,AIM2,AIM2,AIM2,IL1B,AIM2,AIM2,IL1B,AIM2,IFNG,AIM2,S100B,IL1B,AIM2,IL1B,AIM2,IL6,IL1B,AIM2,AIM2,TNF,AIM2,AIM2,AIM2,TNF,AIM2,AIM2,IL6,IL18,AIM2,AIM2,IL26,TNF,IL1B,AIM2,IL1B,IL26,NFKB1,AIM2,AIM2,TNF,AIM2,AIM2,IL1B,CCL2,AIM2,IL1B,ASC,AIM2,NLRC4,IL1B,PRF1,GSDMD,AIM2,AIM2,RP11-100G15.7,AIM2,AIM2,IL1B,AIM2,GBP1,NLRP12,IL18,NLRC4,IL26,AIM2,AIM2,AIM2,NLRP12,TNF,GSDMD,AIM2,FCGR1A,IL1B,CXCL10,AIM2,IL1B,PRF1,AIM2,CCL2,PRF1,AIM2,S100A9,IL27,Dectin-2,NLRP12
IFI16,IL6,PYDC1,IL18,IFI16,IFI16,BATF2,IL18,IFI16,IFI16,IL6,PYDC1,IFI16,IFI16,PYDC1,BATF2,BATF2,IFI16,IL18,IFI16,CASP1,TNF,PYDC1,TNF,BATF2,S100A7,IL18,BATF2,IL6,BATF2,TNF,IL6,PYDC1,IFI16,CXCL10,IFI16,IFI16,IFI16,CXCL10,IFI16,IFI16,TNF,CCL4,PYDC1,IFI16,IL19,IL6,TNF,IFI16,IL6,IL27,IFNG,PYDC1,IFI16,IFNG,BATF2,IFI16,IL18,STAT1,NLRC4,IL6,CASP1,IFI16,AIM2,IL18,TLR9,AIM2,CASP1,PYDC1,RP11-287D1.4,IFI16,BATF2,IL6,IFI16,GBP6,IL26,GSDMD,AIM2,IL19,IFI16,PYDC1,PYDC1,IL26,IFNG,AIM2,IFI16,TLR5,IL18,CXCL11,IFI16,IL18,TLR9,NLRC4,CXCL9,TLR9,IFI16,IL1B,STING1,CD14,IL26
PYCARD,IFNG,CASP1,GSDMD,PYDC1,PYDC1,FCGR1B,TNF,PYDC1,PYDC1,IL1B,CASP1,PYDC1,PYDC1,CASP1,FCGR1B,FCGR1B,PYDC1,GSDMD,PYDC1,IL1B,CXCL10,CASP1,IL6,FCGR1B,S100P,GSDMD,FCGR1B,TNF,FCGR1B,CXCL10,TNF,CASP1,PYDC1,CCL4,PYDC1,PYDC1,PYDC1,CCL4,PYDC1,PYDC1,CXCL10,CXCL10,CASP1,PYDC1,TGFB1,IL1B,CCL4,PYDC1,TNF,TMEM173,VEGFA,CASP1,PYDC1,IL1B,FCGR1B,PYDC1,GSDMD,NFKB1,CASP1,TNF,IL1B,PYDC1,PYDC1,GSDMD,CCR7,PYDC1,IL1B,CASP1,ENSG10010139445.1,PYDC1,FCGR1B,TNF,PYDC1,LHFPL2,IL27,CASP1,PYDC1,TGFB1,PYDC1,CASP1,CASP1,IL27,IL12B,IFI16,PYDC1,PPARG,GSDMD,CCL4,PYDC1,GSDMD,CCR7,CASP1,IL12B,CCR7,PYDC1,TNF,DPM1,FCGR1A,IL27
CASP1,CXCL10,IL1B,CASP1,CASP1,CASP1,HP,IL6,PYCARD,CASP1,CXCL10,IL1B,CASP1,CASP1,IL1B,HP,HP,CASP1,CASP1,CASP1,IL18,CCL2,IL1B,IL1B,HP,S100A8,CASP1,HP,IFNG,HP,CXCL11,CXCL10,IL1B,CASP1,CXCL11,CASP1,CASP1,CASP1,CXCL11,CASP1,CASP1,CCL4,CXCL11,IL1B,CASP1,TNF,CXCL10,CXCL10,CASP1,IFNG,FCGR1A,IL12B,IL1B,CASP1,CXCL10,HP,CASP1,CASP1,JAK2,IL1B,CCL2,IL18,CASP1,CASP1,CASP1,NLRP12,NLRP11,IL18,IL1B,GUCA2B,CASP1,HP,IFNG,CASP1,SERPING1,STING1,IL1B,CASP1,TNF,CASP1,IL1B,IL1B,STING1,IL1B,NLRP1,CASP1,CCL2,CASP1,IL18,CASP1,CASP1,NLRP12,IL1B,IL18,NLRP12,CASP1,IL6,SCYL3,C1QA,STING1
GSDMD,CCL2,IL18,ASC,IL1B,GSDMD,CCL2,CCL4,CASP1,IL1B,CCL2,IL18,GSDMD,GSDMD,IL18,PPARG,CCL2,IL1B,ASC,IL1B,GSDMD,IL6,IL18,CXCL10,PPARG,S100A9,ASC,PPARG,CXCL10,CCL2,CCL4,CCL4,IL18,IL1B,IL18,IL1B,IL1B,GSDMD,IL18,GSDMD,GSDMD,CCL2,IL6,IL18,IL1B,CCL4,CCL2,CXCL11,ASC,CXCL10,TLR5,STAT1,IL18,IL1B,CCL2,CCL2,IL1B,ASC,SOCS3,IL18,CXCL10,GSDMD,GSDMD,IL1B,ASC,TLR5,IL6,GSDMD,IL18,TRPM7,GSDMD,PPARG,CXCL10,GSDMD,C1QB,PPARG,TNF,CASP4,CCL4,IL1B,IL18,IL18,PPARG,CXCL10,NLRP6,GSDMD,CCL20,ASC,GBP1,IL1B,CASP4,TLR5,IL18,IL10,TLR5,GSDMD,CXCL10,C1orf112,C1QB,PPARG
IL1B,IL1B,GSDMD,PYDC1,IL18,IL1B,CXCL10,CXCL10,CASP4,IL18,CCL4,GSDMD,IL1B,IL1B,GSDMD,TLR2,CCL20,IL18,MYD88,IL18,ASC,IFNG,GSDMD,CCL2,CCL2,IL1B,TLR2,CCL2,CCL2,CCL20,CCL5,CXCL11,GSDMD,IL18,VEGF,IL18,IL18,IL1B,VEGFA,IL1B,IL1B,CXCL11,TNF,GSDMD,IL18,CXCL10,CXCL9,IL18,GSDMD,CCL2,C1QB,SLC2A1,GSDMD,IL18,CCL4,CCL20,IL18,MYD88,CRP,GSDMD,CXCL11,MAVS,IL1B,IL18,PYDC1,PTPRCv1,TNF,MYD88,GSDMD,LINC02010,IL1B,CCL2,CCL2,IL1B,CD274,MMP9,IL6,CASP5,CXCL10,IL18,GSDMD,GSDMD,VEGF,CCL2,NLRP7,IL1B,CXCL10,MYD88,GSDMD,IL18,CASP5,PTPRCv1,GSDMD,STAT1,PTPRCv1,IL1B,CCL2,FGR,C1QC,TNF
IL18,IL12B,ASC,NLRC4,GSDMD,IL18,CXCL11,CXCL11,CASP5,GSDMD,CXCL11,IL6,IL18,IL18,TNF,CCL2,CXCL10,GSDMD,TRIF,GSDMD,MYD88,IL12B,NLRC4,CCL4,CCL20,IL18,TLR4,CCL20,CCL4,CXCL10,CCL2,IL18,IRF3,GSDMD,CCL2,GSDMD,GSDMD,IL18,MMP9,IL18,IL18,IL18,VEGFA,TNF,GSDMD,CXCL11,CCL5,VEGFA,IL1B,CCL4,C2,IL1B,IL6,GSDMD,CXCL11,CXCL10,GSDMD,TRIF,IL10,ASC,IL18,TRAF6,IL18,GSDMD,AIM2,BLR1,CXCL10,TRIF,TNF,AC073063.10,IL18,CCL20,CCL4,IL18,GBP4,CCL2,CCL4,GSDMD,CXCL11,GSDMD,NLRC4,NLRC4,TNF,CCL4,NLRP9,IL18,CXCL11,TRIF,CASP1,GSDMD,ASC,BLR1,ASC,STAT3,BLR1,IL18,IL18,CFH,CASP8,IL6
IL6,IL18,TRAF6,AIM2,MYD88,TNF,IL18,IL12A,GSDMD,NLRC4,IL18,TNF,TNF,TNF,IL6,CXCL10,CXCL11,MYD88,TRAM,ASC,TRIF,IL18,NOD2,CCL5,CXCL10,CCL4,CCL4,CXCL10,CCL5,CXCL11,CCL3,VEGF,IRF7,ASC,CXCL9,ASC,ASC,TNF,MMP1,TNF,TNF,VEGFA,MMP9,IFNG,ASC,IL18,IL12B,MMP9,IL18,CXCL11,CCR2,CRP,TNF,MYD88,IL18,CXCL11,MYD88,TRAM,TGFB1,PYDC1,VEGFA,IRF3,TNF,TNF,IFI16,GNLY,CCL4,IRAK1,IL6,PANDAR,TNF,CXCL10,CCL5,TNF,AIM2,CCL7,CXCL10,IL1B,IL18,NLRC4,NOD2,NOD2,IL6,CCL5,NLRP12,IL6,IL18,TRAM,AIM2,NLRC4,PYDC1,GNLY,MYD88,NFKB1,GNLY,TNF,IL12B,FUCA2,AIM2,IL12B
TNF,IL17A,IRAK1,IFI16,TRIF,IL6,VEGF,IL12B,IL1B,NOD2,VEGFA,IFNG,IL6,IL6,CCL4,CXCL11,IL18,TIRAP,IRF3,MYD88,TRAM,VEGFA,TLR2,CXCL9,CXCL11,CXCL10,CXCL10,CXCL11,CXCL8,IL18,CCL8,MMP9,MYD88,PYDC2,IL1B,PYCARD,PYCARD,IL6,MMP12,IL6,IL6,MMP9,GBP1,IL6,MYD88,GBP1,IFNG,MMP1,TNF,IL18,CCRL2,LDHA,CCL4,TRIF,VEGFA,IL18,TIRAP,IRAK1,IL12B,NOD2,MMP9,IRAK1,IL6,IL6,NLRC4,RAB33A,CXCL11,IRAK4,CCL2,MIR521-2,IL6,CXCL11,CXCL8,CCL4,FBXO6,CCL20,CXCL11,IL18,VEGF,NLRP1,TLR2,TLR2,IL12B,CXCL9,CARD8,TNF,TNF,IRAK1,IFI16,NOD2,PYDC2,RAB33A,TRIF,NFKBIA,RAB33A,IL6,IFNG,GCLC,NAIP,IL1B
CCL4,IL10,IRAK4,PYRIN,IRAK1,CCL4,TNF,IFNG,IL18,NLRP6,MMP9,VEGFA,CCL4,CCL4,CXCL10,IL18,VEGF,IRAK1,CCL5,TRIF,IRF3,MMP9,TLR4,IL12B,IL18,CXCL11,CXCL11,IL18,IL12B,VEGF,CCL11,MMP1,TRAF6,NOD2,IL12B,MYD88,TRAF6,CCL2,IL1B,CCL2,CCL4,MMP1,GBP5,IL12B,TIRAP,MMP2,STAT1,MMP12,IL6,VEGFA,LILRB4,IL6,CXCL10,TIRAP,MMP9,TNF,IRAK1,IRAK4,IL4,RIPK1,MMP1,IRAK4,CCL4,IL12B,NOD2,NCAM1,IL12B,TRAF6,CXCL10,AF127936.9,CCL2,IL18,IL12B,CXCL10,PSTPIP2,CXCL10,IL12B,TNF,MMP2,NOD2,TLR4,TLR4,IL1B,IL18,ASC,CCL2,IL12B,IRAK4,PYDC1,TLR2,PYDC3,NCAM1,TRAM,IRF1,NCAM1,CCL4,TGFB1,NFYA,IFNG,CXCL10
CXCL10,IL4,MYD88,TLR2,IRAK4,CXCL10,IL12,VEGFA,TNF,NLRP7,MMP1,CCL4,CXCL10,CXCL10,CXCL11,VEGF,TNF,IRAK4,CXCL10,TRAM,IRF7,NOS2,MYD88,IL18,VEGF,TNF,IL18,VEGF,IL18,PPARG,CCL17,MMP12,TBK1,RIPK3,IFNG,TIRAP,IRAK1,CXCL10,IL12B,CXCL10,CXCL10,MMP12,IRF1,IL17A,IRAK1,MMP9,STAT3,MMP13,CCL4,MMP9,MAPK14,IL10,CXCL11,IRAK1,MMP1,VEGF,IRAK4,TRAF6,IFNAR1,RIPK3,MMP2,MYD88,CXCL10,CCL2,TLR2,CD4,IL23A,TAK1,CXCL11,RP11-520E6.2,CXCL10,VEGF,IL18,CXCL11,ASPHD2,CXCL11,IL12A,IL6,MMP9,TLR2,MYD88,MYD88,CCL4,VEGFA,P2RX7,CXCL10,VEGFA,TRAF6,NLRP11,TLR9,PYDC4,GZMB,IRAK1,IRF7,CD19,CXCL10,IL10,STK4,IL6,CCL2
CXCL11,TGFB1,TRIF,TLR4,TRAF6,CXCL11,IFNG,MMP9,IL6,NLRP9,MMP12,CXCL10,CXCL11,CXCL11,IL18,TNF,IL12B,TRAF6,TNF,IRAK1,TNF,IL10,IRAK4,IL17A,MMP9,IL6,VEGF,TNF,IL17A,TNF,CCL19,CCL2,IKBKB,TRAF6,STAT1,IRAK1,IRAK4,CXCL11,IL12A,CXCL11,CXCL11,GBP1,IRF7,IL22,IRAK4,VEGF,JAK2,MMP14,CXCL10,MMP1,MSR1,IFNAR1,IL18BP,IRAK4,MMP12,IL12,TRAF6,TAK1,VEGFA,ZBP1,MMP8,TRIF,CXCL11,CXCL10,TLR4,GZMB,IL17A,IKKα,IL12B,RP11-135A1.2,CXCL11,MMP1,IL17A,IL6,FCMR,IL18,IL17A,IL17A,MMP1,TLR4,IRAK4,IRAK4,CXCL10,MMP9,CCL4,CXCL11,MMP9,TAK1,NLRP12,MYD88,PYDC5,CASP8,IRAK4,SOCS3,IL23A,CXCL11,IL4,NIPAL3,TNF,CCL20
IL18,CSF2,TRAM,CCL4,TAK1,IL18,CCL4,MMP1,CCL4,NLRP10,S100A8,CXCL11,IL18,IL18,VEGFA,IL12B,IFNG,TAK1,IL6,IRAK4,IL6,CD14,TRAF6,IL22,TNF,IL10,TNF,IL12B,IL22,IL10,CCL20,IL8,MAPK1,IRAK1,STAT3,IRAK4,MYD88,IL12B,IFNG,IL12B,IL18,IRF1,STAT1,CCL2,TRAF6,Mincle,SOCS3,MMP19,CXCL11,MMP12,TNF,HK2,VEGFA,TRAF6,SERPINE1,IFNG,TAK1,IKKα,HIF1A,TRAF6,MMP12,TRAM,IL18,CXCL11,CCL4,CASP8,IL17F,IKKβ,IL17A,FAM86B3P,IL12B,MMP9,IL10,IL12B,RTP4,TNF,IL21,IL21,MMP12,MYD88,TRAF6,TRAF6,CXCL11,MMP1,CXCL10,IL12B,MMP12,IKKα,NLRP6,TRAF6,PYDC6,CD4,TRAF6,JAK2,TLR3,IL18,IL13,LAS1L,IL1B,VEGFA
VEGFA,CCL5,TBK1,CXCL10,IKKα,VEGFA,MMP1,MMP12,CXCL10,CARD8,S100A9,IL18,VEGFA,VEGFA,MMP9,IFNG,PPARG,IKKα,VEGF,TRAF6,CCL5,TLR2,TNF,IL21,IL12B,IL12B,IFNG,IL1B,IL10,IL12B,CCL22,IL12B,MAPK3,IRAK4,IRF1,TRAF6,TIRAP,IL12A,IL17A,IL12A,VEGFA,IRF7,STAT3,CXCL10,TAK1,TLR2,TLR2,MMP25,IL18,SERPINE1,IL6,S100B,MMP9,TAK1,F3,MMP9,IKKα,IKKβ,MMP9,TBK1,MMP13,TBK1,VEGF,IL17A,CXCL10,IL2,RORC,NF-κB,IL22,LINC02408,IL1RN,TNF,TGFB1,IL1A,APOL6,VEGF,IL22,IL22,IL6,IRAK4,NFκB1,MAPK1,IL18,MMP12,CXCL11,IL17A,GBP1,IKKβ,NLRP7,IRAK1,PYDC7,CD19,TAK1,TYK2,TLR5,VEGF,IL17A,SNX29,CXCL10,MMP9
IL12B,CXCL8,IKKα,CXCL11,IKKβ,MMP9,MMP9,MMP13,CXCL11,ASC,PTGS2,IL17A,MMP9,IL12A,MMP12,STAT1,MMP9,IKKβ,MIP-2,TAK1,CXCL10,STAT1,IL6,IL10,IFNG,IL17A,IL6,IL6,TGFB1,IL1B,CCL24,IL17A,MAPK8,MyD88,IRF7,TAK1,TRIF,IL17A,IL22,IL17A,MMP9,STAT1,SOCS3,CXCL11,IKKα,MyD88,TLR4,MMP28,VEGF,CRP,IL12B,CCR5,MMP1,IKKα,TFPI,PPARG,IKKβ,NF-κB,ICAM1,IRF3,SERPINE1,IKKα,MMP9,IL22,CXCL11,TNF,STAT3,AP-1,GMCSF,RICTOR,IL10,IL6,CSF2,IL33,IL7R,IL12B,GMCSF,GMCSF,IL12B,TRAF6,NFκBIA,MAPK14,MMP9,NOS2,IL6,IL22,CXCL9,NF-κB,NLRP9,IRAK4,PYDC8,PTPRC,IKKα,TLR2,IL2,MMP9,IL23A,TMEM56,CCL2,MMP1
IFNG,STAT1,IKKβ,IL18,NF-κB,MMP12,MMP12,SERPINE1,IL12B,TRAF6,NOS2,IL21,MMP12,IFNG,MMP1,STAT3,MMP1,NF-κB1,IFNG,IKKα,CXCL11,STAT3,IL12B,TGFB1,TLR2,IL23A,IL12A,MIP2,STAT1,MMP9,CXCL1,IL22,MAPK14,TRIF,SOCS3,IKKα,TRAM,IL17F,IL21,IL17F,MMP1,STAT3,NOS2,CCL4,IKKβ,IL12,CD14,IFNG,MMP1,SAA1,CXCL10,REL,MMP12,IKKβ,PLAT,TLR2,NF-κB,AP-1,SLC2A1,IRF7,F3,IKKβ,MMP12,GMCSF,IL18BP,IL23A,FOXO1,TNF,VEGFA,MS4A2,IFNG,IL12B,CSF3,VEGFA,CD3E,IL1B,VEGF,IFNG,IL1B,NFκB1,STAT1,STAT1,MMP1,ARG1,TNF,GMCSF,CXCL8,AP-1,NLRP10,MAPK1,PYDC9,IL2,IKKβ,TLR4,TNF,MMP1,STAT1,C1orf74,STAT1,MMP12
MAVS,STAT3,NFκB1,VEGF,AP-1,MMP14,PPARG,F3,IFNG,IRAK1,ARG1,IL22,MMP1,CCL2,MMP2,GATA3,MMP12,AP-1,CCL4,IKKβ,IL12A,SOCS3,IL17A,VEGFA,MYD88,IFNG,IL12B,IFNG,STAT3,MMP1,CXCL2,IL21,NFATC2,TRAM,CD14,IKKβ,TBK1,IL22,CSF2,IL22,MMP3,SOCS3,PTGS2,IL1RN,NF-κB,IFNG,CD40,IL6,MMP9,SAA2,CCL2,STAT3,MMP13,NF-κB,PLG,MYD88,AP-1,TNF,HK2,MYD88,TFPI,NF-κB,MMP14,RORC,TNF,TLR3,SGK1,IL6,MAVS,AC079154.1,STAT1,IFNG,VEGFA,MMP9,IL5,IL6,MAVS,CCL4,IFNG,NFκB2,STAT3,STAT3,MMP12,SOD2,IL12B,RORC,IL6,TNF,CARD8,MAPK3,PYDC10,TNF,NF-κB,CD14,IL5,MMP12,STAT3,LEPR,STAT3,TREM2
DDX3X,JAK2,NFκB2,CCL2,TNF,MMP19,HLA-DRB1,TFPI,VEGFA,IRAK4,CD14,CSF2,MMP3,CXCL9,MMP3,RORC,SERPINE1,TNF,CXCL11,NF-κB,IL12B,IRF1,IL22,MMP9,CASP1,STAT1,IL17A,GATA3,JAK2,MMP12,CXCL3,GMCSF,NFKB1,TBK1,CD80,NF-κB,IKKα,GMCSF,IL10,IL21,MMP12,NOS2,SOD2,VEGFA,AP-1,IL1B,CD80,IL10,MMP12,FGA,VEGFA,CXCL10,MMP14,AP-1,SERPINF2,IL6,TRIF,IL6,G6PD,TRIF,THBD,AP-1,MMP25,STAT3,VEGFA,TLR5,RBPJ,IFNλ1,DDX3X,GNAO1,STAT3,IL10,MMP9,MMP2,NLRP1,MIP-2,DDX3X,CXCL10,IL10,RELA,IL6,JAK2,MMP13,PTGS2,IL23A,STAT3,IL1B,IL6,IL1RN,MAPK8,PYDC11,IL12B,AP-1,CD86,TNFRSF1B,MMP13,STAT6,SLC45A1,IRF1,GBP1
TRAF6,SOCS3,RELA,IL6,IL6,MMP25,IL6,PLAT,MAVS,MYD88,TLR2,RORC,MMP7,IL1A,MMP7,MCL1,F3,IL6,IL18,AP-1,IFNG,IRF7,IL21,MMP1,GBP1,STAT3,IL21,RORC,SOCS3,MMP13,CXCL5,IFNG,NFKBIA,IKKα,CD86,AP-1,IKKβ,RORC,IL4,GMCSF,MMP13,ARG1,HIF1A,MMP9,TRIF,IL6,CD86,IL17A,MMP14,FGB,MMP9,FGA,MMP25,TNF,CRP,IL1B,TRAM,IFNβ,LDHA,TRAM,PLAT,TNF,MMP28,VEGFA,IL6,NLRP2,CD5L,TRAM,TRAF6,MSMO1,IRF1,TLR2,MMP1,CCL2,PRF1,IFNG,TRAF6,CXCL11,IL4,STAT1,TNF,SOCS3,MMP14,CD14,IL17A,JAK2,CXCL2,IFNλ1,IL36RN,MAPK14,PYDC12,CCL5,TNF,CD40,CCL22,MMP14,JAK1,C1orf65,IRF7,GBP5
NLRC4,NFKB1,MAPK1,TNF,IFNλ1,MMP28,IL10,PLAU,TRAF6,TRIF,TLR4,IL12B,MMP13,IL33,MMP8,IRF3,TFPI,IFNλ1,CCL2,TNF,CCL4,GBP1,GMCSF,MMP12,IRF1,JAK2,IL22,MCL1,TLR2,MMP14,CXCL6,TLR2,NFKBIB,IKKβ,CD40,TRIF,NF-κB,STAT3,TGFB1,RORC,MMP14,CD14,MTOR,NOS2,TRAM,MIP2,CD274,IL17F,MMP25,FGG,PPARG,THBD,MMP28,IL6,SAA1,MIP2,TRAF3,CCL5,CCR5,TLR2,PLAU,IL6,TLR2,MMP9,IL12A,NLRP13,CCR6,TRAF3,ASC,LAP3P1,IRF3,MYD88,MMP2,CCL5,TLR9,GATA3,ASC,IL18,CD40,STAT3,CXCL10,CXCL10,MMP25,CD40,IL17F,TLR2,CCL4,IFNλ2,IL10,NFKB1,PYDC13,CCL22,IL6,CD80,IL12B,MMP19,JAK2,SLC25A33,SOCS3,SERPINA1
NLRP1,RELA,MAPK3,IL12B,IFNλ2,TLR2,CCL20,PLG,DDX3X,TRAM,NOD2,TLR2,MMP14,NLRP6,MMP10,STAT6,IL6,TRIF,CXCL9,IL6,CCL2,GBP5,RORC,NOS2,IRF3,SOCS3,CSF2,STAT1,TLR4,MMP19,CXCL8,TLR4,NFKBIE,NF-κB,CD83,TRAM,AP-1,JAK2,STAT3,STAT3,MMP19,CD68,AKT1,PTGS2,TRAF3,IL22,PDCD1LG2,IL23A,MMP28,PLAT,STAT1,SOCS3,SERPINE1,IFNβ,SAA2,CCL4,TBK1,CXCL10,CXCR3,TLR9,PLG,IFNβ,TLR3,MMP12,IL12B,RAB24,GMCSF,TBK1,PYDC2,RP11-566K19.9,IRF7,GBP1,MMP12,CXCL9,CCR7,RORC,PYDC1,VEGFA,CD86,JAK2,CXCL11,CCL2,MMP28,CD80,RORC,TLR4,CCL5,TRAF3,IL17A,NFKB2,PYDC14,TLR2,IFN-β,CD274,TLR9,MMP25,TYK2,C1orf43,JAK2,S100A8
NLRP6,IRF1,MAPK8,IL12A,TRAM,TLR9,STAT1,FGA,IRF3,TBK1,STAT1,MYD88,MMP2,NLRP7,MMP13,TBK1,IL1B,TRAM,IL12B,IFNλ1,VEGFA,CXCL9,STAT3,PTGS2,IRF7,TLR2,RORC,STAT3,NOD2,MMP25,CXCL9,MYD88,STAT1,AP-1,CD274,TRAF3,TNF,SOCS3,RORC,JAK2,MMP25,CD163,PIK3CA,SOD2,TBK1,IL17,CTLA4,IL27,TIMP1,PLAU,STAT3,TNF,F3,CCL5,HP,GBP1,IKKε,VEGF,APP,CCL5,FGA,CCL5,TLR5,NOS2,IL17A,BPI,TGFBR1,IKKε,IL1A,RP11-428M15.1,MYD88,IRF1,MMP13,CXCL8,NLRP12,MCL1,NOD2,CCL2,CD80,SOCS3,CCL2,CCL5,SERPINE1,CD86,STAT3,MYD88,IL10,TBK1,IL17F,RELA,PYDC15,TLR4,CCL5,PDCD1,NLRP2,MMP28,SOCS1,KIF17,MAPK14,S100A9
NLRP7,IRF7,MAPK14,IL17A,TRAF3,MYD88,STAT3,FGB,IRF7,IKKα,STAT3,MAVS,MMP8,NLRP9,MMP14,DDX41,IL10,TRAF3,IL1RN,TRAF3,MMP9,CCL5,JAK2,ARG1,STAT1,TLR4,MAVS,STAT6,MYD88,MMP28,CXCL12,CASP1,STAT3,CCL5,PDCD1LG2,TBK1,IL6,VEGFA,FOXP3,SOCS3,MMP28,CD36,MAPK1,HMOX1,IKKε,IL10,PDCD1,IL1RN,TIMP2,PLAUR,STAT6,DPM1,TFPI,CXCL10,HMOX1,CXCL9,IRF3,CCL4,GFAP,CXCL10,FGB,CXCL10,TLR7,ARG1,IL17F,TWIST1,IL10,IRF3,IL33,AC011899.10,TRAF6,IRF3,SERPINE1,IL10,TLR5,STAT1,TLR2,CXCL8,CD28,CXCL10,CCL4,TNF,F3,CD163,TGFBR2,TRAF6,IL17A,IKKε,IL23A,STAT1,PYDC16,NOD2,CXCL10,CTLA4,NLRP13,NFKB1,SOCS3,C1orf56,MAPK8,CD14
NLRP9B,TLR2,JUN,IL21,TBK1,TRIF,RORC,FGG,MYD88,IKKβ,IRF1,DDX3X,MMP10,NLRP10,MMP15,IFI16,IL17A,TBK1,IL10,TBK1,MMP2,S100A8,SOCS3,CD14,STAT3,MYD88,DDX3X,TBK1,IRF1,IL6,CXCL13,GSDMD,STAT6,CXCL10,CTLA4,IKKε,IFNβ,HIF1A,GATA3,VEGFA,TLR2,TLR2,MAPK3,NFE2L2,IRF3,IL4,FOXP3,IL1A,TIMP3,F3,IRF3,SCYL3,PLAT,VEGF,NOS2,IL22,CCL5,CXCL11,F3,CXCL11,FGG,CCL4,TLR8,CD14,IL21,IL12B,IL10RA,IFNB1,NLRP1,RP11-151F5.2,TRAF3,IRF7,F3,IL17A,PTPRCv1,STAT3,TLR4,IL12B,CD69,CXCL11,CCL5,VEGFA,PLAT,CD68,FOXO1,NFKB1,IL22,IRF3,IL23R,STAT3,PYDC17,NLRP2,MAVS,FOXP3,RAB24,NFKB2,NFKB1,C1orf27,RELA,TLR2
NLRP10,TLR4,FOS,IL22,IKKε,TRAM,TBX21,CRP,TICAM1,NFκB1,IRF7,TRAF6,MMP11,CARD8,MMP16,CGAS,IL22,IKKε,IL23A,IKKε,HIF1A,S100A9,CXCL10,CD68,STAT6,NFKB1,TRAF6,IRF3,IRF7,IL8,CXCL16,ASC,JAK1,IFNB1,PDCD1,IRF3,CCL5,NOS2,TBX21,MMP9,TLR6,TLR9,JUN,STAT1,CCL5,FOXP3,GATA3,IL1F10,TIMP4,TFPI,IRF7,C1orf112,PLAU,CCL4,ARG1,IL17A,CXCL10,IL18,SERPINE1,IL6,FN1,CXCL11,TLR9,TLR2,IL22,CD19,IL10RB,CCL5,NLRC4,PHRF1,TBK1,STAT1,TFPI,IL23A,BLR1,STAT6,MYD88,IL12A,CD83,CCL4,CCL7,HIF1A,THBD,CD36,SGK1,RELA,IFNG,CCL5,RORC,JAK1,PYDC18,NLRP13,DDX3X,GATA3,BPI,RELA,RELA,C1orf53,NFKB1,TLR4
CARD8,MYD88,STAT1,GMCSF,IRF3,IRAK1,GATA3,SAA1,TIRAP,NFκB2,SOCS3,ASC,MMP16,IRF3,MMP17,DAI,GMCSF,IRF3,IL27,IRF3,NOS2,PTGS2,CXCL11,CD163,NFKB1,RELA,NLRC4,IRF7,IRF8,CXCL9,IL1A,PYCARD,JAK2,IFNL1,FOXP3,CCL5,CXCL10,ARG1,IL23R,MMP1,TLR8,NOD2,FOS,STAT3,CXCL10,STAT3,RORC,IL1R1,SERPINE1,THBD,MMP1,FGR,PLG,CXCL11,IDO1,RORC,IL6,CCL2,THBD,TNF,VWF,IL18,MYD88,TLR4,CSF2,PTPRC,IL1RN,CXCL10,NLRP6,SCD5,IKBKB,STAT3,PLAT,IL18R1,GNLY,TBK1,NLRC4,TLR2,CD14,IL6,CCL8,MMP9,PROS1,FCGR1A,RBPJ,NFKBIA,STAT1,CXCL10,FOXO1,JAK2,PYDC19,RAB24,TRAF3,TBX21,TWIST1,RELB,NFKBIA,C1orf52,NFKBIA,NOD2
CASP4,TRAF6,STAT3,RORC,CCL5,IRAK4,MCL1,SAA2,MAPK1,RELA,HIF1A,PYCARD,MMP17,IRF7,MMP19,NLRP3,GATA3,CCL5,IL17A,CCL5,ARG1,SERPINA1,CCL4,CD3E,NFKBIA,IRF1,AIM2,DDX41,BCL2,CXCL12,IL1RN,NLRC4,TYK2,IFNL2,GZMB,CXCL10,CXCL11,MMP9,IL12RB1,MMP12,TLR9,CLEC4E,RELA,STAT6,IL6,CD40,TBX21,IL1R2,PLAT,PROS1,MMP12,CFH,THBD,IL18,PTGS2,GATA3,TNF,CXCL8,PLAT,VEGFA,SELE,VEGF,TRIF,MYD88,RORC,FCGR1B,IL36RN,MAVS,NLRP7,RNU6-782P,NFKB1,STAT6,PLAU,IL18BP,RAB33A,IRF3,AIM2,TLR4,CD68,TNF,CCL13,MMP1,PROC,FCGR2A,CD5L,IKBKB,STAT3,VEGF,SGK1,SOCS1,PYDC20,BPI,TBK1,RORC,GZMB,IRAK1,IRF1,C1orf54,S100A8,CASP1
CASP5,MAPK1,STAT6,MAVS,CXCL10,TRAF6,DDX41,HP,MAPK3,STAT1,FOXP3,CASP4,MMP19,MYD88,MMP20,NLRC5,RORC,CXCL10,IL17F,CXCL10,PTGS2,CRP,CCL2,CD4,RELA,IRF7,IFI16,IFI16,BAX,CXCL13,IL2,AIM2,SOCS1,TNF,PRF1,CCL4,IL18,MMP1,IL12RB2,TLR2,MYD88,CLEC7A,NFKB1,IRF1,TNF,Smad7,IL17A,IL1RAP,PLAU,PROC,MMP14,FUCA2,PROC,CCL2,ALOX5,TBX21,VEGF,IL12B,DPM1,MMP9,SELL,MIP-2,TRAM,TRAF6,MAVS,GBP5,NOD2,DDX3X,NLRP9,BTF3P4,RELA,SOCS1,THBD,IL1RN,NCAM1,IRF7,IFI16,MYD88,CD163,VEGFA,CCL18,MMP12,PROZ,FCGR3A,CCR6,MAPK1,STAT6,CCL4,RBPJ,SOCS3,PYDC21,TWIST1,IKKε,IL17A,CASP8,IRAK2,IRF7,C1orf55,S100A9,CASP8
CASP11,MAPK14,IRF3,DDX3X,CCL4,TAK1,CGAS,HMOX1,MAPK8,STAT3,GATA3,CASP5,MMP20,TRAF6,MMP21,ZBP1,CMAF,MAVS,IL22,MAVS,SOD2,HP,CCL5,CD8A,JAK2,IRF9,PYDC1,DAI,CASP1,CXCL16,IL4,IFI16,SOCS3,IL6,FASLG,CXCL11,VEGF,TIMP1,IL27,TLR4,TRIF,S100A8,NFKBIA,IRF7,VEGF,IKBa,IL17F,IL1RL1,F3,SERPINC1,IL1B,GCLC,PROS1,CXCL9,CYP27B1,STAT1,CCL4,IL12A,SCYL3,MMP1,ICAM1,IL-12,TRAF6,IRAK4,DDX3X,4-Sep,NLRC4,TRAF6,NLRP10,RAPGEF4-AS1,MAPK1,SOCS3,PROS1,IL1R1,NEMF,DDX41,PYDC2,IRAK4,CD36,MMP9,CCL19,SERPINE1,PLG,ITGAM,GMCSF,MAPK3,MYD88,CXCL10,CD5L,TNF,PYDC22,IL23A,IRF3,IL17F,GNLY,IRAK3,IRF8,C1orf57,S100A12,CASP9
GSDMA,PIK3CA,IRF7,TRAF6,CXCL10,IKKα,IRF3,NOS2,MAPK14,JAK1,RORC,NLRC4,MMP21,TRAF3,MMP23A,CASP8,STAT1,TRAF6,IL21,TRAF6,CAT,SAA1,VEGFA,CD19,SOCS3,GBP1,PYDC2,cGAS,CASP3,CCL3,IL7,PYRIN,CCL2,IL12A,FAS,IL18,MIP-2,SERPINE1,IL27RA,MYD88,TRAM,S100A9,CASP1,IRF8,CCL4,NFkB,IL21,IL1RL2,F2,SERPIND1,IL18,NFYA,F2,IL10,CYP24A1,STAT3,CXCL10,IFNG,C1orf112,MMP12,VCAM1,IFN-γ,TRAF3,NFKB1,TRAF6,ANKRD22,NAIP,CCL4,CARD8,HCN2,MAPK3,JAK1,PROC,IL1R2,ASUN,IFI16,CARD8,TRAF6,CD11B,MMP12,CCL20,F3,SERPINF2,ITGB2,IL10,MAPK14,TLR2,CXCL11,CCR6,IL6,PYDC23,TLR3,CCL4,IL22,CD4,IRAK4,TLR2,C1orf58,MMP9,GZMB
GSDMB,AKT1,CXCL10,CARD8,CXCL11,IKKβ,STAT6,ARG1,NFKB1,JAK2,TBX21,NLRP1,MMP23B,TBK1,MMP23B,RIPK3,STAT3,DDX3X,IL4,DDX3X,GPX1,SAA2,MMP9,CD79A,CD14,GBP2,NLRP6,TMEM173,CASP8,CCL4,IL10,CARD8,CCL3,IL12B,CASP1,VEGF,IL-12,F3,IL17RA,TRAF6,TRAF6,PTX3,CASP8,TLR2,CXCL11,Id3,IL22,IL1RL2,F5,SERPINF2,CCL4,STPG1,F5,IL12,IL10,STAT6,CXCL11,IL10,FGR,S100A8,PECAM1,TLR2,IRAK1,RELA,GBP1,BATF2,PYCARD,CXCL10,TLR2,MAFK,MAPK8,JAK2,SERPINC1,IL1RAP,DHX29,DAI,NLRP6,NFKB1,CD11C,CCL2,CCL21,TFPI,SERPINA5,SELL,IL1RN,STAT1,TLR4,IL18,ACC1,IL12B,PYDC24,TNFRSF1A,CXCL11,IL23A,PTPRCv1,TRAF6,TLR4,C1orf59,MMP8,PRF1
GSDMC,MTOR,CCL5,NLRP6,IL18,NF-κB,RIPK3,PTGS2,NFKBIA,SOCS1,IL12B,NLRP6,MMP24,IKBKB,MMP24,GBP1,STAT6,GBP1,IL5,GBP1,NFE2L2,FGA,MMP1,MS4A1,CD68,GZMB,NLRP7,MMP1,GSDMD,CCL5,IL12A,DDX3X,CCL4,IL23A,CASP3,TNF,IFN-γ,TFPI,IL17RC,NFKB1,TRAF3,CRP,GSDMD,TLR4,IL18,CDK21,IL23R,IL1RL2,F7,SERPINA1,CXCL11,NIPAL3,F7,IL1RN,TGFB1,IRF3,IL18,IL4,CFH,S100A9,CD36,MyD-88,IRAK4,NFKBIA,GBP5,GBP1,CARD8,CXCL11,TLR4,RP11-600L4.1,MAPK14,TYK2,SERPIND1,IL6R,PPARG,cGAS,NLRP7,RELA,CD18,CCL5,CCL22,PLAT,SERPINC1,SELE,IL36RN,IRF1,NOD2,MAVS,TGFBR1,IL23A,PYDC25,IL7,IL18,IL27,TLR3,MYD88,MYD88,C1orf60,MMP1,FASLG
GSDME,HIF1A,CCL2,NLRP7,VEGF,AP-1,CASP8,ALOX5,RELA,SOCS3,IL17A,NLRP7,MMP25,MAPK1,MMP25,MMP1,TBK1,VEGF,IL13,CCL4,KEAP1,FGB,MMP12,FCGR1A,CD80,PRF1,NLRP9,MMP9,PTGS2,CCL7,IL12B,MAVS,CCL5,IL27,CASP8,IL6,TLR2,PLAT,IL22RA1,RELA,TBK1,SERPINE1,PYDC1,MYD88,MIP-2,c-myc,IL12RB1,IL1RL2,F8,SERPINA3,CXCL9,ENPP4,F10,IL1A,FOXP3,IRF7,GBP1,IL17A,FUCA2,PTGS2,CD40,Mincle,TBK1,SOCS3,MX1,GBP6,ZBP1,IL18,MYD88,RNU6-89P,JUN,CXCL9,F2,IL6ST,ABCG1,TLR2,NLRP9B,STAT1,CD62L,CXCL9,CCL23,PLG,SERPIND1,VCAM1,NFkB1,IRF7,NLRP3,DDX3X,TGFBR2,CCL2,PYDC26,IFNG,VEGF,IL2RA,TNFRSF1A,TIRAP,CD14,C1orf61,VEGFA,FAS
GSDMF,VEGFA,CCL3,NLRP9B,CCL2,TRAF3,ZBP1,ALOX15,STAT1,IL6,IL17F,NLRP9,MMP26,MAPK3,MMP26,MMP9,IRF3,MIP-2,IL15,CXCL10,NLRP6,FGG,NOS2,FCGR2A,CD86,FAS,NLRP10,MMP12,NOS2,CCL8,IL15,TRAF6,CXCL9,IL10,CASP9,IL12,MyD-88,PLAU,IL22RA2,IRF1,IKKα,PLAT,NLRC4,NOD2,IFN-γ,ATM,IL12RB2,IL1RL2,F9,SERPINA5,CXCL13,SEMA3F,F12,IL1R1,CTLA4,IRF9,MMP1,IL23A,GCLC,NOS2,CD80,NADase,IKKα,PTGS2,OAS1,LHFPL2,RIPK1,VEGF,IRAK4,LA16c-349E10.1,FOS,CXCL13,F5,IL12RB1,ABCA1,MyD88,NLRP10,STAT3,CD62P,IL12B,CCL24,FGA,SERPINF1,ICAM1,NFkB2,SOCS3,CASP1,TRAF6,TGFB1,CCL5,PYDC27,CXCL10,MIP-2,IL2RB,NLRP12,TRIF,CD68,C1orf62,ANGPT2,BCL2
IL17A,MMP9,CCL4,NLRP10,CCL3,TBK1,NLRC5,CYP27B1,STAT3,TNF,IL22,NLRP10,MMP27,MAPK8,MMP27,MMP12,IRF7,IL-12,IL2,CXCL11,NLRP7,TFRC,ARG1,FCGR3A,CD163,FASLG,CARD8,TIMP1,ARG1,CCL11,IL17A,IL33,CXCL10,IL1RN,BAX,IFNG,NADase,THBD,IL1RN,IRF5,IKKβ,F3,AIM2,RIPK2,TLR2,Notch2,CCR6,IL1RL2,F10,SERPINA10,S100A8,CFTR,F13A1,IL1R2,PDCD1,JAK1,MMP9,IL1RN,NFYA,CD14,CD86,NLRP6,IKKβ,SOD2,OAS2,SERPING1,NLRP12,CCL2,TRAF3,LINC02401,VEGFA,CCR2,F7,IL12RB2,TLR2,Mincle,IL33,SOCS3,CD44,IL12A,CCL25,FGB,SERPING1,PECAM1,RELA,PTGS2,CASP8,GBP1,TGFB2,CXCL10,PYDC28,CXCL9,IL-12,IL2RG,BLR1,TRAM,CD80,C1orf63,NOS2,BAX
IL17F,MMP1,TNF,NLRP1,CCL8,IKKε,NLRP3,CYP24A1,SOCS1,CXCL10,IL10,CARD8,MMP28,MAPK14,MMP28,MMP14,DDX41,IFN-γ,IL7,IL18,NLRP9,TF,PTGS2,FCGR3B,CD209,CASP1,CASP4,TIMP2,MMP9,CCL13,IL17F,IL1A,CXCL11,IL1R1,BAK1,MIP-2,NLRP6,PROS1,IL1R1,IRF7,NF-κB,TFPI,PYDC2,MAPK1,MyD88,HuR,CCR7,IL1RL2,F11,SERPINA11,S100A9,ANKIB1,F13B,IL1RAP,LAG3,JAK2,MMP12,IL1R1,STPG1,CD80,CD274,NLRP7,NF-κB,CAT,OAS3,C1QB,GBP1,CCL3,TRAF5,RP4-673D20.5,HIF1A,CCR5,F8,IL17RA,TLR4,Syk,GSDMA,JAK2,CD47,IL17A,CCL26,FGG,SERPINA1,LAMP1,NFKBIA,NOS2,RIPK3,Mincle,TGFB3,CXCL11,PYDC29,CCL2,IFN-γ,IL7R,FCGR1A,TBK1,CD86,C1orf64,PTGS2,CYCS
IL21,MMP12,IL6,NLRP4,CXCL9,IRF3,GBP1,VDR,SOCS3,CCL5,TGFB1,IL33,NOD2,NFKB1,TGFB1,IL1B,IFI16,CCL4,IL9,VEGF,NLRP10,HMOX1,SOD2,ITGAM,CD274,CASP3,CASP5,SERPINE1,VEGFA,CCL17,IL18,IL1RN,CCR1,IL1R2,BCL2,TLR2,NLRP7,PROC,IL1R2,IRF9,AP-1,THBD,PYDC3,MAPK14,NADase,CCL2,CXCR3,IL1RL2,F12,SERPINA12,S100A12,CYP51A1,SERPINA1,IL1RL1,HAVCR2,TYK2,MMP14,IL1R2,NIPAL3,CD86,PDCD1LG2,NLRP9b,AP-1,GPX1,OASL,CD274,DDX3X,CCL8,MAPK1,RP11-659E9.2,NOS2,CXCR3,F9,IL17RC,TNF,Card9,GSDMB,TYK2,CD55,IL17F,CCL27,CRP,SERPINA3,LAMP2,NFKBIB,ARG1,ZBP1,Syk,STAT3,CCR5,PYDC30,CCL8,TLR2,CCR5,NOD2,IKBKB,CD40,C1orf66,HIF1A,NFKB1
IL22,SERPINE1,IL12B,NLRP5,CXCL12,CCL5,CXCL9,SLC11A1,JAK1,CCL2,CD3E,GSDMD,NLRP1,NFKBIA,TGFB2,IL6,CGAS,CXCL11,IL11,IL12,NLRP13,NFE2L2,CAT,ITGAX,CD40,CASP8,IL33,PLAT,ANGPT2,CCL18,IL23A,IL1R1,CCR2,IL18R1,BCL2L1,MyD88,NLRP9b,F2,IL1RAP,GBP1,IRF3,PROS1,PYDC4,JAK2,TLR9,CXCL8,CXCR5,IL1RL2,F13A1,SERPINA13,CD14,KRIT1,SERPINA5,IL1RL2,CD274,SOCS1,S100A8,IL1RAP,ENPP4,CD40,CTLA4,NLRP10,IFN-β,HMOX1,RSAD2,GBP4,MAVS,CCL13,MAPK3,ADAM28,ARG1,CXCR4,F10,IL23R,IL2,GBP1,GSDMC,MAPK1,CD59,IL22,CCL28,SAA1,SERPINA4,CTSD,A20,CD14,IRF3,TLR2,STAT1,CXCR3,PYDC31,CCL20,MyD88,CCR7,PTPRCv1,IKBKG,CD83,C1orf67,LDHA,RELA
GMCSF,F3,IL23A,NLRP8,CXCL13,CXCL10,CXCL13,NRAMP1,JAK2,CXCL8,CD4,S100A8,NLRC4,RELA,TGFB3,MIP2,TLR2,IL-18,IL16,IFN-γ,NLRP14,GCLC,GPX1,ITGB2,CD40LG,CASP9,GSDMA,F3,HIF1A,CCL19,IL27,IL1R2,CCR5,IL18RAP,MCL1,Mincle,NLRP10,F5,IL18R1,GBP2,IRF7,PROC,PYDC5,SOCS3,NLRP6,CCR5,CCR4,IL1RL2,F13B,SERPINA14,CD36,RAD52,SERPINA10,IL1R2,PDCD1LG2,SOCS3,S100A9,IL1RL1,SEMA3F,CD40LG,PDCD1,CARD8,IFN-γ,NFE2L2,ISG15,AIM2,TRAF6,CCL17,MAPK8,SNORA75,MMP9,CD14,F11,IFNG,IL12B,ZBP1,GSDME,MAPK3,CD74,GMCSF,CXCL1,APOA1,SERPINA6,CTSB,HOIL1,CD40,IRF7,MyD88,STAT5A,CD14,PYDC32,IL1B,NADase,CXCR3,GNLY,MAPK1,CD163,C1orf68,PDK1,STAT1
RORC,THBD,IFNG,NLRP13,IL1A,CD14,IL1B,SLC40A1,TYK2,IL12B,CD8A,S100A9,NLRP6,STAT1,IL10,CCL7,MYD88,NLRP6,IL19,MIP-2,NLRC4,GCLM,GSR,SELL,CD83,GSDMD,GSDMB,PROS1,S100A8,CCL21,IL32,IL1RAP,CXCR3,IL33,XIAP,NADase,CARD8,F10,IL18RAP,GBP5,IRF9,VWF,PYDC6,FOXP3,NLRP7,CXCR3,CCR5,IL1RL2,PROS1,SERPINA15,CD68,MYH16,SERPINC1,IL1RAPL1,CD80,BCL2,S100A12,IL18R1,CFTR,CD28,LAG3,DDX3X,CCL5,KEAP1,IRF1,FBXO6,DDX58,CCL22,MAPK14,RP11-568J23.1,MMP1,CD36,F12,IFNGR1,IL23A,CASP1,RIPK1,MAPK14,CD93,RORC,CXCL2,APOB,SERPINA7,CTSL,HOIP,CD80,IRF9,NADase,STAT5B,CD40,PYDC33,IL6,TLR9,CXCR5,TLR5,MAPK3,CD206,C1orf69,HK2,STAT3
IL23R,PROC,VEGFA,NLRP14,IL1RN,CD36,IL23A,FPN1,IL1RN,IL23A,CD19,PTGS2,NLRP7,STAT3,IL12A,CCL20,NAD,NLRP7,IL20,CCL2,NLRC5,SLC2A1,HMOX1,SELE,CD276,PYDC1,GSDMC,PROC,S100A9,CCL22,IL33,IL18R1,TNF,IL33R,NAIP,HSP90,RIPK1,F12,IL18BP,OAS1,STAT1,SELE,PYDC7,RORC,NLRP9b,CCR2,CCR2,IL1RL2,PROC,SERPINA16,CD163,BAD,SERPIND1,IL1RAPL2,CD86,BAX,PTX3,IL18RAP,ANKIB1,CTLA4,HAVCR2,GBP1,CXCL9,BCL2,IRF7,PSTPIP2,IFIH1,CCL24,JAK1,RP11-429B14.4,MMP12,CD40,F13A1,IFNGR2,TLR3,CASP8,RIPK3,ERK1,CD97,TGFB1,CXCL3,LDLR,SERPINA9,APOE,OTULIN,CD86,SOCS1,HSP90,JAK1,CD80,PYDC34,IL10,NOD2,S100A8,NCAM1,MAPK8,CD209,C1orf70,GAPDH,IRF1
IL12RB1,PLAT,HIF1A,NLRP2,IL10,CD80,IL17A,TFRC,IL10,IL17A,CD56,MMP9,NLRP9,JAK1,IL12B,CCL4,LC3,NLRP9b,IL24,CCL3,NOD1,SLC2A3,NFE2L2,SELPLG,CD48,PYCARD,GSDME,THBD,CD14,CCL23,IFNA1,IL18RAP,TNFRSF1A,IL36A,NLRP3,DDX3X,RIPK3,PLG,NLRP3,OAS2,STAT2,SELPLG,PYDC8,TBX21,NLRP10,CXCR1,CCR1,IL1RL2,PROZ,SERPINA17,CD180,LAP3,SERPINF2,IL1RAPL3,CD40,CASP1,CRP,IL33,CYP51A1,PDCD1,TIGIT,ZBP1,CXCL11,BAX,IRF9,ASPHD2,TLR2,CXCL1,JAK2,HM13-IT1,TIMP1,CD80,F13B,STAT1,TLR5,RIPK3,ZBP1,ERK2,CD99,IL21,CXCL5,PCSK9,SERPINA10,APOA1,TRAF6,CD274,SOCS3,NLRP6,JAK2,CD86,PYDC35,IL17A,RIPK2,S100A9,RAB33A,MAPK9,CD274,C1orf71,ENO1,IRF3
CCR6,PLAU,NOS2,NLRP15,IL12A,CD86,IL22,FTH1,IL10RA,IL17F,CD68,MMP1,NLRP10,JAK2,IL17A,CXCL9,ATG9A,NLRP10,IL26,CCL5,NOD2,HK2,KEAP1,ICAM1,CD69,AIM2,NLRP1,VWF,CD68,CCL24,IFNB1,IL12RB1,TNFRSF1B,IL36B,NLRC4,MAVS,ZBP1,SERPINF2,NLRP1,OAS3,STAT3,ICAM1,PYDC9,GATA3,CARD8,CXCR2,CXCL13,IL1RL2,SERPINC1,SERPINA18,CD209,HS3ST1,SERPING1,IL1RAPL4,CD40LG,CASP3,SERPINA1,IL33R,KRIT1,PDCD1LG2,BTLA,RIPK1,CXCL12,FAS,STAT1,FCMR,TLR4,CXCL2,STAT1,TRAJ33,SERPINE1,CD86,KLKB1,STAT3,TLR9,NLRC5,IRF1,P38,CD100,IL27,CXCL6,CD36,SERPINA11,APOB,DDX3X,PDCD1LG2,CD14,NLRP7,TYK2,CD274,PYDC36,IL18,CARD9,S100A12,IL5,MAPK14,PDCD1,C1orf72,PKM,IRF7
STAT3,SERPINF2,ARG1,NLRP16,IL12B,CD163,IL21,FTL,IL10RB,IL22,CD80,MMP12,NLRP13,SOCS1,IL17F,CXCL12,HLA-DRB1,CARD8,IL28A,CXCL8,RIPK1,PFKFB3,NLRP1,VCAM1,CD70,NLRC4,NLRP2,SELE,CD80,CCL25,IFNG,IL12RB2,IL6,IL36G,AIM2,TRAF6,PANoptosome,APOE,NLRC4,MX1,STAT4,VCAM1,PYDC10,BCL6,NLRP1,IL1RN,CXCL12,IL1RL2,SERPIND1,SERPINA19,CLEC4E,AOC1,SERPINI2,IL1RAPL5,CD28,CASP8,SERPINA3,IL36A,RAD52,LAG3,CD27,RIPK3,CXCL13,FASLG,STAT2,RTP4,MYD88,CXCL3,STAT3,OR4F2P,PLAU,CD163,KNG1,JAK1,NLRP2,NLRP3,CASP6,JUN,CD101,IL10,CXCL8,PPARG,SERPINA12,APOC3,MAVS,CTLA4,CD40,NLRP9b,SOCS1,PDCD1,PYDC37,IL21,Mincle,MMP9,CCL22,JUN,CTLA4,C1orf73,GLUT1,SOCS1
JAK2,FGA,SLC2A1,NLRP17,IL15,CD206,IL15,HAMP,TGFB1,IL10,CD86,NOS2,NLRP14,SOCS3,IL21,IL10,LTA4H,CASP4,IL28B,CXCL9,RIPK3,LDHA,NLRP6,PECAM1,CD80,NLRP1,NLRP4,ICAM1,CD86,CCL26,IFNE,IL23R,IL6R,IL36RN,PYDC1,RIPK1,Mincle,APOC1,AIM2,MX2,STAT5A,PECAM1,PYDC11,CD4,NLRC4,IL15,CXCL11,IL1RL2,SERPINF2,SERPINA20,CLEC7A,WNT16,SERPINI3,IL1RAPL6,ICOS,CASP9,FGA,IL36B,MYH16,HAVCR2,CD28,PYD,IL12A,CASP3,JAK1,APOL6,IRAK4,CXCL5,STAT4,HBG1,PLAUR,CD209,CPB2,JAK2,NLRP13,PYPAF7,CASP8,FOS,CD102,IL1RN,CXCL9,SREBF1,SERPINA13,FABP4,DDX58,PDCD1,CD80,NLRP10,SOCS3,PDCD1LG2,PYDC38,IL22,Syk,MMP8,TNF,FOS,FOXP3,C1orf75,SLC2A1,SOCS3
TYK2,FGB,HK2,NLRP18,IL17A,CD209,IL7,IL10,SMAD2,IL4,CTLA4,ARG1,NLRP2,IL10,IL22,IL22,MCL1,CASP5,IL29,CXCL12,FADD,PKM,NLRP7,JAK2,CD86,NLRP2,NLRP5,VCAM1,CD163,CCL27,IFNK,STAT3,IL10,IL37,PYCARD,RIPK3,NLRP1,APOC2,PYDC1,ISG15,STAT5B,CD40,PYDC12,CD8A,NLRP4,IL21,CXCL8,IL1RL2,SERPING1,SERPINA21,TLR2,HECW1,SERPINI4,IL1RAPL7,CD27,FADD,FGB,IL36G,BAD,ITGAX,CD40LG,NOD,IL12B,CASP8,JAK2,DPM1,TRAF3,CXCL6,STAT6,KB-67B5.18,F3,CD274,CP,TYK2,FCGR1A,PYPAF5,CASP11,ATF2,CD103,IL1R1,CXCL12,MTOR,SERPINA14,FABP5,IFIH1,FOXP3,CD86,CARD8,IRF1,CTLA4,PYDC39,IL27,FcRγ,MMP1,IL23A,STAT1,GATA3,C1orf76,CD36,JAK2
IL1RN,FGG,PFKFB3,NLRP19,IL17F,CD274,IL2,IL4,SMAD3,IL13,PDCD1,CD14,NLRP4,TGFB1,IL23R,IL17A,CCL7,CASP11,IL31,IL1RN,CYLD,PDK1,NLRP9,STAT1,CD96,NLRP6,NLRP13,PECAM1,CD209,CCL28,IFNL1,STAT4,IL10RA,IL38,GSDMD,ZBP1,NLRC4,APOC3,CASP1,RSAD2,STAT6,CD80,PYDC13,CD14,NLRP5,IL23,CCL3,IL1RL2,SERPINA1,SERPINA22,TLR4,MAD1L1,SERPINI5,IL1RAPL8,CD70,TRADD,FGG,IL36RN,LAP3,ITGAM,CD70,LRR,IL23A,CYCS,TYK2,SCYL3,IKBKG,CXCL9,SOCS1,RNU6-83P,F2,CD276,HP,SOCS1,RAB24,PYPAF3,CASP4,CREB1,CD104,IL1R2,CXCL13,AKT1,SERPINA15,PLTP,TLR2,IL10,CD274,Caspase-11,IRF3,FOXP3,PYDC40,IL32,MCL,MMP12,FCGR1A,STAT3,RORC,C1orf77,FABP4,TYK2
IL36RN,CRP,LDHA,NLRP20,IL23A,CD276,IL4,IL13,SMAD4,IFNG,LAG3,CD68,NLRP5,CD14,IL27,IL17F,MIP2,NLRC4,IL32,IL10,TRAF6,PDK4,NLRP10,STAT3,CD226,NLRP7,NLRP14,NOS2,FCGR1A,CSF1,IFNL2,JAK2,IL12A,IL17A,IL1A,NLRC5,NLRP4,APOA1,CASP4,IFI27,JAK1,CD86,PYDC14,CD19,NLRP13,IL27,CCL4,IL1RL2,SERPINA5,SERPINA23,TLR8,LASP1,SERPINI6,IL1RAPL9,TNFRSF4,RIPK1,PLG,IL37,HS3ST1,ITGB2,CD137,NACHT,IL27,APAF1,SOCS1,C1orf112,NFKB1,CXCL12,SOCS3,PXDNL,FGA,CD300A,TF,SOCS3,BPI,PYPAF2,CASP5,HIF1A,CD105,IL1RAP,CXCL14,PIK3CA,SERPINA16,PLIN2,TLR4,TGFB1,PDCD1,Caspase-4,IRF7,TBX21,PYDC41,CSF2,Dectin-2,SERPINA1,IL7R,STAT6,TBX21,C1orf78,PPARG,MAPK1
IL37,SAA1,PDK1,NLRP21,IL27,CD40,IL5,TGFB1,FOXP3,IFNB1,HAVCR2,CD163,NLRP8,TLR2,IL33,IL21,CXCL8,NLRP1,IL33,IL15,TAK1,ACSL1,CARD8,STAT4,CD244,NLRP9,NLRP15,ARG1,FCGR2A,CSF2,IFNL3,JAK3,IL12B,IL17F,IL18R1,NLRP6,NLRP5,APOA2,CASP5,IFI44,JAK2,CD28,PYDC15,CD40,NLRP14,IL31,CCL7,IL1RL2,SERPINA10,SERPINA24,NOD2,SNX11,SERPINI7,IL1RAPL10,TNFRSF9,RIPK3,PLAT,IL38,AOC1,ITGAL,ICOS,FIIND,IL10,PYCARD,SOCS3,FGR,RELA,IL1A,NFkB1,PAIP1P1,FGB,CD302,ALB,IRF1,TWIST1,PYPAF1,IL1A,EPAS1,CD106,IL1RL1,CXCL16,FOXO1,SERPINA17,LEP,TLR9,IL4,CTLA4,Caspase-5,IRF9,GATA3,PYDC42,CSF3,CLEC4E,SERPINE1,CD3E,SOCS1,AIRE,C1orf79,NR1H3,MAPK3
IL38,SAA2,ACLY,NLRP22,IL33,CD40LG,IL9,CD14,CTLA4,IFNA1,ITGAM,CD11B,NLRP11,TLR9,IL1A,IL23A,CCL4,NLRP2,IL34,IL17,IKKα,FASN,ZBP1,STAT6,CD247,NLRP12,NLRP16,PTGS2,FCGR3A,CSF3,IFNL4,TYK2,IL12RB1,IL17RA,IL18BP,NLRP7,NLRP8,APOA4,GSDMD,IFIT1,TYK2,CTLA4,PYDC16,CD80,NLRP2,IL32,CCL8,IL1RL2,SERPINA12,SERPINA25,NLRC4,TMEM176A,SERPINI8,IL1RAPL11,TNFRSF18,MLKL,SERPINE1,IL6R,WNT16,SELL,ICOSLG,CARD,IL4,IL1RN,BCL2,CFH,MAPK1,IL1RN,NFkB2,MYO16,FGG,CD320,APOA1,IRF3,IL7R,NOD2,IL1RN,PPARG,CD107A,IL1RL2,CXCL17,G6PC,SERPINA18,ADIPOQ,MYD88,IL13,FOXP3,PANoptosome,MYD88,RORC,PYDC43,TGFB1,CLEC7A,PLAUR,CCR7,SOCS3,ICOS,C1orf80,CYP27A1,MAPK8
IL1R1,HP,FASN,NLRP23,IFNG,CD44,IL13,CD68,PDCD1,IFNA2,ITGB2,CD11C,NLRP12,CLEC7A,IL1RN,IL23R,IL23A,NLRP4,IL36A,IL23,IKKβ,SCD,RIPK1,SOCS1,CD274,CARD8,NLRP17,ALOX5,ITGAM,IFNA1,TGFB1,SOCS3,IL12RB2,IL17RC,IL1RN,NLRP9b,NLRP13,APOB,PYCARD,IFIT2,SOCS1,PDCD1,PYDC17,CD86,NLRP8,IL33,CCL11,IL1RL2,SERPINA3,SERPINA26,NLRP3,M6PR,SERPINI9,IL1RAPL12,TNFSF4,ZBP1,TFPI,IL6ST,HECW1,SELP,TNFRSF4,PYPAF7,IL13,IL10,BAX,FUCA2,MAPK3,IL2,RELA,BCR,SERPINF2,CD44,APOB,IRF7,CD3E,NOD1,IL36G,NR1H3,CD107B,IL18R1,CCR1,PCK1,SERPINA19,RETN,IRAK4,IL5,RORC,RIPK1,TRAF6,IL17A,PYDC44,TNFRSF1B,CLEC6A,PLAU,PTPRCv1,IL12A,LAG3,C1orf81,CYP27B1,MAPK14
IL1R2,ORM1,SREBF1,NLRP24,IFNB1,CD47,IL31,CD163,CD274,IFNA4,ICAM1,CD80,NLRP3,CLEC4E,IL4,IL1RN,IL1RN,NLRP5,IL36B,IL27,NF-κB1,PPARG,RIPK3,SOCS3,CD276,IL1RN,NLRP18,CYBB,ITGAX,IFNA2,TGFB2,SOCS1,IL15,IL22,NFKB1,NLRP10,NLRP14,APOE4,NOD2,IFIT3,SOCS3,PDCD1LG2,PYDC18,CD274,NLRP15,IL34,CCL13,IL1RL2,SERPINA6,SERPINA27,NLRP6,CYP26B1,SERPINI10,IL1RAPL13,TNFSF9,DAI,TF,IL7,MAD1L1,SELE,TNFRSF9,PYPAF5,IL17A,TGFB1,BCL2L1,GCLC,MAPK14,IL4,NFKBIA,RP11-613C6.2,SERPINA1,CD48,APOE,MYD88,IL5,TLR9,IL36RN,SREBF1,CD108,IL18RAP,CCR2,GLUT1,SERPINA20,PPARG,TRAF3,IL9,GATA3,ZBP1,TRAF3,IL17F,PYDC45,TNFRSF10B,CLEC9A,PLAT,GNLY,IL12B,HAVCR2,C1orf82,VDR,PIK3CA
IL1RAP,ORM2,PPARG,NLRP25,IFNA1,CD48,IL33,CD36,CD8A,IFNA5,VCAM1,CD86,NLRP9B,MAVS,IL5,IL1A,IL15,NLRP8,IL36G,IL32,NF-κB2,NR1H3,MLKL,IRF1,CD300A,IL36RN,NLRP19,NOX4,SELL,IFNA4,TGFB3,IRF1,IL15RA,IL22RA1,NFKB2,CARD8,NLRP2,LDLR,TLR2,IFIT5,PIK3CA,LAG3,PYDC19,PDCD1LG2,NLRP16,IL35,CCL17,IL1RL2,SERPINA7,SERPINA28,NLRP9,ICA1,SERPINI11,IL1RAPL14,TNFSF18,cGAS,F2,IL7R,LASP1,VCAM1,TNFRSF18,PYPAF1,IL17F,FOXP3,CASP3,NFYA,JAK1,IL5,NFKBIB,RP11-141A19.1,SERPINA3,CD52,APOC3,TICAM1,NLRP1,TRIM32,IL37,FASN,CD109,IL33,CCR3,HK2,SERPINA21,PPARA,TRAF2,IL21,TBX21,RIPK3,TRAF2,IL22,PYDC46,FAS,CLEC12A,F3,GZMB,IFNG,BTLA,C1orf83,DBP,AKT1
IL18R1,APOA1,NR1H3,NLRP26,IFNA2,CD58,IL34,CD80,CD4,IFNA6,SELE,HLA-DR,NLRP10,DDX3X,IL9,IL1R1,IL21,NLRP13,IL37,IL33,RELA,CPT1A,CASP8,IRF7,CD300C,TNFRSF1A,NLRP20,SOD2,SELE,IFNA5,TNFSF10,IRF4,IL17A,IL22RA2,RELA,CASP4,NLRP9,PCSK9,TLR4,DDX58,PIK3CB,HAVCR2,PYDC20,CTLA4,NLRP17,IL36,CCL18,IL1RL2,SERPINA9,SERPINA29,NLRX1,DBNDD1,SERPINI12,IL1RAPL15,CD44,DDX41,F3,IL15,SNX11,ICAM1,TNFRSF25,PYPAF2,IL22,CTLA4,CASP8,STMN1,JAK2,IL7,IKBKB,KRT18P5,CRP,CD53,APOC1,TIRAP,PRF1,TRAF6,IL38,ACACA,CD110,IL36A,CCR4,PFKM,SERPINA22,NR1H3,TRAF5,IL27,AIM2,Caspase-8,TRAF5,IL10,PYDC47,FASLG,CLEC5A,F2,CASP8,IFNGR1,CD28,C1orf84,CRP,MTOR
IL18RAP,APOB,CD36,NLRP27,IFNA4,CD68,IL36G,CD86,CD3E,IFNA7,SELL,CCR2,NLRP12,TRAF2,IL13,IL1R2,IL2RA,NLRP14,IL38,TNFRSF1A,RELB,ACADM,FADD,IRF8,CD300E,TNFRSF1B,NLRP21,CAT,VCAM1,IFNA6,TNFSF11,IRF8,IL17RA,IL23R,RELB,CASP5,NLRP15,ABCA1,MYD88,RIGI,PIK3CD,TIGIT,PYDC21,PDCD1,NLRP18,IL37,CCL19,IL1RL2,SERPINB1,SERPINA30,AIM2,ALS2,SERPINI13,IL1RAPL16,CD69,IFI16,F5,IL15RA,TMEM176A,PECAM1,TNFSF4,PYPAF3,IL1RN,PDCD1,FADD,NIPAL3,STAT1,IL8,IKBKG,KRTAP4-11,SAA1,CD68,APOA2,TRAF6,TLR9,TRAF3,IL1R1,SCD,CD111,IL36B,CCR5,PKM,SERPINA23,SREBF1,IKBKG,IL12A,DDX41,NLRC5,TRAF1,TGFB1,PYDC48,TRAIL,CLEC2,FGA,GNLY,IFNGR2,CD3E,C1orf85,SERPINE1,HIF1A
IL33,APOC3,FABP4,NLRP28,IFNA5,CD69,IL37,CD40,CD28,IFNA8,SELPLG,CCR5,CARD8,TRAF5,IL15,IL1RAP,IL2RB,NLRP15,IL39,TNFRSF1B,MAPK1,ACADVL,TRADD,MYD88,CD300LF,TNFRSF10A,NLRP22,GPX1,ICAM1,IFNA7,TNFSF12,NFIL3,IL23A,IL12RB1,MAPK1,CASP11,NLRP16,ABCG1,TRAF6,MDA5,PIK3CG,ENTPD1,PYDC22,LAG3,NLRP19,IL38,CCL20,IL1RL2,SERPINB2,SERPINA31,CASP1,CASP10,SERPINI14,IL1RAPL17,SELL,MAVS,F7,IL21,M6PR,JAK1,TNFSF9,PYPAF4,IL1R1,LAG3,FAS,LAS1L,STAT2,IL10,IRF1,CTB-39G8.2,SAA2,CD69,APOA4,MAPK1,CCR7,TRAF2,IL1R2,LDLR,CD112,IL36G,CCR6,LDHA,SERPINA24,SREBF2,IKBKB,IL15,IFI16,IFI16,TRAF4,BCL2,PYDC49,CASP1,CLEC1B,FGB,CD4,IL23A,CD3D,C1orf86,F3,EPAS1
IL1A,APOE,PLIN2,NLRP29,IFNA6,CD70,IL38,CD209,CD40,IFNA10,PECAM1,CXCR3,CASP4,RIPK1,IL16,IL1RL1,IL2RG,NLRP16,IFNA1,FAS,MAPK3,FABP4,CYLD,TICAM1,CD302,TNFRSF10B,NLRP23,PRDX1,PECAM1,IFNA8,TNFSF13,NFKB1,IL23R,IL12RB2,MAPK3,GSDMD,NLRP17,SCARB1,IRAK1,DHX58,AKT1,ADORA2A,PYDC23,HAVCR2,NLRP20,IL39,CCL21,IL1RL2,SERPINB3,SERPINA32,CASP8,CFLAR,SERPINI15,IL1RAPL18,SELP,TRAF3,F10,IL21R,CYP26B1,JAK2,TNFSF18,PYPAF8,IL1R2,HAVCR2,FASLG,SNX29,SOCS1,IL12A,IRF3,Y_RNA,APOA1,CD70,APOBEC3G,MAPK3,NLRP12,TRAF1,IL1RAP,CD36,CD113,IL36RN,CCR7,PDK1,SERPINA25,INSR,IKBKE,IL2,CGAS,TLR9,TRAF7,BAX,PYDC50,CASP3,CLEC4D,FGG,PTPRCv1,IL23R,CD3G,C1orf87,TFPI,SLC2A1
IL1F10,LDLR,PLIN5,NLRP30,IFNA7,CD74,IL1RN,CLEC7A,CD40LG,IFNA14,CDH5,CXCR4,CASP5,RIPK3,IL19,IL2,IL4R,NLRP17,IFNA2,FADD,MAPK8,FABP5,A20,TIRAP,CD320,TNFRSF10C,NLRP24,TXN,PLAU,IFNA10,TNFSF13B,NFKB2,TGFB1,IFNAR1,MAPK8,IL1A,NLRP18,CD36,IRAK4,LGP2,AKT2,FOXP3,PYDC24,TIGIT,NLRP21,TGFB2,CCL22,IL1RL2,SERPINB4,SERPINA33,CASP9,TFPI,SERPINI16,IL1RAPL19,SELE,TRAF6,F12,IL22,ICA1,STAT1,TNFSF25,PYPAF9,IL18R1,CD274,BID,TMEM56,SOCS3,IL12B,IRF5,ROPN1L-AS1,APOB,CD74,APOBEC3F,MAPK8,TAGAP,TRAF5,IL18R1,FABP4,CD114,IL37,CCR8,PDHA1,SERPINA26,IGF1R,TBK1,IL7,TMEM173,TLR3,NFKB1,CASP3,PYDC51,CASP9,CLEC4F,TFPI,TLR3,IL17A,CD4,C1orf88,THBD,HK2
IL1F5,PCSK9,ANGPTL4,NLRP31,IFNA8,CD80,IL18R1,CLEC4E,CD80,IFNA16,VWF,CXCL9,CASP11,ZBP1,IL20,IL2RA,IL13RA1,NLRP18,IFNA4,CASP8,MAPK9,PLIN2,BIRC3,TRAF6,CD33,TNFRSF10D,NLRP25,TXNRD1,SERPINE1,IFNA13,TNFSF14,RELA,TGFBR1,IFNAR2,MAPK14,IL1RN,NLRP19,MSR1,MAPK1,TLR9,AKT3,RORC,PYDC25,KLRD1,NLRP22,TGFB3,CCL23,IL1RL2,SERPINB5,SERPINA34,GZMB,NDUFAF7,SERPINI17,IL1RAPL20,VCAM1,NFKB1,PROC,IL22RA1,DBNDD1,STAT3,CD44,PYPAF10,IL18RAP,CD276,BAD,C1orf52,PTPN1,IL13,IRF7,LYNX1-SLURP2,APOE,CD83,APOBEC3B,MAPK14,BCL2,TRAF4,IL18RAP,PLIN2,CD115,IL38,CCR9,CPT1A,SERPINA27,IRS1,CYLD,IL3,MAVS,TLR7,NFKB2,CASP8,PYDC52,BCL2,CLEC4G,THBD,TNFRSF1A,IL17F,CD8A,C1orf89,PLAT,PFKM
IL1F6,ABCA1,CPT1A,NLRP32,IFNA10,CD83,IL18BP,CLEC6A,CD86,IFNA17,ANGPT2,CXCL12,ASC,CASP8,IL24,IL2RB,IL13RA2,NLRP19,IFNA5,CASP9,MAPK14,PLIN5,XIAP,NFKB1,CD34,TNFRSF11A,NLRP26,GSR,F3,IFNA14,TNFSF15,REL,TGFBR2,IFNGR1,JUN,IL33,NLRP20,SRA,MAPK3,TLR8,MTOR,TBX21,PYDC26,KLRK1,NLRP23,SMAD2,CCL24,IL1RL2,SERPINB6,SERPINA35,PRF1,RBM5,SERPINI18,IL1RAPL21,ICAM1,NFKB2,PROS1,IL22RA2,ALS2,STAT6,CD47,PYPAF11,IL33,VTCN1,BCL2A1,HES4,PTPN2,IL15,IRF8,FCN3,LDLR,CD84,APOBEC3A,RELA,TLR5,TRAF7,IL36A,LEP,CD116,IL24,CCR10,ACADM,SERPINA28,IRS2,USP10,IL1A,TRAF3,TLR8,RELA,FAS,PYDC53,BAX,CLEC4M,PROS1,NLRP12,IL17RA,CD8B,C1orf90,PLG,LDHA
IL1F7,ABCG1,ACADM,NLRP33,IFNA14,CD86,IL1R1,CLEC4D,ICAM1,IFNA21,FLT1,CCL2,PYCARD,CASP3,IL26,IL2RG,IL17RA,NLRP20,IFNA6,BAX,JUN,ANGPTL4,BCL2,NFKB2,CD36,TNFRSF11B,NLRP27,GCLC,TFPI,IFNA16,TNFSF18,IKBKB,SMAD2,IFNGR2,FOS,IL36G,NLRP21,LOX1,MAPK8,TLR7,RPTOR,GATA3,PYDC27,NCR1,NLRP24,SMAD3,CCL25,IL1RL2,SERPINB7,SERPINA36,GNLY,MTMR7,SERPINI19,IL1RAPL22,PECAM1,RELA,THBD,IL24,CASP10,SOCS1,CD48,PYPAF12,IL36A,CD80,CYCS,ISG15,PTPN11,IL16,IRF9,COL6A4P2,PCSK9,CD86,APOBEC2,NFKB1,CCL5,TRAF8,IL36B,ADIPOQ,CD117,IL26,CCR11,ACADVL,SERPINA29,PIK3CA,USP18,IL1RN,TRAF6,STING,RELB,FASLG,PYDC54,BAK1,CLEC10A,PROC,BLR1,IL17RC,CD19,C1orf91,ITGA2B,PDK1
IL1F8,SREBF1,ACADVL,NLRP34,IFNA16,CD93,IL1R2,CLEC5A,VCAM1,CCR2,KDR,CCL5,IL1A,CASP6,IL31,IL4,IL17RC,NLRP21,IFNA7,BAK1,FOS,APOA1,BAX,RELA,CD37,TNFRSF12A,NLRP28,GCLM,THBD,IFNA17,TNFSF4,IKBKG,SMAD3,STAT1,MYD88,IL36RN,NLRP22,SRB1,MAPK14,TLR3,RPS6KB1,IKZF1,PYDC28,FCGR3A,NLRP25,SMAD4,CCL26,IL1RL2,SERPINB8,SERPINA37,KLRD1,SLC7A2,SERPINI20,IL1RAPL23,CD34,RELB,VWF,IL26,CFLAR,SOCS3,CD52,PYPAF13,IL36B,CD86,DIABLO,AGRN,FOXP3,IL17A,CEBPB,KPTN,ABCA1,CD93,APOBEC1,NFKB2,PTPRCv1,TRAF9,IL36RA,INSR,CD118,IL20,CXCR1,ACAT1,SERPINA30,PIK3CB,USP21,IL18BP,IKBKB,cGAS,NFKBIA,TRAIL,PYDC55,BAD,CLEC11A,PROCR,FCGR1A,RORC,CD20,C1orf92,ITGB3,PDHA1
IL1F9,PPARG,ACOX1,NLRP35,IFNA17,CD96,IL1RAP,CLEC12A,SELE,CCR5,TEK,CCL8,IL33,FADD,IL32,IL4R,IL22RA1,NLRP22,IFNA8,BCL2,ATF2,APOC3,BAK1,REL,CD38,TNFRSF13B,NLRP29,SLC7A11,PROS1,IFNA21,TNFSF5,MAPK1,SMAD4,STAT2,TIRAP,IL37,NLRP23,CX3CR1,RELA,TLR5,EIF4EBP1,IKZF3,PYDC29,PRF1,NLRP26,SMAD5,CCL27,IL1RL2,SERPINB9,SERPINA38,KLRK1,ARF5,SERPINI21,IL1RAPL24,ENG,NFKBIA,SELE,IL27,TFPI,PIK3CA,CD53,PYPAF14,IL36G,CD40,XIAP,RNF207,CTLA4,IL17F,CEBPD,KB-1410C5.4,ABCG1,CD97,LTF,IKBKB,FCGR1A,TRAF10,IL36RB,IGF1R,CD119,IL19,CXCR2,HMGCR,SERPINA31,AKT1,USP25,IL33,NFKBIA,AIM2,NFKBIB,TNFRSF1A,PYDC56,BID,CLEC14A,SERPINC1,IL7R,FOXP3,CD21,C1orf93,PECAM1,ACLY
IL36A,LEP,ACSL1,NLRP36,IFNA21,CD97,IL1RL1,CLEC9A,SELL,CXCR3,NOS3,CCL20,GSDMA,MLKL,IL34,IL5,IL22RA2,NLRP23,IFNA10,BCL2L1,STAT1,APOE,BAD,IKBKB,CD39,TNFRSF13C,NLRP30,SLC3A2,PROC,IFNB1,TNFSF6,MAPK3,CD14,STAT3,TRAF6,IL38,NLRP24,CCR2,NFKB1,TLR6,MAPK1,IKZF4,PYDC30,GZMB,NLRP27,SMAD6,CCL28,IL1RL2,SERPINB10,SERPINA39,NKG7,SARM1,SERPINI22,IL1RAPL25,KDR,NFKBIB,ICAM1,IL27RA,NDUFAF7,PIK3CB,CD55,PYPAF15,IL36RN,CD40LG,BIRC2,CPTP,PDCD1,IL19,SPI1,URM1,SREBF1,CD99,LTF2,CHUK,BLR1,TRAF11,IL36RC,PIK3CA,CD120A,IL17C,CXCR3,FASN,SERPINA32,AKT2,USP31,IL36G,RELA,NLRP1,NFKBIE,TNFRSF1B,PYDC57,BIM,CLEC16A,SERPIND1,CD3E,CTLA4,CD22,C1orf94,SELE,FASN
IL36B,ADIPOQ,ACSL4,NLRP37,TGFB1,CD99,IL1RL2,DCSIGN,SELPLG,CXCR4,EDN1,IL10,GSDMB,CYLD,IFNG,IL5RA,IL10RA,NLRP24,IFNA13,MCL1,STAT3,LPL,BID,IKBKG,CD3D,TNFRSF14,NLRP31,GLS,PLAT,IFNG,TNFSF8,MAPK8,CD40,STAT4,IRAK1,IL18BP,NLRP25,CCR5,NFKB2,CLEC4E,MAPK3,BCL6,PYDC31,FASLG,NLRP28,SMAD9,IL10,IL1RL2,SERPINB11,SERPINA40,FCER1G,POLDIP2,SERPINI23,IL1RAPL26,FLT1,IKBKB,VCAM1,IL28A,RBM5,AKT1,CD58,PYPAF16,IL37,CD28,BIRC3,RER1,LAG3,IL20,BATF,CTD-3154N5.1,SREBF2,CD101,S100A8,NFKBIA,GNLY,TRAF12,IL36RD,AKT1,CD120B,IL17D,CXCR4,SCD,SERPINA33,MTOR,USP40,IL36RN,NFKB1,NLRC4,IKBKB,BID,PYDC58,PUMA,CLEC17A,SERPINF2,IL5,PDCD1,CD27,C1orf95,VCAM1,SREBF1
IL36G,INS,ACSL5,NLRP38,TGFB2,CD100,IL1RL2,MRC1,ITGAL,CD14,ADM,IL12A,GSDMC,BAX,IFNA1,IL6R,IL10RB,NLRP25,IFNA14,CYCS,STAT6,CD36,BIM,CHUK,CD3E,TNFRSF17,NLRP32,GLUL,PLG,IFNE,TNFRSF1A,MAPK14,CD40LG,STAT5A,IRAK4,CXCL8,NLRP26,CXCR3,IKBKB,CLEC7A,MAPK8,PRDM1,PYDC32,FAS,NLRP29,JAK1,IL10RA,IL1RL2,SERPINB12,SERPINA41,FPR1,PLXND1,SERPINI24,IL1RAPL27,TEK,IKBKG,PECAM1,IL28B,MTMR7,AKT2,CD59,PYPAF17,IL38,ICOS,NFKB1,C1orf21,HAVCR2,IL21,RORC,CTC-308K20.4,PPARG,CD102,S100A9,NFKBIB,NLRP2,TRAF13,IL36RE,MTOR,CD121A,IL17E,CXCR5,ACLY,SERPINA34,RPS6KB1,USP43,IL37,NFKB2,NLRP2,IKBKG,BAD,PYDC59,NOXA,CLEC18A,SERPING1,NLRP1,CD274,CD38,C1orf96,ICAM1,PPARA
IL36RA,GCG,ACSL6,NLRP39,TGFB3,CD101,IL1RL2,FCGR1A,ITGAM,CD36,EPO,IL15,GSDME,BAK1,IFNB1,IL6ST,IL12RB1,NLRP26,IFNA16,DIABLO,SOCS1,MSR1,PUMA,MAPK1,CD3G,TNFRSF18,NLRP33,GLUD1,SERPINF2,IFNK,TNFRSF1B,MAP2K1,CD80,STAT5B,IKBKB,CXCL9,NLRP27,CXCR4,IKBKG,Dectin1,MAPK9,AICDA,PYDC33,TRAIL,NLRP30,JAK2,IL10RB,IL1RL2,SERPINB13,SERPINA42,FPR2,AK2,SERPINI25,IL1RAPL28,TIE1,MAPK1,CD36,IL29,SLC7A2,MTOR,CD63,PYPAF18,IL1A,CD3E,NFKB2,SDF4,CD274,IL22,FOXP3,RP11-440L14.3,NR1H3,CD103,S100A12,NFKBIE,IL23A,TRAF14,IL36RF,RPTOR,CD121B,IL17RA,CXCR6,ACACA,SERPINA35,EIF4EBP1,USP46,IL38,MAPK1,NLRP4,IKBKE,BCL2L1,PYDC60,MCL1,CLEC19A,SERPINA5,PRF1,CD276,CD40LG,C1orf97,CD40,PPARD
IL36RB,GLP1R,ACSM3,NLRP40,TNFAIP3,CD102,IL1RL2,FCGR2A,ITGB2,CD80,HMOX1,IL23R,GSDMF,BCL2,IFNL1,IL7,IL12RB2,NLRP27,IFNA17,AIFM1,SOCS3,OLR1,NOXA,MAPK3,CD4,TNFRSF19,NLRP34,IDH1,SERPINA1,IFNL1,TNFRSF10A,MAP2K3,CD86,STAT6,CHUK,CXCL12,NLRP28,CXCR5,CYLD,Dectin2,MAPK14,CD19,PYDC34,BAX,NLRP31,STAT1,IL1RN,IL1RL2,SERPINB14,SERPINA43,ITGAM,CD38,SERPINI26,IL1RAPL29,ANGPT1,MAPK3,CD40,IL31,ARF5,FOXO1,CD69,PYPAF19,IL1F10,CD4,RELA,UBE2J2,CD276,IL23A,TBX21,PLA2G12AP2,NR1H2,CD104,S100B,NLRP1,RAB33A,TRAF15,IL36RG,RICTOR,CD122,IL17RC,CXCR7,ACACB,SERPINA36,FOXO1,USP47,IL17F,MAPK3,NLRP5,TBK1,MCL1,PYDC61,XIAP,CLEC20A,SERPINA3,TLR9,LAG3,CD69,C1orf98,CD86,NR1H3
IL36RC,G6PC,ACSM5,NLRP41,TNFRSF1A,CD103,IL1RL2,FCGR3A,ITGB7,CD86,SOD2,IL27,GSDMG,BCL2L1,IFNL2,IL7R,IL27RA,NLRP28,IFNA21,ENDOG,PIK3CA,ABCA1,MCL1,MAPK8,CD40,TNFRSF19L,NLRP35,IDH2,CRP,IFNL2,TNFRSF10B,MAP2K6,CD274,JAK1,IKBKG,CCL2,NLRP29,IL1RN,CARD9,CD14,MAP2K1,CD20,PYDC35,BCL2,NLRP32,STAT2,IL1R1,IL1RL2,SERPINB15,SERPINA44,ITGAX,FKBP4,SERPINI27,IL1RAPL30,ANGPT2,MAPK8,CD40LG,IL31RA,SARM1,FOXO3,CD74,PYPAF20,IL1F5,CD8A,RELB,MRPS14,VTCN1,IL24,GATA3,METAP2,CYP27A1,CD105,S100P,NLRC4,NCAM1,TRAF16,IL36RH,ULK1,CD123,IL17RD,IL12A,PPARA,SERPINA37,FOXO3,USP48,IL17C,MAPK8,NLRP13,MAP3K7,CYCS,PYDC62,BIRC5,CLEC21A,SERPINA6,CCR7,HAVCR2,CD70,C1orf99,CD80,RXRA
IL36RD,PCK1,ACSM6,NLRP42,TNFRSF1B,CD104,IL1RL2,FCGR3B,CCR5,CD40,GPX1,IL1RN,GSDMH,MCL1,IFNL3,IL9,IL6R,NLRP29,IFNB1,GZMB,AKT1,ABCG1,BCL2L1,MAPK14,CD40LG,TNFRSF21,NLRP36,ACO2,SAA1,IFNL3,TNFRSF10C,MAP3K1,PDCD1,JAK2,TAB1,CCL3,NLRP30,IL10,MAVS,CD36,MAP2K2,CD22,PYDC36,MCL1,NLRP33,STAT4,IL1R2,IL1RL2,SERPINB16,SERPINA45,SELL,KDM1A,SERPINI28,IL1RAPL31,ANGPTL4,MAPK14,CD69,IL32,POLDIP2,FOXP3,CD81,PYPAF21,IL1F6,CD19,NFKBIA,UBE2D3,CD80,IL26,BCL6,DEFB126,CYP7A1,CD106,S100G,NLRP6,IL12B,TRAF17,IL36RI,BECN1,CD124,IL17RE,IL12B,RXRA,SERPINA38,FOXO4,USP49,IL17E,MAPK14,NLRP14,MAP3K8,DIABLO,PYDC63,BIRC3,CLEC22A,SERPINA10,NLRP12,TIGIT,CD79A,C1orf100,CD28,RXRB
IL36RE,FASN,ACOT1,NLRP43,TNFRSF10A,CD105,IL1RL2,FCER1A,CCR7,CD40LG,CAT,TGFB1,GSDMI,PYCARD,IFNL4,IL9R,IL6ST,NLRP30,IFNE,PRF1,MTOR,SREBF1,BCL2A1,MAP2K1,CD44,TNFRSF25,NLRP37,FH,HP,IL1A,TNFRSF10D,MAP3K7,PDCD1LG2,JAK3,TAB2,CCL7,NLRP31,IL10RA,DDX3X,CD68,MAP2K3,CD27,PYDC37,CYCS,NLRP34,STAT5,IL1RAP,IL1RL2,SERPINB17,SERPINA46,SELP,RBM6,SERPINI29,IL1RAPL32,VEGFB,JUN,CD80,IL34,PLXND1,BCL2,CD82,PYPAF22,IL1F7,CD79A,NFKBIB,ATAD3A,CD86,IL27,PRDM1,SUMO2P4,CYP3A4,CD107A,S100A1,NLRP7,CD4,TRAF18,IL36RJ,ATG5,CD125,IL17RB,IL17A,NR1H3,SERPINA39,GSK3B,USP50,IL17RA,JUN,NOD1,MAP3K14,APAF1,PYDC64,BIRC2,CLEC23A,APOA1,TLR5,CD80,CD79B,C1orf101,CTLA4,CD36
IL36RF,ACACA,ACOT2,NLRP44,TNFRSF10B,CD106,IL1RL2,FCER2,CXCR3,CD28,PRDX1,TGFBR1,GSDMJ,NLRC4,IFIT1,IL11,IFNAR1,NLRP31,IFNK,NOD1,FOXO1,SREBF2,BNIP3,MAP2K3,CD46,TNFRSF4,NLRP38,SDHA,FGA,IL2,TNFRSF11A,MAP4K4,CTLA4,TYK2,TAB3,CCL8,NLRP32,IL10RB,ZBP1,CD80,MAP2K4,CD38,PYDC38,CASP3,NLRP35,STAT6,IL18,IL1RL2,SERPINB18,SERPINA47,SELPLG,CAMKK1,SERPINI30,IL1RAPL33,VEGFC,FOS,CD86,IL35,AK2,BAX,CD83,PYPAF23,IL1F8,MS4A1,IKBKB,C1orf50,CD28,IL31,BLIMP1,FAM86EP,CYP1A1,CD107B,S100A2,NLRP9,BPI,TRAF19,IL36RK,ATG7,CD126,IL17RB,IL17F,NR1H2,SERPINA40,MAPK1,USP51,IL17RC,FOS,NOD2,MAP2K1,PYCARD,PYDC65,NAIP,CLEC24A,APOA2,PTPRCv1,CD86,CD86,C1orf102,PDCD1,FABP4
IL36RG,SCD,ACOT4,NLRP45,TNFRSF10C,CD107a,IL1RL2,FCER1G,CXCR5,CTLA4,GSR,TGFBR2,GSDMK,NAIP,IFIT2,IL11RA,IFNAR2,NLRP32,IFNL1,NOD2,FOXO3,INSR,BNIP3L,MAP2K4,CD47,TNFRSF6,NLRP39,SDHB,FGB,IL3,TNFRSF12A,TAB1,FOXP3,SOCS1,TAK1,CCL13,NLRP33,TGFB1,RIPK1,CD86,MAP2K6,CD138,PYDC39,CASP8,NLRP36,SOCS1,IL18R1,IL1RL2,SERPINB19,SERPINA48,ICAM1,RECQL,SERPINI31,IL1RAPL34,FLT4,ATF2,CD163,IL36,CD38,BAD,CD86,PYPAF24,IL1F9,CD27,IKBKG,GNG12,ICOS,IL32,XBP1,RP4-704D21.2,CYP1B1,CD109,S100A3,NLRP10,CASP8,TRAF20,IL36RL,SQSTM1,CD127,IL23R,IL22,CYP27A1,SERPINA41,MAPK3,USP52,IL23R,ATG5,RIG-I,MAP2K2,NLRP1,PYDC66,NLRC4,CLEC25A,APOB,BLR1,CD28,CD137,C1orf103,CD274,PLIN2
IL36RH,CPT1A,ACOT6,NLRP46,TNFRSF10D,CD107b,IL1RL2,FCAR,CXCL9,PDCD1,GCLC,SMAD3,GSDML,NOD2,IFIT3,IL13,IFNGR1,NLRP33,IFNL2,RIPK1,BCL2,IGF1,BECN1,MAP2K6,CD48,TNFRSF6B,NLRP40,UQCRC1,FGG,IL4,TNFRSF13B,TAB2,GATA3,SOCS3,TBK1,CCL17,NLRP34,TGFBR1,RIPK3,CD40,MAP2K7,CD3D,PYDC40,CASP9,NLRP37,SOCS2,IL18RAP,IL1RL2,SERPINB20,SERPINA49,VCAM1,VPS50,SERPINI32,IL1RAPL35,PDGFA,CREB1,CD206,IL39,FKBP4,BID,CD96,PYPAF25,IL1F10,CD70,CHUK,OAT,CD40,IL33,ATF4,LINC01863,CYP2E1,CD112,S100A4,NLRP13,CD19,TRAF21,IL36RM,MAP1LC3B,CD128A,IL12RB1,IL23R,CYP7A1,SERPINA42,MAPK8,USP53,IL12RB1,ATG7,MDA5,MAP2K3,NLRP6,PYDC67,NLRP3,CLEC26A,APOC1,GNLY,CD40,CD154,C1orf104,CD8A,LPL
IL36RI,ACADM,ACOT7,NLRP47,TNFRSF11A,CD108,IL1RL2,FCRL1,CXCL13,PDCD1LG2,GCLM,SMAD4,GSDMM,NOD1,IFIT5,IL13RA1,IFNGR2,NLRP34,IFNL3,RIPK3,BAX,IGF1R,ATG5,MAP3K1,CD5,TNFRSF8,NLRP41,UQCRC2,FN1,IL5,TNFRSF13C,TAK1,RORC,PIAS1,IKKE,CCL18,NLRP35,TGFBR2,MLKL,CD40LG,MAP3K1,CD3E,PYDC41,APAF1,NLRP38,SOCS3,IL33,IL1RL2,SERPINB21,SERPINA50,PECAM1,HSPB6,SERPINI33,IL1RAPL36,PDGFB,ELK1,CD209,IL40,KDM1A,CASP3,CD97,PYPAF26,NLRP1,CD137,MAP3K7,KLHL17,CD40LG,IL34,CHOP,RP11-335E6.3,CYP2D6,CD114,S100A5,NLRP14,NCAM1,TRAF22,IL36RN,GABARAP,CD128B,IL12RB2,IL27,ABCA1,SERPINA43,MAPK14,USP54,IL12RB2,BECN1,LGP2,MAP2K4,NLRP7,PYDC68,AIM2,CLEC27A,APOC2,RAB33A,CD40LG,CD226,C1orf105,CD4,APOE
IL36RJ,ACADVL,ACOT8,NLRP48,TNFRSF11B,CD109,IL1RL2,FCRL2,CCL19,LAG3,NQO1,FOXP3,GSDMN,RIPK2,IFIH1,IL13RA2,TNFRSF1A,NLRP35,IFNL4,MLKL,BAD,LEP,ATG7,MAP3K7,CD52,TNFRSF9,NLRP42,COX4I1,SERPINA3,IL7,TNFRSF14,IKK,TBX21,PIAS3,TRIF,CCL19,NLRP36,SMAD2,FADD,CD83,MAP3K2,CD3G,PYDC42,NFKB1,NLRP39,PIK3CA,IL33R,IL1RL2,SERPINB22,SERPINA51,PTX3,ARHGAP33,SERPINI34,IL1RAPL37,PDGFRA,MYC,CLEC4E,IL41,RBM6,CASP8,CD99,PYPAF27,NLRP6,CD137L,MAP3K8,HES2,CD27,IL36A,HIF1A,RNU7-169P,CYP2C9,CD115,S100A6,CARD8,CD3E,TRAF23,IL36RO,PRKAA1,CD129,IL27RA,IL27RA,ABCG1,SERPINA44,JUN,USP55,IL6R,SQSTM1,PKR,MAP2K5,NLRP9,PYDC69,IFI16,CLEC28A,APOC3,NCAM1,CD44,CD244,C1orf106,CD3E,APOA1
IL36RK,HMOX1,ACOT9,NLRP49,TNFRSF12A,CD110,IL1RL2,FCRL3,CCL21,HAVCR2,TXN,STAT1,GSDMO,CARD9,IFI16,IL15,TNFRSF1B,NLRP36,CSF1,ZBP1,BID,LEPR,ATG12,MAP4K4,CD53,TRAF1,NLRP43,COX5A,ORM1,IL9,TNFRSF17,IKKA,FOXO1,IRF1,TRAM,CCL20,NLRP37,SMAD3,CASP8,CD274,MAP3K3,CD4,PYDC43,RELA,NLRP40,AKT1,IL36A,IL1RL2,SERPINB23,SERPINA52,CRP,NDUFAB1,SERPINI35,IL1RAPL38,PDGFRB,CD14,CLEC7A,IL42,CAMKK1,CASP9,CD100,PYPAF28,NLRP7,CD134,MAP2K4,C1orf86,CD70,IL36B,EPAS1,AC114730.3,CYP2C19,CD116,S100A7,CASP4,CD4,TRAF24,IL36RP,PRKAA2,CD130,IL6R,IL1R1,SLC2A1,SERPINA45,FOS,USP56,IL6ST,ULK1,OAS1,MAP2K6,NLRP10,PYDC70,STING1,CLEC29A,APOE,CD19,CD69,CD247,C1orf107,CD19,APOC3
IL36RL,NQO1,ACOT11,NLRP50,TNFRSF13B,CD111,IL1RL2,FCRL4,S1PR1,TIGIT,TXNRD1,STAT3,GSDMP,MALT1,IFI27,IL15RA,TNFRSF10A,NLRP37,CSF2,DAI,CASP3,ADIPOQ,LC3B,MAPKAPK2,CD55,TRAF2,NLRP44,ATP5F1,ORM2,IL11,TNFRSF18,IKKB,FOXO3,IRF3,DDX3X,CCL22,NLRP38,SMAD4,CASP3,PDCD1LG2,MAP3K4,CD8A,PYDC44,IKBKB,NLRP41,MTOR,IL36B,IL1RL2,SERPINB24,SERPINA53,SAA1,PDK4,SERPINI36,IL1RAPL39,FGF2,CD40,CLEC9A,IL43,RECQL,FAS,CD101,PYPAF29,NLRP9,CD134L,MAP2K6,PIK3CD,CD137,IL36G,PPARA,EFNA5,CYP2A6,CD117,S100A10,CASP5,PTPRCv1,TRAF25,IL36RQ,PRKAB1,CD131,IL6ST,IL1R2,SLC2A4,SERPINA46,STAT1,USP57,TNFRSF1A,RIPK1,OAS2,MAP2K7,NLRP13,PYDC71,TMEM173,CLEC30A,APOH,IL23A,CD70,CD276,C1orf108,MS4A1,APOB
IL36RM,GCLC,ACOT12,NLRP51,TNFRSF13C,CD112,IL1RL2,FCRL5,S1PR5,CD274,G6PD,STAT4,GSDMQ,BIRC3,IFI35,IL16,TNFRSF10B,NLRP38,CSF3,STING1,CASP8,ADIPOR1,SQSTM1,AKT1,CD58,TRAF3,NLRP45,ATP5H,APOA1,IL13,TNFRSF19,IKKE,FOXO4,IRF5,MAVS,CCL23,NLRP39,FOXP3,BAX,PDCD1,MAP3K5,CD8B,PYDC45,CHUK,NLRP42,PTEN,IL36G,IL1RL2,SERPINB25,SERPINA54,SAA2,SLC22A16,SERPINI37,IL1RAPL40,FGFR1,CD80,FCGR1A,IL44,VPS50,FASLG,CD102,PYPAF30,NLRP10,CD30,MAPK8,CD53,TNFRSF9,IL37,PPARG,RP11-67M9.1,CYP2B6,CD118,S100A11,CASP8,TLR3,TRAF26,IL36RR,PRKAB2,CD132,IL11,IL1RAP,SLC16A1,SERPINA47,STAT3,USP58,TNFRSF1B,RIPK2,OAS3,MAPK1,NLRP14,PYDC72,CGAS,CLEC31A,APOM,TLR3,CD27,CD278,C1orf109,CD14,SAA1
IL36RN,GCLM,ACOT13,NLRP52,TNFRSF14,CD113,IL1RL2,FCRL6,GATA3,CD276,PGD,STAT6,GSDMR,XIAP,IFITM1,IL17RA,TNFRSF10C,NLRP39,GM-CSF,TMEM173,CASP9,ADIPOR2,MAP1LC3A,AKT2,CD59,TRAF4,NLRP46,ATP5O,APOA2,IL15,TNFRSF19L,TBK1,FOXO6,IRF7,TRAF3,CCL24,NLRP40,CTLA4,BAK1,CTLA4,MAP3K6,CD45RA,PYDC46,IKBKG,NLRP43,FOXO1,IL36RN,IL1RL2,SERPINB26,SERPINA55,ORM1,ZMYND10,SERPINI38,IL1RAPL41,FGFR2,CD86,FCGR2A,IL45,HSPB6,TRADD,CD103,PYPAF31,NLRP13,CD30L,MAPK9,CD68,TNFRSF4,IL38,PPARD,RNASEH2B-AS1,CYP4A11,CD119,S100A13,CASP9,TNFRSF1A,TRAF27,IL36RS,PRKAG1,CD133,IL11RA,IL1RL1,SLC16A3,SERPINA48,STAT6,USP59,TNFRSF10A,CYLD,RNase,MAPK3,CARD8,PYDC73,DDX58,CLEC32A,LPL,TLR5,CD30,CD279,C1orf110,CD68,SAA2
IL36RO,GSR,ACOT14,NLRP53,TNFRSF17,CD114,IL1RL2,TLR1,TBX21,VTCN1,TKT,JAK1,GSDMS,CIITA,IFITM2,IL17RC,TNFRSF10D,NLRP40,M-CSF,CGAS,FAS,RETN,MAP1LC3C,AKT3,CD6,TRAF5,NLRP47,NDUFA1,APOB,IL16,TNFRSF21,STING1,HIF1A,IRF9,TRAF2,CCL25,NLRP41,PDCD1,BCL2,LAG3,MAP3K7,CD45RO,PYDC47,NFKBIA,NLRP44,FOXO3,IL37,IL1RL2,SERPINB27,SERPINA56,ORM2,ABCB5,SERPINI39,IL1RAPL42,FGFR3,CD274,FCGR3A,IL46,ARHGAP33,FADD,CD104,PYPAF32,NLRP14,CD95,MAPK14,CD163,OX40,IFNA1,NR1H3,PLSCR3,CYP4F2,CD120A,S100A14,CASP3,NLRP12,TRAF28,IL36RT,PRKAG2,CD134,OSM,IL1RL2,SLC27A1,SERPINA49,IRF1,USP60,TNFRSF10B,TNFAIP3,TRIM25,MAPK8,GSDME,PYDC74,IFIH1,CLEC33A,CETP,IL2,CD30L,CD300A,C1orf111,CD163,CRP
IL36RP,TXNRD1,ACOT15,NLRP54,TNFRSF18,CD115,IL1RL2,TLR2,RORC,ICOS,TALDO1,JAK2,GSDMT,NLRC5,IFITM3,IL17RE,TNFRSF11A,NLRP41,G-CSF,DDX41,FASLG,TNFRSF1A,GABARAP,PIK3CA,CD63,TRAF6,NLRP48,NDUFA2,APOC1,IL17A,TNFRSF25,CGAS,EPAS1,MX1,TRAF5,CCL26,NLRP42,PDL1,BCL2L1,HAVCR2,MAP3K8,CCR7,PYDC48,NFKBIB,NLRP45,FOXO4,IL38,IL1RL2,SERPINB28,SERPINA57,HP,SLC25A13,SERPINI40,IL1RAPL43,FGFR4,PDCD1LG2,FCGR3B,IL47,NDUFAB1,NFKB1,CD105,PYPAF33,NLRC4,CD95L,JUN,CD14,GATA3,IFNA2,NR1H2,C2orf78,CYP4F3,CD120B,S100A15,GSDMA,BLR1,TRAF29,IL36RU,PRKAG3,CD135,OSMR,IL18R1,SLC27A2,SERPINA50,IRF3,USP61,TNFRSF10C,BCL2,TRAF2,MAPK9,GSDMB,PYDC75,TLR7,CLEC34A,LCAT,TNF,CD137,CD300C,C1orf113,CD11B,ORM1
IL36RQ,PRDX1,ACOT16,NLRP55,TNFRSF19,CD116,IL1RL2,TLR3,BCL6,ICOSLG,HK1,TYK2,GSDMU,GBP1,IFITM5,IL18R1,TNFRSF11B,NLRP42,CCL1,IFIH1,TRAIL,TNFRSF1B,GABARAPL1,PIK3CB,CD69,MAPK1,NLRP49,NDUFA3,APOC2,IL17B,TNFRSF4,TLR9,VEGFA,OAS1,RIPK1,CCL27,NLRP43,PDL2,MCL1,TIM3,MAP3K9,CXCR3,PYDC49,NFKBIE,NLRP46,FOXO6,IL1A,IL1RL2,SERPINB29,SERPINA58,HPX,ST7,SERPINI41,IL1RAPL44,EGF,CTLA4,ITGAM,IL48,PDK4,NFKB2,CD106,PYPAF34,NLRC5,CD2,FOS,TLR2,TBX21,IFNA4,SREBF1,PHKG1,CYP4F12,CD121A,S100A16,GSDMB,FCGR1A,TRAF30,IL36RV,SIRT1,CD136,LIF,IL18RAP,SLC27A4,SERPINA51,IRF5,USP62,TNFRSF10D,BAX,TRAF5,MAPK10,GSDMC,PYDC76,TLR8,CLEC35A,SCARB1,IL5,CD137L,CD300E,C1orf114,ITGAM,ORM2
IL36RR,PRDX2,ACOT17,NLRP56,TNFRSF19L,CD117,IL1RL2,TLR5,PRDM1,BTLA,PFKM,SOCS1,GSDMV,GBP2,IRF1,IL18RAP,TNFRSF12A,NLRP43,CCL3,MDA5,TNFRSF1A,IL1R1,GABARAPL2,PIK3CD,CD7,MAPK3,NLRP50,NDUFA4,APOC3,IL17C,TNFRSF6,TLR7,VEGFB,OAS2,RIPK3,CCL28,NLRP44,CD80,XIAP,TIGIT,MAP3K10,CXCR5,PYDC50,REL,NLRP47,MAPK1,IL1F10,IL1RL2,SERPINB30,SERPINA59,FGA,CDC27,SERPINI42,IL1RAPL45,EGFR,PDCD1,ITGAX,IL49,SLC22A16,RELA,CD107a,PYPAF35,NOD1,CD5,ATF2,TLR4,BCL6,IFNA5,SREBF2,SETD2,CYP4F22,CD121B,CRP,GSDMC,RAB24,TRAF31,IL36RW,FOXO1,CD137,LIFR,IL33,SLC38A2,SERPINA52,IRF7,USP63,TNFRSF11A,BID,TRAF7,MAPK11,GSDMA,PYDC77,TLR1,CLEC36A,CD36,TNFRSF1B,CD154,CD300LF,C1orf115,ITGAX,FGA
IL36RS,SOD1,ACOT18,NLRP57,TNFRSF21,CD118,IL1RL2,TLR6,IRF4,TNFRSF4,ALDOA,SOCS3,GSDMW,GBP5,IRF2,IL19,TNFRSF13B,NLRP44,CCL8,RIG-I,TNFRSF1B,IL1R2,ULK1,PIK3CG,CD70,MAPK8,NLRP51,NDUFA5,APOE,IL17D,TNFRSF8,TLR8,VEGFC,OAS3,MLKL,CCR1,NLRP45,CD86,DIABLO,BTLA,MAP3K11,CCR6,PYDC51,RELB,NLRP48,MAPK3,IL1F5,IL1RL2,SERPINB31,SERPINA60,FGB,SLC4A1,SERPINI43,IL1RAPL46,ERBB2,LAG3,ITGB2,IL50,ZMYND10,RELB,CD107b,PYPAF36,NOD2,CD7,CREB1,NOD2,PRDM1,IFNA6,MTOR,ESRG,CYP4V2,CD122,ORM1,GSDME,IL7R,TRAF32,IL36RX,FOXO3,CD138,CNTF,IL33R,SLC38A9,SERPINA53,MYD88,USP64,TNFRSF12A,FADD,TRAF1,MAPK12,IL1A,PYDC78,TLR6,CLEC37A,MSR1,CCL22,CD178,CD302,C1orf116,ITGAL,FGB
IL36RT,SOD2,ACOT19,NLRP58,TNFRSF25,CD119,IL1RL2,TLR7,IKZF1,TNFRSF9,GAPDH,IRF1,GSDMX,OAS1,IRF3,IL20,TNFRSF13C,NLRP45,CCL11,DDX58,CD40,IL6R,ULK2,PTEN,CD72,MAPK9,NLRP52,NDUFA6,APOH,IL17E,TNFRSF9,TLR3,FLT1,OASL,ZBP1,CCR2,NLRP46,CD28,SMAC,ICOS,MAP3K12,CCR4,PYDC52,SP1,NLRP49,MAPK8,IL1F6,IL1RL2,SERPINB32,SERPINA61,FGG,CALCR,SERPINI44,IL1RAPL47,ERBB3,HAVCR2,ITGB3,IL51,ABCB5,IKBKB,CD108,PYPAF37,CARD8,CD28,ELK1,NLRP3,IRF4,IFNA7,AKT1,MSANTD5,CYP4X1,CD123,ORM2,PYCARD,GZMB,TRAF33,IL36RY,FOXO4,CD139,CNTFR,TNFRSF1A,SLC1A5,SERPINA54,TRAF6,USP65,TNFRSF13B,TRADD,TRAF4,MAPK13,IL33,PYDC79,CD14,CLEC38A,ABCA1,IL12B,CD95,CD320,C1orf117,SELL,FGG
IL36RU,CAT,ACOT20,NLRP59,TNFRSF26,CD120a,IL1RL2,TLR8,IKZF3,TNFRSF18,PGK1,IRF3,GSDMY,OAS2,IRF4,IL20RA,TNFRSF14,NLRP46,CCL13,TLR3,CD40LG,IL6ST,PIK3C3,MTOR,CD74,MAPK14,NLRP53,NDUFA7,LDLR,IL17F,NOD1,TLR5,KDR,RNASEL,CYLD,CCR3,NLRP47,CD40,AIFM1,ICOSLG,MAP3K13,CCR5,PYDC53,SP3,NLRP50,MAPK14,IL1F7,IL1RL2,SERPINB33,SERPINA62,SERPINA1,DVL2,SERPINI45,IL1RAPL48,ERBB4,TIGIT,ITGB7,IL52,SLC25A13,IKBKG,CD109,PYPAF38,ASC,CD38,SP1,CXCL10,IRF8,IFNA8,AKT2,RP11-91P17.1,CYP4Z1,CD124,ORM3,HMGB1,CCL5,TRAF34,IL36RZ,FOXO6,CD140A,CTF1,TNFRSF1B,SLC7A5,SERPINA55,IKBKB,USP66,TNFRSF13C,CASP3,TRAF9,MAPK14,IL36A,PYDC80,MYD88,CLEC39A,ABCG1,TLR9,CD95L,CD33,C1orf118,CCR2,SERPINE1
IL36RV,GPX1,ACOT21,NLRP60,TNFRSF27,CD120b,IL1RL2,TLR9,AHR,TNFRSF25,ENO1,IRF5,GSDMZ,OAS3,IRF5,IL20RB,TNFRSF17,NLRP47,CCL17,TLR7,CD80,IL10RA,PIK3R4,RPS6KB1,CD79A,JUN,NLRP54,NDUFA8,VLDLR,IL19,NOD2,TLR6,ANGPT1,PKR,OTULIN,CCR4,NLRP48,CD40LG,ENDOG,CD28,MAP3K14,CXCL13,PYDC54,ETS1,NLRP51,ERK1,IL1F8,IL1RL2,SERPINB34,SERPINA63,SERPINA3,PRSS22,SERPINI46,IL1RAPL49,HGF,BTLA,LILRA2,IL53,ST7,CHUK,CD112,PYPAF39,PYDC2,CD44,MYC,CXCL9,BATF,IFNA10,AKT3,CTD-3113P16.5,CYP19A1,CD125,AGPHD1,S100A8,NLRP12,TRAF35,IL36RAA,FOXP3,CD140B,CTF2,TNFRSF4,SLC7A11,SERPINA56,NFKB1,USP67,TNFRSF14,CASP9,TRAF10,MAPK15,IL36B,PYDC81,TICAM1,CLEC40A,PPARG,NLRP2,CD2,CD34,C1orf119,CCR5,TF
IL36RW,GPX4,ACOT22,NLRP61,TNFRSF4,CD121a,IL1RL2,TLR10,HIF1A,FAS,PKM,IRF7,GSDMA1,OASL,IRF6,IL21R,TNFRSF18,NLRP48,CCL18,TLR8,CD86,IL10RB,RB1CC1,EIF4EBP1,CD79B,FOS,NLRP55,NDUFA9,SCARB1,IL20,NLRC4,TLR10,ANGPT2,ADAR,A20,CCR5,NLRP49,CD27,PARP1,CD27,MAP4K1,CXCL9,PYDC55,ELK1,NLRP52,ERK2,IL1F9,IL1RL2,SERPINB35,SERPINA64,SERPINE1,UPF1,SERPINI47,IL1RAPL50,MET,CD27,LILRB1,IL54,CDC27,MAPK1,CD113,PYPAF40,PYDC3,CD45,CD14,CCL2,BACH2,IFNA13,PIK3CA,PPIAP6,CYP21A2,CD126,AGPAT1,S100A9,BLR1,TRAF36,IL36RAB,CTLA4,CD141,CRLF1,TNFRSF8,SLC25A1,SERPINA57,NFKB2,USP68,TNFRSF17,APAF1,TRAF11,MAPKAPK2,IL36G,PYDC82,IRAK1,CLEC41A,PPARA,NLRP13,CD3D,CD36,C1orf120,CXCR3,TFRC
IL36RX,NOS2,ACOT23,NLRP62,TNFRSF6,CD121b,IL1RL2,MYD88,EPAS1,FASLG,LDHA,IRF8,GSDMA2,MX1,IRF7,IL22RA1,TNFRSF19,NLRP49,CCL19,TLR9,CTLA4,IFNAR1,ATG13,FOXO1,CD8A,ATF2,NLRP56,NDUFA10,CD36,IL21,NLRP1,CD14,TEK,DDX58,ABIN1,CCR6,NLRP50,CD70,HMGB1,CD70,MAP4K2,CCL5,PYDC56,FOS,NLRP53,JNK1,IL2,IL1RL2,SERPINB36,SERPINA65,PLG,SKAP2,SERPINI48,IL1RAPL51,TGFA,CD28,LILRB2,IL55,SLC4A1,MAPK3,CD114,PYPAF41,PYDC4,CD56,CD40,CCL8,IKZF1,IFNA14,PIK3CB,RP11-194G10.3,CYP24A1,CD127,AGPAT2,S100A12,IL7R,TRAF37,IL36RAC,PDCD1,CD142,CRLF2,TNFRSF9,SLC25A4,SERPINA58,RELA,USP69,TNFRSF18,PYCARD,TRAF12,MAPKAPK3,IL36RN,PYDC83,IRAK4,CLEC42A,PPARD,RAB24,CD3E,CD37,C1orf121,CXCR4,HMOX1
IL36RY,ARG1,ACOT24,NLRP63,TNFRSF6B,CD122,IL1RL2,TICAM1,EGLN1,TRAIL,PDK1,BATF,GSDMA3,MX2,IRF8,IL22RA2,TNFRSF19L,NLRP50,CCL20,TLR2,PDCD1,IFNAR2,WIPI1,FOXO3,CD8B,CREB1,NLRP57,NDUFA11,FABP4,IL22,NLRP3,CD36,NOS2,IFIH1,NEMO,CCR7,NLRP51,CD137,S100A8,CD137,MAP4K3,CCL17,PYDC57,JUN,NLRP54,JNK2,IL2RA,IL1RL2,SERPINB37,SERPINA66,PLAUR,MCUB,SERPINI49,IL1RAPL52,AREG,CD137,LILRB3,IL56,CALCR,MAPK8,CD115,PYPAF42,PYDC5,CD57,CD80,CCL20,IKZF3,IFNA16,PIK3CD,TRHR,CYP26A1,CD128A,AGPAT3,ALDH1A2,CD3E,TRAF38,IL36RAD,CD274,CD143,CRLF3,TNFRSF10A,SLC25A5,SERPINA59,RELB,USP70,TNFRSF19,IL1A,TRAF13,MAPKAPK5,IL37,PYDC84,TRAF6,CLEC43A,NR1H3,BPI,CD3G,CD38,C1orf122,CXCL9,HAMP
IL36RZ,IDO1,ACOT25,NLRP64,TNFRSF7,CD123,IL1RL2,TRAF6,VHL,TRAILR1,PDHA1,BCL6,GSDMA4,ISG15,IRF9,IL23R,TNFRSF21,NLRP51,CCL21,CD14,PDL1,IFNGR1,WIPI2,FOXP3,CD80,ELK1,NLRP58,NDUFA12,PPARG,IL23A,NLRP6,CD40,NOS3,TLR3,IKKA,CCR8,NLRP52,CD137L,S100A9,TNFRSF9,MAP4K4,CCL19,PYDC58,ATF2,NLRP55,JNK3,IL2RB,IL1RL2,SERPINB38,SERPINA67,PLAT,HOXA11,SERPINI50,IL1RAPL53,BTC,ICOS,LILRB4,IL57,DVL2,MAPK14,CD116,PYPAF43,PYDC6,CD68,CD86,CCL5,AHR,IFNA17,PIK3CG,LINC02428,CYP26B1,CD128B,AGPAT4,ARG1,IL5,TRAF39,IL36RAE,CD80,CD144,CRLF4,TNFRSF10B,SLC25A6,SERPINA60,BCL2,USP71,TNFRSF21,IL1RN,TRAF14,MAPKAPK6,IL38,PYDC85,NFKB1,CLEC44A,NR1H2,TWIST1,CD4,CD39,C1orf123,CXCL11,SLC40A1
IL36RAA,PTGS2,ACOT26,NLRP65,TNFRSF8,CD124,IL1RL2,IRAK1,PHD2,TRAILR2,DLAT,BCL2,GSDMA5,RSAD2,STAT1,IL24,TNFRSF25,NLRP52,CCL22,MD2,PDL2,IFNGR2,FIP200,GATA3,CD81,EGR1,NLRP59,NDUFA13,CPT1A,IL24,NLRP7,CD80,ARG1,TLR7,IKKB,CCR9,NLRP53,GITR,S100A12,TNFRSF4,MAP4K5,CCL21,PYDC59,CREB1,NLRP56,p38,IL2RG,IL1RL2,SERPINB39,SERPINA68,THBD,POLR2J,SERPINI51,IL1RAPL54,EREG,TNFRSF4,LILRB5,IL58,PRSS22,MAP2K1,CD117,PYPAF44,PYDC7,CD69,CD274,IL1B,HIF1A,IFNA21,PTEN,RP11-81K13.1,CYP26C1,CD129,AGPAT5,NOS2,NLRP1,TRAF40,IL36RAF,CD86,CD145,CRLF5,TNFRSF10C,SLC25A12,SERPINA61,BAX,USP72,TNFRSF25,S100A8,TRAF15,MAPKAPK7,CASP4,PYDC86,RELA,CLEC45A,RXRA,GZMB,CD8A,CD40,C1orf124,CCL3,ALB
IL36RAB,ALOX5,ACOT27,NLRP66,TNFRSF9,CD125,IL1RL2,IRAK2,LDHA,TRAILR3,DLD,BAX,GSDMA6,IFIT1,STAT2,IL25,TNFRSF4,NLRP53,CCL23,LY96,CD28,CSF1R,TICAM1,TBX21,CD82,SP1,NLRP60,NDUFB1,ACADM,IL25,NLRP9,CD86,ARG2,TLR8,IKKE,CCR10,NLRP54,GITRL,CRP,OX40,MAP4K6,IL2,PYDC60,HIF1A,NLRP57,NFATC1,IL4,IL1RL2,SERPINB40,SERPINA69,PROS1,DHX33,SERPINI52,IL1RAPL55,HBEGF,TNFRSF9,LILRB6,IL59,UPF1,MAP2K4,CD118,PYPAF45,PYDC8,CD80,PDCD1LG2,IL6,EPAS1,IFNB1,TSC1,RP3-508I15.14,CYP27B1,CD130,AGPAT6,PTGS2,PRF1,TRAF41,IL36RAG,CD28,CD146,CRLF6,TNFRSF10D,SLC25A13,SERPINA62,CASP1,USP73,FAS,S100A9,TRAF16,MAPKAPK8,CASP5,PYDC87,NFKBIA,CLEC46A,RXRB,CASP8,CD8B,CD44,C1orf125,CCL4,HPX
IL36RAC,CYBB,ACOT28,NLRP67,TNFSF10,CD126,IL1RL2,IRAK3,LDHB,TRAILR4,SDHA,BCL2L1,GSDMA7,IFIT2,STAT3,IL26,TNFRSF6,NLRP54,CCL24,CD36,ICOS,CSF2RB,TRIF,RORC,CD83,STAT5A,NLRP61,NDUFB2,ACADVL,IL28A,NLRP10,CD83,MMP1,TLR9,IKKAP1,CXCR1,NLRP55,OX40,SERPINA1,TNFRSF18,MAPKAPK2,IL4,PYDC61,EPAS1,NLRP58,NFATC2,IL4R,IL1RL2,SERPINB41,SERPINA70,F2,MEOX1,SERPINI53,IL1RAPL56,NRG1,TNFRSF18,LILRB7,IL60,SKAP2,MAP3K7,CD119,PYPAF46,PYDC9,CD86,CTLA4,IL10,VEGFA,IFNG,TSC2,MYH11,CYP39A1,CD131,AGPAT9,IDO1,TLR9,TRAF42,IL36RAH,ICOS,CD147,CRLF7,TNFRSF11A,SLC25A15,SERPINA63,CASP3,USP74,FASLG,PTGS2,TRAF17,MAPKAPK9,CASP11,PYDC88,IKBKB,CLEC47A,RXRG,GNLY,CD19,CD45,C1orf126,CCL5,CP
IL36RAD,CYBA,ACOT29,NLRP68,TNFSF11,CD127,IL1RL2,IRAK4,PDK1,TNFRSF10A,SDHB,MCL1,GSDMA8,IFIT3,STAT4,IL27RA,TNFRSF6B,NLRP55,CCL25,CLEC7A,ICOSLG,CSF3R,MAVS,AHR,CD84,STAT5B,NLRP62,NDUFB3,SLC2A1,IL28B,NLRP13,CD274,MMP2,CGAS,IKKAP2,CXCR2,NLRP56,OX40L,SERPINA3,GITR,MAPKAPK3,IL5,PYDC62,ARNT,NLRP59,NFATC3,IL5,IL1RL2,SERPINB42,SERPINA71,F3,THSD7A,SERPINI54,IL1RAPL57,NRG2,TNFRSF25,LILRB8,IL61,MCUB,MAP3K8,CD120a,PYPAF47,PYDC10,CD137,PDCD1,IFNG,VEGFB,IFNE,RHEB,SNORD116-26,CYP46A1,CD132,AGPAT10,CD14,CCR7,TRAF43,IL36RAI,CD40,CD148,CRLF8,TNFRSF11B,SLC25A20,SERPINA64,CASP8,USP75,TRADD,NOS2,TRAF18,MAPKAPK10,CASP12,PYDC89,IKBKG,CLEC48A,FABP4,CD4,CD20,CD46,C1orf127,IL12B,ATP7A
IL36RAE,NOX4,ACOT30,NLRP69,TNFSF12,CD128a,IL1RL2,MAPK1,PDK4,TNFRSF10B,UQCRC1,FAS,GSDMA9,IFIT5,STAT5A,IL28A,TNFRSF8,NLRP56,CCL26,Dectin-1,BTLA,CCR1,STING1,BCL6,CD86,STAT6,NLRP63,NDUFB4,SLC2A3,IL29,NLRP14,PDCD1LG2,MMP9,STING1,IKKAP3,CXCR3,NLRP57,ICOS,FGA,TNFRSF1A,MAPKAPK5,IL10,PYDC63,EGLN1,NLRP60,NFATC4,IL5RA,IL1RL2,SERPINB43,SERPINA72,F5,LIG3,SERPINI55,IL1RAPL58,NRG3,FAS,LILRB9,IL62,HOXA11,JUN,CD120b,PYPAF48,PYDC11,CD154,LAG3,TNFRSF1A,FLT1,IFNK,RPTOR,RP11-288D15.1,CYP51A1,CD133,AGPAT11,CD36,NLRP12,TRAF44,IL36RAJ,CD40LG,CD149,CRLF9,TNFRSF12A,SLC25A22,SERPINA65,CASP9,USP76,FADD,ARG1,TRAF19,MAPKAPK11,HMGB1,PYDC90,MAP3K7,CLEC49A,FABP5,PTPRCv1,CD21,CD47,C1orf128,IL18,ATP7B
IL36RAF,DUOX2,ACOT31,NLRP70,TNFSF13,CD128b,IL1RL2,MAPK3,SLC2A1,TNFRSF10C,UQCRC2,FASLG,GSDMA10,IFI27,STAT5B,IL28B,TNFRSF9,NLRP57,CCL27,Mincle,HVEM,CCR2,TMEM173,PRDM1,CD9,JAK1,NLRP64,NDUFB5,HK1,TGFB1,AIM2,PDCD1,MMP12,TREX1,IKKAP4,CXCR4,NLRP58,ICOSL,FGB,TNFRSF1B,MAPKAPK6,IL12A,PYDC64,VHL,NLRP61,GATA3,IL9,IL1RL2,SERPINB44,SERPINA73,F10,RPAP3,SERPINI56,IL1RAPL59,NRG4,FASLG,LILRB10,IL63,POLR2J,FOS,CD121a,PYPAF49,PYDC12,CD178,HAVCR2,TNFRSF1B,KDR,IFNL1,RPS6KB1,KRT79,CYP7B1,CD134,AGPAT12,CD68,TAGAP,TRAF45,IL36RAK,CD27,CD150,CRLF10,TNFRSF13B,SLC25A24,SERPINA66,GSDMD,USP77,CASP8,IDO1,TRAF20,MAPKAPK12,S100A8,PYDC91,MAPK1,CLEC50A,PLIN2,TLR3,CD22,CD48,C1orf129,IL23A,SOD1
IL36RAG,XDH,ACOT32,NLRP71,TNFSF13B,CD129,IL1RL2,MAPK8,SLC2A3,TNFRSF10D,COX4I1,TRAIL,GSDMA11,IFI35,STAT6,IL29,FAS,NLRP58,CCL28,CLEC4E,LAG3,CCR5,IRF3,BLIMP1,CD96,JAK3,NLRP65,NDUFB6,HK2,TGFB2,PYDC1,CTLA4,TIMP1,SAMHD1,IKKAP5,CXCR5,NLRP59,LAG3,FGG,FAS,MAPKAPK7,IL12B,PYDC65,PHD2,NLRP62,TBX21,IL9R,IL1RL2,SERPINB45,SERPINA74,F12,ACSM3,SERPINI57,IL1RAPL60,IGF1,TRAIL,KIR2DL1,IL64,DHX33,ATF2,CD121b,PYPAF50,PYDC13,CD279,TIGIT,STAT1,NRP1,IFNL2,EIF4EBP1,SNORA63C,CYP8B1,CD135,AGPAT13,CD80,BCL2,TRAF46,IL36RAL,CD70,CD151,CRLF11,TNFRSF13C,SLC25A26,SERPINA67,PYCARD,USP78,CASP9,CD163,TRAF21,MAPKAPK13,S100A9,PYDC92,MAPK3,CLEC51A,PLIN3,TNFRSF1A,CD23,CD5,C1orf130,TGFB1,SOD2
IL36RAH,ADA,ACOT33,NLRP72,TNFSF14,CD130,IL1RL2,MAPK9,HK2,BCL2,COX5A,TNFRSF1A,GSDMA12,IFI44,JAK1,IL31,FADD,NLRP59,CXCL1,CLEC6A,TIM3,CXCR3,IRF7,XBP1,CD99,TYK2,NLRP66,NDUFB7,PFKFB3,TGFB3,PYDC2,CD28,TIMP2,MOV10,IKKAP6,CXCR6,NLRP60,TIM3,PLG,FASLG,MAPKAPK8,IL13,PYDC66,LDHA,NLRP63,RORC,IL13,IL1RL2,SERPINB46,SERPINA75,VWF,REXO5,SERPINI58,IL1RAPL61,IGF1R,DR4,KIR2DL2,IL65,MEOX1,CREB1,CD122,PYPAF51,PYDC14,CD366,CEACAM1,STAT3,NRP2,IFNL3,EIF2AK3,OR4N4C,CYP11A1,CD136,AGPAT14,CD86,TLR5,TRAF47,IL36RAM,CD137,CD152,CRLF12,TNFRSF14,SLC25A32,SERPINA68,NLRP3,USP79,CASP3,CD206,TRAF22,MAPKAPK14,S100A12,PYDC93,MAPK8,CLEC52A,PLIN4,NLRP12,CD24,CD52,C1orf131,IL10,CAT
IL36RAI,PNP,ACOT34,NLRP73,TNFSF15,CD131,IL1RL2,MAPK14,PFKFB3,BCL2L1,ATP5F1,TNFRSF1B,GSDMA13,IFI6,JAK2,IL31RA,CASP1,NLRP60,CXCL2,Dectin-2,GAL9,CXCR4,IFNB1,ATF4,CD99L2,SOCS1,NLRP67,NDUFB8,PFKL,TNFSF10,CASP1,CD27,SERPINE1,APOBEC3G,IKKAP7,CXCR7,NLRP61,BTLA,PLAT,TRAIL,MAPKAPK9,IL15,PYDC67,PGK1,NLRP64,BCL6,IL13RA1,IL1RL2,SERPINB47,SERPINA76,GP1BA,CIAPIN1,SERPINI59,IL1RAPL62,IGF2,DR5,KIR2DL3,IL66,THSD7A,ELK1,CD123,PYPAF52,PYDC15,CD223,KLRD1,JAK2,ANGPT1,IFNL4,EIF2S1,ZFP28-DT,CYP11B1,CD137,AGPAT15,CD163,CCL5,TRAF48,IL36RAN,CD137L,CD153,CRLF13,TNFRSF17,SLC25A33,SERPINA69,AIM2,USP80,CASP7,MSR1,TRAF23,MAPKAPK15,HSP90AA1,PYDC94,MAPK14,CLEC53A,PLIN5,BLR1,CD25,CD53,C1orf132,FOXP3,GPX1
IL36RAJ,ENTPD1,ACOT35,NLRP74,TNFSF18,CD132,IL1RL2,RELA,ENO1,BAX,ATP5G1,TNFRSF10A,GSDMA14,IRF1,JAK3,IL32,CASP3,NLRP61,CXCL3,MRC1,VISTA,CX3CR1,IFNA1,HIF1A,CDH1,SOCS2,NLRP68,NDUFB9,ALDOA,TNFSF11,CASP4,CD70,PLAT,BST2,IKKAP8,XCR1,NLRP62,VISTA,SERPINF2,TRAILR1,MAPKAPK10,IL17A,PYDC68,ENO1,NLRP65,PRDM1,IL13RA2,IL1RL2,SERPINB48,SERPINA77,GP1BB,SPPL2B,SERPINI60,IL1RAPL63,IGF2R,BID,KIR2DL4,IL67,LIG3,SP1,CD124,PYPAF53,PYDC16,CD274,KLRK1,SOCS3,ANGPT2,TNFA,GSK3B,MTRF1LP1,CYP11B2,CD138,AGPAT16,CD206,PTPRCv1,TRAF49,IL36RAO,CD30,CD154,CRLF14,TNFRSF18,SLC25A36,SERPINA70,NLRC4,USP81,CASP6,MARCO,TRAF24,MAPKAPK16,HSP90AB1,PYDC95,JUN,CLEC54A,ADIPOQ,FCGR1A,CD26,CD55,C1orf133,RORC,PRDX1
IL36RAK,CD39,ACOT36,NLRP75,TNFSF4,CD133,IL1RL2,NFKB1,PKM,BAK1,ATP5H,TNFRSF10B,GSDMA15,IRF2,TYK2,IL33,CASP8,NLRP62,CXCL4,CD209,CD47,ITGAM,IFNA2,EPAS1,CDH2,PIK3CA,NLRP69,NDUFB10,GAPDH,TNFSF12,CASP5,CD40LG,PLAUR,CD14,IKKAP9,XCR2,NLRP63,CD47,SERPINE1,TRAILR2,MAPKAPK11,IL17F,PYDC69,GPI,NLRP66,IRF4,IL15,IL1RL2,SERPINB49,SERPINA78,GP9,FAM214B,SERPINI61,IL1RAPL64,INS,BAD,KIR2DL5A,IL68,RPAP3,HIF1A,CD125,PYPAF54,PYDC17,CD276,NCR1,IRF1,TEK,TNFB,AMPK,RTCA-AS1,CYP17A1,CD139,AGPAT17,CD209,FCGR1A,TRAF50,IL36RAP,CD30L,CD155,CRLF15,TNFRSF19,SLC25A37,SERPINA71,NOD2,USP82,CASP2,ITGAM,TRAF25,MAPKAPK17,HSPA1A,PYDC96,FOS,CLEC55A,LEP,NOD2,CD29,CD58,C1orf134,TBX21,PRDX2
IL36RAL,CD73,ACOT37,NLRP76,TNFSF6,CD134,IL1RL2,NFKB2,GPI,BAD,ATP5O,TNFRSF10C,GSDMA16,IRF5,SOCS1,IL34,CASP9,NLRP63,CXCL5,DC-SIGN,SIRPA,ITGAX,IFNA4,EGLN1,CDH3,PIK3CB,NLRP70,NDUFB11,ENO1,TNFSF13,CASP8,ICOS,F3,CD36,IKKAP10,ACKR1,NLRP64,SIRPA,TFPI,BID,MAPKAPK12,IL21,PYDC70,HK2,NLRP67,IRF5,IL15RA,IL1RL2,SERPINB50,SERPINA79,GP6,COPZ2,SERPINI62,IL1RAPL65,INSR,BCL2L1,KIR2DL5B,IL69,ACSM3,EPAS1,CD126,PYPAF55,PYDC18,CD278,NCR3,IRF7,PDGFA,TNFSF4,PRKAA1,AP3M1,CYP17A2,CD140A,AGPAT18,CLEC7A,BLR1,TRAF51,IL36RAQ,CD95,CD156,CRLF16,TNFRSF19L,SLC25A38,SERPINA72,TLR2,USP83,BAX,ITGAX,TRAF26,MAPKAPK18,HSPA1B,PYDC97,ATF2,CLEC56A,RETN,PTPRCv1,CD31,CD59,C1orf135,GATA3,TXN
IL36RAM,NT5E,ACOT38,NLRP77,TNFSF8,CD135,IL1RL2,IKBKB,ALDOA,BID,NDUFA1,TNFRSF10D,GSDMA17,IRF9,SOCS2,IL36A,BAX,NLRP64,CXCL6,SIGLEC1,CD24,ITGB2,IFNA5,VHL,CDH4,PIK3CD,NLRP71,NDUFC1,PKM,TNFSF13B,CASP12,ICOSLG,F2,CD40,IKKAP11,ACKR2,NLRP65,CD24,THBD,BAX,MAPKAPK13,IL22,PYDC71,PFKM,NLRP68,IRF7,IL16,IL1RL2,SERPINB51,SERPINA80,ITGA2B,PRKAR2B,SERPINI63,IL1RAPL66,LEP,MCL1,KIR2DS1,IL70,REXO5,ARNT,CD127,PYPAF56,PYDC19,CD279,FCGR3A,IRF8,PDGFB,TNFSF8,PRKAA2,ASCL4,CYP19A2,CD140B,AGPAT19,CLEC4E,GNLY,TRAF52,IL36RAR,CD95L,CD157,CRLF17,TNFRSF21,SLC25A39,SERPINA73,TLR9,USP84,BAK1,ITGB2,TRAF27,MAPKAPK19,HSPA5,PYDC98,STAT1,CLEC57A,TNFRSF1A,GNLY,CD33,CD6,C1orf136,IKZF1,TXNRD1
IL36RAN,ADORA2A,ACOT39,NLRP78,TNFSF9,CD136,IL1RL2,IKBKG,PGK1,BIM,NDUFA2,NFKB1,GSDMA18,JUN,SOCS3,IL36B,BAK1,NLRP65,CXCL7,CD169,SIGLEC10,SELL,IFNA6,PHD2,CDH5,PIK3CG,NLRP72,NDUFC2,LDHA,TNFSF14,GSDMD,LAG3,F2R,CD80,IKKAP12,ACKR3,NLRP66,SIGLEC10,PROS1,BAK1,MAPKAPK14,IL23A,PYDC72,ALDOA,NLRP69,IRF8,IL17RA,IL1RL2,SERPINB52,SERPINA81,ITGB3,CREBBP,SERPINI64,IL1RAPL67,LEPR,XIAP,KIR2DS2,IL71,CIAPIN1,EGLN1,CD128a,PYPAF57,PYDC20,CD357,FCGR2A,CIITA,PDGFRA,TNFSF9,PRKAB1,PPIC-AS1,CYP21A1,CD141,AGPAT20,FCGR1A,NLRP2,TRAF53,IL36RAS,TRAIL,CD158A,CRLF18,TNFRSF25,SLC25A40,SERPINA74,CLEC7A,USP85,BCL2,SELL,TRAF28,MAPKAPK20,HSPA8,PYDC99,STAT2,CLEC58A,TNFRSF1B,TLR5,CD34,CD63,C1orf137,IKZF3,GSR
IL36RAO,ADORA2B,ACOT40,NLRP79,NOD1,CD137,IL1RL2,CHUK,PGAM1,PUMA,NDUFA3,NFKB2,GSDMA19,FOS,SOCS4,IL36G,BCL2,NLRP66,CXCL8,CD33,CD55,SELE,IFNA7,BNIP3,CDH6,AKT1,NLRP73,NDUFS1,LDHB,TNFSF15,GSDME,HAVCR2,FGA,CD86,IKKAP13,ACKR4,NLRP67,CD55,PROC,BCL2,MAPKAPK15,IL27,PYDC73,TPI1,NLRP70,IRF9,IL17RC,IL1RL2,SERPINB53,SERPINA82,CD40LG,TSPOAP1,SERPINI65,IL1RAPL68,ADIPOQ,BIRC2,KIR2DS3,IL72,SPPL2B,EGLN3,CD128b,PYPAF58,PYDC21,CD358,FCGR2B,HLA-DRA,PDGFRB,TNFSF10,PRKAB2,RNU6-1137P,CYP24B1,CD142,AGPAT21,FCGR2A,IL23A,TRAF54,IL36RAT,TRAILR1,CD158B,CRLF19,TNFRSF26,SLC25A41,SERPINA75,CLEC4E,USP86,BCL2L1,SELE,TRAF29,MAPKAPK21,HSPB1,PYDC100,STAT3,CLEC59A,FAS,NCAM1,CD38,CD7,C1orf138,BCL6,GCLC
IL36RAP,SLC29A1,ACOT41,NLRP80,NOD2,CD138,IL1RL2,STAT1,TPI1,NOXA,NDUFA4,RELA,GSDMA20,ATF2,SOCS5,IL36RN,BCL2L1,NLRP67,CXCL11,SIGLEC7,CD59,SELPLG,IFNA8,BNIP3L,CDH7,AKT2,NLRP74,NDUFS2,PDK1,TNFSF18,MAVS,TIGIT,FGB,CD274,IKKAP14,TNFRSF1A,NLRP68,CD59,F2,BCL2L1,MAPKAPK16,IL31,PYDC74,GAPDH,NLRP71,SPI1,IL17RD,IL1RL2,SERPINB54,SERPINA83,CD40,MPO,SERPINI66,IL1RAPL69,ADIPOR1,BIRC3,KIR2DS4,IL73,FAM214B,VHL,CD129,PYPAF59,PYDC22,CD360,FCER1G,HLA-DRB1,FGF2,TNFSF11,PRKAG1,FAM207CP,CYP26D1,CD143,AGPAT22,FCGR3A,RAB33A,TRAF55,IL36RAU,TRAILR2,CD158C,CRLF20,TNFRSF27,SLC25A42,SERPINA76,CD209,USP87,MCL1,VCAM1,TRAF30,MAPKAPK22,DNAJB1,PYDC101,STAT4,CLEC60A,FASLG,RAB33A,CD45,CD72,C1orf139,PRDM1,GCLM
IL36RAQ,SLC29A2,ACOT42,NLRP81,NLRC4,CD139,IL1RL2,STAT2,GAPDH,MCL1,NDUFA5,RELB,GSDMA21,CREB1,SOCS6,IL37,BCL2L11,NLRP68,CXCL12,SIGLEC9,CFH,VCAM1,IFNA10,BCL2,CDH8,AKT3,NLRP75,NDUFS3,PDHA1,TNFSF4,DDX3X,BTLA,FGG,PDCD1LG2,IKKAP15,TNFRSF1B,NLRP69,CD46,F3,MCL1,MAPKAPK17,IL33,PYDC75,PKM,NLRP72,PU.1,IL17RE,IL1RL2,SERPINB55,SERPINA84,CD80,PON1,SERPINI67,IL1RAPL70,ADIPOR2,BIRC5,KIR2DS5,IL74,COPZ2,LDHA,CD130,PYPAF60,PYDC23,CD361,CD3E,HLA-DPA1,FGFR1,TNFSF12,PRKAG2,SNORA24,CYP27C1,CD144,AGPAT23,ITGAM,NCAM1,TRAF56,IL36RAV,FAS,CD158D,CRLF21,TNFRSF28,SLC25A43,SERPINA77,CD44,USP88,BID,ICAM1,TRAF31,MAPKAPK23,DNAJB4,PYDC102,STAT5A,CLEC61A,TRAIL,IL5,CD56,CD74,C1orf140,BLIMP1,NFE2L2
IL36RAR,SLC28A1,ACOT43,NLRP82,NLRC5,CD140a,IL1RL2,STAT3,MDH1,XIAP,NDUFA6,IKBKB,GSDMA22,ELK1,SOCS7,IL38,BID,NLRP69,CXCL13,SIGLEC10,C3,ICAM1,IFNA14,BAX,CDH9,MTOR,NLRP76,NDUFS4,DLAT,TNFSF5,TRAF6,VISTA,PROC,CTLA4,IKKAP16,TNFRSF10A,NLRP70,CD35,F5,XIAP,MAPKAPK18,IFNG,PYDC76,PDK1,NLRP73,CEBPB,IL17RB,IL1RL2,SERPINB56,SERPINA85,CD86,GCFC2,SERPINI68,IL1RAPL71,PPARG,CYLD,KIR3DL1,IL75,PRKAR2B,LDHB,CD131,PYPAF61,PYDC24,CD362,CD4,HLA-DPB1,FGFR2,TNFSF13,PRKAG3,C11orf96,CYP39A2,CD145,AGPAT24,ITGAX,IL12B,TRAF57,IL36RAW,FASLG,CD158E,CRLF22,TNFRSF29,SLC25A44,SERPINA78,CD47,USP89,BIM,PECAM1,TRAF32,MAPKAPK24,DNAJC10,PYDC103,STAT5B,CLEC62A,TRADD,CCL22,CD57,CD80,C1orf141,XBP1,KEAP1
IL36RAS,SLC28A2,ACOT44,NLRP83,NLRP1,CD140b,IL1RL2,STAT4,IDH1,BIRC2,NDUFA7,IKBKG,GSDMA23,SP1,PIK3CA,IFNA1,BIRC2,NLRP70,CXCL14,SIGLEC11,C5,PECAM1,IFNA16,BAD,CDH10,PTEN,NLRP77,NDUFS5,DLD,TNFSF6,TBK1,CD160,PROS1,PDCD1,IKKAP17,TNFRSF10B,NLRP71,CD21,F7,BIRC2,MAPKAPK19,CSF1,PYDC77,PDHA1,NLRP74,CEBPD,IL17RH,IL1RL2,SERPINB57,SERPINA86,CD28,WDR54,SERPINI69,IL1RAPL72,PPARA,A20,KIR3DL2,IL76,CREBBP,PDK1,CD132,PYPAF62,PYDC25,CD363,CD8A,HLA-A,FGFR3,TNFSF13B,ULK1,SRRM1,CYP46A2,CD146,AGPAT25,ITGB2,CD4,TRAF58,IL36RAX,TNFRSF1A,CD158F,CRLF23,TNFRSF6,SLC25A45,SERPINA79,CD55,USP90,BAD,CDH5,TRAF33,MAPKAPK25,DNAJC3,PYDC104,STAT6,CLEC63A,FADD,TNF,CD62L,CD81,C1orf142,IRF4,MAFG
IL36RAT,SLC28A3,ACOT45,NLRP84,NLRP2,CD141,IL1RL2,STAT5A,SDHA,BIRC3,NDUFA8,CHUK,GSDMA24,SP3,PIK3CB,IFNA2,BIRC3,NLRP71,CXCL16,SIGLEC14,C5AR1,CD40,IFNA17,BID,CDH11,FOXO1,NLRP78,NDUFS6,SDHA,TNFSF8,IRF3,KLRG1,SERPINC1,LAG3,IKKAP18,TNFRSF10C,NLRP72,CD19,F10,BIRC3,MAPKAPK20,CSF2,PYDC78,DLAT,NLRP75,CEBPE,IL19,IL1RL2,SERPINB58,SERPINA87,CTLA4,CROT,SERPINI70,IL1RAPL73,PPARD,OTULIN,KIR3DL3,IL77,TSPOAP1,PDK3,CD133,PYPAF63,PYDC26,CD364,CD8B,HLA-B,FGFR4,TNFSF14,BECN1,RP11-10A14.7,CYP51A2,CD147,AGPAT26,ITGA4,BPI,TRAF59,IL36RAY,TNFRSF1B,CD158G,CRLF24,TNFRSF6B,SLC25A46,SERPINA80,CD59,USP91,NOXA,FLT1,TRAF34,MAPKAPK26,HSPH1,PYDC105,JAK1,CLEC64A,CASP3,IL23A,CD69,CD82,C1orf143,IRF8,MAFK
IL36RAU,SLC19A1,ACOT46,NLRP85,NLRP4,CD142,IL1RL2,STAT5B,FH,BIRC5,NDUFA9,MAPK1,GSDMA25,EGR1,PIK3CD,IFNA4,BIRC5,NLRP72,CXCL17,SIGLEC15,C5AR2,CD80,IFNA21,CASP1,CDH12,FOXO3,NLRP79,NDUFS7,SDHB,TNFSF9,IRF7,NCR1,SERPIND1,HAVCR2,IKKAP19,TNFRSF10D,NLRP73,CD20,F12,CASP3,MAPKAPK21,CSF3,PYDC79,DLD,NLRP76,RUNX1,IL20,IL1RL2,SERPINB59,SERPINA88,PDCD1,ABCB4,SERPINI71,IL1RAPL74,RXRA,SHARPIN,KIR3DS1,IL78,MPO,SLC2A1,CD134,PYPAF64,PYDC27,CD365,CD19,HLA-C,EGF,TNFSF15,ATG5,METTL3,CYP7B2,CD148,AGPAT27,ITGB7,CASP8,TRAF60,IL36RAZ,TNFSF10,CD158H,CRLF25,TNFRSF7,SLC25A47,SERPINA81,CD74,USP92,PUMA,KDR,TRAF35,MAPKAPK27,HSPD1,PYDC106,JAK2,CLEC65A,CASP8,FCGR1A,CD71,CD83,C1orf144,SPI1,BACH1
IL36RAV,SLC19A2,ACOT47,NLRP86,NLRP5,CD143,IL1RL2,STAT6,SUCLG1,CASP3,NDUFA10,MAPK3,GSDMA26,KLF4,PIK3CG,IFNA5,XIAP,NLRP73,CCR1,P2RX7,C3AR1,CD86,OAS1,CASP3,CDH13,FOXO4,NLRP80,NDUFS8,UQCRC1,TNFRSF1A,MYD88,NKG2D,TFPI,TIGIT,IKKAP20,TNFRSF11A,NLRP74,CD22,F13A1,CASP7,MAPKAPK22,GM-CSF,PYDC80,SDHA,NLRP77,RUNX2,IL20RA,IL1RL2,SERPINB60,SERPINA89,PDCD1LG2,KMT2E,SERPINI72,IL1RAPL75,RXRB,HOIP,NCR1,IL79,PON1,SLC2A3,CD135,PYPAF65,PYDC28,CD366,CD20,B2M,EGFR,TNFSF18,ATG7,RP11-152L7.3,CYP8B2,CD149,AGPAT28,SELL,CD19,TRAF61,IL36RBA,BCL2,CD158I,CRLF26,TNFRSF8,SLC25A48,SERPINA82,HLA-A,USP93,CYCS,ANGPT1,TRAF36,MAPKAPK28,HSPE1,PYDC107,JAK3,CLEC66A,CASP9,IL7R,CD80,CD84,C1orf145,CEBPB,HIF1AN
IL36RAW,SLC19A3,ACOT48,NLRP87,NLRP6,CD144,IL1RL2,JAK1,SUCLA2,CASP7,NDUFA11,MAPK8,GSDMA27,KLF6,AKT1,IFNA6,DIABLO,NLRP74,CCR2,P2RY2,CR1,CD274,OAS2,CASP8,CDH15,FOXO6,NLRP81,NDUFV1,COX4I1,TNFRSF1B,TICAM1,NKG2A,THBD,CD226,IKKAP21,TNFRSF11B,NLRP75,CD23,F13B,CASP8,MAPKAPK23,G-CSF,PYDC81,SDHB,NLRP78,RUNX3,IL20RB,IL1RL2,SERPINB61,SERPINA90,LAG3,RHBDD2,SERPINI73,IL1RAPL76,RXRG,HOIL1,NCR2,IL80,GCFC2,HK2,CD136,PYPAF66,PYDC29,CD367,CD27,PSMB8,TGFB1,TNFSF4,ATG12,SPACA3,CYP11A2,CD150,AGPAT29,SELP,NCAM1,TRAF62,IL36RBB,BCL2L1,CD158J,CRLF27,TNFRSF9,SLC25A49,SERPINA83,HLA-B,USP94,DIABLO,ANGPT2,TRAF37,MAPKAPK29,HSPB8,PYDC108,TYK2,CLEC67A,BAX,CD3E,CD86,CD86,C1orf146,CEBPA,EGLN1
IL36RAX,SLC2A1,ACOT49,NLRP88,NLRP7,CD145,IL1RL2,JAK2,CS,CASP8,NDUFA12,MAPK14,GSDMA28,CEBPB,AKT2,IFNA7,CYCS,NLRP75,CCR3,P2RY6,CR2,PDCD1LG2,OAS3,CASP9,CDH16,HIF1A,NLRP82,NDUFV2,ATP5F1A,TNFRSF10A,TIRAP,KIR2DL1,VWF,ICOS,IKKAP22,TNFRSF12A,NLRP76,CD25,VWF,CASP9,MAPKAPK24,M-CSF,PYDC82,UQCRC1,NLRP79,GFI1,IL24,IL1RL2,SERPINB62,SERPINA91,HAVCR2,SOX8,SERPINI74,IL1RAPL77,NR1H3,SPPL2A,NCR3,IL81,WDR54,PFKFB3,CD137,PYPAF67,PYDC30,CD368,CD28,PSMB9,TGFBR2,TNFSF8,MAP1LC3B,PDGFD,CYP11B3,CD151,AGPAT30,SELPLG,CD3E,TRAF63,IL36RBC,BAX,CD158K,CRLF28,TNFRSF10,SLC25A50,SERPINA84,HLA-C,USP95,XIAP,TEK,TRAF38,MAPKAPK30,HSPB6,PYDC109,SOCS1,CLEC68A,BAK1,CCR7,CD95,CD9,C1orf147,ATF3,EGLN2
IL36RAY,SLC2A3,ACOT50,NLRP89,NLRP8,CD146,IL1RL2,JAK3,ACO2,CASP9,NDUFA13,JUN,GSDMA29,CEBPD,AKT3,IFNA8,APAF1,NLRP76,CCR4,ADORA2A,CR3,CTLA4,OASL,GSDMD,CDH17,VEGFA,NLRP83,NDUFV3,ATP5F1B,TNFRSF10B,TRAM,KIR2DL2,SELE,ICOSLG,IKKAP23,TNFRSF13B,NLRP77,CD69,GP1BA,CASP10,MAPKAPK25,TGFB1,PYDC83,UQCRC2,NLRP80,GATA1,IL26,IL1RL2,SERPINB63,SERPINA92,TNFRSF4,IBTK,SERPINI75,IL1RAPL78,NR1H2,SPPL2B,NKG2A,IL82,CROT,ALDOA,CD138,PYPAF68,PYDC31,CD369,CD38,TAP1,MMP1,TNFSF9,SQSTM1,RITA1,CYP11B4,CD152,AGPAT31,VCAM1,CD4,TRAF64,IL36RBD,BAK1,CD158L,CRLF29,TNFRSF11,SLC25A51,SERPINA85,HLA-DRA,USP96,BIRC2,PDGFB,TRAF39,MAPKAPK31,HSPB2,PYDC110,SOCS3,CLEC69A,BCL2,PTPRCv1,CD96,CD93,C1orf148,ATF4,EGLN3
IL36RAZ,SLC2A4,ACOT51,NLRP90,NLRP9,CD147,IL1RL2,TYK2,OGDH,CASP10,NDUFB1,FOS,GSDMA30,HIF1A,MTOR,IFNA10,NLRP3,NLRP77,CCR5,ADORA2B,CR4,PDCD1,MX1,GSDME,CDH18,VEGFB,NLRP84,COX6A1,ATP5F1C,TNFRSF10C,IKBKB,KIR2DL3,SELPLG,CD28,IKKAP24,TNFRSF13C,NLRP78,CD71,GP1BB,APAF1,MAPKAPK26,TGFB2,PYDC84,COX4I1,NLRP81,GATA2,IL27,IL1RL2,SERPINB64,SERPINA93,TNFRSF9,ZNF195,SERPINI76,IL1RAPL79,NR1I2,ADAM17,NKG2C,IL83,ABCB4,GPI,CD139,PYPAF69,PYDC32,CD370,CD44,TAP2,MMP2,TNFSF10,NFE2L2,FXYD4,CYP17A3,CD153,AGPAT32,ICAM1,PTPRCv1,TRAF65,IL36RBE,BAD,CD158M,CRLF30,TNFRSF12,SLC25A52,SERPINA86,HLA-DRB1,USP97,BIRC3,PDGFRA,TRAF40,MAPKAPK32,HSPB3,PYDC111,PIK3CA,CLEC70A,BCL2L1,GNLY,CD97,CD96,C1orf149,FOS,VHL
IL36RAAA,SLC16A1,ACOT52,NLRP91,NLRP10,CD148,IL1RL2,SOCS1,DLAT,CYCS,NDUFB2,ATF2,GSDMA31,EPAS1,PTEN,IFNA13,NLRP1,NLRP78,CCR6,ADORA3,ITGAM,LAG3,MX2,NOD1,CDH19,VEGFC,NLRP85,COX6B1,ATP5F1D,TNFRSF10D,IKBKG,KIR3DL1,ICAM1,CD27,IKKAP25,TNFRSF14,NLRP79,CD81,GP9,CYCS,MAPKAPK27,TGFB3,PYDC85,COX5A,NLRP82,GATA4,IL27RA,IL1RL2,SERPINB65,SERPINA94,TNFRSF18,MYCBP2,SERPINI77,IL1RAPL80,NR1I3,TACE,NKG2D,IL84,KMT2E,ENO1,CD140a,PYPAF70,PYDC33,CD371,CD45,LTA,MMP9,TNFSF11,KEAP1,RP11-166P13.4,CYP17A4,CD154,AGPAT33,PECAM1,TLR3,TRAF66,IL36RBF,BID,CD158N,CRLF31,TNFRSF13,SLC25A53,SERPINA87,HLA-DQA1,USP98,BIRC5,PDGFRB,TRAF41,MAPKAPK33,HSPB7,PYDC112,PIK3CB,CLEC71A,MCL1,GZMB,CD99,CD97,C1orf150,JUN,ARNT
IL36RAAB,SLC16A3,ACOT53,NLRP92,NLRP13,CD149,IL1RL2,SOCS2,DLD,APAF1,NDUFB3,CREB1,GSDMA32,ARNT,FOXO1,IFNA14,NLRC4,NLRP79,CCR7,TLR5,ITGAX,HAVCR2,IFIH1,NOD2,CDH20,FLT1,NLRP86,COX6C,ATP5F1E,TNFRSF11A,RELA,KIR3DL2,VCAM1,CD70,IKKAP26,TNFRSF16,NLRP80,CD82,GP6,DIABLO,MAPKAPK28,BMP2,PYDC86,ATP5F1,NLRP83,GATA5,IL28A,IL1RL2,SERPINB66,SERPINA95,ICOS,FBXL3,SERPINI78,IL1RAPL81,NR3C1,IL1R1,CD94,IL85,RHBDD2,PKM,CD140b,PYPAF71,PYDC34,CD372,CD69,LTB,MMP12,TNFSF12,HMOX1,MIR3675,CYP19A3,CD155,AGPAT34,MADCAM1,TNFRSF1A,TRAF67,IL36RBG,BIM,CD158O,CRLF32,TNFRSF14,SLC25A54,SERPINA88,HLA-DQB1,USP99,BIRC6,EGF,TRAF42,MAPKAPK34,HSPB9,PYDC113,PIK3CD,CLEC72A,BID,CASP8,CD100,CD99,C1orf151,JUNB,EP300
IL36RAAC,SLC16A7,ACOT54,NLRP93,NLRP14,CD150,IL1RL2,SOCS3,PDHA1,DIABLO,NDUFB4,ELK1,GSDMA33,NR3C1,FOXO3,IFNA16,NOD2,NLRP80,CCR8,TLR10,ITGB2,TIGIT,DDX58,TLR1,CDH23,KDR,NLRP87,COX7A1,ATP5MC1,TNFRSF11B,NFKB1,KIR3DL3,PECAM1,CD137,IKKAP27,TNFRSF17,NLRP81,CD83,ITGA2B,SMAC,MAPKAPK29,BMP4,PYDC87,ATP5B,NLRP84,GATA6,IL28B,IL1RL2,SERPINB67,SERPINA96,ICOSLG,ITGAL,SERPINI79,IL1RAPL82,NR3C2,IL1R2,CD160,IL86,SOX8,PGK1,CD141,PYPAF72,PYDC35,CD373,CD70,FAS,TIMP1,TNFSF13,GCLC,AF241725.6,CYP21A3,CD156A,AGPAT35,CDH5,NLRP12,TRAF68,IL36RBH,PUMA,CD158P,CRLF33,TNFRSF15,SLC25A55,SERPINA89,HLA-DPA1,USP100,NAIP,EGFR,TRAF43,MAPKAPK35,HSPB10,PYDC114,PIK3CG,CLEC73A,BIM,GNLY,CD101,CD101,C1orf152,FOSB,CREBBP
IL36RAAD,SLC22A1,ACOT55,NLRP94,CARD8,CD151,IL1RL2,PIK3CA,PDHB,HSP90AA1,NDUFB5,EGR1,GSDMA34,PPARG,FOXO4,IFNA17,RIPK1,NLRP81,CCR9,NLRP1,ITGB3,BTLA,RIGI,TLR2,CDH24,FLT4,NLRP88,COX7A2,ATP5MC2,TNFRSF12A,NFKB2,KIR2DS1,CD36,CD137L,IKKAP28,TNFRSF18,NLRP82,CD84,ITGB3,AIFM1,MAPKAPK30,BMP6,PYDC88,ATP5C1,NLRP85,KLF2,IL28RA,IL1RL2,SERPINB68,SERPINA97,BTLA,PDK2,SERPINI80,IL1RAPL83,NR4A1,IL1RAP,CD244,IL87,IBTK,GAPDH,CD142,PYPAF73,PYDC36,CD374,CD95,FASLG,TIMP2,TNFSF13B,GCLM,RP11-467I20.5,CYP24C1,CD156B,AGPAT36,ESAM,BLR1,TRAF69,IL36RBI,NOXA,CD158Q,CRLF34,TNFRSF16,SLC25A56,SERPINA90,HLA-DPB1,USP101,NLRC4,FGF2,TRAF44,MAPKAPK36,HSPB11,PYDC115,AKT1,CLEC74A,PUMA,CD4,CD102,CD102,C1orf153,EGR1,NCOA1
IL36RAAE,SLC22A2,ACOT56,NLRP95,CARD9,CD152,IL1RL2,PIK3CB,PCK2,HSP90AB1,NDUFB6,SP1,GSDMA35,PPARA,FOXO6,IFNA21,RIPK3,NLRP82,CCR10,NLRP2,ITGB7,CD27,MDA5,TLR4,CDHR1,ANGPT1,NLRP89,COX7A2L,ATP5MC3,TNFRSF13B,STAT1,KIR2DS2,CD68,OX40,IKKAP29,TNFRSF19,NLRP83,CD86,ITGA5,ENDOG,MAPKAPK31,BMP7,PYDC89,ATP5D,NLRP86,KLF4,IL29,IL1RL2,SERPINB69,SERPINA98,CD27,,SERPINI81,IL1RAPL84,NR4A2,IL18R1,CD247,IL88,ZNF195,TPI1,CD143,PYPAF74,PYDC37,CD375,CD137,CASP3,TIMP3,TNFSF14,SOD1,SUMO3,CYP26E1,CD157,AGPAT37,JAM3,FCGR1A,TRAF70,IL36RBJ,MCL1,CD158R,CRLF35,TNFRSF17,SLC25A57,SERPINA91,CIITA,USP102,NLRP1,FGFR1,TRAF45,MAPKAPK37,HSPB12,PYDC116,AKT2,CLEC75A,NOXA,PTPRCv1,CD103,CD103,C1orf154,EGR2,NCOA2
IL36RAAF,SLC22A3,ACOT57,NLRP96,CARD10,CD153,IL1RL2,PIK3CD,G6PC,HSPA1A,NDUFB7,HIF1A,GSDMA36,RXRA,RELA,IFNB1,MLKL,NLRP83,CXCR1,NLRP4,ITGA4,CD28,LGP2,TLR6,CDHR2,ANGPT2,NLRP90,COX7B,ATP5ME,TNFRSF13C,STAT2,KIR2DS3,CD163,OX40L,IKKAP30,TNFRSF19L,NLRP84,CD87,ITGB1,GZMB,MAPKAPK32,GDF15,PYDC90,ATP5E,NLRP87,KLF6,IL31,IL1RL2,SERPINB70,SERPINA99,CD70,,SERPINI82,IL1RAPL85,NR4A3,IL18RAP,CD300A,IL89,MYCBP2,PGAM1,CD144,PYPAF75,PYDC38,CD376,CD154,CASP9,TIMP4,TNFSF15,SOD2,OR51G1,CYP27D1,CD158A,AGPAT38,SELE,RAB24,TRAF71,IL36RBK,XIAP,CD158S,CRLF36,TNFRSF18,SLC25A58,SERPINA92,CTLA4,USP103,NLRP6,FGFR2,TRAF46,MAPKAPK38,HSPB13,PYDC117,AKT3,CLEC76A,CYCS,TLR3,CD104,CD104,C1orf155,KLF2,NCOR1
IL36RAAG,SLC22A4,ACOT58,NLRP97,CARD11,CD154,IL1RL2,PIK3CG,FBP1,HSPA1B,NDUFB8,EPAS1,GSDMA37,RXRB,NFKB1,IFNG,ZBP1,NLRP84,CXCR2,NLRP5,ITGA5,CD69,DHX58,TLR8,CDHR3,TEK,NLRP91,COX7C,ATP5MF,TNFRSF14,STAT3,KIR2DS4,CD209,GITR,IKKAP31,TNFRSF21,NLRP85,CD88,PECAM1,PRF1,MAPKAPK33,FST,PYDC91,ATP5A1,NLRP88,KLF9,IL31RA,IL1RL2,SERPINB71,SERPINA100,CD137,,SERPINI83,IL1RAPL86,STAT1,IL33,CD300C,IL90,FBXL3,LDHC,CD145,PYPAF76,PYDC39,CD377,CD226,BCL2,SERPINE1,TNFSF18,CAT,ENSG10010135848.2,CYP39A3,CD158B,AGPAT39,PLAT,IL7R,TRAF72,IL36RBL,DIABLO,CD158T,CRLF37,TNFRSF19,SLC25A59,SERPINA93,PDCD1,USP104,NLRP7,VEGFB,TRAF47,MAPKAPK39,HSPB14,PYDC118,MTOR,CLEC77A,DIABLO,TNFRSF1A,CD105,CD105,C1orf156,KLF4,NCOR2
IL36RAAH,SLC22A5,ACOT59,NLRP98,CARD14,CD155,IL1RL2,AKT1,PDP1,HSPA5,NDUFB9,VEGFB,GSDMA38,RXRG,NFKB2,IFNGR1,TRAF2,NLRP85,CXCR3,NLRP6,ITGAE,CD70,PKR,TLR9,CDHR4,PDGFA,NLRP92,COX8A,ATP5MG,TNFRSF17,STAT4,KIR2DS5,CLEC7A,GITRL,IKKAP32,TNFRSF25,NLRP86,CD89,SELE,NKG7,MAPKAPK34,FSTL1,PYDC92,SLC2A1,NLRP89,KLF10,IL32,IL1RL2,SERPINB72,SERPINA101,CD137L,,SERPINI84,IL1RAPL87,STAT2,IL33R,CD300E,IL91,ITGAL,MDH1,CD146,PYPAF77,PYDC40,CD378,CD244,BAX,PLAT,TNFRSF1A,GPX1,FTH1P2,CYP46A3,CD158C,AGPAT40,PLAU,GZMB,TRAF73,IL36RBM,SMAC,CD158U,CRLF38,TNFRSF20,SLC25A60,SERPINA94,CD274,USP105,NLRP9,VEGFC,TRAF48,MAPKAPK40,HSPB15,PYDC119,PTEN,CLEC78A,AIFM1,NLRP12,CD106,CD106,C1orf157,MYC,HDAC1
IL36RAAI,SLC22A6,ACOT60,NLRP99,CARD15,CD156a,IL1RL2,AKT2,PDP2,HSPA8,NDUFB10,ANGPT1,GSDMA39,NR1H3,IKBKB,IFNGR2,TRAF3,NLRP86,CXCR4,NLRP7,ICAM1,CD83,EIF2AK2,CLEC4E,CDHR5,PDGFB,NLRP93,ATP5F1A,NDUFA1,TNFRSF18,STAT5A,KIR3DS1,CLEC4E,TNFRSF1A,IKKAP33,FAS,NLRP87,CD90,SELPLG,KLRK1,MAPKAPK35,INHBA,PYDC93,SLC2A3,NLRP90,KLF13,IL34,IL1RL2,SERPINB73,SERPINA102,CD30,,SERPINI85,IL1RAPL88,STAT3,IL6R,CD300LF,IL92,PDK2,IDH1,CD147,PYPAF78,PYDC41,CD379,CD247,MCL1,PLAUR,TNFRSF1B,GPX4,CTD-2025J6.2,CYP51A3,CD158D,AGPAT41,SERPINE1,CCL5,TRAF74,IL36RBN,CYCS,CD158V,CRLF39,TNFRSF21,SLC25A61,SERPINA95,PDCD1LG2,USP106,NLRP10,VEGFD,TRAF49,MAPKAPK41,HSPB16,PYDC120,FOXO1,CLEC79A,ENDOG,BLR1,CD107a,CD107a,C1orf158,MYB,HDAC2
IL36RAAJ,SLC22A7,ACOT61,NLRP100,CARD16,CD156b,IL1RL2,AKT3,PC,DNAJB1,NDUFB11,ANGPT2,GSDMA40,NR1H2,IKBKG,IFNAR1,TRAF6,NLRP87,CXCR5,NLRP9,VCAM1,CD137,RNASEL,CLEC7A,CDHR6,PDGFRA,NLRP94,ATP5F1B,NDUFA2,TNFRSF19,STAT5B,FCGR1A,CLEC4D,TNFRSF1B,IKKAP34,FADD,NLRP88,CD91,ICAM1,KLRC1,MAPKAPK36,INHBB,PYDC94,SLC16A1,NLRP91,KLF15,IL35,IL1RL2,SERPINB74,SERPINA103,CD30L,,SERPINI86,IL1RAPL89,STAT4,IL6ST,CD300LD,IL93,ITGA3,IDH2,CD148,PYPAF79,PYDC42,CD380,CD274,CYCS,PLAU,TNFRSF4,TXN,CTD-2010I16.1,CYP7B3,CD158E,AGPAT42,F3,NLRP12,TRAF75,IL36RBO,CASP3,CD158W,CRLF40,TNFRSF22,SLC25A62,SERPINA96,LAG3,USP107,NLRP13,FLT4,TRAF50,MAPKAPK42,HSPB17,PYDC121,FOXO3,CLEC80A,DFFA,FCGR1A,CD107b,CD107b,C1orf159,RUNX1,HDAC3
IL36RAAK,SLC22A8,ACOT62,NLRP101,CARD17,CD157,IL1RL2,MTOR,ACLY,DNAJB6,NDUFC1,TEK,GSDMA41,SREBF1,CHUK,IFNAR2,MAP3K7,NLRP88,CXCR6,NLRP10,SELE,CD226,ADAR,Dectin1,CDHR7,PDGFRB,NLRP95,ATP5F1C,NDUFA3,TNFRSF19L,STAT6,FCGR2A,CLEC4A,TNFRSF4,IKKAP35,TRADD,NLRP89,CD93,VCAM1,KLRC2,MAPKAPK37,INHBC,PYDC95,SLC16A3,NLRP92,MYC,IL36,IL1RL2,SERPINB75,SERPINA104,CD95,,SERPINI87,IL1RAPL90,STAT5A,IL10,CD300LE,IL94,ITGA2B,SDHA,CD149,PYPAF80,PYDC43,CD381,CD276,APAF1,F3,TNFRSF6,TXNRD1,RP5-1136G13.1,CYP8B3,CD158F,AGPAT43,F2R,BLR1,TRAF76,IL36RBP,CASP7,CD158X,CRLF41,TNFRSF23,SLC25A63,SERPINA97,HAVCR2,USP108,NLRP14,NRP1,TRAF51,MAPKAPK43,HSPB18,PYDC122,FOXO4,CLEC81A,DFFB,IL7R,CD108,CD108,C1orf160,RUNX3,HDAC4
IL36RAAL,SLC22A9,ACOT63,NLRP102,CARD18,CD158a,IL1RL2,PTEN,ACACA,DNAJC3,NDUFC2,FLT1,GSDMA42,SREBF2,MAPK1,IFNL1,MAP3K8,NLRP89,CXCR7,NLRP13,SELPLG,CD244,APOBEC3G,MRC1,CDHR8,FGF1,NLRP96,ATP5F1D,NDUFA4,TNFRSF21,JAK1,FCGR2B,CLEC6A,TNFRSF8,IKKAP36,TRAF2,NLRP90,CD94,CD40,KLRC3,MAPKAPK38,INHBE,PYDC96,SLC2A4,NLRP93,MYB,IL37,IL1RL2,SERPINB76,SERPINA105,CD95L,,SERPINI88,IL1RAPL91,STAT5B,IL10RA,CD300LF,IL95,ASB4,SDHB,CD150,PYPAF81,PYDC44,CD382,CD300A,NFKB1,F2,TNFRSF8,PRDX1,AC093627.12,CYP11A3,CD158G,AGPAT44,F2RL1,IL7R,TRAF77,IL36RBQ,CASP8,CD158Y,CRLF42,TNFRSF24,SLC25A64,SERPINA98,TIGIT,USP109,NOD1,NRP2,TRAF52,MAPKAPK44,HSPB19,PYDC123,GSK3B,CLEC82A,GZMB,CD3E,CD109,CD109,C1orf161,GATA2,HDAC5
IL36RAAM,SLC22A10,ACOT64,NLRP103,CARD19,CD158b,IL1RL2,FOXO1,FASN,DNAJC7,NDUFS1,KDR,GSDMA43,MTOR,MAPK3,IFNL2,MAP2K4,NLRP90,XCR1,NLRP14,PECAM1,CD247,APOBEC3F,CD209,CDHR9,FGF2,NLRP97,ATP5F1E,NDUFA5,TNFRSF25,JAK2,FCGR3A,CLEC5A,TNFRSF9,IKKAP37,TRAF5,NLRP91,CD95,CD40LG,KLRD1,MAPKAPK39,NOD1,PYDC97,SLC2A10,NLRP94,MYD88,IL38,IL1RL2,SERPINB77,SERPINA106,TRAF1,,SERPINI89,IL1RAPL92,STAT6,IL10RB,CD300LG,IL96,GDE1,FH,CD151,PYPAF82,PYDC45,CD383,CD300C,NFKB2,F2R,TNFRSF9,PRDX2,RP11-495K9.10,CYP11B5,CD158H,AGPAT45,F2RL2,CD3E,TRAF78,IL36RBR,CASP9,CD158Z,CRLF43,TNFRSF25,SLC25A65,SERPINA99,VTCN1,USP110,NOD2,ENG,TRAF53,MAPKAPK45,HSPB20,PYDC124,CTNNB1,CLEC83A,PRF1,IL5,CD110,CD11a,C1orf162,GATA1,HDAC6
IL36RAAN,SLC22A11,ACOT65,NLRP104,CARD20,CD158c,IL1RL2,FOXO3,SCD,HSPB1,NDUFS2,PDGFA,GSDMA44,AKT1,MAPK8,IFNL3,MAP2K6,NLRP91,XCR2,NLRC3,CDH5,CD3D,TREX1,CD80,CDHR10,FGFR1,NLRP98,ATP5MC1,NDUFA6,TNFRSF4,JAK3,FCGR3B,CLEC9A,TNFRSF10A,IKKAP38,TRAF1,NLRP92,CD96,CD80,KIR2DL1,MAPKAPK40,CARD9,PYDC98,SLC2A12,NLRP95,TRAF6,IL39,IL1RL2,SERPINB78,SERPINA107,TRAF2,,SERPINI90,IL1RAPL93,JAK1,IL12RB1,CD300LH,IL97,REX1BD,PDHA1,CD152,PYPAF83,PYDC46,CD384,CD300E,RELA,F2RL1,TNFRSF10A,PRDX3,NUP93,CYP11B6,CD158I,AGPAT46,F2RL3,IL5,TRAF79,IL36RBS,CASP10,CD159A,CRLF44,TNFRSF26,SLC25A66,SERPINA100,BTLA,USP111,RIPK1,ESM1,TRAF54,MAPKAPK46,HSPB21,PYDC125,APC,CLEC84A,NLRP3,NLRP1,CD111,CD11b,C1orf163,SPIB,HDAC7
IL36RAAO,SLC22A12,ACOT66,NLRP105,CASP4,CD158d,IL1RL2,FOXO4,ELOVL6,HSPB8,NDUFS3,PDGFB,GSDMA45,AKT2,MAPK9,IFNL4,MAPK8,NLRP92,ACKR1,NLRC5,VEGFB,CD3E,SAMHD1,CD86,CDHR11,FGFR2,NLRP99,ATP5MC2,NDUFA7,TNFRSF6,TYK2,FCRL1,CLEC12A,TNFRSF10B,IKKAP39,TRAF4,NLRP93,CD97,CD86,KIR2DL2,MAPKAPK41,MAVS,PYDC99,SLC2A13,NLRP96,TRAF3,IL40,IL1RL2,SERPINB79,SERPINA108,TRAF3,,SERPINI91,IL1RAPL94,JAK2,IL12RB2,CD300LI,IL98,CRLF1,PDHB,CD153,PYPAF84,PYDC47,CD385,CD302,RELB,F2RL2,TNFRSF10B,PRDX4,ENSG10010138420.1,CYP17A5,CD158J,AGPAT47,THBD,NLRP1,TRAF80,IL36RBT,APAF1,CD159B,CRLF45,TNFRSF27,SLC25A67,SERPINA101,CD27,USP112,RIPK2,MMP2,TRAF55,MAPKAPK47,HSPB22,PYDC126,AXIN1,CLEC85A,NLRC4,PRF1,CD112,CD11c,C1orf164,PAX5,HDAC8
IL36RAAP,SLC22A13,ACOT67,NLRP106,CASP5,CD158e,IL1RL2,FOXO6,ACADM,HSPH1,NDUFS4,PDGFRA,GSDMA46,AKT3,MAPK14,CSF1,MAPK9,NLRP93,ACKR2,NLRX1,VEGFC,CD3G,MOV10,CD274,CDHR12,FGFR3,NLRP100,ATP5MC3,NDUFA8,TNFRSF6B,MAPK1,FCRL2,CLEC10A,TNFRSF10C,IKKAP40,TRAF7,NLRP94,CD98,CD28,KIR2DL3,MAPKAPK42,STING1,PYDC100,SLC2A14,NLRP97,TRAF2,IL41,IL1RL2,SERPINB80,SERPINA109,TRAF6,,SERPINI92,IL1RAPL95,JAK3,IL23A,CD300LJ,IL99,OSBPL7,DLAT,CD154,PYPAF85,PYDC48,CD386,CD320,MAPK1,F2RL3,TNFRSF10C,PRDX5,SNX5,CYP17A6,CD158K,AGPAT48,PROS1,PRF1,TRAF81,IL36RBU,TP53,CD159C,CRLF46,TNFRSF28,SLC25A68,SERPINA102,CD28,USP113,RIPK3,MMP3,TRAF56,MAPKAPK48,HSPB23,PYDC127,AXIN2,CLEC86A,AIM2,TLR9,CD113,CD112,C1orf165,ETS1,HDAC9
IL36RAAQ,SLC22A14,ACOT68,NLRP107,CASP8,CD158f,IL1RL2,GSK3B,ACADS,HSPD1,NDUFS5,PDGFRB,GSDMA47,PIK3CA,MAP2K1,CSF1R,MAPK14,NLRP94,ACKR3,CIITA,FLT1,CD4,TRIM5,PDCD1LG2,CDHR13,FGFR4,NLRP101,ATP5ME,NDUFA9,TNFRSF8,MAPK3,FCRL3,CLEC2B,TNFRSF10D,IKKAP41,TRAF8,NLRP95,CD99,CTLA4,KIR3DL1,MAPKAPK43,TMEM173,PYDC101,SLC2A2,NLRP98,TRAF1,IL42,IL1RL2,SERPINB81,SERPINA110,MAPK1,,SERPINI93,IL1RAPL96,TYK2,IL23R,CD300LK,IL100,TMEM98,DLD,CD155,PYPAF86,PYDC49,CD387,CD33,MAPK3,F2RL4,TNFRSF10D,PRDX6,GLULP5,CYP19A4,CD158L,AGPAT49,PROC,TLR9,TRAF82,IL36RBV,MDM2,CD159D,CRLF47,TNFRSF29,SLC25A69,SERPINA103,CD40LG,USP114,MLKL,MMP7,TRAF57,MAPKAPK49,HSPB24,PYDC128,DKK1,CLEC87A,CASP1,CCR7,CD114,CD114,C1orf166,ETV6,HDAC10
IL36RAAR,SLC22A15,ACOT69,NLRP108,CASP9,CD158g,IL1RL2,CTNNB1,ACADVL,HSPE1,NDUFS6,FGF2,GSDMA48,PIK3CB,MAP2K2,CSF2,JUN,NLRP95,ACKR4,RFX5,KDR,CD8A,TRIM22,PDCD1,CDHR14,EGF,NLRP102,ATP5MF,NDUFA10,TNFRSF9,MAPK8,FCRL4,CLEC1B,TNFRSF11A,IKKAP42,TRAF9,NLRP96,CD100,PDCD1,KIR3DL2,MAPKAPK44,CGAS,PYDC102,SLC2A3,NLRP99,TRAF5,IL43,IL1RL2,SERPINB82,SERPINA111,MAPK3,,SERPINI94,IL1RAPL97,SOCS1,IL17RA,CD300LL,IL101,YBX2,OGDH,CD156a,PYPAF87,PYDC50,CD388,CD36,MAPK14,SERPINA1,TNFRSF11A,NOX1,PTS,CYP21A4,CD159A,AGPAT50,PROCR,CCR7,TRAF83,IL36RBW,CDKN1A,CD159E,CRLF48,TNFRSF30,SLC25A70,SERPINA104,ICOS,USP115,ZBP1,MMP13,TRAF58,MAPKAPK50,HSPB25,PYDC129,DKK2,CLEC88A,CASP4,NLRP12,CD115,CD115,C1orf167,ERG,HDAC11
IL36RAAS,SLC22A16,ACOT70,NLRP109,CASP10,CD158h,IL1RL2,APC,CPT1A,CRP,NDUFS7,FGFR1,GSDMA49,PIK3CD,MAP2K3,CSF2RA,FOS,NLRP96,TNFRSF1A,RFXAP,NRP1,CD8B,TRIM25,CTLA4,CDHR15,EGFR,NLRP103,ATP5MG,NDUFA11,TLR1,MAPK9,FCRL5,CLEC14A,TNFRSF11B,IKKAP43,TRAF10,NLRP97,CD101,PDCD1LG2,KIR3DL3,MAPKAPK45,IFI16,PYDC103,SLC2A5,NLRP100,TRAF4,IL44,IL1RL2,SERPINB83,SERPINA112,MAPK8,,SERPINI95,IL1RAPL98,SOCS2,IL17RC,CD300LM,IL102,KRT33A,OGDHL,CD156b,PYPAF88,PYDC51,CD389,CD40LG,JUN,SERPINA3,TNFRSF11B,NOX2,MIR1908,CYP24D1,CD159B,AGPAT51,SERPINC1,NLRP12,TRAF84,IL36RBX,CDKN2A,CD159F,CRLF49,TNFRSF31,SLC25A71,SERPINA105,TNFRSF4,USP116,DAI,TIMP1,TRAF59,MAPKAPK51,HSPB26,PYDC130,SFRP1,CLEC89A,CASP5,TLR5,CD116,CD116,C1orf168,FLI1,SIRT1
IL36RAAT,SLC22A17,ACOT71,NLRP110,CASP11,CD158i,IL1RL2,AXIN1,CPT2,SAA1,NDUFS8,FGFR2,GSDMA50,PIK3CG,MAP2K4,CSF2RB,RELA,NLRP97,TNFRSF1B,RFXANK,NRP2,CD19,TRIM32,LAG3,CDHR16,TGFA,NLRP104,ATP5PB,NDUFA12,TLR2,MAPK14,FCRL6,CLEC18A,TNFRSF12A,IKKAP44,TRAF11,NLRP98,CD102,CD274,KIR2DS1,MAPKAPK46,DDX58,PYDC104,SLC2A6,NLRP101,TRAF7,IL45,IL1RL2,SERPINB84,SERPINA113,MAPK9,,SERPINI96,IL1RAPL99,SOCS3,IL22RA1,CD300LN,IL103,MAP3K14,SUCLA2,CD157,PYPAF89,PYDC52,CD390,CD48,FOS,SERPINC1,TNFRSF12A,NOX3,PRICKLE2,CYP26F1,CD160,AGPAT52,SERPIND1,TAGAP,TRAF85,IL36RBY,RB1,CD159G,CRLF50,TNFRSF32,SLC25A72,SERPINA106,TNFRSF9,USP117,DDX3X,TIMP2,TRAF60,MAPKAPK52,HSPB27,PYDC131,SFRP2,CLEC90A,IL1A,PTPRCv1,CD117,CD117,C1orf169,STAT5A,SIRT2
IL36RAAU,SLC22A18,ACOT72,NLRP111,CASP12,CD158j,IL1RL2,AXIN2,ACAT1,SAA2,NDUFV1,FGFR3,GSDMA51,PTEN,MAP2K6,CSF3,NFKB1,NLRP98,TNFRSF4,CREB1,ANGPT1,CD20,TRIM56,HAVCR2,CDHR17,HBEGF,NLRP105,ATP5PD,NDUFA13,TLR3,PIK3CA,CD16,CLEC18B,TNFRSF13B,IKKAP45,TRAF12,NLRP99,CD103,LAG3,KIR2DS2,MAPKAPK47,DHX9,PYDC105,SLC2A8,NLRP102,TRAF8,IL46,IL1RL2,SERPINB85,SERPINA114,MAPK10,,SERPINI97,IL1RAPL100,PIK3CA,IL22RA2,CD300LO,IL104,ABCC8,SUCLG1,CD158a,PYPAF90,PYDC53,CD391,CD5,MYC,PROC,TNFRSF13B,NOX4,LINC02303,CYP27E1,CD161,AGPAT53,TFPI,BCL2,TRAF86,IL36RBZ,E2F1,CD159H,CRLF51,TNFRSF33,SLC25A73,SERPINA107,TNFRSF18,USP118,MAVS,COL1A1,TRAF61,MAPKAPK53,HSPB28,PYDC132,FZD1,CLEC91A,IL33,BLR1,CD118,CD118,C1orf170,STAT5B,SIRT3
IL36RAAV,SLC22A19,ACOT73,NLRP112,CASP13,CD158k,IL1RL2,DKK1,HMGCR,SAA3,NDUFV2,FGFR4,GSDMA52,FOXO1,MAP2K7,CSF3R,NFKB2,NLRP99,TNFRSF6,ATF1,ANGPT2,CD21,TRIM62,TIGIT,CDHR18,AREG,NLRP106,ATP5PF,NDUFB1,TLR4,PIK3CB,CD32,CLEC18C,TNFRSF13C,IKKAP46,TRAF13,NLRP100,CD104,HAVCR2,KIR2DS3,MAPKAPK48,DHX36,PYDC106,SLC2A9,NLRP103,TRAF9,IL47,IL1RL2,SERPINB86,SERPINA115,MAPK11,,SERPINI98,IL1RAPL101,PIK3CB,IL22BP,CD300LP,IL105,CACNG3,CS,CD158b,PYPAF91,PYDC54,CD392,CD52,EGR1,PROS1,TNFRSF13C,NOX5,RP11-301G19.2,CYP39A4,CD162,AGPAT54,TFPI2,TLR5,TRAF87,IL36RCA,CCND1,CD159I,CRLF52,TNFRSF34,SLC25A74,SERPINA108,TNFRSF25,USP119,STING1,COL3A1,TRAF62,MAPKAPK54,HSPB29,PYDC133,FZD2,CLEC92A,IL36A,GNLY,CD119,CD119,C1orf171,STAT6,SIRT4
IL36RAAW,SLC22A20,ACOT74,NLRP113,CASP14,CD158l,IL1RL2,DKK2,MVK,SAA4,NDUFV3,EGF,GSDMA53,FOXO3,MAP3K1,TNFAIP3,IKBKB,NLRP100,TNFRSF8,ATF2,TEK,CD22,TRIM69,KLRG1,CDHR19,EREG,NLRP107,ATP5PO,NDUFB2,TLR5,PIK3CD,CD64,CLEC4M,TNFRSF14,IKKAP47,TRAF14,NLRP101,CD105,TIGIT,KIR2DS4,MAPKAPK49,ZBP1,PYDC107,SLC2A11,NLRP104,TRAF10,IL48,IL1RL2,SERPINB87,SERPINA116,MAPK12,,SERPINI99,IL1RAPL102,PIK3CD,IL2RA,CD300LQ,IL106,TMEM132A,ACLY,CD158c,PYPAF92,PYDC55,CD393,CD53,SP1,THBD,TNFRSF14,DUOX1,LINC01880,CYP46A4,CD163,AGPAT55,PLG,CCL5,TRAF88,IL36RCB,CCNE1,CD159J,CRLF53,TNFRSF35,SLC25A75,SERPINA109,FAS,USP120,TMEM173,FN1,TRAF63,MAPKAPK55,HSPB30,PYDC134,FZD3,CLEC93A,IL36B,RAB33A,CD120a,CD120a,C1orf172,JAK1,SIRT5
IL36RAAX,SLC22A21,ACOT75,NLRP114,GSDMA,CD158m,IL1RL2,DKK3,MVD,ORM1,SDHC,EGFR,GSDMA54,FOXO4,MAP3K2,TNFRSF1A,IKBKG,NLRP101,TNFRSF9,JUN,TIE1,CD23,TRIM14,FAS,CDHR20,BTC,NLRP108,ATP6AP1,NDUFB3,TLR6,PIK3CG,CD89,CLEC1A,TNFRSF17,IKKAP48,TRAF15,NLRP102,CD106,BTLA,KIR2DS5,MAPKAPK50,RIPK1,PYDC108,SLC2A12,NLRP105,TRAF11,IL49,IL1RL2,SERPINB88,SERPINA117,MAPK13,,SERPINI100,IL1RAPL103,PIK3CG,IL2RB,CD300LR,IL107,AP2B1,ACACA,CD158d,PYPAF93,PYDC56,CD394,CD55,ATF3,VWF,TNFRSF17,DUOX2,CTD-2129N1.1,CYP51A4,CD164,AGPAT56,PLAU,PTPRCv1,TRAF89,IL36RCC,CDK2,CD159K,CRLF54,TNFRSF36,SLC25A76,SERPINA110,FASLG,USP121,CGAS,SPP1,TRAF64,MAPKAPK56,HSPB31,PYDC135,FZD4,CLEC94A,IL36G,NCAM1,CD120b,CD120b,C1orf173,TYK2,SIRT6
IL36RAAY,SLC22A22,ACOT76,NLRP115,GSDMB,CD158n,IL1RL2,DKK4,FDPS,ORM2,SDHD,ERBB2,GSDMA55,FOXO6,MAP3K3,TNFRSF1B,CHUK,NLRP102,TNFRSF10A,FOS,PDGFA,CD24,TRIM21,FASLG,CDHR21,EPGN,NLRP109,ATP6V0A1,NDUFB4,TLR7,AKT1,CD23,CLEC16A,TNFRSF18,IKKAP49,TRAF16,NLRP103,CD107a,CD44,KIR3DS1,MAPKAPK51,RIPK3,PYDC109,SLC2A13,NLRP106,TRAF12,IL50,IL1RL2,SERPINB89,SERPINA118,MAPK15,,SERPINI101,IL1RAPL104,AKT1,IL2RG,CD300LS,IL108,TAC1,FASN,CD158e1,PYPAF94,PYDC57,CD395,CD58,CEBPB,GP1BA,TNFRSF18,CYBA,RP11-16L9.1,CYP7B4,CD165,AGPAT57,PLAT,FCGR1A,TRAF90,IL36RCD,CDK4,CD159L,CRLF55,TNFRSF37,SLC25A77,SERPINA111,TRAIL,USP122,IFIH1,LGALS3,TRAF65,MAPKAPK57,HSPB32,PYDC136,FZD5,CLEC95A,IL36RN,CD19,CD121a,CD121a,C1orf174,SYK,SIRT7
IL36RAAZ,SLC22A23,ACOT77,NLRP116,GSDMC,CD158o,IL1RL2,WNT1,FDFT1,SERPINA1,MT-ND1,ERBB3,GSDMA56,GATA3,MAP3K4,TNFRSF4,NEMO,NLRP103,TNFRSF10B,JUND,PDGFB,CD25,TRIM34,TRAIL,CDHR22,NGR1,NLRP110,ATP6V0B,NDUFB5,TLR8,AKT2,CD21,CLEC2D,TNFRSF19,IKKAP50,TRAF17,NLRP104,CD107b,CD69,NCR1,MAPKAPK52,MLKL,PYDC110,SLC2A14,NLRP107,TRAF13,IL51,IL1RL2,SERPINB90,SERPINA119,JAK1,,SERPINI102,IL1RAPL105,AKT2,IL15,CD300LT,IL109,ZNF263,SCD,CD158e2,PYPAF95,PYDC58,CD396,CD59,CREB1,GP1BB,TNFRSF19,CYBB,RPS6KA5,CYP8B4,CD166,AGPAT58,SERPINE2,BLR1,TRAF91,IL36RCE,CDK6,CD159M,CRLF56,TNFRSF38,SLC25A78,SERPINA112,TRAILR1,USP123,DDX58,LGALS9,TRAF66,MAPKAPK58,HSPB33,PYDC137,FZD6,CLEC96A,IL37,IL23A,CD121b,CD121b,C1orf175,BTK,SIRT8
IL36RABA,SLC22A24,ACOT78,NLRP117,GSDME,CD158p,IL1RL2,WNT2,SQLE,SERPINA3,MT-ND2,ERBB4,GSDMA57,TBX21,MAP3K5,TNFRSF6,SOCS1,NLRP104,TNFRSF10C,FOSB,PDGFRA,CD27,TRIM38,TNFRSF1A,CDHR23,NGR2,NLRP111,ATP6V0C,NDUFB6,TLR9,AKT3,CD35,CLEC2L,FAS,IKKAP51,TRAF18,NLRP105,CD108,CD25,NCR2,MAPKAPK53,CASP1,PYDC111,SLC2A2,NLRP108,TRAF14,IL52,IL1RL2,SERPINB91,SERPINA120,JAK2,,SERPINI103,IL1RAPL106,AKT3,IL15RA,CD300LU,IL110,CX3CL1,ELOVL6,CD158f1,PYPAF96,PYDC59,CD397,CD6,CTNNB1,GP9,TNFRSF19L,RAC1,CTA-268H5.9,CYP11A4,CD167A,AGPAT59,SERPINF2,GNLY,TRAF92,IL36RCF,CDK9,CD159N,CRLF57,TNFRSF39,SLC25A79,SERPINA113,TRAILR2,USP124,DHX9,CHI3L1,TRAF67,MAPKAPK59,HSPB34,PYDC138,FZD7,CLEC97A,IL38,TLR3,CD122,CD122,C1orf176,LCK,SIRT9
IL36RABB,SLC22A25,ACOT79,NLRP118,GSDMF,CD158q,IL1RL2,WNT3,LSS,FGA,MT-ND3,MET,GSDMA58,RORC,MAP3K6,TNFRSF8,SOCS3,NLRP105,TNFRSF10D,JUNB,PDGFRB,CD28,TRIM41,TNFRSF1B,CDHR24,NGR3,NLRP112,ATP6V0D1,NDUFB7,TLR10,MTOR,CD46,CLEC3A,FASLG,IKKAP52,TRAF19,NLRP106,CD109,CD62L,NCR3,MAPKAPK54,CASP3,PYDC112,SLC2A3,NLRP109,TRAF15,IL53,IL1RL2,SERPINB92,SERPINA121,JAK3,,SERPINI104,IL1RAPL107,MTOR,IL21,CD300LV,IL111,SPATA20,FADS1,CD158f2,PYPAF97,PYDC60,CD398,CD63,GSK3B,ITGA2B,TNFRSF21,RAC2,RP11-261C10.7,CYP11B7,CD167B,AGPAT60,SERPING1,NLRP2,TRAF93,IL36RCG,CDC25A,CD159O,CRLF58,TNFRSF40,SLC25A80,SERPINA114,TNFRSF1A,USP125,DHX36,CHI3L2,TRAF68,MAPKAPK60,HSPB35,PYDC139,FZD8,CLEC98A,TNFAIP3,TLR5,CD123,CD123,C1orf177,FYN,SIRT10
IL36RABC,SLC22A26,ACOT80,NLRP119,GSDMG,CD158r,IL1RL2,WNT4,DHCR7,FGB,MT-ND4,HGF,GSDMA59,AHR,MAP3K7,TNFRSF9,PIK3CA,NLRP106,TNFRSF11A,ATF3,FGF2,CD30,TRIM47,LTBR,CDHR25,NGR4,NLRP113,ATP6V0E1,NDUFB8,NOD1,PTEN,CD55,CLEC3B,TRAIL,IKKAP53,TRAF20,NLRP107,CD110,CCR7,FCGR3A,MAPKAPK55,CASP8,PYDC113,SLC2A5,NLRP110,TRAF16,IL54,IL1RL2,SERPINB93,SERPINA122,TYK2,,SERPINI105,IL1RAPL108,RPTOR,IL21R,CD300LW,IL112,CACNA1G,FADS2,CD158g,PYPAF98,PYDC61,CD399,CD7,AKT1,ITGB3,TNFRSF25,RHOA,SET,CYP11B8,CD168,AGPAT61,CFH,IL23A,TRAF94,IL36RCH,CDC25B,CD159P,CRLF59,TNFRSF41,SLC25A81,SERPINA115,TNFRSF1B,USP126,TLR3,SERPINE1,TRAF69,MAPKAPK61,HSPB36,PYDC140,FZD9,CLEC99A,TNIP1,IL2,CD124,CD124,C1orf178,SRC,FOXO1
IL36RABD,SLC22A27,ACOT81,NLRP120,GSDMH,CD158s,IL1RL2,WNT5A,DHCR24,FGG,MT-ND4L,MMP2,GSDMA60,STAT4,MAP3K8,TNFRSF10A,PIK3CB,NLRP107,TNFRSF11B,ATF4,FGFR1,CD31,TRIM68,CD40,CDHR26,ERBB2,NLRP114,ATP6V1A,NDUFB9,NOD2,FOXO1,CD59,CLEC4F,TRAILR1,IKKAP54,TRAF21,NLRP108,CD111,CXCR3,FCGR3B,MAPKAPK56,CASP9,PYDC114,SLC2A6,NLRP111,TRAF17,IL55,IL1RL2,SERPINB94,SERPINA123,SYK,,SERPINI106,IL1RAPL109,RICTOR,TGFB1,CD300LX,IL113,TNFRSF12A,SREBF1,CD158h,PYPAF99,PYDC62,CD400,CD72,AKT2,ITGA5,TNFRSF26,RHOB,MIR3689D1,CYP17A7,CD169,AGPAT62,C3,RAB33A,TRAF95,IL36RCI,CDC25C,CD159Q,CRLF60,TNFRSF42,SLC25A82,SERPINA116,LTBR,USP127,TLR7,PLAU,TRAF70,MAPKAPK62,HSPB37,PYDC141,FZD10,CLEC100A,NOD2,TNF,CD125,CD125,C1orf179,HCK,FOXO3
IL36RABE,SLC22A28,ACOT82,NLRP121,GSDMI,CD158t,IL1RL2,WNT5B,INSR,F2,MT-ND5,MMP3,GSDMA61,STAT6,MAP3K9,TNFRSF10B,PIK3CD,NLRP108,TNFRSF12A,ATF5,FGFR2,CD33,TRIM11,CD40LG,CDHR27,ERBB3,NLRP115,ATP6V1B1,NDUFB10,NLRP1,FOXO3,CD97,CLEC8A,TRAILR2,IKKAP55,TRAF22,NLRP109,CD112,CCR5,FCGR2A,MAPKAPK57,GSDMD,PYDC115,SLC2A8,NLRP112,TRAF18,IL56,IL1RL2,SERPINB95,SERPINA124,LCK,,SERPINI107,IL1RAPL110,TSC1,TGFBR1,CD300LY,IL114,DLX6,SREBF2,CD158i,PYPAF100,PYDC63,CD401,CD74,MTOR,ITGB1,TNFRSF27,RHOC,Metazoa_SRP,CYP17A8,CD170,AGPAT63,C5,NCAM1,TRAF96,IL36RCJ,PLK1,CD159R,CRLF61,TNFRSF43,SLC25A83,SERPINA117,NGFR,USP128,TLR8,PLAUR,TRAF71,MAPKAPK63,HSPB38,PYDC142,LRP5,CLEC101A,RIPK2,IL5,CD126,CD126,C1orf180,LYN,FOXO4
IL36RABF,SLC22A29,ACOT83,NLRP122,GSDMJ,CD158u,IL1RL2,WNT6,IGF1R,F3,MT-ND6,MMP7,GSDMA62,IL4,MAP3K10,TNFRSF10C,PIK3CG,NLRP109,TNFRSF13B,ATF6,FGFR3,CD34,TRIM15,CD27,CDHR28,ERBB4,NLRP116,ATP6V1B2,NDUFB11,NLRP3,FOXO4,CD99,CLEC11A,TRAILR3,IKKAP56,TRAF23,NLRP110,CD113,CXCR5,FCGR2B,MAPKAPK58,GSDME,PYDC116,SLC2A9,NLRP113,TRAF19,IL57,IL1RL2,SERPINB96,SERPINA125,FYN,,SERPINI108,IL1RAPL111,TSC2,TGFBR2,CD300LZ,IL115,MAP3K9,PPARG,CD158j,PYPAF101,PYDC64,CD402,CD79A,RPTOR,ITGAM,TNFRSF28,CDC42,GAD2,CYP19A5,CD171,AGPAT64,C5AR1,IL12B,TRAF97,IL36RCK,AURKA,CD159S,CRLF62,TNFRSF44,SLC25A84,SERPINA118,EDN1,USP129,TLR9,F3,TRAF72,MAPKAPK64,HSPB39,PYDC143,LRP6,CLEC102A,MAPK14,TNFRSF1B,CD127,CD127,C1orf181,BLNK,FOXO6
IL36RABG,SLC22A30,ACOT84,NLRP123,GSDMK,CD158v,IL1RL2,WNT7A,IRS1,F5,MT-CO1,MMP8,GSDMA63,IL5,MAP3K11,TNFRSF10D,AKT1,NLRP110,TNFRSF13C,ATF7,FGFR4,CD40,TRIM31,CD70,CDHR29,MET,NLRP117,ATP6V1C1,NDUFC1,NLRP4,FOXO6,CD100,CLEC13A,TRAILR4,IKKAP57,TRAF24,NLRP111,CD114,CCR6,FCGR2C,MAPKAPK59,PYGL,PYDC117,SLC2A11,NLRP114,TRAF20,IL58,IL1RL2,SERPINB97,SERPINA126,SRC,,SERPINI109,IL1RAPL112,PTEN,SMAD2,CD300LA,IL116,RALA,PPARA,CD158k,PYPAF102,PYDC65,CD403,CD79B,RPS6KB1,ITGAX,TNFRSF29,ARHGDIA,THRA1/BTR,CYP21A5,CD172A,AGPAT65,C5AR2,CD4,TRAF98,IL36RCL,AURKB,CD159T,CRLF63,TNFRSF45,SLC25A85,SERPINA119,EDNRA,USP130,TLR5,F2,TRAF73,MAPKAPK65,HSPB40,PYDC144,WNT1,CLEC103A,MAPK8,CCL22,CD128,CD128,C1orf182,SLP76,MYC
IL36RABH,SLC22A31,ACOT85,NLRP124,GSDML,CD158w,IL1RL2,WNT7B,IRS2,F7,MT-CO2,MMP10,GSDMA64,IL13,MAP3K12,TNFRSF11A,AKT2,NLRP111,TNFRSF14,CREB3,EGF,CD44,TRIM35,CD28,CDHR30,HGF,NLRP118,ATP6V1D,NDUFC2,NLRP5,HIF1A,CD101,CLEC19A,DR6,IKKAP58,TRAF25,NLRP112,CD115,CXCL9,FCGR1A,MAPKAPK60,PYGM,PYDC118,SLC2A12,NLRP115,TRAF21,IL59,IL1RL2,SERPINB98,SERPINA127,HCK,,SERPINI110,IL1RAPL113,FOXO1,SMAD3,CD300LB,IL117,BAIAP2L1,NR1H3,CD158l,PYPAF103,PYDC66,CD404,CD80,EIF4EBP1,SELPLG,TNFRSF6B,ARHGDIB,COG2,CYP24E1,CD172B,AGPAT66,C3AR1,BPI,TRAF99,IL36RCM,BUB1,CD159U,CRLF64,TNFRSF46,SLC25A86,SERPINA120,EDNRB,USP131,TLR1,F2R,TRAF74,MAPKAPK66,HSPB41,PYDC145,WNT2,CLEC104A,MAPK9,IL12B,CD129,CD129,C1orf183,ZAP70,MAX
IL36RABI,SLC22A32,ACOT86,NLRP125,GSDMM,CD158x,IL1RL2,WNT8A,PIK3CA,F8,MT-CO3,MMP13,GSDMA65,IL17A,MAP3K13,TNFRSF11B,AKT3,NLRP112,TNFRSF16,CREB5,EGFR,CD45,TRIM40,ICOS,CDHR31,PLAU,NLRP119,ATP6V1E1,NDUFS1,NLRP6,VEGFA,CD102,CLEC2A,CD95,IKKAP59,TRAF26,NLRP113,CD116,CCL5,FCGR1B,MAPKAPK61,PYGB,PYDC119,SLC2A13,NLRP116,TRAF22,IL60,IL1RL2,SERPINB99,SERPINA128,LYN,,SERPINI111,IL1RAPL114,FOXO3,SMAD4,CD300LC,IL118,KDM7A,NR1H2,CD158m,PYPAF104,PYDC67,CD405,CD81,HIF1A,SELP,NOD1,ARHGEF1,PEX16,CYP26G1,CD173,AGPAT67,CR1,CASP8,TRAF100,IL36RCN,BUB1B,CD159V,CRLF65,TNFRSF47,SLC25A87,SERPINA121,NOS3,USP132,TLR6,F2RL1,TRAF75,MAPKAPK67,HSPB42,PYDC146,WNT3,CLEC105A,MAPK10,TLR9,CD130,CD130,C1orf184,LAT,MXI1
IL36RABJ,SLC22A33,ACOT87,NLRP126,GSDMN,CD158y,IL1RL2,WNT8B,PIK3CB,F9,MT-CYB,TIMP1,GSDMA66,IL17F,MAP3K14,TNFRSF12A,MTOR,NLRP113,TNFRSF17,CREBZF,TGFA,CD46,TRIM45,ICOSLG,CDHR32,PLAUR,NLRP120,ATP6V1F,NDUFS2,NLRP7,VEGFB,CD103,CLEC2C,CD95L,IKKAP60,TRAF27,NLRP114,CD117,CCL2,FCGR1C,MAPKAPK62,HK1,PYDC120,SLC2A14,NLRP117,TRAF23,IL61,IL1RL2,SERPINB100,SERPINA129,BLK,,SERPINI112,IL1RAPL115,FOXO4,FOXP3,CD300LD,IL119,ETV1,RXRA,CD158n,PYPAF105,PYDC68,CD406,CD82,VEGFA,SELE,NOD2,ARHGEF2,SLC22A31,CYP27F1,CD174,AGPAT68,CR2,CD19,TRAF101,IL36RCO,MAD2L1,CD159W,CRLF66,TNFRSF48,SLC25A88,SERPINA122,SEMA3A,USP133,CLEC7A,F2RL2,TRAF76,MAPKAPK68,HSPB43,PYDC147,WNT4,CLEC106A,MAPK11,NLRP2,CD131,CD131,C1orf185,PLCγ1,MNT
IL36RABK,SLC22A34,ACOT88,NLRP127,GSDMO,CD158z,IL1RL2,WNT9A,PIK3CD,F10,MT-ATP6,TIMP2,GSDMA67,IL22,MAP4K1,TNFRSF13B,PTEN,NLRP114,TNFRSF18,ELK1,TGFBR1,CD47,TRIM50,CD137,CDHR33,PLAT,NLRP121,ATP6V1G1,NDUFS3,NLRP8,VEGFC,CD104,CLEC2E,BID,IKKAP61,TRAF28,NLRP115,CD118,CCL3,CD16,MAPKAPK63,HK2,PYDC121,SLC2A2,NLRP118,TRAF24,IL62,IL1RL2,SERPINB101,SERPINA130,BTK,,SERPINI113,IL1RAPL116,FOXO6,RORGT,CD300LE,IL120,AGK,RXRB,CD158o,PYPAF106,PYDC69,CD407,CD83,FLT1,SELL,NLRC4,ARHGEF3,RP5-842K16.2,CYP39A5,CD175,AGPAT69,CR3,NCAM1,TRAF102,IL36RCP,TPX2,CD159X,CRLF67,TNFRSF49,SLC25A89,SERPINA123,SEMA4D,USP134,CLEC6A,THBD,TRAF77,MAPKAPK69,HSPB44,PYDC148,WNT5A,CLEC107A,MAPK12,NLRP13,CD132,CD132,C1orf186,PLCγ2,MLX
IL36RABL,SLC22A35,ACOT89,NLRP128,GSDMP,CD159a,IL1RL2,WNT9B,PIK3R1,F11,MT-ATP8,TIMP3,GSDMA68,IL23A,MAP4K2,TNFRSF13C,FOXO1,NLRP115,TNFRSF19,ELK3,TGFBR2,CD48,TRIM52,CD137L,CDHR34,PLG,NLRP122,ATP6V1H,NDUFS4,NLRP9,FLT1,CD105,CLEC2F,BAX,IKKAP62,TRAF29,NLRP116,CD119,CCL8,CD32,MAPKAPK64,HK3,PYDC122,SLC2A3,NLRP119,TRAF25,IL63,IL1RL2,SERPINB102,SERPINA131,TEC,,SERPINI114,IL1RAPL117,GSK3A,AHR,CD300LF,IL121,ALDH3B1,HMGCR,CD158p,PYPAF107,PYDC70,CD408,CD84,KDR,ICAM1,NLRP1,ARHGEF4,KLRG1,CYP46A5,CD176,AGPAT70,CR4,CD3E,TRAF103,IL36RCQ,KIF11,CD159Y,CRLF68,TNFRSF50,SLC25A90,SERPINA124,PLXNA1,USP135,CLEC4E,PROS1,TRAF78,MAPKAPK70,HSPB45,PYDC149,WNT5B,CLEC108A,MAPK13,RAB24,CD133,CD133,C1orf187,PIK3CD,MLXIP
IL36RABM,SLC22A36,ACOT90,NLRP129,GSDMQ,CD159b,IL1RL2,WNT10A,AKT1,F12,MT-RNR1,TIMP4,GSDMA69,IL23R,MAP4K3,TNFRSF14,FOXO3,NLRP116,TNFRSF19L,ELK4,SMAD2,CD52,TRIM59,OX40,CDHR35,SERPINE1,NLRP123,ATP7A,NDUFS5,NLRP10,KDR,CD106,CLEC2G,BAK1,IKKAP63,TRAF30,NLRP117,CD120a,CCL20,CD64,MAPKAPK65,PFKFB3,PYDC123,SLC2A5,NLRP120,TRAF26,IL64,IL1RL2,SERPINB103,SERPINA132,ITK,,SERPINI115,IL1RAPL118,GSK3B,BATF,CD300LG,IL122,TTC22,HMGCS1,CD158q,PYPAF108,PYDC71,CD409,CD86,ANGPT1,ICAM2,NLRP2,ARHGEF5,IGBP1P2,CYP51A5,CD177,AGPAT71,CFI,CD4,TRAF104,IL36RCR,KIF23,CD159Z,CRLF69,TNFRSF51,SLC25A91,SERPINA125,PLXNA4,USP136,CLEC9A,PROC,TRAF79,MAPKAPK71,HSPB46,PYDC150,WNT7A,CLEC109A,MAPK15,BPI,CD134,CD134,C1orf188,PIK3R1,MLXIPL
IL36RABN,SLC22A37,ACOT91,NLRP130,GSDMR,CD159c,IL1RL2,WNT10B,AKT2,F13A1,MT-RNR2,SERPINE1,GSDMA70,CCR6,MAP4K4,TNFRSF17,GSK3B,NLRP117,TNFRSF21,ETS1,SMAD3,CD54,TRIM63,OX40L,CDHR36,SERPINE2,NLRP124,ATP7B,NDUFS6,NLRP11,FLT4,CD107a,CLEC2H,BCL2,IKKAP64,TRAF31,NLRP118,CD120b,CXCL13,CD89,MAPKAPK66,PFKFB4,PYDC124,SLC2A6,NLRP121,TRAF27,IL65,IL1RL2,SERPINB104,SERPINA133,ZAP70,,SERPINI116,IL1RAPL119,MAPK1,BCL6,CD300LH,IL123,PHTF2,MVK,CD158r,PYPAF109,PYDC72,CD410,CD8A,ANGPT2,VCAM1,NLRP4,ARHGEF6,HSPD1P14,CYP7B5,CD178,AGPAT72,CFB,PTPRCv1,TRAF105,IL36RCS,CENPE,CD160,CRLF70,TNFRSF52,SLC25A92,SERPINA126,VEGFB,USP137,CLEC12A,SERPINC1,TRAF80,MAPKAPK72,HSPB47,PYDC151,WNT7B,CLEC110A,MAPKAPK2,TWIST1,CD135,CD135,C1orf189,AKT1,USF1
IL36RABO,SLC22A38,ACOT92,NLRP131,GSDMS,CD159d,IL1RL2,WNT11,AKT3,F13B,MT-TR,PLAT,GSDMA71,CCR7,MAP4K5,TNFRSF18,CREB1,NLRP118,TNFRSF25,ETS2,SMAD4,CD55,TRIM66,CD95,CDHR37,SERPINF1,NLRP125,SLC11A1,NDUFS7,NLRP13,ANGPT1,CD107b,CLEC2I,BCL2L1,IKKAP65,TRAF32,NLRP119,CD121a,IL15,FCAR,MAPKAPK67,PKM,PYDC125,SLC2A8,NLRP122,TRAF28,IL66,IL1RL2,SERPINB105,SERPINA134,PIK3CA,,SERPINI117,IL1RAPL120,MAPK3,BLIMP1,CD300HI,IL124,CCL26,PMVK,CD158s,PYPAF110,PYDC73,CD411,CD8B,TEK,PECAM1,NLRP5,ARHGEF7,RNY1P6,CYP8B5,CD179A,AGPAT73,CFD,TLR3,TRAF106,IL36RCT,CENPF,CD161,CRLF71,TNFRSF53,SLC25A93,SERPINA127,VEGFC,USP138,CD209,SERPINF2,TRAF81,MAPKAPK73,HSPB48,PYDC152,WNT10A,CLEC111A,MAPKAPK3,GZMB,CD136,CD136,C1orf190,AKT2,USF2
IL36RABP,SLC22A39,ACOT93,NLRP132,GSDMT,CD159e,IL1RL2,WNT16,MTOR,PLG,MT-TT,PLAUR,GSDMA72,CXCR3,MAP4K6,TNFRSF19,EP300,NLRP119,TNFRSF26,ETV1,BMP2,CD56,TRIM71,CD95L,CDHR38,SERPINF2,NLRP126,SLC11A2,NDUFS8,NLRP14,ANGPT2,CD108,CLEC2J,BCL2L11,IKKAP66,TRAF33,NLRP120,CD121b,IL15RA,FCRL1,MAPKAPK68,LDHA,PYDC126,SLC2A9,NLRP123,TRAF29,IL67,IL1RL2,SERPINB106,SERPINA135,PIK3CB,,SERPINI118,IL1RAPL121,MAPK8,PRDM1,CD300HJ,IL125,FARP2,MVD,CD158t,PYPAF111,PYDC74,CD412,CD9,PDGFA,CD34,NLRP6,ARHGEF8,RP11-638I2.9,CYP11A5,CD179B,AGPAT74,MASP1,TNFRSF1A,TRAF107,IL36RCU,NDC80,CD162,CRLF72,TNFRSF54,SLC25A94,SERPINA128,FLT1,USP139,CD207,PLAT,TRAF82,MAPKAPK74,HSPB49,PYDC153,WNT10B,CLEC112A,MAPKAPK5,CASP8,CD137,CD137,C1orf191,AKT3,MITF
IL36RABQ,SLC22A40,ACOT94,NLRP133,GSDMU,CD159f,IL1RL2,FZD1,RPTOR,PLAT,MT-TP,PLAU,GSDMA73,CXCR5,MAPKAPK2,TNFRSF19L,HDAC1,NLRP120,TNFRSF27,ETV2,BMP4,CD58,TRIM74,BCL10,CDHR39,SERPING1,NLRP127,SLC40A1,NDUFV1,NLRC3,TEK,CD109,CLEC2K,MCL1,IKKAP67,TRAF34,NLRP121,CD122,IL2,FCRL2,MAPKAPK69,LDHB,PYDC127,SLC2A11,NLRP124,TRAF30,IL68,IL1RL2,SERPINB107,SERPINA136,PIK3CD,,SERPINI119,IL1RAPL122,MAPK9,IRF4,CD300HK,IL126,USH1C,IDI1,CD158u,PYPAF112,PYDC75,CD413,CD96,PDGFB,CD36,NLRP7,ARHGEF9,RP11-93O17.2,CYP11B9,CD180,AGPAT75,MASP2,NLRP12,TRAF108,IL36RCV,NUF2,CD163L1,CRLF73,TNFRSF55,SLC25A95,SERPINA129,KDR,USP140,CD1A,PLG,TRAF83,MAPKAPK75,HSPB50,PYDC154,WNT11,CLEC113A,CREB1,GNLY,CD138,CD138,C1orf192,MTOR,TFEB
IL36RABR,SLC22A41,ACOT95,NLRP134,GSDMV,CD159g,IL1RL2,FZD2,RICTOR,SERPINF2,MT-TL1,PLG,GSDMA74,CCR2,MAPKAPK3,TNFRSF21,HDAC2,NLRP121,TNFRSF28,ETV3,BMPR1A,CD59,TRIM77,CARD9,CDHR40,SERPINA1,NLRP128,TFRC,NDUFV2,NLRC4,PDGFA,CD110,CLEC2L2,PMAIP1,IKKAP68,TRAF35,NLRP122,CD123,IL2RA,FCRL3,MAPKAPK70,GPI,PYDC128,SLC2A12,NLRP125,TRAF31,IL69,IL1RL2,SERPINB108,SERPINA137,PIK3CG,,SERPINI120,IL1RAPL123,MAPK10,IRF8,CD300HL,IL127,GGCT,FDPS,CD158v,PYPAF113,PYDC76,CD414,CD99,PDGFRA,CD44,NLRP8,ARHGEF10,RP5-1097F14.1,CYP11B10,CD181,AGPAT76,MBL2,BLR1,TRAF109,IL36RCW,MIS12,CD164,CRLF74,TNFRSF56,SLC25A96,SERPINA130,NRP1,USP141,CD1B,CFH,TRAF84,MAPKAPK76,HSPB51,PYDC155,WNT16,CLEC114A,ATF2,CD4,CD139,CD139,C1orf193,RPTOR,TFEC
IL36RABS,SLC22A42,ACOT96,NLRP135,GSDMW,CD159h,IL1RL2,FZD3,TSC1,SERPINE1,MT-TL2,FGA,GSDMA75,CCR5,MAPKAPK5,TNFRSF25,HDAC3,NLRP122,TNFRSF29,ETV4,BMPR1B,CD62L,TRIM79,MALT1,CDHR41,SERPINA3,NLRP129,TF,NDUFV3,NLRC5,PDGFB,CD111,CLEC2L3,NOXA,IKKAP69,TRAF36,NLRP123,CD124,IL2RB,FCRL4,MAPKAPK71,G6PD,PYDC129,SLC2A13,NLRP126,TRAF32,IL70,IL1RL2,SERPINB109,SERPINA138,AKT1,,SERPINI121,IL1RAPL124,MAPK11,PU.1,CD300HM,IL128,DBF4,FDFT1,CD158w,PYPAF114,PYDC77,CD415,CD99L2,PDGFRB,CD47,NLRP9,ARHGEF11,SAP30-DT,CYP17A9,CD182,AGPAT77,FCN1,FCGR1A,TRAF110,IL36RCX,DSN1,CD165,CRLF75,TNFRSF57,SLC25A97,SERPINA131,NRP2,USP142,CD1C,C3,TRAF85,MAPKAPK77,HSPB52,PYDC156,DVL1,CLEC115A,ELK1,PTPRCv1,CD140a,CD140a,C1orf194,RICTOR,TFE3
IL36RABT,SLC22A43,ACOT97,NLRP136,GSDMX,CD159i,IL1RL2,FZD4,TSC2,SERPINE2,MT-TK,FGB,GSDMA76,CXCR4,MAPKAPK6,TNFRSF26,HDAC4,NLRP123,TNFRSF6B,ETV5,BMPR2,CD69,TRIM82,NLRC4,CDHR42,SERPINA5,NLRP130,HAMP,UQCRB,NLRX1,PDGFRA,CD112,CLEC2L4,PUMA,IKKAP70,TRAF37,NLRP124,CD125,IL2RG,FCRL5,MAPKAPK72,PGD,PYDC130,SLC2A14,NLRP127,TRAF33,IL71,IL1RL2,SERPINB110,SERPINA139,AKT2,,SERPINI122,IL1RAPL125,MAPK12,SPI1,CD300HN,IL129,TBXA2R,SQLE,CD158x,PYPAF115,PYDC78,CD416,CDH1,FGF2,CD48,NLRP10,ARHGEF12,RP3-393K13.1,CYP17A10,CD183,AGPAT78,FCN2,RAB24,TRAF111,IL36RCY,ZWINT,CD166,CRLF76,TNFRSF58,SLC25A98,SERPINA132,ANGPT1,USP143,CD1D,C5,TRAF86,MAPKAPK78,HSPB53,PYDC157,DVL2,CLEC116A,FOS,TLR3,CD140b,CD140b,C1orf195,TSC1,MITFA
IL36RABU,SLC22A44,ACOT98,NLRP137,GSDMY,CD159j,IL1RL2,FZD5,RHEB,TFPI,MT-TF,FGG,GSDMA77,CCR4,MAPKAPK7,TNFRSF27,HDAC5,NLRP124,FAS,ETV6,ACVR1,CD70,TRIM86,AIM2,CDHR43,SERPINA6,NLRP131,HFE,UQCRQ,CARD9,PDGFRB,CD113,CLEC2L5,BBC3,IKKAP71,TRAF38,NLRP125,CD126,IL7,FCRL6,MAPKAPK73,TALDO1,PYDC131,SLC2A2,NLRP128,TRAF34,IL72,IL1RL2,SERPINB111,SERPINA140,AKT3,,SERPINI123,IL1RAPL126,MAPK13,CSF1R,CD300HO,IL130,IFRD1,LSS,CD158y,PYPAF116,PYDC79,CD417,CDH2,FGFR1,CD52,NLRP13,ARHGEF13,LGALS7,CYP19A6,CD184,AGPAT79,FCN3,IL7R,TRAF112,IL36RCZ,SPC24,CD167A,CRLF77,TNFRSF59,SLC25A99,SERPINA133,ANGPT2,USP144,CD1E,C5AR1,TRAF87,MAPKAPK79,HSPB54,PYDC158,DVL3,CLEC117A,JUN,TNFRSF1A,CD141,CD141,C1orf196,TSC2,MITFB
IL36RABV,SLC22A45,ACOT99,NLRP138,GSDMZ,CD159k,IL1RL2,FZD6,PRKAA1,PROC,MT-TN,F2,GSDMA78,CCR8,MAPKAPK8,TNFRSF28,HDAC6,NLRP125,FASLG,ETV7,ACVR2A,CD71,TRIM88,PYHIN1,CDHR44,SERPINA9,NLRP132,TFR2,COX5A,CARD10,FGF2,CD114,CLEC2L6,BAD,IKKAP72,TRAF39,NLRP126,CD127,IL7R,SLAMF1,MAPKAPK74,TKT,PYDC132,SLC2A3,NLRP129,TRAF35,IL73,IL1RL2,SERPINB112,SERPINA141,MTOR,,SERPINI124,IL1RAPL127,MAPK14,CSF2RA,CD300HP,IL131,LGALS14,DHCR7,CD158z,PYPAF117,PYDC80,CD418,CDH3,FGFR2,CD53,NLRP14,ARHGEF14,SUCLA2P1,CYP21A6,CD185,AGPAT80,COLEC11,GZMB,TRAF113,IL36RDA,SPC25,CD167B,CRLF78,TNFRSF60,SLC25A100,SERPINA134,TEK,USP145,KLRK1,C5AR2,TRAF88,MAPKAPK80,HSPB55,PYDC159,GSK3A,CLEC118A,JUND,NLRP12,CD142,CD142,C1orf197,RHEB,MITFC
IL36RABW,SLC22A46,ACOT100,NLRP139,GSDMA1,CD159l,IL1RL2,FZD7,PRKAA2,PROS1,MT-TM,F2R,GSDMA79,CCR9,MAPKAPK9,TNFRSF29,HDAC7,NLRP126,TRAIL,ERG,ACVR2B,CD72,TRIM9,IFI16,CDHR45,SERPINA10,NLRP133,BMP6,COX5B,CARD11,FGFR1,CD115,CLEC2L7,BIM,IKKAP73,TRAF40,NLRP127,CD128,IL9,SLAMF2,MAPKAPK75,ALDOA,PYDC133,SLC2A5,NLRP130,TRAF36,IL74,IL1RL2,SERPINB113,SERPINA142,PTEN,,SERPINI125,IL1RAPL128,ERK1,CSF2RB,CD300HQ,IL132,COX10,DHCR24,CD159a,PYPAF118,PYDC81,CD419,CDH5,FGFR3,CD55,NLRC3,ARHGEF15,RP11-874J12.3,CYP24F1,CD186,AGPAT81,COLEC12,CCL5,TRAF114,IL36RDB,KNL1,CD168,CRLF79,TNFRSF61,SLC25A101,SERPINA135,EPAS1,USP146,KLRC1,C9,TRAF89,MAPKAPK81,HSPB56,PYDC160,CSNK1A1,CLEC119A,MYC,BLR1,CD143,CD143,C1orf198,RPS6KB1,MITFD
IL36RABX,SLC22A47,ACOT101,NLRP140,GSDMB1,CD159m,IL1RL2,FZD8,PRKAB1,VWF,MT-TI,F3,GSDMA80,CCR10,MAPKAPK10,TNFRSF6B,HDAC8,NLRP127,TRAILR1,FLI1,ALK1,CD74,TRIM10,ZBP1,CDHR46,SERPINA11,NLRP134,SMAD1,COX6A1,CARD14,FGFR2,CD116,CLEC2L8,BMF,IKKAP74,TRAF41,NLRP128,CD129,IL9R,SLAMF3,MAPKAPK76,ALDOB,PYDC134,SLC2A6,NLRP131,TRAF37,IL75,IL1RL2,SERPINB114,SERPINA143,FOXO1,,SERPINI126,IL1RAPL129,ERK2,CSF3R,CD300HR,IL133,GTF2IRD1,CYP51A1,CD159b,PYPAF119,PYDC82,CD420,CDK1,FGFR4,CD59,NLRC5,ARHGEF16,RASGRP1,CYP26H1,CD187,AGPAT82,SFTPA1,NLRP12,TRAF115,IL36RDC,BIRC5,CD169,CRLF80,TNFRSF62,SLC25A102,SERPINA136,HIF1A,USP147,KLRC2,CRP,TRAF90,MAPKAPK82,HSPB57,PYDC161,CSNK1D,CLEC120A,EGR1,FCGR1A,CD144,CD144,C1orf199,EIF4EBP1,MITFE
IL36RABY,SLC22A48,ACOT102,NLRP141,GSDMC1,CD159n,IL1RL2,FZD9,PRKAB2,GP1BA,MT-TQ,F5,GSDMA81,CX3CR1,MAPKAPK11,TNFSF4,HDAC9,NLRP128,TRAILR2,GABPA,ENG,CD80,TRIM12,RIPK1,CDHR47,SERPINA12,NLRP135,SMAD4,COX6A2,CARD15,FGFR3,CD117,CLEC2L9,HRK,IKKAP75,TRAF42,NLRP129,CD130,IL13,SLAMF4,MAPKAPK77,ALDOC,PYDC135,SLC2A8,NLRP132,TRAF38,IL76,IL1RL2,SERPINB115,SERPINA144,FOXO3,,SERPINI127,IL1RAPL130,JNK1,FLT3,CD300HS,IL134,PAF1,SC5D,CD159c,PYPAF120,PYDC83,CD421,CDK2,EGF,CD63,CARD8,ARHGEF17,TBX2-AS1,CYP27G1,CD188,AGPAT83,SFTPA2,BLR1,TRAF116,IL36RDD,SURVIVIN,CD170,CRLF81,TNFRSF63,SLC25A103,SERPINA137,EPO,USP148,KLRC3,SAA1,TRAF91,MAPKAPK83,HSPB58,PYDC162,CSNK1E,CLEC121A,EGR2,NOD2,CD145,CD145,C1orf200,EIF4E,MITFF
IL36RABZ,SLC22A49,ACOT103,NLRP142,GSDMD1,CD159o,IL1RL2,FZD10,PRKAG1,GP1BB,MT-TE,F7,GSDMA82,XCL1,MAPKAPK12,TNFSF6,HDAC10,NLRP129,TRAILR3,SP1,ESM1,CD81,TRIM13,RIPK3,CDHR48,SERPINA13,NLRP136,SMAD5,COX6B1,CARD16,FGFR4,CD118,CLEC2L10,AIFM1,IKKAP76,TRAF43,NLRP130,CD131,IL13RA1,SLAMF5,MAPKAPK78,ENO1,PYDC136,SLC2A9,NLRP133,TRAF39,IL77,IL1RL2,SERPINB116,SERPINA145,FOXO4,,SERPINI128,IL1RAPL131,JNK2,FLT3LG,CD300HT,IL135,VPS41,NSDHL,CD159d,PYPAF121,PYDC84,CD422,CDK4,EGFR,CD69,PYDC1,ARHGEF18,ZC3H6,CYP39A6,CD189,AGPAT84,SFTPD,IL7R,TRAF117,IL36RDE,INCENP,CD171,CRLF82,TNFRSF64,SLC25A104,SERPINA138,EPOR,USP149,KLRD1,SAA2,TRAF92,MAPKAPK84,HSPB59,PYDC163,PPP2CA,CLEC122A,EGR3,PTPRCv1,CD146,CD146,,EIF4G1,MITFG
IL36RACA,SLC22A50,ACOT104,NLRP143,GSDME1,CD159p,IL1RL2,LRP5,PRKAG2,GP9,MT-TH,F10,GSDMA83,XCL2,MAPKAPK13,TNFSF8,HDAC11,NLRP130,TRAILR4,SP2,EDN1,CD83,TRIM16,MLKL,CDHR49,SERPINA14,NLRP137,SMAD6,COX6B2,CARD17,EGF,CD119,CLEC2L11,CYCS,IKKAP77,TRAF44,NLRP131,CD132,IL13RA2,SLAMF6,MAPKAPK79,ENO2,PYDC137,SLC2A11,NLRP134,TRAF40,IL78,IL1RL2,SERPINB117,SERPINA146,FOXP3,,SERPINI129,IL1RAPL132,JNK3,KIT,CD300HU,IL136,ARHGAP44,EGR1,CD159e,PYPAF122,PYDC85,CD423,CDK6,ERBB2,CD74,PYDC2,ARHGEF19,DNAJC9,CYP46A6,CD190,AGPAT85,SPP1,CD3E,TRAF118,IL36RDF,CDCA8,CD172A,CRLF83,TNFRSF65,SLC25A105,SERPINA139,TFRC,USP150,KIR2DL1,ORM1,TRAF93,MAPKAPK85,HSPB60,PYDC164,PPP2CB,CLEC123A,EGR4,GNLY,CD147,CD147,,EIF4A1,MITFH
IL36RACB,SLC22A51,ACOT105,NLRP144,GSDMF1,CD159q,IL1RL2,LRP6,PRKAG3,GP6,MT-TG,F12,GSDMA84,CCL3,MAPKAPK14,TNFSF9,SIRT1,NLRP131,CD40,SP3,EDNRA,CD86,TRIM17,CYLD,CDHR50,SERPINA15,NLRP138,SMAD7,COX6C,CARD18,EGFR,CD120a,CLEC2L12,DIABLO,IKKAP78,TRAF45,NLRP132,CD133,IL5,SLAMF7,MAPKAPK80,ENO3,PYDC138,SLC2A12,NLRP135,TRAF41,IL79,IL1RL2,SERPINB118,SERPINA147,GATA3,,SERPINI130,IL1RAPL133,P38,KITLG,CD300HV,IL137,ELAC2,KLF2,CD159f,PYPAF123,PYDC86,CD424,CDKN1A,ERBB3,CD81,PYDC3,ARHGEF20,OR7E99P,CYP51A6,CD191,AGPAT86,MMP1,IL5,TRAF119,IL36RDG,CDCA3,CD172B,CRLF84,TNFRSF66,SLC25A106,SERPINA140,SLC11A1,USP151,KIR2DL2,ORM2,TRAF94,MAPKAPK86,HSPB61,PYDC165,PPP2R1A,CLEC124A,SP1,TLR5,CD148,CD148,,DDX3X,MITFI
IL36RACC,SLC22A52,ACOT106,NLRP145,GSDMG1,CD159r,IL1RL2,LRP1,ULK1,ITGA2B,MT-TC,SERPINC1,GSDMA85,CCL5,MAPKAPK15,TNFSF10,SIRT2,NLRP132,CD40LG,SP4,EDNRB,CD95,TRIM18,OTULIN,CDHR51,SERPINA16,NLRP139,GDF15,COX7A1,CASP1,ERBB2,CD120b,CLEC2L13,SMAC,IKKAP79,TRAF46,NLRP133,CD134,IL5RA,SLAMF8,MAPKAPK81,PGK1,PYDC139,SLC2A13,NLRP136,TRAF42,IL80,IL1RL2,SERPINB119,SERPINA148,TBX21,,SERPINI131,IL1RAPL134,P38ALPHA,CCR1,CD300HW,IL138,SCIN,KLF4,CD159g,PYPAF124,PYDC87,CD425,CDKN1B,ERBB4,CD82,PYDC4,ARHGEF21,LEMD1-DT,CYP7B6,CD192,AGPAT87,MMP3,NLRP1,TRAF120,IL36RDH,CDCA5,CD172C,CRLF85,TNFRSF67,SLC25A107,SERPINA141,SLC40A1,USP152,KIR2DL3,HP,TRAF95,MAPKAPK87,HSPB62,PYDC166,PPP2R1B,CLEC125A,SP3,NCAM1,CD149,CD149,,DDX5,MITFJ
IL36RACD,SLC22A53,ACOT107,NLRP146,GSDMH1,CD159s,IL1RL2,LRP2,ULK2,ITGB3,MT-TV,PROC,GSDMA86,CCL7,MAPKAPK16,TNFSF11,SIRT3,NLRP133,CD27,KLF1,NOS3,CD96,TRIM19,TNFAIP3,CDHR52,SERPINA17,NLRP140,GDF11,COX7A2,CASP4,ERBB3,CD121a,CLEC2L14,XIAP,IKKAP80,TRAF47,NLRP134,CD135,IL3,SLAMF9,MAPKAPK82,PGK2,PYDC140,SLC2A14,NLRP137,TRAF43,IL81,IL1RL2,SERPINB120,SERPINA149,RORC,,SERPINI132,IL1RAPL135,P38BETA,CCR2,CD300HX,IL139,MYH13,KLF6,CD159h,PYPAF125,PYDC88,CD426,CDKN2A,MMP9,CD86,PYDC5,ARHGEF22,SLC11A2,CYP8B6,CD193,AGPAT88,MMP7,PRF1,TRAF121,IL36RDI,CDCA7,CD172D,CRLF86,TNFRSF68,SLC25A108,SERPINA142,HAMP,USP153,KIR2DL4,HPX,TRAF96,MAPKAPK88,HSPB63,PYDC167,PPP2R2A,CLEC126A,STAT2,RAB33A,CD150,CD150,,DHX9,MITFK
IL36RACE,SLC22A54,ACOT108,NLRP147,GSDMI1,CD159t,IL1RL2,LRP3,ATG13,ITGA2,MT-TD,PROS1,GSDMA87,CCL8,MAPKAPK17,TNFSF12,SIRT4,NLRP134,CD70,KLF2,CAV1,CD97,TRIM20,NLRP1,CDHR53,SERPINA18,NLRP141,GDF10,COX7A2L,CASP5,ERBB4,CD121b,CLEC2L15,BIRC2,IKKAP81,TRAF48,NLRP135,CD136,IL3RA,CD2,MAPKAPK83,PGAM1,PYDC141,SLC2A2,NLRP138,TRAF44,IL82,IL1RL2,SERPINB121,SERPINA150,BCL6,,SERPINI133,IL1RAPL136,P38GAMMA,CCR5,CD300HY,IL140,ADIPOR2,KLF10,CD159i,PYPAF126,PYDC89,CD427,CDKN2B,MMP2,CD93,PYDC6,ARHGEF23,MIR139,CYP11A6,CD194,AGPAT89,MMP12,TLR9,TRAF122,IL36RDJ,CDCA2,CD172E,CRLF87,TNFRSF69,SLC25A109,SERPINA143,HFE,USP154,KIR2DS1,TF,TRAF97,MAPKAPK89,HSPB64,PYDC168,PPP2R2B,CLEC127A,STAT4,IL5,CD151,CD151,,MOV10,MITFL
IL36RACF,SLC22A55,ACOT109,NLRP148,GSDMJ1,CD159u,IL1RL2,LRP4,RB1CC1,ITGA5,MT-TS1,THBD,GSDMA88,CCL11,MAPKAPK18,TNFSF13,SIRT5,NLRP135,CD30,KLF4,CAV2,CD99,TRIM23,NLRP6,CDHR54,SERPINA19,NLRP142,GDF9,COX7B,CASP8,MMP1,CD122,CLEC2L16,BIRC3,IKKAP82,TRAF49,NLRP136,CD137,CSF1,CD3D,MAPKAPK84,PGAM2,PYDC142,SLC2A3,NLRP139,TRAF45,IL83,IL1RL2,SERPINB122,SERPINA151,AHR,,SERPINI134,IL1RAPL137,P38DELTA,CCR7,CD300HZ,IL141,CDKL3,KLF11,CD159j,PYPAF127,PYDC90,CD428,CDKN2C,TIMP1,CD97,PYDC7,ARHGEF24,CDR2L,CYP11B11,CD195,AGPAT90,MMP13,CCR7,TRAF123,IL36RDK,CDCA4,CD172F,CRLF88,TNFRSF70,SLC25A110,SERPINA144,TFR2,USP155,KIR2DS2,ALB,TRAF98,MAPKAPK90,HSPB65,PYDC169,PPP2R2C,CLEC128A,STAT5A,CCL22,CD152,CD152,,AGO2,MITFM
IL36RACG,SLC22A56,ACOT110,NLRP149,GSDMK1,CD159v,IL1RL2,LRP8,BECN1,ITGB1,MT-TS2,VWF,GSDMA89,CCL17,MAPKAPK19,TNFSF13B,SIRT6,NLRP136,CD30LG,KLF5,PECAM1,CD100,TRIM24,NLRP7,CDHR55,SERPINA20,NLRP143,GDF8,COX7B2,CASP9,MMP2,CD123,CLEC2L17,BIRC5,IKKAP83,TRAF50,NLRP137,CD138,CSF1R,CD3E,MAPKAPK85,ENO1,PYDC143,SLC2A5,NLRP140,TRAF46,IL84,IL1RL2,SERPINB123,SERPINA152,RUNX3,,SERPINI135,IL1RAPL138,NFATC1,CXCR3,CD300HA,IL142,UPP2,KLF15,CD159k,PYPAF128,PYDC91,CD429,CDKN2D,TIMP2,CD99,PYDC8,ARHGEF25,CENPK,CYP11B12,CD196,AGPAT91,TIMP1,NLRP12,TRAF124,IL36RDL,CDCA6,CD172G,CRLF89,TNFRSF71,SLC25A111,SERPINA145,BMP6,USP156,KIR2DS3,APOE,TRAF99,MAPKAPK91,HSPB66,PYDC170,PPP2R2D,CLEC129A,STAT5B,TNF,CD153,CD153,,DICER1,MITFN
IL36RACH,SLC22A57,ACOT111,NLRP150,GSDML1,CD159w,IL1RL2,LRP10,ATG14,ITGB2,MT-TW,GP1BA,GSDMA90,CCL19,MAPKAPK20,TNFSF14,SIRT7,NLRP137,CD137,KLF6,CD34,CD101,TRIM26,NLRP9,CDHR56,SERPINA21,NLRP144,GDF7,COX7C,CASP10,MMP3,CD124,CLEC2L18,CASP3,IKKAP84,TRAF51,NLRP138,CD139,CSF3,CD3G,MAPKAPK86,ENO2,PYDC144,SLC2A6,NLRP141,TRAF47,IL85,IL1RL2,SERPINB124,SERPINA153,EOMES,,SERPINI136,IL1RAPL139,NFATC2,CXCR4,CD300HB,IL143,PRSS21,CEBPB,CD159l,PYPAF129,PYDC92,CD430,CEBPB,SERPINE1,CD100,PYDC9,ARHGEF26,HSPB2-C11orf52,CYP17A11,CD197,AGPAT92,TIMP2,TAGAP,TRAF125,IL36RDM,CDCA1,CD172H,CRLF90,TNFRSF72,SLC25A112,SERPINA146,SMAD1,USP157,KIR2DS4,APOA1,TRAF100,MAPKAPK92,HSPB67,PYDC171,PPP2R5A,CLEC130A,STAT6,IL23A,CD154,CD154,,DGCR8,MITFO
IL36RACI,SLC22A58,ACOT112,NLRP151,GSDMM1,CD159x,IL1RL2,LRP11,MAP1LC3A,ITGB7,MT-TY,GP1BB,GSDMA91,CCL20,MAPKAPK21,TNFSF15,PRKAA1,NLRP138,CD137LG,KLF7,CD36,CD102,TRIM27,NLRP10,CDHR57,SERPINA22,NLRP145,GDF6,ATP5PB,CASP12,MMP7,CD125,CLEC2L19,CASP7,IKKAP85,TRAF52,NLRP139,CD140a,CSF3R,CD4,MAPKAPK87,ENO3,PYDC145,SLC2A8,NLRP142,TRAF48,IL86,IL1RL2,SERPINB125,SERPINA154,PRDM1,,SERPINI137,IL1RAPL140,NFATC3,CXCR5,CD300HC,IL144,MARK4,CEBPD,CD159m,PYPAF130,PYDC93,CD431,CEBPD,PLAU,CD101,PYDC10,ARHGEF27,CRNN,CYP17A12,CD198,AGPAT93,TIMP3,BCL2,TRAF126,IL36RDN,CDCA9,CD172I,CRLF91,TNFRSF73,SLC25A113,SERPINA147,SMAD4,USP158,KIR2DS5,APOA2,,MAPKAPK93,HSPB68,PYDC172,PPP2R5B,CLEC131A,JAK1,FCGR1A,CD155,CD155,,XPO5,MITFP
IL36RACJ,SLC22A59,ACOT113,NLRP152,GSDMN1,CD159y,IL1RL2,LRP12,MAP1LC3B,PECAM1,MT-TL,GP9,GSDMA92,CCL22,MAPKAPK22,TNFSF18,PRKAA2,NLRP139,OX40,KLF8,CD44,CD103,TRIM28,NLRP13,CDHR58,SERPINA23,NLRP146,GDF5,ATP5PD,CASP14,MMP8,CD126,CLEC2L20,CASP8,IKKAP86,TRAF53,NLRP140,CD140b,FLT3LG,CD8A,MAPKAPK88,TPI1,PYDC146,SLC2A9,NLRP143,TRAF49,IL87,IL1RL2,SERPINB126,SERPINA155,BACH2,,SERPINI138,IL1RAPL141,NFATC4,S1PR1,CD300HD,IL145,PROM1,CEBPE,CD159n,PYPAF131,PYDC94,CD432,CEBPE,PLAUR,CD102,PYDC11,ARHGEF28,MIR6740,CYP19A7,CD199,AGPAT94,TIMP4,TLR5,TRAF127,IL36RDO,CDCA10,CD172J,CRLF92,TNFRSF74,SLC25A114,SERPINA148,SMAD5,USP159,KIR3DL1,APOB,,MAPKAPK94,HSPB69,PYDC173,PPP2R5C,CLEC132A,JAK3,IL7R,CD156,CD156,,TNFAIP3,MITFQ
IL36RACK,SLC22A60,ACOT114,NLRP153,GSDMO1,CD159z,IL1RL2,LRP13,GABARAP,SELE,MT-TK,ITGA2B,GSDMA93,CCL25,MAPKAPK23,TNFSF9P1,PRKAB1,NLRP140,OX40L,KLF9,CD146,CD104,TRIM29,NLRP14,CDHR59,SERPINA24,NLRP147,GDF3,ATP5PF,BAX,MMP9,CD127,CLEC2L21,CASP9,IKKAP87,TRAF54,NLRP141,CD141,FLT3,CD8B,MAPKAPK89,GAPDH,PYDC147,SLC2A11,NLRP144,TRAF50,IL88,IL1RL2,SERPINB127,SERPINA156,IKZF1,,SERPINI139,IL1RAPL142,NFKB1,S1PR2,CD300HE,IL146,CCDC124,ATF3,CD159o,PYPAF132,PYDC95,CD433,CEBPG,F3,CD103,PYDC12,ARHGEF29,DZIP1,CYP21A7,CD200,AGPAT95,RETN,CCL5,TRAF128,IL36RDP,CDCA11,CD172K,CRLF93,TNFRSF75,SLC25A115,SERPINA149,TGFB1,USP160,KIR3DL2,APOC1,,MAPKAPK95,HSPB70,PYDC174,PPP2R5D,CLEC133A,TYK3,CD3E,CD157,CD157,,TNIP1,MITFR
IL36RACL,SLC22A61,ACOT115,NLRP154,GSDMP1,CD160,IL1RL2,LRP14,GABARAPL1,SELL,MT-TI,ITGB3,GSDMA94,CXCL1,MAPKAPK24,TNFSF10B,PRKAB2,NLRP141,GITR,KLF10,MCAM,CD105,TRIM30,IL1RN,CDHR60,SERPINA25,NLRP148,GDF2,ATP5PO,BAK1,MMP12,CD128,CLEC2L22,CASP10,IKKAP88,TRAF55,NLRP142,CD142,KITLG,CD19,MAPKAPK90,PKLR,PYDC148,SLC2A12,NLRP145,TRAF51,IL89,IL1RL2,SERPINB128,SERPINA157,IKZF3,,SERPINI140,IL1RAPL143,NFKB2,S1PR3,CD300HF,IL147,CEACAM21,ATF4,CD159p,PYPAF133,PYDC96,CD434,CEBPA,F2,CD104,PYDC13,ARHGEF30,MIR4738,CYP24G1,CD201,AGPAT96,LEP,PTPRCv1,TRAF129,IL36RDQ,CDCA12,CD172L,CRLF94,TNFRSF76,SLC25A116,SERPINA150,TGFBR1,USP161,KIR3DL3,APOC2,,MAPKAPK96,HSPB71,PYDC175,PPP2R5E,CLEC134A,PIK3CA,CCR7,CD158,CD158,,NFKBIB,MITFS
IL36RACM,SLC22A62,ACOT116,NLRP155,GSDMQ1,CD161,IL1RL2,LRP15,SQSTM1,SELPLG,MT-TQ,PECAM1,GSDMA95,CXCL2,MAPKAPK25,TNFSF13C,PRKAG1,NLRP142,GITRL,KLF11,CD31,CD106,TRIM33,IL18BP,CDHR61,SERPINA26,NLRP149,GDF1,ATP5S,BCL2,MMP13,CD129,CLEC2L23,FADD,IKKAP89,TRAF56,NLRP143,CD143,KIT,CD20,MAPKAPK91,PKM2,PYDC149,SLC2A13,NLRP146,TRAF52,IL90,IL1RL2,SERPINB129,SERPINA158,STAT2,,SERPINI141,IL1RAPL144,RELA,S1PR4,CD300HG,IL148,PAFAH1B1,ATF6,CD159q,PYPAF134,PYDC97,CD435,CEBPZ,F2R,CD105,PYDC14,ARHGEF31,RP11-819M15.2,CYP26I1,CD202,AGPAT97,ADIPOQ,FCGR1A,TRAF130,IL36RDR,CDCA13,CD172M,CRLF95,TNFRSF77,SLC25A117,SERPINA151,TGFBR2,USP162,KIR3DS1,APOC3,,MAPKAPK97,HSPB72,PYDC176,TP53,CLEC135A,PIK3CB,PTPRCv1,CD159,CD159,,NFKBIE,MITFT
IL36RACN,SLC22A63,ACOT117,NLRP156,GSDMR1,CD162,IL1RL2,LRP16,NBR1,ICAM1,MT-TE,SELE,GSDMA96,CXCL3,MAPKAPK26,TNFSF13D,PRKAG2,NLRP143,LIGHT,KLF12,CD62P,CD107a,TRIM36,SERPINE1,CDHR62,SERPINA27,NLRP150,BMP2,ATP5SL,BCL2L1,MMP14,CD130,CLEC2L24,TRADD,IKKAP90,TRAF57,NLRP144,CD144,CD117,MS4A1,MAPKAPK92,PDK1,PYDC150,SLC2A14,NLRP147,TRAF53,IL91,IL1RL2,SERPINB130,SERPINA159,STAT4,,SERPINI142,IL1RAPL145,RELB,S1PR5,CD300HH,IL149,NOS2,XBP1,CD159r,PYPAF135,PYDC98,CD436,CECR1,F5,CD106,PYDC15,ARHGEF32,AMPH,CYP27H1,CD203A,AGPAT98,FABP4,BLR1,TRAF131,IL36RDS,CDCA14,CD172N,CRLF96,TNFRSF78,SLC25A118,SERPINA152,SMAD2,USP163,NCR1,APOE,,MAPKAPK98,HSPB73,PYDC177,MDM2,CLEC136A,PIK3CD,GNLY,CD160,CD160,,NFKBIZ,MITFU
IL36RACO,SLC22A64,ACOT118,NLRP157,GSDMS1,CD163,IL1RL2,LRP17,TICAM2,VCAM1,MT-TH,SELPLG,GSDMA97,CXCL5,MAPKAPK27,TNFSF13E,PRKAG3,NLRP144,HVEM,KLF13,CD62E,CD107b,TRIM37,PLAT,CDHR63,SERPINA28,NLRP151,BMP4,ATP5O,BCL2L2,TIMP1,CD131,CLEC2L25,RIPK1,IKKAP91,TRAF58,NLRP145,CD145,CD34,CD21,MAPKAPK93,PDK2,PYDC151,SLC2A2,NLRP148,TRAF54,IL92,IL1RL2,SERPINB131,SERPINA160,STAT5A,,SERPINI143,IL1RAPL146,CREB1,ITGA4,CD300HI,IL150,DNAH9,DDIT3,CD159s,PYPAF136,PYDC99,CD437,CELA1,F9,CD107a,PYDC16,ARHGEF33,AGBL1,CYP39A7,CD203B,AGPAT99,PPARG,GNLY,TRAF132,IL36RDT,CDCA15,CD172O,CRLF97,TNFRSF79,SLC25A119,SERPINA153,SMAD3,USP164,NCR2,LDLR,,MAPKAPK99,HSPB74,PYDC178,CDKN1A,CLEC137A,PIK3CG,GZMB,CD161,CD161,,IKBKB,MITFV
IL36RACP,SLC22A65,ACOT119,NLRP158,GSDMT1,CD164,IL1RL2,LRP18,TRAF3,MMP1,MT-TG,ICAM1,GSDMA98,CXCL6,MAPKAPK28,TNFSF13F,CAMK2A,NLRP145,BAFF,KLF14,CD62L,CD108,TRIM39,PLAUR,CDHR64,SERPINA29,NLRP152,BMP5,ATP5L,BCL2A1,TIMP2,CD132,CLEC2L26,RIPK2,IKKAP92,TRAF59,NLRP146,CD146,CD38,CR2,MAPKAPK94,PDK3,PYDC152,SLC2A3,NLRP149,TRAF55,IL93,IL1RL2,SERPINB132,SERPINA161,STAT5B,,SERPINI144,IL1RAPL147,ATF1,ITGB1,CD300HJ,,KIAA0100,HSPA5,CD159t,PYPAF137,PYDC100,CD438,CELA2A,F10,CD107b,PYDC17,ARHGEF34,CTB-50E14.5,CYP46A7,CD204,AGPAT100,NR1H3,NLRP2,TRAF133,IL36RDU,CDCA16,CD172P,CRLF98,TNFRSF80,SLC25A120,SERPINA154,IL10,USP165,NCR3,VLDLR,,MAPKAPK100,HSPB75,PYDC179,CDKN2A,CLEC138A,AKT1,CASP8,CD162,CD162,,IKBKG,MITFW
IL36RACQ,SLC22A66,ACOT120,NLRP159,GSDMU1,CD165,IL1RL2,LRP19,TBK1,MMP2,MT-TC,VCAM1,GSDMA99,CXCL12,MAPKAPK29,TNFSF13G,CAMK2B,NLRP146,BAFFR,KLF15,CD63,CD109,TRIM42,F3,CDHR65,SERPINA30,NLRP153,BMP7,ATP5J,BCL2L10,TIMP3,CD133,CLEC2L27,RIPK5,IKKAP93,TRAF60,NLRP147,CD147,CD19,CD22,MAPKAPK95,PDK4,PYDC153,SLC2A5,NLRP150,TRAF56,IL94,IL1RL2,SERPINB133,SERPINA162,IRF1,,SERPINI145,IL1RAPL148,ATF2,ITGB2,CD300HK,,SLC13A2,EIF2AK3,CD159u,PYPAF138,PYDC101,CD439,CELA2B,F12,CD108,PYDC18,ARHGEF35,NPIPB3,CYP51A7,CD205,AGPAT101,NR1H2,IL23A,TRAF134,IL36RDV,CDCA17,CD172Q,CRLF99,TNFRSF81,SLC25A121,SERPINA155,IL10RA,USP166,FCGR1A,SCARB1,,MAPKAPK101,HSPB76,PYDC180,RB1,CLEC139A,AKT2,GNLY,CD163,CD163,,CHUK,MITFX
IL36RACR,SLC22A67,ACOT121,NLRP160,GSDMV1,CD166,IL1RL2,LRP20,IKBKE,MMP3,MT-TV,CD44,GSDMA100,CXCL13,MAPKAPK30,TNFSF13H,CAMK2D,NLRP147,APRIL,KLF16,CD9,CD112,TRIM43,F2,CDHR66,SERPINA31,NLRP154,BMP8A,ATP5I,BCL2L11,TIMP4,CD134,CLEC2L28,MLKL,IKKAP94,TRAF61,NLRP148,CD148,CD20,CD23,MAPKAPK96,PDHA1,PYDC154,SLC2A6,NLRP151,TRAF57,IL95,IL1RL2,SERPINB134,SERPINA163,IRF4,,SERPINI146,IL1RAPL149,ATF3,ITGB7,CD300HL,,GAS7,ERN1,CD159v,PYPAF139,PYDC102,CD440,CELF1,PLAT,CD109,PYDC19,ARHGEF36,RP11-182E14.1,CYP7B7,CD206,AGPAT102,SREBF1,RAB33A,TRAF135,IL36RDW,CDCA18,CD172R,CRLF100,TNFRSF82,SLC25A122,SERPINA156,IL10RB,USP167,FCGR1B,CD36,,MAPKAPK102,HSPB77,PYDC181,E2F1,CLEC140A,AKT3,CD4,CD164,CD164,,MAP3K7,MITFY
IL36RACS,SLC22A68,ACOT122,NLRP161,GSDMW1,CD167a,IL1RL2,LRP21,IRF1,MMP7,MT-TD,CD47,GSDMA101,CXCL16,MAPKAPK31,TNFSF13I,CAMK2G,NLRP148,TACI,STAT1,CD81,CD114,TRIM44,F5,CDHR67,SERPINA32,NLRP155,BMP8B,ATP5H,BCL2L12,SERPINE1,CD135,CLEC2L29,CYLD,IKKAP95,TRAF62,NLRP149,CD149,CD3E,FCER2,MAPKAPK97,PDHB,PYDC155,SLC2A8,NLRP152,TRAF58,IL96,IL1RL2,SERPINB135,SERPINA164,IRF5,,SERPINI147,IL1RAPL150,ATF4,ICAM1,CD300HM,,TRAPPC6A,DNAJB9,CD159w,PYPAF140,PYDC103,CD441,CELF2,SERPINC1,CD112,PYDC20,ARHGEF37,ZEB2-AS1,CYP8B7,CD207,AGPAT103,SREBF2,NCAM1,TRAF136,IL36RDX,CDCA19,CD172S,CRLF101,TNFRSF83,SLC25A123,SERPINA157,SOCS1,USP168,FCGR2A,FABP4,,MAPKAPK103,HSPB78,PYDC182,CCND1,CLEC141A,MTOR,PTPRCv1,CD165,CD165,,MAP3K14,MITFZ
IL36RACT,SLC22A69,ACOT123,NLRP162,GSDMX1,CD167b,IL1RL2,LRP22,IRF5,MMP8,MT-TS1,CD48,GSDMA102,IL1RN,MAPKAPK32,TNFSF13J,MAPK1,NLRP149,BCMA,STAT2,CD82,CD115,TRIM46,F9,CDHR68,SERPINA33,NLRP156,ACVR1,ATP5G3,BCL2L13,SERPINE2,CD136,CLEC2L30,NEMO,IKKAP96,TRAF63,NLRP150,CD150,CD3D,CD24,MAPKAPK98,DLAT,PYDC156,SLC2A9,NLRP153,TRAF59,IL97,IL1RL2,SERPINB136,SERPINA165,IRF8,,SERPINI148,IL1RAPL151,ATF5,VCAM1,CD300HN,,MATK,HERPUD1,CD159x,PYPAF141,PYDC104,CD442,CELF3,SERPINF2,CD117,PYDC21,ARHGEF38,RP11-368P15.2,CYP11A7,CD208,AGPAT104,INSR,IL12B,TRAF137,IL36RDY,CDCA20,CD172T,CRLF102,TNFRSF84,SLC25A124,SERPINA158,SOCS3,USP169,FCGR2B,FABP5,,MAPKAPK104,HSPB79,PYDC183,CCNE1,CLEC142A,RPTOR,TLR3,CD166,CD166,,MAP2K4,MITFAA
IL36RACU,SLC22A70,ACOT124,NLRP163,GSDMY1,CD168,IL1RL2,LRP23,IRF9,MMP9,MT-TS2,CD52,GSDMA103,IL18BP,MAPKAPK33,TNFSF13K,MAPK3,NLRP150,RANK,STAT3,CD151,CD116,TRIM48,F10,CDHR69,SERPINA34,NLRP157,ACVR2A,ATP5G2,BCL2L14,SERPINB2,CD137,CLEC2L31,IKBKG,IKKAP97,TRAF64,NLRP151,CD151,CD3G,CD25,MAPKAPK99,DLD,PYDC157,SLC2A11,NLRP154,TRAF60,IL98,IL1RL2,SERPINB137,SERPINA166,IRF9,,SERPINI149,IL1RAPL152,ATF6,SELE,CD300HO,,CEACAM7,PPP1R15A,CD159y,PYPAF142,PYDC105,CD443,CELF4,PROC,CD118,PYDC22,ARHGEF39,ZDHHC11,CYP11B13,CD209,AGPAT105,IGF1R,CD4,TRAF138,IL36RDZ,CDCA21,CD172U,CRLF103,TNFRSF85,SLC25A125,SERPINA159,PIAS1,USP170,FCGR2C,SLC2A1,,MAPKAPK105,HSPB80,PYDC184,CDK2,CLEC143A,RICTOR,TNFRSF1A,CD167,CD167,,MAP2K7,MITFAB
IL36RACV,SLC22A71,ACOT125,NLRP164,GSDMZ1,CD169,IL1RL2,LRP24,STAT2,MMP12,MT-TW,CD53,GSDMA104,TNFRSF1A,MAPKAPK34,TNFSF13L,MAPK7,NLRP151,RANKL,STAT4,CD226,CD117,TRIM49,F12,CDHR70,SERPINA35,NLRP158,ACVR2B,ATP5G1,BCL2L15,SERPINA1,CD138,CLEC2L32,IKBKB,IKKAP98,TRAF65,NLRP152,CD152,CD8A,IL2RA,MAPKAPK100,PDHX,PYDC158,SLC2A12,NLRP155,TRAF61,IL99,IL1RL2,SERPINB138,SERPINA167,MYD88,,SERPINI150,IL1RAPL153,FOS,SELPLG,CD300HP,,CD79B,PPP1R15B,CD159z,PYPAF143,PYDC106,CD444,CELF5,PROS1,CD119,PYDC23,ARHGEF40,ITFG1,CYP11B14,CD210,AGPAT106,IGF1,BPI,TRAF139,IL36REA,CDCA22,CD172V,CRLF104,TNFRSF86,SLC25A126,SERPINA160,PIAS3,USP171,FCGR3A,SLC2A3,,MAPKAPK106,HSPB81,PYDC185,CDK4,CLEC144A,TSC1,NLRP12,CD168,CD168,,MAPK1,MITFAC
IL36RACW,SLC22A72,ACOT126,NLRP165,GSDMA2,CD170,IL1RL2,LRP25,STAT4,MMP13,MT-TY,CD63,GSDMA105,TNFRSF1B,MAPKAPK35,TNFSF13M,MAPK11,NLRP152,NGFR,STAT5A,CD96,CD118,TRIM51,PLG,CDHR71,SERPINA36,NLRP159,BMPR1A,ATP5F1,BID,SERPINA3,CD139,CLEC2L33,IKBKE,IKKAP99,TRAF66,NLRP153,CD153,CD8B,CD38,MAPKAPK101,PDP1,PYDC159,SLC2A13,NLRP156,TRAF62,,IL1RL2,SERPINB139,SERPINA168,TICAM1,,SERPINI151,IL1RAPL154,FOSB,PECAM1,CD300HQ,,SCN4A,GADD34,CD160,PYPAF144,PYDC107,CD445,CELF6,THBD,CD120a,PYDC24,ARHGEF41,RP5-837G17.1,CYP17A13,CD211,AGPAT107,IGF2,CASP8,TRAF140,IL36REB,CDCA23,CD172W,CRLF105,TNFRSF87,SLC25A127,SERPINA161,PML,USP172,FCGR3B,SLC2A4,,MAPKAPK107,HSPB82,PYDC186,CDK6,CLEC145A,TSC2,BLR1,CD169,CD169,,MAPK3,MITFAD
IL36RACX,SLC22A73,ACOT127,NLRP166,GSDMB2,CD171,IL1RL2,LRP26,STAT5A,TIMP1,MT-TL,CD69,GSDMA106,IL6R,MAPKAPK36,TNFSF13N,MAPK12,NLRP153,NGF,STAT5B,CD112,CD119,TRIM53,SERPINF2,CDHR72,SERPINA37,NLRP160,BMPR1B,ATP5E,BIM,SERPINA5,CD140a,CLEC2L34,IKBKA,IKKAP100,TRAF67,NLRP154,CD154,CD4,CD44,MAPKAPK102,PDP2,PYDC160,SLC2A14,NLRP157,TRAF63,,IL1RL2,SERPINB140,SERPINA169,TIRAP,,SERPINI152,IL1RAPL155,FOSL1,VEGFA,CD300HR,,ST7L,GADD45A,CD161,PYPAF145,PYDC108,CD446,CEMIP,VWF,CD120b,PYDC25,ARHGEF42,RP11-767L7.1,CYP17A14,CD212,AGPAT108,IGFBP1,CD19,TRAF141,IL36REC,CDCA24,CD172X,CRLF106,TNFRSF88,SLC25A128,SERPINA162,SP100,USP173,FCER1A,SLC2A6,,MAPKAPK108,HSPB83,PYDC187,CDC25A,CLEC146A,PTEN,FCGR1A,CD170,CD170,,MAPK11,MITFAE
IL36RACY,SLC22A74,ACOT128,NLRP167,GSDMC2,CD172a,IL1RL2,LRP27,STAT5B,TIMPA2,,CD74,GSDMA107,IL6ST,MAPKAPK37,TNFSF13O,MAPK13,NLRP154,EDAR,STAT6,CD155,CD120a,TRIM54,SERPINA1,CDHR73,SERPINA38,NLRP161,BMPR2,ATP5D,BAD,F3,CD140b,CLEC2L35,MAP3K7,,TRAF68,NLRP155,CD155,CD14,CD45,MAPKAPK103,SLC2A1,PYDC161,SLC2A2,NLRP158,TRAF64,,IL1RL2,SERPINB141,SERPINA170,TRAF5,,SERPINI153,IL1RAPL156,FOSL2,VEGFR1,CD300HS,,PAX6,GADD45B,CD162,PYPAF146,PYDC109,CD447,CENPA,GP1BA,CD121a,PYDC26,ARHGEF43,RP1-18D14.7,CYP19A8,CD213A1,AGPAT109,IGFBP2,NCAM1,TRAF142,IL36RED,CDCA25,CD172Y,CRLF107,TNFRSF89,SLC25A129,SERPINA163,IFI16,USP174,FCER1G,HK1,,MAPKAPK109,HSPB84,PYDC188,CDC25B,CLEC147A,FOXO1,,CD171,CD171,,MAPK12,MITFAF
IL36RACZ,SLC22A75,ACOT129,NLRP168,GSDMD2,CD172b,IL1RL2,LRP28,STAT6,TIMPA3,,CD81,GSDMA108,IFNAR1,MAPKAPK38,TNFSF13P,MAPK15,NLRP155,EDARADD,IRF1,CD160,CD120b,TRIM55,SERPINA3,CDHR74,SERPINA39,NLRP162,ENG,ATP5C1,BBC3,F2,CD141,CLEC2L36,MAP3K8,,TRAF69,NLRP156,CD156,CD16,PTPRC,MAPKAPK104,SLC2A3,PYDC162,SLC2A3,NLRP159,TRAF65,,IL1RL2,SERPINB142,SERPINA171,TRAF7,,SERPINI154,IL1RAPL157,JUN,VEGFR2,CD300HT,,,GADD45G,CD163,PYPAF147,PYDC110,CD448,CENPB,GP1BB,CD121b,PYDC27,ARHGEF44,,CYP21A8,CD213A2,AGPAT110,IGFBP3,CD3E,TRAF143,IL36REE,CDCA26,CD172Z,CRLF108,TNFRSF90,SLC25A130,SERPINA164,IFI27,USP175,FCER2,HK2,,MAPKAPK110,HSPB85,PYDC189,CDC25C,CLEC148A,FOXO3,,CD172a,CD172a,,MAPK13,MITFAG
IL36RADA,SLC22A76,ACOT130,NLRP169,GSDME2,CD172c,IL1RL2,LRP29,JAK3,TIMPA4,,CD82,GSDMA109,IFNAR2,MAPKAPK39,TNFSF13Q,JAK1,NLRP156,EDA,IRF2,CD244,CD121a,TRIM57,SERPINA5,CDHR75,SERPINA40,NLRP163,FLI1,ATP5B,BMF,F5,CD142,CLEC2L37,MAP2K3,,TRAF70,NLRP157,CD157,CD56,CD52,MAPKAPK105,SLC2A4,PYDC163,SLC2A5,NLRP160,TRAF66,,IL1RL2,SERPINB143,SERPINA172,RELA,,SERPINI155,IL1RAPL158,JUNB,ANGPT1,CD300HU,,,DUSP1,CD164,PYPAF148,PYDC111,CD449,CENPC,GP9,CD122,PYDC28,ARHGEF45,,CYP24H1,CD214,AGPAT111,IGFBP4,CD4,TRAF144,IL36REF,CDCA27,CD173,CRLF109,TNFRSF91,SLC25A131,SERPINA165,IFI35,USP176,FCRL1,PFKFB3,,MAPKAPK111,HSPB86,PYDC190,PLK1,CLEC149A,FOXO4,,CD172b,CD172b,,MAPK15,MITFAH
IL36RADB,SLC22A77,ACOT131,NLRP170,GSDMF2,CD172d,IL1RL2,LRP30,TYK2,RETN,,CD83,GSDMA110,IFNGR1,MAPKAPK40,TNFSF13R,JAK2,NLRP157,LTBR,IRF4,CD48,CD121b,TRIM60,TFPI,CDHR76,SERPINA41,NLRP164,KLF1,ATP5A1,HRK,F7,CD143,CLEC2L38,MAP2K6,,TRAF71,NLRP158,CD158,CD11B,CD69,MAPKAPK106,SLC2A5,PYDC164,SLC2A6,NLRP161,TRAF67,,IL1RL2,SERPINB144,SERPINA173,RELB,,SERPINI156,IL1RAPL159,JUND,ANGPT2,CD300HV,,,DUSP2,CD165,PYPAF149,PYDC112,CD450,CENPE,ITGA2B,CD123,PYDC29,ARHGEF46,,CYP26J1,CD215,AGPAT112,IGFBP5,PTPRCv1,TRAF145,IL36REG,CDCA28,CD174,CRLF110,TNFRSF92,SLC25A132,SERPINA166,IFIT1,USP177,FCRL2,PFKFB4,,MAPKAPK112,HSPB87,PYDC191,AURKA,CLEC150A,FOXO6,,CD173,CD173,,MAPKAPK2,MITFAI
IL36RADC,SLC22A78,ACOT132,NLRP171,GSDMG2,CD172e,IL1RL2,LRP31,IL1R1,LEP,,CD86,GSDMA111,IFNGR2,MAPKAPK41,TNFSF13S,JAK3,NLRP158,LTA,IRF5,CD58,CD122,TRIM61,THBD,CDHR77,SERPINA42,NLRP165,GATA1,ATP5A,NOXA,F8,CD144,CLEC2L39,MAPK1,,TRAF72,NLRP159,CD159,CD11C,CD74,MAPKAPK107,SLC2A6,PYDC165,SLC2A8,NLRP162,TRAF68,,IL1RL2,SERPINB145,SERPINA174,NFKB1,,SERPINI157,IL1RAPL160,MYC,TIE1,CD300HW,,,DUSP4,CD166,PYPAF150,PYDC113,CD451,CENPF,ITGB3,CD124,PYDC30,ARHGEF47,,CYP27I1,CD216,AGPAT113,IGFBP6,TLR3,TRAF146,IL36REH,CDCA29,CD175,CRLF111,TNFRSF93,SLC25A133,SERPINA167,IFIT2,USP178,FCRL3,PKM,,MAPKAPK113,HSPB88,PYDC192,AURKB,CLEC151A,GSK3B,,CD174,CD174,,MAPKAPK3,MITFAJ
IL36RADD,SLC22A79,ACOT133,NLRP172,GSDMH2,CD172f,IL1RL2,LRP32,IL1R2,ADIPOQ,,CD97,GSDMA112,IL12RB1,MAPKAPK42,TNFSF13T,TYK2,NLRP159,LTB,IRF6,CD2,CD123,TRIM64,PROS1,CDHR78,SERPINA43,NLRP166,GATA2,,PMAIP1,F9,CD145,CLEC2L40,MAPK3,,TRAF73,NLRP160,CD160,CD18,CD79A,MAPKAPK108,SLC2A8,PYDC166,SLC2A9,NLRP163,TRAF69,,IL1RL2,SERPINB146,SERPINA175,NFKB2,,SERPINI158,IL1RAPL161,MYCL,TIE2,CD300HX,,,DUSP5,CD167a,PYPAF151,PYDC114,CD452,CENPH,PECAM1,CD125,PYDC31,ARHGEF48,,CYP39A8,CD217,AGPAT114,MTOR,TNFRSF1A,TRAF147,IL36REI,CDCA30,CD176,CRLF112,TNFRSF94,SLC25A134,SERPINA168,IFIT3,USP179,FCRL4,LDHA,,MAPKAPK114,HSPB89,PYDC193,BUB1,CLEC152A,CTNNB1,,CD175,CD175,,RPS6KA1,MITFAK
IL36RADE,SLC22A80,ACOT134,NLRP173,GSDMI2,CD172g,IL1RL2,LRP33,IL1RAP,FABP4,,CD99,GSDMA113,IL12RB2,MAPKAPK43,TNFSF13U,SYK,NLRP160,,IRF7,CD3D,CD124,TRIM65,PROC,CDHR79,SERPINA44,NLRP167,GATA4,,DIABLO,F10,CD146,CLEC2L41,MAPK8,,TRAF74,NLRP161,CD161,CD29,CD79B,MAPKAPK109,SLC2A10,PYDC167,SLC2A11,NLRP164,TRAF70,,IL1RL2,SERPINB147,SERPINA176,NFKBIA,,SERPINI159,IL1RAPL162,MYCN,PDGFA,CD300HY,,,DUSP6,CD167b,PYPAF152,PYDC115,CD453,CENPI,SELE,CD126,PYDC32,ARHGEF49,,CYP46A8,CD218A,AGPAT115,AKT1,NLRP12,TRAF148,IL36REJ,CDCA31,CD177,CRLF113,TNFRSF95,SLC25A135,SERPINA169,OAS1,USP180,FCRL5,LDHB,,MAPKAPK115,HSPB90,PYDC194,BUB1B,CLEC153A,APC,,CD176,CD176,,RPS6KA2,MITFAL
IL36RADF,SLC22A81,ACOT135,NLRP174,GSDMJ2,CD172h,IL1RL2,LRP34,IL18R1,PPARG,,CD100,GSDMA114,IL10RA,MAPKAPK44,TNFSF13V,LCK,NLRP161,,IRF8,CD3E,CD125,TRIM67,PROCR,CDHR80,SERPINA45,NLRP168,GATA6,,SMAC,F11,CD147,CLEC2L42,MAPK14,,TRAF75,NLRP162,CD162,CD49D,CD81,MAPKAPK110,SLC2A12,PYDC168,SLC2A12,NLRP165,TRAF71,,IL1RL2,SERPINB148,SERPINA177,NFKBIB,,SERPINI160,IL1RAPL163,BCL2,PDGFB,CD300HZ,,,DUSP7,CD168,PYPAF153,PYDC116,CD454,CENPJ,VCAM1,CD127,PYDC33,ARHGEF50,,CYP51A8,CD218B,AGPAT116,AKT2,BLR1,TRAF149,IL36REK,CDCA32,CD178,CRLF114,TNFRSF96,SLC25A136,SERPINA170,OAS2,USP181,FCRL6,PDK1,,MAPKAPK116,HSPB91,PYDC195,CHEK1,CLEC154A,AXIN1,,CD177,CD177,,RPS6KA3,MITFAM
IL36RADG,SLC22A82,ACOT136,NLRP175,GSDMK2,CD172i,IL1RL2,LRP35,IL18RAP,PPARA,,CD101,GSDMA115,IL10RB,MAPKAPK45,TNFSF13W,FYN,NLRP162,,IRF9,CD3G,CD126,TRIM70,VWF,CDHR81,SERPINA46,NLRP169,TAL1,,CYCS,F12,CD148,CLEC2L43,MAPKAPK2,,TRAF76,NLRP163,CD163,CD103,CD82,MAPKAPK111,SLC2A13,PYDC169,SLC2A13,NLRP166,TRAF72,,,SERPINB149,SERPINA178,NFKBIE,,SERPINI161,IL1RAPL164,BCL2L1,PDGFRA,CD300HA,,,DUSP8,CD169,PYPAF154,PYDC117,CD455,CENPK,ICAM1,CD128,PYDC34,ARHGEF51,,CYP7B8,CD219,AGPAT117,AKT3,FCGR1A,TRAF150,IL36REL,CDCA33,CD179A,CRLF115,TNFRSF97,SLC25A137,SERPINA171,OAS3,USP182,CD16,PDK2,,MAPKAPK117,HSPB92,PYDC196,CHEK2,CLEC155A,AXIN2,,CD178,CD178,,RPS6KA4,MITFAN
IL36RADH,SLC22A83,ACOT137,NLRP176,GSDML2,CD172j,IL1RL2,LRP36,IL6R,NR1H3,,CD102,GSDMA116,TGFR1,MAPKAPK46,TNFSF13X,SRC,NLRP163,,BATF,CD4,CD127,TRIM72,GP1BA,CDHR82,SERPINA47,NLRP170,LMO2,,CYCS2,PLAT,CD149,CLEC2L44,MAPKAPK3,,TRAF77,NLRP164,CD164,CD69,CD83,MAPKAPK112,SLC2A14,PYDC170,SLC2A14,NLRP167,TRAF73,,,SERPINB150,SERPINA179,NFKBIZ,,SERPINI162,IL1RAPL165,BAX,PDGFRB,CD300HB,,,DUSP9,CD170,PYPAF155,PYDC118,CD456,CENPL,CD34,CD129,PYDC35,ARHGEF52,,CYP8B8,CD220,AGPAT118,PIK3CA,RAB24,TRAF151,IL36REM,CDCA34,CD179B,CRLF116,TNFRSF98,SLC25A138,SERPINA172,MX1,USP183,CD32,PDK3,,MAPKAPK118,HSPB93,PYDC197,ATM,CLEC156A,DKK1,,CD179a,CD179a,,RPS6KA5,MITFAO
IL36RADI,SLC22A84,ACOT138,NLRP177,GSDMM2,CD172k,IL1RL2,LRP37,IL6ST,NR1H2,,CD103,GSDMA117,TGFR2,MAPKAPK47,TNFSF13Y,HCK,NLRP164,,BATF2,CD8A,CD128,TRIM73,GP1BB,CDHR83,SERPINA48,NLRP171,RUNX1,,CYCS3,PLAU,CD150,CLEC2L45,CREB1,,TRAF78,NLRP165,CD165,CD44,CD84,MAPKAPK113,,PYDC171,SLC2A2,NLRP168,TRAF74,,,SERPINB151,SERPINA180,,,SERPINI163,IL1RAPL166,BAK1,EGF,CD300HC,,,DUSP10,CD171,PYPAF156,PYDC119,CD457,CENPM,CD36,CD130,PYDC36,ARHGEF53,,CYP11A8,CD221,AGPAT119,PIK3CB,IL7R,TRAF152,IL36REN,CDCA35,CD180,CRLF117,TNFRSF99,SLC25A139,SERPINA173,MX2,USP184,CD64,PDK4,,MAPKAPK119,HSPB94,PYDC198,ATR,CLEC157A,DKK2,,CD179b,CD179b,,RPS6KA6,MITFAP
IL36RADJ,SLC22A85,ACOT139,NLRP178,GSDMN2,CD172l,IL1RL2,LRP38,TNFRSF1A,SREBF1,,CD104,GSDMA118,SMAD2,MAPKAPK48,TNFSF13Z,LYN,NLRP165,,BATF3,CD8B,CD129,TRIM75,GP9,CDHR84,SERPINA49,NLRP172,RUNX2,,CYCS4,PLAUR,CD151,CLEC2L46,ATF2,,TRAF79,NLRP166,CD166,CD45RA,CD86,MAPKAPK114,,PYDC172,SLC2A3,NLRP169,TRAF75,,,SERPINB152,SERPINA181,,,SERPINI164,IL1RAPL167,BID,EGFR,CD300HD,,,DUSP16,CD172a,PYPAF157,PYDC120,CD458,CENPN,CD40,CD131,PYDC37,ARHGEF54,,CYP11B15,CD222,AGPAT120,PIK3CD,GZMB,TRAF153,IL36REO,CDCA36,CD181,CRLF118,TNFRSF100,SLC25A140,SERPINA174,RSAD2,USP185,CD89,PDHA1,,MAPKAPK120,HSPB95,PYDC199,RAD51,CLEC158A,DKK3,,CD180,CD180,,RPS6KA7,MITFAQ
IL36RADK,SLC22A86,ACOT140,NLRP179,GSDMO2,CD172m,IL1RL2,LRP39,TNFRSF1B,SREBF2,,CD105,GSDMA119,SMAD3,MAPKAPK49,TNFSF13AA,BLK,NLRP166,,CEBPB,CD19,CD130,TRIM76,ITGA2B,CDHR85,SERPINA50,NLRP173,RUNX3,,CYCS5,THBD,CD152,CLEC2L47,FOS,,TRAF80,NLRP167,CD167,CD45RO,CD96,MAPKAPK115,,PYDC173,SLC2A5,NLRP170,TRAF76,,,SERPINB153,SERPINA182,,,SERPINI165,IL1RAPL168,BIM,FGF2,CD300HE,,,,CD172b,PYPAF158,PYDC121,CD459,CENPO,CD80,CD132,PYDC38,ARHGEF55,,CYP11B16,CD223,AGPAT121,PIK3CG,CCL5,TRAF154,IL36REP,CDCA37,CD182,CRLF119,,SLC25A141,SERPINA175,ISG15,USP186,CD23,PDHB,,MAPKAPK121,HSPB96,PYDC200,BRCA1,CLEC159A,SFRP1,,CD181,CD181,,RPS6KA8,MITFAR
IL36RADL,SLC22A87,ACOT141,NLRP180,GSDMP2,CD172n,IL1RL2,LRP40,FAS,INS,,CD106,GSDMA120,SMAD4,MAPKAPK50,TNFSF13AB,BTK,NLRP167,,CEBPD,CD20,CD131,TRIM78,ITGB3,CDHR86,SERPINA51,NLRP174,CBFA2T3,,CYCS6,PROS1,CD153,CLEC2L48,JUN,,TRAF81,NLRP168,CD168,CD27,CD97,MAPKAPK116,,PYDC174,SLC2A6,NLRP171,TRAF77,,,SERPINB154,SERPINA183,,,SERPINI166,IL1RAPL169,BAD,FGFR1,CD300HF,,,,CD172c,PYPAF159,PYDC122,CD460,CENPQ,CD86,CD133,PYDC39,ARHGEF56,,CYP17A15,CD224,AGPAT122,PTEN,NLRP12,TRAF155,IL36REQ,CDCA38,CD183,CRLF120,,SLC25A142,SERPINA176,USP18,USP187,CD21,SDHA,,MAPKAPK122,HSPB97,,BRCA2,CLEC160A,SFRP2,,CD182,CD182,,RPS6KA9,MITFAS
IL36RADM,SLC22A88,ACOT142,NLRP181,GSDMQ2,CD172o,IL1RL2,LRP41,FADD,IGF1,,CD107A,GSDMA121,SMAD7,MAPKAPK51,TNFSF13AC,TEC,NLRP168,,CEBPE,CD21,CD132,TRIM80,CD36,CDHR87,SERPINA52,NLRP175,CBFA2T2,,CYCS7,PROC,CD154,CLEC2L49,JUNB,,TRAF82,NLRP169,CD169,CD28,CD99,MAPKAPK117,,PYDC175,SLC2A8,NLRP172,TRAF78,,,SERPINB155,SERPINA184,,,SERPINI167,IL1RAPL170,NOXA,FGFR2,CD300HG,,,,CD172d,PYPAF160,PYDC123,CD461,CENPT,CD28,CD134,PYDC40,ARHGEF57,,CYP17A16,CD225,AGPAT123,TSC1,BLR1,TRAF156,IL36RER,CDCA39,CD184,CRLF121,,SLC25A143,SERPINA177,BST2,USP188,CD35,SDHB,,MAPKAPK123,HSPB98,,FANCD2,CLEC161A,SFRP4,,CD183,CD183,,RPS6KA10,MITFAT
IL36RADN,SLC22A89,ACOT143,NLRP182,GSDMR2,CD172p,IL1RL2,LRP42,TRADD,IGF2,,CD107B,GSDMA122,,MAPKAPK52,TNFSF13AD,ITK,NLRP169,,CEBPG,CD22,CD133,TRIM81,CD47,CDHR88,SERPINA53,NLRP176,CBFA2T1,,CYCS8,PROZ,CD155,CLEC2L50,JUND,,TRAF83,NLRP170,CD170,CD137,CD100,MAPKAPK118,,PYDC176,SLC2A9,NLRP173,TRAF79,,,SERPINB156,SERPINA185,,,SERPINI168,IL1RAPL171,PUMA,FGFR3,CD300HH,,,,CD172e,PYPAF161,PYDC124,CD462,CENPU,CTLA4,CD135,PYDC41,ARHGEF58,,CYP19A9,CD226,AGPAT124,TSC2,IL7R,TRAF157,IL36RES,CDCA40,CD185,CRLF122,,SLC25A144,SERPINA178,TRIM22,USP189,CD46,SDHC,,MAPKAPK124,HSPB99,,FANCI,CLEC162A,SFRP5,,CD184,CD184,,RPS6KA11,MITFAU
IL36RADO,SLC22A90,ACOT144,NLRP183,GSDMS2,CD172q,IL1RL2,LRP43,RIPK1,IGFBP1,,CD109,GSDMA123,,MAPKAPK53,TNFSF13AE,RLK,NLRP170,,CEBPA,CD23,CD134,TRIM83,CD55,CDHR89,SERPINA54,NLRP177,CBFB,,CYCS9,SERPINC1,CD156a,CLEC2L51,ELK1,,TRAF84,NLRP171,CD171,OX40,CD101,MAPKAPK119,,PYDC177,SLC2A11,NLRP174,TRAF80,,,SERPINB157,SERPINA186,,,SERPINI169,IL1RAPL172,MCL1,FGFR4,CD300HI,,,,CD173,PYPAF162,PYDC125,CD463,CENPV,PDCD1,CD136,PYDC42,ARHGEF59,,CYP21A9,CD227,AGPAT125,RHEB,CD3E,TRAF158,IL36RET,CDCA41,CD186,CRLF123,,SLC25A145,SERPINA179,TRIM25,USP190,CD55,SDHD,,MAPKAPK125,HSPB100,,FANCA,CLEC163A,WNT1,,CD185,CD185,,RPS6KA12,MITFAV
IL36RADP,SLC22A91,ACOT145,NLRP184,GSDMT2,CD172r,IL1RL2,LRP44,RIPK3,IGFBP2,,CD112,GSDMA124,,MAPKAPK54,TNFSF13AF,ZAP70,NLRP171,,CEBPG,CD24,CD135,TRIM84,CD59,CDHR90,SERPINA55,NLRP178,CBFA2,,CYCS10,SERPIND1,CD156b,CLEC2L52,SRF,,TRAF85,NLRP172,CD172a,ICOS,CD102,MAPKAPK120,,PYDC178,SLC2A12,NLRP175,TRAF81,,,SERPINB158,SERPINA187,,,SERPINI170,IL1RAPL173,XIAP,HGF,CD300HJ,,,,CD174,PYPAF163,PYDC126,CD464,CENPW,CD274,CD137,PYDC43,ARHGEF60,,CYP24I1,CD228,AGPAT126,RPTOR,IL5,TRAF159,IL36REU,CDCA42,CD187,CRLF124,,SLC25A146,SERPINA180,TRIM38,USP191,CD59,FH,,MAPKAPK126,HSPB101,,FANCB,CLEC164A,WNT2,,CD186,CD186,,RPS6KA13,MITFAW
IL36RADQ,SLC22A92,ACOT146,NLRP185,GSDMU2,CD172s,IL1RL2,LRP45,MLKL,IGFBP3,,CD117,GSDMA125,,MAPKAPK55,TNFSF13AG,PLCG1,NLRP172,,CEBPD,CD25,CD136,TRIM85,CD93,CDHR91,SERPINA56,NLRP179,CBFA1,,CYCS11,SERPINF2,CD157,CLEC2L53,SP1,,TRAF86,NLRP173,CD172b,,CD103,MAPKAPK121,,PYDC179,SLC2A13,NLRP176,TRAF82,,,SERPINB159,SERPINA188,,,SERPINI171,IL1RAPL174,BIRC2,MET,CD300HK,,,,CD175,PYPAF164,PYDC127,CD465,CENPX,LAG3,CD138,PYDC44,ARHGEF61,,CYP26K1,CD229,AGPAT127,RPS6KB1,NLRP1,TRAF160,IL36REV,CDCA43,CD188,CRLF125,,SLC25A147,SERPINA181,TRIM56,USP192,CD14,MDH1,,MAPKAPK127,HSPB102,,FANCC,CLEC165A,WNT3,,CD187,CD187,,RPS6KA14,MITFAX
IL36RADR,SLC22A93,ACOT147,NLRP186,GSDMV2,CD172t,IL1RL2,LRP46,CYLD,IGFBP4,,CD120A,GSDMA126,,MAPKAPK56,TNFSF13AH,PLCG2,NLRP173,,CEBPE,CD27,CD137,TRIM87,CD151,CDHR92,SERPINA57,NLRP180,CBFA3,,CYCS12,APOA1,CD158a,CLEC2L54,SP3,,TRAF87,NLRP174,CD173,,CD104,MAPKAPK122,,PYDC180,SLC2A14,NLRP177,TRAF83,,,SERPINB160,SERPINA189,,,SERPINI172,IL1RAPL175,BIRC3,TGFA,CD300HL,,,,CD176,PYPAF165,PYDC128,CD466,,HAVCR2,CD139,PYDC45,ARHGEF62,,CYP27J1,CD230,AGPAT128,EIF4EBP1,PRF1,TRAF161,IL36REW,CDCA44,CD189,CRLF126,,SLC25A148,SERPINA182,TRIM69,USP193,CD11B,MDH2,,MAPKAPK128,HSPB103,,FANCG,CLEC166A,WNT4,,CD188,CD188,,RPS6KA15,MITFAY
IL36RADS,SLC22A94,ACOT148,NLRP187,GSDMW2,CD172u,IL1RL2,LRP47,NEMO,IGFBP5,,CD120B,GSDMA127,,MAPKAPK57,TNFSF13AI,VAV1,NLRP174,,CEBPG,CD28,CD138,TRIM89,CD226,CDHR93,SERPINA58,NLRP181,CBFA4,,CYCS13,APOA2,CD158b,CLEC2L55,NFKB1,,TRAF88,NLRP175,CD174,,CD105,MAPKAPK123,,PYDC181,SLC2A2,NLRP178,TRAF84,,,SERPINB161,SERPINA190,,,SERPINI173,IL1RAPL176,BIRC5,TGFBR3,CD300HM,,,,CD177,PYPAF166,PYDC129,CD467,,TIGIT,CD140a,PYDC46,ARHGEF63,,CYP39A9,CD231,AGPAT129,ULK1,TLR9,TRAF162,IL36REX,CDCA45,CD190,CRLF127,,SLC25A149,SERPINA183,TRIM5,USP194,CD11C,ME1,,MAPKAPK129,HSPB104,,FANCL,CLEC167A,WNT5A,,CD189,CD189,,RPS6KA16,MITFAZ
IL36RADT,SLC22A95,ACOT149,NLRP188,GSDMX2,CD172v,IL1RL2,LRP48,IKKA,IGFBP6,,CD121A,GSDMA128,,MAPKAPK58,TNFSF13AJ,VAV2,NLRP175,,CEBPA,CD30,CD139,TRIM90,CD244,CDHR94,SERPINA59,NLRP182,CBFA5,,CYCS14,APOB,CD158c,CLEC2L56,NFKB2,,TRAF89,NLRP176,CD175,,CD106,MAPKAPK124,,PYDC182,SLC2A3,NLRP179,TRAF85,,,SERPINB162,SERPINA191,,,SERPINI174,IL1RAPL177,CASP1,MMP2,CD300HN,,,,CD178,PYPAF167,PYDC130,CD468,,,CD140b,PYDC47,ARHGEF64,,CYP46A9,CD232,AGPAT130,ATG13,CCR7,TRAF163,IL36REY,CDCA46,CD191,CRLF128,,SLC25A150,SERPINA184,TRIM21,USP195,CD18,ME2,,MAPKAPK130,HSPB105,,FANCM,CLEC168A,WNT5B,,CD190,CD190,,RPS6KA17,
IL36RADU,SLC22A96,ACOT150,NLRP189,GSDMY2,CD172w,IL1RL2,LRP49,IKKB,GH1,,CD121B,GSDMA129,,MAPKAPK59,TNFSF13AK,VAV3,NLRP176,,CEBPG,CD31,CD140a,TRIM91,CD247,CDHR95,SERPINA60,NLRP183,CBFA6,,CYCS15,APOC1,CD158d,CLEC2L57,RELA,,TRAF90,NLRP177,CD176,,CD107A,MAPKAPK125,,PYDC183,SLC2A5,NLRP180,TRAF86,,,SERPINB163,SERPINA192,,,SERPINI175,IL1RAPL178,CASP3,MMP3,CD300HO,,,,CD179a,PYPAF168,PYDC131,CD469,,,CD141,PYDC48,ARHGEF65,,CYP51A9,CD233,AGPAT131,BECN1,NLRP12,TRAF164,IL36REZ,CDCA47,CD192,CRLF129,,SLC25A151,SERPINA185,TRIM14,USP196,CD29,ME3,,MAPKAPK131,HSPB106,,BLM,CLEC169A,WNT6,,CD191,CD191,,RPS6KA18,
IL36RADV,SLC22A97,ACOT151,NLRP190,GSDMZ2,CD172x,IL1RL2,LRP50,REL,GHR,,CD122,GSDMA130,,MAPKAPK60,TNFSF13AL,GRB2,NLRP177,,,CD32,CD140b,TRIM92,CD276,CDHR96,SERPINA61,NLRP184,CBFA7,,CYCS16,APOC2,CD158e,CLEC2L58,RELB,,TRAF91,NLRP178,CD177,,CD107B,MAPKAPK126,,PYDC184,SLC2A6,NLRP181,TRAF87,,,SERPINB164,SERPINA193,,,SERPINI176,IL1RAPL179,CASP7,MMP7,CD300HP,,,,CD179b,PYPAF169,PYDC132,CD470,,,CD142,PYDC49,ARHGEF66,,CYP7B9,CD234,AGPAT132,MAP1LC3A,TAGAP,TRAF165,IL36RFA,CDCA48,CD193,CRLF130,,SLC25A152,SERPINA186,TRIM6,USP197,CD49D,G6PD,,MAPKAPK132,HSPB107,,WRN,CLEC170A,WNT7A,,CD192,CD192,,RPS6KA19,
IL36RADW,SLC22A98,ACOT152,NLRP191,,CD172y,IL1RL2,LRP51,RELB,PRL,,CD123,GSDMA131,,MAPKAPK61,TNFSF13AM,SOS1,NLRP178,,,CD33,CD141,TRIM93,CD300A,CDHR97,SERPINA62,NLRP185,CBFA8,,CYCS17,APOC3,CD158f,CLEC2L59,BCL3,,TRAF92,NLRP179,CD178,,CD108,MAPKAPK127,,PYDC185,SLC2A8,NLRP182,TRAF88,,,SERPINB165,SERPINA194,,,SERPINI177,IL1RAPL180,CASP8,MMP12,CD300HQ,,,,CD180,PYPAF170,PYDC133,CD471,,,CD143,PYDC50,ARHGEF67,,CYP8B9,CD235A,AGPAT133,MAP1LC3B,BCL2,TRAF166,IL36RFB,CDCA49,CD194,CRLF131,,SLC25A153,SERPINA187,TRIM34,USP198,CD44,PGD,,MAPKAPK133,HSPB108,,RECQL4,CLEC171A,WNT7B,,CD193,CD193,,RPS6KA20,
IL36RADX,SLC22A99,ACOT153,NLRP192,,CD172z,IL1RL2,LRP52,NFKB2,PRLR,,CD124,GSDMA132,,MAPKAPK62,TNFSF13AN,SOS2,NLRP179,,,CD34,CD142,TRIM94,CD300C,CDHR98,SERPINA63,NLRP186,CBFA9,,CYCS18,APOE,CD158g,CLEC2L60,NFKBIA,,TRAF93,NLRP180,CD179a,,CD109,MAPKAPK128,,PYDC186,SLC2A9,NLRP183,TRAF89,,,SERPINB166,SERPINA195,,,SERPINI178,IL1RAPL181,CASP9,TIMPs,CD300HR,,,,CD181,PYPAF171,PYDC134,CD472,,,CD144,PYDC51,ARHGEF68,,CYP11A9,CD235B,AGPAT134,SQSTM1,TLR5,TRAF167,IL36RFC,CDCA50,CD195,CRLF132,,SLC25A154,SERPINA188,TRIM11,USP199,CD47,TKT,,MAPKAPK134,HSPB109,,MRE11,CLEC172A,WNT8A,,CD194,CD194,,RPS6KA21,
IL36RADY,SLC22A100,ACOT154,NLRP193,,CD173,IL1RL2,LRP53,NFKBIB,CORT,,CD126,GSDMA133,,MAPKAPK63,TNFSF13AO,RASGRP1,NLRP180,,,CD35,CD143,TRIM95,CD300E,CDHR99,SERPINA64,NLRP187,CBFA10,,CYCS19,LDLR,CD158h,CLEC2L61,NFKBIB,,TRAF94,NLRP181,CD179b,,,MAPKAPK129,,PYDC187,SLC2A11,NLRP184,TRAF90,,,SERPINB167,SERPINA196,,,SERPINI179,IL1RAPL182,CASP10,SERPINE1,CD300HS,,,,CD182,PYPAF172,PYDC135,CD473,,,CD145,PYDC52,ARHGEF69,,CYP11B17,CD236,AGPAT135,GABARAP,CCL5,TRAF168,IL36RFD,CDCA51,CD196,CRLF133,,SLC25A155,SERPINA189,TRIM31,USP200,CD58,TALDO1,,MAPKAPK135,HSPB110,,NBN,CLEC173A,WNT8B,,CD195,CD195,,RPS6KA22,
IL36RADZ,SLC22A101,ACOT155,NLRP194,,CD174,IL1RL2,LRP54,NFKBIE,MC2R,,CD127,GSDMA134,,MAPKAPK64,TNFSF13AP,RASGRP2,NLRP181,,,CD36,CD144,TRIM96,CD300LF,CDHR100,SERPINA65,NLRP188,CBFA11,,CYCS20,VLDLR,CD158i,CLEC2L62,NFKBIE,,TRAF95,NLRP182,CD180,,,MAPKAPK130,,PYDC188,SLC2A12,NLRP185,TRAF91,,,SERPINB168,SERPINA197,,,SERPINI180,IL1RAPL183,APAF1,PLAU,CD300HT,,,,CD183,PYPAF173,PYDC136,CD474,,,CD146,PYDC53,ARHGEF70,,CYP11B18,CD237,AGPAT136,GABARAPL1,PTPRCv1,TRAF169,IL36RFE,CDCA52,CD197,CRLF134,,SLC25A156,SERPINA190,TRIM62,,CD62L,PRPS1,,MAPKAPK136,HSPB111,,RAD50,CLEC174A,WNT9A,,CD196,CD196,,RPS6KA23,
IL36RAEA,SLC22A102,ACOT156,NLRP195,,CD175,IL1RL2,LRP55,NFKBIZ,MC5R,,CD128A,GSDMA135,,MAPKAPK65,TNFSF13AQ,RASGRP3,NLRP182,,,CD37,CD145,TRIM97,CD302,CDHR101,SERPINA66,NLRP189,CBFA12,,CYCS21,SCARB1,CD158j,CLEC2L63,NFKBIZ,,TRAF96,NLRP183,CD181,,,MAPKAPK131,,PYDC189,SLC2A13,NLRP186,TRAF92,,,SERPINB169,SERPINA198,,,SERPINI181,IL1RAPL184,CYCS,PLAUR,CD300HU,,,,CD184,PYPAF174,PYDC137,CD475,,,CD147,PYDC54,ARHGEF71,,CYP17A17,CD238,AGPAT137,GABARAPL2,FCGR1A,TRAF170,IL36RFF,CDCA53,CD198,CRLF135,,SLC25A157,SERPINA191,TRIM68,,CD69,PRPS2,,MAPKAPK137,HSPB112,,XRCC1,CLEC175A,WNT9B,,CD197,CD197,,RPS6KA24,
IL36RAEB,SLC22A103,ACOT157,NLRP196,,CD176,IL1RL2,LRP56,NLRP1,MC4R,,CD128B,GSDMA136,,MAPKAPK66,TNFSF13AR,RASGRP4,NLRP183,,,CD38,CD146,TRIM98,CD320,CDHR102,SERPINA67,NLRP190,CBFA13,,CYCS22,CD36,CD158k,CLEC2L64,IKZF1,,TRAF97,NLRP184,CD182,,,MAPKAPK132,,PYDC190,SLC2A14,NLRP187,TRAF93,,,SERPINB170,SERPINA199,,,SERPINI182,IL1RAPL185,DIABLO,PLAT,CD300HV,,,,CD185,PYPAF175,PYDC138,CD476,,,CD148,PYDC55,ARHGEF72,,CYP17A18,CD239,AGPAT138,ATG5,BLR1,TRAF171,IL36RFG,CDCA54,CD199,CRLF136,,SLC25A158,SERPINA192,TRIM77,,CD80,IMPDH1,,MAPKAPK138,HSPB113,,XRCC2,CLEC176A,WNT10A,,CD198,CD198,,RPS6KA25,
IL36RAEC,SLC22A104,ACOT158,NLRP197,,CD177,IL1RL2,LRP57,NLRC4,MC3R,,CD130,GSDMA137,,MAPKAPK67,TNFSF13AS,KRAS,NLRP184,,,CD39,CD147,TRIM99,CD33,CDHR103,SERPINA68,NLRP191,CBFA14,,CYCS23,PPARG,CD158l,CLEC2L65,IKZF2,,TRAF98,NLRP185,CD183,,,MAPKAPK133,,PYDC191,SLC2A2,NLRP188,TRAF94,,,SERPINB171,SERPINA200,,,SERPINI183,IL1RAPL186,AIFM1,PLG,CD300HW,,,,CD186,PYPAF176,PYDC139,CD477,,,CD149,PYDC56,ARHGEF73,,CYP19A10,CD240,AGPAT139,ATG7,GNLY,TRAF172,IL36RFH,CDCA55,CD200,CRLF137,,SLC25A159,SERPINA193,TRIM8,,CD86,IMPDH2,,MAPKAPK139,HSPB114,,XRCC3,CLEC177A,WNT10B,,CD199,CD199,,RPS6KA26,
IL36RAED,SLC22A105,ACOT159,NLRP198,,CD178,IL1RL2,LRP58,NLRC5,MC1R,,CD131,GSDMA138,,MAPKAPK68,TNFSF13AT,NRAS,NLRP185,,,CD40,CD148,TRIM100,CD34,CDHR104,SERPINA69,NLRP192,CBFA15,,CYCS24,PPARA,CD158m,CLEC2L66,IKZF3,,TRAF99,NLRP186,CD184,,,MAPKAPK134,,PYDC192,SLC2A3,NLRP189,TRAF95,,,SERPINB172,,,,SERPINI184,IL1RAPL187,ENDOG,FGA,CD300HX,,,,CD187,PYPAF177,PYDC140,CD478,,,CD150,PYDC57,ARHGEF74,,CYP21A10,CD241,AGPAT140,ATG12,NLRP2,TRAF173,IL36RFI,CDCA56,,CRLF138,,SLC25A160,SERPINA194,TRIM16,,CD40,GMPS,,MAPKAPK140,HSPB115,,XRCC4,CLEC178A,WNT11,,CD200,CD200,,RPS6KA27,
IL36RAEE,SLC22A106,ACOT160,NLRP199,,CD179a,IL1RL2,LRP59,NLRP6,POMC,,CD132,GSDMA139,,MAPKAPK69,TNFSF13AU,HRAS,NLRP186,,,CD41,CD149,TRIM101,CD37,CDHR105,SERPINA70,NLRP193,CBFA16,,CYCS25,PPARD,CD158n,CLEC2L67,IKZF4,,TRAF100,NLRP187,CD185,,,MAPKAPK135,,PYDC193,SLC2A5,NLRP190,TRAF96,,,SERPINB173,,,,SERPINI185,IL1RAPL188,GZMB,FGB,CD300HY,,,,CD188,PYPAF178,PYDC141,CD479,,,CD151,PYDC58,ARHGEF75,,CYP24J1,CD242,AGPAT141,ATG16L1,IL23A,TRAF174,IL36RFJ,CDCA57,,CRLF139,,SLC25A161,SERPINA195,TRIM27,,CD40LG,GART,,MAPKAPK141,HSPB116,,XRCC5,CLEC179A,WNT16,,,CD201,,RPS6KA28,
IL36RAEF,SLC22A107,ACOT161,NLRP200,,CD179b,IL1RL2,LRP60,NLRP7,PCSK1,,CD133,GSDMA140,,MAPKAPK70,TNFSF13AV,RAP1A,NLRP187,,,CD42,CD150,TRIM102,CD38,CDHR106,SERPINA71,NLRP194,CBFA17,,CYCS26,SREBF1,CD158o,CLEC2L68,IKZF5,,,NLRP188,CD186,,,MAPKAPK136,,PYDC194,SLC2A6,NLRP191,TRAF97,,,SERPINB174,,,,SERPINI186,IL1RAPL189,PRF1,FGG,CD300HZ,,,,CD189,PYPAF179,PYDC142,CD480,,,CD152,PYDC59,ARHGEF76,,CYP26L1,CD243,AGPAT142,,RAB33A,TRAF175,IL36RFK,CDCA58,,CRLF140,,SLC25A162,SERPINA196,TRIM40,,CD27,ATIC,,MAPKAPK142,HSPB117,,XRCC6,CLEC180A,FZD1,,,CD202,,RPS6KA29,
IL36RAEG,SLC22A108,ACOT162,,,CD180,IL1RL2,LRP61,NLRP9,PCSK2,,CD134,GSDMA141,,MAPKAPK71,TNFSF13AW,RAP1B,NLRP188,,,CD43,CD151,TRIM103,CD44,CDHR107,SERPINA72,NLRP195,CBFA18,,CYCS27,SREBF2,CD158p,CLEC2L69,,,,NLRP189,CD187,,,MAPKAPK137,,PYDC195,SLC2A8,NLRP192,TRAF98,,,SERPINB175,,,,SERPINI187,IL1RAPL190,FADD,F2,CD300HA,,,,CD190,PYPAF180,PYDC143,CD481,,,CD153,PYDC60,ARHGEF77,,CYP27K1,CD244,AGPAT143,,NCAM1,TRAF176,IL36RFL,CDCA59,,CRLF141,,SLC25A163,SERPINA197,TRIM41,,CD70,PFAS,,MAPKAPK143,HSPB118,,LIG1,CLEC181A,FZD2,,,CD203,,RPS6KA30,
IL36RAEH,SLC22A109,ACOT163,,,CD181,IL1RL2,LRP62,NLRP10,CYP11A1,,CD135,GSDMA142,,MAPKAPK72,TNFSF13AX,RAP2A,NLRP189,,,CD44,CD152,TRIM104,CD48,CDHR108,SERPINA73,NLRP196,CBFA19,,CYCS28,INSR,CD158q,CLEC2L70,,,,NLRP190,CD188,,,MAPKAPK138,,PYDC196,SLC2A9,NLRP193,TRAF99,,,SERPINB176,,,,SERPINI188,IL1RAPL191,FAS,F2R,CD300HB,,,,CD191,PYPAF181,PYDC144,CD482,,,CD154,PYDC61,ARHGEF78,,CYP39A10,CD245,AGPAT144,,IL12B,TRAF177,IL36RFM,CDCA60,,CRLF142,,SLC25A164,SERPINA198,TRIM47,,CD30,PAICS,,MAPKAPK144,HSPB119,,LIG3,CLEC182A,FZD3,,,CD204,,RPS6KA31,
IL36RAEI,SLC22A110,ACOT164,,,CD182,IL1RL2,LRP63,NLRP13,CYP11B1,,CD136,GSDMA143,,MAPKAPK73,TNFSF13AY,RAP2B,NLRP190,,,CD45,CD153,TRIM105,CD52,CDHR109,SERPINA74,NLRP197,CBFA20,,CYCS29,IGF1R,CD158r,CLEC2L71,,,,NLRP191,CD189,,,MAPKAPK139,,PYDC197,SLC2A11,NLRP194,TRAF100,,,SERPINB177,,,,SERPINI189,IL1RAPL192,FASLG,F3,CD300HC,,,,CD192,PYPAF182,PYDC145,CD483,,,CD155,PYDC62,ARHGEF79,,CYP46A10,CD246,AGPAT145,,CD4,TRAF178,IL36RFN,CDCA61,,CRLF143,,SLC25A165,SERPINA199,TRIM50,,CD30LG,ADSL,,MAPKAPK145,HSPB120,,LIG4,CLEC183A,FZD4,,,CD205,,RPS6KA32,
IL36RAEJ,SLC22A111,ACOT165,,,CD183,IL1RL2,LRP64,NLRP14,CYP11B2,,CD137,GSDMA144,,MAPKAPK74,TNFSF13AZ,RAP2C,NLRP191,,,CD46,CD154,TRIM106,CD53,CDHR110,SERPINA75,NLRP198,CBFA21,,CYCS30,LEPR,CD158s,CLEC2L72,,,,NLRP192,CD190,,,MAPKAPK140,,PYDC198,SLC2A12,NLRP195,,,,SERPINB178,,,,SERPINI190,IL1RAPL193,TNFRSF1A,F7,CD300HD,,,,CD193,PYPAF183,PYDC146,CD484,,,CD156,PYDC63,ARHGEF80,,CYP51A10,CD247,AGPAT146,,BPI,TRAF179,IL36RFO,CDCA62,,CRLF144,,SLC25A166,SERPINA200,TRIM52,,CD137,ADSS,,MAPKAPK146,HSPB121,,PARP1,CLEC184A,FZD5,,,CD206,,RPS6KA33,
IL36RAEK,SLC22A112,ACOT166,,,CD184,IL1RL2,LRP65,NOD1,CYP17A1,,CD138,GSDMA145,,MAPKAPK75,TNFSF13BA,RALGDS,NLRP192,,,CD47,CD155,TRIM107,CD58,CDHR111,SERPINA76,NLRP199,CBFA22,,CYCS31,ADIPOR1,CD158t,CLEC2L73,,,,NLRP193,CD191,,,MAPKAPK141,,PYDC199,SLC2A13,NLRP196,,,,SERPINB179,,,,SERPINI191,IL1RAPL194,TNFRSF1B,F10,CD300HE,,,,CD194,PYPAF184,PYDC147,CD485,,,CD157,PYDC64,ARHGEF81,,CYP7B10,CD248,AGPAT147,,CASP8,TRAF180,IL36RFP,CDCA63,,CRLF145,,SLC25A167,,TRIM54,,CD137L,AMPD1,,MAPKAPK147,HSPB122,,PARP2,CLEC185A,FZD6,,,CD207,,RPS6KA34,
IL36RAEL,SLC22A113,ACOT167,,,CD185,IL1RL2,LRP66,NOD2,CYP19A1,,CD139,GSDMA146,,MAPKAPK76,TNFSF13BB,RALA,NLRP193,,,CD48,CD156,TRIM108,CD63,CDHR112,SERPINA77,NLRP200,CBFA23,,CYCS32,ADIPOR2,CD158u,CLEC2L74,,,,NLRP194,CD192,,,MAPKAPK142,,PYDC200,SLC2A14,NLRP197,,,,SERPINB180,,,,SERPINI192,IL1RAPL195,TRADD,F12,CD300HF,,,,CD195,PYPAF185,PYDC148,CD486,,,CD158,PYDC65,ARHGEF82,,CYP8B10,CD249,AGPAT148,,,TRAF181,IL36RFQ,CDCA64,,CRLF146,,SLC25A168,,TRIM55,,OX40,AMPD2,,MAPKAPK148,HSPB123,,PARP3,CLEC186A,FZD7,,,CD208,,RPS6KA35,
IL36RAEM,SLC22A114,ACOT168,,,CD186,IL1RL2,LRP67,CIITA,CYP21A2,,CD140A,GSDMA147,,MAPKAPK77,TNFSF13BC,RALB,NLRP194,,,CD49,CD157,TRIM109,CD69,CDHR113,SERPINA78,,CBFA24,,CYCS33,NR3C1,CD158v,CLEC2L75,,,,NLRP195,CD193,,,MAPKAPK143,,,SLC2A2,NLRP198,,,,SERPINB181,,,,SERPINI193,IL1RAPL196,RIPK1,SERPINC1,CD300HG,,,,CD196,PYPAF186,PYDC149,CD487,,,CD159,PYDC66,ARHGEF83,,CYP11A10,CD250,AGPAT149,,,TRAF182,IL36RFR,CDCA65,,CRLF147,,SLC25A169,,TRIM59,,OX40L,AMPD3,,MAPKAPK149,HSPB124,,POLB,CLEC187A,FZD8,,,CD209,,RPS6KA36,
IL36RAEN,SLC22A115,ACOT169,,,CD187,IL1RL2,LRP68,CARD8,HSD3B1,,CD140B,GSDMA148,,MAPKAPK78,TNFSF13BD,RAF1,NLRP195,,,CD50,CD158,TRIM110,CD72,CDHR114,SERPINA79,,CBFA25,,CYCS34,NR3C2,CD158w,CLEC2L76,,,,NLRP196,CD194,,,MAPKAPK144,,,SLC2A3,NLRP199,,,,SERPINB182,,,,SERPINI194,IL1RAPL197,RIPK3,PROC,CD300HH,,,,CD197,PYPAF187,PYDC150,CD488,,,CD160,PYDC67,ARHGEF84,,CYP11B19,CD251,AGPAT150,,,TRAF183,IL36RFS,CDCA66,,CRLF148,,SLC25A170,,TRIM66,,ICOS,AK1,,MAPKAPK150,HSPB125,,POLD1,CLEC188A,FZD9,,,CD210,,RPS6KA37,
IL36RAEO,SLC22A116,ACOT170,,,CD188,IL1RL2,LRP69,CARD9,HSD3B2,,CD141,GSDMA149,,MAPKAPK79,TNFSF13BE,BRAF,NLRP196,,,CD51,CD159,TRIM111,CD74,CDHR115,SERPINA80,,CBFA26,,CYCS35,POMC,CD158x,CLEC2L77,,,,NLRP197,CD195,,,MAPKAPK145,,,SLC2A5,NLRP200,,,,SERPINB183,,,,SERPINI195,IL1RAPL198,MLKL,PROS1,CD300HI,,,,CD198,PYPAF188,PYDC151,CD489,,,CD161,PYDC68,ARHGEF85,,CYP11B20,CD252,AGPAT151,,,TRAF184,IL36RFT,CDCA67,,CRLF149,,SLC25A171,,TRIM72,,ICOSLG,AK2,,MAPKAPK151,HSPB126,,POLE,CLEC189A,FZD10,,,CD211,,RPS6KA38,
IL36RAEP,SLC22A117,ACOT171,,,CD189,IL1RL2,LRP70,CARD10,HSD17B1,,CD142,GSDMA150,,MAPKAPK80,TNFSF13BF,MAP2K1,NLRP197,,,CD52,CD160,TRIM112,CD81,CDHR116,SERPINA81,,CBFA27,,CYCS36,MC4R,CD158y,CLEC2L78,,,,NLRP198,CD196,,,MAPKAPK146,,,SLC2A6,,,,,SERPINB184,,,,SERPINI196,IL1RAPL199,NLRP3,THBD,CD300HJ,,,,CD199,PYPAF189,PYDC152,CD490,,,CD162,PYDC69,ARHGEF86,,CYP17A19,CD253,AGPAT152,,,TRAF185,IL36RFU,CDCA68,,CRLF150,,SLC25A172,,TRIM73,,CD28,AK3,,MAPKAPK152,HSPB127,,PCNA,CLEC190A,LRP5,,,CD212,,RPS6KA39,
IL36RAEQ,SLC22A118,ACOT172,,,CD190,IL1RL2,LRP71,CARD11,HSD17B2,,CD143,GSDMA151,,MAPKAPK81,TNFSF13BG,MAP2K2,NLRP198,,,CD53,CD161,TRIM113,CD82,CDHR117,SERPINA82,,CBFA28,,CYCS37,MC3R,CD158z,CLEC2L79,,,,NLRP199,CD197,,,MAPKAPK147,,,SLC2A8,,,,,SERPINB185,,,,SERPINI197,IL1RAPL200,NLRP1,VWF,CD300HK,,,,CD200,PYPAF190,PYDC153,CD491,,,CD163,PYDC70,ARHGEF87,,CYP17A20,CD254,AGPAT153,,,TRAF186,IL36RFV,CDCA69,,CRLF151,,SLC25A173,,TRIM74,,CTLA4,AK4,,MAPKAPK153,HSPB128,,RPA1,CLEC191A,LRP6,,,CD213a1,,RPS6KA40,
IL36RAER,SLC22A119,ACOT173,,,CD191,IL1RL2,LRP72,CARD14,HSD17B3,,CD144,GSDMA152,,MAPKAPK82,TNFSF13BH,MAPK1,NLRP199,,,CD54,CD162,TRIM114,CD83,CDHR118,SERPINA83,,CBFA29,,CYCS38,AGRP,CD159a,CLEC2L80,,,,NLRP200,CD198,,,MAPKAPK148,,,SLC2A9,,,,,SERPINB186,,,,SERPINI198,,AIM2,GP1BA,CD300HL,,,,CD201,PYPAF191,PYDC154,CD492,,,CD164,PYDC71,ARHGEF88,,CYP19A11,CD255,AGPAT154,,,TRAF187,IL36RFW,CDCA70,,CRLF152,,SLC25A174,,TRIM75,,PDCD1,NME1,,MAPKAPK154,HSPB129,,RPA2,CLEC192A,CTNNBIP1,,,CD213a2,,RPS6KA41,
IL36RAES,SLC22A120,ACOT174,,,CD192,IL1RL2,LRP73,BIRC2,SRD5A1,,CD145,GSDMA153,,MAPKAPK83,TNFSF13BI,MAPK3,NLRP200,,,CD55,CD163,TRIM115,CD84,CDHR119,SERPINA84,,CBFA30,,CYCS39,NPY,CD159b,CLEC2L81,,,,,CD199,,,MAPKAPK149,,,SLC2A11,,,,,SERPINB187,,,,SERPINI199,,PYDC1,GP1BB,CD300HM,,,,CD202,PYPAF192,PYDC155,CD493,,,CD165,PYDC72,ARHGEF89,,CYP21A11,CD256,AGPAT155,,,TRAF188,IL36RFX,CDCA71,,CRLF153,,SLC25A175,,TRIM76,,PDCD1LG2,NME2,,MAPKAPK155,HSPB130,,RPA3,CLEC193A,GSK3A,,,CD214,,RPS6KA42,
IL36RAET,SLC22A121,ACOT175,,,CD193,IL1RL2,LRP74,BIRC3,SRD5A2,,CD146,GSDMA154,,MAPKAPK84,TNFSF13BJ,ELK1,,,,CD56,CD164,TRIM116,CD86,CDHR120,SERPINA85,,CBFA31,,CYCS40,GHRL,CD159c,CLEC2L82,,,,,CD200,,,MAPKAPK150,,,SLC2A12,,,,,SERPINB188,,,,SERPINI200,,MEFV,GP9,CD300HN,,,,CD203a,PYPAF193,PYDC156,CD494,,,CD166,PYDC73,ARHGEF90,,CYP24K1,CD257,AGPAT156,,,TRAF189,IL36RFY,CDCA72,,CRLF154,,SLC25A176,,TRIM78,,LAG3,NME3,,MAPKAPK156,HSPB131,,RFC1,CLEC194A,GSK3B,,,CD215,,RPS6KA43,
IL36RAEU,SLC22A122,ACOT176,,,CD194,IL1RL2,LRP75,XIAP,AKR1C1,,CD147,GSDMA155,,MAPKAPK85,TNFSF13BK,SRF,,,,CD57,CD165,TRIM117,CD89,CDHR121,SERPINA86,,CBFA32,,CYCS41,GHSR,CD159d,CLEC2L83,,,,,CD201,,,MAPKAPK151,,,SLC2A13,,,,,SERPINB189,,,,,,NOD1,GP5,CD300HO,,,,CD203b,PYPAF194,PYDC157,CD495,,,CD167,PYDC74,ARHGEF91,,CYP26M1,CD258,AGPAT157,,,TRAF190,IL36RFZ,CDCA73,,CRLF155,,SLC25A177,,TRIM79,,HAVCR2,NME4,,MAPKAPK157,HSPB132,,RFC2,CLEC195A,CSNK1A1,,,CD216,,RPS6KA44,
IL36RAEV,SLC22A123,ACOT177,,,CD195,IL1RL2,LRP76,cIAP1,AKR1C2,,CD148,GSDMA156,,MAPKAPK86,TNFSF13BL,FOSL1,,,,CD58,CD166,TRIM118,CD93,CDHR122,SERPINA87,,CBFA33,,CYCS42,UCP1,CD159e,CLEC2L84,,,,,CD202,,,MAPKAPK152,,,SLC2A14,,,,,SERPINB190,,,,,,NOD2,ITGA2B,CD300HP,,,,CD204,PYPAF195,PYDC158,CD496,,,CD168,PYDC75,ARHGEF92,,CYP27L1,CD259,AGPAT158,,,TRAF191,IL36RGA,CDCA74,,CRLF156,,SLC25A178,,TRIM80,,TIGIT,NME5,,MAPKAPK158,HSPB133,,RFC3,CLEC196A,CSNK1D,,,CD217,,RPS6KA45,
IL36RAEW,SLC22A124,ACOT178,,,CD196,IL1RL2,LRP77,cIAP2,AKR1C3,,CD149,GSDMA157,,MAPKAPK87,TNFSF13BM,FOSL2,,,,CD59,CD167,TRIM119,CD96,CDHR123,SERPINA88,,CBFA34,,CYCS43,UCP2,CD159f,CLEC2L85,,,,,CD203,,,MAPKAPK153,,,SLC2A2,,,,,SERPINB191,,,,,,CARD8,ITGB3,CD300HQ,,,,CD205,PYPAF196,PYDC159,CD497,,,CD169,PYDC76,ARHGEF93,,CYP39A11,CD260,AGPAT159,,,TRAF192,IL36RGB,CDCA75,,CRLF157,,SLC25A179,,TRIM81,,CD96,NME6,,MAPKAPK159,HSPB134,,RFC4,CLEC197A,CSNK1E,,,CD218a,,RPS6KA46,
IL36RAEX,SLC22A125,ACOT179,,,CD197,IL1RL2,LRP78,NAIP,AKR1C4,,CD150,GSDMA158,,MAPKAPK88,TNFSF13BN,FOSB,,,,CD60,CD168,TRIM120,CD97,CDHR124,SERPINA89,,CBFA35,,CYCS44,UCP3,CD159g,CLEC2L86,,,,,CD204,,,MAPKAPK154,,,SLC2A3,,,,,SERPINB192,,,,,,IFI16,PF4,CD300HR,,,,CD206,PYPAF197,PYDC160,CD498,,,CD170,PYDC77,ARHGEF94,,CYP46A11,CD261,AGPAT160,,,TRAF193,IL36RGC,CDCA76,,CRLF158,,SLC25A180,,TRIM82,,CD226,NME7,,MAPKAPK160,HSPB135,,RFC5,CLEC198A,CSNK1G1,,,CD218b,,RPS6KA47,
IL36RAEY,SLC22A126,ACOT180,,,CD198,IL1RL2,LRP79,MEFV,,,CD151,GSDMA159,,MAPKAPK89,TNFSF13BO,JUNB,,,,CD61,CD169,TRIM121,CD99,CDHR125,SERPINA90,,CBFA36,,CYCS45,SLC2A1,CD159h,CLEC2L87,,,,,CD205,,,MAPKAPK155,,,SLC2A5,,,,,SERPINB193,,,,,,NLRC4,PPBP,CD300HS,,,,CD207,PYPAF198,PYDC161,CD499,,,CD171,PYDC78,ARHGEF95,,CYP51A11,CD262,AGPAT161,,,TRAF194,IL36RGD,CDCA77,,CRLF159,,SLC25A181,,TRIM83,,SLAMF1,NME8,,MAPKAPK161,HSPB136,,MCM2,CLEC199A,CSNK1G2,,,CD219,,RPS6KA48,
IL36RAEZ,SLC22A127,ACOT181,,,CD199,IL1RL2,LRP80,PSTPIP1,,,CD152,GSDMA160,,MAPKAPK90,TNFSF13BP,JUND,,,,CD62,CD170,TRIM122,CD101,CDHR126,SERPINA91,,CBFA37,,CYCS46,SLC2A4,CD159i,CLEC2L88,,,,,CD206,,,MAPKAPK156,,,SLC2A6,,,,,SERPINB194,,,,,,NLRC5,SPP1,CD300HT,,,,CD208,PYPAF199,PYDC162,CD500,,,CD172a,PYDC79,ARHGEF96,,CYP7B11,CD263,AGPAT162,,,TRAF195,IL36RGE,CDCA78,,CRLF160,,SLC25A182,,TRIM84,,SLAMF2,NME9,,MAPKAPK162,HSPB137,,MCM3,CLEC200A,CSNK1G3,,,CD220,,RPS6KA49,
IL36RAFA,SLC22A128,ACOT182,,,CD200,IL1RL2,LRP81,PYCARD,,,CD153,GSDMA161,,MAPKAPK91,TNFSF13BQ,MYC,,,,CD63,CD171,TRIM123,CD102,CDHR127,SERPINA92,,CBFA38,,CYCS47,HK1,CD159j,CLEC2L89,,,,,CD207,,,MAPKAPK157,,,SLC2A8,,,,,SERPINB195,,,,,,PYCARD,S100A8,CD300HU,,,,CD209,PYPAF200,PYDC163,,,,CD172b,PYDC80,ARHGEF97,,CYP8B11,CD264,AGPAT163,,,TRAF196,IL36RGF,CDCA79,,CRLF161,,SLC25A183,,TRIM85,,SLAMF3,NME10,,MAPKAPK163,HSPB138,,MCM4,,DVL1,,,CD221,,RPS6KA50,
IL36RAFB,SLC22A129,ACOT183,,,CD201,IL1RL2,LRP82,SARM1,,,CD154,GSDMA162,,MAPKAPK92,TNFSF13BR,MAX,,,,CD64,CD172a,TRIM124,CD103,CDHR128,SERPINA93,,CBFA39,,CYCS48,HK2,CD159k,CLEC2L90,,,,,CD208,,,MAPKAPK158,,,SLC2A9,,,,,SERPINB196,,,,,,GSDMD,S100A9,CD300HV,,,,CD210,,PYDC164,,,,CD173,PYDC81,ARHGEF98,,CYP11A11,CD265,AGPAT164,,,TRAF197,IL36RGG,CDCA80,,CRLF162,,SLC25A184,,TRIM86,,SLAMF4,NME11,,MAPKAPK164,HSPB139,,MCM5,,DVL2,,,CD222,,RPS6KA51,
IL36RAFC,SLC22A130,ACOT184,,,CD202,IL1RL2,LRP83,TRIM21,,,CD155,GSDMA163,,MAPKAPK93,TNFSF13BS,MGA,,,,CD65,CD172b,TRIM125,CD104,CDHR129,SERPINA94,,CBFA40,,CYCS49,PFKM,CD159l,CLEC2L91,,,,,CD209,,,MAPKAPK159,,,SLC2A11,,,,,SERPINB197,,,,,,GSDME,CRP,CD300HW,,,,CD211,,PYDC165,,,,CD174,PYDC82,ARHGEF99,,CYP11B21,CD266,AGPAT165,,,TRAF198,IL36RGH,CDCA81,,CRLF163,,SLC25A185,,TRIM87,,SLAMF5,NME12,,MAPKAPK165,HSPB140,,MCM6,,DVL3,,,CD223,,RPS6KA52,
IL36RAFD,SLC22A131,ACOT185,,,CD203,IL1RL2,LRP84,TRIM25,,,CD156,GSDMA164,,MAPKAPK94,TNFSF13BT,MXI1,,,,CD66,CD173,TRIM126,CD105,CDHR130,SERPINA95,,CBFA41,,CYCS50,PFKP,CD159m,CLEC2L92,,,,,CD210,,,MAPKAPK160,,,SLC2A12,,,,,SERPINB198,,,,,,IL1A,ORM1,CD300HX,,,,CD212,,PYDC166,,,,CD175,PYDC83,ARHGEF100,,CYP11B22,CD267,AGPAT166,,,TRAF199,IL36RGI,CDCA82,,CRLF164,,SLC25A186,,TRIM88,,SLAMF6,NME13,,MAPKAPK166,HSPB141,,MCM7,,APC2,,,CD224,,RPS6KA53,
IL36RAFE,SLC22A132,ACOT186,,,CD204,IL1RL2,LRP85,TRIM27,,,CD157,GSDMA165,,MAPKAPK95,TNFSF13BU,MNT,,,,CD67,CD174,TRIM127,CD106,CDHR131,SERPINA96,,CBFA42,,CYCS51,PFKL,CD159n,CLEC2L93,,,,,CD211,,,MAPKAPK161,,,SLC2A13,,,,,SERPINB199,,,,,,IL1RN,ORM2,CD300HY,,,,CD213a1,,PYDC167,,,,CD176,PYDC84,ARHGEF101,,CYP17A21,CD268,AGPAT167,,,TRAF200,IL36RGJ,CDCA83,,CRLF165,,SLC25A187,,TRIM89,,SLAMF7,NME14,,MAPKAPK167,HSPB142,,ORC1,,AXIN1,,,CD225,,RPS6KA54,
IL36RAFF,SLC22A133,ACOT187,,,CD205,IL1RL2,LRP86,TRIM28,,,CD158,GSDMA166,,MAPKAPK96,TNFSF13BV,MAD1L1,,,,CD68,CD175,TRIM128,CD107a,CDHR132,SERPINA97,,CBFA43,,CYCS52,PKM,CD159o,CLEC2L94,,,,,CD212,,,MAPKAPK162,,,SLC2A14,,,,,SERPINB200,,,,,,IL36A,HPX,CD300HZ,,,,CD213a2,,PYDC168,,,,CD177,PYDC85,ARHGEF102,,CYP17A22,CD269,AGPAT168,,,,IL36RGK,CDCA84,,CRLF166,,SLC25A188,,TRIM90,,SLAMF8,NME15,,MAPKAPK168,HSPB143,,ORC2,,AXIN2,,,CD226,,RPS6KA55,
IL36RAFG,SLC22A134,ACOT188,,,CD206,IL1RL2,LRP87,TRIM33,,,CD159,GSDMA167,,MAPKAPK97,TNFSF13BW,MAD2L1,,,,CD69,CD176,TRIM129,CD107b,CDHR133,SERPINA98,,CBFA44,,CYCS53,LDHA,CD159p,CLEC2L95,,,,,CD213,,,MAPKAPK163,,,SLC2A2,,,,,,,,,,,IL36B,TFRC,,,,,CD214,,PYDC169,,,,CD178,PYDC86,ARHGEF103,,CYP19A12,CD270,AGPAT169,,,,IL36RGL,CDCA85,,CRLF167,,SLC25A189,,TRIM91,,SLAMF9,NME16,,MAPKAPK169,HSPB144,,ORC3,,TCF7,,,CD227,,RPS6KA56,
IL36RAFH,SLC22A135,ACOT189,,,CD207,IL1RL2,LRP88,TRIM38,,,CD160,GSDMA168,,MAPKAPK98,TNFSF13BX,MAD2L2,,,,CD70,CD177,TRIM130,CD108,CDHR134,SERPINA99,,CBFA45,,CYCS54,LDHB,CD159q,CLEC2L96,,,,,CD214,,,MAPKAPK164,,,SLC2A3,,,,,,,,,,,IL36G,SLC11A1,,,,,CD215,,PYDC170,,,,CD179a,PYDC87,ARHGEF104,,CYP21A12,CD271,AGPAT170,,,,IL36RGM,CDCA86,,CRLF168,,SLC25A190,,TRIM92,,CD2,NME17,,MAPKAPK170,HSPB145,,ORC4,,TCF7L1,,,CD228,,RPS6KA57,
IL36RAFI,SLC22A136,ACOT190,,,CD208,IL1RL2,LRP89,TRIM39,,,CD161,GSDMA169,,MAPKAPK99,TNFSF13BY,MAD3L,,,,CD71,CD178,TRIM131,CD109,CDHR135,SERPINA100,,CBFA46,,CYCS55,PDK1,CD159r,CLEC2L97,,,,,CD215,,,MAPKAPK165,,,SLC2A5,,,,,,,,,,,IL36RN,NRAMP1,,,,,CD216,,PYDC171,,,,CD179b,PYDC88,ARHGEF105,,CYP24L1,CD272,AGPAT171,,,,IL36RGN,CDCA87,,CRLF169,,SLC25A191,,TRIM93,,CD3D,NME18,,MAPKAPK171,HSPB146,,ORC5,,TCF7L2,,,CD229,,RPS6KA58,
IL36RAFJ,SLC22A137,ACOT191,,,CD209,IL1RL2,LRP90,TRIM41,,,CD162,GSDMA170,,MAPKAPK100,TNFSF13BZ,MAD4,,,,CD72,CD179a,TRIM132,CD112,CDHR136,SERPINA101,,CBFA47,,CYCS56,PDK2,CD159s,CLEC2L98,,,,,CD216,,,MAPKAPK166,,,SLC2A6,,,,,,,,,,,IL37,LTF,,,,,CD217,,PYDC172,,,,CD180,PYDC89,ARHGEF106,,CYP26N1,CD273,AGPAT172,,,,IL36RGO,CDCA88,,CRLF170,,SLC25A192,,TRIM94,,CD3E,NME19,,MAPKAPK172,HSPB147,,ORC6,,LEF1,,,CD230,,RPS6KA59,
IL36RAFK,SLC22A138,ACOT192,,,CD210,IL1RL2,LRP91,TRIM44,,,CD163,GSDMA171,,MAPKAPK101,TNFSF13CA,USF1,,,,CD73,CD179b,TRIM133,CD113,CDHR137,SERPINA102,,CBFA48,,CYCS57,PDK3,CD159t,CLEC2L99,,,,,CD217,,,MAPKAPK167,,,SLC2A8,,,,,,,,,,,IL38,LTFRC,,,,,CD218a,,PYDC173,,,,CD181,PYDC90,ARHGEF107,,CYP27M1,CD274,AGPAT173,,,,IL36RGP,CDCA89,,CRLF171,,SLC25A193,,TRIM95,,CD3G,NME20,,MAPKAPK173,HSPB148,,CDC6,,NKD1,,,CD231,,RPS6KA60,
IL36RAFL,SLC22A139,ACOT193,,,CD211,IL1RL2,LRP92,TRIM46,,,CD164,GSDMA172,,MAPKAPK102,TNFSF13CB,USF2,,,,CD74,CD180,TRIM134,CD114,CDHR138,SERPINA103,,CBFA49,,CYCS58,PDK4,CD159u,CLEC2L100,,,,,CD218,,,MAPKAPK168,,,SLC2A9,,,,,,,,,,,IL12A,,,,,,CD218b,,PYDC174,,,,CD182,PYDC91,ARHGEF108,,CYP39A12,CD275,AGPAT174,,,,IL36RGQ,CDCA90,,CRLF172,,SLC25A194,,TRIM96,,CD4,NME21,,MAPKAPK174,HSPB149,,CDT1,,NKD2,,,CD232,,RPS6KA61,
IL36RAFM,SLC22A140,ACOT194,,,CD212,IL1RL2,LRP93,TRIM47,,,CD165,GSDMA173,,MAPKAPK103,TNFSF13CC,TFAP2A,,,,CD75,CD181,TRIM135,CD115,CDHR139,SERPINA104,,CBFA50,,CYCS59,PDP1,CD159v,CLEC2L101,,,,,CD219,,,MAPKAPK169,,,SLC2A11,,,,,,,,,,,IL12B,,,,,,CD219,,PYDC175,,,,CD183,PYDC92,ARHGEF109,,CYP46A12,CD276,AGPAT175,,,,IL36RGR,CDCA91,,CRLF173,,SLC25A195,,TRIM97,,CD8A,NME22,,MAPKAPK175,HSPB150,,GMNN,,RNF43,,,CD233,,RPS6KA62,
IL36RAFN,SLC22A141,ACOT195,,,CD213,IL1RL2,LRP94,TRIM48,,,CD166,GSDMA174,,MAPKAPK104,TNFSF13CD,TFAP2B,,,,CD76,CD182,TRIM136,CD116,CDHR140,SERPINA105,,CBFA51,,CYCS60,PDP2,CD159w,CLEC2L102,,,,,CD220,,,MAPKAPK170,,,SLC2A12,,,,,,,,,,,IL23A,,,,,,CD220,,PYDC176,,,,CD184,PYDC93,ARHGEF110,,CYP51A12,CD277,AGPAT176,,,,IL36RGS,CDCA92,,CRLF174,,SLC25A196,,TRIM98,,CD8B,NME23,,MAPKAPK176,HSPB151,,GINS1,,ZNRF3,,,CD234,,RPS6KA63,
IL36RAFO,SLC22A142,ACOT196,,,CD214,IL1RL2,LRP95,TRIM49,,,CD167,GSDMA175,,MAPKAPK105,TNFSF13CE,TFAP2C,,,,CD77,CD183,TRIM137,CD117,CDHR141,SERPINA106,,CBFA52,,CYCS61,PDHA1,CD159x,CLEC2L103,,,,,CD221,,,MAPKAPK171,,,SLC2A13,,,,,,,,,,,IL27,,,,,,CD221,,PYDC177,,,,CD185,PYDC94,ARHGEF111,,CYP7B12,CD278,AGPAT177,,,,IL36RGT,CDCA93,,CRLF175,,SLC25A197,,TRIM99,,CD19,NME24,,MAPKAPK177,HSPB152,,GINS2,,RSPO1,,,CD235a,,RPS6KA64,
IL36RAFP,SLC22A143,ACOT197,,,CD215,IL1RL2,LRP96,TRIM50,,,CD168,GSDMA176,,MAPKAPK106,TNFSF13CF,TFAP2D,,,,CD78,CD184,TRIM138,CD118,CDHR142,SERPINA107,,CBFA53,,CYCS62,PDHA2,CD159y,CLEC2L104,,,,,CD222,,,MAPKAPK172,,,SLC2A14,,,,,,,,,,,IL15,,,,,,CD222,,PYDC178,,,,CD186,PYDC95,ARHGEF112,,CYP8B12,CD279,AGPAT178,,,,IL36RGU,CDCA94,,CRLF176,,SLC25A198,,TRIM100,,CD20,NME25,,MAPKAPK178,HSPB153,,GINS3,,RSPO2,,,CD235b,,RPS6KA65,
IL36RAFQ,SLC22A144,ACOT198,,,CD216,IL1RL2,LRP97,TRIM52,,,CD169,GSDMA177,,MAPKAPK107,TNFSF13CG,TFAP2E,,,,CD79,CD185,TRIM139,CD119,CDHR143,SERPINA108,,CBFA54,,CYCS63,PDHB,CD159z,CLEC2L105,,,,,CD223,,,MAPKAPK173,,,SLC2A2,,,,,,,,,,,IL15RA,,,,,,CD223,,PYDC179,,,,CD187,PYDC96,ARHGEF113,,CYP11A12,CD280,AGPAT179,,,,IL36RGV,CDCA95,,CRLF177,,SLC25A199,,TRIM101,,CD22,NME26,,MAPKAPK179,HSPB154,,GINS4,,RSPO3,,,CD236,,RPS6KA66,
IL36RAFR,SLC22A145,ACOT199,,,CD217,IL1RL2,LRP98,TRIM54,,,CD170,GSDMA178,,MAPKAPK108,TNFSF13CH,TFAP2F,,,,CD80,CD186,TRIM140,CD120a,CDHR144,SERPINA109,,CBFA55,,CYCS64,DLAT,CD160a,CLEC2L106,,,,,CD224,,,MAPKAPK174,,,SLC2A3,,,,,,,,,,,IL2,,,,,,CD224,,PYDC180,,,,CD188,PYDC97,ARHGEF114,,CYP11B23,CD281,AGPAT180,,,,IL36RGW,CDCA96,,CRLF178,,SLC25A200,,TRIM102,,CD24,NME27,,MAPKAPK180,HSPB155,,CDC45,,RSPO4,,,CD237,,RPS6KA67,
IL36RAFS,SLC22A146,ACOT200,,,CD218,IL1RL2,LRP99,TRIM55,,,CD171,GSDMA179,,MAPKAPK109,TNFSF13CI,SP1,,,,CD81,CD187,TRIM141,CD120b,CDHR145,SERPINA110,,CBFA56,,CYCS65,DLD,CD160b,CLEC2L107,,,,,CD225,,,MAPKAPK175,,,SLC2A5,,,,,,,,,,,IL2RA,,,,,,CD225,,PYDC181,,,,CD189,PYDC98,ARHGEF115,,CYP11B24,CD282,AGPAT181,,,,IL36RGX,CDCA97,,CRLF179,,,,TRIM103,,CD25,NME28,,MAPKAPK181,HSPB156,,MUS81,,LRP4,,,CD238,,RPS6KA68,
IL36RAFT,SLC22A147,,,,CD219,IL1RL2,LRP100,TRIM56,,,CD172A,GSDMA180,,MAPKAPK110,TNFSF13CJ,SP2,,,,CD82,CD188,TRIM142,CD121a,CDHR146,SERPINA111,,CBFA57,,CYCS66,PDHX,CD160c,CLEC2L108,,,,,CD226,,,MAPKAPK176,,,SLC2A6,,,,,,,,,,,IL2RB,,,,,,CD226,,PYDC182,,,,CD190,PYDC99,ARHGEF116,,CYP17A23,CD283,AGPAT182,,,,IL36RGY,CDCA98,,CRLF180,,,,TRIM104,,CD38,NME29,,MAPKAPK182,HSPB157,,EME1,,LRP8,,,CD239,,RPS6KA69,
IL36RAFU,SLC22A148,,,,CD220,IL1RL2,LRP101,TRIM58,,,CD172B,GSDMA181,,MAPKAPK111,TNFSF13CK,SP3,,,,CD83,CD189,TRIM143,CD121b,CDHR147,SERPINA112,,CBFA58,,CYCS67,PDP1,CD160d,CLEC2L109,,,,,CD227,,,MAPKAPK177,,,SLC2A8,,,,,,,,,,,IL2RG,,,,,,CD227,,PYDC183,,,,CD191,PYDC100,ARHGEF117,,CYP17A24,CD284,AGPAT183,,,,IL36RGZ,CDCA99,,CRLF181,,,,TRIM105,,CD45,NME30,,MAPKAPK183,HSPB158,,EME2,,LRP10,,,CD240,,RPS6KA70,
IL36RAFV,SLC22A149,,,,CD221,IL1RL2,LRP102,TRIM59,,,CD172C,GSDMA182,,MAPKAPK112,TNFSF13CL,SP4,,,,CD84,CD190,TRIM144,CD122,CDHR148,SERPINA113,,CBFA59,,CYCS68,PDP2,CD160e,CLEC2L110,,,,,CD228,,,MAPKAPK178,,,SLC2A9,,,,,,,,,,,IL4,,,,,,CD228,,PYDC184,,,,CD192,PYDC101,ARHGEF118,,CYP19A13,CD285,AGPAT184,,,,IL36RHA,CDCA100,,CRLF182,,,,TRIM106,,CD56,NME31,,MAPKAPK184,HSPB159,,SLX4,,LRP12,,,CD241,,RPS6KA71,
IL36RAFW,SLC22A150,,,,CD222,IL1RL2,LRP103,TRIM60,,,CD173,GSDMA183,,MAPKAPK113,TNFSF13CM,SP5,,,,CD85,CD191,TRIM145,CD123,CDHR149,SERPINA114,,CBFA60,,CYCS69,PDP3,CD160f,CLEC2L111,,,,,CD229,,,MAPKAPK179,,,SLC2A11,,,,,,,,,,,IL4R,,,,,,CD229,,PYDC185,,,,CD193,PYDC102,ARHGEF119,,CYP21A13,CD286,AGPAT185,,,,IL36RHB,,,CRLF183,,,,TRIM107,,CD69,NME32,,MAPKAPK185,HSPB160,,SLX1A,,LRP1B,,,CD242,,RPS6KA72,
IL36RAFX,SLC22A151,,,,CD223,IL1RL2,LRP104,TRIM61,,,CD174,GSDMA184,,MAPKAPK114,TNFSF13CN,SP6,,,,CD86,CD192,TRIM146,CD124,CDHR150,SERPINA115,,CBFA61,,CYCS70,PDP4,CD160g,CLEC2L112,,,,,CD230,,,MAPKAPK180,,,SLC2A12,,,,,,,,,,,IL13,,,,,,CD230,,PYDC186,,,,CD194,PYDC103,ARHGEF120,,CYP24M1,CD287,AGPAT186,,,,IL36RHC,,,CRLF184,,,,TRIM108,,CD79A,NME33,,MAPKAPK186,HSPB161,,SLX1B,,LRP2,,,CD243,,RPS6KA73,
IL36RAFY,SLC22A152,,,,CD224,IL1RL2,LRP105,TRIM62,,,CD175,GSDMA185,,MAPKAPK115,TNFSF13CO,SP7,,,,CD87,CD193,TRIM147,CD125,CDHR151,SERPINA116,,CBFA62,,CYCS71,PDP5,CD160h,CLEC2L113,,,,,CD231,,,MAPKAPK181,,,SLC2A13,,,,,,,,,,,IL13RA1,,,,,,CD231,,PYDC187,,,,CD195,PYDC104,ARHGEF121,,CYP26O1,CD288,AGPAT187,,,,IL36RHD,,,CRLF185,,,,TRIM109,,CD79B,NME34,,MAPKAPK187,HSPB162,,GEN1,,LRP3,,,CD244,,RPS6KA74,
IL36RAFZ,SLC22A153,,,,CD225,IL1RL2,LRP106,TRIM63,,,CD176,GSDMA186,,MAPKAPK116,TNFSF13CP,SP8,,,,CD88,CD194,TRIM148,CD126,CDHR152,SERPINA117,,CBFA63,,CYCS72,PDP6,CD160i,CLEC2L114,,,,,CD232,,,MAPKAPK182,,,SLC2A14,,,,,,,,,,,IL13RA2,,,,,,CD232,,PYDC188,,,,CD196,PYDC105,ARHGEF122,,CYP27N1,CD289,AGPAT188,,,,IL36RHE,,,CRLF186,,,,TRIM110,,CD81,NME35,,MAPKAPK188,HSPB163,,FEN1,,LRP11,,,CD245,,RPS6KA75,
IL36RAGA,SLC22A154,,,,CD226,IL1RL2,LRP107,TRIM64,,,CD177,GSDMA187,,MAPKAPK117,TNFSF13CQ,SP9,,,,CD89,CD195,TRIM149,CD127,CDHR153,SERPINA118,,CBFA64,,CYCS73,PDP7,CD160j,CLEC2L115,,,,,CD233,,,MAPKAPK183,,,SLC2A2,,,,,,,,,,,IL5,,,,,,CD233,,PYDC189,,,,CD197,PYDC106,ARHGEF123,,CYP39A13,CD290,AGPAT189,,,,IL36RHF,,,CRLF187,,,,TRIM111,,CD83,NME36,,MAPKAPK189,HSPB164,,EXO1,,LRP13,,,CD246,,RPS6KA76,
IL36RAGB,SLC22A155,,,,CD227,IL1RL2,LRP108,TRIM65,,,CD178,GSDMA188,,MAPKAPK118,TNFSF13CR,SP10,,,,CD90,CD196,TRIM150,CD128,CDHR154,SERPINA119,,CBFA65,,CYCS74,PDP8,CD160k,CLEC2L116,,,,,CD234,,,MAPKAPK184,,,SLC2A3,,,,,,,,,,,IL5RA,,,,,,CD234,,PYDC190,,,,CD198,PYDC107,ARHGEF124,,CYP46A13,CD291,AGPAT190,,,,IL36RHG,,,CRLF188,,,,TRIM112,,CD84,NME37,,MAPKAPK190,HSPB165,,DNA2,,LRP14,,,CD247,,RPS6KA77,
IL36RAGC,SLC22A156,,,,CD228,IL1RL2,LRP109,TRIM66,,,CD179A,GSDMA189,,MAPKAPK119,TNFSF13CS,SP11,,,,CD91,CD197,TRIM151,CD129,CDHR155,SERPINA120,,CBFA66,,CYCS75,PDP9,CD160l,CLEC2L117,,,,,CD235,,,MAPKAPK185,,,SLC2A5,,,,,,,,,,,IL3,,,,,,CD235a,,PYDC191,,,,CD199,PYDC108,ARHGEF125,,CYP51A13,CD292,AGPAT191,,,,IL36RHH,,,CRLF189,,,,TRIM113,,CD86,NME38,,MAPKAPK191,HSPB166,,DCLRE1A,,LRP15,,,CD248,,RPS6KA78,
IL36RAGD,SLC22A157,,,,CD229,IL1RL2,LRP110,TRIM67,,,CD179B,GSDMA190,,MAPKAPK120,TNFSF13CT,SP12,,,,CD92,CD198,TRIM152,CD130,CDHR156,SERPINA121,,CBFA67,,CYCS76,PDP10,CD160m,CLEC2L118,,,,,CD236,,,MAPKAPK186,,,SLC2A6,,,,,,,,,,,IL3RA,,,,,,CD235b,,PYDC192,,,,CD200,PYDC109,ARHGEF126,,,CD293,AGPAT192,,,,IL36RHI,,,CRLF190,,,,TRIM114,,CD96,NME39,,MAPKAPK192,HSPB167,,DCLRE1B,,LRP16,,,CD249,,RPS6KA79,
IL36RAGE,SLC22A158,,,,CD230,IL1RL2,LRP111,TRIM68,,,CD180,GSDMA191,,MAPKAPK121,TNFSF13CU,SP13,,,,CD93,CD199,TRIM153,CD131,CDHR157,SERPINA122,,CBFA68,,CYCS77,PDP11,CD160n,CLEC2L119,,,,,CD237,,,MAPKAPK187,,,SLC2A8,,,,,,,,,,,IL7,,,,,,CD236,,PYDC193,,,,CD201,PYDC110,ARHGEF127,,,CD294,AGPAT193,,,,IL36RHJ,,,CRLF191,,,,TRIM115,,CD103,NME40,,MAPKAPK193,HSPB168,,DCLRE1C,,LRP17,,,CD250,,RPS6KA80,
IL36RAGF,SLC22A159,,,,CD231,IL1RL2,LRP112,TRIM69,,,CD181,GSDMA192,,MAPKAPK122,TNFSF13CV,SP14,,,,CD94,CD200,TRIM154,CD132,CDHR158,SERPINA123,,CBFA69,,CYCS78,PDP12,CD160o,CLEC2L120,,,,,CD238,,,MAPKAPK188,,,SLC2A9,,,,,,,,,,,IL7R,,,,,,CD237,,PYDC194,,,,CD202,PYDC111,ARHGEF128,,,CD295,AGPAT194,,,,IL36RHK,,,CRLF192,,,,TRIM116,,CD107A,NME41,,MAPKAPK194,HSPB169,,ERCC1,,LRP18,,,CD251,,RPS6KA81,
IL36RAGG,SLC22A160,,,,CD232,IL1RL2,LRP113,TRIM70,,,CD182,GSDMA193,,MAPKAPK123,TNFSF13CW,SP15,,,,CD95,CD201,TRIM155,CD133,CDHR159,SERPINA124,,CBFA70,,CYCS79,PDP13,CD160p,CLEC2L121,,,,,CD239,,,MAPKAPK189,,,SLC2A11,,,,,,,,,,,IL9,,,,,,CD238,,PYDC195,,,,CD203,PYDC112,ARHGEF129,,,CD296,AGPAT195,,,,IL36RHL,,,CRLF193,,,,TRIM117,,CD107B,NME42,,MAPKAPK195,HSPB170,,ERCC2,,LRP19,,,CD252,,RPS6KA82,
IL36RAGH,SLC22A161,,,,CD233,IL1RL2,LRP114,TRIM71,,,CD183,GSDMA194,,MAPKAPK124,TNFSF13CX,SP16,,,,CD96,CD202,TRIM156,CD134,CDHR160,SERPINA125,,CBFA71,,CYCS80,PDP14,CD160q,CLEC2L122,,,,,CD240,,,MAPKAPK190,,,SLC2A12,,,,,,,,,,,IL9R,,,,,,CD239,,PYDC196,,,,CD204,PYDC113,ARHGEF130,,,CD297,AGPAT196,,,,IL36RHM,,,CRLF194,,,,TRIM118,,CD137,NME43,,MAPKAPK196,HSPB171,,ERCC3,,LRP20,,,CD253,,RPS6KA83,
IL36RAGI,SLC22A162,,,,CD234,IL1RL2,LRP115,TRIM72,,,CD184,GSDMA195,,MAPKAPK125,TNFSF13CY,SP17,,,,CD97,CD203,TRIM157,CD135,CDHR161,SERPINA126,,CBFA72,,CYCS81,PDP15,CD160r,CLEC2L123,,,,,CD241,,,MAPKAPK191,,,SLC2A13,,,,,,,,,,,IL21,,,,,,CD240a,,PYDC197,,,,CD205,PYDC114,ARHGEF131,,,CD298,AGPAT197,,,,IL36RHN,,,CRLF195,,,,TRIM119,,CD138,NME44,,MAPKAPK197,HSPB172,,ERCC4,,LRP21,,,CD254,,RPS6KA84,
IL36RAGJ,SLC22A163,,,,CD235,IL1RL2,LRP116,TRIM73,,,CD185,GSDMA196,,MAPKAPK126,TNFSF13CZ,SP18,,,,CD98,CD204,TRIM158,CD136,CDHR162,SERPINA127,,CBFA73,,CYCS82,PDP16,CD160s,CLEC2L124,,,,,CD242,,,MAPKAPK192,,,SLC2A14,,,,,,,,,,,IL21R,,,,,,CD240b,,PYDC198,,,,CD206,PYDC115,ARHGEF132,,,CD299,AGPAT198,,,,IL36RHO,,,CRLF196,,,,TRIM120,,CD146,NME45,,MAPKAPK198,HSPB173,,ERCC5,,LRP22,,,CD255,,RPS6KA85,
IL36RAGK,SLC22A164,,,,CD236,IL1RL2,LRP117,TRIM74,,,CD186,GSDMA197,,MAPKAPK127,TNFSF13DA,SP19,,,,CD99,CD205,TRIM159,CD137,CDHR163,SERPINA128,,CBFA74,,CYCS83,PDP17,CD160t,CLEC2L125,,,,,CD243,,,MAPKAPK193,,,SLC2A2,,,,,,,,,,,IL22,,,,,,CD241,,PYDC199,,,,CD207,PYDC116,ARHGEF133,,,CD300A,AGPAT199,,,,IL36RHP,,,CRLF197,,,,TRIM121,,CD147,NME46,,MAPKAPK199,HSPB174,,ERCC6,,LRP23,,,CD256,,RPS6KA86,
IL36RAGL,SLC22A165,,,,CD237,IL1RL2,LRP118,TRIM75,,,CD187,GSDMA198,,MAPKAPK128,TNFSF13DB,SP20,,,,CD100,CD206,TRIM160,CD138,CDHR164,SERPINA129,,CBFA75,,CYCS84,PDP18,CD160u,CLEC2L126,,,,,CD244,,,MAPKAPK194,,,SLC2A3,,,,,,,,,,,IL22RA1,,,,,,CD242,,PYDC200,,,,CD208,PYDC117,ARHGEF134,,,CD300B,AGPAT200,,,,IL36RHQ,,,CRLF198,,,,TRIM122,,CD150,NME47,,MAPKAPK200,HSPB175,,ERCC8,,LRP24,,,CD257,,RPS6KA87,
IL36RAGM,SLC22A166,,,,CD238,IL1RL2,LRP119,TRIM76,,,CD188,GSDMA199,,MAPKAPK129,TNFSF13DC,SP21,,,,CD101,CD207,TRIM161,CD139,CDHR165,SERPINA130,,CBFA76,,CYCS85,PDP19,CD160v,CLEC2L127,,,,,CD245,,,MAPKAPK195,,,SLC2A5,,,,,,,,,,,IL22RA2,,,,,,CD243,,,,,,CD209,PYDC118,ARHGEF135,,,CD300C,,,,,IL36RHR,,,CRLF199,,,,TRIM123,,CD151,NME48,,,HSPB176,,XPA,,LRP25,,,CD258,,RPS6KA88,
IL36RAGN,SLC22A167,,,,CD239,IL1RL2,LRP120,TRIM77,,,CD189,GSDMA200,,MAPKAPK130,TNFSF13DD,SP22,,,,CD102,CD208,TRIM162,CD140a,CDHR166,SERPINA131,,CBFA77,,CYCS86,PDP20,CD160w,CLEC2L128,,,,,CD246,,,MAPKAPK196,,,SLC2A6,,,,,,,,,,,IL24,,,,,,CD244,,,,,,CD210,PYDC119,ARHGEF136,,,CD300D,,,,,IL36RHS,,,CRLF200,,,,TRIM124,,CD152,NME49,,,HSPB177,,XPB,,LRP26,,,CD259,,RPS6KA89,
IL36RAGO,SLC22A168,,,,CD240,IL1RL2,LRP121,TRIM78,,,CD190,,,MAPKAPK131,TNFSF13DE,SP23,,,,CD103,CD209,TRIM163,CD140b,CDHR167,SERPINA132,,CBFA78,,CYCS87,PDP21,CD160x,CLEC2L129,,,,,CD247,,,MAPKAPK197,,,SLC2A8,,,,,,,,,,,IL26,,,,,,CD245,,,,,,CD211,PYDC120,ARHGEF137,,,CD300E,,,,,IL36RHT,,,,,,,TRIM125,,CD154,NME50,,,HSPB178,,XPC,,LRP27,,,CD260,,RPS6KA90,
IL36RAGP,SLC22A169,,,,CD241,IL1RL2,LRP122,TRIM79,,,CD191,,,MAPKAPK132,TNFSF13DF,SP24,,,,CD104,CD210,TRIM164,CD141,CDHR168,SERPINA133,,CBFA79,,CYCS88,PDP22,CD160y,CLEC2L130,,,,,CD248,,,MAPKAPK198,,,SLC2A9,,,,,,,,,,,IL31,,,,,,CD246,,,,,,CD212,PYDC121,ARHGEF138,,,CD300F,,,,,IL36RHU,,,,,,,TRIM126,,CD155,NME51,,,HSPB179,,XPD,,LRP28,,,CD261,,RPS6KA91,
IL36RAGQ,SLC22A170,,,,CD242,IL1RL2,LRP123,TRIM80,,,CD192,,,MAPKAPK133,TNFSF13DG,SP25,,,,CD105,CD211,TRIM165,CD142,CDHR169,SERPINA134,,CBFA80,,CYCS89,PDP23,CD160z,CLEC2L131,,,,,CD249,,,MAPKAPK199,,,SLC2A11,,,,,,,,,,,IL31RA,,,,,,CD247,,,,,,CD213,PYDC122,ARHGEF139,,,CD300G,,,,,IL36RHV,,,,,,,TRIM127,,CD161,NME52,,,HSPB180,,XPE,,LRP29,,,CD262,,RPS6KA92,
IL36RAGR,SLC22A171,,,,CD243,IL1RL2,LRP124,TRIM81,,,CD193,,,MAPKAPK134,TNFSF13DH,SP26,,,,CD106,CD212,TRIM166,CD143,CDHR170,SERPINA135,,CBFA81,,CYCS90,PDP24,,CLEC2L132,,,,,CD250,,,MAPKAPK200,,,SLC2A12,,,,,,,,,,,IL17A,,,,,,CD248,,,,,,CD214,PYDC123,ARHGEF140,,,CD300H,,,,,IL36RHW,,,,,,,TRIM128,,CD162,NME53,,,HSPB181,,XPF,,LRP30,,,CD263,,RPS6KA93,
IL36RAGS,SLC22A172,,,,CD244,IL1RL2,LRP125,TRIM82,,,CD194,,,MAPKAPK135,TNFSF13DI,SP27,,,,CD107,CD213,TRIM167,CD144,CDHR171,SERPINA136,,CBFA82,,CYCS91,PDP25,,CLEC2L133,,,,,CD251,,,,,,SLC2A13,,,,,,,,,,,IL17F,,,,,,CD249,,,,,,CD215,PYDC124,ARHGEF141,,,CD301,,,,,IL36RHX,,,,,,,TRIM129,,CD163,NME54,,,HSPB182,,XPG,,LRP31,,,CD264,,RPS6KA94,
IL36RAGT,SLC22A,,,,CD245,IL1RL2,LRP126,TRIM83,,,CD195,,,MAPKAPK136,TNFSF13DJ,SP28,,,,CD108,CD214,TRIM168,CD145,CDHR172,SERPINA137,,CBFA83,,CYCS92,PDP26,,CLEC2L134,,,,,CD252,,,,,,SLC2A14,,,,,,,,,,,IL17RA,,,,,,CD250,,,,,,CD216,PYDC125,ARHGEF142,,,CD302,,,,,IL36RHY,,,,,,,TRIM130,,CD164,NME55,,,HSPB183,,RAD23A,,LRP32,,,CD265,,RPS6KA95,
IL36RAGU,,,,,CD246,IL1RL2,LRP127,TRIM84,,,CD196,,,MAPKAPK137,TNFSF13DK,SP29,,,,CD109,CD215,TRIM169,CD146,CDHR173,SERPINA138,,CBFA84,,CYCS93,PDP27,,CLEC2L135,,,,,CD253,,,,,,SLC2A2,,,,,,,,,,,IL17RC,,,,,,CD251,,,,,,CD217,PYDC126,ARHGEF143,,,CD303,,,,,IL36RHZ,,,,,,,TRIM131,,CD166,NME56,,,HSPB184,,RAD23B,,LRP33,,,CD266,,RPS6KA96,
IL36RAGV,,,,,CD247,IL1RL2,LRP128,TRIM85,,,CD197,,,MAPKAPK138,TNFSF13DL,SP30,,,,CD110,CD216,TRIM170,CD147,CDHR174,SERPINA139,,CBFA85,,CYCS94,PDP28,,CLEC2L136,,,,,CD254,,,,,,SLC2A3,,,,,,,,,,,IL17RE,,,,,,CD252,,,,,,CD218,PYDC127,ARHGEF144,,,CD304,,,,,,,,,,,,TRIM132,,CD167A,NME57,,,HSPB185,,RAD51B,,LRP34,,,CD267,,RPS6KA97,
IL36RAGW,,,,,CD248,IL1RL2,LRP129,TRIM86,,,CD198,,,MAPKAPK139,TNFSF13DM,SP31,,,,CD111,CD217,TRIM171,CD148,CDHR175,SERPINA140,,CBFA86,,CYCS95,PDP29,,CLEC2L137,,,,,CD255,,,,,,SLC2A,,,,,,,,,,,IL25,,,,,,CD253,,,,,,CD219,PYDC128,ARHGEF145,,,CD305,,,,,,,,,,,,TRIM133,,CD167B,NME58,,,HSPB186,,RAD51C,,LRP35,,,CD268,,RPS6KA98,
IL36RAGX,,,,,CD249,IL1RL2,LRP130,TRIM87,,,CD199,,,MAPKAPK140,TNFSF13DN,SP32,,,,CD112,CD218,TRIM172,CD149,CDHR176,SERPINA141,,CBFA87,,CYCS96,PDP30,,CLEC2L138,,,,,CD256,,,,,,,,,,,,,,,,,IL33,,,,,,CD254,,,,,,CD220,PYDC129,ARHGEF146,,,CD306,,,,,,,,,,,,TRIM134,,CD168,NME59,,,HSPB187,,RAD51D,,LRP36,,,CD269,,RPS6KA99,
IL36RAGY,,,,,CD250,IL1RL2,LRP131,TRIM88,,,CD200,,,MAPKAPK141,TNFSF13DO,SP33,,,,CD113,CD219,TRIM173,CD150,CDHR177,SERPINA142,,CBFA88,,CYCS97,PDP31,,CLEC2L139,,,,,CD257,,,,,,,,,,,,,,,,,IL34,,,,,,CD255,,,,,,CD221,PYDC130,ARHGEF147,,,CD307A,,,,,,,,,,,,TRIM135,,CD169,NME60,,,HSPB188,,RAD52,,LRP37,,,CD270,,RPS6KA100,
IL36RAGZ,,,,,CD251,IL1RL2,LRP132,TRIM89,,,CD201,,,MAPKAPK142,TNFSF13DP,SP34,,,,CD114,CD220,TRIM174,CD151,CDHR178,SERPINA143,,CBFA89,,CYCS98,PDP32,,CLEC2L140,,,,,CD258,,,,,,,,,,,,,,,,,CSF1,,,,,,CD256,,,,,,CD222,PYDC131,ARHGEF148,,,CD307B,,,,,,,,,,,,TRIM136,,CD170,NME61,,,HSPB189,,RAD54B,,LRP38,,,CD271,,RPS6KA101,
IL36RAHA,,,,,CD252,IL1RL2,LRP133,TRIM90,,,CD202B,,,MAPKAPK143,TNFSF13DQ,SP35,,,,CD115,CD221,TRIM175,CD152,CDHR179,SERPINA144,,CBFA90,,CYCS99,PDP33,,CLEC2L141,,,,,CD259,,,,,,,,,,,,,,,,,CSF1R,,,,,,CD257,,,,,,CD223,PYDC132,ARHGEF149,,,CD307C,,,,,,,,,,,,TRIM137,,CD171,NME62,,,HSPB190,,RAD54L,,LRP39,,,CD272,,RPS6KA102,
IL36RAHB,,,,,CD253,IL1RL2,LRP134,TRIM91,,,CD203A,,,MAPKAPK144,TNFSF13DR,SP36,,,,CD116,CD222,TRIM176,CD153,CDHR180,SERPINA145,,CBFA91,,CYCS100,PDP34,,CLEC2L142,,,,,CD260,,,,,,,,,,,,,,,,,CSF2,,,,,,CD258,,,,,,CD224,PYDC133,,,,CD307D,,,,,,,,,,,,TRIM138,,CD172A,NME63,,,HSPB191,,BRIP1,,LRP40,,,CD273,,RPS6KA103,
IL36RAHC,,,,,CD254,IL1RL2,LRP135,TRIM92,,,CD203C,,,MAPKAPK145,TNFSF13DS,SP37,,,,CD117,CD223,TRIM177,CD154,CDHR181,SERPINA146,,CBFA92,,CYCS101,PDP35,,CLEC2L143,,,,,CD261,,,,,,,,,,,,,,,,,CSF2RA,,,,,,CD259,,,,,,CD225,PYDC134,,,,CD307E,,,,,,,,,,,,TRIM139,,CD172B,NME64,,,HSPB192,,PALB2,,LRP41,,,CD274,,RPS6KA104,
IL36RAHD,,,,,CD255,IL1RL2,LRP136,TRIM93,,,CD204,,,MAPKAPK146,TNFSF13DT,SP38,,,,CD118,CD224,TRIM178,CD155,CDHR182,SERPINA147,,CBFA93,,CYCS102,PDP36,,,,,,,CD262,,,,,,,,,,,,,,,,,CSF2RB,,,,,,CD260,,,,,,CD226,PYDC135,,,,CD307F,,,,,,,,,,,,TRIM140,,CD173,NME65,,,HSPB193,,MDC1,,LRP42,,,CD275,,RPS6KA105,
IL36RAHE,,,,,CD256,IL1RL2,LRP137,TRIM94,,,CD205,,,MAPKAPK147,TNFSF13DU,SP39,,,,CD119,CD225,TRIM179,CD156,CDHR183,SERPINA148,,CBFA94,,CYCS103,PDP37,,,,,,,CD263,,,,,,,,,,,,,,,,,CSF3,,,,,,CD261,,,,,,CD227,PYDC136,,,,CD308,,,,,,,,,,,,TRIM141,,CD174,NME66,,,HSPB194,,53BP1,,LRP43,,,CD276,,RPS6KA106,
IL36RAHF,,,,,CD257,IL1RL2,LRP138,TRIM95,,,CD206,,,MAPKAPK148,TNFSF13DV,SP40,,,,CD120,CD226,TRIM180,CD157,CDHR184,SERPINA149,,CBFA95,,CYCS104,PDP38,,,,,,,CD264,,,,,,,,,,,,,,,,,CSF3R,,,,,,CD262,,,,,,CD228,PYDC137,,,,CD309,,,,,,,,,,,,TRIM142,,CD175,NME67,,,HSPB195,,H2AFX,,LRP44,,,CD277,,RPS6KA107,
IL36RAHG,,,,,CD258,IL1RL2,LRP139,TRIM96,,,CD207,,,MAPKAPK149,TNFSF,SP41,,,,CD121,CD227,TRIM181,CD158,CDHR185,SERPINA150,,CBFA96,,CYCS105,PDP39,,,,,,,CD265,,,,,,,,,,,,,,,,,KITLG,,,,,,CD263,,,,,,CD229,PYDC138,,,,CD310,,,,,,,,,,,,TRIM143,,CD176,NME68,,,HSPB196,,H2AFY,,LRP45,,,CD278,,RPS6KA108,
IL36RAHH,,,,,CD259,IL1RL2,LRP140,TRIM97,,,CD208,,,MAPKAPK150,,SP42,,,,CD122,CD228,TRIM182,CD159,CDHR186,SERPINA151,,CBFA97,,CYCS106,PDP40,,,,,,,CD266,,,,,,,,,,,,,,,,,KIT,,,,,,CD264,,,,,,CD230,PYDC139,,,,CD311,,,,,,,,,,,,TRIM144,,CD177,NME69,,,HSPB197,,H2AFZ,,LRP46,,,CD279,,RPS6KA109,
IL36RAHI,,,,,CD260,IL1RL2,LRP141,TRIM98,,,CD209,,,MAPKAPK151,,SP43,,,,CD123,CD229,TRIM183,CD160,CDHR187,SERPINA152,,CBFA98,,CYCS107,PDP41,,,,,,,CD267,,,,,,,,,,,,,,,,,FLT3LG,,,,,,CD265,,,,,,CD231,PYDC140,,,,CD312,,,,,,,,,,,,TRIM145,,CD178,NME70,,,HSPB198,,HIST1H1A,,LRP47,,,CD280,,RPS6KA110,
IL36RAHJ,,,,,CD261,IL1RL2,LRP142,TRIM99,,,CD210,,,MAPKAPK152,,SP44,,,,CD124,CD230,TRIM184,CD161,CDHR188,SERPINA153,,CBFA99,,CYCS108,PDP42,,,,,,,CD268,,,,,,,,,,,,,,,,,FLT3,,,,,,CD266,,,,,,CD232,PYDC141,,,,CD313,,,,,,,,,,,,TRIM146,,CD179A,NME71,,,HSPB199,,HIST1H1B,,LRP48,,,CD281,,RPS6KA111,
IL36RA,,,,,CD262,IL1RL2,LRP143,TRIM100,,,CD211,,,MAPKAPK153,,SP45,,,,CD125,CD231,TRIM185,CD162,CDHR189,SERPINA154,,CBFA100,,CYCS109,PDP43,,,,,,,CD269,,,,,,,,,,,,,,,,,THPO,,,,,,CD267,,,,,,CD233,PYDC142,,,,CD314,,,,,,,,,,,,TRIM147,,CD179B,NME72,,,HSPB200,,HIST1H1C,,LRP49,,,CD282,,RPS6KA112,
,,,,,CD263,IL1RL2,LRP144,TRIM101,,,CD212,,,MAPKAPK154,,SP46,,,,CD126,CD232,TRIM186,CD163,CDHR190,SERPINA155,,CBFA101,,CYCS110,PDP44,,,,,,,CD270,,,,,,,,,,,,,,,,,MPL,,,,,,CD268,,,,,,CD234,PYDC143,,,,CD315,,,,,,,,,,,,TRIM148,,CD180,NME73,,,,,HIST1H1D,,LRP50,,,CD283,,RPS6KA113,
,,,,,CD264,IL1RL2,LRP145,TRIM102,,,CD213A1,,,MAPKAPK155,,SP47,,,,CD127,CD233,TRIM187,CD164,CDHR191,SERPINA156,,CBFA102,,CYCS111,PDP45,,,,,,,CD271,,,,,,,,,,,,,,,,,EPOR,,,,,,CD269,,,,,,CD235,PYDC144,,,,CD316,,,,,,,,,,,,TRIM149,,CD181,NME74,,,,,HIST1H1E,,LRP51,,,CD284,,RPS6KA114,
,,,,,CD265,IL1RL2,LRP146,TRIM103,,,CD213A2,,,MAPKAPK156,,SP48,,,,CD128,CD234,TRIM188,CD165,CDHR192,SERPINA157,,CBFA103,,CYCS112,PDP46,,,,,,,CD272,,,,,,,,,,,,,,,,,TPO,,,,,,CD270,,,,,,CD236,PYDC145,,,,CD317,,,,,,,,,,,,TRIM150,,CD182,NME75,,,,,HIST1H2AA,,LRP52,,,CD285,,RPS6KA115,
,,,,,CD266,IL1RL2,LRP147,TRIM104,,,CD214,,,MAPKAPK157,,SP49,,,,CD129,CD235,TRIM189,CD166,CDHR193,SERPINA158,,CBFA104,,CYCS113,PDP47,,,,,,,CD273,,,,,,,,,,,,,,,,,TPOR,,,,,,CD271,,,,,,CD237,PYDC146,,,,CD318,,,,,,,,,,,,TRIM151,,CD183,NME76,,,,,HIST1H2AB,,LRP53,,,CD286,,RPS6KA116,
,,,,,CD267,IL1RL2,LRP148,TRIM105,,,CD215,,,MAPKAPK158,,SP50,,,,CD130,CD236,TRIM190,CD167,CDHR194,SERPINA159,,CBFA105,,CYCS114,PDP48,,,,,,,CD274,,,,,,,,,,,,,,,,,EPO,,,,,,CD272,,,,,,CD238,PYDC147,,,,CD319,,,,,,,,,,,,TRIM152,,CD184,NME77,,,,,HIST1H2AC,,LRP54,,,CD287,,RPS6KA117,
,,,,,CD268,IL1RL2,LRP149,TRIM106,,,CD216,,,MAPKAPK159,,SP51,,,,CD131,CD237,TRIM191,CD168,CDHR195,SERPINA160,,CBFA106,,CYCS115,PDP49,,,,,,,CD275,,,,,,,,,,,,,,,,,EPOR,,,,,,CD273,,,,,,CD239,PYDC148,,,,CD320,,,,,,,,,,,,TRIM153,,CD185,NME78,,,,,HIST1H2AD,,LRP55,,,CD288,,RPS6KA118,
,,,,,CD269,IL1RL2,LRP150,TRIM107,,,CD217,,,MAPKAPK160,,SP52,,,,CD132,CD238,TRIM192,CD169,CDHR196,SERPINA161,,CBFA107,,CYCS116,PDP50,,,,,,,CD276,,,,,,,,,,,,,,,,,GH1,,,,,,CD274,,,,,,CD240,PYDC149,,,,CD321,,,,,,,,,,,,TRIM154,,CD186,NME79,,,,,HIST1H2AE,,LRP56,,,CD289,,RPS6KA119,
,,,,,CD270,IL1RL2,LRP151,TRIM108,,,CD218A,,,MAPKAPK161,,SP53,,,,CD133,CD239,TRIM193,CD170,CDHR197,SERPINA162,,CBFA108,,CYCS117,PDP51,,,,,,,CD277,,,,,,,,,,,,,,,,,GHR,,,,,,CD275,,,,,,CD241,PYDC150,,,,CD322,,,,,,,,,,,,TRIM155,,CD187,NME80,,,,,HIST1H2AF,,LRP57,,,CD290,,RPS6KA120,
,,,,,CD271,IL1,LRP152,TRIM109,,,CD218B,,,MAPKAPK162,,SP54,,,,CD134,CD240,TRIM194,CD171,CDHR198,SERPINA163,,CBFA109,,CYCS118,PDP52,,,,,,,CD278,,,,,,,,,,,,,,,,,PRL,,,,,,CD276,,,,,,CD242,PYDC151,,,,CD323,,,,,,,,,,,,TRIM156,,CD188,NME81,,,,,HIST1H2AG,,LRP58,,,CD291,,RPS6KA121,
,,,,,CD272,,LRP153,TRIM110,,,CD219,,,MAPKAPK163,,SP55,,,,CD135,CD241,TRIM195,CD172a,CDHR199,SERPINA164,,CBFA110,,CYCS119,PDP53,,,,,,,CD279,,,,,,,,,,,,,,,,,PRLR,,,,,,CD277,,,,,,CD243,PYDC152,,,,CD324,,,,,,,,,,,,TRIM157,,CD189,NME82,,,,,HIST1H2AH,,LRP59,,,CD292,,RPS6KA122,
,,,,,CD273,,LRP154,TRIM111,,,CD220,,,MAPKAPK164,,SP56,,,,CD136,CD242,TRIM196,CD172b,CDHR200,SERPINA165,,CBFA111,,CYCS120,PDP54,,,,,,,CD280,,,,,,,,,,,,,,,,,POMC,,,,,,CD278,,,,,,CD244,PYDC153,,,,CD325,,,,,,,,,,,,TRIM158,,CD190,NME83,,,,,HIST1H2AI,,LRP60,,,CD293,,RPS6KA123,
,,,,,CD274,,LRP155,TRIM112,,,CD221,,,MAPKAPK165,,SP57,,,,CD137,CD243,TRIM197,CD173,,SERPINA166,,CBFA112,,CYCS121,PDP55,,,,,,,CD281,,,,,,,,,,,,,,,,,MC1R,,,,,,CD279,,,,,,CD245,PYDC154,,,,CD326,,,,,,,,,,,,TRIM159,,CD191,NME84,,,,,HIST1H2AJ,,LRP61,,,CD294,,RPS6KA124,
,,,,,CD275,,LRP156,TRIM113,,,CD222,,,MAPKAPK166,,SP58,,,,CD138,CD244,TRIM198,CD174,,SERPINA167,,CBFA113,,CYCS122,PDP56,,,,,,,CD282,,,,,,,,,,,,,,,,,MC2R,,,,,,CD280,,,,,,CD246,PYDC155,,,,CD327,,,,,,,,,,,,TRIM160,,CD192,NME85,,,,,HIST1H2AK,,LRP62,,,CD295,,R,
,,,,,CD276,,LRP157,TRIM114,,,CD223,,,MAPKAPK167,,SP59,,,,CD139,CD245,TRIM199,CD175,,SERPINA168,,CBFA114,,CYCS123,PDP57,,,,,,,CD283,,,,,,,,,,,,,,,,,MC3R,,,,,,CD281,,,,,,CD247,PYDC156,,,,CD328,,,,,,,,,,,,TRIM161,,CD193,NME86,,,,,HIST1H2AL,,LRP63,,,CD296,,,
,,,,,CD277,,LRP158,TRIM115,,,CD224,,,MAPKAPK168,,SP60,,,,CD140,CD246,TRIM200,CD176,,SERPINA169,,CBFA115,,CYCS124,PDP58,,,,,,,CD284,,,,,,,,,,,,,,,,,MC4R,,,,,,CD282,,,,,,CD248,PYDC157,,,,CD329,,,,,,,,,,,,TRIM162,,CD194,NME87,,,,,HIST1H2AM,,LRP64,,,CD297,,,
,,,,,CD278,,LRP159,TRIM116,,,CD225,,,MAPKAPK169,,SP61,,,,CD141,CD247,TRIM201,CD177,,SERPINA170,,CBFA116,,CYCS125,PDP59,,,,,,,CD285,,,,,,,,,,,,,,,,,MC5R,,,,,,CD283,,,,,,CD249,PYDC158,,,,CD330,,,,,,,,,,,,TRIM163,,CD195,NME88,,,,,HIST1H2AN,,LRP65,,,CD298,,,
,,,,,CD279,,LRP160,TRIM117,,,CD226,,,MAPKAPK170,,SP62,,,,CD142,CD248,TRIM202,CD178,,SERPINA171,,CBFA117,,CYCS126,PDP60,,,,,,,CD286,,,,,,,,,,,,,,,,,,,,,,,CD284,,,,,,CD250,PYDC159,,,,CD331,,,,,,,,,,,,TRIM164,,CD196,NME89,,,,,HIST1H2AO,,LRP66,,,CD299,,,
,,,,,CD280,,LRP161,TRIM118,,,CD227,,,MAPKAPK171,,SP63,,,,CD143,CD249,TRIM203,CD179a,,SERPINA172,,CBFA118,,CYCS127,PDP61,,,,,,,CD287,,,,,,,,,,,,,,,,,,,,,,,CD285,,,,,,CD251,PYDC160,,,,CD332,,,,,,,,,,,,TRIM165,,CD197,NME90,,,,,HIST1H2AP,,LRP67,,,CD300a,,,
,,,,,CD281,,LRP162,TRIM119,,,CD228,,,MAPKAPK172,,SP64,,,,CD144,CD250,TRIM204,CD179b,,SERPINA173,,CBFA119,,CYCS128,PDP62,,,,,,,CD288,,,,,,,,,,,,,,,,,,,,,,,CD286,,,,,,CD252,PYDC161,,,,CD333,,,,,,,,,,,,TRIM166,,CD198,NME91,,,,,HIST1H2AQ,,LRP68,,,CD300b,,,
,,,,,CD282,,LRP163,TRIM120,,,CD229,,,MAPKAPK173,,SP65,,,,CD145,CD251,TRIM205,CD180,,SERPINA174,,CBFA120,,CYCS129,PDP63,,,,,,,CD289,,,,,,,,,,,,,,,,,,,,,,,CD287,,,,,,CD253,PYDC162,,,,CD334,,,,,,,,,,,,TRIM167,,CD199,NME92,,,,,HIST1H2AR,,LRP69,,,CD300c,,,
,,,,,CD283,,LRP164,TRIM121,,,CD230,,,MAPKAPK174,,SP66,,,,CD146,CD252,TRIM206,CD181,,,,CBFA121,,CYCS130,PDP64,,,,,,,CD290,,,,,,,,,,,,,,,,,,,,,,,CD288,,,,,,CD254,PYDC163,,,,CD335,,,,,,,,,,,,TRIM168,,CD200,NME93,,,,,HIST1H2AS,,LRP70,,,CD300d,,,
,,,,,CD284,,LRP165,TRIM122,,,CD231,,,MAPKAPK175,,SP67,,,,CD147,CD253,TRIM207,CD182,,,,CBFA122,,CYCS131,PDP65,,,,,,,CD291,,,,,,,,,,,,,,,,,,,,,,,CD289,,,,,,CD255,PYDC164,,,,CD336,,,,,,,,,,,,TRIM169,,CD201,NME94,,,,,HIST1H2AT,,LRP71,,,CD300e,,,
,,,,,CD285,,LRP166,TRIM123,,,CD232,,,MAPK,,SP68,,,,CD148,CD254,TRIM208,CD183,,,,CBFA123,,CYCS132,PDP66,,,,,,,CD292,,,,,,,,,,,,,,,,,,,,,,,CD290,,,,,,CD256,PYDC165,,,,CD337,,,,,,,,,,,,TRIM170,,CD202B,NME95,,,,,HIST1H2AU,,LRP72,,,CD300f,,,
,,,,,CD286,,LRP167,TRIM124,,,CD233,,,,,SP69,,,,CD149,CD255,TRIM209,CD184,,,,CBFA124,,CYCS133,PDP67,,,,,,,CD293,,,,,,,,,,,,,,,,,,,,,,,CD291,,,,,,CD257,PYDC166,,,,CD338,,,,,,,,,,,,TRIM171,,CD203A,NME96,,,,,HIST1H2AV,,LRP73,,,CD300g,,,
,,,,,CD287,,LRP168,TRIM125,,,CD234,,,,,SP70,,,,CD150,CD256,TRIM210,CD185,,,,CBFA125,,CYCS134,PDP68,,,,,,,CD294,,,,,,,,,,,,,,,,,,,,,,,CD292,,,,,,CD258,PYDC167,,,,CD339,,,,,,,,,,,,TRIM172,,CD203C,NME97,,,,,HIST1H2AW,,LRP74,,,CD300h,,,
,,,,,CD288,,LRP169,TRIM126,,,CD235A,,,,,SP71,,,,CD151,CD257,TRIM211,CD186,,,,CBFA126,,CYCS135,PDP69,,,,,,,CD295,,,,,,,,,,,,,,,,,,,,,,,CD293,,,,,,CD259,PYDC168,,,,CD340,,,,,,,,,,,,TRIM173,,CD204,NME98,,,,,HIST1H2AX,,LRP75,,,CD300i,,,
,,,,,CD289,,LRP170,TRIM127,,,CD235B,,,,,SP72,,,,CD152,CD258,TRIM212,CD187,,,,CBFA127,,CYCS136,PDP70,,,,,,,CD296,,,,,,,,,,,,,,,,,,,,,,,CD294,,,,,,CD260,PYDC169,,,,CD341,,,,,,,,,,,,TRIM174,,CD205,NME99,,,,,HIST1H2AY,,LRP76,,,CD301,,,
,,,,,CD290,,LRP171,TRIM128,,,CD236,,,,,SP73,,,,CD153,CD259,TRIM213,CD188,,,,CBFA128,,CYCS137,PDP71,,,,,,,CD297,,,,,,,,,,,,,,,,,,,,,,,CD295,,,,,,CD261,PYDC170,,,,CD342,,,,,,,,,,,,TRIM175,,CD206,NME100,,,,,HIST1H2AZ,,LRP77,,,CD302,,,
,,,,,CD291,,LRP172,TRIM129,,,CD237,,,,,SP74,,,,CD154,CD260,TRIM214,CD189,,,,CBFA129,,CYCS138,PDP72,,,,,,,CD298,,,,,,,,,,,,,,,,,,,,,,,CD296,,,,,,CD262,PYDC171,,,,CD343,,,,,,,,,,,,TRIM176,,CD207,NME101,,,,,HIST1H3A,,LRP78,,,CD303,,,
,,,,,CD292,,LRP173,TRIM130,,,CD238,,,,,SP75,,,,CD155,CD261,TRIM215,CD190,,,,CBFA130,,CYCS139,PDP73,,,,,,,CD299,,,,,,,,,,,,,,,,,,,,,,,CD297,,,,,,CD263,PYDC172,,,,CD344,,,,,,,,,,,,TRIM177,,CD208,NME102,,,,,HIST1H3B,,LRP79,,,CD304,,,
,,,,,CD293,,LRP174,TRIM131,,,CD239,,,,,SP76,,,,CD156,CD262,TRIM216,CD191,,,,CBFA131,,CYCS140,PDP74,,,,,,,CD300,,,,,,,,,,,,,,,,,,,,,,,CD298,,,,,,CD264,PYDC173,,,,CD345,,,,,,,,,,,,TRIM178,,CD209,NME103,,,,,HIST1H3C,,LRP80,,,CD305,,,
,,,,,CD294,,LRP175,TRIM132,,,CD240CE,,,,,SP77,,,,CD157,CD263,TRIM217,CD192,,,,CBFA132,,CYCS141,PDP75,,,,,,,CD301,,,,,,,,,,,,,,,,,,,,,,,CD299,,,,,,CD265,PYDC174,,,,CD346,,,,,,,,,,,,TRIM179,,CD210,NME104,,,,,HIST1H3D,,LRP81,,,CD306,,,
,,,,,CD295,,LRP176,TRIM133,,,CD240D,,,,,SP78,,,,CD158,CD264,TRIM218,CD193,,,,CBFA133,,CYCS142,PDP76,,,,,,,CD302,,,,,,,,,,,,,,,,,,,,,,,CD300a,,,,,,CD266,PYDC175,,,,CD347,,,,,,,,,,,,TRIM180,,CD211,NME105,,,,,HIST1H3E,,LRP82,,,CD307a,,,
,,,,,CD296,,LRP177,TRIM134,,,CD241,,,,,SP79,,,,CD159,CD265,TRIM219,CD194,,,,CBFA134,,CYCS143,PDP77,,,,,,,CD303,,,,,,,,,,,,,,,,,,,,,,,CD300b,,,,,,CD267,PYDC176,,,,CD348,,,,,,,,,,,,TRIM181,,CD212,NME106,,,,,HIST1H3F,,LRP83,,,CD307b,,,
,,,,,CD297,,LRP178,TRIM135,,,CD242,,,,,SP80,,,,CD160,CD266,TRIM220,CD195,,,,CBFA135,,CYCS144,PDP78,,,,,,,CD304,,,,,,,,,,,,,,,,,,,,,,,CD300c,,,,,,CD268,PYDC177,,,,CD349,,,,,,,,,,,,TRIM182,,CD213A1,NME107,,,,,HIST1H3G,,LRP84,,,CD307c,,,
,,,,,CD298,,LRP179,TRIM136,,,CD243,,,,,SP81,,,,CD161,CD267,TRIM221,CD196,,,,CBFA136,,CYCS145,PDP79,,,,,,,CD305,,,,,,,,,,,,,,,,,,,,,,,CD300d,,,,,,CD269,PYDC178,,,,CD350,,,,,,,,,,,,TRIM183,,CD213A2,NME108,,,,,HIST1H3H,,LRP85,,,CD307d,,,
,,,,,CD299,,LRP180,TRIM137,,,CD244,,,,,SP82,,,,CD162,CD268,TRIM222,CD197,,,,CBFA137,,CYCS146,PDP80,,,,,,,CD306,,,,,,,,,,,,,,,,,,,,,,,CD300e,,,,,,CD270,PYDC179,,,,CD351,,,,,,,,,,,,TRIM184,,CD214,NME109,,,,,HIST1H3I,,LRP86,,,CD307e,,,
,,,,,CD300a,,LRP181,TRIM138,,,CD245,,,,,SP83,,,,CD163,CD269,TRIM223,CD198,,,,CBFA138,,CYCS147,PDP81,,,,,,,CD307,,,,,,,,,,,,,,,,,,,,,,,CD300f,,,,,,CD271,PYDC180,,,,CD352,,,,,,,,,,,,TRIM185,,CD215,NME110,,,,,H,,LRP87,,,CD307f,,,
,,,,,CD300b,,LRP182,TRIM139,,,CD246,,,,,SP84,,,,CD164,CD270,TRIM224,CD199,,,,CBFA139,,CYCS148,PDP82,,,,,,,CD308,,,,,,,,,,,,,,,,,,,,,,,CD300g,,,,,,CD272,PYDC181,,,,CD353,,,,,,,,,,,,TRIM186,,CD216,NME111,,,,,,,LRP88,,,CD308,,,
,,,,,CD300c,,LRP183,TRIM140,,,CD247,,,,,SP85,,,,CD165,CD271,TRIM225,CD200,,,,CBFA140,,CYCS149,PDP83,,,,,,,CD309,,,,,,,,,,,,,,,,,,,,,,,CD300h,,,,,,CD273,PYDC182,,,,CD354,,,,,,,,,,,,TRIM187,,CD217,NME112,,,,,,,LRP89,,,CD309,,,
,,,,,CD300d,,LRP184,TRIM141,,,CD248,,,,,SP86,,,,CD166,CD272,TRIM226,CD201,,,,CBFA141,,CYCS150,PDP84,,,,,,,CD310,,,,,,,,,,,,,,,,,,,,,,,CD300i,,,,,,CD274,PYDC183,,,,CD355,,,,,,,,,,,,TRIM188,,CD218A,NME113,,,,,,,LRP90,,,CD310,,,
,,,,,CD300e,,LRP185,TRIM142,,,CD249,,,,,SP87,,,,CD167,CD273,TRIM227,CD202,,,,CBFA142,,CYCS151,PDP85,,,,,,,CD311,,,,,,,,,,,,,,,,,,,,,,,CD300j,,,,,,CD275,PYDC184,,,,CD356,,,,,,,,,,,,TRIM189,,CD218B,NME114,,,,,,,LRP91,,,CD311,,,
,,,,,CD300f,,LRP186,TRIM143,,,CD250,,,,,SP88,,,,CD168,CD274,TRIM228,CD203,,,,CBFA143,,CYCS152,PDP86,,,,,,,CD312,,,,,,,,,,,,,,,,,,,,,,,CD300k,,,,,,CD276,PYDC185,,,,CD357,,,,,,,,,,,,TRIM190,,CD219,NME115,,,,,,,LRP92,,,CD312,,,
,,,,,CD300g,,LRP187,TRIM144,,,CD251,,,,,SP89,,,,CD169,CD275,TRIM229,CD204,,,,CBFA144,,CYCS153,PDP87,,,,,,,CD313,,,,,,,,,,,,,,,,,,,,,,,CD300l,,,,,,CD277,PYDC186,,,,CD358,,,,,,,,,,,,TRIM191,,CD220,NME116,,,,,,,LRP93,,,CD313,,,
,,,,,CD300h,,LRP188,TRIM145,,,CD252,,,,,SP90,,,,CD170,CD276,TRIM230,CD205,,,,CBFA145,,CYCS154,PDP88,,,,,,,CD314,,,,,,,,,,,,,,,,,,,,,,,CD300m,,,,,,CD278,PYDC187,,,,CD359,,,,,,,,,,,,TRIM192,,CD221,NME117,,,,,,,LRP94,,,CD314,,,
,,,,,CD300i,,LRP189,TRIM146,,,CD253,,,,,SP91,,,,CD171,CD277,TRIM231,CD206,,,,CBFA146,,CYCS155,PDP89,,,,,,,CD315,,,,,,,,,,,,,,,,,,,,,,,CD300n,,,,,,CD279,PYDC188,,,,CD360,,,,,,,,,,,,TRIM193,,CD222,NME118,,,,,,,LRP95,,,CD315,,,
,,,,,CD300j,,LRP190,TRIM147,,,CD254,,,,,SP92,,,,CD172,CD278,TRIM232,CD207,,,,CBFA147,,CYCS156,PDP90,,,,,,,CD316,,,,,,,,,,,,,,,,,,,,,,,CD300o,,,,,,CD280,PYDC189,,,,CD361,,,,,,,,,,,,TRIM194,,CD223,NME119,,,,,,,LRP96,,,CD316,,,
,,,,,CD300k,,LRP191,TRIM148,,,CD255,,,,,SP93,,,,CD173,CD279,TRIM233,CD208,,,,,,CYCS157,PDP91,,,,,,,CD317,,,,,,,,,,,,,,,,,,,,,,,CD300p,,,,,,CD281,PYDC190,,,,CD362,,,,,,,,,,,,TRIM195,,CD224,NME120,,,,,,,LRP97,,,CD317,,,
,,,,,CD300l,,LRP192,TRIM149,,,CD256,,,,,SP94,,,,CD174,CD280,TRIM234,CD209,,,,,,CYCS158,PDP92,,,,,,,CD318,,,,,,,,,,,,,,,,,,,,,,,CD300q,,,,,,CD282,PYDC191,,,,CD363,,,,,,,,,,,,TRIM196,,CD225,NME121,,,,,,,LRP98,,,CD318,,,
,,,,,CD300m,,LRP193,TRIM150,,,CD257,,,,,SP95,,,,CD175,CD281,TRIM235,CD210,,,,,,CYCS159,PDP93,,,,,,,CD319,,,,,,,,,,,,,,,,,,,,,,,CD300r,,,,,,CD283,PYDC192,,,,CD364,,,,,,,,,,,,TRIM197,,CD226,NME122,,,,,,,LRP99,,,CD319,,,
,,,,,CD300n,,LRP194,TRIM151,,,CD258,,,,,SP96,,,,CD176,CD282,TRIM236,CD211,,,,,,CYCS160,PDP94,,,,,,,CD320,,,,,,,,,,,,,,,,,,,,,,,CD300s,,,,,,CD284,PYDC193,,,,CD365,,,,,,,,,,,,TRIM198,,CD227,NME123,,,,,,,LRP100,,,CD320,,,
,,,,,CD300o,,LRP195,TRIM152,,,CD259,,,,,SP97,,,,CD177,CD283,TRIM237,CD212,,,,,,CYCS161,PDP95,,,,,,,CD321,,,,,,,,,,,,,,,,,,,,,,,CD300t,,,,,,CD285,PYDC194,,,,CD366,,,,,,,,,,,,TRIM199,,CD228,NME124,,,,,,,LRP101,,,CD321,,,
,,,,,CD300p,,LRP196,TRIM153,,,CD260,,,,,SP98,,,,CD178,CD284,TRIM238,CD213a1,,,,,,CYCS162,PDP96,,,,,,,CD322,,,,,,,,,,,,,,,,,,,,,,,CD300u,,,,,,CD286,PYDC195,,,,CD367,,,,,,,,,,,,TRIM200,,CD229,NME125,,,,,,,LRP102,,,CD322,,,
,,,,,CD300q,,LRP197,TRIM154,,,CD261,,,,,SP99,,,,CD179,CD285,TRIM239,CD213a2,,,,,,CYCS163,PDP97,,,,,,,CD323,,,,,,,,,,,,,,,,,,,,,,,CD300v,,,,,,CD287,PYDC196,,,,CD368,,,,,,,,,,,,TRIM201,,CD230,NME126,,,,,,,LRP103,,,CD323,,,
,,,,,CD300r,,LRP198,TRIM155,,,CD262,,,,,SP100,,,,CD180,CD286,TRIM240,CD214,,,,,,CYCS164,PDP98,,,,,,,CD324,,,,,,,,,,,,,,,,,,,,,,,CD300w,,,,,,CD288,PYDC197,,,,CD369,,,,,,,,,,,,TRIM202,,CD231,NME127,,,,,,,LRP104,,,CD324,,,
,,,,,CD300s,,LRP199,TRIM156,,,CD263,,,,,SP101,,,,CD181,CD287,TRIM241,CD215,,,,,,CYCS165,PDP99,,,,,,,CD325,,,,,,,,,,,,,,,,,,,,,,,CD300x,,,,,,CD289,PYDC198,,,,CD370,,,,,,,,,,,,TRIM203,,CD232,NME128,,,,,,,LRP105,,,CD325,,,
,,,,,CD300t,,LRP200,TRIM157,,,CD264,,,,,SP102,,,,CD182,CD288,TRIM242,CD216,,,,,,CYCS166,PDP100,,,,,,,CD326,,,,,,,,,,,,,,,,,,,,,,,CD300y,,,,,,CD290,,,,,CD371,,,,,,,,,,,,TRIM204,,CD233,NME129,,,,,,,LRP106,,,CD326,,,
,,,,,CD300u,,,TRIM158,,,CD265,,,,,SP103,,,,CD183,CD289,TRIM243,CD217,,,,,,CYCS167,PDP101,,,,,,,CD327,,,,,,,,,,,,,,,,,,,,,,,CD300z,,,,,,CD291,,,,,CD372,,,,,,,,,,,,TRIM205,,CD234,NME130,,,,,,,LRP107,,,CD327,,,
,,,,,CD300v,,,TRIM159,,,CD266,,,,,SP104,,,,CD184,CD290,TRIM244,CD218a,,,,,,CYCS168,PDP102,,,,,,,CD328,,,,,,,,,,,,,,,,,,,,,,,CD301,,,,,,CD292,,,,,CD373,,,,,,,,,,,,TRIM206,,CD235A,NME131,,,,,,,LRP108,,,CD328,,,
,,,,,CD300w,,,TRIM160,,,CD267,,,,,SP105,,,,CD185,CD291,TRIM245,CD218b,,,,,,,PDP103,,,,,,,CD329,,,,,,,,,,,,,,,,,,,,,,,CD302,,,,,,CD293,,,,,CD374,,,,,,,,,,,,TRIM207,,CD235B,NME132,,,,,,,LRP109,,,CD329,,,
,,,,,CD300x,,,TRIM161,,,CD268,,,,,SP106,,,,CD186,CD292,TRIM246,CD219,,,,,,,PDP104,,,,,,,CD330,,,,,,,,,,,,,,,,,,,,,,,CD303,,,,,,CD294,,,,,CD375,,,,,,,,,,,,TRIM208,,CD236,NME133,,,,,,,LRP110,,,CD330,,,
,,,,,CD300y,,,TRIM162,,,CD269,,,,,SP107,,,,CD187,CD293,TRIM247,CD220,,,,,,,PDP105,,,,,,,CD331,,,,,,,,,,,,,,,,,,,,,,,CD304,,,,,,CD295,,,,,CD376,,,,,,,,,,,,TRIM209,,CD237,NME134,,,,,,,LRP111,,,CD331,,,
,,,,,CD300z,,,TRIM163,,,CD270,,,,,SP108,,,,CD188,CD294,TRIM248,CD221,,,,,,,PDP106,,,,,,,CD332,,,,,,,,,,,,,,,,,,,,,,,CD305,,,,,,CD296,,,,,CD377,,,,,,,,,,,,TRIM210,,CD238,NME135,,,,,,,LRP112,,,CD332,,,
,,,,,CD301,,,TRIM164,,,CD271,,,,,SP109,,,,CD189,CD295,TRIM249,CD222,,,,,,,,,,,,,,CD333,,,,,,,,,,,,,,,,,,,,,,,CD306,,,,,,CD297,,,,,CD378,,,,,,,,,,,,TRIM211,,CD239,NME136,,,,,,,LRP113,,,CD333,,,
,,,,,CD302,,,TRIM165,,,CD272,,,,,SP110,,,,CD190,CD296,TRIM250,CD223,,,,,,,,,,,,,,CD334,,,,,,,,,,,,,,,,,,,,,,,CD307a,,,,,,CD298,,,,,CD379,,,,,,,,,,,,TRIM212,,CD240D,NME137,,,,,,,LRP114,,,CD334,,,
,,,,,CD303,,,TRIM166,,,CD273,,,,,SP111,,,,CD191,CD297,TRIM251,CD224,,,,,,,,,,,,,,CD335,,,,,,,,,,,,,,,,,,,,,,,CD307b,,,,,,CD299,,,,,CD380,,,,,,,,,,,,TRIM213,,CD240CE,NME138,,,,,,,LRP115,,,CD335,,,
,,,,,CD304,,,TRIM167,,,CD274,,,,,SP112,,,,CD192,CD298,,CD225,,,,,,,,,,,,,,CD336,,,,,,,,,,,,,,,,,,,,,,,CD307c,,,,,,CD300,,,,,CD381,,,,,,,,,,,,TRIM214,,CD241,NME139,,,,,,,LRP116,,,CD336,,,
,,,,,CD305,,,TRIM168,,,CD275,,,,,SP113,,,,CD193,CD299,,CD226,,,,,,,,,,,,,,CD337,,,,,,,,,,,,,,,,,,,,,,,CD307d,,,,,,CD301,,,,,CD382,,,,,,,,,,,,TRIM215,,CD242,NME140,,,,,,,LRP117,,,CD337,,,
,,,,,CD306,,,TRIM169,,,CD276,,,,,SP114,,,,CD194,CD300,,CD227,,,,,,,,,,,,,,CD338,,,,,,,,,,,,,,,,,,,,,,,CD307e,,,,,,CD302,,,,,CD383,,,,,,,,,,,,TRIM216,,CD243,NME141,,,,,,,LR,,,CD338,,,
,,,,,CD307,,,TRIM170,,,CD277,,,,,SP115,,,,CD195,CD301,,CD228,,,,,,,,,,,,,,CD339,,,,,,,,,,,,,,,,,,,,,,,CD307f,,,,,,CD303,,,,,CD384,,,,,,,,,,,,TRIM217,,CD244,NME142,,,,,,,,,,CD339,,,
,,,,,CD308,,,TR,,,CD278,,,,,SP116,,,,CD196,CD302,,CD229,,,,,,,,,,,,,,CD340,,,,,,,,,,,,,,,,,,,,,,,CD307g,,,,,,CD304,,,,,CD385,,,,,,,,,,,,TRIM218,,CD245,NME143,,,,,,,,,,CD340,,,
,,,,,CD309,,,,,,CD279,,,,,SP117,,,,CD197,CD303,,CD230,,,,,,,,,,,,,,CD341,,,,,,,,,,,,,,,,,,,,,,,CD307h,,,,,,CD305,,,,,CD386,,,,,,,,,,,,TRIM219,,CD246,NME144,,,,,,,,,,CD341,,,
,,,,,CD310,,,,,,CD280,,,,,SP118,,,,CD198,CD304,,CD231,,,,,,,,,,,,,,CD342,,,,,,,,,,,,,,,,,,,,,,,CD307i,,,,,,CD306,,,,,CD387,,,,,,,,,,,,,,CD247,NME145,,,,,,,,,,CD342,,,
,,,,,CD311,,,,,,CD281,,,,,SP119,,,,CD199,CD305,,CD232,,,,,,,,,,,,,,CD343,,,,,,,,,,,,,,,,,,,,,,,CD307j,,,,,,CD307,,,,,CD388,,,,,,,,,,,,,,CD248,NME146,,,,,,,,,,CD343,,,
,,,,,CD312,,,,,,CD282,,,,,SP120,,,,CD200,CD306,,CD233,,,,,,,,,,,,,,CD344,,,,,,,,,,,,,,,,,,,,,,,CD307k,,,,,,CD308,,,,,CD389,,,,,,,,,,,,,,CD249,NME147,,,,,,,,,,CD344,,,
,,,,,CD313,,,,,,CD283,,,,,SP121,,,,CD201,CD307,,CD234,,,,,,,,,,,,,,CD345,,,,,,,,,,,,,,,,,,,,,,,CD307l,,,,,,CD309,,,,,CD390,,,,,,,,,,,,,,CD250,NME148,,,,,,,,,,CD345,,,
,,,,,CD314,,,,,,CD284,,,,,SP122,,,,CD202,CD308,,CD235a,,,,,,,,,,,,,,CD346,,,,,,,,,,,,,,,,,,,,,,,CD307m,,,,,,CD310,,,,,CD391,,,,,,,,,,,,,,CD251,NME149,,,,,,,,,,CD346,,,
,,,,,CD315,,,,,,CD285,,,,,SP123,,,,CD203,CD309,,CD235b,,,,,,,,,,,,,,CD347,,,,,,,,,,,,,,,,,,,,,,,CD307n,,,,,,CD311,,,,,CD392,,,,,,,,,,,,,,CD252,NME150,,,,,,,,,,CD347,,,
,,,,,CD316,,,,,,CD286,,,,,SP124,,,,CD204,CD310,,CD236,,,,,,,,,,,,,,CD348,,,,,,,,,,,,,,,,,,,,,,,CD307o,,,,,,CD312,,,,,CD393,,,,,,,,,,,,,,CD253,NME151,,,,,,,,,,CD348,,,
,,,,,CD317,,,,,,CD287,,,,,SP125,,,,CD205,CD311,,CD237,,,,,,,,,,,,,,CD349,,,,,,,,,,,,,,,,,,,,,,,CD307p,,,,,,CD313,,,,,CD394,,,,,,,,,,,,,,CD254,NME152,,,,,,,,,,CD349,,,
,,,,,CD318,,,,,,CD288,,,,,SP126,,,,CD206,CD312,,CD238,,,,,,,,,,,,,,CD350,,,,,,,,,,,,,,,,,,,,,,,CD307q,,,,,,CD314,,,,,CD395,,,,,,,,,,,,,,CD255,NME153,,,,,,,,,,CD350,,,
,,,,,CD319,,,,,,CD289,,,,,SP127,,,,CD207,CD313,,CD239,,,,,,,,,,,,,,CD351,,,,,,,,,,,,,,,,,,,,,,,CD307r,,,,,,CD315,,,,,CD396,,,,,,,,,,,,,,CD256,NME154,,,,,,,,,,CD351,,,
,,,,,CD320,,,,,,CD290,,,,,SP128,,,,CD208,CD314,,CD240,,,,,,,,,,,,,,CD352,,,,,,,,,,,,,,,,,,,,,,,CD307s,,,,,,CD316,,,,,CD397,,,,,,,,,,,,,,CD257,NME155,,,,,,,,,,CD352,,,
,,,,,CD321,,,,,,CD291,,,,,SP129,,,,CD209,CD315,,CD241,,,,,,,,,,,,,,CD353,,,,,,,,,,,,,,,,,,,,,,,CD307t,,,,,,CD317,,,,,CD398,,,,,,,,,,,,,,CD258,NME156,,,,,,,,,,CD353,,,
,,,,,CD322,,,,,,CD292,,,,,SP130,,,,CD210,CD316,,CD242,,,,,,,,,,,,,,CD354,,,,,,,,,,,,,,,,,,,,,,,CD307u,,,,,,CD318,,,,,CD399,,,,,,,,,,,,,,CD259,,,,,,,,,,,CD354,,,
,,,,,CD323,,,,,,CD293,,,,,SP131,,,,CD211,CD317,,CD243,,,,,,,,,,,,,,CD355,,,,,,,,,,,,,,,,,,,,,,,CD307v,,,,,,CD319,,,,,CD400,,,,,,,,,,,,,,CD260,,,,,,,,,,,CD355,,,
,,,,,CD324,,,,,,CD294,,,,,SP132,,,,CD212,CD318,,CD244,,,,,,,,,,,,,,CD356,,,,,,,,,,,,,,,,,,,,,,,CD307w,,,,,,CD320,,,,,CD401,,,,,,,,,,,,,,CD261,,,,,,,,,,,CD356,,,
,,,,,CD325,,,,,,CD295,,,,,SP133,,,,CD213,CD319,,CD245,,,,,,,,,,,,,,CD357,,,,,,,,,,,,,,,,,,,,,,,CD307x,,,,,,CD321,,,,,CD402,,,,,,,,,,,,,,CD262,,,,,,,,,,,CD357,,,
,,,,,CD326,,,,,,CD296,,,,,SP134,,,,CD214,CD320,,CD246,,,,,,,,,,,,,,CD358,,,,,,,,,,,,,,,,,,,,,,,CD307y,,,,,,CD322,,,,,CD403,,,,,,,,,,,,,,CD263,,,,,,,,,,,CD358,,,
,,,,,CD327,,,,,,CD297,,,,,SP135,,,,CD215,CD321,,CD247,,,,,,,,,,,,,,CD359,,,,,,,,,,,,,,,,,,,,,,,CD307z,,,,,,CD323,,,,,CD404,,,,,,,,,,,,,,CD264,,,,,,,,,,,CD359,,,
,,,,,CD328,,,,,,CD298,,,,,SP136,,,,CD216,CD322,,CD248,,,,,,,,,,,,,,CD360,,,,,,,,,,,,,,,,,,,,,,,CD308,,,,,,CD324,,,,,CD405,,,,,,,,,,,,,,,,,,,,,,,,,CD360,,,
,,,,,CD329,,,,,,CD299,,,,,SP137,,,,CD217,CD323,,CD249,,,,,,,,,,,,,,CD361,,,,,,,,,,,,,,,,,,,,,,,CD309,,,,,,CD325,,,,,CD406,,,,,,,,,,,,,,,,,,,,,,,,,CD361,,,
,,,,,CD330,,,,,,CD300A,,,,,,,,,CD218,CD324,,CD250,,,,,,,,,,,,,,CD362,,,,,,,,,,,,,,,,,,,,,,,CD310,,,,,,CD326,,,,,CD407,,,,,,,,,,,,,,,,,,,,,,,,,CD362,,,
,,,,,CD331,,,,,,CD300C,,,,,,,,,CD219,CD325,,CD251,,,,,,,,,,,,,,CD363,,,,,,,,,,,,,,,,,,,,,,,CD311,,,,,,CD327,,,,,CD408,,,,,,,,,,,,,,,,,,,,,,,,,CD363,,,
,,,,,CD332,,,,,,CD300E,,,,,,,,,CD220,CD326,,CD252,,,,,,,,,,,,,,CD364,,,,,,,,,,,,,,,,,,,,,,,CD312,,,,,,CD328,,,,,CD409,,,,,,,,,,,,,,,,,,,,,,,,,CD364,,,
,,,,,CD333,,,,,,CD300LF,,,,,,,,,CD221,CD327,,CD253,,,,,,,,,,,,,,CD365,,,,,,,,,,,,,,,,,,,,,,,CD313,,,,,,CD329,,,,,CD410,,,,,,,,,,,,,,,,,,,,,,,,,CD365,,,
,,,,,CD334,,,,,,CD300LD,,,,,,,,,CD222,CD328,,CD254,,,,,,,,,,,,,,CD366,,,,,,,,,,,,,,,,,,,,,,,CD314,,,,,,CD330,,,,,CD411,,,,,,,,,,,,,,,,,,,,,,,,,CD366,,,
,,,,,CD335,,,,,,CD301,,,,,,,,,CD223,CD329,,CD255,,,,,,,,,,,,,,CD367,,,,,,,,,,,,,,,,,,,,,,,CD315,,,,,,CD331,,,,,CD412,,,,,,,,,,,,,,,,,,,,,,,,,CD367,,,
,,,,,CD336,,,,,,CD302,,,,,,,,,CD224,CD330,,CD256,,,,,,,,,,,,,,CD368,,,,,,,,,,,,,,,,,,,,,,,CD316,,,,,,CD332,,,,,CD413,,,,,,,,,,,,,,,,,,,,,,,,,CD368,,,
,,,,,CD337,,,,,,CD303,,,,,,,,,CD225,CD331,,CD257,,,,,,,,,,,,,,CD369,,,,,,,,,,,,,,,,,,,,,,,CD317,,,,,,CD333,,,,,CD414,,,,,,,,,,,,,,,,,,,,,,,,,CD369,,,
,,,,,CD338,,,,,,CD304,,,,,,,,,CD226,CD332,,CD258,,,,,,,,,,,,,,CD370,,,,,,,,,,,,,,,,,,,,,,,CD318,,,,,,CD334,,,,,CD415,,,,,,,,,,,,,,,,,,,,,,,,,CD370,,,
,,,,,CD339,,,,,,CD305,,,,,,,,,CD227,CD333,,CD,,,,,,,,,,,,,,CD371,,,,,,,,,,,,,,,,,,,,,,,CD319,,,,,,CD335,,,,,CD416,,,,,,,,,,,,,,,,,,,,,,,,,CD371,,,
,,,,,CD340,,,,,,CD306,,,,,,,,,CD228,CD334,,,,,,,,,,,,,,,,CD372,,,,,,,,,,,,,,,,,,,,,,,CD320,,,,,,CD336,,,,,CD417,,,,,,,,,,,,,,,,,,,,,,,,,CD372,,,
,,,,,CD341,,,,,,CD307A,,,,,,,,,CD229,CD335,,,,,,,,,,,,,,,,CD373,,,,,,,,,,,,,,,,,,,,,,,CD321,,,,,,CD337,,,,,CD418,,,,,,,,,,,,,,,,,,,,,,,,,CD373,,,
,,,,,CD342,,,,,,CD307B,,,,,,,,,CD230,CD336,,,,,,,,,,,,,,,,CD374,,,,,,,,,,,,,,,,,,,,,,,CD322,,,,,,CD338,,,,,CD419,,,,,,,,,,,,,,,,,,,,,,,,,CD374,,,
,,,,,CD343,,,,,,CD307C,,,,,,,,,CD231,CD337,,,,,,,,,,,,,,,,CD375,,,,,,,,,,,,,,,,,,,,,,,CD323,,,,,,CD339,,,,,CD420,,,,,,,,,,,,,,,,,,,,,,,,,CD375,,,
,,,,,CD344,,,,,,CD307D,,,,,,,,,CD232,CD338,,,,,,,,,,,,,,,,CD376,,,,,,,,,,,,,,,,,,,,,,,CD324,,,,,,CD340,,,,,CD421,,,,,,,,,,,,,,,,,,,,,,,,,CD376,,,
,,,,,CD345,,,,,,CD307E,,,,,,,,,CD233,CD339,,,,,,,,,,,,,,,,CD377,,,,,,,,,,,,,,,,,,,,,,,CD325,,,,,,CD341,,,,,CD422,,,,,,,,,,,,,,,,,,,,,,,,,CD377,,,
,,,,,CD346,,,,,,CD307F,,,,,,,,,CD234,CD340,,,,,,,,,,,,,,,,CD378,,,,,,,,,,,,,,,,,,,,,,,CD326,,,,,,CD342,,,,,CD423,,,,,,,,,,,,,,,,,,,,,,,,,CD378,,,
,,,,,CD347,,,,,,CD308,,,,,,,,,CD235,CD341,,,,,,,,,,,,,,,,CD379,,,,,,,,,,,,,,,,,,,,,,,CD327,,,,,,CD343,,,,,CD424,,,,,,,,,,,,,,,,,,,,,,,,,CD379,,,
,,,,,CD348,,,,,,CD309,,,,,,,,,CD236,CD342,,,,,,,,,,,,,,,,CD380,,,,,,,,,,,,,,,,,,,,,,,CD328,,,,,,CD344,,,,,CD425,,,,,,,,,,,,,,,,,,,,,,,,,CD380,,,
,,,,,CD349,,,,,,CD310,,,,,,,,,CD237,CD343,,,,,,,,,,,,,,,,CD381,,,,,,,,,,,,,,,,,,,,,,,CD329,,,,,,CD345,,,,,CD426,,,,,,,,,,,,,,,,,,,,,,,,,CD381,,,
,,,,,CD350,,,,,,CD311,,,,,,,,,CD238,CD344,,,,,,,,,,,,,,,,CD382,,,,,,,,,,,,,,,,,,,,,,,CD330,,,,,,CD346,,,,,CD427,,,,,,,,,,,,,,,,,,,,,,,,,CD382,,,
,,,,,CD351,,,,,,CD312,,,,,,,,,CD239,CD345,,,,,,,,,,,,,,,,CD383,,,,,,,,,,,,,,,,,,,,,,,CD331,,,,,,CD347,,,,,CD428,,,,,,,,,,,,,,,,,,,,,,,,,CD383,,,
,,,,,CD352,,,,,,CD313,,,,,,,,,CD240,CD346,,,,,,,,,,,,,,,,CD384,,,,,,,,,,,,,,,,,,,,,,,CD332,,,,,,CD348,,,,,CD429,,,,,,,,,,,,,,,,,,,,,,,,,CD384,,,
,,,,,CD353,,,,,,CD314,,,,,,,,,CD241,CD347,,,,,,,,,,,,,,,,CD385,,,,,,,,,,,,,,,,,,,,,,,CD333,,,,,,CD349,,,,,CD430,,,,,,,,,,,,,,,,,,,,,,,,,CD385,,,
,,,,,CD354,,,,,,CD315,,,,,,,,,CD242,CD348,,,,,,,,,,,,,,,,CD386,,,,,,,,,,,,,,,,,,,,,,,CD334,,,,,,CD350,,,,,CD431,,,,,,,,,,,,,,,,,,,,,,,,,CD386,,,
,,,,,CD355,,,,,,CD316,,,,,,,,,CD243,CD349,,,,,,,,,,,,,,,,CD387,,,,,,,,,,,,,,,,,,,,,,,CD335,,,,,,CD351,,,,,CD432,,,,,,,,,,,,,,,,,,,,,,,,,CD387,,,
,,,,,CD356,,,,,,CD317,,,,,,,,,CD244,CD350,,,,,,,,,,,,,,,,CD388,,,,,,,,,,,,,,,,,,,,,,,CD336,,,,,,CD352,,,,,CD433,,,,,,,,,,,,,,,,,,,,,,,,,CD388,,,
,,,,,CD357,,,,,,CD318,,,,,,,,,CD245,CD351,,,,,,,,,,,,,,,,CD389,,,,,,,,,,,,,,,,,,,,,,,CD337,,,,,,CD353,,,,,CD434,,,,,,,,,,,,,,,,,,,,,,,,,CD389,,,
,,,,,CD358,,,,,,CD319,,,,,,,,,CD246,CD352,,,,,,,,,,,,,,,,CD390,,,,,,,,,,,,,,,,,,,,,,,CD338,,,,,,CD354,,,,,CD435,,,,,,,,,,,,,,,,,,,,,,,,,CD390,,,
,,,,,CD359,,,,,,CD320,,,,,,,,,CD247,CD353,,,,,,,,,,,,,,,,CD391,,,,,,,,,,,,,,,,,,,,,,,CD339,,,,,,CD355,,,,,CD436,,,,,,,,,,,,,,,,,,,,,,,,,CD391,,,
,,,,,CD360,,,,,,CD321,,,,,,,,,CD248,CD354,,,,,,,,,,,,,,,,CD392,,,,,,,,,,,,,,,,,,,,,,,CD340,,,,,,CD356,,,,,CD437,,,,,,,,,,,,,,,,,,,,,,,,,CD392,,,
,,,,,CD361,,,,,,CD322,,,,,,,,,CD249,CD355,,,,,,,,,,,,,,,,CD393,,,,,,,,,,,,,,,,,,,,,,,CD341,,,,,,CD357,,,,,CD438,,,,,,,,,,,,,,,,,,,,,,,,,CD393,,,
,,,,,CD362,,,,,,CD323,,,,,,,,,CD250,CD356,,,,,,,,,,,,,,,,CD394,,,,,,,,,,,,,,,,,,,,,,,CD342,,,,,,CD358,,,,,CD439,,,,,,,,,,,,,,,,,,,,,,,,,CD394,,,
,,,,,CD363,,,,,,CD324,,,,,,,,,CD251,CD357,,,,,,,,,,,,,,,,CD395,,,,,,,,,,,,,,,,,,,,,,,CD343,,,,,,CD359,,,,,CD440,,,,,,,,,,,,,,,,,,,,,,,,,CD395,,,
,,,,,CD364,,,,,,CD325,,,,,,,,,CD252,CD358,,,,,,,,,,,,,,,,CD396,,,,,,,,,,,,,,,,,,,,,,,CD344,,,,,,CD360,,,,,CD441,,,,,,,,,,,,,,,,,,,,,,,,,CD396,,,
,,,,,CD365,,,,,,CD326,,,,,,,,,CD253,CD359,,,,,,,,,,,,,,,,CD397,,,,,,,,,,,,,,,,,,,,,,,CD345,,,,,,CD361,,,,,CD442,,,,,,,,,,,,,,,,,,,,,,,,,CD397,,,
,,,,,CD366,,,,,,,,,,,,,,,CD254,CD360,,,,,,,,,,,,,,,,CD398,,,,,,,,,,,,,,,,,,,,,,,CD346,,,,,,CD362,,,,,CD443,,,,,,,,,,,,,,,,,,,,,,,,,CD398,,,
,,,,,CD367,,,,,,,,,,,,,,,CD255,CD361,,,,,,,,,,,,,,,,CD399,,,,,,,,,,,,,,,,,,,,,,,CD347,,,,,,CD363,,,,,CD444,,,,,,,,,,,,,,,,,,,,,,,,,CD399,,,
,,,,,CD368,,,,,,,,,,,,,,,CD256,CD362,,,,,,,,,,,,,,,,CD400,,,,,,,,,,,,,,,,,,,,,,,CD348,,,,,,CD364,,,,,CD445,,,,,,,,,,,,,,,,,,,,,,,,,CD400,,,
,,,,,CD369,,,,,,,,,,,,,,,CD257,CD363,,,,,,,,,,,,,,,,CD401,,,,,,,,,,,,,,,,,,,,,,,CD349,,,,,,CD365,,,,,CD446,,,,,,,,,,,,,,,,,,,,,,,,,CD401,,,
,,,,,CD370,,,,,,,,,,,,,,,CD258,CD364,,,,,,,,,,,,,,,,CD402,,,,,,,,,,,,,,,,,,,,,,,,,,,,,CD366,,,,,CD447,,,,,,,,,,,,,,,,,,,,,,,,,CD402,,,
,,,,,CD371,,,,,,,,,,,,,,,CD259,CD365,,,,,,,,,,,,,,,,CD403,,,,,,,,,,,,,,,,,,,,,,,,,,,,,CD367,,,,,CD448,,,,,,,,,,,,,,,,,,,,,,,,,CD403,,,
,,,,,CD372,,,,,,,,,,,,,,,CD260,CD366,,,,,,,,,,,,,,,,CD404,,,,,,,,,,,,,,,,,,,,,,,,,,,,,CD368,,,,,CD449,,,,,,,,,,,,,,,,,,,,,,,,,CD404,,,
,,,,,CD373,,,,,,,,,,,,,,,CD261,CD367,,,,,,,,,,,,,,,,CD405,,,,,,,,,,,,,,,,,,,,,,,,,,,,,CD369,,,,,CD450,,,,,,,,,,,,,,,,,,,,,,,,,CD405,,,
,,,,,CD374,,,,,,,,,,,,,,,CD262,CD368,,,,,,,,,,,,,,,,CD406,,,,,,,,,,,,,,,,,,,,,,,,,,,,,CD370,,,,,CD451,,,,,,,,,,,,,,,,,,,,,,,,,CD406,,,
,,,,,CD375,,,,,,,,,,,,,,,CD263,CD369,,,,,,,,,,,,,,,,CD407,,,,,,,,,,,,,,,,,,,,,,,,,,,,,CD371,,,,,CD452,,,,,,,,,,,,,,,,,,,,,,,,,CD407,,,
,,,,,CD376,,,,,,,,,,,,,,,CD264,CD370,,,,,,,,,,,,,,,,CD408,,,,,,,,,,,,,,,,,,,,,,,,,,,,,CD372,,,,,CD453,,,,,,,,,,,,,,,,,,,,,,,,,CD408,,,
,,,,,CD377,,,,,,,,,,,,,,,CD265,CD371,,,,,,,,,,,,,,,,CD409,,,,,,,,,,,,,,,,,,,,,,,,,,,,,CD373,,,,,CD454,,,,,,,,,,,,,,,,,,,,,,,,,CD409,,,
,,,,,CD378,,,,,,,,,,,,,,,CD266,CD372,,,,,,,,,,,,,,,,CD410,,,,,,,,,,,,,,,,,,,,,,,,,,,,,CD374,,,,,CD455,,,,,,,,,,,,,,,,,,,,,,,,,CD410,,,
,,,,,,,,,,,,,,,,,,,,CD267,CD373,,,,,,,,,,,,,,,,CD411,,,,,,,,,,,,,,,,,,,,,,,,,,,,,CD375,,,,,CD456,,,,,,,,,,,,,,,,,,,,,,,,,CD411,,,
,,,,,,,,,,,,,,,,,,,,,CD374,,,,,,,,,,,,,,,,CD412,,,,,,,,,,,,,,,,,,,,,,,,,,,,,CD376,,,,,CD457,,,,,,,,,,,,,,,,,,,,,,,,,CD412,,,
,,,,,,,,,,,,,,,,,,,,,CD375,,,,,,,,,,,,,,,,CD413,,,,,,,,,,,,,,,,,,,,,,,,,,,,,CD377,,,,,CD458,,,,,,,,,,,,,,,,,,,,,,,,,CD413,,,
,,,,,,,,,,,,,,,,,,,,,CD376,,,,,,,,,,,,,,,,CD414,,,,,,,,,,,,,,,,,,,,,,,,,,,,,CD,,,,,CD459,,,,,,,,,,,,,,,,,,,,,,,,,CD414,,,
,,,,,,,,,,,,,,,,,,,,,CD377,,,,,,,,,,,,,,,,CD415,,,,,,,,,,,,,,,,,,,,,,,,,,,,,,,,,,CD460,,,,,,,,,,,,,,,,,,,,,,,,,CD415,,,
,,,,,,,,,,,,,,,,,,,,,CD378,,,,,,,,,,,,,,,,CD416,,,,,,,,,,,,,,,,,,,,,,,,,,,,,,,,,,CD461,,,,,,,,,,,,,,,,,,,,,,,,,CD416,,,
,,,,,,,,,,,,,,,,,,,,,CD379,,,,,,,,,,,,,,,,CD417,,,,,,,,,,,,,,,,,,,,,,,,,,,,,,,,,,CD462,,,,,,,,,,,,,,,,,,,,,,,,,CD417,,,
,,,,,,,,,,,,,,,,,,,,,CD380,,,,,,,,,,,,,,,,CD418,,,,,,,,,,,,,,,,,,,,,,,,,,,,,,,,,,CD463,,,,,,,,,,,,,,,,,,,,,,,,,CD418,,,
,,,,,,,,,,,,,,,,,,,,,CD,,,,,,,,,,,,,,,,CD419,,,,,,,,,,,,,,,,,,,,,,,,,,,,,,,,,,CD464,,,,,,,,,,,,,,,,,,,,,,,,,CD419,,,
,,,,,,,,,,,,,,,,,,,,,,,,,,,,,,,,,,,,,CD420,,,,,,,,,,,,,,,,,,,,,,,,,,,,,,,,,,CD465,,,,,,,,,,,,,,,,,,,,,,,,,CD420,,,
,,,,,,,,,,,,,,,,,,,,,,,,,,,,,,,,,,,,,CD421,,,,,,,,,,,,,,,,,,,,,,,,,,,,,,,,,,CD466,,,,,,,,,,,,,,,,,,,,,,,,,CD421,,,
,,,,,,,,,,,,,,,,,,,,,,,,,,,,,,,,,,,,,CD422,,,,,,,,,,,,,,,,,,,,,,,,,,,,,,,,,,CD467,,,,,,,,,,,,,,,,,,,,,,,,,CD422,,,
,,,,,,,,,,,,,,,,,,,,,,,,,,,,,,,,,,,,,CD423,,,,,,,,,,,,,,,,,,,,,,,,,,,,,,,,,,CD468,,,,,,,,,,,,,,,,,,,,,,,,,CD423,,,
,,,,,,,,,,,,,,,,,,,,,,,,,,,,,,,,,,,,,CD424,,,,,,,,,,,,,,,,,,,,,,,,,,,,,,,,,,CD469,,,,,,,,,,,,,,,,,,,,,,,,,CD424,,,
,,,,,,,,,,,,,,,,,,,,,,,,,,,,,,,,,,,,,CD425,,,,,,,,,,,,,,,,,,,,,,,,,,,,,,,,,,CD470,,,,,,,,,,,,,,,,,,,,,,,,,CD425,,,
,,,,,,,,,,,,,,,,,,,,,,,,,,,,,,,,,,,,,CD426,,,,,,,,,,,,,,,,,,,,,,,,,,,,,,,,,,CD471,,,,,,,,,,,,,,,,,,,,,,,,,CD426,,,
,,,,,,,,,,,,,,,,,,,,,,,,,,,,,,,,,,,,,CD427,,,,,,,,,,,,,,,,,,,,,,,,,,,,,,,,,,CD472,,,,,,,,,,,,,,,,,,,,,,,,,CD427,,,
,,,,,,,,,,,,,,,,,,,,,,,,,,,,,,,,,,,,,CD428,,,,,,,,,,,,,,,,,,,,,,,,,,,,,,,,,,CD473,,,,,,,,,,,,,,,,,,,,,,,,,CD428,,,
,,,,,,,,,,,,,,,,,,,,,,,,,,,,,,,,,,,,,CD429,,,,,,,,,,,,,,,,,,,,,,,,,,,,,,,,,,CD474,,,,,,,,,,,,,,,,,,,,,,,,,CD429,,,
,,,,,,,,,,,,,,,,,,,,,,,,,,,,,,,,,,,,,CD430,,,,,,,,,,,,,,,,,,,,,,,,,,,,,,,,,,CD475,,,,,,,,,,,,,,,,,,,,,,,,,CD430,,,
,,,,,,,,,,,,,,,,,,,,,,,,,,,,,,,,,,,,,CD431,,,,,,,,,,,,,,,,,,,,,,,,,,,,,,,,,,CD476,,,,,,,,,,,,,,,,,,,,,,,,,CD431,,,
,,,,,,,,,,,,,,,,,,,,,,,,,,,,,,,,,,,,,CD432,,,,,,,,,,,,,,,,,,,,,,,,,,,,,,,,,,CD477,,,,,,,,,,,,,,,,,,,,,,,,,CD432,,,
,,,,,,,,,,,,,,,,,,,,,,,,,,,,,,,,,,,,,CD433,,,,,,,,,,,,,,,,,,,,,,,,,,,,,,,,,,CD478,,,,,,,,,,,,,,,,,,,,,,,,,CD433,,,
,,,,,,,,,,,,,,,,,,,,,,,,,,,,,,,,,,,,,CD434,,,,,,,,,,,,,,,,,,,,,,,,,,,,,,,,,,CD479,,,,,,,,,,,,,,,,,,,,,,,,,CD434,,,
,,,,,,,,,,,,,,,,,,,,,,,,,,,,,,,,,,,,,CD435,,,,,,,,,,,,,,,,,,,,,,,,,,,,,,,,,,CD480,,,,,,,,,,,,,,,,,,,,,,,,,CD435,,,
,,,,,,,,,,,,,,,,,,,,,,,,,,,,,,,,,,,,,,,,,,,,,,,,,,,,,,,,,,,,,,,,,,,,,,,CD481,,,,,,,,,,,,,,,,,,,,,,,,,CD,,,